csv_row_number,reaction_key,physical_dataset_id,source_row_index,label_decision_id
2,ord_dataset-c5b00523487a4211a194160edf45e9ab:ord-0001ee90431c4a669dbd18c70cc8b3ce,ord_dataset-c5b00523487a4211a194160edf45e9ab,983,b39a6230c1905d33a561e7b8368a3daba5283266c7fa9669f3d2b7185b14c189
3,ord_dataset-c5b00523487a4211a194160edf45e9ab:ord-0024b543048745a680883d76775cf871,ord_dataset-c5b00523487a4211a194160edf45e9ab,1315,197adcb1e25e4846beefc82782b0690e3a4dab1f5856a1127a1d6c5b47d219ea
4,ord_dataset-c5b00523487a4211a194160edf45e9ab:ord-003b0cbf99134d44b33069e8792a9626,ord_dataset-c5b00523487a4211a194160edf45e9ab,1296,048e6d6020175b62f26efa89b4661d55d2e13a0f6799ed5b8429b2b8e376639a
5,ord_dataset-c5b00523487a4211a194160edf45e9ab:ord-005d973f50c84247a43f3f3b56646365,ord_dataset-c5b00523487a4211a194160edf45e9ab,295,f266a53f53288c0988fc4857d007eddc1ed9fc51ed8839c35efd3fd42b5dbdaa
6,ord_dataset-c5b00523487a4211a194160edf45e9ab:ord-00d067f352bd4879886de8edec234528,ord_dataset-c5b00523487a4211a194160edf45e9ab,575,86dc0950c33847698e420edd479b9c99948e40c6d70720672ca59f9f951875d8
7,ord_dataset-c5b00523487a4211a194160edf45e9ab:ord-017afcd61d154382be6c1e2d1e80bdef,ord_dataset-c5b00523487a4211a194160edf45e9ab,812,d3b6a70daf64c4fb701581c5827d41ad0ef029784a41f1fb7362fd9412f9c2a2
8,ord_dataset-c5b00523487a4211a194160edf45e9ab:ord-01b5251401674f55a7cbcdbc70b141a1,ord_dataset-c5b00523487a4211a194160edf45e9ab,316,1c50c894aa84ff88de6041ffa7904c84dedb9fd173f2a4ae71b92da0ee8568e0
9,ord_dataset-c5b00523487a4211a194160edf45e9ab:ord-01bc6cae6fad48788224123ac6d47b39,ord_dataset-c5b00523487a4211a194160edf45e9ab,268,e215ba4b3457409559b5870b0de3d091d1ffd2656809ce3d441d8971c894c7e7
10,ord_dataset-c5b00523487a4211a194160edf45e9ab:ord-020c63c3892340e9bafb4ce50bed04dc,ord_dataset-c5b00523487a4211a194160edf45e9ab,1214,be6e8a4c3fffa51d88b6d7cde8bcdcd8b1821274452b828df0b259466925be3a
11,ord_dataset-c5b00523487a4211a194160edf45e9ab:ord-0233d90f26174cd99d5d72170693957f,ord_dataset-c5b00523487a4211a194160edf45e9ab,1345,f2baf61681dc92bbb1430dd2931b59016f35f879226441d285879a00687757fb
12,ord_dataset-c5b00523487a4211a194160edf45e9ab:ord-0239c778b4c64e6b9bd0f419ae688cdd,ord_dataset-c5b00523487a4211a194160edf45e9ab,342,c9a5a9cf12c3b6868ab2b5f321f8c0241ee561d92659ed897003593b85f0ede8
13,ord_dataset-c5b00523487a4211a194160edf45e9ab:ord-023da350f18c4e9db8b6dd81726b0d66,ord_dataset-c5b00523487a4211a194160edf45e9ab,1279,fa7fb45dd28047e6a67b9a5f47bdc47fb7c1320f5a137040fcb164e358f30b35
14,ord_dataset-c5b00523487a4211a194160edf45e9ab:ord-0279b1a435744531afb85afe3f181a9d,ord_dataset-c5b00523487a4211a194160edf45e9ab,213,fae7e4c33b34cda1ea5d5463558690a4c0f2527c01be802bd3f4a856b3ed4981
15,ord_dataset-c5b00523487a4211a194160edf45e9ab:ord-02c4021a144b43279df88898690b2547,ord_dataset-c5b00523487a4211a194160edf45e9ab,469,b07cc371ff3d17ade653e0f54b9c04b4af1b941050b4329715bb9570bcd91acb
16,ord_dataset-c5b00523487a4211a194160edf45e9ab:ord-02cb74f21012448ca2b527f2db2d6408,ord_dataset-c5b00523487a4211a194160edf45e9ab,1216,e6b0d41aac445c5608d934158b8939de5044c532a2a866b2bb0562d2d4e03e8f
17,ord_dataset-c5b00523487a4211a194160edf45e9ab:ord-0331baed57924ab18f57492cc6ba702c,ord_dataset-c5b00523487a4211a194160edf45e9ab,497,9ff55e6c9596e6239f428dd267f19e311e21b32e1edab79c72a9505d11b45180
18,ord_dataset-c5b00523487a4211a194160edf45e9ab:ord-035273153d8649e2a89dee31d46f4a79,ord_dataset-c5b00523487a4211a194160edf45e9ab,12,883df138bd0435843ad3d1dc763b0420ade4ff052d597b845b366539571d8f1a
19,ord_dataset-c5b00523487a4211a194160edf45e9ab:ord-03626dd9874f46858cdc79d1077da315,ord_dataset-c5b00523487a4211a194160edf45e9ab,870,c0de6ad1c45eb0c20157c3f27862a04f1f19cf544b21a947273361841fe58ed9
20,ord_dataset-c5b00523487a4211a194160edf45e9ab:ord-03650b11a6c9401fa24f6b4a588664c8,ord_dataset-c5b00523487a4211a194160edf45e9ab,188,ed636e19952f727ae446035bfc1b5b136f8a27c1879d3dfaca704038b50553f0
21,ord_dataset-c5b00523487a4211a194160edf45e9ab:ord-037be827826f47c68def8bb1f9710e32,ord_dataset-c5b00523487a4211a194160edf45e9ab,1202,b99467076b6d881420ea662b1fd8979f9de9e83d3a136adf17688eff532440b4
22,ord_dataset-c5b00523487a4211a194160edf45e9ab:ord-037c75418c1943beb159b992ce57c37e,ord_dataset-c5b00523487a4211a194160edf45e9ab,205,5d445eb5ea307d6e90a2223463b3b3a6d6e98546e2c08c470493bbba4773818a
23,ord_dataset-c5b00523487a4211a194160edf45e9ab:ord-03898ef92e8443148b5856447da1cdc9,ord_dataset-c5b00523487a4211a194160edf45e9ab,1374,6bd1486b95b06220f1c9fb942958be68875f9648768dd1bc841b2d946a76bbe1
24,ord_dataset-c5b00523487a4211a194160edf45e9ab:ord-03990020fa144d769984783bd973fb13,ord_dataset-c5b00523487a4211a194160edf45e9ab,694,f26305719f73516b2bc811089279e1a0933d2c46e23a0cf883fb2c776e470d21
25,ord_dataset-c5b00523487a4211a194160edf45e9ab:ord-03f85e75d1804f9492f0896f6f33ddc5,ord_dataset-c5b00523487a4211a194160edf45e9ab,1324,0f36c9e5ba531e0154f93aeb371038910a35229f9b81f355a626a760562e600d
26,ord_dataset-c5b00523487a4211a194160edf45e9ab:ord-03fa75fbe65b46c18fe4dd06b4eac026,ord_dataset-c5b00523487a4211a194160edf45e9ab,858,f7d3a87f85d57dc33a900e2aab0d19688abb97276b6df36f88df5534715cc358
27,ord_dataset-c5b00523487a4211a194160edf45e9ab:ord-040acfd615f3491d840fc7b79f9098a8,ord_dataset-c5b00523487a4211a194160edf45e9ab,847,67065e4a918e41d7b2dff00f1976471f6184e81f48bc178098e5a85ab1a37111
28,ord_dataset-c5b00523487a4211a194160edf45e9ab:ord-04523b01bc9c421b9b2fe158df4f5227,ord_dataset-c5b00523487a4211a194160edf45e9ab,1150,f17751e649e455338cd110113b5d9cc487836a0cf4c91ab2e824093b050b64b8
29,ord_dataset-c5b00523487a4211a194160edf45e9ab:ord-046b0580085044b390134ad33821eb57,ord_dataset-c5b00523487a4211a194160edf45e9ab,889,53045c797ac3ae35499cc8eb7fb7957d1aae3a78dc307fcf1ca3b07aedffb60d
30,ord_dataset-c5b00523487a4211a194160edf45e9ab:ord-04bb541502184ffe9df8cd9e4bffae0d,ord_dataset-c5b00523487a4211a194160edf45e9ab,113,4a65b5ac4ec4bd0dedef324160e78645d06b1cd2bad0877063ca4f296b8b2921
31,ord_dataset-c5b00523487a4211a194160edf45e9ab:ord-04e0e80e80754cb59b78521f14f6e2a0,ord_dataset-c5b00523487a4211a194160edf45e9ab,1013,7fa8aeea3aaf7157a95a8c8a432c0b23c2a1c735f6b6694bb66ef0a9d9db3247
32,ord_dataset-c5b00523487a4211a194160edf45e9ab:ord-05206a99d3874487aa5e5150e6d61422,ord_dataset-c5b00523487a4211a194160edf45e9ab,1325,6351deb4efd04deecebac17ee0bd61c0008bdd19cfb1a9194326273ef079145f
33,ord_dataset-c5b00523487a4211a194160edf45e9ab:ord-05263965a1ef4e6199377b0372579190,ord_dataset-c5b00523487a4211a194160edf45e9ab,672,df304f5fedf344731b607d8aa6776854b8a39a8720d9a0f2ae934f3e503749d0
34,ord_dataset-c5b00523487a4211a194160edf45e9ab:ord-055903179a3348ee93beb041b64ae605,ord_dataset-c5b00523487a4211a194160edf45e9ab,44,45e567c0cc3a2bc21289df9b05a73a343e681608eb317a6fea1af796fc3046a8
35,ord_dataset-c5b00523487a4211a194160edf45e9ab:ord-0575f76b0c884e77b185ab2546b2ba25,ord_dataset-c5b00523487a4211a194160edf45e9ab,1045,77feb5d01a8c26f4d8c9ed2776cd4147203085222b173ba9f09e94665b658014
36,ord_dataset-c5b00523487a4211a194160edf45e9ab:ord-05d74cd0b9404e008703ebc22a6ff934,ord_dataset-c5b00523487a4211a194160edf45e9ab,746,ae9d0cebc98c8b77c59209eb2e79f5cd9d82912b60c309132b9aed4328c52514
37,ord_dataset-c5b00523487a4211a194160edf45e9ab:ord-05dbce44d7f34d96870e032b2dc8d380,ord_dataset-c5b00523487a4211a194160edf45e9ab,123,43737e54696b286417b9d14c3e4a8eb06969b5b8a84a7abda46743e429181bbf
38,ord_dataset-c5b00523487a4211a194160edf45e9ab:ord-05eac0283fdf4c55ba08ecb91d3d0ba9,ord_dataset-c5b00523487a4211a194160edf45e9ab,36,f2ad895656cb4f59c047ccedd7b799ebb2184d94d6ae3df38116610f1f7d0dea
39,ord_dataset-c5b00523487a4211a194160edf45e9ab:ord-0622297bd64643b39e7dc0608947e5fc,ord_dataset-c5b00523487a4211a194160edf45e9ab,1342,3c1cd7983f36322551efe3bf97997436301374185ee33dc048482838a690f4cd
40,ord_dataset-c5b00523487a4211a194160edf45e9ab:ord-0636a93cdc6e49faa3598ffd465b316f,ord_dataset-c5b00523487a4211a194160edf45e9ab,460,737685d6562c472a5ade28e8723d72d1b5fa7daf1512b7681eed91c9dda1ab60
41,ord_dataset-c5b00523487a4211a194160edf45e9ab:ord-065e2d05b2134969911d1995add5cd04,ord_dataset-c5b00523487a4211a194160edf45e9ab,381,a1fe5b662b1fa9b0671f81fbad5110604e63c5bc249a3d605a3590e90fd6e174
42,ord_dataset-c5b00523487a4211a194160edf45e9ab:ord-068c6a8d603b473cb14126c1eeef3e66,ord_dataset-c5b00523487a4211a194160edf45e9ab,348,cf1be544d1ea18aa928b2893827395ef1ece1bacafe4d1337e9d53d3c2f1db03
43,ord_dataset-c5b00523487a4211a194160edf45e9ab:ord-0697c56f8f4240908a24175bebd26616,ord_dataset-c5b00523487a4211a194160edf45e9ab,1149,028481b84855f459c7ec43f8bc4eab0bacb5d848f965377bc88d34028a6c16ca
44,ord_dataset-c5b00523487a4211a194160edf45e9ab:ord-06ad38a315634d66b0219ba6ff6d827d,ord_dataset-c5b00523487a4211a194160edf45e9ab,1085,f5f4bdaca161c16f483f99bd14ed50e8f38b24047eae010e25695560093168ea
45,ord_dataset-c5b00523487a4211a194160edf45e9ab:ord-06c97be71ad24c0b97a32b98e56b27d4,ord_dataset-c5b00523487a4211a194160edf45e9ab,744,89b0e841c2ad3053e1124bfa6d32a9977f00d0723f3d11977196a735bf926741
46,ord_dataset-c5b00523487a4211a194160edf45e9ab:ord-076895b79f624976b0fa05b0a12da902,ord_dataset-c5b00523487a4211a194160edf45e9ab,1009,87f410030e0aede6c20ea5b326246f94f986218cd786466e165e8a12f4c8fccd
47,ord_dataset-c5b00523487a4211a194160edf45e9ab:ord-07797c0314f64109a459fad9ae2dd737,ord_dataset-c5b00523487a4211a194160edf45e9ab,965,4a2b5778f61680d5731c3ecab26aefcd4d76545280ad8120762746cbee4fac25
48,ord_dataset-c5b00523487a4211a194160edf45e9ab:ord-0781e4fd42264c9c9b6d2db42d3fb30c,ord_dataset-c5b00523487a4211a194160edf45e9ab,1377,29ddefe0f78c4e048119dc991f29b8b87b7de10aff2f860e9ded72b737c2da9f
49,ord_dataset-c5b00523487a4211a194160edf45e9ab:ord-07aa11d1029d4882bbc70af99bdd007e,ord_dataset-c5b00523487a4211a194160edf45e9ab,930,9f70e6e6292a5289934183f3d9fcef70fbb4e89b2b7d820cb1c47cbcd72c01e6
50,ord_dataset-c5b00523487a4211a194160edf45e9ab:ord-07d8a8f30fcd4c289406779c01700ccc,ord_dataset-c5b00523487a4211a194160edf45e9ab,552,8e9a50c64cb3b7a6ba36fae7615eccd31f339560ee7367a7a80847b58aa4d3ab
51,ord_dataset-c5b00523487a4211a194160edf45e9ab:ord-07ff29e401004c5ba7fb5dafe0798ab0,ord_dataset-c5b00523487a4211a194160edf45e9ab,127,06dd5fdc4f1becc68c1eee7780a92d64016aafd841bfcc1abac4c35b31ffe54c
52,ord_dataset-c5b00523487a4211a194160edf45e9ab:ord-0803ec875eb94a42a82f3e3dd45ef43f,ord_dataset-c5b00523487a4211a194160edf45e9ab,1303,9b38dceb24eefb4c518b9b2770bdc2c15a6bb237671f5c7a28b6634dde19be56
53,ord_dataset-c5b00523487a4211a194160edf45e9ab:ord-080aacabbf2440298ae1eb22811be40f,ord_dataset-c5b00523487a4211a194160edf45e9ab,622,aaccaaa94d6b79437eb0a8c36d272455859e7c74b570b3a39d914dbe2ebb774e
54,ord_dataset-c5b00523487a4211a194160edf45e9ab:ord-082af5842c1244629d649fa912bff9ef,ord_dataset-c5b00523487a4211a194160edf45e9ab,893,08120f15e853bbd61c2d4a53f5721eb25f8318445320e4ff1c254db4a2b39f24
55,ord_dataset-c5b00523487a4211a194160edf45e9ab:ord-084640d70c544fd1a3328c6e58cb9bfd,ord_dataset-c5b00523487a4211a194160edf45e9ab,426,a9d900b16b65ac6fded67a9ef4ab883cc890fa1085e01fdd628a415f2331cd7e
56,ord_dataset-c5b00523487a4211a194160edf45e9ab:ord-084db776a6f74477a2f2bb9ec1edd55c,ord_dataset-c5b00523487a4211a194160edf45e9ab,16,36a015faf37a78bb5b56ba20618255e69428fa4a7e6425bf8a3b6d5fdfa49019
57,ord_dataset-c5b00523487a4211a194160edf45e9ab:ord-086ca5f96470455181c2d916629e213b,ord_dataset-c5b00523487a4211a194160edf45e9ab,1080,25e7e2bf4edcb38aa12fd0107337749867c6847859cf1b9270be6289f6629adb
58,ord_dataset-c5b00523487a4211a194160edf45e9ab:ord-086d158529d248b8b5a1fe3732d168e6,ord_dataset-c5b00523487a4211a194160edf45e9ab,833,1ae12289b27fe3dc28fc5e312fcec097c0cb2f95064683813a338e0f70179914
59,ord_dataset-c5b00523487a4211a194160edf45e9ab:ord-0880006bb07b49de835ef7e8fd0ae488,ord_dataset-c5b00523487a4211a194160edf45e9ab,536,8bfb6f611b35de7d18b86b718c5ea6efa07147dd127c7c4f22ab585a89566eaf
60,ord_dataset-c5b00523487a4211a194160edf45e9ab:ord-0914b76517334d1ab0d920b527635158,ord_dataset-c5b00523487a4211a194160edf45e9ab,717,3a3d4421ceb7374314c704074d209e6f4c639d7b8bcf7648fb7f76b67c09b662
61,ord_dataset-c5b00523487a4211a194160edf45e9ab:ord-0925bc1976b740e7af705dd54ea07a95,ord_dataset-c5b00523487a4211a194160edf45e9ab,1415,b86a23b1b3f21b5c1729b810d3a0784addc291488c9615a9fcf861a5f07f8c37
62,ord_dataset-c5b00523487a4211a194160edf45e9ab:ord-092bf6291df94025a5325661fe99726f,ord_dataset-c5b00523487a4211a194160edf45e9ab,990,23851e0e0ec13d3777d11cdfe7dc962347b60a7bb7821af2bf57a93d19d16890
63,ord_dataset-c5b00523487a4211a194160edf45e9ab:ord-093c2443affb433ab74885e7403e1deb,ord_dataset-c5b00523487a4211a194160edf45e9ab,1398,a6933f30500a724b574cfdbd097441e2b44494c465309176a9a19aa3be9ab95b
64,ord_dataset-c5b00523487a4211a194160edf45e9ab:ord-0999a400e8a34f9e9ad354a60629b1fb,ord_dataset-c5b00523487a4211a194160edf45e9ab,442,7f067ea56ea87eb52bd9841f8992857dc379101a42ad0d396cdaa1b791809b28
65,ord_dataset-c5b00523487a4211a194160edf45e9ab:ord-0a3c5952ab4243f982bd333d48ca2537,ord_dataset-c5b00523487a4211a194160edf45e9ab,196,daaf5497d90a8c131782be0a4c308fa53e9fe341cd8f4a8bb6e046df87014a36
66,ord_dataset-c5b00523487a4211a194160edf45e9ab:ord-0a554cbed6a743cf8c89ee68e8f30efc,ord_dataset-c5b00523487a4211a194160edf45e9ab,20,f6d760eedfc3c7e82fb8f5b3b5f89d86656e47f0b306e8ccbc5b2e0f329bc2a7
67,ord_dataset-c5b00523487a4211a194160edf45e9ab:ord-0a728d2b9102497fa9bd50110852c1e1,ord_dataset-c5b00523487a4211a194160edf45e9ab,512,5297697a9b507e0cfd827746c3cfaac0db252f7b1827aeb3e726321dd563acce
68,ord_dataset-c5b00523487a4211a194160edf45e9ab:ord-0ad22bea91314b57b2fda095e07dfb97,ord_dataset-c5b00523487a4211a194160edf45e9ab,883,255946acc9f2b274188da5995ceb0aeafc6dee4ee14d92ec455c626ebde95b0d
69,ord_dataset-c5b00523487a4211a194160edf45e9ab:ord-0b0545aafce84683aa47db688fde33ad,ord_dataset-c5b00523487a4211a194160edf45e9ab,114,c125f4210dcb38216770b32f8b5ed476306a6019acf8723eeaff66da95612dc9
70,ord_dataset-c5b00523487a4211a194160edf45e9ab:ord-0b0fb00ad21c40c9a7142abbca912a03,ord_dataset-c5b00523487a4211a194160edf45e9ab,542,46d474187371d6100ad95120f1065bf27f819503d8a141d27634525fe2595103
71,ord_dataset-c5b00523487a4211a194160edf45e9ab:ord-0b25a685f1e34d738aa49babfd650f85,ord_dataset-c5b00523487a4211a194160edf45e9ab,564,94bed269adca50df4d9157f5d7a43cdb8923608dbc397ed8a7b52c120a08750f
72,ord_dataset-c5b00523487a4211a194160edf45e9ab:ord-0b43aa091fed4b42b123c517c100e5a4,ord_dataset-c5b00523487a4211a194160edf45e9ab,1230,5fc2d9a11883100ba15fb55a15e7bc60d4589521f6c44e41b99570239cb2cf2e
73,ord_dataset-c5b00523487a4211a194160edf45e9ab:ord-0b9873e920de4368ae0518f60d8c13ed,ord_dataset-c5b00523487a4211a194160edf45e9ab,10,84f24eaa6d33999c7eb37ebc22b47b7e1a8ba4b22ffd7e4c116970ed68fc0c1b
74,ord_dataset-c5b00523487a4211a194160edf45e9ab:ord-0ba6470bbb6a45d2b3dda9cf9cd0bdd4,ord_dataset-c5b00523487a4211a194160edf45e9ab,1093,ceb6991cfead8bf9a22d39f77b8bdd0035eb804c77f013f0482f51371087e9f6
75,ord_dataset-c5b00523487a4211a194160edf45e9ab:ord-0bbb9b121f434c8ea230c05e32970c28,ord_dataset-c5b00523487a4211a194160edf45e9ab,732,366ea46d28523b9d4e04d5daee44b8f7b2fb8a8340d3aaafd52205cb7f00d98d
76,ord_dataset-c5b00523487a4211a194160edf45e9ab:ord-0c26863342174aee982d69f7e66c95a7,ord_dataset-c5b00523487a4211a194160edf45e9ab,382,c0575bef280f64e2ca4b064a6802020a6875812f36fa1243a1223b2f3474103e
77,ord_dataset-c5b00523487a4211a194160edf45e9ab:ord-0c5bbb43a94c4e069a21e722b7d61dbc,ord_dataset-c5b00523487a4211a194160edf45e9ab,1314,60a1ac011398293f16131498cbef411eeafb7a57c42c5f028ae57dc3643cbe14
78,ord_dataset-c5b00523487a4211a194160edf45e9ab:ord-0cf5861f2f7f41d2b86dabb34d28ccc7,ord_dataset-c5b00523487a4211a194160edf45e9ab,398,d1e4e15cd4566b94e734dd00ca1841d7d07e8d2978526e85041dcaf2534d4587
79,ord_dataset-c5b00523487a4211a194160edf45e9ab:ord-0d97f2ad333648288c13eff2446b5ed3,ord_dataset-c5b00523487a4211a194160edf45e9ab,1239,ac273326c1bed57c6719430038da3dcc9a7f97e9fc21313be30abb7961a3c9e9
80,ord_dataset-c5b00523487a4211a194160edf45e9ab:ord-0e02dc590c5446e1a0d59ff069fc2f58,ord_dataset-c5b00523487a4211a194160edf45e9ab,90,ef5ff82b6cc440517d94aa7f078874a33ecccc25cab9501ca8175317b88eac32
81,ord_dataset-c5b00523487a4211a194160edf45e9ab:ord-0e3fb852051c4dc09a4d11ca252a08a6,ord_dataset-c5b00523487a4211a194160edf45e9ab,777,09fcb38ec9879b9eb1ab959b3d840a0b195703715f5ec1dc8d76f768f5e194e8
82,ord_dataset-c5b00523487a4211a194160edf45e9ab:ord-0e401a032ccd4b8b8cc8b7ef7612ba54,ord_dataset-c5b00523487a4211a194160edf45e9ab,838,86b5c9f58ca21fca18b4e7113d53148a284f40a65c70263fbe6a014dfb27a5de
83,ord_dataset-c5b00523487a4211a194160edf45e9ab:ord-0e595a875dfb45988a68e92b9f52d219,ord_dataset-c5b00523487a4211a194160edf45e9ab,594,03b561233cfbd7949b11ed47c618ed01f1359a11dbc1c6ee9638d50e36fe4e80
84,ord_dataset-c5b00523487a4211a194160edf45e9ab:ord-0edfd7f160bd4c83804e255ad123798a,ord_dataset-c5b00523487a4211a194160edf45e9ab,844,e7f6687655651ef46ab350067e35b8837e3913f22df4ba03c168caa18e0871d8
85,ord_dataset-c5b00523487a4211a194160edf45e9ab:ord-0faae4191b1b43bc8132208ddd40d22f,ord_dataset-c5b00523487a4211a194160edf45e9ab,405,831632f5c951513512ebb3afdc4ceb91257a8fd4a9087ac3d3e23e887fde80c2
86,ord_dataset-c5b00523487a4211a194160edf45e9ab:ord-0fcb18fa953144828402d1578d06fc2f,ord_dataset-c5b00523487a4211a194160edf45e9ab,970,4d9dc0f62e037c09943c5eabf7ca1e605b1921ab33dc140013e03df442a3effb
87,ord_dataset-c5b00523487a4211a194160edf45e9ab:ord-101b991e0133455fb53a7e6061a9a36c,ord_dataset-c5b00523487a4211a194160edf45e9ab,771,b783bc534bee5bb09c2c0fd4e172a4f2bd71fb63da112b75aac51fae883800c8
88,ord_dataset-c5b00523487a4211a194160edf45e9ab:ord-10e18692b05a42e9af56ae1c781377b5,ord_dataset-c5b00523487a4211a194160edf45e9ab,1196,a8202ae1519e45ed47e7424fd7eb434acb9650b2ff54ab581d0f374804291f47
89,ord_dataset-c5b00523487a4211a194160edf45e9ab:ord-114af190710b469c852c6787c2186b7c,ord_dataset-c5b00523487a4211a194160edf45e9ab,807,9bd9ec525a98cea941850cbdaca2f79723a224b68d1e398474be7a383bc2d354
90,ord_dataset-c5b00523487a4211a194160edf45e9ab:ord-11dec47437474cadbf33b8989766bcf3,ord_dataset-c5b00523487a4211a194160edf45e9ab,379,802d397b1bbe55e2a96ebfb02bba6ddf19febc053a742b9bf4f8774ba2063a78
91,ord_dataset-c5b00523487a4211a194160edf45e9ab:ord-12cec08f483c49628203a9c668c5a97a,ord_dataset-c5b00523487a4211a194160edf45e9ab,824,43928c61e5a997b7e75ad16429f1166a83de838188cfc5a3b17153336de00090
92,ord_dataset-c5b00523487a4211a194160edf45e9ab:ord-12ea61ab6b5a4befb1150e3c17fa2918,ord_dataset-c5b00523487a4211a194160edf45e9ab,846,af9e9f5faf01f312f5c4a5c6edb290967f300d4d1a783e639a4e7b4ff325e061
93,ord_dataset-c5b00523487a4211a194160edf45e9ab:ord-12fc592c8e4940f7bd7e5ee6a82cb380,ord_dataset-c5b00523487a4211a194160edf45e9ab,651,c43671f78b1bc8295070a9387a432e2d902412a03b4ac021c7fefcb841883acf
94,ord_dataset-c5b00523487a4211a194160edf45e9ab:ord-131706e65e8048d3b8df6c6d5288d8af,ord_dataset-c5b00523487a4211a194160edf45e9ab,312,13674ea5860757d9995b91f12a7f4d2fd313b5228677166644c57f5d902b47cf
95,ord_dataset-c5b00523487a4211a194160edf45e9ab:ord-132bd6e48bf240c486fd5f84eb058d5a,ord_dataset-c5b00523487a4211a194160edf45e9ab,1299,4c285713d9089b7f7fd8aac6319b5a82ee981064cd5c71f8e967f067a7096ce5
96,ord_dataset-c5b00523487a4211a194160edf45e9ab:ord-13c3b73f0f804d5dad774a4d7f2a2ba0,ord_dataset-c5b00523487a4211a194160edf45e9ab,911,e62a9b958a9a9dbabf74f9aa0a2ea37a846be013565fd8642b7816947b2653f1
97,ord_dataset-c5b00523487a4211a194160edf45e9ab:ord-13cdb8ca11974d449e82b1fdefbba504,ord_dataset-c5b00523487a4211a194160edf45e9ab,1329,711aa9443195b7332584ec291e9fbd400588c369d0f27b91029f7b754232cc0d
98,ord_dataset-c5b00523487a4211a194160edf45e9ab:ord-14202f5b80e942cba59b9f794571ff0b,ord_dataset-c5b00523487a4211a194160edf45e9ab,385,262ec0073cfb1bb2d66e2d2fada3f2a7178733884df9d337de20ed1690270c69
99,ord_dataset-c5b00523487a4211a194160edf45e9ab:ord-144caf6197694335ad9adc64a4b91596,ord_dataset-c5b00523487a4211a194160edf45e9ab,459,335c3b9cc1a666254ad62499e1715d3c06d3084c41c677d63a8ded410180ebcd
100,ord_dataset-c5b00523487a4211a194160edf45e9ab:ord-145d50c866e843d599d04c70cad2de7f,ord_dataset-c5b00523487a4211a194160edf45e9ab,977,fb24a8a1fe830f7736acda2139ec4e00859fc052c2e5ba808a2b6b35d1f2120d
101,ord_dataset-c5b00523487a4211a194160edf45e9ab:ord-147b590e4847429886e83163533f0ee0,ord_dataset-c5b00523487a4211a194160edf45e9ab,1017,d7e780481c72c8f9d9b0656d76ad5b33c70f36c37b3b90bdd5c6e8ea00bbcd32
102,ord_dataset-c5b00523487a4211a194160edf45e9ab:ord-14e93e14b41943df8a0ab555b0142bc6,ord_dataset-c5b00523487a4211a194160edf45e9ab,72,2789ecc75eea05ce83da91b77acc231047a6ae80b79c906b0259d926ab71670c
103,ord_dataset-c5b00523487a4211a194160edf45e9ab:ord-157ab9a9e1c64e0c9696229ceb15eab8,ord_dataset-c5b00523487a4211a194160edf45e9ab,294,80e5a9a6812df601a9a28c2997ecf6bc1ea91338c27a96c5eb5a672f769e8558
104,ord_dataset-c5b00523487a4211a194160edf45e9ab:ord-15b1af35c157415ab4ce9951bec61322,ord_dataset-c5b00523487a4211a194160edf45e9ab,1268,087ff9be329176df9f563c007491a6ec5e953ed6475416a13294f509f70bb3f5
105,ord_dataset-c5b00523487a4211a194160edf45e9ab:ord-15c9b6746ec1408cb6fd3b4acc1336a4,ord_dataset-c5b00523487a4211a194160edf45e9ab,1123,f1df16469550b7609f62a3ce43c159bf7567c57f483d823a7a234baa217c3654
106,ord_dataset-c5b00523487a4211a194160edf45e9ab:ord-15fc571ec882409395a7f3599a7b7c81,ord_dataset-c5b00523487a4211a194160edf45e9ab,1213,aaf0e526b70ce3bd70b3697601c7ef8bdd5e7e878bd385e300e3799fddfebd55
107,ord_dataset-c5b00523487a4211a194160edf45e9ab:ord-162922db010744c2bd63c94d198cc24a,ord_dataset-c5b00523487a4211a194160edf45e9ab,364,d7af6ae9334e41ab60152b573a28a57de567d0f4b4ee938eb3530a7e88407d09
108,ord_dataset-c5b00523487a4211a194160edf45e9ab:ord-1630b0773f864eeeb84b24cec7cf916c,ord_dataset-c5b00523487a4211a194160edf45e9ab,1032,1df93b8581741084d60cfed7cc1c131b1a09bcfd568f7384ef6d4fa3f12fd1f3
109,ord_dataset-c5b00523487a4211a194160edf45e9ab:ord-163110e60cf54283924393955d82e123,ord_dataset-c5b00523487a4211a194160edf45e9ab,598,ff39ee5c134b72ec4723dd965783e27c2e4465b01daf993fa5b0c0db93f7b167
110,ord_dataset-c5b00523487a4211a194160edf45e9ab:ord-166d96a5491542fd8eb8e89e979ead59,ord_dataset-c5b00523487a4211a194160edf45e9ab,616,8028c6654b843dc21336e9970eccabe9ef5dfcdc633b84c0f82437b35f4f3db8
111,ord_dataset-c5b00523487a4211a194160edf45e9ab:ord-169b8813f8ab41e7ad89fa43a840ff01,ord_dataset-c5b00523487a4211a194160edf45e9ab,1048,806ddd30be0fcde366db60f1c6996d8cc1ba0a53b59ab648e9e05e9d87974c62
112,ord_dataset-c5b00523487a4211a194160edf45e9ab:ord-16ab1dc9c4734cf797c1124e021451e2,ord_dataset-c5b00523487a4211a194160edf45e9ab,710,1399f61723b115cf94add862658e6044a6ec1387a97718b7a1eb1ac406cda88e
113,ord_dataset-c5b00523487a4211a194160edf45e9ab:ord-16b81c2d0097416e9ad72addcc03a4ce,ord_dataset-c5b00523487a4211a194160edf45e9ab,157,1fac910b17709a87631d13addf86ce26aba0abe195ae449128f8bf894d15e7f0
114,ord_dataset-c5b00523487a4211a194160edf45e9ab:ord-16cca322c91148a182c838d7a7696ef3,ord_dataset-c5b00523487a4211a194160edf45e9ab,1144,72f8367e92a5fbbb72b1ef78bb04357831c425efac29fbb26458248fe325c5b0
115,ord_dataset-c5b00523487a4211a194160edf45e9ab:ord-16e5b670b05245e7ae69792a467a766e,ord_dataset-c5b00523487a4211a194160edf45e9ab,755,194a64e2e7e8741ed4078612faa61cdccaee958c8951344a4ff7464fa2623cf7
116,ord_dataset-c5b00523487a4211a194160edf45e9ab:ord-170a3c42771447bc9f180f4391bc86ba,ord_dataset-c5b00523487a4211a194160edf45e9ab,573,74674c19f3e804b27eece003ae23bc585e5e603fb22539e2792ddfec4d4614fd
117,ord_dataset-c5b00523487a4211a194160edf45e9ab:ord-173162c272ed41fc9929bfd156e7cccc,ord_dataset-c5b00523487a4211a194160edf45e9ab,380,e090ed1da8e958b03fb542a2334d3229377328a1913944dc7c2b53ad6c61c1e9
118,ord_dataset-c5b00523487a4211a194160edf45e9ab:ord-173f5f288eb746888a0e4f31816e0f9d,ord_dataset-c5b00523487a4211a194160edf45e9ab,759,2744e02a0f3c71b118a979a300b1513752b1939880fbe295081c71c3d238af08
119,ord_dataset-c5b00523487a4211a194160edf45e9ab:ord-174606c361554953abac433a48134719,ord_dataset-c5b00523487a4211a194160edf45e9ab,1277,b8e0bb455694ae5b6f223500100c9222962c8f7b1cf8f4659f3bd37fe0b6c870
120,ord_dataset-c5b00523487a4211a194160edf45e9ab:ord-1770b1249e5f43fdae8af925b54c55f5,ord_dataset-c5b00523487a4211a194160edf45e9ab,928,031289f7b171e915e3fa10f54c5278414c0b42ba367f81dc24c1b806059845dd
121,ord_dataset-c5b00523487a4211a194160edf45e9ab:ord-17e92fd03ae34f34882c1ab0c1870eb9,ord_dataset-c5b00523487a4211a194160edf45e9ab,447,bfbd78e5e0665a348cce48370176fcee734b3255bffde778abc87debf9c6453e
122,ord_dataset-c5b00523487a4211a194160edf45e9ab:ord-17f90ca4c03c42f89fa7accc7b1039a8,ord_dataset-c5b00523487a4211a194160edf45e9ab,1378,d9d2b2035110de60595145728cbb7655daf3df92acf1acbb284b9c1eec5163ea
123,ord_dataset-c5b00523487a4211a194160edf45e9ab:ord-18018e3683fa4e379ff15b92a5d2cdbe,ord_dataset-c5b00523487a4211a194160edf45e9ab,130,6699189e270e8ba49c47de9a66c57b1c48086589ee0be0b4a473d72813e0215d
124,ord_dataset-c5b00523487a4211a194160edf45e9ab:ord-18122197aa9c498fb18d4a2cebc812a5,ord_dataset-c5b00523487a4211a194160edf45e9ab,368,6e2794ac0ac5259095b44f7158e3712a79b0af26111e6053954a0f95a2c76341
125,ord_dataset-c5b00523487a4211a194160edf45e9ab:ord-181298912e8a4e118ebcc58f9966fe8e,ord_dataset-c5b00523487a4211a194160edf45e9ab,461,c927a6aca8506f33b4e8ffd89650818a7df1e1400407c6e051374c088f400c8b
126,ord_dataset-c5b00523487a4211a194160edf45e9ab:ord-183a799740e54ca1b3eb27a3a24378f5,ord_dataset-c5b00523487a4211a194160edf45e9ab,1001,74293e403e32a49d85b8dc9b3ee48e9dc89b9c47ab4d804fe94fc839229128b3
127,ord_dataset-c5b00523487a4211a194160edf45e9ab:ord-1848409a65024f139df6b3fce5b07da3,ord_dataset-c5b00523487a4211a194160edf45e9ab,246,8277815040e59caac5fce6acea19fff7c2ee2147daa389576ce0c930244a3c37
128,ord_dataset-c5b00523487a4211a194160edf45e9ab:ord-187be92422f04dc3a64f56028adc6f53,ord_dataset-c5b00523487a4211a194160edf45e9ab,108,dec28df2e188dcbc3045300a8eba26697bc4f8a1e2e188b0efdb1c17aa3a4582
129,ord_dataset-c5b00523487a4211a194160edf45e9ab:ord-187cc90b9c6143ac928be9b403c49f34,ord_dataset-c5b00523487a4211a194160edf45e9ab,450,7512e8fa110d2339d4fc6509f91054542a411080edabfa58bec0e5c1e2640480
130,ord_dataset-c5b00523487a4211a194160edf45e9ab:ord-18defd40da224322aeba8cbec137412e,ord_dataset-c5b00523487a4211a194160edf45e9ab,1113,5b7dff062cc6470c6940322157a135ddb2d847821ce5db1802702f47f2836915
131,ord_dataset-c5b00523487a4211a194160edf45e9ab:ord-191e414c21ca4dea8c385729b92813b2,ord_dataset-c5b00523487a4211a194160edf45e9ab,74,4f3468c7e342d54f4fffc49dbebb1d16777c21dc3c72f7b6fe49dd41fc6aa0d7
132,ord_dataset-c5b00523487a4211a194160edf45e9ab:ord-194970d853a14f89b9277bdc286bbe30,ord_dataset-c5b00523487a4211a194160edf45e9ab,1096,af96267d058c1e665791876b52eb4ae8e3b4d951b75922875ffd45c104f67b89
133,ord_dataset-c5b00523487a4211a194160edf45e9ab:ord-196acaee2189450da6ec0e399912bbdd,ord_dataset-c5b00523487a4211a194160edf45e9ab,1362,5c14bf2a0c7476f93a6733d1c06053528081d058111fea767296a9aabbf16d18
134,ord_dataset-c5b00523487a4211a194160edf45e9ab:ord-198cfd79ee474a31b93fb89c043ed1f3,ord_dataset-c5b00523487a4211a194160edf45e9ab,557,b667bc78742868df6e6b541962bd2cc48e72b20a7a4ecc1edf953511b871ba1e
135,ord_dataset-c5b00523487a4211a194160edf45e9ab:ord-19a0b3815ecc48d2b1816023c651b1a2,ord_dataset-c5b00523487a4211a194160edf45e9ab,49,6b6a9b44d714964a08754ddcff13802a086a18ae87d830d116784860df173f7b
136,ord_dataset-c5b00523487a4211a194160edf45e9ab:ord-19e64279b996452e94491d04cf5ff55c,ord_dataset-c5b00523487a4211a194160edf45e9ab,212,263e984f95b0a6f2457472a360138ecd59daebcbaa458e39dc70e47c29678b85
137,ord_dataset-c5b00523487a4211a194160edf45e9ab:ord-19f1f73919ba4027a1ce1c99997b0a99,ord_dataset-c5b00523487a4211a194160edf45e9ab,122,f6579c80059f3e1418a8e0df51a02b4f101b5f96c468c559651a0598ceb4c355
138,ord_dataset-c5b00523487a4211a194160edf45e9ab:ord-1a2bfb4f7e96460bb586550363fd275a,ord_dataset-c5b00523487a4211a194160edf45e9ab,1355,be65fac568a0ad23213ec0152095a582fdc3b1b5f85efc8c3611fa96d8cac12e
139,ord_dataset-c5b00523487a4211a194160edf45e9ab:ord-1a36e98ef2ff42c0be1be1161c5fb5bc,ord_dataset-c5b00523487a4211a194160edf45e9ab,394,88072874ef3afcef2785bd3f4e0c025dbabecb8171c0083594a6958ce3496e9c
140,ord_dataset-c5b00523487a4211a194160edf45e9ab:ord-1a426ff999924af9b4b6d8ebb212abf0,ord_dataset-c5b00523487a4211a194160edf45e9ab,82,80fd45954a264626dd82e2527b15a0fba34544af268c8d7e23fca7ba4fdd9a80
141,ord_dataset-c5b00523487a4211a194160edf45e9ab:ord-1a6ea12a465848938682ca6f19bf82cd,ord_dataset-c5b00523487a4211a194160edf45e9ab,628,6b605faaa2e9f1c3ca706d1d100b1b9dc4fa19f434f5b95789d1e943a0c48927
142,ord_dataset-c5b00523487a4211a194160edf45e9ab:ord-1a877e55af464cf19bc5a1583b742f63,ord_dataset-c5b00523487a4211a194160edf45e9ab,288,6d02e7d131fb8513d710ed3e21199f6ec0318b0427e544de45d6c27625dbaa8e
143,ord_dataset-c5b00523487a4211a194160edf45e9ab:ord-1aab0f13a2a4448b93e42e89b4b96a76,ord_dataset-c5b00523487a4211a194160edf45e9ab,716,a03ee0c137c26b457758070d0e8c6600d2dc971fe65d0a03aee3bfba834e5c6d
144,ord_dataset-c5b00523487a4211a194160edf45e9ab:ord-1ae88abb35944060a8448c7b593f93c6,ord_dataset-c5b00523487a4211a194160edf45e9ab,1107,d5148295ace4441b1e1d076c2666298acf1819105ee0dddb576aebeeee380a82
145,ord_dataset-c5b00523487a4211a194160edf45e9ab:ord-1b161ba8de6a464da0b38b02f9c1995e,ord_dataset-c5b00523487a4211a194160edf45e9ab,611,7b99ce8687b71193792137d41645edfa1a7d95fee6389a100faa602024dd4067
146,ord_dataset-c5b00523487a4211a194160edf45e9ab:ord-1b17182e060d426a809d80df24ce0e6e,ord_dataset-c5b00523487a4211a194160edf45e9ab,357,9ab56bb1cde65fc42737753e76d2a31bb7d1b32013e9cbe2097a5a46f0775070
147,ord_dataset-c5b00523487a4211a194160edf45e9ab:ord-1b46789a8c53434b87be6252d99ce94e,ord_dataset-c5b00523487a4211a194160edf45e9ab,1116,c755f66fe75f76560799f25aabf5426c2ab14e42c2902cd9783074ef2792ba5d
148,ord_dataset-c5b00523487a4211a194160edf45e9ab:ord-1be50c9374914672b1b0328fc5f487a2,ord_dataset-c5b00523487a4211a194160edf45e9ab,747,872153e6f4e53739200bc300cd2886d8c8ad8a52a6b6fac1a989a1b1296aa8cc
149,ord_dataset-c5b00523487a4211a194160edf45e9ab:ord-1bedc825f1494a3b9659662f00675df9,ord_dataset-c5b00523487a4211a194160edf45e9ab,97,a28b35e3ff07f6f93a4d2d4ed7643053e458949313542c835a1126e0d7799db7
150,ord_dataset-c5b00523487a4211a194160edf45e9ab:ord-1bff3ae82e354ade87367f7b675267e3,ord_dataset-c5b00523487a4211a194160edf45e9ab,80,995dadc283867df8df764f004c9d417d9a2c32fcdc98b98780f3b25a920526af
151,ord_dataset-c5b00523487a4211a194160edf45e9ab:ord-1c063a2e8688461f87f79ea0afa8bec0,ord_dataset-c5b00523487a4211a194160edf45e9ab,273,04a7ed5a388f994ed8268adc02279580ab1b1971561cc21862c8a4547881eca3
152,ord_dataset-c5b00523487a4211a194160edf45e9ab:ord-1c85401c5fbe44b68f5e045a5dbac926,ord_dataset-c5b00523487a4211a194160edf45e9ab,482,e53ec2f67bdab22c0f17bc188c3c3d2ede64dbdcd23dee1493ce7a05b549f3d2
153,ord_dataset-c5b00523487a4211a194160edf45e9ab:ord-1c887ab5f21d49298e86bff8d02c4c61,ord_dataset-c5b00523487a4211a194160edf45e9ab,1206,d6641e7050318a92c56c6da1339fc4235ce1136f8efaf14c3a5f93236fccecbb
154,ord_dataset-c5b00523487a4211a194160edf45e9ab:ord-1cc31eaa89b14b5384953c6764ab3459,ord_dataset-c5b00523487a4211a194160edf45e9ab,409,65a98c1b638bf8a43b1812af9df6fb04faab3a6d706ec8976181b62e76c3553c
155,ord_dataset-c5b00523487a4211a194160edf45e9ab:ord-1cd6259eef784243869c6d53bd5c1517,ord_dataset-c5b00523487a4211a194160edf45e9ab,1183,e85d9724b49358f25c8f045e8869fc29532aa66be59a61a9bf3bc296cc423359
156,ord_dataset-c5b00523487a4211a194160edf45e9ab:ord-1d0f03c2592e46e286266b3066a157f3,ord_dataset-c5b00523487a4211a194160edf45e9ab,470,e7844a200318b9598ed49a22bb71a25bc4522243ef8d55249923f028c522312e
157,ord_dataset-c5b00523487a4211a194160edf45e9ab:ord-1d48cbe6be7747f89e37986863626494,ord_dataset-c5b00523487a4211a194160edf45e9ab,881,f7d44892d0764288453bd2500ab03c10231d664c1124c70448aaa6e78fe4b9cb
158,ord_dataset-c5b00523487a4211a194160edf45e9ab:ord-1d4d472a19cd48e6a371ac27916d2a3b,ord_dataset-c5b00523487a4211a194160edf45e9ab,997,fe1f7d3e1b178c0e3b7b1eee9a9c34a5fa89bdac0b1f00db88833f2f4cbcd181
159,ord_dataset-c5b00523487a4211a194160edf45e9ab:ord-1d936baf7931457fb14315dba8259e58,ord_dataset-c5b00523487a4211a194160edf45e9ab,982,47ca5a38281f08500b67444e88b1a6d0ec35131d8fc166667e10d6cfea4eae61
160,ord_dataset-c5b00523487a4211a194160edf45e9ab:ord-1d962986d1614b669fc770721da77b0b,ord_dataset-c5b00523487a4211a194160edf45e9ab,192,337d2f11e636bdf017c3cee9a6a5fd13d1ffcf32ca31ee375a02dce7e7e91387
161,ord_dataset-c5b00523487a4211a194160edf45e9ab:ord-1d988f72f19b4b549287311d87d8fd0f,ord_dataset-c5b00523487a4211a194160edf45e9ab,511,c5e1185354dc607967f0c15f32bb931fbcb9b55d92ac98cef4e994d115442d4d
162,ord_dataset-c5b00523487a4211a194160edf45e9ab:ord-1db293de4d8046da83a6273ae6051525,ord_dataset-c5b00523487a4211a194160edf45e9ab,856,60837a05cffd663fa5e458e8074276053b4f7579842314cf23db7fa94ef514b0
163,ord_dataset-c5b00523487a4211a194160edf45e9ab:ord-1dc9bb88056a428bab72b6a20a662026,ord_dataset-c5b00523487a4211a194160edf45e9ab,973,24af3d6a4bb23dd3cba76f8ffee288856d6e6d0bda95bfa9233ec3737d1e557c
164,ord_dataset-c5b00523487a4211a194160edf45e9ab:ord-1dd50f93afb749e286ea25c60a537611,ord_dataset-c5b00523487a4211a194160edf45e9ab,410,8dc15c4a4171cb2459edeecb8ee6fb69262bf784a9a5ae547a7b40c1447a9e33
165,ord_dataset-c5b00523487a4211a194160edf45e9ab:ord-1e004d701c5545e1a6ce990b6019835c,ord_dataset-c5b00523487a4211a194160edf45e9ab,266,b470712dc2fb96bb0a9af14363cc30a12ed80005c0d8eb7a5c64746a021d454e
166,ord_dataset-c5b00523487a4211a194160edf45e9ab:ord-1e1e782386044a1ebdae85894c59ef07,ord_dataset-c5b00523487a4211a194160edf45e9ab,140,30580b9434da0cc596f0493d59696d6c93deed5d8e791578c21b08276418d26d
167,ord_dataset-c5b00523487a4211a194160edf45e9ab:ord-1e51ea44daad4a22b2f9a6022e2a79c8,ord_dataset-c5b00523487a4211a194160edf45e9ab,851,522009c3de636e7e0dfed8305446c9009d427888eadfe39eff72ac6e6313af3e
168,ord_dataset-c5b00523487a4211a194160edf45e9ab:ord-1e8fe40059f348a891627dfc5c2092fe,ord_dataset-c5b00523487a4211a194160edf45e9ab,689,ef67aab7fd35b751400fbec341816a31fdf268387f26b89af12322a65966c613
169,ord_dataset-c5b00523487a4211a194160edf45e9ab:ord-1eb2310cdb6248d4961bf3f03075a71d,ord_dataset-c5b00523487a4211a194160edf45e9ab,513,abff789734240988fbffa8f559943b996b152efff4693dee8c3b600b981f5c7b
170,ord_dataset-c5b00523487a4211a194160edf45e9ab:ord-1ecc336938aa4e82a115ebe2b1390e7e,ord_dataset-c5b00523487a4211a194160edf45e9ab,632,36174803a7039a40f13e65e3bd41d716812a56dbbc4d51d43a8fe93d97f6a3a3
171,ord_dataset-c5b00523487a4211a194160edf45e9ab:ord-1ed1694f7c9e4f07afd09aa79e3dc873,ord_dataset-c5b00523487a4211a194160edf45e9ab,446,72ba8507beabee1d4ff4070529510b1ebba8efe3186080ea1888cb454e04f9ed
172,ord_dataset-c5b00523487a4211a194160edf45e9ab:ord-1ed2863b565c4fb2ad395b481b2c3b57,ord_dataset-c5b00523487a4211a194160edf45e9ab,7,c104402b81dc146b43342605491c5ff35dd145412e948b769261dd9f98c85487
173,ord_dataset-c5b00523487a4211a194160edf45e9ab:ord-1ee5517bd8254d71ac4bd3d9098f3412,ord_dataset-c5b00523487a4211a194160edf45e9ab,1335,6c368b651c827f2b2d723fe987ccbf86bdd03c6ac1ca6dfe8cfff25e8517ecde
174,ord_dataset-c5b00523487a4211a194160edf45e9ab:ord-1ef9e19c3f78483ea6f5eb3974624354,ord_dataset-c5b00523487a4211a194160edf45e9ab,693,d0c752b4ac1cbd3ec1bb99cbd858d284de4f25c692b13a75682ce9f14b565e0e
175,ord_dataset-c5b00523487a4211a194160edf45e9ab:ord-1f6ab2903969479eb81fa30dd6092a5c,ord_dataset-c5b00523487a4211a194160edf45e9ab,751,2a8d8373cc9772ea0b6aff5bfc73689e26e96c646e1be2bc44cc0cd292b13c01
176,ord_dataset-c5b00523487a4211a194160edf45e9ab:ord-1f75d166ca6c43b8990d922b64796d1c,ord_dataset-c5b00523487a4211a194160edf45e9ab,1135,b09164cd57fec1333eff12f35f0394ac655260abdee2c558e88c2ce558974f32
177,ord_dataset-c5b00523487a4211a194160edf45e9ab:ord-1f75e244d8f84579bbb78336ae65d7c3,ord_dataset-c5b00523487a4211a194160edf45e9ab,1064,ed7f882f471596bec8a4d3c800b0f1fff9b34f95e077f01575a2ff90c8e28cb6
178,ord_dataset-c5b00523487a4211a194160edf45e9ab:ord-1f7e3bf0de1d4d84ae69d49426f22d34,ord_dataset-c5b00523487a4211a194160edf45e9ab,1348,fc93757a8e7073eefe3647ad57298d85f65c39f626f95c89e9d9413ecf065cbd
179,ord_dataset-c5b00523487a4211a194160edf45e9ab:ord-1fbda17a696e465a97611045da147a24,ord_dataset-c5b00523487a4211a194160edf45e9ab,400,f5eaf540adc43eba51c02d68a577ed9d0cf65e767c12606f911cbdf37ca5cdfb
180,ord_dataset-c5b00523487a4211a194160edf45e9ab:ord-1ff6cdee3acb4a7a9d413fabd08f4f3c,ord_dataset-c5b00523487a4211a194160edf45e9ab,133,9b274c5bc68f8d143d6bc93050be8295a0fddac25bcb5d4d87478112e09afafd
181,ord_dataset-c5b00523487a4211a194160edf45e9ab:ord-20d0569b67f843b18407ce0a43cec7e1,ord_dataset-c5b00523487a4211a194160edf45e9ab,1337,a417d5b3df1267cf9fda798a25bb42b970154d8232841b3ebbeec270c716ee06
182,ord_dataset-c5b00523487a4211a194160edf45e9ab:ord-20ed8798f11b46038bdf3c66c1e7dbea,ord_dataset-c5b00523487a4211a194160edf45e9ab,422,4879e8268a168be1da230db9a06f739c990b50f99c0e2a73592545115dcd1f5f
183,ord_dataset-c5b00523487a4211a194160edf45e9ab:ord-20f08d4e8e5346ce86b4b63e75f43613,ord_dataset-c5b00523487a4211a194160edf45e9ab,1286,8bd02654eedf8edc64a962a6dc4a7231af6398e1ced4bd60b64ee2693fa0f428
184,ord_dataset-c5b00523487a4211a194160edf45e9ab:ord-20f1409f51ba4bbeb3f6f157ce2aac41,ord_dataset-c5b00523487a4211a194160edf45e9ab,465,107807aadbffef9cb2d20599cdd9d7812202321274e092f9f82b180fff076bf9
185,ord_dataset-c5b00523487a4211a194160edf45e9ab:ord-21327a7f8c9c45939116f9116dcb695e,ord_dataset-c5b00523487a4211a194160edf45e9ab,1308,f624383bbcbabc7f285f1424149c36543e0dcade3ab17d26a7a4e22ca33240c9
186,ord_dataset-c5b00523487a4211a194160edf45e9ab:ord-2166eb1b27524107a13478a62988e3cc,ord_dataset-c5b00523487a4211a194160edf45e9ab,1131,2515fb2d07be019cf2c24c190d3d48682950a6bd57ad4294154bc4ed98e0d1c2
187,ord_dataset-c5b00523487a4211a194160edf45e9ab:ord-21914856d67242109da79fb8a7470c78,ord_dataset-c5b00523487a4211a194160edf45e9ab,301,dcb887f9e8885754a1a5dbe6214fcf60e8d3d25a20044f902f3fc6467ea2e573
188,ord_dataset-c5b00523487a4211a194160edf45e9ab:ord-21cd6e230bc943c0ae99fc95dde800f9,ord_dataset-c5b00523487a4211a194160edf45e9ab,1209,b1650727260705959c1deb740e0bd6c8ce309bd00f1653ea63912add31337545
189,ord_dataset-c5b00523487a4211a194160edf45e9ab:ord-21d20799522d4f27b49c91e140cb5fce,ord_dataset-c5b00523487a4211a194160edf45e9ab,1302,8bb73c7de2cdb1ab654c09d83c24243f4bc3edca19e90c4e9cc925a92ee741a5
190,ord_dataset-c5b00523487a4211a194160edf45e9ab:ord-221d03db4cbe4acd94659bde07a36786,ord_dataset-c5b00523487a4211a194160edf45e9ab,969,a50b12f84909847e80b293f12252beb7b8e5d63e13e9110fed0ad01df229b079
191,ord_dataset-c5b00523487a4211a194160edf45e9ab:ord-226af42dc21148f88ec1067d78b0c09c,ord_dataset-c5b00523487a4211a194160edf45e9ab,226,f45495ecb43c883ea05ab3b50819af0924898b8d2c5300e6b49557c6b0a8ba11
192,ord_dataset-c5b00523487a4211a194160edf45e9ab:ord-22a6789d2bf746e0827005992e13db25,ord_dataset-c5b00523487a4211a194160edf45e9ab,1290,652601ef8aa91a19f5e34dce532ef8876b4d399f9cde7590a069960a1511215a
193,ord_dataset-c5b00523487a4211a194160edf45e9ab:ord-230a40c922af4dc79ef547aff829182f,ord_dataset-c5b00523487a4211a194160edf45e9ab,58,3d96cb21fc66187b13b283d5588b7005a8001c6bc7334b38da3e20be042385dc
194,ord_dataset-c5b00523487a4211a194160edf45e9ab:ord-232950d8e7c34448a784b256c8f2226d,ord_dataset-c5b00523487a4211a194160edf45e9ab,714,2464cb12d78b74978e3296c9a8ff3fad7be76fffbb0f70ea9e918251c0c2dfb3
195,ord_dataset-c5b00523487a4211a194160edf45e9ab:ord-232967c632244dd0accc43fb10a2fc19,ord_dataset-c5b00523487a4211a194160edf45e9ab,919,ac7a3ebb7c2c9c90affa9acd3139961101d83b0b21b2eca24c993d058ab3b2bd
196,ord_dataset-c5b00523487a4211a194160edf45e9ab:ord-233b68fbf74f48c8b44d1620537b9933,ord_dataset-c5b00523487a4211a194160edf45e9ab,954,6e026fd60a42799583c1ee22fd48a0fd4ddb9fb660b96a821e5aa8f0a530e023
197,ord_dataset-c5b00523487a4211a194160edf45e9ab:ord-2368f98e791a4d22aa8a2301076ae945,ord_dataset-c5b00523487a4211a194160edf45e9ab,827,f295e8166f684014209f55da42bc6c5dfe7111e2f53516b5ebf2a53badbdafa6
198,ord_dataset-c5b00523487a4211a194160edf45e9ab:ord-2381f3daee3c4161868b1b1d5189b243,ord_dataset-c5b00523487a4211a194160edf45e9ab,992,fda50404968f7146032ed605db36b313a37538d7a288f222c6232364edf3bb20
199,ord_dataset-c5b00523487a4211a194160edf45e9ab:ord-238e604e940847f7817c79ebefe1952b,ord_dataset-c5b00523487a4211a194160edf45e9ab,818,5d04794be4e3395721bdda5618b6f27b6f525c970dc58cfd1fac83ded2936b39
200,ord_dataset-c5b00523487a4211a194160edf45e9ab:ord-23b90e061b4749898d3a3d610a7c086b,ord_dataset-c5b00523487a4211a194160edf45e9ab,902,c6d4f1864196beb5d5e445fc7446ce6adc0fe24d649532c057c6f1583a70280d
201,ord_dataset-c5b00523487a4211a194160edf45e9ab:ord-23bf0a215d3e49258bb12c7bf0a492cc,ord_dataset-c5b00523487a4211a194160edf45e9ab,102,8b0f37e6f0487e5daf7b7e4821580d1a20db22a34a2fcfbc7608624574535da9
202,ord_dataset-c5b00523487a4211a194160edf45e9ab:ord-23f53f54b6864cd5b8bfbf554e2d5340,ord_dataset-c5b00523487a4211a194160edf45e9ab,1341,b5a652aab17af720a426758178b1b2bfd78533777f64aa7233aaab2283716a47
203,ord_dataset-c5b00523487a4211a194160edf45e9ab:ord-24a2e73f6e6045c3b77fe431693a7f2e,ord_dataset-c5b00523487a4211a194160edf45e9ab,1073,c194078529e1ef6787fde378c033ccc646257ea58a54e34916113bf71e7de2fb
204,ord_dataset-c5b00523487a4211a194160edf45e9ab:ord-24e18f1c5fb4486fb60ac6e9a088d88c,ord_dataset-c5b00523487a4211a194160edf45e9ab,1042,443e6d1699b912a5f20d31b62268f3336eed73dfe399fefecc9859cb567798de
205,ord_dataset-c5b00523487a4211a194160edf45e9ab:ord-24e3bfd76ad8476a9263dfd12322b469,ord_dataset-c5b00523487a4211a194160edf45e9ab,128,eb79b2b1591948e6738b7abb47ada4c291cd90aa08774af937387c7aa2703d48
206,ord_dataset-c5b00523487a4211a194160edf45e9ab:ord-24e6a77344ff47ad88a153e0cf51db4c,ord_dataset-c5b00523487a4211a194160edf45e9ab,1275,cef9ea9bb7eabc8ee387092bb68ce71260c462688515c2c2bd1407544cfed140
207,ord_dataset-c5b00523487a4211a194160edf45e9ab:ord-24fc3e4f7e4945d8b2c9412d4e4bd5c9,ord_dataset-c5b00523487a4211a194160edf45e9ab,1055,e81117f6d69f0a8b6694741cc6f4eb2cb8cd749062eab1c0e1691bed07ba8af6
208,ord_dataset-c5b00523487a4211a194160edf45e9ab:ord-25102c1afb694ebd9a4752c9554cbe07,ord_dataset-c5b00523487a4211a194160edf45e9ab,174,f1f03d159892b06acf16ff0473e213ac81803f7f1b179f63c36521041d00771f
209,ord_dataset-c5b00523487a4211a194160edf45e9ab:ord-253165e53c8440b88fd5229a2e0a35f3,ord_dataset-c5b00523487a4211a194160edf45e9ab,780,27b417af50a0ae0878046019fa97f92e5212ae86eae3839fe99ddba2725dad0d
210,ord_dataset-c5b00523487a4211a194160edf45e9ab:ord-256c0952aed74b6e9d7ae95392a15c5e,ord_dataset-c5b00523487a4211a194160edf45e9ab,687,3577c2550300f3a7dd6d283ab1addb781d022126ec9153e5f1061dba311e2a6d
211,ord_dataset-c5b00523487a4211a194160edf45e9ab:ord-25769428055b43ee9144cab752ad89e6,ord_dataset-c5b00523487a4211a194160edf45e9ab,1221,3e2edee32ecbf56c7121a460563bf8ccdf1654e942e66c245de943c308cc713c
212,ord_dataset-c5b00523487a4211a194160edf45e9ab:ord-25866f5e09f24e71ab681422f9c0892e,ord_dataset-c5b00523487a4211a194160edf45e9ab,914,ffe5614351f132e5f3bfd80a9fdcf5da2a3dffaad626da1c8d3f25e61bc3f28d
213,ord_dataset-c5b00523487a4211a194160edf45e9ab:ord-25c95e6738484a6ba5e890f805da1eb7,ord_dataset-c5b00523487a4211a194160edf45e9ab,723,e7f5bb97b2650001b8736295582fa19712479cad6851571ace5c7f6f070fccfd
214,ord_dataset-c5b00523487a4211a194160edf45e9ab:ord-25f8351d246f49c3b13528fc406c16e9,ord_dataset-c5b00523487a4211a194160edf45e9ab,1332,d4fb786be7efed3d750df3339e51afca8229b96d3a0b24d6310a5cb6d9ce2e42
215,ord_dataset-c5b00523487a4211a194160edf45e9ab:ord-26b705b0e66b4080a93fb66a9dce923d,ord_dataset-c5b00523487a4211a194160edf45e9ab,892,ce944f23628f4055f4fb1468a382bf9837c4d04445c19c2603b9ff50f10edb9f
216,ord_dataset-c5b00523487a4211a194160edf45e9ab:ord-26beb9eb93594bcd8eeb1fcc5e51bbb9,ord_dataset-c5b00523487a4211a194160edf45e9ab,1305,9ae19e3d66f6b1f077a89c1ecc50e9cb6339bf2d8d0be8cb0f02ce518d84f691
217,ord_dataset-c5b00523487a4211a194160edf45e9ab:ord-2705d01b26eb44f68eb0b3f8145aead6,ord_dataset-c5b00523487a4211a194160edf45e9ab,996,fb426436674987cf675cb049b863eba5147e75305dc18b3c80e076e1238c2610
218,ord_dataset-c5b00523487a4211a194160edf45e9ab:ord-271c72911ecb47afa216d5f7e3be947c,ord_dataset-c5b00523487a4211a194160edf45e9ab,658,ef5fd6902d36b23e859d1c493667aca3dc1d2bd46176be1b38ee32562c88e173
219,ord_dataset-c5b00523487a4211a194160edf45e9ab:ord-2720c4d9e8234aa6b04484ebbdd85e23,ord_dataset-c5b00523487a4211a194160edf45e9ab,256,5f8999a13f391b2e0ba8d138fb1df1ec5e1665caef6b27f8eda543b390df3001
220,ord_dataset-c5b00523487a4211a194160edf45e9ab:ord-2731ff1510d642818427a8ff1ca733de,ord_dataset-c5b00523487a4211a194160edf45e9ab,1250,e6bf89f649c3495e0a373d77a044ff18ff60acf04e654bc4db23579fd6c0275a
221,ord_dataset-c5b00523487a4211a194160edf45e9ab:ord-275d212c2d2649a2aec520241e9d22a3,ord_dataset-c5b00523487a4211a194160edf45e9ab,546,9c1ebf3f1aed439b106cb6d7e02debbb809b70d5be277977f64db6d96691e7c5
222,ord_dataset-c5b00523487a4211a194160edf45e9ab:ord-276bd686906f457eb11b69588a691526,ord_dataset-c5b00523487a4211a194160edf45e9ab,86,ae0f470565b9863bc0e1f17ffe214971b18f29214221a5aac085d0d953433feb
223,ord_dataset-c5b00523487a4211a194160edf45e9ab:ord-27734bbd32f34321b5a74cad2bcc0162,ord_dataset-c5b00523487a4211a194160edf45e9ab,1358,1e2e0f8a2d1ed959573ba10e0f54e967fda79c8bd2c16739bc3934a5a1f21918
224,ord_dataset-c5b00523487a4211a194160edf45e9ab:ord-277ae457e408409eb8c0753ad46b534c,ord_dataset-c5b00523487a4211a194160edf45e9ab,1189,6078c595e7263ea12ca9b4be344bf177d52f54d753aae4f4a3c3ca2a40904fcb
225,ord_dataset-c5b00523487a4211a194160edf45e9ab:ord-279f46a33b6b40dfbfd817647ec7948f,ord_dataset-c5b00523487a4211a194160edf45e9ab,1267,2f31a87773a3a479e434a2d44f36ed4b34ffd3be1d977eddf00a28ed210d6713
226,ord_dataset-c5b00523487a4211a194160edf45e9ab:ord-28427586a84e4282ae1e3538fe867fba,ord_dataset-c5b00523487a4211a194160edf45e9ab,700,81c3cc29539f379527aee2bf39a76cc7a1cc83b1bdcb1e0d55e19cda8a5bbcf8
227,ord_dataset-c5b00523487a4211a194160edf45e9ab:ord-2888ab182aaf4b87878753357931e657,ord_dataset-c5b00523487a4211a194160edf45e9ab,642,761247eaded14723fc204a19f1b3befa7f5de0ad7daf285606c7f38bd07896d1
228,ord_dataset-c5b00523487a4211a194160edf45e9ab:ord-28ac17b3e98440d0bd50ed14e0500534,ord_dataset-c5b00523487a4211a194160edf45e9ab,1293,2e997abaef0cb4891bdd6fe671584423ec2e037a3841bab96a16cce7154c0ebd
229,ord_dataset-c5b00523487a4211a194160edf45e9ab:ord-28fc2ba6128f4ef8b625397e950c47eb,ord_dataset-c5b00523487a4211a194160edf45e9ab,538,bfa101ed142118dc427f47f06683686785d530c8a50f17ef0cd75c59ac75520c
230,ord_dataset-c5b00523487a4211a194160edf45e9ab:ord-295436a3908a453f8e609a9daeb73e52,ord_dataset-c5b00523487a4211a194160edf45e9ab,1101,b7e5f7518152c7995b360bab7cf3709f53f36e504ea6c6956db8965e2c52c81e
231,ord_dataset-c5b00523487a4211a194160edf45e9ab:ord-299b018de3ac470eabb409a994275086,ord_dataset-c5b00523487a4211a194160edf45e9ab,1428,0be49b650ba49957d9050ac801902d8c586cc47159730cc5cb2287ea03060637
232,ord_dataset-c5b00523487a4211a194160edf45e9ab:ord-29d73d99257a4b92a0a1b7c596f1f0ad,ord_dataset-c5b00523487a4211a194160edf45e9ab,170,e001a741467119ec9e4f4c7009a3eaf6f5c7c05a71feee9ff4ece2ee068238b9
233,ord_dataset-c5b00523487a4211a194160edf45e9ab:ord-29ef616ff430499ba8a7d7b06c7f8f60,ord_dataset-c5b00523487a4211a194160edf45e9ab,1142,89f853d4387a901a56094956cbffc560afa167104e25fa6063846c741cfe363a
234,ord_dataset-c5b00523487a4211a194160edf45e9ab:ord-2a513954022f48d3bb8d60a59bfd0a38,ord_dataset-c5b00523487a4211a194160edf45e9ab,921,f07f6118c3418be1931e420a363440e6e4a785f53748e9eb7da848ba47018b2d
235,ord_dataset-c5b00523487a4211a194160edf45e9ab:ord-2a580b6c5a2d4727b2428e9ca83358da,ord_dataset-c5b00523487a4211a194160edf45e9ab,215,250c1a8ad523ac004d47b74f711c6a77fb29ea7b15ebd476a6eab70e7cd4d022
236,ord_dataset-c5b00523487a4211a194160edf45e9ab:ord-2ab1bcbe2b5d421f961d44a2ec7d948d,ord_dataset-c5b00523487a4211a194160edf45e9ab,1248,7ffb1b2c2e029c65355df0211e1105d03da9f6e0497b4fa71b0c282fb218c708
237,ord_dataset-c5b00523487a4211a194160edf45e9ab:ord-2b2c495334aa4f9990213c92bd9ccb9f,ord_dataset-c5b00523487a4211a194160edf45e9ab,1307,7e2daf50988affc9cff9f136533365c054e6c78fc773fb5b912221df7a673758
238,ord_dataset-c5b00523487a4211a194160edf45e9ab:ord-2b4d0f9eff3a44909a09ca137a5e42f8,ord_dataset-c5b00523487a4211a194160edf45e9ab,404,600b0713c3d1705b21a602f3ad83ac33925606346ac4632311334f53baa51f65
239,ord_dataset-c5b00523487a4211a194160edf45e9ab:ord-2b5249be6adb46c8a06dbaab7290f03f,ord_dataset-c5b00523487a4211a194160edf45e9ab,152,0d30c14846724a5d9c3ae7b6236b906e5d2bf7a088b246c8035bf262698e2c70
240,ord_dataset-c5b00523487a4211a194160edf45e9ab:ord-2b99585b817b4ac4b202cc03d3276d4c,ord_dataset-c5b00523487a4211a194160edf45e9ab,232,2403d5c9817ec81ed017ec5df46572a4fa798b5a92b65a4016f873e2fff5b980
241,ord_dataset-c5b00523487a4211a194160edf45e9ab:ord-2badb7d4093440b1b691e5397455b161,ord_dataset-c5b00523487a4211a194160edf45e9ab,92,8033aa49ac47889721d4c9c005bc51db6a02239f8c2cb6e14a1036cde677579a
242,ord_dataset-c5b00523487a4211a194160edf45e9ab:ord-2bb36fe357314b6aaf02fc053aca7866,ord_dataset-c5b00523487a4211a194160edf45e9ab,1400,f72ffa9b483653e9ef33c09a31f5d21bae74b35dcddeddd5651010b4089f8365
243,ord_dataset-c5b00523487a4211a194160edf45e9ab:ord-2bfd82f0a0a34052a18c87099f4a4de9,ord_dataset-c5b00523487a4211a194160edf45e9ab,1366,0f4819d37e4ade2f39b3d9f503afbd4f3d1a9745c9fb05fcf4263fb96c15eec7
244,ord_dataset-c5b00523487a4211a194160edf45e9ab:ord-2c0baf813f87446782f6079ada220ff2,ord_dataset-c5b00523487a4211a194160edf45e9ab,909,f9968bab59bc0aa79847cb176134d1898d06dba54a1c1721c2c44c81ba8c2e18
245,ord_dataset-c5b00523487a4211a194160edf45e9ab:ord-2c295821c66e40a0907e840f4f0b0d31,ord_dataset-c5b00523487a4211a194160edf45e9ab,528,dac35230c93ceed4bf1139cc7d985c636a865b0f13d98c09eb5519361e5d07c9
246,ord_dataset-c5b00523487a4211a194160edf45e9ab:ord-2c3bcfa30a1d4b81812a5970f774bdd9,ord_dataset-c5b00523487a4211a194160edf45e9ab,586,528f8ec332388ea58292c0c272431ed0fb25f19bb5aae818e64270e0bc01c8e4
247,ord_dataset-c5b00523487a4211a194160edf45e9ab:ord-2c60600a59264c8692596462142158d5,ord_dataset-c5b00523487a4211a194160edf45e9ab,306,6a165cceaa6f1db0c2722262f26fd250727ed0d71e6be3a8891577f1d5b519f1
248,ord_dataset-c5b00523487a4211a194160edf45e9ab:ord-2ccb5d8c9240460391a0c30c23c9fb66,ord_dataset-c5b00523487a4211a194160edf45e9ab,585,60917e3fae01bfc9f6cf827ef56b7ea3f849f1314e511b51039f5dbdfedf31fc
249,ord_dataset-c5b00523487a4211a194160edf45e9ab:ord-2cfb521767bd4800a5ad051345509bee,ord_dataset-c5b00523487a4211a194160edf45e9ab,14,c0a29fc92f5b6278134da425ac8a044c46d36a9f26f0bdf9434d767459112b87
250,ord_dataset-c5b00523487a4211a194160edf45e9ab:ord-2d3b2522a86d4a3a94b6c2455676b154,ord_dataset-c5b00523487a4211a194160edf45e9ab,33,c7826fdcbbc76641a0eedbe613e53d52d4c7726466f6e92fef481d5eedfa60f5
251,ord_dataset-c5b00523487a4211a194160edf45e9ab:ord-2db8835bdd824a62b0ec4d1dc0241dde,ord_dataset-c5b00523487a4211a194160edf45e9ab,1234,982efdd08204acd259970dcef312df6547f57c474709ab9308aff2a6a898b949
252,ord_dataset-c5b00523487a4211a194160edf45e9ab:ord-2dbcf84306a2430796952a832a77454c,ord_dataset-c5b00523487a4211a194160edf45e9ab,1256,a1fcc489655ffc935038835265809791c01050f7338d922f07a0681307a5a1d9
253,ord_dataset-c5b00523487a4211a194160edf45e9ab:ord-2df209a18c944baa99d292afa6f0e285,ord_dataset-c5b00523487a4211a194160edf45e9ab,504,00c60050f2369ba5d29105e98632f6cfb78e9522ded0a459307453638e55af4b
254,ord_dataset-c5b00523487a4211a194160edf45e9ab:ord-2e49204048ab43b1840e8d83114d5b14,ord_dataset-c5b00523487a4211a194160edf45e9ab,204,c12e186cebace0b95ccb6f5382ce99af57baf940c674cd6b4745cf43155a7937
255,ord_dataset-c5b00523487a4211a194160edf45e9ab:ord-2e49b554a91d4d989313b83f149a8300,ord_dataset-c5b00523487a4211a194160edf45e9ab,654,bc2d0660839066232e116cba50c9601b4282b407d519707f0f9a4b181463e802
256,ord_dataset-c5b00523487a4211a194160edf45e9ab:ord-2e9afe009e504a1ebb1c32f0e5345d47,ord_dataset-c5b00523487a4211a194160edf45e9ab,109,7146a92ca2fdfea1cb8b91b2a328e0ce02b1690fa77bb21bcf000a2e58e46bbd
257,ord_dataset-c5b00523487a4211a194160edf45e9ab:ord-2ea5e2e1d4344268898536bf2237790c,ord_dataset-c5b00523487a4211a194160edf45e9ab,1168,cab9f7f24ad838269083e82c46678f9cf89ee1e835b4f1238498f0fdb7c6f481
258,ord_dataset-c5b00523487a4211a194160edf45e9ab:ord-2eed7235dd1244a59727ca27c8cd322e,ord_dataset-c5b00523487a4211a194160edf45e9ab,345,36205c3bf4c4747559120447067535241ed37798eee02e20ce4a16e97b6e50d1
259,ord_dataset-c5b00523487a4211a194160edf45e9ab:ord-2fc9d766e59a44dea12bc3c14688c64a,ord_dataset-c5b00523487a4211a194160edf45e9ab,1354,de450f9e12f9a86257650676148379e1eefce67c272928cbb9d3b1720f40a4b7
260,ord_dataset-c5b00523487a4211a194160edf45e9ab:ord-2ff7db409bb5464a8890a41a7d232fba,ord_dataset-c5b00523487a4211a194160edf45e9ab,1039,669eac777e53292c2b2018f62af8daf60deeb61cec8c7ae0d397364531447f9b
261,ord_dataset-c5b00523487a4211a194160edf45e9ab:ord-3025f512760a4923a8301b65ba30a803,ord_dataset-c5b00523487a4211a194160edf45e9ab,60,64026d002980763c4f6b2e8b42a533a669536516dfa799e461252060969ff1b9
262,ord_dataset-c5b00523487a4211a194160edf45e9ab:ord-303deb5d48b345be87b15abe346da304,ord_dataset-c5b00523487a4211a194160edf45e9ab,1233,08d1a89d4d20e7a41ce227bbd175a06f9293c2e1f411c159d85b1c3c8b35c05d
263,ord_dataset-c5b00523487a4211a194160edf45e9ab:ord-311d63a1959a40ee91fcbe359a03f9cf,ord_dataset-c5b00523487a4211a194160edf45e9ab,1170,f94367f5dac5596f139d2d1bee37ba27f00da25d27ba67586cba41630bcd90cf
264,ord_dataset-c5b00523487a4211a194160edf45e9ab:ord-311e77e429a14f0f94230b0974731f5c,ord_dataset-c5b00523487a4211a194160edf45e9ab,695,c302ce479c3192d104475ccc0da8571fd00cd65dbb28637ac7d101a65c0e2808
265,ord_dataset-c5b00523487a4211a194160edf45e9ab:ord-316a049acdf44aff913adc33d7941fa5,ord_dataset-c5b00523487a4211a194160edf45e9ab,947,a54d37d4563bffd2c618a35e04ab1356ec1dd9b627cfba108379d156678c68f5
266,ord_dataset-c5b00523487a4211a194160edf45e9ab:ord-3175c3bb07ab41489f62a59498140f89,ord_dataset-c5b00523487a4211a194160edf45e9ab,901,023f2c4c7e6da429173a679008759e49286492c544ce9a98c9a149888cf76fd9
267,ord_dataset-c5b00523487a4211a194160edf45e9ab:ord-318f5b071cc942a0a7c74bf081dd17fb,ord_dataset-c5b00523487a4211a194160edf45e9ab,754,7aa51f73ab9841f96ac8930eab50db8058fe989734d19de485475fec7101a19a
268,ord_dataset-c5b00523487a4211a194160edf45e9ab:ord-31a36fad8322441987e63087c69c3575,ord_dataset-c5b00523487a4211a194160edf45e9ab,432,081bf70458966e1024350f2bcb11a2652696737579164ed183d6ab5b648ba68d
269,ord_dataset-c5b00523487a4211a194160edf45e9ab:ord-31c74839994b4355a7cc7fb0cb0c25d3,ord_dataset-c5b00523487a4211a194160edf45e9ab,1297,d0710f952e0c80b71600b734e28179a526664a4c7fef9b23ab365d824b824f68
270,ord_dataset-c5b00523487a4211a194160edf45e9ab:ord-32192f1a5b2e4f7b9c8f4e2b47341662,ord_dataset-c5b00523487a4211a194160edf45e9ab,324,d7ee61b4478445b0a700dee451a41a3c763a7c5b0f44215dd3a623fec841e7ba
271,ord_dataset-c5b00523487a4211a194160edf45e9ab:ord-3222bebb0bdd4cbda3f3992c5c694b04,ord_dataset-c5b00523487a4211a194160edf45e9ab,6,bab9a714fd5b1b6d06230f93573be933ae18241b503e7e2e7a37712bae14b860
272,ord_dataset-c5b00523487a4211a194160edf45e9ab:ord-3240edf00e514fe1bc2a00dc5aebc490,ord_dataset-c5b00523487a4211a194160edf45e9ab,1152,d06a640a752298083e32a1738bf0916baaa20426a4fd1f4c1b19bfd0a08a9356
273,ord_dataset-c5b00523487a4211a194160edf45e9ab:ord-329727552f874070839d0e1def34847b,ord_dataset-c5b00523487a4211a194160edf45e9ab,1033,18f3b3ddfa8bb3617a9039da86946897438613e603ac584c2dc07a2e13ec4a4c
274,ord_dataset-c5b00523487a4211a194160edf45e9ab:ord-32aec8f4d40f4dcdb3e5e66cca1f5d0a,ord_dataset-c5b00523487a4211a194160edf45e9ab,31,bb06699748159e53cac2714698ccaf7dde4c7571d8f2397423753af912bbc076
275,ord_dataset-c5b00523487a4211a194160edf45e9ab:ord-32bd298b8bc54583b8b7caf1976a011e,ord_dataset-c5b00523487a4211a194160edf45e9ab,311,de80858c922c110fbed2b2c41eb77141d17ccb47edfdd5004fd7ae0bc90bfdb1
276,ord_dataset-c5b00523487a4211a194160edf45e9ab:ord-32eda8388ff64ddb861c0fa23c83f882,ord_dataset-c5b00523487a4211a194160edf45e9ab,387,a189732ba547235bcbf737bc5ffad5745172b9581c8ebb67db548611a725d871
277,ord_dataset-c5b00523487a4211a194160edf45e9ab:ord-32fea7829d894246afa5bc8460ce6959,ord_dataset-c5b00523487a4211a194160edf45e9ab,728,24ba328f2f97940d2f03441b2085290c9651a3717c960cd18695b872eea631b9
278,ord_dataset-c5b00523487a4211a194160edf45e9ab:ord-331e8a2e65254c8793dbe5022758a972,ord_dataset-c5b00523487a4211a194160edf45e9ab,462,a657d127e796ccba40b294f505e9674b11e5155b88a0bd4fadb958606e12640b
279,ord_dataset-c5b00523487a4211a194160edf45e9ab:ord-33253030966f4e69ba284de5507f5eff,ord_dataset-c5b00523487a4211a194160edf45e9ab,142,62749c8cfe249a022927f89a121daaeb961743c87aa882a244bfd1b0eb53f126
280,ord_dataset-c5b00523487a4211a194160edf45e9ab:ord-333a7545fad5483e9a996d527a1c17aa,ord_dataset-c5b00523487a4211a194160edf45e9ab,332,1b2ec1b5131f0df7c19d9dbd130a66a5208648dc24cdac0df3f709a3b9beefe8
281,ord_dataset-c5b00523487a4211a194160edf45e9ab:ord-3355c0adc27d4bfeb764310963b43ac1,ord_dataset-c5b00523487a4211a194160edf45e9ab,537,58b939886e317064dabcc435950cc88622d8427055ac422f03297cd78f11a8dd
282,ord_dataset-c5b00523487a4211a194160edf45e9ab:ord-335d5331172e4e2889957b8ad11cae78,ord_dataset-c5b00523487a4211a194160edf45e9ab,274,968679d7efe7f154d1ca7f0b92efb1ff78381c7a10fd72f6aaf7e62f60513fac
283,ord_dataset-c5b00523487a4211a194160edf45e9ab:ord-33b5ab32173a4824a524f6abb093a47b,ord_dataset-c5b00523487a4211a194160edf45e9ab,230,4056398f588eb0811e22ecb23940db85491fb4c8a112aa5518f26fde9518c571
284,ord_dataset-c5b00523487a4211a194160edf45e9ab:ord-33d16b8c8a654f4d9bd00fad84167284,ord_dataset-c5b00523487a4211a194160edf45e9ab,1086,d35d94f05ca60a1b4d17e975248aba2a6069251e52aebf85e231b4f47071a585
285,ord_dataset-c5b00523487a4211a194160edf45e9ab:ord-33d21d94158c4cb3ac414d185d442a2a,ord_dataset-c5b00523487a4211a194160edf45e9ab,544,a2341fd862b8248cb24b3f71d92e7cefd652c1f7edab307bf663ba678252f9aa
286,ord_dataset-c5b00523487a4211a194160edf45e9ab:ord-33e9e57ef30b4545bfaeebe6963945be,ord_dataset-c5b00523487a4211a194160edf45e9ab,11,96f1cd4b15d75633710fb0fb28dec1e4756f420603776aa48ed7867cdf48711e
287,ord_dataset-c5b00523487a4211a194160edf45e9ab:ord-340d58d618d84f2b9e1d1a0de375f2d5,ord_dataset-c5b00523487a4211a194160edf45e9ab,647,78b9988d300eee29424699691bcebae0e8f2fadafb9f5e53533fb3d4044ee544
288,ord_dataset-c5b00523487a4211a194160edf45e9ab:ord-341fd9ddc8624ff7be56fd9a48f59c01,ord_dataset-c5b00523487a4211a194160edf45e9ab,501,a9c951c74114684e311f371736f813b42c11f881a6ef65dd48d1966005690bef
289,ord_dataset-c5b00523487a4211a194160edf45e9ab:ord-34340725cb154b60b609946f06636051,ord_dataset-c5b00523487a4211a194160edf45e9ab,949,433eee6b57d6cda430d36f0a97477ea29e2cb3cab48c833f8edc15f72418f75f
290,ord_dataset-c5b00523487a4211a194160edf45e9ab:ord-3456c4cafb124a11ba2fc057d6e43d44,ord_dataset-c5b00523487a4211a194160edf45e9ab,1255,25318a3ca4e453fe044f8ff525cfbca44564ece31639c0dcfa735a8f1ca7d96b
291,ord_dataset-c5b00523487a4211a194160edf45e9ab:ord-3520c705b3af4b879c3f3b2a2ee086be,ord_dataset-c5b00523487a4211a194160edf45e9ab,887,327d805469393240a03c116c2a1fb102b00cba41d6f20a22ab465b5ae41de785
292,ord_dataset-c5b00523487a4211a194160edf45e9ab:ord-35cdfa87db8f489683ba16ce81f71c16,ord_dataset-c5b00523487a4211a194160edf45e9ab,375,a77596cb969a84b9b5079e824b513064b3f5eef89bb971862bdf900d43b7220e
293,ord_dataset-c5b00523487a4211a194160edf45e9ab:ord-35d03afea9594144a841a313f24bd230,ord_dataset-c5b00523487a4211a194160edf45e9ab,1273,d5166437e9079ac42c52b42253a96e29a916af36928cd2dec4992fc516293360
294,ord_dataset-c5b00523487a4211a194160edf45e9ab:ord-35ed77a9ed7a44af96c00b93bcb18d8e,ord_dataset-c5b00523487a4211a194160edf45e9ab,1186,10e4d3890e128f901836f0972dd51d30a827b2793132a5ccff57b2aa79fa185a
295,ord_dataset-c5b00523487a4211a194160edf45e9ab:ord-3630f2f6d79a4d0eaeef19419f383b5c,ord_dataset-c5b00523487a4211a194160edf45e9ab,1037,6b50caeeecf76ec465979c9fdff5d9f33b98c98e864bed378ab602bde2ccd836
296,ord_dataset-c5b00523487a4211a194160edf45e9ab:ord-36400087527a4d8cab52e931f34d33c7,ord_dataset-c5b00523487a4211a194160edf45e9ab,337,cac867baf22c3c9cf039dd34f55d03980d99d4a9a0070ed4d3b8cf336b1611df
297,ord_dataset-c5b00523487a4211a194160edf45e9ab:ord-367cdff918fc45d5bb858a4cac22e647,ord_dataset-c5b00523487a4211a194160edf45e9ab,778,ece238cb477327ea8072454132d1895e932069f7ffe4f60506b488b2f1bb5632
298,ord_dataset-c5b00523487a4211a194160edf45e9ab:ord-368b74cf2c8546cb81b18fe380a1d7ec,ord_dataset-c5b00523487a4211a194160edf45e9ab,493,a4cdf64d1c1a33ec7cd4e7a48093a5384485663ebc2e17540b7f3348eeedb6fb
299,ord_dataset-c5b00523487a4211a194160edf45e9ab:ord-36a19eba6fef488c9b4599241010e585,ord_dataset-c5b00523487a4211a194160edf45e9ab,1180,12b5be5dfa49b12a4557f27f9c7411bd728c266179b8e5b24eaf49a60c00e46d
300,ord_dataset-c5b00523487a4211a194160edf45e9ab:ord-36c9c7eabf464e369a7140f814afd2f8,ord_dataset-c5b00523487a4211a194160edf45e9ab,1095,6b0d1fd893e9bc003009cd4f558a4bb60b7b5a0a8ca4483a7bac322670f8ecb3
301,ord_dataset-c5b00523487a4211a194160edf45e9ab:ord-36edd36bd1124ad78bbe9e4fd3327629,ord_dataset-c5b00523487a4211a194160edf45e9ab,430,c6fee5a6756920934e9375c1b97befe10e25e64a6928f3419f857cbd94639c49
302,ord_dataset-c5b00523487a4211a194160edf45e9ab:ord-3702c427ce1744e5ac3cdb491d782c05,ord_dataset-c5b00523487a4211a194160edf45e9ab,111,c0c04a20c210654fabf8c005ef081758ce5470f66ceca9e5699fcb0ce95cdabe
303,ord_dataset-c5b00523487a4211a194160edf45e9ab:ord-3746297ed5794561a9b3c23874f32a30,ord_dataset-c5b00523487a4211a194160edf45e9ab,1021,c4ca885ff31abab1600fb7ba33e4f25ecd1f758436cd05cb63fc3a20796dbbe6
304,ord_dataset-c5b00523487a4211a194160edf45e9ab:ord-3749aab01b7c466f8e549c96265fbeb0,ord_dataset-c5b00523487a4211a194160edf45e9ab,1251,ac1c9f83ec048387af1df691c22db7f95138895d79211ba9b5c80f29d65c8c2b
305,ord_dataset-c5b00523487a4211a194160edf45e9ab:ord-375f32deb92a4b25be6ecbab1640c4bc,ord_dataset-c5b00523487a4211a194160edf45e9ab,1174,6ec85028076f18940910417a5feec5a50080c31dfb3642eee840b036421f08fa
306,ord_dataset-c5b00523487a4211a194160edf45e9ab:ord-376e2c47a2084a0fbb3d428d2c4b3d96,ord_dataset-c5b00523487a4211a194160edf45e9ab,277,677d84134856f9f742ed0cf4841a3f77a6a7759abf3f767a498b1eee93f94541
307,ord_dataset-c5b00523487a4211a194160edf45e9ab:ord-37bf95b74cd143b4b4e8bf68a02a752d,ord_dataset-c5b00523487a4211a194160edf45e9ab,219,2f39f3d7f0d3f2ac4d275d8d0e703fd6d2f158ea50425042ff1eaa041a9363d4
308,ord_dataset-c5b00523487a4211a194160edf45e9ab:ord-3811f31b90e94b629b9102ea630fd23b,ord_dataset-c5b00523487a4211a194160edf45e9ab,880,a11f6c34b7021c5984c940b0601cbc512c2eec57bd2c362a2e6eac01442d744c
309,ord_dataset-c5b00523487a4211a194160edf45e9ab:ord-38267ca2c5194386b3ed70e4678c8f61,ord_dataset-c5b00523487a4211a194160edf45e9ab,963,a5bb27deef5cb9493c30313b22976230be5d5fdbdfb9c47866600dfc96e515bd
310,ord_dataset-c5b00523487a4211a194160edf45e9ab:ord-382ef35fcdfb4a9c9b834af53a6dd74e,ord_dataset-c5b00523487a4211a194160edf45e9ab,59,a4906396fd6fb7e5f6f14ab9583e80b5ea0bbeb8f3d1ba4a0ede1e89a04de003
311,ord_dataset-c5b00523487a4211a194160edf45e9ab:ord-383192877e794adb8eab48d95edb5e8c,ord_dataset-c5b00523487a4211a194160edf45e9ab,227,57bd5a68a42fd400a734a415007ac8bae252f5830b4ae463a998a90beec01f09
312,ord_dataset-c5b00523487a4211a194160edf45e9ab:ord-383a8963e3db4d23b54e974182bd12b1,ord_dataset-c5b00523487a4211a194160edf45e9ab,1331,c0eab81ecce5820cf5c37172594078e5cc32d5590f31d1bebf11e5975d2c5c0b
313,ord_dataset-c5b00523487a4211a194160edf45e9ab:ord-38637b3ad47d425c8590888f17d4a440,ord_dataset-c5b00523487a4211a194160edf45e9ab,271,1e1d83cb490106b1f694d6e5bb2386e15c1c7276c96b9ce7415d27594a6102e1
314,ord_dataset-c5b00523487a4211a194160edf45e9ab:ord-3864a0a07a6e4e71a0064d4dec5f85bb,ord_dataset-c5b00523487a4211a194160edf45e9ab,107,b9536e51ff7d84e7655939a11f0ac3f8a8daa70e00dfcf806c32430559963ffe
315,ord_dataset-c5b00523487a4211a194160edf45e9ab:ord-38849ec53f714718940ff3e2a8ca7329,ord_dataset-c5b00523487a4211a194160edf45e9ab,592,15239e9b900ff939b2a065289a5968f1931f33177f4d3de8866bfc4e036bc10f
316,ord_dataset-c5b00523487a4211a194160edf45e9ab:ord-389a716510f94e8d9eab117e2766e5ec,ord_dataset-c5b00523487a4211a194160edf45e9ab,427,7267f0571b42660221ad4da367e607c4490b30d1b13e949acbf1962dcc55887c
317,ord_dataset-c5b00523487a4211a194160edf45e9ab:ord-38bbf24310a6429f8619105d656513ea,ord_dataset-c5b00523487a4211a194160edf45e9ab,89,4de2b4afcab5af5f780bc4b3c43948c203be3311d8a680ee2e7c98ba29d15ef0
318,ord_dataset-c5b00523487a4211a194160edf45e9ab:ord-38cf5d288ad445679962772c5d03e057,ord_dataset-c5b00523487a4211a194160edf45e9ab,1138,1d87ef7cea905f27d69c43ef53b131a7e0acb6dd6aa549b58b6ef35a07cf9feb
319,ord_dataset-c5b00523487a4211a194160edf45e9ab:ord-38d55d0b893349af8d088912bd455245,ord_dataset-c5b00523487a4211a194160edf45e9ab,393,2dc3de421573e1d4888da4170b1003ccb81e9c30b3700ff8100f8972c4b5ca9a
320,ord_dataset-c5b00523487a4211a194160edf45e9ab:ord-39159f1beafe479389beddbaa205deb1,ord_dataset-c5b00523487a4211a194160edf45e9ab,308,2cce05dc19b06427e2389ea4d14158b896e776413afd5e7cf7be30efe35da901
321,ord_dataset-c5b00523487a4211a194160edf45e9ab:ord-39400adfa4d94d328d8a989165d0ed0e,ord_dataset-c5b00523487a4211a194160edf45e9ab,939,539294c4682b8b459fd930388ba25fdbe9c773f44f1c981116af39c7a18b0eab
322,ord_dataset-c5b00523487a4211a194160edf45e9ab:ord-395e59f3bb434aaa9124d2f8bb7d2a44,ord_dataset-c5b00523487a4211a194160edf45e9ab,1145,0fb5c52b625f66c26895db093433bed85826e1e0f7d2856688a3550a8e76bd24
323,ord_dataset-c5b00523487a4211a194160edf45e9ab:ord-39a276e089644d098d16c0e358bc5f2b,ord_dataset-c5b00523487a4211a194160edf45e9ab,333,bb278dfbfdc3bc767bf52649c735d6de82922e56e6fbdabad6b277cde7900d84
324,ord_dataset-c5b00523487a4211a194160edf45e9ab:ord-39c15bc55a044d5eb2628f70a1588d15,ord_dataset-c5b00523487a4211a194160edf45e9ab,23,52a95cc214d7f233854a3d1918a60f8bfd8508f96ce4a5c4116d09eb3c8a6507
325,ord_dataset-c5b00523487a4211a194160edf45e9ab:ord-39c3ec099e8f4f158bffc3a9188cc9ee,ord_dataset-c5b00523487a4211a194160edf45e9ab,69,3a7d9768bb3e7071d65783117b6325fa9bdf443972efeb9b3f9898c37e1ecee8
326,ord_dataset-c5b00523487a4211a194160edf45e9ab:ord-39e82eb1c24841a5853f9c04d5adf7b3,ord_dataset-c5b00523487a4211a194160edf45e9ab,403,7d0c39b2fca1b6fe48b004ac12953f31149646a6c3850c21598372fa8a012cc7
327,ord_dataset-c5b00523487a4211a194160edf45e9ab:ord-3a17f7ec0ea5472887cc24546cc532f1,ord_dataset-c5b00523487a4211a194160edf45e9ab,958,f12706f2b85de31e00cfe7d4ac91a82ffbfbea80ebb3f85334c9d2798eaab67e
328,ord_dataset-c5b00523487a4211a194160edf45e9ab:ord-3a3f80dadd61464e8c82dad7bdbe3d69,ord_dataset-c5b00523487a4211a194160edf45e9ab,155,22a9b9e34959259e72e8d988044861d5a524a3af091337ef9c42a19eacd94d14
329,ord_dataset-c5b00523487a4211a194160edf45e9ab:ord-3a7a1a547bf84c3185ce873c58fc0f38,ord_dataset-c5b00523487a4211a194160edf45e9ab,984,186f15908b5f75a01afb7f99b77912315837701dab2fc782ba092dfe254ecb35
330,ord_dataset-c5b00523487a4211a194160edf45e9ab:ord-3a8f2bc9b3a746e1b33b44cf6f9604a1,ord_dataset-c5b00523487a4211a194160edf45e9ab,1246,71696d951ac72daa52bf94d95a2c0dfb4546b99e1952634dca55a4b0f05b2992
331,ord_dataset-c5b00523487a4211a194160edf45e9ab:ord-3a93153c4fc844bfbaad9cd7093f3286,ord_dataset-c5b00523487a4211a194160edf45e9ab,417,7f418afa15a268b446959078f08ffe7226fffacc3197eccbeaf9a860e9c561f4
332,ord_dataset-c5b00523487a4211a194160edf45e9ab:ord-3a9d31b03d754b539ee384fc6732addb,ord_dataset-c5b00523487a4211a194160edf45e9ab,998,586b7c80a38f3de35c8152f1934ad65245f1cfe86e77d783649a8e4afa851efb
333,ord_dataset-c5b00523487a4211a194160edf45e9ab:ord-3af5805f212d4c78bb9e97b792afb1db,ord_dataset-c5b00523487a4211a194160edf45e9ab,941,96bce072be2ada5784ce967399d57d7564a1610aa498b43ce3608446677abe29
334,ord_dataset-c5b00523487a4211a194160edf45e9ab:ord-3afd86bc59be4330b615122963184b71,ord_dataset-c5b00523487a4211a194160edf45e9ab,214,0f372090126a01ff622e9c5615621a711bf53d37418e86d8dfa429aab27c3862
335,ord_dataset-c5b00523487a4211a194160edf45e9ab:ord-3b12cbf4679b4b0d9376b018365d979f,ord_dataset-c5b00523487a4211a194160edf45e9ab,730,b427b4059a0f56c1cca58b7b871179e4fed1b2a4563638b9e466780cefd17a96
336,ord_dataset-c5b00523487a4211a194160edf45e9ab:ord-3b6b16dad70241208807f08a8797e5ba,ord_dataset-c5b00523487a4211a194160edf45e9ab,1058,a72f25b8e77b04b3b6dfb9726a6446ea21cc3db3b43bc548d4cd1fdc306a4347
337,ord_dataset-c5b00523487a4211a194160edf45e9ab:ord-3b72a7b465744a9ebd659a23016522cf,ord_dataset-c5b00523487a4211a194160edf45e9ab,661,e39e9f9df18c860c83d2b101b4272ac69d25afe1c4634b164094b11271f6d895
338,ord_dataset-c5b00523487a4211a194160edf45e9ab:ord-3b82fff8ea6f4540b9c8a9e3b0c2c292,ord_dataset-c5b00523487a4211a194160edf45e9ab,956,f98f8d7aabf527aa94ef298b1857c39b1f942d3e28805643db4f2d3fe79db8e3
339,ord_dataset-c5b00523487a4211a194160edf45e9ab:ord-3b881d1dd998498ab512a1a19690d651,ord_dataset-c5b00523487a4211a194160edf45e9ab,1109,1beabb43d8854af7691762e87bb406936a2274f75c48f0672d6489abd19d26bb
340,ord_dataset-c5b00523487a4211a194160edf45e9ab:ord-3c27bac527014eabba7c48e8a96a8b62,ord_dataset-c5b00523487a4211a194160edf45e9ab,646,40c36e2243b89d8af55b3e1fc061d55d1f68cb645eb1d85d93c537221a76d1bd
341,ord_dataset-c5b00523487a4211a194160edf45e9ab:ord-3c642f82975b4f27989dddd299110669,ord_dataset-c5b00523487a4211a194160edf45e9ab,968,e4f6d52fca880dcaafaa596fcbefbdbb9e5c979cf0e3dd0e146ef4544842f541
342,ord_dataset-c5b00523487a4211a194160edf45e9ab:ord-3cf28291945a4221974c03c3392ddb11,ord_dataset-c5b00523487a4211a194160edf45e9ab,428,42ad4a3777004b24fc4b26cd3ee1575ad1730d6b27f763b81475a0f4dcd16ec0
343,ord_dataset-c5b00523487a4211a194160edf45e9ab:ord-3d246057d8bc41f49c7123a734671620,ord_dataset-c5b00523487a4211a194160edf45e9ab,1200,bee05bcb7cc7467d673b50be4ea80bc2b8e7f208c4caa2420ade5ee4a8cde127
344,ord_dataset-c5b00523487a4211a194160edf45e9ab:ord-3d2fe2459b054eb3a33606fc2042419f,ord_dataset-c5b00523487a4211a194160edf45e9ab,1285,9ca6b5dd2c9f6cac2548af0bc41f8e57746549c8b6914fc0d1012b75fccaaf92
345,ord_dataset-c5b00523487a4211a194160edf45e9ab:ord-3d3b0137f1cd4a45a6ce14dad8838c57,ord_dataset-c5b00523487a4211a194160edf45e9ab,225,56366cd95c9d68456cca64a5a87a8e59c696fc8143bda0bdb0be9a5e67d6a52b
346,ord_dataset-c5b00523487a4211a194160edf45e9ab:ord-3d91ffb1ff2f46f4930c530109e25018,ord_dataset-c5b00523487a4211a194160edf45e9ab,222,ef5a84dba4171dfa8637430679d46f1dff6fcc0fc0cdee06782933c1cb322fcd
347,ord_dataset-c5b00523487a4211a194160edf45e9ab:ord-3da0f1c50f9849f69a402bef3637df6f,ord_dataset-c5b00523487a4211a194160edf45e9ab,78,8b35635d5616d1419465c789ea85d92119224bdbff0ccbaeaaa5d06362dba902
348,ord_dataset-c5b00523487a4211a194160edf45e9ab:ord-3df58372b73844a198975094b7574eda,ord_dataset-c5b00523487a4211a194160edf45e9ab,839,60509c9fa9b3717e70300005f21d1db4aaa16edd7b9143a77c7c9f2d61649965
349,ord_dataset-c5b00523487a4211a194160edf45e9ab:ord-3e25c7aebfa04988b4c1c177fdf6fd18,ord_dataset-c5b00523487a4211a194160edf45e9ab,1072,8d3a73d4bde3ea02058303ae61f4122e01a8f459f741a8a3e38f38d12e913cac
350,ord_dataset-c5b00523487a4211a194160edf45e9ab:ord-3e49de2d701c4cfe967955137488bd09,ord_dataset-c5b00523487a4211a194160edf45e9ab,1098,a4f492a8d6c303d9e681a06528a282d062d5ba1f513b7bc0de00913a87d99e68
351,ord_dataset-c5b00523487a4211a194160edf45e9ab:ord-3e88a465d33646619e3c90da9662b149,ord_dataset-c5b00523487a4211a194160edf45e9ab,366,f1c58da2615acc3048cec932343b1582e33b4108edfda3ca136a740c8d5f405b
352,ord_dataset-c5b00523487a4211a194160edf45e9ab:ord-3e8e6aee92994c83bfc9e775948c73f5,ord_dataset-c5b00523487a4211a194160edf45e9ab,136,e650c7e241f53c9cdf45e48547d243b71f793a6f1d86a32b6b9e6f1cb12fb9e6
353,ord_dataset-c5b00523487a4211a194160edf45e9ab:ord-3f128e639823450485c00ac1ba79a8ff,ord_dataset-c5b00523487a4211a194160edf45e9ab,181,5ef6e1ade7ea61d177b00a38d4e1384e8e7c2accc55b4912c0e97c469288a054
354,ord_dataset-c5b00523487a4211a194160edf45e9ab:ord-3f502e402956406bad0c2bfbeb249853,ord_dataset-c5b00523487a4211a194160edf45e9ab,999,d78ed1b14f259981c129cd59756ef9bc15ec9dc92d231f30e717ba6726be8873
355,ord_dataset-c5b00523487a4211a194160edf45e9ab:ord-3f669f3089044125be3fbcb06943bf6d,ord_dataset-c5b00523487a4211a194160edf45e9ab,975,d1ac33cc9f8516ed538522c81836e72e4f7fc1ab0f6e42206bf47aa6ae2c723c
356,ord_dataset-c5b00523487a4211a194160edf45e9ab:ord-3fc4506ae4c54fae88e454b15af792b3,ord_dataset-c5b00523487a4211a194160edf45e9ab,873,a44f17765bd3d7ad244e41bf2912a2653fb16d600b59d51e1e183a9e637eb3f8
357,ord_dataset-c5b00523487a4211a194160edf45e9ab:ord-404cc5cd2d504c57ace3266e4e2d6bde,ord_dataset-c5b00523487a4211a194160edf45e9ab,279,a22e357b3098981e54574de18a703148f5a11e501e4e2ade24ca460369462513
358,ord_dataset-c5b00523487a4211a194160edf45e9ab:ord-40cc92e9de214f50a23568c56f275fee,ord_dataset-c5b00523487a4211a194160edf45e9ab,1384,a0b5f68c2f53e4a60f2168c297839c4c20a294f6a7a5bcab4233006aeb8dd4b9
359,ord_dataset-c5b00523487a4211a194160edf45e9ab:ord-412054acb0a2465aa94172d06ad33e28,ord_dataset-c5b00523487a4211a194160edf45e9ab,1410,48af01fffdc0cae69ff900e48460f4e4e300b279c2a70825c226cd5dfb9660ac
360,ord_dataset-c5b00523487a4211a194160edf45e9ab:ord-4137a44768d74ed7a15acc0513a139ec,ord_dataset-c5b00523487a4211a194160edf45e9ab,488,6d83ef31a13810180bde970c270261369d60a114fc1d6e839e90212d0b45c393
361,ord_dataset-c5b00523487a4211a194160edf45e9ab:ord-416942b724274205b40c5796a9d5830e,ord_dataset-c5b00523487a4211a194160edf45e9ab,772,4ce4354f7d28ef992e98817bc5cee3b4369e41a6be3a00f3e6647b64767bfae1
362,ord_dataset-c5b00523487a4211a194160edf45e9ab:ord-4172267596904e37be871a99a681e82b,ord_dataset-c5b00523487a4211a194160edf45e9ab,287,bc50f26506df6abf70119f44202a262c07b7bd7a0cb88cdf162bf13d6d3bf970
363,ord_dataset-c5b00523487a4211a194160edf45e9ab:ord-418dbbade18043f9a056b9ba7f7b4b7c,ord_dataset-c5b00523487a4211a194160edf45e9ab,1182,2402931bf811bc19e2eecb0cc4a6e6a7c3881094cab258a92645c9fba9a79767
364,ord_dataset-c5b00523487a4211a194160edf45e9ab:ord-41a42e9790594a98a8ccb2af1ca5ac69,ord_dataset-c5b00523487a4211a194160edf45e9ab,561,5db3fb4385a6bbfd9f51f5bdebf7a03764350f3a442905960583f137e814ee4e
365,ord_dataset-c5b00523487a4211a194160edf45e9ab:ord-41ea0031d7124701a68fce4961f573af,ord_dataset-c5b00523487a4211a194160edf45e9ab,850,c9aafad72ee16589cef97bff24686219b01eb71b5ba06b502997c0f3e5f508e4
366,ord_dataset-c5b00523487a4211a194160edf45e9ab:ord-42024afaaee14526886e0c7254d73c11,ord_dataset-c5b00523487a4211a194160edf45e9ab,942,f03f31c6908dd99c6b685e4ceeb4d243c2f4193c22f278730e76313af0aed1c0
367,ord_dataset-c5b00523487a4211a194160edf45e9ab:ord-4203f43418504d0e872add2fa94a0d30,ord_dataset-c5b00523487a4211a194160edf45e9ab,1193,370b21ef00268dde24948a7a9af1e40821712ab3f46e7be990da5ec0d2f6c179
368,ord_dataset-c5b00523487a4211a194160edf45e9ab:ord-42064d3bce254e5b88a15f4777f6c599,ord_dataset-c5b00523487a4211a194160edf45e9ab,1172,4d36918bc0ed3eaa8a3576de70a5afdf6fbfd7daa991464c03d81a1f9c24d162
369,ord_dataset-c5b00523487a4211a194160edf45e9ab:ord-4259e196f3d146b8bb0e9699726edec3,ord_dataset-c5b00523487a4211a194160edf45e9ab,724,a3f8cfeb514db5049dbc58ae24c4e5b0b2f3af62fc93319d6b1439c06b372847
370,ord_dataset-c5b00523487a4211a194160edf45e9ab:ord-428b32ba8fa546bab85dd1c7b71bdf43,ord_dataset-c5b00523487a4211a194160edf45e9ab,903,4664997103809b3108e091d88aaa3cee07ea316602846925cbe809b8d8b7155b
371,ord_dataset-c5b00523487a4211a194160edf45e9ab:ord-42d90a42755e414c911bbdcdd437eb7d,ord_dataset-c5b00523487a4211a194160edf45e9ab,1179,0fd3d70870f69584bfedba1bbb0e9a018ef04cd224620e850cea58937d864d9c
372,ord_dataset-c5b00523487a4211a194160edf45e9ab:ord-431b1ee692c04a288913f64ee930ca0c,ord_dataset-c5b00523487a4211a194160edf45e9ab,397,197acc03ea56dacdfb02b0a3bb90346f6a068229f5b58a5f2ac7f22e1cf3148d
373,ord_dataset-c5b00523487a4211a194160edf45e9ab:ord-4369e6f5e0d4419c916e0a440a458a02,ord_dataset-c5b00523487a4211a194160edf45e9ab,617,70352d979568e91a6b8dd10c650447e4407bffaebdf18498351ef01dc16648ae
374,ord_dataset-c5b00523487a4211a194160edf45e9ab:ord-438489db13b34228abd4582444ac577b,ord_dataset-c5b00523487a4211a194160edf45e9ab,1320,da0adf92b231b431de055c961f585f43954063604b64d4d0c94922c455d9e517
375,ord_dataset-c5b00523487a4211a194160edf45e9ab:ord-43ba1fbfaa364281ae8d8c3ebbfe029d,ord_dataset-c5b00523487a4211a194160edf45e9ab,745,2f97d55a391c4b2b3adf65a424a132816492a7d3818e95770146375a6c1903f1
376,ord_dataset-c5b00523487a4211a194160edf45e9ab:ord-447686bcfc5f4519afc0667ad999f6ee,ord_dataset-c5b00523487a4211a194160edf45e9ab,1245,68b5334c9d7d4af1d6828d25720469ce7979c37c63ca4514ad233ad67e83d078
377,ord_dataset-c5b00523487a4211a194160edf45e9ab:ord-447782f3b4924eb3aaf4c7382b7ee198,ord_dataset-c5b00523487a4211a194160edf45e9ab,319,3eb04bddfd77e241d1147229dd805a12cb8bbd56f308ce6b7690da492a277cf6
378,ord_dataset-c5b00523487a4211a194160edf45e9ab:ord-44ba08e62ff9496bb9fc95122e6ee41b,ord_dataset-c5b00523487a4211a194160edf45e9ab,193,6e9462c9b06369c746ee23cf3150a34bd077ba15d12639a62fe1bf94d7970316
379,ord_dataset-c5b00523487a4211a194160edf45e9ab:ord-452696beab0d454db54a8ab576366739,ord_dataset-c5b00523487a4211a194160edf45e9ab,948,71050121a050f9694e2b2ab96d3afd09917ca04d3ec5566dc8ef73b69b00b04b
380,ord_dataset-c5b00523487a4211a194160edf45e9ab:ord-45859885c0cb43058ecc635ba64d975d,ord_dataset-c5b00523487a4211a194160edf45e9ab,605,53c9ba8554c7a3d6ebf37ad18c1076541449c26f699fc8227544de416f85947d
381,ord_dataset-c5b00523487a4211a194160edf45e9ab:ord-459c317edee649c590c38eedc5c0199a,ord_dataset-c5b00523487a4211a194160edf45e9ab,962,bbda124ef0835576ae4207145907e1a8e78c4539f14ba6302271a63c989ef248
382,ord_dataset-c5b00523487a4211a194160edf45e9ab:ord-45f1f47ffc4a431685c27c039c5bb63c,ord_dataset-c5b00523487a4211a194160edf45e9ab,1092,ee214f96c5f9b185d7efe3fba2616bd213d2abfbfbb945c8f9fa3434a1391df2
383,ord_dataset-c5b00523487a4211a194160edf45e9ab:ord-45ffb3094da54022a7dfff3f42f6f7fb,ord_dataset-c5b00523487a4211a194160edf45e9ab,878,1ebd52222afcef204b4bf9b56fa3e5961a9318719831c957302877b04407f3da
384,ord_dataset-c5b00523487a4211a194160edf45e9ab:ord-462a5bab65494bf4b902cf860398d345,ord_dataset-c5b00523487a4211a194160edf45e9ab,167,3655f2325a7ad8caf5f8db527b74f909bae4e7d4273bff42a91b1a5aa8f72f42
385,ord_dataset-c5b00523487a4211a194160edf45e9ab:ord-462aea23a6fc4f6492c7be7dded7446c,ord_dataset-c5b00523487a4211a194160edf45e9ab,673,986888c3735d8e39352e8c5acc2e049650bb302261457bbd63fedc5bdf074db8
386,ord_dataset-c5b00523487a4211a194160edf45e9ab:ord-465ee5418c654f779040ba71d7869634,ord_dataset-c5b00523487a4211a194160edf45e9ab,1423,2cf7dc68d37ffaa584d7c281fc69fa291711adec4865035159afe904ca51d53f
387,ord_dataset-c5b00523487a4211a194160edf45e9ab:ord-46982714b28d4b41aad06dca7d26c5b9,ord_dataset-c5b00523487a4211a194160edf45e9ab,1229,1b058f04e9b9c6a6bc29c1d70cc4af594ba3364b312ebe0182360af459d8d313
388,ord_dataset-c5b00523487a4211a194160edf45e9ab:ord-46d86fe36efd4ded9b76c859d4c99fbd,ord_dataset-c5b00523487a4211a194160edf45e9ab,814,7c85af213cedd0b83df634ff97c674277dd521a76d1cbe853073be99b1c5c5d3
389,ord_dataset-c5b00523487a4211a194160edf45e9ab:ord-46f9d0d201eb492aa87661a060207063,ord_dataset-c5b00523487a4211a194160edf45e9ab,680,cdba88e33884e609cdc1a4659235bf68e61da09f0eda94e951742c8487473a32
390,ord_dataset-c5b00523487a4211a194160edf45e9ab:ord-470f1538685c4c888d22c0f81057f8c7,ord_dataset-c5b00523487a4211a194160edf45e9ab,806,8d637f5d98074fd16006cc2bc62a13acab455be1ca4b02223c3cdf324ea97e99
391,ord_dataset-c5b00523487a4211a194160edf45e9ab:ord-47315e56b87a48529947d95301be53b3,ord_dataset-c5b00523487a4211a194160edf45e9ab,1165,55069e405ea828d52174c061b146a1a73a46b67b6a1a53880d2325a816e286a0
392,ord_dataset-c5b00523487a4211a194160edf45e9ab:ord-4744eb5cbf654dd99c4311d79531b2af,ord_dataset-c5b00523487a4211a194160edf45e9ab,1203,cd72e8e49ba76b2ffa946b1eab12841c8d8500c6511a5935239a74fc7bad2af7
393,ord_dataset-c5b00523487a4211a194160edf45e9ab:ord-4785a43a95d64fa9bec1b6bbf135d78e,ord_dataset-c5b00523487a4211a194160edf45e9ab,43,aafc3db1537a4ab4078aa2fdc79670c58b6655b30886a6034c7dc059acb33847
394,ord_dataset-c5b00523487a4211a194160edf45e9ab:ord-478f0807e29442f2826c6eae6e7a64d5,ord_dataset-c5b00523487a4211a194160edf45e9ab,1119,ee9e7da95bda6353da017a07e69d136ee555ed141a3a98e94ef5f2ce4c30f378
395,ord_dataset-c5b00523487a4211a194160edf45e9ab:ord-47b0c0ba8a37406c9fd71d9842a7e60f,ord_dataset-c5b00523487a4211a194160edf45e9ab,347,03805016a035c866875df83fe8ea794effececde0b0d4ea1881e6f5de7fa2d37
396,ord_dataset-c5b00523487a4211a194160edf45e9ab:ord-47ee02310696461ab0334e2936269611,ord_dataset-c5b00523487a4211a194160edf45e9ab,1291,92ef865594f39c5dfc468e00913a944744d5b1be9720f5a24d7cb684e1175bd9
397,ord_dataset-c5b00523487a4211a194160edf45e9ab:ord-488de3594b744f8cbe9865c45597fb65,ord_dataset-c5b00523487a4211a194160edf45e9ab,519,ea15c407c5429b5ff1d028f2326f4567f550882f77df27c872469a17752e937d
398,ord_dataset-c5b00523487a4211a194160edf45e9ab:ord-48a0e3fe2c3144138a15cda47a66e2fd,ord_dataset-c5b00523487a4211a194160edf45e9ab,207,24e4ca83c5649d81b3a12541a47db7db46d36d53da03c766fd77aec3b39da4f8
399,ord_dataset-c5b00523487a4211a194160edf45e9ab:ord-48cd97b4c1814a92b8ac6084fd695a3f,ord_dataset-c5b00523487a4211a194160edf45e9ab,257,7bebaddd41bd16d003275f6cd298db427c127a7900138b815e488659fae33b37
400,ord_dataset-c5b00523487a4211a194160edf45e9ab:ord-48dbfea5188f40d3ba246a647320326d,ord_dataset-c5b00523487a4211a194160edf45e9ab,743,f2a507e9907e5e7d3453058dbc9c56401f81d6271543bf637a57536a90d57070
401,ord_dataset-c5b00523487a4211a194160edf45e9ab:ord-48e08d9f01794e72a0f89f6dc1efe0ac,ord_dataset-c5b00523487a4211a194160edf45e9ab,275,6c7e2c5feca76cc26c26ce941d7d80eb22831df4d4c3700aa1c77520b85a6898
402,ord_dataset-c5b00523487a4211a194160edf45e9ab:ord-48f9a37d88ae473c8f527a11becfa5bd,ord_dataset-c5b00523487a4211a194160edf45e9ab,495,f595b7fb4e174180d26da0dc193eb3bb7cc112c70bd6772706e829a7228f1c15
403,ord_dataset-c5b00523487a4211a194160edf45e9ab:ord-4906398a263a42d1a2bf0a5f4e09df9d,ord_dataset-c5b00523487a4211a194160edf45e9ab,1309,f29f612531b74b4f3ebbc12b8de99c5c3fe974decb971a9cdea8477277772502
404,ord_dataset-c5b00523487a4211a194160edf45e9ab:ord-49709262853a4eb992437e3740e07d49,ord_dataset-c5b00523487a4211a194160edf45e9ab,1052,5f3e38d1e6cab06b99dcc2ad92ea71622bc249ac15e6d68663dfc90b49d7e441
405,ord_dataset-c5b00523487a4211a194160edf45e9ab:ord-499e8405d73d49fa87caee427222ae14,ord_dataset-c5b00523487a4211a194160edf45e9ab,643,96c79c83d01a575c785c37a33883bac26b16537e6d98374aef946ccba3ab0f68
406,ord_dataset-c5b00523487a4211a194160edf45e9ab:ord-49a643fd6c624798b45d846bee28110e,ord_dataset-c5b00523487a4211a194160edf45e9ab,655,69a5dcfa6b4f5bd55012693448bd0e467620514dde0a78ea35a5ff84c2abb0fc
407,ord_dataset-c5b00523487a4211a194160edf45e9ab:ord-49ef17288527486a9133c40ffd552fdd,ord_dataset-c5b00523487a4211a194160edf45e9ab,360,bbbc73327740495c15911c5d22b56239327bc5febb6a4446d7db661ed9eb7333
408,ord_dataset-c5b00523487a4211a194160edf45e9ab:ord-49f8e898384e4c54b0e3d9c8b9d274e4,ord_dataset-c5b00523487a4211a194160edf45e9ab,487,2541ae544aa5f90135c4c2dbae2ea38535220e726a73b978865f0e6557dd7d55
409,ord_dataset-c5b00523487a4211a194160edf45e9ab:ord-4a17fb9dbe6244ccbbf92b7068635380,ord_dataset-c5b00523487a4211a194160edf45e9ab,597,e02abd52cf07a62f8fc4e91fbae66005b5d7a9f1a8f4f5cfbdc28facf548c1ea
410,ord_dataset-c5b00523487a4211a194160edf45e9ab:ord-4a259e450b434c16838d5c03160ed333,ord_dataset-c5b00523487a4211a194160edf45e9ab,1079,0be7ef4635f3055038b9f83da79d159db8b28e97a1ff5cd62aef00364c288831
411,ord_dataset-c5b00523487a4211a194160edf45e9ab:ord-4a4c0563818c435ca50e3c8c3e9c26a0,ord_dataset-c5b00523487a4211a194160edf45e9ab,1166,e80ea9816e93e48e5dbe1fd31cdee887b4ddb14532acc426d87370ca28b3dc98
412,ord_dataset-c5b00523487a4211a194160edf45e9ab:ord-4a8fdd4f2aa0468dbff4c9d16e117a86,ord_dataset-c5b00523487a4211a194160edf45e9ab,194,e8c3755e6134105d9415e6688efcaa95e72251b7ccdc38ceee402c1a9fea4919
413,ord_dataset-c5b00523487a4211a194160edf45e9ab:ord-4a96d09f89eb411a817eea5238771c9a,ord_dataset-c5b00523487a4211a194160edf45e9ab,325,b549a64caacd48ea5f704a592156d0a06c498a8ff028cfaf6ed25e4eed7a9ea3
414,ord_dataset-c5b00523487a4211a194160edf45e9ab:ord-4ad4dbea2d284841ba377da261814f4d,ord_dataset-c5b00523487a4211a194160edf45e9ab,30,834d2d00046efbb0dcca178ef0890d12f9423c13f31dd8469d28d978d90fa550
415,ord_dataset-c5b00523487a4211a194160edf45e9ab:ord-4aeadb1b07f74ff0b29d787710577164,ord_dataset-c5b00523487a4211a194160edf45e9ab,289,56ba777462dab451c5ebd218583ab31cacf80c7bbe5128cd865661ce6acd9ca7
416,ord_dataset-c5b00523487a4211a194160edf45e9ab:ord-4affcbc9a0b047bca932fdd00a484c14,ord_dataset-c5b00523487a4211a194160edf45e9ab,848,487921fad1df7c27848ed62acc0d1468e320dab7e8f144c8ec48951710f99f1e
417,ord_dataset-c5b00523487a4211a194160edf45e9ab:ord-4b60d28457224233b7443d89d7985fd6,ord_dataset-c5b00523487a4211a194160edf45e9ab,600,ec69da98cc7b60807e79ecb2177086e2a0b6ba4a5a24b612d120e5d025248404
418,ord_dataset-c5b00523487a4211a194160edf45e9ab:ord-4b803283d2f0459da25d367453b5a0fc,ord_dataset-c5b00523487a4211a194160edf45e9ab,890,5e41133e57879f4c2e75ed262731d28520174096a95f0fcf6e16bb5e625b6171
419,ord_dataset-c5b00523487a4211a194160edf45e9ab:ord-4bb12a30019a42fb952754fd88e347d9,ord_dataset-c5b00523487a4211a194160edf45e9ab,896,489a21a40a7e5ef3ff797b80a40b040272472052c13b334f15b03db1e24917db
420,ord_dataset-c5b00523487a4211a194160edf45e9ab:ord-4bf65bdb7a8c4e56b2b06912d87f1f7f,ord_dataset-c5b00523487a4211a194160edf45e9ab,820,e75447a81e5cdda8d6e23fa5406dd80687fb98d40716b55862731ae25147b610
421,ord_dataset-c5b00523487a4211a194160edf45e9ab:ord-4c08e286aa0042519e274071e3fa8e0c,ord_dataset-c5b00523487a4211a194160edf45e9ab,341,8ea94bca208186dc2c92e8c08f30f729be66b8b7008c2ad410ece34ee9b19016
422,ord_dataset-c5b00523487a4211a194160edf45e9ab:ord-4cc85a1118e143a1979647087aa7f4be,ord_dataset-c5b00523487a4211a194160edf45e9ab,709,d8f6edd5eb3427cc86319cbda3af9887a0a9e4e5c780c001f3388ac1c5c6754d
423,ord_dataset-c5b00523487a4211a194160edf45e9ab:ord-4cd082121eac435aa874cb5907a6c5e3,ord_dataset-c5b00523487a4211a194160edf45e9ab,117,3ac1417936e33d8c5c079abf7a57de4958a29ffeb466f1efca57437c96b04fce
424,ord_dataset-c5b00523487a4211a194160edf45e9ab:ord-4cf16433092549b282771e49e4925d32,ord_dataset-c5b00523487a4211a194160edf45e9ab,1136,f24b0a6d3ea700753cf69f818dcb6682cf9186becf1628205dcc3118aeb98725
425,ord_dataset-c5b00523487a4211a194160edf45e9ab:ord-4d9d333dde24495c980aa11109df5190,ord_dataset-c5b00523487a4211a194160edf45e9ab,1128,2f0e9705594554a81ae0f6f8069a8206905562dacd6c9dad77a3a8b7cc3447fc
426,ord_dataset-c5b00523487a4211a194160edf45e9ab:ord-4dadfeb433e44ffe8a660abe8870bd3c,ord_dataset-c5b00523487a4211a194160edf45e9ab,993,16d058b59c6d1219fa63b5ec947b8d04a874d715136a4da76ad8f0c662e1496f
427,ord_dataset-c5b00523487a4211a194160edf45e9ab:ord-4dc79c29ba124e82b306c0433a226739,ord_dataset-c5b00523487a4211a194160edf45e9ab,173,185604edd346d81b1f465168c821e1c49623b4fc46edc629c8cacbd905428597
428,ord_dataset-c5b00523487a4211a194160edf45e9ab:ord-4de96ea86d4d4937a9f14f190df1bd92,ord_dataset-c5b00523487a4211a194160edf45e9ab,960,5f9bda90a807611da287dfd8b24e9578ef7ebd7e227f4c8d506d53ed9ffd3cea
429,ord_dataset-c5b00523487a4211a194160edf45e9ab:ord-4e02370528574a1f94e0f8469a286148,ord_dataset-c5b00523487a4211a194160edf45e9ab,254,1a551b20e850dc11ce684b43e181d15625fc7413fde0f5bdf4b23ae637ea329f
430,ord_dataset-c5b00523487a4211a194160edf45e9ab:ord-4e14f920cf0b48b59878a1230d3db4ac,ord_dataset-c5b00523487a4211a194160edf45e9ab,27,f490ca594b3168944eca522ca50ea551001f74d8e0eaf94147782723eb53ea74
431,ord_dataset-c5b00523487a4211a194160edf45e9ab:ord-4e5348d3f7c3490bbf9322ade91a92a9,ord_dataset-c5b00523487a4211a194160edf45e9ab,270,e93bbd0acd40caca7987f5dee7b0231d23ec2843d10efe6a0db020828daa92a4
432,ord_dataset-c5b00523487a4211a194160edf45e9ab:ord-4e82a8fcf15240ad9147f2806b2ba6bc,ord_dataset-c5b00523487a4211a194160edf45e9ab,37,bc63400419f3b34b52e0d42448a60a2d330ef673aa17fccff4810661a684d892
433,ord_dataset-c5b00523487a4211a194160edf45e9ab:ord-4eaf277e62d34637bee18ed614bb2ed0,ord_dataset-c5b00523487a4211a194160edf45e9ab,535,3670146196ef2a44b65ef68c494c8b74474b90ce70c13d2d89adfb9911cde426
434,ord_dataset-c5b00523487a4211a194160edf45e9ab:ord-4efa57b5a3ed4bf789d16c6f5fe7cfaf,ord_dataset-c5b00523487a4211a194160edf45e9ab,1105,3cc8a720f87981632139716fad386383e2b4b994bb80823ab571a6bb19421f3b
435,ord_dataset-c5b00523487a4211a194160edf45e9ab:ord-4f0996e2889347339397a87079490080,ord_dataset-c5b00523487a4211a194160edf45e9ab,986,6ef222cf57e9cd884f76771d0db056ac9d6f638c479b4a71c3ff144e87c621f2
436,ord_dataset-c5b00523487a4211a194160edf45e9ab:ord-4f51b1cf417144638bb1e041deca8e68,ord_dataset-c5b00523487a4211a194160edf45e9ab,63,2690d7dd74b101cda705fd860919038c8d0c9053fd6b2975820ccabb62921bf0
437,ord_dataset-c5b00523487a4211a194160edf45e9ab:ord-4fa0c6149a3946a69b42941ceb0bd21c,ord_dataset-c5b00523487a4211a194160edf45e9ab,740,05405002abefb6d4d0785ea731eb04dab01c1f78d9d9f4e6c19aa26b607fb0bf
438,ord_dataset-c5b00523487a4211a194160edf45e9ab:ord-4fd3f74232394af885f3395af40c6088,ord_dataset-c5b00523487a4211a194160edf45e9ab,784,9b78bc4d297b4cce826b9e9648ac3d8e1f246b4a7c514afca0aab2442eda75cc
439,ord_dataset-c5b00523487a4211a194160edf45e9ab:ord-4ffcaf2ce84048d08cce19923964001a,ord_dataset-c5b00523487a4211a194160edf45e9ab,897,41b4d2ce8576e4c22646f821999cfad1868bb1690aa53a1786820c6b1e38a8e1
440,ord_dataset-c5b00523487a4211a194160edf45e9ab:ord-501cd4ea1faa4b93979f70a51d83bcf0,ord_dataset-c5b00523487a4211a194160edf45e9ab,1071,c4fb290df6598c7fd0780e1fc0bb7da2453a3cff5be96fa0751e2f35e8330229
441,ord_dataset-c5b00523487a4211a194160edf45e9ab:ord-502e7bef5c474827b4e2b710175dc8f6,ord_dataset-c5b00523487a4211a194160edf45e9ab,638,181833fed3b041ab21ac1c0b7d5a008549af59c6c287da99db25dc610be80a3f
442,ord_dataset-c5b00523487a4211a194160edf45e9ab:ord-5070e64bc67b4397a7ad4b261aa79136,ord_dataset-c5b00523487a4211a194160edf45e9ab,712,42e9b3a2b4da09a11cce8c79cc5ac8d6b408a2883df6d8a85178c60fc05e8437
443,ord_dataset-c5b00523487a4211a194160edf45e9ab:ord-50d505d29ac74e588d02f53675ea8731,ord_dataset-c5b00523487a4211a194160edf45e9ab,1175,3c9ca182bc3d1900169ca9487e9e74dcdf5df801d3772256e1c08dbb39d4a8f6
444,ord_dataset-c5b00523487a4211a194160edf45e9ab:ord-50e6c5fc393d49728bd467da70a42f37,ord_dataset-c5b00523487a4211a194160edf45e9ab,389,56d6a2fa202f7c80614875c110562565a81a5e5269d0ff7920a0deb822dbd167
445,ord_dataset-c5b00523487a4211a194160edf45e9ab:ord-50e8520c11904a4cb3de8eb2fa9db80c,ord_dataset-c5b00523487a4211a194160edf45e9ab,580,b71fd4f4740b68c93e6c9864febd6c6d9636594bd3fa839d3a71ab0ca841df3d
446,ord_dataset-c5b00523487a4211a194160edf45e9ab:ord-5148cba5a3da497085219e3e09e1095b,ord_dataset-c5b00523487a4211a194160edf45e9ab,158,fcba1c7b27360bad1ee02e812c82b1a0539a95ad5643d47424c310ac4c6d9501
447,ord_dataset-c5b00523487a4211a194160edf45e9ab:ord-51562bb2cfb24aa7a70a9f30d2df1c33,ord_dataset-c5b00523487a4211a194160edf45e9ab,76,58afbf1ca369fe88c83c510047ebd5e44eb32e45439fc1514aced5eb212c6844
448,ord_dataset-c5b00523487a4211a194160edf45e9ab:ord-516012c512f24f4c989b96b2f927df52,ord_dataset-c5b00523487a4211a194160edf45e9ab,125,0202f79423c8e63ff7b7b54af0b9c82a40dca247bdea54ecaf05c745a53af914
449,ord_dataset-c5b00523487a4211a194160edf45e9ab:ord-517d671bfcfe447aaa9442bb4e8bed6b,ord_dataset-c5b00523487a4211a194160edf45e9ab,1361,4c7052ea6a2dcfea42a15f8f19d1601318876778458ad5205df2e74654f86b49
450,ord_dataset-c5b00523487a4211a194160edf45e9ab:ord-51dde4e3b3bf4355a9f5b22a5d4da99f,ord_dataset-c5b00523487a4211a194160edf45e9ab,1288,774893d5b6fd6c0bd6b3f00b682966fae7f4f5dc0b3c8f02ee825f048c296693
451,ord_dataset-c5b00523487a4211a194160edf45e9ab:ord-5242f87ee7384678b7c9ad543865421a,ord_dataset-c5b00523487a4211a194160edf45e9ab,1127,7bed7ad2fbf48a85df9ded9263bd3136126e61edff20a4a6de11d9107cf5e4a7
452,ord_dataset-c5b00523487a4211a194160edf45e9ab:ord-527b43ad96594043ada6be8c590b7ae7,ord_dataset-c5b00523487a4211a194160edf45e9ab,1024,7450a2d5f1bea4531bac33d1edd5b7e63840ab4c92fccf5c0dcdc25ecd5c1396
453,ord_dataset-c5b00523487a4211a194160edf45e9ab:ord-5295937c471c4c3fb7d485de8aec8419,ord_dataset-c5b00523487a4211a194160edf45e9ab,1228,f27d8bb4e5905f4e9a19181e89e01356296bdfdd67fb0bc594ec2f99f90fdfeb
454,ord_dataset-c5b00523487a4211a194160edf45e9ab:ord-52ea9e8b404544ed80e11b4d3a483d5a,ord_dataset-c5b00523487a4211a194160edf45e9ab,41,8e7e1eb2d96b0cda927e63048e99d54415d41c5a538bb359e2eb8470c5de5639
455,ord_dataset-c5b00523487a4211a194160edf45e9ab:ord-52f42397eb934ab184dbf8d748fb37f4,ord_dataset-c5b00523487a4211a194160edf45e9ab,1191,d49df02b10de183c821343381466159b4efa9ec3080403bd60a523dac341221a
456,ord_dataset-c5b00523487a4211a194160edf45e9ab:ord-531d2e6ba3fe4219a0e3803209acd3b2,ord_dataset-c5b00523487a4211a194160edf45e9ab,1254,90cae9069d961827d54923cd96dd9ab2ab8f448765b1525bc58d7ee54b5a920c
457,ord_dataset-c5b00523487a4211a194160edf45e9ab:ord-5371988837634f90880655a30476ff42,ord_dataset-c5b00523487a4211a194160edf45e9ab,1413,447914f0fd6e54a94dcd1e62e27f8e0ae3b3d93fe5e7132b5e68e635101a91aa
458,ord_dataset-c5b00523487a4211a194160edf45e9ab:ord-538224dc2b44418390f0785bd111e5c3,ord_dataset-c5b00523487a4211a194160edf45e9ab,165,c7d2398de26e9bc7ac4b155ac0a815a09980a9ef896cbb241e3b3ee39dba5dbc
459,ord_dataset-c5b00523487a4211a194160edf45e9ab:ord-53b6ca1f430446509b29c7207be47eca,ord_dataset-c5b00523487a4211a194160edf45e9ab,323,e6375866c6205e447a4ba3faf8c6a4fa17c961dfc412bf8f828acfd9adf31ec4
460,ord_dataset-c5b00523487a4211a194160edf45e9ab:ord-53d86757e0e24c9481fa2e8f353b2cc9,ord_dataset-c5b00523487a4211a194160edf45e9ab,1236,8d9ceabdc08604bf02575771ac7210c4d7ecae6f48acb1d69dbc08dba92471ca
461,ord_dataset-c5b00523487a4211a194160edf45e9ab:ord-53e6cd3ae2d146f8a6453a5e997a86e4,ord_dataset-c5b00523487a4211a194160edf45e9ab,261,0369f9851861dc6216ef8648d66a50903ea4f3cb60dbdf08d0baf2dda69a0f11
462,ord_dataset-c5b00523487a4211a194160edf45e9ab:ord-53fd5ee242c9400cb6e0f1bcd846cbcb,ord_dataset-c5b00523487a4211a194160edf45e9ab,981,7144e1309ebda39a86a95386d90ca2f18138823997ce164646c091076b7badbc
463,ord_dataset-c5b00523487a4211a194160edf45e9ab:ord-54430ed9afc24d289c8103f26ac91c50,ord_dataset-c5b00523487a4211a194160edf45e9ab,1232,c26788cd3e51c68bfc87d7c54eb9ff9122a9538e0b17869b2c2241512e73b34c
464,ord_dataset-c5b00523487a4211a194160edf45e9ab:ord-548b40d8c9a445f78fadf0b8b3e8cfb7,ord_dataset-c5b00523487a4211a194160edf45e9ab,1316,9fe200edcbfea5630a0ee217e1d50f243d851241d467b4154f1ccd48c56df2d8
465,ord_dataset-c5b00523487a4211a194160edf45e9ab:ord-549d13b5e12b4a8585377a8b657dde4a,ord_dataset-c5b00523487a4211a194160edf45e9ab,865,8569eeacce5df9350617564df545980c56d38e276553fc92058b59e817316e5a
466,ord_dataset-c5b00523487a4211a194160edf45e9ab:ord-549ffb49823b40eaa6f136986a8906a2,ord_dataset-c5b00523487a4211a194160edf45e9ab,1371,0dece264263c0082f7b6eba7feffb1898dd205b99f0067861a3685374dfc464e
467,ord_dataset-c5b00523487a4211a194160edf45e9ab:ord-54dae49d4d5746d1b98b6506fd4bfc21,ord_dataset-c5b00523487a4211a194160edf45e9ab,1338,d52db43f481e3c6a5a05bc53ed09b5ff095bd0322848d2459483e460fd377f87
468,ord_dataset-c5b00523487a4211a194160edf45e9ab:ord-54e1010e24e64fa29e340fa8442bf8f6,ord_dataset-c5b00523487a4211a194160edf45e9ab,940,10d2bed488dd5bee768b0b11debfebc1f570fe94c65e827ad95d1d78d220e9b0
469,ord_dataset-c5b00523487a4211a194160edf45e9ab:ord-54f2efea07c84193b870e9f6bbce6449,ord_dataset-c5b00523487a4211a194160edf45e9ab,720,02d07668e39dc55eeed2b46afc2123761a2ab15dd9904a0f6a7a94f60f5c9740
470,ord_dataset-c5b00523487a4211a194160edf45e9ab:ord-552dc25b03e148d08b86b3688fb244e0,ord_dataset-c5b00523487a4211a194160edf45e9ab,923,105f1f6f0b449dfe958bde440a40f94b5fea36ad2bcc419a3f1617f576bcecbb
471,ord_dataset-c5b00523487a4211a194160edf45e9ab:ord-5550c46a08ed4df8beee312efb4dab41,ord_dataset-c5b00523487a4211a194160edf45e9ab,705,68f6da14b0464ba2ac583657fb39ce39dc499b3027eaa2517cd593971650f1c6
472,ord_dataset-c5b00523487a4211a194160edf45e9ab:ord-5561826558d541d28877c6cd9605737c,ord_dataset-c5b00523487a4211a194160edf45e9ab,871,79635a00a90c22322e541b0891afbf055f781e8b21348d47bd6aefd29415b1b4
473,ord_dataset-c5b00523487a4211a194160edf45e9ab:ord-5573b589572c41fe93330b7e6831afda,ord_dataset-c5b00523487a4211a194160edf45e9ab,94,2bd3e42a1215a223b84ceb4b83b99f499660f01d94b936451de2fbcbc6379801
474,ord_dataset-c5b00523487a4211a194160edf45e9ab:ord-559eba5105b04f749dc7f1d21d498597,ord_dataset-c5b00523487a4211a194160edf45e9ab,1318,844dc019ca482f6c62660e760b625eda578c26ca41ef6dd035ab6648f5dd6ded
475,ord_dataset-c5b00523487a4211a194160edf45e9ab:ord-55c5a15d10d24be09726ae9a7393470b,ord_dataset-c5b00523487a4211a194160edf45e9ab,1056,46f74d8151aed1bc84abcf9552bccceec9c30453dd1dbc672097c80482669843
476,ord_dataset-c5b00523487a4211a194160edf45e9ab:ord-55c6f3c643c14f66b7ee3b19fb4d119d,ord_dataset-c5b00523487a4211a194160edf45e9ab,1187,e70a38bfae12934844e754ee4c88c44ad4192556078abec03d3e7cc0211a0c18
477,ord_dataset-c5b00523487a4211a194160edf45e9ab:ord-55fb1b9cbabd4c00847d7de7a23c130c,ord_dataset-c5b00523487a4211a194160edf45e9ab,141,2b11152fe41c7fc58cc7ac5baa9c11b02e55ce4b35dfd1a34ef8eae5f5348046
478,ord_dataset-c5b00523487a4211a194160edf45e9ab:ord-56a6caf5cc3347349a8d12c57e8014ab,ord_dataset-c5b00523487a4211a194160edf45e9ab,721,3bc3004dc85ac348fe99f0f4f7719f9ffcaf92e8b3512e7ffea67885eb95b02f
479,ord_dataset-c5b00523487a4211a194160edf45e9ab:ord-56c3892208294cdcbb8f82b217e8ef10,ord_dataset-c5b00523487a4211a194160edf45e9ab,425,09a2b880ae553db6e1bcc4c680f2606901b6157eb75b7674a7af549edcabb734
480,ord_dataset-c5b00523487a4211a194160edf45e9ab:ord-57401cb28c624498b4f694f15a3f7e1c,ord_dataset-c5b00523487a4211a194160edf45e9ab,836,fa95e24e85fb7ae7d26a3685fac30c9469d9d6ac0248abc29bcc2c69e5ead7f1
481,ord_dataset-c5b00523487a4211a194160edf45e9ab:ord-5745e36b9b8b41cbb3767ecfc6553a58,ord_dataset-c5b00523487a4211a194160edf45e9ab,718,c7727ae1b58d66740ca21cc94d1f2bd201c1d68cf79e06ffc87737d85489f843
482,ord_dataset-c5b00523487a4211a194160edf45e9ab:ord-57bfb35d31a244d393f5a9197e97f84e,ord_dataset-c5b00523487a4211a194160edf45e9ab,1333,118f73200532150e98c7cb1ee437bcca66fef157d85c7aab99295ac00ad323a1
483,ord_dataset-c5b00523487a4211a194160edf45e9ab:ord-57cb2466ba604a81a3b2301503221ead,ord_dataset-c5b00523487a4211a194160edf45e9ab,1394,08d29baef3327583431c329c8037acdc6807f136eb69846e0b5129a63f8cdd30
484,ord_dataset-c5b00523487a4211a194160edf45e9ab:ord-58062021c8304902ac58ae3308e4b98b,ord_dataset-c5b00523487a4211a194160edf45e9ab,483,d01cb052c0a013ea18df5f25d7844bd5a7524d9a20c6e0905202a990fc45a77e
485,ord_dataset-c5b00523487a4211a194160edf45e9ab:ord-580cad0851904c9489f8a6b057854656,ord_dataset-c5b00523487a4211a194160edf45e9ab,1220,78af8b45a5a1d6e6561e4eb62a4ef6bae2b353a4c9c1187041730970708396bf
486,ord_dataset-c5b00523487a4211a194160edf45e9ab:ord-5817b27c72c54171b7a8a7c574fa4e4d,ord_dataset-c5b00523487a4211a194160edf45e9ab,1364,107829e63b440a9cf77724cb01845d74dc3569ad082167baf5cc5c40747e1e68
487,ord_dataset-c5b00523487a4211a194160edf45e9ab:ord-58351e3153d14c88b60ccf1b2278615e,ord_dataset-c5b00523487a4211a194160edf45e9ab,1050,a5d5b489e3afcd234f88347e232bdd86b92da18d091a7bd97e5c092a8002b5ef
488,ord_dataset-c5b00523487a4211a194160edf45e9ab:ord-5877776dbd5147cda4478ce1bd56b26a,ord_dataset-c5b00523487a4211a194160edf45e9ab,610,7e6b3826e25b40080e2531000b94379adbde7c2ace0b5526417c5488a3b9af39
489,ord_dataset-c5b00523487a4211a194160edf45e9ab:ord-588624c5ec9f46acad9f88a4b0c9329d,ord_dataset-c5b00523487a4211a194160edf45e9ab,1219,62b2f6073b28b93a3b5c71d0b5de93ae3c7c7de3d6966f68e659582ebf1ab43f
490,ord_dataset-c5b00523487a4211a194160edf45e9ab:ord-58c23730300047bbaa09e997d09252a2,ord_dataset-c5b00523487a4211a194160edf45e9ab,931,c940c60b453988083b37d4bcda9b2017040310ddcb755712fcea9dccdded5e79
491,ord_dataset-c5b00523487a4211a194160edf45e9ab:ord-59730ce457ae4a9e9088f38c454509c8,ord_dataset-c5b00523487a4211a194160edf45e9ab,1201,02ef0d251b67ba1a09f2f5224deaef352c345b12d96a50705dd23602f900e66b
492,ord_dataset-c5b00523487a4211a194160edf45e9ab:ord-598c32d3e6874a62a7106b4f0ad6bdbc,ord_dataset-c5b00523487a4211a194160edf45e9ab,1040,5909d12440c66c3d48fda9f222557528928454a34516216eee49ab219bb0535e
493,ord_dataset-c5b00523487a4211a194160edf45e9ab:ord-59b362102fe9442da1bb62e59ba75217,ord_dataset-c5b00523487a4211a194160edf45e9ab,1143,a77943ef73a8fab481a8cc840b7bf644a73764414878534ff562a2c3d97a4614
494,ord_dataset-c5b00523487a4211a194160edf45e9ab:ord-59c62b6bc17c40209054342ea7daa3ed,ord_dataset-c5b00523487a4211a194160edf45e9ab,527,dd44f0e3573cd217f80b8df17e04bcb1a8027400da5eb621eabdaf3c057c58a5
495,ord_dataset-c5b00523487a4211a194160edf45e9ab:ord-59c91a12453442efbf7c422dba03c780,ord_dataset-c5b00523487a4211a194160edf45e9ab,578,2fb1f1971b72697c384a1f85b1287f6ff5ce2aa03e2c64bd3bd8394ac50b0b60
496,ord_dataset-c5b00523487a4211a194160edf45e9ab:ord-59cdb20b397d41f4bd63134ee4d61126,ord_dataset-c5b00523487a4211a194160edf45e9ab,819,d373e3df7b3881793314ebccd67e7f16d3792757dc735e5a3002bd9dfb360c33
497,ord_dataset-c5b00523487a4211a194160edf45e9ab:ord-59fd04f952fe44ac80c9b1071ee3f1f7,ord_dataset-c5b00523487a4211a194160edf45e9ab,1000,9149ceedb0d4ba36d95d9021e60b43c7a8365bcd903228c89e14c9d7968ef0b0
498,ord_dataset-c5b00523487a4211a194160edf45e9ab:ord-5a49883bc09940c0a5668c1c4952e2b9,ord_dataset-c5b00523487a4211a194160edf45e9ab,615,301ecbbea1b4437c90674b8e80af7f96527d1162631dd56b80485cf9191ab537
499,ord_dataset-c5b00523487a4211a194160edf45e9ab:ord-5aa3b7af882b4e68ab06427c69c93b40,ord_dataset-c5b00523487a4211a194160edf45e9ab,1363,491e5f2949c05cedba8622227e7be4dd70a9a9e043969b9a56d19db11894fda1
500,ord_dataset-c5b00523487a4211a194160edf45e9ab:ord-5adf8fab7b9d4e79a1913830df521df2,ord_dataset-c5b00523487a4211a194160edf45e9ab,32,b860123ea9d98d689e0d362d98010ade7e543b968cf14ba472505ce521ae62ea
501,ord_dataset-c5b00523487a4211a194160edf45e9ab:ord-5b00014054c24a17bf709bfae76978a9,ord_dataset-c5b00523487a4211a194160edf45e9ab,674,366bbddd62d0bb63affef6ac3d577cde273cf0abe8adc564088a016ee34f6ec4
502,ord_dataset-c5b00523487a4211a194160edf45e9ab:ord-5b659b2c9c604d78b21f7bb7056cdedc,ord_dataset-c5b00523487a4211a194160edf45e9ab,1094,d8cc6821382377ae008aba88a7757f652d7d510b7d536e1c51b5b827933e2ac5
503,ord_dataset-c5b00523487a4211a194160edf45e9ab:ord-5bb65de83af34ae6a8c6596ff94e19e6,ord_dataset-c5b00523487a4211a194160edf45e9ab,920,23b690550128c0d8c6947c3fe0cf5ba56510b32d53c12e73c6de63ac037f0b80
504,ord_dataset-c5b00523487a4211a194160edf45e9ab:ord-5c51d3143c564e988d72c763f1683be3,ord_dataset-c5b00523487a4211a194160edf45e9ab,224,1685f7bb618bca5f2985f38a96ba18c26a29fb68db4a97152582ad81b9d1b052
505,ord_dataset-c5b00523487a4211a194160edf45e9ab:ord-5cff32cec0a4490a98ccd1e6932a41d2,ord_dataset-c5b00523487a4211a194160edf45e9ab,50,9a7fa441fd3536fac54a39e1c690c72c84053c23a19029c09295708cfb08993d
506,ord_dataset-c5b00523487a4211a194160edf45e9ab:ord-5d221ea9f005444898f0a91f3360bb09,ord_dataset-c5b00523487a4211a194160edf45e9ab,676,863c91e402961c828490e8730751d4a3a160dbc3fcb93f4a20e3dd58377f6b00
507,ord_dataset-c5b00523487a4211a194160edf45e9ab:ord-5d7f657d501e42568a41d6e2b70889f4,ord_dataset-c5b00523487a4211a194160edf45e9ab,429,f6f5bfc5dae2f0008b1bc448305162648f7cd773cbfba543e0350dfec851a064
508,ord_dataset-c5b00523487a4211a194160edf45e9ab:ord-5daf7a7d8be54f85b7b94e509ac85cfd,ord_dataset-c5b00523487a4211a194160edf45e9ab,24,bfe8da520115bdac0a1af677dc6e2dfcd5241b9725ef00e188e6a2d0f59c90b0
509,ord_dataset-c5b00523487a4211a194160edf45e9ab:ord-5db5b2de90b242c8bfae03e59f1bec7b,ord_dataset-c5b00523487a4211a194160edf45e9ab,1178,312ae913607eb18369dfab1682fd0bb980a62dccbcf9a7ca8c546cdd07bb0904
510,ord_dataset-c5b00523487a4211a194160edf45e9ab:ord-5dc20cd4e77843b3a9f254a387744ef8,ord_dataset-c5b00523487a4211a194160edf45e9ab,85,67c47100365a2a65dba52e681e0ca0d9110d763172e2dd17d31570383dbe873f
511,ord_dataset-c5b00523487a4211a194160edf45e9ab:ord-5ddcf16aca874827acef3b86cf355a1b,ord_dataset-c5b00523487a4211a194160edf45e9ab,619,a6ee93e55494f5a3cab3d83cd5942da58d3449f4dfc63cb5de1d4ac2d5678365
512,ord_dataset-c5b00523487a4211a194160edf45e9ab:ord-5debee263a944854bb23e6f74b4c64be,ord_dataset-c5b00523487a4211a194160edf45e9ab,729,e725fecd6fdcea33204e0d64bae2d7fb7d4e093fcebeaa6e4330e9cee7671293
513,ord_dataset-c5b00523487a4211a194160edf45e9ab:ord-5dedafe8625e43588e9641e13486d624,ord_dataset-c5b00523487a4211a194160edf45e9ab,361,7a3bc464bcd5aef1a7c29ce04cbb61a3a4999fd504242b47c7a942305409aec3
514,ord_dataset-c5b00523487a4211a194160edf45e9ab:ord-5e2aa53a329745db8211011ee1f11f91,ord_dataset-c5b00523487a4211a194160edf45e9ab,420,ddef60943fa1d6b9d10b4d051cfb9e8ef22514efecc5ed464f60d119e5d5ebaf
515,ord_dataset-c5b00523487a4211a194160edf45e9ab:ord-5e3c817e76a54d41a2a7d0570f8d6a58,ord_dataset-c5b00523487a4211a194160edf45e9ab,251,7b230c396f726c722e158a6b801ef08f89e8189961c347d86029937c39e35ec4
516,ord_dataset-c5b00523487a4211a194160edf45e9ab:ord-5e8854c2bd654572a2088339adc96f69,ord_dataset-c5b00523487a4211a194160edf45e9ab,241,92f65c90981400ec523f27b8d1a7a83433b1f30f884cbcd7a047cb99180a4a4c
517,ord_dataset-c5b00523487a4211a194160edf45e9ab:ord-5eb07d109c1a4dc0afac2fa3e9818b44,ord_dataset-c5b00523487a4211a194160edf45e9ab,412,69a0be911482a72c95af1edd8b075fe308dfd211b6234eb0e869f44220cd827f
518,ord_dataset-c5b00523487a4211a194160edf45e9ab:ord-5ee6cafb2a154c06848b34bfbcf6a466,ord_dataset-c5b00523487a4211a194160edf45e9ab,285,d8e72044cebd9c0b52fe2e598cec95f6e55f7ade3981730613fbfcf379947fd9
519,ord_dataset-c5b00523487a4211a194160edf45e9ab:ord-5f0d0603673c4efab24e18bb1a5174fa,ord_dataset-c5b00523487a4211a194160edf45e9ab,793,ed21209a80165f8f09663b423605238d212615a1dae1c4ce194e2f5dc6d3b79d
520,ord_dataset-c5b00523487a4211a194160edf45e9ab:ord-5f6d47116a2441b491e7765abbf9024b,ord_dataset-c5b00523487a4211a194160edf45e9ab,217,46ff7ea8f7959e8675a1b2e21406e8c4036fe728af94c9f0a39a7fdba42e5005
521,ord_dataset-c5b00523487a4211a194160edf45e9ab:ord-5fa9813506b74ad69e37e6c827a78339,ord_dataset-c5b00523487a4211a194160edf45e9ab,335,6e3836af61b520ec22c1fed2680f08095c95c8ec0e8b1a67a6b96b543f745d89
522,ord_dataset-c5b00523487a4211a194160edf45e9ab:ord-5fb8bd4ca8b64fcf8e69814a913bfacb,ord_dataset-c5b00523487a4211a194160edf45e9ab,767,b76767b1e4d7fd8b4152f27db3fbc7baa3101409abd7a67b2228d34ff8feef53
523,ord_dataset-c5b00523487a4211a194160edf45e9ab:ord-601d79a3d3b9450889424a27d2ad98fe,ord_dataset-c5b00523487a4211a194160edf45e9ab,438,91a37ed7696cb4dbaec0409a95988447f2979802c1c048c32f581d82f987b895
524,ord_dataset-c5b00523487a4211a194160edf45e9ab:ord-605a03061081437f83e94311800eb4d7,ord_dataset-c5b00523487a4211a194160edf45e9ab,1263,e268cec9acc47ac76ed8839450e66fb03701c133458fab1b5f9742e2cef1fe07
525,ord_dataset-c5b00523487a4211a194160edf45e9ab:ord-60624d0de04247109015656368c4e3ee,ord_dataset-c5b00523487a4211a194160edf45e9ab,197,5d699a27c234c6d2d22969d31c31b3cfb6d868baf166cd03aafc9025c0ce9cf6
526,ord_dataset-c5b00523487a4211a194160edf45e9ab:ord-6089b73f268848bf8d4251b379d02f72,ord_dataset-c5b00523487a4211a194160edf45e9ab,1414,cfbee3c331891ec4e52d329cd1f93b7db323c73801d6b8bbaddb502fe1bd714f
527,ord_dataset-c5b00523487a4211a194160edf45e9ab:ord-60ab56fdd5aa4943a5ee936b582e3d49,ord_dataset-c5b00523487a4211a194160edf45e9ab,1395,2ab1598dd6581b23de5de3e7a026e4cbbdf32876fd6e61a76adcf552851c43cb
528,ord_dataset-c5b00523487a4211a194160edf45e9ab:ord-60de30dd47144bc3995367c7e1bff6e6,ord_dataset-c5b00523487a4211a194160edf45e9ab,395,de42f978517c404a135e8fc51aafb4c7f8ebbe5aaae14218a9b714f12bc6d95f
529,ord_dataset-c5b00523487a4211a194160edf45e9ab:ord-60e879c0b21f4bcdba1da1dd6482c219,ord_dataset-c5b00523487a4211a194160edf45e9ab,1389,7b925e597eccacfba194f37c37aeabb82784350960fa1e4da34781a6dee30af0
530,ord_dataset-c5b00523487a4211a194160edf45e9ab:ord-60ed0ad01ff84ca188d8b4330f410603,ord_dataset-c5b00523487a4211a194160edf45e9ab,1406,fd7391f41a21ce4a4f81248e9fdd05e6aa95e4bdd240c2356bd1289981085b23
531,ord_dataset-c5b00523487a4211a194160edf45e9ab:ord-60efa5e703094d6bab431c8032db51bb,ord_dataset-c5b00523487a4211a194160edf45e9ab,258,a47654a43c8f299fa30a17dbd0fda9413f12a3a30b4167f3698f5bce6c4bb31c
532,ord_dataset-c5b00523487a4211a194160edf45e9ab:ord-60f2039c356f407ba9d5de184ba1e1b0,ord_dataset-c5b00523487a4211a194160edf45e9ab,1405,8908e2f770941197edcc66d1d7e66eb60606fedfcd6c82891338699d5bfeb24c
533,ord_dataset-c5b00523487a4211a194160edf45e9ab:ord-60f780421bb64d7aa4f0eaeb4cf9e940,ord_dataset-c5b00523487a4211a194160edf45e9ab,618,526695b546ac30936ecfb712b601665c5d8e8930edd97a18e9c12645006526e5
534,ord_dataset-c5b00523487a4211a194160edf45e9ab:ord-612144f1ab5e4faca66e3c1ba0ffb5ac,ord_dataset-c5b00523487a4211a194160edf45e9ab,1184,1384544f700359c44f901f7abc6d566f49a1518da819e1362c8c0e35a9f5fc66
535,ord_dataset-c5b00523487a4211a194160edf45e9ab:ord-613a939cd84e48e9a23a9c2ed429b567,ord_dataset-c5b00523487a4211a194160edf45e9ab,255,789e79596c19e4beda9e1cddb7ac67775be3e2a8196a18b0365b8899c182c068
536,ord_dataset-c5b00523487a4211a194160edf45e9ab:ord-613be5b245a24e1da41631133a19420f,ord_dataset-c5b00523487a4211a194160edf45e9ab,231,5880ecc04e5b23f9aa334182221cc33c3fc709e71cd79b96c60ad1da239216d1
537,ord_dataset-c5b00523487a4211a194160edf45e9ab:ord-6187a57d7e6444d1b9d3454f3b0924eb,ord_dataset-c5b00523487a4211a194160edf45e9ab,860,69e996f476b89805fb9f845dffecab558bbf75d91a1eda9f964050925520d909
538,ord_dataset-c5b00523487a4211a194160edf45e9ab:ord-6199bee4ed4d420f927592ab46cf82e7,ord_dataset-c5b00523487a4211a194160edf45e9ab,612,b06619f5ccb2568858751a337ffe1a0625c90dfce8bce7a0c7cf4ab1615cf4f6
539,ord_dataset-c5b00523487a4211a194160edf45e9ab:ord-61e5ff38b0c7483b903ba936c95c6c2f,ord_dataset-c5b00523487a4211a194160edf45e9ab,441,0019581285bb99ab93fe810c6613fb91897de36046829f69fb737bc42d21247c
540,ord_dataset-c5b00523487a4211a194160edf45e9ab:ord-61f30335069948ddacf29865c6c8baa1,ord_dataset-c5b00523487a4211a194160edf45e9ab,169,c2fddf0ec12ed2a033a4793d71d9a2053258adaf3271d94f87f468220d03e0fc
541,ord_dataset-c5b00523487a4211a194160edf45e9ab:ord-62256459960c41bfaa4c441749249f1a,ord_dataset-c5b00523487a4211a194160edf45e9ab,1231,3abee22e2f286d094eb3295880f332c8fa8804737a334b3db86287a46d42bf6c
542,ord_dataset-c5b00523487a4211a194160edf45e9ab:ord-623a34388e374181941ed206fe2d452c,ord_dataset-c5b00523487a4211a194160edf45e9ab,505,d97aa0aadb9141915ec502e9c5fae3fefc8b20de2c8710e07470bfe818f6fa4c
543,ord_dataset-c5b00523487a4211a194160edf45e9ab:ord-62a35cee47eb41e8849e8fdb2ebd5ff3,ord_dataset-c5b00523487a4211a194160edf45e9ab,1046,4dace539cf368afc8fc8c60fbb3ec61de6eccae16c650ea75d7f05011319974a
544,ord_dataset-c5b00523487a4211a194160edf45e9ab:ord-62c8a1c84870428b9bf2206c58867f47,ord_dataset-c5b00523487a4211a194160edf45e9ab,567,5b7443c5aec91ee11098fe749983d4c76a9bb4468207ea9c28fdd9b4850c04e5
545,ord_dataset-c5b00523487a4211a194160edf45e9ab:ord-62d15c7b84644794a41a0710ee039c69,ord_dataset-c5b00523487a4211a194160edf45e9ab,1082,529cac62a718d632dd4a8bf53c60002cf2af3c4e1d1c6fdfa93f25ba03f04eba
546,ord_dataset-c5b00523487a4211a194160edf45e9ab:ord-62efc6b020624fbaa037e4b46f4cd368,ord_dataset-c5b00523487a4211a194160edf45e9ab,423,7d33fb5242c87b04960226724977101cd2f36fce0d16324c9b798b981f41380c
547,ord_dataset-c5b00523487a4211a194160edf45e9ab:ord-63219751742e4ba2bd667fd45d3e989e,ord_dataset-c5b00523487a4211a194160edf45e9ab,1163,d9a8d0cd556e0206ac9160c76e7849191e157a3b064d7c118d1c8d59b031e7bf
548,ord_dataset-c5b00523487a4211a194160edf45e9ab:ord-6343da12631f4e82ab84f07dd61662f1,ord_dataset-c5b00523487a4211a194160edf45e9ab,276,eb245024a4585e65a42c72477bfc2f167b6e098a34d79ca11eae15315b7bbb01
549,ord_dataset-c5b00523487a4211a194160edf45e9ab:ord-63463872b7ae48a79add0fa0ad2b498c,ord_dataset-c5b00523487a4211a194160edf45e9ab,472,d6a401de5e492e845dc981155766f19096cd2ef66893d07172d26051545344ae
550,ord_dataset-c5b00523487a4211a194160edf45e9ab:ord-63b58f444ea34ec08dbccf0dd8910b87,ord_dataset-c5b00523487a4211a194160edf45e9ab,56,862df9596898ca95f0d14b743206c17d36e6d0ed33f1293d0779faecf611b954
551,ord_dataset-c5b00523487a4211a194160edf45e9ab:ord-63d6c4e137e642279392feb09d1dad3d,ord_dataset-c5b00523487a4211a194160edf45e9ab,702,421c399f5ffcc18494be1ceab35d5a91d7b39b96010d8d30fc7f62196ab7ac13
552,ord_dataset-c5b00523487a4211a194160edf45e9ab:ord-63faf727272843d7965d2f0d201063e8,ord_dataset-c5b00523487a4211a194160edf45e9ab,1139,def3aa83c8bfcaf8fd1bb028e238f9627ca507e87d73b52736d7aaa95189afea
553,ord_dataset-c5b00523487a4211a194160edf45e9ab:ord-64083ff716d24904a177243d286ecf7f,ord_dataset-c5b00523487a4211a194160edf45e9ab,1190,15f050309f4c8deecf2ede9d060a9d447393bc6f3674747157392a6958b7bad8
554,ord_dataset-c5b00523487a4211a194160edf45e9ab:ord-64099a6bf184420b8c4fdc0c6cb3582d,ord_dataset-c5b00523487a4211a194160edf45e9ab,1226,21d00117c57c87c42b3dc0c820da1b3c92035dd537bfc76dd1a07a94e0cc6821
555,ord_dataset-c5b00523487a4211a194160edf45e9ab:ord-64414a5f6fea4d7f9e9c39af3da91ff7,ord_dataset-c5b00523487a4211a194160edf45e9ab,1108,2563c7f4a719f102413a144641af501189594258dc9fdf0428108129044c2abf
556,ord_dataset-c5b00523487a4211a194160edf45e9ab:ord-64483f3805ee40d0badccfc3ffb16328,ord_dataset-c5b00523487a4211a194160edf45e9ab,1313,499e6144175eaf7da65a361e0d7943943e8f3273e34dbd0ef84b5d6040f00023
557,ord_dataset-c5b00523487a4211a194160edf45e9ab:ord-64901149f2884f038a8015d1f1be1766,ord_dataset-c5b00523487a4211a194160edf45e9ab,55,c28c029e80ff7a0d3daa640764f8547c601c3a2739bf5d989b7c9fd304c11dd2
558,ord_dataset-c5b00523487a4211a194160edf45e9ab:ord-6501f4ef11d04d39a5a06618307c6f19,ord_dataset-c5b00523487a4211a194160edf45e9ab,800,a35f128c98f25d1a944461f5f2f2c6c3439aadd616b3b0605cae0d35eaf756a0
559,ord_dataset-c5b00523487a4211a194160edf45e9ab:ord-650b3f2ab7d245f3b74ad41e2ac5bc13,ord_dataset-c5b00523487a4211a194160edf45e9ab,95,cce92d8a9356f72e085ac12810d1942e3b442c4d01f0c820f4d165afb8764037
560,ord_dataset-c5b00523487a4211a194160edf45e9ab:ord-6552bb5836f14c158504d31cf08028f6,ord_dataset-c5b00523487a4211a194160edf45e9ab,798,6fc1cbcccd7d52ee217f2ff2a574bb5b10b25decf16f5737f59f14a3d3a24b65
561,ord_dataset-c5b00523487a4211a194160edf45e9ab:ord-656d569b778e4ade8ba05ea096a72529,ord_dataset-c5b00523487a4211a194160edf45e9ab,884,b302ff1ec77dc3b7ad07343116dcb56d84eef0e93b01b903acda29340df6d831
562,ord_dataset-c5b00523487a4211a194160edf45e9ab:ord-6592975c863c4edd9dda0617a8b06ad7,ord_dataset-c5b00523487a4211a194160edf45e9ab,976,69ea872f9d2fd2b91cbd8acc6e4dadc4829c345b3521d7545401eb903f85f928
563,ord_dataset-c5b00523487a4211a194160edf45e9ab:ord-65934c7ac8ee48f78de65896599c257a,ord_dataset-c5b00523487a4211a194160edf45e9ab,68,9bc4fff2d3db48e36cc47fb753fff871f5643a93c1af3888dbbd03ea61dc1d76
564,ord_dataset-c5b00523487a4211a194160edf45e9ab:ord-659fc26d0ae5499486deb780d8b5a72c,ord_dataset-c5b00523487a4211a194160edf45e9ab,131,14af3d58e1934986589b812dd36b89fb71e6a17c902139d074d87e45d6f8c906
565,ord_dataset-c5b00523487a4211a194160edf45e9ab:ord-65a46dfda72347d4a9e143f3e2adad45,ord_dataset-c5b00523487a4211a194160edf45e9ab,791,41cbb39d14cd0c5f04d4400b35ff15d968a2d71076ca36497da5ffcb2fe6d8d6
566,ord_dataset-c5b00523487a4211a194160edf45e9ab:ord-65c750e797ad4b03835a34f40e91f07b,ord_dataset-c5b00523487a4211a194160edf45e9ab,1006,0e6b55632b6c9dae187e00cd80e957a8b80f67ff675647ad39431e6dfdf0b4f5
567,ord_dataset-c5b00523487a4211a194160edf45e9ab:ord-65eeb33670174c9a88d13268e9dcb908,ord_dataset-c5b00523487a4211a194160edf45e9ab,876,285ce94401bd96e5c931f553747a33c917ec37f5951571ca33990ed2f9876f6a
568,ord_dataset-c5b00523487a4211a194160edf45e9ab:ord-6607ea8ac63a43fbb81c7a240b268666,ord_dataset-c5b00523487a4211a194160edf45e9ab,577,491ccdc4b0d19904c9a32e53f13d829b45b0baa08a41d796966114f775e634c3
569,ord_dataset-c5b00523487a4211a194160edf45e9ab:ord-664f7cae33fb49dcac95b1b3643f04e8,ord_dataset-c5b00523487a4211a194160edf45e9ab,904,88a1f47c52b5445944d5df23af531466ad989280155dc5b1ed7d06815a7c4f79
570,ord_dataset-c5b00523487a4211a194160edf45e9ab:ord-66514609d2ba4423a154fc0384ec02b0,ord_dataset-c5b00523487a4211a194160edf45e9ab,670,847a671e7f57f13b2764db69a364589e0a7784ac9e8f15b442bec3d13dc51385
571,ord_dataset-c5b00523487a4211a194160edf45e9ab:ord-665814bc6f974742b83d66aadf6e8bd6,ord_dataset-c5b00523487a4211a194160edf45e9ab,250,a24640272b043aace195aac8e8947d167998340fe4f73d2c3bd1c575beb9038f
572,ord_dataset-c5b00523487a4211a194160edf45e9ab:ord-6693ea2cebb74084b8cf8fd3f9c279e2,ord_dataset-c5b00523487a4211a194160edf45e9ab,145,28457244d55be56d8f4260994b176ae95387031a887f790f335bfded56e41e84
573,ord_dataset-c5b00523487a4211a194160edf45e9ab:ord-66c164211c7f4852bab4d06284513d76,ord_dataset-c5b00523487a4211a194160edf45e9ab,1391,ddc383788b64d556d870ef0ab063635a9c781a9d7c07e0c9968777587bffc468
574,ord_dataset-c5b00523487a4211a194160edf45e9ab:ord-672af56545c94072bc72217ad498c62c,ord_dataset-c5b00523487a4211a194160edf45e9ab,1418,3e0531314a7a287d5b540a00232b3185b85da7845ec21d019808be77c32bc8f3
575,ord_dataset-c5b00523487a4211a194160edf45e9ab:ord-6787d0fa4d244700959b12dde9e8ecab,ord_dataset-c5b00523487a4211a194160edf45e9ab,1424,51eddd7dd5cd03b79e472127e5071a2a11700788ba68b8768a927b9ac8b1cc98
576,ord_dataset-c5b00523487a4211a194160edf45e9ab:ord-678e150e55894b02b6b40061bd00c110,ord_dataset-c5b00523487a4211a194160edf45e9ab,129,5f9006456aa00c6d650cfc6cb9bcaf6ca82111f61a3d68520c37c3b8eba3d943
577,ord_dataset-c5b00523487a4211a194160edf45e9ab:ord-67910c5235b742c4be89598e6edecfcf,ord_dataset-c5b00523487a4211a194160edf45e9ab,913,be3b8aaefc05b4ed728925ecb69ffa1020c7e4c141828b806162849d342b647b
578,ord_dataset-c5b00523487a4211a194160edf45e9ab:ord-67eb2bdc34924bcba31c32d1d3062ddb,ord_dataset-c5b00523487a4211a194160edf45e9ab,351,10a665a1ff2964a938fcf72354d72ad9ed6fde243eb95ff195aadbc7216f0110
579,ord_dataset-c5b00523487a4211a194160edf45e9ab:ord-681f895f4a644d89bb8512436abaa57d,ord_dataset-c5b00523487a4211a194160edf45e9ab,468,869101274d3a983c5d80573bedd288eb5fb83f9261a0c7467b0e61c66bbdfbfe
580,ord_dataset-c5b00523487a4211a194160edf45e9ab:ord-682f3d4d788a4c71bfb3162f8d868304,ord_dataset-c5b00523487a4211a194160edf45e9ab,331,b176824131a7e8058c7b024ca053ba5fb8687b66f7b9ac5bbd718d6e2bb8859f
581,ord_dataset-c5b00523487a4211a194160edf45e9ab:ord-683a1ed9ff7f4b4fb88959a78fa1c785,ord_dataset-c5b00523487a4211a194160edf45e9ab,1352,be5a6c893a9d7d2a3ba2499e6d869ca178a54ab9b0da427100886bc310917b1d
582,ord_dataset-c5b00523487a4211a194160edf45e9ab:ord-684e31f5452c4f2cb7627fe6e3ae45d2,ord_dataset-c5b00523487a4211a194160edf45e9ab,906,fa5a02af2ff56348910ce4a07cf2b56e38a6d6d6f8c252acfc437210d11fdbf5
583,ord_dataset-c5b00523487a4211a194160edf45e9ab:ord-6856de56144d42aab5cbdd936bf8a577,ord_dataset-c5b00523487a4211a194160edf45e9ab,180,9fafca28121394633e17156b91192afa4079aaf44226bd964ea057f3883c8f61
584,ord_dataset-c5b00523487a4211a194160edf45e9ab:ord-689b5382cb7b4e57b1c591a7e0503d5e,ord_dataset-c5b00523487a4211a194160edf45e9ab,1115,a308e7957d910476f6012bfe9b3300a663ef6c2a9bf3fc785109330d89dd62c2
585,ord_dataset-c5b00523487a4211a194160edf45e9ab:ord-68d6374152e6445fb6dfb1e1ba86dd09,ord_dataset-c5b00523487a4211a194160edf45e9ab,309,70647e5a5bcae669108d51b3adf6affbc7382a6350d1bff1b2321cfbadc9bf81
586,ord_dataset-c5b00523487a4211a194160edf45e9ab:ord-68e57dd53f4b4311857befb28d634449,ord_dataset-c5b00523487a4211a194160edf45e9ab,1298,0b29a1cfd49ddb02f81ac9be68463e148594f120c3003cea07d31dd37ab8d271
587,ord_dataset-c5b00523487a4211a194160edf45e9ab:ord-68e8855ab68f4f4d85ef7a043ad041a3,ord_dataset-c5b00523487a4211a194160edf45e9ab,854,4c3657c20e2731affaf27f4a62ad5e076c58b52f7cf77d1968a705aa24bc60c0
588,ord_dataset-c5b00523487a4211a194160edf45e9ab:ord-68f019005c574c64a71c04f362f20891,ord_dataset-c5b00523487a4211a194160edf45e9ab,1023,61369767ed9c5cab6591ec15083a208fb2c2f0e52e06eab36993c7fa990324bb
589,ord_dataset-c5b00523487a4211a194160edf45e9ab:ord-69104e71dcfe44d99aecabbdf508873b,ord_dataset-c5b00523487a4211a194160edf45e9ab,1322,c7fbfffb7ef9689cc65ccecddb0c8e54079affb6793ae11a4b7742b483bd8db0
590,ord_dataset-c5b00523487a4211a194160edf45e9ab:ord-69484a53faae4dcbb709aa37fe154ba0,ord_dataset-c5b00523487a4211a194160edf45e9ab,741,a91356714431f002922c2814c68175f746f690f79897c0762f0766f7b6f447c0
591,ord_dataset-c5b00523487a4211a194160edf45e9ab:ord-6988e64e5b0d4ce79f4a6b3ea711eb80,ord_dataset-c5b00523487a4211a194160edf45e9ab,1099,831e271167cb32183ea8e5803626a6f6841436801bce269a2b435c3cf5c7cbef
592,ord_dataset-c5b00523487a4211a194160edf45e9ab:ord-6a0a6e9ad5584cae9dd5cfc1d416116c,ord_dataset-c5b00523487a4211a194160edf45e9ab,223,a92c1119979ecc4b7d1b0e6a17235ad7274508b0ffa063616fdc49cb70d0c423
593,ord_dataset-c5b00523487a4211a194160edf45e9ab:ord-6a2c1b2c2ee9483fadb290101550f440,ord_dataset-c5b00523487a4211a194160edf45e9ab,1020,da5d91eac6511888d7522db143dc130087b9b7caf817b751f126dad050427101
594,ord_dataset-c5b00523487a4211a194160edf45e9ab:ord-6a617118ee6d416d97ae4dda042084fe,ord_dataset-c5b00523487a4211a194160edf45e9ab,1062,787d56f4b34daff0ad2eab5aabacee75977546831c545457adabae8757edbbed
595,ord_dataset-c5b00523487a4211a194160edf45e9ab:ord-6b0edd7236044c43a12badd23a4c2f78,ord_dataset-c5b00523487a4211a194160edf45e9ab,1375,c4f7cc0bab7d7d6199ee0fc8cef1448fc1dcf60dc89800fb091c25aa4e567e1e
596,ord_dataset-c5b00523487a4211a194160edf45e9ab:ord-6b18b685388a47ca8e1574de94c5bd41,ord_dataset-c5b00523487a4211a194160edf45e9ab,572,adec7223731f50f58be66b63f616dbfc033c26c2fe8f43691cbd0c3b5a26612f
597,ord_dataset-c5b00523487a4211a194160edf45e9ab:ord-6b722e77b5374a8ea4380ac857f43706,ord_dataset-c5b00523487a4211a194160edf45e9ab,228,b83e4b5203de292a129e71c5b20da031ca97bcb3a54b98ac759658a146fa1f33
598,ord_dataset-c5b00523487a4211a194160edf45e9ab:ord-6bc7acc4a100433a86914c33b9afb2cd,ord_dataset-c5b00523487a4211a194160edf45e9ab,1392,ceded9e1dcdb3ac732c667125daa7ba1bfeaf3427fb5eec01875c0d2955135b2
599,ord_dataset-c5b00523487a4211a194160edf45e9ab:ord-6bffa4c912374f9c9726bddfa7e51bad,ord_dataset-c5b00523487a4211a194160edf45e9ab,1407,055d640cbcc3f69901f8902a2c8aca8ac79f12033586ebbd921391a0ffd151f5
600,ord_dataset-c5b00523487a4211a194160edf45e9ab:ord-6c17f26487cb4fdd9a80fc081e649c5e,ord_dataset-c5b00523487a4211a194160edf45e9ab,57,e3586d6671ff12d3c06b961700c47e7418ac8dda163c726533e2c43211e8f4e6
601,ord_dataset-c5b00523487a4211a194160edf45e9ab:ord-6c211ffcbd924ccd948061d373a30119,ord_dataset-c5b00523487a4211a194160edf45e9ab,1100,c3ad8c12962d6ad855d0b421143f6ffb01e26fa999f3ce7d324e144548f39795
602,ord_dataset-c5b00523487a4211a194160edf45e9ab:ord-6c2b2638a140420c93e789a2d94af2c9,ord_dataset-c5b00523487a4211a194160edf45e9ab,1379,060f28e0cd9cf1d675a1ff0ef2e83b21578b662dd4941c48b8507e93d9bc9836
603,ord_dataset-c5b00523487a4211a194160edf45e9ab:ord-6c3a8a84e24a4a6194ac3369d7eb4d10,ord_dataset-c5b00523487a4211a194160edf45e9ab,1133,7c9dc6cc95a3dd3c032845cf4941c44ec456214f13262cd44bf9cfcfde02bf54
604,ord_dataset-c5b00523487a4211a194160edf45e9ab:ord-6c5bd23d266947cbad3b133bba6b8761,ord_dataset-c5b00523487a4211a194160edf45e9ab,154,391d386d9cebd2d1abb670ab3b5d84afd5e0927f7966e37d2e1758bb3ab2e32f
605,ord_dataset-c5b00523487a4211a194160edf45e9ab:ord-6c90fee387e745d8b375357f9cacf920,ord_dataset-c5b00523487a4211a194160edf45e9ab,187,3ec57c0329634590f2e69abd87299b2fcaa5dc2d13d20a781220a9641b67e37f
606,ord_dataset-c5b00523487a4211a194160edf45e9ab:ord-6d01fa23089843709c3b3a0f7449c80c,ord_dataset-c5b00523487a4211a194160edf45e9ab,353,c20843d264407911969dd51916e6881111fc2b9ac91c036ca71d6cbc6612a5d6
607,ord_dataset-c5b00523487a4211a194160edf45e9ab:ord-6d82f80b378149d3a8c2fb1b2e56277d,ord_dataset-c5b00523487a4211a194160edf45e9ab,1217,33b082c3118b6be146d1ebfcdb4a9f3b40520129849d8eefb941e49271072f5f
608,ord_dataset-c5b00523487a4211a194160edf45e9ab:ord-6d91a80061494d0da5b4c00133164958,ord_dataset-c5b00523487a4211a194160edf45e9ab,603,ff1537138ffffed744f323923e26ce837f9f4e1db37cea78b001ec09bec801cb
609,ord_dataset-c5b00523487a4211a194160edf45e9ab:ord-6d926b2eeade4e3c90f7c3370e6c61d9,ord_dataset-c5b00523487a4211a194160edf45e9ab,371,aa1e13685271eb82870c0cce94dea793e9a4d3a2861e15ac4d14d49d204895d6
610,ord_dataset-c5b00523487a4211a194160edf45e9ab:ord-6d9fc17fd69f4afe99c327b33785f888,ord_dataset-c5b00523487a4211a194160edf45e9ab,1356,55f9f1c7aa9d84845ddd7c1fe9c63ff8b3da75b390fd3c374072338e09022edc
611,ord_dataset-c5b00523487a4211a194160edf45e9ab:ord-6df96b296c2a436ab3d1772479ac46d6,ord_dataset-c5b00523487a4211a194160edf45e9ab,613,27a7841a8f795ae0b17f7d4bd9d87479678f8db7dc262942b444fe2f01918672
612,ord_dataset-c5b00523487a4211a194160edf45e9ab:ord-6dffad9fe44c4ad1beb0e7d552d3f601,ord_dataset-c5b00523487a4211a194160edf45e9ab,449,9c681b9f6098d3cca84b15b5b93934194c03ebcada3c94c1f3d929407625e501
613,ord_dataset-c5b00523487a4211a194160edf45e9ab:ord-6e21977a58c9413993c3e51f67260d23,ord_dataset-c5b00523487a4211a194160edf45e9ab,399,541c73614b67689d264ad693aca207d608be26e6fd5f018e5078d4f6af209939
614,ord_dataset-c5b00523487a4211a194160edf45e9ab:ord-6e3c36fb31cf4a84aa843665f8c68d65,ord_dataset-c5b00523487a4211a194160edf45e9ab,18,a294abad61187ed81d65583cbd73e4a4aa87e2cf7eee4f5aefe4d0874e3e8616
615,ord_dataset-c5b00523487a4211a194160edf45e9ab:ord-6e5177824a7e4ef0a40d4d5ae9feb48a,ord_dataset-c5b00523487a4211a194160edf45e9ab,374,fea8207fb0f7981cb99b912062ac0a1374f9c2b5241b0f081fbb7f32a49e5437
616,ord_dataset-c5b00523487a4211a194160edf45e9ab:ord-6e5f91443e0b49b7b87a7be3441e157c,ord_dataset-c5b00523487a4211a194160edf45e9ab,1084,f0b3a16f2a72a041c0bd4bcae2fae3597a096eac6c162ea0d37d127bcbc22a34
617,ord_dataset-c5b00523487a4211a194160edf45e9ab:ord-6e6e67c7de8f48f7b53640c127e1cc12,ord_dataset-c5b00523487a4211a194160edf45e9ab,1130,03f1b624c5d7f9fd4a9bab1323f47280f55e982598b4a1a8c6e88ce1f70080a1
618,ord_dataset-c5b00523487a4211a194160edf45e9ab:ord-6ea4822c6884483d810d706374d4609c,ord_dataset-c5b00523487a4211a194160edf45e9ab,1088,9dc9af11f3e980a8061feb5005e996fe45e45e7471821359c98586f6196fc4da
619,ord_dataset-c5b00523487a4211a194160edf45e9ab:ord-6eb13ac529f54bdca60375f8bbdc38f9,ord_dataset-c5b00523487a4211a194160edf45e9ab,1344,13a6924041ae7b553fc4f89e15786a7898a95dd7216c3603e656d40696a16349
620,ord_dataset-c5b00523487a4211a194160edf45e9ab:ord-6ebfc8b2dbfd4a58a0b9e97fe277edf8,ord_dataset-c5b00523487a4211a194160edf45e9ab,209,4a49f2142bbb8e6ba3a322c0168e0ac6607ebe26e5ed6abf4b848a4d3bf6f2bb
621,ord_dataset-c5b00523487a4211a194160edf45e9ab:ord-6ed14a0a41334b1096728c1b45c46cfd,ord_dataset-c5b00523487a4211a194160edf45e9ab,859,38150cad02097da049647a13511ab7d6e7e1d058c5a1fecad92f48ea49d00b0e
622,ord_dataset-c5b00523487a4211a194160edf45e9ab:ord-6ed2918623a44fc189dd5ccc4daf0c0d,ord_dataset-c5b00523487a4211a194160edf45e9ab,1326,07b15779e3c4fd3465ef2302a98fbf81421c9420a5215ebf8e915c32b0e9a9c0
623,ord_dataset-c5b00523487a4211a194160edf45e9ab:ord-6ef6880c079a44f2acfe6f107d1acc50,ord_dataset-c5b00523487a4211a194160edf45e9ab,629,9ac0a80703532209a6255ea492f5d325e7142eb1dca3a52fe18be5075839df70
624,ord_dataset-c5b00523487a4211a194160edf45e9ab:ord-6f946dfa15ff43f7803aaf843f85c55b,ord_dataset-c5b00523487a4211a194160edf45e9ab,1347,cc922a331e31194d70cdee22d88397557469d3590b4527690d8ea6c7440a2a37
625,ord_dataset-c5b00523487a4211a194160edf45e9ab:ord-70cee26e481a4506a29d09e970c9951d,ord_dataset-c5b00523487a4211a194160edf45e9ab,19,39ff25036b42d78aa4bab6fef201de43abd4605987990f27a25b487facca556d
626,ord_dataset-c5b00523487a4211a194160edf45e9ab:ord-70ef6145948a4403a35e9adfca5d8131,ord_dataset-c5b00523487a4211a194160edf45e9ab,790,437c4f241cdfacfa25ce95e565d9b3a31131d32396d5d96b18c5800ee26aada0
627,ord_dataset-c5b00523487a4211a194160edf45e9ab:ord-71099130e0b04663bdd55899721fa766,ord_dataset-c5b00523487a4211a194160edf45e9ab,665,1c6f8c6a03af71582ad9ec8d271f12013b5611aed6e8721658f561949372aa10
628,ord_dataset-c5b00523487a4211a194160edf45e9ab:ord-7121370f15e84b4d87d84d2b600756b5,ord_dataset-c5b00523487a4211a194160edf45e9ab,210,e3c603e399a5bb30a14d74d77b5fd594e952555fdc60cca8fb416f0ecdeb8fcf
629,ord_dataset-c5b00523487a4211a194160edf45e9ab:ord-7124b77b280f4423953da6e2f4220dfb,ord_dataset-c5b00523487a4211a194160edf45e9ab,263,299ec44f92514f94eaf54a0b977fddde1c17b0ea121bebf73a2c26894804b0cd
630,ord_dataset-c5b00523487a4211a194160edf45e9ab:ord-7132e1594f2b435899b6cfdeca00af78,ord_dataset-c5b00523487a4211a194160edf45e9ab,96,f3e40d29df55e3ec817ee88a8ff031c76ab4960311df24ff1aebdae3e316191d
631,ord_dataset-c5b00523487a4211a194160edf45e9ab:ord-714a9c9a8cbc49ea9d1eef2c25bd0f8c,ord_dataset-c5b00523487a4211a194160edf45e9ab,134,ab7629672a4e13851fb2e58a9a3fc065f613e95453870eb74cfcf1b17e507cdb
632,ord_dataset-c5b00523487a4211a194160edf45e9ab:ord-71724f76407d485bbfa0e84ec72e8859,ord_dataset-c5b00523487a4211a194160edf45e9ab,510,81fbea396a00b2610958022776ff8354d29705b98578ed609231154de7e949b5
633,ord_dataset-c5b00523487a4211a194160edf45e9ab:ord-71921370c7724803ae039e6c2a4e23ab,ord_dataset-c5b00523487a4211a194160edf45e9ab,607,c63ab6ff6ea98798b85a54704911a2ad21fe269af37a41cbce1b3b2bfb77c1ed
634,ord_dataset-c5b00523487a4211a194160edf45e9ab:ord-71ae1c1514ba41e68f9d7c149bdfa966,ord_dataset-c5b00523487a4211a194160edf45e9ab,692,5fd7136dba8f811dfb96fcdd5a404a994202d7af8c5df5e09378cb49a5b3c8fb
635,ord_dataset-c5b00523487a4211a194160edf45e9ab:ord-71b14e0cdc304030b8b790c1dffa7bd0,ord_dataset-c5b00523487a4211a194160edf45e9ab,650,fcf4736cb1021a2f3fdd3c971b33738d667df51d7816eefb3aa1daa3af4f84fc
636,ord_dataset-c5b00523487a4211a194160edf45e9ab:ord-71ed8193d52e45e9a0d4db53bc230aa4,ord_dataset-c5b00523487a4211a194160edf45e9ab,367,cd5c658cd0531b6e3bcd83ffa642b50769b5365e1080a0375cb0f2fbc364c7c5
637,ord_dataset-c5b00523487a4211a194160edf45e9ab:ord-71f1c764e5c240c4a801d080acc7b792,ord_dataset-c5b00523487a4211a194160edf45e9ab,172,7b6f5505114d4eb0e2b817c8cac959f55343cd4525961ccde47c428cc349943b
638,ord_dataset-c5b00523487a4211a194160edf45e9ab:ord-71fcb77520974628bb58dcc42be5bccd,ord_dataset-c5b00523487a4211a194160edf45e9ab,697,17e719c11028c0c767a83e4359396f25bf3e68c884cfc5e38d94c4359c8e3ecc
639,ord_dataset-c5b00523487a4211a194160edf45e9ab:ord-7260aee8335a44458a53485ba32b49d2,ord_dataset-c5b00523487a4211a194160edf45e9ab,1173,41d51dcc80bd3c79a765c81b0414dd6ca0fdcce042255fbee98dd3451f1038dc
640,ord_dataset-c5b00523487a4211a194160edf45e9ab:ord-72dc309eaaf5448cad023b1b86fb1e03,ord_dataset-c5b00523487a4211a194160edf45e9ab,144,0707f80ebce30df4788464973dfad3e95064f8178e5cec61ea56ffe07d57a69d
641,ord_dataset-c5b00523487a4211a194160edf45e9ab:ord-72ed00cf1de24583890e322e8be7247e,ord_dataset-c5b00523487a4211a194160edf45e9ab,756,40e86d98c6e92a6898d22e50620826cf7829bdf567b0b675366529f41f129063
642,ord_dataset-c5b00523487a4211a194160edf45e9ab:ord-73381968fd9c4aed9ba04e20df5a6c60,ord_dataset-c5b00523487a4211a194160edf45e9ab,1070,8fc014c970868e386d03b46e59527bc134c03e4cb3557c90246bf78077b8e9e3
643,ord_dataset-c5b00523487a4211a194160edf45e9ab:ord-73649f1bd4694ff6b1cc606c2dcce14e,ord_dataset-c5b00523487a4211a194160edf45e9ab,932,16592d66ffd85d25be63740ba41f13c5911fe2b0c6d98e5669447d2869313d94
644,ord_dataset-c5b00523487a4211a194160edf45e9ab:ord-738499426b4840a9adb1e7cf0e8eba23,ord_dataset-c5b00523487a4211a194160edf45e9ab,979,661ac294802c5cfa99f267c2c4c7f9df14b49bc815e3b5c843c38f6fab06b79b
645,ord_dataset-c5b00523487a4211a194160edf45e9ab:ord-739f56671a8d42fb801fdcd74ac2b05a,ord_dataset-c5b00523487a4211a194160edf45e9ab,1223,d279e7fb0000684cbe26038bcd557cbef93f1203a28cd041809cdd688ccb8d1e
646,ord_dataset-c5b00523487a4211a194160edf45e9ab:ord-742df13c82904689bed16a3fd816ec85,ord_dataset-c5b00523487a4211a194160edf45e9ab,8,ea6cd06233d543f22db685e7c16b4d659f6ecec907e068c2d4fac57750214b3d
647,ord_dataset-c5b00523487a4211a194160edf45e9ab:ord-742e4813fc834c8fa79d47c2059c6c0a,ord_dataset-c5b00523487a4211a194160edf45e9ab,1106,04c0271eeb900bc5b6d403592187ada6d26210a982c79df81357792ded8d21a0
648,ord_dataset-c5b00523487a4211a194160edf45e9ab:ord-74560b88fa0442e4a770c96352e9bc71,ord_dataset-c5b00523487a4211a194160edf45e9ab,803,b0f6b9c39e612a9972931e614feef97188dcd66ce24b183e42e9d17a4bccae74
649,ord_dataset-c5b00523487a4211a194160edf45e9ab:ord-74b44eeb38e248f4bae1eff8f23ae593,ord_dataset-c5b00523487a4211a194160edf45e9ab,1053,18a39149a4b9c5e9fd5d92935f83b6bf1acf5d4d9fe6732be8ac1325e2ca86eb
650,ord_dataset-c5b00523487a4211a194160edf45e9ab:ord-750dc44d01b8434ebbdcbc960cf0a94a,ord_dataset-c5b00523487a4211a194160edf45e9ab,126,198aacd824ec0b022f107de4efe79aab7127c0d2c929d964e2e07690ed0dd321
651,ord_dataset-c5b00523487a4211a194160edf45e9ab:ord-75173331c1e84d2e814aae8b15aefc3f,ord_dataset-c5b00523487a4211a194160edf45e9ab,376,4864893097bbda918a79a8b82d2fa5493c62d253703eccd7f31a5fe0951cf7b9
652,ord_dataset-c5b00523487a4211a194160edf45e9ab:ord-753e5e59456341079c1721a5357d9316,ord_dataset-c5b00523487a4211a194160edf45e9ab,1300,af4ab76d8e3e8b91490287c17101f232cec7aaa13f5894eb909206debd61e6da
653,ord_dataset-c5b00523487a4211a194160edf45e9ab:ord-75ac29c802bd489aa50daa8635302205,ord_dataset-c5b00523487a4211a194160edf45e9ab,452,365246ed2fe47ae616243f4e9da7cfe1ff19020a5e7010412e080a3733ebf507
654,ord_dataset-c5b00523487a4211a194160edf45e9ab:ord-75bdd8adde3944e4b5925556d9deff8a,ord_dataset-c5b00523487a4211a194160edf45e9ab,1323,4e30fb51e9cdb3612ea55d5a58367396a02a8f06312269ad533f3b7c540ec383
655,ord_dataset-c5b00523487a4211a194160edf45e9ab:ord-75eee14b622e4b368289b2ef2800eda5,ord_dataset-c5b00523487a4211a194160edf45e9ab,1205,26afda65cf8c7eb3f99b1a2b2c7a9b92ed4611ddd00750d887fc4546613c692f
656,ord_dataset-c5b00523487a4211a194160edf45e9ab:ord-760250d7c6ca408aa67b3e4957eb9c49,ord_dataset-c5b00523487a4211a194160edf45e9ab,1126,32aa3243531dac975f6056dc06828acf6aa8f08eb0ef205958b604c36c34e1cf
657,ord_dataset-c5b00523487a4211a194160edf45e9ab:ord-763a0787f0934edcb149cd26a6596dd1,ord_dataset-c5b00523487a4211a194160edf45e9ab,436,7c7e40e2dfda65d03f85c5cf8364894a678c6ad485630534a4371335234709ba
658,ord_dataset-c5b00523487a4211a194160edf45e9ab:ord-7650fc5168b04f0abcbb5bf1a419e009,ord_dataset-c5b00523487a4211a194160edf45e9ab,722,67d8a6de8a22827acf0a8debeec90f2508e95ef89f2426059ad82d2ba4217d73
659,ord_dataset-c5b00523487a4211a194160edf45e9ab:ord-76638d6a813b4e2f9a23b61bacc019d6,ord_dataset-c5b00523487a4211a194160edf45e9ab,471,f2e00849d720b3ac35b8808a3cdc8dd445adbebd4be19f42e768893f5eb67a92
660,ord_dataset-c5b00523487a4211a194160edf45e9ab:ord-769925b306514e5da056fcccec01a238,ord_dataset-c5b00523487a4211a194160edf45e9ab,734,e614a6c9f4e858b7b9f5e960908c1b49adc5e37dc79e4b84a45d69d3f0fab71d
661,ord_dataset-c5b00523487a4211a194160edf45e9ab:ord-7728292b70fc4a4a957bf88e5f845d91,ord_dataset-c5b00523487a4211a194160edf45e9ab,15,eb71a17a1f940a4e0bf536ccd7b626996955ef86973880306f3838172828da03
662,ord_dataset-c5b00523487a4211a194160edf45e9ab:ord-7731e79da1c24273add181fd639db19a,ord_dataset-c5b00523487a4211a194160edf45e9ab,1181,f07b4867ff0a417b59a1e8239d4f263784a19b3e951900a21734507c3a4051ff
663,ord_dataset-c5b00523487a4211a194160edf45e9ab:ord-7734f92b313c4df9bb5fec9dc4fbe394,ord_dataset-c5b00523487a4211a194160edf45e9ab,1034,ea63727f7970302374b6575c9fc2aceaf6d335f6cd6ff577512437e661d276d7
664,ord_dataset-c5b00523487a4211a194160edf45e9ab:ord-775c0ac89f1246918da929f0f57d5871,ord_dataset-c5b00523487a4211a194160edf45e9ab,985,815f1826ef09e4f2728807bddb91895321146af1200370e4c9b9b55dc27e04b4
665,ord_dataset-c5b00523487a4211a194160edf45e9ab:ord-7777c48ed0244ddb9c87253c2f5fdd30,ord_dataset-c5b00523487a4211a194160edf45e9ab,1043,28d5f5eeb27b431f036dabf10b95a467125ee1ad74060bcc58651a50b25bc8c0
666,ord_dataset-c5b00523487a4211a194160edf45e9ab:ord-778e41ea22074e7bbcf033e2f1e94ead,ord_dataset-c5b00523487a4211a194160edf45e9ab,640,ca64830b70a13a1303763ebfb580553a279989a1e76b58792afc22e80c237209
667,ord_dataset-c5b00523487a4211a194160edf45e9ab:ord-77aa7be8946f40f58266111e1811be77,ord_dataset-c5b00523487a4211a194160edf45e9ab,1350,3fab9c52ceb4ace12d3d5aa413c9241512269e2d66c55ba20c8e81abc8618746
668,ord_dataset-c5b00523487a4211a194160edf45e9ab:ord-77eb9c529bb9477eadf5328fe24c6faa,ord_dataset-c5b00523487a4211a194160edf45e9ab,764,65a7a0650970457a4647091ba9b629b96f1fe32b12a880cf5dcb7ace164b52b3
669,ord_dataset-c5b00523487a4211a194160edf45e9ab:ord-782101372301449fb90538ad5b265615,ord_dataset-c5b00523487a4211a194160edf45e9ab,888,72066fa38ad633bff4c30a71d73fc95e1a44bd047fbc095a208f778826fbd872
670,ord_dataset-c5b00523487a4211a194160edf45e9ab:ord-785a1d673f8145b881f4c7328b26730d,ord_dataset-c5b00523487a4211a194160edf45e9ab,1271,edbc5101552c6550eaee643b973d06296e239afbc8c303941ba3990f70885c6c
671,ord_dataset-c5b00523487a4211a194160edf45e9ab:ord-78627cf1570d495e8a8c30e62fd20c97,ord_dataset-c5b00523487a4211a194160edf45e9ab,1306,1892222962e61b40b2753fa445f762cbd00d2e1ad7cebd06c6c4f96e23462f72
672,ord_dataset-c5b00523487a4211a194160edf45e9ab:ord-78666e31d51f4feabdec6d0ca0161a10,ord_dataset-c5b00523487a4211a194160edf45e9ab,490,e920b7d3318eaca2116fb27f8fcd3108e041f11c6f4739df4d0fce38453a7168
673,ord_dataset-c5b00523487a4211a194160edf45e9ab:ord-7875addac8404486855011fde4ed0a23,ord_dataset-c5b00523487a4211a194160edf45e9ab,1215,485f9079000fbe296650d061e0890f94b83bd11b9be917824d83c21f00579211
674,ord_dataset-c5b00523487a4211a194160edf45e9ab:ord-78a36d7e8bd54d89a38128f1e35b4c6f,ord_dataset-c5b00523487a4211a194160edf45e9ab,160,be5916f5d01f4f3bbbb1ac73d8e048e87eb900be7210baa4d7ce018ad59cefbf
675,ord_dataset-c5b00523487a4211a194160edf45e9ab:ord-7929301db4234d5ebbad22bbd2ce4aaa,ord_dataset-c5b00523487a4211a194160edf45e9ab,119,3f1d1384d12ff32402cfd839fea49d6ee40f62e4f7f70236fe044d8ba166e90d
676,ord_dataset-c5b00523487a4211a194160edf45e9ab:ord-794e1bd47f494515a7bb88fe4a73d6c4,ord_dataset-c5b00523487a4211a194160edf45e9ab,869,d7ec2c038768b3cf8948f5c930eaa2676ae29376dc9ac31901c52bc3a99cc89b
677,ord_dataset-c5b00523487a4211a194160edf45e9ab:ord-79ff790748874f02ab625f7cec0d4ca4,ord_dataset-c5b00523487a4211a194160edf45e9ab,1408,e127be2311d6fa4ba27919bb74500bde9e4ceca20f73bb28f3d55df76a7d0608
678,ord_dataset-c5b00523487a4211a194160edf45e9ab:ord-7a4c8ae3f4ba4fa7b2ec185a91d59497,ord_dataset-c5b00523487a4211a194160edf45e9ab,1274,e290bf9e6f9f4f1f490cf18792b6546c29aed68dce020ec7cf345aa73eb9efb4
679,ord_dataset-c5b00523487a4211a194160edf45e9ab:ord-7a5d73748b7f46b9be9eb5f032c9f607,ord_dataset-c5b00523487a4211a194160edf45e9ab,315,bdad0dfce4689afe854a2cd96d1224a91e6c7339204015633db4f9a551834d1a
680,ord_dataset-c5b00523487a4211a194160edf45e9ab:ord-7a9b24d7971a43f5ba596f53d1cec297,ord_dataset-c5b00523487a4211a194160edf45e9ab,1008,fea82a07dfcf3c4f1ca5777b0ff9b00019dd219e47ef0ebf87de97380d757303
681,ord_dataset-c5b00523487a4211a194160edf45e9ab:ord-7aa7ac7a1a3e48118236e834a5b561a5,ord_dataset-c5b00523487a4211a194160edf45e9ab,247,60df887004b150da24ecdff95fe3363d670fd78c97b8ebc067c62626564c1c53
682,ord_dataset-c5b00523487a4211a194160edf45e9ab:ord-7abcefa934074d2fababed41a42828b7,ord_dataset-c5b00523487a4211a194160edf45e9ab,532,8b4a845ef60d5279bd0947b4d2f775963d1bc3a1e6ba429aba227e3e28f6c4da
683,ord_dataset-c5b00523487a4211a194160edf45e9ab:ord-7abe27099c1b470e98c218fc27d4af6d,ord_dataset-c5b00523487a4211a194160edf45e9ab,713,edf5717fd512aa5fa9160a6c7bfdc624af1b85d5e811e0c771b5dbdafdf69b3d
684,ord_dataset-c5b00523487a4211a194160edf45e9ab:ord-7addc0ea54c74992add7e9038a478656,ord_dataset-c5b00523487a4211a194160edf45e9ab,252,af9a0ce408618cc2e4963bf141968effeefa5f24434f4faceb0da8708e240a48
685,ord_dataset-c5b00523487a4211a194160edf45e9ab:ord-7b0f7b3600cc40e286eb4d06637600de,ord_dataset-c5b00523487a4211a194160edf45e9ab,336,7f26ad30d79269cc576d33e84494282e58e8f6b652c7b07c79360e02fe34a2a8
686,ord_dataset-c5b00523487a4211a194160edf45e9ab:ord-7b145062b5144370b7d9fbb7839764e5,ord_dataset-c5b00523487a4211a194160edf45e9ab,343,3d8bec5d2276ab8c36facaf5e90587e194f1640ad693b3cd571780d0fa6c4b2d
687,ord_dataset-c5b00523487a4211a194160edf45e9ab:ord-7b385b293ee34644ab80471a09cba5cc,ord_dataset-c5b00523487a4211a194160edf45e9ab,1369,7af7d46198ebb1dbda5837a3aa5d510c503265d7e7bd53cad9fd53f87d64d829
688,ord_dataset-c5b00523487a4211a194160edf45e9ab:ord-7b92a9b753204ba2a645ce140c332489,ord_dataset-c5b00523487a4211a194160edf45e9ab,762,857638df6edd7fc21b4da7df708e74f1a7314ef770852921c1df0f35089bcc07
689,ord_dataset-c5b00523487a4211a194160edf45e9ab:ord-7bdc3599d5e84089942652cd402a6bab,ord_dataset-c5b00523487a4211a194160edf45e9ab,253,98260a7a168e3560f9cb854384ceb055725128848adfa1d121bbcefd4145ff5d
690,ord_dataset-c5b00523487a4211a194160edf45e9ab:ord-7be99f3914464be79273ce6cefe58a9d,ord_dataset-c5b00523487a4211a194160edf45e9ab,445,67af3468aa25818b5e491d389c0916283b793c28648694d8f384b9d5e0df746a
691,ord_dataset-c5b00523487a4211a194160edf45e9ab:ord-7c1672c2eac54268a850fa9e42642166,ord_dataset-c5b00523487a4211a194160edf45e9ab,1343,fa54399292140eba26e4d39f66cf7e309b7145d6b88eac4ac8cbc1ab93504234
692,ord_dataset-c5b00523487a4211a194160edf45e9ab:ord-7c4e80772b5c423d98b5272f2708d492,ord_dataset-c5b00523487a4211a194160edf45e9ab,281,72c29c1593c0fde2533b50b552c9692386b86203e2ecec648225c77e32fbef49
693,ord_dataset-c5b00523487a4211a194160edf45e9ab:ord-7c86977a875443c9bedb97dc1700cadc,ord_dataset-c5b00523487a4211a194160edf45e9ab,1030,af095bfe2481a1580066265de995541217986e207101fa7f727d3866c37900fd
694,ord_dataset-c5b00523487a4211a194160edf45e9ab:ord-7c8f954e5c4a476395ce2c8a23189455,ord_dataset-c5b00523487a4211a194160edf45e9ab,1270,a0e543e4048fd85816c6de6dcfaf07dd80194de42b94ccdac5aa586ec68b4c86
695,ord_dataset-c5b00523487a4211a194160edf45e9ab:ord-7c91fe5249114c57bc3bcb5af36e2867,ord_dataset-c5b00523487a4211a194160edf45e9ab,238,c6e4ecb945f096f4663704ac96acdc4df3071d4881ddeca2e3f73cddf30b3725
696,ord_dataset-c5b00523487a4211a194160edf45e9ab:ord-7cdc2d1dc0ed431db081f6155243414e,ord_dataset-c5b00523487a4211a194160edf45e9ab,1295,81fbe627024ce3bb961d1e263ccba735ba95ddda044bf1cd3842c5c57425197d
697,ord_dataset-c5b00523487a4211a194160edf45e9ab:ord-7ce1f7e45d14410bae98c2d08e52be56,ord_dataset-c5b00523487a4211a194160edf45e9ab,457,2a1e1a96dbf62a1ae192d866c8ac6c4a0e2e456d83c26a4f17639eeb3bb367b4
698,ord_dataset-c5b00523487a4211a194160edf45e9ab:ord-7d93a16c2f4641289352f235adde5bc9,ord_dataset-c5b00523487a4211a194160edf45e9ab,81,a95e1d7275450a1652854b840aad745866389aed0198215c46abdd6717f9e5e5
699,ord_dataset-c5b00523487a4211a194160edf45e9ab:ord-7da7e92aac7944df8767959abb17cc29,ord_dataset-c5b00523487a4211a194160edf45e9ab,1403,a015b930f651a0eb72a8b69f84754fd37f922ecef9d14ddcbddeded3ad28e7df
700,ord_dataset-c5b00523487a4211a194160edf45e9ab:ord-7dbf313a778f4f81b2a07e13836bf0ee,ord_dataset-c5b00523487a4211a194160edf45e9ab,282,ff14ab6ad9e9615fbd9b28e031f501154d4da8dd72055c02a103b161149a50f9
701,ord_dataset-c5b00523487a4211a194160edf45e9ab:ord-7e1859f02a9e4068821d7b98fc9c0719,ord_dataset-c5b00523487a4211a194160edf45e9ab,1402,b340618c56f41ae0a6a5391be56be24b0ea59bf046c70afcaca3af5fd867e4bd
702,ord_dataset-c5b00523487a4211a194160edf45e9ab:ord-7ea111f1ab254888b7316807c4bdda1a,ord_dataset-c5b00523487a4211a194160edf45e9ab,383,9695a482eb094ee6aca4497072bafe92a32437913fdb22a52dd9f0aac175fb23
703,ord_dataset-c5b00523487a4211a194160edf45e9ab:ord-7edabba9485c4ecc87c23032f584eb34,ord_dataset-c5b00523487a4211a194160edf45e9ab,1416,bbddd873113ac6143f82c193b6fd92f18684fadf7cd363a831f4da319371f3da
704,ord_dataset-c5b00523487a4211a194160edf45e9ab:ord-7ef7690b5bbc4ed5bc530a8c4d17cfee,ord_dataset-c5b00523487a4211a194160edf45e9ab,609,87ed4d17eab8e02ac525c0d9da166e8e93c6a6e393628ac75c864780c741ad41
705,ord_dataset-c5b00523487a4211a194160edf45e9ab:ord-7f5df488fcec4e459c9ea36f76774330,ord_dataset-c5b00523487a4211a194160edf45e9ab,1259,12de51d29db7cd7522d0d2adbee210ff27a0f3af8d50f18fcbc82e9747aca8b5
706,ord_dataset-c5b00523487a4211a194160edf45e9ab:ord-7f5e8ab7db274a338a53b083e11834ab,ord_dataset-c5b00523487a4211a194160edf45e9ab,792,5d1ff505c0a4ced0b9beeec1d5626f4e8bfb1c839739d8d51c6a4e7bce06495e
707,ord_dataset-c5b00523487a4211a194160edf45e9ab:ord-7f6ea70c675f407cb9d4db8f23bc11a3,ord_dataset-c5b00523487a4211a194160edf45e9ab,590,7aa66ca63336ff60b36d9e722e4ba963d77a6d251eb6a08b6d30f21027d525a1
708,ord_dataset-c5b00523487a4211a194160edf45e9ab:ord-7faf1e173a394bf0ad12162980340acc,ord_dataset-c5b00523487a4211a194160edf45e9ab,453,7c74435c5e0f2b8cc842304c4f74d2a0d88b81720549a180ad5146787df42faa
709,ord_dataset-c5b00523487a4211a194160edf45e9ab:ord-7fbd6c7051714c6f83da334c22bf2ab8,ord_dataset-c5b00523487a4211a194160edf45e9ab,596,78b89a5a7894c8329ebaae68df2c5ce9c601ff50d51df2443f7c34f96a4c78d5
710,ord_dataset-c5b00523487a4211a194160edf45e9ab:ord-801261b25a1d487392b21d89c806c985,ord_dataset-c5b00523487a4211a194160edf45e9ab,168,a655e578ff4d859a82940ca731692f6996b9225e7ed4065f04d83c8b7ba46d36
711,ord_dataset-c5b00523487a4211a194160edf45e9ab:ord-8012d581d9d54148aed7c849954f9d25,ord_dataset-c5b00523487a4211a194160edf45e9ab,435,eff8f5244e1b591feab824a56303c2f8072541ee9fcbbbd2495c31cac1b01e34
712,ord_dataset-c5b00523487a4211a194160edf45e9ab:ord-801f7391c4454745aefdf926dd30e7c1,ord_dataset-c5b00523487a4211a194160edf45e9ab,139,542812243732ca78fed12c724bdd2698bb8e3078cc2220b97624e6a02eb5342a
713,ord_dataset-c5b00523487a4211a194160edf45e9ab:ord-8063dd11aa534834b8aa8d3d41ea8841,ord_dataset-c5b00523487a4211a194160edf45e9ab,748,966975d8969dbb658c090106b0a1ef7759a7cd647fe63135e319fb73d09f3d58
714,ord_dataset-c5b00523487a4211a194160edf45e9ab:ord-806ab72555ea4fa083961deeeedd6fd5,ord_dataset-c5b00523487a4211a194160edf45e9ab,494,a6b673438406c62ac67bfc8d5e0ca08d167544a11d10ac165f0a60fbcf833b32
715,ord_dataset-c5b00523487a4211a194160edf45e9ab:ord-80a1fcd8e6c54d34abee91ba6c8cdfb0,ord_dataset-c5b00523487a4211a194160edf45e9ab,1010,540ac348e3575a5ad7c9dddce228b3878499feade04836cb58812ebe826adbc8
716,ord_dataset-c5b00523487a4211a194160edf45e9ab:ord-80b1117d69294c78944e85fd4e91f6b0,ord_dataset-c5b00523487a4211a194160edf45e9ab,508,3b29344d32b11af598f8120e4a2236431f1fcaf104866f5b2768ee64d07faf47
717,ord_dataset-c5b00523487a4211a194160edf45e9ab:ord-80d0260930af43f293da74082bc910e2,ord_dataset-c5b00523487a4211a194160edf45e9ab,396,5d0b52f146b3e68b7371e1cdd4b6ededb135e912307a90c3c13590f7d2acf0e4
718,ord_dataset-c5b00523487a4211a194160edf45e9ab:ord-80f2ecbf75a14ae3b7d1ee6351d782db,ord_dataset-c5b00523487a4211a194160edf45e9ab,1207,2ee0e7bdc1e63148ff4bdfaafa117f050bad5abebafc7f8dd565210edbb90a98
719,ord_dataset-c5b00523487a4211a194160edf45e9ab:ord-80f89dfd9c844dac86f474c324c4f036,ord_dataset-c5b00523487a4211a194160edf45e9ab,624,3a889cba9b4c347760b730a1a1b2a765af3a6f8ea1b5060d5e6420408d284989
720,ord_dataset-c5b00523487a4211a194160edf45e9ab:ord-823fe416814144c599522ac1ff1e8d70,ord_dataset-c5b00523487a4211a194160edf45e9ab,233,dc0fe36d1a1b01e68fd386b9c574a8dedabd7245e339f42faf0d570b44478f92
721,ord_dataset-c5b00523487a4211a194160edf45e9ab:ord-826dceaa84bc483c8307146b19a94fe1,ord_dataset-c5b00523487a4211a194160edf45e9ab,1140,20273c5a8f6fb443e00b29b8265c4845cd866fe131b6f4e857fabb930fe68f83
722,ord_dataset-c5b00523487a4211a194160edf45e9ab:ord-829ce743a81748d6b280e8b8b87ca128,ord_dataset-c5b00523487a4211a194160edf45e9ab,199,5af763ab89f723378f47e4889c6ce56b97ac7a9c3321bdbbd6c2581df77df351
723,ord_dataset-c5b00523487a4211a194160edf45e9ab:ord-82c1f8f358bc4d04a31a62e554c5168e,ord_dataset-c5b00523487a4211a194160edf45e9ab,291,c4308bb68e6aa8cd645f0a046f7208011c9038c906ac81a850b2e3b59fe3cbd2
724,ord_dataset-c5b00523487a4211a194160edf45e9ab:ord-82e505c1cef4484ba0eb12f37df26235,ord_dataset-c5b00523487a4211a194160edf45e9ab,1241,573ffba3365d01764be2d056dea077eed621df8aba130dc2d8bedcb2addf1ad1
725,ord_dataset-c5b00523487a4211a194160edf45e9ab:ord-834dbeb4cefc479988813d8d789323df,ord_dataset-c5b00523487a4211a194160edf45e9ab,967,ec3865d0f1d85dd8c050f0fe736d26c30f99cc0653e89f946c742f09f4bdf6b2
726,ord_dataset-c5b00523487a4211a194160edf45e9ab:ord-8375359170484db7a1b19d8729f5f7e2,ord_dataset-c5b00523487a4211a194160edf45e9ab,149,fad24af285c954f67e8c0c3d93ea0d7901c4916ba3b8f7e4ba253badcc3ab85c
727,ord_dataset-c5b00523487a4211a194160edf45e9ab:ord-83aab27aadcd47e48a1853c9380547ec,ord_dataset-c5b00523487a4211a194160edf45e9ab,1031,b68b78a05103b308dd7ab9409c8851e5b2424541ccda82170c74e433c48465ab
728,ord_dataset-c5b00523487a4211a194160edf45e9ab:ord-83d919518ad04e23b7f16b63ab233c2e,ord_dataset-c5b00523487a4211a194160edf45e9ab,79,d7efe6e7ca3db40156e049d349e9369c2eb37d3294dd87e4a199a844d2848e0d
729,ord_dataset-c5b00523487a4211a194160edf45e9ab:ord-849b81f6c19948b0a4ff448357d085e5,ord_dataset-c5b00523487a4211a194160edf45e9ab,34,a4eac2cab8e389cdc7f668de23e33c667bbdc5cab9e3cea58b6157099c53a94c
730,ord_dataset-c5b00523487a4211a194160edf45e9ab:ord-84b5c9f93b704fda866f9ecdde4d578d,ord_dataset-c5b00523487a4211a194160edf45e9ab,239,2dc8159b36953ad54de3905e146ab6adabbfbd344599191b0b39f300257665c6
731,ord_dataset-c5b00523487a4211a194160edf45e9ab:ord-84ea341870104e3e8da88deffab453ee,ord_dataset-c5b00523487a4211a194160edf45e9ab,384,8d31b3f81576b42ba2f67d77770dab256e98859f82e8d99b03c621350647e6e7
732,ord_dataset-c5b00523487a4211a194160edf45e9ab:ord-84f89d09b9e946f7bc16229911fce2a7,ord_dataset-c5b00523487a4211a194160edf45e9ab,198,3637955a6ddd09731e641738a7131cb13a35fc311fa05ba65e187aaf80ff7869
733,ord_dataset-c5b00523487a4211a194160edf45e9ab:ord-8518fcf8c88b427a9b21d0eaa31ec435,ord_dataset-c5b00523487a4211a194160edf45e9ab,595,5627d3044ce95c8cf3be53557b8ba56eb832c1744ab6f1fd77565a160c2d9c5f
734,ord_dataset-c5b00523487a4211a194160edf45e9ab:ord-855eaa1bcdd142acb4ae0e53764c6ae2,ord_dataset-c5b00523487a4211a194160edf45e9ab,662,5a99167d62d45a362c01dbd3e22b56ffeef48a391f324e9bf35768cf33167a1d
735,ord_dataset-c5b00523487a4211a194160edf45e9ab:ord-8577b458958f46fc9078057a6a15c905,ord_dataset-c5b00523487a4211a194160edf45e9ab,804,5a1648d172a44f8cf57f9d4ac948eeb33a7eac7323059991d40b6827191b8371
736,ord_dataset-c5b00523487a4211a194160edf45e9ab:ord-85d4b137e4f24a769f749003d893d2b6,ord_dataset-c5b00523487a4211a194160edf45e9ab,451,10542a884a06ee8db44f1b446e808e55313d0116ee05053bc15bc4377503d134
737,ord_dataset-c5b00523487a4211a194160edf45e9ab:ord-85df6d71775e4a02b83e4e2cbe18c413,ord_dataset-c5b00523487a4211a194160edf45e9ab,1121,df6437728a794dfc3227317b459fd6f7bbcbd0685e34e209b46422d8d9b67e97
738,ord_dataset-c5b00523487a4211a194160edf45e9ab:ord-8601fb47e5334d12a207259c672b774d,ord_dataset-c5b00523487a4211a194160edf45e9ab,908,80a89e2c42641c1465a6a27531a93d6408015e57fc7d600162b4b657c3c275c9
739,ord_dataset-c5b00523487a4211a194160edf45e9ab:ord-860bc9ba25994274ad790ba4d7a2e77b,ord_dataset-c5b00523487a4211a194160edf45e9ab,760,03d5c234e7a1472194164a1c02e2930e0acfd00de77f0ab9db0cdcc9fc9b72b3
740,ord_dataset-c5b00523487a4211a194160edf45e9ab:ord-86146cb8790044c492011ea3f606ace1,ord_dataset-c5b00523487a4211a194160edf45e9ab,797,6cc4294f71d0727495d7c4272c5f37a327a395e2670f46e7f6e1bf9cfe88f07c
741,ord_dataset-c5b00523487a4211a194160edf45e9ab:ord-864fe07c79fe461dbed107e119341cf5,ord_dataset-c5b00523487a4211a194160edf45e9ab,879,09c22b2358703312f8cd7d7dd3541af4bde4fc4a5ccb1c0b9e936b5b76665883
742,ord_dataset-c5b00523487a4211a194160edf45e9ab:ord-867f9539b7e64118849a9e2e1e13356c,ord_dataset-c5b00523487a4211a194160edf45e9ab,190,91f8c094311e177657786768c54839bbe0d0b738141a77023a6bc23dd38e0c58
743,ord_dataset-c5b00523487a4211a194160edf45e9ab:ord-869c8070990347d890faf6bc48c9452d,ord_dataset-c5b00523487a4211a194160edf45e9ab,1124,1fb53923445d5fc57a6606e8f36d618051f6223833da28965559ed13901b00d9
744,ord_dataset-c5b00523487a4211a194160edf45e9ab:ord-86a0850d28cc4aac83f8220552516de9,ord_dataset-c5b00523487a4211a194160edf45e9ab,1146,416b18ea008b643f7f31dd7924871bb12934596e098144a10d46efd48e7cb6f2
745,ord_dataset-c5b00523487a4211a194160edf45e9ab:ord-8750411abe4742d0a274d3f68e0b2ce5,ord_dataset-c5b00523487a4211a194160edf45e9ab,362,4e3b1b93711326f887d0672374d58c98feeeb0df0bc55a8aa615c6e5e2c90ddd
746,ord_dataset-c5b00523487a4211a194160edf45e9ab:ord-878ea8bd27624224a500eefbbe0ff28e,ord_dataset-c5b00523487a4211a194160edf45e9ab,1427,653cc7c665c60955762e7945e027346967d9550940d48b136192b5c3b093ed28
747,ord_dataset-c5b00523487a4211a194160edf45e9ab:ord-87f121c7b68e42c1a5ffb47fba714215,ord_dataset-c5b00523487a4211a194160edf45e9ab,1137,b48589072ca0e4236559cfb751d7774c96acc665a34862b06c6f418775c08a29
748,ord_dataset-c5b00523487a4211a194160edf45e9ab:ord-885dc608e0da4730b7ad23f7dd39e901,ord_dataset-c5b00523487a4211a194160edf45e9ab,635,d10dd95db8eb2bfd0356395704fa2278c19a635d6399160f088220268fd97a08
749,ord_dataset-c5b00523487a4211a194160edf45e9ab:ord-88b836a3d6b047daaee170cf706db03c,ord_dataset-c5b00523487a4211a194160edf45e9ab,318,4d244d39ee02550a671131bb6c56ad79c7836c265ca7eaec08525034b38cbd1c
750,ord_dataset-c5b00523487a4211a194160edf45e9ab:ord-8950ad8b513f4639bf5302c6c330af4f,ord_dataset-c5b00523487a4211a194160edf45e9ab,727,f503f6063c86476f1e08c80989ed8b760c6573e7afb11a0cd6865bcc4e24e235
751,ord_dataset-c5b00523487a4211a194160edf45e9ab:ord-8982f85d82bf41fb8df6ab2060264b1c,ord_dataset-c5b00523487a4211a194160edf45e9ab,1360,bef49859f8df75392c7bc7d942a3e6223e4c0b1f97afaa1ff4b781c1e1800f30
752,ord_dataset-c5b00523487a4211a194160edf45e9ab:ord-89c156f5350c4fe28cadd92e2755a465,ord_dataset-c5b00523487a4211a194160edf45e9ab,937,53955e6c757380115a0761a1beaafaa28face752edaa107e4746b6ad3fac1b86
753,ord_dataset-c5b00523487a4211a194160edf45e9ab:ord-89d24093d3234e118297b3c670eb3288,ord_dataset-c5b00523487a4211a194160edf45e9ab,327,86a48295047a4dddb1280dac4c033301f7540f3951342312bce04ac90e107fa8
754,ord_dataset-c5b00523487a4211a194160edf45e9ab:ord-89ee7dd9fffb4879839bd28378f7f51a,ord_dataset-c5b00523487a4211a194160edf45e9ab,124,b37ee0a8bd0b198c4f12e3e698526c6480f93450bef1b84c0e0225ea64a9621a
755,ord_dataset-c5b00523487a4211a194160edf45e9ab:ord-89f6a7331323495d97c83bf793496d46,ord_dataset-c5b00523487a4211a194160edf45e9ab,1301,6541b9c9d676f8764ba456ca87ac9f2250994de0b4a38884f26c48ad0a3ccef7
756,ord_dataset-c5b00523487a4211a194160edf45e9ab:ord-89fb58fc412c42838e73a665ff5355cc,ord_dataset-c5b00523487a4211a194160edf45e9ab,1120,d55ddbf220b3a09ab86624e55a181e1418eae08aecd6afcf25d7e129dd2bf099
757,ord_dataset-c5b00523487a4211a194160edf45e9ab:ord-8a8301976ecc462bbb191be5e974bdd9,ord_dataset-c5b00523487a4211a194160edf45e9ab,588,b75463854f8c31d6aa000ca3961169ea5947f89be0d205f90880a17dcb4d06c8
758,ord_dataset-c5b00523487a4211a194160edf45e9ab:ord-8ac5b7b8f8144230a417c047ed9c18a7,ord_dataset-c5b00523487a4211a194160edf45e9ab,886,377c63444a0d225d3a0f53b9b4d3e81f99f6a3fd24c9119686ebee4753fb366e
759,ord_dataset-c5b00523487a4211a194160edf45e9ab:ord-8ac9458e574f4a638e8f58226792231b,ord_dataset-c5b00523487a4211a194160edf45e9ab,21,2668bbb2cc9f994f01d95a7feead43992d6e8e39f6dd04643fa7fe27d8e4ceb6
760,ord_dataset-c5b00523487a4211a194160edf45e9ab:ord-8b08911477ad4a139819e946fb838b2b,ord_dataset-c5b00523487a4211a194160edf45e9ab,815,102ae3fd7ccba81741b98df0918a6275dd5cbc060fff974d647c1644aa563c6e
761,ord_dataset-c5b00523487a4211a194160edf45e9ab:ord-8b3b0cfb9d0f4d28a8668a28133f37be,ord_dataset-c5b00523487a4211a194160edf45e9ab,1222,39530f5785ec8d18bf70f5411267804664b9e6bdd5e2efe2a95d4defb48ff406
762,ord_dataset-c5b00523487a4211a194160edf45e9ab:ord-8b6729c6c6be4796933e84e57e15fee1,ord_dataset-c5b00523487a4211a194160edf45e9ab,679,ce03a984b515e9a0b82f756ba14796d3024b0ff438d1a1c1302d69a77547e355
763,ord_dataset-c5b00523487a4211a194160edf45e9ab:ord-8b782b185c814e80ac8823d691ed6620,ord_dataset-c5b00523487a4211a194160edf45e9ab,703,7cfe282f625b0e1fa53fe9476a27118714d596833298a7dc3385c2802d5639f6
764,ord_dataset-c5b00523487a4211a194160edf45e9ab:ord-8bc31cbe414f4434b5b6cdf0bf79e800,ord_dataset-c5b00523487a4211a194160edf45e9ab,370,54103248495d8ca57385b7bbce02591b05281550b08456663b3e066b230e5921
765,ord_dataset-c5b00523487a4211a194160edf45e9ab:ord-8bda92557c8d4f32828a3f5438888d96,ord_dataset-c5b00523487a4211a194160edf45e9ab,330,0d701c1dda120f767e5ad4b740d066a5bc9d8674278c585150b8bc4f235586db
766,ord_dataset-c5b00523487a4211a194160edf45e9ab:ord-8c13319772af460d9b2b275737054d84,ord_dataset-c5b00523487a4211a194160edf45e9ab,284,265f8864784dfc4d2654e5b410f1d4a05e0ac416049df34cd5e255151a11ef4d
767,ord_dataset-c5b00523487a4211a194160edf45e9ab:ord-8c213a2ca06b466aaa2a8579020e1e9d,ord_dataset-c5b00523487a4211a194160edf45e9ab,259,836815ac138324710d9f43fe767e8d58ef83af0939f3ea68fa1dc40b5d010e75
768,ord_dataset-c5b00523487a4211a194160edf45e9ab:ord-8c675e7812504b2f9d51ec38015c7964,ord_dataset-c5b00523487a4211a194160edf45e9ab,1004,2d33b5185cb5506f0e68cc808e503cbcf7f7f0540b6a115f2d7e3a2491fc92d7
769,ord_dataset-c5b00523487a4211a194160edf45e9ab:ord-8c68fa62560e4233958c34630ba8250d,ord_dataset-c5b00523487a4211a194160edf45e9ab,545,9ab17b70781e6918af4b4b9be4d1083371fd49c005510eb928a4d9c4c8766116
770,ord_dataset-c5b00523487a4211a194160edf45e9ab:ord-8c8440dd0cfe476aa9051dec043dbbe3,ord_dataset-c5b00523487a4211a194160edf45e9ab,9,972f858f98c328bf814d93f24a5f61f60766fddb969fed7b119f09caf846a2ab
771,ord_dataset-c5b00523487a4211a194160edf45e9ab:ord-8ca375c86f4c46ecbdf68fd99306bfce,ord_dataset-c5b00523487a4211a194160edf45e9ab,1061,6641ee33ac60aa77d1cd863356b74dc39d7cf7af846556c7277b5a43a22a2461
772,ord_dataset-c5b00523487a4211a194160edf45e9ab:ord-8cccfd224a7f43dab32e54086a68095a,ord_dataset-c5b00523487a4211a194160edf45e9ab,813,1f202d19e01afac9f1862cc1452cba591e7be3d6d4cc694e823e54d5598a0711
773,ord_dataset-c5b00523487a4211a194160edf45e9ab:ord-8d8aabc4d18f4d3ba6018687bcfc5f8d,ord_dataset-c5b00523487a4211a194160edf45e9ab,1346,49528560107047853c81c3ec2fda9b571b99cb331f176bc83b6f6360518c8139
774,ord_dataset-c5b00523487a4211a194160edf45e9ab:ord-8d9cdf8df66246cf8102acf0723ac5f3,ord_dataset-c5b00523487a4211a194160edf45e9ab,106,390508c19ef925573329243a9b9323be51f45bbc45a5e7dcdcf8dd7770c719f8
775,ord_dataset-c5b00523487a4211a194160edf45e9ab:ord-8d9d69d24bf7497c837eb501dd79922e,ord_dataset-c5b00523487a4211a194160edf45e9ab,1188,8a55790e854f6800b2acd9c2ccbb947b15cdd83c8221b0f5cd55017609f063c7
776,ord_dataset-c5b00523487a4211a194160edf45e9ab:ord-8db5492f8bab4efca47b1579bbb8416e,ord_dataset-c5b00523487a4211a194160edf45e9ab,559,3589042ad6667936105cfe091a10e53f0cdf52acbf7900f73296c8d9e47e4688
777,ord_dataset-c5b00523487a4211a194160edf45e9ab:ord-8dc3d80ac8f245c682cd1da360877792,ord_dataset-c5b00523487a4211a194160edf45e9ab,1336,d63eca92d88bbafad9c5e1250c7cb6c87cb78b390a179aece84073ba0e369bc5
778,ord_dataset-c5b00523487a4211a194160edf45e9ab:ord-8de4798231d34e569cbee178cae14111,ord_dataset-c5b00523487a4211a194160edf45e9ab,830,c3a4af78baede7f973ef0f4d4d2602797579abbb1533068d64a02d318b32ce82
779,ord_dataset-c5b00523487a4211a194160edf45e9ab:ord-8dff8e13e1d24e10a94c26356a065fa0,ord_dataset-c5b00523487a4211a194160edf45e9ab,443,f74ab4a902c70d4950c176f845cdc46be24b9a6fab39565e1c794730c7e2fd1c
780,ord_dataset-c5b00523487a4211a194160edf45e9ab:ord-8e5aa97de34c400dbe6ed9cf12d95f10,ord_dataset-c5b00523487a4211a194160edf45e9ab,138,1adb263e375316fca564940b00c4c4471630e730a2d9aca9483b405a40842a84
781,ord_dataset-c5b00523487a4211a194160edf45e9ab:ord-8e8a5f503ac2498cae9d55c9a9f3e11a,ord_dataset-c5b00523487a4211a194160edf45e9ab,1238,f41bd76751221a09e4daa321b2b1f11b6b4bec2d1cb805cb79a525e4ae1c1e25
782,ord_dataset-c5b00523487a4211a194160edf45e9ab:ord-8e9115516d0d4aa8950eff89dc9e6573,ord_dataset-c5b00523487a4211a194160edf45e9ab,1411,ccacb5d2f37e4e4b296d3656fc0879b74fe40d85fe48c6f14ced16485ee44ba4
783,ord_dataset-c5b00523487a4211a194160edf45e9ab:ord-8ebe4e5454cf460d9410c399935d251a,ord_dataset-c5b00523487a4211a194160edf45e9ab,458,d03108519e0d2e0e7afa78128cd3cc7617a44cbee9444b9d3459b4de3fbbae57
784,ord_dataset-c5b00523487a4211a194160edf45e9ab:ord-8f0995635a8643d1ae355a67ac620890,ord_dataset-c5b00523487a4211a194160edf45e9ab,334,fad8262392b9132283ae4e6140e6e973103abc2bce150a3b224d7a84f32125cc
785,ord_dataset-c5b00523487a4211a194160edf45e9ab:ord-8f5ad55249af44a4ac5c5687a31111d4,ord_dataset-c5b00523487a4211a194160edf45e9ab,176,c2c3658ea07cd5ad261f637f85c1d9ec6c47d1f4ee428e56d2133f020d4760c0
786,ord_dataset-c5b00523487a4211a194160edf45e9ab:ord-8f85712c1de342dea896f68832cb9eb0,ord_dataset-c5b00523487a4211a194160edf45e9ab,768,be2789b8f8faa5670a942aa53d88b7313682c978e2d043009701192d29ec79b4
787,ord_dataset-c5b00523487a4211a194160edf45e9ab:ord-8f8a0c8a2b42423a97d0646b644c64b3,ord_dataset-c5b00523487a4211a194160edf45e9ab,1159,a902f9d791d6263ad59d2dd906bdc39ee73d1704e858c5d65ccaf486c12d7aac
788,ord_dataset-c5b00523487a4211a194160edf45e9ab:ord-8fbf6faf33364cf6a47198ca442d9f80,ord_dataset-c5b00523487a4211a194160edf45e9ab,1294,48199ab3b524a2e3f58c91d1566072d93ea1fc1c44c9a6775f499bfaace93a86
789,ord_dataset-c5b00523487a4211a194160edf45e9ab:ord-8fc4def655514dd08454f95558a39962,ord_dataset-c5b00523487a4211a194160edf45e9ab,994,292c53888af8972c950941b4990111a94bc509e87d988ca4b7dbb3db181b668e
790,ord_dataset-c5b00523487a4211a194160edf45e9ab:ord-900c7796cd3145a69011aa1fa8586b68,ord_dataset-c5b00523487a4211a194160edf45e9ab,372,5d689c7395405b12749521b5c7bd98ff58f403c0a7c00239a3522cb816e1b8eb
791,ord_dataset-c5b00523487a4211a194160edf45e9ab:ord-902d39466e16431ba9b2b6b8c8ff6b0f,ord_dataset-c5b00523487a4211a194160edf45e9ab,1289,15946bf25e3425a89d2aaa21dc5566d5dbf5a780937cf6f02f53bbafe753b9aa
792,ord_dataset-c5b00523487a4211a194160edf45e9ab:ord-9120d74be2394c5e8502f510157b615e,ord_dataset-c5b00523487a4211a194160edf45e9ab,953,df4abb3deb44be53cbcccad1b42c2c8f53bf1f774fe78fdf8fca1cdedcf52cba
793,ord_dataset-c5b00523487a4211a194160edf45e9ab:ord-913066da216d49a8ab5bf5e3119bed06,ord_dataset-c5b00523487a4211a194160edf45e9ab,684,4bc67968e10947bccd5b9a14e6ba384ad65d2df3a272406479e3e13910a8ef2d
794,ord_dataset-c5b00523487a4211a194160edf45e9ab:ord-9134aaebd1914b869c447f6c28a86aaa,ord_dataset-c5b00523487a4211a194160edf45e9ab,208,9bfcb0632dc31878a6f29139880a2150e841a2f27afcd34d63fb7082b85a9fc6
795,ord_dataset-c5b00523487a4211a194160edf45e9ab:ord-9139ecfe08c34904aba1184710712e03,ord_dataset-c5b00523487a4211a194160edf45e9ab,809,9ed46d1397a3687bbfa8caeba699d764025b4f7d5159ca7c110c65a242e9f260
796,ord_dataset-c5b00523487a4211a194160edf45e9ab:ord-916bf296c0e84598b0ad419eef2b293d,ord_dataset-c5b00523487a4211a194160edf45e9ab,1078,67100d73511df9c6494707d0727c495c71bd7c4ab3368a19d93c2e4f179778ba
797,ord_dataset-c5b00523487a4211a194160edf45e9ab:ord-9190d6e5fd194a1d98595896d4636dbd,ord_dataset-c5b00523487a4211a194160edf45e9ab,835,33afe213e3c8878bab3843ea1fbbdf12932e6ffe8eb898221411515c545d615e
798,ord_dataset-c5b00523487a4211a194160edf45e9ab:ord-91cc598b9ba04d6283da431deba97c75,ord_dataset-c5b00523487a4211a194160edf45e9ab,750,4541f927909a5b306e13d830a9fb2f23d0438c078ce1353aa766899e37714758
799,ord_dataset-c5b00523487a4211a194160edf45e9ab:ord-91d67f3822964cbdbd37ab4018f69c58,ord_dataset-c5b00523487a4211a194160edf45e9ab,236,6d16cd97153a91df5a27da702d9e3947cb9c96e85fda53fb44014096310a313d
800,ord_dataset-c5b00523487a4211a194160edf45e9ab:ord-91f47911e54940a8a513e55a52f4c72e,ord_dataset-c5b00523487a4211a194160edf45e9ab,71,082d6d09024f00f73d932982f260ce4f60370f6277b07ff1636dfd90fa59c431
801,ord_dataset-c5b00523487a4211a194160edf45e9ab:ord-91f4f33330aa4934b1d6c517e62c0d92,ord_dataset-c5b00523487a4211a194160edf45e9ab,1067,d9ddc9273b551ec91dcd9d7858ad43d23388e98da23b16ff10a59822d2727248
802,ord_dataset-c5b00523487a4211a194160edf45e9ab:ord-9201c991d8654525af0c55c144171de4,ord_dataset-c5b00523487a4211a194160edf45e9ab,685,92c9d6f89b7ad7321de8c6c4a3e357d36da5cbda8a444ba692a526263da809ca
803,ord_dataset-c5b00523487a4211a194160edf45e9ab:ord-9229f9a9bd924305bddb1b72a51bdfd7,ord_dataset-c5b00523487a4211a194160edf45e9ab,1,31dfdf4005fdcb9c795f5e866d6f1f84f591822c12aeec4e4d7770f02796848a
804,ord_dataset-c5b00523487a4211a194160edf45e9ab:ord-9254cbb536984a7d8aa5b5b9c072f81a,ord_dataset-c5b00523487a4211a194160edf45e9ab,1422,a0a84472cdd516adaa737cfda7bd0caec93e589ca77618d24fd1f1e957e5bbac
805,ord_dataset-c5b00523487a4211a194160edf45e9ab:ord-928aa7efbc34413da8c8b6517a8a3ec7,ord_dataset-c5b00523487a4211a194160edf45e9ab,547,851139abcfbf5e9b200788b1274bd0f20b0f1e64f84664dd8e63931fae545017
806,ord_dataset-c5b00523487a4211a194160edf45e9ab:ord-929496a8f4954c678a042e3ce8bd0ba0,ord_dataset-c5b00523487a4211a194160edf45e9ab,659,476e1d46ab139c9f7b3119a54ad326e9588c8f90aa6f969b34e5a34627857516
807,ord_dataset-c5b00523487a4211a194160edf45e9ab:ord-92aad6a0ff7d4bceb85374c4a9ddf4f9,ord_dataset-c5b00523487a4211a194160edf45e9ab,555,1ec90fd1a28aaa1264cb1b0cbff292c580a98ecaa1c26d47ab92865ce1452786
808,ord_dataset-c5b00523487a4211a194160edf45e9ab:ord-92df3f05ca4c43b78829a23dd155d32d,ord_dataset-c5b00523487a4211a194160edf45e9ab,1399,8739b68789dc80db03125da577611c19fb6b3733a832f753983f69ad3cce4da1
809,ord_dataset-c5b00523487a4211a194160edf45e9ab:ord-9347aded423a4a09b94631d70843c837,ord_dataset-c5b00523487a4211a194160edf45e9ab,1383,bb63f6b4246be4e3337a7019f67d15f7fbdb1c9ce7980b346e3970d42a4319f0
810,ord_dataset-c5b00523487a4211a194160edf45e9ab:ord-93697c0262d944bb97d637386b2a5cf1,ord_dataset-c5b00523487a4211a194160edf45e9ab,810,1f85f4a598a26810c67f30a53736d67224778d99acfadb1180215a8a7b880917
811,ord_dataset-c5b00523487a4211a194160edf45e9ab:ord-937dd97b1de6464093b7b4dd080b6342,ord_dataset-c5b00523487a4211a194160edf45e9ab,1370,97eff56a342932ed12b6bd522821da8fbc449b40239e047a9bc90961b1677662
812,ord_dataset-c5b00523487a4211a194160edf45e9ab:ord-93a923c1e0be4da3898055b0bf586ac3,ord_dataset-c5b00523487a4211a194160edf45e9ab,464,63cf9f2f0043200c2225c1e3afe7c647a34e0e7b869b3ad0f10926601ae0394f
813,ord_dataset-c5b00523487a4211a194160edf45e9ab:ord-93ec1a24c26c41abb0ace1bfb5b38201,ord_dataset-c5b00523487a4211a194160edf45e9ab,91,383e1be1cf56ec7d5d69348c27f22e853744cb5eb3bbb0a838562e9fade8d734
814,ord_dataset-c5b00523487a4211a194160edf45e9ab:ord-93f040c605c94a89bd7939e23f9d83fa,ord_dataset-c5b00523487a4211a194160edf45e9ab,1036,ccea68ae8fb738fc11a3db8a587185dcd4aebff14ba183aa9cd76c732efdd657
815,ord_dataset-c5b00523487a4211a194160edf45e9ab:ord-942bf752e25846eebe729c7b4603a61c,ord_dataset-c5b00523487a4211a194160edf45e9ab,1242,08e7d81100a54b0466d81c787b610986442086ee76d408296be0bca2562d968b
816,ord_dataset-c5b00523487a4211a194160edf45e9ab:ord-950ec996a3eb414ab5b636eeb71b4c08,ord_dataset-c5b00523487a4211a194160edf45e9ab,46,aaea7b64be5931c5bd34ce9224bae2072d8993073ac12f72fc71e91189dd6b41
817,ord_dataset-c5b00523487a4211a194160edf45e9ab:ord-954a3b9ffd8d48cebc69fe10de919c17,ord_dataset-c5b00523487a4211a194160edf45e9ab,40,fcb45f97a58fe4c49d19d0fa34c582b72daa58301b496294a63643feb2fe681f
818,ord_dataset-c5b00523487a4211a194160edf45e9ab:ord-955cef31977943b0992572f7dc77f6fb,ord_dataset-c5b00523487a4211a194160edf45e9ab,1117,dc695b5fe4b309feee51de73c834ddda9c53359b5e05acc4396db5438e2f9a13
819,ord_dataset-c5b00523487a4211a194160edf45e9ab:ord-95693b96e2ce4ad98549d2e04d02547d,ord_dataset-c5b00523487a4211a194160edf45e9ab,934,a86579082aa01248e8dd0307139ae4ea947156e937e8b0a2ab47bd7452a07ff1
820,ord_dataset-c5b00523487a4211a194160edf45e9ab:ord-959c3e794653447c87b00fda7895db36,ord_dataset-c5b00523487a4211a194160edf45e9ab,736,f20abfb8ef1b7681fc3fcc4cacde0b99d1c8092bdaccb5f5ac959050dff698b6
821,ord_dataset-c5b00523487a4211a194160edf45e9ab:ord-95b994ce507c41478fc882c2553c167a,ord_dataset-c5b00523487a4211a194160edf45e9ab,852,6c218b4c4e7ef93730ee67d472c00617c98f580bf61001ea56b0d23d7cd46621
822,ord_dataset-c5b00523487a4211a194160edf45e9ab:ord-95bbc68c5d45433d830fbfb584d23584,ord_dataset-c5b00523487a4211a194160edf45e9ab,786,d2f67de7786edcdd50027a8c79a478f9260cd5b672f0a4d83130c5d55f141fcb
823,ord_dataset-c5b00523487a4211a194160edf45e9ab:ord-95ff048c30ae43aabfe2735a8fdd6796,ord_dataset-c5b00523487a4211a194160edf45e9ab,837,47a2f69f61af7801ef121ef5dcf68c265ec75506af41df865a062b2c35171421
824,ord_dataset-c5b00523487a4211a194160edf45e9ab:ord-9620df2249374bedb241df6e3fe5926a,ord_dataset-c5b00523487a4211a194160edf45e9ab,1014,5b619fe02d3c53bf6cf1ef313b556c408d243de352bdff46c544ecbaf233b80a
825,ord_dataset-c5b00523487a4211a194160edf45e9ab:ord-9622007006e34e21a181b1d14bf95b25,ord_dataset-c5b00523487a4211a194160edf45e9ab,1429,799dc2d32112ff237f54fcc8311034d222d08c1a47580221d3f1a9eb3aeb092c
826,ord_dataset-c5b00523487a4211a194160edf45e9ab:ord-963d740cc13d4d1d9681f83aefcbe4b4,ord_dataset-c5b00523487a4211a194160edf45e9ab,1164,e91684acc7fcad725f435ee955721e350987c628a39cf9f5259b47ef15f408da
827,ord_dataset-c5b00523487a4211a194160edf45e9ab:ord-9663a501032144f5b092493568c0d7ac,ord_dataset-c5b00523487a4211a194160edf45e9ab,29,d76bc2e767e2f5a72ebe6dbb5c8d8a0d29e6a6692b2d986ced914c5c56d82b29
828,ord_dataset-c5b00523487a4211a194160edf45e9ab:ord-9685d472259b4a218756802096b1d4a8,ord_dataset-c5b00523487a4211a194160edf45e9ab,770,ab6c082998ffd1e50c10813f1aac79aa87d0b102238fc457f216cceac852b5d0
829,ord_dataset-c5b00523487a4211a194160edf45e9ab:ord-96a8a1ebf24c4c1ab2ecbd6c43992bad,ord_dataset-c5b00523487a4211a194160edf45e9ab,182,9f84cfe83f99e7adb168011925c54b6929fdf56fbcc67d45d646a89b8bbdd151
830,ord_dataset-c5b00523487a4211a194160edf45e9ab:ord-96c3f9b5465943c9a6270ba60df9834d,ord_dataset-c5b00523487a4211a194160edf45e9ab,437,7f8488548fe514d95ea6cb56bf3582ca4ce9d257b5f3b881fb4237b4326cdced
831,ord_dataset-c5b00523487a4211a194160edf45e9ab:ord-9712b285538a4ec681a501171ed425e7,ord_dataset-c5b00523487a4211a194160edf45e9ab,682,38384855d88eef7f550ffea2a5c04728609e397dbbc4c892039ac0704ff13962
832,ord_dataset-c5b00523487a4211a194160edf45e9ab:ord-972e6cacf7144d5fa1c55dd5da56e461,ord_dataset-c5b00523487a4211a194160edf45e9ab,794,854728270ad6be1b917d82ac71c5d87fc7e81202efda4eaf97997028b2169cde
833,ord_dataset-c5b00523487a4211a194160edf45e9ab:ord-97829fe099ec4e54acd58a94b270d01d,ord_dataset-c5b00523487a4211a194160edf45e9ab,369,4a870ca8b1f1d2e7dc3debd0f86887e2c532a4535a668dff842ceb80861a0278
834,ord_dataset-c5b00523487a4211a194160edf45e9ab:ord-97a9e1e344e142c1940c467928dfaf6c,ord_dataset-c5b00523487a4211a194160edf45e9ab,785,0ad211d8eec3e725e7cb0e2d8bb54bd1641b7e649b8c46cc31efd24baf2c2df5
835,ord_dataset-c5b00523487a4211a194160edf45e9ab:ord-980307a0b1364ad6a32c59c59d0839e4,ord_dataset-c5b00523487a4211a194160edf45e9ab,1029,8c61485500a187d4517c36ce1bf4dbc401048f29c3966f718de792a54c236903
836,ord_dataset-c5b00523487a4211a194160edf45e9ab:ord-980e254df373457ebdb14cd5056f3ce3,ord_dataset-c5b00523487a4211a194160edf45e9ab,269,dbe784eb92bc70ff0a237ae22ae328cef0eb75c48b2dd53924d1ef2fcf275afa
837,ord_dataset-c5b00523487a4211a194160edf45e9ab:ord-987601d37abe4d59a96d2b1d50a06e56,ord_dataset-c5b00523487a4211a194160edf45e9ab,910,20374d8b7096ecfe446eee79ffde710d518ac66566d80e389b15a9322c2fbfa9
838,ord_dataset-c5b00523487a4211a194160edf45e9ab:ord-987a1bc1a78c4c8499b0b72bb89655ed,ord_dataset-c5b00523487a4211a194160edf45e9ab,1154,c23a69a6e93b3f2360a0cdd82d0de640604599bfce184a9173637328c0a0bccb
839,ord_dataset-c5b00523487a4211a194160edf45e9ab:ord-98aa22dbce0d4ecab48c9bfde7e5c64a,ord_dataset-c5b00523487a4211a194160edf45e9ab,630,622a00be66847a4a14fbbcc49529348978dd90df255f835d95229413e14dc8bd
840,ord_dataset-c5b00523487a4211a194160edf45e9ab:ord-98d2bd9edafd4b12960a5f04b6d347f1,ord_dataset-c5b00523487a4211a194160edf45e9ab,563,89674e3736578e1fecb81d7f65f9c41dfd1061a31dcb29011d0146b87bab9b21
841,ord_dataset-c5b00523487a4211a194160edf45e9ab:ord-9964da2728f74e8eba094400229d8c19,ord_dataset-c5b00523487a4211a194160edf45e9ab,1396,612374168bb6c6c790fbf5295dfc86bccb26e9b88de61b758b661a46858b6b67
842,ord_dataset-c5b00523487a4211a194160edf45e9ab:ord-998ecc9dad104b0182c4ba4447f941f0,ord_dataset-c5b00523487a4211a194160edf45e9ab,346,883b5cb0cf6b74a5150197577d65f06bfbfef3b7009480d7da735968c51c1a51
843,ord_dataset-c5b00523487a4211a194160edf45e9ab:ord-99a0c7766c3a433e9cfe077431e807ee,ord_dataset-c5b00523487a4211a194160edf45e9ab,13,d9a291e4aa314fded75c7d6b2d151f0fb587c2b9d8c1956dfb5c2d8d4546a8f8
844,ord_dataset-c5b00523487a4211a194160edf45e9ab:ord-99d400129f90453faa60b5c5b9fa6d0e,ord_dataset-c5b00523487a4211a194160edf45e9ab,1365,7e56e9dfcc6505f81ff7de6be6e358d85babeae49f6610d9cc109b0b04870026
845,ord_dataset-c5b00523487a4211a194160edf45e9ab:ord-99d74d3504ea4e56bac2ab249b0cfe23,ord_dataset-c5b00523487a4211a194160edf45e9ab,1038,4735e35b2cb7c2bcb0b188cb8e73092c557a14ee3d4f45020266b2d439867b8d
846,ord_dataset-c5b00523487a4211a194160edf45e9ab:ord-9a0fd4e39293496e8d071c3d270a62c7,ord_dataset-c5b00523487a4211a194160edf45e9ab,424,1f20ed0c44469ecd7eaa8d6c75c3cdf454f348bbbcd6b0fa4c5df5a28811def5
847,ord_dataset-c5b00523487a4211a194160edf45e9ab:ord-9a5be45b8b4947798e9dca12bca43ea5,ord_dataset-c5b00523487a4211a194160edf45e9ab,570,72f3996a76366815ac9a9c7c7abf868367f3aeff1f3ef6211dbab95cce827b26
848,ord_dataset-c5b00523487a4211a194160edf45e9ab:ord-9a7320c851cb444a9068b1ce780abd27,ord_dataset-c5b00523487a4211a194160edf45e9ab,463,b083b6ea642ca7e05927f74d552794b9d858de6cb52eb639f6c08803bfb9e0b3
849,ord_dataset-c5b00523487a4211a194160edf45e9ab:ord-9af7b40490ff49a080d876af1e664b43,ord_dataset-c5b00523487a4211a194160edf45e9ab,1016,538884201fb484d2451ad1bb60a9ac861040d45064d4e3fb559ce7b8321be6c5
850,ord_dataset-c5b00523487a4211a194160edf45e9ab:ord-9b22cdba18ce456b97b4afe788f59790,ord_dataset-c5b00523487a4211a194160edf45e9ab,1367,ce85d1c8a489ac546e984307e48a6e543750bc1047b7245f710c72c3cc40e1ae
851,ord_dataset-c5b00523487a4211a194160edf45e9ab:ord-9b6baaf5446e42caa8cdc3412fb36b05,ord_dataset-c5b00523487a4211a194160edf45e9ab,964,c6e0c2a8ace1769c353dc3b13c7b0d5f348462ba6cc1d9f7c4f3ce3f870e5c4f
852,ord_dataset-c5b00523487a4211a194160edf45e9ab:ord-9bb3f9eadc9445b19b7e234bbbb2080f,ord_dataset-c5b00523487a4211a194160edf45e9ab,216,64e0a06f2c88592db42025f9f6de5ddd1b0149ee82e23490c03c662ad648a6a6
853,ord_dataset-c5b00523487a4211a194160edf45e9ab:ord-9be994d704994de49b8bdc1a8ad91239,ord_dataset-c5b00523487a4211a194160edf45e9ab,660,69d092934c1c9b6dfd1ced4f10b9845baafb5fcbc4d64314fd584a3cba086a2a
854,ord_dataset-c5b00523487a4211a194160edf45e9ab:ord-9c39f42a7fe6459193a7da665459a6bf,ord_dataset-c5b00523487a4211a194160edf45e9ab,558,80f25bd99d99e8f7f3092ab7ba6fb8fafd32e19beeb762181ca330e4d33af2da
855,ord_dataset-c5b00523487a4211a194160edf45e9ab:ord-9c6c647fd1484ae684e98f9af27d4db9,ord_dataset-c5b00523487a4211a194160edf45e9ab,707,0201e002682d525f3a82b6843468251f12f38fa8fb5bf21b03ac20260e564c7d
856,ord_dataset-c5b00523487a4211a194160edf45e9ab:ord-9c9ee0abf5084306b6bd70cfb0754178,ord_dataset-c5b00523487a4211a194160edf45e9ab,788,a7eb82166610129a422be9cde097a458bedb1423c33fa9c1f02c07a566d9dd1a
857,ord_dataset-c5b00523487a4211a194160edf45e9ab:ord-9ca92cd760f54457a14a83fe73517d7c,ord_dataset-c5b00523487a4211a194160edf45e9ab,229,305efae5cb9ec4cc80283159e7c4631df6c035a5a9aa5b6a25ba1d6aa7cbfd6e
858,ord_dataset-c5b00523487a4211a194160edf45e9ab:ord-9cf53340dd8c4fddafa4ae8c98c01aaa,ord_dataset-c5b00523487a4211a194160edf45e9ab,479,414ab7c877fd0ec50b02d63ff53478b317101fabaf97e98844b5b1e523a9fd11
859,ord_dataset-c5b00523487a4211a194160edf45e9ab:ord-9d02661be8dd467a926db744842e745e,ord_dataset-c5b00523487a4211a194160edf45e9ab,1311,69012c8910fd7b9e68ae1a6ce98a02b58fdaa36022d9e91feb54739504f84ab3
860,ord_dataset-c5b00523487a4211a194160edf45e9ab:ord-9d026bc5a70c49229456369036b3fc2f,ord_dataset-c5b00523487a4211a194160edf45e9ab,668,904c52d37841564f5318cba03bd2e2a92c64738ca388dbcead0de77a82d8b5bc
861,ord_dataset-c5b00523487a4211a194160edf45e9ab:ord-9d08b3fbc80f4a62987712d0eaf86f2f,ord_dataset-c5b00523487a4211a194160edf45e9ab,514,bdc8fa50eb09bc2be844322a210951ea72fcb1b625a3bdb6a42add44104772e7
862,ord_dataset-c5b00523487a4211a194160edf45e9ab:ord-9d25f8618dd94b6a80e5be805927583f,ord_dataset-c5b00523487a4211a194160edf45e9ab,4,392e1bc9a0182586b5f8cf28e1bd925e004e343b16b0327375ab9c67cec53e3b
863,ord_dataset-c5b00523487a4211a194160edf45e9ab:ord-9d54e7c0aa4c4e5d9ef53219eae2e1f6,ord_dataset-c5b00523487a4211a194160edf45e9ab,671,68cd2d7951856a8a84302d843e96fc492302535062423dbf76850fd15a72912f
864,ord_dataset-c5b00523487a4211a194160edf45e9ab:ord-9d5e0781b5a74a7da42f6e766a76fb9c,ord_dataset-c5b00523487a4211a194160edf45e9ab,757,44c96569c3af2994f8894edaa9b467589aaa78911f63040d2b35e56ee22b188c
865,ord_dataset-c5b00523487a4211a194160edf45e9ab:ord-9d649e4fe3ec41839c9894233ffb6341,ord_dataset-c5b00523487a4211a194160edf45e9ab,773,5e4dec48faad0d944b51558ee109e67d7bff50600e0e207b5eae4601288a1b46
866,ord_dataset-c5b00523487a4211a194160edf45e9ab:ord-9d7593293b0841bdbef70069b6b2e335,ord_dataset-c5b00523487a4211a194160edf45e9ab,62,63ed721d9b348fd566c1f46cf64ef006a5dc2c35e8904d19223e5a42dc7e2c9c
867,ord_dataset-c5b00523487a4211a194160edf45e9ab:ord-9db1a8d94960431aa5a5166c83a51c8b,ord_dataset-c5b00523487a4211a194160edf45e9ab,518,452bb8106b733b42ed68964120b4eb19577a91f0d1f0a68d72b226d3d9fd9725
868,ord_dataset-c5b00523487a4211a194160edf45e9ab:ord-9dc7414ac1fa4524871a800d8ab7832d,ord_dataset-c5b00523487a4211a194160edf45e9ab,243,77ed847925a2a2ee4b8a923abe8f24fdd137f9e14742ad527e8c6a2cf8e6689b
869,ord_dataset-c5b00523487a4211a194160edf45e9ab:ord-9e184614d2744419becf1717755737a3,ord_dataset-c5b00523487a4211a194160edf45e9ab,1156,2a4adaedf1197269eb4d82b0f98d11b3bc98dbe82d4aeab4bf57de79d0a67e6c
870,ord_dataset-c5b00523487a4211a194160edf45e9ab:ord-9e18fa71281440ddae2929cb53b75de5,ord_dataset-c5b00523487a4211a194160edf45e9ab,753,7056d8d6ef4f6959a2ccb748b946556b656a305c2e24906240267dab61f99311
871,ord_dataset-c5b00523487a4211a194160edf45e9ab:ord-9e2a750a5e7044649d85528fce503a92,ord_dataset-c5b00523487a4211a194160edf45e9ab,1401,f32bb7bf4b12182efe00b6943e91ec91e10586c14a0a2ffdf4e18c165c1f886e
872,ord_dataset-c5b00523487a4211a194160edf45e9ab:ord-9ea081a1eb85433dadd54483281d8e5a,ord_dataset-c5b00523487a4211a194160edf45e9ab,500,b914f5b848e3b7de0b14b1154402f8c44bd06fb4c9e1709106429025a3ad3221
873,ord_dataset-c5b00523487a4211a194160edf45e9ab:ord-9eca76ed176c4ab19aa4554dfcfa5f22,ord_dataset-c5b00523487a4211a194160edf45e9ab,499,ff27cc627d19fb60a063ccb9d74e941ae7bdf4ad96be241d15f5583e0e091a8b
874,ord_dataset-c5b00523487a4211a194160edf45e9ab:ord-9ed8bedd27d34b5db4e4e32fbc438a65,ord_dataset-c5b00523487a4211a194160edf45e9ab,905,ae1df96361bcd1481e6727cb95a13aca2496cb2456d7a07ac6302d36d9c5e1be
875,ord_dataset-c5b00523487a4211a194160edf45e9ab:ord-9f240a1614a2440393ec0a8e6ad72b2a,ord_dataset-c5b00523487a4211a194160edf45e9ab,524,354ac14921444a0337600b2d06ee134f7d096dfb99f2e3734693c03435706543
876,ord_dataset-c5b00523487a4211a194160edf45e9ab:ord-9f838042c4354a04a01bd2fc842db230,ord_dataset-c5b00523487a4211a194160edf45e9ab,48,2e1aa8fffe8ff4ec96fdf138b70462eb12818e15da79a692b7e2e0488004f59d
877,ord_dataset-c5b00523487a4211a194160edf45e9ab:ord-9f9636c204024ead9b24178cfc20346f,ord_dataset-c5b00523487a4211a194160edf45e9ab,1007,8352720cb075645545f63fca4a348f1f243857e01ddf9f4d0147f0bba4fc86c0
878,ord_dataset-c5b00523487a4211a194160edf45e9ab:ord-9f9b1e8a100f477e8ebeb890d72d2d90,ord_dataset-c5b00523487a4211a194160edf45e9ab,1195,a39882d1615cef8f0e7e06e064c36b9895b017c67f901440afae2edd8000c9e8
879,ord_dataset-c5b00523487a4211a194160edf45e9ab:ord-9fb51f88ac6846ffbbf41c962c302244,ord_dataset-c5b00523487a4211a194160edf45e9ab,1372,0c0e0414b4f1301ca9b67eceee73814a86683793b0c382af5414886bc10ba731
880,ord_dataset-c5b00523487a4211a194160edf45e9ab:ord-9fdef0e030604d8f9c79a7f96b5f8478,ord_dataset-c5b00523487a4211a194160edf45e9ab,951,3292a11eb70411ab1cb46c9904c4d4a7e781aeac7c479ceb81b6e2c8168f41c7
881,ord_dataset-c5b00523487a4211a194160edf45e9ab:ord-9fdfe6ca52bd4d47b2e32a1177d275b0,ord_dataset-c5b00523487a4211a194160edf45e9ab,704,1605b32129fd7311ab3d9de0d36617273c3249269beb6d9bbb2e219808b67682
882,ord_dataset-c5b00523487a4211a194160edf45e9ab:ord-9fe2447226cd4700819d1a1e8df8362b,ord_dataset-c5b00523487a4211a194160edf45e9ab,299,f26a2db453c7c024e1cc4874f993eae77983e8623dfb733108246deed9781299
883,ord_dataset-c5b00523487a4211a194160edf45e9ab:ord-a00c774aabac4c19a27879b32a01e4f0,ord_dataset-c5b00523487a4211a194160edf45e9ab,293,9893d6f20e776c5b60b9527d6d12c5c7dd041fed18ac5c8a4baad7959d36c410
884,ord_dataset-c5b00523487a4211a194160edf45e9ab:ord-a0436fdaaa51460d9dfd4843c9a8d786,ord_dataset-c5b00523487a4211a194160edf45e9ab,359,ec0a7abccb8d23c72826012f18bbca68e78ade487a4e87fba9c11c1356858eff
885,ord_dataset-c5b00523487a4211a194160edf45e9ab:ord-a0a1f86131cf43ce9dac90895b4e8cab,ord_dataset-c5b00523487a4211a194160edf45e9ab,1380,b2a0dbe1ad0a1f7b07e7b4f5e305c0606236fd0920cb0027c0c7ed5ee1b9cc79
886,ord_dataset-c5b00523487a4211a194160edf45e9ab:ord-a0bbd3c1b3d9405583e87013f02a248a,ord_dataset-c5b00523487a4211a194160edf45e9ab,401,eba0bbed755156caa6d96de574a14de51149368354840dff2aa6d7a006889fd7
887,ord_dataset-c5b00523487a4211a194160edf45e9ab:ord-a0e58a6beb1443e68ea62160b0efe5e0,ord_dataset-c5b00523487a4211a194160edf45e9ab,507,69e84e584cca13a80b9aaf3ef0300867e4a09c3450d5cda50a9ed241bd1df62a
888,ord_dataset-c5b00523487a4211a194160edf45e9ab:ord-a104f6b08f7c45e283e417faa8104a9f,ord_dataset-c5b00523487a4211a194160edf45e9ab,636,18b4a317191479e38d77ffeabced4ab7c69162fda2c9f6960446e4688b7899da
889,ord_dataset-c5b00523487a4211a194160edf45e9ab:ord-a10969b59ab7405b86ee5fbc349df753,ord_dataset-c5b00523487a4211a194160edf45e9ab,1199,efc82bf6c2cb44baaf1021caa95bec5a6c7ad8542cd96160fa93d3ff05f9ccc3
890,ord_dataset-c5b00523487a4211a194160edf45e9ab:ord-a10a3c4d423e4211962a54cc6b35e307,ord_dataset-c5b00523487a4211a194160edf45e9ab,248,18b186bfc8ea5aa1b2f04b65841396f7908427bacc5af22b5d521528947e552a
891,ord_dataset-c5b00523487a4211a194160edf45e9ab:ord-a16e4519db704793925bcd39f48f2fe2,ord_dataset-c5b00523487a4211a194160edf45e9ab,406,79505c6756f6b740d2babbb2f4cbb2db3af219693a0591734d56872d271c712b
892,ord_dataset-c5b00523487a4211a194160edf45e9ab:ord-a1740aa2f70f449bb7a08b83650aecb6,ord_dataset-c5b00523487a4211a194160edf45e9ab,186,ef98ee81bbf001e5b953d6c9884c4942a2882cdd04a036bfbbabbede2259b61a
893,ord_dataset-c5b00523487a4211a194160edf45e9ab:ord-a19b43a1f18d46999fb2a7aae497f257,ord_dataset-c5b00523487a4211a194160edf45e9ab,153,46be237df52aee65cdd83daeb1d072c0d7e31a5373d096c0a5cb7dc88ab4c35c
894,ord_dataset-c5b00523487a4211a194160edf45e9ab:ord-a1a6ba0a77264ca38899b2abe4710520,ord_dataset-c5b00523487a4211a194160edf45e9ab,314,79f8959f58a9c2e00e1f4ce6e24393dd40f1099a2c25d3658665104cbe2575a6
895,ord_dataset-c5b00523487a4211a194160edf45e9ab:ord-a1c3bb50fc174f6a9b9688fd007d99f8,ord_dataset-c5b00523487a4211a194160edf45e9ab,120,4dbd753da95964b19829b8163767c5e8fde8ac334f296a6cc43874e4a5309cf4
896,ord_dataset-c5b00523487a4211a194160edf45e9ab:ord-a1d8939221b84ed0a8f2d030eca528ef,ord_dataset-c5b00523487a4211a194160edf45e9ab,147,e8850f5a131029ee6fe05a391133c080a45e8e0d8f3de97dc80d3ea3bcb54f94
897,ord_dataset-c5b00523487a4211a194160edf45e9ab:ord-a20096855d9246339559623c3be26b48,ord_dataset-c5b00523487a4211a194160edf45e9ab,1235,6cbd29c5e2aac474feff50ce735a8be5e51fc7faa6a19a5212a9bf5963f8b420
898,ord_dataset-c5b00523487a4211a194160edf45e9ab:ord-a2ec87c0fb734e8a8a1ec988b37f7a9c,ord_dataset-c5b00523487a4211a194160edf45e9ab,1284,d635e94a1b8c778bca650327f9e17db9e586d7bf1596df5b7b6e06f3abba0ac7
899,ord_dataset-c5b00523487a4211a194160edf45e9ab:ord-a2fe7087fd2d4ee2b8df30646453b95d,ord_dataset-c5b00523487a4211a194160edf45e9ab,828,089a424c3f0df060a310a74a1410333473bdc5ba55f31dce1f15b2fd12a1f50e
900,ord_dataset-c5b00523487a4211a194160edf45e9ab:ord-a31cd22ee133470da5af9259bcbc68c8,ord_dataset-c5b00523487a4211a194160edf45e9ab,935,bb6a9e810ebff6dd441c9618de9a84e33ce9dbba3c7bc999e61b8177f7ade841
901,ord_dataset-c5b00523487a4211a194160edf45e9ab:ord-a36c45de53de40c0ab89b72d890d755c,ord_dataset-c5b00523487a4211a194160edf45e9ab,1349,05b842335cefabdc92b4d818546d1d54878df4770fc5efdc02d324555420c486
902,ord_dataset-c5b00523487a4211a194160edf45e9ab:ord-a3b1e79448324da7ba7993d703def2f7,ord_dataset-c5b00523487a4211a194160edf45e9ab,100,ef95f11937400244fad96cb89a3def3cf27a5c02eca29a0816336434679afad3
903,ord_dataset-c5b00523487a4211a194160edf45e9ab:ord-a3b4dc3b7e6f4a68adefc9ca76ac1aab,ord_dataset-c5b00523487a4211a194160edf45e9ab,533,da64eae36ad74484d7cf04f7c3f6fda7a203d18d2a8ba9e9ae16b811f042fb6a
904,ord_dataset-c5b00523487a4211a194160edf45e9ab:ord-a3eeafa2cba64a17b8d55014dd788af4,ord_dataset-c5b00523487a4211a194160edf45e9ab,344,30a1036e70756510206b334ceea0dde90ee9f0452b7882548f1f49e9c6db90e3
905,ord_dataset-c5b00523487a4211a194160edf45e9ab:ord-a51b6ccc4c284f5687ba6052151cd7f5,ord_dataset-c5b00523487a4211a194160edf45e9ab,915,31490b33f94030df5fee983f7ace6ebe68dbfdb29267b1739a33c4733e3be661
906,ord_dataset-c5b00523487a4211a194160edf45e9ab:ord-a540e2d68ea64c7b99fc41a91ae50454,ord_dataset-c5b00523487a4211a194160edf45e9ab,200,479300a433d762e332851679e39a6622ecfeb2e7d11331313598de8738ff072c
907,ord_dataset-c5b00523487a4211a194160edf45e9ab:ord-a54b2a243dba4aa2a7d699a08e2873cf,ord_dataset-c5b00523487a4211a194160edf45e9ab,972,72c4206a992b27d830bc910bbd965e32d09e5c146d86361fcece5642e221b5a3
908,ord_dataset-c5b00523487a4211a194160edf45e9ab:ord-a5564f7bae524cde96b431e4c5cf346a,ord_dataset-c5b00523487a4211a194160edf45e9ab,842,5874bf0df6fcc321b41f406f7ba3c74448a73688a8d21ed893afa4ba0ddd5cb1
909,ord_dataset-c5b00523487a4211a194160edf45e9ab:ord-a582569dfbb44d1eb105448657b3cc99,ord_dataset-c5b00523487a4211a194160edf45e9ab,1218,dbe454c5b8d03b9a9c552612adf70a1ca7de1ae6b5cdadba34b7be7919a73f81
910,ord_dataset-c5b00523487a4211a194160edf45e9ab:ord-a586bd59536a4e1ca94b13ebb77c9c38,ord_dataset-c5b00523487a4211a194160edf45e9ab,411,99cab3cffe1dbb51268e3cfc83eecd80426f21b3c00dc7ff41c337f56b979bfc
911,ord_dataset-c5b00523487a4211a194160edf45e9ab:ord-a5876694dc0b4d5ca12948ab6fa0f5fb,ord_dataset-c5b00523487a4211a194160edf45e9ab,653,0b5dc4aca5c6c5f0ce9ad6926c7a09aaf4de44bbb8156c7b198f02d04c5118f3
912,ord_dataset-c5b00523487a4211a194160edf45e9ab:ord-a59b62812c1a409b9382530252160824,ord_dataset-c5b00523487a4211a194160edf45e9ab,1027,6f0095fc32f7bf7b5122e82921bf303956fe717ac93ff0c0f1edb685772c98ac
913,ord_dataset-c5b00523487a4211a194160edf45e9ab:ord-a5c7584ede5a41fda3cdbe7b71c1a48b,ord_dataset-c5b00523487a4211a194160edf45e9ab,626,88f123e90fb15f4ca484d5b0a01a89e9a82e6881dcb07e00dd782f9a4fbf6325
914,ord_dataset-c5b00523487a4211a194160edf45e9ab:ord-a601b4b9311548379d2ba65f3d1459d4,ord_dataset-c5b00523487a4211a194160edf45e9ab,191,90d5736028abeb1936d16c54a53cfdf9d4317cb51b2d95d37eceb59b1d96fcbc
915,ord_dataset-c5b00523487a4211a194160edf45e9ab:ord-a60ed7361f7c472cae60a2a647c9ef87,ord_dataset-c5b00523487a4211a194160edf45e9ab,1327,bc1f9090d627950b089ec1637936b223f012b1c9f81417dd21a5d1b08a787b38
916,ord_dataset-c5b00523487a4211a194160edf45e9ab:ord-a612f6c997974f799ae176524c4dced3,ord_dataset-c5b00523487a4211a194160edf45e9ab,118,6ff026d510a41bf13226372366c5fbafd10fdf0c38d2d180fb7b08ea8b6cc689
917,ord_dataset-c5b00523487a4211a194160edf45e9ab:ord-a61a35b856c94b3fa38437dddbe503b0,ord_dataset-c5b00523487a4211a194160edf45e9ab,350,c01622071a45d5f30cb46904d15d4431df7031ca491eb2d7e36be5a90805032a
918,ord_dataset-c5b00523487a4211a194160edf45e9ab:ord-a62f3f27fc814fd4a3f3799f579f8955,ord_dataset-c5b00523487a4211a194160edf45e9ab,328,7b9a51a33a75a937114607b132948558b1205365fdcbb93475e76f017501d5da
919,ord_dataset-c5b00523487a4211a194160edf45e9ab:ord-a645ec31fd6f439e9ceb58c79315922f,ord_dataset-c5b00523487a4211a194160edf45e9ab,455,509942cf0361f3e498a992a3c977440105e6dd783d02c5d288653bdcf89a9ece
920,ord_dataset-c5b00523487a4211a194160edf45e9ab:ord-a6478ba38dad49708acd65a9e793a3a0,ord_dataset-c5b00523487a4211a194160edf45e9ab,1089,a7f5c0af87be932e6d81941dfeffa4aef73f1101897df596ca5a22466f1845ce
921,ord_dataset-c5b00523487a4211a194160edf45e9ab:ord-a6499c10636442dba460c896688efff2,ord_dataset-c5b00523487a4211a194160edf45e9ab,604,f024ffa92c4fdb068f07d165a7743b9e5b68e15d789a4f937cdfc4f5a290ec8f
922,ord_dataset-c5b00523487a4211a194160edf45e9ab:ord-a676c83a1fb54fd18d0f0d42af130488,ord_dataset-c5b00523487a4211a194160edf45e9ab,171,8e70fb2c6364a6128ff562572dfa25d816feda699fd8c95852127a22c8cf0d00
923,ord_dataset-c5b00523487a4211a194160edf45e9ab:ord-a678a4012d1d40ac8efc2c1ced2703f5,ord_dataset-c5b00523487a4211a194160edf45e9ab,1194,3f1b9cdab0f83748fc62337d65181fc64e7d9ae45a35bb379344d4d556510d2e
924,ord_dataset-c5b00523487a4211a194160edf45e9ab:ord-a678e1561f284c6289a36da7bb20ddc0,ord_dataset-c5b00523487a4211a194160edf45e9ab,521,e0af152976b7d0e51ac5fbfc6ea0a94b10eeecc4bc1af7845cb0eb99c1c77723
925,ord_dataset-c5b00523487a4211a194160edf45e9ab:ord-a72b8be6b0b54e788ab3360a980baa09,ord_dataset-c5b00523487a4211a194160edf45e9ab,627,18197a8779a020565f74d6b7a753136b2d309064158d315e259ce70516c3aec3
926,ord_dataset-c5b00523487a4211a194160edf45e9ab:ord-a78a50011a4c452b8ca5eb1ad7e36517,ord_dataset-c5b00523487a4211a194160edf45e9ab,606,3c708e5669a979ed0cc388721f180ab96783765526d6088123aa6a3dedc43e00
927,ord_dataset-c5b00523487a4211a194160edf45e9ab:ord-a79af90dfc0b44638dcbbb89c6ad8c75,ord_dataset-c5b00523487a4211a194160edf45e9ab,17,16545758050c832aa2841c025a41835bfd7973d375279f8a0023786b11952e71
928,ord_dataset-c5b00523487a4211a194160edf45e9ab:ord-a7c346396f854d9e8bf89a17f87bbe35,ord_dataset-c5b00523487a4211a194160edf45e9ab,1421,3c393de9fa3f49fbf643faba7c20b53475cd3da19a35ecc15eae7d1ba01b6c8a
929,ord_dataset-c5b00523487a4211a194160edf45e9ab:ord-a7cde6b973354340801729086a5c6c4f,ord_dataset-c5b00523487a4211a194160edf45e9ab,1102,e339f8eab32ae0de5f706c3d3fd9fa3e904cb1ca12ce6976dff13cad46943306
930,ord_dataset-c5b00523487a4211a194160edf45e9ab:ord-a7e267c0c77142248a6e2217f4953c2f,ord_dataset-c5b00523487a4211a194160edf45e9ab,641,ab05ed2d633629ddb65cf896e5e93c9f20b4517cb2fdf3aea038d0362c2ea7e5
931,ord_dataset-c5b00523487a4211a194160edf45e9ab:ord-a7f4ade6633e46188b3a045883d932b9,ord_dataset-c5b00523487a4211a194160edf45e9ab,1068,5b28dde9e6a21836773855dc2ecb8e1b90f1b3a198fa1b32735839445c873309
932,ord_dataset-c5b00523487a4211a194160edf45e9ab:ord-a80d043bdc2d4aa3afefbfa9e93e3243,ord_dataset-c5b00523487a4211a194160edf45e9ab,260,7794ca2c63b0a5c83c2720d3d6a3876c1b871bb799e40c8ffb8edf9bceda9e3d
933,ord_dataset-c5b00523487a4211a194160edf45e9ab:ord-a816cd29072c4620929078f23b4c81e2,ord_dataset-c5b00523487a4211a194160edf45e9ab,525,616a42f1922457bb25e1c1e98181d0d60d7f3652bbd9b2c7944997e05de84ee0
934,ord_dataset-c5b00523487a4211a194160edf45e9ab:ord-a83e0e9b1a1246b982e637d67dfbb7f9,ord_dataset-c5b00523487a4211a194160edf45e9ab,864,0600df471200fdac69c0fc871a73233157d7a43f0698eb43a11cbc3f4bcabcaf
935,ord_dataset-c5b00523487a4211a194160edf45e9ab:ord-a8cd7b8f22694560ba304d49930aad0e,ord_dataset-c5b00523487a4211a194160edf45e9ab,1393,2ead885db88f198f897a8a64ece50f7d45a90b4c7e6b5ba619cbb647afeaa7e6
936,ord_dataset-c5b00523487a4211a194160edf45e9ab:ord-a8fcf2a6a3414eb4bb7dbde5bf0b5a16,ord_dataset-c5b00523487a4211a194160edf45e9ab,476,4ed6fa429dba7788eff6ec04d350d3cbed57a99d8b6c93eddded70d11066abca
937,ord_dataset-c5b00523487a4211a194160edf45e9ab:ord-a908cedefbb7497d810986b5a1fe2b54,ord_dataset-c5b00523487a4211a194160edf45e9ab,849,425084b1dc39fc2a9ffe9f6fd07c9406417ebbd8787ec71ad5c4f2259e8cf474
938,ord_dataset-c5b00523487a4211a194160edf45e9ab:ord-a93f6ca8ef1748fbb29a06e5420d1d78,ord_dataset-c5b00523487a4211a194160edf45e9ab,779,46999820ddfca2ac437b7b62302bb599183b7eb9257f02d0eff11589bee3919a
939,ord_dataset-c5b00523487a4211a194160edf45e9ab:ord-a9536d4e706140deb8a789e66733d345,ord_dataset-c5b00523487a4211a194160edf45e9ab,696,1ffa4c74e27aec91714523b8f5826526d4807e46a3afa07ec39a6288cd99579a
940,ord_dataset-c5b00523487a4211a194160edf45e9ab:ord-a96e2232eb634fc1ac2f72b29134092c,ord_dataset-c5b00523487a4211a194160edf45e9ab,726,eb91de5a8688a172a50270e54bede2ae0528a0cbd768321a804a3b2f6090a8e6
941,ord_dataset-c5b00523487a4211a194160edf45e9ab:ord-aa77bcd6a62f48b5bd78e006d1626687,ord_dataset-c5b00523487a4211a194160edf45e9ab,1210,6a10b790ad50ea509ec5b3b638ecd3e45a0aa9a7a813d15c0edf95f367a846e0
942,ord_dataset-c5b00523487a4211a194160edf45e9ab:ord-aab067fd5d774cca89abeb9a43751c27,ord_dataset-c5b00523487a4211a194160edf45e9ab,882,ffcecbacc973faf246e0ede39e84cbf975f496581935ea130c6cdcbece78c611
943,ord_dataset-c5b00523487a4211a194160edf45e9ab:ord-aabb63ce99fc4fe09904bf6d4d757010,ord_dataset-c5b00523487a4211a194160edf45e9ab,950,7c7de6f64d26ad97bbf451c515b9a41e70dba80b63a17a37e762bdee2385c907
944,ord_dataset-c5b00523487a4211a194160edf45e9ab:ord-aae2dc091f5a44cba32db1182f160be5,ord_dataset-c5b00523487a4211a194160edf45e9ab,1091,25c13d12abf61eb72500cfc8ad176ede312623be95d55f111dec1e3a6af267d7
945,ord_dataset-c5b00523487a4211a194160edf45e9ab:ord-ab72a1b17c2a4b34a7f3ec52b3f02495,ord_dataset-c5b00523487a4211a194160edf45e9ab,45,22f93e8bfce3aa4aeca47e022a00f238028c1a507e16f6f4a0d1e9e2af061d16
946,ord_dataset-c5b00523487a4211a194160edf45e9ab:ord-abc3b682ac88414a999e336168f99999,ord_dataset-c5b00523487a4211a194160edf45e9ab,1087,44ceb738b92091d4c7c0b8a895d50ff75310c91d68ddb14b7e1b95c0aabb2f20
947,ord_dataset-c5b00523487a4211a194160edf45e9ab:ord-abcddafa24eb4a7e86488f4cd925189c,ord_dataset-c5b00523487a4211a194160edf45e9ab,829,2087e849fa0ce50b13028395a3970ab0fa949493e26666cc065210221ad18cdf
948,ord_dataset-c5b00523487a4211a194160edf45e9ab:ord-abd652aa1bb64e4e88e33f26ebe2ae23,ord_dataset-c5b00523487a4211a194160edf45e9ab,688,7952330c08e5352041fa2353f005fe5a91713a419861a79a1fe2ed173de9342b
949,ord_dataset-c5b00523487a4211a194160edf45e9ab:ord-ac3dbd0ce6084a2398e8e48481683c97,ord_dataset-c5b00523487a4211a194160edf45e9ab,735,74d68eb4cccd327367f29e86d8b49fa24c5e7ebe9d5f9d177e1c2e581881d6b3
950,ord_dataset-c5b00523487a4211a194160edf45e9ab:ord-ac454c431ff942b1a51ce3444382b977,ord_dataset-c5b00523487a4211a194160edf45e9ab,891,cf94dbcd79d39fc1c3fe8ce815fd57cc106d0d901f216db996505b47848a6108
951,ord_dataset-c5b00523487a4211a194160edf45e9ab:ord-ac5a49bb6ba8471786e7452bdc4ab94f,ord_dataset-c5b00523487a4211a194160edf45e9ab,148,5c7d53a7c1bdca9cc94a167402e5d76896318e2ec2a36440bb70ea8545d4c2b3
952,ord_dataset-c5b00523487a4211a194160edf45e9ab:ord-ac7d6337e89a4aaab5141b40885626cd,ord_dataset-c5b00523487a4211a194160edf45e9ab,988,818719165462617cc158ac583dc72ce3bf174d9f9d79040ddb4c0fffc68c4073
953,ord_dataset-c5b00523487a4211a194160edf45e9ab:ord-acd38bd7374f479ebaa321d2b9982f45,ord_dataset-c5b00523487a4211a194160edf45e9ab,496,5ad60e308a18b05876863546f424ec302d84a175aac37a3b1c93aab9fc7a4bae
954,ord_dataset-c5b00523487a4211a194160edf45e9ab:ord-acd9108d3c994a48a471fc032463cb5f,ord_dataset-c5b00523487a4211a194160edf45e9ab,938,ac4416349da3b50e4a3d76e6844222fb0166608730a2fe8725a6db4662c5ac4a
955,ord_dataset-c5b00523487a4211a194160edf45e9ab:ord-ad02c863a80542e6b5570edb4dc7cd6d,ord_dataset-c5b00523487a4211a194160edf45e9ab,65,f655b54f9a870653a7a40e04c6589438207d0e341b053d17c99f05301e885468
956,ord_dataset-c5b00523487a4211a194160edf45e9ab:ord-ad7257c2505445a89a27723ce42025f3,ord_dataset-c5b00523487a4211a194160edf45e9ab,1198,1d6b3b80e1e7cf600b363d50ae9a611cb574e5b1460ae302a20d0ff684e5b7b0
957,ord_dataset-c5b00523487a4211a194160edf45e9ab:ord-ad871da9163348d98cb3df2535732d27,ord_dataset-c5b00523487a4211a194160edf45e9ab,143,14dae3357c5fbfee79f57e3d155e2a7bbf7032d2190b7a9937978b7b0e454ed1
958,ord_dataset-c5b00523487a4211a194160edf45e9ab:ord-ae39f82eddbf43b58acd34b40b6738ed,ord_dataset-c5b00523487a4211a194160edf45e9ab,1081,bc319d27c82428eebddd10d62d386dc1d3ed8301ea5f53d5b7ec7c9e0e401949
959,ord_dataset-c5b00523487a4211a194160edf45e9ab:ord-ae89f35479e444d4acb48fd410f2f4fb,ord_dataset-c5b00523487a4211a194160edf45e9ab,1028,2111fc4f6948375c4c96314528708fac4e0cc5536641fbf941b2f542b78a0ccd
960,ord_dataset-c5b00523487a4211a194160edf45e9ab:ord-ae9b2bd6db544d929d78a81ca0c400a7,ord_dataset-c5b00523487a4211a194160edf45e9ab,1225,57f33d0f923113c9228d7b5fedc9fc07eeb3fa8c31d432593ea5c2a3b28260df
961,ord_dataset-c5b00523487a4211a194160edf45e9ab:ord-aecae05890df446bb976e84b2b255e8b,ord_dataset-c5b00523487a4211a194160edf45e9ab,390,fc05823f6f3391d0782a4f49460829cdc5b813a6c559aa5d52ff2e36a530c467
962,ord_dataset-c5b00523487a4211a194160edf45e9ab:ord-af1cebe07dfb457499c19b9ee816b965,ord_dataset-c5b00523487a4211a194160edf45e9ab,633,bec1000b0c936ccbe269b9ce479365089351550eee627613f23da597f2246347
963,ord_dataset-c5b00523487a4211a194160edf45e9ab:ord-af49ac89d4b649c68b2c4bd2ca8b3f62,ord_dataset-c5b00523487a4211a194160edf45e9ab,517,b03d6d47580792c6ae8dd7843343570c3e085409bea133446f86d5938ddc0b6e
964,ord_dataset-c5b00523487a4211a194160edf45e9ab:ord-af7f6737cf5b454ca3d39566b502a6c4,ord_dataset-c5b00523487a4211a194160edf45e9ab,699,96376218e502b124cbff6a43227d13ce57a618acf3e2034310ddcc4dd576362c
965,ord_dataset-c5b00523487a4211a194160edf45e9ab:ord-af85996db28a4ae898e4d13d2bea1c7c,ord_dataset-c5b00523487a4211a194160edf45e9ab,926,e41196052fb8971ee1ad2cc1e6cbe2d1b79764b629329d665b9ddfefb6000e14
966,ord_dataset-c5b00523487a4211a194160edf45e9ab:ord-afd7e5ea66ad48de969257f4042e58b1,ord_dataset-c5b00523487a4211a194160edf45e9ab,1012,3e148ccbed2459df3addfb49d82742ee2db677cfa5a9085ed1adb46853eb1162
967,ord_dataset-c5b00523487a4211a194160edf45e9ab:ord-afdef1c8766f41d7920bfa27d19e23ee,ord_dataset-c5b00523487a4211a194160edf45e9ab,42,f91ffd15f43aae28288d7e48c1c97a0e0e226245cffb6e7005c604b3562fe8f3
968,ord_dataset-c5b00523487a4211a194160edf45e9ab:ord-b009c10c7bda4cf4a0d5df7b65596e31,ord_dataset-c5b00523487a4211a194160edf45e9ab,105,fe4c0c1e2142daac9b2624b6cd9c884d94d34665cf7ff7aab0bbd7674824de43
969,ord_dataset-c5b00523487a4211a194160edf45e9ab:ord-b02189db756d45cab7b45c6a68a5c4c1,ord_dataset-c5b00523487a4211a194160edf45e9ab,1388,6a27b0146c58b43ded88d3037ce4755fa0c9823dca4e2d8940ed24ff05ec01f0
970,ord_dataset-c5b00523487a4211a194160edf45e9ab:ord-b071a36cac3744cb90b4ff82eab1a9e2,ord_dataset-c5b00523487a4211a194160edf45e9ab,924,5f593363fa64330daa2f49a8d362b285db48a58e5f0cfa05894ee13b191e7e2b
971,ord_dataset-c5b00523487a4211a194160edf45e9ab:ord-b0afe24370374bd796b30e781d1a7a70,ord_dataset-c5b00523487a4211a194160edf45e9ab,822,ba8807f1285e96a0c4627178265eadd49b2bd1c90573e9f3a4be60ed46890cae
972,ord_dataset-c5b00523487a4211a194160edf45e9ab:ord-b0c698396b83441381d5d781223cd882,ord_dataset-c5b00523487a4211a194160edf45e9ab,690,6bd0de3271694ef9cb13281c402294c5bbaee96cd8156fd1ef9c8b58e4fd4980
973,ord_dataset-c5b00523487a4211a194160edf45e9ab:ord-b0c8cb813ba140e79f04ce704ec5f986,ord_dataset-c5b00523487a4211a194160edf45e9ab,377,358872e2b5269d554b5b407eb5b3954aeb1a61e986dee9c19a91b5ddd603a698
974,ord_dataset-c5b00523487a4211a194160edf45e9ab:ord-b0f69f0c28444f91afe95c180e27d067,ord_dataset-c5b00523487a4211a194160edf45e9ab,912,31502bd78140cc481438054a4194f2c49324556942dd21e8ef3ba84fa57fc273
975,ord_dataset-c5b00523487a4211a194160edf45e9ab:ord-b0f8e5dfd59042d684d4622734b5d84a,ord_dataset-c5b00523487a4211a194160edf45e9ab,584,826c6ccf2574b8c86961262bf018576b42b2910d3b6c2e21191deb081adad76d
976,ord_dataset-c5b00523487a4211a194160edf45e9ab:ord-b11614f50d8b4d67bdf385c0a62e8661,ord_dataset-c5b00523487a4211a194160edf45e9ab,683,b0d2846981967edb28d667c8b58a379f4061d22cccc9ed4b3108a223354f30e7
977,ord_dataset-c5b00523487a4211a194160edf45e9ab:ord-b12ba3d157634f7c94b8641acb1af6b1,ord_dataset-c5b00523487a4211a194160edf45e9ab,1319,b138cf60f9a65b0ca6069460fb9ecaa759adbe44a7900b3a2eb39350cc12aaf0
978,ord_dataset-c5b00523487a4211a194160edf45e9ab:ord-b16e8242502244e2ae9323f104d237ac,ord_dataset-c5b00523487a4211a194160edf45e9ab,67,0b3de67eef352600ed7641a05b7f0c2f993a72db350f05451d9b0f0cc4edba65
979,ord_dataset-c5b00523487a4211a194160edf45e9ab:ord-b1dd0e6186104c17a6ad4ea3349b575a,ord_dataset-c5b00523487a4211a194160edf45e9ab,1243,0dab22619242ed33a8c8a1bcad06176d99d3019d13bfee0651eed7485e446a34
980,ord_dataset-c5b00523487a4211a194160edf45e9ab:ord-b2275a79a66e4af4a194216335e85617,ord_dataset-c5b00523487a4211a194160edf45e9ab,581,b450e3ffd419c701eba8e9e3889690868a64621c62a7328cdc58ef2c39d5f1e6
981,ord_dataset-c5b00523487a4211a194160edf45e9ab:ord-b22b66d766fc409eb2a907f3a9a41296,ord_dataset-c5b00523487a4211a194160edf45e9ab,317,825493725ff2b520b87acade4bf18ae777e4227a34bb30670bca84467d93e1a5
982,ord_dataset-c5b00523487a4211a194160edf45e9ab:ord-b23af097b84d45b4bee1db881a9f3fa3,ord_dataset-c5b00523487a4211a194160edf45e9ab,907,f2071d5faa020df3b0cd29a6ab33f7017f72317d519ec3a9a8872236b595cb90
983,ord_dataset-c5b00523487a4211a194160edf45e9ab:ord-b26b69311fdd412e990dc0d00acc1f00,ord_dataset-c5b00523487a4211a194160edf45e9ab,560,5207c40665c3f5b6340d65de392a17a5f5adaf6b0c1940d5db5256cbda0d1a25
984,ord_dataset-c5b00523487a4211a194160edf45e9ab:ord-b275c3a359b34b41a0639a8126e0b4cf,ord_dataset-c5b00523487a4211a194160edf45e9ab,240,797b6220f7db4ed6afbac946f6dc0a03cefd5534f962962e8583fbfeddb9417b
985,ord_dataset-c5b00523487a4211a194160edf45e9ab:ord-b2c6824f5584483f832d89a16868c7dd,ord_dataset-c5b00523487a4211a194160edf45e9ab,738,a4cf0228cb659dd3f9e6d5cad18b134ae9661e0d38f6d82122f2c4d6f50b362a
986,ord_dataset-c5b00523487a4211a194160edf45e9ab:ord-b2eda3ab0746442fb4de7b9afc9dd16f,ord_dataset-c5b00523487a4211a194160edf45e9ab,310,ce44bf8259c605f5b0d6afca8040f01b91a1352f87158d16a58b23c7a118a316
987,ord_dataset-c5b00523487a4211a194160edf45e9ab:ord-b2f4e5c1e2624d09af309f648ba5f66e,ord_dataset-c5b00523487a4211a194160edf45e9ab,802,b35905ff67d9c742c6d87b4af4db4412a52eeefa0e9cb7eafbe85f39679aba24
988,ord_dataset-c5b00523487a4211a194160edf45e9ab:ord-b2fabbfea42743fa8f7e193c851c6e8e,ord_dataset-c5b00523487a4211a194160edf45e9ab,1321,88dcf214251fc7725bc8723704301b1d768ac6f6c948c80c73a2271b98ddb04c
989,ord_dataset-c5b00523487a4211a194160edf45e9ab:ord-b2fb136535b9437c9ce60da79517302c,ord_dataset-c5b00523487a4211a194160edf45e9ab,775,2aef267203f0da5185a5778bc4129bcf97440ebaebb0163608d7b8fe885e885e
990,ord_dataset-c5b00523487a4211a194160edf45e9ab:ord-b2fb28ab5b644e59a1b1b19df0852874,ord_dataset-c5b00523487a4211a194160edf45e9ab,484,00ed0e69c1cd801957ec8c9f20782322af7d9eb765e6e694ba3bf15769ccc142
991,ord_dataset-c5b00523487a4211a194160edf45e9ab:ord-b304427dafc645ba86edcbfac5bcc94d,ord_dataset-c5b00523487a4211a194160edf45e9ab,1177,07d6bfa663a40cfd6ad5650c009e3d785815e1911b47340edd52c090be27ebd4
992,ord_dataset-c5b00523487a4211a194160edf45e9ab:ord-b30dbd5c48b54091b3ea05190825d0c3,ord_dataset-c5b00523487a4211a194160edf45e9ab,1385,ce6a968b57ba3d6f86b853e6cf7642ccf50fc81edf66769928654057986d190b
993,ord_dataset-c5b00523487a4211a194160edf45e9ab:ord-b3595250b9fb464e8d1d73e1346f7aed,ord_dataset-c5b00523487a4211a194160edf45e9ab,1114,5b61ab81722142f91e8f13be5ef325bee9d3c687c830ff74a575831f51fb1dfb
994,ord_dataset-c5b00523487a4211a194160edf45e9ab:ord-b37aea67b3bf47c7956109fc1fd36b3e,ord_dataset-c5b00523487a4211a194160edf45e9ab,579,c1aea8737d9c76bceeca0eed338fa8ea11b9d2d93adfa73245f493286af91cbd
995,ord_dataset-c5b00523487a4211a194160edf45e9ab:ord-b3af4625c7f74dbc90053dfe5d4230c4,ord_dataset-c5b00523487a4211a194160edf45e9ab,825,d6f32f6a19c82a0dc73d466c44d737607cd4f52222edd4f2f9d3a506e9ffeef6
996,ord_dataset-c5b00523487a4211a194160edf45e9ab:ord-b400cda67b4e45948a6254d4adde01c3,ord_dataset-c5b00523487a4211a194160edf45e9ab,506,3bdc446917c15d5209109116e93cced121c7c42d2ee118a790e01982c311266f
997,ord_dataset-c5b00523487a4211a194160edf45e9ab:ord-b43dc0cbd3154b7aa320638a602af66b,ord_dataset-c5b00523487a4211a194160edf45e9ab,99,2a185b4c5fba4290bfeeb49373dfaa9d7a7c22dae490bc506003663704270535
998,ord_dataset-c5b00523487a4211a194160edf45e9ab:ord-b4a3e0ab257149068f5cbf22cc9ed788,ord_dataset-c5b00523487a4211a194160edf45e9ab,431,cc7030940f00aff9e78b91205367f6a807418ab994b2cdd40226e49a4075b041
999,ord_dataset-c5b00523487a4211a194160edf45e9ab:ord-b4ab26c13c644f0482e019a032ddd541,ord_dataset-c5b00523487a4211a194160edf45e9ab,927,45ca235f3a0d284f05a9d5a41b6020393548a91ff5bf0aa2eb2ee60c94628971
1000,ord_dataset-c5b00523487a4211a194160edf45e9ab:ord-b4c9ffaf51564b9497373001becd7b6b,ord_dataset-c5b00523487a4211a194160edf45e9ab,304,ea3d42c922a8481b093162911a3e42b18dff492a0ce9de1fe464dd2fa205ecf3
1001,ord_dataset-c5b00523487a4211a194160edf45e9ab:ord-b4ec9014a99e451aa0f289156895790d,ord_dataset-c5b00523487a4211a194160edf45e9ab,475,ee38f9031789cc40c484f9dad6e3cce10ddc2af82764c4f86bd899597ec28131
1002,ord_dataset-c5b00523487a4211a194160edf45e9ab:ord-b4f3a5cb45de49b7865a32c138720444,ord_dataset-c5b00523487a4211a194160edf45e9ab,895,19414d2de8caad25ba744709b14c833cc973040a901a60fc28c0c0cefcc9430b
1003,ord_dataset-c5b00523487a4211a194160edf45e9ab:ord-b4fa96fe34724db5a557f20532707af7,ord_dataset-c5b00523487a4211a194160edf45e9ab,104,6ed01ee5f868202c54c06af33a122640d1f50777faa058f5ce933e8cbdb2b13f
1004,ord_dataset-c5b00523487a4211a194160edf45e9ab:ord-b53a574c35804e45a612a98513586811,ord_dataset-c5b00523487a4211a194160edf45e9ab,178,cba36da537c475c41eb58b88eb877670dc03cdd784719a4c22abff523f6576d9
1005,ord_dataset-c5b00523487a4211a194160edf45e9ab:ord-b54c9803ab324d6d82c655c09f1c51ce,ord_dataset-c5b00523487a4211a194160edf45e9ab,1185,e5e449570c3f0a704fce5aeaacefe850902e1e5113f95dc68fd2938f9973db33
1006,ord_dataset-c5b00523487a4211a194160edf45e9ab:ord-b562530b8cec475d90d2167caed78d85,ord_dataset-c5b00523487a4211a194160edf45e9ab,98,a1d95fc554eefc7d9aa78915be49f69db2c1740368080da3a449c1a231ddfdde
1007,ord_dataset-c5b00523487a4211a194160edf45e9ab:ord-b5a3d66fe5654a24bfde33297bf2077e,ord_dataset-c5b00523487a4211a194160edf45e9ab,1015,5f8dfb9c1f5d62497e68f3455aac296ea7c86a0414ffd3d513788b796b6af4b2
1008,ord_dataset-c5b00523487a4211a194160edf45e9ab:ord-b5bc8be62a144fe782997535c6aad22e,ord_dataset-c5b00523487a4211a194160edf45e9ab,1382,4261cac75ca72e630f49edc30b6490852dd13693951d43ff74e65ba44c66629e
1009,ord_dataset-c5b00523487a4211a194160edf45e9ab:ord-b5efed1b30774244a80ad986e8e15bab,ord_dataset-c5b00523487a4211a194160edf45e9ab,522,3af93f01f528a90b27f2d29244b869ca486cc87332a7546e01edf3e16e15adb1
1010,ord_dataset-c5b00523487a4211a194160edf45e9ab:ord-b5f9f395f563485b8a6eaef49c83ff74,ord_dataset-c5b00523487a4211a194160edf45e9ab,649,6fd1e622ef510fe1ee8f2afd9fc5c29b6c6ddfc672b40561d302074309519f15
1011,ord_dataset-c5b00523487a4211a194160edf45e9ab:ord-b60f07140c864707bef0c5a996d21236,ord_dataset-c5b00523487a4211a194160edf45e9ab,25,4ffe992b1fa7182db28e818f580fcb175ddd2392cf9d4ec1b87664ad97198ed5
1012,ord_dataset-c5b00523487a4211a194160edf45e9ab:ord-b66daaa9c41c4fa0ba3ae7a306bedbdd,ord_dataset-c5b00523487a4211a194160edf45e9ab,150,63b0aecea9423d8dfba892ed3b9a67fe705a2a55fe992599fcf0da61077888c4
1013,ord_dataset-c5b00523487a4211a194160edf45e9ab:ord-b6842ed8f6704641bb5a4881c6d2e076,ord_dataset-c5b00523487a4211a194160edf45e9ab,765,ebc16b5c7440027767b307ef5ff219c97370b56699c5e41d25b886355cc22b00
1014,ord_dataset-c5b00523487a4211a194160edf45e9ab:ord-b7249f5c95404c78bfa3aaeee13def23,ord_dataset-c5b00523487a4211a194160edf45e9ab,321,86a8581028696118367f2b98ed52644e23937f8d58c95a5e74b04cb8116fc820
1015,ord_dataset-c5b00523487a4211a194160edf45e9ab:ord-b76069883b764131956098772148a71c,ord_dataset-c5b00523487a4211a194160edf45e9ab,415,7ed922381e06f75c4121d5604209595f9dc81b8d2a53b2ecb5db990f49c26c67
1016,ord_dataset-c5b00523487a4211a194160edf45e9ab:ord-b784f872a5ad42a78986f076145c79c9,ord_dataset-c5b00523487a4211a194160edf45e9ab,955,d08e826c61d5fef47024171bed259c1bfe9f3cf6fb3ef9de55e779973a1c9556
1017,ord_dataset-c5b00523487a4211a194160edf45e9ab:ord-b7856a5ce3ca4bc58b7c842f337e25a2,ord_dataset-c5b00523487a4211a194160edf45e9ab,292,8b0eb96b39ebf326c59776710ea95d78eb2d090f26c2c1e10c62c30b2c3907b9
1018,ord_dataset-c5b00523487a4211a194160edf45e9ab:ord-b78e966bd1ed4c52baadd02971febf18,ord_dataset-c5b00523487a4211a194160edf45e9ab,51,f88956fbb79ca5c88d09e62b60f0a6313a7ad076ef889b57f210617e3cabb908
1019,ord_dataset-c5b00523487a4211a194160edf45e9ab:ord-b7f93819446d44409e6eb2c777235e6f,ord_dataset-c5b00523487a4211a194160edf45e9ab,978,155c399eb86e8f3ecd7e840e9213f4246a05247a3e628aec48cec2f135f69940
1020,ord_dataset-c5b00523487a4211a194160edf45e9ab:ord-b823251d01f44c32987273f6c531afd7,ord_dataset-c5b00523487a4211a194160edf45e9ab,568,4197b87397c92b90936cba9187b3d7c0e0eaae62ed436fc7249cfd38462e9ca6
1021,ord_dataset-c5b00523487a4211a194160edf45e9ab:ord-b85aaf0f5eeb4729bcdc80957f511259,ord_dataset-c5b00523487a4211a194160edf45e9ab,242,020a8bd9ae48d221ddbabbb91a4cb8ebf5231ca34483af184d61196ad67e6dd9
1022,ord_dataset-c5b00523487a4211a194160edf45e9ab:ord-b875f32ae4de4e189a5ad567fff07395,ord_dataset-c5b00523487a4211a194160edf45e9ab,388,8425b7c74c9ae3e2a83cdd4fc59c6d2e7b09ad8accbb01f20540ebca650207f1
1023,ord_dataset-c5b00523487a4211a194160edf45e9ab:ord-b8c7bcb624ce4c89aedfa97deba49ecc,ord_dataset-c5b00523487a4211a194160edf45e9ab,1426,d08f75a775ba5c1d1b7b2efaf38f21f0c0143b320ad76a4a85f128a6ca2d48ad
1024,ord_dataset-c5b00523487a4211a194160edf45e9ab:ord-b8d73663be2f4f8d946e9047e9d04754,ord_dataset-c5b00523487a4211a194160edf45e9ab,831,fa5d7d68ed6bf4e1779976467522983bab66157c97bbe1aca0a51b31fd268ef3
1025,ord_dataset-c5b00523487a4211a194160edf45e9ab:ord-b8f689d286ac43f3804d8dda85984eeb,ord_dataset-c5b00523487a4211a194160edf45e9ab,1247,cb2ee2740597a43c15c2e2acdc23e090d78ff9fe0a52cb9793f7b732d20511ce
1026,ord_dataset-c5b00523487a4211a194160edf45e9ab:ord-b905058e17d94e708a523283e0d127a4,ord_dataset-c5b00523487a4211a194160edf45e9ab,548,ea918b538d92eb7a846e0e747b8fd7a407c1257317f093ff7847c793601d5fc1
1027,ord_dataset-c5b00523487a4211a194160edf45e9ab:ord-b9501635244046dba468377c5742f0fc,ord_dataset-c5b00523487a4211a194160edf45e9ab,648,feabb0a17a913d616b28912a2e176babd8553746c81678897811772773c0dacc
1028,ord_dataset-c5b00523487a4211a194160edf45e9ab:ord-b96100a248a3467dab1e4b2777fe0be6,ord_dataset-c5b00523487a4211a194160edf45e9ab,509,dbc6d6add0102504e83a549b7b843d79bced66eebdc6781ba25a74bf4845398a
1029,ord_dataset-c5b00523487a4211a194160edf45e9ab:ord-b9928ef2270d41c48b71ae796e118603,ord_dataset-c5b00523487a4211a194160edf45e9ab,28,cb83dd5c6cb22858558f0a090ea9a0a8b5912cc01a60e1800d2dda73f5d341af
1030,ord_dataset-c5b00523487a4211a194160edf45e9ab:ord-b9a206b9487a4ceead9faaf1cdec864f,ord_dataset-c5b00523487a4211a194160edf45e9ab,645,a5d4bfd857bdeb6cdcc846b4917128a65d982c995af1ee8e1c60ba79cc2e816e
1031,ord_dataset-c5b00523487a4211a194160edf45e9ab:ord-b9cb45b2162a427095d86552d2546a44,ord_dataset-c5b00523487a4211a194160edf45e9ab,698,66df60cc2bfd93be3d4157c8fedb2afdb400a17dbe1228cba9a1c484bc157350
1032,ord_dataset-c5b00523487a4211a194160edf45e9ab:ord-b9ced4a9a8974ab08c50380e9936c15c,ord_dataset-c5b00523487a4211a194160edf45e9ab,639,c2354877913f27dde7e0b9c6f00cacb2fd57b28666757638032d56c715b8f925
1033,ord_dataset-c5b00523487a4211a194160edf45e9ab:ord-b9db2afaae744135b1cce99715ab4b7f,ord_dataset-c5b00523487a4211a194160edf45e9ab,202,391aa28ba94accffd5ef0411e5413ffafe79daccebb04dc427102f39df562e17
1034,ord_dataset-c5b00523487a4211a194160edf45e9ab:ord-b9f70f3d758a4f7889e3a5120e60f871,ord_dataset-c5b00523487a4211a194160edf45e9ab,678,446470b3d75e83af1676e8da95d61c3a78f59676dba6b3a31257b58beba305e2
1035,ord_dataset-c5b00523487a4211a194160edf45e9ab:ord-ba2d070d443a4717a5464729f81dc633,ord_dataset-c5b00523487a4211a194160edf45e9ab,237,f99f677cc374834bfdbad7b068ee16ddcaa76af8a27df4ca93923f147d2f7296
1036,ord_dataset-c5b00523487a4211a194160edf45e9ab:ord-baba627726f84a70a63e1bc8b59ee02c,ord_dataset-c5b00523487a4211a194160edf45e9ab,1419,9e821f8ceea98c918c5be6269e1084e39c3de23688d7f9c21e891e642598e36a
1037,ord_dataset-c5b00523487a4211a194160edf45e9ab:ord-babcfc9ede76458d811dd1beda1e91c0,ord_dataset-c5b00523487a4211a194160edf45e9ab,474,5f63e478b8c1b66ad6ea2efd7ab0a8882b9f70d6f7bf529ed0f7dbff8e0ca8b5
1038,ord_dataset-c5b00523487a4211a194160edf45e9ab:ord-bad86060b29240508d5d3689f9288b38,ord_dataset-c5b00523487a4211a194160edf45e9ab,1104,0f993a6a9f05aabf017a62a1a1762f2098662649adefb70c388e34b10ee836a0
1039,ord_dataset-c5b00523487a4211a194160edf45e9ab:ord-bb1caa2aa29c4037acae01e1557c6f50,ord_dataset-c5b00523487a4211a194160edf45e9ab,725,efa3bac6fbe61c233fccd7a97a88c2a7ae43fd93f05c121c7f8585fe176e902a
1040,ord_dataset-c5b00523487a4211a194160edf45e9ab:ord-bb28b382fff34302a34a2f7cff564742,ord_dataset-c5b00523487a4211a194160edf45e9ab,408,770d2da62045020057ae7b3fe53c276a92d6eabdaa7e788886aab406b928938b
1041,ord_dataset-c5b00523487a4211a194160edf45e9ab:ord-bb3e4433750e41dcb600f3378ee0eb9d,ord_dataset-c5b00523487a4211a194160edf45e9ab,2,635f6a7af47e03ad9c1be33f8d4b728ed1061b75d8fdc098db6bdd7e4bd6449b
1042,ord_dataset-c5b00523487a4211a194160edf45e9ab:ord-bb4a9010a12943f188e1ca061590e858,ord_dataset-c5b00523487a4211a194160edf45e9ab,386,c470a0f1ca3b0b3fa355f3274aa46ad65cd78bce2da598f92d27450e6bb38c1b
1043,ord_dataset-c5b00523487a4211a194160edf45e9ab:ord-bb6a5e865125414f97b87cfa99b7e5e5,ord_dataset-c5b00523487a4211a194160edf45e9ab,354,ae1e0ec2ae4a3c2bc1d154ef1a409b04235fa4384b05d89e8299e04a20203fbb
1044,ord_dataset-c5b00523487a4211a194160edf45e9ab:ord-bba4be6430c44036b3bf299a4b2ff85e,ord_dataset-c5b00523487a4211a194160edf45e9ab,952,be86d660d2bdd478d35732fbca905a087adafd7d785f202d49c090d28ea2129e
1045,ord_dataset-c5b00523487a4211a194160edf45e9ab:ord-bbe755aa319e4a2dbbeb3e9ba99c6433,ord_dataset-c5b00523487a4211a194160edf45e9ab,929,2a7b870bd756df787c4dc536eb4ba21547c86f40c0ea77e5813eec8b23e90317
1046,ord_dataset-c5b00523487a4211a194160edf45e9ab:ord-bc0a47e8a0f84a928a84d1016da61b4a,ord_dataset-c5b00523487a4211a194160edf45e9ab,761,bf94df87e37eefe4aa303e4bf46a8873ca5136b237d528345957d5990c276151
1047,ord_dataset-c5b00523487a4211a194160edf45e9ab:ord-bc18b65837364b0190f70a17a4e0cf11,ord_dataset-c5b00523487a4211a194160edf45e9ab,1312,6a715bd48bd89e77c57bfd13a710bd99087c12ae76ed4c7718695d57bfb900dc
1048,ord_dataset-c5b00523487a4211a194160edf45e9ab:ord-bc42e44a15c24388b2607dd3f9b9e6b2,ord_dataset-c5b00523487a4211a194160edf45e9ab,1283,dd11ea98698834d168b8e5c87c2503cc09a847c4a26d005bda0f5295ce1becfa
1049,ord_dataset-c5b00523487a4211a194160edf45e9ab:ord-bc5e53fcccab4d00a24f1fdb37020175,ord_dataset-c5b00523487a4211a194160edf45e9ab,1110,90fb7352a4ce4dc5c3fed824e155956034540073c5541ccdee3a4b325c4301bd
1050,ord_dataset-c5b00523487a4211a194160edf45e9ab:ord-bc6b50390c9a486c8d95ad34f75274b7,ord_dataset-c5b00523487a4211a194160edf45e9ab,959,07a7f2a0b0b7f1ca88739bce243c751e0f12a9d885047ccda454971f5d117ef6
1051,ord_dataset-c5b00523487a4211a194160edf45e9ab:ord-bc935586d8454aa9bf2cfaf592b894e6,ord_dataset-c5b00523487a4211a194160edf45e9ab,26,2f6f28a381507689824cb56e0581c0131eadc4be7ca2cc47181620497a1713b0
1052,ord_dataset-c5b00523487a4211a194160edf45e9ab:ord-bcc43b6fdfae4f4c91ed90ac1e62b57a,ord_dataset-c5b00523487a4211a194160edf45e9ab,582,6c2a86a508bf6183340548a4deeb8203bf46b9e0dc4cb109ab8a9c045d24f092
1053,ord_dataset-c5b00523487a4211a194160edf45e9ab:ord-bcc7939bc2664704b053d09b949ec504,ord_dataset-c5b00523487a4211a194160edf45e9ab,925,0716e12332a5b9fba9cbfc7c2aa3c9bf71a7674392b3d19284d260fbba9d322e
1054,ord_dataset-c5b00523487a4211a194160edf45e9ab:ord-bceae1ed725743629182fdbfda55fe6a,ord_dataset-c5b00523487a4211a194160edf45e9ab,110,85310b0a1a4ff139177b6c723779bd4793294d1c041eefde1a8480afcd88b930
1055,ord_dataset-c5b00523487a4211a194160edf45e9ab:ord-bd026b7972664c0aa23f3e682197644b,ord_dataset-c5b00523487a4211a194160edf45e9ab,749,076cb37535fd567dd5067774b3dbe5c9abc4ab6dc1fcc2f9b4673bf129b52397
1056,ord_dataset-c5b00523487a4211a194160edf45e9ab:ord-bd4999af0a1343f7842b7847c0da5b5b,ord_dataset-c5b00523487a4211a194160edf45e9ab,711,e87d596aedf1c5020da9f179964357a9545d44d38c5031b7c9a0b98df21f71cf
1057,ord_dataset-c5b00523487a4211a194160edf45e9ab:ord-bd569d6b75da4706bee2f40a4ad25135,ord_dataset-c5b00523487a4211a194160edf45e9ab,534,dec6cb5a6a66ddb8db4b2dbd50c7b46e0126b62cb98eedac5e494a015bb2b400
1058,ord_dataset-c5b00523487a4211a194160edf45e9ab:ord-bd79396c4d6741e5bc705e90c0ca64cb,ord_dataset-c5b00523487a4211a194160edf45e9ab,265,8e117079d069b5bb41733ade4de1699d3abed546ea1372ab8dfbef56502b889e
1059,ord_dataset-c5b00523487a4211a194160edf45e9ab:ord-bd949f9f064842188cabeb627c93a275,ord_dataset-c5b00523487a4211a194160edf45e9ab,862,2bfe03fc8db34be5e3643798a3df9db51b2c07d6b85a7f4cbd452807146b4b93
1060,ord_dataset-c5b00523487a4211a194160edf45e9ab:ord-bda3a6e58ed64bebb74cf8c9a00c5b02,ord_dataset-c5b00523487a4211a194160edf45e9ab,946,62d9dc05b1a1e5a33ba96817b0a0f9b332d89a0a59e90f74d6cd9260fb2663c0
1061,ord_dataset-c5b00523487a4211a194160edf45e9ab:ord-bdc400faa0ae49eeb3f31aa80c61656b,ord_dataset-c5b00523487a4211a194160edf45e9ab,945,c1f6efb728d11552d52c69e60f763a969779572e35a7dc2fc3a8ba92330f9d7d
1062,ord_dataset-c5b00523487a4211a194160edf45e9ab:ord-bdd00938bf7d4b8cbdc06daefea2e8e4,ord_dataset-c5b00523487a4211a194160edf45e9ab,489,46e1bec4e9e51b4d336dd3ae3d864acbd3cb96894cc0395620d2c3283735f8ac
1063,ord_dataset-c5b00523487a4211a194160edf45e9ab:ord-bde046503859498f86a4d1ded75326bb,ord_dataset-c5b00523487a4211a194160edf45e9ab,456,80ecb11e067da6ee3bacb46650c0db799e107a2ca0a0706d7c59301d85274ce4
1064,ord_dataset-c5b00523487a4211a194160edf45e9ab:ord-bdeb234932634eea8c0b728c3dca2f36,ord_dataset-c5b00523487a4211a194160edf45e9ab,691,51d22d0153ae4cbaf2ef73ddd27e0759277e2bb1a108b08c25b1d3e69800a068
1065,ord_dataset-c5b00523487a4211a194160edf45e9ab:ord-bdf62522a1dd4f84862ce400cd850c66,ord_dataset-c5b00523487a4211a194160edf45e9ab,593,94f07775cad7ce3762a7635e88e8a88a89547646dd05b7867e4b2c0355c514e7
1066,ord_dataset-c5b00523487a4211a194160edf45e9ab:ord-be03f1b378334d10a97bede39de3f331,ord_dataset-c5b00523487a4211a194160edf45e9ab,466,5e1395d31bdfc86eabdc9962b86005a92c40ceb26b5f9dbd802825a19d9ec428
1067,ord_dataset-c5b00523487a4211a194160edf45e9ab:ord-be1d5fdd7f034ccdb55ebfb612e1fa47,ord_dataset-c5b00523487a4211a194160edf45e9ab,116,179291d5a987ff8fda1d1aa382f54cb336fb5587fde624bb303b7e3ba7d58414
1068,ord_dataset-c5b00523487a4211a194160edf45e9ab:ord-be300af5e82843439227c5ef28f0a385,ord_dataset-c5b00523487a4211a194160edf45e9ab,1404,e225c9138080c1260ccd9b4b537cf9ef8904f1af6d9aca62cde0ee54d7df801f
1069,ord_dataset-c5b00523487a4211a194160edf45e9ab:ord-bebb58fe33a1462bb1dd6f38155d4771,ord_dataset-c5b00523487a4211a194160edf45e9ab,817,6c886f4a7850ff4f831c82c203ef3d1536b5a479dd1efe8b115d0c84c71cc56b
1070,ord_dataset-c5b00523487a4211a194160edf45e9ab:ord-bf16d286caf54246995e3216a039942c,ord_dataset-c5b00523487a4211a194160edf45e9ab,995,9a83c5dc2824186110f0379df5e96978d2637e3d5601cd41e9833d3e0f4fe58a
1071,ord_dataset-c5b00523487a4211a194160edf45e9ab:ord-bf1f7dd7749e4962a63ece7dac4434a4,ord_dataset-c5b00523487a4211a194160edf45e9ab,1035,f2b7b3c3bbbf3ea0e35856ff7c485017993b17e72537d1efd04ac2acb6dffa02
1072,ord_dataset-c5b00523487a4211a194160edf45e9ab:ord-bf23c069c7694dccb4cb4a71a4130f40,ord_dataset-c5b00523487a4211a194160edf45e9ab,553,787474e1ee374ed19a5d7568e01af48d3031d926d3c0ae15933723f7ca77715d
1073,ord_dataset-c5b00523487a4211a194160edf45e9ab:ord-bf2b3181468f4b5a968024fabfab3fd6,ord_dataset-c5b00523487a4211a194160edf45e9ab,307,1b1c70264b3119a559fc03c376883c13821a0eea90a82d21807f48c607670e52
1074,ord_dataset-c5b00523487a4211a194160edf45e9ab:ord-bf33249c41744ab4af2538893c7b6b03,ord_dataset-c5b00523487a4211a194160edf45e9ab,211,b154494e31c59483d466e25cc5713b64f763f92cbbec240455ebaa6dd5d8606c
1075,ord_dataset-c5b00523487a4211a194160edf45e9ab:ord-bf688aec170b4becb39d1b1cf6855934,ord_dataset-c5b00523487a4211a194160edf45e9ab,1330,22b4c74ba7ce30078a13f2725458ac6c2436a8dd6a6d30b5c05d35fb3aebce3a
1076,ord_dataset-c5b00523487a4211a194160edf45e9ab:ord-bf75899e08674df5a16ef7daa7d65fae,ord_dataset-c5b00523487a4211a194160edf45e9ab,135,c2483f68dfbc1791c0fc89a460dcf0009d80382ad6f3991f1a33e0ca82024055
1077,ord_dataset-c5b00523487a4211a194160edf45e9ab:ord-bf96c027812e4ebe9b7a4d2a4d7dce28,ord_dataset-c5b00523487a4211a194160edf45e9ab,235,cda59f1716935afbd7c8dfa697aa17b71c3b8d208d79e218419900639f8433c3
1078,ord_dataset-c5b00523487a4211a194160edf45e9ab:ord-bfcea331780e4eaca272bd5ba620aff3,ord_dataset-c5b00523487a4211a194160edf45e9ab,439,5d93e45073bfe385fcc4daf4e194534d5c38058b4b90728b9ad5f0843daba64b
1079,ord_dataset-c5b00523487a4211a194160edf45e9ab:ord-bfd7fea0526a45c38ae84d8e22e88b74,ord_dataset-c5b00523487a4211a194160edf45e9ab,1208,7b9a09c63535740434afdf269b8d41d90459a49126d76b6b60a2d3941f734fe6
1080,ord_dataset-c5b00523487a4211a194160edf45e9ab:ord-c00bcec409fd41aea3c2ed7d8cf8948c,ord_dataset-c5b00523487a4211a194160edf45e9ab,966,379ec7d9c50c161d0079689771e6c68db7893af4dc8e4997773b951721cded3a
1081,ord_dataset-c5b00523487a4211a194160edf45e9ab:ord-c013b2c1f8724cf0adbc9bd3b53297ae,ord_dataset-c5b00523487a4211a194160edf45e9ab,184,ff66096245efd2166e36e5bdd7454858aee5eee5cb6fd52f084a3ffd5ab5bc37
1082,ord_dataset-c5b00523487a4211a194160edf45e9ab:ord-c0d3a808513f45c1acab260106c7fe64,ord_dataset-c5b00523487a4211a194160edf45e9ab,326,3b6bdf6a6909f88602785be689bd4990b93f49895532215f61b4e44f8d6d6306
1083,ord_dataset-c5b00523487a4211a194160edf45e9ab:ord-c0d3b767d64949aebc8dfb1ca5daee10,ord_dataset-c5b00523487a4211a194160edf45e9ab,418,17e4a0fbc2eb42c80504a544fc526db1427b9c5d7ab0cdddc286c5f5c3f7f11a
1084,ord_dataset-c5b00523487a4211a194160edf45e9ab:ord-c0d92868af9845a5a733119388159d78,ord_dataset-c5b00523487a4211a194160edf45e9ab,657,8d43ffdd8f046f611756810576aa1cdea30e5d7e4f26d04a503912fb25ec3417
1085,ord_dataset-c5b00523487a4211a194160edf45e9ab:ord-c0ef6f8d72b346ae9fc31bc06cff6165,ord_dataset-c5b00523487a4211a194160edf45e9ab,491,e1b7e0e0c51d64d51431c4bab1be4fad9ae3f6fe2361e11a4d59e57ccd1fb1e9
1086,ord_dataset-c5b00523487a4211a194160edf45e9ab:ord-c0fdfd01fda54c0aa77e512a32db86ff,ord_dataset-c5b00523487a4211a194160edf45e9ab,971,03ea4270945890af28697e2e3796a334606f8ebcfcafa265595b062bc93140f0
1087,ord_dataset-c5b00523487a4211a194160edf45e9ab:ord-c140879bc46240bc9b2077bd4634cf4f,ord_dataset-c5b00523487a4211a194160edf45e9ab,1272,4c16a0a5efb03df540d4998581f920f06f8ff630320318900f1f9591f4c8ffb6
1088,ord_dataset-c5b00523487a4211a194160edf45e9ab:ord-c15a8a45daa24dd598830ad5951b30a6,ord_dataset-c5b00523487a4211a194160edf45e9ab,1059,187a32e9b9898f5b8da902dd2149340cada7cbbc7fe4e289f6d15797bdc25b0f
1089,ord_dataset-c5b00523487a4211a194160edf45e9ab:ord-c19726f41cd44c00a57472e4d6141ef9,ord_dataset-c5b00523487a4211a194160edf45e9ab,625,1e4a72ef409ec606b73d577b581ac4757767526e78a9e7c1320af4a25bb0c3c6
1090,ord_dataset-c5b00523487a4211a194160edf45e9ab:ord-c1c1116d822142dc82006e49d855fbaf,ord_dataset-c5b00523487a4211a194160edf45e9ab,1425,84bbf995c3fff0e3672eb3f81b89b6808af89491ce53fd6f0cb01e2ba032658e
1091,ord_dataset-c5b00523487a4211a194160edf45e9ab:ord-c2235262d0af428385ed6cda5070d305,ord_dataset-c5b00523487a4211a194160edf45e9ab,1083,e9dda5c212ea63c4ba75989ca5c709df733ca5b219ff208f8692aa8c0d1a56fe
1092,ord_dataset-c5b00523487a4211a194160edf45e9ab:ord-c2b772986c884647841cb75d9af0e319,ord_dataset-c5b00523487a4211a194160edf45e9ab,894,ce2ef890494425e8852aab2788031deb4e9870e3ae4cc3788674f9ee99cadbe7
1093,ord_dataset-c5b00523487a4211a194160edf45e9ab:ord-c314750d996648859ac1300b623d1eb3,ord_dataset-c5b00523487a4211a194160edf45e9ab,416,b23fa713a6b31e8495eed299158fe66400590e5a683ba6f6370136bcef293da0
1094,ord_dataset-c5b00523487a4211a194160edf45e9ab:ord-c31bd3aa4b8943848c21138171fd509c,ord_dataset-c5b00523487a4211a194160edf45e9ab,1417,b2ca574a1099b0f4a10c702ef8087c223bbac935b50b8668cbe52bb20a1d1e19
1095,ord_dataset-c5b00523487a4211a194160edf45e9ab:ord-c33458f106774b2d90bcf3f1ccff92a7,ord_dataset-c5b00523487a4211a194160edf45e9ab,644,cc21b5144c8bca2fcaa3418339a414c00e0f76310744514b0b20b13cfc3baf5b
1096,ord_dataset-c5b00523487a4211a194160edf45e9ab:ord-c34de9902f6d447bbfca0d3d7f4f3c31,ord_dataset-c5b00523487a4211a194160edf45e9ab,763,0994854ccfa2d674414381b1facb1c54735756ae8f8f00d8ba2671113e4ba841
1097,ord_dataset-c5b00523487a4211a194160edf45e9ab:ord-c37733d556e64659a4812545bb44faa0,ord_dataset-c5b00523487a4211a194160edf45e9ab,320,362e89c4aa34e6cfe2a55e9356db0ebe28569f113c8adb32534fffad9744b7a8
1098,ord_dataset-c5b00523487a4211a194160edf45e9ab:ord-c3876e50fd3d4255a708593795b7dc12,ord_dataset-c5b00523487a4211a194160edf45e9ab,1171,7c45b93a66f362ffddeba535376470ebe2d1b3a2982e8b0d053905ee9cfa4e96
1099,ord_dataset-c5b00523487a4211a194160edf45e9ab:ord-c3f5c915f4304765a9c642745e0d50fa,ord_dataset-c5b00523487a4211a194160edf45e9ab,75,d53bd46ea70d0c5d1a78c3adfe7644b255d2d73f1090dd594c6be2f9b03aa9fc
1100,ord_dataset-c5b00523487a4211a194160edf45e9ab:ord-c3ff9207a60b45c7974bc771f57ab025,ord_dataset-c5b00523487a4211a194160edf45e9ab,957,74849cb19b4a566d2bfbbf4794e3d5f46bfdef53ae72d5c76ae04e3021e52051
1101,ord_dataset-c5b00523487a4211a194160edf45e9ab:ord-c44649455a3041478143be3273bd38d5,ord_dataset-c5b00523487a4211a194160edf45e9ab,868,494fdf716250ec12170f82ad871647a94a9f464f76b90c732309af76260e213e
1102,ord_dataset-c5b00523487a4211a194160edf45e9ab:ord-c44eb58b7b1b428c936b353a450b7b40,ord_dataset-c5b00523487a4211a194160edf45e9ab,329,c147cab49fcac14d30f30aa9e72115353015cc2e6576d2992c1254f8712e1ae9
1103,ord_dataset-c5b00523487a4211a194160edf45e9ab:ord-c47a1cdc80a94d8da13b2e5986a75a21,ord_dataset-c5b00523487a4211a194160edf45e9ab,1026,f99c52b1f34afce2874ef3996147c27a159e7535f51316986a3d0a169c2d8eda
1104,ord_dataset-c5b00523487a4211a194160edf45e9ab:ord-c47cad778a9d42e398932f50fc3b728f,ord_dataset-c5b00523487a4211a194160edf45e9ab,203,dfeaa539cbb4317b4e7cc423b869a1e6b31e9d65ed387295bcc556428a5e3e0b
1105,ord_dataset-c5b00523487a4211a194160edf45e9ab:ord-c49e0cab13a4491a9fe1a0b23de6484d,ord_dataset-c5b00523487a4211a194160edf45e9ab,516,80443b7a4db45752579bfa2cc167da5e1bb9454de8580c84d092fe9bb1235f10
1106,ord_dataset-c5b00523487a4211a194160edf45e9ab:ord-c4b3c5e0ba914bff9c34f99cca3e6157,ord_dataset-c5b00523487a4211a194160edf45e9ab,656,2c8fa13984c20428fa731932ce92d870bf9ff69abb90a91baf932fc64819f6d9
1107,ord_dataset-c5b00523487a4211a194160edf45e9ab:ord-c4d2b28ea64d4f55907039b6e3db237d,ord_dataset-c5b00523487a4211a194160edf45e9ab,373,4eb1c6409949e29834dceb856048c87034af968724393b86141f415761ae581b
1108,ord_dataset-c5b00523487a4211a194160edf45e9ab:ord-c5438aa9cfcb4084b31e9465a5b215cc,ord_dataset-c5b00523487a4211a194160edf45e9ab,796,5c9236df3266f74fc36c4974bc0d1afd317f7dc1c39b292000ccf6a3d67cb58d
1109,ord_dataset-c5b00523487a4211a194160edf45e9ab:ord-c56353cac93c40cd996d461080dbb11a,ord_dataset-c5b00523487a4211a194160edf45e9ab,602,7cb15400a73e05d3f12440ffc8609b46e049b280d18772d0291180d547adfa38
1110,ord_dataset-c5b00523487a4211a194160edf45e9ab:ord-c59c42b1206c479ba5803651c7390567,ord_dataset-c5b00523487a4211a194160edf45e9ab,845,ceae164cbbbf5324b5bc3643d5c17efb30f310663a5c5052304a01c0200d353d
1111,ord_dataset-c5b00523487a4211a194160edf45e9ab:ord-c5c7b82b57ca4bea8a75134555d84d6e,ord_dataset-c5b00523487a4211a194160edf45e9ab,66,28d661658960c5e8b566db7c13d6e994e86cdadc00388beaac6c382c43ac1348
1112,ord_dataset-c5b00523487a4211a194160edf45e9ab:ord-c5cd26eaeb60476a915fd138c073f5b5,ord_dataset-c5b00523487a4211a194160edf45e9ab,916,601cf4e85b5183dc6546cb14eb9b89af92f6b5beab22d7819d2606265577b506
1113,ord_dataset-c5b00523487a4211a194160edf45e9ab:ord-c60540cee9f5416283155a049488b754,ord_dataset-c5b00523487a4211a194160edf45e9ab,591,4b793338722fac3985e8ac0c3cb27872401f1f9dcb9a199900ec7ca6b96613a7
1114,ord_dataset-c5b00523487a4211a194160edf45e9ab:ord-c615e7fc20f14bb3b0fc6e08fbe4d65b,ord_dataset-c5b00523487a4211a194160edf45e9ab,1153,b0ee80f29aac4a0dc701c8f730f06592e7d6278514f9f0512a91631d44777593
1115,ord_dataset-c5b00523487a4211a194160edf45e9ab:ord-c6577b8a743d4b9b878fe5c929a2982a,ord_dataset-c5b00523487a4211a194160edf45e9ab,1278,3320a1a24db07fa3a37d73970458db2539afce523bc956c65488941608218d36
1116,ord_dataset-c5b00523487a4211a194160edf45e9ab:ord-c6fd86e1c8344cf3b325daf4e08e6b6f,ord_dataset-c5b00523487a4211a194160edf45e9ab,783,e693f6df3898e83001cd0eb3e8361f966d4107ec5c3274d7cdcb3046cc3a769b
1117,ord_dataset-c5b00523487a4211a194160edf45e9ab:ord-c70d7e3c56cc45fa9542e7ee31d6fd06,ord_dataset-c5b00523487a4211a194160edf45e9ab,961,afec642355a73d5c129b6340d7f26e8bfb44591c4bb70be611e1c371c6c8b1e8
1118,ord_dataset-c5b00523487a4211a194160edf45e9ab:ord-c70f4d34bc094537822450f9e01cd684,ord_dataset-c5b00523487a4211a194160edf45e9ab,541,9cd47c4c191890cc68a68bb8b76660c1af4156ebed880b719cf1f54017baec63
1119,ord_dataset-c5b00523487a4211a194160edf45e9ab:ord-c728efa1a9114498ba0ce73e9267a389,ord_dataset-c5b00523487a4211a194160edf45e9ab,1409,e685aa2f1c13267da7f794019915ccdeaca545595b7d554b6f16700947ec3d2e
1120,ord_dataset-c5b00523487a4211a194160edf45e9ab:ord-c75e0593cc1947f3b40c962724920921,ord_dataset-c5b00523487a4211a194160edf45e9ab,841,5597e0092d925ce021436d56b4a8d90da9c48aaff5e53335ff7646095625b585
1121,ord_dataset-c5b00523487a4211a194160edf45e9ab:ord-c78471dd65a84ad795157932523d6ea9,ord_dataset-c5b00523487a4211a194160edf45e9ab,1003,2c7f35291a46d25932e9b4f8af72e13b83571e7d20c6893a2706c611f2833ee6
1122,ord_dataset-c5b00523487a4211a194160edf45e9ab:ord-c7933ba34f794504878bdebac53dda34,ord_dataset-c5b00523487a4211a194160edf45e9ab,1420,e1197f7140f87f4e33cc6a30f8cfb3d6c2b8a280a9ed3b97626426f6487695a8
1123,ord_dataset-c5b00523487a4211a194160edf45e9ab:ord-c7b2cf8ca4c945ab828f8b52a9a025a3,ord_dataset-c5b00523487a4211a194160edf45e9ab,245,b183d5d7bcaa1ba0901ac9ec9e99676f2a120e414fb2ece7651c1cbc95cea3b0
1124,ord_dataset-c5b00523487a4211a194160edf45e9ab:ord-c7e620b7fc014bf2b91bba07cfc548d7,ord_dataset-c5b00523487a4211a194160edf45e9ab,614,b4f4beade36eda5763a81cd555bdabeeefb81168dcdc640b28a0270b9ee48e99
1125,ord_dataset-c5b00523487a4211a194160edf45e9ab:ord-c88aec0d83214b8cbdeb5ee82990bae3,ord_dataset-c5b00523487a4211a194160edf45e9ab,35,b5225693fa0d118a5e36b0cd8e610234f1a46e5438dfb7bbcf7a89e66ac1e9fc
1126,ord_dataset-c5b00523487a4211a194160edf45e9ab:ord-c8aa1d8fb3f14486947c427b90f61633,ord_dataset-c5b00523487a4211a194160edf45e9ab,84,3b5e87fe31b7ae7d284240c79af6cd07bb52612935fdcad51d0a906f6d9e15b1
1127,ord_dataset-c5b00523487a4211a194160edf45e9ab:ord-c8c3f3a331834701aa1abf21eb5fbffb,ord_dataset-c5b00523487a4211a194160edf45e9ab,1025,984f5ba311915c900f1ad19e99e1493e7aa78702efdd8e8138365d4933eb4fb1
1128,ord_dataset-c5b00523487a4211a194160edf45e9ab:ord-c8cff5c98e644ad0a61454499516f85f,ord_dataset-c5b00523487a4211a194160edf45e9ab,776,8564a33dd82ef2ae75cab2053111e50d3c1f1dbf56a11b421659d67004f99571
1129,ord_dataset-c5b00523487a4211a194160edf45e9ab:ord-c936b2b71d0d4082a1e0c6a0e4f56249,ord_dataset-c5b00523487a4211a194160edf45e9ab,551,47964a7760d3246936575f8a79dceb0400e36e81cc38db0c9c2a8b7defc76514
1130,ord_dataset-c5b00523487a4211a194160edf45e9ab:ord-c944178b559547bbbd422e04e9245164,ord_dataset-c5b00523487a4211a194160edf45e9ab,38,665eb2b9bcd3851aefb0095adb985cb826ebee11eef7e04b5f6704a9415bcc28
1131,ord_dataset-c5b00523487a4211a194160edf45e9ab:ord-c958219640f14d8b98a0aeb11d275803,ord_dataset-c5b00523487a4211a194160edf45e9ab,1077,360027c0cae121fa66e3914bd8d5438d55d7d8c191c4b55345728563071bd9a0
1132,ord_dataset-c5b00523487a4211a194160edf45e9ab:ord-c9696ab370f942358d212c3602913944,ord_dataset-c5b00523487a4211a194160edf45e9ab,1211,3fc92d36419b09adc72c670e502d2ca2a39f466ab4fcd8884efaf26b016d28c9
1133,ord_dataset-c5b00523487a4211a194160edf45e9ab:ord-c988019d830346329fa7e11847fcbcc7,ord_dataset-c5b00523487a4211a194160edf45e9ab,523,e3f107d886b0592b6325982d5601cab00959f8fa53720c4d3e75bd857a728c03
1134,ord_dataset-c5b00523487a4211a194160edf45e9ab:ord-c9d11150c08746e2be9b8393eb1d9016,ord_dataset-c5b00523487a4211a194160edf45e9ab,1265,669c664988cd6cd23bc9385160880496c00f05056cbfc0dcaed230aa9bb9c54d
1135,ord_dataset-c5b00523487a4211a194160edf45e9ab:ord-ca05bd694b5c4f7b84de0b88bb66c0c3,ord_dataset-c5b00523487a4211a194160edf45e9ab,843,c42d0a4022b55ca9484ac6a06865e0193d8f1f644f4a8b1d74d33700411229cd
1136,ord_dataset-c5b00523487a4211a194160edf45e9ab:ord-ca7b80d070f14641995725c211a77cfe,ord_dataset-c5b00523487a4211a194160edf45e9ab,1373,3afebbecc3fd0dc04b960261eb284165e3ac77b293ac270c065fe32a2196283f
1137,ord_dataset-c5b00523487a4211a194160edf45e9ab:ord-caaf3f87d0a643f4b7d27c1996881592,ord_dataset-c5b00523487a4211a194160edf45e9ab,1019,7add7293e5cb3c43ac441505267e5c64a4af32b6b507a8afe7793da41d642f1a
1138,ord_dataset-c5b00523487a4211a194160edf45e9ab:ord-cace8a9a568d4d849abbb2d74ab08448,ord_dataset-c5b00523487a4211a194160edf45e9ab,340,c7108035b38f6dafaa1597b931c39bc97b8c52fbe251fa647b6c29f8558dbde1
1139,ord_dataset-c5b00523487a4211a194160edf45e9ab:ord-cb54d2113c334159abc61d3a142aa573,ord_dataset-c5b00523487a4211a194160edf45e9ab,221,e63927878aba4cfa85c72ba1e74105dcdd96a7f0530015a35637131e8efa75a6
1140,ord_dataset-c5b00523487a4211a194160edf45e9ab:ord-cb7a3d2fde554f9d8e2ead6a766448a6,ord_dataset-c5b00523487a4211a194160edf45e9ab,1304,e0d00b960d2a91b647e262c7f9f5cb2b62b9fa7850d22faedc7bccfae7de1eaf
1141,ord_dataset-c5b00523487a4211a194160edf45e9ab:ord-cba5a46e60c8422fa686ef3c8c01d34a,ord_dataset-c5b00523487a4211a194160edf45e9ab,681,16d4decfe0118a2e0a033ac8ae94a7319873559af3e976a0f64b3d07b653f025
1142,ord_dataset-c5b00523487a4211a194160edf45e9ab:ord-cbafb5f1ddcb440fb535a15c78c207a5,ord_dataset-c5b00523487a4211a194160edf45e9ab,1261,6cb2cbae3742feb57c0e840a91de4e5c6fd8a5dc022a947c5138c15cecc3fbe4
1143,ord_dataset-c5b00523487a4211a194160edf45e9ab:ord-cbec41c72bb64b4bb5beefc98974c9f9,ord_dataset-c5b00523487a4211a194160edf45e9ab,867,da6dcb78817b3d6e1f6de98b46bbdf50220f0d49225a445cca27bbd0958d281e
1144,ord_dataset-c5b00523487a4211a194160edf45e9ab:ord-cc358881c5004ccf94a204c73debc497,ord_dataset-c5b00523487a4211a194160edf45e9ab,1281,db2fc0c5105e44f9b84d10937f3983f6f7e7395523b318eec841cdd4c0af45ef
1145,ord_dataset-c5b00523487a4211a194160edf45e9ab:ord-cc3ab501ae3f4285b469c7456cfb8adb,ord_dataset-c5b00523487a4211a194160edf45e9ab,1141,04b001c9b5ba027b0d341369bba9bed825e2730ee28d7697d7762add7e075b5a
1146,ord_dataset-c5b00523487a4211a194160edf45e9ab:ord-cc3f4d39cc184ee5a82e3a9c819f156a,ord_dataset-c5b00523487a4211a194160edf45e9ab,302,fac96f50fd8d08ef531cf3cc5ec3f7ee55e8ed454e59d119e3270ae4cf9a29f6
1147,ord_dataset-c5b00523487a4211a194160edf45e9ab:ord-cc589985ff82443abe0bb75fa5f7323f,ord_dataset-c5b00523487a4211a194160edf45e9ab,5,6d5c8b9a17730105c1ad2f3e14d5354fb5bc4e92732d55ac86658728428d3ee5
1148,ord_dataset-c5b00523487a4211a194160edf45e9ab:ord-cc80751da84140af8d531abaf4acbb73,ord_dataset-c5b00523487a4211a194160edf45e9ab,526,aa29b48c0ad9684cab15d8e4a33b6d11bf8e74e57d1239853a0cccef11e6906b
1149,ord_dataset-c5b00523487a4211a194160edf45e9ab:ord-cc9a3d60f4a74a569630a20ad02792b1,ord_dataset-c5b00523487a4211a194160edf45e9ab,1249,aace752496600499c16cc57f3ba23b599eb4edc74ef61c7da25e3c153df66945
1150,ord_dataset-c5b00523487a4211a194160edf45e9ab:ord-cce0faffff4648ad82e8eea5a2068a0a,ord_dataset-c5b00523487a4211a194160edf45e9ab,156,c12e6cbb5a4e332194f388f8d29fb9cb68c508cf1d4b36be9b48d5a799a7e6ad
1151,ord_dataset-c5b00523487a4211a194160edf45e9ab:ord-ccf373b1fed44eb9aa2d1eed2996bb2b,ord_dataset-c5b00523487a4211a194160edf45e9ab,1148,3a3514011660e15373790d64dffc4e1886c3953f9253af6b1536dad4415eda3f
1152,ord_dataset-c5b00523487a4211a194160edf45e9ab:ord-cd79df017c5c47a2a7bccf4b565db7ca,ord_dataset-c5b00523487a4211a194160edf45e9ab,132,1ccf50b1f4c799f82344d5184204505b477780a9957c246e2f99052cf44cdf06
1153,ord_dataset-c5b00523487a4211a194160edf45e9ab:ord-cda00479270147f2aee4e1c44a7037fb,ord_dataset-c5b00523487a4211a194160edf45e9ab,87,5bba0e6f349e9dc465b513a7c99593d5dd4b8d1d5a2792ee6cc70564c9fbb9a9
1154,ord_dataset-c5b00523487a4211a194160edf45e9ab:ord-cde46e169b7d4846858ecd3413389ff2,ord_dataset-c5b00523487a4211a194160edf45e9ab,664,9d5365379cd37a0e768195ff6bfa4fb81b6dc991d62bde8581b5a1da5c18fd11
1155,ord_dataset-c5b00523487a4211a194160edf45e9ab:ord-cdfee2eb51ba482cb8d22905b7a420ca,ord_dataset-c5b00523487a4211a194160edf45e9ab,1224,f6f4bde7291a0c37c8b0c8a0420d738500292a243bbc276f4499ace21a2d60ed
1156,ord_dataset-c5b00523487a4211a194160edf45e9ab:ord-ce74eb8958704fdf86586eaeb681ccab,ord_dataset-c5b00523487a4211a194160edf45e9ab,356,44cefbc75bfbb762ad2e5ba855035b941f7ab21d6c86b1f6cd7344b123ee8877
1157,ord_dataset-c5b00523487a4211a194160edf45e9ab:ord-ce7528723c7c4b6280014a80f28fd29b,ord_dataset-c5b00523487a4211a194160edf45e9ab,485,1d8cfdbf992453e7e601be3efad730da1bb042641ebb64dced27787d598a3f8c
1158,ord_dataset-c5b00523487a4211a194160edf45e9ab:ord-ce84bfd2077b465abc67e1ddcfed23b5,ord_dataset-c5b00523487a4211a194160edf45e9ab,1112,9f47237a525eec0aa1405aab16d000ee341545f45e955af09d5b1ac1ebd89eae
1159,ord_dataset-c5b00523487a4211a194160edf45e9ab:ord-ceaed2e7908348d68e709ef11cc4afc9,ord_dataset-c5b00523487a4211a194160edf45e9ab,378,bbcde7ecf04b49d125fc2408be6ea2c9b5d56a4715c335eb88e691063155eacf
1160,ord_dataset-c5b00523487a4211a194160edf45e9ab:ord-cecb017bbe7d40498896e1163ca079a9,ord_dataset-c5b00523487a4211a194160edf45e9ab,675,edf12f5a492c39391044e32d142b57139ba337f5b686b5feae4a497e4509da54
1161,ord_dataset-c5b00523487a4211a194160edf45e9ab:ord-cef5f8c77ef944db8cb4c3b07d4ddaac,ord_dataset-c5b00523487a4211a194160edf45e9ab,539,dcfa3f46dfce213d4c655357aeaab6e23b29642ba8c09e29c39ca018d63f4f28
1162,ord_dataset-c5b00523487a4211a194160edf45e9ab:ord-cf09620fb6674bba9b819fda488b5af0,ord_dataset-c5b00523487a4211a194160edf45e9ab,70,1a92f9f6f188ce61d17b37af6e61d784ec463a9327a8f0073d90faa373e4d746
1163,ord_dataset-c5b00523487a4211a194160edf45e9ab:ord-cf7a7cd974bd497c9df3cd6dd4677db4,ord_dataset-c5b00523487a4211a194160edf45e9ab,244,b46443060744b788026ec2a8074d06b668f3309ff07403f7c5886a723f3ec10c
1164,ord_dataset-c5b00523487a4211a194160edf45e9ab:ord-cfb6d5afe3f1486998d8aa997d97c877,ord_dataset-c5b00523487a4211a194160edf45e9ab,283,4a3682ee5a984bfbe8bbc6fa85f729ad85445944169af1278a7079a8add5d203
1165,ord_dataset-c5b00523487a4211a194160edf45e9ab:ord-cfc36855799e4625b2b2bca5c021bf94,ord_dataset-c5b00523487a4211a194160edf45e9ab,781,3f9b66c3ba09e76274c2a57f2d6534ac94184d6ceb793db8f2c5063bccd60f35
1166,ord_dataset-c5b00523487a4211a194160edf45e9ab:ord-cfd2ba3720374898994e75aa59d03736,ord_dataset-c5b00523487a4211a194160edf45e9ab,733,ad5a67de06255ce3dd93cd0eacd0d103997c750bb414a4de5a015119cfa4d37c
1167,ord_dataset-c5b00523487a4211a194160edf45e9ab:ord-d0426cc90a6c424399d15d22d42a9b50,ord_dataset-c5b00523487a4211a194160edf45e9ab,752,9bd650f9cdb1df86a120964055473e6f437abf0e9e49a84cc10d7652b0042b7e
1168,ord_dataset-c5b00523487a4211a194160edf45e9ab:ord-d064d449d0fa48d485d356ba3048b0a7,ord_dataset-c5b00523487a4211a194160edf45e9ab,1292,24e79335959ba108766167f775f072ff9a21fa97f068ed5ea1380353b8998277
1169,ord_dataset-c5b00523487a4211a194160edf45e9ab:ord-d0832e0e33054f2082c4a4c94603472c,ord_dataset-c5b00523487a4211a194160edf45e9ab,478,de2047eba24db13b4f4886a8c9e87fa7d59351f77406648e135d85ab550902b3
1170,ord_dataset-c5b00523487a4211a194160edf45e9ab:ord-d08d57b84eac439aaa1dee4e7620c38a,ord_dataset-c5b00523487a4211a194160edf45e9ab,652,30381cc70668a37c786a3d05580480089399eebb2da86f03d5712e9a3bebe912
1171,ord_dataset-c5b00523487a4211a194160edf45e9ab:ord-d0a7adf6b28f43918d226c18e21c1f1d,ord_dataset-c5b00523487a4211a194160edf45e9ab,529,e2739d0e3230808b14d5a0a51da940a6128257338878a7295ef27f5e7decf3db
1172,ord_dataset-c5b00523487a4211a194160edf45e9ab:ord-d0ed492e362848dfac61057c0abe89d8,ord_dataset-c5b00523487a4211a194160edf45e9ab,1057,598da5db2481d681585bb28247c2c9831dfb5f0b920ec7b4012005b6567bdd83
1173,ord_dataset-c5b00523487a4211a194160edf45e9ab:ord-d1ac027a24e6479ebfa1f55fd97d8694,ord_dataset-c5b00523487a4211a194160edf45e9ab,875,d6eae2f9ed92a36fd8e162c490db9e28499b7c2cdd4fa360af5d2ad39de20e62
1174,ord_dataset-c5b00523487a4211a194160edf45e9ab:ord-d1e31e2a033c4b289d9e63d651fc52df,ord_dataset-c5b00523487a4211a194160edf45e9ab,857,8fda4a8e634a5157f1bb306240664482d3528187cab1ed4ff017ee051a8d4628
1175,ord_dataset-c5b00523487a4211a194160edf45e9ab:ord-d1fe5bebecd04ed5989d42f7b4ed8bed,ord_dataset-c5b00523487a4211a194160edf45e9ab,739,8658429e99db22e9bb89a3b81c4dbe32825291f7c8217dfd4c4c24337ba6f9e7
1176,ord_dataset-c5b00523487a4211a194160edf45e9ab:ord-d262f66f2b10496eb5afb994aa442930,ord_dataset-c5b00523487a4211a194160edf45e9ab,974,0afa9cbcb1f3462af49f42de8414e35ef9018ee6508300543b0a80699dd5cbf1
1177,ord_dataset-c5b00523487a4211a194160edf45e9ab:ord-d2a620a7541542ff99c8435418123cb3,ord_dataset-c5b00523487a4211a194160edf45e9ab,164,1145ce8e7ec35acc4eb5b390178fd58cba7182c0b68b7804e20910524636c656
1178,ord_dataset-c5b00523487a4211a194160edf45e9ab:ord-d2c200ea0c0b4a7cbb2032c102aabbf0,ord_dataset-c5b00523487a4211a194160edf45e9ab,1257,62e74f5a3d8e46beb509b21c9fe48431603f94b3889a45afcf30302f91921e85
1179,ord_dataset-c5b00523487a4211a194160edf45e9ab:ord-d2f7cb67115147708027ffd2d96671a9,ord_dataset-c5b00523487a4211a194160edf45e9ab,1176,c40f4ab165415231282941ee5c5d80f9a7ac86e3453ca0ccca00fdbce867d197
1180,ord_dataset-c5b00523487a4211a194160edf45e9ab:ord-d30df3c4ee9a4eb798bdab8072a34522,ord_dataset-c5b00523487a4211a194160edf45e9ab,137,08899e9665206e82a16099d425ddd93027c540b222da6af30b1e46b808f930d3
1181,ord_dataset-c5b00523487a4211a194160edf45e9ab:ord-d31f0ba078894f1588ffd0dbac3b09c9,ord_dataset-c5b00523487a4211a194160edf45e9ab,73,bed1c587523c06c92cb337c7517350242b65ff0b5312aceb33b009a46bf87ffd
1182,ord_dataset-c5b00523487a4211a194160edf45e9ab:ord-d34d6e82851543a5a913e12bc10e82c4,ord_dataset-c5b00523487a4211a194160edf45e9ab,93,ff737f984424d6761e79420dd2fcdd3845c2b2ae809b3c31ba9b8684b908a47c
1183,ord_dataset-c5b00523487a4211a194160edf45e9ab:ord-d36fd00c0baf4f29b8b5aa5ae337d803,ord_dataset-c5b00523487a4211a194160edf45e9ab,1044,bfd43dc9b7b322a1a434cd47f3b1b6fb25dabf9a71b083e5d6ab719009f2192b
1184,ord_dataset-c5b00523487a4211a194160edf45e9ab:ord-d39a8b61151e4a2499825edccb975d9a,ord_dataset-c5b00523487a4211a194160edf45e9ab,631,e133240e8bcd1261572fbaf77894f579ee7c7bd92fdcd16ba6662d4117a07b62
1185,ord_dataset-c5b00523487a4211a194160edf45e9ab:ord-d39ee937813041fab7f97aac867b6826,ord_dataset-c5b00523487a4211a194160edf45e9ab,853,7e588bc6da56cb52912cfb7f0fd28dcf9b109ba3b74b754c3cf05e625416d03e
1186,ord_dataset-c5b00523487a4211a194160edf45e9ab:ord-d39f554dfe8a40efb3792ba92ec68c05,ord_dataset-c5b00523487a4211a194160edf45e9ab,866,ab625cfe40eaf5047d618df663d1e32fa443e9c9dc48c84bd55d58bbf0967c17
1187,ord_dataset-c5b00523487a4211a194160edf45e9ab:ord-d3adba7269b740138e9aabd1699ad1b6,ord_dataset-c5b00523487a4211a194160edf45e9ab,826,6e42c26fb6c2432f5c39bdc18563f58ff2cae82081d4aef1184b1b21fe7dd0de
1188,ord_dataset-c5b00523487a4211a194160edf45e9ab:ord-d3f66eec7f9c4eff901ff3f62b493c73,ord_dataset-c5b00523487a4211a194160edf45e9ab,161,13a64ac5fff5365b8518eb2946808bd47d021ac9ffff79af38629f597649e397
1189,ord_dataset-c5b00523487a4211a194160edf45e9ab:ord-d41ec3afa79e44109ce6cd1207353a4e,ord_dataset-c5b00523487a4211a194160edf45e9ab,795,383205c370a7c5ca0f97c8513506d8f57696ec50427bc41ea82886bfac336f4e
1190,ord_dataset-c5b00523487a4211a194160edf45e9ab:ord-d4ccc7222ed4432483d1c45df4366b3e,ord_dataset-c5b00523487a4211a194160edf45e9ab,349,242f83113dc4d4edbc1c095670df96810e1e40634ec86de2fc79e040363d5235
1191,ord_dataset-c5b00523487a4211a194160edf45e9ab:ord-d54aa4b6620c40a9a37198c93bf66f7a,ord_dataset-c5b00523487a4211a194160edf45e9ab,621,523f8b82d325af9316dc2d0c63229bd482c3b5abf602003508fb95d61d197288
1192,ord_dataset-c5b00523487a4211a194160edf45e9ab:ord-d54ec36a289c4b458440d8aaf391257a,ord_dataset-c5b00523487a4211a194160edf45e9ab,414,282bbf59e5f8060adb4c6afa75465237c117b81bd762f2e1ababf6771a1b8991
1193,ord_dataset-c5b00523487a4211a194160edf45e9ab:ord-d5c2cd27d0c84b499261d8a377807e64,ord_dataset-c5b00523487a4211a194160edf45e9ab,201,ce50b97ba6d09cbb43ec265424bfd98f5821ace1efee7306fb5b3cd57124729f
1194,ord_dataset-c5b00523487a4211a194160edf45e9ab:ord-d5f046197bbc4334bfe51acfbb9056ff,ord_dataset-c5b00523487a4211a194160edf45e9ab,589,d6a2ce922692f26b3d5e4aea1cbcedc480cf1cf86ee14bc3789a10a9e4e4d2cb
1195,ord_dataset-c5b00523487a4211a194160edf45e9ab:ord-d62c718f26de4acfb1ce5b65533a2221,ord_dataset-c5b00523487a4211a194160edf45e9ab,805,26a09966738f6b9186940fd989bba96404cba921bdb5ac542c25176069f4fcf6
1196,ord_dataset-c5b00523487a4211a194160edf45e9ab:ord-d638db5644c44549b3e28d960b24d72d,ord_dataset-c5b00523487a4211a194160edf45e9ab,885,469dd75d1fa352bdcc22e14f4c123cb5e011eb3a924a998f6d48c5ad4797c00d
1197,ord_dataset-c5b00523487a4211a194160edf45e9ab:ord-d641f8e8efd14b44947292bee1c037bd,ord_dataset-c5b00523487a4211a194160edf45e9ab,1276,88398735c79e62cc1a03748cafcbbeaf777e27ad721abf4f29c3e0c0bd3d0051
1198,ord_dataset-c5b00523487a4211a194160edf45e9ab:ord-d660cae987d547e9a567d0f37f32d616,ord_dataset-c5b00523487a4211a194160edf45e9ab,811,62f1b9a7386b93551353cdeb04bfa730ab9b5b56903b6bb11dbf6a3b59f40910
1199,ord_dataset-c5b00523487a4211a194160edf45e9ab:ord-d6633ce22d2e4a0fb90cd0b43aca1f93,ord_dataset-c5b00523487a4211a194160edf45e9ab,1339,33e45e93470412495e2f6bedc793e0ae71028c6552b08e1fe7b68dc627bfb754
1200,ord_dataset-c5b00523487a4211a194160edf45e9ab:ord-d67194597fde42569f126744c54708af,ord_dataset-c5b00523487a4211a194160edf45e9ab,1353,27e3981e71a0c8f7176d4410e5ea5fdf420c06d17b0beeb800b7d8751f390045
1201,ord_dataset-c5b00523487a4211a194160edf45e9ab:ord-d708fb3d32ef488d9f5cc8a8719cc88c,ord_dataset-c5b00523487a4211a194160edf45e9ab,218,695d51a9cffb908df6188399e53c274dd5fb06ac920313ccb6d357b4782e83c1
1202,ord_dataset-c5b00523487a4211a194160edf45e9ab:ord-d70cd7c2deac4d9e97362a753b8f4b70,ord_dataset-c5b00523487a4211a194160edf45e9ab,1368,7d2f77b5a49c56623d8b60dd7f82778d159bab7bc7a9358044781b13cdcadc3f
1203,ord_dataset-c5b00523487a4211a194160edf45e9ab:ord-d724c912636240f59764914e70cbfd91,ord_dataset-c5b00523487a4211a194160edf45e9ab,789,e4d4f5c716b22ae72dbd08c98062b48b6399961f0bea79b057de686ccf618903
1204,ord_dataset-c5b00523487a4211a194160edf45e9ab:ord-d7edc4b445304f7c9985e26e33629a1e,ord_dataset-c5b00523487a4211a194160edf45e9ab,1011,385b2bb8be63e4f8b9c2290da6766c1df034216ad72b0d4a9e27ced2d977e9cb
1205,ord_dataset-c5b00523487a4211a194160edf45e9ab:ord-d8a0f7b3c65f4db88a309fbfd031c0b1,ord_dataset-c5b00523487a4211a194160edf45e9ab,249,165b8c30b627cbe02db7d4eca46cdb4aaef7ca4fbf150c015dafcabe58f42eb6
1206,ord_dataset-c5b00523487a4211a194160edf45e9ab:ord-d8a7d879d9234afb813988d51ea06dda,ord_dataset-c5b00523487a4211a194160edf45e9ab,112,fb794acd03f6c8140167745f981a042da532f58675ace4f569928a73112d8d25
1207,ord_dataset-c5b00523487a4211a194160edf45e9ab:ord-d8b5df4e0d5f4f8e9304e6b5a7a65b78,ord_dataset-c5b00523487a4211a194160edf45e9ab,742,0c5edade0fa138c70a91bb07758ca1656d957820ed0cbc73c29392779348bf6c
1208,ord_dataset-c5b00523487a4211a194160edf45e9ab:ord-d8bd2856f2194f0fbc627f0e4c7c4155,ord_dataset-c5b00523487a4211a194160edf45e9ab,467,79f19b283765289f8317e9ca457bc67d03ca4038cc810bc71a331a265fd9bc5d
1209,ord_dataset-c5b00523487a4211a194160edf45e9ab:ord-d8f3aecbba5f44bda43dea2bc05cab0b,ord_dataset-c5b00523487a4211a194160edf45e9ab,185,ca8966229aea1a675fe4304f42e0b0a882ef9ccc6de7f4087cb623b1c3dcfe37
1210,ord_dataset-c5b00523487a4211a194160edf45e9ab:ord-d92d529fdb424b93bcde8ae6037338bf,ord_dataset-c5b00523487a4211a194160edf45e9ab,1387,029eb02c99c43fc0708562083313225992b0845231a84f90b217e89fb076407b
1211,ord_dataset-c5b00523487a4211a194160edf45e9ab:ord-d93347dc1b5b48829cfc4a801c73a8ea,ord_dataset-c5b00523487a4211a194160edf45e9ab,296,6219df8f4d9e40e899ad5ca798a45df665e86afc3696e688c4bb2e7611642f49
1212,ord_dataset-c5b00523487a4211a194160edf45e9ab:ord-d9d02f5eba414308bd816bdb111987e1,ord_dataset-c5b00523487a4211a194160edf45e9ab,1161,d277cc7570a9dac7253b2a00475dcf0d762d63a0733a1728f54fb31ec306e2ac
1213,ord_dataset-c5b00523487a4211a194160edf45e9ab:ord-d9e94c942bb34cf8b5853a69d0cdfd38,ord_dataset-c5b00523487a4211a194160edf45e9ab,701,1fd2a7e4bbb071a40ffe662deb650f0a72c5786ca89fcf6847d22f0044473e95
1214,ord_dataset-c5b00523487a4211a194160edf45e9ab:ord-d9fef070ba0b4c54ac419d6542eee9e1,ord_dataset-c5b00523487a4211a194160edf45e9ab,503,6ac7c89b63db61b9f42d2a79f6d439ec17f7ba5ce9c9375c3eb7f97f9878d6f5
1215,ord_dataset-c5b00523487a4211a194160edf45e9ab:ord-da0f0a5215aa4c4caf2213fd100b588c,ord_dataset-c5b00523487a4211a194160edf45e9ab,322,caf29a30abb61c4729ad6790ec5b83e29807cb2e2b567aaae3042ef1444e7a68
1216,ord_dataset-c5b00523487a4211a194160edf45e9ab:ord-da153cb31f2e49c8812a9c6fd13cb48a,ord_dataset-c5b00523487a4211a194160edf45e9ab,477,3381d1cdff0230a04106cf2e26e1b5a51e2729211d397c8de28a413de57c5310
1217,ord_dataset-c5b00523487a4211a194160edf45e9ab:ord-da39ae4b49704ce69f968d33ea864df5,ord_dataset-c5b00523487a4211a194160edf45e9ab,520,1d93a3a8aac2516b3efaffd4cc205e871ee290872b2b2e7c48485e483fd85d22
1218,ord_dataset-c5b00523487a4211a194160edf45e9ab:ord-da3cc22cd48941c9b67fd80f65850030,ord_dataset-c5b00523487a4211a194160edf45e9ab,290,81fd5b1e12f0c3bb85dc0752739cafc40228bf6ac7b7e69a92cbdcde39f48432
1219,ord_dataset-c5b00523487a4211a194160edf45e9ab:ord-da3ee5c891024a568da52e6e4b569c5b,ord_dataset-c5b00523487a4211a194160edf45e9ab,549,24b24bf5c9b5f436a15ff7b83c15faaeac84dd51f51ff8ac9e92b5ddb3aa1d33
1220,ord_dataset-c5b00523487a4211a194160edf45e9ab:ord-da61944bca7e450e9c381d612f66f5c0,ord_dataset-c5b00523487a4211a194160edf45e9ab,599,28ceb5c02ad04e37ab8d31f6bfdb25102e5f3673a72a34b6686cd2783819378e
1221,ord_dataset-c5b00523487a4211a194160edf45e9ab:ord-dabc6ce06b3046ad8863a0930809d353,ord_dataset-c5b00523487a4211a194160edf45e9ab,571,590cff4324a0dc0b47fb2cf1a1ddd8abee9dcd2cdfa1a589a9f6df9aae518e81
1222,ord_dataset-c5b00523487a4211a194160edf45e9ab:ord-dae423a64b584c18a6fac146268174f3,ord_dataset-c5b00523487a4211a194160edf45e9ab,1412,f5c5e89da47dd0736cc1983daf2655f3e152ad9512f21ff1bd37157fc0b13b27
1223,ord_dataset-c5b00523487a4211a194160edf45e9ab:ord-db188072193d42c0be7818b9b3dc752a,ord_dataset-c5b00523487a4211a194160edf45e9ab,492,22ec9aae5a9b5efed89cb763704fd416c06d631581dbdba90daa4dae954fe78d
1224,ord_dataset-c5b00523487a4211a194160edf45e9ab:ord-db7a86f755304190aac6e065ef70f5c5,ord_dataset-c5b00523487a4211a194160edf45e9ab,543,b536b411ce2a418043cbe58a746d99dfda8b01dfa36cfda7b284b42fc4b2ada7
1225,ord_dataset-c5b00523487a4211a194160edf45e9ab:ord-db8e2a470b864072b8784b790d00eb87,ord_dataset-c5b00523487a4211a194160edf45e9ab,303,dd283d84f57b302e3642386b65e806012af0ea6c60a1afbc861e422f01be685d
1226,ord_dataset-c5b00523487a4211a194160edf45e9ab:ord-dbc6554674874d318cde000063f13898,ord_dataset-c5b00523487a4211a194160edf45e9ab,101,53f90c954e49d01b2759db522d50a7e67d0f5dbfe15b7f48a4ff6404ccc93ffe
1227,ord_dataset-c5b00523487a4211a194160edf45e9ab:ord-dc173ab7bb7a4afca231f93ac7265c25,ord_dataset-c5b00523487a4211a194160edf45e9ab,47,9aa5740f3dc98794f6fc667132a931ad48ce1c08cd531d2029236484ee98fb88
1228,ord_dataset-c5b00523487a4211a194160edf45e9ab:ord-dc5362fc2a1e406393cc90dff74510f4,ord_dataset-c5b00523487a4211a194160edf45e9ab,808,8c75b56af6a5d8a2ad2318dd91b737fa510a4063b281d36c2a3828bfa2279dd8
1229,ord_dataset-c5b00523487a4211a194160edf45e9ab:ord-dcd39ddabeaa4a2b85620c8dc6a3e8a7,ord_dataset-c5b00523487a4211a194160edf45e9ab,1157,b87c8a4a6eac596ff274cfb5ee4b149624d1877f035fc3893d08ec33575fd1ac
1230,ord_dataset-c5b00523487a4211a194160edf45e9ab:ord-dcefcd9a49944f328959d6238c1294b8,ord_dataset-c5b00523487a4211a194160edf45e9ab,1204,be8a568cf5f7f3f49d5be1bd1fd16aa304d7635565817e5373097817db72b98a
1231,ord_dataset-c5b00523487a4211a194160edf45e9ab:ord-dcf98c5c2002400bac7404952a0ff1cb,ord_dataset-c5b00523487a4211a194160edf45e9ab,574,df23e880fa9506a265ff89f0be280a5cd3a1f0140f2a388048b42861c8f95753
1232,ord_dataset-c5b00523487a4211a194160edf45e9ab:ord-dd09dbe2b152431f8bdb9f078e3d9a96,ord_dataset-c5b00523487a4211a194160edf45e9ab,531,5961bfae72f8d203fb24362d01c7aedfdfc7c96626158952e5d3a595b734f3fe
1233,ord_dataset-c5b00523487a4211a194160edf45e9ab:ord-dd1755bf0e9749c0a2063f886b8710fd,ord_dataset-c5b00523487a4211a194160edf45e9ab,601,00ebdff5d5212ac7aa7ac043badf3a93ec27e349229a4c53ee66424a7c43181b
1234,ord_dataset-c5b00523487a4211a194160edf45e9ab:ord-dd284e4e004543d09642a25e1a64faf9,ord_dataset-c5b00523487a4211a194160edf45e9ab,989,3182ff004763c33bb6cf639259d1208f29f8445906d52b68c8525f922fe59faa
1235,ord_dataset-c5b00523487a4211a194160edf45e9ab:ord-dd7323bf569b44c88c28d5b8fc28491b,ord_dataset-c5b00523487a4211a194160edf45e9ab,566,2c4e1081af9b8611eb1fc6c258971968491f7366e6dc0e633b23ff523bf94abb
1236,ord_dataset-c5b00523487a4211a194160edf45e9ab:ord-dd7b3268ca8f4a6bb80595ea61ef8ca3,ord_dataset-c5b00523487a4211a194160edf45e9ab,1260,5ffef96a6da764252e6aa67cbb2df8dd7a9a0a3a70e96e417b5f2f6388711fe2
1237,ord_dataset-c5b00523487a4211a194160edf45e9ab:ord-ddacd02b435b459d847efcf06a1dd546,ord_dataset-c5b00523487a4211a194160edf45e9ab,774,9ecb4611d87a22adc5b109962d8228e5b81d234f0a2f01e9b04652549f19b42b
1238,ord_dataset-c5b00523487a4211a194160edf45e9ab:ord-dde8484553fc4e12b7e8c5daa5833fde,ord_dataset-c5b00523487a4211a194160edf45e9ab,338,f5cb0bec36d8a943d11f7e9937ce3cf7588facfdd034c7ce3d31fc063056dcc9
1239,ord_dataset-c5b00523487a4211a194160edf45e9ab:ord-ddf57500936643e2b951aa0fd6aaeb29,ord_dataset-c5b00523487a4211a194160edf45e9ab,832,f12819212d59a28d18924bb52d4fedc59abd7f326078852fb0864c55114fcdfd
1240,ord_dataset-c5b00523487a4211a194160edf45e9ab:ord-ddfac7bbfdd94364b91dde0a8b719c12,ord_dataset-c5b00523487a4211a194160edf45e9ab,64,5290b8ccd8ac92a9655e2f12fa5774667c3d58039f04b046585344ffe9831ff1
1241,ord_dataset-c5b00523487a4211a194160edf45e9ab:ord-de0ee11943e64b99b5304b768e7dfc21,ord_dataset-c5b00523487a4211a194160edf45e9ab,1264,88548d45a3f94101018f82377ea32f3e81616744518354486246fe40975cb06e
1242,ord_dataset-c5b00523487a4211a194160edf45e9ab:ord-de45398b0dd54661a0951475e939026e,ord_dataset-c5b00523487a4211a194160edf45e9ab,719,2eb14b7f6d896bb3383e9d70f0574e30973640eefae7422dcdde7d20f239e324
1243,ord_dataset-c5b00523487a4211a194160edf45e9ab:ord-de61914fecf243a88cfe0984e53786ad,ord_dataset-c5b00523487a4211a194160edf45e9ab,121,60f247e4a3e900d7212a7903b67e53aa5da252c4751039928ed7f61d9804e8dd
1244,ord_dataset-c5b00523487a4211a194160edf45e9ab:ord-de8e16ccece842a58751fbce41832006,ord_dataset-c5b00523487a4211a194160edf45e9ab,1147,9c2ebcac792f4195ec46b80fbe371fd01059547b8255dc8821180cace60409a0
1245,ord_dataset-c5b00523487a4211a194160edf45e9ab:ord-deace14ca1c340c79b9047085c9e2ed0,ord_dataset-c5b00523487a4211a194160edf45e9ab,944,9266f67d9e31a56b8efeb5a1ae483e3591642302b685ea3658b0b9cdd692e4d3
1246,ord_dataset-c5b00523487a4211a194160edf45e9ab:ord-deb793f040e44c0f8cef6af107cbfb0a,ord_dataset-c5b00523487a4211a194160edf45e9ab,177,9f4d0c641b9dd09dec0b78cb4836d5c2b92f4c75a9e4ed07dc89ef2e13d43f80
1247,ord_dataset-c5b00523487a4211a194160edf45e9ab:ord-deeb9812a1ba4c4392d660fbb7de11b1,ord_dataset-c5b00523487a4211a194160edf45e9ab,481,732b28575f6a330561cb42fbff914ae4ac0162e8b1e64f93187c564c31f0e3fd
1248,ord_dataset-c5b00523487a4211a194160edf45e9ab:ord-df3b5daab24646d2a17c09cf27eacdab,ord_dataset-c5b00523487a4211a194160edf45e9ab,313,546b2b32ed0eca7fd1a21cbe7e8d3c734db155e3c5fefd6829c34420484902bb
1249,ord_dataset-c5b00523487a4211a194160edf45e9ab:ord-df6f229dd99145c7aa0571def1b2c490,ord_dataset-c5b00523487a4211a194160edf45e9ab,339,9805027ea937208207020b22de1800e9379ae370ffc0ad480d4a92f112907617
1250,ord_dataset-c5b00523487a4211a194160edf45e9ab:ord-df7de64107474310be238441327f30a7,ord_dataset-c5b00523487a4211a194160edf45e9ab,1132,ed6a5c94a39690f4f59ce7bfc05beabea991f25250846c217f99b4fe345286e2
1251,ord_dataset-c5b00523487a4211a194160edf45e9ab:ord-dfa162a380be4ecfbef996ed17cde7e5,ord_dataset-c5b00523487a4211a194160edf45e9ab,1074,d42e7d36526e854a03bf71e721dcb553e50f61659ceff1c50ed2aebf40168b1e
1252,ord_dataset-c5b00523487a4211a194160edf45e9ab:ord-dfbd1b02bf794262ad52fed119e1820a,ord_dataset-c5b00523487a4211a194160edf45e9ab,872,eb0aad220507a722662ef77a6076dac07f2ffd8f43479b232f0a34cb49dd2dae
1253,ord_dataset-c5b00523487a4211a194160edf45e9ab:ord-dfbd8a0983c44188a549d46bdb9e51b5,ord_dataset-c5b00523487a4211a194160edf45e9ab,1340,ab82d562f20377f7e35463139bc1229536f5c2a64be9f0b028c865974da80283
1254,ord_dataset-c5b00523487a4211a194160edf45e9ab:ord-dfc86931d5bf4faa87fa42c1819d2ffb,ord_dataset-c5b00523487a4211a194160edf45e9ab,637,e402ce89a1c052a0fa23eb61dbf42d2c144f7eb5653398b3f71f923925f5f6b1
1255,ord_dataset-c5b00523487a4211a194160edf45e9ab:ord-e00f6d0537914090a6f133bc2d5953f4,ord_dataset-c5b00523487a4211a194160edf45e9ab,933,259ae73167f6535884d0c898662782f4980144e9d0f7f91b458a26b0d5c2f398
1256,ord_dataset-c5b00523487a4211a194160edf45e9ab:ord-e014bf827a93482baa9de76e63677622,ord_dataset-c5b00523487a4211a194160edf45e9ab,1066,5c8d898dca8284df9f40a50f79b205e3037e7afc4bf7ac46aeb38ce01fad39ef
1257,ord_dataset-c5b00523487a4211a194160edf45e9ab:ord-e029995a7bdd441eb8867240845f0ae8,ord_dataset-c5b00523487a4211a194160edf45e9ab,980,e0724b09d0ac1bdf58d20726b1435ba39d53c1a84250a44d72fd16b067e9ff2c
1258,ord_dataset-c5b00523487a4211a194160edf45e9ab:ord-e0453e1189be455bb9b994895953902c,ord_dataset-c5b00523487a4211a194160edf45e9ab,799,b7b6520d2d3bfc9cd2cba672c9142047747ca68b376fde286f2a7fed2774cd20
1259,ord_dataset-c5b00523487a4211a194160edf45e9ab:ord-e0483e6cfb1740e785c5f9595a5594b3,ord_dataset-c5b00523487a4211a194160edf45e9ab,365,dac62b6bd24b9e2e4f4658c8b0f355188e64c197f35fa511dbf2a507e3069de0
1260,ord_dataset-c5b00523487a4211a194160edf45e9ab:ord-e051788607bf41839da88bd81468b757,ord_dataset-c5b00523487a4211a194160edf45e9ab,1125,687b077d2d9660b5bf46c9ad583055941bacf7e6cfec1b219621fce2e82a7e9c
1261,ord_dataset-c5b00523487a4211a194160edf45e9ab:ord-e080386cb53343a0afd2d96c6e01aa78,ord_dataset-c5b00523487a4211a194160edf45e9ab,1111,f4128cd77821efc21b7feff1974468a1386a4352d0aa5bae7742ea7d172b794c
1262,ord_dataset-c5b00523487a4211a194160edf45e9ab:ord-e08347c0b5854a6b939a4950d502f564,ord_dataset-c5b00523487a4211a194160edf45e9ab,900,72060bca8fac92cd46477623f6ff01f338b22659cde10f3ab3aca665602e2d1d
1263,ord_dataset-c5b00523487a4211a194160edf45e9ab:ord-e0a32a377ef2482f91ef74425088ee39,ord_dataset-c5b00523487a4211a194160edf45e9ab,280,f13684a948ab20617bf06c6b8d8591379dfe8f56db61f71ba3ce131fafec0b5f
1264,ord_dataset-c5b00523487a4211a194160edf45e9ab:ord-e0b5d27332da44a3a0fbf56f302995ea,ord_dataset-c5b00523487a4211a194160edf45e9ab,823,728a784ebf3e4291f5482f317bf5c0a30b212d2c48d9e0396c92d39eb07c42f4
1265,ord_dataset-c5b00523487a4211a194160edf45e9ab:ord-e14ce6abb0b642d3ac78a7d9ec8480e7,ord_dataset-c5b00523487a4211a194160edf45e9ab,1151,b58e91e5c671f79822dc25608a4ba119a67453c48dd8f056d77741819b197d0e
1266,ord_dataset-c5b00523487a4211a194160edf45e9ab:ord-e15b9852a1094cd1a7a2d6ed8318254c,ord_dataset-c5b00523487a4211a194160edf45e9ab,53,768c0558304815b5bdfddc28297d3503b5bae5a2dbc788cc55e43db02766da48
1267,ord_dataset-c5b00523487a4211a194160edf45e9ab:ord-e1620a3a37534bbf891abb2e23e3f720,ord_dataset-c5b00523487a4211a194160edf45e9ab,39,4294fad769e49f31795838d4882daa39915d4e4a85bbf2fba2c52cdd072c9878
1268,ord_dataset-c5b00523487a4211a194160edf45e9ab:ord-e1800ff8aea54fdcba6c906e11c871f7,ord_dataset-c5b00523487a4211a194160edf45e9ab,1118,bfa156f03c1535082455b119f830e6e415278d9db17499d9f4974397235e9831
1269,ord_dataset-c5b00523487a4211a194160edf45e9ab:ord-e1899bad612e4404a3949665bdee80de,ord_dataset-c5b00523487a4211a194160edf45e9ab,1212,9266645bd6cd1d19d0cbc6f4120607baff718787d38a44e60a29ada255814428
1270,ord_dataset-c5b00523487a4211a194160edf45e9ab:ord-e1e51b33208c4847932de72c411cd64c,ord_dataset-c5b00523487a4211a194160edf45e9ab,576,c7f70bfca4680c9ac76497ffa973bed194c967c37cd64c135e549e7bbc988953
1271,ord_dataset-c5b00523487a4211a194160edf45e9ab:ord-e1f8157d2d044548b0f8934eccc80754,ord_dataset-c5b00523487a4211a194160edf45e9ab,1069,21bcc884085055b4a1f80bc9162eecfb72debf5e4d856648533ebf2503cccd91
1272,ord_dataset-c5b00523487a4211a194160edf45e9ab:ord-e20c5df6d3e7450ca15ad189279f3ae6,ord_dataset-c5b00523487a4211a194160edf45e9ab,1155,12d8cbe8f7dde04c69645caaee5599d1918f37fb7f6b036258bbe31ebc37e670
1273,ord_dataset-c5b00523487a4211a194160edf45e9ab:ord-e2b45a67f71a4d9b8e58167a9c6f416a,ord_dataset-c5b00523487a4211a194160edf45e9ab,1022,1ee2ca7a9182709deb5ab4fbc6f3713ac16a6ceaf703fb0227d648d65c53536c
1274,ord_dataset-c5b00523487a4211a194160edf45e9ab:ord-e308f34da0e946d0a21d863db1e42fd9,ord_dataset-c5b00523487a4211a194160edf45e9ab,1060,c54f3ff08c91ddbffe25c265f0a7d30354c555a6260be3363e21e5f2ea3b5e0c
1275,ord_dataset-c5b00523487a4211a194160edf45e9ab:ord-e32010d56e764d9aa9ba0fbb73d831cd,ord_dataset-c5b00523487a4211a194160edf45e9ab,898,aff4107788d4f34bfddd5f03f5c38835821893b912d01bab063d0522d4f5e260
1276,ord_dataset-c5b00523487a4211a194160edf45e9ab:ord-e364b25dd8514a77a1629e463a219057,ord_dataset-c5b00523487a4211a194160edf45e9ab,1129,99d1c0953c0947f212c91c55f540747801ec7dd6514e0ab189d18793ad7646ff
1277,ord_dataset-c5b00523487a4211a194160edf45e9ab:ord-e375fa60d1d14e8a9bb2fe8c9d641dac,ord_dataset-c5b00523487a4211a194160edf45e9ab,175,22dc338492805aab49de31cc0ff7927ce49c0222b361e01fa8588d2fd9f06a85
1278,ord_dataset-c5b00523487a4211a194160edf45e9ab:ord-e3b2d1dac99a4030b9c24af087e52159,ord_dataset-c5b00523487a4211a194160edf45e9ab,565,c2e2244301b1c4619b1129352dc9dcb14554f960e34888b508636b592af9ce52
1279,ord_dataset-c5b00523487a4211a194160edf45e9ab:ord-e3bc2dbe4f6243b18ea8d8ebbe4dbcb0,ord_dataset-c5b00523487a4211a194160edf45e9ab,530,afa980f8930c1c0b40f2f0c5dba9748592561f92f1387a37f135f76896fa40e4
1280,ord_dataset-c5b00523487a4211a194160edf45e9ab:ord-e3c98ae4b30049e2a51f914ca91c6885,ord_dataset-c5b00523487a4211a194160edf45e9ab,1167,ef451364a3ea9f75e99f5daf824ba227ffe7c7bf35e07172cb29e58ce9d702ef
1281,ord_dataset-c5b00523487a4211a194160edf45e9ab:ord-e3efbc0d68ab44dd861c0bdfef4dbb19,ord_dataset-c5b00523487a4211a194160edf45e9ab,146,5113449bd7a3a1d709694ec2afe9e707a4418bc9513b6eb2ffb7dc919bd16d7f
1282,ord_dataset-c5b00523487a4211a194160edf45e9ab:ord-e4229b39097b467a98f10ab5e8e2eac2,ord_dataset-c5b00523487a4211a194160edf45e9ab,1097,f40016c6a8424950abe894df56bbf919d95e3cb1fe6022f24867b7e6e239affa
1283,ord_dataset-c5b00523487a4211a194160edf45e9ab:ord-e43e762a61ca4b47bbc56d8340f02819,ord_dataset-c5b00523487a4211a194160edf45e9ab,855,19ddfd6defbf60c8ab1123d0cbdba1fa07ca9f87f75886b85b8cf62fec4907e9
1284,ord_dataset-c5b00523487a4211a194160edf45e9ab:ord-e4555cc9ccaa48f2aeaf3d2353fd2acf,ord_dataset-c5b00523487a4211a194160edf45e9ab,502,df1325326cbcc6a5fc708b46da7d10d228dab2e43c7c76d83ddba0bf3fdfc3e6
1285,ord_dataset-c5b00523487a4211a194160edf45e9ab:ord-e4b9c1c6d77f42178675aff1c30819b6,ord_dataset-c5b00523487a4211a194160edf45e9ab,769,9bcee46c6e750eb0ada372e34ed12c63bcf3708019b4ec02efb04d6120c10a77
1286,ord_dataset-c5b00523487a4211a194160edf45e9ab:ord-e504c846362b45a0a8b54222956ac32f,ord_dataset-c5b00523487a4211a194160edf45e9ab,262,a1a1fa8bbce6396cdb433e343741cde309b2bec8f85f36099d908f03b144cf86
1287,ord_dataset-c5b00523487a4211a194160edf45e9ab:ord-e5250ce744644ae8b1dd6421c301f727,ord_dataset-c5b00523487a4211a194160edf45e9ab,1041,0d9965edcbe9fc1dfd0e1cda19c79d2ce9dcf54db51c46f5c3a4f9b1e4e43bc8
1288,ord_dataset-c5b00523487a4211a194160edf45e9ab:ord-e58a1a6c56414448af136b5e030e7c04,ord_dataset-c5b00523487a4211a194160edf45e9ab,440,9125574f1a4576860fab7b244de7be197859ee877475a34ba120206b543f65c5
1289,ord_dataset-c5b00523487a4211a194160edf45e9ab:ord-e5e7c1ad7c1d4ababd404e885e873b2e,ord_dataset-c5b00523487a4211a194160edf45e9ab,1258,90ea38b303a6c120f3c9efad440681b373c2378d129ff3462a29674e296f2320
1290,ord_dataset-c5b00523487a4211a194160edf45e9ab:ord-e60e6d174ce5499585d1bedd71b09d42,ord_dataset-c5b00523487a4211a194160edf45e9ab,608,68337b3c0475626f8b0e1c4b0ac3afabef6af0edcf2acc4da4b1d1647554fcff
1291,ord_dataset-c5b00523487a4211a194160edf45e9ab:ord-e674b3d5317d4e14ae57dd960314ce87,ord_dataset-c5b00523487a4211a194160edf45e9ab,434,ef3294f1c9e0f4e874630321b390617c4f85ad78c868196e858bcddea346a5a6
1292,ord_dataset-c5b00523487a4211a194160edf45e9ab:ord-e699e94b12af4bb7bb4d11c8ad7a533d,ord_dataset-c5b00523487a4211a194160edf45e9ab,115,129d938de1536b427e14f17c3d8d1126dcc7d22b810e8abcd0711d4bbce5ad3d
1293,ord_dataset-c5b00523487a4211a194160edf45e9ab:ord-e6d20279db8a41e9896aa218c94906c8,ord_dataset-c5b00523487a4211a194160edf45e9ab,166,46a9e066d1cdae61e93af4233de741e06b6fe8d56bd191881d049869f5f425c9
1294,ord_dataset-c5b00523487a4211a194160edf45e9ab:ord-e72d91a225e341ad915c30bbe5e18ed7,ord_dataset-c5b00523487a4211a194160edf45e9ab,834,cd0efd400c9bcceecb0ceea2e3e33ec19db2f82cb2f0d03774aecd65c204abd7
1295,ord_dataset-c5b00523487a4211a194160edf45e9ab:ord-e7752f56bfef4498ba026273049df0d6,ord_dataset-c5b00523487a4211a194160edf45e9ab,272,455a950ef99c21161a42e4184e910e612a87775ec3d0da292dcdf0ea69beaa61
1296,ord_dataset-c5b00523487a4211a194160edf45e9ab:ord-e79c62c96460469b9f52c5744b76e94d,ord_dataset-c5b00523487a4211a194160edf45e9ab,413,0403eb929d7e0fc1c38fe1ef7b3ae56f7db01bb6feecbaa87274e36d5214fc75
1297,ord_dataset-c5b00523487a4211a194160edf45e9ab:ord-e7afc28a7a1c48d9aa56232ef68aecda,ord_dataset-c5b00523487a4211a194160edf45e9ab,267,49d2aec8196d1404ca7c7eb93d30bfdefa647e1d8503c7a0597b9dd6b4ff5247
1298,ord_dataset-c5b00523487a4211a194160edf45e9ab:ord-e7cd0dc80d194b2fa6336f1f0a9f8a8f,ord_dataset-c5b00523487a4211a194160edf45e9ab,1197,1002ecb48d461e9cc9971911b654d6d4f06312009e3cfb556fb6d39cb4a992cd
1299,ord_dataset-c5b00523487a4211a194160edf45e9ab:ord-e87a1faff2a343dd9f3544d2df3a49e7,ord_dataset-c5b00523487a4211a194160edf45e9ab,1005,7a01baadc6b782487e35ce07228eca245d76399f46bbb8c030d57ad7b10e42a0
1300,ord_dataset-c5b00523487a4211a194160edf45e9ab:ord-e87dc1ff65ff4be4ba8f70e35d1498ce,ord_dataset-c5b00523487a4211a194160edf45e9ab,1357,3147dc896321bdf834109aadf7617227c708cea12f91ca81b464d29206834239
1301,ord_dataset-c5b00523487a4211a194160edf45e9ab:ord-e8c27483219a4dfeace752dc3fb122b8,ord_dataset-c5b00523487a4211a194160edf45e9ab,669,b835f6bc90611c195ca6e7f2f273a39dc4693f487c2593ff6a3f16b0f1856459
1302,ord_dataset-c5b00523487a4211a194160edf45e9ab:ord-e8eed66fcaf4473db7a753e45a58ea07,ord_dataset-c5b00523487a4211a194160edf45e9ab,583,0609e0a91fe34004960e63188356e3c4b595873dee4011be0ba811b810c1f166
1303,ord_dataset-c5b00523487a4211a194160edf45e9ab:ord-e8f9056796b8440695309b838d1e49de,ord_dataset-c5b00523487a4211a194160edf45e9ab,1162,a1396bedf57fa26068459161fca4336fc47a878d281c9c4236c6133ad5a88b5c
1304,ord_dataset-c5b00523487a4211a194160edf45e9ab:ord-e91676e26b794142a19f21c97ceb5ecc,ord_dataset-c5b00523487a4211a194160edf45e9ab,448,3047dfe2cf0fb3431db4db3b0c4b06f84871414d704c169fd39e4704c96c03cc
1305,ord_dataset-c5b00523487a4211a194160edf45e9ab:ord-e92fa0ec4b4d4cc383c3486df15960d6,ord_dataset-c5b00523487a4211a194160edf45e9ab,297,6f260f2e2c4f126645859da3bd1aab68e5e5e050325c210463ccccb18eb8c3c7
1306,ord_dataset-c5b00523487a4211a194160edf45e9ab:ord-e9b64f953d57401b9d8ca685522af0bf,ord_dataset-c5b00523487a4211a194160edf45e9ab,352,423ed1b104c4153e6d04d42b340b374e730e74aad3112930ac2caf4736303043
1307,ord_dataset-c5b00523487a4211a194160edf45e9ab:ord-e9ce89260f364a80acff62f1df26665f,ord_dataset-c5b00523487a4211a194160edf45e9ab,874,0394f64d6ed670b38b4e49951f065b2258c8d9b344801e31a3d6155915b8387a
1308,ord_dataset-c5b00523487a4211a194160edf45e9ab:ord-e9f0c1a7835a4e80b67fdaa557494895,ord_dataset-c5b00523487a4211a194160edf45e9ab,264,49811efe8532cfd016e287eebc4e3a85da33a285430072f156c6c06719b3a49b
1309,ord_dataset-c5b00523487a4211a194160edf45e9ab:ord-ea1a63d7ea634bc78f3ded7315dc51bd,ord_dataset-c5b00523487a4211a194160edf45e9ab,840,e1637e96d7ab13f3e8a7886ae341dd52c1a281654cc5acda83e1b63f32d18dd7
1310,ord_dataset-c5b00523487a4211a194160edf45e9ab:ord-ea36a24a493d47d7a46424f3e2bfcce9,ord_dataset-c5b00523487a4211a194160edf45e9ab,666,c293c0bec8fef3e7af92956d390920bd1aa85e2de591b67519442552d4821578
1311,ord_dataset-c5b00523487a4211a194160edf45e9ab:ord-eacd29453e664d47be6913e78c1e52fc,ord_dataset-c5b00523487a4211a194160edf45e9ab,936,6d040f49df6140445bd9739c1e173c4256a84f8393fdbf03a6914786ca1adad5
1312,ord_dataset-c5b00523487a4211a194160edf45e9ab:ord-eaf606e5d4e2410991a9b19307003b6b,ord_dataset-c5b00523487a4211a194160edf45e9ab,620,440873b564bfb7bbdacaefcf182644cd7a01880b5336fd62b453681f167f30f2
1313,ord_dataset-c5b00523487a4211a194160edf45e9ab:ord-eb38bdf7786b4ee0a3c3a78f75719d23,ord_dataset-c5b00523487a4211a194160edf45e9ab,1252,f9579ffe964a3913f14b3e27185b70486693d0a0cdc13fb9e4b064278a39d219
1314,ord_dataset-c5b00523487a4211a194160edf45e9ab:ord-eb4878c2dd734162a72e48548df3692c,ord_dataset-c5b00523487a4211a194160edf45e9ab,151,85405a743bc1e4af11877806cdccbd6ba28555dbc8753c7a5d47a67326a9bf05
1315,ord_dataset-c5b00523487a4211a194160edf45e9ab:ord-eb48cfbb58f940fa89460d9e330133fc,ord_dataset-c5b00523487a4211a194160edf45e9ab,766,d7b5b5877653f68a3743530719f5ef4dee80bd961c852ce4076e257e59782e33
1316,ord_dataset-c5b00523487a4211a194160edf45e9ab:ord-ebb3d74884b54967a21f6b842dffca59,ord_dataset-c5b00523487a4211a194160edf45e9ab,1386,753ee77f2a6dcea01a12551bd4ea2d569b36e731b3a4689ac16e7c121b800026
1317,ord_dataset-c5b00523487a4211a194160edf45e9ab:ord-ebbc9445d2b0450ea445e26948a08b59,ord_dataset-c5b00523487a4211a194160edf45e9ab,861,290442c6e2baf55a9ea815f38814ea835f249df8872b287642f60d609d2eab5b
1318,ord_dataset-c5b00523487a4211a194160edf45e9ab:ord-ebbf96c1d40442f0b8ddc59a18fda68c,ord_dataset-c5b00523487a4211a194160edf45e9ab,922,b7238a4c8e77a7f52ce1ba94b21bbb78c9984b2c6ae54e7370a0152894f3e00d
1319,ord_dataset-c5b00523487a4211a194160edf45e9ab:ord-ebd6faf1ca414d05addbc82dff64b796,ord_dataset-c5b00523487a4211a194160edf45e9ab,1310,fbae72464fbd872a1327f1cf2c715dede85a1b2b907fc044dcdbf5c406006a0a
1320,ord_dataset-c5b00523487a4211a194160edf45e9ab:ord-ec064adbb729463488d3e2b6dfeac50f,ord_dataset-c5b00523487a4211a194160edf45e9ab,52,ce0612310b800f1738d2c68cc9199ee9f061a70c3d228a0c557bea9a77b57845
1321,ord_dataset-c5b00523487a4211a194160edf45e9ab:ord-ec83c4ad42ae4a17af5919c0a5481d89,ord_dataset-c5b00523487a4211a194160edf45e9ab,1090,4cdcc12ac9676e8db0c4640a89763a78559ea454145accb14513cffecd33b6b7
1322,ord_dataset-c5b00523487a4211a194160edf45e9ab:ord-ec8467b9a1b14f6cbf4938ebbe249a55,ord_dataset-c5b00523487a4211a194160edf45e9ab,623,91bcd232494c5c6f62ff74765ad2287c84b18822df7797b443fe5998075a32fe
1323,ord_dataset-c5b00523487a4211a194160edf45e9ab:ord-ecd16c433c85487fa7344a64c06ed34f,ord_dataset-c5b00523487a4211a194160edf45e9ab,1282,6070bae43ecdefe770eda2addba8334df4c2c6952f99ea898d50bef008951bf1
1324,ord_dataset-c5b00523487a4211a194160edf45e9ab:ord-ed74c14f60824721be569681bd186b27,ord_dataset-c5b00523487a4211a194160edf45e9ab,54,16ee09ca035baa2176a6e43a42594827f8a6e501406fa55d65ed4a4e42577ad4
1325,ord_dataset-c5b00523487a4211a194160edf45e9ab:ord-ed8eebfb8ccb4092ab1c1249faed83aa,ord_dataset-c5b00523487a4211a194160edf45e9ab,917,b035f438d2468978e061c5b8627e5e51bbbf56268fbb007a2e7c00c2a09a1e3b
1326,ord_dataset-c5b00523487a4211a194160edf45e9ab:ord-ed92738ffce44441b13737a300a72a05,ord_dataset-c5b00523487a4211a194160edf45e9ab,421,9aff0d6a7dbbc2afc60a5563a4f480d549b51612e92ff1786b86f61cf08f5b74
1327,ord_dataset-c5b00523487a4211a194160edf45e9ab:ord-eda0c0cd00a44731a7d24f0c24a7dc1e,ord_dataset-c5b00523487a4211a194160edf45e9ab,708,6bfba6224bc3e77d7057b276cf722d9ac7eb2845aab572a10b87b0e04f69fb8b
1328,ord_dataset-c5b00523487a4211a194160edf45e9ab:ord-ee06f055ce77448a9ba69c5bcff42685,ord_dataset-c5b00523487a4211a194160edf45e9ab,782,519624dae12e04a76341af4db48ec526db1f8793221d44c978c3658015574b75
1329,ord_dataset-c5b00523487a4211a194160edf45e9ab:ord-ee5ea8298c844a9da8f4f935a1e615ad,ord_dataset-c5b00523487a4211a194160edf45e9ab,1103,e2e65986da964efa1eeccf59322acbf92234cda1449cef8992f7ff3959de083a
1330,ord_dataset-c5b00523487a4211a194160edf45e9ab:ord-ee9e80411d574fd799ad38793955e767,ord_dataset-c5b00523487a4211a194160edf45e9ab,103,4c97ae419a58493c7aec2f65399159924172a23b98be3abcf09726e84ce0aa3a
1331,ord_dataset-c5b00523487a4211a194160edf45e9ab:ord-ef08d65d6e8d4e649ecaf5b058ba06df,ord_dataset-c5b00523487a4211a194160edf45e9ab,554,8e90dd76053b067e156a75a83a0eb73d16a9e80f457ed6c84eea4859d6ca9316
1332,ord_dataset-c5b00523487a4211a194160edf45e9ab:ord-ef3dc9a4898643ada86addbceb471629,ord_dataset-c5b00523487a4211a194160edf45e9ab,1063,4d3cd01fac0154f67aba55f2713a5cd7f25a153daaf24e8c909f20d84f0dd2cd
1333,ord_dataset-c5b00523487a4211a194160edf45e9ab:ord-ef706cd793544831910b7771970b6389,ord_dataset-c5b00523487a4211a194160edf45e9ab,1240,2447b478a3c5d99c9293d3a6d761bffd4bac789257ff8a76c61cf21ea0f03882
1334,ord_dataset-c5b00523487a4211a194160edf45e9ab:ord-efb66a5f98b94f2798c6197711b44d1b,ord_dataset-c5b00523487a4211a194160edf45e9ab,1075,739fac05a3a676cfac7eec83ca5c27fdb24eb907d37ee94ac4ed2c5f6b8e3c2b
1335,ord_dataset-c5b00523487a4211a194160edf45e9ab:ord-efd28002720944aab676d7d2b225494d,ord_dataset-c5b00523487a4211a194160edf45e9ab,899,82a362964d70533cdf4cbaf934b9f271463d22240a420407bb33bd2c60fe6052
1336,ord_dataset-c5b00523487a4211a194160edf45e9ab:ord-eff690957d3c4ac8ab0240269262aadd,ord_dataset-c5b00523487a4211a194160edf45e9ab,1237,0e1d2d23fbd2e46cc0221d55c0989d63bd59ef8e292c0ec1756b62a43e500b01
1337,ord_dataset-c5b00523487a4211a194160edf45e9ab:ord-f00c272b9745450f84d13e33000c7330,ord_dataset-c5b00523487a4211a194160edf45e9ab,473,53106053950dac10d6dcef691b1e76db3d478a1a3916d37e77dea82fcd8beae1
1338,ord_dataset-c5b00523487a4211a194160edf45e9ab:ord-f0e989bc11c84d01a1225aa3b97db8af,ord_dataset-c5b00523487a4211a194160edf45e9ab,278,2121d334262d19108a9b7f5df702a3c69bc6ebd4ddc4397f517a04d230d1a4dd
1339,ord_dataset-c5b00523487a4211a194160edf45e9ab:ord-f150d0e65e124a19b46c28b9166891cd,ord_dataset-c5b00523487a4211a194160edf45e9ab,22,39bbb4b6820e571aa0f928d0f5403a370f2e60ef448bfca6637eec843a13bc9c
1340,ord_dataset-c5b00523487a4211a194160edf45e9ab:ord-f1849b723c304129bcbd3a979c63db81,ord_dataset-c5b00523487a4211a194160edf45e9ab,486,f3fc843490727724a114f19dc140f04bbe8edfcbb5c163d369dbffa54231402d
1341,ord_dataset-c5b00523487a4211a194160edf45e9ab:ord-f1a0e85be84c4a29a0a8bcd92001f040,ord_dataset-c5b00523487a4211a194160edf45e9ab,1076,5b730cba65052d153060c08d7a4ca929e11adc1a1c278b3648d3cc873ba95fbb
1342,ord_dataset-c5b00523487a4211a194160edf45e9ab:ord-f1b8d80180814bdf92ac5735a5654d61,ord_dataset-c5b00523487a4211a194160edf45e9ab,407,618778ac39e1f2080c67b046ea428e95a683a9597421117bb783b50f5e74ba33
1343,ord_dataset-c5b00523487a4211a194160edf45e9ab:ord-f1c02885427640ecaf1d4ce34e6220a0,ord_dataset-c5b00523487a4211a194160edf45e9ab,1376,4b51c8c5cc055a4d38846e6dc87bb894ef0ac2af7f263baed39859088754856f
1344,ord_dataset-c5b00523487a4211a194160edf45e9ab:ord-f1c7518984c24970833d3d2a96034cba,ord_dataset-c5b00523487a4211a194160edf45e9ab,515,298497cde9e2124a81aa9f761f95f702a8042500d5662c9aabf0733e463e4911
1345,ord_dataset-c5b00523487a4211a194160edf45e9ab:ord-f2ae3303d1d7489d9842d1be89d47570,ord_dataset-c5b00523487a4211a194160edf45e9ab,433,debeeffd05b7ca7830bc4ba8c7b525f852c2e4c8508bcff54bf4ee92d7c7aa10
1346,ord_dataset-c5b00523487a4211a194160edf45e9ab:ord-f2b4f06feedf48dc9d1e6f78cfe8cdf2,ord_dataset-c5b00523487a4211a194160edf45e9ab,179,f014cb2f6c15f2514dbfa13c50aefd91c78042b647f608b6cb158c435071b4e5
1347,ord_dataset-c5b00523487a4211a194160edf45e9ab:ord-f2d6eebaa8424cba910a6cc6952fdff4,ord_dataset-c5b00523487a4211a194160edf45e9ab,663,6803a3302e58a1748b67b229f33618b1f1c2a669089e39080ff827733b7d98fa
1348,ord_dataset-c5b00523487a4211a194160edf45e9ab:ord-f2ec242ec7d2498d85e9d32a4abbf5e4,ord_dataset-c5b00523487a4211a194160edf45e9ab,737,28ba89ff5e2a41bba69006123076dc08000105e36adfce297db726034db7ab3f
1349,ord_dataset-c5b00523487a4211a194160edf45e9ab:ord-f2f5140437204c69bf2e91cc76234849,ord_dataset-c5b00523487a4211a194160edf45e9ab,1397,f4c438366f173aa860d1fb15c20ae994b6c8de0851d574b1f501aa70cd5ecc4f
1350,ord_dataset-c5b00523487a4211a194160edf45e9ab:ord-f2f7207d3ae14e16a851d97a855def76,ord_dataset-c5b00523487a4211a194160edf45e9ab,3,315577c8060f86dd2ab33ae71766e3ea7ee12f81a0e3babcbb17a8659fdb149e
1351,ord_dataset-c5b00523487a4211a194160edf45e9ab:ord-f3649c78d2a84942b7f4ecde65cb5a86,ord_dataset-c5b00523487a4211a194160edf45e9ab,1390,4d7c574fa9b866a7668e08bc4f0d5bb44fc0b38bae6f8100ea38aec60e85c38b
1352,ord_dataset-c5b00523487a4211a194160edf45e9ab:ord-f38fdd40ebbf407aad40ff4e3df38dbc,ord_dataset-c5b00523487a4211a194160edf45e9ab,787,d23eee030fd2c286d94a91bcd5af901130fe85da2189fb0e4c2801f88e6ced8d
1353,ord_dataset-c5b00523487a4211a194160edf45e9ab:ord-f3d40d2e35814eb88d47357ce077ecca,ord_dataset-c5b00523487a4211a194160edf45e9ab,1266,a5dedeb71ac7fec959df00911477ae656aa8e96bb3f64a7ea120c3f316ee982a
1354,ord_dataset-c5b00523487a4211a194160edf45e9ab:ord-f40fdcefe8704f9ab133ee240fa8a80d,ord_dataset-c5b00523487a4211a194160edf45e9ab,195,5dae8afcb36a9b13e045c28e121e03e928e0f1c143f62a3883eba01069b8d7e6
1355,ord_dataset-c5b00523487a4211a194160edf45e9ab:ord-f4284196f0e148dea233e0a1ba79962d,ord_dataset-c5b00523487a4211a194160edf45e9ab,562,b04948a5f6fa538f730f21c444d0787d3e5906be185ce75fe77064fa3e7cb5e2
1356,ord_dataset-c5b00523487a4211a194160edf45e9ab:ord-f43186ca344d4b35bfc078add589df80,ord_dataset-c5b00523487a4211a194160edf45e9ab,863,8a4f2fdbee67ab159c2c8617258eccb8c0a928ee0d2ceedb2b15914cb193b414
1357,ord_dataset-c5b00523487a4211a194160edf45e9ab:ord-f46073d17c5a4f8488ad92a809317d09,ord_dataset-c5b00523487a4211a194160edf45e9ab,77,3f509dd7e62a63a66cc5ff87e47d267ff8ce25439564227e3ae57cd548257733
1358,ord_dataset-c5b00523487a4211a194160edf45e9ab:ord-f48b05531a80417189d4fc854c246ab0,ord_dataset-c5b00523487a4211a194160edf45e9ab,355,ee54d219d6048f5ef6f9b89c0048fc6081d55d3769aac7961632f3cc4a11f9ce
1359,ord_dataset-c5b00523487a4211a194160edf45e9ab:ord-f4934dc76be94a0383eb9896195b8b61,ord_dataset-c5b00523487a4211a194160edf45e9ab,943,b68be49c3f6c6e05f06ab47edf0a76b181856ae7609e892fcd7b6c33790dda3b
1360,ord_dataset-c5b00523487a4211a194160edf45e9ab:ord-f499523f1acf4063914326f0ba052d75,ord_dataset-c5b00523487a4211a194160edf45e9ab,1253,4910a03f55455d3ec3378f2088f8069225e8b17c34ec5cbd158f2a485a7eea6f
1361,ord_dataset-c5b00523487a4211a194160edf45e9ab:ord-f49987ab5fb44f3a8c4edc1a67a2aed1,ord_dataset-c5b00523487a4211a194160edf45e9ab,715,f9dc240b374c21f01141521b6b8b133190222b85384614a6d7331d6a7073c1bf
1362,ord_dataset-c5b00523487a4211a194160edf45e9ab:ord-f4ad1247b53346e2ae7e7667943cdd17,ord_dataset-c5b00523487a4211a194160edf45e9ab,877,506397b840b6170747269ece1ab4a852caf6280ea76f91caee0a13fbdcc5e601
1363,ord_dataset-c5b00523487a4211a194160edf45e9ab:ord-f58941b3ffe144f5ba462c1a0afb0eec,ord_dataset-c5b00523487a4211a194160edf45e9ab,162,ea2867eb973a7a4e85d18ac9bbf7503ef067a21614d08166a6817a42b2ce5eb9
1364,ord_dataset-c5b00523487a4211a194160edf45e9ab:ord-f58fe521440343dcb108c83ead22fff2,ord_dataset-c5b00523487a4211a194160edf45e9ab,987,652a20a520d94e18514d5d33c0f06759611189da719e2bd22e3272808a68a4ea
1365,ord_dataset-c5b00523487a4211a194160edf45e9ab:ord-f5e5e433b3d24979bd016671896d7f43,ord_dataset-c5b00523487a4211a194160edf45e9ab,206,91ded041dad89212b9368086b83d5e660a4a4b05c8931dd7c4b030e26d3719ac
1366,ord_dataset-c5b00523487a4211a194160edf45e9ab:ord-f5e921c756b54dabbb5805edcef472e2,ord_dataset-c5b00523487a4211a194160edf45e9ab,556,640dd8696b86d65bd1abbad732c5353c1a69e8f7e16a701371690d84707541a8
1367,ord_dataset-c5b00523487a4211a194160edf45e9ab:ord-f603e6501f164526b00fe5253f8a869d,ord_dataset-c5b00523487a4211a194160edf45e9ab,61,a15fa35487ceee1a50b6858e4812267f686fdc32f9f59acc6309b9fbf3f240f6
1368,ord_dataset-c5b00523487a4211a194160edf45e9ab:ord-f61f6688ca4f4b9f8a6d084e956bc2f6,ord_dataset-c5b00523487a4211a194160edf45e9ab,1317,a48bb89173f79f57867a0e8bf494e17e1b05c65a5d1e76a211e2b3de07f3cf22
1369,ord_dataset-c5b00523487a4211a194160edf45e9ab:ord-f63cf841aeb14ecba981016881cd2512,ord_dataset-c5b00523487a4211a194160edf45e9ab,1051,7f271002fe3a655d91f1149430bc4f19fbe3c76cb2700083bf24ea6b925c1537
1370,ord_dataset-c5b00523487a4211a194160edf45e9ab:ord-f649a9280a1e4e09b00602f68f5c300f,ord_dataset-c5b00523487a4211a194160edf45e9ab,634,4a2b218e0bf76e45fafa46bee139dd58d686d2b157cdded84c882be648adf646
1371,ord_dataset-c5b00523487a4211a194160edf45e9ab:ord-f65fb26085564db59a3d01641908b5f9,ord_dataset-c5b00523487a4211a194160edf45e9ab,1244,375d22e92efbd28066aed00d3cc7929d0ef09d940c3f0c2ff7269e47869ea07b
1372,ord_dataset-c5b00523487a4211a194160edf45e9ab:ord-f661292765704de8bd10881430724423,ord_dataset-c5b00523487a4211a194160edf45e9ab,706,8fc2e8229abaa90ea66f8ddde1deabc9ff0f4cffe23c803b8fe790567b058515
1373,ord_dataset-c5b00523487a4211a194160edf45e9ab:ord-f67e191b75a6403c9d85aeb4791d8b3d,ord_dataset-c5b00523487a4211a194160edf45e9ab,1002,d36492abb3a18cfd416309e92e3a7190844265260d93a1d6e7bd20b96fba3dac
1374,ord_dataset-c5b00523487a4211a194160edf45e9ab:ord-f6840c3a7ee84521a5cf928950024c6f,ord_dataset-c5b00523487a4211a194160edf45e9ab,587,ae121a4f00420251259eefcdebdd21252fa8e413004d77f1561e0b721ce621eb
1375,ord_dataset-c5b00523487a4211a194160edf45e9ab:ord-f6878f9526374982a1b25d44cc998ec0,ord_dataset-c5b00523487a4211a194160edf45e9ab,569,095b4ac88428d48948c784e9f7c131a392dfcbd18388762b7f7cfa961845697e
1376,ord_dataset-c5b00523487a4211a194160edf45e9ab:ord-f69b948490534cfabe8a884913f04e7a,ord_dataset-c5b00523487a4211a194160edf45e9ab,686,2b4d86cceb1f09e37d70c2655d3505a6b00437e27015da3098d3167f4033a36d
1377,ord_dataset-c5b00523487a4211a194160edf45e9ab:ord-f6ab9f19134141999dc43feb64352f4a,ord_dataset-c5b00523487a4211a194160edf45e9ab,1280,a7106696c747883d42775a79b6aad660d7bb0433df5125a782113729732f1176
1378,ord_dataset-c5b00523487a4211a194160edf45e9ab:ord-f6d6f461dc844369a65ecde86ca8a5c5,ord_dataset-c5b00523487a4211a194160edf45e9ab,1169,48060944f9e896f6d6a7d3f17cfa3e510a763d964a281c4c11c159a85f9f152e
1379,ord_dataset-c5b00523487a4211a194160edf45e9ab:ord-f6dc8931415346cfa9be7478faa57fe4,ord_dataset-c5b00523487a4211a194160edf45e9ab,358,502b77c5ced56eacf165bbfc487836dfdbf961eb752444a98cf8007e71ba59d4
1380,ord_dataset-c5b00523487a4211a194160edf45e9ab:ord-f6df0eb81adc4e41bf9fab78203b1206,ord_dataset-c5b00523487a4211a194160edf45e9ab,816,fb2697eb4400ad5c82bbf227665a9ca5f6db6eb4e07d253d6e337750fba083b5
1381,ord_dataset-c5b00523487a4211a194160edf45e9ab:ord-f6e926ec5e8a48d491ab09c0086f5558,ord_dataset-c5b00523487a4211a194160edf45e9ab,1134,446d3498255660fba384296a43260e9e6dbb9959aca1a445d9033230cc1ecff2
1382,ord_dataset-c5b00523487a4211a194160edf45e9ab:ord-f700ec748c2f4244b95c5878740d663c,ord_dataset-c5b00523487a4211a194160edf45e9ab,0,5c98ca3087d3e9017ce225f6da0840dd3e1b4be3b166cf600e97ac61f4a0f4be
1383,ord_dataset-c5b00523487a4211a194160edf45e9ab:ord-f70264a644eb48e59a0c2e9d939d82e9,ord_dataset-c5b00523487a4211a194160edf45e9ab,1065,18bfe482270bd04c1a530e7bc1af90c4d4cf7560cb250c27b27abdcabff66fb0
1384,ord_dataset-c5b00523487a4211a194160edf45e9ab:ord-f71c67dda6154d2fa60be49ca3d92241,ord_dataset-c5b00523487a4211a194160edf45e9ab,298,05435ef3a12f5c7aec7962654db4eed9912f0506f2ce0c3a39af684867ee152e
1385,ord_dataset-c5b00523487a4211a194160edf45e9ab:ord-f7448b9f3cf6477b9fffa26ac7ad3ab5,ord_dataset-c5b00523487a4211a194160edf45e9ab,159,2a74050f596d166d2454f9f4ebb3961f3a3fc0bf0741c1e40c65dae0667195e0
1386,ord_dataset-c5b00523487a4211a194160edf45e9ab:ord-f759f030e7e247f48d0f3452e61d534a,ord_dataset-c5b00523487a4211a194160edf45e9ab,1158,61998d578e7e67e6636c19f9eaec639733d4319f28784e6c22d948bc83938f44
1387,ord_dataset-c5b00523487a4211a194160edf45e9ab:ord-f75d9ffc8305451484c6c4d3f21d352f,ord_dataset-c5b00523487a4211a194160edf45e9ab,677,7175c5ae05b5f792e07bedcc6f3a2f427154a6ba37ecce55fe63dec9a4a7b571
1388,ord_dataset-c5b00523487a4211a194160edf45e9ab:ord-f7ea8c8d3a554f73ad411ce33d6a23d5,ord_dataset-c5b00523487a4211a194160edf45e9ab,83,ffbdc0cd86fad8054c66aa258603162e1cfd748e2a13117d91b099ab29ac451f
1389,ord_dataset-c5b00523487a4211a194160edf45e9ab:ord-f830d5eaa7954538af70aacc067cd381,ord_dataset-c5b00523487a4211a194160edf45e9ab,1334,63ad8eda345e21eb2b9361e199b6b09540a9b149b50e492192a676b6d3ea9fa3
1390,ord_dataset-c5b00523487a4211a194160edf45e9ab:ord-f83afb9fd2d446518c00ce082a2f9036,ord_dataset-c5b00523487a4211a194160edf45e9ab,189,544b024c41fc80c95f99cb60ca9592ae9d11076aaa0fe3b7a527e4e3c20c1276
1391,ord_dataset-c5b00523487a4211a194160edf45e9ab:ord-f86091e418e54928853bb3e4a9877f9e,ord_dataset-c5b00523487a4211a194160edf45e9ab,758,0bd7776f8dbbdb5a4a17b991d7016f169050418598a2db0739d579aa8f2a197e
1392,ord_dataset-c5b00523487a4211a194160edf45e9ab:ord-f86d34622d554f608804b98ef117a265,ord_dataset-c5b00523487a4211a194160edf45e9ab,1054,49b10f1f624fb496f8ae10148063e30052ea6edd14a66189be956ff7b9f10561
1393,ord_dataset-c5b00523487a4211a194160edf45e9ab:ord-f8d5fda7fb8842a7beef6750478fabb3,ord_dataset-c5b00523487a4211a194160edf45e9ab,821,2d476cc1c17648374098b120bfa93db3f4c99b444461713e864ab68c6594401f
1394,ord_dataset-c5b00523487a4211a194160edf45e9ab:ord-f8ea651800e945729b89aca5025937c8,ord_dataset-c5b00523487a4211a194160edf45e9ab,550,aae8865149000de643cba7fbfbf3096a00b51cbc3cb6f7bec0f270539b209c4b
1395,ord_dataset-c5b00523487a4211a194160edf45e9ab:ord-f90b95f9bac34c41b4a9d96c7b714af5,ord_dataset-c5b00523487a4211a194160edf45e9ab,363,91f5918a1f6f0b93574085a169baa33f718408a4f784965c83539ac617cb53b0
1396,ord_dataset-c5b00523487a4211a194160edf45e9ab:ord-f95dfce13d4046a9956002538027853a,ord_dataset-c5b00523487a4211a194160edf45e9ab,1160,41a6cf69d792f9a45b2cd6bbabb888fe93e9b9fafe9a93c0b9e86f564a4185f2
1397,ord_dataset-c5b00523487a4211a194160edf45e9ab:ord-f9c880d06fc94167a866cde39d9749e7,ord_dataset-c5b00523487a4211a194160edf45e9ab,498,e3a2ae2a0c2750d0c8d4763fb40134e85e9d039d350bb54e2c0e5302872fcf16
1398,ord_dataset-c5b00523487a4211a194160edf45e9ab:ord-fa5394e492044186ab370a4a0c7073c5,ord_dataset-c5b00523487a4211a194160edf45e9ab,444,90f2b80689fa1643b11d56659e1a9d63e486a084b779d758d517d0442f16bc4e
1399,ord_dataset-c5b00523487a4211a194160edf45e9ab:ord-fa7fafb9101a459ba444a418905c7b50,ord_dataset-c5b00523487a4211a194160edf45e9ab,731,e8443773f5f2380e1ae9997ae28325d02ce9a8028cd426cf45ddc784229de4c9
1400,ord_dataset-c5b00523487a4211a194160edf45e9ab:ord-fa971f2687444d5ba9b2bd7a2561677e,ord_dataset-c5b00523487a4211a194160edf45e9ab,402,48f29cd9cb72f35a844050daf00a3fa08e76868bfab4a83e2cb6cca873b1a710
1401,ord_dataset-c5b00523487a4211a194160edf45e9ab:ord-faa3cb485f07483eb79baed93944f343,ord_dataset-c5b00523487a4211a194160edf45e9ab,286,722a0d9a12e52f428b7f30a2d59744cf6007b7c82a88a4c98c021188ea2900e4
1402,ord_dataset-c5b00523487a4211a194160edf45e9ab:ord-fac42584951c4d2c9b52a0ebd12ca504,ord_dataset-c5b00523487a4211a194160edf45e9ab,1192,ca380c1e28d0bf4997c17b10c4c4948c5daf3329d94bee58b172b4035df97155
1403,ord_dataset-c5b00523487a4211a194160edf45e9ab:ord-fac7d4f4c00a4ba497c8d5fecd9c7e92,ord_dataset-c5b00523487a4211a194160edf45e9ab,220,aa63f11984642b773f6d61429990914faca531aef0103edd10bd319b22e21924
1404,ord_dataset-c5b00523487a4211a194160edf45e9ab:ord-fae0d2e1ce8345929394a36a10cfaaae,ord_dataset-c5b00523487a4211a194160edf45e9ab,667,982d58f3f7f0af9625ae39e7cb2f92d4cd93b9b73d41dd9044c435c4d837184f
1405,ord_dataset-c5b00523487a4211a194160edf45e9ab:ord-fae111278b504e1d83f12f79b27c6a00,ord_dataset-c5b00523487a4211a194160edf45e9ab,540,0f096eadbc393718cef18852a6ac5cf7ad4d36678a28bf6d5a28345bcb12c372
1406,ord_dataset-c5b00523487a4211a194160edf45e9ab:ord-fb71a097fddf4ce784bf06003a61a89f,ord_dataset-c5b00523487a4211a194160edf45e9ab,300,679e2eaf2d442c0683b307ac4ab1bfcda14d302f73eefe56449c0fc80941e5dd
1407,ord_dataset-c5b00523487a4211a194160edf45e9ab:ord-fb887528303e43bdb5d13f4278af103b,ord_dataset-c5b00523487a4211a194160edf45e9ab,1351,3de8255ad3b3a242f8f06a04713c3a220ef5002d13306003434a33f88fd859b7
1408,ord_dataset-c5b00523487a4211a194160edf45e9ab:ord-fbc487a5257b4f0b97d7bf672d1026db,ord_dataset-c5b00523487a4211a194160edf45e9ab,305,3f5fd28110da5f16b297544d362decbe0dd3d7993ce679da6e95cec2da9b957e
1409,ord_dataset-c5b00523487a4211a194160edf45e9ab:ord-fc39b43dca644479a2f344dc4f73e0a0,ord_dataset-c5b00523487a4211a194160edf45e9ab,234,c57db8173d24da6e7a0beadacbca93697e5d84d2de9b80ed70aedb030a3c4f8c
1410,ord_dataset-c5b00523487a4211a194160edf45e9ab:ord-fc4efd3205d54631aafb43b31a0d7881,ord_dataset-c5b00523487a4211a194160edf45e9ab,88,11d1d5ae418a44d355a8e0abd27cd99b18dcd3ee226eaaf4dd7cbff2495be2f0
1411,ord_dataset-c5b00523487a4211a194160edf45e9ab:ord-fc7569c2f92c4121935bb7409cd12288,ord_dataset-c5b00523487a4211a194160edf45e9ab,1287,4c64b7e5d9bf4ee9ff24a36206dc5c2daaee0aeb6bd182b0f92695550b56fb77
1412,ord_dataset-c5b00523487a4211a194160edf45e9ab:ord-fcd84bbe583b4460ab22e6ec42f27fbf,ord_dataset-c5b00523487a4211a194160edf45e9ab,163,7ce166d5142ccfa9a194de352444fd52c3cd3c82a5ccedf896dc5871ab58a995
1413,ord_dataset-c5b00523487a4211a194160edf45e9ab:ord-fd2543e85cf942f2a88cce976fda97c6,ord_dataset-c5b00523487a4211a194160edf45e9ab,391,015f56f4c54886a22103e9bb4b6f70ab41938d50be38fc5ed1cff670608862b1
1414,ord_dataset-c5b00523487a4211a194160edf45e9ab:ord-fd5c2f444b714634907ea2e852c81a6a,ord_dataset-c5b00523487a4211a194160edf45e9ab,419,c5f76140d1cf8626b30f04fa7f215d5ebfffabc1be5d956972778ab371b14eb5
1415,ord_dataset-c5b00523487a4211a194160edf45e9ab:ord-fd865b2afe6d41f8bbc2a6d724f46c07,ord_dataset-c5b00523487a4211a194160edf45e9ab,1047,8879f59296df8f8d95786c056cfdf7328ab26e7bef8fb4eeefffd10736fe8af0
1416,ord_dataset-c5b00523487a4211a194160edf45e9ab:ord-fd874293a3134c659d8e76fd51c6810c,ord_dataset-c5b00523487a4211a194160edf45e9ab,480,92a9cb0487579b7a6c6094842182833a70255ec4e09834cfdfda0fdbcf0b3d9a
1417,ord_dataset-c5b00523487a4211a194160edf45e9ab:ord-fd8bf8b539fb4e98bdb1a946a6df6855,ord_dataset-c5b00523487a4211a194160edf45e9ab,991,8f1d990470f59c92718be76e414f2bb64a90b217ae9af718e74529e012eccd74
1418,ord_dataset-c5b00523487a4211a194160edf45e9ab:ord-fd9363ea508f42a185fc1a269dd46656,ord_dataset-c5b00523487a4211a194160edf45e9ab,1227,6a234c761efcd988ce7361271c066fae8468173112babaf9fb147e2e47f2a6d5
1419,ord_dataset-c5b00523487a4211a194160edf45e9ab:ord-fdc2a7a37d53473dbb0078fa1b605eae,ord_dataset-c5b00523487a4211a194160edf45e9ab,1381,aa7b4dd6db2fc954d54007b2c5ff02c14ccf0143eea94792ea55ef371a0e0271
1420,ord_dataset-c5b00523487a4211a194160edf45e9ab:ord-fddcf71f2d924930a6232cdacaac4c98,ord_dataset-c5b00523487a4211a194160edf45e9ab,918,60ae519448abf6ad528f0a7320b1c373e35584c2af1e5f87efb841c10e27e30e
1421,ord_dataset-c5b00523487a4211a194160edf45e9ab:ord-fdfbcbb16d794b4c8ae1185655d013a2,ord_dataset-c5b00523487a4211a194160edf45e9ab,1328,de0c87790f549cc8d6b39d9546ce5fa91f4d905df16182e510048d6c7b2b18c2
1422,ord_dataset-c5b00523487a4211a194160edf45e9ab:ord-fe5506e6c6444319b0dcf6043dea6189,ord_dataset-c5b00523487a4211a194160edf45e9ab,454,6032d8dcec85052f2374cd517ddded82449610f7e0435297ef0e19ee6c399b38
1423,ord_dataset-c5b00523487a4211a194160edf45e9ab:ord-fe69d581784f49c687bf082835b17e56,ord_dataset-c5b00523487a4211a194160edf45e9ab,1269,1ddd98bded9c57b6264be2df1cd970c46fc94367a0797904b807cd65865b9067
1424,ord_dataset-c5b00523487a4211a194160edf45e9ab:ord-feabf28ab8214b47a8e8c1df2ae099ea,ord_dataset-c5b00523487a4211a194160edf45e9ab,1049,631f9c928eaddf7c55f769d15221ccf6b995df3f2b00e5f31c88a242ad5342d0
1425,ord_dataset-c5b00523487a4211a194160edf45e9ab:ord-fece5a4765a84e2295b9835a01eb7d91,ord_dataset-c5b00523487a4211a194160edf45e9ab,1359,724d99d9b2a80ec5c67559e03fd932a8025407a8aad88c7fb9c482907ea8bdd7
1426,ord_dataset-c5b00523487a4211a194160edf45e9ab:ord-ff50d460da384fa887c3a35050762593,ord_dataset-c5b00523487a4211a194160edf45e9ab,183,72f5f6820296bdd1d4dce9b73c5c9384938dc890b1b7ea4e72c21cfb4c87cbd1
1427,ord_dataset-c5b00523487a4211a194160edf45e9ab:ord-ff5d370897f247e3a12b2e57def21797,ord_dataset-c5b00523487a4211a194160edf45e9ab,1262,7629f5a061f2478b35086f038d2b9ecfb9a9afbea0aa5af628db797e709aec90
1428,ord_dataset-c5b00523487a4211a194160edf45e9ab:ord-ff8d499e215b4a4d87bfbb797e64f7f5,ord_dataset-c5b00523487a4211a194160edf45e9ab,392,468a5414b106928cd028775de8f8454983ac442aac31fec5c0bbcaa9a1e8d64d
1429,ord_dataset-c5b00523487a4211a194160edf45e9ab:ord-ff8f8f7ec0d342ffb299c61ff821790b,ord_dataset-c5b00523487a4211a194160edf45e9ab,1122,ad6514a84d13185c6cc8245457c81c0ace5213bbb0122c4f6415eb58521b834e
1430,ord_dataset-c5b00523487a4211a194160edf45e9ab:ord-ffda2d45e1e24f1e9d8a8daa49adf1c8,ord_dataset-c5b00523487a4211a194160edf45e9ab,801,fc075bb5aba5e2994c799eff220c2b6054a33b03e680eaef524915a926ccaf18
1431,ord_dataset-c5b00523487a4211a194160edf45e9ab:ord-fff14e18d57949a0a4fde14851b10d8f,ord_dataset-c5b00523487a4211a194160edf45e9ab,1018,13e011009c04057384651c3f2df72ac9673b92d234b2ddbe96e252be455fc9e4
