csv_row_number,reaction_key,physical_dataset_id,source_row_index,label_decision_id,campaign_id
2,ord_dataset-7d8f5fd922d4497d91cb81489b052746:ord-00165ceb87ea439483f6e0d39a31ad2a,ord_dataset-7d8f5fd922d4497d91cb81489b052746,1117,55289190e648e1bfe5fdd3f764a2af8ed213ab6f4fef9aee3153f5d2dec7df8d,science_hte_campaign_2a3be0de5f5e
3,ord_dataset-7d8f5fd922d4497d91cb81489b052746:ord-0062a5456bb746aabbb8cd3984e0cbda,ord_dataset-7d8f5fd922d4497d91cb81489b052746,289,267698543d996ff680f4515659c7409d0a750a54177e381edcb5d16fb9006825,science_hte_campaign_8510665e92be
4,ord_dataset-7d8f5fd922d4497d91cb81489b052746:ord-0074292afd3c44c1b294a1d3ddccc64e,ord_dataset-7d8f5fd922d4497d91cb81489b052746,1041,1a7279fdc8cf34b6a6717ca4fd92440a27faf547baba253ad2c6f60948759dfa,science_hte_campaign_a04d9653a525
5,ord_dataset-7d8f5fd922d4497d91cb81489b052746:ord-008a413e9aab4fdc84af6f534e3515b7,ord_dataset-7d8f5fd922d4497d91cb81489b052746,1519,067a12f9dd444f69cf495e0af74feb5e04efed497147731a3043ec6be6749d14,science_hte_campaign_ca267bf88824
6,ord_dataset-7d8f5fd922d4497d91cb81489b052746:ord-00920f63424d4a228e14dec391436893,ord_dataset-7d8f5fd922d4497d91cb81489b052746,1107,5b575011300f0c9912f9dce95b15b8aeb7fddefcb8dce3ba7d47baa98bb19133,science_hte_campaign_2a3be0de5f5e
7,ord_dataset-7d8f5fd922d4497d91cb81489b052746:ord-00933b65204144f1b78db092968084e5,ord_dataset-7d8f5fd922d4497d91cb81489b052746,1266,790a851011c40cfd316f2bb3295f07577681b1aa0d4672894827d08bfafe694a,science_hte_campaign_62bdfe294f99
8,ord_dataset-7d8f5fd922d4497d91cb81489b052746:ord-0099d38286f04821b1f19c55cac33bea,ord_dataset-7d8f5fd922d4497d91cb81489b052746,898,8126027b80763c75d79d4a68f8e93efc6ee315274b20fe07cb18834f250c52da,science_hte_campaign_d8d10c924377
9,ord_dataset-7d8f5fd922d4497d91cb81489b052746:ord-00df90db0b6c4e588b9a9735c46fad59,ord_dataset-7d8f5fd922d4497d91cb81489b052746,1302,d8e638517f883ce19fb67c7b2339d11b784e5cd0e7d88db7d26c2d2d362c8819,science_hte_campaign_62bdfe294f99
10,ord_dataset-7d8f5fd922d4497d91cb81489b052746:ord-00e5aa340d7e4f9fb34f6963cde992d9,ord_dataset-7d8f5fd922d4497d91cb81489b052746,127,ad825c994886e1b860fc7ee9a6b44a311d683c7650150c6ab87c4d16b3c70ded,science_hte_campaign_c99fb883b4d8
11,ord_dataset-7d8f5fd922d4497d91cb81489b052746:ord-012377f3f9df432a9fa7a35c3412d7e6,ord_dataset-7d8f5fd922d4497d91cb81489b052746,480,338e71f048721122f5ad4cca20a6b5e9fc271c1cbf117efca6ed4ea6cff8e076,science_hte_campaign_283f403f90e1
12,ord_dataset-7d8f5fd922d4497d91cb81489b052746:ord-013367151949473089ad272b22f52659,ord_dataset-7d8f5fd922d4497d91cb81489b052746,802,4b3a2a25bf08fbff8d8f1aa51b7c0e60b105830b5d4c02448cdc0b11caba6ccf,science_hte_campaign_97b28884900c
13,ord_dataset-7d8f5fd922d4497d91cb81489b052746:ord-01afa9c818bc4c4bb078d9b083d47acf,ord_dataset-7d8f5fd922d4497d91cb81489b052746,706,c8debf016c691a8da143ac4707ddf1ce645618c0262fc2136b2fcd101716f055,science_hte_campaign_5dd9abf370cb
14,ord_dataset-7d8f5fd922d4497d91cb81489b052746:ord-01c53079190449d0b1489aa6770c8112,ord_dataset-7d8f5fd922d4497d91cb81489b052746,413,81d94d876ffe8dd6a3ff72f45efd616217c839de1426943338a4cde8215fdbbe,science_hte_campaign_aeefa100ca4f
15,ord_dataset-7d8f5fd922d4497d91cb81489b052746:ord-01c657b52d56401ea6519b9a903595b6,ord_dataset-7d8f5fd922d4497d91cb81489b052746,1242,60e07dc31d1864c32f5646a27a048da30ef02f1f71ce29f45ed816473d25359e,science_hte_campaign_6bf2df144d3d
16,ord_dataset-7d8f5fd922d4497d91cb81489b052746:ord-0217f2145ac3425f88fcc52ef9582f4e,ord_dataset-7d8f5fd922d4497d91cb81489b052746,1416,fdf4588f1a138f79e72e317ca8a9a77050bcd94488cedc0cec74fd61bd361303,science_hte_campaign_4dcfd4b46ebc
17,ord_dataset-7d8f5fd922d4497d91cb81489b052746:ord-024f0491157b40ff896b8b3db7294ddf,ord_dataset-7d8f5fd922d4497d91cb81489b052746,929,c300b5af1ee20575abaa7864839cf7a86bae83e260d6a50f7a8101bb6dfcad99,science_hte_campaign_d8d10c924377
18,ord_dataset-7d8f5fd922d4497d91cb81489b052746:ord-02543f437651435c889cf7b4dbb006c4,ord_dataset-7d8f5fd922d4497d91cb81489b052746,277,4039cc0a09ceabe77bcea4103c6b87364efc7981504e46b4ad29dc86387f7cc3,science_hte_campaign_f324e61c5fa2
19,ord_dataset-7d8f5fd922d4497d91cb81489b052746:ord-029af0fe21364df8ace8d8db22c67541,ord_dataset-7d8f5fd922d4497d91cb81489b052746,398,7fa7d3555905e37a46baf0d3b267930a361f3ebf0993654dd2569ba82931aa71,science_hte_campaign_aeefa100ca4f
20,ord_dataset-7d8f5fd922d4497d91cb81489b052746:ord-0304a82f0fa9454b89155b398e842725,ord_dataset-7d8f5fd922d4497d91cb81489b052746,611,f84b3eb4cca4712389c82691a17e3aaed0255c607fbeb20b172d56f0e294a42b,science_hte_campaign_3f02a74dbb14
21,ord_dataset-7d8f5fd922d4497d91cb81489b052746:ord-031a9843a6824cb7acff10801ecdb0c4,ord_dataset-7d8f5fd922d4497d91cb81489b052746,181,5699288a1e2efafc74ade1a33bb3a4263b41d0d67443431fde0ddd27c1fe65eb,science_hte_campaign_c99fb883b4d8
22,ord_dataset-7d8f5fd922d4497d91cb81489b052746:ord-0365de1f87574e8caed3c207658d8223,ord_dataset-7d8f5fd922d4497d91cb81489b052746,281,687df8fcaf5c9afed2e746493aa3204bd663cfd76ea388a97ff59b2ac817a01c,science_hte_campaign_f324e61c5fa2
23,ord_dataset-7d8f5fd922d4497d91cb81489b052746:ord-03d46e1c67cf478096f99f8e6e274c71,ord_dataset-7d8f5fd922d4497d91cb81489b052746,1362,cfb612c2c1e06bd2b56db3d890006c132f3c28c5c5237762dab2d262e6901548,science_hte_campaign_4dcfd4b46ebc
24,ord_dataset-7d8f5fd922d4497d91cb81489b052746:ord-0410de1487d64363bcb974d0e713cd4c,ord_dataset-7d8f5fd922d4497d91cb81489b052746,1479,1850e3f6db13db81f262dff6fcba1a318dffe6de8b08b78b05602e718b5e42ba,science_hte_campaign_ca267bf88824
25,ord_dataset-7d8f5fd922d4497d91cb81489b052746:ord-042798ddf4ee4a9b82990fc392eae587,ord_dataset-7d8f5fd922d4497d91cb81489b052746,666,e7389518eeda3108e01600ddbd8b1a4014c34701dde95f1b652d64299e81f918,science_hte_campaign_3f02a74dbb14
26,ord_dataset-7d8f5fd922d4497d91cb81489b052746:ord-0436eb57b11940978f8750fb380f3071,ord_dataset-7d8f5fd922d4497d91cb81489b052746,868,66d2dfd6ad0b5c95de92a7564f579d0320db8ad96958c575501884dfe903ed16,science_hte_campaign_d8d10c924377
27,ord_dataset-7d8f5fd922d4497d91cb81489b052746:ord-045010f31269428f944e9f0b14c938a2,ord_dataset-7d8f5fd922d4497d91cb81489b052746,579,b2484073dc156ff42453f34cc65554377efc073aa095745e5404a5a3d2011ab2,science_hte_campaign_3f02a74dbb14
28,ord_dataset-7d8f5fd922d4497d91cb81489b052746:ord-0478771f9e384d7bb0b8930a7031efb4,ord_dataset-7d8f5fd922d4497d91cb81489b052746,1156,5f0ce4135f97620a9bd390634214d0a7d86ef7d32800ca57c2a6fbc5f0572973,science_hte_campaign_6bf2df144d3d
29,ord_dataset-7d8f5fd922d4497d91cb81489b052746:ord-04c1735f80f3408da7b4ca90c9bdefd0,ord_dataset-7d8f5fd922d4497d91cb81489b052746,419,429d76c6e38ea3c7c35a1b79bb10190384ac813bff721cb9c21851fbdd1894c0,science_hte_campaign_aeefa100ca4f
30,ord_dataset-7d8f5fd922d4497d91cb81489b052746:ord-04c26c2399da4fc692cf08492ac11fbd,ord_dataset-7d8f5fd922d4497d91cb81489b052746,521,39ed5dd976a8fdbb314f107badab483b7568095bc65905abc91140360becef91,science_hte_campaign_283f403f90e1
31,ord_dataset-7d8f5fd922d4497d91cb81489b052746:ord-04e7df0d02ea43f5bb93918e9f7c1d92,ord_dataset-7d8f5fd922d4497d91cb81489b052746,918,f1214517829c2347d3d883041aa762c6c56ed6df5ffafb697e36c2c07403629e,science_hte_campaign_d8d10c924377
32,ord_dataset-7d8f5fd922d4497d91cb81489b052746:ord-058143d300b54fe6bc19967e767e0f39,ord_dataset-7d8f5fd922d4497d91cb81489b052746,829,abc3b0475b52dbec28d5c4d60bd140ad5a95526119e39fdd0a09ef951d976a0d,science_hte_campaign_97b28884900c
33,ord_dataset-7d8f5fd922d4497d91cb81489b052746:ord-05911d2df8994beda70a7ef8ddf1d78d,ord_dataset-7d8f5fd922d4497d91cb81489b052746,973,8f7ffd00ad3820eaaa6bad3c285372cf2c464e5e22405b77c92f2aad95eb4d31,science_hte_campaign_a04d9653a525
34,ord_dataset-7d8f5fd922d4497d91cb81489b052746:ord-05e49b63873c4286a70e207fdda55ac1,ord_dataset-7d8f5fd922d4497d91cb81489b052746,2,b5b934d8aecc02e84bec45dd50a11ef317c358130986f7945d402c5e8ed240e3,science_hte_campaign_ac8fc337e171
35,ord_dataset-7d8f5fd922d4497d91cb81489b052746:ord-05e74617e97e4e428b87ac7a35dd112c,ord_dataset-7d8f5fd922d4497d91cb81489b052746,851,35408195572031594cec05bfa667af8f4850e12b1fa35be03ce72503ec9c8a7b,science_hte_campaign_97b28884900c
36,ord_dataset-7d8f5fd922d4497d91cb81489b052746:ord-05ef4c57eed1438eb8c24570d7c9c288,ord_dataset-7d8f5fd922d4497d91cb81489b052746,1360,0c1e21a205c9ac786d1a12c3ae0986f5131beffa362b4494e48c2173603f075a,science_hte_campaign_4dcfd4b46ebc
37,ord_dataset-7d8f5fd922d4497d91cb81489b052746:ord-064d0487a9014ea9acbe6e6e2aadbdc3,ord_dataset-7d8f5fd922d4497d91cb81489b052746,1277,5394ec285425c3449750a1662f18071741e9ac97fd43b1beb1a7036fdf96a4f1,science_hte_campaign_62bdfe294f99
38,ord_dataset-7d8f5fd922d4497d91cb81489b052746:ord-06577567c1244d6ba8b0d223f6314eeb,ord_dataset-7d8f5fd922d4497d91cb81489b052746,55,6b314dd2ef186780d4c59d00fd1d1a10ca2dd142536e20049ff2ef4dea2b0e50,science_hte_campaign_ac8fc337e171
39,ord_dataset-7d8f5fd922d4497d91cb81489b052746:ord-06b4292046d04b6081286838667ce45b,ord_dataset-7d8f5fd922d4497d91cb81489b052746,1265,169625e27ec42828247e5b02b61f0498248d168a679468cbe5d04d20d0b56ca4,science_hte_campaign_62bdfe294f99
40,ord_dataset-7d8f5fd922d4497d91cb81489b052746:ord-0728b43901ce4da4bf67dac8e303e8c2,ord_dataset-7d8f5fd922d4497d91cb81489b052746,1478,cf3596d894ad337801201cd72970df2488051a638a59618e51a05bc69f1038f9,science_hte_campaign_ca267bf88824
41,ord_dataset-7d8f5fd922d4497d91cb81489b052746:ord-0762acc9b62b45728f2beed40a00ba7e,ord_dataset-7d8f5fd922d4497d91cb81489b052746,416,1cfe2857089cd3db593bd89ebc613bd0a8e946e8132c93eb9c3191c389155b5c,science_hte_campaign_aeefa100ca4f
42,ord_dataset-7d8f5fd922d4497d91cb81489b052746:ord-07b753f05fbe4e2ca79bd5778447bd2b,ord_dataset-7d8f5fd922d4497d91cb81489b052746,941,726f2614bf2c28eb958128674e8c8d5c3ae078ce6754c11be62db73983c881d9,science_hte_campaign_d8d10c924377
43,ord_dataset-7d8f5fd922d4497d91cb81489b052746:ord-07db4228026949a8b789a6bd207424b6,ord_dataset-7d8f5fd922d4497d91cb81489b052746,1205,82f751cc045f03d8a5d44d1a641bdb1e7159cda86eeeebb36330e442e7beaf28,science_hte_campaign_6bf2df144d3d
44,ord_dataset-7d8f5fd922d4497d91cb81489b052746:ord-07ebd33e7b184931b31c1e85a8de316b,ord_dataset-7d8f5fd922d4497d91cb81489b052746,640,a80b526be9663a3329bf648a4c27a4d91f409f5a404cb4d1a3ce0fa9d4282406,science_hte_campaign_3f02a74dbb14
45,ord_dataset-7d8f5fd922d4497d91cb81489b052746:ord-08060218c61c443397b9882dd1305a2f,ord_dataset-7d8f5fd922d4497d91cb81489b052746,1386,5ce82e3c1b625c0e8a0fd14ca1a4ec54321d3f5c2526fb62f70797e7d94a952d,science_hte_campaign_4dcfd4b46ebc
46,ord_dataset-7d8f5fd922d4497d91cb81489b052746:ord-082b493e3e1949f3b79adf07e406ae3b,ord_dataset-7d8f5fd922d4497d91cb81489b052746,1134,72daaaf9739584cd6414d14211622c0e5f85090e373d9851ca45fc57ca3ab510,science_hte_campaign_2a3be0de5f5e
47,ord_dataset-7d8f5fd922d4497d91cb81489b052746:ord-084c3fed4d174750b117ad5ceda12071,ord_dataset-7d8f5fd922d4497d91cb81489b052746,18,5a2841ecd923e533c17c421138d324b8b28f432c73dcbbf28e0551bfe265cab7,science_hte_campaign_ac8fc337e171
48,ord_dataset-7d8f5fd922d4497d91cb81489b052746:ord-0871cb6712f648268b071c2540716cbc,ord_dataset-7d8f5fd922d4497d91cb81489b052746,567,b9f9de13e3db4536684401d298b3b71ce50d8542094c5b271a5d5870bbd4e426,science_hte_campaign_283f403f90e1
49,ord_dataset-7d8f5fd922d4497d91cb81489b052746:ord-0880688a3da24e12ac1dcf6ad795bc21,ord_dataset-7d8f5fd922d4497d91cb81489b052746,1079,27938d09781f43280641db4baafecd1079c5eb753c73482f737b90fb3e92cdc8,science_hte_campaign_2a3be0de5f5e
50,ord_dataset-7d8f5fd922d4497d91cb81489b052746:ord-08a7b8f6f9904758bb2f052f4e45040c,ord_dataset-7d8f5fd922d4497d91cb81489b052746,92,548a31457abfe6e8d8ebe025b927b85530e36f246eff3493af7eaca971e93cc1,science_hte_campaign_ac8fc337e171
51,ord_dataset-7d8f5fd922d4497d91cb81489b052746:ord-08ab52e53f0545218e6c79f28e9b3bcb,ord_dataset-7d8f5fd922d4497d91cb81489b052746,1521,274b79b93866fa7cb7c21db09babe6facaa19dbd779443239b7ef66f462a7a13,science_hte_campaign_ca267bf88824
52,ord_dataset-7d8f5fd922d4497d91cb81489b052746:ord-08cab4f1bc2c4f4e885d387443e66935,ord_dataset-7d8f5fd922d4497d91cb81489b052746,126,943a1e25fa08516498288424d9a69843f118f653ec94c341372dc1a31bd7bbe7,science_hte_campaign_c99fb883b4d8
53,ord_dataset-7d8f5fd922d4497d91cb81489b052746:ord-08dc1d22ecfb409a84988fe9b7cb1584,ord_dataset-7d8f5fd922d4497d91cb81489b052746,353,15fcbb264ca0c69c82c30e93518ce31e2e2942db113b9f17cd59771e31b25f91,science_hte_campaign_8510665e92be
54,ord_dataset-7d8f5fd922d4497d91cb81489b052746:ord-08e7029cd06f4638af02b36e0d6ed909,ord_dataset-7d8f5fd922d4497d91cb81489b052746,51,681bb6050f4b2a440b8112f99ee85643882879c52620f1afef0295ac42252af9,science_hte_campaign_ac8fc337e171
55,ord_dataset-7d8f5fd922d4497d91cb81489b052746:ord-091c79057a0e4c118a195492418f79a0,ord_dataset-7d8f5fd922d4497d91cb81489b052746,994,ea27dc436189d785c65df4c098ed52e4063146fe5e9c3008dd56560d15cf27d8,science_hte_campaign_a04d9653a525
56,ord_dataset-7d8f5fd922d4497d91cb81489b052746:ord-0921b3f020274752a7fd9cc4230040c8,ord_dataset-7d8f5fd922d4497d91cb81489b052746,5,a43b3ac4441185b5f5dac5c0d3edb494a83eaad551261a66eb14859275b49242,science_hte_campaign_ac8fc337e171
57,ord_dataset-7d8f5fd922d4497d91cb81489b052746:ord-0937f5a5ce2b4bfb9321e1cda70a4193,ord_dataset-7d8f5fd922d4497d91cb81489b052746,1252,8ba0efd85da5286c9cbd006c0d5e3ce2b13b6a73341dfa79882400b7570c483e,science_hte_campaign_62bdfe294f99
58,ord_dataset-7d8f5fd922d4497d91cb81489b052746:ord-0940013d84674f8980f8cc5d2acba9de,ord_dataset-7d8f5fd922d4497d91cb81489b052746,460,3246f9b3464e8e32f3d1b9044d153e7797c9207257823df8d30350d7e238957e,science_hte_campaign_aeefa100ca4f
59,ord_dataset-7d8f5fd922d4497d91cb81489b052746:ord-0999de8912624407bab312a0580949d9,ord_dataset-7d8f5fd922d4497d91cb81489b052746,128,bd5f87156b93ff0fd5eddb8ba0c7cc2c46a6cd5964fa542b187d0cbae2571c02,science_hte_campaign_c99fb883b4d8
60,ord_dataset-7d8f5fd922d4497d91cb81489b052746:ord-09b5f8c52cc640e09363d456b919a7fa,ord_dataset-7d8f5fd922d4497d91cb81489b052746,1006,b2d54c2044b2141781c8015658ed01b24a2f4451f51c779f2103e9067a1d39cc,science_hte_campaign_a04d9653a525
61,ord_dataset-7d8f5fd922d4497d91cb81489b052746:ord-09ce5db9eaef4b27bf5ea018e9342258,ord_dataset-7d8f5fd922d4497d91cb81489b052746,197,d99ae22457ef5001f0082ca21dc43956e9b74e06114ed925396c4512da50d313,science_hte_campaign_f324e61c5fa2
62,ord_dataset-7d8f5fd922d4497d91cb81489b052746:ord-0a2df4dcac434e83b804ed9851237d0a,ord_dataset-7d8f5fd922d4497d91cb81489b052746,456,2316ef433f7536d3dce64045c8393f414e4c50cb96e5f480e26d3101ffca1a43,science_hte_campaign_aeefa100ca4f
63,ord_dataset-7d8f5fd922d4497d91cb81489b052746:ord-0a732c13a03a4965a7be1af7d1f4931a,ord_dataset-7d8f5fd922d4497d91cb81489b052746,745,68fbab03e456dd8708b6fbdcdd7d7dc39360742ea8f46692611243ac6be4dab5,science_hte_campaign_5dd9abf370cb
64,ord_dataset-7d8f5fd922d4497d91cb81489b052746:ord-0a7b197ea8f54094aac888781276e932,ord_dataset-7d8f5fd922d4497d91cb81489b052746,1504,19281d3c0a2177f490edb5dca58111310712afdc9c8c8c67ebf539999c05d8fc,science_hte_campaign_ca267bf88824
65,ord_dataset-7d8f5fd922d4497d91cb81489b052746:ord-0a80370f1ce8437482df8973dd8157a5,ord_dataset-7d8f5fd922d4497d91cb81489b052746,385,7229a41f5220cf526657722171f06a4af538602a4e27d4a0d9f61d1a6959a340,science_hte_campaign_aeefa100ca4f
66,ord_dataset-7d8f5fd922d4497d91cb81489b052746:ord-0ab0a0f9ee544731bf719d774832bd6a,ord_dataset-7d8f5fd922d4497d91cb81489b052746,743,f52238e8fd260d11668ddf429a1454480e16ba0ee6e59ffd3f166ea474dad406,science_hte_campaign_5dd9abf370cb
67,ord_dataset-7d8f5fd922d4497d91cb81489b052746:ord-0b2ad9c4880342b2995d9e8d0287df19,ord_dataset-7d8f5fd922d4497d91cb81489b052746,369,a91292c2101ba9e54639524087e062146f6a1a9cd50125282707d5e9a2715646,science_hte_campaign_8510665e92be
68,ord_dataset-7d8f5fd922d4497d91cb81489b052746:ord-0b2f786808464947abae4890c86b215d,ord_dataset-7d8f5fd922d4497d91cb81489b052746,442,2c840cbdf94641c9f51740227cb9eb6ba9be85b415f2ac98de8e8adac04cde60,science_hte_campaign_aeefa100ca4f
69,ord_dataset-7d8f5fd922d4497d91cb81489b052746:ord-0b4e7f7308b7429b8b146bfe1b0f3db8,ord_dataset-7d8f5fd922d4497d91cb81489b052746,229,c38255da2c3bf3e91826d806cb67987610605c24489bd38e2cdcd8206f8cd83c,science_hte_campaign_f324e61c5fa2
70,ord_dataset-7d8f5fd922d4497d91cb81489b052746:ord-0b87f75b5fd6412c91b92bd1000016f4,ord_dataset-7d8f5fd922d4497d91cb81489b052746,123,996a586e10c377fa9f9dd3a3592bef5d3d35f889902e4febf9a2c3c288401c8a,science_hte_campaign_c99fb883b4d8
71,ord_dataset-7d8f5fd922d4497d91cb81489b052746:ord-0be2047de9684f619b4dc3ab1081b1a9,ord_dataset-7d8f5fd922d4497d91cb81489b052746,622,e00fbe46ade94fffeeca28b1def1f660c4e990e5f3abb74b69e0bfe34269ec73,science_hte_campaign_3f02a74dbb14
72,ord_dataset-7d8f5fd922d4497d91cb81489b052746:ord-0be40d1813c8499f84250afff66dd446,ord_dataset-7d8f5fd922d4497d91cb81489b052746,483,07b237019a61b1872506de87976ab61faf665004ccf8cb93945f5d84e7140e0e,science_hte_campaign_283f403f90e1
73,ord_dataset-7d8f5fd922d4497d91cb81489b052746:ord-0c6f40297f1747d3821482b8f55e1123,ord_dataset-7d8f5fd922d4497d91cb81489b052746,1210,26ef358cda73e7406236abb6fb3d86937f8626d965fafd7264fa918ba14aad4e,science_hte_campaign_6bf2df144d3d
74,ord_dataset-7d8f5fd922d4497d91cb81489b052746:ord-0d0f7f65891a49f4822b99badabc737f,ord_dataset-7d8f5fd922d4497d91cb81489b052746,609,d0c49e94cf36854ed13d9af1bc55e7136ac661eb2a53ef9fadfc00ca484395f1,science_hte_campaign_3f02a74dbb14
75,ord_dataset-7d8f5fd922d4497d91cb81489b052746:ord-0da2d2d320fb437bb162c99840319a8f,ord_dataset-7d8f5fd922d4497d91cb81489b052746,991,bd9b2e28f7e34046d526cc56ec5ebce345016ae1f7410378f7ee3c9c820fb0cb,science_hte_campaign_a04d9653a525
76,ord_dataset-7d8f5fd922d4497d91cb81489b052746:ord-0dcf6d369196436faa6c39f7770f9dd8,ord_dataset-7d8f5fd922d4497d91cb81489b052746,949,6e5ad90cfc9069b13799dd57357310672315c15574e012b5ea82991521300b39,science_hte_campaign_d8d10c924377
77,ord_dataset-7d8f5fd922d4497d91cb81489b052746:ord-0df3c1cbac4e4cc0a17195feecd72743,ord_dataset-7d8f5fd922d4497d91cb81489b052746,1131,8963d4594e284d31306bb8a257251d82e1842f574ed90d1f2bd635ff7aadc4e6,science_hte_campaign_2a3be0de5f5e
78,ord_dataset-7d8f5fd922d4497d91cb81489b052746:ord-0e22061b1ef643f5afb411b2622dc753,ord_dataset-7d8f5fd922d4497d91cb81489b052746,1206,2dca8492f0a60b187e10568fb48cb65ceac2869cb327824cbc22094e7af7092a,science_hte_campaign_6bf2df144d3d
79,ord_dataset-7d8f5fd922d4497d91cb81489b052746:ord-0e4b42e3c8024b49b2ff1c9719eee901,ord_dataset-7d8f5fd922d4497d91cb81489b052746,1287,36b1c7a327542d523e65058294cd3cb2ab41227788100585129386da36523b01,science_hte_campaign_62bdfe294f99
80,ord_dataset-7d8f5fd922d4497d91cb81489b052746:ord-0e84d1326a724592aeb2a7e95177b8be,ord_dataset-7d8f5fd922d4497d91cb81489b052746,317,4ce005020a16de227df8cc0799f8e53256a4ed64fc3cd53a5e1e0df440872544,science_hte_campaign_8510665e92be
81,ord_dataset-7d8f5fd922d4497d91cb81489b052746:ord-0eb196553d954901b9f5a00f3438e37b,ord_dataset-7d8f5fd922d4497d91cb81489b052746,498,5dacf8a2a0d8853ba542f2a2d66c41968de44dfa6776530792ac4b2bd5100daf,science_hte_campaign_283f403f90e1
82,ord_dataset-7d8f5fd922d4497d91cb81489b052746:ord-0ef094f3fcf645d78457a75beb00319d,ord_dataset-7d8f5fd922d4497d91cb81489b052746,140,01bc2610c70601489d8ef3ce0112611da4daf8b40390140841fe49016ad1c462,science_hte_campaign_c99fb883b4d8
83,ord_dataset-7d8f5fd922d4497d91cb81489b052746:ord-0f19ea39e54242dbafbe902e4a6ba58b,ord_dataset-7d8f5fd922d4497d91cb81489b052746,602,62584d6e913625ad42bb008a50b62a2493087b9d4af5b7f0bac942c0209b923a,science_hte_campaign_3f02a74dbb14
84,ord_dataset-7d8f5fd922d4497d91cb81489b052746:ord-0f2bac2ac9f0477a89f533a5e2c6db1b,ord_dataset-7d8f5fd922d4497d91cb81489b052746,962,be11789ce8a8c917a7aca00a8081eefe5fa0897f4b20e31b0355d70b1050b801,science_hte_campaign_a04d9653a525
85,ord_dataset-7d8f5fd922d4497d91cb81489b052746:ord-0f44522bc65041f48c56a0441a07cc4e,ord_dataset-7d8f5fd922d4497d91cb81489b052746,434,12ecbfbb9c3a51ec532279d9dbf5bf4e77c3ef2ef7927f308d04385e38ed46e5,science_hte_campaign_aeefa100ca4f
86,ord_dataset-7d8f5fd922d4497d91cb81489b052746:ord-0f87067dc6d448bf9e433cc7cecfd38d,ord_dataset-7d8f5fd922d4497d91cb81489b052746,652,e441770f870ef469cc450d98ba97689bdbbdd25e31b34fff598d24db9636eb91,science_hte_campaign_3f02a74dbb14
87,ord_dataset-7d8f5fd922d4497d91cb81489b052746:ord-0f9f87836cb446d8b60b45d24d974b3c,ord_dataset-7d8f5fd922d4497d91cb81489b052746,201,98e85f167cfae0fa3f4b99a142671d4df0a84093ae5b21373e898e1ef0acf7a1,science_hte_campaign_f324e61c5fa2
88,ord_dataset-7d8f5fd922d4497d91cb81489b052746:ord-0fac5d9fd8304e199a819313a8a80346,ord_dataset-7d8f5fd922d4497d91cb81489b052746,1063,6afc9e1bf6a003e0bc3561fc3ca9737bb51577484fb1cf453fbd3d3bb94c8b20,science_hte_campaign_2a3be0de5f5e
89,ord_dataset-7d8f5fd922d4497d91cb81489b052746:ord-0fbee788af224f10a7a443fbbf230059,ord_dataset-7d8f5fd922d4497d91cb81489b052746,1237,97352c1c9164f939c4dd775d6b8e53db5e87dcdef652f13d4bc9794832e68d85,science_hte_campaign_6bf2df144d3d
90,ord_dataset-7d8f5fd922d4497d91cb81489b052746:ord-0fddd944e8a8412c885a203476179a6c,ord_dataset-7d8f5fd922d4497d91cb81489b052746,1508,2b6716c19adbc79b33f620d0fcb13a180a2b0304bcf9373a1ac19aae003d2240,science_hte_campaign_ca267bf88824
91,ord_dataset-7d8f5fd922d4497d91cb81489b052746:ord-0ff2470fc28a424185ea34052a4ed65d,ord_dataset-7d8f5fd922d4497d91cb81489b052746,846,81f0b0d2a8af5f4eeb201c3e65a3d4490f677a675931bd3af6c8b0f7ac53d4eb,science_hte_campaign_97b28884900c
92,ord_dataset-7d8f5fd922d4497d91cb81489b052746:ord-101935d1fa76441d9d9d9ce30fd43c83,ord_dataset-7d8f5fd922d4497d91cb81489b052746,944,c0b0bad691dcb38aae8bf03f6e4492e3a91125e77760d7a8d9afce6c625a9105,science_hte_campaign_d8d10c924377
93,ord_dataset-7d8f5fd922d4497d91cb81489b052746:ord-104ec548448a4c3da4bb1c18bfcdd67f,ord_dataset-7d8f5fd922d4497d91cb81489b052746,238,0d4d4cf6485714e78a55e756a2c36192cc5c0fd95d4b7d37c8087976055cdfae,science_hte_campaign_f324e61c5fa2
94,ord_dataset-7d8f5fd922d4497d91cb81489b052746:ord-105daef2de7746baad05de2468c4d561,ord_dataset-7d8f5fd922d4497d91cb81489b052746,1317,9a032c11781ca7b23239d33d83cd4700d4639bf3d93f87473484432b781a67a5,science_hte_campaign_62bdfe294f99
95,ord_dataset-7d8f5fd922d4497d91cb81489b052746:ord-105fad4dfcfc4deabcba83e9cfbf3743,ord_dataset-7d8f5fd922d4497d91cb81489b052746,744,03fb7ac08fcd6cdd318cb3f3e1e10521242e9cf4e5524a9ac8fe903edb627f98,science_hte_campaign_5dd9abf370cb
96,ord_dataset-7d8f5fd922d4497d91cb81489b052746:ord-10858d7712114dd687e3e3366bb1a68f,ord_dataset-7d8f5fd922d4497d91cb81489b052746,106,9e90fb2f9157530f1e8e4eee0bb08c40eb0a538d862f51ea9ba445a9360054d8,science_hte_campaign_c99fb883b4d8
97,ord_dataset-7d8f5fd922d4497d91cb81489b052746:ord-108bf099d39c4f96b439ced66262fb01,ord_dataset-7d8f5fd922d4497d91cb81489b052746,1146,95074e38391c64386fc1c86d260a97cdb81ff7bb121a92455b774290de9ef76e,science_hte_campaign_2a3be0de5f5e
98,ord_dataset-7d8f5fd922d4497d91cb81489b052746:ord-1098651e09be45bda2472b17bcc7a73b,ord_dataset-7d8f5fd922d4497d91cb81489b052746,1410,b2524c1f36fee0d9dfaa42346c39403af9ee26cb7eecddf500eab5210a2d4d94,science_hte_campaign_4dcfd4b46ebc
99,ord_dataset-7d8f5fd922d4497d91cb81489b052746:ord-10a4e2b5a04d4cf7a6dcfc87420629f3,ord_dataset-7d8f5fd922d4497d91cb81489b052746,644,5e30266e451d0e7a91128cf471d43240ee02571a94c660c64705eaf9ea88860f,science_hte_campaign_3f02a74dbb14
100,ord_dataset-7d8f5fd922d4497d91cb81489b052746:ord-10c0ae627549431684540ebe6a0f3122,ord_dataset-7d8f5fd922d4497d91cb81489b052746,593,348f15aaa5086974c2638f351149c4640890ce729b9ced294f787c78a69de282,science_hte_campaign_3f02a74dbb14
101,ord_dataset-7d8f5fd922d4497d91cb81489b052746:ord-110dc6aaa7814e72897382ea4337a27b,ord_dataset-7d8f5fd922d4497d91cb81489b052746,1370,92c9bb4b8205f6e26c64012b34deecc3cc22a1da28019729f3b8c06e80110124,science_hte_campaign_4dcfd4b46ebc
102,ord_dataset-7d8f5fd922d4497d91cb81489b052746:ord-11273bb805ba4e8b854c47f6d694e72f,ord_dataset-7d8f5fd922d4497d91cb81489b052746,1097,9feb5c23daace3b01487fe0c435920f2a7f68b4080e72baafc8e2420b779eecb,science_hte_campaign_2a3be0de5f5e
103,ord_dataset-7d8f5fd922d4497d91cb81489b052746:ord-114134b0717b42579f2022c25c705b09,ord_dataset-7d8f5fd922d4497d91cb81489b052746,1039,cb8af9ddeed2d33bda5fda26c0a400ff4db45d100f79dc8340d5684daa09ccb8,science_hte_campaign_a04d9653a525
104,ord_dataset-7d8f5fd922d4497d91cb81489b052746:ord-114610bcc8ba4eb9b09fec460cd63226,ord_dataset-7d8f5fd922d4497d91cb81489b052746,1,14eface7cc447c09572abfc46f6a203ff0b944a165ef8503b475e2d1a75eaea7,science_hte_campaign_ac8fc337e171
105,ord_dataset-7d8f5fd922d4497d91cb81489b052746:ord-117538aa85bb4e54af1412d7a665cd57,ord_dataset-7d8f5fd922d4497d91cb81489b052746,344,28dcf3070bdbad9336181212a36cf32ee412b0d0a3cad009e23b4ff58eefc766,science_hte_campaign_8510665e92be
106,ord_dataset-7d8f5fd922d4497d91cb81489b052746:ord-118528a44b8d4b8fa3c6aabb255c27f2,ord_dataset-7d8f5fd922d4497d91cb81489b052746,278,fd0e0d750b9fef90fd4ab76fc08b2f9653b0fc3bcb38b4ced2de8e97f5db548c,science_hte_campaign_f324e61c5fa2
107,ord_dataset-7d8f5fd922d4497d91cb81489b052746:ord-11892aeffaa344fcbb2d3d82c9495b6c,ord_dataset-7d8f5fd922d4497d91cb81489b052746,889,65b9c043d587996ac82f584e5aabbe4cbfa5dbcb7e4521c7f60113c9ae4a275d,science_hte_campaign_d8d10c924377
108,ord_dataset-7d8f5fd922d4497d91cb81489b052746:ord-1190fe2674e141798b329023a357854d,ord_dataset-7d8f5fd922d4497d91cb81489b052746,1067,18911654fc0baf22b2a6e1598e913cb1ef20757d1567b7b2ffc190f2fb3e701a,science_hte_campaign_2a3be0de5f5e
109,ord_dataset-7d8f5fd922d4497d91cb81489b052746:ord-11a24c6b4a9841e99aa0775969eafc5b,ord_dataset-7d8f5fd922d4497d91cb81489b052746,1080,79bff3c03d6497f2b02fc7e31cf0203e84d578656cf351466620b2fdd3337ee2,science_hte_campaign_2a3be0de5f5e
110,ord_dataset-7d8f5fd922d4497d91cb81489b052746:ord-11c03ce36dd947ca9fcdc9d60c746411,ord_dataset-7d8f5fd922d4497d91cb81489b052746,1026,771e11891f83f36f7ac893be343f455c176aadf663718a0aa66feaf97d4bbf5c,science_hte_campaign_a04d9653a525
111,ord_dataset-7d8f5fd922d4497d91cb81489b052746:ord-120b42e0f675486ba2300bc2b6ccd77a,ord_dataset-7d8f5fd922d4497d91cb81489b052746,163,158fa99f6513b3ee5a812dbbbd3398ba0ff65dde594d9fe0afabebc24574aafc,science_hte_campaign_c99fb883b4d8
112,ord_dataset-7d8f5fd922d4497d91cb81489b052746:ord-120e64d006cb40668cf3d21c93b13093,ord_dataset-7d8f5fd922d4497d91cb81489b052746,365,213fb5fc150a7dc868a13d7fa51beec3961bd77e843349ec5509186d99e8e5b4,science_hte_campaign_8510665e92be
113,ord_dataset-7d8f5fd922d4497d91cb81489b052746:ord-122c1dd97df045d08e09ebd4e321337b,ord_dataset-7d8f5fd922d4497d91cb81489b052746,280,71fab6f6e74d5fea3a36a89f3757b3de54f3e2c26db536618715baa72d5aab0e,science_hte_campaign_f324e61c5fa2
114,ord_dataset-7d8f5fd922d4497d91cb81489b052746:ord-12a147f5aecf48aab6c2cbe51be5bfd5,ord_dataset-7d8f5fd922d4497d91cb81489b052746,37,1af74928cb49b606aeca0a9d82656312b3be2473f650ff57fb6a74d3768eb720,science_hte_campaign_ac8fc337e171
115,ord_dataset-7d8f5fd922d4497d91cb81489b052746:ord-12a312d5f95140afa13bdd6e66a242c4,ord_dataset-7d8f5fd922d4497d91cb81489b052746,332,bede947844cdb77502083ca34e2c7042418504badc7b848bdba8224b00a77b87,science_hte_campaign_8510665e92be
116,ord_dataset-7d8f5fd922d4497d91cb81489b052746:ord-12cb5889d3e849e8946d732fd0598487,ord_dataset-7d8f5fd922d4497d91cb81489b052746,1062,5df5f37d6aae8a5009103124bcc19cf4fc0a1f5190d0220a82da4d87619ce648,science_hte_campaign_2a3be0de5f5e
117,ord_dataset-7d8f5fd922d4497d91cb81489b052746:ord-12d4b87e942c4ec1967265b68cdbbbc0,ord_dataset-7d8f5fd922d4497d91cb81489b052746,953,eecb5b052bfd9e911ee7b45f2d92d6a6e000eae2fc51c8f94db7e35cb1970768,science_hte_campaign_d8d10c924377
118,ord_dataset-7d8f5fd922d4497d91cb81489b052746:ord-12e16a5d573045cfa4910088614ca0db,ord_dataset-7d8f5fd922d4497d91cb81489b052746,1111,c7d14f512007860eff79a282a93cbee4207c1d0b9e52839036b6e96a4dca2555,science_hte_campaign_2a3be0de5f5e
119,ord_dataset-7d8f5fd922d4497d91cb81489b052746:ord-12e2be4d336649df87d34596e926c6a8,ord_dataset-7d8f5fd922d4497d91cb81489b052746,1233,e5d1896d312b1559823063f4f81584cee9613768248fe38286813b165dd77dfc,science_hte_campaign_6bf2df144d3d
120,ord_dataset-7d8f5fd922d4497d91cb81489b052746:ord-12e69ec33eb249ea9a8fce6d00185ef5,ord_dataset-7d8f5fd922d4497d91cb81489b052746,438,1b6e11f23a884855b1f1a65e2c1020a2ecf8e449e085e06d160437f398247ed9,science_hte_campaign_aeefa100ca4f
121,ord_dataset-7d8f5fd922d4497d91cb81489b052746:ord-12f15fa0b4a6408a8380d58f8a64315f,ord_dataset-7d8f5fd922d4497d91cb81489b052746,1040,3bb04e81bc601cf3eab48d780998b5caff7a8dfdf795563e6548e61eb1cdc797,science_hte_campaign_a04d9653a525
122,ord_dataset-7d8f5fd922d4497d91cb81489b052746:ord-130cca78eb9c4c8d92a663863e720064,ord_dataset-7d8f5fd922d4497d91cb81489b052746,182,5e388a5fb892bc0621df54dc582e338043137e89c88116a50cc97d0dfe55a2bc,science_hte_campaign_c99fb883b4d8
123,ord_dataset-7d8f5fd922d4497d91cb81489b052746:ord-130df16120fa41b38e828f2c20689d17,ord_dataset-7d8f5fd922d4497d91cb81489b052746,178,6d5646329ac99c144938ce7d2e1c414cf1b7cc05c93c27b4b2bd2fdf6e287a2c,science_hte_campaign_c99fb883b4d8
124,ord_dataset-7d8f5fd922d4497d91cb81489b052746:ord-13135d4c44a74504be15233129e3d89d,ord_dataset-7d8f5fd922d4497d91cb81489b052746,465,34c7f3308c3b6d7eb90b9501a0ba553752c39b1e3c83cd680db7a945e74b89a7,science_hte_campaign_aeefa100ca4f
125,ord_dataset-7d8f5fd922d4497d91cb81489b052746:ord-132bec9d0ea54dc0b13dad12be28c9ce,ord_dataset-7d8f5fd922d4497d91cb81489b052746,1301,733cc254d5ba37e1b56af497bbe3509ffd60639501b99ec389bfaf44acdd09f3,science_hte_campaign_62bdfe294f99
126,ord_dataset-7d8f5fd922d4497d91cb81489b052746:ord-13304a9214fc459cb17e04847ae57db7,ord_dataset-7d8f5fd922d4497d91cb81489b052746,114,210a8aa6cc61c0890a006118e774979dda67f11baef69c68b7b0bc78ecb3a605,science_hte_campaign_c99fb883b4d8
127,ord_dataset-7d8f5fd922d4497d91cb81489b052746:ord-13919e1a8cd6439da7c25cd654694c14,ord_dataset-7d8f5fd922d4497d91cb81489b052746,1399,458ad082295b4f22ca794993d711f65701f81efd679c2fc871d3e5714de97aa8,science_hte_campaign_4dcfd4b46ebc
128,ord_dataset-7d8f5fd922d4497d91cb81489b052746:ord-13a8f5e900474d069192900dbff328f1,ord_dataset-7d8f5fd922d4497d91cb81489b052746,20,1040a3e610551cf0bb2796f9c12eab0ddea9e81b5be39ac795128345f63b7b8d,science_hte_campaign_ac8fc337e171
129,ord_dataset-7d8f5fd922d4497d91cb81489b052746:ord-13c7efb4a9664fb3ac581427b9fbe710,ord_dataset-7d8f5fd922d4497d91cb81489b052746,1406,63d9ab885a05342a501b9a806274151ada595c1cf61f9fc2cf3395991aaca115,science_hte_campaign_4dcfd4b46ebc
130,ord_dataset-7d8f5fd922d4497d91cb81489b052746:ord-13d6339b584447809e69921715961d09,ord_dataset-7d8f5fd922d4497d91cb81489b052746,1329,c5f6cab62e6aa47139aaa47693dc858c76daf51774ffa613f619e91102bd4cae,science_hte_campaign_62bdfe294f99
131,ord_dataset-7d8f5fd922d4497d91cb81489b052746:ord-13e4a26f1bf5469e90379e3d9a1524fc,ord_dataset-7d8f5fd922d4497d91cb81489b052746,1005,bbac7be7bcd8d71b6d17d659c9022d0142f21d7df1c8b3f97f0f78e66f36b15b,science_hte_campaign_a04d9653a525
132,ord_dataset-7d8f5fd922d4497d91cb81489b052746:ord-13feaf89392140a3805c719ca1bba4b0,ord_dataset-7d8f5fd922d4497d91cb81489b052746,665,82899dd57dcac5d1c5be4599422f2770d2d4ada58542536c1bc650b93776e470,science_hte_campaign_3f02a74dbb14
133,ord_dataset-7d8f5fd922d4497d91cb81489b052746:ord-1409ec485ba84166b98678d04a33f19a,ord_dataset-7d8f5fd922d4497d91cb81489b052746,212,dbbfe4e77e579cdd6fa9c7df5383af3c6ba36acc5851df3b8e3a045577b56163,science_hte_campaign_f324e61c5fa2
134,ord_dataset-7d8f5fd922d4497d91cb81489b052746:ord-140ca9093feb431bb59bf0bc3f07d25f,ord_dataset-7d8f5fd922d4497d91cb81489b052746,670,a3fa70163899d8a2095a0470653a585969d02c229f6e96f24ec08fac8dbf634e,science_hte_campaign_3f02a74dbb14
135,ord_dataset-7d8f5fd922d4497d91cb81489b052746:ord-143a4ebbc08d4bf9811ed26f0bf4484f,ord_dataset-7d8f5fd922d4497d91cb81489b052746,1222,86937ed5d0269c510a14ea1c011fe258658b3ce5434e1ddbd9bcc2b7c7b7ea4d,science_hte_campaign_6bf2df144d3d
136,ord_dataset-7d8f5fd922d4497d91cb81489b052746:ord-149a850f31394ff997d27bb38ebd9fdc,ord_dataset-7d8f5fd922d4497d91cb81489b052746,422,8992f3789ec755674a6f96e4b3babf72ab98f5453c994c66064ca7499458df2f,science_hte_campaign_aeefa100ca4f
137,ord_dataset-7d8f5fd922d4497d91cb81489b052746:ord-150ae6189c3a48c08f007cac6e943f61,ord_dataset-7d8f5fd922d4497d91cb81489b052746,586,a4ad0b12d25ad61754807f4930cd30fc2440ff5a61754f1436d8566412a149ef,science_hte_campaign_3f02a74dbb14
138,ord_dataset-7d8f5fd922d4497d91cb81489b052746:ord-15360ef6ca834f6d80cd6e7961dac239,ord_dataset-7d8f5fd922d4497d91cb81489b052746,1136,328294ca3be12ffe5262976c841a695cdc66c73c70f45123a1adac2dd2305d08,science_hte_campaign_2a3be0de5f5e
139,ord_dataset-7d8f5fd922d4497d91cb81489b052746:ord-15429e78905e4fb98492f4dba9d6750f,ord_dataset-7d8f5fd922d4497d91cb81489b052746,415,0dac3b3147c66b1f4a0eb98416648ef0eca8cc69d3de8d15e3143bb4fae7458b,science_hte_campaign_aeefa100ca4f
140,ord_dataset-7d8f5fd922d4497d91cb81489b052746:ord-15440a4d2b1142f4a797a3a89b6f387a,ord_dataset-7d8f5fd922d4497d91cb81489b052746,872,2560d79b4a6807d0c5b863f4cca80e5dd070d8a319e949a600e559fba951147b,science_hte_campaign_d8d10c924377
141,ord_dataset-7d8f5fd922d4497d91cb81489b052746:ord-155471cf2598421d9e89c6abba5bade2,ord_dataset-7d8f5fd922d4497d91cb81489b052746,738,8ade25956db13e588e40c3912254f5fcc120f39b428b713c38b4b7a28ba01a56,science_hte_campaign_5dd9abf370cb
142,ord_dataset-7d8f5fd922d4497d91cb81489b052746:ord-155bb6a824f24e97b5bbf181423ef0fa,ord_dataset-7d8f5fd922d4497d91cb81489b052746,169,b4f3b2fe85476edbfb63a1b344e13b7ebfd7757481dd25b24a1a8712143fb707,science_hte_campaign_c99fb883b4d8
143,ord_dataset-7d8f5fd922d4497d91cb81489b052746:ord-15b900b094514568a24938edcaa0af01,ord_dataset-7d8f5fd922d4497d91cb81489b052746,511,4e5e48eca18f059bf73dd4bbcc4e11d4e8e3af0a9cab859be85e2eaf1c0a6265,science_hte_campaign_283f403f90e1
144,ord_dataset-7d8f5fd922d4497d91cb81489b052746:ord-15bd8a814fae420f97a92e2e62da1d75,ord_dataset-7d8f5fd922d4497d91cb81489b052746,231,b2a1145b72f2bea28c52c33c5e133757db362c50bfa0038ee4865cfe57a71f0d,science_hte_campaign_f324e61c5fa2
145,ord_dataset-7d8f5fd922d4497d91cb81489b052746:ord-15f511b104e64f078692a9f4f8f15df7,ord_dataset-7d8f5fd922d4497d91cb81489b052746,1509,d8f6d858086017df9dd50927217c4ed5ba9d33dfe7c7903eb34a9979ac949f6b,science_hte_campaign_ca267bf88824
146,ord_dataset-7d8f5fd922d4497d91cb81489b052746:ord-1631ec281d6641be93dda1acd21ca6e2,ord_dataset-7d8f5fd922d4497d91cb81489b052746,1081,56a90ba34242dcf6ef4676206ece449c5998bb591990f001244efbc8c124b4e8,science_hte_campaign_2a3be0de5f5e
147,ord_dataset-7d8f5fd922d4497d91cb81489b052746:ord-16bc06af674b42f6b93e6515d5a86b66,ord_dataset-7d8f5fd922d4497d91cb81489b052746,634,79f2c1647d7db2cbe22ab641f404d8bb6f47fbac415aad47ff8d8b3d8458173e,science_hte_campaign_3f02a74dbb14
148,ord_dataset-7d8f5fd922d4497d91cb81489b052746:ord-16c862faacb546fe902dd9d2d4321caf,ord_dataset-7d8f5fd922d4497d91cb81489b052746,372,0d871640771282d6e5a5300ac7a2b5c38343782fbf79c1e089ada93cfb1bdf2f,science_hte_campaign_8510665e92be
149,ord_dataset-7d8f5fd922d4497d91cb81489b052746:ord-16dfb41e92154b0b85b6453bb62ede82,ord_dataset-7d8f5fd922d4497d91cb81489b052746,614,d383c20153a1b6cfbcf6a4fce672603c76f3968135fac71c6d6d4869970b7575,science_hte_campaign_3f02a74dbb14
150,ord_dataset-7d8f5fd922d4497d91cb81489b052746:ord-16fddad3606043e689efe294f86389eb,ord_dataset-7d8f5fd922d4497d91cb81489b052746,1527,c15757e18e1e68ccb76ced88afffe3bcfcc71922e936039499e0f4fc155e59e3,science_hte_campaign_ca267bf88824
151,ord_dataset-7d8f5fd922d4497d91cb81489b052746:ord-172e8454dbef46c1803c9e689f8870dc,ord_dataset-7d8f5fd922d4497d91cb81489b052746,74,9710199cf56d347770da478285b27feeb5cf7f0ef740ee6cab784d057dcaf977,science_hte_campaign_ac8fc337e171
152,ord_dataset-7d8f5fd922d4497d91cb81489b052746:ord-18038c86f3394cc9befdce8cc63abb94,ord_dataset-7d8f5fd922d4497d91cb81489b052746,668,7e8db0d3c98798bcd0ba4bf31ef5b14338dbc0167d092820b59e6325645a5d20,science_hte_campaign_3f02a74dbb14
153,ord_dataset-7d8f5fd922d4497d91cb81489b052746:ord-1856a3838a30431d9b3db33dc846dac8,ord_dataset-7d8f5fd922d4497d91cb81489b052746,72,d426ed4b16b3fa1a33934fbed609716f2d9778b9143617eef5119fd2ef6267a0,science_hte_campaign_ac8fc337e171
154,ord_dataset-7d8f5fd922d4497d91cb81489b052746:ord-185fbe7a50ff4de3a5f05c880ed62445,ord_dataset-7d8f5fd922d4497d91cb81489b052746,1258,199ac806b8cc0cc094eb5cef918413968e5dbf4173af573cfecc6965e25d6fcd,science_hte_campaign_62bdfe294f99
155,ord_dataset-7d8f5fd922d4497d91cb81489b052746:ord-18640cbe94de435494a179855d5a2769,ord_dataset-7d8f5fd922d4497d91cb81489b052746,544,232781c7c7f82b50fc02499fc52bab38768701fd1a5988b09f1b0c94c0748754,science_hte_campaign_283f403f90e1
156,ord_dataset-7d8f5fd922d4497d91cb81489b052746:ord-1874fe843cc549b69f3d0407bd0c43ad,ord_dataset-7d8f5fd922d4497d91cb81489b052746,823,935e03ed913e11035315332f2bc9bf1c8af7c2ad1b58b9704aed77855b744079,science_hte_campaign_97b28884900c
157,ord_dataset-7d8f5fd922d4497d91cb81489b052746:ord-18886aad10d24eb983591fc0ac581922,ord_dataset-7d8f5fd922d4497d91cb81489b052746,1377,34fc126fdb2c663b4f93a4b26dcd1d33a58aa6ace61074961ee83322c41ee204,science_hte_campaign_4dcfd4b46ebc
158,ord_dataset-7d8f5fd922d4497d91cb81489b052746:ord-18b6c89dfe0240c8be13e32ed731ee4d,ord_dataset-7d8f5fd922d4497d91cb81489b052746,354,bfdeeeef9266894c57d4eb1da843dd30e3ba6e60c50a0a510620875446b432aa,science_hte_campaign_8510665e92be
159,ord_dataset-7d8f5fd922d4497d91cb81489b052746:ord-1912fe635e9f4512a63e9e04dbfcb9d0,ord_dataset-7d8f5fd922d4497d91cb81489b052746,720,15941bc4c317638280c6a3fe467d397dd8360654e62a4ecb5c405584f9c8615e,science_hte_campaign_5dd9abf370cb
160,ord_dataset-7d8f5fd922d4497d91cb81489b052746:ord-192b0869da454c078c4d291e101f0da0,ord_dataset-7d8f5fd922d4497d91cb81489b052746,880,32f800d80745db57ff24756acfbb8bb44a193337c55757bbd796a7f3b3cfcbd4,science_hte_campaign_d8d10c924377
161,ord_dataset-7d8f5fd922d4497d91cb81489b052746:ord-1974e8c70ec7459cafb33c61813f519f,ord_dataset-7d8f5fd922d4497d91cb81489b052746,1505,33a8f81aa640c27592d07d935def6d1e3d08785d3e6ddaf8076832dd97410aed,science_hte_campaign_ca267bf88824
162,ord_dataset-7d8f5fd922d4497d91cb81489b052746:ord-19e9dad143064339ad9cf5b5cc501401,ord_dataset-7d8f5fd922d4497d91cb81489b052746,1246,902e1ecf16e00a7135fe86fdd12071f270036329d2393a6133a654a785dc0691,science_hte_campaign_6bf2df144d3d
163,ord_dataset-7d8f5fd922d4497d91cb81489b052746:ord-19eeca5b338e4828a6bf3e59e2104e08,ord_dataset-7d8f5fd922d4497d91cb81489b052746,926,86798da87de4ae823290d38c36b26964f3b2d8574b2eb6e18bbeaf7eea635987,science_hte_campaign_d8d10c924377
164,ord_dataset-7d8f5fd922d4497d91cb81489b052746:ord-19f528b7fd9c448ca9f9ea0954a8d66d,ord_dataset-7d8f5fd922d4497d91cb81489b052746,717,f958c71152cf02f7abd542859fcd4a99fb2b0d4e30d8dca23e3a2600f372e751,science_hte_campaign_5dd9abf370cb
165,ord_dataset-7d8f5fd922d4497d91cb81489b052746:ord-19f88cd090bd489ba771c04291e14475,ord_dataset-7d8f5fd922d4497d91cb81489b052746,90,88c8e87781d664ea63803c78903f7391c546b5581a36230525340e3f2e3fb012,science_hte_campaign_ac8fc337e171
166,ord_dataset-7d8f5fd922d4497d91cb81489b052746:ord-1a15298711154e30a59f9d845bf02376,ord_dataset-7d8f5fd922d4497d91cb81489b052746,824,9a82fc2c112b8e9dd3f40f84b637851bd5c7141c2b6344837f24d2323d157e57,science_hte_campaign_97b28884900c
167,ord_dataset-7d8f5fd922d4497d91cb81489b052746:ord-1a3bcaefeeec411fb0b79279271163a8,ord_dataset-7d8f5fd922d4497d91cb81489b052746,83,adf0a9082a1c0979bd2d79abce302a7e868b31f3923e02b20ae7e0e09223301b,science_hte_campaign_ac8fc337e171
168,ord_dataset-7d8f5fd922d4497d91cb81489b052746:ord-1a7945f082ec43fda3c4e34617bdab1b,ord_dataset-7d8f5fd922d4497d91cb81489b052746,452,b71d5e1d571d281d683a97ada40747b6ee3c9639587f24390aa8668d6483617b,science_hte_campaign_aeefa100ca4f
169,ord_dataset-7d8f5fd922d4497d91cb81489b052746:ord-1aae225897a046eebce2c92df4c14dc4,ord_dataset-7d8f5fd922d4497d91cb81489b052746,412,ada393f76804fd5a092f6d39a9d5be927d6a1b6dfc37837bfc828238eeeee44f,science_hte_campaign_aeefa100ca4f
170,ord_dataset-7d8f5fd922d4497d91cb81489b052746:ord-1ae1c1d7ac2045ce967ab4ed41093602,ord_dataset-7d8f5fd922d4497d91cb81489b052746,683,8229181498fd0199883999d4d5ee2aad1c721f6661b53e63bd9152c82d087427,science_hte_campaign_5dd9abf370cb
171,ord_dataset-7d8f5fd922d4497d91cb81489b052746:ord-1b011e507aca4103bb1d92c17fd557f3,ord_dataset-7d8f5fd922d4497d91cb81489b052746,721,bce0ff2045f6f8da36d03ac3745d247d3392bfe1a6393549ff1761d4d9c0a296,science_hte_campaign_5dd9abf370cb
172,ord_dataset-7d8f5fd922d4497d91cb81489b052746:ord-1b9677935fd24fd79efbf5239e6b6b31,ord_dataset-7d8f5fd922d4497d91cb81489b052746,1232,93ef87942a29edb9a2565f35728b3a3ab645c20e1ed9271811871da679692b65,science_hte_campaign_6bf2df144d3d
173,ord_dataset-7d8f5fd922d4497d91cb81489b052746:ord-1bac1794e5324385a58e3453e72a8f43,ord_dataset-7d8f5fd922d4497d91cb81489b052746,399,551e64973f5e7559017fe24d9ecd11ebb86fdc28cb0aeed150f40fc9327da86a,science_hte_campaign_aeefa100ca4f
174,ord_dataset-7d8f5fd922d4497d91cb81489b052746:ord-1bbed96a2c6745c1913431e3eb29d2ba,ord_dataset-7d8f5fd922d4497d91cb81489b052746,1043,047efa52afdacf38e9732ed5ba96c3fb939e77711fd29db211e8d8ff19530e1e,science_hte_campaign_a04d9653a525
175,ord_dataset-7d8f5fd922d4497d91cb81489b052746:ord-1bd2562e214740158ea8a58263e45077,ord_dataset-7d8f5fd922d4497d91cb81489b052746,67,245436f20afda6fcb2baefc465de42ee3b67b9281d5acd4b2088a8ba2ee70bec,science_hte_campaign_ac8fc337e171
176,ord_dataset-7d8f5fd922d4497d91cb81489b052746:ord-1bf2b836229b407bab80c87ca7507756,ord_dataset-7d8f5fd922d4497d91cb81489b052746,1129,a5ab55c530f76db1c2146a57950e44a9144b82313e3293a0b0a8c72f86927431,science_hte_campaign_2a3be0de5f5e
177,ord_dataset-7d8f5fd922d4497d91cb81489b052746:ord-1bf809383a414538a63fa806c9700e91,ord_dataset-7d8f5fd922d4497d91cb81489b052746,1269,fc29de741e9661ededc05e9cf6f60a94b6a267fdc8004f3af7b77eaee8b080f9,science_hte_campaign_62bdfe294f99
178,ord_dataset-7d8f5fd922d4497d91cb81489b052746:ord-1c2145ad129949128e63d3052d51e8ae,ord_dataset-7d8f5fd922d4497d91cb81489b052746,137,4e0253afa1d7de915343462095070bf28e05b033022309dc81d6b8eb2b0c98a9,science_hte_campaign_c99fb883b4d8
179,ord_dataset-7d8f5fd922d4497d91cb81489b052746:ord-1c36b9d1099b4661a4fc7d4da9e71e72,ord_dataset-7d8f5fd922d4497d91cb81489b052746,588,c60a8c75049ccaccabed18c44edf0c82753c25d58aac844819f8e08cd603b897,science_hte_campaign_3f02a74dbb14
180,ord_dataset-7d8f5fd922d4497d91cb81489b052746:ord-1ce528d04fc04fc99dc15b14033a5dcc,ord_dataset-7d8f5fd922d4497d91cb81489b052746,49,cfb38b78bb9193bad75edbd5ffef702882dcefea279207e12c52cf28bf735d5b,science_hte_campaign_ac8fc337e171
181,ord_dataset-7d8f5fd922d4497d91cb81489b052746:ord-1d06ce3c94c740f8931e0e2aafc6da79,ord_dataset-7d8f5fd922d4497d91cb81489b052746,927,3290c7e73a02eb77aee0e1006d625a6d93f8563f61447edfd4c7419be73e664f,science_hte_campaign_d8d10c924377
182,ord_dataset-7d8f5fd922d4497d91cb81489b052746:ord-1d209fc88e03479a82b496cf97905075,ord_dataset-7d8f5fd922d4497d91cb81489b052746,29,22d870d69c7e66893ee7997311ce1993094ede0b5eb2365f370c235998a8e36f,science_hte_campaign_ac8fc337e171
183,ord_dataset-7d8f5fd922d4497d91cb81489b052746:ord-1d347c63a914454689b723286ee4acc0,ord_dataset-7d8f5fd922d4497d91cb81489b052746,637,8266e229984acf107fcc0e731a7014808207cf90c17773bf06629f5b5feb30fc,science_hte_campaign_3f02a74dbb14
184,ord_dataset-7d8f5fd922d4497d91cb81489b052746:ord-1d37537181a640caaabf691a84ce0de4,ord_dataset-7d8f5fd922d4497d91cb81489b052746,555,cc64b058f76cba7b1b4d1e0be3d24fa7b32f66c821381b2ed37687e9d2dcd9e7,science_hte_campaign_283f403f90e1
185,ord_dataset-7d8f5fd922d4497d91cb81489b052746:ord-1d4b6ec94d494a3e91b447f5da438a74,ord_dataset-7d8f5fd922d4497d91cb81489b052746,1093,bfefb597571d3ac9750590631a2807d447a9cd78121aef64574440a6da1aea37,science_hte_campaign_2a3be0de5f5e
186,ord_dataset-7d8f5fd922d4497d91cb81489b052746:ord-1d5587ff98ba43caa358769b610c8cc6,ord_dataset-7d8f5fd922d4497d91cb81489b052746,1178,839519c082551ba41fadc8e7ce855b0557cafe6c6ca1d2532f212bf3c4c301f3,science_hte_campaign_6bf2df144d3d
187,ord_dataset-7d8f5fd922d4497d91cb81489b052746:ord-1d8816d19764465ea9fdc1942e9dbeb0,ord_dataset-7d8f5fd922d4497d91cb81489b052746,495,b00e3809bc306b3f7a4f34466886353607e611a98c0c26f93585025e565f24a9,science_hte_campaign_283f403f90e1
188,ord_dataset-7d8f5fd922d4497d91cb81489b052746:ord-1d8db4ebe5ca4ae6865e23d6e25ef958,ord_dataset-7d8f5fd922d4497d91cb81489b052746,428,357b88cea41590ec1b816d3a7c9aec54ab556c5dfd5363df23ac7fc36437cd2e,science_hte_campaign_aeefa100ca4f
189,ord_dataset-7d8f5fd922d4497d91cb81489b052746:ord-1dc06fd76c544b479ae4947101f3dd62,ord_dataset-7d8f5fd922d4497d91cb81489b052746,848,01e4a8ca554bb910009e90a002adf8715b4472d445a894382f0a3e9517eff801,science_hte_campaign_97b28884900c
190,ord_dataset-7d8f5fd922d4497d91cb81489b052746:ord-1dd8ed34bbef47258ee19a72c891a2b7,ord_dataset-7d8f5fd922d4497d91cb81489b052746,967,fcc82223278070e89a9d43146507cf6a51d2d0dbbb8210318a3d3fe1cd890fbb,science_hte_campaign_a04d9653a525
191,ord_dataset-7d8f5fd922d4497d91cb81489b052746:ord-1de8ba9f6ee742fa9c96111e2f2829ca,ord_dataset-7d8f5fd922d4497d91cb81489b052746,1372,9f131710fe5663612fe53e46bbf144d2412db83331ea31f346a06e1b3a52e367,science_hte_campaign_4dcfd4b46ebc
192,ord_dataset-7d8f5fd922d4497d91cb81489b052746:ord-1df14197f8b34830b863f8bc16d56f28,ord_dataset-7d8f5fd922d4497d91cb81489b052746,615,2db7cc268d523664fd352661e5bc0948a6ad201e2f47335fef91dd1625e88b60,science_hte_campaign_3f02a74dbb14
193,ord_dataset-7d8f5fd922d4497d91cb81489b052746:ord-1e008ffea94b4ddeafd22f551fecde15,ord_dataset-7d8f5fd922d4497d91cb81489b052746,79,b13e0ec43c525483360e779cb6d3c241b405a9fbd0f57dc53121381945df440f,science_hte_campaign_ac8fc337e171
194,ord_dataset-7d8f5fd922d4497d91cb81489b052746:ord-1e05503f7a0f477bb501858f53464f83,ord_dataset-7d8f5fd922d4497d91cb81489b052746,56,8083ee8290750a5826d4c61faf6239a07c30dc567a9f1bf11230653f6f736815,science_hte_campaign_ac8fc337e171
195,ord_dataset-7d8f5fd922d4497d91cb81489b052746:ord-1e0ead56c7ef4e24ad316ca3b306ec76,ord_dataset-7d8f5fd922d4497d91cb81489b052746,1475,b638e4a4563215ed459ec8d9e3379992e29871131c4a08be168deca44abb2aa1,science_hte_campaign_ca267bf88824
196,ord_dataset-7d8f5fd922d4497d91cb81489b052746:ord-1e362addb476454daa6d5c2ca6767a9e,ord_dataset-7d8f5fd922d4497d91cb81489b052746,1244,70eb4ff73b62b70db5e6af9357fe3570410977dd8e89962e7a8711208cb70dca,science_hte_campaign_6bf2df144d3d
197,ord_dataset-7d8f5fd922d4497d91cb81489b052746:ord-1e3b3172551a4b3b996a09e8df4aab80,ord_dataset-7d8f5fd922d4497d91cb81489b052746,839,777380f1700129325559c864d68bc8d006d82f5200301cecface8a3790a98fa2,science_hte_campaign_97b28884900c
198,ord_dataset-7d8f5fd922d4497d91cb81489b052746:ord-1e5e4452def04683b4fdc3905555939d,ord_dataset-7d8f5fd922d4497d91cb81489b052746,50,7eb3129dd6a278334bfc005be3da7eaa528026d73055c3491dffd1bd886ced9a,science_hte_campaign_ac8fc337e171
199,ord_dataset-7d8f5fd922d4497d91cb81489b052746:ord-1e940e84533840dd872edce6b9504694,ord_dataset-7d8f5fd922d4497d91cb81489b052746,254,c7d65f8ab460068753cdbbe4f664474ea98a7975aacf887583b31c7514f577dd,science_hte_campaign_f324e61c5fa2
200,ord_dataset-7d8f5fd922d4497d91cb81489b052746:ord-1ead45b6176646eca77b1eda2164cb02,ord_dataset-7d8f5fd922d4497d91cb81489b052746,1115,89112b84a0af822d7eea2b3caf21af13b9bedfb2a2fd160ce91215ec9897d7ac,science_hte_campaign_2a3be0de5f5e
201,ord_dataset-7d8f5fd922d4497d91cb81489b052746:ord-1ef39b3a28c046d3bd58e5024cfdedc4,ord_dataset-7d8f5fd922d4497d91cb81489b052746,984,77fa8d9431ea3ff7745a566c416cf784a79d35843db38bf19fc440894878bc3d,science_hte_campaign_a04d9653a525
202,ord_dataset-7d8f5fd922d4497d91cb81489b052746:ord-1f149d35023942a2b441ff0fc508e307,ord_dataset-7d8f5fd922d4497d91cb81489b052746,861,b214e2a9b8250eb223267b2fab9e944b409164442160a864daba340f71b017dd,science_hte_campaign_97b28884900c
203,ord_dataset-7d8f5fd922d4497d91cb81489b052746:ord-1f2356a460854daaba71e928ff55baa4,ord_dataset-7d8f5fd922d4497d91cb81489b052746,821,dbb9b76d0952dc4f455c372f3ebb6a918f42b0c0d88b37a931b93b4852e8dede,science_hte_campaign_97b28884900c
204,ord_dataset-7d8f5fd922d4497d91cb81489b052746:ord-1f3c5466b9b4469ea2cc6f41d339aad0,ord_dataset-7d8f5fd922d4497d91cb81489b052746,21,94258400d8e9fa8d2171d97784785aea45f5691777af8aeb2070b7b1ee8ee7c1,science_hte_campaign_ac8fc337e171
205,ord_dataset-7d8f5fd922d4497d91cb81489b052746:ord-1fa8098ec5714e1b8067a24a09064c6e,ord_dataset-7d8f5fd922d4497d91cb81489b052746,210,b14d452f5bd9d8effeddbe5c729502567e43e1f3b5bfd9f7698e27ec51813c84,science_hte_campaign_f324e61c5fa2
206,ord_dataset-7d8f5fd922d4497d91cb81489b052746:ord-1fb29033fba744e691a00e89d47a943b,ord_dataset-7d8f5fd922d4497d91cb81489b052746,737,7cca2c026115b85b32378a07a7486f65dafdcb43fd3e46adaf4e3d62c6ff5260,science_hte_campaign_5dd9abf370cb
207,ord_dataset-7d8f5fd922d4497d91cb81489b052746:ord-1fd213343e284ba6b6bab237290f063d,ord_dataset-7d8f5fd922d4497d91cb81489b052746,620,43da83d0b37f3eeb4fc749175a3e7139afa1d22eb849a6c832d420d70269e435,science_hte_campaign_3f02a74dbb14
208,ord_dataset-7d8f5fd922d4497d91cb81489b052746:ord-1fd3b9e11f1641fda0196158c782a6de,ord_dataset-7d8f5fd922d4497d91cb81489b052746,436,2cbb29e2da441f166fa78281171abf4486b63004708513877a614517f139c13f,science_hte_campaign_aeefa100ca4f
209,ord_dataset-7d8f5fd922d4497d91cb81489b052746:ord-1ff00be83110475abc19e11e76aa94f7,ord_dataset-7d8f5fd922d4497d91cb81489b052746,502,fb9a2f101d551360bc3e013c15e4245ecaa308d2edd230801243a976168c9e7b,science_hte_campaign_283f403f90e1
210,ord_dataset-7d8f5fd922d4497d91cb81489b052746:ord-1ffce223d6e8461980d50978d7e097b1,ord_dataset-7d8f5fd922d4497d91cb81489b052746,324,efdaec1b4995820b64b4636f5ea96539a8f53261e2862b3047cbc9d7350d3e91,science_hte_campaign_8510665e92be
211,ord_dataset-7d8f5fd922d4497d91cb81489b052746:ord-201c368f80654375b9dbfa20abb9bc3d,ord_dataset-7d8f5fd922d4497d91cb81489b052746,911,8ce54398273ed2a6e9b3d71870d0049d599903f50000cb66703c2688ec596597,science_hte_campaign_d8d10c924377
212,ord_dataset-7d8f5fd922d4497d91cb81489b052746:ord-20a46a3208624b8fac787eec907448c5,ord_dataset-7d8f5fd922d4497d91cb81489b052746,1186,75117141356ec675f052c883f1da81142a717a5333eb2abf1dcf36c399cd285b,science_hte_campaign_6bf2df144d3d
213,ord_dataset-7d8f5fd922d4497d91cb81489b052746:ord-211071d0df6f44938473701dce97f786,ord_dataset-7d8f5fd922d4497d91cb81489b052746,1483,5f5ec996630a02129c8093b8d28c745cfc6670951864e0c724fe2e4bc40e404e,science_hte_campaign_ca267bf88824
214,ord_dataset-7d8f5fd922d4497d91cb81489b052746:ord-2129e716b4db431dae763e1db23693a3,ord_dataset-7d8f5fd922d4497d91cb81489b052746,151,3b8ccd53ac5a63bb5e346f2784c4a40b00e83d553606c05c92da049557b294ec,science_hte_campaign_c99fb883b4d8
215,ord_dataset-7d8f5fd922d4497d91cb81489b052746:ord-21361d87f9c74f5fa93b0435d2a6f609,ord_dataset-7d8f5fd922d4497d91cb81489b052746,1304,53851035bbd977c0475022738eeb81302b0b927b7696e5161c56ad28eb8ccf6c,science_hte_campaign_62bdfe294f99
216,ord_dataset-7d8f5fd922d4497d91cb81489b052746:ord-2155ef9fdee24c9f97bc2db132eec680,ord_dataset-7d8f5fd922d4497d91cb81489b052746,623,76fcb09e827acbf6bf384d125730914dfbe08a05e29a3cd6724000361a00751f,science_hte_campaign_3f02a74dbb14
217,ord_dataset-7d8f5fd922d4497d91cb81489b052746:ord-216597f7b0a24b9f84f94f34af28a4a0,ord_dataset-7d8f5fd922d4497d91cb81489b052746,983,7e9c21a6e017e2425c346d515b9e8923a3cc1f905248a34b51d1b61423e63cd1,science_hte_campaign_a04d9653a525
218,ord_dataset-7d8f5fd922d4497d91cb81489b052746:ord-21b0113c093d4e98960825825e8ef909,ord_dataset-7d8f5fd922d4497d91cb81489b052746,633,d870d83f6a99f135c3c515079d910ffda9c8e054158f3bfaa79526c6f45cca9c,science_hte_campaign_3f02a74dbb14
219,ord_dataset-7d8f5fd922d4497d91cb81489b052746:ord-21cf7984a82745079cdecb1b3f53f0de,ord_dataset-7d8f5fd922d4497d91cb81489b052746,538,40233d7a05cea2fc48861d9b5399e42d83f9b28d10e302348b44e6d24481f6f2,science_hte_campaign_283f403f90e1
220,ord_dataset-7d8f5fd922d4497d91cb81489b052746:ord-21f8f7ca7f994c65a0ccb26f935cd1e4,ord_dataset-7d8f5fd922d4497d91cb81489b052746,799,cd20e421abdf6f8041f8b6560ba03ccef7a77cf8aa85ab4bdea6e1f6775e3aaa,science_hte_campaign_97b28884900c
221,ord_dataset-7d8f5fd922d4497d91cb81489b052746:ord-2226972d68554a94b92bee42f547f68e,ord_dataset-7d8f5fd922d4497d91cb81489b052746,943,d927412459ad94d2e8a9d078346a59c206ad5c37a38a1338c8ad9ce7d84c10ee,science_hte_campaign_d8d10c924377
222,ord_dataset-7d8f5fd922d4497d91cb81489b052746:ord-223d74d9cea449b5b2e0822cbaaa8f92,ord_dataset-7d8f5fd922d4497d91cb81489b052746,978,7928e312d9e411462c00b20d8adf4a92d8f2af219592e712d5249ad55bd167e2,science_hte_campaign_a04d9653a525
223,ord_dataset-7d8f5fd922d4497d91cb81489b052746:ord-225650604e734cb6b51acc6ac1975f09,ord_dataset-7d8f5fd922d4497d91cb81489b052746,542,a5302afda287555302d83ececb0a517f76e9e4114f3b589911c3820d753372fc,science_hte_campaign_283f403f90e1
224,ord_dataset-7d8f5fd922d4497d91cb81489b052746:ord-227fe460236349e99695540f3e88d1c1,ord_dataset-7d8f5fd922d4497d91cb81489b052746,1066,2ca07256ccc2c62da535f84eb45f5654f3643ad2ec5322a4a42faab3171c09a2,science_hte_campaign_2a3be0de5f5e
225,ord_dataset-7d8f5fd922d4497d91cb81489b052746:ord-22b597448c0b41ff898c5629beef1b61,ord_dataset-7d8f5fd922d4497d91cb81489b052746,915,f78569aff963b80030ff72c71c27318c20c8d08045cf1b39c2af5ddf3620a331,science_hte_campaign_d8d10c924377
226,ord_dataset-7d8f5fd922d4497d91cb81489b052746:ord-22cdd229d76948869ca3ed7a34fff783,ord_dataset-7d8f5fd922d4497d91cb81489b052746,903,1e1065f5a5758c7bc7ffe02d54d531953b4a61d1ef9cdf63329b1016bae38000,science_hte_campaign_d8d10c924377
227,ord_dataset-7d8f5fd922d4497d91cb81489b052746:ord-22da23c535554474af627b106a020185,ord_dataset-7d8f5fd922d4497d91cb81489b052746,1526,0bf1121a777e64a9693d3ff390388480746cf224538f66c90f10870275ca6bc6,science_hte_campaign_ca267bf88824
228,ord_dataset-7d8f5fd922d4497d91cb81489b052746:ord-22ebb06f8de04cdf983af7f4c8598398,ord_dataset-7d8f5fd922d4497d91cb81489b052746,342,c5df6809f67fea009c4d302991769a9de3597d42758736c00fde68650db3fef0,science_hte_campaign_8510665e92be
229,ord_dataset-7d8f5fd922d4497d91cb81489b052746:ord-231f4cde64884ef9a1194763c8bf79b2,ord_dataset-7d8f5fd922d4497d91cb81489b052746,487,5c207a8360822ae85b84f5fa4167f9c3edb68ddf7b62ecf11b5f374fe1b0dc77,science_hte_campaign_283f403f90e1
230,ord_dataset-7d8f5fd922d4497d91cb81489b052746:ord-241b9f0b67f146d3b78f89c77fa994bd,ord_dataset-7d8f5fd922d4497d91cb81489b052746,780,95fdbf5514f6b7ddd269b11b91575c8e2b9b09ebe46a5ba94f5e4c805cf6ff28,science_hte_campaign_97b28884900c
231,ord_dataset-7d8f5fd922d4497d91cb81489b052746:ord-242fac4842d74da9bc8efc383f0724ff,ord_dataset-7d8f5fd922d4497d91cb81489b052746,133,f09e676c9c9cb2c0080bc3db1c66153927b4221315f61efefcb79cf9de21c0dc,science_hte_campaign_c99fb883b4d8
232,ord_dataset-7d8f5fd922d4497d91cb81489b052746:ord-244ecd2b3f5e456fa7fc5c49349cd983,ord_dataset-7d8f5fd922d4497d91cb81489b052746,28,75372c6a13fa9b625415800ecabf3bd153c2912443d84607c00648262cb98dfb,science_hte_campaign_ac8fc337e171
233,ord_dataset-7d8f5fd922d4497d91cb81489b052746:ord-24cbe930d5674834a05c35eca9239bc1,ord_dataset-7d8f5fd922d4497d91cb81489b052746,167,af56c9b0bb4e85c704dabf7864a53dd85068933e67d2db2ed28c5853d18dc3ca,science_hte_campaign_c99fb883b4d8
234,ord_dataset-7d8f5fd922d4497d91cb81489b052746:ord-251ca510516641319d48c9dd27d51e70,ord_dataset-7d8f5fd922d4497d91cb81489b052746,226,00767f2f6c7d8d4b65131611b06db591693e9b06a784b9303e67fd110bc92b48,science_hte_campaign_f324e61c5fa2
235,ord_dataset-7d8f5fd922d4497d91cb81489b052746:ord-256f53e14ed54ff28097d5a109432482,ord_dataset-7d8f5fd922d4497d91cb81489b052746,899,5a6e383fe893bd0c7b5d2330c31cabc770ee56d7bb2691e7b2b02731180f866f,science_hte_campaign_d8d10c924377
236,ord_dataset-7d8f5fd922d4497d91cb81489b052746:ord-259a3cccfa84442693f67358632f1c86,ord_dataset-7d8f5fd922d4497d91cb81489b052746,373,50eb22bdd7ada8c85e6f57b3c9b9f52a813ad348a65b5c0d20a092d3f44b1251,science_hte_campaign_8510665e92be
237,ord_dataset-7d8f5fd922d4497d91cb81489b052746:ord-25b3616dc99e4db7af6357e85bdade42,ord_dataset-7d8f5fd922d4497d91cb81489b052746,285,9a175a9cfd7288b7381e275cbca49045dd0af3462618189050941ef9c9e5451e,science_hte_campaign_f324e61c5fa2
238,ord_dataset-7d8f5fd922d4497d91cb81489b052746:ord-25c72a1a91bf4aa594d5962a7e6f7f92,ord_dataset-7d8f5fd922d4497d91cb81489b052746,478,30061abe2d268db045ed724c331ba7b92cdb93466067dbe0cd55043983776531,science_hte_campaign_aeefa100ca4f
239,ord_dataset-7d8f5fd922d4497d91cb81489b052746:ord-260b35e4bc844c2c9cbde2b7501ecdaf,ord_dataset-7d8f5fd922d4497d91cb81489b052746,494,2478cb0cbc6572b9a03221afa77196ccf8beca5639e443de022180ae93a1deec,science_hte_campaign_283f403f90e1
240,ord_dataset-7d8f5fd922d4497d91cb81489b052746:ord-2657d87357d749ca99eecdfbfea5f3b2,ord_dataset-7d8f5fd922d4497d91cb81489b052746,761,ba5b49ac1c335ff27bb776c08f3449a32fc23f95fa04a8a76f363d543614de2c,science_hte_campaign_5dd9abf370cb
241,ord_dataset-7d8f5fd922d4497d91cb81489b052746:ord-26989712536a4417ba5652333bf5b37f,ord_dataset-7d8f5fd922d4497d91cb81489b052746,698,321508e20023350222c3b86de4fadcec4fe7042df030a8a97eb9830eec0b048e,science_hte_campaign_5dd9abf370cb
242,ord_dataset-7d8f5fd922d4497d91cb81489b052746:ord-2698ea22088e4ee694f79bfaf99cdc77,ord_dataset-7d8f5fd922d4497d91cb81489b052746,1241,602edef590b2c6c79b8d29ed6b63d8717aad36d1175e8862c987f9f8067be6d9,science_hte_campaign_6bf2df144d3d
243,ord_dataset-7d8f5fd922d4497d91cb81489b052746:ord-26aa839e2f2a4ff9b1747f2e9351f9af,ord_dataset-7d8f5fd922d4497d91cb81489b052746,930,d45a4c744d26d752c9ede302931246730bbd5330d3ca9323f02c2f069169eba7,science_hte_campaign_d8d10c924377
244,ord_dataset-7d8f5fd922d4497d91cb81489b052746:ord-2704770778f84b1bb9c80e8ff1b87e7a,ord_dataset-7d8f5fd922d4497d91cb81489b052746,708,6058966f0fc21e3fa03570f68276310fadd9501abc51a9f183488eab38fbd732,science_hte_campaign_5dd9abf370cb
245,ord_dataset-7d8f5fd922d4497d91cb81489b052746:ord-27067fe7b45d4340bed1e4b267a74dc4,ord_dataset-7d8f5fd922d4497d91cb81489b052746,458,f2ed94a0f482ed9d3c2f9362a1f75b8d3389448edd9ec097f69bcb3ce2f55386,science_hte_campaign_aeefa100ca4f
246,ord_dataset-7d8f5fd922d4497d91cb81489b052746:ord-275dcb8a4fa543679a00930f7be3ee41,ord_dataset-7d8f5fd922d4497d91cb81489b052746,389,6144115421dc622c4dbfcefcb6366ced0ccbbb35960923f71ccaa5d125c02f1d,science_hte_campaign_aeefa100ca4f
247,ord_dataset-7d8f5fd922d4497d91cb81489b052746:ord-2770d98829e04cd683c0ea7efab737dd,ord_dataset-7d8f5fd922d4497d91cb81489b052746,1435,535200eeb2d3327f6e1f7c28f432eb2305936f28eb72fd07882df844027edcb7,science_hte_campaign_4dcfd4b46ebc
248,ord_dataset-7d8f5fd922d4497d91cb81489b052746:ord-279b2dd5b0924845b91c658870908f15,ord_dataset-7d8f5fd922d4497d91cb81489b052746,24,1d14f84480a7ca7a2f9b7c06e632df098db9e24dfe420ee267c7780b7047479d,science_hte_campaign_ac8fc337e171
249,ord_dataset-7d8f5fd922d4497d91cb81489b052746:ord-27a68461fbfe4ebb9af21549e3150218,ord_dataset-7d8f5fd922d4497d91cb81489b052746,801,dc00bf9bfb6297e617c74978e81a47a4d8361d06f88c7bc20425a3d319d7b8fc,science_hte_campaign_97b28884900c
250,ord_dataset-7d8f5fd922d4497d91cb81489b052746:ord-27a71e8c8d4348339c3c5dd1103fd194,ord_dataset-7d8f5fd922d4497d91cb81489b052746,348,e443d3b4902a57565f0f12af60ca481d5504a4510db43e915cf6cc0461bb77b7,science_hte_campaign_8510665e92be
251,ord_dataset-7d8f5fd922d4497d91cb81489b052746:ord-27b5113fe54643bcb15150daddb1da67,ord_dataset-7d8f5fd922d4497d91cb81489b052746,830,112c478f028a6ad6389f4a85adb572e81fcc46bb0af4247aa987abf5a5cd4c53,science_hte_campaign_97b28884900c
252,ord_dataset-7d8f5fd922d4497d91cb81489b052746:ord-27bcc787f52749ab9f34dc8ba39e902b,ord_dataset-7d8f5fd922d4497d91cb81489b052746,1018,8be47e1ceca388c74e80047a27ec68a00159f9fc1aab175f21bab9cbd4570abd,science_hte_campaign_a04d9653a525
253,ord_dataset-7d8f5fd922d4497d91cb81489b052746:ord-27bd7c38afda4ce2bafbc77e1fb4380b,ord_dataset-7d8f5fd922d4497d91cb81489b052746,186,e7de83eda2e3d668a4152796165ab4816b7947e192eb15ead2bbcd2342e0b055,science_hte_campaign_c99fb883b4d8
254,ord_dataset-7d8f5fd922d4497d91cb81489b052746:ord-27bf9d68311041eabd223ee6caba97d4,ord_dataset-7d8f5fd922d4497d91cb81489b052746,1268,e0e45ce4fe06d3d04c8a1b2c0d29dc03ce863f62c0452b97adbdab85845dcc34,science_hte_campaign_62bdfe294f99
255,ord_dataset-7d8f5fd922d4497d91cb81489b052746:ord-27f8877109c046a094e870bd8758219f,ord_dataset-7d8f5fd922d4497d91cb81489b052746,264,102abbb8c2592f03d4761404803aea1e0bee521e2270bdb4b7581ec089cde675,science_hte_campaign_f324e61c5fa2
256,ord_dataset-7d8f5fd922d4497d91cb81489b052746:ord-281b2583a7d7460ca94e29b9779f378f,ord_dataset-7d8f5fd922d4497d91cb81489b052746,916,4c3b67ee1102e3e5b4397de8685fab1fb3c0160bccf4516a68992cad34ffb16a,science_hte_campaign_d8d10c924377
257,ord_dataset-7d8f5fd922d4497d91cb81489b052746:ord-28345b9b422a4c5e8202eeba6862fb9b,ord_dataset-7d8f5fd922d4497d91cb81489b052746,914,caa0a16f6151f47137a00a5c6bb3cb1c066e11b4cddb3bb976ccf1847afb2620,science_hte_campaign_d8d10c924377
258,ord_dataset-7d8f5fd922d4497d91cb81489b052746:ord-2886d784f11e4fef8fbfd9c6418d4925,ord_dataset-7d8f5fd922d4497d91cb81489b052746,635,da0313991ff7dc1da229ad4bdbe6b5962d42d1bf86052f124fcb7982cc73edd1,science_hte_campaign_3f02a74dbb14
259,ord_dataset-7d8f5fd922d4497d91cb81489b052746:ord-2901cf0a0bcf4390ad02bf10a9e58ac0,ord_dataset-7d8f5fd922d4497d91cb81489b052746,679,8b1a07307264e78026b623aad16120f830cd949a7260621e1b0f76e311b9dbd8,science_hte_campaign_5dd9abf370cb
260,ord_dataset-7d8f5fd922d4497d91cb81489b052746:ord-29194817a9504c61acd524e9d3562f6f,ord_dataset-7d8f5fd922d4497d91cb81489b052746,980,650e0ac110081eddfe561f3007c8dc72f5879990b205f151b26d05ca1f0a7718,science_hte_campaign_a04d9653a525
261,ord_dataset-7d8f5fd922d4497d91cb81489b052746:ord-295aea268cd0403e8d5d01becbe720aa,ord_dataset-7d8f5fd922d4497d91cb81489b052746,896,83bf5cd73e3e4ba0d2537ea478d2267d41857a32cac0010bdedf512bf71ed28d,science_hte_campaign_d8d10c924377
262,ord_dataset-7d8f5fd922d4497d91cb81489b052746:ord-297d04e09d3f4cb0bc1411d90dad5044,ord_dataset-7d8f5fd922d4497d91cb81489b052746,548,3175ef461d9ba7ab034b18483355718451a595a5aaaa04d28f11d0cd95f7c233,science_hte_campaign_283f403f90e1
263,ord_dataset-7d8f5fd922d4497d91cb81489b052746:ord-2994046d1c9a43a581ad46317f2137f1,ord_dataset-7d8f5fd922d4497d91cb81489b052746,1211,6820c47995a5688298b58808bb6ad41aa83e0b3e86c45b29960a514eda2a1d6f,science_hte_campaign_6bf2df144d3d
264,ord_dataset-7d8f5fd922d4497d91cb81489b052746:ord-29a8e4f856284011a2d946a5ac797859,ord_dataset-7d8f5fd922d4497d91cb81489b052746,250,24b1cc18874fa61f9c9281711511fdb23e9f0e6fe2d142850a4b5ecf02eee432,science_hte_campaign_f324e61c5fa2
265,ord_dataset-7d8f5fd922d4497d91cb81489b052746:ord-2a396ddab2d6435a99a4c4ea17c25e40,ord_dataset-7d8f5fd922d4497d91cb81489b052746,557,6f81ed4e2fafda7dbef60542dc00271672452a3d1c06b9b3114750d3fd2248a5,science_hte_campaign_283f403f90e1
266,ord_dataset-7d8f5fd922d4497d91cb81489b052746:ord-2a6901261d314e5e9e024143067ead38,ord_dataset-7d8f5fd922d4497d91cb81489b052746,995,8e045744f489236f9e4a49378158a7f8b1703a9471472f8590b83b85d8d43c08,science_hte_campaign_a04d9653a525
267,ord_dataset-7d8f5fd922d4497d91cb81489b052746:ord-2a7ab61bf90247cc8b9083d8e34a066c,ord_dataset-7d8f5fd922d4497d91cb81489b052746,1065,f43128290b9eb74d3f98d76777fa6bb802fd687dae1dfafbc2354d85bbf22e8a,science_hte_campaign_2a3be0de5f5e
268,ord_dataset-7d8f5fd922d4497d91cb81489b052746:ord-2ab04aef7d2c43239c8f0c1a39e9a235,ord_dataset-7d8f5fd922d4497d91cb81489b052746,53,ccc531aba76f0971922435c4d41517b49b7dae3ed41b8ff476e1395c0bbcdeb1,science_hte_campaign_ac8fc337e171
269,ord_dataset-7d8f5fd922d4497d91cb81489b052746:ord-2ac7d84c360e453da1d4800c358b7898,ord_dataset-7d8f5fd922d4497d91cb81489b052746,257,b4510723975dbf2f691d591092dd2d0727cad20a1b74bd2bfc237ea6a7595899,science_hte_campaign_f324e61c5fa2
270,ord_dataset-7d8f5fd922d4497d91cb81489b052746:ord-2acef15f15414fb298ea49620ee3abf0,ord_dataset-7d8f5fd922d4497d91cb81489b052746,1113,c94ad2d46e096e3e8db22c391e075b55886d1104c5a528a122f76423598cdcb7,science_hte_campaign_2a3be0de5f5e
271,ord_dataset-7d8f5fd922d4497d91cb81489b052746:ord-2b0a6845a888465fa468980565b469e2,ord_dataset-7d8f5fd922d4497d91cb81489b052746,339,ca17e2622d0507753d0bc088bb6ce4234009232493accaff6b3c0c500ab3efe0,science_hte_campaign_8510665e92be
272,ord_dataset-7d8f5fd922d4497d91cb81489b052746:ord-2b0de22a198f4436be5ae7f64994e422,ord_dataset-7d8f5fd922d4497d91cb81489b052746,328,cd77f7dc423909640b7ef5240931d128a7d906a05e6f988f8c99c24fbd89c3d1,science_hte_campaign_8510665e92be
273,ord_dataset-7d8f5fd922d4497d91cb81489b052746:ord-2b3db9e103ce4810a5825f8e80cbdf43,ord_dataset-7d8f5fd922d4497d91cb81489b052746,1058,63be2225741c7f84591161d6a83a33243f9d72573d38ffd90d4dda3edbb667bb,science_hte_campaign_2a3be0de5f5e
274,ord_dataset-7d8f5fd922d4497d91cb81489b052746:ord-2b4914485a8248b9bba67def60e738b5,ord_dataset-7d8f5fd922d4497d91cb81489b052746,426,7519b6f9835e078564e7ee2cebed37f72fcfa361adb9df2b5d9fc44e2b1cb22c,science_hte_campaign_aeefa100ca4f
275,ord_dataset-7d8f5fd922d4497d91cb81489b052746:ord-2b5aa5078b0b456fbbda6bc49fc0e428,ord_dataset-7d8f5fd922d4497d91cb81489b052746,1464,aad93a74698b175eda62327051d7d0a9b50cc4efa2e5b74d531816e840ca0a81,science_hte_campaign_ca267bf88824
276,ord_dataset-7d8f5fd922d4497d91cb81489b052746:ord-2b5c750e4e4840dcb1d0edb94e0a35a6,ord_dataset-7d8f5fd922d4497d91cb81489b052746,629,b4c8c9683ae0df1fba92f0948df003b1296eb683b86d8e1ed5899f17d80013e4,science_hte_campaign_3f02a74dbb14
277,ord_dataset-7d8f5fd922d4497d91cb81489b052746:ord-2b8b8d5dc691473fa23b6b207268fbc4,ord_dataset-7d8f5fd922d4497d91cb81489b052746,314,0802044f83e560b47fc9b96b147c2172e5a6fb1eec0225c08aa85e24966dc478,science_hte_campaign_8510665e92be
278,ord_dataset-7d8f5fd922d4497d91cb81489b052746:ord-2ba9c8d0ea134ce3bf486ea13331670c,ord_dataset-7d8f5fd922d4497d91cb81489b052746,1364,df656187621db571bc4b4c7488f3d27c905275cf1e028bfe0fa4d4d4d4ad30b8,science_hte_campaign_4dcfd4b46ebc
279,ord_dataset-7d8f5fd922d4497d91cb81489b052746:ord-2c4485799b444678bfb3d129bf71c1b3,ord_dataset-7d8f5fd922d4497d91cb81489b052746,48,d6e26aa7ed9493a07f5538be3301fecd5c0e88da954ec99af79256fb2a6d12cb,science_hte_campaign_ac8fc337e171
280,ord_dataset-7d8f5fd922d4497d91cb81489b052746:ord-2c59292341e84d06a66550fba5010129,ord_dataset-7d8f5fd922d4497d91cb81489b052746,439,26ae897dbbc08c97516ace5c42ff220145a5204fed30065ef01b0869faee4816,science_hte_campaign_aeefa100ca4f
281,ord_dataset-7d8f5fd922d4497d91cb81489b052746:ord-2c7d706ac2734119a37f48f06ad6f1eb,ord_dataset-7d8f5fd922d4497d91cb81489b052746,420,0abfe955ba7cf26080bfc1b7c7087ba1e94f5ea614b0615d6ae62b0317127b99,science_hte_campaign_aeefa100ca4f
282,ord_dataset-7d8f5fd922d4497d91cb81489b052746:ord-2c87c2e36171446db76b6ae57b79df47,ord_dataset-7d8f5fd922d4497d91cb81489b052746,1219,038f61e85ae0513bba3b5354b9d2605aaf3126c286a01b910dcba401ef344dbb,science_hte_campaign_6bf2df144d3d
283,ord_dataset-7d8f5fd922d4497d91cb81489b052746:ord-2c9a90dc1f034b669704423527e602a0,ord_dataset-7d8f5fd922d4497d91cb81489b052746,308,d62596c3da4180bf23c28747c26fb1f1533e6208190138d4621229e2c388eb1c,science_hte_campaign_8510665e92be
284,ord_dataset-7d8f5fd922d4497d91cb81489b052746:ord-2ccd6f52aa0841ff842d18f547793c31,ord_dataset-7d8f5fd922d4497d91cb81489b052746,160,c5bd36d6e5250e53d6f792cf7550fa1f16ddc1cda08b2ae5120e42e5f6f44932,science_hte_campaign_c99fb883b4d8
285,ord_dataset-7d8f5fd922d4497d91cb81489b052746:ord-2cf8fe5e2a154737a514f4e1cec0a161,ord_dataset-7d8f5fd922d4497d91cb81489b052746,237,214e1587c8955de34ed4bb8a415e7f08d7efee124c5a5aeb20529961578bf733,science_hte_campaign_f324e61c5fa2
286,ord_dataset-7d8f5fd922d4497d91cb81489b052746:ord-2d475476ba47463d98243ae68cf09428,ord_dataset-7d8f5fd922d4497d91cb81489b052746,907,03c2ba20d54dd76e524a43a32e4aa30a301132edc83c3897637a65b1b663679b,science_hte_campaign_d8d10c924377
287,ord_dataset-7d8f5fd922d4497d91cb81489b052746:ord-2d6901b5341940ea9c821de85974adea,ord_dataset-7d8f5fd922d4497d91cb81489b052746,754,add0b2c74c1c9a298bb20ed691a638f2111afa7b8b56525147c2ae494cd8e73a,science_hte_campaign_5dd9abf370cb
288,ord_dataset-7d8f5fd922d4497d91cb81489b052746:ord-2d6b47ae98664b1d84a16793c66e1c43,ord_dataset-7d8f5fd922d4497d91cb81489b052746,211,10f7846ecd8689bb6de65b83af5974853c757d9addf8ca8ef3d63797e2ede8e2,science_hte_campaign_f324e61c5fa2
289,ord_dataset-7d8f5fd922d4497d91cb81489b052746:ord-2d79e613b7064028b192dd61dcb6e938,ord_dataset-7d8f5fd922d4497d91cb81489b052746,1518,08db24c62c43327e9548783aa577c865194f8bc9a6acc3fcf40d2e005bf984d0,science_hte_campaign_ca267bf88824
290,ord_dataset-7d8f5fd922d4497d91cb81489b052746:ord-2d91a08424d14ec98766768758af648d,ord_dataset-7d8f5fd922d4497d91cb81489b052746,375,4037c149258ebf60e1a539b5aadfad86a76be2aa3058825f82b0ccf746a3d5ff,science_hte_campaign_8510665e92be
291,ord_dataset-7d8f5fd922d4497d91cb81489b052746:ord-2dda2de07ece47e69228d37d6228c35f,ord_dataset-7d8f5fd922d4497d91cb81489b052746,1275,71542662255dcf92b33cdacb287c66306c1878ffde8321f9b48cdadf10e1cdfa,science_hte_campaign_62bdfe294f99
292,ord_dataset-7d8f5fd922d4497d91cb81489b052746:ord-2e2df3f4cd7c4c71bce4866d7d88b351,ord_dataset-7d8f5fd922d4497d91cb81489b052746,1336,e0410a9c6feb9fe6382a242afa5953559860830d42126b4dcba9100156c7224a,science_hte_campaign_62bdfe294f99
293,ord_dataset-7d8f5fd922d4497d91cb81489b052746:ord-2e40494e6f174f028fc24c7e412ad224,ord_dataset-7d8f5fd922d4497d91cb81489b052746,35,8a3cfbc9ea0ed2697fa9a7c32a61f6eaaf020e20be6f1eafa47fdbdeffdda9d5,science_hte_campaign_ac8fc337e171
294,ord_dataset-7d8f5fd922d4497d91cb81489b052746:ord-2e4d335edbab42a29f86f1d6253f73cf,ord_dataset-7d8f5fd922d4497d91cb81489b052746,245,5ca2b82aaa1a656a03c2ba96a2da27fc9ce02c4f025d5ca093eecf73ed786fc1,science_hte_campaign_f324e61c5fa2
295,ord_dataset-7d8f5fd922d4497d91cb81489b052746:ord-2e9a6404c8d34907843a0b52458b3ea6,ord_dataset-7d8f5fd922d4497d91cb81489b052746,1429,ae719547024fe51373609b516539dab6e18bbb0425eeca5f430ecef8012bc7ea,science_hte_campaign_4dcfd4b46ebc
296,ord_dataset-7d8f5fd922d4497d91cb81489b052746:ord-2f0e327341bd4d5b86548916523ff582,ord_dataset-7d8f5fd922d4497d91cb81489b052746,1068,808950e14ae4cbffa295ad75321d315035bf0cf255450ae45cc62997917b6786,science_hte_campaign_2a3be0de5f5e
297,ord_dataset-7d8f5fd922d4497d91cb81489b052746:ord-2f18010ae8c8478f869a83c66847c19c,ord_dataset-7d8f5fd922d4497d91cb81489b052746,1031,70c252d088ca0e2e20c669997492a04feda1233972142904402b4679abca87f8,science_hte_campaign_a04d9653a525
298,ord_dataset-7d8f5fd922d4497d91cb81489b052746:ord-2f5ffad195bf40aab49931e3d1a3727c,ord_dataset-7d8f5fd922d4497d91cb81489b052746,840,d50fc79312ba4b2fcb54c998892e1f9ad8c026cc7b9f652bc0e7202813881054,science_hte_campaign_97b28884900c
299,ord_dataset-7d8f5fd922d4497d91cb81489b052746:ord-2f796da080394436b2d24090ed7ba2be,ord_dataset-7d8f5fd922d4497d91cb81489b052746,1208,edd7da6d38f354c5e7fc25e312c44b0144b6cdb58c087fc783928d1f181af307,science_hte_campaign_6bf2df144d3d
300,ord_dataset-7d8f5fd922d4497d91cb81489b052746:ord-2f7ae5aeddcc43828c334b859ea5da98,ord_dataset-7d8f5fd922d4497d91cb81489b052746,876,da4874ac7db20b3bf839dda9254b55e708204db9987c807df8f2a6a629115ea0,science_hte_campaign_d8d10c924377
301,ord_dataset-7d8f5fd922d4497d91cb81489b052746:ord-2f890ad4188348588d66577f498ccc6f,ord_dataset-7d8f5fd922d4497d91cb81489b052746,101,e1b1d604a90902da64bb312470fdc1f90bd77e63e3693f382e9dfbf3a4c2fd06,science_hte_campaign_c99fb883b4d8
302,ord_dataset-7d8f5fd922d4497d91cb81489b052746:ord-2f9fd37ba0d94da6aeadb87f4b525655,ord_dataset-7d8f5fd922d4497d91cb81489b052746,235,41033620461d21e954afa6d793f452198d98d8f694ee74ee00b32fa89b0273ad,science_hte_campaign_f324e61c5fa2
303,ord_dataset-7d8f5fd922d4497d91cb81489b052746:ord-2fa9c47554e3429d911d3162aa7aaea5,ord_dataset-7d8f5fd922d4497d91cb81489b052746,946,451c7466a7a3d0690ece4f4ed760003f62d828b1e9eb981660536f328a35365a,science_hte_campaign_d8d10c924377
304,ord_dataset-7d8f5fd922d4497d91cb81489b052746:ord-3002f2964ab24e3c872a76e7adf27d59,ord_dataset-7d8f5fd922d4497d91cb81489b052746,582,49eb33409a9f4b5fb1b1985f21c8b2279e90a757c2b8c4aaf0aa5d4dbc72ed27,science_hte_campaign_3f02a74dbb14
305,ord_dataset-7d8f5fd922d4497d91cb81489b052746:ord-301caa219f864154ab322b3ba4d23c01,ord_dataset-7d8f5fd922d4497d91cb81489b052746,6,2bf9eee386c65f9cf300c11e077ff40b61ff3802ad59f00ed98ebb85303dd518,science_hte_campaign_ac8fc337e171
306,ord_dataset-7d8f5fd922d4497d91cb81489b052746:ord-305abbbd9ae74df18176591d5a18a544,ord_dataset-7d8f5fd922d4497d91cb81489b052746,1010,41444ef7784586a2e43362dd5b4a281ed71a709a9b748874da6516c5c9d45533,science_hte_campaign_a04d9653a525
307,ord_dataset-7d8f5fd922d4497d91cb81489b052746:ord-306cfc326e3e44ddb93c0d0813195174,ord_dataset-7d8f5fd922d4497d91cb81489b052746,835,f4b4903e5e207914a0f6af269cb0aafa000dab51ab0c906fc18266515313f42d,science_hte_campaign_97b28884900c
308,ord_dataset-7d8f5fd922d4497d91cb81489b052746:ord-3079363eae05406cb2fe76b065fc4d45,ord_dataset-7d8f5fd922d4497d91cb81489b052746,1535,ca325f83e580beb28dc023d04b3c3b6aa0163a4908c7c6761ca651cc8fd6017d,science_hte_campaign_ca267bf88824
309,ord_dataset-7d8f5fd922d4497d91cb81489b052746:ord-30c8d190c70b41969cf3b35265ae66b4,ord_dataset-7d8f5fd922d4497d91cb81489b052746,12,4f045c6929b05136550761235f264127017cca7ff22fc082978a4e0c6bb654e4,science_hte_campaign_ac8fc337e171
310,ord_dataset-7d8f5fd922d4497d91cb81489b052746:ord-30ce0502fb604983924221b3a724b3f7,ord_dataset-7d8f5fd922d4497d91cb81489b052746,246,ac141719cbac3eba3d80724cac0a0ed0efc4e3ea792710d56f801c2400931528,science_hte_campaign_f324e61c5fa2
311,ord_dataset-7d8f5fd922d4497d91cb81489b052746:ord-30e8b23d8f454b2aae34f87ba098cd07,ord_dataset-7d8f5fd922d4497d91cb81489b052746,1529,867eb433de39a16301feba21f861c482969cf3b5890a0b14ded6591909308e88,science_hte_campaign_ca267bf88824
312,ord_dataset-7d8f5fd922d4497d91cb81489b052746:ord-30ef938f951348d4ad93377a2524d2dd,ord_dataset-7d8f5fd922d4497d91cb81489b052746,1400,62c04a17a82c1cf894cf851e079607fb8e909996a767380b593ab4453bc76af4,science_hte_campaign_4dcfd4b46ebc
313,ord_dataset-7d8f5fd922d4497d91cb81489b052746:ord-312a7f7f506b4eb49802899438257f14,ord_dataset-7d8f5fd922d4497d91cb81489b052746,1491,85dc409f36074c1aab1b935a6f642004944363c843d2702b6ef1c1ba56ea0c67,science_hte_campaign_ca267bf88824
314,ord_dataset-7d8f5fd922d4497d91cb81489b052746:ord-31330418d67a4a0a9d1de947123da025,ord_dataset-7d8f5fd922d4497d91cb81489b052746,209,3cf7f9e1fdd61e7f0cb7c1b0b3342b0055d07a2c8cdf550cafb57ceebf5696d7,science_hte_campaign_f324e61c5fa2
315,ord_dataset-7d8f5fd922d4497d91cb81489b052746:ord-317c2480ec9b4affab7a8d16c8f825aa,ord_dataset-7d8f5fd922d4497d91cb81489b052746,157,73514c0c317af3a6b7d69d6695979c7e3925f7ceaeee593991dc326cb48ac4e3,science_hte_campaign_c99fb883b4d8
316,ord_dataset-7d8f5fd922d4497d91cb81489b052746:ord-318648053a614edf9ace297e58d3b747,ord_dataset-7d8f5fd922d4497d91cb81489b052746,184,d14776e95d2de1e4d50779dab8ed146561781a258a42057b289a1810586e1c8c,science_hte_campaign_c99fb883b4d8
317,ord_dataset-7d8f5fd922d4497d91cb81489b052746:ord-31a3f304b99f4bce93eda2b234a662f9,ord_dataset-7d8f5fd922d4497d91cb81489b052746,561,add843a2ca2f037ae2921f36ceafcb48165b75a91eb0a17bf7c922334351e56e,science_hte_campaign_283f403f90e1
318,ord_dataset-7d8f5fd922d4497d91cb81489b052746:ord-31f3070b24384dfa9e560e441989c0d1,ord_dataset-7d8f5fd922d4497d91cb81489b052746,95,ef77b12574f6630757e966a238785eee9c34fc1240207b16506c14f01ec3ca7b,science_hte_campaign_ac8fc337e171
319,ord_dataset-7d8f5fd922d4497d91cb81489b052746:ord-322fcdc1d83b4074b6fc0d524c1ca61e,ord_dataset-7d8f5fd922d4497d91cb81489b052746,551,4e9d858722f52bef6cb42a2c6ea72b7d44c449a503d8b0dfa72581142947665d,science_hte_campaign_283f403f90e1
320,ord_dataset-7d8f5fd922d4497d91cb81489b052746:ord-3232c327ee1b4548accadb8010225782,ord_dataset-7d8f5fd922d4497d91cb81489b052746,427,6574054c412472bb55ab0c05f89b766c5f149c5eae725e9bf5160d0d5d24037c,science_hte_campaign_aeefa100ca4f
321,ord_dataset-7d8f5fd922d4497d91cb81489b052746:ord-3248511b4f594b7896396bfb7a2bcf86,ord_dataset-7d8f5fd922d4497d91cb81489b052746,255,4daf3ab1370414a71c3196819d27f26a7ca5c3bba9e79b8bc6ff121ed9d9b3dc,science_hte_campaign_f324e61c5fa2
322,ord_dataset-7d8f5fd922d4497d91cb81489b052746:ord-325407522c7a440f954076e6cbd9d93d,ord_dataset-7d8f5fd922d4497d91cb81489b052746,831,8cc754db290c0065a8c08834795676d29c3150f45820e77d49a2485fb12de185,science_hte_campaign_97b28884900c
323,ord_dataset-7d8f5fd922d4497d91cb81489b052746:ord-32a2494663954eb99f85689dd98294c6,ord_dataset-7d8f5fd922d4497d91cb81489b052746,1194,1e5d7365728a4950827f2d323a0fc5e39141a92dda931a2042bb69618357ca3d,science_hte_campaign_6bf2df144d3d
324,ord_dataset-7d8f5fd922d4497d91cb81489b052746:ord-32dd57f381754547abbb60221fc82d52,ord_dataset-7d8f5fd922d4497d91cb81489b052746,1135,8fbf62dfabdf0e37cb32539a872beafeb0a957ab90c5fcf012217a0c09953878,science_hte_campaign_2a3be0de5f5e
325,ord_dataset-7d8f5fd922d4497d91cb81489b052746:ord-339ded9ce2ea43fa874c973b956e1ec2,ord_dataset-7d8f5fd922d4497d91cb81489b052746,757,bd393d614e7188921dae90734411af8d19abe352600dc6b256449949c3f4528b,science_hte_campaign_5dd9abf370cb
326,ord_dataset-7d8f5fd922d4497d91cb81489b052746:ord-33b469c2b5fc4cf9ad418bbb88d90765,ord_dataset-7d8f5fd922d4497d91cb81489b052746,213,5594aec6aaa4cfb7aca65470051246837aa32352ce4e87db5dbfe23964be2d0d,science_hte_campaign_f324e61c5fa2
327,ord_dataset-7d8f5fd922d4497d91cb81489b052746:ord-33e7ae8e246a49bfbb0e8232a7702d4f,ord_dataset-7d8f5fd922d4497d91cb81489b052746,242,b2ea1a844b37d8deddb373a11746e49300950c68be70efa76be0bb927f7faaeb,science_hte_campaign_f324e61c5fa2
328,ord_dataset-7d8f5fd922d4497d91cb81489b052746:ord-3408fcc21b18468ebd1aa4ff9cdf77da,ord_dataset-7d8f5fd922d4497d91cb81489b052746,811,86e7355e713cb8781043210164c3823a5b3cfc041bf2574434eaa7c2b8219f1e,science_hte_campaign_97b28884900c
329,ord_dataset-7d8f5fd922d4497d91cb81489b052746:ord-343dec97186343bf9539b464a28df95a,ord_dataset-7d8f5fd922d4497d91cb81489b052746,1195,8d39629cc76a474a4bcb4a30dfd1a757a7c9b3c8cae01e0efc808cc465f8dac3,science_hte_campaign_6bf2df144d3d
330,ord_dataset-7d8f5fd922d4497d91cb81489b052746:ord-344ccc5f6a6344e5b3733883cad3d99f,ord_dataset-7d8f5fd922d4497d91cb81489b052746,922,42083b2541fd9926753c469025067c4f9c8840e13ad5060e56791054f38725da,science_hte_campaign_d8d10c924377
331,ord_dataset-7d8f5fd922d4497d91cb81489b052746:ord-34638c5381024c6d807f01cf5b4a7517,ord_dataset-7d8f5fd922d4497d91cb81489b052746,510,37e899bcdd4f2c0cecbc1934199716d2ee2fcd09f1e2d20216f38986405d512c,science_hte_campaign_283f403f90e1
332,ord_dataset-7d8f5fd922d4497d91cb81489b052746:ord-3465ac8131434d9284c532c38511395a,ord_dataset-7d8f5fd922d4497d91cb81489b052746,216,52ce1d9e81d576a26534e2cc95a9ccdd36b0181bdfaa6c751387c8439f66571b,science_hte_campaign_f324e61c5fa2
333,ord_dataset-7d8f5fd922d4497d91cb81489b052746:ord-348999475ae448ef99e182ece5f4d70a,ord_dataset-7d8f5fd922d4497d91cb81489b052746,1083,cd9b0383e12785a390bacc7735da99c8155fc09121e5a18dd1d6fbd99e5a2f8b,science_hte_campaign_2a3be0de5f5e
334,ord_dataset-7d8f5fd922d4497d91cb81489b052746:ord-34981a6c20c94f23b9c6e3c4b6372137,ord_dataset-7d8f5fd922d4497d91cb81489b052746,63,bef8d79668a685ced73e1d82a385c1bcb3214945eb45fea72162e4fb96623077,science_hte_campaign_ac8fc337e171
335,ord_dataset-7d8f5fd922d4497d91cb81489b052746:ord-34a460773447446d9c7643f0499ec3dc,ord_dataset-7d8f5fd922d4497d91cb81489b052746,1433,8e25ad0623fdf4f4fffc989e5c86ebbe280ca0e19e7cdd98743e52e2f813c53d,science_hte_campaign_4dcfd4b46ebc
336,ord_dataset-7d8f5fd922d4497d91cb81489b052746:ord-3510b1cff2bd4c31a3a623db4eb923f1,ord_dataset-7d8f5fd922d4497d91cb81489b052746,1459,bd39ffbfbe27616a0d5009a9511a57959cacc889a9d2185c583a5753ccff72d4,science_hte_campaign_ca267bf88824
337,ord_dataset-7d8f5fd922d4497d91cb81489b052746:ord-352e5701266946d3a9bd8d2a6ba59b2a,ord_dataset-7d8f5fd922d4497d91cb81489b052746,673,1d93cac7974258a1d66aecacb030ac80c686e08f466990ae2014a5703f3682f5,science_hte_campaign_5dd9abf370cb
338,ord_dataset-7d8f5fd922d4497d91cb81489b052746:ord-35332ef5ba58441ebc90f137422affb0,ord_dataset-7d8f5fd922d4497d91cb81489b052746,1448,a28d2d1ae5955be1f4002614fd6bcd08cbcf39eb711a855af054aecf7199aa65,science_hte_campaign_ca267bf88824
339,ord_dataset-7d8f5fd922d4497d91cb81489b052746:ord-35bad2d0167746169828bd75d62f6f9e,ord_dataset-7d8f5fd922d4497d91cb81489b052746,54,cbe779fe059246fe75d84212eb74f6c779a08c8b60e8ddead1847b15b4135c99,science_hte_campaign_ac8fc337e171
340,ord_dataset-7d8f5fd922d4497d91cb81489b052746:ord-365a0cac32574cc1ab582457e90f68bb,ord_dataset-7d8f5fd922d4497d91cb81489b052746,1045,07d09d53746d9cb0987269d14fc512e4f5685fefa8abd3fadad86238b946a8e9,science_hte_campaign_a04d9653a525
341,ord_dataset-7d8f5fd922d4497d91cb81489b052746:ord-36744274916a408c91ab312aff44bd13,ord_dataset-7d8f5fd922d4497d91cb81489b052746,136,8e200fb064b86fbbcb771504fe082a95a1fbe81c3e72195a46303fcf85de244c,science_hte_campaign_c99fb883b4d8
342,ord_dataset-7d8f5fd922d4497d91cb81489b052746:ord-36a58bc178a241c5b12e86c9c94328cc,ord_dataset-7d8f5fd922d4497d91cb81489b052746,581,66d033bc8156c1a232a6fd31f75e07ee5c2298a7de1468eac22437b808c1427c,science_hte_campaign_3f02a74dbb14
343,ord_dataset-7d8f5fd922d4497d91cb81489b052746:ord-36dc3c4d47b743deac16ad72d6a0112f,ord_dataset-7d8f5fd922d4497d91cb81489b052746,1349,d0d10527c3896ad137af2f6d5f5ea13792a55c3d1973f2645ffb30c23e833bfd,science_hte_campaign_4dcfd4b46ebc
344,ord_dataset-7d8f5fd922d4497d91cb81489b052746:ord-371c3a0f71024d31a5d5a6be22c5b3d4,ord_dataset-7d8f5fd922d4497d91cb81489b052746,1279,0c451aa9c5c8e318027d4daf4cb259015c75f727e26d5ed930d7b482c79faf05,science_hte_campaign_62bdfe294f99
345,ord_dataset-7d8f5fd922d4497d91cb81489b052746:ord-3737da5147cb48b28725c90c3d98d9c1,ord_dataset-7d8f5fd922d4497d91cb81489b052746,4,27a62cf5224875df64e41a1241eb092a3be9248fa9eafb3d911514b30523f9ef,science_hte_campaign_ac8fc337e171
346,ord_dataset-7d8f5fd922d4497d91cb81489b052746:ord-37405d60c27e491f9d4acfd41db2b899,ord_dataset-7d8f5fd922d4497d91cb81489b052746,1215,3fe3945244241297bd2b4679e068d0c1a63ef1def45509c1f9fd8cc758d9a550,science_hte_campaign_6bf2df144d3d
347,ord_dataset-7d8f5fd922d4497d91cb81489b052746:ord-37589a5179f74aa392b412b38f826e72,ord_dataset-7d8f5fd922d4497d91cb81489b052746,1441,c44c976dedfda9096c2b9bac980d1c39847542b9df82b7e0771a59b62bacf7a3,science_hte_campaign_ca267bf88824
348,ord_dataset-7d8f5fd922d4497d91cb81489b052746:ord-37b6cae7b2794df4b386a7c388f1ec65,ord_dataset-7d8f5fd922d4497d91cb81489b052746,1507,9e7bbd0ed80821470d6f41ba3322060611f5ab95d84885ef60114021ee0f7496,science_hte_campaign_ca267bf88824
349,ord_dataset-7d8f5fd922d4497d91cb81489b052746:ord-37bf4cdfce07410cbac2084899310d38,ord_dataset-7d8f5fd922d4497d91cb81489b052746,1004,3949e3faeadc7af6058ed3e85b3324cbc06f374cf0fc8596d132dc6db598f435,science_hte_campaign_a04d9653a525
350,ord_dataset-7d8f5fd922d4497d91cb81489b052746:ord-386489d386cf486da91731408343aca3,ord_dataset-7d8f5fd922d4497d91cb81489b052746,520,c4052bf917b38554b7ea1cea51e05c131f0c96e7b7260c398a08592e36050c14,science_hte_campaign_283f403f90e1
351,ord_dataset-7d8f5fd922d4497d91cb81489b052746:ord-388a9f0548e643478f7b3234e38255df,ord_dataset-7d8f5fd922d4497d91cb81489b052746,407,f0cba917077dab0a40adbb42ae8e12c11b30d15e9a161791e180d0eb54a4b511,science_hte_campaign_aeefa100ca4f
352,ord_dataset-7d8f5fd922d4497d91cb81489b052746:ord-38e980a4f01d4741b0e2da8309446e83,ord_dataset-7d8f5fd922d4497d91cb81489b052746,1359,970b85849aa913d37fafc955becba6312041501f78a4ceb60bb663b84e709da7,science_hte_campaign_4dcfd4b46ebc
353,ord_dataset-7d8f5fd922d4497d91cb81489b052746:ord-39463f2dea2b483188d4cbc535e75937,ord_dataset-7d8f5fd922d4497d91cb81489b052746,1203,20e1f505858e34d3d4eade0753cb8241d5463ffced6ea9f12bf79a050639ae45,science_hte_campaign_6bf2df144d3d
354,ord_dataset-7d8f5fd922d4497d91cb81489b052746:ord-39610446db8e44ce9dafaffdbdf9b847,ord_dataset-7d8f5fd922d4497d91cb81489b052746,1235,ebb57337f32798fc997acfd29a1597631ed181dd76ea98a143eede7fce0f2246,science_hte_campaign_6bf2df144d3d
355,ord_dataset-7d8f5fd922d4497d91cb81489b052746:ord-3995d40689174e27909f77e65f447c4a,ord_dataset-7d8f5fd922d4497d91cb81489b052746,1157,5205c762cfe4bcd1a528c17eff8cbccbbf621e64fa88a5b98311a88a1ce1c7c7,science_hte_campaign_6bf2df144d3d
356,ord_dataset-7d8f5fd922d4497d91cb81489b052746:ord-399a25fa775f4e3a8c3d4effe30dccd8,ord_dataset-7d8f5fd922d4497d91cb81489b052746,951,d32e36f7f9a4b51e50859ae50bbcf6a7ef8bc3ed1a6dbe2e13e84d81da719d57,science_hte_campaign_d8d10c924377
357,ord_dataset-7d8f5fd922d4497d91cb81489b052746:ord-39cd9aa2d8c747a8b56ffce650a802c6,ord_dataset-7d8f5fd922d4497d91cb81489b052746,1095,7c15b06997f9afad01763a038a5d98f23bd4ee569584e10604a2eafffcdbd09b,science_hte_campaign_2a3be0de5f5e
358,ord_dataset-7d8f5fd922d4497d91cb81489b052746:ord-39df12caaed34a71a312fdd065307b7b,ord_dataset-7d8f5fd922d4497d91cb81489b052746,1037,f4ab16b368b95066dc1dab1ea918ee19ff267303d642b73fde6b2db73ee68e8b,science_hte_campaign_a04d9653a525
359,ord_dataset-7d8f5fd922d4497d91cb81489b052746:ord-3a330f2aef9f4045ad13ca66312cc515,ord_dataset-7d8f5fd922d4497d91cb81489b052746,693,e254d55c2cc36306498a8426dbe1f20352fcc771d94d452c428db028167055f4,science_hte_campaign_5dd9abf370cb
360,ord_dataset-7d8f5fd922d4497d91cb81489b052746:ord-3a586e757ada44da9143f14b115135e2,ord_dataset-7d8f5fd922d4497d91cb81489b052746,41,89043f2cfca5d2135039e17aa08c1e3e5e44e929603b2ce66ac706c9664fbce4,science_hte_campaign_ac8fc337e171
361,ord_dataset-7d8f5fd922d4497d91cb81489b052746:ord-3af8d686f20147ca9a229701e583cdb6,ord_dataset-7d8f5fd922d4497d91cb81489b052746,878,e684dbc8c311ed61d63508aafd64b1a84677ef075d5a01bea63b85923b61b2f4,science_hte_campaign_d8d10c924377
362,ord_dataset-7d8f5fd922d4497d91cb81489b052746:ord-3afc5c8a45c140b5b4f8e5e69cfd1e5c,ord_dataset-7d8f5fd922d4497d91cb81489b052746,662,e33b759034f9c59032b4a812a06a9d9928bb6ccc7005de1744ca51810200fd81,science_hte_campaign_3f02a74dbb14
363,ord_dataset-7d8f5fd922d4497d91cb81489b052746:ord-3b2b96667404445bab8c1ef79ca30e2d,ord_dataset-7d8f5fd922d4497d91cb81489b052746,1319,135926996d2d1fdf41f809e2c7bbffe6bd1b655c304e6dadfe193a107b7bd1c5,science_hte_campaign_62bdfe294f99
364,ord_dataset-7d8f5fd922d4497d91cb81489b052746:ord-3b3333f545d04f6e8ec6d1d6d76c1fd7,ord_dataset-7d8f5fd922d4497d91cb81489b052746,89,99338ff57d1a3ee96dec97108bd83c6eb1f5ba96ff45aeb3912cafe346f4806a,science_hte_campaign_ac8fc337e171
365,ord_dataset-7d8f5fd922d4497d91cb81489b052746:ord-3b48095933be499c9b190695e93d5ab2,ord_dataset-7d8f5fd922d4497d91cb81489b052746,604,8ec498c678f665db28a60d50605149eb4dbb2425b3a5ee0ca807952c79b897a7,science_hte_campaign_3f02a74dbb14
366,ord_dataset-7d8f5fd922d4497d91cb81489b052746:ord-3b59ae115e27472f93fb57760e67a21e,ord_dataset-7d8f5fd922d4497d91cb81489b052746,782,790d8ac03d08d82720d0367d554ed4b19d343abc162734e4095e055f85ed9547,science_hte_campaign_97b28884900c
367,ord_dataset-7d8f5fd922d4497d91cb81489b052746:ord-3b6434d740004ea29bcc84ac32829d36,ord_dataset-7d8f5fd922d4497d91cb81489b052746,424,4656fcf74c5f71cd55f5d84bef789ddae9bfacbcba727519d2b82843d44865ab,science_hte_campaign_aeefa100ca4f
368,ord_dataset-7d8f5fd922d4497d91cb81489b052746:ord-3b71d0388bb44073b25ea31056f05725,ord_dataset-7d8f5fd922d4497d91cb81489b052746,616,70dfacdcc750c1ee842f011ccf6ea8da13544cffa2c7cef41b3cdadb39582691,science_hte_campaign_3f02a74dbb14
369,ord_dataset-7d8f5fd922d4497d91cb81489b052746:ord-3b95f966178c4d27b45f17419ecf9327,ord_dataset-7d8f5fd922d4497d91cb81489b052746,1314,07bb88da0ac5b76a76af293838e300eb92f4649fbdd5b5d7fb066ee61c7aa304,science_hte_campaign_62bdfe294f99
370,ord_dataset-7d8f5fd922d4497d91cb81489b052746:ord-3b9f0981dc9e4e658a0a1b5c6d5cff05,ord_dataset-7d8f5fd922d4497d91cb81489b052746,773,3119ce9481bd1d06f2471e75518219ad66d89bc91d195d3e31319543e7cdc514,science_hte_campaign_97b28884900c
371,ord_dataset-7d8f5fd922d4497d91cb81489b052746:ord-3ba3c0f5608446be9bf31647d110e708,ord_dataset-7d8f5fd922d4497d91cb81489b052746,240,18973590d6d8a915a6b24c8dcbbf322588c34663abfb44608b70a259b689e28a,science_hte_campaign_f324e61c5fa2
372,ord_dataset-7d8f5fd922d4497d91cb81489b052746:ord-3bc0154c2d254898a9a20c4d0d069af8,ord_dataset-7d8f5fd922d4497d91cb81489b052746,411,4b5bb2de66c15e0455c1609ce9dc36ead09529c8c980000f2ffc1b9e1134a3b4,science_hte_campaign_aeefa100ca4f
373,ord_dataset-7d8f5fd922d4497d91cb81489b052746:ord-3bcd8f82e7064dc9bbea907989a3c13b,ord_dataset-7d8f5fd922d4497d91cb81489b052746,1450,c3973069c588d54e70c6509d25ef6511f94da79526a30f9a4d6805dc7fa5538c,science_hte_campaign_ca267bf88824
374,ord_dataset-7d8f5fd922d4497d91cb81489b052746:ord-3c1116d5997d4f41ba3dc994107ec105,ord_dataset-7d8f5fd922d4497d91cb81489b052746,891,6c20769fccb0763d4d9b7bf3fec9b5e671f631a16dd6db3b3214585ed8a8ddea,science_hte_campaign_d8d10c924377
375,ord_dataset-7d8f5fd922d4497d91cb81489b052746:ord-3c3f9af071f448449164d5e2faee6208,ord_dataset-7d8f5fd922d4497d91cb81489b052746,247,3315cd685d509fd19c02f3b5441caa96b43a2456397d184add8e5fa929a2da34,science_hte_campaign_f324e61c5fa2
376,ord_dataset-7d8f5fd922d4497d91cb81489b052746:ord-3c4c724faff44251b62e53374b9fde0a,ord_dataset-7d8f5fd922d4497d91cb81489b052746,1169,aa75ea16e822bde1ae4b07ffb130586716b7710a2801e453e41398415b3df633,science_hte_campaign_6bf2df144d3d
377,ord_dataset-7d8f5fd922d4497d91cb81489b052746:ord-3c54a314067446249bcf2e8ae1fd0d4d,ord_dataset-7d8f5fd922d4497d91cb81489b052746,394,a959a5206d650856d1853a5fab520d1006825a40093fe888ef92c36985494e00,science_hte_campaign_aeefa100ca4f
378,ord_dataset-7d8f5fd922d4497d91cb81489b052746:ord-3c82338fb4b04c949e70805e07d68ef0,ord_dataset-7d8f5fd922d4497d91cb81489b052746,462,babfc42f3e03280c681c304f41b75fb2c92611dd3e42c27223e85c05f9579122,science_hte_campaign_aeefa100ca4f
379,ord_dataset-7d8f5fd922d4497d91cb81489b052746:ord-3c89ea8fc28c4e3584036845c6fa0be5,ord_dataset-7d8f5fd922d4497d91cb81489b052746,1221,78dfa004282081cff17961cfb7d44b6e68357b19caa41e11a108b4043b29bdfb,science_hte_campaign_6bf2df144d3d
380,ord_dataset-7d8f5fd922d4497d91cb81489b052746:ord-3ca08d2c2c814a398fd412681ea58fdf,ord_dataset-7d8f5fd922d4497d91cb81489b052746,164,7864be666de12ba33341bb2d6d12c783d8df59800984f7a848c1fe269149414d,science_hte_campaign_c99fb883b4d8
381,ord_dataset-7d8f5fd922d4497d91cb81489b052746:ord-3d00e1d7e77442b2a8870b987450a2d2,ord_dataset-7d8f5fd922d4497d91cb81489b052746,326,9fec5faffe57b741ec65df4116c5af9323d888605e2acc2726ccffd09f4192b9,science_hte_campaign_8510665e92be
382,ord_dataset-7d8f5fd922d4497d91cb81489b052746:ord-3d4d5830fd8b41eda6a90e2150d711fe,ord_dataset-7d8f5fd922d4497d91cb81489b052746,153,7ed07d7e63ff86300d06a2ad2e06d16ed99d45400717d3fb37c379b0b89a4a8b,science_hte_campaign_c99fb883b4d8
383,ord_dataset-7d8f5fd922d4497d91cb81489b052746:ord-3d7019cc956d48c69fd65ce9356c9d05,ord_dataset-7d8f5fd922d4497d91cb81489b052746,997,7be12c81c2310bf0b896965a1921358bc7c983deacc950db3087def2add9cc7c,science_hte_campaign_a04d9653a525
384,ord_dataset-7d8f5fd922d4497d91cb81489b052746:ord-3dc2009e6b384b47a70d7468ba0c6862,ord_dataset-7d8f5fd922d4497d91cb81489b052746,1096,045cb3ef975df9dcab40f2ee67beae63cd2b53a94d0a46048343a4d161181245,science_hte_campaign_2a3be0de5f5e
385,ord_dataset-7d8f5fd922d4497d91cb81489b052746:ord-3e1b4f84bf254558b73fed10b17891af,ord_dataset-7d8f5fd922d4497d91cb81489b052746,638,639a5525ca1c7623f2a07083ff9c3339af9cf5f5d6a54787277a91b8b066c8d2,science_hte_campaign_3f02a74dbb14
386,ord_dataset-7d8f5fd922d4497d91cb81489b052746:ord-3e2148fbaa304a7489f845546d200dde,ord_dataset-7d8f5fd922d4497d91cb81489b052746,1313,fc83b748e5cdb5640b6f2cdeaf3530a6c000a9206942f2ff2bdf6de8034ca0e1,science_hte_campaign_62bdfe294f99
387,ord_dataset-7d8f5fd922d4497d91cb81489b052746:ord-3e5287c5fb2c4a17bc39d713896f0869,ord_dataset-7d8f5fd922d4497d91cb81489b052746,1274,8fcde62b5ddb6b9893f2eaae3c8a99076e8ee756abe32c2f2c3bfead8dcf4ef3,science_hte_campaign_62bdfe294f99
388,ord_dataset-7d8f5fd922d4497d91cb81489b052746:ord-3e589a6bb9254064991c8c5bd125bb93,ord_dataset-7d8f5fd922d4497d91cb81489b052746,928,dea5e26f99ca7fd0f3334147559a2ab11d374088239a32ec39160018bdd07184,science_hte_campaign_d8d10c924377
389,ord_dataset-7d8f5fd922d4497d91cb81489b052746:ord-3e7ae400bfd44277967357a4c94c3d2c,ord_dataset-7d8f5fd922d4497d91cb81489b052746,677,1ac476a2d677693f452a08732c0606b5305488a0d4279155ddfaff19bd2f66ec,science_hte_campaign_5dd9abf370cb
390,ord_dataset-7d8f5fd922d4497d91cb81489b052746:ord-3e84a1bb57244bb98c471da6b563cc7c,ord_dataset-7d8f5fd922d4497d91cb81489b052746,526,5e425081bd7eef16dc3382f7f5e6558771f6afcca9efe805ff1de518fcaecffa,science_hte_campaign_283f403f90e1
391,ord_dataset-7d8f5fd922d4497d91cb81489b052746:ord-3ed7c770a8a9464ca632aa5cfabfe295,ord_dataset-7d8f5fd922d4497d91cb81489b052746,1021,c81e74842a3724eb600203aa3124564dfdd5977ae61cda77928db4ea4003fbe3,science_hte_campaign_a04d9653a525
392,ord_dataset-7d8f5fd922d4497d91cb81489b052746:ord-3f1d46b08c4244c0afcceca1bf549258,ord_dataset-7d8f5fd922d4497d91cb81489b052746,271,c5b00bb65c48188c595a93275cbf6a34da2052ebbc99d8ee25a19a3febfca261,science_hte_campaign_f324e61c5fa2
393,ord_dataset-7d8f5fd922d4497d91cb81489b052746:ord-3f2e3f7da1ad41a3acd61f0f1bb173a9,ord_dataset-7d8f5fd922d4497d91cb81489b052746,1417,919a29000c9d3730547a4e37146b7adbfc72cd7ed8aaed0f7806db9b4d69ef77,science_hte_campaign_4dcfd4b46ebc
394,ord_dataset-7d8f5fd922d4497d91cb81489b052746:ord-3f4f843146154d0b89598b20efe92554,ord_dataset-7d8f5fd922d4497d91cb81489b052746,1487,6bc346979830b09899401837f9572b8bd2feeb015ab4a5710926866a668e5555,science_hte_campaign_ca267bf88824
395,ord_dataset-7d8f5fd922d4497d91cb81489b052746:ord-3f63567baecc4792ba4fc28972378107,ord_dataset-7d8f5fd922d4497d91cb81489b052746,400,b1022e9fe6fd45d07e1289bc5803fac9190c5a1c6dc4f33e8c0ec33985878599,science_hte_campaign_aeefa100ca4f
396,ord_dataset-7d8f5fd922d4497d91cb81489b052746:ord-3fa2bee8f7344c7ca6f49b711cd57842,ord_dataset-7d8f5fd922d4497d91cb81489b052746,547,6a723fd46925b41e3ebf13e00f2c9bd1e96bd0c6c9f3277e08713ddaeb843b9c,science_hte_campaign_283f403f90e1
397,ord_dataset-7d8f5fd922d4497d91cb81489b052746:ord-3fb303afbb64474cabfc549aed27a203,ord_dataset-7d8f5fd922d4497d91cb81489b052746,905,b67c5ee19703d04e18d7298928bf0136dd6abf961eecd439947dba69d30eebf5,science_hte_campaign_d8d10c924377
398,ord_dataset-7d8f5fd922d4497d91cb81489b052746:ord-40595a23646446ab97c972a1259ceb7c,ord_dataset-7d8f5fd922d4497d91cb81489b052746,1038,9e4e2d7bac9b7926b6cf378d4b0c0984b38f5b36acce00d6651ff6cea956237a,science_hte_campaign_a04d9653a525
399,ord_dataset-7d8f5fd922d4497d91cb81489b052746:ord-4078679f15d847d2a16c35c9428abfa8,ord_dataset-7d8f5fd922d4497d91cb81489b052746,287,999e58856edcdc01a3b02db48b1108dd16b91e556a223aaf7f5b25293c223627,science_hte_campaign_f324e61c5fa2
400,ord_dataset-7d8f5fd922d4497d91cb81489b052746:ord-407eab5e9a3542e68c7867618c1ed2bd,ord_dataset-7d8f5fd922d4497d91cb81489b052746,1250,5fb8508dca5fcfd5c594145ed308f7874546ed5c4af2b890e8ae64bce9e084ab,science_hte_campaign_62bdfe294f99
401,ord_dataset-7d8f5fd922d4497d91cb81489b052746:ord-40d036687acc43ae8abd01ced17e3835,ord_dataset-7d8f5fd922d4497d91cb81489b052746,1147,3e46f48e4a2b4da74da7e893262ec22c40318482c4cd9f6bb69306ca54a9a5f6,science_hte_campaign_2a3be0de5f5e
402,ord_dataset-7d8f5fd922d4497d91cb81489b052746:ord-40f43f81ec3d4f279ca93bd4ac86e789,ord_dataset-7d8f5fd922d4497d91cb81489b052746,1099,f5b77ab126cc94f425b0e33b3986ad64d52dbf09651688a66a498971dce35c9a,science_hte_campaign_2a3be0de5f5e
403,ord_dataset-7d8f5fd922d4497d91cb81489b052746:ord-41040cef693145a0aeab17c4f325b8b5,ord_dataset-7d8f5fd922d4497d91cb81489b052746,1270,18c62dd3328da86379db1c9bd75b9c08f215bfb68cded1c60cb731742b834250,science_hte_campaign_62bdfe294f99
404,ord_dataset-7d8f5fd922d4497d91cb81489b052746:ord-4140f7dd86334b639326dbc9c66a9f87,ord_dataset-7d8f5fd922d4497d91cb81489b052746,1144,9be94837bc9efa727ac2e4beec446ff577fdcab34f2eda79a645b590f74a74c3,science_hte_campaign_2a3be0de5f5e
405,ord_dataset-7d8f5fd922d4497d91cb81489b052746:ord-414a36780e424ed793231b4b365ad60b,ord_dataset-7d8f5fd922d4497d91cb81489b052746,654,7df39301a8da35ae2bd08c69dc84f8d298e8fa77c06f72e58b7ce8e9e41cf0a2,science_hte_campaign_3f02a74dbb14
406,ord_dataset-7d8f5fd922d4497d91cb81489b052746:ord-416a736f24e240519bde45618477d0dc,ord_dataset-7d8f5fd922d4497d91cb81489b052746,1403,f7fb3c021aa11c56ebc24c8aa096be47159a45ab79d7d69d6db1c168761bb56e,science_hte_campaign_4dcfd4b46ebc
407,ord_dataset-7d8f5fd922d4497d91cb81489b052746:ord-41bb00bd43134ed0b9571257a9372fca,ord_dataset-7d8f5fd922d4497d91cb81489b052746,601,98c17ef8d03d340f3d5a0b3319ffecefc66aa1128a3e6dbf4c1199fb12dd2e2d,science_hte_campaign_3f02a74dbb14
408,ord_dataset-7d8f5fd922d4497d91cb81489b052746:ord-41d7f7ca52ed4c20b3412cd0e91a9292,ord_dataset-7d8f5fd922d4497d91cb81489b052746,855,c6f10d13c64415c64941db2adb9b6072aed74e3222e2981a8cae3b0d158b2f9a,science_hte_campaign_97b28884900c
409,ord_dataset-7d8f5fd922d4497d91cb81489b052746:ord-41e5938e3b27487f95071cd11c7a2838,ord_dataset-7d8f5fd922d4497d91cb81489b052746,1056,417f84cc5bf4f0a932a25f700de08fd77a54a8a934b423d50fef777db13a3416,science_hte_campaign_2a3be0de5f5e
410,ord_dataset-7d8f5fd922d4497d91cb81489b052746:ord-427ba9ae6e7e4545b380b07029243176,ord_dataset-7d8f5fd922d4497d91cb81489b052746,30,7e0d22eb63eaa485aad446b0950a868dacfb8ddf87dd9fa9d8f5554803aeca56,science_hte_campaign_ac8fc337e171
411,ord_dataset-7d8f5fd922d4497d91cb81489b052746:ord-428e426ecac7484c972f5580df023c3d,ord_dataset-7d8f5fd922d4497d91cb81489b052746,834,4dc6eba279ce8004811c105cb20913d20cea07558ea2b2d97ea8c066236b6d8f,science_hte_campaign_97b28884900c
412,ord_dataset-7d8f5fd922d4497d91cb81489b052746:ord-42a1ba835f0242fa8582feb11d150d08,ord_dataset-7d8f5fd922d4497d91cb81489b052746,1299,9afc9f46934e289c922470241ecda949eea2d9be099d6b8503a85b97cc1c34b4,science_hte_campaign_62bdfe294f99
413,ord_dataset-7d8f5fd922d4497d91cb81489b052746:ord-42e158976b9a4cb084ca86c5940338fc,ord_dataset-7d8f5fd922d4497d91cb81489b052746,221,5e8670a54ebfaac90a6f6f3f692785ba9d89e3cb81086daf4cec8530ca51fd1b,science_hte_campaign_f324e61c5fa2
414,ord_dataset-7d8f5fd922d4497d91cb81489b052746:ord-430ad19c3c004f79af44bb85924f9c89,ord_dataset-7d8f5fd922d4497d91cb81489b052746,98,8074fa061b145f0c7a08d49239c50839f0ebbb6dfe2aed2e7cc525c970781dd5,science_hte_campaign_c99fb883b4d8
415,ord_dataset-7d8f5fd922d4497d91cb81489b052746:ord-431b3e7fd29743eaadc94072cf6645e0,ord_dataset-7d8f5fd922d4497d91cb81489b052746,329,27f66641cf6454df1e586a2fe3b0775b16d71a9b02de69ab93adccacf0c56563,science_hte_campaign_8510665e92be
416,ord_dataset-7d8f5fd922d4497d91cb81489b052746:ord-4321c412fbb7404087320b9d62cd7a03,ord_dataset-7d8f5fd922d4497d91cb81489b052746,492,bbc9b7917af452487b424a5703b33ffc25395fa637c824fa8a04f733cf9df131,science_hte_campaign_283f403f90e1
417,ord_dataset-7d8f5fd922d4497d91cb81489b052746:ord-43311658b88a4ec0acaa319ac32774ea,ord_dataset-7d8f5fd922d4497d91cb81489b052746,570,3755cde644d68ad317da329af61feee83fcc952cef6838040d670323266cb140,science_hte_campaign_283f403f90e1
418,ord_dataset-7d8f5fd922d4497d91cb81489b052746:ord-4334332c8537416fafa5c345ee3eadbd,ord_dataset-7d8f5fd922d4497d91cb81489b052746,624,89dbefed829e61e0bf658346fd18e6810bd6ae7181c5085e88622362c896dbed,science_hte_campaign_3f02a74dbb14
419,ord_dataset-7d8f5fd922d4497d91cb81489b052746:ord-4337c808abf149c7a380c293aafbbee3,ord_dataset-7d8f5fd922d4497d91cb81489b052746,272,c586990e5dd6a3258640334174626b8ee2ce72ec963c628e47c7dc21397e0b39,science_hte_campaign_f324e61c5fa2
420,ord_dataset-7d8f5fd922d4497d91cb81489b052746:ord-4359d3e96a974e01ad83f9b1c1a9a2d6,ord_dataset-7d8f5fd922d4497d91cb81489b052746,444,32c5a9817b714e4ea002e8644a99e4d8141a265c64c5aed695488af8c36d46b5,science_hte_campaign_aeefa100ca4f
421,ord_dataset-7d8f5fd922d4497d91cb81489b052746:ord-437d0725f4dc44198fb5c740a588ee50,ord_dataset-7d8f5fd922d4497d91cb81489b052746,32,54093b14b4b92b7912f94408b2d8e31c39277d7393930a8d53f5fcd67d034ce3,science_hte_campaign_ac8fc337e171
422,ord_dataset-7d8f5fd922d4497d91cb81489b052746:ord-43a60d0e8e3142f6a88e15b2b042fb7d,ord_dataset-7d8f5fd922d4497d91cb81489b052746,333,1906d5b29633b79facb58c1374a084f5798520c4044a0b686aec972e397c96e0,science_hte_campaign_8510665e92be
423,ord_dataset-7d8f5fd922d4497d91cb81489b052746:ord-43b070fc8d284d7ab65f095d30949a8b,ord_dataset-7d8f5fd922d4497d91cb81489b052746,794,be66806e45688efe5320d9e44c58afb567d8065437f3e650390d41c92f3e97af,science_hte_campaign_97b28884900c
424,ord_dataset-7d8f5fd922d4497d91cb81489b052746:ord-43b2ac573e2343d9a2a3978a4c09bc0f,ord_dataset-7d8f5fd922d4497d91cb81489b052746,195,2c895c93eb57f91c1f26129997723229db2aa1883bdaaaf102ee8ae6a1fb87f7,science_hte_campaign_f324e61c5fa2
425,ord_dataset-7d8f5fd922d4497d91cb81489b052746:ord-43d97f258d6a4b17a3204ee383ff321f,ord_dataset-7d8f5fd922d4497d91cb81489b052746,531,50f90218acc83aceb809885e8f84dae7e93eabe201f2a33e85d44c4ff67e120c,science_hte_campaign_283f403f90e1
426,ord_dataset-7d8f5fd922d4497d91cb81489b052746:ord-43dac0bf9db647c7a0c621427a58972b,ord_dataset-7d8f5fd922d4497d91cb81489b052746,376,95bd91f202f2d9efcb93adedf10f6eed00546e349be1a2f865056638d1037ab2,science_hte_campaign_8510665e92be
427,ord_dataset-7d8f5fd922d4497d91cb81489b052746:ord-4405ae3286ae4e47a0e4bb9ae7630c7e,ord_dataset-7d8f5fd922d4497d91cb81489b052746,161,896c1f0a61b3db6ae8625fe83371d36523d04d255b610664625a7812f3fe336d,science_hte_campaign_c99fb883b4d8
428,ord_dataset-7d8f5fd922d4497d91cb81489b052746:ord-441cc96293ae4ebc98701413f65076e6,ord_dataset-7d8f5fd922d4497d91cb81489b052746,764,a0ab497a546e3073e0bdd6ae5f8073d865c7a515576abe94ca6bf3ea3bc97ff3,science_hte_campaign_5dd9abf370cb
429,ord_dataset-7d8f5fd922d4497d91cb81489b052746:ord-444baafb1c45491da138659ed5adca33,ord_dataset-7d8f5fd922d4497d91cb81489b052746,276,1c9954dcd671ba1fd8f39bbb9edc3277fa82a86118695b27a8e6d1e8d0ec41de,science_hte_campaign_f324e61c5fa2
430,ord_dataset-7d8f5fd922d4497d91cb81489b052746:ord-4473c6463f1f4d8bad0fe0f5099e6f8e,ord_dataset-7d8f5fd922d4497d91cb81489b052746,746,b9c7e81cb42c46ce09ca6313e0347cc56d0d07ae3ba68925f1457e320d928e53,science_hte_campaign_5dd9abf370cb
431,ord_dataset-7d8f5fd922d4497d91cb81489b052746:ord-449c730d60f749b887589e2188ae9de7,ord_dataset-7d8f5fd922d4497d91cb81489b052746,856,2bf7dcced0b109bab5cec01fa6faf1936f9b025990fbb8e0b1020bd2e8f090d5,science_hte_campaign_97b28884900c
432,ord_dataset-7d8f5fd922d4497d91cb81489b052746:ord-44c4e753da36458da9002f985c46a014,ord_dataset-7d8f5fd922d4497d91cb81489b052746,443,e63f4bbd40b7cb7d3e371c46c65075650eb2c72381bdce578c4b58921dc1a8a9,science_hte_campaign_aeefa100ca4f
433,ord_dataset-7d8f5fd922d4497d91cb81489b052746:ord-44dc5bb0153748939af01884c228cc77,ord_dataset-7d8f5fd922d4497d91cb81489b052746,485,72759e5f83c9776ea8cfdf3139a4c701ab172041831424cfb7ef6e20fda6a3fd,science_hte_campaign_283f403f90e1
434,ord_dataset-7d8f5fd922d4497d91cb81489b052746:ord-44efe971518d4ccb9671cf0fc8194765,ord_dataset-7d8f5fd922d4497d91cb81489b052746,688,7b720d5ae3e6984ac7fb16550e8f3ca142cf4b7b8f67ef2e5fe84ce36c3001b8,science_hte_campaign_5dd9abf370cb
435,ord_dataset-7d8f5fd922d4497d91cb81489b052746:ord-44ff5a9cd862426aaf22d607e52643dc,ord_dataset-7d8f5fd922d4497d91cb81489b052746,639,976a07339eba4a8a299445c84ba8e2152d7c7a3ac856bd1d485b105122e0822a,science_hte_campaign_3f02a74dbb14
436,ord_dataset-7d8f5fd922d4497d91cb81489b052746:ord-451c28406e9b490080268a955cd7710f,ord_dataset-7d8f5fd922d4497d91cb81489b052746,1185,797f530dfe4e261f913fbfbe9f4d24a25daa9ae31ed30a0e7c1a27440f2fe154,science_hte_campaign_6bf2df144d3d
437,ord_dataset-7d8f5fd922d4497d91cb81489b052746:ord-451d18b037a54db8804de22594140d44,ord_dataset-7d8f5fd922d4497d91cb81489b052746,597,a6a2763faf9490beeaf3e32ac06e188801599b1107b5e00971b5deb27ddd8757,science_hte_campaign_3f02a74dbb14
438,ord_dataset-7d8f5fd922d4497d91cb81489b052746:ord-452ef2f50bce46d8b4d1cc03ae9b8eae,ord_dataset-7d8f5fd922d4497d91cb81489b052746,33,75e37e7d490bae9406176198293f838c2b8aa4c722a79c2d1678f4a6063b8790,science_hte_campaign_ac8fc337e171
439,ord_dataset-7d8f5fd922d4497d91cb81489b052746:ord-45319aa9cebf44f68164c34a4570de56,ord_dataset-7d8f5fd922d4497d91cb81489b052746,1140,ede3c77b410df4ce2b6ee8cd4e4eaf3b7e2a1b9ad17fd333b66b875c8b80dc0d,science_hte_campaign_2a3be0de5f5e
440,ord_dataset-7d8f5fd922d4497d91cb81489b052746:ord-455cbe27049d4b72b9a0535de16078eb,ord_dataset-7d8f5fd922d4497d91cb81489b052746,1356,02ece6ab41221a0940075bc7cb2cce0d89c77f36ed5613f5dabbb84b004dc6fc,science_hte_campaign_4dcfd4b46ebc
441,ord_dataset-7d8f5fd922d4497d91cb81489b052746:ord-4588b372f9e645b09f5ae625daf29157,ord_dataset-7d8f5fd922d4497d91cb81489b052746,809,af458fada518e9099631a12be3f037fcd929ae753e7274a03abb3babb1d09322,science_hte_campaign_97b28884900c
442,ord_dataset-7d8f5fd922d4497d91cb81489b052746:ord-46289b19c197444fb3468f3110052bf1,ord_dataset-7d8f5fd922d4497d91cb81489b052746,1396,9904325a93da5b0c6e6ce212ed14464705f8478b14660f0ba2505bca8ba4c85a,science_hte_campaign_4dcfd4b46ebc
443,ord_dataset-7d8f5fd922d4497d91cb81489b052746:ord-4639f75393854f12ad4c7b308e9d3eff,ord_dataset-7d8f5fd922d4497d91cb81489b052746,297,5f53243ac218835bd4566c6aaceb43a78c8bc5c2587ac48f1c742520d0b3cc16,science_hte_campaign_8510665e92be
444,ord_dataset-7d8f5fd922d4497d91cb81489b052746:ord-464846927d1d4f79be94c29372a0c8b0,ord_dataset-7d8f5fd922d4497d91cb81489b052746,681,e5e078919bc2a40c6e02338af3f1e974ed5b7dce225e689949324cea88660897,science_hte_campaign_5dd9abf370cb
445,ord_dataset-7d8f5fd922d4497d91cb81489b052746:ord-464b765a448e4138877fb9200737a248,ord_dataset-7d8f5fd922d4497d91cb81489b052746,225,11a2d12091cfebe1d71ac320c93fcdfc9ff0977e4f40a44a002920a6a2e1e7bf,science_hte_campaign_f324e61c5fa2
446,ord_dataset-7d8f5fd922d4497d91cb81489b052746:ord-46634eedf65349368db3098a421ba908,ord_dataset-7d8f5fd922d4497d91cb81489b052746,803,d6af4f289ba3af5e62eb7136c3f19c9fd1a8e9238f57d553d01bf5456a3e8aaa,science_hte_campaign_97b28884900c
447,ord_dataset-7d8f5fd922d4497d91cb81489b052746:ord-4697a72a0eea4a74aa6f38b8cbe41fba,ord_dataset-7d8f5fd922d4497d91cb81489b052746,493,9a59e7e910911afbbb615343cf48e6f1519e4766d08ad103906a09344e696961,science_hte_campaign_283f403f90e1
448,ord_dataset-7d8f5fd922d4497d91cb81489b052746:ord-46ae5ad8b3434222a9d976f898584dcb,ord_dataset-7d8f5fd922d4497d91cb81489b052746,132,039d31c5ac90da9d61a1c44e38e28e0d9570f27ec8ac642ca8af8b7e6732642b,science_hte_campaign_c99fb883b4d8
449,ord_dataset-7d8f5fd922d4497d91cb81489b052746:ord-46bbe636485c422fafd2cf0c83402651,ord_dataset-7d8f5fd922d4497d91cb81489b052746,1201,d547e1dd2cadac2ce14703975d913597f7598f705b52bf2a7baf422f79b4d03b,science_hte_campaign_6bf2df144d3d
450,ord_dataset-7d8f5fd922d4497d91cb81489b052746:ord-46bd73ba706a4f698b798ee17ef4bc61,ord_dataset-7d8f5fd922d4497d91cb81489b052746,1057,2d1a3dd4b0300ad5baa657052bafee6fce5e535f2d899f1752acddef5033b954,science_hte_campaign_2a3be0de5f5e
451,ord_dataset-7d8f5fd922d4497d91cb81489b052746:ord-46ea401a7b054049bb90913072b65b55,ord_dataset-7d8f5fd922d4497d91cb81489b052746,315,bb4f4345e9524ef13297e319ac880f38e83743c4743760f7dff20073bb696cfa,science_hte_campaign_8510665e92be
452,ord_dataset-7d8f5fd922d4497d91cb81489b052746:ord-47196bead9ec449da93a1ad9f681fdab,ord_dataset-7d8f5fd922d4497d91cb81489b052746,425,a4c5c17f24b8e0d140fa392cf1dc0b3cae309507a64b7251da362145ebfe50e9,science_hte_campaign_aeefa100ca4f
453,ord_dataset-7d8f5fd922d4497d91cb81489b052746:ord-474acf53273945868e7e7ff017bf80a4,ord_dataset-7d8f5fd922d4497d91cb81489b052746,61,53c719fdf1235304b2c6da58cb7e27c5ffd696bafce146a86ea304e114c8d101,science_hte_campaign_ac8fc337e171
454,ord_dataset-7d8f5fd922d4497d91cb81489b052746:ord-4756ae3212ea45c79c3ff2bda6e5902a,ord_dataset-7d8f5fd922d4497d91cb81489b052746,849,856ee346f4ac6e7f32404e0bc3e035ecc51a91681f9744bedade2e8a7b1023d3,science_hte_campaign_97b28884900c
455,ord_dataset-7d8f5fd922d4497d91cb81489b052746:ord-477e12cd91254792a77bfa037ce4ebba,ord_dataset-7d8f5fd922d4497d91cb81489b052746,790,31aba8ac050fd7ba449de2ac02326e7b063e1dcd7a0f987048ac5956e6f8cefa,science_hte_campaign_97b28884900c
456,ord_dataset-7d8f5fd922d4497d91cb81489b052746:ord-47a64ba31b8840e8a6d542e81f543f88,ord_dataset-7d8f5fd922d4497d91cb81489b052746,1180,e2363e096fd3678c9df710a1ddfcb622ac92633f19919b8fd6de2c9361d1f5f8,science_hte_campaign_6bf2df144d3d
457,ord_dataset-7d8f5fd922d4497d91cb81489b052746:ord-47d23dbf38ee40629a2e1dbdfc846f24,ord_dataset-7d8f5fd922d4497d91cb81489b052746,1121,3fdd5ade47def22d31757201698ea3365f93a2b40edce897c82f740c22366394,science_hte_campaign_2a3be0de5f5e
458,ord_dataset-7d8f5fd922d4497d91cb81489b052746:ord-4807e764f7a84d319f132a36fc7ac39c,ord_dataset-7d8f5fd922d4497d91cb81489b052746,536,d88cd917c2ea9ccad9d68d4d3827c08f6849b73fc7f0bd1a60429cba387b5858,science_hte_campaign_283f403f90e1
459,ord_dataset-7d8f5fd922d4497d91cb81489b052746:ord-485d0b453a2b43dbb89329960701005c,ord_dataset-7d8f5fd922d4497d91cb81489b052746,792,c9740a2e581b0e37c54e82300425d22d469bd6d118c7d3240329f1e6f129d6ec,science_hte_campaign_97b28884900c
460,ord_dataset-7d8f5fd922d4497d91cb81489b052746:ord-487bbe1c27174171be3f7d5eae7253ce,ord_dataset-7d8f5fd922d4497d91cb81489b052746,1494,04795862e61f90a2aac884989b2bda76061668cc5d2fd42d3be47653bc558862,science_hte_campaign_ca267bf88824
461,ord_dataset-7d8f5fd922d4497d91cb81489b052746:ord-497f5441afda46b084a1a1e822daf94f,ord_dataset-7d8f5fd922d4497d91cb81489b052746,1285,fcfe328aa3f084875d896511d8ae9ef98336f8cb7807ae90fe46762494454a07,science_hte_campaign_62bdfe294f99
462,ord_dataset-7d8f5fd922d4497d91cb81489b052746:ord-4985d0347b8b4bf79eb3bc0b29d7f6e4,ord_dataset-7d8f5fd922d4497d91cb81489b052746,966,8d8f8adafa6aa362ef7060d602f1bf218955224a85f252a9934aee77cc3bacb0,science_hte_campaign_a04d9653a525
463,ord_dataset-7d8f5fd922d4497d91cb81489b052746:ord-499e7f6707904db9b7f2823f8d371c0c,ord_dataset-7d8f5fd922d4497d91cb81489b052746,904,10e197bad6d38820cfcfbae9d0a8e9ff0c0a0bcb395131151743398ce007f114,science_hte_campaign_d8d10c924377
464,ord_dataset-7d8f5fd922d4497d91cb81489b052746:ord-49a7452c274b471f9e8a4bf1e2f6b05b,ord_dataset-7d8f5fd922d4497d91cb81489b052746,290,a45f326629c0619d4284d663e3147f1ab1b20a82d1cc4b0f4d223131b1b9f664,science_hte_campaign_8510665e92be
465,ord_dataset-7d8f5fd922d4497d91cb81489b052746:ord-49a778285e8540beb4090d7f6a53795a,ord_dataset-7d8f5fd922d4497d91cb81489b052746,91,2bf907baedd997055259235276f20df8f5de6b2c8ab76258b9a12131da75a7d1,science_hte_campaign_ac8fc337e171
466,ord_dataset-7d8f5fd922d4497d91cb81489b052746:ord-49dc39e93f46456094908c5f1bb658c6,ord_dataset-7d8f5fd922d4497d91cb81489b052746,57,9b9c8bba41d41a936fd52cd513b9e1b69e3227309c4784222101a1318fa69aef,science_hte_campaign_ac8fc337e171
467,ord_dataset-7d8f5fd922d4497d91cb81489b052746:ord-4a6bbb8272594e80b49d112e66da1e19,ord_dataset-7d8f5fd922d4497d91cb81489b052746,996,8ac629965a93f0f3780eedb6e383ff7e29a39ffe5ac4ea9a764435d4ff673035,science_hte_campaign_a04d9653a525
468,ord_dataset-7d8f5fd922d4497d91cb81489b052746:ord-4a7fdc7fe2514f6e87f76721c7e3cdad,ord_dataset-7d8f5fd922d4497d91cb81489b052746,1408,20f51227e97afb8fe0fc3f387d53ccd0ec4bf0b140aa24bf8de878bd112c3273,science_hte_campaign_4dcfd4b46ebc
469,ord_dataset-7d8f5fd922d4497d91cb81489b052746:ord-4ab166bcec864bc89e293a077094cb92,ord_dataset-7d8f5fd922d4497d91cb81489b052746,1171,a8b73820dcfb95e9053c517352814a7be361b64f14fbe94e4167317ad5d399fa,science_hte_campaign_6bf2df144d3d
470,ord_dataset-7d8f5fd922d4497d91cb81489b052746:ord-4af27cd347e94fba95b771cbbe9fbf50,ord_dataset-7d8f5fd922d4497d91cb81489b052746,784,d6bbeec1bd7a07054145197845e47da0f1e3de4717953ddec01b889e3bd1f4c5,science_hte_campaign_97b28884900c
471,ord_dataset-7d8f5fd922d4497d91cb81489b052746:ord-4b29a4e284104911bb53ca95f59a9156,ord_dataset-7d8f5fd922d4497d91cb81489b052746,783,6a901635ba107e8cb3e238782ebff1e99a37fabab019e9555170da65f3b44bcf,science_hte_campaign_97b28884900c
472,ord_dataset-7d8f5fd922d4497d91cb81489b052746:ord-4b44ffe4cc3448d88d0bc7f74bc59f93,ord_dataset-7d8f5fd922d4497d91cb81489b052746,145,da2525aee119b2e32762e3cfda7d558bebea204232dccd17f4f107ffadb42bf1,science_hte_campaign_c99fb883b4d8
473,ord_dataset-7d8f5fd922d4497d91cb81489b052746:ord-4b5ff1614ef84b86a8ad3e690ebd513c,ord_dataset-7d8f5fd922d4497d91cb81489b052746,409,e521791eecb0e16406132e7d779008ea4af301918f8a1ab4baa17408b82a5eda,science_hte_campaign_aeefa100ca4f
474,ord_dataset-7d8f5fd922d4497d91cb81489b052746:ord-4bbcc2320504409da13bcc1067803835,ord_dataset-7d8f5fd922d4497d91cb81489b052746,1175,b2e76b3233a836b0991649efb3e628b6ab7055e7e5d58209a9e1889f4f42e2ca,science_hte_campaign_6bf2df144d3d
475,ord_dataset-7d8f5fd922d4497d91cb81489b052746:ord-4bc5246a92fe484d83aca7a60380cf0b,ord_dataset-7d8f5fd922d4497d91cb81489b052746,259,8d783f3aff8502b8f4c08fdf0fdaf08b2f5f70ba2ff3d89fa79600da3b516829,science_hte_campaign_f324e61c5fa2
476,ord_dataset-7d8f5fd922d4497d91cb81489b052746:ord-4c0bfb1703ca4be8a78075d4a804d13f,ord_dataset-7d8f5fd922d4497d91cb81489b052746,3,cb3042874a6069fb89455195e64690e8fa709f9fa6547408398bf01fa63ee61e,science_hte_campaign_ac8fc337e171
477,ord_dataset-7d8f5fd922d4497d91cb81489b052746:ord-4c22181c5585450094ec16108abe6a8a,ord_dataset-7d8f5fd922d4497d91cb81489b052746,1183,d7de12683c861e67d75b189547978e43e8013ef84e2b48206ccc3bdb7810dde7,science_hte_campaign_6bf2df144d3d
478,ord_dataset-7d8f5fd922d4497d91cb81489b052746:ord-4c27b7da3bee4390b68b1709ba2411c0,ord_dataset-7d8f5fd922d4497d91cb81489b052746,580,8dcae6f36cdd13cddcf0a9cdd46fa6999ef7fb10ddfe5c157698b575ee68f0db,science_hte_campaign_3f02a74dbb14
479,ord_dataset-7d8f5fd922d4497d91cb81489b052746:ord-4c29843e52584221894a6cc26165722f,ord_dataset-7d8f5fd922d4497d91cb81489b052746,559,32b31f4767fc1878e7bb92d14ba6ec65955c742879474666a3db90e94b6a205e,science_hte_campaign_283f403f90e1
480,ord_dataset-7d8f5fd922d4497d91cb81489b052746:ord-4c3cf1aeeeac4eb3807523266ea53e62,ord_dataset-7d8f5fd922d4497d91cb81489b052746,1216,4aec866aa17a9b697724fc330b946e866040373b2340faab31b6e3cada17c672,science_hte_campaign_6bf2df144d3d
481,ord_dataset-7d8f5fd922d4497d91cb81489b052746:ord-4c70cab216894f339001623c6c718604,ord_dataset-7d8f5fd922d4497d91cb81489b052746,690,9d0678895cf8842de3ac6941e0d70558346498ebde40da7df486b664bcdcc481,science_hte_campaign_5dd9abf370cb
482,ord_dataset-7d8f5fd922d4497d91cb81489b052746:ord-4c7e456cadcb4ac088d3447229e9a656,ord_dataset-7d8f5fd922d4497d91cb81489b052746,992,d6f54d4affef74ba288940c8fa25280f468e4243b656068fcded265bdd4b8534,science_hte_campaign_a04d9653a525
483,ord_dataset-7d8f5fd922d4497d91cb81489b052746:ord-4c931d42d40f42ffa6b21d47b0be6474,ord_dataset-7d8f5fd922d4497d91cb81489b052746,632,f1dd6a26c5a8b2b10bb2e21bd89fa7f52c87ff7948166d237fa0dfc3f8c09eab,science_hte_campaign_3f02a74dbb14
484,ord_dataset-7d8f5fd922d4497d91cb81489b052746:ord-4c9d603d8dde41c7947591652d18d5e9,ord_dataset-7d8f5fd922d4497d91cb81489b052746,70,ca026b721b97f2bfb5f4bca6902e345298761fcb4b663f7809d5244b227a4240,science_hte_campaign_ac8fc337e171
485,ord_dataset-7d8f5fd922d4497d91cb81489b052746:ord-4ca0bc2baf464944935b72a5c36e8c09,ord_dataset-7d8f5fd922d4497d91cb81489b052746,262,687be13e4c2d1a597c29903dc2d9d365291b47ec54c6a1d745a23f67fce01f03,science_hte_campaign_f324e61c5fa2
486,ord_dataset-7d8f5fd922d4497d91cb81489b052746:ord-4ca6cb23c00e48b6b04c2cafee8e2bbc,ord_dataset-7d8f5fd922d4497d91cb81489b052746,193,161bd072dadf7528c4ab899931aaa21de91199125595950fb239899686c821a6,science_hte_campaign_f324e61c5fa2
487,ord_dataset-7d8f5fd922d4497d91cb81489b052746:ord-4ce16d25c9244c47b0768d5a8dcf70f9,ord_dataset-7d8f5fd922d4497d91cb81489b052746,1333,74235cdb9c6a9b31dfaafde01159d1d704608b4594a14c3a78f59bd47068fd09,science_hte_campaign_62bdfe294f99
488,ord_dataset-7d8f5fd922d4497d91cb81489b052746:ord-4d4472e77dd64f9db8e63f606c5227da,ord_dataset-7d8f5fd922d4497d91cb81489b052746,1014,dedda9f3d289f0421498903a57048dd04d5fc85f8b2a25de0219bb3e7129c413,science_hte_campaign_a04d9653a525
489,ord_dataset-7d8f5fd922d4497d91cb81489b052746:ord-4d9f5543f9584646b2015d0f0bb3dba8,ord_dataset-7d8f5fd922d4497d91cb81489b052746,220,e0fcc0f178913a2d0c8802982dd4ea632acea4dbc29df045bbad8b6a2c5f0dbc,science_hte_campaign_f324e61c5fa2
490,ord_dataset-7d8f5fd922d4497d91cb81489b052746:ord-4dc09630681d41d0b0b45b05619ac570,ord_dataset-7d8f5fd922d4497d91cb81489b052746,1345,c08bbc1e7562fbbb058e730880db1bc59e6096dcdee55ffc90b97cf2b1d52d98,science_hte_campaign_4dcfd4b46ebc
491,ord_dataset-7d8f5fd922d4497d91cb81489b052746:ord-4dcba319d3314325b85e60252fb53bfd,ord_dataset-7d8f5fd922d4497d91cb81489b052746,553,0540bccc9b1a866d01b5571c641f1aaf208aeb5b121a33ce7a72f8a57b0e8739,science_hte_campaign_283f403f90e1
492,ord_dataset-7d8f5fd922d4497d91cb81489b052746:ord-4dccec3eedfc4415885413b5b80db9f7,ord_dataset-7d8f5fd922d4497d91cb81489b052746,642,85ed1c97d20cd429c7b7886acfa2bd1c6aa54bb8be7313bc4c5c9c55d95c3c3c,science_hte_campaign_3f02a74dbb14
493,ord_dataset-7d8f5fd922d4497d91cb81489b052746:ord-4ded3ad90ba949f097e874d81a952788,ord_dataset-7d8f5fd922d4497d91cb81489b052746,279,db5221799d0f52b2fbf4e7d4bb4d8e62ef1237a5dd7768a84a42ace363d3892a,science_hte_campaign_f324e61c5fa2
494,ord_dataset-7d8f5fd922d4497d91cb81489b052746:ord-4df95812d74c4277ad27f7cf141c5b00,ord_dataset-7d8f5fd922d4497d91cb81489b052746,1020,b3cb32d89f10f4d9019dd13378f98e88b0e48360b73be7579740ec8c6fcfa21e,science_hte_campaign_a04d9653a525
495,ord_dataset-7d8f5fd922d4497d91cb81489b052746:ord-4e1c482f63e841b5ab4d32eaf73cdb03,ord_dataset-7d8f5fd922d4497d91cb81489b052746,1036,befb31a484e6bdc437d50ff6da5f888e556d1aecc9fb508d69486e13fe48d41e,science_hte_campaign_a04d9653a525
496,ord_dataset-7d8f5fd922d4497d91cb81489b052746:ord-4e38f59c033f4f3ca615f75613e7f89b,ord_dataset-7d8f5fd922d4497d91cb81489b052746,1011,8c39a3145a2e4c3c7b728dd70a1095f390a7852722c0a48351037332a91fc058,science_hte_campaign_a04d9653a525
497,ord_dataset-7d8f5fd922d4497d91cb81489b052746:ord-4e3ab661f5c84c62947593ac151020ba,ord_dataset-7d8f5fd922d4497d91cb81489b052746,228,eb8680579c3816dfeebaaec245ac416952a2e66e984c0bf1386eafabc7d86d3a,science_hte_campaign_f324e61c5fa2
498,ord_dataset-7d8f5fd922d4497d91cb81489b052746:ord-4ead96876610402cae3f1d82b0a75ae9,ord_dataset-7d8f5fd922d4497d91cb81489b052746,858,566d718ebd2ffd1c3677d9c96080f039eb9447b35481118c64f3cf3feed45f5f,science_hte_campaign_97b28884900c
499,ord_dataset-7d8f5fd922d4497d91cb81489b052746:ord-4eaf61cdfeab4a2d8111ca747e6199e5,ord_dataset-7d8f5fd922d4497d91cb81489b052746,418,8ea12a84ec366b05351ac8c9fb9d5ce7635f535dc1ed516f01aadc68b543804b,science_hte_campaign_aeefa100ca4f
500,ord_dataset-7d8f5fd922d4497d91cb81489b052746:ord-4edcbecd12164237a373ea408ae7b918,ord_dataset-7d8f5fd922d4497d91cb81489b052746,1453,dac712709798ed7258f6603be9f7e6865e72b266f93d1670923b12432e5c3195,science_hte_campaign_ca267bf88824
501,ord_dataset-7d8f5fd922d4497d91cb81489b052746:ord-4ee8a53aa1184427bd1a35c0fc38ef5b,ord_dataset-7d8f5fd922d4497d91cb81489b052746,445,2151a1ceef6063f4d2f0bab97dbc5da14ecf337238f7b8c2dcc0bd669e21f217,science_hte_campaign_aeefa100ca4f
502,ord_dataset-7d8f5fd922d4497d91cb81489b052746:ord-4f0dbbc184d34c40bd4de334de835be2,ord_dataset-7d8f5fd922d4497d91cb81489b052746,11,53ff88bfd714cac6dafe8b93f5940c3c8eaf02dd4cf53b03165e7fa37a23559b,science_hte_campaign_ac8fc337e171
503,ord_dataset-7d8f5fd922d4497d91cb81489b052746:ord-4f5d3bad7e6c4037b76a7ae3ee3a29f7,ord_dataset-7d8f5fd922d4497d91cb81489b052746,1105,14358cd83fa52729db6607da1654ddf95a8831d2a6758c1d6d229ad1b76b58ea,science_hte_campaign_2a3be0de5f5e
504,ord_dataset-7d8f5fd922d4497d91cb81489b052746:ord-4f6405bbd51343eb963d158a5147f862,ord_dataset-7d8f5fd922d4497d91cb81489b052746,1086,d05ffcf21000c615dde22fac12410e1f8f2a05ed4487b7943aa464b21656d146,science_hte_campaign_2a3be0de5f5e
505,ord_dataset-7d8f5fd922d4497d91cb81489b052746:ord-4fbd6e8407744a6b810283604d433c16,ord_dataset-7d8f5fd922d4497d91cb81489b052746,965,b27a9208c2f0f98e0504c621094fa9a5f7aa6f7c055d1e14a8ddd75a35b12a1c,science_hte_campaign_a04d9653a525
506,ord_dataset-7d8f5fd922d4497d91cb81489b052746:ord-4fe6b80ff5ea4eee90f1355b2a597c9d,ord_dataset-7d8f5fd922d4497d91cb81489b052746,722,63cae22405151359bbbddeb8aabd33f89587bdcc3d92b465843dbd7143df700c,science_hte_campaign_5dd9abf370cb
507,ord_dataset-7d8f5fd922d4497d91cb81489b052746:ord-4ff5096b96d84ea7bc90c01938f444a2,ord_dataset-7d8f5fd922d4497d91cb81489b052746,1254,07b7259482f5f4dd8d8edea21f26df36a7a8a5b05911fc5cdb27839b393202e8,science_hte_campaign_62bdfe294f99
508,ord_dataset-7d8f5fd922d4497d91cb81489b052746:ord-50571a4617a24bfc8a0fd78f90a9643d,ord_dataset-7d8f5fd922d4497d91cb81489b052746,972,f6a7187c273195d96fc8d82cd2ace12eec1f9b4696430499b8e2b7293ca2c083,science_hte_campaign_a04d9653a525
509,ord_dataset-7d8f5fd922d4497d91cb81489b052746:ord-50b44af5537940ae9e1d8b2167c4b0af,ord_dataset-7d8f5fd922d4497d91cb81489b052746,260,ffe6277c2eaaa2482ab0d6b4eb47cbcb1e3423a463e949e79dfb2695396ced1b,science_hte_campaign_f324e61c5fa2
510,ord_dataset-7d8f5fd922d4497d91cb81489b052746:ord-50d3bd1b6220414aa37c4f4f4e6f421c,ord_dataset-7d8f5fd922d4497d91cb81489b052746,936,eb9e8adb6045512fb9e4275939072fbc3ad6562bbcc2151100dcc54e3e17d138,science_hte_campaign_d8d10c924377
511,ord_dataset-7d8f5fd922d4497d91cb81489b052746:ord-510b13eef1584637b1dae65b2d6320b8,ord_dataset-7d8f5fd922d4497d91cb81489b052746,1353,a11947151c6676a28d27f2102378170562a1c2bf8cf26d5d682b0d8c00c0da76,science_hte_campaign_4dcfd4b46ebc
512,ord_dataset-7d8f5fd922d4497d91cb81489b052746:ord-51222a068c7043ea807f36608e76f887,ord_dataset-7d8f5fd922d4497d91cb81489b052746,190,1b5fd52e286d1670309344028f90c36556ba948e8669e78867ce65a5b3d7e197,science_hte_campaign_c99fb883b4d8
513,ord_dataset-7d8f5fd922d4497d91cb81489b052746:ord-5129cd1e805a4488b87422d5d3a3b7a7,ord_dataset-7d8f5fd922d4497d91cb81489b052746,17,5b88ce675f0b3372da8807f1502a2adb79a4390cea82f5e275c5d22ec7280a3c,science_hte_campaign_ac8fc337e171
514,ord_dataset-7d8f5fd922d4497d91cb81489b052746:ord-51566dd778e74ddb80de2a41e8db3fdd,ord_dataset-7d8f5fd922d4497d91cb81489b052746,667,945198983e8a79c0a4231de3516f896fe4bbf83781a07bb3cd3e100676793044,science_hte_campaign_3f02a74dbb14
515,ord_dataset-7d8f5fd922d4497d91cb81489b052746:ord-51bd52fc04ed4f9eb961de5d43b3e281,ord_dataset-7d8f5fd922d4497d91cb81489b052746,1430,be02045ad06dcd5be60d221f5c2dff850f3ca5f6a74598b43fc08830548f8079,science_hte_campaign_4dcfd4b46ebc
516,ord_dataset-7d8f5fd922d4497d91cb81489b052746:ord-51e7e2b81acf4778ba81f71f3001f9ca,ord_dataset-7d8f5fd922d4497d91cb81489b052746,295,1afebefb870c6a42377d82edfce6dbb351a9593e7ba7361cb270ed439a4340ac,science_hte_campaign_8510665e92be
517,ord_dataset-7d8f5fd922d4497d91cb81489b052746:ord-51ea61726ae64cbeb71d0864db42d2b1,ord_dataset-7d8f5fd922d4497d91cb81489b052746,812,036ff29fc9a2a70e837523c95704b39c08fd8432add06a709e064f0849409753,science_hte_campaign_97b28884900c
518,ord_dataset-7d8f5fd922d4497d91cb81489b052746:ord-51f646c1785f4dfca52638e08dc76e7b,ord_dataset-7d8f5fd922d4497d91cb81489b052746,711,438ae42c8b4fcb52a71057a1ef89096527a433efb93392586c3ee9a81c22f126,science_hte_campaign_5dd9abf370cb
519,ord_dataset-7d8f5fd922d4497d91cb81489b052746:ord-522944e330ad4edb8057afd2d6217745,ord_dataset-7d8f5fd922d4497d91cb81489b052746,1306,6c1e9c58f64b63fd238b7a60c4d98ddef91d8e5a2a7a326eb41a132681ea46e7,science_hte_campaign_62bdfe294f99
520,ord_dataset-7d8f5fd922d4497d91cb81489b052746:ord-52f900cb9d7b40d6961168ab8fd296d7,ord_dataset-7d8f5fd922d4497d91cb81489b052746,910,00d7cd198cc76af1ab3408a5afebcb9c5dd317088121cf1b590ac7c28f57a3e0,science_hte_campaign_d8d10c924377
521,ord_dataset-7d8f5fd922d4497d91cb81489b052746:ord-530d0089635a4cc29fc64e45f5f3a8a1,ord_dataset-7d8f5fd922d4497d91cb81489b052746,236,9d85820725959adf41040b5236af49c56fbf724e2ffbdc2a039d6f6a8199d6e6,science_hte_campaign_f324e61c5fa2
522,ord_dataset-7d8f5fd922d4497d91cb81489b052746:ord-5318845be8d1481ea55619f10d7b3193,ord_dataset-7d8f5fd922d4497d91cb81489b052746,1204,c7f95815b52198b1ffe1d1be3182a2a5932f996e74e98f3d2d83fba306b41db8,science_hte_campaign_6bf2df144d3d
523,ord_dataset-7d8f5fd922d4497d91cb81489b052746:ord-53631db8f6244330b7f878d9a0fec273,ord_dataset-7d8f5fd922d4497d91cb81489b052746,658,dcd98f3fd31f25e5239c85fa1349ce08a7388b93370119ef47399505ab84e024,science_hte_campaign_3f02a74dbb14
524,ord_dataset-7d8f5fd922d4497d91cb81489b052746:ord-538c38fe19ed4872b05756075bd08238,ord_dataset-7d8f5fd922d4497d91cb81489b052746,1102,ad155faa15b34cbe13467622a830df06c0f88f70d7f6734db545858bb38a03f8,science_hte_campaign_2a3be0de5f5e
525,ord_dataset-7d8f5fd922d4497d91cb81489b052746:ord-5399dcd2c28e410282c626259364d06a,ord_dataset-7d8f5fd922d4497d91cb81489b052746,455,c02d8c68cba3f71a021c51c6fc919736604209533271a537f45a2ae7f2ab0027,science_hte_campaign_aeefa100ca4f
526,ord_dataset-7d8f5fd922d4497d91cb81489b052746:ord-53de7eccd55344528af5036ae597f670,ord_dataset-7d8f5fd922d4497d91cb81489b052746,759,60f6c21c7c05518d37a9e52a4a482dc67e89bacf1d000f9e493870618be3f8f1,science_hte_campaign_5dd9abf370cb
527,ord_dataset-7d8f5fd922d4497d91cb81489b052746:ord-542057704a8845a59a8bd35dc8521388,ord_dataset-7d8f5fd922d4497d91cb81489b052746,1328,af9992c01fc7918822e696e87278037827d1c896cf6fa017374344640c4e4fa4,science_hte_campaign_62bdfe294f99
528,ord_dataset-7d8f5fd922d4497d91cb81489b052746:ord-545c6078c9a045f1b7fdb3e7321c5c88,ord_dataset-7d8f5fd922d4497d91cb81489b052746,882,78a38bdf6d361dd31fc40f446ce8e4e92053c4e41965ac6bcdbc0d80b8e83a16,science_hte_campaign_d8d10c924377
529,ord_dataset-7d8f5fd922d4497d91cb81489b052746:ord-545da89f0f444d6c886b7597508f2770,ord_dataset-7d8f5fd922d4497d91cb81489b052746,1292,4b2785be09ed0f02dd6df4ab68abd9fbaddb77dc43f1f8328500910dcfe90240,science_hte_campaign_62bdfe294f99
530,ord_dataset-7d8f5fd922d4497d91cb81489b052746:ord-550c55d9f5ea43dfaca0d98242bd8590,ord_dataset-7d8f5fd922d4497d91cb81489b052746,740,ca22a4c6055052cdd6ba462e4e286b66357f863e035bc5ed9e47bce1459820d8,science_hte_campaign_5dd9abf370cb
531,ord_dataset-7d8f5fd922d4497d91cb81489b052746:ord-55685ac9877846e684e5e8fa8935676a,ord_dataset-7d8f5fd922d4497d91cb81489b052746,321,1ec4b3f4292dc1a02457b271ba450bea25c1909b7195aed03e2e73a949238d1e,science_hte_campaign_8510665e92be
532,ord_dataset-7d8f5fd922d4497d91cb81489b052746:ord-557038f241fc4c02baadc8c50d206feb,ord_dataset-7d8f5fd922d4497d91cb81489b052746,336,a6be074139ac90f7f04997b3c8c9aee4e74b854607dd60c65d48fbff88d37768,science_hte_campaign_8510665e92be
533,ord_dataset-7d8f5fd922d4497d91cb81489b052746:ord-55a7668c80c54426abd85b679bb4c823,ord_dataset-7d8f5fd922d4497d91cb81489b052746,543,793ad619ea677e9f6bc170eeddc8835d7afbcd50cef2f3f5bcfe7b43100f5bc3,science_hte_campaign_283f403f90e1
534,ord_dataset-7d8f5fd922d4497d91cb81489b052746:ord-56014eaae29e474ea88c9916300d7e12,ord_dataset-7d8f5fd922d4497d91cb81489b052746,549,2bf379bc84147ca35463d66a51825a7628f7282837363d272697bfa27daa5ea3,science_hte_campaign_283f403f90e1
535,ord_dataset-7d8f5fd922d4497d91cb81489b052746:ord-562f1445c12147f0ac4b83775934b3f7,ord_dataset-7d8f5fd922d4497d91cb81489b052746,224,f91a45b96f4b41cc67afb3c392d33bdeeb4e8461065dc4e1f03d37ee501b09f3,science_hte_campaign_f324e61c5fa2
536,ord_dataset-7d8f5fd922d4497d91cb81489b052746:ord-564b6e62c1a445a089600bcfed05736d,ord_dataset-7d8f5fd922d4497d91cb81489b052746,610,5b700b000ed71c40c0f6b8a80762fa0eededdc5dd9e1a65d65bc5784cb4737b2,science_hte_campaign_3f02a74dbb14
537,ord_dataset-7d8f5fd922d4497d91cb81489b052746:ord-567791067cf64cb4934475c057f28bd8,ord_dataset-7d8f5fd922d4497d91cb81489b052746,873,221c5f05eadaf10ebe428b81d6a1308b501079fa6d154340ae1f18550eb35520,science_hte_campaign_d8d10c924377
538,ord_dataset-7d8f5fd922d4497d91cb81489b052746:ord-56951936e18f456a8e96b252e4f55d6a,ord_dataset-7d8f5fd922d4497d91cb81489b052746,115,29017c60075667e19009c5697306501ed6f82f38d60382300b08fd4eae253c66,science_hte_campaign_c99fb883b4d8
539,ord_dataset-7d8f5fd922d4497d91cb81489b052746:ord-56acbdb8a5914dc6a43436bbc2316f55,ord_dataset-7d8f5fd922d4497d91cb81489b052746,1332,02f052c3b58c791fdbb03286265e337793a8110195affff10fa7bd1b4c3b12c2,science_hte_campaign_62bdfe294f99
540,ord_dataset-7d8f5fd922d4497d91cb81489b052746:ord-56bd4e20cfa24ae6aa6ffdec66219303,ord_dataset-7d8f5fd922d4497d91cb81489b052746,1455,6190f31d9f24e30f8854b742d2bb3773bdb88f2a9ba715eefc3530b826d4032a,science_hte_campaign_ca267bf88824
541,ord_dataset-7d8f5fd922d4497d91cb81489b052746:ord-571af94ff68f4e64bf54a2773ac7e407,ord_dataset-7d8f5fd922d4497d91cb81489b052746,1495,32ca1d70fe1c6cf1759e3e159388c366a9a8be7eb0693a8939a5bab3428ba636,science_hte_campaign_ca267bf88824
542,ord_dataset-7d8f5fd922d4497d91cb81489b052746:ord-572b7c6cbd7b47e4aec4ce40b84c52d6,ord_dataset-7d8f5fd922d4497d91cb81489b052746,774,63523d3d5d59dd9d1f9e3545063eb11fc076410ea210f06a87231a49f77b7ea6,science_hte_campaign_97b28884900c
543,ord_dataset-7d8f5fd922d4497d91cb81489b052746:ord-576b4d406eac49fabd5fb3dd7b9254e1,ord_dataset-7d8f5fd922d4497d91cb81489b052746,791,cd5de187b08c17a79c401a8f82bb18c52656e50214a8a564c6e6814df45931b2,science_hte_campaign_97b28884900c
544,ord_dataset-7d8f5fd922d4497d91cb81489b052746:ord-5799b98bcca4485893bbd8669167e6ab,ord_dataset-7d8f5fd922d4497d91cb81489b052746,1338,62a459b69637a21343c01abed42eb5681434f0f630806661836e95320404b6c3,science_hte_campaign_62bdfe294f99
545,ord_dataset-7d8f5fd922d4497d91cb81489b052746:ord-57e08168e6794f68ae12b623f59d6651,ord_dataset-7d8f5fd922d4497d91cb81489b052746,117,d18b0bb3943383e38289406cf7d9587661ecb01f4fafd4f1d19bbb572eaec971,science_hte_campaign_c99fb883b4d8
546,ord_dataset-7d8f5fd922d4497d91cb81489b052746:ord-58179f46fff94c9d8043be8fee172c22,ord_dataset-7d8f5fd922d4497d91cb81489b052746,1003,c739032d5f22b2ed4593afe58038d4729db6b0050e0a27ca65d6634f9abc83ab,science_hte_campaign_a04d9653a525
547,ord_dataset-7d8f5fd922d4497d91cb81489b052746:ord-582db786fd29458fa8f860f643fb570d,ord_dataset-7d8f5fd922d4497d91cb81489b052746,111,db62b7f4d7d91f0a660e2230c7f26e3d60fafc877b2e211ad8761bb9efaa065a,science_hte_campaign_c99fb883b4d8
548,ord_dataset-7d8f5fd922d4497d91cb81489b052746:ord-5843441678624719a7e19c2d75676fc0,ord_dataset-7d8f5fd922d4497d91cb81489b052746,530,d3569897d5c8d5244b6359b42c0668908d735cdc2b6fcccc5977c1d7ebaab993,science_hte_campaign_283f403f90e1
549,ord_dataset-7d8f5fd922d4497d91cb81489b052746:ord-5895b7cf672140b4806b1b5d26d60d6a,ord_dataset-7d8f5fd922d4497d91cb81489b052746,1391,3921a01d01212fe25bf4003dea4dcbdabfcda7c07ed4618a0c9fe415488d702e,science_hte_campaign_4dcfd4b46ebc
550,ord_dataset-7d8f5fd922d4497d91cb81489b052746:ord-58b82c1cedcf49339b94dd2655c78c8a,ord_dataset-7d8f5fd922d4497d91cb81489b052746,506,f322556621712234f5db53e933f8bd8db668818864842710a922943c17a37f35,science_hte_campaign_283f403f90e1
551,ord_dataset-7d8f5fd922d4497d91cb81489b052746:ord-5907bc01dcfd403e999099982278e024,ord_dataset-7d8f5fd922d4497d91cb81489b052746,701,a8f3e8c2322dc7ca6f3302799e6f2feaabe94c673954bff79c9228d6a914e884,science_hte_campaign_5dd9abf370cb
552,ord_dataset-7d8f5fd922d4497d91cb81489b052746:ord-5919337932d84594a2e760e1d4ecee83,ord_dataset-7d8f5fd922d4497d91cb81489b052746,550,f47498e26fb56432d964c2cb3ec80a25d5384d59630164f08dad1da46aa55fa4,science_hte_campaign_283f403f90e1
553,ord_dataset-7d8f5fd922d4497d91cb81489b052746:ord-59369bd179134f1581c8d94138b937a1,ord_dataset-7d8f5fd922d4497d91cb81489b052746,357,05abf171ea1aec68b027760814f54ef36e3e25973ca94cca5c9c9ada0ac4a133,science_hte_campaign_8510665e92be
554,ord_dataset-7d8f5fd922d4497d91cb81489b052746:ord-59515440811b450e80e4f1d8cdd13fed,ord_dataset-7d8f5fd922d4497d91cb81489b052746,1214,0e314cef4ffdf1b4d99d21f5e368296c1296656bd7d729e657a18d6cc8fc04b8,science_hte_campaign_6bf2df144d3d
555,ord_dataset-7d8f5fd922d4497d91cb81489b052746:ord-5961e01024c546ac924c78b08992f358,ord_dataset-7d8f5fd922d4497d91cb81489b052746,1220,e05e148b9560346f3c0b3bcc3368a92d577d4ef4c1ea54a5c9903dda080dbccf,science_hte_campaign_6bf2df144d3d
556,ord_dataset-7d8f5fd922d4497d91cb81489b052746:ord-598fb1f3a5734441b6b1b7034bb11a16,ord_dataset-7d8f5fd922d4497d91cb81489b052746,76,db40d4c1552f695cbddb18b023121e0422bfb6303462ed0f051f05133fd3b260,science_hte_campaign_ac8fc337e171
557,ord_dataset-7d8f5fd922d4497d91cb81489b052746:ord-59a0d263ceb64a1b90a6c2fdee676899,ord_dataset-7d8f5fd922d4497d91cb81489b052746,1421,d3f1bff4e9522fcb2bcbbc38e9f8dcfa67670ed2ffd29800a4e416b4be0c940a,science_hte_campaign_4dcfd4b46ebc
558,ord_dataset-7d8f5fd922d4497d91cb81489b052746:ord-59bdee8fd09a401592358b1114077116,ord_dataset-7d8f5fd922d4497d91cb81489b052746,1467,32eb8471b1e8d7c1cb01198e3bebb9c53f0526659b5f288236abe82253c8b8cb,science_hte_campaign_ca267bf88824
559,ord_dataset-7d8f5fd922d4497d91cb81489b052746:ord-59dd7e39d38d41e69c0ceb897b055b6b,ord_dataset-7d8f5fd922d4497d91cb81489b052746,713,acd98920e0957cdb449d2e43b140ccb94593995d931922de069bcd91c7af2523,science_hte_campaign_5dd9abf370cb
560,ord_dataset-7d8f5fd922d4497d91cb81489b052746:ord-59e83744a86146ab898f4d1d133afbab,ord_dataset-7d8f5fd922d4497d91cb81489b052746,694,c8b77e64b7ecdba5931e47868802935841329a260eeb248f3cf5d4d1be3eb68d,science_hte_campaign_5dd9abf370cb
561,ord_dataset-7d8f5fd922d4497d91cb81489b052746:ord-5a22a2a6f6c44e3788a41df479e4e93c,ord_dataset-7d8f5fd922d4497d91cb81489b052746,705,b35aeafea2fa6e9847febb5d21455971c03156c82add1a578199de8865f1ae26,science_hte_campaign_5dd9abf370cb
562,ord_dataset-7d8f5fd922d4497d91cb81489b052746:ord-5a30ea3a4afe4b138fbdb5b024452f52,ord_dataset-7d8f5fd922d4497d91cb81489b052746,932,8433e7305336c8e42afcc488dacd26aaa04189e40c10ca2a7a176f10793ab0e8,science_hte_campaign_d8d10c924377
563,ord_dataset-7d8f5fd922d4497d91cb81489b052746:ord-5a7ee6c472ea4bc1a08a54b50d73c674,ord_dataset-7d8f5fd922d4497d91cb81489b052746,1280,707267fbf69d6ebe11413966d4b1e1d2ba6144d963ba4d046a37ae5967e06dff,science_hte_campaign_62bdfe294f99
564,ord_dataset-7d8f5fd922d4497d91cb81489b052746:ord-5a9b1cb23f504546b4c2fb477e0a6f63,ord_dataset-7d8f5fd922d4497d91cb81489b052746,417,3fbc53b90687c41f4b25c841e24733e491a3d6f7d053cc4d6bf9b99572e52fc4,science_hte_campaign_aeefa100ca4f
565,ord_dataset-7d8f5fd922d4497d91cb81489b052746:ord-5ad96c9af2a249ebb430a9ad9558f853,ord_dataset-7d8f5fd922d4497d91cb81489b052746,395,97c9fb6e3daf6c43ffbe64e0748ba23047fc51366cb2a7c982fad27b9cfcebd8,science_hte_campaign_aeefa100ca4f
566,ord_dataset-7d8f5fd922d4497d91cb81489b052746:ord-5b084e87d3ba41f593a06927b979dcfa,ord_dataset-7d8f5fd922d4497d91cb81489b052746,239,05804d9e1d9bc20bdf3c6cbbfb60487215ee5ee19d4b8a50b9152fd1a14b9705,science_hte_campaign_f324e61c5fa2
567,ord_dataset-7d8f5fd922d4497d91cb81489b052746:ord-5b566c5a61a343da841e7698b56f09bd,ord_dataset-7d8f5fd922d4497d91cb81489b052746,68,1602f20223d841861afda1de3f5cd826eeaca1dd3996b52e93aa46d7d0d2baf5,science_hte_campaign_ac8fc337e171
568,ord_dataset-7d8f5fd922d4497d91cb81489b052746:ord-5c1fb288a1a54bd8803e6fa68d0d0c1b,ord_dataset-7d8f5fd922d4497d91cb81489b052746,301,d9d7eca647344a091ea6781384107e0762ffe3517e6cf222da797c7366f57b57,science_hte_campaign_8510665e92be
569,ord_dataset-7d8f5fd922d4497d91cb81489b052746:ord-5c28fb3c263145b6835611a2dbca9946,ord_dataset-7d8f5fd922d4497d91cb81489b052746,170,f4745bccc85138f5b7c08f0b9cc62d7e7cb160d41e6504732b1ba4928b6f4f62,science_hte_campaign_c99fb883b4d8
570,ord_dataset-7d8f5fd922d4497d91cb81489b052746:ord-5c300e458b86416387fe19bfe1ddf0a7,ord_dataset-7d8f5fd922d4497d91cb81489b052746,233,05f31abfb3fd9acda1f22fdacb01132584dcf57b517de50b518d96cb44ddf706,science_hte_campaign_f324e61c5fa2
571,ord_dataset-7d8f5fd922d4497d91cb81489b052746:ord-5c45e277aa164bf99416e3a76a53ebb3,ord_dataset-7d8f5fd922d4497d91cb81489b052746,501,6a440c4451787c39648bc7d167a717dc77cfbd3718bcc01a050a885d289d2bfe,science_hte_campaign_283f403f90e1
572,ord_dataset-7d8f5fd922d4497d91cb81489b052746:ord-5c4a2dcf450844498abe8cd4b7c463bc,ord_dataset-7d8f5fd922d4497d91cb81489b052746,1411,fba871f070e49dcce0a05cdd678f62545fcf33062f6283ec96874490b36694c4,science_hte_campaign_4dcfd4b46ebc
573,ord_dataset-7d8f5fd922d4497d91cb81489b052746:ord-5c8456f60e884d99907a9b6a7f7e8651,ord_dataset-7d8f5fd922d4497d91cb81489b052746,641,686e8d543c249e7a39b5ba5e2a279e6ca9983c4f6710509c9480a90afe1dee00,science_hte_campaign_3f02a74dbb14
574,ord_dataset-7d8f5fd922d4497d91cb81489b052746:ord-5c9a49eeb0694730b5631cf830892369,ord_dataset-7d8f5fd922d4497d91cb81489b052746,657,02fcc408b3016b21ea3555be37c403027ae8a592d3b70d78aeccecd5386d87e4,science_hte_campaign_3f02a74dbb14
575,ord_dataset-7d8f5fd922d4497d91cb81489b052746:ord-5d23558e07fe489ead6f95c1c722f1b2,ord_dataset-7d8f5fd922d4497d91cb81489b052746,739,9ad0755b9d024e1019e5806872874ac9ae7bd3d6a5600cb8ad3848a8f23f9306,science_hte_campaign_5dd9abf370cb
576,ord_dataset-7d8f5fd922d4497d91cb81489b052746:ord-5d7744c3112a4843a1e4f0fe9f1c5eb5,ord_dataset-7d8f5fd922d4497d91cb81489b052746,1499,be3a1652b519f8bb5ae9968cf4be41a74cb92df14f96bc96f2a7afaf0a8a0897,science_hte_campaign_ca267bf88824
577,ord_dataset-7d8f5fd922d4497d91cb81489b052746:ord-5da06ccfe8564102b880c8fc2573ae11,ord_dataset-7d8f5fd922d4497d91cb81489b052746,755,6cfbe792949c0d04ba8bf6ac622349765b83e6dae2c5b2f269b1243fd07c53bb,science_hte_campaign_5dd9abf370cb
578,ord_dataset-7d8f5fd922d4497d91cb81489b052746:ord-5dc963a10926440182ace0c509dfd4df,ord_dataset-7d8f5fd922d4497d91cb81489b052746,1461,54a3f65c029e6dfa326603f0dc3a77be04f10b58cb9254f2b3cf66c0bc73355a,science_hte_campaign_ca267bf88824
579,ord_dataset-7d8f5fd922d4497d91cb81489b052746:ord-5de0ffc409394f40a2e8447b27778a94,ord_dataset-7d8f5fd922d4497d91cb81489b052746,1015,2a21dfe97a27c96a54757eeeb0a862012bb0b5ceb8ee6f561bbbdad631033473,science_hte_campaign_a04d9653a525
580,ord_dataset-7d8f5fd922d4497d91cb81489b052746:ord-5e01d7a899fe421a964ec0c908d7dafc,ord_dataset-7d8f5fd922d4497d91cb81489b052746,306,36225abc6895fd5d632943ef0ef85127914738b4ab86d082b8559d819ffba308,science_hte_campaign_8510665e92be
581,ord_dataset-7d8f5fd922d4497d91cb81489b052746:ord-5e16e8d698b44090947c506a73c296cb,ord_dataset-7d8f5fd922d4497d91cb81489b052746,692,c2aae4e80b7521c82625c99d17a574a41936e0aa0cf8498c3559b344eaa014d9,science_hte_campaign_5dd9abf370cb
582,ord_dataset-7d8f5fd922d4497d91cb81489b052746:ord-5e5a84425ba4484b9594db0fc3720fd0,ord_dataset-7d8f5fd922d4497d91cb81489b052746,108,8440a4299d3535d9c0c9675c50a189e0858126e81af746a1021b1fde89d48351,science_hte_campaign_c99fb883b4d8
583,ord_dataset-7d8f5fd922d4497d91cb81489b052746:ord-5e5d6582af294b61a4c9bbba32e406b6,ord_dataset-7d8f5fd922d4497d91cb81489b052746,659,3bddba1c177eedc8bc7fbc0c6ce05a721c03316b90d529cb9580c9b3dd8e40cb,science_hte_campaign_3f02a74dbb14
584,ord_dataset-7d8f5fd922d4497d91cb81489b052746:ord-5e704819508c4a82bd9ae1afb3c2fbc1,ord_dataset-7d8f5fd922d4497d91cb81489b052746,879,7b3b9cd4771f0d6453f4410596e1103c5ef9e9c34d2189c558cda21b90b7956a,science_hte_campaign_d8d10c924377
585,ord_dataset-7d8f5fd922d4497d91cb81489b052746:ord-5e778e74d1e04a16ae15a77a3febe327,ord_dataset-7d8f5fd922d4497d91cb81489b052746,489,e26d963bf29305c1d066fa485b7a069a5471559019ada50da55bb5e156cec719,science_hte_campaign_283f403f90e1
586,ord_dataset-7d8f5fd922d4497d91cb81489b052746:ord-5e84b19443724e61874f7b27e94299ac,ord_dataset-7d8f5fd922d4497d91cb81489b052746,1192,6ae5b6ed11527d3e0efabc3e437e36b267e9e2a5596d43a942a5c9795b6925ef,science_hte_campaign_6bf2df144d3d
587,ord_dataset-7d8f5fd922d4497d91cb81489b052746:ord-5e951023631c43d9adc7e1fe80cf7a52,ord_dataset-7d8f5fd922d4497d91cb81489b052746,881,5ead2b76e92d2149bb924d8dbcf986f49346b690336b94daba95e56d8be11eee,science_hte_campaign_d8d10c924377
588,ord_dataset-7d8f5fd922d4497d91cb81489b052746:ord-5f201cd55afa40c4b46d718a3f33dca8,ord_dataset-7d8f5fd922d4497d91cb81489b052746,471,207943fa71898032b3b154078dc819c4396123e961b940a6f33dfca8f7ae70e4,science_hte_campaign_aeefa100ca4f
589,ord_dataset-7d8f5fd922d4497d91cb81489b052746:ord-5f8b06b7935b4f65b17b7c52638f082a,ord_dataset-7d8f5fd922d4497d91cb81489b052746,945,19565107181ffb0b17b50de255aaf1b182d3df24014efbd7403ab74ee8988abc,science_hte_campaign_d8d10c924377
590,ord_dataset-7d8f5fd922d4497d91cb81489b052746:ord-5f8de5d0db9d416bbe6f8e34538baaa5,ord_dataset-7d8f5fd922d4497d91cb81489b052746,371,3c3f6e1dc0d032e4373e0e4ec670d449461d91a1cf3f336c5bc1c25a741dd01f,science_hte_campaign_8510665e92be
591,ord_dataset-7d8f5fd922d4497d91cb81489b052746:ord-5fb09dbcd50d4a1ca9c8328ec904424a,ord_dataset-7d8f5fd922d4497d91cb81489b052746,39,349d49f711540e35a28840e0b5ec0b2d1b06eaf1517c41ea4a620de547f4b766,science_hte_campaign_ac8fc337e171
592,ord_dataset-7d8f5fd922d4497d91cb81489b052746:ord-5fe2bbeef54642b796a2091d551ca420,ord_dataset-7d8f5fd922d4497d91cb81489b052746,1469,7f08e627993fdbc2ef2a8bb4acec4a8a450b7d96677d86abef904605807f5b81,science_hte_campaign_ca267bf88824
593,ord_dataset-7d8f5fd922d4497d91cb81489b052746:ord-6033e218207a40608422b1055632f0a3,ord_dataset-7d8f5fd922d4497d91cb81489b052746,1051,bc585ade46729fe1d8ab0688c134b2c6475104c958709ca08eca6f7dcc22f0b8,science_hte_campaign_a04d9653a525
594,ord_dataset-7d8f5fd922d4497d91cb81489b052746:ord-60517b9120374b6a8848b18f5e40baaf,ord_dataset-7d8f5fd922d4497d91cb81489b052746,909,0dc9da292c885dc055bb6de8bcaee0260098b205b06715351c740dae6d5336c8,science_hte_campaign_d8d10c924377
595,ord_dataset-7d8f5fd922d4497d91cb81489b052746:ord-606fdcd80d6f46829604c5a9bb4f2abd,ord_dataset-7d8f5fd922d4497d91cb81489b052746,450,d4ec24b389c928bbd2991d0d532b21618f00c44aa81aed47b6556752e2ac7a63,science_hte_campaign_aeefa100ca4f
596,ord_dataset-7d8f5fd922d4497d91cb81489b052746:ord-607a98c787714d749d89c56cc07b9d63,ord_dataset-7d8f5fd922d4497d91cb81489b052746,503,90d028de9b52bbac1eb30ad6600cf017a1c335c6c72ab897e3c98dad5f59d27a,science_hte_campaign_283f403f90e1
597,ord_dataset-7d8f5fd922d4497d91cb81489b052746:ord-6092aeba585e4b3ea04451186a528732,ord_dataset-7d8f5fd922d4497d91cb81489b052746,719,b6ebdde82b085da36656ec66ce856eb8c6d9af47b090c6ce119e32f121e4fc09,science_hte_campaign_5dd9abf370cb
598,ord_dataset-7d8f5fd922d4497d91cb81489b052746:ord-60a2cd44bff14af09f1bfd77c3988fd0,ord_dataset-7d8f5fd922d4497d91cb81489b052746,863,c685d0f50f677fd6dd5418bee564724f0d4b0a68335bd80e8f9c919982b40942,science_hte_campaign_97b28884900c
599,ord_dataset-7d8f5fd922d4497d91cb81489b052746:ord-60a528000ef1411e820a9a964f2b97c1,ord_dataset-7d8f5fd922d4497d91cb81489b052746,350,23bdd34ff227fbd5b6193080473f126cf6323072cedcd620d12a3950e8fe05a9,science_hte_campaign_8510665e92be
600,ord_dataset-7d8f5fd922d4497d91cb81489b052746:ord-60ff748b3f734cce8e0de54f9e18f1ba,ord_dataset-7d8f5fd922d4497d91cb81489b052746,631,9dd6711af783fdccc8950fae7ea1a4115b1c801777aa2765fd4c32ecd6510e13,science_hte_campaign_3f02a74dbb14
601,ord_dataset-7d8f5fd922d4497d91cb81489b052746:ord-6148f44b28124bbe9e9f24a452bc810f,ord_dataset-7d8f5fd922d4497d91cb81489b052746,340,565ebba861774bea1b25bea957b099cc00979505a77e0e1300b66fae9c6e29fc,science_hte_campaign_8510665e92be
602,ord_dataset-7d8f5fd922d4497d91cb81489b052746:ord-61fd200ba6aa47c99853ea288a1191f7,ord_dataset-7d8f5fd922d4497d91cb81489b052746,1414,7342eb7a7358aeb18a1756568716323703ec339949d6df1c382883b21fc6d39c,science_hte_campaign_4dcfd4b46ebc
603,ord_dataset-7d8f5fd922d4497d91cb81489b052746:ord-622a29530d5b4098a1400ff1ac3a78b7,ord_dataset-7d8f5fd922d4497d91cb81489b052746,322,8a216629340128bb1f506764d52caaad16eb375e8d9a27ac8cc0180b6b68729f,science_hte_campaign_8510665e92be
604,ord_dataset-7d8f5fd922d4497d91cb81489b052746:ord-623a869c7ab24c069fe432bf97003292,ord_dataset-7d8f5fd922d4497d91cb81489b052746,1103,8906feafff66ab6dd8a8671512b4ea09dee27ce981995b62d57a5a0171edb2f9,science_hte_campaign_2a3be0de5f5e
605,ord_dataset-7d8f5fd922d4497d91cb81489b052746:ord-623c5f27a30043ccbc9feb57bf1387ba,ord_dataset-7d8f5fd922d4497d91cb81489b052746,230,20c2bbd75962f3528c41c9cb4359f166dd6db049039fd08902c62c9b9bd1cf62,science_hte_campaign_f324e61c5fa2
606,ord_dataset-7d8f5fd922d4497d91cb81489b052746:ord-625ed8fb88c747e4b16f322e925963bd,ord_dataset-7d8f5fd922d4497d91cb81489b052746,1506,2824790dc7eaf7bae4a066e93e300244bb02ad18d32f655d5c81f4c80c2c0bde,science_hte_campaign_ca267bf88824
607,ord_dataset-7d8f5fd922d4497d91cb81489b052746:ord-6284d0a28c00476e829659cf11d60db7,ord_dataset-7d8f5fd922d4497d91cb81489b052746,1437,52fb86e39a10d2f3654e17db6e872e4844b553c2fe913bdf910cb6d1e6cb7080,science_hte_campaign_4dcfd4b46ebc
608,ord_dataset-7d8f5fd922d4497d91cb81489b052746:ord-628e0119057245f7a742c4e6944b437c,ord_dataset-7d8f5fd922d4497d91cb81489b052746,85,ca962def647dd742abe6ab55640071b150478b3ae77640b8bdcaeb89c06bde83,science_hte_campaign_ac8fc337e171
609,ord_dataset-7d8f5fd922d4497d91cb81489b052746:ord-62a27aab55d94574b2b57fcdf70bc856,ord_dataset-7d8f5fd922d4497d91cb81489b052746,0,fa2b989797621da46072e32fa3a11322f30ba984014c7c677acf265acdc9d0c4,science_hte_campaign_ac8fc337e171
610,ord_dataset-7d8f5fd922d4497d91cb81489b052746:ord-62bfb478e8f94e6ea1701c9e4e0119b2,ord_dataset-7d8f5fd922d4497d91cb81489b052746,147,17867d1a1e20182d4e9a2419d6a1046c0d53628ee75842f9c4b2f7997f0775ed,science_hte_campaign_c99fb883b4d8
611,ord_dataset-7d8f5fd922d4497d91cb81489b052746:ord-62d15022c726495d907d97229926f2e4,ord_dataset-7d8f5fd922d4497d91cb81489b052746,1327,9f983db60bab8319659b76474dd19c9974841c7b019327d403778e2796645088,science_hte_campaign_62bdfe294f99
612,ord_dataset-7d8f5fd922d4497d91cb81489b052746:ord-62febd6723b44a03a4c6ec3ed14d14d1,ord_dataset-7d8f5fd922d4497d91cb81489b052746,187,11906e8c94e0d36855dd21c0e8ff5073a1153eb9d3030b4f16ac0b18982aae36,science_hte_campaign_c99fb883b4d8
613,ord_dataset-7d8f5fd922d4497d91cb81489b052746:ord-634f1d43936e490993b75547cec53dc1,ord_dataset-7d8f5fd922d4497d91cb81489b052746,613,d107397ced50c77f4f1505815f0c4093ef229b6bd221c549e915760dba9fda90,science_hte_campaign_3f02a74dbb14
614,ord_dataset-7d8f5fd922d4497d91cb81489b052746:ord-6375b836df3143ab9d94ac1799bddbd7,ord_dataset-7d8f5fd922d4497d91cb81489b052746,923,f3bdbf3269bb7280ac5249d70aff366c4ff10ea9faa8d96963db4003018daf33,science_hte_campaign_d8d10c924377
615,ord_dataset-7d8f5fd922d4497d91cb81489b052746:ord-63bf3444b88940b09de5565178642132,ord_dataset-7d8f5fd922d4497d91cb81489b052746,1381,b14aaddb04656e0a917d1348bf988fa4736a1a1e710d58c87ad509c2aeed93dc,science_hte_campaign_4dcfd4b46ebc
616,ord_dataset-7d8f5fd922d4497d91cb81489b052746:ord-63f16812e6bc43e6814f25722b361a71,ord_dataset-7d8f5fd922d4497d91cb81489b052746,1305,a05195fc8a76dd95b5ea5c382a87fdda5a0ed39b0661b5d5c53742de85c3c940,science_hte_campaign_62bdfe294f99
617,ord_dataset-7d8f5fd922d4497d91cb81489b052746:ord-640153cb33b14b34b30f932b58e797d9,ord_dataset-7d8f5fd922d4497d91cb81489b052746,1176,691a9d7bd90b5432f41dd729acd90dcc7cecd92e35500660c6cad407fa40e4d8,science_hte_campaign_6bf2df144d3d
618,ord_dataset-7d8f5fd922d4497d91cb81489b052746:ord-643348c47c0d4f98aed8a711939d2302,ord_dataset-7d8f5fd922d4497d91cb81489b052746,1531,6b4617c65cf43ada14dd3b21112cb5fd85979445de33412f7d12d9675e6973e5,science_hte_campaign_ca267bf88824
619,ord_dataset-7d8f5fd922d4497d91cb81489b052746:ord-64830a31c9ad4b74846a2d7a96a7f4bd,ord_dataset-7d8f5fd922d4497d91cb81489b052746,1497,8abca73ea4565503d62029bd4db5949997cea2da358259fd987738ba13c46a86,science_hte_campaign_ca267bf88824
620,ord_dataset-7d8f5fd922d4497d91cb81489b052746:ord-648b413ef3fd491889bf259ef10164c5,ord_dataset-7d8f5fd922d4497d91cb81489b052746,1100,98ca06bdd5f6e5d7d3875c8f89374e10bd70eff91062290e516b93ee3d8d5ff6,science_hte_campaign_2a3be0de5f5e
621,ord_dataset-7d8f5fd922d4497d91cb81489b052746:ord-64a15392231a4d17ba48ea41f49c5c95,ord_dataset-7d8f5fd922d4497d91cb81489b052746,599,047cb565b53d6d76d6edf331d5066024337471a033aaa0cab0843d233fca8a7a,science_hte_campaign_3f02a74dbb14
622,ord_dataset-7d8f5fd922d4497d91cb81489b052746:ord-64b1e2141b2e418abcf9a6a2edb21ea3,ord_dataset-7d8f5fd922d4497d91cb81489b052746,1263,4b99e4680a49dd0962369309d8bd48cf2dd596111f19f8c4998c2cfe6c78058f,science_hte_campaign_62bdfe294f99
623,ord_dataset-7d8f5fd922d4497d91cb81489b052746:ord-64eb9e1188ae4b95bf384fa3a4cf674f,ord_dataset-7d8f5fd922d4497d91cb81489b052746,1418,b62987d47498924ced9db2aa7295a09d3e53e3b6f4d581be25687f2640707297,science_hte_campaign_4dcfd4b46ebc
624,ord_dataset-7d8f5fd922d4497d91cb81489b052746:ord-64f22abe8a024299b4d1a93cbb757423,ord_dataset-7d8f5fd922d4497d91cb81489b052746,311,58cc81b44c691d9f80e0bce857cf4e14da32903eae2c528bf7633065f49497d7,science_hte_campaign_8510665e92be
625,ord_dataset-7d8f5fd922d4497d91cb81489b052746:ord-6513e417a6624a05a3fa7b73e221cadd,ord_dataset-7d8f5fd922d4497d91cb81489b052746,786,ead3e4f335abbc61fc7b290c0f3166e34b9c53a78ac1fb2e551c9b9ec60425a8,science_hte_campaign_97b28884900c
626,ord_dataset-7d8f5fd922d4497d91cb81489b052746:ord-652ff4c54da34cacb325d3978912e0c1,ord_dataset-7d8f5fd922d4497d91cb81489b052746,833,21772668e123ac01e04f137d7fa9a3ad5153badfad18c1b92095efdbdd7de931,science_hte_campaign_97b28884900c
627,ord_dataset-7d8f5fd922d4497d91cb81489b052746:ord-655fe3fb6ce142d485fe1eb9d3eb3d22,ord_dataset-7d8f5fd922d4497d91cb81489b052746,1224,2d7e82021d71f38796d0fdd71a3f53950e007cc591cdfc8ac50cfe5a8f47b29e,science_hte_campaign_6bf2df144d3d
628,ord_dataset-7d8f5fd922d4497d91cb81489b052746:ord-65d5412a99fc4b0281691513e50635ed,ord_dataset-7d8f5fd922d4497d91cb81489b052746,1127,e62d7ae0d7ac631177fc7991e97332439c817da220dabde5e923d0d41da5059c,science_hte_campaign_2a3be0de5f5e
629,ord_dataset-7d8f5fd922d4497d91cb81489b052746:ord-65fc763641234b86a8ab680a389a0128,ord_dataset-7d8f5fd922d4497d91cb81489b052746,1443,df5d62624dd7f2408618dbb97cf2359e5ba868a60ab53e0ce11be8b21ce2d43e,science_hte_campaign_ca267bf88824
630,ord_dataset-7d8f5fd922d4497d91cb81489b052746:ord-662d6beb3b8a46ba8c58cae428217c29,ord_dataset-7d8f5fd922d4497d91cb81489b052746,1334,8bfaabe365432985624cc5ddfd95651d6a9ba908acf00eef964209511f46b975,science_hte_campaign_62bdfe294f99
631,ord_dataset-7d8f5fd922d4497d91cb81489b052746:ord-6665a192f045442297ec67655cecdbe5,ord_dataset-7d8f5fd922d4497d91cb81489b052746,146,47c16fbe92a7405cb4391adba65699b44300f5f583003e8edc46208a38b6fad5,science_hte_campaign_c99fb883b4d8
632,ord_dataset-7d8f5fd922d4497d91cb81489b052746:ord-669ea198fc754f2d97b0a78c3710096d,ord_dataset-7d8f5fd922d4497d91cb81489b052746,1116,4dde093759772db809163503f9fe47fe9e105c5e96947a682f52c3e8228e3645,science_hte_campaign_2a3be0de5f5e
633,ord_dataset-7d8f5fd922d4497d91cb81489b052746:ord-66a28a8877cc48f5a95d59a3a845de2f,ord_dataset-7d8f5fd922d4497d91cb81489b052746,661,c0de375f3cf54787838548e3c132625c135b9181cea3d98793e2f599725e2967,science_hte_campaign_3f02a74dbb14
634,ord_dataset-7d8f5fd922d4497d91cb81489b052746:ord-66a8c64545c4498ea9c8cf74fd8b0080,ord_dataset-7d8f5fd922d4497d91cb81489b052746,94,878ca3c5bb3e31a1ce3ec389e430d68c75e5274c37e679156b6edf051635ed5c,science_hte_campaign_ac8fc337e171
635,ord_dataset-7d8f5fd922d4497d91cb81489b052746:ord-66aea7fd76b84e9694cc9953f2d331c9,ord_dataset-7d8f5fd922d4497d91cb81489b052746,627,1642f3492f0e3856130fb4f93dd6584186921678a44c0c62a5973646d2c5ff82,science_hte_campaign_3f02a74dbb14
636,ord_dataset-7d8f5fd922d4497d91cb81489b052746:ord-66d2ed3c77194a16866cbec98472d3d8,ord_dataset-7d8f5fd922d4497d91cb81489b052746,988,c35008f8d5c33d9571b2059561bf1d1b069343bf033cf6986d282c6a6a0026a4,science_hte_campaign_a04d9653a525
637,ord_dataset-7d8f5fd922d4497d91cb81489b052746:ord-66f000f73de449e096d43f65815b8560,ord_dataset-7d8f5fd922d4497d91cb81489b052746,1310,a6b43c403c5dfc12e69b6c53cc1da8750908b6aab578e8ed8aad583385568776,science_hte_campaign_62bdfe294f99
638,ord_dataset-7d8f5fd922d4497d91cb81489b052746:ord-671acd2517ae4723bfd2136d628fd214,ord_dataset-7d8f5fd922d4497d91cb81489b052746,43,22c07b6770a1127aef5e1ee5f74ae199728c4882645336bd14f8d7e75aa1a13b,science_hte_campaign_ac8fc337e171
639,ord_dataset-7d8f5fd922d4497d91cb81489b052746:ord-67654e2ef14b4d0eb1118e22a948118f,ord_dataset-7d8f5fd922d4497d91cb81489b052746,316,e942a38eee5a5a68fb00f0b54b404ded0a7a30eecc3041501f633c2cd0ee4ef8,science_hte_campaign_8510665e92be
640,ord_dataset-7d8f5fd922d4497d91cb81489b052746:ord-6792af09b4fd4b1bb8563f607dd0444d,ord_dataset-7d8f5fd922d4497d91cb81489b052746,906,d0c63b31fe2c9251cbefd137c1098d17de83db65b20e96f3cd90674bfff19cef,science_hte_campaign_d8d10c924377
641,ord_dataset-7d8f5fd922d4497d91cb81489b052746:ord-67aa585741b24788ab20d73304dadd72,ord_dataset-7d8f5fd922d4497d91cb81489b052746,1091,c82ac804ef5ae1e22357ea440734b266df19ea89fd587f2e673a303dfb61aeb8,science_hte_campaign_2a3be0de5f5e
642,ord_dataset-7d8f5fd922d4497d91cb81489b052746:ord-67d6bac0d16f4ed8ba8e0b53714d238d,ord_dataset-7d8f5fd922d4497d91cb81489b052746,470,4d269a02e76e01c7bc0da8a2eb98a5e9f44a934a731461dde002af0dd4ffdf08,science_hte_campaign_aeefa100ca4f
643,ord_dataset-7d8f5fd922d4497d91cb81489b052746:ord-67de41954fe1470fa7a821ab17fa61e9,ord_dataset-7d8f5fd922d4497d91cb81489b052746,714,f5b54319fbfae99ee554829d0ce4c9fdb65f922203583771bc8197efafa3cb3f,science_hte_campaign_5dd9abf370cb
644,ord_dataset-7d8f5fd922d4497d91cb81489b052746:ord-67eb59ac33ac41f3939d49275dd5d9f1,ord_dataset-7d8f5fd922d4497d91cb81489b052746,473,34d5246e238ac12e0f9dc7d9f8bbdb98f61f8c7d83a4157226b1d8567cc54bdd,science_hte_campaign_aeefa100ca4f
645,ord_dataset-7d8f5fd922d4497d91cb81489b052746:ord-681851a4dd784996809ecc73ab6e071b,ord_dataset-7d8f5fd922d4497d91cb81489b052746,685,4a02975aca9e5ed108d012f5d7aaf80cc3c2b78ad5fafadf8abd201611cf3853,science_hte_campaign_5dd9abf370cb
646,ord_dataset-7d8f5fd922d4497d91cb81489b052746:ord-684175ff13af45f8a0da12ad2030b6ce,ord_dataset-7d8f5fd922d4497d91cb81489b052746,728,7cc5835cf99d6e9e7d6f51fddba1cf27741a1f09feb1f65661d3254f54491070,science_hte_campaign_5dd9abf370cb
647,ord_dataset-7d8f5fd922d4497d91cb81489b052746:ord-686a1eb68ca5465fbc51ed843164d2f1,ord_dataset-7d8f5fd922d4497d91cb81489b052746,874,896bce06756bdfb1388499c90230f6e452c8e04dabd6b7b8ffae6014e8ecef1d,science_hte_campaign_d8d10c924377
648,ord_dataset-7d8f5fd922d4497d91cb81489b052746:ord-687123d0232a4bcd8fdfb1b9c3165285,ord_dataset-7d8f5fd922d4497d91cb81489b052746,862,6552124ebfb27103e1fcf71c83b2a07af6986139532fd6fd20f66d4e8438926a,science_hte_campaign_97b28884900c
649,ord_dataset-7d8f5fd922d4497d91cb81489b052746:ord-68753021e8824ff9a69fad982887216c,ord_dataset-7d8f5fd922d4497d91cb81489b052746,682,8419eef739dca577e335886c9b837efeaddcb2551bd6726f7c15c80cfffc0bde,science_hte_campaign_5dd9abf370cb
650,ord_dataset-7d8f5fd922d4497d91cb81489b052746:ord-687c232586724094bd5d8e6fb20d179d,ord_dataset-7d8f5fd922d4497d91cb81489b052746,1389,d26bf413993889a9548c55491a770f8b38928623cee394d8b50196f37cca06df,science_hte_campaign_4dcfd4b46ebc
651,ord_dataset-7d8f5fd922d4497d91cb81489b052746:ord-68b0874503fd489684bcffc9d3416341,ord_dataset-7d8f5fd922d4497d91cb81489b052746,594,004e9db7ca2d61fd4d596a6cba5d4c235de9edc19bba230affcd2acf3db2aefd,science_hte_campaign_3f02a74dbb14
652,ord_dataset-7d8f5fd922d4497d91cb81489b052746:ord-68f057baf5c74832b731c67e34d62096,ord_dataset-7d8f5fd922d4497d91cb81489b052746,895,e4511e64b1352f33318a19d74a27b0f79efcbff3e176205e51e96863a4a9c3b3,science_hte_campaign_d8d10c924377
653,ord_dataset-7d8f5fd922d4497d91cb81489b052746:ord-691d3324a1014353a787dae6f8a36387,ord_dataset-7d8f5fd922d4497d91cb81489b052746,1358,37e0d58c0e3c50637b7752d012ecb55d359cea13aa2e14806f634c086935098f,science_hte_campaign_4dcfd4b46ebc
654,ord_dataset-7d8f5fd922d4497d91cb81489b052746:ord-694a3286e0c8447096c1f6ea0b5ad784,ord_dataset-7d8f5fd922d4497d91cb81489b052746,66,95f1dcc7402c04dea3bc900577cbd8454c8a83c1cab8eb33d1b23cc3ac9409d5,science_hte_campaign_ac8fc337e171
655,ord_dataset-7d8f5fd922d4497d91cb81489b052746:ord-69bead9c04bd4268be963661776e727a,ord_dataset-7d8f5fd922d4497d91cb81489b052746,964,275cf1b3d3ccb4ad7d11764ca3d198bd16b27d96a7f9dd40b2adb64f012cd179,science_hte_campaign_a04d9653a525
656,ord_dataset-7d8f5fd922d4497d91cb81489b052746:ord-6a85c84a2d31495fbf8aba3ea8d64871,ord_dataset-7d8f5fd922d4497d91cb81489b052746,1153,4871cc51076b18170a1399f2354fa2f168fd1c40864634cf452eeb5222d70627,science_hte_campaign_6bf2df144d3d
657,ord_dataset-7d8f5fd922d4497d91cb81489b052746:ord-6aa904cbe3644e6a98f53c10c17d1efd,ord_dataset-7d8f5fd922d4497d91cb81489b052746,1384,acff6df2bf379f69c30281e63157d174a145a95a6364eff1dadb1a3a06fc6a6d,science_hte_campaign_4dcfd4b46ebc
658,ord_dataset-7d8f5fd922d4497d91cb81489b052746:ord-6ae16662e51847ba916f1c69665987fc,ord_dataset-7d8f5fd922d4497d91cb81489b052746,298,ca4f4ccbb2d43b722a033391e6a641c54676585c5a46a3a22394331d1afd625b,science_hte_campaign_8510665e92be
659,ord_dataset-7d8f5fd922d4497d91cb81489b052746:ord-6af913bd54444c0592b69123d531d18d,ord_dataset-7d8f5fd922d4497d91cb81489b052746,1155,c17589a8fe59d2ab4ea57f269eba7a2c3a51d13c6fe64f7b6428780fa3efd2cb,science_hte_campaign_6bf2df144d3d
660,ord_dataset-7d8f5fd922d4497d91cb81489b052746:ord-6b115948859e4420b259f9373a5a4ef2,ord_dataset-7d8f5fd922d4497d91cb81489b052746,758,d61d2fe69a8deb2705b588bf769a7d586b1da4166af73a19b78b3585593a2e06,science_hte_campaign_5dd9abf370cb
661,ord_dataset-7d8f5fd922d4497d91cb81489b052746:ord-6b23a9463fe84d2d898e2f0c70ebe223,ord_dataset-7d8f5fd922d4497d91cb81489b052746,793,f2743d12c97d590915e86809eb8544a90649ab81695155b6a30f59108b2843cd,science_hte_campaign_97b28884900c
662,ord_dataset-7d8f5fd922d4497d91cb81489b052746:ord-6b2c322424b54a0298afd113c412ec1f,ord_dataset-7d8f5fd922d4497d91cb81489b052746,1198,1c25bc5b4c83c03401a287dcf6d2a8b6d89d91ca4209a574b16b877f04d4880b,science_hte_campaign_6bf2df144d3d
663,ord_dataset-7d8f5fd922d4497d91cb81489b052746:ord-6b3c269dbb7e493bbd0d9c8b1f579664,ord_dataset-7d8f5fd922d4497d91cb81489b052746,1488,8def2604a2f1d552c5342b7d243ef0ec8a9c7af6277ee6454d3ec8398c2b96b6,science_hte_campaign_ca267bf88824
664,ord_dataset-7d8f5fd922d4497d91cb81489b052746:ord-6b558cd6563543579e9b6235c6a332d1,ord_dataset-7d8f5fd922d4497d91cb81489b052746,159,2ca073c816237c6ad3e4e82302bdd4bba20f07e0a4e3484ee746937ba0aaad89,science_hte_campaign_c99fb883b4d8
665,ord_dataset-7d8f5fd922d4497d91cb81489b052746:ord-6b8e25826aaa4dc29d32145ca1a709fb,ord_dataset-7d8f5fd922d4497d91cb81489b052746,360,5a05fce69b726728d2d9e3a8c20fd392befaaab045df28b2318069124687da99,science_hte_campaign_8510665e92be
666,ord_dataset-7d8f5fd922d4497d91cb81489b052746:ord-6b9d79c76cab4125a2654c8af6c06717,ord_dataset-7d8f5fd922d4497d91cb81489b052746,554,07a363393d7bd707c2e3d9eea137e3979096da6b9afe721a390336eb6c7134fb,science_hte_campaign_283f403f90e1
667,ord_dataset-7d8f5fd922d4497d91cb81489b052746:ord-6ba68b4bc6d44de7bb84ad13130a8919,ord_dataset-7d8f5fd922d4497d91cb81489b052746,1262,0805dd19338b136cb55652b177c198d59bf8282f6135004aa7aff245ddf75c1b,science_hte_campaign_62bdfe294f99
668,ord_dataset-7d8f5fd922d4497d91cb81489b052746:ord-6bf7481a92d44cc28ff6ad0bd2caead9,ord_dataset-7d8f5fd922d4497d91cb81489b052746,1084,3119b37c281015b49007784b322c256566c48119fc8afec28261c897c7265528,science_hte_campaign_2a3be0de5f5e
669,ord_dataset-7d8f5fd922d4497d91cb81489b052746:ord-6c12162c67554bb4bfdad94e3e7fe14c,ord_dataset-7d8f5fd922d4497d91cb81489b052746,25,c6bb6c5cc728a265da5234996f172f11073f7f25c9cd5be2b18aafa9240c7fca,science_hte_campaign_ac8fc337e171
670,ord_dataset-7d8f5fd922d4497d91cb81489b052746:ord-6c7721bd3e204672a9c32ae83b6f37f4,ord_dataset-7d8f5fd922d4497d91cb81489b052746,1442,679aefe885083740085bd8520f48f919710844afbc055a0e75395e263c34a97b,science_hte_campaign_ca267bf88824
671,ord_dataset-7d8f5fd922d4497d91cb81489b052746:ord-6cb9794fcbb24d379496c4f2e6dfee08,ord_dataset-7d8f5fd922d4497d91cb81489b052746,1465,8cc3702b09e565e68d74f199b14c7e038992e52b0fe09e28ef5df41b8c7433ed,science_hte_campaign_ca267bf88824
672,ord_dataset-7d8f5fd922d4497d91cb81489b052746:ord-6cbb5642fc084d2c860a929e5fdbcb78,ord_dataset-7d8f5fd922d4497d91cb81489b052746,286,0b1f48d322163b007df15d96aa72024796d5efe818204d1d4e7cc228246eab5f,science_hte_campaign_f324e61c5fa2
673,ord_dataset-7d8f5fd922d4497d91cb81489b052746:ord-6ccce014b1784a0897746a9d3a8b78c0,ord_dataset-7d8f5fd922d4497d91cb81489b052746,1253,3f32c7c7db80ecedfdce09cf96d56e910ebabac2e2f0487935cd73bb336045c1,science_hte_campaign_62bdfe294f99
674,ord_dataset-7d8f5fd922d4497d91cb81489b052746:ord-6cd4edd2fdeb46719dddb2f1f8b69066,ord_dataset-7d8f5fd922d4497d91cb81489b052746,263,2e6a17a95b78800d8ec9c3f0dc461d5f1064c8be6e271ef143d499fb7274d57c,science_hte_campaign_f324e61c5fa2
675,ord_dataset-7d8f5fd922d4497d91cb81489b052746:ord-6d14ca81a07e42ff87ccebcabe65b962,ord_dataset-7d8f5fd922d4497d91cb81489b052746,796,4a9edd4e8fbc26c414ed597c3cf0370c6dd42588c3cd94cc72b59fe811f869c2,science_hte_campaign_97b28884900c
676,ord_dataset-7d8f5fd922d4497d91cb81489b052746:ord-6d31ce7f9c9b476098713c0f1487bb01,ord_dataset-7d8f5fd922d4497d91cb81489b052746,1207,b8182cdbeb1932a79d48fa622302e196596c1c79e8858e6534932aea8c440dc1,science_hte_campaign_6bf2df144d3d
677,ord_dataset-7d8f5fd922d4497d91cb81489b052746:ord-6d3bc2ef2d23444b895f586b662cad88,ord_dataset-7d8f5fd922d4497d91cb81489b052746,479,83c0440255aaf06bcefee5c863be1d222c04e3b0015049b92c29a963659c7b11,science_hte_campaign_aeefa100ca4f
678,ord_dataset-7d8f5fd922d4497d91cb81489b052746:ord-6d443a7bce2c49418f1d32d20f4ad7be,ord_dataset-7d8f5fd922d4497d91cb81489b052746,390,da0688981820c46cdd2af8f6e1a1c3cee0942603d6d9c42b726a389ce88c53ff,science_hte_campaign_aeefa100ca4f
679,ord_dataset-7d8f5fd922d4497d91cb81489b052746:ord-6d68adc776c943c7843215a384e963c0,ord_dataset-7d8f5fd922d4497d91cb81489b052746,731,2a2fb59c4349e863bf1a336d989f8dced111d2e4faa18d388fb48a881e2198ac,science_hte_campaign_5dd9abf370cb
680,ord_dataset-7d8f5fd922d4497d91cb81489b052746:ord-6d7db1993f6747febc424b09540e2d8e,ord_dataset-7d8f5fd922d4497d91cb81489b052746,421,db1ceb83c10db65951591f821f52d14a13691579a639db7dafae42aa410e986d,science_hte_campaign_aeefa100ca4f
681,ord_dataset-7d8f5fd922d4497d91cb81489b052746:ord-6dbfed5911db4f43a346a085d408a834,ord_dataset-7d8f5fd922d4497d91cb81489b052746,1161,2e22b4b52902508c6ffdf94e7d677303571f95d11adabe26120d032f494d4c47,science_hte_campaign_6bf2df144d3d
682,ord_dataset-7d8f5fd922d4497d91cb81489b052746:ord-6df2cada595e4c35b38107a7bf3b7b29,ord_dataset-7d8f5fd922d4497d91cb81489b052746,732,b24717398bb552346bbcd06a71d1db6e2680da3f16c9f3139b6517b5d07cb328,science_hte_campaign_5dd9abf370cb
683,ord_dataset-7d8f5fd922d4497d91cb81489b052746:ord-6e097f54a887421484f130029cb0f7dc,ord_dataset-7d8f5fd922d4497d91cb81489b052746,1150,55bcd6144872b569c22e45a4c7252c51fd57e0c0acfe1bc16647fbdbc693ac21,science_hte_campaign_2a3be0de5f5e
684,ord_dataset-7d8f5fd922d4497d91cb81489b052746:ord-6e23bcbe69a54f31b1c4092b50a9d8b9,ord_dataset-7d8f5fd922d4497d91cb81489b052746,736,2a39320686580dc1dbc48aa12ed9f86401bba3596002098b0e214dc86f1bbe0e,science_hte_campaign_5dd9abf370cb
685,ord_dataset-7d8f5fd922d4497d91cb81489b052746:ord-6e3706a9cb45452ea45a818f802dd906,ord_dataset-7d8f5fd922d4497d91cb81489b052746,1351,a387fadd6940a09bf10f6e44b9aad1e038ad0a9b4c69656add80e990e1e7228a,science_hte_campaign_4dcfd4b46ebc
686,ord_dataset-7d8f5fd922d4497d91cb81489b052746:ord-6e506895fffa417a9a94493174794b56,ord_dataset-7d8f5fd922d4497d91cb81489b052746,822,2f01f4a18c36aff51b8912785ef0943d10ec32e0f9cc209f7e9fb69482dddbb2,science_hte_campaign_97b28884900c
687,ord_dataset-7d8f5fd922d4497d91cb81489b052746:ord-6e6923e0f65b4727b8cbc91404d5db58,ord_dataset-7d8f5fd922d4497d91cb81489b052746,1346,e2c5bede8e9b0dbda04c8084d8b541593cd6b4ea6864176fa52c777e930b3c31,science_hte_campaign_4dcfd4b46ebc
688,ord_dataset-7d8f5fd922d4497d91cb81489b052746:ord-6ea34157ab9b476b871de0de2493405a,ord_dataset-7d8f5fd922d4497d91cb81489b052746,1303,4533928d8b3162e5d2e1d4b6d748d88ed6d78a8153285990838ebc85274fc964,science_hte_campaign_62bdfe294f99
689,ord_dataset-7d8f5fd922d4497d91cb81489b052746:ord-6eacdaaf3832461eb236fb7e751227f9,ord_dataset-7d8f5fd922d4497d91cb81489b052746,1109,51da6843974ace6f913faeea0408ce175ec7be53657d60aec6241747f72e51de,science_hte_campaign_2a3be0de5f5e
690,ord_dataset-7d8f5fd922d4497d91cb81489b052746:ord-6eb0094cb6fb4ebb9c8925db1c5184be,ord_dataset-7d8f5fd922d4497d91cb81489b052746,253,a1018687d8d304eae9f4e33ad5b6374d87173dd21efa06bade2a9ed39595e1f8,science_hte_campaign_f324e61c5fa2
691,ord_dataset-7d8f5fd922d4497d91cb81489b052746:ord-6ef9a69c8ddb42b2ad77ac4add884e2b,ord_dataset-7d8f5fd922d4497d91cb81489b052746,1050,a3b184f9b3b4f2670f29a702b2123fa4ced5bf2e63d4e4b4f63f03affc743d07,science_hte_campaign_a04d9653a525
692,ord_dataset-7d8f5fd922d4497d91cb81489b052746:ord-6f17ee12555645e790f046c328f9a60d,ord_dataset-7d8f5fd922d4497d91cb81489b052746,294,8587260b0c164f9a55c190df1c49d6d7d4e28d561beeb8e18754d6ffe299f0e4,science_hte_campaign_8510665e92be
693,ord_dataset-7d8f5fd922d4497d91cb81489b052746:ord-6fd27b9b857e4138a2ff582fc71b6392,ord_dataset-7d8f5fd922d4497d91cb81489b052746,265,18221b12f0386ff2d743c78b00b0bbb56905012084f11778e0283d502a26901d,science_hte_campaign_f324e61c5fa2
694,ord_dataset-7d8f5fd922d4497d91cb81489b052746:ord-6fd9eff166e64e48bb784160eecca898,ord_dataset-7d8f5fd922d4497d91cb81489b052746,697,cf8f95f054f4190a748ba1a72e8530ae5fcbcab1ad96c29d6070b8ad943e3d34,science_hte_campaign_5dd9abf370cb
695,ord_dataset-7d8f5fd922d4497d91cb81489b052746:ord-700cc647f5514bd8bf57c72c97ea47e7,ord_dataset-7d8f5fd922d4497d91cb81489b052746,144,22224f850ba2c7e68aedec053597cf95ae781136c7274878bd997b17ee56a9b8,science_hte_campaign_c99fb883b4d8
696,ord_dataset-7d8f5fd922d4497d91cb81489b052746:ord-7017093be08949b2a835851da175ab19,ord_dataset-7d8f5fd922d4497d91cb81489b052746,1273,09f11a1de88b8d8285185b0edab4b102c4b378c5a029ad1aa5545dc77748e8ab,science_hte_campaign_62bdfe294f99
697,ord_dataset-7d8f5fd922d4497d91cb81489b052746:ord-70f0ad4f23c04c58bd857804aebd4226,ord_dataset-7d8f5fd922d4497d91cb81489b052746,749,82eb7890a28b4287fa0fc618e7de0c44cdc0d005906b358c9199957746e6943d,science_hte_campaign_5dd9abf370cb
698,ord_dataset-7d8f5fd922d4497d91cb81489b052746:ord-70f5abac5141412bb1f5468351f0467e,ord_dataset-7d8f5fd922d4497d91cb81489b052746,1511,7e0dee082abcf16ed04f9e5739be272e4d1fc30b9b554b01c0d394605428e355,science_hte_campaign_ca267bf88824
699,ord_dataset-7d8f5fd922d4497d91cb81489b052746:ord-71042456c02e441f8fd96c4e820436e0,ord_dataset-7d8f5fd922d4497d91cb81489b052746,1212,65604d5b7448b88ee473eaf73b520bea1199bed47df93fede87d720befd0304e,science_hte_campaign_6bf2df144d3d
700,ord_dataset-7d8f5fd922d4497d91cb81489b052746:ord-71363e7d4ac042599a40993cfcc6fcf3,ord_dataset-7d8f5fd922d4497d91cb81489b052746,1318,1e48829498e2abdf849da7433d08488d58504db27cd6993900cd73294de6ca10,science_hte_campaign_62bdfe294f99
701,ord_dataset-7d8f5fd922d4497d91cb81489b052746:ord-717c0a6a1cda48e492e37d218d93e827,ord_dataset-7d8f5fd922d4497d91cb81489b052746,318,b32a1251ca254fed32e3660814d4fe913084817672e7739344293e32d5d7885e,science_hte_campaign_8510665e92be
702,ord_dataset-7d8f5fd922d4497d91cb81489b052746:ord-71dbdb5f3a504c30b9fad0464f358e68,ord_dataset-7d8f5fd922d4497d91cb81489b052746,625,d11d36b6fc581dd7ffd0be38deb28e2ceeb2dc0d17034a664a61c0fd56813b4e,science_hte_campaign_3f02a74dbb14
703,ord_dataset-7d8f5fd922d4497d91cb81489b052746:ord-7230b30afec3459c9c06ec8787daca33,ord_dataset-7d8f5fd922d4497d91cb81489b052746,120,15c8845a488ead83793c91a68a182ee29a1ead8d8ce0eddb9201b47b98d83402,science_hte_campaign_c99fb883b4d8
704,ord_dataset-7d8f5fd922d4497d91cb81489b052746:ord-7232c88653574348ba469a671684714d,ord_dataset-7d8f5fd922d4497d91cb81489b052746,1460,f3aac90b9b4552108535eb3c25155202a9ebfe21dca40e06840bda8ac3a27abb,science_hte_campaign_ca267bf88824
705,ord_dataset-7d8f5fd922d4497d91cb81489b052746:ord-72429804c2274875ae1e7e94d91c6b14,ord_dataset-7d8f5fd922d4497d91cb81489b052746,621,bfadcb93962bea598a92abac4acb25993370f05a442bc3e687a4a1027a4dbc2a,science_hte_campaign_3f02a74dbb14
706,ord_dataset-7d8f5fd922d4497d91cb81489b052746:ord-724f4a515a4645509c7edffc9ddf35b2,ord_dataset-7d8f5fd922d4497d91cb81489b052746,1007,9aa40ecf91f466ba9d30097fe826f57a6c019db6c3eeea69399b9bb8aa4d0827,science_hte_campaign_a04d9653a525
707,ord_dataset-7d8f5fd922d4497d91cb81489b052746:ord-724f4a69ed8a4804811cf0e2b862b23e,ord_dataset-7d8f5fd922d4497d91cb81489b052746,1149,b1a91d9d17a4a862cace81e15f1d9f88444bc1cf65653def6bfc68da437c00fc,science_hte_campaign_2a3be0de5f5e
708,ord_dataset-7d8f5fd922d4497d91cb81489b052746:ord-72631df761374d589f80bf712a14437e,ord_dataset-7d8f5fd922d4497d91cb81489b052746,1462,f7d6088a0135c3b45c4ddcb2136f8560207d6a637c2d8508d2dd2e4d3eae1686,science_hte_campaign_ca267bf88824
709,ord_dataset-7d8f5fd922d4497d91cb81489b052746:ord-7264e470e06a461cac39633c3233ecdf,ord_dataset-7d8f5fd922d4497d91cb81489b052746,1477,ead12609d34536509da26a522cc57aa9c2012203c0d6394c8159475128a24e5d,science_hte_campaign_ca267bf88824
710,ord_dataset-7d8f5fd922d4497d91cb81489b052746:ord-72899b3355c84b718d8fc2e9d7994c68,ord_dataset-7d8f5fd922d4497d91cb81489b052746,38,fd454c9ba1cd42d155ae1627b2da7dfbe7e14e1d91a66fa485afd2df58485707,science_hte_campaign_ac8fc337e171
711,ord_dataset-7d8f5fd922d4497d91cb81489b052746:ord-72f678f964d9477bb2d0b5bd112282b2,ord_dataset-7d8f5fd922d4497d91cb81489b052746,816,f65b21a3f28154c1d4b6534e62f13ade36eb1dd3f36656c51f9d5b70c334375e,science_hte_campaign_97b28884900c
712,ord_dataset-7d8f5fd922d4497d91cb81489b052746:ord-732fcb67e04840d39068e4f5d9f3d436,ord_dataset-7d8f5fd922d4497d91cb81489b052746,986,345a69e3a148535bfd34561557c5cdf51e41e8cf687914a195f9278cca972c4a,science_hte_campaign_a04d9653a525
713,ord_dataset-7d8f5fd922d4497d91cb81489b052746:ord-7396eb019faf483a91ed897621c86799,ord_dataset-7d8f5fd922d4497d91cb81489b052746,469,db86a8126905feabb8b3a5c7258a9492974f0058310e7004cb181335bc237c20,science_hte_campaign_aeefa100ca4f
714,ord_dataset-7d8f5fd922d4497d91cb81489b052746:ord-73cde4e2320a498bbe0308d61e4bc40e,ord_dataset-7d8f5fd922d4497d91cb81489b052746,291,4c48ecc417848b4744e80b3c8660f21e141bd5a4826e5acd0edb4670ce93a748,science_hte_campaign_8510665e92be
715,ord_dataset-7d8f5fd922d4497d91cb81489b052746:ord-748ac92c03e44e119c8107f8243eeb3b,ord_dataset-7d8f5fd922d4497d91cb81489b052746,887,23a78fb7c013f0303cbcdf6a738f5021d7dc242c1d97a9dbf0e079786a1a8431,science_hte_campaign_d8d10c924377
716,ord_dataset-7d8f5fd922d4497d91cb81489b052746:ord-74a708aacedd4a49add4e14f758191e8,ord_dataset-7d8f5fd922d4497d91cb81489b052746,223,3e43453adae2923816e81481ce05882f92854dbe9c5ee5c0e661dcea28f502e2,science_hte_campaign_f324e61c5fa2
717,ord_dataset-7d8f5fd922d4497d91cb81489b052746:ord-74b1de5a834b42108489e995343557d6,ord_dataset-7d8f5fd922d4497d91cb81489b052746,177,00cca3c1e8861e24b897b5c3f25ca598bcfce993f07f6891916d4b3fa7940eb2,science_hte_campaign_c99fb883b4d8
718,ord_dataset-7d8f5fd922d4497d91cb81489b052746:ord-74bdfbb46f9240fe9cdb52aba8aade62,ord_dataset-7d8f5fd922d4497d91cb81489b052746,141,5b51d8d6f230f6c24b3db36d1a03ce457d7e06ea9ca7eb39e7632447dac776e1,science_hte_campaign_c99fb883b4d8
719,ord_dataset-7d8f5fd922d4497d91cb81489b052746:ord-74c936254ee448fc972e0cc06127c7b0,ord_dataset-7d8f5fd922d4497d91cb81489b052746,180,a7b85e7790d90549741209c40f891b466b6623b162e92d6545f8ac8e45e98bbe,science_hte_campaign_c99fb883b4d8
720,ord_dataset-7d8f5fd922d4497d91cb81489b052746:ord-74d4893385db49a99afc49333667cec2,ord_dataset-7d8f5fd922d4497d91cb81489b052746,347,e24ff1f4cec791a3449335d09f6cb4b4cfdca53d24c89b2a4d521c574b48cdb1,science_hte_campaign_8510665e92be
721,ord_dataset-7d8f5fd922d4497d91cb81489b052746:ord-74e03d6c7a7b4c20a71882935ab1ee3c,ord_dataset-7d8f5fd922d4497d91cb81489b052746,583,63af850e881d506296d4392729c97e8e1fa97bf232316e108ea7e78ffcd74d42,science_hte_campaign_3f02a74dbb14
722,ord_dataset-7d8f5fd922d4497d91cb81489b052746:ord-74e6b2a077294e14973b7b07a8ee9274,ord_dataset-7d8f5fd922d4497d91cb81489b052746,827,35bb61a18b5a4575cf05d552509e9879bd7c01d7affd5aaa1dad2dd37136a06d,science_hte_campaign_97b28884900c
723,ord_dataset-7d8f5fd922d4497d91cb81489b052746:ord-75b15d00d1c34cfcbb44f140d78b86fc,ord_dataset-7d8f5fd922d4497d91cb81489b052746,1458,198d706e405b8c9c91fc1817f351298a51330db6d916b82568869aa87fc28d62,science_hte_campaign_ca267bf88824
724,ord_dataset-7d8f5fd922d4497d91cb81489b052746:ord-75cf10be0b7149f6887ad56ab129a78d,ord_dataset-7d8f5fd922d4497d91cb81489b052746,1272,3b56ac48fcb4dd5f5a826610877b74516c314715e58c2f1f78ab89379f2141db,science_hte_campaign_62bdfe294f99
725,ord_dataset-7d8f5fd922d4497d91cb81489b052746:ord-7647a0763e714a8fa389010a992665d1,ord_dataset-7d8f5fd922d4497d91cb81489b052746,893,0564ae61b69b87fd63b12bb2dd78d6f7c06378ab8f9625ba91e108cb31532a95,science_hte_campaign_d8d10c924377
726,ord_dataset-7d8f5fd922d4497d91cb81489b052746:ord-768b9d9e385d4f67aee958249ee99229,ord_dataset-7d8f5fd922d4497d91cb81489b052746,1530,4d20fe4a89d59bf12726dcd685bf2f881504771456a8f93c678da8d35ebb345d,science_hte_campaign_ca267bf88824
727,ord_dataset-7d8f5fd922d4497d91cb81489b052746:ord-76a37a0597dd473da720020bdc20ead9,ord_dataset-7d8f5fd922d4497d91cb81489b052746,1151,c1a0bf8acf689436da7cdd0243035e25dbd4915ba590f5f0b3cb617d2658911a,science_hte_campaign_2a3be0de5f5e
728,ord_dataset-7d8f5fd922d4497d91cb81489b052746:ord-76e3754f723946f685db5372d4c2245b,ord_dataset-7d8f5fd922d4497d91cb81489b052746,702,39db74b12512d9060ed64510335352bb8cc40357e1a3f07382ec1bd64218722a,science_hte_campaign_5dd9abf370cb
729,ord_dataset-7d8f5fd922d4497d91cb81489b052746:ord-76e99fbccf41490d8fd352adbb7c40b9,ord_dataset-7d8f5fd922d4497d91cb81489b052746,894,b730b9b9e6533b56beff2f2235c669bbf71b8afe2f0caed36ade781a706624f9,science_hte_campaign_d8d10c924377
730,ord_dataset-7d8f5fd922d4497d91cb81489b052746:ord-7709b8e411444b609ed88bccef67c943,ord_dataset-7d8f5fd922d4497d91cb81489b052746,619,6a1f3789724e34c529afb41245e280e5b61a08babc107980fe2f5c85463e288b,science_hte_campaign_3f02a74dbb14
731,ord_dataset-7d8f5fd922d4497d91cb81489b052746:ord-771dbbad845b4301a506230a250cc347,ord_dataset-7d8f5fd922d4497d91cb81489b052746,1076,7597e77c50095374570d333f21a8cade3a1af61e2c52d8ccf170332cd856b554,science_hte_campaign_2a3be0de5f5e
732,ord_dataset-7d8f5fd922d4497d91cb81489b052746:ord-776b44dd5b614bdcb526a6bef9b6be9c,ord_dataset-7d8f5fd922d4497d91cb81489b052746,1451,f2eb2a24eff4c028a97952865fa3d8ce76f1813f35e0e08ec85f3a00ab71ec39,science_hte_campaign_ca267bf88824
733,ord_dataset-7d8f5fd922d4497d91cb81489b052746:ord-77cbf28f60a74bd1b6e3100e51ec6d40,ord_dataset-7d8f5fd922d4497d91cb81489b052746,942,41b48e38d197204698616baf0a2c04bfd49b2fc3b424c12f110b57387a2486c4,science_hte_campaign_d8d10c924377
734,ord_dataset-7d8f5fd922d4497d91cb81489b052746:ord-77cfd6a0189b4bcab81a71a919bea729,ord_dataset-7d8f5fd922d4497d91cb81489b052746,73,f1ac031fbc653efcca72071bd439afad559199a6185b68110c4529f5f2b696a3,science_hte_campaign_ac8fc337e171
735,ord_dataset-7d8f5fd922d4497d91cb81489b052746:ord-77e94a6c54484b9eafd34223b7faf1c6,ord_dataset-7d8f5fd922d4497d91cb81489b052746,650,715ebade5c4ab42b60d7488918bc9f376de8ce5e3f43ad7e9bc879f70f6d4272,science_hte_campaign_3f02a74dbb14
736,ord_dataset-7d8f5fd922d4497d91cb81489b052746:ord-781a676121464a9db477a64fa7837433,ord_dataset-7d8f5fd922d4497d91cb81489b052746,1048,120dfba327dee019e0d6a07d3cdd57e5e6392f13601aedf57a529ba34ba68b39,science_hte_campaign_a04d9653a525
737,ord_dataset-7d8f5fd922d4497d91cb81489b052746:ord-781d08b7c6b84490a9ab7568325aadd5,ord_dataset-7d8f5fd922d4497d91cb81489b052746,981,234429a502c77d295649e97ec1bb7a0905e147253d3e9919c2ec3470f865a7ff,science_hte_campaign_a04d9653a525
738,ord_dataset-7d8f5fd922d4497d91cb81489b052746:ord-7829b74a87784a8a9c727a84591e16fd,ord_dataset-7d8f5fd922d4497d91cb81489b052746,1217,87ed734aee08f38655bb2e3d9d7abb0af9f82820ff64fbe8740d3ba2e9ea5bae,science_hte_campaign_6bf2df144d3d
739,ord_dataset-7d8f5fd922d4497d91cb81489b052746:ord-784a621ec2404eb5a6281675ef3dee59,ord_dataset-7d8f5fd922d4497d91cb81489b052746,1289,c412a821d13b39af70d572b36e5bf1325a89647f0183e06bf11bed0fba954030,science_hte_campaign_62bdfe294f99
740,ord_dataset-7d8f5fd922d4497d91cb81489b052746:ord-787fc42bcef649b699a41584891ab2fa,ord_dataset-7d8f5fd922d4497d91cb81489b052746,704,a5592ea5a93532b98343294f3c0682ae576fe514177771fe2298ff45eecb86ab,science_hte_campaign_5dd9abf370cb
741,ord_dataset-7d8f5fd922d4497d91cb81489b052746:ord-78a824412aad4a70892e73a2b1f3b88c,ord_dataset-7d8f5fd922d4497d91cb81489b052746,1444,95405d6a053763a2112612ad595aa904f4c1987aa05d04469e63b56914a28131,science_hte_campaign_ca267bf88824
742,ord_dataset-7d8f5fd922d4497d91cb81489b052746:ord-78cd44d6644f42f4834629a112402c4b,ord_dataset-7d8f5fd922d4497d91cb81489b052746,888,b7d2116252f9ddc55143937c3338ddf2551cacebddf92fddaf6b85edeb412cdd,science_hte_campaign_d8d10c924377
743,ord_dataset-7d8f5fd922d4497d91cb81489b052746:ord-78e35ce53f0741dea79cc3e0283de59d,ord_dataset-7d8f5fd922d4497d91cb81489b052746,742,73604c0351fdf437f50a17cdb1fa179e61f2e8fab5881803972bd7c8d4bcef49,science_hte_campaign_5dd9abf370cb
744,ord_dataset-7d8f5fd922d4497d91cb81489b052746:ord-78f5b0a34bc3469d96c738c705389f1f,ord_dataset-7d8f5fd922d4497d91cb81489b052746,598,6276963a28a61cb54a27c79e3883d8c314eea6cd6666ec132fe7fd7bcaff0d9a,science_hte_campaign_3f02a74dbb14
745,ord_dataset-7d8f5fd922d4497d91cb81489b052746:ord-78f9b48bcb2e493ea7cd03414474b90e,ord_dataset-7d8f5fd922d4497d91cb81489b052746,77,00f17153718c99acbad420716a36777642414f1c942a41dc54b62f192ab7f740,science_hte_campaign_ac8fc337e171
746,ord_dataset-7d8f5fd922d4497d91cb81489b052746:ord-79317f5a20c441e692dc815508c285db,ord_dataset-7d8f5fd922d4497d91cb81489b052746,361,f102f582f66164b57b824628512ba1300e92579e56737008d217b8cf8da3ef06,science_hte_campaign_8510665e92be
747,ord_dataset-7d8f5fd922d4497d91cb81489b052746:ord-7958dada3c714327bc58a6571b60c856,ord_dataset-7d8f5fd922d4497d91cb81489b052746,1428,796606a639edf45c39cb7ee04f0832497e754d1d38e8e1d0a91f40654b60edec,science_hte_campaign_4dcfd4b46ebc
748,ord_dataset-7d8f5fd922d4497d91cb81489b052746:ord-79ab857e03844b219f8bfadf10cc0d75,ord_dataset-7d8f5fd922d4497d91cb81489b052746,1182,9140f4cb32b4d3e57f2023ab9b41d2263d10e64c14b489adf73485c60d1d6dc0,science_hte_campaign_6bf2df144d3d
749,ord_dataset-7d8f5fd922d4497d91cb81489b052746:ord-79fb51be5b9742569f2fdb07692b9b42,ord_dataset-7d8f5fd922d4497d91cb81489b052746,1059,67c97fb52a825d46efb28862f01020de5856f15ff422fba1e3b9aeb822c53cf9,science_hte_campaign_2a3be0de5f5e
750,ord_dataset-7d8f5fd922d4497d91cb81489b052746:ord-7a3eb4ac74174816b975ad59fefc42ec,ord_dataset-7d8f5fd922d4497d91cb81489b052746,31,ae438f68d840df213f1239ec5ccdf0ce74ed3c4c333dfb41157f38e15660c432,science_hte_campaign_ac8fc337e171
751,ord_dataset-7d8f5fd922d4497d91cb81489b052746:ord-7a62f81adfcf4abfbe98c3fe036cb403,ord_dataset-7d8f5fd922d4497d91cb81489b052746,1357,1b7046655d3a984cedd74049e4c83a586dcaa9387dc314a24926b8b3d0851985,science_hte_campaign_4dcfd4b46ebc
752,ord_dataset-7d8f5fd922d4497d91cb81489b052746:ord-7ab35492fce944f384caee679ce6ae68,ord_dataset-7d8f5fd922d4497d91cb81489b052746,219,7e706e1c1eaeaeca9b90f3d186f9d7164a902052163e7a4691782e0379e416db,science_hte_campaign_f324e61c5fa2
753,ord_dataset-7d8f5fd922d4497d91cb81489b052746:ord-7ac0db50f36a49e58ab61d63a125e547,ord_dataset-7d8f5fd922d4497d91cb81489b052746,341,22686c31d27ceb56381d9a9b49f2d89b4b6fb074d1b9f7bc2d4a510d9c6e89a4,science_hte_campaign_8510665e92be
754,ord_dataset-7d8f5fd922d4497d91cb81489b052746:ord-7ae1884ef96e452a800e10cae81a6183,ord_dataset-7d8f5fd922d4497d91cb81489b052746,519,8ad2d8294855f8f60d02142c40074b43bbbc552b922c5b5a45fe268b877c3e12,science_hte_campaign_283f403f90e1
755,ord_dataset-7d8f5fd922d4497d91cb81489b052746:ord-7b2531c116b8464b891f53415ea9341d,ord_dataset-7d8f5fd922d4497d91cb81489b052746,913,b0b456a2b906a63d230eb0351b956b4cf69f0b140c519450ae29e70598df9171,science_hte_campaign_d8d10c924377
756,ord_dataset-7d8f5fd922d4497d91cb81489b052746:ord-7b5ddfb006504d0f8bfa63b440f0ea69,ord_dataset-7d8f5fd922d4497d91cb81489b052746,779,eee802a2a7312ff9222a989f3648aa47301f6ac0853dc833e564ebb40ace84ec,science_hte_campaign_97b28884900c
757,ord_dataset-7d8f5fd922d4497d91cb81489b052746:ord-7b7335b4856e41e9bd4fcc5c078a6ba9,ord_dataset-7d8f5fd922d4497d91cb81489b052746,1141,54250c07c713a2f8920589c8a0ffef8e0f48021aa3da1ae30f4c4bc373db48c8,science_hte_campaign_2a3be0de5f5e
758,ord_dataset-7d8f5fd922d4497d91cb81489b052746:ord-7bd7324cfcc840ce8067907ffc2a0f65,ord_dataset-7d8f5fd922d4497d91cb81489b052746,380,d26c3577ce7df3ed3308bd80b4eec6e0640e2f1b29910b92fc538eb13d2cb20f,science_hte_campaign_8510665e92be
759,ord_dataset-7d8f5fd922d4497d91cb81489b052746:ord-7bebae5d73864865afcc5399b6b74e2c,ord_dataset-7d8f5fd922d4497d91cb81489b052746,490,01fe3c0f89ff305e453706eda71424f84f09151ff1e7681535846e428b6a047e,science_hte_campaign_283f403f90e1
760,ord_dataset-7d8f5fd922d4497d91cb81489b052746:ord-7c0fd69d7448490ca199297aeccfa0bd,ord_dataset-7d8f5fd922d4497d91cb81489b052746,843,da228d81d784876d307b84baf6cf67c35bda31797f5878631f0d9ba9ac806998,science_hte_campaign_97b28884900c
761,ord_dataset-7d8f5fd922d4497d91cb81489b052746:ord-7c1b7413707d4945bbcadb033efb33cf,ord_dataset-7d8f5fd922d4497d91cb81489b052746,723,ea1e580f50d65232c0065fe8d951ef2dfe1636c7e1c0bd5596c6521cd182516d,science_hte_campaign_5dd9abf370cb
762,ord_dataset-7d8f5fd922d4497d91cb81489b052746:ord-7c25126550574f8795d430e699bd5ac0,ord_dataset-7d8f5fd922d4497d91cb81489b052746,1200,3561c4535367f7e58ecfa6e0147058e82f84b958f022356302d3cb5e6676cabc,science_hte_campaign_6bf2df144d3d
763,ord_dataset-7d8f5fd922d4497d91cb81489b052746:ord-7c77b248afb84e569739e74b8b4e695c,ord_dataset-7d8f5fd922d4497d91cb81489b052746,1108,05b22fc9348bf7818e5a03c7a03a2565a0940fe0d041395142f86b5234aa8047,science_hte_campaign_2a3be0de5f5e
764,ord_dataset-7d8f5fd922d4497d91cb81489b052746:ord-7c9193266e314049a39be70fb3684c62,ord_dataset-7d8f5fd922d4497d91cb81489b052746,1033,34dea9050cd1db73dd5a08880b9e186abeeaaf7cda3d6d7d1090050b4e6c07ec,science_hte_campaign_a04d9653a525
765,ord_dataset-7d8f5fd922d4497d91cb81489b052746:ord-7cbd1da82ea34cceb89f27216ebe4482,ord_dataset-7d8f5fd922d4497d91cb81489b052746,1517,86284fb2a23abcab3dd405eb9eb3170a5442f4593ffd3b7bd288c5eb2f5c9b3e,science_hte_campaign_ca267bf88824
766,ord_dataset-7d8f5fd922d4497d91cb81489b052746:ord-7d48f182238f4b7cb082674866fe4fcb,ord_dataset-7d8f5fd922d4497d91cb81489b052746,1341,fc0c0d88c4654b72bb2bb9aaf19a28d63b223a63f102d175a0600063a6f5bd67,science_hte_campaign_62bdfe294f99
767,ord_dataset-7d8f5fd922d4497d91cb81489b052746:ord-7df0a72f5a1d4f0197666ed41fdfb5c8,ord_dataset-7d8f5fd922d4497d91cb81489b052746,496,328f97bb3b8e08557314f5358b76f81c6058441d628dd1dc919f8f8fb5b249eb,science_hte_campaign_283f403f90e1
768,ord_dataset-7d8f5fd922d4497d91cb81489b052746:ord-7dfdd42bcb054244bce40f97962c8139,ord_dataset-7d8f5fd922d4497d91cb81489b052746,1240,410d30ee892ad81877cb5327bfb026d705b2d32bcee6956ce0507d891d16a2a0,science_hte_campaign_6bf2df144d3d
769,ord_dataset-7d8f5fd922d4497d91cb81489b052746:ord-7e0670a4e5374f848d9d0b24f0817cbe,ord_dataset-7d8f5fd922d4497d91cb81489b052746,1471,6ac171e3b9e1e8c9f504ecea18cad7963c09c1450e9d08f214bf130ab1a3cf59,science_hte_campaign_ca267bf88824
770,ord_dataset-7d8f5fd922d4497d91cb81489b052746:ord-7e08f6a28e9541468c686fc14b825f35,ord_dataset-7d8f5fd922d4497d91cb81489b052746,724,75e8d9cc7e2c52ec300f8df905f3d6b64861bcdef55a6953904294a556077690,science_hte_campaign_5dd9abf370cb
771,ord_dataset-7d8f5fd922d4497d91cb81489b052746:ord-7e321b55b62f4bd6a5b848cfd852d1d3,ord_dataset-7d8f5fd922d4497d91cb81489b052746,970,f5f7dde263796ec542715b3e52cc26a5e1f9497c4a662cc50a6ebf56ae06040e,science_hte_campaign_a04d9653a525
772,ord_dataset-7d8f5fd922d4497d91cb81489b052746:ord-7e32a4bdfb934a1aa94be57e6ddc5868,ord_dataset-7d8f5fd922d4497d91cb81489b052746,819,078475e3460f3e03c63686c5e1fa0239787503418cc0db83522413a6926c8bba,science_hte_campaign_97b28884900c
773,ord_dataset-7d8f5fd922d4497d91cb81489b052746:ord-7e4b24c5daba4486bc862632b770bc1e,ord_dataset-7d8f5fd922d4497d91cb81489b052746,1354,c98da5083556f573f4e775c00140813d96ccebdca821e14482473cf060f6f104,science_hte_campaign_4dcfd4b46ebc
774,ord_dataset-7d8f5fd922d4497d91cb81489b052746:ord-7e60be9bc1eb42b3ab0ec2cacf9aabcc,ord_dataset-7d8f5fd922d4497d91cb81489b052746,1423,bb0c01a52f1be957f53e6285826f11e1281653217795093a13a04d4cde310f06,science_hte_campaign_4dcfd4b46ebc
775,ord_dataset-7d8f5fd922d4497d91cb81489b052746:ord-7e60d4869cfa41678a200518c48a1b64,ord_dataset-7d8f5fd922d4497d91cb81489b052746,1344,846eae15adb223cb89081afde78a070289e78fe298bebcc93fb2782f7dc0a5d5,science_hte_campaign_4dcfd4b46ebc
776,ord_dataset-7d8f5fd922d4497d91cb81489b052746:ord-7e6ac21664234e2abd4a6ed636daaa2d,ord_dataset-7d8f5fd922d4497d91cb81489b052746,529,c5a730f8f4640d2997a3a4bbd29555329335ec39b8971047d0c6de0b8fc5bba8,science_hte_campaign_283f403f90e1
777,ord_dataset-7d8f5fd922d4497d91cb81489b052746:ord-7e6cd67e803a40e7b45399400626c595,ord_dataset-7d8f5fd922d4497d91cb81489b052746,310,3599f0782e606e897a3c0a6c1bf52ba0bf4ac1f0a05d069da4cc322b920b9f54,science_hte_campaign_8510665e92be
778,ord_dataset-7d8f5fd922d4497d91cb81489b052746:ord-7e7a460212c04a588f2ed1752eaca746,ord_dataset-7d8f5fd922d4497d91cb81489b052746,643,947fc31622a87943ddb876ac11b95b29a55069e9c507fc3fd6e2c4272d646cab,science_hte_campaign_3f02a74dbb14
779,ord_dataset-7d8f5fd922d4497d91cb81489b052746:ord-7e7bef2fab534730820140b7ddd36f51,ord_dataset-7d8f5fd922d4497d91cb81489b052746,1239,32fc277688aed975faa9a56478d3d02b8f85952be71632676e830340cc282866,science_hte_campaign_6bf2df144d3d
780,ord_dataset-7d8f5fd922d4497d91cb81489b052746:ord-7ea33cff56e2417fb88f990efeb5f7ed,ord_dataset-7d8f5fd922d4497d91cb81489b052746,1054,bb5b60d529a39cd724988fa4199125bbf136200f9aab1d0d16f68e9bbfc18d8a,science_hte_campaign_a04d9653a525
781,ord_dataset-7d8f5fd922d4497d91cb81489b052746:ord-7eab0d2cb33348dd833fd85c869084f4,ord_dataset-7d8f5fd922d4497d91cb81489b052746,890,3a099cd79ce8fed5371fb2dcb94383858da7614f3b318e14aee22d18e553ecce,science_hte_campaign_d8d10c924377
782,ord_dataset-7d8f5fd922d4497d91cb81489b052746:ord-7f4220b340054185a5e983054c265955,ord_dataset-7d8f5fd922d4497d91cb81489b052746,963,457303e8712cd86cdb2f736f8c32e5c7f2b489b6e4f8ad4f6e2953c6d79ea041,science_hte_campaign_a04d9653a525
783,ord_dataset-7d8f5fd922d4497d91cb81489b052746:ord-7f620c30b003485186404c01605608cb,ord_dataset-7d8f5fd922d4497d91cb81489b052746,362,43f7bcae418b89851a6d47a16bd582407263d52e72ce717df6498c41c0e803eb,science_hte_campaign_8510665e92be
784,ord_dataset-7d8f5fd922d4497d91cb81489b052746:ord-7fd1f8f0f2c9492d805e03836b423575,ord_dataset-7d8f5fd922d4497d91cb81489b052746,391,a4611af223c6ee3baf1045df3729b9016866efe3433f651e6ece4616699e4d38,science_hte_campaign_aeefa100ca4f
785,ord_dataset-7d8f5fd922d4497d91cb81489b052746:ord-7fd83503635a476bba3d1560d300d6ed,ord_dataset-7d8f5fd922d4497d91cb81489b052746,1368,cbd0d0e3eea64eb86b1c0fe51ead67d938d7ad0c2d25e16d40c3f4e59ac6c1a2,science_hte_campaign_4dcfd4b46ebc
786,ord_dataset-7d8f5fd922d4497d91cb81489b052746:ord-7ff3fe922ce44cff840bc60faf17e0ea,ord_dataset-7d8f5fd922d4497d91cb81489b052746,64,f1b92d1b027118e8385f9ff9d02386368302d8a1c34476784f2e46fde3bf66ff,science_hte_campaign_ac8fc337e171
787,ord_dataset-7d8f5fd922d4497d91cb81489b052746:ord-8008c18504b140e2a88e4a15d14c00eb,ord_dataset-7d8f5fd922d4497d91cb81489b052746,86,9517c82148959f145ce1d2784c363823d100eb3ed386446e2ce7c02dea278406,science_hte_campaign_ac8fc337e171
788,ord_dataset-7d8f5fd922d4497d91cb81489b052746:ord-8017e86501b545eea9d4d4af8e15e6e1,ord_dataset-7d8f5fd922d4497d91cb81489b052746,251,5ea6e3d95d20c19b9a12be4b33eb2de0cd6d76c013f303195f4381ae73f75c0c,science_hte_campaign_f324e61c5fa2
789,ord_dataset-7d8f5fd922d4497d91cb81489b052746:ord-802f76af81fc4e1d9af333233e346a30,ord_dataset-7d8f5fd922d4497d91cb81489b052746,776,7b70e0423e90c4021938ba506123b6daba26606f1cba70ddfe344a26c5f6a137,science_hte_campaign_97b28884900c
790,ord_dataset-7d8f5fd922d4497d91cb81489b052746:ord-8032d358dd56497eb27043e2ac13ff38,ord_dataset-7d8f5fd922d4497d91cb81489b052746,1474,20f6075df564524ccf935053a90298e849e103d1a88f6f693aca6fefbc45264d,science_hte_campaign_ca267bf88824
791,ord_dataset-7d8f5fd922d4497d91cb81489b052746:ord-8067cc6eb82f496ba07944988b0e9beb,ord_dataset-7d8f5fd922d4497d91cb81489b052746,1402,a7cf589caa0e27a933e3a055d7c5d91f4339f9482224ee0ef7d4fa83cc94a14d,science_hte_campaign_4dcfd4b46ebc
792,ord_dataset-7d8f5fd922d4497d91cb81489b052746:ord-806f476613504bd9a3238abd38600084,ord_dataset-7d8f5fd922d4497d91cb81489b052746,1415,fb261f2b551c027c96c858a512cd14ffce6a500a73095e0e9aa82358ca6ad1f9,science_hte_campaign_4dcfd4b46ebc
793,ord_dataset-7d8f5fd922d4497d91cb81489b052746:ord-8075d60cb41b4bb7bd70a0785e997c10,ord_dataset-7d8f5fd922d4497d91cb81489b052746,1348,61219f388ed2839ef3ad532e832337dc844ce03beb8312266b27e6d1e4c0222c,science_hte_campaign_4dcfd4b46ebc
794,ord_dataset-7d8f5fd922d4497d91cb81489b052746:ord-80a3eadcdfb049a0b6de5db6888ca50f,ord_dataset-7d8f5fd922d4497d91cb81489b052746,1325,b66729cd926763ed96b9ac018d287edf05a5994d2aa4d03f4abcb56b7b97d380,science_hte_campaign_62bdfe294f99
795,ord_dataset-7d8f5fd922d4497d91cb81489b052746:ord-8175a2212a3446c58e82d057e503eb0b,ord_dataset-7d8f5fd922d4497d91cb81489b052746,933,b2164701b20145dc80cfbf9a5257c7e5937f702d52e9e1fa27ed7041fb4aed2c,science_hte_campaign_d8d10c924377
796,ord_dataset-7d8f5fd922d4497d91cb81489b052746:ord-819dbbd6d2dd4b43ba94775faf98542d,ord_dataset-7d8f5fd922d4497d91cb81489b052746,1534,01416991f8af062232182536c5a7535fa9209ce2c8caa98ddb3ade60ca8227bf,science_hte_campaign_ca267bf88824
797,ord_dataset-7d8f5fd922d4497d91cb81489b052746:ord-81ad1522d62a4440abf1120c054928cd,ord_dataset-7d8f5fd922d4497d91cb81489b052746,864,073fc6b93b6a72257f99fcf84022276a3bbebbcf9a135ebc0ceb2ab966dfaf4b,science_hte_campaign_d8d10c924377
798,ord_dataset-7d8f5fd922d4497d91cb81489b052746:ord-81c835a900ae4530a413eb4e681e1a74,ord_dataset-7d8f5fd922d4497d91cb81489b052746,13,72697d7c77e618cbf540b8562f665ef291881fd10664a60c8530ec07f0398f6a,science_hte_campaign_ac8fc337e171
799,ord_dataset-7d8f5fd922d4497d91cb81489b052746:ord-81e6af9683f2455b8a4dbdc73076a82b,ord_dataset-7d8f5fd922d4497d91cb81489b052746,766,3e0fde3a44f3a4bb3b895cdb984a8c42b7db17320b27763330f65aceace6bd41,science_hte_campaign_5dd9abf370cb
800,ord_dataset-7d8f5fd922d4497d91cb81489b052746:ord-81fab9726f5648b3ab2e429e45163818,ord_dataset-7d8f5fd922d4497d91cb81489b052746,608,a22964da23d938aa99eea12ef926fcd8d3632e7504d742dc223ae962fa17af32,science_hte_campaign_3f02a74dbb14
801,ord_dataset-7d8f5fd922d4497d91cb81489b052746:ord-8211477e1ba141c7a9e960b90c23a08e,ord_dataset-7d8f5fd922d4497d91cb81489b052746,541,4eb872ddf6bb9049676523852328973db2023ede5d254d304ea5e13ad0422bc3,science_hte_campaign_283f403f90e1
802,ord_dataset-7d8f5fd922d4497d91cb81489b052746:ord-825ab29884884efaa15f6df10ad2b438,ord_dataset-7d8f5fd922d4497d91cb81489b052746,1503,6085d9798b299521ee135b760ae4fb85788f20f36d7fe93748cd5aa65c56e9e7,science_hte_campaign_ca267bf88824
803,ord_dataset-7d8f5fd922d4497d91cb81489b052746:ord-82761b0761e24f67bc6901e52b1548ab,ord_dataset-7d8f5fd922d4497d91cb81489b052746,138,ca3f878bb15ccd5e40cd5d31e84d230f7b454666721b18b7fab8c2b56c132233,science_hte_campaign_c99fb883b4d8
804,ord_dataset-7d8f5fd922d4497d91cb81489b052746:ord-82ae047d47ad4e15b1095595647d28f6,ord_dataset-7d8f5fd922d4497d91cb81489b052746,869,ae09d3ebb49d6206bd6f15d4f63098ded6020e0d3a6229ad64494503490d0712,science_hte_campaign_d8d10c924377
805,ord_dataset-7d8f5fd922d4497d91cb81489b052746:ord-82c7c9656ede47dd8cfb574870a7b575,ord_dataset-7d8f5fd922d4497d91cb81489b052746,753,4d498688632e5cc1bfb4acea8533a426df0074254742e63f7b186661c95df759,science_hte_campaign_5dd9abf370cb
806,ord_dataset-7d8f5fd922d4497d91cb81489b052746:ord-83a97f15f53449e1a0ae44312f529131,ord_dataset-7d8f5fd922d4497d91cb81489b052746,525,7399e86349044595d4ec56eab588e5a37bc1728cd7f6ec8eca23beb6a1db7493,science_hte_campaign_283f403f90e1
807,ord_dataset-7d8f5fd922d4497d91cb81489b052746:ord-83dce71fdcd44c7984853f2dc6019d96,ord_dataset-7d8f5fd922d4497d91cb81489b052746,924,765908b217b9cbedc3b14c2119217360beb2d17683c056ba218aa4472b66f2b6,science_hte_campaign_d8d10c924377
808,ord_dataset-7d8f5fd922d4497d91cb81489b052746:ord-8409f56f90af4616a6ea048a236aac4f,ord_dataset-7d8f5fd922d4497d91cb81489b052746,1120,178103adbb27c54be077a6163cf891c453a6c8f1610763b44d64f83b2d5272c1,science_hte_campaign_2a3be0de5f5e
809,ord_dataset-7d8f5fd922d4497d91cb81489b052746:ord-8431362ba4fa4f8c90a567c2d4350a3b,ord_dataset-7d8f5fd922d4497d91cb81489b052746,9,7a07fbd36a323e4bf775cd5787933d1a084ed3de641968609bf4e6bad8bdc171,science_hte_campaign_ac8fc337e171
810,ord_dataset-7d8f5fd922d4497d91cb81489b052746:ord-8451ce2315814123a64953992fbfb858,ord_dataset-7d8f5fd922d4497d91cb81489b052746,185,094da0100dc2396b2844922a2eca813d9ead2d811aa09d2dedf3352d51fc97c3,science_hte_campaign_c99fb883b4d8
811,ord_dataset-7d8f5fd922d4497d91cb81489b052746:ord-84573ee4291544b2bb8ee32f9086236c,ord_dataset-7d8f5fd922d4497d91cb81489b052746,600,6c2aaf01e89ea21f6e2f1497ad151b80fb41a1fdcaae982c7c2c43b703dd0fc2,science_hte_campaign_3f02a74dbb14
812,ord_dataset-7d8f5fd922d4497d91cb81489b052746:ord-8478fde0935c41f88a339fe9303f4a64,ord_dataset-7d8f5fd922d4497d91cb81489b052746,1388,2b9a6d6c59255927896f439782e12b7c07d0823ff7809508a27895cbb0cf5329,science_hte_campaign_4dcfd4b46ebc
813,ord_dataset-7d8f5fd922d4497d91cb81489b052746:ord-8497c4bc8c7a430e9e48a30723cb488f,ord_dataset-7d8f5fd922d4497d91cb81489b052746,859,2de13da6dcecb3560640ab56c3d69596a55710469e64824d3c0ede5b9d3a925d,science_hte_campaign_97b28884900c
814,ord_dataset-7d8f5fd922d4497d91cb81489b052746:ord-84e3d593bc304945b448671786a20a1a,ord_dataset-7d8f5fd922d4497d91cb81489b052746,1188,5d260b7f91452c2bed1f2213037cc2ae658bd983071c3810d1851749bad0c4a3,science_hte_campaign_6bf2df144d3d
815,ord_dataset-7d8f5fd922d4497d91cb81489b052746:ord-850f9673a38c41448bbdfc8fd6681ce1,ord_dataset-7d8f5fd922d4497d91cb81489b052746,1061,821b1b659b63304f083a06f7b9aa01c3820630eb149fe36b3f0016f84b414ce8,science_hte_campaign_2a3be0de5f5e
816,ord_dataset-7d8f5fd922d4497d91cb81489b052746:ord-8559232e82d14ad2a9875df4ad034e64,ord_dataset-7d8f5fd922d4497d91cb81489b052746,1264,c9aa926475c8860170a747a518bf5b5945cb200e2677848edcce18ff81bb591e,science_hte_campaign_62bdfe294f99
817,ord_dataset-7d8f5fd922d4497d91cb81489b052746:ord-8598b15210a24822be8a9e355fc900b7,ord_dataset-7d8f5fd922d4497d91cb81489b052746,429,d7c4eeb7d9e8aebd07d2ef6208afa625f87dff6c3fa5bddabf4b0a513fb9c557,science_hte_campaign_aeefa100ca4f
818,ord_dataset-7d8f5fd922d4497d91cb81489b052746:ord-85fd29ff24fe4779bcfa925c8dde5131,ord_dataset-7d8f5fd922d4497d91cb81489b052746,283,78ea5de9dfe8d98ea60f667d0b84eb3c720846a6e5153595e14d863b7cc0ca85,science_hte_campaign_f324e61c5fa2
819,ord_dataset-7d8f5fd922d4497d91cb81489b052746:ord-8628d49106c94727bca05f24d1ea13a2,ord_dataset-7d8f5fd922d4497d91cb81489b052746,1227,2649e530b4084eb2cd5de2daf4a7e8d2790fad4443592be0ac93977c48a81ebb,science_hte_campaign_6bf2df144d3d
820,ord_dataset-7d8f5fd922d4497d91cb81489b052746:ord-8629438a68c7409f917fa6ccd76c7d8a,ord_dataset-7d8f5fd922d4497d91cb81489b052746,403,3643e60e90dcb06281990b653b08884ffecd39876db251bd4944a75b813aeccd,science_hte_campaign_aeefa100ca4f
821,ord_dataset-7d8f5fd922d4497d91cb81489b052746:ord-86cb46f163914a2b86b2ada1cf585b58,ord_dataset-7d8f5fd922d4497d91cb81489b052746,14,63ffdfc162a3bfcdbea54274d91708934a91d3a4787f4f4a1309d539af4615f8,science_hte_campaign_ac8fc337e171
822,ord_dataset-7d8f5fd922d4497d91cb81489b052746:ord-86fa72dcf06941c2aa79388dcaca8b0a,ord_dataset-7d8f5fd922d4497d91cb81489b052746,1243,b98b1da69f4fdcc2b61913144d920195b4a744da963644fe951df5435331427f,science_hte_campaign_6bf2df144d3d
823,ord_dataset-7d8f5fd922d4497d91cb81489b052746:ord-87112101dcde41a1bb874515d14ac2ed,ord_dataset-7d8f5fd922d4497d91cb81489b052746,1380,25f96f57d2e44556b4a56058f68c1dde3dffdc3639586e8b2c0349436a01465b,science_hte_campaign_4dcfd4b46ebc
824,ord_dataset-7d8f5fd922d4497d91cb81489b052746:ord-8719f875aa2740178b52615b9dd45aec,ord_dataset-7d8f5fd922d4497d91cb81489b052746,155,6ada705f3efb842fc996ca9c917bc5257fa3ac5c2934353c6e7d9f397fc8fd98,science_hte_campaign_c99fb883b4d8
825,ord_dataset-7d8f5fd922d4497d91cb81489b052746:ord-877cc42456334a1c8d7983bbf5880a55,ord_dataset-7d8f5fd922d4497d91cb81489b052746,956,2b04ed4039129ab50d05ebe757eab7117b8c3548a3d2e3be5fcfb5d79a27e2c6,science_hte_campaign_d8d10c924377
826,ord_dataset-7d8f5fd922d4497d91cb81489b052746:ord-87a68220190a4892b0b5c1bec0e8d009,ord_dataset-7d8f5fd922d4497d91cb81489b052746,118,23b7f3a344dee584489be773a6ce7a0b050e259bdc9b73b72a58ee06a9980a9c,science_hte_campaign_c99fb883b4d8
827,ord_dataset-7d8f5fd922d4497d91cb81489b052746:ord-87d3c74b2e194104a06275ced588312c,ord_dataset-7d8f5fd922d4497d91cb81489b052746,88,8db87d39bf70c32d8ec06395bd0d4414e52081bd47211aad8f7676ac6bc1647a,science_hte_campaign_ac8fc337e171
828,ord_dataset-7d8f5fd922d4497d91cb81489b052746:ord-88280e930ecd40f3aa4e396224810096,ord_dataset-7d8f5fd922d4497d91cb81489b052746,463,2ab4cf6506b3428d4ec84225da1312401f28ad96cd1a68d8d823b936a77aed35,science_hte_campaign_aeefa100ca4f
829,ord_dataset-7d8f5fd922d4497d91cb81489b052746:ord-8868495693d74529ab61996196617a97,ord_dataset-7d8f5fd922d4497d91cb81489b052746,974,ea57d6e71be59f9aae25aa6f2b5296fe4e2845c920e7f29ea079809fbfcf628e,science_hte_campaign_a04d9653a525
830,ord_dataset-7d8f5fd922d4497d91cb81489b052746:ord-88875762c21147ecb35186dcc0e1c936,ord_dataset-7d8f5fd922d4497d91cb81489b052746,1369,7671fce2f7416e11e74c514b09144c3e9fc832421ef173ea775a72c03c1b96fb,science_hte_campaign_4dcfd4b46ebc
831,ord_dataset-7d8f5fd922d4497d91cb81489b052746:ord-888b6a5d4e8d46b79bd37af7068ff69e,ord_dataset-7d8f5fd922d4497d91cb81489b052746,1282,fb27b693c8ddecb4a27f3a1fab9d45ad28cd79d52873a923c3584700cc1e2409,science_hte_campaign_62bdfe294f99
832,ord_dataset-7d8f5fd922d4497d91cb81489b052746:ord-889d7470c5104f81b5e9ecc707569b3e,ord_dataset-7d8f5fd922d4497d91cb81489b052746,1124,565383c4c0f583d5ba14d8129e77098d7d54b431fc5c4274db66ec039447922e,science_hte_campaign_2a3be0de5f5e
833,ord_dataset-7d8f5fd922d4497d91cb81489b052746:ord-88cb9f03e0e645d3b5eb8fac7ef195f7,ord_dataset-7d8f5fd922d4497d91cb81489b052746,798,21b111f5904c2ae6c910a2e6be12a285d649cd2f7439221d5c7e17a58bdaf8d4,science_hte_campaign_97b28884900c
834,ord_dataset-7d8f5fd922d4497d91cb81489b052746:ord-88f25ab9aebc4436a7926346ecf9acbc,ord_dataset-7d8f5fd922d4497d91cb81489b052746,1300,5a9d75219adafdb2c4f09834659dad2697aefd293a647d3c169c17b0031060f1,science_hte_campaign_62bdfe294f99
835,ord_dataset-7d8f5fd922d4497d91cb81489b052746:ord-892ebc2f6ee34416b857233dc0d74b84,ord_dataset-7d8f5fd922d4497d91cb81489b052746,423,0127d76bb2ed169a4631ad7ef2778cc5228e7f9aaa8b8f58d60b7a40b770f7e8,science_hte_campaign_aeefa100ca4f
836,ord_dataset-7d8f5fd922d4497d91cb81489b052746:ord-8958dac20e0449ff8626b6b79f556cc5,ord_dataset-7d8f5fd922d4497d91cb81489b052746,886,9ba6d335114ff6133ddabe0a5cfbb5de4f563e70e219403e087d83446867d70f,science_hte_campaign_d8d10c924377
837,ord_dataset-7d8f5fd922d4497d91cb81489b052746:ord-8972425216024faba2cf96d6d539d512,ord_dataset-7d8f5fd922d4497d91cb81489b052746,1152,b3d3bd7d48f3d25596bbbf6406ad3056a869a737323053075989a30b84c691ac,science_hte_campaign_6bf2df144d3d
838,ord_dataset-7d8f5fd922d4497d91cb81489b052746:ord-898fface50a4428f8e543ff559aafad0,ord_dataset-7d8f5fd922d4497d91cb81489b052746,813,9288196d7fcfd349ce640de4c60c5ad6d0a637892f8d0899ac089a528436f939,science_hte_campaign_97b28884900c
839,ord_dataset-7d8f5fd922d4497d91cb81489b052746:ord-89c4757a918242a3b433d608a1133690,ord_dataset-7d8f5fd922d4497d91cb81489b052746,59,75b1c9b8de96ff647c9b75c6e56ed97f69003f8d10f17442a578df059de43fb5,science_hte_campaign_ac8fc337e171
840,ord_dataset-7d8f5fd922d4497d91cb81489b052746:ord-8a2359d449a74314bcd8ce104f9bbee5,ord_dataset-7d8f5fd922d4497d91cb81489b052746,1413,8930704715d8dbc03a4d68d250e715043d8bd2aafa07ef0bbf0cc10ea6044f43,science_hte_campaign_4dcfd4b46ebc
841,ord_dataset-7d8f5fd922d4497d91cb81489b052746:ord-8a38a8ac50b841ffb8ba56066af34c16,ord_dataset-7d8f5fd922d4497d91cb81489b052746,148,533390077da318ada1a1827bed6f7d5f4d4748333b9ff8bbcc1adb596bc7b8a7,science_hte_campaign_c99fb883b4d8
842,ord_dataset-7d8f5fd922d4497d91cb81489b052746:ord-8a5f8aca4edb43c785f911f96477fb0d,ord_dataset-7d8f5fd922d4497d91cb81489b052746,40,701bfd265b0b9bda5f362c78dd3fa5399d3549d5097d29f1eed870f70de28674,science_hte_campaign_ac8fc337e171
843,ord_dataset-7d8f5fd922d4497d91cb81489b052746:ord-8ac45557218c4da49308a26eae4f88ee,ord_dataset-7d8f5fd922d4497d91cb81489b052746,448,8f59d45b7e9c5fee64b3e3ccfeccadb027e67ce471c5c95da9a3bde94caf2e1f,science_hte_campaign_aeefa100ca4f
844,ord_dataset-7d8f5fd922d4497d91cb81489b052746:ord-8b01843d5e2d404facd179c7fdf453d0,ord_dataset-7d8f5fd922d4497d91cb81489b052746,46,328394d729c9a4ea16d8aa767178091489995bcc02d07a43626aefa06d42fa63,science_hte_campaign_ac8fc337e171
845,ord_dataset-7d8f5fd922d4497d91cb81489b052746:ord-8b687a5e5f664ee9b896278e8801335f,ord_dataset-7d8f5fd922d4497d91cb81489b052746,919,01db149406034b023f9dcd3616a01a43bc4bbade9d96f007a582c195b85e0455,science_hte_campaign_d8d10c924377
846,ord_dataset-7d8f5fd922d4497d91cb81489b052746:ord-8b70429453df4d96b41f6f1605deb34d,ord_dataset-7d8f5fd922d4497d91cb81489b052746,1128,b0271c5604e8cab3238bfb9223e71ed1581e51f5dc17222d26ed56ebf1983043,science_hte_campaign_2a3be0de5f5e
847,ord_dataset-7d8f5fd922d4497d91cb81489b052746:ord-8b724b217e5c4f42ab4c969ef14d3eca,ord_dataset-7d8f5fd922d4497d91cb81489b052746,1412,4deed01a18786ab1b21eca4a95b0acc14f843d99f57f22ba52470725422f7c9f,science_hte_campaign_4dcfd4b46ebc
848,ord_dataset-7d8f5fd922d4497d91cb81489b052746:ord-8b74c5b1c1264e868f8074ee85b5e11e,ord_dataset-7d8f5fd922d4497d91cb81489b052746,386,a47b93711d53e8fd6adf7248b46610ab88158e6e6cd41447e9ab63eced25552e,science_hte_campaign_aeefa100ca4f
849,ord_dataset-7d8f5fd922d4497d91cb81489b052746:ord-8b9bd4022c4c4f4cb92126d2de5c29fa,ord_dataset-7d8f5fd922d4497d91cb81489b052746,1046,019052ff94e581f74b1afcc3c740c0b17eeae3fe671a2da91c8533435228f5ab,science_hte_campaign_a04d9653a525
850,ord_dataset-7d8f5fd922d4497d91cb81489b052746:ord-8be73470f7944f55a2be3829c87397fc,ord_dataset-7d8f5fd922d4497d91cb81489b052746,1230,f18c7a7e877ce680843be473781fcba50afbfb7d2c830384ba98c33130daac40,science_hte_campaign_6bf2df144d3d
851,ord_dataset-7d8f5fd922d4497d91cb81489b052746:ord-8c9f64e96fe8485584b2659be3af909d,ord_dataset-7d8f5fd922d4497d91cb81489b052746,1073,8adc5493b400845af633a89190124ccf3bde64d0222b5440ed4599a470d9a05c,science_hte_campaign_2a3be0de5f5e
852,ord_dataset-7d8f5fd922d4497d91cb81489b052746:ord-8ca175175ee940b3a9555028024e6533,ord_dataset-7d8f5fd922d4497d91cb81489b052746,1075,04b6fb50ac37586558b67c1224fb0b5655fa8a09447fc40d07c2f15f0501752d,science_hte_campaign_2a3be0de5f5e
853,ord_dataset-7d8f5fd922d4497d91cb81489b052746:ord-8cf2c1d394a54d40a86101dd066724bd,ord_dataset-7d8f5fd922d4497d91cb81489b052746,1229,79dc2ca5b0fd80d2575aa4652e9b5a586526bb392e68a857fd2a9b986dde965b,science_hte_campaign_6bf2df144d3d
854,ord_dataset-7d8f5fd922d4497d91cb81489b052746:ord-8d246948f4964378860e0f030fc76419,ord_dataset-7d8f5fd922d4497d91cb81489b052746,1393,3c4d879691a560b5aeb5d3925e43dc66db93ffeb138cb7ede3d5869d13807e34,science_hte_campaign_4dcfd4b46ebc
855,ord_dataset-7d8f5fd922d4497d91cb81489b052746:ord-8d9f36ba4e5d4d0c978b0b9c68fbd5a4,ord_dataset-7d8f5fd922d4497d91cb81489b052746,875,21584592457d09471bcaf89e4ec2f58926ac8d07c974f0e257291fe1dde758d1,science_hte_campaign_d8d10c924377
856,ord_dataset-7d8f5fd922d4497d91cb81489b052746:ord-8dbd6ae75bb5422a919005091344adaa,ord_dataset-7d8f5fd922d4497d91cb81489b052746,1463,b7acff0a9699f1fcab9c200a3ebe2c57b773102c88e8aeb3696bb653aa387c9b,science_hte_campaign_ca267bf88824
857,ord_dataset-7d8f5fd922d4497d91cb81489b052746:ord-8dc24d7cf8434a308f8409e2a10c4f10,ord_dataset-7d8f5fd922d4497d91cb81489b052746,672,e6be8db546e60ffa24472112e9b5b242aef749844826e0a01ad97b382455b252,science_hte_campaign_5dd9abf370cb
858,ord_dataset-7d8f5fd922d4497d91cb81489b052746:ord-8dc84f6d6756481d923f24558ef9b8ac,ord_dataset-7d8f5fd922d4497d91cb81489b052746,410,3e5490bbb1521d4a62b6a26837a987727d42adf5a68a583894e55c97b157e896,science_hte_campaign_aeefa100ca4f
859,ord_dataset-7d8f5fd922d4497d91cb81489b052746:ord-8dcdec455cd4431881427c5cf997cde9,ord_dataset-7d8f5fd922d4497d91cb81489b052746,884,f8fdd58c376bad3b9a2dbd921173b3b14898bfa68fb2e533c3443538b7e4b885,science_hte_campaign_d8d10c924377
860,ord_dataset-7d8f5fd922d4497d91cb81489b052746:ord-8dd098956b814d28b47a33c24c4c150d,ord_dataset-7d8f5fd922d4497d91cb81489b052746,1089,caf18d22445c9787b4257af2bafd49b3f7046cedfc7fbf54ee7c00c8f2460bfc,science_hte_campaign_2a3be0de5f5e
861,ord_dataset-7d8f5fd922d4497d91cb81489b052746:ord-8dfff8b12cfa4f8eac77e3092376b062,ord_dataset-7d8f5fd922d4497d91cb81489b052746,756,1ba5680dc88d596193c4c7a290adac22c6424f9bd74f8eb1af78a7e732534dc1,science_hte_campaign_5dd9abf370cb
862,ord_dataset-7d8f5fd922d4497d91cb81489b052746:ord-8e4dbe6ba4024865815fa9cac758e8b2,ord_dataset-7d8f5fd922d4497d91cb81489b052746,338,7cd90487c8b5c07e6c86303df9300603f8b27cdc7d6443d97c5ae4764e01f758,science_hte_campaign_8510665e92be
863,ord_dataset-7d8f5fd922d4497d91cb81489b052746:ord-8ed43922ee8742f9a4790530af715969,ord_dataset-7d8f5fd922d4497d91cb81489b052746,841,055eac015dbe1c0a34abdbb091ed95a8911cb9763582e4b99ab73a7f07113c56,science_hte_campaign_97b28884900c
864,ord_dataset-7d8f5fd922d4497d91cb81489b052746:ord-8f068bf29cf745e9929ec6db5329b572,ord_dataset-7d8f5fd922d4497d91cb81489b052746,815,1dccc85a80db60731735bd300d14976e5f1fbf3ac57b866a7f759dc818b5b0ab,science_hte_campaign_97b28884900c
865,ord_dataset-7d8f5fd922d4497d91cb81489b052746:ord-8f14c0423183485792d78183d09550e3,ord_dataset-7d8f5fd922d4497d91cb81489b052746,847,bb349849b2d204fabc935160e2f4408fa4987f003b280c6a01e5f354fd0dae74,science_hte_campaign_97b28884900c
866,ord_dataset-7d8f5fd922d4497d91cb81489b052746:ord-8f633fe6eea74305ae9f0e23e7dca8e3,ord_dataset-7d8f5fd922d4497d91cb81489b052746,130,b8e218b6dc2c9a7852aa0e8fbe4682788419068395869dad8f4a77eb1e362d75,science_hte_campaign_c99fb883b4d8
867,ord_dataset-7d8f5fd922d4497d91cb81489b052746:ord-8f8619e71798400895068db6ea5a0fc6,ord_dataset-7d8f5fd922d4497d91cb81489b052746,1166,2dbba49f946f5d3fc98b6ccc520c98af641e1ea1e61dcfd690a61bdc9d026ac8,science_hte_campaign_6bf2df144d3d
868,ord_dataset-7d8f5fd922d4497d91cb81489b052746:ord-8fac9bd77bfa4c0d84a8b774d2f9e73b,ord_dataset-7d8f5fd922d4497d91cb81489b052746,158,88545030b23fda939d3914a1bc308d16c70431772fdd8f978b175a8af1c9ccf8,science_hte_campaign_c99fb883b4d8
869,ord_dataset-7d8f5fd922d4497d91cb81489b052746:ord-8fe9cece023d4da0b11260b2c2d1c74b,ord_dataset-7d8f5fd922d4497d91cb81489b052746,1002,6ac1b0af2dd5cac3963e95f0323086a479d693e0064e210a8e0c51560af99508,science_hte_campaign_a04d9653a525
870,ord_dataset-7d8f5fd922d4497d91cb81489b052746:ord-8fee8bd2844b4a67b87486bc4e87586d,ord_dataset-7d8f5fd922d4497d91cb81489b052746,16,5cc2fb17e4773de2a445b4adcfce4dafadc792241c51ffd800dfa76f6f01beaf,science_hte_campaign_ac8fc337e171
871,ord_dataset-7d8f5fd922d4497d91cb81489b052746:ord-901b339dba2d48aaabf623048b7b70f3,ord_dataset-7d8f5fd922d4497d91cb81489b052746,844,ee8f65dec9eddbfec407618d8ecad6edda3dddcd57ca83d43bc2e7fbf57db78d,science_hte_campaign_97b28884900c
872,ord_dataset-7d8f5fd922d4497d91cb81489b052746:ord-9023f4fa0c974378bf9100fc49fa6275,ord_dataset-7d8f5fd922d4497d91cb81489b052746,1350,16fd65be7bacdfad47a50e401797c580baee94a8cb28f91996ebcdd970657418,science_hte_campaign_4dcfd4b46ebc
873,ord_dataset-7d8f5fd922d4497d91cb81489b052746:ord-906ce5fe21634afaa8ff0d4306951c78,ord_dataset-7d8f5fd922d4497d91cb81489b052746,1419,b136729865aa0e92d4b6e3b540e291f68800c8da3cc4ebe661aabe97609e9d24,science_hte_campaign_4dcfd4b46ebc
874,ord_dataset-7d8f5fd922d4497d91cb81489b052746:ord-90dd96d47ef24be99d115fadd3274ef2,ord_dataset-7d8f5fd922d4497d91cb81489b052746,1466,79129e7e10eecad066c473e3979284ad2a25e31dfc6d9029707c4d66b4add0d0,science_hte_campaign_ca267bf88824
875,ord_dataset-7d8f5fd922d4497d91cb81489b052746:ord-90e640de43604a0ca8d4640a6e9bca88,ord_dataset-7d8f5fd922d4497d91cb81489b052746,274,beab1fc14759c1875873ce330773990269557d60bdb29e0a8983b63b832cec26,science_hte_campaign_f324e61c5fa2
876,ord_dataset-7d8f5fd922d4497d91cb81489b052746:ord-9125f156fc3f4d9495c9c89778d7ba32,ord_dataset-7d8f5fd922d4497d91cb81489b052746,560,af80b57f146cdcf9cbbf4882a94383ae76783977af720b231f8506c496183370,science_hte_campaign_283f403f90e1
877,ord_dataset-7d8f5fd922d4497d91cb81489b052746:ord-912fcd22fdd44b2ca46b05575d312373,ord_dataset-7d8f5fd922d4497d91cb81489b052746,1001,12bd6fac01ed62651aba6ce968bdf284a811ffcafabbc4156a71a2db5486fe10,science_hte_campaign_a04d9653a525
878,ord_dataset-7d8f5fd922d4497d91cb81489b052746:ord-913aae09c48b42b3a91b9435774c5cfe,ord_dataset-7d8f5fd922d4497d91cb81489b052746,1320,d34e849e0832e5b88fdd7ba42ec3375974fb992dd69789d7a5c48691e224c619,science_hte_campaign_62bdfe294f99
879,ord_dataset-7d8f5fd922d4497d91cb81489b052746:ord-91c8ce372fd84bf2b2fc30935d9f7ac5,ord_dataset-7d8f5fd922d4497d91cb81489b052746,1533,7523a14a1dc090f1c2b13447938e8b3b05f97d171667fa5469b9c05aecd4b7b0,science_hte_campaign_ca267bf88824
880,ord_dataset-7d8f5fd922d4497d91cb81489b052746:ord-920983fde1c2414085300bf826e765ef,ord_dataset-7d8f5fd922d4497d91cb81489b052746,97,f0688f1f1c5b29239d403b9729034f217f14507d4a074cbc50b1a6442d1669b6,science_hte_campaign_c99fb883b4d8
881,ord_dataset-7d8f5fd922d4497d91cb81489b052746:ord-922305cecf524bf6acbf239e7495521a,ord_dataset-7d8f5fd922d4497d91cb81489b052746,351,04e4c3539e917e4f22287f3763e268da137d829f815dec1bebab4d757f64fce1,science_hte_campaign_8510665e92be
882,ord_dataset-7d8f5fd922d4497d91cb81489b052746:ord-92660bf80862404fb4da22e65fdd9f28,ord_dataset-7d8f5fd922d4497d91cb81489b052746,477,4fbe26e6cf745acfb82cf9162991631f80d9f6dc0dca77f456cbbe37552cea1c,science_hte_campaign_aeefa100ca4f
883,ord_dataset-7d8f5fd922d4497d91cb81489b052746:ord-9270e30708b1406b8016ff9fa61d1ad3,ord_dataset-7d8f5fd922d4497d91cb81489b052746,87,14a3c64cec809060155de660118e077200219f8cade8d691a9e9df77aa8802b3,science_hte_campaign_ac8fc337e171
884,ord_dataset-7d8f5fd922d4497d91cb81489b052746:ord-9282e32195f14c1189d029bc6e675dde,ord_dataset-7d8f5fd922d4497d91cb81489b052746,1023,aed2ce9dc946c63d6812d065058b7bf7522e5219fd52864d161e0042263885c4,science_hte_campaign_a04d9653a525
885,ord_dataset-7d8f5fd922d4497d91cb81489b052746:ord-929f98f38a3c4a80b588ec31c8f2b0a5,ord_dataset-7d8f5fd922d4497d91cb81489b052746,482,ce8a4a67063550e39cf4dc9ae08817edb150800f38a497e2149e95e5c55200f3,science_hte_campaign_283f403f90e1
886,ord_dataset-7d8f5fd922d4497d91cb81489b052746:ord-92bb29f0dc464f46b3f4f025c3f755ed,ord_dataset-7d8f5fd922d4497d91cb81489b052746,952,b65be24fcc53bef2a771a4386126ec479854d45c648b2df6c2b043476dd21508,science_hte_campaign_d8d10c924377
887,ord_dataset-7d8f5fd922d4497d91cb81489b052746:ord-92c75ee8e8184c4f863986ad0d6b47c7,ord_dataset-7d8f5fd922d4497d91cb81489b052746,772,187d5447accfa20adfa17cdddd9cd0036c786ad40f180adbd651434bd28e3d49,science_hte_campaign_97b28884900c
888,ord_dataset-7d8f5fd922d4497d91cb81489b052746:ord-92c88141006641f49acd720cc6228172,ord_dataset-7d8f5fd922d4497d91cb81489b052746,472,d751c706371b7f7d98e84b17a904454a023eedffa7cc645274baff8a6d425559,science_hte_campaign_aeefa100ca4f
889,ord_dataset-7d8f5fd922d4497d91cb81489b052746:ord-92cb2185726b4abcbb4b54711073db4c,ord_dataset-7d8f5fd922d4497d91cb81489b052746,1234,22dd7ea39b35313c95b56668b3e9b5ed822526674f46284a31119a5630de9358,science_hte_campaign_6bf2df144d3d
890,ord_dataset-7d8f5fd922d4497d91cb81489b052746:ord-92fadc0408a543cb86c3e84197d197ed,ord_dataset-7d8f5fd922d4497d91cb81489b052746,1209,b23d0c473b258fd5b10f6a2e8f09fcaf9122a6e1c32f3be94eedbf36522f5e4f,science_hte_campaign_6bf2df144d3d
891,ord_dataset-7d8f5fd922d4497d91cb81489b052746:ord-931389cd814b4305a3fb0743f37bdc0b,ord_dataset-7d8f5fd922d4497d91cb81489b052746,1512,c6fd84323d5eb5eb6951bc53905f33dfe85717c2ab53a752c8b3bdfddbf64955,science_hte_campaign_ca267bf88824
892,ord_dataset-7d8f5fd922d4497d91cb81489b052746:ord-932fe923114149a6b15ca17bd936f050,ord_dataset-7d8f5fd922d4497d91cb81489b052746,748,134ab39bb4cc1cb842c999b5bc467b53d4e3f16204524b9b5933f147d2989c71,science_hte_campaign_5dd9abf370cb
893,ord_dataset-7d8f5fd922d4497d91cb81489b052746:ord-93383f8633214164b7034e3d28171f53,ord_dataset-7d8f5fd922d4497d91cb81489b052746,883,3efbde4f18624b5eba308f961d2bf78686df3d860f63bbf22f5ffc09a6ada3ae,science_hte_campaign_d8d10c924377
894,ord_dataset-7d8f5fd922d4497d91cb81489b052746:ord-9346fa11e8a3440fb4d318def1b92ca2,ord_dataset-7d8f5fd922d4497d91cb81489b052746,1425,8056485b84e7fa7e809e784217a2d20a692fde7584ce0c1acc611490c9ea8273,science_hte_campaign_4dcfd4b46ebc
895,ord_dataset-7d8f5fd922d4497d91cb81489b052746:ord-9374805970024dd09b89417442708ee3,ord_dataset-7d8f5fd922d4497d91cb81489b052746,305,5f9ad1ac0c580f06ef33781e7357ce8800706343459f2d8ebefbfaab5cc31a22,science_hte_campaign_8510665e92be
896,ord_dataset-7d8f5fd922d4497d91cb81489b052746:ord-93f6b5ab0c064d3d8cbee27436425f7f,ord_dataset-7d8f5fd922d4497d91cb81489b052746,523,5bbdd68e8659868065e3cdb85a7127fd136c17ff90b18e519cefbc3dd46117c6,science_hte_campaign_283f403f90e1
897,ord_dataset-7d8f5fd922d4497d91cb81489b052746:ord-94018934d4c64fd2b470ac4abc8da3d4,ord_dataset-7d8f5fd922d4497d91cb81489b052746,1352,018dc520a6f84826d066360a6f77373d852a57c3d0f6f6f0f9b6e9b3fa549059,science_hte_campaign_4dcfd4b46ebc
898,ord_dataset-7d8f5fd922d4497d91cb81489b052746:ord-942a550e1e05429c96944108718bb935,ord_dataset-7d8f5fd922d4497d91cb81489b052746,1276,23ca9dcfdfbccf9529fa6f62a31f5a4606afb0dfc093410e742406d15f1ebbeb,science_hte_campaign_62bdfe294f99
899,ord_dataset-7d8f5fd922d4497d91cb81489b052746:ord-94858f4586c745c3aab9365a4ee71ea9,ord_dataset-7d8f5fd922d4497d91cb81489b052746,712,07efead74c1fe810c7aef036512063c4ded285bb815a79be2b9e43a4f02ae270,science_hte_campaign_5dd9abf370cb
900,ord_dataset-7d8f5fd922d4497d91cb81489b052746:ord-9494758841a84802a8f407c73e2db7d8,ord_dataset-7d8f5fd922d4497d91cb81489b052746,987,95db3f9b806dff09b60035e7beb4847ecca56524cf832b82a558a186c9551a39,science_hte_campaign_a04d9653a525
901,ord_dataset-7d8f5fd922d4497d91cb81489b052746:ord-9510af76c4ff43e9a0704d99b427444d,ord_dataset-7d8f5fd922d4497d91cb81489b052746,296,10e33c48f64acc78d16b6e3e63794e7bbe450f578cbe8f6443eb1a3d2e4c3018,science_hte_campaign_8510665e92be
902,ord_dataset-7d8f5fd922d4497d91cb81489b052746:ord-9534fd0bfec64ae7889dea31aca79a5c,ord_dataset-7d8f5fd922d4497d91cb81489b052746,334,381f124164262b5d1de6d4342cef9b41095f3c3d1d206bc7cefd950ec27a44a5,science_hte_campaign_8510665e92be
903,ord_dataset-7d8f5fd922d4497d91cb81489b052746:ord-95479f42a97a42c6a05467681f5f12ce,ord_dataset-7d8f5fd922d4497d91cb81489b052746,172,de14bc78623f971b988f9dc70a424006f643e13e9f342272a7f3578c5e37b1ce,science_hte_campaign_c99fb883b4d8
904,ord_dataset-7d8f5fd922d4497d91cb81489b052746:ord-955c2dd4e2af4723830c726c40d41b10,ord_dataset-7d8f5fd922d4497d91cb81489b052746,1012,f7f41ce254001a8ca7c383ccc3f54f9b84a2bcfb107a417201c6265049a9ed2f,science_hte_campaign_a04d9653a525
905,ord_dataset-7d8f5fd922d4497d91cb81489b052746:ord-9561b9afb28e4717a852cd37c39080d6,ord_dataset-7d8f5fd922d4497d91cb81489b052746,958,7378b17b2239e293b7ec19908c027d8be2322dbd45dec0c7e18f077f2c1641b3,science_hte_campaign_d8d10c924377
906,ord_dataset-7d8f5fd922d4497d91cb81489b052746:ord-95a8c393bd3a45ce99765ce9433e005b,ord_dataset-7d8f5fd922d4497d91cb81489b052746,760,00cf91817ad745c672ff811259745f48f69d112a96c143e4133b958a69e9e3aa,science_hte_campaign_5dd9abf370cb
907,ord_dataset-7d8f5fd922d4497d91cb81489b052746:ord-95de50f7a6eb492abbb5302a426b12df,ord_dataset-7d8f5fd922d4497d91cb81489b052746,870,5635673789c1d5055ac8fcba6c46c119fc046edf9b858bb2cc2e727c8c8d8c89,science_hte_campaign_d8d10c924377
908,ord_dataset-7d8f5fd922d4497d91cb81489b052746:ord-95e1a2417f9f4449b3e36e4419983925,ord_dataset-7d8f5fd922d4497d91cb81489b052746,300,2292a96aa9a1841016c1f07a054df1effabd0de4a344e6ea09c362e904c78b6e,science_hte_campaign_8510665e92be
909,ord_dataset-7d8f5fd922d4497d91cb81489b052746:ord-961f7a3f1ede48b3bd4fc4d06f1b0a7d,ord_dataset-7d8f5fd922d4497d91cb81489b052746,871,5fb131c000ea625d4308fa9358d3b15cc427dcfe01fab7c340755b0d61666dfb,science_hte_campaign_d8d10c924377
910,ord_dataset-7d8f5fd922d4497d91cb81489b052746:ord-9628291cf11a45b7a743c9408ca6052f,ord_dataset-7d8f5fd922d4497d91cb81489b052746,1238,8bd9cc0d4d045b84815e84cf3468b71bf2fef549e7cfc78e87f3ef6587c56121,science_hte_campaign_6bf2df144d3d
911,ord_dataset-7d8f5fd922d4497d91cb81489b052746:ord-9677bd559e1b423886d552a201fd5901,ord_dataset-7d8f5fd922d4497d91cb81489b052746,1454,017066713bd04b4216a6d47e1c13501787a6f24e7ee75a63c20875cfecacc62f,science_hte_campaign_ca267bf88824
912,ord_dataset-7d8f5fd922d4497d91cb81489b052746:ord-96b0724a95944982b0df0c6d91ae1c31,ord_dataset-7d8f5fd922d4497d91cb81489b052746,1449,f4df7d41ae0b3a9a5f1cd77ec608a1304c9b0a78ff82ac5a204a1aba16874bf7,science_hte_campaign_ca267bf88824
913,ord_dataset-7d8f5fd922d4497d91cb81489b052746:ord-972b6c59d0b841a5a7c100e309324cd3,ord_dataset-7d8f5fd922d4497d91cb81489b052746,65,90fc3e8eccb4af49a5b2a8fc20052e28d931b8327158e1ef937b46badc307acd,science_hte_campaign_ac8fc337e171
914,ord_dataset-7d8f5fd922d4497d91cb81489b052746:ord-972b7d08630f4fffa397683c53ea263a,ord_dataset-7d8f5fd922d4497d91cb81489b052746,173,25fb4a001e83349072660a3a246e702d43279901347966b5f4fe954634257950,science_hte_campaign_c99fb883b4d8
915,ord_dataset-7d8f5fd922d4497d91cb81489b052746:ord-973c6d4c592a40dbbf188a4a1d66e858,ord_dataset-7d8f5fd922d4497d91cb81489b052746,1225,e93dc2e7e3d827b5e0162c649c7dacfcbb0d47a570048354d76f82800fc910bb,science_hte_campaign_6bf2df144d3d
916,ord_dataset-7d8f5fd922d4497d91cb81489b052746:ord-975bc3ea570c4096b6004eed35a85c81,ord_dataset-7d8f5fd922d4497d91cb81489b052746,337,2965d89e551b9901daf46e883c0e31a017a8a3c820541662840da3f0ae836b87,science_hte_campaign_8510665e92be
917,ord_dataset-7d8f5fd922d4497d91cb81489b052746:ord-9771c92e85b94772bd8b96b008f1186d,ord_dataset-7d8f5fd922d4497d91cb81489b052746,387,85a9318d2ce44059b2a51e4c655ea31b13e6c88ad361013fef2d3dbaa722e9db,science_hte_campaign_aeefa100ca4f
918,ord_dataset-7d8f5fd922d4497d91cb81489b052746:ord-97da0bbd710f4520a607f64c8dddbb73,ord_dataset-7d8f5fd922d4497d91cb81489b052746,459,ab00fdaee80ee075842424ce3cc58a6413196df3cc8c3eb25a197dacfc13ba18,science_hte_campaign_aeefa100ca4f
919,ord_dataset-7d8f5fd922d4497d91cb81489b052746:ord-97e70f8e0b224be7b52a51bab55f9e1d,ord_dataset-7d8f5fd922d4497d91cb81489b052746,1324,49e8f567185df562888b9e1212199731da193967625bddc83eba2b72173dd043,science_hte_campaign_62bdfe294f99
920,ord_dataset-7d8f5fd922d4497d91cb81489b052746:ord-97f8a1c8807842618ab20f3c9f3a04d3,ord_dataset-7d8f5fd922d4497d91cb81489b052746,1202,9a8ba7876274a62cddfd7dd0b02324559f3d0544b5dcd1f443208f166db2b31b,science_hte_campaign_6bf2df144d3d
921,ord_dataset-7d8f5fd922d4497d91cb81489b052746:ord-980b4eb69193498b998b5def7dbecf62,ord_dataset-7d8f5fd922d4497d91cb81489b052746,1340,f217a6bc371e0c8c2ada4b916b16ec143bcf4919308f8545f7c075e948d1785c,science_hte_campaign_62bdfe294f99
922,ord_dataset-7d8f5fd922d4497d91cb81489b052746:ord-982100bece3048998b1b0b38c54ec721,ord_dataset-7d8f5fd922d4497d91cb81489b052746,1473,3ef587758bb5467393a99ddff63e369fbfabeb4e565fcb8971a2b5bc824c12bb,science_hte_campaign_ca267bf88824
923,ord_dataset-7d8f5fd922d4497d91cb81489b052746:ord-9868cb99e0204ea6b813bbda2702b08e,ord_dataset-7d8f5fd922d4497d91cb81489b052746,1330,b7b39954a9951990e1ce31df06aa9355c1be585682b899446d0fb913d05fa562,science_hte_campaign_62bdfe294f99
924,ord_dataset-7d8f5fd922d4497d91cb81489b052746:ord-9882d7f2a15a4114be54576d0984c645,ord_dataset-7d8f5fd922d4497d91cb81489b052746,656,3dacf84b2765258b8739dab4886b153276e42509c74ed959d476cc73b6aabae5,science_hte_campaign_3f02a74dbb14
925,ord_dataset-7d8f5fd922d4497d91cb81489b052746:ord-988ebd581754442dbbe36e2e461b3112,ord_dataset-7d8f5fd922d4497d91cb81489b052746,527,107657a5a7eb4d91eaec86729419f7bf44473f31b3726f9303906a8bb2b87a80,science_hte_campaign_283f403f90e1
926,ord_dataset-7d8f5fd922d4497d91cb81489b052746:ord-98d6f9eb6d3c495e923ef45258265ee1,ord_dataset-7d8f5fd922d4497d91cb81489b052746,710,571679657876053204f274b4c73fc9bda89726774fb0089a5b70316ca9ec3251,science_hte_campaign_5dd9abf370cb
927,ord_dataset-7d8f5fd922d4497d91cb81489b052746:ord-98f926ccd791484abc71319f414cd61b,ord_dataset-7d8f5fd922d4497d91cb81489b052746,166,9d6da3a929233a88544c057969677e6992a6759eecdf05cec694edad3e8b569e,science_hte_campaign_c99fb883b4d8
928,ord_dataset-7d8f5fd922d4497d91cb81489b052746:ord-997c6905a03b483ea00192087d829081,ord_dataset-7d8f5fd922d4497d91cb81489b052746,977,6aae68b16d617929990435bcff7dfdf68a5e0b86dcf349b882f5bb1a67f462c6,science_hte_campaign_a04d9653a525
929,ord_dataset-7d8f5fd922d4497d91cb81489b052746:ord-99c59a0e1af041d280c0621ba949f91b,ord_dataset-7d8f5fd922d4497d91cb81489b052746,1409,508483cc22f511a09d4ebfa79a03af8896d4fddcae2024917443c991430cd0a0,science_hte_campaign_4dcfd4b46ebc
930,ord_dataset-7d8f5fd922d4497d91cb81489b052746:ord-9a4f42f00363468ba8403b08dda12ad2,ord_dataset-7d8f5fd922d4497d91cb81489b052746,865,18c4e40c24fb7da7619386467dfe9f1e3b1e5b43309027606eef410865061168,science_hte_campaign_d8d10c924377
931,ord_dataset-7d8f5fd922d4497d91cb81489b052746:ord-9a5c89307abc4bae9733f030f944321a,ord_dataset-7d8f5fd922d4497d91cb81489b052746,651,9e3b20f6d30d7568f537aaeaa02cfb86df4cfc4be6ad97e8a6830c7a0c5ef097,science_hte_campaign_3f02a74dbb14
932,ord_dataset-7d8f5fd922d4497d91cb81489b052746:ord-9a8e0c55a021406dacf8187cea135892,ord_dataset-7d8f5fd922d4497d91cb81489b052746,1259,3b4524e6523479dd8ef3639ad922f8222b8a580350cea31c07da6d1a40c087f6,science_hte_campaign_62bdfe294f99
933,ord_dataset-7d8f5fd922d4497d91cb81489b052746:ord-9aed902069e34c71bdcd63b4ca41f59d,ord_dataset-7d8f5fd922d4497d91cb81489b052746,837,08d79d6779e7eedbcc90b27e3f0e2b28ae409933d9f5e53becef7b33687ba7b5,science_hte_campaign_97b28884900c
934,ord_dataset-7d8f5fd922d4497d91cb81489b052746:ord-9aee753f29094608a785628c2b273a5b,ord_dataset-7d8f5fd922d4497d91cb81489b052746,1397,f9bc71daaf2d1680962166fd60684d3b3a292eebe06fcfa94d0a426cfec338c2,science_hte_campaign_4dcfd4b46ebc
935,ord_dataset-7d8f5fd922d4497d91cb81489b052746:ord-9b60efe20ccb41e589b572418c9f3ca0,ord_dataset-7d8f5fd922d4497d91cb81489b052746,931,369b3cfee6e45557d6fd014c688fff27cc00e4c35b7011bb195231d86b21b009,science_hte_campaign_d8d10c924377
936,ord_dataset-7d8f5fd922d4497d91cb81489b052746:ord-9b6a661607cb4077afccab9bb10658b1,ord_dataset-7d8f5fd922d4497d91cb81489b052746,62,92f52f3c729e53e27022a829bc7de9dfe1ab74a819f8b0850e81b22a4c618753,science_hte_campaign_ac8fc337e171
937,ord_dataset-7d8f5fd922d4497d91cb81489b052746:ord-9b78314a817b498897bf33f8819b4706,ord_dataset-7d8f5fd922d4497d91cb81489b052746,975,988bb9fcb384c2a9e785ad40c0244daf772f4138ba6b49e3c3da8d670bd74a95,science_hte_campaign_a04d9653a525
938,ord_dataset-7d8f5fd922d4497d91cb81489b052746:ord-9bbe1febefc9454c886d2a1cb339cddb,ord_dataset-7d8f5fd922d4497d91cb81489b052746,569,2c6441060f6c95bd6596ad87edcfff7add20d41bef88156206de6061024d400b,science_hte_campaign_283f403f90e1
939,ord_dataset-7d8f5fd922d4497d91cb81489b052746:ord-9bc4b4cc131649108b5f2e95bed6cbfe,ord_dataset-7d8f5fd922d4497d91cb81489b052746,303,5362fff75b99ca885eff13cb6958dbaf7c62f0f05ef81dd9555f400dadf4ee84,science_hte_campaign_8510665e92be
940,ord_dataset-7d8f5fd922d4497d91cb81489b052746:ord-9bc4de39e8e347fbbb22f7166b111b6c,ord_dataset-7d8f5fd922d4497d91cb81489b052746,500,f3f9bc388f49e0196c4e736268838e43b79a1942a39b5f0ea8f29a8b6d59ab56,science_hte_campaign_283f403f90e1
941,ord_dataset-7d8f5fd922d4497d91cb81489b052746:ord-9bd46eb35818499b93348b9a63cf1a86,ord_dataset-7d8f5fd922d4497d91cb81489b052746,270,c73735859b8d3e2647831d0008a079f063574902df98fc55ce45e49c8836b8a5,science_hte_campaign_f324e61c5fa2
942,ord_dataset-7d8f5fd922d4497d91cb81489b052746:ord-9bdb63ffdd6948038ea5ae162626892f,ord_dataset-7d8f5fd922d4497d91cb81489b052746,797,919aab1de413d6dc6ba51e4af999f31c0f94d165cc064e06e53b8372f0b2283d,science_hte_campaign_97b28884900c
943,ord_dataset-7d8f5fd922d4497d91cb81489b052746:ord-9be969ee0cfa4aa1bd6e918d3fd3dd2a,ord_dataset-7d8f5fd922d4497d91cb81489b052746,1052,7f0b029dfb968de319292374b79f62b29149dd2252c2b705d84fa2377bedffa3,science_hte_campaign_a04d9653a525
944,ord_dataset-7d8f5fd922d4497d91cb81489b052746:ord-9bea2e33f79e4de8b5526b03b7c70474,ord_dataset-7d8f5fd922d4497d91cb81489b052746,1132,1891a3c97d64dd891bccb19a0702246f4f74bf9be3978b7ca05405932967bcbe,science_hte_campaign_2a3be0de5f5e
945,ord_dataset-7d8f5fd922d4497d91cb81489b052746:ord-9c28f75de49f4418affb1cee3bf4d3ad,ord_dataset-7d8f5fd922d4497d91cb81489b052746,1193,ebee98cb1af118f3b544fc6659a95d75152edc8d618ffd79ef0d6c68f344aa60,science_hte_campaign_6bf2df144d3d
946,ord_dataset-7d8f5fd922d4497d91cb81489b052746:ord-9c7d9c55ff934bcb9737a9b67d8416a8,ord_dataset-7d8f5fd922d4497d91cb81489b052746,768,b2c97114a1cc1a64177e35d8659e0931c6b746e64c4a34e2e615c7e8f9fc3c81,science_hte_campaign_97b28884900c
947,ord_dataset-7d8f5fd922d4497d91cb81489b052746:ord-9cab6f90b94440df8bd9ffed786e0f14,ord_dataset-7d8f5fd922d4497d91cb81489b052746,249,8bbe339ab43032f310a97b5c1da4098627fcf8d6837bba8dfa70f7a061139269,science_hte_campaign_f324e61c5fa2
948,ord_dataset-7d8f5fd922d4497d91cb81489b052746:ord-9cd8591731b04e00ad035921af0fcb76,ord_dataset-7d8f5fd922d4497d91cb81489b052746,352,9b9b02d3ddd2cbaaa1500b7baf4b3a1ed04a6b9d7faeb49dba8b1d56f60a59e3,science_hte_campaign_8510665e92be
949,ord_dataset-7d8f5fd922d4497d91cb81489b052746:ord-9d135ca01c1f4a80beea8b5f85a47edd,ord_dataset-7d8f5fd922d4497d91cb81489b052746,573,ca287291a08e2cdb01c14eadf22f57f49fd44c418460cc9e569f2ddaf9682b46,science_hte_campaign_283f403f90e1
950,ord_dataset-7d8f5fd922d4497d91cb81489b052746:ord-9d9af807a9fb4c1d97d50aaaa9a6c6c0,ord_dataset-7d8f5fd922d4497d91cb81489b052746,751,9cfaedddf1a4aae413607b9794688ecb53f430226efb79982678ef69153d7411,science_hte_campaign_5dd9abf370cb
951,ord_dataset-7d8f5fd922d4497d91cb81489b052746:ord-9da0771af37c411793f3997063efd2fb,ord_dataset-7d8f5fd922d4497d91cb81489b052746,595,e59e0690e41a29e3fc82dd4472015d1af2a92169bd9eecedcd95baf29964cbd6,science_hte_campaign_3f02a74dbb14
952,ord_dataset-7d8f5fd922d4497d91cb81489b052746:ord-9dbf82aadf464dfebe77e41685f342c4,ord_dataset-7d8f5fd922d4497d91cb81489b052746,1130,5f4077e6d3fe50fcca2d63ffa3ae6be60194d9bf1bc943137f7225ec3b846f45,science_hte_campaign_2a3be0de5f5e
953,ord_dataset-7d8f5fd922d4497d91cb81489b052746:ord-9df125f6b66844deadd7f7332c058f77,ord_dataset-7d8f5fd922d4497d91cb81489b052746,307,9fba215518805d3bd0a26e2b1250e34a73c241b7b60165b334a974a423c88903,science_hte_campaign_8510665e92be
954,ord_dataset-7d8f5fd922d4497d91cb81489b052746:ord-9e5ee21389244099980b854380666a3d,ord_dataset-7d8f5fd922d4497d91cb81489b052746,1337,db96dac9ecd04bf70b44258cbc890e7703a0f46784a2911299431be49ee3d003,science_hte_campaign_62bdfe294f99
955,ord_dataset-7d8f5fd922d4497d91cb81489b052746:ord-9e633333296748aaa52af2790e1f311e,ord_dataset-7d8f5fd922d4497d91cb81489b052746,558,99f84c18936a8145c9110ae70576c90e39c114c3827f6f4d8958d480b92de5fa,science_hte_campaign_283f403f90e1
956,ord_dataset-7d8f5fd922d4497d91cb81489b052746:ord-9f04641242ab49e6a01c7be5dc385642,ord_dataset-7d8f5fd922d4497d91cb81489b052746,292,a37d4219b5e36ac6d4375f91475804f6f558a894f3f108880b8cc23d6e852c1e,science_hte_campaign_8510665e92be
957,ord_dataset-7d8f5fd922d4497d91cb81489b052746:ord-9f268c9c9e344e14bb3c6f0d6ebcddc5,ord_dataset-7d8f5fd922d4497d91cb81489b052746,545,b68288bf4f8610f3454ec92680f5243411a65120e5d49ceab254fe49ac5bca98,science_hte_campaign_283f403f90e1
958,ord_dataset-7d8f5fd922d4497d91cb81489b052746:ord-9f2a08964d6846519b29fdbd38f50f04,ord_dataset-7d8f5fd922d4497d91cb81489b052746,669,1d10b24b9d0dc57f992fc106d8e02807a604e1e064aaff9033c690a63b67408a,science_hte_campaign_3f02a74dbb14
959,ord_dataset-7d8f5fd922d4497d91cb81489b052746:ord-9f9a4b9aa9cc4486a944ce8181d38a39,ord_dataset-7d8f5fd922d4497d91cb81489b052746,149,0bcc3466b1278684a56632a5bf35d35cb224ea94f69c4ba219de4ce71157fa00,science_hte_campaign_c99fb883b4d8
960,ord_dataset-7d8f5fd922d4497d91cb81489b052746:ord-9faed96e2d9942918948a6dfc48ef552,ord_dataset-7d8f5fd922d4497d91cb81489b052746,971,6ae021447da7df7b6fc38243267506701c199c98edc56cf637e2776d8cc8ffca,science_hte_campaign_a04d9653a525
961,ord_dataset-7d8f5fd922d4497d91cb81489b052746:ord-a037e6bd41e64ef1bce249f143e4d35f,ord_dataset-7d8f5fd922d4497d91cb81489b052746,1078,e5c52fb7eed40f0978b3e9e53226ac996771cf823765c428620c2ab17fb43bad,science_hte_campaign_2a3be0de5f5e
962,ord_dataset-7d8f5fd922d4497d91cb81489b052746:ord-a0ba50ad9f774f9eb0add6fb738b9916,ord_dataset-7d8f5fd922d4497d91cb81489b052746,1401,52180f0572d2022ededa416ef6d2781aa6d1241436ca103932fe2c8d34243f5a,science_hte_campaign_4dcfd4b46ebc
963,ord_dataset-7d8f5fd922d4497d91cb81489b052746:ord-a0e02b2326b94d5b9ac47b758246be04,ord_dataset-7d8f5fd922d4497d91cb81489b052746,1321,bc60b2ff4cd635ed76da77de330a01e16dec5256c2ec0ca1822c86fb86ee0f95,science_hte_campaign_62bdfe294f99
964,ord_dataset-7d8f5fd922d4497d91cb81489b052746:ord-a127687d39f24315b836bd06638ec8bc,ord_dataset-7d8f5fd922d4497d91cb81489b052746,154,8f81efb327f617667abf3c0823f014bbb5c6565528626b98ca085a5bce253a2c,science_hte_campaign_c99fb883b4d8
965,ord_dataset-7d8f5fd922d4497d91cb81489b052746:ord-a1385e0acbe44227b0d1c980a346d5a7,ord_dataset-7d8f5fd922d4497d91cb81489b052746,680,61a4be57bb690d31bca3c6e23e774f30e885bf0d7699cee1ada0eec8cf677a2e,science_hte_campaign_5dd9abf370cb
966,ord_dataset-7d8f5fd922d4497d91cb81489b052746:ord-a176d8c8fbb54249b0938303ae9d969d,ord_dataset-7d8f5fd922d4497d91cb81489b052746,22,2b8851e2e03f20b860a8b02fefd3c0df4421bce5b9f05a29826f168c226b6722,science_hte_campaign_ac8fc337e171
967,ord_dataset-7d8f5fd922d4497d91cb81489b052746:ord-a18e016d6dc04316bf378dbbe9fb3ad0,ord_dataset-7d8f5fd922d4497d91cb81489b052746,175,98a558729e93d912eb394b90e7980bf07c66d4cd3316dee473c5301054ea8294,science_hte_campaign_c99fb883b4d8
968,ord_dataset-7d8f5fd922d4497d91cb81489b052746:ord-a18fe822a3e343f0aa31d7fc44634947,ord_dataset-7d8f5fd922d4497d91cb81489b052746,1087,1ba62f611f725ab62bceac3d38361600624f341df876ab55b202fef95bc30615,science_hte_campaign_2a3be0de5f5e
969,ord_dataset-7d8f5fd922d4497d91cb81489b052746:ord-a19dd5663cde4fa39ac505de02d7edc6,ord_dataset-7d8f5fd922d4497d91cb81489b052746,346,e028b0405528e2354d4e4e060bc1fd5f72f4894d4afb38e58f25b34f337c7ee0,science_hte_campaign_8510665e92be
970,ord_dataset-7d8f5fd922d4497d91cb81489b052746:ord-a1a4a15a1baf40aea7a2fdd66beca102,ord_dataset-7d8f5fd922d4497d91cb81489b052746,940,e4c2964f6ed785ab33121593e3d4abbe6685bfb395e5c7ebc9a98a3f1d20120e,science_hte_campaign_d8d10c924377
971,ord_dataset-7d8f5fd922d4497d91cb81489b052746:ord-a1c7342bdae14e69be06a8d6ab175836,ord_dataset-7d8f5fd922d4497d91cb81489b052746,825,377bc4b10a39a2e7afce7768575645d88415727fcafe31394b70fe450b6ec47d,science_hte_campaign_97b28884900c
972,ord_dataset-7d8f5fd922d4497d91cb81489b052746:ord-a2021fe1cd2646ac8ce8f645f3680712,ord_dataset-7d8f5fd922d4497d91cb81489b052746,1125,c8052d92d3075d6efb7c2a63f6ca9a9e78cc02ef7ea7b55cd9cc98a64503628e,science_hte_campaign_2a3be0de5f5e
973,ord_dataset-7d8f5fd922d4497d91cb81489b052746:ord-a20f4581d40f4a16880ffb29280f5892,ord_dataset-7d8f5fd922d4497d91cb81489b052746,1187,e757830af207cc57f2fdd591dee45988a97036883795cb87b088cb5e3e3cab86,science_hte_campaign_6bf2df144d3d
974,ord_dataset-7d8f5fd922d4497d91cb81489b052746:ord-a213596ff1ef443293a367f59aaf7398,ord_dataset-7d8f5fd922d4497d91cb81489b052746,202,61f4a34e2b4caf4300a8f004de213354cd4392cb7798f69c6e55ba049ea8ad3d,science_hte_campaign_f324e61c5fa2
975,ord_dataset-7d8f5fd922d4497d91cb81489b052746:ord-a22442465d51461cb69140fb8bebd586,ord_dataset-7d8f5fd922d4497d91cb81489b052746,284,9fcecbc81205cc538bdd331c406ba12bfdefe6883f7b993b6760f85400d9daf2,science_hte_campaign_f324e61c5fa2
976,ord_dataset-7d8f5fd922d4497d91cb81489b052746:ord-a2374e64725c40b0aa9b6a779924b1b4,ord_dataset-7d8f5fd922d4497d91cb81489b052746,1395,bc9d20f5bbbbae53cb6dccd2a386d720f20703f29b283341f30b142796989e55,science_hte_campaign_4dcfd4b46ebc
977,ord_dataset-7d8f5fd922d4497d91cb81489b052746:ord-a2466a3eb4a74b2e9e5a84874b80d07e,ord_dataset-7d8f5fd922d4497d91cb81489b052746,509,a2f3da75eeecf66afa8927e752a0fca40a46961342f6dcc99cd9f06c47e04cdb,science_hte_campaign_283f403f90e1
978,ord_dataset-7d8f5fd922d4497d91cb81489b052746:ord-a256563490974b0c9c03c0703be54f14,ord_dataset-7d8f5fd922d4497d91cb81489b052746,1297,b707435e8ac7869d2b6b7dfeb359cfc9347dd485c50411bb10c7b899a34c2e65,science_hte_campaign_62bdfe294f99
979,ord_dataset-7d8f5fd922d4497d91cb81489b052746:ord-a26f18fc596a416898cbd16d42f3f616,ord_dataset-7d8f5fd922d4497d91cb81489b052746,404,935485a1a0b3af5b0ba85af9d0c448caed19d4e76ab8257948d6058dcb0f7482,science_hte_campaign_aeefa100ca4f
980,ord_dataset-7d8f5fd922d4497d91cb81489b052746:ord-a2b4fc2f6b334aed9d872c715857b010,ord_dataset-7d8f5fd922d4497d91cb81489b052746,618,e8c5a5cc5be085557acf54c429cc4ca416b27704a31a7110dd6dd4ca7aa861bf,science_hte_campaign_3f02a74dbb14
981,ord_dataset-7d8f5fd922d4497d91cb81489b052746:ord-a3bdabf90a3a43dcb866c9ee57be36b6,ord_dataset-7d8f5fd922d4497d91cb81489b052746,1042,d43b504c223322134f74a8e98d507b9f904a17f0fbd193a0fe0c21a186adec2f,science_hte_campaign_a04d9653a525
982,ord_dataset-7d8f5fd922d4497d91cb81489b052746:ord-a3d32473096b4ff4867d9db7e56b20ec,ord_dataset-7d8f5fd922d4497d91cb81489b052746,1480,2461f1b9b6c203cb18c505abc3bc228d77385729891cb19af2b65a5b7a7f4351,science_hte_campaign_ca267bf88824
983,ord_dataset-7d8f5fd922d4497d91cb81489b052746:ord-a45d4c7d98304197967be589ba04f209,ord_dataset-7d8f5fd922d4497d91cb81489b052746,150,8fb89031feac3587d66107854be6b6addf5b87837ca21efa6db9b651563ed239,science_hte_campaign_c99fb883b4d8
984,ord_dataset-7d8f5fd922d4497d91cb81489b052746:ord-a45f4e2fc18143a9a7d73de1c9817c04,ord_dataset-7d8f5fd922d4497d91cb81489b052746,45,62d80aecd1094f180164e38290f83ddce719961d2622ea43f550f920611e85d4,science_hte_campaign_ac8fc337e171
985,ord_dataset-7d8f5fd922d4497d91cb81489b052746:ord-a45fa5cc721e4f24a79a378eca14a501,ord_dataset-7d8f5fd922d4497d91cb81489b052746,302,61be8f5a45e7c2e57b8e9d3c20e0a631a5ee49ad1fd4347a6f3e0dcd5d692fcb,science_hte_campaign_8510665e92be
986,ord_dataset-7d8f5fd922d4497d91cb81489b052746:ord-a47ba4bf9ef045469edd838bb16dd496,ord_dataset-7d8f5fd922d4497d91cb81489b052746,435,81877f1a7b2e6b3498aeb596a13402cfa22bcc8497c5904be5575a7416551fbb,science_hte_campaign_aeefa100ca4f
987,ord_dataset-7d8f5fd922d4497d91cb81489b052746:ord-a4ceed2ac4e143b4843a8f959ebc112f,ord_dataset-7d8f5fd922d4497d91cb81489b052746,937,3770cdedd6ed1d378443e542977337e4bc3642bc614f6274f8972ce02dd8be67,science_hte_campaign_d8d10c924377
988,ord_dataset-7d8f5fd922d4497d91cb81489b052746:ord-a4d608f306014627b3306faf63f7fe61,ord_dataset-7d8f5fd922d4497d91cb81489b052746,437,68f1e4707ff1d398639c4503eb15ad718eea36b8b6267b16b52e04eaf22fe35e,science_hte_campaign_aeefa100ca4f
989,ord_dataset-7d8f5fd922d4497d91cb81489b052746:ord-a4eba7ec506c466582ce2c987eae7dcf,ord_dataset-7d8f5fd922d4497d91cb81489b052746,367,4366bfee977f970d8a508b72e1847aa93416289da5af8815ae4b3f2cab397c1f,science_hte_campaign_8510665e92be
990,ord_dataset-7d8f5fd922d4497d91cb81489b052746:ord-a50d967fb0cf4d1c9a19fee038ec6c82,ord_dataset-7d8f5fd922d4497d91cb81489b052746,1060,d192ab561b6bb7c7929d1229deaefdc5df2d435ce894f31ad09c0f84cbaf3469,science_hte_campaign_2a3be0de5f5e
991,ord_dataset-7d8f5fd922d4497d91cb81489b052746:ord-a510c4090b064c489507afeaea1e26e7,ord_dataset-7d8f5fd922d4497d91cb81489b052746,1027,8af55b11e96bba4f044871b9a3d76dd8dad978347a6691ec3b6d7ad0816869b2,science_hte_campaign_a04d9653a525
992,ord_dataset-7d8f5fd922d4497d91cb81489b052746:ord-a53112e4a4dc4430932f15ce87d0802f,ord_dataset-7d8f5fd922d4497d91cb81489b052746,993,84f335e415390a8896838c32123e902aa3aea6693a812915b81ca69b68a4c29f,science_hte_campaign_a04d9653a525
993,ord_dataset-7d8f5fd922d4497d91cb81489b052746:ord-a54d3c6509424a6fb07306d7c5f410f4,ord_dataset-7d8f5fd922d4497d91cb81489b052746,313,58f3f2f2503e417a9892d82b92e30c95362096adc050bc208170a8dca7779061,science_hte_campaign_8510665e92be
994,ord_dataset-7d8f5fd922d4497d91cb81489b052746:ord-a56a79d1bb924c049b104556522d9891,ord_dataset-7d8f5fd922d4497d91cb81489b052746,1172,b215e934c6901a8549e15324b99a051e35221f95fd66c84451d60c6c85b303ae,science_hte_campaign_6bf2df144d3d
995,ord_dataset-7d8f5fd922d4497d91cb81489b052746:ord-a583be2adbf94b1fadfcb04869cb22df,ord_dataset-7d8f5fd922d4497d91cb81489b052746,696,6b7f533d752469a871953750f8568cb49e8bb060f153274067ee177d8327739c,science_hte_campaign_5dd9abf370cb
996,ord_dataset-7d8f5fd922d4497d91cb81489b052746:ord-a584e850f07e4c949684bfb6a72aca8b,ord_dataset-7d8f5fd922d4497d91cb81489b052746,1484,6745f13706b112b52a41aee31c01233ed0055acc52a089ec475de4efaa9f728e,science_hte_campaign_ca267bf88824
997,ord_dataset-7d8f5fd922d4497d91cb81489b052746:ord-a685ec8c60c843d08c862fbd5f1df807,ord_dataset-7d8f5fd922d4497d91cb81489b052746,1191,c143e428f78e836a2688002a193ccd61130f22426b11fbb37d1582dfb4b9ba87,science_hte_campaign_6bf2df144d3d
998,ord_dataset-7d8f5fd922d4497d91cb81489b052746:ord-a69fdbb0f7c6416081b34bbf7670ab75,ord_dataset-7d8f5fd922d4497d91cb81489b052746,188,308caafef3fc1333c08d1b0815d1d5a5d3922e7de9a170a7ef18590d69636d51,science_hte_campaign_c99fb883b4d8
999,ord_dataset-7d8f5fd922d4497d91cb81489b052746:ord-a6b6a74413874948a61ef480cb4b8918,ord_dataset-7d8f5fd922d4497d91cb81489b052746,1009,3b4da3cf14677ec904c35b9cde7291a20e5f4b3b7310c3e76a930519cf26c113,science_hte_campaign_a04d9653a525
1000,ord_dataset-7d8f5fd922d4497d91cb81489b052746:ord-a6c791500fbc4d36a49eec00995a15fe,ord_dataset-7d8f5fd922d4497d91cb81489b052746,406,0eb27b9789ac8687aae56f21532d3f48522234791841aa7428e1074f1b226506,science_hte_campaign_aeefa100ca4f
1001,ord_dataset-7d8f5fd922d4497d91cb81489b052746:ord-a6e1fe7ece8e42259d765c19c0483435,ord_dataset-7d8f5fd922d4497d91cb81489b052746,1528,616467fc3b0f844573406eee3e6bfb82be32f3a983d5a57e4c0de24b2e91b4fa,science_hte_campaign_ca267bf88824
1002,ord_dataset-7d8f5fd922d4497d91cb81489b052746:ord-a6fdf751d37e436e997d39f3e8f61f2f,ord_dataset-7d8f5fd922d4497d91cb81489b052746,968,25051ec9544fb0b132f7a7c6ef5f91a1ef0b14d3d0a057ecca54566378c03bc1,science_hte_campaign_a04d9653a525
1003,ord_dataset-7d8f5fd922d4497d91cb81489b052746:ord-a756da95aaa549d0948a26b83efd0c3a,ord_dataset-7d8f5fd922d4497d91cb81489b052746,1525,9ef10f0063d2bf415b52b716a7961fa03e3314a970aa509ecfe430d0375a0a85,science_hte_campaign_ca267bf88824
1004,ord_dataset-7d8f5fd922d4497d91cb81489b052746:ord-a7601d33a0e14b24bc090e37feaeda3e,ord_dataset-7d8f5fd922d4497d91cb81489b052746,1143,d4f24f6cc09b02477eff67407c8f5765ff8e2289af23e5ed34e8f68784a2b0a5,science_hte_campaign_2a3be0de5f5e
1005,ord_dataset-7d8f5fd922d4497d91cb81489b052746:ord-a76336f69ad74d0a9cec94fc1bb5f585,ord_dataset-7d8f5fd922d4497d91cb81489b052746,1422,c0921f94fbff3fb9bd70d56c5b0a2cff94f32da9e0ae1f35a81157d2102c1640,science_hte_campaign_4dcfd4b46ebc
1006,ord_dataset-7d8f5fd922d4497d91cb81489b052746:ord-a76fed4742c04b51b4d232de709fcb9b,ord_dataset-7d8f5fd922d4497d91cb81489b052746,1126,63429c3a5bb4a6d3007f228d04e941064dd3a3ff209bfc32067e671feaf371de,science_hte_campaign_2a3be0de5f5e
1007,ord_dataset-7d8f5fd922d4497d91cb81489b052746:ord-a77aa171d5ff4a1bac7014e93b616660,ord_dataset-7d8f5fd922d4497d91cb81489b052746,8,8f9327960c43bc07d5e12b8fbe2e4c65bf1b01b61a4ce8b212a54cf3d3fccd2f,science_hte_campaign_ac8fc337e171
1008,ord_dataset-7d8f5fd922d4497d91cb81489b052746:ord-a7c1a3f1b364407e8f15fb415521aded,ord_dataset-7d8f5fd922d4497d91cb81489b052746,152,b2b6312c2ecc7880579b376f925931e769620ce3466e9576796e1e9f893f1191,science_hte_campaign_c99fb883b4d8
1009,ord_dataset-7d8f5fd922d4497d91cb81489b052746:ord-a7f5ee0a46a743028cf5fcb61e457348,ord_dataset-7d8f5fd922d4497d91cb81489b052746,1307,aa2c3726b3f40e8ff52f18f8aabbb6cdbbc4d3836a951b596ae784973c2ccd2e,science_hte_campaign_62bdfe294f99
1010,ord_dataset-7d8f5fd922d4497d91cb81489b052746:ord-a80a8092a94141b7981d240c991baf09,ord_dataset-7d8f5fd922d4497d91cb81489b052746,1432,19556144710a1f410c278350df31837d05b73b30be877d17aee6463de38ad7cd,science_hte_campaign_4dcfd4b46ebc
1011,ord_dataset-7d8f5fd922d4497d91cb81489b052746:ord-a871a3f9aadc448ea990c31dbace67c3,ord_dataset-7d8f5fd922d4497d91cb81489b052746,1510,c31bf274f10c95f6a8295df7dad2f8f6c7b0e4d0ee7c97b2b18b45ff0395b347,science_hte_campaign_ca267bf88824
1012,ord_dataset-7d8f5fd922d4497d91cb81489b052746:ord-a8729c2c279c4f2fb51e9d309346ce97,ord_dataset-7d8f5fd922d4497d91cb81489b052746,134,2a39f85be94ca7bf888deab2101012b60eda909f6be988c3ea9db73b624f7d13,science_hte_campaign_c99fb883b4d8
1013,ord_dataset-7d8f5fd922d4497d91cb81489b052746:ord-a93cfad1c03f43368f60db0b955e7849,ord_dataset-7d8f5fd922d4497d91cb81489b052746,1284,9db7cc03270feec20f42bad810267aa97e25729595cc5976087a945d16095745,science_hte_campaign_62bdfe294f99
1014,ord_dataset-7d8f5fd922d4497d91cb81489b052746:ord-a9985caab1ea4648af8d747e4c7e9cc9,ord_dataset-7d8f5fd922d4497d91cb81489b052746,218,d07dfa3c4b8c03d3f26becd0fff11f36883d489fea13327860ceef5190ef6f7f,science_hte_campaign_f324e61c5fa2
1015,ord_dataset-7d8f5fd922d4497d91cb81489b052746:ord-a9aa338b72db40f0ad1253f17213d6ab,ord_dataset-7d8f5fd922d4497d91cb81489b052746,897,264c52160536aa0ffaeda9d3d9dd8e6bb21f01d90fe9287d2bd89a23893f7a35,science_hte_campaign_d8d10c924377
1016,ord_dataset-7d8f5fd922d4497d91cb81489b052746:ord-aa10c840b76b490e8d47784b3038cbe9,ord_dataset-7d8f5fd922d4497d91cb81489b052746,203,b382c462114e6f1544f7b5d8c69c1efcb286eabeffbff4ce44f5ceafec3177aa,science_hte_campaign_f324e61c5fa2
1017,ord_dataset-7d8f5fd922d4497d91cb81489b052746:ord-aa5322d9d49848e28d2aec0d86112024,ord_dataset-7d8f5fd922d4497d91cb81489b052746,1069,d08b31c1f47b380437436ccac7906aa3336a88fbb25d0802757a81ac372da828,science_hte_campaign_2a3be0de5f5e
1018,ord_dataset-7d8f5fd922d4497d91cb81489b052746:ord-aa5a283544d347f8b0f092b79e985c12,ord_dataset-7d8f5fd922d4497d91cb81489b052746,1492,59f29e3cec0a65094cab06b838ea362b9fad9f83db6b0539aae4f0bcd939ebaf,science_hte_campaign_ca267bf88824
1019,ord_dataset-7d8f5fd922d4497d91cb81489b052746:ord-aac3cd57ced74f1c9407dc205755fa5b,ord_dataset-7d8f5fd922d4497d91cb81489b052746,1493,e5dbca2d8307cfff7a0858c4671bf954eede2ec861e126f562385b12b0771926,science_hte_campaign_ca267bf88824
1020,ord_dataset-7d8f5fd922d4497d91cb81489b052746:ord-aadbf9a9b316415d8e4a336ce552d06a,ord_dataset-7d8f5fd922d4497d91cb81489b052746,261,9284cc0b0d7e592ff87363e3d8dbaeddd160e179f7539f79a48df065aefbc89a,science_hte_campaign_f324e61c5fa2
1021,ord_dataset-7d8f5fd922d4497d91cb81489b052746:ord-aafe9e953db342918e53c2b2e59ec150,ord_dataset-7d8f5fd922d4497d91cb81489b052746,78,b010b9fcf6657cdbdf6b8ce9bd64a2edbfc5ade2b49c85e483df83b016cb0d39,science_hte_campaign_ac8fc337e171
1022,ord_dataset-7d8f5fd922d4497d91cb81489b052746:ord-ab1b6281112241d2bc43a64530865066,ord_dataset-7d8f5fd922d4497d91cb81489b052746,1256,64ddf7953cf5549d8ef3c013e77292e40d04c59bf667ed8a44fa9e5aa6bb8be0,science_hte_campaign_62bdfe294f99
1023,ord_dataset-7d8f5fd922d4497d91cb81489b052746:ord-abd2e1a1ccec423f95139a4c5dd7b5c0,ord_dataset-7d8f5fd922d4497d91cb81489b052746,102,219d494a6368ee5149f7b3bbed6424f8801165ca140f200128b677d44f22a51b,science_hte_campaign_c99fb883b4d8
1024,ord_dataset-7d8f5fd922d4497d91cb81489b052746:ord-abd66c4007c943768b165db332244758,ord_dataset-7d8f5fd922d4497d91cb81489b052746,566,275f18829c42e2fd42c5f0cc4758f06da27e0e7f4e7111df69ffa6aeed775775,science_hte_campaign_283f403f90e1
1025,ord_dataset-7d8f5fd922d4497d91cb81489b052746:ord-abfd9a9206084aea97b3a62f8d09a569,ord_dataset-7d8f5fd922d4497d91cb81489b052746,1022,32097b6a054d4bdf6edbba5990226cbb29f9988c70f72767718ba698e7e08126,science_hte_campaign_a04d9653a525
1026,ord_dataset-7d8f5fd922d4497d91cb81489b052746:ord-ac2a04c7a57c421e89046ae1f80d3fd5,ord_dataset-7d8f5fd922d4497d91cb81489b052746,982,279a2cb6a1fc3c1e6cfc055498107c9b44d2729f46b977ccfd58f568da652179,science_hte_campaign_a04d9653a525
1027,ord_dataset-7d8f5fd922d4497d91cb81489b052746:ord-ac4a91a99017483a80520223a4683110,ord_dataset-7d8f5fd922d4497d91cb81489b052746,1092,4ff1ad08f32918c9b03d8a25c36debcfedb8bcc92995cc11d65f6f7a83927e34,science_hte_campaign_2a3be0de5f5e
1028,ord_dataset-7d8f5fd922d4497d91cb81489b052746:ord-ac5b7804ee274571ab0b30898488d3de,ord_dataset-7d8f5fd922d4497d91cb81489b052746,457,c7ab15fd4a61ff177892be5ad9eba4777e5f73c0c57f4940374ba3e2a3014266,science_hte_campaign_aeefa100ca4f
1029,ord_dataset-7d8f5fd922d4497d91cb81489b052746:ord-ac7974ff9f0049c9b8fe9125e57757c4,ord_dataset-7d8f5fd922d4497d91cb81489b052746,476,8a57f19a4d69f666738e9ecc0e993a2c2f16f2b6a9ffd9ad3cd80b7b8ce813bd,science_hte_campaign_aeefa100ca4f
1030,ord_dataset-7d8f5fd922d4497d91cb81489b052746:ord-ac80f48d402d4d4c90dad6f6c65d3524,ord_dataset-7d8f5fd922d4497d91cb81489b052746,857,2b677efe620579266034b42a3a44dc32e248946fae5572bd9d71078154891a35,science_hte_campaign_97b28884900c
1031,ord_dataset-7d8f5fd922d4497d91cb81489b052746:ord-acf232b9a7644ede849dcd73df2cab5a,ord_dataset-7d8f5fd922d4497d91cb81489b052746,729,95e4bb669481ce43afebb450208f67b78d4c7ebffb8ff3cfac9665ef15b446a1,science_hte_campaign_5dd9abf370cb
1032,ord_dataset-7d8f5fd922d4497d91cb81489b052746:ord-acfad79b45e64a8c850617fdb4f3296d,ord_dataset-7d8f5fd922d4497d91cb81489b052746,34,277e5233a3e088fd33cb214f8901c3d82d19dbd7ea89e0c52b9a96f5874a7ab5,science_hte_campaign_ac8fc337e171
1033,ord_dataset-7d8f5fd922d4497d91cb81489b052746:ord-ad3d7fe6678d4c2483580af43d20719a,ord_dataset-7d8f5fd922d4497d91cb81489b052746,217,30818b284202b9233f2088a0efadabe640c4a5e92246f59df17143f981e28e54,science_hte_campaign_f324e61c5fa2
1034,ord_dataset-7d8f5fd922d4497d91cb81489b052746:ord-ad5d1d5a243c43f7b5058d452650b13e,ord_dataset-7d8f5fd922d4497d91cb81489b052746,921,c9e918b17d981e2154eb54397705e8f6bc6c8cec16cc64b42a8247d510768dcd,science_hte_campaign_d8d10c924377
1035,ord_dataset-7d8f5fd922d4497d91cb81489b052746:ord-ad83bef6ded14c55bdec35c1c0a1e964,ord_dataset-7d8f5fd922d4497d91cb81489b052746,1366,9bced21cfa8e9f11adbbcc63500ab6c8436a37ef30a02b6ec556537ad44b6217,science_hte_campaign_4dcfd4b46ebc
1036,ord_dataset-7d8f5fd922d4497d91cb81489b052746:ord-addfbfbd12354b8195d3fa91f48c0b9f,ord_dataset-7d8f5fd922d4497d91cb81489b052746,378,60878a63331e97dd03f6c228d814857d91dfd9e53c9624fd93e90dd27558559a,science_hte_campaign_8510665e92be
1037,ord_dataset-7d8f5fd922d4497d91cb81489b052746:ord-ae33340b683b4ba78b23e826667ac461,ord_dataset-7d8f5fd922d4497d91cb81489b052746,587,9865f015b4a5bcddc26cd3d3ed306eb84a9b19a8a140a5a85b3dc53e88eb5087,science_hte_campaign_3f02a74dbb14
1038,ord_dataset-7d8f5fd922d4497d91cb81489b052746:ord-ae3dc610cf8b4fe886765e9be0a37ca1,ord_dataset-7d8f5fd922d4497d91cb81489b052746,379,fa0dea10a71ac76925b09138f56dcda6a830e6bc6300b40ee1f6436128dbed76,science_hte_campaign_8510665e92be
1039,ord_dataset-7d8f5fd922d4497d91cb81489b052746:ord-ae467839aaa84deca619c4162597e19b,ord_dataset-7d8f5fd922d4497d91cb81489b052746,23,1f8ba578d3d5880cdb04155ca09499cc76014249a142c4f2f7431fa22c63a234,science_hte_campaign_ac8fc337e171
1040,ord_dataset-7d8f5fd922d4497d91cb81489b052746:ord-ae679575e4da4b0f8785f15511165107,ord_dataset-7d8f5fd922d4497d91cb81489b052746,1424,b6da9425a504d80d115f50d4f03d6216a9ae3bed1e77048203a9e1e1059ea92d,science_hte_campaign_4dcfd4b46ebc
1041,ord_dataset-7d8f5fd922d4497d91cb81489b052746:ord-ae7bdbee2caf47de8186bfcbb04da519,ord_dataset-7d8f5fd922d4497d91cb81489b052746,467,609cdf992e5543664a294be54fcf5e949df520aee63ad949c2b95bdabe9cdb54,science_hte_campaign_aeefa100ca4f
1042,ord_dataset-7d8f5fd922d4497d91cb81489b052746:ord-ae95eec2453144009b6c60efa88ef7f7,ord_dataset-7d8f5fd922d4497d91cb81489b052746,900,1c4665bc60800ce9decc4be0c1cd7f7fa92ab6fb5b7cab1ac1b4613c671707b9,science_hte_campaign_d8d10c924377
1043,ord_dataset-7d8f5fd922d4497d91cb81489b052746:ord-aebe34f5954442df82951ed7b4e99693,ord_dataset-7d8f5fd922d4497d91cb81489b052746,1378,2093feedf2c6cd249bdd060d515a5d1d1fdaf6ae4109781e7a94dab552b08f1a,science_hte_campaign_4dcfd4b46ebc
1044,ord_dataset-7d8f5fd922d4497d91cb81489b052746:ord-af49fc8786a140e3b798c56ed0ee26de,ord_dataset-7d8f5fd922d4497d91cb81489b052746,1236,4718b88039d442237b210225b405c31cf5bb25bf78902b6963eaeb3a4930c16a,science_hte_campaign_6bf2df144d3d
1045,ord_dataset-7d8f5fd922d4497d91cb81489b052746:ord-af59dc64904c4ce1843990658fe1aaab,ord_dataset-7d8f5fd922d4497d91cb81489b052746,985,1d887682c2b2fb8174578023a3a63b23467a147c0c47f8cf8f2e88f8692331c7,science_hte_campaign_a04d9653a525
1046,ord_dataset-7d8f5fd922d4497d91cb81489b052746:ord-afa964428b2d4d6c8bafae9fd8462eba,ord_dataset-7d8f5fd922d4497d91cb81489b052746,174,ee2c1da9efd133a9fe2f080b1cfb1848c911b5a7de1606bfefc1d7ec2ce4c8df,science_hte_campaign_c99fb883b4d8
1047,ord_dataset-7d8f5fd922d4497d91cb81489b052746:ord-afbb18ea925e4a57a9dab9736e126873,ord_dataset-7d8f5fd922d4497d91cb81489b052746,606,fe55fe97a3f52047fb0af8106959a8c6275be91cee5da457f29fa89d454a68c3,science_hte_campaign_3f02a74dbb14
1048,ord_dataset-7d8f5fd922d4497d91cb81489b052746:ord-b026b63f3a7a4a86b88c19c253eaadda,ord_dataset-7d8f5fd922d4497d91cb81489b052746,537,810817969144a154875931a985d3a3c7b5b91e4fc899afe4cdd8eef360040ce0,science_hte_campaign_283f403f90e1
1049,ord_dataset-7d8f5fd922d4497d91cb81489b052746:ord-b03b3280d7b644b0a18d13def59b03e8,ord_dataset-7d8f5fd922d4497d91cb81489b052746,60,5c9187af512b50df1b0c96d8fad9d06b378d62fc7662d6f9a7db84363928d5a4,science_hte_campaign_ac8fc337e171
1050,ord_dataset-7d8f5fd922d4497d91cb81489b052746:ord-b03d595bb0d64e088cbbd6c43453e9ea,ord_dataset-7d8f5fd922d4497d91cb81489b052746,1312,d90d20c06826d77dc648e29c9f81d847abf4e1c81a2ba462effcf996bffde837,science_hte_campaign_62bdfe294f99
1051,ord_dataset-7d8f5fd922d4497d91cb81489b052746:ord-b08142f574b3456487ef717068c3de4e,ord_dataset-7d8f5fd922d4497d91cb81489b052746,10,7ccc529ee86ea635c21d59fbb303acbe853bfc1a2ab89ecfad1e4481a20cf5a0,science_hte_campaign_ac8fc337e171
1052,ord_dataset-7d8f5fd922d4497d91cb81489b052746:ord-b0a89cd82f1f41448570bc6a47726bd2,ord_dataset-7d8f5fd922d4497d91cb81489b052746,1008,51b8cfa5c889d30eceaca64b95765f180b05efbff91514dbbb5f5ee18d40be34,science_hte_campaign_a04d9653a525
1053,ord_dataset-7d8f5fd922d4497d91cb81489b052746:ord-b0b6e086f894430dbd9ac21c605b9fb9,ord_dataset-7d8f5fd922d4497d91cb81489b052746,781,36585514ade183460eb4b5e0379cf154323365e02846cfa7d4d42d1b808d7dd8,science_hte_campaign_97b28884900c
1054,ord_dataset-7d8f5fd922d4497d91cb81489b052746:ord-b0c7e5dae4e04f138871169217110d8d,ord_dataset-7d8f5fd922d4497d91cb81489b052746,763,4c038e39562cd7a414cb5f58c012cc48404c44d2bf5063c3fb56d7012df1684f,science_hte_campaign_5dd9abf370cb
1055,ord_dataset-7d8f5fd922d4497d91cb81489b052746:ord-b12045c802fe48bc999c96d201479b05,ord_dataset-7d8f5fd922d4497d91cb81489b052746,628,d8bb9fb088c3dd9d2f809ab19c5dcb1121597df13384d17fbd6196902108e3fc,science_hte_campaign_3f02a74dbb14
1056,ord_dataset-7d8f5fd922d4497d91cb81489b052746:ord-b12a2dbdd53641b1b2fe1abfc968ce4e,ord_dataset-7d8f5fd922d4497d91cb81489b052746,1436,805b8ade4a464c27cb6f007a2219f5dc78039e3ab3bbf61232c16472851fa152,science_hte_campaign_4dcfd4b46ebc
1057,ord_dataset-7d8f5fd922d4497d91cb81489b052746:ord-b1342a01281243ce9856036abdbd466f,ord_dataset-7d8f5fd922d4497d91cb81489b052746,565,2b046e6b315dc81000e99ae079fdb90b685690d01e0ca17478990de7fa27d489,science_hte_campaign_283f403f90e1
1058,ord_dataset-7d8f5fd922d4497d91cb81489b052746:ord-b14a030a88ab401dbcaec170289c4c2e,ord_dataset-7d8f5fd922d4497d91cb81489b052746,850,444372b996ae0b8630fbde2684f4a425a35a467c818ce284c70762ce44406672,science_hte_campaign_97b28884900c
1059,ord_dataset-7d8f5fd922d4497d91cb81489b052746:ord-b15344ec43a74c6fbd35201cb943b448,ord_dataset-7d8f5fd922d4497d91cb81489b052746,1163,fe3752725f68d3d3176a2dbc4a55715c017c675574eaeae0aeff69e3d6402869,science_hte_campaign_6bf2df144d3d
1060,ord_dataset-7d8f5fd922d4497d91cb81489b052746:ord-b15a5fe40eae42e3a816ebabf20a08d8,ord_dataset-7d8f5fd922d4497d91cb81489b052746,383,6100fafdc830ebe92ee34cc50b03d6462cee02ca971cad447b2f58e668cacd91,science_hte_campaign_8510665e92be
1061,ord_dataset-7d8f5fd922d4497d91cb81489b052746:ord-b15b4f0d245c4d71ad69a245c814bda3,ord_dataset-7d8f5fd922d4497d91cb81489b052746,771,44889850ce0d73c46d7180e54c3bf1643b49bff3459e983496afa8067fcbf790,science_hte_campaign_97b28884900c
1062,ord_dataset-7d8f5fd922d4497d91cb81489b052746:ord-b15c4d16de3844639a2bf55a9b9eaa52,ord_dataset-7d8f5fd922d4497d91cb81489b052746,885,321a510e75af73b5219fa45361b8b8a1311f666508e1d8709bc7cec3177bbe48,science_hte_campaign_d8d10c924377
1063,ord_dataset-7d8f5fd922d4497d91cb81489b052746:ord-b1602da2672d4350bc3d405dadeb82cb,ord_dataset-7d8f5fd922d4497d91cb81489b052746,1496,540bb7a9443fc923b62bfa0953e670c0197468bcb625ee0867f47a1de8a6137b,science_hte_campaign_ca267bf88824
1064,ord_dataset-7d8f5fd922d4497d91cb81489b052746:ord-b1a1b7affdf242a690f0b1f4bf1a4433,ord_dataset-7d8f5fd922d4497d91cb81489b052746,787,0ff550f8305d59fd6dae5121dd6518a0f522e728d4d12a3c3f9e085ab64eeec9,science_hte_campaign_97b28884900c
1065,ord_dataset-7d8f5fd922d4497d91cb81489b052746:ord-b1e7a019d9224599911a7cf0133f7d58,ord_dataset-7d8f5fd922d4497d91cb81489b052746,1245,e18d5ca9c871e9853a2ca2eb354b8d0fb56b7be9f4ae4a6c36934b3c8574c4e4,science_hte_campaign_6bf2df144d3d
1066,ord_dataset-7d8f5fd922d4497d91cb81489b052746:ord-b20134df0e2d424099cae4cd698b0fb7,ord_dataset-7d8f5fd922d4497d91cb81489b052746,575,aed7d40845dd569638237fae096feae191fd2b7ba45ea2dd1c5f1131fd5d2d3b,science_hte_campaign_283f403f90e1
1067,ord_dataset-7d8f5fd922d4497d91cb81489b052746:ord-b2360484900f4483ae60a48cc6b8a79f,ord_dataset-7d8f5fd922d4497d91cb81489b052746,42,17d5274508bd09645579784ae4a5a3268c40dd2ff180447b63957499c94d3a0b,science_hte_campaign_ac8fc337e171
1068,ord_dataset-7d8f5fd922d4497d91cb81489b052746:ord-b276fbcb779b46eea1a1aeeb3e220bdb,ord_dataset-7d8f5fd922d4497d91cb81489b052746,1168,5e994dc271113be9b32526d0da3bb318b45c31f17f0a3ca8089a1e5d18af5f97,science_hte_campaign_6bf2df144d3d
1069,ord_dataset-7d8f5fd922d4497d91cb81489b052746:ord-b28b1cd53ba14e89910c1b97cc50b984,ord_dataset-7d8f5fd922d4497d91cb81489b052746,902,0ec3593b42731c112942ae4984dbf944b6fa1b1920f2db94f758f949581a46aa,science_hte_campaign_d8d10c924377
1070,ord_dataset-7d8f5fd922d4497d91cb81489b052746:ord-b2ce5a2d1f8e47779e3ab55c420f8547,ord_dataset-7d8f5fd922d4497d91cb81489b052746,205,07959e5e90d48bf952ac5c2836d65f41c4a21ccb33deff96e74d213aed5b27a0,science_hte_campaign_f324e61c5fa2
1071,ord_dataset-7d8f5fd922d4497d91cb81489b052746:ord-b2ea356ce01040fc94454537c2d5830a,ord_dataset-7d8f5fd922d4497d91cb81489b052746,747,6dd5a30b6bae4e3389afd6364a3914ffb695ed55acb4153244bdc0e9539c5c56,science_hte_campaign_5dd9abf370cb
1072,ord_dataset-7d8f5fd922d4497d91cb81489b052746:ord-b327b66d6f0049db901ab55db21f8322,ord_dataset-7d8f5fd922d4497d91cb81489b052746,546,230cc27078f3a2530489f78c74f567ce3e64ab778ceb1b30b4326c5a713fd2d9,science_hte_campaign_283f403f90e1
1073,ord_dataset-7d8f5fd922d4497d91cb81489b052746:ord-b32ba181722f44219dbc6f3cdc9a495f,ord_dataset-7d8f5fd922d4497d91cb81489b052746,828,4532aee1a82cfa476b1fd2648528c6e17def55b23c32c9bae421da479f9885fc,science_hte_campaign_97b28884900c
1074,ord_dataset-7d8f5fd922d4497d91cb81489b052746:ord-b3bccd4d3e0f4d3e9dd0270eda5263a3,ord_dataset-7d8f5fd922d4497d91cb81489b052746,1392,492138b533e927db4dea02017f1871a19a0d1cb43115b11020fd49734b13cd1a,science_hte_campaign_4dcfd4b46ebc
1075,ord_dataset-7d8f5fd922d4497d91cb81489b052746:ord-b408ec9d90644d83a7223269cfa12ff1,ord_dataset-7d8f5fd922d4497d91cb81489b052746,957,8a168b4ce5d8c24d1eef1a00f307b6f7f024de7684c1f24038fa6e3e7fee5ee5,science_hte_campaign_d8d10c924377
1076,ord_dataset-7d8f5fd922d4497d91cb81489b052746:ord-b42159c531254762b61a8dceea62e016,ord_dataset-7d8f5fd922d4497d91cb81489b052746,810,aa941cc35ae55062aac120b9475bbbb16d468954798532236b0756357d3d382f,science_hte_campaign_97b28884900c
1077,ord_dataset-7d8f5fd922d4497d91cb81489b052746:ord-b4709e81963d425f8348eeb5d622dfa6,ord_dataset-7d8f5fd922d4497d91cb81489b052746,1070,40f1091982777ee4af60620697fb1bb62a969a66ffe107c9e650d444d03b0dd0,science_hte_campaign_2a3be0de5f5e
1078,ord_dataset-7d8f5fd922d4497d91cb81489b052746:ord-b485c65d05494311befb65ab33fb7f8c,ord_dataset-7d8f5fd922d4497d91cb81489b052746,505,9234ec4ed438f6116dc37f413b0c877cd2db8643efba3a73c28637a3b4780afe,science_hte_campaign_283f403f90e1
1079,ord_dataset-7d8f5fd922d4497d91cb81489b052746:ord-b4b9633df8f74a66939d9eaf9d75791a,ord_dataset-7d8f5fd922d4497d91cb81489b052746,1034,82a8ec05cdea49105b1bdc42aefc806cd7ede6d0186a4d1124fa670ca1ee3544,science_hte_campaign_a04d9653a525
1080,ord_dataset-7d8f5fd922d4497d91cb81489b052746:ord-b4c39001a13c4108bdb34cd6186451f4,ord_dataset-7d8f5fd922d4497d91cb81489b052746,775,ab3b2eb7b8b6656792b57b36bd5acfe472ed18ba4df60cb52be7b2ed5c13497e,science_hte_campaign_97b28884900c
1081,ord_dataset-7d8f5fd922d4497d91cb81489b052746:ord-b4db4efc3f4c46deb64d09c42719e2c0,ord_dataset-7d8f5fd922d4497d91cb81489b052746,327,9f8a6dcfd652370823cfc3dd23092c5397e598860c4b48076da7fee681cf9c18,science_hte_campaign_8510665e92be
1082,ord_dataset-7d8f5fd922d4497d91cb81489b052746:ord-b51dc285ba7247d8817484d864beb65a,ord_dataset-7d8f5fd922d4497d91cb81489b052746,1278,c5399ba68da5831ce54c2b70321680d3464ffbb10f5eab9ea2a6091ae7e795ae,science_hte_campaign_62bdfe294f99
1083,ord_dataset-7d8f5fd922d4497d91cb81489b052746:ord-b52e1b55f6604b90b8f0be09ce8ea1b1,ord_dataset-7d8f5fd922d4497d91cb81489b052746,938,b66b0a705ca49d62982339f404855cc89c355ec593e3293acb3f2558fc0917be,science_hte_campaign_d8d10c924377
1084,ord_dataset-7d8f5fd922d4497d91cb81489b052746:ord-b562589509434a028f94a63a9a1005b6,ord_dataset-7d8f5fd922d4497d91cb81489b052746,104,207ac1ae5c63e8d85af6c1d4ab2b9cef276d20888134354b9067a9db31e0529e,science_hte_campaign_c99fb883b4d8
1085,ord_dataset-7d8f5fd922d4497d91cb81489b052746:ord-b5aa84b6f59040d7be667c9db0962d62,ord_dataset-7d8f5fd922d4497d91cb81489b052746,165,a6054997df6f96db5f673b87249280b0e616b5481c5a6ac1996b659255cc15a3,science_hte_campaign_c99fb883b4d8
1086,ord_dataset-7d8f5fd922d4497d91cb81489b052746:ord-b5c7f8f56eef49a3b7dd9bd1d710bc05,ord_dataset-7d8f5fd922d4497d91cb81489b052746,474,2100683218fac4783f78153e87ce8d84909ce58ebbd0c8662a6553db0bfded70,science_hte_campaign_aeefa100ca4f
1087,ord_dataset-7d8f5fd922d4497d91cb81489b052746:ord-b5ea6cbc03214bc9a30a9504522b4cb3,ord_dataset-7d8f5fd922d4497d91cb81489b052746,1296,ca89daf3f3207934791ea920eb5e22c3a0a08710f23d1db65b648cfd466ebca8,science_hte_campaign_62bdfe294f99
1088,ord_dataset-7d8f5fd922d4497d91cb81489b052746:ord-b6480f6d4c4642048d38313b1c15bfad,ord_dataset-7d8f5fd922d4497d91cb81489b052746,959,6f83dde1e473a261fa531c5846cf4001d0760fd704e45e805a01d726576e872e,science_hte_campaign_d8d10c924377
1089,ord_dataset-7d8f5fd922d4497d91cb81489b052746:ord-b659fd4b38c14900988640a6b8e25c48,ord_dataset-7d8f5fd922d4497d91cb81489b052746,69,a9b4b22a55459ee9580d7e94c3453322b294332bbdec2f3a0dad064912b27fa1,science_hte_campaign_ac8fc337e171
1090,ord_dataset-7d8f5fd922d4497d91cb81489b052746:ord-b69956f3abfb4447a1e19846f3d85930,ord_dataset-7d8f5fd922d4497d91cb81489b052746,762,a1eedf653be1fb66c7ebabb22172186d9c15013df7afedd9e804f3cb120fa5c4,science_hte_campaign_5dd9abf370cb
1091,ord_dataset-7d8f5fd922d4497d91cb81489b052746:ord-b6c1df8bfb464aa48718b0e1c1013cd5,ord_dataset-7d8f5fd922d4497d91cb81489b052746,807,038f24ead1f542b2718ba31372094ca47a58ce64309c96d5f2f85c681d708007,science_hte_campaign_97b28884900c
1092,ord_dataset-7d8f5fd922d4497d91cb81489b052746:ord-b7622996102943229ff1d8dd6cf26747,ord_dataset-7d8f5fd922d4497d91cb81489b052746,1390,9717ce669f46f4de980b7ba61d6b956184405a9fe2a9cdf176b678964d780361,science_hte_campaign_4dcfd4b46ebc
1093,ord_dataset-7d8f5fd922d4497d91cb81489b052746:ord-b76cf7811fc643aeb6211e3a2da25613,ord_dataset-7d8f5fd922d4497d91cb81489b052746,248,d2bbb5d1c08c58f58bddfbda1b5104f4d8b6be9b888d283af75ddbbbcab55e18,science_hte_campaign_f324e61c5fa2
1094,ord_dataset-7d8f5fd922d4497d91cb81489b052746:ord-b795e0af45e34d0494103e3527c536c2,ord_dataset-7d8f5fd922d4497d91cb81489b052746,1197,591deca8b85702dbdcae2a2adf7205b3671121dbfe38fe3aaa564c2ea29bdd8c,science_hte_campaign_6bf2df144d3d
1095,ord_dataset-7d8f5fd922d4497d91cb81489b052746:ord-b824fcff82274415a8e46b0b979fe6b2,ord_dataset-7d8f5fd922d4497d91cb81489b052746,1308,11d9d49abf999d8cce801f51922628c2f5633f51fc10e1a7bb424a00287c31a5,science_hte_campaign_62bdfe294f99
1096,ord_dataset-7d8f5fd922d4497d91cb81489b052746:ord-b8270d68be8047d3bd457bbd93668e4d,ord_dataset-7d8f5fd922d4497d91cb81489b052746,695,946487bf0082a81eb9c3b36c24855724ff6e8060f951b6e5a9ea88907bc3b0fa,science_hte_campaign_5dd9abf370cb
1097,ord_dataset-7d8f5fd922d4497d91cb81489b052746:ord-b860450c584d4634afaff6fe282bc7a2,ord_dataset-7d8f5fd922d4497d91cb81489b052746,1383,95298494bbbdfc58ffcd71ec9c2c430194825d0ad39b7c2129b18d121ad6d7cd,science_hte_campaign_4dcfd4b46ebc
1098,ord_dataset-7d8f5fd922d4497d91cb81489b052746:ord-b86e90e723d74efc8d9e0a0936aa96e8,ord_dataset-7d8f5fd922d4497d91cb81489b052746,832,8cd4dea6e3574b3f866f5e08797da41f52ef7efcda1379a51b4dddae2297664a,science_hte_campaign_97b28884900c
1099,ord_dataset-7d8f5fd922d4497d91cb81489b052746:ord-b880304870534450a977dc527b7f1e1c,ord_dataset-7d8f5fd922d4497d91cb81489b052746,626,68a65d5797e8f2c1430a257c3d58fb3586cacb900c322d660833574db894bed9,science_hte_campaign_3f02a74dbb14
1100,ord_dataset-7d8f5fd922d4497d91cb81489b052746:ord-b8f4cead45cd4596ac1f5878abde28b6,ord_dataset-7d8f5fd922d4497d91cb81489b052746,1447,f9da96d1188b54b2ea77903271a018f6721907f35b23323d144cb1dd78244117,science_hte_campaign_ca267bf88824
1101,ord_dataset-7d8f5fd922d4497d91cb81489b052746:ord-b946790e7ab74063aff48d94b462833a,ord_dataset-7d8f5fd922d4497d91cb81489b052746,109,40939bc16a85d42344cc9d04eb46510758b07790594ed12ef37bee90018943de,science_hte_campaign_c99fb883b4d8
1102,ord_dataset-7d8f5fd922d4497d91cb81489b052746:ord-b981371974be4f6e8d619a7f4eb8a2d0,ord_dataset-7d8f5fd922d4497d91cb81489b052746,687,a04e43e3aa695d1f9e27fd593263a7c58041d535f8c541c6721840f4e83ddaf0,science_hte_campaign_5dd9abf370cb
1103,ord_dataset-7d8f5fd922d4497d91cb81489b052746:ord-b98e47115ba44bb9a314904f40a8fa44,ord_dataset-7d8f5fd922d4497d91cb81489b052746,179,a94df6ed91cd5784f6d9b792ed3786f7aadb7ab3aa8b047f2bf174678381d9b1,science_hte_campaign_c99fb883b4d8
1104,ord_dataset-7d8f5fd922d4497d91cb81489b052746:ord-b9c4979ae0db45989688e4a4d1d378d8,ord_dataset-7d8f5fd922d4497d91cb81489b052746,131,980fa200dc205e4dd6da58aacf89a7e04ba5cba4775ab640f64d7a87f8b87468,science_hte_campaign_c99fb883b4d8
1105,ord_dataset-7d8f5fd922d4497d91cb81489b052746:ord-b9dc3d7aa5f849b684ca83cc1627dd05,ord_dataset-7d8f5fd922d4497d91cb81489b052746,778,e2769c7b74662f91b86c93c115a00cac35b034f8376684360f9d41fbff8e9912,science_hte_campaign_97b28884900c
1106,ord_dataset-7d8f5fd922d4497d91cb81489b052746:ord-b9e90719e7084830ac0a543e15ddaf57,ord_dataset-7d8f5fd922d4497d91cb81489b052746,508,9854baf801d2d7067821a24b1d72ef0b67470a2b242174ccdb6404a4a033931f,science_hte_campaign_283f403f90e1
1107,ord_dataset-7d8f5fd922d4497d91cb81489b052746:ord-ba00fa7dd31f4f1eb85bcb695855619c,ord_dataset-7d8f5fd922d4497d91cb81489b052746,935,c64255941ddbdb1583e2d806d705867aae16a1f2f41bd2e2cb13554ca37da503,science_hte_campaign_d8d10c924377
1108,ord_dataset-7d8f5fd922d4497d91cb81489b052746:ord-ba136ad7a0324af693309ac00c38df9a,ord_dataset-7d8f5fd922d4497d91cb81489b052746,370,81b3790da8a196282b2e722db42ef40ca5415ff8596200f55ecfab81021a993d,science_hte_campaign_8510665e92be
1109,ord_dataset-7d8f5fd922d4497d91cb81489b052746:ord-ba3262a4fb3d4107857eb645df2f6f15,ord_dataset-7d8f5fd922d4497d91cb81489b052746,52,3b372f0819fe9cf21208dc0970a94a9dde54e60e1c47be5e024c18de72f125e3,science_hte_campaign_ac8fc337e171
1110,ord_dataset-7d8f5fd922d4497d91cb81489b052746:ord-ba7c695df235494586454019308d4170,ord_dataset-7d8f5fd922d4497d91cb81489b052746,718,4ec0894eef1aa4e58a49c2b8515cf8f796b7ae2817f1933922ee7d86687bc256,science_hte_campaign_5dd9abf370cb
1111,ord_dataset-7d8f5fd922d4497d91cb81489b052746:ord-baad655cba824877984b7d7d397c64f0,ord_dataset-7d8f5fd922d4497d91cb81489b052746,432,cea6c0bec4bf720064ff86ef863c127e8fd49e1a6057edbc40f722d5cd48ea85,science_hte_campaign_aeefa100ca4f
1112,ord_dataset-7d8f5fd922d4497d91cb81489b052746:ord-bab1c1a9d701490ca5b9ffad316880d8,ord_dataset-7d8f5fd922d4497d91cb81489b052746,788,50356e75f8902591894723be278e0b85443d5dc205108ae788831d077851b9f3,science_hte_campaign_97b28884900c
1113,ord_dataset-7d8f5fd922d4497d91cb81489b052746:ord-bae5442093c54768859ae10a7c8d5dd1,ord_dataset-7d8f5fd922d4497d91cb81489b052746,1516,59db4c95a6deabb87720f6cea1b1b14f49715beabd5caa82f6c706b30e638bba,science_hte_campaign_ca267bf88824
1114,ord_dataset-7d8f5fd922d4497d91cb81489b052746:ord-bb0a95c22d2444e68e5b109790cfb83c,ord_dataset-7d8f5fd922d4497d91cb81489b052746,540,2c02ff122ea1f626be4814aca62de65fe5245fe8964769ba1784510457ac71d7,science_hte_campaign_283f403f90e1
1115,ord_dataset-7d8f5fd922d4497d91cb81489b052746:ord-bb1adb7d1b6c46ed9c905be9e61ed7b1,ord_dataset-7d8f5fd922d4497d91cb81489b052746,836,8eb0896dab47437f2d7a049e81e937d51ac65a56e8da3c1c256bd71705e48395,science_hte_campaign_97b28884900c
1116,ord_dataset-7d8f5fd922d4497d91cb81489b052746:ord-bb3ff030b24542c0be1cbc47806c4716,ord_dataset-7d8f5fd922d4497d91cb81489b052746,590,5631b7b915e4d5c3ab766b3f30704eb93744dce09716d94ed224214f4953beb1,science_hte_campaign_3f02a74dbb14
1117,ord_dataset-7d8f5fd922d4497d91cb81489b052746:ord-bb4e08969f514ed1b98777a6ee867f37,ord_dataset-7d8f5fd922d4497d91cb81489b052746,647,4548e7ff465f9dc21f801974cbb3c6aee07b5d82d60b71fc979f955dc9ba635d,science_hte_campaign_3f02a74dbb14
1118,ord_dataset-7d8f5fd922d4497d91cb81489b052746:ord-bb651f6c09b24f7e953aed2bad1a9fdd,ord_dataset-7d8f5fd922d4497d91cb81489b052746,838,4959a6e88214a79ff55c08ec7c9b3028ff63c062a8fb31d5930a181e24706a4e,science_hte_campaign_97b28884900c
1119,ord_dataset-7d8f5fd922d4497d91cb81489b052746:ord-bb7109a905134a289ec4f041370f5832,ord_dataset-7d8f5fd922d4497d91cb81489b052746,671,22a590c0bfdfa3053375582225e3f7cbe80daff151de355087c8c119d7b576df,science_hte_campaign_3f02a74dbb14
1120,ord_dataset-7d8f5fd922d4497d91cb81489b052746:ord-bbafd2aaa8984274a1ad1730f9c541c8,ord_dataset-7d8f5fd922d4497d91cb81489b052746,1326,db7a22fbb320b561a11e609e769dd4ebddd5d50f1faaf4b094c39d6ac2d14767,science_hte_campaign_62bdfe294f99
1121,ord_dataset-7d8f5fd922d4497d91cb81489b052746:ord-bbb8e0dc9a7349fa97b9c8ca846e76d7,ord_dataset-7d8f5fd922d4497d91cb81489b052746,655,3fd39cb75e5407007fa3fcd456067dee74755769ed1eb6a1db259d34b0f28952,science_hte_campaign_3f02a74dbb14
1122,ord_dataset-7d8f5fd922d4497d91cb81489b052746:ord-bbfc352b6a064a39a6177e7ddfde4099,ord_dataset-7d8f5fd922d4497d91cb81489b052746,1502,b87ab7a538d7e3d9ee713b8d85e086269fa3533452111969fd8dbc1942eecdb0,science_hte_campaign_ca267bf88824
1123,ord_dataset-7d8f5fd922d4497d91cb81489b052746:ord-bc1550a896924516977cb941c463c436,ord_dataset-7d8f5fd922d4497d91cb81489b052746,241,307275c938e1af0d3aefb7632e6f35235220862a597fef2f8c56709b01adc3b7,science_hte_campaign_f324e61c5fa2
1124,ord_dataset-7d8f5fd922d4497d91cb81489b052746:ord-bc1f6fecd4a64e80b0efc6742cdac1d3,ord_dataset-7d8f5fd922d4497d91cb81489b052746,468,4075740c70c9c1313e4279973c15c41aa0bf2302301fffa53115a02b4a6141bb,science_hte_campaign_aeefa100ca4f
1125,ord_dataset-7d8f5fd922d4497d91cb81489b052746:ord-bc4d2612e6614c39b81f62097575e893,ord_dataset-7d8f5fd922d4497d91cb81489b052746,1438,d952628ac3e5daf50a6c6c7004eb647edaaebb7567ff9a3339c3798764dfa765,science_hte_campaign_4dcfd4b46ebc
1126,ord_dataset-7d8f5fd922d4497d91cb81489b052746:ord-bc7dc138f185416891c54814b3aa03b3,ord_dataset-7d8f5fd922d4497d91cb81489b052746,1445,1f69f1760d4da820d723b10479c8edc160a8dddacb00237180069809c2dc90d9,science_hte_campaign_ca267bf88824
1127,ord_dataset-7d8f5fd922d4497d91cb81489b052746:ord-bc89f19ebf05446db0d1d0ce19c3458a,ord_dataset-7d8f5fd922d4497d91cb81489b052746,256,8c6ffdf33189359ab5d66e65ccbf83ae825d8eedd44a76cc18af96438e18239a,science_hte_campaign_f324e61c5fa2
1128,ord_dataset-7d8f5fd922d4497d91cb81489b052746:ord-bc919027a84d43eaa03860b8d890d931,ord_dataset-7d8f5fd922d4497d91cb81489b052746,592,1f35f70ceb4150d2a81297ee235b8f122feb10a1d803f7963557fc23d66ff6c0,science_hte_campaign_3f02a74dbb14
1129,ord_dataset-7d8f5fd922d4497d91cb81489b052746:ord-bca5c84081d14ef8aa3459c5eb566c5b,ord_dataset-7d8f5fd922d4497d91cb81489b052746,1249,1a99af81ee585e69b979dd816c41084faaf93bab10ef58ea2aea2ca65315e7c9,science_hte_campaign_62bdfe294f99
1130,ord_dataset-7d8f5fd922d4497d91cb81489b052746:ord-bd028d6bc8364fa99d6b77e7acd2e1ad,ord_dataset-7d8f5fd922d4497d91cb81489b052746,577,ea57c070811ebc708918d6a84fc56ce93e438b55b99b248fc0f935f01d974534,science_hte_campaign_3f02a74dbb14
1131,ord_dataset-7d8f5fd922d4497d91cb81489b052746:ord-bd86d2743ef4430e815c6783a01a7610,ord_dataset-7d8f5fd922d4497d91cb81489b052746,1532,ba01ce9361182506ebc1abda942116f2a1627fc5aac382f994955a793643b7c0,science_hte_campaign_ca267bf88824
1132,ord_dataset-7d8f5fd922d4497d91cb81489b052746:ord-bdb6d6ebb61d4864af58d69eaf36bc59,ord_dataset-7d8f5fd922d4497d91cb81489b052746,1456,f894f4288a4283c3b3b97b1cb48c3d8d24160a657f159c909ea8ac446f28060c,science_hte_campaign_ca267bf88824
1133,ord_dataset-7d8f5fd922d4497d91cb81489b052746:ord-bde3826d54dc466986c746d316da6890,ord_dataset-7d8f5fd922d4497d91cb81489b052746,1064,ae05e68876afdc7907ec2a45219788fb593a084b6f8e7383ac3f99bb9760e21b,science_hte_campaign_2a3be0de5f5e
1134,ord_dataset-7d8f5fd922d4497d91cb81489b052746:ord-be1b8dd3bc734c71822692f35a69cbdf,ord_dataset-7d8f5fd922d4497d91cb81489b052746,446,a72de9abfe59cb2a69de409884e4212a409d3111709378f9a0e687adc5ed3518,science_hte_campaign_aeefa100ca4f
1135,ord_dataset-7d8f5fd922d4497d91cb81489b052746:ord-be209745f3bd475e968bb86300306e24,ord_dataset-7d8f5fd922d4497d91cb81489b052746,1137,93bb4aadfea92dfc159ad9963623ae77a1879048d81c88a3b23b7e364167a895,science_hte_campaign_2a3be0de5f5e
1136,ord_dataset-7d8f5fd922d4497d91cb81489b052746:ord-be289afb08344e6da55461bfcf9fefb3,ord_dataset-7d8f5fd922d4497d91cb81489b052746,7,6efa93c2fe92f2eebcf10cad61bb66a722f835eafd41a6c39793220ad92214b5,science_hte_campaign_ac8fc337e171
1137,ord_dataset-7d8f5fd922d4497d91cb81489b052746:ord-be2da95bedf04a328b666351ee8b337b,ord_dataset-7d8f5fd922d4497d91cb81489b052746,275,cd71b7e1b79efee9f87dd2d0d5192f8af4d6a3ecfcd80ed562df5ccdf7893a3d,science_hte_campaign_f324e61c5fa2
1138,ord_dataset-7d8f5fd922d4497d91cb81489b052746:ord-be35221534bc4578b23bd8d5700e9792,ord_dataset-7d8f5fd922d4497d91cb81489b052746,726,160c270c612d56c01d99b902621f72bb85b8f130021b196d93ee54b6782f09ac,science_hte_campaign_5dd9abf370cb
1139,ord_dataset-7d8f5fd922d4497d91cb81489b052746:ord-be6c56b5b0d040779c72f9388092571a,ord_dataset-7d8f5fd922d4497d91cb81489b052746,805,2b7e060ccee0a9bad8f8e744218d12363e2fb7ce959083133abe764087d6c23a,science_hte_campaign_97b28884900c
1140,ord_dataset-7d8f5fd922d4497d91cb81489b052746:ord-be96d895c0d843dab5014de7868879f8,ord_dataset-7d8f5fd922d4497d91cb81489b052746,1323,26aeade2bdb00c9e3160728cd30585534455a5c827c8eb2db2c785d34f4ce2fe,science_hte_campaign_62bdfe294f99
1141,ord_dataset-7d8f5fd922d4497d91cb81489b052746:ord-be979cf2a27943bda7d595674138639e,ord_dataset-7d8f5fd922d4497d91cb81489b052746,808,93355fc0ea877d4b8e3fc49a0593d14e316da529986ade815034665d689baeed,science_hte_campaign_97b28884900c
1142,ord_dataset-7d8f5fd922d4497d91cb81489b052746:ord-bebc08642ca24c59940118afbadf67c0,ord_dataset-7d8f5fd922d4497d91cb81489b052746,1024,0937e89808808df766530118390f7a154bd99bb816539cb172ad86e242af8097,science_hte_campaign_a04d9653a525
1143,ord_dataset-7d8f5fd922d4497d91cb81489b052746:ord-beff8df73029425d9060bfed728aa1d2,ord_dataset-7d8f5fd922d4497d91cb81489b052746,1376,52e0b48f931fc0716834407f93787dbfdf0a6db8d0b8f6a446994cdad15fcd0d,science_hte_campaign_4dcfd4b46ebc
1144,ord_dataset-7d8f5fd922d4497d91cb81489b052746:ord-bf15ca934fa041b3af780a907316be73,ord_dataset-7d8f5fd922d4497d91cb81489b052746,1520,36207f8fee1978ac5a4cc78e624a2364ded5f3ad1ec2a309b04f7e2341eb7aab,science_hte_campaign_ca267bf88824
1145,ord_dataset-7d8f5fd922d4497d91cb81489b052746:ord-bf2fb14a7a044292b9a35c960a44a01a,ord_dataset-7d8f5fd922d4497d91cb81489b052746,522,38eba8855940ef0975a1c69ad090d740a6d78f89444bad375d5f078eb0fb6b72,science_hte_campaign_283f403f90e1
1146,ord_dataset-7d8f5fd922d4497d91cb81489b052746:ord-bf9b7e7900724f70adc8f1c7d85f9c9e,ord_dataset-7d8f5fd922d4497d91cb81489b052746,1247,e764979aae94786971464319cecf75cbea1dd3645356bb1b302e03e8c318ab09,science_hte_campaign_6bf2df144d3d
1147,ord_dataset-7d8f5fd922d4497d91cb81489b052746:ord-bfad902b97584ba5a01892ce43c700cd,ord_dataset-7d8f5fd922d4497d91cb81489b052746,58,b243c31eef524986d364d0c40a6fa799fe5f7f57416ecb3803c26c73a38d5285,science_hte_campaign_ac8fc337e171
1148,ord_dataset-7d8f5fd922d4497d91cb81489b052746:ord-bfe2d683c3924f9baa6bcef85268c377,ord_dataset-7d8f5fd922d4497d91cb81489b052746,1398,9c0100941c9e4695811d38462d6c6242799491f1dde311cdc9521998cea24eac,science_hte_campaign_4dcfd4b46ebc
1149,ord_dataset-7d8f5fd922d4497d91cb81489b052746:ord-bfe9be968c3143cb905c4817aece17a9,ord_dataset-7d8f5fd922d4497d91cb81489b052746,845,0237f51d70e3a8ebaabce9344a2cf80007c169b17ea9bd9326cc9e0d385458d6,science_hte_campaign_97b28884900c
1150,ord_dataset-7d8f5fd922d4497d91cb81489b052746:ord-c00233033df44998bef28ad16691d6e9,ord_dataset-7d8f5fd922d4497d91cb81489b052746,171,4f3e793d735b3a3be473b6853090d48af9cbca2d8560228f3696b7d50882426b,science_hte_campaign_c99fb883b4d8
1151,ord_dataset-7d8f5fd922d4497d91cb81489b052746:ord-c0423be7b4844ebcae1c0edf133f7ba1,ord_dataset-7d8f5fd922d4497d91cb81489b052746,1343,44697a61e6f741f1669a23ebacb1eab9923d4d1f3c903e1bad9136b206372441,science_hte_campaign_62bdfe294f99
1152,ord_dataset-7d8f5fd922d4497d91cb81489b052746:ord-c0d30c661ea4421d88c18750a9fc31d6,ord_dataset-7d8f5fd922d4497d91cb81489b052746,948,20024bf8cea018e1f31ea0ff837c66d494dffc587a32a92e9e3932a1346392b3,science_hte_campaign_d8d10c924377
1153,ord_dataset-7d8f5fd922d4497d91cb81489b052746:ord-c185238f1b6c47178b79004c97670fb7,ord_dataset-7d8f5fd922d4497d91cb81489b052746,453,e1d3c131fdf3ca397ba8e420bddaba1c91fdc8a2e8da8080588522d08d2e67d0,science_hte_campaign_aeefa100ca4f
1154,ord_dataset-7d8f5fd922d4497d91cb81489b052746:ord-c195a795c1e9471da37182124202c22b,ord_dataset-7d8f5fd922d4497d91cb81489b052746,1294,927aea02686b16e995e404361eb9e513cdbc8ccf69878164b8486ab98b708e9f,science_hte_campaign_62bdfe294f99
1155,ord_dataset-7d8f5fd922d4497d91cb81489b052746:ord-c19edbecfc5a40a6981ad192d773b6b6,ord_dataset-7d8f5fd922d4497d91cb81489b052746,81,c405cff8c2bad4957abaadaf555a8003644fad91574b27c886817ea8278f58d2,science_hte_campaign_ac8fc337e171
1156,ord_dataset-7d8f5fd922d4497d91cb81489b052746:ord-c1cc4a84b095401fb84564bbdb2db866,ord_dataset-7d8f5fd922d4497d91cb81489b052746,1514,20ce4c89ff681d00e5a9b1ef8d30485044324e4b33dd8e7be04311be55ba1458,science_hte_campaign_ca267bf88824
1157,ord_dataset-7d8f5fd922d4497d91cb81489b052746:ord-c216d4c8ed5e4efb92b712b53307a6f9,ord_dataset-7d8f5fd922d4497d91cb81489b052746,129,25168c5436154ac6049c26349ac0fd7851ecb69a01833203f4bbf6cc6d65e228,science_hte_campaign_c99fb883b4d8
1158,ord_dataset-7d8f5fd922d4497d91cb81489b052746:ord-c28cf13b93db4cc1ad80395169fef24e,ord_dataset-7d8f5fd922d4497d91cb81489b052746,1170,9bd517b78073dd161e0f38543bcbceff63219b599f6e1f5f566ae1a4076c4aad,science_hte_campaign_6bf2df144d3d
1159,ord_dataset-7d8f5fd922d4497d91cb81489b052746:ord-c2914b075ef54a5380e9dba54e5d748c,ord_dataset-7d8f5fd922d4497d91cb81489b052746,402,67e36b8f30565393f77d443ca1865860aa6b868cbe690e079519e5efcff19cc6,science_hte_campaign_aeefa100ca4f
1160,ord_dataset-7d8f5fd922d4497d91cb81489b052746:ord-c29fe683650140608e922596eee81831,ord_dataset-7d8f5fd922d4497d91cb81489b052746,1181,eb3c61d64d806de0d9f84db0607e760cf47e56f4a6973db8bfa16a7795fa7655,science_hte_campaign_6bf2df144d3d
1161,ord_dataset-7d8f5fd922d4497d91cb81489b052746:ord-c2a018ab24854590a92245465ee6fcb2,ord_dataset-7d8f5fd922d4497d91cb81489b052746,955,e3769ba602b3d3369fc4dbb369fc20a59f9015856fac51f4f70578207d5d8488,science_hte_campaign_d8d10c924377
1162,ord_dataset-7d8f5fd922d4497d91cb81489b052746:ord-c2b2d4f1b2fc4cdb8272d5bedbda11d5,ord_dataset-7d8f5fd922d4497d91cb81489b052746,1385,46f53bc8b1dc42d7ee9e051669efdf0d3db1a12ff5eb55a7cf09a60665ca3712,science_hte_campaign_4dcfd4b46ebc
1163,ord_dataset-7d8f5fd922d4497d91cb81489b052746:ord-c2d508d739e9485babba31dfb8432fbc,ord_dataset-7d8f5fd922d4497d91cb81489b052746,925,dc8d35c0e6eddb2ce548705e6cfb8b90cb12442c7118f0db4639225e9e61ec18,science_hte_campaign_d8d10c924377
1164,ord_dataset-7d8f5fd922d4497d91cb81489b052746:ord-c2f93c47e0474557b8a8efdc7ec9ca99,ord_dataset-7d8f5fd922d4497d91cb81489b052746,1515,66e2e1e9e49b5c89673252df997bb27bb9baaaeb77b9a4cb2fe3b6f4423e5c4a,science_hte_campaign_ca267bf88824
1165,ord_dataset-7d8f5fd922d4497d91cb81489b052746:ord-c31f48e534dc498ea09d440297419b7a,ord_dataset-7d8f5fd922d4497d91cb81489b052746,1138,3e0d41866d684fbed89cd3271b31ddd8e625cc92bfeb2e4c83546f5bf79b0d27,science_hte_campaign_2a3be0de5f5e
1166,ord_dataset-7d8f5fd922d4497d91cb81489b052746:ord-c392e0f2d0b9447eb54a9886b6b7315b,ord_dataset-7d8f5fd922d4497d91cb81489b052746,1440,af9ab82a6114a07e8ceabc6f99d6c04e92e7d13e54c9c812d11658ab5fbd58c3,science_hte_campaign_ca267bf88824
1167,ord_dataset-7d8f5fd922d4497d91cb81489b052746:ord-c429b627cd814e2885656df795658fb2,ord_dataset-7d8f5fd922d4497d91cb81489b052746,1267,f38f8cfea2abb07208481f5e50d505b356808d157325e978030ddaf1eb96c9ec,science_hte_campaign_62bdfe294f99
1168,ord_dataset-7d8f5fd922d4497d91cb81489b052746:ord-c4460683c9634cd0b837e9f6a01b666b,ord_dataset-7d8f5fd922d4497d91cb81489b052746,408,e5a0f96e1485fa832dedfcf80aaebf17799b5121106470c179d8b02057e6950f,science_hte_campaign_aeefa100ca4f
1169,ord_dataset-7d8f5fd922d4497d91cb81489b052746:ord-c49bce614df5419290edc109ea74ed11,ord_dataset-7d8f5fd922d4497d91cb81489b052746,908,b85ceee73771b910524f23620c926984546fb73bbdc3289ed3aab7fa8a044c46,science_hte_campaign_d8d10c924377
1170,ord_dataset-7d8f5fd922d4497d91cb81489b052746:ord-c4a0ba58ada3465c96117406e38b72b9,ord_dataset-7d8f5fd922d4497d91cb81489b052746,1160,0bb2f1229432ef4e7e1af6f64d52c1c330faf5f42d8efc6aa59b6f4387fccb60,science_hte_campaign_6bf2df144d3d
1171,ord_dataset-7d8f5fd922d4497d91cb81489b052746:ord-c4e167b0c4da40829453d7941259d008,ord_dataset-7d8f5fd922d4497d91cb81489b052746,1452,89e3cd18c2db6efa3abea9c6615e8be90809d1524fe36822f4c4a6cdf0535519,science_hte_campaign_ca267bf88824
1172,ord_dataset-7d8f5fd922d4497d91cb81489b052746:ord-c5298f3530cb4ea787ed2773487bb5b2,ord_dataset-7d8f5fd922d4497d91cb81489b052746,866,136e3c885834ebc0794a58a602ab06f913f9c15ec41cab30fa0e06d5a5d994da,science_hte_campaign_d8d10c924377
1173,ord_dataset-7d8f5fd922d4497d91cb81489b052746:ord-c52e5e3b6a80493e83ebcd198e5bb401,ord_dataset-7d8f5fd922d4497d91cb81489b052746,1434,add1aa61c47e9b764699448cd3ff44c711cea9356633bdaf9a3ec20e16c9b9b1,science_hte_campaign_4dcfd4b46ebc
1174,ord_dataset-7d8f5fd922d4497d91cb81489b052746:ord-c56d8f78979247e98a6a24702ccb53fc,ord_dataset-7d8f5fd922d4497d91cb81489b052746,1072,0b2106f7ca3398d8820436bf70fef52b4080db52ccc714f2a21286486887fc89,science_hte_campaign_2a3be0de5f5e
1175,ord_dataset-7d8f5fd922d4497d91cb81489b052746:ord-c66104ab520b4bb69250159115dd1dfd,ord_dataset-7d8f5fd922d4497d91cb81489b052746,789,de102b54007ae6306f4bcbaba323d166e152be78fd0b829683ba248bc70814b5,science_hte_campaign_97b28884900c
1176,ord_dataset-7d8f5fd922d4497d91cb81489b052746:ord-c6adda6fd4eb49ba9d098c41479d3afd,ord_dataset-7d8f5fd922d4497d91cb81489b052746,143,af3044ed3dff8f5e2a4fce9b0fe86d699c2349d183295a8ac5cbb92b60c8fbfd,science_hte_campaign_c99fb883b4d8
1177,ord_dataset-7d8f5fd922d4497d91cb81489b052746:ord-c6b532bc53a7470ba76f0cc13a97f2c3,ord_dataset-7d8f5fd922d4497d91cb81489b052746,1165,39168dd52a08e25189ed652942f43f5a0aa16284f5467278c9c35e69fab9587e,science_hte_campaign_6bf2df144d3d
1178,ord_dataset-7d8f5fd922d4497d91cb81489b052746:ord-c6f6bbf08a824981a5fcb5e86aa351b2,ord_dataset-7d8f5fd922d4497d91cb81489b052746,1177,004fc8374c81141744df3971309e557e69a6a62b97025eb83839208caee50673,science_hte_campaign_6bf2df144d3d
1179,ord_dataset-7d8f5fd922d4497d91cb81489b052746:ord-c6f8575304e843ec9b3a11acba186af8,ord_dataset-7d8f5fd922d4497d91cb81489b052746,1311,94883f552ff398222f1897196ed41fe12d94096aac69a018549adfabff27fb4e,science_hte_campaign_62bdfe294f99
1180,ord_dataset-7d8f5fd922d4497d91cb81489b052746:ord-c758463280fc4dec985976bac7855b07,ord_dataset-7d8f5fd922d4497d91cb81489b052746,648,a3b063cec1f614c1539efea790bd731bd27ca10038c8aee620784dfb9a53b707,science_hte_campaign_3f02a74dbb14
1181,ord_dataset-7d8f5fd922d4497d91cb81489b052746:ord-c7b1101d54f34f689ced16db0facccb9,ord_dataset-7d8f5fd922d4497d91cb81489b052746,293,df83080054138355e87026221594a6fe33a55789f363a93c89e6dbe7dc64d3be,science_hte_campaign_8510665e92be
1182,ord_dataset-7d8f5fd922d4497d91cb81489b052746:ord-c7d1c583c77148e18dcaa3141e15cc3b,ord_dataset-7d8f5fd922d4497d91cb81489b052746,767,eebdb8115df6c9753e0e8af651b51b03df6bacc8879358ec52decd79810902fa,science_hte_campaign_5dd9abf370cb
1183,ord_dataset-7d8f5fd922d4497d91cb81489b052746:ord-c7fbf3959a5b4e10a43ab1df7a082dbb,ord_dataset-7d8f5fd922d4497d91cb81489b052746,1470,f67989c92b448ae5fe4758a6a5bed244c21c46e5ebd6f1c757ed9aaa4052dd68,science_hte_campaign_ca267bf88824
1184,ord_dataset-7d8f5fd922d4497d91cb81489b052746:ord-c81bd9e64d8b4856a9cd0736506135ec,ord_dataset-7d8f5fd922d4497d91cb81489b052746,1291,6d0a80be3e7fe27d67f6337ab926b88f2abdae2f144f4edd7f2809d9c5f3c3ed,science_hte_campaign_62bdfe294f99
1185,ord_dataset-7d8f5fd922d4497d91cb81489b052746:ord-c845f8ca2ceb463cbe70de9779a94a9b,ord_dataset-7d8f5fd922d4497d91cb81489b052746,528,e0e4d078f12f71bac7fe2c88a06948865377d23132b3f48c6ccba287d8f406aa,science_hte_campaign_283f403f90e1
1186,ord_dataset-7d8f5fd922d4497d91cb81489b052746:ord-c85397177b2b4448855bc25565159c33,ord_dataset-7d8f5fd922d4497d91cb81489b052746,1074,7d3268fa2771ada4a66b4f18c4ba14296c2cec78fe2981eca22792004bcc8040,science_hte_campaign_2a3be0de5f5e
1187,ord_dataset-7d8f5fd922d4497d91cb81489b052746:ord-c8d8a28fcac3426fb1729bd95174b4f0,ord_dataset-7d8f5fd922d4497d91cb81489b052746,267,2e54c78c0fb357a57e1f48a9bd3be059b3fcdc96034015d34f75e86671f42a9a,science_hte_campaign_f324e61c5fa2
1188,ord_dataset-7d8f5fd922d4497d91cb81489b052746:ord-c8dcea7e72244ee899856a00257e89bf,ord_dataset-7d8f5fd922d4497d91cb81489b052746,785,cc0c05cce7dc8dc38c2ca867094c69e802a2e53d34c058174930934515a6c068,science_hte_campaign_97b28884900c
1189,ord_dataset-7d8f5fd922d4497d91cb81489b052746:ord-c90a9ca259d54e37bdd7d43acc0022d2,ord_dataset-7d8f5fd922d4497d91cb81489b052746,331,7d8e356cdc487ca1fa8306577aa7131c6a339e926879442ef824d685f28d35d8,science_hte_campaign_8510665e92be
1190,ord_dataset-7d8f5fd922d4497d91cb81489b052746:ord-c95509580aa74e6c8d9b190f6b1d1231,ord_dataset-7d8f5fd922d4497d91cb81489b052746,512,76b3f190e4085700cf7c2e7cd738db9eba3d9246a9d8f20b80a378d9bbb46424,science_hte_campaign_283f403f90e1
1191,ord_dataset-7d8f5fd922d4497d91cb81489b052746:ord-c95df8a18e2b40199ac03088605820ad,ord_dataset-7d8f5fd922d4497d91cb81489b052746,135,62629c5b6a6a6123c6ca242411daec37ddc44b334e17b3b990a987156e7e0b77,science_hte_campaign_c99fb883b4d8
1192,ord_dataset-7d8f5fd922d4497d91cb81489b052746:ord-c98a309016b94fe7895f228c2ea70ab8,ord_dataset-7d8f5fd922d4497d91cb81489b052746,1316,1397019289e5944149027a9078efa67cee310a513641323b2858f5769dd0ee7c,science_hte_campaign_62bdfe294f99
1193,ord_dataset-7d8f5fd922d4497d91cb81489b052746:ord-c995cf198ebd4b8a8b4fe9591d4bac8b,ord_dataset-7d8f5fd922d4497d91cb81489b052746,1322,93c173640e7118491ea2109f7fae943bb49995029775922dfef2639e7573e40a,science_hte_campaign_62bdfe294f99
1194,ord_dataset-7d8f5fd922d4497d91cb81489b052746:ord-c9e1a0d6d8344992b526982ad3522bed,ord_dataset-7d8f5fd922d4497d91cb81489b052746,359,2b5fd8ffe9163f3d138f609f3cf4d4a720cd51ea294d0ee6953f8e1c4d1ded01,science_hte_campaign_8510665e92be
1195,ord_dataset-7d8f5fd922d4497d91cb81489b052746:ord-c9fc10ffbb754e3eba3b32b9d63bf5b0,ord_dataset-7d8f5fd922d4497d91cb81489b052746,116,d8d42ee02ef5fa6f7b27872d8bccd7b88f02b32bb5c09349b250309464cce35a,science_hte_campaign_c99fb883b4d8
1196,ord_dataset-7d8f5fd922d4497d91cb81489b052746:ord-ca06da9df43944148c88d65861d5af60,ord_dataset-7d8f5fd922d4497d91cb81489b052746,122,7cb7445e4639b76a5581c043971f87ccd83102953f49ddea5799307e7e1dca27,science_hte_campaign_c99fb883b4d8
1197,ord_dataset-7d8f5fd922d4497d91cb81489b052746:ord-ca76764bd6c4405490b4de65a92e6503,ord_dataset-7d8f5fd922d4497d91cb81489b052746,208,dbb6efd2ac4491de540fa6b59dd14d4a80ffb06b089a1091beed871bc3625ae7,science_hte_campaign_f324e61c5fa2
1198,ord_dataset-7d8f5fd922d4497d91cb81489b052746:ord-ca92bde0eb954bc0a7271ed747e49ae4,ord_dataset-7d8f5fd922d4497d91cb81489b052746,1189,77622e1918738bb3678e796b4f25d6d6436817b5990ef29598b3423af7068aea,science_hte_campaign_6bf2df144d3d
1199,ord_dataset-7d8f5fd922d4497d91cb81489b052746:ord-cadfdcadf739446dad8e00f0325cff57,ord_dataset-7d8f5fd922d4497d91cb81489b052746,268,d3945b6c89ae60e5d0df80189b187cda3ec48710800910bc2d3d8ae162515b91,science_hte_campaign_f324e61c5fa2
1200,ord_dataset-7d8f5fd922d4497d91cb81489b052746:ord-cb2282b6ee06433f826c0dc3c32b6eb3,ord_dataset-7d8f5fd922d4497d91cb81489b052746,319,e15268dd91884f15089901b50b0b7fefcf8a9b06b3a38d48254f8825a8e30077,science_hte_campaign_8510665e92be
1201,ord_dataset-7d8f5fd922d4497d91cb81489b052746:ord-cb545102b3944e8aaf1185f45ebb02f8,ord_dataset-7d8f5fd922d4497d91cb81489b052746,947,7c5de2ed97b7655f10f1b141a66d7aa185a2c689b8f130fced0fa932e0dbe8eb,science_hte_campaign_d8d10c924377
1202,ord_dataset-7d8f5fd922d4497d91cb81489b052746:ord-cb5959eb12774642a4471c4a20fdedd1,ord_dataset-7d8f5fd922d4497d91cb81489b052746,124,c51f78ee3e94eb8fd9f71587a7614fd024a6c5adce624b04dbb27ec5713562c3,science_hte_campaign_c99fb883b4d8
1203,ord_dataset-7d8f5fd922d4497d91cb81489b052746:ord-cb7195c6191c4f058a919b02b2a49ffc,ord_dataset-7d8f5fd922d4497d91cb81489b052746,1196,305fdd9d5e08b5cc2296b541e3f99710d1a58d45468ae932dc16a812f5587a1e,science_hte_campaign_6bf2df144d3d
1204,ord_dataset-7d8f5fd922d4497d91cb81489b052746:ord-cbc2738098b04e699b4f977c5dffdec2,ord_dataset-7d8f5fd922d4497d91cb81489b052746,112,6144c0e5b7789842c23235b195ea30364089f4d9d10ede0097dc9b3be17a8b43,science_hte_campaign_c99fb883b4d8
1205,ord_dataset-7d8f5fd922d4497d91cb81489b052746:ord-cc4fa5a0ea5049a49270379a1799193e,ord_dataset-7d8f5fd922d4497d91cb81489b052746,1139,6e376b82eac1c9c1a12e6c0985a0ec3d5795b5e058ba948f30be21da5d213ada,science_hte_campaign_2a3be0de5f5e
1206,ord_dataset-7d8f5fd922d4497d91cb81489b052746:ord-cd1a94ec642a4c21a803c3fa98cd4163,ord_dataset-7d8f5fd922d4497d91cb81489b052746,552,0dd27d5d6f1f7df9a2bde5cfedd5bb5aa52b6749ada1f0effd1c00a3b650fa7c,science_hte_campaign_283f403f90e1
1207,ord_dataset-7d8f5fd922d4497d91cb81489b052746:ord-cd50da5d42bf499e9e8bd5b33f8ced0b,ord_dataset-7d8f5fd922d4497d91cb81489b052746,1331,6570323a91e7598693796fc8333d6a39305dfaf704c53ccc5964bb35b345d3fb,science_hte_campaign_62bdfe294f99
1208,ord_dataset-7d8f5fd922d4497d91cb81489b052746:ord-cd5cac39597f4a52b20e1d0e39f3d688,ord_dataset-7d8f5fd922d4497d91cb81489b052746,475,4712813aade9e6e82d7cfa1197c844c3b02efd6a43a8b5fc54bee5e60b061c13,science_hte_campaign_aeefa100ca4f
1209,ord_dataset-7d8f5fd922d4497d91cb81489b052746:ord-cd6f2d8c76554fab9484e910aed04285,ord_dataset-7d8f5fd922d4497d91cb81489b052746,1367,2818a0d1ef4b1ea66b5eda61a3196396b3800b503550aa73c48895b7ab1e2ed4,science_hte_campaign_4dcfd4b46ebc
1210,ord_dataset-7d8f5fd922d4497d91cb81489b052746:ord-cd8864b61713411897ee521fa70678b1,ord_dataset-7d8f5fd922d4497d91cb81489b052746,1173,95735aefe0dc36be3db4cd44cf9fc244178b5c6e547ebacfd7f58656d3e58651,science_hte_campaign_6bf2df144d3d
1211,ord_dataset-7d8f5fd922d4497d91cb81489b052746:ord-cdabc54bdc89442b83536b42acc828b3,ord_dataset-7d8f5fd922d4497d91cb81489b052746,1164,99067024327342f4d2dbc2cef74812ac809975b9d10c10bf74ee2a300cd1ac7f,science_hte_campaign_6bf2df144d3d
1212,ord_dataset-7d8f5fd922d4497d91cb81489b052746:ord-ce153e5a47294d88a15cd4731a8ab206,ord_dataset-7d8f5fd922d4497d91cb81489b052746,564,1e7df4ab61089a1eff3580091bf9c72ae644978bac55d575be1a1555aeb6d806,science_hte_campaign_283f403f90e1
1213,ord_dataset-7d8f5fd922d4497d91cb81489b052746:ord-ce1b1032e6964f35b5ed7b25e451ee6c,ord_dataset-7d8f5fd922d4497d91cb81489b052746,497,6f5a612ec4b1caf2b80ced70a88a95194cdd3a5b3b8ed9f1845e28ef19637989,science_hte_campaign_283f403f90e1
1214,ord_dataset-7d8f5fd922d4497d91cb81489b052746:ord-ce3cf742416244418e2992051a12c76a,ord_dataset-7d8f5fd922d4497d91cb81489b052746,1029,141efb4f89def1c9f0849b86e44244a2f1f05a6e90d83c283c3d8b9894fcb6c9,science_hte_campaign_a04d9653a525
1215,ord_dataset-7d8f5fd922d4497d91cb81489b052746:ord-ce612378d5cf4bbea480d81ded430caa,ord_dataset-7d8f5fd922d4497d91cb81489b052746,617,fb7f21607e4f80dd70f7087395a6914ab3392073af3a71f61def1ff87a660d56,science_hte_campaign_3f02a74dbb14
1216,ord_dataset-7d8f5fd922d4497d91cb81489b052746:ord-ce64a1dfbb6445e28707038f80823453,ord_dataset-7d8f5fd922d4497d91cb81489b052746,817,3973c3200bf4a4c32964d22cbf8571c85306b7e1110ff16ee899279df856d988,science_hte_campaign_97b28884900c
1217,ord_dataset-7d8f5fd922d4497d91cb81489b052746:ord-ce67fb80d73a4151b53dcc048efaeba5,ord_dataset-7d8f5fd922d4497d91cb81489b052746,162,d2b2eb66f306de58707fe6a7eaae9b6a6b204df1ea274af1fe4b913823723636,science_hte_campaign_c99fb883b4d8
1218,ord_dataset-7d8f5fd922d4497d91cb81489b052746:ord-ce7f4aa09a864abd88e09406003da7ef,ord_dataset-7d8f5fd922d4497d91cb81489b052746,1231,aab5915831d3c4f5b61602294c9621c38fa6dd1919bb06c498bea3a8d45a5bbf,science_hte_campaign_6bf2df144d3d
1219,ord_dataset-7d8f5fd922d4497d91cb81489b052746:ord-ce9521caecca42d9ade74cbea3ee1576,ord_dataset-7d8f5fd922d4497d91cb81489b052746,125,c664b6ca3540bba4a6e19c27478e2a48f41efad7306dab5fac73f8fb00ef1b2f,science_hte_campaign_c99fb883b4d8
1220,ord_dataset-7d8f5fd922d4497d91cb81489b052746:ord-cf10267a8f56454aaafd76f422916004,ord_dataset-7d8f5fd922d4497d91cb81489b052746,139,d8b2f2e67a307873275faa921e00b59738ddd7dba2c29df85695dfe5e35d8f96,science_hte_campaign_c99fb883b4d8
1221,ord_dataset-7d8f5fd922d4497d91cb81489b052746:ord-cf63d9e8e12c46a9879eaf3d693332d3,ord_dataset-7d8f5fd922d4497d91cb81489b052746,1030,ec2884b2e1633029125555a2fea7fbc1b96a14d5e314f670e08a54683a929072,science_hte_campaign_a04d9653a525
1222,ord_dataset-7d8f5fd922d4497d91cb81489b052746:ord-cf6b08be1a6b41dc971a0c4e3b1b280d,ord_dataset-7d8f5fd922d4497d91cb81489b052746,999,69a40079bf931d7589c0b4e954114b4032c38eef8255d28a56e37d5da203743b,science_hte_campaign_a04d9653a525
1223,ord_dataset-7d8f5fd922d4497d91cb81489b052746:ord-cfaac11b776349978ed6480b0f01e404,ord_dataset-7d8f5fd922d4497d91cb81489b052746,1439,6537ce71fd3995509c4e6c713a69708259b524a985ac42eff5ab34ccfecceabf,science_hte_campaign_4dcfd4b46ebc
1224,ord_dataset-7d8f5fd922d4497d91cb81489b052746:ord-cfd3de40a58a45dab48dec581e0f6507,ord_dataset-7d8f5fd922d4497d91cb81489b052746,215,42653e73ac8f2af9c1f9ad02ebe16a2c5a7836cd9ffa9e79e20a61b05ab6ad79,science_hte_campaign_f324e61c5fa2
1225,ord_dataset-7d8f5fd922d4497d91cb81489b052746:ord-d02ca59511a042f1b18fb6e661032efa,ord_dataset-7d8f5fd922d4497d91cb81489b052746,1260,d265a399c80630d1e0ff1ee7082339a882fe45a213553d246b6f4599f583145b,science_hte_campaign_62bdfe294f99
1226,ord_dataset-7d8f5fd922d4497d91cb81489b052746:ord-d0befa5b80bf4d67966e3eb4468ce517,ord_dataset-7d8f5fd922d4497d91cb81489b052746,733,3390a0892b9e279fad33fc3d0a02784f452de118dbc411f903e2e862b9a1da5d,science_hte_campaign_5dd9abf370cb
1227,ord_dataset-7d8f5fd922d4497d91cb81489b052746:ord-d128d01cf886425a909d0a0de16a2d4f,ord_dataset-7d8f5fd922d4497d91cb81489b052746,1184,0d6a8ef0f6c989e8e99bca3276d0eb92070689552413ef53c4fdae6ab3656d2a,science_hte_campaign_6bf2df144d3d
1228,ord_dataset-7d8f5fd922d4497d91cb81489b052746:ord-d15abc6e1e7a43e09ea45f000d8c5ddf,ord_dataset-7d8f5fd922d4497d91cb81489b052746,1315,69189f0aedd37d364aa855a9f38f4758f11d73c6f99c32b8723b4e9ed8d03686,science_hte_campaign_62bdfe294f99
1229,ord_dataset-7d8f5fd922d4497d91cb81489b052746:ord-d1804077f951462d921a67fc45e4259b,ord_dataset-7d8f5fd922d4497d91cb81489b052746,725,bceb77076551bff12e18871c907f18d5ccf50334ff575160199465ff8bf6642c,science_hte_campaign_5dd9abf370cb
1230,ord_dataset-7d8f5fd922d4497d91cb81489b052746:ord-d1b6904e4c2b4545a6f99811e0ddf9b7,ord_dataset-7d8f5fd922d4497d91cb81489b052746,199,a470081e876f327a84618181fa76c0f5bb1ac8a2fc49dcf368c319d84fa74bb5,science_hte_campaign_f324e61c5fa2
1231,ord_dataset-7d8f5fd922d4497d91cb81489b052746:ord-d211be480b9946e99872da216ca862dc,ord_dataset-7d8f5fd922d4497d91cb81489b052746,440,93ce7ff4ef32d4d9fb26e10f40b69f98020eda06980d986ea29cb84534acecef,science_hte_campaign_aeefa100ca4f
1232,ord_dataset-7d8f5fd922d4497d91cb81489b052746:ord-d21af424ae9447e88899579fa071466b,ord_dataset-7d8f5fd922d4497d91cb81489b052746,1379,c96d720c1605e1858aaade2b69c53a71de15d2d3d2ea09ecdfbae7c868863853,science_hte_campaign_4dcfd4b46ebc
1233,ord_dataset-7d8f5fd922d4497d91cb81489b052746:ord-d2392a0e8bd04ebb864c8e8401338511,ord_dataset-7d8f5fd922d4497d91cb81489b052746,769,b157bf61a12070bff13ca7fa822d54cb2506369720d87ddb7ced3d0b479b2417,science_hte_campaign_97b28884900c
1234,ord_dataset-7d8f5fd922d4497d91cb81489b052746:ord-d245c84e855b4145a294176db5da8787,ord_dataset-7d8f5fd922d4497d91cb81489b052746,939,735eac0e1ff9b6f444848c7f3bd13803f82d1788d05215b254c8fbbd6b60b77c,science_hte_campaign_d8d10c924377
1235,ord_dataset-7d8f5fd922d4497d91cb81489b052746:ord-d24602b623eb4bd987f0f1119629c535,ord_dataset-7d8f5fd922d4497d91cb81489b052746,1476,3c42abcaddcad7b93d537b75eb5e008c2b70a2d6e445904c53e00b1643cc81dd,science_hte_campaign_ca267bf88824
1236,ord_dataset-7d8f5fd922d4497d91cb81489b052746:ord-d283f5bcec5745c4b998fd5a9fef4401,ord_dataset-7d8f5fd922d4497d91cb81489b052746,912,3147b0789da143003efb387f491c26ef63e11610da528c8ca45543654a2b2a50,science_hte_campaign_d8d10c924377
1237,ord_dataset-7d8f5fd922d4497d91cb81489b052746:ord-d29307529d124e6cbf73516b6de12a37,ord_dataset-7d8f5fd922d4497d91cb81489b052746,1019,042f9ee24fea2d08818d9425cfaddbbff996cff1baf95855716322cba84505a7,science_hte_campaign_a04d9653a525
1238,ord_dataset-7d8f5fd922d4497d91cb81489b052746:ord-d2af840b79c44322874cad1de296b7e7,ord_dataset-7d8f5fd922d4497d91cb81489b052746,1489,e2c3d60aca083a7e64d399d11d8db13764cb35f286d2cdce285024b84e47c5dd,science_hte_campaign_ca267bf88824
1239,ord_dataset-7d8f5fd922d4497d91cb81489b052746:ord-d2c09cac379c46499d35e1cad056b8aa,ord_dataset-7d8f5fd922d4497d91cb81489b052746,1522,a3ffafcf732fd915ab43667b8dca9b8cd1ebcc81456422919325658126c219da,science_hte_campaign_ca267bf88824
1240,ord_dataset-7d8f5fd922d4497d91cb81489b052746:ord-d306a8a2edb04ac98223f58d5d7b2c87,ord_dataset-7d8f5fd922d4497d91cb81489b052746,461,06076e905aa69c416e4e8c51d6bca59f5ad3e91bc35ff111ef73d59b3d206bed,science_hte_campaign_aeefa100ca4f
1241,ord_dataset-7d8f5fd922d4497d91cb81489b052746:ord-d3085c117c734fcfb21a3254c187895c,ord_dataset-7d8f5fd922d4497d91cb81489b052746,663,4ee439667ab9c4bfcb24bcbdaa57fc5ae3808140407165214684d9970a1d89db,science_hte_campaign_3f02a74dbb14
1242,ord_dataset-7d8f5fd922d4497d91cb81489b052746:ord-d36ed7cb5eea4fd68a924a43717412fe,ord_dataset-7d8f5fd922d4497d91cb81489b052746,716,e7465e09218fbdeaf1690539761cd038c1d3c43b3ee2a02371a1fd34f21340bf,science_hte_campaign_5dd9abf370cb
1243,ord_dataset-7d8f5fd922d4497d91cb81489b052746:ord-d37a447da0384940804e13ab7aac0ea1,ord_dataset-7d8f5fd922d4497d91cb81489b052746,806,00c717cb8392129d3a21df8a13bec7c756d2c7ea1a5c6fdd9385cb48927af969,science_hte_campaign_97b28884900c
1244,ord_dataset-7d8f5fd922d4497d91cb81489b052746:ord-d3acd024ceb642d4bcef9349d3e609aa,ord_dataset-7d8f5fd922d4497d91cb81489b052746,969,eab1bd624476b6df8b11ee82185403f64f86d0952650b89f46adae64f75ee260,science_hte_campaign_a04d9653a525
1245,ord_dataset-7d8f5fd922d4497d91cb81489b052746:ord-d3b7e6cebbfc46bbb9cf9ac74aad733b,ord_dataset-7d8f5fd922d4497d91cb81489b052746,491,ab119fa028cf29c6c8d0e4850e5a743be58475dc3b1167b5d7709a0000a0d271,science_hte_campaign_283f403f90e1
1246,ord_dataset-7d8f5fd922d4497d91cb81489b052746:ord-d3ff90104be447189ae4f8d0b91b3dd6,ord_dataset-7d8f5fd922d4497d91cb81489b052746,678,e84a201d70186647d89362909f007109f3efbfb02df7b6a6e1798a48143f0419,science_hte_campaign_5dd9abf370cb
1247,ord_dataset-7d8f5fd922d4497d91cb81489b052746:ord-d4283fa79f2949a886b8138999a01edc,ord_dataset-7d8f5fd922d4497d91cb81489b052746,96,6df7bea36a5badb4e63e010c33e41fb3b4a88a20d78d6894655c944265b395ab,science_hte_campaign_c99fb883b4d8
1248,ord_dataset-7d8f5fd922d4497d91cb81489b052746:ord-d44cb2abfc4843a69bbb1fbb34bcd145,ord_dataset-7d8f5fd922d4497d91cb81489b052746,484,3f550d294d9c6602cd9ba19722ee2211b972fb636624f6f193f8d453c04a0443,science_hte_campaign_283f403f90e1
1249,ord_dataset-7d8f5fd922d4497d91cb81489b052746:ord-d4822aa792074c6382dec9c0aaacbccb,ord_dataset-7d8f5fd922d4497d91cb81489b052746,200,5b4dba7ca53e9b2b38b29c99bea8505d92850c9762314fd3f073c0d69e044959,science_hte_campaign_f324e61c5fa2
1250,ord_dataset-7d8f5fd922d4497d91cb81489b052746:ord-d493556cb2fb4637b2556a8bfd2b8ef4,ord_dataset-7d8f5fd922d4497d91cb81489b052746,684,49cc833827ac9bb43b6b9fad078e977ed4f4b88170c18ad0d85f35f5fe15d2e8,science_hte_campaign_5dd9abf370cb
1251,ord_dataset-7d8f5fd922d4497d91cb81489b052746:ord-d49830e773bb4b05a2be761752828aab,ord_dataset-7d8f5fd922d4497d91cb81489b052746,464,c1c52fdb3bbccc4d0a81df1b289b52bb23e124259560899ca0fec7b29fc6d9ac,science_hte_campaign_aeefa100ca4f
1252,ord_dataset-7d8f5fd922d4497d91cb81489b052746:ord-d499579332db462fb977c25c53610cff,ord_dataset-7d8f5fd922d4497d91cb81489b052746,107,f267cb47ba2d233e620042d3efc3e27b9f82c3cd7359989d6383f0ad1658fdc5,science_hte_campaign_c99fb883b4d8
1253,ord_dataset-7d8f5fd922d4497d91cb81489b052746:ord-d4d3254013684be089458138ee4fde4b,ord_dataset-7d8f5fd922d4497d91cb81489b052746,433,6de86b039158eb693b7c959574a3fb868b5911d68885acae6a78f0d8c07ffa48,science_hte_campaign_aeefa100ca4f
1254,ord_dataset-7d8f5fd922d4497d91cb81489b052746:ord-d4d96c2e06f844ee89b193ceca98c9c8,ord_dataset-7d8f5fd922d4497d91cb81489b052746,818,1ef715f9a2fbdab922a15483e2a8a8b22ad24f90e12586d06a1cbca8c257689b,science_hte_campaign_97b28884900c
1255,ord_dataset-7d8f5fd922d4497d91cb81489b052746:ord-d50b3878efd441fc842a49d372f44466,ord_dataset-7d8f5fd922d4497d91cb81489b052746,676,6e3a0d688c1da6710b3bb74780bd24d6753f42435787a2948c88351d639afeeb,science_hte_campaign_5dd9abf370cb
1256,ord_dataset-7d8f5fd922d4497d91cb81489b052746:ord-d53dc0a831cb4d7c8a9111cddf3983e4,ord_dataset-7d8f5fd922d4497d91cb81489b052746,750,ae78b97dfedf882ea7a079a98128a9867826d6696fe6005fedac423e8ecb3f73,science_hte_campaign_5dd9abf370cb
1257,ord_dataset-7d8f5fd922d4497d91cb81489b052746:ord-d56aa28d367d4fbabdb11e89d60d0f8e,ord_dataset-7d8f5fd922d4497d91cb81489b052746,556,0904f2b82a824b7a6f0e58606e918f4ba6ba48d52b5480aa272222f2e2832442,science_hte_campaign_283f403f90e1
1258,ord_dataset-7d8f5fd922d4497d91cb81489b052746:ord-d5722bcca4b94339aa150dd070dfc014,ord_dataset-7d8f5fd922d4497d91cb81489b052746,227,a0de1645bccae0ce901b00a1cdf2bf0e8357cea7a67ec7ff52778d7946b0533b,science_hte_campaign_f324e61c5fa2
1259,ord_dataset-7d8f5fd922d4497d91cb81489b052746:ord-d58d7c8d4bb542d79157531b606443c7,ord_dataset-7d8f5fd922d4497d91cb81489b052746,1363,fd25f4b57e75b32899864b876da6b724c38366cf6236f8b93b8da41e21fe87ed,science_hte_campaign_4dcfd4b46ebc
1260,ord_dataset-7d8f5fd922d4497d91cb81489b052746:ord-d596372e0ce8488182b629cf31839f85,ord_dataset-7d8f5fd922d4497d91cb81489b052746,1199,940e46917fc5ac09513b9ad63b2858cd62c80e30dcf996f11230b9f251fdd50c,science_hte_campaign_6bf2df144d3d
1261,ord_dataset-7d8f5fd922d4497d91cb81489b052746:ord-d5a499a0271d45faab69402c97de13da,ord_dataset-7d8f5fd922d4497d91cb81489b052746,1446,fe6fb753c1a7923446071a2dfa6f94db92eeba96e8686e257c95931995ebbc01,science_hte_campaign_ca267bf88824
1262,ord_dataset-7d8f5fd922d4497d91cb81489b052746:ord-d5a5058db49246fbbf05824e43b5eaf6,ord_dataset-7d8f5fd922d4497d91cb81489b052746,571,8c8d8bbece5b20f77551b567a9b7527b4e4556ab905f7c8e56a2df1d7116fd35,science_hte_campaign_283f403f90e1
1263,ord_dataset-7d8f5fd922d4497d91cb81489b052746:ord-d5b7dc31c62d4607998bf021f9742a97,ord_dataset-7d8f5fd922d4497d91cb81489b052746,589,4f73f5aa104d6704a82214cbedc46529da799af124a454cc90cdfb7c51098344,science_hte_campaign_3f02a74dbb14
1264,ord_dataset-7d8f5fd922d4497d91cb81489b052746:ord-d60a6bcfa16143abaf02b4639fd9e8be,ord_dataset-7d8f5fd922d4497d91cb81489b052746,1047,e763cdb8bb2c58ffcec75ea0328f2c8cbe81bc5155b41f3b9f3db4a85905bfd4,science_hte_campaign_a04d9653a525
1265,ord_dataset-7d8f5fd922d4497d91cb81489b052746:ord-d60e4d8733f04e3a8f016cdbbec3acd7,ord_dataset-7d8f5fd922d4497d91cb81489b052746,454,ceee0e741ad289e2af2869cee0b04dbca30395498f960ef0d1c703e4e99a1949,science_hte_campaign_aeefa100ca4f
1266,ord_dataset-7d8f5fd922d4497d91cb81489b052746:ord-d6669c1f500e486dbd653b49dbfa2056,ord_dataset-7d8f5fd922d4497d91cb81489b052746,214,f8c03006ea42b22f34333cb5b2fd26246e3fbd73b2bf0f74764bea58bef5055c,science_hte_campaign_f324e61c5fa2
1267,ord_dataset-7d8f5fd922d4497d91cb81489b052746:ord-d72078551306446ea56ecea3cd7739a7,ord_dataset-7d8f5fd922d4497d91cb81489b052746,168,0ed655af46cd7683c6f815400031b233c59c4429e3d7a3ddefdd250e3b2cd5bf,science_hte_campaign_c99fb883b4d8
1268,ord_dataset-7d8f5fd922d4497d91cb81489b052746:ord-d735415254804197963e784a409e3c3e,ord_dataset-7d8f5fd922d4497d91cb81489b052746,243,eb0def1e55d23c6efecc865b600aef533219132dcc5584d50c50edf19d01ea6e,science_hte_campaign_f324e61c5fa2
1269,ord_dataset-7d8f5fd922d4497d91cb81489b052746:ord-d7b904b4a268413c9b362b74680f81fe,ord_dataset-7d8f5fd922d4497d91cb81489b052746,1148,b19fd7881cf21f3011c1a94d9cfc8fad05b20fce7c0972f8cfb7325aa85874ad,science_hte_campaign_2a3be0de5f5e
1270,ord_dataset-7d8f5fd922d4497d91cb81489b052746:ord-d7bc74a19d9b498c855dc93cc94938cc,ord_dataset-7d8f5fd922d4497d91cb81489b052746,854,afaba0a6f4770a6f611f2dbfe59f24972a43dfd73ea5b653356c8723da7d54c3,science_hte_campaign_97b28884900c
1271,ord_dataset-7d8f5fd922d4497d91cb81489b052746:ord-d7f26cf99eca44bb846f18e989d1c3d0,ord_dataset-7d8f5fd922d4497d91cb81489b052746,1248,1e817ccd66b5564bf3d0b500a58866c899ac23b7a1f2f8496e13abca80d94c44,science_hte_campaign_62bdfe294f99
1272,ord_dataset-7d8f5fd922d4497d91cb81489b052746:ord-d7f738a21c6c40779c10ce4f6accc552,ord_dataset-7d8f5fd922d4497d91cb81489b052746,853,144dc181c5e713a7a162d387f724e88a0ad70c7d31dba00c602ad846ed62275e,science_hte_campaign_97b28884900c
1273,ord_dataset-7d8f5fd922d4497d91cb81489b052746:ord-d824482d1ccf464e97392b55f4c13ab9,ord_dataset-7d8f5fd922d4497d91cb81489b052746,449,1ff8c4b7500df06eeabdbb6e4fc2c6075a4ae111e9982c5c1502f4a7daf852a7,science_hte_campaign_aeefa100ca4f
1274,ord_dataset-7d8f5fd922d4497d91cb81489b052746:ord-d84efa2d820f40889b23a2614378498c,ord_dataset-7d8f5fd922d4497d91cb81489b052746,335,ade02b96edeedddf0c2f6f29a6157fda59b7ddd423aceb8cd56418b861a1313d,science_hte_campaign_8510665e92be
1275,ord_dataset-7d8f5fd922d4497d91cb81489b052746:ord-d88222d9e7c44c2a9142e852ed5454dd,ord_dataset-7d8f5fd922d4497d91cb81489b052746,1339,f25a162ac5a8afd1320be4ecc3524eb2cbd31fcb27f8539bb8cb161761f45caa,science_hte_campaign_62bdfe294f99
1276,ord_dataset-7d8f5fd922d4497d91cb81489b052746:ord-d88fcae9f7b34e07a03a09f248bc3b16,ord_dataset-7d8f5fd922d4497d91cb81489b052746,486,6fe918ebd24e8319efa7de2b89218ecad5f82e9f591e8c31721af8197f903a42,science_hte_campaign_283f403f90e1
1277,ord_dataset-7d8f5fd922d4497d91cb81489b052746:ord-d8c4dad91b5f4b9f9a9035ce8ae54ef2,ord_dataset-7d8f5fd922d4497d91cb81489b052746,1159,1cbad29ced3cb780d57befbf289c615f60d7d81021fad6a88f5506fef9a1b54b,science_hte_campaign_6bf2df144d3d
1278,ord_dataset-7d8f5fd922d4497d91cb81489b052746:ord-d8f3e4ebfd4846fc9c3c965e81386820,ord_dataset-7d8f5fd922d4497d91cb81489b052746,1104,c4646af84e43128bb6967606d2562b46cf9ebc792cbcf7c509ba6e4bcc92a330,science_hte_campaign_2a3be0de5f5e
1279,ord_dataset-7d8f5fd922d4497d91cb81489b052746:ord-d9710d807aef46b7bc42020e6b32104e,ord_dataset-7d8f5fd922d4497d91cb81489b052746,266,6d3c6a9c8193baad1500ce87fbd641bde31009e2152bc213a35df5d694c4dc0f,science_hte_campaign_f324e61c5fa2
1280,ord_dataset-7d8f5fd922d4497d91cb81489b052746:ord-d976d23351ec49458d50e38f476b3955,ord_dataset-7d8f5fd922d4497d91cb81489b052746,156,b816af83a64f0d162f675f95347742fe666483e57513ccbe3337535639df8503,science_hte_campaign_c99fb883b4d8
1281,ord_dataset-7d8f5fd922d4497d91cb81489b052746:ord-d98bb08342ba402db792386af76bb0d9,ord_dataset-7d8f5fd922d4497d91cb81489b052746,1190,a4874a5daf9864b27958e8a38ff7ad53dc13d8ca4b885a1060da450b1de30c00,science_hte_campaign_6bf2df144d3d
1282,ord_dataset-7d8f5fd922d4497d91cb81489b052746:ord-d9cd7a3f34f04fe1aceec31c2182f2e7,ord_dataset-7d8f5fd922d4497d91cb81489b052746,1481,170812cb64ad6d2dd4a67365d7567f88e79d949ee61aa8df6f3e5ba0fed0056a,science_hte_campaign_ca267bf88824
1283,ord_dataset-7d8f5fd922d4497d91cb81489b052746:ord-da42c200830d4797ab615d232f4ea79e,ord_dataset-7d8f5fd922d4497d91cb81489b052746,563,6dc4a7130a917c0d2e520834d51c6213f0b04a24bb741c8d35f6ab69d09f12e3,science_hte_campaign_283f403f90e1
1284,ord_dataset-7d8f5fd922d4497d91cb81489b052746:ord-daa8814bfc8543df840453ddb442ced5,ord_dataset-7d8f5fd922d4497d91cb81489b052746,603,912a282b0766c41efbc78972c6901050a47118662cc61dc7661de0d117c78ae6,science_hte_campaign_3f02a74dbb14
1285,ord_dataset-7d8f5fd922d4497d91cb81489b052746:ord-daa8a2ac84ef4613a217d189b02e8e7e,ord_dataset-7d8f5fd922d4497d91cb81489b052746,288,360d1b93c81ffdd8e44df50d1b691af80b5b31a230a1153abacfdfbd904c1d92,science_hte_campaign_8510665e92be
1286,ord_dataset-7d8f5fd922d4497d91cb81489b052746:ord-dac40c36e9d84304be041b6a44b0d2f8,ord_dataset-7d8f5fd922d4497d91cb81489b052746,689,8ccbfa93f73cc64d6788c71729089bb6c7e2b42e0018d54a1add6e14d3a8af59,science_hte_campaign_5dd9abf370cb
1287,ord_dataset-7d8f5fd922d4497d91cb81489b052746:ord-daf4163147d24066ae7d078adb7d7a49,ord_dataset-7d8f5fd922d4497d91cb81489b052746,1293,0ff75e5be0a47c2a502f426dcbee91b8a8dc7ecf6f8aa12f0953717f1c08f3b3,science_hte_campaign_62bdfe294f99
1288,ord_dataset-7d8f5fd922d4497d91cb81489b052746:ord-dafb184b58154448ac8fdc24b0d13b8d,ord_dataset-7d8f5fd922d4497d91cb81489b052746,1098,9825dd9960df12e0ef2dd83c261e574fab978d1d8a36f6ac5d75d11a3f06439d,science_hte_campaign_2a3be0de5f5e
1289,ord_dataset-7d8f5fd922d4497d91cb81489b052746:ord-db154c2135344e8983f7adae23df1e30,ord_dataset-7d8f5fd922d4497d91cb81489b052746,1017,73a5b119a2941c8f726bdaa9e511a9deb1ee3ffb97864b8988c5fa84380e5ccc,science_hte_campaign_a04d9653a525
1290,ord_dataset-7d8f5fd922d4497d91cb81489b052746:ord-db99a9b6d4a44b51a0f8909082c68bac,ord_dataset-7d8f5fd922d4497d91cb81489b052746,273,e6667bdca287422f7fbf1fb03442c805ccd0b1d9084b5ca9e059eaa36bf67e42,science_hte_campaign_f324e61c5fa2
1291,ord_dataset-7d8f5fd922d4497d91cb81489b052746:ord-dbeafb0ffa0f409eb5d283f9df2ffbd1,ord_dataset-7d8f5fd922d4497d91cb81489b052746,533,05ab441993d8e46a6ff2141976804bb87a3a5fdfe92cbec8b24ed2ea340c707f,science_hte_campaign_283f403f90e1
1292,ord_dataset-7d8f5fd922d4497d91cb81489b052746:ord-dbfdb3d8a43144f2b77e12543cb502ac,ord_dataset-7d8f5fd922d4497d91cb81489b052746,232,834cb00e5bfa5f2ea53d657e85204ed36daeb2d552a711c76be6b6b87170a4e1,science_hte_campaign_f324e61c5fa2
1293,ord_dataset-7d8f5fd922d4497d91cb81489b052746:ord-dc17d5adb64147d3b713719ead020e91,ord_dataset-7d8f5fd922d4497d91cb81489b052746,1174,223ece59f2816a23e1d255933e6177c9b133cac01b903d55433f096c68063dba,science_hte_campaign_6bf2df144d3d
1294,ord_dataset-7d8f5fd922d4497d91cb81489b052746:ord-dc18f220092f4520b1639c9d1046d428,ord_dataset-7d8f5fd922d4497d91cb81489b052746,1472,6d7b9da942f880df8502ee9cedad2a86b3932ff5bb144f5a1333567d5ab1cddf,science_hte_campaign_ca267bf88824
1295,ord_dataset-7d8f5fd922d4497d91cb81489b052746:ord-dc5a69beb23643d88e445a83f7bbd5c1,ord_dataset-7d8f5fd922d4497d91cb81489b052746,84,10546d694e1cd017b922bb4f909d1f57ee9ed6d634f97b89e998c2276671c40c,science_hte_campaign_ac8fc337e171
1296,ord_dataset-7d8f5fd922d4497d91cb81489b052746:ord-dc807ce5d6dc46729518f8fe93918f85,ord_dataset-7d8f5fd922d4497d91cb81489b052746,258,b7d3f17e3fce4f2060873a16f5fc238f39e32fcd24629d187d633041a4f70579,science_hte_campaign_f324e61c5fa2
1297,ord_dataset-7d8f5fd922d4497d91cb81489b052746:ord-dc9a6340e42448e9be7e3e9af40f6ade,ord_dataset-7d8f5fd922d4497d91cb81489b052746,1374,7094e71d2e644dfc8ce5d1ccc287033f7b941c0c857cfb19303713ceb181b022,science_hte_campaign_4dcfd4b46ebc
1298,ord_dataset-7d8f5fd922d4497d91cb81489b052746:ord-dcbee61bf305493393da19d0e1d91d95,ord_dataset-7d8f5fd922d4497d91cb81489b052746,451,d3779b3ce16a7a275caa2d070e6aa2d300c1a0e603e7c7191d1240f87d0cff99,science_hte_campaign_aeefa100ca4f
1299,ord_dataset-7d8f5fd922d4497d91cb81489b052746:ord-dcc91dfa0e0c4e16917598eb0de427d2,ord_dataset-7d8f5fd922d4497d91cb81489b052746,358,5ae7f497dbbebd01c585337f399199ca99cdac8e31b50d372f340642c83649ea,science_hte_campaign_8510665e92be
1300,ord_dataset-7d8f5fd922d4497d91cb81489b052746:ord-dd2e7fe13f754cc0aac6440dbc004672,ord_dataset-7d8f5fd922d4497d91cb81489b052746,660,e16f521eed7b9ea9707943763cf00238341a0e14362679ceda2f3405ad55c247,science_hte_campaign_3f02a74dbb14
1301,ord_dataset-7d8f5fd922d4497d91cb81489b052746:ord-dd4ad3b2d5db4420bf235cb0a51a5550,ord_dataset-7d8f5fd922d4497d91cb81489b052746,524,5e98d4530259f2a9b58abafc70278b7b3e7567256d1fbc11cc08df9d7a77906f,science_hte_campaign_283f403f90e1
1302,ord_dataset-7d8f5fd922d4497d91cb81489b052746:ord-dd7b530c7b0049439c592df8b37b79e3,ord_dataset-7d8f5fd922d4497d91cb81489b052746,1154,fce362e66fe27e9847b961786aa65b2bd67208b9b8f82cb96c815f4e3f80eaeb,science_hte_campaign_6bf2df144d3d
1303,ord_dataset-7d8f5fd922d4497d91cb81489b052746:ord-dd938387bd8847b59b95401ff1f0dd19,ord_dataset-7d8f5fd922d4497d91cb81489b052746,252,133099be2eede141fc487808e079c0b4df3b605b35c2ce572d113173dc1ccd0b,science_hte_campaign_f324e61c5fa2
1304,ord_dataset-7d8f5fd922d4497d91cb81489b052746:ord-ddb20ab9b29c4df7b0acb8fe05ab3970,ord_dataset-7d8f5fd922d4497d91cb81489b052746,405,d6d68d9f7f5f9aabc042f03675b91e1968e3b58c2a14f96a650cbf40ce4a26ad,science_hte_campaign_aeefa100ca4f
1305,ord_dataset-7d8f5fd922d4497d91cb81489b052746:ord-ddda8c95d58b404ba61017314049cbc1,ord_dataset-7d8f5fd922d4497d91cb81489b052746,989,e8e55e032319069a714b39b420338df2309cf52be9752cfb5b49a7f37f96e1bf,science_hte_campaign_a04d9653a525
1306,ord_dataset-7d8f5fd922d4497d91cb81489b052746:ord-dde322c2bd4f4075951ebd92e16082df,ord_dataset-7d8f5fd922d4497d91cb81489b052746,1405,49889010b865608f04f32657a9907771d1f43c4ba5840ce557079e4f5ec6fede,science_hte_campaign_4dcfd4b46ebc
1307,ord_dataset-7d8f5fd922d4497d91cb81489b052746:ord-de8b469acce74f3fa6a94da4990b92c7,ord_dataset-7d8f5fd922d4497d91cb81489b052746,1342,79a157341aee1cf10cbc1a598b620bbe5588f812fc636962372bf6db95e97607,science_hte_campaign_62bdfe294f99
1308,ord_dataset-7d8f5fd922d4497d91cb81489b052746:ord-de8e21fff9714465ae9bc2c4e64ebe62,ord_dataset-7d8f5fd922d4497d91cb81489b052746,244,66f5b78c711a1d7f4e020627e1c394e2aa31b9d0c04786453c7cc6e1e7291120,science_hte_campaign_f324e61c5fa2
1309,ord_dataset-7d8f5fd922d4497d91cb81489b052746:ord-dec7671d6c8c44fa814760486983fbf6,ord_dataset-7d8f5fd922d4497d91cb81489b052746,795,ddce20453c34d887616b5f8d51105f4ffb6587431ef22afb11f5968c93e1a0cf,science_hte_campaign_97b28884900c
1310,ord_dataset-7d8f5fd922d4497d91cb81489b052746:ord-ded963ea62774921a7c58de5a4070dee,ord_dataset-7d8f5fd922d4497d91cb81489b052746,1261,a480dc91ce6529f2fbfcb715f709c0f9ee61a96e297ffa41d7f61b8a0bb27431,science_hte_campaign_62bdfe294f99
1311,ord_dataset-7d8f5fd922d4497d91cb81489b052746:ord-dedaf1f37a704de1ab3612ad64e2695e,ord_dataset-7d8f5fd922d4497d91cb81489b052746,447,b790a0aad7b4c05e7f0695dc74acf340d5bf6c6bd52f0b9b976b7079a25c51c3,science_hte_campaign_aeefa100ca4f
1312,ord_dataset-7d8f5fd922d4497d91cb81489b052746:ord-df550e8ba7f74893bdf3da69b9caf447,ord_dataset-7d8f5fd922d4497d91cb81489b052746,532,b982832fd73dadb1c7190b9dfe1625bd976419b711430bd48934b2b851d64022,science_hte_campaign_283f403f90e1
1313,ord_dataset-7d8f5fd922d4497d91cb81489b052746:ord-df7ef446bddf4e89896df7b08b6a4e16,ord_dataset-7d8f5fd922d4497d91cb81489b052746,1283,87f246a703bb8fa8d6cade9a2962bc6ec30736479ce711872c8dac218f272dbc,science_hte_campaign_62bdfe294f99
1314,ord_dataset-7d8f5fd922d4497d91cb81489b052746:ord-df95f6b6db574d74868f53dc78dece70,ord_dataset-7d8f5fd922d4497d91cb81489b052746,1523,519be069dc21520539adc0f60206c2a9ded06f5acca8fd67580d77e856a521ea,science_hte_campaign_ca267bf88824
1315,ord_dataset-7d8f5fd922d4497d91cb81489b052746:ord-dfa541ba3ae8476794ddf6e6c795ac62,ord_dataset-7d8f5fd922d4497d91cb81489b052746,576,407074a522043b67e5337322f0824b917b98002990d604a1fb04829d1ed2bbc5,science_hte_campaign_3f02a74dbb14
1316,ord_dataset-7d8f5fd922d4497d91cb81489b052746:ord-dfab6bf6915c487696531e9579403822,ord_dataset-7d8f5fd922d4497d91cb81489b052746,441,3e74602d9150dc129085b8bd9a1134837f274985fe1d13e2fb41eb743c468796,science_hte_campaign_aeefa100ca4f
1317,ord_dataset-7d8f5fd922d4497d91cb81489b052746:ord-dfac504df08b4537b31ca842771f8576,ord_dataset-7d8f5fd922d4497d91cb81489b052746,950,ce486a9fff6f66ec87d7f5122e20101302870b63766ef902b625e2129a5433be,science_hte_campaign_d8d10c924377
1318,ord_dataset-7d8f5fd922d4497d91cb81489b052746:ord-dfb0420e7d3f4579b5438c8a3b45c1bd,ord_dataset-7d8f5fd922d4497d91cb81489b052746,1158,cc0e41e6c5da77b83d27894acc77b1fa9a7ee78c9239a623589b3d6d66ad525e,science_hte_campaign_6bf2df144d3d
1319,ord_dataset-7d8f5fd922d4497d91cb81489b052746:ord-dfd9b8137d3e4a978eac93925655282b,ord_dataset-7d8f5fd922d4497d91cb81489b052746,1335,bfdfac05cb49ec7d56a8b017a2ae4b353f62d5c998e73aa4d8ebe5d10fcd759e,science_hte_campaign_62bdfe294f99
1320,ord_dataset-7d8f5fd922d4497d91cb81489b052746:ord-e064a860e5034703a0ff30802dba62e9,ord_dataset-7d8f5fd922d4497d91cb81489b052746,176,967a69fca38339d4d314e4fa7507d8b5bf61d765e8169ece2816da0177c3c1cd,science_hte_campaign_c99fb883b4d8
1321,ord_dataset-7d8f5fd922d4497d91cb81489b052746:ord-e09b7d8a6d4641c096115dd65c7c9747,ord_dataset-7d8f5fd922d4497d91cb81489b052746,1375,9aff172666d6ffbbcbc368c5817d2c8ed575b6f8bdba0cf467fd65d707e2c71d,science_hte_campaign_4dcfd4b46ebc
1322,ord_dataset-7d8f5fd922d4497d91cb81489b052746:ord-e0a521241caa4a77be5241d60cc5897d,ord_dataset-7d8f5fd922d4497d91cb81489b052746,777,16e8c78cdaa11c042b3b01b2684f09ad1528f043895759f9e6cc7640eb5b3e79,science_hte_campaign_97b28884900c
1323,ord_dataset-7d8f5fd922d4497d91cb81489b052746:ord-e0a66bc24b1f4f25b71753fc2d7011d9,ord_dataset-7d8f5fd922d4497d91cb81489b052746,664,23eda57dd267e8f9d587b722424606605ad0f7a5468038f9350394674f2c418c,science_hte_campaign_3f02a74dbb14
1324,ord_dataset-7d8f5fd922d4497d91cb81489b052746:ord-e0af6dd7b5774ddeb0a8eeef533c1457,ord_dataset-7d8f5fd922d4497d91cb81489b052746,312,2f155475fcb55bb3c30002bd8384853d7f4f16a259614ce3371ab73c2a913057,science_hte_campaign_8510665e92be
1325,ord_dataset-7d8f5fd922d4497d91cb81489b052746:ord-e0ccdb4960d54d89895427c7ad68703e,ord_dataset-7d8f5fd922d4497d91cb81489b052746,867,9d477ad5aad933d9de8474a3d49d672346738d62751ff339d93b6522d3427b63,science_hte_campaign_d8d10c924377
1326,ord_dataset-7d8f5fd922d4497d91cb81489b052746:ord-e0df1a7b5e324be399daff6004c9c4f7,ord_dataset-7d8f5fd922d4497d91cb81489b052746,1028,c3a1d301dad711aca039105372350c0705cf89637af204a221e0b7db901b3a3e,science_hte_campaign_a04d9653a525
1327,ord_dataset-7d8f5fd922d4497d91cb81489b052746:ord-e0f38fdef42b441f92072c1259797aeb,ord_dataset-7d8f5fd922d4497d91cb81489b052746,1088,38211d02b398bf8cb777c9d99ea0556ffe8fca39748ac5583f51655e1c9de146,science_hte_campaign_2a3be0de5f5e
1328,ord_dataset-7d8f5fd922d4497d91cb81489b052746:ord-e108fc3d2d084216b9b9f31a7038a521,ord_dataset-7d8f5fd922d4497d91cb81489b052746,1498,42cadd0e81ffcc2da0e18feb1f033caa6374a669126ea01c078ca67635270166,science_hte_campaign_ca267bf88824
1329,ord_dataset-7d8f5fd922d4497d91cb81489b052746:ord-e1478da0c76b417aab359fef008d0082,ord_dataset-7d8f5fd922d4497d91cb81489b052746,207,2dc656cc6de640f36d141a4cce21d601e8cfc9bea28e17b8dfa433487603660c,science_hte_campaign_f324e61c5fa2
1330,ord_dataset-7d8f5fd922d4497d91cb81489b052746:ord-e17eef49bee94811b09caba59ec7235d,ord_dataset-7d8f5fd922d4497d91cb81489b052746,820,ebc494f02d427dce297506a8b85bcbb6389cab61ec6934ddc43fe4ebe691e05c,science_hte_campaign_97b28884900c
1331,ord_dataset-7d8f5fd922d4497d91cb81489b052746:ord-e182bde494d946b78015f2828d196e61,ord_dataset-7d8f5fd922d4497d91cb81489b052746,388,da0a07639ed61aa3441d6646b060a761dc2d26c9b8f0dd4c2084902399bb2a17,science_hte_campaign_aeefa100ca4f
1332,ord_dataset-7d8f5fd922d4497d91cb81489b052746:ord-e1bf078d32d646989809e522ff27d62d,ord_dataset-7d8f5fd922d4497d91cb81489b052746,1025,c85f5b76e96511c43d450d431f510f0afb10ce4757eb37920362344cc9e581c3,science_hte_campaign_a04d9653a525
1333,ord_dataset-7d8f5fd922d4497d91cb81489b052746:ord-e1c912600bf5477cb3bc7bb4744dc2a3,ord_dataset-7d8f5fd922d4497d91cb81489b052746,1431,e6575032fbd0a23cdf0feec17384e63a68093373e200eb4f02f22ac3d1dc13c0,science_hte_campaign_4dcfd4b46ebc
1334,ord_dataset-7d8f5fd922d4497d91cb81489b052746:ord-e1ebd7c0843e46bcb6dd97a89e029d4b,ord_dataset-7d8f5fd922d4497d91cb81489b052746,1162,c8f5344c92be68349c7832642a480b972bd4e4f2df581d2fe4dba55deab8543e,science_hte_campaign_6bf2df144d3d
1335,ord_dataset-7d8f5fd922d4497d91cb81489b052746:ord-e1fa548d5e344b41aa2c2fa2dc1feb01,ord_dataset-7d8f5fd922d4497d91cb81489b052746,715,5ead26ebb95bd4f98d75a25e9edbea8ff8bb3b791eb4a78b2dcb44c2e89e5520,science_hte_campaign_5dd9abf370cb
1336,ord_dataset-7d8f5fd922d4497d91cb81489b052746:ord-e20dd682200d47e08a0f9cf2dcef2f04,ord_dataset-7d8f5fd922d4497d91cb81489b052746,1090,d43e50880da17d59d2633ea0c2ef659414f486c4ddf7cacce2900c5ebd25aae3,science_hte_campaign_2a3be0de5f5e
1337,ord_dataset-7d8f5fd922d4497d91cb81489b052746:ord-e239e49ad0414c31aeb2a1c8e964ff94,ord_dataset-7d8f5fd922d4497d91cb81489b052746,75,bacc20e5842aaca85ad3cd0015a1b56b3577b28eb623cb3b5d5f36b7feb085f5,science_hte_campaign_ac8fc337e171
1338,ord_dataset-7d8f5fd922d4497d91cb81489b052746:ord-e258adebc06c460b81d52fbc66f30777,ord_dataset-7d8f5fd922d4497d91cb81489b052746,325,b49c14278bd0311ff95c5170b47a7306455e1bdd1ac603fd12d3ccecfb7b8ee2,science_hte_campaign_8510665e92be
1339,ord_dataset-7d8f5fd922d4497d91cb81489b052746:ord-e26b0e23b49c4f6889905bebbe0da723,ord_dataset-7d8f5fd922d4497d91cb81489b052746,691,15eaa2a381a64ccbe7137fbb78e9f45ddee730fb373b814f14216912c00ef717,science_hte_campaign_5dd9abf370cb
1340,ord_dataset-7d8f5fd922d4497d91cb81489b052746:ord-e26bc98596bb4fd79263c4535edee688,ord_dataset-7d8f5fd922d4497d91cb81489b052746,574,cbcdfdd421568a7b9e17a972e77e06db4230025c3bb3f7f052ec16e38f87e92a,science_hte_campaign_283f403f90e1
1341,ord_dataset-7d8f5fd922d4497d91cb81489b052746:ord-e2b1a7afc24e4f9c96f0cfc6cd7e1c4e,ord_dataset-7d8f5fd922d4497d91cb81489b052746,1071,13fe32a33ed3caeecf06918318e86d6a250fd7ce001cd4ff1af36ca6515d5208,science_hte_campaign_2a3be0de5f5e
1342,ord_dataset-7d8f5fd922d4497d91cb81489b052746:ord-e2d2b3c072d8435bafe56ae55618b303,ord_dataset-7d8f5fd922d4497d91cb81489b052746,198,c47d6a09f99a2a444e219b08a3b6dcc81a3e4197d270aa0de9417c057c292177,science_hte_campaign_f324e61c5fa2
1343,ord_dataset-7d8f5fd922d4497d91cb81489b052746:ord-e3043ac4f95944029dbb9e51b9ae563d,ord_dataset-7d8f5fd922d4497d91cb81489b052746,591,a48278aacdf0f76a73213e677375015beb5a58abbf6fadba23a8dfb2b93785c0,science_hte_campaign_3f02a74dbb14
1344,ord_dataset-7d8f5fd922d4497d91cb81489b052746:ord-e30614e0f89a4fe0bfe8d7fe1c9eea40,ord_dataset-7d8f5fd922d4497d91cb81489b052746,368,5ddd4945751121bd03a26bae141fb13d7cd62ff1f0514f7687628b92dc7dd79c,science_hte_campaign_8510665e92be
1345,ord_dataset-7d8f5fd922d4497d91cb81489b052746:ord-e357f4507b87489aac03468264489b44,ord_dataset-7d8f5fd922d4497d91cb81489b052746,814,bada5bbd0b78175444219bd0138168dc2bd535a9726038f45e0e3f2c41e87501,science_hte_campaign_97b28884900c
1346,ord_dataset-7d8f5fd922d4497d91cb81489b052746:ord-e3ee99cabc764e6e91b2f11d43de7de2,ord_dataset-7d8f5fd922d4497d91cb81489b052746,1361,0232be072f69d4a19069ac945d61f0694d706fa75ad4e6ba005c64448f7d4d1d,science_hte_campaign_4dcfd4b46ebc
1347,ord_dataset-7d8f5fd922d4497d91cb81489b052746:ord-e40277a45c7948a1a3566fc1de15f7fd,ord_dataset-7d8f5fd922d4497d91cb81489b052746,961,1e0042599e34e6b12f60700bde02e20d13a83755aef7d60e592ad6ddee11a222,science_hte_campaign_a04d9653a525
1348,ord_dataset-7d8f5fd922d4497d91cb81489b052746:ord-e429b0d506c1413198a57ee9fa8303d8,ord_dataset-7d8f5fd922d4497d91cb81489b052746,1106,09ec21700f3599b1ccce109e8e8ac9189bfe38fabac2cd20a677c5e612d7342a,science_hte_campaign_2a3be0de5f5e
1349,ord_dataset-7d8f5fd922d4497d91cb81489b052746:ord-e44c222240ae49c282cc4d2397a34b6f,ord_dataset-7d8f5fd922d4497d91cb81489b052746,752,c7d5faa0aa57f6c5b68890fc76dd5b1da07edc2d3e913c187dc9e7c373a11f91,science_hte_campaign_5dd9abf370cb
1350,ord_dataset-7d8f5fd922d4497d91cb81489b052746:ord-e45806eca93243d6baf13188b7407ce6,ord_dataset-7d8f5fd922d4497d91cb81489b052746,960,fc903b9f1ab28fcc302496234a096703bdb7f8d5070134483c603c97909fc1c4,science_hte_campaign_a04d9653a525
1351,ord_dataset-7d8f5fd922d4497d91cb81489b052746:ord-e47ecfd28fec4496b4881271b3a7e88b,ord_dataset-7d8f5fd922d4497d91cb81489b052746,535,d17a8dce8c558621e8f8f670a4b7fd0dc8a1d26f0334f7ba13ec4dbcf8b86b9a,science_hte_campaign_283f403f90e1
1352,ord_dataset-7d8f5fd922d4497d91cb81489b052746:ord-e4820499e8e04d55818f89ffaf61f094,ord_dataset-7d8f5fd922d4497d91cb81489b052746,364,0da3306ae21a17718eef79498182ff91d0b7137ee99d045cf2888c8ea95031ac,science_hte_campaign_8510665e92be
1353,ord_dataset-7d8f5fd922d4497d91cb81489b052746:ord-e507ad24a1414ec0b0ea15fa581cdc7b,ord_dataset-7d8f5fd922d4497d91cb81489b052746,384,784c5b6aa0843a4078f3da7e5e68a0c228ad6bfdf0e5d6f02008549e658d5a3a,science_hte_campaign_aeefa100ca4f
1354,ord_dataset-7d8f5fd922d4497d91cb81489b052746:ord-e519458235a94fcd9427a29408bcdaf1,ord_dataset-7d8f5fd922d4497d91cb81489b052746,1295,023c1477a3d8273e0dcdf0b400d3ebd5b7e81e30d8ff33d918f83e43f76d830a,science_hte_campaign_62bdfe294f99
1355,ord_dataset-7d8f5fd922d4497d91cb81489b052746:ord-e5211987602c413bb90738d2d2de0572,ord_dataset-7d8f5fd922d4497d91cb81489b052746,330,c6c8d1bbf8ca0ec563f94257fde82f3de166580827b6d9da119d0508dc16c168,science_hte_campaign_8510665e92be
1356,ord_dataset-7d8f5fd922d4497d91cb81489b052746:ord-e5247d2d4b514f93bccb99ea18fba4d3,ord_dataset-7d8f5fd922d4497d91cb81489b052746,80,4236855ac7e17501f828aa39b4745b6db040cb46b7dfee74c6edf19ab2c82f4f,science_hte_campaign_ac8fc337e171
1357,ord_dataset-7d8f5fd922d4497d91cb81489b052746:ord-e527f5de83374b62a46e9fa002958558,ord_dataset-7d8f5fd922d4497d91cb81489b052746,901,1bff2d7d1316c2299199dd4a05cf79c29cc25b021cef233cd74486fea13c9540,science_hte_campaign_d8d10c924377
1358,ord_dataset-7d8f5fd922d4497d91cb81489b052746:ord-e5339979bcac4cfb9d972728cc24e041,ord_dataset-7d8f5fd922d4497d91cb81489b052746,1055,27c25325c1f569b637617a9bc39dd7e11e3e71e9dbc8cd41d40c611956d9e84e,science_hte_campaign_a04d9653a525
1359,ord_dataset-7d8f5fd922d4497d91cb81489b052746:ord-e5360756480f41f8ba955d294b467074,ord_dataset-7d8f5fd922d4497d91cb81489b052746,539,4a263e2d0a868c1a89ce91ad8204b051573e2b407fa39704acbb6cd7f2fa5c9d,science_hte_campaign_283f403f90e1
1360,ord_dataset-7d8f5fd922d4497d91cb81489b052746:ord-e57d780ec5d34f91a01a80d6cd04d065,ord_dataset-7d8f5fd922d4497d91cb81489b052746,356,1fb0417d237d0e5cc6e2900ad36b8c2d3a08d904d98bf1ebf38517066d04ae20,science_hte_campaign_8510665e92be
1361,ord_dataset-7d8f5fd922d4497d91cb81489b052746:ord-e5e9d2ee98654b229e8438b74ab590be,ord_dataset-7d8f5fd922d4497d91cb81489b052746,1251,6b6f7cb74dd9d4a1bbf60b7241a23290b18a4a5a85955ca319325f3c4a7dde31,science_hte_campaign_62bdfe294f99
1362,ord_dataset-7d8f5fd922d4497d91cb81489b052746:ord-e63e39fbce6345019750380a4bd2523a,ord_dataset-7d8f5fd922d4497d91cb81489b052746,1118,a3b9c7e93e387ec5fb8fedb1105a1735e4cd80afeab501b4754c89c1f6f0fe1d,science_hte_campaign_2a3be0de5f5e
1363,ord_dataset-7d8f5fd922d4497d91cb81489b052746:ord-e64a18c75c484119bcd9e660c29211b0,ord_dataset-7d8f5fd922d4497d91cb81489b052746,1365,1cc2a5d3cb8056bf27692243f97f2431f9039e1854f383108676d9f7d5fcc819,science_hte_campaign_4dcfd4b46ebc
1364,ord_dataset-7d8f5fd922d4497d91cb81489b052746:ord-e65b0244e7c440358af616ae72c49592,ord_dataset-7d8f5fd922d4497d91cb81489b052746,1094,a74d23146500996f2d2e5dda82cf80c8c9f3615e285319c35dfce808154ba799,science_hte_campaign_2a3be0de5f5e
1365,ord_dataset-7d8f5fd922d4497d91cb81489b052746:ord-e6787b43f3af4d88acb3ac4fd1770729,ord_dataset-7d8f5fd922d4497d91cb81489b052746,82,8e2aac19afe6b4a95ec66f49f2961e959b3d0b2850990471f2092bc636374d81,science_hte_campaign_ac8fc337e171
1366,ord_dataset-7d8f5fd922d4497d91cb81489b052746:ord-e678e4c5832d4d17a06d19713b41b89b,ord_dataset-7d8f5fd922d4497d91cb81489b052746,954,f0ba8d3f2b53e229958b3e2d06f8d38e99e7254c809e506a3db9b3f168534c3d,science_hte_campaign_d8d10c924377
1367,ord_dataset-7d8f5fd922d4497d91cb81489b052746:ord-e6ac3da645c44615bee4f8d08cf51411,ord_dataset-7d8f5fd922d4497d91cb81489b052746,645,3f6f6e0de76a664523865f6016e40f1d3d07513c3ca1bed54cccd2d4e6d1049f,science_hte_campaign_3f02a74dbb14
1368,ord_dataset-7d8f5fd922d4497d91cb81489b052746:ord-e6dde2028fda40dd8e4cdcff33bead71,ord_dataset-7d8f5fd922d4497d91cb81489b052746,1394,9204604e4f3d21b93c1d0374bcddb160dbf0b3611d74c1ed729aa8000f495036,science_hte_campaign_4dcfd4b46ebc
1369,ord_dataset-7d8f5fd922d4497d91cb81489b052746:ord-e6e058aaf8124dc09ab98e967079da12,ord_dataset-7d8f5fd922d4497d91cb81489b052746,1298,e8276bd792fa4f28ff52c47c25acfb86b3918dcdab446125a6b0aa5e393e1fab,science_hte_campaign_62bdfe294f99
1370,ord_dataset-7d8f5fd922d4497d91cb81489b052746:ord-e6eab0551bac4be688599012d90eaa46,ord_dataset-7d8f5fd922d4497d91cb81489b052746,1371,9a279c7c531536ea28b4eed5485d3a59caa304dc0b791aef9813bdda5fe29940,science_hte_campaign_4dcfd4b46ebc
1371,ord_dataset-7d8f5fd922d4497d91cb81489b052746:ord-e6f889f8431c4443b86b484c6270f77d,ord_dataset-7d8f5fd922d4497d91cb81489b052746,596,6c8d2671638a0069cd2e8c1b109ba83f43b04b4eb4a49862d365adf8404cf2c6,science_hte_campaign_3f02a74dbb14
1372,ord_dataset-7d8f5fd922d4497d91cb81489b052746:ord-e6ffb76ba94344f79a200e50b90ad1f1,ord_dataset-7d8f5fd922d4497d91cb81489b052746,514,5014e1118479bd1ffc9a8d773ba44f44ed79e9e9308aa28ac899a3a9a3345e7e,science_hte_campaign_283f403f90e1
1373,ord_dataset-7d8f5fd922d4497d91cb81489b052746:ord-e71d7acd24024bd296ca070bcac82101,ord_dataset-7d8f5fd922d4497d91cb81489b052746,99,f4410d35404c87c49d915d8030759e81e2aad385cc91cedac42e7414b34534a1,science_hte_campaign_c99fb883b4d8
1374,ord_dataset-7d8f5fd922d4497d91cb81489b052746:ord-e72a510a0c8f450bac29c6f6bba43cca,ord_dataset-7d8f5fd922d4497d91cb81489b052746,355,065d5afbabdfbabd38ed120ed3e4546763a6adb3c7ab332b1e6f698a5d49ffd8,science_hte_campaign_8510665e92be
1375,ord_dataset-7d8f5fd922d4497d91cb81489b052746:ord-e72a8ebcc34c4ccfabe8efe8500c5741,ord_dataset-7d8f5fd922d4497d91cb81489b052746,363,20ef9037d929d4b6ad6dac235493906618ce47be509c0389032a5d9015edfbbb,science_hte_campaign_8510665e92be
1376,ord_dataset-7d8f5fd922d4497d91cb81489b052746:ord-e72acb25272c404f91c2b82c0e401c50,ord_dataset-7d8f5fd922d4497d91cb81489b052746,1468,7612cc93b7074944725d9a5bd892a7920e530bdf166ac2a081f5ff7be2b61e8f,science_hte_campaign_ca267bf88824
1377,ord_dataset-7d8f5fd922d4497d91cb81489b052746:ord-e7312f77d2d940a1a732552831d23a4a,ord_dataset-7d8f5fd922d4497d91cb81489b052746,194,878f123a3399f52c6bb380a89def58821871ad14eccbeea0cf2cb35c31438d98,science_hte_campaign_f324e61c5fa2
1378,ord_dataset-7d8f5fd922d4497d91cb81489b052746:ord-e764316f35d74d81809a112c2986e2e1,ord_dataset-7d8f5fd922d4497d91cb81489b052746,507,fc96129377cc6146cd90e61a19097af753346035d4a1b3e923e21d67041aa668,science_hte_campaign_283f403f90e1
1379,ord_dataset-7d8f5fd922d4497d91cb81489b052746:ord-e76c6e3980074ddea00e819c4a2b9428,ord_dataset-7d8f5fd922d4497d91cb81489b052746,976,0999441c9759ef891fddda6012171789fa75042ad45488f8dd9f8cf9ef7311d3,science_hte_campaign_a04d9653a525
1380,ord_dataset-7d8f5fd922d4497d91cb81489b052746:ord-e784f9fb500244faa5393c946473da58,ord_dataset-7d8f5fd922d4497d91cb81489b052746,517,db67b09703ea28bd93b824af1b553ac02ddda8cd078c6a8fd6d653ef2bfdab4c,science_hte_campaign_283f403f90e1
1381,ord_dataset-7d8f5fd922d4497d91cb81489b052746:ord-e789fe65d4a64e52924f2bc0f4d238ea,ord_dataset-7d8f5fd922d4497d91cb81489b052746,323,dd8d756cc8d7786edfd1ac494c968daed95993fca2c4ca0c7e3ef09c28f199e2,science_hte_campaign_8510665e92be
1382,ord_dataset-7d8f5fd922d4497d91cb81489b052746:ord-e796b882bdfb4ceda0892e813e3c11ba,ord_dataset-7d8f5fd922d4497d91cb81489b052746,998,6420f6b5e6533dbf5f38d2d4c44775599c560bfc9322ca6053d7a3a0beaab6a6,science_hte_campaign_a04d9653a525
1383,ord_dataset-7d8f5fd922d4497d91cb81489b052746:ord-e7f477dc92dd4a1e92363756f604dde0,ord_dataset-7d8f5fd922d4497d91cb81489b052746,1255,a96d82b9fa2e45c1b5c5d6de4b976d8945e6583f6638f84d7bbbdcee6b35cbee,science_hte_campaign_62bdfe294f99
1384,ord_dataset-7d8f5fd922d4497d91cb81489b052746:ord-e85a225e7b214611a4687a18123d3fc0,ord_dataset-7d8f5fd922d4497d91cb81489b052746,304,f04070e616c809d2b1ab576469ecae43ff66429372628939780a9ad8ee6a58e2,science_hte_campaign_8510665e92be
1385,ord_dataset-7d8f5fd922d4497d91cb81489b052746:ord-e8c57b0783f64b079cc4819f2cc730fb,ord_dataset-7d8f5fd922d4497d91cb81489b052746,562,16290eae2e4bdf43f001375df151f00b8727d6066a77c2b06ca9c70ad80167d8,science_hte_campaign_283f403f90e1
1386,ord_dataset-7d8f5fd922d4497d91cb81489b052746:ord-e8fef2ec48134722865f37dc1ce701d7,ord_dataset-7d8f5fd922d4497d91cb81489b052746,1226,23d5add859de6d88e11f226715bac9ec159e6be2d6bc3675b0e443ee325572f2,science_hte_campaign_6bf2df144d3d
1387,ord_dataset-7d8f5fd922d4497d91cb81489b052746:ord-e90c4d1c2b2346eda13430dd3a88fd6c,ord_dataset-7d8f5fd922d4497d91cb81489b052746,377,c49cb99b3b084778393809e5c8f01bd786a4b04a4b1007321c29beb068248a00,science_hte_campaign_8510665e92be
1388,ord_dataset-7d8f5fd922d4497d91cb81489b052746:ord-e93bc4e81ef94400bb95e5bef3455ffe,ord_dataset-7d8f5fd922d4497d91cb81489b052746,699,9947eca410cf5954757b5ee62f27ecc10f14c4c98313323b53efe3b4f1df1a7b,science_hte_campaign_5dd9abf370cb
1389,ord_dataset-7d8f5fd922d4497d91cb81489b052746:ord-e94628b8ec2c4615960af845a3ed1dac,ord_dataset-7d8f5fd922d4497d91cb81489b052746,990,1a3076b1e370b6c443f7705efc5e370495da9036bdbbca8fae5a922434dc0e64,science_hte_campaign_a04d9653a525
1390,ord_dataset-7d8f5fd922d4497d91cb81489b052746:ord-e98ba52d61a84885bc65b324779d7297,ord_dataset-7d8f5fd922d4497d91cb81489b052746,585,a50864f6f700340cc861ebdbc2dee14abe345f4b7ead5be54ebc466350de72a5,science_hte_campaign_3f02a74dbb14
1391,ord_dataset-7d8f5fd922d4497d91cb81489b052746:ord-e9a76939dcb44a3db27ef4ba6aa30da9,ord_dataset-7d8f5fd922d4497d91cb81489b052746,649,68a473ac5ae64e0aa468463686000c66e381212b01977d6416a1082ea344bed3,science_hte_campaign_3f02a74dbb14
1392,ord_dataset-7d8f5fd922d4497d91cb81489b052746:ord-e9c68928237b4020bf7fd35c4c89af18,ord_dataset-7d8f5fd922d4497d91cb81489b052746,71,00224ebe4e18955bb60139e99187e101eb73ddca0845917ee325f365a667d7b0,science_hte_campaign_ac8fc337e171
1393,ord_dataset-7d8f5fd922d4497d91cb81489b052746:ord-e9eb871c2dda4ef9a875402a49572c3c,ord_dataset-7d8f5fd922d4497d91cb81489b052746,1490,e52b496eb03641879c627aff835c8743c51ea159020a39e4623e8e9965257bb4,science_hte_campaign_ca267bf88824
1394,ord_dataset-7d8f5fd922d4497d91cb81489b052746:ord-ea30832c55834e809e50230eac1f3103,ord_dataset-7d8f5fd922d4497d91cb81489b052746,636,369013ac1b4b7ed63e453da8ea6c81784427628ba74b77124972f9a3fe123124,science_hte_campaign_3f02a74dbb14
1395,ord_dataset-7d8f5fd922d4497d91cb81489b052746:ord-ea3aefe483c84a5cacf8d3f3707d47ac,ord_dataset-7d8f5fd922d4497d91cb81489b052746,393,dfb188ddb10097eff02ef6e57514d8e50c82e478aac2d8dbf461c97a90f9c163,science_hte_campaign_aeefa100ca4f
1396,ord_dataset-7d8f5fd922d4497d91cb81489b052746:ord-ea96b796581b4aba8e27b7f8cc374b54,ord_dataset-7d8f5fd922d4497d91cb81489b052746,1053,08442b63bd47fe5d652f442d396e0b7998510d4761c640e6e1d6933a7e4bb298,science_hte_campaign_a04d9653a525
1397,ord_dataset-7d8f5fd922d4497d91cb81489b052746:ord-eaa1bb2d72a54130a64e2ba7c9e57fdf,ord_dataset-7d8f5fd922d4497d91cb81489b052746,204,07ffb46683c3aa5e69a292bdb9628e0c47fea329d33ae080cdeea43569a2b8d7,science_hte_campaign_f324e61c5fa2
1398,ord_dataset-7d8f5fd922d4497d91cb81489b052746:ord-eaa8973ba18843a1b2ce9c579077281a,ord_dataset-7d8f5fd922d4497d91cb81489b052746,1427,221a871874ab61709d8adfa0a6391197187514542e41c3ead975c2bb4ba22aa5,science_hte_campaign_4dcfd4b46ebc
1399,ord_dataset-7d8f5fd922d4497d91cb81489b052746:ord-eaa9012d929b46e195b15c81528be700,ord_dataset-7d8f5fd922d4497d91cb81489b052746,917,12c9014d43f30445d4d447da0791d71ae32d838eb7c471b466f0b9eaeb673275,science_hte_campaign_d8d10c924377
1400,ord_dataset-7d8f5fd922d4497d91cb81489b052746:ord-eb2d3dfbc57547d3aba2f39dfedbab3e,ord_dataset-7d8f5fd922d4497d91cb81489b052746,1486,033832211c595c8f7e5472b89b10c0fd428f2bb116c0643ad8a95d82b2f440a7,science_hte_campaign_ca267bf88824
1401,ord_dataset-7d8f5fd922d4497d91cb81489b052746:ord-eb5cf6793a0b41d6aef4bf8fd2644049,ord_dataset-7d8f5fd922d4497d91cb81489b052746,349,c65f90c5f3883ca31dc6b271c7d7be449e4d290a63bebb0a273388b0641170af,science_hte_campaign_8510665e92be
1402,ord_dataset-7d8f5fd922d4497d91cb81489b052746:ord-eb8462a46dc24dd8b8b4aebc34595a87,ord_dataset-7d8f5fd922d4497d91cb81489b052746,734,989dec272f3866e23efc6d43b4ac61a8e30346b2353752564666d5b83188d3a5,science_hte_campaign_5dd9abf370cb
1403,ord_dataset-7d8f5fd922d4497d91cb81489b052746:ord-eb963f7cfe274af8b6a3345527066a2a,ord_dataset-7d8f5fd922d4497d91cb81489b052746,1404,0552b793f3fa65aaf7d022c10c730b87579d841a365d808112e90fa45bbd2d4d,science_hte_campaign_4dcfd4b46ebc
1404,ord_dataset-7d8f5fd922d4497d91cb81489b052746:ord-ebb2c80150204c2c8888851927170efe,ord_dataset-7d8f5fd922d4497d91cb81489b052746,488,0db6f4bb9e1c64459b65a924e9fb933c56abf8f80329af688b19a7f638ce6814,science_hte_campaign_283f403f90e1
1405,ord_dataset-7d8f5fd922d4497d91cb81489b052746:ord-ebbd7ed0ae514e57a4275b465c7fa24a,ord_dataset-7d8f5fd922d4497d91cb81489b052746,674,149d782ceb083c259b30260092be0413cfd335d50b4c5c742408047956f4baa6,science_hte_campaign_5dd9abf370cb
1406,ord_dataset-7d8f5fd922d4497d91cb81489b052746:ord-ebc4f95e35374454ac02ff69e7f78f8d,ord_dataset-7d8f5fd922d4497d91cb81489b052746,1213,8d4e7e81b2bc33dc389a57ebda8b9b3bc72202925863093a97cbc58161a32123,science_hte_campaign_6bf2df144d3d
1407,ord_dataset-7d8f5fd922d4497d91cb81489b052746:ord-ebd800ed0fb741e69786786d5259f00b,ord_dataset-7d8f5fd922d4497d91cb81489b052746,1032,cf5325e2319871e9ebfb370d1abd4495778f2fbd51faaabc7b2aa75f6325574e,science_hte_campaign_a04d9653a525
1408,ord_dataset-7d8f5fd922d4497d91cb81489b052746:ord-ebec6df2dc00451a99c3f4bebf811bf2,ord_dataset-7d8f5fd922d4497d91cb81489b052746,105,c97cae9542959c2fb0420885568854d940d5c6331257e6a985112cdcf494fd0f,science_hte_campaign_c99fb883b4d8
1409,ord_dataset-7d8f5fd922d4497d91cb81489b052746:ord-ec32158126084a3ca3154409fbb8a157,ord_dataset-7d8f5fd922d4497d91cb81489b052746,730,802e43cc69c8e4d4a99db8fe98bbce69b0576a1f81be1c3b50e564d68cbffb50,science_hte_campaign_5dd9abf370cb
1410,ord_dataset-7d8f5fd922d4497d91cb81489b052746:ord-ec3c41798c1c4865b65fb9414e3eb534,ord_dataset-7d8f5fd922d4497d91cb81489b052746,1482,bb25787ffc605077705dbf660c01b29fe87f05f36e0e1554a318709996a8c378,science_hte_campaign_ca267bf88824
1411,ord_dataset-7d8f5fd922d4497d91cb81489b052746:ord-ec7c8269c1824bdc8d8bf9c3283df243,ord_dataset-7d8f5fd922d4497d91cb81489b052746,612,980861594dc97ac80f8be8d080234e0b3500b96adb53f86140d0c49e80fe781a,science_hte_campaign_3f02a74dbb14
1412,ord_dataset-7d8f5fd922d4497d91cb81489b052746:ord-ec8a6d1d8bca493a925bd39028e81e6e,ord_dataset-7d8f5fd922d4497d91cb81489b052746,800,90ee90577435a04ada097d6a85edee39189134deb406cf1d0ebf3b2508c5dffe,science_hte_campaign_97b28884900c
1413,ord_dataset-7d8f5fd922d4497d91cb81489b052746:ord-ecb927e7a53f4636ad56d2753a48915b,ord_dataset-7d8f5fd922d4497d91cb81489b052746,119,5eacd5a0076b6bb774873314438387e79dfe014221cbfbfc962776c293bab78b,science_hte_campaign_c99fb883b4d8
1414,ord_dataset-7d8f5fd922d4497d91cb81489b052746:ord-ed18c0d4e03e415187afd696e910ead4,ord_dataset-7d8f5fd922d4497d91cb81489b052746,1119,5d270299bc2d49e84912837598e39ee6ec3ad2666c5eb7898f022622a70ec664,science_hte_campaign_2a3be0de5f5e
1415,ord_dataset-7d8f5fd922d4497d91cb81489b052746:ord-ed294250e6e74020800828dc5fb1008e,ord_dataset-7d8f5fd922d4497d91cb81489b052746,1290,5dafb7726f023f6d1625e4594d5ce0e12c30cb6b683776954bba8d5b8c345bde,science_hte_campaign_62bdfe294f99
1416,ord_dataset-7d8f5fd922d4497d91cb81489b052746:ord-edb1a62cc3a94f9188d51599e5043660,ord_dataset-7d8f5fd922d4497d91cb81489b052746,192,ea43408610a2cc872eecd0f2fff616d376a9e32b0ea7f487b3d9b3934ca7086b,science_hte_campaign_f324e61c5fa2
1417,ord_dataset-7d8f5fd922d4497d91cb81489b052746:ord-edb45e6b80624c2e9ab31082ccd4a88e,ord_dataset-7d8f5fd922d4497d91cb81489b052746,431,39249044ffb7579712471818e28ce67d27529585bf7f3bb3d23be613f13083bb,science_hte_campaign_aeefa100ca4f
1418,ord_dataset-7d8f5fd922d4497d91cb81489b052746:ord-edd77f1713f34523b5620a86f105ee91,ord_dataset-7d8f5fd922d4497d91cb81489b052746,1281,9f4eeb9cbecb0c9d462d50db4498befe40459c629806c1d79f10505937766638,science_hte_campaign_62bdfe294f99
1419,ord_dataset-7d8f5fd922d4497d91cb81489b052746:ord-ee3a6df7f132462087277601d0151e27,ord_dataset-7d8f5fd922d4497d91cb81489b052746,1382,f9a6749be846a60dca2284fe7f62c744c5dca3d00015b8344d1d7a771ed5b394,science_hte_campaign_4dcfd4b46ebc
1420,ord_dataset-7d8f5fd922d4497d91cb81489b052746:ord-ee4debf34eb8473a80ee25e63f0e5576,ord_dataset-7d8f5fd922d4497d91cb81489b052746,396,c4a80999ff2d627194aa0fb7463900e9bcda174959fa26c1b17ef27890760d44,science_hte_campaign_aeefa100ca4f
1421,ord_dataset-7d8f5fd922d4497d91cb81489b052746:ord-ee4f784a1a9d441c8f632d5ef1645407,ord_dataset-7d8f5fd922d4497d91cb81489b052746,1218,342dd2652bf7969c8dcb96b4a70b92af7cf2986016ce7f94668baf412ab8d88a,science_hte_campaign_6bf2df144d3d
1422,ord_dataset-7d8f5fd922d4497d91cb81489b052746:ord-ee6589b3125c4b8c8ed548adf57b704e,ord_dataset-7d8f5fd922d4497d91cb81489b052746,1114,48dc558577e7215956458f62d8ba2df0da49caff8bd0389d09ba437f5e47131a,science_hte_campaign_2a3be0de5f5e
1423,ord_dataset-7d8f5fd922d4497d91cb81489b052746:ord-ee8ad82f3dee4f7eb98713b8a5fab4ec,ord_dataset-7d8f5fd922d4497d91cb81489b052746,189,875d3a2fe2de41e77373d694509483ec4e0410261d5f71628077c5576528ec2a,science_hte_campaign_c99fb883b4d8
1424,ord_dataset-7d8f5fd922d4497d91cb81489b052746:ord-ee9dc4a08f194c7ea3fa4c3980fe2744,ord_dataset-7d8f5fd922d4497d91cb81489b052746,1179,bb31371798820f3a6a2ce06616bb2586bd9db480f368feb7f31e605e22bbc6ec,science_hte_campaign_6bf2df144d3d
1425,ord_dataset-7d8f5fd922d4497d91cb81489b052746:ord-eeacc9aee5e249c6b5ee79e200c9812e,ord_dataset-7d8f5fd922d4497d91cb81489b052746,605,e6ef01f55135a67643252ede20b3d92d57c8acbeef193e5c12173450b1c9cdb9,science_hte_campaign_3f02a74dbb14
1426,ord_dataset-7d8f5fd922d4497d91cb81489b052746:ord-eecacc1cc266402697db02f2558fc2ec,ord_dataset-7d8f5fd922d4497d91cb81489b052746,299,163a1a82c3f6d4dcaadd256295bd64a5757afd3bd7eed0bfc1d4f5ab91ef635e,science_hte_campaign_8510665e92be
1427,ord_dataset-7d8f5fd922d4497d91cb81489b052746:ord-eed82f9558844cf9a60d19106caab496,ord_dataset-7d8f5fd922d4497d91cb81489b052746,518,56108cc3e6afab7172adeb468eda473826034b54e29a0b6e65be78a122c6c8e9,science_hte_campaign_283f403f90e1
1428,ord_dataset-7d8f5fd922d4497d91cb81489b052746:ord-ef17c8aad9514c7ca1d0ef0736fb075b,ord_dataset-7d8f5fd922d4497d91cb81489b052746,142,d92279259be01083e4ffbb0fb5c8cf375c90e2d33aeb21c96e765aec7215928e,science_hte_campaign_c99fb883b4d8
1429,ord_dataset-7d8f5fd922d4497d91cb81489b052746:ord-ef4db14043a0484ca2bb6e9d8b6f3f0d,ord_dataset-7d8f5fd922d4497d91cb81489b052746,572,00381c02bfb46bd3d480a529a42f4c31114ae13a38acc14442f90da14b4ed48a,science_hte_campaign_283f403f90e1
1430,ord_dataset-7d8f5fd922d4497d91cb81489b052746:ord-efa53a12d1f74f65aeb2b2e1347a83be,ord_dataset-7d8f5fd922d4497d91cb81489b052746,765,1924251f899c449ebf49e191306f4d6c8e677caa30685d90c11b75adb56cd6ac,science_hte_campaign_5dd9abf370cb
1431,ord_dataset-7d8f5fd922d4497d91cb81489b052746:ord-efc51a59a0e94901a6a22e6aaf450757,ord_dataset-7d8f5fd922d4497d91cb81489b052746,707,a0131aa0d015b239731ded869320509cf3cf0c8d1ad13d2fc7e1cd720239f342,science_hte_campaign_5dd9abf370cb
1432,ord_dataset-7d8f5fd922d4497d91cb81489b052746:ord-f059226ed2864caa8e097c8e4c86af64,ord_dataset-7d8f5fd922d4497d91cb81489b052746,430,9b5a9f463e494c58352a08aad28792092f6ad957c1c8e641d4484d267aed6035,science_hte_campaign_aeefa100ca4f
1433,ord_dataset-7d8f5fd922d4497d91cb81489b052746:ord-f0ff95bb9701446d855c71d3221b8c80,ord_dataset-7d8f5fd922d4497d91cb81489b052746,1167,f81eeef9bfd715b3e7ab3b50256c52d781eb94cf86fc1488efe57880bd9d9e16,science_hte_campaign_6bf2df144d3d
1434,ord_dataset-7d8f5fd922d4497d91cb81489b052746:ord-f1380d47fad14b8dab5ebed85f50737b,ord_dataset-7d8f5fd922d4497d91cb81489b052746,381,87832ac609882da3eca5e1f86ffa838fe83bb16065d6cf2e5d683863659afcb3,science_hte_campaign_8510665e92be
1435,ord_dataset-7d8f5fd922d4497d91cb81489b052746:ord-f184e4ef8b394d6886ec3c897daedef8,ord_dataset-7d8f5fd922d4497d91cb81489b052746,1501,ac57b44ed6fb0e912723aebe2620f61d45e3edb4fe70f8e1a974b2fdf2123833,science_hte_campaign_ca267bf88824
1436,ord_dataset-7d8f5fd922d4497d91cb81489b052746:ord-f19a67debbea40219b93879839db95d4,ord_dataset-7d8f5fd922d4497d91cb81489b052746,345,c7ceab19ad5494c80ca84b8b6d6169790ba40580bcfcc96d2cab058ee6f49445,science_hte_campaign_8510665e92be
1437,ord_dataset-7d8f5fd922d4497d91cb81489b052746:ord-f1b29902749e49dc8d425e191be14ec8,ord_dataset-7d8f5fd922d4497d91cb81489b052746,934,232dc6258bd9429e85f1bd421774ed5db4a9fe5704c27845f14a4487881962b9,science_hte_campaign_d8d10c924377
1438,ord_dataset-7d8f5fd922d4497d91cb81489b052746:ord-f1c82aa8666b4f039ce6bc999cb2e78b,ord_dataset-7d8f5fd922d4497d91cb81489b052746,860,e75c8d19c4ff89c01170e8695f51401843b1ff67fce8f10d7d368c9a3ab07570,science_hte_campaign_97b28884900c
1439,ord_dataset-7d8f5fd922d4497d91cb81489b052746:ord-f21b688e85ed4dbd9978afd505e12936,ord_dataset-7d8f5fd922d4497d91cb81489b052746,516,63543244b467e3f3bf1cba75823ee84e6c080c7e569689734842da86c8c3ee5e,science_hte_campaign_283f403f90e1
1440,ord_dataset-7d8f5fd922d4497d91cb81489b052746:ord-f2605831f01d40fc87d2fdc6413117b7,ord_dataset-7d8f5fd922d4497d91cb81489b052746,19,70b7dbfd7011add189d09eda686763ccd860e2d609a4495501725bcf259a2042,science_hte_campaign_ac8fc337e171
1441,ord_dataset-7d8f5fd922d4497d91cb81489b052746:ord-f2633d21b8264931a98f1a18d3fb3c3d,ord_dataset-7d8f5fd922d4497d91cb81489b052746,206,bf4c81636a917c63c0efc86a498328c348d0078b0d3dc8e66a8cca98584070e9,science_hte_campaign_f324e61c5fa2
1442,ord_dataset-7d8f5fd922d4497d91cb81489b052746:ord-f28112254d38493d88d3eda171708458,ord_dataset-7d8f5fd922d4497d91cb81489b052746,804,734f3398e73d1ee77e0652e987ff1ba66c7129eaa513dc673a171233b023f4bc,science_hte_campaign_97b28884900c
1443,ord_dataset-7d8f5fd922d4497d91cb81489b052746:ord-f28f85b1fe284f6ea81e306bde9e39c8,ord_dataset-7d8f5fd922d4497d91cb81489b052746,401,25201ce4fdbe0ff794ab2d99ef2248dc04449f2574253c8cc0c99c04462227c3,science_hte_campaign_aeefa100ca4f
1444,ord_dataset-7d8f5fd922d4497d91cb81489b052746:ord-f2b608e16f1d42c596c9e374bbe600a6,ord_dataset-7d8f5fd922d4497d91cb81489b052746,1044,cff4a9a1856b8533a9500ab0c557eca64394b2a9a69b53f700aaef934ae42edc,science_hte_campaign_a04d9653a525
1445,ord_dataset-7d8f5fd922d4497d91cb81489b052746:ord-f2e1ed70802d47aebd43f2c2ff086409,ord_dataset-7d8f5fd922d4497d91cb81489b052746,653,db9ffe46ee752ee8db042796dd63adea18f8e995dbfeb49cce41b2eb61a77c59,science_hte_campaign_3f02a74dbb14
1446,ord_dataset-7d8f5fd922d4497d91cb81489b052746:ord-f2f660db8623456b99109e47a559c4c8,ord_dataset-7d8f5fd922d4497d91cb81489b052746,1420,83a7db21dea1f67dabe71185d4a5240f249de8f3ab3305c106c810ee4d73b813,science_hte_campaign_4dcfd4b46ebc
1447,ord_dataset-7d8f5fd922d4497d91cb81489b052746:ord-f32661a1a7004dab9ff1d15cbb3270ff,ord_dataset-7d8f5fd922d4497d91cb81489b052746,1457,1ecde79e637251a588d5b5f5649fa4b218309d8d67529dd615af0563753c9d72,science_hte_campaign_ca267bf88824
1448,ord_dataset-7d8f5fd922d4497d91cb81489b052746:ord-f343052e69e148f088d4837a0414ce94,ord_dataset-7d8f5fd922d4497d91cb81489b052746,979,5c127d018f48c416436aa619cf722db676907914e4a0cd3ca61996edffe5a896,science_hte_campaign_a04d9653a525
1449,ord_dataset-7d8f5fd922d4497d91cb81489b052746:ord-f3678ae0ba7843768e0c2308f5c4a251,ord_dataset-7d8f5fd922d4497d91cb81489b052746,1286,46a1cd43b80dc4d78fe38130db90d42ca2433336fb964520f66d2df750b37b29,science_hte_campaign_62bdfe294f99
1450,ord_dataset-7d8f5fd922d4497d91cb81489b052746:ord-f37b16f8e5c24eca876d4ee3c7068523,ord_dataset-7d8f5fd922d4497d91cb81489b052746,100,bf320ae03ac5e369490bec161724179a0b5442ec1d45ca863986478fed07bbce,science_hte_campaign_c99fb883b4d8
1451,ord_dataset-7d8f5fd922d4497d91cb81489b052746:ord-f391aff6cf8149b8ab8823faaeaedd93,ord_dataset-7d8f5fd922d4497d91cb81489b052746,343,aa6f47caa4a44ffcc63c1e962ae96dc5165169f09547f93e2fe5a1df3d74d0b4,science_hte_campaign_8510665e92be
1452,ord_dataset-7d8f5fd922d4497d91cb81489b052746:ord-f3aa51f26925446e901b55645d92b76b,ord_dataset-7d8f5fd922d4497d91cb81489b052746,309,acd4f1e4fa5432481e40184b9b1c690b7b6f094d7dfc53212e024a16f7d8621c,science_hte_campaign_8510665e92be
1453,ord_dataset-7d8f5fd922d4497d91cb81489b052746:ord-f3b32c949941431588036135086366d1,ord_dataset-7d8f5fd922d4497d91cb81489b052746,1257,7c0d0317a92663124f9b093d4b086c40faabebc36796ec96f3c7cdce79f8bf12,science_hte_campaign_62bdfe294f99
1454,ord_dataset-7d8f5fd922d4497d91cb81489b052746:ord-f3b4d73a240f47a4a0e69d3e897e9ef6,ord_dataset-7d8f5fd922d4497d91cb81489b052746,1347,46ec5bd68f73303c13e22792db335bb44e6c04d59bdcf8cbb9061cdbd1dcc59e,science_hte_campaign_4dcfd4b46ebc
1455,ord_dataset-7d8f5fd922d4497d91cb81489b052746:ord-f3bdf804336c4663b6c6f64de312d34a,ord_dataset-7d8f5fd922d4497d91cb81489b052746,397,b0c4faca07852b5269fce2a9fdc3affbba77924d82382fbe4aa1de62e15906ac,science_hte_campaign_aeefa100ca4f
1456,ord_dataset-7d8f5fd922d4497d91cb81489b052746:ord-f3e2ed8465744529b18a9af37f284d83,ord_dataset-7d8f5fd922d4497d91cb81489b052746,1373,1a1548714d4b264e83a098e6551ebb902b69840f185b9882bd4213f8859237a1,science_hte_campaign_4dcfd4b46ebc
1457,ord_dataset-7d8f5fd922d4497d91cb81489b052746:ord-f3fafdf420c04168a1242993edbd9c1e,ord_dataset-7d8f5fd922d4497d91cb81489b052746,568,d7797e912f963188937584079a64b5c25f129fd4315cd189f8684021fd83c69b,science_hte_campaign_283f403f90e1
1458,ord_dataset-7d8f5fd922d4497d91cb81489b052746:ord-f4256fa4ebf543c9a8fc2e11c41bd328,ord_dataset-7d8f5fd922d4497d91cb81489b052746,1133,4a29ab2a5ab16dba6252f423d64b6f6c9c81cbd961de120a821d9a81c51cc78a,science_hte_campaign_2a3be0de5f5e
1459,ord_dataset-7d8f5fd922d4497d91cb81489b052746:ord-f435f047009744eab5526152664b0076,ord_dataset-7d8f5fd922d4497d91cb81489b052746,842,5c91d2b4fa1be72d83600055dba8b4a4d0dc3f40bea2ab9af2a44477c7c0c76b,science_hte_campaign_97b28884900c
1460,ord_dataset-7d8f5fd922d4497d91cb81489b052746:ord-f4762f8267724f3fa1772ab2cf78f3f8,ord_dataset-7d8f5fd922d4497d91cb81489b052746,741,fcb48ba903f6a17f86f1543385bdd8abd2f0bfdbe2197ce678bc8f068fcc1be6,science_hte_campaign_5dd9abf370cb
1461,ord_dataset-7d8f5fd922d4497d91cb81489b052746:ord-f501150a399642ed9a54f9985a6de86c,ord_dataset-7d8f5fd922d4497d91cb81489b052746,47,1fd60a668464568b222704d123e78d32d6a7dd8b644fe5eb4f42ebe14671a8de,science_hte_campaign_ac8fc337e171
1462,ord_dataset-7d8f5fd922d4497d91cb81489b052746:ord-f5050f46c5324bde9ffb2d68a02e8c7e,ord_dataset-7d8f5fd922d4497d91cb81489b052746,1110,b0d648a716b5e43b470308fc26aaa1aa0d104315c67ec996d5889816279e7c8b,science_hte_campaign_2a3be0de5f5e
1463,ord_dataset-7d8f5fd922d4497d91cb81489b052746:ord-f523d871b7bf4c2495dd6cd1c697f915,ord_dataset-7d8f5fd922d4497d91cb81489b052746,1271,e7b7bba6a128651ee030f4dde6064496bb7aa773eb9c83eabc8664eac9cb04b4,science_hte_campaign_62bdfe294f99
1464,ord_dataset-7d8f5fd922d4497d91cb81489b052746:ord-f5fc73820dda4af69dfa007eb805925e,ord_dataset-7d8f5fd922d4497d91cb81489b052746,1500,96dbfc60daab81780587a92e034fc13796434eb36b2766ec838bd4a5ad812a8b,science_hte_campaign_ca267bf88824
1465,ord_dataset-7d8f5fd922d4497d91cb81489b052746:ord-f64b52f5cf534214b2ca350e398162e3,ord_dataset-7d8f5fd922d4497d91cb81489b052746,534,30427ec969826d70f2b0db9620d154eafda4148e903305968f9dc30b1e6e8a63,science_hte_campaign_283f403f90e1
1466,ord_dataset-7d8f5fd922d4497d91cb81489b052746:ord-f671cc6950694375b133d09a5b2bfe5d,ord_dataset-7d8f5fd922d4497d91cb81489b052746,700,086723c6e9e7456302641e5d13551089a9909ee0cf08a58dd580f8ee57e78ef9,science_hte_campaign_5dd9abf370cb
1467,ord_dataset-7d8f5fd922d4497d91cb81489b052746:ord-f679793a7c794c169453f7f87ba21918,ord_dataset-7d8f5fd922d4497d91cb81489b052746,1035,1fa8a25bb246188a29f296ed10a13ae44ad727e2616b59b307feab424bcebb07,science_hte_campaign_a04d9653a525
1468,ord_dataset-7d8f5fd922d4497d91cb81489b052746:ord-f684b2dcbcb34ea2815f33d3da99b8a7,ord_dataset-7d8f5fd922d4497d91cb81489b052746,466,92b7c79aef3607d648cb7b3c353dd733d9bcfc05be9028efe8d66542a65c7b82,science_hte_campaign_aeefa100ca4f
1469,ord_dataset-7d8f5fd922d4497d91cb81489b052746:ord-f69e7d07effa46ebbf8425c1ad140147,ord_dataset-7d8f5fd922d4497d91cb81489b052746,892,bc9091ab9b612578fcafa81dd78a9bcfe01758324e25f0f5e0205805f74201eb,science_hte_campaign_d8d10c924377
1470,ord_dataset-7d8f5fd922d4497d91cb81489b052746:ord-f716db7da2b64430a59465a51d0ec5bd,ord_dataset-7d8f5fd922d4497d91cb81489b052746,103,329a0333e4cae17f5bf3f5d0ab43ebaa1f1fc5ee4b6948767716fa2ac1e8f721,science_hte_campaign_c99fb883b4d8
1471,ord_dataset-7d8f5fd922d4497d91cb81489b052746:ord-f77fe9844cf24b539ba852f3e62c0907,ord_dataset-7d8f5fd922d4497d91cb81489b052746,1513,3f5caba9d16f941ca72b016419bcb5fc5170d8aa52b2c629208d1abeb3ab6246,science_hte_campaign_ca267bf88824
1472,ord_dataset-7d8f5fd922d4497d91cb81489b052746:ord-f7a1e14b758044439c66860c93f52e91,ord_dataset-7d8f5fd922d4497d91cb81489b052746,1123,0ea8c8a1e358b442700fbae0e47057709d08fa5b58ba6a489de43293d9aff2a8,science_hte_campaign_2a3be0de5f5e
1473,ord_dataset-7d8f5fd922d4497d91cb81489b052746:ord-f7a9481af101409194ffd4264751c821,ord_dataset-7d8f5fd922d4497d91cb81489b052746,686,3c2449f2f5057fbbd9573461b15c4c347addb83ce1c920824a445b396cb0f95d,science_hte_campaign_5dd9abf370cb
1474,ord_dataset-7d8f5fd922d4497d91cb81489b052746:ord-f7aa43e0d13b4f7d9ae19e6a8b3a4959,ord_dataset-7d8f5fd922d4497d91cb81489b052746,630,cc8f2772734c9b9bdaf40848629bfbe4aa1d7e12c8a25eb1344bb919f89ec2b9,science_hte_campaign_3f02a74dbb14
1475,ord_dataset-7d8f5fd922d4497d91cb81489b052746:ord-f7bc38ee54cc4ba69be1a6cad515d157,ord_dataset-7d8f5fd922d4497d91cb81489b052746,703,8d6f52a9625c5a15127e484d689db51303e59d7f4f840f6226af5e3e30fe54fd,science_hte_campaign_5dd9abf370cb
1476,ord_dataset-7d8f5fd922d4497d91cb81489b052746:ord-f7c3b46a4a46497ba8e51aeeef479e86,ord_dataset-7d8f5fd922d4497d91cb81489b052746,1145,30a41cd2f799027e6d22cdfa8f48024fa3937a1108c56f0425c75122c7e57f95,science_hte_campaign_2a3be0de5f5e
1477,ord_dataset-7d8f5fd922d4497d91cb81489b052746:ord-f7f0b8ff2ce7443aa1a977836474290f,ord_dataset-7d8f5fd922d4497d91cb81489b052746,320,8e7df7790831ae25abfe68b4e11071380913f6183943429b7f66ca3b5d38b74c,science_hte_campaign_8510665e92be
1478,ord_dataset-7d8f5fd922d4497d91cb81489b052746:ord-f80aa660cb6f4356b88dcf271a3f4837,ord_dataset-7d8f5fd922d4497d91cb81489b052746,27,8ac300de63569aeeefb65efb3dbb01f950b15a74d7f41e5f77da56bc436e2a22,science_hte_campaign_ac8fc337e171
1479,ord_dataset-7d8f5fd922d4497d91cb81489b052746:ord-f8191ad88c8e4eea9ee223ac1eba3f1c,ord_dataset-7d8f5fd922d4497d91cb81489b052746,735,9e6d0b8c90edd485fd025a9acedf37fac751f87ca9ab3f19725a397e0ca7cebd,science_hte_campaign_5dd9abf370cb
1480,ord_dataset-7d8f5fd922d4497d91cb81489b052746:ord-f84ade5929894d0ba9ea71ff98498bbd,ord_dataset-7d8f5fd922d4497d91cb81489b052746,374,66566fd8b52ce0c512ae7c3ddb9f0bcc9a8d1c7033cf6c3911c0ef40585a9b4e,science_hte_campaign_8510665e92be
1481,ord_dataset-7d8f5fd922d4497d91cb81489b052746:ord-f8669a8a57324c15b6609521d631fa76,ord_dataset-7d8f5fd922d4497d91cb81489b052746,584,157f7e61c7eb7cdbb8fc1826400677c5a3885bf49516a8f573c38c091930e680,science_hte_campaign_3f02a74dbb14
1482,ord_dataset-7d8f5fd922d4497d91cb81489b052746:ord-f8872fae61e64dba9e4c0ce09722b8a2,ord_dataset-7d8f5fd922d4497d91cb81489b052746,770,bdcc90ed80235cf28dd237610e64a2a259e3984c4d67646e27ce9884f901f199,science_hte_campaign_97b28884900c
1483,ord_dataset-7d8f5fd922d4497d91cb81489b052746:ord-f8a41070c0b24b8e83c711ac95f03014,ord_dataset-7d8f5fd922d4497d91cb81489b052746,26,83d460c0f204a2d96c941de9314d81def2bb5a0b1f67db6f14deb554d1bc473f,science_hte_campaign_ac8fc337e171
1484,ord_dataset-7d8f5fd922d4497d91cb81489b052746:ord-f8c309a47b124dbfa2a64922692141ab,ord_dataset-7d8f5fd922d4497d91cb81489b052746,504,fe3cd341796188e4021eea027c3f0899f1e1b9a0f759c157fea4176ada9a1d9b,science_hte_campaign_283f403f90e1
1485,ord_dataset-7d8f5fd922d4497d91cb81489b052746:ord-f8e2ee149ce049248d7b27128353db16,ord_dataset-7d8f5fd922d4497d91cb81489b052746,36,b64fe8227b3dbb69ba6f3069b39db2594c0845108db38f445a467358a89f11dc,science_hte_campaign_ac8fc337e171
1486,ord_dataset-7d8f5fd922d4497d91cb81489b052746:ord-f90d832fb62c43868b68a424ea5eaeec,ord_dataset-7d8f5fd922d4497d91cb81489b052746,709,410af648d3ed71a9d46d81db370caab791c561a368ae830404de0d838265bb08,science_hte_campaign_5dd9abf370cb
1487,ord_dataset-7d8f5fd922d4497d91cb81489b052746:ord-f9290ebc3bd847fcb16e983b9003faca,ord_dataset-7d8f5fd922d4497d91cb81489b052746,1000,ad59338b295d4dbf1633014c5e62d5562f6b7ddb1261b1649d6a03828dc62878,science_hte_campaign_a04d9653a525
1488,ord_dataset-7d8f5fd922d4497d91cb81489b052746:ord-f938d22015a34787808f2abe1097f7d4,ord_dataset-7d8f5fd922d4497d91cb81489b052746,269,a0821391416198bb2fe28bd828f1e50eafa31a19fb0b1dbd76d9126f81e166ca,science_hte_campaign_f324e61c5fa2
1489,ord_dataset-7d8f5fd922d4497d91cb81489b052746:ord-f9c70d2e95104aa4825ca406e3422c50,ord_dataset-7d8f5fd922d4497d91cb81489b052746,1085,e1ed998e18ca251fc7d6db892839fc3231187927de227445f75e6f9e8d88109f,science_hte_campaign_2a3be0de5f5e
1490,ord_dataset-7d8f5fd922d4497d91cb81489b052746:ord-f9ee6ae7d4514fb4a31a8cecc92731cf,ord_dataset-7d8f5fd922d4497d91cb81489b052746,1485,cc9d3726e4b8352f2f8b69ab7cd12dbbffb5535b03e15bfbb98a1a16ec40ab3b,science_hte_campaign_ca267bf88824
1491,ord_dataset-7d8f5fd922d4497d91cb81489b052746:ord-fa0989d82d4b402f9de88475df19c4cc,ord_dataset-7d8f5fd922d4497d91cb81489b052746,392,23c33617a819dad1c4072ec4d29b1d585fcc01d72b8dcf7fdbdabb237bce14a2,science_hte_campaign_aeefa100ca4f
1492,ord_dataset-7d8f5fd922d4497d91cb81489b052746:ord-fa43c8379ebe4446a81f6f56387ed2ee,ord_dataset-7d8f5fd922d4497d91cb81489b052746,191,83af1025f127d76084a7d4841ce78d53b56e89ca25182f12b0cf0624b37d3107,science_hte_campaign_c99fb883b4d8
1493,ord_dataset-7d8f5fd922d4497d91cb81489b052746:ord-fa63c22c578b4c5ea51a9d0e52b14709,ord_dataset-7d8f5fd922d4497d91cb81489b052746,513,91ff46b8300b096022d0cfd252d72cfdadaf1a9ea7b06b81e5506b36e6aa93b3,science_hte_campaign_283f403f90e1
1494,ord_dataset-7d8f5fd922d4497d91cb81489b052746:ord-fa82d2d950bd4071bccddf69e311f613,ord_dataset-7d8f5fd922d4497d91cb81489b052746,1122,b367a26e516e17433352bf8355e32b079fbc8d32ced5fcd6d43fe3ea74fde15e,science_hte_campaign_2a3be0de5f5e
1495,ord_dataset-7d8f5fd922d4497d91cb81489b052746:ord-fa93901086fd4171abc7775283d5ad5b,ord_dataset-7d8f5fd922d4497d91cb81489b052746,1082,99d5d9ecaa60e4b272d4bee304fdbb8d34ff85c8a541a2f89a35f2f0d06152c5,science_hte_campaign_2a3be0de5f5e
1496,ord_dataset-7d8f5fd922d4497d91cb81489b052746:ord-fa9bf8619a2c492094697c889b2fd593,ord_dataset-7d8f5fd922d4497d91cb81489b052746,826,52dd9feef050a814b2f5cd35a729703c857ed227d8771b2168812804e44e4150,science_hte_campaign_97b28884900c
1497,ord_dataset-7d8f5fd922d4497d91cb81489b052746:ord-fa9cd44dae8d4617ae8cd8be48a8b6b5,ord_dataset-7d8f5fd922d4497d91cb81489b052746,282,2936ddaa5d3c60c6ba61f4d918880d130bb8e4036c3839cb1ef8a75b932f97ff,science_hte_campaign_f324e61c5fa2
1498,ord_dataset-7d8f5fd922d4497d91cb81489b052746:ord-facf8beb886f4c4fa302527df90b6b4a,ord_dataset-7d8f5fd922d4497d91cb81489b052746,646,2b42ba25b11d2f96ac95ad235826919a90c43b97bbc54e52e574f2a753af69b2,science_hte_campaign_3f02a74dbb14
1499,ord_dataset-7d8f5fd922d4497d91cb81489b052746:ord-faeb14bf3f2a47a7bbacb1ea3de355a4,ord_dataset-7d8f5fd922d4497d91cb81489b052746,93,251d41adf58e4f122689d70e86882fe34bffa7b94a5041b45f9aaa09e2e68e43,science_hte_campaign_ac8fc337e171
1500,ord_dataset-7d8f5fd922d4497d91cb81489b052746:ord-fb5576d1620e4d238022322806c97257,ord_dataset-7d8f5fd922d4497d91cb81489b052746,234,bf50f1d77c3fbd4c836dddf611946026221b8c8cf880b1252b961f134641d3f4,science_hte_campaign_f324e61c5fa2
1501,ord_dataset-7d8f5fd922d4497d91cb81489b052746:ord-fb6d08e507044851952ef9f33546fabb,ord_dataset-7d8f5fd922d4497d91cb81489b052746,1355,256058980a1b5989626a57c1e95e320788cc5d1dd44281fd18cbff809324db0e,science_hte_campaign_4dcfd4b46ebc
1502,ord_dataset-7d8f5fd922d4497d91cb81489b052746:ord-fc1b8cb51cdc45b4bfcae8f79f622ddd,ord_dataset-7d8f5fd922d4497d91cb81489b052746,1426,883901483d5b3b1242146921bc990b30d20a8dfa54b2f076571ae0e91acde2e2,science_hte_campaign_4dcfd4b46ebc
1503,ord_dataset-7d8f5fd922d4497d91cb81489b052746:ord-fc1c2ce744da46e0af69bff40aff2ad7,ord_dataset-7d8f5fd922d4497d91cb81489b052746,1407,ee943661fbceee3fa3fc47fa1ebdc2bafa026da0b4355d72bee2c0aec82856cf,science_hte_campaign_4dcfd4b46ebc
1504,ord_dataset-7d8f5fd922d4497d91cb81489b052746:ord-fc27fa03759444f196e1ff536e3e50d2,ord_dataset-7d8f5fd922d4497d91cb81489b052746,44,2f2a7551a059b417ca5ca3f461bf380321887ca28d39af1126e424f4c274817c,science_hte_campaign_ac8fc337e171
1505,ord_dataset-7d8f5fd922d4497d91cb81489b052746:ord-fc314ccee6ba4604ba0064ed43476e78,ord_dataset-7d8f5fd922d4497d91cb81489b052746,1016,dea1c57f05d3e42d9530c348bc8003cf8c55c267b2a39722bf7ad84d2a081bd4,science_hte_campaign_a04d9653a525
1506,ord_dataset-7d8f5fd922d4497d91cb81489b052746:ord-fc3e93b6bf7f48f8bb35968f6cb0dde6,ord_dataset-7d8f5fd922d4497d91cb81489b052746,1387,170c50b259b91a4e6a75676c37d0d73d9c67ccda70a5caccaa8226a41070f293,science_hte_campaign_4dcfd4b46ebc
1507,ord_dataset-7d8f5fd922d4497d91cb81489b052746:ord-fc98dd5500e0475198cb24dbd9e0bc3f,ord_dataset-7d8f5fd922d4497d91cb81489b052746,1049,c6227e9e059759a6b12f84c2aca2aa6bc3a2c2aab98958c189126890c54dc8fb,science_hte_campaign_a04d9653a525
1508,ord_dataset-7d8f5fd922d4497d91cb81489b052746:ord-fca6fb687c7d46778b6d6c2b48727ffb,ord_dataset-7d8f5fd922d4497d91cb81489b052746,1101,54053b63db3c143d889707ee4eb9f363f146c5c03989f62fdd9e3ebf003b273f,science_hte_campaign_2a3be0de5f5e
1509,ord_dataset-7d8f5fd922d4497d91cb81489b052746:ord-fcd369b3274a45c986e6c1d5c07800e3,ord_dataset-7d8f5fd922d4497d91cb81489b052746,382,7b06fddaed4dbdb560c73e9eaa58670f9d49ae4c4e9eea8dd16d785b778e7985,science_hte_campaign_8510665e92be
1510,ord_dataset-7d8f5fd922d4497d91cb81489b052746:ord-fcd85dd1a9c44f6690c47233ea150f89,ord_dataset-7d8f5fd922d4497d91cb81489b052746,578,73339ae5b4827dcdac25eb58311f0389da1584563c52c56c94b4b56581e76f07,science_hte_campaign_3f02a74dbb14
1511,ord_dataset-7d8f5fd922d4497d91cb81489b052746:ord-fce551c6860c4130aae18666e4e0adb0,ord_dataset-7d8f5fd922d4497d91cb81489b052746,110,8c581602ebb725e341f1f020ff932052640f06fe0956e8f7bc0ebd6c776d060f,science_hte_campaign_c99fb883b4d8
1512,ord_dataset-7d8f5fd922d4497d91cb81489b052746:ord-fd1fb3045b3346159b31b3e4b6e13bb1,ord_dataset-7d8f5fd922d4497d91cb81489b052746,366,5d5b3395c6aa3a4517ae5c3e0a2720ccbb68c4b01a68d2161a5975d7d037855a,science_hte_campaign_8510665e92be
1513,ord_dataset-7d8f5fd922d4497d91cb81489b052746:ord-fd2122ec75cd4d6ab1d9b80d7e8d709b,ord_dataset-7d8f5fd922d4497d91cb81489b052746,1112,ac6ba87d94eaadedc65d632544e4ae4b54e9cc90e1bb507c760d879045b05cd8,science_hte_campaign_2a3be0de5f5e
1514,ord_dataset-7d8f5fd922d4497d91cb81489b052746:ord-fd341014eb2d475296e399b837162fb0,ord_dataset-7d8f5fd922d4497d91cb81489b052746,121,01e8eae1cbefc0463efbbc1e26e136cc93b8ab93664e66cb718bceb7c1186695,science_hte_campaign_c99fb883b4d8
1515,ord_dataset-7d8f5fd922d4497d91cb81489b052746:ord-fd3cdb7077604c8f98f6a0247403d896,ord_dataset-7d8f5fd922d4497d91cb81489b052746,675,942ac5799b257a5e199e11cefa907152870ce02d5dfc1abc55dbdc25ee14e5c0,science_hte_campaign_5dd9abf370cb
1516,ord_dataset-7d8f5fd922d4497d91cb81489b052746:ord-fd563dafb9ff45c79cd73bd8d34b8ebf,ord_dataset-7d8f5fd922d4497d91cb81489b052746,1013,81b2f6b077af3ba7932e0fb0d5d13a5f5ccc476e419bc34ff898bc189394ef42,science_hte_campaign_a04d9653a525
1517,ord_dataset-7d8f5fd922d4497d91cb81489b052746:ord-fd5945353b764af4a0054351e7bd26d2,ord_dataset-7d8f5fd922d4497d91cb81489b052746,607,7910892a27d2f1ddf363f11530ab3dae0cc1cdb8b8bc8577692ac95f0dbd0621,science_hte_campaign_3f02a74dbb14
1518,ord_dataset-7d8f5fd922d4497d91cb81489b052746:ord-fd86fd228c27465c8bb8cd6f8dc7e1ef,ord_dataset-7d8f5fd922d4497d91cb81489b052746,1309,faa2b0e9e3cef750073a1e8efb0061237ecc452006ee9e34a67229bc69bb8e75,science_hte_campaign_62bdfe294f99
1519,ord_dataset-7d8f5fd922d4497d91cb81489b052746:ord-fde3fd8d8a7440d5973e607efb23dabb,ord_dataset-7d8f5fd922d4497d91cb81489b052746,196,8a0a438c65ad2245690471ef8f0bae9669af037483b6dac3badb490aa1d93c00,science_hte_campaign_f324e61c5fa2
1520,ord_dataset-7d8f5fd922d4497d91cb81489b052746:ord-fe1cb211f23b4ce7928388ea47632f99,ord_dataset-7d8f5fd922d4497d91cb81489b052746,727,05e7722f17b5f211595e8037bd1f358607063b8fe3a3795d56f18f60cf5e0fb3,science_hte_campaign_5dd9abf370cb
1521,ord_dataset-7d8f5fd922d4497d91cb81489b052746:ord-fe432164be8a4af8b3d5df30f26de8f2,ord_dataset-7d8f5fd922d4497d91cb81489b052746,183,3456f4766c6f2249ebc86f88d3359169a6330ee06608053bd526d841df49f42c,science_hte_campaign_c99fb883b4d8
1522,ord_dataset-7d8f5fd922d4497d91cb81489b052746:ord-fe4381ff511b425980970131865d598d,ord_dataset-7d8f5fd922d4497d91cb81489b052746,113,8751705e8c5ae12fe8376ec800ff24455a8af188209f219c03e157d384d9cf83,science_hte_campaign_c99fb883b4d8
1523,ord_dataset-7d8f5fd922d4497d91cb81489b052746:ord-fea6b88025e24889b447a528d36b2f65,ord_dataset-7d8f5fd922d4497d91cb81489b052746,414,54e003ad2963956ffb7d6118931e15a7c064981b2988721309cdc8e4457b6e3b,science_hte_campaign_aeefa100ca4f
1524,ord_dataset-7d8f5fd922d4497d91cb81489b052746:ord-fee82f2144f244d1bf8e67e55457f8eb,ord_dataset-7d8f5fd922d4497d91cb81489b052746,481,f9a0498e7bd3a3261c8449b3cb929e967d7ea4eccb10129c21b7795535b3a280,science_hte_campaign_283f403f90e1
1525,ord_dataset-7d8f5fd922d4497d91cb81489b052746:ord-ff26e4e6a83d4e69a5472facb4f20770,ord_dataset-7d8f5fd922d4497d91cb81489b052746,499,e5c8d9b281377113a31f04ea6fc7f9291d439f38a9e3ceee8d5a018941997188,science_hte_campaign_283f403f90e1
1526,ord_dataset-7d8f5fd922d4497d91cb81489b052746:ord-ff4b2770cc254f5d85ab6c46487098a4,ord_dataset-7d8f5fd922d4497d91cb81489b052746,515,48ce0715c56200a2a01a0f7c9e730a8b99a9babfd6b53ef41eb5487eddb89a78,science_hte_campaign_283f403f90e1
1527,ord_dataset-7d8f5fd922d4497d91cb81489b052746:ord-ff59aa8f1b6e4ea690e26b2399e4a986,ord_dataset-7d8f5fd922d4497d91cb81489b052746,852,5aab6f449b7bba56007d7d240aaf9351a0ef3077969507c8b6fb4fb60921a7e0,science_hte_campaign_97b28884900c
1528,ord_dataset-7d8f5fd922d4497d91cb81489b052746:ord-ff66a2e59b2d4f5e9245e7e5fbf278ad,ord_dataset-7d8f5fd922d4497d91cb81489b052746,15,632eb4ec42f401c300bd3d1c603b6de897ab2aa2e445e1e035d02bde1750660c,science_hte_campaign_ac8fc337e171
1529,ord_dataset-7d8f5fd922d4497d91cb81489b052746:ord-ff7b6e8c6d534ea9a2a07bd99e85f69c,ord_dataset-7d8f5fd922d4497d91cb81489b052746,1223,654cc7fe328d358215bdfcab1f5551fede0c352a987699c95a60260f2ad965bd,science_hte_campaign_6bf2df144d3d
1530,ord_dataset-7d8f5fd922d4497d91cb81489b052746:ord-ff8eaf015c344027acd2640cc392af74,ord_dataset-7d8f5fd922d4497d91cb81489b052746,1524,3430056228a7b88368014576bfe091cf74163ee145dc0928edb864d42fb93f3b,science_hte_campaign_ca267bf88824
1531,ord_dataset-7d8f5fd922d4497d91cb81489b052746:ord-ff93baa287bf4abd9c34e64a38483590,ord_dataset-7d8f5fd922d4497d91cb81489b052746,1228,cdbd8bc4efc2c674fab793f188170edad7a6013207bad17bb329981f424f1b64,science_hte_campaign_6bf2df144d3d
1532,ord_dataset-7d8f5fd922d4497d91cb81489b052746:ord-ffc362e0e971432db3757f4c7626c55d,ord_dataset-7d8f5fd922d4497d91cb81489b052746,222,c95d25d476992d69b7ac80cb80dd735df26410b0b64951c847793fd0de9d7cd0,science_hte_campaign_f324e61c5fa2
