reactant-1,reactant-2,reactant-3,reagent-1,reagent-2,catalyst-1,solvent-1,solvent-2,solvent-3,solvent-4,reaction_time_s,relative_product_lc_area_ratio
Brc1cccnc1,c1ccc(Pc2ccccc2)cc1,,CN1CCCN2CCCN=C12,CS(=O)(=O)[O][Pd]1(<-[NH2]c2ccccc2-c2cccc[c]21)<-[P](c1ccccc1N1CCOCC1)(C12C[C@H]3C[C@@H](C1)C[C@@H](C2)C3)C12C[C@H]3C[C@@H](C1)C[C@@H](C2)C3,,CS(C)=O,CS(C)=O,CS(C)=O,CS(C)=O,79200.0,0.0
Brc1cccnc1,NS(=O)(=O)c1ccccc1,,CN1CCCN2CCCN=C12,CS(=O)(=O)[O][Pd]1(<-[NH2]c2ccccc2-c2cccc[c]21)<-[P](c1ccccc1)(c1ccccc1)c1ccc2ccccc2c1-c1c(P(c2ccccc2)c2ccccc2)ccc2ccccc12,,CS(C)=O,CS(C)=O,CS(C)=O,CS(C)=O,79200.0,0.0
Brc1cccnc1,Sc1ccccc1,,CCN(CC)P1(=NC(C)(C)C)N(C)CCCN1C,COc1ccc(OC)c([P](C(C)(C)C)(C(C)(C)C)->[Pd]2(<-[NH2]c3ccccc3-c3cccc[c]32)[O]S(C)(=O)=O)c1-c1c(C(C)C)cc(C(C)C)cc1C(C)C,,CS(C)=O,CS(C)=O,CS(C)=O,CS(C)=O,79200.0,0.0
Brc1cccnc1,C#Cc1ccc(CCCC)cc1,,CN1CCCN2CCCN=C12,COc1ccc(OC)c([P](C(C)(C)C)(C(C)(C)C)->[Pd]2(<-[NH2]c3ccccc3-c3cccc[c]32)[O]S(C)(=O)=O)c1-c1c(C(C)C)cc(C(C)C)cc1C(C)C,,CS(C)=O,CS(C)=O,CS(C)=O,CS(C)=O,79200.0,13.65042781829834
Brc1cccnc1,c1ccc(Pc2ccccc2)cc1,,CCN(CC)P1(=NC(C)(C)C)N(C)CCCN1C,CC(C)(C)P(C1=CC=C[CH]1[Fe][CH]1C=CC=C1[P](C(C)(C)C)(C(C)(C)C)->[Pd]1(<-[NH2]c2ccccc2-c2cccc[c]21)[O]S(C)(=O)=O)C(C)(C)C,,CS(C)=O,CS(C)=O,CS(C)=O,CS(C)=O,79200.0,0.0
Brc1cccnc1,CCOC(=O)CC(=O)OCC,,C1CCC2=NCCCN2CC1,CC(C)(C)[P](C(C)(C)C)(C(C)(C)C)->[Pd]1([Cl])<-[NH2]c2ccccc2-c2cccc[c]21,,CS(C)=O,CS(C)=O,CS(C)=O,CS(C)=O,79200.0,0.31161582469940186
Brc1cccnc1,Oc1ccccc1,,CC(C)(C)N=P(N1CCCC1)(N1CCCC1)N1CCCC1,CC(C)(C)[P](c1ccc(N)cc1)(C(C)(C)C)->[Pd]1(<-[NH2]c2ccccc2-c2cccc[c]21)[O]S(C)(=O)=O,,CS(C)=O,CS(C)=O,CS(C)=O,CS(C)=O,79200.0,0.0
Brc1cccnc1,CCOC(=O)CC(=O)OCC,,C1CCC2=NCCCN2CC1,CC(C1=C([P](C2CCCCC2)(C2CCCCC2)->[Pd]2(<-[NH2]c3ccccc3-c3cccc[c]32)[O]S(C)(=O)=O)[CH]([Fe][CH]2C=CC=C2)C=C1)P(C(C)(C)C)C(C)(C)C,,CS(C)=O,CS(C)=O,CS(C)=O,CS(C)=O,79200.0,0.0
Brc1cccnc1,Nc1ccccc1,,CN1CCCN2CCCN=C12,CC(C)(C)[P](c1ccc(N)cc1)(C(C)(C)C)->[Pd]1(<-[NH2]c2ccccc2-c2cccc[c]21)[O]S(C)(=O)=O,,CS(C)=O,CS(C)=O,CS(C)=O,CS(C)=O,79200.0,0.0
Brc1cccnc1,N=C(N)Cc1ccccc1,,C1CCC2=NCCCN2CC1,CS(=O)(=O)[O][Pd]1(<-[NH2]c2ccccc2-c2cccc[c]21)<-[P](c1ccccc1)(c1ccccc1)c1ccc2ccccc2c1-c1c(P(c2ccccc2)c2ccccc2)ccc2ccccc12,,CS(C)=O,CS(C)=O,CS(C)=O,CS(C)=O,79200.0,0.0
Brc1cccnc1,OCCCc1ccccc1,,CC(C)(C)N=P(N1CCCC1)(N1CCCC1)N1CCCC1,CC(C)(C)[P](c1ccc(N)cc1)(C(C)(C)C)->[Pd]1(<-[NH2]c2ccccc2-c2cccc[c]21)[O]S(C)(=O)=O,,CS(C)=O,CS(C)=O,CS(C)=O,CS(C)=O,79200.0,0.0
Brc1cccnc1,c1ccc2[nH]ncc2c1,,CC(C)(C)N=P(N1CCCC1)(N1CCCC1)N1CCCC1,CC(C)(C)[P](c1ccc(N)cc1)(C(C)(C)C)->[Pd]1(<-[NH2]c2ccccc2-c2cccc[c]21)[O]S(C)(=O)=O,,CS(C)=O,CS(C)=O,CS(C)=O,CS(C)=O,79200.0,0.0
Brc1cccnc1,Nc1ccc(-c2ccccc2)cn1,,CCN=P(N=P(N(C)C)(N(C)C)N(C)C)(N(C)C)N(C)C,CC12CC3(C)OC(C)(CC(C)(O1)[P]3(c1ccccc1)->[Pd]1(<-[NH2]c3ccccc3-c3cccc[c]31)[O]S(C)(=O)=O)O2,,CS(C)=O,CS(C)=O,CS(C)=O,CS(C)=O,79200.0,0.0
Brc1cccnc1,CC1(C)OB(c2cnn(Cc3ccccc3)c2)OC1(C)C,O,C1CCC2=NCCCN2CC1,COc1ccc(OC)c([P](C23C[C@H]4C[C@@H](C2)C[C@@H](C3)C4)(C23C[C@H]4C[C@@H](C2)C[C@@H](C3)C4)->[Pd]2(<-[NH2]c3ccccc3-c3cccc[c]32)[O]S(C)(=O)=O)c1-c1c(C(C)C)cc(C(C)C)cc1C(C)C,,CS(C)=O,CS(C)=O,CS(C)=O,CS(C)=O,79200.0,1.4377375841140747
Brc1cccnc1,CCOC(=O)/C=C/c1ccccc1,,C1CCC2=NCCCN2CC1,CC(C)c1cc(C(C)C)c(-c2ccccc2[P](C(C)(C)C)(C(C)(C)C)->[Pd]2(<-[NH2]c3ccccc3-c3cccc[c]32)[O]S(C)(=O)=O)c(C(C)C)c1,,CS(C)=O,CS(C)=O,CS(C)=O,CS(C)=O,79200.0,0.0
Brc1cccnc1,Oc1ccccc1,,CCN=P(N=P(N(C)C)(N(C)C)N(C)C)(N(C)C)N(C)C,CS(=O)(=O)[O][Pd]1(<-[NH2]c2ccccc2-c2cccc[c]21)<-[P](c1ccccc1N1CCOCC1)(C12C[C@H]3C[C@@H](C1)C[C@@H](C2)C3)C12C[C@H]3C[C@@H](C1)C[C@@H](C2)C3,,CS(C)=O,CS(C)=O,CS(C)=O,CS(C)=O,79200.0,0.0
Brc1cccnc1,NC(=O)c1ccccc1,,CN1CCCN2CCCN=C12,COc1ccc(C)c(-c2c(C(C)C)cc(C(C)C)cc2C(C)C)c1[P](C(C)(C)C)(C(C)(C)C)->[Pd]1(<-[NH2]c2ccccc2-c2cccc[c]21)[O]S(C)(=O)=O,,CS(C)=O,CS(C)=O,CS(C)=O,CS(C)=O,79200.0,13.113300323486328
Brc1cccnc1,Nc1ccc(-c2ccccc2)cn1,,CN(C)C(=NC(C)(C)C)N(C)C,CC1(C)c2cccc(P(c3ccccc3)c3ccccc3)c2Oc2c1cccc2[P](c1ccccc1)(c1ccccc1)->[Pd]1([Cl])<-[NH2]c2ccccc2-c2cccc[c]21,,CS(C)=O,CS(C)=O,CS(C)=O,CS(C)=O,79200.0,0.7595484256744385
Brc1cccnc1,CC(C)(C)OC(N)=O,,CCN=P(N=P(N(C)C)(N(C)C)N(C)C)(N(C)C)N(C)C,CC(C)(C)[P](c1ccc(N)cc1)(C(C)(C)C)->[Pd]1(<-[NH2]c2ccccc2-c2cccc[c]21)[O]S(C)(=O)=O,,CS(C)=O,CS(C)=O,CS(C)=O,CS(C)=O,79200.0,0.0
Brc1cccnc1,Nc1ccccc1,,CN1CCCN2CCCN=C12,COc1ccc(C)c(-c2c(C(C)C)cc(C(C)C)cc2C(C)C)c1[P](C(C)(C)C)(C(C)(C)C)->[Pd]1(<-[NH2]c2ccccc2-c2cccc[c]21)[O]S(C)(=O)=O,,CS(C)=O,CS(C)=O,CS(C)=O,CS(C)=O,79200.0,12.952005386352539
Brc1cccnc1,NC(=O)c1ccccc1,,CCN=P(N=P(N(C)C)(N(C)C)N(C)C)(N(C)C)N(C)C,COc1ccc(C)c(-c2c(C(C)C)cc(C(C)C)cc2C(C)C)c1[P](C(C)(C)C)(C(C)(C)C)->[Pd]1(<-[NH2]c2ccccc2-c2cccc[c]21)[O]S(C)(=O)=O,,CS(C)=O,CS(C)=O,CS(C)=O,CS(C)=O,79200.0,9.719629287719727
Brc1cccnc1,CCOC(=O)/C=C/c1ccccc1,,C1CCC2=NCCCN2CC1,CC(C)(C)[P](C(C)(C)C)(C(C)(C)C)->[Pd]1([Cl])<-[NH2]c2ccccc2-c2cccc[c]21,,CS(C)=O,CS(C)=O,CS(C)=O,CS(C)=O,79200.0,0.0
Brc1cccnc1,C#Cc1ccc(CCCC)cc1,,CCN(CC)P1(=NC(C)(C)C)N(C)CCCN1C,CC(C)c1cc(C(C)C)c(-c2ccccc2[P](C2CCCCC2)(C2CCCCC2)->[Pd]2(<-[NH2]c3ccccc3-c3cccc[c]32)[O]S(C)(=O)=O)c(C(C)C)c1,,CS(C)=O,CS(C)=O,CS(C)=O,CS(C)=O,79200.0,15.512804985046387
Brc1cccnc1,CC(C)(C)OC(N)=O,,C1CCC2=NCCCN2CC1,COc1ccc(OC)c([P](C23C[C@H]4C[C@@H](C2)C[C@@H](C3)C4)(C23C[C@H]4C[C@@H](C2)C[C@@H](C3)C4)->[Pd]2(<-[NH2]c3ccccc3-c3cccc[c]32)[O]S(C)(=O)=O)c1-c1c(C(C)C)cc(C(C)C)cc1C(C)C,,CS(C)=O,CS(C)=O,CS(C)=O,CS(C)=O,79200.0,0.3670991063117981
Brc1cccnc1,Oc1ccccc1,,CC(C)(C)N=P(N1CCCC1)(N1CCCC1)N1CCCC1,CS(=O)(=O)[O][Pd]1(<-[NH2]c2ccccc2-c2cccc[c]21)<-[P](c1ccccc1)(c1ccccc1)c1ccc2ccccc2c1-c1c(P(c2ccccc2)c2ccccc2)ccc2ccccc12,,CS(C)=O,CS(C)=O,CS(C)=O,CS(C)=O,79200.0,0.0
Brc1cccnc1,CC(C)(C)OC(N)=O,,CCN(CC)P1(=NC(C)(C)C)N(C)CCCN1C,CS(=O)(=O)[O][Pd]1(<-[NH2]c2ccccc2-c2cccc[c]21)<-[P](c1ccccc1)(c1ccccc1)c1ccc2ccccc2c1-c1c(P(c2ccccc2)c2ccccc2)ccc2ccccc12,,CS(C)=O,CS(C)=O,CS(C)=O,CS(C)=O,79200.0,0.0
Brc1cccnc1,CC1(C)OB(c2cnn(Cc3ccccc3)c2)OC1(C)C,O,CC(C)(C)N=P(N1CCCC1)(N1CCCC1)N1CCCC1,CS(=O)(=O)[O][Pd]1(<-[NH2]c2ccccc2-c2cccc[c]21)<-[P](c1ccccc1)(c1ccccc1)c1ccc2ccccc2c1-c1c(P(c2ccccc2)c2ccccc2)ccc2ccccc12,,CS(C)=O,CS(C)=O,CS(C)=O,CS(C)=O,79200.0,0.29510626196861267
Brc1cccnc1,Nc1ccc(-c2ccccc2)cn1,,CCN=P(N=P(N(C)C)(N(C)C)N(C)C)(N(C)C)N(C)C,CC(C)(C)[P](c1ccc(N)cc1)(C(C)(C)C)->[Pd]1(<-[NH2]c2ccccc2-c2cccc[c]21)[O]S(C)(=O)=O,,CS(C)=O,CS(C)=O,CS(C)=O,CS(C)=O,79200.0,0.0
Brc1cccnc1,N=C(N)Cc1ccccc1,,CCN=P(N=P(N(C)C)(N(C)C)N(C)C)(N(C)C)N(C)C,CC(C)c1cc(C(C)C)c(-c2ccccc2[P](C2CCCCC2)(C2CCCCC2)->[Pd]2(<-[NH2]c3ccccc3-c3cccc[c]32)[O]S(C)(=O)=O)c(C(C)C)c1,,CS(C)=O,CS(C)=O,CS(C)=O,CS(C)=O,79200.0,0.0
Brc1cccnc1,Oc1ccccc1,,C1CCC2=NCCCN2CC1,CC(C1=C([P](C2CCCCC2)(C2CCCCC2)->[Pd]2(<-[NH2]c3ccccc3-c3cccc[c]32)[O]S(C)(=O)=O)[CH]([Fe][CH]2C=CC=C2)C=C1)P(C(C)(C)C)C(C)(C)C,,CS(C)=O,CS(C)=O,CS(C)=O,CS(C)=O,79200.0,0.0
Brc1cccnc1,OCCCc1ccccc1,,CN1CCCN2CCCN=C12,CS(=O)(=O)[O][Pd]1(<-[NH2]c2ccccc2-c2cccc[c]21)<-[P](c1ccccc1N1CCOCC1)(C12C[C@H]3C[C@@H](C1)C[C@@H](C2)C3)C12C[C@H]3C[C@@H](C1)C[C@@H](C2)C3,,CS(C)=O,CS(C)=O,CS(C)=O,CS(C)=O,79200.0,0.0
Brc1cccnc1,Sc1ccccc1,,CN1CCCN2CCCN=C12,CC1(C)c2cccc(P(c3ccccc3)c3ccccc3)c2Oc2c1cccc2[P](c1ccccc1)(c1ccccc1)->[Pd]1([Cl])<-[NH2]c2ccccc2-c2cccc[c]21,,CS(C)=O,CS(C)=O,CS(C)=O,CS(C)=O,79200.0,0.0
Brc1cccnc1,CC(N)CCc1ccccc1,,CN(C)C(=NC(C)(C)C)N(C)C,CS(=O)(=O)[O][Pd]1(<-[NH2]c2ccccc2-c2cccc[c]21)<-[P](c1ccccc1)(c1ccccc1)c1ccc2ccccc2c1-c1c(P(c2ccccc2)c2ccccc2)ccc2ccccc12,,CS(C)=O,CS(C)=O,CS(C)=O,CS(C)=O,79200.0,0.0
Brc1cccnc1,OCCCc1ccccc1,,CCN=P(N=P(N(C)C)(N(C)C)N(C)C)(N(C)C)N(C)C,COc1ccc(OC)c([P](C(C)(C)C)(C(C)(C)C)->[Pd]2(<-[NH2]c3ccccc3-c3cccc[c]32)[O]S(C)(=O)=O)c1-c1c(C(C)C)cc(C(C)C)cc1C(C)C,,CS(C)=O,CS(C)=O,CS(C)=O,CS(C)=O,79200.0,9.83034896850586
Brc1cccnc1,CCOC(=O)/C=C/c1ccccc1,,CC(C)(C)N=P(N1CCCC1)(N1CCCC1)N1CCCC1,CC1(C)c2cccc(P(c3ccccc3)c3ccccc3)c2Oc2c1cccc2[P](c1ccccc1)(c1ccccc1)->[Pd]1([Cl])<-[NH2]c2ccccc2-c2cccc[c]21,,CS(C)=O,CS(C)=O,CS(C)=O,CS(C)=O,79200.0,0.0
Brc1cccnc1,CCOC(=O)CC(=O)OCC,,CCN=P(N=P(N(C)C)(N(C)C)N(C)C)(N(C)C)N(C)C,CC12CC3(C)OC(C)(CC(C)(O1)[P]3(c1ccccc1)->[Pd]1(<-[NH2]c3ccccc3-c3cccc[c]31)[O]S(C)(=O)=O)O2,,CS(C)=O,CS(C)=O,CS(C)=O,CS(C)=O,79200.0,0.0
Brc1cccnc1,CC(N)CCc1ccccc1,,CN1CCCN2CCCN=C12,CC(C1=C([P](C2CCCCC2)(C2CCCCC2)->[Pd]2(<-[NH2]c3ccccc3-c3cccc[c]32)[O]S(C)(=O)=O)[CH]([Fe][CH]2C=CC=C2)C=C1)P(C(C)(C)C)C(C)(C)C,,CS(C)=O,CS(C)=O,CS(C)=O,CS(C)=O,79200.0,0.0
Brc1cccnc1,CCOC(=O)CC(=O)OCC,,CCN=P(N=P(N(C)C)(N(C)C)N(C)C)(N(C)C)N(C)C,CC1(C)c2cccc(P(c3ccccc3)c3ccccc3)c2Oc2c1cccc2[P](c1ccccc1)(c1ccccc1)->[Pd]1([Cl])<-[NH2]c2ccccc2-c2cccc[c]21,,CS(C)=O,CS(C)=O,CS(C)=O,CS(C)=O,79200.0,0.0
Brc1cccnc1,C#Cc1ccc(CCCC)cc1,,CN(C)C(=NC(C)(C)C)N(C)C,CC(C)c1cc(C(C)C)c(-c2ccccc2[P](C2CCCCC2)(C2CCCCC2)->[Pd]2(<-[NH2]c3ccccc3-c3cccc[c]32)[O]S(C)(=O)=O)c(C(C)C)c1,,CS(C)=O,CS(C)=O,CS(C)=O,CS(C)=O,79200.0,19.337467193603516
Brc1cccnc1,Nc1ccc(-c2ccccc2)cn1,,CN(C)C(=NC(C)(C)C)N(C)C,CC(C)(C)[P](c1ccc(N)cc1)(C(C)(C)C)->[Pd]1(<-[NH2]c2ccccc2-c2cccc[c]21)[O]S(C)(=O)=O,,CS(C)=O,CS(C)=O,CS(C)=O,CS(C)=O,79200.0,0.0
Brc1cccnc1,Oc1ccccc1,,CCN=P(N=P(N(C)C)(N(C)C)N(C)C)(N(C)C)N(C)C,CC(C)c1cc(C(C)C)c(-c2ccccc2[P](C(C)(C)C)(C(C)(C)C)->[Pd]2(<-[NH2]c3ccccc3-c3cccc[c]32)[O]S(C)(=O)=O)c(C(C)C)c1,,CS(C)=O,CS(C)=O,CS(C)=O,CS(C)=O,79200.0,0.0
Brc1cccnc1,CC1(C)OB(c2cnn(Cc3ccccc3)c2)OC1(C)C,O,CCN=P(N=P(N(C)C)(N(C)C)N(C)C)(N(C)C)N(C)C,CC(C)(C)P(C1=CC=C[CH]1[Fe][CH]1C=CC=C1[P](C(C)(C)C)(C(C)(C)C)->[Pd]1(<-[NH2]c2ccccc2-c2cccc[c]21)[O]S(C)(=O)=O)C(C)(C)C,,CS(C)=O,CS(C)=O,CS(C)=O,CS(C)=O,79200.0,21.1261043548584
Brc1cccnc1,CC(C)(C)OC(N)=O,,CC(C)(C)N=P(N1CCCC1)(N1CCCC1)N1CCCC1,CS(=O)(=O)[O][Pd]1(<-[NH2]c2ccccc2-c2cccc[c]21)<-[P](c1ccccc1N1CCOCC1)(C12C[C@H]3C[C@@H](C1)C[C@@H](C2)C3)C12C[C@H]3C[C@@H](C1)C[C@@H](C2)C3,,CS(C)=O,CS(C)=O,CS(C)=O,CS(C)=O,79200.0,0.0
Brc1cccnc1,CCOC(=O)/C=C/c1ccccc1,,C1CCC2=NCCCN2CC1,CC(C)Oc1cccc(OC(C)C)c1-c1ccccc1[P](C1CCCCC1)(C1CCCCC1)->[Pd]1([Cl])<-[NH2]c2ccccc2-c2cccc[c]21,,CS(C)=O,CS(C)=O,CS(C)=O,CS(C)=O,79200.0,0.0
Brc1cccnc1,c1ccc(Pc2ccccc2)cc1,,C1CCC2=NCCCN2CC1,COc1ccc(OC)c([P](C(C)(C)C)(C(C)(C)C)->[Pd]2(<-[NH2]c3ccccc3-c3cccc[c]32)[O]S(C)(=O)=O)c1-c1c(C(C)C)cc(C(C)C)cc1C(C)C,,CS(C)=O,CS(C)=O,CS(C)=O,CS(C)=O,79200.0,0.0
Brc1cccnc1,CC(N)CCc1ccccc1,,C1CCC2=NCCCN2CC1,CC(C)(C)[P](C(C)(C)C)(C(C)(C)C)->[Pd]1([Cl])<-[NH2]c2ccccc2-c2cccc[c]21,,CS(C)=O,CS(C)=O,CS(C)=O,CS(C)=O,79200.0,0.0
Brc1cccnc1,N=C(N)Cc1ccccc1,,CCN(CC)P1(=NC(C)(C)C)N(C)CCCN1C,COc1ccc(C)c(-c2c(C(C)C)cc(C(C)C)cc2C(C)C)c1[P](C(C)(C)C)(C(C)(C)C)->[Pd]1(<-[NH2]c2ccccc2-c2cccc[c]21)[O]S(C)(=O)=O,,CS(C)=O,CS(C)=O,CS(C)=O,CS(C)=O,79200.0,0.0
Brc1cccnc1,c1ccc(Pc2ccccc2)cc1,,CCN=P(N=P(N(C)C)(N(C)C)N(C)C)(N(C)C)N(C)C,CC(C)(C)[P](C(C)(C)C)(C(C)(C)C)->[Pd]1([Cl])<-[NH2]c2ccccc2-c2cccc[c]21,,CS(C)=O,CS(C)=O,CS(C)=O,CS(C)=O,79200.0,0.0
Brc1cccnc1,CC(N)CCc1ccccc1,,CN(C)C(=NC(C)(C)C)N(C)C,COc1ccc(OC)c([P](C23C[C@H]4C[C@@H](C2)C[C@@H](C3)C4)(C23C[C@H]4C[C@@H](C2)C[C@@H](C3)C4)->[Pd]2(<-[NH2]c3ccccc3-c3cccc[c]32)[O]S(C)(=O)=O)c1-c1c(C(C)C)cc(C(C)C)cc1C(C)C,,CS(C)=O,CS(C)=O,CS(C)=O,CS(C)=O,79200.0,3.641601324081421
Brc1cccnc1,C#Cc1ccc(CCCC)cc1,,CCN(CC)P1(=NC(C)(C)C)N(C)CCCN1C,COc1ccc(OC)c([P](C(C)(C)C)(C(C)(C)C)->[Pd]2(<-[NH2]c3ccccc3-c3cccc[c]32)[O]S(C)(=O)=O)c1-c1c(C(C)C)cc(C(C)C)cc1C(C)C,,CS(C)=O,CS(C)=O,CS(C)=O,CS(C)=O,79200.0,0.15144984424114227
Brc1cccnc1,Nc1ccccc1,,C1CCC2=NCCCN2CC1,CC(C)(C)[P](c1ccc(N)cc1)(C(C)(C)C)->[Pd]1(<-[NH2]c2ccccc2-c2cccc[c]21)[O]S(C)(=O)=O,,CS(C)=O,CS(C)=O,CS(C)=O,CS(C)=O,79200.0,0.0
Brc1cccnc1,NS(=O)(=O)c1ccccc1,,CCN=P(N=P(N(C)C)(N(C)C)N(C)C)(N(C)C)N(C)C,CS(=O)(=O)[O][Pd]1(<-[NH2]c2ccccc2-c2cccc[c]21)<-[P](c1ccccc1N1CCOCC1)(C12C[C@H]3C[C@@H](C1)C[C@@H](C2)C3)C12C[C@H]3C[C@@H](C1)C[C@@H](C2)C3,,CS(C)=O,CS(C)=O,CS(C)=O,CS(C)=O,79200.0,0.0
Brc1cccnc1,CC(N)CCc1ccccc1,,CCN(CC)P1(=NC(C)(C)C)N(C)CCCN1C,CC(C)(C)P(C1=CC=C[CH]1[Fe][CH]1C=CC=C1[P](C(C)(C)C)(C(C)(C)C)->[Pd]1(<-[NH2]c2ccccc2-c2cccc[c]21)[O]S(C)(=O)=O)C(C)(C)C,,CS(C)=O,CS(C)=O,CS(C)=O,CS(C)=O,79200.0,0.14090055227279663
Brc1cccnc1,Sc1ccccc1,,CC(C)(C)N=P(N1CCCC1)(N1CCCC1)N1CCCC1,CC(C)(C)[P](c1ccc(N)cc1)(C(C)(C)C)->[Pd]1(<-[NH2]c2ccccc2-c2cccc[c]21)[O]S(C)(=O)=O,,CS(C)=O,CS(C)=O,CS(C)=O,CS(C)=O,79200.0,0.0
Brc1cccnc1,CC(N)CCc1ccccc1,,CCN=P(N=P(N(C)C)(N(C)C)N(C)C)(N(C)C)N(C)C,CS(=O)(=O)[O][Pd]1(<-[NH2]c2ccccc2-c2cccc[c]21)<-[P](c1ccccc1)(c1ccccc1)c1ccc2ccccc2c1-c1c(P(c2ccccc2)c2ccccc2)ccc2ccccc12,,CS(C)=O,CS(C)=O,CS(C)=O,CS(C)=O,79200.0,0.0
Brc1cccnc1,CCOC(=O)CC(=O)OCC,,CC(C)(C)N=P(N1CCCC1)(N1CCCC1)N1CCCC1,CS(=O)(=O)[O][Pd]1(<-[NH2]c2ccccc2-c2cccc[c]21)<-[P](c1ccccc1)(c1ccccc1)c1ccc2ccccc2c1-c1c(P(c2ccccc2)c2ccccc2)ccc2ccccc12,,CS(C)=O,CS(C)=O,CS(C)=O,CS(C)=O,79200.0,2.4977920055389404
Brc1cccnc1,Nc1ccc(-c2ccccc2)cn1,,CC(C)(C)N=P(N1CCCC1)(N1CCCC1)N1CCCC1,CC(C)c1cc(C(C)C)c(-c2ccccc2[P](C(C)(C)C)(C(C)(C)C)->[Pd]2(<-[NH2]c3ccccc3-c3cccc[c]32)[O]S(C)(=O)=O)c(C(C)C)c1,,CS(C)=O,CS(C)=O,CS(C)=O,CS(C)=O,79200.0,7.439842700958252
Brc1cccnc1,Nc1ccccc1,,CN(C)C(=NC(C)(C)C)N(C)C,CC(C)(C)[P](c1ccc(N)cc1)(C(C)(C)C)->[Pd]1(<-[NH2]c2ccccc2-c2cccc[c]21)[O]S(C)(=O)=O,,CS(C)=O,CS(C)=O,CS(C)=O,CS(C)=O,79200.0,0.0
Brc1cccnc1,Sc1ccccc1,,CC(C)(C)N=P(N1CCCC1)(N1CCCC1)N1CCCC1,CC(C)Oc1cccc(OC(C)C)c1-c1ccccc1[P](C1CCCCC1)(C1CCCCC1)->[Pd]1([Cl])<-[NH2]c2ccccc2-c2cccc[c]21,,CS(C)=O,CS(C)=O,CS(C)=O,CS(C)=O,79200.0,0.0
Brc1cccnc1,NC(=O)c1ccccc1,,CCN=P(N=P(N(C)C)(N(C)C)N(C)C)(N(C)C)N(C)C,CS(=O)(=O)[O][Pd]1(<-[NH2]c2ccccc2-c2cccc[c]21)<-[P](c1ccccc1)(c1ccccc1)c1ccc2ccccc2c1-c1c(P(c2ccccc2)c2ccccc2)ccc2ccccc12,,CS(C)=O,CS(C)=O,CS(C)=O,CS(C)=O,79200.0,0.0
Brc1cccnc1,Nc1ccc(-c2ccccc2)cn1,,C1CCC2=NCCCN2CC1,CC(C)c1cc(C(C)C)c(-c2ccccc2[P](C(C)(C)C)(C(C)(C)C)->[Pd]2(<-[NH2]c3ccccc3-c3cccc[c]32)[O]S(C)(=O)=O)c(C(C)C)c1,,CS(C)=O,CS(C)=O,CS(C)=O,CS(C)=O,79200.0,11.72010326385498
Brc1cccnc1,c1ccc2[nH]ncc2c1,,CN1CCCN2CCCN=C12,CC(C)c1cc(C(C)C)c(-c2ccccc2[P](C(C)(C)C)(C(C)(C)C)->[Pd]2(<-[NH2]c3ccccc3-c3cccc[c]32)[O]S(C)(=O)=O)c(C(C)C)c1,,CS(C)=O,CS(C)=O,CS(C)=O,CS(C)=O,79200.0,3.131317377090454
Brc1cccnc1,C#Cc1ccc(CCCC)cc1,,CC(C)(C)N=P(N1CCCC1)(N1CCCC1)N1CCCC1,CS(=O)(=O)[O][Pd]1(<-[NH2]c2ccccc2-c2cccc[c]21)<-[P](c1ccccc1N1CCOCC1)(C12C[C@H]3C[C@@H](C1)C[C@@H](C2)C3)C12C[C@H]3C[C@@H](C1)C[C@@H](C2)C3,,CS(C)=O,CS(C)=O,CS(C)=O,CS(C)=O,79200.0,0.05968877673149109
Brc1cccnc1,Nc1ccc(-c2ccccc2)cn1,,CN1CCCN2CCCN=C12,CS(=O)(=O)[O][Pd]1(<-[NH2]c2ccccc2-c2cccc[c]21)<-[P](c1ccccc1)(c1ccccc1)c1ccc2ccccc2c1-c1c(P(c2ccccc2)c2ccccc2)ccc2ccccc12,,CS(C)=O,CS(C)=O,CS(C)=O,CS(C)=O,79200.0,0.4548404812812805
Brc1cccnc1,c1ccc2[nH]ncc2c1,,CCN=P(N=P(N(C)C)(N(C)C)N(C)C)(N(C)C)N(C)C,COc1ccc(OC)c([P](C2CCCCC2)(C2CCCCC2)->[Pd]2(<-[NH2]c3ccccc3-c3cccc[c]32)[O]S(C)(=O)=O)c1-c1c(C(C)C)cc(C(C)C)cc1C(C)C,,CS(C)=O,CS(C)=O,CS(C)=O,CS(C)=O,79200.0,0.0
Brc1cccnc1,NS(=O)(=O)c1ccccc1,,CCN(CC)P1(=NC(C)(C)C)N(C)CCCN1C,COc1ccc(OC)c([P](C(C)(C)C)(C(C)(C)C)->[Pd]2(<-[NH2]c3ccccc3-c3cccc[c]32)[O]S(C)(=O)=O)c1-c1c(C(C)C)cc(C(C)C)cc1C(C)C,,CS(C)=O,CS(C)=O,CS(C)=O,CS(C)=O,79200.0,1.1534075736999512
Brc1cccnc1,Nc1ccc(-c2ccccc2)cn1,,CC(C)(C)N=P(N1CCCC1)(N1CCCC1)N1CCCC1,CC(C1=C([P](C2CCCCC2)(C2CCCCC2)->[Pd]2(<-[NH2]c3ccccc3-c3cccc[c]32)[O]S(C)(=O)=O)[CH]([Fe][CH]2C=CC=C2)C=C1)P(C(C)(C)C)C(C)(C)C,,CS(C)=O,CS(C)=O,CS(C)=O,CS(C)=O,79200.0,1.2360191345214844
Brc1cccnc1,NC(=O)c1ccccc1,,CN1CCCN2CCCN=C12,CC(C)c1cc(C(C)C)c(-c2ccccc2[P](C2CCCCC2)(C2CCCCC2)->[Pd]2(<-[NH2]c3ccccc3-c3cccc[c]32)[O]S(C)(=O)=O)c(C(C)C)c1,,CS(C)=O,CS(C)=O,CS(C)=O,CS(C)=O,79200.0,0.0
Brc1cccnc1,Nc1ccccc1,,CCN(CC)P1(=NC(C)(C)C)N(C)CCCN1C,CC12CC3(C)OC(C)(CC(C)(O1)[P]3(c1ccccc1)->[Pd]1(<-[NH2]c3ccccc3-c3cccc[c]31)[O]S(C)(=O)=O)O2,,CS(C)=O,CS(C)=O,CS(C)=O,CS(C)=O,79200.0,0.0
Brc1cccnc1,CC(C)(C)OC(N)=O,,CC(C)(C)N=P(N1CCCC1)(N1CCCC1)N1CCCC1,CC(C)Oc1cccc(OC(C)C)c1-c1ccccc1[P](C1CCCCC1)(C1CCCCC1)->[Pd]1([Cl])<-[NH2]c2ccccc2-c2cccc[c]21,,CS(C)=O,CS(C)=O,CS(C)=O,CS(C)=O,79200.0,0.0
Brc1cccnc1,N=C(N)Cc1ccccc1,,CCN(CC)P1(=NC(C)(C)C)N(C)CCCN1C,CS(=O)(=O)[O][Pd]1(<-[NH2]c2ccccc2-c2cccc[c]21)<-[P](c1ccccc1)(c1ccccc1)c1ccc2ccccc2c1-c1c(P(c2ccccc2)c2ccccc2)ccc2ccccc12,,CS(C)=O,CS(C)=O,CS(C)=O,CS(C)=O,79200.0,0.0
Brc1cccnc1,CC1(C)OB(c2cnn(Cc3ccccc3)c2)OC1(C)C,O,CC(C)(C)N=P(N1CCCC1)(N1CCCC1)N1CCCC1,CC(C1=C([P](C2CCCCC2)(C2CCCCC2)->[Pd]2(<-[NH2]c3ccccc3-c3cccc[c]32)[O]S(C)(=O)=O)[CH]([Fe][CH]2C=CC=C2)C=C1)P(C(C)(C)C)C(C)(C)C,,CS(C)=O,CS(C)=O,CS(C)=O,CS(C)=O,79200.0,3.123030662536621
Brc1cccnc1,CC(C)(C)OC(N)=O,,CCN(CC)P1(=NC(C)(C)C)N(C)CCCN1C,CC(C)(C)[P](c1ccc(N)cc1)(C(C)(C)C)->[Pd]1(<-[NH2]c2ccccc2-c2cccc[c]21)[O]S(C)(=O)=O,,CS(C)=O,CS(C)=O,CS(C)=O,CS(C)=O,79200.0,0.0
Brc1cccnc1,Sc1ccccc1,,CN1CCCN2CCCN=C12,CC(C)(C)[P](c1ccc(N)cc1)(C(C)(C)C)->[Pd]1(<-[NH2]c2ccccc2-c2cccc[c]21)[O]S(C)(=O)=O,,CS(C)=O,CS(C)=O,CS(C)=O,CS(C)=O,79200.0,0.0
Brc1cccnc1,Oc1ccccc1,,CN1CCCN2CCCN=C12,COc1ccc(C)c(-c2c(C(C)C)cc(C(C)C)cc2C(C)C)c1[P](C(C)(C)C)(C(C)(C)C)->[Pd]1(<-[NH2]c2ccccc2-c2cccc[c]21)[O]S(C)(=O)=O,,CS(C)=O,CS(C)=O,CS(C)=O,CS(C)=O,79200.0,0.0
Brc1cccnc1,c1ccc(Pc2ccccc2)cc1,,CCN(CC)P1(=NC(C)(C)C)N(C)CCCN1C,CC(C)c1cc(C(C)C)c(-c2ccccc2[P](C(C)(C)C)(C(C)(C)C)->[Pd]2(<-[NH2]c3ccccc3-c3cccc[c]32)[O]S(C)(=O)=O)c(C(C)C)c1,,CS(C)=O,CS(C)=O,CS(C)=O,CS(C)=O,79200.0,0.0
Brc1cccnc1,CC1(C)OB(c2cnn(Cc3ccccc3)c2)OC1(C)C,O,C1CCC2=NCCCN2CC1,CC(C1=C([P](C2CCCCC2)(C2CCCCC2)->[Pd]2(<-[NH2]c3ccccc3-c3cccc[c]32)[O]S(C)(=O)=O)[CH]([Fe][CH]2C=CC=C2)C=C1)P(C(C)(C)C)C(C)(C)C,,CS(C)=O,CS(C)=O,CS(C)=O,CS(C)=O,79200.0,0.0
Brc1cccnc1,CCOC(=O)CC(=O)OCC,,CCN(CC)P1(=NC(C)(C)C)N(C)CCCN1C,CC(C)c1cc(C(C)C)c(-c2ccccc2[P](C2CCCCC2)(C2CCCCC2)->[Pd]2(<-[NH2]c3ccccc3-c3cccc[c]32)[O]S(C)(=O)=O)c(C(C)C)c1,,CS(C)=O,CS(C)=O,CS(C)=O,CS(C)=O,79200.0,0.8960828185081482
Brc1cccnc1,NS(=O)(=O)c1ccccc1,,CCN=P(N=P(N(C)C)(N(C)C)N(C)C)(N(C)C)N(C)C,CC12CC3(C)OC(C)(CC(C)(O1)[P]3(c1ccccc1)->[Pd]1(<-[NH2]c3ccccc3-c3cccc[c]31)[O]S(C)(=O)=O)O2,,CS(C)=O,CS(C)=O,CS(C)=O,CS(C)=O,79200.0,0.0
Brc1cccnc1,N=C(N)Cc1ccccc1,,C1CCC2=NCCCN2CC1,CC(C)(C)[P](C(C)(C)C)(C(C)(C)C)->[Pd]1([Cl])<-[NH2]c2ccccc2-c2cccc[c]21,,CS(C)=O,CS(C)=O,CS(C)=O,CS(C)=O,79200.0,0.0
Brc1cccnc1,Nc1ccccc1,,CN(C)C(=NC(C)(C)C)N(C)C,CC(C)Oc1cccc(OC(C)C)c1-c1ccccc1[P](C1CCCCC1)(C1CCCCC1)->[Pd]1([Cl])<-[NH2]c2ccccc2-c2cccc[c]21,,CS(C)=O,CS(C)=O,CS(C)=O,CS(C)=O,79200.0,0.45945051312446594
Brc1cccnc1,CC(C)(C)OC(N)=O,,CN(C)C(=NC(C)(C)C)N(C)C,CC12CC3(C)OC(C)(CC(C)(O1)[P]3(c1ccccc1)->[Pd]1(<-[NH2]c3ccccc3-c3cccc[c]31)[O]S(C)(=O)=O)O2,,CS(C)=O,CS(C)=O,CS(C)=O,CS(C)=O,79200.0,0.0
Brc1cccnc1,Sc1ccccc1,,CN(C)C(=NC(C)(C)C)N(C)C,CS(=O)(=O)[O][Pd]1(<-[NH2]c2ccccc2-c2cccc[c]21)<-[P](c1ccccc1)(c1ccccc1)c1ccc2ccccc2c1-c1c(P(c2ccccc2)c2ccccc2)ccc2ccccc12,,CS(C)=O,CS(C)=O,CS(C)=O,CS(C)=O,79200.0,0.0
Brc1cccnc1,Nc1ccc(-c2ccccc2)cn1,,CN(C)C(=NC(C)(C)C)N(C)C,CC(C)(C)P(C1=CC=C[CH]1[Fe][CH]1C=CC=C1[P](C(C)(C)C)(C(C)(C)C)->[Pd]1(<-[NH2]c2ccccc2-c2cccc[c]21)[O]S(C)(=O)=O)C(C)(C)C,,CS(C)=O,CS(C)=O,CS(C)=O,CS(C)=O,79200.0,0.47951018810272217
Brc1cccnc1,CC(C)(C)OC(N)=O,,CC(C)(C)N=P(N1CCCC1)(N1CCCC1)N1CCCC1,CC(C)c1cc(C(C)C)c(-c2ccccc2[P](C(C)(C)C)(C(C)(C)C)->[Pd]2(<-[NH2]c3ccccc3-c3cccc[c]32)[O]S(C)(=O)=O)c(C(C)C)c1,,CS(C)=O,CS(C)=O,CS(C)=O,CS(C)=O,79200.0,3.8379878997802734
Brc1cccnc1,NC(=O)c1ccccc1,,CCN(CC)P1(=NC(C)(C)C)N(C)CCCN1C,CS(=O)(=O)[O][Pd]1(<-[NH2]c2ccccc2-c2cccc[c]21)<-[P](C1=CC=C[CH]1[Fe][CH]1C=CC=C1P(c1ccccc1)c1ccccc1)(c1ccccc1)c1ccccc1,,CS(C)=O,CS(C)=O,CS(C)=O,CS(C)=O,79200.0,0.0
Brc1cccnc1,c1ccc(Pc2ccccc2)cc1,,CN1CCCN2CCCN=C12,CS(=O)(=O)[O][Pd]1(<-[NH2]c2ccccc2-c2cccc[c]21)<-[P](C1=CC=C[CH]1[Fe][CH]1C=CC=C1P(c1ccccc1)c1ccccc1)(c1ccccc1)c1ccccc1,,CS(C)=O,CS(C)=O,CS(C)=O,CS(C)=O,79200.0,0.0
Brc1cccnc1,CC1(C)OB(c2cnn(Cc3ccccc3)c2)OC1(C)C,O,CN1CCCN2CCCN=C12,COc1ccc(C)c(-c2c(C(C)C)cc(C(C)C)cc2C(C)C)c1[P](C(C)(C)C)(C(C)(C)C)->[Pd]1(<-[NH2]c2ccccc2-c2cccc[c]21)[O]S(C)(=O)=O,,CS(C)=O,CS(C)=O,CS(C)=O,CS(C)=O,79200.0,0.23966220021247864
Brc1cccnc1,C#Cc1ccc(CCCC)cc1,,CN(C)C(=NC(C)(C)C)N(C)C,COc1ccc(OC)c([P](C2CCCCC2)(C2CCCCC2)->[Pd]2(<-[NH2]c3ccccc3-c3cccc[c]32)[O]S(C)(=O)=O)c1-c1c(C(C)C)cc(C(C)C)cc1C(C)C,,CS(C)=O,CS(C)=O,CS(C)=O,CS(C)=O,79200.0,28.961750030517578
Brc1cccnc1,OCCCc1ccccc1,,C1CCC2=NCCCN2CC1,COc1ccc(OC)c([P](C(C)(C)C)(C(C)(C)C)->[Pd]2(<-[NH2]c3ccccc3-c3cccc[c]32)[O]S(C)(=O)=O)c1-c1c(C(C)C)cc(C(C)C)cc1C(C)C,,CS(C)=O,CS(C)=O,CS(C)=O,CS(C)=O,79200.0,0.39320817589759827
Brc1cccnc1,Oc1ccccc1,,CN(C)C(=NC(C)(C)C)N(C)C,COc1ccc(OC)c([P](C(C)(C)C)(C(C)(C)C)->[Pd]2(<-[NH2]c3ccccc3-c3cccc[c]32)[O]S(C)(=O)=O)c1-c1c(C(C)C)cc(C(C)C)cc1C(C)C,,CS(C)=O,CS(C)=O,CS(C)=O,CS(C)=O,79200.0,0.0
Brc1cccnc1,NC(=O)c1ccccc1,,CC(C)(C)N=P(N1CCCC1)(N1CCCC1)N1CCCC1,CC(C)Oc1cccc(OC(C)C)c1-c1ccccc1[P](C1CCCCC1)(C1CCCCC1)->[Pd]1([Cl])<-[NH2]c2ccccc2-c2cccc[c]21,,CS(C)=O,CS(C)=O,CS(C)=O,CS(C)=O,79200.0,0.0
Brc1cccnc1,CCOC(=O)CC(=O)OCC,,CCN(CC)P1(=NC(C)(C)C)N(C)CCCN1C,COc1ccc(OC)c([P](C2CCCCC2)(C2CCCCC2)->[Pd]2(<-[NH2]c3ccccc3-c3cccc[c]32)[O]S(C)(=O)=O)c1-c1c(C(C)C)cc(C(C)C)cc1C(C)C,,CS(C)=O,CS(C)=O,CS(C)=O,CS(C)=O,79200.0,0.25079235434532166
Brc1cccnc1,c1ccc2[nH]ncc2c1,,C1CCC2=NCCCN2CC1,CC(C)c1cc(C(C)C)c(-c2ccccc2[P](C(C)(C)C)(C(C)(C)C)->[Pd]2(<-[NH2]c3ccccc3-c3cccc[c]32)[O]S(C)(=O)=O)c(C(C)C)c1,,CS(C)=O,CS(C)=O,CS(C)=O,CS(C)=O,79200.0,2.7116153240203857
Brc1cccnc1,Nc1ccccc1,,CC(C)(C)N=P(N1CCCC1)(N1CCCC1)N1CCCC1,CS(=O)(=O)[O][Pd]1(<-[NH2]c2ccccc2-c2cccc[c]21)<-[P](C1=CC=C[CH]1[Fe][CH]1C=CC=C1P(c1ccccc1)c1ccccc1)(c1ccccc1)c1ccccc1,,CS(C)=O,CS(C)=O,CS(C)=O,CS(C)=O,79200.0,0.0
Brc1cccnc1,c1ccc(Pc2ccccc2)cc1,,C1CCC2=NCCCN2CC1,COc1ccc(OC)c([P](C23C[C@H]4C[C@@H](C2)C[C@@H](C3)C4)(C23C[C@H]4C[C@@H](C2)C[C@@H](C3)C4)->[Pd]2(<-[NH2]c3ccccc3-c3cccc[c]32)[O]S(C)(=O)=O)c1-c1c(C(C)C)cc(C(C)C)cc1C(C)C,,CS(C)=O,CS(C)=O,CS(C)=O,CS(C)=O,79200.0,0.0
Brc1cccnc1,CCOC(=O)/C=C/c1ccccc1,,C1CCC2=NCCCN2CC1,COc1ccc(OC)c([P](C2CCCCC2)(C2CCCCC2)->[Pd]2(<-[NH2]c3ccccc3-c3cccc[c]32)[O]S(C)(=O)=O)c1-c1c(C(C)C)cc(C(C)C)cc1C(C)C,,CS(C)=O,CS(C)=O,CS(C)=O,CS(C)=O,79200.0,0.0
Brc1cccnc1,CC(C)(C)OC(N)=O,,CN(C)C(=NC(C)(C)C)N(C)C,COc1ccc(OC)c([P](C2CCCCC2)(C2CCCCC2)->[Pd]2(<-[NH2]c3ccccc3-c3cccc[c]32)[O]S(C)(=O)=O)c1-c1c(C(C)C)cc(C(C)C)cc1C(C)C,,CS(C)=O,CS(C)=O,CS(C)=O,CS(C)=O,79200.0,1.245625376701355
Brc1cccnc1,CC(C)(C)OC(N)=O,,CCN=P(N=P(N(C)C)(N(C)C)N(C)C)(N(C)C)N(C)C,CC1(C)c2cccc(P(c3ccccc3)c3ccccc3)c2Oc2c1cccc2[P](c1ccccc1)(c1ccccc1)->[Pd]1([Cl])<-[NH2]c2ccccc2-c2cccc[c]21,,CS(C)=O,CS(C)=O,CS(C)=O,CS(C)=O,79200.0,0.0
Brc1cccnc1,CCOC(=O)/C=C/c1ccccc1,,CN(C)C(=NC(C)(C)C)N(C)C,CC12CC3(C)OC(C)(CC(C)(O1)[P]3(c1ccccc1)->[Pd]1(<-[NH2]c3ccccc3-c3cccc[c]31)[O]S(C)(=O)=O)O2,,CS(C)=O,CS(C)=O,CS(C)=O,CS(C)=O,79200.0,0.0
Brc1cccnc1,c1ccc(Pc2ccccc2)cc1,,CCN=P(N=P(N(C)C)(N(C)C)N(C)C)(N(C)C)N(C)C,CC(C)c1cc(C(C)C)c(-c2ccccc2[P](C2CCCCC2)(C2CCCCC2)->[Pd]2(<-[NH2]c3ccccc3-c3cccc[c]32)[O]S(C)(=O)=O)c(C(C)C)c1,,CS(C)=O,CS(C)=O,CS(C)=O,CS(C)=O,79200.0,0.0
Brc1cccnc1,Sc1ccccc1,,CN1CCCN2CCCN=C12,COc1ccc(OC)c([P](C(C)(C)C)(C(C)(C)C)->[Pd]2(<-[NH2]c3ccccc3-c3cccc[c]32)[O]S(C)(=O)=O)c1-c1c(C(C)C)cc(C(C)C)cc1C(C)C,,CS(C)=O,CS(C)=O,CS(C)=O,CS(C)=O,79200.0,0.0
Brc1cccnc1,CC(N)CCc1ccccc1,,CN1CCCN2CCCN=C12,CS(=O)(=O)[O][Pd]1(<-[NH2]c2ccccc2-c2cccc[c]21)<-[P](c1ccccc1)(c1ccccc1)c1ccc2ccccc2c1-c1c(P(c2ccccc2)c2ccccc2)ccc2ccccc12,,CS(C)=O,CS(C)=O,CS(C)=O,CS(C)=O,79200.0,0.0
Brc1cccnc1,NS(=O)(=O)c1ccccc1,,CN(C)C(=NC(C)(C)C)N(C)C,CC(C1=C([P](C2CCCCC2)(C2CCCCC2)->[Pd]2(<-[NH2]c3ccccc3-c3cccc[c]32)[O]S(C)(=O)=O)[CH]([Fe][CH]2C=CC=C2)C=C1)P(C(C)(C)C)C(C)(C)C,,CS(C)=O,CS(C)=O,CS(C)=O,CS(C)=O,79200.0,0.0
Brc1cccnc1,NC(=O)c1ccccc1,,CN(C)C(=NC(C)(C)C)N(C)C,COc1ccc(C)c(-c2c(C(C)C)cc(C(C)C)cc2C(C)C)c1[P](C(C)(C)C)(C(C)(C)C)->[Pd]1(<-[NH2]c2ccccc2-c2cccc[c]21)[O]S(C)(=O)=O,,CS(C)=O,CS(C)=O,CS(C)=O,CS(C)=O,79200.0,12.303091049194336
Brc1cccnc1,Oc1ccccc1,,CN1CCCN2CCCN=C12,CC12CC3(C)OC(C)(CC(C)(O1)[P]3(c1ccccc1)->[Pd]1(<-[NH2]c3ccccc3-c3cccc[c]31)[O]S(C)(=O)=O)O2,,CS(C)=O,CS(C)=O,CS(C)=O,CS(C)=O,79200.0,0.0
Brc1cccnc1,c1ccc(Pc2ccccc2)cc1,,CCN=P(N=P(N(C)C)(N(C)C)N(C)C)(N(C)C)N(C)C,CS(=O)(=O)[O][Pd]1(<-[NH2]c2ccccc2-c2cccc[c]21)<-[P](C1=CC=C[CH]1[Fe][CH]1C=CC=C1P(c1ccccc1)c1ccccc1)(c1ccccc1)c1ccccc1,,CS(C)=O,CS(C)=O,CS(C)=O,CS(C)=O,79200.0,0.0
Brc1cccnc1,c1ccc(Pc2ccccc2)cc1,,C1CCC2=NCCCN2CC1,CC12CC3(C)OC(C)(CC(C)(O1)[P]3(c1ccccc1)->[Pd]1(<-[NH2]c3ccccc3-c3cccc[c]31)[O]S(C)(=O)=O)O2,,CS(C)=O,CS(C)=O,CS(C)=O,CS(C)=O,79200.0,0.0
Brc1cccnc1,Sc1ccccc1,,C1CCC2=NCCCN2CC1,COc1ccc(OC)c([P](C2CCCCC2)(C2CCCCC2)->[Pd]2(<-[NH2]c3ccccc3-c3cccc[c]32)[O]S(C)(=O)=O)c1-c1c(C(C)C)cc(C(C)C)cc1C(C)C,,CS(C)=O,CS(C)=O,CS(C)=O,CS(C)=O,79200.0,0.0
Brc1cccnc1,Nc1ccccc1,,CN1CCCN2CCCN=C12,COc1ccc(OC)c([P](C2CCCCC2)(C2CCCCC2)->[Pd]2(<-[NH2]c3ccccc3-c3cccc[c]32)[O]S(C)(=O)=O)c1-c1c(C(C)C)cc(C(C)C)cc1C(C)C,,CS(C)=O,CS(C)=O,CS(C)=O,CS(C)=O,79200.0,11.951987266540527
Brc1cccnc1,NS(=O)(=O)c1ccccc1,,CCN=P(N=P(N(C)C)(N(C)C)N(C)C)(N(C)C)N(C)C,CC(C)c1cc(C(C)C)c(-c2ccccc2[P](C(C)(C)C)(C(C)(C)C)->[Pd]2(<-[NH2]c3ccccc3-c3cccc[c]32)[O]S(C)(=O)=O)c(C(C)C)c1,,CS(C)=O,CS(C)=O,CS(C)=O,CS(C)=O,79200.0,5.4460883140563965
Brc1cccnc1,NC(=O)c1ccccc1,,CC(C)(C)N=P(N1CCCC1)(N1CCCC1)N1CCCC1,COc1ccc(C)c(-c2c(C(C)C)cc(C(C)C)cc2C(C)C)c1[P](C(C)(C)C)(C(C)(C)C)->[Pd]1(<-[NH2]c2ccccc2-c2cccc[c]21)[O]S(C)(=O)=O,,CS(C)=O,CS(C)=O,CS(C)=O,CS(C)=O,79200.0,6.793605804443359
Brc1cccnc1,CC(N)CCc1ccccc1,,CN1CCCN2CCCN=C12,CC(C)c1cc(C(C)C)c(-c2ccccc2[P](C2CCCCC2)(C2CCCCC2)->[Pd]2(<-[NH2]c3ccccc3-c3cccc[c]32)[O]S(C)(=O)=O)c(C(C)C)c1,,CS(C)=O,CS(C)=O,CS(C)=O,CS(C)=O,79200.0,0.0
Brc1cccnc1,NS(=O)(=O)c1ccccc1,,CN(C)C(=NC(C)(C)C)N(C)C,CC(C)Oc1cccc(OC(C)C)c1-c1ccccc1[P](C1CCCCC1)(C1CCCCC1)->[Pd]1([Cl])<-[NH2]c2ccccc2-c2cccc[c]21,,CS(C)=O,CS(C)=O,CS(C)=O,CS(C)=O,79200.0,0.0
Brc1cccnc1,c1ccc(Pc2ccccc2)cc1,,C1CCC2=NCCCN2CC1,CS(=O)(=O)[O][Pd]1(<-[NH2]c2ccccc2-c2cccc[c]21)<-[P](C1=CC=C[CH]1[Fe][CH]1C=CC=C1P(c1ccccc1)c1ccccc1)(c1ccccc1)c1ccccc1,,CS(C)=O,CS(C)=O,CS(C)=O,CS(C)=O,79200.0,0.0
Brc1cccnc1,Oc1ccccc1,,CCN=P(N=P(N(C)C)(N(C)C)N(C)C)(N(C)C)N(C)C,COc1ccc(C)c(-c2c(C(C)C)cc(C(C)C)cc2C(C)C)c1[P](C(C)(C)C)(C(C)(C)C)->[Pd]1(<-[NH2]c2ccccc2-c2cccc[c]21)[O]S(C)(=O)=O,,CS(C)=O,CS(C)=O,CS(C)=O,CS(C)=O,79200.0,0.0
Brc1cccnc1,c1ccc(Pc2ccccc2)cc1,,CN1CCCN2CCCN=C12,CC(C1=C([P](C2CCCCC2)(C2CCCCC2)->[Pd]2(<-[NH2]c3ccccc3-c3cccc[c]32)[O]S(C)(=O)=O)[CH]([Fe][CH]2C=CC=C2)C=C1)P(C(C)(C)C)C(C)(C)C,,CS(C)=O,CS(C)=O,CS(C)=O,CS(C)=O,79200.0,0.0
Brc1cccnc1,CC1(C)OB(c2cnn(Cc3ccccc3)c2)OC1(C)C,O,CCN(CC)P1(=NC(C)(C)C)N(C)CCCN1C,COc1ccc(OC)c([P](C(C)(C)C)(C(C)(C)C)->[Pd]2(<-[NH2]c3ccccc3-c3cccc[c]32)[O]S(C)(=O)=O)c1-c1c(C(C)C)cc(C(C)C)cc1C(C)C,,CS(C)=O,CS(C)=O,CS(C)=O,CS(C)=O,79200.0,1.6131088733673096
Brc1cccnc1,Nc1ccc(-c2ccccc2)cn1,,C1CCC2=NCCCN2CC1,CC(C1=C([P](C2CCCCC2)(C2CCCCC2)->[Pd]2(<-[NH2]c3ccccc3-c3cccc[c]32)[O]S(C)(=O)=O)[CH]([Fe][CH]2C=CC=C2)C=C1)P(C(C)(C)C)C(C)(C)C,,CS(C)=O,CS(C)=O,CS(C)=O,CS(C)=O,79200.0,0.18440507352352142
Brc1cccnc1,Sc1ccccc1,,CN(C)C(=NC(C)(C)C)N(C)C,COc1ccc(OC)c([P](C(C)(C)C)(C(C)(C)C)->[Pd]2(<-[NH2]c3ccccc3-c3cccc[c]32)[O]S(C)(=O)=O)c1-c1c(C(C)C)cc(C(C)C)cc1C(C)C,,CS(C)=O,CS(C)=O,CS(C)=O,CS(C)=O,79200.0,0.0
Brc1cccnc1,Nc1ccccc1,,CN(C)C(=NC(C)(C)C)N(C)C,COc1ccc(C)c(-c2c(C(C)C)cc(C(C)C)cc2C(C)C)c1[P](C(C)(C)C)(C(C)(C)C)->[Pd]1(<-[NH2]c2ccccc2-c2cccc[c]21)[O]S(C)(=O)=O,,CS(C)=O,CS(C)=O,CS(C)=O,CS(C)=O,79200.0,12.058636665344238
Brc1cccnc1,Nc1ccccc1,,CC(C)(C)N=P(N1CCCC1)(N1CCCC1)N1CCCC1,COc1ccc(OC)c([P](C(C)(C)C)(C(C)(C)C)->[Pd]2(<-[NH2]c3ccccc3-c3cccc[c]32)[O]S(C)(=O)=O)c1-c1c(C(C)C)cc(C(C)C)cc1C(C)C,,CS(C)=O,CS(C)=O,CS(C)=O,CS(C)=O,79200.0,4.532623291015625
Brc1cccnc1,Nc1ccc(-c2ccccc2)cn1,,CCN(CC)P1(=NC(C)(C)C)N(C)CCCN1C,COc1ccc(OC)c([P](C(C)(C)C)(C(C)(C)C)->[Pd]2(<-[NH2]c3ccccc3-c3cccc[c]32)[O]S(C)(=O)=O)c1-c1c(C(C)C)cc(C(C)C)cc1C(C)C,,CS(C)=O,CS(C)=O,CS(C)=O,CS(C)=O,79200.0,2.203077554702759
Brc1cccnc1,CCOC(=O)CC(=O)OCC,,CCN=P(N=P(N(C)C)(N(C)C)N(C)C)(N(C)C)N(C)C,CC(C)(C)P(C1=CC=C[CH]1[Fe][CH]1C=CC=C1[P](C(C)(C)C)(C(C)(C)C)->[Pd]1(<-[NH2]c2ccccc2-c2cccc[c]21)[O]S(C)(=O)=O)C(C)(C)C,,CS(C)=O,CS(C)=O,CS(C)=O,CS(C)=O,79200.0,0.0
Brc1cccnc1,Nc1ccccc1,,C1CCC2=NCCCN2CC1,CC(C)(C)[P](C(C)(C)C)(C(C)(C)C)->[Pd]1([Cl])<-[NH2]c2ccccc2-c2cccc[c]21,,CS(C)=O,CS(C)=O,CS(C)=O,CS(C)=O,79200.0,0.0
Brc1cccnc1,CCOC(=O)/C=C/c1ccccc1,,CN1CCCN2CCCN=C12,CC(C1=C([P](C2CCCCC2)(C2CCCCC2)->[Pd]2(<-[NH2]c3ccccc3-c3cccc[c]32)[O]S(C)(=O)=O)[CH]([Fe][CH]2C=CC=C2)C=C1)P(C(C)(C)C)C(C)(C)C,,CS(C)=O,CS(C)=O,CS(C)=O,CS(C)=O,79200.0,0.0
Brc1cccnc1,CC(N)CCc1ccccc1,,CN(C)C(=NC(C)(C)C)N(C)C,CC(C)(C)[P](C(C)(C)C)(C(C)(C)C)->[Pd]1([Cl])<-[NH2]c2ccccc2-c2cccc[c]21,,CS(C)=O,CS(C)=O,CS(C)=O,CS(C)=O,79200.0,0.0
Brc1cccnc1,CCOC(=O)/C=C/c1ccccc1,,CN(C)C(=NC(C)(C)C)N(C)C,CS(=O)(=O)[O][Pd]1(<-[NH2]c2ccccc2-c2cccc[c]21)<-[P](c1ccccc1N1CCOCC1)(C12C[C@H]3C[C@@H](C1)C[C@@H](C2)C3)C12C[C@H]3C[C@@H](C1)C[C@@H](C2)C3,,CS(C)=O,CS(C)=O,CS(C)=O,CS(C)=O,79200.0,0.0
Brc1cccnc1,CCOC(=O)CC(=O)OCC,,CCN(CC)P1(=NC(C)(C)C)N(C)CCCN1C,COc1ccc(OC)c([P](C(C)(C)C)(C(C)(C)C)->[Pd]2(<-[NH2]c3ccccc3-c3cccc[c]32)[O]S(C)(=O)=O)c1-c1c(C(C)C)cc(C(C)C)cc1C(C)C,,CS(C)=O,CS(C)=O,CS(C)=O,CS(C)=O,79200.0,0.7064132690429688
Brc1cccnc1,Sc1ccccc1,,CCN(CC)P1(=NC(C)(C)C)N(C)CCCN1C,CC(C)Oc1cccc(OC(C)C)c1-c1ccccc1[P](C1CCCCC1)(C1CCCCC1)->[Pd]1([Cl])<-[NH2]c2ccccc2-c2cccc[c]21,,CS(C)=O,CS(C)=O,CS(C)=O,CS(C)=O,79200.0,0.0
Brc1cccnc1,CC(C)(C)OC(N)=O,,CCN=P(N=P(N(C)C)(N(C)C)N(C)C)(N(C)C)N(C)C,COc1ccc(C)c(-c2c(C(C)C)cc(C(C)C)cc2C(C)C)c1[P](C(C)(C)C)(C(C)(C)C)->[Pd]1(<-[NH2]c2ccccc2-c2cccc[c]21)[O]S(C)(=O)=O,,CS(C)=O,CS(C)=O,CS(C)=O,CS(C)=O,79200.0,0.0
Brc1cccnc1,NC(=O)c1ccccc1,,CN(C)C(=NC(C)(C)C)N(C)C,CC(C)(C)[P](C(C)(C)C)(C(C)(C)C)->[Pd]1([Cl])<-[NH2]c2ccccc2-c2cccc[c]21,,CS(C)=O,CS(C)=O,CS(C)=O,CS(C)=O,79200.0,0.0
Brc1cccnc1,CC(C)(C)OC(N)=O,,CC(C)(C)N=P(N1CCCC1)(N1CCCC1)N1CCCC1,COc1ccc(OC)c([P](C23C[C@H]4C[C@@H](C2)C[C@@H](C3)C4)(C23C[C@H]4C[C@@H](C2)C[C@@H](C3)C4)->[Pd]2(<-[NH2]c3ccccc3-c3cccc[c]32)[O]S(C)(=O)=O)c1-c1c(C(C)C)cc(C(C)C)cc1C(C)C,,CS(C)=O,CS(C)=O,CS(C)=O,CS(C)=O,79200.0,0.5590795874595642
Brc1cccnc1,CC1(C)OB(c2cnn(Cc3ccccc3)c2)OC1(C)C,O,CC(C)(C)N=P(N1CCCC1)(N1CCCC1)N1CCCC1,COc1ccc(OC)c([P](C2CCCCC2)(C2CCCCC2)->[Pd]2(<-[NH2]c3ccccc3-c3cccc[c]32)[O]S(C)(=O)=O)c1-c1c(C(C)C)cc(C(C)C)cc1C(C)C,,CS(C)=O,CS(C)=O,CS(C)=O,CS(C)=O,79200.0,9.531805992126465
Brc1cccnc1,Nc1ccc(-c2ccccc2)cn1,,CN(C)C(=NC(C)(C)C)N(C)C,CC(C)c1cc(C(C)C)c(-c2ccccc2[P](C2CCCCC2)(C2CCCCC2)->[Pd]2(<-[NH2]c3ccccc3-c3cccc[c]32)[O]S(C)(=O)=O)c(C(C)C)c1,,CS(C)=O,CS(C)=O,CS(C)=O,CS(C)=O,79200.0,0.40859484672546387
Brc1cccnc1,CC(C)(C)OC(N)=O,,CC(C)(C)N=P(N1CCCC1)(N1CCCC1)N1CCCC1,CS(=O)(=O)[O][Pd]1(<-[NH2]c2ccccc2-c2cccc[c]21)<-[P](C1=CC=C[CH]1[Fe][CH]1C=CC=C1P(c1ccccc1)c1ccccc1)(c1ccccc1)c1ccccc1,,CS(C)=O,CS(C)=O,CS(C)=O,CS(C)=O,79200.0,0.0
Brc1cccnc1,c1ccc(Pc2ccccc2)cc1,,CN(C)C(=NC(C)(C)C)N(C)C,COc1ccc(OC)c([P](C(C)(C)C)(C(C)(C)C)->[Pd]2(<-[NH2]c3ccccc3-c3cccc[c]32)[O]S(C)(=O)=O)c1-c1c(C(C)C)cc(C(C)C)cc1C(C)C,,CS(C)=O,CS(C)=O,CS(C)=O,CS(C)=O,79200.0,0.0
Brc1cccnc1,Nc1ccc(-c2ccccc2)cn1,,CN1CCCN2CCCN=C12,CC(C)(C)[P](c1ccc(N)cc1)(C(C)(C)C)->[Pd]1(<-[NH2]c2ccccc2-c2cccc[c]21)[O]S(C)(=O)=O,,CS(C)=O,CS(C)=O,CS(C)=O,CS(C)=O,79200.0,0.0
Brc1cccnc1,Oc1ccccc1,,CN(C)C(=NC(C)(C)C)N(C)C,CS(=O)(=O)[O][Pd]1(<-[NH2]c2ccccc2-c2cccc[c]21)<-[P](C1=CC=C[CH]1[Fe][CH]1C=CC=C1P(c1ccccc1)c1ccccc1)(c1ccccc1)c1ccccc1,,CS(C)=O,CS(C)=O,CS(C)=O,CS(C)=O,79200.0,0.0
Brc1cccnc1,c1ccc2[nH]ncc2c1,,C1CCC2=NCCCN2CC1,COc1ccc(OC)c([P](C2CCCCC2)(C2CCCCC2)->[Pd]2(<-[NH2]c3ccccc3-c3cccc[c]32)[O]S(C)(=O)=O)c1-c1c(C(C)C)cc(C(C)C)cc1C(C)C,,CS(C)=O,CS(C)=O,CS(C)=O,CS(C)=O,79200.0,0.0
Brc1cccnc1,Nc1ccccc1,,CN1CCCN2CCCN=C12,CC(C)c1cc(C(C)C)c(-c2ccccc2[P](C(C)(C)C)(C(C)(C)C)->[Pd]2(<-[NH2]c3ccccc3-c3cccc[c]32)[O]S(C)(=O)=O)c(C(C)C)c1,,CS(C)=O,CS(C)=O,CS(C)=O,CS(C)=O,79200.0,16.156421661376953
Brc1cccnc1,N=C(N)Cc1ccccc1,,CN1CCCN2CCCN=C12,CC(C)(C)[P](c1ccc(N)cc1)(C(C)(C)C)->[Pd]1(<-[NH2]c2ccccc2-c2cccc[c]21)[O]S(C)(=O)=O,,CS(C)=O,CS(C)=O,CS(C)=O,CS(C)=O,79200.0,0.0
Brc1cccnc1,NC(=O)c1ccccc1,,CCN(CC)P1(=NC(C)(C)C)N(C)CCCN1C,CC(C)c1cc(C(C)C)c(-c2ccccc2[P](C2CCCCC2)(C2CCCCC2)->[Pd]2(<-[NH2]c3ccccc3-c3cccc[c]32)[O]S(C)(=O)=O)c(C(C)C)c1,,CS(C)=O,CS(C)=O,CS(C)=O,CS(C)=O,79200.0,0.0
Brc1cccnc1,C#Cc1ccc(CCCC)cc1,,CCN(CC)P1(=NC(C)(C)C)N(C)CCCN1C,COc1ccc(OC)c([P](C2CCCCC2)(C2CCCCC2)->[Pd]2(<-[NH2]c3ccccc3-c3cccc[c]32)[O]S(C)(=O)=O)c1-c1c(C(C)C)cc(C(C)C)cc1C(C)C,,CS(C)=O,CS(C)=O,CS(C)=O,CS(C)=O,79200.0,7.783285140991211
Brc1cccnc1,c1ccc(Pc2ccccc2)cc1,,CN1CCCN2CCCN=C12,CC12CC3(C)OC(C)(CC(C)(O1)[P]3(c1ccccc1)->[Pd]1(<-[NH2]c3ccccc3-c3cccc[c]31)[O]S(C)(=O)=O)O2,,CS(C)=O,CS(C)=O,CS(C)=O,CS(C)=O,79200.0,0.0
Brc1cccnc1,CC(C)(C)OC(N)=O,,CC(C)(C)N=P(N1CCCC1)(N1CCCC1)N1CCCC1,CC(C1=C([P](C2CCCCC2)(C2CCCCC2)->[Pd]2(<-[NH2]c3ccccc3-c3cccc[c]32)[O]S(C)(=O)=O)[CH]([Fe][CH]2C=CC=C2)C=C1)P(C(C)(C)C)C(C)(C)C,,CS(C)=O,CS(C)=O,CS(C)=O,CS(C)=O,79200.0,0.0
Brc1cccnc1,NS(=O)(=O)c1ccccc1,,C1CCC2=NCCCN2CC1,COc1ccc(C)c(-c2c(C(C)C)cc(C(C)C)cc2C(C)C)c1[P](C(C)(C)C)(C(C)(C)C)->[Pd]1(<-[NH2]c2ccccc2-c2cccc[c]21)[O]S(C)(=O)=O,,CS(C)=O,CS(C)=O,CS(C)=O,CS(C)=O,79200.0,2.6853280067443848
Brc1cccnc1,CC(C)(C)OC(N)=O,,CN(C)C(=NC(C)(C)C)N(C)C,CC(C)c1cc(C(C)C)c(-c2ccccc2[P](C2CCCCC2)(C2CCCCC2)->[Pd]2(<-[NH2]c3ccccc3-c3cccc[c]32)[O]S(C)(=O)=O)c(C(C)C)c1,,CS(C)=O,CS(C)=O,CS(C)=O,CS(C)=O,79200.0,0.0
Brc1cccnc1,C#Cc1ccc(CCCC)cc1,,CCN(CC)P1(=NC(C)(C)C)N(C)CCCN1C,COc1ccc(C)c(-c2c(C(C)C)cc(C(C)C)cc2C(C)C)c1[P](C(C)(C)C)(C(C)(C)C)->[Pd]1(<-[NH2]c2ccccc2-c2cccc[c]21)[O]S(C)(=O)=O,,CS(C)=O,CS(C)=O,CS(C)=O,CS(C)=O,79200.0,2.9532105922698975
Brc1cccnc1,CC(N)CCc1ccccc1,,CN(C)C(=NC(C)(C)C)N(C)C,CC(C)c1cc(C(C)C)c(-c2ccccc2[P](C(C)(C)C)(C(C)(C)C)->[Pd]2(<-[NH2]c3ccccc3-c3cccc[c]32)[O]S(C)(=O)=O)c(C(C)C)c1,,CS(C)=O,CS(C)=O,CS(C)=O,CS(C)=O,79200.0,10.644685745239258
Brc1cccnc1,CC(C)(C)OC(N)=O,,CN(C)C(=NC(C)(C)C)N(C)C,COc1ccc(OC)c([P](C23C[C@H]4C[C@@H](C2)C[C@@H](C3)C4)(C23C[C@H]4C[C@@H](C2)C[C@@H](C3)C4)->[Pd]2(<-[NH2]c3ccccc3-c3cccc[c]32)[O]S(C)(=O)=O)c1-c1c(C(C)C)cc(C(C)C)cc1C(C)C,,CS(C)=O,CS(C)=O,CS(C)=O,CS(C)=O,79200.0,0.7747430801391602
Brc1cccnc1,CC(N)CCc1ccccc1,,C1CCC2=NCCCN2CC1,CC(C)c1cc(C(C)C)c(-c2ccccc2[P](C(C)(C)C)(C(C)(C)C)->[Pd]2(<-[NH2]c3ccccc3-c3cccc[c]32)[O]S(C)(=O)=O)c(C(C)C)c1,,CS(C)=O,CS(C)=O,CS(C)=O,CS(C)=O,79200.0,2.0411202907562256
Brc1cccnc1,CCOC(=O)CC(=O)OCC,,CC(C)(C)N=P(N1CCCC1)(N1CCCC1)N1CCCC1,CS(=O)(=O)[O][Pd]1(<-[NH2]c2ccccc2-c2cccc[c]21)<-[P](C1=CC=C[CH]1[Fe][CH]1C=CC=C1P(c1ccccc1)c1ccccc1)(c1ccccc1)c1ccccc1,,CS(C)=O,CS(C)=O,CS(C)=O,CS(C)=O,79200.0,4.624053001403809
Brc1cccnc1,N=C(N)Cc1ccccc1,,CC(C)(C)N=P(N1CCCC1)(N1CCCC1)N1CCCC1,CS(=O)(=O)[O][Pd]1(<-[NH2]c2ccccc2-c2cccc[c]21)<-[P](c1ccccc1N1CCOCC1)(C12C[C@H]3C[C@@H](C1)C[C@@H](C2)C3)C12C[C@H]3C[C@@H](C1)C[C@@H](C2)C3,,CS(C)=O,CS(C)=O,CS(C)=O,CS(C)=O,79200.0,0.0
Brc1cccnc1,OCCCc1ccccc1,,CN1CCCN2CCCN=C12,CC(C1=C([P](C2CCCCC2)(C2CCCCC2)->[Pd]2(<-[NH2]c3ccccc3-c3cccc[c]32)[O]S(C)(=O)=O)[CH]([Fe][CH]2C=CC=C2)C=C1)P(C(C)(C)C)C(C)(C)C,,CS(C)=O,CS(C)=O,CS(C)=O,CS(C)=O,79200.0,0.0
Brc1cccnc1,CCOC(=O)/C=C/c1ccccc1,,CCN(CC)P1(=NC(C)(C)C)N(C)CCCN1C,CC(C)(C)[P](c1ccc(N)cc1)(C(C)(C)C)->[Pd]1(<-[NH2]c2ccccc2-c2cccc[c]21)[O]S(C)(=O)=O,,CS(C)=O,CS(C)=O,CS(C)=O,CS(C)=O,79200.0,0.0
Brc1cccnc1,NS(=O)(=O)c1ccccc1,,C1CCC2=NCCCN2CC1,COc1ccc(OC)c([P](C2CCCCC2)(C2CCCCC2)->[Pd]2(<-[NH2]c3ccccc3-c3cccc[c]32)[O]S(C)(=O)=O)c1-c1c(C(C)C)cc(C(C)C)cc1C(C)C,,CS(C)=O,CS(C)=O,CS(C)=O,CS(C)=O,79200.0,0.0
Brc1cccnc1,c1ccc2[nH]ncc2c1,,C1CCC2=NCCCN2CC1,CC(C)(C)P(C1=CC=C[CH]1[Fe][CH]1C=CC=C1[P](C(C)(C)C)(C(C)(C)C)->[Pd]1(<-[NH2]c2ccccc2-c2cccc[c]21)[O]S(C)(=O)=O)C(C)(C)C,,CS(C)=O,CS(C)=O,CS(C)=O,CS(C)=O,79200.0,0.0
Brc1cccnc1,Oc1ccccc1,,CC(C)(C)N=P(N1CCCC1)(N1CCCC1)N1CCCC1,CC1(C)c2cccc(P(c3ccccc3)c3ccccc3)c2Oc2c1cccc2[P](c1ccccc1)(c1ccccc1)->[Pd]1([Cl])<-[NH2]c2ccccc2-c2cccc[c]21,,CS(C)=O,CS(C)=O,CS(C)=O,CS(C)=O,79200.0,0.0
Brc1cccnc1,C#Cc1ccc(CCCC)cc1,,CCN=P(N=P(N(C)C)(N(C)C)N(C)C)(N(C)C)N(C)C,CS(=O)(=O)[O][Pd]1(<-[NH2]c2ccccc2-c2cccc[c]21)<-[P](c1ccccc1N1CCOCC1)(C12C[C@H]3C[C@@H](C1)C[C@@H](C2)C3)C12C[C@H]3C[C@@H](C1)C[C@@H](C2)C3,,CS(C)=O,CS(C)=O,CS(C)=O,CS(C)=O,79200.0,1.187303900718689
Brc1cccnc1,CC1(C)OB(c2cnn(Cc3ccccc3)c2)OC1(C)C,O,CC(C)(C)N=P(N1CCCC1)(N1CCCC1)N1CCCC1,COc1ccc(OC)c([P](C23C[C@H]4C[C@@H](C2)C[C@@H](C3)C4)(C23C[C@H]4C[C@@H](C2)C[C@@H](C3)C4)->[Pd]2(<-[NH2]c3ccccc3-c3cccc[c]32)[O]S(C)(=O)=O)c1-c1c(C(C)C)cc(C(C)C)cc1C(C)C,,CS(C)=O,CS(C)=O,CS(C)=O,CS(C)=O,79200.0,2.572153091430664
Brc1cccnc1,Oc1ccccc1,,CN(C)C(=NC(C)(C)C)N(C)C,CS(=O)(=O)[O][Pd]1(<-[NH2]c2ccccc2-c2cccc[c]21)<-[P](c1ccccc1N1CCOCC1)(C12C[C@H]3C[C@@H](C1)C[C@@H](C2)C3)C12C[C@H]3C[C@@H](C1)C[C@@H](C2)C3,,CS(C)=O,CS(C)=O,CS(C)=O,CS(C)=O,79200.0,0.0
Brc1cccnc1,c1ccc2[nH]ncc2c1,,CCN(CC)P1(=NC(C)(C)C)N(C)CCCN1C,CC(C)Oc1cccc(OC(C)C)c1-c1ccccc1[P](C1CCCCC1)(C1CCCCC1)->[Pd]1([Cl])<-[NH2]c2ccccc2-c2cccc[c]21,,CS(C)=O,CS(C)=O,CS(C)=O,CS(C)=O,79200.0,0.0
Brc1cccnc1,CC(N)CCc1ccccc1,,C1CCC2=NCCCN2CC1,COc1ccc(OC)c([P](C23C[C@H]4C[C@@H](C2)C[C@@H](C3)C4)(C23C[C@H]4C[C@@H](C2)C[C@@H](C3)C4)->[Pd]2(<-[NH2]c3ccccc3-c3cccc[c]32)[O]S(C)(=O)=O)c1-c1c(C(C)C)cc(C(C)C)cc1C(C)C,,CS(C)=O,CS(C)=O,CS(C)=O,CS(C)=O,79200.0,1.0686960220336914
Brc1cccnc1,OCCCc1ccccc1,,CN(C)C(=NC(C)(C)C)N(C)C,CC(C1=C([P](C2CCCCC2)(C2CCCCC2)->[Pd]2(<-[NH2]c3ccccc3-c3cccc[c]32)[O]S(C)(=O)=O)[CH]([Fe][CH]2C=CC=C2)C=C1)P(C(C)(C)C)C(C)(C)C,,CS(C)=O,CS(C)=O,CS(C)=O,CS(C)=O,79200.0,0.0
Brc1cccnc1,CC(N)CCc1ccccc1,,CCN=P(N=P(N(C)C)(N(C)C)N(C)C)(N(C)C)N(C)C,COc1ccc(OC)c([P](C(C)(C)C)(C(C)(C)C)->[Pd]2(<-[NH2]c3ccccc3-c3cccc[c]32)[O]S(C)(=O)=O)c1-c1c(C(C)C)cc(C(C)C)cc1C(C)C,,CS(C)=O,CS(C)=O,CS(C)=O,CS(C)=O,79200.0,12.012996673583984
Brc1cccnc1,Nc1ccc(-c2ccccc2)cn1,,CN(C)C(=NC(C)(C)C)N(C)C,COc1ccc(OC)c([P](C2CCCCC2)(C2CCCCC2)->[Pd]2(<-[NH2]c3ccccc3-c3cccc[c]32)[O]S(C)(=O)=O)c1-c1c(C(C)C)cc(C(C)C)cc1C(C)C,,CS(C)=O,CS(C)=O,CS(C)=O,CS(C)=O,79200.0,9.03752613067627
Brc1cccnc1,Nc1ccc(-c2ccccc2)cn1,,CC(C)(C)N=P(N1CCCC1)(N1CCCC1)N1CCCC1,CC12CC3(C)OC(C)(CC(C)(O1)[P]3(c1ccccc1)->[Pd]1(<-[NH2]c3ccccc3-c3cccc[c]31)[O]S(C)(=O)=O)O2,,CS(C)=O,CS(C)=O,CS(C)=O,CS(C)=O,79200.0,0.0
Brc1cccnc1,c1ccc2[nH]ncc2c1,,CCN=P(N=P(N(C)C)(N(C)C)N(C)C)(N(C)C)N(C)C,CS(=O)(=O)[O][Pd]1(<-[NH2]c2ccccc2-c2cccc[c]21)<-[P](C1=CC=C[CH]1[Fe][CH]1C=CC=C1P(c1ccccc1)c1ccccc1)(c1ccccc1)c1ccccc1,,CS(C)=O,CS(C)=O,CS(C)=O,CS(C)=O,79200.0,0.0
Brc1cccnc1,c1ccc2[nH]ncc2c1,,CN1CCCN2CCCN=C12,CC(C)(C)P(C1=CC=C[CH]1[Fe][CH]1C=CC=C1[P](C(C)(C)C)(C(C)(C)C)->[Pd]1(<-[NH2]c2ccccc2-c2cccc[c]21)[O]S(C)(=O)=O)C(C)(C)C,,CS(C)=O,CS(C)=O,CS(C)=O,CS(C)=O,79200.0,0.0
Brc1cccnc1,CC1(C)OB(c2cnn(Cc3ccccc3)c2)OC1(C)C,O,CN(C)C(=NC(C)(C)C)N(C)C,COc1ccc(OC)c([P](C(C)(C)C)(C(C)(C)C)->[Pd]2(<-[NH2]c3ccccc3-c3cccc[c]32)[O]S(C)(=O)=O)c1-c1c(C(C)C)cc(C(C)C)cc1C(C)C,,CS(C)=O,CS(C)=O,CS(C)=O,CS(C)=O,79200.0,9.887988090515137
Brc1cccnc1,Nc1ccc(-c2ccccc2)cn1,,CCN(CC)P1(=NC(C)(C)C)N(C)CCCN1C,CC1(C)c2cccc(P(c3ccccc3)c3ccccc3)c2Oc2c1cccc2[P](c1ccccc1)(c1ccccc1)->[Pd]1([Cl])<-[NH2]c2ccccc2-c2cccc[c]21,,CS(C)=O,CS(C)=O,CS(C)=O,CS(C)=O,79200.0,0.6045669913291931
Brc1cccnc1,Sc1ccccc1,,CCN=P(N=P(N(C)C)(N(C)C)N(C)C)(N(C)C)N(C)C,COc1ccc(OC)c([P](C(C)(C)C)(C(C)(C)C)->[Pd]2(<-[NH2]c3ccccc3-c3cccc[c]32)[O]S(C)(=O)=O)c1-c1c(C(C)C)cc(C(C)C)cc1C(C)C,,CS(C)=O,CS(C)=O,CS(C)=O,CS(C)=O,79200.0,0.0
Brc1cccnc1,CC(N)CCc1ccccc1,,CN1CCCN2CCCN=C12,COc1ccc(OC)c([P](C2CCCCC2)(C2CCCCC2)->[Pd]2(<-[NH2]c3ccccc3-c3cccc[c]32)[O]S(C)(=O)=O)c1-c1c(C(C)C)cc(C(C)C)cc1C(C)C,,CS(C)=O,CS(C)=O,CS(C)=O,CS(C)=O,79200.0,0.1703694611787796
Brc1cccnc1,c1ccc(Pc2ccccc2)cc1,,CN1CCCN2CCCN=C12,CC(C)c1cc(C(C)C)c(-c2ccccc2[P](C(C)(C)C)(C(C)(C)C)->[Pd]2(<-[NH2]c3ccccc3-c3cccc[c]32)[O]S(C)(=O)=O)c(C(C)C)c1,,CS(C)=O,CS(C)=O,CS(C)=O,CS(C)=O,79200.0,0.0
Brc1cccnc1,CCOC(=O)CC(=O)OCC,,CCN(CC)P1(=NC(C)(C)C)N(C)CCCN1C,CC(C)(C)[P](C(C)(C)C)(C(C)(C)C)->[Pd]1([Cl])<-[NH2]c2ccccc2-c2cccc[c]21,,CS(C)=O,CS(C)=O,CS(C)=O,CS(C)=O,79200.0,0.2558859884738922
Brc1cccnc1,Nc1ccccc1,,CCN=P(N=P(N(C)C)(N(C)C)N(C)C)(N(C)C)N(C)C,CC(C)c1cc(C(C)C)c(-c2ccccc2[P](C2CCCCC2)(C2CCCCC2)->[Pd]2(<-[NH2]c3ccccc3-c3cccc[c]32)[O]S(C)(=O)=O)c(C(C)C)c1,,CS(C)=O,CS(C)=O,CS(C)=O,CS(C)=O,79200.0,5.378449440002441
Brc1cccnc1,CC(C)(C)OC(N)=O,,C1CCC2=NCCCN2CC1,CC1(C)c2cccc(P(c3ccccc3)c3ccccc3)c2Oc2c1cccc2[P](c1ccccc1)(c1ccccc1)->[Pd]1([Cl])<-[NH2]c2ccccc2-c2cccc[c]21,,CS(C)=O,CS(C)=O,CS(C)=O,CS(C)=O,79200.0,0.0
Brc1cccnc1,CC(N)CCc1ccccc1,,CN1CCCN2CCCN=C12,CC(C)(C)P(C1=CC=C[CH]1[Fe][CH]1C=CC=C1[P](C(C)(C)C)(C(C)(C)C)->[Pd]1(<-[NH2]c2ccccc2-c2cccc[c]21)[O]S(C)(=O)=O)C(C)(C)C,,CS(C)=O,CS(C)=O,CS(C)=O,CS(C)=O,79200.0,0.0
Brc1cccnc1,Oc1ccccc1,,CCN(CC)P1(=NC(C)(C)C)N(C)CCCN1C,CS(=O)(=O)[O][Pd]1(<-[NH2]c2ccccc2-c2cccc[c]21)<-[P](c1ccccc1N1CCOCC1)(C12C[C@H]3C[C@@H](C1)C[C@@H](C2)C3)C12C[C@H]3C[C@@H](C1)C[C@@H](C2)C3,,CS(C)=O,CS(C)=O,CS(C)=O,CS(C)=O,79200.0,0.0
Brc1cccnc1,CC(N)CCc1ccccc1,,CCN=P(N=P(N(C)C)(N(C)C)N(C)C)(N(C)C)N(C)C,CC12CC3(C)OC(C)(CC(C)(O1)[P]3(c1ccccc1)->[Pd]1(<-[NH2]c3ccccc3-c3cccc[c]31)[O]S(C)(=O)=O)O2,,CS(C)=O,CS(C)=O,CS(C)=O,CS(C)=O,79200.0,0.0
Brc1cccnc1,CC(C)(C)OC(N)=O,,CN1CCCN2CCCN=C12,CS(=O)(=O)[O][Pd]1(<-[NH2]c2ccccc2-c2cccc[c]21)<-[P](c1ccccc1N1CCOCC1)(C12C[C@H]3C[C@@H](C1)C[C@@H](C2)C3)C12C[C@H]3C[C@@H](C1)C[C@@H](C2)C3,,CS(C)=O,CS(C)=O,CS(C)=O,CS(C)=O,79200.0,0.0
Brc1cccnc1,N=C(N)Cc1ccccc1,,CCN(CC)P1(=NC(C)(C)C)N(C)CCCN1C,CC(C)c1cc(C(C)C)c(-c2ccccc2[P](C(C)(C)C)(C(C)(C)C)->[Pd]2(<-[NH2]c3ccccc3-c3cccc[c]32)[O]S(C)(=O)=O)c(C(C)C)c1,,CS(C)=O,CS(C)=O,CS(C)=O,CS(C)=O,79200.0,0.0
Brc1cccnc1,c1ccc(Pc2ccccc2)cc1,,CN1CCCN2CCCN=C12,CC(C)c1cc(C(C)C)c(-c2ccccc2[P](C2CCCCC2)(C2CCCCC2)->[Pd]2(<-[NH2]c3ccccc3-c3cccc[c]32)[O]S(C)(=O)=O)c(C(C)C)c1,,CS(C)=O,CS(C)=O,CS(C)=O,CS(C)=O,79200.0,0.0
Brc1cccnc1,CC1(C)OB(c2cnn(Cc3ccccc3)c2)OC1(C)C,O,CN(C)C(=NC(C)(C)C)N(C)C,CC12CC3(C)OC(C)(CC(C)(O1)[P]3(c1ccccc1)->[Pd]1(<-[NH2]c3ccccc3-c3cccc[c]31)[O]S(C)(=O)=O)O2,,CS(C)=O,CS(C)=O,CS(C)=O,CS(C)=O,79200.0,23.59984016418457
Brc1cccnc1,N=C(N)Cc1ccccc1,,CCN(CC)P1(=NC(C)(C)C)N(C)CCCN1C,CC1(C)c2cccc(P(c3ccccc3)c3ccccc3)c2Oc2c1cccc2[P](c1ccccc1)(c1ccccc1)->[Pd]1([Cl])<-[NH2]c2ccccc2-c2cccc[c]21,,CS(C)=O,CS(C)=O,CS(C)=O,CS(C)=O,79200.0,0.0
Brc1cccnc1,Nc1ccc(-c2ccccc2)cn1,,CN(C)C(=NC(C)(C)C)N(C)C,CC(C)Oc1cccc(OC(C)C)c1-c1ccccc1[P](C1CCCCC1)(C1CCCCC1)->[Pd]1([Cl])<-[NH2]c2ccccc2-c2cccc[c]21,,CS(C)=O,CS(C)=O,CS(C)=O,CS(C)=O,79200.0,0.0
Brc1cccnc1,OCCCc1ccccc1,,CN(C)C(=NC(C)(C)C)N(C)C,COc1ccc(OC)c([P](C(C)(C)C)(C(C)(C)C)->[Pd]2(<-[NH2]c3ccccc3-c3cccc[c]32)[O]S(C)(=O)=O)c1-c1c(C(C)C)cc(C(C)C)cc1C(C)C,,CS(C)=O,CS(C)=O,CS(C)=O,CS(C)=O,79200.0,4.147226333618164
Brc1cccnc1,Sc1ccccc1,,CN1CCCN2CCCN=C12,CS(=O)(=O)[O][Pd]1(<-[NH2]c2ccccc2-c2cccc[c]21)<-[P](C1=CC=C[CH]1[Fe][CH]1C=CC=C1P(c1ccccc1)c1ccccc1)(c1ccccc1)c1ccccc1,,CS(C)=O,CS(C)=O,CS(C)=O,CS(C)=O,79200.0,0.0
Brc1cccnc1,CCOC(=O)/C=C/c1ccccc1,,CC(C)(C)N=P(N1CCCC1)(N1CCCC1)N1CCCC1,CC12CC3(C)OC(C)(CC(C)(O1)[P]3(c1ccccc1)->[Pd]1(<-[NH2]c3ccccc3-c3cccc[c]31)[O]S(C)(=O)=O)O2,,CS(C)=O,CS(C)=O,CS(C)=O,CS(C)=O,79200.0,0.0
Brc1cccnc1,CC(C)(C)OC(N)=O,,CCN(CC)P1(=NC(C)(C)C)N(C)CCCN1C,CC(C)c1cc(C(C)C)c(-c2ccccc2[P](C2CCCCC2)(C2CCCCC2)->[Pd]2(<-[NH2]c3ccccc3-c3cccc[c]32)[O]S(C)(=O)=O)c(C(C)C)c1,,CS(C)=O,CS(C)=O,CS(C)=O,CS(C)=O,79200.0,0.0
Brc1cccnc1,CC(N)CCc1ccccc1,,CN1CCCN2CCCN=C12,COc1ccc(OC)c([P](C(C)(C)C)(C(C)(C)C)->[Pd]2(<-[NH2]c3ccccc3-c3cccc[c]32)[O]S(C)(=O)=O)c1-c1c(C(C)C)cc(C(C)C)cc1C(C)C,,CS(C)=O,CS(C)=O,CS(C)=O,CS(C)=O,79200.0,11.153843879699707
Brc1cccnc1,CC(N)CCc1ccccc1,,CN(C)C(=NC(C)(C)C)N(C)C,CC(C1=C([P](C2CCCCC2)(C2CCCCC2)->[Pd]2(<-[NH2]c3ccccc3-c3cccc[c]32)[O]S(C)(=O)=O)[CH]([Fe][CH]2C=CC=C2)C=C1)P(C(C)(C)C)C(C)(C)C,,CS(C)=O,CS(C)=O,CS(C)=O,CS(C)=O,79200.0,0.0
Brc1cccnc1,C#Cc1ccc(CCCC)cc1,,CCN=P(N=P(N(C)C)(N(C)C)N(C)C)(N(C)C)N(C)C,CC(C)(C)[P](c1ccc(N)cc1)(C(C)(C)C)->[Pd]1(<-[NH2]c2ccccc2-c2cccc[c]21)[O]S(C)(=O)=O,,CS(C)=O,CS(C)=O,CS(C)=O,CS(C)=O,79200.0,17.33573341369629
Brc1cccnc1,CC1(C)OB(c2cnn(Cc3ccccc3)c2)OC1(C)C,O,CN(C)C(=NC(C)(C)C)N(C)C,COc1ccc(OC)c([P](C23C[C@H]4C[C@@H](C2)C[C@@H](C3)C4)(C23C[C@H]4C[C@@H](C2)C[C@@H](C3)C4)->[Pd]2(<-[NH2]c3ccccc3-c3cccc[c]32)[O]S(C)(=O)=O)c1-c1c(C(C)C)cc(C(C)C)cc1C(C)C,,CS(C)=O,CS(C)=O,CS(C)=O,CS(C)=O,79200.0,4.748471260070801
Brc1cccnc1,OCCCc1ccccc1,,CCN=P(N=P(N(C)C)(N(C)C)N(C)C)(N(C)C)N(C)C,COc1ccc(OC)c([P](C2CCCCC2)(C2CCCCC2)->[Pd]2(<-[NH2]c3ccccc3-c3cccc[c]32)[O]S(C)(=O)=O)c1-c1c(C(C)C)cc(C(C)C)cc1C(C)C,,CS(C)=O,CS(C)=O,CS(C)=O,CS(C)=O,79200.0,0.13674283027648926
Brc1cccnc1,CC(N)CCc1ccccc1,,CN(C)C(=NC(C)(C)C)N(C)C,CC(C)(C)P(C1=CC=C[CH]1[Fe][CH]1C=CC=C1[P](C(C)(C)C)(C(C)(C)C)->[Pd]1(<-[NH2]c2ccccc2-c2cccc[c]21)[O]S(C)(=O)=O)C(C)(C)C,,CS(C)=O,CS(C)=O,CS(C)=O,CS(C)=O,79200.0,0.0
Brc1cccnc1,NC(=O)c1ccccc1,,CN(C)C(=NC(C)(C)C)N(C)C,CS(=O)(=O)[O][Pd]1(<-[NH2]c2ccccc2-c2cccc[c]21)<-[P](c1ccccc1N1CCOCC1)(C12C[C@H]3C[C@@H](C1)C[C@@H](C2)C3)C12C[C@H]3C[C@@H](C1)C[C@@H](C2)C3,,CS(C)=O,CS(C)=O,CS(C)=O,CS(C)=O,79200.0,0.0
Brc1cccnc1,c1ccc(Pc2ccccc2)cc1,,CCN=P(N=P(N(C)C)(N(C)C)N(C)C)(N(C)C)N(C)C,CC(C1=C([P](C2CCCCC2)(C2CCCCC2)->[Pd]2(<-[NH2]c3ccccc3-c3cccc[c]32)[O]S(C)(=O)=O)[CH]([Fe][CH]2C=CC=C2)C=C1)P(C(C)(C)C)C(C)(C)C,,CS(C)=O,CS(C)=O,CS(C)=O,CS(C)=O,79200.0,0.0
Brc1cccnc1,Sc1ccccc1,,C1CCC2=NCCCN2CC1,CC12CC3(C)OC(C)(CC(C)(O1)[P]3(c1ccccc1)->[Pd]1(<-[NH2]c3ccccc3-c3cccc[c]31)[O]S(C)(=O)=O)O2,,CS(C)=O,CS(C)=O,CS(C)=O,CS(C)=O,79200.0,0.0
Brc1cccnc1,OCCCc1ccccc1,,CCN(CC)P1(=NC(C)(C)C)N(C)CCCN1C,COc1ccc(OC)c([P](C23C[C@H]4C[C@@H](C2)C[C@@H](C3)C4)(C23C[C@H]4C[C@@H](C2)C[C@@H](C3)C4)->[Pd]2(<-[NH2]c3ccccc3-c3cccc[c]32)[O]S(C)(=O)=O)c1-c1c(C(C)C)cc(C(C)C)cc1C(C)C,,CS(C)=O,CS(C)=O,CS(C)=O,CS(C)=O,79200.0,0.8626814484596252
Brc1cccnc1,OCCCc1ccccc1,,CCN=P(N=P(N(C)C)(N(C)C)N(C)C)(N(C)C)N(C)C,CC(C)(C)P(C1=CC=C[CH]1[Fe][CH]1C=CC=C1[P](C(C)(C)C)(C(C)(C)C)->[Pd]1(<-[NH2]c2ccccc2-c2cccc[c]21)[O]S(C)(=O)=O)C(C)(C)C,,CS(C)=O,CS(C)=O,CS(C)=O,CS(C)=O,79200.0,0.0
Brc1cccnc1,CC(N)CCc1ccccc1,,CCN(CC)P1(=NC(C)(C)C)N(C)CCCN1C,CC(C)(C)[P](C(C)(C)C)(C(C)(C)C)->[Pd]1([Cl])<-[NH2]c2ccccc2-c2cccc[c]21,,CS(C)=O,CS(C)=O,CS(C)=O,CS(C)=O,79200.0,0.16450928151607513
Brc1cccnc1,NC(=O)c1ccccc1,,C1CCC2=NCCCN2CC1,CC(C)(C)[P](C(C)(C)C)(C(C)(C)C)->[Pd]1([Cl])<-[NH2]c2ccccc2-c2cccc[c]21,,CS(C)=O,CS(C)=O,CS(C)=O,CS(C)=O,79200.0,0.0
Brc1cccnc1,c1ccc2[nH]ncc2c1,,CCN=P(N=P(N(C)C)(N(C)C)N(C)C)(N(C)C)N(C)C,CS(=O)(=O)[O][Pd]1(<-[NH2]c2ccccc2-c2cccc[c]21)<-[P](c1ccccc1N1CCOCC1)(C12C[C@H]3C[C@@H](C1)C[C@@H](C2)C3)C12C[C@H]3C[C@@H](C1)C[C@@H](C2)C3,,CS(C)=O,CS(C)=O,CS(C)=O,CS(C)=O,79200.0,0.0
Brc1cccnc1,CC(C)(C)OC(N)=O,,CN(C)C(=NC(C)(C)C)N(C)C,CC(C)Oc1cccc(OC(C)C)c1-c1ccccc1[P](C1CCCCC1)(C1CCCCC1)->[Pd]1([Cl])<-[NH2]c2ccccc2-c2cccc[c]21,,CS(C)=O,CS(C)=O,CS(C)=O,CS(C)=O,79200.0,0.0
Brc1cccnc1,Nc1ccc(-c2ccccc2)cn1,,CC(C)(C)N=P(N1CCCC1)(N1CCCC1)N1CCCC1,CC(C)(C)P(C1=CC=C[CH]1[Fe][CH]1C=CC=C1[P](C(C)(C)C)(C(C)(C)C)->[Pd]1(<-[NH2]c2ccccc2-c2cccc[c]21)[O]S(C)(=O)=O)C(C)(C)C,,CS(C)=O,CS(C)=O,CS(C)=O,CS(C)=O,79200.0,1.9070956707000732
Brc1cccnc1,N=C(N)Cc1ccccc1,,CC(C)(C)N=P(N1CCCC1)(N1CCCC1)N1CCCC1,CC(C)(C)[P](C(C)(C)C)(C(C)(C)C)->[Pd]1([Cl])<-[NH2]c2ccccc2-c2cccc[c]21,,CS(C)=O,CS(C)=O,CS(C)=O,CS(C)=O,79200.0,0.0
Brc1cccnc1,NS(=O)(=O)c1ccccc1,,C1CCC2=NCCCN2CC1,CC(C)c1cc(C(C)C)c(-c2ccccc2[P](C2CCCCC2)(C2CCCCC2)->[Pd]2(<-[NH2]c3ccccc3-c3cccc[c]32)[O]S(C)(=O)=O)c(C(C)C)c1,,CS(C)=O,CS(C)=O,CS(C)=O,CS(C)=O,79200.0,0.0
Brc1cccnc1,Oc1ccccc1,,CCN=P(N=P(N(C)C)(N(C)C)N(C)C)(N(C)C)N(C)C,CC(C)Oc1cccc(OC(C)C)c1-c1ccccc1[P](C1CCCCC1)(C1CCCCC1)->[Pd]1([Cl])<-[NH2]c2ccccc2-c2cccc[c]21,,CS(C)=O,CS(C)=O,CS(C)=O,CS(C)=O,79200.0,0.0
Brc1cccnc1,CC1(C)OB(c2cnn(Cc3ccccc3)c2)OC1(C)C,O,CC(C)(C)N=P(N1CCCC1)(N1CCCC1)N1CCCC1,CC(C)(C)[P](c1ccc(N)cc1)(C(C)(C)C)->[Pd]1(<-[NH2]c2ccccc2-c2cccc[c]21)[O]S(C)(=O)=O,,CS(C)=O,CS(C)=O,CS(C)=O,CS(C)=O,79200.0,9.525425910949707
Brc1cccnc1,C#Cc1ccc(CCCC)cc1,,CN1CCCN2CCCN=C12,CC(C)Oc1cccc(OC(C)C)c1-c1ccccc1[P](C1CCCCC1)(C1CCCCC1)->[Pd]1([Cl])<-[NH2]c2ccccc2-c2cccc[c]21,,CS(C)=O,CS(C)=O,CS(C)=O,CS(C)=O,79200.0,18.551836013793945
Brc1cccnc1,Nc1ccccc1,,CN1CCCN2CCCN=C12,CC(C1=C([P](C2CCCCC2)(C2CCCCC2)->[Pd]2(<-[NH2]c3ccccc3-c3cccc[c]32)[O]S(C)(=O)=O)[CH]([Fe][CH]2C=CC=C2)C=C1)P(C(C)(C)C)C(C)(C)C,,CS(C)=O,CS(C)=O,CS(C)=O,CS(C)=O,79200.0,0.374993234872818
Brc1cccnc1,CCOC(=O)CC(=O)OCC,,CN(C)C(=NC(C)(C)C)N(C)C,CC(C1=C([P](C2CCCCC2)(C2CCCCC2)->[Pd]2(<-[NH2]c3ccccc3-c3cccc[c]32)[O]S(C)(=O)=O)[CH]([Fe][CH]2C=CC=C2)C=C1)P(C(C)(C)C)C(C)(C)C,,CS(C)=O,CS(C)=O,CS(C)=O,CS(C)=O,79200.0,0.0
Brc1cccnc1,CC(C)(C)OC(N)=O,,CCN=P(N=P(N(C)C)(N(C)C)N(C)C)(N(C)C)N(C)C,CC(C)Oc1cccc(OC(C)C)c1-c1ccccc1[P](C1CCCCC1)(C1CCCCC1)->[Pd]1([Cl])<-[NH2]c2ccccc2-c2cccc[c]21,,CS(C)=O,CS(C)=O,CS(C)=O,CS(C)=O,79200.0,0.20623232424259186
Brc1cccnc1,Sc1ccccc1,,CCN=P(N=P(N(C)C)(N(C)C)N(C)C)(N(C)C)N(C)C,CC(C)(C)[P](C(C)(C)C)(C(C)(C)C)->[Pd]1([Cl])<-[NH2]c2ccccc2-c2cccc[c]21,,CS(C)=O,CS(C)=O,CS(C)=O,CS(C)=O,79200.0,0.0
Brc1cccnc1,CC(C)(C)OC(N)=O,,CCN(CC)P1(=NC(C)(C)C)N(C)CCCN1C,CC(C1=C([P](C2CCCCC2)(C2CCCCC2)->[Pd]2(<-[NH2]c3ccccc3-c3cccc[c]32)[O]S(C)(=O)=O)[CH]([Fe][CH]2C=CC=C2)C=C1)P(C(C)(C)C)C(C)(C)C,,CS(C)=O,CS(C)=O,CS(C)=O,CS(C)=O,79200.0,0.0
Brc1cccnc1,N=C(N)Cc1ccccc1,,CC(C)(C)N=P(N1CCCC1)(N1CCCC1)N1CCCC1,CC(C1=C([P](C2CCCCC2)(C2CCCCC2)->[Pd]2(<-[NH2]c3ccccc3-c3cccc[c]32)[O]S(C)(=O)=O)[CH]([Fe][CH]2C=CC=C2)C=C1)P(C(C)(C)C)C(C)(C)C,,CS(C)=O,CS(C)=O,CS(C)=O,CS(C)=O,79200.0,0.0
Brc1cccnc1,OCCCc1ccccc1,,CN1CCCN2CCCN=C12,CC(C)(C)[P](c1ccc(N)cc1)(C(C)(C)C)->[Pd]1(<-[NH2]c2ccccc2-c2cccc[c]21)[O]S(C)(=O)=O,,CS(C)=O,CS(C)=O,CS(C)=O,CS(C)=O,79200.0,0.0
Brc1cccnc1,Oc1ccccc1,,CN1CCCN2CCCN=C12,COc1ccc(OC)c([P](C(C)(C)C)(C(C)(C)C)->[Pd]2(<-[NH2]c3ccccc3-c3cccc[c]32)[O]S(C)(=O)=O)c1-c1c(C(C)C)cc(C(C)C)cc1C(C)C,,CS(C)=O,CS(C)=O,CS(C)=O,CS(C)=O,79200.0,0.0
Brc1cccnc1,Sc1ccccc1,,C1CCC2=NCCCN2CC1,CC(C)(C)[P](C(C)(C)C)(C(C)(C)C)->[Pd]1([Cl])<-[NH2]c2ccccc2-c2cccc[c]21,,CS(C)=O,CS(C)=O,CS(C)=O,CS(C)=O,79200.0,0.0
Brc1cccnc1,N=C(N)Cc1ccccc1,,CN(C)C(=NC(C)(C)C)N(C)C,CS(=O)(=O)[O][Pd]1(<-[NH2]c2ccccc2-c2cccc[c]21)<-[P](c1ccccc1N1CCOCC1)(C12C[C@H]3C[C@@H](C1)C[C@@H](C2)C3)C12C[C@H]3C[C@@H](C1)C[C@@H](C2)C3,,CS(C)=O,CS(C)=O,CS(C)=O,CS(C)=O,79200.0,0.0
Brc1cccnc1,c1ccc(Pc2ccccc2)cc1,,CC(C)(C)N=P(N1CCCC1)(N1CCCC1)N1CCCC1,CS(=O)(=O)[O][Pd]1(<-[NH2]c2ccccc2-c2cccc[c]21)<-[P](C1=CC=C[CH]1[Fe][CH]1C=CC=C1P(c1ccccc1)c1ccccc1)(c1ccccc1)c1ccccc1,,CS(C)=O,CS(C)=O,CS(C)=O,CS(C)=O,79200.0,0.0
Brc1cccnc1,Oc1ccccc1,,CCN(CC)P1(=NC(C)(C)C)N(C)CCCN1C,CC(C)(C)P(C1=CC=C[CH]1[Fe][CH]1C=CC=C1[P](C(C)(C)C)(C(C)(C)C)->[Pd]1(<-[NH2]c2ccccc2-c2cccc[c]21)[O]S(C)(=O)=O)C(C)(C)C,,CS(C)=O,CS(C)=O,CS(C)=O,CS(C)=O,79200.0,0.0
Brc1cccnc1,Oc1ccccc1,,CCN(CC)P1(=NC(C)(C)C)N(C)CCCN1C,CC(C)c1cc(C(C)C)c(-c2ccccc2[P](C2CCCCC2)(C2CCCCC2)->[Pd]2(<-[NH2]c3ccccc3-c3cccc[c]32)[O]S(C)(=O)=O)c(C(C)C)c1,,CS(C)=O,CS(C)=O,CS(C)=O,CS(C)=O,79200.0,0.0
Brc1cccnc1,C#Cc1ccc(CCCC)cc1,,CN(C)C(=NC(C)(C)C)N(C)C,COc1ccc(C)c(-c2c(C(C)C)cc(C(C)C)cc2C(C)C)c1[P](C(C)(C)C)(C(C)(C)C)->[Pd]1(<-[NH2]c2ccccc2-c2cccc[c]21)[O]S(C)(=O)=O,,CS(C)=O,CS(C)=O,CS(C)=O,CS(C)=O,79200.0,6.767977237701416
Brc1cccnc1,NS(=O)(=O)c1ccccc1,,C1CCC2=NCCCN2CC1,CC(C1=C([P](C2CCCCC2)(C2CCCCC2)->[Pd]2(<-[NH2]c3ccccc3-c3cccc[c]32)[O]S(C)(=O)=O)[CH]([Fe][CH]2C=CC=C2)C=C1)P(C(C)(C)C)C(C)(C)C,,CS(C)=O,CS(C)=O,CS(C)=O,CS(C)=O,79200.0,0.0
Brc1cccnc1,N=C(N)Cc1ccccc1,,CN1CCCN2CCCN=C12,CS(=O)(=O)[O][Pd]1(<-[NH2]c2ccccc2-c2cccc[c]21)<-[P](C1=CC=C[CH]1[Fe][CH]1C=CC=C1P(c1ccccc1)c1ccccc1)(c1ccccc1)c1ccccc1,,CS(C)=O,CS(C)=O,CS(C)=O,CS(C)=O,79200.0,0.0
Brc1cccnc1,OCCCc1ccccc1,,C1CCC2=NCCCN2CC1,CC1(C)c2cccc(P(c3ccccc3)c3ccccc3)c2Oc2c1cccc2[P](c1ccccc1)(c1ccccc1)->[Pd]1([Cl])<-[NH2]c2ccccc2-c2cccc[c]21,,CS(C)=O,CS(C)=O,CS(C)=O,CS(C)=O,79200.0,0.0
Brc1cccnc1,Nc1ccccc1,,CN1CCCN2CCCN=C12,CC(C)c1cc(C(C)C)c(-c2ccccc2[P](C2CCCCC2)(C2CCCCC2)->[Pd]2(<-[NH2]c3ccccc3-c3cccc[c]32)[O]S(C)(=O)=O)c(C(C)C)c1,,CS(C)=O,CS(C)=O,CS(C)=O,CS(C)=O,79200.0,1.915347933769226
Brc1cccnc1,CC(N)CCc1ccccc1,,CC(C)(C)N=P(N1CCCC1)(N1CCCC1)N1CCCC1,CC12CC3(C)OC(C)(CC(C)(O1)[P]3(c1ccccc1)->[Pd]1(<-[NH2]c3ccccc3-c3cccc[c]31)[O]S(C)(=O)=O)O2,,CS(C)=O,CS(C)=O,CS(C)=O,CS(C)=O,79200.0,0.0
Brc1cccnc1,Nc1ccccc1,,CCN=P(N=P(N(C)C)(N(C)C)N(C)C)(N(C)C)N(C)C,COc1ccc(OC)c([P](C2CCCCC2)(C2CCCCC2)->[Pd]2(<-[NH2]c3ccccc3-c3cccc[c]32)[O]S(C)(=O)=O)c1-c1c(C(C)C)cc(C(C)C)cc1C(C)C,,CS(C)=O,CS(C)=O,CS(C)=O,CS(C)=O,79200.0,3.563450813293457
Brc1cccnc1,NC(=O)c1ccccc1,,CC(C)(C)N=P(N1CCCC1)(N1CCCC1)N1CCCC1,CC(C)(C)[P](c1ccc(N)cc1)(C(C)(C)C)->[Pd]1(<-[NH2]c2ccccc2-c2cccc[c]21)[O]S(C)(=O)=O,,CS(C)=O,CS(C)=O,CS(C)=O,CS(C)=O,79200.0,0.0
Brc1cccnc1,Oc1ccccc1,,CCN=P(N=P(N(C)C)(N(C)C)N(C)C)(N(C)C)N(C)C,CC(C)(C)[P](c1ccc(N)cc1)(C(C)(C)C)->[Pd]1(<-[NH2]c2ccccc2-c2cccc[c]21)[O]S(C)(=O)=O,,CS(C)=O,CS(C)=O,CS(C)=O,CS(C)=O,79200.0,0.0
Brc1cccnc1,NS(=O)(=O)c1ccccc1,,CN1CCCN2CCCN=C12,COc1ccc(C)c(-c2c(C(C)C)cc(C(C)C)cc2C(C)C)c1[P](C(C)(C)C)(C(C)(C)C)->[Pd]1(<-[NH2]c2ccccc2-c2cccc[c]21)[O]S(C)(=O)=O,,CS(C)=O,CS(C)=O,CS(C)=O,CS(C)=O,79200.0,3.941317081451416
Brc1cccnc1,NC(=O)c1ccccc1,,CCN(CC)P1(=NC(C)(C)C)N(C)CCCN1C,COc1ccc(OC)c([P](C23C[C@H]4C[C@@H](C2)C[C@@H](C3)C4)(C23C[C@H]4C[C@@H](C2)C[C@@H](C3)C4)->[Pd]2(<-[NH2]c3ccccc3-c3cccc[c]32)[O]S(C)(=O)=O)c1-c1c(C(C)C)cc(C(C)C)cc1C(C)C,,CS(C)=O,CS(C)=O,CS(C)=O,CS(C)=O,79200.0,2.487215757369995
Brc1cccnc1,Nc1ccc(-c2ccccc2)cn1,,CC(C)(C)N=P(N1CCCC1)(N1CCCC1)N1CCCC1,COc1ccc(OC)c([P](C23C[C@H]4C[C@@H](C2)C[C@@H](C3)C4)(C23C[C@H]4C[C@@H](C2)C[C@@H](C3)C4)->[Pd]2(<-[NH2]c3ccccc3-c3cccc[c]32)[O]S(C)(=O)=O)c1-c1c(C(C)C)cc(C(C)C)cc1C(C)C,,CS(C)=O,CS(C)=O,CS(C)=O,CS(C)=O,79200.0,5.858480453491211
Brc1cccnc1,N=C(N)Cc1ccccc1,,CN(C)C(=NC(C)(C)C)N(C)C,CC1(C)c2cccc(P(c3ccccc3)c3ccccc3)c2Oc2c1cccc2[P](c1ccccc1)(c1ccccc1)->[Pd]1([Cl])<-[NH2]c2ccccc2-c2cccc[c]21,,CS(C)=O,CS(C)=O,CS(C)=O,CS(C)=O,79200.0,0.0
Brc1cccnc1,c1ccc2[nH]ncc2c1,,CCN=P(N=P(N(C)C)(N(C)C)N(C)C)(N(C)C)N(C)C,COc1ccc(C)c(-c2c(C(C)C)cc(C(C)C)cc2C(C)C)c1[P](C(C)(C)C)(C(C)(C)C)->[Pd]1(<-[NH2]c2ccccc2-c2cccc[c]21)[O]S(C)(=O)=O,,CS(C)=O,CS(C)=O,CS(C)=O,CS(C)=O,79200.0,2.881809949874878
Brc1cccnc1,c1ccc2[nH]ncc2c1,,CN(C)C(=NC(C)(C)C)N(C)C,CC12CC3(C)OC(C)(CC(C)(O1)[P]3(c1ccccc1)->[Pd]1(<-[NH2]c3ccccc3-c3cccc[c]31)[O]S(C)(=O)=O)O2,,CS(C)=O,CS(C)=O,CS(C)=O,CS(C)=O,79200.0,0.0
Brc1cccnc1,CC1(C)OB(c2cnn(Cc3ccccc3)c2)OC1(C)C,O,CCN=P(N=P(N(C)C)(N(C)C)N(C)C)(N(C)C)N(C)C,COc1ccc(C)c(-c2c(C(C)C)cc(C(C)C)cc2C(C)C)c1[P](C(C)(C)C)(C(C)(C)C)->[Pd]1(<-[NH2]c2ccccc2-c2cccc[c]21)[O]S(C)(=O)=O,,CS(C)=O,CS(C)=O,CS(C)=O,CS(C)=O,79200.0,7.2824625968933105
Brc1cccnc1,Oc1ccccc1,,C1CCC2=NCCCN2CC1,COc1ccc(OC)c([P](C2CCCCC2)(C2CCCCC2)->[Pd]2(<-[NH2]c3ccccc3-c3cccc[c]32)[O]S(C)(=O)=O)c1-c1c(C(C)C)cc(C(C)C)cc1C(C)C,,CS(C)=O,CS(C)=O,CS(C)=O,CS(C)=O,79200.0,0.0
Brc1cccnc1,c1ccc2[nH]ncc2c1,,C1CCC2=NCCCN2CC1,CC(C)c1cc(C(C)C)c(-c2ccccc2[P](C2CCCCC2)(C2CCCCC2)->[Pd]2(<-[NH2]c3ccccc3-c3cccc[c]32)[O]S(C)(=O)=O)c(C(C)C)c1,,CS(C)=O,CS(C)=O,CS(C)=O,CS(C)=O,79200.0,0.0
Brc1cccnc1,Nc1ccc(-c2ccccc2)cn1,,CN(C)C(=NC(C)(C)C)N(C)C,CC(C)c1cc(C(C)C)c(-c2ccccc2[P](C(C)(C)C)(C(C)(C)C)->[Pd]2(<-[NH2]c3ccccc3-c3cccc[c]32)[O]S(C)(=O)=O)c(C(C)C)c1,,CS(C)=O,CS(C)=O,CS(C)=O,CS(C)=O,79200.0,7.882991790771484
Brc1cccnc1,Nc1ccc(-c2ccccc2)cn1,,CCN=P(N=P(N(C)C)(N(C)C)N(C)C)(N(C)C)N(C)C,CS(=O)(=O)[O][Pd]1(<-[NH2]c2ccccc2-c2cccc[c]21)<-[P](c1ccccc1)(c1ccccc1)c1ccc2ccccc2c1-c1c(P(c2ccccc2)c2ccccc2)ccc2ccccc12,,CS(C)=O,CS(C)=O,CS(C)=O,CS(C)=O,79200.0,0.0
Brc1cccnc1,CCOC(=O)/C=C/c1ccccc1,,CN1CCCN2CCCN=C12,COc1ccc(OC)c([P](C23C[C@H]4C[C@@H](C2)C[C@@H](C3)C4)(C23C[C@H]4C[C@@H](C2)C[C@@H](C3)C4)->[Pd]2(<-[NH2]c3ccccc3-c3cccc[c]32)[O]S(C)(=O)=O)c1-c1c(C(C)C)cc(C(C)C)cc1C(C)C,,CS(C)=O,CS(C)=O,CS(C)=O,CS(C)=O,79200.0,0.0
Brc1cccnc1,CC(N)CCc1ccccc1,,C1CCC2=NCCCN2CC1,CC12CC3(C)OC(C)(CC(C)(O1)[P]3(c1ccccc1)->[Pd]1(<-[NH2]c3ccccc3-c3cccc[c]31)[O]S(C)(=O)=O)O2,,CS(C)=O,CS(C)=O,CS(C)=O,CS(C)=O,79200.0,0.0
Brc1cccnc1,OCCCc1ccccc1,,CCN(CC)P1(=NC(C)(C)C)N(C)CCCN1C,CC(C)(C)[P](c1ccc(N)cc1)(C(C)(C)C)->[Pd]1(<-[NH2]c2ccccc2-c2cccc[c]21)[O]S(C)(=O)=O,,CS(C)=O,CS(C)=O,CS(C)=O,CS(C)=O,79200.0,0.0
Brc1cccnc1,NS(=O)(=O)c1ccccc1,,C1CCC2=NCCCN2CC1,CS(=O)(=O)[O][Pd]1(<-[NH2]c2ccccc2-c2cccc[c]21)<-[P](c1ccccc1N1CCOCC1)(C12C[C@H]3C[C@@H](C1)C[C@@H](C2)C3)C12C[C@H]3C[C@@H](C1)C[C@@H](C2)C3,,CS(C)=O,CS(C)=O,CS(C)=O,CS(C)=O,79200.0,0.0
Brc1cccnc1,OCCCc1ccccc1,,CN(C)C(=NC(C)(C)C)N(C)C,CS(=O)(=O)[O][Pd]1(<-[NH2]c2ccccc2-c2cccc[c]21)<-[P](c1ccccc1N1CCOCC1)(C12C[C@H]3C[C@@H](C1)C[C@@H](C2)C3)C12C[C@H]3C[C@@H](C1)C[C@@H](C2)C3,,CS(C)=O,CS(C)=O,CS(C)=O,CS(C)=O,79200.0,0.0
Brc1cccnc1,Sc1ccccc1,,CC(C)(C)N=P(N1CCCC1)(N1CCCC1)N1CCCC1,CC(C1=C([P](C2CCCCC2)(C2CCCCC2)->[Pd]2(<-[NH2]c3ccccc3-c3cccc[c]32)[O]S(C)(=O)=O)[CH]([Fe][CH]2C=CC=C2)C=C1)P(C(C)(C)C)C(C)(C)C,,CS(C)=O,CS(C)=O,CS(C)=O,CS(C)=O,79200.0,0.0
Brc1cccnc1,Nc1ccccc1,,C1CCC2=NCCCN2CC1,COc1ccc(OC)c([P](C23C[C@H]4C[C@@H](C2)C[C@@H](C3)C4)(C23C[C@H]4C[C@@H](C2)C[C@@H](C3)C4)->[Pd]2(<-[NH2]c3ccccc3-c3cccc[c]32)[O]S(C)(=O)=O)c1-c1c(C(C)C)cc(C(C)C)cc1C(C)C,,CS(C)=O,CS(C)=O,CS(C)=O,CS(C)=O,79200.0,15.47317123413086
Brc1cccnc1,CCOC(=O)CC(=O)OCC,,CN(C)C(=NC(C)(C)C)N(C)C,CC(C)(C)[P](C(C)(C)C)(C(C)(C)C)->[Pd]1([Cl])<-[NH2]c2ccccc2-c2cccc[c]21,,CS(C)=O,CS(C)=O,CS(C)=O,CS(C)=O,79200.0,0.25654086470603943
Brc1cccnc1,NC(=O)c1ccccc1,,C1CCC2=NCCCN2CC1,CC(C)c1cc(C(C)C)c(-c2ccccc2[P](C(C)(C)C)(C(C)(C)C)->[Pd]2(<-[NH2]c3ccccc3-c3cccc[c]32)[O]S(C)(=O)=O)c(C(C)C)c1,,CS(C)=O,CS(C)=O,CS(C)=O,CS(C)=O,79200.0,12.685303688049316
Brc1cccnc1,Oc1ccccc1,,CC(C)(C)N=P(N1CCCC1)(N1CCCC1)N1CCCC1,CC(C)(C)P(C1=CC=C[CH]1[Fe][CH]1C=CC=C1[P](C(C)(C)C)(C(C)(C)C)->[Pd]1(<-[NH2]c2ccccc2-c2cccc[c]21)[O]S(C)(=O)=O)C(C)(C)C,,CS(C)=O,CS(C)=O,CS(C)=O,CS(C)=O,79200.0,0.0
Brc1cccnc1,Oc1ccccc1,,CN(C)C(=NC(C)(C)C)N(C)C,CC(C)(C)P(C1=CC=C[CH]1[Fe][CH]1C=CC=C1[P](C(C)(C)C)(C(C)(C)C)->[Pd]1(<-[NH2]c2ccccc2-c2cccc[c]21)[O]S(C)(=O)=O)C(C)(C)C,,CS(C)=O,CS(C)=O,CS(C)=O,CS(C)=O,79200.0,0.0
Brc1cccnc1,CC(C)(C)OC(N)=O,,CCN=P(N=P(N(C)C)(N(C)C)N(C)C)(N(C)C)N(C)C,CC(C1=C([P](C2CCCCC2)(C2CCCCC2)->[Pd]2(<-[NH2]c3ccccc3-c3cccc[c]32)[O]S(C)(=O)=O)[CH]([Fe][CH]2C=CC=C2)C=C1)P(C(C)(C)C)C(C)(C)C,,CS(C)=O,CS(C)=O,CS(C)=O,CS(C)=O,79200.0,0.0
Brc1cccnc1,c1ccc2[nH]ncc2c1,,CN1CCCN2CCCN=C12,CS(=O)(=O)[O][Pd]1(<-[NH2]c2ccccc2-c2cccc[c]21)<-[P](C1=CC=C[CH]1[Fe][CH]1C=CC=C1P(c1ccccc1)c1ccccc1)(c1ccccc1)c1ccccc1,,CS(C)=O,CS(C)=O,CS(C)=O,CS(C)=O,79200.0,0.0
Brc1cccnc1,Sc1ccccc1,,CN(C)C(=NC(C)(C)C)N(C)C,CC(C)(C)[P](C(C)(C)C)(C(C)(C)C)->[Pd]1([Cl])<-[NH2]c2ccccc2-c2cccc[c]21,,CS(C)=O,CS(C)=O,CS(C)=O,CS(C)=O,79200.0,0.0
Brc1cccnc1,Oc1ccccc1,,CN(C)C(=NC(C)(C)C)N(C)C,CC(C)(C)[P](c1ccc(N)cc1)(C(C)(C)C)->[Pd]1(<-[NH2]c2ccccc2-c2cccc[c]21)[O]S(C)(=O)=O,,CS(C)=O,CS(C)=O,CS(C)=O,CS(C)=O,79200.0,0.0
Brc1cccnc1,N=C(N)Cc1ccccc1,,CN(C)C(=NC(C)(C)C)N(C)C,COc1ccc(OC)c([P](C2CCCCC2)(C2CCCCC2)->[Pd]2(<-[NH2]c3ccccc3-c3cccc[c]32)[O]S(C)(=O)=O)c1-c1c(C(C)C)cc(C(C)C)cc1C(C)C,,CS(C)=O,CS(C)=O,CS(C)=O,CS(C)=O,79200.0,0.2716210186481476
Brc1cccnc1,CC1(C)OB(c2cnn(Cc3ccccc3)c2)OC1(C)C,O,CCN=P(N=P(N(C)C)(N(C)C)N(C)C)(N(C)C)N(C)C,CC(C1=C([P](C2CCCCC2)(C2CCCCC2)->[Pd]2(<-[NH2]c3ccccc3-c3cccc[c]32)[O]S(C)(=O)=O)[CH]([Fe][CH]2C=CC=C2)C=C1)P(C(C)(C)C)C(C)(C)C,,CS(C)=O,CS(C)=O,CS(C)=O,CS(C)=O,79200.0,0.0
Brc1cccnc1,NC(=O)c1ccccc1,,CC(C)(C)N=P(N1CCCC1)(N1CCCC1)N1CCCC1,CC(C1=C([P](C2CCCCC2)(C2CCCCC2)->[Pd]2(<-[NH2]c3ccccc3-c3cccc[c]32)[O]S(C)(=O)=O)[CH]([Fe][CH]2C=CC=C2)C=C1)P(C(C)(C)C)C(C)(C)C,,CS(C)=O,CS(C)=O,CS(C)=O,CS(C)=O,79200.0,0.0
Brc1cccnc1,N=C(N)Cc1ccccc1,,CCN=P(N=P(N(C)C)(N(C)C)N(C)C)(N(C)C)N(C)C,CC(C)c1cc(C(C)C)c(-c2ccccc2[P](C(C)(C)C)(C(C)(C)C)->[Pd]2(<-[NH2]c3ccccc3-c3cccc[c]32)[O]S(C)(=O)=O)c(C(C)C)c1,,CS(C)=O,CS(C)=O,CS(C)=O,CS(C)=O,79200.0,2.4811203479766846
Brc1cccnc1,Sc1ccccc1,,CCN=P(N=P(N(C)C)(N(C)C)N(C)C)(N(C)C)N(C)C,CC(C)(C)[P](c1ccc(N)cc1)(C(C)(C)C)->[Pd]1(<-[NH2]c2ccccc2-c2cccc[c]21)[O]S(C)(=O)=O,,CS(C)=O,CS(C)=O,CS(C)=O,CS(C)=O,79200.0,0.0
Brc1cccnc1,c1ccc(Pc2ccccc2)cc1,,CCN(CC)P1(=NC(C)(C)C)N(C)CCCN1C,CS(=O)(=O)[O][Pd]1(<-[NH2]c2ccccc2-c2cccc[c]21)<-[P](C1=CC=C[CH]1[Fe][CH]1C=CC=C1P(c1ccccc1)c1ccccc1)(c1ccccc1)c1ccccc1,,CS(C)=O,CS(C)=O,CS(C)=O,CS(C)=O,79200.0,0.0
Brc1cccnc1,CC(N)CCc1ccccc1,,CCN=P(N=P(N(C)C)(N(C)C)N(C)C)(N(C)C)N(C)C,CC(C)(C)P(C1=CC=C[CH]1[Fe][CH]1C=CC=C1[P](C(C)(C)C)(C(C)(C)C)->[Pd]1(<-[NH2]c2ccccc2-c2cccc[c]21)[O]S(C)(=O)=O)C(C)(C)C,,CS(C)=O,CS(C)=O,CS(C)=O,CS(C)=O,79200.0,0.1754925698041916
Brc1cccnc1,NC(=O)c1ccccc1,,CCN=P(N=P(N(C)C)(N(C)C)N(C)C)(N(C)C)N(C)C,CS(=O)(=O)[O][Pd]1(<-[NH2]c2ccccc2-c2cccc[c]21)<-[P](c1ccccc1N1CCOCC1)(C12C[C@H]3C[C@@H](C1)C[C@@H](C2)C3)C12C[C@H]3C[C@@H](C1)C[C@@H](C2)C3,,CS(C)=O,CS(C)=O,CS(C)=O,CS(C)=O,79200.0,0.0
Brc1cccnc1,c1ccc(Pc2ccccc2)cc1,,CCN(CC)P1(=NC(C)(C)C)N(C)CCCN1C,CC(C1=C([P](C2CCCCC2)(C2CCCCC2)->[Pd]2(<-[NH2]c3ccccc3-c3cccc[c]32)[O]S(C)(=O)=O)[CH]([Fe][CH]2C=CC=C2)C=C1)P(C(C)(C)C)C(C)(C)C,,CS(C)=O,CS(C)=O,CS(C)=O,CS(C)=O,79200.0,0.0
Brc1cccnc1,NS(=O)(=O)c1ccccc1,,CCN(CC)P1(=NC(C)(C)C)N(C)CCCN1C,CC(C)(C)P(C1=CC=C[CH]1[Fe][CH]1C=CC=C1[P](C(C)(C)C)(C(C)(C)C)->[Pd]1(<-[NH2]c2ccccc2-c2cccc[c]21)[O]S(C)(=O)=O)C(C)(C)C,,CS(C)=O,CS(C)=O,CS(C)=O,CS(C)=O,79200.0,0.0
Brc1cccnc1,NS(=O)(=O)c1ccccc1,,CC(C)(C)N=P(N1CCCC1)(N1CCCC1)N1CCCC1,CC(C)c1cc(C(C)C)c(-c2ccccc2[P](C2CCCCC2)(C2CCCCC2)->[Pd]2(<-[NH2]c3ccccc3-c3cccc[c]32)[O]S(C)(=O)=O)c(C(C)C)c1,,CS(C)=O,CS(C)=O,CS(C)=O,CS(C)=O,79200.0,0.0
Brc1cccnc1,c1ccc(Pc2ccccc2)cc1,,CN(C)C(=NC(C)(C)C)N(C)C,CS(=O)(=O)[O][Pd]1(<-[NH2]c2ccccc2-c2cccc[c]21)<-[P](c1ccccc1)(c1ccccc1)c1ccc2ccccc2c1-c1c(P(c2ccccc2)c2ccccc2)ccc2ccccc12,,CS(C)=O,CS(C)=O,CS(C)=O,CS(C)=O,79200.0,0.0
Brc1cccnc1,Nc1ccc(-c2ccccc2)cn1,,C1CCC2=NCCCN2CC1,CC(C)Oc1cccc(OC(C)C)c1-c1ccccc1[P](C1CCCCC1)(C1CCCCC1)->[Pd]1([Cl])<-[NH2]c2ccccc2-c2cccc[c]21,,CS(C)=O,CS(C)=O,CS(C)=O,CS(C)=O,79200.0,0.0
Brc1cccnc1,C#Cc1ccc(CCCC)cc1,,C1CCC2=NCCCN2CC1,CC12CC3(C)OC(C)(CC(C)(O1)[P]3(c1ccccc1)->[Pd]1(<-[NH2]c3ccccc3-c3cccc[c]31)[O]S(C)(=O)=O)O2,,CS(C)=O,CS(C)=O,CS(C)=O,CS(C)=O,79200.0,19.348909378051758
Brc1cccnc1,CC(C)(C)OC(N)=O,,CCN=P(N=P(N(C)C)(N(C)C)N(C)C)(N(C)C)N(C)C,CC(C)(C)P(C1=CC=C[CH]1[Fe][CH]1C=CC=C1[P](C(C)(C)C)(C(C)(C)C)->[Pd]1(<-[NH2]c2ccccc2-c2cccc[c]21)[O]S(C)(=O)=O)C(C)(C)C,,CS(C)=O,CS(C)=O,CS(C)=O,CS(C)=O,79200.0,1.2594152688980103
Brc1cccnc1,NS(=O)(=O)c1ccccc1,,CN(C)C(=NC(C)(C)C)N(C)C,CC12CC3(C)OC(C)(CC(C)(O1)[P]3(c1ccccc1)->[Pd]1(<-[NH2]c3ccccc3-c3cccc[c]31)[O]S(C)(=O)=O)O2,,CS(C)=O,CS(C)=O,CS(C)=O,CS(C)=O,79200.0,0.0
Brc1cccnc1,CCOC(=O)/C=C/c1ccccc1,,CN(C)C(=NC(C)(C)C)N(C)C,CC(C)(C)[P](C(C)(C)C)(C(C)(C)C)->[Pd]1([Cl])<-[NH2]c2ccccc2-c2cccc[c]21,,CS(C)=O,CS(C)=O,CS(C)=O,CS(C)=O,79200.0,0.0
Brc1cccnc1,CC(N)CCc1ccccc1,,C1CCC2=NCCCN2CC1,CC(C)(C)P(C1=CC=C[CH]1[Fe][CH]1C=CC=C1[P](C(C)(C)C)(C(C)(C)C)->[Pd]1(<-[NH2]c2ccccc2-c2cccc[c]21)[O]S(C)(=O)=O)C(C)(C)C,,CS(C)=O,CS(C)=O,CS(C)=O,CS(C)=O,79200.0,0.0
Brc1cccnc1,Nc1ccc(-c2ccccc2)cn1,,CN1CCCN2CCCN=C12,CC(C1=C([P](C2CCCCC2)(C2CCCCC2)->[Pd]2(<-[NH2]c3ccccc3-c3cccc[c]32)[O]S(C)(=O)=O)[CH]([Fe][CH]2C=CC=C2)C=C1)P(C(C)(C)C)C(C)(C)C,,CS(C)=O,CS(C)=O,CS(C)=O,CS(C)=O,79200.0,0.17799636721611023
Brc1cccnc1,Nc1ccc(-c2ccccc2)cn1,,C1CCC2=NCCCN2CC1,CC(C)c1cc(C(C)C)c(-c2ccccc2[P](C2CCCCC2)(C2CCCCC2)->[Pd]2(<-[NH2]c3ccccc3-c3cccc[c]32)[O]S(C)(=O)=O)c(C(C)C)c1,,CS(C)=O,CS(C)=O,CS(C)=O,CS(C)=O,79200.0,0.14884619414806366
Brc1cccnc1,CC1(C)OB(c2cnn(Cc3ccccc3)c2)OC1(C)C,O,CN1CCCN2CCCN=C12,COc1ccc(OC)c([P](C2CCCCC2)(C2CCCCC2)->[Pd]2(<-[NH2]c3ccccc3-c3cccc[c]32)[O]S(C)(=O)=O)c1-c1c(C(C)C)cc(C(C)C)cc1C(C)C,,CS(C)=O,CS(C)=O,CS(C)=O,CS(C)=O,79200.0,21.65867042541504
Brc1cccnc1,NS(=O)(=O)c1ccccc1,,CN(C)C(=NC(C)(C)C)N(C)C,CC(C)(C)[P](C(C)(C)C)(C(C)(C)C)->[Pd]1([Cl])<-[NH2]c2ccccc2-c2cccc[c]21,,CS(C)=O,CS(C)=O,CS(C)=O,CS(C)=O,79200.0,0.0
Brc1cccnc1,Nc1ccccc1,,CC(C)(C)N=P(N1CCCC1)(N1CCCC1)N1CCCC1,CS(=O)(=O)[O][Pd]1(<-[NH2]c2ccccc2-c2cccc[c]21)<-[P](c1ccccc1N1CCOCC1)(C12C[C@H]3C[C@@H](C1)C[C@@H](C2)C3)C12C[C@H]3C[C@@H](C1)C[C@@H](C2)C3,,CS(C)=O,CS(C)=O,CS(C)=O,CS(C)=O,79200.0,1.1700628995895386
Brc1cccnc1,NC(=O)c1ccccc1,,CCN(CC)P1(=NC(C)(C)C)N(C)CCCN1C,CC(C)Oc1cccc(OC(C)C)c1-c1ccccc1[P](C1CCCCC1)(C1CCCCC1)->[Pd]1([Cl])<-[NH2]c2ccccc2-c2cccc[c]21,,CS(C)=O,CS(C)=O,CS(C)=O,CS(C)=O,79200.0,0.0
Brc1cccnc1,Oc1ccccc1,,CN1CCCN2CCCN=C12,CC(C)Oc1cccc(OC(C)C)c1-c1ccccc1[P](C1CCCCC1)(C1CCCCC1)->[Pd]1([Cl])<-[NH2]c2ccccc2-c2cccc[c]21,,CS(C)=O,CS(C)=O,CS(C)=O,CS(C)=O,79200.0,0.0
Brc1cccnc1,c1ccc2[nH]ncc2c1,,CC(C)(C)N=P(N1CCCC1)(N1CCCC1)N1CCCC1,COc1ccc(OC)c([P](C(C)(C)C)(C(C)(C)C)->[Pd]2(<-[NH2]c3ccccc3-c3cccc[c]32)[O]S(C)(=O)=O)c1-c1c(C(C)C)cc(C(C)C)cc1C(C)C,,CS(C)=O,CS(C)=O,CS(C)=O,CS(C)=O,79200.0,3.759324312210083
Brc1cccnc1,NC(=O)c1ccccc1,,CN1CCCN2CCCN=C12,CC(C)(C)[P](C(C)(C)C)(C(C)(C)C)->[Pd]1([Cl])<-[NH2]c2ccccc2-c2cccc[c]21,,CS(C)=O,CS(C)=O,CS(C)=O,CS(C)=O,79200.0,0.0
Brc1cccnc1,C#Cc1ccc(CCCC)cc1,,C1CCC2=NCCCN2CC1,COc1ccc(OC)c([P](C(C)(C)C)(C(C)(C)C)->[Pd]2(<-[NH2]c3ccccc3-c3cccc[c]32)[O]S(C)(=O)=O)c1-c1c(C(C)C)cc(C(C)C)cc1C(C)C,,CS(C)=O,CS(C)=O,CS(C)=O,CS(C)=O,79200.0,2.4168789386749268
Brc1cccnc1,NS(=O)(=O)c1ccccc1,,CCN(CC)P1(=NC(C)(C)C)N(C)CCCN1C,COc1ccc(C)c(-c2c(C(C)C)cc(C(C)C)cc2C(C)C)c1[P](C(C)(C)C)(C(C)(C)C)->[Pd]1(<-[NH2]c2ccccc2-c2cccc[c]21)[O]S(C)(=O)=O,,CS(C)=O,CS(C)=O,CS(C)=O,CS(C)=O,79200.0,1.634039282798767
Brc1cccnc1,CCOC(=O)CC(=O)OCC,,CCN(CC)P1(=NC(C)(C)C)N(C)CCCN1C,CC12CC3(C)OC(C)(CC(C)(O1)[P]3(c1ccccc1)->[Pd]1(<-[NH2]c3ccccc3-c3cccc[c]31)[O]S(C)(=O)=O)O2,,CS(C)=O,CS(C)=O,CS(C)=O,CS(C)=O,79200.0,0.08046899735927582
Brc1cccnc1,CCOC(=O)CC(=O)OCC,,CC(C)(C)N=P(N1CCCC1)(N1CCCC1)N1CCCC1,COc1ccc(C)c(-c2c(C(C)C)cc(C(C)C)cc2C(C)C)c1[P](C(C)(C)C)(C(C)(C)C)->[Pd]1(<-[NH2]c2ccccc2-c2cccc[c]21)[O]S(C)(=O)=O,,CS(C)=O,CS(C)=O,CS(C)=O,CS(C)=O,79200.0,1.9978580474853516
Brc1cccnc1,CC(N)CCc1ccccc1,,CCN=P(N=P(N(C)C)(N(C)C)N(C)C)(N(C)C)N(C)C,CC(C)(C)[P](c1ccc(N)cc1)(C(C)(C)C)->[Pd]1(<-[NH2]c2ccccc2-c2cccc[c]21)[O]S(C)(=O)=O,,CS(C)=O,CS(C)=O,CS(C)=O,CS(C)=O,79200.0,0.2959226667881012
Brc1cccnc1,NC(=O)c1ccccc1,,CCN=P(N=P(N(C)C)(N(C)C)N(C)C)(N(C)C)N(C)C,CC(C)(C)P(C1=CC=C[CH]1[Fe][CH]1C=CC=C1[P](C(C)(C)C)(C(C)(C)C)->[Pd]1(<-[NH2]c2ccccc2-c2cccc[c]21)[O]S(C)(=O)=O)C(C)(C)C,,CS(C)=O,CS(C)=O,CS(C)=O,CS(C)=O,79200.0,0.0
Brc1cccnc1,CCOC(=O)/C=C/c1ccccc1,,CN1CCCN2CCCN=C12,COc1ccc(C)c(-c2c(C(C)C)cc(C(C)C)cc2C(C)C)c1[P](C(C)(C)C)(C(C)(C)C)->[Pd]1(<-[NH2]c2ccccc2-c2cccc[c]21)[O]S(C)(=O)=O,,CS(C)=O,CS(C)=O,CS(C)=O,CS(C)=O,79200.0,0.0
Brc1cccnc1,c1ccc(Pc2ccccc2)cc1,,C1CCC2=NCCCN2CC1,CC1(C)c2cccc(P(c3ccccc3)c3ccccc3)c2Oc2c1cccc2[P](c1ccccc1)(c1ccccc1)->[Pd]1([Cl])<-[NH2]c2ccccc2-c2cccc[c]21,,CS(C)=O,CS(C)=O,CS(C)=O,CS(C)=O,79200.0,0.0
Brc1cccnc1,Sc1ccccc1,,CCN=P(N=P(N(C)C)(N(C)C)N(C)C)(N(C)C)N(C)C,COc1ccc(OC)c([P](C2CCCCC2)(C2CCCCC2)->[Pd]2(<-[NH2]c3ccccc3-c3cccc[c]32)[O]S(C)(=O)=O)c1-c1c(C(C)C)cc(C(C)C)cc1C(C)C,,CS(C)=O,CS(C)=O,CS(C)=O,CS(C)=O,79200.0,0.0
Brc1cccnc1,OCCCc1ccccc1,,C1CCC2=NCCCN2CC1,CC(C)c1cc(C(C)C)c(-c2ccccc2[P](C(C)(C)C)(C(C)(C)C)->[Pd]2(<-[NH2]c3ccccc3-c3cccc[c]32)[O]S(C)(=O)=O)c(C(C)C)c1,,CS(C)=O,CS(C)=O,CS(C)=O,CS(C)=O,79200.0,0.0
Brc1cccnc1,CC1(C)OB(c2cnn(Cc3ccccc3)c2)OC1(C)C,O,CN(C)C(=NC(C)(C)C)N(C)C,CC(C1=C([P](C2CCCCC2)(C2CCCCC2)->[Pd]2(<-[NH2]c3ccccc3-c3cccc[c]32)[O]S(C)(=O)=O)[CH]([Fe][CH]2C=CC=C2)C=C1)P(C(C)(C)C)C(C)(C)C,,CS(C)=O,CS(C)=O,CS(C)=O,CS(C)=O,79200.0,3.3583579063415527
Brc1cccnc1,Oc1ccccc1,,C1CCC2=NCCCN2CC1,CC1(C)c2cccc(P(c3ccccc3)c3ccccc3)c2Oc2c1cccc2[P](c1ccccc1)(c1ccccc1)->[Pd]1([Cl])<-[NH2]c2ccccc2-c2cccc[c]21,,CS(C)=O,CS(C)=O,CS(C)=O,CS(C)=O,79200.0,0.0
Brc1cccnc1,Nc1ccccc1,,CCN=P(N=P(N(C)C)(N(C)C)N(C)C)(N(C)C)N(C)C,CS(=O)(=O)[O][Pd]1(<-[NH2]c2ccccc2-c2cccc[c]21)<-[P](c1ccccc1)(c1ccccc1)c1ccc2ccccc2c1-c1c(P(c2ccccc2)c2ccccc2)ccc2ccccc12,,CS(C)=O,CS(C)=O,CS(C)=O,CS(C)=O,79200.0,0.5766998529434204
Brc1cccnc1,NC(=O)c1ccccc1,,CN1CCCN2CCCN=C12,CC(C)Oc1cccc(OC(C)C)c1-c1ccccc1[P](C1CCCCC1)(C1CCCCC1)->[Pd]1([Cl])<-[NH2]c2ccccc2-c2cccc[c]21,,CS(C)=O,CS(C)=O,CS(C)=O,CS(C)=O,79200.0,0.0
Brc1cccnc1,Oc1ccccc1,,CC(C)(C)N=P(N1CCCC1)(N1CCCC1)N1CCCC1,COc1ccc(OC)c([P](C(C)(C)C)(C(C)(C)C)->[Pd]2(<-[NH2]c3ccccc3-c3cccc[c]32)[O]S(C)(=O)=O)c1-c1c(C(C)C)cc(C(C)C)cc1C(C)C,,CS(C)=O,CS(C)=O,CS(C)=O,CS(C)=O,79200.0,0.0
Brc1cccnc1,CC(C)(C)OC(N)=O,,C1CCC2=NCCCN2CC1,CS(=O)(=O)[O][Pd]1(<-[NH2]c2ccccc2-c2cccc[c]21)<-[P](C1=CC=C[CH]1[Fe][CH]1C=CC=C1P(c1ccccc1)c1ccccc1)(c1ccccc1)c1ccccc1,,CS(C)=O,CS(C)=O,CS(C)=O,CS(C)=O,79200.0,0.0
Brc1cccnc1,CC(N)CCc1ccccc1,,C1CCC2=NCCCN2CC1,CS(=O)(=O)[O][Pd]1(<-[NH2]c2ccccc2-c2cccc[c]21)<-[P](C1=CC=C[CH]1[Fe][CH]1C=CC=C1P(c1ccccc1)c1ccccc1)(c1ccccc1)c1ccccc1,,CS(C)=O,CS(C)=O,CS(C)=O,CS(C)=O,79200.0,0.0
Brc1cccnc1,Sc1ccccc1,,CN(C)C(=NC(C)(C)C)N(C)C,CC(C)(C)P(C1=CC=C[CH]1[Fe][CH]1C=CC=C1[P](C(C)(C)C)(C(C)(C)C)->[Pd]1(<-[NH2]c2ccccc2-c2cccc[c]21)[O]S(C)(=O)=O)C(C)(C)C,,CS(C)=O,CS(C)=O,CS(C)=O,CS(C)=O,79200.0,0.0
Brc1cccnc1,OCCCc1ccccc1,,CN1CCCN2CCCN=C12,COc1ccc(OC)c([P](C2CCCCC2)(C2CCCCC2)->[Pd]2(<-[NH2]c3ccccc3-c3cccc[c]32)[O]S(C)(=O)=O)c1-c1c(C(C)C)cc(C(C)C)cc1C(C)C,,CS(C)=O,CS(C)=O,CS(C)=O,CS(C)=O,79200.0,0.0
Brc1cccnc1,C#Cc1ccc(CCCC)cc1,,CCN=P(N=P(N(C)C)(N(C)C)N(C)C)(N(C)C)N(C)C,COc1ccc(OC)c([P](C23C[C@H]4C[C@@H](C2)C[C@@H](C3)C4)(C23C[C@H]4C[C@@H](C2)C[C@@H](C3)C4)->[Pd]2(<-[NH2]c3ccccc3-c3cccc[c]32)[O]S(C)(=O)=O)c1-c1c(C(C)C)cc(C(C)C)cc1C(C)C,,CS(C)=O,CS(C)=O,CS(C)=O,CS(C)=O,79200.0,2.3739356994628906
Brc1cccnc1,CC(N)CCc1ccccc1,,C1CCC2=NCCCN2CC1,CC1(C)c2cccc(P(c3ccccc3)c3ccccc3)c2Oc2c1cccc2[P](c1ccccc1)(c1ccccc1)->[Pd]1([Cl])<-[NH2]c2ccccc2-c2cccc[c]21,,CS(C)=O,CS(C)=O,CS(C)=O,CS(C)=O,79200.0,0.0
Brc1cccnc1,NC(=O)c1ccccc1,,C1CCC2=NCCCN2CC1,CC(C1=C([P](C2CCCCC2)(C2CCCCC2)->[Pd]2(<-[NH2]c3ccccc3-c3cccc[c]32)[O]S(C)(=O)=O)[CH]([Fe][CH]2C=CC=C2)C=C1)P(C(C)(C)C)C(C)(C)C,,CS(C)=O,CS(C)=O,CS(C)=O,CS(C)=O,79200.0,0.0
Brc1cccnc1,C#Cc1ccc(CCCC)cc1,,CCN=P(N=P(N(C)C)(N(C)C)N(C)C)(N(C)C)N(C)C,COc1ccc(C)c(-c2c(C(C)C)cc(C(C)C)cc2C(C)C)c1[P](C(C)(C)C)(C(C)(C)C)->[Pd]1(<-[NH2]c2ccccc2-c2cccc[c]21)[O]S(C)(=O)=O,,CS(C)=O,CS(C)=O,CS(C)=O,CS(C)=O,79200.0,3.5631253719329834
Brc1cccnc1,CCOC(=O)/C=C/c1ccccc1,,CN(C)C(=NC(C)(C)C)N(C)C,CC(C1=C([P](C2CCCCC2)(C2CCCCC2)->[Pd]2(<-[NH2]c3ccccc3-c3cccc[c]32)[O]S(C)(=O)=O)[CH]([Fe][CH]2C=CC=C2)C=C1)P(C(C)(C)C)C(C)(C)C,,CS(C)=O,CS(C)=O,CS(C)=O,CS(C)=O,79200.0,0.0
Brc1cccnc1,C#Cc1ccc(CCCC)cc1,,CCN(CC)P1(=NC(C)(C)C)N(C)CCCN1C,CC(C)(C)P(C1=CC=C[CH]1[Fe][CH]1C=CC=C1[P](C(C)(C)C)(C(C)(C)C)->[Pd]1(<-[NH2]c2ccccc2-c2cccc[c]21)[O]S(C)(=O)=O)C(C)(C)C,,CS(C)=O,CS(C)=O,CS(C)=O,CS(C)=O,79200.0,3.9314215183258057
Brc1cccnc1,NC(=O)c1ccccc1,,CCN=P(N=P(N(C)C)(N(C)C)N(C)C)(N(C)C)N(C)C,CC1(C)c2cccc(P(c3ccccc3)c3ccccc3)c2Oc2c1cccc2[P](c1ccccc1)(c1ccccc1)->[Pd]1([Cl])<-[NH2]c2ccccc2-c2cccc[c]21,,CS(C)=O,CS(C)=O,CS(C)=O,CS(C)=O,79200.0,0.0
Brc1cccnc1,Nc1ccccc1,,CN1CCCN2CCCN=C12,CS(=O)(=O)[O][Pd]1(<-[NH2]c2ccccc2-c2cccc[c]21)<-[P](c1ccccc1N1CCOCC1)(C12C[C@H]3C[C@@H](C1)C[C@@H](C2)C3)C12C[C@H]3C[C@@H](C1)C[C@@H](C2)C3,,CS(C)=O,CS(C)=O,CS(C)=O,CS(C)=O,79200.0,0.6065324544906616
Brc1cccnc1,Nc1ccccc1,,CC(C)(C)N=P(N1CCCC1)(N1CCCC1)N1CCCC1,COc1ccc(C)c(-c2c(C(C)C)cc(C(C)C)cc2C(C)C)c1[P](C(C)(C)C)(C(C)(C)C)->[Pd]1(<-[NH2]c2ccccc2-c2cccc[c]21)[O]S(C)(=O)=O,,CS(C)=O,CS(C)=O,CS(C)=O,CS(C)=O,79200.0,5.061728000640869
Brc1cccnc1,N=C(N)Cc1ccccc1,,CCN(CC)P1(=NC(C)(C)C)N(C)CCCN1C,COc1ccc(OC)c([P](C(C)(C)C)(C(C)(C)C)->[Pd]2(<-[NH2]c3ccccc3-c3cccc[c]32)[O]S(C)(=O)=O)c1-c1c(C(C)C)cc(C(C)C)cc1C(C)C,,CS(C)=O,CS(C)=O,CS(C)=O,CS(C)=O,79200.0,0.0
Brc1cccnc1,CC(N)CCc1ccccc1,,CCN=P(N=P(N(C)C)(N(C)C)N(C)C)(N(C)C)N(C)C,COc1ccc(OC)c([P](C23C[C@H]4C[C@@H](C2)C[C@@H](C3)C4)(C23C[C@H]4C[C@@H](C2)C[C@@H](C3)C4)->[Pd]2(<-[NH2]c3ccccc3-c3cccc[c]32)[O]S(C)(=O)=O)c1-c1c(C(C)C)cc(C(C)C)cc1C(C)C,,CS(C)=O,CS(C)=O,CS(C)=O,CS(C)=O,79200.0,13.530784606933594
Brc1cccnc1,N=C(N)Cc1ccccc1,,CCN=P(N=P(N(C)C)(N(C)C)N(C)C)(N(C)C)N(C)C,COc1ccc(OC)c([P](C2CCCCC2)(C2CCCCC2)->[Pd]2(<-[NH2]c3ccccc3-c3cccc[c]32)[O]S(C)(=O)=O)c1-c1c(C(C)C)cc(C(C)C)cc1C(C)C,,CS(C)=O,CS(C)=O,CS(C)=O,CS(C)=O,79200.0,0.2713679075241089
Brc1cccnc1,Nc1ccc(-c2ccccc2)cn1,,CN1CCCN2CCCN=C12,CC(C)Oc1cccc(OC(C)C)c1-c1ccccc1[P](C1CCCCC1)(C1CCCCC1)->[Pd]1([Cl])<-[NH2]c2ccccc2-c2cccc[c]21,,CS(C)=O,CS(C)=O,CS(C)=O,CS(C)=O,79200.0,0.0
Brc1cccnc1,NC(=O)c1ccccc1,,CCN(CC)P1(=NC(C)(C)C)N(C)CCCN1C,CS(=O)(=O)[O][Pd]1(<-[NH2]c2ccccc2-c2cccc[c]21)<-[P](c1ccccc1N1CCOCC1)(C12C[C@H]3C[C@@H](C1)C[C@@H](C2)C3)C12C[C@H]3C[C@@H](C1)C[C@@H](C2)C3,,CS(C)=O,CS(C)=O,CS(C)=O,CS(C)=O,79200.0,0.0
Brc1cccnc1,OCCCc1ccccc1,,CCN(CC)P1(=NC(C)(C)C)N(C)CCCN1C,CS(=O)(=O)[O][Pd]1(<-[NH2]c2ccccc2-c2cccc[c]21)<-[P](c1ccccc1N1CCOCC1)(C12C[C@H]3C[C@@H](C1)C[C@@H](C2)C3)C12C[C@H]3C[C@@H](C1)C[C@@H](C2)C3,,CS(C)=O,CS(C)=O,CS(C)=O,CS(C)=O,79200.0,0.0
Brc1cccnc1,CC1(C)OB(c2cnn(Cc3ccccc3)c2)OC1(C)C,O,C1CCC2=NCCCN2CC1,CC(C)Oc1cccc(OC(C)C)c1-c1ccccc1[P](C1CCCCC1)(C1CCCCC1)->[Pd]1([Cl])<-[NH2]c2ccccc2-c2cccc[c]21,,CS(C)=O,CS(C)=O,CS(C)=O,CS(C)=O,79200.0,0.8041343092918396
Brc1cccnc1,c1ccc(Pc2ccccc2)cc1,,CN1CCCN2CCCN=C12,COc1ccc(OC)c([P](C(C)(C)C)(C(C)(C)C)->[Pd]2(<-[NH2]c3ccccc3-c3cccc[c]32)[O]S(C)(=O)=O)c1-c1c(C(C)C)cc(C(C)C)cc1C(C)C,,CS(C)=O,CS(C)=O,CS(C)=O,CS(C)=O,79200.0,0.0
Brc1cccnc1,c1ccc2[nH]ncc2c1,,CN1CCCN2CCCN=C12,COc1ccc(C)c(-c2c(C(C)C)cc(C(C)C)cc2C(C)C)c1[P](C(C)(C)C)(C(C)(C)C)->[Pd]1(<-[NH2]c2ccccc2-c2cccc[c]21)[O]S(C)(=O)=O,,CS(C)=O,CS(C)=O,CS(C)=O,CS(C)=O,79200.0,2.4713234901428223
Brc1cccnc1,NC(=O)c1ccccc1,,CCN(CC)P1(=NC(C)(C)C)N(C)CCCN1C,CC(C)(C)[P](C(C)(C)C)(C(C)(C)C)->[Pd]1([Cl])<-[NH2]c2ccccc2-c2cccc[c]21,,CS(C)=O,CS(C)=O,CS(C)=O,CS(C)=O,79200.0,0.0
Brc1cccnc1,NC(=O)c1ccccc1,,CN(C)C(=NC(C)(C)C)N(C)C,CC(C)(C)P(C1=CC=C[CH]1[Fe][CH]1C=CC=C1[P](C(C)(C)C)(C(C)(C)C)->[Pd]1(<-[NH2]c2ccccc2-c2cccc[c]21)[O]S(C)(=O)=O)C(C)(C)C,,CS(C)=O,CS(C)=O,CS(C)=O,CS(C)=O,79200.0,0.0
Brc1cccnc1,OCCCc1ccccc1,,CN1CCCN2CCCN=C12,CC(C)Oc1cccc(OC(C)C)c1-c1ccccc1[P](C1CCCCC1)(C1CCCCC1)->[Pd]1([Cl])<-[NH2]c2ccccc2-c2cccc[c]21,,CS(C)=O,CS(C)=O,CS(C)=O,CS(C)=O,79200.0,0.0
Brc1cccnc1,CC1(C)OB(c2cnn(Cc3ccccc3)c2)OC1(C)C,O,CN1CCCN2CCCN=C12,CC(C)Oc1cccc(OC(C)C)c1-c1ccccc1[P](C1CCCCC1)(C1CCCCC1)->[Pd]1([Cl])<-[NH2]c2ccccc2-c2cccc[c]21,,CS(C)=O,CS(C)=O,CS(C)=O,CS(C)=O,79200.0,21.41794204711914
Brc1cccnc1,Oc1ccccc1,,CC(C)(C)N=P(N1CCCC1)(N1CCCC1)N1CCCC1,CC(C1=C([P](C2CCCCC2)(C2CCCCC2)->[Pd]2(<-[NH2]c3ccccc3-c3cccc[c]32)[O]S(C)(=O)=O)[CH]([Fe][CH]2C=CC=C2)C=C1)P(C(C)(C)C)C(C)(C)C,,CS(C)=O,CS(C)=O,CS(C)=O,CS(C)=O,79200.0,0.0
Brc1cccnc1,N=C(N)Cc1ccccc1,,C1CCC2=NCCCN2CC1,CC(C)(C)[P](c1ccc(N)cc1)(C(C)(C)C)->[Pd]1(<-[NH2]c2ccccc2-c2cccc[c]21)[O]S(C)(=O)=O,,CS(C)=O,CS(C)=O,CS(C)=O,CS(C)=O,79200.0,0.0
Brc1cccnc1,NC(=O)c1ccccc1,,C1CCC2=NCCCN2CC1,CC12CC3(C)OC(C)(CC(C)(O1)[P]3(c1ccccc1)->[Pd]1(<-[NH2]c3ccccc3-c3cccc[c]31)[O]S(C)(=O)=O)O2,,CS(C)=O,CS(C)=O,CS(C)=O,CS(C)=O,79200.0,0.0
Brc1cccnc1,c1ccc(Pc2ccccc2)cc1,,CCN(CC)P1(=NC(C)(C)C)N(C)CCCN1C,CC12CC3(C)OC(C)(CC(C)(O1)[P]3(c1ccccc1)->[Pd]1(<-[NH2]c3ccccc3-c3cccc[c]31)[O]S(C)(=O)=O)O2,,CS(C)=O,CS(C)=O,CS(C)=O,CS(C)=O,79200.0,0.0
Brc1cccnc1,CC(N)CCc1ccccc1,,CCN(CC)P1(=NC(C)(C)C)N(C)CCCN1C,CS(=O)(=O)[O][Pd]1(<-[NH2]c2ccccc2-c2cccc[c]21)<-[P](c1ccccc1N1CCOCC1)(C12C[C@H]3C[C@@H](C1)C[C@@H](C2)C3)C12C[C@H]3C[C@@H](C1)C[C@@H](C2)C3,,CS(C)=O,CS(C)=O,CS(C)=O,CS(C)=O,79200.0,0.05605126544833183
Brc1cccnc1,CCOC(=O)/C=C/c1ccccc1,,CCN=P(N=P(N(C)C)(N(C)C)N(C)C)(N(C)C)N(C)C,COc1ccc(C)c(-c2c(C(C)C)cc(C(C)C)cc2C(C)C)c1[P](C(C)(C)C)(C(C)(C)C)->[Pd]1(<-[NH2]c2ccccc2-c2cccc[c]21)[O]S(C)(=O)=O,,CS(C)=O,CS(C)=O,CS(C)=O,CS(C)=O,79200.0,0.0
Brc1cccnc1,C#Cc1ccc(CCCC)cc1,,CN1CCCN2CCCN=C12,CC(C)(C)[P](C(C)(C)C)(C(C)(C)C)->[Pd]1([Cl])<-[NH2]c2ccccc2-c2cccc[c]21,,CS(C)=O,CS(C)=O,CS(C)=O,CS(C)=O,79200.0,16.586406707763672
Brc1cccnc1,c1ccc2[nH]ncc2c1,,CN1CCCN2CCCN=C12,CS(=O)(=O)[O][Pd]1(<-[NH2]c2ccccc2-c2cccc[c]21)<-[P](c1ccccc1)(c1ccccc1)c1ccc2ccccc2c1-c1c(P(c2ccccc2)c2ccccc2)ccc2ccccc12,,CS(C)=O,CS(C)=O,CS(C)=O,CS(C)=O,79200.0,0.0
Brc1cccnc1,C#Cc1ccc(CCCC)cc1,,CN(C)C(=NC(C)(C)C)N(C)C,CS(=O)(=O)[O][Pd]1(<-[NH2]c2ccccc2-c2cccc[c]21)<-[P](C1=CC=C[CH]1[Fe][CH]1C=CC=C1P(c1ccccc1)c1ccccc1)(c1ccccc1)c1ccccc1,,CS(C)=O,CS(C)=O,CS(C)=O,CS(C)=O,79200.0,1.3873159885406494
Brc1cccnc1,CC(N)CCc1ccccc1,,C1CCC2=NCCCN2CC1,CC(C1=C([P](C2CCCCC2)(C2CCCCC2)->[Pd]2(<-[NH2]c3ccccc3-c3cccc[c]32)[O]S(C)(=O)=O)[CH]([Fe][CH]2C=CC=C2)C=C1)P(C(C)(C)C)C(C)(C)C,,CS(C)=O,CS(C)=O,CS(C)=O,CS(C)=O,79200.0,0.0
Brc1cccnc1,Sc1ccccc1,,CN1CCCN2CCCN=C12,COc1ccc(C)c(-c2c(C(C)C)cc(C(C)C)cc2C(C)C)c1[P](C(C)(C)C)(C(C)(C)C)->[Pd]1(<-[NH2]c2ccccc2-c2cccc[c]21)[O]S(C)(=O)=O,,CS(C)=O,CS(C)=O,CS(C)=O,CS(C)=O,79200.0,0.0
Brc1cccnc1,Nc1ccccc1,,CC(C)(C)N=P(N1CCCC1)(N1CCCC1)N1CCCC1,CC(C)c1cc(C(C)C)c(-c2ccccc2[P](C2CCCCC2)(C2CCCCC2)->[Pd]2(<-[NH2]c3ccccc3-c3cccc[c]32)[O]S(C)(=O)=O)c(C(C)C)c1,,CS(C)=O,CS(C)=O,CS(C)=O,CS(C)=O,79200.0,2.6644229888916016
Brc1cccnc1,CC(C)(C)OC(N)=O,,CCN=P(N=P(N(C)C)(N(C)C)N(C)C)(N(C)C)N(C)C,CS(=O)(=O)[O][Pd]1(<-[NH2]c2ccccc2-c2cccc[c]21)<-[P](c1ccccc1)(c1ccccc1)c1ccc2ccccc2c1-c1c(P(c2ccccc2)c2ccccc2)ccc2ccccc12,,CS(C)=O,CS(C)=O,CS(C)=O,CS(C)=O,79200.0,0.0
Brc1cccnc1,CCOC(=O)/C=C/c1ccccc1,,CCN=P(N=P(N(C)C)(N(C)C)N(C)C)(N(C)C)N(C)C,CS(=O)(=O)[O][Pd]1(<-[NH2]c2ccccc2-c2cccc[c]21)<-[P](c1ccccc1)(c1ccccc1)c1ccc2ccccc2c1-c1c(P(c2ccccc2)c2ccccc2)ccc2ccccc12,,CS(C)=O,CS(C)=O,CS(C)=O,CS(C)=O,79200.0,0.0
Brc1cccnc1,CCOC(=O)CC(=O)OCC,,CN1CCCN2CCCN=C12,CC(C)(C)[P](c1ccc(N)cc1)(C(C)(C)C)->[Pd]1(<-[NH2]c2ccccc2-c2cccc[c]21)[O]S(C)(=O)=O,,CS(C)=O,CS(C)=O,CS(C)=O,CS(C)=O,79200.0,0.26480045914649963
Brc1cccnc1,CC(N)CCc1ccccc1,,CC(C)(C)N=P(N1CCCC1)(N1CCCC1)N1CCCC1,CS(=O)(=O)[O][Pd]1(<-[NH2]c2ccccc2-c2cccc[c]21)<-[P](c1ccccc1)(c1ccccc1)c1ccc2ccccc2c1-c1c(P(c2ccccc2)c2ccccc2)ccc2ccccc12,,CS(C)=O,CS(C)=O,CS(C)=O,CS(C)=O,79200.0,0.0
Brc1cccnc1,CC1(C)OB(c2cnn(Cc3ccccc3)c2)OC1(C)C,O,CCN(CC)P1(=NC(C)(C)C)N(C)CCCN1C,CS(=O)(=O)[O][Pd]1(<-[NH2]c2ccccc2-c2cccc[c]21)<-[P](c1ccccc1N1CCOCC1)(C12C[C@H]3C[C@@H](C1)C[C@@H](C2)C3)C12C[C@H]3C[C@@H](C1)C[C@@H](C2)C3,,CS(C)=O,CS(C)=O,CS(C)=O,CS(C)=O,79200.0,0.22383469343185425
Brc1cccnc1,C#Cc1ccc(CCCC)cc1,,CN1CCCN2CCCN=C12,CS(=O)(=O)[O][Pd]1(<-[NH2]c2ccccc2-c2cccc[c]21)<-[P](c1ccccc1)(c1ccccc1)c1ccc2ccccc2c1-c1c(P(c2ccccc2)c2ccccc2)ccc2ccccc12,,CS(C)=O,CS(C)=O,CS(C)=O,CS(C)=O,79200.0,4.046576023101807
Brc1cccnc1,C#Cc1ccc(CCCC)cc1,,CN1CCCN2CCCN=C12,COc1ccc(OC)c([P](C2CCCCC2)(C2CCCCC2)->[Pd]2(<-[NH2]c3ccccc3-c3cccc[c]32)[O]S(C)(=O)=O)c1-c1c(C(C)C)cc(C(C)C)cc1C(C)C,,CS(C)=O,CS(C)=O,CS(C)=O,CS(C)=O,79200.0,0.35149431228637695
Brc1cccnc1,Sc1ccccc1,,CN(C)C(=NC(C)(C)C)N(C)C,CC(C)Oc1cccc(OC(C)C)c1-c1ccccc1[P](C1CCCCC1)(C1CCCCC1)->[Pd]1([Cl])<-[NH2]c2ccccc2-c2cccc[c]21,,CS(C)=O,CS(C)=O,CS(C)=O,CS(C)=O,79200.0,0.0
Brc1cccnc1,N=C(N)Cc1ccccc1,,CC(C)(C)N=P(N1CCCC1)(N1CCCC1)N1CCCC1,CC(C)c1cc(C(C)C)c(-c2ccccc2[P](C2CCCCC2)(C2CCCCC2)->[Pd]2(<-[NH2]c3ccccc3-c3cccc[c]32)[O]S(C)(=O)=O)c(C(C)C)c1,,CS(C)=O,CS(C)=O,CS(C)=O,CS(C)=O,79200.0,0.0
Brc1cccnc1,Nc1ccc(-c2ccccc2)cn1,,CCN=P(N=P(N(C)C)(N(C)C)N(C)C)(N(C)C)N(C)C,CC(C)(C)[P](C(C)(C)C)(C(C)(C)C)->[Pd]1([Cl])<-[NH2]c2ccccc2-c2cccc[c]21,,CS(C)=O,CS(C)=O,CS(C)=O,CS(C)=O,79200.0,0.14320330321788788
Brc1cccnc1,CCOC(=O)/C=C/c1ccccc1,,CCN(CC)P1(=NC(C)(C)C)N(C)CCCN1C,CC1(C)c2cccc(P(c3ccccc3)c3ccccc3)c2Oc2c1cccc2[P](c1ccccc1)(c1ccccc1)->[Pd]1([Cl])<-[NH2]c2ccccc2-c2cccc[c]21,,CS(C)=O,CS(C)=O,CS(C)=O,CS(C)=O,79200.0,0.0
Brc1cccnc1,CC1(C)OB(c2cnn(Cc3ccccc3)c2)OC1(C)C,O,CCN(CC)P1(=NC(C)(C)C)N(C)CCCN1C,CC(C)(C)P(C1=CC=C[CH]1[Fe][CH]1C=CC=C1[P](C(C)(C)C)(C(C)(C)C)->[Pd]1(<-[NH2]c2ccccc2-c2cccc[c]21)[O]S(C)(=O)=O)C(C)(C)C,,CS(C)=O,CS(C)=O,CS(C)=O,CS(C)=O,79200.0,4.583309650421143
Brc1cccnc1,CC1(C)OB(c2cnn(Cc3ccccc3)c2)OC1(C)C,O,CCN=P(N=P(N(C)C)(N(C)C)N(C)C)(N(C)C)N(C)C,COc1ccc(OC)c([P](C(C)(C)C)(C(C)(C)C)->[Pd]2(<-[NH2]c3ccccc3-c3cccc[c]32)[O]S(C)(=O)=O)c1-c1c(C(C)C)cc(C(C)C)cc1C(C)C,,CS(C)=O,CS(C)=O,CS(C)=O,CS(C)=O,79200.0,8.575770378112793
Brc1cccnc1,CC1(C)OB(c2cnn(Cc3ccccc3)c2)OC1(C)C,O,CCN=P(N=P(N(C)C)(N(C)C)N(C)C)(N(C)C)N(C)C,CS(=O)(=O)[O][Pd]1(<-[NH2]c2ccccc2-c2cccc[c]21)<-[P](c1ccccc1)(c1ccccc1)c1ccc2ccccc2c1-c1c(P(c2ccccc2)c2ccccc2)ccc2ccccc12,,CS(C)=O,CS(C)=O,CS(C)=O,CS(C)=O,79200.0,1.1663025617599487
Brc1cccnc1,Oc1ccccc1,,CCN(CC)P1(=NC(C)(C)C)N(C)CCCN1C,COc1ccc(C)c(-c2c(C(C)C)cc(C(C)C)cc2C(C)C)c1[P](C(C)(C)C)(C(C)(C)C)->[Pd]1(<-[NH2]c2ccccc2-c2cccc[c]21)[O]S(C)(=O)=O,,CS(C)=O,CS(C)=O,CS(C)=O,CS(C)=O,79200.0,0.0
Brc1cccnc1,c1ccc(Pc2ccccc2)cc1,,CCN(CC)P1(=NC(C)(C)C)N(C)CCCN1C,CC(C)c1cc(C(C)C)c(-c2ccccc2[P](C2CCCCC2)(C2CCCCC2)->[Pd]2(<-[NH2]c3ccccc3-c3cccc[c]32)[O]S(C)(=O)=O)c(C(C)C)c1,,CS(C)=O,CS(C)=O,CS(C)=O,CS(C)=O,79200.0,0.0
Brc1cccnc1,Sc1ccccc1,,CCN=P(N=P(N(C)C)(N(C)C)N(C)C)(N(C)C)N(C)C,CC(C)c1cc(C(C)C)c(-c2ccccc2[P](C(C)(C)C)(C(C)(C)C)->[Pd]2(<-[NH2]c3ccccc3-c3cccc[c]32)[O]S(C)(=O)=O)c(C(C)C)c1,,CS(C)=O,CS(C)=O,CS(C)=O,CS(C)=O,79200.0,0.0
Brc1cccnc1,c1ccc2[nH]ncc2c1,,CCN(CC)P1(=NC(C)(C)C)N(C)CCCN1C,CC(C)(C)[P](C(C)(C)C)(C(C)(C)C)->[Pd]1([Cl])<-[NH2]c2ccccc2-c2cccc[c]21,,CS(C)=O,CS(C)=O,CS(C)=O,CS(C)=O,79200.0,0.0
Brc1cccnc1,CC(N)CCc1ccccc1,,CCN=P(N=P(N(C)C)(N(C)C)N(C)C)(N(C)C)N(C)C,CC(C)c1cc(C(C)C)c(-c2ccccc2[P](C2CCCCC2)(C2CCCCC2)->[Pd]2(<-[NH2]c3ccccc3-c3cccc[c]32)[O]S(C)(=O)=O)c(C(C)C)c1,,CS(C)=O,CS(C)=O,CS(C)=O,CS(C)=O,79200.0,1.058681845664978
Brc1cccnc1,Oc1ccccc1,,CN(C)C(=NC(C)(C)C)N(C)C,CC1(C)c2cccc(P(c3ccccc3)c3ccccc3)c2Oc2c1cccc2[P](c1ccccc1)(c1ccccc1)->[Pd]1([Cl])<-[NH2]c2ccccc2-c2cccc[c]21,,CS(C)=O,CS(C)=O,CS(C)=O,CS(C)=O,79200.0,0.0
Brc1cccnc1,CC(C)(C)OC(N)=O,,CN(C)C(=NC(C)(C)C)N(C)C,COc1ccc(C)c(-c2c(C(C)C)cc(C(C)C)cc2C(C)C)c1[P](C(C)(C)C)(C(C)(C)C)->[Pd]1(<-[NH2]c2ccccc2-c2cccc[c]21)[O]S(C)(=O)=O,,CS(C)=O,CS(C)=O,CS(C)=O,CS(C)=O,79200.0,0.9312857389450073
Brc1cccnc1,CCOC(=O)CC(=O)OCC,,CCN=P(N=P(N(C)C)(N(C)C)N(C)C)(N(C)C)N(C)C,COc1ccc(OC)c([P](C2CCCCC2)(C2CCCCC2)->[Pd]2(<-[NH2]c3ccccc3-c3cccc[c]32)[O]S(C)(=O)=O)c1-c1c(C(C)C)cc(C(C)C)cc1C(C)C,,CS(C)=O,CS(C)=O,CS(C)=O,CS(C)=O,79200.0,0.27273789048194885
Brc1cccnc1,CC(N)CCc1ccccc1,,CCN=P(N=P(N(C)C)(N(C)C)N(C)C)(N(C)C)N(C)C,COc1ccc(C)c(-c2c(C(C)C)cc(C(C)C)cc2C(C)C)c1[P](C(C)(C)C)(C(C)(C)C)->[Pd]1(<-[NH2]c2ccccc2-c2cccc[c]21)[O]S(C)(=O)=O,,CS(C)=O,CS(C)=O,CS(C)=O,CS(C)=O,79200.0,8.265105247497559
Brc1cccnc1,CC(C)(C)OC(N)=O,,CC(C)(C)N=P(N1CCCC1)(N1CCCC1)N1CCCC1,CC12CC3(C)OC(C)(CC(C)(O1)[P]3(c1ccccc1)->[Pd]1(<-[NH2]c3ccccc3-c3cccc[c]31)[O]S(C)(=O)=O)O2,,CS(C)=O,CS(C)=O,CS(C)=O,CS(C)=O,79200.0,0.0
Brc1cccnc1,OCCCc1ccccc1,,CN(C)C(=NC(C)(C)C)N(C)C,CC1(C)c2cccc(P(c3ccccc3)c3ccccc3)c2Oc2c1cccc2[P](c1ccccc1)(c1ccccc1)->[Pd]1([Cl])<-[NH2]c2ccccc2-c2cccc[c]21,,CS(C)=O,CS(C)=O,CS(C)=O,CS(C)=O,79200.0,0.0
Brc1cccnc1,Nc1ccc(-c2ccccc2)cn1,,CC(C)(C)N=P(N1CCCC1)(N1CCCC1)N1CCCC1,CC(C)c1cc(C(C)C)c(-c2ccccc2[P](C2CCCCC2)(C2CCCCC2)->[Pd]2(<-[NH2]c3ccccc3-c3cccc[c]32)[O]S(C)(=O)=O)c(C(C)C)c1,,CS(C)=O,CS(C)=O,CS(C)=O,CS(C)=O,79200.0,0.24145793914794922
Brc1cccnc1,CC(C)(C)OC(N)=O,,CC(C)(C)N=P(N1CCCC1)(N1CCCC1)N1CCCC1,CC(C)c1cc(C(C)C)c(-c2ccccc2[P](C2CCCCC2)(C2CCCCC2)->[Pd]2(<-[NH2]c3ccccc3-c3cccc[c]32)[O]S(C)(=O)=O)c(C(C)C)c1,,CS(C)=O,CS(C)=O,CS(C)=O,CS(C)=O,79200.0,0.0
Brc1cccnc1,CCOC(=O)CC(=O)OCC,,C1CCC2=NCCCN2CC1,COc1ccc(OC)c([P](C2CCCCC2)(C2CCCCC2)->[Pd]2(<-[NH2]c3ccccc3-c3cccc[c]32)[O]S(C)(=O)=O)c1-c1c(C(C)C)cc(C(C)C)cc1C(C)C,,CS(C)=O,CS(C)=O,CS(C)=O,CS(C)=O,79200.0,0.2932609021663666
Brc1cccnc1,OCCCc1ccccc1,,CCN=P(N=P(N(C)C)(N(C)C)N(C)C)(N(C)C)N(C)C,CS(=O)(=O)[O][Pd]1(<-[NH2]c2ccccc2-c2cccc[c]21)<-[P](c1ccccc1)(c1ccccc1)c1ccc2ccccc2c1-c1c(P(c2ccccc2)c2ccccc2)ccc2ccccc12,,CS(C)=O,CS(C)=O,CS(C)=O,CS(C)=O,79200.0,0.0
Brc1cccnc1,NC(=O)c1ccccc1,,C1CCC2=NCCCN2CC1,CC(C)(C)P(C1=CC=C[CH]1[Fe][CH]1C=CC=C1[P](C(C)(C)C)(C(C)(C)C)->[Pd]1(<-[NH2]c2ccccc2-c2cccc[c]21)[O]S(C)(=O)=O)C(C)(C)C,,CS(C)=O,CS(C)=O,CS(C)=O,CS(C)=O,79200.0,0.0
Brc1cccnc1,Nc1ccc(-c2ccccc2)cn1,,CCN(CC)P1(=NC(C)(C)C)N(C)CCCN1C,CC12CC3(C)OC(C)(CC(C)(O1)[P]3(c1ccccc1)->[Pd]1(<-[NH2]c3ccccc3-c3cccc[c]31)[O]S(C)(=O)=O)O2,,CS(C)=O,CS(C)=O,CS(C)=O,CS(C)=O,79200.0,0.0
Brc1cccnc1,C#Cc1ccc(CCCC)cc1,,CC(C)(C)N=P(N1CCCC1)(N1CCCC1)N1CCCC1,CS(=O)(=O)[O][Pd]1(<-[NH2]c2ccccc2-c2cccc[c]21)<-[P](C1=CC=C[CH]1[Fe][CH]1C=CC=C1P(c1ccccc1)c1ccccc1)(c1ccccc1)c1ccccc1,,CS(C)=O,CS(C)=O,CS(C)=O,CS(C)=O,79200.0,0.03512664511799812
Brc1cccnc1,Oc1ccccc1,,CCN(CC)P1(=NC(C)(C)C)N(C)CCCN1C,CC12CC3(C)OC(C)(CC(C)(O1)[P]3(c1ccccc1)->[Pd]1(<-[NH2]c3ccccc3-c3cccc[c]31)[O]S(C)(=O)=O)O2,,CS(C)=O,CS(C)=O,CS(C)=O,CS(C)=O,79200.0,0.0
Brc1cccnc1,NC(=O)c1ccccc1,,CN1CCCN2CCCN=C12,CC(C1=C([P](C2CCCCC2)(C2CCCCC2)->[Pd]2(<-[NH2]c3ccccc3-c3cccc[c]32)[O]S(C)(=O)=O)[CH]([Fe][CH]2C=CC=C2)C=C1)P(C(C)(C)C)C(C)(C)C,,CS(C)=O,CS(C)=O,CS(C)=O,CS(C)=O,79200.0,0.0
Brc1cccnc1,CC1(C)OB(c2cnn(Cc3ccccc3)c2)OC1(C)C,O,CCN=P(N=P(N(C)C)(N(C)C)N(C)C)(N(C)C)N(C)C,CC1(C)c2cccc(P(c3ccccc3)c3ccccc3)c2Oc2c1cccc2[P](c1ccccc1)(c1ccccc1)->[Pd]1([Cl])<-[NH2]c2ccccc2-c2cccc[c]21,,CS(C)=O,CS(C)=O,CS(C)=O,CS(C)=O,79200.0,22.49654197692871
Brc1cccnc1,Nc1ccc(-c2ccccc2)cn1,,CC(C)(C)N=P(N1CCCC1)(N1CCCC1)N1CCCC1,CS(=O)(=O)[O][Pd]1(<-[NH2]c2ccccc2-c2cccc[c]21)<-[P](C1=CC=C[CH]1[Fe][CH]1C=CC=C1P(c1ccccc1)c1ccccc1)(c1ccccc1)c1ccccc1,,CS(C)=O,CS(C)=O,CS(C)=O,CS(C)=O,79200.0,0.25579962134361267
Brc1cccnc1,Nc1ccc(-c2ccccc2)cn1,,C1CCC2=NCCCN2CC1,COc1ccc(OC)c([P](C(C)(C)C)(C(C)(C)C)->[Pd]2(<-[NH2]c3ccccc3-c3cccc[c]32)[O]S(C)(=O)=O)c1-c1c(C(C)C)cc(C(C)C)cc1C(C)C,,CS(C)=O,CS(C)=O,CS(C)=O,CS(C)=O,79200.0,10.375195503234863
Brc1cccnc1,CC1(C)OB(c2cnn(Cc3ccccc3)c2)OC1(C)C,O,CCN(CC)P1(=NC(C)(C)C)N(C)CCCN1C,COc1ccc(OC)c([P](C2CCCCC2)(C2CCCCC2)->[Pd]2(<-[NH2]c3ccccc3-c3cccc[c]32)[O]S(C)(=O)=O)c1-c1c(C(C)C)cc(C(C)C)cc1C(C)C,,CS(C)=O,CS(C)=O,CS(C)=O,CS(C)=O,79200.0,4.182620525360107
Brc1cccnc1,Nc1ccccc1,,CN(C)C(=NC(C)(C)C)N(C)C,COc1ccc(OC)c([P](C2CCCCC2)(C2CCCCC2)->[Pd]2(<-[NH2]c3ccccc3-c3cccc[c]32)[O]S(C)(=O)=O)c1-c1c(C(C)C)cc(C(C)C)cc1C(C)C,,CS(C)=O,CS(C)=O,CS(C)=O,CS(C)=O,79200.0,13.490941047668457
Brc1cccnc1,NS(=O)(=O)c1ccccc1,,CN(C)C(=NC(C)(C)C)N(C)C,CC(C)c1cc(C(C)C)c(-c2ccccc2[P](C2CCCCC2)(C2CCCCC2)->[Pd]2(<-[NH2]c3ccccc3-c3cccc[c]32)[O]S(C)(=O)=O)c(C(C)C)c1,,CS(C)=O,CS(C)=O,CS(C)=O,CS(C)=O,79200.0,0.0
Brc1cccnc1,Nc1ccccc1,,CCN(CC)P1(=NC(C)(C)C)N(C)CCCN1C,CC(C1=C([P](C2CCCCC2)(C2CCCCC2)->[Pd]2(<-[NH2]c3ccccc3-c3cccc[c]32)[O]S(C)(=O)=O)[CH]([Fe][CH]2C=CC=C2)C=C1)P(C(C)(C)C)C(C)(C)C,,CS(C)=O,CS(C)=O,CS(C)=O,CS(C)=O,79200.0,0.45192861557006836
Brc1cccnc1,Sc1ccccc1,,CN1CCCN2CCCN=C12,CC(C)c1cc(C(C)C)c(-c2ccccc2[P](C2CCCCC2)(C2CCCCC2)->[Pd]2(<-[NH2]c3ccccc3-c3cccc[c]32)[O]S(C)(=O)=O)c(C(C)C)c1,,CS(C)=O,CS(C)=O,CS(C)=O,CS(C)=O,79200.0,0.0
Brc1cccnc1,c1ccc(Pc2ccccc2)cc1,,CC(C)(C)N=P(N1CCCC1)(N1CCCC1)N1CCCC1,CC(C)c1cc(C(C)C)c(-c2ccccc2[P](C2CCCCC2)(C2CCCCC2)->[Pd]2(<-[NH2]c3ccccc3-c3cccc[c]32)[O]S(C)(=O)=O)c(C(C)C)c1,,CS(C)=O,CS(C)=O,CS(C)=O,CS(C)=O,79200.0,0.0
Brc1cccnc1,CC(C)(C)OC(N)=O,,CN(C)C(=NC(C)(C)C)N(C)C,CS(=O)(=O)[O][Pd]1(<-[NH2]c2ccccc2-c2cccc[c]21)<-[P](c1ccccc1N1CCOCC1)(C12C[C@H]3C[C@@H](C1)C[C@@H](C2)C3)C12C[C@H]3C[C@@H](C1)C[C@@H](C2)C3,,CS(C)=O,CS(C)=O,CS(C)=O,CS(C)=O,79200.0,0.0
Brc1cccnc1,CCOC(=O)CC(=O)OCC,,CCN=P(N=P(N(C)C)(N(C)C)N(C)C)(N(C)C)N(C)C,CS(=O)(=O)[O][Pd]1(<-[NH2]c2ccccc2-c2cccc[c]21)<-[P](c1ccccc1N1CCOCC1)(C12C[C@H]3C[C@@H](C1)C[C@@H](C2)C3)C12C[C@H]3C[C@@H](C1)C[C@@H](C2)C3,,CS(C)=O,CS(C)=O,CS(C)=O,CS(C)=O,79200.0,0.10835860669612885
Brc1cccnc1,CCOC(=O)CC(=O)OCC,,CN(C)C(=NC(C)(C)C)N(C)C,CC12CC3(C)OC(C)(CC(C)(O1)[P]3(c1ccccc1)->[Pd]1(<-[NH2]c3ccccc3-c3cccc[c]31)[O]S(C)(=O)=O)O2,,CS(C)=O,CS(C)=O,CS(C)=O,CS(C)=O,79200.0,0.0
Brc1cccnc1,Oc1ccccc1,,CC(C)(C)N=P(N1CCCC1)(N1CCCC1)N1CCCC1,CS(=O)(=O)[O][Pd]1(<-[NH2]c2ccccc2-c2cccc[c]21)<-[P](c1ccccc1N1CCOCC1)(C12C[C@H]3C[C@@H](C1)C[C@@H](C2)C3)C12C[C@H]3C[C@@H](C1)C[C@@H](C2)C3,,CS(C)=O,CS(C)=O,CS(C)=O,CS(C)=O,79200.0,0.0
Brc1cccnc1,c1ccc2[nH]ncc2c1,,CCN=P(N=P(N(C)C)(N(C)C)N(C)C)(N(C)C)N(C)C,CS(=O)(=O)[O][Pd]1(<-[NH2]c2ccccc2-c2cccc[c]21)<-[P](c1ccccc1)(c1ccccc1)c1ccc2ccccc2c1-c1c(P(c2ccccc2)c2ccccc2)ccc2ccccc12,,CS(C)=O,CS(C)=O,CS(C)=O,CS(C)=O,79200.0,0.0
Brc1cccnc1,N=C(N)Cc1ccccc1,,CC(C)(C)N=P(N1CCCC1)(N1CCCC1)N1CCCC1,CC(C)Oc1cccc(OC(C)C)c1-c1ccccc1[P](C1CCCCC1)(C1CCCCC1)->[Pd]1([Cl])<-[NH2]c2ccccc2-c2cccc[c]21,,CS(C)=O,CS(C)=O,CS(C)=O,CS(C)=O,79200.0,0.0
Brc1cccnc1,Sc1ccccc1,,CN1CCCN2CCCN=C12,CS(=O)(=O)[O][Pd]1(<-[NH2]c2ccccc2-c2cccc[c]21)<-[P](c1ccccc1N1CCOCC1)(C12C[C@H]3C[C@@H](C1)C[C@@H](C2)C3)C12C[C@H]3C[C@@H](C1)C[C@@H](C2)C3,,CS(C)=O,CS(C)=O,CS(C)=O,CS(C)=O,79200.0,0.0
Brc1cccnc1,NC(=O)c1ccccc1,,CN1CCCN2CCCN=C12,COc1ccc(OC)c([P](C(C)(C)C)(C(C)(C)C)->[Pd]2(<-[NH2]c3ccccc3-c3cccc[c]32)[O]S(C)(=O)=O)c1-c1c(C(C)C)cc(C(C)C)cc1C(C)C,,CS(C)=O,CS(C)=O,CS(C)=O,CS(C)=O,79200.0,14.37720012664795
Brc1cccnc1,CCOC(=O)/C=C/c1ccccc1,,CN1CCCN2CCCN=C12,CC(C)c1cc(C(C)C)c(-c2ccccc2[P](C(C)(C)C)(C(C)(C)C)->[Pd]2(<-[NH2]c3ccccc3-c3cccc[c]32)[O]S(C)(=O)=O)c(C(C)C)c1,,CS(C)=O,CS(C)=O,CS(C)=O,CS(C)=O,79200.0,0.0
Brc1cccnc1,C#Cc1ccc(CCCC)cc1,,CCN=P(N=P(N(C)C)(N(C)C)N(C)C)(N(C)C)N(C)C,CC(C)Oc1cccc(OC(C)C)c1-c1ccccc1[P](C1CCCCC1)(C1CCCCC1)->[Pd]1([Cl])<-[NH2]c2ccccc2-c2cccc[c]21,,CS(C)=O,CS(C)=O,CS(C)=O,CS(C)=O,79200.0,4.286009788513184
Brc1cccnc1,Nc1ccc(-c2ccccc2)cn1,,CC(C)(C)N=P(N1CCCC1)(N1CCCC1)N1CCCC1,CC1(C)c2cccc(P(c3ccccc3)c3ccccc3)c2Oc2c1cccc2[P](c1ccccc1)(c1ccccc1)->[Pd]1([Cl])<-[NH2]c2ccccc2-c2cccc[c]21,,CS(C)=O,CS(C)=O,CS(C)=O,CS(C)=O,79200.0,0.9033549427986145
Brc1cccnc1,N=C(N)Cc1ccccc1,,CN1CCCN2CCCN=C12,COc1ccc(OC)c([P](C2CCCCC2)(C2CCCCC2)->[Pd]2(<-[NH2]c3ccccc3-c3cccc[c]32)[O]S(C)(=O)=O)c1-c1c(C(C)C)cc(C(C)C)cc1C(C)C,,CS(C)=O,CS(C)=O,CS(C)=O,CS(C)=O,79200.0,0.0
Brc1cccnc1,Oc1ccccc1,,CCN=P(N=P(N(C)C)(N(C)C)N(C)C)(N(C)C)N(C)C,CC(C)c1cc(C(C)C)c(-c2ccccc2[P](C2CCCCC2)(C2CCCCC2)->[Pd]2(<-[NH2]c3ccccc3-c3cccc[c]32)[O]S(C)(=O)=O)c(C(C)C)c1,,CS(C)=O,CS(C)=O,CS(C)=O,CS(C)=O,79200.0,0.0
Brc1cccnc1,Sc1ccccc1,,C1CCC2=NCCCN2CC1,COc1ccc(OC)c([P](C(C)(C)C)(C(C)(C)C)->[Pd]2(<-[NH2]c3ccccc3-c3cccc[c]32)[O]S(C)(=O)=O)c1-c1c(C(C)C)cc(C(C)C)cc1C(C)C,,CS(C)=O,CS(C)=O,CS(C)=O,CS(C)=O,79200.0,0.0
Brc1cccnc1,NC(=O)c1ccccc1,,CCN=P(N=P(N(C)C)(N(C)C)N(C)C)(N(C)C)N(C)C,COc1ccc(OC)c([P](C23C[C@H]4C[C@@H](C2)C[C@@H](C3)C4)(C23C[C@H]4C[C@@H](C2)C[C@@H](C3)C4)->[Pd]2(<-[NH2]c3ccccc3-c3cccc[c]32)[O]S(C)(=O)=O)c1-c1c(C(C)C)cc(C(C)C)cc1C(C)C,,CS(C)=O,CS(C)=O,CS(C)=O,CS(C)=O,79200.0,12.96153450012207
Brc1cccnc1,CCOC(=O)CC(=O)OCC,,CN(C)C(=NC(C)(C)C)N(C)C,CS(=O)(=O)[O][Pd]1(<-[NH2]c2ccccc2-c2cccc[c]21)<-[P](c1ccccc1)(c1ccccc1)c1ccc2ccccc2c1-c1c(P(c2ccccc2)c2ccccc2)ccc2ccccc12,,CS(C)=O,CS(C)=O,CS(C)=O,CS(C)=O,79200.0,0.24154894053936005
Brc1cccnc1,c1ccc(Pc2ccccc2)cc1,,CN1CCCN2CCCN=C12,COc1ccc(OC)c([P](C23C[C@H]4C[C@@H](C2)C[C@@H](C3)C4)(C23C[C@H]4C[C@@H](C2)C[C@@H](C3)C4)->[Pd]2(<-[NH2]c3ccccc3-c3cccc[c]32)[O]S(C)(=O)=O)c1-c1c(C(C)C)cc(C(C)C)cc1C(C)C,,CS(C)=O,CS(C)=O,CS(C)=O,CS(C)=O,79200.0,0.0
Brc1cccnc1,c1ccc(Pc2ccccc2)cc1,,CN1CCCN2CCCN=C12,CC(C)Oc1cccc(OC(C)C)c1-c1ccccc1[P](C1CCCCC1)(C1CCCCC1)->[Pd]1([Cl])<-[NH2]c2ccccc2-c2cccc[c]21,,CS(C)=O,CS(C)=O,CS(C)=O,CS(C)=O,79200.0,0.0
Brc1cccnc1,CCOC(=O)CC(=O)OCC,,CC(C)(C)N=P(N1CCCC1)(N1CCCC1)N1CCCC1,CC(C)(C)[P](C(C)(C)C)(C(C)(C)C)->[Pd]1([Cl])<-[NH2]c2ccccc2-c2cccc[c]21,,CS(C)=O,CS(C)=O,CS(C)=O,CS(C)=O,79200.0,0.2715071439743042
Brc1cccnc1,c1ccc(Pc2ccccc2)cc1,,CC(C)(C)N=P(N1CCCC1)(N1CCCC1)N1CCCC1,COc1ccc(C)c(-c2c(C(C)C)cc(C(C)C)cc2C(C)C)c1[P](C(C)(C)C)(C(C)(C)C)->[Pd]1(<-[NH2]c2ccccc2-c2cccc[c]21)[O]S(C)(=O)=O,,CS(C)=O,CS(C)=O,CS(C)=O,CS(C)=O,79200.0,0.0
Brc1cccnc1,CC(C)(C)OC(N)=O,,C1CCC2=NCCCN2CC1,COc1ccc(OC)c([P](C(C)(C)C)(C(C)(C)C)->[Pd]2(<-[NH2]c3ccccc3-c3cccc[c]32)[O]S(C)(=O)=O)c1-c1c(C(C)C)cc(C(C)C)cc1C(C)C,,CS(C)=O,CS(C)=O,CS(C)=O,CS(C)=O,79200.0,0.4677071273326874
Brc1cccnc1,CCOC(=O)/C=C/c1ccccc1,,CCN=P(N=P(N(C)C)(N(C)C)N(C)C)(N(C)C)N(C)C,CC(C1=C([P](C2CCCCC2)(C2CCCCC2)->[Pd]2(<-[NH2]c3ccccc3-c3cccc[c]32)[O]S(C)(=O)=O)[CH]([Fe][CH]2C=CC=C2)C=C1)P(C(C)(C)C)C(C)(C)C,,CS(C)=O,CS(C)=O,CS(C)=O,CS(C)=O,79200.0,0.0
Brc1cccnc1,CC(C)(C)OC(N)=O,,CN1CCCN2CCCN=C12,CC12CC3(C)OC(C)(CC(C)(O1)[P]3(c1ccccc1)->[Pd]1(<-[NH2]c3ccccc3-c3cccc[c]31)[O]S(C)(=O)=O)O2,,CS(C)=O,CS(C)=O,CS(C)=O,CS(C)=O,79200.0,0.0
Brc1cccnc1,OCCCc1ccccc1,,CCN(CC)P1(=NC(C)(C)C)N(C)CCCN1C,COc1ccc(C)c(-c2c(C(C)C)cc(C(C)C)cc2C(C)C)c1[P](C(C)(C)C)(C(C)(C)C)->[Pd]1(<-[NH2]c2ccccc2-c2cccc[c]21)[O]S(C)(=O)=O,,CS(C)=O,CS(C)=O,CS(C)=O,CS(C)=O,79200.0,1.206630825996399
Brc1cccnc1,c1ccc(Pc2ccccc2)cc1,,C1CCC2=NCCCN2CC1,CS(=O)(=O)[O][Pd]1(<-[NH2]c2ccccc2-c2cccc[c]21)<-[P](c1ccccc1)(c1ccccc1)c1ccc2ccccc2c1-c1c(P(c2ccccc2)c2ccccc2)ccc2ccccc12,,CS(C)=O,CS(C)=O,CS(C)=O,CS(C)=O,79200.0,0.0
Brc1cccnc1,CC(N)CCc1ccccc1,,C1CCC2=NCCCN2CC1,CC(C)(C)[P](c1ccc(N)cc1)(C(C)(C)C)->[Pd]1(<-[NH2]c2ccccc2-c2cccc[c]21)[O]S(C)(=O)=O,,CS(C)=O,CS(C)=O,CS(C)=O,CS(C)=O,79200.0,0.22905130684375763
Brc1cccnc1,OCCCc1ccccc1,,C1CCC2=NCCCN2CC1,COc1ccc(OC)c([P](C2CCCCC2)(C2CCCCC2)->[Pd]2(<-[NH2]c3ccccc3-c3cccc[c]32)[O]S(C)(=O)=O)c1-c1c(C(C)C)cc(C(C)C)cc1C(C)C,,CS(C)=O,CS(C)=O,CS(C)=O,CS(C)=O,79200.0,0.0
Brc1cccnc1,CCOC(=O)CC(=O)OCC,,CCN(CC)P1(=NC(C)(C)C)N(C)CCCN1C,CC(C)(C)P(C1=CC=C[CH]1[Fe][CH]1C=CC=C1[P](C(C)(C)C)(C(C)(C)C)->[Pd]1(<-[NH2]c2ccccc2-c2cccc[c]21)[O]S(C)(=O)=O)C(C)(C)C,,CS(C)=O,CS(C)=O,CS(C)=O,CS(C)=O,79200.0,0.0
Brc1cccnc1,NC(=O)c1ccccc1,,CCN=P(N=P(N(C)C)(N(C)C)N(C)C)(N(C)C)N(C)C,CC12CC3(C)OC(C)(CC(C)(O1)[P]3(c1ccccc1)->[Pd]1(<-[NH2]c3ccccc3-c3cccc[c]31)[O]S(C)(=O)=O)O2,,CS(C)=O,CS(C)=O,CS(C)=O,CS(C)=O,79200.0,0.0
Brc1cccnc1,Nc1ccccc1,,CN(C)C(=NC(C)(C)C)N(C)C,CS(=O)(=O)[O][Pd]1(<-[NH2]c2ccccc2-c2cccc[c]21)<-[P](c1ccccc1)(c1ccccc1)c1ccc2ccccc2c1-c1c(P(c2ccccc2)c2ccccc2)ccc2ccccc12,,CS(C)=O,CS(C)=O,CS(C)=O,CS(C)=O,79200.0,0.0
Brc1cccnc1,NS(=O)(=O)c1ccccc1,,CCN=P(N=P(N(C)C)(N(C)C)N(C)C)(N(C)C)N(C)C,CC(C)c1cc(C(C)C)c(-c2ccccc2[P](C2CCCCC2)(C2CCCCC2)->[Pd]2(<-[NH2]c3ccccc3-c3cccc[c]32)[O]S(C)(=O)=O)c(C(C)C)c1,,CS(C)=O,CS(C)=O,CS(C)=O,CS(C)=O,79200.0,0.0
Brc1cccnc1,N=C(N)Cc1ccccc1,,C1CCC2=NCCCN2CC1,CC1(C)c2cccc(P(c3ccccc3)c3ccccc3)c2Oc2c1cccc2[P](c1ccccc1)(c1ccccc1)->[Pd]1([Cl])<-[NH2]c2ccccc2-c2cccc[c]21,,CS(C)=O,CS(C)=O,CS(C)=O,CS(C)=O,79200.0,0.0
Brc1cccnc1,N=C(N)Cc1ccccc1,,C1CCC2=NCCCN2CC1,COc1ccc(OC)c([P](C23C[C@H]4C[C@@H](C2)C[C@@H](C3)C4)(C23C[C@H]4C[C@@H](C2)C[C@@H](C3)C4)->[Pd]2(<-[NH2]c3ccccc3-c3cccc[c]32)[O]S(C)(=O)=O)c1-c1c(C(C)C)cc(C(C)C)cc1C(C)C,,CS(C)=O,CS(C)=O,CS(C)=O,CS(C)=O,79200.0,0.7471988797187805
Brc1cccnc1,CC(C)(C)OC(N)=O,,C1CCC2=NCCCN2CC1,CC(C)(C)P(C1=CC=C[CH]1[Fe][CH]1C=CC=C1[P](C(C)(C)C)(C(C)(C)C)->[Pd]1(<-[NH2]c2ccccc2-c2cccc[c]21)[O]S(C)(=O)=O)C(C)(C)C,,CS(C)=O,CS(C)=O,CS(C)=O,CS(C)=O,79200.0,0.0
Brc1cccnc1,NC(=O)c1ccccc1,,CN(C)C(=NC(C)(C)C)N(C)C,COc1ccc(OC)c([P](C(C)(C)C)(C(C)(C)C)->[Pd]2(<-[NH2]c3ccccc3-c3cccc[c]32)[O]S(C)(=O)=O)c1-c1c(C(C)C)cc(C(C)C)cc1C(C)C,,CS(C)=O,CS(C)=O,CS(C)=O,CS(C)=O,79200.0,15.04543685913086
Brc1cccnc1,Nc1ccc(-c2ccccc2)cn1,,C1CCC2=NCCCN2CC1,CS(=O)(=O)[O][Pd]1(<-[NH2]c2ccccc2-c2cccc[c]21)<-[P](c1ccccc1N1CCOCC1)(C12C[C@H]3C[C@@H](C1)C[C@@H](C2)C3)C12C[C@H]3C[C@@H](C1)C[C@@H](C2)C3,,CS(C)=O,CS(C)=O,CS(C)=O,CS(C)=O,79200.0,0.0
Brc1cccnc1,CC(N)CCc1ccccc1,,CN(C)C(=NC(C)(C)C)N(C)C,CC(C)(C)[P](c1ccc(N)cc1)(C(C)(C)C)->[Pd]1(<-[NH2]c2ccccc2-c2cccc[c]21)[O]S(C)(=O)=O,,CS(C)=O,CS(C)=O,CS(C)=O,CS(C)=O,79200.0,0.40097376704216003
Brc1cccnc1,NS(=O)(=O)c1ccccc1,,CCN(CC)P1(=NC(C)(C)C)N(C)CCCN1C,CC(C)Oc1cccc(OC(C)C)c1-c1ccccc1[P](C1CCCCC1)(C1CCCCC1)->[Pd]1([Cl])<-[NH2]c2ccccc2-c2cccc[c]21,,CS(C)=O,CS(C)=O,CS(C)=O,CS(C)=O,79200.0,0.0
Brc1cccnc1,OCCCc1ccccc1,,CN(C)C(=NC(C)(C)C)N(C)C,CC12CC3(C)OC(C)(CC(C)(O1)[P]3(c1ccccc1)->[Pd]1(<-[NH2]c3ccccc3-c3cccc[c]31)[O]S(C)(=O)=O)O2,,CS(C)=O,CS(C)=O,CS(C)=O,CS(C)=O,79200.0,0.0
Brc1cccnc1,NC(=O)c1ccccc1,,CCN(CC)P1(=NC(C)(C)C)N(C)CCCN1C,CS(=O)(=O)[O][Pd]1(<-[NH2]c2ccccc2-c2cccc[c]21)<-[P](c1ccccc1)(c1ccccc1)c1ccc2ccccc2c1-c1c(P(c2ccccc2)c2ccccc2)ccc2ccccc12,,CS(C)=O,CS(C)=O,CS(C)=O,CS(C)=O,79200.0,0.0
Brc1cccnc1,N=C(N)Cc1ccccc1,,CCN(CC)P1(=NC(C)(C)C)N(C)CCCN1C,CC(C)(C)P(C1=CC=C[CH]1[Fe][CH]1C=CC=C1[P](C(C)(C)C)(C(C)(C)C)->[Pd]1(<-[NH2]c2ccccc2-c2cccc[c]21)[O]S(C)(=O)=O)C(C)(C)C,,CS(C)=O,CS(C)=O,CS(C)=O,CS(C)=O,79200.0,0.0
Brc1cccnc1,NS(=O)(=O)c1ccccc1,,CC(C)(C)N=P(N1CCCC1)(N1CCCC1)N1CCCC1,COc1ccc(C)c(-c2c(C(C)C)cc(C(C)C)cc2C(C)C)c1[P](C(C)(C)C)(C(C)(C)C)->[Pd]1(<-[NH2]c2ccccc2-c2cccc[c]21)[O]S(C)(=O)=O,,CS(C)=O,CS(C)=O,CS(C)=O,CS(C)=O,79200.0,2.965749979019165
Brc1cccnc1,Nc1ccccc1,,CCN=P(N=P(N(C)C)(N(C)C)N(C)C)(N(C)C)N(C)C,CS(=O)(=O)[O][Pd]1(<-[NH2]c2ccccc2-c2cccc[c]21)<-[P](c1ccccc1N1CCOCC1)(C12C[C@H]3C[C@@H](C1)C[C@@H](C2)C3)C12C[C@H]3C[C@@H](C1)C[C@@H](C2)C3,,CS(C)=O,CS(C)=O,CS(C)=O,CS(C)=O,79200.0,1.3208673000335693
Brc1cccnc1,c1ccc2[nH]ncc2c1,,CN(C)C(=NC(C)(C)C)N(C)C,COc1ccc(OC)c([P](C23C[C@H]4C[C@@H](C2)C[C@@H](C3)C4)(C23C[C@H]4C[C@@H](C2)C[C@@H](C3)C4)->[Pd]2(<-[NH2]c3ccccc3-c3cccc[c]32)[O]S(C)(=O)=O)c1-c1c(C(C)C)cc(C(C)C)cc1C(C)C,,CS(C)=O,CS(C)=O,CS(C)=O,CS(C)=O,79200.0,3.1449546813964844
Brc1cccnc1,NC(=O)c1ccccc1,,C1CCC2=NCCCN2CC1,COc1ccc(C)c(-c2c(C(C)C)cc(C(C)C)cc2C(C)C)c1[P](C(C)(C)C)(C(C)(C)C)->[Pd]1(<-[NH2]c2ccccc2-c2cccc[c]21)[O]S(C)(=O)=O,,CS(C)=O,CS(C)=O,CS(C)=O,CS(C)=O,79200.0,11.745088577270508
Brc1cccnc1,c1ccc2[nH]ncc2c1,,CN(C)C(=NC(C)(C)C)N(C)C,CC(C)c1cc(C(C)C)c(-c2ccccc2[P](C(C)(C)C)(C(C)(C)C)->[Pd]2(<-[NH2]c3ccccc3-c3cccc[c]32)[O]S(C)(=O)=O)c(C(C)C)c1,,CS(C)=O,CS(C)=O,CS(C)=O,CS(C)=O,79200.0,2.8719897270202637
Brc1cccnc1,OCCCc1ccccc1,,CC(C)(C)N=P(N1CCCC1)(N1CCCC1)N1CCCC1,COc1ccc(C)c(-c2c(C(C)C)cc(C(C)C)cc2C(C)C)c1[P](C(C)(C)C)(C(C)(C)C)->[Pd]1(<-[NH2]c2ccccc2-c2cccc[c]21)[O]S(C)(=O)=O,,CS(C)=O,CS(C)=O,CS(C)=O,CS(C)=O,79200.0,1.0693912506103516
Brc1cccnc1,Nc1ccc(-c2ccccc2)cn1,,CCN=P(N=P(N(C)C)(N(C)C)N(C)C)(N(C)C)N(C)C,CC(C1=C([P](C2CCCCC2)(C2CCCCC2)->[Pd]2(<-[NH2]c3ccccc3-c3cccc[c]32)[O]S(C)(=O)=O)[CH]([Fe][CH]2C=CC=C2)C=C1)P(C(C)(C)C)C(C)(C)C,,CS(C)=O,CS(C)=O,CS(C)=O,CS(C)=O,79200.0,3.332106113433838
Brc1cccnc1,N=C(N)Cc1ccccc1,,CCN=P(N=P(N(C)C)(N(C)C)N(C)C)(N(C)C)N(C)C,CS(=O)(=O)[O][Pd]1(<-[NH2]c2ccccc2-c2cccc[c]21)<-[P](c1ccccc1)(c1ccccc1)c1ccc2ccccc2c1-c1c(P(c2ccccc2)c2ccccc2)ccc2ccccc12,,CS(C)=O,CS(C)=O,CS(C)=O,CS(C)=O,79200.0,0.0
Brc1cccnc1,c1ccc2[nH]ncc2c1,,CC(C)(C)N=P(N1CCCC1)(N1CCCC1)N1CCCC1,CC1(C)c2cccc(P(c3ccccc3)c3ccccc3)c2Oc2c1cccc2[P](c1ccccc1)(c1ccccc1)->[Pd]1([Cl])<-[NH2]c2ccccc2-c2cccc[c]21,,CS(C)=O,CS(C)=O,CS(C)=O,CS(C)=O,79200.0,0.0
Brc1cccnc1,CC(C)(C)OC(N)=O,,CCN(CC)P1(=NC(C)(C)C)N(C)CCCN1C,CS(=O)(=O)[O][Pd]1(<-[NH2]c2ccccc2-c2cccc[c]21)<-[P](c1ccccc1N1CCOCC1)(C12C[C@H]3C[C@@H](C1)C[C@@H](C2)C3)C12C[C@H]3C[C@@H](C1)C[C@@H](C2)C3,,CS(C)=O,CS(C)=O,CS(C)=O,CS(C)=O,79200.0,0.0
Brc1cccnc1,CC1(C)OB(c2cnn(Cc3ccccc3)c2)OC1(C)C,O,CCN(CC)P1(=NC(C)(C)C)N(C)CCCN1C,CC(C)(C)[P](c1ccc(N)cc1)(C(C)(C)C)->[Pd]1(<-[NH2]c2ccccc2-c2cccc[c]21)[O]S(C)(=O)=O,,CS(C)=O,CS(C)=O,CS(C)=O,CS(C)=O,79200.0,0.4298613369464874
Brc1cccnc1,CC(C)(C)OC(N)=O,,CCN(CC)P1(=NC(C)(C)C)N(C)CCCN1C,CC(C)(C)[P](C(C)(C)C)(C(C)(C)C)->[Pd]1([Cl])<-[NH2]c2ccccc2-c2cccc[c]21,,CS(C)=O,CS(C)=O,CS(C)=O,CS(C)=O,79200.0,0.0
Brc1cccnc1,CC(N)CCc1ccccc1,,CCN(CC)P1(=NC(C)(C)C)N(C)CCCN1C,CC(C)(C)[P](c1ccc(N)cc1)(C(C)(C)C)->[Pd]1(<-[NH2]c2ccccc2-c2cccc[c]21)[O]S(C)(=O)=O,,CS(C)=O,CS(C)=O,CS(C)=O,CS(C)=O,79200.0,0.35613423585891724
Brc1cccnc1,c1ccc(Pc2ccccc2)cc1,,C1CCC2=NCCCN2CC1,COc1ccc(C)c(-c2c(C(C)C)cc(C(C)C)cc2C(C)C)c1[P](C(C)(C)C)(C(C)(C)C)->[Pd]1(<-[NH2]c2ccccc2-c2cccc[c]21)[O]S(C)(=O)=O,,CS(C)=O,CS(C)=O,CS(C)=O,CS(C)=O,79200.0,0.0
Brc1cccnc1,CCOC(=O)/C=C/c1ccccc1,,C1CCC2=NCCCN2CC1,CC1(C)c2cccc(P(c3ccccc3)c3ccccc3)c2Oc2c1cccc2[P](c1ccccc1)(c1ccccc1)->[Pd]1([Cl])<-[NH2]c2ccccc2-c2cccc[c]21,,CS(C)=O,CS(C)=O,CS(C)=O,CS(C)=O,79200.0,0.0
Brc1cccnc1,OCCCc1ccccc1,,CCN=P(N=P(N(C)C)(N(C)C)N(C)C)(N(C)C)N(C)C,CC(C)c1cc(C(C)C)c(-c2ccccc2[P](C2CCCCC2)(C2CCCCC2)->[Pd]2(<-[NH2]c3ccccc3-c3cccc[c]32)[O]S(C)(=O)=O)c(C(C)C)c1,,CS(C)=O,CS(C)=O,CS(C)=O,CS(C)=O,79200.0,0.0
Brc1cccnc1,CCOC(=O)/C=C/c1ccccc1,,CC(C)(C)N=P(N1CCCC1)(N1CCCC1)N1CCCC1,CC(C)(C)P(C1=CC=C[CH]1[Fe][CH]1C=CC=C1[P](C(C)(C)C)(C(C)(C)C)->[Pd]1(<-[NH2]c2ccccc2-c2cccc[c]21)[O]S(C)(=O)=O)C(C)(C)C,,CS(C)=O,CS(C)=O,CS(C)=O,CS(C)=O,79200.0,0.0
Brc1cccnc1,NS(=O)(=O)c1ccccc1,,CCN(CC)P1(=NC(C)(C)C)N(C)CCCN1C,CS(=O)(=O)[O][Pd]1(<-[NH2]c2ccccc2-c2cccc[c]21)<-[P](C1=CC=C[CH]1[Fe][CH]1C=CC=C1P(c1ccccc1)c1ccccc1)(c1ccccc1)c1ccccc1,,CS(C)=O,CS(C)=O,CS(C)=O,CS(C)=O,79200.0,0.0
Brc1cccnc1,c1ccc2[nH]ncc2c1,,CCN(CC)P1(=NC(C)(C)C)N(C)CCCN1C,CS(=O)(=O)[O][Pd]1(<-[NH2]c2ccccc2-c2cccc[c]21)<-[P](C1=CC=C[CH]1[Fe][CH]1C=CC=C1P(c1ccccc1)c1ccccc1)(c1ccccc1)c1ccccc1,,CS(C)=O,CS(C)=O,CS(C)=O,CS(C)=O,79200.0,0.0
Brc1cccnc1,NC(=O)c1ccccc1,,CCN(CC)P1(=NC(C)(C)C)N(C)CCCN1C,CC(C)(C)[P](c1ccc(N)cc1)(C(C)(C)C)->[Pd]1(<-[NH2]c2ccccc2-c2cccc[c]21)[O]S(C)(=O)=O,,CS(C)=O,CS(C)=O,CS(C)=O,CS(C)=O,79200.0,0.0
Brc1cccnc1,OCCCc1ccccc1,,CCN=P(N=P(N(C)C)(N(C)C)N(C)C)(N(C)C)N(C)C,CC(C)(C)[P](c1ccc(N)cc1)(C(C)(C)C)->[Pd]1(<-[NH2]c2ccccc2-c2cccc[c]21)[O]S(C)(=O)=O,,CS(C)=O,CS(C)=O,CS(C)=O,CS(C)=O,79200.0,0.0
Brc1cccnc1,N=C(N)Cc1ccccc1,,CN1CCCN2CCCN=C12,CC1(C)c2cccc(P(c3ccccc3)c3ccccc3)c2Oc2c1cccc2[P](c1ccccc1)(c1ccccc1)->[Pd]1([Cl])<-[NH2]c2ccccc2-c2cccc[c]21,,CS(C)=O,CS(C)=O,CS(C)=O,CS(C)=O,79200.0,0.0
Brc1cccnc1,Nc1ccccc1,,C1CCC2=NCCCN2CC1,CC(C)c1cc(C(C)C)c(-c2ccccc2[P](C2CCCCC2)(C2CCCCC2)->[Pd]2(<-[NH2]c3ccccc3-c3cccc[c]32)[O]S(C)(=O)=O)c(C(C)C)c1,,CS(C)=O,CS(C)=O,CS(C)=O,CS(C)=O,79200.0,0.0
Brc1cccnc1,CC1(C)OB(c2cnn(Cc3ccccc3)c2)OC1(C)C,O,CN1CCCN2CCCN=C12,CC(C)(C)P(C1=CC=C[CH]1[Fe][CH]1C=CC=C1[P](C(C)(C)C)(C(C)(C)C)->[Pd]1(<-[NH2]c2ccccc2-c2cccc[c]21)[O]S(C)(=O)=O)C(C)(C)C,,CS(C)=O,CS(C)=O,CS(C)=O,CS(C)=O,79200.0,21.53343391418457
Brc1cccnc1,c1ccc(Pc2ccccc2)cc1,,CN1CCCN2CCCN=C12,CS(=O)(=O)[O][Pd]1(<-[NH2]c2ccccc2-c2cccc[c]21)<-[P](c1ccccc1)(c1ccccc1)c1ccc2ccccc2c1-c1c(P(c2ccccc2)c2ccccc2)ccc2ccccc12,,CS(C)=O,CS(C)=O,CS(C)=O,CS(C)=O,79200.0,0.0
Brc1cccnc1,NS(=O)(=O)c1ccccc1,,CCN(CC)P1(=NC(C)(C)C)N(C)CCCN1C,CC12CC3(C)OC(C)(CC(C)(O1)[P]3(c1ccccc1)->[Pd]1(<-[NH2]c3ccccc3-c3cccc[c]31)[O]S(C)(=O)=O)O2,,CS(C)=O,CS(C)=O,CS(C)=O,CS(C)=O,79200.0,0.0
Brc1cccnc1,Nc1ccc(-c2ccccc2)cn1,,CCN=P(N=P(N(C)C)(N(C)C)N(C)C)(N(C)C)N(C)C,CC(C)c1cc(C(C)C)c(-c2ccccc2[P](C2CCCCC2)(C2CCCCC2)->[Pd]2(<-[NH2]c3ccccc3-c3cccc[c]32)[O]S(C)(=O)=O)c(C(C)C)c1,,CS(C)=O,CS(C)=O,CS(C)=O,CS(C)=O,79200.0,0.26752805709838867
Brc1cccnc1,CC(N)CCc1ccccc1,,CN1CCCN2CCCN=C12,CS(=O)(=O)[O][Pd]1(<-[NH2]c2ccccc2-c2cccc[c]21)<-[P](c1ccccc1N1CCOCC1)(C12C[C@H]3C[C@@H](C1)C[C@@H](C2)C3)C12C[C@H]3C[C@@H](C1)C[C@@H](C2)C3,,CS(C)=O,CS(C)=O,CS(C)=O,CS(C)=O,79200.0,0.0
Brc1cccnc1,OCCCc1ccccc1,,CCN(CC)P1(=NC(C)(C)C)N(C)CCCN1C,COc1ccc(OC)c([P](C(C)(C)C)(C(C)(C)C)->[Pd]2(<-[NH2]c3ccccc3-c3cccc[c]32)[O]S(C)(=O)=O)c1-c1c(C(C)C)cc(C(C)C)cc1C(C)C,,CS(C)=O,CS(C)=O,CS(C)=O,CS(C)=O,79200.0,0.7734993696212769
Brc1cccnc1,OCCCc1ccccc1,,CC(C)(C)N=P(N1CCCC1)(N1CCCC1)N1CCCC1,CC(C)(C)[P](C(C)(C)C)(C(C)(C)C)->[Pd]1([Cl])<-[NH2]c2ccccc2-c2cccc[c]21,,CS(C)=O,CS(C)=O,CS(C)=O,CS(C)=O,79200.0,0.0
Brc1cccnc1,CC1(C)OB(c2cnn(Cc3ccccc3)c2)OC1(C)C,O,CC(C)(C)N=P(N1CCCC1)(N1CCCC1)N1CCCC1,CC12CC3(C)OC(C)(CC(C)(O1)[P]3(c1ccccc1)->[Pd]1(<-[NH2]c3ccccc3-c3cccc[c]31)[O]S(C)(=O)=O)O2,,CS(C)=O,CS(C)=O,CS(C)=O,CS(C)=O,79200.0,14.788308143615723
Brc1cccnc1,c1ccc(Pc2ccccc2)cc1,,CCN=P(N=P(N(C)C)(N(C)C)N(C)C)(N(C)C)N(C)C,CS(=O)(=O)[O][Pd]1(<-[NH2]c2ccccc2-c2cccc[c]21)<-[P](c1ccccc1N1CCOCC1)(C12C[C@H]3C[C@@H](C1)C[C@@H](C2)C3)C12C[C@H]3C[C@@H](C1)C[C@@H](C2)C3,,CS(C)=O,CS(C)=O,CS(C)=O,CS(C)=O,79200.0,0.0
Brc1cccnc1,N=C(N)Cc1ccccc1,,CN(C)C(=NC(C)(C)C)N(C)C,CC(C1=C([P](C2CCCCC2)(C2CCCCC2)->[Pd]2(<-[NH2]c3ccccc3-c3cccc[c]32)[O]S(C)(=O)=O)[CH]([Fe][CH]2C=CC=C2)C=C1)P(C(C)(C)C)C(C)(C)C,,CS(C)=O,CS(C)=O,CS(C)=O,CS(C)=O,79200.0,0.0
Brc1cccnc1,OCCCc1ccccc1,,C1CCC2=NCCCN2CC1,CC12CC3(C)OC(C)(CC(C)(O1)[P]3(c1ccccc1)->[Pd]1(<-[NH2]c3ccccc3-c3cccc[c]31)[O]S(C)(=O)=O)O2,,CS(C)=O,CS(C)=O,CS(C)=O,CS(C)=O,79200.0,0.0
Brc1cccnc1,C#Cc1ccc(CCCC)cc1,,C1CCC2=NCCCN2CC1,CC(C1=C([P](C2CCCCC2)(C2CCCCC2)->[Pd]2(<-[NH2]c3ccccc3-c3cccc[c]32)[O]S(C)(=O)=O)[CH]([Fe][CH]2C=CC=C2)C=C1)P(C(C)(C)C)C(C)(C)C,,CS(C)=O,CS(C)=O,CS(C)=O,CS(C)=O,79200.0,0.6492624878883362
Brc1cccnc1,CCOC(=O)CC(=O)OCC,,CN1CCCN2CCCN=C12,CC(C)c1cc(C(C)C)c(-c2ccccc2[P](C2CCCCC2)(C2CCCCC2)->[Pd]2(<-[NH2]c3ccccc3-c3cccc[c]32)[O]S(C)(=O)=O)c(C(C)C)c1,,CS(C)=O,CS(C)=O,CS(C)=O,CS(C)=O,79200.0,0.0
Brc1cccnc1,Sc1ccccc1,,C1CCC2=NCCCN2CC1,CS(=O)(=O)[O][Pd]1(<-[NH2]c2ccccc2-c2cccc[c]21)<-[P](C1=CC=C[CH]1[Fe][CH]1C=CC=C1P(c1ccccc1)c1ccccc1)(c1ccccc1)c1ccccc1,,CS(C)=O,CS(C)=O,CS(C)=O,CS(C)=O,79200.0,0.0
Brc1cccnc1,Oc1ccccc1,,CC(C)(C)N=P(N1CCCC1)(N1CCCC1)N1CCCC1,CC(C)c1cc(C(C)C)c(-c2ccccc2[P](C2CCCCC2)(C2CCCCC2)->[Pd]2(<-[NH2]c3ccccc3-c3cccc[c]32)[O]S(C)(=O)=O)c(C(C)C)c1,,CS(C)=O,CS(C)=O,CS(C)=O,CS(C)=O,79200.0,0.0
Brc1cccnc1,NS(=O)(=O)c1ccccc1,,CN(C)C(=NC(C)(C)C)N(C)C,CS(=O)(=O)[O][Pd]1(<-[NH2]c2ccccc2-c2cccc[c]21)<-[P](c1ccccc1)(c1ccccc1)c1ccc2ccccc2c1-c1c(P(c2ccccc2)c2ccccc2)ccc2ccccc12,,CS(C)=O,CS(C)=O,CS(C)=O,CS(C)=O,79200.0,0.0
Brc1cccnc1,CC(N)CCc1ccccc1,,CN1CCCN2CCCN=C12,COc1ccc(OC)c([P](C23C[C@H]4C[C@@H](C2)C[C@@H](C3)C4)(C23C[C@H]4C[C@@H](C2)C[C@@H](C3)C4)->[Pd]2(<-[NH2]c3ccccc3-c3cccc[c]32)[O]S(C)(=O)=O)c1-c1c(C(C)C)cc(C(C)C)cc1C(C)C,,CS(C)=O,CS(C)=O,CS(C)=O,CS(C)=O,79200.0,7.455463886260986
Brc1cccnc1,CC(N)CCc1ccccc1,,CCN(CC)P1(=NC(C)(C)C)N(C)CCCN1C,CC(C1=C([P](C2CCCCC2)(C2CCCCC2)->[Pd]2(<-[NH2]c3ccccc3-c3cccc[c]32)[O]S(C)(=O)=O)[CH]([Fe][CH]2C=CC=C2)C=C1)P(C(C)(C)C)C(C)(C)C,,CS(C)=O,CS(C)=O,CS(C)=O,CS(C)=O,79200.0,0.0
Brc1cccnc1,Sc1ccccc1,,C1CCC2=NCCCN2CC1,CC(C)c1cc(C(C)C)c(-c2ccccc2[P](C2CCCCC2)(C2CCCCC2)->[Pd]2(<-[NH2]c3ccccc3-c3cccc[c]32)[O]S(C)(=O)=O)c(C(C)C)c1,,CS(C)=O,CS(C)=O,CS(C)=O,CS(C)=O,79200.0,0.0
Brc1cccnc1,CCOC(=O)/C=C/c1ccccc1,,CC(C)(C)N=P(N1CCCC1)(N1CCCC1)N1CCCC1,CS(=O)(=O)[O][Pd]1(<-[NH2]c2ccccc2-c2cccc[c]21)<-[P](c1ccccc1N1CCOCC1)(C12C[C@H]3C[C@@H](C1)C[C@@H](C2)C3)C12C[C@H]3C[C@@H](C1)C[C@@H](C2)C3,,CS(C)=O,CS(C)=O,CS(C)=O,CS(C)=O,79200.0,0.0
Brc1cccnc1,CC1(C)OB(c2cnn(Cc3ccccc3)c2)OC1(C)C,O,CN1CCCN2CCCN=C12,CC(C)(C)[P](C(C)(C)C)(C(C)(C)C)->[Pd]1([Cl])<-[NH2]c2ccccc2-c2cccc[c]21,,CS(C)=O,CS(C)=O,CS(C)=O,CS(C)=O,79200.0,20.777721405029297
Brc1cccnc1,OCCCc1ccccc1,,CC(C)(C)N=P(N1CCCC1)(N1CCCC1)N1CCCC1,CC1(C)c2cccc(P(c3ccccc3)c3ccccc3)c2Oc2c1cccc2[P](c1ccccc1)(c1ccccc1)->[Pd]1([Cl])<-[NH2]c2ccccc2-c2cccc[c]21,,CS(C)=O,CS(C)=O,CS(C)=O,CS(C)=O,79200.0,0.0
Brc1cccnc1,OCCCc1ccccc1,,CCN(CC)P1(=NC(C)(C)C)N(C)CCCN1C,CC1(C)c2cccc(P(c3ccccc3)c3ccccc3)c2Oc2c1cccc2[P](c1ccccc1)(c1ccccc1)->[Pd]1([Cl])<-[NH2]c2ccccc2-c2cccc[c]21,,CS(C)=O,CS(C)=O,CS(C)=O,CS(C)=O,79200.0,0.0
Brc1cccnc1,Nc1ccccc1,,CN1CCCN2CCCN=C12,CC(C)(C)P(C1=CC=C[CH]1[Fe][CH]1C=CC=C1[P](C(C)(C)C)(C(C)(C)C)->[Pd]1(<-[NH2]c2ccccc2-c2cccc[c]21)[O]S(C)(=O)=O)C(C)(C)C,,CS(C)=O,CS(C)=O,CS(C)=O,CS(C)=O,79200.0,0.5456213355064392
Brc1cccnc1,Nc1ccc(-c2ccccc2)cn1,,CN1CCCN2CCCN=C12,CC12CC3(C)OC(C)(CC(C)(O1)[P]3(c1ccccc1)->[Pd]1(<-[NH2]c3ccccc3-c3cccc[c]31)[O]S(C)(=O)=O)O2,,CS(C)=O,CS(C)=O,CS(C)=O,CS(C)=O,79200.0,0.0
Brc1cccnc1,CC1(C)OB(c2cnn(Cc3ccccc3)c2)OC1(C)C,O,CCN=P(N=P(N(C)C)(N(C)C)N(C)C)(N(C)C)N(C)C,CC(C)(C)[P](C(C)(C)C)(C(C)(C)C)->[Pd]1([Cl])<-[NH2]c2ccccc2-c2cccc[c]21,,CS(C)=O,CS(C)=O,CS(C)=O,CS(C)=O,79200.0,17.406431198120117
Brc1cccnc1,NC(=O)c1ccccc1,,CN1CCCN2CCCN=C12,COc1ccc(OC)c([P](C2CCCCC2)(C2CCCCC2)->[Pd]2(<-[NH2]c3ccccc3-c3cccc[c]32)[O]S(C)(=O)=O)c1-c1c(C(C)C)cc(C(C)C)cc1C(C)C,,CS(C)=O,CS(C)=O,CS(C)=O,CS(C)=O,79200.0,1.304626226425171
Brc1cccnc1,CC(N)CCc1ccccc1,,CCN(CC)P1(=NC(C)(C)C)N(C)CCCN1C,CS(=O)(=O)[O][Pd]1(<-[NH2]c2ccccc2-c2cccc[c]21)<-[P](c1ccccc1)(c1ccccc1)c1ccc2ccccc2c1-c1c(P(c2ccccc2)c2ccccc2)ccc2ccccc12,,CS(C)=O,CS(C)=O,CS(C)=O,CS(C)=O,79200.0,0.13729459047317505
Brc1cccnc1,CC1(C)OB(c2cnn(Cc3ccccc3)c2)OC1(C)C,O,CN1CCCN2CCCN=C12,CC(C)(C)[P](c1ccc(N)cc1)(C(C)(C)C)->[Pd]1(<-[NH2]c2ccccc2-c2cccc[c]21)[O]S(C)(=O)=O,,CS(C)=O,CS(C)=O,CS(C)=O,CS(C)=O,79200.0,24.180456161499023
Brc1cccnc1,CC(C)(C)OC(N)=O,,CC(C)(C)N=P(N1CCCC1)(N1CCCC1)N1CCCC1,CS(=O)(=O)[O][Pd]1(<-[NH2]c2ccccc2-c2cccc[c]21)<-[P](c1ccccc1)(c1ccccc1)c1ccc2ccccc2c1-c1c(P(c2ccccc2)c2ccccc2)ccc2ccccc12,,CS(C)=O,CS(C)=O,CS(C)=O,CS(C)=O,79200.0,0.0
Brc1cccnc1,N=C(N)Cc1ccccc1,,CN1CCCN2CCCN=C12,COc1ccc(OC)c([P](C(C)(C)C)(C(C)(C)C)->[Pd]2(<-[NH2]c3ccccc3-c3cccc[c]32)[O]S(C)(=O)=O)c1-c1c(C(C)C)cc(C(C)C)cc1C(C)C,,CS(C)=O,CS(C)=O,CS(C)=O,CS(C)=O,79200.0,0.5455183386802673
Brc1cccnc1,CC1(C)OB(c2cnn(Cc3ccccc3)c2)OC1(C)C,O,CC(C)(C)N=P(N1CCCC1)(N1CCCC1)N1CCCC1,CS(=O)(=O)[O][Pd]1(<-[NH2]c2ccccc2-c2cccc[c]21)<-[P](c1ccccc1N1CCOCC1)(C12C[C@H]3C[C@@H](C1)C[C@@H](C2)C3)C12C[C@H]3C[C@@H](C1)C[C@@H](C2)C3,,CS(C)=O,CS(C)=O,CS(C)=O,CS(C)=O,79200.0,0.2323487251996994
Brc1cccnc1,c1ccc2[nH]ncc2c1,,C1CCC2=NCCCN2CC1,CC(C)(C)[P](C(C)(C)C)(C(C)(C)C)->[Pd]1([Cl])<-[NH2]c2ccccc2-c2cccc[c]21,,CS(C)=O,CS(C)=O,CS(C)=O,CS(C)=O,79200.0,0.0
Brc1cccnc1,Sc1ccccc1,,CN(C)C(=NC(C)(C)C)N(C)C,CC(C)(C)[P](c1ccc(N)cc1)(C(C)(C)C)->[Pd]1(<-[NH2]c2ccccc2-c2cccc[c]21)[O]S(C)(=O)=O,,CS(C)=O,CS(C)=O,CS(C)=O,CS(C)=O,79200.0,0.0
Brc1cccnc1,CC(C)(C)OC(N)=O,,CN(C)C(=NC(C)(C)C)N(C)C,CC(C1=C([P](C2CCCCC2)(C2CCCCC2)->[Pd]2(<-[NH2]c3ccccc3-c3cccc[c]32)[O]S(C)(=O)=O)[CH]([Fe][CH]2C=CC=C2)C=C1)P(C(C)(C)C)C(C)(C)C,,CS(C)=O,CS(C)=O,CS(C)=O,CS(C)=O,79200.0,0.0
Brc1cccnc1,CC(N)CCc1ccccc1,,CC(C)(C)N=P(N1CCCC1)(N1CCCC1)N1CCCC1,COc1ccc(OC)c([P](C2CCCCC2)(C2CCCCC2)->[Pd]2(<-[NH2]c3ccccc3-c3cccc[c]32)[O]S(C)(=O)=O)c1-c1c(C(C)C)cc(C(C)C)cc1C(C)C,,CS(C)=O,CS(C)=O,CS(C)=O,CS(C)=O,79200.0,0.5775964856147766
Brc1cccnc1,NC(=O)c1ccccc1,,CC(C)(C)N=P(N1CCCC1)(N1CCCC1)N1CCCC1,COc1ccc(OC)c([P](C2CCCCC2)(C2CCCCC2)->[Pd]2(<-[NH2]c3ccccc3-c3cccc[c]32)[O]S(C)(=O)=O)c1-c1c(C(C)C)cc(C(C)C)cc1C(C)C,,CS(C)=O,CS(C)=O,CS(C)=O,CS(C)=O,79200.0,2.3127191066741943
Brc1cccnc1,NC(=O)c1ccccc1,,CN1CCCN2CCCN=C12,CS(=O)(=O)[O][Pd]1(<-[NH2]c2ccccc2-c2cccc[c]21)<-[P](c1ccccc1)(c1ccccc1)c1ccc2ccccc2c1-c1c(P(c2ccccc2)c2ccccc2)ccc2ccccc12,,CS(C)=O,CS(C)=O,CS(C)=O,CS(C)=O,79200.0,0.0
Brc1cccnc1,CCOC(=O)CC(=O)OCC,,CN1CCCN2CCCN=C12,COc1ccc(C)c(-c2c(C(C)C)cc(C(C)C)cc2C(C)C)c1[P](C(C)(C)C)(C(C)(C)C)->[Pd]1(<-[NH2]c2ccccc2-c2cccc[c]21)[O]S(C)(=O)=O,,CS(C)=O,CS(C)=O,CS(C)=O,CS(C)=O,79200.0,0.1415127068758011
Brc1cccnc1,Sc1ccccc1,,C1CCC2=NCCCN2CC1,CC(C1=C([P](C2CCCCC2)(C2CCCCC2)->[Pd]2(<-[NH2]c3ccccc3-c3cccc[c]32)[O]S(C)(=O)=O)[CH]([Fe][CH]2C=CC=C2)C=C1)P(C(C)(C)C)C(C)(C)C,,CS(C)=O,CS(C)=O,CS(C)=O,CS(C)=O,79200.0,0.0
Brc1cccnc1,NC(=O)c1ccccc1,,CC(C)(C)N=P(N1CCCC1)(N1CCCC1)N1CCCC1,CC12CC3(C)OC(C)(CC(C)(O1)[P]3(c1ccccc1)->[Pd]1(<-[NH2]c3ccccc3-c3cccc[c]31)[O]S(C)(=O)=O)O2,,CS(C)=O,CS(C)=O,CS(C)=O,CS(C)=O,79200.0,0.0
Brc1cccnc1,CCOC(=O)/C=C/c1ccccc1,,CN1CCCN2CCCN=C12,CS(=O)(=O)[O][Pd]1(<-[NH2]c2ccccc2-c2cccc[c]21)<-[P](c1ccccc1)(c1ccccc1)c1ccc2ccccc2c1-c1c(P(c2ccccc2)c2ccccc2)ccc2ccccc12,,CS(C)=O,CS(C)=O,CS(C)=O,CS(C)=O,79200.0,0.0
Brc1cccnc1,N=C(N)Cc1ccccc1,,CN1CCCN2CCCN=C12,CC(C)c1cc(C(C)C)c(-c2ccccc2[P](C(C)(C)C)(C(C)(C)C)->[Pd]2(<-[NH2]c3ccccc3-c3cccc[c]32)[O]S(C)(=O)=O)c(C(C)C)c1,,CS(C)=O,CS(C)=O,CS(C)=O,CS(C)=O,79200.0,0.0
Brc1cccnc1,CC(C)(C)OC(N)=O,,C1CCC2=NCCCN2CC1,COc1ccc(OC)c([P](C2CCCCC2)(C2CCCCC2)->[Pd]2(<-[NH2]c3ccccc3-c3cccc[c]32)[O]S(C)(=O)=O)c1-c1c(C(C)C)cc(C(C)C)cc1C(C)C,,CS(C)=O,CS(C)=O,CS(C)=O,CS(C)=O,79200.0,0.0
Brc1cccnc1,NC(=O)c1ccccc1,,CCN(CC)P1(=NC(C)(C)C)N(C)CCCN1C,COc1ccc(C)c(-c2c(C(C)C)cc(C(C)C)cc2C(C)C)c1[P](C(C)(C)C)(C(C)(C)C)->[Pd]1(<-[NH2]c2ccccc2-c2cccc[c]21)[O]S(C)(=O)=O,,CS(C)=O,CS(C)=O,CS(C)=O,CS(C)=O,79200.0,2.5771660804748535
Brc1cccnc1,Sc1ccccc1,,C1CCC2=NCCCN2CC1,CS(=O)(=O)[O][Pd]1(<-[NH2]c2ccccc2-c2cccc[c]21)<-[P](c1ccccc1N1CCOCC1)(C12C[C@H]3C[C@@H](C1)C[C@@H](C2)C3)C12C[C@H]3C[C@@H](C1)C[C@@H](C2)C3,,CS(C)=O,CS(C)=O,CS(C)=O,CS(C)=O,79200.0,0.0
Brc1cccnc1,Sc1ccccc1,,CC(C)(C)N=P(N1CCCC1)(N1CCCC1)N1CCCC1,CC(C)c1cc(C(C)C)c(-c2ccccc2[P](C(C)(C)C)(C(C)(C)C)->[Pd]2(<-[NH2]c3ccccc3-c3cccc[c]32)[O]S(C)(=O)=O)c(C(C)C)c1,,CS(C)=O,CS(C)=O,CS(C)=O,CS(C)=O,79200.0,0.0
Brc1cccnc1,Sc1ccccc1,,CCN(CC)P1(=NC(C)(C)C)N(C)CCCN1C,CC(C)(C)P(C1=CC=C[CH]1[Fe][CH]1C=CC=C1[P](C(C)(C)C)(C(C)(C)C)->[Pd]1(<-[NH2]c2ccccc2-c2cccc[c]21)[O]S(C)(=O)=O)C(C)(C)C,,CS(C)=O,CS(C)=O,CS(C)=O,CS(C)=O,79200.0,0.0
Brc1cccnc1,NC(=O)c1ccccc1,,C1CCC2=NCCCN2CC1,CC(C)c1cc(C(C)C)c(-c2ccccc2[P](C2CCCCC2)(C2CCCCC2)->[Pd]2(<-[NH2]c3ccccc3-c3cccc[c]32)[O]S(C)(=O)=O)c(C(C)C)c1,,CS(C)=O,CS(C)=O,CS(C)=O,CS(C)=O,79200.0,0.0
Brc1cccnc1,OCCCc1ccccc1,,C1CCC2=NCCCN2CC1,COc1ccc(OC)c([P](C23C[C@H]4C[C@@H](C2)C[C@@H](C3)C4)(C23C[C@H]4C[C@@H](C2)C[C@@H](C3)C4)->[Pd]2(<-[NH2]c3ccccc3-c3cccc[c]32)[O]S(C)(=O)=O)c1-c1c(C(C)C)cc(C(C)C)cc1C(C)C,,CS(C)=O,CS(C)=O,CS(C)=O,CS(C)=O,79200.0,0.7065160274505615
Brc1cccnc1,Nc1ccc(-c2ccccc2)cn1,,CC(C)(C)N=P(N1CCCC1)(N1CCCC1)N1CCCC1,CC(C)(C)[P](c1ccc(N)cc1)(C(C)(C)C)->[Pd]1(<-[NH2]c2ccccc2-c2cccc[c]21)[O]S(C)(=O)=O,,CS(C)=O,CS(C)=O,CS(C)=O,CS(C)=O,79200.0,0.0
Brc1cccnc1,C#Cc1ccc(CCCC)cc1,,CN1CCCN2CCCN=C12,CC1(C)c2cccc(P(c3ccccc3)c3ccccc3)c2Oc2c1cccc2[P](c1ccccc1)(c1ccccc1)->[Pd]1([Cl])<-[NH2]c2ccccc2-c2cccc[c]21,,CS(C)=O,CS(C)=O,CS(C)=O,CS(C)=O,79200.0,22.92352294921875
Brc1cccnc1,Nc1ccc(-c2ccccc2)cn1,,CN1CCCN2CCCN=C12,CS(=O)(=O)[O][Pd]1(<-[NH2]c2ccccc2-c2cccc[c]21)<-[P](c1ccccc1N1CCOCC1)(C12C[C@H]3C[C@@H](C1)C[C@@H](C2)C3)C12C[C@H]3C[C@@H](C1)C[C@@H](C2)C3,,CS(C)=O,CS(C)=O,CS(C)=O,CS(C)=O,79200.0,0.12017933279275894
Brc1cccnc1,CC(N)CCc1ccccc1,,CCN=P(N=P(N(C)C)(N(C)C)N(C)C)(N(C)C)N(C)C,CS(=O)(=O)[O][Pd]1(<-[NH2]c2ccccc2-c2cccc[c]21)<-[P](C1=CC=C[CH]1[Fe][CH]1C=CC=C1P(c1ccccc1)c1ccccc1)(c1ccccc1)c1ccccc1,,CS(C)=O,CS(C)=O,CS(C)=O,CS(C)=O,79200.0,0.0
Brc1cccnc1,c1ccc(Pc2ccccc2)cc1,,CN1CCCN2CCCN=C12,CC(C)(C)P(C1=CC=C[CH]1[Fe][CH]1C=CC=C1[P](C(C)(C)C)(C(C)(C)C)->[Pd]1(<-[NH2]c2ccccc2-c2cccc[c]21)[O]S(C)(=O)=O)C(C)(C)C,,CS(C)=O,CS(C)=O,CS(C)=O,CS(C)=O,79200.0,0.0
Brc1cccnc1,c1ccc(Pc2ccccc2)cc1,,C1CCC2=NCCCN2CC1,CC(C)(C)[P](c1ccc(N)cc1)(C(C)(C)C)->[Pd]1(<-[NH2]c2ccccc2-c2cccc[c]21)[O]S(C)(=O)=O,,CS(C)=O,CS(C)=O,CS(C)=O,CS(C)=O,79200.0,0.0
Brc1cccnc1,Sc1ccccc1,,CCN=P(N=P(N(C)C)(N(C)C)N(C)C)(N(C)C)N(C)C,CS(=O)(=O)[O][Pd]1(<-[NH2]c2ccccc2-c2cccc[c]21)<-[P](c1ccccc1)(c1ccccc1)c1ccc2ccccc2c1-c1c(P(c2ccccc2)c2ccccc2)ccc2ccccc12,,CS(C)=O,CS(C)=O,CS(C)=O,CS(C)=O,79200.0,0.0
Brc1cccnc1,c1ccc2[nH]ncc2c1,,CN(C)C(=NC(C)(C)C)N(C)C,CC(C)(C)P(C1=CC=C[CH]1[Fe][CH]1C=CC=C1[P](C(C)(C)C)(C(C)(C)C)->[Pd]1(<-[NH2]c2ccccc2-c2cccc[c]21)[O]S(C)(=O)=O)C(C)(C)C,,CS(C)=O,CS(C)=O,CS(C)=O,CS(C)=O,79200.0,0.0
Brc1cccnc1,CCOC(=O)CC(=O)OCC,,C1CCC2=NCCCN2CC1,CS(=O)(=O)[O][Pd]1(<-[NH2]c2ccccc2-c2cccc[c]21)<-[P](C1=CC=C[CH]1[Fe][CH]1C=CC=C1P(c1ccccc1)c1ccccc1)(c1ccccc1)c1ccccc1,,CS(C)=O,CS(C)=O,CS(C)=O,CS(C)=O,79200.0,0.1870570182800293
Brc1cccnc1,Sc1ccccc1,,C1CCC2=NCCCN2CC1,CC1(C)c2cccc(P(c3ccccc3)c3ccccc3)c2Oc2c1cccc2[P](c1ccccc1)(c1ccccc1)->[Pd]1([Cl])<-[NH2]c2ccccc2-c2cccc[c]21,,CS(C)=O,CS(C)=O,CS(C)=O,CS(C)=O,79200.0,0.0
Brc1cccnc1,NC(=O)c1ccccc1,,CN(C)C(=NC(C)(C)C)N(C)C,COc1ccc(OC)c([P](C2CCCCC2)(C2CCCCC2)->[Pd]2(<-[NH2]c3ccccc3-c3cccc[c]32)[O]S(C)(=O)=O)c1-c1c(C(C)C)cc(C(C)C)cc1C(C)C,,CS(C)=O,CS(C)=O,CS(C)=O,CS(C)=O,79200.0,1.5257322788238525
Brc1cccnc1,Oc1ccccc1,,C1CCC2=NCCCN2CC1,CC(C)c1cc(C(C)C)c(-c2ccccc2[P](C(C)(C)C)(C(C)(C)C)->[Pd]2(<-[NH2]c3ccccc3-c3cccc[c]32)[O]S(C)(=O)=O)c(C(C)C)c1,,CS(C)=O,CS(C)=O,CS(C)=O,CS(C)=O,79200.0,0.0
Brc1cccnc1,CCOC(=O)/C=C/c1ccccc1,,CCN(CC)P1(=NC(C)(C)C)N(C)CCCN1C,CS(=O)(=O)[O][Pd]1(<-[NH2]c2ccccc2-c2cccc[c]21)<-[P](C1=CC=C[CH]1[Fe][CH]1C=CC=C1P(c1ccccc1)c1ccccc1)(c1ccccc1)c1ccccc1,,CS(C)=O,CS(C)=O,CS(C)=O,CS(C)=O,79200.0,0.0
Brc1cccnc1,Nc1ccccc1,,CC(C)(C)N=P(N1CCCC1)(N1CCCC1)N1CCCC1,COc1ccc(OC)c([P](C23C[C@H]4C[C@@H](C2)C[C@@H](C3)C4)(C23C[C@H]4C[C@@H](C2)C[C@@H](C3)C4)->[Pd]2(<-[NH2]c3ccccc3-c3cccc[c]32)[O]S(C)(=O)=O)c1-c1c(C(C)C)cc(C(C)C)cc1C(C)C,,CS(C)=O,CS(C)=O,CS(C)=O,CS(C)=O,79200.0,6.603884696960449
Brc1cccnc1,CC(N)CCc1ccccc1,,CCN=P(N=P(N(C)C)(N(C)C)N(C)C)(N(C)C)N(C)C,CC1(C)c2cccc(P(c3ccccc3)c3ccccc3)c2Oc2c1cccc2[P](c1ccccc1)(c1ccccc1)->[Pd]1([Cl])<-[NH2]c2ccccc2-c2cccc[c]21,,CS(C)=O,CS(C)=O,CS(C)=O,CS(C)=O,79200.0,0.0
Brc1cccnc1,CC(C)(C)OC(N)=O,,CN1CCCN2CCCN=C12,COc1ccc(OC)c([P](C23C[C@H]4C[C@@H](C2)C[C@@H](C3)C4)(C23C[C@H]4C[C@@H](C2)C[C@@H](C3)C4)->[Pd]2(<-[NH2]c3ccccc3-c3cccc[c]32)[O]S(C)(=O)=O)c1-c1c(C(C)C)cc(C(C)C)cc1C(C)C,,CS(C)=O,CS(C)=O,CS(C)=O,CS(C)=O,79200.0,2.9994587898254395
Brc1cccnc1,CCOC(=O)/C=C/c1ccccc1,,CN(C)C(=NC(C)(C)C)N(C)C,COc1ccc(C)c(-c2c(C(C)C)cc(C(C)C)cc2C(C)C)c1[P](C(C)(C)C)(C(C)(C)C)->[Pd]1(<-[NH2]c2ccccc2-c2cccc[c]21)[O]S(C)(=O)=O,,CS(C)=O,CS(C)=O,CS(C)=O,CS(C)=O,79200.0,0.0
Brc1cccnc1,NS(=O)(=O)c1ccccc1,,CN1CCCN2CCCN=C12,CS(=O)(=O)[O][Pd]1(<-[NH2]c2ccccc2-c2cccc[c]21)<-[P](C1=CC=C[CH]1[Fe][CH]1C=CC=C1P(c1ccccc1)c1ccccc1)(c1ccccc1)c1ccccc1,,CS(C)=O,CS(C)=O,CS(C)=O,CS(C)=O,79200.0,0.0
Brc1cccnc1,OCCCc1ccccc1,,CN(C)C(=NC(C)(C)C)N(C)C,CC(C)Oc1cccc(OC(C)C)c1-c1ccccc1[P](C1CCCCC1)(C1CCCCC1)->[Pd]1([Cl])<-[NH2]c2ccccc2-c2cccc[c]21,,CS(C)=O,CS(C)=O,CS(C)=O,CS(C)=O,79200.0,0.0
Brc1cccnc1,c1ccc2[nH]ncc2c1,,CCN(CC)P1(=NC(C)(C)C)N(C)CCCN1C,CC(C)c1cc(C(C)C)c(-c2ccccc2[P](C2CCCCC2)(C2CCCCC2)->[Pd]2(<-[NH2]c3ccccc3-c3cccc[c]32)[O]S(C)(=O)=O)c(C(C)C)c1,,CS(C)=O,CS(C)=O,CS(C)=O,CS(C)=O,79200.0,0.0
Brc1cccnc1,CCOC(=O)CC(=O)OCC,,CC(C)(C)N=P(N1CCCC1)(N1CCCC1)N1CCCC1,CC(C1=C([P](C2CCCCC2)(C2CCCCC2)->[Pd]2(<-[NH2]c3ccccc3-c3cccc[c]32)[O]S(C)(=O)=O)[CH]([Fe][CH]2C=CC=C2)C=C1)P(C(C)(C)C)C(C)(C)C,,CS(C)=O,CS(C)=O,CS(C)=O,CS(C)=O,79200.0,0.0
Brc1cccnc1,Oc1ccccc1,,CC(C)(C)N=P(N1CCCC1)(N1CCCC1)N1CCCC1,CC(C)Oc1cccc(OC(C)C)c1-c1ccccc1[P](C1CCCCC1)(C1CCCCC1)->[Pd]1([Cl])<-[NH2]c2ccccc2-c2cccc[c]21,,CS(C)=O,CS(C)=O,CS(C)=O,CS(C)=O,79200.0,0.0
Brc1cccnc1,NC(=O)c1ccccc1,,CN(C)C(=NC(C)(C)C)N(C)C,CC(C)Oc1cccc(OC(C)C)c1-c1ccccc1[P](C1CCCCC1)(C1CCCCC1)->[Pd]1([Cl])<-[NH2]c2ccccc2-c2cccc[c]21,,CS(C)=O,CS(C)=O,CS(C)=O,CS(C)=O,79200.0,0.0
Brc1cccnc1,CC1(C)OB(c2cnn(Cc3ccccc3)c2)OC1(C)C,O,CC(C)(C)N=P(N1CCCC1)(N1CCCC1)N1CCCC1,CC(C)(C)P(C1=CC=C[CH]1[Fe][CH]1C=CC=C1[P](C(C)(C)C)(C(C)(C)C)->[Pd]1(<-[NH2]c2ccccc2-c2cccc[c]21)[O]S(C)(=O)=O)C(C)(C)C,,CS(C)=O,CS(C)=O,CS(C)=O,CS(C)=O,79200.0,8.556191444396973
Brc1cccnc1,CC(C)(C)OC(N)=O,,CC(C)(C)N=P(N1CCCC1)(N1CCCC1)N1CCCC1,COc1ccc(OC)c([P](C(C)(C)C)(C(C)(C)C)->[Pd]2(<-[NH2]c3ccccc3-c3cccc[c]32)[O]S(C)(=O)=O)c1-c1c(C(C)C)cc(C(C)C)cc1C(C)C,,CS(C)=O,CS(C)=O,CS(C)=O,CS(C)=O,79200.0,1.1924642324447632
Brc1cccnc1,c1ccc(Pc2ccccc2)cc1,,CC(C)(C)N=P(N1CCCC1)(N1CCCC1)N1CCCC1,CC(C)Oc1cccc(OC(C)C)c1-c1ccccc1[P](C1CCCCC1)(C1CCCCC1)->[Pd]1([Cl])<-[NH2]c2ccccc2-c2cccc[c]21,,CS(C)=O,CS(C)=O,CS(C)=O,CS(C)=O,79200.0,0.0
Brc1cccnc1,Nc1ccc(-c2ccccc2)cn1,,CCN=P(N=P(N(C)C)(N(C)C)N(C)C)(N(C)C)N(C)C,COc1ccc(OC)c([P](C2CCCCC2)(C2CCCCC2)->[Pd]2(<-[NH2]c3ccccc3-c3cccc[c]32)[O]S(C)(=O)=O)c1-c1c(C(C)C)cc(C(C)C)cc1C(C)C,,CS(C)=O,CS(C)=O,CS(C)=O,CS(C)=O,79200.0,9.763781547546387
Brc1cccnc1,c1ccc2[nH]ncc2c1,,CCN(CC)P1(=NC(C)(C)C)N(C)CCCN1C,COc1ccc(C)c(-c2c(C(C)C)cc(C(C)C)cc2C(C)C)c1[P](C(C)(C)C)(C(C)(C)C)->[Pd]1(<-[NH2]c2ccccc2-c2cccc[c]21)[O]S(C)(=O)=O,,CS(C)=O,CS(C)=O,CS(C)=O,CS(C)=O,79200.0,4.716340065002441
Brc1cccnc1,CCOC(=O)CC(=O)OCC,,CN(C)C(=NC(C)(C)C)N(C)C,COc1ccc(OC)c([P](C(C)(C)C)(C(C)(C)C)->[Pd]2(<-[NH2]c3ccccc3-c3cccc[c]32)[O]S(C)(=O)=O)c1-c1c(C(C)C)cc(C(C)C)cc1C(C)C,,CS(C)=O,CS(C)=O,CS(C)=O,CS(C)=O,79200.0,4.8966803550720215
Brc1cccnc1,Oc1ccccc1,,C1CCC2=NCCCN2CC1,CC(C)(C)[P](C(C)(C)C)(C(C)(C)C)->[Pd]1([Cl])<-[NH2]c2ccccc2-c2cccc[c]21,,CS(C)=O,CS(C)=O,CS(C)=O,CS(C)=O,79200.0,0.0
Brc1cccnc1,CCOC(=O)CC(=O)OCC,,CN(C)C(=NC(C)(C)C)N(C)C,CC(C)Oc1cccc(OC(C)C)c1-c1ccccc1[P](C1CCCCC1)(C1CCCCC1)->[Pd]1([Cl])<-[NH2]c2ccccc2-c2cccc[c]21,,CS(C)=O,CS(C)=O,CS(C)=O,CS(C)=O,79200.0,0.2460407167673111
Brc1cccnc1,c1ccc2[nH]ncc2c1,,CN(C)C(=NC(C)(C)C)N(C)C,COc1ccc(OC)c([P](C2CCCCC2)(C2CCCCC2)->[Pd]2(<-[NH2]c3ccccc3-c3cccc[c]32)[O]S(C)(=O)=O)c1-c1c(C(C)C)cc(C(C)C)cc1C(C)C,,CS(C)=O,CS(C)=O,CS(C)=O,CS(C)=O,79200.0,0.0
Brc1cccnc1,NS(=O)(=O)c1ccccc1,,CCN(CC)P1(=NC(C)(C)C)N(C)CCCN1C,CC(C)(C)[P](c1ccc(N)cc1)(C(C)(C)C)->[Pd]1(<-[NH2]c2ccccc2-c2cccc[c]21)[O]S(C)(=O)=O,,CS(C)=O,CS(C)=O,CS(C)=O,CS(C)=O,79200.0,0.0
Brc1cccnc1,NS(=O)(=O)c1ccccc1,,C1CCC2=NCCCN2CC1,CC(C)(C)P(C1=CC=C[CH]1[Fe][CH]1C=CC=C1[P](C(C)(C)C)(C(C)(C)C)->[Pd]1(<-[NH2]c2ccccc2-c2cccc[c]21)[O]S(C)(=O)=O)C(C)(C)C,,CS(C)=O,CS(C)=O,CS(C)=O,CS(C)=O,79200.0,0.0
Brc1cccnc1,N=C(N)Cc1ccccc1,,CCN(CC)P1(=NC(C)(C)C)N(C)CCCN1C,CS(=O)(=O)[O][Pd]1(<-[NH2]c2ccccc2-c2cccc[c]21)<-[P](c1ccccc1N1CCOCC1)(C12C[C@H]3C[C@@H](C1)C[C@@H](C2)C3)C12C[C@H]3C[C@@H](C1)C[C@@H](C2)C3,,CS(C)=O,CS(C)=O,CS(C)=O,CS(C)=O,79200.0,0.0
Brc1cccnc1,N=C(N)Cc1ccccc1,,CCN(CC)P1(=NC(C)(C)C)N(C)CCCN1C,COc1ccc(OC)c([P](C2CCCCC2)(C2CCCCC2)->[Pd]2(<-[NH2]c3ccccc3-c3cccc[c]32)[O]S(C)(=O)=O)c1-c1c(C(C)C)cc(C(C)C)cc1C(C)C,,CS(C)=O,CS(C)=O,CS(C)=O,CS(C)=O,79200.0,0.0
Brc1cccnc1,NC(=O)c1ccccc1,,CN(C)C(=NC(C)(C)C)N(C)C,CC(C)(C)[P](c1ccc(N)cc1)(C(C)(C)C)->[Pd]1(<-[NH2]c2ccccc2-c2cccc[c]21)[O]S(C)(=O)=O,,CS(C)=O,CS(C)=O,CS(C)=O,CS(C)=O,79200.0,0.0
Brc1cccnc1,CC(C)(C)OC(N)=O,,CC(C)(C)N=P(N1CCCC1)(N1CCCC1)N1CCCC1,CC(C)(C)[P](c1ccc(N)cc1)(C(C)(C)C)->[Pd]1(<-[NH2]c2ccccc2-c2cccc[c]21)[O]S(C)(=O)=O,,CS(C)=O,CS(C)=O,CS(C)=O,CS(C)=O,79200.0,0.0
Brc1cccnc1,Oc1ccccc1,,CCN(CC)P1(=NC(C)(C)C)N(C)CCCN1C,CS(=O)(=O)[O][Pd]1(<-[NH2]c2ccccc2-c2cccc[c]21)<-[P](C1=CC=C[CH]1[Fe][CH]1C=CC=C1P(c1ccccc1)c1ccccc1)(c1ccccc1)c1ccccc1,,CS(C)=O,CS(C)=O,CS(C)=O,CS(C)=O,79200.0,0.0
Brc1cccnc1,Nc1ccccc1,,CN1CCCN2CCCN=C12,CC(C)(C)[P](C(C)(C)C)(C(C)(C)C)->[Pd]1([Cl])<-[NH2]c2ccccc2-c2cccc[c]21,,CS(C)=O,CS(C)=O,CS(C)=O,CS(C)=O,79200.0,0.6859049201011658
Brc1cccnc1,CCOC(=O)CC(=O)OCC,,C1CCC2=NCCCN2CC1,COc1ccc(C)c(-c2c(C(C)C)cc(C(C)C)cc2C(C)C)c1[P](C(C)(C)C)(C(C)(C)C)->[Pd]1(<-[NH2]c2ccccc2-c2cccc[c]21)[O]S(C)(=O)=O,,CS(C)=O,CS(C)=O,CS(C)=O,CS(C)=O,79200.0,0.23059715330600739
Brc1cccnc1,C#Cc1ccc(CCCC)cc1,,CCN(CC)P1(=NC(C)(C)C)N(C)CCCN1C,CC1(C)c2cccc(P(c3ccccc3)c3ccccc3)c2Oc2c1cccc2[P](c1ccccc1)(c1ccccc1)->[Pd]1([Cl])<-[NH2]c2ccccc2-c2cccc[c]21,,CS(C)=O,CS(C)=O,CS(C)=O,CS(C)=O,79200.0,3.50870418548584
Brc1cccnc1,C#Cc1ccc(CCCC)cc1,,CN1CCCN2CCCN=C12,CC(C1=C([P](C2CCCCC2)(C2CCCCC2)->[Pd]2(<-[NH2]c3ccccc3-c3cccc[c]32)[O]S(C)(=O)=O)[CH]([Fe][CH]2C=CC=C2)C=C1)P(C(C)(C)C)C(C)(C)C,,CS(C)=O,CS(C)=O,CS(C)=O,CS(C)=O,79200.0,2.2586991786956787
Brc1cccnc1,OCCCc1ccccc1,,C1CCC2=NCCCN2CC1,CS(=O)(=O)[O][Pd]1(<-[NH2]c2ccccc2-c2cccc[c]21)<-[P](C1=CC=C[CH]1[Fe][CH]1C=CC=C1P(c1ccccc1)c1ccccc1)(c1ccccc1)c1ccccc1,,CS(C)=O,CS(C)=O,CS(C)=O,CS(C)=O,79200.0,0.0
Brc1cccnc1,OCCCc1ccccc1,,CCN=P(N=P(N(C)C)(N(C)C)N(C)C)(N(C)C)N(C)C,CC(C)(C)[P](C(C)(C)C)(C(C)(C)C)->[Pd]1([Cl])<-[NH2]c2ccccc2-c2cccc[c]21,,CS(C)=O,CS(C)=O,CS(C)=O,CS(C)=O,79200.0,0.0
Brc1cccnc1,CCOC(=O)CC(=O)OCC,,C1CCC2=NCCCN2CC1,COc1ccc(OC)c([P](C23C[C@H]4C[C@@H](C2)C[C@@H](C3)C4)(C23C[C@H]4C[C@@H](C2)C[C@@H](C3)C4)->[Pd]2(<-[NH2]c3ccccc3-c3cccc[c]32)[O]S(C)(=O)=O)c1-c1c(C(C)C)cc(C(C)C)cc1C(C)C,,CS(C)=O,CS(C)=O,CS(C)=O,CS(C)=O,79200.0,2.3693313598632812
Brc1cccnc1,Nc1ccccc1,,CCN(CC)P1(=NC(C)(C)C)N(C)CCCN1C,CC(C)(C)[P](C(C)(C)C)(C(C)(C)C)->[Pd]1([Cl])<-[NH2]c2ccccc2-c2cccc[c]21,,CS(C)=O,CS(C)=O,CS(C)=O,CS(C)=O,79200.0,0.8450315594673157
Brc1cccnc1,Sc1ccccc1,,CN1CCCN2CCCN=C12,CC(C)Oc1cccc(OC(C)C)c1-c1ccccc1[P](C1CCCCC1)(C1CCCCC1)->[Pd]1([Cl])<-[NH2]c2ccccc2-c2cccc[c]21,,CS(C)=O,CS(C)=O,CS(C)=O,CS(C)=O,79200.0,0.0
Brc1cccnc1,Nc1ccccc1,,CCN(CC)P1(=NC(C)(C)C)N(C)CCCN1C,CC1(C)c2cccc(P(c3ccccc3)c3ccccc3)c2Oc2c1cccc2[P](c1ccccc1)(c1ccccc1)->[Pd]1([Cl])<-[NH2]c2ccccc2-c2cccc[c]21,,CS(C)=O,CS(C)=O,CS(C)=O,CS(C)=O,79200.0,0.45400387048721313
Brc1cccnc1,N=C(N)Cc1ccccc1,,CN(C)C(=NC(C)(C)C)N(C)C,CC(C)(C)P(C1=CC=C[CH]1[Fe][CH]1C=CC=C1[P](C(C)(C)C)(C(C)(C)C)->[Pd]1(<-[NH2]c2ccccc2-c2cccc[c]21)[O]S(C)(=O)=O)C(C)(C)C,,CS(C)=O,CS(C)=O,CS(C)=O,CS(C)=O,79200.0,0.0
Brc1cccnc1,CCOC(=O)/C=C/c1ccccc1,,CCN=P(N=P(N(C)C)(N(C)C)N(C)C)(N(C)C)N(C)C,CC(C)Oc1cccc(OC(C)C)c1-c1ccccc1[P](C1CCCCC1)(C1CCCCC1)->[Pd]1([Cl])<-[NH2]c2ccccc2-c2cccc[c]21,,CS(C)=O,CS(C)=O,CS(C)=O,CS(C)=O,79200.0,0.0
Brc1cccnc1,N=C(N)Cc1ccccc1,,CN(C)C(=NC(C)(C)C)N(C)C,CC12CC3(C)OC(C)(CC(C)(O1)[P]3(c1ccccc1)->[Pd]1(<-[NH2]c3ccccc3-c3cccc[c]31)[O]S(C)(=O)=O)O2,,CS(C)=O,CS(C)=O,CS(C)=O,CS(C)=O,79200.0,0.0
Brc1cccnc1,c1ccc2[nH]ncc2c1,,CCN=P(N=P(N(C)C)(N(C)C)N(C)C)(N(C)C)N(C)C,CC12CC3(C)OC(C)(CC(C)(O1)[P]3(c1ccccc1)->[Pd]1(<-[NH2]c3ccccc3-c3cccc[c]31)[O]S(C)(=O)=O)O2,,CS(C)=O,CS(C)=O,CS(C)=O,CS(C)=O,79200.0,0.0
Brc1cccnc1,N=C(N)Cc1ccccc1,,CC(C)(C)N=P(N1CCCC1)(N1CCCC1)N1CCCC1,COc1ccc(OC)c([P](C2CCCCC2)(C2CCCCC2)->[Pd]2(<-[NH2]c3ccccc3-c3cccc[c]32)[O]S(C)(=O)=O)c1-c1c(C(C)C)cc(C(C)C)cc1C(C)C,,CS(C)=O,CS(C)=O,CS(C)=O,CS(C)=O,79200.0,0.09158753603696823
Brc1cccnc1,NS(=O)(=O)c1ccccc1,,CCN(CC)P1(=NC(C)(C)C)N(C)CCCN1C,COc1ccc(OC)c([P](C2CCCCC2)(C2CCCCC2)->[Pd]2(<-[NH2]c3ccccc3-c3cccc[c]32)[O]S(C)(=O)=O)c1-c1c(C(C)C)cc(C(C)C)cc1C(C)C,,CS(C)=O,CS(C)=O,CS(C)=O,CS(C)=O,79200.0,0.0
Brc1cccnc1,CC1(C)OB(c2cnn(Cc3ccccc3)c2)OC1(C)C,O,CN(C)C(=NC(C)(C)C)N(C)C,CS(=O)(=O)[O][Pd]1(<-[NH2]c2ccccc2-c2cccc[c]21)<-[P](c1ccccc1N1CCOCC1)(C12C[C@H]3C[C@@H](C1)C[C@@H](C2)C3)C12C[C@H]3C[C@@H](C1)C[C@@H](C2)C3,,CS(C)=O,CS(C)=O,CS(C)=O,CS(C)=O,79200.0,0.5594871640205383
Brc1cccnc1,CC1(C)OB(c2cnn(Cc3ccccc3)c2)OC1(C)C,O,CN(C)C(=NC(C)(C)C)N(C)C,COc1ccc(OC)c([P](C2CCCCC2)(C2CCCCC2)->[Pd]2(<-[NH2]c3ccccc3-c3cccc[c]32)[O]S(C)(=O)=O)c1-c1c(C(C)C)cc(C(C)C)cc1C(C)C,,CS(C)=O,CS(C)=O,CS(C)=O,CS(C)=O,79200.0,21.082609176635742
Brc1cccnc1,CC(N)CCc1ccccc1,,CC(C)(C)N=P(N1CCCC1)(N1CCCC1)N1CCCC1,CC(C)c1cc(C(C)C)c(-c2ccccc2[P](C(C)(C)C)(C(C)(C)C)->[Pd]2(<-[NH2]c3ccccc3-c3cccc[c]32)[O]S(C)(=O)=O)c(C(C)C)c1,,CS(C)=O,CS(C)=O,CS(C)=O,CS(C)=O,79200.0,13.34106731414795
Brc1cccnc1,CCOC(=O)/C=C/c1ccccc1,,CCN=P(N=P(N(C)C)(N(C)C)N(C)C)(N(C)C)N(C)C,CC(C)c1cc(C(C)C)c(-c2ccccc2[P](C(C)(C)C)(C(C)(C)C)->[Pd]2(<-[NH2]c3ccccc3-c3cccc[c]32)[O]S(C)(=O)=O)c(C(C)C)c1,,CS(C)=O,CS(C)=O,CS(C)=O,CS(C)=O,79200.0,0.0
Brc1cccnc1,C#Cc1ccc(CCCC)cc1,,CCN(CC)P1(=NC(C)(C)C)N(C)CCCN1C,CC12CC3(C)OC(C)(CC(C)(O1)[P]3(c1ccccc1)->[Pd]1(<-[NH2]c3ccccc3-c3cccc[c]31)[O]S(C)(=O)=O)O2,,CS(C)=O,CS(C)=O,CS(C)=O,CS(C)=O,79200.0,7.248498916625977
Brc1cccnc1,c1ccc2[nH]ncc2c1,,CCN=P(N=P(N(C)C)(N(C)C)N(C)C)(N(C)C)N(C)C,CC(C)c1cc(C(C)C)c(-c2ccccc2[P](C2CCCCC2)(C2CCCCC2)->[Pd]2(<-[NH2]c3ccccc3-c3cccc[c]32)[O]S(C)(=O)=O)c(C(C)C)c1,,CS(C)=O,CS(C)=O,CS(C)=O,CS(C)=O,79200.0,0.0
Brc1cccnc1,c1ccc2[nH]ncc2c1,,CC(C)(C)N=P(N1CCCC1)(N1CCCC1)N1CCCC1,CC(C)(C)[P](C(C)(C)C)(C(C)(C)C)->[Pd]1([Cl])<-[NH2]c2ccccc2-c2cccc[c]21,,CS(C)=O,CS(C)=O,CS(C)=O,CS(C)=O,79200.0,0.0
Brc1cccnc1,c1ccc2[nH]ncc2c1,,CCN(CC)P1(=NC(C)(C)C)N(C)CCCN1C,CC(C)(C)[P](c1ccc(N)cc1)(C(C)(C)C)->[Pd]1(<-[NH2]c2ccccc2-c2cccc[c]21)[O]S(C)(=O)=O,,CS(C)=O,CS(C)=O,CS(C)=O,CS(C)=O,79200.0,0.0
Brc1cccnc1,Oc1ccccc1,,CN(C)C(=NC(C)(C)C)N(C)C,COc1ccc(OC)c([P](C2CCCCC2)(C2CCCCC2)->[Pd]2(<-[NH2]c3ccccc3-c3cccc[c]32)[O]S(C)(=O)=O)c1-c1c(C(C)C)cc(C(C)C)cc1C(C)C,,CS(C)=O,CS(C)=O,CS(C)=O,CS(C)=O,79200.0,0.0
Brc1cccnc1,CCOC(=O)CC(=O)OCC,,CN(C)C(=NC(C)(C)C)N(C)C,CC(C)(C)[P](c1ccc(N)cc1)(C(C)(C)C)->[Pd]1(<-[NH2]c2ccccc2-c2cccc[c]21)[O]S(C)(=O)=O,,CS(C)=O,CS(C)=O,CS(C)=O,CS(C)=O,79200.0,0.2571059465408325
Brc1cccnc1,Nc1ccc(-c2ccccc2)cn1,,CCN(CC)P1(=NC(C)(C)C)N(C)CCCN1C,CC(C)(C)[P](c1ccc(N)cc1)(C(C)(C)C)->[Pd]1(<-[NH2]c2ccccc2-c2cccc[c]21)[O]S(C)(=O)=O,,CS(C)=O,CS(C)=O,CS(C)=O,CS(C)=O,79200.0,0.0
Brc1cccnc1,Nc1ccc(-c2ccccc2)cn1,,CCN=P(N=P(N(C)C)(N(C)C)N(C)C)(N(C)C)N(C)C,CS(=O)(=O)[O][Pd]1(<-[NH2]c2ccccc2-c2cccc[c]21)<-[P](C1=CC=C[CH]1[Fe][CH]1C=CC=C1P(c1ccccc1)c1ccccc1)(c1ccccc1)c1ccccc1,,CS(C)=O,CS(C)=O,CS(C)=O,CS(C)=O,79200.0,0.47752833366394043
Brc1cccnc1,NC(=O)c1ccccc1,,CCN=P(N=P(N(C)C)(N(C)C)N(C)C)(N(C)C)N(C)C,CC(C)Oc1cccc(OC(C)C)c1-c1ccccc1[P](C1CCCCC1)(C1CCCCC1)->[Pd]1([Cl])<-[NH2]c2ccccc2-c2cccc[c]21,,CS(C)=O,CS(C)=O,CS(C)=O,CS(C)=O,79200.0,0.0
Brc1cccnc1,CC(N)CCc1ccccc1,,CN(C)C(=NC(C)(C)C)N(C)C,COc1ccc(OC)c([P](C2CCCCC2)(C2CCCCC2)->[Pd]2(<-[NH2]c3ccccc3-c3cccc[c]32)[O]S(C)(=O)=O)c1-c1c(C(C)C)cc(C(C)C)cc1C(C)C,,CS(C)=O,CS(C)=O,CS(C)=O,CS(C)=O,79200.0,0.18673644959926605
Brc1cccnc1,NS(=O)(=O)c1ccccc1,,CN1CCCN2CCCN=C12,CC1(C)c2cccc(P(c3ccccc3)c3ccccc3)c2Oc2c1cccc2[P](c1ccccc1)(c1ccccc1)->[Pd]1([Cl])<-[NH2]c2ccccc2-c2cccc[c]21,,CS(C)=O,CS(C)=O,CS(C)=O,CS(C)=O,79200.0,0.0
Brc1cccnc1,Nc1ccccc1,,CN(C)C(=NC(C)(C)C)N(C)C,CC(C)c1cc(C(C)C)c(-c2ccccc2[P](C(C)(C)C)(C(C)(C)C)->[Pd]2(<-[NH2]c3ccccc3-c3cccc[c]32)[O]S(C)(=O)=O)c(C(C)C)c1,,CS(C)=O,CS(C)=O,CS(C)=O,CS(C)=O,79200.0,15.680708885192871
Brc1cccnc1,NC(=O)c1ccccc1,,CCN=P(N=P(N(C)C)(N(C)C)N(C)C)(N(C)C)N(C)C,CC(C)c1cc(C(C)C)c(-c2ccccc2[P](C2CCCCC2)(C2CCCCC2)->[Pd]2(<-[NH2]c3ccccc3-c3cccc[c]32)[O]S(C)(=O)=O)c(C(C)C)c1,,CS(C)=O,CS(C)=O,CS(C)=O,CS(C)=O,79200.0,0.0
Brc1cccnc1,N=C(N)Cc1ccccc1,,CCN(CC)P1(=NC(C)(C)C)N(C)CCCN1C,CC(C)(C)[P](C(C)(C)C)(C(C)(C)C)->[Pd]1([Cl])<-[NH2]c2ccccc2-c2cccc[c]21,,CS(C)=O,CS(C)=O,CS(C)=O,CS(C)=O,79200.0,0.0
Brc1cccnc1,CCOC(=O)/C=C/c1ccccc1,,CN1CCCN2CCCN=C12,COc1ccc(OC)c([P](C2CCCCC2)(C2CCCCC2)->[Pd]2(<-[NH2]c3ccccc3-c3cccc[c]32)[O]S(C)(=O)=O)c1-c1c(C(C)C)cc(C(C)C)cc1C(C)C,,CS(C)=O,CS(C)=O,CS(C)=O,CS(C)=O,79200.0,0.0
Brc1cccnc1,CC(C)(C)OC(N)=O,,CCN=P(N=P(N(C)C)(N(C)C)N(C)C)(N(C)C)N(C)C,CS(=O)(=O)[O][Pd]1(<-[NH2]c2ccccc2-c2cccc[c]21)<-[P](c1ccccc1N1CCOCC1)(C12C[C@H]3C[C@@H](C1)C[C@@H](C2)C3)C12C[C@H]3C[C@@H](C1)C[C@@H](C2)C3,,CS(C)=O,CS(C)=O,CS(C)=O,CS(C)=O,79200.0,0.0
Brc1cccnc1,CC(C)(C)OC(N)=O,,CCN(CC)P1(=NC(C)(C)C)N(C)CCCN1C,COc1ccc(OC)c([P](C(C)(C)C)(C(C)(C)C)->[Pd]2(<-[NH2]c3ccccc3-c3cccc[c]32)[O]S(C)(=O)=O)c1-c1c(C(C)C)cc(C(C)C)cc1C(C)C,,CS(C)=O,CS(C)=O,CS(C)=O,CS(C)=O,79200.0,0.6780774593353271
Brc1cccnc1,c1ccc2[nH]ncc2c1,,CN1CCCN2CCCN=C12,COc1ccc(OC)c([P](C2CCCCC2)(C2CCCCC2)->[Pd]2(<-[NH2]c3ccccc3-c3cccc[c]32)[O]S(C)(=O)=O)c1-c1c(C(C)C)cc(C(C)C)cc1C(C)C,,CS(C)=O,CS(C)=O,CS(C)=O,CS(C)=O,79200.0,0.0
Brc1cccnc1,C#Cc1ccc(CCCC)cc1,,CCN=P(N=P(N(C)C)(N(C)C)N(C)C)(N(C)C)N(C)C,CC(C1=C([P](C2CCCCC2)(C2CCCCC2)->[Pd]2(<-[NH2]c3ccccc3-c3cccc[c]32)[O]S(C)(=O)=O)[CH]([Fe][CH]2C=CC=C2)C=C1)P(C(C)(C)C)C(C)(C)C,,CS(C)=O,CS(C)=O,CS(C)=O,CS(C)=O,79200.0,0.6719878315925598
Brc1cccnc1,c1ccc2[nH]ncc2c1,,CCN=P(N=P(N(C)C)(N(C)C)N(C)C)(N(C)C)N(C)C,COc1ccc(OC)c([P](C(C)(C)C)(C(C)(C)C)->[Pd]2(<-[NH2]c3ccccc3-c3cccc[c]32)[O]S(C)(=O)=O)c1-c1c(C(C)C)cc(C(C)C)cc1C(C)C,,CS(C)=O,CS(C)=O,CS(C)=O,CS(C)=O,79200.0,4.226877689361572
Brc1cccnc1,C#Cc1ccc(CCCC)cc1,,CCN(CC)P1(=NC(C)(C)C)N(C)CCCN1C,CC(C)(C)[P](C(C)(C)C)(C(C)(C)C)->[Pd]1([Cl])<-[NH2]c2ccccc2-c2cccc[c]21,,CS(C)=O,CS(C)=O,CS(C)=O,CS(C)=O,79200.0,4.221877098083496
Brc1cccnc1,Sc1ccccc1,,CN1CCCN2CCCN=C12,CC(C1=C([P](C2CCCCC2)(C2CCCCC2)->[Pd]2(<-[NH2]c3ccccc3-c3cccc[c]32)[O]S(C)(=O)=O)[CH]([Fe][CH]2C=CC=C2)C=C1)P(C(C)(C)C)C(C)(C)C,,CS(C)=O,CS(C)=O,CS(C)=O,CS(C)=O,79200.0,0.0
Brc1cccnc1,NS(=O)(=O)c1ccccc1,,C1CCC2=NCCCN2CC1,CC(C)(C)[P](C(C)(C)C)(C(C)(C)C)->[Pd]1([Cl])<-[NH2]c2ccccc2-c2cccc[c]21,,CS(C)=O,CS(C)=O,CS(C)=O,CS(C)=O,79200.0,0.0
Brc1cccnc1,c1ccc2[nH]ncc2c1,,CN(C)C(=NC(C)(C)C)N(C)C,CC(C)(C)[P](C(C)(C)C)(C(C)(C)C)->[Pd]1([Cl])<-[NH2]c2ccccc2-c2cccc[c]21,,CS(C)=O,CS(C)=O,CS(C)=O,CS(C)=O,79200.0,0.0
Brc1cccnc1,Nc1ccccc1,,C1CCC2=NCCCN2CC1,CC1(C)c2cccc(P(c3ccccc3)c3ccccc3)c2Oc2c1cccc2[P](c1ccccc1)(c1ccccc1)->[Pd]1([Cl])<-[NH2]c2ccccc2-c2cccc[c]21,,CS(C)=O,CS(C)=O,CS(C)=O,CS(C)=O,79200.0,0.0
Brc1cccnc1,CC(C)(C)OC(N)=O,,CCN=P(N=P(N(C)C)(N(C)C)N(C)C)(N(C)C)N(C)C,COc1ccc(OC)c([P](C(C)(C)C)(C(C)(C)C)->[Pd]2(<-[NH2]c3ccccc3-c3cccc[c]32)[O]S(C)(=O)=O)c1-c1c(C(C)C)cc(C(C)C)cc1C(C)C,,CS(C)=O,CS(C)=O,CS(C)=O,CS(C)=O,79200.0,2.011747360229492
Brc1cccnc1,Oc1ccccc1,,CCN(CC)P1(=NC(C)(C)C)N(C)CCCN1C,CC1(C)c2cccc(P(c3ccccc3)c3ccccc3)c2Oc2c1cccc2[P](c1ccccc1)(c1ccccc1)->[Pd]1([Cl])<-[NH2]c2ccccc2-c2cccc[c]21,,CS(C)=O,CS(C)=O,CS(C)=O,CS(C)=O,79200.0,0.0
Brc1cccnc1,N=C(N)Cc1ccccc1,,CCN(CC)P1(=NC(C)(C)C)N(C)CCCN1C,CS(=O)(=O)[O][Pd]1(<-[NH2]c2ccccc2-c2cccc[c]21)<-[P](C1=CC=C[CH]1[Fe][CH]1C=CC=C1P(c1ccccc1)c1ccccc1)(c1ccccc1)c1ccccc1,,CS(C)=O,CS(C)=O,CS(C)=O,CS(C)=O,79200.0,0.0
Brc1cccnc1,CC1(C)OB(c2cnn(Cc3ccccc3)c2)OC1(C)C,O,CC(C)(C)N=P(N1CCCC1)(N1CCCC1)N1CCCC1,CC(C)c1cc(C(C)C)c(-c2ccccc2[P](C2CCCCC2)(C2CCCCC2)->[Pd]2(<-[NH2]c3ccccc3-c3cccc[c]32)[O]S(C)(=O)=O)c(C(C)C)c1,,CS(C)=O,CS(C)=O,CS(C)=O,CS(C)=O,79200.0,10.982158660888672
Brc1cccnc1,Oc1ccccc1,,CCN=P(N=P(N(C)C)(N(C)C)N(C)C)(N(C)C)N(C)C,CC1(C)c2cccc(P(c3ccccc3)c3ccccc3)c2Oc2c1cccc2[P](c1ccccc1)(c1ccccc1)->[Pd]1([Cl])<-[NH2]c2ccccc2-c2cccc[c]21,,CS(C)=O,CS(C)=O,CS(C)=O,CS(C)=O,79200.0,0.0
Brc1cccnc1,Nc1ccc(-c2ccccc2)cn1,,CCN(CC)P1(=NC(C)(C)C)N(C)CCCN1C,COc1ccc(C)c(-c2c(C(C)C)cc(C(C)C)cc2C(C)C)c1[P](C(C)(C)C)(C(C)(C)C)->[Pd]1(<-[NH2]c2ccccc2-c2cccc[c]21)[O]S(C)(=O)=O,,CS(C)=O,CS(C)=O,CS(C)=O,CS(C)=O,79200.0,3.4046850204467773
Brc1cccnc1,Oc1ccccc1,,CCN(CC)P1(=NC(C)(C)C)N(C)CCCN1C,COc1ccc(OC)c([P](C(C)(C)C)(C(C)(C)C)->[Pd]2(<-[NH2]c3ccccc3-c3cccc[c]32)[O]S(C)(=O)=O)c1-c1c(C(C)C)cc(C(C)C)cc1C(C)C,,CS(C)=O,CS(C)=O,CS(C)=O,CS(C)=O,79200.0,0.0
Brc1cccnc1,NS(=O)(=O)c1ccccc1,,CCN=P(N=P(N(C)C)(N(C)C)N(C)C)(N(C)C)N(C)C,COc1ccc(OC)c([P](C(C)(C)C)(C(C)(C)C)->[Pd]2(<-[NH2]c3ccccc3-c3cccc[c]32)[O]S(C)(=O)=O)c1-c1c(C(C)C)cc(C(C)C)cc1C(C)C,,CS(C)=O,CS(C)=O,CS(C)=O,CS(C)=O,79200.0,9.215553283691406
Brc1cccnc1,CC(N)CCc1ccccc1,,CCN(CC)P1(=NC(C)(C)C)N(C)CCCN1C,CC(C)c1cc(C(C)C)c(-c2ccccc2[P](C2CCCCC2)(C2CCCCC2)->[Pd]2(<-[NH2]c3ccccc3-c3cccc[c]32)[O]S(C)(=O)=O)c(C(C)C)c1,,CS(C)=O,CS(C)=O,CS(C)=O,CS(C)=O,79200.0,0.13556796312332153
Brc1cccnc1,C#Cc1ccc(CCCC)cc1,,CCN=P(N=P(N(C)C)(N(C)C)N(C)C)(N(C)C)N(C)C,CC12CC3(C)OC(C)(CC(C)(O1)[P]3(c1ccccc1)->[Pd]1(<-[NH2]c3ccccc3-c3cccc[c]31)[O]S(C)(=O)=O)O2,,CS(C)=O,CS(C)=O,CS(C)=O,CS(C)=O,79200.0,4.170410633087158
Brc1cccnc1,Sc1ccccc1,,CN1CCCN2CCCN=C12,COc1ccc(OC)c([P](C23C[C@H]4C[C@@H](C2)C[C@@H](C3)C4)(C23C[C@H]4C[C@@H](C2)C[C@@H](C3)C4)->[Pd]2(<-[NH2]c3ccccc3-c3cccc[c]32)[O]S(C)(=O)=O)c1-c1c(C(C)C)cc(C(C)C)cc1C(C)C,,CS(C)=O,CS(C)=O,CS(C)=O,CS(C)=O,79200.0,0.0
Brc1cccnc1,Oc1ccccc1,,CCN(CC)P1(=NC(C)(C)C)N(C)CCCN1C,CC(C)Oc1cccc(OC(C)C)c1-c1ccccc1[P](C1CCCCC1)(C1CCCCC1)->[Pd]1([Cl])<-[NH2]c2ccccc2-c2cccc[c]21,,CS(C)=O,CS(C)=O,CS(C)=O,CS(C)=O,79200.0,0.0
Brc1cccnc1,Nc1ccc(-c2ccccc2)cn1,,C1CCC2=NCCCN2CC1,COc1ccc(OC)c([P](C2CCCCC2)(C2CCCCC2)->[Pd]2(<-[NH2]c3ccccc3-c3cccc[c]32)[O]S(C)(=O)=O)c1-c1c(C(C)C)cc(C(C)C)cc1C(C)C,,CS(C)=O,CS(C)=O,CS(C)=O,CS(C)=O,79200.0,0.5792208313941956
Brc1cccnc1,N=C(N)Cc1ccccc1,,CCN=P(N=P(N(C)C)(N(C)C)N(C)C)(N(C)C)N(C)C,CC(C)(C)[P](C(C)(C)C)(C(C)(C)C)->[Pd]1([Cl])<-[NH2]c2ccccc2-c2cccc[c]21,,CS(C)=O,CS(C)=O,CS(C)=O,CS(C)=O,79200.0,0.0
Brc1cccnc1,c1ccc2[nH]ncc2c1,,CCN=P(N=P(N(C)C)(N(C)C)N(C)C)(N(C)C)N(C)C,CC(C)Oc1cccc(OC(C)C)c1-c1ccccc1[P](C1CCCCC1)(C1CCCCC1)->[Pd]1([Cl])<-[NH2]c2ccccc2-c2cccc[c]21,,CS(C)=O,CS(C)=O,CS(C)=O,CS(C)=O,79200.0,0.0
Brc1cccnc1,OCCCc1ccccc1,,CCN=P(N=P(N(C)C)(N(C)C)N(C)C)(N(C)C)N(C)C,COc1ccc(OC)c([P](C23C[C@H]4C[C@@H](C2)C[C@@H](C3)C4)(C23C[C@H]4C[C@@H](C2)C[C@@H](C3)C4)->[Pd]2(<-[NH2]c3ccccc3-c3cccc[c]32)[O]S(C)(=O)=O)c1-c1c(C(C)C)cc(C(C)C)cc1C(C)C,,CS(C)=O,CS(C)=O,CS(C)=O,CS(C)=O,79200.0,6.1021952629089355
Brc1cccnc1,NS(=O)(=O)c1ccccc1,,CN(C)C(=NC(C)(C)C)N(C)C,CS(=O)(=O)[O][Pd]1(<-[NH2]c2ccccc2-c2cccc[c]21)<-[P](c1ccccc1N1CCOCC1)(C12C[C@H]3C[C@@H](C1)C[C@@H](C2)C3)C12C[C@H]3C[C@@H](C1)C[C@@H](C2)C3,,CS(C)=O,CS(C)=O,CS(C)=O,CS(C)=O,79200.0,0.0
Brc1cccnc1,CC(C)(C)OC(N)=O,,CN1CCCN2CCCN=C12,CC(C1=C([P](C2CCCCC2)(C2CCCCC2)->[Pd]2(<-[NH2]c3ccccc3-c3cccc[c]32)[O]S(C)(=O)=O)[CH]([Fe][CH]2C=CC=C2)C=C1)P(C(C)(C)C)C(C)(C)C,,CS(C)=O,CS(C)=O,CS(C)=O,CS(C)=O,79200.0,0.0
Brc1cccnc1,NS(=O)(=O)c1ccccc1,,CC(C)(C)N=P(N1CCCC1)(N1CCCC1)N1CCCC1,CC(C)(C)P(C1=CC=C[CH]1[Fe][CH]1C=CC=C1[P](C(C)(C)C)(C(C)(C)C)->[Pd]1(<-[NH2]c2ccccc2-c2cccc[c]21)[O]S(C)(=O)=O)C(C)(C)C,,CS(C)=O,CS(C)=O,CS(C)=O,CS(C)=O,79200.0,0.0
Brc1cccnc1,CCOC(=O)/C=C/c1ccccc1,,CC(C)(C)N=P(N1CCCC1)(N1CCCC1)N1CCCC1,COc1ccc(OC)c([P](C2CCCCC2)(C2CCCCC2)->[Pd]2(<-[NH2]c3ccccc3-c3cccc[c]32)[O]S(C)(=O)=O)c1-c1c(C(C)C)cc(C(C)C)cc1C(C)C,,CS(C)=O,CS(C)=O,CS(C)=O,CS(C)=O,79200.0,0.0
Brc1cccnc1,NS(=O)(=O)c1ccccc1,,CC(C)(C)N=P(N1CCCC1)(N1CCCC1)N1CCCC1,CC(C)(C)[P](c1ccc(N)cc1)(C(C)(C)C)->[Pd]1(<-[NH2]c2ccccc2-c2cccc[c]21)[O]S(C)(=O)=O,,CS(C)=O,CS(C)=O,CS(C)=O,CS(C)=O,79200.0,0.0
Brc1cccnc1,c1ccc(Pc2ccccc2)cc1,,CCN=P(N=P(N(C)C)(N(C)C)N(C)C)(N(C)C)N(C)C,CC(C)Oc1cccc(OC(C)C)c1-c1ccccc1[P](C1CCCCC1)(C1CCCCC1)->[Pd]1([Cl])<-[NH2]c2ccccc2-c2cccc[c]21,,CS(C)=O,CS(C)=O,CS(C)=O,CS(C)=O,79200.0,0.0
Brc1cccnc1,NC(=O)c1ccccc1,,CN(C)C(=NC(C)(C)C)N(C)C,CC(C)c1cc(C(C)C)c(-c2ccccc2[P](C2CCCCC2)(C2CCCCC2)->[Pd]2(<-[NH2]c3ccccc3-c3cccc[c]32)[O]S(C)(=O)=O)c(C(C)C)c1,,CS(C)=O,CS(C)=O,CS(C)=O,CS(C)=O,79200.0,0.0
Brc1cccnc1,C#Cc1ccc(CCCC)cc1,,C1CCC2=NCCCN2CC1,COc1ccc(OC)c([P](C2CCCCC2)(C2CCCCC2)->[Pd]2(<-[NH2]c3ccccc3-c3cccc[c]32)[O]S(C)(=O)=O)c1-c1c(C(C)C)cc(C(C)C)cc1C(C)C,,CS(C)=O,CS(C)=O,CS(C)=O,CS(C)=O,79200.0,20.42452049255371
Brc1cccnc1,CCOC(=O)/C=C/c1ccccc1,,CCN(CC)P1(=NC(C)(C)C)N(C)CCCN1C,COc1ccc(OC)c([P](C23C[C@H]4C[C@@H](C2)C[C@@H](C3)C4)(C23C[C@H]4C[C@@H](C2)C[C@@H](C3)C4)->[Pd]2(<-[NH2]c3ccccc3-c3cccc[c]32)[O]S(C)(=O)=O)c1-c1c(C(C)C)cc(C(C)C)cc1C(C)C,,CS(C)=O,CS(C)=O,CS(C)=O,CS(C)=O,79200.0,0.0
Brc1cccnc1,CC(N)CCc1ccccc1,,CN1CCCN2CCCN=C12,COc1ccc(C)c(-c2c(C(C)C)cc(C(C)C)cc2C(C)C)c1[P](C(C)(C)C)(C(C)(C)C)->[Pd]1(<-[NH2]c2ccccc2-c2cccc[c]21)[O]S(C)(=O)=O,,CS(C)=O,CS(C)=O,CS(C)=O,CS(C)=O,79200.0,10.243997573852539
Brc1cccnc1,CC(N)CCc1ccccc1,,C1CCC2=NCCCN2CC1,CS(=O)(=O)[O][Pd]1(<-[NH2]c2ccccc2-c2cccc[c]21)<-[P](c1ccccc1)(c1ccccc1)c1ccc2ccccc2c1-c1c(P(c2ccccc2)c2ccccc2)ccc2ccccc12,,CS(C)=O,CS(C)=O,CS(C)=O,CS(C)=O,79200.0,0.0
Brc1cccnc1,Nc1ccccc1,,CCN(CC)P1(=NC(C)(C)C)N(C)CCCN1C,CC(C)(C)P(C1=CC=C[CH]1[Fe][CH]1C=CC=C1[P](C(C)(C)C)(C(C)(C)C)->[Pd]1(<-[NH2]c2ccccc2-c2cccc[c]21)[O]S(C)(=O)=O)C(C)(C)C,,CS(C)=O,CS(C)=O,CS(C)=O,CS(C)=O,79200.0,0.6527535915374756
Brc1cccnc1,CCOC(=O)CC(=O)OCC,,CN1CCCN2CCCN=C12,COc1ccc(OC)c([P](C(C)(C)C)(C(C)(C)C)->[Pd]2(<-[NH2]c3ccccc3-c3cccc[c]32)[O]S(C)(=O)=O)c1-c1c(C(C)C)cc(C(C)C)cc1C(C)C,,CS(C)=O,CS(C)=O,CS(C)=O,CS(C)=O,79200.0,4.674109935760498
Brc1cccnc1,Nc1ccccc1,,CN1CCCN2CCCN=C12,COc1ccc(OC)c([P](C23C[C@H]4C[C@@H](C2)C[C@@H](C3)C4)(C23C[C@H]4C[C@@H](C2)C[C@@H](C3)C4)->[Pd]2(<-[NH2]c3ccccc3-c3cccc[c]32)[O]S(C)(=O)=O)c1-c1c(C(C)C)cc(C(C)C)cc1C(C)C,,CS(C)=O,CS(C)=O,CS(C)=O,CS(C)=O,79200.0,17.04026985168457
Brc1cccnc1,CC(C)(C)OC(N)=O,,CN1CCCN2CCCN=C12,CC(C)c1cc(C(C)C)c(-c2ccccc2[P](C2CCCCC2)(C2CCCCC2)->[Pd]2(<-[NH2]c3ccccc3-c3cccc[c]32)[O]S(C)(=O)=O)c(C(C)C)c1,,CS(C)=O,CS(C)=O,CS(C)=O,CS(C)=O,79200.0,0.39974910020828247
Brc1cccnc1,Oc1ccccc1,,CCN=P(N=P(N(C)C)(N(C)C)N(C)C)(N(C)C)N(C)C,CC(C1=C([P](C2CCCCC2)(C2CCCCC2)->[Pd]2(<-[NH2]c3ccccc3-c3cccc[c]32)[O]S(C)(=O)=O)[CH]([Fe][CH]2C=CC=C2)C=C1)P(C(C)(C)C)C(C)(C)C,,CS(C)=O,CS(C)=O,CS(C)=O,CS(C)=O,79200.0,0.0
Brc1cccnc1,CCOC(=O)/C=C/c1ccccc1,,CN1CCCN2CCCN=C12,CC(C)c1cc(C(C)C)c(-c2ccccc2[P](C2CCCCC2)(C2CCCCC2)->[Pd]2(<-[NH2]c3ccccc3-c3cccc[c]32)[O]S(C)(=O)=O)c(C(C)C)c1,,CS(C)=O,CS(C)=O,CS(C)=O,CS(C)=O,79200.0,0.0
Brc1cccnc1,CCOC(=O)CC(=O)OCC,,CCN(CC)P1(=NC(C)(C)C)N(C)CCCN1C,CC(C1=C([P](C2CCCCC2)(C2CCCCC2)->[Pd]2(<-[NH2]c3ccccc3-c3cccc[c]32)[O]S(C)(=O)=O)[CH]([Fe][CH]2C=CC=C2)C=C1)P(C(C)(C)C)C(C)(C)C,,CS(C)=O,CS(C)=O,CS(C)=O,CS(C)=O,79200.0,0.7169044017791748
Brc1cccnc1,CC1(C)OB(c2cnn(Cc3ccccc3)c2)OC1(C)C,O,C1CCC2=NCCCN2CC1,CC12CC3(C)OC(C)(CC(C)(O1)[P]3(c1ccccc1)->[Pd]1(<-[NH2]c3ccccc3-c3cccc[c]31)[O]S(C)(=O)=O)O2,,CS(C)=O,CS(C)=O,CS(C)=O,CS(C)=O,79200.0,0.6539477705955505
Brc1cccnc1,C#Cc1ccc(CCCC)cc1,,CN1CCCN2CCCN=C12,COc1ccc(OC)c([P](C23C[C@H]4C[C@@H](C2)C[C@@H](C3)C4)(C23C[C@H]4C[C@@H](C2)C[C@@H](C3)C4)->[Pd]2(<-[NH2]c3ccccc3-c3cccc[c]32)[O]S(C)(=O)=O)c1-c1c(C(C)C)cc(C(C)C)cc1C(C)C,,CS(C)=O,CS(C)=O,CS(C)=O,CS(C)=O,79200.0,17.093164443969727
Brc1cccnc1,C#Cc1ccc(CCCC)cc1,,CCN(CC)P1(=NC(C)(C)C)N(C)CCCN1C,CC(C1=C([P](C2CCCCC2)(C2CCCCC2)->[Pd]2(<-[NH2]c3ccccc3-c3cccc[c]32)[O]S(C)(=O)=O)[CH]([Fe][CH]2C=CC=C2)C=C1)P(C(C)(C)C)C(C)(C)C,,CS(C)=O,CS(C)=O,CS(C)=O,CS(C)=O,79200.0,0.5260639786720276
Brc1cccnc1,c1ccc(Pc2ccccc2)cc1,,CN(C)C(=NC(C)(C)C)N(C)C,CC(C)Oc1cccc(OC(C)C)c1-c1ccccc1[P](C1CCCCC1)(C1CCCCC1)->[Pd]1([Cl])<-[NH2]c2ccccc2-c2cccc[c]21,,CS(C)=O,CS(C)=O,CS(C)=O,CS(C)=O,79200.0,0.0
Brc1cccnc1,CC(C)(C)OC(N)=O,,CCN=P(N=P(N(C)C)(N(C)C)N(C)C)(N(C)C)N(C)C,CC(C)(C)[P](C(C)(C)C)(C(C)(C)C)->[Pd]1([Cl])<-[NH2]c2ccccc2-c2cccc[c]21,,CS(C)=O,CS(C)=O,CS(C)=O,CS(C)=O,79200.0,0.0
Brc1cccnc1,CCOC(=O)CC(=O)OCC,,CCN(CC)P1(=NC(C)(C)C)N(C)CCCN1C,CC1(C)c2cccc(P(c3ccccc3)c3ccccc3)c2Oc2c1cccc2[P](c1ccccc1)(c1ccccc1)->[Pd]1([Cl])<-[NH2]c2ccccc2-c2cccc[c]21,,CS(C)=O,CS(C)=O,CS(C)=O,CS(C)=O,79200.0,0.0
Brc1cccnc1,CCOC(=O)/C=C/c1ccccc1,,CN(C)C(=NC(C)(C)C)N(C)C,CC(C)c1cc(C(C)C)c(-c2ccccc2[P](C(C)(C)C)(C(C)(C)C)->[Pd]2(<-[NH2]c3ccccc3-c3cccc[c]32)[O]S(C)(=O)=O)c(C(C)C)c1,,CS(C)=O,CS(C)=O,CS(C)=O,CS(C)=O,79200.0,0.0
Brc1cccnc1,NS(=O)(=O)c1ccccc1,,CCN=P(N=P(N(C)C)(N(C)C)N(C)C)(N(C)C)N(C)C,CC(C)(C)[P](C(C)(C)C)(C(C)(C)C)->[Pd]1([Cl])<-[NH2]c2ccccc2-c2cccc[c]21,,CS(C)=O,CS(C)=O,CS(C)=O,CS(C)=O,79200.0,0.0
Brc1cccnc1,OCCCc1ccccc1,,C1CCC2=NCCCN2CC1,CC(C)(C)[P](C(C)(C)C)(C(C)(C)C)->[Pd]1([Cl])<-[NH2]c2ccccc2-c2cccc[c]21,,CS(C)=O,CS(C)=O,CS(C)=O,CS(C)=O,79200.0,0.0
Brc1cccnc1,OCCCc1ccccc1,,CCN=P(N=P(N(C)C)(N(C)C)N(C)C)(N(C)C)N(C)C,CS(=O)(=O)[O][Pd]1(<-[NH2]c2ccccc2-c2cccc[c]21)<-[P](c1ccccc1N1CCOCC1)(C12C[C@H]3C[C@@H](C1)C[C@@H](C2)C3)C12C[C@H]3C[C@@H](C1)C[C@@H](C2)C3,,CS(C)=O,CS(C)=O,CS(C)=O,CS(C)=O,79200.0,0.0
Brc1cccnc1,CC1(C)OB(c2cnn(Cc3ccccc3)c2)OC1(C)C,O,C1CCC2=NCCCN2CC1,CC(C)c1cc(C(C)C)c(-c2ccccc2[P](C(C)(C)C)(C(C)(C)C)->[Pd]2(<-[NH2]c3ccccc3-c3cccc[c]32)[O]S(C)(=O)=O)c(C(C)C)c1,,CS(C)=O,CS(C)=O,CS(C)=O,CS(C)=O,79200.0,5.071108341217041
Brc1cccnc1,c1ccc(Pc2ccccc2)cc1,,CCN=P(N=P(N(C)C)(N(C)C)N(C)C)(N(C)C)N(C)C,COc1ccc(OC)c([P](C2CCCCC2)(C2CCCCC2)->[Pd]2(<-[NH2]c3ccccc3-c3cccc[c]32)[O]S(C)(=O)=O)c1-c1c(C(C)C)cc(C(C)C)cc1C(C)C,,CS(C)=O,CS(C)=O,CS(C)=O,CS(C)=O,79200.0,0.0
Brc1cccnc1,C#Cc1ccc(CCCC)cc1,,CCN(CC)P1(=NC(C)(C)C)N(C)CCCN1C,CS(=O)(=O)[O][Pd]1(<-[NH2]c2ccccc2-c2cccc[c]21)<-[P](c1ccccc1)(c1ccccc1)c1ccc2ccccc2c1-c1c(P(c2ccccc2)c2ccccc2)ccc2ccccc12,,CS(C)=O,CS(C)=O,CS(C)=O,CS(C)=O,79200.0,5.065650939941406
Brc1cccnc1,CCOC(=O)CC(=O)OCC,,CN(C)C(=NC(C)(C)C)N(C)C,COc1ccc(C)c(-c2c(C(C)C)cc(C(C)C)cc2C(C)C)c1[P](C(C)(C)C)(C(C)(C)C)->[Pd]1(<-[NH2]c2ccccc2-c2cccc[c]21)[O]S(C)(=O)=O,,CS(C)=O,CS(C)=O,CS(C)=O,CS(C)=O,79200.0,0.14625370502471924
Brc1cccnc1,Nc1ccccc1,,CN(C)C(=NC(C)(C)C)N(C)C,CC(C)(C)P(C1=CC=C[CH]1[Fe][CH]1C=CC=C1[P](C(C)(C)C)(C(C)(C)C)->[Pd]1(<-[NH2]c2ccccc2-c2cccc[c]21)[O]S(C)(=O)=O)C(C)(C)C,,CS(C)=O,CS(C)=O,CS(C)=O,CS(C)=O,79200.0,0.6520779132843018
Brc1cccnc1,c1ccc(Pc2ccccc2)cc1,,C1CCC2=NCCCN2CC1,CS(=O)(=O)[O][Pd]1(<-[NH2]c2ccccc2-c2cccc[c]21)<-[P](c1ccccc1N1CCOCC1)(C12C[C@H]3C[C@@H](C1)C[C@@H](C2)C3)C12C[C@H]3C[C@@H](C1)C[C@@H](C2)C3,,CS(C)=O,CS(C)=O,CS(C)=O,CS(C)=O,79200.0,0.0
Brc1cccnc1,CC(C)(C)OC(N)=O,,CN1CCCN2CCCN=C12,COc1ccc(C)c(-c2c(C(C)C)cc(C(C)C)cc2C(C)C)c1[P](C(C)(C)C)(C(C)(C)C)->[Pd]1(<-[NH2]c2ccccc2-c2cccc[c]21)[O]S(C)(=O)=O,,CS(C)=O,CS(C)=O,CS(C)=O,CS(C)=O,79200.0,1.0235059261322021
Brc1cccnc1,CC(N)CCc1ccccc1,,CC(C)(C)N=P(N1CCCC1)(N1CCCC1)N1CCCC1,COc1ccc(OC)c([P](C23C[C@H]4C[C@@H](C2)C[C@@H](C3)C4)(C23C[C@H]4C[C@@H](C2)C[C@@H](C3)C4)->[Pd]2(<-[NH2]c3ccccc3-c3cccc[c]32)[O]S(C)(=O)=O)c1-c1c(C(C)C)cc(C(C)C)cc1C(C)C,,CS(C)=O,CS(C)=O,CS(C)=O,CS(C)=O,79200.0,1.6118512153625488
Brc1cccnc1,CC(C)(C)OC(N)=O,,CCN(CC)P1(=NC(C)(C)C)N(C)CCCN1C,CC(C)(C)P(C1=CC=C[CH]1[Fe][CH]1C=CC=C1[P](C(C)(C)C)(C(C)(C)C)->[Pd]1(<-[NH2]c2ccccc2-c2cccc[c]21)[O]S(C)(=O)=O)C(C)(C)C,,CS(C)=O,CS(C)=O,CS(C)=O,CS(C)=O,79200.0,0.0
Brc1cccnc1,Sc1ccccc1,,CC(C)(C)N=P(N1CCCC1)(N1CCCC1)N1CCCC1,CC12CC3(C)OC(C)(CC(C)(O1)[P]3(c1ccccc1)->[Pd]1(<-[NH2]c3ccccc3-c3cccc[c]31)[O]S(C)(=O)=O)O2,,CS(C)=O,CS(C)=O,CS(C)=O,CS(C)=O,79200.0,0.0
Brc1cccnc1,CCOC(=O)CC(=O)OCC,,CN(C)C(=NC(C)(C)C)N(C)C,CS(=O)(=O)[O][Pd]1(<-[NH2]c2ccccc2-c2cccc[c]21)<-[P](c1ccccc1N1CCOCC1)(C12C[C@H]3C[C@@H](C1)C[C@@H](C2)C3)C12C[C@H]3C[C@@H](C1)C[C@@H](C2)C3,,CS(C)=O,CS(C)=O,CS(C)=O,CS(C)=O,79200.0,0.10075106471776962
Brc1cccnc1,CC(N)CCc1ccccc1,,CN1CCCN2CCCN=C12,CC(C)Oc1cccc(OC(C)C)c1-c1ccccc1[P](C1CCCCC1)(C1CCCCC1)->[Pd]1([Cl])<-[NH2]c2ccccc2-c2cccc[c]21,,CS(C)=O,CS(C)=O,CS(C)=O,CS(C)=O,79200.0,0.0
Brc1cccnc1,NS(=O)(=O)c1ccccc1,,CC(C)(C)N=P(N1CCCC1)(N1CCCC1)N1CCCC1,CC12CC3(C)OC(C)(CC(C)(O1)[P]3(c1ccccc1)->[Pd]1(<-[NH2]c3ccccc3-c3cccc[c]31)[O]S(C)(=O)=O)O2,,CS(C)=O,CS(C)=O,CS(C)=O,CS(C)=O,79200.0,0.0
Brc1cccnc1,Oc1ccccc1,,C1CCC2=NCCCN2CC1,CC(C)Oc1cccc(OC(C)C)c1-c1ccccc1[P](C1CCCCC1)(C1CCCCC1)->[Pd]1([Cl])<-[NH2]c2ccccc2-c2cccc[c]21,,CS(C)=O,CS(C)=O,CS(C)=O,CS(C)=O,79200.0,0.0
Brc1cccnc1,c1ccc(Pc2ccccc2)cc1,,CCN=P(N=P(N(C)C)(N(C)C)N(C)C)(N(C)C)N(C)C,CC(C)(C)[P](c1ccc(N)cc1)(C(C)(C)C)->[Pd]1(<-[NH2]c2ccccc2-c2cccc[c]21)[O]S(C)(=O)=O,,CS(C)=O,CS(C)=O,CS(C)=O,CS(C)=O,79200.0,0.0
Brc1cccnc1,Nc1ccc(-c2ccccc2)cn1,,CN(C)C(=NC(C)(C)C)N(C)C,COc1ccc(C)c(-c2c(C(C)C)cc(C(C)C)cc2C(C)C)c1[P](C(C)(C)C)(C(C)(C)C)->[Pd]1(<-[NH2]c2ccccc2-c2cccc[c]21)[O]S(C)(=O)=O,,CS(C)=O,CS(C)=O,CS(C)=O,CS(C)=O,79200.0,9.583024978637695
Brc1cccnc1,c1ccc2[nH]ncc2c1,,C1CCC2=NCCCN2CC1,CC(C)Oc1cccc(OC(C)C)c1-c1ccccc1[P](C1CCCCC1)(C1CCCCC1)->[Pd]1([Cl])<-[NH2]c2ccccc2-c2cccc[c]21,,CS(C)=O,CS(C)=O,CS(C)=O,CS(C)=O,79200.0,0.0
Brc1cccnc1,Nc1ccc(-c2ccccc2)cn1,,CCN=P(N=P(N(C)C)(N(C)C)N(C)C)(N(C)C)N(C)C,COc1ccc(C)c(-c2c(C(C)C)cc(C(C)C)cc2C(C)C)c1[P](C(C)(C)C)(C(C)(C)C)->[Pd]1(<-[NH2]c2ccccc2-c2cccc[c]21)[O]S(C)(=O)=O,,CS(C)=O,CS(C)=O,CS(C)=O,CS(C)=O,79200.0,3.1695685386657715
Brc1cccnc1,c1ccc2[nH]ncc2c1,,CN1CCCN2CCCN=C12,CC1(C)c2cccc(P(c3ccccc3)c3ccccc3)c2Oc2c1cccc2[P](c1ccccc1)(c1ccccc1)->[Pd]1([Cl])<-[NH2]c2ccccc2-c2cccc[c]21,,CS(C)=O,CS(C)=O,CS(C)=O,CS(C)=O,79200.0,0.0
Brc1cccnc1,c1ccc2[nH]ncc2c1,,CN(C)C(=NC(C)(C)C)N(C)C,CC(C1=C([P](C2CCCCC2)(C2CCCCC2)->[Pd]2(<-[NH2]c3ccccc3-c3cccc[c]32)[O]S(C)(=O)=O)[CH]([Fe][CH]2C=CC=C2)C=C1)P(C(C)(C)C)C(C)(C)C,,CS(C)=O,CS(C)=O,CS(C)=O,CS(C)=O,79200.0,0.0
Brc1cccnc1,Oc1ccccc1,,CC(C)(C)N=P(N1CCCC1)(N1CCCC1)N1CCCC1,CS(=O)(=O)[O][Pd]1(<-[NH2]c2ccccc2-c2cccc[c]21)<-[P](C1=CC=C[CH]1[Fe][CH]1C=CC=C1P(c1ccccc1)c1ccccc1)(c1ccccc1)c1ccccc1,,CS(C)=O,CS(C)=O,CS(C)=O,CS(C)=O,79200.0,0.0
Brc1cccnc1,OCCCc1ccccc1,,CC(C)(C)N=P(N1CCCC1)(N1CCCC1)N1CCCC1,COc1ccc(OC)c([P](C23C[C@H]4C[C@@H](C2)C[C@@H](C3)C4)(C23C[C@H]4C[C@@H](C2)C[C@@H](C3)C4)->[Pd]2(<-[NH2]c3ccccc3-c3cccc[c]32)[O]S(C)(=O)=O)c1-c1c(C(C)C)cc(C(C)C)cc1C(C)C,,CS(C)=O,CS(C)=O,CS(C)=O,CS(C)=O,79200.0,0.864559531211853
Brc1cccnc1,c1ccc2[nH]ncc2c1,,CC(C)(C)N=P(N1CCCC1)(N1CCCC1)N1CCCC1,CS(=O)(=O)[O][Pd]1(<-[NH2]c2ccccc2-c2cccc[c]21)<-[P](C1=CC=C[CH]1[Fe][CH]1C=CC=C1P(c1ccccc1)c1ccccc1)(c1ccccc1)c1ccccc1,,CS(C)=O,CS(C)=O,CS(C)=O,CS(C)=O,79200.0,0.0
Brc1cccnc1,CCOC(=O)/C=C/c1ccccc1,,CCN(CC)P1(=NC(C)(C)C)N(C)CCCN1C,CC(C)Oc1cccc(OC(C)C)c1-c1ccccc1[P](C1CCCCC1)(C1CCCCC1)->[Pd]1([Cl])<-[NH2]c2ccccc2-c2cccc[c]21,,CS(C)=O,CS(C)=O,CS(C)=O,CS(C)=O,79200.0,0.0
Brc1cccnc1,CC(C)(C)OC(N)=O,,C1CCC2=NCCCN2CC1,CC(C)(C)[P](C(C)(C)C)(C(C)(C)C)->[Pd]1([Cl])<-[NH2]c2ccccc2-c2cccc[c]21,,CS(C)=O,CS(C)=O,CS(C)=O,CS(C)=O,79200.0,0.0
Brc1cccnc1,Oc1ccccc1,,CN1CCCN2CCCN=C12,CC(C)(C)[P](c1ccc(N)cc1)(C(C)(C)C)->[Pd]1(<-[NH2]c2ccccc2-c2cccc[c]21)[O]S(C)(=O)=O,,CS(C)=O,CS(C)=O,CS(C)=O,CS(C)=O,79200.0,0.0
Brc1cccnc1,CCOC(=O)/C=C/c1ccccc1,,CN(C)C(=NC(C)(C)C)N(C)C,CC1(C)c2cccc(P(c3ccccc3)c3ccccc3)c2Oc2c1cccc2[P](c1ccccc1)(c1ccccc1)->[Pd]1([Cl])<-[NH2]c2ccccc2-c2cccc[c]21,,CS(C)=O,CS(C)=O,CS(C)=O,CS(C)=O,79200.0,0.0
Brc1cccnc1,CC(N)CCc1ccccc1,,C1CCC2=NCCCN2CC1,COc1ccc(OC)c([P](C2CCCCC2)(C2CCCCC2)->[Pd]2(<-[NH2]c3ccccc3-c3cccc[c]32)[O]S(C)(=O)=O)c1-c1c(C(C)C)cc(C(C)C)cc1C(C)C,,CS(C)=O,CS(C)=O,CS(C)=O,CS(C)=O,79200.0,0.0
Brc1cccnc1,Sc1ccccc1,,CC(C)(C)N=P(N1CCCC1)(N1CCCC1)N1CCCC1,CS(=O)(=O)[O][Pd]1(<-[NH2]c2ccccc2-c2cccc[c]21)<-[P](c1ccccc1)(c1ccccc1)c1ccc2ccccc2c1-c1c(P(c2ccccc2)c2ccccc2)ccc2ccccc12,,CS(C)=O,CS(C)=O,CS(C)=O,CS(C)=O,79200.0,0.0
Brc1cccnc1,CC1(C)OB(c2cnn(Cc3ccccc3)c2)OC1(C)C,O,CN1CCCN2CCCN=C12,CS(=O)(=O)[O][Pd]1(<-[NH2]c2ccccc2-c2cccc[c]21)<-[P](c1ccccc1)(c1ccccc1)c1ccc2ccccc2c1-c1c(P(c2ccccc2)c2ccccc2)ccc2ccccc12,,CS(C)=O,CS(C)=O,CS(C)=O,CS(C)=O,79200.0,13.416348457336426
Brc1cccnc1,CCOC(=O)/C=C/c1ccccc1,,CC(C)(C)N=P(N1CCCC1)(N1CCCC1)N1CCCC1,CC(C)c1cc(C(C)C)c(-c2ccccc2[P](C2CCCCC2)(C2CCCCC2)->[Pd]2(<-[NH2]c3ccccc3-c3cccc[c]32)[O]S(C)(=O)=O)c(C(C)C)c1,,CS(C)=O,CS(C)=O,CS(C)=O,CS(C)=O,79200.0,0.0
Brc1cccnc1,NS(=O)(=O)c1ccccc1,,CC(C)(C)N=P(N1CCCC1)(N1CCCC1)N1CCCC1,CS(=O)(=O)[O][Pd]1(<-[NH2]c2ccccc2-c2cccc[c]21)<-[P](C1=CC=C[CH]1[Fe][CH]1C=CC=C1P(c1ccccc1)c1ccccc1)(c1ccccc1)c1ccccc1,,CS(C)=O,CS(C)=O,CS(C)=O,CS(C)=O,79200.0,0.0
Brc1cccnc1,CC1(C)OB(c2cnn(Cc3ccccc3)c2)OC1(C)C,O,CCN(CC)P1(=NC(C)(C)C)N(C)CCCN1C,CS(=O)(=O)[O][Pd]1(<-[NH2]c2ccccc2-c2cccc[c]21)<-[P](c1ccccc1)(c1ccccc1)c1ccc2ccccc2c1-c1c(P(c2ccccc2)c2ccccc2)ccc2ccccc12,,CS(C)=O,CS(C)=O,CS(C)=O,CS(C)=O,79200.0,5.73728609085083
Brc1cccnc1,c1ccc2[nH]ncc2c1,,CN(C)C(=NC(C)(C)C)N(C)C,COc1ccc(C)c(-c2c(C(C)C)cc(C(C)C)cc2C(C)C)c1[P](C(C)(C)C)(C(C)(C)C)->[Pd]1(<-[NH2]c2ccccc2-c2cccc[c]21)[O]S(C)(=O)=O,,CS(C)=O,CS(C)=O,CS(C)=O,CS(C)=O,79200.0,2.3600516319274902
Brc1cccnc1,OCCCc1ccccc1,,CN1CCCN2CCCN=C12,CC12CC3(C)OC(C)(CC(C)(O1)[P]3(c1ccccc1)->[Pd]1(<-[NH2]c3ccccc3-c3cccc[c]31)[O]S(C)(=O)=O)O2,,CS(C)=O,CS(C)=O,CS(C)=O,CS(C)=O,79200.0,0.0
Brc1cccnc1,CC1(C)OB(c2cnn(Cc3ccccc3)c2)OC1(C)C,O,CC(C)(C)N=P(N1CCCC1)(N1CCCC1)N1CCCC1,CC(C)Oc1cccc(OC(C)C)c1-c1ccccc1[P](C1CCCCC1)(C1CCCCC1)->[Pd]1([Cl])<-[NH2]c2ccccc2-c2cccc[c]21,,CS(C)=O,CS(C)=O,CS(C)=O,CS(C)=O,79200.0,10.761957168579102
Brc1cccnc1,C#Cc1ccc(CCCC)cc1,,C1CCC2=NCCCN2CC1,CC(C)(C)P(C1=CC=C[CH]1[Fe][CH]1C=CC=C1[P](C(C)(C)C)(C(C)(C)C)->[Pd]1(<-[NH2]c2ccccc2-c2cccc[c]21)[O]S(C)(=O)=O)C(C)(C)C,,CS(C)=O,CS(C)=O,CS(C)=O,CS(C)=O,79200.0,3.5406999588012695
Brc1cccnc1,Nc1ccccc1,,CCN(CC)P1(=NC(C)(C)C)N(C)CCCN1C,CS(=O)(=O)[O][Pd]1(<-[NH2]c2ccccc2-c2cccc[c]21)<-[P](c1ccccc1N1CCOCC1)(C12C[C@H]3C[C@@H](C1)C[C@@H](C2)C3)C12C[C@H]3C[C@@H](C1)C[C@@H](C2)C3,,CS(C)=O,CS(C)=O,CS(C)=O,CS(C)=O,79200.0,0.4004325866699219
Brc1cccnc1,NS(=O)(=O)c1ccccc1,,C1CCC2=NCCCN2CC1,CC(C)c1cc(C(C)C)c(-c2ccccc2[P](C(C)(C)C)(C(C)(C)C)->[Pd]2(<-[NH2]c3ccccc3-c3cccc[c]32)[O]S(C)(=O)=O)c(C(C)C)c1,,CS(C)=O,CS(C)=O,CS(C)=O,CS(C)=O,79200.0,1.5379376411437988
Brc1cccnc1,N=C(N)Cc1ccccc1,,CN(C)C(=NC(C)(C)C)N(C)C,CC(C)c1cc(C(C)C)c(-c2ccccc2[P](C(C)(C)C)(C(C)(C)C)->[Pd]2(<-[NH2]c3ccccc3-c3cccc[c]32)[O]S(C)(=O)=O)c(C(C)C)c1,,CS(C)=O,CS(C)=O,CS(C)=O,CS(C)=O,79200.0,0.0
Brc1cccnc1,CCOC(=O)CC(=O)OCC,,CN(C)C(=NC(C)(C)C)N(C)C,CC1(C)c2cccc(P(c3ccccc3)c3ccccc3)c2Oc2c1cccc2[P](c1ccccc1)(c1ccccc1)->[Pd]1([Cl])<-[NH2]c2ccccc2-c2cccc[c]21,,CS(C)=O,CS(C)=O,CS(C)=O,CS(C)=O,79200.0,0.0
Brc1cccnc1,c1ccc(Pc2ccccc2)cc1,,CC(C)(C)N=P(N1CCCC1)(N1CCCC1)N1CCCC1,CC12CC3(C)OC(C)(CC(C)(O1)[P]3(c1ccccc1)->[Pd]1(<-[NH2]c3ccccc3-c3cccc[c]31)[O]S(C)(=O)=O)O2,,CS(C)=O,CS(C)=O,CS(C)=O,CS(C)=O,79200.0,0.0
Brc1cccnc1,CC(N)CCc1ccccc1,,CN1CCCN2CCCN=C12,CC12CC3(C)OC(C)(CC(C)(O1)[P]3(c1ccccc1)->[Pd]1(<-[NH2]c3ccccc3-c3cccc[c]31)[O]S(C)(=O)=O)O2,,CS(C)=O,CS(C)=O,CS(C)=O,CS(C)=O,79200.0,0.0
Brc1cccnc1,C#Cc1ccc(CCCC)cc1,,CN(C)C(=NC(C)(C)C)N(C)C,CS(=O)(=O)[O][Pd]1(<-[NH2]c2ccccc2-c2cccc[c]21)<-[P](c1ccccc1)(c1ccccc1)c1ccc2ccccc2c1-c1c(P(c2ccccc2)c2ccccc2)ccc2ccccc12,,CS(C)=O,CS(C)=O,CS(C)=O,CS(C)=O,79200.0,5.161676406860352
Brc1cccnc1,C#Cc1ccc(CCCC)cc1,,CN1CCCN2CCCN=C12,CC12CC3(C)OC(C)(CC(C)(O1)[P]3(c1ccccc1)->[Pd]1(<-[NH2]c3ccccc3-c3cccc[c]31)[O]S(C)(=O)=O)O2,,CS(C)=O,CS(C)=O,CS(C)=O,CS(C)=O,79200.0,17.056703567504883
Brc1cccnc1,NC(=O)c1ccccc1,,CC(C)(C)N=P(N1CCCC1)(N1CCCC1)N1CCCC1,COc1ccc(OC)c([P](C23C[C@H]4C[C@@H](C2)C[C@@H](C3)C4)(C23C[C@H]4C[C@@H](C2)C[C@@H](C3)C4)->[Pd]2(<-[NH2]c3ccccc3-c3cccc[c]32)[O]S(C)(=O)=O)c1-c1c(C(C)C)cc(C(C)C)cc1C(C)C,,CS(C)=O,CS(C)=O,CS(C)=O,CS(C)=O,79200.0,4.401683330535889
Brc1cccnc1,CCOC(=O)CC(=O)OCC,,CCN=P(N=P(N(C)C)(N(C)C)N(C)C)(N(C)C)N(C)C,CS(=O)(=O)[O][Pd]1(<-[NH2]c2ccccc2-c2cccc[c]21)<-[P](c1ccccc1)(c1ccccc1)c1ccc2ccccc2c1-c1c(P(c2ccccc2)c2ccccc2)ccc2ccccc12,,CS(C)=O,CS(C)=O,CS(C)=O,CS(C)=O,79200.0,0.30699631571769714
Brc1cccnc1,NC(=O)c1ccccc1,,CCN=P(N=P(N(C)C)(N(C)C)N(C)C)(N(C)C)N(C)C,COc1ccc(OC)c([P](C2CCCCC2)(C2CCCCC2)->[Pd]2(<-[NH2]c3ccccc3-c3cccc[c]32)[O]S(C)(=O)=O)c1-c1c(C(C)C)cc(C(C)C)cc1C(C)C,,CS(C)=O,CS(C)=O,CS(C)=O,CS(C)=O,79200.0,0.1772635132074356
Brc1cccnc1,OCCCc1ccccc1,,CC(C)(C)N=P(N1CCCC1)(N1CCCC1)N1CCCC1,CC12CC3(C)OC(C)(CC(C)(O1)[P]3(c1ccccc1)->[Pd]1(<-[NH2]c3ccccc3-c3cccc[c]31)[O]S(C)(=O)=O)O2,,CS(C)=O,CS(C)=O,CS(C)=O,CS(C)=O,79200.0,0.0
Brc1cccnc1,CC1(C)OB(c2cnn(Cc3ccccc3)c2)OC1(C)C,O,CN1CCCN2CCCN=C12,CC(C1=C([P](C2CCCCC2)(C2CCCCC2)->[Pd]2(<-[NH2]c3ccccc3-c3cccc[c]32)[O]S(C)(=O)=O)[CH]([Fe][CH]2C=CC=C2)C=C1)P(C(C)(C)C)C(C)(C)C,,CS(C)=O,CS(C)=O,CS(C)=O,CS(C)=O,79200.0,2.5502943992614746
Brc1cccnc1,Nc1ccc(-c2ccccc2)cn1,,CCN=P(N=P(N(C)C)(N(C)C)N(C)C)(N(C)C)N(C)C,COc1ccc(OC)c([P](C23C[C@H]4C[C@@H](C2)C[C@@H](C3)C4)(C23C[C@H]4C[C@@H](C2)C[C@@H](C3)C4)->[Pd]2(<-[NH2]c3ccccc3-c3cccc[c]32)[O]S(C)(=O)=O)c1-c1c(C(C)C)cc(C(C)C)cc1C(C)C,,CS(C)=O,CS(C)=O,CS(C)=O,CS(C)=O,79200.0,5.384448528289795
Brc1cccnc1,Nc1ccc(-c2ccccc2)cn1,,C1CCC2=NCCCN2CC1,CS(=O)(=O)[O][Pd]1(<-[NH2]c2ccccc2-c2cccc[c]21)<-[P](C1=CC=C[CH]1[Fe][CH]1C=CC=C1P(c1ccccc1)c1ccccc1)(c1ccccc1)c1ccccc1,,CS(C)=O,CS(C)=O,CS(C)=O,CS(C)=O,79200.0,0.5054673552513123
Brc1cccnc1,c1ccc2[nH]ncc2c1,,CCN=P(N=P(N(C)C)(N(C)C)N(C)C)(N(C)C)N(C)C,CC(C1=C([P](C2CCCCC2)(C2CCCCC2)->[Pd]2(<-[NH2]c3ccccc3-c3cccc[c]32)[O]S(C)(=O)=O)[CH]([Fe][CH]2C=CC=C2)C=C1)P(C(C)(C)C)C(C)(C)C,,CS(C)=O,CS(C)=O,CS(C)=O,CS(C)=O,79200.0,0.0
Brc1cccnc1,Nc1ccc(-c2ccccc2)cn1,,CN1CCCN2CCCN=C12,CC(C)c1cc(C(C)C)c(-c2ccccc2[P](C2CCCCC2)(C2CCCCC2)->[Pd]2(<-[NH2]c3ccccc3-c3cccc[c]32)[O]S(C)(=O)=O)c(C(C)C)c1,,CS(C)=O,CS(C)=O,CS(C)=O,CS(C)=O,79200.0,0.3282911777496338
Brc1cccnc1,CC1(C)OB(c2cnn(Cc3ccccc3)c2)OC1(C)C,O,CCN(CC)P1(=NC(C)(C)C)N(C)CCCN1C,CS(=O)(=O)[O][Pd]1(<-[NH2]c2ccccc2-c2cccc[c]21)<-[P](C1=CC=C[CH]1[Fe][CH]1C=CC=C1P(c1ccccc1)c1ccccc1)(c1ccccc1)c1ccccc1,,CS(C)=O,CS(C)=O,CS(C)=O,CS(C)=O,79200.0,1.69856858253479
Brc1cccnc1,c1ccc2[nH]ncc2c1,,C1CCC2=NCCCN2CC1,CS(=O)(=O)[O][Pd]1(<-[NH2]c2ccccc2-c2cccc[c]21)<-[P](c1ccccc1N1CCOCC1)(C12C[C@H]3C[C@@H](C1)C[C@@H](C2)C3)C12C[C@H]3C[C@@H](C1)C[C@@H](C2)C3,,CS(C)=O,CS(C)=O,CS(C)=O,CS(C)=O,79200.0,0.0
Brc1cccnc1,c1ccc(Pc2ccccc2)cc1,,CC(C)(C)N=P(N1CCCC1)(N1CCCC1)N1CCCC1,COc1ccc(OC)c([P](C23C[C@H]4C[C@@H](C2)C[C@@H](C3)C4)(C23C[C@H]4C[C@@H](C2)C[C@@H](C3)C4)->[Pd]2(<-[NH2]c3ccccc3-c3cccc[c]32)[O]S(C)(=O)=O)c1-c1c(C(C)C)cc(C(C)C)cc1C(C)C,,CS(C)=O,CS(C)=O,CS(C)=O,CS(C)=O,79200.0,0.0
Brc1cccnc1,c1ccc2[nH]ncc2c1,,CC(C)(C)N=P(N1CCCC1)(N1CCCC1)N1CCCC1,CS(=O)(=O)[O][Pd]1(<-[NH2]c2ccccc2-c2cccc[c]21)<-[P](c1ccccc1N1CCOCC1)(C12C[C@H]3C[C@@H](C1)C[C@@H](C2)C3)C12C[C@H]3C[C@@H](C1)C[C@@H](C2)C3,,CS(C)=O,CS(C)=O,CS(C)=O,CS(C)=O,79200.0,0.0
Brc1cccnc1,CCOC(=O)/C=C/c1ccccc1,,CN1CCCN2CCCN=C12,CS(=O)(=O)[O][Pd]1(<-[NH2]c2ccccc2-c2cccc[c]21)<-[P](C1=CC=C[CH]1[Fe][CH]1C=CC=C1P(c1ccccc1)c1ccccc1)(c1ccccc1)c1ccccc1,,CS(C)=O,CS(C)=O,CS(C)=O,CS(C)=O,79200.0,0.0
Brc1cccnc1,OCCCc1ccccc1,,C1CCC2=NCCCN2CC1,CC(C1=C([P](C2CCCCC2)(C2CCCCC2)->[Pd]2(<-[NH2]c3ccccc3-c3cccc[c]32)[O]S(C)(=O)=O)[CH]([Fe][CH]2C=CC=C2)C=C1)P(C(C)(C)C)C(C)(C)C,,CS(C)=O,CS(C)=O,CS(C)=O,CS(C)=O,79200.0,0.0
Brc1cccnc1,CCOC(=O)/C=C/c1ccccc1,,CN(C)C(=NC(C)(C)C)N(C)C,CS(=O)(=O)[O][Pd]1(<-[NH2]c2ccccc2-c2cccc[c]21)<-[P](c1ccccc1)(c1ccccc1)c1ccc2ccccc2c1-c1c(P(c2ccccc2)c2ccccc2)ccc2ccccc12,,CS(C)=O,CS(C)=O,CS(C)=O,CS(C)=O,79200.0,0.0
Brc1cccnc1,CCOC(=O)CC(=O)OCC,,CN1CCCN2CCCN=C12,CC(C1=C([P](C2CCCCC2)(C2CCCCC2)->[Pd]2(<-[NH2]c3ccccc3-c3cccc[c]32)[O]S(C)(=O)=O)[CH]([Fe][CH]2C=CC=C2)C=C1)P(C(C)(C)C)C(C)(C)C,,CS(C)=O,CS(C)=O,CS(C)=O,CS(C)=O,79200.0,0.0
Brc1cccnc1,c1ccc(Pc2ccccc2)cc1,,CCN=P(N=P(N(C)C)(N(C)C)N(C)C)(N(C)C)N(C)C,CC(C)(C)P(C1=CC=C[CH]1[Fe][CH]1C=CC=C1[P](C(C)(C)C)(C(C)(C)C)->[Pd]1(<-[NH2]c2ccccc2-c2cccc[c]21)[O]S(C)(=O)=O)C(C)(C)C,,CS(C)=O,CS(C)=O,CS(C)=O,CS(C)=O,79200.0,0.0
Brc1cccnc1,NC(=O)c1ccccc1,,CN1CCCN2CCCN=C12,CS(=O)(=O)[O][Pd]1(<-[NH2]c2ccccc2-c2cccc[c]21)<-[P](c1ccccc1N1CCOCC1)(C12C[C@H]3C[C@@H](C1)C[C@@H](C2)C3)C12C[C@H]3C[C@@H](C1)C[C@@H](C2)C3,,CS(C)=O,CS(C)=O,CS(C)=O,CS(C)=O,79200.0,0.0
Brc1cccnc1,Sc1ccccc1,,C1CCC2=NCCCN2CC1,COc1ccc(OC)c([P](C23C[C@H]4C[C@@H](C2)C[C@@H](C3)C4)(C23C[C@H]4C[C@@H](C2)C[C@@H](C3)C4)->[Pd]2(<-[NH2]c3ccccc3-c3cccc[c]32)[O]S(C)(=O)=O)c1-c1c(C(C)C)cc(C(C)C)cc1C(C)C,,CS(C)=O,CS(C)=O,CS(C)=O,CS(C)=O,79200.0,0.0
Brc1cccnc1,NS(=O)(=O)c1ccccc1,,C1CCC2=NCCCN2CC1,CS(=O)(=O)[O][Pd]1(<-[NH2]c2ccccc2-c2cccc[c]21)<-[P](C1=CC=C[CH]1[Fe][CH]1C=CC=C1P(c1ccccc1)c1ccccc1)(c1ccccc1)c1ccccc1,,CS(C)=O,CS(C)=O,CS(C)=O,CS(C)=O,79200.0,0.0
Brc1cccnc1,NC(=O)c1ccccc1,,CN1CCCN2CCCN=C12,CC(C)c1cc(C(C)C)c(-c2ccccc2[P](C(C)(C)C)(C(C)(C)C)->[Pd]2(<-[NH2]c3ccccc3-c3cccc[c]32)[O]S(C)(=O)=O)c(C(C)C)c1,,CS(C)=O,CS(C)=O,CS(C)=O,CS(C)=O,79200.0,14.025233268737793
Brc1cccnc1,c1ccc2[nH]ncc2c1,,CN1CCCN2CCCN=C12,CC12CC3(C)OC(C)(CC(C)(O1)[P]3(c1ccccc1)->[Pd]1(<-[NH2]c3ccccc3-c3cccc[c]31)[O]S(C)(=O)=O)O2,,CS(C)=O,CS(C)=O,CS(C)=O,CS(C)=O,79200.0,0.0
Brc1cccnc1,Nc1ccccc1,,C1CCC2=NCCCN2CC1,CC(C)(C)P(C1=CC=C[CH]1[Fe][CH]1C=CC=C1[P](C(C)(C)C)(C(C)(C)C)->[Pd]1(<-[NH2]c2ccccc2-c2cccc[c]21)[O]S(C)(=O)=O)C(C)(C)C,,CS(C)=O,CS(C)=O,CS(C)=O,CS(C)=O,79200.0,0.0
Brc1cccnc1,CCOC(=O)CC(=O)OCC,,CN1CCCN2CCCN=C12,CC12CC3(C)OC(C)(CC(C)(O1)[P]3(c1ccccc1)->[Pd]1(<-[NH2]c3ccccc3-c3cccc[c]31)[O]S(C)(=O)=O)O2,,CS(C)=O,CS(C)=O,CS(C)=O,CS(C)=O,79200.0,0.0
Brc1cccnc1,c1ccc2[nH]ncc2c1,,CCN=P(N=P(N(C)C)(N(C)C)N(C)C)(N(C)C)N(C)C,CC(C)c1cc(C(C)C)c(-c2ccccc2[P](C(C)(C)C)(C(C)(C)C)->[Pd]2(<-[NH2]c3ccccc3-c3cccc[c]32)[O]S(C)(=O)=O)c(C(C)C)c1,,CS(C)=O,CS(C)=O,CS(C)=O,CS(C)=O,79200.0,0.292222797870636
Brc1cccnc1,C#Cc1ccc(CCCC)cc1,,CCN=P(N=P(N(C)C)(N(C)C)N(C)C)(N(C)C)N(C)C,COc1ccc(OC)c([P](C2CCCCC2)(C2CCCCC2)->[Pd]2(<-[NH2]c3ccccc3-c3cccc[c]32)[O]S(C)(=O)=O)c1-c1c(C(C)C)cc(C(C)C)cc1C(C)C,,CS(C)=O,CS(C)=O,CS(C)=O,CS(C)=O,79200.0,11.713654518127441
Brc1cccnc1,CC1(C)OB(c2cnn(Cc3ccccc3)c2)OC1(C)C,O,C1CCC2=NCCCN2CC1,CS(=O)(=O)[O][Pd]1(<-[NH2]c2ccccc2-c2cccc[c]21)<-[P](c1ccccc1N1CCOCC1)(C12C[C@H]3C[C@@H](C1)C[C@@H](C2)C3)C12C[C@H]3C[C@@H](C1)C[C@@H](C2)C3,,CS(C)=O,CS(C)=O,CS(C)=O,CS(C)=O,79200.0,0.0
Brc1cccnc1,CCOC(=O)CC(=O)OCC,,CC(C)(C)N=P(N1CCCC1)(N1CCCC1)N1CCCC1,COc1ccc(OC)c([P](C2CCCCC2)(C2CCCCC2)->[Pd]2(<-[NH2]c3ccccc3-c3cccc[c]32)[O]S(C)(=O)=O)c1-c1c(C(C)C)cc(C(C)C)cc1C(C)C,,CS(C)=O,CS(C)=O,CS(C)=O,CS(C)=O,79200.0,0.2379675954580307
Brc1cccnc1,NS(=O)(=O)c1ccccc1,,C1CCC2=NCCCN2CC1,CC(C)(C)[P](c1ccc(N)cc1)(C(C)(C)C)->[Pd]1(<-[NH2]c2ccccc2-c2cccc[c]21)[O]S(C)(=O)=O,,CS(C)=O,CS(C)=O,CS(C)=O,CS(C)=O,79200.0,0.0
Brc1cccnc1,CC(C)(C)OC(N)=O,,CN1CCCN2CCCN=C12,CC(C)(C)P(C1=CC=C[CH]1[Fe][CH]1C=CC=C1[P](C(C)(C)C)(C(C)(C)C)->[Pd]1(<-[NH2]c2ccccc2-c2cccc[c]21)[O]S(C)(=O)=O)C(C)(C)C,,CS(C)=O,CS(C)=O,CS(C)=O,CS(C)=O,79200.0,0.0
Brc1cccnc1,Nc1ccccc1,,C1CCC2=NCCCN2CC1,CC12CC3(C)OC(C)(CC(C)(O1)[P]3(c1ccccc1)->[Pd]1(<-[NH2]c3ccccc3-c3cccc[c]31)[O]S(C)(=O)=O)O2,,CS(C)=O,CS(C)=O,CS(C)=O,CS(C)=O,79200.0,0.0
Brc1cccnc1,C#Cc1ccc(CCCC)cc1,,CN(C)C(=NC(C)(C)C)N(C)C,CC(C)(C)[P](C(C)(C)C)(C(C)(C)C)->[Pd]1([Cl])<-[NH2]c2ccccc2-c2cccc[c]21,,CS(C)=O,CS(C)=O,CS(C)=O,CS(C)=O,79200.0,19.2121639251709
Brc1cccnc1,CC(C)(C)OC(N)=O,,CCN(CC)P1(=NC(C)(C)C)N(C)CCCN1C,CC(C)Oc1cccc(OC(C)C)c1-c1ccccc1[P](C1CCCCC1)(C1CCCCC1)->[Pd]1([Cl])<-[NH2]c2ccccc2-c2cccc[c]21,,CS(C)=O,CS(C)=O,CS(C)=O,CS(C)=O,79200.0,0.0
Brc1cccnc1,Sc1ccccc1,,CCN=P(N=P(N(C)C)(N(C)C)N(C)C)(N(C)C)N(C)C,CC(C)Oc1cccc(OC(C)C)c1-c1ccccc1[P](C1CCCCC1)(C1CCCCC1)->[Pd]1([Cl])<-[NH2]c2ccccc2-c2cccc[c]21,,CS(C)=O,CS(C)=O,CS(C)=O,CS(C)=O,79200.0,0.0
Brc1cccnc1,c1ccc(Pc2ccccc2)cc1,,CCN(CC)P1(=NC(C)(C)C)N(C)CCCN1C,COc1ccc(OC)c([P](C23C[C@H]4C[C@@H](C2)C[C@@H](C3)C4)(C23C[C@H]4C[C@@H](C2)C[C@@H](C3)C4)->[Pd]2(<-[NH2]c3ccccc3-c3cccc[c]32)[O]S(C)(=O)=O)c1-c1c(C(C)C)cc(C(C)C)cc1C(C)C,,CS(C)=O,CS(C)=O,CS(C)=O,CS(C)=O,79200.0,0.0
Brc1cccnc1,C#Cc1ccc(CCCC)cc1,,CC(C)(C)N=P(N1CCCC1)(N1CCCC1)N1CCCC1,CC(C)(C)[P](C(C)(C)C)(C(C)(C)C)->[Pd]1([Cl])<-[NH2]c2ccccc2-c2cccc[c]21,,CS(C)=O,CS(C)=O,CS(C)=O,CS(C)=O,79200.0,14.226455688476562
Brc1cccnc1,C#Cc1ccc(CCCC)cc1,,CN1CCCN2CCCN=C12,CC(C)c1cc(C(C)C)c(-c2ccccc2[P](C2CCCCC2)(C2CCCCC2)->[Pd]2(<-[NH2]c3ccccc3-c3cccc[c]32)[O]S(C)(=O)=O)c(C(C)C)c1,,CS(C)=O,CS(C)=O,CS(C)=O,CS(C)=O,79200.0,20.683286666870117
Brc1cccnc1,CC(N)CCc1ccccc1,,CN(C)C(=NC(C)(C)C)N(C)C,CC(C)c1cc(C(C)C)c(-c2ccccc2[P](C2CCCCC2)(C2CCCCC2)->[Pd]2(<-[NH2]c3ccccc3-c3cccc[c]32)[O]S(C)(=O)=O)c(C(C)C)c1,,CS(C)=O,CS(C)=O,CS(C)=O,CS(C)=O,79200.0,0.0
Brc1cccnc1,OCCCc1ccccc1,,C1CCC2=NCCCN2CC1,CC(C)(C)P(C1=CC=C[CH]1[Fe][CH]1C=CC=C1[P](C(C)(C)C)(C(C)(C)C)->[Pd]1(<-[NH2]c2ccccc2-c2cccc[c]21)[O]S(C)(=O)=O)C(C)(C)C,,CS(C)=O,CS(C)=O,CS(C)=O,CS(C)=O,79200.0,0.0
Brc1cccnc1,Sc1ccccc1,,CN(C)C(=NC(C)(C)C)N(C)C,CC12CC3(C)OC(C)(CC(C)(O1)[P]3(c1ccccc1)->[Pd]1(<-[NH2]c3ccccc3-c3cccc[c]31)[O]S(C)(=O)=O)O2,,CS(C)=O,CS(C)=O,CS(C)=O,CS(C)=O,79200.0,0.0
Brc1cccnc1,Nc1ccc(-c2ccccc2)cn1,,CN1CCCN2CCCN=C12,COc1ccc(C)c(-c2c(C(C)C)cc(C(C)C)cc2C(C)C)c1[P](C(C)(C)C)(C(C)(C)C)->[Pd]1(<-[NH2]c2ccccc2-c2cccc[c]21)[O]S(C)(=O)=O,,CS(C)=O,CS(C)=O,CS(C)=O,CS(C)=O,79200.0,10.481338500976562
Brc1cccnc1,NS(=O)(=O)c1ccccc1,,CCN(CC)P1(=NC(C)(C)C)N(C)CCCN1C,CS(=O)(=O)[O][Pd]1(<-[NH2]c2ccccc2-c2cccc[c]21)<-[P](c1ccccc1)(c1ccccc1)c1ccc2ccccc2c1-c1c(P(c2ccccc2)c2ccccc2)ccc2ccccc12,,CS(C)=O,CS(C)=O,CS(C)=O,CS(C)=O,79200.0,0.0
Brc1cccnc1,Oc1ccccc1,,CCN=P(N=P(N(C)C)(N(C)C)N(C)C)(N(C)C)N(C)C,CC(C)(C)[P](C(C)(C)C)(C(C)(C)C)->[Pd]1([Cl])<-[NH2]c2ccccc2-c2cccc[c]21,,CS(C)=O,CS(C)=O,CS(C)=O,CS(C)=O,79200.0,0.0
Brc1cccnc1,NC(=O)c1ccccc1,,CN1CCCN2CCCN=C12,CC(C)(C)[P](c1ccc(N)cc1)(C(C)(C)C)->[Pd]1(<-[NH2]c2ccccc2-c2cccc[c]21)[O]S(C)(=O)=O,,CS(C)=O,CS(C)=O,CS(C)=O,CS(C)=O,79200.0,0.0
Brc1cccnc1,Nc1ccccc1,,CCN(CC)P1(=NC(C)(C)C)N(C)CCCN1C,COc1ccc(OC)c([P](C(C)(C)C)(C(C)(C)C)->[Pd]2(<-[NH2]c3ccccc3-c3cccc[c]32)[O]S(C)(=O)=O)c1-c1c(C(C)C)cc(C(C)C)cc1C(C)C,,CS(C)=O,CS(C)=O,CS(C)=O,CS(C)=O,79200.0,1.5840004682540894
Brc1cccnc1,Nc1ccccc1,,CCN(CC)P1(=NC(C)(C)C)N(C)CCCN1C,CC(C)Oc1cccc(OC(C)C)c1-c1ccccc1[P](C1CCCCC1)(C1CCCCC1)->[Pd]1([Cl])<-[NH2]c2ccccc2-c2cccc[c]21,,CS(C)=O,CS(C)=O,CS(C)=O,CS(C)=O,79200.0,0.4386521875858307
Brc1cccnc1,Nc1ccccc1,,C1CCC2=NCCCN2CC1,COc1ccc(C)c(-c2c(C(C)C)cc(C(C)C)cc2C(C)C)c1[P](C(C)(C)C)(C(C)(C)C)->[Pd]1(<-[NH2]c2ccccc2-c2cccc[c]21)[O]S(C)(=O)=O,,CS(C)=O,CS(C)=O,CS(C)=O,CS(C)=O,79200.0,10.064767837524414
Brc1cccnc1,NS(=O)(=O)c1ccccc1,,CCN=P(N=P(N(C)C)(N(C)C)N(C)C)(N(C)C)N(C)C,CC(C1=C([P](C2CCCCC2)(C2CCCCC2)->[Pd]2(<-[NH2]c3ccccc3-c3cccc[c]32)[O]S(C)(=O)=O)[CH]([Fe][CH]2C=CC=C2)C=C1)P(C(C)(C)C)C(C)(C)C,,CS(C)=O,CS(C)=O,CS(C)=O,CS(C)=O,79200.0,0.0
Brc1cccnc1,CC(C)(C)OC(N)=O,,CN1CCCN2CCCN=C12,CS(=O)(=O)[O][Pd]1(<-[NH2]c2ccccc2-c2cccc[c]21)<-[P](C1=CC=C[CH]1[Fe][CH]1C=CC=C1P(c1ccccc1)c1ccccc1)(c1ccccc1)c1ccccc1,,CS(C)=O,CS(C)=O,CS(C)=O,CS(C)=O,79200.0,0.0
Brc1cccnc1,OCCCc1ccccc1,,CCN=P(N=P(N(C)C)(N(C)C)N(C)C)(N(C)C)N(C)C,CC(C1=C([P](C2CCCCC2)(C2CCCCC2)->[Pd]2(<-[NH2]c3ccccc3-c3cccc[c]32)[O]S(C)(=O)=O)[CH]([Fe][CH]2C=CC=C2)C=C1)P(C(C)(C)C)C(C)(C)C,,CS(C)=O,CS(C)=O,CS(C)=O,CS(C)=O,79200.0,0.0
Brc1cccnc1,C#Cc1ccc(CCCC)cc1,,C1CCC2=NCCCN2CC1,CC(C)(C)[P](C(C)(C)C)(C(C)(C)C)->[Pd]1([Cl])<-[NH2]c2ccccc2-c2cccc[c]21,,CS(C)=O,CS(C)=O,CS(C)=O,CS(C)=O,79200.0,2.9220080375671387
Brc1cccnc1,CCOC(=O)CC(=O)OCC,,C1CCC2=NCCCN2CC1,CC12CC3(C)OC(C)(CC(C)(O1)[P]3(c1ccccc1)->[Pd]1(<-[NH2]c3ccccc3-c3cccc[c]31)[O]S(C)(=O)=O)O2,,CS(C)=O,CS(C)=O,CS(C)=O,CS(C)=O,79200.0,0.0
Brc1cccnc1,Oc1ccccc1,,CCN=P(N=P(N(C)C)(N(C)C)N(C)C)(N(C)C)N(C)C,CC12CC3(C)OC(C)(CC(C)(O1)[P]3(c1ccccc1)->[Pd]1(<-[NH2]c3ccccc3-c3cccc[c]31)[O]S(C)(=O)=O)O2,,CS(C)=O,CS(C)=O,CS(C)=O,CS(C)=O,79200.0,0.0
Brc1cccnc1,C#Cc1ccc(CCCC)cc1,,C1CCC2=NCCCN2CC1,COc1ccc(OC)c([P](C23C[C@H]4C[C@@H](C2)C[C@@H](C3)C4)(C23C[C@H]4C[C@@H](C2)C[C@@H](C3)C4)->[Pd]2(<-[NH2]c3ccccc3-c3cccc[c]32)[O]S(C)(=O)=O)c1-c1c(C(C)C)cc(C(C)C)cc1C(C)C,,CS(C)=O,CS(C)=O,CS(C)=O,CS(C)=O,79200.0,3.029802083969116
Brc1cccnc1,c1ccc(Pc2ccccc2)cc1,,CCN=P(N=P(N(C)C)(N(C)C)N(C)C)(N(C)C)N(C)C,COc1ccc(OC)c([P](C23C[C@H]4C[C@@H](C2)C[C@@H](C3)C4)(C23C[C@H]4C[C@@H](C2)C[C@@H](C3)C4)->[Pd]2(<-[NH2]c3ccccc3-c3cccc[c]32)[O]S(C)(=O)=O)c1-c1c(C(C)C)cc(C(C)C)cc1C(C)C,,CS(C)=O,CS(C)=O,CS(C)=O,CS(C)=O,79200.0,0.0
Brc1cccnc1,c1ccc2[nH]ncc2c1,,C1CCC2=NCCCN2CC1,CC(C)(C)[P](c1ccc(N)cc1)(C(C)(C)C)->[Pd]1(<-[NH2]c2ccccc2-c2cccc[c]21)[O]S(C)(=O)=O,,CS(C)=O,CS(C)=O,CS(C)=O,CS(C)=O,79200.0,0.0
Brc1cccnc1,Oc1ccccc1,,C1CCC2=NCCCN2CC1,CC(C)(C)[P](c1ccc(N)cc1)(C(C)(C)C)->[Pd]1(<-[NH2]c2ccccc2-c2cccc[c]21)[O]S(C)(=O)=O,,CS(C)=O,CS(C)=O,CS(C)=O,CS(C)=O,79200.0,0.0
Brc1cccnc1,CC(C)(C)OC(N)=O,,CN1CCCN2CCCN=C12,CC(C)Oc1cccc(OC(C)C)c1-c1ccccc1[P](C1CCCCC1)(C1CCCCC1)->[Pd]1([Cl])<-[NH2]c2ccccc2-c2cccc[c]21,,CS(C)=O,CS(C)=O,CS(C)=O,CS(C)=O,79200.0,0.0
Brc1cccnc1,c1ccc(Pc2ccccc2)cc1,,CN(C)C(=NC(C)(C)C)N(C)C,CC(C)(C)[P](C(C)(C)C)(C(C)(C)C)->[Pd]1([Cl])<-[NH2]c2ccccc2-c2cccc[c]21,,CS(C)=O,CS(C)=O,CS(C)=O,CS(C)=O,79200.0,0.0
Brc1cccnc1,C#Cc1ccc(CCCC)cc1,,CCN=P(N=P(N(C)C)(N(C)C)N(C)C)(N(C)C)N(C)C,CS(=O)(=O)[O][Pd]1(<-[NH2]c2ccccc2-c2cccc[c]21)<-[P](C1=CC=C[CH]1[Fe][CH]1C=CC=C1P(c1ccccc1)c1ccccc1)(c1ccccc1)c1ccccc1,,CS(C)=O,CS(C)=O,CS(C)=O,CS(C)=O,79200.0,1.907536506652832
Brc1cccnc1,Oc1ccccc1,,C1CCC2=NCCCN2CC1,COc1ccc(OC)c([P](C(C)(C)C)(C(C)(C)C)->[Pd]2(<-[NH2]c3ccccc3-c3cccc[c]32)[O]S(C)(=O)=O)c1-c1c(C(C)C)cc(C(C)C)cc1C(C)C,,CS(C)=O,CS(C)=O,CS(C)=O,CS(C)=O,79200.0,0.0
Brc1cccnc1,CC(N)CCc1ccccc1,,CN1CCCN2CCCN=C12,CC(C)c1cc(C(C)C)c(-c2ccccc2[P](C(C)(C)C)(C(C)(C)C)->[Pd]2(<-[NH2]c3ccccc3-c3cccc[c]32)[O]S(C)(=O)=O)c(C(C)C)c1,,CS(C)=O,CS(C)=O,CS(C)=O,CS(C)=O,79200.0,12.871050834655762
Brc1cccnc1,CC(C)(C)OC(N)=O,,CN(C)C(=NC(C)(C)C)N(C)C,CC(C)c1cc(C(C)C)c(-c2ccccc2[P](C(C)(C)C)(C(C)(C)C)->[Pd]2(<-[NH2]c3ccccc3-c3cccc[c]32)[O]S(C)(=O)=O)c(C(C)C)c1,,CS(C)=O,CS(C)=O,CS(C)=O,CS(C)=O,79200.0,7.401721000671387
Brc1cccnc1,Sc1ccccc1,,CC(C)(C)N=P(N1CCCC1)(N1CCCC1)N1CCCC1,COc1ccc(C)c(-c2c(C(C)C)cc(C(C)C)cc2C(C)C)c1[P](C(C)(C)C)(C(C)(C)C)->[Pd]1(<-[NH2]c2ccccc2-c2cccc[c]21)[O]S(C)(=O)=O,,CS(C)=O,CS(C)=O,CS(C)=O,CS(C)=O,79200.0,0.0
Brc1cccnc1,Sc1ccccc1,,CCN(CC)P1(=NC(C)(C)C)N(C)CCCN1C,CC(C)(C)[P](C(C)(C)C)(C(C)(C)C)->[Pd]1([Cl])<-[NH2]c2ccccc2-c2cccc[c]21,,CS(C)=O,CS(C)=O,CS(C)=O,CS(C)=O,79200.0,0.0
Brc1cccnc1,CC1(C)OB(c2cnn(Cc3ccccc3)c2)OC1(C)C,O,CCN=P(N=P(N(C)C)(N(C)C)N(C)C)(N(C)C)N(C)C,CS(=O)(=O)[O][Pd]1(<-[NH2]c2ccccc2-c2cccc[c]21)<-[P](c1ccccc1N1CCOCC1)(C12C[C@H]3C[C@@H](C1)C[C@@H](C2)C3)C12C[C@H]3C[C@@H](C1)C[C@@H](C2)C3,,CS(C)=O,CS(C)=O,CS(C)=O,CS(C)=O,79200.0,0.2507267892360687
Brc1cccnc1,CCOC(=O)CC(=O)OCC,,CCN=P(N=P(N(C)C)(N(C)C)N(C)C)(N(C)C)N(C)C,CC(C)c1cc(C(C)C)c(-c2ccccc2[P](C2CCCCC2)(C2CCCCC2)->[Pd]2(<-[NH2]c3ccccc3-c3cccc[c]32)[O]S(C)(=O)=O)c(C(C)C)c1,,CS(C)=O,CS(C)=O,CS(C)=O,CS(C)=O,79200.0,0.0
Brc1cccnc1,c1ccc2[nH]ncc2c1,,CN(C)C(=NC(C)(C)C)N(C)C,CC(C)(C)[P](c1ccc(N)cc1)(C(C)(C)C)->[Pd]1(<-[NH2]c2ccccc2-c2cccc[c]21)[O]S(C)(=O)=O,,CS(C)=O,CS(C)=O,CS(C)=O,CS(C)=O,79200.0,0.0
Brc1cccnc1,C#Cc1ccc(CCCC)cc1,,CC(C)(C)N=P(N1CCCC1)(N1CCCC1)N1CCCC1,CS(=O)(=O)[O][Pd]1(<-[NH2]c2ccccc2-c2cccc[c]21)<-[P](c1ccccc1)(c1ccccc1)c1ccc2ccccc2c1-c1c(P(c2ccccc2)c2ccccc2)ccc2ccccc12,,CS(C)=O,CS(C)=O,CS(C)=O,CS(C)=O,79200.0,3.5189616680145264
Brc1cccnc1,Oc1ccccc1,,C1CCC2=NCCCN2CC1,CC12CC3(C)OC(C)(CC(C)(O1)[P]3(c1ccccc1)->[Pd]1(<-[NH2]c3ccccc3-c3cccc[c]31)[O]S(C)(=O)=O)O2,,CS(C)=O,CS(C)=O,CS(C)=O,CS(C)=O,79200.0,0.0
Brc1cccnc1,c1ccc2[nH]ncc2c1,,CC(C)(C)N=P(N1CCCC1)(N1CCCC1)N1CCCC1,COc1ccc(OC)c([P](C2CCCCC2)(C2CCCCC2)->[Pd]2(<-[NH2]c3ccccc3-c3cccc[c]32)[O]S(C)(=O)=O)c1-c1c(C(C)C)cc(C(C)C)cc1C(C)C,,CS(C)=O,CS(C)=O,CS(C)=O,CS(C)=O,79200.0,0.0
Brc1cccnc1,CC(C)(C)OC(N)=O,,CC(C)(C)N=P(N1CCCC1)(N1CCCC1)N1CCCC1,CC(C)(C)[P](C(C)(C)C)(C(C)(C)C)->[Pd]1([Cl])<-[NH2]c2ccccc2-c2cccc[c]21,,CS(C)=O,CS(C)=O,CS(C)=O,CS(C)=O,79200.0,0.0
Brc1cccnc1,CC(N)CCc1ccccc1,,CCN=P(N=P(N(C)C)(N(C)C)N(C)C)(N(C)C)N(C)C,CC(C)c1cc(C(C)C)c(-c2ccccc2[P](C(C)(C)C)(C(C)(C)C)->[Pd]2(<-[NH2]c3ccccc3-c3cccc[c]32)[O]S(C)(=O)=O)c(C(C)C)c1,,CS(C)=O,CS(C)=O,CS(C)=O,CS(C)=O,79200.0,14.066004753112793
Brc1cccnc1,NS(=O)(=O)c1ccccc1,,CN1CCCN2CCCN=C12,CC(C)c1cc(C(C)C)c(-c2ccccc2[P](C(C)(C)C)(C(C)(C)C)->[Pd]2(<-[NH2]c3ccccc3-c3cccc[c]32)[O]S(C)(=O)=O)c(C(C)C)c1,,CS(C)=O,CS(C)=O,CS(C)=O,CS(C)=O,79200.0,3.523232936859131
Brc1cccnc1,CCOC(=O)/C=C/c1ccccc1,,C1CCC2=NCCCN2CC1,COc1ccc(C)c(-c2c(C(C)C)cc(C(C)C)cc2C(C)C)c1[P](C(C)(C)C)(C(C)(C)C)->[Pd]1(<-[NH2]c2ccccc2-c2cccc[c]21)[O]S(C)(=O)=O,,CS(C)=O,CS(C)=O,CS(C)=O,CS(C)=O,79200.0,0.0
Brc1cccnc1,CC1(C)OB(c2cnn(Cc3ccccc3)c2)OC1(C)C,O,C1CCC2=NCCCN2CC1,CC(C)(C)[P](c1ccc(N)cc1)(C(C)(C)C)->[Pd]1(<-[NH2]c2ccccc2-c2cccc[c]21)[O]S(C)(=O)=O,,CS(C)=O,CS(C)=O,CS(C)=O,CS(C)=O,79200.0,1.3191758394241333
Brc1cccnc1,c1ccc(Pc2ccccc2)cc1,,CCN(CC)P1(=NC(C)(C)C)N(C)CCCN1C,CS(=O)(=O)[O][Pd]1(<-[NH2]c2ccccc2-c2cccc[c]21)<-[P](c1ccccc1)(c1ccccc1)c1ccc2ccccc2c1-c1c(P(c2ccccc2)c2ccccc2)ccc2ccccc12,,CS(C)=O,CS(C)=O,CS(C)=O,CS(C)=O,79200.0,0.0
Brc1cccnc1,CC(N)CCc1ccccc1,,CN1CCCN2CCCN=C12,CC(C)(C)[P](c1ccc(N)cc1)(C(C)(C)C)->[Pd]1(<-[NH2]c2ccccc2-c2cccc[c]21)[O]S(C)(=O)=O,,CS(C)=O,CS(C)=O,CS(C)=O,CS(C)=O,79200.0,0.4204707145690918
Brc1cccnc1,CCOC(=O)/C=C/c1ccccc1,,CN1CCCN2CCCN=C12,CC1(C)c2cccc(P(c3ccccc3)c3ccccc3)c2Oc2c1cccc2[P](c1ccccc1)(c1ccccc1)->[Pd]1([Cl])<-[NH2]c2ccccc2-c2cccc[c]21,,CS(C)=O,CS(C)=O,CS(C)=O,CS(C)=O,79200.0,0.0
Brc1cccnc1,NC(=O)c1ccccc1,,CCN(CC)P1(=NC(C)(C)C)N(C)CCCN1C,CC12CC3(C)OC(C)(CC(C)(O1)[P]3(c1ccccc1)->[Pd]1(<-[NH2]c3ccccc3-c3cccc[c]31)[O]S(C)(=O)=O)O2,,CS(C)=O,CS(C)=O,CS(C)=O,CS(C)=O,79200.0,0.0
Brc1cccnc1,NS(=O)(=O)c1ccccc1,,CCN=P(N=P(N(C)C)(N(C)C)N(C)C)(N(C)C)N(C)C,CC(C)(C)P(C1=CC=C[CH]1[Fe][CH]1C=CC=C1[P](C(C)(C)C)(C(C)(C)C)->[Pd]1(<-[NH2]c2ccccc2-c2cccc[c]21)[O]S(C)(=O)=O)C(C)(C)C,,CS(C)=O,CS(C)=O,CS(C)=O,CS(C)=O,79200.0,0.0
Brc1cccnc1,N=C(N)Cc1ccccc1,,CCN(CC)P1(=NC(C)(C)C)N(C)CCCN1C,CC(C)c1cc(C(C)C)c(-c2ccccc2[P](C2CCCCC2)(C2CCCCC2)->[Pd]2(<-[NH2]c3ccccc3-c3cccc[c]32)[O]S(C)(=O)=O)c(C(C)C)c1,,CS(C)=O,CS(C)=O,CS(C)=O,CS(C)=O,79200.0,0.0
Brc1cccnc1,Oc1ccccc1,,CN1CCCN2CCCN=C12,CC(C)(C)P(C1=CC=C[CH]1[Fe][CH]1C=CC=C1[P](C(C)(C)C)(C(C)(C)C)->[Pd]1(<-[NH2]c2ccccc2-c2cccc[c]21)[O]S(C)(=O)=O)C(C)(C)C,,CS(C)=O,CS(C)=O,CS(C)=O,CS(C)=O,79200.0,0.0
Brc1cccnc1,OCCCc1ccccc1,,CCN=P(N=P(N(C)C)(N(C)C)N(C)C)(N(C)C)N(C)C,CS(=O)(=O)[O][Pd]1(<-[NH2]c2ccccc2-c2cccc[c]21)<-[P](C1=CC=C[CH]1[Fe][CH]1C=CC=C1P(c1ccccc1)c1ccccc1)(c1ccccc1)c1ccccc1,,CS(C)=O,CS(C)=O,CS(C)=O,CS(C)=O,79200.0,0.0
Brc1cccnc1,c1ccc(Pc2ccccc2)cc1,,CN1CCCN2CCCN=C12,COc1ccc(C)c(-c2c(C(C)C)cc(C(C)C)cc2C(C)C)c1[P](C(C)(C)C)(C(C)(C)C)->[Pd]1(<-[NH2]c2ccccc2-c2cccc[c]21)[O]S(C)(=O)=O,,CS(C)=O,CS(C)=O,CS(C)=O,CS(C)=O,79200.0,0.0
Brc1cccnc1,NS(=O)(=O)c1ccccc1,,CN(C)C(=NC(C)(C)C)N(C)C,COc1ccc(OC)c([P](C23C[C@H]4C[C@@H](C2)C[C@@H](C3)C4)(C23C[C@H]4C[C@@H](C2)C[C@@H](C3)C4)->[Pd]2(<-[NH2]c3ccccc3-c3cccc[c]32)[O]S(C)(=O)=O)c1-c1c(C(C)C)cc(C(C)C)cc1C(C)C,,CS(C)=O,CS(C)=O,CS(C)=O,CS(C)=O,79200.0,4.7474565505981445
Brc1cccnc1,N=C(N)Cc1ccccc1,,CC(C)(C)N=P(N1CCCC1)(N1CCCC1)N1CCCC1,CS(=O)(=O)[O][Pd]1(<-[NH2]c2ccccc2-c2cccc[c]21)<-[P](C1=CC=C[CH]1[Fe][CH]1C=CC=C1P(c1ccccc1)c1ccccc1)(c1ccccc1)c1ccccc1,,CS(C)=O,CS(C)=O,CS(C)=O,CS(C)=O,79200.0,0.0
Brc1cccnc1,OCCCc1ccccc1,,CCN(CC)P1(=NC(C)(C)C)N(C)CCCN1C,CC(C)c1cc(C(C)C)c(-c2ccccc2[P](C(C)(C)C)(C(C)(C)C)->[Pd]2(<-[NH2]c3ccccc3-c3cccc[c]32)[O]S(C)(=O)=O)c(C(C)C)c1,,CS(C)=O,CS(C)=O,CS(C)=O,CS(C)=O,79200.0,0.3481898605823517
Brc1cccnc1,c1ccc2[nH]ncc2c1,,CCN(CC)P1(=NC(C)(C)C)N(C)CCCN1C,CC(C)(C)P(C1=CC=C[CH]1[Fe][CH]1C=CC=C1[P](C(C)(C)C)(C(C)(C)C)->[Pd]1(<-[NH2]c2ccccc2-c2cccc[c]21)[O]S(C)(=O)=O)C(C)(C)C,,CS(C)=O,CS(C)=O,CS(C)=O,CS(C)=O,79200.0,0.0
Brc1cccnc1,CC1(C)OB(c2cnn(Cc3ccccc3)c2)OC1(C)C,O,C1CCC2=NCCCN2CC1,CC(C)(C)P(C1=CC=C[CH]1[Fe][CH]1C=CC=C1[P](C(C)(C)C)(C(C)(C)C)->[Pd]1(<-[NH2]c2ccccc2-c2cccc[c]21)[O]S(C)(=O)=O)C(C)(C)C,,CS(C)=O,CS(C)=O,CS(C)=O,CS(C)=O,79200.0,5.6619744300842285
Brc1cccnc1,c1ccc(Pc2ccccc2)cc1,,CC(C)(C)N=P(N1CCCC1)(N1CCCC1)N1CCCC1,CC(C)(C)P(C1=CC=C[CH]1[Fe][CH]1C=CC=C1[P](C(C)(C)C)(C(C)(C)C)->[Pd]1(<-[NH2]c2ccccc2-c2cccc[c]21)[O]S(C)(=O)=O)C(C)(C)C,,CS(C)=O,CS(C)=O,CS(C)=O,CS(C)=O,79200.0,0.0
Brc1cccnc1,Sc1ccccc1,,CN1CCCN2CCCN=C12,CC(C)c1cc(C(C)C)c(-c2ccccc2[P](C(C)(C)C)(C(C)(C)C)->[Pd]2(<-[NH2]c3ccccc3-c3cccc[c]32)[O]S(C)(=O)=O)c(C(C)C)c1,,CS(C)=O,CS(C)=O,CS(C)=O,CS(C)=O,79200.0,0.0
Brc1cccnc1,C#Cc1ccc(CCCC)cc1,,CCN=P(N=P(N(C)C)(N(C)C)N(C)C)(N(C)C)N(C)C,CC(C)c1cc(C(C)C)c(-c2ccccc2[P](C(C)(C)C)(C(C)(C)C)->[Pd]2(<-[NH2]c3ccccc3-c3cccc[c]32)[O]S(C)(=O)=O)c(C(C)C)c1,,CS(C)=O,CS(C)=O,CS(C)=O,CS(C)=O,79200.0,20.27193832397461
Brc1cccnc1,CCOC(=O)CC(=O)OCC,,CCN(CC)P1(=NC(C)(C)C)N(C)CCCN1C,COc1ccc(OC)c([P](C23C[C@H]4C[C@@H](C2)C[C@@H](C3)C4)(C23C[C@H]4C[C@@H](C2)C[C@@H](C3)C4)->[Pd]2(<-[NH2]c3ccccc3-c3cccc[c]32)[O]S(C)(=O)=O)c1-c1c(C(C)C)cc(C(C)C)cc1C(C)C,,CS(C)=O,CS(C)=O,CS(C)=O,CS(C)=O,79200.0,1.4255733489990234
Brc1cccnc1,N=C(N)Cc1ccccc1,,CC(C)(C)N=P(N1CCCC1)(N1CCCC1)N1CCCC1,CC1(C)c2cccc(P(c3ccccc3)c3ccccc3)c2Oc2c1cccc2[P](c1ccccc1)(c1ccccc1)->[Pd]1([Cl])<-[NH2]c2ccccc2-c2cccc[c]21,,CS(C)=O,CS(C)=O,CS(C)=O,CS(C)=O,79200.0,0.0
Brc1cccnc1,CC1(C)OB(c2cnn(Cc3ccccc3)c2)OC1(C)C,O,CC(C)(C)N=P(N1CCCC1)(N1CCCC1)N1CCCC1,COc1ccc(C)c(-c2c(C(C)C)cc(C(C)C)cc2C(C)C)c1[P](C(C)(C)C)(C(C)(C)C)->[Pd]1(<-[NH2]c2ccccc2-c2cccc[c]21)[O]S(C)(=O)=O,,CS(C)=O,CS(C)=O,CS(C)=O,CS(C)=O,79200.0,2.615649700164795
Brc1cccnc1,C#Cc1ccc(CCCC)cc1,,CN1CCCN2CCCN=C12,CC(C)(C)[P](c1ccc(N)cc1)(C(C)(C)C)->[Pd]1(<-[NH2]c2ccccc2-c2cccc[c]21)[O]S(C)(=O)=O,,CS(C)=O,CS(C)=O,CS(C)=O,CS(C)=O,79200.0,18.835481643676758
Brc1cccnc1,c1ccc2[nH]ncc2c1,,CC(C)(C)N=P(N1CCCC1)(N1CCCC1)N1CCCC1,CC(C)(C)P(C1=CC=C[CH]1[Fe][CH]1C=CC=C1[P](C(C)(C)C)(C(C)(C)C)->[Pd]1(<-[NH2]c2ccccc2-c2cccc[c]21)[O]S(C)(=O)=O)C(C)(C)C,,CS(C)=O,CS(C)=O,CS(C)=O,CS(C)=O,79200.0,0.0
Brc1cccnc1,Sc1ccccc1,,CC(C)(C)N=P(N1CCCC1)(N1CCCC1)N1CCCC1,CS(=O)(=O)[O][Pd]1(<-[NH2]c2ccccc2-c2cccc[c]21)<-[P](C1=CC=C[CH]1[Fe][CH]1C=CC=C1P(c1ccccc1)c1ccccc1)(c1ccccc1)c1ccccc1,,CS(C)=O,CS(C)=O,CS(C)=O,CS(C)=O,79200.0,0.0
Brc1cccnc1,OCCCc1ccccc1,,CCN(CC)P1(=NC(C)(C)C)N(C)CCCN1C,CC(C)(C)P(C1=CC=C[CH]1[Fe][CH]1C=CC=C1[P](C(C)(C)C)(C(C)(C)C)->[Pd]1(<-[NH2]c2ccccc2-c2cccc[c]21)[O]S(C)(=O)=O)C(C)(C)C,,CS(C)=O,CS(C)=O,CS(C)=O,CS(C)=O,79200.0,0.0
Brc1cccnc1,CCOC(=O)/C=C/c1ccccc1,,CC(C)(C)N=P(N1CCCC1)(N1CCCC1)N1CCCC1,CS(=O)(=O)[O][Pd]1(<-[NH2]c2ccccc2-c2cccc[c]21)<-[P](C1=CC=C[CH]1[Fe][CH]1C=CC=C1P(c1ccccc1)c1ccccc1)(c1ccccc1)c1ccccc1,,CS(C)=O,CS(C)=O,CS(C)=O,CS(C)=O,79200.0,0.0
Brc1cccnc1,CCOC(=O)/C=C/c1ccccc1,,CN1CCCN2CCCN=C12,COc1ccc(OC)c([P](C(C)(C)C)(C(C)(C)C)->[Pd]2(<-[NH2]c3ccccc3-c3cccc[c]32)[O]S(C)(=O)=O)c1-c1c(C(C)C)cc(C(C)C)cc1C(C)C,,CS(C)=O,CS(C)=O,CS(C)=O,CS(C)=O,79200.0,0.0
Brc1cccnc1,CCOC(=O)/C=C/c1ccccc1,,C1CCC2=NCCCN2CC1,CS(=O)(=O)[O][Pd]1(<-[NH2]c2ccccc2-c2cccc[c]21)<-[P](c1ccccc1)(c1ccccc1)c1ccc2ccccc2c1-c1c(P(c2ccccc2)c2ccccc2)ccc2ccccc12,,CS(C)=O,CS(C)=O,CS(C)=O,CS(C)=O,79200.0,0.0
Brc1cccnc1,N=C(N)Cc1ccccc1,,CN1CCCN2CCCN=C12,CC(C)(C)P(C1=CC=C[CH]1[Fe][CH]1C=CC=C1[P](C(C)(C)C)(C(C)(C)C)->[Pd]1(<-[NH2]c2ccccc2-c2cccc[c]21)[O]S(C)(=O)=O)C(C)(C)C,,CS(C)=O,CS(C)=O,CS(C)=O,CS(C)=O,79200.0,0.0
Brc1cccnc1,NS(=O)(=O)c1ccccc1,,CC(C)(C)N=P(N1CCCC1)(N1CCCC1)N1CCCC1,CC(C)(C)[P](C(C)(C)C)(C(C)(C)C)->[Pd]1([Cl])<-[NH2]c2ccccc2-c2cccc[c]21,,CS(C)=O,CS(C)=O,CS(C)=O,CS(C)=O,79200.0,0.0
Brc1cccnc1,CC(C)(C)OC(N)=O,,CN1CCCN2CCCN=C12,COc1ccc(OC)c([P](C2CCCCC2)(C2CCCCC2)->[Pd]2(<-[NH2]c3ccccc3-c3cccc[c]32)[O]S(C)(=O)=O)c1-c1c(C(C)C)cc(C(C)C)cc1C(C)C,,CS(C)=O,CS(C)=O,CS(C)=O,CS(C)=O,79200.0,1.1988515853881836
Brc1cccnc1,CC1(C)OB(c2cnn(Cc3ccccc3)c2)OC1(C)C,O,CCN(CC)P1(=NC(C)(C)C)N(C)CCCN1C,COc1ccc(C)c(-c2c(C(C)C)cc(C(C)C)cc2C(C)C)c1[P](C(C)(C)C)(C(C)(C)C)->[Pd]1(<-[NH2]c2ccccc2-c2cccc[c]21)[O]S(C)(=O)=O,,CS(C)=O,CS(C)=O,CS(C)=O,CS(C)=O,79200.0,2.0851151943206787
Brc1cccnc1,Sc1ccccc1,,CC(C)(C)N=P(N1CCCC1)(N1CCCC1)N1CCCC1,COc1ccc(OC)c([P](C23C[C@H]4C[C@@H](C2)C[C@@H](C3)C4)(C23C[C@H]4C[C@@H](C2)C[C@@H](C3)C4)->[Pd]2(<-[NH2]c3ccccc3-c3cccc[c]32)[O]S(C)(=O)=O)c1-c1c(C(C)C)cc(C(C)C)cc1C(C)C,,CS(C)=O,CS(C)=O,CS(C)=O,CS(C)=O,79200.0,0.0
Brc1cccnc1,Oc1ccccc1,,CN(C)C(=NC(C)(C)C)N(C)C,CC12CC3(C)OC(C)(CC(C)(O1)[P]3(c1ccccc1)->[Pd]1(<-[NH2]c3ccccc3-c3cccc[c]31)[O]S(C)(=O)=O)O2,,CS(C)=O,CS(C)=O,CS(C)=O,CS(C)=O,79200.0,0.0
Brc1cccnc1,Sc1ccccc1,,CCN(CC)P1(=NC(C)(C)C)N(C)CCCN1C,CS(=O)(=O)[O][Pd]1(<-[NH2]c2ccccc2-c2cccc[c]21)<-[P](c1ccccc1)(c1ccccc1)c1ccc2ccccc2c1-c1c(P(c2ccccc2)c2ccccc2)ccc2ccccc12,,CS(C)=O,CS(C)=O,CS(C)=O,CS(C)=O,79200.0,0.0
Brc1cccnc1,NS(=O)(=O)c1ccccc1,,CN(C)C(=NC(C)(C)C)N(C)C,CC(C)c1cc(C(C)C)c(-c2ccccc2[P](C(C)(C)C)(C(C)(C)C)->[Pd]2(<-[NH2]c3ccccc3-c3cccc[c]32)[O]S(C)(=O)=O)c(C(C)C)c1,,CS(C)=O,CS(C)=O,CS(C)=O,CS(C)=O,79200.0,3.5452253818511963
Brc1cccnc1,Nc1ccc(-c2ccccc2)cn1,,CN1CCCN2CCCN=C12,CS(=O)(=O)[O][Pd]1(<-[NH2]c2ccccc2-c2cccc[c]21)<-[P](C1=CC=C[CH]1[Fe][CH]1C=CC=C1P(c1ccccc1)c1ccccc1)(c1ccccc1)c1ccccc1,,CS(C)=O,CS(C)=O,CS(C)=O,CS(C)=O,79200.0,0.295804500579834
Brc1cccnc1,CCOC(=O)/C=C/c1ccccc1,,C1CCC2=NCCCN2CC1,CC12CC3(C)OC(C)(CC(C)(O1)[P]3(c1ccccc1)->[Pd]1(<-[NH2]c3ccccc3-c3cccc[c]31)[O]S(C)(=O)=O)O2,,CS(C)=O,CS(C)=O,CS(C)=O,CS(C)=O,79200.0,0.0
Brc1cccnc1,CC(N)CCc1ccccc1,,CC(C)(C)N=P(N1CCCC1)(N1CCCC1)N1CCCC1,CS(=O)(=O)[O][Pd]1(<-[NH2]c2ccccc2-c2cccc[c]21)<-[P](c1ccccc1N1CCOCC1)(C12C[C@H]3C[C@@H](C1)C[C@@H](C2)C3)C12C[C@H]3C[C@@H](C1)C[C@@H](C2)C3,,CS(C)=O,CS(C)=O,CS(C)=O,CS(C)=O,79200.0,0.0
Brc1cccnc1,CC(N)CCc1ccccc1,,CN(C)C(=NC(C)(C)C)N(C)C,COc1ccc(C)c(-c2c(C(C)C)cc(C(C)C)cc2C(C)C)c1[P](C(C)(C)C)(C(C)(C)C)->[Pd]1(<-[NH2]c2ccccc2-c2cccc[c]21)[O]S(C)(=O)=O,,CS(C)=O,CS(C)=O,CS(C)=O,CS(C)=O,79200.0,6.774233341217041
Brc1cccnc1,NC(=O)c1ccccc1,,CCN=P(N=P(N(C)C)(N(C)C)N(C)C)(N(C)C)N(C)C,CC(C1=C([P](C2CCCCC2)(C2CCCCC2)->[Pd]2(<-[NH2]c3ccccc3-c3cccc[c]32)[O]S(C)(=O)=O)[CH]([Fe][CH]2C=CC=C2)C=C1)P(C(C)(C)C)C(C)(C)C,,CS(C)=O,CS(C)=O,CS(C)=O,CS(C)=O,79200.0,0.0
Brc1cccnc1,OCCCc1ccccc1,,CN(C)C(=NC(C)(C)C)N(C)C,CS(=O)(=O)[O][Pd]1(<-[NH2]c2ccccc2-c2cccc[c]21)<-[P](C1=CC=C[CH]1[Fe][CH]1C=CC=C1P(c1ccccc1)c1ccccc1)(c1ccccc1)c1ccccc1,,CS(C)=O,CS(C)=O,CS(C)=O,CS(C)=O,79200.0,0.0
Brc1cccnc1,C#Cc1ccc(CCCC)cc1,,CC(C)(C)N=P(N1CCCC1)(N1CCCC1)N1CCCC1,CC(C)(C)[P](c1ccc(N)cc1)(C(C)(C)C)->[Pd]1(<-[NH2]c2ccccc2-c2cccc[c]21)[O]S(C)(=O)=O,,CS(C)=O,CS(C)=O,CS(C)=O,CS(C)=O,79200.0,10.016347885131836
Brc1cccnc1,CCOC(=O)/C=C/c1ccccc1,,CC(C)(C)N=P(N1CCCC1)(N1CCCC1)N1CCCC1,CC(C1=C([P](C2CCCCC2)(C2CCCCC2)->[Pd]2(<-[NH2]c3ccccc3-c3cccc[c]32)[O]S(C)(=O)=O)[CH]([Fe][CH]2C=CC=C2)C=C1)P(C(C)(C)C)C(C)(C)C,,CS(C)=O,CS(C)=O,CS(C)=O,CS(C)=O,79200.0,0.0
Brc1cccnc1,CCOC(=O)/C=C/c1ccccc1,,CCN=P(N=P(N(C)C)(N(C)C)N(C)C)(N(C)C)N(C)C,COc1ccc(OC)c([P](C2CCCCC2)(C2CCCCC2)->[Pd]2(<-[NH2]c3ccccc3-c3cccc[c]32)[O]S(C)(=O)=O)c1-c1c(C(C)C)cc(C(C)C)cc1C(C)C,,CS(C)=O,CS(C)=O,CS(C)=O,CS(C)=O,79200.0,0.0
Brc1cccnc1,CCOC(=O)/C=C/c1ccccc1,,CC(C)(C)N=P(N1CCCC1)(N1CCCC1)N1CCCC1,CS(=O)(=O)[O][Pd]1(<-[NH2]c2ccccc2-c2cccc[c]21)<-[P](c1ccccc1)(c1ccccc1)c1ccc2ccccc2c1-c1c(P(c2ccccc2)c2ccccc2)ccc2ccccc12,,CS(C)=O,CS(C)=O,CS(C)=O,CS(C)=O,79200.0,0.0
Brc1cccnc1,CCOC(=O)CC(=O)OCC,,CCN=P(N=P(N(C)C)(N(C)C)N(C)C)(N(C)C)N(C)C,CC(C)c1cc(C(C)C)c(-c2ccccc2[P](C(C)(C)C)(C(C)(C)C)->[Pd]2(<-[NH2]c3ccccc3-c3cccc[c]32)[O]S(C)(=O)=O)c(C(C)C)c1,,CS(C)=O,CS(C)=O,CS(C)=O,CS(C)=O,79200.0,4.72932243347168
Brc1cccnc1,Oc1ccccc1,,CCN(CC)P1(=NC(C)(C)C)N(C)CCCN1C,COc1ccc(OC)c([P](C2CCCCC2)(C2CCCCC2)->[Pd]2(<-[NH2]c3ccccc3-c3cccc[c]32)[O]S(C)(=O)=O)c1-c1c(C(C)C)cc(C(C)C)cc1C(C)C,,CS(C)=O,CS(C)=O,CS(C)=O,CS(C)=O,79200.0,0.0
Brc1cccnc1,C#Cc1ccc(CCCC)cc1,,CC(C)(C)N=P(N1CCCC1)(N1CCCC1)N1CCCC1,COc1ccc(OC)c([P](C23C[C@H]4C[C@@H](C2)C[C@@H](C3)C4)(C23C[C@H]4C[C@@H](C2)C[C@@H](C3)C4)->[Pd]2(<-[NH2]c3ccccc3-c3cccc[c]32)[O]S(C)(=O)=O)c1-c1c(C(C)C)cc(C(C)C)cc1C(C)C,,CS(C)=O,CS(C)=O,CS(C)=O,CS(C)=O,79200.0,5.507575035095215
Brc1cccnc1,Oc1ccccc1,,C1CCC2=NCCCN2CC1,CS(=O)(=O)[O][Pd]1(<-[NH2]c2ccccc2-c2cccc[c]21)<-[P](c1ccccc1)(c1ccccc1)c1ccc2ccccc2c1-c1c(P(c2ccccc2)c2ccccc2)ccc2ccccc12,,CS(C)=O,CS(C)=O,CS(C)=O,CS(C)=O,79200.0,0.0
Brc1cccnc1,CC(N)CCc1ccccc1,,CN1CCCN2CCCN=C12,CC1(C)c2cccc(P(c3ccccc3)c3ccccc3)c2Oc2c1cccc2[P](c1ccccc1)(c1ccccc1)->[Pd]1([Cl])<-[NH2]c2ccccc2-c2cccc[c]21,,CS(C)=O,CS(C)=O,CS(C)=O,CS(C)=O,79200.0,0.0
Brc1cccnc1,c1ccc2[nH]ncc2c1,,CC(C)(C)N=P(N1CCCC1)(N1CCCC1)N1CCCC1,COc1ccc(OC)c([P](C23C[C@H]4C[C@@H](C2)C[C@@H](C3)C4)(C23C[C@H]4C[C@@H](C2)C[C@@H](C3)C4)->[Pd]2(<-[NH2]c3ccccc3-c3cccc[c]32)[O]S(C)(=O)=O)c1-c1c(C(C)C)cc(C(C)C)cc1C(C)C,,CS(C)=O,CS(C)=O,CS(C)=O,CS(C)=O,79200.0,3.156676769256592
Brc1cccnc1,CC(C)(C)OC(N)=O,,CN(C)C(=NC(C)(C)C)N(C)C,CC(C)(C)[P](c1ccc(N)cc1)(C(C)(C)C)->[Pd]1(<-[NH2]c2ccccc2-c2cccc[c]21)[O]S(C)(=O)=O,,CS(C)=O,CS(C)=O,CS(C)=O,CS(C)=O,79200.0,0.0
Brc1cccnc1,N=C(N)Cc1ccccc1,,CN1CCCN2CCCN=C12,CS(=O)(=O)[O][Pd]1(<-[NH2]c2ccccc2-c2cccc[c]21)<-[P](c1ccccc1N1CCOCC1)(C12C[C@H]3C[C@@H](C1)C[C@@H](C2)C3)C12C[C@H]3C[C@@H](C1)C[C@@H](C2)C3,,CS(C)=O,CS(C)=O,CS(C)=O,CS(C)=O,79200.0,0.0
Brc1cccnc1,C#Cc1ccc(CCCC)cc1,,CCN(CC)P1(=NC(C)(C)C)N(C)CCCN1C,CS(=O)(=O)[O][Pd]1(<-[NH2]c2ccccc2-c2cccc[c]21)<-[P](c1ccccc1N1CCOCC1)(C12C[C@H]3C[C@@H](C1)C[C@@H](C2)C3)C12C[C@H]3C[C@@H](C1)C[C@@H](C2)C3,,CS(C)=O,CS(C)=O,CS(C)=O,CS(C)=O,79200.0,1.807934284210205
Brc1cccnc1,Nc1ccccc1,,C1CCC2=NCCCN2CC1,CC(C)Oc1cccc(OC(C)C)c1-c1ccccc1[P](C1CCCCC1)(C1CCCCC1)->[Pd]1([Cl])<-[NH2]c2ccccc2-c2cccc[c]21,,CS(C)=O,CS(C)=O,CS(C)=O,CS(C)=O,79200.0,0.0
Brc1cccnc1,Oc1ccccc1,,CCN=P(N=P(N(C)C)(N(C)C)N(C)C)(N(C)C)N(C)C,CS(=O)(=O)[O][Pd]1(<-[NH2]c2ccccc2-c2cccc[c]21)<-[P](c1ccccc1)(c1ccccc1)c1ccc2ccccc2c1-c1c(P(c2ccccc2)c2ccccc2)ccc2ccccc12,,CS(C)=O,CS(C)=O,CS(C)=O,CS(C)=O,79200.0,0.0
Brc1cccnc1,c1ccc2[nH]ncc2c1,,CCN(CC)P1(=NC(C)(C)C)N(C)CCCN1C,COc1ccc(OC)c([P](C(C)(C)C)(C(C)(C)C)->[Pd]2(<-[NH2]c3ccccc3-c3cccc[c]32)[O]S(C)(=O)=O)c1-c1c(C(C)C)cc(C(C)C)cc1C(C)C,,CS(C)=O,CS(C)=O,CS(C)=O,CS(C)=O,79200.0,2.505664110183716
Brc1cccnc1,N=C(N)Cc1ccccc1,,CCN(CC)P1(=NC(C)(C)C)N(C)CCCN1C,CC(C)Oc1cccc(OC(C)C)c1-c1ccccc1[P](C1CCCCC1)(C1CCCCC1)->[Pd]1([Cl])<-[NH2]c2ccccc2-c2cccc[c]21,,CS(C)=O,CS(C)=O,CS(C)=O,CS(C)=O,79200.0,0.0
Brc1cccnc1,Oc1ccccc1,,C1CCC2=NCCCN2CC1,CS(=O)(=O)[O][Pd]1(<-[NH2]c2ccccc2-c2cccc[c]21)<-[P](c1ccccc1N1CCOCC1)(C12C[C@H]3C[C@@H](C1)C[C@@H](C2)C3)C12C[C@H]3C[C@@H](C1)C[C@@H](C2)C3,,CS(C)=O,CS(C)=O,CS(C)=O,CS(C)=O,79200.0,0.0
Brc1cccnc1,c1ccc(Pc2ccccc2)cc1,,CC(C)(C)N=P(N1CCCC1)(N1CCCC1)N1CCCC1,CS(=O)(=O)[O][Pd]1(<-[NH2]c2ccccc2-c2cccc[c]21)<-[P](c1ccccc1N1CCOCC1)(C12C[C@H]3C[C@@H](C1)C[C@@H](C2)C3)C12C[C@H]3C[C@@H](C1)C[C@@H](C2)C3,,CS(C)=O,CS(C)=O,CS(C)=O,CS(C)=O,79200.0,0.0
Brc1cccnc1,CC(N)CCc1ccccc1,,CCN(CC)P1(=NC(C)(C)C)N(C)CCCN1C,CS(=O)(=O)[O][Pd]1(<-[NH2]c2ccccc2-c2cccc[c]21)<-[P](C1=CC=C[CH]1[Fe][CH]1C=CC=C1P(c1ccccc1)c1ccccc1)(c1ccccc1)c1ccccc1,,CS(C)=O,CS(C)=O,CS(C)=O,CS(C)=O,79200.0,0.10038416087627411
Brc1cccnc1,Nc1ccccc1,,CCN=P(N=P(N(C)C)(N(C)C)N(C)C)(N(C)C)N(C)C,COc1ccc(C)c(-c2c(C(C)C)cc(C(C)C)cc2C(C)C)c1[P](C(C)(C)C)(C(C)(C)C)->[Pd]1(<-[NH2]c2ccccc2-c2cccc[c]21)[O]S(C)(=O)=O,,CS(C)=O,CS(C)=O,CS(C)=O,CS(C)=O,79200.0,5.835522174835205
Brc1cccnc1,CC(C)(C)OC(N)=O,,C1CCC2=NCCCN2CC1,CC12CC3(C)OC(C)(CC(C)(O1)[P]3(c1ccccc1)->[Pd]1(<-[NH2]c3ccccc3-c3cccc[c]31)[O]S(C)(=O)=O)O2,,CS(C)=O,CS(C)=O,CS(C)=O,CS(C)=O,79200.0,0.0
Brc1cccnc1,CCOC(=O)/C=C/c1ccccc1,,CN(C)C(=NC(C)(C)C)N(C)C,CC(C)Oc1cccc(OC(C)C)c1-c1ccccc1[P](C1CCCCC1)(C1CCCCC1)->[Pd]1([Cl])<-[NH2]c2ccccc2-c2cccc[c]21,,CS(C)=O,CS(C)=O,CS(C)=O,CS(C)=O,79200.0,0.0
Brc1cccnc1,OCCCc1ccccc1,,CN1CCCN2CCCN=C12,COc1ccc(OC)c([P](C23C[C@H]4C[C@@H](C2)C[C@@H](C3)C4)(C23C[C@H]4C[C@@H](C2)C[C@@H](C3)C4)->[Pd]2(<-[NH2]c3ccccc3-c3cccc[c]32)[O]S(C)(=O)=O)c1-c1c(C(C)C)cc(C(C)C)cc1C(C)C,,CS(C)=O,CS(C)=O,CS(C)=O,CS(C)=O,79200.0,3.536466598510742
Brc1cccnc1,CC1(C)OB(c2cnn(Cc3ccccc3)c2)OC1(C)C,O,C1CCC2=NCCCN2CC1,CC(C)c1cc(C(C)C)c(-c2ccccc2[P](C2CCCCC2)(C2CCCCC2)->[Pd]2(<-[NH2]c3ccccc3-c3cccc[c]32)[O]S(C)(=O)=O)c(C(C)C)c1,,CS(C)=O,CS(C)=O,CS(C)=O,CS(C)=O,79200.0,3.4788174629211426
Brc1cccnc1,c1ccc(Pc2ccccc2)cc1,,CCN=P(N=P(N(C)C)(N(C)C)N(C)C)(N(C)C)N(C)C,CS(=O)(=O)[O][Pd]1(<-[NH2]c2ccccc2-c2cccc[c]21)<-[P](c1ccccc1)(c1ccccc1)c1ccc2ccccc2c1-c1c(P(c2ccccc2)c2ccccc2)ccc2ccccc12,,CS(C)=O,CS(C)=O,CS(C)=O,CS(C)=O,79200.0,0.0
Brc1cccnc1,CCOC(=O)CC(=O)OCC,,CC(C)(C)N=P(N1CCCC1)(N1CCCC1)N1CCCC1,CC1(C)c2cccc(P(c3ccccc3)c3ccccc3)c2Oc2c1cccc2[P](c1ccccc1)(c1ccccc1)->[Pd]1([Cl])<-[NH2]c2ccccc2-c2cccc[c]21,,CS(C)=O,CS(C)=O,CS(C)=O,CS(C)=O,79200.0,0.0
Brc1cccnc1,Nc1ccc(-c2ccccc2)cn1,,CCN(CC)P1(=NC(C)(C)C)N(C)CCCN1C,CC(C)Oc1cccc(OC(C)C)c1-c1ccccc1[P](C1CCCCC1)(C1CCCCC1)->[Pd]1([Cl])<-[NH2]c2ccccc2-c2cccc[c]21,,CS(C)=O,CS(C)=O,CS(C)=O,CS(C)=O,79200.0,0.0
Brc1cccnc1,NC(=O)c1ccccc1,,CN1CCCN2CCCN=C12,COc1ccc(OC)c([P](C23C[C@H]4C[C@@H](C2)C[C@@H](C3)C4)(C23C[C@H]4C[C@@H](C2)C[C@@H](C3)C4)->[Pd]2(<-[NH2]c3ccccc3-c3cccc[c]32)[O]S(C)(=O)=O)c1-c1c(C(C)C)cc(C(C)C)cc1C(C)C,,CS(C)=O,CS(C)=O,CS(C)=O,CS(C)=O,79200.0,14.422381401062012
Brc1cccnc1,CC1(C)OB(c2cnn(Cc3ccccc3)c2)OC1(C)C,O,CCN(CC)P1(=NC(C)(C)C)N(C)CCCN1C,CC(C)c1cc(C(C)C)c(-c2ccccc2[P](C(C)(C)C)(C(C)(C)C)->[Pd]2(<-[NH2]c3ccccc3-c3cccc[c]32)[O]S(C)(=O)=O)c(C(C)C)c1,,CS(C)=O,CS(C)=O,CS(C)=O,CS(C)=O,79200.0,3.1362736225128174
Brc1cccnc1,Nc1ccc(-c2ccccc2)cn1,,CN1CCCN2CCCN=C12,CC(C)(C)[P](C(C)(C)C)(C(C)(C)C)->[Pd]1([Cl])<-[NH2]c2ccccc2-c2cccc[c]21,,CS(C)=O,CS(C)=O,CS(C)=O,CS(C)=O,79200.0,0.0
Brc1cccnc1,CC(N)CCc1ccccc1,,CN(C)C(=NC(C)(C)C)N(C)C,CC1(C)c2cccc(P(c3ccccc3)c3ccccc3)c2Oc2c1cccc2[P](c1ccccc1)(c1ccccc1)->[Pd]1([Cl])<-[NH2]c2ccccc2-c2cccc[c]21,,CS(C)=O,CS(C)=O,CS(C)=O,CS(C)=O,79200.0,0.0
Brc1cccnc1,CC1(C)OB(c2cnn(Cc3ccccc3)c2)OC1(C)C,O,CN1CCCN2CCCN=C12,COc1ccc(OC)c([P](C23C[C@H]4C[C@@H](C2)C[C@@H](C3)C4)(C23C[C@H]4C[C@@H](C2)C[C@@H](C3)C4)->[Pd]2(<-[NH2]c3ccccc3-c3cccc[c]32)[O]S(C)(=O)=O)c1-c1c(C(C)C)cc(C(C)C)cc1C(C)C,,CS(C)=O,CS(C)=O,CS(C)=O,CS(C)=O,79200.0,9.045815467834473
Brc1cccnc1,CCOC(=O)/C=C/c1ccccc1,,C1CCC2=NCCCN2CC1,CC(C)c1cc(C(C)C)c(-c2ccccc2[P](C2CCCCC2)(C2CCCCC2)->[Pd]2(<-[NH2]c3ccccc3-c3cccc[c]32)[O]S(C)(=O)=O)c(C(C)C)c1,,CS(C)=O,CS(C)=O,CS(C)=O,CS(C)=O,79200.0,0.0
Brc1cccnc1,Nc1ccccc1,,CCN=P(N=P(N(C)C)(N(C)C)N(C)C)(N(C)C)N(C)C,CC(C1=C([P](C2CCCCC2)(C2CCCCC2)->[Pd]2(<-[NH2]c3ccccc3-c3cccc[c]32)[O]S(C)(=O)=O)[CH]([Fe][CH]2C=CC=C2)C=C1)P(C(C)(C)C)C(C)(C)C,,CS(C)=O,CS(C)=O,CS(C)=O,CS(C)=O,79200.0,13.475708961486816
Brc1cccnc1,Oc1ccccc1,,CN(C)C(=NC(C)(C)C)N(C)C,COc1ccc(OC)c([P](C23C[C@H]4C[C@@H](C2)C[C@@H](C3)C4)(C23C[C@H]4C[C@@H](C2)C[C@@H](C3)C4)->[Pd]2(<-[NH2]c3ccccc3-c3cccc[c]32)[O]S(C)(=O)=O)c1-c1c(C(C)C)cc(C(C)C)cc1C(C)C,,CS(C)=O,CS(C)=O,CS(C)=O,CS(C)=O,79200.0,0.0
Brc1cccnc1,Nc1ccccc1,,CC(C)(C)N=P(N1CCCC1)(N1CCCC1)N1CCCC1,CC(C)(C)[P](C(C)(C)C)(C(C)(C)C)->[Pd]1([Cl])<-[NH2]c2ccccc2-c2cccc[c]21,,CS(C)=O,CS(C)=O,CS(C)=O,CS(C)=O,79200.0,2.468876838684082
Brc1cccnc1,CC(N)CCc1ccccc1,,CC(C)(C)N=P(N1CCCC1)(N1CCCC1)N1CCCC1,COc1ccc(C)c(-c2c(C(C)C)cc(C(C)C)cc2C(C)C)c1[P](C(C)(C)C)(C(C)(C)C)->[Pd]1(<-[NH2]c2ccccc2-c2cccc[c]21)[O]S(C)(=O)=O,,CS(C)=O,CS(C)=O,CS(C)=O,CS(C)=O,79200.0,6.782562732696533
Brc1cccnc1,Nc1ccc(-c2ccccc2)cn1,,CN1CCCN2CCCN=C12,COc1ccc(OC)c([P](C(C)(C)C)(C(C)(C)C)->[Pd]2(<-[NH2]c3ccccc3-c3cccc[c]32)[O]S(C)(=O)=O)c1-c1c(C(C)C)cc(C(C)C)cc1C(C)C,,CS(C)=O,CS(C)=O,CS(C)=O,CS(C)=O,79200.0,11.195256233215332
Brc1cccnc1,Sc1ccccc1,,CN(C)C(=NC(C)(C)C)N(C)C,CC1(C)c2cccc(P(c3ccccc3)c3ccccc3)c2Oc2c1cccc2[P](c1ccccc1)(c1ccccc1)->[Pd]1([Cl])<-[NH2]c2ccccc2-c2cccc[c]21,,CS(C)=O,CS(C)=O,CS(C)=O,CS(C)=O,79200.0,0.0
Brc1cccnc1,CCOC(=O)/C=C/c1ccccc1,,CN1CCCN2CCCN=C12,CC12CC3(C)OC(C)(CC(C)(O1)[P]3(c1ccccc1)->[Pd]1(<-[NH2]c3ccccc3-c3cccc[c]31)[O]S(C)(=O)=O)O2,,CS(C)=O,CS(C)=O,CS(C)=O,CS(C)=O,79200.0,0.0
Brc1cccnc1,CCOC(=O)CC(=O)OCC,,CC(C)(C)N=P(N1CCCC1)(N1CCCC1)N1CCCC1,CC(C)(C)[P](c1ccc(N)cc1)(C(C)(C)C)->[Pd]1(<-[NH2]c2ccccc2-c2cccc[c]21)[O]S(C)(=O)=O,,CS(C)=O,CS(C)=O,CS(C)=O,CS(C)=O,79200.0,0.26422783732414246
Brc1cccnc1,c1ccc(Pc2ccccc2)cc1,,CN(C)C(=NC(C)(C)C)N(C)C,COc1ccc(OC)c([P](C2CCCCC2)(C2CCCCC2)->[Pd]2(<-[NH2]c3ccccc3-c3cccc[c]32)[O]S(C)(=O)=O)c1-c1c(C(C)C)cc(C(C)C)cc1C(C)C,,CS(C)=O,CS(C)=O,CS(C)=O,CS(C)=O,79200.0,0.0
Brc1cccnc1,OCCCc1ccccc1,,C1CCC2=NCCCN2CC1,CC(C)(C)[P](c1ccc(N)cc1)(C(C)(C)C)->[Pd]1(<-[NH2]c2ccccc2-c2cccc[c]21)[O]S(C)(=O)=O,,CS(C)=O,CS(C)=O,CS(C)=O,CS(C)=O,79200.0,0.0
Brc1cccnc1,CCOC(=O)CC(=O)OCC,,CC(C)(C)N=P(N1CCCC1)(N1CCCC1)N1CCCC1,CC(C)(C)P(C1=CC=C[CH]1[Fe][CH]1C=CC=C1[P](C(C)(C)C)(C(C)(C)C)->[Pd]1(<-[NH2]c2ccccc2-c2cccc[c]21)[O]S(C)(=O)=O)C(C)(C)C,,CS(C)=O,CS(C)=O,CS(C)=O,CS(C)=O,79200.0,0.0
Brc1cccnc1,Nc1ccc(-c2ccccc2)cn1,,CCN(CC)P1(=NC(C)(C)C)N(C)CCCN1C,CC(C)c1cc(C(C)C)c(-c2ccccc2[P](C2CCCCC2)(C2CCCCC2)->[Pd]2(<-[NH2]c3ccccc3-c3cccc[c]32)[O]S(C)(=O)=O)c(C(C)C)c1,,CS(C)=O,CS(C)=O,CS(C)=O,CS(C)=O,79200.0,0.36253663897514343
Brc1cccnc1,Oc1ccccc1,,CC(C)(C)N=P(N1CCCC1)(N1CCCC1)N1CCCC1,CC(C)(C)[P](C(C)(C)C)(C(C)(C)C)->[Pd]1([Cl])<-[NH2]c2ccccc2-c2cccc[c]21,,CS(C)=O,CS(C)=O,CS(C)=O,CS(C)=O,79200.0,0.0
Brc1cccnc1,CC1(C)OB(c2cnn(Cc3ccccc3)c2)OC1(C)C,O,C1CCC2=NCCCN2CC1,CS(=O)(=O)[O][Pd]1(<-[NH2]c2ccccc2-c2cccc[c]21)<-[P](c1ccccc1)(c1ccccc1)c1ccc2ccccc2c1-c1c(P(c2ccccc2)c2ccccc2)ccc2ccccc12,,CS(C)=O,CS(C)=O,CS(C)=O,CS(C)=O,79200.0,0.0
Brc1cccnc1,OCCCc1ccccc1,,CCN(CC)P1(=NC(C)(C)C)N(C)CCCN1C,CC(C)Oc1cccc(OC(C)C)c1-c1ccccc1[P](C1CCCCC1)(C1CCCCC1)->[Pd]1([Cl])<-[NH2]c2ccccc2-c2cccc[c]21,,CS(C)=O,CS(C)=O,CS(C)=O,CS(C)=O,79200.0,0.0
Brc1cccnc1,CC(N)CCc1ccccc1,,CCN=P(N=P(N(C)C)(N(C)C)N(C)C)(N(C)C)N(C)C,CC(C1=C([P](C2CCCCC2)(C2CCCCC2)->[Pd]2(<-[NH2]c3ccccc3-c3cccc[c]32)[O]S(C)(=O)=O)[CH]([Fe][CH]2C=CC=C2)C=C1)P(C(C)(C)C)C(C)(C)C,,CS(C)=O,CS(C)=O,CS(C)=O,CS(C)=O,79200.0,0.4000760316848755
Brc1cccnc1,CCOC(=O)/C=C/c1ccccc1,,CCN(CC)P1(=NC(C)(C)C)N(C)CCCN1C,COc1ccc(OC)c([P](C2CCCCC2)(C2CCCCC2)->[Pd]2(<-[NH2]c3ccccc3-c3cccc[c]32)[O]S(C)(=O)=O)c1-c1c(C(C)C)cc(C(C)C)cc1C(C)C,,CS(C)=O,CS(C)=O,CS(C)=O,CS(C)=O,79200.0,0.0
Brc1cccnc1,Nc1ccccc1,,CC(C)(C)N=P(N1CCCC1)(N1CCCC1)N1CCCC1,CC(C)(C)P(C1=CC=C[CH]1[Fe][CH]1C=CC=C1[P](C(C)(C)C)(C(C)(C)C)->[Pd]1(<-[NH2]c2ccccc2-c2cccc[c]21)[O]S(C)(=O)=O)C(C)(C)C,,CS(C)=O,CS(C)=O,CS(C)=O,CS(C)=O,79200.0,2.653635025024414
Brc1cccnc1,CC(N)CCc1ccccc1,,CC(C)(C)N=P(N1CCCC1)(N1CCCC1)N1CCCC1,CC(C)c1cc(C(C)C)c(-c2ccccc2[P](C2CCCCC2)(C2CCCCC2)->[Pd]2(<-[NH2]c3ccccc3-c3cccc[c]32)[O]S(C)(=O)=O)c(C(C)C)c1,,CS(C)=O,CS(C)=O,CS(C)=O,CS(C)=O,79200.0,0.0
Brc1cccnc1,Nc1ccc(-c2ccccc2)cn1,,CC(C)(C)N=P(N1CCCC1)(N1CCCC1)N1CCCC1,CS(=O)(=O)[O][Pd]1(<-[NH2]c2ccccc2-c2cccc[c]21)<-[P](c1ccccc1N1CCOCC1)(C12C[C@H]3C[C@@H](C1)C[C@@H](C2)C3)C12C[C@H]3C[C@@H](C1)C[C@@H](C2)C3,,CS(C)=O,CS(C)=O,CS(C)=O,CS(C)=O,79200.0,0.22672320902347565
Brc1cccnc1,CC(N)CCc1ccccc1,,CC(C)(C)N=P(N1CCCC1)(N1CCCC1)N1CCCC1,CC(C)Oc1cccc(OC(C)C)c1-c1ccccc1[P](C1CCCCC1)(C1CCCCC1)->[Pd]1([Cl])<-[NH2]c2ccccc2-c2cccc[c]21,,CS(C)=O,CS(C)=O,CS(C)=O,CS(C)=O,79200.0,0.0
Brc1cccnc1,Oc1ccccc1,,CN1CCCN2CCCN=C12,CC(C1=C([P](C2CCCCC2)(C2CCCCC2)->[Pd]2(<-[NH2]c3ccccc3-c3cccc[c]32)[O]S(C)(=O)=O)[CH]([Fe][CH]2C=CC=C2)C=C1)P(C(C)(C)C)C(C)(C)C,,CS(C)=O,CS(C)=O,CS(C)=O,CS(C)=O,79200.0,0.0
Brc1cccnc1,c1ccc(Pc2ccccc2)cc1,,C1CCC2=NCCCN2CC1,CC(C)c1cc(C(C)C)c(-c2ccccc2[P](C(C)(C)C)(C(C)(C)C)->[Pd]2(<-[NH2]c3ccccc3-c3cccc[c]32)[O]S(C)(=O)=O)c(C(C)C)c1,,CS(C)=O,CS(C)=O,CS(C)=O,CS(C)=O,79200.0,0.0
Brc1cccnc1,CCOC(=O)/C=C/c1ccccc1,,CN(C)C(=NC(C)(C)C)N(C)C,COc1ccc(OC)c([P](C2CCCCC2)(C2CCCCC2)->[Pd]2(<-[NH2]c3ccccc3-c3cccc[c]32)[O]S(C)(=O)=O)c1-c1c(C(C)C)cc(C(C)C)cc1C(C)C,,CS(C)=O,CS(C)=O,CS(C)=O,CS(C)=O,79200.0,0.0
Brc1cccnc1,Nc1ccc(-c2ccccc2)cn1,,CN(C)C(=NC(C)(C)C)N(C)C,CS(=O)(=O)[O][Pd]1(<-[NH2]c2ccccc2-c2cccc[c]21)<-[P](c1ccccc1)(c1ccccc1)c1ccc2ccccc2c1-c1c(P(c2ccccc2)c2ccccc2)ccc2ccccc12,,CS(C)=O,CS(C)=O,CS(C)=O,CS(C)=O,79200.0,0.34296104311943054
Brc1cccnc1,Sc1ccccc1,,CN(C)C(=NC(C)(C)C)N(C)C,COc1ccc(C)c(-c2c(C(C)C)cc(C(C)C)cc2C(C)C)c1[P](C(C)(C)C)(C(C)(C)C)->[Pd]1(<-[NH2]c2ccccc2-c2cccc[c]21)[O]S(C)(=O)=O,,CS(C)=O,CS(C)=O,CS(C)=O,CS(C)=O,79200.0,0.0
Brc1cccnc1,CC1(C)OB(c2cnn(Cc3ccccc3)c2)OC1(C)C,O,C1CCC2=NCCCN2CC1,COc1ccc(OC)c([P](C(C)(C)C)(C(C)(C)C)->[Pd]2(<-[NH2]c3ccccc3-c3cccc[c]32)[O]S(C)(=O)=O)c1-c1c(C(C)C)cc(C(C)C)cc1C(C)C,,CS(C)=O,CS(C)=O,CS(C)=O,CS(C)=O,79200.0,4.115472793579102
Brc1cccnc1,c1ccc(Pc2ccccc2)cc1,,CCN=P(N=P(N(C)C)(N(C)C)N(C)C)(N(C)C)N(C)C,CC1(C)c2cccc(P(c3ccccc3)c3ccccc3)c2Oc2c1cccc2[P](c1ccccc1)(c1ccccc1)->[Pd]1([Cl])<-[NH2]c2ccccc2-c2cccc[c]21,,CS(C)=O,CS(C)=O,CS(C)=O,CS(C)=O,79200.0,0.0
Brc1cccnc1,c1ccc(Pc2ccccc2)cc1,,CN1CCCN2CCCN=C12,CC(C)(C)[P](C(C)(C)C)(C(C)(C)C)->[Pd]1([Cl])<-[NH2]c2ccccc2-c2cccc[c]21,,CS(C)=O,CS(C)=O,CS(C)=O,CS(C)=O,79200.0,0.0
Brc1cccnc1,CC1(C)OB(c2cnn(Cc3ccccc3)c2)OC1(C)C,O,CCN=P(N=P(N(C)C)(N(C)C)N(C)C)(N(C)C)N(C)C,CC(C)c1cc(C(C)C)c(-c2ccccc2[P](C(C)(C)C)(C(C)(C)C)->[Pd]2(<-[NH2]c3ccccc3-c3cccc[c]32)[O]S(C)(=O)=O)c(C(C)C)c1,,CS(C)=O,CS(C)=O,CS(C)=O,CS(C)=O,79200.0,19.746116638183594
Brc1cccnc1,CCOC(=O)/C=C/c1ccccc1,,CN1CCCN2CCCN=C12,CC(C)(C)P(C1=CC=C[CH]1[Fe][CH]1C=CC=C1[P](C(C)(C)C)(C(C)(C)C)->[Pd]1(<-[NH2]c2ccccc2-c2cccc[c]21)[O]S(C)(=O)=O)C(C)(C)C,,CS(C)=O,CS(C)=O,CS(C)=O,CS(C)=O,79200.0,0.0
Brc1cccnc1,Oc1ccccc1,,CCN=P(N=P(N(C)C)(N(C)C)N(C)C)(N(C)C)N(C)C,CS(=O)(=O)[O][Pd]1(<-[NH2]c2ccccc2-c2cccc[c]21)<-[P](C1=CC=C[CH]1[Fe][CH]1C=CC=C1P(c1ccccc1)c1ccccc1)(c1ccccc1)c1ccccc1,,CS(C)=O,CS(C)=O,CS(C)=O,CS(C)=O,79200.0,0.0
Brc1cccnc1,C#Cc1ccc(CCCC)cc1,,CCN=P(N=P(N(C)C)(N(C)C)N(C)C)(N(C)C)N(C)C,CC(C)(C)[P](C(C)(C)C)(C(C)(C)C)->[Pd]1([Cl])<-[NH2]c2ccccc2-c2cccc[c]21,,CS(C)=O,CS(C)=O,CS(C)=O,CS(C)=O,79200.0,15.530773162841797
Brc1cccnc1,c1ccc2[nH]ncc2c1,,C1CCC2=NCCCN2CC1,CS(=O)(=O)[O][Pd]1(<-[NH2]c2ccccc2-c2cccc[c]21)<-[P](c1ccccc1)(c1ccccc1)c1ccc2ccccc2c1-c1c(P(c2ccccc2)c2ccccc2)ccc2ccccc12,,CS(C)=O,CS(C)=O,CS(C)=O,CS(C)=O,79200.0,0.0
Brc1cccnc1,Nc1ccc(-c2ccccc2)cn1,,CN(C)C(=NC(C)(C)C)N(C)C,CC12CC3(C)OC(C)(CC(C)(O1)[P]3(c1ccccc1)->[Pd]1(<-[NH2]c3ccccc3-c3cccc[c]31)[O]S(C)(=O)=O)O2,,CS(C)=O,CS(C)=O,CS(C)=O,CS(C)=O,79200.0,0.0
Brc1cccnc1,Oc1ccccc1,,CN(C)C(=NC(C)(C)C)N(C)C,CC(C)(C)[P](C(C)(C)C)(C(C)(C)C)->[Pd]1([Cl])<-[NH2]c2ccccc2-c2cccc[c]21,,CS(C)=O,CS(C)=O,CS(C)=O,CS(C)=O,79200.0,0.0
Brc1cccnc1,c1ccc(Pc2ccccc2)cc1,,CCN(CC)P1(=NC(C)(C)C)N(C)CCCN1C,CC(C)(C)[P](c1ccc(N)cc1)(C(C)(C)C)->[Pd]1(<-[NH2]c2ccccc2-c2cccc[c]21)[O]S(C)(=O)=O,,CS(C)=O,CS(C)=O,CS(C)=O,CS(C)=O,79200.0,0.0
Brc1cccnc1,c1ccc2[nH]ncc2c1,,C1CCC2=NCCCN2CC1,COc1ccc(C)c(-c2c(C(C)C)cc(C(C)C)cc2C(C)C)c1[P](C(C)(C)C)(C(C)(C)C)->[Pd]1(<-[NH2]c2ccccc2-c2cccc[c]21)[O]S(C)(=O)=O,,CS(C)=O,CS(C)=O,CS(C)=O,CS(C)=O,79200.0,2.3135416507720947
Brc1cccnc1,NS(=O)(=O)c1ccccc1,,CN(C)C(=NC(C)(C)C)N(C)C,CC(C)(C)P(C1=CC=C[CH]1[Fe][CH]1C=CC=C1[P](C(C)(C)C)(C(C)(C)C)->[Pd]1(<-[NH2]c2ccccc2-c2cccc[c]21)[O]S(C)(=O)=O)C(C)(C)C,,CS(C)=O,CS(C)=O,CS(C)=O,CS(C)=O,79200.0,0.0
Brc1cccnc1,OCCCc1ccccc1,,CN1CCCN2CCCN=C12,CC(C)c1cc(C(C)C)c(-c2ccccc2[P](C(C)(C)C)(C(C)(C)C)->[Pd]2(<-[NH2]c3ccccc3-c3cccc[c]32)[O]S(C)(=O)=O)c(C(C)C)c1,,CS(C)=O,CS(C)=O,CS(C)=O,CS(C)=O,79200.0,1.9645012617111206
Brc1cccnc1,OCCCc1ccccc1,,CCN=P(N=P(N(C)C)(N(C)C)N(C)C)(N(C)C)N(C)C,CC(C)Oc1cccc(OC(C)C)c1-c1ccccc1[P](C1CCCCC1)(C1CCCCC1)->[Pd]1([Cl])<-[NH2]c2ccccc2-c2cccc[c]21,,CS(C)=O,CS(C)=O,CS(C)=O,CS(C)=O,79200.0,0.0
Brc1cccnc1,OCCCc1ccccc1,,CN1CCCN2CCCN=C12,COc1ccc(OC)c([P](C(C)(C)C)(C(C)(C)C)->[Pd]2(<-[NH2]c3ccccc3-c3cccc[c]32)[O]S(C)(=O)=O)c1-c1c(C(C)C)cc(C(C)C)cc1C(C)C,,CS(C)=O,CS(C)=O,CS(C)=O,CS(C)=O,79200.0,4.213035583496094
Brc1cccnc1,Nc1ccccc1,,CC(C)(C)N=P(N1CCCC1)(N1CCCC1)N1CCCC1,CC(C)(C)[P](c1ccc(N)cc1)(C(C)(C)C)->[Pd]1(<-[NH2]c2ccccc2-c2cccc[c]21)[O]S(C)(=O)=O,,CS(C)=O,CS(C)=O,CS(C)=O,CS(C)=O,79200.0,0.294265478849411
Brc1cccnc1,CC1(C)OB(c2cnn(Cc3ccccc3)c2)OC1(C)C,O,CN(C)C(=NC(C)(C)C)N(C)C,CC1(C)c2cccc(P(c3ccccc3)c3ccccc3)c2Oc2c1cccc2[P](c1ccccc1)(c1ccccc1)->[Pd]1([Cl])<-[NH2]c2ccccc2-c2cccc[c]21,,CS(C)=O,CS(C)=O,CS(C)=O,CS(C)=O,79200.0,22.34775733947754
Brc1cccnc1,Nc1ccccc1,,CN(C)C(=NC(C)(C)C)N(C)C,CS(=O)(=O)[O][Pd]1(<-[NH2]c2ccccc2-c2cccc[c]21)<-[P](c1ccccc1N1CCOCC1)(C12C[C@H]3C[C@@H](C1)C[C@@H](C2)C3)C12C[C@H]3C[C@@H](C1)C[C@@H](C2)C3,,CS(C)=O,CS(C)=O,CS(C)=O,CS(C)=O,79200.0,0.6665701270103455
Brc1cccnc1,Sc1ccccc1,,C1CCC2=NCCCN2CC1,CC(C)Oc1cccc(OC(C)C)c1-c1ccccc1[P](C1CCCCC1)(C1CCCCC1)->[Pd]1([Cl])<-[NH2]c2ccccc2-c2cccc[c]21,,CS(C)=O,CS(C)=O,CS(C)=O,CS(C)=O,79200.0,0.0
Brc1cccnc1,CC(N)CCc1ccccc1,,CC(C)(C)N=P(N1CCCC1)(N1CCCC1)N1CCCC1,CC1(C)c2cccc(P(c3ccccc3)c3ccccc3)c2Oc2c1cccc2[P](c1ccccc1)(c1ccccc1)->[Pd]1([Cl])<-[NH2]c2ccccc2-c2cccc[c]21,,CS(C)=O,CS(C)=O,CS(C)=O,CS(C)=O,79200.0,0.0
Brc1cccnc1,OCCCc1ccccc1,,CC(C)(C)N=P(N1CCCC1)(N1CCCC1)N1CCCC1,CC(C)c1cc(C(C)C)c(-c2ccccc2[P](C(C)(C)C)(C(C)(C)C)->[Pd]2(<-[NH2]c3ccccc3-c3cccc[c]32)[O]S(C)(=O)=O)c(C(C)C)c1,,CS(C)=O,CS(C)=O,CS(C)=O,CS(C)=O,79200.0,0.2677261531352997
Brc1cccnc1,CCOC(=O)/C=C/c1ccccc1,,C1CCC2=NCCCN2CC1,CS(=O)(=O)[O][Pd]1(<-[NH2]c2ccccc2-c2cccc[c]21)<-[P](C1=CC=C[CH]1[Fe][CH]1C=CC=C1P(c1ccccc1)c1ccccc1)(c1ccccc1)c1ccccc1,,CS(C)=O,CS(C)=O,CS(C)=O,CS(C)=O,79200.0,0.0
Brc1cccnc1,CCOC(=O)/C=C/c1ccccc1,,CCN(CC)P1(=NC(C)(C)C)N(C)CCCN1C,CC(C)c1cc(C(C)C)c(-c2ccccc2[P](C(C)(C)C)(C(C)(C)C)->[Pd]2(<-[NH2]c3ccccc3-c3cccc[c]32)[O]S(C)(=O)=O)c(C(C)C)c1,,CS(C)=O,CS(C)=O,CS(C)=O,CS(C)=O,79200.0,0.0
Brc1cccnc1,C#Cc1ccc(CCCC)cc1,,CN(C)C(=NC(C)(C)C)N(C)C,CC12CC3(C)OC(C)(CC(C)(O1)[P]3(c1ccccc1)->[Pd]1(<-[NH2]c3ccccc3-c3cccc[c]31)[O]S(C)(=O)=O)O2,,CS(C)=O,CS(C)=O,CS(C)=O,CS(C)=O,79200.0,17.008634567260742
Brc1cccnc1,NC(=O)c1ccccc1,,CC(C)(C)N=P(N1CCCC1)(N1CCCC1)N1CCCC1,COc1ccc(OC)c([P](C(C)(C)C)(C(C)(C)C)->[Pd]2(<-[NH2]c3ccccc3-c3cccc[c]32)[O]S(C)(=O)=O)c1-c1c(C(C)C)cc(C(C)C)cc1C(C)C,,CS(C)=O,CS(C)=O,CS(C)=O,CS(C)=O,79200.0,3.7797770500183105
Brc1cccnc1,N=C(N)Cc1ccccc1,,CN(C)C(=NC(C)(C)C)N(C)C,COc1ccc(OC)c([P](C(C)(C)C)(C(C)(C)C)->[Pd]2(<-[NH2]c3ccccc3-c3cccc[c]32)[O]S(C)(=O)=O)c1-c1c(C(C)C)cc(C(C)C)cc1C(C)C,,CS(C)=O,CS(C)=O,CS(C)=O,CS(C)=O,79200.0,0.4590863883495331
Brc1cccnc1,Sc1ccccc1,,CCN=P(N=P(N(C)C)(N(C)C)N(C)C)(N(C)C)N(C)C,CC(C)c1cc(C(C)C)c(-c2ccccc2[P](C2CCCCC2)(C2CCCCC2)->[Pd]2(<-[NH2]c3ccccc3-c3cccc[c]32)[O]S(C)(=O)=O)c(C(C)C)c1,,CS(C)=O,CS(C)=O,CS(C)=O,CS(C)=O,79200.0,0.0
Brc1cccnc1,CCOC(=O)CC(=O)OCC,,C1CCC2=NCCCN2CC1,CC(C)c1cc(C(C)C)c(-c2ccccc2[P](C(C)(C)C)(C(C)(C)C)->[Pd]2(<-[NH2]c3ccccc3-c3cccc[c]32)[O]S(C)(=O)=O)c(C(C)C)c1,,CS(C)=O,CS(C)=O,CS(C)=O,CS(C)=O,79200.0,4.496380805969238
Brc1cccnc1,C#Cc1ccc(CCCC)cc1,,CCN(CC)P1(=NC(C)(C)C)N(C)CCCN1C,COc1ccc(OC)c([P](C23C[C@H]4C[C@@H](C2)C[C@@H](C3)C4)(C23C[C@H]4C[C@@H](C2)C[C@@H](C3)C4)->[Pd]2(<-[NH2]c3ccccc3-c3cccc[c]32)[O]S(C)(=O)=O)c1-c1c(C(C)C)cc(C(C)C)cc1C(C)C,,CS(C)=O,CS(C)=O,CS(C)=O,CS(C)=O,79200.0,2.24405837059021
Brc1cccnc1,Nc1ccccc1,,CN1CCCN2CCCN=C12,CS(=O)(=O)[O][Pd]1(<-[NH2]c2ccccc2-c2cccc[c]21)<-[P](c1ccccc1)(c1ccccc1)c1ccc2ccccc2c1-c1c(P(c2ccccc2)c2ccccc2)ccc2ccccc12,,CS(C)=O,CS(C)=O,CS(C)=O,CS(C)=O,79200.0,0.0
Brc1cccnc1,NS(=O)(=O)c1ccccc1,,CCN(CC)P1(=NC(C)(C)C)N(C)CCCN1C,CS(=O)(=O)[O][Pd]1(<-[NH2]c2ccccc2-c2cccc[c]21)<-[P](c1ccccc1N1CCOCC1)(C12C[C@H]3C[C@@H](C1)C[C@@H](C2)C3)C12C[C@H]3C[C@@H](C1)C[C@@H](C2)C3,,CS(C)=O,CS(C)=O,CS(C)=O,CS(C)=O,79200.0,0.0
Brc1cccnc1,Nc1ccc(-c2ccccc2)cn1,,CCN(CC)P1(=NC(C)(C)C)N(C)CCCN1C,COc1ccc(OC)c([P](C23C[C@H]4C[C@@H](C2)C[C@@H](C3)C4)(C23C[C@H]4C[C@@H](C2)C[C@@H](C3)C4)->[Pd]2(<-[NH2]c3ccccc3-c3cccc[c]32)[O]S(C)(=O)=O)c1-c1c(C(C)C)cc(C(C)C)cc1C(C)C,,CS(C)=O,CS(C)=O,CS(C)=O,CS(C)=O,79200.0,3.6960484981536865
Brc1cccnc1,CC(N)CCc1ccccc1,,CCN(CC)P1(=NC(C)(C)C)N(C)CCCN1C,COc1ccc(C)c(-c2c(C(C)C)cc(C(C)C)cc2C(C)C)c1[P](C(C)(C)C)(C(C)(C)C)->[Pd]1(<-[NH2]c2ccccc2-c2cccc[c]21)[O]S(C)(=O)=O,,CS(C)=O,CS(C)=O,CS(C)=O,CS(C)=O,79200.0,2.996293544769287
Brc1cccnc1,Sc1ccccc1,,CCN(CC)P1(=NC(C)(C)C)N(C)CCCN1C,CS(=O)(=O)[O][Pd]1(<-[NH2]c2ccccc2-c2cccc[c]21)<-[P](c1ccccc1N1CCOCC1)(C12C[C@H]3C[C@@H](C1)C[C@@H](C2)C3)C12C[C@H]3C[C@@H](C1)C[C@@H](C2)C3,,CS(C)=O,CS(C)=O,CS(C)=O,CS(C)=O,79200.0,0.0
Brc1cccnc1,N=C(N)Cc1ccccc1,,CN(C)C(=NC(C)(C)C)N(C)C,CS(=O)(=O)[O][Pd]1(<-[NH2]c2ccccc2-c2cccc[c]21)<-[P](c1ccccc1)(c1ccccc1)c1ccc2ccccc2c1-c1c(P(c2ccccc2)c2ccccc2)ccc2ccccc12,,CS(C)=O,CS(C)=O,CS(C)=O,CS(C)=O,79200.0,0.0
Brc1cccnc1,Oc1ccccc1,,CC(C)(C)N=P(N1CCCC1)(N1CCCC1)N1CCCC1,COc1ccc(C)c(-c2c(C(C)C)cc(C(C)C)cc2C(C)C)c1[P](C(C)(C)C)(C(C)(C)C)->[Pd]1(<-[NH2]c2ccccc2-c2cccc[c]21)[O]S(C)(=O)=O,,CS(C)=O,CS(C)=O,CS(C)=O,CS(C)=O,79200.0,0.0
Brc1cccnc1,OCCCc1ccccc1,,CC(C)(C)N=P(N1CCCC1)(N1CCCC1)N1CCCC1,CS(=O)(=O)[O][Pd]1(<-[NH2]c2ccccc2-c2cccc[c]21)<-[P](c1ccccc1)(c1ccccc1)c1ccc2ccccc2c1-c1c(P(c2ccccc2)c2ccccc2)ccc2ccccc12,,CS(C)=O,CS(C)=O,CS(C)=O,CS(C)=O,79200.0,0.0
Brc1cccnc1,Nc1ccc(-c2ccccc2)cn1,,CC(C)(C)N=P(N1CCCC1)(N1CCCC1)N1CCCC1,COc1ccc(C)c(-c2c(C(C)C)cc(C(C)C)cc2C(C)C)c1[P](C(C)(C)C)(C(C)(C)C)->[Pd]1(<-[NH2]c2ccccc2-c2cccc[c]21)[O]S(C)(=O)=O,,CS(C)=O,CS(C)=O,CS(C)=O,CS(C)=O,79200.0,6.038064956665039
Brc1cccnc1,CC1(C)OB(c2cnn(Cc3ccccc3)c2)OC1(C)C,O,CC(C)(C)N=P(N1CCCC1)(N1CCCC1)N1CCCC1,COc1ccc(OC)c([P](C(C)(C)C)(C(C)(C)C)->[Pd]2(<-[NH2]c3ccccc3-c3cccc[c]32)[O]S(C)(=O)=O)c1-c1c(C(C)C)cc(C(C)C)cc1C(C)C,,CS(C)=O,CS(C)=O,CS(C)=O,CS(C)=O,79200.0,1.2091434001922607
Brc1cccnc1,CC1(C)OB(c2cnn(Cc3ccccc3)c2)OC1(C)C,O,CCN(CC)P1(=NC(C)(C)C)N(C)CCCN1C,CC(C1=C([P](C2CCCCC2)(C2CCCCC2)->[Pd]2(<-[NH2]c3ccccc3-c3cccc[c]32)[O]S(C)(=O)=O)[CH]([Fe][CH]2C=CC=C2)C=C1)P(C(C)(C)C)C(C)(C)C,,CS(C)=O,CS(C)=O,CS(C)=O,CS(C)=O,79200.0,0.16682370007038116
Brc1cccnc1,C#Cc1ccc(CCCC)cc1,,C1CCC2=NCCCN2CC1,CC(C)c1cc(C(C)C)c(-c2ccccc2[P](C(C)(C)C)(C(C)(C)C)->[Pd]2(<-[NH2]c3ccccc3-c3cccc[c]32)[O]S(C)(=O)=O)c(C(C)C)c1,,CS(C)=O,CS(C)=O,CS(C)=O,CS(C)=O,79200.0,16.8574275970459
Brc1cccnc1,c1ccc2[nH]ncc2c1,,CC(C)(C)N=P(N1CCCC1)(N1CCCC1)N1CCCC1,CC(C)c1cc(C(C)C)c(-c2ccccc2[P](C(C)(C)C)(C(C)(C)C)->[Pd]2(<-[NH2]c3ccccc3-c3cccc[c]32)[O]S(C)(=O)=O)c(C(C)C)c1,,CS(C)=O,CS(C)=O,CS(C)=O,CS(C)=O,79200.0,1.1950998306274414
Brc1cccnc1,Oc1ccccc1,,CN1CCCN2CCCN=C12,CC(C)(C)[P](C(C)(C)C)(C(C)(C)C)->[Pd]1([Cl])<-[NH2]c2ccccc2-c2cccc[c]21,,CS(C)=O,CS(C)=O,CS(C)=O,CS(C)=O,79200.0,0.0
Brc1cccnc1,CCOC(=O)/C=C/c1ccccc1,,CCN(CC)P1(=NC(C)(C)C)N(C)CCCN1C,COc1ccc(OC)c([P](C(C)(C)C)(C(C)(C)C)->[Pd]2(<-[NH2]c3ccccc3-c3cccc[c]32)[O]S(C)(=O)=O)c1-c1c(C(C)C)cc(C(C)C)cc1C(C)C,,CS(C)=O,CS(C)=O,CS(C)=O,CS(C)=O,79200.0,0.0
Brc1cccnc1,NS(=O)(=O)c1ccccc1,,CCN=P(N=P(N(C)C)(N(C)C)N(C)C)(N(C)C)N(C)C,CC1(C)c2cccc(P(c3ccccc3)c3ccccc3)c2Oc2c1cccc2[P](c1ccccc1)(c1ccccc1)->[Pd]1([Cl])<-[NH2]c2ccccc2-c2cccc[c]21,,CS(C)=O,CS(C)=O,CS(C)=O,CS(C)=O,79200.0,0.0
Brc1cccnc1,N=C(N)Cc1ccccc1,,CN1CCCN2CCCN=C12,CC(C)Oc1cccc(OC(C)C)c1-c1ccccc1[P](C1CCCCC1)(C1CCCCC1)->[Pd]1([Cl])<-[NH2]c2ccccc2-c2cccc[c]21,,CS(C)=O,CS(C)=O,CS(C)=O,CS(C)=O,79200.0,0.0
Brc1cccnc1,CCOC(=O)/C=C/c1ccccc1,,CN(C)C(=NC(C)(C)C)N(C)C,CS(=O)(=O)[O][Pd]1(<-[NH2]c2ccccc2-c2cccc[c]21)<-[P](C1=CC=C[CH]1[Fe][CH]1C=CC=C1P(c1ccccc1)c1ccccc1)(c1ccccc1)c1ccccc1,,CS(C)=O,CS(C)=O,CS(C)=O,CS(C)=O,79200.0,0.0
Brc1cccnc1,CCOC(=O)CC(=O)OCC,,CC(C)(C)N=P(N1CCCC1)(N1CCCC1)N1CCCC1,CC12CC3(C)OC(C)(CC(C)(O1)[P]3(c1ccccc1)->[Pd]1(<-[NH2]c3ccccc3-c3cccc[c]31)[O]S(C)(=O)=O)O2,,CS(C)=O,CS(C)=O,CS(C)=O,CS(C)=O,79200.0,0.08402388542890549
Brc1cccnc1,c1ccc2[nH]ncc2c1,,CC(C)(C)N=P(N1CCCC1)(N1CCCC1)N1CCCC1,CC(C)c1cc(C(C)C)c(-c2ccccc2[P](C2CCCCC2)(C2CCCCC2)->[Pd]2(<-[NH2]c3ccccc3-c3cccc[c]32)[O]S(C)(=O)=O)c(C(C)C)c1,,CS(C)=O,CS(C)=O,CS(C)=O,CS(C)=O,79200.0,0.0
Brc1cccnc1,Sc1ccccc1,,CCN(CC)P1(=NC(C)(C)C)N(C)CCCN1C,CC12CC3(C)OC(C)(CC(C)(O1)[P]3(c1ccccc1)->[Pd]1(<-[NH2]c3ccccc3-c3cccc[c]31)[O]S(C)(=O)=O)O2,,CS(C)=O,CS(C)=O,CS(C)=O,CS(C)=O,79200.0,0.0
Brc1cccnc1,NS(=O)(=O)c1ccccc1,,CN(C)C(=NC(C)(C)C)N(C)C,CS(=O)(=O)[O][Pd]1(<-[NH2]c2ccccc2-c2cccc[c]21)<-[P](C1=CC=C[CH]1[Fe][CH]1C=CC=C1P(c1ccccc1)c1ccccc1)(c1ccccc1)c1ccccc1,,CS(C)=O,CS(C)=O,CS(C)=O,CS(C)=O,79200.0,0.0
Brc1cccnc1,NS(=O)(=O)c1ccccc1,,CC(C)(C)N=P(N1CCCC1)(N1CCCC1)N1CCCC1,CC(C)Oc1cccc(OC(C)C)c1-c1ccccc1[P](C1CCCCC1)(C1CCCCC1)->[Pd]1([Cl])<-[NH2]c2ccccc2-c2cccc[c]21,,CS(C)=O,CS(C)=O,CS(C)=O,CS(C)=O,79200.0,0.0
Brc1cccnc1,Nc1ccccc1,,CC(C)(C)N=P(N1CCCC1)(N1CCCC1)N1CCCC1,CC(C)c1cc(C(C)C)c(-c2ccccc2[P](C(C)(C)C)(C(C)(C)C)->[Pd]2(<-[NH2]c3ccccc3-c3cccc[c]32)[O]S(C)(=O)=O)c(C(C)C)c1,,CS(C)=O,CS(C)=O,CS(C)=O,CS(C)=O,79200.0,16.33332633972168
Brc1cccnc1,Sc1ccccc1,,CC(C)(C)N=P(N1CCCC1)(N1CCCC1)N1CCCC1,CC(C)(C)P(C1=CC=C[CH]1[Fe][CH]1C=CC=C1[P](C(C)(C)C)(C(C)(C)C)->[Pd]1(<-[NH2]c2ccccc2-c2cccc[c]21)[O]S(C)(=O)=O)C(C)(C)C,,CS(C)=O,CS(C)=O,CS(C)=O,CS(C)=O,79200.0,0.0
Brc1cccnc1,Oc1ccccc1,,CC(C)(C)N=P(N1CCCC1)(N1CCCC1)N1CCCC1,COc1ccc(OC)c([P](C23C[C@H]4C[C@@H](C2)C[C@@H](C3)C4)(C23C[C@H]4C[C@@H](C2)C[C@@H](C3)C4)->[Pd]2(<-[NH2]c3ccccc3-c3cccc[c]32)[O]S(C)(=O)=O)c1-c1c(C(C)C)cc(C(C)C)cc1C(C)C,,CS(C)=O,CS(C)=O,CS(C)=O,CS(C)=O,79200.0,0.0
Brc1cccnc1,c1ccc2[nH]ncc2c1,,CC(C)(C)N=P(N1CCCC1)(N1CCCC1)N1CCCC1,COc1ccc(C)c(-c2c(C(C)C)cc(C(C)C)cc2C(C)C)c1[P](C(C)(C)C)(C(C)(C)C)->[Pd]1(<-[NH2]c2ccccc2-c2cccc[c]21)[O]S(C)(=O)=O,,CS(C)=O,CS(C)=O,CS(C)=O,CS(C)=O,79200.0,0.03338562697172165
Brc1cccnc1,Oc1ccccc1,,C1CCC2=NCCCN2CC1,CS(=O)(=O)[O][Pd]1(<-[NH2]c2ccccc2-c2cccc[c]21)<-[P](C1=CC=C[CH]1[Fe][CH]1C=CC=C1P(c1ccccc1)c1ccccc1)(c1ccccc1)c1ccccc1,,CS(C)=O,CS(C)=O,CS(C)=O,CS(C)=O,79200.0,0.0
Brc1cccnc1,NS(=O)(=O)c1ccccc1,,C1CCC2=NCCCN2CC1,CC1(C)c2cccc(P(c3ccccc3)c3ccccc3)c2Oc2c1cccc2[P](c1ccccc1)(c1ccccc1)->[Pd]1([Cl])<-[NH2]c2ccccc2-c2cccc[c]21,,CS(C)=O,CS(C)=O,CS(C)=O,CS(C)=O,79200.0,0.0
Brc1cccnc1,Oc1ccccc1,,CN1CCCN2CCCN=C12,CS(=O)(=O)[O][Pd]1(<-[NH2]c2ccccc2-c2cccc[c]21)<-[P](C1=CC=C[CH]1[Fe][CH]1C=CC=C1P(c1ccccc1)c1ccccc1)(c1ccccc1)c1ccccc1,,CS(C)=O,CS(C)=O,CS(C)=O,CS(C)=O,79200.0,0.0
Brc1cccnc1,CC1(C)OB(c2cnn(Cc3ccccc3)c2)OC1(C)C,O,CN(C)C(=NC(C)(C)C)N(C)C,COc1ccc(C)c(-c2c(C(C)C)cc(C(C)C)cc2C(C)C)c1[P](C(C)(C)C)(C(C)(C)C)->[Pd]1(<-[NH2]c2ccccc2-c2cccc[c]21)[O]S(C)(=O)=O,,CS(C)=O,CS(C)=O,CS(C)=O,CS(C)=O,79200.0,14.073278427124023
Brc1cccnc1,C#Cc1ccc(CCCC)cc1,,CN(C)C(=NC(C)(C)C)N(C)C,CC1(C)c2cccc(P(c3ccccc3)c3ccccc3)c2Oc2c1cccc2[P](c1ccccc1)(c1ccccc1)->[Pd]1([Cl])<-[NH2]c2ccccc2-c2cccc[c]21,,CS(C)=O,CS(C)=O,CS(C)=O,CS(C)=O,79200.0,15.48427963256836
Brc1cccnc1,C#Cc1ccc(CCCC)cc1,,CCN(CC)P1(=NC(C)(C)C)N(C)CCCN1C,CS(=O)(=O)[O][Pd]1(<-[NH2]c2ccccc2-c2cccc[c]21)<-[P](C1=CC=C[CH]1[Fe][CH]1C=CC=C1P(c1ccccc1)c1ccccc1)(c1ccccc1)c1ccccc1,,CS(C)=O,CS(C)=O,CS(C)=O,CS(C)=O,79200.0,2.1294941902160645
Brc1cccnc1,CC(N)CCc1ccccc1,,CCN=P(N=P(N(C)C)(N(C)C)N(C)C)(N(C)C)N(C)C,CS(=O)(=O)[O][Pd]1(<-[NH2]c2ccccc2-c2cccc[c]21)<-[P](c1ccccc1N1CCOCC1)(C12C[C@H]3C[C@@H](C1)C[C@@H](C2)C3)C12C[C@H]3C[C@@H](C1)C[C@@H](C2)C3,,CS(C)=O,CS(C)=O,CS(C)=O,CS(C)=O,79200.0,0.43274378776550293
Brc1cccnc1,Nc1ccccc1,,CCN=P(N=P(N(C)C)(N(C)C)N(C)C)(N(C)C)N(C)C,CC(C)c1cc(C(C)C)c(-c2ccccc2[P](C(C)(C)C)(C(C)(C)C)->[Pd]2(<-[NH2]c3ccccc3-c3cccc[c]32)[O]S(C)(=O)=O)c(C(C)C)c1,,CS(C)=O,CS(C)=O,CS(C)=O,CS(C)=O,79200.0,14.16539478302002
Brc1cccnc1,CC1(C)OB(c2cnn(Cc3ccccc3)c2)OC1(C)C,O,CN1CCCN2CCCN=C12,CC(C)c1cc(C(C)C)c(-c2ccccc2[P](C(C)(C)C)(C(C)(C)C)->[Pd]2(<-[NH2]c3ccccc3-c3cccc[c]32)[O]S(C)(=O)=O)c(C(C)C)c1,,CS(C)=O,CS(C)=O,CS(C)=O,CS(C)=O,79200.0,21.524065017700195
Brc1cccnc1,NS(=O)(=O)c1ccccc1,,CN1CCCN2CCCN=C12,CC(C)(C)P(C1=CC=C[CH]1[Fe][CH]1C=CC=C1[P](C(C)(C)C)(C(C)(C)C)->[Pd]1(<-[NH2]c2ccccc2-c2cccc[c]21)[O]S(C)(=O)=O)C(C)(C)C,,CS(C)=O,CS(C)=O,CS(C)=O,CS(C)=O,79200.0,0.0
Brc1cccnc1,Nc1ccc(-c2ccccc2)cn1,,CCN(CC)P1(=NC(C)(C)C)N(C)CCCN1C,CS(=O)(=O)[O][Pd]1(<-[NH2]c2ccccc2-c2cccc[c]21)<-[P](c1ccccc1)(c1ccccc1)c1ccc2ccccc2c1-c1c(P(c2ccccc2)c2ccccc2)ccc2ccccc12,,CS(C)=O,CS(C)=O,CS(C)=O,CS(C)=O,79200.0,0.3255362808704376
Brc1cccnc1,Nc1ccc(-c2ccccc2)cn1,,CCN(CC)P1(=NC(C)(C)C)N(C)CCCN1C,CC(C)c1cc(C(C)C)c(-c2ccccc2[P](C(C)(C)C)(C(C)(C)C)->[Pd]2(<-[NH2]c3ccccc3-c3cccc[c]32)[O]S(C)(=O)=O)c(C(C)C)c1,,CS(C)=O,CS(C)=O,CS(C)=O,CS(C)=O,79200.0,2.459226131439209
Brc1cccnc1,CCOC(=O)CC(=O)OCC,,CC(C)(C)N=P(N1CCCC1)(N1CCCC1)N1CCCC1,CC(C)c1cc(C(C)C)c(-c2ccccc2[P](C(C)(C)C)(C(C)(C)C)->[Pd]2(<-[NH2]c3ccccc3-c3cccc[c]32)[O]S(C)(=O)=O)c(C(C)C)c1,,CS(C)=O,CS(C)=O,CS(C)=O,CS(C)=O,79200.0,1.690409541130066
Brc1cccnc1,CC1(C)OB(c2cnn(Cc3ccccc3)c2)OC1(C)C,O,CN(C)C(=NC(C)(C)C)N(C)C,CC(C)(C)P(C1=CC=C[CH]1[Fe][CH]1C=CC=C1[P](C(C)(C)C)(C(C)(C)C)->[Pd]1(<-[NH2]c2ccccc2-c2cccc[c]21)[O]S(C)(=O)=O)C(C)(C)C,,CS(C)=O,CS(C)=O,CS(C)=O,CS(C)=O,79200.0,20.952333450317383
Brc1cccnc1,CCOC(=O)CC(=O)OCC,,CN(C)C(=NC(C)(C)C)N(C)C,COc1ccc(OC)c([P](C23C[C@H]4C[C@@H](C2)C[C@@H](C3)C4)(C23C[C@H]4C[C@@H](C2)C[C@@H](C3)C4)->[Pd]2(<-[NH2]c3ccccc3-c3cccc[c]32)[O]S(C)(=O)=O)c1-c1c(C(C)C)cc(C(C)C)cc1C(C)C,,CS(C)=O,CS(C)=O,CS(C)=O,CS(C)=O,79200.0,4.609353542327881
Brc1cccnc1,C#Cc1ccc(CCCC)cc1,,CCN(CC)P1(=NC(C)(C)C)N(C)CCCN1C,CC(C)(C)[P](c1ccc(N)cc1)(C(C)(C)C)->[Pd]1(<-[NH2]c2ccccc2-c2cccc[c]21)[O]S(C)(=O)=O,,CS(C)=O,CS(C)=O,CS(C)=O,CS(C)=O,79200.0,16.962039947509766
Brc1cccnc1,CCOC(=O)CC(=O)OCC,,CC(C)(C)N=P(N1CCCC1)(N1CCCC1)N1CCCC1,COc1ccc(OC)c([P](C(C)(C)C)(C(C)(C)C)->[Pd]2(<-[NH2]c3ccccc3-c3cccc[c]32)[O]S(C)(=O)=O)c1-c1c(C(C)C)cc(C(C)C)cc1C(C)C,,CS(C)=O,CS(C)=O,CS(C)=O,CS(C)=O,79200.0,1.9896013736724854
Brc1cccnc1,CC(C)(C)OC(N)=O,,CN(C)C(=NC(C)(C)C)N(C)C,COc1ccc(OC)c([P](C(C)(C)C)(C(C)(C)C)->[Pd]2(<-[NH2]c3ccccc3-c3cccc[c]32)[O]S(C)(=O)=O)c1-c1c(C(C)C)cc(C(C)C)cc1C(C)C,,CS(C)=O,CS(C)=O,CS(C)=O,CS(C)=O,79200.0,2.414980888366699
Brc1cccnc1,N=C(N)Cc1ccccc1,,CCN=P(N=P(N(C)C)(N(C)C)N(C)C)(N(C)C)N(C)C,CC(C)Oc1cccc(OC(C)C)c1-c1ccccc1[P](C1CCCCC1)(C1CCCCC1)->[Pd]1([Cl])<-[NH2]c2ccccc2-c2cccc[c]21,,CS(C)=O,CS(C)=O,CS(C)=O,CS(C)=O,79200.0,0.0
Brc1cccnc1,c1ccc2[nH]ncc2c1,,CN(C)C(=NC(C)(C)C)N(C)C,CC(C)c1cc(C(C)C)c(-c2ccccc2[P](C2CCCCC2)(C2CCCCC2)->[Pd]2(<-[NH2]c3ccccc3-c3cccc[c]32)[O]S(C)(=O)=O)c(C(C)C)c1,,CS(C)=O,CS(C)=O,CS(C)=O,CS(C)=O,79200.0,0.0
Brc1cccnc1,Nc1ccccc1,,CC(C)(C)N=P(N1CCCC1)(N1CCCC1)N1CCCC1,COc1ccc(OC)c([P](C2CCCCC2)(C2CCCCC2)->[Pd]2(<-[NH2]c3ccccc3-c3cccc[c]32)[O]S(C)(=O)=O)c1-c1c(C(C)C)cc(C(C)C)cc1C(C)C,,CS(C)=O,CS(C)=O,CS(C)=O,CS(C)=O,79200.0,14.437545776367188
Brc1cccnc1,Sc1ccccc1,,CCN=P(N=P(N(C)C)(N(C)C)N(C)C)(N(C)C)N(C)C,CC1(C)c2cccc(P(c3ccccc3)c3ccccc3)c2Oc2c1cccc2[P](c1ccccc1)(c1ccccc1)->[Pd]1([Cl])<-[NH2]c2ccccc2-c2cccc[c]21,,CS(C)=O,CS(C)=O,CS(C)=O,CS(C)=O,79200.0,0.0
Brc1cccnc1,CCOC(=O)/C=C/c1ccccc1,,CCN=P(N=P(N(C)C)(N(C)C)N(C)C)(N(C)C)N(C)C,CS(=O)(=O)[O][Pd]1(<-[NH2]c2ccccc2-c2cccc[c]21)<-[P](c1ccccc1N1CCOCC1)(C12C[C@H]3C[C@@H](C1)C[C@@H](C2)C3)C12C[C@H]3C[C@@H](C1)C[C@@H](C2)C3,,CS(C)=O,CS(C)=O,CS(C)=O,CS(C)=O,79200.0,0.0
Brc1cccnc1,Oc1ccccc1,,CN1CCCN2CCCN=C12,CS(=O)(=O)[O][Pd]1(<-[NH2]c2ccccc2-c2cccc[c]21)<-[P](c1ccccc1)(c1ccccc1)c1ccc2ccccc2c1-c1c(P(c2ccccc2)c2ccccc2)ccc2ccccc12,,CS(C)=O,CS(C)=O,CS(C)=O,CS(C)=O,79200.0,0.0
Brc1cccnc1,CC(C)(C)OC(N)=O,,CCN(CC)P1(=NC(C)(C)C)N(C)CCCN1C,CC(C)c1cc(C(C)C)c(-c2ccccc2[P](C(C)(C)C)(C(C)(C)C)->[Pd]2(<-[NH2]c3ccccc3-c3cccc[c]32)[O]S(C)(=O)=O)c(C(C)C)c1,,CS(C)=O,CS(C)=O,CS(C)=O,CS(C)=O,79200.0,0.6546170711517334
Brc1cccnc1,CCOC(=O)CC(=O)OCC,,CCN=P(N=P(N(C)C)(N(C)C)N(C)C)(N(C)C)N(C)C,CS(=O)(=O)[O][Pd]1(<-[NH2]c2ccccc2-c2cccc[c]21)<-[P](C1=CC=C[CH]1[Fe][CH]1C=CC=C1P(c1ccccc1)c1ccccc1)(c1ccccc1)c1ccccc1,,CS(C)=O,CS(C)=O,CS(C)=O,CS(C)=O,79200.0,0.23072680830955505
Brc1cccnc1,OCCCc1ccccc1,,CCN(CC)P1(=NC(C)(C)C)N(C)CCCN1C,COc1ccc(OC)c([P](C2CCCCC2)(C2CCCCC2)->[Pd]2(<-[NH2]c3ccccc3-c3cccc[c]32)[O]S(C)(=O)=O)c1-c1c(C(C)C)cc(C(C)C)cc1C(C)C,,CS(C)=O,CS(C)=O,CS(C)=O,CS(C)=O,79200.0,0.0
Brc1cccnc1,CCOC(=O)/C=C/c1ccccc1,,CCN=P(N=P(N(C)C)(N(C)C)N(C)C)(N(C)C)N(C)C,CC(C)(C)P(C1=CC=C[CH]1[Fe][CH]1C=CC=C1[P](C(C)(C)C)(C(C)(C)C)->[Pd]1(<-[NH2]c2ccccc2-c2cccc[c]21)[O]S(C)(=O)=O)C(C)(C)C,,CS(C)=O,CS(C)=O,CS(C)=O,CS(C)=O,79200.0,0.0
Brc1cccnc1,Oc1ccccc1,,CN1CCCN2CCCN=C12,COc1ccc(OC)c([P](C2CCCCC2)(C2CCCCC2)->[Pd]2(<-[NH2]c3ccccc3-c3cccc[c]32)[O]S(C)(=O)=O)c1-c1c(C(C)C)cc(C(C)C)cc1C(C)C,,CS(C)=O,CS(C)=O,CS(C)=O,CS(C)=O,79200.0,0.0
Brc1cccnc1,CC(N)CCc1ccccc1,,CN(C)C(=NC(C)(C)C)N(C)C,CS(=O)(=O)[O][Pd]1(<-[NH2]c2ccccc2-c2cccc[c]21)<-[P](c1ccccc1N1CCOCC1)(C12C[C@H]3C[C@@H](C1)C[C@@H](C2)C3)C12C[C@H]3C[C@@H](C1)C[C@@H](C2)C3,,CS(C)=O,CS(C)=O,CS(C)=O,CS(C)=O,79200.0,0.0
Brc1cccnc1,Sc1ccccc1,,CCN(CC)P1(=NC(C)(C)C)N(C)CCCN1C,CC1(C)c2cccc(P(c3ccccc3)c3ccccc3)c2Oc2c1cccc2[P](c1ccccc1)(c1ccccc1)->[Pd]1([Cl])<-[NH2]c2ccccc2-c2cccc[c]21,,CS(C)=O,CS(C)=O,CS(C)=O,CS(C)=O,79200.0,0.0
Brc1cccnc1,N=C(N)Cc1ccccc1,,CCN=P(N=P(N(C)C)(N(C)C)N(C)C)(N(C)C)N(C)C,COc1ccc(C)c(-c2c(C(C)C)cc(C(C)C)cc2C(C)C)c1[P](C(C)(C)C)(C(C)(C)C)->[Pd]1(<-[NH2]c2ccccc2-c2cccc[c]21)[O]S(C)(=O)=O,,CS(C)=O,CS(C)=O,CS(C)=O,CS(C)=O,79200.0,1.6629599332809448
Brc1cccnc1,NS(=O)(=O)c1ccccc1,,CCN(CC)P1(=NC(C)(C)C)N(C)CCCN1C,CC1(C)c2cccc(P(c3ccccc3)c3ccccc3)c2Oc2c1cccc2[P](c1ccccc1)(c1ccccc1)->[Pd]1([Cl])<-[NH2]c2ccccc2-c2cccc[c]21,,CS(C)=O,CS(C)=O,CS(C)=O,CS(C)=O,79200.0,0.0
Brc1cccnc1,N=C(N)Cc1ccccc1,,CN(C)C(=NC(C)(C)C)N(C)C,CC(C)(C)[P](C(C)(C)C)(C(C)(C)C)->[Pd]1([Cl])<-[NH2]c2ccccc2-c2cccc[c]21,,CS(C)=O,CS(C)=O,CS(C)=O,CS(C)=O,79200.0,0.0
Brc1cccnc1,NC(=O)c1ccccc1,,C1CCC2=NCCCN2CC1,COc1ccc(OC)c([P](C(C)(C)C)(C(C)(C)C)->[Pd]2(<-[NH2]c3ccccc3-c3cccc[c]32)[O]S(C)(=O)=O)c1-c1c(C(C)C)cc(C(C)C)cc1C(C)C,,CS(C)=O,CS(C)=O,CS(C)=O,CS(C)=O,79200.0,12.053412437438965
Brc1cccnc1,OCCCc1ccccc1,,CCN=P(N=P(N(C)C)(N(C)C)N(C)C)(N(C)C)N(C)C,CC12CC3(C)OC(C)(CC(C)(O1)[P]3(c1ccccc1)->[Pd]1(<-[NH2]c3ccccc3-c3cccc[c]31)[O]S(C)(=O)=O)O2,,CS(C)=O,CS(C)=O,CS(C)=O,CS(C)=O,79200.0,0.0
Brc1cccnc1,Sc1ccccc1,,CN(C)C(=NC(C)(C)C)N(C)C,COc1ccc(OC)c([P](C23C[C@H]4C[C@@H](C2)C[C@@H](C3)C4)(C23C[C@H]4C[C@@H](C2)C[C@@H](C3)C4)->[Pd]2(<-[NH2]c3ccccc3-c3cccc[c]32)[O]S(C)(=O)=O)c1-c1c(C(C)C)cc(C(C)C)cc1C(C)C,,CS(C)=O,CS(C)=O,CS(C)=O,CS(C)=O,79200.0,0.0
Brc1cccnc1,c1ccc(Pc2ccccc2)cc1,,CC(C)(C)N=P(N1CCCC1)(N1CCCC1)N1CCCC1,CC(C)c1cc(C(C)C)c(-c2ccccc2[P](C(C)(C)C)(C(C)(C)C)->[Pd]2(<-[NH2]c3ccccc3-c3cccc[c]32)[O]S(C)(=O)=O)c(C(C)C)c1,,CS(C)=O,CS(C)=O,CS(C)=O,CS(C)=O,79200.0,0.0
Brc1cccnc1,CC1(C)OB(c2cnn(Cc3ccccc3)c2)OC1(C)C,O,CCN=P(N=P(N(C)C)(N(C)C)N(C)C)(N(C)C)N(C)C,CC(C)c1cc(C(C)C)c(-c2ccccc2[P](C2CCCCC2)(C2CCCCC2)->[Pd]2(<-[NH2]c3ccccc3-c3cccc[c]32)[O]S(C)(=O)=O)c(C(C)C)c1,,CS(C)=O,CS(C)=O,CS(C)=O,CS(C)=O,79200.0,18.90717315673828
Brc1cccnc1,OCCCc1ccccc1,,C1CCC2=NCCCN2CC1,CS(=O)(=O)[O][Pd]1(<-[NH2]c2ccccc2-c2cccc[c]21)<-[P](c1ccccc1)(c1ccccc1)c1ccc2ccccc2c1-c1c(P(c2ccccc2)c2ccccc2)ccc2ccccc12,,CS(C)=O,CS(C)=O,CS(C)=O,CS(C)=O,79200.0,0.0
Brc1cccnc1,NC(=O)c1ccccc1,,CCN(CC)P1(=NC(C)(C)C)N(C)CCCN1C,CC(C1=C([P](C2CCCCC2)(C2CCCCC2)->[Pd]2(<-[NH2]c3ccccc3-c3cccc[c]32)[O]S(C)(=O)=O)[CH]([Fe][CH]2C=CC=C2)C=C1)P(C(C)(C)C)C(C)(C)C,,CS(C)=O,CS(C)=O,CS(C)=O,CS(C)=O,79200.0,0.0
Brc1cccnc1,NS(=O)(=O)c1ccccc1,,CC(C)(C)N=P(N1CCCC1)(N1CCCC1)N1CCCC1,CS(=O)(=O)[O][Pd]1(<-[NH2]c2ccccc2-c2cccc[c]21)<-[P](c1ccccc1N1CCOCC1)(C12C[C@H]3C[C@@H](C1)C[C@@H](C2)C3)C12C[C@H]3C[C@@H](C1)C[C@@H](C2)C3,,CS(C)=O,CS(C)=O,CS(C)=O,CS(C)=O,79200.0,0.0
Brc1cccnc1,N=C(N)Cc1ccccc1,,CCN(CC)P1(=NC(C)(C)C)N(C)CCCN1C,COc1ccc(OC)c([P](C23C[C@H]4C[C@@H](C2)C[C@@H](C3)C4)(C23C[C@H]4C[C@@H](C2)C[C@@H](C3)C4)->[Pd]2(<-[NH2]c3ccccc3-c3cccc[c]32)[O]S(C)(=O)=O)c1-c1c(C(C)C)cc(C(C)C)cc1C(C)C,,CS(C)=O,CS(C)=O,CS(C)=O,CS(C)=O,79200.0,0.0
Brc1cccnc1,c1ccc2[nH]ncc2c1,,CN1CCCN2CCCN=C12,COc1ccc(OC)c([P](C(C)(C)C)(C(C)(C)C)->[Pd]2(<-[NH2]c3ccccc3-c3cccc[c]32)[O]S(C)(=O)=O)c1-c1c(C(C)C)cc(C(C)C)cc1C(C)C,,CS(C)=O,CS(C)=O,CS(C)=O,CS(C)=O,79200.0,3.9299378395080566
Brc1cccnc1,CC(C)(C)OC(N)=O,,CN1CCCN2CCCN=C12,CC(C)(C)[P](C(C)(C)C)(C(C)(C)C)->[Pd]1([Cl])<-[NH2]c2ccccc2-c2cccc[c]21,,CS(C)=O,CS(C)=O,CS(C)=O,CS(C)=O,79200.0,0.0
Brc1cccnc1,c1ccc(Pc2ccccc2)cc1,,CN(C)C(=NC(C)(C)C)N(C)C,CC(C)c1cc(C(C)C)c(-c2ccccc2[P](C(C)(C)C)(C(C)(C)C)->[Pd]2(<-[NH2]c3ccccc3-c3cccc[c]32)[O]S(C)(=O)=O)c(C(C)C)c1,,CS(C)=O,CS(C)=O,CS(C)=O,CS(C)=O,79200.0,0.0
Brc1cccnc1,NS(=O)(=O)c1ccccc1,,CN1CCCN2CCCN=C12,CC(C)(C)[P](C(C)(C)C)(C(C)(C)C)->[Pd]1([Cl])<-[NH2]c2ccccc2-c2cccc[c]21,,CS(C)=O,CS(C)=O,CS(C)=O,CS(C)=O,79200.0,0.0
Brc1cccnc1,CCOC(=O)CC(=O)OCC,,CCN=P(N=P(N(C)C)(N(C)C)N(C)C)(N(C)C)N(C)C,COc1ccc(C)c(-c2c(C(C)C)cc(C(C)C)cc2C(C)C)c1[P](C(C)(C)C)(C(C)(C)C)->[Pd]1(<-[NH2]c2ccccc2-c2cccc[c]21)[O]S(C)(=O)=O,,CS(C)=O,CS(C)=O,CS(C)=O,CS(C)=O,79200.0,0.0
Brc1cccnc1,N=C(N)Cc1ccccc1,,C1CCC2=NCCCN2CC1,COc1ccc(OC)c([P](C(C)(C)C)(C(C)(C)C)->[Pd]2(<-[NH2]c3ccccc3-c3cccc[c]32)[O]S(C)(=O)=O)c1-c1c(C(C)C)cc(C(C)C)cc1C(C)C,,CS(C)=O,CS(C)=O,CS(C)=O,CS(C)=O,79200.0,0.0
Brc1cccnc1,NS(=O)(=O)c1ccccc1,,CC(C)(C)N=P(N1CCCC1)(N1CCCC1)N1CCCC1,CS(=O)(=O)[O][Pd]1(<-[NH2]c2ccccc2-c2cccc[c]21)<-[P](c1ccccc1)(c1ccccc1)c1ccc2ccccc2c1-c1c(P(c2ccccc2)c2ccccc2)ccc2ccccc12,,CS(C)=O,CS(C)=O,CS(C)=O,CS(C)=O,79200.0,0.0
Brc1cccnc1,N=C(N)Cc1ccccc1,,CCN=P(N=P(N(C)C)(N(C)C)N(C)C)(N(C)C)N(C)C,CS(=O)(=O)[O][Pd]1(<-[NH2]c2ccccc2-c2cccc[c]21)<-[P](c1ccccc1N1CCOCC1)(C12C[C@H]3C[C@@H](C1)C[C@@H](C2)C3)C12C[C@H]3C[C@@H](C1)C[C@@H](C2)C3,,CS(C)=O,CS(C)=O,CS(C)=O,CS(C)=O,79200.0,0.040654633194208145
Brc1cccnc1,CC(C)(C)OC(N)=O,,CCN(CC)P1(=NC(C)(C)C)N(C)CCCN1C,COc1ccc(OC)c([P](C23C[C@H]4C[C@@H](C2)C[C@@H](C3)C4)(C23C[C@H]4C[C@@H](C2)C[C@@H](C3)C4)->[Pd]2(<-[NH2]c3ccccc3-c3cccc[c]32)[O]S(C)(=O)=O)c1-c1c(C(C)C)cc(C(C)C)cc1C(C)C,,CS(C)=O,CS(C)=O,CS(C)=O,CS(C)=O,79200.0,0.5497592091560364
Brc1cccnc1,Nc1ccccc1,,CCN=P(N=P(N(C)C)(N(C)C)N(C)C)(N(C)C)N(C)C,CC(C)(C)P(C1=CC=C[CH]1[Fe][CH]1C=CC=C1[P](C(C)(C)C)(C(C)(C)C)->[Pd]1(<-[NH2]c2ccccc2-c2cccc[c]21)[O]S(C)(=O)=O)C(C)(C)C,,CS(C)=O,CS(C)=O,CS(C)=O,CS(C)=O,79200.0,20.240394592285156
Brc1cccnc1,Sc1ccccc1,,CCN=P(N=P(N(C)C)(N(C)C)N(C)C)(N(C)C)N(C)C,CS(=O)(=O)[O][Pd]1(<-[NH2]c2ccccc2-c2cccc[c]21)<-[P](C1=CC=C[CH]1[Fe][CH]1C=CC=C1P(c1ccccc1)c1ccccc1)(c1ccccc1)c1ccccc1,,CS(C)=O,CS(C)=O,CS(C)=O,CS(C)=O,79200.0,0.0
Brc1cccnc1,c1ccc(Pc2ccccc2)cc1,,CC(C)(C)N=P(N1CCCC1)(N1CCCC1)N1CCCC1,CC(C)(C)[P](C(C)(C)C)(C(C)(C)C)->[Pd]1([Cl])<-[NH2]c2ccccc2-c2cccc[c]21,,CS(C)=O,CS(C)=O,CS(C)=O,CS(C)=O,79200.0,0.0
Brc1cccnc1,CCOC(=O)/C=C/c1ccccc1,,CCN(CC)P1(=NC(C)(C)C)N(C)CCCN1C,CC(C1=C([P](C2CCCCC2)(C2CCCCC2)->[Pd]2(<-[NH2]c3ccccc3-c3cccc[c]32)[O]S(C)(=O)=O)[CH]([Fe][CH]2C=CC=C2)C=C1)P(C(C)(C)C)C(C)(C)C,,CS(C)=O,CS(C)=O,CS(C)=O,CS(C)=O,79200.0,0.0
Brc1cccnc1,CCOC(=O)CC(=O)OCC,,CN1CCCN2CCCN=C12,CC(C)c1cc(C(C)C)c(-c2ccccc2[P](C(C)(C)C)(C(C)(C)C)->[Pd]2(<-[NH2]c3ccccc3-c3cccc[c]32)[O]S(C)(=O)=O)c(C(C)C)c1,,CS(C)=O,CS(C)=O,CS(C)=O,CS(C)=O,79200.0,4.946933269500732
Brc1cccnc1,Nc1ccccc1,,CC(C)(C)N=P(N1CCCC1)(N1CCCC1)N1CCCC1,CC(C1=C([P](C2CCCCC2)(C2CCCCC2)->[Pd]2(<-[NH2]c3ccccc3-c3cccc[c]32)[O]S(C)(=O)=O)[CH]([Fe][CH]2C=CC=C2)C=C1)P(C(C)(C)C)C(C)(C)C,,CS(C)=O,CS(C)=O,CS(C)=O,CS(C)=O,79200.0,2.661273241043091
Brc1cccnc1,c1ccc2[nH]ncc2c1,,CN(C)C(=NC(C)(C)C)N(C)C,CS(=O)(=O)[O][Pd]1(<-[NH2]c2ccccc2-c2cccc[c]21)<-[P](C1=CC=C[CH]1[Fe][CH]1C=CC=C1P(c1ccccc1)c1ccccc1)(c1ccccc1)c1ccccc1,,CS(C)=O,CS(C)=O,CS(C)=O,CS(C)=O,79200.0,0.0
Brc1cccnc1,CC(N)CCc1ccccc1,,CC(C)(C)N=P(N1CCCC1)(N1CCCC1)N1CCCC1,CC(C)(C)[P](C(C)(C)C)(C(C)(C)C)->[Pd]1([Cl])<-[NH2]c2ccccc2-c2cccc[c]21,,CS(C)=O,CS(C)=O,CS(C)=O,CS(C)=O,79200.0,0.0
Brc1cccnc1,Nc1ccccc1,,CN1CCCN2CCCN=C12,COc1ccc(OC)c([P](C(C)(C)C)(C(C)(C)C)->[Pd]2(<-[NH2]c3ccccc3-c3cccc[c]32)[O]S(C)(=O)=O)c1-c1c(C(C)C)cc(C(C)C)cc1C(C)C,,CS(C)=O,CS(C)=O,CS(C)=O,CS(C)=O,79200.0,13.030704498291016
Brc1cccnc1,c1ccc(Pc2ccccc2)cc1,,CN1CCCN2CCCN=C12,CC(C)(C)[P](c1ccc(N)cc1)(C(C)(C)C)->[Pd]1(<-[NH2]c2ccccc2-c2cccc[c]21)[O]S(C)(=O)=O,,CS(C)=O,CS(C)=O,CS(C)=O,CS(C)=O,79200.0,0.0
Brc1cccnc1,NS(=O)(=O)c1ccccc1,,CC(C)(C)N=P(N1CCCC1)(N1CCCC1)N1CCCC1,CC(C1=C([P](C2CCCCC2)(C2CCCCC2)->[Pd]2(<-[NH2]c3ccccc3-c3cccc[c]32)[O]S(C)(=O)=O)[CH]([Fe][CH]2C=CC=C2)C=C1)P(C(C)(C)C)C(C)(C)C,,CS(C)=O,CS(C)=O,CS(C)=O,CS(C)=O,79200.0,0.0
Brc1cccnc1,Oc1ccccc1,,CC(C)(C)N=P(N1CCCC1)(N1CCCC1)N1CCCC1,CC(C)c1cc(C(C)C)c(-c2ccccc2[P](C(C)(C)C)(C(C)(C)C)->[Pd]2(<-[NH2]c3ccccc3-c3cccc[c]32)[O]S(C)(=O)=O)c(C(C)C)c1,,CS(C)=O,CS(C)=O,CS(C)=O,CS(C)=O,79200.0,0.0
Brc1cccnc1,OCCCc1ccccc1,,CCN(CC)P1(=NC(C)(C)C)N(C)CCCN1C,CC(C1=C([P](C2CCCCC2)(C2CCCCC2)->[Pd]2(<-[NH2]c3ccccc3-c3cccc[c]32)[O]S(C)(=O)=O)[CH]([Fe][CH]2C=CC=C2)C=C1)P(C(C)(C)C)C(C)(C)C,,CS(C)=O,CS(C)=O,CS(C)=O,CS(C)=O,79200.0,0.0
Brc1cccnc1,c1ccc(Pc2ccccc2)cc1,,CCN(CC)P1(=NC(C)(C)C)N(C)CCCN1C,COc1ccc(OC)c([P](C2CCCCC2)(C2CCCCC2)->[Pd]2(<-[NH2]c3ccccc3-c3cccc[c]32)[O]S(C)(=O)=O)c1-c1c(C(C)C)cc(C(C)C)cc1C(C)C,,CS(C)=O,CS(C)=O,CS(C)=O,CS(C)=O,79200.0,0.0
Brc1cccnc1,CC1(C)OB(c2cnn(Cc3ccccc3)c2)OC1(C)C,O,CCN=P(N=P(N(C)C)(N(C)C)N(C)C)(N(C)C)N(C)C,CC(C)(C)[P](c1ccc(N)cc1)(C(C)(C)C)->[Pd]1(<-[NH2]c2ccccc2-c2cccc[c]21)[O]S(C)(=O)=O,,CS(C)=O,CS(C)=O,CS(C)=O,CS(C)=O,79200.0,39.81135177612305
Brc1cccnc1,NC(=O)c1ccccc1,,CC(C)(C)N=P(N1CCCC1)(N1CCCC1)N1CCCC1,CS(=O)(=O)[O][Pd]1(<-[NH2]c2ccccc2-c2cccc[c]21)<-[P](C1=CC=C[CH]1[Fe][CH]1C=CC=C1P(c1ccccc1)c1ccccc1)(c1ccccc1)c1ccccc1,,CS(C)=O,CS(C)=O,CS(C)=O,CS(C)=O,79200.0,0.0
Brc1cccnc1,NC(=O)c1ccccc1,,CN(C)C(=NC(C)(C)C)N(C)C,COc1ccc(OC)c([P](C23C[C@H]4C[C@@H](C2)C[C@@H](C3)C4)(C23C[C@H]4C[C@@H](C2)C[C@@H](C3)C4)->[Pd]2(<-[NH2]c3ccccc3-c3cccc[c]32)[O]S(C)(=O)=O)c1-c1c(C(C)C)cc(C(C)C)cc1C(C)C,,CS(C)=O,CS(C)=O,CS(C)=O,CS(C)=O,79200.0,15.82358455657959
Brc1cccnc1,CCOC(=O)/C=C/c1ccccc1,,CCN(CC)P1(=NC(C)(C)C)N(C)CCCN1C,CC(C)(C)P(C1=CC=C[CH]1[Fe][CH]1C=CC=C1[P](C(C)(C)C)(C(C)(C)C)->[Pd]1(<-[NH2]c2ccccc2-c2cccc[c]21)[O]S(C)(=O)=O)C(C)(C)C,,CS(C)=O,CS(C)=O,CS(C)=O,CS(C)=O,79200.0,0.0
Brc1cccnc1,N=C(N)Cc1ccccc1,,CCN=P(N=P(N(C)C)(N(C)C)N(C)C)(N(C)C)N(C)C,CC12CC3(C)OC(C)(CC(C)(O1)[P]3(c1ccccc1)->[Pd]1(<-[NH2]c3ccccc3-c3cccc[c]31)[O]S(C)(=O)=O)O2,,CS(C)=O,CS(C)=O,CS(C)=O,CS(C)=O,79200.0,0.0
Brc1cccnc1,CCOC(=O)CC(=O)OCC,,CN1CCCN2CCCN=C12,CC(C)(C)P(C1=CC=C[CH]1[Fe][CH]1C=CC=C1[P](C(C)(C)C)(C(C)(C)C)->[Pd]1(<-[NH2]c2ccccc2-c2cccc[c]21)[O]S(C)(=O)=O)C(C)(C)C,,CS(C)=O,CS(C)=O,CS(C)=O,CS(C)=O,79200.0,0.0
Brc1cccnc1,Nc1ccc(-c2ccccc2)cn1,,CN(C)C(=NC(C)(C)C)N(C)C,CC(C)(C)[P](C(C)(C)C)(C(C)(C)C)->[Pd]1([Cl])<-[NH2]c2ccccc2-c2cccc[c]21,,CS(C)=O,CS(C)=O,CS(C)=O,CS(C)=O,79200.0,0.0
Brc1cccnc1,CC(C)(C)OC(N)=O,,C1CCC2=NCCCN2CC1,CC(C)Oc1cccc(OC(C)C)c1-c1ccccc1[P](C1CCCCC1)(C1CCCCC1)->[Pd]1([Cl])<-[NH2]c2ccccc2-c2cccc[c]21,,CS(C)=O,CS(C)=O,CS(C)=O,CS(C)=O,79200.0,0.0
Brc1cccnc1,Sc1ccccc1,,CC(C)(C)N=P(N1CCCC1)(N1CCCC1)N1CCCC1,COc1ccc(OC)c([P](C(C)(C)C)(C(C)(C)C)->[Pd]2(<-[NH2]c3ccccc3-c3cccc[c]32)[O]S(C)(=O)=O)c1-c1c(C(C)C)cc(C(C)C)cc1C(C)C,,CS(C)=O,CS(C)=O,CS(C)=O,CS(C)=O,79200.0,0.0
Brc1cccnc1,C#Cc1ccc(CCCC)cc1,,CC(C)(C)N=P(N1CCCC1)(N1CCCC1)N1CCCC1,CC(C)c1cc(C(C)C)c(-c2ccccc2[P](C2CCCCC2)(C2CCCCC2)->[Pd]2(<-[NH2]c3ccccc3-c3cccc[c]32)[O]S(C)(=O)=O)c(C(C)C)c1,,CS(C)=O,CS(C)=O,CS(C)=O,CS(C)=O,79200.0,8.873271942138672
Brc1cccnc1,Nc1ccccc1,,C1CCC2=NCCCN2CC1,CC(C1=C([P](C2CCCCC2)(C2CCCCC2)->[Pd]2(<-[NH2]c3ccccc3-c3cccc[c]32)[O]S(C)(=O)=O)[CH]([Fe][CH]2C=CC=C2)C=C1)P(C(C)(C)C)C(C)(C)C,,CS(C)=O,CS(C)=O,CS(C)=O,CS(C)=O,79200.0,0.1806088536977768
Brc1cccnc1,CC(N)CCc1ccccc1,,CCN(CC)P1(=NC(C)(C)C)N(C)CCCN1C,CC(C)Oc1cccc(OC(C)C)c1-c1ccccc1[P](C1CCCCC1)(C1CCCCC1)->[Pd]1([Cl])<-[NH2]c2ccccc2-c2cccc[c]21,,CS(C)=O,CS(C)=O,CS(C)=O,CS(C)=O,79200.0,0.13089461624622345
Brc1cccnc1,NS(=O)(=O)c1ccccc1,,CN(C)C(=NC(C)(C)C)N(C)C,CC1(C)c2cccc(P(c3ccccc3)c3ccccc3)c2Oc2c1cccc2[P](c1ccccc1)(c1ccccc1)->[Pd]1([Cl])<-[NH2]c2ccccc2-c2cccc[c]21,,CS(C)=O,CS(C)=O,CS(C)=O,CS(C)=O,79200.0,0.0
Brc1cccnc1,Nc1ccc(-c2ccccc2)cn1,,CCN(CC)P1(=NC(C)(C)C)N(C)CCCN1C,CC(C)(C)P(C1=CC=C[CH]1[Fe][CH]1C=CC=C1[P](C(C)(C)C)(C(C)(C)C)->[Pd]1(<-[NH2]c2ccccc2-c2cccc[c]21)[O]S(C)(=O)=O)C(C)(C)C,,CS(C)=O,CS(C)=O,CS(C)=O,CS(C)=O,79200.0,0.3656453490257263
Brc1cccnc1,Oc1ccccc1,,CN1CCCN2CCCN=C12,CC(C)c1cc(C(C)C)c(-c2ccccc2[P](C(C)(C)C)(C(C)(C)C)->[Pd]2(<-[NH2]c3ccccc3-c3cccc[c]32)[O]S(C)(=O)=O)c(C(C)C)c1,,CS(C)=O,CS(C)=O,CS(C)=O,CS(C)=O,79200.0,0.0
Brc1cccnc1,Nc1ccc(-c2ccccc2)cn1,,CCN=P(N=P(N(C)C)(N(C)C)N(C)C)(N(C)C)N(C)C,CC(C)(C)P(C1=CC=C[CH]1[Fe][CH]1C=CC=C1[P](C(C)(C)C)(C(C)(C)C)->[Pd]1(<-[NH2]c2ccccc2-c2cccc[c]21)[O]S(C)(=O)=O)C(C)(C)C,,CS(C)=O,CS(C)=O,CS(C)=O,CS(C)=O,79200.0,1.3320684432983398
Brc1cccnc1,NS(=O)(=O)c1ccccc1,,CN1CCCN2CCCN=C12,COc1ccc(OC)c([P](C(C)(C)C)(C(C)(C)C)->[Pd]2(<-[NH2]c3ccccc3-c3cccc[c]32)[O]S(C)(=O)=O)c1-c1c(C(C)C)cc(C(C)C)cc1C(C)C,,CS(C)=O,CS(C)=O,CS(C)=O,CS(C)=O,79200.0,5.464231014251709
Brc1cccnc1,c1ccc(Pc2ccccc2)cc1,,CC(C)(C)N=P(N1CCCC1)(N1CCCC1)N1CCCC1,CS(=O)(=O)[O][Pd]1(<-[NH2]c2ccccc2-c2cccc[c]21)<-[P](c1ccccc1)(c1ccccc1)c1ccc2ccccc2c1-c1c(P(c2ccccc2)c2ccccc2)ccc2ccccc12,,CS(C)=O,CS(C)=O,CS(C)=O,CS(C)=O,79200.0,0.0
Brc1cccnc1,Sc1ccccc1,,CN1CCCN2CCCN=C12,COc1ccc(OC)c([P](C2CCCCC2)(C2CCCCC2)->[Pd]2(<-[NH2]c3ccccc3-c3cccc[c]32)[O]S(C)(=O)=O)c1-c1c(C(C)C)cc(C(C)C)cc1C(C)C,,CS(C)=O,CS(C)=O,CS(C)=O,CS(C)=O,79200.0,0.0
Brc1cccnc1,Sc1ccccc1,,CCN(CC)P1(=NC(C)(C)C)N(C)CCCN1C,CC(C)(C)[P](c1ccc(N)cc1)(C(C)(C)C)->[Pd]1(<-[NH2]c2ccccc2-c2cccc[c]21)[O]S(C)(=O)=O,,CS(C)=O,CS(C)=O,CS(C)=O,CS(C)=O,79200.0,0.0
Brc1cccnc1,NS(=O)(=O)c1ccccc1,,CN1CCCN2CCCN=C12,CC12CC3(C)OC(C)(CC(C)(O1)[P]3(c1ccccc1)->[Pd]1(<-[NH2]c3ccccc3-c3cccc[c]31)[O]S(C)(=O)=O)O2,,CS(C)=O,CS(C)=O,CS(C)=O,CS(C)=O,79200.0,0.0
Brc1cccnc1,CC1(C)OB(c2cnn(Cc3ccccc3)c2)OC1(C)C,O,CN(C)C(=NC(C)(C)C)N(C)C,CC(C)(C)[P](C(C)(C)C)(C(C)(C)C)->[Pd]1([Cl])<-[NH2]c2ccccc2-c2cccc[c]21,,CS(C)=O,CS(C)=O,CS(C)=O,CS(C)=O,79200.0,20.335615158081055
Brc1cccnc1,c1ccc2[nH]ncc2c1,,C1CCC2=NCCCN2CC1,CC12CC3(C)OC(C)(CC(C)(O1)[P]3(c1ccccc1)->[Pd]1(<-[NH2]c3ccccc3-c3cccc[c]31)[O]S(C)(=O)=O)O2,,CS(C)=O,CS(C)=O,CS(C)=O,CS(C)=O,79200.0,0.0
Brc1cccnc1,C#Cc1ccc(CCCC)cc1,,CN(C)C(=NC(C)(C)C)N(C)C,CC(C)Oc1cccc(OC(C)C)c1-c1ccccc1[P](C1CCCCC1)(C1CCCCC1)->[Pd]1([Cl])<-[NH2]c2ccccc2-c2cccc[c]21,,CS(C)=O,CS(C)=O,CS(C)=O,CS(C)=O,79200.0,20.987834930419922
Brc1cccnc1,CC1(C)OB(c2cnn(Cc3ccccc3)c2)OC1(C)C,O,CCN(CC)P1(=NC(C)(C)C)N(C)CCCN1C,CC(C)c1cc(C(C)C)c(-c2ccccc2[P](C2CCCCC2)(C2CCCCC2)->[Pd]2(<-[NH2]c3ccccc3-c3cccc[c]32)[O]S(C)(=O)=O)c(C(C)C)c1,,CS(C)=O,CS(C)=O,CS(C)=O,CS(C)=O,79200.0,14.650771141052246
Brc1cccnc1,Nc1ccccc1,,CN(C)C(=NC(C)(C)C)N(C)C,COc1ccc(OC)c([P](C23C[C@H]4C[C@@H](C2)C[C@@H](C3)C4)(C23C[C@H]4C[C@@H](C2)C[C@@H](C3)C4)->[Pd]2(<-[NH2]c3ccccc3-c3cccc[c]32)[O]S(C)(=O)=O)c1-c1c(C(C)C)cc(C(C)C)cc1C(C)C,,CS(C)=O,CS(C)=O,CS(C)=O,CS(C)=O,79200.0,16.248920440673828
Brc1cccnc1,Sc1ccccc1,,CN1CCCN2CCCN=C12,CC(C)(C)P(C1=CC=C[CH]1[Fe][CH]1C=CC=C1[P](C(C)(C)C)(C(C)(C)C)->[Pd]1(<-[NH2]c2ccccc2-c2cccc[c]21)[O]S(C)(=O)=O)C(C)(C)C,,CS(C)=O,CS(C)=O,CS(C)=O,CS(C)=O,79200.0,0.0
Brc1cccnc1,Nc1ccc(-c2ccccc2)cn1,,CC(C)(C)N=P(N1CCCC1)(N1CCCC1)N1CCCC1,CC(C)(C)[P](C(C)(C)C)(C(C)(C)C)->[Pd]1([Cl])<-[NH2]c2ccccc2-c2cccc[c]21,,CS(C)=O,CS(C)=O,CS(C)=O,CS(C)=O,79200.0,0.0
Brc1cccnc1,C#Cc1ccc(CCCC)cc1,,CC(C)(C)N=P(N1CCCC1)(N1CCCC1)N1CCCC1,COc1ccc(C)c(-c2c(C(C)C)cc(C(C)C)cc2C(C)C)c1[P](C(C)(C)C)(C(C)(C)C)->[Pd]1(<-[NH2]c2ccccc2-c2cccc[c]21)[O]S(C)(=O)=O,,CS(C)=O,CS(C)=O,CS(C)=O,CS(C)=O,79200.0,0.02966187335550785
Brc1cccnc1,Sc1ccccc1,,CN(C)C(=NC(C)(C)C)N(C)C,CS(=O)(=O)[O][Pd]1(<-[NH2]c2ccccc2-c2cccc[c]21)<-[P](C1=CC=C[CH]1[Fe][CH]1C=CC=C1P(c1ccccc1)c1ccccc1)(c1ccccc1)c1ccccc1,,CS(C)=O,CS(C)=O,CS(C)=O,CS(C)=O,79200.0,0.0
Brc1cccnc1,C#Cc1ccc(CCCC)cc1,,CN1CCCN2CCCN=C12,COc1ccc(C)c(-c2c(C(C)C)cc(C(C)C)cc2C(C)C)c1[P](C(C)(C)C)(C(C)(C)C)->[Pd]1(<-[NH2]c2ccccc2-c2cccc[c]21)[O]S(C)(=O)=O,,CS(C)=O,CS(C)=O,CS(C)=O,CS(C)=O,79200.0,9.075732231140137
Brc1cccnc1,c1ccc(Pc2ccccc2)cc1,,CCN(CC)P1(=NC(C)(C)C)N(C)CCCN1C,COc1ccc(C)c(-c2c(C(C)C)cc(C(C)C)cc2C(C)C)c1[P](C(C)(C)C)(C(C)(C)C)->[Pd]1(<-[NH2]c2ccccc2-c2cccc[c]21)[O]S(C)(=O)=O,,CS(C)=O,CS(C)=O,CS(C)=O,CS(C)=O,79200.0,0.0
Brc1cccnc1,CCOC(=O)/C=C/c1ccccc1,,C1CCC2=NCCCN2CC1,COc1ccc(OC)c([P](C(C)(C)C)(C(C)(C)C)->[Pd]2(<-[NH2]c3ccccc3-c3cccc[c]32)[O]S(C)(=O)=O)c1-c1c(C(C)C)cc(C(C)C)cc1C(C)C,,CS(C)=O,CS(C)=O,CS(C)=O,CS(C)=O,79200.0,0.0
Brc1cccnc1,c1ccc(Pc2ccccc2)cc1,,CC(C)(C)N=P(N1CCCC1)(N1CCCC1)N1CCCC1,COc1ccc(OC)c([P](C2CCCCC2)(C2CCCCC2)->[Pd]2(<-[NH2]c3ccccc3-c3cccc[c]32)[O]S(C)(=O)=O)c1-c1c(C(C)C)cc(C(C)C)cc1C(C)C,,CS(C)=O,CS(C)=O,CS(C)=O,CS(C)=O,79200.0,0.0
Brc1cccnc1,CC(N)CCc1ccccc1,,CN(C)C(=NC(C)(C)C)N(C)C,CS(=O)(=O)[O][Pd]1(<-[NH2]c2ccccc2-c2cccc[c]21)<-[P](C1=CC=C[CH]1[Fe][CH]1C=CC=C1P(c1ccccc1)c1ccccc1)(c1ccccc1)c1ccccc1,,CS(C)=O,CS(C)=O,CS(C)=O,CS(C)=O,79200.0,0.0
Brc1cccnc1,Nc1ccccc1,,CN(C)C(=NC(C)(C)C)N(C)C,CC(C1=C([P](C2CCCCC2)(C2CCCCC2)->[Pd]2(<-[NH2]c3ccccc3-c3cccc[c]32)[O]S(C)(=O)=O)[CH]([Fe][CH]2C=CC=C2)C=C1)P(C(C)(C)C)C(C)(C)C,,CS(C)=O,CS(C)=O,CS(C)=O,CS(C)=O,79200.0,0.5756567120552063
Brc1cccnc1,CCOC(=O)CC(=O)OCC,,CCN=P(N=P(N(C)C)(N(C)C)N(C)C)(N(C)C)N(C)C,CC(C1=C([P](C2CCCCC2)(C2CCCCC2)->[Pd]2(<-[NH2]c3ccccc3-c3cccc[c]32)[O]S(C)(=O)=O)[CH]([Fe][CH]2C=CC=C2)C=C1)P(C(C)(C)C)C(C)(C)C,,CS(C)=O,CS(C)=O,CS(C)=O,CS(C)=O,79200.0,0.0
Brc1cccnc1,CCOC(=O)/C=C/c1ccccc1,,CC(C)(C)N=P(N1CCCC1)(N1CCCC1)N1CCCC1,COc1ccc(C)c(-c2c(C(C)C)cc(C(C)C)cc2C(C)C)c1[P](C(C)(C)C)(C(C)(C)C)->[Pd]1(<-[NH2]c2ccccc2-c2cccc[c]21)[O]S(C)(=O)=O,,CS(C)=O,CS(C)=O,CS(C)=O,CS(C)=O,79200.0,0.0
Brc1cccnc1,C#Cc1ccc(CCCC)cc1,,CC(C)(C)N=P(N1CCCC1)(N1CCCC1)N1CCCC1,COc1ccc(OC)c([P](C2CCCCC2)(C2CCCCC2)->[Pd]2(<-[NH2]c3ccccc3-c3cccc[c]32)[O]S(C)(=O)=O)c1-c1c(C(C)C)cc(C(C)C)cc1C(C)C,,CS(C)=O,CS(C)=O,CS(C)=O,CS(C)=O,79200.0,0.8831415772438049
Brc1cccnc1,Nc1ccccc1,,CN(C)C(=NC(C)(C)C)N(C)C,CC(C)c1cc(C(C)C)c(-c2ccccc2[P](C2CCCCC2)(C2CCCCC2)->[Pd]2(<-[NH2]c3ccccc3-c3cccc[c]32)[O]S(C)(=O)=O)c(C(C)C)c1,,CS(C)=O,CS(C)=O,CS(C)=O,CS(C)=O,79200.0,2.868563413619995
Brc1cccnc1,CCOC(=O)CC(=O)OCC,,C1CCC2=NCCCN2CC1,CC(C)c1cc(C(C)C)c(-c2ccccc2[P](C2CCCCC2)(C2CCCCC2)->[Pd]2(<-[NH2]c3ccccc3-c3cccc[c]32)[O]S(C)(=O)=O)c(C(C)C)c1,,CS(C)=O,CS(C)=O,CS(C)=O,CS(C)=O,79200.0,0.0
Brc1cccnc1,NC(=O)c1ccccc1,,CN(C)C(=NC(C)(C)C)N(C)C,CC12CC3(C)OC(C)(CC(C)(O1)[P]3(c1ccccc1)->[Pd]1(<-[NH2]c3ccccc3-c3cccc[c]31)[O]S(C)(=O)=O)O2,,CS(C)=O,CS(C)=O,CS(C)=O,CS(C)=O,79200.0,0.0
Brc1cccnc1,Oc1ccccc1,,CCN(CC)P1(=NC(C)(C)C)N(C)CCCN1C,CC(C)(C)[P](c1ccc(N)cc1)(C(C)(C)C)->[Pd]1(<-[NH2]c2ccccc2-c2cccc[c]21)[O]S(C)(=O)=O,,CS(C)=O,CS(C)=O,CS(C)=O,CS(C)=O,79200.0,0.0
Brc1cccnc1,NC(=O)c1ccccc1,,CCN=P(N=P(N(C)C)(N(C)C)N(C)C)(N(C)C)N(C)C,CS(=O)(=O)[O][Pd]1(<-[NH2]c2ccccc2-c2cccc[c]21)<-[P](C1=CC=C[CH]1[Fe][CH]1C=CC=C1P(c1ccccc1)c1ccccc1)(c1ccccc1)c1ccccc1,,CS(C)=O,CS(C)=O,CS(C)=O,CS(C)=O,79200.0,0.0
Brc1cccnc1,c1ccc(Pc2ccccc2)cc1,,CN1CCCN2CCCN=C12,CC1(C)c2cccc(P(c3ccccc3)c3ccccc3)c2Oc2c1cccc2[P](c1ccccc1)(c1ccccc1)->[Pd]1([Cl])<-[NH2]c2ccccc2-c2cccc[c]21,,CS(C)=O,CS(C)=O,CS(C)=O,CS(C)=O,79200.0,0.0
Brc1cccnc1,C#Cc1ccc(CCCC)cc1,,CC(C)(C)N=P(N1CCCC1)(N1CCCC1)N1CCCC1,CC(C)(C)P(C1=CC=C[CH]1[Fe][CH]1C=CC=C1[P](C(C)(C)C)(C(C)(C)C)->[Pd]1(<-[NH2]c2ccccc2-c2cccc[c]21)[O]S(C)(=O)=O)C(C)(C)C,,CS(C)=O,CS(C)=O,CS(C)=O,CS(C)=O,79200.0,18.359811782836914
Brc1cccnc1,C#Cc1ccc(CCCC)cc1,,CCN=P(N=P(N(C)C)(N(C)C)N(C)C)(N(C)C)N(C)C,CC(C)(C)P(C1=CC=C[CH]1[Fe][CH]1C=CC=C1[P](C(C)(C)C)(C(C)(C)C)->[Pd]1(<-[NH2]c2ccccc2-c2cccc[c]21)[O]S(C)(=O)=O)C(C)(C)C,,CS(C)=O,CS(C)=O,CS(C)=O,CS(C)=O,79200.0,9.156697273254395
Brc1cccnc1,NC(=O)c1ccccc1,,CCN(CC)P1(=NC(C)(C)C)N(C)CCCN1C,COc1ccc(OC)c([P](C2CCCCC2)(C2CCCCC2)->[Pd]2(<-[NH2]c3ccccc3-c3cccc[c]32)[O]S(C)(=O)=O)c1-c1c(C(C)C)cc(C(C)C)cc1C(C)C,,CS(C)=O,CS(C)=O,CS(C)=O,CS(C)=O,79200.0,1.172518014907837
Brc1cccnc1,CC(N)CCc1ccccc1,,C1CCC2=NCCCN2CC1,COc1ccc(OC)c([P](C(C)(C)C)(C(C)(C)C)->[Pd]2(<-[NH2]c3ccccc3-c3cccc[c]32)[O]S(C)(=O)=O)c1-c1c(C(C)C)cc(C(C)C)cc1C(C)C,,CS(C)=O,CS(C)=O,CS(C)=O,CS(C)=O,79200.0,1.8688397407531738
Brc1cccnc1,CCOC(=O)CC(=O)OCC,,CN(C)C(=NC(C)(C)C)N(C)C,CS(=O)(=O)[O][Pd]1(<-[NH2]c2ccccc2-c2cccc[c]21)<-[P](C1=CC=C[CH]1[Fe][CH]1C=CC=C1P(c1ccccc1)c1ccccc1)(c1ccccc1)c1ccccc1,,CS(C)=O,CS(C)=O,CS(C)=O,CS(C)=O,79200.0,0.20920109748840332
Brc1cccnc1,Nc1ccccc1,,C1CCC2=NCCCN2CC1,CS(=O)(=O)[O][Pd]1(<-[NH2]c2ccccc2-c2cccc[c]21)<-[P](C1=CC=C[CH]1[Fe][CH]1C=CC=C1P(c1ccccc1)c1ccccc1)(c1ccccc1)c1ccccc1,,CS(C)=O,CS(C)=O,CS(C)=O,CS(C)=O,79200.0,0.0
Brc1cccnc1,N=C(N)Cc1ccccc1,,CN(C)C(=NC(C)(C)C)N(C)C,COc1ccc(C)c(-c2c(C(C)C)cc(C(C)C)cc2C(C)C)c1[P](C(C)(C)C)(C(C)(C)C)->[Pd]1(<-[NH2]c2ccccc2-c2cccc[c]21)[O]S(C)(=O)=O,,CS(C)=O,CS(C)=O,CS(C)=O,CS(C)=O,79200.0,0.359525591135025
Brc1cccnc1,Sc1ccccc1,,CN(C)C(=NC(C)(C)C)N(C)C,CS(=O)(=O)[O][Pd]1(<-[NH2]c2ccccc2-c2cccc[c]21)<-[P](c1ccccc1N1CCOCC1)(C12C[C@H]3C[C@@H](C1)C[C@@H](C2)C3)C12C[C@H]3C[C@@H](C1)C[C@@H](C2)C3,,CS(C)=O,CS(C)=O,CS(C)=O,CS(C)=O,79200.0,0.0
Brc1cccnc1,Sc1ccccc1,,CC(C)(C)N=P(N1CCCC1)(N1CCCC1)N1CCCC1,CC(C)(C)[P](C(C)(C)C)(C(C)(C)C)->[Pd]1([Cl])<-[NH2]c2ccccc2-c2cccc[c]21,,CS(C)=O,CS(C)=O,CS(C)=O,CS(C)=O,79200.0,0.0
Brc1cccnc1,c1ccc(Pc2ccccc2)cc1,,C1CCC2=NCCCN2CC1,CC(C)c1cc(C(C)C)c(-c2ccccc2[P](C2CCCCC2)(C2CCCCC2)->[Pd]2(<-[NH2]c3ccccc3-c3cccc[c]32)[O]S(C)(=O)=O)c(C(C)C)c1,,CS(C)=O,CS(C)=O,CS(C)=O,CS(C)=O,79200.0,0.0
Brc1cccnc1,Nc1ccc(-c2ccccc2)cn1,,CN1CCCN2CCCN=C12,CC(C)c1cc(C(C)C)c(-c2ccccc2[P](C(C)(C)C)(C(C)(C)C)->[Pd]2(<-[NH2]c3ccccc3-c3cccc[c]32)[O]S(C)(=O)=O)c(C(C)C)c1,,CS(C)=O,CS(C)=O,CS(C)=O,CS(C)=O,79200.0,8.27026653289795
Brc1cccnc1,Nc1ccc(-c2ccccc2)cn1,,CN(C)C(=NC(C)(C)C)N(C)C,COc1ccc(OC)c([P](C23C[C@H]4C[C@@H](C2)C[C@@H](C3)C4)(C23C[C@H]4C[C@@H](C2)C[C@@H](C3)C4)->[Pd]2(<-[NH2]c3ccccc3-c3cccc[c]32)[O]S(C)(=O)=O)c1-c1c(C(C)C)cc(C(C)C)cc1C(C)C,,CS(C)=O,CS(C)=O,CS(C)=O,CS(C)=O,79200.0,11.431985855102539
Brc1cccnc1,OCCCc1ccccc1,,CCN=P(N=P(N(C)C)(N(C)C)N(C)C)(N(C)C)N(C)C,COc1ccc(C)c(-c2c(C(C)C)cc(C(C)C)cc2C(C)C)c1[P](C(C)(C)C)(C(C)(C)C)->[Pd]1(<-[NH2]c2ccccc2-c2cccc[c]21)[O]S(C)(=O)=O,,CS(C)=O,CS(C)=O,CS(C)=O,CS(C)=O,79200.0,7.417953014373779
Brc1cccnc1,c1ccc2[nH]ncc2c1,,CCN(CC)P1(=NC(C)(C)C)N(C)CCCN1C,CC(C1=C([P](C2CCCCC2)(C2CCCCC2)->[Pd]2(<-[NH2]c3ccccc3-c3cccc[c]32)[O]S(C)(=O)=O)[CH]([Fe][CH]2C=CC=C2)C=C1)P(C(C)(C)C)C(C)(C)C,,CS(C)=O,CS(C)=O,CS(C)=O,CS(C)=O,79200.0,0.0
Brc1cccnc1,CC(N)CCc1ccccc1,,CC(C)(C)N=P(N1CCCC1)(N1CCCC1)N1CCCC1,CC(C)(C)[P](c1ccc(N)cc1)(C(C)(C)C)->[Pd]1(<-[NH2]c2ccccc2-c2cccc[c]21)[O]S(C)(=O)=O,,CS(C)=O,CS(C)=O,CS(C)=O,CS(C)=O,79200.0,0.236781045794487
Brc1cccnc1,NC(=O)c1ccccc1,,CN1CCCN2CCCN=C12,CC12CC3(C)OC(C)(CC(C)(O1)[P]3(c1ccccc1)->[Pd]1(<-[NH2]c3ccccc3-c3cccc[c]31)[O]S(C)(=O)=O)O2,,CS(C)=O,CS(C)=O,CS(C)=O,CS(C)=O,79200.0,0.0
Brc1cccnc1,Oc1ccccc1,,CCN(CC)P1(=NC(C)(C)C)N(C)CCCN1C,CC(C1=C([P](C2CCCCC2)(C2CCCCC2)->[Pd]2(<-[NH2]c3ccccc3-c3cccc[c]32)[O]S(C)(=O)=O)[CH]([Fe][CH]2C=CC=C2)C=C1)P(C(C)(C)C)C(C)(C)C,,CS(C)=O,CS(C)=O,CS(C)=O,CS(C)=O,79200.0,0.0
Brc1cccnc1,CCOC(=O)/C=C/c1ccccc1,,CC(C)(C)N=P(N1CCCC1)(N1CCCC1)N1CCCC1,CC(C)(C)[P](C(C)(C)C)(C(C)(C)C)->[Pd]1([Cl])<-[NH2]c2ccccc2-c2cccc[c]21,,CS(C)=O,CS(C)=O,CS(C)=O,CS(C)=O,79200.0,0.0
Brc1cccnc1,NS(=O)(=O)c1ccccc1,,C1CCC2=NCCCN2CC1,COc1ccc(OC)c([P](C23C[C@H]4C[C@@H](C2)C[C@@H](C3)C4)(C23C[C@H]4C[C@@H](C2)C[C@@H](C3)C4)->[Pd]2(<-[NH2]c3ccccc3-c3cccc[c]32)[O]S(C)(=O)=O)c1-c1c(C(C)C)cc(C(C)C)cc1C(C)C,,CS(C)=O,CS(C)=O,CS(C)=O,CS(C)=O,79200.0,4.177787780761719
Brc1cccnc1,CC(C)(C)OC(N)=O,,CCN=P(N=P(N(C)C)(N(C)C)N(C)C)(N(C)C)N(C)C,CS(=O)(=O)[O][Pd]1(<-[NH2]c2ccccc2-c2cccc[c]21)<-[P](C1=CC=C[CH]1[Fe][CH]1C=CC=C1P(c1ccccc1)c1ccccc1)(c1ccccc1)c1ccccc1,,CS(C)=O,CS(C)=O,CS(C)=O,CS(C)=O,79200.0,0.0
Brc1cccnc1,NS(=O)(=O)c1ccccc1,,CN1CCCN2CCCN=C12,COc1ccc(OC)c([P](C23C[C@H]4C[C@@H](C2)C[C@@H](C3)C4)(C23C[C@H]4C[C@@H](C2)C[C@@H](C3)C4)->[Pd]2(<-[NH2]c3ccccc3-c3cccc[c]32)[O]S(C)(=O)=O)c1-c1c(C(C)C)cc(C(C)C)cc1C(C)C,,CS(C)=O,CS(C)=O,CS(C)=O,CS(C)=O,79200.0,4.619242191314697
Brc1cccnc1,CC(N)CCc1ccccc1,,CCN=P(N=P(N(C)C)(N(C)C)N(C)C)(N(C)C)N(C)C,CC(C)(C)[P](C(C)(C)C)(C(C)(C)C)->[Pd]1([Cl])<-[NH2]c2ccccc2-c2cccc[c]21,,CS(C)=O,CS(C)=O,CS(C)=O,CS(C)=O,79200.0,0.0
Brc1cccnc1,CCOC(=O)/C=C/c1ccccc1,,CN(C)C(=NC(C)(C)C)N(C)C,COc1ccc(OC)c([P](C(C)(C)C)(C(C)(C)C)->[Pd]2(<-[NH2]c3ccccc3-c3cccc[c]32)[O]S(C)(=O)=O)c1-c1c(C(C)C)cc(C(C)C)cc1C(C)C,,CS(C)=O,CS(C)=O,CS(C)=O,CS(C)=O,79200.0,0.0
Brc1cccnc1,Nc1ccc(-c2ccccc2)cn1,,CCN=P(N=P(N(C)C)(N(C)C)N(C)C)(N(C)C)N(C)C,COc1ccc(OC)c([P](C(C)(C)C)(C(C)(C)C)->[Pd]2(<-[NH2]c3ccccc3-c3cccc[c]32)[O]S(C)(=O)=O)c1-c1c(C(C)C)cc(C(C)C)cc1C(C)C,,CS(C)=O,CS(C)=O,CS(C)=O,CS(C)=O,79200.0,4.937038898468018
Brc1cccnc1,Oc1ccccc1,,C1CCC2=NCCCN2CC1,CC(C)c1cc(C(C)C)c(-c2ccccc2[P](C2CCCCC2)(C2CCCCC2)->[Pd]2(<-[NH2]c3ccccc3-c3cccc[c]32)[O]S(C)(=O)=O)c(C(C)C)c1,,CS(C)=O,CS(C)=O,CS(C)=O,CS(C)=O,79200.0,0.0
Brc1cccnc1,CCOC(=O)/C=C/c1ccccc1,,CC(C)(C)N=P(N1CCCC1)(N1CCCC1)N1CCCC1,CC(C)(C)[P](c1ccc(N)cc1)(C(C)(C)C)->[Pd]1(<-[NH2]c2ccccc2-c2cccc[c]21)[O]S(C)(=O)=O,,CS(C)=O,CS(C)=O,CS(C)=O,CS(C)=O,79200.0,0.0
Brc1cccnc1,CC1(C)OB(c2cnn(Cc3ccccc3)c2)OC1(C)C,O,C1CCC2=NCCCN2CC1,COc1ccc(C)c(-c2c(C(C)C)cc(C(C)C)cc2C(C)C)c1[P](C(C)(C)C)(C(C)(C)C)->[Pd]1(<-[NH2]c2ccccc2-c2cccc[c]21)[O]S(C)(=O)=O,,CS(C)=O,CS(C)=O,CS(C)=O,CS(C)=O,79200.0,8.856220245361328
Brc1cccnc1,Sc1ccccc1,,CN1CCCN2CCCN=C12,CC12CC3(C)OC(C)(CC(C)(O1)[P]3(c1ccccc1)->[Pd]1(<-[NH2]c3ccccc3-c3cccc[c]31)[O]S(C)(=O)=O)O2,,CS(C)=O,CS(C)=O,CS(C)=O,CS(C)=O,79200.0,0.0
Brc1cccnc1,Nc1ccccc1,,C1CCC2=NCCCN2CC1,COc1ccc(OC)c([P](C(C)(C)C)(C(C)(C)C)->[Pd]2(<-[NH2]c3ccccc3-c3cccc[c]32)[O]S(C)(=O)=O)c1-c1c(C(C)C)cc(C(C)C)cc1C(C)C,,CS(C)=O,CS(C)=O,CS(C)=O,CS(C)=O,79200.0,11.482345581054688
Brc1cccnc1,CC(C)(C)OC(N)=O,,C1CCC2=NCCCN2CC1,CC(C)(C)[P](c1ccc(N)cc1)(C(C)(C)C)->[Pd]1(<-[NH2]c2ccccc2-c2cccc[c]21)[O]S(C)(=O)=O,,CS(C)=O,CS(C)=O,CS(C)=O,CS(C)=O,79200.0,0.0
Brc1cccnc1,N=C(N)Cc1ccccc1,,CCN(CC)P1(=NC(C)(C)C)N(C)CCCN1C,CC(C1=C([P](C2CCCCC2)(C2CCCCC2)->[Pd]2(<-[NH2]c3ccccc3-c3cccc[c]32)[O]S(C)(=O)=O)[CH]([Fe][CH]2C=CC=C2)C=C1)P(C(C)(C)C)C(C)(C)C,,CS(C)=O,CS(C)=O,CS(C)=O,CS(C)=O,79200.0,0.0
Brc1cccnc1,CC(N)CCc1ccccc1,,C1CCC2=NCCCN2CC1,CS(=O)(=O)[O][Pd]1(<-[NH2]c2ccccc2-c2cccc[c]21)<-[P](c1ccccc1N1CCOCC1)(C12C[C@H]3C[C@@H](C1)C[C@@H](C2)C3)C12C[C@H]3C[C@@H](C1)C[C@@H](C2)C3,,CS(C)=O,CS(C)=O,CS(C)=O,CS(C)=O,79200.0,0.0
Brc1cccnc1,CCOC(=O)CC(=O)OCC,,CC(C)(C)N=P(N1CCCC1)(N1CCCC1)N1CCCC1,CS(=O)(=O)[O][Pd]1(<-[NH2]c2ccccc2-c2cccc[c]21)<-[P](c1ccccc1N1CCOCC1)(C12C[C@H]3C[C@@H](C1)C[C@@H](C2)C3)C12C[C@H]3C[C@@H](C1)C[C@@H](C2)C3,,CS(C)=O,CS(C)=O,CS(C)=O,CS(C)=O,79200.0,0.09661831706762314
Brc1cccnc1,CC(N)CCc1ccccc1,,CC(C)(C)N=P(N1CCCC1)(N1CCCC1)N1CCCC1,CS(=O)(=O)[O][Pd]1(<-[NH2]c2ccccc2-c2cccc[c]21)<-[P](C1=CC=C[CH]1[Fe][CH]1C=CC=C1P(c1ccccc1)c1ccccc1)(c1ccccc1)c1ccccc1,,CS(C)=O,CS(C)=O,CS(C)=O,CS(C)=O,79200.0,0.0
Brc1cccnc1,Sc1ccccc1,,C1CCC2=NCCCN2CC1,CC(C)(C)P(C1=CC=C[CH]1[Fe][CH]1C=CC=C1[P](C(C)(C)C)(C(C)(C)C)->[Pd]1(<-[NH2]c2ccccc2-c2cccc[c]21)[O]S(C)(=O)=O)C(C)(C)C,,CS(C)=O,CS(C)=O,CS(C)=O,CS(C)=O,79200.0,0.0
Brc1cccnc1,OCCCc1ccccc1,,CN1CCCN2CCCN=C12,CC1(C)c2cccc(P(c3ccccc3)c3ccccc3)c2Oc2c1cccc2[P](c1ccccc1)(c1ccccc1)->[Pd]1([Cl])<-[NH2]c2ccccc2-c2cccc[c]21,,CS(C)=O,CS(C)=O,CS(C)=O,CS(C)=O,79200.0,0.0
Brc1cccnc1,c1ccc2[nH]ncc2c1,,CN1CCCN2CCCN=C12,COc1ccc(OC)c([P](C23C[C@H]4C[C@@H](C2)C[C@@H](C3)C4)(C23C[C@H]4C[C@@H](C2)C[C@@H](C3)C4)->[Pd]2(<-[NH2]c3ccccc3-c3cccc[c]32)[O]S(C)(=O)=O)c1-c1c(C(C)C)cc(C(C)C)cc1C(C)C,,CS(C)=O,CS(C)=O,CS(C)=O,CS(C)=O,79200.0,8.086706161499023
Brc1cccnc1,CC(C)(C)OC(N)=O,,CC(C)(C)N=P(N1CCCC1)(N1CCCC1)N1CCCC1,CC(C)(C)P(C1=CC=C[CH]1[Fe][CH]1C=CC=C1[P](C(C)(C)C)(C(C)(C)C)->[Pd]1(<-[NH2]c2ccccc2-c2cccc[c]21)[O]S(C)(=O)=O)C(C)(C)C,,CS(C)=O,CS(C)=O,CS(C)=O,CS(C)=O,79200.0,0.22918979823589325
Brc1cccnc1,CCOC(=O)/C=C/c1ccccc1,,CN(C)C(=NC(C)(C)C)N(C)C,COc1ccc(OC)c([P](C23C[C@H]4C[C@@H](C2)C[C@@H](C3)C4)(C23C[C@H]4C[C@@H](C2)C[C@@H](C3)C4)->[Pd]2(<-[NH2]c3ccccc3-c3cccc[c]32)[O]S(C)(=O)=O)c1-c1c(C(C)C)cc(C(C)C)cc1C(C)C,,CS(C)=O,CS(C)=O,CS(C)=O,CS(C)=O,79200.0,0.0
Brc1cccnc1,N=C(N)Cc1ccccc1,,CN1CCCN2CCCN=C12,COc1ccc(C)c(-c2c(C(C)C)cc(C(C)C)cc2C(C)C)c1[P](C(C)(C)C)(C(C)(C)C)->[Pd]1(<-[NH2]c2ccccc2-c2cccc[c]21)[O]S(C)(=O)=O,,CS(C)=O,CS(C)=O,CS(C)=O,CS(C)=O,79200.0,0.4279211759567261
Brc1cccnc1,OCCCc1ccccc1,,CC(C)(C)N=P(N1CCCC1)(N1CCCC1)N1CCCC1,COc1ccc(OC)c([P](C(C)(C)C)(C(C)(C)C)->[Pd]2(<-[NH2]c3ccccc3-c3cccc[c]32)[O]S(C)(=O)=O)c1-c1c(C(C)C)cc(C(C)C)cc1C(C)C,,CS(C)=O,CS(C)=O,CS(C)=O,CS(C)=O,79200.0,0.5940371751785278
Brc1cccnc1,CC1(C)OB(c2cnn(Cc3ccccc3)c2)OC1(C)C,O,CCN=P(N=P(N(C)C)(N(C)C)N(C)C)(N(C)C)N(C)C,CS(=O)(=O)[O][Pd]1(<-[NH2]c2ccccc2-c2cccc[c]21)<-[P](C1=CC=C[CH]1[Fe][CH]1C=CC=C1P(c1ccccc1)c1ccccc1)(c1ccccc1)c1ccccc1,,CS(C)=O,CS(C)=O,CS(C)=O,CS(C)=O,79200.0,7.481917858123779
Brc1cccnc1,NS(=O)(=O)c1ccccc1,,CCN=P(N=P(N(C)C)(N(C)C)N(C)C)(N(C)C)N(C)C,COc1ccc(OC)c([P](C23C[C@H]4C[C@@H](C2)C[C@@H](C3)C4)(C23C[C@H]4C[C@@H](C2)C[C@@H](C3)C4)->[Pd]2(<-[NH2]c3ccccc3-c3cccc[c]32)[O]S(C)(=O)=O)c1-c1c(C(C)C)cc(C(C)C)cc1C(C)C,,CS(C)=O,CS(C)=O,CS(C)=O,CS(C)=O,79200.0,7.537516117095947
Brc1cccnc1,OCCCc1ccccc1,,CCN(CC)P1(=NC(C)(C)C)N(C)CCCN1C,CS(=O)(=O)[O][Pd]1(<-[NH2]c2ccccc2-c2cccc[c]21)<-[P](c1ccccc1)(c1ccccc1)c1ccc2ccccc2c1-c1c(P(c2ccccc2)c2ccccc2)ccc2ccccc12,,CS(C)=O,CS(C)=O,CS(C)=O,CS(C)=O,79200.0,0.0
Brc1cccnc1,Oc1ccccc1,,CCN(CC)P1(=NC(C)(C)C)N(C)CCCN1C,CC(C)(C)[P](C(C)(C)C)(C(C)(C)C)->[Pd]1([Cl])<-[NH2]c2ccccc2-c2cccc[c]21,,CS(C)=O,CS(C)=O,CS(C)=O,CS(C)=O,79200.0,0.0
Brc1cccnc1,C#Cc1ccc(CCCC)cc1,,CN(C)C(=NC(C)(C)C)N(C)C,CC(C1=C([P](C2CCCCC2)(C2CCCCC2)->[Pd]2(<-[NH2]c3ccccc3-c3cccc[c]32)[O]S(C)(=O)=O)[CH]([Fe][CH]2C=CC=C2)C=C1)P(C(C)(C)C)C(C)(C)C,,CS(C)=O,CS(C)=O,CS(C)=O,CS(C)=O,79200.0,1.7812516689300537
Brc1cccnc1,OCCCc1ccccc1,,CN1CCCN2CCCN=C12,CC(C)(C)[P](C(C)(C)C)(C(C)(C)C)->[Pd]1([Cl])<-[NH2]c2ccccc2-c2cccc[c]21,,CS(C)=O,CS(C)=O,CS(C)=O,CS(C)=O,79200.0,0.0
Brc1cccnc1,CC1(C)OB(c2cnn(Cc3ccccc3)c2)OC1(C)C,O,CCN(CC)P1(=NC(C)(C)C)N(C)CCCN1C,COc1ccc(OC)c([P](C23C[C@H]4C[C@@H](C2)C[C@@H](C3)C4)(C23C[C@H]4C[C@@H](C2)C[C@@H](C3)C4)->[Pd]2(<-[NH2]c3ccccc3-c3cccc[c]32)[O]S(C)(=O)=O)c1-c1c(C(C)C)cc(C(C)C)cc1C(C)C,,CS(C)=O,CS(C)=O,CS(C)=O,CS(C)=O,79200.0,2.301466226577759
Brc1cccnc1,N=C(N)Cc1ccccc1,,CCN=P(N=P(N(C)C)(N(C)C)N(C)C)(N(C)C)N(C)C,COc1ccc(OC)c([P](C23C[C@H]4C[C@@H](C2)C[C@@H](C3)C4)(C23C[C@H]4C[C@@H](C2)C[C@@H](C3)C4)->[Pd]2(<-[NH2]c3ccccc3-c3cccc[c]32)[O]S(C)(=O)=O)c1-c1c(C(C)C)cc(C(C)C)cc1C(C)C,,CS(C)=O,CS(C)=O,CS(C)=O,CS(C)=O,79200.0,2.604809045791626
Brc1cccnc1,CC(N)CCc1ccccc1,,C1CCC2=NCCCN2CC1,CC(C)Oc1cccc(OC(C)C)c1-c1ccccc1[P](C1CCCCC1)(C1CCCCC1)->[Pd]1([Cl])<-[NH2]c2ccccc2-c2cccc[c]21,,CS(C)=O,CS(C)=O,CS(C)=O,CS(C)=O,79200.0,0.0
Brc1cccnc1,CC1(C)OB(c2cnn(Cc3ccccc3)c2)OC1(C)C,O,CC(C)(C)N=P(N1CCCC1)(N1CCCC1)N1CCCC1,CC1(C)c2cccc(P(c3ccccc3)c3ccccc3)c2Oc2c1cccc2[P](c1ccccc1)(c1ccccc1)->[Pd]1([Cl])<-[NH2]c2ccccc2-c2cccc[c]21,,CS(C)=O,CS(C)=O,CS(C)=O,CS(C)=O,79200.0,8.476725578308105
Brc1cccnc1,Oc1ccccc1,,CN(C)C(=NC(C)(C)C)N(C)C,CC(C)c1cc(C(C)C)c(-c2ccccc2[P](C2CCCCC2)(C2CCCCC2)->[Pd]2(<-[NH2]c3ccccc3-c3cccc[c]32)[O]S(C)(=O)=O)c(C(C)C)c1,,CS(C)=O,CS(C)=O,CS(C)=O,CS(C)=O,79200.0,0.0
Brc1cccnc1,NC(=O)c1ccccc1,,CN1CCCN2CCCN=C12,CC1(C)c2cccc(P(c3ccccc3)c3ccccc3)c2Oc2c1cccc2[P](c1ccccc1)(c1ccccc1)->[Pd]1([Cl])<-[NH2]c2ccccc2-c2cccc[c]21,,CS(C)=O,CS(C)=O,CS(C)=O,CS(C)=O,79200.0,0.2482977956533432
Brc1cccnc1,c1ccc2[nH]ncc2c1,,CCN(CC)P1(=NC(C)(C)C)N(C)CCCN1C,CC(C)c1cc(C(C)C)c(-c2ccccc2[P](C(C)(C)C)(C(C)(C)C)->[Pd]2(<-[NH2]c3ccccc3-c3cccc[c]32)[O]S(C)(=O)=O)c(C(C)C)c1,,CS(C)=O,CS(C)=O,CS(C)=O,CS(C)=O,79200.0,1.4699506759643555
Brc1cccnc1,N=C(N)Cc1ccccc1,,C1CCC2=NCCCN2CC1,COc1ccc(OC)c([P](C2CCCCC2)(C2CCCCC2)->[Pd]2(<-[NH2]c3ccccc3-c3cccc[c]32)[O]S(C)(=O)=O)c1-c1c(C(C)C)cc(C(C)C)cc1C(C)C,,CS(C)=O,CS(C)=O,CS(C)=O,CS(C)=O,79200.0,0.0
Brc1cccnc1,OCCCc1ccccc1,,C1CCC2=NCCCN2CC1,CS(=O)(=O)[O][Pd]1(<-[NH2]c2ccccc2-c2cccc[c]21)<-[P](c1ccccc1N1CCOCC1)(C12C[C@H]3C[C@@H](C1)C[C@@H](C2)C3)C12C[C@H]3C[C@@H](C1)C[C@@H](C2)C3,,CS(C)=O,CS(C)=O,CS(C)=O,CS(C)=O,79200.0,0.0
Brc1cccnc1,CCOC(=O)/C=C/c1ccccc1,,C1CCC2=NCCCN2CC1,CC(C)(C)P(C1=CC=C[CH]1[Fe][CH]1C=CC=C1[P](C(C)(C)C)(C(C)(C)C)->[Pd]1(<-[NH2]c2ccccc2-c2cccc[c]21)[O]S(C)(=O)=O)C(C)(C)C,,CS(C)=O,CS(C)=O,CS(C)=O,CS(C)=O,79200.0,0.0
Brc1cccnc1,Oc1ccccc1,,CCN(CC)P1(=NC(C)(C)C)N(C)CCCN1C,COc1ccc(OC)c([P](C23C[C@H]4C[C@@H](C2)C[C@@H](C3)C4)(C23C[C@H]4C[C@@H](C2)C[C@@H](C3)C4)->[Pd]2(<-[NH2]c3ccccc3-c3cccc[c]32)[O]S(C)(=O)=O)c1-c1c(C(C)C)cc(C(C)C)cc1C(C)C,,CS(C)=O,CS(C)=O,CS(C)=O,CS(C)=O,79200.0,0.0
Brc1cccnc1,OCCCc1ccccc1,,C1CCC2=NCCCN2CC1,CC(C)Oc1cccc(OC(C)C)c1-c1ccccc1[P](C1CCCCC1)(C1CCCCC1)->[Pd]1([Cl])<-[NH2]c2ccccc2-c2cccc[c]21,,CS(C)=O,CS(C)=O,CS(C)=O,CS(C)=O,79200.0,0.0
Brc1cccnc1,c1ccc(Pc2ccccc2)cc1,,CN(C)C(=NC(C)(C)C)N(C)C,CC1(C)c2cccc(P(c3ccccc3)c3ccccc3)c2Oc2c1cccc2[P](c1ccccc1)(c1ccccc1)->[Pd]1([Cl])<-[NH2]c2ccccc2-c2cccc[c]21,,CS(C)=O,CS(C)=O,CS(C)=O,CS(C)=O,79200.0,0.0
Brc1cccnc1,N=C(N)Cc1ccccc1,,CN1CCCN2CCCN=C12,CC12CC3(C)OC(C)(CC(C)(O1)[P]3(c1ccccc1)->[Pd]1(<-[NH2]c3ccccc3-c3cccc[c]31)[O]S(C)(=O)=O)O2,,CS(C)=O,CS(C)=O,CS(C)=O,CS(C)=O,79200.0,0.0
Brc1cccnc1,Sc1ccccc1,,CN(C)C(=NC(C)(C)C)N(C)C,CC(C)c1cc(C(C)C)c(-c2ccccc2[P](C(C)(C)C)(C(C)(C)C)->[Pd]2(<-[NH2]c3ccccc3-c3cccc[c]32)[O]S(C)(=O)=O)c(C(C)C)c1,,CS(C)=O,CS(C)=O,CS(C)=O,CS(C)=O,79200.0,0.0
Brc1cccnc1,OCCCc1ccccc1,,CN1CCCN2CCCN=C12,CS(=O)(=O)[O][Pd]1(<-[NH2]c2ccccc2-c2cccc[c]21)<-[P](C1=CC=C[CH]1[Fe][CH]1C=CC=C1P(c1ccccc1)c1ccccc1)(c1ccccc1)c1ccccc1,,CS(C)=O,CS(C)=O,CS(C)=O,CS(C)=O,79200.0,0.0
Brc1cccnc1,NS(=O)(=O)c1ccccc1,,CCN(CC)P1(=NC(C)(C)C)N(C)CCCN1C,CC(C)c1cc(C(C)C)c(-c2ccccc2[P](C2CCCCC2)(C2CCCCC2)->[Pd]2(<-[NH2]c3ccccc3-c3cccc[c]32)[O]S(C)(=O)=O)c(C(C)C)c1,,CS(C)=O,CS(C)=O,CS(C)=O,CS(C)=O,79200.0,0.0
Brc1cccnc1,CCOC(=O)CC(=O)OCC,,C1CCC2=NCCCN2CC1,CC(C)(C)[P](c1ccc(N)cc1)(C(C)(C)C)->[Pd]1(<-[NH2]c2ccccc2-c2cccc[c]21)[O]S(C)(=O)=O,,CS(C)=O,CS(C)=O,CS(C)=O,CS(C)=O,79200.0,0.2776866555213928
Brc1cccnc1,Oc1ccccc1,,CN(C)C(=NC(C)(C)C)N(C)C,CC(C)c1cc(C(C)C)c(-c2ccccc2[P](C(C)(C)C)(C(C)(C)C)->[Pd]2(<-[NH2]c3ccccc3-c3cccc[c]32)[O]S(C)(=O)=O)c(C(C)C)c1,,CS(C)=O,CS(C)=O,CS(C)=O,CS(C)=O,79200.0,0.0
Brc1cccnc1,Nc1ccccc1,,CN(C)C(=NC(C)(C)C)N(C)C,CS(=O)(=O)[O][Pd]1(<-[NH2]c2ccccc2-c2cccc[c]21)<-[P](C1=CC=C[CH]1[Fe][CH]1C=CC=C1P(c1ccccc1)c1ccccc1)(c1ccccc1)c1ccccc1,,CS(C)=O,CS(C)=O,CS(C)=O,CS(C)=O,79200.0,0.0
Brc1cccnc1,Nc1ccccc1,,CCN(CC)P1(=NC(C)(C)C)N(C)CCCN1C,COc1ccc(OC)c([P](C2CCCCC2)(C2CCCCC2)->[Pd]2(<-[NH2]c3ccccc3-c3cccc[c]32)[O]S(C)(=O)=O)c1-c1c(C(C)C)cc(C(C)C)cc1C(C)C,,CS(C)=O,CS(C)=O,CS(C)=O,CS(C)=O,79200.0,2.5648131370544434
Brc1cccnc1,Nc1ccc(-c2ccccc2)cn1,,C1CCC2=NCCCN2CC1,COc1ccc(OC)c([P](C23C[C@H]4C[C@@H](C2)C[C@@H](C3)C4)(C23C[C@H]4C[C@@H](C2)C[C@@H](C3)C4)->[Pd]2(<-[NH2]c3ccccc3-c3cccc[c]32)[O]S(C)(=O)=O)c1-c1c(C(C)C)cc(C(C)C)cc1C(C)C,,CS(C)=O,CS(C)=O,CS(C)=O,CS(C)=O,79200.0,11.120086669921875
Brc1cccnc1,CCOC(=O)CC(=O)OCC,,C1CCC2=NCCCN2CC1,CC(C)(C)P(C1=CC=C[CH]1[Fe][CH]1C=CC=C1[P](C(C)(C)C)(C(C)(C)C)->[Pd]1(<-[NH2]c2ccccc2-c2cccc[c]21)[O]S(C)(=O)=O)C(C)(C)C,,CS(C)=O,CS(C)=O,CS(C)=O,CS(C)=O,79200.0,0.0
Brc1cccnc1,Oc1ccccc1,,CCN=P(N=P(N(C)C)(N(C)C)N(C)C)(N(C)C)N(C)C,COc1ccc(OC)c([P](C23C[C@H]4C[C@@H](C2)C[C@@H](C3)C4)(C23C[C@H]4C[C@@H](C2)C[C@@H](C3)C4)->[Pd]2(<-[NH2]c3ccccc3-c3cccc[c]32)[O]S(C)(=O)=O)c1-c1c(C(C)C)cc(C(C)C)cc1C(C)C,,CS(C)=O,CS(C)=O,CS(C)=O,CS(C)=O,79200.0,0.0
Brc1cccnc1,CC(N)CCc1ccccc1,,CCN(CC)P1(=NC(C)(C)C)N(C)CCCN1C,COc1ccc(OC)c([P](C2CCCCC2)(C2CCCCC2)->[Pd]2(<-[NH2]c3ccccc3-c3cccc[c]32)[O]S(C)(=O)=O)c1-c1c(C(C)C)cc(C(C)C)cc1C(C)C,,CS(C)=O,CS(C)=O,CS(C)=O,CS(C)=O,79200.0,0.2928280234336853
Brc1cccnc1,c1ccc2[nH]ncc2c1,,C1CCC2=NCCCN2CC1,COc1ccc(OC)c([P](C23C[C@H]4C[C@@H](C2)C[C@@H](C3)C4)(C23C[C@H]4C[C@@H](C2)C[C@@H](C3)C4)->[Pd]2(<-[NH2]c3ccccc3-c3cccc[c]32)[O]S(C)(=O)=O)c1-c1c(C(C)C)cc(C(C)C)cc1C(C)C,,CS(C)=O,CS(C)=O,CS(C)=O,CS(C)=O,79200.0,4.818633079528809
Brc1cccnc1,OCCCc1ccccc1,,CCN(CC)P1(=NC(C)(C)C)N(C)CCCN1C,CC(C)c1cc(C(C)C)c(-c2ccccc2[P](C2CCCCC2)(C2CCCCC2)->[Pd]2(<-[NH2]c3ccccc3-c3cccc[c]32)[O]S(C)(=O)=O)c(C(C)C)c1,,CS(C)=O,CS(C)=O,CS(C)=O,CS(C)=O,79200.0,0.0
Brc1cccnc1,CCOC(=O)/C=C/c1ccccc1,,CC(C)(C)N=P(N1CCCC1)(N1CCCC1)N1CCCC1,CC(C)Oc1cccc(OC(C)C)c1-c1ccccc1[P](C1CCCCC1)(C1CCCCC1)->[Pd]1([Cl])<-[NH2]c2ccccc2-c2cccc[c]21,,CS(C)=O,CS(C)=O,CS(C)=O,CS(C)=O,79200.0,0.0
Brc1cccnc1,NC(=O)c1ccccc1,,CN(C)C(=NC(C)(C)C)N(C)C,CC(C1=C([P](C2CCCCC2)(C2CCCCC2)->[Pd]2(<-[NH2]c3ccccc3-c3cccc[c]32)[O]S(C)(=O)=O)[CH]([Fe][CH]2C=CC=C2)C=C1)P(C(C)(C)C)C(C)(C)C,,CS(C)=O,CS(C)=O,CS(C)=O,CS(C)=O,79200.0,0.0
Brc1cccnc1,CC1(C)OB(c2cnn(Cc3ccccc3)c2)OC1(C)C,O,CCN(CC)P1(=NC(C)(C)C)N(C)CCCN1C,CC(C)Oc1cccc(OC(C)C)c1-c1ccccc1[P](C1CCCCC1)(C1CCCCC1)->[Pd]1([Cl])<-[NH2]c2ccccc2-c2cccc[c]21,,CS(C)=O,CS(C)=O,CS(C)=O,CS(C)=O,79200.0,21.87836456298828
Brc1cccnc1,CCOC(=O)CC(=O)OCC,,C1CCC2=NCCCN2CC1,CS(=O)(=O)[O][Pd]1(<-[NH2]c2ccccc2-c2cccc[c]21)<-[P](c1ccccc1N1CCOCC1)(C12C[C@H]3C[C@@H](C1)C[C@@H](C2)C3)C12C[C@H]3C[C@@H](C1)C[C@@H](C2)C3,,CS(C)=O,CS(C)=O,CS(C)=O,CS(C)=O,79200.0,0.10937464237213135
Brc1cccnc1,c1ccc2[nH]ncc2c1,,CCN=P(N=P(N(C)C)(N(C)C)N(C)C)(N(C)C)N(C)C,CC(C)(C)[P](C(C)(C)C)(C(C)(C)C)->[Pd]1([Cl])<-[NH2]c2ccccc2-c2cccc[c]21,,CS(C)=O,CS(C)=O,CS(C)=O,CS(C)=O,79200.0,0.0
Brc1cccnc1,CCOC(=O)/C=C/c1ccccc1,,CCN(CC)P1(=NC(C)(C)C)N(C)CCCN1C,CC(C)c1cc(C(C)C)c(-c2ccccc2[P](C2CCCCC2)(C2CCCCC2)->[Pd]2(<-[NH2]c3ccccc3-c3cccc[c]32)[O]S(C)(=O)=O)c(C(C)C)c1,,CS(C)=O,CS(C)=O,CS(C)=O,CS(C)=O,79200.0,0.0
Brc1cccnc1,OCCCc1ccccc1,,CC(C)(C)N=P(N1CCCC1)(N1CCCC1)N1CCCC1,CS(=O)(=O)[O][Pd]1(<-[NH2]c2ccccc2-c2cccc[c]21)<-[P](c1ccccc1N1CCOCC1)(C12C[C@H]3C[C@@H](C1)C[C@@H](C2)C3)C12C[C@H]3C[C@@H](C1)C[C@@H](C2)C3,,CS(C)=O,CS(C)=O,CS(C)=O,CS(C)=O,79200.0,0.0
Brc1cccnc1,CC(C)(C)OC(N)=O,,CN(C)C(=NC(C)(C)C)N(C)C,CC(C)(C)P(C1=CC=C[CH]1[Fe][CH]1C=CC=C1[P](C(C)(C)C)(C(C)(C)C)->[Pd]1(<-[NH2]c2ccccc2-c2cccc[c]21)[O]S(C)(=O)=O)C(C)(C)C,,CS(C)=O,CS(C)=O,CS(C)=O,CS(C)=O,79200.0,0.0
Brc1cccnc1,C#Cc1ccc(CCCC)cc1,,CN1CCCN2CCCN=C12,CS(=O)(=O)[O][Pd]1(<-[NH2]c2ccccc2-c2cccc[c]21)<-[P](C1=CC=C[CH]1[Fe][CH]1C=CC=C1P(c1ccccc1)c1ccccc1)(c1ccccc1)c1ccccc1,,CS(C)=O,CS(C)=O,CS(C)=O,CS(C)=O,79200.0,2.201946496963501
Brc1cccnc1,Nc1ccccc1,,CN1CCCN2CCCN=C12,CC1(C)c2cccc(P(c3ccccc3)c3ccccc3)c2Oc2c1cccc2[P](c1ccccc1)(c1ccccc1)->[Pd]1([Cl])<-[NH2]c2ccccc2-c2cccc[c]21,,CS(C)=O,CS(C)=O,CS(C)=O,CS(C)=O,79200.0,0.4326696991920471
Brc1cccnc1,c1ccc2[nH]ncc2c1,,CCN(CC)P1(=NC(C)(C)C)N(C)CCCN1C,CC1(C)c2cccc(P(c3ccccc3)c3ccccc3)c2Oc2c1cccc2[P](c1ccccc1)(c1ccccc1)->[Pd]1([Cl])<-[NH2]c2ccccc2-c2cccc[c]21,,CS(C)=O,CS(C)=O,CS(C)=O,CS(C)=O,79200.0,0.0
Brc1cccnc1,Nc1ccccc1,,CCN=P(N=P(N(C)C)(N(C)C)N(C)C)(N(C)C)N(C)C,COc1ccc(OC)c([P](C(C)(C)C)(C(C)(C)C)->[Pd]2(<-[NH2]c3ccccc3-c3cccc[c]32)[O]S(C)(=O)=O)c1-c1c(C(C)C)cc(C(C)C)cc1C(C)C,,CS(C)=O,CS(C)=O,CS(C)=O,CS(C)=O,79200.0,8.378973007202148
Brc1cccnc1,Nc1ccccc1,,CCN=P(N=P(N(C)C)(N(C)C)N(C)C)(N(C)C)N(C)C,CC(C)(C)[P](c1ccc(N)cc1)(C(C)(C)C)->[Pd]1(<-[NH2]c2ccccc2-c2cccc[c]21)[O]S(C)(=O)=O,,CS(C)=O,CS(C)=O,CS(C)=O,CS(C)=O,79200.0,0.1406853049993515
Brc1cccnc1,OCCCc1ccccc1,,CC(C)(C)N=P(N1CCCC1)(N1CCCC1)N1CCCC1,CS(=O)(=O)[O][Pd]1(<-[NH2]c2ccccc2-c2cccc[c]21)<-[P](C1=CC=C[CH]1[Fe][CH]1C=CC=C1P(c1ccccc1)c1ccccc1)(c1ccccc1)c1ccccc1,,CS(C)=O,CS(C)=O,CS(C)=O,CS(C)=O,79200.0,0.0
Brc1cccnc1,N=C(N)Cc1ccccc1,,CC(C)(C)N=P(N1CCCC1)(N1CCCC1)N1CCCC1,CC12CC3(C)OC(C)(CC(C)(O1)[P]3(c1ccccc1)->[Pd]1(<-[NH2]c3ccccc3-c3cccc[c]31)[O]S(C)(=O)=O)O2,,CS(C)=O,CS(C)=O,CS(C)=O,CS(C)=O,79200.0,0.0
Brc1cccnc1,Oc1ccccc1,,CCN=P(N=P(N(C)C)(N(C)C)N(C)C)(N(C)C)N(C)C,COc1ccc(OC)c([P](C2CCCCC2)(C2CCCCC2)->[Pd]2(<-[NH2]c3ccccc3-c3cccc[c]32)[O]S(C)(=O)=O)c1-c1c(C(C)C)cc(C(C)C)cc1C(C)C,,CS(C)=O,CS(C)=O,CS(C)=O,CS(C)=O,79200.0,0.0
Brc1cccnc1,NS(=O)(=O)c1ccccc1,,CC(C)(C)N=P(N1CCCC1)(N1CCCC1)N1CCCC1,COc1ccc(OC)c([P](C(C)(C)C)(C(C)(C)C)->[Pd]2(<-[NH2]c3ccccc3-c3cccc[c]32)[O]S(C)(=O)=O)c1-c1c(C(C)C)cc(C(C)C)cc1C(C)C,,CS(C)=O,CS(C)=O,CS(C)=O,CS(C)=O,79200.0,5.515477657318115
Brc1cccnc1,CC(N)CCc1ccccc1,,CC(C)(C)N=P(N1CCCC1)(N1CCCC1)N1CCCC1,CC(C)(C)P(C1=CC=C[CH]1[Fe][CH]1C=CC=C1[P](C(C)(C)C)(C(C)(C)C)->[Pd]1(<-[NH2]c2ccccc2-c2cccc[c]21)[O]S(C)(=O)=O)C(C)(C)C,,CS(C)=O,CS(C)=O,CS(C)=O,CS(C)=O,79200.0,0.0
Brc1cccnc1,c1ccc2[nH]ncc2c1,,CC(C)(C)N=P(N1CCCC1)(N1CCCC1)N1CCCC1,CC(C)Oc1cccc(OC(C)C)c1-c1ccccc1[P](C1CCCCC1)(C1CCCCC1)->[Pd]1([Cl])<-[NH2]c2ccccc2-c2cccc[c]21,,CS(C)=O,CS(C)=O,CS(C)=O,CS(C)=O,79200.0,0.0
Brc1cccnc1,Nc1ccc(-c2ccccc2)cn1,,C1CCC2=NCCCN2CC1,CC(C)(C)P(C1=CC=C[CH]1[Fe][CH]1C=CC=C1[P](C(C)(C)C)(C(C)(C)C)->[Pd]1(<-[NH2]c2ccccc2-c2cccc[c]21)[O]S(C)(=O)=O)C(C)(C)C,,CS(C)=O,CS(C)=O,CS(C)=O,CS(C)=O,79200.0,0.30276837944984436
Brc1cccnc1,OCCCc1ccccc1,,CN(C)C(=NC(C)(C)C)N(C)C,CC(C)(C)[P](C(C)(C)C)(C(C)(C)C)->[Pd]1([Cl])<-[NH2]c2ccccc2-c2cccc[c]21,,CS(C)=O,CS(C)=O,CS(C)=O,CS(C)=O,79200.0,0.0
Brc1cccnc1,C#Cc1ccc(CCCC)cc1,,CC(C)(C)N=P(N1CCCC1)(N1CCCC1)N1CCCC1,CC(C)c1cc(C(C)C)c(-c2ccccc2[P](C(C)(C)C)(C(C)(C)C)->[Pd]2(<-[NH2]c3ccccc3-c3cccc[c]32)[O]S(C)(=O)=O)c(C(C)C)c1,,CS(C)=O,CS(C)=O,CS(C)=O,CS(C)=O,79200.0,0.3340097665786743
Brc1cccnc1,N=C(N)Cc1ccccc1,,C1CCC2=NCCCN2CC1,CS(=O)(=O)[O][Pd]1(<-[NH2]c2ccccc2-c2cccc[c]21)<-[P](c1ccccc1N1CCOCC1)(C12C[C@H]3C[C@@H](C1)C[C@@H](C2)C3)C12C[C@H]3C[C@@H](C1)C[C@@H](C2)C3,,CS(C)=O,CS(C)=O,CS(C)=O,CS(C)=O,79200.0,0.0
Brc1cccnc1,OCCCc1ccccc1,,CN(C)C(=NC(C)(C)C)N(C)C,COc1ccc(OC)c([P](C2CCCCC2)(C2CCCCC2)->[Pd]2(<-[NH2]c3ccccc3-c3cccc[c]32)[O]S(C)(=O)=O)c1-c1c(C(C)C)cc(C(C)C)cc1C(C)C,,CS(C)=O,CS(C)=O,CS(C)=O,CS(C)=O,79200.0,0.0
Brc1cccnc1,CC(C)(C)OC(N)=O,,CN(C)C(=NC(C)(C)C)N(C)C,CC1(C)c2cccc(P(c3ccccc3)c3ccccc3)c2Oc2c1cccc2[P](c1ccccc1)(c1ccccc1)->[Pd]1([Cl])<-[NH2]c2ccccc2-c2cccc[c]21,,CS(C)=O,CS(C)=O,CS(C)=O,CS(C)=O,79200.0,0.0
Brc1cccnc1,CC(C)(C)OC(N)=O,,CCN=P(N=P(N(C)C)(N(C)C)N(C)C)(N(C)C)N(C)C,COc1ccc(OC)c([P](C2CCCCC2)(C2CCCCC2)->[Pd]2(<-[NH2]c3ccccc3-c3cccc[c]32)[O]S(C)(=O)=O)c1-c1c(C(C)C)cc(C(C)C)cc1C(C)C,,CS(C)=O,CS(C)=O,CS(C)=O,CS(C)=O,79200.0,1.7321557998657227
Brc1cccnc1,OCCCc1ccccc1,,CC(C)(C)N=P(N1CCCC1)(N1CCCC1)N1CCCC1,COc1ccc(OC)c([P](C2CCCCC2)(C2CCCCC2)->[Pd]2(<-[NH2]c3ccccc3-c3cccc[c]32)[O]S(C)(=O)=O)c1-c1c(C(C)C)cc(C(C)C)cc1C(C)C,,CS(C)=O,CS(C)=O,CS(C)=O,CS(C)=O,79200.0,0.0
Brc1cccnc1,CC(C)(C)OC(N)=O,,CCN=P(N=P(N(C)C)(N(C)C)N(C)C)(N(C)C)N(C)C,COc1ccc(OC)c([P](C23C[C@H]4C[C@@H](C2)C[C@@H](C3)C4)(C23C[C@H]4C[C@@H](C2)C[C@@H](C3)C4)->[Pd]2(<-[NH2]c3ccccc3-c3cccc[c]32)[O]S(C)(=O)=O)c1-c1c(C(C)C)cc(C(C)C)cc1C(C)C,,CS(C)=O,CS(C)=O,CS(C)=O,CS(C)=O,79200.0,2.095637798309326
Brc1cccnc1,CCOC(=O)CC(=O)OCC,,C1CCC2=NCCCN2CC1,COc1ccc(OC)c([P](C(C)(C)C)(C(C)(C)C)->[Pd]2(<-[NH2]c3ccccc3-c3cccc[c]32)[O]S(C)(=O)=O)c1-c1c(C(C)C)cc(C(C)C)cc1C(C)C,,CS(C)=O,CS(C)=O,CS(C)=O,CS(C)=O,79200.0,2.9178926944732666
Brc1cccnc1,CC(C)(C)OC(N)=O,,CN1CCCN2CCCN=C12,COc1ccc(OC)c([P](C(C)(C)C)(C(C)(C)C)->[Pd]2(<-[NH2]c3ccccc3-c3cccc[c]32)[O]S(C)(=O)=O)c1-c1c(C(C)C)cc(C(C)C)cc1C(C)C,,CS(C)=O,CS(C)=O,CS(C)=O,CS(C)=O,79200.0,7.378069877624512
Brc1cccnc1,C#Cc1ccc(CCCC)cc1,,CN(C)C(=NC(C)(C)C)N(C)C,CS(=O)(=O)[O][Pd]1(<-[NH2]c2ccccc2-c2cccc[c]21)<-[P](c1ccccc1N1CCOCC1)(C12C[C@H]3C[C@@H](C1)C[C@@H](C2)C3)C12C[C@H]3C[C@@H](C1)C[C@@H](C2)C3,,CS(C)=O,CS(C)=O,CS(C)=O,CS(C)=O,79200.0,2.640044927597046
Brc1cccnc1,NC(=O)c1ccccc1,,CN1CCCN2CCCN=C12,CC(C)(C)P(C1=CC=C[CH]1[Fe][CH]1C=CC=C1[P](C(C)(C)C)(C(C)(C)C)->[Pd]1(<-[NH2]c2ccccc2-c2cccc[c]21)[O]S(C)(=O)=O)C(C)(C)C,,CS(C)=O,CS(C)=O,CS(C)=O,CS(C)=O,79200.0,0.0
Brc1cccnc1,Nc1ccc(-c2ccccc2)cn1,,C1CCC2=NCCCN2CC1,COc1ccc(C)c(-c2c(C(C)C)cc(C(C)C)cc2C(C)C)c1[P](C(C)(C)C)(C(C)(C)C)->[Pd]1(<-[NH2]c2ccccc2-c2cccc[c]21)[O]S(C)(=O)=O,,CS(C)=O,CS(C)=O,CS(C)=O,CS(C)=O,79200.0,4.364123344421387
Brc1cccnc1,CCOC(=O)/C=C/c1ccccc1,,CC(C)(C)N=P(N1CCCC1)(N1CCCC1)N1CCCC1,COc1ccc(OC)c([P](C23C[C@H]4C[C@@H](C2)C[C@@H](C3)C4)(C23C[C@H]4C[C@@H](C2)C[C@@H](C3)C4)->[Pd]2(<-[NH2]c3ccccc3-c3cccc[c]32)[O]S(C)(=O)=O)c1-c1c(C(C)C)cc(C(C)C)cc1C(C)C,,CS(C)=O,CS(C)=O,CS(C)=O,CS(C)=O,79200.0,0.0
Brc1cccnc1,C#Cc1ccc(CCCC)cc1,,CCN=P(N=P(N(C)C)(N(C)C)N(C)C)(N(C)C)N(C)C,CS(=O)(=O)[O][Pd]1(<-[NH2]c2ccccc2-c2cccc[c]21)<-[P](c1ccccc1)(c1ccccc1)c1ccc2ccccc2c1-c1c(P(c2ccccc2)c2ccccc2)ccc2ccccc12,,CS(C)=O,CS(C)=O,CS(C)=O,CS(C)=O,79200.0,0.08194126188755035
Brc1cccnc1,NC(=O)c1ccccc1,,CC(C)(C)N=P(N1CCCC1)(N1CCCC1)N1CCCC1,CS(=O)(=O)[O][Pd]1(<-[NH2]c2ccccc2-c2cccc[c]21)<-[P](c1ccccc1N1CCOCC1)(C12C[C@H]3C[C@@H](C1)C[C@@H](C2)C3)C12C[C@H]3C[C@@H](C1)C[C@@H](C2)C3,,CS(C)=O,CS(C)=O,CS(C)=O,CS(C)=O,79200.0,0.0
Brc1cccnc1,CC(C)(C)OC(N)=O,,CC(C)(C)N=P(N1CCCC1)(N1CCCC1)N1CCCC1,CC1(C)c2cccc(P(c3ccccc3)c3ccccc3)c2Oc2c1cccc2[P](c1ccccc1)(c1ccccc1)->[Pd]1([Cl])<-[NH2]c2ccccc2-c2cccc[c]21,,CS(C)=O,CS(C)=O,CS(C)=O,CS(C)=O,79200.0,0.10820654779672623
Brc1cccnc1,CCOC(=O)CC(=O)OCC,,CN1CCCN2CCCN=C12,CS(=O)(=O)[O][Pd]1(<-[NH2]c2ccccc2-c2cccc[c]21)<-[P](c1ccccc1)(c1ccccc1)c1ccc2ccccc2c1-c1c(P(c2ccccc2)c2ccccc2)ccc2ccccc12,,CS(C)=O,CS(C)=O,CS(C)=O,CS(C)=O,79200.0,0.24595600366592407
Brc1cccnc1,CC(C)(C)OC(N)=O,,CN1CCCN2CCCN=C12,CS(=O)(=O)[O][Pd]1(<-[NH2]c2ccccc2-c2cccc[c]21)<-[P](c1ccccc1)(c1ccccc1)c1ccc2ccccc2c1-c1c(P(c2ccccc2)c2ccccc2)ccc2ccccc12,,CS(C)=O,CS(C)=O,CS(C)=O,CS(C)=O,79200.0,0.0
Brc1cccnc1,C#Cc1ccc(CCCC)cc1,,CN(C)C(=NC(C)(C)C)N(C)C,COc1ccc(OC)c([P](C23C[C@H]4C[C@@H](C2)C[C@@H](C3)C4)(C23C[C@H]4C[C@@H](C2)C[C@@H](C3)C4)->[Pd]2(<-[NH2]c3ccccc3-c3cccc[c]32)[O]S(C)(=O)=O)c1-c1c(C(C)C)cc(C(C)C)cc1C(C)C,,CS(C)=O,CS(C)=O,CS(C)=O,CS(C)=O,79200.0,12.150412559509277
Brc1cccnc1,C#Cc1ccc(CCCC)cc1,,CC(C)(C)N=P(N1CCCC1)(N1CCCC1)N1CCCC1,CC1(C)c2cccc(P(c3ccccc3)c3ccccc3)c2Oc2c1cccc2[P](c1ccccc1)(c1ccccc1)->[Pd]1([Cl])<-[NH2]c2ccccc2-c2cccc[c]21,,CS(C)=O,CS(C)=O,CS(C)=O,CS(C)=O,79200.0,8.712167739868164
Brc1cccnc1,c1ccc(Pc2ccccc2)cc1,,CN(C)C(=NC(C)(C)C)N(C)C,CS(=O)(=O)[O][Pd]1(<-[NH2]c2ccccc2-c2cccc[c]21)<-[P](C1=CC=C[CH]1[Fe][CH]1C=CC=C1P(c1ccccc1)c1ccccc1)(c1ccccc1)c1ccccc1,,CS(C)=O,CS(C)=O,CS(C)=O,CS(C)=O,79200.0,0.0
Brc1cccnc1,Nc1ccc(-c2ccccc2)cn1,,CN(C)C(=NC(C)(C)C)N(C)C,CS(=O)(=O)[O][Pd]1(<-[NH2]c2ccccc2-c2cccc[c]21)<-[P](c1ccccc1N1CCOCC1)(C12C[C@H]3C[C@@H](C1)C[C@@H](C2)C3)C12C[C@H]3C[C@@H](C1)C[C@@H](C2)C3,,CS(C)=O,CS(C)=O,CS(C)=O,CS(C)=O,79200.0,0.1256062090396881
Brc1cccnc1,c1ccc(Pc2ccccc2)cc1,,CCN(CC)P1(=NC(C)(C)C)N(C)CCCN1C,COc1ccc(OC)c([P](C(C)(C)C)(C(C)(C)C)->[Pd]2(<-[NH2]c3ccccc3-c3cccc[c]32)[O]S(C)(=O)=O)c1-c1c(C(C)C)cc(C(C)C)cc1C(C)C,,CS(C)=O,CS(C)=O,CS(C)=O,CS(C)=O,79200.0,0.0
Brc1cccnc1,CC(N)CCc1ccccc1,,CN1CCCN2CCCN=C12,CS(=O)(=O)[O][Pd]1(<-[NH2]c2ccccc2-c2cccc[c]21)<-[P](C1=CC=C[CH]1[Fe][CH]1C=CC=C1P(c1ccccc1)c1ccccc1)(c1ccccc1)c1ccccc1,,CS(C)=O,CS(C)=O,CS(C)=O,CS(C)=O,79200.0,0.0
Brc1cccnc1,NC(=O)c1ccccc1,,CCN=P(N=P(N(C)C)(N(C)C)N(C)C)(N(C)C)N(C)C,COc1ccc(OC)c([P](C(C)(C)C)(C(C)(C)C)->[Pd]2(<-[NH2]c3ccccc3-c3cccc[c]32)[O]S(C)(=O)=O)c1-c1c(C(C)C)cc(C(C)C)cc1C(C)C,,CS(C)=O,CS(C)=O,CS(C)=O,CS(C)=O,79200.0,12.221600532531738
Brc1cccnc1,c1ccc2[nH]ncc2c1,,C1CCC2=NCCCN2CC1,CC(C1=C([P](C2CCCCC2)(C2CCCCC2)->[Pd]2(<-[NH2]c3ccccc3-c3cccc[c]32)[O]S(C)(=O)=O)[CH]([Fe][CH]2C=CC=C2)C=C1)P(C(C)(C)C)C(C)(C)C,,CS(C)=O,CS(C)=O,CS(C)=O,CS(C)=O,79200.0,0.0
Brc1cccnc1,OCCCc1ccccc1,,CN1CCCN2CCCN=C12,CC(C)c1cc(C(C)C)c(-c2ccccc2[P](C2CCCCC2)(C2CCCCC2)->[Pd]2(<-[NH2]c3ccccc3-c3cccc[c]32)[O]S(C)(=O)=O)c(C(C)C)c1,,CS(C)=O,CS(C)=O,CS(C)=O,CS(C)=O,79200.0,0.0
Brc1cccnc1,CCOC(=O)CC(=O)OCC,,CCN(CC)P1(=NC(C)(C)C)N(C)CCCN1C,CC(C)c1cc(C(C)C)c(-c2ccccc2[P](C(C)(C)C)(C(C)(C)C)->[Pd]2(<-[NH2]c3ccccc3-c3cccc[c]32)[O]S(C)(=O)=O)c(C(C)C)c1,,CS(C)=O,CS(C)=O,CS(C)=O,CS(C)=O,79200.0,1.1117833852767944
Brc1cccnc1,OCCCc1ccccc1,,CC(C)(C)N=P(N1CCCC1)(N1CCCC1)N1CCCC1,CC(C)c1cc(C(C)C)c(-c2ccccc2[P](C2CCCCC2)(C2CCCCC2)->[Pd]2(<-[NH2]c3ccccc3-c3cccc[c]32)[O]S(C)(=O)=O)c(C(C)C)c1,,CS(C)=O,CS(C)=O,CS(C)=O,CS(C)=O,79200.0,0.0
Brc1cccnc1,Sc1ccccc1,,CC(C)(C)N=P(N1CCCC1)(N1CCCC1)N1CCCC1,CS(=O)(=O)[O][Pd]1(<-[NH2]c2ccccc2-c2cccc[c]21)<-[P](c1ccccc1N1CCOCC1)(C12C[C@H]3C[C@@H](C1)C[C@@H](C2)C3)C12C[C@H]3C[C@@H](C1)C[C@@H](C2)C3,,CS(C)=O,CS(C)=O,CS(C)=O,CS(C)=O,79200.0,0.0
Brc1cccnc1,CCOC(=O)/C=C/c1ccccc1,,CN(C)C(=NC(C)(C)C)N(C)C,CC(C)(C)[P](c1ccc(N)cc1)(C(C)(C)C)->[Pd]1(<-[NH2]c2ccccc2-c2cccc[c]21)[O]S(C)(=O)=O,,CS(C)=O,CS(C)=O,CS(C)=O,CS(C)=O,79200.0,0.0
Brc1cccnc1,C#Cc1ccc(CCCC)cc1,,CN(C)C(=NC(C)(C)C)N(C)C,COc1ccc(OC)c([P](C(C)(C)C)(C(C)(C)C)->[Pd]2(<-[NH2]c3ccccc3-c3cccc[c]32)[O]S(C)(=O)=O)c1-c1c(C(C)C)cc(C(C)C)cc1C(C)C,,CS(C)=O,CS(C)=O,CS(C)=O,CS(C)=O,79200.0,10.563925743103027
Brc1cccnc1,N=C(N)Cc1ccccc1,,C1CCC2=NCCCN2CC1,CC(C)Oc1cccc(OC(C)C)c1-c1ccccc1[P](C1CCCCC1)(C1CCCCC1)->[Pd]1([Cl])<-[NH2]c2ccccc2-c2cccc[c]21,,CS(C)=O,CS(C)=O,CS(C)=O,CS(C)=O,79200.0,0.0
Brc1cccnc1,CC1(C)OB(c2cnn(Cc3ccccc3)c2)OC1(C)C,O,CCN=P(N=P(N(C)C)(N(C)C)N(C)C)(N(C)C)N(C)C,COc1ccc(OC)c([P](C23C[C@H]4C[C@@H](C2)C[C@@H](C3)C4)(C23C[C@H]4C[C@@H](C2)C[C@@H](C3)C4)->[Pd]2(<-[NH2]c3ccccc3-c3cccc[c]32)[O]S(C)(=O)=O)c1-c1c(C(C)C)cc(C(C)C)cc1C(C)C,,CS(C)=O,CS(C)=O,CS(C)=O,CS(C)=O,79200.0,6.131841659545898
Brc1cccnc1,CC(N)CCc1ccccc1,,CC(C)(C)N=P(N1CCCC1)(N1CCCC1)N1CCCC1,CC(C1=C([P](C2CCCCC2)(C2CCCCC2)->[Pd]2(<-[NH2]c3ccccc3-c3cccc[c]32)[O]S(C)(=O)=O)[CH]([Fe][CH]2C=CC=C2)C=C1)P(C(C)(C)C)C(C)(C)C,,CS(C)=O,CS(C)=O,CS(C)=O,CS(C)=O,79200.0,0.0
Brc1cccnc1,CCOC(=O)/C=C/c1ccccc1,,C1CCC2=NCCCN2CC1,CC(C1=C([P](C2CCCCC2)(C2CCCCC2)->[Pd]2(<-[NH2]c3ccccc3-c3cccc[c]32)[O]S(C)(=O)=O)[CH]([Fe][CH]2C=CC=C2)C=C1)P(C(C)(C)C)C(C)(C)C,,CS(C)=O,CS(C)=O,CS(C)=O,CS(C)=O,79200.0,0.0
Brc1cccnc1,OCCCc1ccccc1,,CCN=P(N=P(N(C)C)(N(C)C)N(C)C)(N(C)C)N(C)C,CC(C)c1cc(C(C)C)c(-c2ccccc2[P](C(C)(C)C)(C(C)(C)C)->[Pd]2(<-[NH2]c3ccccc3-c3cccc[c]32)[O]S(C)(=O)=O)c(C(C)C)c1,,CS(C)=O,CS(C)=O,CS(C)=O,CS(C)=O,79200.0,7.119159698486328
Brc1cccnc1,Nc1ccccc1,,CCN(CC)P1(=NC(C)(C)C)N(C)CCCN1C,CC(C)c1cc(C(C)C)c(-c2ccccc2[P](C(C)(C)C)(C(C)(C)C)->[Pd]2(<-[NH2]c3ccccc3-c3cccc[c]32)[O]S(C)(=O)=O)c(C(C)C)c1,,CS(C)=O,CS(C)=O,CS(C)=O,CS(C)=O,79200.0,2.4315569400787354
Brc1cccnc1,CCOC(=O)CC(=O)OCC,,CCN=P(N=P(N(C)C)(N(C)C)N(C)C)(N(C)C)N(C)C,COc1ccc(OC)c([P](C23C[C@H]4C[C@@H](C2)C[C@@H](C3)C4)(C23C[C@H]4C[C@@H](C2)C[C@@H](C3)C4)->[Pd]2(<-[NH2]c3ccccc3-c3cccc[c]32)[O]S(C)(=O)=O)c1-c1c(C(C)C)cc(C(C)C)cc1C(C)C,,CS(C)=O,CS(C)=O,CS(C)=O,CS(C)=O,79200.0,4.714932441711426
Brc1cccnc1,Oc1ccccc1,,C1CCC2=NCCCN2CC1,COc1ccc(C)c(-c2c(C(C)C)cc(C(C)C)cc2C(C)C)c1[P](C(C)(C)C)(C(C)(C)C)->[Pd]1(<-[NH2]c2ccccc2-c2cccc[c]21)[O]S(C)(=O)=O,,CS(C)=O,CS(C)=O,CS(C)=O,CS(C)=O,79200.0,0.0
Brc1cccnc1,Nc1ccc(-c2ccccc2)cn1,,CCN(CC)P1(=NC(C)(C)C)N(C)CCCN1C,COc1ccc(OC)c([P](C2CCCCC2)(C2CCCCC2)->[Pd]2(<-[NH2]c3ccccc3-c3cccc[c]32)[O]S(C)(=O)=O)c1-c1c(C(C)C)cc(C(C)C)cc1C(C)C,,CS(C)=O,CS(C)=O,CS(C)=O,CS(C)=O,79200.0,2.5609734058380127
Brc1cccnc1,CCOC(=O)CC(=O)OCC,,CC(C)(C)N=P(N1CCCC1)(N1CCCC1)N1CCCC1,CC(C)Oc1cccc(OC(C)C)c1-c1ccccc1[P](C1CCCCC1)(C1CCCCC1)->[Pd]1([Cl])<-[NH2]c2ccccc2-c2cccc[c]21,,CS(C)=O,CS(C)=O,CS(C)=O,CS(C)=O,79200.0,0.2356068193912506
Brc1cccnc1,CC(N)CCc1ccccc1,,CCN(CC)P1(=NC(C)(C)C)N(C)CCCN1C,COc1ccc(OC)c([P](C(C)(C)C)(C(C)(C)C)->[Pd]2(<-[NH2]c3ccccc3-c3cccc[c]32)[O]S(C)(=O)=O)c1-c1c(C(C)C)cc(C(C)C)cc1C(C)C,,CS(C)=O,CS(C)=O,CS(C)=O,CS(C)=O,79200.0,1.3841639757156372
Brc1cccnc1,C#Cc1ccc(CCCC)cc1,,CN(C)C(=NC(C)(C)C)N(C)C,CC(C)c1cc(C(C)C)c(-c2ccccc2[P](C(C)(C)C)(C(C)(C)C)->[Pd]2(<-[NH2]c3ccccc3-c3cccc[c]32)[O]S(C)(=O)=O)c(C(C)C)c1,,CS(C)=O,CS(C)=O,CS(C)=O,CS(C)=O,79200.0,17.78965187072754
Brc1cccnc1,Nc1ccccc1,,CCN(CC)P1(=NC(C)(C)C)N(C)CCCN1C,CC(C)(C)[P](c1ccc(N)cc1)(C(C)(C)C)->[Pd]1(<-[NH2]c2ccccc2-c2cccc[c]21)[O]S(C)(=O)=O,,CS(C)=O,CS(C)=O,CS(C)=O,CS(C)=O,79200.0,0.0
Brc1cccnc1,CC1(C)OB(c2cnn(Cc3ccccc3)c2)OC1(C)C,O,C1CCC2=NCCCN2CC1,CC(C)(C)[P](C(C)(C)C)(C(C)(C)C)->[Pd]1([Cl])<-[NH2]c2ccccc2-c2cccc[c]21,,CS(C)=O,CS(C)=O,CS(C)=O,CS(C)=O,79200.0,0.5224700570106506
Brc1cccnc1,Nc1ccc(-c2ccccc2)cn1,,C1CCC2=NCCCN2CC1,CC(C)(C)[P](C(C)(C)C)(C(C)(C)C)->[Pd]1([Cl])<-[NH2]c2ccccc2-c2cccc[c]21,,CS(C)=O,CS(C)=O,CS(C)=O,CS(C)=O,79200.0,0.0
Brc1cccnc1,CC1(C)OB(c2cnn(Cc3ccccc3)c2)OC1(C)C,O,CCN=P(N=P(N(C)C)(N(C)C)N(C)C)(N(C)C)N(C)C,CC12CC3(C)OC(C)(CC(C)(O1)[P]3(c1ccccc1)->[Pd]1(<-[NH2]c3ccccc3-c3cccc[c]31)[O]S(C)(=O)=O)O2,,CS(C)=O,CS(C)=O,CS(C)=O,CS(C)=O,79200.0,20.692119598388672
Brc1cccnc1,Oc1ccccc1,,CN1CCCN2CCCN=C12,COc1ccc(OC)c([P](C23C[C@H]4C[C@@H](C2)C[C@@H](C3)C4)(C23C[C@H]4C[C@@H](C2)C[C@@H](C3)C4)->[Pd]2(<-[NH2]c3ccccc3-c3cccc[c]32)[O]S(C)(=O)=O)c1-c1c(C(C)C)cc(C(C)C)cc1C(C)C,,CS(C)=O,CS(C)=O,CS(C)=O,CS(C)=O,79200.0,0.0
Brc1cccnc1,CCOC(=O)/C=C/c1ccccc1,,CCN=P(N=P(N(C)C)(N(C)C)N(C)C)(N(C)C)N(C)C,CC(C)c1cc(C(C)C)c(-c2ccccc2[P](C2CCCCC2)(C2CCCCC2)->[Pd]2(<-[NH2]c3ccccc3-c3cccc[c]32)[O]S(C)(=O)=O)c(C(C)C)c1,,CS(C)=O,CS(C)=O,CS(C)=O,CS(C)=O,79200.0,0.0
Brc1cccnc1,Oc1ccccc1,,CN1CCCN2CCCN=C12,CS(=O)(=O)[O][Pd]1(<-[NH2]c2ccccc2-c2cccc[c]21)<-[P](c1ccccc1N1CCOCC1)(C12C[C@H]3C[C@@H](C1)C[C@@H](C2)C3)C12C[C@H]3C[C@@H](C1)C[C@@H](C2)C3,,CS(C)=O,CS(C)=O,CS(C)=O,CS(C)=O,79200.0,0.0
Brc1cccnc1,C#Cc1ccc(CCCC)cc1,,CCN(CC)P1(=NC(C)(C)C)N(C)CCCN1C,CC(C)c1cc(C(C)C)c(-c2ccccc2[P](C(C)(C)C)(C(C)(C)C)->[Pd]2(<-[NH2]c3ccccc3-c3cccc[c]32)[O]S(C)(=O)=O)c(C(C)C)c1,,CS(C)=O,CS(C)=O,CS(C)=O,CS(C)=O,79200.0,4.542991638183594
Brc1cccnc1,c1ccc(Pc2ccccc2)cc1,,CC(C)(C)N=P(N1CCCC1)(N1CCCC1)N1CCCC1,COc1ccc(OC)c([P](C(C)(C)C)(C(C)(C)C)->[Pd]2(<-[NH2]c3ccccc3-c3cccc[c]32)[O]S(C)(=O)=O)c1-c1c(C(C)C)cc(C(C)C)cc1C(C)C,,CS(C)=O,CS(C)=O,CS(C)=O,CS(C)=O,79200.0,0.0
Brc1cccnc1,C#Cc1ccc(CCCC)cc1,,C1CCC2=NCCCN2CC1,CS(=O)(=O)[O][Pd]1(<-[NH2]c2ccccc2-c2cccc[c]21)<-[P](c1ccccc1)(c1ccccc1)c1ccc2ccccc2c1-c1c(P(c2ccccc2)c2ccccc2)ccc2ccccc12,,CS(C)=O,CS(C)=O,CS(C)=O,CS(C)=O,79200.0,0.7282118201255798
Brc1cccnc1,CCOC(=O)CC(=O)OCC,,CN1CCCN2CCCN=C12,CC(C)(C)[P](C(C)(C)C)(C(C)(C)C)->[Pd]1([Cl])<-[NH2]c2ccccc2-c2cccc[c]21,,CS(C)=O,CS(C)=O,CS(C)=O,CS(C)=O,79200.0,0.2572358250617981
Brc1cccnc1,Nc1ccc(-c2ccccc2)cn1,,C1CCC2=NCCCN2CC1,CC12CC3(C)OC(C)(CC(C)(O1)[P]3(c1ccccc1)->[Pd]1(<-[NH2]c3ccccc3-c3cccc[c]31)[O]S(C)(=O)=O)O2,,CS(C)=O,CS(C)=O,CS(C)=O,CS(C)=O,79200.0,0.0
Brc1cccnc1,Oc1ccccc1,,CN(C)C(=NC(C)(C)C)N(C)C,CC(C)Oc1cccc(OC(C)C)c1-c1ccccc1[P](C1CCCCC1)(C1CCCCC1)->[Pd]1([Cl])<-[NH2]c2ccccc2-c2cccc[c]21,,CS(C)=O,CS(C)=O,CS(C)=O,CS(C)=O,79200.0,0.0
Brc1cccnc1,CC1(C)OB(c2cnn(Cc3ccccc3)c2)OC1(C)C,O,CN(C)C(=NC(C)(C)C)N(C)C,CS(=O)(=O)[O][Pd]1(<-[NH2]c2ccccc2-c2cccc[c]21)<-[P](C1=CC=C[CH]1[Fe][CH]1C=CC=C1P(c1ccccc1)c1ccccc1)(c1ccccc1)c1ccccc1,,CS(C)=O,CS(C)=O,CS(C)=O,CS(C)=O,79200.0,0.16283658146858215
Brc1cccnc1,C#Cc1ccc(CCCC)cc1,,C1CCC2=NCCCN2CC1,CC1(C)c2cccc(P(c3ccccc3)c3ccccc3)c2Oc2c1cccc2[P](c1ccccc1)(c1ccccc1)->[Pd]1([Cl])<-[NH2]c2ccccc2-c2cccc[c]21,,CS(C)=O,CS(C)=O,CS(C)=O,CS(C)=O,79200.0,7.398687362670898
Brc1cccnc1,Oc1ccccc1,,CN(C)C(=NC(C)(C)C)N(C)C,CS(=O)(=O)[O][Pd]1(<-[NH2]c2ccccc2-c2cccc[c]21)<-[P](c1ccccc1)(c1ccccc1)c1ccc2ccccc2c1-c1c(P(c2ccccc2)c2ccccc2)ccc2ccccc12,,CS(C)=O,CS(C)=O,CS(C)=O,CS(C)=O,79200.0,0.0
Brc1cccnc1,CCOC(=O)/C=C/c1ccccc1,,C1CCC2=NCCCN2CC1,COc1ccc(OC)c([P](C23C[C@H]4C[C@@H](C2)C[C@@H](C3)C4)(C23C[C@H]4C[C@@H](C2)C[C@@H](C3)C4)->[Pd]2(<-[NH2]c3ccccc3-c3cccc[c]32)[O]S(C)(=O)=O)c1-c1c(C(C)C)cc(C(C)C)cc1C(C)C,,CS(C)=O,CS(C)=O,CS(C)=O,CS(C)=O,79200.0,0.0
Brc1cccnc1,c1ccc(Pc2ccccc2)cc1,,CC(C)(C)N=P(N1CCCC1)(N1CCCC1)N1CCCC1,CC1(C)c2cccc(P(c3ccccc3)c3ccccc3)c2Oc2c1cccc2[P](c1ccccc1)(c1ccccc1)->[Pd]1([Cl])<-[NH2]c2ccccc2-c2cccc[c]21,,CS(C)=O,CS(C)=O,CS(C)=O,CS(C)=O,79200.0,0.0
Brc1cccnc1,OCCCc1ccccc1,,CCN(CC)P1(=NC(C)(C)C)N(C)CCCN1C,CC(C)(C)[P](C(C)(C)C)(C(C)(C)C)->[Pd]1([Cl])<-[NH2]c2ccccc2-c2cccc[c]21,,CS(C)=O,CS(C)=O,CS(C)=O,CS(C)=O,79200.0,0.0
Brc1cccnc1,Nc1ccccc1,,CCN=P(N=P(N(C)C)(N(C)C)N(C)C)(N(C)C)N(C)C,CC(C)Oc1cccc(OC(C)C)c1-c1ccccc1[P](C1CCCCC1)(C1CCCCC1)->[Pd]1([Cl])<-[NH2]c2ccccc2-c2cccc[c]21,,CS(C)=O,CS(C)=O,CS(C)=O,CS(C)=O,79200.0,1.184443473815918
Brc1cccnc1,CC1(C)OB(c2cnn(Cc3ccccc3)c2)OC1(C)C,O,CN1CCCN2CCCN=C12,CC1(C)c2cccc(P(c3ccccc3)c3ccccc3)c2Oc2c1cccc2[P](c1ccccc1)(c1ccccc1)->[Pd]1([Cl])<-[NH2]c2ccccc2-c2cccc[c]21,,CS(C)=O,CS(C)=O,CS(C)=O,CS(C)=O,79200.0,27.544025421142578
Brc1cccnc1,CC1(C)OB(c2cnn(Cc3ccccc3)c2)OC1(C)C,O,CN1CCCN2CCCN=C12,CC12CC3(C)OC(C)(CC(C)(O1)[P]3(c1ccccc1)->[Pd]1(<-[NH2]c3ccccc3-c3cccc[c]31)[O]S(C)(=O)=O)O2,,CS(C)=O,CS(C)=O,CS(C)=O,CS(C)=O,79200.0,23.098901748657227
Brc1cccnc1,CCOC(=O)CC(=O)OCC,,CCN(CC)P1(=NC(C)(C)C)N(C)CCCN1C,CS(=O)(=O)[O][Pd]1(<-[NH2]c2ccccc2-c2cccc[c]21)<-[P](c1ccccc1N1CCOCC1)(C12C[C@H]3C[C@@H](C1)C[C@@H](C2)C3)C12C[C@H]3C[C@@H](C1)C[C@@H](C2)C3,,CS(C)=O,CS(C)=O,CS(C)=O,CS(C)=O,79200.0,0.09618329256772995
Brc1cccnc1,CC(C)(C)OC(N)=O,,C1CCC2=NCCCN2CC1,CC(C)c1cc(C(C)C)c(-c2ccccc2[P](C(C)(C)C)(C(C)(C)C)->[Pd]2(<-[NH2]c3ccccc3-c3cccc[c]32)[O]S(C)(=O)=O)c(C(C)C)c1,,CS(C)=O,CS(C)=O,CS(C)=O,CS(C)=O,79200.0,6.924060821533203
Brc1cccnc1,NS(=O)(=O)c1ccccc1,,CCN=P(N=P(N(C)C)(N(C)C)N(C)C)(N(C)C)N(C)C,CS(=O)(=O)[O][Pd]1(<-[NH2]c2ccccc2-c2cccc[c]21)<-[P](c1ccccc1)(c1ccccc1)c1ccc2ccccc2c1-c1c(P(c2ccccc2)c2ccccc2)ccc2ccccc12,,CS(C)=O,CS(C)=O,CS(C)=O,CS(C)=O,79200.0,0.0
Brc1cccnc1,c1ccc2[nH]ncc2c1,,CCN=P(N=P(N(C)C)(N(C)C)N(C)C)(N(C)C)N(C)C,COc1ccc(OC)c([P](C23C[C@H]4C[C@@H](C2)C[C@@H](C3)C4)(C23C[C@H]4C[C@@H](C2)C[C@@H](C3)C4)->[Pd]2(<-[NH2]c3ccccc3-c3cccc[c]32)[O]S(C)(=O)=O)c1-c1c(C(C)C)cc(C(C)C)cc1C(C)C,,CS(C)=O,CS(C)=O,CS(C)=O,CS(C)=O,79200.0,3.1863017082214355
Brc1cccnc1,C#Cc1ccc(CCCC)cc1,,C1CCC2=NCCCN2CC1,CC(C)(C)[P](c1ccc(N)cc1)(C(C)(C)C)->[Pd]1(<-[NH2]c2ccccc2-c2cccc[c]21)[O]S(C)(=O)=O,,CS(C)=O,CS(C)=O,CS(C)=O,CS(C)=O,79200.0,4.750207901000977
Brc1cccnc1,CCOC(=O)CC(=O)OCC,,CN1CCCN2CCCN=C12,CC(C)Oc1cccc(OC(C)C)c1-c1ccccc1[P](C1CCCCC1)(C1CCCCC1)->[Pd]1([Cl])<-[NH2]c2ccccc2-c2cccc[c]21,,CS(C)=O,CS(C)=O,CS(C)=O,CS(C)=O,79200.0,0.24602974951267242
Brc1cccnc1,N=C(N)Cc1ccccc1,,C1CCC2=NCCCN2CC1,CC(C)(C)P(C1=CC=C[CH]1[Fe][CH]1C=CC=C1[P](C(C)(C)C)(C(C)(C)C)->[Pd]1(<-[NH2]c2ccccc2-c2cccc[c]21)[O]S(C)(=O)=O)C(C)(C)C,,CS(C)=O,CS(C)=O,CS(C)=O,CS(C)=O,79200.0,0.0
Brc1cccnc1,c1ccc(Pc2ccccc2)cc1,,C1CCC2=NCCCN2CC1,CC(C)(C)[P](C(C)(C)C)(C(C)(C)C)->[Pd]1([Cl])<-[NH2]c2ccccc2-c2cccc[c]21,,CS(C)=O,CS(C)=O,CS(C)=O,CS(C)=O,79200.0,0.0
Brc1cccnc1,NC(=O)c1ccccc1,,CCN(CC)P1(=NC(C)(C)C)N(C)CCCN1C,CC(C)c1cc(C(C)C)c(-c2ccccc2[P](C(C)(C)C)(C(C)(C)C)->[Pd]2(<-[NH2]c3ccccc3-c3cccc[c]32)[O]S(C)(=O)=O)c(C(C)C)c1,,CS(C)=O,CS(C)=O,CS(C)=O,CS(C)=O,79200.0,1.8631983995437622
Brc1cccnc1,OCCCc1ccccc1,,CCN=P(N=P(N(C)C)(N(C)C)N(C)C)(N(C)C)N(C)C,CC1(C)c2cccc(P(c3ccccc3)c3ccccc3)c2Oc2c1cccc2[P](c1ccccc1)(c1ccccc1)->[Pd]1([Cl])<-[NH2]c2ccccc2-c2cccc[c]21,,CS(C)=O,CS(C)=O,CS(C)=O,CS(C)=O,79200.0,0.0
Brc1cccnc1,NS(=O)(=O)c1ccccc1,,CN1CCCN2CCCN=C12,CC(C)Oc1cccc(OC(C)C)c1-c1ccccc1[P](C1CCCCC1)(C1CCCCC1)->[Pd]1([Cl])<-[NH2]c2ccccc2-c2cccc[c]21,,CS(C)=O,CS(C)=O,CS(C)=O,CS(C)=O,79200.0,0.0
Brc1cccnc1,N=C(N)Cc1ccccc1,,CN(C)C(=NC(C)(C)C)N(C)C,CC(C)(C)[P](c1ccc(N)cc1)(C(C)(C)C)->[Pd]1(<-[NH2]c2ccccc2-c2cccc[c]21)[O]S(C)(=O)=O,,CS(C)=O,CS(C)=O,CS(C)=O,CS(C)=O,79200.0,0.0
Brc1cccnc1,Nc1ccccc1,,CCN(CC)P1(=NC(C)(C)C)N(C)CCCN1C,CC(C)c1cc(C(C)C)c(-c2ccccc2[P](C2CCCCC2)(C2CCCCC2)->[Pd]2(<-[NH2]c3ccccc3-c3cccc[c]32)[O]S(C)(=O)=O)c(C(C)C)c1,,CS(C)=O,CS(C)=O,CS(C)=O,CS(C)=O,79200.0,2.1944961547851562
Brc1cccnc1,CCOC(=O)CC(=O)OCC,,CN(C)C(=NC(C)(C)C)N(C)C,COc1ccc(OC)c([P](C2CCCCC2)(C2CCCCC2)->[Pd]2(<-[NH2]c3ccccc3-c3cccc[c]32)[O]S(C)(=O)=O)c1-c1c(C(C)C)cc(C(C)C)cc1C(C)C,,CS(C)=O,CS(C)=O,CS(C)=O,CS(C)=O,79200.0,0.23692990839481354
Brc1cccnc1,CCOC(=O)CC(=O)OCC,,CN(C)C(=NC(C)(C)C)N(C)C,CC(C)c1cc(C(C)C)c(-c2ccccc2[P](C(C)(C)C)(C(C)(C)C)->[Pd]2(<-[NH2]c3ccccc3-c3cccc[c]32)[O]S(C)(=O)=O)c(C(C)C)c1,,CS(C)=O,CS(C)=O,CS(C)=O,CS(C)=O,79200.0,4.7576375007629395
Brc1cccnc1,NS(=O)(=O)c1ccccc1,,CCN=P(N=P(N(C)C)(N(C)C)N(C)C)(N(C)C)N(C)C,COc1ccc(OC)c([P](C2CCCCC2)(C2CCCCC2)->[Pd]2(<-[NH2]c3ccccc3-c3cccc[c]32)[O]S(C)(=O)=O)c1-c1c(C(C)C)cc(C(C)C)cc1C(C)C,,CS(C)=O,CS(C)=O,CS(C)=O,CS(C)=O,79200.0,0.0
Brc1cccnc1,Nc1ccccc1,,CN(C)C(=NC(C)(C)C)N(C)C,CC(C)(C)[P](C(C)(C)C)(C(C)(C)C)->[Pd]1([Cl])<-[NH2]c2ccccc2-c2cccc[c]21,,CS(C)=O,CS(C)=O,CS(C)=O,CS(C)=O,79200.0,1.2194665670394897
Brc1cccnc1,Nc1ccccc1,,CN(C)C(=NC(C)(C)C)N(C)C,CC12CC3(C)OC(C)(CC(C)(O1)[P]3(c1ccccc1)->[Pd]1(<-[NH2]c3ccccc3-c3cccc[c]31)[O]S(C)(=O)=O)O2,,CS(C)=O,CS(C)=O,CS(C)=O,CS(C)=O,79200.0,0.0
Brc1cccnc1,NC(=O)c1ccccc1,,CC(C)(C)N=P(N1CCCC1)(N1CCCC1)N1CCCC1,CC1(C)c2cccc(P(c3ccccc3)c3ccccc3)c2Oc2c1cccc2[P](c1ccccc1)(c1ccccc1)->[Pd]1([Cl])<-[NH2]c2ccccc2-c2cccc[c]21,,CS(C)=O,CS(C)=O,CS(C)=O,CS(C)=O,79200.0,0.3853907287120819
Brc1cccnc1,CC1(C)OB(c2cnn(Cc3ccccc3)c2)OC1(C)C,O,CN1CCCN2CCCN=C12,CC(C)c1cc(C(C)C)c(-c2ccccc2[P](C2CCCCC2)(C2CCCCC2)->[Pd]2(<-[NH2]c3ccccc3-c3cccc[c]32)[O]S(C)(=O)=O)c(C(C)C)c1,,CS(C)=O,CS(C)=O,CS(C)=O,CS(C)=O,79200.0,21.400854110717773
Brc1cccnc1,NC(=O)c1ccccc1,,CC(C)(C)N=P(N1CCCC1)(N1CCCC1)N1CCCC1,CC(C)c1cc(C(C)C)c(-c2ccccc2[P](C(C)(C)C)(C(C)(C)C)->[Pd]2(<-[NH2]c3ccccc3-c3cccc[c]32)[O]S(C)(=O)=O)c(C(C)C)c1,,CS(C)=O,CS(C)=O,CS(C)=O,CS(C)=O,79200.0,14.30189037322998
Brc1cccnc1,NS(=O)(=O)c1ccccc1,,CN1CCCN2CCCN=C12,CC(C)(C)[P](c1ccc(N)cc1)(C(C)(C)C)->[Pd]1(<-[NH2]c2ccccc2-c2cccc[c]21)[O]S(C)(=O)=O,,CS(C)=O,CS(C)=O,CS(C)=O,CS(C)=O,79200.0,0.0
Brc1cccnc1,Oc1ccccc1,,CCN=P(N=P(N(C)C)(N(C)C)N(C)C)(N(C)C)N(C)C,COc1ccc(OC)c([P](C(C)(C)C)(C(C)(C)C)->[Pd]2(<-[NH2]c3ccccc3-c3cccc[c]32)[O]S(C)(=O)=O)c1-c1c(C(C)C)cc(C(C)C)cc1C(C)C,,CS(C)=O,CS(C)=O,CS(C)=O,CS(C)=O,79200.0,0.0
Brc1cccnc1,Nc1ccccc1,,CC(C)(C)N=P(N1CCCC1)(N1CCCC1)N1CCCC1,CC12CC3(C)OC(C)(CC(C)(O1)[P]3(c1ccccc1)->[Pd]1(<-[NH2]c3ccccc3-c3cccc[c]31)[O]S(C)(=O)=O)O2,,CS(C)=O,CS(C)=O,CS(C)=O,CS(C)=O,79200.0,0.0
Brc1cccnc1,CC1(C)OB(c2cnn(Cc3ccccc3)c2)OC1(C)C,O,CN(C)C(=NC(C)(C)C)N(C)C,CC(C)Oc1cccc(OC(C)C)c1-c1ccccc1[P](C1CCCCC1)(C1CCCCC1)->[Pd]1([Cl])<-[NH2]c2ccccc2-c2cccc[c]21,,CS(C)=O,CS(C)=O,CS(C)=O,CS(C)=O,79200.0,21.7423095703125
Brc1cccnc1,Nc1ccccc1,,CC(C)(C)N=P(N1CCCC1)(N1CCCC1)N1CCCC1,CC1(C)c2cccc(P(c3ccccc3)c3ccccc3)c2Oc2c1cccc2[P](c1ccccc1)(c1ccccc1)->[Pd]1([Cl])<-[NH2]c2ccccc2-c2cccc[c]21,,CS(C)=O,CS(C)=O,CS(C)=O,CS(C)=O,79200.0,1.3618768453598022
Brc1cccnc1,c1ccc(Pc2ccccc2)cc1,,CCN=P(N=P(N(C)C)(N(C)C)N(C)C)(N(C)C)N(C)C,COc1ccc(OC)c([P](C(C)(C)C)(C(C)(C)C)->[Pd]2(<-[NH2]c3ccccc3-c3cccc[c]32)[O]S(C)(=O)=O)c1-c1c(C(C)C)cc(C(C)C)cc1C(C)C,,CS(C)=O,CS(C)=O,CS(C)=O,CS(C)=O,79200.0,0.0
Brc1cccnc1,N=C(N)Cc1ccccc1,,C1CCC2=NCCCN2CC1,CC(C)c1cc(C(C)C)c(-c2ccccc2[P](C(C)(C)C)(C(C)(C)C)->[Pd]2(<-[NH2]c3ccccc3-c3cccc[c]32)[O]S(C)(=O)=O)c(C(C)C)c1,,CS(C)=O,CS(C)=O,CS(C)=O,CS(C)=O,79200.0,0.0
Brc1cccnc1,CCOC(=O)CC(=O)OCC,,CCN=P(N=P(N(C)C)(N(C)C)N(C)C)(N(C)C)N(C)C,COc1ccc(OC)c([P](C(C)(C)C)(C(C)(C)C)->[Pd]2(<-[NH2]c3ccccc3-c3cccc[c]32)[O]S(C)(=O)=O)c1-c1c(C(C)C)cc(C(C)C)cc1C(C)C,,CS(C)=O,CS(C)=O,CS(C)=O,CS(C)=O,79200.0,4.975856304168701
Brc1cccnc1,Nc1ccc(-c2ccccc2)cn1,,CN1CCCN2CCCN=C12,COc1ccc(OC)c([P](C23C[C@H]4C[C@@H](C2)C[C@@H](C3)C4)(C23C[C@H]4C[C@@H](C2)C[C@@H](C3)C4)->[Pd]2(<-[NH2]c3ccccc3-c3cccc[c]32)[O]S(C)(=O)=O)c1-c1c(C(C)C)cc(C(C)C)cc1C(C)C,,CS(C)=O,CS(C)=O,CS(C)=O,CS(C)=O,79200.0,11.664630889892578
Brc1cccnc1,CCOC(=O)/C=C/c1ccccc1,,CCN=P(N=P(N(C)C)(N(C)C)N(C)C)(N(C)C)N(C)C,CC(C)(C)[P](C(C)(C)C)(C(C)(C)C)->[Pd]1([Cl])<-[NH2]c2ccccc2-c2cccc[c]21,,CS(C)=O,CS(C)=O,CS(C)=O,CS(C)=O,79200.0,0.0
Brc1cccnc1,CC1(C)OB(c2cnn(Cc3ccccc3)c2)OC1(C)C,O,CCN(CC)P1(=NC(C)(C)C)N(C)CCCN1C,CC(C)(C)[P](C(C)(C)C)(C(C)(C)C)->[Pd]1([Cl])<-[NH2]c2ccccc2-c2cccc[c]21,,CS(C)=O,CS(C)=O,CS(C)=O,CS(C)=O,79200.0,5.5826005935668945
Brc1cccnc1,CC1(C)OB(c2cnn(Cc3ccccc3)c2)OC1(C)C,O,C1CCC2=NCCCN2CC1,CC1(C)c2cccc(P(c3ccccc3)c3ccccc3)c2Oc2c1cccc2[P](c1ccccc1)(c1ccccc1)->[Pd]1([Cl])<-[NH2]c2ccccc2-c2cccc[c]21,,CS(C)=O,CS(C)=O,CS(C)=O,CS(C)=O,79200.0,14.354317665100098
Brc1cccnc1,N=C(N)Cc1ccccc1,,C1CCC2=NCCCN2CC1,COc1ccc(C)c(-c2c(C(C)C)cc(C(C)C)cc2C(C)C)c1[P](C(C)(C)C)(C(C)(C)C)->[Pd]1(<-[NH2]c2ccccc2-c2cccc[c]21)[O]S(C)(=O)=O,,CS(C)=O,CS(C)=O,CS(C)=O,CS(C)=O,79200.0,0.0
Brc1cccnc1,N=C(N)Cc1ccccc1,,CCN=P(N=P(N(C)C)(N(C)C)N(C)C)(N(C)C)N(C)C,CC1(C)c2cccc(P(c3ccccc3)c3ccccc3)c2Oc2c1cccc2[P](c1ccccc1)(c1ccccc1)->[Pd]1([Cl])<-[NH2]c2ccccc2-c2cccc[c]21,,CS(C)=O,CS(C)=O,CS(C)=O,CS(C)=O,79200.0,0.0
Brc1cccnc1,Sc1ccccc1,,CCN(CC)P1(=NC(C)(C)C)N(C)CCCN1C,COc1ccc(OC)c([P](C2CCCCC2)(C2CCCCC2)->[Pd]2(<-[NH2]c3ccccc3-c3cccc[c]32)[O]S(C)(=O)=O)c1-c1c(C(C)C)cc(C(C)C)cc1C(C)C,,CS(C)=O,CS(C)=O,CS(C)=O,CS(C)=O,79200.0,0.0
Brc1cccnc1,CC(C)(C)OC(N)=O,,CCN=P(N=P(N(C)C)(N(C)C)N(C)C)(N(C)C)N(C)C,CC(C)c1cc(C(C)C)c(-c2ccccc2[P](C2CCCCC2)(C2CCCCC2)->[Pd]2(<-[NH2]c3ccccc3-c3cccc[c]32)[O]S(C)(=O)=O)c(C(C)C)c1,,CS(C)=O,CS(C)=O,CS(C)=O,CS(C)=O,79200.0,0.0
Brc1cccnc1,OCCCc1ccccc1,,CN1CCCN2CCCN=C12,CC(C)(C)P(C1=CC=C[CH]1[Fe][CH]1C=CC=C1[P](C(C)(C)C)(C(C)(C)C)->[Pd]1(<-[NH2]c2ccccc2-c2cccc[c]21)[O]S(C)(=O)=O)C(C)(C)C,,CS(C)=O,CS(C)=O,CS(C)=O,CS(C)=O,79200.0,0.0
Brc1cccnc1,Nc1ccccc1,,C1CCC2=NCCCN2CC1,COc1ccc(OC)c([P](C2CCCCC2)(C2CCCCC2)->[Pd]2(<-[NH2]c3ccccc3-c3cccc[c]32)[O]S(C)(=O)=O)c1-c1c(C(C)C)cc(C(C)C)cc1C(C)C,,CS(C)=O,CS(C)=O,CS(C)=O,CS(C)=O,79200.0,1.1232951879501343
Brc1cccnc1,CC1(C)OB(c2cnn(Cc3ccccc3)c2)OC1(C)C,O,CN1CCCN2CCCN=C12,COc1ccc(OC)c([P](C(C)(C)C)(C(C)(C)C)->[Pd]2(<-[NH2]c3ccccc3-c3cccc[c]32)[O]S(C)(=O)=O)c1-c1c(C(C)C)cc(C(C)C)cc1C(C)C,,CS(C)=O,CS(C)=O,CS(C)=O,CS(C)=O,79200.0,9.78709888458252
Brc1cccnc1,Nc1ccccc1,,CCN=P(N=P(N(C)C)(N(C)C)N(C)C)(N(C)C)N(C)C,CC12CC3(C)OC(C)(CC(C)(O1)[P]3(c1ccccc1)->[Pd]1(<-[NH2]c3ccccc3-c3cccc[c]31)[O]S(C)(=O)=O)O2,,CS(C)=O,CS(C)=O,CS(C)=O,CS(C)=O,79200.0,0.0
Brc1cccnc1,Nc1ccccc1,,CN1CCCN2CCCN=C12,CC(C)Oc1cccc(OC(C)C)c1-c1ccccc1[P](C1CCCCC1)(C1CCCCC1)->[Pd]1([Cl])<-[NH2]c2ccccc2-c2cccc[c]21,,CS(C)=O,CS(C)=O,CS(C)=O,CS(C)=O,79200.0,0.24975021183490753
Brc1cccnc1,Sc1ccccc1,,CC(C)(C)N=P(N1CCCC1)(N1CCCC1)N1CCCC1,COc1ccc(OC)c([P](C2CCCCC2)(C2CCCCC2)->[Pd]2(<-[NH2]c3ccccc3-c3cccc[c]32)[O]S(C)(=O)=O)c1-c1c(C(C)C)cc(C(C)C)cc1C(C)C,,CS(C)=O,CS(C)=O,CS(C)=O,CS(C)=O,79200.0,0.0
Brc1cccnc1,Sc1ccccc1,,CCN(CC)P1(=NC(C)(C)C)N(C)CCCN1C,CC(C)c1cc(C(C)C)c(-c2ccccc2[P](C2CCCCC2)(C2CCCCC2)->[Pd]2(<-[NH2]c3ccccc3-c3cccc[c]32)[O]S(C)(=O)=O)c(C(C)C)c1,,CS(C)=O,CS(C)=O,CS(C)=O,CS(C)=O,79200.0,0.0
Brc1cccnc1,CCOC(=O)/C=C/c1ccccc1,,CCN=P(N=P(N(C)C)(N(C)C)N(C)C)(N(C)C)N(C)C,COc1ccc(OC)c([P](C23C[C@H]4C[C@@H](C2)C[C@@H](C3)C4)(C23C[C@H]4C[C@@H](C2)C[C@@H](C3)C4)->[Pd]2(<-[NH2]c3ccccc3-c3cccc[c]32)[O]S(C)(=O)=O)c1-c1c(C(C)C)cc(C(C)C)cc1C(C)C,,CS(C)=O,CS(C)=O,CS(C)=O,CS(C)=O,79200.0,0.0
Brc1cccnc1,NC(=O)c1ccccc1,,CCN=P(N=P(N(C)C)(N(C)C)N(C)C)(N(C)C)N(C)C,CC(C)(C)[P](C(C)(C)C)(C(C)(C)C)->[Pd]1([Cl])<-[NH2]c2ccccc2-c2cccc[c]21,,CS(C)=O,CS(C)=O,CS(C)=O,CS(C)=O,79200.0,0.0
Brc1cccnc1,CCOC(=O)CC(=O)OCC,,C1CCC2=NCCCN2CC1,CC1(C)c2cccc(P(c3ccccc3)c3ccccc3)c2Oc2c1cccc2[P](c1ccccc1)(c1ccccc1)->[Pd]1([Cl])<-[NH2]c2ccccc2-c2cccc[c]21,,CS(C)=O,CS(C)=O,CS(C)=O,CS(C)=O,79200.0,0.0
Brc1cccnc1,c1ccc2[nH]ncc2c1,,CN1CCCN2CCCN=C12,CS(=O)(=O)[O][Pd]1(<-[NH2]c2ccccc2-c2cccc[c]21)<-[P](c1ccccc1N1CCOCC1)(C12C[C@H]3C[C@@H](C1)C[C@@H](C2)C3)C12C[C@H]3C[C@@H](C1)C[C@@H](C2)C3,,CS(C)=O,CS(C)=O,CS(C)=O,CS(C)=O,79200.0,0.0
Brc1cccnc1,CC1(C)OB(c2cnn(Cc3ccccc3)c2)OC1(C)C,O,CN(C)C(=NC(C)(C)C)N(C)C,CC(C)(C)[P](c1ccc(N)cc1)(C(C)(C)C)->[Pd]1(<-[NH2]c2ccccc2-c2cccc[c]21)[O]S(C)(=O)=O,,CS(C)=O,CS(C)=O,CS(C)=O,CS(C)=O,79200.0,26.389822006225586
Brc1cccnc1,CCOC(=O)CC(=O)OCC,,CN1CCCN2CCCN=C12,COc1ccc(OC)c([P](C2CCCCC2)(C2CCCCC2)->[Pd]2(<-[NH2]c3ccccc3-c3cccc[c]32)[O]S(C)(=O)=O)c1-c1c(C(C)C)cc(C(C)C)cc1C(C)C,,CS(C)=O,CS(C)=O,CS(C)=O,CS(C)=O,79200.0,0.24416330456733704
Brc1cccnc1,c1ccc2[nH]ncc2c1,,CCN=P(N=P(N(C)C)(N(C)C)N(C)C)(N(C)C)N(C)C,CC(C)(C)P(C1=CC=C[CH]1[Fe][CH]1C=CC=C1[P](C(C)(C)C)(C(C)(C)C)->[Pd]1(<-[NH2]c2ccccc2-c2cccc[c]21)[O]S(C)(=O)=O)C(C)(C)C,,CS(C)=O,CS(C)=O,CS(C)=O,CS(C)=O,79200.0,0.0
Brc1cccnc1,NC(=O)c1ccccc1,,CN1CCCN2CCCN=C12,CS(=O)(=O)[O][Pd]1(<-[NH2]c2ccccc2-c2cccc[c]21)<-[P](C1=CC=C[CH]1[Fe][CH]1C=CC=C1P(c1ccccc1)c1ccccc1)(c1ccccc1)c1ccccc1,,CS(C)=O,CS(C)=O,CS(C)=O,CS(C)=O,79200.0,0.0
Brc1cccnc1,Nc1ccc(-c2ccccc2)cn1,,CN(C)C(=NC(C)(C)C)N(C)C,CC(C1=C([P](C2CCCCC2)(C2CCCCC2)->[Pd]2(<-[NH2]c3ccccc3-c3cccc[c]32)[O]S(C)(=O)=O)[CH]([Fe][CH]2C=CC=C2)C=C1)P(C(C)(C)C)C(C)(C)C,,CS(C)=O,CS(C)=O,CS(C)=O,CS(C)=O,79200.0,0.30279988050460815
Brc1cccnc1,CCOC(=O)/C=C/c1ccccc1,,CCN=P(N=P(N(C)C)(N(C)C)N(C)C)(N(C)C)N(C)C,CC(C)(C)[P](c1ccc(N)cc1)(C(C)(C)C)->[Pd]1(<-[NH2]c2ccccc2-c2cccc[c]21)[O]S(C)(=O)=O,,CS(C)=O,CS(C)=O,CS(C)=O,CS(C)=O,79200.0,0.0
Brc1cccnc1,OCCCc1ccccc1,,CN1CCCN2CCCN=C12,CS(=O)(=O)[O][Pd]1(<-[NH2]c2ccccc2-c2cccc[c]21)<-[P](c1ccccc1)(c1ccccc1)c1ccc2ccccc2c1-c1c(P(c2ccccc2)c2ccccc2)ccc2ccccc12,,CS(C)=O,CS(C)=O,CS(C)=O,CS(C)=O,79200.0,0.0
Brc1cccnc1,Oc1ccccc1,,CCN(CC)P1(=NC(C)(C)C)N(C)CCCN1C,CC(C)c1cc(C(C)C)c(-c2ccccc2[P](C(C)(C)C)(C(C)(C)C)->[Pd]2(<-[NH2]c3ccccc3-c3cccc[c]32)[O]S(C)(=O)=O)c(C(C)C)c1,,CS(C)=O,CS(C)=O,CS(C)=O,CS(C)=O,79200.0,0.0
Brc1cccnc1,C#Cc1ccc(CCCC)cc1,,C1CCC2=NCCCN2CC1,CC(C)c1cc(C(C)C)c(-c2ccccc2[P](C2CCCCC2)(C2CCCCC2)->[Pd]2(<-[NH2]c3ccccc3-c3cccc[c]32)[O]S(C)(=O)=O)c(C(C)C)c1,,CS(C)=O,CS(C)=O,CS(C)=O,CS(C)=O,79200.0,7.734124660491943
Brc1cccnc1,Oc1ccccc1,,C1CCC2=NCCCN2CC1,CC(C)(C)P(C1=CC=C[CH]1[Fe][CH]1C=CC=C1[P](C(C)(C)C)(C(C)(C)C)->[Pd]1(<-[NH2]c2ccccc2-c2cccc[c]21)[O]S(C)(=O)=O)C(C)(C)C,,CS(C)=O,CS(C)=O,CS(C)=O,CS(C)=O,79200.0,0.0
Brc1cccnc1,Sc1ccccc1,,CCN=P(N=P(N(C)C)(N(C)C)N(C)C)(N(C)C)N(C)C,CC(C1=C([P](C2CCCCC2)(C2CCCCC2)->[Pd]2(<-[NH2]c3ccccc3-c3cccc[c]32)[O]S(C)(=O)=O)[CH]([Fe][CH]2C=CC=C2)C=C1)P(C(C)(C)C)C(C)(C)C,,CS(C)=O,CS(C)=O,CS(C)=O,CS(C)=O,79200.0,0.0
Brc1cccnc1,C#Cc1ccc(CCCC)cc1,,CN1CCCN2CCCN=C12,CC(C)(C)P(C1=CC=C[CH]1[Fe][CH]1C=CC=C1[P](C(C)(C)C)(C(C)(C)C)->[Pd]1(<-[NH2]c2ccccc2-c2cccc[c]21)[O]S(C)(=O)=O)C(C)(C)C,,CS(C)=O,CS(C)=O,CS(C)=O,CS(C)=O,79200.0,17.70798683166504
Brc1cccnc1,C#Cc1ccc(CCCC)cc1,,CC(C)(C)N=P(N1CCCC1)(N1CCCC1)N1CCCC1,COc1ccc(OC)c([P](C(C)(C)C)(C(C)(C)C)->[Pd]2(<-[NH2]c3ccccc3-c3cccc[c]32)[O]S(C)(=O)=O)c1-c1c(C(C)C)cc(C(C)C)cc1C(C)C,,CS(C)=O,CS(C)=O,CS(C)=O,CS(C)=O,79200.0,4.227913856506348
Brc1cccnc1,Nc1ccc(-c2ccccc2)cn1,,CCN=P(N=P(N(C)C)(N(C)C)N(C)C)(N(C)C)N(C)C,CC(C)c1cc(C(C)C)c(-c2ccccc2[P](C(C)(C)C)(C(C)(C)C)->[Pd]2(<-[NH2]c3ccccc3-c3cccc[c]32)[O]S(C)(=O)=O)c(C(C)C)c1,,CS(C)=O,CS(C)=O,CS(C)=O,CS(C)=O,79200.0,9.105456352233887
Brc1cccnc1,CC(C)(C)OC(N)=O,,CCN(CC)P1(=NC(C)(C)C)N(C)CCCN1C,COc1ccc(C)c(-c2c(C(C)C)cc(C(C)C)cc2C(C)C)c1[P](C(C)(C)C)(C(C)(C)C)->[Pd]1(<-[NH2]c2ccccc2-c2cccc[c]21)[O]S(C)(=O)=O,,CS(C)=O,CS(C)=O,CS(C)=O,CS(C)=O,79200.0,0.5908025503158569
Brc1cccnc1,c1ccc2[nH]ncc2c1,,CN(C)C(=NC(C)(C)C)N(C)C,CC(C)Oc1cccc(OC(C)C)c1-c1ccccc1[P](C1CCCCC1)(C1CCCCC1)->[Pd]1([Cl])<-[NH2]c2ccccc2-c2cccc[c]21,,CS(C)=O,CS(C)=O,CS(C)=O,CS(C)=O,79200.0,0.0
Brc1cccnc1,OCCCc1ccccc1,,CN(C)C(=NC(C)(C)C)N(C)C,CC(C)c1cc(C(C)C)c(-c2ccccc2[P](C2CCCCC2)(C2CCCCC2)->[Pd]2(<-[NH2]c3ccccc3-c3cccc[c]32)[O]S(C)(=O)=O)c(C(C)C)c1,,CS(C)=O,CS(C)=O,CS(C)=O,CS(C)=O,79200.0,0.0
Brc1cccnc1,Sc1ccccc1,,CCN(CC)P1(=NC(C)(C)C)N(C)CCCN1C,CS(=O)(=O)[O][Pd]1(<-[NH2]c2ccccc2-c2cccc[c]21)<-[P](C1=CC=C[CH]1[Fe][CH]1C=CC=C1P(c1ccccc1)c1ccccc1)(c1ccccc1)c1ccccc1,,CS(C)=O,CS(C)=O,CS(C)=O,CS(C)=O,79200.0,0.0
Brc1cccnc1,N=C(N)Cc1ccccc1,,CCN=P(N=P(N(C)C)(N(C)C)N(C)C)(N(C)C)N(C)C,CS(=O)(=O)[O][Pd]1(<-[NH2]c2ccccc2-c2cccc[c]21)<-[P](C1=CC=C[CH]1[Fe][CH]1C=CC=C1P(c1ccccc1)c1ccccc1)(c1ccccc1)c1ccccc1,,CS(C)=O,CS(C)=O,CS(C)=O,CS(C)=O,79200.0,0.0
Brc1cccnc1,c1ccc2[nH]ncc2c1,,C1CCC2=NCCCN2CC1,CS(=O)(=O)[O][Pd]1(<-[NH2]c2ccccc2-c2cccc[c]21)<-[P](C1=CC=C[CH]1[Fe][CH]1C=CC=C1P(c1ccccc1)c1ccccc1)(c1ccccc1)c1ccccc1,,CS(C)=O,CS(C)=O,CS(C)=O,CS(C)=O,79200.0,0.0
Brc1cccnc1,Nc1ccccc1,,C1CCC2=NCCCN2CC1,CS(=O)(=O)[O][Pd]1(<-[NH2]c2ccccc2-c2cccc[c]21)<-[P](c1ccccc1)(c1ccccc1)c1ccc2ccccc2c1-c1c(P(c2ccccc2)c2ccccc2)ccc2ccccc12,,CS(C)=O,CS(C)=O,CS(C)=O,CS(C)=O,79200.0,0.0
Brc1cccnc1,N=C(N)Cc1ccccc1,,CC(C)(C)N=P(N1CCCC1)(N1CCCC1)N1CCCC1,CS(=O)(=O)[O][Pd]1(<-[NH2]c2ccccc2-c2cccc[c]21)<-[P](c1ccccc1)(c1ccccc1)c1ccc2ccccc2c1-c1c(P(c2ccccc2)c2ccccc2)ccc2ccccc12,,CS(C)=O,CS(C)=O,CS(C)=O,CS(C)=O,79200.0,0.0
Brc1cccnc1,NC(=O)c1ccccc1,,CN(C)C(=NC(C)(C)C)N(C)C,CS(=O)(=O)[O][Pd]1(<-[NH2]c2ccccc2-c2cccc[c]21)<-[P](C1=CC=C[CH]1[Fe][CH]1C=CC=C1P(c1ccccc1)c1ccccc1)(c1ccccc1)c1ccccc1,,CS(C)=O,CS(C)=O,CS(C)=O,CS(C)=O,79200.0,0.0
Brc1cccnc1,c1ccc2[nH]ncc2c1,,C1CCC2=NCCCN2CC1,CC1(C)c2cccc(P(c3ccccc3)c3ccccc3)c2Oc2c1cccc2[P](c1ccccc1)(c1ccccc1)->[Pd]1([Cl])<-[NH2]c2ccccc2-c2cccc[c]21,,CS(C)=O,CS(C)=O,CS(C)=O,CS(C)=O,79200.0,0.0
Brc1cccnc1,Nc1ccc(-c2ccccc2)cn1,,CN(C)C(=NC(C)(C)C)N(C)C,COc1ccc(OC)c([P](C(C)(C)C)(C(C)(C)C)->[Pd]2(<-[NH2]c3ccccc3-c3cccc[c]32)[O]S(C)(=O)=O)c1-c1c(C(C)C)cc(C(C)C)cc1C(C)C,,CS(C)=O,CS(C)=O,CS(C)=O,CS(C)=O,79200.0,10.72775650024414
Brc1cccnc1,Nc1ccccc1,,CCN=P(N=P(N(C)C)(N(C)C)N(C)C)(N(C)C)N(C)C,CS(=O)(=O)[O][Pd]1(<-[NH2]c2ccccc2-c2cccc[c]21)<-[P](C1=CC=C[CH]1[Fe][CH]1C=CC=C1P(c1ccccc1)c1ccccc1)(c1ccccc1)c1ccccc1,,CS(C)=O,CS(C)=O,CS(C)=O,CS(C)=O,79200.0,0.8539286255836487
Brc1cccnc1,Nc1ccc(-c2ccccc2)cn1,,CN1CCCN2CCCN=C12,CC(C)(C)P(C1=CC=C[CH]1[Fe][CH]1C=CC=C1[P](C(C)(C)C)(C(C)(C)C)->[Pd]1(<-[NH2]c2ccccc2-c2cccc[c]21)[O]S(C)(=O)=O)C(C)(C)C,,CS(C)=O,CS(C)=O,CS(C)=O,CS(C)=O,79200.0,0.489761084318161
Brc1cccnc1,OCCCc1ccccc1,,CN(C)C(=NC(C)(C)C)N(C)C,CC(C)(C)P(C1=CC=C[CH]1[Fe][CH]1C=CC=C1[P](C(C)(C)C)(C(C)(C)C)->[Pd]1(<-[NH2]c2ccccc2-c2cccc[c]21)[O]S(C)(=O)=O)C(C)(C)C,,CS(C)=O,CS(C)=O,CS(C)=O,CS(C)=O,79200.0,0.0
Brc1cccnc1,c1ccc2[nH]ncc2c1,,CC(C)(C)N=P(N1CCCC1)(N1CCCC1)N1CCCC1,CS(=O)(=O)[O][Pd]1(<-[NH2]c2ccccc2-c2cccc[c]21)<-[P](c1ccccc1)(c1ccccc1)c1ccc2ccccc2c1-c1c(P(c2ccccc2)c2ccccc2)ccc2ccccc12,,CS(C)=O,CS(C)=O,CS(C)=O,CS(C)=O,79200.0,0.0
Brc1cccnc1,c1ccc2[nH]ncc2c1,,C1CCC2=NCCCN2CC1,COc1ccc(OC)c([P](C(C)(C)C)(C(C)(C)C)->[Pd]2(<-[NH2]c3ccccc3-c3cccc[c]32)[O]S(C)(=O)=O)c1-c1c(C(C)C)cc(C(C)C)cc1C(C)C,,CS(C)=O,CS(C)=O,CS(C)=O,CS(C)=O,79200.0,4.028379440307617
Brc1cccnc1,N=C(N)Cc1ccccc1,,CC(C)(C)N=P(N1CCCC1)(N1CCCC1)N1CCCC1,CC(C)c1cc(C(C)C)c(-c2ccccc2[P](C(C)(C)C)(C(C)(C)C)->[Pd]2(<-[NH2]c3ccccc3-c3cccc[c]32)[O]S(C)(=O)=O)c(C(C)C)c1,,CS(C)=O,CS(C)=O,CS(C)=O,CS(C)=O,79200.0,0.0
Brc1cccnc1,NC(=O)c1ccccc1,,CCN=P(N=P(N(C)C)(N(C)C)N(C)C)(N(C)C)N(C)C,CC(C)(C)[P](c1ccc(N)cc1)(C(C)(C)C)->[Pd]1(<-[NH2]c2ccccc2-c2cccc[c]21)[O]S(C)(=O)=O,,CS(C)=O,CS(C)=O,CS(C)=O,CS(C)=O,79200.0,0.0
Brc1cccnc1,CCOC(=O)/C=C/c1ccccc1,,CN1CCCN2CCCN=C12,CC(C)(C)[P](C(C)(C)C)(C(C)(C)C)->[Pd]1([Cl])<-[NH2]c2ccccc2-c2cccc[c]21,,CS(C)=O,CS(C)=O,CS(C)=O,CS(C)=O,79200.0,0.0
Brc1cccnc1,CC1(C)OB(c2cnn(Cc3ccccc3)c2)OC1(C)C,O,CCN=P(N=P(N(C)C)(N(C)C)N(C)C)(N(C)C)N(C)C,CC(C)Oc1cccc(OC(C)C)c1-c1ccccc1[P](C1CCCCC1)(C1CCCCC1)->[Pd]1([Cl])<-[NH2]c2ccccc2-c2cccc[c]21,,CS(C)=O,CS(C)=O,CS(C)=O,CS(C)=O,79200.0,11.52737808227539
Brc1cccnc1,C#Cc1ccc(CCCC)cc1,,C1CCC2=NCCCN2CC1,CS(=O)(=O)[O][Pd]1(<-[NH2]c2ccccc2-c2cccc[c]21)<-[P](C1=CC=C[CH]1[Fe][CH]1C=CC=C1P(c1ccccc1)c1ccccc1)(c1ccccc1)c1ccccc1,,CS(C)=O,CS(C)=O,CS(C)=O,CS(C)=O,79200.0,1.342779278755188
Brc1cccnc1,N=C(N)Cc1ccccc1,,CN1CCCN2CCCN=C12,COc1ccc(OC)c([P](C23C[C@H]4C[C@@H](C2)C[C@@H](C3)C4)(C23C[C@H]4C[C@@H](C2)C[C@@H](C3)C4)->[Pd]2(<-[NH2]c3ccccc3-c3cccc[c]32)[O]S(C)(=O)=O)c1-c1c(C(C)C)cc(C(C)C)cc1C(C)C,,CS(C)=O,CS(C)=O,CS(C)=O,CS(C)=O,79200.0,0.827761709690094
Brc1cccnc1,CC(C)(C)OC(N)=O,,CN1CCCN2CCCN=C12,CC1(C)c2cccc(P(c3ccccc3)c3ccccc3)c2Oc2c1cccc2[P](c1ccccc1)(c1ccccc1)->[Pd]1([Cl])<-[NH2]c2ccccc2-c2cccc[c]21,,CS(C)=O,CS(C)=O,CS(C)=O,CS(C)=O,79200.0,0.0
Brc1cccnc1,Sc1ccccc1,,CCN(CC)P1(=NC(C)(C)C)N(C)CCCN1C,COc1ccc(C)c(-c2c(C(C)C)cc(C(C)C)cc2C(C)C)c1[P](C(C)(C)C)(C(C)(C)C)->[Pd]1(<-[NH2]c2ccccc2-c2cccc[c]21)[O]S(C)(=O)=O,,CS(C)=O,CS(C)=O,CS(C)=O,CS(C)=O,79200.0,0.0
Brc1cccnc1,Nc1ccc(-c2ccccc2)cn1,,CC(C)(C)N=P(N1CCCC1)(N1CCCC1)N1CCCC1,COc1ccc(OC)c([P](C2CCCCC2)(C2CCCCC2)->[Pd]2(<-[NH2]c3ccccc3-c3cccc[c]32)[O]S(C)(=O)=O)c1-c1c(C(C)C)cc(C(C)C)cc1C(C)C,,CS(C)=O,CS(C)=O,CS(C)=O,CS(C)=O,79200.0,10.502777099609375
Brc1cccnc1,NC(=O)c1ccccc1,,CC(C)(C)N=P(N1CCCC1)(N1CCCC1)N1CCCC1,CC(C)(C)[P](C(C)(C)C)(C(C)(C)C)->[Pd]1([Cl])<-[NH2]c2ccccc2-c2cccc[c]21,,CS(C)=O,CS(C)=O,CS(C)=O,CS(C)=O,79200.0,0.0
Brc1cccnc1,Nc1ccccc1,,C1CCC2=NCCCN2CC1,CC(C)c1cc(C(C)C)c(-c2ccccc2[P](C(C)(C)C)(C(C)(C)C)->[Pd]2(<-[NH2]c3ccccc3-c3cccc[c]32)[O]S(C)(=O)=O)c(C(C)C)c1,,CS(C)=O,CS(C)=O,CS(C)=O,CS(C)=O,79200.0,14.745434761047363
Brc1cccnc1,NC(=O)c1ccccc1,,CCN(CC)P1(=NC(C)(C)C)N(C)CCCN1C,CC(C)(C)P(C1=CC=C[CH]1[Fe][CH]1C=CC=C1[P](C(C)(C)C)(C(C)(C)C)->[Pd]1(<-[NH2]c2ccccc2-c2cccc[c]21)[O]S(C)(=O)=O)C(C)(C)C,,CS(C)=O,CS(C)=O,CS(C)=O,CS(C)=O,79200.0,0.0
Brc1cccnc1,c1ccc(Pc2ccccc2)cc1,,CN(C)C(=NC(C)(C)C)N(C)C,COc1ccc(OC)c([P](C23C[C@H]4C[C@@H](C2)C[C@@H](C3)C4)(C23C[C@H]4C[C@@H](C2)C[C@@H](C3)C4)->[Pd]2(<-[NH2]c3ccccc3-c3cccc[c]32)[O]S(C)(=O)=O)c1-c1c(C(C)C)cc(C(C)C)cc1C(C)C,,CS(C)=O,CS(C)=O,CS(C)=O,CS(C)=O,79200.0,0.0
Brc1cccnc1,OCCCc1ccccc1,,CN(C)C(=NC(C)(C)C)N(C)C,COc1ccc(C)c(-c2c(C(C)C)cc(C(C)C)cc2C(C)C)c1[P](C(C)(C)C)(C(C)(C)C)->[Pd]1(<-[NH2]c2ccccc2-c2cccc[c]21)[O]S(C)(=O)=O,,CS(C)=O,CS(C)=O,CS(C)=O,CS(C)=O,79200.0,2.651550054550171
Brc1cccnc1,CCOC(=O)CC(=O)OCC,,C1CCC2=NCCCN2CC1,CS(=O)(=O)[O][Pd]1(<-[NH2]c2ccccc2-c2cccc[c]21)<-[P](c1ccccc1)(c1ccccc1)c1ccc2ccccc2c1-c1c(P(c2ccccc2)c2ccccc2)ccc2ccccc12,,CS(C)=O,CS(C)=O,CS(C)=O,CS(C)=O,79200.0,0.03480736166238785
Brc1cccnc1,OCCCc1ccccc1,,CN1CCCN2CCCN=C12,COc1ccc(C)c(-c2c(C(C)C)cc(C(C)C)cc2C(C)C)c1[P](C(C)(C)C)(C(C)(C)C)->[Pd]1(<-[NH2]c2ccccc2-c2cccc[c]21)[O]S(C)(=O)=O,,CS(C)=O,CS(C)=O,CS(C)=O,CS(C)=O,79200.0,3.244445562362671
Brc1cccnc1,Nc1ccc(-c2ccccc2)cn1,,CCN=P(N=P(N(C)C)(N(C)C)N(C)C)(N(C)C)N(C)C,CS(=O)(=O)[O][Pd]1(<-[NH2]c2ccccc2-c2cccc[c]21)<-[P](c1ccccc1N1CCOCC1)(C12C[C@H]3C[C@@H](C1)C[C@@H](C2)C3)C12C[C@H]3C[C@@H](C1)C[C@@H](C2)C3,,CS(C)=O,CS(C)=O,CS(C)=O,CS(C)=O,79200.0,1.6866424083709717
Brc1cccnc1,NS(=O)(=O)c1ccccc1,,CCN=P(N=P(N(C)C)(N(C)C)N(C)C)(N(C)C)N(C)C,CC(C)Oc1cccc(OC(C)C)c1-c1ccccc1[P](C1CCCCC1)(C1CCCCC1)->[Pd]1([Cl])<-[NH2]c2ccccc2-c2cccc[c]21,,CS(C)=O,CS(C)=O,CS(C)=O,CS(C)=O,79200.0,0.0
Brc1cccnc1,CCOC(=O)CC(=O)OCC,,CN1CCCN2CCCN=C12,COc1ccc(OC)c([P](C23C[C@H]4C[C@@H](C2)C[C@@H](C3)C4)(C23C[C@H]4C[C@@H](C2)C[C@@H](C3)C4)->[Pd]2(<-[NH2]c3ccccc3-c3cccc[c]32)[O]S(C)(=O)=O)c1-c1c(C(C)C)cc(C(C)C)cc1C(C)C,,CS(C)=O,CS(C)=O,CS(C)=O,CS(C)=O,79200.0,4.932195663452148
Brc1cccnc1,N=C(N)Cc1ccccc1,,C1CCC2=NCCCN2CC1,CS(=O)(=O)[O][Pd]1(<-[NH2]c2ccccc2-c2cccc[c]21)<-[P](C1=CC=C[CH]1[Fe][CH]1C=CC=C1P(c1ccccc1)c1ccccc1)(c1ccccc1)c1ccccc1,,CS(C)=O,CS(C)=O,CS(C)=O,CS(C)=O,79200.0,0.0
Brc1cccnc1,CC1(C)OB(c2cnn(Cc3ccccc3)c2)OC1(C)C,O,CN1CCCN2CCCN=C12,CS(=O)(=O)[O][Pd]1(<-[NH2]c2ccccc2-c2cccc[c]21)<-[P](C1=CC=C[CH]1[Fe][CH]1C=CC=C1P(c1ccccc1)c1ccccc1)(c1ccccc1)c1ccccc1,,CS(C)=O,CS(C)=O,CS(C)=O,CS(C)=O,79200.0,3.917959690093994
Brc1cccnc1,c1ccc(Pc2ccccc2)cc1,,C1CCC2=NCCCN2CC1,CC(C)(C)P(C1=CC=C[CH]1[Fe][CH]1C=CC=C1[P](C(C)(C)C)(C(C)(C)C)->[Pd]1(<-[NH2]c2ccccc2-c2cccc[c]21)[O]S(C)(=O)=O)C(C)(C)C,,CS(C)=O,CS(C)=O,CS(C)=O,CS(C)=O,79200.0,0.0
Brc1cccnc1,NC(=O)c1ccccc1,,CN(C)C(=NC(C)(C)C)N(C)C,CC(C)c1cc(C(C)C)c(-c2ccccc2[P](C(C)(C)C)(C(C)(C)C)->[Pd]2(<-[NH2]c3ccccc3-c3cccc[c]32)[O]S(C)(=O)=O)c(C(C)C)c1,,CS(C)=O,CS(C)=O,CS(C)=O,CS(C)=O,79200.0,13.391708374023438
Brc1cccnc1,Nc1ccccc1,,C1CCC2=NCCCN2CC1,CS(=O)(=O)[O][Pd]1(<-[NH2]c2ccccc2-c2cccc[c]21)<-[P](c1ccccc1N1CCOCC1)(C12C[C@H]3C[C@@H](C1)C[C@@H](C2)C3)C12C[C@H]3C[C@@H](C1)C[C@@H](C2)C3,,CS(C)=O,CS(C)=O,CS(C)=O,CS(C)=O,79200.0,0.0
Brc1cccnc1,CC1(C)OB(c2cnn(Cc3ccccc3)c2)OC1(C)C,O,CN(C)C(=NC(C)(C)C)N(C)C,CC(C)c1cc(C(C)C)c(-c2ccccc2[P](C2CCCCC2)(C2CCCCC2)->[Pd]2(<-[NH2]c3ccccc3-c3cccc[c]32)[O]S(C)(=O)=O)c(C(C)C)c1,,CS(C)=O,CS(C)=O,CS(C)=O,CS(C)=O,79200.0,19.25177574157715
Brc1cccnc1,C#Cc1ccc(CCCC)cc1,,CCN=P(N=P(N(C)C)(N(C)C)N(C)C)(N(C)C)N(C)C,CC(C)c1cc(C(C)C)c(-c2ccccc2[P](C2CCCCC2)(C2CCCCC2)->[Pd]2(<-[NH2]c3ccccc3-c3cccc[c]32)[O]S(C)(=O)=O)c(C(C)C)c1,,CS(C)=O,CS(C)=O,CS(C)=O,CS(C)=O,79200.0,4.905966281890869
Brc1cccnc1,N=C(N)Cc1ccccc1,,CCN=P(N=P(N(C)C)(N(C)C)N(C)C)(N(C)C)N(C)C,COc1ccc(OC)c([P](C(C)(C)C)(C(C)(C)C)->[Pd]2(<-[NH2]c3ccccc3-c3cccc[c]32)[O]S(C)(=O)=O)c1-c1c(C(C)C)cc(C(C)C)cc1C(C)C,,CS(C)=O,CS(C)=O,CS(C)=O,CS(C)=O,79200.0,2.235281467437744
Brc1cccnc1,CC(C)(C)OC(N)=O,,CCN(CC)P1(=NC(C)(C)C)N(C)CCCN1C,CC12CC3(C)OC(C)(CC(C)(O1)[P]3(c1ccccc1)->[Pd]1(<-[NH2]c3ccccc3-c3cccc[c]31)[O]S(C)(=O)=O)O2,,CS(C)=O,CS(C)=O,CS(C)=O,CS(C)=O,79200.0,0.0
Brc1cccnc1,NS(=O)(=O)c1ccccc1,,C1CCC2=NCCCN2CC1,CS(=O)(=O)[O][Pd]1(<-[NH2]c2ccccc2-c2cccc[c]21)<-[P](c1ccccc1)(c1ccccc1)c1ccc2ccccc2c1-c1c(P(c2ccccc2)c2ccccc2)ccc2ccccc12,,CS(C)=O,CS(C)=O,CS(C)=O,CS(C)=O,79200.0,0.0
Brc1cccnc1,c1ccc2[nH]ncc2c1,,CCN=P(N=P(N(C)C)(N(C)C)N(C)C)(N(C)C)N(C)C,CC1(C)c2cccc(P(c3ccccc3)c3ccccc3)c2Oc2c1cccc2[P](c1ccccc1)(c1ccccc1)->[Pd]1([Cl])<-[NH2]c2ccccc2-c2cccc[c]21,,CS(C)=O,CS(C)=O,CS(C)=O,CS(C)=O,79200.0,0.0
Brc1cccnc1,CCOC(=O)CC(=O)OCC,,CCN(CC)P1(=NC(C)(C)C)N(C)CCCN1C,CC(C)Oc1cccc(OC(C)C)c1-c1ccccc1[P](C1CCCCC1)(C1CCCCC1)->[Pd]1([Cl])<-[NH2]c2ccccc2-c2cccc[c]21,,CS(C)=O,CS(C)=O,CS(C)=O,CS(C)=O,79200.0,0.23762324452400208
Brc1cccnc1,c1ccc(Pc2ccccc2)cc1,,C1CCC2=NCCCN2CC1,CC(C)Oc1cccc(OC(C)C)c1-c1ccccc1[P](C1CCCCC1)(C1CCCCC1)->[Pd]1([Cl])<-[NH2]c2ccccc2-c2cccc[c]21,,CS(C)=O,CS(C)=O,CS(C)=O,CS(C)=O,79200.0,0.0
Brc1cccnc1,Sc1ccccc1,,CCN(CC)P1(=NC(C)(C)C)N(C)CCCN1C,CC(C1=C([P](C2CCCCC2)(C2CCCCC2)->[Pd]2(<-[NH2]c3ccccc3-c3cccc[c]32)[O]S(C)(=O)=O)[CH]([Fe][CH]2C=CC=C2)C=C1)P(C(C)(C)C)C(C)(C)C,,CS(C)=O,CS(C)=O,CS(C)=O,CS(C)=O,79200.0,0.0
Brc1cccnc1,NC(=O)c1ccccc1,,CCN(CC)P1(=NC(C)(C)C)N(C)CCCN1C,COc1ccc(OC)c([P](C(C)(C)C)(C(C)(C)C)->[Pd]2(<-[NH2]c3ccccc3-c3cccc[c]32)[O]S(C)(=O)=O)c1-c1c(C(C)C)cc(C(C)C)cc1C(C)C,,CS(C)=O,CS(C)=O,CS(C)=O,CS(C)=O,79200.0,1.5621765851974487
Brc1cccnc1,N=C(N)Cc1ccccc1,,CCN=P(N=P(N(C)C)(N(C)C)N(C)C)(N(C)C)N(C)C,CC(C)(C)P(C1=CC=C[CH]1[Fe][CH]1C=CC=C1[P](C(C)(C)C)(C(C)(C)C)->[Pd]1(<-[NH2]c2ccccc2-c2cccc[c]21)[O]S(C)(=O)=O)C(C)(C)C,,CS(C)=O,CS(C)=O,CS(C)=O,CS(C)=O,79200.0,0.0
Brc1cccnc1,NC(=O)c1ccccc1,,CC(C)(C)N=P(N1CCCC1)(N1CCCC1)N1CCCC1,CC(C)c1cc(C(C)C)c(-c2ccccc2[P](C2CCCCC2)(C2CCCCC2)->[Pd]2(<-[NH2]c3ccccc3-c3cccc[c]32)[O]S(C)(=O)=O)c(C(C)C)c1,,CS(C)=O,CS(C)=O,CS(C)=O,CS(C)=O,79200.0,0.17079196870326996
Brc1cccnc1,CC1(C)OB(c2cnn(Cc3ccccc3)c2)OC1(C)C,O,CC(C)(C)N=P(N1CCCC1)(N1CCCC1)N1CCCC1,CC(C)(C)[P](C(C)(C)C)(C(C)(C)C)->[Pd]1([Cl])<-[NH2]c2ccccc2-c2cccc[c]21,,CS(C)=O,CS(C)=O,CS(C)=O,CS(C)=O,79200.0,6.8885698318481445
Brc1cccnc1,C#Cc1ccc(CCCC)cc1,,CN(C)C(=NC(C)(C)C)N(C)C,CC(C)(C)[P](c1ccc(N)cc1)(C(C)(C)C)->[Pd]1(<-[NH2]c2ccccc2-c2cccc[c]21)[O]S(C)(=O)=O,,CS(C)=O,CS(C)=O,CS(C)=O,CS(C)=O,79200.0,18.65009307861328
Brc1cccnc1,CC(N)CCc1ccccc1,,C1CCC2=NCCCN2CC1,COc1ccc(C)c(-c2c(C(C)C)cc(C(C)C)cc2C(C)C)c1[P](C(C)(C)C)(C(C)(C)C)->[Pd]1(<-[NH2]c2ccccc2-c2cccc[c]21)[O]S(C)(=O)=O,,CS(C)=O,CS(C)=O,CS(C)=O,CS(C)=O,79200.0,2.997732400894165
Brc1cccnc1,NC(=O)c1ccccc1,,C1CCC2=NCCCN2CC1,COc1ccc(OC)c([P](C2CCCCC2)(C2CCCCC2)->[Pd]2(<-[NH2]c3ccccc3-c3cccc[c]32)[O]S(C)(=O)=O)c1-c1c(C(C)C)cc(C(C)C)cc1C(C)C,,CS(C)=O,CS(C)=O,CS(C)=O,CS(C)=O,79200.0,0.0
Brc1cccnc1,CCOC(=O)/C=C/c1ccccc1,,C1CCC2=NCCCN2CC1,CC(C)(C)[P](c1ccc(N)cc1)(C(C)(C)C)->[Pd]1(<-[NH2]c2ccccc2-c2cccc[c]21)[O]S(C)(=O)=O,,CS(C)=O,CS(C)=O,CS(C)=O,CS(C)=O,79200.0,0.0
Brc1cccnc1,Nc1ccc(-c2ccccc2)cn1,,CN1CCCN2CCCN=C12,COc1ccc(OC)c([P](C2CCCCC2)(C2CCCCC2)->[Pd]2(<-[NH2]c3ccccc3-c3cccc[c]32)[O]S(C)(=O)=O)c1-c1c(C(C)C)cc(C(C)C)cc1C(C)C,,CS(C)=O,CS(C)=O,CS(C)=O,CS(C)=O,79200.0,8.953548431396484
Brc1cccnc1,NS(=O)(=O)c1ccccc1,,CC(C)(C)N=P(N1CCCC1)(N1CCCC1)N1CCCC1,COc1ccc(OC)c([P](C2CCCCC2)(C2CCCCC2)->[Pd]2(<-[NH2]c3ccccc3-c3cccc[c]32)[O]S(C)(=O)=O)c1-c1c(C(C)C)cc(C(C)C)cc1C(C)C,,CS(C)=O,CS(C)=O,CS(C)=O,CS(C)=O,79200.0,0.0
Brc1cccnc1,CC(C)(C)OC(N)=O,,C1CCC2=NCCCN2CC1,COc1ccc(C)c(-c2c(C(C)C)cc(C(C)C)cc2C(C)C)c1[P](C(C)(C)C)(C(C)(C)C)->[Pd]1(<-[NH2]c2ccccc2-c2cccc[c]21)[O]S(C)(=O)=O,,CS(C)=O,CS(C)=O,CS(C)=O,CS(C)=O,79200.0,0.3000420033931732
Brc1cccnc1,N=C(N)Cc1ccccc1,,CN(C)C(=NC(C)(C)C)N(C)C,CC(C)Oc1cccc(OC(C)C)c1-c1ccccc1[P](C1CCCCC1)(C1CCCCC1)->[Pd]1([Cl])<-[NH2]c2ccccc2-c2cccc[c]21,,CS(C)=O,CS(C)=O,CS(C)=O,CS(C)=O,79200.0,0.0
Brc1cccnc1,CC1(C)OB(c2cnn(Cc3ccccc3)c2)OC1(C)C,O,CN(C)C(=NC(C)(C)C)N(C)C,CS(=O)(=O)[O][Pd]1(<-[NH2]c2ccccc2-c2cccc[c]21)<-[P](c1ccccc1)(c1ccccc1)c1ccc2ccccc2c1-c1c(P(c2ccccc2)c2ccccc2)ccc2ccccc12,,CS(C)=O,CS(C)=O,CS(C)=O,CS(C)=O,79200.0,0.09760718047618866
Brc1cccnc1,NC(=O)c1ccccc1,,C1CCC2=NCCCN2CC1,CS(=O)(=O)[O][Pd]1(<-[NH2]c2ccccc2-c2cccc[c]21)<-[P](c1ccccc1N1CCOCC1)(C12C[C@H]3C[C@@H](C1)C[C@@H](C2)C3)C12C[C@H]3C[C@@H](C1)C[C@@H](C2)C3,,CS(C)=O,CS(C)=O,CS(C)=O,CS(C)=O,79200.0,0.0
Brc1cccnc1,Nc1ccc(-c2ccccc2)cn1,,CCN(CC)P1(=NC(C)(C)C)N(C)CCCN1C,CC(C)(C)[P](C(C)(C)C)(C(C)(C)C)->[Pd]1([Cl])<-[NH2]c2ccccc2-c2cccc[c]21,,CS(C)=O,CS(C)=O,CS(C)=O,CS(C)=O,79200.0,0.0
Brc1cccnc1,Sc1ccccc1,,CCN=P(N=P(N(C)C)(N(C)C)N(C)C)(N(C)C)N(C)C,CC12CC3(C)OC(C)(CC(C)(O1)[P]3(c1ccccc1)->[Pd]1(<-[NH2]c3ccccc3-c3cccc[c]31)[O]S(C)(=O)=O)O2,,CS(C)=O,CS(C)=O,CS(C)=O,CS(C)=O,79200.0,0.0
Brc1cccnc1,CCOC(=O)/C=C/c1ccccc1,,CN1CCCN2CCCN=C12,CS(=O)(=O)[O][Pd]1(<-[NH2]c2ccccc2-c2cccc[c]21)<-[P](c1ccccc1N1CCOCC1)(C12C[C@H]3C[C@@H](C1)C[C@@H](C2)C3)C12C[C@H]3C[C@@H](C1)C[C@@H](C2)C3,,CS(C)=O,CS(C)=O,CS(C)=O,CS(C)=O,79200.0,0.0
Brc1cccnc1,CCOC(=O)CC(=O)OCC,,CC(C)(C)N=P(N1CCCC1)(N1CCCC1)N1CCCC1,COc1ccc(OC)c([P](C23C[C@H]4C[C@@H](C2)C[C@@H](C3)C4)(C23C[C@H]4C[C@@H](C2)C[C@@H](C3)C4)->[Pd]2(<-[NH2]c3ccccc3-c3cccc[c]32)[O]S(C)(=O)=O)c1-c1c(C(C)C)cc(C(C)C)cc1C(C)C,,CS(C)=O,CS(C)=O,CS(C)=O,CS(C)=O,79200.0,2.5232760906219482
Brc1cccnc1,NC(=O)c1ccccc1,,CC(C)(C)N=P(N1CCCC1)(N1CCCC1)N1CCCC1,CC(C)(C)P(C1=CC=C[CH]1[Fe][CH]1C=CC=C1[P](C(C)(C)C)(C(C)(C)C)->[Pd]1(<-[NH2]c2ccccc2-c2cccc[c]21)[O]S(C)(=O)=O)C(C)(C)C,,CS(C)=O,CS(C)=O,CS(C)=O,CS(C)=O,79200.0,0.27027079463005066
Brc1cccnc1,OCCCc1ccccc1,,CCN(CC)P1(=NC(C)(C)C)N(C)CCCN1C,CC12CC3(C)OC(C)(CC(C)(O1)[P]3(c1ccccc1)->[Pd]1(<-[NH2]c3ccccc3-c3cccc[c]31)[O]S(C)(=O)=O)O2,,CS(C)=O,CS(C)=O,CS(C)=O,CS(C)=O,79200.0,0.0
Brc1cccnc1,CCOC(=O)CC(=O)OCC,,CN1CCCN2CCCN=C12,CC1(C)c2cccc(P(c3ccccc3)c3ccccc3)c2Oc2c1cccc2[P](c1ccccc1)(c1ccccc1)->[Pd]1([Cl])<-[NH2]c2ccccc2-c2cccc[c]21,,CS(C)=O,CS(C)=O,CS(C)=O,CS(C)=O,79200.0,0.0
Brc1cccnc1,Nc1ccc(-c2ccccc2)cn1,,CCN(CC)P1(=NC(C)(C)C)N(C)CCCN1C,CS(=O)(=O)[O][Pd]1(<-[NH2]c2ccccc2-c2cccc[c]21)<-[P](c1ccccc1N1CCOCC1)(C12C[C@H]3C[C@@H](C1)C[C@@H](C2)C3)C12C[C@H]3C[C@@H](C1)C[C@@H](C2)C3,,CS(C)=O,CS(C)=O,CS(C)=O,CS(C)=O,79200.0,0.1180064007639885
Brc1cccnc1,N=C(N)Cc1ccccc1,,CC(C)(C)N=P(N1CCCC1)(N1CCCC1)N1CCCC1,CC(C)(C)P(C1=CC=C[CH]1[Fe][CH]1C=CC=C1[P](C(C)(C)C)(C(C)(C)C)->[Pd]1(<-[NH2]c2ccccc2-c2cccc[c]21)[O]S(C)(=O)=O)C(C)(C)C,,CS(C)=O,CS(C)=O,CS(C)=O,CS(C)=O,79200.0,0.0
Brc1cccnc1,CCOC(=O)CC(=O)OCC,,CCN=P(N=P(N(C)C)(N(C)C)N(C)C)(N(C)C)N(C)C,CC(C)(C)[P](c1ccc(N)cc1)(C(C)(C)C)->[Pd]1(<-[NH2]c2ccccc2-c2cccc[c]21)[O]S(C)(=O)=O,,CS(C)=O,CS(C)=O,CS(C)=O,CS(C)=O,79200.0,0.2892231047153473
Brc1cccnc1,C#Cc1ccc(CCCC)cc1,,CCN=P(N=P(N(C)C)(N(C)C)N(C)C)(N(C)C)N(C)C,COc1ccc(OC)c([P](C(C)(C)C)(C(C)(C)C)->[Pd]2(<-[NH2]c3ccccc3-c3cccc[c]32)[O]S(C)(=O)=O)c1-c1c(C(C)C)cc(C(C)C)cc1C(C)C,,CS(C)=O,CS(C)=O,CS(C)=O,CS(C)=O,79200.0,2.2111737728118896
Brc1cccnc1,CC(C)(C)OC(N)=O,,C1CCC2=NCCCN2CC1,CS(=O)(=O)[O][Pd]1(<-[NH2]c2ccccc2-c2cccc[c]21)<-[P](c1ccccc1)(c1ccccc1)c1ccc2ccccc2c1-c1c(P(c2ccccc2)c2ccccc2)ccc2ccccc12,,CS(C)=O,CS(C)=O,CS(C)=O,CS(C)=O,79200.0,0.0
Brc1cccnc1,Nc1ccc(-c2ccccc2)cn1,,CCN(CC)P1(=NC(C)(C)C)N(C)CCCN1C,CC(C1=C([P](C2CCCCC2)(C2CCCCC2)->[Pd]2(<-[NH2]c3ccccc3-c3cccc[c]32)[O]S(C)(=O)=O)[CH]([Fe][CH]2C=CC=C2)C=C1)P(C(C)(C)C)C(C)(C)C,,CS(C)=O,CS(C)=O,CS(C)=O,CS(C)=O,79200.0,0.2108430713415146
Brc1cccnc1,Oc1ccccc1,,CN(C)C(=NC(C)(C)C)N(C)C,COc1ccc(C)c(-c2c(C(C)C)cc(C(C)C)cc2C(C)C)c1[P](C(C)(C)C)(C(C)(C)C)->[Pd]1(<-[NH2]c2ccccc2-c2cccc[c]21)[O]S(C)(=O)=O,,CS(C)=O,CS(C)=O,CS(C)=O,CS(C)=O,79200.0,0.0
Brc1cccnc1,CC1(C)OB(c2cnn(Cc3ccccc3)c2)OC1(C)C,O,C1CCC2=NCCCN2CC1,CS(=O)(=O)[O][Pd]1(<-[NH2]c2ccccc2-c2cccc[c]21)<-[P](C1=CC=C[CH]1[Fe][CH]1C=CC=C1P(c1ccccc1)c1ccccc1)(c1ccccc1)c1ccccc1,,CS(C)=O,CS(C)=O,CS(C)=O,CS(C)=O,79200.0,0.24735711514949799
Brc1cccnc1,CCOC(=O)CC(=O)OCC,,CCN(CC)P1(=NC(C)(C)C)N(C)CCCN1C,COc1ccc(C)c(-c2c(C(C)C)cc(C(C)C)cc2C(C)C)c1[P](C(C)(C)C)(C(C)(C)C)->[Pd]1(<-[NH2]c2ccccc2-c2cccc[c]21)[O]S(C)(=O)=O,,CS(C)=O,CS(C)=O,CS(C)=O,CS(C)=O,79200.0,0.20415043830871582
Brc1cccnc1,Nc1ccccc1,,CN(C)C(=NC(C)(C)C)N(C)C,COc1ccc(OC)c([P](C(C)(C)C)(C(C)(C)C)->[Pd]2(<-[NH2]c3ccccc3-c3cccc[c]32)[O]S(C)(=O)=O)c1-c1c(C(C)C)cc(C(C)C)cc1C(C)C,,CS(C)=O,CS(C)=O,CS(C)=O,CS(C)=O,79200.0,12.132856369018555
Brc1cccnc1,CCOC(=O)/C=C/c1ccccc1,,CN1CCCN2CCCN=C12,CC(C)(C)[P](c1ccc(N)cc1)(C(C)(C)C)->[Pd]1(<-[NH2]c2ccccc2-c2cccc[c]21)[O]S(C)(=O)=O,,CS(C)=O,CS(C)=O,CS(C)=O,CS(C)=O,79200.0,0.0
Brc1cccnc1,OCCCc1ccccc1,,CCN(CC)P1(=NC(C)(C)C)N(C)CCCN1C,CS(=O)(=O)[O][Pd]1(<-[NH2]c2ccccc2-c2cccc[c]21)<-[P](C1=CC=C[CH]1[Fe][CH]1C=CC=C1P(c1ccccc1)c1ccccc1)(c1ccccc1)c1ccccc1,,CS(C)=O,CS(C)=O,CS(C)=O,CS(C)=O,79200.0,0.0
Brc1cccnc1,CC(C)(C)OC(N)=O,,CC(C)(C)N=P(N1CCCC1)(N1CCCC1)N1CCCC1,COc1ccc(C)c(-c2c(C(C)C)cc(C(C)C)cc2C(C)C)c1[P](C(C)(C)C)(C(C)(C)C)->[Pd]1(<-[NH2]c2ccccc2-c2cccc[c]21)[O]S(C)(=O)=O,,CS(C)=O,CS(C)=O,CS(C)=O,CS(C)=O,79200.0,0.5133880972862244
Brc1cccnc1,NS(=O)(=O)c1ccccc1,,C1CCC2=NCCCN2CC1,CC12CC3(C)OC(C)(CC(C)(O1)[P]3(c1ccccc1)->[Pd]1(<-[NH2]c3ccccc3-c3cccc[c]31)[O]S(C)(=O)=O)O2,,CS(C)=O,CS(C)=O,CS(C)=O,CS(C)=O,79200.0,0.0
Brc1cccnc1,Oc1ccccc1,,CCN(CC)P1(=NC(C)(C)C)N(C)CCCN1C,CS(=O)(=O)[O][Pd]1(<-[NH2]c2ccccc2-c2cccc[c]21)<-[P](c1ccccc1)(c1ccccc1)c1ccc2ccccc2c1-c1c(P(c2ccccc2)c2ccccc2)ccc2ccccc12,,CS(C)=O,CS(C)=O,CS(C)=O,CS(C)=O,79200.0,0.0
Brc1cccnc1,Sc1ccccc1,,CN(C)C(=NC(C)(C)C)N(C)C,COc1ccc(OC)c([P](C2CCCCC2)(C2CCCCC2)->[Pd]2(<-[NH2]c3ccccc3-c3cccc[c]32)[O]S(C)(=O)=O)c1-c1c(C(C)C)cc(C(C)C)cc1C(C)C,,CS(C)=O,CS(C)=O,CS(C)=O,CS(C)=O,79200.0,0.0
Brc1cccnc1,c1ccc(Pc2ccccc2)cc1,,CN(C)C(=NC(C)(C)C)N(C)C,CC(C)(C)[P](c1ccc(N)cc1)(C(C)(C)C)->[Pd]1(<-[NH2]c2ccccc2-c2cccc[c]21)[O]S(C)(=O)=O,,CS(C)=O,CS(C)=O,CS(C)=O,CS(C)=O,79200.0,0.0
Brc1cccnc1,C#Cc1ccc(CCCC)cc1,,CC(C)(C)N=P(N1CCCC1)(N1CCCC1)N1CCCC1,CC(C1=C([P](C2CCCCC2)(C2CCCCC2)->[Pd]2(<-[NH2]c3ccccc3-c3cccc[c]32)[O]S(C)(=O)=O)[CH]([Fe][CH]2C=CC=C2)C=C1)P(C(C)(C)C)C(C)(C)C,,CS(C)=O,CS(C)=O,CS(C)=O,CS(C)=O,79200.0,0.7808894515037537
Brc1cccnc1,NC(=O)c1ccccc1,,CCN(CC)P1(=NC(C)(C)C)N(C)CCCN1C,CC1(C)c2cccc(P(c3ccccc3)c3ccccc3)c2Oc2c1cccc2[P](c1ccccc1)(c1ccccc1)->[Pd]1([Cl])<-[NH2]c2ccccc2-c2cccc[c]21,,CS(C)=O,CS(C)=O,CS(C)=O,CS(C)=O,79200.0,0.28094786405563354
Brc1cccnc1,OCCCc1ccccc1,,CC(C)(C)N=P(N1CCCC1)(N1CCCC1)N1CCCC1,CC(C)(C)P(C1=CC=C[CH]1[Fe][CH]1C=CC=C1[P](C(C)(C)C)(C(C)(C)C)->[Pd]1(<-[NH2]c2ccccc2-c2cccc[c]21)[O]S(C)(=O)=O)C(C)(C)C,,CS(C)=O,CS(C)=O,CS(C)=O,CS(C)=O,79200.0,0.0
Brc1cccnc1,Nc1ccc(-c2ccccc2)cn1,,CC(C)(C)N=P(N1CCCC1)(N1CCCC1)N1CCCC1,CS(=O)(=O)[O][Pd]1(<-[NH2]c2ccccc2-c2cccc[c]21)<-[P](c1ccccc1)(c1ccccc1)c1ccc2ccccc2c1-c1c(P(c2ccccc2)c2ccccc2)ccc2ccccc12,,CS(C)=O,CS(C)=O,CS(C)=O,CS(C)=O,79200.0,0.3244166672229767
Brc1cccnc1,Sc1ccccc1,,CCN=P(N=P(N(C)C)(N(C)C)N(C)C)(N(C)C)N(C)C,CS(=O)(=O)[O][Pd]1(<-[NH2]c2ccccc2-c2cccc[c]21)<-[P](c1ccccc1N1CCOCC1)(C12C[C@H]3C[C@@H](C1)C[C@@H](C2)C3)C12C[C@H]3C[C@@H](C1)C[C@@H](C2)C3,,CS(C)=O,CS(C)=O,CS(C)=O,CS(C)=O,79200.0,0.0
Brc1cccnc1,CCOC(=O)/C=C/c1ccccc1,,CCN(CC)P1(=NC(C)(C)C)N(C)CCCN1C,COc1ccc(C)c(-c2c(C(C)C)cc(C(C)C)cc2C(C)C)c1[P](C(C)(C)C)(C(C)(C)C)->[Pd]1(<-[NH2]c2ccccc2-c2cccc[c]21)[O]S(C)(=O)=O,,CS(C)=O,CS(C)=O,CS(C)=O,CS(C)=O,79200.0,0.0
Brc1cccnc1,CC1(C)OB(c2cnn(Cc3ccccc3)c2)OC1(C)C,O,CC(C)(C)N=P(N1CCCC1)(N1CCCC1)N1CCCC1,CS(=O)(=O)[O][Pd]1(<-[NH2]c2ccccc2-c2cccc[c]21)<-[P](C1=CC=C[CH]1[Fe][CH]1C=CC=C1P(c1ccccc1)c1ccccc1)(c1ccccc1)c1ccccc1,,CS(C)=O,CS(C)=O,CS(C)=O,CS(C)=O,79200.0,2.57690691947937
Brc1cccnc1,c1ccc2[nH]ncc2c1,,CN1CCCN2CCCN=C12,CC(C)Oc1cccc(OC(C)C)c1-c1ccccc1[P](C1CCCCC1)(C1CCCCC1)->[Pd]1([Cl])<-[NH2]c2ccccc2-c2cccc[c]21,,CS(C)=O,CS(C)=O,CS(C)=O,CS(C)=O,79200.0,0.0
Brc1cccnc1,c1ccc(Pc2ccccc2)cc1,,CC(C)(C)N=P(N1CCCC1)(N1CCCC1)N1CCCC1,CC(C)(C)[P](c1ccc(N)cc1)(C(C)(C)C)->[Pd]1(<-[NH2]c2ccccc2-c2cccc[c]21)[O]S(C)(=O)=O,,CS(C)=O,CS(C)=O,CS(C)=O,CS(C)=O,79200.0,0.0
Brc1cccnc1,CC(N)CCc1ccccc1,,CCN(CC)P1(=NC(C)(C)C)N(C)CCCN1C,CC(C)c1cc(C(C)C)c(-c2ccccc2[P](C(C)(C)C)(C(C)(C)C)->[Pd]2(<-[NH2]c3ccccc3-c3cccc[c]32)[O]S(C)(=O)=O)c(C(C)C)c1,,CS(C)=O,CS(C)=O,CS(C)=O,CS(C)=O,79200.0,1.794249176979065
Brc1cccnc1,NS(=O)(=O)c1ccccc1,,CN1CCCN2CCCN=C12,CC(C)c1cc(C(C)C)c(-c2ccccc2[P](C2CCCCC2)(C2CCCCC2)->[Pd]2(<-[NH2]c3ccccc3-c3cccc[c]32)[O]S(C)(=O)=O)c(C(C)C)c1,,CS(C)=O,CS(C)=O,CS(C)=O,CS(C)=O,79200.0,0.0
Brc1cccnc1,c1ccc2[nH]ncc2c1,,CN1CCCN2CCCN=C12,CC(C)(C)[P](C(C)(C)C)(C(C)(C)C)->[Pd]1([Cl])<-[NH2]c2ccccc2-c2cccc[c]21,,CS(C)=O,CS(C)=O,CS(C)=O,CS(C)=O,79200.0,0.0
Brc1cccnc1,N=C(N)Cc1ccccc1,,CC(C)(C)N=P(N1CCCC1)(N1CCCC1)N1CCCC1,COc1ccc(OC)c([P](C23C[C@H]4C[C@@H](C2)C[C@@H](C3)C4)(C23C[C@H]4C[C@@H](C2)C[C@@H](C3)C4)->[Pd]2(<-[NH2]c3ccccc3-c3cccc[c]32)[O]S(C)(=O)=O)c1-c1c(C(C)C)cc(C(C)C)cc1C(C)C,,CS(C)=O,CS(C)=O,CS(C)=O,CS(C)=O,79200.0,0.0
Brc1cccnc1,c1ccc(Pc2ccccc2)cc1,,CCN(CC)P1(=NC(C)(C)C)N(C)CCCN1C,CC1(C)c2cccc(P(c3ccccc3)c3ccccc3)c2Oc2c1cccc2[P](c1ccccc1)(c1ccccc1)->[Pd]1([Cl])<-[NH2]c2ccccc2-c2cccc[c]21,,CS(C)=O,CS(C)=O,CS(C)=O,CS(C)=O,79200.0,0.0
Brc1cccnc1,NC(=O)c1ccccc1,,C1CCC2=NCCCN2CC1,CS(=O)(=O)[O][Pd]1(<-[NH2]c2ccccc2-c2cccc[c]21)<-[P](C1=CC=C[CH]1[Fe][CH]1C=CC=C1P(c1ccccc1)c1ccccc1)(c1ccccc1)c1ccccc1,,CS(C)=O,CS(C)=O,CS(C)=O,CS(C)=O,79200.0,0.0
Brc1cccnc1,CC(C)(C)OC(N)=O,,CCN(CC)P1(=NC(C)(C)C)N(C)CCCN1C,CC1(C)c2cccc(P(c3ccccc3)c3ccccc3)c2Oc2c1cccc2[P](c1ccccc1)(c1ccccc1)->[Pd]1([Cl])<-[NH2]c2ccccc2-c2cccc[c]21,,CS(C)=O,CS(C)=O,CS(C)=O,CS(C)=O,79200.0,0.0
Brc1cccnc1,NS(=O)(=O)c1ccccc1,,CN(C)C(=NC(C)(C)C)N(C)C,COc1ccc(OC)c([P](C(C)(C)C)(C(C)(C)C)->[Pd]2(<-[NH2]c3ccccc3-c3cccc[c]32)[O]S(C)(=O)=O)c1-c1c(C(C)C)cc(C(C)C)cc1C(C)C,,CS(C)=O,CS(C)=O,CS(C)=O,CS(C)=O,79200.0,5.174798965454102
Brc1cccnc1,OCCCc1ccccc1,,CC(C)(C)N=P(N1CCCC1)(N1CCCC1)N1CCCC1,CC(C)Oc1cccc(OC(C)C)c1-c1ccccc1[P](C1CCCCC1)(C1CCCCC1)->[Pd]1([Cl])<-[NH2]c2ccccc2-c2cccc[c]21,,CS(C)=O,CS(C)=O,CS(C)=O,CS(C)=O,79200.0,0.0
Brc1cccnc1,CCOC(=O)/C=C/c1ccccc1,,CCN=P(N=P(N(C)C)(N(C)C)N(C)C)(N(C)C)N(C)C,CC1(C)c2cccc(P(c3ccccc3)c3ccccc3)c2Oc2c1cccc2[P](c1ccccc1)(c1ccccc1)->[Pd]1([Cl])<-[NH2]c2ccccc2-c2cccc[c]21,,CS(C)=O,CS(C)=O,CS(C)=O,CS(C)=O,79200.0,0.0
Brc1cccnc1,Sc1ccccc1,,CN1CCCN2CCCN=C12,CS(=O)(=O)[O][Pd]1(<-[NH2]c2ccccc2-c2cccc[c]21)<-[P](c1ccccc1)(c1ccccc1)c1ccc2ccccc2c1-c1c(P(c2ccccc2)c2ccccc2)ccc2ccccc12,,CS(C)=O,CS(C)=O,CS(C)=O,CS(C)=O,79200.0,0.0
Brc1cccnc1,c1ccc(Pc2ccccc2)cc1,,CN(C)C(=NC(C)(C)C)N(C)C,CC(C)(C)P(C1=CC=C[CH]1[Fe][CH]1C=CC=C1[P](C(C)(C)C)(C(C)(C)C)->[Pd]1(<-[NH2]c2ccccc2-c2cccc[c]21)[O]S(C)(=O)=O)C(C)(C)C,,CS(C)=O,CS(C)=O,CS(C)=O,CS(C)=O,79200.0,0.0
Brc1cccnc1,c1ccc2[nH]ncc2c1,,CN(C)C(=NC(C)(C)C)N(C)C,COc1ccc(OC)c([P](C(C)(C)C)(C(C)(C)C)->[Pd]2(<-[NH2]c3ccccc3-c3cccc[c]32)[O]S(C)(=O)=O)c1-c1c(C(C)C)cc(C(C)C)cc1C(C)C,,CS(C)=O,CS(C)=O,CS(C)=O,CS(C)=O,79200.0,3.73693585395813
Brc1cccnc1,Sc1ccccc1,,C1CCC2=NCCCN2CC1,CS(=O)(=O)[O][Pd]1(<-[NH2]c2ccccc2-c2cccc[c]21)<-[P](c1ccccc1)(c1ccccc1)c1ccc2ccccc2c1-c1c(P(c2ccccc2)c2ccccc2)ccc2ccccc12,,CS(C)=O,CS(C)=O,CS(C)=O,CS(C)=O,79200.0,0.0
Brc1cccnc1,N=C(N)Cc1ccccc1,,CN1CCCN2CCCN=C12,CC(C1=C([P](C2CCCCC2)(C2CCCCC2)->[Pd]2(<-[NH2]c3ccccc3-c3cccc[c]32)[O]S(C)(=O)=O)[CH]([Fe][CH]2C=CC=C2)C=C1)P(C(C)(C)C)C(C)(C)C,,CS(C)=O,CS(C)=O,CS(C)=O,CS(C)=O,79200.0,0.0
Brc1cccnc1,NS(=O)(=O)c1ccccc1,,CC(C)(C)N=P(N1CCCC1)(N1CCCC1)N1CCCC1,CC(C)c1cc(C(C)C)c(-c2ccccc2[P](C(C)(C)C)(C(C)(C)C)->[Pd]2(<-[NH2]c3ccccc3-c3cccc[c]32)[O]S(C)(=O)=O)c(C(C)C)c1,,CS(C)=O,CS(C)=O,CS(C)=O,CS(C)=O,79200.0,3.0503432750701904
Brc1cccnc1,Nc1ccc(-c2ccccc2)cn1,,C1CCC2=NCCCN2CC1,CS(=O)(=O)[O][Pd]1(<-[NH2]c2ccccc2-c2cccc[c]21)<-[P](c1ccccc1)(c1ccccc1)c1ccc2ccccc2c1-c1c(P(c2ccccc2)c2ccccc2)ccc2ccccc12,,CS(C)=O,CS(C)=O,CS(C)=O,CS(C)=O,79200.0,0.4578160047531128
Brc1cccnc1,CCOC(=O)CC(=O)OCC,,CCN=P(N=P(N(C)C)(N(C)C)N(C)C)(N(C)C)N(C)C,CC(C)Oc1cccc(OC(C)C)c1-c1ccccc1[P](C1CCCCC1)(C1CCCCC1)->[Pd]1([Cl])<-[NH2]c2ccccc2-c2cccc[c]21,,CS(C)=O,CS(C)=O,CS(C)=O,CS(C)=O,79200.0,0.2627629339694977
Brc1cccnc1,NS(=O)(=O)c1ccccc1,,C1CCC2=NCCCN2CC1,CC(C)Oc1cccc(OC(C)C)c1-c1ccccc1[P](C1CCCCC1)(C1CCCCC1)->[Pd]1([Cl])<-[NH2]c2ccccc2-c2cccc[c]21,,CS(C)=O,CS(C)=O,CS(C)=O,CS(C)=O,79200.0,0.0
Brc1cccnc1,CC(N)CCc1ccccc1,,CN(C)C(=NC(C)(C)C)N(C)C,COc1ccc(OC)c([P](C(C)(C)C)(C(C)(C)C)->[Pd]2(<-[NH2]c3ccccc3-c3cccc[c]32)[O]S(C)(=O)=O)c1-c1c(C(C)C)cc(C(C)C)cc1C(C)C,,CS(C)=O,CS(C)=O,CS(C)=O,CS(C)=O,79200.0,8.015772819519043
Brc1cccnc1,Oc1ccccc1,,CN1CCCN2CCCN=C12,CC(C)c1cc(C(C)C)c(-c2ccccc2[P](C2CCCCC2)(C2CCCCC2)->[Pd]2(<-[NH2]c3ccccc3-c3cccc[c]32)[O]S(C)(=O)=O)c(C(C)C)c1,,CS(C)=O,CS(C)=O,CS(C)=O,CS(C)=O,79200.0,0.0
Brc1cccnc1,Sc1ccccc1,,CCN=P(N=P(N(C)C)(N(C)C)N(C)C)(N(C)C)N(C)C,COc1ccc(OC)c([P](C23C[C@H]4C[C@@H](C2)C[C@@H](C3)C4)(C23C[C@H]4C[C@@H](C2)C[C@@H](C3)C4)->[Pd]2(<-[NH2]c3ccccc3-c3cccc[c]32)[O]S(C)(=O)=O)c1-c1c(C(C)C)cc(C(C)C)cc1C(C)C,,CS(C)=O,CS(C)=O,CS(C)=O,CS(C)=O,79200.0,0.0
Brc1cccnc1,N=C(N)Cc1ccccc1,,CCN=P(N=P(N(C)C)(N(C)C)N(C)C)(N(C)C)N(C)C,CC(C1=C([P](C2CCCCC2)(C2CCCCC2)->[Pd]2(<-[NH2]c3ccccc3-c3cccc[c]32)[O]S(C)(=O)=O)[CH]([Fe][CH]2C=CC=C2)C=C1)P(C(C)(C)C)C(C)(C)C,,CS(C)=O,CS(C)=O,CS(C)=O,CS(C)=O,79200.0,0.0
Brc1cccnc1,NS(=O)(=O)c1ccccc1,,CN(C)C(=NC(C)(C)C)N(C)C,COc1ccc(OC)c([P](C2CCCCC2)(C2CCCCC2)->[Pd]2(<-[NH2]c3ccccc3-c3cccc[c]32)[O]S(C)(=O)=O)c1-c1c(C(C)C)cc(C(C)C)cc1C(C)C,,CS(C)=O,CS(C)=O,CS(C)=O,CS(C)=O,79200.0,0.0
Brc1cccnc1,CCOC(=O)CC(=O)OCC,,CCN(CC)P1(=NC(C)(C)C)N(C)CCCN1C,CS(=O)(=O)[O][Pd]1(<-[NH2]c2ccccc2-c2cccc[c]21)<-[P](c1ccccc1)(c1ccccc1)c1ccc2ccccc2c1-c1c(P(c2ccccc2)c2ccccc2)ccc2ccccc12,,CS(C)=O,CS(C)=O,CS(C)=O,CS(C)=O,79200.0,0.2372279316186905
Brc1cccnc1,c1ccc(Pc2ccccc2)cc1,,CN(C)C(=NC(C)(C)C)N(C)C,CS(=O)(=O)[O][Pd]1(<-[NH2]c2ccccc2-c2cccc[c]21)<-[P](c1ccccc1N1CCOCC1)(C12C[C@H]3C[C@@H](C1)C[C@@H](C2)C3)C12C[C@H]3C[C@@H](C1)C[C@@H](C2)C3,,CS(C)=O,CS(C)=O,CS(C)=O,CS(C)=O,79200.0,0.0
Brc1cccnc1,CCOC(=O)/C=C/c1ccccc1,,CCN(CC)P1(=NC(C)(C)C)N(C)CCCN1C,CC(C)(C)[P](C(C)(C)C)(C(C)(C)C)->[Pd]1([Cl])<-[NH2]c2ccccc2-c2cccc[c]21,,CS(C)=O,CS(C)=O,CS(C)=O,CS(C)=O,79200.0,0.0
Brc1cccnc1,c1ccc(Pc2ccccc2)cc1,,CN(C)C(=NC(C)(C)C)N(C)C,CC(C)c1cc(C(C)C)c(-c2ccccc2[P](C2CCCCC2)(C2CCCCC2)->[Pd]2(<-[NH2]c3ccccc3-c3cccc[c]32)[O]S(C)(=O)=O)c(C(C)C)c1,,CS(C)=O,CS(C)=O,CS(C)=O,CS(C)=O,79200.0,0.0
Brc1cccnc1,CC(N)CCc1ccccc1,,CC(C)(C)N=P(N1CCCC1)(N1CCCC1)N1CCCC1,COc1ccc(OC)c([P](C(C)(C)C)(C(C)(C)C)->[Pd]2(<-[NH2]c3ccccc3-c3cccc[c]32)[O]S(C)(=O)=O)c1-c1c(C(C)C)cc(C(C)C)cc1C(C)C,,CS(C)=O,CS(C)=O,CS(C)=O,CS(C)=O,79200.0,7.126225471496582
Brc1cccnc1,Oc1ccccc1,,C1CCC2=NCCCN2CC1,COc1ccc(OC)c([P](C23C[C@H]4C[C@@H](C2)C[C@@H](C3)C4)(C23C[C@H]4C[C@@H](C2)C[C@@H](C3)C4)->[Pd]2(<-[NH2]c3ccccc3-c3cccc[c]32)[O]S(C)(=O)=O)c1-c1c(C(C)C)cc(C(C)C)cc1C(C)C,,CS(C)=O,CS(C)=O,CS(C)=O,CS(C)=O,79200.0,0.0
Brc1cccnc1,CC(C)(C)OC(N)=O,,CCN(CC)P1(=NC(C)(C)C)N(C)CCCN1C,COc1ccc(OC)c([P](C2CCCCC2)(C2CCCCC2)->[Pd]2(<-[NH2]c3ccccc3-c3cccc[c]32)[O]S(C)(=O)=O)c1-c1c(C(C)C)cc(C(C)C)cc1C(C)C,,CS(C)=O,CS(C)=O,CS(C)=O,CS(C)=O,79200.0,0.7967289090156555
Brc1cccnc1,CCOC(=O)/C=C/c1ccccc1,,CN(C)C(=NC(C)(C)C)N(C)C,CC(C)(C)P(C1=CC=C[CH]1[Fe][CH]1C=CC=C1[P](C(C)(C)C)(C(C)(C)C)->[Pd]1(<-[NH2]c2ccccc2-c2cccc[c]21)[O]S(C)(=O)=O)C(C)(C)C,,CS(C)=O,CS(C)=O,CS(C)=O,CS(C)=O,79200.0,0.0
Brc1cccnc1,CCOC(=O)CC(=O)OCC,,CN(C)C(=NC(C)(C)C)N(C)C,CC(C)(C)P(C1=CC=C[CH]1[Fe][CH]1C=CC=C1[P](C(C)(C)C)(C(C)(C)C)->[Pd]1(<-[NH2]c2ccccc2-c2cccc[c]21)[O]S(C)(=O)=O)C(C)(C)C,,CS(C)=O,CS(C)=O,CS(C)=O,CS(C)=O,79200.0,0.0
Brc1cccnc1,CCOC(=O)/C=C/c1ccccc1,,CCN(CC)P1(=NC(C)(C)C)N(C)CCCN1C,CC12CC3(C)OC(C)(CC(C)(O1)[P]3(c1ccccc1)->[Pd]1(<-[NH2]c3ccccc3-c3cccc[c]31)[O]S(C)(=O)=O)O2,,CS(C)=O,CS(C)=O,CS(C)=O,CS(C)=O,79200.0,0.0
Brc1cccnc1,CC(C)(C)OC(N)=O,,CN(C)C(=NC(C)(C)C)N(C)C,CC(C)(C)[P](C(C)(C)C)(C(C)(C)C)->[Pd]1([Cl])<-[NH2]c2ccccc2-c2cccc[c]21,,CS(C)=O,CS(C)=O,CS(C)=O,CS(C)=O,79200.0,0.0
Brc1cccnc1,N=C(N)Cc1ccccc1,,CC(C)(C)N=P(N1CCCC1)(N1CCCC1)N1CCCC1,CC(C)(C)[P](c1ccc(N)cc1)(C(C)(C)C)->[Pd]1(<-[NH2]c2ccccc2-c2cccc[c]21)[O]S(C)(=O)=O,,CS(C)=O,CS(C)=O,CS(C)=O,CS(C)=O,79200.0,0.0
Brc1cccnc1,Nc1ccccc1,,CCN(CC)P1(=NC(C)(C)C)N(C)CCCN1C,CS(=O)(=O)[O][Pd]1(<-[NH2]c2ccccc2-c2cccc[c]21)<-[P](c1ccccc1)(c1ccccc1)c1ccc2ccccc2c1-c1c(P(c2ccccc2)c2ccccc2)ccc2ccccc12,,CS(C)=O,CS(C)=O,CS(C)=O,CS(C)=O,79200.0,0.0
Brc1cccnc1,NS(=O)(=O)c1ccccc1,,CN1CCCN2CCCN=C12,COc1ccc(OC)c([P](C2CCCCC2)(C2CCCCC2)->[Pd]2(<-[NH2]c3ccccc3-c3cccc[c]32)[O]S(C)(=O)=O)c1-c1c(C(C)C)cc(C(C)C)cc1C(C)C,,CS(C)=O,CS(C)=O,CS(C)=O,CS(C)=O,79200.0,0.0
Brc1cccnc1,NS(=O)(=O)c1ccccc1,,CCN(CC)P1(=NC(C)(C)C)N(C)CCCN1C,CC(C)c1cc(C(C)C)c(-c2ccccc2[P](C(C)(C)C)(C(C)(C)C)->[Pd]2(<-[NH2]c3ccccc3-c3cccc[c]32)[O]S(C)(=O)=O)c(C(C)C)c1,,CS(C)=O,CS(C)=O,CS(C)=O,CS(C)=O,79200.0,1.6297154426574707
Brc1cccnc1,C#Cc1ccc(CCCC)cc1,,CC(C)(C)N=P(N1CCCC1)(N1CCCC1)N1CCCC1,CC12CC3(C)OC(C)(CC(C)(O1)[P]3(c1ccccc1)->[Pd]1(<-[NH2]c3ccccc3-c3cccc[c]31)[O]S(C)(=O)=O)O2,,CS(C)=O,CS(C)=O,CS(C)=O,CS(C)=O,79200.0,0.08993375301361084
Brc1cccnc1,NC(=O)c1ccccc1,,CN(C)C(=NC(C)(C)C)N(C)C,CS(=O)(=O)[O][Pd]1(<-[NH2]c2ccccc2-c2cccc[c]21)<-[P](c1ccccc1)(c1ccccc1)c1ccc2ccccc2c1-c1c(P(c2ccccc2)c2ccccc2)ccc2ccccc12,,CS(C)=O,CS(C)=O,CS(C)=O,CS(C)=O,79200.0,0.0
Brc1cccnc1,N=C(N)Cc1ccccc1,,CCN(CC)P1(=NC(C)(C)C)N(C)CCCN1C,CC12CC3(C)OC(C)(CC(C)(O1)[P]3(c1ccccc1)->[Pd]1(<-[NH2]c3ccccc3-c3cccc[c]31)[O]S(C)(=O)=O)O2,,CS(C)=O,CS(C)=O,CS(C)=O,CS(C)=O,79200.0,0.0
Brc1cccnc1,Sc1ccccc1,,CC(C)(C)N=P(N1CCCC1)(N1CCCC1)N1CCCC1,CC1(C)c2cccc(P(c3ccccc3)c3ccccc3)c2Oc2c1cccc2[P](c1ccccc1)(c1ccccc1)->[Pd]1([Cl])<-[NH2]c2ccccc2-c2cccc[c]21,,CS(C)=O,CS(C)=O,CS(C)=O,CS(C)=O,79200.0,0.0
Brc1cccnc1,N=C(N)Cc1ccccc1,,CN1CCCN2CCCN=C12,CC(C)c1cc(C(C)C)c(-c2ccccc2[P](C2CCCCC2)(C2CCCCC2)->[Pd]2(<-[NH2]c3ccccc3-c3cccc[c]32)[O]S(C)(=O)=O)c(C(C)C)c1,,CS(C)=O,CS(C)=O,CS(C)=O,CS(C)=O,79200.0,0.25299790501594543
Brc1cccnc1,NS(=O)(=O)c1ccccc1,,CCN=P(N=P(N(C)C)(N(C)C)N(C)C)(N(C)C)N(C)C,CC(C)(C)[P](c1ccc(N)cc1)(C(C)(C)C)->[Pd]1(<-[NH2]c2ccccc2-c2cccc[c]21)[O]S(C)(=O)=O,,CS(C)=O,CS(C)=O,CS(C)=O,CS(C)=O,79200.0,0.0
Brc1cccnc1,Sc1ccccc1,,CN(C)C(=NC(C)(C)C)N(C)C,CC(C)c1cc(C(C)C)c(-c2ccccc2[P](C2CCCCC2)(C2CCCCC2)->[Pd]2(<-[NH2]c3ccccc3-c3cccc[c]32)[O]S(C)(=O)=O)c(C(C)C)c1,,CS(C)=O,CS(C)=O,CS(C)=O,CS(C)=O,79200.0,0.0
Brc1cccnc1,CCOC(=O)CC(=O)OCC,,CN1CCCN2CCCN=C12,CS(=O)(=O)[O][Pd]1(<-[NH2]c2ccccc2-c2cccc[c]21)<-[P](C1=CC=C[CH]1[Fe][CH]1C=CC=C1P(c1ccccc1)c1ccccc1)(c1ccccc1)c1ccccc1,,CS(C)=O,CS(C)=O,CS(C)=O,CS(C)=O,79200.0,0.17877864837646484
Brc1cccnc1,NS(=O)(=O)c1ccccc1,,CC(C)(C)N=P(N1CCCC1)(N1CCCC1)N1CCCC1,CC1(C)c2cccc(P(c3ccccc3)c3ccccc3)c2Oc2c1cccc2[P](c1ccccc1)(c1ccccc1)->[Pd]1([Cl])<-[NH2]c2ccccc2-c2cccc[c]21,,CS(C)=O,CS(C)=O,CS(C)=O,CS(C)=O,79200.0,0.0
Brc1cccnc1,N=C(N)Cc1ccccc1,,CC(C)(C)N=P(N1CCCC1)(N1CCCC1)N1CCCC1,COc1ccc(OC)c([P](C(C)(C)C)(C(C)(C)C)->[Pd]2(<-[NH2]c3ccccc3-c3cccc[c]32)[O]S(C)(=O)=O)c1-c1c(C(C)C)cc(C(C)C)cc1C(C)C,,CS(C)=O,CS(C)=O,CS(C)=O,CS(C)=O,79200.0,0.0
Brc1cccnc1,CC1(C)OB(c2cnn(Cc3ccccc3)c2)OC1(C)C,O,CN(C)C(=NC(C)(C)C)N(C)C,CC(C)c1cc(C(C)C)c(-c2ccccc2[P](C(C)(C)C)(C(C)(C)C)->[Pd]2(<-[NH2]c3ccccc3-c3cccc[c]32)[O]S(C)(=O)=O)c(C(C)C)c1,,CS(C)=O,CS(C)=O,CS(C)=O,CS(C)=O,79200.0,20.75795555114746
Brc1cccnc1,NS(=O)(=O)c1ccccc1,,CCN=P(N=P(N(C)C)(N(C)C)N(C)C)(N(C)C)N(C)C,COc1ccc(C)c(-c2c(C(C)C)cc(C(C)C)cc2C(C)C)c1[P](C(C)(C)C)(C(C)(C)C)->[Pd]1(<-[NH2]c2ccccc2-c2cccc[c]21)[O]S(C)(=O)=O,,CS(C)=O,CS(C)=O,CS(C)=O,CS(C)=O,79200.0,7.131679534912109
Brc1cccnc1,c1ccc2[nH]ncc2c1,,CCN(CC)P1(=NC(C)(C)C)N(C)CCCN1C,CC12CC3(C)OC(C)(CC(C)(O1)[P]3(c1ccccc1)->[Pd]1(<-[NH2]c3ccccc3-c3cccc[c]31)[O]S(C)(=O)=O)O2,,CS(C)=O,CS(C)=O,CS(C)=O,CS(C)=O,79200.0,0.0
Brc1cccnc1,Sc1ccccc1,,C1CCC2=NCCCN2CC1,CC(C)(C)[P](c1ccc(N)cc1)(C(C)(C)C)->[Pd]1(<-[NH2]c2ccccc2-c2cccc[c]21)[O]S(C)(=O)=O,,CS(C)=O,CS(C)=O,CS(C)=O,CS(C)=O,79200.0,0.0
Brc1cccnc1,CC(C)(C)OC(N)=O,,CCN(CC)P1(=NC(C)(C)C)N(C)CCCN1C,CS(=O)(=O)[O][Pd]1(<-[NH2]c2ccccc2-c2cccc[c]21)<-[P](C1=CC=C[CH]1[Fe][CH]1C=CC=C1P(c1ccccc1)c1ccccc1)(c1ccccc1)c1ccccc1,,CS(C)=O,CS(C)=O,CS(C)=O,CS(C)=O,79200.0,0.0
Brc1cccnc1,CC(C)(C)OC(N)=O,,CN1CCCN2CCCN=C12,CC(C)c1cc(C(C)C)c(-c2ccccc2[P](C(C)(C)C)(C(C)(C)C)->[Pd]2(<-[NH2]c3ccccc3-c3cccc[c]32)[O]S(C)(=O)=O)c(C(C)C)c1,,CS(C)=O,CS(C)=O,CS(C)=O,CS(C)=O,79200.0,10.066701889038086
Brc1cccnc1,CC(N)CCc1ccccc1,,CCN=P(N=P(N(C)C)(N(C)C)N(C)C)(N(C)C)N(C)C,COc1ccc(OC)c([P](C2CCCCC2)(C2CCCCC2)->[Pd]2(<-[NH2]c3ccccc3-c3cccc[c]32)[O]S(C)(=O)=O)c1-c1c(C(C)C)cc(C(C)C)cc1C(C)C,,CS(C)=O,CS(C)=O,CS(C)=O,CS(C)=O,79200.0,5.559441089630127
Brc1cccnc1,C#Cc1ccc(CCCC)cc1,,CN(C)C(=NC(C)(C)C)N(C)C,CC(C)(C)P(C1=CC=C[CH]1[Fe][CH]1C=CC=C1[P](C(C)(C)C)(C(C)(C)C)->[Pd]1(<-[NH2]c2ccccc2-c2cccc[c]21)[O]S(C)(=O)=O)C(C)(C)C,,CS(C)=O,CS(C)=O,CS(C)=O,CS(C)=O,79200.0,16.15050506591797
Brc1cccnc1,CC(C)(C)OC(N)=O,,C1CCC2=NCCCN2CC1,CS(=O)(=O)[O][Pd]1(<-[NH2]c2ccccc2-c2cccc[c]21)<-[P](c1ccccc1N1CCOCC1)(C12C[C@H]3C[C@@H](C1)C[C@@H](C2)C3)C12C[C@H]3C[C@@H](C1)C[C@@H](C2)C3,,CS(C)=O,CS(C)=O,CS(C)=O,CS(C)=O,79200.0,0.0
Brc1cccnc1,Nc1ccc(-c2ccccc2)cn1,,CCN(CC)P1(=NC(C)(C)C)N(C)CCCN1C,CS(=O)(=O)[O][Pd]1(<-[NH2]c2ccccc2-c2cccc[c]21)<-[P](C1=CC=C[CH]1[Fe][CH]1C=CC=C1P(c1ccccc1)c1ccccc1)(c1ccccc1)c1ccccc1,,CS(C)=O,CS(C)=O,CS(C)=O,CS(C)=O,79200.0,0.2649752199649811
Brc1cccnc1,Sc1ccccc1,,CCN(CC)P1(=NC(C)(C)C)N(C)CCCN1C,COc1ccc(OC)c([P](C23C[C@H]4C[C@@H](C2)C[C@@H](C3)C4)(C23C[C@H]4C[C@@H](C2)C[C@@H](C3)C4)->[Pd]2(<-[NH2]c3ccccc3-c3cccc[c]32)[O]S(C)(=O)=O)c1-c1c(C(C)C)cc(C(C)C)cc1C(C)C,,CS(C)=O,CS(C)=O,CS(C)=O,CS(C)=O,79200.0,0.0
Brc1cccnc1,NC(=O)c1ccccc1,,C1CCC2=NCCCN2CC1,CC1(C)c2cccc(P(c3ccccc3)c3ccccc3)c2Oc2c1cccc2[P](c1ccccc1)(c1ccccc1)->[Pd]1([Cl])<-[NH2]c2ccccc2-c2cccc[c]21,,CS(C)=O,CS(C)=O,CS(C)=O,CS(C)=O,79200.0,0.0
Brc1cccnc1,CCOC(=O)/C=C/c1ccccc1,,CCN=P(N=P(N(C)C)(N(C)C)N(C)C)(N(C)C)N(C)C,COc1ccc(OC)c([P](C(C)(C)C)(C(C)(C)C)->[Pd]2(<-[NH2]c3ccccc3-c3cccc[c]32)[O]S(C)(=O)=O)c1-c1c(C(C)C)cc(C(C)C)cc1C(C)C,,CS(C)=O,CS(C)=O,CS(C)=O,CS(C)=O,79200.0,0.0
Brc1cccnc1,Oc1ccccc1,,CCN=P(N=P(N(C)C)(N(C)C)N(C)C)(N(C)C)N(C)C,CC(C)(C)P(C1=CC=C[CH]1[Fe][CH]1C=CC=C1[P](C(C)(C)C)(C(C)(C)C)->[Pd]1(<-[NH2]c2ccccc2-c2cccc[c]21)[O]S(C)(=O)=O)C(C)(C)C,,CS(C)=O,CS(C)=O,CS(C)=O,CS(C)=O,79200.0,0.0
Brc1cccnc1,C#Cc1ccc(CCCC)cc1,,CC(C)(C)N=P(N1CCCC1)(N1CCCC1)N1CCCC1,CC(C)Oc1cccc(OC(C)C)c1-c1ccccc1[P](C1CCCCC1)(C1CCCCC1)->[Pd]1([Cl])<-[NH2]c2ccccc2-c2cccc[c]21,,CS(C)=O,CS(C)=O,CS(C)=O,CS(C)=O,79200.0,10.295368194580078
Brc1cccnc1,NS(=O)(=O)c1ccccc1,,CN1CCCN2CCCN=C12,CS(=O)(=O)[O][Pd]1(<-[NH2]c2ccccc2-c2cccc[c]21)<-[P](c1ccccc1N1CCOCC1)(C12C[C@H]3C[C@@H](C1)C[C@@H](C2)C3)C12C[C@H]3C[C@@H](C1)C[C@@H](C2)C3,,CS(C)=O,CS(C)=O,CS(C)=O,CS(C)=O,79200.0,0.0
Brc1cccnc1,c1ccc2[nH]ncc2c1,,CN(C)C(=NC(C)(C)C)N(C)C,CS(=O)(=O)[O][Pd]1(<-[NH2]c2ccccc2-c2cccc[c]21)<-[P](c1ccccc1N1CCOCC1)(C12C[C@H]3C[C@@H](C1)C[C@@H](C2)C3)C12C[C@H]3C[C@@H](C1)C[C@@H](C2)C3,,CS(C)=O,CS(C)=O,CS(C)=O,CS(C)=O,79200.0,0.0
Brc1cccnc1,CCOC(=O)/C=C/c1ccccc1,,C1CCC2=NCCCN2CC1,CS(=O)(=O)[O][Pd]1(<-[NH2]c2ccccc2-c2cccc[c]21)<-[P](c1ccccc1N1CCOCC1)(C12C[C@H]3C[C@@H](C1)C[C@@H](C2)C3)C12C[C@H]3C[C@@H](C1)C[C@@H](C2)C3,,CS(C)=O,CS(C)=O,CS(C)=O,CS(C)=O,79200.0,0.0
Brc1cccnc1,N=C(N)Cc1ccccc1,,CN(C)C(=NC(C)(C)C)N(C)C,CS(=O)(=O)[O][Pd]1(<-[NH2]c2ccccc2-c2cccc[c]21)<-[P](C1=CC=C[CH]1[Fe][CH]1C=CC=C1P(c1ccccc1)c1ccccc1)(c1ccccc1)c1ccccc1,,CS(C)=O,CS(C)=O,CS(C)=O,CS(C)=O,79200.0,0.0
Brc1cccnc1,c1ccc2[nH]ncc2c1,,CN(C)C(=NC(C)(C)C)N(C)C,CS(=O)(=O)[O][Pd]1(<-[NH2]c2ccccc2-c2cccc[c]21)<-[P](c1ccccc1)(c1ccccc1)c1ccc2ccccc2c1-c1c(P(c2ccccc2)c2ccccc2)ccc2ccccc12,,CS(C)=O,CS(C)=O,CS(C)=O,CS(C)=O,79200.0,0.0
Brc1cccnc1,CC1(C)OB(c2cnn(Cc3ccccc3)c2)OC1(C)C,O,CN1CCCN2CCCN=C12,CS(=O)(=O)[O][Pd]1(<-[NH2]c2ccccc2-c2cccc[c]21)<-[P](c1ccccc1N1CCOCC1)(C12C[C@H]3C[C@@H](C1)C[C@@H](C2)C3)C12C[C@H]3C[C@@H](C1)C[C@@H](C2)C3,,CS(C)=O,CS(C)=O,CS(C)=O,CS(C)=O,79200.0,0.6444980502128601
Brc1cccnc1,Sc1ccccc1,,C1CCC2=NCCCN2CC1,CC(C)c1cc(C(C)C)c(-c2ccccc2[P](C(C)(C)C)(C(C)(C)C)->[Pd]2(<-[NH2]c3ccccc3-c3cccc[c]32)[O]S(C)(=O)=O)c(C(C)C)c1,,CS(C)=O,CS(C)=O,CS(C)=O,CS(C)=O,79200.0,0.0
Brc1cccnc1,Nc1ccccc1,,CCN(CC)P1(=NC(C)(C)C)N(C)CCCN1C,CS(=O)(=O)[O][Pd]1(<-[NH2]c2ccccc2-c2cccc[c]21)<-[P](C1=CC=C[CH]1[Fe][CH]1C=CC=C1P(c1ccccc1)c1ccccc1)(c1ccccc1)c1ccccc1,,CS(C)=O,CS(C)=O,CS(C)=O,CS(C)=O,79200.0,0.0
Brc1cccnc1,c1ccc2[nH]ncc2c1,,CC(C)(C)N=P(N1CCCC1)(N1CCCC1)N1CCCC1,CC(C1=C([P](C2CCCCC2)(C2CCCCC2)->[Pd]2(<-[NH2]c3ccccc3-c3cccc[c]32)[O]S(C)(=O)=O)[CH]([Fe][CH]2C=CC=C2)C=C1)P(C(C)(C)C)C(C)(C)C,,CS(C)=O,CS(C)=O,CS(C)=O,CS(C)=O,79200.0,0.0
Brc1cccnc1,C#Cc1ccc(CCCC)cc1,,C1CCC2=NCCCN2CC1,CC(C)Oc1cccc(OC(C)C)c1-c1ccccc1[P](C1CCCCC1)(C1CCCCC1)->[Pd]1([Cl])<-[NH2]c2ccccc2-c2cccc[c]21,,CS(C)=O,CS(C)=O,CS(C)=O,CS(C)=O,79200.0,3.9887077808380127
Brc1cccnc1,CC(C)(C)OC(N)=O,,C1CCC2=NCCCN2CC1,CC(C)c1cc(C(C)C)c(-c2ccccc2[P](C2CCCCC2)(C2CCCCC2)->[Pd]2(<-[NH2]c3ccccc3-c3cccc[c]32)[O]S(C)(=O)=O)c(C(C)C)c1,,CS(C)=O,CS(C)=O,CS(C)=O,CS(C)=O,79200.0,0.0
Brc1cccnc1,OCCCc1ccccc1,,CN(C)C(=NC(C)(C)C)N(C)C,CC(C)(C)[P](c1ccc(N)cc1)(C(C)(C)C)->[Pd]1(<-[NH2]c2ccccc2-c2cccc[c]21)[O]S(C)(=O)=O,,CS(C)=O,CS(C)=O,CS(C)=O,CS(C)=O,79200.0,0.0
Brc1cccnc1,Nc1ccccc1,,CCN=P(N=P(N(C)C)(N(C)C)N(C)C)(N(C)C)N(C)C,CC(C)(C)[P](C(C)(C)C)(C(C)(C)C)->[Pd]1([Cl])<-[NH2]c2ccccc2-c2cccc[c]21,,CS(C)=O,CS(C)=O,CS(C)=O,CS(C)=O,79200.0,0.4388621747493744
Brc1cccnc1,c1ccc(Pc2ccccc2)cc1,,CCN(CC)P1(=NC(C)(C)C)N(C)CCCN1C,CS(=O)(=O)[O][Pd]1(<-[NH2]c2ccccc2-c2cccc[c]21)<-[P](c1ccccc1N1CCOCC1)(C12C[C@H]3C[C@@H](C1)C[C@@H](C2)C3)C12C[C@H]3C[C@@H](C1)C[C@@H](C2)C3,,CS(C)=O,CS(C)=O,CS(C)=O,CS(C)=O,79200.0,0.0
Brc1cccnc1,CCOC(=O)CC(=O)OCC,,C1CCC2=NCCCN2CC1,CC(C)Oc1cccc(OC(C)C)c1-c1ccccc1[P](C1CCCCC1)(C1CCCCC1)->[Pd]1([Cl])<-[NH2]c2ccccc2-c2cccc[c]21,,CS(C)=O,CS(C)=O,CS(C)=O,CS(C)=O,79200.0,0.308894544839859
Brc1cccnc1,NC(=O)c1ccccc1,,C1CCC2=NCCCN2CC1,CS(=O)(=O)[O][Pd]1(<-[NH2]c2ccccc2-c2cccc[c]21)<-[P](c1ccccc1)(c1ccccc1)c1ccc2ccccc2c1-c1c(P(c2ccccc2)c2ccccc2)ccc2ccccc12,,CS(C)=O,CS(C)=O,CS(C)=O,CS(C)=O,79200.0,0.0
Brc1cccnc1,Nc1ccc(-c2ccccc2)cn1,,CCN=P(N=P(N(C)C)(N(C)C)N(C)C)(N(C)C)N(C)C,CC(C)Oc1cccc(OC(C)C)c1-c1ccccc1[P](C1CCCCC1)(C1CCCCC1)->[Pd]1([Cl])<-[NH2]c2ccccc2-c2cccc[c]21,,CS(C)=O,CS(C)=O,CS(C)=O,CS(C)=O,79200.0,0.0
Brc1cccnc1,CCOC(=O)CC(=O)OCC,,CCN(CC)P1(=NC(C)(C)C)N(C)CCCN1C,CC(C)(C)[P](c1ccc(N)cc1)(C(C)(C)C)->[Pd]1(<-[NH2]c2ccccc2-c2cccc[c]21)[O]S(C)(=O)=O,,CS(C)=O,CS(C)=O,CS(C)=O,CS(C)=O,79200.0,0.23212015628814697
Brc1cccnc1,CCOC(=O)/C=C/c1ccccc1,,CN(C)C(=NC(C)(C)C)N(C)C,CC(C)c1cc(C(C)C)c(-c2ccccc2[P](C2CCCCC2)(C2CCCCC2)->[Pd]2(<-[NH2]c3ccccc3-c3cccc[c]32)[O]S(C)(=O)=O)c(C(C)C)c1,,CS(C)=O,CS(C)=O,CS(C)=O,CS(C)=O,79200.0,0.0
Brc1cccnc1,Nc1ccc(-c2ccccc2)cn1,,C1CCC2=NCCCN2CC1,CC1(C)c2cccc(P(c3ccccc3)c3ccccc3)c2Oc2c1cccc2[P](c1ccccc1)(c1ccccc1)->[Pd]1([Cl])<-[NH2]c2ccccc2-c2cccc[c]21,,CS(C)=O,CS(C)=O,CS(C)=O,CS(C)=O,79200.0,0.0
Brc1cccnc1,CC1(C)OB(c2cnn(Cc3ccccc3)c2)OC1(C)C,O,C1CCC2=NCCCN2CC1,COc1ccc(OC)c([P](C2CCCCC2)(C2CCCCC2)->[Pd]2(<-[NH2]c3ccccc3-c3cccc[c]32)[O]S(C)(=O)=O)c1-c1c(C(C)C)cc(C(C)C)cc1C(C)C,,CS(C)=O,CS(C)=O,CS(C)=O,CS(C)=O,79200.0,10.012810707092285
Brc1cccnc1,c1ccc(Pc2ccccc2)cc1,,CC(C)(C)N=P(N1CCCC1)(N1CCCC1)N1CCCC1,CC(C1=C([P](C2CCCCC2)(C2CCCCC2)->[Pd]2(<-[NH2]c3ccccc3-c3cccc[c]32)[O]S(C)(=O)=O)[CH]([Fe][CH]2C=CC=C2)C=C1)P(C(C)(C)C)C(C)(C)C,,CS(C)=O,CS(C)=O,CS(C)=O,CS(C)=O,79200.0,0.0
Brc1cccnc1,Nc1ccccc1,,CCN(CC)P1(=NC(C)(C)C)N(C)CCCN1C,COc1ccc(OC)c([P](C23C[C@H]4C[C@@H](C2)C[C@@H](C3)C4)(C23C[C@H]4C[C@@H](C2)C[C@@H](C3)C4)->[Pd]2(<-[NH2]c3ccccc3-c3cccc[c]32)[O]S(C)(=O)=O)c1-c1c(C(C)C)cc(C(C)C)cc1C(C)C,,CS(C)=O,CS(C)=O,CS(C)=O,CS(C)=O,79200.0,3.2588164806365967
Brc1cccnc1,CC1(C)OB(c2cnn(Cc3ccccc3)c2)OC1(C)C,O,CCN(CC)P1(=NC(C)(C)C)N(C)CCCN1C,CC12CC3(C)OC(C)(CC(C)(O1)[P]3(c1ccccc1)->[Pd]1(<-[NH2]c3ccccc3-c3cccc[c]31)[O]S(C)(=O)=O)O2,,CS(C)=O,CS(C)=O,CS(C)=O,CS(C)=O,79200.0,4.962451457977295
Brc1cccnc1,CC(C)(C)OC(N)=O,,CCN=P(N=P(N(C)C)(N(C)C)N(C)C)(N(C)C)N(C)C,CC12CC3(C)OC(C)(CC(C)(O1)[P]3(c1ccccc1)->[Pd]1(<-[NH2]c3ccccc3-c3cccc[c]31)[O]S(C)(=O)=O)O2,,CS(C)=O,CS(C)=O,CS(C)=O,CS(C)=O,79200.0,0.0
Brc1cccnc1,NS(=O)(=O)c1ccccc1,,CCN=P(N=P(N(C)C)(N(C)C)N(C)C)(N(C)C)N(C)C,CS(=O)(=O)[O][Pd]1(<-[NH2]c2ccccc2-c2cccc[c]21)<-[P](C1=CC=C[CH]1[Fe][CH]1C=CC=C1P(c1ccccc1)c1ccccc1)(c1ccccc1)c1ccccc1,,CS(C)=O,CS(C)=O,CS(C)=O,CS(C)=O,79200.0,0.0
Brc1cccnc1,N=C(N)Cc1ccccc1,,CN(C)C(=NC(C)(C)C)N(C)C,CC(C)c1cc(C(C)C)c(-c2ccccc2[P](C2CCCCC2)(C2CCCCC2)->[Pd]2(<-[NH2]c3ccccc3-c3cccc[c]32)[O]S(C)(=O)=O)c(C(C)C)c1,,CS(C)=O,CS(C)=O,CS(C)=O,CS(C)=O,79200.0,0.0
Brc1cccnc1,Nc1ccccc1,,CC(C)(C)N=P(N1CCCC1)(N1CCCC1)N1CCCC1,CC(C)Oc1cccc(OC(C)C)c1-c1ccccc1[P](C1CCCCC1)(C1CCCCC1)->[Pd]1([Cl])<-[NH2]c2ccccc2-c2cccc[c]21,,CS(C)=O,CS(C)=O,CS(C)=O,CS(C)=O,79200.0,0.8265076875686646
Brc1cccnc1,N=C(N)Cc1ccccc1,,CN(C)C(=NC(C)(C)C)N(C)C,COc1ccc(OC)c([P](C23C[C@H]4C[C@@H](C2)C[C@@H](C3)C4)(C23C[C@H]4C[C@@H](C2)C[C@@H](C3)C4)->[Pd]2(<-[NH2]c3ccccc3-c3cccc[c]32)[O]S(C)(=O)=O)c1-c1c(C(C)C)cc(C(C)C)cc1C(C)C,,CS(C)=O,CS(C)=O,CS(C)=O,CS(C)=O,79200.0,0.46562430262565613
Brc1cccnc1,c1ccc2[nH]ncc2c1,,CCN(CC)P1(=NC(C)(C)C)N(C)CCCN1C,COc1ccc(OC)c([P](C23C[C@H]4C[C@@H](C2)C[C@@H](C3)C4)(C23C[C@H]4C[C@@H](C2)C[C@@H](C3)C4)->[Pd]2(<-[NH2]c3ccccc3-c3cccc[c]32)[O]S(C)(=O)=O)c1-c1c(C(C)C)cc(C(C)C)cc1C(C)C,,CS(C)=O,CS(C)=O,CS(C)=O,CS(C)=O,79200.0,0.0887674018740654
Brc1cccnc1,c1ccc2[nH]ncc2c1,,CCN=P(N=P(N(C)C)(N(C)C)N(C)C)(N(C)C)N(C)C,CC(C)(C)[P](c1ccc(N)cc1)(C(C)(C)C)->[Pd]1(<-[NH2]c2ccccc2-c2cccc[c]21)[O]S(C)(=O)=O,,CS(C)=O,CS(C)=O,CS(C)=O,CS(C)=O,79200.0,0.0
Brc1cccnc1,Nc1ccc(-c2ccccc2)cn1,,CC(C)(C)N=P(N1CCCC1)(N1CCCC1)N1CCCC1,CC(C)Oc1cccc(OC(C)C)c1-c1ccccc1[P](C1CCCCC1)(C1CCCCC1)->[Pd]1([Cl])<-[NH2]c2ccccc2-c2cccc[c]21,,CS(C)=O,CS(C)=O,CS(C)=O,CS(C)=O,79200.0,0.0
Brc1cccnc1,CC1(C)OB(c2cnn(Cc3ccccc3)c2)OC1(C)C,O,CCN(CC)P1(=NC(C)(C)C)N(C)CCCN1C,CC1(C)c2cccc(P(c3ccccc3)c3ccccc3)c2Oc2c1cccc2[P](c1ccccc1)(c1ccccc1)->[Pd]1([Cl])<-[NH2]c2ccccc2-c2cccc[c]21,,CS(C)=O,CS(C)=O,CS(C)=O,CS(C)=O,79200.0,4.904703140258789
Brc1cccnc1,NS(=O)(=O)c1ccccc1,,CCN(CC)P1(=NC(C)(C)C)N(C)CCCN1C,COc1ccc(OC)c([P](C23C[C@H]4C[C@@H](C2)C[C@@H](C3)C4)(C23C[C@H]4C[C@@H](C2)C[C@@H](C3)C4)->[Pd]2(<-[NH2]c3ccccc3-c3cccc[c]32)[O]S(C)(=O)=O)c1-c1c(C(C)C)cc(C(C)C)cc1C(C)C,,CS(C)=O,CS(C)=O,CS(C)=O,CS(C)=O,79200.0,1.5998578071594238
Brc1cccnc1,C#Cc1ccc(CCCC)cc1,,CN1CCCN2CCCN=C12,CS(=O)(=O)[O][Pd]1(<-[NH2]c2ccccc2-c2cccc[c]21)<-[P](c1ccccc1N1CCOCC1)(C12C[C@H]3C[C@@H](C1)C[C@@H](C2)C3)C12C[C@H]3C[C@@H](C1)C[C@@H](C2)C3,,CS(C)=O,CS(C)=O,CS(C)=O,CS(C)=O,79200.0,3.2049038410186768
Brc1cccnc1,NS(=O)(=O)c1ccccc1,,CCN(CC)P1(=NC(C)(C)C)N(C)CCCN1C,CC(C1=C([P](C2CCCCC2)(C2CCCCC2)->[Pd]2(<-[NH2]c3ccccc3-c3cccc[c]32)[O]S(C)(=O)=O)[CH]([Fe][CH]2C=CC=C2)C=C1)P(C(C)(C)C)C(C)(C)C,,CS(C)=O,CS(C)=O,CS(C)=O,CS(C)=O,79200.0,0.0
Brc1cccnc1,Oc1ccccc1,,CC(C)(C)N=P(N1CCCC1)(N1CCCC1)N1CCCC1,COc1ccc(OC)c([P](C2CCCCC2)(C2CCCCC2)->[Pd]2(<-[NH2]c3ccccc3-c3cccc[c]32)[O]S(C)(=O)=O)c1-c1c(C(C)C)cc(C(C)C)cc1C(C)C,,CS(C)=O,CS(C)=O,CS(C)=O,CS(C)=O,79200.0,0.0
Brc1cccnc1,OCCCc1ccccc1,,CN(C)C(=NC(C)(C)C)N(C)C,COc1ccc(OC)c([P](C23C[C@H]4C[C@@H](C2)C[C@@H](C3)C4)(C23C[C@H]4C[C@@H](C2)C[C@@H](C3)C4)->[Pd]2(<-[NH2]c3ccccc3-c3cccc[c]32)[O]S(C)(=O)=O)c1-c1c(C(C)C)cc(C(C)C)cc1C(C)C,,CS(C)=O,CS(C)=O,CS(C)=O,CS(C)=O,79200.0,2.205984115600586
Brc1cccnc1,N=C(N)Cc1ccccc1,,C1CCC2=NCCCN2CC1,CC(C)c1cc(C(C)C)c(-c2ccccc2[P](C2CCCCC2)(C2CCCCC2)->[Pd]2(<-[NH2]c3ccccc3-c3cccc[c]32)[O]S(C)(=O)=O)c(C(C)C)c1,,CS(C)=O,CS(C)=O,CS(C)=O,CS(C)=O,79200.0,0.0
Brc1cccnc1,CC(N)CCc1ccccc1,,CN1CCCN2CCCN=C12,CC(C)(C)[P](C(C)(C)C)(C(C)(C)C)->[Pd]1([Cl])<-[NH2]c2ccccc2-c2cccc[c]21,,CS(C)=O,CS(C)=O,CS(C)=O,CS(C)=O,79200.0,0.0
Brc1cccnc1,NC(=O)c1ccccc1,,CN(C)C(=NC(C)(C)C)N(C)C,CC1(C)c2cccc(P(c3ccccc3)c3ccccc3)c2Oc2c1cccc2[P](c1ccccc1)(c1ccccc1)->[Pd]1([Cl])<-[NH2]c2ccccc2-c2cccc[c]21,,CS(C)=O,CS(C)=O,CS(C)=O,CS(C)=O,79200.0,0.39122307300567627
Brc1cccnc1,OCCCc1ccccc1,,C1CCC2=NCCCN2CC1,CC(C)c1cc(C(C)C)c(-c2ccccc2[P](C2CCCCC2)(C2CCCCC2)->[Pd]2(<-[NH2]c3ccccc3-c3cccc[c]32)[O]S(C)(=O)=O)c(C(C)C)c1,,CS(C)=O,CS(C)=O,CS(C)=O,CS(C)=O,79200.0,0.0
Brc1cccnc1,Nc1ccc(-c2ccccc2)cn1,,CCN=P(N=P(N(C)C)(N(C)C)N(C)C)(N(C)C)N(C)C,CC1(C)c2cccc(P(c3ccccc3)c3ccccc3)c2Oc2c1cccc2[P](c1ccccc1)(c1ccccc1)->[Pd]1([Cl])<-[NH2]c2ccccc2-c2cccc[c]21,,CS(C)=O,CS(C)=O,CS(C)=O,CS(C)=O,79200.0,0.12078452855348587
Brc1cccnc1,Sc1ccccc1,,C1CCC2=NCCCN2CC1,COc1ccc(C)c(-c2c(C(C)C)cc(C(C)C)cc2C(C)C)c1[P](C(C)(C)C)(C(C)(C)C)->[Pd]1(<-[NH2]c2ccccc2-c2cccc[c]21)[O]S(C)(=O)=O,,CS(C)=O,CS(C)=O,CS(C)=O,CS(C)=O,79200.0,0.0
Brc1cccnc1,CC(C)(C)OC(N)=O,,CCN=P(N=P(N(C)C)(N(C)C)N(C)C)(N(C)C)N(C)C,CC(C)c1cc(C(C)C)c(-c2ccccc2[P](C(C)(C)C)(C(C)(C)C)->[Pd]2(<-[NH2]c3ccccc3-c3cccc[c]32)[O]S(C)(=O)=O)c(C(C)C)c1,,CS(C)=O,CS(C)=O,CS(C)=O,CS(C)=O,79200.0,9.518040657043457
Brc1cccnc1,CCOC(=O)/C=C/c1ccccc1,,CC(C)(C)N=P(N1CCCC1)(N1CCCC1)N1CCCC1,CC(C)c1cc(C(C)C)c(-c2ccccc2[P](C(C)(C)C)(C(C)(C)C)->[Pd]2(<-[NH2]c3ccccc3-c3cccc[c]32)[O]S(C)(=O)=O)c(C(C)C)c1,,CS(C)=O,CS(C)=O,CS(C)=O,CS(C)=O,79200.0,0.0
Brc1cccnc1,C#Cc1ccc(CCCC)cc1,,CCN=P(N=P(N(C)C)(N(C)C)N(C)C)(N(C)C)N(C)C,CC1(C)c2cccc(P(c3ccccc3)c3ccccc3)c2Oc2c1cccc2[P](c1ccccc1)(c1ccccc1)->[Pd]1([Cl])<-[NH2]c2ccccc2-c2cccc[c]21,,CS(C)=O,CS(C)=O,CS(C)=O,CS(C)=O,79200.0,0.7995458245277405
Brc1cccnc1,Sc1ccccc1,,CN1CCCN2CCCN=C12,CC(C)(C)[P](C(C)(C)C)(C(C)(C)C)->[Pd]1([Cl])<-[NH2]c2ccccc2-c2cccc[c]21,,CS(C)=O,CS(C)=O,CS(C)=O,CS(C)=O,79200.0,0.0
Brc1cccnc1,CCOC(=O)CC(=O)OCC,,CN(C)C(=NC(C)(C)C)N(C)C,CC(C)c1cc(C(C)C)c(-c2ccccc2[P](C2CCCCC2)(C2CCCCC2)->[Pd]2(<-[NH2]c3ccccc3-c3cccc[c]32)[O]S(C)(=O)=O)c(C(C)C)c1,,CS(C)=O,CS(C)=O,CS(C)=O,CS(C)=O,79200.0,0.0
Brc1cccnc1,Nc1ccccc1,,CC(C)(C)N=P(N1CCCC1)(N1CCCC1)N1CCCC1,CS(=O)(=O)[O][Pd]1(<-[NH2]c2ccccc2-c2cccc[c]21)<-[P](c1ccccc1)(c1ccccc1)c1ccc2ccccc2c1-c1c(P(c2ccccc2)c2ccccc2)ccc2ccccc12,,CS(C)=O,CS(C)=O,CS(C)=O,CS(C)=O,79200.0,0.0
Brc1cccnc1,NS(=O)(=O)c1ccccc1,,CN1CCCN2CCCN=C12,CC(C1=C([P](C2CCCCC2)(C2CCCCC2)->[Pd]2(<-[NH2]c3ccccc3-c3cccc[c]32)[O]S(C)(=O)=O)[CH]([Fe][CH]2C=CC=C2)C=C1)P(C(C)(C)C)C(C)(C)C,,CS(C)=O,CS(C)=O,CS(C)=O,CS(C)=O,79200.0,0.0
Brc1cccnc1,NS(=O)(=O)c1ccccc1,,CCN(CC)P1(=NC(C)(C)C)N(C)CCCN1C,CC(C)(C)[P](C(C)(C)C)(C(C)(C)C)->[Pd]1([Cl])<-[NH2]c2ccccc2-c2cccc[c]21,,CS(C)=O,CS(C)=O,CS(C)=O,CS(C)=O,79200.0,0.0
Brc1cccnc1,CCOC(=O)CC(=O)OCC,,CCN(CC)P1(=NC(C)(C)C)N(C)CCCN1C,CS(=O)(=O)[O][Pd]1(<-[NH2]c2ccccc2-c2cccc[c]21)<-[P](C1=CC=C[CH]1[Fe][CH]1C=CC=C1P(c1ccccc1)c1ccccc1)(c1ccccc1)c1ccccc1,,CS(C)=O,CS(C)=O,CS(C)=O,CS(C)=O,79200.0,0.3127550482749939
Brc1cccnc1,CCOC(=O)/C=C/c1ccccc1,,CCN(CC)P1(=NC(C)(C)C)N(C)CCCN1C,CS(=O)(=O)[O][Pd]1(<-[NH2]c2ccccc2-c2cccc[c]21)<-[P](c1ccccc1)(c1ccccc1)c1ccc2ccccc2c1-c1c(P(c2ccccc2)c2ccccc2)ccc2ccccc12,,CS(C)=O,CS(C)=O,CS(C)=O,CS(C)=O,79200.0,0.0
Brc1cccnc1,Nc1ccc(-c2ccccc2)cn1,,CN1CCCN2CCCN=C12,CC1(C)c2cccc(P(c3ccccc3)c3ccccc3)c2Oc2c1cccc2[P](c1ccccc1)(c1ccccc1)->[Pd]1([Cl])<-[NH2]c2ccccc2-c2cccc[c]21,,CS(C)=O,CS(C)=O,CS(C)=O,CS(C)=O,79200.0,0.7110347747802734
Brc1cccnc1,CCOC(=O)/C=C/c1ccccc1,,CCN=P(N=P(N(C)C)(N(C)C)N(C)C)(N(C)C)N(C)C,CC12CC3(C)OC(C)(CC(C)(O1)[P]3(c1ccccc1)->[Pd]1(<-[NH2]c3ccccc3-c3cccc[c]31)[O]S(C)(=O)=O)O2,,CS(C)=O,CS(C)=O,CS(C)=O,CS(C)=O,79200.0,0.0
Brc1cccnc1,N=C(N)Cc1ccccc1,,CC(C)(C)N=P(N1CCCC1)(N1CCCC1)N1CCCC1,COc1ccc(C)c(-c2c(C(C)C)cc(C(C)C)cc2C(C)C)c1[P](C(C)(C)C)(C(C)(C)C)->[Pd]1(<-[NH2]c2ccccc2-c2cccc[c]21)[O]S(C)(=O)=O,,CS(C)=O,CS(C)=O,CS(C)=O,CS(C)=O,79200.0,0.0
Brc1cccnc1,c1ccc(Pc2ccccc2)cc1,,CCN=P(N=P(N(C)C)(N(C)C)N(C)C)(N(C)C)N(C)C,CC(C)c1cc(C(C)C)c(-c2ccccc2[P](C(C)(C)C)(C(C)(C)C)->[Pd]2(<-[NH2]c3ccccc3-c3cccc[c]32)[O]S(C)(=O)=O)c(C(C)C)c1,,CS(C)=O,CS(C)=O,CS(C)=O,CS(C)=O,79200.0,0.0
Brc1cccnc1,OCCCc1ccccc1,,CN(C)C(=NC(C)(C)C)N(C)C,CC(C)c1cc(C(C)C)c(-c2ccccc2[P](C(C)(C)C)(C(C)(C)C)->[Pd]2(<-[NH2]c3ccccc3-c3cccc[c]32)[O]S(C)(=O)=O)c(C(C)C)c1,,CS(C)=O,CS(C)=O,CS(C)=O,CS(C)=O,79200.0,2.3933417797088623
Brc1cccnc1,c1ccc2[nH]ncc2c1,,CCN(CC)P1(=NC(C)(C)C)N(C)CCCN1C,COc1ccc(OC)c([P](C2CCCCC2)(C2CCCCC2)->[Pd]2(<-[NH2]c3ccccc3-c3cccc[c]32)[O]S(C)(=O)=O)c1-c1c(C(C)C)cc(C(C)C)cc1C(C)C,,CS(C)=O,CS(C)=O,CS(C)=O,CS(C)=O,79200.0,0.0
Brc1cccnc1,CC(N)CCc1ccccc1,,CCN=P(N=P(N(C)C)(N(C)C)N(C)C)(N(C)C)N(C)C,CC(C)Oc1cccc(OC(C)C)c1-c1ccccc1[P](C1CCCCC1)(C1CCCCC1)->[Pd]1([Cl])<-[NH2]c2ccccc2-c2cccc[c]21,,CS(C)=O,CS(C)=O,CS(C)=O,CS(C)=O,79200.0,0.48415040969848633
Brc1cccnc1,c1ccc(Pc2ccccc2)cc1,,C1CCC2=NCCCN2CC1,CC(C1=C([P](C2CCCCC2)(C2CCCCC2)->[Pd]2(<-[NH2]c3ccccc3-c3cccc[c]32)[O]S(C)(=O)=O)[CH]([Fe][CH]2C=CC=C2)C=C1)P(C(C)(C)C)C(C)(C)C,,CS(C)=O,CS(C)=O,CS(C)=O,CS(C)=O,79200.0,0.0
Brc1cccnc1,CCOC(=O)CC(=O)OCC,,CCN=P(N=P(N(C)C)(N(C)C)N(C)C)(N(C)C)N(C)C,CC(C)(C)[P](C(C)(C)C)(C(C)(C)C)->[Pd]1([Cl])<-[NH2]c2ccccc2-c2cccc[c]21,,CS(C)=O,CS(C)=O,CS(C)=O,CS(C)=O,79200.0,0.32831573486328125
Brc1cccnc1,C#Cc1ccc(CCCC)cc1,,C1CCC2=NCCCN2CC1,CS(=O)(=O)[O][Pd]1(<-[NH2]c2ccccc2-c2cccc[c]21)<-[P](c1ccccc1N1CCOCC1)(C12C[C@H]3C[C@@H](C1)C[C@@H](C2)C3)C12C[C@H]3C[C@@H](C1)C[C@@H](C2)C3,,CS(C)=O,CS(C)=O,CS(C)=O,CS(C)=O,79200.0,1.4349721670150757
Brc1cccnc1,N=C(N)Cc1ccccc1,,C1CCC2=NCCCN2CC1,CC(C1=C([P](C2CCCCC2)(C2CCCCC2)->[Pd]2(<-[NH2]c3ccccc3-c3cccc[c]32)[O]S(C)(=O)=O)[CH]([Fe][CH]2C=CC=C2)C=C1)P(C(C)(C)C)C(C)(C)C,,CS(C)=O,CS(C)=O,CS(C)=O,CS(C)=O,79200.0,0.0
Brc1cccnc1,c1ccc2[nH]ncc2c1,,CC(C)(C)N=P(N1CCCC1)(N1CCCC1)N1CCCC1,CC12CC3(C)OC(C)(CC(C)(O1)[P]3(c1ccccc1)->[Pd]1(<-[NH2]c3ccccc3-c3cccc[c]31)[O]S(C)(=O)=O)O2,,CS(C)=O,CS(C)=O,CS(C)=O,CS(C)=O,79200.0,0.0
Brc1cccnc1,Sc1ccccc1,,CCN(CC)P1(=NC(C)(C)C)N(C)CCCN1C,CC(C)c1cc(C(C)C)c(-c2ccccc2[P](C(C)(C)C)(C(C)(C)C)->[Pd]2(<-[NH2]c3ccccc3-c3cccc[c]32)[O]S(C)(=O)=O)c(C(C)C)c1,,CS(C)=O,CS(C)=O,CS(C)=O,CS(C)=O,79200.0,0.0
Brc1cccnc1,Nc1ccc(-c2ccccc2)cn1,,CC(C)(C)N=P(N1CCCC1)(N1CCCC1)N1CCCC1,COc1ccc(OC)c([P](C(C)(C)C)(C(C)(C)C)->[Pd]2(<-[NH2]c3ccccc3-c3cccc[c]32)[O]S(C)(=O)=O)c1-c1c(C(C)C)cc(C(C)C)cc1C(C)C,,CS(C)=O,CS(C)=O,CS(C)=O,CS(C)=O,79200.0,7.195356369018555
Brc1cccnc1,Oc1ccccc1,,CC(C)(C)N=P(N1CCCC1)(N1CCCC1)N1CCCC1,CC12CC3(C)OC(C)(CC(C)(O1)[P]3(c1ccccc1)->[Pd]1(<-[NH2]c3ccccc3-c3cccc[c]31)[O]S(C)(=O)=O)O2,,CS(C)=O,CS(C)=O,CS(C)=O,CS(C)=O,79200.0,0.0
Brc1cccnc1,Nc1ccccc1,,CN1CCCN2CCCN=C12,CS(=O)(=O)[O][Pd]1(<-[NH2]c2ccccc2-c2cccc[c]21)<-[P](C1=CC=C[CH]1[Fe][CH]1C=CC=C1P(c1ccccc1)c1ccccc1)(c1ccccc1)c1ccccc1,,CS(C)=O,CS(C)=O,CS(C)=O,CS(C)=O,79200.0,0.0
Brc1cccnc1,C#Cc1ccc(CCCC)cc1,,CN1CCCN2CCCN=C12,CC(C)c1cc(C(C)C)c(-c2ccccc2[P](C(C)(C)C)(C(C)(C)C)->[Pd]2(<-[NH2]c3ccccc3-c3cccc[c]32)[O]S(C)(=O)=O)c(C(C)C)c1,,CS(C)=O,CS(C)=O,CS(C)=O,CS(C)=O,79200.0,0.4263770580291748
Brc1cccnc1,c1ccc(Pc2ccccc2)cc1,,CN1CCCN2CCCN=C12,COc1ccc(OC)c([P](C2CCCCC2)(C2CCCCC2)->[Pd]2(<-[NH2]c3ccccc3-c3cccc[c]32)[O]S(C)(=O)=O)c1-c1c(C(C)C)cc(C(C)C)cc1C(C)C,,CS(C)=O,CS(C)=O,CS(C)=O,CS(C)=O,79200.0,0.0
Brc1cccnc1,c1ccc2[nH]ncc2c1,,CN(C)C(=NC(C)(C)C)N(C)C,CC1(C)c2cccc(P(c3ccccc3)c3ccccc3)c2Oc2c1cccc2[P](c1ccccc1)(c1ccccc1)->[Pd]1([Cl])<-[NH2]c2ccccc2-c2cccc[c]21,,CS(C)=O,CS(C)=O,CS(C)=O,CS(C)=O,79200.0,0.0
Brc1cccnc1,CC(C)(C)OC(N)=O,,C1CCC2=NCCCN2CC1,CC(C1=C([P](C2CCCCC2)(C2CCCCC2)->[Pd]2(<-[NH2]c3ccccc3-c3cccc[c]32)[O]S(C)(=O)=O)[CH]([Fe][CH]2C=CC=C2)C=C1)P(C(C)(C)C)C(C)(C)C,,CS(C)=O,CS(C)=O,CS(C)=O,CS(C)=O,79200.0,0.0
Brc1cccnc1,c1ccc2[nH]ncc2c1,,CN1CCCN2CCCN=C12,CC(C)(C)[P](c1ccc(N)cc1)(C(C)(C)C)->[Pd]1(<-[NH2]c2ccccc2-c2cccc[c]21)[O]S(C)(=O)=O,,CS(C)=O,CS(C)=O,CS(C)=O,CS(C)=O,79200.0,0.0
Brc1cccnc1,c1ccc(Pc2ccccc2)cc1,,CCN=P(N=P(N(C)C)(N(C)C)N(C)C)(N(C)C)N(C)C,COc1ccc(C)c(-c2c(C(C)C)cc(C(C)C)cc2C(C)C)c1[P](C(C)(C)C)(C(C)(C)C)->[Pd]1(<-[NH2]c2ccccc2-c2cccc[c]21)[O]S(C)(=O)=O,,CS(C)=O,CS(C)=O,CS(C)=O,CS(C)=O,79200.0,0.0
Brc1cccnc1,NS(=O)(=O)c1ccccc1,,CN(C)C(=NC(C)(C)C)N(C)C,CC(C)(C)[P](c1ccc(N)cc1)(C(C)(C)C)->[Pd]1(<-[NH2]c2ccccc2-c2cccc[c]21)[O]S(C)(=O)=O,,CS(C)=O,CS(C)=O,CS(C)=O,CS(C)=O,79200.0,0.0
Brc1cccnc1,CC(N)CCc1ccccc1,,CCN(CC)P1(=NC(C)(C)C)N(C)CCCN1C,CC12CC3(C)OC(C)(CC(C)(O1)[P]3(c1ccccc1)->[Pd]1(<-[NH2]c3ccccc3-c3cccc[c]31)[O]S(C)(=O)=O)O2,,CS(C)=O,CS(C)=O,CS(C)=O,CS(C)=O,79200.0,0.3834514617919922
Brc1cccnc1,c1ccc2[nH]ncc2c1,,CCN(CC)P1(=NC(C)(C)C)N(C)CCCN1C,CS(=O)(=O)[O][Pd]1(<-[NH2]c2ccccc2-c2cccc[c]21)<-[P](c1ccccc1N1CCOCC1)(C12C[C@H]3C[C@@H](C1)C[C@@H](C2)C3)C12C[C@H]3C[C@@H](C1)C[C@@H](C2)C3,,CS(C)=O,CS(C)=O,CS(C)=O,CS(C)=O,79200.0,0.0
Brc1cccnc1,NS(=O)(=O)c1ccccc1,,CN(C)C(=NC(C)(C)C)N(C)C,COc1ccc(C)c(-c2c(C(C)C)cc(C(C)C)cc2C(C)C)c1[P](C(C)(C)C)(C(C)(C)C)->[Pd]1(<-[NH2]c2ccccc2-c2cccc[c]21)[O]S(C)(=O)=O,,CS(C)=O,CS(C)=O,CS(C)=O,CS(C)=O,79200.0,3.3253369331359863
Brc1cccnc1,CC(C)(C)OC(N)=O,,CN(C)C(=NC(C)(C)C)N(C)C,CS(=O)(=O)[O][Pd]1(<-[NH2]c2ccccc2-c2cccc[c]21)<-[P](C1=CC=C[CH]1[Fe][CH]1C=CC=C1P(c1ccccc1)c1ccccc1)(c1ccccc1)c1ccccc1,,CS(C)=O,CS(C)=O,CS(C)=O,CS(C)=O,79200.0,0.0
Brc1cccnc1,OCCCc1ccccc1,,CN(C)C(=NC(C)(C)C)N(C)C,CS(=O)(=O)[O][Pd]1(<-[NH2]c2ccccc2-c2cccc[c]21)<-[P](c1ccccc1)(c1ccccc1)c1ccc2ccccc2c1-c1c(P(c2ccccc2)c2ccccc2)ccc2ccccc12,,CS(C)=O,CS(C)=O,CS(C)=O,CS(C)=O,79200.0,0.0
Brc1cccnc1,CC(N)CCc1ccccc1,,CN(C)C(=NC(C)(C)C)N(C)C,CC12CC3(C)OC(C)(CC(C)(O1)[P]3(c1ccccc1)->[Pd]1(<-[NH2]c3ccccc3-c3cccc[c]31)[O]S(C)(=O)=O)O2,,CS(C)=O,CS(C)=O,CS(C)=O,CS(C)=O,79200.0,0.0
Brc1cccnc1,N=C(N)Cc1ccccc1,,C1CCC2=NCCCN2CC1,CC12CC3(C)OC(C)(CC(C)(O1)[P]3(c1ccccc1)->[Pd]1(<-[NH2]c3ccccc3-c3cccc[c]31)[O]S(C)(=O)=O)O2,,CS(C)=O,CS(C)=O,CS(C)=O,CS(C)=O,79200.0,0.0
Brc1cccnc1,CC(N)CCc1ccccc1,,C1CCC2=NCCCN2CC1,CC(C)c1cc(C(C)C)c(-c2ccccc2[P](C2CCCCC2)(C2CCCCC2)->[Pd]2(<-[NH2]c3ccccc3-c3cccc[c]32)[O]S(C)(=O)=O)c(C(C)C)c1,,CS(C)=O,CS(C)=O,CS(C)=O,CS(C)=O,79200.0,0.0
Brc1cccnc1,c1ccc2[nH]ncc2c1,,CN1CCCN2CCCN=C12,CC(C)c1cc(C(C)C)c(-c2ccccc2[P](C2CCCCC2)(C2CCCCC2)->[Pd]2(<-[NH2]c3ccccc3-c3cccc[c]32)[O]S(C)(=O)=O)c(C(C)C)c1,,CS(C)=O,CS(C)=O,CS(C)=O,CS(C)=O,79200.0,0.0
Brc1cccnc1,Sc1ccccc1,,CC(C)(C)N=P(N1CCCC1)(N1CCCC1)N1CCCC1,CC(C)c1cc(C(C)C)c(-c2ccccc2[P](C2CCCCC2)(C2CCCCC2)->[Pd]2(<-[NH2]c3ccccc3-c3cccc[c]32)[O]S(C)(=O)=O)c(C(C)C)c1,,CS(C)=O,CS(C)=O,CS(C)=O,CS(C)=O,79200.0,0.0
Brc1cccnc1,NC(=O)c1ccccc1,,CCN=P(N=P(N(C)C)(N(C)C)N(C)C)(N(C)C)N(C)C,CC(C)c1cc(C(C)C)c(-c2ccccc2[P](C(C)(C)C)(C(C)(C)C)->[Pd]2(<-[NH2]c3ccccc3-c3cccc[c]32)[O]S(C)(=O)=O)c(C(C)C)c1,,CS(C)=O,CS(C)=O,CS(C)=O,CS(C)=O,79200.0,14.588438034057617
Brc1cccnc1,c1ccc(Pc2ccccc2)cc1,,CCN=P(N=P(N(C)C)(N(C)C)N(C)C)(N(C)C)N(C)C,CC12CC3(C)OC(C)(CC(C)(O1)[P]3(c1ccccc1)->[Pd]1(<-[NH2]c3ccccc3-c3cccc[c]31)[O]S(C)(=O)=O)O2,,CS(C)=O,CS(C)=O,CS(C)=O,CS(C)=O,79200.0,0.0
Brc1cccnc1,C#Cc1ccc(CCCC)cc1,,CCN(CC)P1(=NC(C)(C)C)N(C)CCCN1C,CC(C)Oc1cccc(OC(C)C)c1-c1ccccc1[P](C1CCCCC1)(C1CCCCC1)->[Pd]1([Cl])<-[NH2]c2ccccc2-c2cccc[c]21,,CS(C)=O,CS(C)=O,CS(C)=O,CS(C)=O,79200.0,17.972732543945312
Brc1cccnc1,Nc1ccc(-c2ccccc2)cn1,,CN(C)C(=NC(C)(C)C)N(C)C,CS(=O)(=O)[O][Pd]1(<-[NH2]c2ccccc2-c2cccc[c]21)<-[P](C1=CC=C[CH]1[Fe][CH]1C=CC=C1P(c1ccccc1)c1ccccc1)(c1ccccc1)c1ccccc1,,CS(C)=O,CS(C)=O,CS(C)=O,CS(C)=O,79200.0,0.30062294006347656
Brc1cccnc1,Nc1ccccc1,,CCN=P(N=P(N(C)C)(N(C)C)N(C)C)(N(C)C)N(C)C,COc1ccc(OC)c([P](C23C[C@H]4C[C@@H](C2)C[C@@H](C3)C4)(C23C[C@H]4C[C@@H](C2)C[C@@H](C3)C4)->[Pd]2(<-[NH2]c3ccccc3-c3cccc[c]32)[O]S(C)(=O)=O)c1-c1c(C(C)C)cc(C(C)C)cc1C(C)C,,CS(C)=O,CS(C)=O,CS(C)=O,CS(C)=O,79200.0,11.69212818145752
Brc1cccnc1,N=C(N)Cc1ccccc1,,CCN(CC)P1(=NC(C)(C)C)N(C)CCCN1C,CC(C)(C)[P](c1ccc(N)cc1)(C(C)(C)C)->[Pd]1(<-[NH2]c2ccccc2-c2cccc[c]21)[O]S(C)(=O)=O,,CS(C)=O,CS(C)=O,CS(C)=O,CS(C)=O,79200.0,0.0
Brc1cccnc1,c1ccc(Pc2ccccc2)cc1,,C1CCC2=NCCCN2CC1,COc1ccc(OC)c([P](C2CCCCC2)(C2CCCCC2)->[Pd]2(<-[NH2]c3ccccc3-c3cccc[c]32)[O]S(C)(=O)=O)c1-c1c(C(C)C)cc(C(C)C)cc1C(C)C,,CS(C)=O,CS(C)=O,CS(C)=O,CS(C)=O,79200.0,0.0
Brc1cccnc1,c1ccc(Pc2ccccc2)cc1,,CN(C)C(=NC(C)(C)C)N(C)C,CC12CC3(C)OC(C)(CC(C)(O1)[P]3(c1ccccc1)->[Pd]1(<-[NH2]c3ccccc3-c3cccc[c]31)[O]S(C)(=O)=O)O2,,CS(C)=O,CS(C)=O,CS(C)=O,CS(C)=O,79200.0,0.0
Brc1cccnc1,OCCCc1ccccc1,,CC(C)(C)N=P(N1CCCC1)(N1CCCC1)N1CCCC1,CC(C1=C([P](C2CCCCC2)(C2CCCCC2)->[Pd]2(<-[NH2]c3ccccc3-c3cccc[c]32)[O]S(C)(=O)=O)[CH]([Fe][CH]2C=CC=C2)C=C1)P(C(C)(C)C)C(C)(C)C,,CS(C)=O,CS(C)=O,CS(C)=O,CS(C)=O,79200.0,0.0
Brc1cccnc1,NC(=O)c1ccccc1,,C1CCC2=NCCCN2CC1,COc1ccc(OC)c([P](C23C[C@H]4C[C@@H](C2)C[C@@H](C3)C4)(C23C[C@H]4C[C@@H](C2)C[C@@H](C3)C4)->[Pd]2(<-[NH2]c3ccccc3-c3cccc[c]32)[O]S(C)(=O)=O)c1-c1c(C(C)C)cc(C(C)C)cc1C(C)C,,CS(C)=O,CS(C)=O,CS(C)=O,CS(C)=O,79200.0,12.540323257446289
Brc1cccnc1,CC(C)(C)OC(N)=O,,CC(C)(C)N=P(N1CCCC1)(N1CCCC1)N1CCCC1,COc1ccc(OC)c([P](C2CCCCC2)(C2CCCCC2)->[Pd]2(<-[NH2]c3ccccc3-c3cccc[c]32)[O]S(C)(=O)=O)c1-c1c(C(C)C)cc(C(C)C)cc1C(C)C,,CS(C)=O,CS(C)=O,CS(C)=O,CS(C)=O,79200.0,2.1818628311157227
Brc1cccnc1,CC(N)CCc1ccccc1,,CCN(CC)P1(=NC(C)(C)C)N(C)CCCN1C,COc1ccc(OC)c([P](C23C[C@H]4C[C@@H](C2)C[C@@H](C3)C4)(C23C[C@H]4C[C@@H](C2)C[C@@H](C3)C4)->[Pd]2(<-[NH2]c3ccccc3-c3cccc[c]32)[O]S(C)(=O)=O)c1-c1c(C(C)C)cc(C(C)C)cc1C(C)C,,CS(C)=O,CS(C)=O,CS(C)=O,CS(C)=O,79200.0,1.353171467781067
Brc1cccnc1,NC(=O)c1ccccc1,,C1CCC2=NCCCN2CC1,CC(C)Oc1cccc(OC(C)C)c1-c1ccccc1[P](C1CCCCC1)(C1CCCCC1)->[Pd]1([Cl])<-[NH2]c2ccccc2-c2cccc[c]21,,CS(C)=O,CS(C)=O,CS(C)=O,CS(C)=O,79200.0,0.0
Brc1cccnc1,CCOC(=O)/C=C/c1ccccc1,,CCN=P(N=P(N(C)C)(N(C)C)N(C)C)(N(C)C)N(C)C,CS(=O)(=O)[O][Pd]1(<-[NH2]c2ccccc2-c2cccc[c]21)<-[P](C1=CC=C[CH]1[Fe][CH]1C=CC=C1P(c1ccccc1)c1ccccc1)(c1ccccc1)c1ccccc1,,CS(C)=O,CS(C)=O,CS(C)=O,CS(C)=O,79200.0,0.0
Brc1cccnc1,CCOC(=O)/C=C/c1ccccc1,,CC(C)(C)N=P(N1CCCC1)(N1CCCC1)N1CCCC1,COc1ccc(OC)c([P](C(C)(C)C)(C(C)(C)C)->[Pd]2(<-[NH2]c3ccccc3-c3cccc[c]32)[O]S(C)(=O)=O)c1-c1c(C(C)C)cc(C(C)C)cc1C(C)C,,CS(C)=O,CS(C)=O,CS(C)=O,CS(C)=O,79200.0,0.0
Brc1cccnc1,CCOC(=O)/C=C/c1ccccc1,,CCN(CC)P1(=NC(C)(C)C)N(C)CCCN1C,CS(=O)(=O)[O][Pd]1(<-[NH2]c2ccccc2-c2cccc[c]21)<-[P](c1ccccc1N1CCOCC1)(C12C[C@H]3C[C@@H](C1)C[C@@H](C2)C3)C12C[C@H]3C[C@@H](C1)C[C@@H](C2)C3,,CS(C)=O,CS(C)=O,CS(C)=O,CS(C)=O,79200.0,0.0
Brc1cccnc1,CC(N)CCc1ccccc1,,CN(C)C(=NC(C)(C)C)N(C)C,CC(C)Oc1cccc(OC(C)C)c1-c1ccccc1[P](C1CCCCC1)(C1CCCCC1)->[Pd]1([Cl])<-[NH2]c2ccccc2-c2cccc[c]21,,CS(C)=O,CS(C)=O,CS(C)=O,CS(C)=O,79200.0,0.0
Brc1cccnc1,Sc1ccccc1,,CN(C)C(=NC(C)(C)C)N(C)C,CC(C1=C([P](C2CCCCC2)(C2CCCCC2)->[Pd]2(<-[NH2]c3ccccc3-c3cccc[c]32)[O]S(C)(=O)=O)[CH]([Fe][CH]2C=CC=C2)C=C1)P(C(C)(C)C)C(C)(C)C,,CS(C)=O,CS(C)=O,CS(C)=O,CS(C)=O,79200.0,0.0
Brc1cccnc1,CCOC(=O)/C=C/c1ccccc1,,CN1CCCN2CCCN=C12,CC(C)Oc1cccc(OC(C)C)c1-c1ccccc1[P](C1CCCCC1)(C1CCCCC1)->[Pd]1([Cl])<-[NH2]c2ccccc2-c2cccc[c]21,,CS(C)=O,CS(C)=O,CS(C)=O,CS(C)=O,79200.0,0.0
Brc1cccnc1,Sc1ccccc1,,CCN=P(N=P(N(C)C)(N(C)C)N(C)C)(N(C)C)N(C)C,COc1ccc(C)c(-c2c(C(C)C)cc(C(C)C)cc2C(C)C)c1[P](C(C)(C)C)(C(C)(C)C)->[Pd]1(<-[NH2]c2ccccc2-c2cccc[c]21)[O]S(C)(=O)=O,,CS(C)=O,CS(C)=O,CS(C)=O,CS(C)=O,79200.0,0.0
Brc1cccnc1,c1ccc(Pc2ccccc2)cc1,,CCN(CC)P1(=NC(C)(C)C)N(C)CCCN1C,CC(C)Oc1cccc(OC(C)C)c1-c1ccccc1[P](C1CCCCC1)(C1CCCCC1)->[Pd]1([Cl])<-[NH2]c2ccccc2-c2cccc[c]21,,CS(C)=O,CS(C)=O,CS(C)=O,CS(C)=O,79200.0,0.0
Brc1cccnc1,NS(=O)(=O)c1ccccc1,,CC(C)(C)N=P(N1CCCC1)(N1CCCC1)N1CCCC1,COc1ccc(OC)c([P](C23C[C@H]4C[C@@H](C2)C[C@@H](C3)C4)(C23C[C@H]4C[C@@H](C2)C[C@@H](C3)C4)->[Pd]2(<-[NH2]c3ccccc3-c3cccc[c]32)[O]S(C)(=O)=O)c1-c1c(C(C)C)cc(C(C)C)cc1C(C)C,,CS(C)=O,CS(C)=O,CS(C)=O,CS(C)=O,79200.0,3.451157569885254
Brc1cccnc1,CC(C)(C)OC(N)=O,,CN(C)C(=NC(C)(C)C)N(C)C,CS(=O)(=O)[O][Pd]1(<-[NH2]c2ccccc2-c2cccc[c]21)<-[P](c1ccccc1)(c1ccccc1)c1ccc2ccccc2c1-c1c(P(c2ccccc2)c2ccccc2)ccc2ccccc12,,CS(C)=O,CS(C)=O,CS(C)=O,CS(C)=O,79200.0,0.0
Brc1cccnc1,Nc1ccccc1,,CN(C)C(=NC(C)(C)C)N(C)C,CC1(C)c2cccc(P(c3ccccc3)c3ccccc3)c2Oc2c1cccc2[P](c1ccccc1)(c1ccccc1)->[Pd]1([Cl])<-[NH2]c2ccccc2-c2cccc[c]21,,CS(C)=O,CS(C)=O,CS(C)=O,CS(C)=O,79200.0,0.7728131413459778
Brc1cccnc1,NS(=O)(=O)c1ccccc1,,C1CCC2=NCCCN2CC1,COc1ccc(OC)c([P](C(C)(C)C)(C(C)(C)C)->[Pd]2(<-[NH2]c3ccccc3-c3cccc[c]32)[O]S(C)(=O)=O)c1-c1c(C(C)C)cc(C(C)C)cc1C(C)C,,CS(C)=O,CS(C)=O,CS(C)=O,CS(C)=O,79200.0,3.8585336208343506
Brc1cccnc1,c1ccc(Pc2ccccc2)cc1,,CN(C)C(=NC(C)(C)C)N(C)C,CC(C1=C([P](C2CCCCC2)(C2CCCCC2)->[Pd]2(<-[NH2]c3ccccc3-c3cccc[c]32)[O]S(C)(=O)=O)[CH]([Fe][CH]2C=CC=C2)C=C1)P(C(C)(C)C)C(C)(C)C,,CS(C)=O,CS(C)=O,CS(C)=O,CS(C)=O,79200.0,0.0
Brc1cccnc1,Nc1ccccc1,,CN1CCCN2CCCN=C12,CC12CC3(C)OC(C)(CC(C)(O1)[P]3(c1ccccc1)->[Pd]1(<-[NH2]c3ccccc3-c3cccc[c]31)[O]S(C)(=O)=O)O2,,CS(C)=O,CS(C)=O,CS(C)=O,CS(C)=O,79200.0,0.0
Brc1cccnc1,c1ccc2[nH]ncc2c1,,CCN(CC)P1(=NC(C)(C)C)N(C)CCCN1C,CS(=O)(=O)[O][Pd]1(<-[NH2]c2ccccc2-c2cccc[c]21)<-[P](c1ccccc1)(c1ccccc1)c1ccc2ccccc2c1-c1c(P(c2ccccc2)c2ccccc2)ccc2ccccc12,,CS(C)=O,CS(C)=O,CS(C)=O,CS(C)=O,79200.0,0.0
Brc1cccnc1,Sc1ccccc1,,CCN=P(N=P(N(C)C)(N(C)C)N(C)C)(N(C)C)N(C)C,CC(C)(C)P(C1=CC=C[CH]1[Fe][CH]1C=CC=C1[P](C(C)(C)C)(C(C)(C)C)->[Pd]1(<-[NH2]c2ccccc2-c2cccc[c]21)[O]S(C)(=O)=O)C(C)(C)C,,CS(C)=O,CS(C)=O,CS(C)=O,CS(C)=O,79200.0,0.0
Brc1cccnc1,CC(C)(C)OC(N)=O,,CN1CCCN2CCCN=C12,CC(C)(C)[P](c1ccc(N)cc1)(C(C)(C)C)->[Pd]1(<-[NH2]c2ccccc2-c2cccc[c]21)[O]S(C)(=O)=O,,CS(C)=O,CS(C)=O,CS(C)=O,CS(C)=O,79200.0,0.0
Brc1cccnc1,CCOC(=O)CC(=O)OCC,,CN1CCCN2CCCN=C12,CS(=O)(=O)[O][Pd]1(<-[NH2]c2ccccc2-c2cccc[c]21)<-[P](c1ccccc1N1CCOCC1)(C12C[C@H]3C[C@@H](C1)C[C@@H](C2)C3)C12C[C@H]3C[C@@H](C1)C[C@@H](C2)C3,,CS(C)=O,CS(C)=O,CS(C)=O,CS(C)=O,79200.0,0.09099281579256058
Brc1cccnc1,NC(=O)c1ccccc1,,CC(C)(C)N=P(N1CCCC1)(N1CCCC1)N1CCCC1,CS(=O)(=O)[O][Pd]1(<-[NH2]c2ccccc2-c2cccc[c]21)<-[P](c1ccccc1)(c1ccccc1)c1ccc2ccccc2c1-c1c(P(c2ccccc2)c2ccccc2)ccc2ccccc12,,CS(C)=O,CS(C)=O,CS(C)=O,CS(C)=O,79200.0,0.0
Brc1cccnc1,c1ccc2[nH]ncc2c1,,CN1CCCN2CCCN=C12,CC(C1=C([P](C2CCCCC2)(C2CCCCC2)->[Pd]2(<-[NH2]c3ccccc3-c3cccc[c]32)[O]S(C)(=O)=O)[CH]([Fe][CH]2C=CC=C2)C=C1)P(C(C)(C)C)C(C)(C)C,,CS(C)=O,CS(C)=O,CS(C)=O,CS(C)=O,79200.0,0.0
Brc1cccnc1,Nc1ccccc1,,CCN(CC)P1(=NC(C)(C)C)N(C)CCCN1C,COc1ccc(C)c(-c2c(C(C)C)cc(C(C)C)cc2C(C)C)c1[P](C(C)(C)C)(C(C)(C)C)->[Pd]1(<-[NH2]c2ccccc2-c2cccc[c]21)[O]S(C)(=O)=O,,CS(C)=O,CS(C)=O,CS(C)=O,CS(C)=O,79200.0,2.8395535945892334
Brc1cccnc1,Nc1ccccc1,,CCN=P(N=P(N(C)C)(N(C)C)N(C)C)(N(C)C)N(C)C,CC1(C)c2cccc(P(c3ccccc3)c3ccccc3)c2Oc2c1cccc2[P](c1ccccc1)(c1ccccc1)->[Pd]1([Cl])<-[NH2]c2ccccc2-c2cccc[c]21,,CS(C)=O,CS(C)=O,CS(C)=O,CS(C)=O,79200.0,0.44529232382774353
Brc1cccnc1,Nc1ccc(-c2ccccc2)cn1,,C1CCC2=NCCCN2CC1,CC(C)(C)[P](c1ccc(N)cc1)(C(C)(C)C)->[Pd]1(<-[NH2]c2ccccc2-c2cccc[c]21)[O]S(C)(=O)=O,,CS(C)=O,CS(C)=O,CS(C)=O,CS(C)=O,79200.0,0.0
Brc1cccnc1,N=C(N)Cc1ccccc1,,CN1CCCN2CCCN=C12,CS(=O)(=O)[O][Pd]1(<-[NH2]c2ccccc2-c2cccc[c]21)<-[P](c1ccccc1)(c1ccccc1)c1ccc2ccccc2c1-c1c(P(c2ccccc2)c2ccccc2)ccc2ccccc12,,CS(C)=O,CS(C)=O,CS(C)=O,CS(C)=O,79200.0,0.0
Brc1cccnc1,N=C(N)Cc1ccccc1,,CN1CCCN2CCCN=C12,CC(C)(C)[P](C(C)(C)C)(C(C)(C)C)->[Pd]1([Cl])<-[NH2]c2ccccc2-c2cccc[c]21,,CS(C)=O,CS(C)=O,CS(C)=O,CS(C)=O,79200.0,0.0
Brc1cccnc1,N=C(N)Cc1ccccc1,,CCN=P(N=P(N(C)C)(N(C)C)N(C)C)(N(C)C)N(C)C,CC(C)(C)[P](c1ccc(N)cc1)(C(C)(C)C)->[Pd]1(<-[NH2]c2ccccc2-c2cccc[c]21)[O]S(C)(=O)=O,,CS(C)=O,CS(C)=O,CS(C)=O,CS(C)=O,79200.0,0.0
Brc1cccnc1,OCCCc1ccccc1,,C1CCC2=NCCCN2CC1,COc1ccc(C)c(-c2c(C(C)C)cc(C(C)C)cc2C(C)C)c1[P](C(C)(C)C)(C(C)(C)C)->[Pd]1(<-[NH2]c2ccccc2-c2cccc[c]21)[O]S(C)(=O)=O,,CS(C)=O,CS(C)=O,CS(C)=O,CS(C)=O,79200.0,0.5521398782730103
Brc1cccnc1,CC(N)CCc1ccccc1,,CCN(CC)P1(=NC(C)(C)C)N(C)CCCN1C,CC1(C)c2cccc(P(c3ccccc3)c3ccccc3)c2Oc2c1cccc2[P](c1ccccc1)(c1ccccc1)->[Pd]1([Cl])<-[NH2]c2ccccc2-c2cccc[c]21,,CS(C)=O,CS(C)=O,CS(C)=O,CS(C)=O,79200.0,0.14681018888950348
Brc1cccnc1,CC1(C)OB(c2cnn(Cc3ccccc3)c2)OC1(C)C,O,CCN=P(N=P(N(C)C)(N(C)C)N(C)C)(N(C)C)N(C)C,COc1ccc(OC)c([P](C2CCCCC2)(C2CCCCC2)->[Pd]2(<-[NH2]c3ccccc3-c3cccc[c]32)[O]S(C)(=O)=O)c1-c1c(C(C)C)cc(C(C)C)cc1C(C)C,,CS(C)=O,CS(C)=O,CS(C)=O,CS(C)=O,79200.0,17.536447525024414
Brc1cccnc1,C#Cc1ccc(CCCC)cc1,,C1CCC2=NCCCN2CC1,COc1ccc(C)c(-c2c(C(C)C)cc(C(C)C)cc2C(C)C)c1[P](C(C)(C)C)(C(C)(C)C)->[Pd]1(<-[NH2]c2ccccc2-c2cccc[c]21)[O]S(C)(=O)=O,,CS(C)=O,CS(C)=O,CS(C)=O,CS(C)=O,79200.0,1.714866280555725
Brc1cccnc1,CC1(C)OB(c2cnn(Cc3ccccc3)c2)OC1(C)C,O,CC(C)(C)N=P(N1CCCC1)(N1CCCC1)N1CCCC1,CC(C)c1cc(C(C)C)c(-c2ccccc2[P](C(C)(C)C)(C(C)(C)C)->[Pd]2(<-[NH2]c3ccccc3-c3cccc[c]32)[O]S(C)(=O)=O)c(C(C)C)c1,,CS(C)=O,CS(C)=O,CS(C)=O,CS(C)=O,79200.0,2.738910675048828
Brc1cccnc1,NC(=O)c1ccccc1,,C1CCC2=NCCCN2CC1,CC(C)(C)[P](c1ccc(N)cc1)(C(C)(C)C)->[Pd]1(<-[NH2]c2ccccc2-c2cccc[c]21)[O]S(C)(=O)=O,,CS(C)=O,CS(C)=O,CS(C)=O,CS(C)=O,79200.0,0.0
