csv_row_number,reaction_key,physical_dataset_id,source_row_index,label_decision_id
2,ord_dataset-1ec2807f02fa4beda27d2a81b86eb843:ord-000e80bdb42c48e88beade3d2fe11029,ord_dataset-1ec2807f02fa4beda27d2a81b86eb843,1134,08dbe097a8a1018876b7b2a42032ca729b261dcde8aeca562ced4158af4a56ef
3,ord_dataset-1ec2807f02fa4beda27d2a81b86eb843:ord-000f15be530f4027851b8ea96a9e20af,ord_dataset-1ec2807f02fa4beda27d2a81b86eb843,508,951afeb14d9050ebed68f5498afbc768532c453d38e3617da144186e9cbc40e3
4,ord_dataset-1ec2807f02fa4beda27d2a81b86eb843:ord-0036b6b4812943b8a1db1eae930faa79,ord_dataset-1ec2807f02fa4beda27d2a81b86eb843,276,a728f5d4a1b07507e6031a7410a6a8b9ceab124305366a41f4e229fbc1b0acf9
5,ord_dataset-1ec2807f02fa4beda27d2a81b86eb843:ord-0070e917620b416c966ccf2a5a52f287,ord_dataset-1ec2807f02fa4beda27d2a81b86eb843,225,b9e408dfe405fe9fbc700c196db3d824e6185d51c83f6b4b60d7871c8e4f4646
6,ord_dataset-1ec2807f02fa4beda27d2a81b86eb843:ord-0090aa6c587c4a1598e848d1d48e2e19,ord_dataset-1ec2807f02fa4beda27d2a81b86eb843,628,bbbb5a4d2cea6fd0291835a1d31e574cf226757d3b718105ac8b71d3929c46fb
7,ord_dataset-1ec2807f02fa4beda27d2a81b86eb843:ord-009a95f3ce734094a1d7e80e1764403a,ord_dataset-1ec2807f02fa4beda27d2a81b86eb843,616,d8f18cb58e2134b32fc1a8d10ee63366c3101cd7cdc0b1dc595f2bd0e5a79b87
8,ord_dataset-1ec2807f02fa4beda27d2a81b86eb843:ord-016fe42c94304b59b2d6d860693b693a,ord_dataset-1ec2807f02fa4beda27d2a81b86eb843,709,89a86d3ec1b96e0ba9c8b2a4fca539e607cdcffdafcda1d4ef98c9a9e6778950
9,ord_dataset-1ec2807f02fa4beda27d2a81b86eb843:ord-01a25fdf530841dfbe82628c5806f935,ord_dataset-1ec2807f02fa4beda27d2a81b86eb843,744,6a747b69cbfdbb7f2a4545820bd08fc8c72aa0790cd1bc243c611632cf416d9b
10,ord_dataset-1ec2807f02fa4beda27d2a81b86eb843:ord-01abe853fd9b4342af4f3a99baa62152,ord_dataset-1ec2807f02fa4beda27d2a81b86eb843,877,1806c7a70ba394e253ea585fbe296ef5614a0f78184b4703429afc581645a2f9
11,ord_dataset-1ec2807f02fa4beda27d2a81b86eb843:ord-02256eeb4aa749ab932dcfdb38687f7f,ord_dataset-1ec2807f02fa4beda27d2a81b86eb843,47,52544f7d22098b6fa04c63ca546407b16ba4fb154127b0074958e0c70307d595
12,ord_dataset-1ec2807f02fa4beda27d2a81b86eb843:ord-027ecf159a904be5b3fa4dbc5e9168af,ord_dataset-1ec2807f02fa4beda27d2a81b86eb843,264,f7a302ab329f2d52c43efe65dedac8adc7ff28a47a4acb8f261d0c8443bd5feb
13,ord_dataset-1ec2807f02fa4beda27d2a81b86eb843:ord-02918ebc574b40af89cec1698caebdf2,ord_dataset-1ec2807f02fa4beda27d2a81b86eb843,178,66c9c765d3bef11e6678ddd75387c4a2668c42b4a9d7d1c7112cfba9003dfc32
14,ord_dataset-1ec2807f02fa4beda27d2a81b86eb843:ord-02a20adbf315441785e719e2d74b6b05,ord_dataset-1ec2807f02fa4beda27d2a81b86eb843,851,bd13852cbf9dc39c4eb32153a5b71f2964e651146cac66599f2526c191d49c03
15,ord_dataset-1ec2807f02fa4beda27d2a81b86eb843:ord-02af62e3932f4f8f88cbc78db11d8a5b,ord_dataset-1ec2807f02fa4beda27d2a81b86eb843,75,7e4480699cce62f4687f1afb11150c8abad80628365157912fdccfe07cb52760
16,ord_dataset-1ec2807f02fa4beda27d2a81b86eb843:ord-02cd446496e24ea693666faa17ba3766,ord_dataset-1ec2807f02fa4beda27d2a81b86eb843,610,5519fb560eff88dc73a40bb262c08560647c265d54303e8c73778452df500dc8
17,ord_dataset-1ec2807f02fa4beda27d2a81b86eb843:ord-0343207ad63745d4a9ad41448f912f79,ord_dataset-1ec2807f02fa4beda27d2a81b86eb843,318,97a42a4f46b5aef9c9e96c2b282cd6034b468319e96c683c5c0e715c65fdc8e5
18,ord_dataset-1ec2807f02fa4beda27d2a81b86eb843:ord-038119b8b4624c1a8ebfcc86cea84ff6,ord_dataset-1ec2807f02fa4beda27d2a81b86eb843,1000,16a1e1c8048c1443f0a977e251d4d2f32324f858558e6cd50b4db6616d7114e2
19,ord_dataset-1ec2807f02fa4beda27d2a81b86eb843:ord-03e0cebad7954415855a1f42f4927228,ord_dataset-1ec2807f02fa4beda27d2a81b86eb843,291,89b2bc2f31141567cc9dc079fbcab5f0e282515aada5da23ac4773c04686e18a
20,ord_dataset-1ec2807f02fa4beda27d2a81b86eb843:ord-03e2856173ec4846ad8141a7342181e1,ord_dataset-1ec2807f02fa4beda27d2a81b86eb843,1004,27247909190ba2d9b11a6ce38bda2a65e1f10fbac7b2bfe610bb96690e4cf7a6
21,ord_dataset-1ec2807f02fa4beda27d2a81b86eb843:ord-043d7d464126446e801b62bbbe2f47b1,ord_dataset-1ec2807f02fa4beda27d2a81b86eb843,617,e28b828c82af0acae332f9c34c9d5dcd200d51a9e453a3110b1f867cbcc2e090
22,ord_dataset-1ec2807f02fa4beda27d2a81b86eb843:ord-04b1c36f92104b1492890042bb2fe146,ord_dataset-1ec2807f02fa4beda27d2a81b86eb843,342,7810f21e3354944f18133cb4f902dd086b17f9d2e155537fe521b800cdc38c38
23,ord_dataset-1ec2807f02fa4beda27d2a81b86eb843:ord-04f5913e8a5545b88611b378b34ba8e9,ord_dataset-1ec2807f02fa4beda27d2a81b86eb843,482,13b58853a1f043cb9be0525239b45466c596cebb38f7c9bdd7969e8dea69e14c
24,ord_dataset-1ec2807f02fa4beda27d2a81b86eb843:ord-051a70838e1e49adb0a60aff11193eac,ord_dataset-1ec2807f02fa4beda27d2a81b86eb843,925,43e5a5c0c3c92ba7a62a3b4da889ff1101bdf82ebd17df00924ff1bc1e5aa4ee
25,ord_dataset-1ec2807f02fa4beda27d2a81b86eb843:ord-054b2a404af44bf09781a6f04124dbc8,ord_dataset-1ec2807f02fa4beda27d2a81b86eb843,358,0a1ff3caaba42aed936d5b057f5bcf0d189b883d11c46d54c03fdaea52a86f9c
26,ord_dataset-1ec2807f02fa4beda27d2a81b86eb843:ord-055b1841338048a3b0c7527c7ed50a65,ord_dataset-1ec2807f02fa4beda27d2a81b86eb843,592,41698eb8b520b0b8dec6391f2cffff88ca96ef27af1aaba09ee58fc380603ee1
27,ord_dataset-1ec2807f02fa4beda27d2a81b86eb843:ord-059a088c2e0f493e9625cb25b3557b05,ord_dataset-1ec2807f02fa4beda27d2a81b86eb843,935,c48e8fa0c07f18e3f182d6c88561b96629f3ae5a50e6b376529d58cac71eeca7
28,ord_dataset-1ec2807f02fa4beda27d2a81b86eb843:ord-05a06686e1864b54b0348f27c5b1cba0,ord_dataset-1ec2807f02fa4beda27d2a81b86eb843,876,d2110fb4d63c0927c97b1ac98383aa1c2fd3eb64a58b5945710b29e8a5dc5acd
29,ord_dataset-1ec2807f02fa4beda27d2a81b86eb843:ord-05b60bf067a34573a96f1ec594af08cd,ord_dataset-1ec2807f02fa4beda27d2a81b86eb843,606,a1dc6e3b6d9a03e11d55477403acfb3fee388bba93296a4de7f87ad48c39b87e
30,ord_dataset-1ec2807f02fa4beda27d2a81b86eb843:ord-05f04a18825e47f880a08498c287dd5b,ord_dataset-1ec2807f02fa4beda27d2a81b86eb843,536,08ad485e7021eb9880dc86cb359f0a84cee773ac0230479fde067af85b763a16
31,ord_dataset-1ec2807f02fa4beda27d2a81b86eb843:ord-06d2365aa4f94c1688daeb198a4103df,ord_dataset-1ec2807f02fa4beda27d2a81b86eb843,35,e66e79b89da590e59c31b229168a4e341b0dd79cdca417a00da970659d80977e
32,ord_dataset-1ec2807f02fa4beda27d2a81b86eb843:ord-0711170a44e845dca64bdc66ec429bf3,ord_dataset-1ec2807f02fa4beda27d2a81b86eb843,991,71a2eb58b2949deb7b3d81332a11eb161810bccc2f7de0d8f0ada19198b3bfea
33,ord_dataset-1ec2807f02fa4beda27d2a81b86eb843:ord-076440ea6b664e1e8265c482f9165398,ord_dataset-1ec2807f02fa4beda27d2a81b86eb843,34,4498e7a90ec9f2193a3886cf84c1e03e56ef381df2d4a6f08c74df1d981c3b61
34,ord_dataset-1ec2807f02fa4beda27d2a81b86eb843:ord-078bd6982d4b421ea6a36c58cec96146,ord_dataset-1ec2807f02fa4beda27d2a81b86eb843,1169,2fc3094c19316e9b5819b84273d7cb4cf6ac92cea9b7d52d6812bc2195fbdbfa
35,ord_dataset-1ec2807f02fa4beda27d2a81b86eb843:ord-07cfd0d12cf74473b3fdec52743ac366,ord_dataset-1ec2807f02fa4beda27d2a81b86eb843,88,aaa1a64c8b36af8a4a5c2ae7af6e1a06026e28a229469e8c4c23c3a3ee9ff840
36,ord_dataset-1ec2807f02fa4beda27d2a81b86eb843:ord-0810d7e0133743d4805d3642692f73e2,ord_dataset-1ec2807f02fa4beda27d2a81b86eb843,139,8917880e99427de8dd85a9754f23ec43b4a969213f82f4753e0677c88e97453b
37,ord_dataset-1ec2807f02fa4beda27d2a81b86eb843:ord-08172aa45e3846c4b69633e2521e5ff1,ord_dataset-1ec2807f02fa4beda27d2a81b86eb843,563,34e58d1c514b2603c6c0d0a8c7a406c2f58ffce103b39426ae6144a5d957b45e
38,ord_dataset-1ec2807f02fa4beda27d2a81b86eb843:ord-081948a5170a4dae85a3f54ca9f36353,ord_dataset-1ec2807f02fa4beda27d2a81b86eb843,91,48614bc66135229a2a3d5de78db85a338507577385cbb4528956cf9e91583f25
39,ord_dataset-1ec2807f02fa4beda27d2a81b86eb843:ord-08452d3736a44047abb02fa3e64ff19e,ord_dataset-1ec2807f02fa4beda27d2a81b86eb843,1190,b798c2c5642892b0361242940c69f1b1eb110a5745496af47d9da47969119cff
40,ord_dataset-1ec2807f02fa4beda27d2a81b86eb843:ord-085e01f3d25c42719b4bdd5dce6663b9,ord_dataset-1ec2807f02fa4beda27d2a81b86eb843,587,144c8d64834b6046e3232a84ca06203c9a0f3d9777a6a35a7943c28b0efbf647
41,ord_dataset-1ec2807f02fa4beda27d2a81b86eb843:ord-08770fec4b534b60b2a4a617fce2b9f5,ord_dataset-1ec2807f02fa4beda27d2a81b86eb843,471,94caa2e2cc8fdc3b4f8da96e0457f1f60dbd0579ce9fee57187805998967a3c9
42,ord_dataset-1ec2807f02fa4beda27d2a81b86eb843:ord-087fac3f706b4dafaf36431118c5b953,ord_dataset-1ec2807f02fa4beda27d2a81b86eb843,1089,6d5bd9211d495a22f979b04a25a1d970412c0281890c1df0b35c51f52e04c8a2
43,ord_dataset-1ec2807f02fa4beda27d2a81b86eb843:ord-08ad5c71d03a410ea77842c862e471fd,ord_dataset-1ec2807f02fa4beda27d2a81b86eb843,22,e01762e5d5d27543f3ce42a2969a4ec456e776e9507b01eeb0fd0c104a9a14de
44,ord_dataset-1ec2807f02fa4beda27d2a81b86eb843:ord-08b0a1e729e14aa09203ea3f7387376a,ord_dataset-1ec2807f02fa4beda27d2a81b86eb843,750,cc66f1c543a2ce6134c7bdba291491272c24c1c9f4106c2b0379232e75dc05bc
45,ord_dataset-1ec2807f02fa4beda27d2a81b86eb843:ord-08f09f68482d422f92a9ab0305945170,ord_dataset-1ec2807f02fa4beda27d2a81b86eb843,483,612ba339f955b668449746f4336225336afbf165c9fcae1225411adfdc2bf057
46,ord_dataset-1ec2807f02fa4beda27d2a81b86eb843:ord-0908e9f7c06c433fb47fbcb169ba56f6,ord_dataset-1ec2807f02fa4beda27d2a81b86eb843,674,e5722b31f4cd18147254e57f0c787a5cd00ddd47bf536cbc70a00fbd5c65024c
47,ord_dataset-1ec2807f02fa4beda27d2a81b86eb843:ord-090fcfe7ae1b46819d608801d42e2a64,ord_dataset-1ec2807f02fa4beda27d2a81b86eb843,38,650e8b8d00e2a4bc7834cbb707b22c2a24679ee30f64a8c680ddaa36ec2e6dec
48,ord_dataset-1ec2807f02fa4beda27d2a81b86eb843:ord-0912f69581e94f78aa12afa3274bf890,ord_dataset-1ec2807f02fa4beda27d2a81b86eb843,530,b9f977696e392ff251fa64d046bdc8946037c3d5df904004fe7a4c80932f6208
49,ord_dataset-1ec2807f02fa4beda27d2a81b86eb843:ord-09921f6cad5940ac9933fe9121ede497,ord_dataset-1ec2807f02fa4beda27d2a81b86eb843,599,aaa08839bf1ad035261735eae22e540187b09d2472d37dd78adc3df27bad86ad
50,ord_dataset-1ec2807f02fa4beda27d2a81b86eb843:ord-09e077b8cb47442a8db25c38c6b20fc7,ord_dataset-1ec2807f02fa4beda27d2a81b86eb843,1112,410634fa5ac9a735c86b7407d7ec5d70e507e4065f50ca0f192d358db3fc8c24
51,ord_dataset-1ec2807f02fa4beda27d2a81b86eb843:ord-0a3181cb5b094166a93abf4741c4c2ce,ord_dataset-1ec2807f02fa4beda27d2a81b86eb843,784,0e98c7de38529f71f425ac2fd9b78fcbf962896071f52729d8a7f05dd7c5e366
52,ord_dataset-1ec2807f02fa4beda27d2a81b86eb843:ord-0a418cc3cd7f422e950ff62f26564836,ord_dataset-1ec2807f02fa4beda27d2a81b86eb843,1193,fae41262e1ac646fa158effd9a170d9b46c557f9e65e6e9f48ff6d1942c5e32c
53,ord_dataset-1ec2807f02fa4beda27d2a81b86eb843:ord-0a57ff4a00ea4c7491586128639482da,ord_dataset-1ec2807f02fa4beda27d2a81b86eb843,1105,b230fd4c014c47cac80501ec4033590908f81cd65c8177da503699071f65c679
54,ord_dataset-1ec2807f02fa4beda27d2a81b86eb843:ord-0a5b9751e701468d9f62ebfdeda3045d,ord_dataset-1ec2807f02fa4beda27d2a81b86eb843,984,09d11f25d13a8484c8e772bd8aef0b9885be57c53be040b5605d08b4a31f9b74
55,ord_dataset-1ec2807f02fa4beda27d2a81b86eb843:ord-0a6e91cf2e8a4bb9954791e6091be7d3,ord_dataset-1ec2807f02fa4beda27d2a81b86eb843,506,c8406a469a03632f601b780aecf9ba7eb916116de99d0f9ae08a5917fd03f0a5
56,ord_dataset-1ec2807f02fa4beda27d2a81b86eb843:ord-0a719f828b324c20b4ffa1370ff419af,ord_dataset-1ec2807f02fa4beda27d2a81b86eb843,1043,7728e64217ea73a33ff4442c6a54d3e543af317a3d408af464ca039f2e6f4bb3
57,ord_dataset-1ec2807f02fa4beda27d2a81b86eb843:ord-0a91545deca34c5ea5977df30c272945,ord_dataset-1ec2807f02fa4beda27d2a81b86eb843,869,dfd4113244511b235151246199356396d67f687fc8dc958e7428c9a84592290b
58,ord_dataset-1ec2807f02fa4beda27d2a81b86eb843:ord-0acce3a91c8140e0b7543a11797ae258,ord_dataset-1ec2807f02fa4beda27d2a81b86eb843,270,73aac147902c550c2225714b856af8d0f2d22bf3d9688eb9751022c0ff714822
59,ord_dataset-1ec2807f02fa4beda27d2a81b86eb843:ord-0afeb79655d64ddd9e082f81061cbff7,ord_dataset-1ec2807f02fa4beda27d2a81b86eb843,251,491b1affe9608b146d2ce6feb642963b786bedfcc53d07035f5c8775549e520b
60,ord_dataset-1ec2807f02fa4beda27d2a81b86eb843:ord-0b0b862ef6f4463cbc87e9bf696b32de,ord_dataset-1ec2807f02fa4beda27d2a81b86eb843,609,c5887263ca709b7492e0aabd06970c3ac605ac891521608d72068a7017a66578
61,ord_dataset-1ec2807f02fa4beda27d2a81b86eb843:ord-0b346493fcde4b6a85bb1381dda8d77a,ord_dataset-1ec2807f02fa4beda27d2a81b86eb843,174,68a85c85cd0477f28ad5f4e92eb6219a033f89d73f5b7ba7c2c47556c1bc8fd5
62,ord_dataset-1ec2807f02fa4beda27d2a81b86eb843:ord-0b522108faf14fcd88a6715c414634a5,ord_dataset-1ec2807f02fa4beda27d2a81b86eb843,850,5f1d05742edbfc4fac4686b67770001d13b1321e94feaee7dc564bfcca747631
63,ord_dataset-1ec2807f02fa4beda27d2a81b86eb843:ord-0b6d6765ce43491e8d473ff654771817,ord_dataset-1ec2807f02fa4beda27d2a81b86eb843,388,deb014d383470975277e01210dd5645f87e76d2724f539c05e70265fa0f777ef
64,ord_dataset-1ec2807f02fa4beda27d2a81b86eb843:ord-0b784b437e0549c7aaf4e426c872ef23,ord_dataset-1ec2807f02fa4beda27d2a81b86eb843,725,e33eef9657f6c7fdad307bac8a46ec0405e17d754499fcbaed4c78582476d592
65,ord_dataset-1ec2807f02fa4beda27d2a81b86eb843:ord-0bb576d442384b8fb0ed89743ec8d730,ord_dataset-1ec2807f02fa4beda27d2a81b86eb843,195,beda343968ac6b57ac1d2287b0e78e7fe18e3588604dad73cf58f2eda64fbdb4
66,ord_dataset-1ec2807f02fa4beda27d2a81b86eb843:ord-0c5fe6086e3f441c8515af0ab1baa1ee,ord_dataset-1ec2807f02fa4beda27d2a81b86eb843,1213,3d1def247f573a71a15df1e9621a20014005f2fe787b33aaee91ccd7a783b816
67,ord_dataset-1ec2807f02fa4beda27d2a81b86eb843:ord-0c67454ecd0f49d68fdcb95cce250331,ord_dataset-1ec2807f02fa4beda27d2a81b86eb843,400,1a06eff70594c0528ec07f2bec67fa49163491f4a646057d8ee58acdc1ad21d3
68,ord_dataset-1ec2807f02fa4beda27d2a81b86eb843:ord-0c9701be611c452abed70fb5eb45b885,ord_dataset-1ec2807f02fa4beda27d2a81b86eb843,736,7b3896614bac6f27ea7e20289a13593748e454f4213c1be60bac501a8de55b4a
69,ord_dataset-1ec2807f02fa4beda27d2a81b86eb843:ord-0c9b17cc3e234a6da990fc1e58333e04,ord_dataset-1ec2807f02fa4beda27d2a81b86eb843,756,8a5896e46b44f2a9b4a0e075fc5e2ef203371892fe608018648c864c9cca8f15
70,ord_dataset-1ec2807f02fa4beda27d2a81b86eb843:ord-0ca8448a61b54b9b855e69b4b7a5bd97,ord_dataset-1ec2807f02fa4beda27d2a81b86eb843,1059,c64530ab938024e2b8ab897f07968dc46809e6e200c6df546c38d4c479e7f81e
71,ord_dataset-1ec2807f02fa4beda27d2a81b86eb843:ord-0cc81c4ab3704ff8b870ba70e15a6bb0,ord_dataset-1ec2807f02fa4beda27d2a81b86eb843,464,5c94537c8ce804d743b931f5f85d609fc5c570b01eed375cb6e9d5bccf390bc1
72,ord_dataset-1ec2807f02fa4beda27d2a81b86eb843:ord-0cfe698d4cf04f8fa16d07a874ba0168,ord_dataset-1ec2807f02fa4beda27d2a81b86eb843,244,f51537b2e655290a91b68561ab941d3828d52cff591f16f949f3bcda92b274b2
73,ord_dataset-1ec2807f02fa4beda27d2a81b86eb843:ord-0d07aedcde6345cfa4199327efcfcee5,ord_dataset-1ec2807f02fa4beda27d2a81b86eb843,892,62aa8decb56749ce0dbbe82dbac4eed6f5ee5818dc1b6307df2143f2c9d35399
74,ord_dataset-1ec2807f02fa4beda27d2a81b86eb843:ord-0d14a4027bc247c086edb53a5cb44e38,ord_dataset-1ec2807f02fa4beda27d2a81b86eb843,794,ed99f18dca194c6dce6c0aa4eb4e124760bbeaf0e26e2aa027d307cec18a5946
75,ord_dataset-1ec2807f02fa4beda27d2a81b86eb843:ord-0d6646f274b441d9898f33e98423bce6,ord_dataset-1ec2807f02fa4beda27d2a81b86eb843,84,8a73925b1027e5bcba230099a2bc946f0a462ff5868c6454b53eddc4f64c868c
76,ord_dataset-1ec2807f02fa4beda27d2a81b86eb843:ord-0e1f36a1f78d428ea013af06af7779b5,ord_dataset-1ec2807f02fa4beda27d2a81b86eb843,281,f9a41e14ff3aad1fbace23cf2fe908f07234bbd606c8dd554c85ba1516fe5969
77,ord_dataset-1ec2807f02fa4beda27d2a81b86eb843:ord-0e523a764b2e490e967379f5a58c7b53,ord_dataset-1ec2807f02fa4beda27d2a81b86eb843,823,07032fdb32f318ee8b2f567c6dcbf3b179dadaa44e345cf689a183d1e02655a4
78,ord_dataset-1ec2807f02fa4beda27d2a81b86eb843:ord-0e92760434db45139c3832dd2e352f06,ord_dataset-1ec2807f02fa4beda27d2a81b86eb843,111,888ff7654005c8178b8ca75d82abaa0196632bc916721d3508cb8760794a36e3
79,ord_dataset-1ec2807f02fa4beda27d2a81b86eb843:ord-0f2d0f5d09714744a942b8b2e9f55f77,ord_dataset-1ec2807f02fa4beda27d2a81b86eb843,768,b3b3e9a0bf8222a386af9c73aebcdc423faa764da07246b0a55a6d1141a48361
80,ord_dataset-1ec2807f02fa4beda27d2a81b86eb843:ord-0f3073f84a584eef9ff05540488dceac,ord_dataset-1ec2807f02fa4beda27d2a81b86eb843,660,c713087ba998b1ca980a71456673ec8a30fa7fc4a552a71ad17a987d42178797
81,ord_dataset-1ec2807f02fa4beda27d2a81b86eb843:ord-0fdc058dd6c74e328169ff68aecf3bd1,ord_dataset-1ec2807f02fa4beda27d2a81b86eb843,834,8863ec14391a931a63506e2f55362f12e7f6abb9241be03580d53785128a9f1a
82,ord_dataset-1ec2807f02fa4beda27d2a81b86eb843:ord-1002954af2a5465d950fab7f3b7d60f4,ord_dataset-1ec2807f02fa4beda27d2a81b86eb843,126,a61a03808de4df69fb80483553fb18dce070380c18bdc15c948eb440ffb328fb
83,ord_dataset-1ec2807f02fa4beda27d2a81b86eb843:ord-101c99bc4fc24ac39b9d74219f2b323a,ord_dataset-1ec2807f02fa4beda27d2a81b86eb843,152,2414f6168ecc84e4b9a14b0ee3540230758b77c7e2867e3e7519196cdd923f36
84,ord_dataset-1ec2807f02fa4beda27d2a81b86eb843:ord-109241e8b5ea47c695f3472390c99caf,ord_dataset-1ec2807f02fa4beda27d2a81b86eb843,119,bf94e9881f3eec34c19c6dc12adbc44380a40eaecfc16d0836ccd003c043de10
85,ord_dataset-1ec2807f02fa4beda27d2a81b86eb843:ord-109c0a77c2b4405c815d81879ae80258,ord_dataset-1ec2807f02fa4beda27d2a81b86eb843,33,cdea8f137aa1fef5fec46af89bb89136380ca95a4636db43e9a459c0a3633e1b
86,ord_dataset-1ec2807f02fa4beda27d2a81b86eb843:ord-1121306d5be1464aa0a1d03fed0af078,ord_dataset-1ec2807f02fa4beda27d2a81b86eb843,912,066883327dd7cd060cc3987421d6e0f308c4253be27addfc3ce2cdc5f029037a
87,ord_dataset-1ec2807f02fa4beda27d2a81b86eb843:ord-1196aa142a7c4422b63ae55276a7e26a,ord_dataset-1ec2807f02fa4beda27d2a81b86eb843,759,d4aa2198994ffb315cab801aa25543128e4effb6f77517e0672d647ce4839e5e
88,ord_dataset-1ec2807f02fa4beda27d2a81b86eb843:ord-119b15afcdc644a6a4b5a6f3e443beb9,ord_dataset-1ec2807f02fa4beda27d2a81b86eb843,1044,12c72d55864557497397f7ca4fe171bc0fbf7722ce847ae5466d144d3c8104df
89,ord_dataset-1ec2807f02fa4beda27d2a81b86eb843:ord-119b194d529c44c2b7d317af2c7a26f6,ord_dataset-1ec2807f02fa4beda27d2a81b86eb843,981,685118937004161beee7386655304dabf1dceef3060fcf12c8aa51a771f0bff8
90,ord_dataset-1ec2807f02fa4beda27d2a81b86eb843:ord-119cb623347e41f7b606196ab7902aea,ord_dataset-1ec2807f02fa4beda27d2a81b86eb843,739,5f0e78cade4d84f67e728a1e2b59264146bf24a68f562d149fe89b6ff6ead3a0
91,ord_dataset-1ec2807f02fa4beda27d2a81b86eb843:ord-11c790406fc44fe4b318e5d6ffb6a984,ord_dataset-1ec2807f02fa4beda27d2a81b86eb843,1178,fab5b1543206124a06f05519e091c094067b7d1beffe9bd31e915e5fb055fe19
92,ord_dataset-1ec2807f02fa4beda27d2a81b86eb843:ord-11e7b1b124df4919b62a50eb1cafdb30,ord_dataset-1ec2807f02fa4beda27d2a81b86eb843,917,9bda32ab681184c8ebac2be314173070e1dfca5611dbf4e1de5f434984a0cdb3
93,ord_dataset-1ec2807f02fa4beda27d2a81b86eb843:ord-11f2bf82d06645f4bc75856777841dcb,ord_dataset-1ec2807f02fa4beda27d2a81b86eb843,102,bf189435a288a4d95c42a9ed36c5c52e1facac06b526b0e6c8af674b44b65731
94,ord_dataset-1ec2807f02fa4beda27d2a81b86eb843:ord-126859c77582420eb74cbd3de23b15c2,ord_dataset-1ec2807f02fa4beda27d2a81b86eb843,443,7851b427165cdc55e01350b0ccf730559ab95b33d9aa93dc71b691cc333d53fb
95,ord_dataset-1ec2807f02fa4beda27d2a81b86eb843:ord-129383fb9b43448581baeffaf48df88e,ord_dataset-1ec2807f02fa4beda27d2a81b86eb843,223,f151c65221bb90a778c791cd4220bbced6a2d19bef368bec116441a2aea42709
96,ord_dataset-1ec2807f02fa4beda27d2a81b86eb843:ord-12bbd43df45c4b7f83541ae3a58e7de6,ord_dataset-1ec2807f02fa4beda27d2a81b86eb843,1200,d8d548022d36de4ebf7f8f9e026485e601541a84cdc144cb621ce8bca385605a
97,ord_dataset-1ec2807f02fa4beda27d2a81b86eb843:ord-136846db6e894dea8f7da525f1a20d5d,ord_dataset-1ec2807f02fa4beda27d2a81b86eb843,410,06d3ed44a4acf889553264c36046e8a2c79e571be0d744201f16b1172cd8f179
98,ord_dataset-1ec2807f02fa4beda27d2a81b86eb843:ord-1419b98e29994a2d861f2f80fae42f1b,ord_dataset-1ec2807f02fa4beda27d2a81b86eb843,19,d7531f468e8edeaf2cad7f3a708a7309c3a3d39bb2242c7f31810012338908fa
99,ord_dataset-1ec2807f02fa4beda27d2a81b86eb843:ord-1471f0e7c0fe41bbbcafd4544a4b5637,ord_dataset-1ec2807f02fa4beda27d2a81b86eb843,3,6c9ebf69ae0d90704cb40e4a397cc1d28a81f1d08159ce9b2376b496fd43ed2d
100,ord_dataset-1ec2807f02fa4beda27d2a81b86eb843:ord-148469de4dcd47bab33e168114aa8a67,ord_dataset-1ec2807f02fa4beda27d2a81b86eb843,586,7b1db1b3c5de4adf726cd1faa4ed471c10de956da2b17917a624b76b539a1353
101,ord_dataset-1ec2807f02fa4beda27d2a81b86eb843:ord-14cec412a38f48a58be9f1333ef8843f,ord_dataset-1ec2807f02fa4beda27d2a81b86eb843,749,c85c518f03d1739fbe7c6ab49f60b73d9dbe64067055a1c77cf54af7cfa60843
102,ord_dataset-1ec2807f02fa4beda27d2a81b86eb843:ord-1507484e59c44891913e8ebf32c83ce7,ord_dataset-1ec2807f02fa4beda27d2a81b86eb843,570,9d986a8479ecf0a5cc3d921b4011578fd16f6f0eaa1596d497821921d7e387fe
103,ord_dataset-1ec2807f02fa4beda27d2a81b86eb843:ord-15eb9f548f5c4c1ab27be353a1516f58,ord_dataset-1ec2807f02fa4beda27d2a81b86eb843,641,22295bdde04d0df8889561d2886b928a511bd2fd83a51d91ea55c40368e201cc
104,ord_dataset-1ec2807f02fa4beda27d2a81b86eb843:ord-15f1daec95194b9dbfdca8f9e1a0ff9a,ord_dataset-1ec2807f02fa4beda27d2a81b86eb843,1202,d2b2658b9ac3edb8a8e40e7fa0a8d17f449688a465a04d3f8ea260bcfaa63008
105,ord_dataset-1ec2807f02fa4beda27d2a81b86eb843:ord-162f3b19e70f428c911eb42c81146342,ord_dataset-1ec2807f02fa4beda27d2a81b86eb843,406,173f6a665c0b7dc8133b58204d6a629cfdfb38ab1a99fa1bc975209b63debb41
106,ord_dataset-1ec2807f02fa4beda27d2a81b86eb843:ord-1659804d33f841958a0304554f384ec3,ord_dataset-1ec2807f02fa4beda27d2a81b86eb843,815,b6ee2004d73fdf23ef8be9b7baa305d1ed6c3e3ad32608a0151a83c7dd30ce19
107,ord_dataset-1ec2807f02fa4beda27d2a81b86eb843:ord-168cb5fd43f940fba57558964f63ccd5,ord_dataset-1ec2807f02fa4beda27d2a81b86eb843,1096,e47d0c29541844ad1e32d34c3720ade64935964a58a387b705a16f5e7ba558b9
108,ord_dataset-1ec2807f02fa4beda27d2a81b86eb843:ord-1708045c563b427bba32d6ca7471633f,ord_dataset-1ec2807f02fa4beda27d2a81b86eb843,315,84bcbfd8f221f3379600e43357f2b135bb8bd4408a8821f2ba2db5650d5e9473
109,ord_dataset-1ec2807f02fa4beda27d2a81b86eb843:ord-170f670095204c0eb87fc9377df83db7,ord_dataset-1ec2807f02fa4beda27d2a81b86eb843,1115,4bbcf82b7a7732f0636ac003ad1985532519f382cd15173d5f54bf6977d9e0c7
110,ord_dataset-1ec2807f02fa4beda27d2a81b86eb843:ord-172996e50fc04a33afd5c7869db42066,ord_dataset-1ec2807f02fa4beda27d2a81b86eb843,90,15d3b94624cc4926205994fd12eb87b97664ffcda6fe75facdda4f741579f889
111,ord_dataset-1ec2807f02fa4beda27d2a81b86eb843:ord-172eee0990d34f85a488bab673b5ba1d,ord_dataset-1ec2807f02fa4beda27d2a81b86eb843,535,c2e3dc6c2e3557e971430b6e6cab9cd669397243d31d0a044a50d508355e0dd5
112,ord_dataset-1ec2807f02fa4beda27d2a81b86eb843:ord-174444c1c82f46d4a854a8256c62a106,ord_dataset-1ec2807f02fa4beda27d2a81b86eb843,964,c4568ea52028902b4aa7840829ad89621c2d98d1456eeceff4d9505a178626d3
113,ord_dataset-1ec2807f02fa4beda27d2a81b86eb843:ord-1768257736604d9fbc74798fa8176f11,ord_dataset-1ec2807f02fa4beda27d2a81b86eb843,902,1f6afa00c8edc7c4688be2ac99329826b3a622026f13c7613f19bc935729bd9a
114,ord_dataset-1ec2807f02fa4beda27d2a81b86eb843:ord-17aa44251a5e4846ae212f261d3bac86,ord_dataset-1ec2807f02fa4beda27d2a81b86eb843,303,98d1261e0fb58b6d8481e0d6aa417360ee1da8a1c78ebcc955f88c2e15ed8303
115,ord_dataset-1ec2807f02fa4beda27d2a81b86eb843:ord-17c2ac71469443b789f51c4e1a2969a0,ord_dataset-1ec2807f02fa4beda27d2a81b86eb843,419,1fc9fe4177b24c2640212230374aed0b1b184e178460470963686d9e5bbe47f4
116,ord_dataset-1ec2807f02fa4beda27d2a81b86eb843:ord-182d8fec826a416bb769981b6cc4235b,ord_dataset-1ec2807f02fa4beda27d2a81b86eb843,1008,1146e8fe8eab7cb7c50873539a64e0b5b9b22c8794de4c8cbff49405ea9613ed
117,ord_dataset-1ec2807f02fa4beda27d2a81b86eb843:ord-18417e34da4d4149a54d8fe86eac8ff3,ord_dataset-1ec2807f02fa4beda27d2a81b86eb843,385,58adfddef2496a6497601cb91fe4d10c6eb444be22b788bf60baa08d47796288
118,ord_dataset-1ec2807f02fa4beda27d2a81b86eb843:ord-18493025f33a49a5ae314436c6a91b9b,ord_dataset-1ec2807f02fa4beda27d2a81b86eb843,532,c584f0e6da7df620b2bc3c5107bb15015bc53ef76a79759f92541da07e3fb109
119,ord_dataset-1ec2807f02fa4beda27d2a81b86eb843:ord-185e823794794edb9ae068633f91b7ac,ord_dataset-1ec2807f02fa4beda27d2a81b86eb843,472,dfc0e63665daa1d3b04a41303259176ee79d246146913ffd6cc5b58534803255
120,ord_dataset-1ec2807f02fa4beda27d2a81b86eb843:ord-1894c2b06066451f82f7db0f88083a76,ord_dataset-1ec2807f02fa4beda27d2a81b86eb843,305,c5cc8a1282bb2fca03b9e2d1115962f55011ba7b7f3519b3e59c5aaa5a473dd5
121,ord_dataset-1ec2807f02fa4beda27d2a81b86eb843:ord-18eef277f4044fdba05ba98fc8d0ea06,ord_dataset-1ec2807f02fa4beda27d2a81b86eb843,478,91727d27733c7eedd9903eeb52e09148be6af09ffe8b5ad73e3358a146d0c2bd
122,ord_dataset-1ec2807f02fa4beda27d2a81b86eb843:ord-18fe93fb943f4ec2bee45f4c4cdf0806,ord_dataset-1ec2807f02fa4beda27d2a81b86eb843,205,a72535744ebe9bdd81cfc4649dd1643e0fe3c1dca0e2c06dbd813b7c0d02ba1c
123,ord_dataset-1ec2807f02fa4beda27d2a81b86eb843:ord-190ea64143d0491b8162a5bc05959732,ord_dataset-1ec2807f02fa4beda27d2a81b86eb843,757,eec17e3d4c7562b08f660811144ce3809521f22e96cede051b9e041c3a7281e0
124,ord_dataset-1ec2807f02fa4beda27d2a81b86eb843:ord-195501da3a95463a8dbe16a17a5f0ba5,ord_dataset-1ec2807f02fa4beda27d2a81b86eb843,808,6c461e42b154f3ddc3ff88da53c1ed1f15a325c89ced21ebd5d4d735fefd549e
125,ord_dataset-1ec2807f02fa4beda27d2a81b86eb843:ord-195a2e8ba31d40499f2c500d2d8a98cb,ord_dataset-1ec2807f02fa4beda27d2a81b86eb843,631,c0b98881326353353652d6cb097bcb21c469b645fb9714a6a447d0bf2e10169a
126,ord_dataset-1ec2807f02fa4beda27d2a81b86eb843:ord-199a154c7aff404d9b79144ed98a0a92,ord_dataset-1ec2807f02fa4beda27d2a81b86eb843,219,ae38fe2aff3aa2ca037deec8c555aa20904341eeb652b7076bb325734c46c41f
127,ord_dataset-1ec2807f02fa4beda27d2a81b86eb843:ord-19c9a2db5fb7476db93f84ae9714578a,ord_dataset-1ec2807f02fa4beda27d2a81b86eb843,368,e9c11f47bb95d2f8cfce92b8229d7f53482e0a414beac1ef6f379eb41ac252a9
128,ord_dataset-1ec2807f02fa4beda27d2a81b86eb843:ord-19d2fd8864ef4eb0a8acdb2c7f3d2d30,ord_dataset-1ec2807f02fa4beda27d2a81b86eb843,1124,e6c8ae35ad3181b9f5138f47c68a86614e822316167b2a934d745575035bce99
129,ord_dataset-1ec2807f02fa4beda27d2a81b86eb843:ord-1a06e9eaace04009b751619f75511623,ord_dataset-1ec2807f02fa4beda27d2a81b86eb843,1116,860058e2fa010d3b552de73737f11948595ce12f4d91bf358b589b1ae708a1b0
130,ord_dataset-1ec2807f02fa4beda27d2a81b86eb843:ord-1a46147d407b4e84a91a636e8f6994cb,ord_dataset-1ec2807f02fa4beda27d2a81b86eb843,1139,641ce1835871679a4b0c2fb3e3b4797536da83dbbc77531c1d3bf50e76dba2f9
131,ord_dataset-1ec2807f02fa4beda27d2a81b86eb843:ord-1a8f982dc7314d7ea6c20e7ad3f6436f,ord_dataset-1ec2807f02fa4beda27d2a81b86eb843,700,798d49543d8c449635f341f3bc80af6c1657bcad1d45b4fdf8be5de7f2f1220d
132,ord_dataset-1ec2807f02fa4beda27d2a81b86eb843:ord-1ab77eadcf654bfba6bf2d2706779fa3,ord_dataset-1ec2807f02fa4beda27d2a81b86eb843,941,fd79de8e5473e2605371f7d1ee1aab9341cf3ae51db02a42bd556a16d86f7b7e
133,ord_dataset-1ec2807f02fa4beda27d2a81b86eb843:ord-1b66a6e37d0f4cb5a4676230f8ed6948,ord_dataset-1ec2807f02fa4beda27d2a81b86eb843,1017,cd09143d0eb854c33142d3609a7363a299bf88bcf9c1e059ba123f1a88791a6f
134,ord_dataset-1ec2807f02fa4beda27d2a81b86eb843:ord-1b81879700674162ac9249c9951e6bd0,ord_dataset-1ec2807f02fa4beda27d2a81b86eb843,488,411e6e6e2d541cf28963dab03566cc64bc5f42bb04bc83328457d2e54c619905
135,ord_dataset-1ec2807f02fa4beda27d2a81b86eb843:ord-1bb627fb66f04271a98a0e274c923279,ord_dataset-1ec2807f02fa4beda27d2a81b86eb843,858,39af840ace116a5b75036d4335b63edbeca34ed930f3927d6a03f98d675555f0
136,ord_dataset-1ec2807f02fa4beda27d2a81b86eb843:ord-1bc530123099402dbac1d1fee0a3d797,ord_dataset-1ec2807f02fa4beda27d2a81b86eb843,1127,f9796d49b6924a3b07173e22692b8f2eef525c5f6496aa8167f93494f6e970c0
137,ord_dataset-1ec2807f02fa4beda27d2a81b86eb843:ord-1bc5c4523fd8476f84400e7da9fda193,ord_dataset-1ec2807f02fa4beda27d2a81b86eb843,262,efa54a854af70462fead7d8619f95596cee6e05f40ec79a373fc886646c9b801
138,ord_dataset-1ec2807f02fa4beda27d2a81b86eb843:ord-1bc6793ecd104981ad09205cb19d9075,ord_dataset-1ec2807f02fa4beda27d2a81b86eb843,1015,317dd9f51f76943a0137bf3bc6d86f280067bbae648a090cecfd294e2bf37436
139,ord_dataset-1ec2807f02fa4beda27d2a81b86eb843:ord-1cc3b67ebc4c4581a3d68c0a25a153da,ord_dataset-1ec2807f02fa4beda27d2a81b86eb843,320,349ef8ef06ed52b7c6d7b5378139f1b4c3a8cac9ae16081a9979fd7f03ce91a0
140,ord_dataset-1ec2807f02fa4beda27d2a81b86eb843:ord-1cd6671b7b4d43c683602a65c5f8ace2,ord_dataset-1ec2807f02fa4beda27d2a81b86eb843,1122,f17118702154c9ac3957cdafd7eefa12dec648cba4a5edf5de6e95d8f515cc74
141,ord_dataset-1ec2807f02fa4beda27d2a81b86eb843:ord-1d41954c77714d1aab07cb5b87dcef2c,ord_dataset-1ec2807f02fa4beda27d2a81b86eb843,887,45f07ddca90d3363fff3c0d434acf6fa0448473703f334d88c0f638ebb53f0f1
142,ord_dataset-1ec2807f02fa4beda27d2a81b86eb843:ord-1d604bd7c12f4f3096ac1c3f4cf7628e,ord_dataset-1ec2807f02fa4beda27d2a81b86eb843,962,79f07c7cf162d83615dc5d079a4cd9fafeb7a5a79f1b45c2f6a9404ba5dfbfd4
143,ord_dataset-1ec2807f02fa4beda27d2a81b86eb843:ord-1dc5b5808d55465283e67764836a5cb9,ord_dataset-1ec2807f02fa4beda27d2a81b86eb843,663,897c594a604b3e276daf49920a1b170ee79cda5c26f11d6e70d478527fe5b6d7
144,ord_dataset-1ec2807f02fa4beda27d2a81b86eb843:ord-1dc8224c35c34726a2193efcae782849,ord_dataset-1ec2807f02fa4beda27d2a81b86eb843,1121,dfcc6447c54c6aac78e7818eb665b1cda3ad84924279f155cd35d5bd9d8504db
145,ord_dataset-1ec2807f02fa4beda27d2a81b86eb843:ord-1e09ab040ec2470299a9935106843bfa,ord_dataset-1ec2807f02fa4beda27d2a81b86eb843,434,c9b33e44566b0ef66843055529dfba9949e57093ad013a5649906cf9aac6366d
146,ord_dataset-1ec2807f02fa4beda27d2a81b86eb843:ord-1e697f960ad749b1b4f9d93fd6535044,ord_dataset-1ec2807f02fa4beda27d2a81b86eb843,1162,022a0a70f2fd0961b880da157daeaeb36370f9d87272f92570b9578f8628f203
147,ord_dataset-1ec2807f02fa4beda27d2a81b86eb843:ord-1ea3d1aa1313471ebce760c658bd6271,ord_dataset-1ec2807f02fa4beda27d2a81b86eb843,186,075c8c315ae72eacf1439ebdc632356ef68bc521ea2ef690446af99c807ccd99
148,ord_dataset-1ec2807f02fa4beda27d2a81b86eb843:ord-1eb0232fcdeb4b6f93296e70ab4baf93,ord_dataset-1ec2807f02fa4beda27d2a81b86eb843,393,4db7619e4ed18cd9d89a787b3218e1d989f14a78c1b8c21808224e6901832e2f
149,ord_dataset-1ec2807f02fa4beda27d2a81b86eb843:ord-1ec95c22493f4d38806283882061f9e1,ord_dataset-1ec2807f02fa4beda27d2a81b86eb843,343,68afd1a9763198ab99b9945d0c0db51ff1d8c7b35785b4a1e6b9d9567d0176b2
150,ord_dataset-1ec2807f02fa4beda27d2a81b86eb843:ord-1f1324f480c044b8a32f5a736b8838b6,ord_dataset-1ec2807f02fa4beda27d2a81b86eb843,221,f4a8595383fd49c7be740c3fbc00fbf2b3e3f7dc94321737d1b887614c130c68
151,ord_dataset-1ec2807f02fa4beda27d2a81b86eb843:ord-1f4501eb8d3d4e9582d88f34e00879ae,ord_dataset-1ec2807f02fa4beda27d2a81b86eb843,748,be24d0dc1d618d63465bae535f67635c2471d6ffb3960de9e77277e3bd02550a
152,ord_dataset-1ec2807f02fa4beda27d2a81b86eb843:ord-1f55fe12a0c84c179a6e7e000a9bc5b4,ord_dataset-1ec2807f02fa4beda27d2a81b86eb843,762,56fad3fd61ac71a06e893b76e8cef4de6466364903357bfa3629fdcc8fca5848
153,ord_dataset-1ec2807f02fa4beda27d2a81b86eb843:ord-1f81df1aa169443a89eddd332a42ac19,ord_dataset-1ec2807f02fa4beda27d2a81b86eb843,1033,24512ad084eefcc09d63e6e189e5a5f1aa8573d413f18586b735c46ed22cf880
154,ord_dataset-1ec2807f02fa4beda27d2a81b86eb843:ord-1f871b07d0df4d3cb66d2a233db8f2e0,ord_dataset-1ec2807f02fa4beda27d2a81b86eb843,860,69136c343d1536a8ee0e75935596f9fd2e4cd95da87483b0443b01503d3367ef
155,ord_dataset-1ec2807f02fa4beda27d2a81b86eb843:ord-1faf421d3f4b4161acbb7007f63d23e4,ord_dataset-1ec2807f02fa4beda27d2a81b86eb843,987,6c460390ed741bb0023a7539c4c38ad5a63e12b86c1716fc7c05a811ebcb8db8
156,ord_dataset-1ec2807f02fa4beda27d2a81b86eb843:ord-1fc99144a5d544b485dcb921877a7482,ord_dataset-1ec2807f02fa4beda27d2a81b86eb843,356,bd63001bdc3273bac08a3a929f8fa160d8fa5dde2ac7cf041fa2e03be667662c
157,ord_dataset-1ec2807f02fa4beda27d2a81b86eb843:ord-204057973e044968898cda87c96b92d1,ord_dataset-1ec2807f02fa4beda27d2a81b86eb843,1071,af5773fff9cfdba6548ecfd9531d7efd03ea59253219475d621849112cf8907a
158,ord_dataset-1ec2807f02fa4beda27d2a81b86eb843:ord-205f2fbf44ee4bd0ad3b2156687f05c6,ord_dataset-1ec2807f02fa4beda27d2a81b86eb843,1080,ba778c3ced8f25b088467ba828378de8fad16d4e6e89026e2c216366aae602f2
159,ord_dataset-1ec2807f02fa4beda27d2a81b86eb843:ord-208bdf1b7c644ffb82ee26c764473feb,ord_dataset-1ec2807f02fa4beda27d2a81b86eb843,569,1beb0cf61832c0a6715491d4c7a3d5165a3826c7f5168b26ecf481b14624f032
160,ord_dataset-1ec2807f02fa4beda27d2a81b86eb843:ord-20a63568116046eda02642b8cee2b0ec,ord_dataset-1ec2807f02fa4beda27d2a81b86eb843,103,ca09b567ec0ce52bc59cf6c55b6d54e308657d1930ca065326565386e9a26ca5
161,ord_dataset-1ec2807f02fa4beda27d2a81b86eb843:ord-2100fa7f0e8349779db1f2e642bcaadd,ord_dataset-1ec2807f02fa4beda27d2a81b86eb843,82,655ea6a5dc2edea2ce7eb75bb20254cc30794aeb4ac873daab4157c978c130e5
162,ord_dataset-1ec2807f02fa4beda27d2a81b86eb843:ord-21094e813eba460aa6ac051319e2d007,ord_dataset-1ec2807f02fa4beda27d2a81b86eb843,118,b331edd29e74021f14020d6721157f8630dd0b12f89354229729efb1dcc69e49
163,ord_dataset-1ec2807f02fa4beda27d2a81b86eb843:ord-211ecf2a71074471abb31296684626a1,ord_dataset-1ec2807f02fa4beda27d2a81b86eb843,256,79b12fc69a1c308ac69d637d93c01e7cf6cf6f0d365beff93c57dc2387e35951
164,ord_dataset-1ec2807f02fa4beda27d2a81b86eb843:ord-21892b40d0294b78ad0f11f820acde9f,ord_dataset-1ec2807f02fa4beda27d2a81b86eb843,1159,8403babb20a9844aff7f9513e71667a6cbf35e648af050527cd1b4284442a627
165,ord_dataset-1ec2807f02fa4beda27d2a81b86eb843:ord-21a244f2752442608d2b740d13a69b34,ord_dataset-1ec2807f02fa4beda27d2a81b86eb843,1170,1a7657137d11fdcce1d6990cdbc8ead4f67f5b12dd005319148af610a9878399
166,ord_dataset-1ec2807f02fa4beda27d2a81b86eb843:ord-21a8da6b4f9e4dee8ef05d139848ca6b,ord_dataset-1ec2807f02fa4beda27d2a81b86eb843,924,55d8f428d0792b6bf8488884ff9f77f5ef041df4392b197415be046a410f5d61
167,ord_dataset-1ec2807f02fa4beda27d2a81b86eb843:ord-21f17b3b080e44c3b0eca5cf98f470ed,ord_dataset-1ec2807f02fa4beda27d2a81b86eb843,1082,f5403edf5217f6410128b16c85edd585355eb8217755ae1bfc349554257d3e28
168,ord_dataset-1ec2807f02fa4beda27d2a81b86eb843:ord-225a77170f0a47d8a3656c2af4860d74,ord_dataset-1ec2807f02fa4beda27d2a81b86eb843,376,ff7af6af9c1a5ac73c11452c0cd6ac84cc7b1f3f652bead8b9fccc3df0eb7102
169,ord_dataset-1ec2807f02fa4beda27d2a81b86eb843:ord-228f3c47b4984972b7890d357fdd2a2d,ord_dataset-1ec2807f02fa4beda27d2a81b86eb843,1040,ab6a5a93800545041a404ae4ede502d1bd57501eaa1ae716c2d84ecc37fcc83d
170,ord_dataset-1ec2807f02fa4beda27d2a81b86eb843:ord-229461406b4c46a298a53c78711a87a4,ord_dataset-1ec2807f02fa4beda27d2a81b86eb843,1149,72808510b355902d2ead4e8131a163b8dcad6dc177d85d841f881a1f30addafa
171,ord_dataset-1ec2807f02fa4beda27d2a81b86eb843:ord-229e8e030d4e4a3882efebeaf2152924,ord_dataset-1ec2807f02fa4beda27d2a81b86eb843,7,91728875fbc7e4f75760759231d6866ae4f6bc3ffe063f424c2aa308c4a71463
172,ord_dataset-1ec2807f02fa4beda27d2a81b86eb843:ord-22ab8e7a6f7c4aff85c3f69a4d936142,ord_dataset-1ec2807f02fa4beda27d2a81b86eb843,403,aaf557b5301ab67465dcc1fbb12b1944385f12667c8cdb67f928b058a236d177
173,ord_dataset-1ec2807f02fa4beda27d2a81b86eb843:ord-22e751cd330f4241873d0831a0607969,ord_dataset-1ec2807f02fa4beda27d2a81b86eb843,151,b981af8d060ac36a8dd5b71c92caa9d1e95095c88a6bed6081d2907bd2cc1c45
174,ord_dataset-1ec2807f02fa4beda27d2a81b86eb843:ord-22f16c34fda8473fb95ec8cac52915dd,ord_dataset-1ec2807f02fa4beda27d2a81b86eb843,838,01181a651624eccacf1188d769c7b704cdc12857bfa75ab07a4be6432a109715
175,ord_dataset-1ec2807f02fa4beda27d2a81b86eb843:ord-235aa51bc00846e4aff34ca09845e51e,ord_dataset-1ec2807f02fa4beda27d2a81b86eb843,534,aa4e6c09b05bb1d0355df03a59254212b49d5342565c82abdde7f2f82562f67c
176,ord_dataset-1ec2807f02fa4beda27d2a81b86eb843:ord-2384fd02008142548fb906e8806d6b75,ord_dataset-1ec2807f02fa4beda27d2a81b86eb843,859,d7f085b6c505763bae0bc7a5064758ee04a3cae1a10937d0cf2a3e0d85d0d9c5
177,ord_dataset-1ec2807f02fa4beda27d2a81b86eb843:ord-2390957530d442d0bfb35c7182108c56,ord_dataset-1ec2807f02fa4beda27d2a81b86eb843,905,7e7cd276cedf9996ebb25c699899332fdc437c534ed18accf45510d6f64ba643
178,ord_dataset-1ec2807f02fa4beda27d2a81b86eb843:ord-245bb7e402414d6b9506ec715dc8ebff,ord_dataset-1ec2807f02fa4beda27d2a81b86eb843,752,7aeb0ed75d2fae50c9b176c6543bd60c97a642ebdd55cd5234085c0e0c291d44
179,ord_dataset-1ec2807f02fa4beda27d2a81b86eb843:ord-24fc7e1cd2044acf9e2ab9c751b4b31b,ord_dataset-1ec2807f02fa4beda27d2a81b86eb843,573,ac275901eb153083d1d830be574950e1d5a626e7fa5bad7d980642b7b9ca511a
180,ord_dataset-1ec2807f02fa4beda27d2a81b86eb843:ord-2515124e670c4b13baa9158b0f65ba1f,ord_dataset-1ec2807f02fa4beda27d2a81b86eb843,714,a4e988258b922a3a44f22e7026164af79785eafd55494460b78db3eae15c3245
181,ord_dataset-1ec2807f02fa4beda27d2a81b86eb843:ord-2516a9f2a3fc45348fe51c90b18b7bff,ord_dataset-1ec2807f02fa4beda27d2a81b86eb843,623,26658ea48951c8a308151a04fd220bc86b8e2b1c6125e48c67d52669f1e0fcf8
182,ord_dataset-1ec2807f02fa4beda27d2a81b86eb843:ord-2529cb47b3a8409292310361e0598102,ord_dataset-1ec2807f02fa4beda27d2a81b86eb843,1207,cb7adc777b895bf94c40fdd2ce8d06ca095d50883385dd3cb0b843c241aaad95
183,ord_dataset-1ec2807f02fa4beda27d2a81b86eb843:ord-252f26289cd541a8a84407278eb8401e,ord_dataset-1ec2807f02fa4beda27d2a81b86eb843,1083,d3b8c2a51f1d7e6a4fef45e25d16a176e0aebd9417429d74d62c9c5fc052cd64
184,ord_dataset-1ec2807f02fa4beda27d2a81b86eb843:ord-2537c0dea4e24c319324693345514fb6,ord_dataset-1ec2807f02fa4beda27d2a81b86eb843,733,b4660a264b3faedc27fd91e44f9d3f17dc93609953f0985f1740eb8f16bb3390
185,ord_dataset-1ec2807f02fa4beda27d2a81b86eb843:ord-25852bb0bac24c388aa2289befe56170,ord_dataset-1ec2807f02fa4beda27d2a81b86eb843,461,9b4c8c0dd0de6baedc08d21be03226e65b4dfdfe217c06a5bdd11336cb3fe262
186,ord_dataset-1ec2807f02fa4beda27d2a81b86eb843:ord-25ae3265b2e046aaa99c6a3dc5a7e2b7,ord_dataset-1ec2807f02fa4beda27d2a81b86eb843,656,20edfc239f67c30055ec7cedcd21d991bf77c38220e22170013c88c41b4f92b0
187,ord_dataset-1ec2807f02fa4beda27d2a81b86eb843:ord-25dbc530801d48bdb9a4256ca05abef9,ord_dataset-1ec2807f02fa4beda27d2a81b86eb843,676,a9ef1d15d3241f966023911e580a3ce6b01da6037f129a218a174348f6b97ff9
188,ord_dataset-1ec2807f02fa4beda27d2a81b86eb843:ord-266d8ae6943d467fb2bab597d9272dca,ord_dataset-1ec2807f02fa4beda27d2a81b86eb843,666,6c05c2e89f45390d81335533ceda3da1aa1aca5dc5057252174a5d6cf2b7a2a2
189,ord_dataset-1ec2807f02fa4beda27d2a81b86eb843:ord-268f99ee621d4955a67e589ce5f80842,ord_dataset-1ec2807f02fa4beda27d2a81b86eb843,1218,4c8bc8082a06320c405b06166954bd9041820baf2905ac5813e78afbc349f2d7
190,ord_dataset-1ec2807f02fa4beda27d2a81b86eb843:ord-26938a314aed4aa99beeaa1db0c68fc4,ord_dataset-1ec2807f02fa4beda27d2a81b86eb843,399,a41697cc924854858e171f7a0e812048cafe08e8bb303cbe9b532b5e5fd583d3
191,ord_dataset-1ec2807f02fa4beda27d2a81b86eb843:ord-26e0784f4ead4de9b468c95315a85201,ord_dataset-1ec2807f02fa4beda27d2a81b86eb843,921,f401a622004c6a98eb08272f2eb320808d17ab8c1c8c8d70da9fb2bc3a020620
192,ord_dataset-1ec2807f02fa4beda27d2a81b86eb843:ord-26ee953990a2443a9ce67ac05496e9ce,ord_dataset-1ec2807f02fa4beda27d2a81b86eb843,770,a71786d1fdff58018817319aeb8893f64f04b825d948b5fbcca4cb99ffc8dd4b
193,ord_dataset-1ec2807f02fa4beda27d2a81b86eb843:ord-26fdf0529c6a4761a0bc7eef27948e10,ord_dataset-1ec2807f02fa4beda27d2a81b86eb843,669,bcd51aa070e04bc3459a05b745d0d9bdd874fc89933193159eeb32433e88d531
194,ord_dataset-1ec2807f02fa4beda27d2a81b86eb843:ord-278b5ade5e79425d8e9797b44376ad8d,ord_dataset-1ec2807f02fa4beda27d2a81b86eb843,363,6632f6bc2f3f7f9e0e52468442f607f3319a0dd3fa6d2ab683fcbf2bedc6afd5
195,ord_dataset-1ec2807f02fa4beda27d2a81b86eb843:ord-27da8a3525154ee19902b46c961905f1,ord_dataset-1ec2807f02fa4beda27d2a81b86eb843,193,2484a814600d0538bdb0fe7bd165f4e9b224bd0299021079f2648d07d2ddcfee
196,ord_dataset-1ec2807f02fa4beda27d2a81b86eb843:ord-280ec3332a0046aeb3f490922ad24191,ord_dataset-1ec2807f02fa4beda27d2a81b86eb843,1023,d5beacad965a43fc388bdf540bd0eccdeae4a78e396de65a81c7b62ffe316fef
197,ord_dataset-1ec2807f02fa4beda27d2a81b86eb843:ord-283523e11af74613a2e0da9b3da6078c,ord_dataset-1ec2807f02fa4beda27d2a81b86eb843,845,1b1f7ef3da3e21488d253e3c674c7319bf7315f23d6b0696a97380d93de99b74
198,ord_dataset-1ec2807f02fa4beda27d2a81b86eb843:ord-285018451c6e426cb418c27ef1d1f89b,ord_dataset-1ec2807f02fa4beda27d2a81b86eb843,433,6482a450e8aa2b1f392b6e945e5c09473cf0658aef017dbd755f45f550fb6bcb
199,ord_dataset-1ec2807f02fa4beda27d2a81b86eb843:ord-285b4cfc4e564c27968e56a5ce1c290f,ord_dataset-1ec2807f02fa4beda27d2a81b86eb843,338,ea56a3696d38a85ede200d90b18e1dcb3071416bbdaf559084971eb9a20d7258
200,ord_dataset-1ec2807f02fa4beda27d2a81b86eb843:ord-28a9ea3c3da1448dae65831f44293650,ord_dataset-1ec2807f02fa4beda27d2a81b86eb843,1153,5ca5eded98ec4852c07ee8f7254b75f6828daf0f073f1c30d792e3e17f4129fe
201,ord_dataset-1ec2807f02fa4beda27d2a81b86eb843:ord-28c182a404dd457b93720f0a2ee01db2,ord_dataset-1ec2807f02fa4beda27d2a81b86eb843,115,9e3f16c31a6f4a0ebadd2742ece480050d0f62cf5f7a1b4cfb3ffc87d7bd3273
202,ord_dataset-1ec2807f02fa4beda27d2a81b86eb843:ord-28d303745d5e4f75be6c9d5c65f068a7,ord_dataset-1ec2807f02fa4beda27d2a81b86eb843,955,9dd48c12e922a4b9c0d8746945f03ae7d649f9402809ab4ea976031734d2a8a3
203,ord_dataset-1ec2807f02fa4beda27d2a81b86eb843:ord-28d6615b0fd1419584c8c9e57615a732,ord_dataset-1ec2807f02fa4beda27d2a81b86eb843,896,139b028ecb262ef70857be137c0c78f82ce21d265bcf77949684fda963c7aa3a
204,ord_dataset-1ec2807f02fa4beda27d2a81b86eb843:ord-28e14f960c81494c901318c9040ed83d,ord_dataset-1ec2807f02fa4beda27d2a81b86eb843,340,0fb31f205d8df8a9a3d99d0eac646c238554897e48f8c0b66586c0e8f6428131
205,ord_dataset-1ec2807f02fa4beda27d2a81b86eb843:ord-2902bf8730cf4812b404f17a2d171cd4,ord_dataset-1ec2807f02fa4beda27d2a81b86eb843,754,b29dd359c65717e8a01e458dfc689b24b6030e4a3d0ea6853d3dc60b8561f222
206,ord_dataset-1ec2807f02fa4beda27d2a81b86eb843:ord-29617a2ba44a433396a11854a0e5bb5f,ord_dataset-1ec2807f02fa4beda27d2a81b86eb843,878,6b3ab81cd0de7652ae40553d7ff64d505b72041f14294db84d4a2f99adddd1cd
207,ord_dataset-1ec2807f02fa4beda27d2a81b86eb843:ord-29e5992767fa497090747f8cd6ef342b,ord_dataset-1ec2807f02fa4beda27d2a81b86eb843,553,b12df5c4cca4702321bd999873f2a688d4adb45c83fc8a95627d7f27683a9d1b
208,ord_dataset-1ec2807f02fa4beda27d2a81b86eb843:ord-2a1f6a6ed94f495fbcc5f0642372a608,ord_dataset-1ec2807f02fa4beda27d2a81b86eb843,80,0036cd4b515cb41b8e954b1c2291d214264db66236506cb0d615931b2bac9d02
209,ord_dataset-1ec2807f02fa4beda27d2a81b86eb843:ord-2a21f7cce680448db6fd419c5dbbc71e,ord_dataset-1ec2807f02fa4beda27d2a81b86eb843,367,8edfe6c54b04d731878644db44ee2a2a7151f8f2549921431bbc2789a6c4d610
210,ord_dataset-1ec2807f02fa4beda27d2a81b86eb843:ord-2a275dfc888a4ed7b673d236cbb9aadf,ord_dataset-1ec2807f02fa4beda27d2a81b86eb843,645,4ddf61c65b036cb4076b51583244c6a4f431b9e24d29bbec3311bfcccfd3d9e1
211,ord_dataset-1ec2807f02fa4beda27d2a81b86eb843:ord-2a54c5efae8e4bbb92597db581e039c1,ord_dataset-1ec2807f02fa4beda27d2a81b86eb843,707,9f8117172e0506ebb451664608fa0863c6e9aaeb4dc118a009824fcdc2debf3f
212,ord_dataset-1ec2807f02fa4beda27d2a81b86eb843:ord-2a7048758b6c4f21b423d70a42c56e26,ord_dataset-1ec2807f02fa4beda27d2a81b86eb843,903,6df64d297b56e39d399eea63b07b0f3ee929fa63dfe75fc797934dc3036edaa0
213,ord_dataset-1ec2807f02fa4beda27d2a81b86eb843:ord-2a9e9c05e0dd400aa4ac3107934a6fc3,ord_dataset-1ec2807f02fa4beda27d2a81b86eb843,329,21435be86077809404d67a453f439142e5d0a9424a75d4c640b6f6fef1d097f8
214,ord_dataset-1ec2807f02fa4beda27d2a81b86eb843:ord-2ace604f2a004ae5bff229e6a5620e80,ord_dataset-1ec2807f02fa4beda27d2a81b86eb843,880,6d8cb2a41e3adc5fe84c10c37250527994fce41e57dad28ebcb462c61f43df27
215,ord_dataset-1ec2807f02fa4beda27d2a81b86eb843:ord-2aefcf513662458b9b40e72a86e1d262,ord_dataset-1ec2807f02fa4beda27d2a81b86eb843,1060,20b3f7813828518dd50f5b31bc86de575b646867f14d052620bf44b098b275cc
216,ord_dataset-1ec2807f02fa4beda27d2a81b86eb843:ord-2b3d026ccd4f4b788bda83f1ac8bde0f,ord_dataset-1ec2807f02fa4beda27d2a81b86eb843,509,96a1753ca0ec1df1a3edaf537ebd475d4a973855913ce5eeb5e7c4845a2d13c1
217,ord_dataset-1ec2807f02fa4beda27d2a81b86eb843:ord-2bd34928bb7e46889797cd9d7e2187c3,ord_dataset-1ec2807f02fa4beda27d2a81b86eb843,176,221a82286b2c49b7c2e1950ce0a59e79f0f7005b634c93598fe8730c39de9e43
218,ord_dataset-1ec2807f02fa4beda27d2a81b86eb843:ord-2bed426b32f64cbe9bb316611b44e4dd,ord_dataset-1ec2807f02fa4beda27d2a81b86eb843,763,6cda16d42f1938dc4c7c01f7f96669df5f60c3b7e3fec95acc7fe30bca6e0be1
219,ord_dataset-1ec2807f02fa4beda27d2a81b86eb843:ord-2bff738ac8724d54861117711c51ed8c,ord_dataset-1ec2807f02fa4beda27d2a81b86eb843,546,c4accf0130f60fe1b103b5fd3a3904a24a09864a270bbeb1e74dfa572253e6d1
220,ord_dataset-1ec2807f02fa4beda27d2a81b86eb843:ord-2c394124b8714e179352ae9c2d9944c6,ord_dataset-1ec2807f02fa4beda27d2a81b86eb843,552,c14696b6ec58d1f73a1de6ca9fa0a5bf3f0ef213d44eadec57788b1aebd6f1fd
221,ord_dataset-1ec2807f02fa4beda27d2a81b86eb843:ord-2c436f153b7e4ab5b84e68fabea1305b,ord_dataset-1ec2807f02fa4beda27d2a81b86eb843,791,f61ee245552ef804fc9c20f6c6eb0a18311452c1328393b0e604e17889ae6a58
222,ord_dataset-1ec2807f02fa4beda27d2a81b86eb843:ord-2c6a2e9254e04617b418f6e7ffa8dbe5,ord_dataset-1ec2807f02fa4beda27d2a81b86eb843,1186,1bf9cb96e16a90a8a4e9d6bd6df162fcb2f0146a7f701ece1e0df0ca31b5a708
223,ord_dataset-1ec2807f02fa4beda27d2a81b86eb843:ord-2c8e178943c242c78f78973f44af095d,ord_dataset-1ec2807f02fa4beda27d2a81b86eb843,466,73a4d025899083b4e8cf3f58d1af3be23b1466053be9092f21ba6a742124b196
224,ord_dataset-1ec2807f02fa4beda27d2a81b86eb843:ord-2cba15547216457fa8bbe77cabef984f,ord_dataset-1ec2807f02fa4beda27d2a81b86eb843,1005,5094929583e19c4d7122ddb0e61494ced59f27193198437afa022ab58e8d8c4e
225,ord_dataset-1ec2807f02fa4beda27d2a81b86eb843:ord-2ccebda9e64f4dfcb689b495b0191b46,ord_dataset-1ec2807f02fa4beda27d2a81b86eb843,298,558ba59b75bbf1910e2a6e9e1905c3e97bb1711d7d92e2dfb23053159c774002
226,ord_dataset-1ec2807f02fa4beda27d2a81b86eb843:ord-2cda30e8698c4a389b321e33519020b8,ord_dataset-1ec2807f02fa4beda27d2a81b86eb843,803,c5dd6eb09d87bc846ba759392cf2e827f037a66abd4c4f620d3c47ae9dc64b0c
227,ord_dataset-1ec2807f02fa4beda27d2a81b86eb843:ord-2ce6362db53345608a480dab887996c6,ord_dataset-1ec2807f02fa4beda27d2a81b86eb843,692,9b537ae1eafd7d3ad6f1f42e7a0402eda3c71eb54b3d29669582489204124b67
228,ord_dataset-1ec2807f02fa4beda27d2a81b86eb843:ord-2d135284e9c24e9086d621065c414fc4,ord_dataset-1ec2807f02fa4beda27d2a81b86eb843,1143,186eac61477f0c7a6306411a3211c4f2b5ebe8730561ea12306cd93664328888
229,ord_dataset-1ec2807f02fa4beda27d2a81b86eb843:ord-2d1831ce478b4b8996a86788df651fab,ord_dataset-1ec2807f02fa4beda27d2a81b86eb843,684,1e4c6a9cabb1f36233dfb92b001dbb716b6b7c3d0e705bf5d595e58d2ffd158c
230,ord_dataset-1ec2807f02fa4beda27d2a81b86eb843:ord-2d376cc61b744bd79216a1673142fd0f,ord_dataset-1ec2807f02fa4beda27d2a81b86eb843,13,15b56bb79c8f0af5b86a2b1514e019e88c0d0ee03832c66ae4ca466e68d4da9d
231,ord_dataset-1ec2807f02fa4beda27d2a81b86eb843:ord-2d52d03743fb47f29503ee8ac7a427aa,ord_dataset-1ec2807f02fa4beda27d2a81b86eb843,1100,8eb2fceaa154553e46425fd464654f58767912375c6cbe6311c8100330af5ab6
232,ord_dataset-1ec2807f02fa4beda27d2a81b86eb843:ord-2d79834367f4455c97ad07e40d9221d7,ord_dataset-1ec2807f02fa4beda27d2a81b86eb843,297,66f42f6d85b2cce8265542e21727a0f1000ac4e8de71b789360b756b5ee61d7e
233,ord_dataset-1ec2807f02fa4beda27d2a81b86eb843:ord-2dea63faf83747ce82a86700edc02b41,ord_dataset-1ec2807f02fa4beda27d2a81b86eb843,173,6e30f531524341aabe993516c29a2554842596170dcd01b5632ce344aeaa13f2
234,ord_dataset-1ec2807f02fa4beda27d2a81b86eb843:ord-2e384c5e35d342a58d35b09be13ccdd3,ord_dataset-1ec2807f02fa4beda27d2a81b86eb843,595,e1346d1275a5dc2e88245a5b5335604d157bc8a909cb605caa1bfd63ec1948f6
235,ord_dataset-1ec2807f02fa4beda27d2a81b86eb843:ord-2e9f525e339b44b0a319201feb977d7a,ord_dataset-1ec2807f02fa4beda27d2a81b86eb843,1024,240d8aeeeaf66a38686cd5b6af5712dccaa8d657c3bbaca67968cc2af53be43f
236,ord_dataset-1ec2807f02fa4beda27d2a81b86eb843:ord-2ed211ba1ddb497fab84f4075447d33a,ord_dataset-1ec2807f02fa4beda27d2a81b86eb843,1068,723c37197b568246a2900abd0e0d587f9866a5d0b17b61e16c0bd07c2a3863dc
237,ord_dataset-1ec2807f02fa4beda27d2a81b86eb843:ord-2edc8e28c44247019e1a68253be7134f,ord_dataset-1ec2807f02fa4beda27d2a81b86eb843,696,1220598ce5d4ac434e35eb1baf3b62f1828b3c8b444e2aa332c6860a041d8f9d
238,ord_dataset-1ec2807f02fa4beda27d2a81b86eb843:ord-2ee951ede5da4b8fb0bf127c671c0718,ord_dataset-1ec2807f02fa4beda27d2a81b86eb843,602,ced9886797cf0b7e0c98f7134fa5c320fdbd3b5f6871b20fef4b7c968098ddb3
239,ord_dataset-1ec2807f02fa4beda27d2a81b86eb843:ord-2efce2833835452c875f0f07e8910284,ord_dataset-1ec2807f02fa4beda27d2a81b86eb843,92,7acde47be8e50f0bfe143cf6df5ee776507d2cc2bbaf825f99d5fe6c9eeffb82
240,ord_dataset-1ec2807f02fa4beda27d2a81b86eb843:ord-2f153b64b987470cb883ccf32279c053,ord_dataset-1ec2807f02fa4beda27d2a81b86eb843,1184,face424235cddf59cba5a26f088120353d4eb3aace1181fd5a356acd525ff93f
241,ord_dataset-1ec2807f02fa4beda27d2a81b86eb843:ord-2f47bbb8b174409eb3d0be18ebf1b4c2,ord_dataset-1ec2807f02fa4beda27d2a81b86eb843,812,cac35b3759010b21ea333832b3710f986bc996f4bba193c60bc0209daaeaec65
242,ord_dataset-1ec2807f02fa4beda27d2a81b86eb843:ord-2f50563971fe41f2ad2e10f791faac8e,ord_dataset-1ec2807f02fa4beda27d2a81b86eb843,861,e6a4988e30cb75c16bda0a8a1aacf40ac861c36779fb248051aa45ad884292ae
243,ord_dataset-1ec2807f02fa4beda27d2a81b86eb843:ord-2f6b44b9239a490493c6f42cff3c60db,ord_dataset-1ec2807f02fa4beda27d2a81b86eb843,496,5f3d516aeaa55daa6ece842ba357cbf51bb2aa48a822f2846cdc892754eb04b9
244,ord_dataset-1ec2807f02fa4beda27d2a81b86eb843:ord-2f82f7c044c74ad9b0c70a63771729ac,ord_dataset-1ec2807f02fa4beda27d2a81b86eb843,615,e3cd1bfdd449114dc6686676075b0408c0820c25c5c71889b70bfd0f92bb01b3
245,ord_dataset-1ec2807f02fa4beda27d2a81b86eb843:ord-2f9609fd6e3341979c835c03aad5a40f,ord_dataset-1ec2807f02fa4beda27d2a81b86eb843,1069,128961054cac507a2d685b3450f8315ed085ff12ae77fccdc72d04f0c8668c9b
246,ord_dataset-1ec2807f02fa4beda27d2a81b86eb843:ord-2fa08c5b68dc4fcc94459a38dbb94b88,ord_dataset-1ec2807f02fa4beda27d2a81b86eb843,384,436c664cd13279d4392798a14d233f3764c201f34e1105a26070740b74e13220
247,ord_dataset-1ec2807f02fa4beda27d2a81b86eb843:ord-2fad6662f9dd4369b8d8e757ad4980d1,ord_dataset-1ec2807f02fa4beda27d2a81b86eb843,769,070fe73c23f15d0d2fb830bf29fd526442a6927159995657d70e5e72a6b5d10c
248,ord_dataset-1ec2807f02fa4beda27d2a81b86eb843:ord-2fceeedc57b6437ba2ab5f07d39663aa,ord_dataset-1ec2807f02fa4beda27d2a81b86eb843,131,0c3e57b3881212aa20d24b80e7fc28529e686a58a36e3c730b6912146fd48c05
249,ord_dataset-1ec2807f02fa4beda27d2a81b86eb843:ord-308c17f73ada45599b061aa67d814bbb,ord_dataset-1ec2807f02fa4beda27d2a81b86eb843,1056,219ffceaa4908104f1126e7bbaef1e1348ae25b678fa9a60af2404a3dc3ae6b6
250,ord_dataset-1ec2807f02fa4beda27d2a81b86eb843:ord-31759c19d04e446e8988f6937f864792,ord_dataset-1ec2807f02fa4beda27d2a81b86eb843,52,f4cdd47f06f32000222acbfd538a4434363649988fdc746c75e50d4e3ba45000
251,ord_dataset-1ec2807f02fa4beda27d2a81b86eb843:ord-317ecd68d9de4b4d8d1a30713cca12a3,ord_dataset-1ec2807f02fa4beda27d2a81b86eb843,382,5c087923ff7ad95a0ee80274ea87e342f6f0d97a2f60407b14b7733d88658abf
252,ord_dataset-1ec2807f02fa4beda27d2a81b86eb843:ord-3211a0ee4f774b618ef34b5aed6c0eb0,ord_dataset-1ec2807f02fa4beda27d2a81b86eb843,394,cc35b5a020773d56afca8e9ea164bcc7d544631884230e11d08adb0b374b8717
253,ord_dataset-1ec2807f02fa4beda27d2a81b86eb843:ord-325a73769a9743c4907bb2fdb4aac4b1,ord_dataset-1ec2807f02fa4beda27d2a81b86eb843,939,26cb2310ce6a3953ff5a3bb5075e602bbc815f1223ed814ab97af3d06818197c
254,ord_dataset-1ec2807f02fa4beda27d2a81b86eb843:ord-32df0ae0fe2543bead62e6df5ec523c9,ord_dataset-1ec2807f02fa4beda27d2a81b86eb843,806,f14db00e15b33d99ac7b641ccb18b88ad89aa00c18be3289ada795672d28139a
255,ord_dataset-1ec2807f02fa4beda27d2a81b86eb843:ord-3318a1d8de9a430db8d686ebf3dd7b44,ord_dataset-1ec2807f02fa4beda27d2a81b86eb843,98,6b26e22bde1757dc39b4f61afb11a8eacf88ebb52b57ba88c02488b5a50b7e9c
256,ord_dataset-1ec2807f02fa4beda27d2a81b86eb843:ord-331fd21bdfdc43549f8ec1b748d36f82,ord_dataset-1ec2807f02fa4beda27d2a81b86eb843,686,56bc86c6bf98057630f6453e5b32c69752b3d665f0f793fb6110002fd84e690c
257,ord_dataset-1ec2807f02fa4beda27d2a81b86eb843:ord-33212d821a7b46149d21ce3a60e9606c,ord_dataset-1ec2807f02fa4beda27d2a81b86eb843,431,a2df02817d3d35802c0b603133ab7377322023aec5629af4d00f293fa7dc8a2f
258,ord_dataset-1ec2807f02fa4beda27d2a81b86eb843:ord-3322a068a1e5446dae80fe9b4e8e6335,ord_dataset-1ec2807f02fa4beda27d2a81b86eb843,1081,897380590e8d92bac2792b865aa3a9b1aeb87c014c8e64dbefaa5b2bbc0f567e
259,ord_dataset-1ec2807f02fa4beda27d2a81b86eb843:ord-3324a6684bf74c63a99bd7037267bc1a,ord_dataset-1ec2807f02fa4beda27d2a81b86eb843,764,a7ea93e1d2146c713093682a4873c3113239087237bdcf598901e8023ee85dc3
260,ord_dataset-1ec2807f02fa4beda27d2a81b86eb843:ord-334c743350e745dd9fc9c81996fb1f56,ord_dataset-1ec2807f02fa4beda27d2a81b86eb843,48,6b035b46bbc6e6de943a0b9737e5bcb7778151b3c707906011d4c2f0ee5e7dea
261,ord_dataset-1ec2807f02fa4beda27d2a81b86eb843:ord-33658d5d286f46d98e20794404f483e9,ord_dataset-1ec2807f02fa4beda27d2a81b86eb843,438,cc864f5c7057b107c92a7bdae70bdb4d708dc1c8909e8cc478a1e89835795511
262,ord_dataset-1ec2807f02fa4beda27d2a81b86eb843:ord-3372959e28344880ae2f69f988a6b35e,ord_dataset-1ec2807f02fa4beda27d2a81b86eb843,307,3962dc057fdcca6b78fc7d393241d2df35fae1982e485e8663db90cb62b3aec6
263,ord_dataset-1ec2807f02fa4beda27d2a81b86eb843:ord-337fb8b9d9744defa085453fbac0458b,ord_dataset-1ec2807f02fa4beda27d2a81b86eb843,330,82eabf507c660b4965eed9e35089f8db784a09110b6197b43b721313cdd9c8cd
264,ord_dataset-1ec2807f02fa4beda27d2a81b86eb843:ord-33ffbb475d1e4195af5ff8798bcf0750,ord_dataset-1ec2807f02fa4beda27d2a81b86eb843,104,3acaf98c434076df20c4d4fa1cd44c0694b6cdcdc9f60cff6c11b19c63affc4b
265,ord_dataset-1ec2807f02fa4beda27d2a81b86eb843:ord-343017fe54a54af496a8056cd6d4f9d6,ord_dataset-1ec2807f02fa4beda27d2a81b86eb843,1076,fe0415494f500fb62d09778a39d938e17ae222e55cd034c1bc043d838d099011
266,ord_dataset-1ec2807f02fa4beda27d2a81b86eb843:ord-3435821c47aa4f8a8bc0a34ecf98fe68,ord_dataset-1ec2807f02fa4beda27d2a81b86eb843,89,2a0d28839856beb4e2f5e948213d57ef33c5cb494d43411ab0b536dad4e4dbd3
267,ord_dataset-1ec2807f02fa4beda27d2a81b86eb843:ord-34700266b9f34386b849d9e1f037d50d,ord_dataset-1ec2807f02fa4beda27d2a81b86eb843,436,9c990941fe4db8f0388a3dc50833aefa0cafee932f0e592ffcf2217db720b9d8
268,ord_dataset-1ec2807f02fa4beda27d2a81b86eb843:ord-34be1ebb29784139bfcd33e425340529,ord_dataset-1ec2807f02fa4beda27d2a81b86eb843,665,7850924d0d2151ac2870c63c2f50f7dc805549f5aa694fdca721efa15ca393fa
269,ord_dataset-1ec2807f02fa4beda27d2a81b86eb843:ord-34c68affa1f049ea86d232f62b175a49,ord_dataset-1ec2807f02fa4beda27d2a81b86eb843,650,cc6e17f3a7583a99d6b56e1b3b885fc30fc0740cbf33da39c3e4790f4ce993c0
270,ord_dataset-1ec2807f02fa4beda27d2a81b86eb843:ord-350f6bba0063476a96fca85bc09b3aca,ord_dataset-1ec2807f02fa4beda27d2a81b86eb843,8,246508efb3cbabb048c4702103af4cec6f8d3d3dbba58c4e4437b7044b1b92f4
271,ord_dataset-1ec2807f02fa4beda27d2a81b86eb843:ord-35101162058748eea449de23dfd9cdad,ord_dataset-1ec2807f02fa4beda27d2a81b86eb843,430,61f84ba1b26137123934b0dc08752856d6363bbcd552ee1ed38d46821bdb942d
272,ord_dataset-1ec2807f02fa4beda27d2a81b86eb843:ord-3514331f0b84421aaddea62afb424c71,ord_dataset-1ec2807f02fa4beda27d2a81b86eb843,980,04a9d02f4b7b74f1bac87350f509ac8c2a1aafaaab97402c93e335fcdb972f0d
273,ord_dataset-1ec2807f02fa4beda27d2a81b86eb843:ord-353351afbd8c4cb19257a23d8c4ea205,ord_dataset-1ec2807f02fa4beda27d2a81b86eb843,1051,eac1d688a78b735d036f05c3ca5799705f158045f8a0988082d32e918a62c988
274,ord_dataset-1ec2807f02fa4beda27d2a81b86eb843:ord-35dcd0d8610241d4bdc31d590d397d1e,ord_dataset-1ec2807f02fa4beda27d2a81b86eb843,72,1769996607f40140b0ac0dab3a043572b641380d8c4179784c4375ddce59b12d
275,ord_dataset-1ec2807f02fa4beda27d2a81b86eb843:ord-3615375d013c4f55946ebdf9f6f6567d,ord_dataset-1ec2807f02fa4beda27d2a81b86eb843,973,e412429ffc8d4d82f283461bb616c1e18ac4a1db930df447e34100f6d2b1df42
276,ord_dataset-1ec2807f02fa4beda27d2a81b86eb843:ord-36c8ee80e0314955b4220af0209ed5eb,ord_dataset-1ec2807f02fa4beda27d2a81b86eb843,190,bade83849ef5f8c76382b532f59f083587331e49f0af2d05bca61dad99f20182
277,ord_dataset-1ec2807f02fa4beda27d2a81b86eb843:ord-3708fd6eb5174ba98c6e4eced107fddd,ord_dataset-1ec2807f02fa4beda27d2a81b86eb843,818,b1e2bbb321ca1da6a36b111584f2b560e4df7b235cfbd7e0c0d73acec4007b62
278,ord_dataset-1ec2807f02fa4beda27d2a81b86eb843:ord-3736f6bf35a3473c8433ce05055ea912,ord_dataset-1ec2807f02fa4beda27d2a81b86eb843,555,e596ff75c05b4a34fc76934f61f52e333b75593ecb376e5883ddddd72f900672
279,ord_dataset-1ec2807f02fa4beda27d2a81b86eb843:ord-373e8798a0454194b35e49cfadcf7a47,ord_dataset-1ec2807f02fa4beda27d2a81b86eb843,227,f5eed2708043a37c68470fef054bbbb71c7eee5107616fcf2e2689479991af8a
280,ord_dataset-1ec2807f02fa4beda27d2a81b86eb843:ord-378e6f156c704f46bf95ea13e6ce4a87,ord_dataset-1ec2807f02fa4beda27d2a81b86eb843,942,bbc83c46ebc59c86ce2040a4fb4fe1eccc2a316eb9d8f6ae0fba69f711bd56b7
281,ord_dataset-1ec2807f02fa4beda27d2a81b86eb843:ord-37998f281e3e40ea951719d8610b47a5,ord_dataset-1ec2807f02fa4beda27d2a81b86eb843,1049,868ce98ded3ee8957edff94c4252af7870ba143644b900adfbe8442277380cbe
282,ord_dataset-1ec2807f02fa4beda27d2a81b86eb843:ord-37adfaddd73e4119838601a91e9e8e76,ord_dataset-1ec2807f02fa4beda27d2a81b86eb843,418,537552979074ff868b1160f12e89031ed7913d65cb0bf47e2f6b921a4c216299
283,ord_dataset-1ec2807f02fa4beda27d2a81b86eb843:ord-37be84f804534c48962d768a59ad2043,ord_dataset-1ec2807f02fa4beda27d2a81b86eb843,718,aaa7e9f429252a8bdefb99d7019eab59f8e3eee3c63e5098645fc5220a1572dd
284,ord_dataset-1ec2807f02fa4beda27d2a81b86eb843:ord-37bfcc0089a946e79c8edded0d070528,ord_dataset-1ec2807f02fa4beda27d2a81b86eb843,729,e020daa71fd2b1c2bc39f9682fb73f3b71649e4adc2e156912350bca49a62569
285,ord_dataset-1ec2807f02fa4beda27d2a81b86eb843:ord-37c545239b4941319168e0d55b173ea1,ord_dataset-1ec2807f02fa4beda27d2a81b86eb843,1175,3480559bc9868a8c2e77f41dda08c3d849a3c8a4a1850e1b01d32ca80f8057fa
286,ord_dataset-1ec2807f02fa4beda27d2a81b86eb843:ord-37d0ca8694e34adfbe7d19e4efdcc7e0,ord_dataset-1ec2807f02fa4beda27d2a81b86eb843,513,e49475d7177bdfa325882fa5b891d75d8fd72898c184236ab29b6a90eda15694
287,ord_dataset-1ec2807f02fa4beda27d2a81b86eb843:ord-37f9024daeed4cf8bbdc4bd7428488f9,ord_dataset-1ec2807f02fa4beda27d2a81b86eb843,452,6ccf99284d0abcd4878f57d65c18b194a9d68772ce7e046a61811cb37d13530f
288,ord_dataset-1ec2807f02fa4beda27d2a81b86eb843:ord-38091c03678842c2928311528001412c,ord_dataset-1ec2807f02fa4beda27d2a81b86eb843,1141,25204af113eda019d92c013515815e88bf0ebcffdd2af9e32253165d869c3bd6
289,ord_dataset-1ec2807f02fa4beda27d2a81b86eb843:ord-380d725c78744e599a6a0af4cd993b5a,ord_dataset-1ec2807f02fa4beda27d2a81b86eb843,909,ebc4040e2228140e408f0156f21bb3db96fc853035a0db1a945617bc105fbfcf
290,ord_dataset-1ec2807f02fa4beda27d2a81b86eb843:ord-38166b8fba5c402f9184dc16d903bb77,ord_dataset-1ec2807f02fa4beda27d2a81b86eb843,722,797ebb767bea1f984e267fb61cc51fee10e5db631b4bd0298c815fa6191911d8
291,ord_dataset-1ec2807f02fa4beda27d2a81b86eb843:ord-3826a636050c4a4bb620323848165dcd,ord_dataset-1ec2807f02fa4beda27d2a81b86eb843,1144,f196507779662842782ad29df588374c2bf1347599ee9ccea37739dd29146740
292,ord_dataset-1ec2807f02fa4beda27d2a81b86eb843:ord-3831e2c8283343b6a47649637e96d72e,ord_dataset-1ec2807f02fa4beda27d2a81b86eb843,596,91991b6bfddceedfd541f7fd73ad6b22dafff239f6a9fe3a8e67e86be5ddd91f
293,ord_dataset-1ec2807f02fa4beda27d2a81b86eb843:ord-38714ab125aa46cbb91dcb49cae5e2b7,ord_dataset-1ec2807f02fa4beda27d2a81b86eb843,672,ed427793115abd0e6ef140cc1ec9fdf7ae59ca54eab6c244cc7e42fe6616a757
294,ord_dataset-1ec2807f02fa4beda27d2a81b86eb843:ord-38c0bf5b5e10471f8c293367edf857ad,ord_dataset-1ec2807f02fa4beda27d2a81b86eb843,514,75fd9faf3b6a1668970feb7e61304e2789a1dc19be1cf65c811a366e4fb2846b
295,ord_dataset-1ec2807f02fa4beda27d2a81b86eb843:ord-38f08b352f5c435e824a1e53e4adfd48,ord_dataset-1ec2807f02fa4beda27d2a81b86eb843,144,2ac265e84682a6f3adbaee6f3bb902abcc29f98e8b8437f707eb51c9874beb87
296,ord_dataset-1ec2807f02fa4beda27d2a81b86eb843:ord-38f22edbd4ce46209a1ba870be21179f,ord_dataset-1ec2807f02fa4beda27d2a81b86eb843,6,a865ee372cc369315721686b2a540dc938a5c53ce6a83d36c6862b4501ac9d25
297,ord_dataset-1ec2807f02fa4beda27d2a81b86eb843:ord-39280840f04e44dfb1e1a4ce085b092f,ord_dataset-1ec2807f02fa4beda27d2a81b86eb843,826,333b86cced16b04de263bfa419c433cbcbdb53c6dd6b337e8d137324ecb76bfd
298,ord_dataset-1ec2807f02fa4beda27d2a81b86eb843:ord-397dcd338fd543e6a34ccd3397a84818,ord_dataset-1ec2807f02fa4beda27d2a81b86eb843,359,6520bd8dc520f006c9160761b98319bbe5ca76a2790ee76f998631ead232cc4b
299,ord_dataset-1ec2807f02fa4beda27d2a81b86eb843:ord-39ac33fdd34c4485ae192a758c5c5d56,ord_dataset-1ec2807f02fa4beda27d2a81b86eb843,230,ff6f911bef029cf54f7f76dfca194213e5f501f83b941e889441bc84071ab06c
300,ord_dataset-1ec2807f02fa4beda27d2a81b86eb843:ord-39cc4236847841ddaf4490ac8ee98296,ord_dataset-1ec2807f02fa4beda27d2a81b86eb843,4,3a7739b46914b8595071ae65648627c9f98b1d66caf23d4fdb92a475c6b9e9f4
301,ord_dataset-1ec2807f02fa4beda27d2a81b86eb843:ord-39fca0de323c4b259b9df06f4910bc17,ord_dataset-1ec2807f02fa4beda27d2a81b86eb843,204,a8c629c71963611f139b81d232479f0d58c5f165553b0239d7bcc71b9640c40e
302,ord_dataset-1ec2807f02fa4beda27d2a81b86eb843:ord-3a589bf5bf7245499e8496191a848942,ord_dataset-1ec2807f02fa4beda27d2a81b86eb843,667,662445850253d48f7d380bc54919c5cc16ee74a2b08bf20a9b0c4dcdbea651ff
303,ord_dataset-1ec2807f02fa4beda27d2a81b86eb843:ord-3b4981991c97446888661f4b7d656a24,ord_dataset-1ec2807f02fa4beda27d2a81b86eb843,1074,7326cdc91644f6d1dfe7384f84966c8dc2568d6b5499fcf47ee9fc5d08e3327b
304,ord_dataset-1ec2807f02fa4beda27d2a81b86eb843:ord-3c076206767741bdb781d97e74df0651,ord_dataset-1ec2807f02fa4beda27d2a81b86eb843,1165,eca66fe315c4c76de3e3188cf22d6aa627f09934f125388083a214b675e1b592
305,ord_dataset-1ec2807f02fa4beda27d2a81b86eb843:ord-3c45622202cf48b08609f8a92c74753e,ord_dataset-1ec2807f02fa4beda27d2a81b86eb843,250,796d266b8d970db4deca8c7f464dbe746c78b1ef3a3a0858792ef8f72184d441
306,ord_dataset-1ec2807f02fa4beda27d2a81b86eb843:ord-3c80b151f71d4077aa08fe7586e5aa8d,ord_dataset-1ec2807f02fa4beda27d2a81b86eb843,274,1e8febc5fca6f4f86e0530f50c810da7979957483a30fe18df43821ba1a6ac0a
307,ord_dataset-1ec2807f02fa4beda27d2a81b86eb843:ord-3cbd902e26094639bb12ea1d4b3b24f2,ord_dataset-1ec2807f02fa4beda27d2a81b86eb843,489,d957001dc050406930eb61423a94eb82ee23e061e2e95e62ae702884bf0f2251
308,ord_dataset-1ec2807f02fa4beda27d2a81b86eb843:ord-3cc621102b97467fac7f944484b67815,ord_dataset-1ec2807f02fa4beda27d2a81b86eb843,711,1a2b0f219dcfb2706a922d25bc395043b2f4fe8273747976ce64675835474c19
309,ord_dataset-1ec2807f02fa4beda27d2a81b86eb843:ord-3cd65ea99f3d4416a8534a052d537bec,ord_dataset-1ec2807f02fa4beda27d2a81b86eb843,143,8ea9165a9b0ab119d541c779f310919a039e2982257d291458d823b8e1f11881
310,ord_dataset-1ec2807f02fa4beda27d2a81b86eb843:ord-3cdb424135ca454a90abc52115b35d13,ord_dataset-1ec2807f02fa4beda27d2a81b86eb843,507,73bac4b65f8fd14d65284508487336d774c3dadb7ff1af4c93e5c93448ad0f6f
311,ord_dataset-1ec2807f02fa4beda27d2a81b86eb843:ord-3d27a3123c09492cac9a24d8abbc4563,ord_dataset-1ec2807f02fa4beda27d2a81b86eb843,449,ac0a4aa99a38dd9878b5e875c81eb348802e7b5c29eab40a30b102d47a666e9f
312,ord_dataset-1ec2807f02fa4beda27d2a81b86eb843:ord-3d3699c4a2774c44921c0108570cfc29,ord_dataset-1ec2807f02fa4beda27d2a81b86eb843,531,c345929e79276bc35b466a40177928c65e57a231d3fbd130a36e41338e4c0778
313,ord_dataset-1ec2807f02fa4beda27d2a81b86eb843:ord-3d609e0dfe8a4b07be685a74f93e0c49,ord_dataset-1ec2807f02fa4beda27d2a81b86eb843,502,67f74781e8f3f06835dae1f8614b272971c47fd044bc7c350522f32db6833f6f
314,ord_dataset-1ec2807f02fa4beda27d2a81b86eb843:ord-3dbe0ac743f846b9a0110233f807064b,ord_dataset-1ec2807f02fa4beda27d2a81b86eb843,331,e63abef30a99b6ba2c67cb68c1d656fbc6a0c91c63e01ec86f84beacf885ebc7
315,ord_dataset-1ec2807f02fa4beda27d2a81b86eb843:ord-3e00b2378ae44426a1363dec69cd697e,ord_dataset-1ec2807f02fa4beda27d2a81b86eb843,593,3bb15b60e6ce3bebc4205eace7559148deaf61ae3fc46a4f3f32f3dcc8d57593
316,ord_dataset-1ec2807f02fa4beda27d2a81b86eb843:ord-3e70aba9861d475dad7de97d90ee7981,ord_dataset-1ec2807f02fa4beda27d2a81b86eb843,781,b4fd7b5463c31f42e638be95a664f126f1ca463e6fa3a82aaa6e9aed3f7ae135
317,ord_dataset-1ec2807f02fa4beda27d2a81b86eb843:ord-3ed1a0bf706c4f7b8cc02e4efde57592,ord_dataset-1ec2807f02fa4beda27d2a81b86eb843,409,85b1210fe18f7622857c331c5e31559162a36ed7c8e653efb56bb36348c263c7
318,ord_dataset-1ec2807f02fa4beda27d2a81b86eb843:ord-3ef52a372f084f73b1c5779b931b836e,ord_dataset-1ec2807f02fa4beda27d2a81b86eb843,1156,189231910e89f14f5dceeecf582a15a3010913da603b5dfe53a60292bc25b408
319,ord_dataset-1ec2807f02fa4beda27d2a81b86eb843:ord-3f3a2c931ee64315be19704e08a14a5c,ord_dataset-1ec2807f02fa4beda27d2a81b86eb843,74,da60ca070b4f3929c5bd976aa7234b9069ec79974e00c1b28045c296c7c099e6
320,ord_dataset-1ec2807f02fa4beda27d2a81b86eb843:ord-3f806f4cbe9e42bfb5b6ca132f29f948,ord_dataset-1ec2807f02fa4beda27d2a81b86eb843,304,f1de3453d53af3006080d35c7eb2d0eacb85ee75cc3e5d2257215d6bddd18ae4
321,ord_dataset-1ec2807f02fa4beda27d2a81b86eb843:ord-3fc04866cfd9450892e1103bf7b1c83b,ord_dataset-1ec2807f02fa4beda27d2a81b86eb843,94,639af559e5251a9b1128ee159966fac7480453da8160ccaf77c370728b13b8e6
322,ord_dataset-1ec2807f02fa4beda27d2a81b86eb843:ord-3ff7fff322ae42cf90c72c5126c046fc,ord_dataset-1ec2807f02fa4beda27d2a81b86eb843,767,90e0c31e1c363a19a22d78295f327f5dcd6571650898bba51ea7165d8f41055d
323,ord_dataset-1ec2807f02fa4beda27d2a81b86eb843:ord-3ff8aae29915478d91ff275a28ba1215,ord_dataset-1ec2807f02fa4beda27d2a81b86eb843,437,461a64902f57fbcffe22779efcf4b86e66182387146de8806241678954626977
324,ord_dataset-1ec2807f02fa4beda27d2a81b86eb843:ord-4051940df794438d97d71737a43c4586,ord_dataset-1ec2807f02fa4beda27d2a81b86eb843,196,c299be9330145535e06607bff14d973b20d1a0810f16d331f76b4e4a001bb1db
325,ord_dataset-1ec2807f02fa4beda27d2a81b86eb843:ord-40ac470e2c43483b9b5c74eaed81a19b,ord_dataset-1ec2807f02fa4beda27d2a81b86eb843,947,bd9e0643a89cf312dafdbee927d10c264f7073d4bd41321e2317a701f37f36aa
326,ord_dataset-1ec2807f02fa4beda27d2a81b86eb843:ord-40c674e90d554f81abcd87576b55d3c6,ord_dataset-1ec2807f02fa4beda27d2a81b86eb843,145,722702e294bd42b454d2e70b7e9bbd619a7d8fdb16dbfe72a6807ce0dc7991e7
327,ord_dataset-1ec2807f02fa4beda27d2a81b86eb843:ord-40c90f27cb0542c5beb60bf968fd007e,ord_dataset-1ec2807f02fa4beda27d2a81b86eb843,335,1cbd43c7d8797cf39cdc1914479aace69761c62ac6ef7c7fc820bc72cb7dd3b4
328,ord_dataset-1ec2807f02fa4beda27d2a81b86eb843:ord-410546d8b63b4c6696d162112de141d5,ord_dataset-1ec2807f02fa4beda27d2a81b86eb843,1192,2ea85c5f1255e3617d06531012528301da9e103ae849cef8d790dea4228cc00a
329,ord_dataset-1ec2807f02fa4beda27d2a81b86eb843:ord-413e420b205a42f6a97cfb3ab0303a98,ord_dataset-1ec2807f02fa4beda27d2a81b86eb843,451,4a2b497d8cf11c64537fb2a6bd2903e9875a01dac6addc1cf46c336275f660f5
330,ord_dataset-1ec2807f02fa4beda27d2a81b86eb843:ord-417df757d5364ccdb40f8e1c4f557227,ord_dataset-1ec2807f02fa4beda27d2a81b86eb843,558,9f7de68b10886cb09c545df3b2610a958c911ba7517d3a0794bedfa3e09205ad
331,ord_dataset-1ec2807f02fa4beda27d2a81b86eb843:ord-41963eb65213402c9faa5688c0f04bbc,ord_dataset-1ec2807f02fa4beda27d2a81b86eb843,136,ea44eb1db770c7834564d644703d5f1e29adc135f05a5cc4bc7eada4c97c84ea
332,ord_dataset-1ec2807f02fa4beda27d2a81b86eb843:ord-41e9ef322a2941358d8e46d19c999c04,ord_dataset-1ec2807f02fa4beda27d2a81b86eb843,254,89f2ba96430ba37141dda5bceb3adfcd97768f7e67d27734e194d541c8fb2ccc
333,ord_dataset-1ec2807f02fa4beda27d2a81b86eb843:ord-423d8bccdeaa446c9120db632f21369f,ord_dataset-1ec2807f02fa4beda27d2a81b86eb843,1135,49e5df903f0f0cd31b90f68e7961d06396f738e13a9336253ee7499567725995
334,ord_dataset-1ec2807f02fa4beda27d2a81b86eb843:ord-4254391d9a0e4c4cb14265a655d8b290,ord_dataset-1ec2807f02fa4beda27d2a81b86eb843,916,427146e5fc01969f7e3eb224b2d7fe82099e156ac59df86ee932b216378361cd
335,ord_dataset-1ec2807f02fa4beda27d2a81b86eb843:ord-42c4441b341a4940bbe9a6b6812a38ba,ord_dataset-1ec2807f02fa4beda27d2a81b86eb843,982,ef906a01575ae8a91a062bd2eb47917a4b8655bec01d08dd1c05dfc96f52f156
336,ord_dataset-1ec2807f02fa4beda27d2a81b86eb843:ord-4356ce087e794c2795932d799e72330d,ord_dataset-1ec2807f02fa4beda27d2a81b86eb843,731,022035acdac8000364e54e41eb29b57c49b687fdd22b9131d78e68815eed439f
337,ord_dataset-1ec2807f02fa4beda27d2a81b86eb843:ord-4391e4e87986489f866f68780fe5044e,ord_dataset-1ec2807f02fa4beda27d2a81b86eb843,844,7b0b7887af5d770c85a9a15c6f38c3daec1a7a5831fc366ed6e6484488705d96
338,ord_dataset-1ec2807f02fa4beda27d2a81b86eb843:ord-43bf688264ce4be885912b0b6db436c9,ord_dataset-1ec2807f02fa4beda27d2a81b86eb843,1137,5b1edfb2a216525b189be8e5bd7e02b0936b24ade48fce04b6bf8061351270a8
339,ord_dataset-1ec2807f02fa4beda27d2a81b86eb843:ord-43e900a4d9f240888eecd6475052b34f,ord_dataset-1ec2807f02fa4beda27d2a81b86eb843,668,6604edf021edf4bcf112191fd1bf16287ca527208bd0f8973f8f53a5ef0a16f0
340,ord_dataset-1ec2807f02fa4beda27d2a81b86eb843:ord-440a81c071d74540a967faeefb041e81,ord_dataset-1ec2807f02fa4beda27d2a81b86eb843,919,8657fdecdeaaf9df9e45074d51ad7f88185db57b77f60170a89d39a183667b79
341,ord_dataset-1ec2807f02fa4beda27d2a81b86eb843:ord-4443e1d151db4062ad7f3a03f6c8a217,ord_dataset-1ec2807f02fa4beda27d2a81b86eb843,203,343bb99ceeea18da5201821eb42946e573b54ef53c8b990c619f40430ab2be2e
342,ord_dataset-1ec2807f02fa4beda27d2a81b86eb843:ord-4455bc03b4164ddab6c391505fda7448,ord_dataset-1ec2807f02fa4beda27d2a81b86eb843,453,97c30e09a1cb365787eaaf8e9b6f534d021138212aeeef98e4c6312bb9712a5f
343,ord_dataset-1ec2807f02fa4beda27d2a81b86eb843:ord-44a6490383c241468efa3e5e2ede8724,ord_dataset-1ec2807f02fa4beda27d2a81b86eb843,977,b8a768ac0741b4c9e8bb55f65b7acd24389ccbb8c7f61a42a92e1b5382ec3e70
344,ord_dataset-1ec2807f02fa4beda27d2a81b86eb843:ord-44bd109b29a94efe818975bbe8468126,ord_dataset-1ec2807f02fa4beda27d2a81b86eb843,1078,d7dcd55491b243db8f5a294c63f80387b5ee2e1dfb3691e277ed164f6ec3f91b
345,ord_dataset-1ec2807f02fa4beda27d2a81b86eb843:ord-44c38727a44b45a59a99aeca8faf12f6,ord_dataset-1ec2807f02fa4beda27d2a81b86eb843,913,af5c5b16fa5cdf08a5a06c2c8ce05dabc6ab726aa2f431f8c246d4542bfd655a
346,ord_dataset-1ec2807f02fa4beda27d2a81b86eb843:ord-44e376bfd654400e90d12af89d7009cf,ord_dataset-1ec2807f02fa4beda27d2a81b86eb843,1054,859e72a92302421579eb38b27e9a917e2dd632e3aad2a739987ed4e30bc82229
347,ord_dataset-1ec2807f02fa4beda27d2a81b86eb843:ord-44f6a715f2254b0abb50cb1c0862ffb0,ord_dataset-1ec2807f02fa4beda27d2a81b86eb843,1196,6743ddda320d57ae4cd5dda02557fbbcda19485ef937523656c08079f9105675
348,ord_dataset-1ec2807f02fa4beda27d2a81b86eb843:ord-452453fc68d34354b27ade1f327b3441,ord_dataset-1ec2807f02fa4beda27d2a81b86eb843,27,bc5e6094c1a217503eff7640cbd51de321d1e726ddb30c2b5a81233e1daa0310
349,ord_dataset-1ec2807f02fa4beda27d2a81b86eb843:ord-45396d733d9641b3a106f4fc2a124477,ord_dataset-1ec2807f02fa4beda27d2a81b86eb843,966,f0d1863bbc66cebdc3df7132441ca81e66aef4c6a59c4448cc0f2fa66dd23e8d
350,ord_dataset-1ec2807f02fa4beda27d2a81b86eb843:ord-457ae5aa64b34d38b54f9d27a8a9fbf7,ord_dataset-1ec2807f02fa4beda27d2a81b86eb843,879,639dd8227a1f3d81c0aeb6e6246d6ab15f0b2a066df5703f97ae4efe16460576
351,ord_dataset-1ec2807f02fa4beda27d2a81b86eb843:ord-457e0e5588ea4dc8b6e3b1fd6a5fa6c2,ord_dataset-1ec2807f02fa4beda27d2a81b86eb843,1104,a82557f0492b1cf1a7bc0da053cdce6144592f1870efa53e09b64bc9837fca80
352,ord_dataset-1ec2807f02fa4beda27d2a81b86eb843:ord-45b059345859442a9f2aa8d817bab715,ord_dataset-1ec2807f02fa4beda27d2a81b86eb843,29,9ca25dfa24c2106cfb112d1a0c6a13f81e22f18f813a180c2d593d009275a892
353,ord_dataset-1ec2807f02fa4beda27d2a81b86eb843:ord-45bd3bc463f248748c6e1f41c087963d,ord_dataset-1ec2807f02fa4beda27d2a81b86eb843,414,2ccae7ac157b99cc832380fa8e4b00505f3e8ea5fe2127c6aa93f94b6c95fcdb
354,ord_dataset-1ec2807f02fa4beda27d2a81b86eb843:ord-45ef911116644762a5c0e282e224031c,ord_dataset-1ec2807f02fa4beda27d2a81b86eb843,881,fcc1f465569b29d32bee0ee60550a610019e19aaf1d05e6d82e81868e03c5025
355,ord_dataset-1ec2807f02fa4beda27d2a81b86eb843:ord-4646e91881334c539b1323da3b1c5ceb,ord_dataset-1ec2807f02fa4beda27d2a81b86eb843,956,04213c56ff818ad94bf91d82ff60d67d143086d1cdc87205754ad94ebdcaa2f8
356,ord_dataset-1ec2807f02fa4beda27d2a81b86eb843:ord-46898869a246424085217db1fae3b157,ord_dataset-1ec2807f02fa4beda27d2a81b86eb843,870,084e27262a64e067b043894d54f2d59a736666825be19c3d803c79d32cc6f000
357,ord_dataset-1ec2807f02fa4beda27d2a81b86eb843:ord-46b1379a0ea1416fa52f9d4b929bc00c,ord_dataset-1ec2807f02fa4beda27d2a81b86eb843,972,f248fe5c7fa638e2cffffbb595c07ddd4a45ea2bc88e20b1a8e7cf9c02d59654
358,ord_dataset-1ec2807f02fa4beda27d2a81b86eb843:ord-46b6d28ff4454911bbe651100e89cbaa,ord_dataset-1ec2807f02fa4beda27d2a81b86eb843,194,be816a6b4d1d10a30e16b68be49e616e745deaee284ffe3f70b3647d900e58f0
359,ord_dataset-1ec2807f02fa4beda27d2a81b86eb843:ord-4711e2ac17a14bc69f254f435833471d,ord_dataset-1ec2807f02fa4beda27d2a81b86eb843,233,e83bbd7623d79fc8aab1171d007af39401ce8bb8bb7cf63a19d30601dd3cecae
360,ord_dataset-1ec2807f02fa4beda27d2a81b86eb843:ord-474cddda8be24a96b1223e36bc11c333,ord_dataset-1ec2807f02fa4beda27d2a81b86eb843,316,924f4d4ade6a8849fc77c2e98d0678c1ae6fa9df346045487f3abb8678452c6a
361,ord_dataset-1ec2807f02fa4beda27d2a81b86eb843:ord-47509fffe55f4a29a522d39ec1fb5e55,ord_dataset-1ec2807f02fa4beda27d2a81b86eb843,927,b8fe4c4bd8ba47fb2bd95474dfd4959325818a4a787f4327c6e471a8ac1fb01c
362,ord_dataset-1ec2807f02fa4beda27d2a81b86eb843:ord-47bc0ded67954279a43919536e8ab560,ord_dataset-1ec2807f02fa4beda27d2a81b86eb843,581,db69b7795943042cb48b4150e6f6d1319a36087a7e0f921ced85304e8fd5605d
363,ord_dataset-1ec2807f02fa4beda27d2a81b86eb843:ord-480f900c5657424c9c8a52743b560147,ord_dataset-1ec2807f02fa4beda27d2a81b86eb843,732,60ea7a93e203c4fcf0a32f3359f146ed9aeffa98f77c92c372261244abbb67dc
364,ord_dataset-1ec2807f02fa4beda27d2a81b86eb843:ord-481227ecf6cf4756bcff6743ef723540,ord_dataset-1ec2807f02fa4beda27d2a81b86eb843,214,6ecb5bbfdc6611296fcfe15c9673cc710f6f0e22470162517a5ad30a6348fd2e
365,ord_dataset-1ec2807f02fa4beda27d2a81b86eb843:ord-48372f2a154241eb9ed60686c0c0af5e,ord_dataset-1ec2807f02fa4beda27d2a81b86eb843,207,6c4a02ae93e6f25c477a4beea3195be6197044fcb80a336f4e4b0c0ee578f5c2
366,ord_dataset-1ec2807f02fa4beda27d2a81b86eb843:ord-48eba4febf0647649c55c8f71371f8ec,ord_dataset-1ec2807f02fa4beda27d2a81b86eb843,779,cb0eacae0391ceb537b47a455d46d8dd4df0b46012e73adb75691eb0a66a82de
367,ord_dataset-1ec2807f02fa4beda27d2a81b86eb843:ord-491b2f7145fd432fb86bca994c2aeffc,ord_dataset-1ec2807f02fa4beda27d2a81b86eb843,97,0011c8f021c888a7b2e2d031fa7ab78f0de5069553992960a956e8dcb9dcfa76
368,ord_dataset-1ec2807f02fa4beda27d2a81b86eb843:ord-493a97426e584a79a01ea8d9e0436bef,ord_dataset-1ec2807f02fa4beda27d2a81b86eb843,206,47b7a650e0d2493e15b84f1a03bda286ddd5a4f1b251fac63d91518905e672b4
369,ord_dataset-1ec2807f02fa4beda27d2a81b86eb843:ord-4998537ed23d470d912faf20b53479cd,ord_dataset-1ec2807f02fa4beda27d2a81b86eb843,1224,37edeaa3803463e05acfe8a6c178402392e4b511d844df71bcdf69ad1dbc4a1d
370,ord_dataset-1ec2807f02fa4beda27d2a81b86eb843:ord-49a2218f408b4dccb6404aa82f4062d7,ord_dataset-1ec2807f02fa4beda27d2a81b86eb843,141,27e66ef67bb6808c287da94cf0a3f2ea5da36c46da321ead95a018c81f490d90
371,ord_dataset-1ec2807f02fa4beda27d2a81b86eb843:ord-49e8828c76df4588a1353836c8ae803d,ord_dataset-1ec2807f02fa4beda27d2a81b86eb843,547,6b6b186bfc5ae0ecf12882c1261a55752cbcfaf55914ef71e913fc665bb9f957
372,ord_dataset-1ec2807f02fa4beda27d2a81b86eb843:ord-49f0f5b7ce34437b970a7f274f1a7177,ord_dataset-1ec2807f02fa4beda27d2a81b86eb843,745,42b8c6354a923f31bfb9e1e6850f535a141192e6896cdaa288dd7ef5ec903912
373,ord_dataset-1ec2807f02fa4beda27d2a81b86eb843:ord-4a261f6d2d354a25883092eb5ba03f93,ord_dataset-1ec2807f02fa4beda27d2a81b86eb843,440,4028cb55a392e7caf0d8b69c3758c268a64ac0fa15542769d5b102bd6f68c205
374,ord_dataset-1ec2807f02fa4beda27d2a81b86eb843:ord-4a4e2d4bb1ac49c39ba42a2623d7e47a,ord_dataset-1ec2807f02fa4beda27d2a81b86eb843,904,ff60aaadbdcc04456cab3427427a24b983f3e6a248a8408c42cc17297f1649c5
375,ord_dataset-1ec2807f02fa4beda27d2a81b86eb843:ord-4a53f364a7a3428cb9c092598d9c650a,ord_dataset-1ec2807f02fa4beda27d2a81b86eb843,456,36f620186cb6eccb011873b4a051ab641bdb52f8a04b4996f797b92ba008e25e
376,ord_dataset-1ec2807f02fa4beda27d2a81b86eb843:ord-4a6be1cb5f954a0981f725d1b8865998,ord_dataset-1ec2807f02fa4beda27d2a81b86eb843,154,9707ee8e48fbb9119196264e10de5a1dd7baa87f1d1417c3ea2e9d46b657d688
377,ord_dataset-1ec2807f02fa4beda27d2a81b86eb843:ord-4ab072945c7646598c05447616e72d2f,ord_dataset-1ec2807f02fa4beda27d2a81b86eb843,526,8392e15de37fcf5da7d4b4438a1a3ffc06748965a04a7dce7c70a2b436575ea4
378,ord_dataset-1ec2807f02fa4beda27d2a81b86eb843:ord-4adcf78dfad744308a5112afda2e599a,ord_dataset-1ec2807f02fa4beda27d2a81b86eb843,802,1dbd12fa9ff9ab1e2f59bf2d56ed5723ef304ddc7ff60431200463b3009e23b2
379,ord_dataset-1ec2807f02fa4beda27d2a81b86eb843:ord-4b064c386c014dbeb284ceb2621b1198,ord_dataset-1ec2807f02fa4beda27d2a81b86eb843,285,ead57feb12f1f4c5c41e11ae862c15e8e8a7900b0a1e552f88556b32cbb924cd
380,ord_dataset-1ec2807f02fa4beda27d2a81b86eb843:ord-4b3977c189f8484281ccadc03d46d1ea,ord_dataset-1ec2807f02fa4beda27d2a81b86eb843,457,017c778e6b6f0e54d3bfc85b28ab6c73fd0bd898759cfeb2bc02675dc50c835a
381,ord_dataset-1ec2807f02fa4beda27d2a81b86eb843:ord-4b90da71502140f887fe40f76e1b5751,ord_dataset-1ec2807f02fa4beda27d2a81b86eb843,703,6fc4536e6b71b5f7fdf2f06f34c44c31b413be7f068092a4300ec7dd1541c01e
382,ord_dataset-1ec2807f02fa4beda27d2a81b86eb843:ord-4b92000ec2b94752b8a1383f65ff5128,ord_dataset-1ec2807f02fa4beda27d2a81b86eb843,511,1b1594f580a12bd93c24b2c9766115a7745ddb742e8c56c3b1b2aab720f2cc17
383,ord_dataset-1ec2807f02fa4beda27d2a81b86eb843:ord-4ba77d48bd7d44399e0cc2bfef037c3f,ord_dataset-1ec2807f02fa4beda27d2a81b86eb843,523,305c19600b4d308790aa51ddadbae9e6d5b2792a27f03fb9c9024392bb254023
384,ord_dataset-1ec2807f02fa4beda27d2a81b86eb843:ord-4c1b063630004ab787ca7dbbd6e467b0,ord_dataset-1ec2807f02fa4beda27d2a81b86eb843,252,b11b279d29aa91438021065a9c50d89333e266e126a394c619426dd952f00158
385,ord_dataset-1ec2807f02fa4beda27d2a81b86eb843:ord-4c23d7b803a24dac88d52c648e9085e6,ord_dataset-1ec2807f02fa4beda27d2a81b86eb843,795,09ff508a916449d76d186d4f3368af6d2f59c83faa25863c3f1ca697ffc429e2
386,ord_dataset-1ec2807f02fa4beda27d2a81b86eb843:ord-4c25f6bfa916456a8ef6aec8771b72e4,ord_dataset-1ec2807f02fa4beda27d2a81b86eb843,657,15d55837ee681db6fc2fdca825983822efbdac3f72c4c282d15bd78f4c730aab
387,ord_dataset-1ec2807f02fa4beda27d2a81b86eb843:ord-4c2830ec42fa40e5bc1149edd220ec23,ord_dataset-1ec2807f02fa4beda27d2a81b86eb843,993,4cc79a2d1ab2d79557a6f2a881206b49d2ac50be524d286a9a0e0d26d1d95f02
388,ord_dataset-1ec2807f02fa4beda27d2a81b86eb843:ord-4c6b343843454182bf79ce0d6097bf98,ord_dataset-1ec2807f02fa4beda27d2a81b86eb843,370,7255f6aeb2b3d9834429154bbaee48e27cb2ab222243544eec50993f5afd6a33
389,ord_dataset-1ec2807f02fa4beda27d2a81b86eb843:ord-4cecc5fe2d484fffb29de20b980df0f8,ord_dataset-1ec2807f02fa4beda27d2a81b86eb843,755,57d4191cdf9cd334d0acc9242d0c04e8a8ef67f2628cd468782aec712a16043e
390,ord_dataset-1ec2807f02fa4beda27d2a81b86eb843:ord-4d0d574eee884c539f4f44fe3b7a0284,ord_dataset-1ec2807f02fa4beda27d2a81b86eb843,680,cdefb253e5ca8113e411d48b89adad3eab564dfc6259ef992d1cbdaaa34ab669
391,ord_dataset-1ec2807f02fa4beda27d2a81b86eb843:ord-4d437fdbf3744e7a96c54ea256a7a7f0,ord_dataset-1ec2807f02fa4beda27d2a81b86eb843,1048,406594cfe2565908988f91b917c9e0719ba8dd450fab3f4a97d21eec3b5b52ee
392,ord_dataset-1ec2807f02fa4beda27d2a81b86eb843:ord-4d7c90beac784c0085308f45dcc8d26f,ord_dataset-1ec2807f02fa4beda27d2a81b86eb843,605,ead0df501fd08098e05f1cf9b766cc2b78e9758907beab8ed848c98ba6360379
393,ord_dataset-1ec2807f02fa4beda27d2a81b86eb843:ord-4e08c77562e94451ae4d669f94bd9f19,ord_dataset-1ec2807f02fa4beda27d2a81b86eb843,16,ef560574eec4bbf587ed2aac229da7406bc78b3f7c2251741f102d2c53bfc4db
394,ord_dataset-1ec2807f02fa4beda27d2a81b86eb843:ord-4e19293e70324eb5934beb06b0557c6a,ord_dataset-1ec2807f02fa4beda27d2a81b86eb843,1097,6df091f83f991b0fb85faa94d1972775a4289331446f27c9d96a99bf604b8017
395,ord_dataset-1ec2807f02fa4beda27d2a81b86eb843:ord-4e4d3618135d41a8bf32bf2750f9b913,ord_dataset-1ec2807f02fa4beda27d2a81b86eb843,497,9f6e82e0de0a3cb13c56662c0ffcb4de372fb86a33cdd9dd8bf0445d56058c99
396,ord_dataset-1ec2807f02fa4beda27d2a81b86eb843:ord-4e833c146890408da54fb591d4ba9e18,ord_dataset-1ec2807f02fa4beda27d2a81b86eb843,510,d10140c031a852a3b2c0b0bd5fa92e780c6d9d165f5c4e308f16b8d7755362d3
397,ord_dataset-1ec2807f02fa4beda27d2a81b86eb843:ord-4ece835f93f8491c9bda18e30d6a64dc,ord_dataset-1ec2807f02fa4beda27d2a81b86eb843,866,97da09674486d0699a6d4ec50d4d23f875c423ac85e3dae50ec6b5b3b30e1a32
398,ord_dataset-1ec2807f02fa4beda27d2a81b86eb843:ord-4f5d6ff5ffea436a9ae64c0ac9fa04da,ord_dataset-1ec2807f02fa4beda27d2a81b86eb843,172,b663023a9969350861d24c538839307703b4138929e5c8024278478b57ac987c
399,ord_dataset-1ec2807f02fa4beda27d2a81b86eb843:ord-4fda4f1a301f4522a390a7ed2bf62f23,ord_dataset-1ec2807f02fa4beda27d2a81b86eb843,1173,5fe46d48bf9943099f250af731aceec81684198c7b66c35f3951390122e9f622
400,ord_dataset-1ec2807f02fa4beda27d2a81b86eb843:ord-50047c71a6f947db99ac75bfb51e63a7,ord_dataset-1ec2807f02fa4beda27d2a81b86eb843,14,579e9a09be5c8b19b77892471f29fd868164318f2ff76e2fca0d7790c17658b6
401,ord_dataset-1ec2807f02fa4beda27d2a81b86eb843:ord-512bf5ee973b497bb4cec8009edfb409,ord_dataset-1ec2807f02fa4beda27d2a81b86eb843,365,6bb7d3bc24e7e9b2f5cfa8ef8b0a979918fcee8cfa00b084540892598284a098
402,ord_dataset-1ec2807f02fa4beda27d2a81b86eb843:ord-51448a76653548d68a823870bed5b155,ord_dataset-1ec2807f02fa4beda27d2a81b86eb843,950,55d62e048cd7abe8e778a2c23a38580b9148bed1ec40fd1130f2851a5b0b337c
403,ord_dataset-1ec2807f02fa4beda27d2a81b86eb843:ord-517854b8a51046f98185fa66deb0ed10,ord_dataset-1ec2807f02fa4beda27d2a81b86eb843,649,081bc4294c0b0a3b7bc6f497cdba471ecaac02aa408fd9fdac91f8219931024e
404,ord_dataset-1ec2807f02fa4beda27d2a81b86eb843:ord-5194e7d4db374d92ad137384f395af17,ord_dataset-1ec2807f02fa4beda27d2a81b86eb843,884,58bd2547eaf74feae81567a1a7f419e72c99aece2285f797a809bec20e19c204
405,ord_dataset-1ec2807f02fa4beda27d2a81b86eb843:ord-53a02ceeaa464780ba089d5c8912aba8,ord_dataset-1ec2807f02fa4beda27d2a81b86eb843,614,6e5d90f176d050ba919fc583165f593345f1f43251a3efd9f5d165858b0f597b
406,ord_dataset-1ec2807f02fa4beda27d2a81b86eb843:ord-53d04ba9cef443178882cf165d82550a,ord_dataset-1ec2807f02fa4beda27d2a81b86eb843,936,c213c8991c4cbaac29284e2e044c55e5d11af1183aac00454db919884d3e49f6
407,ord_dataset-1ec2807f02fa4beda27d2a81b86eb843:ord-53ea96df998946378a6a18e17eb9d1ac,ord_dataset-1ec2807f02fa4beda27d2a81b86eb843,201,f6fb6acb2336596d4b2724b0d6188425fd08d489fa2e452bebaac1094a6d467e
408,ord_dataset-1ec2807f02fa4beda27d2a81b86eb843:ord-53eae28461af42089e0e8610d63d0f54,ord_dataset-1ec2807f02fa4beda27d2a81b86eb843,1132,2d016e9aa9f5a03d14a5ca5940db0d644466214a4fb5ef734252b34517ce3405
409,ord_dataset-1ec2807f02fa4beda27d2a81b86eb843:ord-542a0f97da6f4e158e0226d56b39fc9b,ord_dataset-1ec2807f02fa4beda27d2a81b86eb843,1047,cc4bd4a5f01a77ae7a2ed02fc2fae6d0aed153807e02c69eaa50ff2b9d909cb9
410,ord_dataset-1ec2807f02fa4beda27d2a81b86eb843:ord-5439a9f66f584a2b953568f22471528a,ord_dataset-1ec2807f02fa4beda27d2a81b86eb843,353,44e9e239862b3f2b47fc5356dcd4393bb489e9326a954623eacb27f5694062e2
411,ord_dataset-1ec2807f02fa4beda27d2a81b86eb843:ord-5482f7ea922640e68c238401017ffe86,ord_dataset-1ec2807f02fa4beda27d2a81b86eb843,290,6a1524c080bad004b5f2e7f078c8bfe3ba9f6a6fb6e4223ca4256a665726d1c2
412,ord_dataset-1ec2807f02fa4beda27d2a81b86eb843:ord-54b0d590687249eba8423a763a9fde9d,ord_dataset-1ec2807f02fa4beda27d2a81b86eb843,853,3d3ecbb5dc0febdd01156c3da05ae7085054a7ac47b9c46b3071db9677aa1492
413,ord_dataset-1ec2807f02fa4beda27d2a81b86eb843:ord-54dff25fa4b4498088d473c88656f0d0,ord_dataset-1ec2807f02fa4beda27d2a81b86eb843,1133,1be2cb5379f3aa3b7baf997957f2a506c6ff80d0d5af5d44efd2208e94fada37
414,ord_dataset-1ec2807f02fa4beda27d2a81b86eb843:ord-554171e6b4744b46b94e249dc38d8c58,ord_dataset-1ec2807f02fa4beda27d2a81b86eb843,339,ae643af6ef50c1987a725ce127e94787839591b2d272df86195d103cca3eda03
415,ord_dataset-1ec2807f02fa4beda27d2a81b86eb843:ord-555cf5f03e0144f6be316c5cf68f2a26,ord_dataset-1ec2807f02fa4beda27d2a81b86eb843,865,e8b5511fd8275c38aa32435d5a9c54c4c75437f87c9e3452d343a1b4ffa9ce99
416,ord_dataset-1ec2807f02fa4beda27d2a81b86eb843:ord-5590286e0b844952a41be33166fef149,ord_dataset-1ec2807f02fa4beda27d2a81b86eb843,835,ce42f1bf41da4f783a922b7484910d55f044c368058e1fb613ea0022d524367e
417,ord_dataset-1ec2807f02fa4beda27d2a81b86eb843:ord-55d710bd98e14796b9a2bb674b121943,ord_dataset-1ec2807f02fa4beda27d2a81b86eb843,235,91f5cb1bc1054d5b0101ab8f123f820d20c63edc94544413a5da237f65c661c2
418,ord_dataset-1ec2807f02fa4beda27d2a81b86eb843:ord-56652fa4ae5145b59bbae056535786f1,ord_dataset-1ec2807f02fa4beda27d2a81b86eb843,350,445d108655a54fd21e31094aca1d8f6c556d32eb23b535ec614e83cc2c502ceb
419,ord_dataset-1ec2807f02fa4beda27d2a81b86eb843:ord-5670b0b5a9764de28049fd691a8e8cc8,ord_dataset-1ec2807f02fa4beda27d2a81b86eb843,163,253f482bf65679add549c7d0052a29af7e7e290860a18c7d3dfe027da2b7f857
420,ord_dataset-1ec2807f02fa4beda27d2a81b86eb843:ord-56741c18c99d4dd98a99c0dcedea1d96,ord_dataset-1ec2807f02fa4beda27d2a81b86eb843,503,12382c27837caa81333b9eb5207da26887680cfdb41ac6eeb9eae501b20998ff
421,ord_dataset-1ec2807f02fa4beda27d2a81b86eb843:ord-57010c6bdbe843a988f9a8e55aa6673d,ord_dataset-1ec2807f02fa4beda27d2a81b86eb843,603,4f729ca94c8e8b1d9350e71bb861232469dd1f8ae6ad54c35d7c2384b07020fa
422,ord_dataset-1ec2807f02fa4beda27d2a81b86eb843:ord-570da2e72b334ebfaa72443b25d890c1,ord_dataset-1ec2807f02fa4beda27d2a81b86eb843,517,8c54b6fe5d4e122e1d4df11792aaed4ca96966ecce0c980d7ae5cea97d0918da
423,ord_dataset-1ec2807f02fa4beda27d2a81b86eb843:ord-57541d9f11cf49d1b0f96b3ccdae6d94,ord_dataset-1ec2807f02fa4beda27d2a81b86eb843,608,b54889e44100dc8fdfb5589641814a0e6348e4937899a53f48b95e3422a3f985
424,ord_dataset-1ec2807f02fa4beda27d2a81b86eb843:ord-5796d49096554ba282507ae86a7beb9b,ord_dataset-1ec2807f02fa4beda27d2a81b86eb843,1094,10abf2d8598feb773f6ae90599729960229b6a7e42809a13aaece881a42a8a36
425,ord_dataset-1ec2807f02fa4beda27d2a81b86eb843:ord-580a5af8bb4a4dc9a5ba821f1f73b819,ord_dataset-1ec2807f02fa4beda27d2a81b86eb843,247,3e87766a06242dd4fe68ab335f19a3efa434b17bd1fa4e3fd43af5907d37f426
426,ord_dataset-1ec2807f02fa4beda27d2a81b86eb843:ord-581fdfe00a09476ca569c82342b74b26,ord_dataset-1ec2807f02fa4beda27d2a81b86eb843,580,27fcbb33629efdad6ced7ace445b00e957dcc65f87c2541ea2884186afe0faff
427,ord_dataset-1ec2807f02fa4beda27d2a81b86eb843:ord-582a30f976234fdb8d94b8d8f91debe7,ord_dataset-1ec2807f02fa4beda27d2a81b86eb843,79,bf21cde86503aedeb923b4a9ef6b79b370fb49b67b76d3a3d01f4e773bf596be
428,ord_dataset-1ec2807f02fa4beda27d2a81b86eb843:ord-58ccd1aa300b45dabe1eadfe7e0d585a,ord_dataset-1ec2807f02fa4beda27d2a81b86eb843,345,905dc4a632080efd163caaed297b3b80a225e1d3d153805983fa473573349bfb
429,ord_dataset-1ec2807f02fa4beda27d2a81b86eb843:ord-5943924a19ed4957a026c792bd09154b,ord_dataset-1ec2807f02fa4beda27d2a81b86eb843,1119,072ec6a2a58d79136d2b91703141ebd20732e149f52a37954786846ef40ebe00
430,ord_dataset-1ec2807f02fa4beda27d2a81b86eb843:ord-598dd6379fe142b3913255f4998b6803,ord_dataset-1ec2807f02fa4beda27d2a81b86eb843,1093,2ec6b720e576edc142a505bb73b96cbf1cddf034bf318c4ea0dac8055ee8dd57
431,ord_dataset-1ec2807f02fa4beda27d2a81b86eb843:ord-59d0692f79eb4473a9d4beaec95cddca,ord_dataset-1ec2807f02fa4beda27d2a81b86eb843,758,57bc83c18f47c344b9cfa964f239c50d0b7f5ce0a39864eff8e1254e20355c14
432,ord_dataset-1ec2807f02fa4beda27d2a81b86eb843:ord-5a05e62799a64aeab92e12e26caca9c8,ord_dataset-1ec2807f02fa4beda27d2a81b86eb843,790,2fd242e6e6e8b3cfc9a2244627504add6217544dbd7ae0d0287d56a615560433
433,ord_dataset-1ec2807f02fa4beda27d2a81b86eb843:ord-5a2afba96f924178867fd9ac9b3d25af,ord_dataset-1ec2807f02fa4beda27d2a81b86eb843,185,a9a4abf380779d4fd206163177d9af1d5dfbd8ef3e7b58a5ddb3284112df61a3
434,ord_dataset-1ec2807f02fa4beda27d2a81b86eb843:ord-5a31e6ad01ec4224afd90f7bf86072b6,ord_dataset-1ec2807f02fa4beda27d2a81b86eb843,539,ba9f70ce577b0a15fcd7d5c161ecd6fcb0d1aabeeec7b21aff9a5c2f14a459ae
435,ord_dataset-1ec2807f02fa4beda27d2a81b86eb843:ord-5a327efaf5784c9b94f218a7304d7b1f,ord_dataset-1ec2807f02fa4beda27d2a81b86eb843,469,c2d6c62dab82a0e3d97710abfbaebc5113e2ad26cb905d9e636ceaa6a88f753b
436,ord_dataset-1ec2807f02fa4beda27d2a81b86eb843:ord-5a3f8f88dc7f4686826123888e9ec69f,ord_dataset-1ec2807f02fa4beda27d2a81b86eb843,959,1a999aa1f25f6d3098eeafecade211301aaf9aee79e165575b694f274ea16eac
437,ord_dataset-1ec2807f02fa4beda27d2a81b86eb843:ord-5aae6bda9a52439292c9a9961b555a85,ord_dataset-1ec2807f02fa4beda27d2a81b86eb843,807,6dd93dfbc07704d763d79f3e552d019e241d5a4ce164212114080b2c4b13e9a6
438,ord_dataset-1ec2807f02fa4beda27d2a81b86eb843:ord-5aef012953394de5b71a60ae41615190,ord_dataset-1ec2807f02fa4beda27d2a81b86eb843,937,eb5b11e19c8fc43d22d4d3aec9c0da5602d02e40ee52377f3827dbda5813e125
439,ord_dataset-1ec2807f02fa4beda27d2a81b86eb843:ord-5aefa68268474062b69aba9b9cc77e79,ord_dataset-1ec2807f02fa4beda27d2a81b86eb843,282,def160ee2348f44945d9deba6ec39c860aca2ab66ce684a62b7fed279a1dd374
440,ord_dataset-1ec2807f02fa4beda27d2a81b86eb843:ord-5b483b2dcd1c4045a6770b54497d444c,ord_dataset-1ec2807f02fa4beda27d2a81b86eb843,238,b36ab5056011abe872ea741b7adc0a751fe38b9c6fb01b9a0fe1828ce6f4c0db
441,ord_dataset-1ec2807f02fa4beda27d2a81b86eb843:ord-5b5ad807500541239dcd7a074e657e51,ord_dataset-1ec2807f02fa4beda27d2a81b86eb843,1052,999e157601ad5b0dad33279e86b88608b2c3b5c7f89c6b832a800245d19f4b86
442,ord_dataset-1ec2807f02fa4beda27d2a81b86eb843:ord-5b784982912b45a19cd0eb5abc57c3c3,ord_dataset-1ec2807f02fa4beda27d2a81b86eb843,648,c5b2116db32415deb014825eb035d2355aa35fe7df67b97250bcb249329867ba
443,ord_dataset-1ec2807f02fa4beda27d2a81b86eb843:ord-5c001a2548dc4d3686e7e372353f7c10,ord_dataset-1ec2807f02fa4beda27d2a81b86eb843,217,317fa68872cc67206616494a95587d628e73bb039970379217222b40c8a9c283
444,ord_dataset-1ec2807f02fa4beda27d2a81b86eb843:ord-5c1086d97d754e61b6f5e52e18aaeca7,ord_dataset-1ec2807f02fa4beda27d2a81b86eb843,970,50a154fcc78edd7ec2539c667ab8e92e753d55f64f4867177cc7633f0ef648c9
445,ord_dataset-1ec2807f02fa4beda27d2a81b86eb843:ord-5c13b939b536441a92c14b24ec59d645,ord_dataset-1ec2807f02fa4beda27d2a81b86eb843,361,6a9ce5affb2343d8a34fd6f459d9aa4860cd4264e1d7b872d420bbfd57bd8042
446,ord_dataset-1ec2807f02fa4beda27d2a81b86eb843:ord-5c46cee684274a098921a626254be8e7,ord_dataset-1ec2807f02fa4beda27d2a81b86eb843,86,05aa724e7eaed4a46c0fe0ca4404351abf3148171a7911f764d388d3da3a3e87
447,ord_dataset-1ec2807f02fa4beda27d2a81b86eb843:ord-5c811c6827e34d2587606db7344830c3,ord_dataset-1ec2807f02fa4beda27d2a81b86eb843,735,1287c811203cc6a9e326df1637ba32ff97b8e8f06e75e9ea205ac04a03765ad6
448,ord_dataset-1ec2807f02fa4beda27d2a81b86eb843:ord-5c81be18de084f74bb5bb30566fe7900,ord_dataset-1ec2807f02fa4beda27d2a81b86eb843,699,0fdee720fe8fdb1b8d53b7c10879dbf7a3cd3b4c8199d33c3a1d32946a01c3de
449,ord_dataset-1ec2807f02fa4beda27d2a81b86eb843:ord-5c8c4ab339d74b84a4f63e2877655a8a,ord_dataset-1ec2807f02fa4beda27d2a81b86eb843,554,6b39b5ebfb48e1b26c9146ec26ee66fb93e5e1c25a087675b570eaba50e90472
450,ord_dataset-1ec2807f02fa4beda27d2a81b86eb843:ord-5c99a6b8818a4457bdda7ef2d0a071a8,ord_dataset-1ec2807f02fa4beda27d2a81b86eb843,181,a43a54cb929081d3db988bf6d9ebfda1e13e325c1f91ec6a8a2edc103e2e6b45
451,ord_dataset-1ec2807f02fa4beda27d2a81b86eb843:ord-5cdb74c11bcd4700ba7c8b1098554d4c,ord_dataset-1ec2807f02fa4beda27d2a81b86eb843,460,297a0d331615a855c1f8b497cd2ea1231bfa1493fb2045d59abd708d5f55dd64
452,ord_dataset-1ec2807f02fa4beda27d2a81b86eb843:ord-5cfec5c6de9243659dbe2ee3210e77e8,ord_dataset-1ec2807f02fa4beda27d2a81b86eb843,738,871646250dd8e9b672990a92d875dcc533164de105c1e9c63a5d3e16c94dc2e6
453,ord_dataset-1ec2807f02fa4beda27d2a81b86eb843:ord-5da14489d9d14086b768bc4e5e720d84,ord_dataset-1ec2807f02fa4beda27d2a81b86eb843,975,c7ebf320e385034bfa7fa179f6afa71bd286df7e9e3fbbdd5340639f61cca112
454,ord_dataset-1ec2807f02fa4beda27d2a81b86eb843:ord-5da719149ae54a0f9546a2d298488438,ord_dataset-1ec2807f02fa4beda27d2a81b86eb843,1018,21372ee853c1028e98ac754097b0c324813a2d0372bd12454a2d6f6b6f129a7b
455,ord_dataset-1ec2807f02fa4beda27d2a81b86eb843:ord-5dc4fceaa6ce4dc48ef23f484c554e1d,ord_dataset-1ec2807f02fa4beda27d2a81b86eb843,15,ced63884e9c31c24b21f40a78a67e8ed3f74f55146c1fe0a5dad1ddc56fd5ae6
456,ord_dataset-1ec2807f02fa4beda27d2a81b86eb843:ord-5df69edea5cf4e808809fdded6729f05,ord_dataset-1ec2807f02fa4beda27d2a81b86eb843,375,5bf995e56303bf5c052c1388abbf55552e6dbcb0103a064ce9f70ad46ab149b4
457,ord_dataset-1ec2807f02fa4beda27d2a81b86eb843:ord-5e6c87037cb74869b618637889d54360,ord_dataset-1ec2807f02fa4beda27d2a81b86eb843,121,f82686add98b62aa58a252a17974a19e8c32ff3bbd6c1954cf68e754eb61a50d
458,ord_dataset-1ec2807f02fa4beda27d2a81b86eb843:ord-5ee9d2c748114911b810f056b1871c3f,ord_dataset-1ec2807f02fa4beda27d2a81b86eb843,1065,34fdaffc28653b6abe4d393a657a616756ddf761d8216a40cffb89e121d09ef2
459,ord_dataset-1ec2807f02fa4beda27d2a81b86eb843:ord-5ef78d95a0094ede8b3eacd4c84ec5ff,ord_dataset-1ec2807f02fa4beda27d2a81b86eb843,317,9babc1344ffaf8d43b7b6a66ed7dca7d8439b91a9589e845f1c992817b5a3ef9
460,ord_dataset-1ec2807f02fa4beda27d2a81b86eb843:ord-5efed17940c74cecae6c6e6741c22b14,ord_dataset-1ec2807f02fa4beda27d2a81b86eb843,839,0418adeada485f6c20984938dc7e8fc32bc5e9798c83483cc40dffb6261dd6b3
461,ord_dataset-1ec2807f02fa4beda27d2a81b86eb843:ord-5f1a9763353a447f996308d53166ff56,ord_dataset-1ec2807f02fa4beda27d2a81b86eb843,918,7f2cfe8e71595740f67ecd68bdae56b873d9bf16ff865564d53f0ad00b73acb5
462,ord_dataset-1ec2807f02fa4beda27d2a81b86eb843:ord-5f237f55d09c4635820ea688f3dc6899,ord_dataset-1ec2807f02fa4beda27d2a81b86eb843,638,60a1850cb933ac1babad33788c9437fce6a3db8be5e52f39d39b6f17bdf7a01f
463,ord_dataset-1ec2807f02fa4beda27d2a81b86eb843:ord-5f55e69d30dc4ea98dbde10a8f7f1401,ord_dataset-1ec2807f02fa4beda27d2a81b86eb843,954,04c38d46ba2bb0777eaa4660ab8cb3a45b8aca9ad5b4a982703049cec4ecde56
464,ord_dataset-1ec2807f02fa4beda27d2a81b86eb843:ord-5fad4afd8cc14571a8f4ca96b34b786c,ord_dataset-1ec2807f02fa4beda27d2a81b86eb843,77,20c2ef1f73fe3c309bc91c1bff3647723b1dd0ed5efbd17331cbe36ac6698c02
465,ord_dataset-1ec2807f02fa4beda27d2a81b86eb843:ord-5fda41e1725f43df9b7007220d26e60f,ord_dataset-1ec2807f02fa4beda27d2a81b86eb843,906,377fd58f3f48f35e7a3201db5ae6037a6eb33e7e9cb7d6f8f9213441de5ad903
466,ord_dataset-1ec2807f02fa4beda27d2a81b86eb843:ord-605d2a2b107040409d56dac79f3c3e05,ord_dataset-1ec2807f02fa4beda27d2a81b86eb843,213,865b947f0935c48f9c46b9585f32de44a99fdd2f26914e58a3ce11b211f3a0f8
467,ord_dataset-1ec2807f02fa4beda27d2a81b86eb843:ord-616d6504031f4cc8b2bf0eaa12f68b60,ord_dataset-1ec2807f02fa4beda27d2a81b86eb843,294,d74f846132c948a0859f8d5f480e327959442500c9de0141ad15dfa8a15daaa2
468,ord_dataset-1ec2807f02fa4beda27d2a81b86eb843:ord-622133ead07b4baaaeed8a1ab38db1b7,ord_dataset-1ec2807f02fa4beda27d2a81b86eb843,138,bdff40d1c4fff709fdce8bfb48ceb5e5347eb18c461a16fb01f1064ace7520c3
469,ord_dataset-1ec2807f02fa4beda27d2a81b86eb843:ord-626b61ba96d44348a31faa8ceee0f098,ord_dataset-1ec2807f02fa4beda27d2a81b86eb843,1086,4ac87ea331f3fe878e3e635597102739c3c857d7c4a8e99af371a776c7aa2430
470,ord_dataset-1ec2807f02fa4beda27d2a81b86eb843:ord-62c39c0a85ba477194cd83be9941fb24,ord_dataset-1ec2807f02fa4beda27d2a81b86eb843,5,f4314ac82165b11bedac105796a9485b885682394ad06000e6c1dc236992020a
471,ord_dataset-1ec2807f02fa4beda27d2a81b86eb843:ord-62d604b2e8a84f8a8e3a723514f178cf,ord_dataset-1ec2807f02fa4beda27d2a81b86eb843,544,70bf23dd34cd95449d407e7d145cff07c321358fe1ff8b2a0220b976acc6654a
472,ord_dataset-1ec2807f02fa4beda27d2a81b86eb843:ord-632b8e3c26de4d14bc3e6a0edbf32cbc,ord_dataset-1ec2807f02fa4beda27d2a81b86eb843,1167,96cbfb7091fc791a01b0bd11c3466fae5eb05ca0b2fdc2fcdfc6fdd140f9088c
473,ord_dataset-1ec2807f02fa4beda27d2a81b86eb843:ord-63aaf5b17af446f3a3271b83d9458f7b,ord_dataset-1ec2807f02fa4beda27d2a81b86eb843,958,f8466d29835facde6000801bfc398dc0c7375c7ac921ed59c54d653aedb61f00
474,ord_dataset-1ec2807f02fa4beda27d2a81b86eb843:ord-63edca4807c5486697170507b08b9523,ord_dataset-1ec2807f02fa4beda27d2a81b86eb843,820,e033064838ab25aac83eab40c02a1ae9e3cc70fd719075448a06e762322a1b10
475,ord_dataset-1ec2807f02fa4beda27d2a81b86eb843:ord-6402f6377e8a45549af90d0b92b9fa53,ord_dataset-1ec2807f02fa4beda27d2a81b86eb843,1199,4fac0d1aaf346d06622f6db90cb418becca8446022d11f8bf12ca9dbe33c51b2
476,ord_dataset-1ec2807f02fa4beda27d2a81b86eb843:ord-641c4f795037445caab45cbd4e6da482,ord_dataset-1ec2807f02fa4beda27d2a81b86eb843,726,3cebacbe01cd767fc25d69379bd3e65ac98460a116e6ec5a7f7e6cc56740e6ce
477,ord_dataset-1ec2807f02fa4beda27d2a81b86eb843:ord-646926ff30ee45778975e26558814ca3,ord_dataset-1ec2807f02fa4beda27d2a81b86eb843,69,2565acb99c8e05dbd95771751abd3849e43ad3f8ac4877644c0c03c9cb6e9c4a
478,ord_dataset-1ec2807f02fa4beda27d2a81b86eb843:ord-64875e66533c410fa7c853a9ab5db874,ord_dataset-1ec2807f02fa4beda27d2a81b86eb843,967,8d8eab7913d226ba000dd2b7e7ebfd7bd2a95a258eff54408432b529c92557db
479,ord_dataset-1ec2807f02fa4beda27d2a81b86eb843:ord-648fba6bbd664afebfc452d9a499b8c2,ord_dataset-1ec2807f02fa4beda27d2a81b86eb843,470,89d754bf858f4624b8af91d880110ac5808d2a0967c8b31de8836c27ac7c7fb2
480,ord_dataset-1ec2807f02fa4beda27d2a81b86eb843:ord-64ddf64fdc564688b8e5bf7f1973f4f3,ord_dataset-1ec2807f02fa4beda27d2a81b86eb843,411,eb2dd4ee59685f92edd2af78cfe80d9b32c0c6becd83767754cd8bedd39754f3
481,ord_dataset-1ec2807f02fa4beda27d2a81b86eb843:ord-64f10a9244a94fb8b3226b0a9b2349b2,ord_dataset-1ec2807f02fa4beda27d2a81b86eb843,814,a99e9783df19379d1d2ea8f20aa8a51220c58713d9699031915da5242e86e2a2
482,ord_dataset-1ec2807f02fa4beda27d2a81b86eb843:ord-64f5576262c1407ba3972774da4dedb8,ord_dataset-1ec2807f02fa4beda27d2a81b86eb843,524,7c5f3b0e36b7669278cc44022780a5f6b1e239cd582df2d21f7fbf526831a8e0
483,ord_dataset-1ec2807f02fa4beda27d2a81b86eb843:ord-653addc663524c268b9394dbc631a189,ord_dataset-1ec2807f02fa4beda27d2a81b86eb843,78,e748a375546a551bcb65460bfd166b20b4fec7ea883f9d6937956528261b3e54
484,ord_dataset-1ec2807f02fa4beda27d2a81b86eb843:ord-65704754529d475e935dc5688ecbdb58,ord_dataset-1ec2807f02fa4beda27d2a81b86eb843,321,3057577339e128f5916fe4414f7c9b48a3b4d333402f0fee65839800d2170ad0
485,ord_dataset-1ec2807f02fa4beda27d2a81b86eb843:ord-662c30c2919e4af983db94d5620ce74d,ord_dataset-1ec2807f02fa4beda27d2a81b86eb843,1215,c1d25e0e2b114b8701f4571dc9d19778c1196e84a79b8ae250696f54576139bc
486,ord_dataset-1ec2807f02fa4beda27d2a81b86eb843:ord-66a232e12d6b45bead41838e8217decb,ord_dataset-1ec2807f02fa4beda27d2a81b86eb843,395,62f9ba633a8318297506f5d0692fd57f4271bdcd282d8cceb6500dd7a698a8ef
487,ord_dataset-1ec2807f02fa4beda27d2a81b86eb843:ord-6723266bd97049e68b42765299551c3f,ord_dataset-1ec2807f02fa4beda27d2a81b86eb843,690,f3bd8c42c747191624d025e30e4efa1fe12741cdc950dca356b5b752ddc3c264
488,ord_dataset-1ec2807f02fa4beda27d2a81b86eb843:ord-676e62ec6cf44f6d9111a9258fd59d11,ord_dataset-1ec2807f02fa4beda27d2a81b86eb843,856,2680f03dbd55bc55b9510d1857b34b28a96174a4dc495dbfabc69f570fb69b29
489,ord_dataset-1ec2807f02fa4beda27d2a81b86eb843:ord-6771f85d9875449aa18d0a328fc91b80,ord_dataset-1ec2807f02fa4beda27d2a81b86eb843,377,0cf4d5ef3bd733a6515a5bea5c02418a8ccc5720ddee8eb558d25900fc69262f
490,ord_dataset-1ec2807f02fa4beda27d2a81b86eb843:ord-67b9bf461c2e410089a0b3a74ab46753,ord_dataset-1ec2807f02fa4beda27d2a81b86eb843,245,097339d161bd047224a4061fee3f7fba69e0ee4a061eb26da281ab086e7455a4
491,ord_dataset-1ec2807f02fa4beda27d2a81b86eb843:ord-67e3c4c65b2d4918beff51c49d6bbc01,ord_dataset-1ec2807f02fa4beda27d2a81b86eb843,689,17e3a2c4680b15b737f9de4a96db1f3499db983c4011475242d7d7352fcd2eeb
492,ord_dataset-1ec2807f02fa4beda27d2a81b86eb843:ord-67e408ec5ae74eedbc2ece56aecd8e21,ord_dataset-1ec2807f02fa4beda27d2a81b86eb843,1007,cefea3281b6c35bc75829a4fd8d4f132c037509fe251fd08559fdebe76c4e448
493,ord_dataset-1ec2807f02fa4beda27d2a81b86eb843:ord-68838356bd22432aa4d08bea395c3ecd,ord_dataset-1ec2807f02fa4beda27d2a81b86eb843,597,a75551fab0bcc57ffdf69640d0fa8437cbf029b27eab03ed3e1a8180c08ae86b
494,ord_dataset-1ec2807f02fa4beda27d2a81b86eb843:ord-68a40100e9a744d6abe04e9cb55bbc9c,ord_dataset-1ec2807f02fa4beda27d2a81b86eb843,710,2805b40f169b1382e604d33c236df6ef1fc441bdc14816b11e88291769fd1bb0
495,ord_dataset-1ec2807f02fa4beda27d2a81b86eb843:ord-69304ebd05d04dd387f7716e5d500da6,ord_dataset-1ec2807f02fa4beda27d2a81b86eb843,232,b34fd7d488a4b1b660a6403bc51ef66e2795c7d15f5ac97bfbf4eccbac1968a4
496,ord_dataset-1ec2807f02fa4beda27d2a81b86eb843:ord-6992661f1f20402096dc07603377aa24,ord_dataset-1ec2807f02fa4beda27d2a81b86eb843,1158,d19105325caace9f5fff3395c2c7135f6a7761ba45347e661cfdbe838f5599ef
497,ord_dataset-1ec2807f02fa4beda27d2a81b86eb843:ord-6998dbba5c594fbcb00ff6a5c9a4f818,ord_dataset-1ec2807f02fa4beda27d2a81b86eb843,907,0977c8705a8c609136e0cd400ea6aa68fb5e02c26dbdbfa42a01e099b4fa32d6
498,ord_dataset-1ec2807f02fa4beda27d2a81b86eb843:ord-69997f9718304961877044821fda21ac,ord_dataset-1ec2807f02fa4beda27d2a81b86eb843,1041,118c850a638e3d78d2d00577bf5163f83c0b16649ed0063486885551a7aaf019
499,ord_dataset-1ec2807f02fa4beda27d2a81b86eb843:ord-69eeacd2fbf04e91aa001dfd58e15967,ord_dataset-1ec2807f02fa4beda27d2a81b86eb843,161,bae05a56d0f47c85579bdb2f6d05eb58d56e460ad8a19c16c5c18bb3f2988848
500,ord_dataset-1ec2807f02fa4beda27d2a81b86eb843:ord-6a0c5b2cfab24e479cf54f69299127ba,ord_dataset-1ec2807f02fa4beda27d2a81b86eb843,265,01ceb10ca07fdc6b20c37f4a3956002965a2bf22852d4b3ab739e67bdf5cae33
501,ord_dataset-1ec2807f02fa4beda27d2a81b86eb843:ord-6a0ea2842bca440f870531ce7d5cd4fe,ord_dataset-1ec2807f02fa4beda27d2a81b86eb843,313,abd55fca3a32a9305829dcb3711334cc0f35c291ee265bd89140b16bf5108846
502,ord_dataset-1ec2807f02fa4beda27d2a81b86eb843:ord-6a5c4d8e42504435ac9e7fa373549154,ord_dataset-1ec2807f02fa4beda27d2a81b86eb843,701,eee9d58562f603a6ea42f67c1ad57783521bfcb5baa36b53a575089574015d52
503,ord_dataset-1ec2807f02fa4beda27d2a81b86eb843:ord-6ab4928e928a45f9b201835d20f04401,ord_dataset-1ec2807f02fa4beda27d2a81b86eb843,1031,23fc66d94be9d165364a9e895f1dbd643d4406d5a74f944ca42f1bf02fa65b99
504,ord_dataset-1ec2807f02fa4beda27d2a81b86eb843:ord-6ac0912babd747d5afd70be7ef09e713,ord_dataset-1ec2807f02fa4beda27d2a81b86eb843,210,99e1459eea44038be7c39fbbd1ee3b0716bb18ed51e5ccc3c8339d195b490227
505,ord_dataset-1ec2807f02fa4beda27d2a81b86eb843:ord-6af07a8997864aab93b5c5fa750ccd0b,ord_dataset-1ec2807f02fa4beda27d2a81b86eb843,1058,8c7e96cf1654c35d67a6ed90bfcc84fb9d2d66ddd0e031b5ca0b5546a326582a
506,ord_dataset-1ec2807f02fa4beda27d2a81b86eb843:ord-6b00946f0bbb4187837ddf16c783cf1f,ord_dataset-1ec2807f02fa4beda27d2a81b86eb843,798,ee97b14d3b082c5b9e98971a14cbb7a394109969c02d48cd527d606d997b55bf
507,ord_dataset-1ec2807f02fa4beda27d2a81b86eb843:ord-6b5b2943c1274fbf87d5931a8590ead4,ord_dataset-1ec2807f02fa4beda27d2a81b86eb843,1067,43858390a5343055e334f27f7ebc1ffcedb6315fb38173214d4be1875824be7d
508,ord_dataset-1ec2807f02fa4beda27d2a81b86eb843:ord-6b5c5ea0b540411f995e8630b2b8eb1b,ord_dataset-1ec2807f02fa4beda27d2a81b86eb843,720,0cf40349210c627283fdc0f70c054e5ff3a46619acfcfe3528b8b4d496574b70
509,ord_dataset-1ec2807f02fa4beda27d2a81b86eb843:ord-6b662d740e77411f80f60d9090c5d511,ord_dataset-1ec2807f02fa4beda27d2a81b86eb843,626,06fb13086483d4e2e533d67e8a0f7f87067817f06bd26dbb1fe564cb0170d079
510,ord_dataset-1ec2807f02fa4beda27d2a81b86eb843:ord-6b769abd2fd643fea472398ebcbdc9df,ord_dataset-1ec2807f02fa4beda27d2a81b86eb843,922,faeda4a0a49e968763d2800547ba43b12f632c308013e0623204105085378a22
511,ord_dataset-1ec2807f02fa4beda27d2a81b86eb843:ord-6b90da0bd23d471395c0bcb4cc009dae,ord_dataset-1ec2807f02fa4beda27d2a81b86eb843,652,ae9d3adcd0cb160b43d404421372ddf19efbec8bdecb37b0bbf16909d0596536
512,ord_dataset-1ec2807f02fa4beda27d2a81b86eb843:ord-6bbdd4fa106b4d4ab7352ef20a8824ff,ord_dataset-1ec2807f02fa4beda27d2a81b86eb843,155,0271fa2555feb050148f4a6efe60f18501e49edea4c4a745327e962880e059fb
513,ord_dataset-1ec2807f02fa4beda27d2a81b86eb843:ord-6c085f61b1a048c5b71ed114f7d58c5c,ord_dataset-1ec2807f02fa4beda27d2a81b86eb843,1185,b1d0eb8125e2ec972e7feaff285ab6b2ab025a9878275fc2c9e6945123dfc92c
514,ord_dataset-1ec2807f02fa4beda27d2a81b86eb843:ord-6c310e5ed37442eea0bca12e6b4f59b2,ord_dataset-1ec2807f02fa4beda27d2a81b86eb843,864,2c9e665316da4e45531a59ddf3d4bf51073972b94fddc57544d67f0259bbc23a
515,ord_dataset-1ec2807f02fa4beda27d2a81b86eb843:ord-6c86ce86175f42bd9969f8536fd827b2,ord_dataset-1ec2807f02fa4beda27d2a81b86eb843,401,72607c5023e8783969f9490b6c7c92939c4b51b20d43ca852b03a4af49691d5d
516,ord_dataset-1ec2807f02fa4beda27d2a81b86eb843:ord-6d48862ace534db8ba9fbc4abec73359,ord_dataset-1ec2807f02fa4beda27d2a81b86eb843,933,3bf45c5f6d80c4f981ede227e8ab0e029bcf335b5e568f1632e15c3746111e97
517,ord_dataset-1ec2807f02fa4beda27d2a81b86eb843:ord-6d9c927b29314f60b068736670c752ee,ord_dataset-1ec2807f02fa4beda27d2a81b86eb843,583,b1c5407c72488273a2735ff0620dd7ad45d24d6ab20033b4d7f9e3a399aa6734
518,ord_dataset-1ec2807f02fa4beda27d2a81b86eb843:ord-6e1700b4ec4e4f8098d0e3f92f672fdd,ord_dataset-1ec2807f02fa4beda27d2a81b86eb843,796,a24096f240c36ac378f6c7f965fb9c2d88d67eec15d8d2fffd913f46c1accc66
519,ord_dataset-1ec2807f02fa4beda27d2a81b86eb843:ord-6e24b5cbb34f4b3f99fafa7a1df1469e,ord_dataset-1ec2807f02fa4beda27d2a81b86eb843,293,a76b9a33adc39f23ca493eaae74e14fbb10f26e23b9286aef8e3fb97722c034c
520,ord_dataset-1ec2807f02fa4beda27d2a81b86eb843:ord-6e29ec19e46143f1bd0a01f64df4feec,ord_dataset-1ec2807f02fa4beda27d2a81b86eb843,117,7134f3263a9368e277658abe1664af3ec2369a81a8912f915e9560bf58dea20f
521,ord_dataset-1ec2807f02fa4beda27d2a81b86eb843:ord-6e41f5042c4f4ff2a7ff262e5c69e7a9,ord_dataset-1ec2807f02fa4beda27d2a81b86eb843,575,0f0d39410ff0d119c382693b8922713614aba4cb29759d01684f569dd4299a9c
522,ord_dataset-1ec2807f02fa4beda27d2a81b86eb843:ord-6e572122eb4c43ff809f4d3b18180e93,ord_dataset-1ec2807f02fa4beda27d2a81b86eb843,943,74e06a315e5f697aa3445de47986a8031a30352f255d25a0979619356444c3a5
523,ord_dataset-1ec2807f02fa4beda27d2a81b86eb843:ord-6f2e4d4a35bf4e0b8c19fe4d5cfc9c5f,ord_dataset-1ec2807f02fa4beda27d2a81b86eb843,627,f91145caf8e051b1f3c63f8973631c87443b08bac5d87a70aba4f30ef53b7a50
524,ord_dataset-1ec2807f02fa4beda27d2a81b86eb843:ord-6f3be8a503e5470da278dab4bc626e61,ord_dataset-1ec2807f02fa4beda27d2a81b86eb843,894,a5603732cc07ddef75f761d086dfbf04c855639ee94d664dff5dc4658b1a7880
525,ord_dataset-1ec2807f02fa4beda27d2a81b86eb843:ord-6f4b6c0d8359466493f5fd36d3238fcf,ord_dataset-1ec2807f02fa4beda27d2a81b86eb843,465,33b80d9d8d4866d96548a26e791c6fe966832b660e66270ad8c2fca4ac51264e
526,ord_dataset-1ec2807f02fa4beda27d2a81b86eb843:ord-6f7cd9c89d5546619cf500e49eb8231f,ord_dataset-1ec2807f02fa4beda27d2a81b86eb843,322,bc7e0a955d43e69ac0e19aa536faa62bc4b25b7af97fede0f85386b4f1542568
527,ord_dataset-1ec2807f02fa4beda27d2a81b86eb843:ord-6f842bafb0fd43d0b197e9112a1a2632,ord_dataset-1ec2807f02fa4beda27d2a81b86eb843,642,1723ae891ec8efcde53cd6e3289ee5fcf1526e0989316cea1ac3f5deaf2d1006
528,ord_dataset-1ec2807f02fa4beda27d2a81b86eb843:ord-6fd85ff1a24e40128900bcdd0bdd7c76,ord_dataset-1ec2807f02fa4beda27d2a81b86eb843,682,bed0e99a734589eab3c8cf296d23b38e8fa410c3d92e097832216a0e55922cc0
529,ord_dataset-1ec2807f02fa4beda27d2a81b86eb843:ord-6fdefd4d99d14b6999e9cfcf260ed691,ord_dataset-1ec2807f02fa4beda27d2a81b86eb843,775,930508a27bcfb6f4c0f5844d52fa9e8edf80f7772bcad87a7b2125c8b256213e
530,ord_dataset-1ec2807f02fa4beda27d2a81b86eb843:ord-7065439f28454c78a29df86640aaae2e,ord_dataset-1ec2807f02fa4beda27d2a81b86eb843,846,2c517cd267685d98905e670ac2a87d0a1a3341c3901d12e733d899f8bc5ebfd6
531,ord_dataset-1ec2807f02fa4beda27d2a81b86eb843:ord-70c1d8eb949a4821b37f07657f57c7a1,ord_dataset-1ec2807f02fa4beda27d2a81b86eb843,1099,d42729ca9c4e2cba7b6c5777d9ec751cca33bdc8f3d006613291d439fa1fe1a9
532,ord_dataset-1ec2807f02fa4beda27d2a81b86eb843:ord-70ddd6f4833742dabd677efb32c17d7e,ord_dataset-1ec2807f02fa4beda27d2a81b86eb843,891,f15425c945a9d0e6ac6d727f525c3a50935bf838689cbfa11d1756eda866c96d
533,ord_dataset-1ec2807f02fa4beda27d2a81b86eb843:ord-70f250ce64404858973e0adb76dab7e7,ord_dataset-1ec2807f02fa4beda27d2a81b86eb843,241,53186df7d3f61b570f685570ed721df0b7c7b770c1535661cc617890114b5fbb
534,ord_dataset-1ec2807f02fa4beda27d2a81b86eb843:ord-711aeb35164541d58ba709363dd3df1c,ord_dataset-1ec2807f02fa4beda27d2a81b86eb843,1147,5074725e0ddbaa3a29c7f650e319fb5200a3a115faf4cf600cdaf790265d5903
535,ord_dataset-1ec2807f02fa4beda27d2a81b86eb843:ord-712574c9e63c4b42912a1517a7399262,ord_dataset-1ec2807f02fa4beda27d2a81b86eb843,1151,a9938acb4d0f4a9838b0d958737c386c733d6fab548ad4c017c2f03425b9ae15
536,ord_dataset-1ec2807f02fa4beda27d2a81b86eb843:ord-71a47bb13344405a8719077c4ba9ad30,ord_dataset-1ec2807f02fa4beda27d2a81b86eb843,485,2e993fc0154b794419ac8a3f895bc8c03da385444545318a94f313f3fdceafdb
537,ord_dataset-1ec2807f02fa4beda27d2a81b86eb843:ord-71c19106ebf34a40ad508fc5029717a5,ord_dataset-1ec2807f02fa4beda27d2a81b86eb843,292,2d67e133ca4effbcecae6f02f868038dbe903b1ca117f2dbbd5378c1fecc511d
538,ord_dataset-1ec2807f02fa4beda27d2a81b86eb843:ord-71d871ff1b5f419c9280b0181c3e1549,ord_dataset-1ec2807f02fa4beda27d2a81b86eb843,236,d80f77a7df51c864b06c83fcf3d30967ea5afe3ea4bddabaf095bac17237d1e1
539,ord_dataset-1ec2807f02fa4beda27d2a81b86eb843:ord-71fb356a967d4e4191ad2ba09df8c02d,ord_dataset-1ec2807f02fa4beda27d2a81b86eb843,751,66344ffdef97ab55d8013a8ae3cabee2a755b5559bb706c298a02ae8ddc7475c
540,ord_dataset-1ec2807f02fa4beda27d2a81b86eb843:ord-72374368714d401aba702b4156205658,ord_dataset-1ec2807f02fa4beda27d2a81b86eb843,778,2b62d513de55e20ce6dc4cb3349e655b884509d8809fe200da777ffc2e7cb5ba
541,ord_dataset-1ec2807f02fa4beda27d2a81b86eb843:ord-7254c9aa63fc491397ebc36b5545d5d4,ord_dataset-1ec2807f02fa4beda27d2a81b86eb843,528,3adfc4e0de98f15bd246c46b8c35871defa18a369886996cb5b3bc6040122ae2
542,ord_dataset-1ec2807f02fa4beda27d2a81b86eb843:ord-72afab165e6644b4aaf601ce88bfea9d,ord_dataset-1ec2807f02fa4beda27d2a81b86eb843,996,d6fa0bca1eccf5163b1515645027b5c7dd23cc10e68e1c3ac4d75f17f9ba5317
543,ord_dataset-1ec2807f02fa4beda27d2a81b86eb843:ord-72d58eabee3d4ce1bccbc480e5124861,ord_dataset-1ec2807f02fa4beda27d2a81b86eb843,836,4fb34326e01567e9b6dd2fa9fba7ef46a1dce1f9e37a6d6a79d76062ba6dc5f5
544,ord_dataset-1ec2807f02fa4beda27d2a81b86eb843:ord-73435fef733a4bdab886c17a48b97262,ord_dataset-1ec2807f02fa4beda27d2a81b86eb843,908,b0bbfe1b284f85202e74939832b4809034687a52a68f66a9d44b177bc2ed5763
545,ord_dataset-1ec2807f02fa4beda27d2a81b86eb843:ord-73af4a71e5ca4803989281f29fb67a1b,ord_dataset-1ec2807f02fa4beda27d2a81b86eb843,1046,641cd5c41380a99d53e36357a1e4cd0e3fc3cb711b318cf52bc601bc6fb03dc3
546,ord_dataset-1ec2807f02fa4beda27d2a81b86eb843:ord-73c731d6cdb3478c97899e3919c6ee76,ord_dataset-1ec2807f02fa4beda27d2a81b86eb843,1117,be772eaf46fb11804384c4adad6845b6c9965d8ac57e817fd8072c9f13618249
547,ord_dataset-1ec2807f02fa4beda27d2a81b86eb843:ord-73d5e84d0423425aaaf5846631dc220d,ord_dataset-1ec2807f02fa4beda27d2a81b86eb843,825,ab1a3be2aed88c47647d6e65a5a5c726d6ae9cfbef853a9bb144ebde7d2d5c00
548,ord_dataset-1ec2807f02fa4beda27d2a81b86eb843:ord-740738a4816041908b2622457f255bee,ord_dataset-1ec2807f02fa4beda27d2a81b86eb843,32,8d860b497959de2147a4ffec46e39bad70ac2f0122146845f15eced1261512a3
549,ord_dataset-1ec2807f02fa4beda27d2a81b86eb843:ord-7416ec8f2bd349719ae10cb6b6edd2a4,ord_dataset-1ec2807f02fa4beda27d2a81b86eb843,601,e1d9fe48e05dc54a141ff6f5a23fc1bce77f5d9afc415f5695b122f036358415
550,ord_dataset-1ec2807f02fa4beda27d2a81b86eb843:ord-7439b9ad645842cb8330f0e1598c5ac2,ord_dataset-1ec2807f02fa4beda27d2a81b86eb843,127,9be17bdfbb52991b742eea6b3565a0a61f56d65234b70501e18cfca88b84053f
551,ord_dataset-1ec2807f02fa4beda27d2a81b86eb843:ord-746424d2ef8a4045a17df431ea987159,ord_dataset-1ec2807f02fa4beda27d2a81b86eb843,888,d57b71d89711a55fe948aefc454d90ba9295a2d45b3f2a142a09b5d6d0a3f67e
552,ord_dataset-1ec2807f02fa4beda27d2a81b86eb843:ord-74ef316173014c56886d9f42e00b9854,ord_dataset-1ec2807f02fa4beda27d2a81b86eb843,1102,1bd7a1b26ad2813eee9513ac8637643a776c2a3851609d419be8611bf05af0ab
553,ord_dataset-1ec2807f02fa4beda27d2a81b86eb843:ord-7527a443ef0141a8af2247fdf3398fad,ord_dataset-1ec2807f02fa4beda27d2a81b86eb843,765,3b93471cdec8468569c9d1d08db9d8656e0bb28a222d639be0333a226c516c87
554,ord_dataset-1ec2807f02fa4beda27d2a81b86eb843:ord-75abe9472b4044239f99f77bb3655bc5,ord_dataset-1ec2807f02fa4beda27d2a81b86eb843,362,ff5c9fe2ff4c1ec9da81e43117e42e1cc2f3b1c87c5419741076ffc31a3341a6
555,ord_dataset-1ec2807f02fa4beda27d2a81b86eb843:ord-75ee2dbf32b549998316b72e96ec96f2,ord_dataset-1ec2807f02fa4beda27d2a81b86eb843,890,474e1f58c3770a006111770a96bcba8fae481b34b64fc41c72b91795a2454bc9
556,ord_dataset-1ec2807f02fa4beda27d2a81b86eb843:ord-762713d4fd614943bf4bea984493923d,ord_dataset-1ec2807f02fa4beda27d2a81b86eb843,1035,89424dbfb6653afc9a70cc9570627a8152488a31db50188cfeef781dce464eb1
557,ord_dataset-1ec2807f02fa4beda27d2a81b86eb843:ord-76928f774f3b404abb93146d01eacc0d,ord_dataset-1ec2807f02fa4beda27d2a81b86eb843,1011,0786ceebada771ca4210b4d48b95f0944c7bfb3f70630527edeb61e1f86adac9
558,ord_dataset-1ec2807f02fa4beda27d2a81b86eb843:ord-769e0342dc744a1eb97e9e1ada79e0a1,ord_dataset-1ec2807f02fa4beda27d2a81b86eb843,37,38ee4eb450071a6832d6b7db1e448e310daa437b4bd2b90963ede2e2bf9220f7
559,ord_dataset-1ec2807f02fa4beda27d2a81b86eb843:ord-76ceba38c39845dc8805e4b3ed5ed61f,ord_dataset-1ec2807f02fa4beda27d2a81b86eb843,961,61de9b938a017f7d8ffd65b8c3789ba09fe1c62e49922718e6a92f3d190e300f
560,ord_dataset-1ec2807f02fa4beda27d2a81b86eb843:ord-7711f4dc6c96401c9294a309ae0435f8,ord_dataset-1ec2807f02fa4beda27d2a81b86eb843,677,f6e090ed96ecd8eecd0ebe7c4c00410a9fa5f3bb34c51a97725dffea038017bd
561,ord_dataset-1ec2807f02fa4beda27d2a81b86eb843:ord-774da1d2252c45b4a428fcdcff6cc150,ord_dataset-1ec2807f02fa4beda27d2a81b86eb843,314,1e19a6ee07eafb5961b5cf70c2d6e7ea2d7ee9c146464f5f34beb33570ff9c6c
562,ord_dataset-1ec2807f02fa4beda27d2a81b86eb843:ord-7764a754172149ce8f7026168fe256d1,ord_dataset-1ec2807f02fa4beda27d2a81b86eb843,1174,9f32f46df0a96e82fe806a381bb7e20d8b38b66686f7c1e76c8bbd4ac36df5e8
563,ord_dataset-1ec2807f02fa4beda27d2a81b86eb843:ord-7765db5c25ed4dac9f325a15ddcb3464,ord_dataset-1ec2807f02fa4beda27d2a81b86eb843,562,fe289f666f859db254d0a2d34078f1a64801245fd7da371e7df62945dd4b4e76
564,ord_dataset-1ec2807f02fa4beda27d2a81b86eb843:ord-77b107ad8e724039acaade4ec135e9cf,ord_dataset-1ec2807f02fa4beda27d2a81b86eb843,147,7e329735c84b10765261a6820fb5dd5a4e8a9ea1db6b90f702a08b967b554da2
565,ord_dataset-1ec2807f02fa4beda27d2a81b86eb843:ord-78173a6571dd4575affbc53cd033e70a,ord_dataset-1ec2807f02fa4beda27d2a81b86eb843,867,8f897948d1c510849eae3279a1a7209e11fb925cb6a837f9a3a1db2ae38352c1
566,ord_dataset-1ec2807f02fa4beda27d2a81b86eb843:ord-7844d90040da48358a02a3dabffb3147,ord_dataset-1ec2807f02fa4beda27d2a81b86eb843,352,f1689b898665bdc42a86d00fc3dd22b8fede66dabd0ffdf6b87d188414a79a79
567,ord_dataset-1ec2807f02fa4beda27d2a81b86eb843:ord-7853abc58a8f45238d9618fa90062734,ord_dataset-1ec2807f02fa4beda27d2a81b86eb843,1217,2ef89dddb55dbfacbab168485b40023057702f1e21ba89c8e5c5f1e1fd2ce95e
568,ord_dataset-1ec2807f02fa4beda27d2a81b86eb843:ord-78ac658fae4742ce80372a8bd2f2a06d,ord_dataset-1ec2807f02fa4beda27d2a81b86eb843,283,8f81deb79decbd5e3be8c0a657b73735d42cab0a220808e9ee0d83a173d022ad
569,ord_dataset-1ec2807f02fa4beda27d2a81b86eb843:ord-78ad550577c048bba100235e37d845c9,ord_dataset-1ec2807f02fa4beda27d2a81b86eb843,737,d61b066737f6508580cab136b57137d77dda2aa6fc817a5cb53ae3128e814dc0
570,ord_dataset-1ec2807f02fa4beda27d2a81b86eb843:ord-78cab8436f3f499aae6a57e866618aa8,ord_dataset-1ec2807f02fa4beda27d2a81b86eb843,976,6335676c70771e00447b4438138b864467dcf01e836bd177e69cecef08b69075
571,ord_dataset-1ec2807f02fa4beda27d2a81b86eb843:ord-79140fd1962c46e99065a8c2898c22e4,ord_dataset-1ec2807f02fa4beda27d2a81b86eb843,261,c155276af8598ac340c1048e153cb6e9a844111ea9ea3f4fc6fdd53cd641a0f4
572,ord_dataset-1ec2807f02fa4beda27d2a81b86eb843:ord-79405cb173e8495691f296aa39643507,ord_dataset-1ec2807f02fa4beda27d2a81b86eb843,150,fd4e331bbdbe22017b990c552f92b2ada78732ee827d01a6aab80cd0d5bbb8c5
573,ord_dataset-1ec2807f02fa4beda27d2a81b86eb843:ord-79a9f4f74bd54607a40aea83314c5f27,ord_dataset-1ec2807f02fa4beda27d2a81b86eb843,390,806509a42aa7282f4c8989c74914272910a66478164581dca3d7ac4e45aab538
574,ord_dataset-1ec2807f02fa4beda27d2a81b86eb843:ord-7a2534888b4a4fe2b229624380f4257b,ord_dataset-1ec2807f02fa4beda27d2a81b86eb843,146,7a53bab000139bac24eaecd72b209a5c1e62c63fa50b4f1132c2136f9df45385
575,ord_dataset-1ec2807f02fa4beda27d2a81b86eb843:ord-7a4b3955f7244d948a199318b13219b7,ord_dataset-1ec2807f02fa4beda27d2a81b86eb843,369,3d8dc1fd2ec04a28b34d92237aded8773046f29355a04612b2de4ed226502b3e
576,ord_dataset-1ec2807f02fa4beda27d2a81b86eb843:ord-7a622343879b41eb84a535fc7d1ca550,ord_dataset-1ec2807f02fa4beda27d2a81b86eb843,355,087fefd777d59d79a7304b6b841765342c06d3b6e53a514ece9ac3fcacb10472
577,ord_dataset-1ec2807f02fa4beda27d2a81b86eb843:ord-7a97904db2104c259af033a2179b4c8c,ord_dataset-1ec2807f02fa4beda27d2a81b86eb843,1216,3c24dc5ed7f046799db4e05c05ff7ebb7f6fef7e54d5cc6d97c22dfcf1f49a7b
578,ord_dataset-1ec2807f02fa4beda27d2a81b86eb843:ord-7aa2642e49b4419f9f74f6eed7809631,ord_dataset-1ec2807f02fa4beda27d2a81b86eb843,169,f05f2e68a6043615a5fd1d4b8cb8ac7c62a815a15fc2d1b149f89d79b5f84a6c
579,ord_dataset-1ec2807f02fa4beda27d2a81b86eb843:ord-7ab1fde5f4ab4d46b9f6caa504df51f5,ord_dataset-1ec2807f02fa4beda27d2a81b86eb843,182,753ffe8b746ac441fa6cbdae6dc2792acb8ab7578c108dbf1c2dbc52e3ec5f69
580,ord_dataset-1ec2807f02fa4beda27d2a81b86eb843:ord-7b137f1be3f94c6ba53febbf197e5eca,ord_dataset-1ec2807f02fa4beda27d2a81b86eb843,898,7048df81418eab6151a9a4dd65432d7a43988165a69bdb681df0eecd3c860d84
581,ord_dataset-1ec2807f02fa4beda27d2a81b86eb843:ord-7b39d5a9ce8d46b394545dba259f9cdc,ord_dataset-1ec2807f02fa4beda27d2a81b86eb843,1103,f59140c5de9334495d1eb7cfba26a5da32c98d8c5f0c15b4271de35cb8878167
582,ord_dataset-1ec2807f02fa4beda27d2a81b86eb843:ord-7bac8ad1677248b18f9987768c01e599,ord_dataset-1ec2807f02fa4beda27d2a81b86eb843,468,4dc523fa3e7ac10322304ea96ed3a8581c785b76395dee705d28d9c012d7770a
583,ord_dataset-1ec2807f02fa4beda27d2a81b86eb843:ord-7bc7167a75614b55945c7dfa6eca8855,ord_dataset-1ec2807f02fa4beda27d2a81b86eb843,760,9c6f0c277cef589b793cf60a663a850c9803e81beb6288b692d6bdfd0b2c392d
584,ord_dataset-1ec2807f02fa4beda27d2a81b86eb843:ord-7c1ef55b0e5c4aa191a54066934c66e2,ord_dataset-1ec2807f02fa4beda27d2a81b86eb843,557,bb404feb4fcb20b1181b7eb1baadf0bc2fbed04abfde87fdb1d995e012370f82
585,ord_dataset-1ec2807f02fa4beda27d2a81b86eb843:ord-7c7c5ad9ac2e45869f108685e6f6cd04,ord_dataset-1ec2807f02fa4beda27d2a81b86eb843,1111,e0444b39762ff4eae06a10d8f4f1f2f63613aec17398df3f2a42258241517c6f
586,ord_dataset-1ec2807f02fa4beda27d2a81b86eb843:ord-7c8637c5b55a4a209a911399fc245d8a,ord_dataset-1ec2807f02fa4beda27d2a81b86eb843,787,b717e61cb4546937a9e2ef78a1d451cf8cb5a2ca135fff21e99e1a6eb193f27b
587,ord_dataset-1ec2807f02fa4beda27d2a81b86eb843:ord-7c984612496846aebe909d7fa1cc8db2,ord_dataset-1ec2807f02fa4beda27d2a81b86eb843,1123,c5a78393f6ba27bb642e7e223c081e3eb0e543acd7e210b77238f3c3c7e6c783
588,ord_dataset-1ec2807f02fa4beda27d2a81b86eb843:ord-7d10de575e5a4aaea07e2199cc416ded,ord_dataset-1ec2807f02fa4beda27d2a81b86eb843,1219,6cc4b0345c948217df222b069c2cd5f0bd30a545234ddb2b9426244de0623354
589,ord_dataset-1ec2807f02fa4beda27d2a81b86eb843:ord-7d3d08938bb94c3d9f46d8bf175acd40,ord_dataset-1ec2807f02fa4beda27d2a81b86eb843,60,d9def2e32be872f00539c0ba5ce8ce4069a9b9af89d4e1363dffe2611aa75f11
590,ord_dataset-1ec2807f02fa4beda27d2a81b86eb843:ord-7d788c1a2460474090963d88be919024,ord_dataset-1ec2807f02fa4beda27d2a81b86eb843,662,530815d737f6878dd22c947dc7de693b870c0c4b580a88252c68c5d3452682ff
591,ord_dataset-1ec2807f02fa4beda27d2a81b86eb843:ord-7dd7d559ce7b44af81f93c1f1c7f5517,ord_dataset-1ec2807f02fa4beda27d2a81b86eb843,383,d40e038f010da0ffc97d3a8c8e8cd56e5505d11c4d53f2a091cb5065dba61a34
592,ord_dataset-1ec2807f02fa4beda27d2a81b86eb843:ord-7de02c3d810d48de973f09f1e9cae77a,ord_dataset-1ec2807f02fa4beda27d2a81b86eb843,840,0de47dd76ee466295c927378e7e6ddb086052b58602296e0bbeddd38c88c0b7a
593,ord_dataset-1ec2807f02fa4beda27d2a81b86eb843:ord-7df90e19800e4ab7a4adeaa4237dd716,ord_dataset-1ec2807f02fa4beda27d2a81b86eb843,1036,7a17f1e95e0808b06f3b48d107baa4a503961b31998091b9d897d2adfbfa547e
594,ord_dataset-1ec2807f02fa4beda27d2a81b86eb843:ord-7e57190b4a0344ebbc3ea4be5953d118,ord_dataset-1ec2807f02fa4beda27d2a81b86eb843,479,645e50096b9609c08e4997766b731946b6dd5370fee51ca978c07a7c05270248
595,ord_dataset-1ec2807f02fa4beda27d2a81b86eb843:ord-7e9c45ddfe4a4cc89e79b07264a431b9,ord_dataset-1ec2807f02fa4beda27d2a81b86eb843,1010,6ad6b076beddfa280a760405127e3f9e98cfe6a0ad840df73f9c6ecd0415feec
596,ord_dataset-1ec2807f02fa4beda27d2a81b86eb843:ord-7ec75ccd01b444aba2a21391d615a80c,ord_dataset-1ec2807f02fa4beda27d2a81b86eb843,188,39a19b67d0fba986ab71466fecaf4898d340d7aa1175469220930bad00ed36cf
597,ord_dataset-1ec2807f02fa4beda27d2a81b86eb843:ord-7ef0a7ea4f1644f7ae777a14e5427ad1,ord_dataset-1ec2807f02fa4beda27d2a81b86eb843,1016,9adfd54ec5c9b4e119dddce26135fc40ed6990f0669f9c82a27bc40a089d032a
598,ord_dataset-1ec2807f02fa4beda27d2a81b86eb843:ord-7f07611c3d8347d79794e9d0849be4ec,ord_dataset-1ec2807f02fa4beda27d2a81b86eb843,477,d1c9df1597830261598b2a0591a575e1a8230b87774bb49f46f0356156513951
599,ord_dataset-1ec2807f02fa4beda27d2a81b86eb843:ord-7f50546ad8224f278ce55a3eb55be48c,ord_dataset-1ec2807f02fa4beda27d2a81b86eb843,231,7d23135a6a2afbf66bb7284d643fc4465294168c7ebfc057c9bdc26b0be91f32
600,ord_dataset-1ec2807f02fa4beda27d2a81b86eb843:ord-7f9aff48e1fe4bf09d652ed8a47d3a2e,ord_dataset-1ec2807f02fa4beda27d2a81b86eb843,366,a1b74cb1b6ed9322d90e82a250fb5070b3335d69162b0ff305e7105996fa984d
601,ord_dataset-1ec2807f02fa4beda27d2a81b86eb843:ord-7faea019828f4cb3b0070b66f11cbc3b,ord_dataset-1ec2807f02fa4beda27d2a81b86eb843,1146,1dda33d4af7aa02956da136da256b69759cd555e4f461ec6f2e173809b8b391e
602,ord_dataset-1ec2807f02fa4beda27d2a81b86eb843:ord-7fbe46701d2c4114beda071ca350c598,ord_dataset-1ec2807f02fa4beda27d2a81b86eb843,416,bda1547efa27755f9fa74aadde151d3168f66f4b63d9f344f9dff9650a35decd
603,ord_dataset-1ec2807f02fa4beda27d2a81b86eb843:ord-80907311430b4847b50f336b9cf36cb6,ord_dataset-1ec2807f02fa4beda27d2a81b86eb843,157,a324d669b1b71ef236c3eae489a4d544a11f1433e02d33835d47701e94332cd9
604,ord_dataset-1ec2807f02fa4beda27d2a81b86eb843:ord-8111557b617e48eea59c7736420c305f,ord_dataset-1ec2807f02fa4beda27d2a81b86eb843,71,a397add2a10de77b931a79e4e29a352666b46f7fac77311b9251910df106b245
605,ord_dataset-1ec2807f02fa4beda27d2a81b86eb843:ord-811c986a8bd34a9a985f601f087d4728,ord_dataset-1ec2807f02fa4beda27d2a81b86eb843,821,f6698884b6ed435ee6a183050ab1dfb49a81084c8cb5a2e284bc67c3a97b98a9
606,ord_dataset-1ec2807f02fa4beda27d2a81b86eb843:ord-812a52006d6b4613a80ba6e2a51612de,ord_dataset-1ec2807f02fa4beda27d2a81b86eb843,160,e350520f4a8245b37f3d63070ce745ce7dc62011059f447c589394ab6f550aa2
607,ord_dataset-1ec2807f02fa4beda27d2a81b86eb843:ord-814f9d83605045f285532e464caeccce,ord_dataset-1ec2807f02fa4beda27d2a81b86eb843,46,21969235888cf38a45ddae718cdb2268c44a713656ee9467353469364bf08d2a
608,ord_dataset-1ec2807f02fa4beda27d2a81b86eb843:ord-8151512a7f19437482c59a707e5249c7,ord_dataset-1ec2807f02fa4beda27d2a81b86eb843,632,82aa7b1a486a482d5dd3ed31467f280128d1577260a3230747f36b0f2f08706b
609,ord_dataset-1ec2807f02fa4beda27d2a81b86eb843:ord-81cb1c57f33b425dbd6dfd651ed966db,ord_dataset-1ec2807f02fa4beda27d2a81b86eb843,224,ab423abe564cf67750b57fe6089cb73442b3e6e0cd819ba00210396a2d28f84d
610,ord_dataset-1ec2807f02fa4beda27d2a81b86eb843:ord-81d21c1849e248ad9b6164a3848663fd,ord_dataset-1ec2807f02fa4beda27d2a81b86eb843,128,86ba13637dc338d0e851cab0749d7a0cc551d4493157b97ba4dab050d4cc930b
611,ord_dataset-1ec2807f02fa4beda27d2a81b86eb843:ord-81e7e187b81840849a0ae7555776a09e,ord_dataset-1ec2807f02fa4beda27d2a81b86eb843,914,a96ba6feba2fa2f0c730b9587daf7b68b63623c7b0bcacdb49ce0734bcaa77d7
612,ord_dataset-1ec2807f02fa4beda27d2a81b86eb843:ord-81e842022dc44afca5434decf881986d,ord_dataset-1ec2807f02fa4beda27d2a81b86eb843,1064,35d04a20ffe6974ba74594dd327c6592fb91794635bb9c323d7f6538548b5995
613,ord_dataset-1ec2807f02fa4beda27d2a81b86eb843:ord-82017f4e1d3443b1a0992ee7683a4c2d,ord_dataset-1ec2807f02fa4beda27d2a81b86eb843,209,d8f11af239b57dcb4bedec5f54c54e1db891155c80fddab2afc667fc8328329a
614,ord_dataset-1ec2807f02fa4beda27d2a81b86eb843:ord-8247fe89010b4b88ad48a0dc64863211,ord_dataset-1ec2807f02fa4beda27d2a81b86eb843,661,d18acbbe95046f16f014124b9bd8ec32a5dfb4490a20fef332a4b53fdfc346df
615,ord_dataset-1ec2807f02fa4beda27d2a81b86eb843:ord-824d3ef22bd44374bd53d8ea638e2263,ord_dataset-1ec2807f02fa4beda27d2a81b86eb843,218,960516a8bad24c42119d6bcd656e9c8ee144b4c9d175929a22a43d47c9adec52
616,ord_dataset-1ec2807f02fa4beda27d2a81b86eb843:ord-8250bf0c0fcd4c1b9d5e02794f6d39c3,ord_dataset-1ec2807f02fa4beda27d2a81b86eb843,946,879a88f0344c5e5afffe1f4d723b1a73c4f2a92071ce8bd1ceb83e49b3502b6c
617,ord_dataset-1ec2807f02fa4beda27d2a81b86eb843:ord-826328a5ec604738902e1f251ae2fcbb,ord_dataset-1ec2807f02fa4beda27d2a81b86eb843,454,749229802b21b2c909b840eb37bb1abacdfc9c64337eee061f25c9d03131c9e0
618,ord_dataset-1ec2807f02fa4beda27d2a81b86eb843:ord-8264816f4b87402dae355a9af98d00e2,ord_dataset-1ec2807f02fa4beda27d2a81b86eb843,874,fceff98da03d619188a1e8afd67e474bc74580b11fae09af7e7fd61965fb3b05
619,ord_dataset-1ec2807f02fa4beda27d2a81b86eb843:ord-8277679352944ed3a6f8e3cd93682d5c,ord_dataset-1ec2807f02fa4beda27d2a81b86eb843,439,6fc1a738f98aa73963caf743deeabcbd9a43d708ed8e5f5a7bf0cb8477dd663b
620,ord_dataset-1ec2807f02fa4beda27d2a81b86eb843:ord-828002f8bf3146f0b28960f773e38119,ord_dataset-1ec2807f02fa4beda27d2a81b86eb843,789,8585d972dc0ca0b2e9f92a21126b3e3f3df0c6a97d6abfc9f008009e7f6bd040
621,ord_dataset-1ec2807f02fa4beda27d2a81b86eb843:ord-82ccfd020f904ccdbb18045b2c56e7af,ord_dataset-1ec2807f02fa4beda27d2a81b86eb843,774,e634e735add208524b4a3d46c5b11dd0902128ef7355390ed5c4fccf2e20553a
622,ord_dataset-1ec2807f02fa4beda27d2a81b86eb843:ord-8329e853351242cd8b0c81ca1ccfcebe,ord_dataset-1ec2807f02fa4beda27d2a81b86eb843,1126,3f50988d527c3e1d1ba70f8570fe84d020892af7708b0cd5d3698bd7b8a51f44
623,ord_dataset-1ec2807f02fa4beda27d2a81b86eb843:ord-837697061a6a409ba2699cf418e9ce5d,ord_dataset-1ec2807f02fa4beda27d2a81b86eb843,1113,635b4dc918d7e37eef6b466566c36df32942c4de2ca907f8263d99a00b8be188
624,ord_dataset-1ec2807f02fa4beda27d2a81b86eb843:ord-839e95b2a8f64b8e9a7bdef064a88337,ord_dataset-1ec2807f02fa4beda27d2a81b86eb843,1180,c5134b3e9a886afd76fa281221b1b3bb77c2ec5e7d5875b514df32e44822b465
625,ord_dataset-1ec2807f02fa4beda27d2a81b86eb843:ord-83d6ad262a2b46dd9ed91468f2c992aa,ord_dataset-1ec2807f02fa4beda27d2a81b86eb843,653,c2bedc2932c2381543b04fc380c90ba066c4886e18f1c460d677abc90ef07885
626,ord_dataset-1ec2807f02fa4beda27d2a81b86eb843:ord-84180bbca57f4203a0be10417126632f,ord_dataset-1ec2807f02fa4beda27d2a81b86eb843,116,73b4ab17dadb11bd023f650da40159fe18c56055545d6830d953cba642241dad
627,ord_dataset-1ec2807f02fa4beda27d2a81b86eb843:ord-84714eb7b80e4bab961b82521ffd603e,ord_dataset-1ec2807f02fa4beda27d2a81b86eb843,30,1b873c63d389d036d372fbc1ec4b6783a10c0ea272704cea886fef24a7c1c41b
628,ord_dataset-1ec2807f02fa4beda27d2a81b86eb843:ord-847fe50d09d94cdd8853d5d502929615,ord_dataset-1ec2807f02fa4beda27d2a81b86eb843,1205,6bf7073eb3948b94d2f17b5f77904f9b7e94e2d3fb87af82dfe8068c24676cdf
629,ord_dataset-1ec2807f02fa4beda27d2a81b86eb843:ord-84c9648b358c4ee49532edae981bf7ae,ord_dataset-1ec2807f02fa4beda27d2a81b86eb843,1070,9f9d23be68df5709c579d4364abec17b5b04eb7f741c20b001895e57f6371453
630,ord_dataset-1ec2807f02fa4beda27d2a81b86eb843:ord-84ed84aaa9234c07935ab65661674675,ord_dataset-1ec2807f02fa4beda27d2a81b86eb843,334,3eb38d0b07b3f889552d5cf8f0c269dfb950ec873940422e37038f46e4772b8e
631,ord_dataset-1ec2807f02fa4beda27d2a81b86eb843:ord-84fef0e9aaff4f84a8f80fb8e97fd904,ord_dataset-1ec2807f02fa4beda27d2a81b86eb843,512,718d96cbfa4488b94f69c92c51b9bc267b5b8c3cef66518726f91e8545df88f1
632,ord_dataset-1ec2807f02fa4beda27d2a81b86eb843:ord-852dbc99923f4b5c9bdc518beb9b7d6e,ord_dataset-1ec2807f02fa4beda27d2a81b86eb843,1188,84f771f911281ee9dc274142fd54b1efecc9a909ea1e755545b8d04f60aa1ee9
633,ord_dataset-1ec2807f02fa4beda27d2a81b86eb843:ord-8537a76c05b94133a9e3f9bcae2091a8,ord_dataset-1ec2807f02fa4beda27d2a81b86eb843,671,119f46402128d667a62bd1fdf33fabaa450846e382f649b9ee32e8f34eb3e19f
634,ord_dataset-1ec2807f02fa4beda27d2a81b86eb843:ord-853c28221967421cb2677d4f067e1025,ord_dataset-1ec2807f02fa4beda27d2a81b86eb843,600,a6db110833588ec4b217e635c9350ed8008ccc69627e547f162122d5715938c4
635,ord_dataset-1ec2807f02fa4beda27d2a81b86eb843:ord-8555fa8218f84c158436fa5c83f95941,ord_dataset-1ec2807f02fa4beda27d2a81b86eb843,1062,eb5cb12f8a51f1e7a653894c83f5ed94e5f3944b4f761e9c362e5c88d2cfbabd
636,ord_dataset-1ec2807f02fa4beda27d2a81b86eb843:ord-859336ee90b64f9393352d77eca933db,ord_dataset-1ec2807f02fa4beda27d2a81b86eb843,441,dc5019c8875e6155bffe806e12ec3001f3347c655518539399d43357412186c5
637,ord_dataset-1ec2807f02fa4beda27d2a81b86eb843:ord-85b9527cb5af4e44954a8f177f180151,ord_dataset-1ec2807f02fa4beda27d2a81b86eb843,336,047d6070e967e389cbd4eb6dae90ee36d2eb652a5cbd8e9d5f0ff2b91a163473
638,ord_dataset-1ec2807f02fa4beda27d2a81b86eb843:ord-85c093ec924749c5bf79e0db3124f0ef,ord_dataset-1ec2807f02fa4beda27d2a81b86eb843,873,cc46b5e27cc30baf933555e6e2ae2fa5e5ff7cc45777ba9ccf85a4eaa58a543c
639,ord_dataset-1ec2807f02fa4beda27d2a81b86eb843:ord-85d16cce70dc4af58ad1d90a8613919e,ord_dataset-1ec2807f02fa4beda27d2a81b86eb843,328,3eef68faecc87fb51c0167be65ae7e71e25dd17a1ecb12b40a80db39507b48a9
640,ord_dataset-1ec2807f02fa4beda27d2a81b86eb843:ord-862bbd9f4f96474ba11962b31d899996,ord_dataset-1ec2807f02fa4beda27d2a81b86eb843,109,a243061985348199e93a6c1805cbd857069a10b19235698d5539da7253c31821
641,ord_dataset-1ec2807f02fa4beda27d2a81b86eb843:ord-86509c5d2af642e282959cc38c8eae0e,ord_dataset-1ec2807f02fa4beda27d2a81b86eb843,533,613f19200d531a488e1bd7f1780cff3d38b14dfce9c9327fc99382c3fb2c20fd
642,ord_dataset-1ec2807f02fa4beda27d2a81b86eb843:ord-866609a4141d4b04a31834c6128918f2,ord_dataset-1ec2807f02fa4beda27d2a81b86eb843,1148,cf7ebf4e6e7329b26dc2f71372d26f33d7fb1a2abdec0b867ae71220b20d86bc
643,ord_dataset-1ec2807f02fa4beda27d2a81b86eb843:ord-868af8303f154b8eabe7c2d1bc88a207,ord_dataset-1ec2807f02fa4beda27d2a81b86eb843,1208,24ccadc4a10dffa6832761d1123b3203004c6c2a6a50655885f8360ceea3a782
644,ord_dataset-1ec2807f02fa4beda27d2a81b86eb843:ord-86fb0f577f0a4770b8058c4463b0a788,ord_dataset-1ec2807f02fa4beda27d2a81b86eb843,76,7c635f0e8a68ef5b906a34bc87f46e4ca1eed1488897fa24ff733c46e94a0150
645,ord_dataset-1ec2807f02fa4beda27d2a81b86eb843:ord-870aad954e8b49558513dd4eb40cc03a,ord_dataset-1ec2807f02fa4beda27d2a81b86eb843,705,fc2be302e80baf504bbf95fb4e3ca2281d68f5ce8d5b227ef3e9f0d2e06f2512
646,ord_dataset-1ec2807f02fa4beda27d2a81b86eb843:ord-871a1bf024b840f3ad9aa03185162480,ord_dataset-1ec2807f02fa4beda27d2a81b86eb843,122,3a4dff9108478b0962720a5faf869586a110c599a44bdc57e7ed943fa072dba6
647,ord_dataset-1ec2807f02fa4beda27d2a81b86eb843:ord-87725e677cd24da2b882938224712564,ord_dataset-1ec2807f02fa4beda27d2a81b86eb843,499,e3bb64ce6ecd4ad650f89b8b6ea1fec68e954c98e22e58c89d06c5faaf8ef74c
648,ord_dataset-1ec2807f02fa4beda27d2a81b86eb843:ord-87975f5c735c408bb945cf3ae49d20ae,ord_dataset-1ec2807f02fa4beda27d2a81b86eb843,396,ae42fde3171ed539f8e8441a5569141469db55b8ee95a8fc6740d4eaa14ad241
649,ord_dataset-1ec2807f02fa4beda27d2a81b86eb843:ord-87c30147129d47d6b9595572c80c6a5e,ord_dataset-1ec2807f02fa4beda27d2a81b86eb843,463,4f252e15715b261e2699b9a8fbaf7206e9efdfe90c825dc98ae7443f0c9bbfea
650,ord_dataset-1ec2807f02fa4beda27d2a81b86eb843:ord-87f81648604948a285c74df776e68e11,ord_dataset-1ec2807f02fa4beda27d2a81b86eb843,476,f303cc45dcd07cbeb66c16c54a40edac93711b181f107b06093d761b6808cf6d
651,ord_dataset-1ec2807f02fa4beda27d2a81b86eb843:ord-87fc975b2bbf4a55b0b2a7e4f52d3c0a,ord_dataset-1ec2807f02fa4beda27d2a81b86eb843,910,47cc56ef1e5ddf52b322afc9b95a50eb6c53a3cdd9b97b01b3205cb214840cf7
652,ord_dataset-1ec2807f02fa4beda27d2a81b86eb843:ord-887c666d675d4d66acea58f4d61be315,ord_dataset-1ec2807f02fa4beda27d2a81b86eb843,1177,31c9c95473e2b398926b0e2df56aec00e6c25eeea8aadb0167d6e606fd52bd53
653,ord_dataset-1ec2807f02fa4beda27d2a81b86eb843:ord-8890407d31f540a896a76849c549fbc8,ord_dataset-1ec2807f02fa4beda27d2a81b86eb843,31,b23ac95a06af72e4635419e82db4ff75ef16224e5ae428f16c449bd0373cb2e5
654,ord_dataset-1ec2807f02fa4beda27d2a81b86eb843:ord-88916463d5c143f0a73104c080cb28c1,ord_dataset-1ec2807f02fa4beda27d2a81b86eb843,963,a66597313464acb2bc159d5a026dbab4fc6dadf5fbe2cf0b2f647de9336d7ec9
655,ord_dataset-1ec2807f02fa4beda27d2a81b86eb843:ord-88afba4c5cdb490b8592e07573aa8df7,ord_dataset-1ec2807f02fa4beda27d2a81b86eb843,43,9ebe796100310bd8c5436a375f80b50c885314fe9ef344111553d32f30217658
656,ord_dataset-1ec2807f02fa4beda27d2a81b86eb843:ord-88cd15f5bf7943548d1756d76ff5095e,ord_dataset-1ec2807f02fa4beda27d2a81b86eb843,445,1892c736749e388f1fc0670d118a866dc1706ca500b1c480bc8b3d188219c21d
657,ord_dataset-1ec2807f02fa4beda27d2a81b86eb843:ord-895e42c98df845868bc7f57f715583dd,ord_dataset-1ec2807f02fa4beda27d2a81b86eb843,658,26ec9ad5c3413a821279e52621c57d48c672bc502b89413e13393abb11b6b627
658,ord_dataset-1ec2807f02fa4beda27d2a81b86eb843:ord-89894448a2c343a29af1e2c25cbb1f9d,ord_dataset-1ec2807f02fa4beda27d2a81b86eb843,664,07fe370e7e3cb5d508d1777d819fe4579caf253de687676e096693093775242f
659,ord_dataset-1ec2807f02fa4beda27d2a81b86eb843:ord-89a86f64618b42598c3cebd8cd96ee19,ord_dataset-1ec2807f02fa4beda27d2a81b86eb843,216,4f2e24c7d00b9b53bf6e2ed66ff89c3e1201ce22cd1190157f8a335254a6ae40
660,ord_dataset-1ec2807f02fa4beda27d2a81b86eb843:ord-89cbd7e277a34412a3e52fc6b09eee31,ord_dataset-1ec2807f02fa4beda27d2a81b86eb843,529,c776da7890e4a2d17cb0cd117a8c08e4f3a54d998c6f739e0a1f3b9c4b1252ad
661,ord_dataset-1ec2807f02fa4beda27d2a81b86eb843:ord-8a0f6eb8c60841ae9456f8374ea54527,ord_dataset-1ec2807f02fa4beda27d2a81b86eb843,68,fbe23afb354cec2828533f3b77e9489dbcbac9ac88e175657e490f5d21b41c6b
662,ord_dataset-1ec2807f02fa4beda27d2a81b86eb843:ord-8a1661a93f5846b4a39b8ddfe61e4945,ord_dataset-1ec2807f02fa4beda27d2a81b86eb843,619,92cfed9d510363fb71f25e78979f044cc881dd911b945f7fd5e572e33cc95ae0
663,ord_dataset-1ec2807f02fa4beda27d2a81b86eb843:ord-8a7e1400c94b4c33954594105270ddfa,ord_dataset-1ec2807f02fa4beda27d2a81b86eb843,928,2ffb6c16aa4f3e13605302dbaac4cdf400e9e85ceceaed5641a5a8b585820115
664,ord_dataset-1ec2807f02fa4beda27d2a81b86eb843:ord-8af475c69c374ffab0cb59310d3f2e50,ord_dataset-1ec2807f02fa4beda27d2a81b86eb843,683,9fbafd1d34db37a03f6d74a5d085d45596659df514d1de562202220ea443a3dd
665,ord_dataset-1ec2807f02fa4beda27d2a81b86eb843:ord-8b1bfe3c90ab4757ad26cd9e2b90781b,ord_dataset-1ec2807f02fa4beda27d2a81b86eb843,620,9ca780f0be37f0f8d923d3b19eaf12c49cadbfb0faa7eeaac6e498591b552348
666,ord_dataset-1ec2807f02fa4beda27d2a81b86eb843:ord-8b4a44c2907f4cd1b31e7fd321245ed2,ord_dataset-1ec2807f02fa4beda27d2a81b86eb843,59,79251ab3803d14d2dbb9945c169b8c716cd4b1786c3d6e2168be7f0711bea3ac
667,ord_dataset-1ec2807f02fa4beda27d2a81b86eb843:ord-8b604294e7f3406286e8e1a532089ecf,ord_dataset-1ec2807f02fa4beda27d2a81b86eb843,501,9c22dd1727a2db5117ce83fba3943812620f779a68ff6a8fd6c9b4fedcdc7ebc
668,ord_dataset-1ec2807f02fa4beda27d2a81b86eb843:ord-8bfec79ed38144fb9b941acd9367db08,ord_dataset-1ec2807f02fa4beda27d2a81b86eb843,73,e364a7c72af95def841f640167967a340dfa8dd9cb79a61fe9c4d6729fa73383
669,ord_dataset-1ec2807f02fa4beda27d2a81b86eb843:ord-8c2cba8fbe9a4a6fb412ac3a4485219b,ord_dataset-1ec2807f02fa4beda27d2a81b86eb843,574,4bf113a255ae92882fc2c306ca7fd9bcb9b9e47626fc3c4422d62c4fb07773e3
670,ord_dataset-1ec2807f02fa4beda27d2a81b86eb843:ord-8c8acdfbd2784972a1bb900f4139eb42,ord_dataset-1ec2807f02fa4beda27d2a81b86eb843,386,526292961d30e003b9cb5495b949f4e9be4acbd43e4d46b17fa8f58e61e2b6b0
671,ord_dataset-1ec2807f02fa4beda27d2a81b86eb843:ord-8d65780a975e4e28b8e8a2dc5f1a91d7,ord_dataset-1ec2807f02fa4beda27d2a81b86eb843,18,c76c3d5f5f0060c6ef5a377992a6dbe7b80771b33724137c0a20d8a3a7a1d7a6
672,ord_dataset-1ec2807f02fa4beda27d2a81b86eb843:ord-8da956ff74904fd29ee4a6be7bb39285,ord_dataset-1ec2807f02fa4beda27d2a81b86eb843,1014,3e5a19c6834db337b17663bb222def2a572dc83e7a3bffe05f1f9ead1f0476f5
673,ord_dataset-1ec2807f02fa4beda27d2a81b86eb843:ord-8dba14199bcc42e1bbb87953618bc50b,ord_dataset-1ec2807f02fa4beda27d2a81b86eb843,1204,1dcf3d739c552e7a28d168e51bef4e1b3097a7392f6f143f4a51ecf6e1c82502
674,ord_dataset-1ec2807f02fa4beda27d2a81b86eb843:ord-8dce14f2ac6f41479e155727e818d785,ord_dataset-1ec2807f02fa4beda27d2a81b86eb843,134,989a11f002a94460c8d514a6058195593c2c66f428a0a03603276c033c7bd3b8
675,ord_dataset-1ec2807f02fa4beda27d2a81b86eb843:ord-8e033c23ea414437a25ebd708c75524f,ord_dataset-1ec2807f02fa4beda27d2a81b86eb843,1108,a6404112b6edb5572e42a16197677d42e29dfaa8cf64b737dfbd689f3b038801
676,ord_dataset-1ec2807f02fa4beda27d2a81b86eb843:ord-8e16d2dd950d4aec8a3729b8034b07fb,ord_dataset-1ec2807f02fa4beda27d2a81b86eb843,96,28949a59e2ba638fa5bda86f2076eeaff96f438dc1ea1ae76b5b144e65ec62a2
677,ord_dataset-1ec2807f02fa4beda27d2a81b86eb843:ord-8e1a04e234a4419c961a059c78d0fe46,ord_dataset-1ec2807f02fa4beda27d2a81b86eb843,841,f246e3cad69a5174b669bcd54994ef8a43d569bd47d5abd9c9120032cb9803d3
678,ord_dataset-1ec2807f02fa4beda27d2a81b86eb843:ord-8e3d05d6590f4ff18ba7e30fa037f311,ord_dataset-1ec2807f02fa4beda27d2a81b86eb843,688,f54cb311d2d4f298474a1f19a79f1e32f7b0a970431c5622ff88f68baaf66bcd
679,ord_dataset-1ec2807f02fa4beda27d2a81b86eb843:ord-8e3e4229144543b0b8a650743b18083b,ord_dataset-1ec2807f02fa4beda27d2a81b86eb843,930,5964d627fd89a31685ced5c98a583b1558a41007ee61a6ec195b6aae72a4f6d5
680,ord_dataset-1ec2807f02fa4beda27d2a81b86eb843:ord-8e4b17168eec4ca2b9b255f9e7ad7bdf,ord_dataset-1ec2807f02fa4beda27d2a81b86eb843,579,a8dd5cf420586c494fa7f4905ab9567d35f140c7fe0e3f75d86f2c2325e8076b
681,ord_dataset-1ec2807f02fa4beda27d2a81b86eb843:ord-8eab2f8a02d04f66be62cbd0a4cc939c,ord_dataset-1ec2807f02fa4beda27d2a81b86eb843,716,945cff4da02b0254e17c870feb2e91621cb6668b5eb3674c49baaa88383cc64e
682,ord_dataset-1ec2807f02fa4beda27d2a81b86eb843:ord-8ef2b9baa14f4e2cb224f917d807d466,ord_dataset-1ec2807f02fa4beda27d2a81b86eb843,41,eab81d943ff6da934d7442effefbf15a0f6e240193fbcb043b73e392e6393936
683,ord_dataset-1ec2807f02fa4beda27d2a81b86eb843:ord-8f1f705b563544d398a8b25401db5532,ord_dataset-1ec2807f02fa4beda27d2a81b86eb843,170,87cbed353e0788677424b136372ab847641c041bae340e6d9477eef9bd6fc8ad
684,ord_dataset-1ec2807f02fa4beda27d2a81b86eb843:ord-8fb70b65d8b34737ae937ffba391c2d5,ord_dataset-1ec2807f02fa4beda27d2a81b86eb843,1209,7118c8e7bf278983d6049784371925df00cfe796125c055e7f4c91c7c0b659b6
685,ord_dataset-1ec2807f02fa4beda27d2a81b86eb843:ord-9016047148f241a98f2296ee51a3d02a,ord_dataset-1ec2807f02fa4beda27d2a81b86eb843,372,71b8d1618379938a960b2de7e899381b01f97563e310f3adc5fdbad8030a56b7
686,ord_dataset-1ec2807f02fa4beda27d2a81b86eb843:ord-903838b649894239928730db739f79e3,ord_dataset-1ec2807f02fa4beda27d2a81b86eb843,272,538d5690b672a44cc26972d56ccb42d0b1dd547a8008e8aba62d621c965d8053
687,ord_dataset-1ec2807f02fa4beda27d2a81b86eb843:ord-90a5315793424a15b31eeae6aa6e746c,ord_dataset-1ec2807f02fa4beda27d2a81b86eb843,538,f8e05d96265496dc57f16240ec587a7f77196e95ccef1b6b656577d642a41dd2
688,ord_dataset-1ec2807f02fa4beda27d2a81b86eb843:ord-90b11f47fb194b4ca7bf51f0560674ff,ord_dataset-1ec2807f02fa4beda27d2a81b86eb843,448,7908eabfba3db43d1c52b41c353d9f10bbbe1c54d5ac1abbf6f2b1c9c20366a7
689,ord_dataset-1ec2807f02fa4beda27d2a81b86eb843:ord-9198d20fadb74bfd8f29626c9020b67b,ord_dataset-1ec2807f02fa4beda27d2a81b86eb843,730,8e759a87a4dd7e8a5f34f21528dcba016f5b8d34c239222de2c6b34d4f1535a0
690,ord_dataset-1ec2807f02fa4beda27d2a81b86eb843:ord-91a62210a9af4c8b8737a3ab5a2036d2,ord_dataset-1ec2807f02fa4beda27d2a81b86eb843,618,95b9f6af239143cfc68598298202e0d5b7c57be456a73da4f975ade0ccf1fd15
691,ord_dataset-1ec2807f02fa4beda27d2a81b86eb843:ord-91da4832fa4f4550b351fcd9a29ca546,ord_dataset-1ec2807f02fa4beda27d2a81b86eb843,132,0a11cfc4b4cedc5f1f60beb472541e7d3ec72c6d8125984da7829cc616456ab5
692,ord_dataset-1ec2807f02fa4beda27d2a81b86eb843:ord-91e5858c8fe64491ad7548bc54d9f558,ord_dataset-1ec2807f02fa4beda27d2a81b86eb843,521,dec637ffd48aa801c421917ccaeb39da2e0262fcbdc0c846fc377c9f0f9efd01
693,ord_dataset-1ec2807f02fa4beda27d2a81b86eb843:ord-922fb414b9294aa3bd5823727e5aeb5a,ord_dataset-1ec2807f02fa4beda27d2a81b86eb843,934,1c5659df6ab8c00e68d4dccfa7f387ae00cf0d20d49f119a5fcd0f5e4f4db79f
694,ord_dataset-1ec2807f02fa4beda27d2a81b86eb843:ord-9238aec289a04f0fb18fe905855dfcd9,ord_dataset-1ec2807f02fa4beda27d2a81b86eb843,550,eed6a70af94cf63e58f9126d9965a4077e0c2b092aaab76ded1b4986dbf4b541
695,ord_dataset-1ec2807f02fa4beda27d2a81b86eb843:ord-9258685c3e86419b877a0a82d7c13033,ord_dataset-1ec2807f02fa4beda27d2a81b86eb843,1221,7cf68830534e3d743807c23fe0e57d342a9166acdf20660074db41336c398600
696,ord_dataset-1ec2807f02fa4beda27d2a81b86eb843:ord-926455649ca6457ca3b256bad105b1a8,ord_dataset-1ec2807f02fa4beda27d2a81b86eb843,654,edeeee392b9bd1b08abf515d9b4575dd10b0a42e5a957aa5e4ea8abe3ff886c3
697,ord_dataset-1ec2807f02fa4beda27d2a81b86eb843:ord-92a8d21d862b49c7bd17fa7e9929580f,ord_dataset-1ec2807f02fa4beda27d2a81b86eb843,715,1054d965bf6c12ee0154b1d6ce9105f0b970b4b692a6ae14ee241539de9effad
698,ord_dataset-1ec2807f02fa4beda27d2a81b86eb843:ord-92b51ba479d349409edc8fa9607ec426,ord_dataset-1ec2807f02fa4beda27d2a81b86eb843,897,cfff45ce356d41d2eca40be2887a0313a3ac38c81c909fc79f31a27424585e0e
699,ord_dataset-1ec2807f02fa4beda27d2a81b86eb843:ord-933af5c056534ffa87a45d47be6aa74d,ord_dataset-1ec2807f02fa4beda27d2a81b86eb843,1,d7a86682a7b1f8aaae1954550c2b3d9d986b312590972c85a6a99a79aa356655
700,ord_dataset-1ec2807f02fa4beda27d2a81b86eb843:ord-93540174c31c4f248f763ee0db020626,ord_dataset-1ec2807f02fa4beda27d2a81b86eb843,540,fbc389245dcc02b2a0d31e2f7f82fb18e1024f6cc45d56dbc44965fbf55e4f65
701,ord_dataset-1ec2807f02fa4beda27d2a81b86eb843:ord-935e1762b54c49abae1c8d153a01a35e,ord_dataset-1ec2807f02fa4beda27d2a81b86eb843,286,02966bf38a5563fbe00b49a04c6fbf44488d49fd7f8cbb1cdc129a93d098cb8c
702,ord_dataset-1ec2807f02fa4beda27d2a81b86eb843:ord-93a06dd892644e768cd3b45fb5f9544d,ord_dataset-1ec2807f02fa4beda27d2a81b86eb843,11,773e518d320d5b46c79fcc00eaaa60be038b0286f39e8b10f57d286b5f5d9e68
703,ord_dataset-1ec2807f02fa4beda27d2a81b86eb843:ord-93ad103c653844b591f2d334bf25d29d,ord_dataset-1ec2807f02fa4beda27d2a81b86eb843,911,dcb5d63b244a8a050b1f8f189c49850d8b60eee75f4f483b3ee6fc6a499e6615
704,ord_dataset-1ec2807f02fa4beda27d2a81b86eb843:ord-93b89b8646804fdd8d5e849039f7479d,ord_dataset-1ec2807f02fa4beda27d2a81b86eb843,220,151b15a074c6ba9e1a6ede8f9c8018f0a984906243a57857b95d30c2fa5c4226
705,ord_dataset-1ec2807f02fa4beda27d2a81b86eb843:ord-93bc8696669d4a5691650ed5ff54740c,ord_dataset-1ec2807f02fa4beda27d2a81b86eb843,347,743fe879d8e451b93981eda0a58195274c58e8fdf609c60e6df00af49f56ec32
706,ord_dataset-1ec2807f02fa4beda27d2a81b86eb843:ord-94068494247442bd87ba5bfce479dc58,ord_dataset-1ec2807f02fa4beda27d2a81b86eb843,1025,9654d21f5978a81248989bd5a35fb7f028e7204be57c6b85219450b99c2e7cc2
707,ord_dataset-1ec2807f02fa4beda27d2a81b86eb843:ord-940acc36b629407eb3605aacea3d81ea,ord_dataset-1ec2807f02fa4beda27d2a81b86eb843,490,5087a5cfb27202f85d3457721502c0199c1f53a20e16fbfa14eb00a1e1e60942
708,ord_dataset-1ec2807f02fa4beda27d2a81b86eb843:ord-9424f3f4d71647babf05da3fbe9d1cbc,ord_dataset-1ec2807f02fa4beda27d2a81b86eb843,447,8e834081be4fd9c1fef1711724e30843b983d78a9ee8cf1d5798d6cead5cc465
709,ord_dataset-1ec2807f02fa4beda27d2a81b86eb843:ord-943383ab59fb47e584f8f21cd8d0a8e5,ord_dataset-1ec2807f02fa4beda27d2a81b86eb843,187,e38bf227e28746576bac9065b08b89d45244d4efc351179b8020f0410853d38e
710,ord_dataset-1ec2807f02fa4beda27d2a81b86eb843:ord-9455001e26734f35a33495ce081b5890,ord_dataset-1ec2807f02fa4beda27d2a81b86eb843,36,53a0fef0f6eb37e1bc21582a64a2c2fde15c2825f279367384687e8a8bd4d38c
711,ord_dataset-1ec2807f02fa4beda27d2a81b86eb843:ord-946b1dbea17447d7912a0f62ee138a28,ord_dataset-1ec2807f02fa4beda27d2a81b86eb843,20,f35c59db53c4fb3b4f0f2c976b573911799435f260cdb2baeec31817c6cf58bb
712,ord_dataset-1ec2807f02fa4beda27d2a81b86eb843:ord-94fa7edb1e5f44138655157972665996,ord_dataset-1ec2807f02fa4beda27d2a81b86eb843,633,1ca5b16f895b04c658ef1d86a23818660d95aac7b1ede46621f45ed2f0aa6d23
713,ord_dataset-1ec2807f02fa4beda27d2a81b86eb843:ord-9514915dfbb44c3695defb4be009fe81,ord_dataset-1ec2807f02fa4beda27d2a81b86eb843,842,f87910cb78864f56e12fede55225b6d0d79746ef8bb9cdecd93b642c6de6bf3c
714,ord_dataset-1ec2807f02fa4beda27d2a81b86eb843:ord-9516eecc1ca94e26b9d995f30465399c,ord_dataset-1ec2807f02fa4beda27d2a81b86eb843,228,263e67b4d040d6ef218f0a2e90b6d4206a4e9235754b3bf73266077cc5276d6a
715,ord_dataset-1ec2807f02fa4beda27d2a81b86eb843:ord-9545401fc2ab4a238781bf92a714185e,ord_dataset-1ec2807f02fa4beda27d2a81b86eb843,742,5e028d7ac4b061f9ee9a23296d4a406be93f18041a5e0e7d65af54ab4d6a5c36
716,ord_dataset-1ec2807f02fa4beda27d2a81b86eb843:ord-95577d0066914d55a3de75c4b97c5481,ord_dataset-1ec2807f02fa4beda27d2a81b86eb843,405,dae755b4dfbec5e5b809eab9008dbae9ec29cdc8b3a1b94e89c0c160afdaae73
717,ord_dataset-1ec2807f02fa4beda27d2a81b86eb843:ord-95687e89cf224a2db797a0ebd254c54c,ord_dataset-1ec2807f02fa4beda27d2a81b86eb843,257,64ebb72d51837a1cf663ac3e8f5e1b304f2c4cea498fcc7aa6609f6f81b9b10a
718,ord_dataset-1ec2807f02fa4beda27d2a81b86eb843:ord-956fd9e0d65f4b4795c8efc71cdf7b13,ord_dataset-1ec2807f02fa4beda27d2a81b86eb843,969,67a9be1ce99e5e3e4fffa644b47886e314e17cd45189f7413d7c2341a3a9daaf
719,ord_dataset-1ec2807f02fa4beda27d2a81b86eb843:ord-958182c580b24d51a60ce1fa7a392ae1,ord_dataset-1ec2807f02fa4beda27d2a81b86eb843,747,f9493c124958ef6f1ca1f7805683c84a0b8ca703d75029ac5363b41abdec9d96
720,ord_dataset-1ec2807f02fa4beda27d2a81b86eb843:ord-95f5ffbaaa854a9a9011111449907200,ord_dataset-1ec2807f02fa4beda27d2a81b86eb843,885,81470eb837a1ce2f8f675f40b717bb0827379acdff9cf3a3668cecfd2cd04168
721,ord_dataset-1ec2807f02fa4beda27d2a81b86eb843:ord-960ad91096104469b617df58a3d78237,ord_dataset-1ec2807f02fa4beda27d2a81b86eb843,484,4f5c324144d46cdacd38e59ceefdbdfde6faea6adb2b58232679e8ab868c776e
722,ord_dataset-1ec2807f02fa4beda27d2a81b86eb843:ord-96240b4ccf624bb7bcd3371d72c54d9f,ord_dataset-1ec2807f02fa4beda27d2a81b86eb843,788,dabd0fd35834d18c5deab2fe27815c2d65b3dcf30d3e5961b390262af30c589e
723,ord_dataset-1ec2807f02fa4beda27d2a81b86eb843:ord-9650068e4e4045de8799156663e6b43f,ord_dataset-1ec2807f02fa4beda27d2a81b86eb843,681,7e6d3f2cb795c1a8ed3add940bf19b005ece330113300534b137e80cd762f92b
724,ord_dataset-1ec2807f02fa4beda27d2a81b86eb843:ord-975ef66ae5f34c178986999f4ff9c60c,ord_dataset-1ec2807f02fa4beda27d2a81b86eb843,381,e2d5cfad0cc34f171e952edc65106aab035e6332ac7976f9a66261a3332ee619
725,ord_dataset-1ec2807f02fa4beda27d2a81b86eb843:ord-976982fc498c484a9258c0516aac2c2d,ord_dataset-1ec2807f02fa4beda27d2a81b86eb843,938,baed37d271a6ffc9978a26d16b1570bd04cdee25c5d76dbf913a9cbff228f7cb
726,ord_dataset-1ec2807f02fa4beda27d2a81b86eb843:ord-97d0231854db418f89856e6ed3f112d3,ord_dataset-1ec2807f02fa4beda27d2a81b86eb843,805,207cdbdc8a723a79bfd7bad90b2dd604a464029c283fea4466504b42f29fe852
727,ord_dataset-1ec2807f02fa4beda27d2a81b86eb843:ord-980156d5270541639f47858c706aed9b,ord_dataset-1ec2807f02fa4beda27d2a81b86eb843,129,076061a5dc1935c7f668ce8b94cd8c6d6523894c32cdd5e8a743f168c7b7b870
728,ord_dataset-1ec2807f02fa4beda27d2a81b86eb843:ord-9807238630dd47e7ba908cd1085cf5db,ord_dataset-1ec2807f02fa4beda27d2a81b86eb843,319,e96f3b96946ca3de00547eef9add661b93b1d617a2422503aa9b2f352169a915
729,ord_dataset-1ec2807f02fa4beda27d2a81b86eb843:ord-98629b9b40c74463bfc88c52c7dc426d,ord_dataset-1ec2807f02fa4beda27d2a81b86eb843,237,2998e8db8fa931ea1bba083e8104606349e84df00c3362e8ef99a60e0af28eef
730,ord_dataset-1ec2807f02fa4beda27d2a81b86eb843:ord-98c134ec6b8d4fb6941292a53e737595,ord_dataset-1ec2807f02fa4beda27d2a81b86eb843,647,0015a74d609d78799b9499e598d543deb35549975b3f53e9bcd205dec490f094
731,ord_dataset-1ec2807f02fa4beda27d2a81b86eb843:ord-98eab41faeba4352855af9286ead6dcf,ord_dataset-1ec2807f02fa4beda27d2a81b86eb843,1212,8e22a2e8e2faf0653c453e59dc425af185a07f682419bd42958effc67f14c85c
732,ord_dataset-1ec2807f02fa4beda27d2a81b86eb843:ord-98f62575ae1c457ca1663633b1e40edc,ord_dataset-1ec2807f02fa4beda27d2a81b86eb843,211,640cd8db07534eba7022a7a65c110b96bef93adbab03fe937a3b77f84988dab2
733,ord_dataset-1ec2807f02fa4beda27d2a81b86eb843:ord-98f953cc1e884b0c8c2f59e208962489,ord_dataset-1ec2807f02fa4beda27d2a81b86eb843,639,76603b42a5fe26db5eb6b39a0a477e097b58735836ec581a30219ea8cc4c9012
734,ord_dataset-1ec2807f02fa4beda27d2a81b86eb843:ord-9903d9cec0ce465eb8b2ac66596a2da6,ord_dataset-1ec2807f02fa4beda27d2a81b86eb843,556,5980382d5bae682f2b28c5ff6974fb2c2ad3bb248347000409e31eb211bbba38
735,ord_dataset-1ec2807f02fa4beda27d2a81b86eb843:ord-99120fbbe11a4ac9bc9530f4ab74ba1c,ord_dataset-1ec2807f02fa4beda27d2a81b86eb843,698,fc815fa2eb63fbcc02ace31b66496ae19f3ba329e732d22dcfeab5ba2a83f124
736,ord_dataset-1ec2807f02fa4beda27d2a81b86eb843:ord-994c79aed6734bf697242413abe7cf3f,ord_dataset-1ec2807f02fa4beda27d2a81b86eb843,389,d789dc46a1b5e52bbfb1e73d58fa0a1faed4c854baa599d074127df6647e3005
737,ord_dataset-1ec2807f02fa4beda27d2a81b86eb843:ord-99790f46e3c24c0b936dab5cfb3da826,ord_dataset-1ec2807f02fa4beda27d2a81b86eb843,374,c5a3e177a144c2121223dd0c037a8247937d030f55426458527fd6b2cc98fe4d
738,ord_dataset-1ec2807f02fa4beda27d2a81b86eb843:ord-99bd9fd487a04474ac32ef527f404375,ord_dataset-1ec2807f02fa4beda27d2a81b86eb843,1022,30815cce1dcf0d777355ce6c93bd28cf327565c4e590675710000b98d0f3f009
739,ord_dataset-1ec2807f02fa4beda27d2a81b86eb843:ord-9a08f4ecfa844bdca745a62de34d7c90,ord_dataset-1ec2807f02fa4beda27d2a81b86eb843,797,2ed59503f77b035132ac088f9fb0fe5661f68aa2146c110daa6061bcf5f63595
740,ord_dataset-1ec2807f02fa4beda27d2a81b86eb843:ord-9b638a311f16460bab59e4dfaff4d025,ord_dataset-1ec2807f02fa4beda27d2a81b86eb843,39,9d08639a2e1b0a9b8d487213d10119f67f8cb4e3e82cc747b693ca8d905dc822
741,ord_dataset-1ec2807f02fa4beda27d2a81b86eb843:ord-9b8aec90c4a74e30989e1d0b206144ad,ord_dataset-1ec2807f02fa4beda27d2a81b86eb843,635,28163224d0a58020f6b3463d8ed98d9b0febca3be1de0bcd553fb8268c2677a8
742,ord_dataset-1ec2807f02fa4beda27d2a81b86eb843:ord-9bafd486481b42229b9c21853b733d33,ord_dataset-1ec2807f02fa4beda27d2a81b86eb843,1157,bc60f4983043348f1bb53bc02333d1684329c363e7c2f66c6e7858fe59dd9b78
743,ord_dataset-1ec2807f02fa4beda27d2a81b86eb843:ord-9bf0e41a9f4f46fd8e01e928352bb6c8,ord_dataset-1ec2807f02fa4beda27d2a81b86eb843,612,912cd4f072623cd86cd5f0a93cbc77ee2b219c35b9f14afefe869a16ae6b359c
744,ord_dataset-1ec2807f02fa4beda27d2a81b86eb843:ord-9cc2b1de42e549bbabaf9fe2a6e68182,ord_dataset-1ec2807f02fa4beda27d2a81b86eb843,500,94cdbb2dd8dfd8a62ef6a75d8765cba3af56e6eabd27e5d65a863ba2c2a64283
745,ord_dataset-1ec2807f02fa4beda27d2a81b86eb843:ord-9ce6f559c90d4687b63ebaaff144792d,ord_dataset-1ec2807f02fa4beda27d2a81b86eb843,480,25a7710d0db91c004b73980b6758d1c0fb7e497763a33d122ffe4c266a72ed6c
746,ord_dataset-1ec2807f02fa4beda27d2a81b86eb843:ord-9cecb40afab7404fa1d81eb368062a86,ord_dataset-1ec2807f02fa4beda27d2a81b86eb843,302,afb8c8744fd0f2d3c2b12798b987c8a44e5904a6a885ce462f629edc299cb39a
747,ord_dataset-1ec2807f02fa4beda27d2a81b86eb843:ord-9cee3c05cd194939b0b46c6f5065d269,ord_dataset-1ec2807f02fa4beda27d2a81b86eb843,1182,c5e2c407247a102cc49fc04a5579594e5364575e4dee6428c699fe8ed4c40fb9
748,ord_dataset-1ec2807f02fa4beda27d2a81b86eb843:ord-9d0566525e1f4dc3900cc58abda31d95,ord_dataset-1ec2807f02fa4beda27d2a81b86eb843,432,d2089003903d121a63b78acb0577a3c9f2cd8be60ad8c95ae2a0685735fa1a27
749,ord_dataset-1ec2807f02fa4beda27d2a81b86eb843:ord-9d311ee0be814e59825e1ba54fe0dade,ord_dataset-1ec2807f02fa4beda27d2a81b86eb843,849,bee4966813286c07167805866f795c8ad64d9fa5921dc151d404870f23bc0ea2
750,ord_dataset-1ec2807f02fa4beda27d2a81b86eb843:ord-9d85c1b2e84c4db6865000567d4c55e2,ord_dataset-1ec2807f02fa4beda27d2a81b86eb843,728,8a17f36c90494454e877a9c0d9151ef401581bea129287f49c03978e34900563
751,ord_dataset-1ec2807f02fa4beda27d2a81b86eb843:ord-9d89f40bde704c13a125be2c81e3ceb2,ord_dataset-1ec2807f02fa4beda27d2a81b86eb843,296,b5f21213768d04a4f5dad5343330fce76d3b4efa3a2c116ef7ef59f303eff03a
752,ord_dataset-1ec2807f02fa4beda27d2a81b86eb843:ord-9de322bc6103489f94663166dc128f53,ord_dataset-1ec2807f02fa4beda27d2a81b86eb843,679,304c270b3f6d0fb301f0a9c3c3e9539d38e2a6a6faf85e1e5a714f311c20ea67
753,ord_dataset-1ec2807f02fa4beda27d2a81b86eb843:ord-9dffc3a4dd334c36aabdf49a2d2390f1,ord_dataset-1ec2807f02fa4beda27d2a81b86eb843,26,aeb2f8a6f4cc49835dd3bd70b413fd890e6b519ae4f658e608a56ba22b78e14e
754,ord_dataset-1ec2807f02fa4beda27d2a81b86eb843:ord-9ec1b5785a1047ff8ae894a49b176242,ord_dataset-1ec2807f02fa4beda27d2a81b86eb843,348,3411f59509c34112ed05c1138407c50f947423fc434c008036d8b04eab448770
755,ord_dataset-1ec2807f02fa4beda27d2a81b86eb843:ord-9ef1fea4a25b49ea941853a38634d410,ord_dataset-1ec2807f02fa4beda27d2a81b86eb843,310,8c055fc5d9fd866f7cdb38bdf885faff5e746b47fa6a0f3baa6d3974777a3465
756,ord_dataset-1ec2807f02fa4beda27d2a81b86eb843:ord-9f19b5a5bf9448ccb0fe376f7acca6bb,ord_dataset-1ec2807f02fa4beda27d2a81b86eb843,675,2fceff76782b55f9a8435213bc1b4e7dba1c0bce5086c6e5e1be759dc53ccd02
757,ord_dataset-1ec2807f02fa4beda27d2a81b86eb843:ord-9f1d8b5a729b4bdca16871e25c136adf,ord_dataset-1ec2807f02fa4beda27d2a81b86eb843,1142,01dcfe162dd92ab9d00c03ab7b3f095b669d2eb14f40266cbd09e3c08ba714bd
758,ord_dataset-1ec2807f02fa4beda27d2a81b86eb843:ord-9f492844a2a24639a58f53d99f9d3ce6,ord_dataset-1ec2807f02fa4beda27d2a81b86eb843,782,e54386dc6bd48e5d62d0eb0c1680bae3f653c0151f5da805556fc6d99fbe361c
759,ord_dataset-1ec2807f02fa4beda27d2a81b86eb843:ord-9f595d693e1f476a9228cebd4b260aae,ord_dataset-1ec2807f02fa4beda27d2a81b86eb843,525,e297da824f13e1c2f4c505f530a590938873ab60a2311a2d6da4db34e356ba6a
760,ord_dataset-1ec2807f02fa4beda27d2a81b86eb843:ord-9f65f433007a42b38d9761569c28ba06,ord_dataset-1ec2807f02fa4beda27d2a81b86eb843,309,3cb62331d2f97c77efacd6e98531da50ce79db21ebaa1850aac7c1b091be5641
761,ord_dataset-1ec2807f02fa4beda27d2a81b86eb843:ord-9f6b5dffd8534ccbb48d5355e956adae,ord_dataset-1ec2807f02fa4beda27d2a81b86eb843,643,b17a16959b996b2edf9fb7b64a26fa720eec8d49e717cd28058a429c737ba8f8
762,ord_dataset-1ec2807f02fa4beda27d2a81b86eb843:ord-9f6c3169ea2943f892e322bfdda11eba,ord_dataset-1ec2807f02fa4beda27d2a81b86eb843,1198,4f7439646300ee317b99af92e46e33f13ea53256077f9966124195b8753be5cc
763,ord_dataset-1ec2807f02fa4beda27d2a81b86eb843:ord-9f854123e5f4411690dd1cd033e558a7,ord_dataset-1ec2807f02fa4beda27d2a81b86eb843,504,8b2b3624e6528acee956ea8274520ae633fc1b73fbbf828eae98b0b4286947eb
764,ord_dataset-1ec2807f02fa4beda27d2a81b86eb843:ord-a01208d801d8487fb78676651251154c,ord_dataset-1ec2807f02fa4beda27d2a81b86eb843,421,856b363f64657f6742bf5d4217f0bdb79be9a602f83ee76364ead2061e0f1673
765,ord_dataset-1ec2807f02fa4beda27d2a81b86eb843:ord-a018ee3ce5394bc68f488872fd1638d8,ord_dataset-1ec2807f02fa4beda27d2a81b86eb843,1120,f92ce2014fd40f6a7cfa4802434938271dcfecc5675719a7983fd8af4fa884a7
766,ord_dataset-1ec2807f02fa4beda27d2a81b86eb843:ord-a02e9239176c4c6093f5170980c9f99c,ord_dataset-1ec2807f02fa4beda27d2a81b86eb843,67,73c73cc09b448d33a6bf0184ccbe2a738ca29d057301a4a028b74d61a49ca5fc
767,ord_dataset-1ec2807f02fa4beda27d2a81b86eb843:ord-a0640698a5f344a1967dcf091ee764c9,ord_dataset-1ec2807f02fa4beda27d2a81b86eb843,1077,9bf64f9d4712daed68ceae8822b4d20ac9fc9c0a9cd173c3723d997473479562
768,ord_dataset-1ec2807f02fa4beda27d2a81b86eb843:ord-a0672169379c4f35bbc0f6ab204dc8ae,ord_dataset-1ec2807f02fa4beda27d2a81b86eb843,408,a81a8543595c3a652d5fb6c50fa6e8f621c462bded684e8ec0296a688b9ae3a5
769,ord_dataset-1ec2807f02fa4beda27d2a81b86eb843:ord-a06a8c2321a943308480f3ca9bbd5876,ord_dataset-1ec2807f02fa4beda27d2a81b86eb843,279,bb32694b8f8e0e5f521bcc370110d27ef42f96dbb176791fb041c2b7161569c1
770,ord_dataset-1ec2807f02fa4beda27d2a81b86eb843:ord-a0bfe58cd77b4057a3e706e84fc5e2b0,ord_dataset-1ec2807f02fa4beda27d2a81b86eb843,12,7257c67593bc83c5e811009df4da5a75dc65dfcd91951c8bbb2d12f021788880
771,ord_dataset-1ec2807f02fa4beda27d2a81b86eb843:ord-a0eaffec3bd342878cb63d944650978b,ord_dataset-1ec2807f02fa4beda27d2a81b86eb843,1150,5ce4f12d7db819b6436951702f8338adcb108c5533b97f843c8949a5701925f7
772,ord_dataset-1ec2807f02fa4beda27d2a81b86eb843:ord-a0f84042a7454b4688879bfb98ff36ff,ord_dataset-1ec2807f02fa4beda27d2a81b86eb843,983,7a4593b5e0eda4c2b653138cc3df0a9d87ef8f04f150e29fdf49a227b3d39a07
773,ord_dataset-1ec2807f02fa4beda27d2a81b86eb843:ord-a12cd9ede59841c8a42cb1f94669c6e6,ord_dataset-1ec2807f02fa4beda27d2a81b86eb843,486,0dbc0b3ddd5221741acbeac22505ee3d9b0c54d6ea2a8643cd266a12dc2109bd
774,ord_dataset-1ec2807f02fa4beda27d2a81b86eb843:ord-a193f30977f540098acc0e747891d29f,ord_dataset-1ec2807f02fa4beda27d2a81b86eb843,694,9ae2c58a5c7c8f3d4b45e3f8ab511222818529b9dd3af115d2a9f95c482fd042
775,ord_dataset-1ec2807f02fa4beda27d2a81b86eb843:ord-a1c33e5a455d47e8b256cd36910b9b34,ord_dataset-1ec2807f02fa4beda27d2a81b86eb843,149,ac4f7430d1ddb0491288073c9dc0b0da5bffb5fc3a0b8813751417ad5644f096
776,ord_dataset-1ec2807f02fa4beda27d2a81b86eb843:ord-a1fbe317648b426581ffb9b273442a32,ord_dataset-1ec2807f02fa4beda27d2a81b86eb843,327,d0fc018904f0c47022e7cc3aadc362578b885bd5e9953450fa93b716e9ea6953
777,ord_dataset-1ec2807f02fa4beda27d2a81b86eb843:ord-a219ec23af4a4c6fa1bfcb1c6b75383e,ord_dataset-1ec2807f02fa4beda27d2a81b86eb843,1045,6c53da472578589a0827bf590dce9ecb5287961b779c459d0814d5481c4cfd0c
778,ord_dataset-1ec2807f02fa4beda27d2a81b86eb843:ord-a256274a5b5d429c88a4178acc34999a,ord_dataset-1ec2807f02fa4beda27d2a81b86eb843,351,5871387cc48011aa08a0b99c456dace72095c5b5e85b621b1705e43781c3a3d7
779,ord_dataset-1ec2807f02fa4beda27d2a81b86eb843:ord-a2604409025b41ee980e5fc4957dc80b,ord_dataset-1ec2807f02fa4beda27d2a81b86eb843,543,e7ca466ecfa5269301acff22f2e615e4db47c1d7402dcf41bbf86ed44978874a
780,ord_dataset-1ec2807f02fa4beda27d2a81b86eb843:ord-a2a02b60ba3e4b4281f6b03b68a0d7f0,ord_dataset-1ec2807f02fa4beda27d2a81b86eb843,1013,089adc03821654f096bfae2b39cd546b87fc3a96a58c71f4c749ae5dc270eded
781,ord_dataset-1ec2807f02fa4beda27d2a81b86eb843:ord-a2b7dba89b6b408a8f65c822840565e3,ord_dataset-1ec2807f02fa4beda27d2a81b86eb843,968,aef0805048214d4125ab8f2081d269519d87d209d6f77b864c07655ad28c989a
782,ord_dataset-1ec2807f02fa4beda27d2a81b86eb843:ord-a2c110875d59449087863ba2af69a6c2,ord_dataset-1ec2807f02fa4beda27d2a81b86eb843,1154,b0b0d33e3ecef6778561c92e9c847529959af7e2e05f437118035552ef7d798e
783,ord_dataset-1ec2807f02fa4beda27d2a81b86eb843:ord-a2e1b66d84e54e1dad61e7237ba1ff41,ord_dataset-1ec2807f02fa4beda27d2a81b86eb843,1053,1924b33e7eff5be216b00b85b4f64726eabbc9944a1ee68335d74703b2204a24
784,ord_dataset-1ec2807f02fa4beda27d2a81b86eb843:ord-a36fac92b4d44fdca4753095c1c504c5,ord_dataset-1ec2807f02fa4beda27d2a81b86eb843,63,a2239f0009c4ec31e8822a19c772757c17349d523b9f502d799319f74986db27
785,ord_dataset-1ec2807f02fa4beda27d2a81b86eb843:ord-a397b6ee684b4d018c7b44c1a039c010,ord_dataset-1ec2807f02fa4beda27d2a81b86eb843,258,be8b4b8f09a0aea973be0c67fc7e88cb53e1f75a0a5641ee4c79c4ffd4d68114
786,ord_dataset-1ec2807f02fa4beda27d2a81b86eb843:ord-a49c1ffad1c24244bdff3ddce2f1d353,ord_dataset-1ec2807f02fa4beda27d2a81b86eb843,54,66b7fe511e1e86426b2259553feb5d20698f9b8b6a8341498336c00f1b172d92
787,ord_dataset-1ec2807f02fa4beda27d2a81b86eb843:ord-a5536688ec4d46f7ab5f0337d5f90452,ord_dataset-1ec2807f02fa4beda27d2a81b86eb843,404,570334092dbed2306c4efb272a5a2102abf7225b8deafa206dd49d1c351e6a32
788,ord_dataset-1ec2807f02fa4beda27d2a81b86eb843:ord-a5a73216da5e45fba790ae953efd6683,ord_dataset-1ec2807f02fa4beda27d2a81b86eb843,899,f69239ebf92556bf8564bb52a3291b3b22fabd597a251c7f4faf1040bd572b8b
789,ord_dataset-1ec2807f02fa4beda27d2a81b86eb843:ord-a5a9b444f74f4a49b97a486169ef6a86,ord_dataset-1ec2807f02fa4beda27d2a81b86eb843,1152,5d84fbf80a9e65fab0a4f1ebfa8bff1bb579fc513fe219f84c95ecd2aebfce2f
790,ord_dataset-1ec2807f02fa4beda27d2a81b86eb843:ord-a5ca00cf5976432c9d253f6b75207ed2,ord_dataset-1ec2807f02fa4beda27d2a81b86eb843,70,8dc813a09bac98413f8504adb74f1a7bed1c4c779c46d9c742039cf970509912
791,ord_dataset-1ec2807f02fa4beda27d2a81b86eb843:ord-a62cc85dea40446abec0b6d0944e02bd,ord_dataset-1ec2807f02fa4beda27d2a81b86eb843,124,bec8cbb57bc30486560a28d8d8c9e3b3322d45db7e69e7c47abee43f4d4f8ffd
792,ord_dataset-1ec2807f02fa4beda27d2a81b86eb843:ord-a6bbcd8b021e4dd09e24fe32840cce72,ord_dataset-1ec2807f02fa4beda27d2a81b86eb843,278,264a3ecf88207c43b54e931e62e28da3a17c451c6595364b696da05351d74fd2
793,ord_dataset-1ec2807f02fa4beda27d2a81b86eb843:ord-a77d012edd3246caa038d8de61238609,ord_dataset-1ec2807f02fa4beda27d2a81b86eb843,1225,914b7d0d063522d50e50ae239352afb73d0439ae49a44373a2d7785c443c1100
794,ord_dataset-1ec2807f02fa4beda27d2a81b86eb843:ord-a77ee90fe5ce4fe4aec582971ddf8ef7,ord_dataset-1ec2807f02fa4beda27d2a81b86eb843,1073,15e2dc1cc2170d9a47830db20e813bbfa58ce7dd84894db011202994614f4c75
795,ord_dataset-1ec2807f02fa4beda27d2a81b86eb843:ord-a7946c70c2004aa4b94279c5038be16d,ord_dataset-1ec2807f02fa4beda27d2a81b86eb843,58,c8805d2ce5a35f6602e6faecb3e20cc00f80fed61f37ec86ffe7f82018a3ffda
796,ord_dataset-1ec2807f02fa4beda27d2a81b86eb843:ord-a7a180d18f014261a07232b73dd8a291,ord_dataset-1ec2807f02fa4beda27d2a81b86eb843,1161,32c781c9e6173d0ea4242a9197957b5cc26d2de400f5fb6df41843e22a87629e
797,ord_dataset-1ec2807f02fa4beda27d2a81b86eb843:ord-a7a47dfe94324b979634fbf73315f048,ord_dataset-1ec2807f02fa4beda27d2a81b86eb843,651,e4254777d1388ae1ff79182c7be0f8cc0a9db22b9fd529ef5b564a2614feef81
798,ord_dataset-1ec2807f02fa4beda27d2a81b86eb843:ord-a809b8c1483d4765a96421600d663eeb,ord_dataset-1ec2807f02fa4beda27d2a81b86eb843,882,7b93e14bbe9fb651ee0f0a92fff803ac87344b8a34f9b7c6b498249d0162fe59
799,ord_dataset-1ec2807f02fa4beda27d2a81b86eb843:ord-a8238d0f5c4e43c18f6e24923eaad371,ord_dataset-1ec2807f02fa4beda27d2a81b86eb843,868,710e801c5b2568c70ba1e6e8981ced06ca94e9d6820e6b3d4ff487e61e83d527
800,ord_dataset-1ec2807f02fa4beda27d2a81b86eb843:ord-a85e6981c8be4db195e19414d7742d48,ord_dataset-1ec2807f02fa4beda27d2a81b86eb843,66,3d73cffd7cd14fc74f77117042e61a0cb311c140c6cb7ab5a8d97cc4ef0d6242
801,ord_dataset-1ec2807f02fa4beda27d2a81b86eb843:ord-a86b06de57dd4b749ea8a1de261f8db1,ord_dataset-1ec2807f02fa4beda27d2a81b86eb843,180,55503c86ee366b0e081ef43ea1835f66234b833fd7507e4fb93ebb995a0a1472
802,ord_dataset-1ec2807f02fa4beda27d2a81b86eb843:ord-a89de0e29bba4338bf51cfb278fc284b,ord_dataset-1ec2807f02fa4beda27d2a81b86eb843,249,3d386f75c93508339bd7970d8e7b0c1b0c8a6d51d445ec7ba0a79587412da8aa
803,ord_dataset-1ec2807f02fa4beda27d2a81b86eb843:ord-a8d328a3b85b440294233f6ba51f5b09,ord_dataset-1ec2807f02fa4beda27d2a81b86eb843,1211,af4f598dc1f978044a8cbbb8fd51f757d586c0d9cc1e699a35fd5d358780405f
804,ord_dataset-1ec2807f02fa4beda27d2a81b86eb843:ord-a8de1a0d66d046a78bc4f05cf7f68c2d,ord_dataset-1ec2807f02fa4beda27d2a81b86eb843,1166,830c1e96a5d4db0404cb62fa17feaf383c0e11c4c28b6443e7e73ef153e690d5
805,ord_dataset-1ec2807f02fa4beda27d2a81b86eb843:ord-a8ec5599fbe54b59b33c25882949fc66,ord_dataset-1ec2807f02fa4beda27d2a81b86eb843,706,c6ac2302935d12c0bea76250657ac79f453af4b722d889b698fa40504d2c598d
806,ord_dataset-1ec2807f02fa4beda27d2a81b86eb843:ord-a8fc45f8c3a448a4b8dea611afa64186,ord_dataset-1ec2807f02fa4beda27d2a81b86eb843,723,0e8c2a8c1f6e32b6dbeef2114f968d738410ca8f9bcaf41493bdb41de95fba2f
807,ord_dataset-1ec2807f02fa4beda27d2a81b86eb843:ord-a905701273ec4de3a69614e10bb78f5b,ord_dataset-1ec2807f02fa4beda27d2a81b86eb843,589,4d08c56460133075d1b7db644a19f228f6f983ead7d092caf6613a0c854c9957
808,ord_dataset-1ec2807f02fa4beda27d2a81b86eb843:ord-a95c634bca6e49bca21168dfdcadec0e,ord_dataset-1ec2807f02fa4beda27d2a81b86eb843,1179,cdc0037dd56d592874d02e604ac815ae26231373e1484ec9fc2efff4158b0ce5
809,ord_dataset-1ec2807f02fa4beda27d2a81b86eb843:ord-a98345b5d2ed4f269ba644753fcfd81e,ord_dataset-1ec2807f02fa4beda27d2a81b86eb843,1107,05c8d27198ad5448874af93da70a60acaaf7b50118d08ea2fed8a896ecbf6df6
810,ord_dataset-1ec2807f02fa4beda27d2a81b86eb843:ord-a9a12252dd6c4b51aebd92e4f31f28cd,ord_dataset-1ec2807f02fa4beda27d2a81b86eb843,516,0e3056da1454d013f1f580ae0c981f3af69c0b5ca48128c0d1b2a99d5e21e1c1
811,ord_dataset-1ec2807f02fa4beda27d2a81b86eb843:ord-a9dd05007beb4530bc9229192e159d48,ord_dataset-1ec2807f02fa4beda27d2a81b86eb843,263,5c5d6810c19384c42935a09365c4bdce2147628aa51dc1ec556c58d3d9b194da
812,ord_dataset-1ec2807f02fa4beda27d2a81b86eb843:ord-a9e4f888139e4dffb18560a94764c31f,ord_dataset-1ec2807f02fa4beda27d2a81b86eb843,1226,16fcecc0b9726b2cf3be53f547fa20a7db54e9c6e42b1b07a3afa0973c9847f8
813,ord_dataset-1ec2807f02fa4beda27d2a81b86eb843:ord-a9f9ac5778a24ad697103176a1699946,ord_dataset-1ec2807f02fa4beda27d2a81b86eb843,435,cfac2963b0243cf42b94e858a1774234e29b219362608d47ae881c38e9bdc1b7
814,ord_dataset-1ec2807f02fa4beda27d2a81b86eb843:ord-aa4cd6c68ecb4be4a4a2b61083a92a20,ord_dataset-1ec2807f02fa4beda27d2a81b86eb843,854,04ef809257d77bd654edf308907719caef7c824e86c9ff7fdc901b4bdef16f63
815,ord_dataset-1ec2807f02fa4beda27d2a81b86eb843:ord-aaa608bb4cdb4385a5e5722103ecfe70,ord_dataset-1ec2807f02fa4beda27d2a81b86eb843,1030,14486e419925553ba6d7ab096794e3cec94748bc1b46e8a31f3170f7419d05ac
816,ord_dataset-1ec2807f02fa4beda27d2a81b86eb843:ord-aab42889e1ae424e9eb4ec63d03b7b24,ord_dataset-1ec2807f02fa4beda27d2a81b86eb843,717,d6a9a1a1ec72c77850f4787f2f927761ac1ca47cbe5296e22e2b2aba328fe793
817,ord_dataset-1ec2807f02fa4beda27d2a81b86eb843:ord-ab13baeccd3749f6a29e21b3e87354d2,ord_dataset-1ec2807f02fa4beda27d2a81b86eb843,929,162f2660374b4ba8e7ddddd9bee55b54e8089b57926a1200d88cb4d0f1e428bd
818,ord_dataset-1ec2807f02fa4beda27d2a81b86eb843:ord-ab16d99c8bb7475e93a3f8f5fb2e30fe,ord_dataset-1ec2807f02fa4beda27d2a81b86eb843,337,b0ff0fc99b6d983376b723904ccef72d2e22d59688b0905b393c978f358928ef
819,ord_dataset-1ec2807f02fa4beda27d2a81b86eb843:ord-ab21654c84da44f5bdc5213bec28a408,ord_dataset-1ec2807f02fa4beda27d2a81b86eb843,1075,6079ff4452e500a6579faa8787a47425394b9af72aae78ba213079ac131bda69
820,ord_dataset-1ec2807f02fa4beda27d2a81b86eb843:ord-ab2a3da3c16a4bc79577adfb56007cf7,ord_dataset-1ec2807f02fa4beda27d2a81b86eb843,809,bb5935a8b3f105293caa1a0d503f8b08b844f6335f4edeef50d85816c8b96c11
821,ord_dataset-1ec2807f02fa4beda27d2a81b86eb843:ord-ab7217e3ada64c27b14dfc431527ce9b,ord_dataset-1ec2807f02fa4beda27d2a81b86eb843,444,f0c90201dd4ae0d18ef97e0ba2965525d9ec2cac5c9c5480861bbbafaac13be1
822,ord_dataset-1ec2807f02fa4beda27d2a81b86eb843:ord-ab810824d8564230a358f094e894150b,ord_dataset-1ec2807f02fa4beda27d2a81b86eb843,108,3db5e485dfb8a0f4e2fe7b22765f42a3981532cc08c0d9dddd18bbafdc1da7b3
823,ord_dataset-1ec2807f02fa4beda27d2a81b86eb843:ord-ab8c21d38dd94ba5a09930a1003a7e0f,ord_dataset-1ec2807f02fa4beda27d2a81b86eb843,1012,dbff4ebe0426612f144605f9995a63fb162fa459d2cc11f49f6c4f5f40b21a2b
824,ord_dataset-1ec2807f02fa4beda27d2a81b86eb843:ord-aba6684eb6d743cab4313bf162f15243,ord_dataset-1ec2807f02fa4beda27d2a81b86eb843,753,300d864ad4326430a328e56a51115dbb204bac0f005b3612878031f03e8827b5
825,ord_dataset-1ec2807f02fa4beda27d2a81b86eb843:ord-abae0bd329234377b2492ba1983058b3,ord_dataset-1ec2807f02fa4beda27d2a81b86eb843,364,391faf02e0dad1c3269771df0df88a119183521644674991f8ecee0a9de64233
826,ord_dataset-1ec2807f02fa4beda27d2a81b86eb843:ord-abd3831a1c144a67945aee5aa9da0545,ord_dataset-1ec2807f02fa4beda27d2a81b86eb843,341,ed6c120c66f29584cab1628d0b4827f4c9a587fae0a82fb6bff658abbdf15dbe
827,ord_dataset-1ec2807f02fa4beda27d2a81b86eb843:ord-ac2b1c6f3c6c4881a26aa631b2f26bb2,ord_dataset-1ec2807f02fa4beda27d2a81b86eb843,625,f4524542d1872473dbedc089fc55a8c073c43ed52e055013bcc9710c1d9eccc0
828,ord_dataset-1ec2807f02fa4beda27d2a81b86eb843:ord-ac91f5f6fa83473a8d36a5a4c59907f1,ord_dataset-1ec2807f02fa4beda27d2a81b86eb843,1129,d7ad560923ddbbcd3c7dac568082be3ce14183d4abb8d1aec714232f3295ff4f
829,ord_dataset-1ec2807f02fa4beda27d2a81b86eb843:ord-ac99607e50a54fc2ab8eb28574e66d95,ord_dataset-1ec2807f02fa4beda27d2a81b86eb843,1145,f5346259d70d25ea96b5d8d6c2b43a2f0e662f66720d8e722e92bbb0d390e1e0
830,ord_dataset-1ec2807f02fa4beda27d2a81b86eb843:ord-ac9fc60773db4c23bc5c33457e48268f,ord_dataset-1ec2807f02fa4beda27d2a81b86eb843,426,d0535741f1e8b475b2d21d481f7c22617be329fc8bcddd2d346ef3c8345465b8
831,ord_dataset-1ec2807f02fa4beda27d2a81b86eb843:ord-acac44460f0842b2bb88c63c68351bd7,ord_dataset-1ec2807f02fa4beda27d2a81b86eb843,114,1159140c57ce7fadcebf16337d27e2d361039b21520e607faef304d9c2b5b8f2
832,ord_dataset-1ec2807f02fa4beda27d2a81b86eb843:ord-ad54679dffef4928b930b60f7d359bfd,ord_dataset-1ec2807f02fa4beda27d2a81b86eb843,1222,81aec716b5e476838dce3a417ce2c69f872355d692d80ad42629499b5ab65890
833,ord_dataset-1ec2807f02fa4beda27d2a81b86eb843:ord-ad5847d9b734470c9704f2170ded9abf,ord_dataset-1ec2807f02fa4beda27d2a81b86eb843,522,d27149fc41a6be7f1f8a0d1ad1d9cb2dfe4445a17b32a32801a20ce0b580f594
834,ord_dataset-1ec2807f02fa4beda27d2a81b86eb843:ord-ad5f312bbc544aa8993021a96c5adc8a,ord_dataset-1ec2807f02fa4beda27d2a81b86eb843,1029,6a3067b1d794bf373d8e658acda3d68cc37a434b4e58edccbcd6c81b4cc26f67
835,ord_dataset-1ec2807f02fa4beda27d2a81b86eb843:ord-addaceff298b409a96b65b7434b8ea2c,ord_dataset-1ec2807f02fa4beda27d2a81b86eb843,215,4837d39fadcf9b7fc212f8370fba67ca3ecd1e4be6b422740d54d1854a337cf7
836,ord_dataset-1ec2807f02fa4beda27d2a81b86eb843:ord-ae033a95215c4b49a793888dd28b3454,ord_dataset-1ec2807f02fa4beda27d2a81b86eb843,505,14d0433451977b48ff6f2b0ec8e5c884ff243e0112676f75f9c528f770156e4c
837,ord_dataset-1ec2807f02fa4beda27d2a81b86eb843:ord-ae5778795a4b4264a463a54538a35a2c,ord_dataset-1ec2807f02fa4beda27d2a81b86eb843,780,12fd47109dc5b6d610b7448ddee67674dc331fad24d7d40e4bd809e7d17681e2
838,ord_dataset-1ec2807f02fa4beda27d2a81b86eb843:ord-ae967d422c61408cbce4ed3497c4af43,ord_dataset-1ec2807f02fa4beda27d2a81b86eb843,685,80098c9285524a39412cdeae0cfc99e0516a311df315500dffbdbf98a38141d4
839,ord_dataset-1ec2807f02fa4beda27d2a81b86eb843:ord-ae9817dc0a474c918ebc830c15bb7a60,ord_dataset-1ec2807f02fa4beda27d2a81b86eb843,25,ccd9d0a897c38e45f137a4862320c26b354d335c2a49c7097ae0874cb4e709cb
840,ord_dataset-1ec2807f02fa4beda27d2a81b86eb843:ord-aee4ffc0a77a4cd4abe098fc44830292,ord_dataset-1ec2807f02fa4beda27d2a81b86eb843,590,3b622e0e0cd3450d0b98e9ca292c5b36f139b2892cbed3e682b614e2f100acd4
841,ord_dataset-1ec2807f02fa4beda27d2a81b86eb843:ord-aeeee04aa86a480ca7c04102dbfcbe6c,ord_dataset-1ec2807f02fa4beda27d2a81b86eb843,1128,d396cd0504c9dba75eb0f0fefcd6fe84e89d4faf40e30c619d1c7076b6b8632d
842,ord_dataset-1ec2807f02fa4beda27d2a81b86eb843:ord-af2c989da6364d41b3f8b8c090afac2d,ord_dataset-1ec2807f02fa4beda27d2a81b86eb843,288,36adef4bee234531c4554321c5d6f6156643aad216c8c755e8423db65efe2f4d
843,ord_dataset-1ec2807f02fa4beda27d2a81b86eb843:ord-b0731be061c343209f20678e84ee213b,ord_dataset-1ec2807f02fa4beda27d2a81b86eb843,1109,24dae40234725b25efa325ea943e1580d6201139b2c61a260fda6f484646e4f7
844,ord_dataset-1ec2807f02fa4beda27d2a81b86eb843:ord-b08932217a0646a88bbf5c2ef74ee1d2,ord_dataset-1ec2807f02fa4beda27d2a81b86eb843,997,944a44f313bd5dc7010c18abf0bc36378b7ea7bbe4128f6b3449f76be03537f3
845,ord_dataset-1ec2807f02fa4beda27d2a81b86eb843:ord-b15094ed3b03494da8f70cafe118e011,ord_dataset-1ec2807f02fa4beda27d2a81b86eb843,1220,269e85e04b69335a6f12d1bd5b9b9e15eb11afe2d6d3a4ee0b41d55480deeaa7
846,ord_dataset-1ec2807f02fa4beda27d2a81b86eb843:ord-b1b91cb3a4094d119897f0e8dc567342,ord_dataset-1ec2807f02fa4beda27d2a81b86eb843,889,1c6728a9d3b5754ad2659190304b16a0d2c17e63314ea2633fd5e06629ae4ce7
847,ord_dataset-1ec2807f02fa4beda27d2a81b86eb843:ord-b1f4da21baea4b978aa916489298850e,ord_dataset-1ec2807f02fa4beda27d2a81b86eb843,1214,561e1f7e2f5df215ffb4867b3cb6e25f1239ceb75144f80685f7bfdf1608d548
848,ord_dataset-1ec2807f02fa4beda27d2a81b86eb843:ord-b220c74a227e429193d978e20c291ecb,ord_dataset-1ec2807f02fa4beda27d2a81b86eb843,275,f4835acc5b3f548e543451524bc3f93b0416dc5a378d19a5ba59058c62a06098
849,ord_dataset-1ec2807f02fa4beda27d2a81b86eb843:ord-b225fa656bb244af977535c40f2adb67,ord_dataset-1ec2807f02fa4beda27d2a81b86eb843,727,ea3fcb9efa5a198885245dea26326b67243b7f4b620d4e26d7b017e3922ea694
850,ord_dataset-1ec2807f02fa4beda27d2a81b86eb843:ord-b23a8daf87c44bb3be538ad5f8a52e1c,ord_dataset-1ec2807f02fa4beda27d2a81b86eb843,184,8722154e530f58de83fc12f7ac7b813e50c37e73c5d7af76eb5162ed415b9363
851,ord_dataset-1ec2807f02fa4beda27d2a81b86eb843:ord-b240a2bf5f174adf8a5a62697485c83c,ord_dataset-1ec2807f02fa4beda27d2a81b86eb843,551,9f07b30110a2df6184d35eae59c3b6e097f70f7ee23b6ba6be3322d0edbaae3b
852,ord_dataset-1ec2807f02fa4beda27d2a81b86eb843:ord-b24ab1c5f17d49bba5142de23f796b3d,ord_dataset-1ec2807f02fa4beda27d2a81b86eb843,183,5437439d8378911dbaf573f18b59cdd95dbf1b76f1d51e3f1d0fc004aadc4d22
853,ord_dataset-1ec2807f02fa4beda27d2a81b86eb843:ord-b2500d5a243b48639b6b936254c238eb,ord_dataset-1ec2807f02fa4beda27d2a81b86eb843,636,99252c636c04a9f45db382daa22cebe1cbd41e7088435fc5e530a34b82b3377a
854,ord_dataset-1ec2807f02fa4beda27d2a81b86eb843:ord-b26b21456e2e4b17b017caff19050fe9,ord_dataset-1ec2807f02fa4beda27d2a81b86eb843,985,253cdb62f1924b8ea79353660d7ac239d9ac915b7742d51038f203c1bf1efc95
855,ord_dataset-1ec2807f02fa4beda27d2a81b86eb843:ord-b2a102252a1b4249bf24d444f04b55f6,ord_dataset-1ec2807f02fa4beda27d2a81b86eb843,819,bf4f45119dbdc6a23bbcf7f7f0a967125c894b31026e13c1b2212534ce462c21
856,ord_dataset-1ec2807f02fa4beda27d2a81b86eb843:ord-b30bf645e4e9490093f42e0c5fde86f8,ord_dataset-1ec2807f02fa4beda27d2a81b86eb843,267,17f0630055ba6f2362e8a88218c6987df335ee129cbb452c0a9a0a80fa08b7f5
857,ord_dataset-1ec2807f02fa4beda27d2a81b86eb843:ord-b389f8d53d9b45e3b993148171ac45f8,ord_dataset-1ec2807f02fa4beda27d2a81b86eb843,1057,b9b820a788f3cbc225a6dbb6c72fab854455d43db72c4f8c4d293ddefba180ab
858,ord_dataset-1ec2807f02fa4beda27d2a81b86eb843:ord-b3e197e5bd4c4796b06e54fe1575d35e,ord_dataset-1ec2807f02fa4beda27d2a81b86eb843,23,838c23b559a2141b9b7ace5d81882fc5a506a4b0ea6a953bbb7adde07f5c2a0f
859,ord_dataset-1ec2807f02fa4beda27d2a81b86eb843:ord-b4c259e084d44de4a6b622c5110d4bf3,ord_dataset-1ec2807f02fa4beda27d2a81b86eb843,659,ae4f6a629c342d9c30d93896a460407770695573a08b960e9e6bfee35e9d6ba1
860,ord_dataset-1ec2807f02fa4beda27d2a81b86eb843:ord-b4edbbeb5e9245c29b7e314b109d8803,ord_dataset-1ec2807f02fa4beda27d2a81b86eb843,100,b9a1360108aec04493f019a20dadcca169ef4a6c7f07bb4533222685f886e2d7
861,ord_dataset-1ec2807f02fa4beda27d2a81b86eb843:ord-b4febcbbe9f74b0c8931af48a769cfdd,ord_dataset-1ec2807f02fa4beda27d2a81b86eb843,95,b17244ba015be2181eb3086ec158dbf171553217ac8b4a3756f3ff6ed9ade863
862,ord_dataset-1ec2807f02fa4beda27d2a81b86eb843:ord-b5420d620e554bcb94cb2aabbfeafba4,ord_dataset-1ec2807f02fa4beda27d2a81b86eb843,198,404989d7d21d95645a52be42ef2f846b460e1fee0d45b97b4610e066d2e013a8
863,ord_dataset-1ec2807f02fa4beda27d2a81b86eb843:ord-b54b5ad8a27748409d0b10eafb083013,ord_dataset-1ec2807f02fa4beda27d2a81b86eb843,344,85367b341658db9d2d569e9e5e5c617c0e16782d62f1cc8069c7921366f5f90c
864,ord_dataset-1ec2807f02fa4beda27d2a81b86eb843:ord-b5a198a602404115b28586401a5164ad,ord_dataset-1ec2807f02fa4beda27d2a81b86eb843,1087,c15d8b47d914f3bea0de4f1172b0210b6ae51e060f3a1879cb43b2553536c542
865,ord_dataset-1ec2807f02fa4beda27d2a81b86eb843:ord-b6011ebcfb0040c8add217781e74ea59,ord_dataset-1ec2807f02fa4beda27d2a81b86eb843,1055,8be38d438c3d3512f9b02f35cb06d5f1b7daf120c76b010e4fef7e212beed1ce
866,ord_dataset-1ec2807f02fa4beda27d2a81b86eb843:ord-b645870429b041559a03988ff98416e9,ord_dataset-1ec2807f02fa4beda27d2a81b86eb843,428,98d5d84a01c8160228128fbe322c154ffdae8179c1e91433949aa5637da09b36
867,ord_dataset-1ec2807f02fa4beda27d2a81b86eb843:ord-b64bea06f2e24697bd0581eb5a22bfc9,ord_dataset-1ec2807f02fa4beda27d2a81b86eb843,387,1a0bb108598cbe52291677ec2b91b575248f1f12d0d9edf9ccbc6cde06e08462
868,ord_dataset-1ec2807f02fa4beda27d2a81b86eb843:ord-b6884776dd3e4efa89f988aafb04f135,ord_dataset-1ec2807f02fa4beda27d2a81b86eb843,200,4b89dcfd0827475d8daddafd5c3030219504ea81d95015b5205248389f750001
869,ord_dataset-1ec2807f02fa4beda27d2a81b86eb843:ord-b6a6cc8ddc4d4d9a8522e4c5c4d2b0df,ord_dataset-1ec2807f02fa4beda27d2a81b86eb843,171,b6de971b231a855301d148498abef753dac7c8f9ead7f04cba1446e947928a41
870,ord_dataset-1ec2807f02fa4beda27d2a81b86eb843:ord-b6cd4d226d8040329eed1ba7379291aa,ord_dataset-1ec2807f02fa4beda27d2a81b86eb843,585,475082c130d1171f5cb77feb4804ebf4b32e4529dc0f4eeb26f7078e75c2f973
871,ord_dataset-1ec2807f02fa4beda27d2a81b86eb843:ord-b7beb72900484f77af0339b4b7d4b415,ord_dataset-1ec2807f02fa4beda27d2a81b86eb843,1155,76a11a2b0c9adfdbfda9f6808d31711c2bcec9ecff555a74c514e313d8175e95
872,ord_dataset-1ec2807f02fa4beda27d2a81b86eb843:ord-b7ed02f06f514b16ac89fe665dace283,ord_dataset-1ec2807f02fa4beda27d2a81b86eb843,817,923f39dc0bd438eb78ded4e1b7dd51413be29dc530036d0ad3cbab4aeb3e8964
873,ord_dataset-1ec2807f02fa4beda27d2a81b86eb843:ord-b7edeada447141c5b6f9a40b895f7484,ord_dataset-1ec2807f02fa4beda27d2a81b86eb843,1210,11264305d8ed78e26c36309206cd707a1e58b7b844e248ac1638703b84324967
874,ord_dataset-1ec2807f02fa4beda27d2a81b86eb843:ord-b81045e77d884afb98effdf793362977,ord_dataset-1ec2807f02fa4beda27d2a81b86eb843,475,76a692c0c1af094085fe61f182f5cfb7502cb011cc63cb2f635ce31e66c76892
875,ord_dataset-1ec2807f02fa4beda27d2a81b86eb843:ord-b81780dd25c0410e8c69588951b4f681,ord_dataset-1ec2807f02fa4beda27d2a81b86eb843,311,a13ab6d845910eecd5c84b5af38ad9b5d1594437973af6f646c8ed48c30726fa
876,ord_dataset-1ec2807f02fa4beda27d2a81b86eb843:ord-b8916bcc0a714f3a97174ba3c7a95866,ord_dataset-1ec2807f02fa4beda27d2a81b86eb843,268,61f8a2c77abef959db9827656479bb80745f11357708143ab604099436ab0eee
877,ord_dataset-1ec2807f02fa4beda27d2a81b86eb843:ord-b8e1897df19f443d9a099c01d0551d16,ord_dataset-1ec2807f02fa4beda27d2a81b86eb843,354,c01ab1a31e56767ab0081e9f43b576a132790e11311653be12969504083a29e0
878,ord_dataset-1ec2807f02fa4beda27d2a81b86eb843:ord-b90d6358cf27413e9ccd8142958aeec2,ord_dataset-1ec2807f02fa4beda27d2a81b86eb843,571,477aa0a2596d61848649c773ff7540c6f20b653e5c7b1a1d5e78bf5137fe6690
879,ord_dataset-1ec2807f02fa4beda27d2a81b86eb843:ord-b914d00a4c66437ba6b4e3a07831e70e,ord_dataset-1ec2807f02fa4beda27d2a81b86eb843,101,70230f8beb51043225917a90cf7363de40b0ed445797be2ceeab25c21731a68a
880,ord_dataset-1ec2807f02fa4beda27d2a81b86eb843:ord-b916803e4560440ab4af6eed76504d24,ord_dataset-1ec2807f02fa4beda27d2a81b86eb843,1003,23aba4760cad1eec84f9e208afde38a2013c894794fa96bb801f58f215a8cf09
881,ord_dataset-1ec2807f02fa4beda27d2a81b86eb843:ord-b91b19a845fa4588868d80331a75b6b9,ord_dataset-1ec2807f02fa4beda27d2a81b86eb843,564,cc19416065c2ea84a7bae22337cb733fc0471d50645b81c09ea33b6bb77cdb17
882,ord_dataset-1ec2807f02fa4beda27d2a81b86eb843:ord-b9359d53c403449e93897ffa51896550,ord_dataset-1ec2807f02fa4beda27d2a81b86eb843,212,be5ea84c694035cb20bfe7ce9f2988990556ff9ef41b92fb96bd508738d4d71e
883,ord_dataset-1ec2807f02fa4beda27d2a81b86eb843:ord-b937d2e54be346d893ed74d28a4138e0,ord_dataset-1ec2807f02fa4beda27d2a81b86eb843,1027,8063f1c87d58f78967f11b2ca6745d7cfcd8629331d92cf9f5755ff98de8ca26
884,ord_dataset-1ec2807f02fa4beda27d2a81b86eb843:ord-b97299b11ee145c39c51cdddc3098817,ord_dataset-1ec2807f02fa4beda27d2a81b86eb843,979,b269b3e11214bd57a3dfd332609d2d14026c537b20c203636563afb338837b25
885,ord_dataset-1ec2807f02fa4beda27d2a81b86eb843:ord-b980677d7cf9429ba11c6c3533bcca78,ord_dataset-1ec2807f02fa4beda27d2a81b86eb843,140,214af8f99f81f8c8418e1dbe43266698ce302c7c97f0af5a493c8a30827a2262
886,ord_dataset-1ec2807f02fa4beda27d2a81b86eb843:ord-b9aff68902ce4147874ad78b659ec5fe,ord_dataset-1ec2807f02fa4beda27d2a81b86eb843,901,f31baaf60c01a25f9e2a919ed29064e215111464839268ffbfa48b3d782f6ab8
887,ord_dataset-1ec2807f02fa4beda27d2a81b86eb843:ord-b9b933f6c0fb4475806f76f401f91e61,ord_dataset-1ec2807f02fa4beda27d2a81b86eb843,1195,c2f86511b11685524d6fe2dbaffb31274bee6c95c01c0ee4c3c1c673cd19882b
888,ord_dataset-1ec2807f02fa4beda27d2a81b86eb843:ord-ba11f1968cec437fbd6f478aa9d8ee07,ord_dataset-1ec2807f02fa4beda27d2a81b86eb843,813,4e0a90630ef5cf884ee03217f16338f5148c74fbb3396759ac13a24dff55fb75
889,ord_dataset-1ec2807f02fa4beda27d2a81b86eb843:ord-ba42253a8e5c4f71ade630cf930c397b,ord_dataset-1ec2807f02fa4beda27d2a81b86eb843,135,2b6e57ea9f5610265c8ffc6d53cb10b82c7a5a604e7d5af99ccafbc01e5af803
890,ord_dataset-1ec2807f02fa4beda27d2a81b86eb843:ord-baa995e35b644ccba8728008e2da150c,ord_dataset-1ec2807f02fa4beda27d2a81b86eb843,423,15dbf6b780a98ca1c163f4b6d8538690d1729850207b5a4f9349d3d52f3ca665
891,ord_dataset-1ec2807f02fa4beda27d2a81b86eb843:ord-baadc6b4367445c299342bee6f61f327,ord_dataset-1ec2807f02fa4beda27d2a81b86eb843,0,f508720acfbe08ed5843358a43b464fa88ad0bac0f097cb79f7317ea83820bdd
892,ord_dataset-1ec2807f02fa4beda27d2a81b86eb843:ord-bb1e1368db1949be90c4d95567f53e65,ord_dataset-1ec2807f02fa4beda27d2a81b86eb843,949,c1b520fe14896997014ed46def6547e9a60820d3821fece2206719865ead5dc5
893,ord_dataset-1ec2807f02fa4beda27d2a81b86eb843:ord-bbd862a1ab044b1db61e215e144b9dba,ord_dataset-1ec2807f02fa4beda27d2a81b86eb843,1223,c9cc8733149ed2aeeb2fc1528bb28e97a63711e2c33663157db11296da91686f
894,ord_dataset-1ec2807f02fa4beda27d2a81b86eb843:ord-bbd93c078942493ead06ce193e0db7f0,ord_dataset-1ec2807f02fa4beda27d2a81b86eb843,300,6a1f543a99ac1a930c739e4fdedcbca56625d8d88bae5aa6d5ef4b2bdc0609f5
895,ord_dataset-1ec2807f02fa4beda27d2a81b86eb843:ord-bbe539fe94d042cba677e6d039ea3cfe,ord_dataset-1ec2807f02fa4beda27d2a81b86eb843,137,405f66e8e168bf492c25f56d22b640e00702301aadf79fc10bf138adc3c8d44f
896,ord_dataset-1ec2807f02fa4beda27d2a81b86eb843:ord-bc0931bca5dc459f8773a9964eaf2e2b,ord_dataset-1ec2807f02fa4beda27d2a81b86eb843,391,6ac610e0c13601716090df255cfe86600c7ed615350df0c736a3c7391eaf9ffd
897,ord_dataset-1ec2807f02fa4beda27d2a81b86eb843:ord-bc381ada4126458ca9fdc058b2a0dc8b,ord_dataset-1ec2807f02fa4beda27d2a81b86eb843,871,de098b2092fb9b245e5b52912a9df2c005acc61694ade6b662b50a566a137e5d
898,ord_dataset-1ec2807f02fa4beda27d2a81b86eb843:ord-bc4a5461d3e64c0683f12a4d1f00e54c,ord_dataset-1ec2807f02fa4beda27d2a81b86eb843,646,cf889559be9cb8a3331191ab19932ecf694e8a4ef6731079e485c23db408c095
899,ord_dataset-1ec2807f02fa4beda27d2a81b86eb843:ord-bc9f18c48b9a455f81dd6b6189f63f5a,ord_dataset-1ec2807f02fa4beda27d2a81b86eb843,49,cd84a0ffe4c4dacafae05297aa33013628132efd5faa0e0f4a0da9c9bc85912a
900,ord_dataset-1ec2807f02fa4beda27d2a81b86eb843:ord-bcbbe0912e5a4edc8bcad2e138964ea3,ord_dataset-1ec2807f02fa4beda27d2a81b86eb843,61,96ff1e734a0cda50e13dd30f32f91d02f5ab0daa39fbf97eeed14ca1c800365f
901,ord_dataset-1ec2807f02fa4beda27d2a81b86eb843:ord-bd0908ee89e746cf9a589e122d650882,ord_dataset-1ec2807f02fa4beda27d2a81b86eb843,422,da65a1ecf8dbc83faf9fef308193ea53e18fbc496de5632cec1d2659f9ef27fb
902,ord_dataset-1ec2807f02fa4beda27d2a81b86eb843:ord-bd221b31b5414f7f96ff238f57086538,ord_dataset-1ec2807f02fa4beda27d2a81b86eb843,9,9d5bce29462d2ec78485d2d7ed9b187b3c511ee20a8fe23dd89e8689ad94b82f
903,ord_dataset-1ec2807f02fa4beda27d2a81b86eb843:ord-bd3c6c50ad8f46178e5fda5aa315d9e0,ord_dataset-1ec2807f02fa4beda27d2a81b86eb843,481,33231aeca62be8b5fe1db877b8d0d794e7cd0e9253b1973bea5ce14ea5fc9e4d
904,ord_dataset-1ec2807f02fa4beda27d2a81b86eb843:ord-bda39b6b305b437bb49792f3d66ff606,ord_dataset-1ec2807f02fa4beda27d2a81b86eb843,1009,9807b1c983cffa7fd7b9538dbc53b0d1627e1d959c18e6c9a8245499cc99fe96
905,ord_dataset-1ec2807f02fa4beda27d2a81b86eb843:ord-bdb56d351ebe4b449ef0d49f4f7dfd30,ord_dataset-1ec2807f02fa4beda27d2a81b86eb843,246,e4fba73919cbfd6918b9a74e2bbbc03517bb2b9393fdc62938390b8519d2fc64
906,ord_dataset-1ec2807f02fa4beda27d2a81b86eb843:ord-bdb774337f5b4348a799fd28dc5ad242,ord_dataset-1ec2807f02fa4beda27d2a81b86eb843,1140,9aa4a844d97132c4c75fc69c41d2c89cc49b1ff3105b0e7cfb8a2a2732ba417d
907,ord_dataset-1ec2807f02fa4beda27d2a81b86eb843:ord-bde259ab6b2b40f2a7a22b93e0b420d0,ord_dataset-1ec2807f02fa4beda27d2a81b86eb843,847,ebf59ecc40a4bd2c48fa6a0f1ffc47b954cc596d328f292fbf6eea003314b3fa
908,ord_dataset-1ec2807f02fa4beda27d2a81b86eb843:ord-be1ae0bfd26e452ab2091a3d4c02760b,ord_dataset-1ec2807f02fa4beda27d2a81b86eb843,568,195c02bdc958e25db6cfb80f44c066a484b4f756b0be3b89a93a153c4adb5505
909,ord_dataset-1ec2807f02fa4beda27d2a81b86eb843:ord-be60caf42e95499594855d31a231304b,ord_dataset-1ec2807f02fa4beda27d2a81b86eb843,467,18db53efe575b5bc9cc1f5c7246152e14d8208bdffbc0c7a9343634e44c851dc
910,ord_dataset-1ec2807f02fa4beda27d2a81b86eb843:ord-be966d3f6b664251949b2e052f2a58ae,ord_dataset-1ec2807f02fa4beda27d2a81b86eb843,229,7618e29d66d0c2e52da09f097fce33a58aa5da81140ac25baafdacdfed45d9a0
911,ord_dataset-1ec2807f02fa4beda27d2a81b86eb843:ord-bee72f6edef64b80aa2564bcff92822b,ord_dataset-1ec2807f02fa4beda27d2a81b86eb843,830,4627be3aa7aad7e623060b93d4d79dcb9c91546d3cfa96e7062d202bec48a2fd
912,ord_dataset-1ec2807f02fa4beda27d2a81b86eb843:ord-bf73352c85b24656a06df475d01390d0,ord_dataset-1ec2807f02fa4beda27d2a81b86eb843,402,09ef17183a2cd09d34cf1c5a590d5832f6b4f1ac94ad0742bed3bf5f60a847ed
913,ord_dataset-1ec2807f02fa4beda27d2a81b86eb843:ord-bfa4e64b146e44b2937dd88c807279e6,ord_dataset-1ec2807f02fa4beda27d2a81b86eb843,1090,d71249931d7f41809b221e747a578ae03234a4135d91bf7d3573a18d6e7c7518
914,ord_dataset-1ec2807f02fa4beda27d2a81b86eb843:ord-bfbaa83984414e1e9fccbc66fecbe54d,ord_dataset-1ec2807f02fa4beda27d2a81b86eb843,450,6a777eb0def36604874b17e561c0f747c849022fe6e3783b9086bc8d0ea42a74
915,ord_dataset-1ec2807f02fa4beda27d2a81b86eb843:ord-c068ce7fc6dd4ccd85d377074f5c55e3,ord_dataset-1ec2807f02fa4beda27d2a81b86eb843,142,1e5410faef76d01d985e853df07e66eb421ccceea21a8625919292c71862e19e
916,ord_dataset-1ec2807f02fa4beda27d2a81b86eb843:ord-c08a9dae0d674a12ae58be731b7c56b9,ord_dataset-1ec2807f02fa4beda27d2a81b86eb843,326,8a92cc9a82367084e3183054f45eed50648532b8933373cfe416445ddca1f408
917,ord_dataset-1ec2807f02fa4beda27d2a81b86eb843:ord-c10c30299bb249d1a49179028adb50f4,ord_dataset-1ec2807f02fa4beda27d2a81b86eb843,1168,0e1dc5a496c4f5b2ed2801c383a89c73a55271e1b10015219d5a7518b89aa6ce
918,ord_dataset-1ec2807f02fa4beda27d2a81b86eb843:ord-c12acd33dc374cf5aac5ef6638146283,ord_dataset-1ec2807f02fa4beda27d2a81b86eb843,1063,42d09f00cf035aae4d28b54c79ff23e23ca0822ea20575c1a9b50d8e291f9c78
919,ord_dataset-1ec2807f02fa4beda27d2a81b86eb843:ord-c1aa632327df4a1cbc7daa7e0de0791a,ord_dataset-1ec2807f02fa4beda27d2a81b86eb843,493,b12a9523b61d321374053a72d08172d3a392796c3c786e015404745d75e4a135
920,ord_dataset-1ec2807f02fa4beda27d2a81b86eb843:ord-c1e1884f68554445831fe346de8d4055,ord_dataset-1ec2807f02fa4beda27d2a81b86eb843,99,560b3baa47f8bed041954ba792484bdec3a19540752b3c076890bdafaf7133f8
921,ord_dataset-1ec2807f02fa4beda27d2a81b86eb843:ord-c1fb1f5198bd441a93113cfffa2d6c02,ord_dataset-1ec2807f02fa4beda27d2a81b86eb843,498,334fe5ca1d0b015860e53d1f5ce979db4f8c5921acb363cc1d3015aff0ce9612
922,ord_dataset-1ec2807f02fa4beda27d2a81b86eb843:ord-c20ba675f52945c791ea974c8cad01aa,ord_dataset-1ec2807f02fa4beda27d2a81b86eb843,130,3022c58b07ecb1c7451ec603b290797541033fa9d766c6abbee3d8f40c987e08
923,ord_dataset-1ec2807f02fa4beda27d2a81b86eb843:ord-c20f53457e7840c3adb007e2d30e5ad1,ord_dataset-1ec2807f02fa4beda27d2a81b86eb843,915,409894be89a92ea5e1c61a52ba41ab3db36bbcbd97dff12800899efd581c3291
924,ord_dataset-1ec2807f02fa4beda27d2a81b86eb843:ord-c226c6aa5aaa414ea6c6b125ea4e3baa,ord_dataset-1ec2807f02fa4beda27d2a81b86eb843,105,e4353b97e8e17ed27f24a0a5701b279f2fd7a8a7e79929a7e48f2ce80ef1b0a9
925,ord_dataset-1ec2807f02fa4beda27d2a81b86eb843:ord-c284e9fef138439192554d51ef906351,ord_dataset-1ec2807f02fa4beda27d2a81b86eb843,162,49d1b1614494818a1cfcc5b87e75f9a36fbf9f45925c4c00b40000413670c487
926,ord_dataset-1ec2807f02fa4beda27d2a81b86eb843:ord-c299b48d337f4e208ff48c6c34c05cb3,ord_dataset-1ec2807f02fa4beda27d2a81b86eb843,1101,16ac0fb583421966360297e9e61b5e2435e956ba6777814d3bb2bb52b74c91f2
927,ord_dataset-1ec2807f02fa4beda27d2a81b86eb843:ord-c29a77f9f9f643d9ba8d93f6e5070cf9,ord_dataset-1ec2807f02fa4beda27d2a81b86eb843,932,99c3a7bb9e220ff8d3ddb93f1d9076527cf55b6ac18432498cbbaf503685356c
928,ord_dataset-1ec2807f02fa4beda27d2a81b86eb843:ord-c2b19169726c43d1b6464fa26473e895,ord_dataset-1ec2807f02fa4beda27d2a81b86eb843,560,7a64a81087fd7e3ddcae7b93d74a2149c89d6b6a183287e466149ac2b78a879d
929,ord_dataset-1ec2807f02fa4beda27d2a81b86eb843:ord-c2b4144bbd11446cba48e341f8e50d5d,ord_dataset-1ec2807f02fa4beda27d2a81b86eb843,621,8b97c06dc55880ffd3413dd38951ed7a3637576e44477fabfe7f71235084143c
930,ord_dataset-1ec2807f02fa4beda27d2a81b86eb843:ord-c2e59e17367c4277b8e4bc2fd813bd21,ord_dataset-1ec2807f02fa4beda27d2a81b86eb843,487,1b3da6fffdfa2bb08ee633072ce325dfdf693a6320b6507f42650a414316f7f0
931,ord_dataset-1ec2807f02fa4beda27d2a81b86eb843:ord-c2ec5d7ad3eb439e868defb8fd61e998,ord_dataset-1ec2807f02fa4beda27d2a81b86eb843,10,4504d55fc8d4a7ffaf42bcc677566ee939d8dfaa4ba998ea6a1e883e75cff642
932,ord_dataset-1ec2807f02fa4beda27d2a81b86eb843:ord-c37a4f85ab374424b9bfc2ab5984fe85,ord_dataset-1ec2807f02fa4beda27d2a81b86eb843,308,b5e6267e8abbdc276cbc61f9ec9d499d0497bedb9d380761b23012c09212fa5b
933,ord_dataset-1ec2807f02fa4beda27d2a81b86eb843:ord-c3be2a3cf39b4e6ea3cb5d5cb2c614e2,ord_dataset-1ec2807f02fa4beda27d2a81b86eb843,306,fb8bd49a44a925d8fb6ea823458662598cb8284399652dc74491de30ec6cbe08
934,ord_dataset-1ec2807f02fa4beda27d2a81b86eb843:ord-c3c72f0cf824460d844de87b1f3388d5,ord_dataset-1ec2807f02fa4beda27d2a81b86eb843,1020,d435e216967cb6006243f1265742494a887a88ac3375f06784c7bafaeb028de6
935,ord_dataset-1ec2807f02fa4beda27d2a81b86eb843:ord-c3ca13f9c2eb4f5cad9ffbc439476901,ord_dataset-1ec2807f02fa4beda27d2a81b86eb843,425,2e803ec937b99526dfe053fcb24b155cd5cd8031a2ea23f073260b1eddb315c7
936,ord_dataset-1ec2807f02fa4beda27d2a81b86eb843:ord-c3d24ce7a8bf45f4ac6f5c7771bd90a1,ord_dataset-1ec2807f02fa4beda27d2a81b86eb843,837,e2dcb5501fc487e73fcef578f5e65fc616b9c8aa2563f4b0a39f7f491b174c7b
937,ord_dataset-1ec2807f02fa4beda27d2a81b86eb843:ord-c4192e50bf9c44b2a5d81ec890413596,ord_dataset-1ec2807f02fa4beda27d2a81b86eb843,527,7723154dec1522632d4744bbcccd9f51042ce9128d755c95e5d874aeffcfec0f
938,ord_dataset-1ec2807f02fa4beda27d2a81b86eb843:ord-c44dfa1330f648509672ce378b5290e6,ord_dataset-1ec2807f02fa4beda27d2a81b86eb843,1019,83cfff31edceb41a5bf2947365579fe1f3041b4efa287cbe2e76c973b3869591
939,ord_dataset-1ec2807f02fa4beda27d2a81b86eb843:ord-c48e4732948b46b393123b452d00d493,ord_dataset-1ec2807f02fa4beda27d2a81b86eb843,424,57a7ee93c787f75e3f50aaefffef54b44502a9462a57812c3630d02cc3011287
940,ord_dataset-1ec2807f02fa4beda27d2a81b86eb843:ord-c520c6e98949455dab64663deca635f5,ord_dataset-1ec2807f02fa4beda27d2a81b86eb843,1026,ac863ad29bea8dd1bd1dded0da5a2da24473c7347a8a8bfbb994432e426d665a
941,ord_dataset-1ec2807f02fa4beda27d2a81b86eb843:ord-c54ab215c2b04905a6d691000a149353,ord_dataset-1ec2807f02fa4beda27d2a81b86eb843,57,894c1beef828f2a62fd269c459429424d43839cfe231cac562a84a72d542f646
942,ord_dataset-1ec2807f02fa4beda27d2a81b86eb843:ord-c55de0d2535c42528c1e6e3be36ae37f,ord_dataset-1ec2807f02fa4beda27d2a81b86eb843,417,93f6b34835c0d8ccec4a2117ab14a63d1a2a9f0096482adba3e3ac493e36f161
943,ord_dataset-1ec2807f02fa4beda27d2a81b86eb843:ord-c576996745ab4b0d97183f5451e1ba92,ord_dataset-1ec2807f02fa4beda27d2a81b86eb843,613,547a6828d1e49874d16273d062ea7fbe14514b66a66db3fe3d78fb1933e1aa03
944,ord_dataset-1ec2807f02fa4beda27d2a81b86eb843:ord-c5fa345ca5f54b14853d149cae0a84a6,ord_dataset-1ec2807f02fa4beda27d2a81b86eb843,55,4c4677736b7bf4fe243cf028b1bb2ddbbfbec90b502a3a341c75499cdde461c7
945,ord_dataset-1ec2807f02fa4beda27d2a81b86eb843:ord-c61287bd27d04a93858f6e3b4ee89e03,ord_dataset-1ec2807f02fa4beda27d2a81b86eb843,951,0faafba055115ead1b03483aab11aeabbd33e6eb08751cbd4784ba10c78a86dd
946,ord_dataset-1ec2807f02fa4beda27d2a81b86eb843:ord-c615801ac1f74155bec7f2e4f0587a2a,ord_dataset-1ec2807f02fa4beda27d2a81b86eb843,159,44d79de072078ca73d752a514c4cd025cdcbd7d4492ad1918bf52d9c1c035ecc
947,ord_dataset-1ec2807f02fa4beda27d2a81b86eb843:ord-c61cb7521d394b279e741b6fe310ddfe,ord_dataset-1ec2807f02fa4beda27d2a81b86eb843,312,ed4c7d08188e1ef50739f2ac9021e6e14e5f6e833e62b0e321d9b921d09ad338
948,ord_dataset-1ec2807f02fa4beda27d2a81b86eb843:ord-c63182dba34c40d6a8b57257bebe0936,ord_dataset-1ec2807f02fa4beda27d2a81b86eb843,373,44bf62b3e8890cc8b0c425c177113bd4945d4f6f962fb471b380295123c837ed
949,ord_dataset-1ec2807f02fa4beda27d2a81b86eb843:ord-c6d5f8f538764f06b3857c8d57f5c3f7,ord_dataset-1ec2807f02fa4beda27d2a81b86eb843,45,7410c3f50bab91930ab9b9a1a8a928c902ff87a3bd70f9e77823faecb44862a5
950,ord_dataset-1ec2807f02fa4beda27d2a81b86eb843:ord-c6d9c8fd10084c70b2e49bb5d6019a5c,ord_dataset-1ec2807f02fa4beda27d2a81b86eb843,1028,0c81b062752ba2125d2e46c0c967950350adaa90c79fc09e950dd82def83433e
951,ord_dataset-1ec2807f02fa4beda27d2a81b86eb843:ord-c6e7cc9663f3425fbccc82227da776f8,ord_dataset-1ec2807f02fa4beda27d2a81b86eb843,824,cc0881c84a5a98dca2c5024061d8735dc8358f6327ad71ea863bfb36fb33c7e2
952,ord_dataset-1ec2807f02fa4beda27d2a81b86eb843:ord-c6f6655e10624efd8bfd919279e852c1,ord_dataset-1ec2807f02fa4beda27d2a81b86eb843,772,f847a521b89fb05cf053d00b98079c0dea6edc3c953c6192bbf2b3a0c6073c42
953,ord_dataset-1ec2807f02fa4beda27d2a81b86eb843:ord-c774c856999647e4beee608cd930c60b,ord_dataset-1ec2807f02fa4beda27d2a81b86eb843,133,6da39eb0f72cf7c7a016948f8abc800cc51d085067b28ad3e5fe796e39ce9587
954,ord_dataset-1ec2807f02fa4beda27d2a81b86eb843:ord-c77812af4c8e4babba99a7c22408a86a,ord_dataset-1ec2807f02fa4beda27d2a81b86eb843,189,acc1a2d3a30315affe93ff8f48244b106d054c9d19e55d92cbe0ad3dae88aaae
955,ord_dataset-1ec2807f02fa4beda27d2a81b86eb843:ord-c7c104e7dcc3426eabc5f283f4540615,ord_dataset-1ec2807f02fa4beda27d2a81b86eb843,269,4ecbb33f65b7904e2e24b508236fdf66b415b5219ea626aad0691d730a38a83a
956,ord_dataset-1ec2807f02fa4beda27d2a81b86eb843:ord-c855434b419b48ec9be4c1222a9fb94f,ord_dataset-1ec2807f02fa4beda27d2a81b86eb843,810,d951cb5ea5017163a9f94414cfa6acc88a5d41d95124c019c81193cd6b486c86
957,ord_dataset-1ec2807f02fa4beda27d2a81b86eb843:ord-c8649f13e70b47faa49935b9f42d71dd,ord_dataset-1ec2807f02fa4beda27d2a81b86eb843,793,ae1c2f5ce093df38c34a6c197907aa38be5303e39bb376f4843088057605cd18
958,ord_dataset-1ec2807f02fa4beda27d2a81b86eb843:ord-c867f2f5ee844d8099373f8a271335f5,ord_dataset-1ec2807f02fa4beda27d2a81b86eb843,1001,57241d1f8a13dad01660666ee9784ceb68e1229122d02fe336b5520b27134a0a
959,ord_dataset-1ec2807f02fa4beda27d2a81b86eb843:ord-c8990d2db37b41a08bd4d68f2fe06dbb,ord_dataset-1ec2807f02fa4beda27d2a81b86eb843,777,3c286803ab05e194a3417d6cded8614c80ad5dbd7201ee05f7efa4857a3f59b2
960,ord_dataset-1ec2807f02fa4beda27d2a81b86eb843:ord-c8c35e16cd0a440994d6fd672c6f6551,ord_dataset-1ec2807f02fa4beda27d2a81b86eb843,678,a59310fbe39dbda3ce857ade9cc132f6ac05800ab8c4f4868eeacbe9f990a229
961,ord_dataset-1ec2807f02fa4beda27d2a81b86eb843:ord-c8c83585974645efb5abe094b70e2976,ord_dataset-1ec2807f02fa4beda27d2a81b86eb843,655,9c4713f5009de7b2aa1d297aecbdafd243bb3cce577500e3bb7b8e7e8e46b255
962,ord_dataset-1ec2807f02fa4beda27d2a81b86eb843:ord-c8ddcfbf507d4ab09d7e52fef971eca5,ord_dataset-1ec2807f02fa4beda27d2a81b86eb843,673,ed7a89641f8ea14d2e8d030a31101d4489b6892af76dec42a59cba55b4727f8c
963,ord_dataset-1ec2807f02fa4beda27d2a81b86eb843:ord-c8f4d3f4025a4e69aa300d56d4ea784c,ord_dataset-1ec2807f02fa4beda27d2a81b86eb843,743,40201c44dcec37276ad28a96211d70ef9e30d0ced47e7d6fadbb5c89f6130e4e
964,ord_dataset-1ec2807f02fa4beda27d2a81b86eb843:ord-c924ede7c4654328a23fd73f3858a7da,ord_dataset-1ec2807f02fa4beda27d2a81b86eb843,799,5936b4a4f085b7018f65381162767e58cda9f587573dd742487043e488089666
965,ord_dataset-1ec2807f02fa4beda27d2a81b86eb843:ord-c940cbad88064aa1ada9462f63a327d4,ord_dataset-1ec2807f02fa4beda27d2a81b86eb843,413,6d8bb5fcdddec27ced2c8bcd4044cc4bcff5c6fc02f2584749240cd2d5f9289e
966,ord_dataset-1ec2807f02fa4beda27d2a81b86eb843:ord-c96c0bae39c24ca994bacfce3bfd2731,ord_dataset-1ec2807f02fa4beda27d2a81b86eb843,1006,27a6217d1c4f1dc612d8724c510f07fd1b6f4b4406ffdb36fe014c02fcc83310
967,ord_dataset-1ec2807f02fa4beda27d2a81b86eb843:ord-c9c4b19ed1cb4310b5f7140c10a09576,ord_dataset-1ec2807f02fa4beda27d2a81b86eb843,811,3256d80ff37101ec36309c3d5605f443bdfca312905571b1a02c08aca747c250
968,ord_dataset-1ec2807f02fa4beda27d2a81b86eb843:ord-c9cbac1caa2a4f00baab5a6cb0d409e3,ord_dataset-1ec2807f02fa4beda27d2a81b86eb843,848,e65bbf23aec80e542674e1db32ad5ac1960447e0c98f181b22ca84f586ad2554
969,ord_dataset-1ec2807f02fa4beda27d2a81b86eb843:ord-c9d173474a13448ca83b070e88286617,ord_dataset-1ec2807f02fa4beda27d2a81b86eb843,971,252c6a0adaae457d8ece74d0d6f2275f39b46829e011a5d9b051c2478edeb882
970,ord_dataset-1ec2807f02fa4beda27d2a81b86eb843:ord-ca069c2b3da94472bd4a1422213b9163,ord_dataset-1ec2807f02fa4beda27d2a81b86eb843,883,5fa581adaa83087828699ff15521b9d20a3ff3c95eabcae4cf074f6ed9dad5bb
971,ord_dataset-1ec2807f02fa4beda27d2a81b86eb843:ord-ca18f9bac5544c20a18b048cda9cd777,ord_dataset-1ec2807f02fa4beda27d2a81b86eb843,295,de5647ece737f2d94fc23f5d4111e69b2a732040726ad9ffef74fa09e48ff257
972,ord_dataset-1ec2807f02fa4beda27d2a81b86eb843:ord-ca2b2bfbf3624648aee2df4c6c71e50f,ord_dataset-1ec2807f02fa4beda27d2a81b86eb843,51,1bbba35799103f0dfb04b240036a584f0d0e6be7d4a687afa8e34289f0fa0eda
973,ord_dataset-1ec2807f02fa4beda27d2a81b86eb843:ord-ca80f08408354219b62eb58cf3335732,ord_dataset-1ec2807f02fa4beda27d2a81b86eb843,776,adcb2ef3b676be9dba0f2794bf282113402bf7b2a8fd5432d50168263168f20f
974,ord_dataset-1ec2807f02fa4beda27d2a81b86eb843:ord-ca9da242d0f94584b63401eea03cec42,ord_dataset-1ec2807f02fa4beda27d2a81b86eb843,153,0784b16839cebc0714609c7e6aa3807cf195762072b0162f515a13512b98b090
975,ord_dataset-1ec2807f02fa4beda27d2a81b86eb843:ord-cacb2424cc5e4476b7b83504fae5e597,ord_dataset-1ec2807f02fa4beda27d2a81b86eb843,81,dac7c8352c4754fc6199be7d8dc9151fba0e1c013893cd61803ad4f31e51f172
976,ord_dataset-1ec2807f02fa4beda27d2a81b86eb843:ord-cb1291d81f96484fb1a8590075b37a1e,ord_dataset-1ec2807f02fa4beda27d2a81b86eb843,1092,13b4c05ac08452e6029fc6adb61f5af260be8a4c8ba39ff5c2e568c7ad823b6b
977,ord_dataset-1ec2807f02fa4beda27d2a81b86eb843:ord-cb5f18cc5d054d0fb33590cbb2939fea,ord_dataset-1ec2807f02fa4beda27d2a81b86eb843,407,ea872b6d5c26f09bc985ba1aede3d77722e42f8666f34b1cd072d76bafecc251
978,ord_dataset-1ec2807f02fa4beda27d2a81b86eb843:ord-cb87f668f9a74ca3b9de51ead1f778cc,ord_dataset-1ec2807f02fa4beda27d2a81b86eb843,957,fb281523f849dd712de8c07f818cbb57b2a36fc4707f1603a4c3b54baccd9917
979,ord_dataset-1ec2807f02fa4beda27d2a81b86eb843:ord-cbb26ea0ad8a47dc8cc1e9bf7a6d4baa,ord_dataset-1ec2807f02fa4beda27d2a81b86eb843,40,c5b62be63670ea1a7a9e02d946a2542d13b08ce557903c9049d9b2ab41923254
980,ord_dataset-1ec2807f02fa4beda27d2a81b86eb843:ord-cbba092cb0ed405ba6cb6323e34fbceb,ord_dataset-1ec2807f02fa4beda27d2a81b86eb843,380,b51ce2fd66123e27d778f4921c83eaf52653a0cb5821eccf0f79a0424f73d1da
981,ord_dataset-1ec2807f02fa4beda27d2a81b86eb843:ord-cbc4cb4858cc4181a33a6dd52361ed6b,ord_dataset-1ec2807f02fa4beda27d2a81b86eb843,624,b4b6aa7460dcae33a3e2154eb96440120f0d60ca8da3a488eb568cea8f5fe8c5
982,ord_dataset-1ec2807f02fa4beda27d2a81b86eb843:ord-cc2ea5e460914d708668414067fb20b6,ord_dataset-1ec2807f02fa4beda27d2a81b86eb843,287,de0eb591d6245bd2d6c8502955cfe2a66e713987db5ea59e41930f84bc3b4b07
983,ord_dataset-1ec2807f02fa4beda27d2a81b86eb843:ord-cc745df203e84eb7b6d7ee4e523a1385,ord_dataset-1ec2807f02fa4beda27d2a81b86eb843,1163,f8f56310843e45f8bd0cd3c1a02669dc1bd5e3cd59c4a2428003b024ac449e17
984,ord_dataset-1ec2807f02fa4beda27d2a81b86eb843:ord-cc7c3502d722438d9af9c8b9d8c77ea9,ord_dataset-1ec2807f02fa4beda27d2a81b86eb843,175,c8111ba2b0a81c1b9983e9d3f552470440ab42c60fad12e0d9cad4da160a6da1
985,ord_dataset-1ec2807f02fa4beda27d2a81b86eb843:ord-cd489c55b65e4be0a489bd182e94c9ad,ord_dataset-1ec2807f02fa4beda27d2a81b86eb843,855,746f815627734628b69fe774fe4f2827ad6759b17c4a9d736fcc573c6148ac41
986,ord_dataset-1ec2807f02fa4beda27d2a81b86eb843:ord-cd4ad3e19088464cb9fd47f9a9398049,ord_dataset-1ec2807f02fa4beda27d2a81b86eb843,492,c2ac8dfb11b625b38570e31ad99ca6f76576bb3fe64e509a5f5eee81c5c316cc
987,ord_dataset-1ec2807f02fa4beda27d2a81b86eb843:ord-cd52dec94fdf4fac8458341818ee0ce5,ord_dataset-1ec2807f02fa4beda27d2a81b86eb843,1091,e923b4e0bd6ad8bd6806967f4bfec9edcf038d8a625d91156310f03c6d685604
988,ord_dataset-1ec2807f02fa4beda27d2a81b86eb843:ord-cdf8616c422b42a09fa78359ce1c7ab2,ord_dataset-1ec2807f02fa4beda27d2a81b86eb843,397,f499e2a8f3444c6fec08fba14fd414bbb325b6194a794812358949ea5cdc354f
989,ord_dataset-1ec2807f02fa4beda27d2a81b86eb843:ord-ce079de6f53640649ff7465bedd90420,ord_dataset-1ec2807f02fa4beda27d2a81b86eb843,995,fa482001e5c3cc2fab3f96d99043f19a4fc36e8117e59107024b411999f53214
990,ord_dataset-1ec2807f02fa4beda27d2a81b86eb843:ord-ce234c0110f9410da0c99e40df95f6ef,ord_dataset-1ec2807f02fa4beda27d2a81b86eb843,974,298b39a5145763f0f3632c00fd45144927be335be642ca655247286030895e66
991,ord_dataset-1ec2807f02fa4beda27d2a81b86eb843:ord-ce2e7f4617a647489ba13e1dd60e8ffe,ord_dataset-1ec2807f02fa4beda27d2a81b86eb843,843,e67dd7c1fd5e2146480f2bf7721afc6be1b0197c53b0035d5ffe574d27ec3a05
992,ord_dataset-1ec2807f02fa4beda27d2a81b86eb843:ord-ce71804587ee4f28b42ffccc872b1323,ord_dataset-1ec2807f02fa4beda27d2a81b86eb843,545,a788a7900f88845679dd232fa5f88dc24bc2ce30396bd4398777b78358c47a03
993,ord_dataset-1ec2807f02fa4beda27d2a81b86eb843:ord-ceb75adee3de40219389bab9f9a3a1ea,ord_dataset-1ec2807f02fa4beda27d2a81b86eb843,1194,b8edcaaeea4f9d2d121f7324ddebc9ea6480626ae9d69f0fd3ca8e129bc419b7
994,ord_dataset-1ec2807f02fa4beda27d2a81b86eb843:ord-cef04f92ddf54f0bac8ff2f95eef5f58,ord_dataset-1ec2807f02fa4beda27d2a81b86eb843,1098,70de2e62732fb81fc5ec7fea65630a8f5e6b6d1e53b96337376c889d6118283f
995,ord_dataset-1ec2807f02fa4beda27d2a81b86eb843:ord-cf3622e5c154454b9662ca4fafd7036c,ord_dataset-1ec2807f02fa4beda27d2a81b86eb843,1072,1f15f4664aaf5c37b4725014c5aad86e2000ae61f54bd9ee2f3f5faf2f334de9
996,ord_dataset-1ec2807f02fa4beda27d2a81b86eb843:ord-cf5517326ae44f6e854d60274929cb0f,ord_dataset-1ec2807f02fa4beda27d2a81b86eb843,549,b5a16a219387e9c063607585d5b3c8cee7e5185b73ad30b99c11ec4aa551f0d5
997,ord_dataset-1ec2807f02fa4beda27d2a81b86eb843:ord-cf61ec0aa0594806ae097e7b590f02f0,ord_dataset-1ec2807f02fa4beda27d2a81b86eb843,948,38f6d3324a0197d34969a74e94b723903093478ad9c496762c4b15c3c19248d6
998,ord_dataset-1ec2807f02fa4beda27d2a81b86eb843:ord-cfa62039380649029ce1ad1a5e07dd6e,ord_dataset-1ec2807f02fa4beda27d2a81b86eb843,761,f442679f0c7535b2125ca5e7763ba65b4b4780e6afb772fd8b3a3567d188a9a6
999,ord_dataset-1ec2807f02fa4beda27d2a81b86eb843:ord-d064f57105cf43aea87321527d444101,ord_dataset-1ec2807f02fa4beda27d2a81b86eb843,277,58f7d60f664eccccc81d4355bb4e702b6cf17e31b2e6cf18ac5720b3c97f4791
1000,ord_dataset-1ec2807f02fa4beda27d2a81b86eb843:ord-d08d196714b3405fb2404d90c66e6a82,ord_dataset-1ec2807f02fa4beda27d2a81b86eb843,459,8687ba0a85afb9427cc6fcd785622e136a02c675e5cbe585c1bc67300002cdba
1001,ord_dataset-1ec2807f02fa4beda27d2a81b86eb843:ord-d0a96cc5a7334d579e4d7f0f11a456ca,ord_dataset-1ec2807f02fa4beda27d2a81b86eb843,226,3fe7f2df4e0b2d629ce9bf472f0517cc52c6dc238d2b7d9e1577885040fbd63c
1002,ord_dataset-1ec2807f02fa4beda27d2a81b86eb843:ord-d0e798d4dba8412689f2d084f8f6e6f7,ord_dataset-1ec2807f02fa4beda27d2a81b86eb843,786,224b9167629be6f4e9c5e4b7a5ecc6bcbeb86976ba4f1bf97d5f7e27572f8c14
1003,ord_dataset-1ec2807f02fa4beda27d2a81b86eb843:ord-d13c63fc9066403a84636661c2daf923,ord_dataset-1ec2807f02fa4beda27d2a81b86eb843,895,43db8229cb230694eb4c8bf6fa3f507552226601842744910bd8f45823c3a318
1004,ord_dataset-1ec2807f02fa4beda27d2a81b86eb843:ord-d1410c72e26749e9a9e4f47980161a85,ord_dataset-1ec2807f02fa4beda27d2a81b86eb843,792,6143677b9015d3f987307033ab6d568f5736d3251bb01114055e911efd1421fd
1005,ord_dataset-1ec2807f02fa4beda27d2a81b86eb843:ord-d1812f95d6cc48eba7750bff4335ddf3,ord_dataset-1ec2807f02fa4beda27d2a81b86eb843,1002,291486ff99c1908172df8ce05009156a22982cbf4ba13216ff15ac41fdaa4d75
1006,ord_dataset-1ec2807f02fa4beda27d2a81b86eb843:ord-d1d0acb873e04c1ab54526b4680aefd4,ord_dataset-1ec2807f02fa4beda27d2a81b86eb843,242,43600b9e4bd99ec572a43f52e8bab63cf7466849404e4b6e6e925daef35e160b
1007,ord_dataset-1ec2807f02fa4beda27d2a81b86eb843:ord-d2099c1b3ce042f1809f6940b8ce6c51,ord_dataset-1ec2807f02fa4beda27d2a81b86eb843,1095,0b39ca46f5ef6cbcf8238ab7254fda786d6fcd0c561a19785ea2eab6ecae3ae4
1008,ord_dataset-1ec2807f02fa4beda27d2a81b86eb843:ord-d27a0f80f75047029b49c4168f449f11,ord_dataset-1ec2807f02fa4beda27d2a81b86eb843,565,c524b18ce7458a3c06c86937deecdbe4f5da31873a01b30767498dbcefdcab6b
1009,ord_dataset-1ec2807f02fa4beda27d2a81b86eb843:ord-d28897d45afa4634a2909ced145b2996,ord_dataset-1ec2807f02fa4beda27d2a81b86eb843,93,ee69706b9129a39eff140a5366663dd90e3d4ea555ee3e9df535e8b62f26742f
1010,ord_dataset-1ec2807f02fa4beda27d2a81b86eb843:ord-d321d1e523014afdaae4c6db39980dc8,ord_dataset-1ec2807f02fa4beda27d2a81b86eb843,857,285f08755fbc2204d18e02e86225c4745c3e875554e7c52a6f7dbf521e5cf4d8
1011,ord_dataset-1ec2807f02fa4beda27d2a81b86eb843:ord-d34f803e4646441f91e4e10b2ad3518b,ord_dataset-1ec2807f02fa4beda27d2a81b86eb843,1176,6eaf343a18bc33d525cb03f6cad2e995a48b5318bb16ae105874667a0b1c3fd4
1012,ord_dataset-1ec2807f02fa4beda27d2a81b86eb843:ord-d375200b37cc4bc68440ef74b432cbff,ord_dataset-1ec2807f02fa4beda27d2a81b86eb843,360,7ea4a54effb88163ad8ca4350c157efd1a749e59b40f9848d9fd7e8c79b0f273
1013,ord_dataset-1ec2807f02fa4beda27d2a81b86eb843:ord-d418a182c4574be68383768dfc068dec,ord_dataset-1ec2807f02fa4beda27d2a81b86eb843,1032,d40eb51c6e40e2cf8e6575fe969436dbbdfddd5ca27605cf9ee9c5deb4b5e424
1014,ord_dataset-1ec2807f02fa4beda27d2a81b86eb843:ord-d45f866c705e471c8e59627e86039df0,ord_dataset-1ec2807f02fa4beda27d2a81b86eb843,542,e5f34abb65268f89b88850f2e2a085714a789b45b39bb6aad8eed84ca5339c4b
1015,ord_dataset-1ec2807f02fa4beda27d2a81b86eb843:ord-d4b291594683439baf7d80c1bc150ecc,ord_dataset-1ec2807f02fa4beda27d2a81b86eb843,106,af1fffb359e9341da33142678cc19046da325a86c2f2223d5bd9d5371c4f911d
1016,ord_dataset-1ec2807f02fa4beda27d2a81b86eb843:ord-d4e47d1ac59b443f9a374f7007c59865,ord_dataset-1ec2807f02fa4beda27d2a81b86eb843,1037,0bdb68b2ed095a7d1f856f13e06d0d70b79b8ee4e55bbb57e7269469fe148eb1
1017,ord_dataset-1ec2807f02fa4beda27d2a81b86eb843:ord-d4fb2709bce84f6090ddf4233c962424,ord_dataset-1ec2807f02fa4beda27d2a81b86eb843,266,09a6a2bb51d13c04e0b771486e0e7042102239afcab7127a9d9438302e9f705d
1018,ord_dataset-1ec2807f02fa4beda27d2a81b86eb843:ord-d5485970f5ba453cae4a6dd1a54187e6,ord_dataset-1ec2807f02fa4beda27d2a81b86eb843,852,7c06ecee0700242e85c526fd0002c61863abbb2069f8779a5484beec1329740e
1019,ord_dataset-1ec2807f02fa4beda27d2a81b86eb843:ord-d54d8d50803d4f9197db0ccc429ef27a,ord_dataset-1ec2807f02fa4beda27d2a81b86eb843,1191,cea76031905eb0f7dceca1a84f2e499410f53d06a260dcb52428640e4155b9fd
1020,ord_dataset-1ec2807f02fa4beda27d2a81b86eb843:ord-d582eb2b5a4b46ff99a4c8873cea6021,ord_dataset-1ec2807f02fa4beda27d2a81b86eb843,420,c186fc56533705b6571999a9778a688764946523033fd671035a534f384e4a97
1021,ord_dataset-1ec2807f02fa4beda27d2a81b86eb843:ord-d5851038357140f38437c063ee12cbfe,ord_dataset-1ec2807f02fa4beda27d2a81b86eb843,992,58564242177d16a121e0b0037de82607db8700664bce58f91b4ffb39b7d99f3c
1022,ord_dataset-1ec2807f02fa4beda27d2a81b86eb843:ord-d59e1f385c0340fd98095ace3d1c2f2e,ord_dataset-1ec2807f02fa4beda27d2a81b86eb843,598,d69eb6beff8de8ac4a490840b5d6145adfffcef5f9afa6f1c259d6e1b007b079
1023,ord_dataset-1ec2807f02fa4beda27d2a81b86eb843:ord-d5be2e9bf8cb4aa3bdb224dabb3e0c5f,ord_dataset-1ec2807f02fa4beda27d2a81b86eb843,607,c308a4ab39753a8b7312f3b8c7401cf98308e5f67af329caaff020d798288e35
1024,ord_dataset-1ec2807f02fa4beda27d2a81b86eb843:ord-d5cf19fec6214bd7979eb8af9b6214ec,ord_dataset-1ec2807f02fa4beda27d2a81b86eb843,1136,7361aa5c31b95458843f0744dbdea234297eeb1ccf81203714d8561bfffee80a
1025,ord_dataset-1ec2807f02fa4beda27d2a81b86eb843:ord-d61ed0be195645feb72c9a4eea794724,ord_dataset-1ec2807f02fa4beda27d2a81b86eb843,199,9e048e20542dd82b9aa021dee840291a330623e1f4cc8f3244c78852dd1dd007
1026,ord_dataset-1ec2807f02fa4beda27d2a81b86eb843:ord-d6337c22a5154af3a46bcd4f61f54b6b,ord_dataset-1ec2807f02fa4beda27d2a81b86eb843,168,369ca57281ef5e1712d65f6067ee25623748b6f51b1bb4d908f227cad109e6d6
1027,ord_dataset-1ec2807f02fa4beda27d2a81b86eb843:ord-d655ec667db04911b6672a1676f8d7dd,ord_dataset-1ec2807f02fa4beda27d2a81b86eb843,120,3cd6efec3d3921ab74c0d40f8449cb4390496cba498d0639eeb41f3be512496e
1028,ord_dataset-1ec2807f02fa4beda27d2a81b86eb843:ord-d68f87510855473885cd986d53c32136,ord_dataset-1ec2807f02fa4beda27d2a81b86eb843,260,9ccc2eaeb60e95f8b0d79e823a89bf4670e010aea6fedc1eb07870eed02da4b8
1029,ord_dataset-1ec2807f02fa4beda27d2a81b86eb843:ord-d6ba354a94bc4e5e811ee70e85268993,ord_dataset-1ec2807f02fa4beda27d2a81b86eb843,289,ec4b4b2bf60652b9a78acc4b37363faba0f76caa2ac63140fc7820cc01def0b0
1030,ord_dataset-1ec2807f02fa4beda27d2a81b86eb843:ord-d6edaaf7edb14cfdb42079e79123c8a1,ord_dataset-1ec2807f02fa4beda27d2a81b86eb843,167,a050079b33415f5375af0f8df050ac98b21b2931236e6132dfd5cb9ebce20f38
1031,ord_dataset-1ec2807f02fa4beda27d2a81b86eb843:ord-d74c94c826374558aa1eae19ec111061,ord_dataset-1ec2807f02fa4beda27d2a81b86eb843,301,3593fec0beace8c3f81f08b60f6e77476b3d84b62d7d3950c1a01346f83d0b00
1032,ord_dataset-1ec2807f02fa4beda27d2a81b86eb843:ord-d7f0228d07be430380ae831c9b40ed99,ord_dataset-1ec2807f02fa4beda27d2a81b86eb843,940,25a210d457fabac676695101ff7b3f44b03f8b775b2f077262d94eb9f9942ad7
1033,ord_dataset-1ec2807f02fa4beda27d2a81b86eb843:ord-d83b4bdd9e1942b0b07ab6db8fe874ba,ord_dataset-1ec2807f02fa4beda27d2a81b86eb843,832,51fec14981e1663bfd90e580a95f7494d78d4d50515301b76d1af7183324b1f7
1034,ord_dataset-1ec2807f02fa4beda27d2a81b86eb843:ord-d8633bb32624452ba19cedde526a059e,ord_dataset-1ec2807f02fa4beda27d2a81b86eb843,572,40f512a0c3d39ff670c66e3034daf2aaa38cc735ea5d2f00f03b3d8449d9c2c3
1035,ord_dataset-1ec2807f02fa4beda27d2a81b86eb843:ord-d87360bba1254db98e964a6817eb0679,ord_dataset-1ec2807f02fa4beda27d2a81b86eb843,712,01754780f843b48f2ea5e5bb48bf006023a3f342483c9c72c469989f9cceabc2
1036,ord_dataset-1ec2807f02fa4beda27d2a81b86eb843:ord-d92e09e3430448ebaeda4f5bed51b8e1,ord_dataset-1ec2807f02fa4beda27d2a81b86eb843,1066,d1556714f4f7ca24444a900cd1ce6e9bb5e2b147d7ad32dbc60ea98d4b500742
1037,ord_dataset-1ec2807f02fa4beda27d2a81b86eb843:ord-d97b0ce9641e4a58bb3ba53170c7c160,ord_dataset-1ec2807f02fa4beda27d2a81b86eb843,999,5c9d4403b971f67af95b5c697b18b7c450c358d378d58bb528253c5410c8f1d1
1038,ord_dataset-1ec2807f02fa4beda27d2a81b86eb843:ord-d988c4540ff0480fa798614ddfaea690,ord_dataset-1ec2807f02fa4beda27d2a81b86eb843,945,c0f55a8d42a827ec6a613cdf9cf97e0e663a80eba5fabae97df8885100bfbf73
1039,ord_dataset-1ec2807f02fa4beda27d2a81b86eb843:ord-d9aee275c13446bca1582bfc71bc2172,ord_dataset-1ec2807f02fa4beda27d2a81b86eb843,234,23fb33aa67a9886f2c69fa77506048b092cb5480ae9ee5ce96b05385daa9825f
1040,ord_dataset-1ec2807f02fa4beda27d2a81b86eb843:ord-d9c7dd474318422db53c114e19a61fe8,ord_dataset-1ec2807f02fa4beda27d2a81b86eb843,644,352727be8a872ace135957140b36feb1b0ad283588cc0add8d9a99f1fdcc26c6
1041,ord_dataset-1ec2807f02fa4beda27d2a81b86eb843:ord-d9eb6a32dcb349098fb2e144b245c49c,ord_dataset-1ec2807f02fa4beda27d2a81b86eb843,62,a89a237d1d2d3b0dbd28a3b8b8f0c2c36b7a146ba4128613c4677e5d90aed934
1042,ord_dataset-1ec2807f02fa4beda27d2a81b86eb843:ord-d9ffc9e217664cb198cbcfd76ca02c47,ord_dataset-1ec2807f02fa4beda27d2a81b86eb843,323,aacb8382ffa383ab5b4560ac99095ce7b5261cc35faafce7aa1689002f3f6ca3
1043,ord_dataset-1ec2807f02fa4beda27d2a81b86eb843:ord-da2e94fcbfa8484690d6810cfd8b6dd0,ord_dataset-1ec2807f02fa4beda27d2a81b86eb843,629,abf0c0549a5a72f2ab18af540bd38a367ace0ab696264b0883757e2e79247507
1044,ord_dataset-1ec2807f02fa4beda27d2a81b86eb843:ord-da2ff66e380c4c34846df205639e3518,ord_dataset-1ec2807f02fa4beda27d2a81b86eb843,695,72a09d347b9b248fdce8ef24da47c71c7f6fa1ed02469843f77027cd7775b906
1045,ord_dataset-1ec2807f02fa4beda27d2a81b86eb843:ord-dac53d64b48e4ff982162d5074c0d278,ord_dataset-1ec2807f02fa4beda27d2a81b86eb843,693,2bf555718a0eb75dbf4aea07d80e2de0874cfcf09491f9ee0b10f9ba0814e909
1046,ord_dataset-1ec2807f02fa4beda27d2a81b86eb843:ord-dac7f5b124fc4d68a8dd8c66f6c63173,ord_dataset-1ec2807f02fa4beda27d2a81b86eb843,734,00c4a50ab1a7312b6e8516f9eb804ad0af3695f226759d4b00b54316adb932a7
1047,ord_dataset-1ec2807f02fa4beda27d2a81b86eb843:ord-dad3ed90801143eeab93063e1da58ae4,ord_dataset-1ec2807f02fa4beda27d2a81b86eb843,378,221d30d389e7f08595f4ddf134a95a99714cfeba59e7ab598b37e00ebfe6f0d4
1048,ord_dataset-1ec2807f02fa4beda27d2a81b86eb843:ord-daf9b2a21ced4eaa97b3eb87c262fbe7,ord_dataset-1ec2807f02fa4beda27d2a81b86eb843,816,84d0fedd7ae0a043f1519317411d04bb42e8f9a5ca8f575b63a7cad5afffd7f2
1049,ord_dataset-1ec2807f02fa4beda27d2a81b86eb843:ord-db15faeb96aa4fa4a272f7f6d2346f06,ord_dataset-1ec2807f02fa4beda27d2a81b86eb843,371,0162252424b6bad22079b8df1790ab381c06a2b1726b6f78bb057c13be0495fd
1050,ord_dataset-1ec2807f02fa4beda27d2a81b86eb843:ord-db1b5986e0c244c7aef448e0e05a6a12,ord_dataset-1ec2807f02fa4beda27d2a81b86eb843,1021,2596a37874a87bd9fe273eff95ade616fa3fe6b6ecabe08cb18faf59410dc27d
1051,ord_dataset-1ec2807f02fa4beda27d2a81b86eb843:ord-db20f644fda34ea6a1e3473565efba46,ord_dataset-1ec2807f02fa4beda27d2a81b86eb843,243,d742f6057103591ff3074c51ea0b33825e4ecd60e0b9c88fbc5cdba775e4d349
1052,ord_dataset-1ec2807f02fa4beda27d2a81b86eb843:ord-db329baf2f71478c96239ae0bbdd1db0,ord_dataset-1ec2807f02fa4beda27d2a81b86eb843,1187,7a2d510e27ce1165ffd7d6e0ea89721d200214b20d544a3d5169afe3cc9d5769
1053,ord_dataset-1ec2807f02fa4beda27d2a81b86eb843:ord-db33bd824fe44ea68199abdf2cf7cb60,ord_dataset-1ec2807f02fa4beda27d2a81b86eb843,634,bea2615890405370cc93e71141e7e74cec48c2fa7977575ecd623ddddcfbe866
1054,ord_dataset-1ec2807f02fa4beda27d2a81b86eb843:ord-db40ba0cb78c47df834cb09b5d466dab,ord_dataset-1ec2807f02fa4beda27d2a81b86eb843,324,b3b15b2b33e436eabbf2a4ec0258de9435ea6d388ee8578f90017cd7c57a9dfe
1055,ord_dataset-1ec2807f02fa4beda27d2a81b86eb843:ord-db4a5d012d64429d909aa01bb3d13b29,ord_dataset-1ec2807f02fa4beda27d2a81b86eb843,208,108809b5a947382e2359925bd4b72dfad2e3649a0187de97b777ec752d50caeb
1056,ord_dataset-1ec2807f02fa4beda27d2a81b86eb843:ord-db8067859f3a490e99c838bbf17c8f05,ord_dataset-1ec2807f02fa4beda27d2a81b86eb843,24,97dd5ded3e7fa0c5a9a3a292f9d9e46e8d14042014ade3bec2961fe70663c160
1057,ord_dataset-1ec2807f02fa4beda27d2a81b86eb843:ord-db9b38c0a8b847e79663a79279e62718,ord_dataset-1ec2807f02fa4beda27d2a81b86eb843,578,b6a2c840fa5f3303e51f0cbf879a045aadf3458d352718d997f451c1736f8e38
1058,ord_dataset-1ec2807f02fa4beda27d2a81b86eb843:ord-dba1c818a0de4d72bbd86adfa485f52b,ord_dataset-1ec2807f02fa4beda27d2a81b86eb843,704,640bd65135fe7dfbb73f763af99ca1caf4d6295e5ba9573cd6d35761ac499aa4
1059,ord_dataset-1ec2807f02fa4beda27d2a81b86eb843:ord-dba1e5ceeb224d679da4a03fbce13003,ord_dataset-1ec2807f02fa4beda27d2a81b86eb843,495,60b334241cb9ba09ee98c208b2fc5e27b9b757f77aecfa9b293a56540c43441a
1060,ord_dataset-1ec2807f02fa4beda27d2a81b86eb843:ord-dba38fb32278413b88a5caebf7d9d517,ord_dataset-1ec2807f02fa4beda27d2a81b86eb843,379,c4bf608a08a238dbfb3e81c3e3c449ab9215fe58835c63199c5e0fff95e745c4
1061,ord_dataset-1ec2807f02fa4beda27d2a81b86eb843:ord-dba830abf5e94273aab4edaf5de382f1,ord_dataset-1ec2807f02fa4beda27d2a81b86eb843,273,80ee97f2ded9cb06aef1bf472f7d1000913e0425bf000ba909fbfac2b9780125
1062,ord_dataset-1ec2807f02fa4beda27d2a81b86eb843:ord-dbbdf22ab6d54f95af185c2a8b03f5d3,ord_dataset-1ec2807f02fa4beda27d2a81b86eb843,415,995b5fc2a3b87e48f834c388f4804d298190e292f96232cdfb74d775a4f5be62
1063,ord_dataset-1ec2807f02fa4beda27d2a81b86eb843:ord-dc64080d75b8436aa640f56d0ed9bf76,ord_dataset-1ec2807f02fa4beda27d2a81b86eb843,156,4b3a8dddae3059632ba6b9148045388bad374167d71337aaad92d690e02f811d
1064,ord_dataset-1ec2807f02fa4beda27d2a81b86eb843:ord-dd50a4069f5f4539a296b4e48c2cd0c0,ord_dataset-1ec2807f02fa4beda27d2a81b86eb843,773,9ba3a089399d2e7b70a7e5271ad07e0de79cb6bbdd66e083800f3658c8051c7b
1065,ord_dataset-1ec2807f02fa4beda27d2a81b86eb843:ord-de6a716c9eed45f996e003f2f0ef9314,ord_dataset-1ec2807f02fa4beda27d2a81b86eb843,831,ec101035b6ca4a51d28f3764ba08b2420331d3d8be1884324af65b7eedb89825
1066,ord_dataset-1ec2807f02fa4beda27d2a81b86eb843:ord-decd3b92040643168a5cbf69c3b31041,ord_dataset-1ec2807f02fa4beda27d2a81b86eb843,1201,c977d022bf4b4869ec58fc203b9bfd9814bab157f28af4ae1f6428419d969174
1067,ord_dataset-1ec2807f02fa4beda27d2a81b86eb843:ord-deee115c9e6943778dbf261bcfe3b71d,ord_dataset-1ec2807f02fa4beda27d2a81b86eb843,42,30f3b6fffd72ca1430cb3d403f48c461f536608c993455986b398f2c793cabc4
1068,ord_dataset-1ec2807f02fa4beda27d2a81b86eb843:ord-df32d482d8e84cd7abd775692dee2f6e,ord_dataset-1ec2807f02fa4beda27d2a81b86eb843,566,1171332a91232eed184149c8cee72a1dbc1e2e386ed1c8fb604ec95dc5f5bbf6
1069,ord_dataset-1ec2807f02fa4beda27d2a81b86eb843:ord-df570fb4db6448c696c03ae67d13480b,ord_dataset-1ec2807f02fa4beda27d2a81b86eb843,123,970749f82c1265b69662b789d969f627151c49200a0fa78e1c4288f4e56f138d
1070,ord_dataset-1ec2807f02fa4beda27d2a81b86eb843:ord-df6b40ef36ed4b69974286667ef24113,ord_dataset-1ec2807f02fa4beda27d2a81b86eb843,548,9e6006a1c4e6787d16c05c8421c46fe76981630e59d648612e69cabbd76bbfa0
1071,ord_dataset-1ec2807f02fa4beda27d2a81b86eb843:ord-df6f3f3ac4a040228eb98b14aefcdb59,ord_dataset-1ec2807f02fa4beda27d2a81b86eb843,325,ec578f21f5a286bf85b38a7d52b1184de859be9bc0eb289c3d05700f319c8964
1072,ord_dataset-1ec2807f02fa4beda27d2a81b86eb843:ord-df8976fd157a40239f465e618f555c2d,ord_dataset-1ec2807f02fa4beda27d2a81b86eb843,900,8a8784e2799838bbd62b2f3c3b4755c40ef118a49d88a87d94ab64993e0d95d5
1073,ord_dataset-1ec2807f02fa4beda27d2a81b86eb843:ord-dfb1b0481f4f43d297401f25e56480ac,ord_dataset-1ec2807f02fa4beda27d2a81b86eb843,1164,24c6b6460829ff52413a40891af01d2f08c7c8a75bacd9dc1bb90ae7dc194160
1074,ord_dataset-1ec2807f02fa4beda27d2a81b86eb843:ord-dfc919abf0eb47e4828f82e36939b681,ord_dataset-1ec2807f02fa4beda27d2a81b86eb843,1160,72e2a5c72968ca60c3b33f7b9a5bc481cdf0b4ab1d8208b77719e405a497f8a8
1075,ord_dataset-1ec2807f02fa4beda27d2a81b86eb843:ord-e08788508c4245e583245346a5543514,ord_dataset-1ec2807f02fa4beda27d2a81b86eb843,112,19fd203e2c6cfab1fe092402c6b8cd04cd9fadcbb39e6b8ee743de08758d5e17
1076,ord_dataset-1ec2807f02fa4beda27d2a81b86eb843:ord-e08d03bc2c654fd8866283273ac37d4a,ord_dataset-1ec2807f02fa4beda27d2a81b86eb843,1079,4a115974da8da2c6dfbc1a387b8382ade39afa44c934d2d8d0325eabf4044f6c
1077,ord_dataset-1ec2807f02fa4beda27d2a81b86eb843:ord-e0ba7f08ff8840db942ccbcd19af8415,ord_dataset-1ec2807f02fa4beda27d2a81b86eb843,886,0bda249a32ec37e175327a81f119a7086980135b796ab1560d30edcad4434ac6
1078,ord_dataset-1ec2807f02fa4beda27d2a81b86eb843:ord-e0c119cd21394b8cb6168a17062cd550,ord_dataset-1ec2807f02fa4beda27d2a81b86eb843,952,0b940c0f47aecd1d2b8f52df3cfcd5e59fabb5e44ee9c62c888ccec116b43c58
1079,ord_dataset-1ec2807f02fa4beda27d2a81b86eb843:ord-e0e005063845498ea87f2c73b07d6a76,ord_dataset-1ec2807f02fa4beda27d2a81b86eb843,541,e408b59e811a5aed8fe5ee5793f7bc74061995c504bfbbb8997c693a12519ff4
1080,ord_dataset-1ec2807f02fa4beda27d2a81b86eb843:ord-e140f32e00294c979c741142b60f5f53,ord_dataset-1ec2807f02fa4beda27d2a81b86eb843,192,a844d679299a7c2dcb985c03abee5d4861141420f4ec8831e56af2e7c0c0dc87
1081,ord_dataset-1ec2807f02fa4beda27d2a81b86eb843:ord-e154e4ab06a044ca9c6a5b9a271514ee,ord_dataset-1ec2807f02fa4beda27d2a81b86eb843,1088,acc0d70abc46e18b82569ac078790abfdc9002837dce114b4ebc9e6fb70c4122
1082,ord_dataset-1ec2807f02fa4beda27d2a81b86eb843:ord-e1c8f497387447b8a3207f72b9abb97a,ord_dataset-1ec2807f02fa4beda27d2a81b86eb843,110,9518f252286ecf6d8aba493f7c1ef1afc99d6144d4ac0d5e0d5513217b1b88cd
1083,ord_dataset-1ec2807f02fa4beda27d2a81b86eb843:ord-e218a21c4d3f4300af851e392fa00f90,ord_dataset-1ec2807f02fa4beda27d2a81b86eb843,197,1172cd528e78e3d8315e24132a452be988537adee0e3c62ad8ef638dd4a22f31
1084,ord_dataset-1ec2807f02fa4beda27d2a81b86eb843:ord-e2625283b40840aaa42059a2ac688373,ord_dataset-1ec2807f02fa4beda27d2a81b86eb843,240,ef6cd77ebefad18e3d1ed3234d6b7943253d452f131c8602b6a5f6434b3567eb
1085,ord_dataset-1ec2807f02fa4beda27d2a81b86eb843:ord-e280b982b0f14f229657c589f1cc82ed,ord_dataset-1ec2807f02fa4beda27d2a81b86eb843,584,7d9c0ba69df6333f73c5550676229d11cdbb35f86dd38395230c8d9ba848cb98
1086,ord_dataset-1ec2807f02fa4beda27d2a81b86eb843:ord-e281b21218444f43a2d3965a3d516d3b,ord_dataset-1ec2807f02fa4beda27d2a81b86eb843,1039,ff3e94401e1c90ff3d2e91716ee563ef02195e48b908717186184a727b38d479
1087,ord_dataset-1ec2807f02fa4beda27d2a81b86eb843:ord-e28ee288be90499db6e45ef105e38018,ord_dataset-1ec2807f02fa4beda27d2a81b86eb843,1138,3469708422b9105c8dde8eab6e73bfcf64033f8f83400302678c5513e93436ff
1088,ord_dataset-1ec2807f02fa4beda27d2a81b86eb843:ord-e2a81aeefba34734af853d50e5761d89,ord_dataset-1ec2807f02fa4beda27d2a81b86eb843,1110,4d70aa33422340f7ddbdbf9e514b2fae2cda4d1ec00cbf63f33df901bc8cee38
1089,ord_dataset-1ec2807f02fa4beda27d2a81b86eb843:ord-e2da0fdecdba4eb0a08959b40a28a7d4,ord_dataset-1ec2807f02fa4beda27d2a81b86eb843,588,2320e2dce53e55af9ce50c011d324dacd69ff8c77e56512d674d8ac81062dc12
1090,ord_dataset-1ec2807f02fa4beda27d2a81b86eb843:ord-e2f7e52396c94b8ba382db48d0f29afc,ord_dataset-1ec2807f02fa4beda27d2a81b86eb843,746,460db949b6005116fdf93b110db718800fd4d77038d338f31300e470369effe0
1091,ord_dataset-1ec2807f02fa4beda27d2a81b86eb843:ord-e3303db6b38a4c629b89a44edd5bdb9b,ord_dataset-1ec2807f02fa4beda27d2a81b86eb843,191,26788c1d85c604dd7849ef4e22caf7ffb552d5682877f3b88c96806ac00b3876
1092,ord_dataset-1ec2807f02fa4beda27d2a81b86eb843:ord-e3410babc1544036b0d449c859ee8fc5,ord_dataset-1ec2807f02fa4beda27d2a81b86eb843,637,3e14e77c8e7ca8ab745cefe9033379a43f35c49ca73188f720f086182980e036
1093,ord_dataset-1ec2807f02fa4beda27d2a81b86eb843:ord-e37465cd3bb44759a8c0c39bf8744776,ord_dataset-1ec2807f02fa4beda27d2a81b86eb843,630,77a7fe0f2f2587b266b278ed37c60e0aaee3314b5f38c034a3e6911f74079bab
1094,ord_dataset-1ec2807f02fa4beda27d2a81b86eb843:ord-e3bcc0b29976469bb1dc1071a7ed3009,ord_dataset-1ec2807f02fa4beda27d2a81b86eb843,1183,f2805788a9fff6a700486536728c45d490e3ad082bb7b0995abf90c89f8d3f07
1095,ord_dataset-1ec2807f02fa4beda27d2a81b86eb843:ord-e3e3ff50e9304b90a7a6481c16fc5717,ord_dataset-1ec2807f02fa4beda27d2a81b86eb843,783,583657dd918cb6218a38c4d19670d603394ffe90f295454dfb299b6a54e23955
1096,ord_dataset-1ec2807f02fa4beda27d2a81b86eb843:ord-e41d9e0a8ed840cc9132a57809506e6c,ord_dataset-1ec2807f02fa4beda27d2a81b86eb843,1061,d9ee38e575b3fb324d7733b060753a8e5b6f75d6a3911b1020bd3aa741e0950c
1097,ord_dataset-1ec2807f02fa4beda27d2a81b86eb843:ord-e42f418ec584493ba99ad90aa801cb46,ord_dataset-1ec2807f02fa4beda27d2a81b86eb843,392,56f837292374498671688a21790c366319e19d3664dac8ffc37588b16982db5a
1098,ord_dataset-1ec2807f02fa4beda27d2a81b86eb843:ord-e4a8b1cf656344e2bed2b1c9c70d9a15,ord_dataset-1ec2807f02fa4beda27d2a81b86eb843,893,91cc4c75797630d23cd51bd8f33bf43f2bf70cd35beb422e2c9358acf48e7b0c
1099,ord_dataset-1ec2807f02fa4beda27d2a81b86eb843:ord-e4b7b0f1bc6742d4a79bf9a313dd0550,ord_dataset-1ec2807f02fa4beda27d2a81b86eb843,931,9611b02b7a2ded18d2149d0dbd77c74645c3b2ec221ba5cf966f33ae8b693702
1100,ord_dataset-1ec2807f02fa4beda27d2a81b86eb843:ord-e4ba16a4e10e4fc9bc48a96613a8c7f1,ord_dataset-1ec2807f02fa4beda27d2a81b86eb843,1118,117959cd14c36f8085cf2e4aea0359e7e239e0eeb01f70065ba390beca203225
1101,ord_dataset-1ec2807f02fa4beda27d2a81b86eb843:ord-e4d70b465eb7415c8e9fb2c5da83e299,ord_dataset-1ec2807f02fa4beda27d2a81b86eb843,920,bdea34fd541627d343d5b5d9ff2eac43dc7d4e9665febb2875e64bac61f8eb15
1102,ord_dataset-1ec2807f02fa4beda27d2a81b86eb843:ord-e4f7d82bcfce4419b476db32ab8de2b8,ord_dataset-1ec2807f02fa4beda27d2a81b86eb843,1034,413afa71dafc7a3b95e3c398fe63e461091d7e2940d433944586ede339c4a68c
1103,ord_dataset-1ec2807f02fa4beda27d2a81b86eb843:ord-e4ffcbbf204a491a8bcba560e3544df0,ord_dataset-1ec2807f02fa4beda27d2a81b86eb843,64,f957155afe89160d5d0d6a7f579572cb1365e241920af5910d08fb4710b81f96
1104,ord_dataset-1ec2807f02fa4beda27d2a81b86eb843:ord-e52d35e1ded445928d74d0dd3ce33e31,ord_dataset-1ec2807f02fa4beda27d2a81b86eb843,537,0f1d40f30c2bf8818c95943af85fb93b0da1f14730b01b959f64d805dbb915eb
1105,ord_dataset-1ec2807f02fa4beda27d2a81b86eb843:ord-e637e6e4689643a89ad8194f723f8e0e,ord_dataset-1ec2807f02fa4beda27d2a81b86eb843,1085,d7f25e5fb16d0602a78ceda167b18a90613fec5ed9312a73f082214a08366a8d
1106,ord_dataset-1ec2807f02fa4beda27d2a81b86eb843:ord-e656a41f6d5d41c7ba5531b8f4bb4924,ord_dataset-1ec2807f02fa4beda27d2a81b86eb843,576,6c0ba769e8bb46c7d6b5ded0c04854dc84409571d262f3da598b421c7b024f6b
1107,ord_dataset-1ec2807f02fa4beda27d2a81b86eb843:ord-e66e3baf19cb4aaaa503c2145bb012b8,ord_dataset-1ec2807f02fa4beda27d2a81b86eb843,561,3bc5b75be97e665fcf7261450deed7041e4af8b8e704ad9c57d6e5e6bafef52a
1108,ord_dataset-1ec2807f02fa4beda27d2a81b86eb843:ord-e6834cd589d24b45b0a081232a4d426d,ord_dataset-1ec2807f02fa4beda27d2a81b86eb843,670,8053592b052a8c098578595f5a03b652ecdba801ec638412fcb5708eb7f8c31a
1109,ord_dataset-1ec2807f02fa4beda27d2a81b86eb843:ord-e683bfbd97254c9f913eef1a812b50b4,ord_dataset-1ec2807f02fa4beda27d2a81b86eb843,412,c54ee17bd0769a6ec6f24a4d2587f52f8fc7ec177f67d6d533dfe69ee3d882dc
1110,ord_dataset-1ec2807f02fa4beda27d2a81b86eb843:ord-e6c1420be87b4d50a58c43b9fbbcb107,ord_dataset-1ec2807f02fa4beda27d2a81b86eb843,1189,3ccacae9657c850760a5455003fb2aa616beb0c029d1a1495936f28ac2679cbd
1111,ord_dataset-1ec2807f02fa4beda27d2a81b86eb843:ord-e6d896ed32294605a71dcce93d9fe4df,ord_dataset-1ec2807f02fa4beda27d2a81b86eb843,828,cd7b58192500b90b2fdb3c85a4f9fd113e61fd4c35716068b9455723b10c00b4
1112,ord_dataset-1ec2807f02fa4beda27d2a81b86eb843:ord-e72a78d4bc5a4d17b2421c39569f0530,ord_dataset-1ec2807f02fa4beda27d2a81b86eb843,965,ba7d7fb7c913360e6b711a1d259c78b84c737cb23b33cf670752e12c19a5b2b1
1113,ord_dataset-1ec2807f02fa4beda27d2a81b86eb843:ord-e7976de7af204e1fa9b228dde25fdbe0,ord_dataset-1ec2807f02fa4beda27d2a81b86eb843,800,a8115a17ea4ca7eae0e3f6a74ace228b6ce13d39654fb87fd2a4e367515ed66e
1114,ord_dataset-1ec2807f02fa4beda27d2a81b86eb843:ord-e7993a4e0bf74af6882af47a002d4e4b,ord_dataset-1ec2807f02fa4beda27d2a81b86eb843,582,8a0313707c7c2ea22dc1a07cb4d3574c28438afee21dfc63a30e9b92e2291305
1115,ord_dataset-1ec2807f02fa4beda27d2a81b86eb843:ord-e7f5fba519af437fb5831d515da4cc0e,ord_dataset-1ec2807f02fa4beda27d2a81b86eb843,44,5ddd3fc45420107615724cd9d491295055160229576af4ee77153264e7ced1e9
1116,ord_dataset-1ec2807f02fa4beda27d2a81b86eb843:ord-e860ae0f8d11420f8606553f69c81b6a,ord_dataset-1ec2807f02fa4beda27d2a81b86eb843,299,3ecf543637bd91ef17911231546ed319895533311caec582d0a9d42935ea6f7e
1117,ord_dataset-1ec2807f02fa4beda27d2a81b86eb843:ord-e88e7d1e7dda4223aac6b1dab81e97d7,ord_dataset-1ec2807f02fa4beda27d2a81b86eb843,202,b3fcd87d73944c85252597c474e610799c813de231b35940869597a9a7594433
1118,ord_dataset-1ec2807f02fa4beda27d2a81b86eb843:ord-e8c505236f194fa386e5c8d2422f3d75,ord_dataset-1ec2807f02fa4beda27d2a81b86eb843,875,ead5561c43b3b1f030f33cd67c6dae4e1e54f81542fd3f8d662421c42d9f7857
1119,ord_dataset-1ec2807f02fa4beda27d2a81b86eb843:ord-e90dbe4b15694813bc3f5585f8166355,ord_dataset-1ec2807f02fa4beda27d2a81b86eb843,462,f96e0118cf553c362de993e483a88801e166cc4a6301c820aeb3d361e16aed37
1120,ord_dataset-1ec2807f02fa4beda27d2a81b86eb843:ord-e9183653b5964272b715f98e19e9b36e,ord_dataset-1ec2807f02fa4beda27d2a81b86eb843,804,5ea73a5cf2cd550549e6beb6b0a839a5d6d3b027a9bd29a801072f9d2d95f8f2
1121,ord_dataset-1ec2807f02fa4beda27d2a81b86eb843:ord-e94c3e2b055f4cb7851ad56144ecfcf8,ord_dataset-1ec2807f02fa4beda27d2a81b86eb843,833,c194a969790460fe308d6758958f1c90e8dca2a82d26e0a6c413ea632e13843b
1122,ord_dataset-1ec2807f02fa4beda27d2a81b86eb843:ord-e9561d09cd8b4923bbc2683d97b72821,ord_dataset-1ec2807f02fa4beda27d2a81b86eb843,863,9a1041c9ed5a11c15fa05e88bdc80be998e2caf8799e21c20ce4841c45097d60
1123,ord_dataset-1ec2807f02fa4beda27d2a81b86eb843:ord-e9a7f61521cd4927b01e4e22c4f167c9,ord_dataset-1ec2807f02fa4beda27d2a81b86eb843,474,49acf76cab2e47cc11442070689b0c56cfeb3aa7d1a9f0d53fe7162d747cf81d
1124,ord_dataset-1ec2807f02fa4beda27d2a81b86eb843:ord-e9b4ddd5c134409c8ff93144825ceab3,ord_dataset-1ec2807f02fa4beda27d2a81b86eb843,923,bfc81236ffa3a20fb2d34f997732d98c290f752b074e2a75a8fa7136dfefda6e
1125,ord_dataset-1ec2807f02fa4beda27d2a81b86eb843:ord-e9c902b5a2b747738ca767983179da7e,ord_dataset-1ec2807f02fa4beda27d2a81b86eb843,284,d69d4466f58cf3c697d65317d00275cb2f1989318402dc9b482e1d55a1278e02
1126,ord_dataset-1ec2807f02fa4beda27d2a81b86eb843:ord-e9e40fbe759743cc8c043129b92e2429,ord_dataset-1ec2807f02fa4beda27d2a81b86eb843,719,ed7e55411922fbba3ef36f47df0667133d35d3d966f11e27021bf74d175c33e7
1127,ord_dataset-1ec2807f02fa4beda27d2a81b86eb843:ord-ea190dab517f47e18920041532a63625,ord_dataset-1ec2807f02fa4beda27d2a81b86eb843,458,a0ef02b47874acf638c21ba7bdd5d0a7d9d7ab8f15de5070cf341b883a4c2d4e
1128,ord_dataset-1ec2807f02fa4beda27d2a81b86eb843:ord-ea199684484b436fbe3f22b1bc989dd7,ord_dataset-1ec2807f02fa4beda27d2a81b86eb843,708,caafb592895ee41b10bcb7f61b9b8e4efbc736b7ea18ebc9230b0e10238a8b2b
1129,ord_dataset-1ec2807f02fa4beda27d2a81b86eb843:ord-ea5f24d98a354319bfc8319178838f03,ord_dataset-1ec2807f02fa4beda27d2a81b86eb843,822,2fe2b6918290f5183ad8eb9d6434244065d35253531ad4f2e49abce4a141e52b
1130,ord_dataset-1ec2807f02fa4beda27d2a81b86eb843:ord-ea66acbadc504035baa25798f661dc42,ord_dataset-1ec2807f02fa4beda27d2a81b86eb843,518,39fc99d3a1561d2996edf981cf171167fb10d01ae4bdd8b9e3f768000199fce6
1131,ord_dataset-1ec2807f02fa4beda27d2a81b86eb843:ord-ea8ee6dd5c6e47cd80c6bcf7d7a852bf,ord_dataset-1ec2807f02fa4beda27d2a81b86eb843,349,7a409f76f9a9bc5a94e80a47ddccfde3399c5ea3a9c3ceb872cc2c7f184640e0
1132,ord_dataset-1ec2807f02fa4beda27d2a81b86eb843:ord-ea949b9a30ac4263a6d0c03d15c35dd5,ord_dataset-1ec2807f02fa4beda27d2a81b86eb843,604,95483040f45a17726b398e02f934419b153244e03b7fff25fd40d6f12da8b1f2
1133,ord_dataset-1ec2807f02fa4beda27d2a81b86eb843:ord-eaca834556574a1f88b8536cf920264f,ord_dataset-1ec2807f02fa4beda27d2a81b86eb843,989,9e01489753a996f47bc54de052c95d5b26fca32b2da8be838a6416cb4db67ffc
1134,ord_dataset-1ec2807f02fa4beda27d2a81b86eb843:ord-eacc47e794634ecd93f8c86da8f53f16,ord_dataset-1ec2807f02fa4beda27d2a81b86eb843,87,cb42450d7de9f17bd352436005725dc8085b7e3a0d23414af5b931bab4b2b8e2
1135,ord_dataset-1ec2807f02fa4beda27d2a81b86eb843:ord-eaff95f505c040ce8f9a52a4935d1250,ord_dataset-1ec2807f02fa4beda27d2a81b86eb843,179,c5bb8474a9e3118d4e35c4fab12ba0582952dec29ac69bba856f432c6c8d67d1
1136,ord_dataset-1ec2807f02fa4beda27d2a81b86eb843:ord-eb35b43a81cb41549a18455d40a1a9f8,ord_dataset-1ec2807f02fa4beda27d2a81b86eb843,559,c2df2436ec649f0fc6c1739309141f2367957e99006bde3d91ede9f7270219e0
1137,ord_dataset-1ec2807f02fa4beda27d2a81b86eb843:ord-ebd43050f8ff441eb2958e7b9a8bdc9e,ord_dataset-1ec2807f02fa4beda27d2a81b86eb843,333,c28acdf42b53c3541d4208d8593ef6b2d7639e4183689d3e75f07bdc4520dc8f
1138,ord_dataset-1ec2807f02fa4beda27d2a81b86eb843:ord-ec01567883044a51a4d9ac5809c5acb1,ord_dataset-1ec2807f02fa4beda27d2a81b86eb843,2,40a993a3f16a75c86dca456baf0e3b3adf6f7e9e6a02eac0a0a6b1fd2ac505dd
1139,ord_dataset-1ec2807f02fa4beda27d2a81b86eb843:ord-ec031d33f25b4eab85267605a0eb4e0a,ord_dataset-1ec2807f02fa4beda27d2a81b86eb843,271,932a82195c296b5bcaec348720fd755bdc9f02617cd4420223d3462f5b27caa7
1140,ord_dataset-1ec2807f02fa4beda27d2a81b86eb843:ord-ec64cb24fd384128ab5650c6a18176f2,ord_dataset-1ec2807f02fa4beda27d2a81b86eb843,222,e6cc77da89a13352dbd3f398f1abed3fb6fa099e2b5ee3c617f30991e5c982d7
1141,ord_dataset-1ec2807f02fa4beda27d2a81b86eb843:ord-ec700bad78b54139b4a68c481f3aac56,ord_dataset-1ec2807f02fa4beda27d2a81b86eb843,255,f652d74ba24fa05327757d503b23be08c20402c73a1e9c7cc27c56a364e40f89
1142,ord_dataset-1ec2807f02fa4beda27d2a81b86eb843:ord-ec7a8744b7c446f6a007706ad8209ea9,ord_dataset-1ec2807f02fa4beda27d2a81b86eb843,177,f20f62fdf220de7fc0fdc46fe161a24be473df237f7b9be2c1fa13893f9d0c49
1143,ord_dataset-1ec2807f02fa4beda27d2a81b86eb843:ord-ecd16983f9d04b378b8167265b0a5230,ord_dataset-1ec2807f02fa4beda27d2a81b86eb843,1050,1ebeb2c8ba2513de046a44bbd30d27377c919230e2604335de08a1c52b7a30d6
1144,ord_dataset-1ec2807f02fa4beda27d2a81b86eb843:ord-ed05644ff20245ddaf9a301a7ce0927f,ord_dataset-1ec2807f02fa4beda27d2a81b86eb843,1171,0e0e34eb7da9badbabdef90f9c0208277aabb9a3f53622d979ebaa7f13c05ef1
1145,ord_dataset-1ec2807f02fa4beda27d2a81b86eb843:ord-ed30f3acdcb143c882c14aed996e5f77,ord_dataset-1ec2807f02fa4beda27d2a81b86eb843,785,8b22da1e13448c2866b5f9f9a62418eac52816e8b7350394f2210d1ffb9a0751
1146,ord_dataset-1ec2807f02fa4beda27d2a81b86eb843:ord-edb507d26a8041f7a47163735e707d51,ord_dataset-1ec2807f02fa4beda27d2a81b86eb843,591,bb7be5290f938b9b85aadc96996467f168e01c78a3f581d361cb6431f8aec0db
1147,ord_dataset-1ec2807f02fa4beda27d2a81b86eb843:ord-edbb31791a404ca7999eaec7f1366ffc,ord_dataset-1ec2807f02fa4beda27d2a81b86eb843,741,47743ca50d180ca301c05e304aa8d819183b878f4523c948e2a930ffead6a05f
1148,ord_dataset-1ec2807f02fa4beda27d2a81b86eb843:ord-edfb59445eb04a72b996d4cef05d76e0,ord_dataset-1ec2807f02fa4beda27d2a81b86eb843,83,ebcd03de0bca8e92f50e005964d95de28e29bb45ffbd54c2d536b15924c38a8a
1149,ord_dataset-1ec2807f02fa4beda27d2a81b86eb843:ord-ee01e6624b41478b965ffef19f91d579,ord_dataset-1ec2807f02fa4beda27d2a81b86eb843,829,58529f6f05be3bd9812bedc716651d5bc167509ba52e1bf8a1e6ef7c3becd641
1150,ord_dataset-1ec2807f02fa4beda27d2a81b86eb843:ord-ee331077d2b3422bbb26e5edb437e2b7,ord_dataset-1ec2807f02fa4beda27d2a81b86eb843,960,cd6f9b9deaf356cc6a92cc45774d86f6575aede5a82af95daef3c0901a1ddc9f
1151,ord_dataset-1ec2807f02fa4beda27d2a81b86eb843:ord-ee7985f9e5de48588e3a94b2df50ce67,ord_dataset-1ec2807f02fa4beda27d2a81b86eb843,85,4852c107d4d4671f3f8caa5ab487784f2e68275cd27e4a22b14f01bd8ac25faf
1152,ord_dataset-1ec2807f02fa4beda27d2a81b86eb843:ord-ee934340d17f4ab1b0c55c71ec060346,ord_dataset-1ec2807f02fa4beda27d2a81b86eb843,1203,e8e2830a0922006a3953371facd93c2a1e6e4fca769cfc790a8d47866507b073
1153,ord_dataset-1ec2807f02fa4beda27d2a81b86eb843:ord-ee995e01fe9e48be9cf99ef6b71d769e,ord_dataset-1ec2807f02fa4beda27d2a81b86eb843,978,a7fb5df55d235d449cbe23e1410d5941d7b44c180b0920b462d66086ae6357b0
1154,ord_dataset-1ec2807f02fa4beda27d2a81b86eb843:ord-ee9dfae0b8314baf8933f81929a7a6d3,ord_dataset-1ec2807f02fa4beda27d2a81b86eb843,827,ed7cbf13ee7e07a1a3db87dac984683e48ab5a9083e589d02c5af793feb70573
1155,ord_dataset-1ec2807f02fa4beda27d2a81b86eb843:ord-eea8848a4f4c4b8d959ec51dfc499f68,ord_dataset-1ec2807f02fa4beda27d2a81b86eb843,158,44222aa9c7d9c4cd75745c4215b6765eb334a1d3e4371ef3dbba852cb778f833
1156,ord_dataset-1ec2807f02fa4beda27d2a81b86eb843:ord-ef050988eac64b7bb073cb1cd26e33c9,ord_dataset-1ec2807f02fa4beda27d2a81b86eb843,1197,0d4fff32c7abd90cf13c969d2cb63ba4b52bb8838a7a1bd7b988270597f7baa4
1157,ord_dataset-1ec2807f02fa4beda27d2a81b86eb843:ord-ef3452454ac748a3aa74e556de4f353b,ord_dataset-1ec2807f02fa4beda27d2a81b86eb843,1114,9a44289dd21c5a7d160e3f99557dec7a2e64235c13961b46b0010b140e2860f4
1158,ord_dataset-1ec2807f02fa4beda27d2a81b86eb843:ord-ef63d0fb8a51492b9ecf20a59d14b21c,ord_dataset-1ec2807f02fa4beda27d2a81b86eb843,494,01a2e10eec01d2b3d35df1709c9f30c89890a20bdacdd6af1ae29dd4417f65e8
1159,ord_dataset-1ec2807f02fa4beda27d2a81b86eb843:ord-efc9dcc3f0ef4f8b805e893d1ee33bca,ord_dataset-1ec2807f02fa4beda27d2a81b86eb843,771,1c35ca51b76d3c05b0a7bda6d6a580cd555e172f6c284a2cff73ec739861f595
1160,ord_dataset-1ec2807f02fa4beda27d2a81b86eb843:ord-f0462578829849c49f2be88fe3cbf639,ord_dataset-1ec2807f02fa4beda27d2a81b86eb843,1131,a83269826df20c0879e77af1ae9d4915cbc9fce1d7894d22dd5e14edb8bf861c
1161,ord_dataset-1ec2807f02fa4beda27d2a81b86eb843:ord-f0d627acd4434f0eb2d999b9b9ec2da8,ord_dataset-1ec2807f02fa4beda27d2a81b86eb843,113,8bfa2609a09faeba32bc44f532ad3143d7da4ebb4594ba72c867d7030a3be594
1162,ord_dataset-1ec2807f02fa4beda27d2a81b86eb843:ord-f0d92bdbe286457ca82d13155c27afa5,ord_dataset-1ec2807f02fa4beda27d2a81b86eb843,166,46ecf65ecac60cfb3701e3f87cffd6f177553c62bbc8956c76007029220bade5
1163,ord_dataset-1ec2807f02fa4beda27d2a81b86eb843:ord-f11010ecca944f04aed979f34a7d100d,ord_dataset-1ec2807f02fa4beda27d2a81b86eb843,1181,127543b522ae744f99476751e8d0030c343327b35b443a284038e8fa8f42533b
1164,ord_dataset-1ec2807f02fa4beda27d2a81b86eb843:ord-f12a10a188f6486296507451b9082007,ord_dataset-1ec2807f02fa4beda27d2a81b86eb843,1042,fde9318ff40a106ef2da61651f66d4a331aa23e6e6b088adc04e91fe91615c81
1165,ord_dataset-1ec2807f02fa4beda27d2a81b86eb843:ord-f15b7b44647f42ebbb2ce1b5c6621f8f,ord_dataset-1ec2807f02fa4beda27d2a81b86eb843,721,541665ff8378bc53424405f823a246f19345f63dde0839bbebc422fa69ef1396
1166,ord_dataset-1ec2807f02fa4beda27d2a81b86eb843:ord-f1629a045d434c279530d1a74a14ba8a,ord_dataset-1ec2807f02fa4beda27d2a81b86eb843,944,a5ee20b278861e31d05271910c30ad36530ba77f9a4b313776151549ead2e9c7
1167,ord_dataset-1ec2807f02fa4beda27d2a81b86eb843:ord-f168afeda5d043e882e3799fc1fc8605,ord_dataset-1ec2807f02fa4beda27d2a81b86eb843,248,af3cef1e64661d82f976856d3ad73fcabccb5d0baaa403948845a9f6b836fcb7
1168,ord_dataset-1ec2807f02fa4beda27d2a81b86eb843:ord-f1afca4684514cc99fa5da02ce0cf322,ord_dataset-1ec2807f02fa4beda27d2a81b86eb843,107,6bc7bd1a55902595819b80db6b7f88faa80ce50bacc3f380f4dfa2381acd325d
1169,ord_dataset-1ec2807f02fa4beda27d2a81b86eb843:ord-f1b28479702947119a9e9f90c50bbd48,ord_dataset-1ec2807f02fa4beda27d2a81b86eb843,429,dbed3f510df4e7122095d43655340d53f3983be98469d0fa297153c1120fe7d8
1170,ord_dataset-1ec2807f02fa4beda27d2a81b86eb843:ord-f1cdad5ba2a542f09278ebffa2d78dad,ord_dataset-1ec2807f02fa4beda27d2a81b86eb843,239,5df0afa88d2816906292b15b8d048852391b65a4fe7ec40e180d5f3e8c9bfb17
1171,ord_dataset-1ec2807f02fa4beda27d2a81b86eb843:ord-f2501dc6fc8b4fdd91551d659341088e,ord_dataset-1ec2807f02fa4beda27d2a81b86eb843,872,9cc77b1eb06fa4d4acf8afc22f5a12451a8050b71408f3c96863f7595d2ae38a
1172,ord_dataset-1ec2807f02fa4beda27d2a81b86eb843:ord-f26400fa5f374d809349884ce19cef28,ord_dataset-1ec2807f02fa4beda27d2a81b86eb843,346,c43fa8285aaf5e1091252a9e3b5ac296f709c141d028c4dbba3bb0b516822cd7
1173,ord_dataset-1ec2807f02fa4beda27d2a81b86eb843:ord-f2ab99548e6b4e85ac50c964b235bdb9,ord_dataset-1ec2807f02fa4beda27d2a81b86eb843,801,bb403b439a4cd06a21a7a813632c3f24474cd9bc23ab2e9f05babc2a63f0ab08
1174,ord_dataset-1ec2807f02fa4beda27d2a81b86eb843:ord-f2e4f710be5e491ea3819017fb6259ca,ord_dataset-1ec2807f02fa4beda27d2a81b86eb843,56,ccd6407c34c5209586b3013df1f31c9abe4ed836fe10524020bc596948572dc2
1175,ord_dataset-1ec2807f02fa4beda27d2a81b86eb843:ord-f3141dbb67874b90b4ec6e6189f164f3,ord_dataset-1ec2807f02fa4beda27d2a81b86eb843,994,6250502890883b824f225d0dde2b4df2abdaa6a3bd455162dab1c6cc9ba76555
1176,ord_dataset-1ec2807f02fa4beda27d2a81b86eb843:ord-f388d474b64f4dee87a735736c31ec0c,ord_dataset-1ec2807f02fa4beda27d2a81b86eb843,259,3c0f0f0aca0510ea49d593095f307be1482edfd14c4f5d2ef674483d769f7bc4
1177,ord_dataset-1ec2807f02fa4beda27d2a81b86eb843:ord-f3991324a5a54c8ba447bed01ef7aa3d,ord_dataset-1ec2807f02fa4beda27d2a81b86eb843,65,5258ac4651afa1269e45bfbdf28371abaaee4e11cd8d2f81d40ca5c5a321fdbd
1178,ord_dataset-1ec2807f02fa4beda27d2a81b86eb843:ord-f3d6abc988854bccb41759aa0f762e1e,ord_dataset-1ec2807f02fa4beda27d2a81b86eb843,862,5ae2f0f98baa642fb25a021759dcfc9af73e01cecb2e5d19d6bee7cca0598bcc
1179,ord_dataset-1ec2807f02fa4beda27d2a81b86eb843:ord-f3dbc2a49bc34f2bb1491b7bface2675,ord_dataset-1ec2807f02fa4beda27d2a81b86eb843,998,a4d4687b70fe6493f9dae79cbf2445f47b913ecc1901acff56daeb3f8397cbe9
1180,ord_dataset-1ec2807f02fa4beda27d2a81b86eb843:ord-f42e90837b4842baa76d6f78cbf1be96,ord_dataset-1ec2807f02fa4beda27d2a81b86eb843,28,2d4df96dc531d189213cee4ecaf81a536d056ac5f6c7f99517b2b544fd399955
1181,ord_dataset-1ec2807f02fa4beda27d2a81b86eb843:ord-f479acf868c54806b678c4325603d66f,ord_dataset-1ec2807f02fa4beda27d2a81b86eb843,17,b5d2e825f5a0fc22ab2808a346b7dd0d6a4328aef6343fdda65806fb76110a1e
1182,ord_dataset-1ec2807f02fa4beda27d2a81b86eb843:ord-f4a2fae113b340b1a15f91078d6cacf3,ord_dataset-1ec2807f02fa4beda27d2a81b86eb843,165,e31d3207736f3c6f0b4713a3ae767e8d4d6d05c74411627ea40b7b65f8687a6f
1183,ord_dataset-1ec2807f02fa4beda27d2a81b86eb843:ord-f53a2dbb88634545a2f59ee9eeb646be,ord_dataset-1ec2807f02fa4beda27d2a81b86eb843,398,ffd957e71693e088b35bc695f56a7566e21ec37dfbbc13e0a0dc7af26f25e64e
1184,ord_dataset-1ec2807f02fa4beda27d2a81b86eb843:ord-f544635ac12a4b8ea3c2e8518951a895,ord_dataset-1ec2807f02fa4beda27d2a81b86eb843,1172,ef08c442d19636ee6dc7cfed3af530e5cbb336c5261639302a19b7bf82576f89
1185,ord_dataset-1ec2807f02fa4beda27d2a81b86eb843:ord-f5616fa4bf3f40cbb360e0768a706a5a,ord_dataset-1ec2807f02fa4beda27d2a81b86eb843,125,62471e99e9c5c3bfcf2eca6e9b8db796f9422ee1ac5ab78ae0a860bf511a63f9
1186,ord_dataset-1ec2807f02fa4beda27d2a81b86eb843:ord-f617e2c6d49d4504aaf0987475e7dfc9,ord_dataset-1ec2807f02fa4beda27d2a81b86eb843,702,6f97e943b809b18e94cb10a659bc29094c7ded286886c8c35c0d2f9b8b934bc8
1187,ord_dataset-1ec2807f02fa4beda27d2a81b86eb843:ord-f62a3120b74e444da447d50da923ca59,ord_dataset-1ec2807f02fa4beda27d2a81b86eb843,691,f566f8ec3b450a06cd36df1e3848425a1624413d283ffa3cc84f4e118131e045
1188,ord_dataset-1ec2807f02fa4beda27d2a81b86eb843:ord-f69e6b71b14c4f5eab430d005410e259,ord_dataset-1ec2807f02fa4beda27d2a81b86eb843,332,a78e2722adfa75f9fa8482bff7e986232a3d97a42e7ffd7130db30c1bc80307f
1189,ord_dataset-1ec2807f02fa4beda27d2a81b86eb843:ord-f6e0b8a86a0244658d005d7a54c919a9,ord_dataset-1ec2807f02fa4beda27d2a81b86eb843,622,9d5f1e38fe573b8ef6cd3a7831d11729fd03f61c2b95e8804a6bfd6b03f392a8
1190,ord_dataset-1ec2807f02fa4beda27d2a81b86eb843:ord-f730e7b898474d729057b48e16922150,ord_dataset-1ec2807f02fa4beda27d2a81b86eb843,455,4f9cf792bebe0657c6969fca3055d6c3ddb145d13c3e27134894d3b37ad7d2ee
1191,ord_dataset-1ec2807f02fa4beda27d2a81b86eb843:ord-f743155304854e3886d9fcb0ebe50ee8,ord_dataset-1ec2807f02fa4beda27d2a81b86eb843,687,3a72d5f133a63861ae6b3b486516094b2fe2178a621455fc3063464b3ddf0fd9
1192,ord_dataset-1ec2807f02fa4beda27d2a81b86eb843:ord-f77ec3aa845e44bba6744e922329cb42,ord_dataset-1ec2807f02fa4beda27d2a81b86eb843,473,750863fa8e1e85c53ee63caf7912fa615252b165e333e36e7a64de5c73324950
1193,ord_dataset-1ec2807f02fa4beda27d2a81b86eb843:ord-f7fe86c3220243edaa48a31c9e9fdc95,ord_dataset-1ec2807f02fa4beda27d2a81b86eb843,1206,6921cdaf7645190ce23e76717d3b009a9d8915827bad3bdc2a9cad3a0645be61
1194,ord_dataset-1ec2807f02fa4beda27d2a81b86eb843:ord-f82f8f98a7dd47eaa4c802e8e8d3bdc0,ord_dataset-1ec2807f02fa4beda27d2a81b86eb843,640,17753263ae3e10023fcb1fc9b39c849c86bd6bff2f74ab8a641aabf52c63e382
1195,ord_dataset-1ec2807f02fa4beda27d2a81b86eb843:ord-f8adb622bc38421ca49b666e828f4490,ord_dataset-1ec2807f02fa4beda27d2a81b86eb843,990,0eca21f1fca658c904cc4f15df64d9bdd69137690746b326f9a627f42f610adc
1196,ord_dataset-1ec2807f02fa4beda27d2a81b86eb843:ord-f8b8049056144a5bafb445925cce63a7,ord_dataset-1ec2807f02fa4beda27d2a81b86eb843,148,1454d1c2e9a101a4c478ddf75f492b1adef2799a8979a3cdbf2b4120af4bda6e
1197,ord_dataset-1ec2807f02fa4beda27d2a81b86eb843:ord-f8c77d97c2f04899be8c162d64c1a435,ord_dataset-1ec2807f02fa4beda27d2a81b86eb843,50,51df387131ad0522391539c36465fe214ec9b716153d1fd0f572fb7b42223f74
1198,ord_dataset-1ec2807f02fa4beda27d2a81b86eb843:ord-f9164445681f4103824de1dfb40e6b3f,ord_dataset-1ec2807f02fa4beda27d2a81b86eb843,21,1c1836d6052163030e6bb12d2b8d84d6214540b609eaddb1a5ed2f216d01f143
1199,ord_dataset-1ec2807f02fa4beda27d2a81b86eb843:ord-f96467f566fb4110b26aa530734e0058,ord_dataset-1ec2807f02fa4beda27d2a81b86eb843,357,1abb8886584f22697e12e2a29543e28e7ecf9ae79e017391d924e779b8a6f203
1200,ord_dataset-1ec2807f02fa4beda27d2a81b86eb843:ord-f9b9eb4ed9f54d3d80dc4205cf95c407,ord_dataset-1ec2807f02fa4beda27d2a81b86eb843,594,66bfd469f7d99d3f3194b77626bbcf52138094defbee84d7d8031633c0e8f89e
1201,ord_dataset-1ec2807f02fa4beda27d2a81b86eb843:ord-f9ec0461fb0e4b1aacfb4f2512100123,ord_dataset-1ec2807f02fa4beda27d2a81b86eb843,697,075d18667d0b218193a3b25ed8107dc06b67781cc7961de71f45665861b560db
1202,ord_dataset-1ec2807f02fa4beda27d2a81b86eb843:ord-f9f79026db264bd9b4bdc6b99cc7562e,ord_dataset-1ec2807f02fa4beda27d2a81b86eb843,577,150bc7d7a1685338237d3289684cf809eebd5dfc027ed8fd38ab46d4a22b957f
1203,ord_dataset-1ec2807f02fa4beda27d2a81b86eb843:ord-fa639c5b38954c3b8ff8216d2da3957c,ord_dataset-1ec2807f02fa4beda27d2a81b86eb843,1038,a458f248649f70c9c7e36e5ed9fc35c03bba9b3bdb4ea540e706c9e6878fd3ce
1204,ord_dataset-1ec2807f02fa4beda27d2a81b86eb843:ord-fa8300572d6445c48d5510b43d6f56d6,ord_dataset-1ec2807f02fa4beda27d2a81b86eb843,567,c53b8da0b67536247de4e59672fec47ebef0928754a23b2e8d0a829c7b63250e
1205,ord_dataset-1ec2807f02fa4beda27d2a81b86eb843:ord-fac1b36283cd4c91aeed4a974c831a4d,ord_dataset-1ec2807f02fa4beda27d2a81b86eb843,724,34d15ef7591e8a65fd7b7842516ea1df87eec089d4375479f1984b49764a1612
1206,ord_dataset-1ec2807f02fa4beda27d2a81b86eb843:ord-faf22e90f49b4aa7afd6e47b8ab20c7b,ord_dataset-1ec2807f02fa4beda27d2a81b86eb843,740,4b2cd624f79225e567e953604beff8a6eb6972d6f9009f680f1da1d09a231422
1207,ord_dataset-1ec2807f02fa4beda27d2a81b86eb843:ord-fb12a770967f4886b1bacc673b1050db,ord_dataset-1ec2807f02fa4beda27d2a81b86eb843,491,41bdb59761c6f5875e577a229cf4295e2fa5e558e2e413a2937febf7e825dd66
1208,ord_dataset-1ec2807f02fa4beda27d2a81b86eb843:ord-fb27df848059449cb96e40e4c66bb148,ord_dataset-1ec2807f02fa4beda27d2a81b86eb843,926,b7345d10f6e8516e39f144de52d43f400498e54f66885bcfadacdfc85744a0b8
1209,ord_dataset-1ec2807f02fa4beda27d2a81b86eb843:ord-fb7fb646d1cc472887cdd854b8b68212,ord_dataset-1ec2807f02fa4beda27d2a81b86eb843,953,c443c3688ffffa6dca6603c917b5386da7bfdff092cc0e83446313f9830708f4
1210,ord_dataset-1ec2807f02fa4beda27d2a81b86eb843:ord-fbb4d6031e8c46549f8f0cd1f9bf6a4f,ord_dataset-1ec2807f02fa4beda27d2a81b86eb843,520,e788d9f9730d8e47dd351d6e2b7f6896d8629b1c7e202c9ef09c10475cece82d
1211,ord_dataset-1ec2807f02fa4beda27d2a81b86eb843:ord-fbcf4cd4801b44878a72d79be35d17a6,ord_dataset-1ec2807f02fa4beda27d2a81b86eb843,442,4e75a187768814c4cbd25f5089783e9ffd71cc6f7235754a3a523d369e4b065c
1212,ord_dataset-1ec2807f02fa4beda27d2a81b86eb843:ord-fc0a4683df4b42039e2c1a7d2660a70f,ord_dataset-1ec2807f02fa4beda27d2a81b86eb843,988,425d9a50385b44be3d680f95d690faa3029e16baa74f2041b5d4d526f712d7c9
1213,ord_dataset-1ec2807f02fa4beda27d2a81b86eb843:ord-fc1ebadd7a7c4518b67d5e95e28bee1e,ord_dataset-1ec2807f02fa4beda27d2a81b86eb843,1130,9702441dec937536985ad1d63599e19566e97bd53947821c38100567f5683705
1214,ord_dataset-1ec2807f02fa4beda27d2a81b86eb843:ord-fc471637134b4035aa3caa1d07011724,ord_dataset-1ec2807f02fa4beda27d2a81b86eb843,713,4809aa219bbf113da4644f753c3095c38e57e413ba34f98c74cf84cb9e14192c
1215,ord_dataset-1ec2807f02fa4beda27d2a81b86eb843:ord-fc6ba80a1db14c2bbad7fe5aa7f5b50a,ord_dataset-1ec2807f02fa4beda27d2a81b86eb843,53,8b4ff2a5d92c914044ee0217f6bba047c515b1923b3e396178defe58ea821301
1216,ord_dataset-1ec2807f02fa4beda27d2a81b86eb843:ord-fca744b8cacc4d42848aaff3e3486f3f,ord_dataset-1ec2807f02fa4beda27d2a81b86eb843,1125,a0328e2a8c3d524bb750e8ac25734f547a19f4178bd5e442c3b2b50bb1c6d26f
1217,ord_dataset-1ec2807f02fa4beda27d2a81b86eb843:ord-fcb6c6e4d9d340519c1d1f6af1fc9bfa,ord_dataset-1ec2807f02fa4beda27d2a81b86eb843,446,47ef11fa3db12e6eec0c3d56e6eb8441f9a504cd09e99d81ceb0be951576bd0b
1218,ord_dataset-1ec2807f02fa4beda27d2a81b86eb843:ord-fcc48135932d4ed8a9afa42e6b8b0ad5,ord_dataset-1ec2807f02fa4beda27d2a81b86eb843,766,050606a11266010ba6f437732ed59cc23e2b95b7e012625663852471ba9319c4
1219,ord_dataset-1ec2807f02fa4beda27d2a81b86eb843:ord-fcf74a60daa94dbf86988e94d8eeccc9,ord_dataset-1ec2807f02fa4beda27d2a81b86eb843,427,f2adf8dfca2a60023f77d8f7aba8d8d8de3f27a113b71dfb6b8332369bc906e7
1220,ord_dataset-1ec2807f02fa4beda27d2a81b86eb843:ord-fd9f1a781ab34c8b93d70b6f8fe1feaf,ord_dataset-1ec2807f02fa4beda27d2a81b86eb843,986,9355c67aa7a1fc4fd1250a1cf17369d1132d379f6363304ea9dff1c86e82a5b1
1221,ord_dataset-1ec2807f02fa4beda27d2a81b86eb843:ord-fda656eaac804ec3aab53b81eeb9179a,ord_dataset-1ec2807f02fa4beda27d2a81b86eb843,164,7993c7efa4c772ea976d60e026c16eed9ecaabd870c5dbf89ef3ffc0b321ee21
1222,ord_dataset-1ec2807f02fa4beda27d2a81b86eb843:ord-fe5571f52c3f43eea97d92d3326c7eb3,ord_dataset-1ec2807f02fa4beda27d2a81b86eb843,515,5e37256db0bca66ab96bdb5e1adb685e7dce23491ff6953b8d3061967e9c6817
1223,ord_dataset-1ec2807f02fa4beda27d2a81b86eb843:ord-fe8c46e54a074f44b114663469628d37,ord_dataset-1ec2807f02fa4beda27d2a81b86eb843,253,7dbb13bc99ae39b4760520d77ae3371d16011bbbee1c8048c784aa691ed10158
1224,ord_dataset-1ec2807f02fa4beda27d2a81b86eb843:ord-fec01cbf2c244a37989cbee432b78ec6,ord_dataset-1ec2807f02fa4beda27d2a81b86eb843,611,9f10ce04670be8ddf92a0d96a030f25b330c91fb8790b06bc2394e3333a200d4
1225,ord_dataset-1ec2807f02fa4beda27d2a81b86eb843:ord-feee0a877576489c894fb7624fe17003,ord_dataset-1ec2807f02fa4beda27d2a81b86eb843,280,b87042646bd025c0aaef1c675ca0fc09faf2d2fb580ab17738ae7c49a928545c
1226,ord_dataset-1ec2807f02fa4beda27d2a81b86eb843:ord-fefbd37af7ca4ef98d7c206d43612c86,ord_dataset-1ec2807f02fa4beda27d2a81b86eb843,1084,6f44b110753ffb364d874be440a981b363801682d4aab7c74385a2da3a84a3f1
1227,ord_dataset-1ec2807f02fa4beda27d2a81b86eb843:ord-ffd26ed9e30d482995cecf4e6923bfd1,ord_dataset-1ec2807f02fa4beda27d2a81b86eb843,519,ec8f81c758744992abfc280f81a2caa88b82af552843056756a60dad609072fd
1228,ord_dataset-1ec2807f02fa4beda27d2a81b86eb843:ord-ffec2ebdd954411eae46747c1e3aed4e,ord_dataset-1ec2807f02fa4beda27d2a81b86eb843,1106,2e742f7e825b6061e22f9e77172cd8e570f9ea7e345abeb6c9b8cdf32a471b40
