reactant-1,reactant-2,reagent-1,catalyst-1,catalyst-2,catalyst-3,solvent-1,solvent-2,reaction_time_s,illumination_wavelength_nm,conversion_percent
CCN(CC)c1ccc2oc(=O)c(-c3nc4ccccc4s3)cc2c1,CC(=O)c1ccc(F)cc1Br,CCN(C(C)C)C(C)C,Cc1ccc(-c2ccccc2F)nc1,CS(C)=O,O.[Cl][Ir]([Cl])[Cl],CS(C)=O,CN(C)C=O,18000.0,445.0,0.005350000225007534
CCN(CC)c1ccc2oc(=O)c(-c3nc4ccccc4s3)cc2c1,CC(=O)c1ccc(F)cc1Br,CCN(C(C)C)C(C)C,c1ccc(-c2ccccn2)cc1,Cc1cc(-c2ccccc2)c2ccc3c(-c4ccccc4)cc(C)nc3c2n1,O.[Cl][Ir]([Cl])[Cl],CS(C)=O,CN(C)C=O,18000.0,445.0,99.5252456665039
CCN(CC)c1ccc2oc(=O)c(-c3nc4ccccc4s3)cc2c1,CC(=O)c1ccc(F)cc1Br,CCN(C(C)C)C(C)C,Cc1ccc(-c2ccccc2F)nc1,Cc1cccc(-c2cccc(C)n2)n1,O.[Cl][Ir]([Cl])[Cl],CS(C)=O,CN(C)C=O,18000.0,445.0,0.005350000225007534
CCN(CC)c1ccc2oc(=O)c(-c3nc4ccccc4s3)cc2c1,CC(=O)c1ccc(F)cc1Br,CCN(C(C)C)C(C)C,Cc1ccc(-c2ccc(OC(F)(F)F)cc2)nc1,CC(C)(C)c1ccnc(-c2cc(C(C)(C)C)ccn2)c1,O.[Cl][Ir]([Cl])[Cl],CS(C)=O,CN(C)C=O,18000.0,445.0,75.53501892089844
CCN(CC)c1ccc2oc(=O)c(-c3nc4ccccc4s3)cc2c1,CC(=O)c1ccc(F)cc1Br,CCN(C(C)C)C(C)C,Clc1ccc(-c2nc3ccccc3o2)cc1,FC(F)(F)c1ccc(-c2ccc(C(F)(F)F)cn2)nc1,O.[Cl][Ir]([Cl])[Cl],CS(C)=O,CN(C)C=O,18000.0,445.0,0.005350000225007534
CCN(CC)c1ccc2oc(=O)c(-c3nc4ccccc4s3)cc2c1,CC(=O)c1ccc(F)cc1Br,CCN(C(C)C)C(C)C,COc1cccc(-c2cc(-c3ccccc3)ccn2)c1,c1ccc(-c2ccccn2)nc1,O.[Cl][Ir]([Cl])[Cl],CS(C)=O,CN(C)C=O,18000.0,445.0,0.005350000225007534
CCN(CC)c1ccc2oc(=O)c(-c3nc4ccccc4s3)cc2c1,CC(=O)c1ccc(F)cc1Br,CCN(C(C)C)C(C)C,c1ccc(-c2nc3ccccc3s2)cc1,FC(F)(F)c1ccc(-c2ccc(C(F)(F)F)cn2)nc1,O.[Cl][Ir]([Cl])[Cl],CS(C)=O,CN(C)C=O,18000.0,445.0,69.54489135742188
CCN(CC)c1ccc2oc(=O)c(-c3nc4ccccc4s3)cc2c1,CC(=O)c1ccc(F)cc1Br,CCN(C(C)C)C(C)C,c1ccc(-c2ccnc(-c3ccc4ccccc4c3)c2)cc1,Cc1cc(-c2ccccc2)c2ccc3c(-c4ccccc4)cc(C)nc3c2n1,O.[Cl][Ir]([Cl])[Cl],CS(C)=O,CN(C)C=O,18000.0,445.0,99.87538146972656
CCN(CC)c1ccc2oc(=O)c(-c3nc4ccccc4s3)cc2c1,CC(=O)c1ccc(F)cc1Br,CCN(C(C)C)C(C)C,Cc1ccc(-c2ccc(-c3ccccc3)cc2)nc1,c1ccc2nc(-c3ccc4ccccc4n3)ccc2c1,O.[Cl][Ir]([Cl])[Cl],CS(C)=O,CN(C)C=O,18000.0,445.0,0.005350000225007534
CCN(CC)c1ccc2oc(=O)c(-c3nc4ccccc4s3)cc2c1,CC(=O)c1ccc(F)cc1Br,CCN(C(C)C)C(C)C,FC(F)(F)c1ccc(-c2nc3ccccc3o2)cc1,O=C1C(=O)c2cccnc2-c2ncccc21,O.[Cl][Ir]([Cl])[Cl],CS(C)=O,CN(C)C=O,18000.0,445.0,72.02444458007812
CCN(CC)c1ccc2oc(=O)c(-c3nc4ccccc4s3)cc2c1,CC(=O)c1ccc(F)cc1Br,CCN(C(C)C)C(C)C,CCc1ccc(-c2ccc(Cl)cc2)nc1,CS(C)=O,O.[Cl][Ir]([Cl])[Cl],CS(C)=O,CN(C)C=O,18000.0,445.0,39.06618118286133
CCN(CC)c1ccc2oc(=O)c(-c3nc4ccccc4s3)cc2c1,CC(=O)c1ccc(F)cc1Br,CCN(C(C)C)C(C)C,Cc1ccc(-c2ccccc2)nc1,Cc1cc2cccnc2c2ncccc12,O.[Cl][Ir]([Cl])[Cl],CS(C)=O,CN(C)C=O,18000.0,445.0,99.5252456665039
CCN(CC)c1ccc2oc(=O)c(-c3nc4ccccc4s3)cc2c1,CC(=O)c1ccc(F)cc1Br,CCN(C(C)C)C(C)C,COc1ccc(-c2ccc(C)cn2)cc1,O=C(O)c1ccnc(-c2cc(C(=O)O)ccn2)c1,O.[Cl][Ir]([Cl])[Cl],CS(C)=O,CN(C)C=O,18000.0,445.0,99.73799896240234
CCN(CC)c1ccc2oc(=O)c(-c3nc4ccccc4s3)cc2c1,CC(=O)c1ccc(F)cc1Br,CCN(C(C)C)C(C)C,Cc1ccc(-c2nc3ccccc3o2)cc1,Cc1cc2cccnc2c2ncccc12,O.[Cl][Ir]([Cl])[Cl],CS(C)=O,CN(C)C=O,18000.0,445.0,98.84195709228516
CCN(CC)c1ccc2oc(=O)c(-c3nc4ccccc4s3)cc2c1,CC(=O)c1ccc(F)cc1Br,CCN(C(C)C)C(C)C,Cc1ccc(-c2ccc(F)c(C(F)(F)F)c2)nc1,O=C(O)c1ccnc(-c2cc(C(=O)O)ccn2)c1,O.[Cl][Ir]([Cl])[Cl],CS(C)=O,CN(C)C=O,18000.0,445.0,97.810546875
CCN(CC)c1ccc2oc(=O)c(-c3nc4ccccc4s3)cc2c1,CC(=O)c1ccc(F)cc1Br,CCN(C(C)C)C(C)C,Clc1ccc(-c2nc3ccccc3s2)cc1,CS(C)=O,O.[Cl][Ir]([Cl])[Cl],CS(C)=O,CN(C)C=O,18000.0,445.0,0.005350000225007534
CCN(CC)c1ccc2oc(=O)c(-c3nc4ccccc4s3)cc2c1,CC(=O)c1ccc(F)cc1Br,CCN(C(C)C)C(C)C,Cc1ccc(-c2ccc3ccccc3c2)nc1,Cc1cc(-c2ccccc2)c2ccc3c(-c4ccccc4)cc(C)nc3c2n1,O.[Cl][Ir]([Cl])[Cl],CS(C)=O,CN(C)C=O,18000.0,445.0,99.73799896240234
CCN(CC)c1ccc2oc(=O)c(-c3nc4ccccc4s3)cc2c1,CC(=O)c1ccc(F)cc1Br,CCN(C(C)C)C(C)C,COc1cccc(-c2cc(-c3ccccc3)ccn2)c1,c1ccc(-c2ccnc(-c3cc(-c4ccccc4)ccn3)c2)cc1,O.[Cl][Ir]([Cl])[Cl],CS(C)=O,CN(C)C=O,18000.0,445.0,0.005350000225007534
CCN(CC)c1ccc2oc(=O)c(-c3nc4ccccc4s3)cc2c1,CC(=O)c1ccc(F)cc1Br,CCN(C(C)C)C(C)C,COc1cccc(-c2cc(-c3ccccc3)c(C)cn2)c1,Cc1cnc2c(ccc3c(C)c(C)cnc32)c1C,O.[Cl][Ir]([Cl])[Cl],CS(C)=O,CN(C)C=O,18000.0,445.0,32.918575286865234
CCN(CC)c1ccc2oc(=O)c(-c3nc4ccccc4s3)cc2c1,CC(=O)c1ccc(F)cc1Br,CCN(C(C)C)C(C)C,Cc1ccc(-c2ccc(F)cc2F)nc1,Cc1ccnc(-c2cc(C)ccn2)c1,O.[Cl][Ir]([Cl])[Cl],CS(C)=O,CN(C)C=O,18000.0,445.0,86.21414947509766
CCN(CC)c1ccc2oc(=O)c(-c3nc4ccccc4s3)cc2c1,CC(=O)c1ccc(F)cc1Br,CCN(C(C)C)C(C)C,COc1cccc(-c2cc(-c3ccccc3)ccn2)c1,Cc1ccc2ccc3ccc(C)nc3c2n1,O.[Cl][Ir]([Cl])[Cl],CS(C)=O,CN(C)C=O,18000.0,445.0,32.52354431152344
CCN(CC)c1ccc2oc(=O)c(-c3nc4ccccc4s3)cc2c1,CC(=O)c1ccc(F)cc1Br,CCN(C(C)C)C(C)C,Cc1ccc(-c2ccc(N(c3ccccc3)c3ccccc3)cc2)nc1,CC(C)(O)Cc1ccc(-c2ccc(CC(C)(C)O)cn2)nc1,O.[Cl][Ir]([Cl])[Cl],CS(C)=O,CN(C)C=O,18000.0,445.0,0.005350000225007534
CCN(CC)c1ccc2oc(=O)c(-c3nc4ccccc4s3)cc2c1,CC(=O)c1ccc(F)cc1Br,CCN(C(C)C)C(C)C,Cc1ccc(-c2ccccc2F)nc1,c1cnc2c(c1)ccc1cccnc12,O.[Cl][Ir]([Cl])[Cl],CS(C)=O,CN(C)C=O,18000.0,445.0,98.3681869506836
CCN(CC)c1ccc2oc(=O)c(-c3nc4ccccc4s3)cc2c1,CC(=O)c1ccc(F)cc1Br,CCN(C(C)C)C(C)C,COc1cccc(-c2cc(-c3ccccc3)ccn2)c1,CS(C)=O,O.[Cl][Ir]([Cl])[Cl],CS(C)=O,CN(C)C=O,18000.0,445.0,0.005350000225007534
CCN(CC)c1ccc2oc(=O)c(-c3nc4ccccc4s3)cc2c1,CC(=O)c1ccc(F)cc1Br,CCN(C(C)C)C(C)C,CCc1ccc(-c2cccc(OC)c2)nc1,O=C1C(=O)c2cccnc2-c2ncccc21,O.[Cl][Ir]([Cl])[Cl],CS(C)=O,CN(C)C=O,18000.0,445.0,0.005350000225007534
CCN(CC)c1ccc2oc(=O)c(-c3nc4ccccc4s3)cc2c1,CC(=O)c1ccc(F)cc1Br,CCN(C(C)C)C(C)C,Cc1ccc(-c2ccc(-c3ccccc3)cc2)nc1,c1ccc(-c2ccccn2)nc1,O.[Cl][Ir]([Cl])[Cl],CS(C)=O,CN(C)C=O,18000.0,445.0,97.810546875
CCN(CC)c1ccc2oc(=O)c(-c3nc4ccccc4s3)cc2c1,CC(=O)c1ccc(F)cc1Br,CCN(C(C)C)C(C)C,c1ccc(-n2cccn2)cc1,c1ccc2nc(-c3ccc4ccccc4n3)ccc2c1,O.[Cl][Ir]([Cl])[Cl],CS(C)=O,CN(C)C=O,18000.0,445.0,0.005350000225007534
CCN(CC)c1ccc2oc(=O)c(-c3nc4ccccc4s3)cc2c1,CC(=O)c1ccc(F)cc1Br,CCN(C(C)C)C(C)C,COc1ccc(-c2nc3ccccc3s2)cc1,Cc1ccnc(-c2cc(C)ccn2)c1,O.[Cl][Ir]([Cl])[Cl],CS(C)=O,CN(C)C=O,18000.0,445.0,99.99774932861328
CCN(CC)c1ccc2oc(=O)c(-c3nc4ccccc4s3)cc2c1,CC(=O)c1ccc(F)cc1Br,CCN(C(C)C)C(C)C,FC(F)(F)Oc1ccc(-c2nc3ccccc3s2)cc1,Cc1ccnc2c1ccc1c(C)ccnc12,O.[Cl][Ir]([Cl])[Cl],CS(C)=O,CN(C)C=O,18000.0,445.0,97.810546875
CCN(CC)c1ccc2oc(=O)c(-c3nc4ccccc4s3)cc2c1,CC(=O)c1ccc(F)cc1Br,CCN(C(C)C)C(C)C,Fc1ccc(-c2ccccn2)cc1,CS(C)=O,O.[Cl][Ir]([Cl])[Cl],CS(C)=O,CN(C)C=O,18000.0,445.0,0.005350000225007534
CCN(CC)c1ccc2oc(=O)c(-c3nc4ccccc4s3)cc2c1,CC(=O)c1ccc(F)cc1Br,CCN(C(C)C)C(C)C,Cc1ccc(-c2ccccc2F)nc1,Cc1ccc(-c2ccc(C)cn2)nc1,O.[Cl][Ir]([Cl])[Cl],CS(C)=O,CN(C)C=O,18000.0,445.0,86.21414947509766
CCN(CC)c1ccc2oc(=O)c(-c3nc4ccccc4s3)cc2c1,CC(=O)c1ccc(F)cc1Br,CCN(C(C)C)C(C)C,FC(F)(F)Oc1ccc(-c2nc3ccccc3s2)cc1,Cc1ccnc(-c2cc(C)ccn2)c1,O.[Cl][Ir]([Cl])[Cl],CS(C)=O,CN(C)C=O,18000.0,445.0,99.98658752441406
CCN(CC)c1ccc2oc(=O)c(-c3nc4ccccc4s3)cc2c1,CC(=O)c1ccc(F)cc1Br,CCN(C(C)C)C(C)C,Fc1ccc(-c2ccccn2)cc1,Cc1ccnc2c1ccc1cccnc12,O.[Cl][Ir]([Cl])[Cl],CS(C)=O,CN(C)C=O,18000.0,445.0,99.73799896240234
CCN(CC)c1ccc2oc(=O)c(-c3nc4ccccc4s3)cc2c1,CC(=O)c1ccc(F)cc1Br,CCN(C(C)C)C(C)C,CCc1ccc(-c2ccccc2)nc1,O=C1c2cccnc2-c2ncccc21,O.[Cl][Ir]([Cl])[Cl],CS(C)=O,CN(C)C=O,18000.0,445.0,0.005350000225007534
CCN(CC)c1ccc2oc(=O)c(-c3nc4ccccc4s3)cc2c1,CC(=O)c1ccc(F)cc1Br,CCN(C(C)C)C(C)C,Cc1ccc(-c2ccc(N(c3ccccc3)c3ccccc3)cc2)nc1,c1cnc2c(c1)ccc1cccnc12,O.[Cl][Ir]([Cl])[Cl],CS(C)=O,CN(C)C=O,18000.0,445.0,32.918575286865234
CCN(CC)c1ccc2oc(=O)c(-c3nc4ccccc4s3)cc2c1,CC(=O)c1ccc(F)cc1Br,CCN(C(C)C)C(C)C,FC(F)(F)Oc1ccc(-c2nc3ccccc3s2)cc1,c1ccc(-c2ccccn2)nc1,O.[Cl][Ir]([Cl])[Cl],CS(C)=O,CN(C)C=O,18000.0,445.0,97.810546875
CCN(CC)c1ccc2oc(=O)c(-c3nc4ccccc4s3)cc2c1,CC(=O)c1ccc(F)cc1Br,CCN(C(C)C)C(C)C,c1ccc(-c2nc3ccccc3o2)cc1,Cc1cccc(-c2cccc(C)n2)n1,O.[Cl][Ir]([Cl])[Cl],CS(C)=O,CN(C)C=O,18000.0,445.0,0.005350000225007534
CCN(CC)c1ccc2oc(=O)c(-c3nc4ccccc4s3)cc2c1,CC(=O)c1ccc(F)cc1Br,CCN(C(C)C)C(C)C,Fc1ccc(-c2cc(-c3ccccc3)ccn2)cc1,FC(F)(F)c1ccc(-c2ccc(C(F)(F)F)cn2)nc1,O.[Cl][Ir]([Cl])[Cl],CS(C)=O,CN(C)C=O,18000.0,445.0,48.3411750793457
CCN(CC)c1ccc2oc(=O)c(-c3nc4ccccc4s3)cc2c1,CC(=O)c1ccc(F)cc1Br,CCN(C(C)C)C(C)C,Clc1ccc(-c2cc(-c3ccccc3)ccn2)cc1,c1ccc(-c2ccnc3c2ccc2c(-c4ccccc4)ccnc23)cc1,O.[Cl][Ir]([Cl])[Cl],CS(C)=O,CN(C)C=O,18000.0,445.0,99.87538146972656
CCN(CC)c1ccc2oc(=O)c(-c3nc4ccccc4s3)cc2c1,CC(=O)c1ccc(F)cc1Br,CCN(C(C)C)C(C)C,Cc1ccc(-c2cccc(F)c2)nc1,FC(F)(F)c1ccc(-c2ccc(C(F)(F)F)cn2)nc1,O.[Cl][Ir]([Cl])[Cl],CS(C)=O,CN(C)C=O,18000.0,445.0,0.005350000225007534
CCN(CC)c1ccc2oc(=O)c(-c3nc4ccccc4s3)cc2c1,CC(=O)c1ccc(F)cc1Br,CCN(C(C)C)C(C)C,c1ccc(-c2nc3ccccc3o2)cc1,c1ccc(-c2ccnc3c2ccc2c(-c4ccccc4)ccnc23)cc1,O.[Cl][Ir]([Cl])[Cl],CS(C)=O,CN(C)C=O,18000.0,445.0,97.17524719238281
CCN(CC)c1ccc2oc(=O)c(-c3nc4ccccc4s3)cc2c1,CC(=O)c1ccc(F)cc1Br,CCN(C(C)C)C(C)C,FC(F)(F)c1ccc(-c2nc3ccccc3o2)cc1,CC(C)(C)c1ccnc(-c2cc(C(C)(C)C)ccn2)c1,O.[Cl][Ir]([Cl])[Cl],CS(C)=O,CN(C)C=O,18000.0,445.0,98.84195709228516
CCN(CC)c1ccc2oc(=O)c(-c3nc4ccccc4s3)cc2c1,CC(=O)c1ccc(F)cc1Br,CCN(C(C)C)C(C)C,Cc1ccc(-c2nc3ccccc3o2)cc1,CC(C)(C)c1ccnc(-c2cc(C(C)(C)C)ccn2)c1,O.[Cl][Ir]([Cl])[Cl],CS(C)=O,CN(C)C=O,18000.0,445.0,98.3681869506836
CCN(CC)c1ccc2oc(=O)c(-c3nc4ccccc4s3)cc2c1,CC(=O)c1ccc(F)cc1Br,CCN(C(C)C)C(C)C,COc1ccc(-c2ccc(C)cn2)cc1,Cc1ccnc2c1ccc1c(C)ccnc12,O.[Cl][Ir]([Cl])[Cl],CS(C)=O,CN(C)C=O,18000.0,445.0,97.17524719238281
CCN(CC)c1ccc2oc(=O)c(-c3nc4ccccc4s3)cc2c1,CC(=O)c1ccc(F)cc1Br,CCN(C(C)C)C(C)C,COc1cccc(-c2cc(-c3ccccc3)ccn2)c1,Cc1ccnc(-c2cc(C)ccn2)c1,O.[Cl][Ir]([Cl])[Cl],CS(C)=O,CN(C)C=O,18000.0,445.0,0.005350000225007534
CCN(CC)c1ccc2oc(=O)c(-c3nc4ccccc4s3)cc2c1,CC(=O)c1ccc(F)cc1Br,CCN(C(C)C)C(C)C,Cc1ccc(-c2ccc(C#N)cc2)nc1,CCCCCCCCCc1ccnc(-c2cc(CCCCCCCCC)ccn2)c1,O.[Cl][Ir]([Cl])[Cl],CS(C)=O,CN(C)C=O,18000.0,445.0,94.0146484375
CCN(CC)c1ccc2oc(=O)c(-c3nc4ccccc4s3)cc2c1,CC(=O)c1ccc(F)cc1Br,CCN(C(C)C)C(C)C,CCc1ccc(-c2ccccc2)nc1,CC(C)(O)Cc1ccc(-c2ccc(CC(C)(C)O)cn2)nc1,O.[Cl][Ir]([Cl])[Cl],CS(C)=O,CN(C)C=O,18000.0,445.0,99.95206451416016
CCN(CC)c1ccc2oc(=O)c(-c3nc4ccccc4s3)cc2c1,CC(=O)c1ccc(F)cc1Br,CCN(C(C)C)C(C)C,COc1ccc(-c2nc3ccccc3o2)cc1,c1ccc(-c2ccnc(-c3cc(-c4ccccc4)ccn3)c2)cc1,O.[Cl][Ir]([Cl])[Cl],CS(C)=O,CN(C)C=O,18000.0,445.0,72.02444458007812
CCN(CC)c1ccc2oc(=O)c(-c3nc4ccccc4s3)cc2c1,CC(=O)c1ccc(F)cc1Br,CCN(C(C)C)C(C)C,c1ccc2c(c1)ccc1cccnc12,O=C1C(=O)c2cccnc2-c2ncccc21,O.[Cl][Ir]([Cl])[Cl],CS(C)=O,CN(C)C=O,18000.0,445.0,64.9727554321289
CCN(CC)c1ccc2oc(=O)c(-c3nc4ccccc4s3)cc2c1,CC(=O)c1ccc(F)cc1Br,CCN(C(C)C)C(C)C,c1ccc(-c2nc3ccccc3s2)cc1,CC1(C)C(=O)C(C)(C)c2c1c1cccnc1c1ncccc21,O.[Cl][Ir]([Cl])[Cl],CS(C)=O,CN(C)C=O,18000.0,445.0,99.73799896240234
CCN(CC)c1ccc2oc(=O)c(-c3nc4ccccc4s3)cc2c1,CC(=O)c1ccc(F)cc1Br,CCN(C(C)C)C(C)C,FC(F)(F)c1ccc(-c2nc3ccccc3s2)cc1,Cc1cccc(-c2cccc(C)n2)n1,O.[Cl][Ir]([Cl])[Cl],CS(C)=O,CN(C)C=O,18000.0,445.0,57.22541427612305
CCN(CC)c1ccc2oc(=O)c(-c3nc4ccccc4s3)cc2c1,CC(=O)c1ccc(F)cc1Br,CCN(C(C)C)C(C)C,Cc1ccc(-c2ccc(Cl)cc2)nc1,CS(C)=O,O.[Cl][Ir]([Cl])[Cl],CS(C)=O,CN(C)C=O,18000.0,445.0,39.06618118286133
CCN(CC)c1ccc2oc(=O)c(-c3nc4ccccc4s3)cc2c1,CC(=O)c1ccc(F)cc1Br,CCN(C(C)C)C(C)C,COc1ccc(-c2cc(-c3ccccc3)c(C)cn2)cc1,O=C(O)c1ccnc(-c2cc(C(=O)O)ccn2)c1,O.[Cl][Ir]([Cl])[Cl],CS(C)=O,CN(C)C=O,18000.0,445.0,99.98658752441406
CCN(CC)c1ccc2oc(=O)c(-c3nc4ccccc4s3)cc2c1,CC(=O)c1ccc(F)cc1Br,CCN(C(C)C)C(C)C,Cc1ccc(-c2nc3ccccc3o2)cc1,c1ccc(-c2ccnc3c2ccc2c(-c4ccccc4)ccnc23)cc1,O.[Cl][Ir]([Cl])[Cl],CS(C)=O,CN(C)C=O,18000.0,445.0,99.87538146972656
CCN(CC)c1ccc2oc(=O)c(-c3nc4ccccc4s3)cc2c1,CC(=O)c1ccc(F)cc1Br,CCN(C(C)C)C(C)C,Fc1ccc(-c2cc(-c3ccccc3)ccn2)cc1,CC1(C)C(=O)C(C)(C)c2c1c1cccnc1c1ncccc21,O.[Cl][Ir]([Cl])[Cl],CS(C)=O,CN(C)C=O,18000.0,445.0,99.87538146972656
CCN(CC)c1ccc2oc(=O)c(-c3nc4ccccc4s3)cc2c1,CC(=O)c1ccc(F)cc1Br,CCN(C(C)C)C(C)C,c1ccc(-n2cccn2)cc1,FC(F)(F)c1ccc(-c2ccc(C(F)(F)F)cn2)nc1,O.[Cl][Ir]([Cl])[Cl],CS(C)=O,CN(C)C=O,18000.0,445.0,0.005350000225007534
CCN(CC)c1ccc2oc(=O)c(-c3nc4ccccc4s3)cc2c1,CC(=O)c1ccc(F)cc1Br,CCN(C(C)C)C(C)C,CCc1ccc(-c2cccc(OC)c2)nc1,c1cnc2c(c1)ccc1cccnc12,O.[Cl][Ir]([Cl])[Cl],CS(C)=O,CN(C)C=O,18000.0,445.0,0.005350000225007534
CCN(CC)c1ccc2oc(=O)c(-c3nc4ccccc4s3)cc2c1,CC(=O)c1ccc(F)cc1Br,CCN(C(C)C)C(C)C,Fc1ccc(-c2nc3ccccc3o2)cc1,Cc1ccc(-c2ccc(C)cn2)nc1,O.[Cl][Ir]([Cl])[Cl],CS(C)=O,CN(C)C=O,18000.0,445.0,49.63699722290039
CCN(CC)c1ccc2oc(=O)c(-c3nc4ccccc4s3)cc2c1,CC(=O)c1ccc(F)cc1Br,CCN(C(C)C)C(C)C,Fc1ccc(-c2cc(-c3ccccc3)ccn2)cc1,Cc1cc(-c2ccccc2)c2ccc3c(-c4ccccc4)cc(C)nc3c2n1,O.[Cl][Ir]([Cl])[Cl],CS(C)=O,CN(C)C=O,18000.0,445.0,99.98658752441406
CCN(CC)c1ccc2oc(=O)c(-c3nc4ccccc4s3)cc2c1,CC(=O)c1ccc(F)cc1Br,CCN(C(C)C)C(C)C,CCc1ccc(-c2ccccc2)nc1,Cc1ccnc(-c2cc(C)ccn2)c1,O.[Cl][Ir]([Cl])[Cl],CS(C)=O,CN(C)C=O,18000.0,445.0,99.87538146972656
CCN(CC)c1ccc2oc(=O)c(-c3nc4ccccc4s3)cc2c1,CC(=O)c1ccc(F)cc1Br,CCN(C(C)C)C(C)C,c1ccc2cc(-c3nc4ccccc4o3)ccc2c1,CCCCCCCCCc1ccnc(-c2cc(CCCCCCCCC)ccn2)c1,O.[Cl][Ir]([Cl])[Cl],CS(C)=O,CN(C)C=O,18000.0,445.0,97.810546875
CCN(CC)c1ccc2oc(=O)c(-c3nc4ccccc4s3)cc2c1,CC(=O)c1ccc(F)cc1Br,CCN(C(C)C)C(C)C,Cc1ccc(-c2cccc(F)c2)nc1,c1ccc(-c2ccnc3c2ccc2c(-c4ccccc4)ccnc23)cc1,O.[Cl][Ir]([Cl])[Cl],CS(C)=O,CN(C)C=O,18000.0,445.0,99.98658752441406
CCN(CC)c1ccc2oc(=O)c(-c3nc4ccccc4s3)cc2c1,CC(=O)c1ccc(F)cc1Br,CCN(C(C)C)C(C)C,CCc1ccc(-c2cccc(OC)c2)nc1,CC(C)(O)Cc1ccc(-c2ccc(CC(C)(C)O)cn2)nc1,O.[Cl][Ir]([Cl])[Cl],CS(C)=O,CN(C)C=O,18000.0,445.0,0.005350000225007534
CCN(CC)c1ccc2oc(=O)c(-c3nc4ccccc4s3)cc2c1,CC(=O)c1ccc(F)cc1Br,CCN(C(C)C)C(C)C,COc1ccc(-c2cc(-c3ccccc3)c(C)cn2)cc1,CCCCCCCCCc1ccnc(-c2cc(CCCCCCCCC)ccn2)c1,O.[Cl][Ir]([Cl])[Cl],CS(C)=O,CN(C)C=O,18000.0,445.0,99.87538146972656
CCN(CC)c1ccc2oc(=O)c(-c3nc4ccccc4s3)cc2c1,CC(=O)c1ccc(F)cc1Br,CCN(C(C)C)C(C)C,c1ccc(-c2nc3ccccc3o2)cc1,O=C(O)c1ccnc(-c2cc(C(=O)O)ccn2)c1,O.[Cl][Ir]([Cl])[Cl],CS(C)=O,CN(C)C=O,18000.0,445.0,99.73799896240234
CCN(CC)c1ccc2oc(=O)c(-c3nc4ccccc4s3)cc2c1,CC(=O)c1ccc(F)cc1Br,CCN(C(C)C)C(C)C,Cc1ccc(-c2ccc(Cl)cc2)nc1,Cc1ccc(-c2ccc(C)cn2)nc1,O.[Cl][Ir]([Cl])[Cl],CS(C)=O,CN(C)C=O,18000.0,445.0,94.88140869140625
CCN(CC)c1ccc2oc(=O)c(-c3nc4ccccc4s3)cc2c1,CC(=O)c1ccc(F)cc1Br,CCN(C(C)C)C(C)C,Cc1ccc(-c2ccc(F)cc2F)nc1,CS(C)=O,O.[Cl][Ir]([Cl])[Cl],CS(C)=O,CN(C)C=O,18000.0,445.0,0.005350000225007534
CCN(CC)c1ccc2oc(=O)c(-c3nc4ccccc4s3)cc2c1,CC(=O)c1ccc(F)cc1Br,CCN(C(C)C)C(C)C,Clc1ccc(-c2nc3ccccc3s2)cc1,FC(F)(F)c1ccc(-c2ccc(C(F)(F)F)cn2)nc1,O.[Cl][Ir]([Cl])[Cl],CS(C)=O,CN(C)C=O,18000.0,445.0,62.870697021484375
CCN(CC)c1ccc2oc(=O)c(-c3nc4ccccc4s3)cc2c1,CC(=O)c1ccc(F)cc1Br,CCN(C(C)C)C(C)C,c1ccc(-c2ccnc(-c3ccc4ccccc4c3)c2)cc1,c1cnc2c(c1)ccc1cccnc12,O.[Cl][Ir]([Cl])[Cl],CS(C)=O,CN(C)C=O,18000.0,445.0,56.654048919677734
CCN(CC)c1ccc2oc(=O)c(-c3nc4ccccc4s3)cc2c1,CC(=O)c1ccc(F)cc1Br,CCN(C(C)C)C(C)C,Cc1ccc(-c2nc3ccccc3o2)cc1,c1cnc2c(c1)ccc1cccnc12,O.[Cl][Ir]([Cl])[Cl],CS(C)=O,CN(C)C=O,18000.0,445.0,85.20319366455078
CCN(CC)c1ccc2oc(=O)c(-c3nc4ccccc4s3)cc2c1,CC(=O)c1ccc(F)cc1Br,CCN(C(C)C)C(C)C,Fc1ccc(-c2nc3ccccc3o2)cc1,CS(C)=O,O.[Cl][Ir]([Cl])[Cl],CS(C)=O,CN(C)C=O,18000.0,445.0,0.005350000225007534
CCN(CC)c1ccc2oc(=O)c(-c3nc4ccccc4s3)cc2c1,CC(=O)c1ccc(F)cc1Br,CCN(C(C)C)C(C)C,c1ccc(Cc2ccccn2)cc1,Cc1cc2cccnc2c2ncccc12,O.[Cl][Ir]([Cl])[Cl],CS(C)=O,CN(C)C=O,18000.0,445.0,99.22785186767578
CCN(CC)c1ccc2oc(=O)c(-c3nc4ccccc4s3)cc2c1,CC(=O)c1ccc(F)cc1Br,CCN(C(C)C)C(C)C,c1ccc(-c2nc3ccccc3o2)cc1,FC(F)(F)c1ccc(-c2ccc(C(F)(F)F)cn2)nc1,O.[Cl][Ir]([Cl])[Cl],CS(C)=O,CN(C)C=O,18000.0,445.0,67.96446228027344
CCN(CC)c1ccc2oc(=O)c(-c3nc4ccccc4s3)cc2c1,CC(=O)c1ccc(F)cc1Br,CCN(C(C)C)C(C)C,CCc1ccc(-c2cccc(OC)c2)nc1,c1ccc(-c2ccnc(-c3cc(-c4ccccc4)ccn3)c2)cc1,O.[Cl][Ir]([Cl])[Cl],CS(C)=O,CN(C)C=O,18000.0,445.0,0.005350000225007534
CCN(CC)c1ccc2oc(=O)c(-c3nc4ccccc4s3)cc2c1,CC(=O)c1ccc(F)cc1Br,CCN(C(C)C)C(C)C,COc1cccc(-c2ccc(C)cn2)c1,O=C1C(=O)c2cccnc2-c2ncccc21,O.[Cl][Ir]([Cl])[Cl],CS(C)=O,CN(C)C=O,18000.0,445.0,0.005350000225007534
CCN(CC)c1ccc2oc(=O)c(-c3nc4ccccc4s3)cc2c1,CC(=O)c1ccc(F)cc1Br,CCN(C(C)C)C(C)C,FC(F)(F)c1ccc(-c2nc3ccccc3o2)cc1,Cc1cnc2c(ccc3c(C)c(C)cnc32)c1C,O.[Cl][Ir]([Cl])[Cl],CS(C)=O,CN(C)C=O,18000.0,445.0,74.63568115234375
CCN(CC)c1ccc2oc(=O)c(-c3nc4ccccc4s3)cc2c1,CC(=O)c1ccc(F)cc1Br,CCN(C(C)C)C(C)C,CCc1ccc(-c2ccccc2)nc1,Cc1ccnc2c1ccc1c(C)ccnc12,O.[Cl][Ir]([Cl])[Cl],CS(C)=O,CN(C)C=O,18000.0,445.0,99.73799896240234
CCN(CC)c1ccc2oc(=O)c(-c3nc4ccccc4s3)cc2c1,CC(=O)c1ccc(F)cc1Br,CCN(C(C)C)C(C)C,c1ccc2c(c1)ccc1cccnc12,COc1ccnc(-c2cc(OC)ccn2)c1,O.[Cl][Ir]([Cl])[Cl],CS(C)=O,CN(C)C=O,18000.0,445.0,98.84195709228516
CCN(CC)c1ccc2oc(=O)c(-c3nc4ccccc4s3)cc2c1,CC(=O)c1ccc(F)cc1Br,CCN(C(C)C)C(C)C,c1ccc2c(c1)ccc1cccnc12,CC1(C)C(=O)C(C)(C)c2c1c1cccnc1c1ncccc21,O.[Cl][Ir]([Cl])[Cl],CS(C)=O,CN(C)C=O,18000.0,445.0,96.46984100341797
CCN(CC)c1ccc2oc(=O)c(-c3nc4ccccc4s3)cc2c1,CC(=O)c1ccc(F)cc1Br,CCN(C(C)C)C(C)C,COc1cccc(-c2cc(-c3ccccc3)c(C)cn2)c1,CS(C)=O,O.[Cl][Ir]([Cl])[Cl],CS(C)=O,CN(C)C=O,18000.0,445.0,0.005350000225007534
CCN(CC)c1ccc2oc(=O)c(-c3nc4ccccc4s3)cc2c1,CC(=O)c1ccc(F)cc1Br,CCN(C(C)C)C(C)C,COc1ccc(-c2cc(-c3ccccc3)c(C)cn2)cc1,CC(C)(O)Cc1ccc(-c2ccc(CC(C)(C)O)cn2)nc1,O.[Cl][Ir]([Cl])[Cl],CS(C)=O,CN(C)C=O,18000.0,445.0,99.73799896240234
CCN(CC)c1ccc2oc(=O)c(-c3nc4ccccc4s3)cc2c1,CC(=O)c1ccc(F)cc1Br,CCN(C(C)C)C(C)C,CCc1ccc(-c2ccc(Cl)cc2)nc1,Cc1cc(-c2ccccc2)c2ccc3c(-c4ccccc4)cc(C)nc3c2n1,O.[Cl][Ir]([Cl])[Cl],CS(C)=O,CN(C)C=O,18000.0,445.0,98.3681869506836
CCN(CC)c1ccc2oc(=O)c(-c3nc4ccccc4s3)cc2c1,CC(=O)c1ccc(F)cc1Br,CCN(C(C)C)C(C)C,Cc1ccc(-c2ccc(F)c(C(F)(F)F)c2)nc1,O=C1c2cccnc2-c2ncccc21,O.[Cl][Ir]([Cl])[Cl],CS(C)=O,CN(C)C=O,18000.0,445.0,0.005350000225007534
CCN(CC)c1ccc2oc(=O)c(-c3nc4ccccc4s3)cc2c1,CC(=O)c1ccc(F)cc1Br,CCN(C(C)C)C(C)C,Cc1ccc(-c2ccc(C)cn2)cc1,CC1(C)C(=O)C(C)(C)c2c1c1cccnc1c1ncccc21,O.[Cl][Ir]([Cl])[Cl],CS(C)=O,CN(C)C=O,18000.0,445.0,84.19541931152344
CCN(CC)c1ccc2oc(=O)c(-c3nc4ccccc4s3)cc2c1,CC(=O)c1ccc(F)cc1Br,CCN(C(C)C)C(C)C,COc1ccc(-c2cc(-c3ccccc3)ccn2)cc1,CC1(C)C(=O)C(C)(C)c2c1c1cccnc1c1ncccc21,O.[Cl][Ir]([Cl])[Cl],CS(C)=O,CN(C)C=O,18000.0,445.0,99.73799896240234
CCN(CC)c1ccc2oc(=O)c(-c3nc4ccccc4s3)cc2c1,CC(=O)c1ccc(F)cc1Br,CCN(C(C)C)C(C)C,COc1ccc(-c2cc(-c3ccccc3)ccn2)cc1,Cc1ccc(-c2ccc(C)cn2)nc1,O.[Cl][Ir]([Cl])[Cl],CS(C)=O,CN(C)C=O,18000.0,445.0,99.5252456665039
CCN(CC)c1ccc2oc(=O)c(-c3nc4ccccc4s3)cc2c1,CC(=O)c1ccc(F)cc1Br,CCN(C(C)C)C(C)C,FC(F)(F)Oc1ccc(-c2nc3ccccc3s2)cc1,Cc1ccc2ccc3ccc(C)nc3c2n1,O.[Cl][Ir]([Cl])[Cl],CS(C)=O,CN(C)C=O,18000.0,445.0,84.19541931152344
CCN(CC)c1ccc2oc(=O)c(-c3nc4ccccc4s3)cc2c1,CC(=O)c1ccc(F)cc1Br,CCN(C(C)C)C(C)C,Cc1ccc(-c2ccc(OC(F)(F)F)cc2)nc1,c1cnc2c(c1)ccc1cccnc12,O.[Cl][Ir]([Cl])[Cl],CS(C)=O,CN(C)C=O,18000.0,445.0,97.17524719238281
CCN(CC)c1ccc2oc(=O)c(-c3nc4ccccc4s3)cc2c1,CC(=O)c1ccc(F)cc1Br,CCN(C(C)C)C(C)C,COc1cccc(-c2ccc(C)cn2)c1,CC(C)(O)Cc1ccc(-c2ccc(CC(C)(C)O)cn2)nc1,O.[Cl][Ir]([Cl])[Cl],CS(C)=O,CN(C)C=O,18000.0,445.0,0.005350000225007534
CCN(CC)c1ccc2oc(=O)c(-c3nc4ccccc4s3)cc2c1,CC(=O)c1ccc(F)cc1Br,CCN(C(C)C)C(C)C,CCc1ccc(-c2ccc(Cl)cc2)nc1,O=C(O)c1ccnc(-c2cc(C(=O)O)ccn2)c1,O.[Cl][Ir]([Cl])[Cl],CS(C)=O,CN(C)C=O,18000.0,445.0,99.5252456665039
CCN(CC)c1ccc2oc(=O)c(-c3nc4ccccc4s3)cc2c1,CC(=O)c1ccc(F)cc1Br,CCN(C(C)C)C(C)C,Cc1ccc(-c2ccc(Cl)cc2)nc1,Cc1ccc2ccc3ccc(C)nc3c2n1,O.[Cl][Ir]([Cl])[Cl],CS(C)=O,CN(C)C=O,18000.0,445.0,75.53501892089844
CCN(CC)c1ccc2oc(=O)c(-c3nc4ccccc4s3)cc2c1,CC(=O)c1ccc(F)cc1Br,CCN(C(C)C)C(C)C,c1ccc(-c2ccccn2)cc1,c1ccc(-c2ccnc3c2ccc2c(-c4ccccc4)ccnc23)cc1,O.[Cl][Ir]([Cl])[Cl],CS(C)=O,CN(C)C=O,18000.0,445.0,99.98658752441406
CCN(CC)c1ccc2oc(=O)c(-c3nc4ccccc4s3)cc2c1,CC(=O)c1ccc(F)cc1Br,CCN(C(C)C)C(C)C,COc1cccc(-c2cc(-c3ccccc3)ccn2)c1,O=C1C(=O)c2cccnc2-c2ncccc21,O.[Cl][Ir]([Cl])[Cl],CS(C)=O,CN(C)C=O,18000.0,445.0,0.005350000225007534
CCN(CC)c1ccc2oc(=O)c(-c3nc4ccccc4s3)cc2c1,CC(=O)c1ccc(F)cc1Br,CCN(C(C)C)C(C)C,Fc1ccc(-c2nc3ccccc3o2)cc1,Cc1cc(-c2ccccc2)c2ccc3c(-c4ccccc4)cc(C)nc3c2n1,O.[Cl][Ir]([Cl])[Cl],CS(C)=O,CN(C)C=O,18000.0,445.0,27.693050384521484
CCN(CC)c1ccc2oc(=O)c(-c3nc4ccccc4s3)cc2c1,CC(=O)c1ccc(F)cc1Br,CCN(C(C)C)C(C)C,Fc1ccc(-c2cc(-c3ccccc3)ccn2)cc1,CCCCCCCCCc1ccnc(-c2cc(CCCCCCCCC)ccn2)c1,O.[Cl][Ir]([Cl])[Cl],CS(C)=O,CN(C)C=O,18000.0,445.0,99.98658752441406
CCN(CC)c1ccc2oc(=O)c(-c3nc4ccccc4s3)cc2c1,CC(=O)c1ccc(F)cc1Br,CCN(C(C)C)C(C)C,Cc1ccc(-c2ccc(C)cn2)cc1,c1ccc2nc(-c3ccc4ccccc4n3)ccc2c1,O.[Cl][Ir]([Cl])[Cl],CS(C)=O,CN(C)C=O,18000.0,445.0,0.005350000225007534
CCN(CC)c1ccc2oc(=O)c(-c3nc4ccccc4s3)cc2c1,CC(=O)c1ccc(F)cc1Br,CCN(C(C)C)C(C)C,Fc1ccc(-c2nc3ccccc3o2)cc1,Cc1ccnc(-c2cc(C)ccn2)c1,O.[Cl][Ir]([Cl])[Cl],CS(C)=O,CN(C)C=O,18000.0,445.0,82.19776916503906
CCN(CC)c1ccc2oc(=O)c(-c3nc4ccccc4s3)cc2c1,CC(=O)c1ccc(F)cc1Br,CCN(C(C)C)C(C)C,Cc1ccc(-c2cccc(F)c2)nc1,c1ccc2nc(-c3ccc4ccccc4n3)ccc2c1,O.[Cl][Ir]([Cl])[Cl],CS(C)=O,CN(C)C=O,18000.0,445.0,77.37570190429688
CCN(CC)c1ccc2oc(=O)c(-c3nc4ccccc4s3)cc2c1,CC(=O)c1ccc(F)cc1Br,CCN(C(C)C)C(C)C,Cc1ccc(-c2ccc(-c3ccccc3)cc2)nc1,Cc1cnc2c(ccc3c(C)c(C)cnc32)c1C,O.[Cl][Ir]([Cl])[Cl],CS(C)=O,CN(C)C=O,18000.0,445.0,97.810546875
CCN(CC)c1ccc2oc(=O)c(-c3nc4ccccc4s3)cc2c1,CC(=O)c1ccc(F)cc1Br,CCN(C(C)C)C(C)C,Cc1ccc(-c2ccc(OC(F)(F)F)cc2)nc1,Cc1ccnc2c1ccc1c(C)ccnc12,O.[Cl][Ir]([Cl])[Cl],CS(C)=O,CN(C)C=O,18000.0,445.0,67.96446228027344
CCN(CC)c1ccc2oc(=O)c(-c3nc4ccccc4s3)cc2c1,CC(=O)c1ccc(F)cc1Br,CCN(C(C)C)C(C)C,Cc1ccc(-c2ccc(F)c(C(F)(F)F)c2)nc1,c1ccc2nc(-c3ccc4ccccc4n3)ccc2c1,O.[Cl][Ir]([Cl])[Cl],CS(C)=O,CN(C)C=O,18000.0,445.0,0.005350000225007534
CCN(CC)c1ccc2oc(=O)c(-c3nc4ccccc4s3)cc2c1,CC(=O)c1ccc(F)cc1Br,CCN(C(C)C)C(C)C,Cc1ccc(-c2ccc(N(c3ccccc3)c3ccccc3)cc2)nc1,CC(C)(C)c1ccnc(-c2cc(C(C)(C)C)ccn2)c1,O.[Cl][Ir]([Cl])[Cl],CS(C)=O,CN(C)C=O,18000.0,445.0,28.572397232055664
CCN(CC)c1ccc2oc(=O)c(-c3nc4ccccc4s3)cc2c1,CC(=O)c1ccc(F)cc1Br,CCN(C(C)C)C(C)C,COc1ccc(-c2nc3ccccc3o2)cc1,Cc1cnc2c(ccc3c(C)c(C)cnc32)c1C,O.[Cl][Ir]([Cl])[Cl],CS(C)=O,CN(C)C=O,18000.0,445.0,74.63568115234375
CCN(CC)c1ccc2oc(=O)c(-c3nc4ccccc4s3)cc2c1,CC(=O)c1ccc(F)cc1Br,CCN(C(C)C)C(C)C,Clc1ccc(-c2nc3ccccc3o2)cc1,O=C1C(=O)c2cccnc2-c2ncccc21,O.[Cl][Ir]([Cl])[Cl],CS(C)=O,CN(C)C=O,18000.0,445.0,84.19541931152344
CCN(CC)c1ccc2oc(=O)c(-c3nc4ccccc4s3)cc2c1,CC(=O)c1ccc(F)cc1Br,CCN(C(C)C)C(C)C,Cc1ccc(-c2ccc(-c3ccccc3)cc2)nc1,FC(F)(F)c1ccc(-c2ccc(C(F)(F)F)cn2)nc1,O.[Cl][Ir]([Cl])[Cl],CS(C)=O,CN(C)C=O,18000.0,445.0,0.005350000225007534
CCN(CC)c1ccc2oc(=O)c(-c3nc4ccccc4s3)cc2c1,CC(=O)c1ccc(F)cc1Br,CCN(C(C)C)C(C)C,c1ccc(Cc2ccccn2)cc1,c1ccc2nc(-c3ccc4ccccc4n3)ccc2c1,O.[Cl][Ir]([Cl])[Cl],CS(C)=O,CN(C)C=O,18000.0,445.0,0.005350000225007534
CCN(CC)c1ccc2oc(=O)c(-c3nc4ccccc4s3)cc2c1,CC(=O)c1ccc(F)cc1Br,CCN(C(C)C)C(C)C,Cc1ccc(-c2ccc(N(c3ccccc3)c3ccccc3)cc2)nc1,CC1(C)C(=O)C(C)(C)c2c1c1cccnc1c1ncccc21,O.[Cl][Ir]([Cl])[Cl],CS(C)=O,CN(C)C=O,18000.0,445.0,0.005350000225007534
CCN(CC)c1ccc2oc(=O)c(-c3nc4ccccc4s3)cc2c1,CC(=O)c1ccc(F)cc1Br,CCN(C(C)C)C(C)C,Cc1ccc(-c2ccc(OC(F)(F)F)cc2)nc1,Cc1cccc(-c2cccc(C)n2)n1,O.[Cl][Ir]([Cl])[Cl],CS(C)=O,CN(C)C=O,18000.0,445.0,0.005350000225007534
CCN(CC)c1ccc2oc(=O)c(-c3nc4ccccc4s3)cc2c1,CC(=O)c1ccc(F)cc1Br,CCN(C(C)C)C(C)C,Cc1ccc(-c2ccc(C)cn2)cc1,c1ccc(-c2ccnc(-c3cc(-c4ccccc4)ccn3)c2)cc1,O.[Cl][Ir]([Cl])[Cl],CS(C)=O,CN(C)C=O,18000.0,445.0,85.20319366455078
CCN(CC)c1ccc2oc(=O)c(-c3nc4ccccc4s3)cc2c1,CC(=O)c1ccc(F)cc1Br,CCN(C(C)C)C(C)C,c1ccc(-c2ccc(-c3cc(-c4ccccc4)ccn3)cc2)cc1,c1ccc(-c2ccnc(-c3cc(-c4ccccc4)ccn3)c2)cc1,O.[Cl][Ir]([Cl])[Cl],CS(C)=O,CN(C)C=O,18000.0,445.0,99.73799896240234
CCN(CC)c1ccc2oc(=O)c(-c3nc4ccccc4s3)cc2c1,CC(=O)c1ccc(F)cc1Br,CCN(C(C)C)C(C)C,Cc1ccc(-c2nc3ccccc3o2)cc1,c1ccc(-c2ccccn2)nc1,O.[Cl][Ir]([Cl])[Cl],CS(C)=O,CN(C)C=O,18000.0,445.0,88.23509979248047
CCN(CC)c1ccc2oc(=O)c(-c3nc4ccccc4s3)cc2c1,CC(=O)c1ccc(F)cc1Br,CCN(C(C)C)C(C)C,Cc1cnc(-c2ccccc2)cc1-c1ccccc1,O=C1C(=O)c2cccnc2-c2ncccc21,O.[Cl][Ir]([Cl])[Cl],CS(C)=O,CN(C)C=O,18000.0,445.0,73.75070190429688
CCN(CC)c1ccc2oc(=O)c(-c3nc4ccccc4s3)cc2c1,CC(=O)c1ccc(F)cc1Br,CCN(C(C)C)C(C)C,COc1cccc(-c2ccc(C)cn2)c1,Cc1ccnc(-c2cc(C)ccn2)c1,O.[Cl][Ir]([Cl])[Cl],CS(C)=O,CN(C)C=O,18000.0,445.0,0.005350000225007534
CCN(CC)c1ccc2oc(=O)c(-c3nc4ccccc4s3)cc2c1,CC(=O)c1ccc(F)cc1Br,CCN(C(C)C)C(C)C,Cc1ccc(-c2ccccc2F)nc1,Cc1cc2cccnc2c2ncccc12,O.[Cl][Ir]([Cl])[Cl],CS(C)=O,CN(C)C=O,18000.0,445.0,99.22785186767578
CCN(CC)c1ccc2oc(=O)c(-c3nc4ccccc4s3)cc2c1,CC(=O)c1ccc(F)cc1Br,CCN(C(C)C)C(C)C,c1ccc(-c2nc3ccccc3s2)cc1,c1ccc(-c2ccnc3c2ccc2c(-c4ccccc4)ccnc23)cc1,O.[Cl][Ir]([Cl])[Cl],CS(C)=O,CN(C)C=O,18000.0,445.0,99.73799896240234
CCN(CC)c1ccc2oc(=O)c(-c3nc4ccccc4s3)cc2c1,CC(=O)c1ccc(F)cc1Br,CCN(C(C)C)C(C)C,c1ccc(-c2ccccn2)cc1,Cc1cccc(-c2cccc(C)n2)n1,O.[Cl][Ir]([Cl])[Cl],CS(C)=O,CN(C)C=O,18000.0,445.0,0.005350000225007534
CCN(CC)c1ccc2oc(=O)c(-c3nc4ccccc4s3)cc2c1,CC(=O)c1ccc(F)cc1Br,CCN(C(C)C)C(C)C,c1ccc(-c2ccnc(-c3ccc(N4CCCC4)cc3)c2)cc1,c1ccc(-c2ccccn2)nc1,O.[Cl][Ir]([Cl])[Cl],CS(C)=O,CN(C)C=O,18000.0,445.0,88.23509979248047
CCN(CC)c1ccc2oc(=O)c(-c3nc4ccccc4s3)cc2c1,CC(=O)c1ccc(F)cc1Br,CCN(C(C)C)C(C)C,Cc1ccc(-c2ccc(S(C)(=O)=O)cc2)nc1,Cc1ccnc(-c2cc(C)ccn2)c1,O.[Cl][Ir]([Cl])[Cl],CS(C)=O,CN(C)C=O,18000.0,445.0,99.5252456665039
CCN(CC)c1ccc2oc(=O)c(-c3nc4ccccc4s3)cc2c1,CC(=O)c1ccc(F)cc1Br,CCN(C(C)C)C(C)C,c1ccc(-n2cccn2)cc1,O=C1C(=O)c2cccnc2-c2ncccc21,O.[Cl][Ir]([Cl])[Cl],CS(C)=O,CN(C)C=O,18000.0,445.0,56.09298324584961
CCN(CC)c1ccc2oc(=O)c(-c3nc4ccccc4s3)cc2c1,CC(=O)c1ccc(F)cc1Br,CCN(C(C)C)C(C)C,Cc1ccc(-c2ccc(F)c(C(F)(F)F)c2)nc1,CS(C)=O,O.[Cl][Ir]([Cl])[Cl],CS(C)=O,CN(C)C=O,18000.0,445.0,0.005350000225007534
CCN(CC)c1ccc2oc(=O)c(-c3nc4ccccc4s3)cc2c1,CC(=O)c1ccc(F)cc1Br,CCN(C(C)C)C(C)C,Cc1ccc(-c2ccc(S(C)(=O)=O)cc2)nc1,Cc1cnc2c(ccc3c(C)c(C)cnc32)c1C,O.[Cl][Ir]([Cl])[Cl],CS(C)=O,CN(C)C=O,18000.0,445.0,93.1097412109375
CCN(CC)c1ccc2oc(=O)c(-c3nc4ccccc4s3)cc2c1,CC(=O)c1ccc(F)cc1Br,CCN(C(C)C)C(C)C,Cc1ccc(-c2ccc(C#N)cc2)nc1,Cc1cccc(-c2cccc(C)n2)n1,O.[Cl][Ir]([Cl])[Cl],CS(C)=O,CN(C)C=O,18000.0,445.0,0.005350000225007534
CCN(CC)c1ccc2oc(=O)c(-c3nc4ccccc4s3)cc2c1,CC(=O)c1ccc(F)cc1Br,CCN(C(C)C)C(C)C,Cc1ccc(-c2ccccc2)nc1,O=C1c2cccnc2-c2ncccc21,O.[Cl][Ir]([Cl])[Cl],CS(C)=O,CN(C)C=O,18000.0,445.0,0.005350000225007534
CCN(CC)c1ccc2oc(=O)c(-c3nc4ccccc4s3)cc2c1,CC(=O)c1ccc(F)cc1Br,CCN(C(C)C)C(C)C,c1ccc(-c2nc3ccccc3s2)cc1,c1ccc(-c2ccccn2)nc1,O.[Cl][Ir]([Cl])[Cl],CS(C)=O,CN(C)C=O,18000.0,445.0,99.5252456665039
CCN(CC)c1ccc2oc(=O)c(-c3nc4ccccc4s3)cc2c1,CC(=O)c1ccc(F)cc1Br,CCN(C(C)C)C(C)C,CCc1ccc(-c2cccc(OC)c2)nc1,c1ccc2nc(-c3ccc4ccccc4n3)ccc2c1,O.[Cl][Ir]([Cl])[Cl],CS(C)=O,CN(C)C=O,18000.0,445.0,0.005350000225007534
CCN(CC)c1ccc2oc(=O)c(-c3nc4ccccc4s3)cc2c1,CC(=O)c1ccc(F)cc1Br,CCN(C(C)C)C(C)C,Cc1ccc(-c2ccc(F)cc2F)nc1,O=C(O)c1ccnc(-c2cc(C(=O)O)ccn2)c1,O.[Cl][Ir]([Cl])[Cl],CS(C)=O,CN(C)C=O,18000.0,445.0,97.810546875
CCN(CC)c1ccc2oc(=O)c(-c3nc4ccccc4s3)cc2c1,CC(=O)c1ccc(F)cc1Br,CCN(C(C)C)C(C)C,c1ccc(-c2ccccn2)cc1,c1ccc(-c2ccccn2)nc1,O.[Cl][Ir]([Cl])[Cl],CS(C)=O,CN(C)C=O,18000.0,445.0,69.54489135742188
CCN(CC)c1ccc2oc(=O)c(-c3nc4ccccc4s3)cc2c1,CC(=O)c1ccc(F)cc1Br,CCN(C(C)C)C(C)C,Cc1ccc(-c2ccc(F)cc2)nc1,CCCCCCCCCc1ccnc(-c2cc(CCCCCCCCC)ccn2)c1,O.[Cl][Ir]([Cl])[Cl],CS(C)=O,CN(C)C=O,18000.0,445.0,91.21280670166016
CCN(CC)c1ccc2oc(=O)c(-c3nc4ccccc4s3)cc2c1,CC(=O)c1ccc(F)cc1Br,CCN(C(C)C)C(C)C,Cc1ccc(-c2ccccc2F)nc1,Cc1ccnc2c1ccc1cccnc12,O.[Cl][Ir]([Cl])[Cl],CS(C)=O,CN(C)C=O,18000.0,445.0,94.0146484375
CCN(CC)c1ccc2oc(=O)c(-c3nc4ccccc4s3)cc2c1,CC(=O)c1ccc(F)cc1Br,CCN(C(C)C)C(C)C,Cc1ccc(-c2ccc(C)cn2)cc1,CC(C)(C)c1ccnc(-c2cc(C(C)(C)C)ccn2)c1,O.[Cl][Ir]([Cl])[Cl],CS(C)=O,CN(C)C=O,18000.0,445.0,89.2387466430664
CCN(CC)c1ccc2oc(=O)c(-c3nc4ccccc4s3)cc2c1,CC(=O)c1ccc(F)cc1Br,CCN(C(C)C)C(C)C,c1ccc2cc(-c3nc4ccccc4o3)ccc2c1,c1ccc(-c2ccccn2)nc1,O.[Cl][Ir]([Cl])[Cl],CS(C)=O,CN(C)C=O,18000.0,445.0,98.3681869506836
CCN(CC)c1ccc2oc(=O)c(-c3nc4ccccc4s3)cc2c1,CC(=O)c1ccc(F)cc1Br,CCN(C(C)C)C(C)C,Cc1ccc(-c2ccc(N(c3ccccc3)c3ccccc3)cc2)nc1,FC(F)(F)c1ccc(-c2ccc(C(F)(F)F)cn2)nc1,O.[Cl][Ir]([Cl])[Cl],CS(C)=O,CN(C)C=O,18000.0,445.0,0.005350000225007534
CCN(CC)c1ccc2oc(=O)c(-c3nc4ccccc4s3)cc2c1,CC(=O)c1ccc(F)cc1Br,CCN(C(C)C)C(C)C,Cc1ccc(-c2ccccc2)nc1,COc1ccnc(-c2cc(OC)ccn2)c1,O.[Cl][Ir]([Cl])[Cl],CS(C)=O,CN(C)C=O,18000.0,445.0,95.70247650146484
CCN(CC)c1ccc2oc(=O)c(-c3nc4ccccc4s3)cc2c1,CC(=O)c1ccc(F)cc1Br,CCN(C(C)C)C(C)C,Cc1ccc(-c2ccc(S(C)(=O)=O)cc2)nc1,Cc1ccc(-c2ccc(C)cn2)nc1,O.[Cl][Ir]([Cl])[Cl],CS(C)=O,CN(C)C=O,18000.0,445.0,94.88140869140625
CCN(CC)c1ccc2oc(=O)c(-c3nc4ccccc4s3)cc2c1,CC(=O)c1ccc(F)cc1Br,CCN(C(C)C)C(C)C,Clc1ccc(-c2nc3ccccc3s2)cc1,Cc1ccnc2c1ccc1cccnc12,O.[Cl][Ir]([Cl])[Cl],CS(C)=O,CN(C)C=O,18000.0,445.0,99.87538146972656
CCN(CC)c1ccc2oc(=O)c(-c3nc4ccccc4s3)cc2c1,CC(=O)c1ccc(F)cc1Br,CCN(C(C)C)C(C)C,COc1ccc(-c2cc(-c3ccccc3)c(C)cn2)cc1,COc1ccnc(-c2cc(OC)ccn2)c1,O.[Cl][Ir]([Cl])[Cl],CS(C)=O,CN(C)C=O,18000.0,445.0,98.84195709228516
CCN(CC)c1ccc2oc(=O)c(-c3nc4ccccc4s3)cc2c1,CC(=O)c1ccc(F)cc1Br,CCN(C(C)C)C(C)C,Cc1ccc(-c2cccc(C#N)c2)nc1,Cc1ccnc(-c2cc(C)ccn2)c1,O.[Cl][Ir]([Cl])[Cl],CS(C)=O,CN(C)C=O,18000.0,445.0,73.75070190429688
CCN(CC)c1ccc2oc(=O)c(-c3nc4ccccc4s3)cc2c1,CC(=O)c1ccc(F)cc1Br,CCN(C(C)C)C(C)C,Fc1ccc(-c2ccccn2)cc1,Cc1cnc2c(ccc3c(C)c(C)cnc32)c1C,O.[Cl][Ir]([Cl])[Cl],CS(C)=O,CN(C)C=O,18000.0,445.0,74.63568115234375
CCN(CC)c1ccc2oc(=O)c(-c3nc4ccccc4s3)cc2c1,CC(=O)c1ccc(F)cc1Br,CCN(C(C)C)C(C)C,Cc1ccc(-c2ccc(N(c3ccccc3)c3ccccc3)cc2)nc1,c1ccc(-c2ccccn2)nc1,O.[Cl][Ir]([Cl])[Cl],CS(C)=O,CN(C)C=O,18000.0,445.0,0.005350000225007534
CCN(CC)c1ccc2oc(=O)c(-c3nc4ccccc4s3)cc2c1,CC(=O)c1ccc(F)cc1Br,CCN(C(C)C)C(C)C,COc1ccc(-c2nc3ccccc3o2)cc1,CCCCCCCCCc1ccnc(-c2cc(CCCCCCCCC)ccn2)c1,O.[Cl][Ir]([Cl])[Cl],CS(C)=O,CN(C)C=O,18000.0,445.0,97.810546875
CCN(CC)c1ccc2oc(=O)c(-c3nc4ccccc4s3)cc2c1,CC(=O)c1ccc(F)cc1Br,CCN(C(C)C)C(C)C,c1ccc(Cc2ccccn2)cc1,Cc1ccc(-c2ccc(C)cn2)nc1,O.[Cl][Ir]([Cl])[Cl],CS(C)=O,CN(C)C=O,18000.0,445.0,90.23280334472656
CCN(CC)c1ccc2oc(=O)c(-c3nc4ccccc4s3)cc2c1,CC(=O)c1ccc(F)cc1Br,CCN(C(C)C)C(C)C,Cc1ccc(-c2ccc3ccccc3c2)nc1,Cc1ccnc2c1ccc1c(C)ccnc12,O.[Cl][Ir]([Cl])[Cl],CS(C)=O,CN(C)C=O,18000.0,445.0,98.84195709228516
CCN(CC)c1ccc2oc(=O)c(-c3nc4ccccc4s3)cc2c1,CC(=O)c1ccc(F)cc1Br,CCN(C(C)C)C(C)C,c1ccc2cc(-c3nc4ccccc4o3)ccc2c1,CS(C)=O,O.[Cl][Ir]([Cl])[Cl],CS(C)=O,CN(C)C=O,18000.0,445.0,73.75070190429688
CCN(CC)c1ccc2oc(=O)c(-c3nc4ccccc4s3)cc2c1,CC(=O)c1ccc(F)cc1Br,CCN(C(C)C)C(C)C,c1ccc(-c2nc3ccccc3s2)cc1,Cc1cccc(-c2cccc(C)n2)n1,O.[Cl][Ir]([Cl])[Cl],CS(C)=O,CN(C)C=O,18000.0,445.0,0.005350000225007534
CCN(CC)c1ccc2oc(=O)c(-c3nc4ccccc4s3)cc2c1,CC(=O)c1ccc(F)cc1Br,CCN(C(C)C)C(C)C,Cc1ccc(-c2ccc(C)cn2)cc1,CS(C)=O,O.[Cl][Ir]([Cl])[Cl],CS(C)=O,CN(C)C=O,18000.0,445.0,31.211565017700195
CCN(CC)c1ccc2oc(=O)c(-c3nc4ccccc4s3)cc2c1,CC(=O)c1ccc(F)cc1Br,CCN(C(C)C)C(C)C,c1ccc(-c2ccccn2)cc1,Cc1ccnc(-c2cc(C)ccn2)c1,O.[Cl][Ir]([Cl])[Cl],CS(C)=O,CN(C)C=O,18000.0,445.0,99.5252456665039
CCN(CC)c1ccc2oc(=O)c(-c3nc4ccccc4s3)cc2c1,CC(=O)c1ccc(F)cc1Br,CCN(C(C)C)C(C)C,CCc1ccc(-c2cccc(OC)c2)nc1,O=C1c2cccnc2-c2ncccc21,O.[Cl][Ir]([Cl])[Cl],CS(C)=O,CN(C)C=O,18000.0,445.0,0.005350000225007534
CCN(CC)c1ccc2oc(=O)c(-c3nc4ccccc4s3)cc2c1,CC(=O)c1ccc(F)cc1Br,CCN(C(C)C)C(C)C,COc1ccc(-c2cc(-c3ccccc3)c(C)cn2)cc1,c1ccc(-c2ccnc(-c3cc(-c4ccccc4)ccn3)c2)cc1,O.[Cl][Ir]([Cl])[Cl],CS(C)=O,CN(C)C=O,18000.0,445.0,94.0146484375
CCN(CC)c1ccc2oc(=O)c(-c3nc4ccccc4s3)cc2c1,CC(=O)c1ccc(F)cc1Br,CCN(C(C)C)C(C)C,Cc1ccc(-c2ccc(N(c3ccccc3)c3ccccc3)cc2)nc1,Cc1ccnc2c1ccc1cccnc12,O.[Cl][Ir]([Cl])[Cl],CS(C)=O,CN(C)C=O,18000.0,445.0,0.005350000225007534
CCN(CC)c1ccc2oc(=O)c(-c3nc4ccccc4s3)cc2c1,CC(=O)c1ccc(F)cc1Br,CCN(C(C)C)C(C)C,Clc1ccc(-c2nc3ccccc3o2)cc1,CC(C)(C)c1ccnc(-c2cc(C(C)(C)C)ccn2)c1,O.[Cl][Ir]([Cl])[Cl],CS(C)=O,CN(C)C=O,18000.0,445.0,45.55442810058594
CCN(CC)c1ccc2oc(=O)c(-c3nc4ccccc4s3)cc2c1,CC(=O)c1ccc(F)cc1Br,CCN(C(C)C)C(C)C,c1ccc(-c2ccnc(-c3ccc4ccccc4c3)c2)cc1,CC(C)(O)Cc1ccc(-c2ccc(CC(C)(C)O)cn2)nc1,O.[Cl][Ir]([Cl])[Cl],CS(C)=O,CN(C)C=O,18000.0,445.0,99.95206451416016
CCN(CC)c1ccc2oc(=O)c(-c3nc4ccccc4s3)cc2c1,CC(=O)c1ccc(F)cc1Br,CCN(C(C)C)C(C)C,Cc1ccc(-c2ccc(F)cc2)nc1,COc1ccnc(-c2cc(OC)ccn2)c1,O.[Cl][Ir]([Cl])[Cl],CS(C)=O,CN(C)C=O,18000.0,445.0,93.1097412109375
CCN(CC)c1ccc2oc(=O)c(-c3nc4ccccc4s3)cc2c1,CC(=O)c1ccc(F)cc1Br,CCN(C(C)C)C(C)C,c1ccc(-c2ccccn2)cc1,CS(C)=O,O.[Cl][Ir]([Cl])[Cl],CS(C)=O,CN(C)C=O,18000.0,445.0,0.005350000225007534
CCN(CC)c1ccc2oc(=O)c(-c3nc4ccccc4s3)cc2c1,CC(=O)c1ccc(F)cc1Br,CCN(C(C)C)C(C)C,Cc1ccc(-c2ccc(F)cc2F)nc1,CC(C)(O)Cc1ccc(-c2ccc(CC(C)(C)O)cn2)nc1,O.[Cl][Ir]([Cl])[Cl],CS(C)=O,CN(C)C=O,18000.0,445.0,86.21414947509766
CCN(CC)c1ccc2oc(=O)c(-c3nc4ccccc4s3)cc2c1,CC(=O)c1ccc(F)cc1Br,CCN(C(C)C)C(C)C,c1ccc(-n2cccn2)cc1,c1cnc2c(c1)ccc1cccnc12,O.[Cl][Ir]([Cl])[Cl],CS(C)=O,CN(C)C=O,18000.0,445.0,98.3681869506836
CCN(CC)c1ccc2oc(=O)c(-c3nc4ccccc4s3)cc2c1,CC(=O)c1ccc(F)cc1Br,CCN(C(C)C)C(C)C,c1ccc(-c2nc3ccccc3s2)cc1,Cc1cnc2c(ccc3c(C)c(C)cnc32)c1C,O.[Cl][Ir]([Cl])[Cl],CS(C)=O,CN(C)C=O,18000.0,445.0,98.3681869506836
CCN(CC)c1ccc2oc(=O)c(-c3nc4ccccc4s3)cc2c1,CC(=O)c1ccc(F)cc1Br,CCN(C(C)C)C(C)C,CCc1ccc(-c2ccccc2)nc1,O=C(O)c1ccnc(-c2cc(C(=O)O)ccn2)c1,O.[Cl][Ir]([Cl])[Cl],CS(C)=O,CN(C)C=O,18000.0,445.0,99.73799896240234
CCN(CC)c1ccc2oc(=O)c(-c3nc4ccccc4s3)cc2c1,CC(=O)c1ccc(F)cc1Br,CCN(C(C)C)C(C)C,COc1cccc(-c2ccc(C)cn2)c1,O=C1c2cccnc2-c2ncccc21,O.[Cl][Ir]([Cl])[Cl],CS(C)=O,CN(C)C=O,18000.0,445.0,0.005350000225007534
CCN(CC)c1ccc2oc(=O)c(-c3nc4ccccc4s3)cc2c1,CC(=O)c1ccc(F)cc1Br,CCN(C(C)C)C(C)C,c1ccc(-c2ccnc(-c3ccc4ccccc4c3)c2)cc1,c1ccc2nc(-c3ccc4ccccc4n3)ccc2c1,O.[Cl][Ir]([Cl])[Cl],CS(C)=O,CN(C)C=O,18000.0,445.0,0.005350000225007534
CCN(CC)c1ccc2oc(=O)c(-c3nc4ccccc4s3)cc2c1,CC(=O)c1ccc(F)cc1Br,CCN(C(C)C)C(C)C,Cc1ccc(-c2cccc(Cl)c2)nc1,Cc1ccnc2c1ccc1c(C)ccnc12,O.[Cl][Ir]([Cl])[Cl],CS(C)=O,CN(C)C=O,18000.0,445.0,96.46984100341797
CCN(CC)c1ccc2oc(=O)c(-c3nc4ccccc4s3)cc2c1,CC(=O)c1ccc(F)cc1Br,CCN(C(C)C)C(C)C,Cc1ccc(-c2cccc(C#N)c2)nc1,O=C1C(=O)c2cccnc2-c2ncccc21,O.[Cl][Ir]([Cl])[Cl],CS(C)=O,CN(C)C=O,18000.0,445.0,39.6330680847168
CCN(CC)c1ccc2oc(=O)c(-c3nc4ccccc4s3)cc2c1,CC(=O)c1ccc(F)cc1Br,CCN(C(C)C)C(C)C,COc1ccc(-c2cc(-c3ccccc3)c(C)cn2)cc1,c1ccc(-c2ccnc3c2ccc2c(-c4ccccc4)ccnc23)cc1,O.[Cl][Ir]([Cl])[Cl],CS(C)=O,CN(C)C=O,18000.0,445.0,99.95206451416016
CCN(CC)c1ccc2oc(=O)c(-c3nc4ccccc4s3)cc2c1,CC(=O)c1ccc(F)cc1Br,CCN(C(C)C)C(C)C,Cc1ccc(-c2ccc(F)c(C(F)(F)F)c2)nc1,Cc1cc2cccnc2c2ncccc12,O.[Cl][Ir]([Cl])[Cl],CS(C)=O,CN(C)C=O,18000.0,445.0,97.17524719238281
CCN(CC)c1ccc2oc(=O)c(-c3nc4ccccc4s3)cc2c1,CC(=O)c1ccc(F)cc1Br,CCN(C(C)C)C(C)C,Cc1ccc(-c2cccc(F)c2)nc1,c1ccc(-c2ccnc(-c3cc(-c4ccccc4)ccn3)c2)cc1,O.[Cl][Ir]([Cl])[Cl],CS(C)=O,CN(C)C=O,18000.0,445.0,97.17524719238281
CCN(CC)c1ccc2oc(=O)c(-c3nc4ccccc4s3)cc2c1,CC(=O)c1ccc(F)cc1Br,CCN(C(C)C)C(C)C,CCc1ccc(-c2cccc(OC)c2)nc1,c1ccc(-c2ccccn2)nc1,O.[Cl][Ir]([Cl])[Cl],CS(C)=O,CN(C)C=O,18000.0,445.0,0.005350000225007534
CCN(CC)c1ccc2oc(=O)c(-c3nc4ccccc4s3)cc2c1,CC(=O)c1ccc(F)cc1Br,CCN(C(C)C)C(C)C,FC(F)(F)c1ccc(-c2nc3ccccc3s2)cc1,Cc1ccnc2c1ccc1c(C)ccnc12,O.[Cl][Ir]([Cl])[Cl],CS(C)=O,CN(C)C=O,18000.0,445.0,99.5252456665039
CCN(CC)c1ccc2oc(=O)c(-c3nc4ccccc4s3)cc2c1,CC(=O)c1ccc(F)cc1Br,CCN(C(C)C)C(C)C,Cc1cnc(-c2ccccc2)cc1-c1ccccc1,CC(C)(C)c1ccnc(-c2cc(C(C)(C)C)ccn2)c1,O.[Cl][Ir]([Cl])[Cl],CS(C)=O,CN(C)C=O,18000.0,445.0,98.84195709228516
CCN(CC)c1ccc2oc(=O)c(-c3nc4ccccc4s3)cc2c1,CC(=O)c1ccc(F)cc1Br,CCN(C(C)C)C(C)C,c1ccc(Cc2ccccn2)cc1,Cc1cnc2c(ccc3c(C)c(C)cnc32)c1C,O.[Cl][Ir]([Cl])[Cl],CS(C)=O,CN(C)C=O,18000.0,445.0,94.0146484375
CCN(CC)c1ccc2oc(=O)c(-c3nc4ccccc4s3)cc2c1,CC(=O)c1ccc(F)cc1Br,CCN(C(C)C)C(C)C,c1ccc(-n2cccn2)cc1,CC1(C)C(=O)C(C)(C)c2c1c1cccnc1c1ncccc21,O.[Cl][Ir]([Cl])[Cl],CS(C)=O,CN(C)C=O,18000.0,445.0,91.21280670166016
CCN(CC)c1ccc2oc(=O)c(-c3nc4ccccc4s3)cc2c1,CC(=O)c1ccc(F)cc1Br,CCN(C(C)C)C(C)C,Cc1ccc(-c2ccccc2)nc1,Cc1ccc(-c2ccc(C)cn2)nc1,O.[Cl][Ir]([Cl])[Cl],CS(C)=O,CN(C)C=O,18000.0,445.0,94.0146484375
CCN(CC)c1ccc2oc(=O)c(-c3nc4ccccc4s3)cc2c1,CC(=O)c1ccc(F)cc1Br,CCN(C(C)C)C(C)C,Cc1ccc(-c2ccccc2F)nc1,Cc1ccnc(-c2cc(C)ccn2)c1,O.[Cl][Ir]([Cl])[Cl],CS(C)=O,CN(C)C=O,18000.0,445.0,99.73799896240234
CCN(CC)c1ccc2oc(=O)c(-c3nc4ccccc4s3)cc2c1,CC(=O)c1ccc(F)cc1Br,CCN(C(C)C)C(C)C,Clc1ccc(-c2nc3ccccc3s2)cc1,Cc1cnc2c(ccc3c(C)c(C)cnc32)c1C,O.[Cl][Ir]([Cl])[Cl],CS(C)=O,CN(C)C=O,18000.0,445.0,98.3681869506836
CCN(CC)c1ccc2oc(=O)c(-c3nc4ccccc4s3)cc2c1,CC(=O)c1ccc(F)cc1Br,CCN(C(C)C)C(C)C,CCc1ccc(-c2cccc(OC)c2)nc1,Cc1cc2cccnc2c2ncccc12,O.[Cl][Ir]([Cl])[Cl],CS(C)=O,CN(C)C=O,18000.0,445.0,0.005350000225007534
CCN(CC)c1ccc2oc(=O)c(-c3nc4ccccc4s3)cc2c1,CC(=O)c1ccc(F)cc1Br,CCN(C(C)C)C(C)C,c1ccc(-c2ccnc(-c3ccc(N4CCCC4)cc3)c2)cc1,c1ccc(-c2ccnc(-c3cc(-c4ccccc4)ccn3)c2)cc1,O.[Cl][Ir]([Cl])[Cl],CS(C)=O,CN(C)C=O,18000.0,445.0,48.765933990478516
CCN(CC)c1ccc2oc(=O)c(-c3nc4ccccc4s3)cc2c1,CC(=O)c1ccc(F)cc1Br,CCN(C(C)C)C(C)C,Cc1ccc(-c2nc3ccccc3o2)cc1,Cc1cc(-c2ccccc2)c2ccc3c(-c4ccccc4)cc(C)nc3c2n1,O.[Cl][Ir]([Cl])[Cl],CS(C)=O,CN(C)C=O,18000.0,445.0,99.22785186767578
CCN(CC)c1ccc2oc(=O)c(-c3nc4ccccc4s3)cc2c1,CC(=O)c1ccc(F)cc1Br,CCN(C(C)C)C(C)C,Clc1ccc(-c2nc3ccccc3s2)cc1,Cc1ccnc2c1ccc1c(C)ccnc12,O.[Cl][Ir]([Cl])[Cl],CS(C)=O,CN(C)C=O,18000.0,445.0,99.5252456665039
CCN(CC)c1ccc2oc(=O)c(-c3nc4ccccc4s3)cc2c1,CC(=O)c1ccc(F)cc1Br,CCN(C(C)C)C(C)C,FC(F)(F)c1ccc(-c2nc3ccccc3s2)cc1,CC(C)(C)c1ccnc(-c2cc(C(C)(C)C)ccn2)c1,O.[Cl][Ir]([Cl])[Cl],CS(C)=O,CN(C)C=O,18000.0,445.0,99.95206451416016
CCN(CC)c1ccc2oc(=O)c(-c3nc4ccccc4s3)cc2c1,CC(=O)c1ccc(F)cc1Br,CCN(C(C)C)C(C)C,CCc1ccc(-c2ccccc2)nc1,Cc1cccc(-c2cccc(C)n2)n1,O.[Cl][Ir]([Cl])[Cl],CS(C)=O,CN(C)C=O,18000.0,445.0,0.005350000225007534
CCN(CC)c1ccc2oc(=O)c(-c3nc4ccccc4s3)cc2c1,CC(=O)c1ccc(F)cc1Br,CCN(C(C)C)C(C)C,Cc1ccc(-c2cccc(Cl)c2)nc1,Cc1ccc(-c2ccc(C)cn2)nc1,O.[Cl][Ir]([Cl])[Cl],CS(C)=O,CN(C)C=O,18000.0,445.0,98.84195709228516
CCN(CC)c1ccc2oc(=O)c(-c3nc4ccccc4s3)cc2c1,CC(=O)c1ccc(F)cc1Br,CCN(C(C)C)C(C)C,Cc1ccc(-c2cccc(F)c2)nc1,Cc1cc(-c2ccccc2)c2ccc3c(-c4ccccc4)cc(C)nc3c2n1,O.[Cl][Ir]([Cl])[Cl],CS(C)=O,CN(C)C=O,18000.0,445.0,99.87538146972656
CCN(CC)c1ccc2oc(=O)c(-c3nc4ccccc4s3)cc2c1,CC(=O)c1ccc(F)cc1Br,CCN(C(C)C)C(C)C,c1ccc(-c2nc3ccccc3s2)cc1,Cc1ccnc(-c2cc(C)ccn2)c1,O.[Cl][Ir]([Cl])[Cl],CS(C)=O,CN(C)C=O,18000.0,445.0,99.98658752441406
CCN(CC)c1ccc2oc(=O)c(-c3nc4ccccc4s3)cc2c1,CC(=O)c1ccc(F)cc1Br,CCN(C(C)C)C(C)C,COc1ccc(-c2ccc(C)cn2)cc1,CC(C)(O)Cc1ccc(-c2ccc(CC(C)(C)O)cn2)nc1,O.[Cl][Ir]([Cl])[Cl],CS(C)=O,CN(C)C=O,18000.0,445.0,99.5252456665039
CCN(CC)c1ccc2oc(=O)c(-c3nc4ccccc4s3)cc2c1,CC(=O)c1ccc(F)cc1Br,CCN(C(C)C)C(C)C,CCc1ccc(-c2cccc(OC)c2)nc1,FC(F)(F)c1ccc(-c2ccc(C(F)(F)F)cn2)nc1,O.[Cl][Ir]([Cl])[Cl],CS(C)=O,CN(C)C=O,18000.0,445.0,0.005350000225007534
CCN(CC)c1ccc2oc(=O)c(-c3nc4ccccc4s3)cc2c1,CC(=O)c1ccc(F)cc1Br,CCN(C(C)C)C(C)C,Clc1ccc(-c2cc(-c3ccccc3)ccn2)cc1,Cc1cnc2c(ccc3c(C)c(C)cnc32)c1C,O.[Cl][Ir]([Cl])[Cl],CS(C)=O,CN(C)C=O,18000.0,445.0,97.17524719238281
CCN(CC)c1ccc2oc(=O)c(-c3nc4ccccc4s3)cc2c1,CC(=O)c1ccc(F)cc1Br,CCN(C(C)C)C(C)C,CCc1ccc(-c2ccccc2)nc1,Cc1cnc2c(ccc3c(C)c(C)cnc32)c1C,O.[Cl][Ir]([Cl])[Cl],CS(C)=O,CN(C)C=O,18000.0,445.0,94.0146484375
CCN(CC)c1ccc2oc(=O)c(-c3nc4ccccc4s3)cc2c1,CC(=O)c1ccc(F)cc1Br,CCN(C(C)C)C(C)C,c1ccc2c(c1)ccc1cccnc12,Cc1cccc(-c2cccc(C)n2)n1,O.[Cl][Ir]([Cl])[Cl],CS(C)=O,CN(C)C=O,18000.0,445.0,29.348485946655273
CCN(CC)c1ccc2oc(=O)c(-c3nc4ccccc4s3)cc2c1,CC(=O)c1ccc(F)cc1Br,CCN(C(C)C)C(C)C,Cc1ccc(-c2ccc(N(c3ccccc3)c3ccccc3)cc2)nc1,Cc1ccnc(-c2cc(C)ccn2)c1,O.[Cl][Ir]([Cl])[Cl],CS(C)=O,CN(C)C=O,18000.0,445.0,0.005350000225007534
CCN(CC)c1ccc2oc(=O)c(-c3nc4ccccc4s3)cc2c1,CC(=O)c1ccc(F)cc1Br,CCN(C(C)C)C(C)C,c1ccc(-c2ccc(-c3cc(-c4ccccc4)ccn3)cc2)cc1,CC(C)(O)Cc1ccc(-c2ccc(CC(C)(C)O)cn2)nc1,O.[Cl][Ir]([Cl])[Cl],CS(C)=O,CN(C)C=O,18000.0,445.0,99.99774932861328
CCN(CC)c1ccc2oc(=O)c(-c3nc4ccccc4s3)cc2c1,CC(=O)c1ccc(F)cc1Br,CCN(C(C)C)C(C)C,Fc1ccc(-c2nc3ccccc3o2)cc1,c1cnc2c(c1)ccc1cccnc12,O.[Cl][Ir]([Cl])[Cl],CS(C)=O,CN(C)C=O,18000.0,445.0,0.005350000225007534
CCN(CC)c1ccc2oc(=O)c(-c3nc4ccccc4s3)cc2c1,CC(=O)c1ccc(F)cc1Br,CCN(C(C)C)C(C)C,Cc1cnc(-c2ccccc2)cc1-c1ccccc1,CC1(C)C(=O)C(C)(C)c2c1c1cccnc1c1ncccc21,O.[Cl][Ir]([Cl])[Cl],CS(C)=O,CN(C)C=O,18000.0,445.0,86.21414947509766
CCN(CC)c1ccc2oc(=O)c(-c3nc4ccccc4s3)cc2c1,CC(=O)c1ccc(F)cc1Br,CCN(C(C)C)C(C)C,Cc1ccc(-c2ccc(C)cn2)cc1,Cc1cc2cccnc2c2ncccc12,O.[Cl][Ir]([Cl])[Cl],CS(C)=O,CN(C)C=O,18000.0,445.0,97.17524719238281
CCN(CC)c1ccc2oc(=O)c(-c3nc4ccccc4s3)cc2c1,CC(=O)c1ccc(F)cc1Br,CCN(C(C)C)C(C)C,Fc1ccc(-c2nc3ccccc3o2)cc1,CC(C)(C)c1ccnc(-c2cc(C(C)(C)C)ccn2)c1,O.[Cl][Ir]([Cl])[Cl],CS(C)=O,CN(C)C=O,18000.0,445.0,93.1097412109375
CCN(CC)c1ccc2oc(=O)c(-c3nc4ccccc4s3)cc2c1,CC(=O)c1ccc(F)cc1Br,CCN(C(C)C)C(C)C,Fc1ccc(-c2nc3ccccc3o2)cc1,c1ccc2nc(-c3ccc4ccccc4n3)ccc2c1,O.[Cl][Ir]([Cl])[Cl],CS(C)=O,CN(C)C=O,18000.0,445.0,0.005350000225007534
CCN(CC)c1ccc2oc(=O)c(-c3nc4ccccc4s3)cc2c1,CC(=O)c1ccc(F)cc1Br,CCN(C(C)C)C(C)C,Cc1ccc(-c2cccc(F)c2)nc1,c1ccc(-c2ccccn2)nc1,O.[Cl][Ir]([Cl])[Cl],CS(C)=O,CN(C)C=O,18000.0,445.0,97.810546875
CCN(CC)c1ccc2oc(=O)c(-c3nc4ccccc4s3)cc2c1,CC(=O)c1ccc(F)cc1Br,CCN(C(C)C)C(C)C,Cc1ccc(-c2ccc3ccccc3c2)nc1,COc1ccnc(-c2cc(OC)ccn2)c1,O.[Cl][Ir]([Cl])[Cl],CS(C)=O,CN(C)C=O,18000.0,445.0,92.1736831665039
CCN(CC)c1ccc2oc(=O)c(-c3nc4ccccc4s3)cc2c1,CC(=O)c1ccc(F)cc1Br,CCN(C(C)C)C(C)C,Cc1ccc(-c2ccc(-c3ccccc3)cc2)nc1,O=C(O)c1ccnc(-c2cc(C(=O)O)ccn2)c1,O.[Cl][Ir]([Cl])[Cl],CS(C)=O,CN(C)C=O,18000.0,445.0,99.95206451416016
CCN(CC)c1ccc2oc(=O)c(-c3nc4ccccc4s3)cc2c1,CC(=O)c1ccc(F)cc1Br,CCN(C(C)C)C(C)C,CCc1ccc(-c2ccc(Cl)cc2)nc1,Cc1ccc(-c2ccc(C)cn2)nc1,O.[Cl][Ir]([Cl])[Cl],CS(C)=O,CN(C)C=O,18000.0,445.0,97.17524719238281
CCN(CC)c1ccc2oc(=O)c(-c3nc4ccccc4s3)cc2c1,CC(=O)c1ccc(F)cc1Br,CCN(C(C)C)C(C)C,c1ccc2cc(-c3nc4ccccc4o3)ccc2c1,Cc1ccnc(-c2cc(C)ccn2)c1,O.[Cl][Ir]([Cl])[Cl],CS(C)=O,CN(C)C=O,18000.0,445.0,99.22785186767578
CCN(CC)c1ccc2oc(=O)c(-c3nc4ccccc4s3)cc2c1,CC(=O)c1ccc(F)cc1Br,CCN(C(C)C)C(C)C,COc1ccc(-c2nc3ccccc3o2)cc1,Cc1cc(-c2ccccc2)c2ccc3c(-c4ccccc4)cc(C)nc3c2n1,O.[Cl][Ir]([Cl])[Cl],CS(C)=O,CN(C)C=O,18000.0,445.0,83.19300079345703
CCN(CC)c1ccc2oc(=O)c(-c3nc4ccccc4s3)cc2c1,CC(=O)c1ccc(F)cc1Br,CCN(C(C)C)C(C)C,Clc1ccc(-c2cc(-c3ccccc3)ccn2)cc1,Cc1cc2cccnc2c2ncccc12,O.[Cl][Ir]([Cl])[Cl],CS(C)=O,CN(C)C=O,18000.0,445.0,99.95206451416016
CCN(CC)c1ccc2oc(=O)c(-c3nc4ccccc4s3)cc2c1,CC(=O)c1ccc(F)cc1Br,CCN(C(C)C)C(C)C,Cc1ccc(-c2ccc(F)c(C(F)(F)F)c2)nc1,CCCCCCCCCc1ccnc(-c2cc(CCCCCCCCC)ccn2)c1,O.[Cl][Ir]([Cl])[Cl],CS(C)=O,CN(C)C=O,18000.0,445.0,83.19300079345703
CCN(CC)c1ccc2oc(=O)c(-c3nc4ccccc4s3)cc2c1,CC(=O)c1ccc(F)cc1Br,CCN(C(C)C)C(C)C,Cc1ccc(-c2ccc(N(c3ccccc3)c3ccccc3)cc2)nc1,Cc1ccc(-c2ccc(C)cn2)nc1,O.[Cl][Ir]([Cl])[Cl],CS(C)=O,CN(C)C=O,18000.0,445.0,53.434181213378906
CCN(CC)c1ccc2oc(=O)c(-c3nc4ccccc4s3)cc2c1,CC(=O)c1ccc(F)cc1Br,CCN(C(C)C)C(C)C,Clc1ccc(-c2nc3ccccc3s2)cc1,c1ccc2nc(-c3ccc4ccccc4n3)ccc2c1,O.[Cl][Ir]([Cl])[Cl],CS(C)=O,CN(C)C=O,18000.0,445.0,0.005350000225007534
CCN(CC)c1ccc2oc(=O)c(-c3nc4ccccc4s3)cc2c1,CC(=O)c1ccc(F)cc1Br,CCN(C(C)C)C(C)C,Cc1cnc(-c2ccccc2)cc1-c1ccccc1,CS(C)=O,O.[Cl][Ir]([Cl])[Cl],CS(C)=O,CN(C)C=O,18000.0,445.0,0.005350000225007534
CCN(CC)c1ccc2oc(=O)c(-c3nc4ccccc4s3)cc2c1,CC(=O)c1ccc(F)cc1Br,CCN(C(C)C)C(C)C,COc1ccc(-c2cc(-c3ccccc3)ccn2)cc1,c1ccc(-c2ccnc(-c3cc(-c4ccccc4)ccn3)c2)cc1,O.[Cl][Ir]([Cl])[Cl],CS(C)=O,CN(C)C=O,18000.0,445.0,99.5252456665039
CCN(CC)c1ccc2oc(=O)c(-c3nc4ccccc4s3)cc2c1,CC(=O)c1ccc(F)cc1Br,CCN(C(C)C)C(C)C,c1ccc2cc(-c3nc4ccccc4o3)ccc2c1,Cc1cc2cccnc2c2ncccc12,O.[Cl][Ir]([Cl])[Cl],CS(C)=O,CN(C)C=O,18000.0,445.0,94.88140869140625
CCN(CC)c1ccc2oc(=O)c(-c3nc4ccccc4s3)cc2c1,CC(=O)c1ccc(F)cc1Br,CCN(C(C)C)C(C)C,Cc1ccc(-c2cccc(C#N)c2)nc1,Cc1ccc(-c2ccc(C)cn2)nc1,O.[Cl][Ir]([Cl])[Cl],CS(C)=O,CN(C)C=O,18000.0,445.0,89.2387466430664
CCN(CC)c1ccc2oc(=O)c(-c3nc4ccccc4s3)cc2c1,CC(=O)c1ccc(F)cc1Br,CCN(C(C)C)C(C)C,Cc1ccc(-c2ccc(Cl)cc2)nc1,c1ccc2nc(-c3ccc4ccccc4n3)ccc2c1,O.[Cl][Ir]([Cl])[Cl],CS(C)=O,CN(C)C=O,18000.0,445.0,0.005350000225007534
CCN(CC)c1ccc2oc(=O)c(-c3nc4ccccc4s3)cc2c1,CC(=O)c1ccc(F)cc1Br,CCN(C(C)C)C(C)C,COc1cccc(-c2cc(-c3ccccc3)c(C)cn2)c1,c1ccc(-c2ccnc(-c3cc(-c4ccccc4)ccn3)c2)cc1,O.[Cl][Ir]([Cl])[Cl],CS(C)=O,CN(C)C=O,18000.0,445.0,0.005350000225007534
CCN(CC)c1ccc2oc(=O)c(-c3nc4ccccc4s3)cc2c1,CC(=O)c1ccc(F)cc1Br,CCN(C(C)C)C(C)C,Cc1ccc(-c2ccc(F)c(C(F)(F)F)c2)nc1,COc1ccnc(-c2cc(OC)ccn2)c1,O.[Cl][Ir]([Cl])[Cl],CS(C)=O,CN(C)C=O,18000.0,445.0,75.53501892089844
CCN(CC)c1ccc2oc(=O)c(-c3nc4ccccc4s3)cc2c1,CC(=O)c1ccc(F)cc1Br,CCN(C(C)C)C(C)C,COc1ccc(-c2cc(-c3ccccc3)ccn2)cc1,O=C1c2cccnc2-c2ncccc21,O.[Cl][Ir]([Cl])[Cl],CS(C)=O,CN(C)C=O,18000.0,445.0,0.005350000225007534
CCN(CC)c1ccc2oc(=O)c(-c3nc4ccccc4s3)cc2c1,CC(=O)c1ccc(F)cc1Br,CCN(C(C)C)C(C)C,Cc1ccc(-c2ccc(S(C)(=O)=O)cc2)nc1,CC(C)(C)c1ccnc(-c2cc(C(C)(C)C)ccn2)c1,O.[Cl][Ir]([Cl])[Cl],CS(C)=O,CN(C)C=O,18000.0,445.0,98.3681869506836
CCN(CC)c1ccc2oc(=O)c(-c3nc4ccccc4s3)cc2c1,CC(=O)c1ccc(F)cc1Br,CCN(C(C)C)C(C)C,Clc1ccc(-c2nc3ccccc3o2)cc1,CS(C)=O,O.[Cl][Ir]([Cl])[Cl],CS(C)=O,CN(C)C=O,18000.0,445.0,43.400054931640625
CCN(CC)c1ccc2oc(=O)c(-c3nc4ccccc4s3)cc2c1,CC(=O)c1ccc(F)cc1Br,CCN(C(C)C)C(C)C,Cc1ccc(-c2cccc(Cl)c2)nc1,c1cnc2c(c1)ccc1cccnc12,O.[Cl][Ir]([Cl])[Cl],CS(C)=O,CN(C)C=O,18000.0,445.0,99.73799896240234
CCN(CC)c1ccc2oc(=O)c(-c3nc4ccccc4s3)cc2c1,CC(=O)c1ccc(F)cc1Br,CCN(C(C)C)C(C)C,Cc1ccc(-c2ccc(S(C)(=O)=O)cc2)nc1,c1ccc(-c2ccccn2)nc1,O.[Cl][Ir]([Cl])[Cl],CS(C)=O,CN(C)C=O,18000.0,445.0,99.5252456665039
CCN(CC)c1ccc2oc(=O)c(-c3nc4ccccc4s3)cc2c1,CC(=O)c1ccc(F)cc1Br,CCN(C(C)C)C(C)C,Clc1ccc(-c2cc(-c3ccccc3)ccn2)cc1,COc1ccnc(-c2cc(OC)ccn2)c1,O.[Cl][Ir]([Cl])[Cl],CS(C)=O,CN(C)C=O,18000.0,445.0,99.95206451416016
CCN(CC)c1ccc2oc(=O)c(-c3nc4ccccc4s3)cc2c1,CC(=O)c1ccc(F)cc1Br,CCN(C(C)C)C(C)C,c1ccc2c(c1)ccc1cccnc12,CS(C)=O,O.[Cl][Ir]([Cl])[Cl],CS(C)=O,CN(C)C=O,18000.0,445.0,0.005350000225007534
CCN(CC)c1ccc2oc(=O)c(-c3nc4ccccc4s3)cc2c1,CC(=O)c1ccc(F)cc1Br,CCN(C(C)C)C(C)C,Cc1cnc(-c2ccccc2)cc1-c1ccccc1,CC(C)(O)Cc1ccc(-c2ccc(CC(C)(C)O)cn2)nc1,O.[Cl][Ir]([Cl])[Cl],CS(C)=O,CN(C)C=O,18000.0,445.0,98.3681869506836
CCN(CC)c1ccc2oc(=O)c(-c3nc4ccccc4s3)cc2c1,CC(=O)c1ccc(F)cc1Br,CCN(C(C)C)C(C)C,Cc1ccc(-c2ccc(F)cc2)nc1,CC(C)(O)Cc1ccc(-c2ccc(CC(C)(C)O)cn2)nc1,O.[Cl][Ir]([Cl])[Cl],CS(C)=O,CN(C)C=O,18000.0,445.0,89.2387466430664
CCN(CC)c1ccc2oc(=O)c(-c3nc4ccccc4s3)cc2c1,CC(=O)c1ccc(F)cc1Br,CCN(C(C)C)C(C)C,Clc1ccc(-c2nc3ccccc3o2)cc1,Cc1ccnc2c1ccc1cccnc12,O.[Cl][Ir]([Cl])[Cl],CS(C)=O,CN(C)C=O,18000.0,445.0,73.75070190429688
CCN(CC)c1ccc2oc(=O)c(-c3nc4ccccc4s3)cc2c1,CC(=O)c1ccc(F)cc1Br,CCN(C(C)C)C(C)C,Clc1ccc(-c2nc3ccccc3s2)cc1,Cc1ccc(-c2ccc(C)cn2)nc1,O.[Cl][Ir]([Cl])[Cl],CS(C)=O,CN(C)C=O,18000.0,445.0,99.73799896240234
CCN(CC)c1ccc2oc(=O)c(-c3nc4ccccc4s3)cc2c1,CC(=O)c1ccc(F)cc1Br,CCN(C(C)C)C(C)C,COc1ccc(-c2cc(-c3ccccc3)c(C)cn2)cc1,c1cnc2c(c1)ccc1cccnc12,O.[Cl][Ir]([Cl])[Cl],CS(C)=O,CN(C)C=O,18000.0,445.0,87.22576904296875
CCN(CC)c1ccc2oc(=O)c(-c3nc4ccccc4s3)cc2c1,CC(=O)c1ccc(F)cc1Br,CCN(C(C)C)C(C)C,Cc1ccc(-c2cccc(Cl)c2)nc1,CC1(C)C(=O)C(C)(C)c2c1c1cccnc1c1ncccc21,O.[Cl][Ir]([Cl])[Cl],CS(C)=O,CN(C)C=O,18000.0,445.0,98.84195709228516
CCN(CC)c1ccc2oc(=O)c(-c3nc4ccccc4s3)cc2c1,CC(=O)c1ccc(F)cc1Br,CCN(C(C)C)C(C)C,Clc1ccc(-c2nc3ccccc3o2)cc1,O=C(O)c1ccnc(-c2cc(C(=O)O)ccn2)c1,O.[Cl][Ir]([Cl])[Cl],CS(C)=O,CN(C)C=O,18000.0,445.0,98.84195709228516
CCN(CC)c1ccc2oc(=O)c(-c3nc4ccccc4s3)cc2c1,CC(=O)c1ccc(F)cc1Br,CCN(C(C)C)C(C)C,c1ccc(-c2ccc(-c3cc(-c4ccccc4)ccn3)cc2)cc1,Cc1ccnc(-c2cc(C)ccn2)c1,O.[Cl][Ir]([Cl])[Cl],CS(C)=O,CN(C)C=O,18000.0,445.0,99.99774932861328
CCN(CC)c1ccc2oc(=O)c(-c3nc4ccccc4s3)cc2c1,CC(=O)c1ccc(F)cc1Br,CCN(C(C)C)C(C)C,Fc1ccc(-c2cc(-c3ccccc3)ccn2)cc1,Cc1ccnc2c1ccc1c(C)ccnc12,O.[Cl][Ir]([Cl])[Cl],CS(C)=O,CN(C)C=O,18000.0,445.0,99.87538146972656
CCN(CC)c1ccc2oc(=O)c(-c3nc4ccccc4s3)cc2c1,CC(=O)c1ccc(F)cc1Br,CCN(C(C)C)C(C)C,Cc1ccc(-c2ccc(C)cn2)cc1,FC(F)(F)c1ccc(-c2ccc(C(F)(F)F)cn2)nc1,O.[Cl][Ir]([Cl])[Cl],CS(C)=O,CN(C)C=O,18000.0,445.0,0.005350000225007534
CCN(CC)c1ccc2oc(=O)c(-c3nc4ccccc4s3)cc2c1,CC(=O)c1ccc(F)cc1Br,CCN(C(C)C)C(C)C,c1ccc(-c2ccc(-c3cc(-c4ccccc4)ccn3)cc2)cc1,Cc1ccc2ccc3ccc(C)nc3c2n1,O.[Cl][Ir]([Cl])[Cl],CS(C)=O,CN(C)C=O,18000.0,445.0,99.95206451416016
CCN(CC)c1ccc2oc(=O)c(-c3nc4ccccc4s3)cc2c1,CC(=O)c1ccc(F)cc1Br,CCN(C(C)C)C(C)C,c1ccc(-n2cccn2)cc1,Cc1ccc2ccc3ccc(C)nc3c2n1,O.[Cl][Ir]([Cl])[Cl],CS(C)=O,CN(C)C=O,18000.0,445.0,83.19300079345703
CCN(CC)c1ccc2oc(=O)c(-c3nc4ccccc4s3)cc2c1,CC(=O)c1ccc(F)cc1Br,CCN(C(C)C)C(C)C,COc1cccc(-c2cc(-c3ccccc3)c(C)cn2)c1,Cc1cc(-c2ccccc2)c2ccc3c(-c4ccccc4)cc(C)nc3c2n1,O.[Cl][Ir]([Cl])[Cl],CS(C)=O,CN(C)C=O,18000.0,445.0,0.005350000225007534
CCN(CC)c1ccc2oc(=O)c(-c3nc4ccccc4s3)cc2c1,CC(=O)c1ccc(F)cc1Br,CCN(C(C)C)C(C)C,Fc1ccc(-c2ccccn2)cc1,Cc1ccc2ccc3ccc(C)nc3c2n1,O.[Cl][Ir]([Cl])[Cl],CS(C)=O,CN(C)C=O,18000.0,445.0,30.1673641204834
CCN(CC)c1ccc2oc(=O)c(-c3nc4ccccc4s3)cc2c1,CC(=O)c1ccc(F)cc1Br,CCN(C(C)C)C(C)C,Clc1ccc(-c2nc3ccccc3s2)cc1,COc1ccnc(-c2cc(OC)ccn2)c1,O.[Cl][Ir]([Cl])[Cl],CS(C)=O,CN(C)C=O,18000.0,445.0,99.98658752441406
CCN(CC)c1ccc2oc(=O)c(-c3nc4ccccc4s3)cc2c1,CC(=O)c1ccc(F)cc1Br,CCN(C(C)C)C(C)C,Cc1ccc(-c2cccc(F)c2)nc1,Cc1ccnc2c1ccc1cccnc12,O.[Cl][Ir]([Cl])[Cl],CS(C)=O,CN(C)C=O,18000.0,445.0,99.22785186767578
CCN(CC)c1ccc2oc(=O)c(-c3nc4ccccc4s3)cc2c1,CC(=O)c1ccc(F)cc1Br,CCN(C(C)C)C(C)C,c1ccc(-c2ccnc(-c3ccc(N4CCCC4)cc3)c2)cc1,CC(C)(C)c1ccnc(-c2cc(C(C)(C)C)ccn2)c1,O.[Cl][Ir]([Cl])[Cl],CS(C)=O,CN(C)C=O,18000.0,445.0,64.9727554321289
CCN(CC)c1ccc2oc(=O)c(-c3nc4ccccc4s3)cc2c1,CC(=O)c1ccc(F)cc1Br,CCN(C(C)C)C(C)C,COc1cccc(-c2cc(-c3ccccc3)c(C)cn2)c1,FC(F)(F)c1ccc(-c2ccc(C(F)(F)F)cn2)nc1,O.[Cl][Ir]([Cl])[Cl],CS(C)=O,CN(C)C=O,18000.0,445.0,0.005350000225007534
CCN(CC)c1ccc2oc(=O)c(-c3nc4ccccc4s3)cc2c1,CC(=O)c1ccc(F)cc1Br,CCN(C(C)C)C(C)C,Fc1ccc(-c2cc(-c3ccccc3)ccn2)cc1,O=C1C(=O)c2cccnc2-c2ncccc21,O.[Cl][Ir]([Cl])[Cl],CS(C)=O,CN(C)C=O,18000.0,445.0,79.26953887939453
CCN(CC)c1ccc2oc(=O)c(-c3nc4ccccc4s3)cc2c1,CC(=O)c1ccc(F)cc1Br,CCN(C(C)C)C(C)C,Cc1ccc(-c2ccc(F)c(C(F)(F)F)c2)nc1,c1ccc(-c2ccnc3c2ccc2c(-c4ccccc4)ccnc23)cc1,O.[Cl][Ir]([Cl])[Cl],CS(C)=O,CN(C)C=O,18000.0,445.0,99.87538146972656
CCN(CC)c1ccc2oc(=O)c(-c3nc4ccccc4s3)cc2c1,CC(=O)c1ccc(F)cc1Br,CCN(C(C)C)C(C)C,Fc1ccc(-c2nc3ccccc3o2)cc1,c1ccc(-c2ccnc3c2ccc2c(-c4ccccc4)ccnc23)cc1,O.[Cl][Ir]([Cl])[Cl],CS(C)=O,CN(C)C=O,18000.0,445.0,71.18329620361328
CCN(CC)c1ccc2oc(=O)c(-c3nc4ccccc4s3)cc2c1,CC(=O)c1ccc(F)cc1Br,CCN(C(C)C)C(C)C,c1ccc(-c2ccc(-c3cc(-c4ccccc4)ccn3)cc2)cc1,FC(F)(F)c1ccc(-c2ccc(C(F)(F)F)cn2)nc1,O.[Cl][Ir]([Cl])[Cl],CS(C)=O,CN(C)C=O,18000.0,445.0,74.63568115234375
CCN(CC)c1ccc2oc(=O)c(-c3nc4ccccc4s3)cc2c1,CC(=O)c1ccc(F)cc1Br,CCN(C(C)C)C(C)C,Clc1ccc(-c2nc3ccccc3s2)cc1,c1cnc2c(c1)ccc1cccnc12,O.[Cl][Ir]([Cl])[Cl],CS(C)=O,CN(C)C=O,18000.0,445.0,57.22541427612305
CCN(CC)c1ccc2oc(=O)c(-c3nc4ccccc4s3)cc2c1,CC(=O)c1ccc(F)cc1Br,CCN(C(C)C)C(C)C,Cc1ccc(-c2ccc(Cl)cc2)nc1,Cc1cc2cccnc2c2ncccc12,O.[Cl][Ir]([Cl])[Cl],CS(C)=O,CN(C)C=O,18000.0,445.0,98.84195709228516
CCN(CC)c1ccc2oc(=O)c(-c3nc4ccccc4s3)cc2c1,CC(=O)c1ccc(F)cc1Br,CCN(C(C)C)C(C)C,Cc1cnc(-c2ccccc2)cc1-c1ccccc1,c1ccc2nc(-c3ccc4ccccc4n3)ccc2c1,O.[Cl][Ir]([Cl])[Cl],CS(C)=O,CN(C)C=O,18000.0,445.0,91.21280670166016
CCN(CC)c1ccc2oc(=O)c(-c3nc4ccccc4s3)cc2c1,CC(=O)c1ccc(F)cc1Br,CCN(C(C)C)C(C)C,FC(F)(F)Oc1ccc(-c2nc3ccccc3s2)cc1,CC(C)(O)Cc1ccc(-c2ccc(CC(C)(C)O)cn2)nc1,O.[Cl][Ir]([Cl])[Cl],CS(C)=O,CN(C)C=O,18000.0,445.0,99.87538146972656
CCN(CC)c1ccc2oc(=O)c(-c3nc4ccccc4s3)cc2c1,CC(=O)c1ccc(F)cc1Br,CCN(C(C)C)C(C)C,Cc1ccc(-c2ccc(N(c3ccccc3)c3ccccc3)cc2)nc1,CCCCCCCCCc1ccnc(-c2cc(CCCCCCCCC)ccn2)c1,O.[Cl][Ir]([Cl])[Cl],CS(C)=O,CN(C)C=O,18000.0,445.0,0.005350000225007534
CCN(CC)c1ccc2oc(=O)c(-c3nc4ccccc4s3)cc2c1,CC(=O)c1ccc(F)cc1Br,CCN(C(C)C)C(C)C,c1ccc(-c2nc3ccccc3o2)cc1,Cc1ccnc(-c2cc(C)ccn2)c1,O.[Cl][Ir]([Cl])[Cl],CS(C)=O,CN(C)C=O,18000.0,445.0,97.810546875
CCN(CC)c1ccc2oc(=O)c(-c3nc4ccccc4s3)cc2c1,CC(=O)c1ccc(F)cc1Br,CCN(C(C)C)C(C)C,Cc1ccc(-c2cccc(C#N)c2)nc1,c1cnc2c(c1)ccc1cccnc12,O.[Cl][Ir]([Cl])[Cl],CS(C)=O,CN(C)C=O,18000.0,445.0,90.23280334472656
CCN(CC)c1ccc2oc(=O)c(-c3nc4ccccc4s3)cc2c1,CC(=O)c1ccc(F)cc1Br,CCN(C(C)C)C(C)C,Cc1ccc(-c2ccc(C#N)cc2)nc1,c1ccc2nc(-c3ccc4ccccc4n3)ccc2c1,O.[Cl][Ir]([Cl])[Cl],CS(C)=O,CN(C)C=O,18000.0,445.0,86.21414947509766
CCN(CC)c1ccc2oc(=O)c(-c3nc4ccccc4s3)cc2c1,CC(=O)c1ccc(F)cc1Br,CCN(C(C)C)C(C)C,FC(F)(F)c1ccc(-c2nc3ccccc3s2)cc1,Cc1ccnc2c1ccc1cccnc12,O.[Cl][Ir]([Cl])[Cl],CS(C)=O,CN(C)C=O,18000.0,445.0,98.84195709228516
CCN(CC)c1ccc2oc(=O)c(-c3nc4ccccc4s3)cc2c1,CC(=O)c1ccc(F)cc1Br,CCN(C(C)C)C(C)C,Clc1ccc(-c2cc(-c3ccccc3)ccn2)cc1,Cc1cc(-c2ccccc2)c2ccc3c(-c4ccccc4)cc(C)nc3c2n1,O.[Cl][Ir]([Cl])[Cl],CS(C)=O,CN(C)C=O,18000.0,445.0,99.87538146972656
CCN(CC)c1ccc2oc(=O)c(-c3nc4ccccc4s3)cc2c1,CC(=O)c1ccc(F)cc1Br,CCN(C(C)C)C(C)C,CCc1ccc(-c2ccccc2)nc1,O=C1C(=O)c2cccnc2-c2ncccc21,O.[Cl][Ir]([Cl])[Cl],CS(C)=O,CN(C)C=O,18000.0,445.0,64.9727554321289
CCN(CC)c1ccc2oc(=O)c(-c3nc4ccccc4s3)cc2c1,CC(=O)c1ccc(F)cc1Br,CCN(C(C)C)C(C)C,Clc1ccc(-c2cc(-c3ccccc3)ccn2)cc1,Cc1ccc(-c2ccc(C)cn2)nc1,O.[Cl][Ir]([Cl])[Cl],CS(C)=O,CN(C)C=O,18000.0,445.0,99.5252456665039
CCN(CC)c1ccc2oc(=O)c(-c3nc4ccccc4s3)cc2c1,CC(=O)c1ccc(F)cc1Br,CCN(C(C)C)C(C)C,Cc1ccc(-c2nc3ccccc3o2)cc1,c1ccc2nc(-c3ccc4ccccc4n3)ccc2c1,O.[Cl][Ir]([Cl])[Cl],CS(C)=O,CN(C)C=O,18000.0,445.0,72.02444458007812
CCN(CC)c1ccc2oc(=O)c(-c3nc4ccccc4s3)cc2c1,CC(=O)c1ccc(F)cc1Br,CCN(C(C)C)C(C)C,Cc1ccc(-c2nc3ccccc3o2)cc1,Cc1ccc(-c2ccc(C)cn2)nc1,O.[Cl][Ir]([Cl])[Cl],CS(C)=O,CN(C)C=O,18000.0,445.0,89.2387466430664
CCN(CC)c1ccc2oc(=O)c(-c3nc4ccccc4s3)cc2c1,CC(=O)c1ccc(F)cc1Br,CCN(C(C)C)C(C)C,c1ccc2cc(-c3nc4ccccc4o3)ccc2c1,O=C1C(=O)c2cccnc2-c2ncccc21,O.[Cl][Ir]([Cl])[Cl],CS(C)=O,CN(C)C=O,18000.0,445.0,78.31624603271484
CCN(CC)c1ccc2oc(=O)c(-c3nc4ccccc4s3)cc2c1,CC(=O)c1ccc(F)cc1Br,CCN(C(C)C)C(C)C,Cc1ccc(-c2ccc3ccccc3c2)nc1,c1cnc2c(c1)ccc1cccnc12,O.[Cl][Ir]([Cl])[Cl],CS(C)=O,CN(C)C=O,18000.0,445.0,94.88140869140625
CCN(CC)c1ccc2oc(=O)c(-c3nc4ccccc4s3)cc2c1,CC(=O)c1ccc(F)cc1Br,CCN(C(C)C)C(C)C,Cc1ccc(-c2ccc(-c3ccccc3)cc2)nc1,O=C1C(=O)c2cccnc2-c2ncccc21,O.[Cl][Ir]([Cl])[Cl],CS(C)=O,CN(C)C=O,18000.0,445.0,78.31624603271484
CCN(CC)c1ccc2oc(=O)c(-c3nc4ccccc4s3)cc2c1,CC(=O)c1ccc(F)cc1Br,CCN(C(C)C)C(C)C,Fc1ccc(-c2cc(-c3ccccc3)ccn2)cc1,c1ccc2nc(-c3ccc4ccccc4n3)ccc2c1,O.[Cl][Ir]([Cl])[Cl],CS(C)=O,CN(C)C=O,18000.0,445.0,0.005350000225007534
CCN(CC)c1ccc2oc(=O)c(-c3nc4ccccc4s3)cc2c1,CC(=O)c1ccc(F)cc1Br,CCN(C(C)C)C(C)C,c1ccc(-c2nc3ccccc3s2)cc1,O=C1C(=O)c2cccnc2-c2ncccc21,O.[Cl][Ir]([Cl])[Cl],CS(C)=O,CN(C)C=O,18000.0,445.0,87.22576904296875
CCN(CC)c1ccc2oc(=O)c(-c3nc4ccccc4s3)cc2c1,CC(=O)c1ccc(F)cc1Br,CCN(C(C)C)C(C)C,c1ccc(-c2nc3ccccc3s2)cc1,Cc1ccc(-c2ccc(C)cn2)nc1,O.[Cl][Ir]([Cl])[Cl],CS(C)=O,CN(C)C=O,18000.0,445.0,99.87538146972656
CCN(CC)c1ccc2oc(=O)c(-c3nc4ccccc4s3)cc2c1,CC(=O)c1ccc(F)cc1Br,CCN(C(C)C)C(C)C,COc1cccc(-c2cc(-c3ccccc3)c(C)cn2)c1,Cc1ccc2ccc3ccc(C)nc3c2n1,O.[Cl][Ir]([Cl])[Cl],CS(C)=O,CN(C)C=O,18000.0,445.0,0.005350000225007534
CCN(CC)c1ccc2oc(=O)c(-c3nc4ccccc4s3)cc2c1,CC(=O)c1ccc(F)cc1Br,CCN(C(C)C)C(C)C,Cc1ccc(-c2ccc(OC(F)(F)F)cc2)nc1,CS(C)=O,O.[Cl][Ir]([Cl])[Cl],CS(C)=O,CN(C)C=O,18000.0,445.0,0.005350000225007534
CCN(CC)c1ccc2oc(=O)c(-c3nc4ccccc4s3)cc2c1,CC(=O)c1ccc(F)cc1Br,CCN(C(C)C)C(C)C,Cc1ccc(-c2ccc(F)cc2F)nc1,Cc1cnc2c(ccc3c(C)c(C)cnc32)c1C,O.[Cl][Ir]([Cl])[Cl],CS(C)=O,CN(C)C=O,18000.0,445.0,37.97853469848633
CCN(CC)c1ccc2oc(=O)c(-c3nc4ccccc4s3)cc2c1,CC(=O)c1ccc(F)cc1Br,CCN(C(C)C)C(C)C,Cc1ccc(-c2ccc3ccccc3c2)nc1,O=C1C(=O)c2cccnc2-c2ncccc21,O.[Cl][Ir]([Cl])[Cl],CS(C)=O,CN(C)C=O,18000.0,445.0,52.93020248413086
CCN(CC)c1ccc2oc(=O)c(-c3nc4ccccc4s3)cc2c1,CC(=O)c1ccc(F)cc1Br,CCN(C(C)C)C(C)C,Cc1ccc(-c2ccc(OC(F)(F)F)cc2)nc1,Cc1ccc(-c2ccc(C)cn2)nc1,O.[Cl][Ir]([Cl])[Cl],CS(C)=O,CN(C)C=O,18000.0,445.0,86.21414947509766
CCN(CC)c1ccc2oc(=O)c(-c3nc4ccccc4s3)cc2c1,CC(=O)c1ccc(F)cc1Br,CCN(C(C)C)C(C)C,Cc1ccc(-c2ccc(OC(F)(F)F)cc2)nc1,CCCCCCCCCc1ccnc(-c2cc(CCCCCCCCC)ccn2)c1,O.[Cl][Ir]([Cl])[Cl],CS(C)=O,CN(C)C=O,18000.0,445.0,79.26953887939453
CCN(CC)c1ccc2oc(=O)c(-c3nc4ccccc4s3)cc2c1,CC(=O)c1ccc(F)cc1Br,CCN(C(C)C)C(C)C,COc1ccc(-c2nc3ccccc3s2)cc1,CC1(C)C(=O)C(C)(C)c2c1c1cccnc1c1ncccc21,O.[Cl][Ir]([Cl])[Cl],CS(C)=O,CN(C)C=O,18000.0,445.0,99.73799896240234
CCN(CC)c1ccc2oc(=O)c(-c3nc4ccccc4s3)cc2c1,CC(=O)c1ccc(F)cc1Br,CCN(C(C)C)C(C)C,Cc1ccc(-c2ccc(C#N)cc2)nc1,Cc1ccnc(-c2cc(C)ccn2)c1,O.[Cl][Ir]([Cl])[Cl],CS(C)=O,CN(C)C=O,18000.0,445.0,93.1097412109375
CCN(CC)c1ccc2oc(=O)c(-c3nc4ccccc4s3)cc2c1,CC(=O)c1ccc(F)cc1Br,CCN(C(C)C)C(C)C,Cc1ccc(-c2cccc(Cl)c2)nc1,c1ccc(-c2ccnc(-c3cc(-c4ccccc4)ccn3)c2)cc1,O.[Cl][Ir]([Cl])[Cl],CS(C)=O,CN(C)C=O,18000.0,445.0,97.17524719238281
CCN(CC)c1ccc2oc(=O)c(-c3nc4ccccc4s3)cc2c1,CC(=O)c1ccc(F)cc1Br,CCN(C(C)C)C(C)C,Cc1ccc(-c2ccc(-c3ccccc3)cc2)nc1,O=C1c2cccnc2-c2ncccc21,O.[Cl][Ir]([Cl])[Cl],CS(C)=O,CN(C)C=O,18000.0,445.0,0.005350000225007534
CCN(CC)c1ccc2oc(=O)c(-c3nc4ccccc4s3)cc2c1,CC(=O)c1ccc(F)cc1Br,CCN(C(C)C)C(C)C,CCc1ccc(-c2cccc(OC)c2)nc1,O=C(O)c1ccnc(-c2cc(C(=O)O)ccn2)c1,O.[Cl][Ir]([Cl])[Cl],CS(C)=O,CN(C)C=O,18000.0,445.0,0.005350000225007534
CCN(CC)c1ccc2oc(=O)c(-c3nc4ccccc4s3)cc2c1,CC(=O)c1ccc(F)cc1Br,CCN(C(C)C)C(C)C,Cc1ccc(-c2ccc(Cl)cc2)nc1,Cc1ccnc2c1ccc1c(C)ccnc12,O.[Cl][Ir]([Cl])[Cl],CS(C)=O,CN(C)C=O,18000.0,445.0,82.19776916503906
CCN(CC)c1ccc2oc(=O)c(-c3nc4ccccc4s3)cc2c1,CC(=O)c1ccc(F)cc1Br,CCN(C(C)C)C(C)C,Fc1ccc(-c2nc3ccccc3o2)cc1,CC1(C)C(=O)C(C)(C)c2c1c1cccnc1c1ncccc21,O.[Cl][Ir]([Cl])[Cl],CS(C)=O,CN(C)C=O,18000.0,445.0,37.20082092285156
CCN(CC)c1ccc2oc(=O)c(-c3nc4ccccc4s3)cc2c1,CC(=O)c1ccc(F)cc1Br,CCN(C(C)C)C(C)C,Cc1cnc(-c2ccccc2)cc1-c1ccccc1,Cc1ccnc(-c2cc(C)ccn2)c1,O.[Cl][Ir]([Cl])[Cl],CS(C)=O,CN(C)C=O,18000.0,445.0,96.46984100341797
CCN(CC)c1ccc2oc(=O)c(-c3nc4ccccc4s3)cc2c1,CC(=O)c1ccc(F)cc1Br,CCN(C(C)C)C(C)C,Cc1ccc(-c2ccc(F)c(C(F)(F)F)c2)nc1,FC(F)(F)c1ccc(-c2ccc(C(F)(F)F)cn2)nc1,O.[Cl][Ir]([Cl])[Cl],CS(C)=O,CN(C)C=O,18000.0,445.0,0.005350000225007534
CCN(CC)c1ccc2oc(=O)c(-c3nc4ccccc4s3)cc2c1,CC(=O)c1ccc(F)cc1Br,CCN(C(C)C)C(C)C,c1ccc(-c2ccnc(-c3ccc(N4CCCC4)cc3)c2)cc1,Cc1ccnc2c1ccc1cccnc12,O.[Cl][Ir]([Cl])[Cl],CS(C)=O,CN(C)C=O,18000.0,445.0,31.760848999023438
CCN(CC)c1ccc2oc(=O)c(-c3nc4ccccc4s3)cc2c1,CC(=O)c1ccc(F)cc1Br,CCN(C(C)C)C(C)C,Fc1ccc(-c2ccccn2)cc1,Cc1cc2cccnc2c2ncccc12,O.[Cl][Ir]([Cl])[Cl],CS(C)=O,CN(C)C=O,18000.0,445.0,99.73799896240234
CCN(CC)c1ccc2oc(=O)c(-c3nc4ccccc4s3)cc2c1,CC(=O)c1ccc(F)cc1Br,CCN(C(C)C)C(C)C,Cc1ccc(-c2ccc3ccccc3c2)nc1,CCCCCCCCCc1ccnc(-c2cc(CCCCCCCCC)ccn2)c1,O.[Cl][Ir]([Cl])[Cl],CS(C)=O,CN(C)C=O,18000.0,445.0,98.84195709228516
CCN(CC)c1ccc2oc(=O)c(-c3nc4ccccc4s3)cc2c1,CC(=O)c1ccc(F)cc1Br,CCN(C(C)C)C(C)C,c1ccc(-c2nc3ccccc3s2)cc1,Cc1ccnc2c1ccc1cccnc12,O.[Cl][Ir]([Cl])[Cl],CS(C)=O,CN(C)C=O,18000.0,445.0,99.73799896240234
CCN(CC)c1ccc2oc(=O)c(-c3nc4ccccc4s3)cc2c1,CC(=O)c1ccc(F)cc1Br,CCN(C(C)C)C(C)C,Fc1ccc(-c2cc(-c3ccccc3)ccn2)cc1,Cc1ccnc2c1ccc1cccnc12,O.[Cl][Ir]([Cl])[Cl],CS(C)=O,CN(C)C=O,18000.0,445.0,99.87538146972656
CCN(CC)c1ccc2oc(=O)c(-c3nc4ccccc4s3)cc2c1,CC(=O)c1ccc(F)cc1Br,CCN(C(C)C)C(C)C,CCc1ccc(-c2ccc(Cl)cc2)nc1,O=C1C(=O)c2cccnc2-c2ncccc21,O.[Cl][Ir]([Cl])[Cl],CS(C)=O,CN(C)C=O,18000.0,445.0,64.25894165039062
CCN(CC)c1ccc2oc(=O)c(-c3nc4ccccc4s3)cc2c1,CC(=O)c1ccc(F)cc1Br,CCN(C(C)C)C(C)C,Cc1ccc(-c2ccc(N(c3ccccc3)c3ccccc3)cc2)nc1,COc1ccnc(-c2cc(OC)ccn2)c1,O.[Cl][Ir]([Cl])[Cl],CS(C)=O,CN(C)C=O,18000.0,445.0,63.55833435058594
CCN(CC)c1ccc2oc(=O)c(-c3nc4ccccc4s3)cc2c1,CC(=O)c1ccc(F)cc1Br,CCN(C(C)C)C(C)C,COc1cccc(-c2ccc(C)cn2)c1,CS(C)=O,O.[Cl][Ir]([Cl])[Cl],CS(C)=O,CN(C)C=O,18000.0,445.0,0.005350000225007534
CCN(CC)c1ccc2oc(=O)c(-c3nc4ccccc4s3)cc2c1,CC(=O)c1ccc(F)cc1Br,CCN(C(C)C)C(C)C,Cc1ccc(-c2ccc(F)cc2F)nc1,Cc1ccnc2c1ccc1c(C)ccnc12,O.[Cl][Ir]([Cl])[Cl],CS(C)=O,CN(C)C=O,18000.0,445.0,94.88140869140625
CCN(CC)c1ccc2oc(=O)c(-c3nc4ccccc4s3)cc2c1,CC(=O)c1ccc(F)cc1Br,CCN(C(C)C)C(C)C,COc1ccc(-c2ccc(C)cn2)cc1,Cc1ccc(-c2ccc(C)cn2)nc1,O.[Cl][Ir]([Cl])[Cl],CS(C)=O,CN(C)C=O,18000.0,445.0,95.70247650146484
CCN(CC)c1ccc2oc(=O)c(-c3nc4ccccc4s3)cc2c1,CC(=O)c1ccc(F)cc1Br,CCN(C(C)C)C(C)C,c1ccc(Cc2ccccn2)cc1,c1ccc(-c2ccccn2)nc1,O.[Cl][Ir]([Cl])[Cl],CS(C)=O,CN(C)C=O,18000.0,445.0,94.88140869140625
CCN(CC)c1ccc2oc(=O)c(-c3nc4ccccc4s3)cc2c1,CC(=O)c1ccc(F)cc1Br,CCN(C(C)C)C(C)C,Cc1ccc(-c2ccc(C)cn2)cc1,O=C1c2cccnc2-c2ncccc21,O.[Cl][Ir]([Cl])[Cl],CS(C)=O,CN(C)C=O,18000.0,445.0,0.005350000225007534
CCN(CC)c1ccc2oc(=O)c(-c3nc4ccccc4s3)cc2c1,CC(=O)c1ccc(F)cc1Br,CCN(C(C)C)C(C)C,Cc1ccc(-c2cccc(F)c2)nc1,Cc1ccc(-c2ccc(C)cn2)nc1,O.[Cl][Ir]([Cl])[Cl],CS(C)=O,CN(C)C=O,18000.0,445.0,96.46984100341797
CCN(CC)c1ccc2oc(=O)c(-c3nc4ccccc4s3)cc2c1,CC(=O)c1ccc(F)cc1Br,CCN(C(C)C)C(C)C,FC(F)(F)c1ccc(-c2nc3ccccc3o2)cc1,Cc1cc2cccnc2c2ncccc12,O.[Cl][Ir]([Cl])[Cl],CS(C)=O,CN(C)C=O,18000.0,445.0,93.1097412109375
CCN(CC)c1ccc2oc(=O)c(-c3nc4ccccc4s3)cc2c1,CC(=O)c1ccc(F)cc1Br,CCN(C(C)C)C(C)C,FC(F)(F)Oc1ccc(-c2nc3ccccc3s2)cc1,CCCCCCCCCc1ccnc(-c2cc(CCCCCCCCC)ccn2)c1,O.[Cl][Ir]([Cl])[Cl],CS(C)=O,CN(C)C=O,18000.0,445.0,99.73799896240234
CCN(CC)c1ccc2oc(=O)c(-c3nc4ccccc4s3)cc2c1,CC(=O)c1ccc(F)cc1Br,CCN(C(C)C)C(C)C,Cc1ccc(-c2ccc(C)cn2)cc1,c1cnc2c(c1)ccc1cccnc12,O.[Cl][Ir]([Cl])[Cl],CS(C)=O,CN(C)C=O,18000.0,445.0,96.46984100341797
CCN(CC)c1ccc2oc(=O)c(-c3nc4ccccc4s3)cc2c1,CC(=O)c1ccc(F)cc1Br,CCN(C(C)C)C(C)C,Cc1ccc(-c2ccccc2F)nc1,Cc1cnc2c(ccc3c(C)c(C)cnc32)c1C,O.[Cl][Ir]([Cl])[Cl],CS(C)=O,CN(C)C=O,18000.0,445.0,84.19541931152344
CCN(CC)c1ccc2oc(=O)c(-c3nc4ccccc4s3)cc2c1,CC(=O)c1ccc(F)cc1Br,CCN(C(C)C)C(C)C,FC(F)(F)c1ccc(-c2nc3ccccc3o2)cc1,Cc1ccc2ccc3ccc(C)nc3c2n1,O.[Cl][Ir]([Cl])[Cl],CS(C)=O,CN(C)C=O,18000.0,445.0,95.70247650146484
CCN(CC)c1ccc2oc(=O)c(-c3nc4ccccc4s3)cc2c1,CC(=O)c1ccc(F)cc1Br,CCN(C(C)C)C(C)C,Clc1ccc(-c2nc3ccccc3s2)cc1,c1ccc(-c2ccccn2)nc1,O.[Cl][Ir]([Cl])[Cl],CS(C)=O,CN(C)C=O,18000.0,445.0,98.3681869506836
CCN(CC)c1ccc2oc(=O)c(-c3nc4ccccc4s3)cc2c1,CC(=O)c1ccc(F)cc1Br,CCN(C(C)C)C(C)C,COc1cccc(-c2cc(-c3ccccc3)ccn2)c1,c1ccc2nc(-c3ccc4ccccc4n3)ccc2c1,O.[Cl][Ir]([Cl])[Cl],CS(C)=O,CN(C)C=O,18000.0,445.0,0.005350000225007534
CCN(CC)c1ccc2oc(=O)c(-c3nc4ccccc4s3)cc2c1,CC(=O)c1ccc(F)cc1Br,CCN(C(C)C)C(C)C,CCc1ccc(-c2ccc(Cl)cc2)nc1,c1ccc2nc(-c3ccc4ccccc4n3)ccc2c1,O.[Cl][Ir]([Cl])[Cl],CS(C)=O,CN(C)C=O,18000.0,445.0,0.005350000225007534
CCN(CC)c1ccc2oc(=O)c(-c3nc4ccccc4s3)cc2c1,CC(=O)c1ccc(F)cc1Br,CCN(C(C)C)C(C)C,COc1ccc(-c2nc3ccccc3o2)cc1,COc1ccnc(-c2cc(OC)ccn2)c1,O.[Cl][Ir]([Cl])[Cl],CS(C)=O,CN(C)C=O,18000.0,445.0,99.22785186767578
CCN(CC)c1ccc2oc(=O)c(-c3nc4ccccc4s3)cc2c1,CC(=O)c1ccc(F)cc1Br,CCN(C(C)C)C(C)C,FC(F)(F)c1ccc(-c2nc3ccccc3o2)cc1,Cc1cccc(-c2cccc(C)n2)n1,O.[Cl][Ir]([Cl])[Cl],CS(C)=O,CN(C)C=O,18000.0,445.0,82.19776916503906
CCN(CC)c1ccc2oc(=O)c(-c3nc4ccccc4s3)cc2c1,CC(=O)c1ccc(F)cc1Br,CCN(C(C)C)C(C)C,Clc1ccc(-c2nc3ccccc3o2)cc1,c1cnc2c(c1)ccc1cccnc12,O.[Cl][Ir]([Cl])[Cl],CS(C)=O,CN(C)C=O,18000.0,445.0,0.005350000225007534
CCN(CC)c1ccc2oc(=O)c(-c3nc4ccccc4s3)cc2c1,CC(=O)c1ccc(F)cc1Br,CCN(C(C)C)C(C)C,Cc1ccc(-c2ccc(F)c(C(F)(F)F)c2)nc1,Cc1ccc(-c2ccc(C)cn2)nc1,O.[Cl][Ir]([Cl])[Cl],CS(C)=O,CN(C)C=O,18000.0,445.0,65.69999694824219
CCN(CC)c1ccc2oc(=O)c(-c3nc4ccccc4s3)cc2c1,CC(=O)c1ccc(F)cc1Br,CCN(C(C)C)C(C)C,COc1ccc(-c2nc3ccccc3o2)cc1,CC(C)(C)c1ccnc(-c2cc(C(C)(C)C)ccn2)c1,O.[Cl][Ir]([Cl])[Cl],CS(C)=O,CN(C)C=O,18000.0,445.0,99.5252456665039
CCN(CC)c1ccc2oc(=O)c(-c3nc4ccccc4s3)cc2c1,CC(=O)c1ccc(F)cc1Br,CCN(C(C)C)C(C)C,CCc1ccc(-c2ccccc2)nc1,Cc1ccnc2c1ccc1cccnc12,O.[Cl][Ir]([Cl])[Cl],CS(C)=O,CN(C)C=O,18000.0,445.0,99.5252456665039
CCN(CC)c1ccc2oc(=O)c(-c3nc4ccccc4s3)cc2c1,CC(=O)c1ccc(F)cc1Br,CCN(C(C)C)C(C)C,COc1ccc(-c2ccc(C)cn2)cc1,c1ccc2nc(-c3ccc4ccccc4n3)ccc2c1,O.[Cl][Ir]([Cl])[Cl],CS(C)=O,CN(C)C=O,18000.0,445.0,0.005350000225007534
CCN(CC)c1ccc2oc(=O)c(-c3nc4ccccc4s3)cc2c1,CC(=O)c1ccc(F)cc1Br,CCN(C(C)C)C(C)C,Cc1ccc(-c2ccc(Cl)cc2)nc1,CC(C)(C)c1ccnc(-c2cc(C(C)(C)C)ccn2)c1,O.[Cl][Ir]([Cl])[Cl],CS(C)=O,CN(C)C=O,18000.0,445.0,94.88140869140625
CCN(CC)c1ccc2oc(=O)c(-c3nc4ccccc4s3)cc2c1,CC(=O)c1ccc(F)cc1Br,CCN(C(C)C)C(C)C,Clc1ccc(-c2cc(-c3ccccc3)ccn2)cc1,Cc1ccnc2c1ccc1c(C)ccnc12,O.[Cl][Ir]([Cl])[Cl],CS(C)=O,CN(C)C=O,18000.0,445.0,97.17524719238281
CCN(CC)c1ccc2oc(=O)c(-c3nc4ccccc4s3)cc2c1,CC(=O)c1ccc(F)cc1Br,CCN(C(C)C)C(C)C,c1ccc(-c2nc3ccccc3s2)cc1,c1ccc2nc(-c3ccc4ccccc4n3)ccc2c1,O.[Cl][Ir]([Cl])[Cl],CS(C)=O,CN(C)C=O,18000.0,445.0,0.005350000225007534
CCN(CC)c1ccc2oc(=O)c(-c3nc4ccccc4s3)cc2c1,CC(=O)c1ccc(F)cc1Br,CCN(C(C)C)C(C)C,Fc1ccc(-c2cc(-c3ccccc3)ccn2)cc1,Cc1cccc(-c2cccc(C)n2)n1,O.[Cl][Ir]([Cl])[Cl],CS(C)=O,CN(C)C=O,18000.0,445.0,33.52913284301758
CCN(CC)c1ccc2oc(=O)c(-c3nc4ccccc4s3)cc2c1,CC(=O)c1ccc(F)cc1Br,CCN(C(C)C)C(C)C,Cc1ccc(-c2cccc(Cl)c2)nc1,Cc1cccc(-c2cccc(C)n2)n1,O.[Cl][Ir]([Cl])[Cl],CS(C)=O,CN(C)C=O,18000.0,445.0,0.005350000225007534
CCN(CC)c1ccc2oc(=O)c(-c3nc4ccccc4s3)cc2c1,CC(=O)c1ccc(F)cc1Br,CCN(C(C)C)C(C)C,Cc1ccc(-c2cccc(C#N)c2)nc1,c1ccc2nc(-c3ccc4ccccc4n3)ccc2c1,O.[Cl][Ir]([Cl])[Cl],CS(C)=O,CN(C)C=O,18000.0,445.0,0.005350000225007534
CCN(CC)c1ccc2oc(=O)c(-c3nc4ccccc4s3)cc2c1,CC(=O)c1ccc(F)cc1Br,CCN(C(C)C)C(C)C,Clc1ccc(-c2cc(-c3ccccc3)ccn2)cc1,CS(C)=O,O.[Cl][Ir]([Cl])[Cl],CS(C)=O,CN(C)C=O,18000.0,445.0,35.27155685424805
CCN(CC)c1ccc2oc(=O)c(-c3nc4ccccc4s3)cc2c1,CC(=O)c1ccc(F)cc1Br,CCN(C(C)C)C(C)C,Fc1ccc(-c2ccccn2)cc1,Cc1ccc(-c2ccc(C)cn2)nc1,O.[Cl][Ir]([Cl])[Cl],CS(C)=O,CN(C)C=O,18000.0,445.0,95.70247650146484
CCN(CC)c1ccc2oc(=O)c(-c3nc4ccccc4s3)cc2c1,CC(=O)c1ccc(F)cc1Br,CCN(C(C)C)C(C)C,Cc1ccc(-c2ccc(F)cc2F)nc1,Cc1ccnc2c1ccc1cccnc12,O.[Cl][Ir]([Cl])[Cl],CS(C)=O,CN(C)C=O,18000.0,445.0,94.88140869140625
CCN(CC)c1ccc2oc(=O)c(-c3nc4ccccc4s3)cc2c1,CC(=O)c1ccc(F)cc1Br,CCN(C(C)C)C(C)C,Fc1ccc(-c2nc3ccccc3o2)cc1,Cc1cc2cccnc2c2ncccc12,O.[Cl][Ir]([Cl])[Cl],CS(C)=O,CN(C)C=O,18000.0,445.0,60.245025634765625
CCN(CC)c1ccc2oc(=O)c(-c3nc4ccccc4s3)cc2c1,CC(=O)c1ccc(F)cc1Br,CCN(C(C)C)C(C)C,Cc1ccc(-c2ccc(-c3ccccc3)cc2)nc1,Cc1cccc(-c2cccc(C)n2)n1,O.[Cl][Ir]([Cl])[Cl],CS(C)=O,CN(C)C=O,18000.0,445.0,0.005350000225007534
CCN(CC)c1ccc2oc(=O)c(-c3nc4ccccc4s3)cc2c1,CC(=O)c1ccc(F)cc1Br,CCN(C(C)C)C(C)C,Cc1ccc(-c2ccc(Cl)cc2)nc1,Cc1cccc(-c2cccc(C)n2)n1,O.[Cl][Ir]([Cl])[Cl],CS(C)=O,CN(C)C=O,18000.0,445.0,30.336584091186523
CCN(CC)c1ccc2oc(=O)c(-c3nc4ccccc4s3)cc2c1,CC(=O)c1ccc(F)cc1Br,CCN(C(C)C)C(C)C,c1ccc(Cc2ccccn2)cc1,CS(C)=O,O.[Cl][Ir]([Cl])[Cl],CS(C)=O,CN(C)C=O,18000.0,445.0,0.005350000225007534
CCN(CC)c1ccc2oc(=O)c(-c3nc4ccccc4s3)cc2c1,CC(=O)c1ccc(F)cc1Br,CCN(C(C)C)C(C)C,Cc1ccc(-c2ccc(OC(F)(F)F)cc2)nc1,O=C1c2cccnc2-c2ncccc21,O.[Cl][Ir]([Cl])[Cl],CS(C)=O,CN(C)C=O,18000.0,445.0,0.005350000225007534
CCN(CC)c1ccc2oc(=O)c(-c3nc4ccccc4s3)cc2c1,CC(=O)c1ccc(F)cc1Br,CCN(C(C)C)C(C)C,Cc1ccc(-c2ccc(F)cc2F)nc1,c1ccc(-c2ccnc(-c3cc(-c4ccccc4)ccn3)c2)cc1,O.[Cl][Ir]([Cl])[Cl],CS(C)=O,CN(C)C=O,18000.0,445.0,56.654048919677734
CCN(CC)c1ccc2oc(=O)c(-c3nc4ccccc4s3)cc2c1,CC(=O)c1ccc(F)cc1Br,CCN(C(C)C)C(C)C,Cc1ccc(-c2ccc3ccccc3c2)nc1,CC1(C)C(=O)C(C)(C)c2c1c1cccnc1c1ncccc21,O.[Cl][Ir]([Cl])[Cl],CS(C)=O,CN(C)C=O,18000.0,445.0,89.2387466430664
CCN(CC)c1ccc2oc(=O)c(-c3nc4ccccc4s3)cc2c1,CC(=O)c1ccc(F)cc1Br,CCN(C(C)C)C(C)C,c1ccc2cc(-c3nc4ccccc4o3)ccc2c1,Cc1cccc(-c2cccc(C)n2)n1,O.[Cl][Ir]([Cl])[Cl],CS(C)=O,CN(C)C=O,18000.0,445.0,76.44847106933594
CCN(CC)c1ccc2oc(=O)c(-c3nc4ccccc4s3)cc2c1,CC(=O)c1ccc(F)cc1Br,CCN(C(C)C)C(C)C,FC(F)(F)c1ccc(-c2nc3ccccc3o2)cc1,Cc1cc(-c2ccccc2)c2ccc3c(-c4ccccc4)cc(C)nc3c2n1,O.[Cl][Ir]([Cl])[Cl],CS(C)=O,CN(C)C=O,18000.0,445.0,60.245025634765625
CCN(CC)c1ccc2oc(=O)c(-c3nc4ccccc4s3)cc2c1,CC(=O)c1ccc(F)cc1Br,CCN(C(C)C)C(C)C,c1ccc(-c2ccc(-c3cc(-c4ccccc4)ccn3)cc2)cc1,Cc1cc2cccnc2c2ncccc12,O.[Cl][Ir]([Cl])[Cl],CS(C)=O,CN(C)C=O,18000.0,445.0,99.99774932861328
CCN(CC)c1ccc2oc(=O)c(-c3nc4ccccc4s3)cc2c1,CC(=O)c1ccc(F)cc1Br,CCN(C(C)C)C(C)C,Cc1ccc(-c2ccc(F)cc2)nc1,Cc1ccc2ccc3ccc(C)nc3c2n1,O.[Cl][Ir]([Cl])[Cl],CS(C)=O,CN(C)C=O,18000.0,445.0,32.52354431152344
CCN(CC)c1ccc2oc(=O)c(-c3nc4ccccc4s3)cc2c1,CC(=O)c1ccc(F)cc1Br,CCN(C(C)C)C(C)C,c1ccc(-n2cccn2)cc1,Cc1cccc(-c2cccc(C)n2)n1,O.[Cl][Ir]([Cl])[Cl],CS(C)=O,CN(C)C=O,18000.0,445.0,0.005350000225007534
CCN(CC)c1ccc2oc(=O)c(-c3nc4ccccc4s3)cc2c1,CC(=O)c1ccc(F)cc1Br,CCN(C(C)C)C(C)C,Cc1cnc(-c2ccccc2)cc1-c1ccccc1,Cc1ccc2ccc3ccc(C)nc3c2n1,O.[Cl][Ir]([Cl])[Cl],CS(C)=O,CN(C)C=O,18000.0,445.0,81.21128845214844
CCN(CC)c1ccc2oc(=O)c(-c3nc4ccccc4s3)cc2c1,CC(=O)c1ccc(F)cc1Br,CCN(C(C)C)C(C)C,c1ccc(-n2cccn2)cc1,Cc1ccnc2c1ccc1c(C)ccnc12,O.[Cl][Ir]([Cl])[Cl],CS(C)=O,CN(C)C=O,18000.0,445.0,93.1097412109375
CCN(CC)c1ccc2oc(=O)c(-c3nc4ccccc4s3)cc2c1,CC(=O)c1ccc(F)cc1Br,CCN(C(C)C)C(C)C,c1ccc(-n2cccn2)cc1,O=C1c2cccnc2-c2ncccc21,O.[Cl][Ir]([Cl])[Cl],CS(C)=O,CN(C)C=O,18000.0,445.0,56.09298324584961
CCN(CC)c1ccc2oc(=O)c(-c3nc4ccccc4s3)cc2c1,CC(=O)c1ccc(F)cc1Br,CCN(C(C)C)C(C)C,Cc1ccc(-c2ccc(F)cc2F)nc1,CCCCCCCCCc1ccnc(-c2cc(CCCCCCCCC)ccn2)c1,O.[Cl][Ir]([Cl])[Cl],CS(C)=O,CN(C)C=O,18000.0,445.0,85.20319366455078
CCN(CC)c1ccc2oc(=O)c(-c3nc4ccccc4s3)cc2c1,CC(=O)c1ccc(F)cc1Br,CCN(C(C)C)C(C)C,c1ccc(-c2nc3ccccc3s2)cc1,O=C(O)c1ccnc(-c2cc(C(=O)O)ccn2)c1,O.[Cl][Ir]([Cl])[Cl],CS(C)=O,CN(C)C=O,18000.0,445.0,99.73799896240234
CCN(CC)c1ccc2oc(=O)c(-c3nc4ccccc4s3)cc2c1,CC(=O)c1ccc(F)cc1Br,CCN(C(C)C)C(C)C,Cc1ccc(-c2ccc(N(c3ccccc3)c3ccccc3)cc2)nc1,Cc1ccnc2c1ccc1c(C)ccnc12,O.[Cl][Ir]([Cl])[Cl],CS(C)=O,CN(C)C=O,18000.0,445.0,0.005350000225007534
CCN(CC)c1ccc2oc(=O)c(-c3nc4ccccc4s3)cc2c1,CC(=O)c1ccc(F)cc1Br,CCN(C(C)C)C(C)C,COc1ccc(-c2cc(-c3ccccc3)c(C)cn2)cc1,CC1(C)C(=O)C(C)(C)c2c1c1cccnc1c1ncccc21,O.[Cl][Ir]([Cl])[Cl],CS(C)=O,CN(C)C=O,18000.0,445.0,98.3681869506836
CCN(CC)c1ccc2oc(=O)c(-c3nc4ccccc4s3)cc2c1,CC(=O)c1ccc(F)cc1Br,CCN(C(C)C)C(C)C,c1ccc(-c2ccc(-c3cc(-c4ccccc4)ccn3)cc2)cc1,COc1ccnc(-c2cc(OC)ccn2)c1,O.[Cl][Ir]([Cl])[Cl],CS(C)=O,CN(C)C=O,18000.0,445.0,99.98658752441406
CCN(CC)c1ccc2oc(=O)c(-c3nc4ccccc4s3)cc2c1,CC(=O)c1ccc(F)cc1Br,CCN(C(C)C)C(C)C,COc1ccc(-c2cc(-c3ccccc3)c(C)cn2)cc1,Cc1ccnc2c1ccc1cccnc12,O.[Cl][Ir]([Cl])[Cl],CS(C)=O,CN(C)C=O,18000.0,445.0,98.3681869506836
CCN(CC)c1ccc2oc(=O)c(-c3nc4ccccc4s3)cc2c1,CC(=O)c1ccc(F)cc1Br,CCN(C(C)C)C(C)C,Cc1ccc(-c2ccc(S(C)(=O)=O)cc2)nc1,FC(F)(F)c1ccc(-c2ccc(C(F)(F)F)cn2)nc1,O.[Cl][Ir]([Cl])[Cl],CS(C)=O,CN(C)C=O,18000.0,445.0,0.005350000225007534
CCN(CC)c1ccc2oc(=O)c(-c3nc4ccccc4s3)cc2c1,CC(=O)c1ccc(F)cc1Br,CCN(C(C)C)C(C)C,Clc1ccc(-c2nc3ccccc3o2)cc1,c1ccc(-c2ccnc(-c3cc(-c4ccccc4)ccn3)c2)cc1,O.[Cl][Ir]([Cl])[Cl],CS(C)=O,CN(C)C=O,18000.0,445.0,60.245025634765625
CCN(CC)c1ccc2oc(=O)c(-c3nc4ccccc4s3)cc2c1,CC(=O)c1ccc(F)cc1Br,CCN(C(C)C)C(C)C,Cc1cnc(-c2ccccc2)cc1-c1ccccc1,O=C(O)c1ccnc(-c2cc(C(=O)O)ccn2)c1,O.[Cl][Ir]([Cl])[Cl],CS(C)=O,CN(C)C=O,18000.0,445.0,99.87538146972656
CCN(CC)c1ccc2oc(=O)c(-c3nc4ccccc4s3)cc2c1,CC(=O)c1ccc(F)cc1Br,CCN(C(C)C)C(C)C,Cc1ccc(-c2nc3ccccc3o2)cc1,Cc1ccnc(-c2cc(C)ccn2)c1,O.[Cl][Ir]([Cl])[Cl],CS(C)=O,CN(C)C=O,18000.0,445.0,99.5252456665039
CCN(CC)c1ccc2oc(=O)c(-c3nc4ccccc4s3)cc2c1,CC(=O)c1ccc(F)cc1Br,CCN(C(C)C)C(C)C,c1ccc(-c2ccnc(-c3ccc4ccccc4c3)c2)cc1,c1ccc(-c2ccnc3c2ccc2c(-c4ccccc4)ccnc23)cc1,O.[Cl][Ir]([Cl])[Cl],CS(C)=O,CN(C)C=O,18000.0,445.0,99.95206451416016
CCN(CC)c1ccc2oc(=O)c(-c3nc4ccccc4s3)cc2c1,CC(=O)c1ccc(F)cc1Br,CCN(C(C)C)C(C)C,Cc1ccc(-c2cccc(C#N)c2)nc1,c1ccc(-c2ccccn2)nc1,O.[Cl][Ir]([Cl])[Cl],CS(C)=O,CN(C)C=O,18000.0,445.0,83.19300079345703
CCN(CC)c1ccc2oc(=O)c(-c3nc4ccccc4s3)cc2c1,CC(=O)c1ccc(F)cc1Br,CCN(C(C)C)C(C)C,Clc1ccc(-c2cc(-c3ccccc3)ccn2)cc1,Cc1ccnc2c1ccc1cccnc12,O.[Cl][Ir]([Cl])[Cl],CS(C)=O,CN(C)C=O,18000.0,445.0,96.46984100341797
CCN(CC)c1ccc2oc(=O)c(-c3nc4ccccc4s3)cc2c1,CC(=O)c1ccc(F)cc1Br,CCN(C(C)C)C(C)C,Cc1ccc(-c2ccccc2)nc1,Cc1ccc2ccc3ccc(C)nc3c2n1,O.[Cl][Ir]([Cl])[Cl],CS(C)=O,CN(C)C=O,18000.0,445.0,96.46984100341797
CCN(CC)c1ccc2oc(=O)c(-c3nc4ccccc4s3)cc2c1,CC(=O)c1ccc(F)cc1Br,CCN(C(C)C)C(C)C,COc1ccc(-c2cc(-c3ccccc3)ccn2)cc1,COc1ccnc(-c2cc(OC)ccn2)c1,O.[Cl][Ir]([Cl])[Cl],CS(C)=O,CN(C)C=O,18000.0,445.0,99.87538146972656
CCN(CC)c1ccc2oc(=O)c(-c3nc4ccccc4s3)cc2c1,CC(=O)c1ccc(F)cc1Br,CCN(C(C)C)C(C)C,c1ccc(-n2cccn2)cc1,Cc1ccnc2c1ccc1cccnc12,O.[Cl][Ir]([Cl])[Cl],CS(C)=O,CN(C)C=O,18000.0,445.0,92.1736831665039
CCN(CC)c1ccc2oc(=O)c(-c3nc4ccccc4s3)cc2c1,CC(=O)c1ccc(F)cc1Br,CCN(C(C)C)C(C)C,Cc1cnc(-c2ccccc2)cc1-c1ccccc1,O=C1c2cccnc2-c2ncccc21,O.[Cl][Ir]([Cl])[Cl],CS(C)=O,CN(C)C=O,18000.0,445.0,42.39490509033203
CCN(CC)c1ccc2oc(=O)c(-c3nc4ccccc4s3)cc2c1,CC(=O)c1ccc(F)cc1Br,CCN(C(C)C)C(C)C,c1ccc(-c2nc3ccccc3s2)cc1,O=C1c2cccnc2-c2ncccc21,O.[Cl][Ir]([Cl])[Cl],CS(C)=O,CN(C)C=O,18000.0,445.0,40.81617736816406
CCN(CC)c1ccc2oc(=O)c(-c3nc4ccccc4s3)cc2c1,CC(=O)c1ccc(F)cc1Br,CCN(C(C)C)C(C)C,CCc1ccc(-c2cccc(OC)c2)nc1,Cc1ccc2ccc3ccc(C)nc3c2n1,O.[Cl][Ir]([Cl])[Cl],CS(C)=O,CN(C)C=O,18000.0,445.0,0.005350000225007534
CCN(CC)c1ccc2oc(=O)c(-c3nc4ccccc4s3)cc2c1,CC(=O)c1ccc(F)cc1Br,CCN(C(C)C)C(C)C,COc1ccc(-c2nc3ccccc3s2)cc1,O=C1c2cccnc2-c2ncccc21,O.[Cl][Ir]([Cl])[Cl],CS(C)=O,CN(C)C=O,18000.0,445.0,40.81617736816406
CCN(CC)c1ccc2oc(=O)c(-c3nc4ccccc4s3)cc2c1,CC(=O)c1ccc(F)cc1Br,CCN(C(C)C)C(C)C,c1ccc(-c2ccccn2)cc1,Cc1ccnc2c1ccc1c(C)ccnc12,O.[Cl][Ir]([Cl])[Cl],CS(C)=O,CN(C)C=O,18000.0,445.0,97.810546875
CCN(CC)c1ccc2oc(=O)c(-c3nc4ccccc4s3)cc2c1,CC(=O)c1ccc(F)cc1Br,CCN(C(C)C)C(C)C,Cc1ccc(-c2ccccc2F)nc1,FC(F)(F)c1ccc(-c2ccc(C(F)(F)F)cn2)nc1,O.[Cl][Ir]([Cl])[Cl],CS(C)=O,CN(C)C=O,18000.0,445.0,0.005350000225007534
CCN(CC)c1ccc2oc(=O)c(-c3nc4ccccc4s3)cc2c1,CC(=O)c1ccc(F)cc1Br,CCN(C(C)C)C(C)C,Cc1ccc(-c2cccc(Cl)c2)nc1,Cc1ccnc(-c2cc(C)ccn2)c1,O.[Cl][Ir]([Cl])[Cl],CS(C)=O,CN(C)C=O,18000.0,445.0,99.5252456665039
CCN(CC)c1ccc2oc(=O)c(-c3nc4ccccc4s3)cc2c1,CC(=O)c1ccc(F)cc1Br,CCN(C(C)C)C(C)C,COc1ccc(-c2cc(-c3ccccc3)c(C)cn2)cc1,Cc1cnc2c(ccc3c(C)c(C)cnc32)c1C,O.[Cl][Ir]([Cl])[Cl],CS(C)=O,CN(C)C=O,18000.0,445.0,93.1097412109375
CCN(CC)c1ccc2oc(=O)c(-c3nc4ccccc4s3)cc2c1,CC(=O)c1ccc(F)cc1Br,CCN(C(C)C)C(C)C,c1ccc(-c2ccnc(-c3ccc4ccccc4c3)c2)cc1,Cc1ccnc(-c2cc(C)ccn2)c1,O.[Cl][Ir]([Cl])[Cl],CS(C)=O,CN(C)C=O,18000.0,445.0,99.87538146972656
CCN(CC)c1ccc2oc(=O)c(-c3nc4ccccc4s3)cc2c1,CC(=O)c1ccc(F)cc1Br,CCN(C(C)C)C(C)C,Cc1ccc(-c2ccc(F)cc2)nc1,Cc1ccnc2c1ccc1cccnc12,O.[Cl][Ir]([Cl])[Cl],CS(C)=O,CN(C)C=O,18000.0,445.0,94.88140869140625
CCN(CC)c1ccc2oc(=O)c(-c3nc4ccccc4s3)cc2c1,CC(=O)c1ccc(F)cc1Br,CCN(C(C)C)C(C)C,Cc1ccc(-c2ccc3ccccc3c2)nc1,FC(F)(F)c1ccc(-c2ccc(C(F)(F)F)cn2)nc1,O.[Cl][Ir]([Cl])[Cl],CS(C)=O,CN(C)C=O,18000.0,445.0,0.005350000225007534
CCN(CC)c1ccc2oc(=O)c(-c3nc4ccccc4s3)cc2c1,CC(=O)c1ccc(F)cc1Br,CCN(C(C)C)C(C)C,Cc1ccc(-c2ccc(F)cc2)nc1,O=C1c2cccnc2-c2ncccc21,O.[Cl][Ir]([Cl])[Cl],CS(C)=O,CN(C)C=O,18000.0,445.0,0.005350000225007534
CCN(CC)c1ccc2oc(=O)c(-c3nc4ccccc4s3)cc2c1,CC(=O)c1ccc(F)cc1Br,CCN(C(C)C)C(C)C,CCc1ccc(-c2ccc(Cl)cc2)nc1,c1ccc(-c2ccccn2)nc1,O.[Cl][Ir]([Cl])[Cl],CS(C)=O,CN(C)C=O,18000.0,445.0,98.84195709228516
CCN(CC)c1ccc2oc(=O)c(-c3nc4ccccc4s3)cc2c1,CC(=O)c1ccc(F)cc1Br,CCN(C(C)C)C(C)C,CCc1ccc(-c2cccc(OC)c2)nc1,Cc1cccc(-c2cccc(C)n2)n1,O.[Cl][Ir]([Cl])[Cl],CS(C)=O,CN(C)C=O,18000.0,445.0,0.005350000225007534
CCN(CC)c1ccc2oc(=O)c(-c3nc4ccccc4s3)cc2c1,CC(=O)c1ccc(F)cc1Br,CCN(C(C)C)C(C)C,c1ccc(-c2ccnc(-c3ccc(N4CCCC4)cc3)c2)cc1,Cc1cc2cccnc2c2ncccc12,O.[Cl][Ir]([Cl])[Cl],CS(C)=O,CN(C)C=O,18000.0,445.0,64.9727554321289
CCN(CC)c1ccc2oc(=O)c(-c3nc4ccccc4s3)cc2c1,CC(=O)c1ccc(F)cc1Br,CCN(C(C)C)C(C)C,c1ccc(Cc2ccccn2)cc1,O=C1c2cccnc2-c2ncccc21,O.[Cl][Ir]([Cl])[Cl],CS(C)=O,CN(C)C=O,18000.0,445.0,0.005350000225007534
CCN(CC)c1ccc2oc(=O)c(-c3nc4ccccc4s3)cc2c1,CC(=O)c1ccc(F)cc1Br,CCN(C(C)C)C(C)C,Cc1ccc(-c2ccccc2)nc1,O=C(O)c1ccnc(-c2cc(C(=O)O)ccn2)c1,O.[Cl][Ir]([Cl])[Cl],CS(C)=O,CN(C)C=O,18000.0,445.0,99.98658752441406
CCN(CC)c1ccc2oc(=O)c(-c3nc4ccccc4s3)cc2c1,CC(=O)c1ccc(F)cc1Br,CCN(C(C)C)C(C)C,Cc1ccc(-c2nc3ccccc3o2)cc1,Cc1cnc2c(ccc3c(C)c(C)cnc32)c1C,O.[Cl][Ir]([Cl])[Cl],CS(C)=O,CN(C)C=O,18000.0,445.0,85.20319366455078
CCN(CC)c1ccc2oc(=O)c(-c3nc4ccccc4s3)cc2c1,CC(=O)c1ccc(F)cc1Br,CCN(C(C)C)C(C)C,COc1ccc(-c2nc3ccccc3o2)cc1,CC1(C)C(=O)C(C)(C)c2c1c1cccnc1c1ncccc21,O.[Cl][Ir]([Cl])[Cl],CS(C)=O,CN(C)C=O,18000.0,445.0,75.53501892089844
CCN(CC)c1ccc2oc(=O)c(-c3nc4ccccc4s3)cc2c1,CC(=O)c1ccc(F)cc1Br,CCN(C(C)C)C(C)C,COc1cccc(-c2ccc(C)cn2)c1,c1ccc(-c2ccccn2)nc1,O.[Cl][Ir]([Cl])[Cl],CS(C)=O,CN(C)C=O,18000.0,445.0,0.005350000225007534
CCN(CC)c1ccc2oc(=O)c(-c3nc4ccccc4s3)cc2c1,CC(=O)c1ccc(F)cc1Br,CCN(C(C)C)C(C)C,Cc1ccc(-c2ccc(OC(F)(F)F)cc2)nc1,COc1ccnc(-c2cc(OC)ccn2)c1,O.[Cl][Ir]([Cl])[Cl],CS(C)=O,CN(C)C=O,18000.0,445.0,79.26953887939453
CCN(CC)c1ccc2oc(=O)c(-c3nc4ccccc4s3)cc2c1,CC(=O)c1ccc(F)cc1Br,CCN(C(C)C)C(C)C,c1ccc(-c2ccc(-c3cc(-c4ccccc4)ccn3)cc2)cc1,Cc1ccnc2c1ccc1cccnc12,O.[Cl][Ir]([Cl])[Cl],CS(C)=O,CN(C)C=O,18000.0,445.0,99.99774932861328
CCN(CC)c1ccc2oc(=O)c(-c3nc4ccccc4s3)cc2c1,CC(=O)c1ccc(F)cc1Br,CCN(C(C)C)C(C)C,FC(F)(F)Oc1ccc(-c2nc3ccccc3s2)cc1,Cc1ccnc2c1ccc1cccnc12,O.[Cl][Ir]([Cl])[Cl],CS(C)=O,CN(C)C=O,18000.0,445.0,98.84195709228516
CCN(CC)c1ccc2oc(=O)c(-c3nc4ccccc4s3)cc2c1,CC(=O)c1ccc(F)cc1Br,CCN(C(C)C)C(C)C,c1ccc2c(c1)ccc1cccnc12,O=C1c2cccnc2-c2ncccc21,O.[Cl][Ir]([Cl])[Cl],CS(C)=O,CN(C)C=O,18000.0,445.0,0.005350000225007534
CCN(CC)c1ccc2oc(=O)c(-c3nc4ccccc4s3)cc2c1,CC(=O)c1ccc(F)cc1Br,CCN(C(C)C)C(C)C,c1ccc(Cc2ccccn2)cc1,Cc1ccnc(-c2cc(C)ccn2)c1,O.[Cl][Ir]([Cl])[Cl],CS(C)=O,CN(C)C=O,18000.0,445.0,56.654048919677734
CCN(CC)c1ccc2oc(=O)c(-c3nc4ccccc4s3)cc2c1,CC(=O)c1ccc(F)cc1Br,CCN(C(C)C)C(C)C,Fc1ccc(-c2nc3ccccc3o2)cc1,O=C1c2cccnc2-c2ncccc21,O.[Cl][Ir]([Cl])[Cl],CS(C)=O,CN(C)C=O,18000.0,445.0,0.005350000225007534
CCN(CC)c1ccc2oc(=O)c(-c3nc4ccccc4s3)cc2c1,CC(=O)c1ccc(F)cc1Br,CCN(C(C)C)C(C)C,Cc1ccc(-c2cccc(C#N)c2)nc1,Cc1cnc2c(ccc3c(C)c(C)cnc32)c1C,O.[Cl][Ir]([Cl])[Cl],CS(C)=O,CN(C)C=O,18000.0,445.0,72.88026428222656
CCN(CC)c1ccc2oc(=O)c(-c3nc4ccccc4s3)cc2c1,CC(=O)c1ccc(F)cc1Br,CCN(C(C)C)C(C)C,Fc1ccc(-c2cc(-c3ccccc3)ccn2)cc1,O=C1c2cccnc2-c2ncccc21,O.[Cl][Ir]([Cl])[Cl],CS(C)=O,CN(C)C=O,18000.0,445.0,30.855667114257812
CCN(CC)c1ccc2oc(=O)c(-c3nc4ccccc4s3)cc2c1,CC(=O)c1ccc(F)cc1Br,CCN(C(C)C)C(C)C,c1ccc(-c2nc3ccccc3o2)cc1,c1ccc(-c2ccnc(-c3cc(-c4ccccc4)ccn3)c2)cc1,O.[Cl][Ir]([Cl])[Cl],CS(C)=O,CN(C)C=O,18000.0,445.0,91.21280670166016
CCN(CC)c1ccc2oc(=O)c(-c3nc4ccccc4s3)cc2c1,CC(=O)c1ccc(F)cc1Br,CCN(C(C)C)C(C)C,c1ccc(-c2ccccn2)cc1,c1ccc2nc(-c3ccc4ccccc4n3)ccc2c1,O.[Cl][Ir]([Cl])[Cl],CS(C)=O,CN(C)C=O,18000.0,445.0,0.005350000225007534
CCN(CC)c1ccc2oc(=O)c(-c3nc4ccccc4s3)cc2c1,CC(=O)c1ccc(F)cc1Br,CCN(C(C)C)C(C)C,c1ccc2cc(-c3nc4ccccc4o3)ccc2c1,Cc1ccc(-c2ccc(C)cn2)nc1,O.[Cl][Ir]([Cl])[Cl],CS(C)=O,CN(C)C=O,18000.0,445.0,75.53501892089844
CCN(CC)c1ccc2oc(=O)c(-c3nc4ccccc4s3)cc2c1,CC(=O)c1ccc(F)cc1Br,CCN(C(C)C)C(C)C,Cc1ccc(-c2ccc(C)cn2)cc1,Cc1ccnc2c1ccc1c(C)ccnc12,O.[Cl][Ir]([Cl])[Cl],CS(C)=O,CN(C)C=O,18000.0,445.0,85.20319366455078
CCN(CC)c1ccc2oc(=O)c(-c3nc4ccccc4s3)cc2c1,CC(=O)c1ccc(F)cc1Br,CCN(C(C)C)C(C)C,CCc1ccc(-c2cccc(OC)c2)nc1,CCCCCCCCCc1ccnc(-c2cc(CCCCCCCCC)ccn2)c1,O.[Cl][Ir]([Cl])[Cl],CS(C)=O,CN(C)C=O,18000.0,445.0,0.005350000225007534
CCN(CC)c1ccc2oc(=O)c(-c3nc4ccccc4s3)cc2c1,CC(=O)c1ccc(F)cc1Br,CCN(C(C)C)C(C)C,Cc1ccc(-c2ccc(C#N)cc2)nc1,Cc1ccc2ccc3ccc(C)nc3c2n1,O.[Cl][Ir]([Cl])[Cl],CS(C)=O,CN(C)C=O,18000.0,445.0,81.21128845214844
CCN(CC)c1ccc2oc(=O)c(-c3nc4ccccc4s3)cc2c1,CC(=O)c1ccc(F)cc1Br,CCN(C(C)C)C(C)C,CCc1ccc(-c2cccc(OC)c2)nc1,Cc1ccc(-c2ccc(C)cn2)nc1,O.[Cl][Ir]([Cl])[Cl],CS(C)=O,CN(C)C=O,18000.0,445.0,0.005350000225007534
CCN(CC)c1ccc2oc(=O)c(-c3nc4ccccc4s3)cc2c1,CC(=O)c1ccc(F)cc1Br,CCN(C(C)C)C(C)C,COc1ccc(-c2nc3ccccc3o2)cc1,Cc1ccc2ccc3ccc(C)nc3c2n1,O.[Cl][Ir]([Cl])[Cl],CS(C)=O,CN(C)C=O,18000.0,445.0,78.31624603271484
CCN(CC)c1ccc2oc(=O)c(-c3nc4ccccc4s3)cc2c1,CC(=O)c1ccc(F)cc1Br,CCN(C(C)C)C(C)C,Cc1cnc(-c2ccccc2)cc1-c1ccccc1,Cc1ccc(-c2ccc(C)cn2)nc1,O.[Cl][Ir]([Cl])[Cl],CS(C)=O,CN(C)C=O,18000.0,445.0,95.70247650146484
CCN(CC)c1ccc2oc(=O)c(-c3nc4ccccc4s3)cc2c1,CC(=O)c1ccc(F)cc1Br,CCN(C(C)C)C(C)C,COc1cccc(-c2cc(-c3ccccc3)c(C)cn2)c1,COc1ccnc(-c2cc(OC)ccn2)c1,O.[Cl][Ir]([Cl])[Cl],CS(C)=O,CN(C)C=O,18000.0,445.0,0.005350000225007534
CCN(CC)c1ccc2oc(=O)c(-c3nc4ccccc4s3)cc2c1,CC(=O)c1ccc(F)cc1Br,CCN(C(C)C)C(C)C,Cc1ccc(-c2ccccc2F)nc1,CC(C)(C)c1ccnc(-c2cc(C(C)(C)C)ccn2)c1,O.[Cl][Ir]([Cl])[Cl],CS(C)=O,CN(C)C=O,18000.0,445.0,99.5252456665039
CCN(CC)c1ccc2oc(=O)c(-c3nc4ccccc4s3)cc2c1,CC(=O)c1ccc(F)cc1Br,CCN(C(C)C)C(C)C,Cc1ccc(-c2ccc(F)cc2)nc1,Cc1ccnc(-c2cc(C)ccn2)c1,O.[Cl][Ir]([Cl])[Cl],CS(C)=O,CN(C)C=O,18000.0,445.0,75.53501892089844
CCN(CC)c1ccc2oc(=O)c(-c3nc4ccccc4s3)cc2c1,CC(=O)c1ccc(F)cc1Br,CCN(C(C)C)C(C)C,Cc1ccc(-c2ccc(S(C)(=O)=O)cc2)nc1,c1ccc2nc(-c3ccc4ccccc4n3)ccc2c1,O.[Cl][Ir]([Cl])[Cl],CS(C)=O,CN(C)C=O,18000.0,445.0,0.005350000225007534
CCN(CC)c1ccc2oc(=O)c(-c3nc4ccccc4s3)cc2c1,CC(=O)c1ccc(F)cc1Br,CCN(C(C)C)C(C)C,COc1ccc(-c2cc(-c3ccccc3)ccn2)cc1,Cc1cccc(-c2cccc(C)n2)n1,O.[Cl][Ir]([Cl])[Cl],CS(C)=O,CN(C)C=O,18000.0,445.0,38.244873046875
CCN(CC)c1ccc2oc(=O)c(-c3nc4ccccc4s3)cc2c1,CC(=O)c1ccc(F)cc1Br,CCN(C(C)C)C(C)C,Cc1ccc(-c2ccc(S(C)(=O)=O)cc2)nc1,O=C1c2cccnc2-c2ncccc21,O.[Cl][Ir]([Cl])[Cl],CS(C)=O,CN(C)C=O,18000.0,445.0,73.75070190429688
CCN(CC)c1ccc2oc(=O)c(-c3nc4ccccc4s3)cc2c1,CC(=O)c1ccc(F)cc1Br,CCN(C(C)C)C(C)C,FC(F)(F)c1ccc(-c2nc3ccccc3o2)cc1,c1ccc(-c2ccnc3c2ccc2c(-c4ccccc4)ccnc23)cc1,O.[Cl][Ir]([Cl])[Cl],CS(C)=O,CN(C)C=O,18000.0,445.0,92.1736831665039
CCN(CC)c1ccc2oc(=O)c(-c3nc4ccccc4s3)cc2c1,CC(=O)c1ccc(F)cc1Br,CCN(C(C)C)C(C)C,Cc1ccc(-c2cccc(Cl)c2)nc1,FC(F)(F)c1ccc(-c2ccc(C(F)(F)F)cn2)nc1,O.[Cl][Ir]([Cl])[Cl],CS(C)=O,CN(C)C=O,18000.0,445.0,0.005350000225007534
CCN(CC)c1ccc2oc(=O)c(-c3nc4ccccc4s3)cc2c1,CC(=O)c1ccc(F)cc1Br,CCN(C(C)C)C(C)C,COc1cccc(-c2cc(-c3ccccc3)ccn2)c1,COc1ccnc(-c2cc(OC)ccn2)c1,O.[Cl][Ir]([Cl])[Cl],CS(C)=O,CN(C)C=O,18000.0,445.0,37.97853469848633
CCN(CC)c1ccc2oc(=O)c(-c3nc4ccccc4s3)cc2c1,CC(=O)c1ccc(F)cc1Br,CCN(C(C)C)C(C)C,Fc1ccc(-c2ccccn2)cc1,COc1ccnc(-c2cc(OC)ccn2)c1,O.[Cl][Ir]([Cl])[Cl],CS(C)=O,CN(C)C=O,18000.0,445.0,98.84195709228516
CCN(CC)c1ccc2oc(=O)c(-c3nc4ccccc4s3)cc2c1,CC(=O)c1ccc(F)cc1Br,CCN(C(C)C)C(C)C,CCc1ccc(-c2ccc(Cl)cc2)nc1,O=C1c2cccnc2-c2ncccc21,O.[Cl][Ir]([Cl])[Cl],CS(C)=O,CN(C)C=O,18000.0,445.0,30.1673641204834
CCN(CC)c1ccc2oc(=O)c(-c3nc4ccccc4s3)cc2c1,CC(=O)c1ccc(F)cc1Br,CCN(C(C)C)C(C)C,Cc1ccc(-c2ccc(N(c3ccccc3)c3ccccc3)cc2)nc1,Cc1cc2cccnc2c2ncccc12,O.[Cl][Ir]([Cl])[Cl],CS(C)=O,CN(C)C=O,18000.0,445.0,0.005350000225007534
CCN(CC)c1ccc2oc(=O)c(-c3nc4ccccc4s3)cc2c1,CC(=O)c1ccc(F)cc1Br,CCN(C(C)C)C(C)C,Cc1ccc(-c2ccc(C#N)cc2)nc1,O=C1C(=O)c2cccnc2-c2ncccc21,O.[Cl][Ir]([Cl])[Cl],CS(C)=O,CN(C)C=O,18000.0,445.0,52.43498992919922
CCN(CC)c1ccc2oc(=O)c(-c3nc4ccccc4s3)cc2c1,CC(=O)c1ccc(F)cc1Br,CCN(C(C)C)C(C)C,COc1ccc(-c2nc3ccccc3o2)cc1,Cc1cccc(-c2cccc(C)n2)n1,O.[Cl][Ir]([Cl])[Cl],CS(C)=O,CN(C)C=O,18000.0,445.0,0.005350000225007534
CCN(CC)c1ccc2oc(=O)c(-c3nc4ccccc4s3)cc2c1,CC(=O)c1ccc(F)cc1Br,CCN(C(C)C)C(C)C,FC(F)(F)c1ccc(-c2nc3ccccc3s2)cc1,c1cnc2c(c1)ccc1cccnc12,O.[Cl][Ir]([Cl])[Cl],CS(C)=O,CN(C)C=O,18000.0,445.0,94.88140869140625
CCN(CC)c1ccc2oc(=O)c(-c3nc4ccccc4s3)cc2c1,CC(=O)c1ccc(F)cc1Br,CCN(C(C)C)C(C)C,c1ccc(-c2ccnc(-c3ccc(N4CCCC4)cc3)c2)cc1,Cc1ccc(-c2ccc(C)cn2)nc1,O.[Cl][Ir]([Cl])[Cl],CS(C)=O,CN(C)C=O,18000.0,445.0,81.21128845214844
CCN(CC)c1ccc2oc(=O)c(-c3nc4ccccc4s3)cc2c1,CC(=O)c1ccc(F)cc1Br,CCN(C(C)C)C(C)C,Cc1ccc(-c2ccc(C#N)cc2)nc1,Cc1ccc(-c2ccc(C)cn2)nc1,O.[Cl][Ir]([Cl])[Cl],CS(C)=O,CN(C)C=O,18000.0,445.0,87.22576904296875
CCN(CC)c1ccc2oc(=O)c(-c3nc4ccccc4s3)cc2c1,CC(=O)c1ccc(F)cc1Br,CCN(C(C)C)C(C)C,Cc1ccc(-c2ccccc2)nc1,CC(C)(O)Cc1ccc(-c2ccc(CC(C)(C)O)cn2)nc1,O.[Cl][Ir]([Cl])[Cl],CS(C)=O,CN(C)C=O,18000.0,445.0,99.73799896240234
CCN(CC)c1ccc2oc(=O)c(-c3nc4ccccc4s3)cc2c1,CC(=O)c1ccc(F)cc1Br,CCN(C(C)C)C(C)C,COc1ccc(-c2ccc(C)cn2)cc1,Cc1ccnc2c1ccc1cccnc12,O.[Cl][Ir]([Cl])[Cl],CS(C)=O,CN(C)C=O,18000.0,445.0,99.5252456665039
CCN(CC)c1ccc2oc(=O)c(-c3nc4ccccc4s3)cc2c1,CC(=O)c1ccc(F)cc1Br,CCN(C(C)C)C(C)C,Cc1ccc(-c2cccc(C#N)c2)nc1,c1ccc(-c2ccnc3c2ccc2c(-c4ccccc4)ccnc23)cc1,O.[Cl][Ir]([Cl])[Cl],CS(C)=O,CN(C)C=O,18000.0,445.0,87.22576904296875
CCN(CC)c1ccc2oc(=O)c(-c3nc4ccccc4s3)cc2c1,CC(=O)c1ccc(F)cc1Br,CCN(C(C)C)C(C)C,c1ccc(-c2ccc(-c3cc(-c4ccccc4)ccn3)cc2)cc1,O=C1C(=O)c2cccnc2-c2ncccc21,O.[Cl][Ir]([Cl])[Cl],CS(C)=O,CN(C)C=O,18000.0,445.0,81.21128845214844
CCN(CC)c1ccc2oc(=O)c(-c3nc4ccccc4s3)cc2c1,CC(=O)c1ccc(F)cc1Br,CCN(C(C)C)C(C)C,CCc1ccc(-c2cccc(OC)c2)nc1,Cc1cc(-c2ccccc2)c2ccc3c(-c4ccccc4)cc(C)nc3c2n1,O.[Cl][Ir]([Cl])[Cl],CS(C)=O,CN(C)C=O,18000.0,445.0,0.005350000225007534
CCN(CC)c1ccc2oc(=O)c(-c3nc4ccccc4s3)cc2c1,CC(=O)c1ccc(F)cc1Br,CCN(C(C)C)C(C)C,Fc1ccc(-c2cc(-c3ccccc3)ccn2)cc1,COc1ccnc(-c2cc(OC)ccn2)c1,O.[Cl][Ir]([Cl])[Cl],CS(C)=O,CN(C)C=O,18000.0,445.0,99.98658752441406
CCN(CC)c1ccc2oc(=O)c(-c3nc4ccccc4s3)cc2c1,CC(=O)c1ccc(F)cc1Br,CCN(C(C)C)C(C)C,Fc1ccc(-c2nc3ccccc3o2)cc1,O=C1C(=O)c2cccnc2-c2ncccc21,O.[Cl][Ir]([Cl])[Cl],CS(C)=O,CN(C)C=O,18000.0,445.0,56.09298324584961
CCN(CC)c1ccc2oc(=O)c(-c3nc4ccccc4s3)cc2c1,CC(=O)c1ccc(F)cc1Br,CCN(C(C)C)C(C)C,Cc1ccc(-c2ccc(C)cn2)cc1,Cc1ccnc2c1ccc1cccnc12,O.[Cl][Ir]([Cl])[Cl],CS(C)=O,CN(C)C=O,18000.0,445.0,84.19541931152344
CCN(CC)c1ccc2oc(=O)c(-c3nc4ccccc4s3)cc2c1,CC(=O)c1ccc(F)cc1Br,CCN(C(C)C)C(C)C,Cc1ccc(-c2ccc(-c3ccccc3)cc2)nc1,Cc1ccnc2c1ccc1cccnc12,O.[Cl][Ir]([Cl])[Cl],CS(C)=O,CN(C)C=O,18000.0,445.0,98.3681869506836
CCN(CC)c1ccc2oc(=O)c(-c3nc4ccccc4s3)cc2c1,CC(=O)c1ccc(F)cc1Br,CCN(C(C)C)C(C)C,COc1ccc(-c2ccc(C)cn2)cc1,c1ccc(-c2ccnc3c2ccc2c(-c4ccccc4)ccnc23)cc1,O.[Cl][Ir]([Cl])[Cl],CS(C)=O,CN(C)C=O,18000.0,445.0,99.87538146972656
CCN(CC)c1ccc2oc(=O)c(-c3nc4ccccc4s3)cc2c1,CC(=O)c1ccc(F)cc1Br,CCN(C(C)C)C(C)C,Fc1ccc(-c2ccccn2)cc1,O=C1C(=O)c2cccnc2-c2ncccc21,O.[Cl][Ir]([Cl])[Cl],CS(C)=O,CN(C)C=O,18000.0,445.0,85.20319366455078
CCN(CC)c1ccc2oc(=O)c(-c3nc4ccccc4s3)cc2c1,CC(=O)c1ccc(F)cc1Br,CCN(C(C)C)C(C)C,COc1ccc(-c2nc3ccccc3s2)cc1,c1cnc2c(c1)ccc1cccnc12,O.[Cl][Ir]([Cl])[Cl],CS(C)=O,CN(C)C=O,18000.0,445.0,99.22785186767578
CCN(CC)c1ccc2oc(=O)c(-c3nc4ccccc4s3)cc2c1,CC(=O)c1ccc(F)cc1Br,CCN(C(C)C)C(C)C,Cc1cnc(-c2ccccc2)cc1-c1ccccc1,Cc1cccc(-c2cccc(C)n2)n1,O.[Cl][Ir]([Cl])[Cl],CS(C)=O,CN(C)C=O,18000.0,445.0,0.005350000225007534
CCN(CC)c1ccc2oc(=O)c(-c3nc4ccccc4s3)cc2c1,CC(=O)c1ccc(F)cc1Br,CCN(C(C)C)C(C)C,COc1ccc(-c2ccc(C)cn2)cc1,c1ccc(-c2ccnc(-c3cc(-c4ccccc4)ccn3)c2)cc1,O.[Cl][Ir]([Cl])[Cl],CS(C)=O,CN(C)C=O,18000.0,445.0,94.0146484375
CCN(CC)c1ccc2oc(=O)c(-c3nc4ccccc4s3)cc2c1,CC(=O)c1ccc(F)cc1Br,CCN(C(C)C)C(C)C,COc1ccc(-c2cc(-c3ccccc3)ccn2)cc1,CC(C)(O)Cc1ccc(-c2ccc(CC(C)(C)O)cn2)nc1,O.[Cl][Ir]([Cl])[Cl],CS(C)=O,CN(C)C=O,18000.0,445.0,99.99774932861328
CCN(CC)c1ccc2oc(=O)c(-c3nc4ccccc4s3)cc2c1,CC(=O)c1ccc(F)cc1Br,CCN(C(C)C)C(C)C,FC(F)(F)Oc1ccc(-c2nc3ccccc3s2)cc1,Cc1cnc2c(ccc3c(C)c(C)cnc32)c1C,O.[Cl][Ir]([Cl])[Cl],CS(C)=O,CN(C)C=O,18000.0,445.0,88.23509979248047
CCN(CC)c1ccc2oc(=O)c(-c3nc4ccccc4s3)cc2c1,CC(=O)c1ccc(F)cc1Br,CCN(C(C)C)C(C)C,Cc1ccc(-c2ccc(S(C)(=O)=O)cc2)nc1,Cc1ccnc2c1ccc1c(C)ccnc12,O.[Cl][Ir]([Cl])[Cl],CS(C)=O,CN(C)C=O,18000.0,445.0,94.88140869140625
CCN(CC)c1ccc2oc(=O)c(-c3nc4ccccc4s3)cc2c1,CC(=O)c1ccc(F)cc1Br,CCN(C(C)C)C(C)C,FC(F)(F)Oc1ccc(-c2nc3ccccc3s2)cc1,CC(C)(C)c1ccnc(-c2cc(C(C)(C)C)ccn2)c1,O.[Cl][Ir]([Cl])[Cl],CS(C)=O,CN(C)C=O,18000.0,445.0,99.95206451416016
CCN(CC)c1ccc2oc(=O)c(-c3nc4ccccc4s3)cc2c1,CC(=O)c1ccc(F)cc1Br,CCN(C(C)C)C(C)C,Cc1ccc(-c2nc3ccccc3o2)cc1,Cc1ccc2ccc3ccc(C)nc3c2n1,O.[Cl][Ir]([Cl])[Cl],CS(C)=O,CN(C)C=O,18000.0,445.0,91.21280670166016
CCN(CC)c1ccc2oc(=O)c(-c3nc4ccccc4s3)cc2c1,CC(=O)c1ccc(F)cc1Br,CCN(C(C)C)C(C)C,Cc1ccc(-c2ccc3ccccc3c2)nc1,Cc1ccc(-c2ccc(C)cn2)nc1,O.[Cl][Ir]([Cl])[Cl],CS(C)=O,CN(C)C=O,18000.0,445.0,93.1097412109375
CCN(CC)c1ccc2oc(=O)c(-c3nc4ccccc4s3)cc2c1,CC(=O)c1ccc(F)cc1Br,CCN(C(C)C)C(C)C,CCc1ccc(-c2ccccc2)nc1,c1ccc(-c2ccccn2)nc1,O.[Cl][Ir]([Cl])[Cl],CS(C)=O,CN(C)C=O,18000.0,445.0,99.5252456665039
CCN(CC)c1ccc2oc(=O)c(-c3nc4ccccc4s3)cc2c1,CC(=O)c1ccc(F)cc1Br,CCN(C(C)C)C(C)C,c1ccc(Cc2ccccn2)cc1,Cc1ccnc2c1ccc1cccnc12,O.[Cl][Ir]([Cl])[Cl],CS(C)=O,CN(C)C=O,18000.0,445.0,93.1097412109375
CCN(CC)c1ccc2oc(=O)c(-c3nc4ccccc4s3)cc2c1,CC(=O)c1ccc(F)cc1Br,CCN(C(C)C)C(C)C,COc1ccc(-c2nc3ccccc3s2)cc1,COc1ccnc(-c2cc(OC)ccn2)c1,O.[Cl][Ir]([Cl])[Cl],CS(C)=O,CN(C)C=O,18000.0,445.0,99.95206451416016
CCN(CC)c1ccc2oc(=O)c(-c3nc4ccccc4s3)cc2c1,CC(=O)c1ccc(F)cc1Br,CCN(C(C)C)C(C)C,COc1ccc(-c2nc3ccccc3o2)cc1,CS(C)=O,O.[Cl][Ir]([Cl])[Cl],CS(C)=O,CN(C)C=O,18000.0,445.0,0.005350000225007534
CCN(CC)c1ccc2oc(=O)c(-c3nc4ccccc4s3)cc2c1,CC(=O)c1ccc(F)cc1Br,CCN(C(C)C)C(C)C,c1ccc(-c2nc3ccccc3s2)cc1,COc1ccnc(-c2cc(OC)ccn2)c1,O.[Cl][Ir]([Cl])[Cl],CS(C)=O,CN(C)C=O,18000.0,445.0,99.87538146972656
CCN(CC)c1ccc2oc(=O)c(-c3nc4ccccc4s3)cc2c1,CC(=O)c1ccc(F)cc1Br,CCN(C(C)C)C(C)C,Cc1ccc(-c2ccc(F)cc2F)nc1,CC1(C)C(=O)C(C)(C)c2c1c1cccnc1c1ncccc21,O.[Cl][Ir]([Cl])[Cl],CS(C)=O,CN(C)C=O,18000.0,445.0,73.75070190429688
CCN(CC)c1ccc2oc(=O)c(-c3nc4ccccc4s3)cc2c1,CC(=O)c1ccc(F)cc1Br,CCN(C(C)C)C(C)C,COc1ccc(-c2nc3ccccc3s2)cc1,CCCCCCCCCc1ccnc(-c2cc(CCCCCCCCC)ccn2)c1,O.[Cl][Ir]([Cl])[Cl],CS(C)=O,CN(C)C=O,18000.0,445.0,99.99774932861328
CCN(CC)c1ccc2oc(=O)c(-c3nc4ccccc4s3)cc2c1,CC(=O)c1ccc(F)cc1Br,CCN(C(C)C)C(C)C,COc1ccc(-c2cc(-c3ccccc3)ccn2)cc1,c1ccc2nc(-c3ccc4ccccc4n3)ccc2c1,O.[Cl][Ir]([Cl])[Cl],CS(C)=O,CN(C)C=O,18000.0,445.0,0.005350000225007534
CCN(CC)c1ccc2oc(=O)c(-c3nc4ccccc4s3)cc2c1,CC(=O)c1ccc(F)cc1Br,CCN(C(C)C)C(C)C,Cc1ccc(-c2ccc(F)cc2F)nc1,Cc1ccc2ccc3ccc(C)nc3c2n1,O.[Cl][Ir]([Cl])[Cl],CS(C)=O,CN(C)C=O,18000.0,445.0,57.22541427612305
CCN(CC)c1ccc2oc(=O)c(-c3nc4ccccc4s3)cc2c1,CC(=O)c1ccc(F)cc1Br,CCN(C(C)C)C(C)C,Cc1ccc(-c2cccc(F)c2)nc1,Cc1ccc2ccc3ccc(C)nc3c2n1,O.[Cl][Ir]([Cl])[Cl],CS(C)=O,CN(C)C=O,18000.0,445.0,99.22785186767578
CCN(CC)c1ccc2oc(=O)c(-c3nc4ccccc4s3)cc2c1,CC(=O)c1ccc(F)cc1Br,CCN(C(C)C)C(C)C,CCc1ccc(-c2ccc(Cl)cc2)nc1,Cc1cccc(-c2cccc(C)n2)n1,O.[Cl][Ir]([Cl])[Cl],CS(C)=O,CN(C)C=O,18000.0,445.0,0.005350000225007534
CCN(CC)c1ccc2oc(=O)c(-c3nc4ccccc4s3)cc2c1,CC(=O)c1ccc(F)cc1Br,CCN(C(C)C)C(C)C,Cc1ccc(-c2ccc(OC(F)(F)F)cc2)nc1,Cc1cc(-c2ccccc2)c2ccc3c(-c4ccccc4)cc(C)nc3c2n1,O.[Cl][Ir]([Cl])[Cl],CS(C)=O,CN(C)C=O,18000.0,445.0,95.70247650146484
CCN(CC)c1ccc2oc(=O)c(-c3nc4ccccc4s3)cc2c1,CC(=O)c1ccc(F)cc1Br,CCN(C(C)C)C(C)C,Cc1ccc(-c2cccc(C#N)c2)nc1,c1ccc(-c2ccnc(-c3cc(-c4ccccc4)ccn3)c2)cc1,O.[Cl][Ir]([Cl])[Cl],CS(C)=O,CN(C)C=O,18000.0,445.0,61.53337860107422
CCN(CC)c1ccc2oc(=O)c(-c3nc4ccccc4s3)cc2c1,CC(=O)c1ccc(F)cc1Br,CCN(C(C)C)C(C)C,Clc1ccc(-c2nc3ccccc3s2)cc1,CCCCCCCCCc1ccnc(-c2cc(CCCCCCCCC)ccn2)c1,O.[Cl][Ir]([Cl])[Cl],CS(C)=O,CN(C)C=O,18000.0,445.0,99.98658752441406
CCN(CC)c1ccc2oc(=O)c(-c3nc4ccccc4s3)cc2c1,CC(=O)c1ccc(F)cc1Br,CCN(C(C)C)C(C)C,Cc1ccc(-c2cccc(C#N)c2)nc1,FC(F)(F)c1ccc(-c2ccc(C(F)(F)F)cn2)nc1,O.[Cl][Ir]([Cl])[Cl],CS(C)=O,CN(C)C=O,18000.0,445.0,0.005350000225007534
CCN(CC)c1ccc2oc(=O)c(-c3nc4ccccc4s3)cc2c1,CC(=O)c1ccc(F)cc1Br,CCN(C(C)C)C(C)C,Cc1ccc(-c2cccc(C#N)c2)nc1,O=C1c2cccnc2-c2ncccc21,O.[Cl][Ir]([Cl])[Cl],CS(C)=O,CN(C)C=O,18000.0,445.0,0.005350000225007534
CCN(CC)c1ccc2oc(=O)c(-c3nc4ccccc4s3)cc2c1,CC(=O)c1ccc(F)cc1Br,CCN(C(C)C)C(C)C,Cc1ccc(-c2ccc3ccccc3c2)nc1,O=C(O)c1ccnc(-c2cc(C(=O)O)ccn2)c1,O.[Cl][Ir]([Cl])[Cl],CS(C)=O,CN(C)C=O,18000.0,445.0,99.95206451416016
CCN(CC)c1ccc2oc(=O)c(-c3nc4ccccc4s3)cc2c1,CC(=O)c1ccc(F)cc1Br,CCN(C(C)C)C(C)C,c1ccc2c(c1)ccc1cccnc12,CC(C)(O)Cc1ccc(-c2ccc(CC(C)(C)O)cn2)nc1,O.[Cl][Ir]([Cl])[Cl],CS(C)=O,CN(C)C=O,18000.0,445.0,98.3681869506836
CCN(CC)c1ccc2oc(=O)c(-c3nc4ccccc4s3)cc2c1,CC(=O)c1ccc(F)cc1Br,CCN(C(C)C)C(C)C,COc1cccc(-c2cc(-c3ccccc3)ccn2)c1,c1cnc2c(c1)ccc1cccnc12,O.[Cl][Ir]([Cl])[Cl],CS(C)=O,CN(C)C=O,18000.0,445.0,0.005350000225007534
CCN(CC)c1ccc2oc(=O)c(-c3nc4ccccc4s3)cc2c1,CC(=O)c1ccc(F)cc1Br,CCN(C(C)C)C(C)C,Cc1ccc(-c2ccc(F)cc2)nc1,c1ccc2nc(-c3ccc4ccccc4n3)ccc2c1,O.[Cl][Ir]([Cl])[Cl],CS(C)=O,CN(C)C=O,18000.0,445.0,0.005350000225007534
CCN(CC)c1ccc2oc(=O)c(-c3nc4ccccc4s3)cc2c1,CC(=O)c1ccc(F)cc1Br,CCN(C(C)C)C(C)C,COc1cccc(-c2cc(-c3ccccc3)c(C)cn2)c1,Cc1ccnc(-c2cc(C)ccn2)c1,O.[Cl][Ir]([Cl])[Cl],CS(C)=O,CN(C)C=O,18000.0,445.0,0.005350000225007534
CCN(CC)c1ccc2oc(=O)c(-c3nc4ccccc4s3)cc2c1,CC(=O)c1ccc(F)cc1Br,CCN(C(C)C)C(C)C,c1ccc(Cc2ccccn2)cc1,COc1ccnc(-c2cc(OC)ccn2)c1,O.[Cl][Ir]([Cl])[Cl],CS(C)=O,CN(C)C=O,18000.0,445.0,41.433799743652344
CCN(CC)c1ccc2oc(=O)c(-c3nc4ccccc4s3)cc2c1,CC(=O)c1ccc(F)cc1Br,CCN(C(C)C)C(C)C,CCc1ccc(-c2cccc(OC)c2)nc1,Cc1ccnc2c1ccc1c(C)ccnc12,O.[Cl][Ir]([Cl])[Cl],CS(C)=O,CN(C)C=O,18000.0,445.0,0.005350000225007534
CCN(CC)c1ccc2oc(=O)c(-c3nc4ccccc4s3)cc2c1,CC(=O)c1ccc(F)cc1Br,CCN(C(C)C)C(C)C,COc1ccc(-c2ccc(C)cn2)cc1,Cc1cnc2c(ccc3c(C)c(C)cnc32)c1C,O.[Cl][Ir]([Cl])[Cl],CS(C)=O,CN(C)C=O,18000.0,445.0,81.21128845214844
CCN(CC)c1ccc2oc(=O)c(-c3nc4ccccc4s3)cc2c1,CC(=O)c1ccc(F)cc1Br,CCN(C(C)C)C(C)C,c1ccc(-c2ccc(-c3cc(-c4ccccc4)ccn3)cc2)cc1,O=C(O)c1ccnc(-c2cc(C(=O)O)ccn2)c1,O.[Cl][Ir]([Cl])[Cl],CS(C)=O,CN(C)C=O,18000.0,445.0,99.99984741210938
CCN(CC)c1ccc2oc(=O)c(-c3nc4ccccc4s3)cc2c1,CC(=O)c1ccc(F)cc1Br,CCN(C(C)C)C(C)C,c1ccc2c(c1)ccc1cccnc12,Cc1ccc(-c2ccc(C)cn2)nc1,O.[Cl][Ir]([Cl])[Cl],CS(C)=O,CN(C)C=O,18000.0,445.0,99.95206451416016
CCN(CC)c1ccc2oc(=O)c(-c3nc4ccccc4s3)cc2c1,CC(=O)c1ccc(F)cc1Br,CCN(C(C)C)C(C)C,Clc1ccc(-c2nc3ccccc3o2)cc1,Cc1ccnc2c1ccc1c(C)ccnc12,O.[Cl][Ir]([Cl])[Cl],CS(C)=O,CN(C)C=O,18000.0,445.0,88.23509979248047
CCN(CC)c1ccc2oc(=O)c(-c3nc4ccccc4s3)cc2c1,CC(=O)c1ccc(F)cc1Br,CCN(C(C)C)C(C)C,CCc1ccc(-c2ccc(Cl)cc2)nc1,c1ccc(-c2ccnc(-c3cc(-c4ccccc4)ccn3)c2)cc1,O.[Cl][Ir]([Cl])[Cl],CS(C)=O,CN(C)C=O,18000.0,445.0,91.21280670166016
CCN(CC)c1ccc2oc(=O)c(-c3nc4ccccc4s3)cc2c1,CC(=O)c1ccc(F)cc1Br,CCN(C(C)C)C(C)C,Cc1ccc(-c2ccc(F)c(C(F)(F)F)c2)nc1,c1ccc(-c2ccccn2)nc1,O.[Cl][Ir]([Cl])[Cl],CS(C)=O,CN(C)C=O,18000.0,445.0,81.21128845214844
CCN(CC)c1ccc2oc(=O)c(-c3nc4ccccc4s3)cc2c1,CC(=O)c1ccc(F)cc1Br,CCN(C(C)C)C(C)C,Cc1ccc(-c2ccc(F)cc2)nc1,c1ccc(-c2ccnc3c2ccc2c(-c4ccccc4)ccnc23)cc1,O.[Cl][Ir]([Cl])[Cl],CS(C)=O,CN(C)C=O,18000.0,445.0,97.17524719238281
CCN(CC)c1ccc2oc(=O)c(-c3nc4ccccc4s3)cc2c1,CC(=O)c1ccc(F)cc1Br,CCN(C(C)C)C(C)C,c1ccc(-c2nc3ccccc3o2)cc1,CC1(C)C(=O)C(C)(C)c2c1c1cccnc1c1ncccc21,O.[Cl][Ir]([Cl])[Cl],CS(C)=O,CN(C)C=O,18000.0,445.0,84.19541931152344
CCN(CC)c1ccc2oc(=O)c(-c3nc4ccccc4s3)cc2c1,CC(=O)c1ccc(F)cc1Br,CCN(C(C)C)C(C)C,FC(F)(F)Oc1ccc(-c2nc3ccccc3s2)cc1,O=C(O)c1ccnc(-c2cc(C(=O)O)ccn2)c1,O.[Cl][Ir]([Cl])[Cl],CS(C)=O,CN(C)C=O,18000.0,445.0,99.22785186767578
CCN(CC)c1ccc2oc(=O)c(-c3nc4ccccc4s3)cc2c1,CC(=O)c1ccc(F)cc1Br,CCN(C(C)C)C(C)C,Cc1ccc(-c2ccc(OC(F)(F)F)cc2)nc1,c1ccc(-c2ccccn2)nc1,O.[Cl][Ir]([Cl])[Cl],CS(C)=O,CN(C)C=O,18000.0,445.0,93.1097412109375
CCN(CC)c1ccc2oc(=O)c(-c3nc4ccccc4s3)cc2c1,CC(=O)c1ccc(F)cc1Br,CCN(C(C)C)C(C)C,Cc1ccc(-c2cccc(Cl)c2)nc1,COc1ccnc(-c2cc(OC)ccn2)c1,O.[Cl][Ir]([Cl])[Cl],CS(C)=O,CN(C)C=O,18000.0,445.0,99.73799896240234
CCN(CC)c1ccc2oc(=O)c(-c3nc4ccccc4s3)cc2c1,CC(=O)c1ccc(F)cc1Br,CCN(C(C)C)C(C)C,Clc1ccc(-c2nc3ccccc3s2)cc1,CC(C)(O)Cc1ccc(-c2ccc(CC(C)(C)O)cn2)nc1,O.[Cl][Ir]([Cl])[Cl],CS(C)=O,CN(C)C=O,18000.0,445.0,99.87538146972656
CCN(CC)c1ccc2oc(=O)c(-c3nc4ccccc4s3)cc2c1,CC(=O)c1ccc(F)cc1Br,CCN(C(C)C)C(C)C,FC(F)(F)c1ccc(-c2nc3ccccc3o2)cc1,CS(C)=O,O.[Cl][Ir]([Cl])[Cl],CS(C)=O,CN(C)C=O,18000.0,445.0,74.63568115234375
CCN(CC)c1ccc2oc(=O)c(-c3nc4ccccc4s3)cc2c1,CC(=O)c1ccc(F)cc1Br,CCN(C(C)C)C(C)C,Cc1ccc(-c2ccc(F)cc2)nc1,O=C1C(=O)c2cccnc2-c2ncccc21,O.[Cl][Ir]([Cl])[Cl],CS(C)=O,CN(C)C=O,18000.0,445.0,72.88026428222656
CCN(CC)c1ccc2oc(=O)c(-c3nc4ccccc4s3)cc2c1,CC(=O)c1ccc(F)cc1Br,CCN(C(C)C)C(C)C,Clc1ccc(-c2nc3ccccc3o2)cc1,c1ccc(-c2ccccn2)nc1,O.[Cl][Ir]([Cl])[Cl],CS(C)=O,CN(C)C=O,18000.0,445.0,35.971614837646484
CCN(CC)c1ccc2oc(=O)c(-c3nc4ccccc4s3)cc2c1,CC(=O)c1ccc(F)cc1Br,CCN(C(C)C)C(C)C,COc1ccc(-c2cc(-c3ccccc3)ccn2)cc1,c1cnc2c(c1)ccc1cccnc12,O.[Cl][Ir]([Cl])[Cl],CS(C)=O,CN(C)C=O,18000.0,445.0,98.3681869506836
CCN(CC)c1ccc2oc(=O)c(-c3nc4ccccc4s3)cc2c1,CC(=O)c1ccc(F)cc1Br,CCN(C(C)C)C(C)C,COc1cccc(-c2cc(-c3ccccc3)ccn2)c1,O=C(O)c1ccnc(-c2cc(C(=O)O)ccn2)c1,O.[Cl][Ir]([Cl])[Cl],CS(C)=O,CN(C)C=O,18000.0,445.0,41.12274169921875
CCN(CC)c1ccc2oc(=O)c(-c3nc4ccccc4s3)cc2c1,CC(=O)c1ccc(F)cc1Br,CCN(C(C)C)C(C)C,c1ccc(-c2nc3ccccc3o2)cc1,Cc1ccc(-c2ccc(C)cn2)nc1,O.[Cl][Ir]([Cl])[Cl],CS(C)=O,CN(C)C=O,18000.0,445.0,91.21280670166016
CCN(CC)c1ccc2oc(=O)c(-c3nc4ccccc4s3)cc2c1,CC(=O)c1ccc(F)cc1Br,CCN(C(C)C)C(C)C,c1ccc(-c2ccccn2)cc1,c1cnc2c(c1)ccc1cccnc12,O.[Cl][Ir]([Cl])[Cl],CS(C)=O,CN(C)C=O,18000.0,445.0,81.21128845214844
CCN(CC)c1ccc2oc(=O)c(-c3nc4ccccc4s3)cc2c1,CC(=O)c1ccc(F)cc1Br,CCN(C(C)C)C(C)C,c1ccc(-c2ccnc(-c3ccc(N4CCCC4)cc3)c2)cc1,CS(C)=O,O.[Cl][Ir]([Cl])[Cl],CS(C)=O,CN(C)C=O,18000.0,445.0,0.005350000225007534
CCN(CC)c1ccc2oc(=O)c(-c3nc4ccccc4s3)cc2c1,CC(=O)c1ccc(F)cc1Br,CCN(C(C)C)C(C)C,Clc1ccc(-c2nc3ccccc3o2)cc1,Cc1ccnc(-c2cc(C)ccn2)c1,O.[Cl][Ir]([Cl])[Cl],CS(C)=O,CN(C)C=O,18000.0,445.0,50.08363723754883
CCN(CC)c1ccc2oc(=O)c(-c3nc4ccccc4s3)cc2c1,CC(=O)c1ccc(F)cc1Br,CCN(C(C)C)C(C)C,Clc1ccc(-c2cc(-c3ccccc3)ccn2)cc1,CC(C)(C)c1ccnc(-c2cc(C(C)(C)C)ccn2)c1,O.[Cl][Ir]([Cl])[Cl],CS(C)=O,CN(C)C=O,18000.0,445.0,99.22785186767578
CCN(CC)c1ccc2oc(=O)c(-c3nc4ccccc4s3)cc2c1,CC(=O)c1ccc(F)cc1Br,CCN(C(C)C)C(C)C,Fc1ccc(-c2nc3ccccc3o2)cc1,Cc1ccc2ccc3ccc(C)nc3c2n1,O.[Cl][Ir]([Cl])[Cl],CS(C)=O,CN(C)C=O,18000.0,445.0,53.434181213378906
CCN(CC)c1ccc2oc(=O)c(-c3nc4ccccc4s3)cc2c1,CC(=O)c1ccc(F)cc1Br,CCN(C(C)C)C(C)C,Cc1ccc(-c2ccc(S(C)(=O)=O)cc2)nc1,O=C1C(=O)c2cccnc2-c2ncccc21,O.[Cl][Ir]([Cl])[Cl],CS(C)=O,CN(C)C=O,18000.0,445.0,69.54489135742188
CCN(CC)c1ccc2oc(=O)c(-c3nc4ccccc4s3)cc2c1,CC(=O)c1ccc(F)cc1Br,CCN(C(C)C)C(C)C,c1ccc(-c2ccnc(-c3ccc(N4CCCC4)cc3)c2)cc1,O=C1C(=O)c2cccnc2-c2ncccc21,O.[Cl][Ir]([Cl])[Cl],CS(C)=O,CN(C)C=O,18000.0,445.0,31.760848999023438
CCN(CC)c1ccc2oc(=O)c(-c3nc4ccccc4s3)cc2c1,CC(=O)c1ccc(F)cc1Br,CCN(C(C)C)C(C)C,Cc1ccc(-c2cccc(Cl)c2)nc1,CC(C)(C)c1ccnc(-c2cc(C(C)(C)C)ccn2)c1,O.[Cl][Ir]([Cl])[Cl],CS(C)=O,CN(C)C=O,18000.0,445.0,98.84195709228516
CCN(CC)c1ccc2oc(=O)c(-c3nc4ccccc4s3)cc2c1,CC(=O)c1ccc(F)cc1Br,CCN(C(C)C)C(C)C,c1ccc(-n2cccn2)cc1,Cc1ccc(-c2ccc(C)cn2)nc1,O.[Cl][Ir]([Cl])[Cl],CS(C)=O,CN(C)C=O,18000.0,445.0,98.3681869506836
CCN(CC)c1ccc2oc(=O)c(-c3nc4ccccc4s3)cc2c1,CC(=O)c1ccc(F)cc1Br,CCN(C(C)C)C(C)C,Cc1ccc(-c2ccc(C)cn2)cc1,c1ccc(-c2ccccn2)nc1,O.[Cl][Ir]([Cl])[Cl],CS(C)=O,CN(C)C=O,18000.0,445.0,96.46984100341797
CCN(CC)c1ccc2oc(=O)c(-c3nc4ccccc4s3)cc2c1,CC(=O)c1ccc(F)cc1Br,CCN(C(C)C)C(C)C,Cc1ccc(-c2ccc3ccccc3c2)nc1,Cc1ccnc(-c2cc(C)ccn2)c1,O.[Cl][Ir]([Cl])[Cl],CS(C)=O,CN(C)C=O,18000.0,445.0,98.84195709228516
CCN(CC)c1ccc2oc(=O)c(-c3nc4ccccc4s3)cc2c1,CC(=O)c1ccc(F)cc1Br,CCN(C(C)C)C(C)C,Cc1ccc(-c2ccc(F)cc2)nc1,Cc1ccnc2c1ccc1c(C)ccnc12,O.[Cl][Ir]([Cl])[Cl],CS(C)=O,CN(C)C=O,18000.0,445.0,80.23484802246094
CCN(CC)c1ccc2oc(=O)c(-c3nc4ccccc4s3)cc2c1,CC(=O)c1ccc(F)cc1Br,CCN(C(C)C)C(C)C,Cc1ccc(-c2ccc(N(c3ccccc3)c3ccccc3)cc2)nc1,Cc1ccc2ccc3ccc(C)nc3c2n1,O.[Cl][Ir]([Cl])[Cl],CS(C)=O,CN(C)C=O,18000.0,445.0,46.31880569458008
CCN(CC)c1ccc2oc(=O)c(-c3nc4ccccc4s3)cc2c1,CC(=O)c1ccc(F)cc1Br,CCN(C(C)C)C(C)C,COc1cccc(-c2cc(-c3ccccc3)c(C)cn2)c1,CC1(C)C(=O)C(C)(C)c2c1c1cccnc1c1ncccc21,O.[Cl][Ir]([Cl])[Cl],CS(C)=O,CN(C)C=O,18000.0,445.0,0.005350000225007534
CCN(CC)c1ccc2oc(=O)c(-c3nc4ccccc4s3)cc2c1,CC(=O)c1ccc(F)cc1Br,CCN(C(C)C)C(C)C,Cc1ccc(-c2ccc(Cl)cc2)nc1,O=C1c2cccnc2-c2ncccc21,O.[Cl][Ir]([Cl])[Cl],CS(C)=O,CN(C)C=O,18000.0,445.0,31.948200225830078
CCN(CC)c1ccc2oc(=O)c(-c3nc4ccccc4s3)cc2c1,CC(=O)c1ccc(F)cc1Br,CCN(C(C)C)C(C)C,Cc1ccc(-c2cccc(C#N)c2)nc1,Cc1cc2cccnc2c2ncccc12,O.[Cl][Ir]([Cl])[Cl],CS(C)=O,CN(C)C=O,18000.0,445.0,77.37570190429688
CCN(CC)c1ccc2oc(=O)c(-c3nc4ccccc4s3)cc2c1,CC(=O)c1ccc(F)cc1Br,CCN(C(C)C)C(C)C,Cc1ccc(-c2ccc(C#N)cc2)nc1,CC(C)(C)c1ccnc(-c2cc(C(C)(C)C)ccn2)c1,O.[Cl][Ir]([Cl])[Cl],CS(C)=O,CN(C)C=O,18000.0,445.0,90.23280334472656
CCN(CC)c1ccc2oc(=O)c(-c3nc4ccccc4s3)cc2c1,CC(=O)c1ccc(F)cc1Br,CCN(C(C)C)C(C)C,FC(F)(F)Oc1ccc(-c2nc3ccccc3s2)cc1,c1cnc2c(c1)ccc1cccnc12,O.[Cl][Ir]([Cl])[Cl],CS(C)=O,CN(C)C=O,18000.0,445.0,98.3681869506836
CCN(CC)c1ccc2oc(=O)c(-c3nc4ccccc4s3)cc2c1,CC(=O)c1ccc(F)cc1Br,CCN(C(C)C)C(C)C,Cc1ccc(-c2cccc(C#N)c2)nc1,O=C(O)c1ccnc(-c2cc(C(=O)O)ccn2)c1,O.[Cl][Ir]([Cl])[Cl],CS(C)=O,CN(C)C=O,18000.0,445.0,97.810546875
CCN(CC)c1ccc2oc(=O)c(-c3nc4ccccc4s3)cc2c1,CC(=O)c1ccc(F)cc1Br,CCN(C(C)C)C(C)C,Cc1ccc(-c2ccc(OC(F)(F)F)cc2)nc1,O=C1C(=O)c2cccnc2-c2ncccc21,O.[Cl][Ir]([Cl])[Cl],CS(C)=O,CN(C)C=O,18000.0,445.0,52.93020248413086
CCN(CC)c1ccc2oc(=O)c(-c3nc4ccccc4s3)cc2c1,CC(=O)c1ccc(F)cc1Br,CCN(C(C)C)C(C)C,c1ccc(-c2ccnc(-c3ccc(N4CCCC4)cc3)c2)cc1,Cc1cnc2c(ccc3c(C)c(C)cnc32)c1C,O.[Cl][Ir]([Cl])[Cl],CS(C)=O,CN(C)C=O,18000.0,445.0,53.434181213378906
CCN(CC)c1ccc2oc(=O)c(-c3nc4ccccc4s3)cc2c1,CC(=O)c1ccc(F)cc1Br,CCN(C(C)C)C(C)C,COc1ccc(-c2cc(-c3ccccc3)c(C)cn2)cc1,c1ccc(-c2ccccn2)nc1,O.[Cl][Ir]([Cl])[Cl],CS(C)=O,CN(C)C=O,18000.0,445.0,98.3681869506836
CCN(CC)c1ccc2oc(=O)c(-c3nc4ccccc4s3)cc2c1,CC(=O)c1ccc(F)cc1Br,CCN(C(C)C)C(C)C,Clc1ccc(-c2cc(-c3ccccc3)ccn2)cc1,c1ccc(-c2ccnc(-c3cc(-c4ccccc4)ccn3)c2)cc1,O.[Cl][Ir]([Cl])[Cl],CS(C)=O,CN(C)C=O,18000.0,445.0,95.70247650146484
CCN(CC)c1ccc2oc(=O)c(-c3nc4ccccc4s3)cc2c1,CC(=O)c1ccc(F)cc1Br,CCN(C(C)C)C(C)C,CCc1ccc(-c2cccc(OC)c2)nc1,Cc1cnc2c(ccc3c(C)c(C)cnc32)c1C,O.[Cl][Ir]([Cl])[Cl],CS(C)=O,CN(C)C=O,18000.0,445.0,0.005350000225007534
CCN(CC)c1ccc2oc(=O)c(-c3nc4ccccc4s3)cc2c1,CC(=O)c1ccc(F)cc1Br,CCN(C(C)C)C(C)C,Cc1ccc(-c2ccccc2F)nc1,c1ccc(-c2ccnc3c2ccc2c(-c4ccccc4)ccnc23)cc1,O.[Cl][Ir]([Cl])[Cl],CS(C)=O,CN(C)C=O,18000.0,445.0,99.73799896240234
CCN(CC)c1ccc2oc(=O)c(-c3nc4ccccc4s3)cc2c1,CC(=O)c1ccc(F)cc1Br,CCN(C(C)C)C(C)C,COc1ccc(-c2cc(-c3ccccc3)ccn2)cc1,Cc1cc(-c2ccccc2)c2ccc3c(-c4ccccc4)cc(C)nc3c2n1,O.[Cl][Ir]([Cl])[Cl],CS(C)=O,CN(C)C=O,18000.0,445.0,99.95206451416016
CCN(CC)c1ccc2oc(=O)c(-c3nc4ccccc4s3)cc2c1,CC(=O)c1ccc(F)cc1Br,CCN(C(C)C)C(C)C,c1ccc2c(c1)ccc1cccnc12,c1ccc2nc(-c3ccc4ccccc4n3)ccc2c1,O.[Cl][Ir]([Cl])[Cl],CS(C)=O,CN(C)C=O,18000.0,445.0,87.22576904296875
CCN(CC)c1ccc2oc(=O)c(-c3nc4ccccc4s3)cc2c1,CC(=O)c1ccc(F)cc1Br,CCN(C(C)C)C(C)C,Cc1ccc(-c2cccc(Cl)c2)nc1,c1ccc(-c2ccccn2)nc1,O.[Cl][Ir]([Cl])[Cl],CS(C)=O,CN(C)C=O,18000.0,445.0,99.5252456665039
CCN(CC)c1ccc2oc(=O)c(-c3nc4ccccc4s3)cc2c1,CC(=O)c1ccc(F)cc1Br,CCN(C(C)C)C(C)C,c1ccc(-c2nc3ccccc3o2)cc1,c1ccc(-c2ccccn2)nc1,O.[Cl][Ir]([Cl])[Cl],CS(C)=O,CN(C)C=O,18000.0,445.0,97.810546875
CCN(CC)c1ccc2oc(=O)c(-c3nc4ccccc4s3)cc2c1,CC(=O)c1ccc(F)cc1Br,CCN(C(C)C)C(C)C,COc1ccc(-c2nc3ccccc3s2)cc1,Cc1cc(-c2ccccc2)c2ccc3c(-c4ccccc4)cc(C)nc3c2n1,O.[Cl][Ir]([Cl])[Cl],CS(C)=O,CN(C)C=O,18000.0,445.0,99.98658752441406
CCN(CC)c1ccc2oc(=O)c(-c3nc4ccccc4s3)cc2c1,CC(=O)c1ccc(F)cc1Br,CCN(C(C)C)C(C)C,c1ccc(-c2ccc(-c3cc(-c4ccccc4)ccn3)cc2)cc1,Cc1ccc(-c2ccc(C)cn2)nc1,O.[Cl][Ir]([Cl])[Cl],CS(C)=O,CN(C)C=O,18000.0,445.0,99.95206451416016
CCN(CC)c1ccc2oc(=O)c(-c3nc4ccccc4s3)cc2c1,CC(=O)c1ccc(F)cc1Br,CCN(C(C)C)C(C)C,COc1ccc(-c2ccc(C)cn2)cc1,CC1(C)C(=O)C(C)(C)c2c1c1cccnc1c1ncccc21,O.[Cl][Ir]([Cl])[Cl],CS(C)=O,CN(C)C=O,18000.0,445.0,99.87538146972656
CCN(CC)c1ccc2oc(=O)c(-c3nc4ccccc4s3)cc2c1,CC(=O)c1ccc(F)cc1Br,CCN(C(C)C)C(C)C,CCc1ccc(-c2ccc(Cl)cc2)nc1,CC(C)(O)Cc1ccc(-c2ccc(CC(C)(C)O)cn2)nc1,O.[Cl][Ir]([Cl])[Cl],CS(C)=O,CN(C)C=O,18000.0,445.0,99.22785186767578
CCN(CC)c1ccc2oc(=O)c(-c3nc4ccccc4s3)cc2c1,CC(=O)c1ccc(F)cc1Br,CCN(C(C)C)C(C)C,c1ccc(-n2cccn2)cc1,CCCCCCCCCc1ccnc(-c2cc(CCCCCCCCC)ccn2)c1,O.[Cl][Ir]([Cl])[Cl],CS(C)=O,CN(C)C=O,18000.0,445.0,99.95206451416016
CCN(CC)c1ccc2oc(=O)c(-c3nc4ccccc4s3)cc2c1,CC(=O)c1ccc(F)cc1Br,CCN(C(C)C)C(C)C,FC(F)(F)c1ccc(-c2nc3ccccc3s2)cc1,Cc1ccnc(-c2cc(C)ccn2)c1,O.[Cl][Ir]([Cl])[Cl],CS(C)=O,CN(C)C=O,18000.0,445.0,99.87538146972656
CCN(CC)c1ccc2oc(=O)c(-c3nc4ccccc4s3)cc2c1,CC(=O)c1ccc(F)cc1Br,CCN(C(C)C)C(C)C,Fc1ccc(-c2cc(-c3ccccc3)ccn2)cc1,c1ccc(-c2ccnc(-c3cc(-c4ccccc4)ccn3)c2)cc1,O.[Cl][Ir]([Cl])[Cl],CS(C)=O,CN(C)C=O,18000.0,445.0,99.73799896240234
CCN(CC)c1ccc2oc(=O)c(-c3nc4ccccc4s3)cc2c1,CC(=O)c1ccc(F)cc1Br,CCN(C(C)C)C(C)C,Cc1ccc(-c2ccc(S(C)(=O)=O)cc2)nc1,Cc1cc2cccnc2c2ncccc12,O.[Cl][Ir]([Cl])[Cl],CS(C)=O,CN(C)C=O,18000.0,445.0,99.95206451416016
CCN(CC)c1ccc2oc(=O)c(-c3nc4ccccc4s3)cc2c1,CC(=O)c1ccc(F)cc1Br,CCN(C(C)C)C(C)C,Cc1ccc(-c2ccc(-c3ccccc3)cc2)nc1,Cc1cc2cccnc2c2ncccc12,O.[Cl][Ir]([Cl])[Cl],CS(C)=O,CN(C)C=O,18000.0,445.0,99.98658752441406
CCN(CC)c1ccc2oc(=O)c(-c3nc4ccccc4s3)cc2c1,CC(=O)c1ccc(F)cc1Br,CCN(C(C)C)C(C)C,c1ccc(-c2ccnc(-c3ccc4ccccc4c3)c2)cc1,O=C1C(=O)c2cccnc2-c2ncccc21,O.[Cl][Ir]([Cl])[Cl],CS(C)=O,CN(C)C=O,18000.0,445.0,56.654048919677734
CCN(CC)c1ccc2oc(=O)c(-c3nc4ccccc4s3)cc2c1,CC(=O)c1ccc(F)cc1Br,CCN(C(C)C)C(C)C,c1ccc(-c2ccccn2)cc1,CC(C)(C)c1ccnc(-c2cc(C(C)(C)C)ccn2)c1,O.[Cl][Ir]([Cl])[Cl],CS(C)=O,CN(C)C=O,18000.0,445.0,98.84195709228516
CCN(CC)c1ccc2oc(=O)c(-c3nc4ccccc4s3)cc2c1,CC(=O)c1ccc(F)cc1Br,CCN(C(C)C)C(C)C,c1ccc(-c2ccnc(-c3ccc(N4CCCC4)cc3)c2)cc1,c1cnc2c(c1)ccc1cccnc12,O.[Cl][Ir]([Cl])[Cl],CS(C)=O,CN(C)C=O,18000.0,445.0,88.23509979248047
CCN(CC)c1ccc2oc(=O)c(-c3nc4ccccc4s3)cc2c1,CC(=O)c1ccc(F)cc1Br,CCN(C(C)C)C(C)C,FC(F)(F)c1ccc(-c2nc3ccccc3o2)cc1,Cc1ccnc2c1ccc1c(C)ccnc12,O.[Cl][Ir]([Cl])[Cl],CS(C)=O,CN(C)C=O,18000.0,445.0,97.17524719238281
CCN(CC)c1ccc2oc(=O)c(-c3nc4ccccc4s3)cc2c1,CC(=O)c1ccc(F)cc1Br,CCN(C(C)C)C(C)C,c1ccc(-c2nc3ccccc3s2)cc1,CCCCCCCCCc1ccnc(-c2cc(CCCCCCCCC)ccn2)c1,O.[Cl][Ir]([Cl])[Cl],CS(C)=O,CN(C)C=O,18000.0,445.0,99.98658752441406
CCN(CC)c1ccc2oc(=O)c(-c3nc4ccccc4s3)cc2c1,CC(=O)c1ccc(F)cc1Br,CCN(C(C)C)C(C)C,CCc1ccc(-c2ccc(Cl)cc2)nc1,c1ccc(-c2ccnc3c2ccc2c(-c4ccccc4)ccnc23)cc1,O.[Cl][Ir]([Cl])[Cl],CS(C)=O,CN(C)C=O,18000.0,445.0,99.95206451416016
CCN(CC)c1ccc2oc(=O)c(-c3nc4ccccc4s3)cc2c1,CC(=O)c1ccc(F)cc1Br,CCN(C(C)C)C(C)C,Cc1ccc(-c2ccc(F)c(C(F)(F)F)c2)nc1,CC(C)(C)c1ccnc(-c2cc(C(C)(C)C)ccn2)c1,O.[Cl][Ir]([Cl])[Cl],CS(C)=O,CN(C)C=O,18000.0,445.0,89.2387466430664
CCN(CC)c1ccc2oc(=O)c(-c3nc4ccccc4s3)cc2c1,CC(=O)c1ccc(F)cc1Br,CCN(C(C)C)C(C)C,COc1cccc(-c2ccc(C)cn2)c1,Cc1ccnc2c1ccc1c(C)ccnc12,O.[Cl][Ir]([Cl])[Cl],CS(C)=O,CN(C)C=O,18000.0,445.0,0.005350000225007534
CCN(CC)c1ccc2oc(=O)c(-c3nc4ccccc4s3)cc2c1,CC(=O)c1ccc(F)cc1Br,CCN(C(C)C)C(C)C,CCc1ccc(-c2cccc(OC)c2)nc1,c1ccc(-c2ccnc3c2ccc2c(-c4ccccc4)ccnc23)cc1,O.[Cl][Ir]([Cl])[Cl],CS(C)=O,CN(C)C=O,18000.0,445.0,0.005350000225007534
CCN(CC)c1ccc2oc(=O)c(-c3nc4ccccc4s3)cc2c1,CC(=O)c1ccc(F)cc1Br,CCN(C(C)C)C(C)C,FC(F)(F)Oc1ccc(-c2nc3ccccc3s2)cc1,c1ccc(-c2ccnc(-c3cc(-c4ccccc4)ccn3)c2)cc1,O.[Cl][Ir]([Cl])[Cl],CS(C)=O,CN(C)C=O,18000.0,445.0,94.88140869140625
CCN(CC)c1ccc2oc(=O)c(-c3nc4ccccc4s3)cc2c1,CC(=O)c1ccc(F)cc1Br,CCN(C(C)C)C(C)C,COc1cccc(-c2cc(-c3ccccc3)ccn2)c1,Cc1ccc(-c2ccc(C)cn2)nc1,O.[Cl][Ir]([Cl])[Cl],CS(C)=O,CN(C)C=O,18000.0,445.0,36.45363235473633
CCN(CC)c1ccc2oc(=O)c(-c3nc4ccccc4s3)cc2c1,CC(=O)c1ccc(F)cc1Br,CCN(C(C)C)C(C)C,Clc1ccc(-c2cc(-c3ccccc3)ccn2)cc1,c1ccc2nc(-c3ccc4ccccc4n3)ccc2c1,O.[Cl][Ir]([Cl])[Cl],CS(C)=O,CN(C)C=O,18000.0,445.0,0.005350000225007534
CCN(CC)c1ccc2oc(=O)c(-c3nc4ccccc4s3)cc2c1,CC(=O)c1ccc(F)cc1Br,CCN(C(C)C)C(C)C,COc1cccc(-c2ccc(C)cn2)c1,COc1ccnc(-c2cc(OC)ccn2)c1,O.[Cl][Ir]([Cl])[Cl],CS(C)=O,CN(C)C=O,18000.0,445.0,0.005350000225007534
CCN(CC)c1ccc2oc(=O)c(-c3nc4ccccc4s3)cc2c1,CC(=O)c1ccc(F)cc1Br,CCN(C(C)C)C(C)C,c1ccc(-c2ccccn2)cc1,Cc1cnc2c(ccc3c(C)c(C)cnc32)c1C,O.[Cl][Ir]([Cl])[Cl],CS(C)=O,CN(C)C=O,18000.0,445.0,74.63568115234375
CCN(CC)c1ccc2oc(=O)c(-c3nc4ccccc4s3)cc2c1,CC(=O)c1ccc(F)cc1Br,CCN(C(C)C)C(C)C,Cc1ccc(-c2ccc(F)cc2F)nc1,Cc1cc(-c2ccccc2)c2ccc3c(-c4ccccc4)cc(C)nc3c2n1,O.[Cl][Ir]([Cl])[Cl],CS(C)=O,CN(C)C=O,18000.0,445.0,81.21128845214844
CCN(CC)c1ccc2oc(=O)c(-c3nc4ccccc4s3)cc2c1,CC(=O)c1ccc(F)cc1Br,CCN(C(C)C)C(C)C,c1ccc(-c2ccccn2)cc1,COc1ccnc(-c2cc(OC)ccn2)c1,O.[Cl][Ir]([Cl])[Cl],CS(C)=O,CN(C)C=O,18000.0,445.0,91.21280670166016
CCN(CC)c1ccc2oc(=O)c(-c3nc4ccccc4s3)cc2c1,CC(=O)c1ccc(F)cc1Br,CCN(C(C)C)C(C)C,c1ccc(-n2cccn2)cc1,COc1ccnc(-c2cc(OC)ccn2)c1,O.[Cl][Ir]([Cl])[Cl],CS(C)=O,CN(C)C=O,18000.0,445.0,98.84195709228516
CCN(CC)c1ccc2oc(=O)c(-c3nc4ccccc4s3)cc2c1,CC(=O)c1ccc(F)cc1Br,CCN(C(C)C)C(C)C,Cc1ccc(-c2ccccc2F)nc1,O=C1C(=O)c2cccnc2-c2ncccc21,O.[Cl][Ir]([Cl])[Cl],CS(C)=O,CN(C)C=O,18000.0,445.0,71.18329620361328
CCN(CC)c1ccc2oc(=O)c(-c3nc4ccccc4s3)cc2c1,CC(=O)c1ccc(F)cc1Br,CCN(C(C)C)C(C)C,c1ccc2cc(-c3nc4ccccc4o3)ccc2c1,CC(C)(O)Cc1ccc(-c2ccc(CC(C)(C)O)cn2)nc1,O.[Cl][Ir]([Cl])[Cl],CS(C)=O,CN(C)C=O,18000.0,445.0,98.3681869506836
CCN(CC)c1ccc2oc(=O)c(-c3nc4ccccc4s3)cc2c1,CC(=O)c1ccc(F)cc1Br,CCN(C(C)C)C(C)C,Cc1ccc(-c2ccc3ccccc3c2)nc1,c1ccc(-c2ccnc3c2ccc2c(-c4ccccc4)ccnc23)cc1,O.[Cl][Ir]([Cl])[Cl],CS(C)=O,CN(C)C=O,18000.0,445.0,99.22785186767578
CCN(CC)c1ccc2oc(=O)c(-c3nc4ccccc4s3)cc2c1,CC(=O)c1ccc(F)cc1Br,CCN(C(C)C)C(C)C,COc1cccc(-c2ccc(C)cn2)c1,Cc1ccc2ccc3ccc(C)nc3c2n1,O.[Cl][Ir]([Cl])[Cl],CS(C)=O,CN(C)C=O,18000.0,445.0,0.005350000225007534
CCN(CC)c1ccc2oc(=O)c(-c3nc4ccccc4s3)cc2c1,CC(=O)c1ccc(F)cc1Br,CCN(C(C)C)C(C)C,Fc1ccc(-c2cc(-c3ccccc3)ccn2)cc1,CS(C)=O,O.[Cl][Ir]([Cl])[Cl],CS(C)=O,CN(C)C=O,18000.0,445.0,0.005350000225007534
CCN(CC)c1ccc2oc(=O)c(-c3nc4ccccc4s3)cc2c1,CC(=O)c1ccc(F)cc1Br,CCN(C(C)C)C(C)C,COc1ccc(-c2ccc(C)cn2)cc1,CCCCCCCCCc1ccnc(-c2cc(CCCCCCCCC)ccn2)c1,O.[Cl][Ir]([Cl])[Cl],CS(C)=O,CN(C)C=O,18000.0,445.0,99.73799896240234
CCN(CC)c1ccc2oc(=O)c(-c3nc4ccccc4s3)cc2c1,CC(=O)c1ccc(F)cc1Br,CCN(C(C)C)C(C)C,COc1ccc(-c2nc3ccccc3s2)cc1,Cc1ccc2ccc3ccc(C)nc3c2n1,O.[Cl][Ir]([Cl])[Cl],CS(C)=O,CN(C)C=O,18000.0,445.0,99.87538146972656
CCN(CC)c1ccc2oc(=O)c(-c3nc4ccccc4s3)cc2c1,CC(=O)c1ccc(F)cc1Br,CCN(C(C)C)C(C)C,COc1ccc(-c2cc(-c3ccccc3)ccn2)cc1,Cc1cnc2c(ccc3c(C)c(C)cnc32)c1C,O.[Cl][Ir]([Cl])[Cl],CS(C)=O,CN(C)C=O,18000.0,445.0,95.70247650146484
CCN(CC)c1ccc2oc(=O)c(-c3nc4ccccc4s3)cc2c1,CC(=O)c1ccc(F)cc1Br,CCN(C(C)C)C(C)C,c1ccc(-c2ccccn2)cc1,O=C1C(=O)c2cccnc2-c2ncccc21,O.[Cl][Ir]([Cl])[Cl],CS(C)=O,CN(C)C=O,18000.0,445.0,53.434181213378906
CCN(CC)c1ccc2oc(=O)c(-c3nc4ccccc4s3)cc2c1,CC(=O)c1ccc(F)cc1Br,CCN(C(C)C)C(C)C,Fc1ccc(-c2ccccn2)cc1,c1ccc(-c2ccnc(-c3cc(-c4ccccc4)ccn3)c2)cc1,O.[Cl][Ir]([Cl])[Cl],CS(C)=O,CN(C)C=O,18000.0,445.0,97.810546875
CCN(CC)c1ccc2oc(=O)c(-c3nc4ccccc4s3)cc2c1,CC(=O)c1ccc(F)cc1Br,CCN(C(C)C)C(C)C,c1ccc(-c2nc3ccccc3o2)cc1,Cc1ccnc2c1ccc1c(C)ccnc12,O.[Cl][Ir]([Cl])[Cl],CS(C)=O,CN(C)C=O,18000.0,445.0,98.84195709228516
CCN(CC)c1ccc2oc(=O)c(-c3nc4ccccc4s3)cc2c1,CC(=O)c1ccc(F)cc1Br,CCN(C(C)C)C(C)C,Cc1ccc(-c2cccc(C#N)c2)nc1,Cc1ccnc2c1ccc1cccnc12,O.[Cl][Ir]([Cl])[Cl],CS(C)=O,CN(C)C=O,18000.0,445.0,60.88320541381836
CCN(CC)c1ccc2oc(=O)c(-c3nc4ccccc4s3)cc2c1,CC(=O)c1ccc(F)cc1Br,CCN(C(C)C)C(C)C,c1ccc(-c2ccnc(-c3ccc(N4CCCC4)cc3)c2)cc1,CC1(C)C(=O)C(C)(C)c2c1c1cccnc1c1ncccc21,O.[Cl][Ir]([Cl])[Cl],CS(C)=O,CN(C)C=O,18000.0,445.0,44.452171325683594
CCN(CC)c1ccc2oc(=O)c(-c3nc4ccccc4s3)cc2c1,CC(=O)c1ccc(F)cc1Br,CCN(C(C)C)C(C)C,Clc1ccc(-c2nc3ccccc3o2)cc1,COc1ccnc(-c2cc(OC)ccn2)c1,O.[Cl][Ir]([Cl])[Cl],CS(C)=O,CN(C)C=O,18000.0,445.0,62.195796966552734
CCN(CC)c1ccc2oc(=O)c(-c3nc4ccccc4s3)cc2c1,CC(=O)c1ccc(F)cc1Br,CCN(C(C)C)C(C)C,COc1ccc(-c2cc(-c3ccccc3)ccn2)cc1,Cc1ccnc2c1ccc1cccnc12,O.[Cl][Ir]([Cl])[Cl],CS(C)=O,CN(C)C=O,18000.0,445.0,99.73799896240234
CCN(CC)c1ccc2oc(=O)c(-c3nc4ccccc4s3)cc2c1,CC(=O)c1ccc(F)cc1Br,CCN(C(C)C)C(C)C,Cc1ccc(-c2ccc(S(C)(=O)=O)cc2)nc1,Cc1cc(-c2ccccc2)c2ccc3c(-c4ccccc4)cc(C)nc3c2n1,O.[Cl][Ir]([Cl])[Cl],CS(C)=O,CN(C)C=O,18000.0,445.0,97.810546875
CCN(CC)c1ccc2oc(=O)c(-c3nc4ccccc4s3)cc2c1,CC(=O)c1ccc(F)cc1Br,CCN(C(C)C)C(C)C,COc1cccc(-c2ccc(C)cn2)c1,CCCCCCCCCc1ccnc(-c2cc(CCCCCCCCC)ccn2)c1,O.[Cl][Ir]([Cl])[Cl],CS(C)=O,CN(C)C=O,18000.0,445.0,0.005350000225007534
CCN(CC)c1ccc2oc(=O)c(-c3nc4ccccc4s3)cc2c1,CC(=O)c1ccc(F)cc1Br,CCN(C(C)C)C(C)C,Cc1ccc(-c2ccc(F)cc2F)nc1,Cc1cc2cccnc2c2ncccc12,O.[Cl][Ir]([Cl])[Cl],CS(C)=O,CN(C)C=O,18000.0,445.0,91.21280670166016
CCN(CC)c1ccc2oc(=O)c(-c3nc4ccccc4s3)cc2c1,CC(=O)c1ccc(F)cc1Br,CCN(C(C)C)C(C)C,Cc1ccc(-c2ccc(F)cc2F)nc1,c1ccc(-c2ccnc3c2ccc2c(-c4ccccc4)ccnc23)cc1,O.[Cl][Ir]([Cl])[Cl],CS(C)=O,CN(C)C=O,18000.0,445.0,98.3681869506836
CCN(CC)c1ccc2oc(=O)c(-c3nc4ccccc4s3)cc2c1,CC(=O)c1ccc(F)cc1Br,CCN(C(C)C)C(C)C,c1ccc2cc(-c3nc4ccccc4o3)ccc2c1,CC(C)(C)c1ccnc(-c2cc(C(C)(C)C)ccn2)c1,O.[Cl][Ir]([Cl])[Cl],CS(C)=O,CN(C)C=O,18000.0,445.0,98.84195709228516
CCN(CC)c1ccc2oc(=O)c(-c3nc4ccccc4s3)cc2c1,CC(=O)c1ccc(F)cc1Br,CCN(C(C)C)C(C)C,COc1ccc(-c2nc3ccccc3o2)cc1,O=C1c2cccnc2-c2ncccc21,O.[Cl][Ir]([Cl])[Cl],CS(C)=O,CN(C)C=O,18000.0,445.0,0.005350000225007534
CCN(CC)c1ccc2oc(=O)c(-c3nc4ccccc4s3)cc2c1,CC(=O)c1ccc(F)cc1Br,CCN(C(C)C)C(C)C,Fc1ccc(-c2cc(-c3ccccc3)ccn2)cc1,CC(C)(C)c1ccnc(-c2cc(C(C)(C)C)ccn2)c1,O.[Cl][Ir]([Cl])[Cl],CS(C)=O,CN(C)C=O,18000.0,445.0,99.99774932861328
CCN(CC)c1ccc2oc(=O)c(-c3nc4ccccc4s3)cc2c1,CC(=O)c1ccc(F)cc1Br,CCN(C(C)C)C(C)C,Clc1ccc(-c2nc3ccccc3s2)cc1,Cc1cc(-c2ccccc2)c2ccc3c(-c4ccccc4)cc(C)nc3c2n1,O.[Cl][Ir]([Cl])[Cl],CS(C)=O,CN(C)C=O,18000.0,445.0,99.73799896240234
CCN(CC)c1ccc2oc(=O)c(-c3nc4ccccc4s3)cc2c1,CC(=O)c1ccc(F)cc1Br,CCN(C(C)C)C(C)C,Cc1ccc(-c2ccc(Cl)cc2)nc1,Cc1cnc2c(ccc3c(C)c(C)cnc32)c1C,O.[Cl][Ir]([Cl])[Cl],CS(C)=O,CN(C)C=O,18000.0,445.0,84.19541931152344
CCN(CC)c1ccc2oc(=O)c(-c3nc4ccccc4s3)cc2c1,CC(=O)c1ccc(F)cc1Br,CCN(C(C)C)C(C)C,Fc1ccc(-c2ccccn2)cc1,CCCCCCCCCc1ccnc(-c2cc(CCCCCCCCC)ccn2)c1,O.[Cl][Ir]([Cl])[Cl],CS(C)=O,CN(C)C=O,18000.0,445.0,98.84195709228516
CCN(CC)c1ccc2oc(=O)c(-c3nc4ccccc4s3)cc2c1,CC(=O)c1ccc(F)cc1Br,CCN(C(C)C)C(C)C,Cc1ccc(-c2ccc(OC(F)(F)F)cc2)nc1,Cc1ccnc(-c2cc(C)ccn2)c1,O.[Cl][Ir]([Cl])[Cl],CS(C)=O,CN(C)C=O,18000.0,445.0,76.44847106933594
CCN(CC)c1ccc2oc(=O)c(-c3nc4ccccc4s3)cc2c1,CC(=O)c1ccc(F)cc1Br,CCN(C(C)C)C(C)C,CCc1ccc(-c2ccccc2)nc1,CC(C)(C)c1ccnc(-c2cc(C(C)(C)C)ccn2)c1,O.[Cl][Ir]([Cl])[Cl],CS(C)=O,CN(C)C=O,18000.0,445.0,99.95206451416016
CCN(CC)c1ccc2oc(=O)c(-c3nc4ccccc4s3)cc2c1,CC(=O)c1ccc(F)cc1Br,CCN(C(C)C)C(C)C,c1ccc(-c2ccccn2)cc1,O=C(O)c1ccnc(-c2cc(C(=O)O)ccn2)c1,O.[Cl][Ir]([Cl])[Cl],CS(C)=O,CN(C)C=O,18000.0,445.0,99.87538146972656
CCN(CC)c1ccc2oc(=O)c(-c3nc4ccccc4s3)cc2c1,CC(=O)c1ccc(F)cc1Br,CCN(C(C)C)C(C)C,c1ccc(-c2ccccn2)cc1,CCCCCCCCCc1ccnc(-c2cc(CCCCCCCCC)ccn2)c1,O.[Cl][Ir]([Cl])[Cl],CS(C)=O,CN(C)C=O,18000.0,445.0,99.5252456665039
CCN(CC)c1ccc2oc(=O)c(-c3nc4ccccc4s3)cc2c1,CC(=O)c1ccc(F)cc1Br,CCN(C(C)C)C(C)C,Clc1ccc(-c2nc3ccccc3s2)cc1,O=C(O)c1ccnc(-c2cc(C(=O)O)ccn2)c1,O.[Cl][Ir]([Cl])[Cl],CS(C)=O,CN(C)C=O,18000.0,445.0,97.810546875
CCN(CC)c1ccc2oc(=O)c(-c3nc4ccccc4s3)cc2c1,CC(=O)c1ccc(F)cc1Br,CCN(C(C)C)C(C)C,c1ccc(-c2ccccn2)cc1,Cc1ccnc2c1ccc1cccnc12,O.[Cl][Ir]([Cl])[Cl],CS(C)=O,CN(C)C=O,18000.0,445.0,89.2387466430664
CCN(CC)c1ccc2oc(=O)c(-c3nc4ccccc4s3)cc2c1,CC(=O)c1ccc(F)cc1Br,CCN(C(C)C)C(C)C,c1ccc(-c2ccccn2)cc1,Cc1ccc(-c2ccc(C)cn2)nc1,O.[Cl][Ir]([Cl])[Cl],CS(C)=O,CN(C)C=O,18000.0,445.0,89.2387466430664
CCN(CC)c1ccc2oc(=O)c(-c3nc4ccccc4s3)cc2c1,CC(=O)c1ccc(F)cc1Br,CCN(C(C)C)C(C)C,COc1ccc(-c2nc3ccccc3o2)cc1,O=C(O)c1ccnc(-c2cc(C(=O)O)ccn2)c1,O.[Cl][Ir]([Cl])[Cl],CS(C)=O,CN(C)C=O,18000.0,445.0,99.5252456665039
CCN(CC)c1ccc2oc(=O)c(-c3nc4ccccc4s3)cc2c1,CC(=O)c1ccc(F)cc1Br,CCN(C(C)C)C(C)C,c1ccc(-c2nc3ccccc3o2)cc1,Cc1cc2cccnc2c2ncccc12,O.[Cl][Ir]([Cl])[Cl],CS(C)=O,CN(C)C=O,18000.0,445.0,93.1097412109375
CCN(CC)c1ccc2oc(=O)c(-c3nc4ccccc4s3)cc2c1,CC(=O)c1ccc(F)cc1Br,CCN(C(C)C)C(C)C,Cc1ccc(-c2ccc(F)cc2)nc1,c1ccc(-c2ccnc(-c3cc(-c4ccccc4)ccn3)c2)cc1,O.[Cl][Ir]([Cl])[Cl],CS(C)=O,CN(C)C=O,18000.0,445.0,75.53501892089844
CCN(CC)c1ccc2oc(=O)c(-c3nc4ccccc4s3)cc2c1,CC(=O)c1ccc(F)cc1Br,CCN(C(C)C)C(C)C,Clc1ccc(-c2nc3ccccc3o2)cc1,CCCCCCCCCc1ccnc(-c2cc(CCCCCCCCC)ccn2)c1,O.[Cl][Ir]([Cl])[Cl],CS(C)=O,CN(C)C=O,18000.0,445.0,94.0146484375
CCN(CC)c1ccc2oc(=O)c(-c3nc4ccccc4s3)cc2c1,CC(=O)c1ccc(F)cc1Br,CCN(C(C)C)C(C)C,c1ccc(-c2ccnc(-c3ccc4ccccc4c3)c2)cc1,CC(C)(C)c1ccnc(-c2cc(C(C)(C)C)ccn2)c1,O.[Cl][Ir]([Cl])[Cl],CS(C)=O,CN(C)C=O,18000.0,445.0,99.95206451416016
CCN(CC)c1ccc2oc(=O)c(-c3nc4ccccc4s3)cc2c1,CC(=O)c1ccc(F)cc1Br,CCN(C(C)C)C(C)C,COc1ccc(-c2nc3ccccc3o2)cc1,c1ccc(-c2ccnc3c2ccc2c(-c4ccccc4)ccnc23)cc1,O.[Cl][Ir]([Cl])[Cl],CS(C)=O,CN(C)C=O,18000.0,445.0,97.17524719238281
CCN(CC)c1ccc2oc(=O)c(-c3nc4ccccc4s3)cc2c1,CC(=O)c1ccc(F)cc1Br,CCN(C(C)C)C(C)C,Cc1ccc(-c2ccc(-c3ccccc3)cc2)nc1,c1ccc(-c2ccnc(-c3cc(-c4ccccc4)ccn3)c2)cc1,O.[Cl][Ir]([Cl])[Cl],CS(C)=O,CN(C)C=O,18000.0,445.0,97.810546875
CCN(CC)c1ccc2oc(=O)c(-c3nc4ccccc4s3)cc2c1,CC(=O)c1ccc(F)cc1Br,CCN(C(C)C)C(C)C,Cc1ccc(-c2cccc(Cl)c2)nc1,Cc1cc(-c2ccccc2)c2ccc3c(-c4ccccc4)cc(C)nc3c2n1,O.[Cl][Ir]([Cl])[Cl],CS(C)=O,CN(C)C=O,18000.0,445.0,99.22785186767578
CCN(CC)c1ccc2oc(=O)c(-c3nc4ccccc4s3)cc2c1,CC(=O)c1ccc(F)cc1Br,CCN(C(C)C)C(C)C,COc1ccc(-c2cc(-c3ccccc3)ccn2)cc1,Cc1ccnc(-c2cc(C)ccn2)c1,O.[Cl][Ir]([Cl])[Cl],CS(C)=O,CN(C)C=O,18000.0,445.0,99.98658752441406
CCN(CC)c1ccc2oc(=O)c(-c3nc4ccccc4s3)cc2c1,CC(=O)c1ccc(F)cc1Br,CCN(C(C)C)C(C)C,Fc1ccc(-c2nc3ccccc3o2)cc1,O=C(O)c1ccnc(-c2cc(C(=O)O)ccn2)c1,O.[Cl][Ir]([Cl])[Cl],CS(C)=O,CN(C)C=O,18000.0,445.0,94.88140869140625
CCN(CC)c1ccc2oc(=O)c(-c3nc4ccccc4s3)cc2c1,CC(=O)c1ccc(F)cc1Br,CCN(C(C)C)C(C)C,COc1cccc(-c2cc(-c3ccccc3)c(C)cn2)c1,O=C1C(=O)c2cccnc2-c2ncccc21,O.[Cl][Ir]([Cl])[Cl],CS(C)=O,CN(C)C=O,18000.0,445.0,0.005350000225007534
CCN(CC)c1ccc2oc(=O)c(-c3nc4ccccc4s3)cc2c1,CC(=O)c1ccc(F)cc1Br,CCN(C(C)C)C(C)C,Cc1ccc(-c2cccc(F)c2)nc1,CCCCCCCCCc1ccnc(-c2cc(CCCCCCCCC)ccn2)c1,O.[Cl][Ir]([Cl])[Cl],CS(C)=O,CN(C)C=O,18000.0,445.0,99.87538146972656
CCN(CC)c1ccc2oc(=O)c(-c3nc4ccccc4s3)cc2c1,CC(=O)c1ccc(F)cc1Br,CCN(C(C)C)C(C)C,Cc1ccc(-c2cccc(Cl)c2)nc1,Cc1ccc2ccc3ccc(C)nc3c2n1,O.[Cl][Ir]([Cl])[Cl],CS(C)=O,CN(C)C=O,18000.0,445.0,88.23509979248047
CCN(CC)c1ccc2oc(=O)c(-c3nc4ccccc4s3)cc2c1,CC(=O)c1ccc(F)cc1Br,CCN(C(C)C)C(C)C,Cc1ccc(-c2ccc(F)cc2)nc1,Cc1cc2cccnc2c2ncccc12,O.[Cl][Ir]([Cl])[Cl],CS(C)=O,CN(C)C=O,18000.0,445.0,88.23509979248047
CCN(CC)c1ccc2oc(=O)c(-c3nc4ccccc4s3)cc2c1,CC(=O)c1ccc(F)cc1Br,CCN(C(C)C)C(C)C,Cc1ccc(-c2ccc(N(c3ccccc3)c3ccccc3)cc2)nc1,Cc1cc(-c2ccccc2)c2ccc3c(-c4ccccc4)cc(C)nc3c2n1,O.[Cl][Ir]([Cl])[Cl],CS(C)=O,CN(C)C=O,18000.0,445.0,0.005350000225007534
CCN(CC)c1ccc2oc(=O)c(-c3nc4ccccc4s3)cc2c1,CC(=O)c1ccc(F)cc1Br,CCN(C(C)C)C(C)C,Clc1ccc(-c2nc3ccccc3o2)cc1,Cc1cnc2c(ccc3c(C)c(C)cnc32)c1C,O.[Cl][Ir]([Cl])[Cl],CS(C)=O,CN(C)C=O,18000.0,445.0,57.22541427612305
CCN(CC)c1ccc2oc(=O)c(-c3nc4ccccc4s3)cc2c1,CC(=O)c1ccc(F)cc1Br,CCN(C(C)C)C(C)C,Cc1ccc(-c2ccc(-c3ccccc3)cc2)nc1,CC1(C)C(=O)C(C)(C)c2c1c1cccnc1c1ncccc21,O.[Cl][Ir]([Cl])[Cl],CS(C)=O,CN(C)C=O,18000.0,445.0,96.46984100341797
CCN(CC)c1ccc2oc(=O)c(-c3nc4ccccc4s3)cc2c1,CC(=O)c1ccc(F)cc1Br,CCN(C(C)C)C(C)C,Cc1ccc(-c2ccc(-c3ccccc3)cc2)nc1,Cc1ccnc(-c2cc(C)ccn2)c1,O.[Cl][Ir]([Cl])[Cl],CS(C)=O,CN(C)C=O,18000.0,445.0,99.87538146972656
CCN(CC)c1ccc2oc(=O)c(-c3nc4ccccc4s3)cc2c1,CC(=O)c1ccc(F)cc1Br,CCN(C(C)C)C(C)C,Cc1ccc(-c2ccc(C)cn2)cc1,CCCCCCCCCc1ccnc(-c2cc(CCCCCCCCC)ccn2)c1,O.[Cl][Ir]([Cl])[Cl],CS(C)=O,CN(C)C=O,18000.0,445.0,93.1097412109375
CCN(CC)c1ccc2oc(=O)c(-c3nc4ccccc4s3)cc2c1,CC(=O)c1ccc(F)cc1Br,CCN(C(C)C)C(C)C,c1ccc(Cc2ccccn2)cc1,c1ccc(-c2ccnc(-c3cc(-c4ccccc4)ccn3)c2)cc1,O.[Cl][Ir]([Cl])[Cl],CS(C)=O,CN(C)C=O,18000.0,445.0,63.55833435058594
CCN(CC)c1ccc2oc(=O)c(-c3nc4ccccc4s3)cc2c1,CC(=O)c1ccc(F)cc1Br,CCN(C(C)C)C(C)C,Cc1ccc(-c2ccc(S(C)(=O)=O)cc2)nc1,Cc1ccnc2c1ccc1cccnc12,O.[Cl][Ir]([Cl])[Cl],CS(C)=O,CN(C)C=O,18000.0,445.0,94.88140869140625
CCN(CC)c1ccc2oc(=O)c(-c3nc4ccccc4s3)cc2c1,CC(=O)c1ccc(F)cc1Br,CCN(C(C)C)C(C)C,Cc1ccc(-c2ccc(OC(F)(F)F)cc2)nc1,c1ccc(-c2ccnc(-c3cc(-c4ccccc4)ccn3)c2)cc1,O.[Cl][Ir]([Cl])[Cl],CS(C)=O,CN(C)C=O,18000.0,445.0,67.1956558227539
CCN(CC)c1ccc2oc(=O)c(-c3nc4ccccc4s3)cc2c1,CC(=O)c1ccc(F)cc1Br,CCN(C(C)C)C(C)C,COc1cccc(-c2cc(-c3ccccc3)c(C)cn2)c1,c1ccc(-c2ccccn2)nc1,O.[Cl][Ir]([Cl])[Cl],CS(C)=O,CN(C)C=O,18000.0,445.0,0.005350000225007534
CCN(CC)c1ccc2oc(=O)c(-c3nc4ccccc4s3)cc2c1,CC(=O)c1ccc(F)cc1Br,CCN(C(C)C)C(C)C,Cc1ccc(-c2ccc(C)cn2)cc1,c1ccc(-c2ccnc3c2ccc2c(-c4ccccc4)ccnc23)cc1,O.[Cl][Ir]([Cl])[Cl],CS(C)=O,CN(C)C=O,18000.0,445.0,96.46984100341797
CCN(CC)c1ccc2oc(=O)c(-c3nc4ccccc4s3)cc2c1,CC(=O)c1ccc(F)cc1Br,CCN(C(C)C)C(C)C,Cc1ccc(-c2cccc(Cl)c2)nc1,Cc1cnc2c(ccc3c(C)c(C)cnc32)c1C,O.[Cl][Ir]([Cl])[Cl],CS(C)=O,CN(C)C=O,18000.0,445.0,98.3681869506836
CCN(CC)c1ccc2oc(=O)c(-c3nc4ccccc4s3)cc2c1,CC(=O)c1ccc(F)cc1Br,CCN(C(C)C)C(C)C,Cc1ccc(-c2ccc(F)c(C(F)(F)F)c2)nc1,Cc1ccc2ccc3ccc(C)nc3c2n1,O.[Cl][Ir]([Cl])[Cl],CS(C)=O,CN(C)C=O,18000.0,445.0,52.43498992919922
CCN(CC)c1ccc2oc(=O)c(-c3nc4ccccc4s3)cc2c1,CC(=O)c1ccc(F)cc1Br,CCN(C(C)C)C(C)C,Cc1ccc(-c2ccccc2)nc1,c1ccc(-c2ccccn2)nc1,O.[Cl][Ir]([Cl])[Cl],CS(C)=O,CN(C)C=O,18000.0,445.0,97.810546875
CCN(CC)c1ccc2oc(=O)c(-c3nc4ccccc4s3)cc2c1,CC(=O)c1ccc(F)cc1Br,CCN(C(C)C)C(C)C,c1ccc(-c2nc3ccccc3s2)cc1,Cc1cc(-c2ccccc2)c2ccc3c(-c4ccccc4)cc(C)nc3c2n1,O.[Cl][Ir]([Cl])[Cl],CS(C)=O,CN(C)C=O,18000.0,445.0,99.73799896240234
CCN(CC)c1ccc2oc(=O)c(-c3nc4ccccc4s3)cc2c1,CC(=O)c1ccc(F)cc1Br,CCN(C(C)C)C(C)C,Cc1ccc(-c2ccc(S(C)(=O)=O)cc2)nc1,c1cnc2c(c1)ccc1cccnc12,O.[Cl][Ir]([Cl])[Cl],CS(C)=O,CN(C)C=O,18000.0,445.0,99.73799896240234
CCN(CC)c1ccc2oc(=O)c(-c3nc4ccccc4s3)cc2c1,CC(=O)c1ccc(F)cc1Br,CCN(C(C)C)C(C)C,Clc1ccc(-c2cc(-c3ccccc3)ccn2)cc1,CCCCCCCCCc1ccnc(-c2cc(CCCCCCCCC)ccn2)c1,O.[Cl][Ir]([Cl])[Cl],CS(C)=O,CN(C)C=O,18000.0,445.0,99.5252456665039
CCN(CC)c1ccc2oc(=O)c(-c3nc4ccccc4s3)cc2c1,CC(=O)c1ccc(F)cc1Br,CCN(C(C)C)C(C)C,Fc1ccc(-c2nc3ccccc3o2)cc1,COc1ccnc(-c2cc(OC)ccn2)c1,O.[Cl][Ir]([Cl])[Cl],CS(C)=O,CN(C)C=O,18000.0,445.0,86.21414947509766
CCN(CC)c1ccc2oc(=O)c(-c3nc4ccccc4s3)cc2c1,CC(=O)c1ccc(F)cc1Br,CCN(C(C)C)C(C)C,Cc1ccc(-c2ccc(N(c3ccccc3)c3ccccc3)cc2)nc1,O=C1C(=O)c2cccnc2-c2ncccc21,O.[Cl][Ir]([Cl])[Cl],CS(C)=O,CN(C)C=O,18000.0,445.0,0.005350000225007534
CCN(CC)c1ccc2oc(=O)c(-c3nc4ccccc4s3)cc2c1,CC(=O)c1ccc(F)cc1Br,CCN(C(C)C)C(C)C,Cc1ccc(-c2nc3ccccc3o2)cc1,CS(C)=O,O.[Cl][Ir]([Cl])[Cl],CS(C)=O,CN(C)C=O,18000.0,445.0,0.005350000225007534
CCN(CC)c1ccc2oc(=O)c(-c3nc4ccccc4s3)cc2c1,CC(=O)c1ccc(F)cc1Br,CCN(C(C)C)C(C)C,Cc1ccc(-c2cccc(F)c2)nc1,CC1(C)C(=O)C(C)(C)c2c1c1cccnc1c1ncccc21,O.[Cl][Ir]([Cl])[Cl],CS(C)=O,CN(C)C=O,18000.0,445.0,98.84195709228516
CCN(CC)c1ccc2oc(=O)c(-c3nc4ccccc4s3)cc2c1,CC(=O)c1ccc(F)cc1Br,CCN(C(C)C)C(C)C,Cc1ccc(-c2ccc(C)cn2)cc1,Cc1cc(-c2ccccc2)c2ccc3c(-c4ccccc4)cc(C)nc3c2n1,O.[Cl][Ir]([Cl])[Cl],CS(C)=O,CN(C)C=O,18000.0,445.0,96.46984100341797
CCN(CC)c1ccc2oc(=O)c(-c3nc4ccccc4s3)cc2c1,CC(=O)c1ccc(F)cc1Br,CCN(C(C)C)C(C)C,Fc1ccc(-c2cc(-c3ccccc3)ccn2)cc1,O=C(O)c1ccnc(-c2cc(C(=O)O)ccn2)c1,O.[Cl][Ir]([Cl])[Cl],CS(C)=O,CN(C)C=O,18000.0,445.0,99.99984741210938
CCN(CC)c1ccc2oc(=O)c(-c3nc4ccccc4s3)cc2c1,CC(=O)c1ccc(F)cc1Br,CCN(C(C)C)C(C)C,c1ccc(-c2ccc(-c3cc(-c4ccccc4)ccn3)cc2)cc1,Cc1cc(-c2ccccc2)c2ccc3c(-c4ccccc4)cc(C)nc3c2n1,O.[Cl][Ir]([Cl])[Cl],CS(C)=O,CN(C)C=O,18000.0,445.0,99.98658752441406
CCN(CC)c1ccc2oc(=O)c(-c3nc4ccccc4s3)cc2c1,CC(=O)c1ccc(F)cc1Br,CCN(C(C)C)C(C)C,c1ccc(-c2ccnc(-c3ccc4ccccc4c3)c2)cc1,CS(C)=O,O.[Cl][Ir]([Cl])[Cl],CS(C)=O,CN(C)C=O,18000.0,445.0,0.005350000225007534
CCN(CC)c1ccc2oc(=O)c(-c3nc4ccccc4s3)cc2c1,CC(=O)c1ccc(F)cc1Br,CCN(C(C)C)C(C)C,Cc1cnc(-c2ccccc2)cc1-c1ccccc1,FC(F)(F)c1ccc(-c2ccc(C(F)(F)F)cn2)nc1,O.[Cl][Ir]([Cl])[Cl],CS(C)=O,CN(C)C=O,18000.0,445.0,0.005350000225007534
CCN(CC)c1ccc2oc(=O)c(-c3nc4ccccc4s3)cc2c1,CC(=O)c1ccc(F)cc1Br,CCN(C(C)C)C(C)C,Cc1ccc(-c2ccccc2)nc1,Cc1ccnc2c1ccc1c(C)ccnc12,O.[Cl][Ir]([Cl])[Cl],CS(C)=O,CN(C)C=O,18000.0,445.0,99.22785186767578
CCN(CC)c1ccc2oc(=O)c(-c3nc4ccccc4s3)cc2c1,CC(=O)c1ccc(F)cc1Br,CCN(C(C)C)C(C)C,Cc1ccc(-c2ccccc2F)nc1,O=C1c2cccnc2-c2ncccc21,O.[Cl][Ir]([Cl])[Cl],CS(C)=O,CN(C)C=O,18000.0,445.0,0.005350000225007534
CCN(CC)c1ccc2oc(=O)c(-c3nc4ccccc4s3)cc2c1,CC(=O)c1ccc(F)cc1Br,CCN(C(C)C)C(C)C,Cc1ccc(-c2cccc(F)c2)nc1,c1cnc2c(c1)ccc1cccnc12,O.[Cl][Ir]([Cl])[Cl],CS(C)=O,CN(C)C=O,18000.0,445.0,97.17524719238281
CCN(CC)c1ccc2oc(=O)c(-c3nc4ccccc4s3)cc2c1,CC(=O)c1ccc(F)cc1Br,CCN(C(C)C)C(C)C,Cc1ccc(-c2cccc(C#N)c2)nc1,CCCCCCCCCc1ccnc(-c2cc(CCCCCCCCC)ccn2)c1,O.[Cl][Ir]([Cl])[Cl],CS(C)=O,CN(C)C=O,18000.0,445.0,82.19776916503906
CCN(CC)c1ccc2oc(=O)c(-c3nc4ccccc4s3)cc2c1,CC(=O)c1ccc(F)cc1Br,CCN(C(C)C)C(C)C,COc1cccc(-c2cc(-c3ccccc3)c(C)cn2)c1,CCCCCCCCCc1ccnc(-c2cc(CCCCCCCCC)ccn2)c1,O.[Cl][Ir]([Cl])[Cl],CS(C)=O,CN(C)C=O,18000.0,445.0,0.005350000225007534
CCN(CC)c1ccc2oc(=O)c(-c3nc4ccccc4s3)cc2c1,CC(=O)c1ccc(F)cc1Br,CCN(C(C)C)C(C)C,FC(F)(F)c1ccc(-c2nc3ccccc3s2)cc1,CS(C)=O,O.[Cl][Ir]([Cl])[Cl],CS(C)=O,CN(C)C=O,18000.0,445.0,0.005350000225007534
CCN(CC)c1ccc2oc(=O)c(-c3nc4ccccc4s3)cc2c1,CC(=O)c1ccc(F)cc1Br,CCN(C(C)C)C(C)C,Cc1ccc(-c2ccc(F)cc2F)nc1,O=C1c2cccnc2-c2ncccc21,O.[Cl][Ir]([Cl])[Cl],CS(C)=O,CN(C)C=O,18000.0,445.0,0.005350000225007534
CCN(CC)c1ccc2oc(=O)c(-c3nc4ccccc4s3)cc2c1,CC(=O)c1ccc(F)cc1Br,CCN(C(C)C)C(C)C,c1ccc(-n2cccn2)cc1,CC(C)(C)c1ccnc(-c2cc(C(C)(C)C)ccn2)c1,O.[Cl][Ir]([Cl])[Cl],CS(C)=O,CN(C)C=O,18000.0,445.0,97.17524719238281
CCN(CC)c1ccc2oc(=O)c(-c3nc4ccccc4s3)cc2c1,CC(=O)c1ccc(F)cc1Br,CCN(C(C)C)C(C)C,Cc1ccc(-c2ccc(C#N)cc2)nc1,Cc1cc(-c2ccccc2)c2ccc3c(-c4ccccc4)cc(C)nc3c2n1,O.[Cl][Ir]([Cl])[Cl],CS(C)=O,CN(C)C=O,18000.0,445.0,94.0146484375
CCN(CC)c1ccc2oc(=O)c(-c3nc4ccccc4s3)cc2c1,CC(=O)c1ccc(F)cc1Br,CCN(C(C)C)C(C)C,Clc1ccc(-c2nc3ccccc3o2)cc1,c1ccc2nc(-c3ccc4ccccc4n3)ccc2c1,O.[Cl][Ir]([Cl])[Cl],CS(C)=O,CN(C)C=O,18000.0,445.0,0.005350000225007534
CCN(CC)c1ccc2oc(=O)c(-c3nc4ccccc4s3)cc2c1,CC(=O)c1ccc(F)cc1Br,CCN(C(C)C)C(C)C,Cc1ccc(-c2ccc(OC(F)(F)F)cc2)nc1,c1ccc2nc(-c3ccc4ccccc4n3)ccc2c1,O.[Cl][Ir]([Cl])[Cl],CS(C)=O,CN(C)C=O,18000.0,445.0,0.005350000225007534
CCN(CC)c1ccc2oc(=O)c(-c3nc4ccccc4s3)cc2c1,CC(=O)c1ccc(F)cc1Br,CCN(C(C)C)C(C)C,COc1cccc(-c2ccc(C)cn2)c1,Cc1ccnc2c1ccc1cccnc12,O.[Cl][Ir]([Cl])[Cl],CS(C)=O,CN(C)C=O,18000.0,445.0,0.005350000225007534
CCN(CC)c1ccc2oc(=O)c(-c3nc4ccccc4s3)cc2c1,CC(=O)c1ccc(F)cc1Br,CCN(C(C)C)C(C)C,c1ccc(-c2ccccn2)cc1,CC1(C)C(=O)C(C)(C)c2c1c1cccnc1c1ncccc21,O.[Cl][Ir]([Cl])[Cl],CS(C)=O,CN(C)C=O,18000.0,445.0,88.23509979248047
CCN(CC)c1ccc2oc(=O)c(-c3nc4ccccc4s3)cc2c1,CC(=O)c1ccc(F)cc1Br,CCN(C(C)C)C(C)C,Fc1ccc(-c2nc3ccccc3o2)cc1,Cc1ccnc2c1ccc1cccnc12,O.[Cl][Ir]([Cl])[Cl],CS(C)=O,CN(C)C=O,18000.0,445.0,72.02444458007812
CCN(CC)c1ccc2oc(=O)c(-c3nc4ccccc4s3)cc2c1,CC(=O)c1ccc(F)cc1Br,CCN(C(C)C)C(C)C,Cc1ccc(-c2ccccc2)nc1,Cc1cnc2c(ccc3c(C)c(C)cnc32)c1C,O.[Cl][Ir]([Cl])[Cl],CS(C)=O,CN(C)C=O,18000.0,445.0,81.21128845214844
CCN(CC)c1ccc2oc(=O)c(-c3nc4ccccc4s3)cc2c1,CC(=O)c1ccc(F)cc1Br,CCN(C(C)C)C(C)C,Cc1ccc(-c2ccc(C#N)cc2)nc1,Cc1ccnc2c1ccc1cccnc12,O.[Cl][Ir]([Cl])[Cl],CS(C)=O,CN(C)C=O,18000.0,445.0,86.21414947509766
CCN(CC)c1ccc2oc(=O)c(-c3nc4ccccc4s3)cc2c1,CC(=O)c1ccc(F)cc1Br,CCN(C(C)C)C(C)C,c1ccc2c(c1)ccc1cccnc12,CC(C)(C)c1ccnc(-c2cc(C(C)(C)C)ccn2)c1,O.[Cl][Ir]([Cl])[Cl],CS(C)=O,CN(C)C=O,18000.0,445.0,99.5252456665039
CCN(CC)c1ccc2oc(=O)c(-c3nc4ccccc4s3)cc2c1,CC(=O)c1ccc(F)cc1Br,CCN(C(C)C)C(C)C,Fc1ccc(-c2ccccn2)cc1,Cc1cc(-c2ccccc2)c2ccc3c(-c4ccccc4)cc(C)nc3c2n1,O.[Cl][Ir]([Cl])[Cl],CS(C)=O,CN(C)C=O,18000.0,445.0,0.005350000225007534
CCN(CC)c1ccc2oc(=O)c(-c3nc4ccccc4s3)cc2c1,CC(=O)c1ccc(F)cc1Br,CCN(C(C)C)C(C)C,Cc1ccc(-c2ccc(Cl)cc2)nc1,Cc1ccnc2c1ccc1cccnc12,O.[Cl][Ir]([Cl])[Cl],CS(C)=O,CN(C)C=O,18000.0,445.0,85.20319366455078
CCN(CC)c1ccc2oc(=O)c(-c3nc4ccccc4s3)cc2c1,CC(=O)c1ccc(F)cc1Br,CCN(C(C)C)C(C)C,COc1cccc(-c2cc(-c3ccccc3)c(C)cn2)c1,c1cnc2c(c1)ccc1cccnc12,O.[Cl][Ir]([Cl])[Cl],CS(C)=O,CN(C)C=O,18000.0,445.0,0.005350000225007534
CCN(CC)c1ccc2oc(=O)c(-c3nc4ccccc4s3)cc2c1,CC(=O)c1ccc(F)cc1Br,CCN(C(C)C)C(C)C,c1ccc(-c2ccccn2)cc1,O=C1c2cccnc2-c2ncccc21,O.[Cl][Ir]([Cl])[Cl],CS(C)=O,CN(C)C=O,18000.0,445.0,0.005350000225007534
CCN(CC)c1ccc2oc(=O)c(-c3nc4ccccc4s3)cc2c1,CC(=O)c1ccc(F)cc1Br,CCN(C(C)C)C(C)C,Cc1ccc(-c2ccc(N(c3ccccc3)c3ccccc3)cc2)nc1,O=C(O)c1ccnc(-c2cc(C(=O)O)ccn2)c1,O.[Cl][Ir]([Cl])[Cl],CS(C)=O,CN(C)C=O,18000.0,445.0,73.75070190429688
CCN(CC)c1ccc2oc(=O)c(-c3nc4ccccc4s3)cc2c1,CC(=O)c1ccc(F)cc1Br,CCN(C(C)C)C(C)C,Cc1ccc(-c2ccccc2)nc1,FC(F)(F)c1ccc(-c2ccc(C(F)(F)F)cn2)nc1,O.[Cl][Ir]([Cl])[Cl],CS(C)=O,CN(C)C=O,18000.0,445.0,0.005350000225007534
CCN(CC)c1ccc2oc(=O)c(-c3nc4ccccc4s3)cc2c1,CC(=O)c1ccc(F)cc1Br,CCN(C(C)C)C(C)C,c1ccc2c(c1)ccc1cccnc12,Cc1cc2cccnc2c2ncccc12,O.[Cl][Ir]([Cl])[Cl],CS(C)=O,CN(C)C=O,18000.0,445.0,98.84195709228516
CCN(CC)c1ccc2oc(=O)c(-c3nc4ccccc4s3)cc2c1,CC(=O)c1ccc(F)cc1Br,CCN(C(C)C)C(C)C,Cc1ccc(-c2ccc(-c3ccccc3)cc2)nc1,CCCCCCCCCc1ccnc(-c2cc(CCCCCCCCC)ccn2)c1,O.[Cl][Ir]([Cl])[Cl],CS(C)=O,CN(C)C=O,18000.0,445.0,99.87538146972656
CCN(CC)c1ccc2oc(=O)c(-c3nc4ccccc4s3)cc2c1,CC(=O)c1ccc(F)cc1Br,CCN(C(C)C)C(C)C,Cc1ccc(-c2ccc(S(C)(=O)=O)cc2)nc1,COc1ccnc(-c2cc(OC)ccn2)c1,O.[Cl][Ir]([Cl])[Cl],CS(C)=O,CN(C)C=O,18000.0,445.0,99.22785186767578
CCN(CC)c1ccc2oc(=O)c(-c3nc4ccccc4s3)cc2c1,CC(=O)c1ccc(F)cc1Br,CCN(C(C)C)C(C)C,CCc1ccc(-c2ccccc2)nc1,COc1ccnc(-c2cc(OC)ccn2)c1,O.[Cl][Ir]([Cl])[Cl],CS(C)=O,CN(C)C=O,18000.0,445.0,97.17524719238281
CCN(CC)c1ccc2oc(=O)c(-c3nc4ccccc4s3)cc2c1,CC(=O)c1ccc(F)cc1Br,CCN(C(C)C)C(C)C,CCc1ccc(-c2ccc(Cl)cc2)nc1,Cc1cc2cccnc2c2ncccc12,O.[Cl][Ir]([Cl])[Cl],CS(C)=O,CN(C)C=O,18000.0,445.0,99.73799896240234
CCN(CC)c1ccc2oc(=O)c(-c3nc4ccccc4s3)cc2c1,CC(=O)c1ccc(F)cc1Br,CCN(C(C)C)C(C)C,c1ccc(-c2ccnc(-c3ccc(N4CCCC4)cc3)c2)cc1,COc1ccnc(-c2cc(OC)ccn2)c1,O.[Cl][Ir]([Cl])[Cl],CS(C)=O,CN(C)C=O,18000.0,445.0,43.0599365234375
CCN(CC)c1ccc2oc(=O)c(-c3nc4ccccc4s3)cc2c1,CC(=O)c1ccc(F)cc1Br,CCN(C(C)C)C(C)C,CCc1ccc(-c2ccccc2)nc1,Cc1cc2cccnc2c2ncccc12,O.[Cl][Ir]([Cl])[Cl],CS(C)=O,CN(C)C=O,18000.0,445.0,99.87538146972656
CCN(CC)c1ccc2oc(=O)c(-c3nc4ccccc4s3)cc2c1,CC(=O)c1ccc(F)cc1Br,CCN(C(C)C)C(C)C,Cc1ccc(-c2ccc(F)c(C(F)(F)F)c2)nc1,Cc1cnc2c(ccc3c(C)c(C)cnc32)c1C,O.[Cl][Ir]([Cl])[Cl],CS(C)=O,CN(C)C=O,18000.0,445.0,51.47008514404297
CCN(CC)c1ccc2oc(=O)c(-c3nc4ccccc4s3)cc2c1,CC(=O)c1ccc(F)cc1Br,CCN(C(C)C)C(C)C,Cc1ccc(-c2ccc(-c3ccccc3)cc2)nc1,CS(C)=O,O.[Cl][Ir]([Cl])[Cl],CS(C)=O,CN(C)C=O,18000.0,445.0,0.005350000225007534
CCN(CC)c1ccc2oc(=O)c(-c3nc4ccccc4s3)cc2c1,CC(=O)c1ccc(F)cc1Br,CCN(C(C)C)C(C)C,Cc1ccc(-c2ccc(-c3ccccc3)cc2)nc1,Cc1ccnc2c1ccc1c(C)ccnc12,O.[Cl][Ir]([Cl])[Cl],CS(C)=O,CN(C)C=O,18000.0,445.0,97.810546875
CCN(CC)c1ccc2oc(=O)c(-c3nc4ccccc4s3)cc2c1,CC(=O)c1ccc(F)cc1Br,CCN(C(C)C)C(C)C,Cc1ccc(-c2ccc(F)cc2)nc1,Cc1cnc2c(ccc3c(C)c(C)cnc32)c1C,O.[Cl][Ir]([Cl])[Cl],CS(C)=O,CN(C)C=O,18000.0,445.0,55.54198455810547
CCN(CC)c1ccc2oc(=O)c(-c3nc4ccccc4s3)cc2c1,CC(=O)c1ccc(F)cc1Br,CCN(C(C)C)C(C)C,FC(F)(F)c1ccc(-c2nc3ccccc3o2)cc1,c1ccc2nc(-c3ccc4ccccc4n3)ccc2c1,O.[Cl][Ir]([Cl])[Cl],CS(C)=O,CN(C)C=O,18000.0,445.0,82.19776916503906
CCN(CC)c1ccc2oc(=O)c(-c3nc4ccccc4s3)cc2c1,CC(=O)c1ccc(F)cc1Br,CCN(C(C)C)C(C)C,COc1ccc(-c2ccc(C)cn2)cc1,FC(F)(F)c1ccc(-c2ccc(C(F)(F)F)cn2)nc1,O.[Cl][Ir]([Cl])[Cl],CS(C)=O,CN(C)C=O,18000.0,445.0,43.400054931640625
CCN(CC)c1ccc2oc(=O)c(-c3nc4ccccc4s3)cc2c1,CC(=O)c1ccc(F)cc1Br,CCN(C(C)C)C(C)C,c1ccc(Cc2ccccn2)cc1,CCCCCCCCCc1ccnc(-c2cc(CCCCCCCCC)ccn2)c1,O.[Cl][Ir]([Cl])[Cl],CS(C)=O,CN(C)C=O,18000.0,445.0,75.53501892089844
CCN(CC)c1ccc2oc(=O)c(-c3nc4ccccc4s3)cc2c1,CC(=O)c1ccc(F)cc1Br,CCN(C(C)C)C(C)C,Cc1ccc(-c2ccc(Cl)cc2)nc1,COc1ccnc(-c2cc(OC)ccn2)c1,O.[Cl][Ir]([Cl])[Cl],CS(C)=O,CN(C)C=O,18000.0,445.0,94.0146484375
CCN(CC)c1ccc2oc(=O)c(-c3nc4ccccc4s3)cc2c1,CC(=O)c1ccc(F)cc1Br,CCN(C(C)C)C(C)C,c1ccc2c(c1)ccc1cccnc12,Cc1ccnc2c1ccc1c(C)ccnc12,O.[Cl][Ir]([Cl])[Cl],CS(C)=O,CN(C)C=O,18000.0,445.0,99.22785186767578
CCN(CC)c1ccc2oc(=O)c(-c3nc4ccccc4s3)cc2c1,CC(=O)c1ccc(F)cc1Br,CCN(C(C)C)C(C)C,Cc1ccc(-c2ccc(C#N)cc2)nc1,Cc1cc2cccnc2c2ncccc12,O.[Cl][Ir]([Cl])[Cl],CS(C)=O,CN(C)C=O,18000.0,445.0,94.88140869140625
CCN(CC)c1ccc2oc(=O)c(-c3nc4ccccc4s3)cc2c1,CC(=O)c1ccc(F)cc1Br,CCN(C(C)C)C(C)C,Fc1ccc(-c2nc3ccccc3o2)cc1,Cc1ccnc2c1ccc1c(C)ccnc12,O.[Cl][Ir]([Cl])[Cl],CS(C)=O,CN(C)C=O,18000.0,445.0,63.55833435058594
CCN(CC)c1ccc2oc(=O)c(-c3nc4ccccc4s3)cc2c1,CC(=O)c1ccc(F)cc1Br,CCN(C(C)C)C(C)C,Cc1ccc(-c2ccc(F)cc2)nc1,CS(C)=O,O.[Cl][Ir]([Cl])[Cl],CS(C)=O,CN(C)C=O,18000.0,445.0,0.005350000225007534
CCN(CC)c1ccc2oc(=O)c(-c3nc4ccccc4s3)cc2c1,CC(=O)c1ccc(F)cc1Br,CCN(C(C)C)C(C)C,Cc1ccc(-c2ccc(OC(F)(F)F)cc2)nc1,c1ccc(-c2ccnc3c2ccc2c(-c4ccccc4)ccnc23)cc1,O.[Cl][Ir]([Cl])[Cl],CS(C)=O,CN(C)C=O,18000.0,445.0,99.5252456665039
CCN(CC)c1ccc2oc(=O)c(-c3nc4ccccc4s3)cc2c1,CC(=O)c1ccc(F)cc1Br,CCN(C(C)C)C(C)C,c1ccc(-c2ccnc(-c3ccc4ccccc4c3)c2)cc1,Cc1ccnc2c1ccc1c(C)ccnc12,O.[Cl][Ir]([Cl])[Cl],CS(C)=O,CN(C)C=O,18000.0,445.0,99.22785186767578
CCN(CC)c1ccc2oc(=O)c(-c3nc4ccccc4s3)cc2c1,CC(=O)c1ccc(F)cc1Br,CCN(C(C)C)C(C)C,c1ccc2cc(-c3nc4ccccc4o3)ccc2c1,Cc1ccc2ccc3ccc(C)nc3c2n1,O.[Cl][Ir]([Cl])[Cl],CS(C)=O,CN(C)C=O,18000.0,445.0,91.21280670166016
CCN(CC)c1ccc2oc(=O)c(-c3nc4ccccc4s3)cc2c1,CC(=O)c1ccc(F)cc1Br,CCN(C(C)C)C(C)C,c1ccc(-n2cccn2)cc1,Cc1ccnc(-c2cc(C)ccn2)c1,O.[Cl][Ir]([Cl])[Cl],CS(C)=O,CN(C)C=O,18000.0,445.0,98.84195709228516
CCN(CC)c1ccc2oc(=O)c(-c3nc4ccccc4s3)cc2c1,CC(=O)c1ccc(F)cc1Br,CCN(C(C)C)C(C)C,c1ccc(-c2nc3ccccc3s2)cc1,CC(C)(O)Cc1ccc(-c2ccc(CC(C)(C)O)cn2)nc1,O.[Cl][Ir]([Cl])[Cl],CS(C)=O,CN(C)C=O,18000.0,445.0,99.95206451416016
CCN(CC)c1ccc2oc(=O)c(-c3nc4ccccc4s3)cc2c1,CC(=O)c1ccc(F)cc1Br,CCN(C(C)C)C(C)C,Fc1ccc(-c2ccccn2)cc1,CC(C)(C)c1ccnc(-c2cc(C(C)(C)C)ccn2)c1,O.[Cl][Ir]([Cl])[Cl],CS(C)=O,CN(C)C=O,18000.0,445.0,98.84195709228516
CCN(CC)c1ccc2oc(=O)c(-c3nc4ccccc4s3)cc2c1,CC(=O)c1ccc(F)cc1Br,CCN(C(C)C)C(C)C,COc1cccc(-c2ccc(C)cn2)c1,c1cnc2c(c1)ccc1cccnc12,O.[Cl][Ir]([Cl])[Cl],CS(C)=O,CN(C)C=O,18000.0,445.0,0.005350000225007534
CCN(CC)c1ccc2oc(=O)c(-c3nc4ccccc4s3)cc2c1,CC(=O)c1ccc(F)cc1Br,CCN(C(C)C)C(C)C,Fc1ccc(-c2nc3ccccc3o2)cc1,c1ccc(-c2ccnc(-c3cc(-c4ccccc4)ccn3)c2)cc1,O.[Cl][Ir]([Cl])[Cl],CS(C)=O,CN(C)C=O,18000.0,445.0,42.72492218017578
CCN(CC)c1ccc2oc(=O)c(-c3nc4ccccc4s3)cc2c1,CC(=O)c1ccc(F)cc1Br,CCN(C(C)C)C(C)C,FC(F)(F)Oc1ccc(-c2nc3ccccc3s2)cc1,CC1(C)C(=O)C(C)(C)c2c1c1cccnc1c1ncccc21,O.[Cl][Ir]([Cl])[Cl],CS(C)=O,CN(C)C=O,18000.0,445.0,72.02444458007812
CCN(CC)c1ccc2oc(=O)c(-c3nc4ccccc4s3)cc2c1,CC(=O)c1ccc(F)cc1Br,CCN(C(C)C)C(C)C,COc1cccc(-c2cc(-c3ccccc3)ccn2)c1,CCCCCCCCCc1ccnc(-c2cc(CCCCCCCCC)ccn2)c1,O.[Cl][Ir]([Cl])[Cl],CS(C)=O,CN(C)C=O,18000.0,445.0,0.005350000225007534
CCN(CC)c1ccc2oc(=O)c(-c3nc4ccccc4s3)cc2c1,CC(=O)c1ccc(F)cc1Br,CCN(C(C)C)C(C)C,COc1ccc(-c2cc(-c3ccccc3)c(C)cn2)cc1,Cc1cc(-c2ccccc2)c2ccc3c(-c4ccccc4)cc(C)nc3c2n1,O.[Cl][Ir]([Cl])[Cl],CS(C)=O,CN(C)C=O,18000.0,445.0,99.73799896240234
CCN(CC)c1ccc2oc(=O)c(-c3nc4ccccc4s3)cc2c1,CC(=O)c1ccc(F)cc1Br,CCN(C(C)C)C(C)C,COc1cccc(-c2cc(-c3ccccc3)c(C)cn2)c1,Cc1ccnc2c1ccc1c(C)ccnc12,O.[Cl][Ir]([Cl])[Cl],CS(C)=O,CN(C)C=O,18000.0,445.0,0.005350000225007534
CCN(CC)c1ccc2oc(=O)c(-c3nc4ccccc4s3)cc2c1,CC(=O)c1ccc(F)cc1Br,CCN(C(C)C)C(C)C,Clc1ccc(-c2cc(-c3ccccc3)ccn2)cc1,O=C1c2cccnc2-c2ncccc21,O.[Cl][Ir]([Cl])[Cl],CS(C)=O,CN(C)C=O,18000.0,445.0,59.61859130859375
CCN(CC)c1ccc2oc(=O)c(-c3nc4ccccc4s3)cc2c1,CC(=O)c1ccc(F)cc1Br,CCN(C(C)C)C(C)C,COc1ccc(-c2nc3ccccc3s2)cc1,Cc1cccc(-c2cccc(C)n2)n1,O.[Cl][Ir]([Cl])[Cl],CS(C)=O,CN(C)C=O,18000.0,445.0,0.005350000225007534
CCN(CC)c1ccc2oc(=O)c(-c3nc4ccccc4s3)cc2c1,CC(=O)c1ccc(F)cc1Br,CCN(C(C)C)C(C)C,c1ccc(-c2ccc(-c3cc(-c4ccccc4)ccn3)cc2)cc1,c1cnc2c(c1)ccc1cccnc12,O.[Cl][Ir]([Cl])[Cl],CS(C)=O,CN(C)C=O,18000.0,445.0,96.46984100341797
CCN(CC)c1ccc2oc(=O)c(-c3nc4ccccc4s3)cc2c1,CC(=O)c1ccc(F)cc1Br,CCN(C(C)C)C(C)C,c1ccc(Cc2ccccn2)cc1,Cc1cccc(-c2cccc(C)n2)n1,O.[Cl][Ir]([Cl])[Cl],CS(C)=O,CN(C)C=O,18000.0,445.0,0.005350000225007534
CCN(CC)c1ccc2oc(=O)c(-c3nc4ccccc4s3)cc2c1,CC(=O)c1ccc(F)cc1Br,CCN(C(C)C)C(C)C,FC(F)(F)c1ccc(-c2nc3ccccc3s2)cc1,Cc1ccc(-c2ccc(C)cn2)nc1,O.[Cl][Ir]([Cl])[Cl],CS(C)=O,CN(C)C=O,18000.0,445.0,89.2387466430664
CCN(CC)c1ccc2oc(=O)c(-c3nc4ccccc4s3)cc2c1,CC(=O)c1ccc(F)cc1Br,CCN(C(C)C)C(C)C,FC(F)(F)c1ccc(-c2nc3ccccc3o2)cc1,FC(F)(F)c1ccc(-c2ccc(C(F)(F)F)cn2)nc1,O.[Cl][Ir]([Cl])[Cl],CS(C)=O,CN(C)C=O,18000.0,445.0,78.31624603271484
CCN(CC)c1ccc2oc(=O)c(-c3nc4ccccc4s3)cc2c1,CC(=O)c1ccc(F)cc1Br,CCN(C(C)C)C(C)C,c1ccc2c(c1)ccc1cccnc12,c1ccc(-c2ccnc3c2ccc2c(-c4ccccc4)ccnc23)cc1,O.[Cl][Ir]([Cl])[Cl],CS(C)=O,CN(C)C=O,18000.0,445.0,99.22785186767578
CCN(CC)c1ccc2oc(=O)c(-c3nc4ccccc4s3)cc2c1,CC(=O)c1ccc(F)cc1Br,CCN(C(C)C)C(C)C,Fc1ccc(-c2ccccn2)cc1,c1ccc2nc(-c3ccc4ccccc4n3)ccc2c1,O.[Cl][Ir]([Cl])[Cl],CS(C)=O,CN(C)C=O,18000.0,445.0,0.005350000225007534
CCN(CC)c1ccc2oc(=O)c(-c3nc4ccccc4s3)cc2c1,CC(=O)c1ccc(F)cc1Br,CCN(C(C)C)C(C)C,Cc1ccc(-c2ccccc2)nc1,CC(C)(C)c1ccnc(-c2cc(C(C)(C)C)ccn2)c1,O.[Cl][Ir]([Cl])[Cl],CS(C)=O,CN(C)C=O,18000.0,445.0,99.22785186767578
CCN(CC)c1ccc2oc(=O)c(-c3nc4ccccc4s3)cc2c1,CC(=O)c1ccc(F)cc1Br,CCN(C(C)C)C(C)C,Cc1ccc(-c2ccc(F)c(C(F)(F)F)c2)nc1,Cc1cc(-c2ccccc2)c2ccc3c(-c4ccccc4)cc(C)nc3c2n1,O.[Cl][Ir]([Cl])[Cl],CS(C)=O,CN(C)C=O,18000.0,445.0,84.19541931152344
CCN(CC)c1ccc2oc(=O)c(-c3nc4ccccc4s3)cc2c1,CC(=O)c1ccc(F)cc1Br,CCN(C(C)C)C(C)C,FC(F)(F)c1ccc(-c2nc3ccccc3s2)cc1,O=C1c2cccnc2-c2ncccc21,O.[Cl][Ir]([Cl])[Cl],CS(C)=O,CN(C)C=O,18000.0,445.0,87.22576904296875
CCN(CC)c1ccc2oc(=O)c(-c3nc4ccccc4s3)cc2c1,CC(=O)c1ccc(F)cc1Br,CCN(C(C)C)C(C)C,Cc1ccc(-c2ccccc2F)nc1,CC(C)(O)Cc1ccc(-c2ccc(CC(C)(C)O)cn2)nc1,O.[Cl][Ir]([Cl])[Cl],CS(C)=O,CN(C)C=O,18000.0,445.0,98.84195709228516
CCN(CC)c1ccc2oc(=O)c(-c3nc4ccccc4s3)cc2c1,CC(=O)c1ccc(F)cc1Br,CCN(C(C)C)C(C)C,Cc1ccc(-c2ccccc2)nc1,CS(C)=O,O.[Cl][Ir]([Cl])[Cl],CS(C)=O,CN(C)C=O,18000.0,445.0,0.005350000225007534
CCN(CC)c1ccc2oc(=O)c(-c3nc4ccccc4s3)cc2c1,CC(=O)c1ccc(F)cc1Br,CCN(C(C)C)C(C)C,Fc1ccc(-c2nc3ccccc3o2)cc1,CCCCCCCCCc1ccnc(-c2cc(CCCCCCCCC)ccn2)c1,O.[Cl][Ir]([Cl])[Cl],CS(C)=O,CN(C)C=O,18000.0,445.0,73.75070190429688
CCN(CC)c1ccc2oc(=O)c(-c3nc4ccccc4s3)cc2c1,CC(=O)c1ccc(F)cc1Br,CCN(C(C)C)C(C)C,Cc1ccc(-c2cccc(F)c2)nc1,Cc1cnc2c(ccc3c(C)c(C)cnc32)c1C,O.[Cl][Ir]([Cl])[Cl],CS(C)=O,CN(C)C=O,18000.0,445.0,91.21280670166016
CCN(CC)c1ccc2oc(=O)c(-c3nc4ccccc4s3)cc2c1,CC(=O)c1ccc(F)cc1Br,CCN(C(C)C)C(C)C,c1ccc(-c2ccc(-c3cc(-c4ccccc4)ccn3)cc2)cc1,CC(C)(C)c1ccnc(-c2cc(C(C)(C)C)ccn2)c1,O.[Cl][Ir]([Cl])[Cl],CS(C)=O,CN(C)C=O,18000.0,445.0,99.99774932861328
CCN(CC)c1ccc2oc(=O)c(-c3nc4ccccc4s3)cc2c1,CC(=O)c1ccc(F)cc1Br,CCN(C(C)C)C(C)C,Fc1ccc(-c2ccccn2)cc1,c1cnc2c(c1)ccc1cccnc12,O.[Cl][Ir]([Cl])[Cl],CS(C)=O,CN(C)C=O,18000.0,445.0,98.84195709228516
CCN(CC)c1ccc2oc(=O)c(-c3nc4ccccc4s3)cc2c1,CC(=O)c1ccc(F)cc1Br,CCN(C(C)C)C(C)C,c1ccc(-c2nc3ccccc3o2)cc1,CCCCCCCCCc1ccnc(-c2cc(CCCCCCCCC)ccn2)c1,O.[Cl][Ir]([Cl])[Cl],CS(C)=O,CN(C)C=O,18000.0,445.0,99.73799896240234
CCN(CC)c1ccc2oc(=O)c(-c3nc4ccccc4s3)cc2c1,CC(=O)c1ccc(F)cc1Br,CCN(C(C)C)C(C)C,COc1ccc(-c2cc(-c3ccccc3)ccn2)cc1,Cc1cc2cccnc2c2ncccc12,O.[Cl][Ir]([Cl])[Cl],CS(C)=O,CN(C)C=O,18000.0,445.0,99.98658752441406
CCN(CC)c1ccc2oc(=O)c(-c3nc4ccccc4s3)cc2c1,CC(=O)c1ccc(F)cc1Br,CCN(C(C)C)C(C)C,Cc1ccc(-c2cccc(Cl)c2)nc1,Cc1ccnc2c1ccc1cccnc12,O.[Cl][Ir]([Cl])[Cl],CS(C)=O,CN(C)C=O,18000.0,445.0,96.46984100341797
CCN(CC)c1ccc2oc(=O)c(-c3nc4ccccc4s3)cc2c1,CC(=O)c1ccc(F)cc1Br,CCN(C(C)C)C(C)C,Cc1ccc(-c2ccc(-c3ccccc3)cc2)nc1,Cc1ccc2ccc3ccc(C)nc3c2n1,O.[Cl][Ir]([Cl])[Cl],CS(C)=O,CN(C)C=O,18000.0,445.0,92.1736831665039
CCN(CC)c1ccc2oc(=O)c(-c3nc4ccccc4s3)cc2c1,CC(=O)c1ccc(F)cc1Br,CCN(C(C)C)C(C)C,c1ccc(Cc2ccccn2)cc1,O=C1C(=O)c2cccnc2-c2ncccc21,O.[Cl][Ir]([Cl])[Cl],CS(C)=O,CN(C)C=O,18000.0,445.0,61.53337860107422
CCN(CC)c1ccc2oc(=O)c(-c3nc4ccccc4s3)cc2c1,CC(=O)c1ccc(F)cc1Br,CCN(C(C)C)C(C)C,c1ccc(-c2nc3ccccc3s2)cc1,Cc1cc2cccnc2c2ncccc12,O.[Cl][Ir]([Cl])[Cl],CS(C)=O,CN(C)C=O,18000.0,445.0,99.87538146972656
CCN(CC)c1ccc2oc(=O)c(-c3nc4ccccc4s3)cc2c1,CC(=O)c1ccc(F)cc1Br,CCN(C(C)C)C(C)C,CCc1ccc(-c2ccccc2)nc1,FC(F)(F)c1ccc(-c2ccc(C(F)(F)F)cn2)nc1,O.[Cl][Ir]([Cl])[Cl],CS(C)=O,CN(C)C=O,18000.0,445.0,0.005350000225007534
CCN(CC)c1ccc2oc(=O)c(-c3nc4ccccc4s3)cc2c1,CC(=O)c1ccc(F)cc1Br,CCN(C(C)C)C(C)C,Cc1ccc(-c2cccc(Cl)c2)nc1,CC(C)(O)Cc1ccc(-c2ccc(CC(C)(C)O)cn2)nc1,O.[Cl][Ir]([Cl])[Cl],CS(C)=O,CN(C)C=O,18000.0,445.0,99.87538146972656
CCN(CC)c1ccc2oc(=O)c(-c3nc4ccccc4s3)cc2c1,CC(=O)c1ccc(F)cc1Br,CCN(C(C)C)C(C)C,Fc1ccc(-c2ccccn2)cc1,O=C1c2cccnc2-c2ncccc21,O.[Cl][Ir]([Cl])[Cl],CS(C)=O,CN(C)C=O,18000.0,445.0,59.61859130859375
CCN(CC)c1ccc2oc(=O)c(-c3nc4ccccc4s3)cc2c1,CC(=O)c1ccc(F)cc1Br,CCN(C(C)C)C(C)C,Cc1ccc(-c2ccc(F)c(C(F)(F)F)c2)nc1,Cc1ccnc(-c2cc(C)ccn2)c1,O.[Cl][Ir]([Cl])[Cl],CS(C)=O,CN(C)C=O,18000.0,445.0,94.0146484375
CCN(CC)c1ccc2oc(=O)c(-c3nc4ccccc4s3)cc2c1,CC(=O)c1ccc(F)cc1Br,CCN(C(C)C)C(C)C,Clc1ccc(-c2cc(-c3ccccc3)ccn2)cc1,Cc1ccnc(-c2cc(C)ccn2)c1,O.[Cl][Ir]([Cl])[Cl],CS(C)=O,CN(C)C=O,18000.0,445.0,99.73799896240234
CCN(CC)c1ccc2oc(=O)c(-c3nc4ccccc4s3)cc2c1,CC(=O)c1ccc(F)cc1Br,CCN(C(C)C)C(C)C,Cc1ccc(-c2ccc(F)cc2)nc1,CC1(C)C(=O)C(C)(C)c2c1c1cccnc1c1ncccc21,O.[Cl][Ir]([Cl])[Cl],CS(C)=O,CN(C)C=O,18000.0,445.0,98.3681869506836
CCN(CC)c1ccc2oc(=O)c(-c3nc4ccccc4s3)cc2c1,CC(=O)c1ccc(F)cc1Br,CCN(C(C)C)C(C)C,Cc1ccc(-c2ccc3ccccc3c2)nc1,Cc1cc2cccnc2c2ncccc12,O.[Cl][Ir]([Cl])[Cl],CS(C)=O,CN(C)C=O,18000.0,445.0,99.5252456665039
CCN(CC)c1ccc2oc(=O)c(-c3nc4ccccc4s3)cc2c1,CC(=O)c1ccc(F)cc1Br,CCN(C(C)C)C(C)C,c1ccc(-c2nc3ccccc3o2)cc1,Cc1ccc2ccc3ccc(C)nc3c2n1,O.[Cl][Ir]([Cl])[Cl],CS(C)=O,CN(C)C=O,18000.0,445.0,95.70247650146484
CCN(CC)c1ccc2oc(=O)c(-c3nc4ccccc4s3)cc2c1,CC(=O)c1ccc(F)cc1Br,CCN(C(C)C)C(C)C,Cc1ccc(-c2ccc(F)cc2)nc1,Cc1cc(-c2ccccc2)c2ccc3c(-c4ccccc4)cc(C)nc3c2n1,O.[Cl][Ir]([Cl])[Cl],CS(C)=O,CN(C)C=O,18000.0,445.0,0.005350000225007534
CCN(CC)c1ccc2oc(=O)c(-c3nc4ccccc4s3)cc2c1,CC(=O)c1ccc(F)cc1Br,CCN(C(C)C)C(C)C,FC(F)(F)c1ccc(-c2nc3ccccc3o2)cc1,Cc1ccnc2c1ccc1cccnc12,O.[Cl][Ir]([Cl])[Cl],CS(C)=O,CN(C)C=O,18000.0,445.0,88.23509979248047
CCN(CC)c1ccc2oc(=O)c(-c3nc4ccccc4s3)cc2c1,CC(=O)c1ccc(F)cc1Br,CCN(C(C)C)C(C)C,c1ccc(-c2ccnc(-c3ccc4ccccc4c3)c2)cc1,O=C(O)c1ccnc(-c2cc(C(=O)O)ccn2)c1,O.[Cl][Ir]([Cl])[Cl],CS(C)=O,CN(C)C=O,18000.0,445.0,99.98658752441406
CCN(CC)c1ccc2oc(=O)c(-c3nc4ccccc4s3)cc2c1,CC(=O)c1ccc(F)cc1Br,CCN(C(C)C)C(C)C,Fc1ccc(-c2cc(-c3ccccc3)ccn2)cc1,c1ccc(-c2ccnc3c2ccc2c(-c4ccccc4)ccnc23)cc1,O.[Cl][Ir]([Cl])[Cl],CS(C)=O,CN(C)C=O,18000.0,445.0,99.99984741210938
CCN(CC)c1ccc2oc(=O)c(-c3nc4ccccc4s3)cc2c1,CC(=O)c1ccc(F)cc1Br,CCN(C(C)C)C(C)C,Fc1ccc(-c2ccccn2)cc1,FC(F)(F)c1ccc(-c2ccc(C(F)(F)F)cn2)nc1,O.[Cl][Ir]([Cl])[Cl],CS(C)=O,CN(C)C=O,18000.0,445.0,30.680702209472656
CCN(CC)c1ccc2oc(=O)c(-c3nc4ccccc4s3)cc2c1,CC(=O)c1ccc(F)cc1Br,CCN(C(C)C)C(C)C,COc1ccc(-c2nc3ccccc3s2)cc1,c1ccc(-c2ccccn2)nc1,O.[Cl][Ir]([Cl])[Cl],CS(C)=O,CN(C)C=O,18000.0,445.0,99.87538146972656
CCN(CC)c1ccc2oc(=O)c(-c3nc4ccccc4s3)cc2c1,CC(=O)c1ccc(F)cc1Br,CCN(C(C)C)C(C)C,COc1ccc(-c2nc3ccccc3o2)cc1,Cc1ccc(-c2ccc(C)cn2)nc1,O.[Cl][Ir]([Cl])[Cl],CS(C)=O,CN(C)C=O,18000.0,445.0,87.22576904296875
CCN(CC)c1ccc2oc(=O)c(-c3nc4ccccc4s3)cc2c1,CC(=O)c1ccc(F)cc1Br,CCN(C(C)C)C(C)C,COc1cccc(-c2cc(-c3ccccc3)c(C)cn2)c1,Cc1cc2cccnc2c2ncccc12,O.[Cl][Ir]([Cl])[Cl],CS(C)=O,CN(C)C=O,18000.0,445.0,0.005350000225007534
CCN(CC)c1ccc2oc(=O)c(-c3nc4ccccc4s3)cc2c1,CC(=O)c1ccc(F)cc1Br,CCN(C(C)C)C(C)C,Clc1ccc(-c2nc3ccccc3s2)cc1,CC(C)(C)c1ccnc(-c2cc(C(C)(C)C)ccn2)c1,O.[Cl][Ir]([Cl])[Cl],CS(C)=O,CN(C)C=O,18000.0,445.0,99.98658752441406
CCN(CC)c1ccc2oc(=O)c(-c3nc4ccccc4s3)cc2c1,CC(=O)c1ccc(F)cc1Br,CCN(C(C)C)C(C)C,Cc1ccc(-c2ccc(C)cn2)cc1,CC(C)(O)Cc1ccc(-c2ccc(CC(C)(C)O)cn2)nc1,O.[Cl][Ir]([Cl])[Cl],CS(C)=O,CN(C)C=O,18000.0,445.0,97.810546875
CCN(CC)c1ccc2oc(=O)c(-c3nc4ccccc4s3)cc2c1,CC(=O)c1ccc(F)cc1Br,CCN(C(C)C)C(C)C,COc1ccc(-c2cc(-c3ccccc3)c(C)cn2)cc1,Cc1ccnc2c1ccc1c(C)ccnc12,O.[Cl][Ir]([Cl])[Cl],CS(C)=O,CN(C)C=O,18000.0,445.0,99.73799896240234
CCN(CC)c1ccc2oc(=O)c(-c3nc4ccccc4s3)cc2c1,CC(=O)c1ccc(F)cc1Br,CCN(C(C)C)C(C)C,c1ccc(-c2nc3ccccc3o2)cc1,Cc1ccnc2c1ccc1cccnc12,O.[Cl][Ir]([Cl])[Cl],CS(C)=O,CN(C)C=O,18000.0,445.0,88.23509979248047
CCN(CC)c1ccc2oc(=O)c(-c3nc4ccccc4s3)cc2c1,CC(=O)c1ccc(F)cc1Br,CCN(C(C)C)C(C)C,Cc1ccc(-c2ccc(-c3ccccc3)cc2)nc1,CC(C)(C)c1ccnc(-c2cc(C(C)(C)C)ccn2)c1,O.[Cl][Ir]([Cl])[Cl],CS(C)=O,CN(C)C=O,18000.0,445.0,99.87538146972656
CCN(CC)c1ccc2oc(=O)c(-c3nc4ccccc4s3)cc2c1,CC(=O)c1ccc(F)cc1Br,CCN(C(C)C)C(C)C,Cc1cnc(-c2ccccc2)cc1-c1ccccc1,COc1ccnc(-c2cc(OC)ccn2)c1,O.[Cl][Ir]([Cl])[Cl],CS(C)=O,CN(C)C=O,18000.0,445.0,97.810546875
CCN(CC)c1ccc2oc(=O)c(-c3nc4ccccc4s3)cc2c1,CC(=O)c1ccc(F)cc1Br,CCN(C(C)C)C(C)C,Cc1ccc(-c2ccc(Cl)cc2)nc1,O=C1C(=O)c2cccnc2-c2ncccc21,O.[Cl][Ir]([Cl])[Cl],CS(C)=O,CN(C)C=O,18000.0,445.0,55.54198455810547
CCN(CC)c1ccc2oc(=O)c(-c3nc4ccccc4s3)cc2c1,CC(=O)c1ccc(F)cc1Br,CCN(C(C)C)C(C)C,Cc1cnc(-c2ccccc2)cc1-c1ccccc1,Cc1cc(-c2ccccc2)c2ccc3c(-c4ccccc4)cc(C)nc3c2n1,O.[Cl][Ir]([Cl])[Cl],CS(C)=O,CN(C)C=O,18000.0,445.0,99.22785186767578
CCN(CC)c1ccc2oc(=O)c(-c3nc4ccccc4s3)cc2c1,CC(=O)c1ccc(F)cc1Br,CCN(C(C)C)C(C)C,Cc1ccc(-c2nc3ccccc3o2)cc1,Cc1cccc(-c2cccc(C)n2)n1,O.[Cl][Ir]([Cl])[Cl],CS(C)=O,CN(C)C=O,18000.0,445.0,0.005350000225007534
CCN(CC)c1ccc2oc(=O)c(-c3nc4ccccc4s3)cc2c1,CC(=O)c1ccc(F)cc1Br,CCN(C(C)C)C(C)C,CCc1ccc(-c2ccc(Cl)cc2)nc1,Cc1ccnc(-c2cc(C)ccn2)c1,O.[Cl][Ir]([Cl])[Cl],CS(C)=O,CN(C)C=O,18000.0,445.0,97.17524719238281
CCN(CC)c1ccc2oc(=O)c(-c3nc4ccccc4s3)cc2c1,CC(=O)c1ccc(F)cc1Br,CCN(C(C)C)C(C)C,c1ccc2c(c1)ccc1cccnc12,O=C(O)c1ccnc(-c2cc(C(=O)O)ccn2)c1,O.[Cl][Ir]([Cl])[Cl],CS(C)=O,CN(C)C=O,18000.0,445.0,99.95206451416016
CCN(CC)c1ccc2oc(=O)c(-c3nc4ccccc4s3)cc2c1,CC(=O)c1ccc(F)cc1Br,CCN(C(C)C)C(C)C,COc1ccc(-c2cc(-c3ccccc3)c(C)cn2)cc1,O=C1C(=O)c2cccnc2-c2ncccc21,O.[Cl][Ir]([Cl])[Cl],CS(C)=O,CN(C)C=O,18000.0,445.0,72.88026428222656
CCN(CC)c1ccc2oc(=O)c(-c3nc4ccccc4s3)cc2c1,CC(=O)c1ccc(F)cc1Br,CCN(C(C)C)C(C)C,Clc1ccc(-c2cc(-c3ccccc3)ccn2)cc1,O=C1C(=O)c2cccnc2-c2ncccc21,O.[Cl][Ir]([Cl])[Cl],CS(C)=O,CN(C)C=O,18000.0,445.0,77.37570190429688
CCN(CC)c1ccc2oc(=O)c(-c3nc4ccccc4s3)cc2c1,CC(=O)c1ccc(F)cc1Br,CCN(C(C)C)C(C)C,CCc1ccc(-c2ccc(Cl)cc2)nc1,CC(C)(C)c1ccnc(-c2cc(C(C)(C)C)ccn2)c1,O.[Cl][Ir]([Cl])[Cl],CS(C)=O,CN(C)C=O,18000.0,445.0,94.0146484375
CCN(CC)c1ccc2oc(=O)c(-c3nc4ccccc4s3)cc2c1,CC(=O)c1ccc(F)cc1Br,CCN(C(C)C)C(C)C,Cc1ccc(-c2ccc3ccccc3c2)nc1,CS(C)=O,O.[Cl][Ir]([Cl])[Cl],CS(C)=O,CN(C)C=O,18000.0,445.0,33.32315444946289
CCN(CC)c1ccc2oc(=O)c(-c3nc4ccccc4s3)cc2c1,CC(=O)c1ccc(F)cc1Br,CCN(C(C)C)C(C)C,Cc1ccc(-c2ccccc2F)nc1,CC1(C)C(=O)C(C)(C)c2c1c1cccnc1c1ncccc21,O.[Cl][Ir]([Cl])[Cl],CS(C)=O,CN(C)C=O,18000.0,445.0,90.23280334472656
CCN(CC)c1ccc2oc(=O)c(-c3nc4ccccc4s3)cc2c1,CC(=O)c1ccc(F)cc1Br,CCN(C(C)C)C(C)C,c1ccc(-n2cccn2)cc1,O=C(O)c1ccnc(-c2cc(C(=O)O)ccn2)c1,O.[Cl][Ir]([Cl])[Cl],CS(C)=O,CN(C)C=O,18000.0,445.0,99.87538146972656
CCN(CC)c1ccc2oc(=O)c(-c3nc4ccccc4s3)cc2c1,CC(=O)c1ccc(F)cc1Br,CCN(C(C)C)C(C)C,COc1ccc(-c2nc3ccccc3o2)cc1,Cc1ccnc(-c2cc(C)ccn2)c1,O.[Cl][Ir]([Cl])[Cl],CS(C)=O,CN(C)C=O,18000.0,445.0,99.5252456665039
CCN(CC)c1ccc2oc(=O)c(-c3nc4ccccc4s3)cc2c1,CC(=O)c1ccc(F)cc1Br,CCN(C(C)C)C(C)C,CCc1ccc(-c2ccc(Cl)cc2)nc1,Cc1cnc2c(ccc3c(C)c(C)cnc32)c1C,O.[Cl][Ir]([Cl])[Cl],CS(C)=O,CN(C)C=O,18000.0,445.0,94.88140869140625
CCN(CC)c1ccc2oc(=O)c(-c3nc4ccccc4s3)cc2c1,CC(=O)c1ccc(F)cc1Br,CCN(C(C)C)C(C)C,c1ccc(-c2nc3ccccc3o2)cc1,CC(C)(O)Cc1ccc(-c2ccc(CC(C)(C)O)cn2)nc1,O.[Cl][Ir]([Cl])[Cl],CS(C)=O,CN(C)C=O,18000.0,445.0,98.84195709228516
CCN(CC)c1ccc2oc(=O)c(-c3nc4ccccc4s3)cc2c1,CC(=O)c1ccc(F)cc1Br,CCN(C(C)C)C(C)C,Cc1ccc(-c2ccc(S(C)(=O)=O)cc2)nc1,CC(C)(O)Cc1ccc(-c2ccc(CC(C)(C)O)cn2)nc1,O.[Cl][Ir]([Cl])[Cl],CS(C)=O,CN(C)C=O,18000.0,445.0,99.95206451416016
CCN(CC)c1ccc2oc(=O)c(-c3nc4ccccc4s3)cc2c1,CC(=O)c1ccc(F)cc1Br,CCN(C(C)C)C(C)C,Fc1ccc(-c2ccccn2)cc1,c1ccc(-c2ccnc3c2ccc2c(-c4ccccc4)ccnc23)cc1,O.[Cl][Ir]([Cl])[Cl],CS(C)=O,CN(C)C=O,18000.0,445.0,99.95206451416016
CCN(CC)c1ccc2oc(=O)c(-c3nc4ccccc4s3)cc2c1,CC(=O)c1ccc(F)cc1Br,CCN(C(C)C)C(C)C,COc1cccc(-c2cc(-c3ccccc3)ccn2)c1,FC(F)(F)c1ccc(-c2ccc(C(F)(F)F)cn2)nc1,O.[Cl][Ir]([Cl])[Cl],CS(C)=O,CN(C)C=O,18000.0,445.0,0.005350000225007534
CCN(CC)c1ccc2oc(=O)c(-c3nc4ccccc4s3)cc2c1,CC(=O)c1ccc(F)cc1Br,CCN(C(C)C)C(C)C,c1ccc(-c2ccnc(-c3ccc4ccccc4c3)c2)cc1,O=C1c2cccnc2-c2ncccc21,O.[Cl][Ir]([Cl])[Cl],CS(C)=O,CN(C)C=O,18000.0,445.0,0.005350000225007534
CCN(CC)c1ccc2oc(=O)c(-c3nc4ccccc4s3)cc2c1,CC(=O)c1ccc(F)cc1Br,CCN(C(C)C)C(C)C,CCc1ccc(-c2ccc(Cl)cc2)nc1,COc1ccnc(-c2cc(OC)ccn2)c1,O.[Cl][Ir]([Cl])[Cl],CS(C)=O,CN(C)C=O,18000.0,445.0,97.17524719238281
CCN(CC)c1ccc2oc(=O)c(-c3nc4ccccc4s3)cc2c1,CC(=O)c1ccc(F)cc1Br,CCN(C(C)C)C(C)C,COc1ccc(-c2nc3ccccc3s2)cc1,Cc1ccnc2c1ccc1cccnc12,O.[Cl][Ir]([Cl])[Cl],CS(C)=O,CN(C)C=O,18000.0,445.0,99.95206451416016
CCN(CC)c1ccc2oc(=O)c(-c3nc4ccccc4s3)cc2c1,CC(=O)c1ccc(F)cc1Br,CCN(C(C)C)C(C)C,c1ccc2c(c1)ccc1cccnc12,Cc1ccnc2c1ccc1cccnc12,O.[Cl][Ir]([Cl])[Cl],CS(C)=O,CN(C)C=O,18000.0,445.0,95.70247650146484
CCN(CC)c1ccc2oc(=O)c(-c3nc4ccccc4s3)cc2c1,CC(=O)c1ccc(F)cc1Br,CCN(C(C)C)C(C)C,FC(F)(F)c1ccc(-c2nc3ccccc3o2)cc1,c1ccc(-c2ccccn2)nc1,O.[Cl][Ir]([Cl])[Cl],CS(C)=O,CN(C)C=O,18000.0,445.0,91.21280670166016
CCN(CC)c1ccc2oc(=O)c(-c3nc4ccccc4s3)cc2c1,CC(=O)c1ccc(F)cc1Br,CCN(C(C)C)C(C)C,FC(F)(F)Oc1ccc(-c2nc3ccccc3s2)cc1,O=C1C(=O)c2cccnc2-c2ncccc21,O.[Cl][Ir]([Cl])[Cl],CS(C)=O,CN(C)C=O,18000.0,445.0,76.44847106933594
CCN(CC)c1ccc2oc(=O)c(-c3nc4ccccc4s3)cc2c1,CC(=O)c1ccc(F)cc1Br,CCN(C(C)C)C(C)C,Cc1ccc(-c2nc3ccccc3o2)cc1,Cc1ccnc2c1ccc1cccnc12,O.[Cl][Ir]([Cl])[Cl],CS(C)=O,CN(C)C=O,18000.0,445.0,94.0146484375
CCN(CC)c1ccc2oc(=O)c(-c3nc4ccccc4s3)cc2c1,CC(=O)c1ccc(F)cc1Br,CCN(C(C)C)C(C)C,Cc1ccc(-c2ccccc2)nc1,Cc1ccnc(-c2cc(C)ccn2)c1,O.[Cl][Ir]([Cl])[Cl],CS(C)=O,CN(C)C=O,18000.0,445.0,99.5252456665039
CCN(CC)c1ccc2oc(=O)c(-c3nc4ccccc4s3)cc2c1,CC(=O)c1ccc(F)cc1Br,CCN(C(C)C)C(C)C,Cc1ccc(-c2ccc(-c3ccccc3)cc2)nc1,Cc1cc(-c2ccccc2)c2ccc3c(-c4ccccc4)cc(C)nc3c2n1,O.[Cl][Ir]([Cl])[Cl],CS(C)=O,CN(C)C=O,18000.0,445.0,97.17524719238281
CCN(CC)c1ccc2oc(=O)c(-c3nc4ccccc4s3)cc2c1,CC(=O)c1ccc(F)cc1Br,CCN(C(C)C)C(C)C,Cc1ccc(-c2nc3ccccc3o2)cc1,O=C(O)c1ccnc(-c2cc(C(=O)O)ccn2)c1,O.[Cl][Ir]([Cl])[Cl],CS(C)=O,CN(C)C=O,18000.0,445.0,99.87538146972656
CCN(CC)c1ccc2oc(=O)c(-c3nc4ccccc4s3)cc2c1,CC(=O)c1ccc(F)cc1Br,CCN(C(C)C)C(C)C,Clc1ccc(-c2nc3ccccc3o2)cc1,Cc1ccc2ccc3ccc(C)nc3c2n1,O.[Cl][Ir]([Cl])[Cl],CS(C)=O,CN(C)C=O,18000.0,445.0,83.19300079345703
CCN(CC)c1ccc2oc(=O)c(-c3nc4ccccc4s3)cc2c1,CC(=O)c1ccc(F)cc1Br,CCN(C(C)C)C(C)C,CCc1ccc(-c2cccc(OC)c2)nc1,Cc1ccnc2c1ccc1cccnc12,O.[Cl][Ir]([Cl])[Cl],CS(C)=O,CN(C)C=O,18000.0,445.0,0.005350000225007534
CCN(CC)c1ccc2oc(=O)c(-c3nc4ccccc4s3)cc2c1,CC(=O)c1ccc(F)cc1Br,CCN(C(C)C)C(C)C,Cc1ccc(-c2ccc(-c3ccccc3)cc2)nc1,COc1ccnc(-c2cc(OC)ccn2)c1,O.[Cl][Ir]([Cl])[Cl],CS(C)=O,CN(C)C=O,18000.0,445.0,98.84195709228516
CCN(CC)c1ccc2oc(=O)c(-c3nc4ccccc4s3)cc2c1,CC(=O)c1ccc(F)cc1Br,CCN(C(C)C)C(C)C,FC(F)(F)Oc1ccc(-c2nc3ccccc3s2)cc1,Cc1cccc(-c2cccc(C)n2)n1,O.[Cl][Ir]([Cl])[Cl],CS(C)=O,CN(C)C=O,18000.0,445.0,0.005350000225007534
CCN(CC)c1ccc2oc(=O)c(-c3nc4ccccc4s3)cc2c1,CC(=O)c1ccc(F)cc1Br,CCN(C(C)C)C(C)C,c1ccc(Cc2ccccn2)cc1,c1cnc2c(c1)ccc1cccnc12,O.[Cl][Ir]([Cl])[Cl],CS(C)=O,CN(C)C=O,18000.0,445.0,99.22785186767578
CCN(CC)c1ccc2oc(=O)c(-c3nc4ccccc4s3)cc2c1,CC(=O)c1ccc(F)cc1Br,CCN(C(C)C)C(C)C,CCc1ccc(-c2ccc(Cl)cc2)nc1,Cc1ccnc2c1ccc1c(C)ccnc12,O.[Cl][Ir]([Cl])[Cl],CS(C)=O,CN(C)C=O,18000.0,445.0,87.22576904296875
CCN(CC)c1ccc2oc(=O)c(-c3nc4ccccc4s3)cc2c1,CC(=O)c1ccc(F)cc1Br,CCN(C(C)C)C(C)C,Cc1ccc(-c2ccc(F)cc2)nc1,FC(F)(F)c1ccc(-c2ccc(C(F)(F)F)cn2)nc1,O.[Cl][Ir]([Cl])[Cl],CS(C)=O,CN(C)C=O,18000.0,445.0,36.69941329956055
CCN(CC)c1ccc2oc(=O)c(-c3nc4ccccc4s3)cc2c1,CC(=O)c1ccc(F)cc1Br,CCN(C(C)C)C(C)C,Cc1ccc(-c2cccc(C#N)c2)nc1,CC(C)(O)Cc1ccc(-c2ccc(CC(C)(C)O)cn2)nc1,O.[Cl][Ir]([Cl])[Cl],CS(C)=O,CN(C)C=O,18000.0,445.0,84.19541931152344
CCN(CC)c1ccc2oc(=O)c(-c3nc4ccccc4s3)cc2c1,CC(=O)c1ccc(F)cc1Br,CCN(C(C)C)C(C)C,Cc1ccc(-c2nc3ccccc3o2)cc1,c1ccc(-c2ccnc(-c3cc(-c4ccccc4)ccn3)c2)cc1,O.[Cl][Ir]([Cl])[Cl],CS(C)=O,CN(C)C=O,18000.0,445.0,92.1736831665039
CCN(CC)c1ccc2oc(=O)c(-c3nc4ccccc4s3)cc2c1,CC(=O)c1ccc(F)cc1Br,CCN(C(C)C)C(C)C,COc1ccc(-c2nc3ccccc3o2)cc1,c1ccc2nc(-c3ccc4ccccc4n3)ccc2c1,O.[Cl][Ir]([Cl])[Cl],CS(C)=O,CN(C)C=O,18000.0,445.0,0.005350000225007534
CCN(CC)c1ccc2oc(=O)c(-c3nc4ccccc4s3)cc2c1,CC(=O)c1ccc(F)cc1Br,CCN(C(C)C)C(C)C,COc1cccc(-c2cc(-c3ccccc3)c(C)cn2)c1,CC(C)(C)c1ccnc(-c2cc(C(C)(C)C)ccn2)c1,O.[Cl][Ir]([Cl])[Cl],CS(C)=O,CN(C)C=O,18000.0,445.0,0.005350000225007534
CCN(CC)c1ccc2oc(=O)c(-c3nc4ccccc4s3)cc2c1,CC(=O)c1ccc(F)cc1Br,CCN(C(C)C)C(C)C,c1ccc(-c2ccnc(-c3ccc(N4CCCC4)cc3)c2)cc1,Cc1ccnc2c1ccc1c(C)ccnc12,O.[Cl][Ir]([Cl])[Cl],CS(C)=O,CN(C)C=O,18000.0,445.0,88.23509979248047
CCN(CC)c1ccc2oc(=O)c(-c3nc4ccccc4s3)cc2c1,CC(=O)c1ccc(F)cc1Br,CCN(C(C)C)C(C)C,Cc1ccc(-c2ccc(N(c3ccccc3)c3ccccc3)cc2)nc1,c1ccc(-c2ccnc3c2ccc2c(-c4ccccc4)ccnc23)cc1,O.[Cl][Ir]([Cl])[Cl],CS(C)=O,CN(C)C=O,18000.0,445.0,0.005350000225007534
CCN(CC)c1ccc2oc(=O)c(-c3nc4ccccc4s3)cc2c1,CC(=O)c1ccc(F)cc1Br,CCN(C(C)C)C(C)C,Fc1ccc(-c2ccccn2)cc1,Cc1ccnc(-c2cc(C)ccn2)c1,O.[Cl][Ir]([Cl])[Cl],CS(C)=O,CN(C)C=O,18000.0,445.0,98.84195709228516
CCN(CC)c1ccc2oc(=O)c(-c3nc4ccccc4s3)cc2c1,CC(=O)c1ccc(F)cc1Br,CCN(C(C)C)C(C)C,CCc1ccc(-c2ccc(Cl)cc2)nc1,CC1(C)C(=O)C(C)(C)c2c1c1cccnc1c1ncccc21,O.[Cl][Ir]([Cl])[Cl],CS(C)=O,CN(C)C=O,18000.0,445.0,91.21280670166016
CCN(CC)c1ccc2oc(=O)c(-c3nc4ccccc4s3)cc2c1,CC(=O)c1ccc(F)cc1Br,CCN(C(C)C)C(C)C,COc1ccc(-c2ccc(C)cn2)cc1,CC(C)(C)c1ccnc(-c2cc(C(C)(C)C)ccn2)c1,O.[Cl][Ir]([Cl])[Cl],CS(C)=O,CN(C)C=O,18000.0,445.0,98.84195709228516
CCN(CC)c1ccc2oc(=O)c(-c3nc4ccccc4s3)cc2c1,CC(=O)c1ccc(F)cc1Br,CCN(C(C)C)C(C)C,COc1ccc(-c2nc3ccccc3o2)cc1,FC(F)(F)c1ccc(-c2ccc(C(F)(F)F)cn2)nc1,O.[Cl][Ir]([Cl])[Cl],CS(C)=O,CN(C)C=O,18000.0,445.0,83.19300079345703
CCN(CC)c1ccc2oc(=O)c(-c3nc4ccccc4s3)cc2c1,CC(=O)c1ccc(F)cc1Br,CCN(C(C)C)C(C)C,c1ccc2cc(-c3nc4ccccc4o3)ccc2c1,COc1ccnc(-c2cc(OC)ccn2)c1,O.[Cl][Ir]([Cl])[Cl],CS(C)=O,CN(C)C=O,18000.0,445.0,91.21280670166016
CCN(CC)c1ccc2oc(=O)c(-c3nc4ccccc4s3)cc2c1,CC(=O)c1ccc(F)cc1Br,CCN(C(C)C)C(C)C,FC(F)(F)c1ccc(-c2nc3ccccc3o2)cc1,O=C1c2cccnc2-c2ncccc21,O.[Cl][Ir]([Cl])[Cl],CS(C)=O,CN(C)C=O,18000.0,445.0,70.35679626464844
CCN(CC)c1ccc2oc(=O)c(-c3nc4ccccc4s3)cc2c1,CC(=O)c1ccc(F)cc1Br,CCN(C(C)C)C(C)C,Clc1ccc(-c2cc(-c3ccccc3)ccn2)cc1,O=C(O)c1ccnc(-c2cc(C(=O)O)ccn2)c1,O.[Cl][Ir]([Cl])[Cl],CS(C)=O,CN(C)C=O,18000.0,445.0,99.95206451416016
CCN(CC)c1ccc2oc(=O)c(-c3nc4ccccc4s3)cc2c1,CC(=O)c1ccc(F)cc1Br,CCN(C(C)C)C(C)C,Clc1ccc(-c2nc3ccccc3o2)cc1,O=C1c2cccnc2-c2ncccc21,O.[Cl][Ir]([Cl])[Cl],CS(C)=O,CN(C)C=O,18000.0,445.0,28.125926971435547
CCN(CC)c1ccc2oc(=O)c(-c3nc4ccccc4s3)cc2c1,CC(=O)c1ccc(F)cc1Br,CCN(C(C)C)C(C)C,Cc1ccc(-c2ccc(F)cc2F)nc1,COc1ccnc(-c2cc(OC)ccn2)c1,O.[Cl][Ir]([Cl])[Cl],CS(C)=O,CN(C)C=O,18000.0,445.0,78.31624603271484
CCN(CC)c1ccc2oc(=O)c(-c3nc4ccccc4s3)cc2c1,CC(=O)c1ccc(F)cc1Br,CCN(C(C)C)C(C)C,c1ccc(-c2ccnc(-c3ccc(N4CCCC4)cc3)c2)cc1,c1ccc(-c2ccnc3c2ccc2c(-c4ccccc4)ccnc23)cc1,O.[Cl][Ir]([Cl])[Cl],CS(C)=O,CN(C)C=O,18000.0,445.0,91.21280670166016
CCN(CC)c1ccc2oc(=O)c(-c3nc4ccccc4s3)cc2c1,CC(=O)c1ccc(F)cc1Br,CCN(C(C)C)C(C)C,c1ccc(-c2ccccn2)cc1,c1ccc(-c2ccnc(-c3cc(-c4ccccc4)ccn3)c2)cc1,O.[Cl][Ir]([Cl])[Cl],CS(C)=O,CN(C)C=O,18000.0,445.0,88.23509979248047
CCN(CC)c1ccc2oc(=O)c(-c3nc4ccccc4s3)cc2c1,CC(=O)c1ccc(F)cc1Br,CCN(C(C)C)C(C)C,COc1ccc(-c2cc(-c3ccccc3)ccn2)cc1,O=C1C(=O)c2cccnc2-c2ncccc21,O.[Cl][Ir]([Cl])[Cl],CS(C)=O,CN(C)C=O,18000.0,445.0,81.21128845214844
CCN(CC)c1ccc2oc(=O)c(-c3nc4ccccc4s3)cc2c1,CC(=O)c1ccc(F)cc1Br,CCN(C(C)C)C(C)C,c1ccc(-c2nc3ccccc3s2)cc1,CS(C)=O,O.[Cl][Ir]([Cl])[Cl],CS(C)=O,CN(C)C=O,18000.0,445.0,0.005350000225007534
CCN(CC)c1ccc2oc(=O)c(-c3nc4ccccc4s3)cc2c1,CC(=O)c1ccc(F)cc1Br,CCN(C(C)C)C(C)C,c1ccc(-c2ccnc(-c3ccc(N4CCCC4)cc3)c2)cc1,Cc1cc(-c2ccccc2)c2ccc3c(-c4ccccc4)cc(C)nc3c2n1,O.[Cl][Ir]([Cl])[Cl],CS(C)=O,CN(C)C=O,18000.0,445.0,55.54198455810547
CCN(CC)c1ccc2oc(=O)c(-c3nc4ccccc4s3)cc2c1,CC(=O)c1ccc(F)cc1Br,CCN(C(C)C)C(C)C,COc1cccc(-c2cc(-c3ccccc3)ccn2)c1,CC(C)(O)Cc1ccc(-c2ccc(CC(C)(C)O)cn2)nc1,O.[Cl][Ir]([Cl])[Cl],CS(C)=O,CN(C)C=O,18000.0,445.0,0.005350000225007534
CCN(CC)c1ccc2oc(=O)c(-c3nc4ccccc4s3)cc2c1,CC(=O)c1ccc(F)cc1Br,CCN(C(C)C)C(C)C,Cc1ccc(-c2cccc(Cl)c2)nc1,O=C1C(=O)c2cccnc2-c2ncccc21,O.[Cl][Ir]([Cl])[Cl],CS(C)=O,CN(C)C=O,18000.0,445.0,63.55833435058594
CCN(CC)c1ccc2oc(=O)c(-c3nc4ccccc4s3)cc2c1,CC(=O)c1ccc(F)cc1Br,CCN(C(C)C)C(C)C,Cc1ccc(-c2ccc(C#N)cc2)nc1,CC(C)(O)Cc1ccc(-c2ccc(CC(C)(C)O)cn2)nc1,O.[Cl][Ir]([Cl])[Cl],CS(C)=O,CN(C)C=O,18000.0,445.0,94.0146484375
CCN(CC)c1ccc2oc(=O)c(-c3nc4ccccc4s3)cc2c1,CC(=O)c1ccc(F)cc1Br,CCN(C(C)C)C(C)C,FC(F)(F)Oc1ccc(-c2nc3ccccc3s2)cc1,c1ccc(-c2ccnc3c2ccc2c(-c4ccccc4)ccnc23)cc1,O.[Cl][Ir]([Cl])[Cl],CS(C)=O,CN(C)C=O,18000.0,445.0,97.810546875
CCN(CC)c1ccc2oc(=O)c(-c3nc4ccccc4s3)cc2c1,CC(=O)c1ccc(F)cc1Br,CCN(C(C)C)C(C)C,Cc1ccc(-c2ccc(C#N)cc2)nc1,c1ccc(-c2ccnc(-c3cc(-c4ccccc4)ccn3)c2)cc1,O.[Cl][Ir]([Cl])[Cl],CS(C)=O,CN(C)C=O,18000.0,445.0,77.37570190429688
CCN(CC)c1ccc2oc(=O)c(-c3nc4ccccc4s3)cc2c1,CC(=O)c1ccc(F)cc1Br,CCN(C(C)C)C(C)C,COc1cccc(-c2cc(-c3ccccc3)ccn2)c1,Cc1cccc(-c2cccc(C)n2)n1,O.[Cl][Ir]([Cl])[Cl],CS(C)=O,CN(C)C=O,18000.0,445.0,0.005350000225007534
CCN(CC)c1ccc2oc(=O)c(-c3nc4ccccc4s3)cc2c1,CC(=O)c1ccc(F)cc1Br,CCN(C(C)C)C(C)C,Clc1ccc(-c2nc3ccccc3s2)cc1,CC1(C)C(=O)C(C)(C)c2c1c1cccnc1c1ncccc21,O.[Cl][Ir]([Cl])[Cl],CS(C)=O,CN(C)C=O,18000.0,445.0,98.84195709228516
CCN(CC)c1ccc2oc(=O)c(-c3nc4ccccc4s3)cc2c1,CC(=O)c1ccc(F)cc1Br,CCN(C(C)C)C(C)C,c1ccc(-n2cccn2)cc1,CS(C)=O,O.[Cl][Ir]([Cl])[Cl],CS(C)=O,CN(C)C=O,18000.0,445.0,35.27155685424805
CCN(CC)c1ccc2oc(=O)c(-c3nc4ccccc4s3)cc2c1,CC(=O)c1ccc(F)cc1Br,CCN(C(C)C)C(C)C,CCc1ccc(-c2cccc(OC)c2)nc1,COc1ccnc(-c2cc(OC)ccn2)c1,O.[Cl][Ir]([Cl])[Cl],CS(C)=O,CN(C)C=O,18000.0,445.0,38.78861999511719
CCN(CC)c1ccc2oc(=O)c(-c3nc4ccccc4s3)cc2c1,CC(=O)c1ccc(F)cc1Br,CCN(C(C)C)C(C)C,Cc1ccc(-c2cccc(Cl)c2)nc1,O=C1c2cccnc2-c2ncccc21,O.[Cl][Ir]([Cl])[Cl],CS(C)=O,CN(C)C=O,18000.0,445.0,0.005350000225007534
CCN(CC)c1ccc2oc(=O)c(-c3nc4ccccc4s3)cc2c1,CC(=O)c1ccc(F)cc1Br,CCN(C(C)C)C(C)C,Cc1ccc(-c2ccc(C#N)cc2)nc1,CC1(C)C(=O)C(C)(C)c2c1c1cccnc1c1ncccc21,O.[Cl][Ir]([Cl])[Cl],CS(C)=O,CN(C)C=O,18000.0,445.0,88.23509979248047
CCN(CC)c1ccc2oc(=O)c(-c3nc4ccccc4s3)cc2c1,CC(=O)c1ccc(F)cc1Br,CCN(C(C)C)C(C)C,Cc1ccc(-c2ccc(Cl)cc2)nc1,c1ccc(-c2ccnc3c2ccc2c(-c4ccccc4)ccnc23)cc1,O.[Cl][Ir]([Cl])[Cl],CS(C)=O,CN(C)C=O,18000.0,445.0,99.87538146972656
CCN(CC)c1ccc2oc(=O)c(-c3nc4ccccc4s3)cc2c1,CC(=O)c1ccc(F)cc1Br,CCN(C(C)C)C(C)C,c1ccc(-n2cccn2)cc1,Cc1cnc2c(ccc3c(C)c(C)cnc32)c1C,O.[Cl][Ir]([Cl])[Cl],CS(C)=O,CN(C)C=O,18000.0,445.0,93.1097412109375
CCN(CC)c1ccc2oc(=O)c(-c3nc4ccccc4s3)cc2c1,CC(=O)c1ccc(F)cc1Br,CCN(C(C)C)C(C)C,c1ccc(Cc2ccccn2)cc1,Cc1ccc2ccc3ccc(C)nc3c2n1,O.[Cl][Ir]([Cl])[Cl],CS(C)=O,CN(C)C=O,18000.0,445.0,75.53501892089844
CCN(CC)c1ccc2oc(=O)c(-c3nc4ccccc4s3)cc2c1,CC(=O)c1ccc(F)cc1Br,CCN(C(C)C)C(C)C,COc1ccc(-c2cc(-c3ccccc3)c(C)cn2)cc1,FC(F)(F)c1ccc(-c2ccc(C(F)(F)F)cn2)nc1,O.[Cl][Ir]([Cl])[Cl],CS(C)=O,CN(C)C=O,18000.0,445.0,0.005350000225007534
CCN(CC)c1ccc2oc(=O)c(-c3nc4ccccc4s3)cc2c1,CC(=O)c1ccc(F)cc1Br,CCN(C(C)C)C(C)C,Cc1ccc(-c2ccc(F)cc2F)nc1,Cc1ccc(-c2ccc(C)cn2)nc1,O.[Cl][Ir]([Cl])[Cl],CS(C)=O,CN(C)C=O,18000.0,445.0,72.88026428222656
CCN(CC)c1ccc2oc(=O)c(-c3nc4ccccc4s3)cc2c1,CC(=O)c1ccc(F)cc1Br,CCN(C(C)C)C(C)C,Clc1ccc(-c2cc(-c3ccccc3)ccn2)cc1,c1cnc2c(c1)ccc1cccnc12,O.[Cl][Ir]([Cl])[Cl],CS(C)=O,CN(C)C=O,18000.0,445.0,99.73799896240234
CCN(CC)c1ccc2oc(=O)c(-c3nc4ccccc4s3)cc2c1,CC(=O)c1ccc(F)cc1Br,CCN(C(C)C)C(C)C,Fc1ccc(-c2cc(-c3ccccc3)ccn2)cc1,Cc1ccnc(-c2cc(C)ccn2)c1,O.[Cl][Ir]([Cl])[Cl],CS(C)=O,CN(C)C=O,18000.0,445.0,99.99774932861328
CCN(CC)c1ccc2oc(=O)c(-c3nc4ccccc4s3)cc2c1,CC(=O)c1ccc(F)cc1Br,CCN(C(C)C)C(C)C,CCc1ccc(-c2ccc(Cl)cc2)nc1,FC(F)(F)c1ccc(-c2ccc(C(F)(F)F)cn2)nc1,O.[Cl][Ir]([Cl])[Cl],CS(C)=O,CN(C)C=O,18000.0,445.0,0.005350000225007534
CCN(CC)c1ccc2oc(=O)c(-c3nc4ccccc4s3)cc2c1,CC(=O)c1ccc(F)cc1Br,CCN(C(C)C)C(C)C,Cc1ccc(-c2cccc(F)c2)nc1,O=C(O)c1ccnc(-c2cc(C(=O)O)ccn2)c1,O.[Cl][Ir]([Cl])[Cl],CS(C)=O,CN(C)C=O,18000.0,445.0,99.87538146972656
CCN(CC)c1ccc2oc(=O)c(-c3nc4ccccc4s3)cc2c1,CC(=O)c1ccc(F)cc1Br,CCN(C(C)C)C(C)C,FC(F)(F)c1ccc(-c2nc3ccccc3o2)cc1,c1cnc2c(c1)ccc1cccnc12,O.[Cl][Ir]([Cl])[Cl],CS(C)=O,CN(C)C=O,18000.0,445.0,59.003658294677734
CCN(CC)c1ccc2oc(=O)c(-c3nc4ccccc4s3)cc2c1,CC(=O)c1ccc(F)cc1Br,CCN(C(C)C)C(C)C,COc1ccc(-c2cc(-c3ccccc3)ccn2)cc1,Cc1ccnc2c1ccc1c(C)ccnc12,O.[Cl][Ir]([Cl])[Cl],CS(C)=O,CN(C)C=O,18000.0,445.0,99.95206451416016
CCN(CC)c1ccc2oc(=O)c(-c3nc4ccccc4s3)cc2c1,CC(=O)c1ccc(F)cc1Br,CCN(C(C)C)C(C)C,Cc1ccc(-c2ccccc2F)nc1,Cc1cc(-c2ccccc2)c2ccc3c(-c4ccccc4)cc(C)nc3c2n1,O.[Cl][Ir]([Cl])[Cl],CS(C)=O,CN(C)C=O,18000.0,445.0,93.1097412109375
CCN(CC)c1ccc2oc(=O)c(-c3nc4ccccc4s3)cc2c1,CC(=O)c1ccc(F)cc1Br,CCN(C(C)C)C(C)C,CCc1ccc(-c2ccccc2)nc1,Cc1cc(-c2ccccc2)c2ccc3c(-c4ccccc4)cc(C)nc3c2n1,O.[Cl][Ir]([Cl])[Cl],CS(C)=O,CN(C)C=O,18000.0,445.0,99.5252456665039
CCN(CC)c1ccc2oc(=O)c(-c3nc4ccccc4s3)cc2c1,CC(=O)c1ccc(F)cc1Br,CCN(C(C)C)C(C)C,COc1ccc(-c2cc(-c3ccccc3)ccn2)cc1,CS(C)=O,O.[Cl][Ir]([Cl])[Cl],CS(C)=O,CN(C)C=O,18000.0,445.0,0.005350000225007534
CCN(CC)c1ccc2oc(=O)c(-c3nc4ccccc4s3)cc2c1,CC(=O)c1ccc(F)cc1Br,CCN(C(C)C)C(C)C,COc1cccc(-c2cc(-c3ccccc3)ccn2)c1,O=C1c2cccnc2-c2ncccc21,O.[Cl][Ir]([Cl])[Cl],CS(C)=O,CN(C)C=O,18000.0,445.0,0.005350000225007534
CCN(CC)c1ccc2oc(=O)c(-c3nc4ccccc4s3)cc2c1,CC(=O)c1ccc(F)cc1Br,CCN(C(C)C)C(C)C,Cc1ccc(-c2ccc(OC(F)(F)F)cc2)nc1,CC(C)(O)Cc1ccc(-c2ccc(CC(C)(C)O)cn2)nc1,O.[Cl][Ir]([Cl])[Cl],CS(C)=O,CN(C)C=O,18000.0,445.0,91.21280670166016
CCN(CC)c1ccc2oc(=O)c(-c3nc4ccccc4s3)cc2c1,CC(=O)c1ccc(F)cc1Br,CCN(C(C)C)C(C)C,COc1ccc(-c2nc3ccccc3s2)cc1,Cc1cc2cccnc2c2ncccc12,O.[Cl][Ir]([Cl])[Cl],CS(C)=O,CN(C)C=O,18000.0,445.0,99.98658752441406
CCN(CC)c1ccc2oc(=O)c(-c3nc4ccccc4s3)cc2c1,CC(=O)c1ccc(F)cc1Br,CCN(C(C)C)C(C)C,Cc1ccc(-c2ccc(C)cn2)cc1,Cc1cnc2c(ccc3c(C)c(C)cnc32)c1C,O.[Cl][Ir]([Cl])[Cl],CS(C)=O,CN(C)C=O,18000.0,445.0,91.21280670166016
CCN(CC)c1ccc2oc(=O)c(-c3nc4ccccc4s3)cc2c1,CC(=O)c1ccc(F)cc1Br,CCN(C(C)C)C(C)C,Fc1ccc(-c2cc(-c3ccccc3)ccn2)cc1,Cc1cnc2c(ccc3c(C)c(C)cnc32)c1C,O.[Cl][Ir]([Cl])[Cl],CS(C)=O,CN(C)C=O,18000.0,445.0,95.70247650146484
CCN(CC)c1ccc2oc(=O)c(-c3nc4ccccc4s3)cc2c1,CC(=O)c1ccc(F)cc1Br,CCN(C(C)C)C(C)C,Fc1ccc(-c2ccccn2)cc1,CC1(C)C(=O)C(C)(C)c2c1c1cccnc1c1ncccc21,O.[Cl][Ir]([Cl])[Cl],CS(C)=O,CN(C)C=O,18000.0,445.0,85.20319366455078
CCN(CC)c1ccc2oc(=O)c(-c3nc4ccccc4s3)cc2c1,CC(=O)c1ccc(F)cc1Br,CCN(C(C)C)C(C)C,FC(F)(F)c1ccc(-c2nc3ccccc3s2)cc1,Cc1cnc2c(ccc3c(C)c(C)cnc32)c1C,O.[Cl][Ir]([Cl])[Cl],CS(C)=O,CN(C)C=O,18000.0,445.0,98.84195709228516
CCN(CC)c1ccc2oc(=O)c(-c3nc4ccccc4s3)cc2c1,CC(=O)c1ccc(F)cc1Br,CCN(C(C)C)C(C)C,c1ccc(-c2nc3ccccc3o2)cc1,O=C1C(=O)c2cccnc2-c2ncccc21,O.[Cl][Ir]([Cl])[Cl],CS(C)=O,CN(C)C=O,18000.0,445.0,76.44847106933594
CCN(CC)c1ccc2oc(=O)c(-c3nc4ccccc4s3)cc2c1,CC(=O)c1ccc(F)cc1Br,CCN(C(C)C)C(C)C,Cc1ccc(-c2ccccc2)nc1,CC1(C)C(=O)C(C)(C)c2c1c1cccnc1c1ncccc21,O.[Cl][Ir]([Cl])[Cl],CS(C)=O,CN(C)C=O,18000.0,445.0,92.1736831665039
CCN(CC)c1ccc2oc(=O)c(-c3nc4ccccc4s3)cc2c1,CC(=O)c1ccc(F)cc1Br,CCN(C(C)C)C(C)C,COc1cccc(-c2cc(-c3ccccc3)c(C)cn2)c1,O=C(O)c1ccnc(-c2cc(C(=O)O)ccn2)c1,O.[Cl][Ir]([Cl])[Cl],CS(C)=O,CN(C)C=O,18000.0,445.0,0.005350000225007534
CCN(CC)c1ccc2oc(=O)c(-c3nc4ccccc4s3)cc2c1,CC(=O)c1ccc(F)cc1Br,CCN(C(C)C)C(C)C,c1ccc2c(c1)ccc1cccnc12,FC(F)(F)c1ccc(-c2ccc(C(F)(F)F)cn2)nc1,O.[Cl][Ir]([Cl])[Cl],CS(C)=O,CN(C)C=O,18000.0,445.0,0.005350000225007534
CCN(CC)c1ccc2oc(=O)c(-c3nc4ccccc4s3)cc2c1,CC(=O)c1ccc(F)cc1Br,CCN(C(C)C)C(C)C,c1ccc(-c2ccc(-c3cc(-c4ccccc4)ccn3)cc2)cc1,Cc1cccc(-c2cccc(C)n2)n1,O.[Cl][Ir]([Cl])[Cl],CS(C)=O,CN(C)C=O,18000.0,445.0,41.12274169921875
CCN(CC)c1ccc2oc(=O)c(-c3nc4ccccc4s3)cc2c1,CC(=O)c1ccc(F)cc1Br,CCN(C(C)C)C(C)C,Cc1ccc(-c2ccc(F)cc2)nc1,c1cnc2c(c1)ccc1cccnc12,O.[Cl][Ir]([Cl])[Cl],CS(C)=O,CN(C)C=O,18000.0,445.0,87.22576904296875
CCN(CC)c1ccc2oc(=O)c(-c3nc4ccccc4s3)cc2c1,CC(=O)c1ccc(F)cc1Br,CCN(C(C)C)C(C)C,c1ccc(-c2ccnc(-c3ccc4ccccc4c3)c2)cc1,CCCCCCCCCc1ccnc(-c2cc(CCCCCCCCC)ccn2)c1,O.[Cl][Ir]([Cl])[Cl],CS(C)=O,CN(C)C=O,18000.0,445.0,99.95206451416016
CCN(CC)c1ccc2oc(=O)c(-c3nc4ccccc4s3)cc2c1,CC(=O)c1ccc(F)cc1Br,CCN(C(C)C)C(C)C,c1ccc2cc(-c3nc4ccccc4o3)ccc2c1,c1ccc(-c2ccnc(-c3cc(-c4ccccc4)ccn3)c2)cc1,O.[Cl][Ir]([Cl])[Cl],CS(C)=O,CN(C)C=O,18000.0,445.0,88.23509979248047
CCN(CC)c1ccc2oc(=O)c(-c3nc4ccccc4s3)cc2c1,CC(=O)c1ccc(F)cc1Br,CCN(C(C)C)C(C)C,c1ccc(-c2nc3ccccc3o2)cc1,Cc1cnc2c(ccc3c(C)c(C)cnc32)c1C,O.[Cl][Ir]([Cl])[Cl],CS(C)=O,CN(C)C=O,18000.0,445.0,67.1956558227539
CCN(CC)c1ccc2oc(=O)c(-c3nc4ccccc4s3)cc2c1,CC(=O)c1ccc(F)cc1Br,CCN(C(C)C)C(C)C,Cc1ccc(-c2ccc(OC(F)(F)F)cc2)nc1,Cc1cc2cccnc2c2ncccc12,O.[Cl][Ir]([Cl])[Cl],CS(C)=O,CN(C)C=O,18000.0,445.0,94.88140869140625
CCN(CC)c1ccc2oc(=O)c(-c3nc4ccccc4s3)cc2c1,CC(=O)c1ccc(F)cc1Br,CCN(C(C)C)C(C)C,Cc1ccc(-c2ccc3ccccc3c2)nc1,CC(C)(C)c1ccnc(-c2cc(C(C)(C)C)ccn2)c1,O.[Cl][Ir]([Cl])[Cl],CS(C)=O,CN(C)C=O,18000.0,445.0,98.84195709228516
CCN(CC)c1ccc2oc(=O)c(-c3nc4ccccc4s3)cc2c1,CC(=O)c1ccc(F)cc1Br,CCN(C(C)C)C(C)C,c1ccc2cc(-c3nc4ccccc4o3)ccc2c1,O=C1c2cccnc2-c2ncccc21,O.[Cl][Ir]([Cl])[Cl],CS(C)=O,CN(C)C=O,18000.0,445.0,60.245025634765625
CCN(CC)c1ccc2oc(=O)c(-c3nc4ccccc4s3)cc2c1,CC(=O)c1ccc(F)cc1Br,CCN(C(C)C)C(C)C,Clc1ccc(-c2nc3ccccc3o2)cc1,Cc1cc(-c2ccccc2)c2ccc3c(-c4ccccc4)cc(C)nc3c2n1,O.[Cl][Ir]([Cl])[Cl],CS(C)=O,CN(C)C=O,18000.0,445.0,39.06618118286133
CCN(CC)c1ccc2oc(=O)c(-c3nc4ccccc4s3)cc2c1,CC(=O)c1ccc(F)cc1Br,CCN(C(C)C)C(C)C,COc1ccc(-c2nc3ccccc3s2)cc1,O=C(O)c1ccnc(-c2cc(C(=O)O)ccn2)c1,O.[Cl][Ir]([Cl])[Cl],CS(C)=O,CN(C)C=O,18000.0,445.0,99.87538146972656
CCN(CC)c1ccc2oc(=O)c(-c3nc4ccccc4s3)cc2c1,CC(=O)c1ccc(F)cc1Br,CCN(C(C)C)C(C)C,Cc1ccc(-c2ccc(OC(F)(F)F)cc2)nc1,CC1(C)C(=O)C(C)(C)c2c1c1cccnc1c1ncccc21,O.[Cl][Ir]([Cl])[Cl],CS(C)=O,CN(C)C=O,18000.0,445.0,85.20319366455078
CCN(CC)c1ccc2oc(=O)c(-c3nc4ccccc4s3)cc2c1,CC(=O)c1ccc(F)cc1Br,CCN(C(C)C)C(C)C,Cc1ccc(-c2ccc3ccccc3c2)nc1,CC(C)(O)Cc1ccc(-c2ccc(CC(C)(C)O)cn2)nc1,O.[Cl][Ir]([Cl])[Cl],CS(C)=O,CN(C)C=O,18000.0,445.0,99.22785186767578
CCN(CC)c1ccc2oc(=O)c(-c3nc4ccccc4s3)cc2c1,CC(=O)c1ccc(F)cc1Br,CCN(C(C)C)C(C)C,Fc1ccc(-c2cc(-c3ccccc3)ccn2)cc1,c1cnc2c(c1)ccc1cccnc12,O.[Cl][Ir]([Cl])[Cl],CS(C)=O,CN(C)C=O,18000.0,445.0,97.17524719238281
CCN(CC)c1ccc2oc(=O)c(-c3nc4ccccc4s3)cc2c1,CC(=O)c1ccc(F)cc1Br,CCN(C(C)C)C(C)C,COc1ccc(-c2ccc(C)cn2)cc1,Cc1ccnc(-c2cc(C)ccn2)c1,O.[Cl][Ir]([Cl])[Cl],CS(C)=O,CN(C)C=O,18000.0,445.0,99.22785186767578
CCN(CC)c1ccc2oc(=O)c(-c3nc4ccccc4s3)cc2c1,CC(=O)c1ccc(F)cc1Br,CCN(C(C)C)C(C)C,Cc1ccc(-c2cccc(C#N)c2)nc1,CS(C)=O,O.[Cl][Ir]([Cl])[Cl],CS(C)=O,CN(C)C=O,18000.0,445.0,31.392566680908203
CCN(CC)c1ccc2oc(=O)c(-c3nc4ccccc4s3)cc2c1,CC(=O)c1ccc(F)cc1Br,CCN(C(C)C)C(C)C,Cc1cnc(-c2ccccc2)cc1-c1ccccc1,c1ccc(-c2ccnc3c2ccc2c(-c4ccccc4)ccnc23)cc1,O.[Cl][Ir]([Cl])[Cl],CS(C)=O,CN(C)C=O,18000.0,445.0,99.95206451416016
CCN(CC)c1ccc2oc(=O)c(-c3nc4ccccc4s3)cc2c1,CC(=O)c1ccc(F)cc1Br,CCN(C(C)C)C(C)C,FC(F)(F)c1ccc(-c2nc3ccccc3o2)cc1,Cc1ccc(-c2ccc(C)cn2)nc1,O.[Cl][Ir]([Cl])[Cl],CS(C)=O,CN(C)C=O,18000.0,445.0,81.21128845214844
CCN(CC)c1ccc2oc(=O)c(-c3nc4ccccc4s3)cc2c1,CC(=O)c1ccc(F)cc1Br,CCN(C(C)C)C(C)C,Cc1ccc(-c2cccc(F)c2)nc1,Cc1ccnc(-c2cc(C)ccn2)c1,O.[Cl][Ir]([Cl])[Cl],CS(C)=O,CN(C)C=O,18000.0,445.0,99.73799896240234
CCN(CC)c1ccc2oc(=O)c(-c3nc4ccccc4s3)cc2c1,CC(=O)c1ccc(F)cc1Br,CCN(C(C)C)C(C)C,FC(F)(F)c1ccc(-c2nc3ccccc3s2)cc1,CC(C)(O)Cc1ccc(-c2ccc(CC(C)(C)O)cn2)nc1,O.[Cl][Ir]([Cl])[Cl],CS(C)=O,CN(C)C=O,18000.0,445.0,99.87538146972656
CCN(CC)c1ccc2oc(=O)c(-c3nc4ccccc4s3)cc2c1,CC(=O)c1ccc(F)cc1Br,CCN(C(C)C)C(C)C,Clc1ccc(-c2cc(-c3ccccc3)ccn2)cc1,Cc1ccc2ccc3ccc(C)nc3c2n1,O.[Cl][Ir]([Cl])[Cl],CS(C)=O,CN(C)C=O,18000.0,445.0,87.22576904296875
CCN(CC)c1ccc2oc(=O)c(-c3nc4ccccc4s3)cc2c1,CC(=O)c1ccc(F)cc1Br,CCN(C(C)C)C(C)C,Clc1ccc(-c2cc(-c3ccccc3)ccn2)cc1,CC1(C)C(=O)C(C)(C)c2c1c1cccnc1c1ncccc21,O.[Cl][Ir]([Cl])[Cl],CS(C)=O,CN(C)C=O,18000.0,445.0,94.88140869140625
CCN(CC)c1ccc2oc(=O)c(-c3nc4ccccc4s3)cc2c1,CC(=O)c1ccc(F)cc1Br,CCN(C(C)C)C(C)C,Cc1ccc(-c2ccc(-c3ccccc3)cc2)nc1,CC(C)(O)Cc1ccc(-c2ccc(CC(C)(C)O)cn2)nc1,O.[Cl][Ir]([Cl])[Cl],CS(C)=O,CN(C)C=O,18000.0,445.0,99.98658752441406
CCN(CC)c1ccc2oc(=O)c(-c3nc4ccccc4s3)cc2c1,CC(=O)c1ccc(F)cc1Br,CCN(C(C)C)C(C)C,Cc1cnc(-c2ccccc2)cc1-c1ccccc1,CCCCCCCCCc1ccnc(-c2cc(CCCCCCCCC)ccn2)c1,O.[Cl][Ir]([Cl])[Cl],CS(C)=O,CN(C)C=O,18000.0,445.0,99.22785186767578
CCN(CC)c1ccc2oc(=O)c(-c3nc4ccccc4s3)cc2c1,CC(=O)c1ccc(F)cc1Br,CCN(C(C)C)C(C)C,COc1cccc(-c2cc(-c3ccccc3)c(C)cn2)c1,Cc1cccc(-c2cccc(C)n2)n1,O.[Cl][Ir]([Cl])[Cl],CS(C)=O,CN(C)C=O,18000.0,445.0,0.005350000225007534
CCN(CC)c1ccc2oc(=O)c(-c3nc4ccccc4s3)cc2c1,CC(=O)c1ccc(F)cc1Br,CCN(C(C)C)C(C)C,c1ccc(-c2ccccn2)cc1,Cc1ccc2ccc3ccc(C)nc3c2n1,O.[Cl][Ir]([Cl])[Cl],CS(C)=O,CN(C)C=O,18000.0,445.0,92.1736831665039
CCN(CC)c1ccc2oc(=O)c(-c3nc4ccccc4s3)cc2c1,CC(=O)c1ccc(F)cc1Br,CCN(C(C)C)C(C)C,Clc1ccc(-c2nc3ccccc3o2)cc1,Cc1ccc(-c2ccc(C)cn2)nc1,O.[Cl][Ir]([Cl])[Cl],CS(C)=O,CN(C)C=O,18000.0,445.0,60.88320541381836
CCN(CC)c1ccc2oc(=O)c(-c3nc4ccccc4s3)cc2c1,CC(=O)c1ccc(F)cc1Br,CCN(C(C)C)C(C)C,c1ccc2c(c1)ccc1cccnc12,c1cnc2c(c1)ccc1cccnc12,O.[Cl][Ir]([Cl])[Cl],CS(C)=O,CN(C)C=O,18000.0,445.0,98.84195709228516
CCN(CC)c1ccc2oc(=O)c(-c3nc4ccccc4s3)cc2c1,CC(=O)c1ccc(F)cc1Br,CCN(C(C)C)C(C)C,FC(F)(F)c1ccc(-c2nc3ccccc3s2)cc1,O=C1C(=O)c2cccnc2-c2ncccc21,O.[Cl][Ir]([Cl])[Cl],CS(C)=O,CN(C)C=O,18000.0,445.0,79.26953887939453
CCN(CC)c1ccc2oc(=O)c(-c3nc4ccccc4s3)cc2c1,CC(=O)c1ccc(F)cc1Br,CCN(C(C)C)C(C)C,Cc1ccc(-c2ccc(F)cc2F)nc1,c1cnc2c(c1)ccc1cccnc12,O.[Cl][Ir]([Cl])[Cl],CS(C)=O,CN(C)C=O,18000.0,445.0,74.63568115234375
CCN(CC)c1ccc2oc(=O)c(-c3nc4ccccc4s3)cc2c1,CC(=O)c1ccc(F)cc1Br,CCN(C(C)C)C(C)C,Clc1ccc(-c2cc(-c3ccccc3)ccn2)cc1,CC(C)(O)Cc1ccc(-c2ccc(CC(C)(C)O)cn2)nc1,O.[Cl][Ir]([Cl])[Cl],CS(C)=O,CN(C)C=O,18000.0,445.0,99.95206451416016
CCN(CC)c1ccc2oc(=O)c(-c3nc4ccccc4s3)cc2c1,CC(=O)c1ccc(F)cc1Br,CCN(C(C)C)C(C)C,Cc1ccc(-c2ccccc2F)nc1,Cc1ccc2ccc3ccc(C)nc3c2n1,O.[Cl][Ir]([Cl])[Cl],CS(C)=O,CN(C)C=O,18000.0,445.0,91.21280670166016
CCN(CC)c1ccc2oc(=O)c(-c3nc4ccccc4s3)cc2c1,CC(=O)c1ccc(F)cc1Br,CCN(C(C)C)C(C)C,COc1cccc(-c2cc(-c3ccccc3)ccn2)c1,Cc1cnc2c(ccc3c(C)c(C)cnc32)c1C,O.[Cl][Ir]([Cl])[Cl],CS(C)=O,CN(C)C=O,18000.0,445.0,54.46928024291992
CCN(CC)c1ccc2oc(=O)c(-c3nc4ccccc4s3)cc2c1,CC(=O)c1ccc(F)cc1Br,CCN(C(C)C)C(C)C,FC(F)(F)c1ccc(-c2nc3ccccc3s2)cc1,c1ccc(-c2ccnc(-c3cc(-c4ccccc4)ccn3)c2)cc1,O.[Cl][Ir]([Cl])[Cl],CS(C)=O,CN(C)C=O,18000.0,445.0,97.810546875
CCN(CC)c1ccc2oc(=O)c(-c3nc4ccccc4s3)cc2c1,CC(=O)c1ccc(F)cc1Br,CCN(C(C)C)C(C)C,CCc1ccc(-c2ccccc2)nc1,Cc1ccc2ccc3ccc(C)nc3c2n1,O.[Cl][Ir]([Cl])[Cl],CS(C)=O,CN(C)C=O,18000.0,445.0,96.46984100341797
CCN(CC)c1ccc2oc(=O)c(-c3nc4ccccc4s3)cc2c1,CC(=O)c1ccc(F)cc1Br,CCN(C(C)C)C(C)C,COc1cccc(-c2ccc(C)cn2)c1,Cc1cccc(-c2cccc(C)n2)n1,O.[Cl][Ir]([Cl])[Cl],CS(C)=O,CN(C)C=O,18000.0,445.0,0.005350000225007534
CCN(CC)c1ccc2oc(=O)c(-c3nc4ccccc4s3)cc2c1,CC(=O)c1ccc(F)cc1Br,CCN(C(C)C)C(C)C,Clc1ccc(-c2cc(-c3ccccc3)ccn2)cc1,Cc1cccc(-c2cccc(C)n2)n1,O.[Cl][Ir]([Cl])[Cl],CS(C)=O,CN(C)C=O,18000.0,445.0,0.005350000225007534
CCN(CC)c1ccc2oc(=O)c(-c3nc4ccccc4s3)cc2c1,CC(=O)c1ccc(F)cc1Br,CCN(C(C)C)C(C)C,Cc1ccc(-c2nc3ccccc3o2)cc1,CC1(C)C(=O)C(C)(C)c2c1c1cccnc1c1ncccc21,O.[Cl][Ir]([Cl])[Cl],CS(C)=O,CN(C)C=O,18000.0,445.0,91.21280670166016
CCN(CC)c1ccc2oc(=O)c(-c3nc4ccccc4s3)cc2c1,CC(=O)c1ccc(F)cc1Br,CCN(C(C)C)C(C)C,Cc1ccc(-c2ccc3ccccc3c2)nc1,Cc1ccnc2c1ccc1cccnc12,O.[Cl][Ir]([Cl])[Cl],CS(C)=O,CN(C)C=O,18000.0,445.0,94.0146484375
CCN(CC)c1ccc2oc(=O)c(-c3nc4ccccc4s3)cc2c1,CC(=O)c1ccc(F)cc1Br,CCN(C(C)C)C(C)C,Cc1ccc(-c2ccc(Cl)cc2)nc1,CC1(C)C(=O)C(C)(C)c2c1c1cccnc1c1ncccc21,O.[Cl][Ir]([Cl])[Cl],CS(C)=O,CN(C)C=O,18000.0,445.0,99.22785186767578
CCN(CC)c1ccc2oc(=O)c(-c3nc4ccccc4s3)cc2c1,CC(=O)c1ccc(F)cc1Br,CCN(C(C)C)C(C)C,Cc1ccc(-c2cccc(C#N)c2)nc1,Cc1cc(-c2ccccc2)c2ccc3c(-c4ccccc4)cc(C)nc3c2n1,O.[Cl][Ir]([Cl])[Cl],CS(C)=O,CN(C)C=O,18000.0,445.0,60.88320541381836
CCN(CC)c1ccc2oc(=O)c(-c3nc4ccccc4s3)cc2c1,CC(=O)c1ccc(F)cc1Br,CCN(C(C)C)C(C)C,FC(F)(F)c1ccc(-c2nc3ccccc3o2)cc1,Cc1ccnc(-c2cc(C)ccn2)c1,O.[Cl][Ir]([Cl])[Cl],CS(C)=O,CN(C)C=O,18000.0,445.0,98.84195709228516
CCN(CC)c1ccc2oc(=O)c(-c3nc4ccccc4s3)cc2c1,CC(=O)c1ccc(F)cc1Br,CCN(C(C)C)C(C)C,Fc1ccc(-c2cc(-c3ccccc3)ccn2)cc1,Cc1ccc(-c2ccc(C)cn2)nc1,O.[Cl][Ir]([Cl])[Cl],CS(C)=O,CN(C)C=O,18000.0,445.0,99.87538146972656
CCN(CC)c1ccc2oc(=O)c(-c3nc4ccccc4s3)cc2c1,CC(=O)c1ccc(F)cc1Br,CCN(C(C)C)C(C)C,Clc1ccc(-c2nc3ccccc3s2)cc1,Cc1cccc(-c2cccc(C)n2)n1,O.[Cl][Ir]([Cl])[Cl],CS(C)=O,CN(C)C=O,18000.0,445.0,0.005350000225007534
CCN(CC)c1ccc2oc(=O)c(-c3nc4ccccc4s3)cc2c1,CC(=O)c1ccc(F)cc1Br,CCN(C(C)C)C(C)C,c1ccc(-c2ccnc(-c3ccc(N4CCCC4)cc3)c2)cc1,Cc1ccnc(-c2cc(C)ccn2)c1,O.[Cl][Ir]([Cl])[Cl],CS(C)=O,CN(C)C=O,18000.0,445.0,79.26953887939453
CCN(CC)c1ccc2oc(=O)c(-c3nc4ccccc4s3)cc2c1,CC(=O)c1ccc(F)cc1Br,CCN(C(C)C)C(C)C,COc1ccc(-c2ccc(C)cn2)cc1,Cc1cc(-c2ccccc2)c2ccc3c(-c4ccccc4)cc(C)nc3c2n1,O.[Cl][Ir]([Cl])[Cl],CS(C)=O,CN(C)C=O,18000.0,445.0,51.94834899902344
CCN(CC)c1ccc2oc(=O)c(-c3nc4ccccc4s3)cc2c1,CC(=O)c1ccc(F)cc1Br,CCN(C(C)C)C(C)C,COc1ccc(-c2nc3ccccc3s2)cc1,c1ccc(-c2ccnc3c2ccc2c(-c4ccccc4)ccnc23)cc1,O.[Cl][Ir]([Cl])[Cl],CS(C)=O,CN(C)C=O,18000.0,445.0,99.95206451416016
CCN(CC)c1ccc2oc(=O)c(-c3nc4ccccc4s3)cc2c1,CC(=O)c1ccc(F)cc1Br,CCN(C(C)C)C(C)C,COc1ccc(-c2ccc(C)cn2)cc1,c1ccc(-c2ccccn2)nc1,O.[Cl][Ir]([Cl])[Cl],CS(C)=O,CN(C)C=O,18000.0,445.0,98.3681869506836
CCN(CC)c1ccc2oc(=O)c(-c3nc4ccccc4s3)cc2c1,CC(=O)c1ccc(F)cc1Br,CCN(C(C)C)C(C)C,c1ccc(-c2ccnc(-c3ccc4ccccc4c3)c2)cc1,Cc1ccc2ccc3ccc(C)nc3c2n1,O.[Cl][Ir]([Cl])[Cl],CS(C)=O,CN(C)C=O,18000.0,445.0,99.22785186767578
CCN(CC)c1ccc2oc(=O)c(-c3nc4ccccc4s3)cc2c1,CC(=O)c1ccc(F)cc1Br,CCN(C(C)C)C(C)C,COc1cccc(-c2cc(-c3ccccc3)c(C)cn2)c1,c1ccc(-c2ccnc3c2ccc2c(-c4ccccc4)ccnc23)cc1,O.[Cl][Ir]([Cl])[Cl],CS(C)=O,CN(C)C=O,18000.0,445.0,0.005350000225007534
CCN(CC)c1ccc2oc(=O)c(-c3nc4ccccc4s3)cc2c1,CC(=O)c1ccc(F)cc1Br,CCN(C(C)C)C(C)C,COc1ccc(-c2cc(-c3ccccc3)c(C)cn2)cc1,CS(C)=O,O.[Cl][Ir]([Cl])[Cl],CS(C)=O,CN(C)C=O,18000.0,445.0,0.005350000225007534
CCN(CC)c1ccc2oc(=O)c(-c3nc4ccccc4s3)cc2c1,CC(=O)c1ccc(F)cc1Br,CCN(C(C)C)C(C)C,Clc1ccc(-c2nc3ccccc3s2)cc1,Cc1ccnc(-c2cc(C)ccn2)c1,O.[Cl][Ir]([Cl])[Cl],CS(C)=O,CN(C)C=O,18000.0,445.0,99.98658752441406
CCN(CC)c1ccc2oc(=O)c(-c3nc4ccccc4s3)cc2c1,CC(=O)c1ccc(F)cc1Br,CCN(C(C)C)C(C)C,Cc1ccc(-c2ccc(F)cc2F)nc1,CC(C)(C)c1ccnc(-c2cc(C(C)(C)C)ccn2)c1,O.[Cl][Ir]([Cl])[Cl],CS(C)=O,CN(C)C=O,18000.0,445.0,78.31624603271484
CCN(CC)c1ccc2oc(=O)c(-c3nc4ccccc4s3)cc2c1,CC(=O)c1ccc(F)cc1Br,CCN(C(C)C)C(C)C,Clc1ccc(-c2nc3ccccc3s2)cc1,O=C1C(=O)c2cccnc2-c2ncccc21,O.[Cl][Ir]([Cl])[Cl],CS(C)=O,CN(C)C=O,18000.0,445.0,79.26953887939453
CCN(CC)c1ccc2oc(=O)c(-c3nc4ccccc4s3)cc2c1,CC(=O)c1ccc(F)cc1Br,CCN(C(C)C)C(C)C,Fc1ccc(-c2cc(-c3ccccc3)ccn2)cc1,Cc1cc2cccnc2c2ncccc12,O.[Cl][Ir]([Cl])[Cl],CS(C)=O,CN(C)C=O,18000.0,445.0,99.99774932861328
CCN(CC)c1ccc2oc(=O)c(-c3nc4ccccc4s3)cc2c1,CC(=O)c1ccc(F)cc1Br,CCN(C(C)C)C(C)C,Cc1ccc(-c2ccc(F)cc2)nc1,Cc1cccc(-c2cccc(C)n2)n1,O.[Cl][Ir]([Cl])[Cl],CS(C)=O,CN(C)C=O,18000.0,445.0,0.005350000225007534
CCN(CC)c1ccc2oc(=O)c(-c3nc4ccccc4s3)cc2c1,CC(=O)c1ccc(F)cc1Br,CCN(C(C)C)C(C)C,Cc1ccc(-c2ccc(F)cc2F)nc1,FC(F)(F)c1ccc(-c2ccc(C(F)(F)F)cn2)nc1,O.[Cl][Ir]([Cl])[Cl],CS(C)=O,CN(C)C=O,18000.0,445.0,0.005350000225007534
CCN(CC)c1ccc2oc(=O)c(-c3nc4ccccc4s3)cc2c1,CC(=O)c1ccc(F)cc1Br,CCN(C(C)C)C(C)C,COc1ccc(-c2cc(-c3ccccc3)c(C)cn2)cc1,O=C1c2cccnc2-c2ncccc21,O.[Cl][Ir]([Cl])[Cl],CS(C)=O,CN(C)C=O,18000.0,445.0,0.005350000225007534
CCN(CC)c1ccc2oc(=O)c(-c3nc4ccccc4s3)cc2c1,CC(=O)c1ccc(F)cc1Br,CCN(C(C)C)C(C)C,COc1cccc(-c2ccc(C)cn2)c1,CC1(C)C(=O)C(C)(C)c2c1c1cccnc1c1ncccc21,O.[Cl][Ir]([Cl])[Cl],CS(C)=O,CN(C)C=O,18000.0,445.0,0.005350000225007534
CCN(CC)c1ccc2oc(=O)c(-c3nc4ccccc4s3)cc2c1,CC(=O)c1ccc(F)cc1Br,CCN(C(C)C)C(C)C,Cc1ccc(-c2ccccc2F)nc1,COc1ccnc(-c2cc(OC)ccn2)c1,O.[Cl][Ir]([Cl])[Cl],CS(C)=O,CN(C)C=O,18000.0,445.0,97.810546875
CCN(CC)c1ccc2oc(=O)c(-c3nc4ccccc4s3)cc2c1,CC(=O)c1ccc(F)cc1Br,CCN(C(C)C)C(C)C,c1ccc(Cc2ccccn2)cc1,Cc1cc(-c2ccccc2)c2ccc3c(-c4ccccc4)cc(C)nc3c2n1,O.[Cl][Ir]([Cl])[Cl],CS(C)=O,CN(C)C=O,18000.0,445.0,94.88140869140625
CCN(CC)c1ccc2oc(=O)c(-c3nc4ccccc4s3)cc2c1,CC(=O)c1ccc(F)cc1Br,CCN(C(C)C)C(C)C,Cc1ccc(-c2ccc(F)c(C(F)(F)F)c2)nc1,c1ccc(-c2ccnc(-c3cc(-c4ccccc4)ccn3)c2)cc1,O.[Cl][Ir]([Cl])[Cl],CS(C)=O,CN(C)C=O,18000.0,445.0,64.9727554321289
CCN(CC)c1ccc2oc(=O)c(-c3nc4ccccc4s3)cc2c1,CC(=O)c1ccc(F)cc1Br,CCN(C(C)C)C(C)C,Cc1ccc(-c2ccccc2F)nc1,Cc1ccnc2c1ccc1c(C)ccnc12,O.[Cl][Ir]([Cl])[Cl],CS(C)=O,CN(C)C=O,18000.0,445.0,98.84195709228516
CCN(CC)c1ccc2oc(=O)c(-c3nc4ccccc4s3)cc2c1,CC(=O)c1ccc(F)cc1Br,CCN(C(C)C)C(C)C,Cc1ccc(-c2ccccc2)nc1,Cc1cccc(-c2cccc(C)n2)n1,O.[Cl][Ir]([Cl])[Cl],CS(C)=O,CN(C)C=O,18000.0,445.0,0.005350000225007534
CCN(CC)c1ccc2oc(=O)c(-c3nc4ccccc4s3)cc2c1,CC(=O)c1ccc(F)cc1Br,CCN(C(C)C)C(C)C,Cc1ccc(-c2cccc(C#N)c2)nc1,Cc1cccc(-c2cccc(C)n2)n1,O.[Cl][Ir]([Cl])[Cl],CS(C)=O,CN(C)C=O,18000.0,445.0,30.507686614990234
CCN(CC)c1ccc2oc(=O)c(-c3nc4ccccc4s3)cc2c1,CC(=O)c1ccc(F)cc1Br,CCN(C(C)C)C(C)C,c1ccc(-c2ccc(-c3cc(-c4ccccc4)ccn3)cc2)cc1,Cc1cnc2c(ccc3c(C)c(C)cnc32)c1C,O.[Cl][Ir]([Cl])[Cl],CS(C)=O,CN(C)C=O,18000.0,445.0,97.17524719238281
CCN(CC)c1ccc2oc(=O)c(-c3nc4ccccc4s3)cc2c1,CC(=O)c1ccc(F)cc1Br,CCN(C(C)C)C(C)C,c1ccc(-n2cccn2)cc1,c1ccc(-c2ccccn2)nc1,O.[Cl][Ir]([Cl])[Cl],CS(C)=O,CN(C)C=O,18000.0,445.0,97.810546875
CCN(CC)c1ccc2oc(=O)c(-c3nc4ccccc4s3)cc2c1,CC(=O)c1ccc(F)cc1Br,CCN(C(C)C)C(C)C,FC(F)(F)c1ccc(-c2nc3ccccc3o2)cc1,COc1ccnc(-c2cc(OC)ccn2)c1,O.[Cl][Ir]([Cl])[Cl],CS(C)=O,CN(C)C=O,18000.0,445.0,99.22785186767578
CCN(CC)c1ccc2oc(=O)c(-c3nc4ccccc4s3)cc2c1,CC(=O)c1ccc(F)cc1Br,CCN(C(C)C)C(C)C,FC(F)(F)Oc1ccc(-c2nc3ccccc3s2)cc1,O=C1c2cccnc2-c2ncccc21,O.[Cl][Ir]([Cl])[Cl],CS(C)=O,CN(C)C=O,18000.0,445.0,0.005350000225007534
CCN(CC)c1ccc2oc(=O)c(-c3nc4ccccc4s3)cc2c1,CC(=O)c1ccc(F)cc1Br,CCN(C(C)C)C(C)C,Cc1cnc(-c2ccccc2)cc1-c1ccccc1,Cc1ccnc2c1ccc1c(C)ccnc12,O.[Cl][Ir]([Cl])[Cl],CS(C)=O,CN(C)C=O,18000.0,445.0,98.84195709228516
CCN(CC)c1ccc2oc(=O)c(-c3nc4ccccc4s3)cc2c1,CC(=O)c1ccc(F)cc1Br,CCN(C(C)C)C(C)C,c1ccc(-n2cccn2)cc1,CC(C)(O)Cc1ccc(-c2ccc(CC(C)(C)O)cn2)nc1,O.[Cl][Ir]([Cl])[Cl],CS(C)=O,CN(C)C=O,18000.0,445.0,99.22785186767578
CCN(CC)c1ccc2oc(=O)c(-c3nc4ccccc4s3)cc2c1,CC(=O)c1ccc(F)cc1Br,CCN(C(C)C)C(C)C,Cc1ccc(-c2cccc(C#N)c2)nc1,CC1(C)C(=O)C(C)(C)c2c1c1cccnc1c1ncccc21,O.[Cl][Ir]([Cl])[Cl],CS(C)=O,CN(C)C=O,18000.0,445.0,57.80731201171875
CCN(CC)c1ccc2oc(=O)c(-c3nc4ccccc4s3)cc2c1,CC(=O)c1ccc(F)cc1Br,CCN(C(C)C)C(C)C,c1ccc(-c2ccnc(-c3ccc4ccccc4c3)c2)cc1,c1ccc(-c2ccnc(-c3cc(-c4ccccc4)ccn3)c2)cc1,O.[Cl][Ir]([Cl])[Cl],CS(C)=O,CN(C)C=O,18000.0,445.0,98.3681869506836
CCN(CC)c1ccc2oc(=O)c(-c3nc4ccccc4s3)cc2c1,CC(=O)c1ccc(F)cc1Br,CCN(C(C)C)C(C)C,Fc1ccc(-c2nc3ccccc3o2)cc1,CC(C)(O)Cc1ccc(-c2ccc(CC(C)(C)O)cn2)nc1,O.[Cl][Ir]([Cl])[Cl],CS(C)=O,CN(C)C=O,18000.0,445.0,61.53337860107422
CCN(CC)c1ccc2oc(=O)c(-c3nc4ccccc4s3)cc2c1,CC(=O)c1ccc(F)cc1Br,CCN(C(C)C)C(C)C,FC(F)(F)c1ccc(-c2nc3ccccc3s2)cc1,c1ccc2nc(-c3ccc4ccccc4n3)ccc2c1,O.[Cl][Ir]([Cl])[Cl],CS(C)=O,CN(C)C=O,18000.0,445.0,41.12274169921875
CCN(CC)c1ccc2oc(=O)c(-c3nc4ccccc4s3)cc2c1,CC(=O)c1ccc(F)cc1Br,CCN(C(C)C)C(C)C,COc1cccc(-c2cc(-c3ccccc3)ccn2)c1,CC1(C)C(=O)C(C)(C)c2c1c1cccnc1c1ncccc21,O.[Cl][Ir]([Cl])[Cl],CS(C)=O,CN(C)C=O,18000.0,445.0,0.005350000225007534
CCN(CC)c1ccc2oc(=O)c(-c3nc4ccccc4s3)cc2c1,CC(=O)c1ccc(F)cc1Br,CCN(C(C)C)C(C)C,CCc1ccc(-c2cccc(OC)c2)nc1,CC(C)(C)c1ccnc(-c2cc(C(C)(C)C)ccn2)c1,O.[Cl][Ir]([Cl])[Cl],CS(C)=O,CN(C)C=O,18000.0,445.0,0.005350000225007534
CCN(CC)c1ccc2oc(=O)c(-c3nc4ccccc4s3)cc2c1,CC(=O)c1ccc(F)cc1Br,CCN(C(C)C)C(C)C,CCc1ccc(-c2ccccc2)nc1,CS(C)=O,O.[Cl][Ir]([Cl])[Cl],CS(C)=O,CN(C)C=O,18000.0,445.0,0.005350000225007534
CCN(CC)c1ccc2oc(=O)c(-c3nc4ccccc4s3)cc2c1,CC(=O)c1ccc(F)cc1Br,CCN(C(C)C)C(C)C,COc1cccc(-c2ccc(C)cn2)c1,FC(F)(F)c1ccc(-c2ccc(C(F)(F)F)cn2)nc1,O.[Cl][Ir]([Cl])[Cl],CS(C)=O,CN(C)C=O,18000.0,445.0,0.005350000225007534
CCN(CC)c1ccc2oc(=O)c(-c3nc4ccccc4s3)cc2c1,CC(=O)c1ccc(F)cc1Br,CCN(C(C)C)C(C)C,Cc1ccc(-c2ccc(OC(F)(F)F)cc2)nc1,FC(F)(F)c1ccc(-c2ccc(C(F)(F)F)cn2)nc1,O.[Cl][Ir]([Cl])[Cl],CS(C)=O,CN(C)C=O,18000.0,445.0,0.005350000225007534
CCN(CC)c1ccc2oc(=O)c(-c3nc4ccccc4s3)cc2c1,CC(=O)c1ccc(F)cc1Br,CCN(C(C)C)C(C)C,FC(F)(F)c1ccc(-c2nc3ccccc3o2)cc1,CC1(C)C(=O)C(C)(C)c2c1c1cccnc1c1ncccc21,O.[Cl][Ir]([Cl])[Cl],CS(C)=O,CN(C)C=O,18000.0,445.0,80.23484802246094
CCN(CC)c1ccc2oc(=O)c(-c3nc4ccccc4s3)cc2c1,CC(=O)c1ccc(F)cc1Br,CCN(C(C)C)C(C)C,Cc1ccc(-c2cccc(Cl)c2)nc1,O=C(O)c1ccnc(-c2cc(C(=O)O)ccn2)c1,O.[Cl][Ir]([Cl])[Cl],CS(C)=O,CN(C)C=O,18000.0,445.0,99.73799896240234
CCN(CC)c1ccc2oc(=O)c(-c3nc4ccccc4s3)cc2c1,CC(=O)c1ccc(F)cc1Br,CCN(C(C)C)C(C)C,Cc1ccc(-c2ccc(Cl)cc2)nc1,FC(F)(F)c1ccc(-c2ccc(C(F)(F)F)cn2)nc1,O.[Cl][Ir]([Cl])[Cl],CS(C)=O,CN(C)C=O,18000.0,445.0,0.005350000225007534
CCN(CC)c1ccc2oc(=O)c(-c3nc4ccccc4s3)cc2c1,CC(=O)c1ccc(F)cc1Br,CCN(C(C)C)C(C)C,c1ccc(-c2nc3ccccc3s2)cc1,c1ccc(-c2ccnc(-c3cc(-c4ccccc4)ccn3)c2)cc1,O.[Cl][Ir]([Cl])[Cl],CS(C)=O,CN(C)C=O,18000.0,445.0,97.810546875
CCN(CC)c1ccc2oc(=O)c(-c3nc4ccccc4s3)cc2c1,CC(=O)c1ccc(F)cc1Br,CCN(C(C)C)C(C)C,c1ccc2cc(-c3nc4ccccc4o3)ccc2c1,Cc1cnc2c(ccc3c(C)c(C)cnc32)c1C,O.[Cl][Ir]([Cl])[Cl],CS(C)=O,CN(C)C=O,18000.0,445.0,84.19541931152344
CCN(CC)c1ccc2oc(=O)c(-c3nc4ccccc4s3)cc2c1,CC(=O)c1ccc(F)cc1Br,CCN(C(C)C)C(C)C,COc1cccc(-c2cc(-c3ccccc3)ccn2)c1,Cc1ccnc2c1ccc1cccnc12,O.[Cl][Ir]([Cl])[Cl],CS(C)=O,CN(C)C=O,18000.0,445.0,0.005350000225007534
CCN(CC)c1ccc2oc(=O)c(-c3nc4ccccc4s3)cc2c1,CC(=O)c1ccc(F)cc1Br,CCN(C(C)C)C(C)C,COc1cccc(-c2cc(-c3ccccc3)c(C)cn2)c1,CC(C)(O)Cc1ccc(-c2ccc(CC(C)(C)O)cn2)nc1,O.[Cl][Ir]([Cl])[Cl],CS(C)=O,CN(C)C=O,18000.0,445.0,0.005350000225007534
CCN(CC)c1ccc2oc(=O)c(-c3nc4ccccc4s3)cc2c1,CC(=O)c1ccc(F)cc1Br,CCN(C(C)C)C(C)C,c1ccc(-c2ccc(-c3cc(-c4ccccc4)ccn3)cc2)cc1,CC1(C)C(=O)C(C)(C)c2c1c1cccnc1c1ncccc21,O.[Cl][Ir]([Cl])[Cl],CS(C)=O,CN(C)C=O,18000.0,445.0,99.95206451416016
CCN(CC)c1ccc2oc(=O)c(-c3nc4ccccc4s3)cc2c1,CC(=O)c1ccc(F)cc1Br,CCN(C(C)C)C(C)C,Cc1ccc(-c2nc3ccccc3o2)cc1,COc1ccnc(-c2cc(OC)ccn2)c1,O.[Cl][Ir]([Cl])[Cl],CS(C)=O,CN(C)C=O,18000.0,445.0,99.22785186767578
CCN(CC)c1ccc2oc(=O)c(-c3nc4ccccc4s3)cc2c1,CC(=O)c1ccc(F)cc1Br,CCN(C(C)C)C(C)C,COc1ccc(-c2cc(-c3ccccc3)ccn2)cc1,c1ccc(-c2ccccn2)nc1,O.[Cl][Ir]([Cl])[Cl],CS(C)=O,CN(C)C=O,18000.0,445.0,98.84195709228516
CCN(CC)c1ccc2oc(=O)c(-c3nc4ccccc4s3)cc2c1,CC(=O)c1ccc(F)cc1Br,CCN(C(C)C)C(C)C,Clc1ccc(-c2nc3ccccc3o2)cc1,Cc1cc2cccnc2c2ncccc12,O.[Cl][Ir]([Cl])[Cl],CS(C)=O,CN(C)C=O,18000.0,445.0,89.2387466430664
CCN(CC)c1ccc2oc(=O)c(-c3nc4ccccc4s3)cc2c1,CC(=O)c1ccc(F)cc1Br,CCN(C(C)C)C(C)C,c1ccc(-c2ccnc(-c3ccc4ccccc4c3)c2)cc1,c1ccc(-c2ccccn2)nc1,O.[Cl][Ir]([Cl])[Cl],CS(C)=O,CN(C)C=O,18000.0,445.0,98.84195709228516
CCN(CC)c1ccc2oc(=O)c(-c3nc4ccccc4s3)cc2c1,CC(=O)c1ccc(F)cc1Br,CCN(C(C)C)C(C)C,FC(F)(F)Oc1ccc(-c2nc3ccccc3s2)cc1,Cc1cc(-c2ccccc2)c2ccc3c(-c4ccccc4)cc(C)nc3c2n1,O.[Cl][Ir]([Cl])[Cl],CS(C)=O,CN(C)C=O,18000.0,445.0,91.21280670166016
CCN(CC)c1ccc2oc(=O)c(-c3nc4ccccc4s3)cc2c1,CC(=O)c1ccc(F)cc1Br,CCN(C(C)C)C(C)C,Cc1ccc(-c2ccc3ccccc3c2)nc1,O=C1c2cccnc2-c2ncccc21,O.[Cl][Ir]([Cl])[Cl],CS(C)=O,CN(C)C=O,18000.0,445.0,0.005350000225007534
CCN(CC)c1ccc2oc(=O)c(-c3nc4ccccc4s3)cc2c1,CC(=O)c1ccc(F)cc1Br,CCN(C(C)C)C(C)C,Cc1ccc(-c2ccccc2F)nc1,c1ccc2nc(-c3ccc4ccccc4n3)ccc2c1,O.[Cl][Ir]([Cl])[Cl],CS(C)=O,CN(C)C=O,18000.0,445.0,0.005350000225007534
CCN(CC)c1ccc2oc(=O)c(-c3nc4ccccc4s3)cc2c1,CC(=O)c1ccc(F)cc1Br,CCN(C(C)C)C(C)C,Fc1ccc(-c2nc3ccccc3o2)cc1,Cc1cccc(-c2cccc(C)n2)n1,O.[Cl][Ir]([Cl])[Cl],CS(C)=O,CN(C)C=O,18000.0,445.0,0.005350000225007534
CCN(CC)c1ccc2oc(=O)c(-c3nc4ccccc4s3)cc2c1,CC(=O)c1ccc(F)cc1Br,CCN(C(C)C)C(C)C,c1ccc(-n2cccn2)cc1,Cc1cc(-c2ccccc2)c2ccc3c(-c4ccccc4)cc(C)nc3c2n1,O.[Cl][Ir]([Cl])[Cl],CS(C)=O,CN(C)C=O,18000.0,445.0,98.3681869506836
CCN(CC)c1ccc2oc(=O)c(-c3nc4ccccc4s3)cc2c1,CC(=O)c1ccc(F)cc1Br,CCN(C(C)C)C(C)C,COc1ccc(-c2cc(-c3ccccc3)ccn2)cc1,O=C(O)c1ccnc(-c2cc(C(=O)O)ccn2)c1,O.[Cl][Ir]([Cl])[Cl],CS(C)=O,CN(C)C=O,18000.0,445.0,99.98658752441406
CCN(CC)c1ccc2oc(=O)c(-c3nc4ccccc4s3)cc2c1,CC(=O)c1ccc(F)cc1Br,CCN(C(C)C)C(C)C,c1ccc2cc(-c3nc4ccccc4o3)ccc2c1,CC1(C)C(=O)C(C)(C)c2c1c1cccnc1c1ncccc21,O.[Cl][Ir]([Cl])[Cl],CS(C)=O,CN(C)C=O,18000.0,445.0,75.53501892089844
CCN(CC)c1ccc2oc(=O)c(-c3nc4ccccc4s3)cc2c1,CC(=O)c1ccc(F)cc1Br,CCN(C(C)C)C(C)C,Cc1ccc(-c2ccc(-c3ccccc3)cc2)nc1,Cc1ccc(-c2ccc(C)cn2)nc1,O.[Cl][Ir]([Cl])[Cl],CS(C)=O,CN(C)C=O,18000.0,445.0,99.22785186767578
CCN(CC)c1ccc2oc(=O)c(-c3nc4ccccc4s3)cc2c1,CC(=O)c1ccc(F)cc1Br,CCN(C(C)C)C(C)C,Cc1ccc(-c2ccccc2)nc1,c1ccc2nc(-c3ccc4ccccc4n3)ccc2c1,O.[Cl][Ir]([Cl])[Cl],CS(C)=O,CN(C)C=O,18000.0,445.0,0.005350000225007534
CCN(CC)c1ccc2oc(=O)c(-c3nc4ccccc4s3)cc2c1,CC(=O)c1ccc(F)cc1Br,CCN(C(C)C)C(C)C,CCc1ccc(-c2ccccc2)nc1,c1ccc2nc(-c3ccc4ccccc4n3)ccc2c1,O.[Cl][Ir]([Cl])[Cl],CS(C)=O,CN(C)C=O,18000.0,445.0,0.005350000225007534
CCN(CC)c1ccc2oc(=O)c(-c3nc4ccccc4s3)cc2c1,CC(=O)c1ccc(F)cc1Br,CCN(C(C)C)C(C)C,COc1ccc(-c2nc3ccccc3o2)cc1,c1cnc2c(c1)ccc1cccnc12,O.[Cl][Ir]([Cl])[Cl],CS(C)=O,CN(C)C=O,18000.0,445.0,35.971614837646484
CCN(CC)c1ccc2oc(=O)c(-c3nc4ccccc4s3)cc2c1,CC(=O)c1ccc(F)cc1Br,CCN(C(C)C)C(C)C,c1ccc2cc(-c3nc4ccccc4o3)ccc2c1,c1ccc(-c2ccnc3c2ccc2c(-c4ccccc4)ccnc23)cc1,O.[Cl][Ir]([Cl])[Cl],CS(C)=O,CN(C)C=O,18000.0,445.0,95.70247650146484
CCN(CC)c1ccc2oc(=O)c(-c3nc4ccccc4s3)cc2c1,CC(=O)c1ccc(F)cc1Br,CCN(C(C)C)C(C)C,FC(F)(F)Oc1ccc(-c2nc3ccccc3s2)cc1,Cc1cc2cccnc2c2ncccc12,O.[Cl][Ir]([Cl])[Cl],CS(C)=O,CN(C)C=O,18000.0,445.0,99.22785186767578
CCN(CC)c1ccc2oc(=O)c(-c3nc4ccccc4s3)cc2c1,CC(=O)c1ccc(F)cc1Br,CCN(C(C)C)C(C)C,COc1ccc(-c2nc3ccccc3s2)cc1,O=C1C(=O)c2cccnc2-c2ncccc21,O.[Cl][Ir]([Cl])[Cl],CS(C)=O,CN(C)C=O,18000.0,445.0,92.1736831665039
CCN(CC)c1ccc2oc(=O)c(-c3nc4ccccc4s3)cc2c1,CC(=O)c1ccc(F)cc1Br,CCN(C(C)C)C(C)C,FC(F)(F)c1ccc(-c2nc3ccccc3s2)cc1,CC1(C)C(=O)C(C)(C)c2c1c1cccnc1c1ncccc21,O.[Cl][Ir]([Cl])[Cl],CS(C)=O,CN(C)C=O,18000.0,445.0,98.84195709228516
CCN(CC)c1ccc2oc(=O)c(-c3nc4ccccc4s3)cc2c1,CC(=O)c1ccc(F)cc1Br,CCN(C(C)C)C(C)C,Cc1ccc(-c2cccc(C#N)c2)nc1,CC(C)(C)c1ccnc(-c2cc(C(C)(C)C)ccn2)c1,O.[Cl][Ir]([Cl])[Cl],CS(C)=O,CN(C)C=O,18000.0,445.0,74.63568115234375
CCN(CC)c1ccc2oc(=O)c(-c3nc4ccccc4s3)cc2c1,CC(=O)c1ccc(F)cc1Br,CCN(C(C)C)C(C)C,c1ccc2c(c1)ccc1cccnc12,c1ccc(-c2ccccn2)nc1,O.[Cl][Ir]([Cl])[Cl],CS(C)=O,CN(C)C=O,18000.0,445.0,98.3681869506836
CCN(CC)c1ccc2oc(=O)c(-c3nc4ccccc4s3)cc2c1,CC(=O)c1ccc(F)cc1Br,CCN(C(C)C)C(C)C,Cc1ccc(-c2cccc(F)c2)nc1,COc1ccnc(-c2cc(OC)ccn2)c1,O.[Cl][Ir]([Cl])[Cl],CS(C)=O,CN(C)C=O,18000.0,445.0,99.73799896240234
CCN(CC)c1ccc2oc(=O)c(-c3nc4ccccc4s3)cc2c1,CC(=O)c1ccc(F)cc1Br,CCN(C(C)C)C(C)C,Cc1ccc(-c2cccc(Cl)c2)nc1,c1ccc(-c2ccnc3c2ccc2c(-c4ccccc4)ccnc23)cc1,O.[Cl][Ir]([Cl])[Cl],CS(C)=O,CN(C)C=O,18000.0,445.0,99.98658752441406
CCN(CC)c1ccc2oc(=O)c(-c3nc4ccccc4s3)cc2c1,CC(=O)c1ccc(F)cc1Br,CCN(C(C)C)C(C)C,Cc1ccc(-c2ccc(F)c(C(F)(F)F)c2)nc1,Cc1ccnc2c1ccc1c(C)ccnc12,O.[Cl][Ir]([Cl])[Cl],CS(C)=O,CN(C)C=O,18000.0,445.0,95.70247650146484
CCN(CC)c1ccc2oc(=O)c(-c3nc4ccccc4s3)cc2c1,CC(=O)c1ccc(F)cc1Br,CCN(C(C)C)C(C)C,Cc1cnc(-c2ccccc2)cc1-c1ccccc1,c1ccc(-c2ccccn2)nc1,O.[Cl][Ir]([Cl])[Cl],CS(C)=O,CN(C)C=O,18000.0,445.0,98.3681869506836
CCN(CC)c1ccc2oc(=O)c(-c3nc4ccccc4s3)cc2c1,CC(=O)c1ccc(F)cc1Br,CCN(C(C)C)C(C)C,c1ccc(-c2ccc(-c3cc(-c4ccccc4)ccn3)cc2)cc1,Cc1ccnc2c1ccc1c(C)ccnc12,O.[Cl][Ir]([Cl])[Cl],CS(C)=O,CN(C)C=O,18000.0,445.0,99.98658752441406
CCN(CC)c1ccc2oc(=O)c(-c3nc4ccccc4s3)cc2c1,CC(=O)c1ccc(F)cc1Br,CCN(C(C)C)C(C)C,COc1cccc(-c2ccc(C)cn2)c1,Cc1ccc(-c2ccc(C)cn2)nc1,O.[Cl][Ir]([Cl])[Cl],CS(C)=O,CN(C)C=O,18000.0,445.0,0.005350000225007534
CCN(CC)c1ccc2oc(=O)c(-c3nc4ccccc4s3)cc2c1,CC(=O)c1ccc(F)cc1Br,CCN(C(C)C)C(C)C,c1ccc(-c2ccnc(-c3ccc4ccccc4c3)c2)cc1,Cc1ccnc2c1ccc1cccnc12,O.[Cl][Ir]([Cl])[Cl],CS(C)=O,CN(C)C=O,18000.0,445.0,97.810546875
CCN(CC)c1ccc2oc(=O)c(-c3nc4ccccc4s3)cc2c1,CC(=O)c1ccc(F)cc1Br,CCN(C(C)C)C(C)C,Cc1ccc(-c2ccc(Cl)cc2)nc1,Cc1ccnc(-c2cc(C)ccn2)c1,O.[Cl][Ir]([Cl])[Cl],CS(C)=O,CN(C)C=O,18000.0,445.0,93.1097412109375
CCN(CC)c1ccc2oc(=O)c(-c3nc4ccccc4s3)cc2c1,CC(=O)c1ccc(F)cc1Br,CCN(C(C)C)C(C)C,CCc1ccc(-c2ccccc2)nc1,CC1(C)C(=O)C(C)(C)c2c1c1cccnc1c1ncccc21,O.[Cl][Ir]([Cl])[Cl],CS(C)=O,CN(C)C=O,18000.0,445.0,94.88140869140625
CCN(CC)c1ccc2oc(=O)c(-c3nc4ccccc4s3)cc2c1,CC(=O)c1ccc(F)cc1Br,CCN(C(C)C)C(C)C,Fc1ccc(-c2cc(-c3ccccc3)ccn2)cc1,c1ccc(-c2ccccn2)nc1,O.[Cl][Ir]([Cl])[Cl],CS(C)=O,CN(C)C=O,18000.0,445.0,98.3681869506836
CCN(CC)c1ccc2oc(=O)c(-c3nc4ccccc4s3)cc2c1,CC(=O)c1ccc(F)cc1Br,CCN(C(C)C)C(C)C,COc1cccc(-c2cc(-c3ccccc3)c(C)cn2)c1,Cc1ccnc2c1ccc1cccnc12,O.[Cl][Ir]([Cl])[Cl],CS(C)=O,CN(C)C=O,18000.0,445.0,0.005350000225007534
CCN(CC)c1ccc2oc(=O)c(-c3nc4ccccc4s3)cc2c1,CC(=O)c1ccc(F)cc1Br,CCN(C(C)C)C(C)C,c1ccc2cc(-c3nc4ccccc4o3)ccc2c1,O=C(O)c1ccnc(-c2cc(C(=O)O)ccn2)c1,O.[Cl][Ir]([Cl])[Cl],CS(C)=O,CN(C)C=O,18000.0,445.0,99.5252456665039
CCN(CC)c1ccc2oc(=O)c(-c3nc4ccccc4s3)cc2c1,CC(=O)c1ccc(F)cc1Br,CCN(C(C)C)C(C)C,Cc1ccc(-c2ccccc2F)nc1,O=C(O)c1ccnc(-c2cc(C(=O)O)ccn2)c1,O.[Cl][Ir]([Cl])[Cl],CS(C)=O,CN(C)C=O,18000.0,445.0,99.73799896240234
CCN(CC)c1ccc2oc(=O)c(-c3nc4ccccc4s3)cc2c1,CC(=O)c1ccc(F)cc1Br,CCN(C(C)C)C(C)C,COc1cccc(-c2ccc(C)cn2)c1,c1ccc(-c2ccnc3c2ccc2c(-c4ccccc4)ccnc23)cc1,O.[Cl][Ir]([Cl])[Cl],CS(C)=O,CN(C)C=O,18000.0,445.0,0.005350000225007534
CCN(CC)c1ccc2oc(=O)c(-c3nc4ccccc4s3)cc2c1,CC(=O)c1ccc(F)cc1Br,CCN(C(C)C)C(C)C,c1ccc(-c2nc3ccccc3s2)cc1,Cc1ccnc2c1ccc1c(C)ccnc12,O.[Cl][Ir]([Cl])[Cl],CS(C)=O,CN(C)C=O,18000.0,445.0,99.73799896240234
CCN(CC)c1ccc2oc(=O)c(-c3nc4ccccc4s3)cc2c1,CC(=O)c1ccc(F)cc1Br,CCN(C(C)C)C(C)C,COc1cccc(-c2cc(-c3ccccc3)ccn2)c1,Cc1cc(-c2ccccc2)c2ccc3c(-c4ccccc4)cc(C)nc3c2n1,O.[Cl][Ir]([Cl])[Cl],CS(C)=O,CN(C)C=O,18000.0,445.0,31.760848999023438
CCN(CC)c1ccc2oc(=O)c(-c3nc4ccccc4s3)cc2c1,CC(=O)c1ccc(F)cc1Br,CCN(C(C)C)C(C)C,Cc1ccc(-c2ccc(S(C)(=O)=O)cc2)nc1,c1ccc(-c2ccnc(-c3cc(-c4ccccc4)ccn3)c2)cc1,O.[Cl][Ir]([Cl])[Cl],CS(C)=O,CN(C)C=O,18000.0,445.0,93.1097412109375
CCN(CC)c1ccc2oc(=O)c(-c3nc4ccccc4s3)cc2c1,CC(=O)c1ccc(F)cc1Br,CCN(C(C)C)C(C)C,FC(F)(F)c1ccc(-c2nc3ccccc3o2)cc1,c1ccc(-c2ccnc(-c3cc(-c4ccccc4)ccn3)c2)cc1,O.[Cl][Ir]([Cl])[Cl],CS(C)=O,CN(C)C=O,18000.0,445.0,84.19541931152344
CCN(CC)c1ccc2oc(=O)c(-c3nc4ccccc4s3)cc2c1,CC(=O)c1ccc(F)cc1Br,CCN(C(C)C)C(C)C,c1ccc(-c2ccnc(-c3ccc(N4CCCC4)cc3)c2)cc1,O=C1c2cccnc2-c2ncccc21,O.[Cl][Ir]([Cl])[Cl],CS(C)=O,CN(C)C=O,18000.0,445.0,36.45363235473633
CCN(CC)c1ccc2oc(=O)c(-c3nc4ccccc4s3)cc2c1,CC(=O)c1ccc(F)cc1Br,CCN(C(C)C)C(C)C,c1ccc(-c2nc3ccccc3o2)cc1,CC(C)(C)c1ccnc(-c2cc(C(C)(C)C)ccn2)c1,O.[Cl][Ir]([Cl])[Cl],CS(C)=O,CN(C)C=O,18000.0,445.0,98.3681869506836
CCN(CC)c1ccc2oc(=O)c(-c3nc4ccccc4s3)cc2c1,CC(=O)c1ccc(F)cc1Br,CCN(C(C)C)C(C)C,c1ccc2cc(-c3nc4ccccc4o3)ccc2c1,FC(F)(F)c1ccc(-c2ccc(C(F)(F)F)cn2)nc1,O.[Cl][Ir]([Cl])[Cl],CS(C)=O,CN(C)C=O,18000.0,445.0,60.245025634765625
CCN(CC)c1ccc2oc(=O)c(-c3nc4ccccc4s3)cc2c1,CC(=O)c1ccc(F)cc1Br,CCN(C(C)C)C(C)C,c1ccc(Cc2ccccn2)cc1,CC1(C)C(=O)C(C)(C)c2c1c1cccnc1c1ncccc21,O.[Cl][Ir]([Cl])[Cl],CS(C)=O,CN(C)C=O,18000.0,445.0,80.23484802246094
CCN(CC)c1ccc2oc(=O)c(-c3nc4ccccc4s3)cc2c1,CC(=O)c1ccc(F)cc1Br,CCN(C(C)C)C(C)C,Cc1ccc(-c2ccc(N(c3ccccc3)c3ccccc3)cc2)nc1,c1ccc2nc(-c3ccc4ccccc4n3)ccc2c1,O.[Cl][Ir]([Cl])[Cl],CS(C)=O,CN(C)C=O,18000.0,445.0,0.005350000225007534
CCN(CC)c1ccc2oc(=O)c(-c3nc4ccccc4s3)cc2c1,CC(=O)c1ccc(F)cc1Br,CCN(C(C)C)C(C)C,Cc1ccc(-c2ccc(C#N)cc2)nc1,c1ccc(-c2ccccn2)nc1,O.[Cl][Ir]([Cl])[Cl],CS(C)=O,CN(C)C=O,18000.0,445.0,97.17524719238281
CCN(CC)c1ccc2oc(=O)c(-c3nc4ccccc4s3)cc2c1,CC(=O)c1ccc(F)cc1Br,CCN(C(C)C)C(C)C,Cc1ccc(-c2ccc(S(C)(=O)=O)cc2)nc1,CC1(C)C(=O)C(C)(C)c2c1c1cccnc1c1ncccc21,O.[Cl][Ir]([Cl])[Cl],CS(C)=O,CN(C)C=O,18000.0,445.0,91.21280670166016
CCN(CC)c1ccc2oc(=O)c(-c3nc4ccccc4s3)cc2c1,CC(=O)c1ccc(F)cc1Br,CCN(C(C)C)C(C)C,FC(F)(F)Oc1ccc(-c2nc3ccccc3s2)cc1,FC(F)(F)c1ccc(-c2ccc(C(F)(F)F)cn2)nc1,O.[Cl][Ir]([Cl])[Cl],CS(C)=O,CN(C)C=O,18000.0,445.0,0.005350000225007534
CCN(CC)c1ccc2oc(=O)c(-c3nc4ccccc4s3)cc2c1,CC(=O)c1ccc(F)cc1Br,CCN(C(C)C)C(C)C,Cc1ccc(-c2ccc(C)cn2)cc1,Cc1ccnc(-c2cc(C)ccn2)c1,O.[Cl][Ir]([Cl])[Cl],CS(C)=O,CN(C)C=O,18000.0,445.0,89.2387466430664
CCN(CC)c1ccc2oc(=O)c(-c3nc4ccccc4s3)cc2c1,CC(=O)c1ccc(F)cc1Br,CCN(C(C)C)C(C)C,Cc1ccc(-c2ccc(F)cc2)nc1,CC(C)(C)c1ccnc(-c2cc(C(C)(C)C)ccn2)c1,O.[Cl][Ir]([Cl])[Cl],CS(C)=O,CN(C)C=O,18000.0,445.0,91.21280670166016
CCN(CC)c1ccc2oc(=O)c(-c3nc4ccccc4s3)cc2c1,CC(=O)c1ccc(F)cc1Br,CCN(C(C)C)C(C)C,Cc1ccc(-c2nc3ccccc3o2)cc1,O=C1C(=O)c2cccnc2-c2ncccc21,O.[Cl][Ir]([Cl])[Cl],CS(C)=O,CN(C)C=O,18000.0,445.0,78.31624603271484
CCN(CC)c1ccc2oc(=O)c(-c3nc4ccccc4s3)cc2c1,CC(=O)c1ccc(F)cc1Br,CCN(C(C)C)C(C)C,Cc1ccc(-c2ccc(F)cc2F)nc1,O=C1C(=O)c2cccnc2-c2ncccc21,O.[Cl][Ir]([Cl])[Cl],CS(C)=O,CN(C)C=O,18000.0,445.0,52.93020248413086
CCN(CC)c1ccc2oc(=O)c(-c3nc4ccccc4s3)cc2c1,CC(=O)c1ccc(F)cc1Br,CCN(C(C)C)C(C)C,Cc1ccc(-c2ccc3ccccc3c2)nc1,c1ccc(-c2ccccn2)nc1,O.[Cl][Ir]([Cl])[Cl],CS(C)=O,CN(C)C=O,18000.0,445.0,96.46984100341797
CCN(CC)c1ccc2oc(=O)c(-c3nc4ccccc4s3)cc2c1,CC(=O)c1ccc(F)cc1Br,CCN(C(C)C)C(C)C,Cc1ccc(-c2cccc(F)c2)nc1,Cc1ccnc2c1ccc1c(C)ccnc12,O.[Cl][Ir]([Cl])[Cl],CS(C)=O,CN(C)C=O,18000.0,445.0,99.73799896240234
CCN(CC)c1ccc2oc(=O)c(-c3nc4ccccc4s3)cc2c1,CC(=O)c1ccc(F)cc1Br,CCN(C(C)C)C(C)C,c1ccc2c(c1)ccc1cccnc12,Cc1ccc2ccc3ccc(C)nc3c2n1,O.[Cl][Ir]([Cl])[Cl],CS(C)=O,CN(C)C=O,18000.0,445.0,94.88140869140625
CCN(CC)c1ccc2oc(=O)c(-c3nc4ccccc4s3)cc2c1,CC(=O)c1ccc(F)cc1Br,CCN(C(C)C)C(C)C,c1ccc(Cc2ccccn2)cc1,O=C(O)c1ccnc(-c2cc(C(=O)O)ccn2)c1,O.[Cl][Ir]([Cl])[Cl],CS(C)=O,CN(C)C=O,18000.0,445.0,99.5252456665039
CCN(CC)c1ccc2oc(=O)c(-c3nc4ccccc4s3)cc2c1,CC(=O)c1ccc(F)cc1Br,CCN(C(C)C)C(C)C,FC(F)(F)c1ccc(-c2nc3ccccc3s2)cc1,CCCCCCCCCc1ccnc(-c2cc(CCCCCCCCC)ccn2)c1,O.[Cl][Ir]([Cl])[Cl],CS(C)=O,CN(C)C=O,18000.0,445.0,99.87538146972656
CCN(CC)c1ccc2oc(=O)c(-c3nc4ccccc4s3)cc2c1,CC(=O)c1ccc(F)cc1Br,CCN(C(C)C)C(C)C,Clc1ccc(-c2nc3ccccc3s2)cc1,Cc1cc2cccnc2c2ncccc12,O.[Cl][Ir]([Cl])[Cl],CS(C)=O,CN(C)C=O,18000.0,445.0,99.73799896240234
CCN(CC)c1ccc2oc(=O)c(-c3nc4ccccc4s3)cc2c1,CC(=O)c1ccc(F)cc1Br,CCN(C(C)C)C(C)C,c1ccc(-c2ccnc(-c3ccc(N4CCCC4)cc3)c2)cc1,Cc1cccc(-c2cccc(C)n2)n1,O.[Cl][Ir]([Cl])[Cl],CS(C)=O,CN(C)C=O,18000.0,445.0,30.336584091186523
CCN(CC)c1ccc2oc(=O)c(-c3nc4ccccc4s3)cc2c1,CC(=O)c1ccc(F)cc1Br,CCN(C(C)C)C(C)C,FC(F)(F)c1ccc(-c2nc3ccccc3o2)cc1,CC(C)(O)Cc1ccc(-c2ccc(CC(C)(C)O)cn2)nc1,O.[Cl][Ir]([Cl])[Cl],CS(C)=O,CN(C)C=O,18000.0,445.0,94.0146484375
CCN(CC)c1ccc2oc(=O)c(-c3nc4ccccc4s3)cc2c1,CC(=O)c1ccc(F)cc1Br,CCN(C(C)C)C(C)C,Cc1ccc(-c2ccccc2F)nc1,CCCCCCCCCc1ccnc(-c2cc(CCCCCCCCC)ccn2)c1,O.[Cl][Ir]([Cl])[Cl],CS(C)=O,CN(C)C=O,18000.0,445.0,99.5252456665039
CCN(CC)c1ccc2oc(=O)c(-c3nc4ccccc4s3)cc2c1,CC(=O)c1ccc(F)cc1Br,CCN(C(C)C)C(C)C,Fc1ccc(-c2nc3ccccc3o2)cc1,FC(F)(F)c1ccc(-c2ccc(C(F)(F)F)cn2)nc1,O.[Cl][Ir]([Cl])[Cl],CS(C)=O,CN(C)C=O,18000.0,445.0,72.02444458007812
CCN(CC)c1ccc2oc(=O)c(-c3nc4ccccc4s3)cc2c1,CC(=O)c1ccc(F)cc1Br,CCN(C(C)C)C(C)C,COc1cccc(-c2cc(-c3ccccc3)ccn2)c1,c1ccc(-c2ccnc3c2ccc2c(-c4ccccc4)ccnc23)cc1,O.[Cl][Ir]([Cl])[Cl],CS(C)=O,CN(C)C=O,18000.0,445.0,0.005350000225007534
CCN(CC)c1ccc2oc(=O)c(-c3nc4ccccc4s3)cc2c1,CC(=O)c1ccc(F)cc1Br,CCN(C(C)C)C(C)C,c1ccc(-c2ccnc(-c3ccc(N4CCCC4)cc3)c2)cc1,c1ccc2nc(-c3ccc4ccccc4n3)ccc2c1,O.[Cl][Ir]([Cl])[Cl],CS(C)=O,CN(C)C=O,18000.0,445.0,0.005350000225007534
CCN(CC)c1ccc2oc(=O)c(-c3nc4ccccc4s3)cc2c1,CC(=O)c1ccc(F)cc1Br,CCN(C(C)C)C(C)C,Fc1ccc(-c2ccccn2)cc1,Cc1ccnc2c1ccc1c(C)ccnc12,O.[Cl][Ir]([Cl])[Cl],CS(C)=O,CN(C)C=O,18000.0,445.0,97.17524719238281
CCN(CC)c1ccc2oc(=O)c(-c3nc4ccccc4s3)cc2c1,CC(=O)c1ccc(F)cc1Br,CCN(C(C)C)C(C)C,FC(F)(F)c1ccc(-c2nc3ccccc3s2)cc1,c1ccc(-c2ccnc3c2ccc2c(-c4ccccc4)ccnc23)cc1,O.[Cl][Ir]([Cl])[Cl],CS(C)=O,CN(C)C=O,18000.0,445.0,99.5252456665039
CCN(CC)c1ccc2oc(=O)c(-c3nc4ccccc4s3)cc2c1,CC(=O)c1ccc(F)cc1Br,CCN(C(C)C)C(C)C,Cc1ccc(-c2ccc(C#N)cc2)nc1,FC(F)(F)c1ccc(-c2ccc(C(F)(F)F)cn2)nc1,O.[Cl][Ir]([Cl])[Cl],CS(C)=O,CN(C)C=O,18000.0,445.0,0.005350000225007534
CCN(CC)c1ccc2oc(=O)c(-c3nc4ccccc4s3)cc2c1,CC(=O)c1ccc(F)cc1Br,CCN(C(C)C)C(C)C,COc1cccc(-c2ccc(C)cn2)c1,Cc1cc2cccnc2c2ncccc12,O.[Cl][Ir]([Cl])[Cl],CS(C)=O,CN(C)C=O,18000.0,445.0,0.005350000225007534
CCN(CC)c1ccc2oc(=O)c(-c3nc4ccccc4s3)cc2c1,CC(=O)c1ccc(F)cc1Br,CCN(C(C)C)C(C)C,Fc1ccc(-c2ccccn2)cc1,Cc1cccc(-c2cccc(C)n2)n1,O.[Cl][Ir]([Cl])[Cl],CS(C)=O,CN(C)C=O,18000.0,445.0,0.005350000225007534
CCN(CC)c1ccc2oc(=O)c(-c3nc4ccccc4s3)cc2c1,CC(=O)c1ccc(F)cc1Br,CCN(C(C)C)C(C)C,Clc1ccc(-c2nc3ccccc3o2)cc1,Cc1cccc(-c2cccc(C)n2)n1,O.[Cl][Ir]([Cl])[Cl],CS(C)=O,CN(C)C=O,18000.0,445.0,0.005350000225007534
CCN(CC)c1ccc2oc(=O)c(-c3nc4ccccc4s3)cc2c1,CC(=O)c1ccc(F)cc1Br,CCN(C(C)C)C(C)C,Clc1ccc(-c2nc3ccccc3s2)cc1,O=C1c2cccnc2-c2ncccc21,O.[Cl][Ir]([Cl])[Cl],CS(C)=O,CN(C)C=O,18000.0,445.0,29.348485946655273
CCN(CC)c1ccc2oc(=O)c(-c3nc4ccccc4s3)cc2c1,CC(=O)c1ccc(F)cc1Br,CCN(C(C)C)C(C)C,Cc1ccc(-c2ccc3ccccc3c2)nc1,Cc1ccc2ccc3ccc(C)nc3c2n1,O.[Cl][Ir]([Cl])[Cl],CS(C)=O,CN(C)C=O,18000.0,445.0,97.17524719238281
CCN(CC)c1ccc2oc(=O)c(-c3nc4ccccc4s3)cc2c1,CC(=O)c1ccc(F)cc1Br,CCN(C(C)C)C(C)C,COc1ccc(-c2cc(-c3ccccc3)ccn2)cc1,CCCCCCCCCc1ccnc(-c2cc(CCCCCCCCC)ccn2)c1,O.[Cl][Ir]([Cl])[Cl],CS(C)=O,CN(C)C=O,18000.0,445.0,99.95206451416016
CCN(CC)c1ccc2oc(=O)c(-c3nc4ccccc4s3)cc2c1,CC(=O)c1ccc(F)cc1Br,CCN(C(C)C)C(C)C,Cc1ccc(-c2nc3ccccc3o2)cc1,Cc1ccnc2c1ccc1c(C)ccnc12,O.[Cl][Ir]([Cl])[Cl],CS(C)=O,CN(C)C=O,18000.0,445.0,97.810546875
CCN(CC)c1ccc2oc(=O)c(-c3nc4ccccc4s3)cc2c1,CC(=O)c1ccc(F)cc1Br,CCN(C(C)C)C(C)C,COc1ccc(-c2nc3ccccc3s2)cc1,CC(C)(C)c1ccnc(-c2cc(C(C)(C)C)ccn2)c1,O.[Cl][Ir]([Cl])[Cl],CS(C)=O,CN(C)C=O,18000.0,445.0,99.99774932861328
CCN(CC)c1ccc2oc(=O)c(-c3nc4ccccc4s3)cc2c1,CC(=O)c1ccc(F)cc1Br,CCN(C(C)C)C(C)C,Cc1ccc(-c2ccc(F)c(C(F)(F)F)c2)nc1,c1cnc2c(c1)ccc1cccnc12,O.[Cl][Ir]([Cl])[Cl],CS(C)=O,CN(C)C=O,18000.0,445.0,35.501922607421875
CCN(CC)c1ccc2oc(=O)c(-c3nc4ccccc4s3)cc2c1,CC(=O)c1ccc(F)cc1Br,CCN(C(C)C)C(C)C,c1ccc(-n2cccn2)cc1,c1ccc(-c2ccnc(-c3cc(-c4ccccc4)ccn3)c2)cc1,O.[Cl][Ir]([Cl])[Cl],CS(C)=O,CN(C)C=O,18000.0,445.0,91.21280670166016
CCN(CC)c1ccc2oc(=O)c(-c3nc4ccccc4s3)cc2c1,CC(=O)c1ccc(F)cc1Br,CCN(C(C)C)C(C)C,c1ccc(-c2nc3ccccc3o2)cc1,COc1ccnc(-c2cc(OC)ccn2)c1,O.[Cl][Ir]([Cl])[Cl],CS(C)=O,CN(C)C=O,18000.0,445.0,96.46984100341797
CCN(CC)c1ccc2oc(=O)c(-c3nc4ccccc4s3)cc2c1,CC(=O)c1ccc(F)cc1Br,CCN(C(C)C)C(C)C,Fc1ccc(-c2ccccn2)cc1,CC(C)(O)Cc1ccc(-c2ccc(CC(C)(C)O)cn2)nc1,O.[Cl][Ir]([Cl])[Cl],CS(C)=O,CN(C)C=O,18000.0,445.0,99.87538146972656
CCN(CC)c1ccc2oc(=O)c(-c3nc4ccccc4s3)cc2c1,CC(=O)c1ccc(F)cc1Br,CCN(C(C)C)C(C)C,Cc1ccc(-c2ccc(-c3ccccc3)cc2)nc1,c1ccc(-c2ccnc3c2ccc2c(-c4ccccc4)ccnc23)cc1,O.[Cl][Ir]([Cl])[Cl],CS(C)=O,CN(C)C=O,18000.0,445.0,99.87538146972656
CCN(CC)c1ccc2oc(=O)c(-c3nc4ccccc4s3)cc2c1,CC(=O)c1ccc(F)cc1Br,CCN(C(C)C)C(C)C,COc1cccc(-c2cc(-c3ccccc3)ccn2)c1,CC(C)(C)c1ccnc(-c2cc(C(C)(C)C)ccn2)c1,O.[Cl][Ir]([Cl])[Cl],CS(C)=O,CN(C)C=O,18000.0,445.0,0.005350000225007534
CCN(CC)c1ccc2oc(=O)c(-c3nc4ccccc4s3)cc2c1,CC(=O)c1ccc(F)cc1Br,CCN(C(C)C)C(C)C,Cc1ccc(-c2cccc(F)c2)nc1,O=C1C(=O)c2cccnc2-c2ncccc21,O.[Cl][Ir]([Cl])[Cl],CS(C)=O,CN(C)C=O,18000.0,445.0,72.02444458007812
CCN(CC)c1ccc2oc(=O)c(-c3nc4ccccc4s3)cc2c1,CC(=O)c1ccc(F)cc1Br,CCN(C(C)C)C(C)C,COc1ccc(-c2nc3ccccc3s2)cc1,Cc1cnc2c(ccc3c(C)c(C)cnc32)c1C,O.[Cl][Ir]([Cl])[Cl],CS(C)=O,CN(C)C=O,18000.0,445.0,94.88140869140625
CCN(CC)c1ccc2oc(=O)c(-c3nc4ccccc4s3)cc2c1,CC(=O)c1ccc(F)cc1Br,CCN(C(C)C)C(C)C,Cc1ccc(-c2cccc(Cl)c2)nc1,CS(C)=O,O.[Cl][Ir]([Cl])[Cl],CS(C)=O,CN(C)C=O,18000.0,445.0,31.211565017700195
CCN(CC)c1ccc2oc(=O)c(-c3nc4ccccc4s3)cc2c1,CC(=O)c1ccc(F)cc1Br,CCN(C(C)C)C(C)C,COc1ccc(-c2cc(-c3ccccc3)ccn2)cc1,FC(F)(F)c1ccc(-c2ccc(C(F)(F)F)cn2)nc1,O.[Cl][Ir]([Cl])[Cl],CS(C)=O,CN(C)C=O,18000.0,445.0,0.005350000225007534
CCN(CC)c1ccc2oc(=O)c(-c3nc4ccccc4s3)cc2c1,CC(=O)c1ccc(F)cc1Br,CCN(C(C)C)C(C)C,c1ccc(-c2ccc(-c3cc(-c4ccccc4)ccn3)cc2)cc1,c1ccc(-c2ccccn2)nc1,O.[Cl][Ir]([Cl])[Cl],CS(C)=O,CN(C)C=O,18000.0,445.0,99.95206451416016
CCN(CC)c1ccc2oc(=O)c(-c3nc4ccccc4s3)cc2c1,CC(=O)c1ccc(F)cc1Br,CCN(C(C)C)C(C)C,COc1ccc(-c2ccc(C)cn2)cc1,CS(C)=O,O.[Cl][Ir]([Cl])[Cl],CS(C)=O,CN(C)C=O,18000.0,445.0,0.005350000225007534
CCN(CC)c1ccc2oc(=O)c(-c3nc4ccccc4s3)cc2c1,CC(=O)c1ccc(F)cc1Br,CCN(C(C)C)C(C)C,Cc1ccc(-c2cccc(Cl)c2)nc1,Cc1cc2cccnc2c2ncccc12,O.[Cl][Ir]([Cl])[Cl],CS(C)=O,CN(C)C=O,18000.0,445.0,99.95206451416016
CCN(CC)c1ccc2oc(=O)c(-c3nc4ccccc4s3)cc2c1,CC(=O)c1ccc(F)cc1Br,CCN(C(C)C)C(C)C,FC(F)(F)Oc1ccc(-c2nc3ccccc3s2)cc1,c1ccc2nc(-c3ccc4ccccc4n3)ccc2c1,O.[Cl][Ir]([Cl])[Cl],CS(C)=O,CN(C)C=O,18000.0,445.0,0.005350000225007534
CCN(CC)c1ccc2oc(=O)c(-c3nc4ccccc4s3)cc2c1,CC(=O)c1ccc(F)cc1Br,CCN(C(C)C)C(C)C,FC(F)(F)c1ccc(-c2nc3ccccc3s2)cc1,FC(F)(F)c1ccc(-c2ccc(C(F)(F)F)cn2)nc1,O.[Cl][Ir]([Cl])[Cl],CS(C)=O,CN(C)C=O,18000.0,445.0,83.19300079345703
CCN(CC)c1ccc2oc(=O)c(-c3nc4ccccc4s3)cc2c1,CC(=O)c1ccc(F)cc1Br,CCN(C(C)C)C(C)C,COc1ccc(-c2ccc(C)cn2)cc1,O=C1C(=O)c2cccnc2-c2ncccc21,O.[Cl][Ir]([Cl])[Cl],CS(C)=O,CN(C)C=O,18000.0,445.0,80.23484802246094
CCN(CC)c1ccc2oc(=O)c(-c3nc4ccccc4s3)cc2c1,CC(=O)c1ccc(F)cc1Br,CCN(C(C)C)C(C)C,c1ccc2c(c1)ccc1cccnc12,c1ccc(-c2ccnc(-c3cc(-c4ccccc4)ccn3)c2)cc1,O.[Cl][Ir]([Cl])[Cl],CS(C)=O,CN(C)C=O,18000.0,445.0,94.0146484375
CCN(CC)c1ccc2oc(=O)c(-c3nc4ccccc4s3)cc2c1,CC(=O)c1ccc(F)cc1Br,CCN(C(C)C)C(C)C,Cc1ccc(-c2ccccc2F)nc1,c1ccc(-c2ccnc(-c3cc(-c4ccccc4)ccn3)c2)cc1,O.[Cl][Ir]([Cl])[Cl],CS(C)=O,CN(C)C=O,18000.0,445.0,89.2387466430664
CCN(CC)c1ccc2oc(=O)c(-c3nc4ccccc4s3)cc2c1,CC(=O)c1ccc(F)cc1Br,CCN(C(C)C)C(C)C,FC(F)(F)c1ccc(-c2nc3ccccc3s2)cc1,Cc1cc(-c2ccccc2)c2ccc3c(-c4ccccc4)cc(C)nc3c2n1,O.[Cl][Ir]([Cl])[Cl],CS(C)=O,CN(C)C=O,18000.0,445.0,87.22576904296875
CCN(CC)c1ccc2oc(=O)c(-c3nc4ccccc4s3)cc2c1,CC(=O)c1ccc(F)cc1Br,CCN(C(C)C)C(C)C,c1ccc2cc(-c3nc4ccccc4o3)ccc2c1,Cc1ccnc2c1ccc1cccnc12,O.[Cl][Ir]([Cl])[Cl],CS(C)=O,CN(C)C=O,18000.0,445.0,91.21280670166016
CCN(CC)c1ccc2oc(=O)c(-c3nc4ccccc4s3)cc2c1,CC(=O)c1ccc(F)cc1Br,CCN(C(C)C)C(C)C,Cc1ccc(-c2ccc3ccccc3c2)nc1,Cc1cnc2c(ccc3c(C)c(C)cnc32)c1C,O.[Cl][Ir]([Cl])[Cl],CS(C)=O,CN(C)C=O,18000.0,445.0,80.23484802246094
CCN(CC)c1ccc2oc(=O)c(-c3nc4ccccc4s3)cc2c1,CC(=O)c1ccc(F)cc1Br,CCN(C(C)C)C(C)C,Cc1ccc(-c2ccccc2)nc1,c1ccc(-c2ccnc(-c3cc(-c4ccccc4)ccn3)c2)cc1,O.[Cl][Ir]([Cl])[Cl],CS(C)=O,CN(C)C=O,18000.0,445.0,91.21280670166016
CCN(CC)c1ccc2oc(=O)c(-c3nc4ccccc4s3)cc2c1,CC(=O)c1ccc(F)cc1Br,CCN(C(C)C)C(C)C,Clc1ccc(-c2cc(-c3ccccc3)ccn2)cc1,FC(F)(F)c1ccc(-c2ccc(C(F)(F)F)cn2)nc1,O.[Cl][Ir]([Cl])[Cl],CS(C)=O,CN(C)C=O,18000.0,445.0,0.005350000225007534
CCN(CC)c1ccc2oc(=O)c(-c3nc4ccccc4s3)cc2c1,CC(=O)c1ccc(F)cc1Br,CCN(C(C)C)C(C)C,c1ccc(-c2ccnc(-c3ccc(N4CCCC4)cc3)c2)cc1,Cc1ccc2ccc3ccc(C)nc3c2n1,O.[Cl][Ir]([Cl])[Cl],CS(C)=O,CN(C)C=O,18000.0,445.0,45.55442810058594
CCN(CC)c1ccc2oc(=O)c(-c3nc4ccccc4s3)cc2c1,CC(=O)c1ccc(F)cc1Br,CCN(C(C)C)C(C)C,Cc1ccc(-c2cccc(F)c2)nc1,CC(C)(O)Cc1ccc(-c2ccc(CC(C)(C)O)cn2)nc1,O.[Cl][Ir]([Cl])[Cl],CS(C)=O,CN(C)C=O,18000.0,445.0,99.98658752441406
CCN(CC)c1ccc2oc(=O)c(-c3nc4ccccc4s3)cc2c1,CC(=O)c1ccc(F)cc1Br,CCN(C(C)C)C(C)C,c1ccc(Cc2ccccn2)cc1,FC(F)(F)c1ccc(-c2ccc(C(F)(F)F)cn2)nc1,O.[Cl][Ir]([Cl])[Cl],CS(C)=O,CN(C)C=O,18000.0,445.0,0.005350000225007534
CCN(CC)c1ccc2oc(=O)c(-c3nc4ccccc4s3)cc2c1,CC(=O)c1ccc(F)cc1Br,CCN(C(C)C)C(C)C,FC(F)(F)c1ccc(-c2nc3ccccc3s2)cc1,c1ccc(-c2ccccn2)nc1,O.[Cl][Ir]([Cl])[Cl],CS(C)=O,CN(C)C=O,18000.0,445.0,97.17524719238281
CCN(CC)c1ccc2oc(=O)c(-c3nc4ccccc4s3)cc2c1,CC(=O)c1ccc(F)cc1Br,CCN(C(C)C)C(C)C,Cc1ccc(-c2cccc(Cl)c2)nc1,CCCCCCCCCc1ccnc(-c2cc(CCCCCCCCC)ccn2)c1,O.[Cl][Ir]([Cl])[Cl],CS(C)=O,CN(C)C=O,18000.0,445.0,99.22785186767578
CCN(CC)c1ccc2oc(=O)c(-c3nc4ccccc4s3)cc2c1,CC(=O)c1ccc(F)cc1Br,CCN(C(C)C)C(C)C,Cc1ccc(-c2ccc3ccccc3c2)nc1,c1ccc(-c2ccnc(-c3cc(-c4ccccc4)ccn3)c2)cc1,O.[Cl][Ir]([Cl])[Cl],CS(C)=O,CN(C)C=O,18000.0,445.0,95.70247650146484
CCN(CC)c1ccc2oc(=O)c(-c3nc4ccccc4s3)cc2c1,CC(=O)c1ccc(F)cc1Br,CCN(C(C)C)C(C)C,c1ccc(-c2nc3ccccc3o2)cc1,Cc1cc(-c2ccccc2)c2ccc3c(-c4ccccc4)cc(C)nc3c2n1,O.[Cl][Ir]([Cl])[Cl],CS(C)=O,CN(C)C=O,18000.0,445.0,86.21414947509766
CCN(CC)c1ccc2oc(=O)c(-c3nc4ccccc4s3)cc2c1,CC(=O)c1ccc(F)cc1Br,CCN(C(C)C)C(C)C,Clc1ccc(-c2nc3ccccc3s2)cc1,Cc1ccc2ccc3ccc(C)nc3c2n1,O.[Cl][Ir]([Cl])[Cl],CS(C)=O,CN(C)C=O,18000.0,445.0,99.22785186767578
CCN(CC)c1ccc2oc(=O)c(-c3nc4ccccc4s3)cc2c1,CC(=O)c1ccc(F)cc1Br,CCN(C(C)C)C(C)C,FC(F)(F)c1ccc(-c2nc3ccccc3s2)cc1,COc1ccnc(-c2cc(OC)ccn2)c1,O.[Cl][Ir]([Cl])[Cl],CS(C)=O,CN(C)C=O,18000.0,445.0,99.95206451416016
CCN(CC)c1ccc2oc(=O)c(-c3nc4ccccc4s3)cc2c1,CC(=O)c1ccc(F)cc1Br,CCN(C(C)C)C(C)C,Cc1ccc(-c2ccc(C#N)cc2)nc1,O=C(O)c1ccnc(-c2cc(C(=O)O)ccn2)c1,O.[Cl][Ir]([Cl])[Cl],CS(C)=O,CN(C)C=O,18000.0,445.0,99.5252456665039
CCN(CC)c1ccc2oc(=O)c(-c3nc4ccccc4s3)cc2c1,CC(=O)c1ccc(F)cc1Br,CCN(C(C)C)C(C)C,Cc1cnc(-c2ccccc2)cc1-c1ccccc1,c1cnc2c(c1)ccc1cccnc12,O.[Cl][Ir]([Cl])[Cl],CS(C)=O,CN(C)C=O,18000.0,445.0,96.46984100341797
CCN(CC)c1ccc2oc(=O)c(-c3nc4ccccc4s3)cc2c1,CC(=O)c1ccc(F)cc1Br,CCN(C(C)C)C(C)C,c1ccc(Cc2ccccn2)cc1,CC(C)(C)c1ccnc(-c2cc(C(C)(C)C)ccn2)c1,O.[Cl][Ir]([Cl])[Cl],CS(C)=O,CN(C)C=O,18000.0,445.0,60.88320541381836
CCN(CC)c1ccc2oc(=O)c(-c3nc4ccccc4s3)cc2c1,CC(=O)c1ccc(F)cc1Br,CCN(C(C)C)C(C)C,COc1ccc(-c2ccc(C)cn2)cc1,Cc1cc2cccnc2c2ncccc12,O.[Cl][Ir]([Cl])[Cl],CS(C)=O,CN(C)C=O,18000.0,445.0,98.84195709228516
CCN(CC)c1ccc2oc(=O)c(-c3nc4ccccc4s3)cc2c1,CC(=O)c1ccc(F)cc1Br,CCN(C(C)C)C(C)C,Cc1cnc(-c2ccccc2)cc1-c1ccccc1,Cc1cnc2c(ccc3c(C)c(C)cnc32)c1C,O.[Cl][Ir]([Cl])[Cl],CS(C)=O,CN(C)C=O,18000.0,445.0,78.31624603271484
CCN(CC)c1ccc2oc(=O)c(-c3nc4ccccc4s3)cc2c1,CC(=O)c1ccc(F)cc1Br,CCN(C(C)C)C(C)C,Cc1ccc(-c2ccc3ccccc3c2)nc1,Cc1cccc(-c2cccc(C)n2)n1,O.[Cl][Ir]([Cl])[Cl],CS(C)=O,CN(C)C=O,18000.0,445.0,40.21617126464844
CCN(CC)c1ccc2oc(=O)c(-c3nc4ccccc4s3)cc2c1,CC(=O)c1ccc(F)cc1Br,CCN(C(C)C)C(C)C,c1ccc2cc(-c3nc4ccccc4o3)ccc2c1,c1ccc2nc(-c3ccc4ccccc4n3)ccc2c1,O.[Cl][Ir]([Cl])[Cl],CS(C)=O,CN(C)C=O,18000.0,445.0,77.37570190429688
CCN(CC)c1ccc2oc(=O)c(-c3nc4ccccc4s3)cc2c1,CC(=O)c1ccc(F)cc1Br,CCN(C(C)C)C(C)C,Cc1ccc(-c2ccc(F)cc2F)nc1,Cc1cccc(-c2cccc(C)n2)n1,O.[Cl][Ir]([Cl])[Cl],CS(C)=O,CN(C)C=O,18000.0,445.0,0.005350000225007534
CCN(CC)c1ccc2oc(=O)c(-c3nc4ccccc4s3)cc2c1,CC(=O)c1ccc(F)cc1Br,CCN(C(C)C)C(C)C,COc1cccc(-c2cc(-c3ccccc3)c(C)cn2)c1,c1ccc2nc(-c3ccc4ccccc4n3)ccc2c1,O.[Cl][Ir]([Cl])[Cl],CS(C)=O,CN(C)C=O,18000.0,445.0,0.005350000225007534
CCN(CC)c1ccc2oc(=O)c(-c3nc4ccccc4s3)cc2c1,CC(=O)c1ccc(F)cc1Br,CCN(C(C)C)C(C)C,Cc1ccc(-c2ccc(Cl)cc2)nc1,c1ccc(-c2ccnc(-c3cc(-c4ccccc4)ccn3)c2)cc1,O.[Cl][Ir]([Cl])[Cl],CS(C)=O,CN(C)C=O,18000.0,445.0,79.26953887939453
CCN(CC)c1ccc2oc(=O)c(-c3nc4ccccc4s3)cc2c1,CC(=O)c1ccc(F)cc1Br,CCN(C(C)C)C(C)C,COc1ccc(-c2nc3ccccc3o2)cc1,c1ccc(-c2ccccn2)nc1,O.[Cl][Ir]([Cl])[Cl],CS(C)=O,CN(C)C=O,18000.0,445.0,94.88140869140625
CCN(CC)c1ccc2oc(=O)c(-c3nc4ccccc4s3)cc2c1,CC(=O)c1ccc(F)cc1Br,CCN(C(C)C)C(C)C,COc1ccc(-c2cc(-c3ccccc3)c(C)cn2)cc1,Cc1cccc(-c2cccc(C)n2)n1,O.[Cl][Ir]([Cl])[Cl],CS(C)=O,CN(C)C=O,18000.0,445.0,0.005350000225007534
CCN(CC)c1ccc2oc(=O)c(-c3nc4ccccc4s3)cc2c1,CC(=O)c1ccc(F)cc1Br,CCN(C(C)C)C(C)C,COc1ccc(-c2ccc(C)cn2)cc1,Cc1ccc2ccc3ccc(C)nc3c2n1,O.[Cl][Ir]([Cl])[Cl],CS(C)=O,CN(C)C=O,18000.0,445.0,39.06618118286133
CCN(CC)c1ccc2oc(=O)c(-c3nc4ccccc4s3)cc2c1,CC(=O)c1ccc(F)cc1Br,CCN(C(C)C)C(C)C,c1ccc(-c2ccccn2)cc1,FC(F)(F)c1ccc(-c2ccc(C(F)(F)F)cn2)nc1,O.[Cl][Ir]([Cl])[Cl],CS(C)=O,CN(C)C=O,18000.0,445.0,0.005350000225007534
CCN(CC)c1ccc2oc(=O)c(-c3nc4ccccc4s3)cc2c1,CC(=O)c1ccc(F)cc1Br,CCN(C(C)C)C(C)C,COc1ccc(-c2nc3ccccc3s2)cc1,CC(C)(O)Cc1ccc(-c2ccc(CC(C)(C)O)cn2)nc1,O.[Cl][Ir]([Cl])[Cl],CS(C)=O,CN(C)C=O,18000.0,445.0,99.99774932861328
CCN(CC)c1ccc2oc(=O)c(-c3nc4ccccc4s3)cc2c1,CC(=O)c1ccc(F)cc1Br,CCN(C(C)C)C(C)C,Cc1ccc(-c2ccc(F)c(C(F)(F)F)c2)nc1,O=C1C(=O)c2cccnc2-c2ncccc21,O.[Cl][Ir]([Cl])[Cl],CS(C)=O,CN(C)C=O,18000.0,445.0,49.197818756103516
CCN(CC)c1ccc2oc(=O)c(-c3nc4ccccc4s3)cc2c1,CC(=O)c1ccc(F)cc1Br,CCN(C(C)C)C(C)C,Cc1ccc(-c2ccc(Cl)cc2)nc1,c1cnc2c(c1)ccc1cccnc12,O.[Cl][Ir]([Cl])[Cl],CS(C)=O,CN(C)C=O,18000.0,445.0,97.17524719238281
CCN(CC)c1ccc2oc(=O)c(-c3nc4ccccc4s3)cc2c1,CC(=O)c1ccc(F)cc1Br,CCN(C(C)C)C(C)C,Cc1ccc(-c2nc3ccccc3o2)cc1,FC(F)(F)c1ccc(-c2ccc(C(F)(F)F)cn2)nc1,O.[Cl][Ir]([Cl])[Cl],CS(C)=O,CN(C)C=O,18000.0,445.0,63.55833435058594
CCN(CC)c1ccc2oc(=O)c(-c3nc4ccccc4s3)cc2c1,CC(=O)c1ccc(F)cc1Br,CCN(C(C)C)C(C)C,Cc1ccc(-c2ccc(C)cn2)cc1,O=C1C(=O)c2cccnc2-c2ncccc21,O.[Cl][Ir]([Cl])[Cl],CS(C)=O,CN(C)C=O,18000.0,445.0,43.400054931640625
CCN(CC)c1ccc2oc(=O)c(-c3nc4ccccc4s3)cc2c1,CC(=O)c1ccc(F)cc1Br,CCN(C(C)C)C(C)C,c1ccc(-c2nc3ccccc3o2)cc1,c1ccc2nc(-c3ccc4ccccc4n3)ccc2c1,O.[Cl][Ir]([Cl])[Cl],CS(C)=O,CN(C)C=O,18000.0,445.0,0.005350000225007534
CCN(CC)c1ccc2oc(=O)c(-c3nc4ccccc4s3)cc2c1,CC(=O)c1ccc(F)cc1Br,CCN(C(C)C)C(C)C,c1ccc(-c2ccnc(-c3ccc4ccccc4c3)c2)cc1,Cc1ccc(-c2ccc(C)cn2)nc1,O.[Cl][Ir]([Cl])[Cl],CS(C)=O,CN(C)C=O,18000.0,445.0,97.810546875
CCN(CC)c1ccc2oc(=O)c(-c3nc4ccccc4s3)cc2c1,CC(=O)c1ccc(F)cc1Br,CCN(C(C)C)C(C)C,COc1ccc(-c2nc3ccccc3s2)cc1,FC(F)(F)c1ccc(-c2ccc(C(F)(F)F)cn2)nc1,O.[Cl][Ir]([Cl])[Cl],CS(C)=O,CN(C)C=O,18000.0,445.0,77.37570190429688
CCN(CC)c1ccc2oc(=O)c(-c3nc4ccccc4s3)cc2c1,CC(=O)c1ccc(F)cc1Br,CCN(C(C)C)C(C)C,CCc1ccc(-c2ccc(Cl)cc2)nc1,c1cnc2c(c1)ccc1cccnc12,O.[Cl][Ir]([Cl])[Cl],CS(C)=O,CN(C)C=O,18000.0,445.0,99.22785186767578
CCN(CC)c1ccc2oc(=O)c(-c3nc4ccccc4s3)cc2c1,CC(=O)c1ccc(F)cc1Br,CCN(C(C)C)C(C)C,COc1ccc(-c2ccc(C)cn2)cc1,COc1ccnc(-c2cc(OC)ccn2)c1,O.[Cl][Ir]([Cl])[Cl],CS(C)=O,CN(C)C=O,18000.0,445.0,99.73799896240234
CCN(CC)c1ccc2oc(=O)c(-c3nc4ccccc4s3)cc2c1,CC(=O)c1ccc(F)cc1Br,CCN(C(C)C)C(C)C,Cc1ccc(-c2cccc(C#N)c2)nc1,COc1ccnc(-c2cc(OC)ccn2)c1,O.[Cl][Ir]([Cl])[Cl],CS(C)=O,CN(C)C=O,18000.0,445.0,80.23484802246094
CCN(CC)c1ccc2oc(=O)c(-c3nc4ccccc4s3)cc2c1,CC(=O)c1ccc(F)cc1Br,CCN(C(C)C)C(C)C,Cc1ccc(-c2cccc(Cl)c2)nc1,c1ccc2nc(-c3ccc4ccccc4n3)ccc2c1,O.[Cl][Ir]([Cl])[Cl],CS(C)=O,CN(C)C=O,18000.0,445.0,0.005350000225007534
CCN(CC)c1ccc2oc(=O)c(-c3nc4ccccc4s3)cc2c1,CC(=O)c1ccc(F)cc1Br,CCN(C(C)C)C(C)C,COc1ccc(-c2cc(-c3ccccc3)ccn2)cc1,Cc1ccc2ccc3ccc(C)nc3c2n1,O.[Cl][Ir]([Cl])[Cl],CS(C)=O,CN(C)C=O,18000.0,445.0,99.73799896240234
CCN(CC)c1ccc2oc(=O)c(-c3nc4ccccc4s3)cc2c1,CC(=O)c1ccc(F)cc1Br,CCN(C(C)C)C(C)C,Cc1ccc(-c2ccc(S(C)(=O)=O)cc2)nc1,Cc1cccc(-c2cccc(C)n2)n1,O.[Cl][Ir]([Cl])[Cl],CS(C)=O,CN(C)C=O,18000.0,445.0,29.189952850341797
CCN(CC)c1ccc2oc(=O)c(-c3nc4ccccc4s3)cc2c1,CC(=O)c1ccc(F)cc1Br,CCN(C(C)C)C(C)C,COc1ccc(-c2ccc(C)cn2)cc1,c1cnc2c(c1)ccc1cccnc12,O.[Cl][Ir]([Cl])[Cl],CS(C)=O,CN(C)C=O,18000.0,445.0,98.84195709228516
CCN(CC)c1ccc2oc(=O)c(-c3nc4ccccc4s3)cc2c1,CC(=O)c1ccc(F)cc1Br,CCN(C(C)C)C(C)C,COc1ccc(-c2nc3ccccc3o2)cc1,Cc1ccnc2c1ccc1c(C)ccnc12,O.[Cl][Ir]([Cl])[Cl],CS(C)=O,CN(C)C=O,18000.0,445.0,97.17524719238281
CCN(CC)c1ccc2oc(=O)c(-c3nc4ccccc4s3)cc2c1,CC(=O)c1ccc(F)cc1Br,CCN(C(C)C)C(C)C,Cc1ccc(-c2ccc(S(C)(=O)=O)cc2)nc1,O=C(O)c1ccnc(-c2cc(C(=O)O)ccn2)c1,O.[Cl][Ir]([Cl])[Cl],CS(C)=O,CN(C)C=O,18000.0,445.0,99.87538146972656
CCN(CC)c1ccc2oc(=O)c(-c3nc4ccccc4s3)cc2c1,CC(=O)c1ccc(F)cc1Br,CCN(C(C)C)C(C)C,c1ccc2c(c1)ccc1cccnc12,Cc1ccnc(-c2cc(C)ccn2)c1,O.[Cl][Ir]([Cl])[Cl],CS(C)=O,CN(C)C=O,18000.0,445.0,99.22785186767578
CCN(CC)c1ccc2oc(=O)c(-c3nc4ccccc4s3)cc2c1,CC(=O)c1ccc(F)cc1Br,CCN(C(C)C)C(C)C,COc1ccc(-c2nc3ccccc3s2)cc1,Cc1ccc(-c2ccc(C)cn2)nc1,O.[Cl][Ir]([Cl])[Cl],CS(C)=O,CN(C)C=O,18000.0,445.0,99.22785186767578
CCN(CC)c1ccc2oc(=O)c(-c3nc4ccccc4s3)cc2c1,CC(=O)c1ccc(F)cc1Br,CCN(C(C)C)C(C)C,Cc1ccc(-c2cccc(F)c2)nc1,O=C1c2cccnc2-c2ncccc21,O.[Cl][Ir]([Cl])[Cl],CS(C)=O,CN(C)C=O,18000.0,445.0,59.61859130859375
CCN(CC)c1ccc2oc(=O)c(-c3nc4ccccc4s3)cc2c1,CC(=O)c1ccc(F)cc1Br,CCN(C(C)C)C(C)C,Cc1ccc(-c2ccc(Cl)cc2)nc1,O=C(O)c1ccnc(-c2cc(C(=O)O)ccn2)c1,O.[Cl][Ir]([Cl])[Cl],CS(C)=O,CN(C)C=O,18000.0,445.0,99.73799896240234
CCN(CC)c1ccc2oc(=O)c(-c3nc4ccccc4s3)cc2c1,CC(=O)c1ccc(F)cc1Br,CCN(C(C)C)C(C)C,Cc1ccc(-c2ccc(C)cn2)cc1,COc1ccnc(-c2cc(OC)ccn2)c1,O.[Cl][Ir]([Cl])[Cl],CS(C)=O,CN(C)C=O,18000.0,445.0,87.22576904296875
CCN(CC)c1ccc2oc(=O)c(-c3nc4ccccc4s3)cc2c1,CC(=O)c1ccc(F)cc1Br,CCN(C(C)C)C(C)C,Cc1ccc(-c2cccc(F)c2)nc1,Cc1cc2cccnc2c2ncccc12,O.[Cl][Ir]([Cl])[Cl],CS(C)=O,CN(C)C=O,18000.0,445.0,99.87538146972656
CCN(CC)c1ccc2oc(=O)c(-c3nc4ccccc4s3)cc2c1,CC(=O)c1ccc(F)cc1Br,CCN(C(C)C)C(C)C,c1ccc(-c2nc3ccccc3o2)cc1,O=C1c2cccnc2-c2ncccc21,O.[Cl][Ir]([Cl])[Cl],CS(C)=O,CN(C)C=O,18000.0,445.0,0.005350000225007534
CCN(CC)c1ccc2oc(=O)c(-c3nc4ccccc4s3)cc2c1,CC(=O)c1ccc(F)cc1Br,CCN(C(C)C)C(C)C,Cc1ccc(-c2ccc(F)c(C(F)(F)F)c2)nc1,Cc1ccnc2c1ccc1cccnc12,O.[Cl][Ir]([Cl])[Cl],CS(C)=O,CN(C)C=O,18000.0,445.0,79.26953887939453
CCN(CC)c1ccc2oc(=O)c(-c3nc4ccccc4s3)cc2c1,CC(=O)c1ccc(F)cc1Br,CCN(C(C)C)C(C)C,COc1ccc(-c2nc3ccccc3o2)cc1,O=C1C(=O)c2cccnc2-c2ncccc21,O.[Cl][Ir]([Cl])[Cl],CS(C)=O,CN(C)C=O,18000.0,445.0,74.63568115234375
CCN(CC)c1ccc2oc(=O)c(-c3nc4ccccc4s3)cc2c1,CC(=O)c1ccc(F)cc1Br,CCN(C(C)C)C(C)C,FC(F)(F)c1ccc(-c2nc3ccccc3o2)cc1,CCCCCCCCCc1ccnc(-c2cc(CCCCCCCCC)ccn2)c1,O.[Cl][Ir]([Cl])[Cl],CS(C)=O,CN(C)C=O,18000.0,445.0,98.3681869506836
CCN(CC)c1ccc2oc(=O)c(-c3nc4ccccc4s3)cc2c1,CC(=O)c1ccc(F)cc1Br,CCN(C(C)C)C(C)C,c1ccc(-c2ccnc(-c3ccc4ccccc4c3)c2)cc1,COc1ccnc(-c2cc(OC)ccn2)c1,O.[Cl][Ir]([Cl])[Cl],CS(C)=O,CN(C)C=O,18000.0,445.0,98.3681869506836
CCN(CC)c1ccc2oc(=O)c(-c3nc4ccccc4s3)cc2c1,CC(=O)c1ccc(F)cc1Br,CCN(C(C)C)C(C)C,Cc1ccc(-c2ccc(F)cc2)nc1,O=C(O)c1ccnc(-c2cc(C(=O)O)ccn2)c1,O.[Cl][Ir]([Cl])[Cl],CS(C)=O,CN(C)C=O,18000.0,445.0,98.3681869506836
CCN(CC)c1ccc2oc(=O)c(-c3nc4ccccc4s3)cc2c1,CC(=O)c1ccc(F)cc1Br,CCN(C(C)C)C(C)C,c1ccc(-c2ccc(-c3cc(-c4ccccc4)ccn3)cc2)cc1,CCCCCCCCCc1ccnc(-c2cc(CCCCCCCCC)ccn2)c1,O.[Cl][Ir]([Cl])[Cl],CS(C)=O,CN(C)C=O,18000.0,445.0,99.99774932861328
CCN(CC)c1ccc2oc(=O)c(-c3nc4ccccc4s3)cc2c1,CC(=O)c1ccc(F)cc1Br,CCN(C(C)C)C(C)C,Cc1ccc(-c2ccc(C)cn2)cc1,Cc1ccc2ccc3ccc(C)nc3c2n1,O.[Cl][Ir]([Cl])[Cl],CS(C)=O,CN(C)C=O,18000.0,445.0,92.1736831665039
CCN(CC)c1ccc2oc(=O)c(-c3nc4ccccc4s3)cc2c1,CC(=O)c1ccc(F)cc1Br,CCN(C(C)C)C(C)C,Cc1ccc(-c2ccc(C#N)cc2)nc1,CS(C)=O,O.[Cl][Ir]([Cl])[Cl],CS(C)=O,CN(C)C=O,18000.0,445.0,0.005350000225007534
CCN(CC)c1ccc2oc(=O)c(-c3nc4ccccc4s3)cc2c1,CC(=O)c1ccc(F)cc1Br,CCN(C(C)C)C(C)C,CCc1ccc(-c2ccc(Cl)cc2)nc1,Cc1ccnc2c1ccc1cccnc12,O.[Cl][Ir]([Cl])[Cl],CS(C)=O,CN(C)C=O,18000.0,445.0,88.23509979248047
CCN(CC)c1ccc2oc(=O)c(-c3nc4ccccc4s3)cc2c1,CC(=O)c1ccc(F)cc1Br,CCN(C(C)C)C(C)C,CCc1ccc(-c2ccccc2)nc1,c1cnc2c(c1)ccc1cccnc12,O.[Cl][Ir]([Cl])[Cl],CS(C)=O,CN(C)C=O,18000.0,445.0,98.84195709228516
CCN(CC)c1ccc2oc(=O)c(-c3nc4ccccc4s3)cc2c1,CC(=O)c1ccc(F)cc1Br,CCN(C(C)C)C(C)C,Cc1ccc(-c2ccc(F)cc2)nc1,Cc1ccc(-c2ccc(C)cn2)nc1,O.[Cl][Ir]([Cl])[Cl],CS(C)=O,CN(C)C=O,18000.0,445.0,70.35679626464844
CCN(CC)c1ccc2oc(=O)c(-c3nc4ccccc4s3)cc2c1,CC(=O)c1ccc(F)cc1Br,CCN(C(C)C)C(C)C,Cc1ccc(-c2ccc(Cl)cc2)nc1,c1ccc(-c2ccccn2)nc1,O.[Cl][Ir]([Cl])[Cl],CS(C)=O,CN(C)C=O,18000.0,445.0,98.84195709228516
CCN(CC)c1ccc2oc(=O)c(-c3nc4ccccc4s3)cc2c1,CC(=O)c1ccc(F)cc1Br,CCN(C(C)C)C(C)C,COc1cccc(-c2ccc(C)cn2)c1,CC(C)(C)c1ccnc(-c2cc(C(C)(C)C)ccn2)c1,O.[Cl][Ir]([Cl])[Cl],CS(C)=O,CN(C)C=O,18000.0,445.0,0.005350000225007534
CCN(CC)c1ccc2oc(=O)c(-c3nc4ccccc4s3)cc2c1,CC(=O)c1ccc(F)cc1Br,CCN(C(C)C)C(C)C,Clc1ccc(-c2nc3ccccc3s2)cc1,c1ccc(-c2ccnc(-c3cc(-c4ccccc4)ccn3)c2)cc1,O.[Cl][Ir]([Cl])[Cl],CS(C)=O,CN(C)C=O,18000.0,445.0,99.5252456665039
CCN(CC)c1ccc2oc(=O)c(-c3nc4ccccc4s3)cc2c1,CC(=O)c1ccc(F)cc1Br,CCN(C(C)C)C(C)C,Cc1ccc(-c2ccc(Cl)cc2)nc1,CC(C)(O)Cc1ccc(-c2ccc(CC(C)(C)O)cn2)nc1,O.[Cl][Ir]([Cl])[Cl],CS(C)=O,CN(C)C=O,18000.0,445.0,97.17524719238281
CCN(CC)c1ccc2oc(=O)c(-c3nc4ccccc4s3)cc2c1,CC(=O)c1ccc(F)cc1Br,CCN(C(C)C)C(C)C,CCc1ccc(-c2ccccc2)nc1,c1ccc(-c2ccnc3c2ccc2c(-c4ccccc4)ccnc23)cc1,O.[Cl][Ir]([Cl])[Cl],CS(C)=O,CN(C)C=O,18000.0,445.0,99.98658752441406
CCN(CC)c1ccc2oc(=O)c(-c3nc4ccccc4s3)cc2c1,CC(=O)c1ccc(F)cc1Br,CCN(C(C)C)C(C)C,Cc1ccc(-c2ccc(F)cc2F)nc1,c1ccc(-c2ccccn2)nc1,O.[Cl][Ir]([Cl])[Cl],CS(C)=O,CN(C)C=O,18000.0,445.0,84.19541931152344
CCN(CC)c1ccc2oc(=O)c(-c3nc4ccccc4s3)cc2c1,CC(=O)c1ccc(F)cc1Br,CCN(C(C)C)C(C)C,c1ccc(-c2ccnc(-c3ccc4ccccc4c3)c2)cc1,Cc1cc2cccnc2c2ncccc12,O.[Cl][Ir]([Cl])[Cl],CS(C)=O,CN(C)C=O,18000.0,445.0,99.95206451416016
CCN(CC)c1ccc2oc(=O)c(-c3nc4ccccc4s3)cc2c1,CC(=O)c1ccc(F)cc1Br,CCN(C(C)C)C(C)C,COc1ccc(-c2cc(-c3ccccc3)c(C)cn2)cc1,Cc1ccnc(-c2cc(C)ccn2)c1,O.[Cl][Ir]([Cl])[Cl],CS(C)=O,CN(C)C=O,18000.0,445.0,99.87538146972656
CCN(CC)c1ccc2oc(=O)c(-c3nc4ccccc4s3)cc2c1,CC(=O)c1ccc(F)cc1Br,CCN(C(C)C)C(C)C,Cc1ccc(-c2ccc(C#N)cc2)nc1,c1ccc(-c2ccnc3c2ccc2c(-c4ccccc4)ccnc23)cc1,O.[Cl][Ir]([Cl])[Cl],CS(C)=O,CN(C)C=O,18000.0,445.0,99.22785186767578
CCN(CC)c1ccc2oc(=O)c(-c3nc4ccccc4s3)cc2c1,CC(=O)c1ccc(F)cc1Br,CCN(C(C)C)C(C)C,Cc1ccc(-c2ccc(F)c(C(F)(F)F)c2)nc1,CC1(C)C(=O)C(C)(C)c2c1c1cccnc1c1ncccc21,O.[Cl][Ir]([Cl])[Cl],CS(C)=O,CN(C)C=O,18000.0,445.0,81.21128845214844
CCN(CC)c1ccc2oc(=O)c(-c3nc4ccccc4s3)cc2c1,CC(=O)c1ccc(F)cc1Br,CCN(C(C)C)C(C)C,c1ccc(-n2cccn2)cc1,Cc1cc2cccnc2c2ncccc12,O.[Cl][Ir]([Cl])[Cl],CS(C)=O,CN(C)C=O,18000.0,445.0,99.5252456665039
CCN(CC)c1ccc2oc(=O)c(-c3nc4ccccc4s3)cc2c1,CC(=O)c1ccc(F)cc1Br,CCN(C(C)C)C(C)C,CCc1ccc(-c2cccc(OC)c2)nc1,CS(C)=O,O.[Cl][Ir]([Cl])[Cl],CS(C)=O,CN(C)C=O,18000.0,445.0,0.005350000225007534
CCN(CC)c1ccc2oc(=O)c(-c3nc4ccccc4s3)cc2c1,CC(=O)c1ccc(F)cc1Br,CCN(C(C)C)C(C)C,COc1cccc(-c2ccc(C)cn2)c1,O=C(O)c1ccnc(-c2cc(C(=O)O)ccn2)c1,O.[Cl][Ir]([Cl])[Cl],CS(C)=O,CN(C)C=O,18000.0,445.0,0.005350000225007534
CCN(CC)c1ccc2oc(=O)c(-c3nc4ccccc4s3)cc2c1,CC(=O)c1ccc(F)cc1Br,CCN(C(C)C)C(C)C,c1ccc(-c2ccnc(-c3ccc(N4CCCC4)cc3)c2)cc1,CC(C)(O)Cc1ccc(-c2ccc(CC(C)(C)O)cn2)nc1,O.[Cl][Ir]([Cl])[Cl],CS(C)=O,CN(C)C=O,18000.0,445.0,81.21128845214844
CCN(CC)c1ccc2oc(=O)c(-c3nc4ccccc4s3)cc2c1,CC(=O)c1ccc(F)cc1Br,CCN(C(C)C)C(C)C,Cc1ccc(-c2ccc(C#N)cc2)nc1,c1cnc2c(c1)ccc1cccnc12,O.[Cl][Ir]([Cl])[Cl],CS(C)=O,CN(C)C=O,18000.0,445.0,94.0146484375
CCN(CC)c1ccc2oc(=O)c(-c3nc4ccccc4s3)cc2c1,CC(=O)c1ccc(F)cc1Br,CCN(C(C)C)C(C)C,COc1ccc(-c2cc(-c3ccccc3)c(C)cn2)cc1,Cc1cc2cccnc2c2ncccc12,O.[Cl][Ir]([Cl])[Cl],CS(C)=O,CN(C)C=O,18000.0,445.0,99.5252456665039
CCN(CC)c1ccc2oc(=O)c(-c3nc4ccccc4s3)cc2c1,CC(=O)c1ccc(F)cc1Br,CCN(C(C)C)C(C)C,Clc1ccc(-c2nc3ccccc3s2)cc1,c1ccc(-c2ccnc3c2ccc2c(-c4ccccc4)ccnc23)cc1,O.[Cl][Ir]([Cl])[Cl],CS(C)=O,CN(C)C=O,18000.0,445.0,99.22785186767578
CCN(CC)c1ccc2oc(=O)c(-c3nc4ccccc4s3)cc2c1,CC(=O)c1ccc(F)cc1Br,CCN(C(C)C)C(C)C,Cc1ccc(-c2nc3ccccc3o2)cc1,O=C1c2cccnc2-c2ncccc21,O.[Cl][Ir]([Cl])[Cl],CS(C)=O,CN(C)C=O,18000.0,445.0,34.81950759887695
CCN(CC)c1ccc2oc(=O)c(-c3nc4ccccc4s3)cc2c1,CC(=O)c1ccc(F)cc1Br,CCN(C(C)C)C(C)C,FC(F)(F)c1ccc(-c2nc3ccccc3s2)cc1,Cc1ccc2ccc3ccc(C)nc3c2n1,O.[Cl][Ir]([Cl])[Cl],CS(C)=O,CN(C)C=O,18000.0,445.0,97.810546875
CCN(CC)c1ccc2oc(=O)c(-c3nc4ccccc4s3)cc2c1,CC(=O)c1ccc(F)cc1Br,CCN(C(C)C)C(C)C,Cc1ccc(-c2ccc(OC(F)(F)F)cc2)nc1,Cc1ccnc2c1ccc1cccnc12,O.[Cl][Ir]([Cl])[Cl],CS(C)=O,CN(C)C=O,18000.0,445.0,75.53501892089844
CCN(CC)c1ccc2oc(=O)c(-c3nc4ccccc4s3)cc2c1,CC(=O)c1ccc(F)cc1Br,CCN(C(C)C)C(C)C,COc1cccc(-c2cc(-c3ccccc3)ccn2)c1,Cc1cc2cccnc2c2ncccc12,O.[Cl][Ir]([Cl])[Cl],CS(C)=O,CN(C)C=O,18000.0,445.0,0.005350000225007534
CCN(CC)c1ccc2oc(=O)c(-c3nc4ccccc4s3)cc2c1,CC(=O)c1ccc(F)cc1Br,CCN(C(C)C)C(C)C,CCc1ccc(-c2ccccc2)nc1,CCCCCCCCCc1ccnc(-c2cc(CCCCCCCCC)ccn2)c1,O.[Cl][Ir]([Cl])[Cl],CS(C)=O,CN(C)C=O,18000.0,445.0,99.87538146972656
CCN(CC)c1ccc2oc(=O)c(-c3nc4ccccc4s3)cc2c1,CC(=O)c1ccc(F)cc1Br,CCN(C(C)C)C(C)C,c1ccc(-c2ccnc(-c3ccc(N4CCCC4)cc3)c2)cc1,FC(F)(F)c1ccc(-c2ccc(C(F)(F)F)cn2)nc1,O.[Cl][Ir]([Cl])[Cl],CS(C)=O,CN(C)C=O,18000.0,445.0,49.197818756103516
CCN(CC)c1ccc2oc(=O)c(-c3nc4ccccc4s3)cc2c1,CC(=O)c1ccc(F)cc1Br,CCN(C(C)C)C(C)C,Cc1ccc(-c2ccc(Cl)cc2)nc1,Cc1cc(-c2ccccc2)c2ccc3c(-c4ccccc4)cc(C)nc3c2n1,O.[Cl][Ir]([Cl])[Cl],CS(C)=O,CN(C)C=O,18000.0,445.0,96.46984100341797
CCN(CC)c1ccc2oc(=O)c(-c3nc4ccccc4s3)cc2c1,CC(=O)c1ccc(F)cc1Br,CCN(C(C)C)C(C)C,COc1ccc(-c2nc3ccccc3s2)cc1,Cc1ccnc2c1ccc1c(C)ccnc12,O.[Cl][Ir]([Cl])[Cl],CS(C)=O,CN(C)C=O,18000.0,445.0,99.95206451416016
CCN(CC)c1ccc2oc(=O)c(-c3nc4ccccc4s3)cc2c1,CC(=O)c1ccc(F)cc1Br,CCN(C(C)C)C(C)C,Clc1ccc(-c2cc(-c3ccccc3)ccn2)cc1,c1ccc(-c2ccccn2)nc1,O.[Cl][Ir]([Cl])[Cl],CS(C)=O,CN(C)C=O,18000.0,445.0,99.5252456665039
CCN(CC)c1ccc2oc(=O)c(-c3nc4ccccc4s3)cc2c1,CC(=O)c1ccc(F)cc1Br,CCN(C(C)C)C(C)C,c1ccc2c(c1)ccc1cccnc12,CCCCCCCCCc1ccnc(-c2cc(CCCCCCCCC)ccn2)c1,O.[Cl][Ir]([Cl])[Cl],CS(C)=O,CN(C)C=O,18000.0,445.0,99.73799896240234
CCN(CC)c1ccc2oc(=O)c(-c3nc4ccccc4s3)cc2c1,CC(=O)c1ccc(F)cc1Br,CCN(C(C)C)C(C)C,Cc1ccc(-c2ccccc2)nc1,c1cnc2c(c1)ccc1cccnc12,O.[Cl][Ir]([Cl])[Cl],CS(C)=O,CN(C)C=O,18000.0,445.0,95.70247650146484
CCN(CC)c1ccc2oc(=O)c(-c3nc4ccccc4s3)cc2c1,CC(=O)c1ccc(F)cc1Br,CCN(C(C)C)C(C)C,Cc1ccc(-c2cccc(F)c2)nc1,CC(C)(C)c1ccnc(-c2cc(C(C)(C)C)ccn2)c1,O.[Cl][Ir]([Cl])[Cl],CS(C)=O,CN(C)C=O,18000.0,445.0,99.87538146972656
CCN(CC)c1ccc2oc(=O)c(-c3nc4ccccc4s3)cc2c1,CC(=O)c1ccc(F)cc1Br,CCN(C(C)C)C(C)C,Cc1ccc(-c2ccc(C)cn2)cc1,Cc1cccc(-c2cccc(C)n2)n1,O.[Cl][Ir]([Cl])[Cl],CS(C)=O,CN(C)C=O,18000.0,445.0,0.005350000225007534
CCN(CC)c1ccc2oc(=O)c(-c3nc4ccccc4s3)cc2c1,CC(=O)c1ccc(F)cc1Br,CCN(C(C)C)C(C)C,Fc1ccc(-c2ccccn2)cc1,O=C(O)c1ccnc(-c2cc(C(=O)O)ccn2)c1,O.[Cl][Ir]([Cl])[Cl],CS(C)=O,CN(C)C=O,18000.0,445.0,99.22785186767578
CCN(CC)c1ccc2oc(=O)c(-c3nc4ccccc4s3)cc2c1,CC(=O)c1ccc(F)cc1Br,CCN(C(C)C)C(C)C,COc1ccc(-c2nc3ccccc3o2)cc1,CC(C)(O)Cc1ccc(-c2ccc(CC(C)(C)O)cn2)nc1,O.[Cl][Ir]([Cl])[Cl],CS(C)=O,CN(C)C=O,18000.0,445.0,93.1097412109375
CCN(CC)c1ccc2oc(=O)c(-c3nc4ccccc4s3)cc2c1,CC(=O)c1ccc(F)cc1Br,CCN(C(C)C)C(C)C,Cc1ccc(-c2ccc(N(c3ccccc3)c3ccccc3)cc2)nc1,Cc1cccc(-c2cccc(C)n2)n1,O.[Cl][Ir]([Cl])[Cl],CS(C)=O,CN(C)C=O,18000.0,445.0,0.005350000225007534
CCN(CC)c1ccc2oc(=O)c(-c3nc4ccccc4s3)cc2c1,CC(=O)c1ccc(F)cc1Br,CCN(C(C)C)C(C)C,Cc1ccc(-c2ccc(N(c3ccccc3)c3ccccc3)cc2)nc1,CS(C)=O,O.[Cl][Ir]([Cl])[Cl],CS(C)=O,CN(C)C=O,18000.0,445.0,74.63568115234375
CCN(CC)c1ccc2oc(=O)c(-c3nc4ccccc4s3)cc2c1,CC(=O)c1ccc(F)cc1Br,CCN(C(C)C)C(C)C,c1ccc(-c2ccccn2)cc1,CC(C)(O)Cc1ccc(-c2ccc(CC(C)(C)O)cn2)nc1,O.[Cl][Ir]([Cl])[Cl],CS(C)=O,CN(C)C=O,18000.0,445.0,99.22785186767578
CCN(CC)c1ccc2oc(=O)c(-c3nc4ccccc4s3)cc2c1,CC(=O)c1ccc(F)cc1Br,CCN(C(C)C)C(C)C,Fc1ccc(-c2cc(-c3ccccc3)ccn2)cc1,CC(C)(O)Cc1ccc(-c2ccc(CC(C)(C)O)cn2)nc1,O.[Cl][Ir]([Cl])[Cl],CS(C)=O,CN(C)C=O,18000.0,445.0,99.99774932861328
CCN(CC)c1ccc2oc(=O)c(-c3nc4ccccc4s3)cc2c1,CC(=O)c1ccc(F)cc1Br,CCN(C(C)C)C(C)C,COc1ccc(-c2cc(-c3ccccc3)ccn2)cc1,c1ccc(-c2ccnc3c2ccc2c(-c4ccccc4)ccnc23)cc1,O.[Cl][Ir]([Cl])[Cl],CS(C)=O,CN(C)C=O,18000.0,445.0,99.99774932861328
CCN(CC)c1ccc2oc(=O)c(-c3nc4ccccc4s3)cc2c1,CC(=O)c1ccc(F)cc1Br,CCN(C(C)C)C(C)C,Cc1ccc(-c2cccc(F)c2)nc1,CS(C)=O,O.[Cl][Ir]([Cl])[Cl],CS(C)=O,CN(C)C=O,18000.0,445.0,0.005350000225007534
CCN(CC)c1ccc2oc(=O)c(-c3nc4ccccc4s3)cc2c1,CC(=O)c1ccc(F)cc1Br,CCN(C(C)C)C(C)C,COc1ccc(-c2nc3ccccc3o2)cc1,Cc1ccnc2c1ccc1cccnc12,O.[Cl][Ir]([Cl])[Cl],CS(C)=O,CN(C)C=O,18000.0,445.0,83.19300079345703
CCN(CC)c1ccc2oc(=O)c(-c3nc4ccccc4s3)cc2c1,CC(=O)c1ccc(F)cc1Br,CCN(C(C)C)C(C)C,CCc1ccc(-c2ccccc2)nc1,Cc1ccc(-c2ccc(C)cn2)nc1,O.[Cl][Ir]([Cl])[Cl],CS(C)=O,CN(C)C=O,18000.0,445.0,98.3681869506836
CCN(CC)c1ccc2oc(=O)c(-c3nc4ccccc4s3)cc2c1,CC(=O)c1ccc(F)cc1Br,CCN(C(C)C)C(C)C,Cc1ccc(-c2ccccc2)nc1,Cc1cc(-c2ccccc2)c2ccc3c(-c4ccccc4)cc(C)nc3c2n1,O.[Cl][Ir]([Cl])[Cl],CS(C)=O,CN(C)C=O,18000.0,445.0,98.84195709228516
CCN(CC)c1ccc2oc(=O)c(-c3nc4ccccc4s3)cc2c1,CC(=O)c1ccc(F)cc1Br,CCN(C(C)C)C(C)C,CCc1ccc(-c2cccc(OC)c2)nc1,CC1(C)C(=O)C(C)(C)c2c1c1cccnc1c1ncccc21,O.[Cl][Ir]([Cl])[Cl],CS(C)=O,CN(C)C=O,18000.0,445.0,0.005350000225007534
CCN(CC)c1ccc2oc(=O)c(-c3nc4ccccc4s3)cc2c1,CC(=O)c1ccc(F)cc1Br,CCN(C(C)C)C(C)C,COc1ccc(-c2nc3ccccc3o2)cc1,Cc1cc2cccnc2c2ncccc12,O.[Cl][Ir]([Cl])[Cl],CS(C)=O,CN(C)C=O,18000.0,445.0,88.23509979248047
CCN(CC)c1ccc2oc(=O)c(-c3nc4ccccc4s3)cc2c1,CC(=O)c1ccc(F)cc1Br,CCN(C(C)C)C(C)C,Cc1ccc(-c2ccc(S(C)(=O)=O)cc2)nc1,CCCCCCCCCc1ccnc(-c2cc(CCCCCCCCC)ccn2)c1,O.[Cl][Ir]([Cl])[Cl],CS(C)=O,CN(C)C=O,18000.0,445.0,98.3681869506836
CCN(CC)c1ccc2oc(=O)c(-c3nc4ccccc4s3)cc2c1,CC(=O)c1ccc(F)cc1Br,CCN(C(C)C)C(C)C,Cc1ccc(-c2nc3ccccc3o2)cc1,CC(C)(O)Cc1ccc(-c2ccc(CC(C)(C)O)cn2)nc1,O.[Cl][Ir]([Cl])[Cl],CS(C)=O,CN(C)C=O,18000.0,445.0,99.5252456665039
CCN(CC)c1ccc2oc(=O)c(-c3nc4ccccc4s3)cc2c1,CC(=O)c1ccc(F)cc1Br,CCN(C(C)C)C(C)C,COc1cccc(-c2cc(-c3ccccc3)c(C)cn2)c1,Cc1ccc(-c2ccc(C)cn2)nc1,O.[Cl][Ir]([Cl])[Cl],CS(C)=O,CN(C)C=O,18000.0,445.0,0.005350000225007534
CCN(CC)c1ccc2oc(=O)c(-c3nc4ccccc4s3)cc2c1,CC(=O)c1ccc(F)cc1Br,CCN(C(C)C)C(C)C,c1ccc(-c2ccc(-c3cc(-c4ccccc4)ccn3)cc2)cc1,CS(C)=O,O.[Cl][Ir]([Cl])[Cl],CS(C)=O,CN(C)C=O,18000.0,445.0,0.005350000225007534
CCN(CC)c1ccc2oc(=O)c(-c3nc4ccccc4s3)cc2c1,CC(=O)c1ccc(F)cc1Br,CCN(C(C)C)C(C)C,Cc1ccc(-c2ccc(S(C)(=O)=O)cc2)nc1,Cc1ccc2ccc3ccc(C)nc3c2n1,O.[Cl][Ir]([Cl])[Cl],CS(C)=O,CN(C)C=O,18000.0,445.0,78.31624603271484
CCN(CC)c1ccc2oc(=O)c(-c3nc4ccccc4s3)cc2c1,CC(=O)c1ccc(F)cc1Br,CCN(C(C)C)C(C)C,Cc1ccc(-c2cccc(C#N)c2)nc1,Cc1ccc2ccc3ccc(C)nc3c2n1,O.[Cl][Ir]([Cl])[Cl],CS(C)=O,CN(C)C=O,18000.0,445.0,60.88320541381836
CCN(CC)c1ccc2oc(=O)c(-c3nc4ccccc4s3)cc2c1,CC(=O)c1ccc(F)cc1Br,CCN(C(C)C)C(C)C,Cc1ccc(-c2ccccc2F)nc1,c1ccc(-c2ccccn2)nc1,O.[Cl][Ir]([Cl])[Cl],CS(C)=O,CN(C)C=O,18000.0,445.0,98.84195709228516
CCN(CC)c1ccc2oc(=O)c(-c3nc4ccccc4s3)cc2c1,CC(=O)c1ccc(F)cc1Br,CCN(C(C)C)C(C)C,c1ccc(-c2nc3ccccc3s2)cc1,CC(C)(C)c1ccnc(-c2cc(C(C)(C)C)ccn2)c1,O.[Cl][Ir]([Cl])[Cl],CS(C)=O,CN(C)C=O,18000.0,445.0,99.98658752441406
CCN(CC)c1ccc2oc(=O)c(-c3nc4ccccc4s3)cc2c1,CC(=O)c1ccc(F)cc1Br,CCN(C(C)C)C(C)C,Cc1cnc(-c2ccccc2)cc1-c1ccccc1,Cc1cc2cccnc2c2ncccc12,O.[Cl][Ir]([Cl])[Cl],CS(C)=O,CN(C)C=O,18000.0,445.0,99.5252456665039
CCN(CC)c1ccc2oc(=O)c(-c3nc4ccccc4s3)cc2c1,CC(=O)c1ccc(F)cc1Br,CCN(C(C)C)C(C)C,FC(F)(F)Oc1ccc(-c2nc3ccccc3s2)cc1,Cc1ccc(-c2ccc(C)cn2)nc1,O.[Cl][Ir]([Cl])[Cl],CS(C)=O,CN(C)C=O,18000.0,445.0,99.22785186767578
CCN(CC)c1ccc2oc(=O)c(-c3nc4ccccc4s3)cc2c1,CC(=O)c1ccc(F)cc1Br,CCN(C(C)C)C(C)C,c1ccc(Cc2ccccn2)cc1,c1ccc(-c2ccnc3c2ccc2c(-c4ccccc4)ccnc23)cc1,O.[Cl][Ir]([Cl])[Cl],CS(C)=O,CN(C)C=O,18000.0,445.0,99.87538146972656
CCN(CC)c1ccc2oc(=O)c(-c3nc4ccccc4s3)cc2c1,CC(=O)c1ccc(F)cc1Br,CCN(C(C)C)C(C)C,Cc1ccc(-c2ccc(F)c(C(F)(F)F)c2)nc1,CC(C)(O)Cc1ccc(-c2ccc(CC(C)(C)O)cn2)nc1,O.[Cl][Ir]([Cl])[Cl],CS(C)=O,CN(C)C=O,18000.0,445.0,89.2387466430664
CCN(CC)c1ccc2oc(=O)c(-c3nc4ccccc4s3)cc2c1,CC(=O)c1ccc(F)cc1Br,CCN(C(C)C)C(C)C,c1ccc(-c2nc3ccccc3s2)cc1,Cc1ccc2ccc3ccc(C)nc3c2n1,O.[Cl][Ir]([Cl])[Cl],CS(C)=O,CN(C)C=O,18000.0,445.0,98.84195709228516
CCN(CC)c1ccc2oc(=O)c(-c3nc4ccccc4s3)cc2c1,CC(=O)c1ccc(F)cc1Br,CCN(C(C)C)C(C)C,COc1cccc(-c2ccc(C)cn2)c1,Cc1cc(-c2ccccc2)c2ccc3c(-c4ccccc4)cc(C)nc3c2n1,O.[Cl][Ir]([Cl])[Cl],CS(C)=O,CN(C)C=O,18000.0,445.0,0.005350000225007534
CCN(CC)c1ccc2oc(=O)c(-c3nc4ccccc4s3)cc2c1,CC(=O)c1ccc(F)cc1Br,CCN(C(C)C)C(C)C,Cc1ccc(-c2ccc(N(c3ccccc3)c3ccccc3)cc2)nc1,c1ccc(-c2ccnc(-c3cc(-c4ccccc4)ccn3)c2)cc1,O.[Cl][Ir]([Cl])[Cl],CS(C)=O,CN(C)C=O,18000.0,445.0,35.971614837646484
CCN(CC)c1ccc2oc(=O)c(-c3nc4ccccc4s3)cc2c1,CC(=O)c1ccc(F)cc1Br,CCN(C(C)C)C(C)C,Fc1ccc(-c2nc3ccccc3o2)cc1,Cc1cnc2c(ccc3c(C)c(C)cnc32)c1C,O.[Cl][Ir]([Cl])[Cl],CS(C)=O,CN(C)C=O,18000.0,445.0,39.06618118286133
CCN(CC)c1ccc2oc(=O)c(-c3nc4ccccc4s3)cc2c1,CC(=O)c1ccc(F)cc1Br,CCN(C(C)C)C(C)C,c1ccc(-c2nc3ccccc3o2)cc1,CS(C)=O,O.[Cl][Ir]([Cl])[Cl],CS(C)=O,CN(C)C=O,18000.0,445.0,0.005350000225007534
CCN(CC)c1ccc2oc(=O)c(-c3nc4ccccc4s3)cc2c1,CC(=O)c1ccc(F)cc1Br,CCN(C(C)C)C(C)C,COc1ccc(-c2cc(-c3ccccc3)ccn2)cc1,CC(C)(C)c1ccnc(-c2cc(C(C)(C)C)ccn2)c1,O.[Cl][Ir]([Cl])[Cl],CS(C)=O,CN(C)C=O,18000.0,445.0,99.98658752441406
CCN(CC)c1ccc2oc(=O)c(-c3nc4ccccc4s3)cc2c1,CC(=O)c1ccc(F)cc1Br,CCN(C(C)C)C(C)C,c1ccc(-c2ccnc(-c3ccc4ccccc4c3)c2)cc1,Cc1cnc2c(ccc3c(C)c(C)cnc32)c1C,O.[Cl][Ir]([Cl])[Cl],CS(C)=O,CN(C)C=O,18000.0,445.0,85.20319366455078
CCN(CC)c1ccc2oc(=O)c(-c3nc4ccccc4s3)cc2c1,CC(=O)c1ccc(F)cc1Br,CCN(C(C)C)C(C)C,c1ccc(-c2ccnc(-c3ccc4ccccc4c3)c2)cc1,CC1(C)C(=O)C(C)(C)c2c1c1cccnc1c1ncccc21,O.[Cl][Ir]([Cl])[Cl],CS(C)=O,CN(C)C=O,18000.0,445.0,96.46984100341797
CCN(CC)c1ccc2oc(=O)c(-c3nc4ccccc4s3)cc2c1,CC(=O)c1ccc(F)cc1Br,CCN(C(C)C)C(C)C,COc1ccc(-c2ccc(C)cn2)cc1,O=C1c2cccnc2-c2ncccc21,O.[Cl][Ir]([Cl])[Cl],CS(C)=O,CN(C)C=O,18000.0,445.0,29.83445930480957
CCN(CC)c1ccc2oc(=O)c(-c3nc4ccccc4s3)cc2c1,CC(=O)c1ccc(F)cc1Br,CCN(C(C)C)C(C)C,COc1ccc(-c2nc3ccccc3s2)cc1,CS(C)=O,O.[Cl][Ir]([Cl])[Cl],CS(C)=O,CN(C)C=O,18000.0,445.0,0.005350000225007534
CCN(CC)c1ccc2oc(=O)c(-c3nc4ccccc4s3)cc2c1,CC(=O)c1ccc(F)cc1Br,CCN(C(C)C)C(C)C,Cc1ccc(-c2ccc(C#N)cc2)nc1,O=C1c2cccnc2-c2ncccc21,O.[Cl][Ir]([Cl])[Cl],CS(C)=O,CN(C)C=O,18000.0,445.0,0.005350000225007534
CCN(CC)c1ccc2oc(=O)c(-c3nc4ccccc4s3)cc2c1,CC(=O)c1ccc(F)cc1Br,CCN(C(C)C)C(C)C,COc1ccc(-c2ccc(C)cn2)cc1,Cc1cccc(-c2cccc(C)n2)n1,O.[Cl][Ir]([Cl])[Cl],CS(C)=O,CN(C)C=O,18000.0,445.0,0.005350000225007534
CCN(CC)c1ccc2oc(=O)c(-c3nc4ccccc4s3)cc2c1,CC(=O)c1ccc(F)cc1Br,CCN(C(C)C)C(C)C,Cc1ccc(-c2ccc(S(C)(=O)=O)cc2)nc1,c1ccc(-c2ccnc3c2ccc2c(-c4ccccc4)ccnc23)cc1,O.[Cl][Ir]([Cl])[Cl],CS(C)=O,CN(C)C=O,18000.0,445.0,99.95206451416016
CCN(CC)c1ccc2oc(=O)c(-c3nc4ccccc4s3)cc2c1,CC(=O)c1ccc(F)cc1Br,CCN(C(C)C)C(C)C,c1ccc2c(c1)ccc1cccnc12,Cc1cc(-c2ccccc2)c2ccc3c(-c4ccccc4)cc(C)nc3c2n1,O.[Cl][Ir]([Cl])[Cl],CS(C)=O,CN(C)C=O,18000.0,445.0,98.3681869506836
CCN(CC)c1ccc2oc(=O)c(-c3nc4ccccc4s3)cc2c1,CC(=O)c1ccc(F)cc1Br,CCN(C(C)C)C(C)C,Cc1cnc(-c2ccccc2)cc1-c1ccccc1,c1ccc(-c2ccnc(-c3cc(-c4ccccc4)ccn3)c2)cc1,O.[Cl][Ir]([Cl])[Cl],CS(C)=O,CN(C)C=O,18000.0,445.0,95.70247650146484
CCN(CC)c1ccc2oc(=O)c(-c3nc4ccccc4s3)cc2c1,CC(=O)c1ccc(F)cc1Br,CCN(C(C)C)C(C)C,FC(F)(F)c1ccc(-c2nc3ccccc3o2)cc1,O=C(O)c1ccnc(-c2cc(C(=O)O)ccn2)c1,O.[Cl][Ir]([Cl])[Cl],CS(C)=O,CN(C)C=O,18000.0,445.0,99.5252456665039
CCN(CC)c1ccc2oc(=O)c(-c3nc4ccccc4s3)cc2c1,CC(=O)c1ccc(F)cc1Br,CCN(C(C)C)C(C)C,Cc1ccc(-c2ccccc2)nc1,CCCCCCCCCc1ccnc(-c2cc(CCCCCCCCC)ccn2)c1,O.[Cl][Ir]([Cl])[Cl],CS(C)=O,CN(C)C=O,18000.0,445.0,99.73799896240234
CCN(CC)c1ccc2oc(=O)c(-c3nc4ccccc4s3)cc2c1,CC(=O)c1ccc(F)cc1Br,CCN(C(C)C)C(C)C,COc1ccc(-c2cc(-c3ccccc3)c(C)cn2)cc1,CC(C)(C)c1ccnc(-c2cc(C(C)(C)C)ccn2)c1,O.[Cl][Ir]([Cl])[Cl],CS(C)=O,CN(C)C=O,18000.0,445.0,99.87538146972656
CCN(CC)c1ccc2oc(=O)c(-c3nc4ccccc4s3)cc2c1,CC(=O)c1ccc(F)cc1Br,CCN(C(C)C)C(C)C,Cc1ccc(-c2ccc(N(c3ccccc3)c3ccccc3)cc2)nc1,Cc1cnc2c(ccc3c(C)c(C)cnc32)c1C,O.[Cl][Ir]([Cl])[Cl],CS(C)=O,CN(C)C=O,18000.0,445.0,89.2387466430664
CCN(CC)c1ccc2oc(=O)c(-c3nc4ccccc4s3)cc2c1,CC(=O)c1ccc(F)cc1Br,CCN(C(C)C)C(C)C,c1ccc2cc(-c3nc4ccccc4o3)ccc2c1,c1cnc2c(c1)ccc1cccnc12,O.[Cl][Ir]([Cl])[Cl],CS(C)=O,CN(C)C=O,18000.0,445.0,93.1097412109375
CCN(CC)c1ccc2oc(=O)c(-c3nc4ccccc4s3)cc2c1,CC(=O)c1ccc(F)cc1Br,CCN(C(C)C)C(C)C,c1ccc(-c2ccc(-c3cc(-c4ccccc4)ccn3)cc2)cc1,c1ccc2nc(-c3ccc4ccccc4n3)ccc2c1,O.[Cl][Ir]([Cl])[Cl],CS(C)=O,CN(C)C=O,18000.0,445.0,0.005350000225007534
CCN(CC)c1ccc2oc(=O)c(-c3nc4ccccc4s3)cc2c1,CC(=O)c1ccc(F)cc1Br,CCN(C(C)C)C(C)C,Cc1ccc(-c2ccc(Cl)cc2)nc1,CCCCCCCCCc1ccnc(-c2cc(CCCCCCCCC)ccn2)c1,O.[Cl][Ir]([Cl])[Cl],CS(C)=O,CN(C)C=O,18000.0,445.0,91.21280670166016
CCN(CC)c1ccc2oc(=O)c(-c3nc4ccccc4s3)cc2c1,CC(=O)c1ccc(F)cc1Br,CCN(C(C)C)C(C)C,Cc1ccc(-c2cccc(C#N)c2)nc1,Cc1ccnc2c1ccc1c(C)ccnc12,O.[Cl][Ir]([Cl])[Cl],CS(C)=O,CN(C)C=O,18000.0,445.0,62.195796966552734
CCN(CC)c1ccc2oc(=O)c(-c3nc4ccccc4s3)cc2c1,CC(=O)c1ccc(F)cc1Br,CCN(C(C)C)C(C)C,COc1ccc(-c2nc3ccccc3s2)cc1,c1ccc(-c2ccnc(-c3cc(-c4ccccc4)ccn3)c2)cc1,O.[Cl][Ir]([Cl])[Cl],CS(C)=O,CN(C)C=O,18000.0,445.0,99.87538146972656
CCN(CC)c1ccc2oc(=O)c(-c3nc4ccccc4s3)cc2c1,CC(=O)c1ccc(F)cc1Br,CCN(C(C)C)C(C)C,c1ccc(-c2ccc(-c3cc(-c4ccccc4)ccn3)cc2)cc1,O=C1c2cccnc2-c2ncccc21,O.[Cl][Ir]([Cl])[Cl],CS(C)=O,CN(C)C=O,18000.0,445.0,51.0
CCN(CC)c1ccc2oc(=O)c(-c3nc4ccccc4s3)cc2c1,CC(=O)c1ccc(F)cc1Br,CCN(C(C)C)C(C)C,c1ccc(Cc2ccccn2)cc1,Cc1ccnc2c1ccc1c(C)ccnc12,O.[Cl][Ir]([Cl])[Cl],CS(C)=O,CN(C)C=O,18000.0,445.0,63.55833435058594
CCN(CC)c1ccc2oc(=O)c(-c3nc4ccccc4s3)cc2c1,CC(=O)c1ccc(F)cc1Br,CCN(C(C)C)C(C)C,Cc1ccc(-c2ccc(N(c3ccccc3)c3ccccc3)cc2)nc1,O=C1c2cccnc2-c2ncccc21,O.[Cl][Ir]([Cl])[Cl],CS(C)=O,CN(C)C=O,18000.0,445.0,42.39490509033203
CCN(CC)c1ccc2oc(=O)c(-c3nc4ccccc4s3)cc2c1,CC(=O)c1ccc(F)cc1Br,CCN(C(C)C)C(C)C,Cc1ccc(-c2ccc(-c3ccccc3)cc2)nc1,c1cnc2c(c1)ccc1cccnc12,O.[Cl][Ir]([Cl])[Cl],CS(C)=O,CN(C)C=O,18000.0,445.0,99.87538146972656
CCN(CC)c1ccc2oc(=O)c(-c3nc4ccccc4s3)cc2c1,CC(=O)c1ccc(F)cc1Br,CCN(C(C)C)C(C)C,Fc1ccc(-c2ccccn2)cc1,c1ccc(-c2ccccn2)nc1,O.[Cl][Ir]([Cl])[Cl],CS(C)=O,CN(C)C=O,18000.0,445.0,93.1097412109375
CCN(CC)c1ccc2oc(=O)c(-c3nc4ccccc4s3)cc2c1,CC(=O)c1ccc(F)cc1Br,CCN(C(C)C)C(C)C,Fc1ccc(-c2nc3ccccc3o2)cc1,c1ccc(-c2ccccn2)nc1,O.[Cl][Ir]([Cl])[Cl],CS(C)=O,CN(C)C=O,18000.0,445.0,74.63568115234375
CCN(CC)c1ccc2oc(=O)c(-c3nc4ccccc4s3)cc2c1,CC(=O)c1ccc(F)cc1Br,CCN(C(C)C)C(C)C,Cc1ccc(-c2ccc(S(C)(=O)=O)cc2)nc1,CS(C)=O,O.[Cl][Ir]([Cl])[Cl],CS(C)=O,CN(C)C=O,18000.0,445.0,38.244873046875
CCN(CC)c1ccc2oc(=O)c(-c3nc4ccccc4s3)cc2c1,CC(=O)c1ccc(F)cc1Br,CCN(C(C)C)C(C)C,c1ccc(-n2cccn2)cc1,c1ccc(-c2ccnc3c2ccc2c(-c4ccccc4)ccnc23)cc1,O.[Cl][Ir]([Cl])[Cl],CS(C)=O,CN(C)C=O,18000.0,445.0,99.87538146972656
CCN(CC)c1ccc2oc(=O)c(-c3nc4ccccc4s3)cc2c1,CC(=O)c1ccc(F)cc1Br,CCN(C(C)C)C(C)C,COc1cccc(-c2ccc(C)cn2)c1,Cc1cnc2c(ccc3c(C)c(C)cnc32)c1C,O.[Cl][Ir]([Cl])[Cl],CS(C)=O,CN(C)C=O,18000.0,445.0,34.81950759887695
CCN(CC)c1ccc2oc(=O)c(-c3nc4ccccc4s3)cc2c1,CC(=O)c1ccc(F)cc1Br,CCN(C(C)C)C(C)C,Cc1ccc(-c2ccc3ccccc3c2)nc1,c1ccc2nc(-c3ccc4ccccc4n3)ccc2c1,O.[Cl][Ir]([Cl])[Cl],CS(C)=O,CN(C)C=O,18000.0,445.0,0.005350000225007534
CCN(CC)c1ccc2oc(=O)c(-c3nc4ccccc4s3)cc2c1,CC(=O)c1ccc(F)cc1Br,CCN(C(C)C)C(C)C,COc1cccc(-c2ccc(C)cn2)c1,c1ccc2nc(-c3ccc4ccccc4n3)ccc2c1,O.[Cl][Ir]([Cl])[Cl],CS(C)=O,CN(C)C=O,18000.0,445.0,0.005350000225007534
CCN(CC)c1ccc2oc(=O)c(-c3nc4ccccc4s3)cc2c1,CC(=O)c1ccc(F)cc1Br,CCN(C(C)C)C(C)C,c1ccc2c(c1)ccc1cccnc12,Cc1cnc2c(ccc3c(C)c(C)cnc32)c1C,O.[Cl][Ir]([Cl])[Cl],CS(C)=O,CN(C)C=O,18000.0,445.0,93.1097412109375
CCN(CC)c1ccc2oc(=O)c(-c3nc4ccccc4s3)cc2c1,CC(=O)c1ccc(F)cc1Br,CCN(C(C)C)C(C)C,Cc1ccc(-c2ccc(C#N)cc2)nc1,Cc1ccnc2c1ccc1c(C)ccnc12,O.[Cl][Ir]([Cl])[Cl],CS(C)=O,CN(C)C=O,18000.0,445.0,96.46984100341797
CCN(CC)c1ccc2oc(=O)c(-c3nc4ccccc4s3)cc2c1,CC(=O)c1ccc(F)cc1Br,CCN(C(C)C)C(C)C,CCc1ccc(-c2ccccc2)nc1,c1ccc(-c2ccnc(-c3cc(-c4ccccc4)ccn3)c2)cc1,O.[Cl][Ir]([Cl])[Cl],CS(C)=O,CN(C)C=O,18000.0,445.0,94.88140869140625
CCN(CC)c1ccc2oc(=O)c(-c3nc4ccccc4s3)cc2c1,CC(=O)c1ccc(F)cc1Br,CCN(C(C)C)C(C)C,c1ccc(-c2nc3ccccc3s2)cc1,c1cnc2c(c1)ccc1cccnc12,O.[Cl][Ir]([Cl])[Cl],CS(C)=O,CN(C)C=O,18000.0,445.0,85.20319366455078
CCN(CC)c1ccc2oc(=O)c(-c3nc4ccccc4s3)cc2c1,CC(=O)c1ccc(F)cc1Br,CCN(C(C)C)C(C)C,Cc1ccc(-c2ccc(OC(F)(F)F)cc2)nc1,O=C(O)c1ccnc(-c2cc(C(=O)O)ccn2)c1,O.[Cl][Ir]([Cl])[Cl],CS(C)=O,CN(C)C=O,18000.0,445.0,99.22785186767578
CCN(CC)c1ccc2oc(=O)c(-c3nc4ccccc4s3)cc2c1,CC(=O)c1ccc(F)cc1Br,CCN(C(C)C)C(C)C,Cc1ccc(-c2ccccc2)nc1,O=C1C(=O)c2cccnc2-c2ncccc21,O.[Cl][Ir]([Cl])[Cl],CS(C)=O,CN(C)C=O,18000.0,445.0,55.54198455810547
CCN(CC)c1ccc2oc(=O)c(-c3nc4ccccc4s3)cc2c1,CC(=O)c1ccc(F)cc1Br,CCN(C(C)C)C(C)C,COc1cccc(-c2cc(-c3ccccc3)c(C)cn2)c1,O=C1c2cccnc2-c2ncccc21,O.[Cl][Ir]([Cl])[Cl],CS(C)=O,CN(C)C=O,18000.0,445.0,0.005350000225007534
CCN(CC)c1ccc2oc(=O)c(-c3nc4ccccc4s3)cc2c1,CC(=O)c1ccc(F)cc1Br,CCN(C(C)C)C(C)C,COc1ccc(-c2nc3ccccc3s2)cc1,c1ccc2nc(-c3ccc4ccccc4n3)ccc2c1,O.[Cl][Ir]([Cl])[Cl],CS(C)=O,CN(C)C=O,18000.0,445.0,0.005350000225007534
CCN(CC)c1ccc2oc(=O)c(-c3nc4ccccc4s3)cc2c1,CC(=O)c1ccc(F)cc1Br,CCN(C(C)C)C(C)C,Cc1ccc(-c2cccc(F)c2)nc1,Cc1cccc(-c2cccc(C)n2)n1,O.[Cl][Ir]([Cl])[Cl],CS(C)=O,CN(C)C=O,18000.0,445.0,0.005350000225007534
CCN(CC)c1ccc2oc(=O)c(-c3nc4ccccc4s3)cc2c1,CC(=O)c1ccc(F)cc1Br,CCN(C(C)C)C(C)C,FC(F)(F)c1ccc(-c2nc3ccccc3s2)cc1,Cc1cc2cccnc2c2ncccc12,O.[Cl][Ir]([Cl])[Cl],CS(C)=O,CN(C)C=O,18000.0,445.0,99.87538146972656
CCN(CC)c1ccc2oc(=O)c(-c3nc4ccccc4s3)cc2c1,CC(=O)c1ccc(F)cc1Br,CCN(C(C)C)C(C)C,c1ccc(-c2ccccn2)cc1,Cc1cc2cccnc2c2ncccc12,O.[Cl][Ir]([Cl])[Cl],CS(C)=O,CN(C)C=O,18000.0,445.0,98.3681869506836
CCN(CC)c1ccc2oc(=O)c(-c3nc4ccccc4s3)cc2c1,CC(=O)c1ccc(F)cc1Br,CCN(C(C)C)C(C)C,c1ccc2cc(-c3nc4ccccc4o3)ccc2c1,Cc1ccnc2c1ccc1c(C)ccnc12,O.[Cl][Ir]([Cl])[Cl],CS(C)=O,CN(C)C=O,18000.0,445.0,96.46984100341797
CCN(CC)c1ccc2oc(=O)c(-c3nc4ccccc4s3)cc2c1,CC(=O)c1ccc(F)cc1Br,CCN(C(C)C)C(C)C,Cc1ccc(-c2nc3ccccc3o2)cc1,CCCCCCCCCc1ccnc(-c2cc(CCCCCCCCC)ccn2)c1,O.[Cl][Ir]([Cl])[Cl],CS(C)=O,CN(C)C=O,18000.0,445.0,99.5252456665039
CCN(CC)c1ccc2oc(=O)c(-c3nc4ccccc4s3)cc2c1,CC(=O)c1ccc(F)cc1Br,CCN(C(C)C)C(C)C,Cc1ccc(-c2ccc(OC(F)(F)F)cc2)nc1,Cc1cnc2c(ccc3c(C)c(C)cnc32)c1C,O.[Cl][Ir]([Cl])[Cl],CS(C)=O,CN(C)C=O,18000.0,445.0,68.74748992919922
CCN(CC)c1ccc2oc(=O)c(-c3nc4ccccc4s3)cc2c1,CC(=O)c1ccc(F)cc1Br,CCN(C(C)C)C(C)C,Cc1ccc(-c2ccc(F)c(C(F)(F)F)c2)nc1,Cc1cccc(-c2cccc(C)n2)n1,O.[Cl][Ir]([Cl])[Cl],CS(C)=O,CN(C)C=O,18000.0,445.0,0.005350000225007534
CCN(CC)c1ccc2oc(=O)c(-c3nc4ccccc4s3)cc2c1,CC(=O)c1ccc(F)cc1Br,CCN(C(C)C)C(C)C,FC(F)(F)c1ccc(-c2nc3ccccc3s2)cc1,O=C(O)c1ccnc(-c2cc(C(=O)O)ccn2)c1,O.[Cl][Ir]([Cl])[Cl],CS(C)=O,CN(C)C=O,18000.0,445.0,97.17524719238281
CCN(CC)c1ccc2oc(=O)c(-c3nc4ccccc4s3)cc2c1,CC(=O)c1ccc(F)cc1Br,CCN(C(C)C)C(C)C,Cc1ccc(-c2ccccc2)nc1,Cc1ccnc2c1ccc1cccnc12,O.[Cl][Ir]([Cl])[Cl],CS(C)=O,CN(C)C=O,18000.0,445.0,94.0146484375
CCN(CC)c1ccc2oc(=O)c(-c3nc4ccccc4s3)cc2c1,CC(=O)c1ccc(F)cc1Br,CCN(C(C)C)C(C)C,COc1ccc(-c2cc(-c3ccccc3)c(C)cn2)cc1,c1ccc2nc(-c3ccc4ccccc4n3)ccc2c1,O.[Cl][Ir]([Cl])[Cl],CS(C)=O,CN(C)C=O,18000.0,445.0,0.005350000225007534
CCN(CC)c1ccc2oc(=O)c(-c3nc4ccccc4s3)cc2c1,CC(=O)c1ccc(F)cc1Br,CCN(C(C)C)C(C)C,Cc1cnc(-c2ccccc2)cc1-c1ccccc1,Cc1ccnc2c1ccc1cccnc12,O.[Cl][Ir]([Cl])[Cl],CS(C)=O,CN(C)C=O,18000.0,445.0,84.19541931152344
CCN(CC)c1ccc2oc(=O)c(-c3nc4ccccc4s3)cc2c1,CC(=O)c1ccc(F)cc1Br,CCN(C(C)C)C(C)C,Cc1ccc(-c2ccccc2)nc1,c1ccc(-c2ccnc3c2ccc2c(-c4ccccc4)ccnc23)cc1,O.[Cl][Ir]([Cl])[Cl],CS(C)=O,CN(C)C=O,18000.0,445.0,99.95206451416016
CCN(CC)c1ccc2oc(=O)c(-c3nc4ccccc4s3)cc2c1,CC(=O)c1ccc(F)cc1Br,CCN(C(C)C)C(C)C,CCc1ccc(-c2cccc(OC)c2)nc1,Cc1ccnc(-c2cc(C)ccn2)c1,O.[Cl][Ir]([Cl])[Cl],CS(C)=O,CN(C)C=O,18000.0,445.0,0.005350000225007534
CCN(CC)c1ccc2oc(=O)c(-c3nc4ccccc4s3)cc2c1,CC(=O)c1ccc(F)cc1Br,CCN(C(C)C)C(C)C,c1ccc(-c2ccnc(-c3ccc(N4CCCC4)cc3)c2)cc1,O=C(O)c1ccnc(-c2cc(C(=O)O)ccn2)c1,O.[Cl][Ir]([Cl])[Cl],CS(C)=O,CN(C)C=O,18000.0,445.0,90.23280334472656
CCN(CC)c1ccc2oc(=O)c(-c3nc4ccccc4s3)cc2c1,CC(=O)c1ccc(F)cc1Br,CCN(C(C)C)C(C)C,Cc1ccc(-c2ccc(C#N)cc2)nc1,Cc1cnc2c(ccc3c(C)c(C)cnc32)c1C,O.[Cl][Ir]([Cl])[Cl],CS(C)=O,CN(C)C=O,18000.0,445.0,77.37570190429688
CCN(CC)c1ccc2oc(=O)c(-c3nc4ccccc4s3)cc2c1,CC(=O)c1ccc(F)cc1Br,CCN(C(C)C)C(C)C,FC(F)(F)Oc1ccc(-c2nc3ccccc3s2)cc1,CS(C)=O,O.[Cl][Ir]([Cl])[Cl],CS(C)=O,CN(C)C=O,18000.0,445.0,0.005350000225007534
CCN(CC)c1ccc2oc(=O)c(-c3nc4ccccc4s3)cc2c1,CC(=O)c1ccc(F)cc1Br,CCN(C(C)C)C(C)C,c1ccc(-c2ccnc(-c3ccc(N4CCCC4)cc3)c2)cc1,CCCCCCCCCc1ccnc(-c2cc(CCCCCCCCC)ccn2)c1,O.[Cl][Ir]([Cl])[Cl],CS(C)=O,CN(C)C=O,18000.0,445.0,94.0146484375
CCN(CC)c1ccc2oc(=O)c(-c3nc4ccccc4s3)cc2c1,CC(=O)c1ccc(F)cc1Br,CCN(C(C)C)C(C)C,c1ccc(-c2ccnc(-c3ccc4ccccc4c3)c2)cc1,Cc1cccc(-c2cccc(C)n2)n1,O.[Cl][Ir]([Cl])[Cl],CS(C)=O,CN(C)C=O,18000.0,445.0,45.18123245239258
CCN(CC)c1ccc2oc(=O)c(-c3nc4ccccc4s3)cc2c1,CC(=O)c1ccc(F)cc1Br,CCN(C(C)C)C(C)C,COc1cccc(-c2ccc(C)cn2)c1,c1ccc(-c2ccnc(-c3cc(-c4ccccc4)ccn3)c2)cc1,O.[Cl][Ir]([Cl])[Cl],CS(C)=O,CN(C)C=O,18000.0,445.0,0.005350000225007534
CCN(CC)c1ccc2oc(=O)c(-c3nc4ccccc4s3)cc2c1,CC(=O)c1ccc(F)cc1Br,CCN(C(C)C)C(C)C,FC(F)(F)Oc1ccc(-c2nc3ccccc3s2)cc1,COc1ccnc(-c2cc(OC)ccn2)c1,O.[Cl][Ir]([Cl])[Cl],CS(C)=O,CN(C)C=O,18000.0,445.0,99.98658752441406
CCN(CC)c1ccc2oc(=O)c(-c3nc4ccccc4s3)cc2c1,CC(=O)c1ccc(F)cc1Br,CCN(C(C)C)C(C)C,Clc1ccc(-c2nc3ccccc3o2)cc1,CC(C)(O)Cc1ccc(-c2ccc(CC(C)(C)O)cn2)nc1,O.[Cl][Ir]([Cl])[Cl],CS(C)=O,CN(C)C=O,18000.0,445.0,90.23280334472656
CCN(CC)c1ccc2oc(=O)c(-c3nc4ccccc4s3)cc2c1,CC(=O)c1ccc(F)cc1Br,CCN(C(C)C)C(C)C,c1ccc(-c2ccnc(-c3ccc4ccccc4c3)c2)cc1,FC(F)(F)c1ccc(-c2ccc(C(F)(F)F)cn2)nc1,O.[Cl][Ir]([Cl])[Cl],CS(C)=O,CN(C)C=O,18000.0,445.0,0.005350000225007534
CCN(CC)c1ccc2oc(=O)c(-c3nc4ccccc4s3)cc2c1,CC(=O)c1ccc(F)cc1Br,CCN(C(C)C)C(C)C,Cc1ccc(-c2ccc(C)cn2)cc1,Cc1ccc(-c2ccc(C)cn2)nc1,O.[Cl][Ir]([Cl])[Cl],CS(C)=O,CN(C)C=O,18000.0,445.0,93.1097412109375
CCN(CC)c1ccc2oc(=O)c(-c3nc4ccccc4s3)cc2c1,CC(=O)c1ccc(F)cc1Br,CCN(C(C)C)C(C)C,COc1ccc(-c2cc(-c3ccccc3)c(C)cn2)cc1,Cc1ccc(-c2ccc(C)cn2)nc1,O.[Cl][Ir]([Cl])[Cl],CS(C)=O,CN(C)C=O,18000.0,445.0,99.87538146972656
CCN(CC)c1ccc2oc(=O)c(-c3nc4ccccc4s3)cc2c1,CC(=O)c1ccc(F)cc1Br,CCN(C(C)C)C(C)C,c1ccc2cc(-c3nc4ccccc4o3)ccc2c1,Cc1cc(-c2ccccc2)c2ccc3c(-c4ccccc4)cc(C)nc3c2n1,O.[Cl][Ir]([Cl])[Cl],CS(C)=O,CN(C)C=O,18000.0,445.0,90.23280334472656
CCN(CC)c1ccc2oc(=O)c(-c3nc4ccccc4s3)cc2c1,CC(=O)c1ccc(F)cc1Br,CCN(C(C)C)C(C)C,c1ccc(-c2nc3ccccc3o2)cc1,c1cnc2c(c1)ccc1cccnc12,O.[Cl][Ir]([Cl])[Cl],CS(C)=O,CN(C)C=O,18000.0,445.0,81.21128845214844
CCN(CC)c1ccc2oc(=O)c(-c3nc4ccccc4s3)cc2c1,CC(=O)c1ccc(F)cc1Br,CCN(C(C)C)C(C)C,Clc1ccc(-c2nc3ccccc3o2)cc1,c1ccc(-c2ccnc3c2ccc2c(-c4ccccc4)ccnc23)cc1,O.[Cl][Ir]([Cl])[Cl],CS(C)=O,CN(C)C=O,18000.0,445.0,94.88140869140625
CCN(CC)c1ccc2oc(=O)c(-c3nc4ccccc4s3)cc2c1,CC(=O)c1ccc(F)cc1Br,CCN(C(C)C)C(C)C,Clc1ccc(-c2nc3ccccc3o2)cc1,CC1(C)C(=O)C(C)(C)c2c1c1cccnc1c1ncccc21,O.[Cl][Ir]([Cl])[Cl],CS(C)=O,CN(C)C=O,18000.0,445.0,41.749446868896484
CCN(CC)c1ccc2oc(=O)c(-c3nc4ccccc4s3)cc2c1,CC(=O)c1ccc(F)cc1Br,CCN(C(C)C)C(C)C,COc1cccc(-c2cc(-c3ccccc3)ccn2)c1,Cc1ccnc2c1ccc1c(C)ccnc12,O.[Cl][Ir]([Cl])[Cl],CS(C)=O,CN(C)C=O,18000.0,445.0,0.005350000225007534
CCN(CC)c1ccc2oc(=O)c(-c3nc4ccccc4s3)cc2c1,CC(=O)c1ccc(F)cc1Br,CCN(C(C)C)C(C)C,Cc1ccc(-c2ccc(C)cn2)cc1,O=C(O)c1ccnc(-c2cc(C(=O)O)ccn2)c1,O.[Cl][Ir]([Cl])[Cl],CS(C)=O,CN(C)C=O,18000.0,445.0,99.87538146972656
CCN(CC)c1ccc2oc(=O)c(-c3nc4ccccc4s3)cc2c1,CC(=O)c1ccc(F)cc1Br,CCN(C(C)C)C(C)C,CCc1ccc(-c2ccc(Cl)cc2)nc1,CCCCCCCCCc1ccnc(-c2cc(CCCCCCCCC)ccn2)c1,O.[Cl][Ir]([Cl])[Cl],CS(C)=O,CN(C)C=O,18000.0,445.0,96.46984100341797
CCN(CC)c1ccc2oc(=O)c(-c3nc4ccccc4s3)cc2c1,CC(=O)c1ccc(F)cc1Br,CCN(C(C)C)C(C)C,COc1ccc(-c2cc(-c3ccccc3)c(C)cn2)cc1,Cc1ccc2ccc3ccc(C)nc3c2n1,O.[Cl][Ir]([Cl])[Cl],CS(C)=O,CN(C)C=O,18000.0,445.0,98.84195709228516
CCN(CC)c1ccc2oc(=O)c(-c3nc4ccccc4s3)cc2c1,CC(=O)c1ccc(F)cc1Br,CCN(C(C)C)C(C)C,Fc1ccc(-c2cc(-c3ccccc3)ccn2)cc1,Cc1ccc2ccc3ccc(C)nc3c2n1,O.[Cl][Ir]([Cl])[Cl],CS(C)=O,CN(C)C=O,18000.0,445.0,99.87538146972656
CCN(CC)c1ccc2oc(=O)c(-c3nc4ccccc4s3)cc2c1,CC(=O)c1ccc(F)cc1Br,CCN(C(C)C)C(C)C,Cc1ccc(-c2ccc(OC(F)(F)F)cc2)nc1,Cc1ccc2ccc3ccc(C)nc3c2n1,O.[Cl][Ir]([Cl])[Cl],CS(C)=O,CN(C)C=O,18000.0,445.0,63.55833435058594
CCN(CC)c1ccc2oc(=O)c(-c3nc4ccccc4s3)cc2c1,CC(=O)c1ccc(F)cc1Br,CCN(C(C)C)C(C)C,c1ccc(-c2ccc(-c3cc(-c4ccccc4)ccn3)cc2)cc1,c1ccc(-c2ccnc3c2ccc2c(-c4ccccc4)ccnc23)cc1,O.[Cl][Ir]([Cl])[Cl],CS(C)=O,CN(C)C=O,18000.0,445.0,99.99774932861328
CCN(CC)c1ccc2oc(=O)c(-c3nc4ccccc4s3)cc2c1,CC(=O)c1ccc(F)cc1Br,CCN(C(C)C)C(C)C,CCc1ccc(-c2ccc(Cl)cc2)nc1,Cc1ccc2ccc3ccc(C)nc3c2n1,O.[Cl][Ir]([Cl])[Cl],CS(C)=O,CN(C)C=O,18000.0,445.0,77.37570190429688
CCN(CC)c1ccc2oc(=O)c(-c3nc4ccccc4s3)cc2c1,CC(=O)c1ccc(F)cc1Br,CCN(C(C)C)C(C)C,c1ccc(Cc2ccccn2)cc1,CC(C)(O)Cc1ccc(-c2ccc(CC(C)(C)O)cn2)nc1,O.[Cl][Ir]([Cl])[Cl],CS(C)=O,CN(C)C=O,18000.0,445.0,95.70247650146484
CCN(CC)c1ccc2oc(=O)c(-c3nc4ccccc4s3)cc2c1,CC(=O)c1ccc(F)cc1Br,CCN(C(C)C)C(C)C,Cc1ccc(-c2ccc(F)cc2F)nc1,c1ccc2nc(-c3ccc4ccccc4n3)ccc2c1,O.[Cl][Ir]([Cl])[Cl],CS(C)=O,CN(C)C=O,18000.0,445.0,0.005350000225007534
CCN(CC)c1ccc2oc(=O)c(-c3nc4ccccc4s3)cc2c1,CC(=O)c1ccc(F)cc1Br,CCN(C(C)C)C(C)C,Cc1ccc(-c2ccc(F)cc2)nc1,c1ccc(-c2ccccn2)nc1,O.[Cl][Ir]([Cl])[Cl],CS(C)=O,CN(C)C=O,18000.0,445.0,94.0146484375
CCN(CC)c1ccc2oc(=O)c(-c3nc4ccccc4s3)cc2c1,CC(=O)c1ccc(F)cc1Br,CCN(C(C)C)C(C)C,Cc1ccc(-c2ccc(C#N)cc2)nc1,COc1ccnc(-c2cc(OC)ccn2)c1,O.[Cl][Ir]([Cl])[Cl],CS(C)=O,CN(C)C=O,18000.0,445.0,91.21280670166016
