csv_row_number,reaction_key,physical_dataset_id,source_row_index,label_decision_id
2,ord_dataset-1ec2807f02fa4beda27d2a81b86eb843:ord-000e80bdb42c48e88beade3d2fe11029,ord_dataset-1ec2807f02fa4beda27d2a81b86eb843,1134,7f3ab6935f0109c7c7946a7209d9491edafc226f256d9de2e7c2a97c74f2db6c
3,ord_dataset-1ec2807f02fa4beda27d2a81b86eb843:ord-000f15be530f4027851b8ea96a9e20af,ord_dataset-1ec2807f02fa4beda27d2a81b86eb843,508,06a22ad38d14b1cd963bd1234e322734b88351d9ced0914d7128f0c6d3f94722
4,ord_dataset-1ec2807f02fa4beda27d2a81b86eb843:ord-0036b6b4812943b8a1db1eae930faa79,ord_dataset-1ec2807f02fa4beda27d2a81b86eb843,276,767baacc143eecf175c4da61df3b34a6554420fa00e23d6eb6605b58301c772d
5,ord_dataset-1ec2807f02fa4beda27d2a81b86eb843:ord-0070e917620b416c966ccf2a5a52f287,ord_dataset-1ec2807f02fa4beda27d2a81b86eb843,225,273da85f786fafb1223ad8362b4b34c56f8aa79c75b1831df5f48a4640461ca5
6,ord_dataset-1ec2807f02fa4beda27d2a81b86eb843:ord-0090aa6c587c4a1598e848d1d48e2e19,ord_dataset-1ec2807f02fa4beda27d2a81b86eb843,628,f52c06dd0c1efa510e0b5b0c4004047f25a7968690f1a3a1c4863574b25c5672
7,ord_dataset-1ec2807f02fa4beda27d2a81b86eb843:ord-009a95f3ce734094a1d7e80e1764403a,ord_dataset-1ec2807f02fa4beda27d2a81b86eb843,616,7dc8d24fc8799674129d05b4934906ee0269ef410b09cf9160159eea38b4e49d
8,ord_dataset-1ec2807f02fa4beda27d2a81b86eb843:ord-016fe42c94304b59b2d6d860693b693a,ord_dataset-1ec2807f02fa4beda27d2a81b86eb843,709,c0028e18c533b0fc7dec3345203af67ed842d523780abd2e4206e5855a93a56f
9,ord_dataset-1ec2807f02fa4beda27d2a81b86eb843:ord-01a25fdf530841dfbe82628c5806f935,ord_dataset-1ec2807f02fa4beda27d2a81b86eb843,744,c8ac2eecafe84675823da30eac916f690627e3de4480a553b57285359e7de9f7
10,ord_dataset-1ec2807f02fa4beda27d2a81b86eb843:ord-01abe853fd9b4342af4f3a99baa62152,ord_dataset-1ec2807f02fa4beda27d2a81b86eb843,877,80b8a3ad5788fc6ccad18b7f949ddb6319ce71fdd0b59e5190a1975290ad7725
11,ord_dataset-1ec2807f02fa4beda27d2a81b86eb843:ord-02256eeb4aa749ab932dcfdb38687f7f,ord_dataset-1ec2807f02fa4beda27d2a81b86eb843,47,d57c1158d70faf72e5ecd67e31df914b496db005ac2185133f6c90bc533a7f9c
12,ord_dataset-1ec2807f02fa4beda27d2a81b86eb843:ord-027ecf159a904be5b3fa4dbc5e9168af,ord_dataset-1ec2807f02fa4beda27d2a81b86eb843,264,943c565c39f767ad71cb808b53c08f9587f1d83786518c877fa7c7d568039823
13,ord_dataset-1ec2807f02fa4beda27d2a81b86eb843:ord-02918ebc574b40af89cec1698caebdf2,ord_dataset-1ec2807f02fa4beda27d2a81b86eb843,178,ee357d80992a08921ab4eee6581ce4e13e3d072d068d07e6cd4884a40a5c1ee6
14,ord_dataset-1ec2807f02fa4beda27d2a81b86eb843:ord-02a20adbf315441785e719e2d74b6b05,ord_dataset-1ec2807f02fa4beda27d2a81b86eb843,851,9bcf47c3040d0710dc0e42b0b4ed745084c79d9c17816d42a00141ad4f2aae10
15,ord_dataset-1ec2807f02fa4beda27d2a81b86eb843:ord-02af62e3932f4f8f88cbc78db11d8a5b,ord_dataset-1ec2807f02fa4beda27d2a81b86eb843,75,f67abf94125a82da021563eb9005005ea00d4420db15c50baf3e40c8a70b950a
16,ord_dataset-1ec2807f02fa4beda27d2a81b86eb843:ord-02cd446496e24ea693666faa17ba3766,ord_dataset-1ec2807f02fa4beda27d2a81b86eb843,610,b60520b556e8f233372c96bc7e9d0ad706898c3f252ea355db44ea4145485b5f
17,ord_dataset-1ec2807f02fa4beda27d2a81b86eb843:ord-0343207ad63745d4a9ad41448f912f79,ord_dataset-1ec2807f02fa4beda27d2a81b86eb843,318,5b2eba0c3e5a6040d929b95dba7792944ee664c010b5d12dd83e9c5d1e3c5dc3
18,ord_dataset-1ec2807f02fa4beda27d2a81b86eb843:ord-038119b8b4624c1a8ebfcc86cea84ff6,ord_dataset-1ec2807f02fa4beda27d2a81b86eb843,1000,b4f39e2fa50a74cc3e4fdd923175deed0a1f28ec293488cf3bf80b2ca7c611fe
19,ord_dataset-1ec2807f02fa4beda27d2a81b86eb843:ord-03e0cebad7954415855a1f42f4927228,ord_dataset-1ec2807f02fa4beda27d2a81b86eb843,291,5e5bcfc9db260d2cfab3fb2a62bf41c42ae148cc6da1018ad5347e406d9ce7cb
20,ord_dataset-1ec2807f02fa4beda27d2a81b86eb843:ord-03e2856173ec4846ad8141a7342181e1,ord_dataset-1ec2807f02fa4beda27d2a81b86eb843,1004,669b1dc20c5d03dac5dbb2036d7793d9065c25049bbee63c6216a081e63b57ae
21,ord_dataset-1ec2807f02fa4beda27d2a81b86eb843:ord-043d7d464126446e801b62bbbe2f47b1,ord_dataset-1ec2807f02fa4beda27d2a81b86eb843,617,c1e3ff88be3b0ff80bdf583e92c40c601f39c62afb8a939d4e43273b1d32b466
22,ord_dataset-1ec2807f02fa4beda27d2a81b86eb843:ord-04b1c36f92104b1492890042bb2fe146,ord_dataset-1ec2807f02fa4beda27d2a81b86eb843,342,7f0e4f665897eafb201273a4242b8fd8d9064b70a7287de06d61d09e54380a4b
23,ord_dataset-1ec2807f02fa4beda27d2a81b86eb843:ord-04f5913e8a5545b88611b378b34ba8e9,ord_dataset-1ec2807f02fa4beda27d2a81b86eb843,482,1e8a5c593f0bb3f6c35f109f2539ab4e0aa87d30b1e208b6e082506e714c1ae1
24,ord_dataset-1ec2807f02fa4beda27d2a81b86eb843:ord-051a70838e1e49adb0a60aff11193eac,ord_dataset-1ec2807f02fa4beda27d2a81b86eb843,925,3bf56fc3abb194cc9a9cf6462b7b66f5d6fa5f90df4b621654e3cf96aff79e81
25,ord_dataset-1ec2807f02fa4beda27d2a81b86eb843:ord-054b2a404af44bf09781a6f04124dbc8,ord_dataset-1ec2807f02fa4beda27d2a81b86eb843,358,274295d7f9401ab47fc3ba2b117ab2d680c725688d33c1b9c877f9292fa9b50d
26,ord_dataset-1ec2807f02fa4beda27d2a81b86eb843:ord-055b1841338048a3b0c7527c7ed50a65,ord_dataset-1ec2807f02fa4beda27d2a81b86eb843,592,78799fdc87d8aa0d48d7d312793bd5c129620a30255082d920ff48f6ced4aedf
27,ord_dataset-1ec2807f02fa4beda27d2a81b86eb843:ord-059a088c2e0f493e9625cb25b3557b05,ord_dataset-1ec2807f02fa4beda27d2a81b86eb843,935,10113bdd00f8bc239d0af0325b83c00b9b9ed846f9a511fba6952489d3058e2d
28,ord_dataset-1ec2807f02fa4beda27d2a81b86eb843:ord-05a06686e1864b54b0348f27c5b1cba0,ord_dataset-1ec2807f02fa4beda27d2a81b86eb843,876,8ed681129dff34ecc799bbb0a779f1ec43a08176f3106751991f52d0710abfbd
29,ord_dataset-1ec2807f02fa4beda27d2a81b86eb843:ord-05b60bf067a34573a96f1ec594af08cd,ord_dataset-1ec2807f02fa4beda27d2a81b86eb843,606,92d4fbb163eccf56e23ef489121f996216f7badf85e676b2ac00dbbc64e6f90d
30,ord_dataset-1ec2807f02fa4beda27d2a81b86eb843:ord-05f04a18825e47f880a08498c287dd5b,ord_dataset-1ec2807f02fa4beda27d2a81b86eb843,536,4d8c618b8aff8192844e39733b18bc41391a6bfdf791cd3ae0bbaaa6b0dba035
31,ord_dataset-1ec2807f02fa4beda27d2a81b86eb843:ord-06d2365aa4f94c1688daeb198a4103df,ord_dataset-1ec2807f02fa4beda27d2a81b86eb843,35,0aaa026504c957985f7e3a20b25f37caa23fbfa116f93313032c42a9d7c022f3
32,ord_dataset-1ec2807f02fa4beda27d2a81b86eb843:ord-0711170a44e845dca64bdc66ec429bf3,ord_dataset-1ec2807f02fa4beda27d2a81b86eb843,991,b8381fbd9748d41478600c411582f3704a4ab31000c42f1aa9d71565402ce69b
33,ord_dataset-1ec2807f02fa4beda27d2a81b86eb843:ord-076440ea6b664e1e8265c482f9165398,ord_dataset-1ec2807f02fa4beda27d2a81b86eb843,34,b17a815c2f67a71dbb105025a3cefe2cfb775ca59f968d739c3bb6009fcad2dc
34,ord_dataset-1ec2807f02fa4beda27d2a81b86eb843:ord-078bd6982d4b421ea6a36c58cec96146,ord_dataset-1ec2807f02fa4beda27d2a81b86eb843,1169,1ef6dd6f252d9cac8a92194377cbc2394fc89e43d122b50f0e087cdaada4638b
35,ord_dataset-1ec2807f02fa4beda27d2a81b86eb843:ord-07cfd0d12cf74473b3fdec52743ac366,ord_dataset-1ec2807f02fa4beda27d2a81b86eb843,88,1b57df3fc9977283b82ec73c18436e52dc5891c32c7680f25148c5062e90e9af
36,ord_dataset-1ec2807f02fa4beda27d2a81b86eb843:ord-0810d7e0133743d4805d3642692f73e2,ord_dataset-1ec2807f02fa4beda27d2a81b86eb843,139,9d62f75e951d5ceaa3aabdd5be9186c636be6271d5e625f0cc77b27f0ec96729
37,ord_dataset-1ec2807f02fa4beda27d2a81b86eb843:ord-08172aa45e3846c4b69633e2521e5ff1,ord_dataset-1ec2807f02fa4beda27d2a81b86eb843,563,11368212b6a134c4c5ec3e16cef2e8fe3b23a22de9024b344e2a865666e499df
38,ord_dataset-1ec2807f02fa4beda27d2a81b86eb843:ord-081948a5170a4dae85a3f54ca9f36353,ord_dataset-1ec2807f02fa4beda27d2a81b86eb843,91,c5533994deeab324e920440703c57646d3b4b74ceb94a3ef3bb715766397b308
39,ord_dataset-1ec2807f02fa4beda27d2a81b86eb843:ord-08452d3736a44047abb02fa3e64ff19e,ord_dataset-1ec2807f02fa4beda27d2a81b86eb843,1190,2f11ece25c925f640c1eedb0cfc2d0c31dd72fc8328d85baf77816a2ca4410f6
40,ord_dataset-1ec2807f02fa4beda27d2a81b86eb843:ord-085e01f3d25c42719b4bdd5dce6663b9,ord_dataset-1ec2807f02fa4beda27d2a81b86eb843,587,eb6c095264c18649eaf66f9c144d12e131478ac0565ed91540776fe948c037f1
41,ord_dataset-1ec2807f02fa4beda27d2a81b86eb843:ord-08770fec4b534b60b2a4a617fce2b9f5,ord_dataset-1ec2807f02fa4beda27d2a81b86eb843,471,b62dbb4f91d952eb19c36b2f9a315aaf72ef68687cbc394a7dc57162d1623f0d
42,ord_dataset-1ec2807f02fa4beda27d2a81b86eb843:ord-087fac3f706b4dafaf36431118c5b953,ord_dataset-1ec2807f02fa4beda27d2a81b86eb843,1089,29df2ab26c2e558091b9746a24ed81751f3abfc0fc4031f96012ad3080bbf1c6
43,ord_dataset-1ec2807f02fa4beda27d2a81b86eb843:ord-08ad5c71d03a410ea77842c862e471fd,ord_dataset-1ec2807f02fa4beda27d2a81b86eb843,22,b592b28f6d6b163ad51e94f84dd00807a05e6b650dc775e6e82b752476b0ca8a
44,ord_dataset-1ec2807f02fa4beda27d2a81b86eb843:ord-08b0a1e729e14aa09203ea3f7387376a,ord_dataset-1ec2807f02fa4beda27d2a81b86eb843,750,049c5059226039fcb3ce0442cc60335a60b56c553e571a3f97410cdb33de4150
45,ord_dataset-1ec2807f02fa4beda27d2a81b86eb843:ord-08f09f68482d422f92a9ab0305945170,ord_dataset-1ec2807f02fa4beda27d2a81b86eb843,483,04c3d7ea35cf18474eb990c10c9b3d9eb12d0d29dce6eca2f2d7114c6dfcf254
46,ord_dataset-1ec2807f02fa4beda27d2a81b86eb843:ord-0908e9f7c06c433fb47fbcb169ba56f6,ord_dataset-1ec2807f02fa4beda27d2a81b86eb843,674,be3d068108c38ea4606872daee18e4aec6326e34e54f4092bb73959745226132
47,ord_dataset-1ec2807f02fa4beda27d2a81b86eb843:ord-090fcfe7ae1b46819d608801d42e2a64,ord_dataset-1ec2807f02fa4beda27d2a81b86eb843,38,94a11f47b9264cd6bd88ae495bd67f337eb517cf28f8782d8a6dfd3420901de3
48,ord_dataset-1ec2807f02fa4beda27d2a81b86eb843:ord-0912f69581e94f78aa12afa3274bf890,ord_dataset-1ec2807f02fa4beda27d2a81b86eb843,530,e82156ef7661ba39eb8c25d406c4edcc6121efbcae0ccefd3f7a699ab8ae20a7
49,ord_dataset-1ec2807f02fa4beda27d2a81b86eb843:ord-09921f6cad5940ac9933fe9121ede497,ord_dataset-1ec2807f02fa4beda27d2a81b86eb843,599,897a86568f811e87d5e35ddba78ff7d682015e9ac009201ade30efedc754abfa
50,ord_dataset-1ec2807f02fa4beda27d2a81b86eb843:ord-09e077b8cb47442a8db25c38c6b20fc7,ord_dataset-1ec2807f02fa4beda27d2a81b86eb843,1112,e4678ae7789af792a0d3f8c32028fbae2c7ec56046aaf20b87be2e11a39c50c1
51,ord_dataset-1ec2807f02fa4beda27d2a81b86eb843:ord-0a3181cb5b094166a93abf4741c4c2ce,ord_dataset-1ec2807f02fa4beda27d2a81b86eb843,784,200a1317e1b6b43b6ef0cd6efd9f832074f62eadc8db314a0f895b12333de98d
52,ord_dataset-1ec2807f02fa4beda27d2a81b86eb843:ord-0a418cc3cd7f422e950ff62f26564836,ord_dataset-1ec2807f02fa4beda27d2a81b86eb843,1193,b91adc8d0696117afda2258b315eb074dd8c8e9643f9be5d2cc452e849b079e1
53,ord_dataset-1ec2807f02fa4beda27d2a81b86eb843:ord-0a57ff4a00ea4c7491586128639482da,ord_dataset-1ec2807f02fa4beda27d2a81b86eb843,1105,2c68b019eae9a4fc7891b91298e593684661aeb954ef4347f8a32421b5f76258
54,ord_dataset-1ec2807f02fa4beda27d2a81b86eb843:ord-0a5b9751e701468d9f62ebfdeda3045d,ord_dataset-1ec2807f02fa4beda27d2a81b86eb843,984,80ac7846109eb581144e48fdf9f2f0c51fa533e51f904ce84fac49e38ac6298b
55,ord_dataset-1ec2807f02fa4beda27d2a81b86eb843:ord-0a6e91cf2e8a4bb9954791e6091be7d3,ord_dataset-1ec2807f02fa4beda27d2a81b86eb843,506,802da0a1005b0f23c5c68bf4617020b2145917840929f3a3bd6e850ccd2c4836
56,ord_dataset-1ec2807f02fa4beda27d2a81b86eb843:ord-0a719f828b324c20b4ffa1370ff419af,ord_dataset-1ec2807f02fa4beda27d2a81b86eb843,1043,e2582ca6f82edf008622103802e0e37d3e8e39ec90993f2f3a9a348458388eed
57,ord_dataset-1ec2807f02fa4beda27d2a81b86eb843:ord-0a91545deca34c5ea5977df30c272945,ord_dataset-1ec2807f02fa4beda27d2a81b86eb843,869,ed24e76cde793bad97ca276b3d58f9584c65a18e415dc8c730c509eb436974fe
58,ord_dataset-1ec2807f02fa4beda27d2a81b86eb843:ord-0acce3a91c8140e0b7543a11797ae258,ord_dataset-1ec2807f02fa4beda27d2a81b86eb843,270,55e5687a60a20609a7588d2a2fe5d4da4d98520fec96315cdf060ae13b65307f
59,ord_dataset-1ec2807f02fa4beda27d2a81b86eb843:ord-0afeb79655d64ddd9e082f81061cbff7,ord_dataset-1ec2807f02fa4beda27d2a81b86eb843,251,82b84dbde74067f5719f4afc9ead04f92d8844a804fb7bf9d58a6e64cb7c5a95
60,ord_dataset-1ec2807f02fa4beda27d2a81b86eb843:ord-0b0b862ef6f4463cbc87e9bf696b32de,ord_dataset-1ec2807f02fa4beda27d2a81b86eb843,609,32333c2a02dd1036becf4cbd9c1b83980188a31324e2e69dbc3d36ab4c03f0b7
61,ord_dataset-1ec2807f02fa4beda27d2a81b86eb843:ord-0b346493fcde4b6a85bb1381dda8d77a,ord_dataset-1ec2807f02fa4beda27d2a81b86eb843,174,d18a10761a6b9daa2e7a95ce5fd2d7889c739e2df73747038136fb13f9d3bc67
62,ord_dataset-1ec2807f02fa4beda27d2a81b86eb843:ord-0b522108faf14fcd88a6715c414634a5,ord_dataset-1ec2807f02fa4beda27d2a81b86eb843,850,ca4c770caab139f972f370318c813c6874aa4473a7df2cbbd3c76e24c3c89eca
63,ord_dataset-1ec2807f02fa4beda27d2a81b86eb843:ord-0b6d6765ce43491e8d473ff654771817,ord_dataset-1ec2807f02fa4beda27d2a81b86eb843,388,52ad7c9766ad1ee17dfcdb21ac57c576a2b310ba2a59174adebf75bcfce9e166
64,ord_dataset-1ec2807f02fa4beda27d2a81b86eb843:ord-0b784b437e0549c7aaf4e426c872ef23,ord_dataset-1ec2807f02fa4beda27d2a81b86eb843,725,f7fb4e90e1f7b2b8110d07401c9e56ffba58a38dff583e54477a159bdd1d98b2
65,ord_dataset-1ec2807f02fa4beda27d2a81b86eb843:ord-0bb576d442384b8fb0ed89743ec8d730,ord_dataset-1ec2807f02fa4beda27d2a81b86eb843,195,f8f4b9b072c327f7ce3b8b01e715207875569f3eca20bcda82065e44be808be0
66,ord_dataset-1ec2807f02fa4beda27d2a81b86eb843:ord-0c5fe6086e3f441c8515af0ab1baa1ee,ord_dataset-1ec2807f02fa4beda27d2a81b86eb843,1213,f7945c16557373d62b3b3b76b2da4e0ce4cbc044d2f27d4ca1824d6e3fda803e
67,ord_dataset-1ec2807f02fa4beda27d2a81b86eb843:ord-0c67454ecd0f49d68fdcb95cce250331,ord_dataset-1ec2807f02fa4beda27d2a81b86eb843,400,c7e31a11b82d4150f1d957c3b4d59b3433d878ad3561fd3cc7d6fc1bab17013b
68,ord_dataset-1ec2807f02fa4beda27d2a81b86eb843:ord-0c9701be611c452abed70fb5eb45b885,ord_dataset-1ec2807f02fa4beda27d2a81b86eb843,736,f9177cbceff2079adb6961e0909e5a69a6b884590eb603445c45c73432fc4626
69,ord_dataset-1ec2807f02fa4beda27d2a81b86eb843:ord-0c9b17cc3e234a6da990fc1e58333e04,ord_dataset-1ec2807f02fa4beda27d2a81b86eb843,756,552bc455e3e6661c905370037ec7e2f3ca00d0d868c83476482b58f5dc1178d4
70,ord_dataset-1ec2807f02fa4beda27d2a81b86eb843:ord-0ca8448a61b54b9b855e69b4b7a5bd97,ord_dataset-1ec2807f02fa4beda27d2a81b86eb843,1059,ed5a9de8edaa8718648738195be8c8f2634f53fec4ace6566db574cced0d2e58
71,ord_dataset-1ec2807f02fa4beda27d2a81b86eb843:ord-0cc81c4ab3704ff8b870ba70e15a6bb0,ord_dataset-1ec2807f02fa4beda27d2a81b86eb843,464,423b2fe2326e4f4aa47cf99e0a7517311552386fb5ddcc3124f90972cb45e989
72,ord_dataset-1ec2807f02fa4beda27d2a81b86eb843:ord-0cfe698d4cf04f8fa16d07a874ba0168,ord_dataset-1ec2807f02fa4beda27d2a81b86eb843,244,a14f919e65995c6f9d53cd65b6bc2b5ae336ba89e05aa4657c5dc4558b624c41
73,ord_dataset-1ec2807f02fa4beda27d2a81b86eb843:ord-0d07aedcde6345cfa4199327efcfcee5,ord_dataset-1ec2807f02fa4beda27d2a81b86eb843,892,5032bd75abd67a72cbd7579a9161173766f5e88991dcf73ddd37ff007fe1e065
74,ord_dataset-1ec2807f02fa4beda27d2a81b86eb843:ord-0d14a4027bc247c086edb53a5cb44e38,ord_dataset-1ec2807f02fa4beda27d2a81b86eb843,794,368753c2824b97068882d0aecc1dd1588987c38d82ff9ea59be64c9c51351875
75,ord_dataset-1ec2807f02fa4beda27d2a81b86eb843:ord-0d6646f274b441d9898f33e98423bce6,ord_dataset-1ec2807f02fa4beda27d2a81b86eb843,84,93a6bb704ecf229e4d6eb85cc1af2e286f7992bf980326f8a0fa7c6b5351866a
76,ord_dataset-1ec2807f02fa4beda27d2a81b86eb843:ord-0e1f36a1f78d428ea013af06af7779b5,ord_dataset-1ec2807f02fa4beda27d2a81b86eb843,281,e69068e9506ad9e29b88e89baa4d627757549e35ecde444918106b3994461cd8
77,ord_dataset-1ec2807f02fa4beda27d2a81b86eb843:ord-0e523a764b2e490e967379f5a58c7b53,ord_dataset-1ec2807f02fa4beda27d2a81b86eb843,823,c767ce18197a05c699425a3385fb2e79d817efd221dd691d0000a00ad315b6d0
78,ord_dataset-1ec2807f02fa4beda27d2a81b86eb843:ord-0e92760434db45139c3832dd2e352f06,ord_dataset-1ec2807f02fa4beda27d2a81b86eb843,111,4c500e500a79713c27db81ff8dd0e5c8f5b93f8061ab25e3f3a2d2b491d2c013
79,ord_dataset-1ec2807f02fa4beda27d2a81b86eb843:ord-0f2d0f5d09714744a942b8b2e9f55f77,ord_dataset-1ec2807f02fa4beda27d2a81b86eb843,768,3be34259bfbc845b65062623eb220f1173595faea8b6b73bb5f2a70b91677359
80,ord_dataset-1ec2807f02fa4beda27d2a81b86eb843:ord-0f3073f84a584eef9ff05540488dceac,ord_dataset-1ec2807f02fa4beda27d2a81b86eb843,660,1888a74ce44aa38e30f2e94775f3195ce3a0cca5806185d5c43bbfa08ae11607
81,ord_dataset-1ec2807f02fa4beda27d2a81b86eb843:ord-0fdc058dd6c74e328169ff68aecf3bd1,ord_dataset-1ec2807f02fa4beda27d2a81b86eb843,834,ebf90f3e6a0478935ae5e411d889fc83835b50b9ada2c47ee232e36875d70d55
82,ord_dataset-1ec2807f02fa4beda27d2a81b86eb843:ord-1002954af2a5465d950fab7f3b7d60f4,ord_dataset-1ec2807f02fa4beda27d2a81b86eb843,126,c203bbfca4284ed75ae6f54c93cfe14be12516f55e900f5d4819eb3bc38ef92e
83,ord_dataset-1ec2807f02fa4beda27d2a81b86eb843:ord-101c99bc4fc24ac39b9d74219f2b323a,ord_dataset-1ec2807f02fa4beda27d2a81b86eb843,152,34305947c2c8d9ed47c3dfc5b27c5bf8f7190ecbe69a94cf45fc83b0acfb28d8
84,ord_dataset-1ec2807f02fa4beda27d2a81b86eb843:ord-109241e8b5ea47c695f3472390c99caf,ord_dataset-1ec2807f02fa4beda27d2a81b86eb843,119,7d3b51cedb0787194fd1e2ccb839749ad1011704794c4dc1bd02e90e07f50a67
85,ord_dataset-1ec2807f02fa4beda27d2a81b86eb843:ord-109c0a77c2b4405c815d81879ae80258,ord_dataset-1ec2807f02fa4beda27d2a81b86eb843,33,20a791a0d9b18025c2f3d9257c2170e6b1367a024ce46853ec2f13ef6b8bbbec
86,ord_dataset-1ec2807f02fa4beda27d2a81b86eb843:ord-1121306d5be1464aa0a1d03fed0af078,ord_dataset-1ec2807f02fa4beda27d2a81b86eb843,912,3b2a6dbf31fc2b48458a2cc47c1bd4291f3d28ad87e1a6ea4117f33f4b917596
87,ord_dataset-1ec2807f02fa4beda27d2a81b86eb843:ord-1196aa142a7c4422b63ae55276a7e26a,ord_dataset-1ec2807f02fa4beda27d2a81b86eb843,759,a49504c1a51c1b949d163e5499011882ab63a9469b0ebce1f9e35d22758210ea
88,ord_dataset-1ec2807f02fa4beda27d2a81b86eb843:ord-119b15afcdc644a6a4b5a6f3e443beb9,ord_dataset-1ec2807f02fa4beda27d2a81b86eb843,1044,10d7cd2758a1d041970bd8c172e5bea50eb52a69b055409f60e43110e7ff5506
89,ord_dataset-1ec2807f02fa4beda27d2a81b86eb843:ord-119b194d529c44c2b7d317af2c7a26f6,ord_dataset-1ec2807f02fa4beda27d2a81b86eb843,981,df1794ce923d31bd84e20630fdbca0891ac19f7c93d9a8a486e14008b71ae08f
90,ord_dataset-1ec2807f02fa4beda27d2a81b86eb843:ord-119cb623347e41f7b606196ab7902aea,ord_dataset-1ec2807f02fa4beda27d2a81b86eb843,739,881cf089362390e3012d74c29db9f8c969049d4303833f257722661679d3dd91
91,ord_dataset-1ec2807f02fa4beda27d2a81b86eb843:ord-11c790406fc44fe4b318e5d6ffb6a984,ord_dataset-1ec2807f02fa4beda27d2a81b86eb843,1178,8516a6b19e68d2b92bb2c0b33057437b547f22263c7a2cdbed127c420cca9090
92,ord_dataset-1ec2807f02fa4beda27d2a81b86eb843:ord-11e7b1b124df4919b62a50eb1cafdb30,ord_dataset-1ec2807f02fa4beda27d2a81b86eb843,917,bef065816eec6e5eb5c4f0d4f6ece4833fef00cc755540505f7a48c168638c11
93,ord_dataset-1ec2807f02fa4beda27d2a81b86eb843:ord-11f2bf82d06645f4bc75856777841dcb,ord_dataset-1ec2807f02fa4beda27d2a81b86eb843,102,96b75a4990dd9762d9bb1224372e8c5fc1368316157c711acc4262fba634e177
94,ord_dataset-1ec2807f02fa4beda27d2a81b86eb843:ord-126859c77582420eb74cbd3de23b15c2,ord_dataset-1ec2807f02fa4beda27d2a81b86eb843,443,f834ad7577b4c4ef9cd416ded95d1ce3734b909284dcb9c91bc44045bcec17d5
95,ord_dataset-1ec2807f02fa4beda27d2a81b86eb843:ord-129383fb9b43448581baeffaf48df88e,ord_dataset-1ec2807f02fa4beda27d2a81b86eb843,223,b79d2b8e9b4b74fa1f8604fa3cf8cd2f43344e3f11984f60e133430582c0491e
96,ord_dataset-1ec2807f02fa4beda27d2a81b86eb843:ord-12bbd43df45c4b7f83541ae3a58e7de6,ord_dataset-1ec2807f02fa4beda27d2a81b86eb843,1200,b30e0bbbdfb941a7ba880cc6b9692337d1a136a7be6b780cdfc27d57b8547a59
97,ord_dataset-1ec2807f02fa4beda27d2a81b86eb843:ord-136846db6e894dea8f7da525f1a20d5d,ord_dataset-1ec2807f02fa4beda27d2a81b86eb843,410,891986e94cab5c43b5e0615241fac4bfbf8cf60745177b0cfdb2f585273ef933
98,ord_dataset-1ec2807f02fa4beda27d2a81b86eb843:ord-1419b98e29994a2d861f2f80fae42f1b,ord_dataset-1ec2807f02fa4beda27d2a81b86eb843,19,3768e95c019a223f444e0ac6a9412a22289c25f7ad08d2c91033a54c84b6f1ad
99,ord_dataset-1ec2807f02fa4beda27d2a81b86eb843:ord-1471f0e7c0fe41bbbcafd4544a4b5637,ord_dataset-1ec2807f02fa4beda27d2a81b86eb843,3,8e30cae7ce6d67156effc6b199ad9d6252e9bd09ed601db5ae29cf0a1aa859ce
100,ord_dataset-1ec2807f02fa4beda27d2a81b86eb843:ord-148469de4dcd47bab33e168114aa8a67,ord_dataset-1ec2807f02fa4beda27d2a81b86eb843,586,016c1013990c14d4fba70e8fd6fe9057aaba351cf1b79c8120921a5caef64acb
101,ord_dataset-1ec2807f02fa4beda27d2a81b86eb843:ord-14cec412a38f48a58be9f1333ef8843f,ord_dataset-1ec2807f02fa4beda27d2a81b86eb843,749,81a97c966e94006f8e740ff87f30e15914dcd4435e1231f0e302d7e916263a6f
102,ord_dataset-1ec2807f02fa4beda27d2a81b86eb843:ord-1507484e59c44891913e8ebf32c83ce7,ord_dataset-1ec2807f02fa4beda27d2a81b86eb843,570,5ce344caa27a26b89f50c9c99755aa150d0b9b8ef9f54b9748e6af35f69f42ad
103,ord_dataset-1ec2807f02fa4beda27d2a81b86eb843:ord-15eb9f548f5c4c1ab27be353a1516f58,ord_dataset-1ec2807f02fa4beda27d2a81b86eb843,641,f9516a6076717e6de94c6f55b8bedb259f61b618f7cf1daaa9ffad40259481ae
104,ord_dataset-1ec2807f02fa4beda27d2a81b86eb843:ord-15f1daec95194b9dbfdca8f9e1a0ff9a,ord_dataset-1ec2807f02fa4beda27d2a81b86eb843,1202,23fdab34828c6173a44d03deeb6e6b206b8701f50bb31d0256de5fb2f463c3ce
105,ord_dataset-1ec2807f02fa4beda27d2a81b86eb843:ord-162f3b19e70f428c911eb42c81146342,ord_dataset-1ec2807f02fa4beda27d2a81b86eb843,406,98f3eb9dce9793c4843fdeda070252f0798bb6e242a087479529f84c48f03f0a
106,ord_dataset-1ec2807f02fa4beda27d2a81b86eb843:ord-1659804d33f841958a0304554f384ec3,ord_dataset-1ec2807f02fa4beda27d2a81b86eb843,815,357539ab1d40e147e0e356b61f0afbf6382e470840152ebd81fcc23fc1d3a916
107,ord_dataset-1ec2807f02fa4beda27d2a81b86eb843:ord-168cb5fd43f940fba57558964f63ccd5,ord_dataset-1ec2807f02fa4beda27d2a81b86eb843,1096,f4f8d9dde99ed9711ed5226b8039186454ec00f7bc001e64edf96e9ad5a68171
108,ord_dataset-1ec2807f02fa4beda27d2a81b86eb843:ord-1708045c563b427bba32d6ca7471633f,ord_dataset-1ec2807f02fa4beda27d2a81b86eb843,315,ea37755e75ece205036930c0a30b508df1d8bf6b79471bd9567d8dc890743eee
109,ord_dataset-1ec2807f02fa4beda27d2a81b86eb843:ord-170f670095204c0eb87fc9377df83db7,ord_dataset-1ec2807f02fa4beda27d2a81b86eb843,1115,7c416df4aded0c0689aee398cea8fdc1f0d23131e28d05ec2c328a2b6de35ccf
110,ord_dataset-1ec2807f02fa4beda27d2a81b86eb843:ord-172996e50fc04a33afd5c7869db42066,ord_dataset-1ec2807f02fa4beda27d2a81b86eb843,90,6c42fb832fc049e55c93e626f75eae5a4e9875c052f77d7dc961b9adf15ed7e9
111,ord_dataset-1ec2807f02fa4beda27d2a81b86eb843:ord-172eee0990d34f85a488bab673b5ba1d,ord_dataset-1ec2807f02fa4beda27d2a81b86eb843,535,eeac9871a971272033b04f0efa0aa57d066cddcf276ed1fe0d4fe6f9789f8ba9
112,ord_dataset-1ec2807f02fa4beda27d2a81b86eb843:ord-174444c1c82f46d4a854a8256c62a106,ord_dataset-1ec2807f02fa4beda27d2a81b86eb843,964,d5098caecb8a7be0c51974a0704c556a39819471c55d802351b77031510cd313
113,ord_dataset-1ec2807f02fa4beda27d2a81b86eb843:ord-1768257736604d9fbc74798fa8176f11,ord_dataset-1ec2807f02fa4beda27d2a81b86eb843,902,7ba4a509db74cb5929e0e4ad11dd54d5a938c7a477f8c9cb04ce5914967cd089
114,ord_dataset-1ec2807f02fa4beda27d2a81b86eb843:ord-17aa44251a5e4846ae212f261d3bac86,ord_dataset-1ec2807f02fa4beda27d2a81b86eb843,303,e36e5d87a63a4dad0c9c3cb85677c864e1bf54927f10333aac8ae4ec17aee665
115,ord_dataset-1ec2807f02fa4beda27d2a81b86eb843:ord-17c2ac71469443b789f51c4e1a2969a0,ord_dataset-1ec2807f02fa4beda27d2a81b86eb843,419,e7a8e4bc8f265dbe82101a327c7bae78ebb150d6ea9834f4b54cc92c116c291c
116,ord_dataset-1ec2807f02fa4beda27d2a81b86eb843:ord-182d8fec826a416bb769981b6cc4235b,ord_dataset-1ec2807f02fa4beda27d2a81b86eb843,1008,54fee207ff66b146c612dbdc505c92a625ebd595b70cef3ba08f693f742d549a
117,ord_dataset-1ec2807f02fa4beda27d2a81b86eb843:ord-18417e34da4d4149a54d8fe86eac8ff3,ord_dataset-1ec2807f02fa4beda27d2a81b86eb843,385,146179d8147fa8be1cfe5cf3cdc780b597636e45fb2bbe3213a433bf1034ae86
118,ord_dataset-1ec2807f02fa4beda27d2a81b86eb843:ord-18493025f33a49a5ae314436c6a91b9b,ord_dataset-1ec2807f02fa4beda27d2a81b86eb843,532,8e3c3e0aff06f468012b07abff45293d8309e1960c217dc6ac71840b4278de74
119,ord_dataset-1ec2807f02fa4beda27d2a81b86eb843:ord-185e823794794edb9ae068633f91b7ac,ord_dataset-1ec2807f02fa4beda27d2a81b86eb843,472,6dd5ca2875e33caf3b0dade23363347ef9a7df0d6b3d4a060d93cf8b283a7f03
120,ord_dataset-1ec2807f02fa4beda27d2a81b86eb843:ord-1894c2b06066451f82f7db0f88083a76,ord_dataset-1ec2807f02fa4beda27d2a81b86eb843,305,4ebdc2abbc359ae4bc5a963f7715403f4214baec8a58238ee33fca7adac731c1
121,ord_dataset-1ec2807f02fa4beda27d2a81b86eb843:ord-18eef277f4044fdba05ba98fc8d0ea06,ord_dataset-1ec2807f02fa4beda27d2a81b86eb843,478,5e30768166fd3e4ca31c068bb2cd5cec0d2e2a4d95923a5ac3de7d0146221886
122,ord_dataset-1ec2807f02fa4beda27d2a81b86eb843:ord-18fe93fb943f4ec2bee45f4c4cdf0806,ord_dataset-1ec2807f02fa4beda27d2a81b86eb843,205,0a3f583d3de80a52110cf527a371418e80dd4a725091475b39c5bffd3846036d
123,ord_dataset-1ec2807f02fa4beda27d2a81b86eb843:ord-190ea64143d0491b8162a5bc05959732,ord_dataset-1ec2807f02fa4beda27d2a81b86eb843,757,dc1cc4b5357ef28f7632f3bd63e8b2b07effea8675104346058bdcc8c13b1ffe
124,ord_dataset-1ec2807f02fa4beda27d2a81b86eb843:ord-195501da3a95463a8dbe16a17a5f0ba5,ord_dataset-1ec2807f02fa4beda27d2a81b86eb843,808,da970b673b1058a39844b6d92b776639427a2da5c36ac7611db5f239b7c201ec
125,ord_dataset-1ec2807f02fa4beda27d2a81b86eb843:ord-195a2e8ba31d40499f2c500d2d8a98cb,ord_dataset-1ec2807f02fa4beda27d2a81b86eb843,631,7f3082601efbbb22f19f474bf1da2a0cc7652bf9f638252690009f20de78853a
126,ord_dataset-1ec2807f02fa4beda27d2a81b86eb843:ord-199a154c7aff404d9b79144ed98a0a92,ord_dataset-1ec2807f02fa4beda27d2a81b86eb843,219,388b0904ab47546b6210175f45117d2dbc7b42ebe744367ce20fd7e982079e9f
127,ord_dataset-1ec2807f02fa4beda27d2a81b86eb843:ord-19c9a2db5fb7476db93f84ae9714578a,ord_dataset-1ec2807f02fa4beda27d2a81b86eb843,368,e8d62665fac6c082081ac56e36d9ade86d0a7bc3f9a5db2e225cb3fb24ca310d
128,ord_dataset-1ec2807f02fa4beda27d2a81b86eb843:ord-19d2fd8864ef4eb0a8acdb2c7f3d2d30,ord_dataset-1ec2807f02fa4beda27d2a81b86eb843,1124,21a2541775ecd6517b93d5b7c111bd9ad015d276976e0219ab34e9338ef38b1e
129,ord_dataset-1ec2807f02fa4beda27d2a81b86eb843:ord-1a06e9eaace04009b751619f75511623,ord_dataset-1ec2807f02fa4beda27d2a81b86eb843,1116,0b359c44ae6bbe423f5949c12b04c2ac89d04141fc151109a73164916529f5ad
130,ord_dataset-1ec2807f02fa4beda27d2a81b86eb843:ord-1a46147d407b4e84a91a636e8f6994cb,ord_dataset-1ec2807f02fa4beda27d2a81b86eb843,1139,4ea04d70e231f7160f55b56beea7b2fe21319c81a3a390d7639ef459bbc73680
131,ord_dataset-1ec2807f02fa4beda27d2a81b86eb843:ord-1a8f982dc7314d7ea6c20e7ad3f6436f,ord_dataset-1ec2807f02fa4beda27d2a81b86eb843,700,b1137f174851a3b2921170bea4da2b2cf95710e82798009568011f0fbcfa4fa3
132,ord_dataset-1ec2807f02fa4beda27d2a81b86eb843:ord-1ab77eadcf654bfba6bf2d2706779fa3,ord_dataset-1ec2807f02fa4beda27d2a81b86eb843,941,a7acea7393bbf63d69c4049307848cffcea9e1e68f9ad5d76c07171765854e09
133,ord_dataset-1ec2807f02fa4beda27d2a81b86eb843:ord-1b66a6e37d0f4cb5a4676230f8ed6948,ord_dataset-1ec2807f02fa4beda27d2a81b86eb843,1017,e0e9e31e5fa715b885205e49173c07bbc4dada628dad81c02bbac973937ef381
134,ord_dataset-1ec2807f02fa4beda27d2a81b86eb843:ord-1b81879700674162ac9249c9951e6bd0,ord_dataset-1ec2807f02fa4beda27d2a81b86eb843,488,2706c2ef020b5790b9cc2e2c252d419d4a7c2e0493ae17c4a3a26a2c5845c2de
135,ord_dataset-1ec2807f02fa4beda27d2a81b86eb843:ord-1bb627fb66f04271a98a0e274c923279,ord_dataset-1ec2807f02fa4beda27d2a81b86eb843,858,59b8ce91fa0b514f3bc3711a3bc374bc63e136de2558e4d2fba951f5b412f440
136,ord_dataset-1ec2807f02fa4beda27d2a81b86eb843:ord-1bc530123099402dbac1d1fee0a3d797,ord_dataset-1ec2807f02fa4beda27d2a81b86eb843,1127,3eb98a825868153767ca56176890e43917ed59c695d2b8080e81647a16bf3ffb
137,ord_dataset-1ec2807f02fa4beda27d2a81b86eb843:ord-1bc5c4523fd8476f84400e7da9fda193,ord_dataset-1ec2807f02fa4beda27d2a81b86eb843,262,335c62e303fe72af5a07b25765bdc0b0d8515cc19f9f3d5923ecbbfc7210b0fb
138,ord_dataset-1ec2807f02fa4beda27d2a81b86eb843:ord-1bc6793ecd104981ad09205cb19d9075,ord_dataset-1ec2807f02fa4beda27d2a81b86eb843,1015,fcbfc6b3a4b8b79ec332439e9cdbfca42133585f8a1e7c83812463957f0a2076
139,ord_dataset-1ec2807f02fa4beda27d2a81b86eb843:ord-1cc3b67ebc4c4581a3d68c0a25a153da,ord_dataset-1ec2807f02fa4beda27d2a81b86eb843,320,1bf6079e63f82c649972d69aba1f8f9b86f5dc1d708dfec5884b8e1bdcbf656c
140,ord_dataset-1ec2807f02fa4beda27d2a81b86eb843:ord-1cd6671b7b4d43c683602a65c5f8ace2,ord_dataset-1ec2807f02fa4beda27d2a81b86eb843,1122,b5b6b849a7f6972f2585469c37e7302d9c7767784bdc10bb7c1c3ac817568fa7
141,ord_dataset-1ec2807f02fa4beda27d2a81b86eb843:ord-1d41954c77714d1aab07cb5b87dcef2c,ord_dataset-1ec2807f02fa4beda27d2a81b86eb843,887,cc6cca82645d5185d6a51ea5b0ce6623af1790678c669a3a6c6323345de38d58
142,ord_dataset-1ec2807f02fa4beda27d2a81b86eb843:ord-1d604bd7c12f4f3096ac1c3f4cf7628e,ord_dataset-1ec2807f02fa4beda27d2a81b86eb843,962,79f72d12336286fd103db8a7fc2f04c0c9650ed80ff724935efab950ac9ecb14
143,ord_dataset-1ec2807f02fa4beda27d2a81b86eb843:ord-1dc5b5808d55465283e67764836a5cb9,ord_dataset-1ec2807f02fa4beda27d2a81b86eb843,663,acb96ce4a2935b1c88591eb30ff22da3802488203370c1d3fb047435c31fb7fc
144,ord_dataset-1ec2807f02fa4beda27d2a81b86eb843:ord-1dc8224c35c34726a2193efcae782849,ord_dataset-1ec2807f02fa4beda27d2a81b86eb843,1121,6a84bc6d46ca3df1cc80222ae20c212910aedc8624193ddb732d5c465e934070
145,ord_dataset-1ec2807f02fa4beda27d2a81b86eb843:ord-1e09ab040ec2470299a9935106843bfa,ord_dataset-1ec2807f02fa4beda27d2a81b86eb843,434,d12190844f484eb46dc506a72484b88a492e2ce4a11a07d82b809f65fdaed1a3
146,ord_dataset-1ec2807f02fa4beda27d2a81b86eb843:ord-1e697f960ad749b1b4f9d93fd6535044,ord_dataset-1ec2807f02fa4beda27d2a81b86eb843,1162,4eac05a8384f5710441ab75634ec01dadcc09828718209c5f1fa9a2955aed583
147,ord_dataset-1ec2807f02fa4beda27d2a81b86eb843:ord-1ea3d1aa1313471ebce760c658bd6271,ord_dataset-1ec2807f02fa4beda27d2a81b86eb843,186,0d81d67803aae7a9890c6862ccce0a58d325a28cbdac6666d66c229f8512b7a6
148,ord_dataset-1ec2807f02fa4beda27d2a81b86eb843:ord-1eb0232fcdeb4b6f93296e70ab4baf93,ord_dataset-1ec2807f02fa4beda27d2a81b86eb843,393,42b15867c04f4b85b40392eb0528a7dee2ae0df61f60345fc201169a86f8e8cc
149,ord_dataset-1ec2807f02fa4beda27d2a81b86eb843:ord-1ec95c22493f4d38806283882061f9e1,ord_dataset-1ec2807f02fa4beda27d2a81b86eb843,343,4181c06927f3ef5083c4e3bd94a3649f229b666cb873389e03c518d275d52460
150,ord_dataset-1ec2807f02fa4beda27d2a81b86eb843:ord-1f1324f480c044b8a32f5a736b8838b6,ord_dataset-1ec2807f02fa4beda27d2a81b86eb843,221,90a4fad390158f9825ecaf35f160abf063c68ebd0a4c274551d1d8efde0378d7
151,ord_dataset-1ec2807f02fa4beda27d2a81b86eb843:ord-1f4501eb8d3d4e9582d88f34e00879ae,ord_dataset-1ec2807f02fa4beda27d2a81b86eb843,748,63e1cdfe60a9faed5d43acc09bda242d662a4d21e0c7e41b6cb2e43a3ac476e1
152,ord_dataset-1ec2807f02fa4beda27d2a81b86eb843:ord-1f55fe12a0c84c179a6e7e000a9bc5b4,ord_dataset-1ec2807f02fa4beda27d2a81b86eb843,762,6b47e206b39a0f5317228d0dafa8a767f0df540272421d4244cf0168a98450b7
153,ord_dataset-1ec2807f02fa4beda27d2a81b86eb843:ord-1f81df1aa169443a89eddd332a42ac19,ord_dataset-1ec2807f02fa4beda27d2a81b86eb843,1033,f76b575992d6a837e04c19fc797bd69b3a1fedd11a46ca0be153addda7772d49
154,ord_dataset-1ec2807f02fa4beda27d2a81b86eb843:ord-1f871b07d0df4d3cb66d2a233db8f2e0,ord_dataset-1ec2807f02fa4beda27d2a81b86eb843,860,6d3dcb8c67a6a10e396d860fa7dfbce6d947bacd9e7aa06deab1a257daa597f3
155,ord_dataset-1ec2807f02fa4beda27d2a81b86eb843:ord-1faf421d3f4b4161acbb7007f63d23e4,ord_dataset-1ec2807f02fa4beda27d2a81b86eb843,987,6cf5ae42d7da0047f74491ea70a2547b9bcdc669a164ca426e2dd8ce60bc8dba
156,ord_dataset-1ec2807f02fa4beda27d2a81b86eb843:ord-1fc99144a5d544b485dcb921877a7482,ord_dataset-1ec2807f02fa4beda27d2a81b86eb843,356,73c52907faacb817d4f685d8e2eefd383438a6940c6d9194e0733788988fc7b0
157,ord_dataset-1ec2807f02fa4beda27d2a81b86eb843:ord-204057973e044968898cda87c96b92d1,ord_dataset-1ec2807f02fa4beda27d2a81b86eb843,1071,5612770ae599172dd1c7e9a7bc065c63a5e0516c5aaefefa7e5c8fa7ca48d9b6
158,ord_dataset-1ec2807f02fa4beda27d2a81b86eb843:ord-205f2fbf44ee4bd0ad3b2156687f05c6,ord_dataset-1ec2807f02fa4beda27d2a81b86eb843,1080,f5b6f963a7f04989addfe2dd5eae0e35f66a285112bd0a29921b24c924c41db8
159,ord_dataset-1ec2807f02fa4beda27d2a81b86eb843:ord-208bdf1b7c644ffb82ee26c764473feb,ord_dataset-1ec2807f02fa4beda27d2a81b86eb843,569,1020217dd6fdf34ec608fc320f323d5e22a395707e374884e12cfb4db09609b2
160,ord_dataset-1ec2807f02fa4beda27d2a81b86eb843:ord-20a63568116046eda02642b8cee2b0ec,ord_dataset-1ec2807f02fa4beda27d2a81b86eb843,103,0f79de245043ef80c458adb594206977006bb1b0e2faeeaeea93480485bd213d
161,ord_dataset-1ec2807f02fa4beda27d2a81b86eb843:ord-2100fa7f0e8349779db1f2e642bcaadd,ord_dataset-1ec2807f02fa4beda27d2a81b86eb843,82,300dab0d0105fe84bb13e498cd775136f2603e924bed86de3abe709d6d28410a
162,ord_dataset-1ec2807f02fa4beda27d2a81b86eb843:ord-21094e813eba460aa6ac051319e2d007,ord_dataset-1ec2807f02fa4beda27d2a81b86eb843,118,aa4197be56d4d685defa10bbb131ea02aec1197839c598694ac00756f138199f
163,ord_dataset-1ec2807f02fa4beda27d2a81b86eb843:ord-211ecf2a71074471abb31296684626a1,ord_dataset-1ec2807f02fa4beda27d2a81b86eb843,256,88dfa9410a64312812ed17cdbe384874826fbaf56682375be5f3453dca2efead
164,ord_dataset-1ec2807f02fa4beda27d2a81b86eb843:ord-21892b40d0294b78ad0f11f820acde9f,ord_dataset-1ec2807f02fa4beda27d2a81b86eb843,1159,a5359403d94e5be5eb6decc215fa02d0f7221c731f0621bb28af124886ef5c01
165,ord_dataset-1ec2807f02fa4beda27d2a81b86eb843:ord-21a244f2752442608d2b740d13a69b34,ord_dataset-1ec2807f02fa4beda27d2a81b86eb843,1170,fff1ba1fcddf3055d864fc46f47010892289088259b13f9e732e86d5d67ae192
166,ord_dataset-1ec2807f02fa4beda27d2a81b86eb843:ord-21a8da6b4f9e4dee8ef05d139848ca6b,ord_dataset-1ec2807f02fa4beda27d2a81b86eb843,924,0c4ae3a59029c8a38e6ee12b51a47bae739b4d48e63b2a2dcca31ab5e66457c0
167,ord_dataset-1ec2807f02fa4beda27d2a81b86eb843:ord-21f17b3b080e44c3b0eca5cf98f470ed,ord_dataset-1ec2807f02fa4beda27d2a81b86eb843,1082,c64164a780120bccf5185ad1b4d76e186b7b30ca683add4cf62114915362c9b5
168,ord_dataset-1ec2807f02fa4beda27d2a81b86eb843:ord-225a77170f0a47d8a3656c2af4860d74,ord_dataset-1ec2807f02fa4beda27d2a81b86eb843,376,0745537e05a046150ffde9d7a8bc25eed72e29a130a77857c2b6a3ecf48da80e
169,ord_dataset-1ec2807f02fa4beda27d2a81b86eb843:ord-228f3c47b4984972b7890d357fdd2a2d,ord_dataset-1ec2807f02fa4beda27d2a81b86eb843,1040,5ead4ff1cf55b21d0556930ec688322af5b31b636d79bac423c6ec64af70dbe3
170,ord_dataset-1ec2807f02fa4beda27d2a81b86eb843:ord-229461406b4c46a298a53c78711a87a4,ord_dataset-1ec2807f02fa4beda27d2a81b86eb843,1149,819ad1d9491083717146d117e7525d3ba9293602397f2d992cc42d7fabe23ef7
171,ord_dataset-1ec2807f02fa4beda27d2a81b86eb843:ord-229e8e030d4e4a3882efebeaf2152924,ord_dataset-1ec2807f02fa4beda27d2a81b86eb843,7,8ff8627c2cfc71ec9195a781e69b1e1686420ad752b9b219b097d59a1a51f12f
172,ord_dataset-1ec2807f02fa4beda27d2a81b86eb843:ord-22ab8e7a6f7c4aff85c3f69a4d936142,ord_dataset-1ec2807f02fa4beda27d2a81b86eb843,403,a3ca9057425e51e52d32484cb7c85fa0dd79d08d3b9cd906765d854467e7019b
173,ord_dataset-1ec2807f02fa4beda27d2a81b86eb843:ord-22e751cd330f4241873d0831a0607969,ord_dataset-1ec2807f02fa4beda27d2a81b86eb843,151,5cdbbb680a800357bbb9771a40219e7384a67d3064aef8391f99cafa66c3b316
174,ord_dataset-1ec2807f02fa4beda27d2a81b86eb843:ord-22f16c34fda8473fb95ec8cac52915dd,ord_dataset-1ec2807f02fa4beda27d2a81b86eb843,838,465abe1db4a2533019b1201ed4b8a2f64bb11315ba8db682bc3440c957666cc7
175,ord_dataset-1ec2807f02fa4beda27d2a81b86eb843:ord-235aa51bc00846e4aff34ca09845e51e,ord_dataset-1ec2807f02fa4beda27d2a81b86eb843,534,4dca4288c4f7dd9286ce9a5c162f03fd3a68846e364851f8407e07affd839aeb
176,ord_dataset-1ec2807f02fa4beda27d2a81b86eb843:ord-2384fd02008142548fb906e8806d6b75,ord_dataset-1ec2807f02fa4beda27d2a81b86eb843,859,2b1c32dd254cfd93f03c259f596b23bc5b75e1ca2128cd1813604434e621251f
177,ord_dataset-1ec2807f02fa4beda27d2a81b86eb843:ord-2390957530d442d0bfb35c7182108c56,ord_dataset-1ec2807f02fa4beda27d2a81b86eb843,905,5e2467dff94380d7d64fcde2fa4e0f94c2ddb735233f4b211316877500c3dcc1
178,ord_dataset-1ec2807f02fa4beda27d2a81b86eb843:ord-245bb7e402414d6b9506ec715dc8ebff,ord_dataset-1ec2807f02fa4beda27d2a81b86eb843,752,0970ec0690adce703cb413a4af72e7292637f80553404e0cd1f752f5bf4a4d92
179,ord_dataset-1ec2807f02fa4beda27d2a81b86eb843:ord-24fc7e1cd2044acf9e2ab9c751b4b31b,ord_dataset-1ec2807f02fa4beda27d2a81b86eb843,573,d49e11b1b864c7cebc107dc964c8866d8b66c7385b41095105564b47a7d89a7e
180,ord_dataset-1ec2807f02fa4beda27d2a81b86eb843:ord-2515124e670c4b13baa9158b0f65ba1f,ord_dataset-1ec2807f02fa4beda27d2a81b86eb843,714,f97e4079cd067cc5aab383925f3f951ca601dbbd417942abdb0f19a65c0ca746
181,ord_dataset-1ec2807f02fa4beda27d2a81b86eb843:ord-2516a9f2a3fc45348fe51c90b18b7bff,ord_dataset-1ec2807f02fa4beda27d2a81b86eb843,623,0a14762b03af10863c37126e72d6d6772461a0376002f5a325ca95c552b46b8a
182,ord_dataset-1ec2807f02fa4beda27d2a81b86eb843:ord-2529cb47b3a8409292310361e0598102,ord_dataset-1ec2807f02fa4beda27d2a81b86eb843,1207,d717ca22abeebc447cb41c22012af430bfc427b05eceeed093f0322169c3ceac
183,ord_dataset-1ec2807f02fa4beda27d2a81b86eb843:ord-252f26289cd541a8a84407278eb8401e,ord_dataset-1ec2807f02fa4beda27d2a81b86eb843,1083,446de00e932267f0a68c22164453746b7ade4ce00f3ba36a5de7289f1828cce0
184,ord_dataset-1ec2807f02fa4beda27d2a81b86eb843:ord-2537c0dea4e24c319324693345514fb6,ord_dataset-1ec2807f02fa4beda27d2a81b86eb843,733,1f086b8db601c4845522bc2210081d4044c124bf122dc10a8c62ba7f15db25c3
185,ord_dataset-1ec2807f02fa4beda27d2a81b86eb843:ord-25852bb0bac24c388aa2289befe56170,ord_dataset-1ec2807f02fa4beda27d2a81b86eb843,461,b67105dc011070da3e46873e1d4f5b9f23802dac9c349dd26146a84f8217e27e
186,ord_dataset-1ec2807f02fa4beda27d2a81b86eb843:ord-25ae3265b2e046aaa99c6a3dc5a7e2b7,ord_dataset-1ec2807f02fa4beda27d2a81b86eb843,656,c08c9f375a59de8d2f11b4e65175627fb38295b109e6892ca1a5012cf0a4a443
187,ord_dataset-1ec2807f02fa4beda27d2a81b86eb843:ord-25dbc530801d48bdb9a4256ca05abef9,ord_dataset-1ec2807f02fa4beda27d2a81b86eb843,676,65118c6df65bc0c91ef598353771546a750617ceb53451558f81cc69d586fc14
188,ord_dataset-1ec2807f02fa4beda27d2a81b86eb843:ord-266d8ae6943d467fb2bab597d9272dca,ord_dataset-1ec2807f02fa4beda27d2a81b86eb843,666,1ac1ab15f24cd1d50f2a1a85ee452c521b77ec6a7f612004c2d2e2b68de360fe
189,ord_dataset-1ec2807f02fa4beda27d2a81b86eb843:ord-268f99ee621d4955a67e589ce5f80842,ord_dataset-1ec2807f02fa4beda27d2a81b86eb843,1218,2552995a849f767fa942acf973db34fd5e77fa93934fc0a1aad26493faaac560
190,ord_dataset-1ec2807f02fa4beda27d2a81b86eb843:ord-26938a314aed4aa99beeaa1db0c68fc4,ord_dataset-1ec2807f02fa4beda27d2a81b86eb843,399,25d50df936b20f33908f75cf6edac36acea41a6058b01880ca02b8c8a4c50833
191,ord_dataset-1ec2807f02fa4beda27d2a81b86eb843:ord-26e0784f4ead4de9b468c95315a85201,ord_dataset-1ec2807f02fa4beda27d2a81b86eb843,921,0e114f65a81853cfa02e2596b03f23d6d636c8b9ace3b13950c32332ab4face5
192,ord_dataset-1ec2807f02fa4beda27d2a81b86eb843:ord-26ee953990a2443a9ce67ac05496e9ce,ord_dataset-1ec2807f02fa4beda27d2a81b86eb843,770,d93a5ebf97abe98a0ae7c55238a46aecedc390a7998738f28b0ad2adeeb63d92
193,ord_dataset-1ec2807f02fa4beda27d2a81b86eb843:ord-26fdf0529c6a4761a0bc7eef27948e10,ord_dataset-1ec2807f02fa4beda27d2a81b86eb843,669,f1879e9ae7555273c54c5dd00f23415df10d0961ae3870f826af8e9422dc4be8
194,ord_dataset-1ec2807f02fa4beda27d2a81b86eb843:ord-278b5ade5e79425d8e9797b44376ad8d,ord_dataset-1ec2807f02fa4beda27d2a81b86eb843,363,7cd32276d754d7ae23b03f9850a0ecb85361892c3b6b6a775a089d4b4c3f098e
195,ord_dataset-1ec2807f02fa4beda27d2a81b86eb843:ord-27da8a3525154ee19902b46c961905f1,ord_dataset-1ec2807f02fa4beda27d2a81b86eb843,193,575acb9045592caea6ea15214e21ac7b50e958350e4f74dd3b589c58ea458e61
196,ord_dataset-1ec2807f02fa4beda27d2a81b86eb843:ord-280ec3332a0046aeb3f490922ad24191,ord_dataset-1ec2807f02fa4beda27d2a81b86eb843,1023,154a2837246c3044cd52825647cc9f6181b77f1d6d69554abbcaac29e8d238e8
197,ord_dataset-1ec2807f02fa4beda27d2a81b86eb843:ord-283523e11af74613a2e0da9b3da6078c,ord_dataset-1ec2807f02fa4beda27d2a81b86eb843,845,13f30cfe28073c618223f50d889e51bc90d04813b7992c27dc76b71d93e06a2d
198,ord_dataset-1ec2807f02fa4beda27d2a81b86eb843:ord-285018451c6e426cb418c27ef1d1f89b,ord_dataset-1ec2807f02fa4beda27d2a81b86eb843,433,9c43a632360e1bc7452f0596fd07342a75480f373e4d9625a16bf37bf9d6f393
199,ord_dataset-1ec2807f02fa4beda27d2a81b86eb843:ord-285b4cfc4e564c27968e56a5ce1c290f,ord_dataset-1ec2807f02fa4beda27d2a81b86eb843,338,bb2ff690ac8a2acef6807d324aaa94f14711e35b23af6a3fe8f66d7808b119c8
200,ord_dataset-1ec2807f02fa4beda27d2a81b86eb843:ord-28a9ea3c3da1448dae65831f44293650,ord_dataset-1ec2807f02fa4beda27d2a81b86eb843,1153,345898a9a28edab695e4a8559c6043248e6d9728a5193063f0d9936dbb28f4ae
201,ord_dataset-1ec2807f02fa4beda27d2a81b86eb843:ord-28c182a404dd457b93720f0a2ee01db2,ord_dataset-1ec2807f02fa4beda27d2a81b86eb843,115,40a7867c7e8412770addd22e9ea0ff399860e1b0fecd7fc3559ae895e539c943
202,ord_dataset-1ec2807f02fa4beda27d2a81b86eb843:ord-28d303745d5e4f75be6c9d5c65f068a7,ord_dataset-1ec2807f02fa4beda27d2a81b86eb843,955,c9e23eefaa9125ebf47c3c8285d044130532f2edf9688b09f5edaf7ae78a0bbe
203,ord_dataset-1ec2807f02fa4beda27d2a81b86eb843:ord-28d6615b0fd1419584c8c9e57615a732,ord_dataset-1ec2807f02fa4beda27d2a81b86eb843,896,231bec89fb064592c12bf146b462a661337ed1b45a9231bf6768a726531c7ee8
204,ord_dataset-1ec2807f02fa4beda27d2a81b86eb843:ord-28e14f960c81494c901318c9040ed83d,ord_dataset-1ec2807f02fa4beda27d2a81b86eb843,340,48f66713977451a966824c96e94554c48b315c8247fc028f91f58c2c173ec572
205,ord_dataset-1ec2807f02fa4beda27d2a81b86eb843:ord-2902bf8730cf4812b404f17a2d171cd4,ord_dataset-1ec2807f02fa4beda27d2a81b86eb843,754,cc1e7f18587cfafd1000e96716693219cb630f623d1b892d691246c726c4e20f
206,ord_dataset-1ec2807f02fa4beda27d2a81b86eb843:ord-29617a2ba44a433396a11854a0e5bb5f,ord_dataset-1ec2807f02fa4beda27d2a81b86eb843,878,da01b3797073a08263e4254c286b74556d0dd8b943fa1969dd5a6fb53f481d7f
207,ord_dataset-1ec2807f02fa4beda27d2a81b86eb843:ord-29e5992767fa497090747f8cd6ef342b,ord_dataset-1ec2807f02fa4beda27d2a81b86eb843,553,5d7532a387ee937f153d73c3a7914ff3815566c09e62a50fea3c36ea9646d114
208,ord_dataset-1ec2807f02fa4beda27d2a81b86eb843:ord-2a1f6a6ed94f495fbcc5f0642372a608,ord_dataset-1ec2807f02fa4beda27d2a81b86eb843,80,ed3888562859257414daf6af571095f4472b2fcb62eb1852c2834c5ab4b2ce5d
209,ord_dataset-1ec2807f02fa4beda27d2a81b86eb843:ord-2a21f7cce680448db6fd419c5dbbc71e,ord_dataset-1ec2807f02fa4beda27d2a81b86eb843,367,3cd0c7d3e8e97b36156ebf6889d6e38ab2c3097ba211af11f65cbb6585eae6ea
210,ord_dataset-1ec2807f02fa4beda27d2a81b86eb843:ord-2a275dfc888a4ed7b673d236cbb9aadf,ord_dataset-1ec2807f02fa4beda27d2a81b86eb843,645,42eabd9595a65feb32d6646ef1216aa2388970e16190a489b21650a8a7b9b7a9
211,ord_dataset-1ec2807f02fa4beda27d2a81b86eb843:ord-2a54c5efae8e4bbb92597db581e039c1,ord_dataset-1ec2807f02fa4beda27d2a81b86eb843,707,989124f67cfbc569c3c348df30928de553020b37d90116a270f8a283372a4ad5
212,ord_dataset-1ec2807f02fa4beda27d2a81b86eb843:ord-2a7048758b6c4f21b423d70a42c56e26,ord_dataset-1ec2807f02fa4beda27d2a81b86eb843,903,aa6d8c6d845955afbf68f356bc5752112ac85822916ad7e8383ae67d14ae8ded
213,ord_dataset-1ec2807f02fa4beda27d2a81b86eb843:ord-2a9e9c05e0dd400aa4ac3107934a6fc3,ord_dataset-1ec2807f02fa4beda27d2a81b86eb843,329,fc790c61e92ccf3e84ff721727d96dbfe334c92c892180925cae65e3f6adda1e
214,ord_dataset-1ec2807f02fa4beda27d2a81b86eb843:ord-2ace604f2a004ae5bff229e6a5620e80,ord_dataset-1ec2807f02fa4beda27d2a81b86eb843,880,b8db86f8c384d76d3eb5cde3e9eac3e2354673153c459d1366421026cae94d06
215,ord_dataset-1ec2807f02fa4beda27d2a81b86eb843:ord-2aefcf513662458b9b40e72a86e1d262,ord_dataset-1ec2807f02fa4beda27d2a81b86eb843,1060,9ee0539c277875954b7895d9602c9c08100c7ed96e496bb483d74469c709e299
216,ord_dataset-1ec2807f02fa4beda27d2a81b86eb843:ord-2b3d026ccd4f4b788bda83f1ac8bde0f,ord_dataset-1ec2807f02fa4beda27d2a81b86eb843,509,2ac6338ef1d027e820b0989d7b8de8f18b7a49db8bdd7c971970e90e3cfc72f9
217,ord_dataset-1ec2807f02fa4beda27d2a81b86eb843:ord-2bd34928bb7e46889797cd9d7e2187c3,ord_dataset-1ec2807f02fa4beda27d2a81b86eb843,176,97b132338cd5a9fe364b8a3217fb12581220fc6a4e1d8eec58d82c0cb586118e
218,ord_dataset-1ec2807f02fa4beda27d2a81b86eb843:ord-2bed426b32f64cbe9bb316611b44e4dd,ord_dataset-1ec2807f02fa4beda27d2a81b86eb843,763,fc5392777d0b86ffab18a69acfd495ce3d48c90326c8de5c70c47130ef832c05
219,ord_dataset-1ec2807f02fa4beda27d2a81b86eb843:ord-2bff738ac8724d54861117711c51ed8c,ord_dataset-1ec2807f02fa4beda27d2a81b86eb843,546,db9f497f1a47dc893ca67a02ded20864f30574940b850f9bf7b4d3cfaf5558d4
220,ord_dataset-1ec2807f02fa4beda27d2a81b86eb843:ord-2c394124b8714e179352ae9c2d9944c6,ord_dataset-1ec2807f02fa4beda27d2a81b86eb843,552,3be0ec2e53a192aa0a60b42b10ebc0ac644632c74af8f49b32591df86a4589ba
221,ord_dataset-1ec2807f02fa4beda27d2a81b86eb843:ord-2c436f153b7e4ab5b84e68fabea1305b,ord_dataset-1ec2807f02fa4beda27d2a81b86eb843,791,43518ce2b79178cf382a9e25abbdad4cb7aa8d913c97fa2377f468e5c7ccf930
222,ord_dataset-1ec2807f02fa4beda27d2a81b86eb843:ord-2c6a2e9254e04617b418f6e7ffa8dbe5,ord_dataset-1ec2807f02fa4beda27d2a81b86eb843,1186,22201be050d91584766c4d28fb3b0f16eca50d3b3fe1969401be6c8db3230c15
223,ord_dataset-1ec2807f02fa4beda27d2a81b86eb843:ord-2c8e178943c242c78f78973f44af095d,ord_dataset-1ec2807f02fa4beda27d2a81b86eb843,466,7e996455a4a0a69c5cd4690d3b2e7134c187ea21e65a11598348ee2f86e37b5a
224,ord_dataset-1ec2807f02fa4beda27d2a81b86eb843:ord-2cba15547216457fa8bbe77cabef984f,ord_dataset-1ec2807f02fa4beda27d2a81b86eb843,1005,6d86e1d3d6137d97aed4127836300925fb4697df244cc674908af02a52fc9181
225,ord_dataset-1ec2807f02fa4beda27d2a81b86eb843:ord-2ccebda9e64f4dfcb689b495b0191b46,ord_dataset-1ec2807f02fa4beda27d2a81b86eb843,298,f5b45d69d154ff46a484d3fadb1db45ba4dd4ee1904cb87e4b7a0de19ae69c1e
226,ord_dataset-1ec2807f02fa4beda27d2a81b86eb843:ord-2cda30e8698c4a389b321e33519020b8,ord_dataset-1ec2807f02fa4beda27d2a81b86eb843,803,ea22de601276c6e0ce817df017d4526616d60dccdbe35a1744a05c5d89fa95fc
227,ord_dataset-1ec2807f02fa4beda27d2a81b86eb843:ord-2ce6362db53345608a480dab887996c6,ord_dataset-1ec2807f02fa4beda27d2a81b86eb843,692,21da82d38b5f9fdff1dbd586a9b26ae73247d8989b0f8bd47e03ecc221487db9
228,ord_dataset-1ec2807f02fa4beda27d2a81b86eb843:ord-2d135284e9c24e9086d621065c414fc4,ord_dataset-1ec2807f02fa4beda27d2a81b86eb843,1143,9013baa8390fbdb4e7d00773ac8636cf37071077cad908a4259bddaef8bc50da
229,ord_dataset-1ec2807f02fa4beda27d2a81b86eb843:ord-2d1831ce478b4b8996a86788df651fab,ord_dataset-1ec2807f02fa4beda27d2a81b86eb843,684,9b747391ed5361f8347f10eab1971cad79426f445439958455d6cd763fd6743b
230,ord_dataset-1ec2807f02fa4beda27d2a81b86eb843:ord-2d376cc61b744bd79216a1673142fd0f,ord_dataset-1ec2807f02fa4beda27d2a81b86eb843,13,ac3ab2cf19b0db2cc90ea782acbd35e3b976ec8af75cd2a6922b66483eb6988d
231,ord_dataset-1ec2807f02fa4beda27d2a81b86eb843:ord-2d52d03743fb47f29503ee8ac7a427aa,ord_dataset-1ec2807f02fa4beda27d2a81b86eb843,1100,235f2c6fd7c02e3a5e9fcbe005cf03514f881f3708d83090eb5f8c92d272cd48
232,ord_dataset-1ec2807f02fa4beda27d2a81b86eb843:ord-2d79834367f4455c97ad07e40d9221d7,ord_dataset-1ec2807f02fa4beda27d2a81b86eb843,297,85664d33ed8ea344b7d11f119c28f7f61a76ed8e06d0ecaf098494bfb6087710
233,ord_dataset-1ec2807f02fa4beda27d2a81b86eb843:ord-2dea63faf83747ce82a86700edc02b41,ord_dataset-1ec2807f02fa4beda27d2a81b86eb843,173,07aeb7a8cac61b26afe0c5a1a8e6937ad338fc1510c4990e36b9428ab036d69c
234,ord_dataset-1ec2807f02fa4beda27d2a81b86eb843:ord-2e384c5e35d342a58d35b09be13ccdd3,ord_dataset-1ec2807f02fa4beda27d2a81b86eb843,595,d70a17956409b06da3cafade972bfa153bc969b6adeee0a8b433935616bc801a
235,ord_dataset-1ec2807f02fa4beda27d2a81b86eb843:ord-2e9f525e339b44b0a319201feb977d7a,ord_dataset-1ec2807f02fa4beda27d2a81b86eb843,1024,19808b0795b084761f76b218905f89401f68dcb9de15347f8652d773b96b9f5c
236,ord_dataset-1ec2807f02fa4beda27d2a81b86eb843:ord-2ed211ba1ddb497fab84f4075447d33a,ord_dataset-1ec2807f02fa4beda27d2a81b86eb843,1068,39042012f65320c974befacfdf494bea560f39e551703afb43a02d193b8f84db
237,ord_dataset-1ec2807f02fa4beda27d2a81b86eb843:ord-2edc8e28c44247019e1a68253be7134f,ord_dataset-1ec2807f02fa4beda27d2a81b86eb843,696,b22f7fb2dcd741ca69b00299fea0d6dd7636d2bec6d25b975bd96544e1e63e74
238,ord_dataset-1ec2807f02fa4beda27d2a81b86eb843:ord-2ee951ede5da4b8fb0bf127c671c0718,ord_dataset-1ec2807f02fa4beda27d2a81b86eb843,602,04012da7928b3b63f9357a2f81eebad1190b877a1b2eb3b1df45311ec9bbf4aa
239,ord_dataset-1ec2807f02fa4beda27d2a81b86eb843:ord-2efce2833835452c875f0f07e8910284,ord_dataset-1ec2807f02fa4beda27d2a81b86eb843,92,9ceb344b471b63b45d29064e6dbdefc597127bba7d032a50211d52e70332695f
240,ord_dataset-1ec2807f02fa4beda27d2a81b86eb843:ord-2f153b64b987470cb883ccf32279c053,ord_dataset-1ec2807f02fa4beda27d2a81b86eb843,1184,55ae618f7aa540b222ea1499300479706739edee561a33ec6d6bd4ae1f533132
241,ord_dataset-1ec2807f02fa4beda27d2a81b86eb843:ord-2f47bbb8b174409eb3d0be18ebf1b4c2,ord_dataset-1ec2807f02fa4beda27d2a81b86eb843,812,30cc1995b74f1cca30431049b36bc5192c52e267e39bdc82a1a37b307b7a8f54
242,ord_dataset-1ec2807f02fa4beda27d2a81b86eb843:ord-2f50563971fe41f2ad2e10f791faac8e,ord_dataset-1ec2807f02fa4beda27d2a81b86eb843,861,887b695bc56d1ae4706ae5e7df8be6c2e80f663799607b43a0306a89e96b6623
243,ord_dataset-1ec2807f02fa4beda27d2a81b86eb843:ord-2f6b44b9239a490493c6f42cff3c60db,ord_dataset-1ec2807f02fa4beda27d2a81b86eb843,496,25954846323555d1d6f764540279d30aa33366e959ab843934dea1c9889ede52
244,ord_dataset-1ec2807f02fa4beda27d2a81b86eb843:ord-2f82f7c044c74ad9b0c70a63771729ac,ord_dataset-1ec2807f02fa4beda27d2a81b86eb843,615,2741b4bc53dacb31aea9487e794c5cfe329eb0391b7f1a56d4f2b8468f42adac
245,ord_dataset-1ec2807f02fa4beda27d2a81b86eb843:ord-2f9609fd6e3341979c835c03aad5a40f,ord_dataset-1ec2807f02fa4beda27d2a81b86eb843,1069,f20003b3c91d3f75731d252433da1c7a0051675dd3edee5f851f13e43ebf1bc4
246,ord_dataset-1ec2807f02fa4beda27d2a81b86eb843:ord-2fa08c5b68dc4fcc94459a38dbb94b88,ord_dataset-1ec2807f02fa4beda27d2a81b86eb843,384,a6f3044cefc9d98d5c778beeab1014f36ea989a1f492f093491e18fb41e5fe10
247,ord_dataset-1ec2807f02fa4beda27d2a81b86eb843:ord-2fad6662f9dd4369b8d8e757ad4980d1,ord_dataset-1ec2807f02fa4beda27d2a81b86eb843,769,112c8b4dca125acc04b856874fbfabe83fec1ba1431e26eba9b53961da833a78
248,ord_dataset-1ec2807f02fa4beda27d2a81b86eb843:ord-2fceeedc57b6437ba2ab5f07d39663aa,ord_dataset-1ec2807f02fa4beda27d2a81b86eb843,131,798fd9bbdbe6cb9aefcf2970561a9c7dc7bd95310cca8ffe1dd7114c24b4ff08
249,ord_dataset-1ec2807f02fa4beda27d2a81b86eb843:ord-308c17f73ada45599b061aa67d814bbb,ord_dataset-1ec2807f02fa4beda27d2a81b86eb843,1056,59dd09ec80ff120b178b2a8f2d8ad7c7623bd38f2b68465a3f8e1ef3f9ea2a8b
250,ord_dataset-1ec2807f02fa4beda27d2a81b86eb843:ord-31759c19d04e446e8988f6937f864792,ord_dataset-1ec2807f02fa4beda27d2a81b86eb843,52,c7f708c924912cfd54e8c55f6bf275526393f1f2d831090e923d6fc659048c2f
251,ord_dataset-1ec2807f02fa4beda27d2a81b86eb843:ord-317ecd68d9de4b4d8d1a30713cca12a3,ord_dataset-1ec2807f02fa4beda27d2a81b86eb843,382,9d5042baa22878147554aeb3ff3dfa16f42bb25957fb1367a8871e238b622096
252,ord_dataset-1ec2807f02fa4beda27d2a81b86eb843:ord-3211a0ee4f774b618ef34b5aed6c0eb0,ord_dataset-1ec2807f02fa4beda27d2a81b86eb843,394,ad7292bad1711e40938e5d9299e9b51f849569352e115c96c719252e2268fe8d
253,ord_dataset-1ec2807f02fa4beda27d2a81b86eb843:ord-325a73769a9743c4907bb2fdb4aac4b1,ord_dataset-1ec2807f02fa4beda27d2a81b86eb843,939,2da89643bfb55da6c60f76b207a87b7d83b0c0979eee7c463c81e7cf391a09bf
254,ord_dataset-1ec2807f02fa4beda27d2a81b86eb843:ord-32df0ae0fe2543bead62e6df5ec523c9,ord_dataset-1ec2807f02fa4beda27d2a81b86eb843,806,f44e0a3273e6dc72ea4a0fb5a8c28e59394bd0d161345817b9f9773743036616
255,ord_dataset-1ec2807f02fa4beda27d2a81b86eb843:ord-3318a1d8de9a430db8d686ebf3dd7b44,ord_dataset-1ec2807f02fa4beda27d2a81b86eb843,98,3fa7f78d5fa7f012e81a83a645330340304fdc7181f98ecfcbaaeb0f9e8c9e9c
256,ord_dataset-1ec2807f02fa4beda27d2a81b86eb843:ord-331fd21bdfdc43549f8ec1b748d36f82,ord_dataset-1ec2807f02fa4beda27d2a81b86eb843,686,7944487594c1248f67ebb3afecd7c14f363dee2b5bf190f1d9330a5e4c78c387
257,ord_dataset-1ec2807f02fa4beda27d2a81b86eb843:ord-33212d821a7b46149d21ce3a60e9606c,ord_dataset-1ec2807f02fa4beda27d2a81b86eb843,431,9163bd3e77efbda43d6e7fef9e9153ef052a901f25683f5bfd84839653805db3
258,ord_dataset-1ec2807f02fa4beda27d2a81b86eb843:ord-3322a068a1e5446dae80fe9b4e8e6335,ord_dataset-1ec2807f02fa4beda27d2a81b86eb843,1081,819b59f09ff7a872a36ff440a8f38734d032a19d28874b1249f6258129d89833
259,ord_dataset-1ec2807f02fa4beda27d2a81b86eb843:ord-3324a6684bf74c63a99bd7037267bc1a,ord_dataset-1ec2807f02fa4beda27d2a81b86eb843,764,f466663f0c3a05ac71907e3260094d05c7f3cbccc26a5f1b14eb405efec497c3
260,ord_dataset-1ec2807f02fa4beda27d2a81b86eb843:ord-334c743350e745dd9fc9c81996fb1f56,ord_dataset-1ec2807f02fa4beda27d2a81b86eb843,48,6746f8878b5ffdee34ec8019976b96a517504fbb24cc3a375b74d94daf7ca1bd
261,ord_dataset-1ec2807f02fa4beda27d2a81b86eb843:ord-33658d5d286f46d98e20794404f483e9,ord_dataset-1ec2807f02fa4beda27d2a81b86eb843,438,23d8cddb5bf6aa5737833e67509c3d90364e88afe9d8504a255a587a22d0f367
262,ord_dataset-1ec2807f02fa4beda27d2a81b86eb843:ord-3372959e28344880ae2f69f988a6b35e,ord_dataset-1ec2807f02fa4beda27d2a81b86eb843,307,f6c44d2c9b8c50564759d4a1afd9e819bd0686bb1fa7fb2c34a0405182d2c29c
263,ord_dataset-1ec2807f02fa4beda27d2a81b86eb843:ord-337fb8b9d9744defa085453fbac0458b,ord_dataset-1ec2807f02fa4beda27d2a81b86eb843,330,63f182e9df0684399a0577278d0f4c1d2898e66d7431e289294250042d46d672
264,ord_dataset-1ec2807f02fa4beda27d2a81b86eb843:ord-33ffbb475d1e4195af5ff8798bcf0750,ord_dataset-1ec2807f02fa4beda27d2a81b86eb843,104,f56add937ca5f59fa69c7a4340f4d4ba56ccfa9959c12157845212e6b3bcf45b
265,ord_dataset-1ec2807f02fa4beda27d2a81b86eb843:ord-343017fe54a54af496a8056cd6d4f9d6,ord_dataset-1ec2807f02fa4beda27d2a81b86eb843,1076,4368a1ccfe3e5995c46befee60e4e8602da0ec20b759f9a7d4d45a88ad0c8501
266,ord_dataset-1ec2807f02fa4beda27d2a81b86eb843:ord-3435821c47aa4f8a8bc0a34ecf98fe68,ord_dataset-1ec2807f02fa4beda27d2a81b86eb843,89,29beb535731f88e021e4e3e0c226e6dedfa477e69461bf3c722baa11e9dafacf
267,ord_dataset-1ec2807f02fa4beda27d2a81b86eb843:ord-34700266b9f34386b849d9e1f037d50d,ord_dataset-1ec2807f02fa4beda27d2a81b86eb843,436,5cb5566f5de2cf1b084294bf50aee267adc2cba1dd085e2029f0aa5f20adecd8
268,ord_dataset-1ec2807f02fa4beda27d2a81b86eb843:ord-34be1ebb29784139bfcd33e425340529,ord_dataset-1ec2807f02fa4beda27d2a81b86eb843,665,88f58686493afd8610c192d3d34ae66bd9d23861fb081c666c2cfe052285f6b9
269,ord_dataset-1ec2807f02fa4beda27d2a81b86eb843:ord-34c68affa1f049ea86d232f62b175a49,ord_dataset-1ec2807f02fa4beda27d2a81b86eb843,650,5f67081d538f3a9f1d77b7fd432ce7818f53b30ee946f2b0122d94abb4a3dd00
270,ord_dataset-1ec2807f02fa4beda27d2a81b86eb843:ord-350f6bba0063476a96fca85bc09b3aca,ord_dataset-1ec2807f02fa4beda27d2a81b86eb843,8,5471cbd347ba2cfe866ead95a6ac0079a5624fc69ae3c20f719c7675cec3dcf0
271,ord_dataset-1ec2807f02fa4beda27d2a81b86eb843:ord-35101162058748eea449de23dfd9cdad,ord_dataset-1ec2807f02fa4beda27d2a81b86eb843,430,920558a49c16ecfb7d7d11b008c34dfff1d2ea400d8cb7eff0c92d66836ff028
272,ord_dataset-1ec2807f02fa4beda27d2a81b86eb843:ord-3514331f0b84421aaddea62afb424c71,ord_dataset-1ec2807f02fa4beda27d2a81b86eb843,980,83c136b9bf3055ed3ad7ade5497113ab2057dd3fdf6ab6300f23507702fb7796
273,ord_dataset-1ec2807f02fa4beda27d2a81b86eb843:ord-353351afbd8c4cb19257a23d8c4ea205,ord_dataset-1ec2807f02fa4beda27d2a81b86eb843,1051,7a2f8d350be673712884a86de6f0f1e9eccc769f0334764b7fb8e2dadd1bb4ee
274,ord_dataset-1ec2807f02fa4beda27d2a81b86eb843:ord-35dcd0d8610241d4bdc31d590d397d1e,ord_dataset-1ec2807f02fa4beda27d2a81b86eb843,72,266babd98cb4e7cea82983d693597c2cc4da8a1ee8d888c9fe852dee67acc462
275,ord_dataset-1ec2807f02fa4beda27d2a81b86eb843:ord-3615375d013c4f55946ebdf9f6f6567d,ord_dataset-1ec2807f02fa4beda27d2a81b86eb843,973,23d833bfd4bf1fd25d4000cf2a0e4ab1f492e19da934cf14b87bcc670932cf41
276,ord_dataset-1ec2807f02fa4beda27d2a81b86eb843:ord-36c8ee80e0314955b4220af0209ed5eb,ord_dataset-1ec2807f02fa4beda27d2a81b86eb843,190,9e60fbf959c10d138e12c7f3c7a4befa2665c693ca93947c7cd58b58207d9167
277,ord_dataset-1ec2807f02fa4beda27d2a81b86eb843:ord-3708fd6eb5174ba98c6e4eced107fddd,ord_dataset-1ec2807f02fa4beda27d2a81b86eb843,818,bc841d5038bac2835c74703a2c43ee52bddab26cb366083289a59092b88a394e
278,ord_dataset-1ec2807f02fa4beda27d2a81b86eb843:ord-3736f6bf35a3473c8433ce05055ea912,ord_dataset-1ec2807f02fa4beda27d2a81b86eb843,555,31bfc130ef8a974145944fc332c38fa99109a03ea0d68ba2daad361c9e6c69e0
279,ord_dataset-1ec2807f02fa4beda27d2a81b86eb843:ord-373e8798a0454194b35e49cfadcf7a47,ord_dataset-1ec2807f02fa4beda27d2a81b86eb843,227,c6fb53d8ba62ea4636ce80fecc38a10e7e064a9154723a9be202296831214d7d
280,ord_dataset-1ec2807f02fa4beda27d2a81b86eb843:ord-378e6f156c704f46bf95ea13e6ce4a87,ord_dataset-1ec2807f02fa4beda27d2a81b86eb843,942,a0f8870eda6908692134bfaa9d6855dd5fafdd90b32de0d59689f85343e512e4
281,ord_dataset-1ec2807f02fa4beda27d2a81b86eb843:ord-37998f281e3e40ea951719d8610b47a5,ord_dataset-1ec2807f02fa4beda27d2a81b86eb843,1049,eb443a8cf66c9b982b89b656c22946f8f2dbdc670261d3308849fdbcd975c39e
282,ord_dataset-1ec2807f02fa4beda27d2a81b86eb843:ord-37adfaddd73e4119838601a91e9e8e76,ord_dataset-1ec2807f02fa4beda27d2a81b86eb843,418,62e2aeb87fec28ca6db27416cc015729be702bc671fd343151a0a70a975c4680
283,ord_dataset-1ec2807f02fa4beda27d2a81b86eb843:ord-37be84f804534c48962d768a59ad2043,ord_dataset-1ec2807f02fa4beda27d2a81b86eb843,718,2d46ff3079a481d3ca85bbeccf8dbf46c215929dcd2160d38c43a5f483070319
284,ord_dataset-1ec2807f02fa4beda27d2a81b86eb843:ord-37bfcc0089a946e79c8edded0d070528,ord_dataset-1ec2807f02fa4beda27d2a81b86eb843,729,85d0c651e05e3c4d99e6ee004e72526d3b5784f5f4bf87c7f94f7ed24e6e817b
285,ord_dataset-1ec2807f02fa4beda27d2a81b86eb843:ord-37c545239b4941319168e0d55b173ea1,ord_dataset-1ec2807f02fa4beda27d2a81b86eb843,1175,f76631b570677ea7318c2dee3b5fd1ead241d7f3cc92d5be55798cf74d918afb
286,ord_dataset-1ec2807f02fa4beda27d2a81b86eb843:ord-37d0ca8694e34adfbe7d19e4efdcc7e0,ord_dataset-1ec2807f02fa4beda27d2a81b86eb843,513,4be402e00f7d5e8efa5d8da831972d196b8c2167003d8600cdae8fa6666115cd
287,ord_dataset-1ec2807f02fa4beda27d2a81b86eb843:ord-37f9024daeed4cf8bbdc4bd7428488f9,ord_dataset-1ec2807f02fa4beda27d2a81b86eb843,452,9433a658aa8987090c9df435434eb3f2536ad0079de4e32d5845725badcda7fa
288,ord_dataset-1ec2807f02fa4beda27d2a81b86eb843:ord-38091c03678842c2928311528001412c,ord_dataset-1ec2807f02fa4beda27d2a81b86eb843,1141,60f605396dff421c17a97f7af96ca10b4e7a2f37fa4244ea5d568f6e02336988
289,ord_dataset-1ec2807f02fa4beda27d2a81b86eb843:ord-380d725c78744e599a6a0af4cd993b5a,ord_dataset-1ec2807f02fa4beda27d2a81b86eb843,909,66242690936f50c96a9d849df73b2637c7d647325274b862006eade1b40e484b
290,ord_dataset-1ec2807f02fa4beda27d2a81b86eb843:ord-38166b8fba5c402f9184dc16d903bb77,ord_dataset-1ec2807f02fa4beda27d2a81b86eb843,722,6eb8760efe353b75c0546464ff2b12fd0788d535c869c5396ee0b338e105e687
291,ord_dataset-1ec2807f02fa4beda27d2a81b86eb843:ord-3826a636050c4a4bb620323848165dcd,ord_dataset-1ec2807f02fa4beda27d2a81b86eb843,1144,52d125100ca72b4b60cd6d65afecaa147b786b26656da752d58de95609592b30
292,ord_dataset-1ec2807f02fa4beda27d2a81b86eb843:ord-3831e2c8283343b6a47649637e96d72e,ord_dataset-1ec2807f02fa4beda27d2a81b86eb843,596,ceeb939f7d78607f80d038b1702d91952d10b5a626371b2c2a56d7155ee30be7
293,ord_dataset-1ec2807f02fa4beda27d2a81b86eb843:ord-38714ab125aa46cbb91dcb49cae5e2b7,ord_dataset-1ec2807f02fa4beda27d2a81b86eb843,672,95944d49d9f0692149919ce63a2b831308d21f069d041ec50b61457344776504
294,ord_dataset-1ec2807f02fa4beda27d2a81b86eb843:ord-38c0bf5b5e10471f8c293367edf857ad,ord_dataset-1ec2807f02fa4beda27d2a81b86eb843,514,6fade635742705be913bbee005dd18da59e33528ccf6dc0fd987480808d37403
295,ord_dataset-1ec2807f02fa4beda27d2a81b86eb843:ord-38f08b352f5c435e824a1e53e4adfd48,ord_dataset-1ec2807f02fa4beda27d2a81b86eb843,144,5bf2c8494bd4b20518a0c766ba9c80bdb6642c38ffdb595ceeeaac416964c938
296,ord_dataset-1ec2807f02fa4beda27d2a81b86eb843:ord-38f22edbd4ce46209a1ba870be21179f,ord_dataset-1ec2807f02fa4beda27d2a81b86eb843,6,2cb74c30733eaf4a1720a06e6dabfd935c21021e5444afe416392ea7c365fc78
297,ord_dataset-1ec2807f02fa4beda27d2a81b86eb843:ord-39280840f04e44dfb1e1a4ce085b092f,ord_dataset-1ec2807f02fa4beda27d2a81b86eb843,826,a82bd0d9a1d448f431550930fbf3f2e0765cc786cc6546f4c36de556ef62eec0
298,ord_dataset-1ec2807f02fa4beda27d2a81b86eb843:ord-397dcd338fd543e6a34ccd3397a84818,ord_dataset-1ec2807f02fa4beda27d2a81b86eb843,359,5c003edb86bcb825d80b6d7968c4474570ced50add99c8b00a3bb159a011443c
299,ord_dataset-1ec2807f02fa4beda27d2a81b86eb843:ord-39ac33fdd34c4485ae192a758c5c5d56,ord_dataset-1ec2807f02fa4beda27d2a81b86eb843,230,d40990359abc185ecd5a5fb1be8a9ec848176b0f9969a3240eaa8b50c3956237
300,ord_dataset-1ec2807f02fa4beda27d2a81b86eb843:ord-39cc4236847841ddaf4490ac8ee98296,ord_dataset-1ec2807f02fa4beda27d2a81b86eb843,4,914feec147760e3a046d4f700600ec85498daf143dfe33a5ff0e2c8bd417faab
301,ord_dataset-1ec2807f02fa4beda27d2a81b86eb843:ord-39fca0de323c4b259b9df06f4910bc17,ord_dataset-1ec2807f02fa4beda27d2a81b86eb843,204,3fa0a0f7fac41ec512c20f53b184aa4138c5b1d9b0ef995de0871f2c6e6d85e6
302,ord_dataset-1ec2807f02fa4beda27d2a81b86eb843:ord-3a589bf5bf7245499e8496191a848942,ord_dataset-1ec2807f02fa4beda27d2a81b86eb843,667,fd4013015f3c77a3ec4e197b8c576445e0aa2efe853018f3732a2f31c0c011be
303,ord_dataset-1ec2807f02fa4beda27d2a81b86eb843:ord-3b4981991c97446888661f4b7d656a24,ord_dataset-1ec2807f02fa4beda27d2a81b86eb843,1074,21910ef3e0380e467ae6a0b01465fdcc46d6da4e96db3987c565d1542b0ea8d2
304,ord_dataset-1ec2807f02fa4beda27d2a81b86eb843:ord-3c076206767741bdb781d97e74df0651,ord_dataset-1ec2807f02fa4beda27d2a81b86eb843,1165,faf8e06fd190595a477b961b070885409372983d24a970728bdd3e786ce1b1d7
305,ord_dataset-1ec2807f02fa4beda27d2a81b86eb843:ord-3c45622202cf48b08609f8a92c74753e,ord_dataset-1ec2807f02fa4beda27d2a81b86eb843,250,b98f57916776898030c3d56c7868e6c0bff1821dc5bd9557a04bdedb479f158c
306,ord_dataset-1ec2807f02fa4beda27d2a81b86eb843:ord-3c80b151f71d4077aa08fe7586e5aa8d,ord_dataset-1ec2807f02fa4beda27d2a81b86eb843,274,cfc7dd2dd9e0123bff08d0bfd4bb19a2d3ee80b26162b6115606cea4927eb39b
307,ord_dataset-1ec2807f02fa4beda27d2a81b86eb843:ord-3cbd902e26094639bb12ea1d4b3b24f2,ord_dataset-1ec2807f02fa4beda27d2a81b86eb843,489,7f63c0aebe4be5e2744a0cc216a95353f9a7b2e3cb0366d351bb51a65f53ddb0
308,ord_dataset-1ec2807f02fa4beda27d2a81b86eb843:ord-3cc621102b97467fac7f944484b67815,ord_dataset-1ec2807f02fa4beda27d2a81b86eb843,711,cab2ab3bbcbd7d4ab5f5ec6719f83a033615aeeaf49bb30a6884ce27d51e6b29
309,ord_dataset-1ec2807f02fa4beda27d2a81b86eb843:ord-3cd65ea99f3d4416a8534a052d537bec,ord_dataset-1ec2807f02fa4beda27d2a81b86eb843,143,f94b2d7ad3f2221a6cee101416c9b56ce75a3df5b9e7fefabfc094772980edce
310,ord_dataset-1ec2807f02fa4beda27d2a81b86eb843:ord-3cdb424135ca454a90abc52115b35d13,ord_dataset-1ec2807f02fa4beda27d2a81b86eb843,507,d0d5cb5d4d1ae9c1c11415c9e33473e31a0a98414021317065fb7a5c9ae0fa39
311,ord_dataset-1ec2807f02fa4beda27d2a81b86eb843:ord-3d27a3123c09492cac9a24d8abbc4563,ord_dataset-1ec2807f02fa4beda27d2a81b86eb843,449,bf92cea33688def187b0a1e61f9703d83a509929cd79d3558fc9fc1a875aa931
312,ord_dataset-1ec2807f02fa4beda27d2a81b86eb843:ord-3d3699c4a2774c44921c0108570cfc29,ord_dataset-1ec2807f02fa4beda27d2a81b86eb843,531,48d60b4845f67efdee1ee89c04d8841cbb9bd9a9a3cfee5472c1e6c4d6e7b624
313,ord_dataset-1ec2807f02fa4beda27d2a81b86eb843:ord-3d609e0dfe8a4b07be685a74f93e0c49,ord_dataset-1ec2807f02fa4beda27d2a81b86eb843,502,4a60f05c966fa52ba719364505e537a13ea33ef85327c72114989f36f4268659
314,ord_dataset-1ec2807f02fa4beda27d2a81b86eb843:ord-3dbe0ac743f846b9a0110233f807064b,ord_dataset-1ec2807f02fa4beda27d2a81b86eb843,331,30119e87906dabeb7bf6986d2cd0eedebb6dd511b599804d6eeb850413dc9bd6
315,ord_dataset-1ec2807f02fa4beda27d2a81b86eb843:ord-3e00b2378ae44426a1363dec69cd697e,ord_dataset-1ec2807f02fa4beda27d2a81b86eb843,593,8f3090afad52cea659f211f31968798b6fb6f9afb3c0975347711ee55aac7d61
316,ord_dataset-1ec2807f02fa4beda27d2a81b86eb843:ord-3e70aba9861d475dad7de97d90ee7981,ord_dataset-1ec2807f02fa4beda27d2a81b86eb843,781,1f52002365b363a78399e02f758c6663651f9c98fa0104a8c082ba9718daed26
317,ord_dataset-1ec2807f02fa4beda27d2a81b86eb843:ord-3ed1a0bf706c4f7b8cc02e4efde57592,ord_dataset-1ec2807f02fa4beda27d2a81b86eb843,409,2ae6e151d7af6ac9fed20c1c967af7cafde959365cbe9c71d8a6edea67642d3f
318,ord_dataset-1ec2807f02fa4beda27d2a81b86eb843:ord-3ef52a372f084f73b1c5779b931b836e,ord_dataset-1ec2807f02fa4beda27d2a81b86eb843,1156,b44b294a37e752b6ed53c5a673afe1162bcd87eebfbbeebefa8ef424cd62b9fc
319,ord_dataset-1ec2807f02fa4beda27d2a81b86eb843:ord-3f3a2c931ee64315be19704e08a14a5c,ord_dataset-1ec2807f02fa4beda27d2a81b86eb843,74,ffb0abc4fe35bb7bf037f94df18921973580b847ffb4dc25111207a195a17f72
320,ord_dataset-1ec2807f02fa4beda27d2a81b86eb843:ord-3f806f4cbe9e42bfb5b6ca132f29f948,ord_dataset-1ec2807f02fa4beda27d2a81b86eb843,304,4b271ded6c555596383e694c72bb25c8ff8dbf1b15a980a7443602a7b1201e09
321,ord_dataset-1ec2807f02fa4beda27d2a81b86eb843:ord-3fc04866cfd9450892e1103bf7b1c83b,ord_dataset-1ec2807f02fa4beda27d2a81b86eb843,94,78d9292b566293d0b520a315274d65e9351b90e20b70b3385a03d2a16bf94122
322,ord_dataset-1ec2807f02fa4beda27d2a81b86eb843:ord-3ff7fff322ae42cf90c72c5126c046fc,ord_dataset-1ec2807f02fa4beda27d2a81b86eb843,767,5a83ff5fbb4a02d596575b9b7e8775ef67a341eabbb7135a51bd7d2123206c79
323,ord_dataset-1ec2807f02fa4beda27d2a81b86eb843:ord-3ff8aae29915478d91ff275a28ba1215,ord_dataset-1ec2807f02fa4beda27d2a81b86eb843,437,091e0899440766882a63c8021f64aa933f07558bbd1fc37e919c8f490d71f978
324,ord_dataset-1ec2807f02fa4beda27d2a81b86eb843:ord-4051940df794438d97d71737a43c4586,ord_dataset-1ec2807f02fa4beda27d2a81b86eb843,196,df732f95ee8ffd50d5175e1219a0cad533ec956bb0aa4477653e0c54299b4cd2
325,ord_dataset-1ec2807f02fa4beda27d2a81b86eb843:ord-40ac470e2c43483b9b5c74eaed81a19b,ord_dataset-1ec2807f02fa4beda27d2a81b86eb843,947,f7ac1f8a66da57f001883e020fcf606c2e54db1bc6d5b63f9efdb3b31813a6b6
326,ord_dataset-1ec2807f02fa4beda27d2a81b86eb843:ord-40c674e90d554f81abcd87576b55d3c6,ord_dataset-1ec2807f02fa4beda27d2a81b86eb843,145,af5079af404975b32aafac77b9b7ad9a0d03a8c9ca0a197e2723b7759c75b767
327,ord_dataset-1ec2807f02fa4beda27d2a81b86eb843:ord-40c90f27cb0542c5beb60bf968fd007e,ord_dataset-1ec2807f02fa4beda27d2a81b86eb843,335,c55bb9e13a9f49a6ac0ecb8d08eb9ad5f53212a3d5a5250482aa8b52d567784d
328,ord_dataset-1ec2807f02fa4beda27d2a81b86eb843:ord-410546d8b63b4c6696d162112de141d5,ord_dataset-1ec2807f02fa4beda27d2a81b86eb843,1192,d0501d161a4752d47f17615493e52f4ef0ac55d17f110dd92dd8a73012fe8186
329,ord_dataset-1ec2807f02fa4beda27d2a81b86eb843:ord-413e420b205a42f6a97cfb3ab0303a98,ord_dataset-1ec2807f02fa4beda27d2a81b86eb843,451,3a952e8a3193fde0367a0db790646faf94ecc9e86bc36d220148e5f80ede598d
330,ord_dataset-1ec2807f02fa4beda27d2a81b86eb843:ord-417df757d5364ccdb40f8e1c4f557227,ord_dataset-1ec2807f02fa4beda27d2a81b86eb843,558,cf7ebfbc6dbb7dd5ccd83ce93b1134ef0c42b90f66d81572d09737b9fe667a96
331,ord_dataset-1ec2807f02fa4beda27d2a81b86eb843:ord-41963eb65213402c9faa5688c0f04bbc,ord_dataset-1ec2807f02fa4beda27d2a81b86eb843,136,3d288d861129b3ace6f7f2409647c07412822309d7bbd5e7af1022bd96ac8953
332,ord_dataset-1ec2807f02fa4beda27d2a81b86eb843:ord-41e9ef322a2941358d8e46d19c999c04,ord_dataset-1ec2807f02fa4beda27d2a81b86eb843,254,8679c9f31e200073ac08ba8f198b2ae24fe00f8c8c9f3313b288f92109398586
333,ord_dataset-1ec2807f02fa4beda27d2a81b86eb843:ord-423d8bccdeaa446c9120db632f21369f,ord_dataset-1ec2807f02fa4beda27d2a81b86eb843,1135,d556f2f0896e1d3d094931e0e2d9306b59ca1189e50fa4d1a1639db610a530ed
334,ord_dataset-1ec2807f02fa4beda27d2a81b86eb843:ord-4254391d9a0e4c4cb14265a655d8b290,ord_dataset-1ec2807f02fa4beda27d2a81b86eb843,916,ed63b0711c62008769ee14c686317af1351230ed6ccd01f1df6f3fa4bdce5b2b
335,ord_dataset-1ec2807f02fa4beda27d2a81b86eb843:ord-42c4441b341a4940bbe9a6b6812a38ba,ord_dataset-1ec2807f02fa4beda27d2a81b86eb843,982,10cc043e7eed9575593c4649f4a60c5748f0b23de5ce690eea2b1ca4116a65d1
336,ord_dataset-1ec2807f02fa4beda27d2a81b86eb843:ord-4356ce087e794c2795932d799e72330d,ord_dataset-1ec2807f02fa4beda27d2a81b86eb843,731,7486ae160faccee8cccc1b4f0d2f561694904d9f26a0ecb2111f5e6e76c24be8
337,ord_dataset-1ec2807f02fa4beda27d2a81b86eb843:ord-4391e4e87986489f866f68780fe5044e,ord_dataset-1ec2807f02fa4beda27d2a81b86eb843,844,b8008fc1ed068c7e3e48c0a31d53aee00ace79913b58f8e723b5b5a2b008a9db
338,ord_dataset-1ec2807f02fa4beda27d2a81b86eb843:ord-43bf688264ce4be885912b0b6db436c9,ord_dataset-1ec2807f02fa4beda27d2a81b86eb843,1137,3f78a7a8f5a30de0df432a73826e8db2b8d927f2c28ca267e2a591d06d1283ac
339,ord_dataset-1ec2807f02fa4beda27d2a81b86eb843:ord-43e900a4d9f240888eecd6475052b34f,ord_dataset-1ec2807f02fa4beda27d2a81b86eb843,668,71f4e537abeecd7d16753656c30655168cd1c4b6863eafefd61a6ff6dec99d00
340,ord_dataset-1ec2807f02fa4beda27d2a81b86eb843:ord-440a81c071d74540a967faeefb041e81,ord_dataset-1ec2807f02fa4beda27d2a81b86eb843,919,914b2de0dd8d8359ba1c91d3f8c2f7a522c5c18f7f367d84e809f3887bb3aeae
341,ord_dataset-1ec2807f02fa4beda27d2a81b86eb843:ord-4443e1d151db4062ad7f3a03f6c8a217,ord_dataset-1ec2807f02fa4beda27d2a81b86eb843,203,b05ec2de14d26e9436bd3910a699c0338b566363729f1ff2f2b55235fb6ff080
342,ord_dataset-1ec2807f02fa4beda27d2a81b86eb843:ord-4455bc03b4164ddab6c391505fda7448,ord_dataset-1ec2807f02fa4beda27d2a81b86eb843,453,58c3f5c0dcc75f9bdc5240cab5e36ac09eee1c624ea97aab3d20c9313be41612
343,ord_dataset-1ec2807f02fa4beda27d2a81b86eb843:ord-44a6490383c241468efa3e5e2ede8724,ord_dataset-1ec2807f02fa4beda27d2a81b86eb843,977,47cc8c322912733ac552221d4e72036340229c6bb9849541bd5ae3b60c55888d
344,ord_dataset-1ec2807f02fa4beda27d2a81b86eb843:ord-44bd109b29a94efe818975bbe8468126,ord_dataset-1ec2807f02fa4beda27d2a81b86eb843,1078,40e91de1a731d16d2951f310c56f936ce1540dda89f9864cd807a83e2810362d
345,ord_dataset-1ec2807f02fa4beda27d2a81b86eb843:ord-44c38727a44b45a59a99aeca8faf12f6,ord_dataset-1ec2807f02fa4beda27d2a81b86eb843,913,bc85d78002c234a606943e8103b817261770afb1e29d59ed5d25e2fdc1554bed
346,ord_dataset-1ec2807f02fa4beda27d2a81b86eb843:ord-44e376bfd654400e90d12af89d7009cf,ord_dataset-1ec2807f02fa4beda27d2a81b86eb843,1054,da8a55d8ea4725c12162b97bf8a0288ad286b4b7ebfbda13f59706ab47bb4990
347,ord_dataset-1ec2807f02fa4beda27d2a81b86eb843:ord-44f6a715f2254b0abb50cb1c0862ffb0,ord_dataset-1ec2807f02fa4beda27d2a81b86eb843,1196,5b157d8a1c36aac39ad809cc19d9d4e7d389dd4b7fdb0f668957fa4e81fa81d1
348,ord_dataset-1ec2807f02fa4beda27d2a81b86eb843:ord-452453fc68d34354b27ade1f327b3441,ord_dataset-1ec2807f02fa4beda27d2a81b86eb843,27,995686e29792b90677b493fbd5ee079e87cf80c7b0cd8e7425bff99529c8440f
349,ord_dataset-1ec2807f02fa4beda27d2a81b86eb843:ord-45396d733d9641b3a106f4fc2a124477,ord_dataset-1ec2807f02fa4beda27d2a81b86eb843,966,f12a27b9f4a9d063f5d97c53ca45ad0ff099260de2ce0d350e35369925ab9266
350,ord_dataset-1ec2807f02fa4beda27d2a81b86eb843:ord-457ae5aa64b34d38b54f9d27a8a9fbf7,ord_dataset-1ec2807f02fa4beda27d2a81b86eb843,879,b87c39f1a13cfdc82cec249d4106b088ba30a33e6bd531d06963d7a19783d915
351,ord_dataset-1ec2807f02fa4beda27d2a81b86eb843:ord-457e0e5588ea4dc8b6e3b1fd6a5fa6c2,ord_dataset-1ec2807f02fa4beda27d2a81b86eb843,1104,0e2916b62ac3b2c3b77f1a559ae72040afaf09483d7b6d14a599ce9ff3212cef
352,ord_dataset-1ec2807f02fa4beda27d2a81b86eb843:ord-45b059345859442a9f2aa8d817bab715,ord_dataset-1ec2807f02fa4beda27d2a81b86eb843,29,efc8cf85d1d98afcfb89e96fdf04a20bedeae4bc2ca97e237a9ceb2bca488615
353,ord_dataset-1ec2807f02fa4beda27d2a81b86eb843:ord-45bd3bc463f248748c6e1f41c087963d,ord_dataset-1ec2807f02fa4beda27d2a81b86eb843,414,31b1968c7c0f4656020812692abc4ff70275a869603434e066d246635d0f3872
354,ord_dataset-1ec2807f02fa4beda27d2a81b86eb843:ord-45ef911116644762a5c0e282e224031c,ord_dataset-1ec2807f02fa4beda27d2a81b86eb843,881,04ac62813cb7e74ba9bac2358fb2f075ff42ee7b3ece8e1acd7d289e8940ae5b
355,ord_dataset-1ec2807f02fa4beda27d2a81b86eb843:ord-4646e91881334c539b1323da3b1c5ceb,ord_dataset-1ec2807f02fa4beda27d2a81b86eb843,956,349556b22669e1b9df412f6e4bf77443c508b396432fe2fcd068d9354901d72f
356,ord_dataset-1ec2807f02fa4beda27d2a81b86eb843:ord-46898869a246424085217db1fae3b157,ord_dataset-1ec2807f02fa4beda27d2a81b86eb843,870,e2342c7798a14e42503b0795bb73e852b457c3f168dfa1f9ef91f8790eb4dcd4
357,ord_dataset-1ec2807f02fa4beda27d2a81b86eb843:ord-46b1379a0ea1416fa52f9d4b929bc00c,ord_dataset-1ec2807f02fa4beda27d2a81b86eb843,972,b0d29dfb1431565a57bc4f0957bbc4e697301f19d005f1a3b13e58ba06221581
358,ord_dataset-1ec2807f02fa4beda27d2a81b86eb843:ord-46b6d28ff4454911bbe651100e89cbaa,ord_dataset-1ec2807f02fa4beda27d2a81b86eb843,194,df06205fff47e092872eda422f28942b0d6d27d86677712f473529a18d9dbfc5
359,ord_dataset-1ec2807f02fa4beda27d2a81b86eb843:ord-4711e2ac17a14bc69f254f435833471d,ord_dataset-1ec2807f02fa4beda27d2a81b86eb843,233,97d68e1c77933480a381b98a654067cfa5a91e5ec494259c7c94cbc3c5d455f2
360,ord_dataset-1ec2807f02fa4beda27d2a81b86eb843:ord-474cddda8be24a96b1223e36bc11c333,ord_dataset-1ec2807f02fa4beda27d2a81b86eb843,316,0f1db057d9f4d9322e46af07edcdfbf8ec8dd739297e0ab93d49a81aa35b46ca
361,ord_dataset-1ec2807f02fa4beda27d2a81b86eb843:ord-47509fffe55f4a29a522d39ec1fb5e55,ord_dataset-1ec2807f02fa4beda27d2a81b86eb843,927,59be0ca418ea518ff581357bca1978b611abbe56689e8546c7e678d45a8d72f8
362,ord_dataset-1ec2807f02fa4beda27d2a81b86eb843:ord-47bc0ded67954279a43919536e8ab560,ord_dataset-1ec2807f02fa4beda27d2a81b86eb843,581,a0f36a89c53f763124133cae19f8db4578c7b194c97c63cda649627ad137fd57
363,ord_dataset-1ec2807f02fa4beda27d2a81b86eb843:ord-480f900c5657424c9c8a52743b560147,ord_dataset-1ec2807f02fa4beda27d2a81b86eb843,732,71adb0a9a030b4893616e5799a605378e57f3e401bc8c96b4f732e4f8c23628d
364,ord_dataset-1ec2807f02fa4beda27d2a81b86eb843:ord-481227ecf6cf4756bcff6743ef723540,ord_dataset-1ec2807f02fa4beda27d2a81b86eb843,214,f1aac438695f40de961d9ea96ade714b89015aaf8dd67e4122d407272ae5f7db
365,ord_dataset-1ec2807f02fa4beda27d2a81b86eb843:ord-48372f2a154241eb9ed60686c0c0af5e,ord_dataset-1ec2807f02fa4beda27d2a81b86eb843,207,52798e2a964e8511b75a22b81b06939a9ce2215ea4cd691c398641adc859210d
366,ord_dataset-1ec2807f02fa4beda27d2a81b86eb843:ord-48eba4febf0647649c55c8f71371f8ec,ord_dataset-1ec2807f02fa4beda27d2a81b86eb843,779,024e6017b24912919625c8208b17e86471215bcae93410d985117dd134e33ba0
367,ord_dataset-1ec2807f02fa4beda27d2a81b86eb843:ord-491b2f7145fd432fb86bca994c2aeffc,ord_dataset-1ec2807f02fa4beda27d2a81b86eb843,97,3ba149e7dc719e92b7fb651d8c719fa613a1b4fbec4b0510575473fb3eac8819
368,ord_dataset-1ec2807f02fa4beda27d2a81b86eb843:ord-493a97426e584a79a01ea8d9e0436bef,ord_dataset-1ec2807f02fa4beda27d2a81b86eb843,206,03bd237c3dc7513d7fde302a11a9175af7e7f89285aad4743aa3ec9fee32ab29
369,ord_dataset-1ec2807f02fa4beda27d2a81b86eb843:ord-4998537ed23d470d912faf20b53479cd,ord_dataset-1ec2807f02fa4beda27d2a81b86eb843,1224,a0745d605fc5fe7a37701a4f1dda4cbc94f45652443cad304934b2812d65a6bc
370,ord_dataset-1ec2807f02fa4beda27d2a81b86eb843:ord-49a2218f408b4dccb6404aa82f4062d7,ord_dataset-1ec2807f02fa4beda27d2a81b86eb843,141,dc16ead9eba9b602011b210993b4fedfda6f0326513595f48778bb15443c1902
371,ord_dataset-1ec2807f02fa4beda27d2a81b86eb843:ord-49e8828c76df4588a1353836c8ae803d,ord_dataset-1ec2807f02fa4beda27d2a81b86eb843,547,db21c07b448214daf1fe75ed9051b3dde3d8daff78cd29a2118826764a71aae9
372,ord_dataset-1ec2807f02fa4beda27d2a81b86eb843:ord-49f0f5b7ce34437b970a7f274f1a7177,ord_dataset-1ec2807f02fa4beda27d2a81b86eb843,745,6cd604f9088d1c6cb57ba7f799885474a00ff457cf494d5427a82f3ea472baf6
373,ord_dataset-1ec2807f02fa4beda27d2a81b86eb843:ord-4a261f6d2d354a25883092eb5ba03f93,ord_dataset-1ec2807f02fa4beda27d2a81b86eb843,440,e933c1cef70799078a73a4ebb86fb71606cd0d4de1d9d28bfe270d975aac5068
374,ord_dataset-1ec2807f02fa4beda27d2a81b86eb843:ord-4a4e2d4bb1ac49c39ba42a2623d7e47a,ord_dataset-1ec2807f02fa4beda27d2a81b86eb843,904,77823c0a7bd57534ead23298e618f4c02f38b5f8336e32acc9eda2ac2d87995a
375,ord_dataset-1ec2807f02fa4beda27d2a81b86eb843:ord-4a53f364a7a3428cb9c092598d9c650a,ord_dataset-1ec2807f02fa4beda27d2a81b86eb843,456,631d21845bb45178f50210353e2b8b29777cd395fefe78d659a60cf0421efbf8
376,ord_dataset-1ec2807f02fa4beda27d2a81b86eb843:ord-4a6be1cb5f954a0981f725d1b8865998,ord_dataset-1ec2807f02fa4beda27d2a81b86eb843,154,ede6697bf0fb62804a6eda79a3560bb811c5bbdf7241c8b74a22fafb3eff9f1d
377,ord_dataset-1ec2807f02fa4beda27d2a81b86eb843:ord-4ab072945c7646598c05447616e72d2f,ord_dataset-1ec2807f02fa4beda27d2a81b86eb843,526,4302f5baad731b0df1aa6eb8492ffa5c770eeaa0e3429febb96059b3563faf27
378,ord_dataset-1ec2807f02fa4beda27d2a81b86eb843:ord-4adcf78dfad744308a5112afda2e599a,ord_dataset-1ec2807f02fa4beda27d2a81b86eb843,802,9f316851a8427a520e39043f5828b3957f6a322c2f53bb7c4dc389592f879c95
379,ord_dataset-1ec2807f02fa4beda27d2a81b86eb843:ord-4b064c386c014dbeb284ceb2621b1198,ord_dataset-1ec2807f02fa4beda27d2a81b86eb843,285,ad6051037386b58015a955de433bcea9a60455497ba29d2c931111585fe9a3dd
380,ord_dataset-1ec2807f02fa4beda27d2a81b86eb843:ord-4b3977c189f8484281ccadc03d46d1ea,ord_dataset-1ec2807f02fa4beda27d2a81b86eb843,457,a450df203c7eb24b04e56ec2fc9dbc724e460b88fb603e13aaec86f38a6272f4
381,ord_dataset-1ec2807f02fa4beda27d2a81b86eb843:ord-4b90da71502140f887fe40f76e1b5751,ord_dataset-1ec2807f02fa4beda27d2a81b86eb843,703,81468d8690676702c16bf99348229706a8e060f6cbb682deaa1551ff18dfc518
382,ord_dataset-1ec2807f02fa4beda27d2a81b86eb843:ord-4b92000ec2b94752b8a1383f65ff5128,ord_dataset-1ec2807f02fa4beda27d2a81b86eb843,511,609e19d0bfeb85f725f6bed5c2a01be5f46062a2a16a2bb131e6b8766e4aa264
383,ord_dataset-1ec2807f02fa4beda27d2a81b86eb843:ord-4ba77d48bd7d44399e0cc2bfef037c3f,ord_dataset-1ec2807f02fa4beda27d2a81b86eb843,523,33e8a8a923a8b667020a62b5b0bc1f0e16299fedc5626ebe9d756bd9e3b48087
384,ord_dataset-1ec2807f02fa4beda27d2a81b86eb843:ord-4c1b063630004ab787ca7dbbd6e467b0,ord_dataset-1ec2807f02fa4beda27d2a81b86eb843,252,d6f91013f312b0b5e9d46b273d22a0d50007584a8d593c2af4d4286010035931
385,ord_dataset-1ec2807f02fa4beda27d2a81b86eb843:ord-4c23d7b803a24dac88d52c648e9085e6,ord_dataset-1ec2807f02fa4beda27d2a81b86eb843,795,12bbedf0bead3efabc7d16d35a32111197c0d092368514c0a402fa904775fb17
386,ord_dataset-1ec2807f02fa4beda27d2a81b86eb843:ord-4c25f6bfa916456a8ef6aec8771b72e4,ord_dataset-1ec2807f02fa4beda27d2a81b86eb843,657,5ac2f737e80f42a5d5099bd5c91c37be5c38192303a3fe48025cfffd8ca69f02
387,ord_dataset-1ec2807f02fa4beda27d2a81b86eb843:ord-4c2830ec42fa40e5bc1149edd220ec23,ord_dataset-1ec2807f02fa4beda27d2a81b86eb843,993,6f4787b57060d5dce4897a3b871b22d5aeeadaf18f0ef997604fffaf974ec3aa
388,ord_dataset-1ec2807f02fa4beda27d2a81b86eb843:ord-4c6b343843454182bf79ce0d6097bf98,ord_dataset-1ec2807f02fa4beda27d2a81b86eb843,370,6aba8add1e7c3865a0cc585b9385cd3cac6900bddf16b1bd7a4e1cbc6be87b44
389,ord_dataset-1ec2807f02fa4beda27d2a81b86eb843:ord-4cecc5fe2d484fffb29de20b980df0f8,ord_dataset-1ec2807f02fa4beda27d2a81b86eb843,755,56e136da5d2578895bf651bb029d3c21f1f23224033c2b9889fe3131c9b44e34
390,ord_dataset-1ec2807f02fa4beda27d2a81b86eb843:ord-4d0d574eee884c539f4f44fe3b7a0284,ord_dataset-1ec2807f02fa4beda27d2a81b86eb843,680,3049abaa654882094166ec206271c5a48b4446b50667c23593d9f156bcf36da8
391,ord_dataset-1ec2807f02fa4beda27d2a81b86eb843:ord-4d437fdbf3744e7a96c54ea256a7a7f0,ord_dataset-1ec2807f02fa4beda27d2a81b86eb843,1048,4c5014f658efb687815b9f91bc1d976286043f7066e2851f86c23920fcb7b8f3
392,ord_dataset-1ec2807f02fa4beda27d2a81b86eb843:ord-4d7c90beac784c0085308f45dcc8d26f,ord_dataset-1ec2807f02fa4beda27d2a81b86eb843,605,a02d9eeb3b8d2772d5954b0623ea53f2a223ac4f2ef742df24c32384d91339db
393,ord_dataset-1ec2807f02fa4beda27d2a81b86eb843:ord-4e08c77562e94451ae4d669f94bd9f19,ord_dataset-1ec2807f02fa4beda27d2a81b86eb843,16,bbffe5418427480d959d61f61187e5ce345898a514ad46c75dcf3079d7c20a7c
394,ord_dataset-1ec2807f02fa4beda27d2a81b86eb843:ord-4e19293e70324eb5934beb06b0557c6a,ord_dataset-1ec2807f02fa4beda27d2a81b86eb843,1097,667666a0d1eb17720aa20e8cefae309737b7923d5b0de17d6308569d790152cf
395,ord_dataset-1ec2807f02fa4beda27d2a81b86eb843:ord-4e4d3618135d41a8bf32bf2750f9b913,ord_dataset-1ec2807f02fa4beda27d2a81b86eb843,497,e550d4aae38c6e5a8473dcd18ab75a968e42e1c4978500168b5b9aabbd79784e
396,ord_dataset-1ec2807f02fa4beda27d2a81b86eb843:ord-4e833c146890408da54fb591d4ba9e18,ord_dataset-1ec2807f02fa4beda27d2a81b86eb843,510,be0c25cde957ca13901ab47a6838d3f88457315e323e010cecaf72980ecf11f3
397,ord_dataset-1ec2807f02fa4beda27d2a81b86eb843:ord-4ece835f93f8491c9bda18e30d6a64dc,ord_dataset-1ec2807f02fa4beda27d2a81b86eb843,866,e9fc8d952b3695c1867d77a2000ba8cd95a23285fb6d6f4d5456412bce425a87
398,ord_dataset-1ec2807f02fa4beda27d2a81b86eb843:ord-4f5d6ff5ffea436a9ae64c0ac9fa04da,ord_dataset-1ec2807f02fa4beda27d2a81b86eb843,172,f0da68d11599d63325eff23270d1652d3d9e20f9d9929f03456c57a462ca0304
399,ord_dataset-1ec2807f02fa4beda27d2a81b86eb843:ord-4fda4f1a301f4522a390a7ed2bf62f23,ord_dataset-1ec2807f02fa4beda27d2a81b86eb843,1173,7b15e4758fbb8f39e922d589cc116661c2243fd5c393087909770c8d3cef2cd8
400,ord_dataset-1ec2807f02fa4beda27d2a81b86eb843:ord-50047c71a6f947db99ac75bfb51e63a7,ord_dataset-1ec2807f02fa4beda27d2a81b86eb843,14,ae1dc679dfe881020779ebae2720372899a63f94daefd7c721f8b7a49341576e
401,ord_dataset-1ec2807f02fa4beda27d2a81b86eb843:ord-512bf5ee973b497bb4cec8009edfb409,ord_dataset-1ec2807f02fa4beda27d2a81b86eb843,365,2a9283f2a777f904682d559cc07f958e40f032fd4823f6ce9c616b096264d7c1
402,ord_dataset-1ec2807f02fa4beda27d2a81b86eb843:ord-51448a76653548d68a823870bed5b155,ord_dataset-1ec2807f02fa4beda27d2a81b86eb843,950,f4cf3588bb3b17d295610262123a5a97942d403898e27495b520116c8ecbf2d2
403,ord_dataset-1ec2807f02fa4beda27d2a81b86eb843:ord-517854b8a51046f98185fa66deb0ed10,ord_dataset-1ec2807f02fa4beda27d2a81b86eb843,649,2aaf7b6026874bb428d156af6e8097d32cf235ab100d9dfac300e2cbc06ba610
404,ord_dataset-1ec2807f02fa4beda27d2a81b86eb843:ord-5194e7d4db374d92ad137384f395af17,ord_dataset-1ec2807f02fa4beda27d2a81b86eb843,884,02c095068c7590c597e3440a2edb405a796e9a6e831afb2e5d38f213ced7b6cb
405,ord_dataset-1ec2807f02fa4beda27d2a81b86eb843:ord-53a02ceeaa464780ba089d5c8912aba8,ord_dataset-1ec2807f02fa4beda27d2a81b86eb843,614,e10d01617944f30278d5885125e8c62e9aa0dca6e090c6706b1edc1afbb77960
406,ord_dataset-1ec2807f02fa4beda27d2a81b86eb843:ord-53d04ba9cef443178882cf165d82550a,ord_dataset-1ec2807f02fa4beda27d2a81b86eb843,936,39d6fca90eaba60ed34ecbd6d0609cd2733076330edbead4d05094ce61b04688
407,ord_dataset-1ec2807f02fa4beda27d2a81b86eb843:ord-53ea96df998946378a6a18e17eb9d1ac,ord_dataset-1ec2807f02fa4beda27d2a81b86eb843,201,84e69f1c95ef3ef6433ddb039a53d102560cf7aa2402bf099a4faeb60174a329
408,ord_dataset-1ec2807f02fa4beda27d2a81b86eb843:ord-53eae28461af42089e0e8610d63d0f54,ord_dataset-1ec2807f02fa4beda27d2a81b86eb843,1132,de0822dc26f9b27065aa9ce61bc3a55b6493ff25a5ff2e43ad49ecab9970ded3
409,ord_dataset-1ec2807f02fa4beda27d2a81b86eb843:ord-542a0f97da6f4e158e0226d56b39fc9b,ord_dataset-1ec2807f02fa4beda27d2a81b86eb843,1047,21c3d5999db7b88c931a6539d66b47cb4eac08ca9c38700d93221a942fea3f5d
410,ord_dataset-1ec2807f02fa4beda27d2a81b86eb843:ord-5439a9f66f584a2b953568f22471528a,ord_dataset-1ec2807f02fa4beda27d2a81b86eb843,353,945c7ed8572c30f9b464e62d31d781d214451e124a3d5b2d7c1794d7737a16f0
411,ord_dataset-1ec2807f02fa4beda27d2a81b86eb843:ord-5482f7ea922640e68c238401017ffe86,ord_dataset-1ec2807f02fa4beda27d2a81b86eb843,290,f9ee2f8df144495e8bc32d9c35b54a626bafc3991c0b51c012ad6a54a902c2af
412,ord_dataset-1ec2807f02fa4beda27d2a81b86eb843:ord-54b0d590687249eba8423a763a9fde9d,ord_dataset-1ec2807f02fa4beda27d2a81b86eb843,853,60e7991ea63f02328dd0afa2b1a6d1ca7c936c0e41a4cc14c5a9cce4c0be4911
413,ord_dataset-1ec2807f02fa4beda27d2a81b86eb843:ord-54dff25fa4b4498088d473c88656f0d0,ord_dataset-1ec2807f02fa4beda27d2a81b86eb843,1133,e198597af613dc63cc0d254ff84fa2506fdd5aeaaadb0e5a184cd9490743c9d6
414,ord_dataset-1ec2807f02fa4beda27d2a81b86eb843:ord-554171e6b4744b46b94e249dc38d8c58,ord_dataset-1ec2807f02fa4beda27d2a81b86eb843,339,6e159522ef53f0ef81633b293f69fd1c320de81fcac778135fbe703ce7b67e8e
415,ord_dataset-1ec2807f02fa4beda27d2a81b86eb843:ord-555cf5f03e0144f6be316c5cf68f2a26,ord_dataset-1ec2807f02fa4beda27d2a81b86eb843,865,a7e1981c84eeb16a404b6a072ee94e61fb9783c26d729284de1c61f326b67d72
416,ord_dataset-1ec2807f02fa4beda27d2a81b86eb843:ord-5590286e0b844952a41be33166fef149,ord_dataset-1ec2807f02fa4beda27d2a81b86eb843,835,9134e94ddacbeaa162d23eb2f955cf5bd17edf0bfc4908319cdea795263f6ebc
417,ord_dataset-1ec2807f02fa4beda27d2a81b86eb843:ord-55d710bd98e14796b9a2bb674b121943,ord_dataset-1ec2807f02fa4beda27d2a81b86eb843,235,a9ff7234c8ad9d05ffd20090d7e734bfc9225dd5b699f24165e64e3852222db4
418,ord_dataset-1ec2807f02fa4beda27d2a81b86eb843:ord-56652fa4ae5145b59bbae056535786f1,ord_dataset-1ec2807f02fa4beda27d2a81b86eb843,350,3adff0b994c1eb01c23f7d0b629ab04c363252bc30568fb9cb6e51e1cbcb174b
419,ord_dataset-1ec2807f02fa4beda27d2a81b86eb843:ord-5670b0b5a9764de28049fd691a8e8cc8,ord_dataset-1ec2807f02fa4beda27d2a81b86eb843,163,25adb63cc9bb468a0d0e6978a1d064545f09b4469a63c18e5a1de469200fd440
420,ord_dataset-1ec2807f02fa4beda27d2a81b86eb843:ord-56741c18c99d4dd98a99c0dcedea1d96,ord_dataset-1ec2807f02fa4beda27d2a81b86eb843,503,7549a64f970ca6f5b04fe600ff9633bc45e64af4a91d7a1edaecad2fa26a48fe
421,ord_dataset-1ec2807f02fa4beda27d2a81b86eb843:ord-57010c6bdbe843a988f9a8e55aa6673d,ord_dataset-1ec2807f02fa4beda27d2a81b86eb843,603,34c21f7cd11c315a7a02a6ad7d9f42e3893f14632d5b08e6477c38bf804b60bb
422,ord_dataset-1ec2807f02fa4beda27d2a81b86eb843:ord-570da2e72b334ebfaa72443b25d890c1,ord_dataset-1ec2807f02fa4beda27d2a81b86eb843,517,655aa9a34864b1175f6c66955265a2acc53105d5b189e642787267993a57f8ad
423,ord_dataset-1ec2807f02fa4beda27d2a81b86eb843:ord-57541d9f11cf49d1b0f96b3ccdae6d94,ord_dataset-1ec2807f02fa4beda27d2a81b86eb843,608,4ab09d110e4aad00e3da030090cc67ea65356cf44c8caff5c065cd3c49448746
424,ord_dataset-1ec2807f02fa4beda27d2a81b86eb843:ord-5796d49096554ba282507ae86a7beb9b,ord_dataset-1ec2807f02fa4beda27d2a81b86eb843,1094,f5f9307754d5e72ae818be0bd3d52aede4d9d644afb49572395223c03830b68b
425,ord_dataset-1ec2807f02fa4beda27d2a81b86eb843:ord-580a5af8bb4a4dc9a5ba821f1f73b819,ord_dataset-1ec2807f02fa4beda27d2a81b86eb843,247,4c8b1884e230e963f8a311ea0e66f3c7cc54ab3b261b5ef63bbe3eacbee85391
426,ord_dataset-1ec2807f02fa4beda27d2a81b86eb843:ord-581fdfe00a09476ca569c82342b74b26,ord_dataset-1ec2807f02fa4beda27d2a81b86eb843,580,1defc07f83183970c5cf08b58a72f84ac4a9dfaeecdd7c1720462f3995163b39
427,ord_dataset-1ec2807f02fa4beda27d2a81b86eb843:ord-582a30f976234fdb8d94b8d8f91debe7,ord_dataset-1ec2807f02fa4beda27d2a81b86eb843,79,d883a5b596771ba8b3809943d8ae9ca0871467bd9725932f442ae4b055bc05ce
428,ord_dataset-1ec2807f02fa4beda27d2a81b86eb843:ord-58ccd1aa300b45dabe1eadfe7e0d585a,ord_dataset-1ec2807f02fa4beda27d2a81b86eb843,345,ac168c044943fc4ac257ca42ac99dc9f56a01468a6c4935ea915d27f215ec426
429,ord_dataset-1ec2807f02fa4beda27d2a81b86eb843:ord-5943924a19ed4957a026c792bd09154b,ord_dataset-1ec2807f02fa4beda27d2a81b86eb843,1119,ff91c1e88ab3e8481fcd89027178feb20138e81911ec074e84ced6f82e177a65
430,ord_dataset-1ec2807f02fa4beda27d2a81b86eb843:ord-598dd6379fe142b3913255f4998b6803,ord_dataset-1ec2807f02fa4beda27d2a81b86eb843,1093,6a11494eab25eeb98f190c5182f42c9bbf73874f2f9ba3aa3a9443f7cb21b040
431,ord_dataset-1ec2807f02fa4beda27d2a81b86eb843:ord-59d0692f79eb4473a9d4beaec95cddca,ord_dataset-1ec2807f02fa4beda27d2a81b86eb843,758,1e9b9a8c13e98e32acac63211fda4471c724cfc20418291d00ae488009d4fba8
432,ord_dataset-1ec2807f02fa4beda27d2a81b86eb843:ord-5a05e62799a64aeab92e12e26caca9c8,ord_dataset-1ec2807f02fa4beda27d2a81b86eb843,790,5125222dd3290e85f8240293d4b7415e9f6c1e4b3fe4b5482a510452e2a1d7f7
433,ord_dataset-1ec2807f02fa4beda27d2a81b86eb843:ord-5a2afba96f924178867fd9ac9b3d25af,ord_dataset-1ec2807f02fa4beda27d2a81b86eb843,185,9b22af84f248baf6df4106e31379528bb91027aeae32c3bfe4b709285fc217de
434,ord_dataset-1ec2807f02fa4beda27d2a81b86eb843:ord-5a31e6ad01ec4224afd90f7bf86072b6,ord_dataset-1ec2807f02fa4beda27d2a81b86eb843,539,6b9b5dd028df33cc70efa89eb11bb7bb5363c4189530d5a03bd164d95c55d7ec
435,ord_dataset-1ec2807f02fa4beda27d2a81b86eb843:ord-5a327efaf5784c9b94f218a7304d7b1f,ord_dataset-1ec2807f02fa4beda27d2a81b86eb843,469,de3a013d258601f0b5b6f1f00ec6891732e4440927fd284faea5d0fa0c10bd82
436,ord_dataset-1ec2807f02fa4beda27d2a81b86eb843:ord-5a3f8f88dc7f4686826123888e9ec69f,ord_dataset-1ec2807f02fa4beda27d2a81b86eb843,959,3de431c8479ce4d2f2390f316ca1ee9d72c14f42a4d383be7b05ecc65d4cae8b
437,ord_dataset-1ec2807f02fa4beda27d2a81b86eb843:ord-5aae6bda9a52439292c9a9961b555a85,ord_dataset-1ec2807f02fa4beda27d2a81b86eb843,807,e9401d79d54a9ecd9f8d6ef82cbfb5e3b6b08b279c8add5d39690faa792cd057
438,ord_dataset-1ec2807f02fa4beda27d2a81b86eb843:ord-5aef012953394de5b71a60ae41615190,ord_dataset-1ec2807f02fa4beda27d2a81b86eb843,937,477b859441640c2b796c403dc3626f63c2757f8bb9355f253c482698fe1c67d3
439,ord_dataset-1ec2807f02fa4beda27d2a81b86eb843:ord-5aefa68268474062b69aba9b9cc77e79,ord_dataset-1ec2807f02fa4beda27d2a81b86eb843,282,5c26b844267bcb4c6b7abb9d14a85f3e4f58503da477c1b97a902b07e47c6c99
440,ord_dataset-1ec2807f02fa4beda27d2a81b86eb843:ord-5b483b2dcd1c4045a6770b54497d444c,ord_dataset-1ec2807f02fa4beda27d2a81b86eb843,238,5ce419e102e71f127e544503436726cd2ae8e473e3ae59c00151c84e03c8d572
441,ord_dataset-1ec2807f02fa4beda27d2a81b86eb843:ord-5b5ad807500541239dcd7a074e657e51,ord_dataset-1ec2807f02fa4beda27d2a81b86eb843,1052,0b6a2fab4dcf08c6b163cf4d4db0c93ef05ed0620095aafeb11f03289c1ac17f
442,ord_dataset-1ec2807f02fa4beda27d2a81b86eb843:ord-5b784982912b45a19cd0eb5abc57c3c3,ord_dataset-1ec2807f02fa4beda27d2a81b86eb843,648,90bcd9b5a6e82806339f119e50d426ba4b2ec76524af3e7d104c5e679bbd1ce7
443,ord_dataset-1ec2807f02fa4beda27d2a81b86eb843:ord-5c001a2548dc4d3686e7e372353f7c10,ord_dataset-1ec2807f02fa4beda27d2a81b86eb843,217,092ee0aad2df822be53842ba5061d33ddb244cf9c13956b8a81f1fe1b755405c
444,ord_dataset-1ec2807f02fa4beda27d2a81b86eb843:ord-5c1086d97d754e61b6f5e52e18aaeca7,ord_dataset-1ec2807f02fa4beda27d2a81b86eb843,970,ab61bb1830d2e4638e15f16fd70a1147970d574ca22ce0e3a1f54d2120476686
445,ord_dataset-1ec2807f02fa4beda27d2a81b86eb843:ord-5c13b939b536441a92c14b24ec59d645,ord_dataset-1ec2807f02fa4beda27d2a81b86eb843,361,384cc5091b39265af9cfc73459e51df9eabc540fea2a4759ca205e135a91ae04
446,ord_dataset-1ec2807f02fa4beda27d2a81b86eb843:ord-5c46cee684274a098921a626254be8e7,ord_dataset-1ec2807f02fa4beda27d2a81b86eb843,86,fe984f10190a25706f12c6e0ebe49c0bd080d5c31e8625ce7be0ca78578b3175
447,ord_dataset-1ec2807f02fa4beda27d2a81b86eb843:ord-5c811c6827e34d2587606db7344830c3,ord_dataset-1ec2807f02fa4beda27d2a81b86eb843,735,c50c8e278b503975aa4ebf432173cd28245791be6756b611d802fc6ec154cee5
448,ord_dataset-1ec2807f02fa4beda27d2a81b86eb843:ord-5c81be18de084f74bb5bb30566fe7900,ord_dataset-1ec2807f02fa4beda27d2a81b86eb843,699,a35f53c91c641b004d3bc6afbcd38a997b6436dc1fbfa16c8618418d57cb4f2c
449,ord_dataset-1ec2807f02fa4beda27d2a81b86eb843:ord-5c8c4ab339d74b84a4f63e2877655a8a,ord_dataset-1ec2807f02fa4beda27d2a81b86eb843,554,a60fd8d993fd09ce7052dde6915c0b0f93e0a012ef47dfdf246631333e477a9b
450,ord_dataset-1ec2807f02fa4beda27d2a81b86eb843:ord-5c99a6b8818a4457bdda7ef2d0a071a8,ord_dataset-1ec2807f02fa4beda27d2a81b86eb843,181,c6dfaf3cc1cf055d97d3d3ad1e0f9e9e1cba74a5fe3308795b7ba8bfb3bef8f9
451,ord_dataset-1ec2807f02fa4beda27d2a81b86eb843:ord-5cdb74c11bcd4700ba7c8b1098554d4c,ord_dataset-1ec2807f02fa4beda27d2a81b86eb843,460,d6f107f592e3fc27201eb506241de648fe27f14e640024b13d4f5a8add1fa942
452,ord_dataset-1ec2807f02fa4beda27d2a81b86eb843:ord-5cfec5c6de9243659dbe2ee3210e77e8,ord_dataset-1ec2807f02fa4beda27d2a81b86eb843,738,f748127c899f4c0d9abbfc9981678668179ff7531837c74a188f30886674e1f6
453,ord_dataset-1ec2807f02fa4beda27d2a81b86eb843:ord-5da14489d9d14086b768bc4e5e720d84,ord_dataset-1ec2807f02fa4beda27d2a81b86eb843,975,f4ca33afa02dfbede59e83a885b17005b0c48dcfcb04668e871fca80e399b814
454,ord_dataset-1ec2807f02fa4beda27d2a81b86eb843:ord-5da719149ae54a0f9546a2d298488438,ord_dataset-1ec2807f02fa4beda27d2a81b86eb843,1018,08ecec66b57d7b619ec7fc6657d9932ec8832b9991abbeb9e5b1d49606ea963e
455,ord_dataset-1ec2807f02fa4beda27d2a81b86eb843:ord-5dc4fceaa6ce4dc48ef23f484c554e1d,ord_dataset-1ec2807f02fa4beda27d2a81b86eb843,15,89d7e0663f8b71b41418f108a71a67b9299783e2e5d4637e020150f5adef4491
456,ord_dataset-1ec2807f02fa4beda27d2a81b86eb843:ord-5df69edea5cf4e808809fdded6729f05,ord_dataset-1ec2807f02fa4beda27d2a81b86eb843,375,823027536a65117f705f82f898242352a0e4d88472655c15852c041d7a374ff8
457,ord_dataset-1ec2807f02fa4beda27d2a81b86eb843:ord-5e6c87037cb74869b618637889d54360,ord_dataset-1ec2807f02fa4beda27d2a81b86eb843,121,e11a0a58b0df2430262be4de9a8becbf9a27b7d1147a619aa47d8b0bbbf92f4d
458,ord_dataset-1ec2807f02fa4beda27d2a81b86eb843:ord-5ee9d2c748114911b810f056b1871c3f,ord_dataset-1ec2807f02fa4beda27d2a81b86eb843,1065,03337ee79c1e14dea4e4988ba04d3ee26ac47d6d9498f508a39de101852accda
459,ord_dataset-1ec2807f02fa4beda27d2a81b86eb843:ord-5ef78d95a0094ede8b3eacd4c84ec5ff,ord_dataset-1ec2807f02fa4beda27d2a81b86eb843,317,49ce7328777587fcfd7b52f9dd67af52c6a9285456ccad61dcddbdb0ff04d79b
460,ord_dataset-1ec2807f02fa4beda27d2a81b86eb843:ord-5efed17940c74cecae6c6e6741c22b14,ord_dataset-1ec2807f02fa4beda27d2a81b86eb843,839,d1eb623c004d41af0902daa61e3a55d9553636cfcfa6915f386738b296f76a97
461,ord_dataset-1ec2807f02fa4beda27d2a81b86eb843:ord-5f1a9763353a447f996308d53166ff56,ord_dataset-1ec2807f02fa4beda27d2a81b86eb843,918,e59a0ee219ebbbbac9aff050530021889c5cc32850a73366768fa7658551326c
462,ord_dataset-1ec2807f02fa4beda27d2a81b86eb843:ord-5f237f55d09c4635820ea688f3dc6899,ord_dataset-1ec2807f02fa4beda27d2a81b86eb843,638,41d62a87b21413ab3a9df7748c0273b78471706ec93e87918ca9471436c846c2
463,ord_dataset-1ec2807f02fa4beda27d2a81b86eb843:ord-5f55e69d30dc4ea98dbde10a8f7f1401,ord_dataset-1ec2807f02fa4beda27d2a81b86eb843,954,2ee44e2ca39704dc3594e4129b5bde56f4e0705740ab21932184a9043c2c9eef
464,ord_dataset-1ec2807f02fa4beda27d2a81b86eb843:ord-5fad4afd8cc14571a8f4ca96b34b786c,ord_dataset-1ec2807f02fa4beda27d2a81b86eb843,77,7043ad1155ab53ea74d17cda43746944942c03f83c9abc482966c2d043cbbbe9
465,ord_dataset-1ec2807f02fa4beda27d2a81b86eb843:ord-5fda41e1725f43df9b7007220d26e60f,ord_dataset-1ec2807f02fa4beda27d2a81b86eb843,906,500bdcfb03e11a0d71ed63761ad04ed346b50e6977b36becc32097e70e73aa91
466,ord_dataset-1ec2807f02fa4beda27d2a81b86eb843:ord-605d2a2b107040409d56dac79f3c3e05,ord_dataset-1ec2807f02fa4beda27d2a81b86eb843,213,84022ecea77dd0fb850383c58f615365c8b3889bd24a7b1e414150dcaf16e772
467,ord_dataset-1ec2807f02fa4beda27d2a81b86eb843:ord-616d6504031f4cc8b2bf0eaa12f68b60,ord_dataset-1ec2807f02fa4beda27d2a81b86eb843,294,336d50c6ebba3a8f26b988306ea8450ede5c0cef40e02eef4a02a7d647efdb35
468,ord_dataset-1ec2807f02fa4beda27d2a81b86eb843:ord-622133ead07b4baaaeed8a1ab38db1b7,ord_dataset-1ec2807f02fa4beda27d2a81b86eb843,138,3733ecfd6953701775c6625f20aafbf349f9986d65ce5ed86872f57f3f4a0fe6
469,ord_dataset-1ec2807f02fa4beda27d2a81b86eb843:ord-626b61ba96d44348a31faa8ceee0f098,ord_dataset-1ec2807f02fa4beda27d2a81b86eb843,1086,a4d5862af075abbb83b75abea1e3a8d71fd2707033fd154a09e83a4437b53ea1
470,ord_dataset-1ec2807f02fa4beda27d2a81b86eb843:ord-62c39c0a85ba477194cd83be9941fb24,ord_dataset-1ec2807f02fa4beda27d2a81b86eb843,5,e24f94db898a315f32ff309cd8f4d6e094e2faf09eef4f0598158bd220c03030
471,ord_dataset-1ec2807f02fa4beda27d2a81b86eb843:ord-62d604b2e8a84f8a8e3a723514f178cf,ord_dataset-1ec2807f02fa4beda27d2a81b86eb843,544,34999cc384e2511b1c7ebdde2fe5e7517de5837f80f7866a52803f3bae0f3dba
472,ord_dataset-1ec2807f02fa4beda27d2a81b86eb843:ord-632b8e3c26de4d14bc3e6a0edbf32cbc,ord_dataset-1ec2807f02fa4beda27d2a81b86eb843,1167,97667a37aa53559cd454c71405aef3dcf6f7027e30b096b661099f062943450d
473,ord_dataset-1ec2807f02fa4beda27d2a81b86eb843:ord-63aaf5b17af446f3a3271b83d9458f7b,ord_dataset-1ec2807f02fa4beda27d2a81b86eb843,958,9b603eef95345a439636d77ee00fba1a6d0e5872957514dce3ffe44e836629c5
474,ord_dataset-1ec2807f02fa4beda27d2a81b86eb843:ord-63edca4807c5486697170507b08b9523,ord_dataset-1ec2807f02fa4beda27d2a81b86eb843,820,1782b91ce011e302ab0804b3ed49232d0330d84848ee488f2f07dd24d91fa464
475,ord_dataset-1ec2807f02fa4beda27d2a81b86eb843:ord-6402f6377e8a45549af90d0b92b9fa53,ord_dataset-1ec2807f02fa4beda27d2a81b86eb843,1199,fad392add36886dc90ca470bf20ac2ed0cf1fdfb3836a107c1cbef54ed5c5974
476,ord_dataset-1ec2807f02fa4beda27d2a81b86eb843:ord-641c4f795037445caab45cbd4e6da482,ord_dataset-1ec2807f02fa4beda27d2a81b86eb843,726,d6a568aa6048bd789f2cef9c1b5d786bdb6e201c9c9d680ade5725bd52aacd7b
477,ord_dataset-1ec2807f02fa4beda27d2a81b86eb843:ord-646926ff30ee45778975e26558814ca3,ord_dataset-1ec2807f02fa4beda27d2a81b86eb843,69,f9f2cbd7dfd2b7d4b98539f21b3588d71ce9c234284f506d2d92ee48d78464f0
478,ord_dataset-1ec2807f02fa4beda27d2a81b86eb843:ord-64875e66533c410fa7c853a9ab5db874,ord_dataset-1ec2807f02fa4beda27d2a81b86eb843,967,e47cf9d6866aac5b7170fa5fb64ae506655959d589400572e50ec6e9d4ce6582
479,ord_dataset-1ec2807f02fa4beda27d2a81b86eb843:ord-648fba6bbd664afebfc452d9a499b8c2,ord_dataset-1ec2807f02fa4beda27d2a81b86eb843,470,bd74918026ee8d535c82d41680c51fd0aae3970607fee7fc5e24a94e0e36b115
480,ord_dataset-1ec2807f02fa4beda27d2a81b86eb843:ord-64ddf64fdc564688b8e5bf7f1973f4f3,ord_dataset-1ec2807f02fa4beda27d2a81b86eb843,411,4f969645bdf36d03680f9bd5795fd426725fd485c3b9d1f8cc1d14b741800f54
481,ord_dataset-1ec2807f02fa4beda27d2a81b86eb843:ord-64f10a9244a94fb8b3226b0a9b2349b2,ord_dataset-1ec2807f02fa4beda27d2a81b86eb843,814,0be60f2961886387720504319df0bb5565139a71ec019fa083e6664a32ec5c1e
482,ord_dataset-1ec2807f02fa4beda27d2a81b86eb843:ord-64f5576262c1407ba3972774da4dedb8,ord_dataset-1ec2807f02fa4beda27d2a81b86eb843,524,ad364d17eda95c6116367edb3af65c35fcd1bbd989688148a451f39f0f573549
483,ord_dataset-1ec2807f02fa4beda27d2a81b86eb843:ord-653addc663524c268b9394dbc631a189,ord_dataset-1ec2807f02fa4beda27d2a81b86eb843,78,dbb029dc1344a28550123a0332051e3ca8105b9a9e14f207d580380225a3bd06
484,ord_dataset-1ec2807f02fa4beda27d2a81b86eb843:ord-65704754529d475e935dc5688ecbdb58,ord_dataset-1ec2807f02fa4beda27d2a81b86eb843,321,9fa32842493dc1587a5999747f0d65d59b9298d1f17d465fb8b92fc824cf80ee
485,ord_dataset-1ec2807f02fa4beda27d2a81b86eb843:ord-662c30c2919e4af983db94d5620ce74d,ord_dataset-1ec2807f02fa4beda27d2a81b86eb843,1215,5ed74289a74bd1169974a60afc099efce5d61588fe762cf8efead2df0120f019
486,ord_dataset-1ec2807f02fa4beda27d2a81b86eb843:ord-66a232e12d6b45bead41838e8217decb,ord_dataset-1ec2807f02fa4beda27d2a81b86eb843,395,39b3eb4eca78af2a087bdf47737b73eec6737491238cc4b53cedf3e3670d2a98
487,ord_dataset-1ec2807f02fa4beda27d2a81b86eb843:ord-6723266bd97049e68b42765299551c3f,ord_dataset-1ec2807f02fa4beda27d2a81b86eb843,690,942ecddc009715d82c06ac34e43be3b2a45b2692bd897ca0a0b246307f561a82
488,ord_dataset-1ec2807f02fa4beda27d2a81b86eb843:ord-676e62ec6cf44f6d9111a9258fd59d11,ord_dataset-1ec2807f02fa4beda27d2a81b86eb843,856,3dc54b4ce80ede05546cf17d76547420414594178f91ef814c29cb6d8b4094ce
489,ord_dataset-1ec2807f02fa4beda27d2a81b86eb843:ord-6771f85d9875449aa18d0a328fc91b80,ord_dataset-1ec2807f02fa4beda27d2a81b86eb843,377,4502f3360ac9cd0e64a73071f9c9dc035cf67ce293b681d5665d9b6d81d33503
490,ord_dataset-1ec2807f02fa4beda27d2a81b86eb843:ord-67b9bf461c2e410089a0b3a74ab46753,ord_dataset-1ec2807f02fa4beda27d2a81b86eb843,245,8c9491d5dffd06896edc86f2871c7ac5a48d8c8f195f22ba96df6906efc7f162
491,ord_dataset-1ec2807f02fa4beda27d2a81b86eb843:ord-67e3c4c65b2d4918beff51c49d6bbc01,ord_dataset-1ec2807f02fa4beda27d2a81b86eb843,689,10df3132511b5ea207926919b6da26d7781bdcfcb6c433354b3cab1b165d49ae
492,ord_dataset-1ec2807f02fa4beda27d2a81b86eb843:ord-67e408ec5ae74eedbc2ece56aecd8e21,ord_dataset-1ec2807f02fa4beda27d2a81b86eb843,1007,a516bae3e8c638972df69b1a885fd8299ca3a9045a017c891b52c04b5881a6d8
493,ord_dataset-1ec2807f02fa4beda27d2a81b86eb843:ord-68838356bd22432aa4d08bea395c3ecd,ord_dataset-1ec2807f02fa4beda27d2a81b86eb843,597,2c6c3910c2723b11898b7e8a3fd3fe0fab58529bea8b7b1a360c72681ae9e228
494,ord_dataset-1ec2807f02fa4beda27d2a81b86eb843:ord-68a40100e9a744d6abe04e9cb55bbc9c,ord_dataset-1ec2807f02fa4beda27d2a81b86eb843,710,982f0b412dfbe124a521c3e2126ccf10a8a29bd094355697c96a9aadd7e725c0
495,ord_dataset-1ec2807f02fa4beda27d2a81b86eb843:ord-69304ebd05d04dd387f7716e5d500da6,ord_dataset-1ec2807f02fa4beda27d2a81b86eb843,232,45159ff0dadd7c277dc9a935c79c11b92a1a4866dee6113809678fcf309bc48e
496,ord_dataset-1ec2807f02fa4beda27d2a81b86eb843:ord-6992661f1f20402096dc07603377aa24,ord_dataset-1ec2807f02fa4beda27d2a81b86eb843,1158,6009abb57b2e73b2ccf55ed907f25c826ecadec65656ad1330562787fa07bf6e
497,ord_dataset-1ec2807f02fa4beda27d2a81b86eb843:ord-6998dbba5c594fbcb00ff6a5c9a4f818,ord_dataset-1ec2807f02fa4beda27d2a81b86eb843,907,338cc012d5ae5c092882d95a4fd76b54c4a3b3082b5c4be35a47f64cf942efdc
498,ord_dataset-1ec2807f02fa4beda27d2a81b86eb843:ord-69997f9718304961877044821fda21ac,ord_dataset-1ec2807f02fa4beda27d2a81b86eb843,1041,59849da9b4ff92bcf6220b06d75544fd713e605174d66d50c249bda19984988b
499,ord_dataset-1ec2807f02fa4beda27d2a81b86eb843:ord-69eeacd2fbf04e91aa001dfd58e15967,ord_dataset-1ec2807f02fa4beda27d2a81b86eb843,161,2ef5ed2622f89c66cca317a7b22c01bd5ee5de4bef53a4748fc32f9fbeca088f
500,ord_dataset-1ec2807f02fa4beda27d2a81b86eb843:ord-6a0c5b2cfab24e479cf54f69299127ba,ord_dataset-1ec2807f02fa4beda27d2a81b86eb843,265,9193ee972a15519f55e76a3f4791d67526a67aa12c1eb4e73d16f5f45e8f9a1d
501,ord_dataset-1ec2807f02fa4beda27d2a81b86eb843:ord-6a0ea2842bca440f870531ce7d5cd4fe,ord_dataset-1ec2807f02fa4beda27d2a81b86eb843,313,206042e1e0953675407fe84adafb1d3106783afd3f970e9dec6e5e5748da7ea8
502,ord_dataset-1ec2807f02fa4beda27d2a81b86eb843:ord-6a5c4d8e42504435ac9e7fa373549154,ord_dataset-1ec2807f02fa4beda27d2a81b86eb843,701,2b93bf2143175068423ddfe5f05f8b2a92ecca85025da9ee50cf93088213c89f
503,ord_dataset-1ec2807f02fa4beda27d2a81b86eb843:ord-6ab4928e928a45f9b201835d20f04401,ord_dataset-1ec2807f02fa4beda27d2a81b86eb843,1031,a958c91e386712b071bbe46fe224112259bd2310b3a480312df22a900aabbd77
504,ord_dataset-1ec2807f02fa4beda27d2a81b86eb843:ord-6ac0912babd747d5afd70be7ef09e713,ord_dataset-1ec2807f02fa4beda27d2a81b86eb843,210,8a18de912c7ee5d6f41be3944f9dd86a2a8872eb7b1c53ff9da6aeae59b9dd52
505,ord_dataset-1ec2807f02fa4beda27d2a81b86eb843:ord-6af07a8997864aab93b5c5fa750ccd0b,ord_dataset-1ec2807f02fa4beda27d2a81b86eb843,1058,bf7331b438f41cba9615a7126a6b491f57992828ccedfd46fbc4e2485c2a8871
506,ord_dataset-1ec2807f02fa4beda27d2a81b86eb843:ord-6b00946f0bbb4187837ddf16c783cf1f,ord_dataset-1ec2807f02fa4beda27d2a81b86eb843,798,b9f944647e6c2a9f67089f7d1971a1796e1cae1072a5cb81468e1fbf30fe372d
507,ord_dataset-1ec2807f02fa4beda27d2a81b86eb843:ord-6b5b2943c1274fbf87d5931a8590ead4,ord_dataset-1ec2807f02fa4beda27d2a81b86eb843,1067,06f73226ae53555665a45889efffb2b20ea0f19880d3494e76fe1bdbdcbbd613
508,ord_dataset-1ec2807f02fa4beda27d2a81b86eb843:ord-6b5c5ea0b540411f995e8630b2b8eb1b,ord_dataset-1ec2807f02fa4beda27d2a81b86eb843,720,bb8350465718396caea661297bf5a61f6495ec6a90419e5010160ee582a7f56a
509,ord_dataset-1ec2807f02fa4beda27d2a81b86eb843:ord-6b662d740e77411f80f60d9090c5d511,ord_dataset-1ec2807f02fa4beda27d2a81b86eb843,626,6a1db016e8416f8561864c37affb560191203906f87abaa8710ba461c9f81a01
510,ord_dataset-1ec2807f02fa4beda27d2a81b86eb843:ord-6b769abd2fd643fea472398ebcbdc9df,ord_dataset-1ec2807f02fa4beda27d2a81b86eb843,922,73250e86931f726a55f8ee4f2c0317df44f63b278ece3d768f12a87efc982ac8
511,ord_dataset-1ec2807f02fa4beda27d2a81b86eb843:ord-6b90da0bd23d471395c0bcb4cc009dae,ord_dataset-1ec2807f02fa4beda27d2a81b86eb843,652,5693f2b8b26602ae05120becc630c1657ac383816256a776b792127e396b87f5
512,ord_dataset-1ec2807f02fa4beda27d2a81b86eb843:ord-6bbdd4fa106b4d4ab7352ef20a8824ff,ord_dataset-1ec2807f02fa4beda27d2a81b86eb843,155,8d1de1e33f55b5486053e04fdfdc301c305e78b73690e5d3370034bdb8beb935
513,ord_dataset-1ec2807f02fa4beda27d2a81b86eb843:ord-6c085f61b1a048c5b71ed114f7d58c5c,ord_dataset-1ec2807f02fa4beda27d2a81b86eb843,1185,02770e78fe79d1ab7f40f3c717f25d2ce16198ee7a8bb4fd275dd3192b725e00
514,ord_dataset-1ec2807f02fa4beda27d2a81b86eb843:ord-6c310e5ed37442eea0bca12e6b4f59b2,ord_dataset-1ec2807f02fa4beda27d2a81b86eb843,864,37c4acfedd48c831a3fd734e9200674ab0b8db6f47493f75638b8f7407cd9f74
515,ord_dataset-1ec2807f02fa4beda27d2a81b86eb843:ord-6c86ce86175f42bd9969f8536fd827b2,ord_dataset-1ec2807f02fa4beda27d2a81b86eb843,401,ba3b8a86460a821d7ef658095f8c7dc3d80855099512bbd320b2b183632e765d
516,ord_dataset-1ec2807f02fa4beda27d2a81b86eb843:ord-6d48862ace534db8ba9fbc4abec73359,ord_dataset-1ec2807f02fa4beda27d2a81b86eb843,933,620ad046c58472f4fc036698753c30299e210c0b7f9b4ee6d3f1e4555e207a54
517,ord_dataset-1ec2807f02fa4beda27d2a81b86eb843:ord-6d9c927b29314f60b068736670c752ee,ord_dataset-1ec2807f02fa4beda27d2a81b86eb843,583,397cf382a407cb1b30802f1edd1a87c62dd7d8d181020b94609dc8b76dc7f103
518,ord_dataset-1ec2807f02fa4beda27d2a81b86eb843:ord-6e1700b4ec4e4f8098d0e3f92f672fdd,ord_dataset-1ec2807f02fa4beda27d2a81b86eb843,796,ddc8757d8bbc5798d9db5b3c7f3ccdc3b8915c0176268dce50f40eafba2f1def
519,ord_dataset-1ec2807f02fa4beda27d2a81b86eb843:ord-6e24b5cbb34f4b3f99fafa7a1df1469e,ord_dataset-1ec2807f02fa4beda27d2a81b86eb843,293,e486c15422d1ced5db719a6d558320c7a1beb6dbd59b1ce9b6fdd5c2e493b8a8
520,ord_dataset-1ec2807f02fa4beda27d2a81b86eb843:ord-6e29ec19e46143f1bd0a01f64df4feec,ord_dataset-1ec2807f02fa4beda27d2a81b86eb843,117,c696c2556688929f99a9f60c9a082d201829a4e3cac0906f9b5704f5be53df45
521,ord_dataset-1ec2807f02fa4beda27d2a81b86eb843:ord-6e41f5042c4f4ff2a7ff262e5c69e7a9,ord_dataset-1ec2807f02fa4beda27d2a81b86eb843,575,feaf1da524920035a379a0a7aa4676b9683a904d982fba037dc4ac8d0bf64aa7
522,ord_dataset-1ec2807f02fa4beda27d2a81b86eb843:ord-6e572122eb4c43ff809f4d3b18180e93,ord_dataset-1ec2807f02fa4beda27d2a81b86eb843,943,8230e1f7c4a3bb28d51f4f0d09b9d0016f75c800a1e66dd8a0c3b63c9d429ad8
523,ord_dataset-1ec2807f02fa4beda27d2a81b86eb843:ord-6f2e4d4a35bf4e0b8c19fe4d5cfc9c5f,ord_dataset-1ec2807f02fa4beda27d2a81b86eb843,627,de6c6990fae00802dfdc8c90f675a3b8bdcdfabba316a118c6cd6e34c2830c43
524,ord_dataset-1ec2807f02fa4beda27d2a81b86eb843:ord-6f3be8a503e5470da278dab4bc626e61,ord_dataset-1ec2807f02fa4beda27d2a81b86eb843,894,7736f3456313508bb1ebf378fd3ae478488f85ddb4089a29127c8a5f0dd03ed9
525,ord_dataset-1ec2807f02fa4beda27d2a81b86eb843:ord-6f4b6c0d8359466493f5fd36d3238fcf,ord_dataset-1ec2807f02fa4beda27d2a81b86eb843,465,7324e9f7393ec4f43170d74159ace9a82330116d07d8be7acc3476870604d0cf
526,ord_dataset-1ec2807f02fa4beda27d2a81b86eb843:ord-6f7cd9c89d5546619cf500e49eb8231f,ord_dataset-1ec2807f02fa4beda27d2a81b86eb843,322,0390bd1185917fa0e8b465c85461d9cee870c200eef93d1fef3b52f4635aa12e
527,ord_dataset-1ec2807f02fa4beda27d2a81b86eb843:ord-6f842bafb0fd43d0b197e9112a1a2632,ord_dataset-1ec2807f02fa4beda27d2a81b86eb843,642,62570a5ccf787b378ee1ee7a847ba629bd84a0b73af7926917e80782875fd3d2
528,ord_dataset-1ec2807f02fa4beda27d2a81b86eb843:ord-6fd85ff1a24e40128900bcdd0bdd7c76,ord_dataset-1ec2807f02fa4beda27d2a81b86eb843,682,d3ad399359201ace298fc1ede7bee00f29bbfd9c21ccdd205635daa879d89486
529,ord_dataset-1ec2807f02fa4beda27d2a81b86eb843:ord-6fdefd4d99d14b6999e9cfcf260ed691,ord_dataset-1ec2807f02fa4beda27d2a81b86eb843,775,d88302ebfbd7dae600238b9aa32e0c70520a988bd924bf024316f0dfe9bf43af
530,ord_dataset-1ec2807f02fa4beda27d2a81b86eb843:ord-7065439f28454c78a29df86640aaae2e,ord_dataset-1ec2807f02fa4beda27d2a81b86eb843,846,6a0d89f602a1e19a1baf144e9fb9e3d78c814fb19fac858c3957a34abf70b760
531,ord_dataset-1ec2807f02fa4beda27d2a81b86eb843:ord-70c1d8eb949a4821b37f07657f57c7a1,ord_dataset-1ec2807f02fa4beda27d2a81b86eb843,1099,9ff9203dae63f744e95db42c15fcaf6d6a3fab486ba25f87840cc4e588c11de9
532,ord_dataset-1ec2807f02fa4beda27d2a81b86eb843:ord-70ddd6f4833742dabd677efb32c17d7e,ord_dataset-1ec2807f02fa4beda27d2a81b86eb843,891,35e55c354593f28e370e2fbd04e39488df5d785f66768e669088b38572c774f5
533,ord_dataset-1ec2807f02fa4beda27d2a81b86eb843:ord-70f250ce64404858973e0adb76dab7e7,ord_dataset-1ec2807f02fa4beda27d2a81b86eb843,241,ee44345ebececaedb40133787f827aed4d34ce7a559b3c62624eaa4ecf9f1af0
534,ord_dataset-1ec2807f02fa4beda27d2a81b86eb843:ord-711aeb35164541d58ba709363dd3df1c,ord_dataset-1ec2807f02fa4beda27d2a81b86eb843,1147,e08f58b1c667b6030bd70f2206e36746900830debe254613efa786d66a6b39c0
535,ord_dataset-1ec2807f02fa4beda27d2a81b86eb843:ord-712574c9e63c4b42912a1517a7399262,ord_dataset-1ec2807f02fa4beda27d2a81b86eb843,1151,e31d0db673011e4c0b3216ed9ba3b225cbad5117b776399ebab38f34e9291fc5
536,ord_dataset-1ec2807f02fa4beda27d2a81b86eb843:ord-71a47bb13344405a8719077c4ba9ad30,ord_dataset-1ec2807f02fa4beda27d2a81b86eb843,485,86c8b46a942af83c19c6a94bcf342121b122eb74ba9409a3a3d80dba3e65f074
537,ord_dataset-1ec2807f02fa4beda27d2a81b86eb843:ord-71c19106ebf34a40ad508fc5029717a5,ord_dataset-1ec2807f02fa4beda27d2a81b86eb843,292,97bc3ea96a7dfd9f5d9785adfb8b0340a6a92602c437b4bf43635d51d4807bd1
538,ord_dataset-1ec2807f02fa4beda27d2a81b86eb843:ord-71d871ff1b5f419c9280b0181c3e1549,ord_dataset-1ec2807f02fa4beda27d2a81b86eb843,236,93fe6bdca7ba815c9c1c76f60145b48490e74533cc9a1a2d9532981f6173795e
539,ord_dataset-1ec2807f02fa4beda27d2a81b86eb843:ord-71fb356a967d4e4191ad2ba09df8c02d,ord_dataset-1ec2807f02fa4beda27d2a81b86eb843,751,391c6c23510b49ed5f1600076a2961f14cd0cf38fcba27ac7da1432feee706e8
540,ord_dataset-1ec2807f02fa4beda27d2a81b86eb843:ord-72374368714d401aba702b4156205658,ord_dataset-1ec2807f02fa4beda27d2a81b86eb843,778,d40ca131f9c5d4cd480510f074d771acff3a2abb7d771ea8b940cec4753e15aa
541,ord_dataset-1ec2807f02fa4beda27d2a81b86eb843:ord-7254c9aa63fc491397ebc36b5545d5d4,ord_dataset-1ec2807f02fa4beda27d2a81b86eb843,528,e2d61b36a7eaa49893b61a60380f21950db64316093e3c0310d1ef764149dc91
542,ord_dataset-1ec2807f02fa4beda27d2a81b86eb843:ord-72afab165e6644b4aaf601ce88bfea9d,ord_dataset-1ec2807f02fa4beda27d2a81b86eb843,996,82c7e0c0474db2b939b723b60f4fff20108e1cb04b56aeeac98940d70ef736f4
543,ord_dataset-1ec2807f02fa4beda27d2a81b86eb843:ord-72d58eabee3d4ce1bccbc480e5124861,ord_dataset-1ec2807f02fa4beda27d2a81b86eb843,836,8e6f5bf19617a974faf54e4bdc973ac6ef5a3ba8242271e2e3652eb49ec29925
544,ord_dataset-1ec2807f02fa4beda27d2a81b86eb843:ord-73435fef733a4bdab886c17a48b97262,ord_dataset-1ec2807f02fa4beda27d2a81b86eb843,908,b772947c27e9b31cc338801f550528be1326dd69445ba4a0bed1866943c89c5c
545,ord_dataset-1ec2807f02fa4beda27d2a81b86eb843:ord-73af4a71e5ca4803989281f29fb67a1b,ord_dataset-1ec2807f02fa4beda27d2a81b86eb843,1046,fbbb13b8d12f61f6793243af0bcf280af3dc7fb751080a0427480eef9829d766
546,ord_dataset-1ec2807f02fa4beda27d2a81b86eb843:ord-73c731d6cdb3478c97899e3919c6ee76,ord_dataset-1ec2807f02fa4beda27d2a81b86eb843,1117,e284a040f37c0a6ff04f94594a3d0f6f13a564effff92ac6825975db21ed4f6b
547,ord_dataset-1ec2807f02fa4beda27d2a81b86eb843:ord-73d5e84d0423425aaaf5846631dc220d,ord_dataset-1ec2807f02fa4beda27d2a81b86eb843,825,8725f917453ee667bebd2a6b6772b1ace19b9df0745e485cd4128cab4d1be8a0
548,ord_dataset-1ec2807f02fa4beda27d2a81b86eb843:ord-740738a4816041908b2622457f255bee,ord_dataset-1ec2807f02fa4beda27d2a81b86eb843,32,2ac52c30633d4e9b501438cc644c29102b77ddc2a9ba34969e643dcbb9f18f7c
549,ord_dataset-1ec2807f02fa4beda27d2a81b86eb843:ord-7416ec8f2bd349719ae10cb6b6edd2a4,ord_dataset-1ec2807f02fa4beda27d2a81b86eb843,601,539b84b2fc8365427e37b961a65bb9919edb1720f5a0a6252ce2e24831a991cc
550,ord_dataset-1ec2807f02fa4beda27d2a81b86eb843:ord-7439b9ad645842cb8330f0e1598c5ac2,ord_dataset-1ec2807f02fa4beda27d2a81b86eb843,127,f7677b8ee6bfa0dab996a386849b8b70ff01f9d52a4b50563064511a6061eac9
551,ord_dataset-1ec2807f02fa4beda27d2a81b86eb843:ord-746424d2ef8a4045a17df431ea987159,ord_dataset-1ec2807f02fa4beda27d2a81b86eb843,888,59b379e86a6c6466719e949e39f6137a5f2dd3b239c77f393024468a3ea6528a
552,ord_dataset-1ec2807f02fa4beda27d2a81b86eb843:ord-74ef316173014c56886d9f42e00b9854,ord_dataset-1ec2807f02fa4beda27d2a81b86eb843,1102,84f376d06fc5908bead9e93ae858c05343d74735bef5235bbdb0ecba7d09d59b
553,ord_dataset-1ec2807f02fa4beda27d2a81b86eb843:ord-7527a443ef0141a8af2247fdf3398fad,ord_dataset-1ec2807f02fa4beda27d2a81b86eb843,765,988ee8b9bf48841926b77ffbcf3898ad36cd773657cb203c1534fa5cea2b0c4b
554,ord_dataset-1ec2807f02fa4beda27d2a81b86eb843:ord-75abe9472b4044239f99f77bb3655bc5,ord_dataset-1ec2807f02fa4beda27d2a81b86eb843,362,4d9980cb0e74b117557f9a7052b2a1b720795ac2858ec522cda83449bce314d5
555,ord_dataset-1ec2807f02fa4beda27d2a81b86eb843:ord-75ee2dbf32b549998316b72e96ec96f2,ord_dataset-1ec2807f02fa4beda27d2a81b86eb843,890,50c091dfdc299d60e185adb35e962b80cf7d8376fc9952bfe0ea2878bf8e6c1f
556,ord_dataset-1ec2807f02fa4beda27d2a81b86eb843:ord-762713d4fd614943bf4bea984493923d,ord_dataset-1ec2807f02fa4beda27d2a81b86eb843,1035,a70e3dca5bfed3ac2a7856131909a034271ff10e5f67df145baf7c5791a236b6
557,ord_dataset-1ec2807f02fa4beda27d2a81b86eb843:ord-76928f774f3b404abb93146d01eacc0d,ord_dataset-1ec2807f02fa4beda27d2a81b86eb843,1011,c57a276f6e6aabeb90a47396f98c7323e5dcd1963fccb6b4d3084ee65013b950
558,ord_dataset-1ec2807f02fa4beda27d2a81b86eb843:ord-769e0342dc744a1eb97e9e1ada79e0a1,ord_dataset-1ec2807f02fa4beda27d2a81b86eb843,37,9f61286ffcc050160db0eda8f76a91de4d1b94a85d8e7ef03b4aeac5112d225e
559,ord_dataset-1ec2807f02fa4beda27d2a81b86eb843:ord-76ceba38c39845dc8805e4b3ed5ed61f,ord_dataset-1ec2807f02fa4beda27d2a81b86eb843,961,fc8f66418d92300d19ce3c3486365985261ed8745e794f70478231d7e9e5868e
560,ord_dataset-1ec2807f02fa4beda27d2a81b86eb843:ord-7711f4dc6c96401c9294a309ae0435f8,ord_dataset-1ec2807f02fa4beda27d2a81b86eb843,677,b01cc998622069062e7ef615d062a5ad599b58b757528739729c1a7eb60bcad1
561,ord_dataset-1ec2807f02fa4beda27d2a81b86eb843:ord-774da1d2252c45b4a428fcdcff6cc150,ord_dataset-1ec2807f02fa4beda27d2a81b86eb843,314,cdf9b7a6cd43f588b0ddea48386fc3ce23a4f32427bdbeb01bc29d573312a7a4
562,ord_dataset-1ec2807f02fa4beda27d2a81b86eb843:ord-7764a754172149ce8f7026168fe256d1,ord_dataset-1ec2807f02fa4beda27d2a81b86eb843,1174,eb95797638c3de61f016a154916270c3b2246f787aaaa7ffb1d3d9731d582152
563,ord_dataset-1ec2807f02fa4beda27d2a81b86eb843:ord-7765db5c25ed4dac9f325a15ddcb3464,ord_dataset-1ec2807f02fa4beda27d2a81b86eb843,562,78eb0bad279cbbed0f75e0e3e8dfb0cabb77617fabe59e0ecf4174ebbf2cf173
564,ord_dataset-1ec2807f02fa4beda27d2a81b86eb843:ord-77b107ad8e724039acaade4ec135e9cf,ord_dataset-1ec2807f02fa4beda27d2a81b86eb843,147,17d0ec6a4911ab6893e4af5dd07dd0e8d17c38d7bf1a731c7661b775e756a4fa
565,ord_dataset-1ec2807f02fa4beda27d2a81b86eb843:ord-78173a6571dd4575affbc53cd033e70a,ord_dataset-1ec2807f02fa4beda27d2a81b86eb843,867,05e291df1bafed067c0aa28ead648bc3b24b16eee8661f2591ba7081f545a456
566,ord_dataset-1ec2807f02fa4beda27d2a81b86eb843:ord-7844d90040da48358a02a3dabffb3147,ord_dataset-1ec2807f02fa4beda27d2a81b86eb843,352,d4032da5e315195099619dcc8b684a57c36793918eaee63cbfabe69990ba61a4
567,ord_dataset-1ec2807f02fa4beda27d2a81b86eb843:ord-7853abc58a8f45238d9618fa90062734,ord_dataset-1ec2807f02fa4beda27d2a81b86eb843,1217,71036333933eede2bf1ab7dda73b4f59c513019166c88d92f2df04676a75f4d2
568,ord_dataset-1ec2807f02fa4beda27d2a81b86eb843:ord-78ac658fae4742ce80372a8bd2f2a06d,ord_dataset-1ec2807f02fa4beda27d2a81b86eb843,283,cade34006240dee737029e1692067e94722f9968ad4650588b4b5ff96002d1a5
569,ord_dataset-1ec2807f02fa4beda27d2a81b86eb843:ord-78ad550577c048bba100235e37d845c9,ord_dataset-1ec2807f02fa4beda27d2a81b86eb843,737,80950bba80096f1ab39607bc9351e850ebead0a95a459d6b77b5bb10d57ef58a
570,ord_dataset-1ec2807f02fa4beda27d2a81b86eb843:ord-78cab8436f3f499aae6a57e866618aa8,ord_dataset-1ec2807f02fa4beda27d2a81b86eb843,976,e24f3904c0952aea029e7067bb357994a046b5b30ea10f244f8f45fbfd3d97dd
571,ord_dataset-1ec2807f02fa4beda27d2a81b86eb843:ord-79140fd1962c46e99065a8c2898c22e4,ord_dataset-1ec2807f02fa4beda27d2a81b86eb843,261,66d30d84e05647ebe9ab15ac9ac36b98150206fc12f6e7c60d934f9bd379e008
572,ord_dataset-1ec2807f02fa4beda27d2a81b86eb843:ord-79405cb173e8495691f296aa39643507,ord_dataset-1ec2807f02fa4beda27d2a81b86eb843,150,f3acbf016f31df83453caa830643a9f8c0d1707a8fade448edb30cd967a08d65
573,ord_dataset-1ec2807f02fa4beda27d2a81b86eb843:ord-79a9f4f74bd54607a40aea83314c5f27,ord_dataset-1ec2807f02fa4beda27d2a81b86eb843,390,f885c4bd37c22d536d6b8e08c4b5d9888e5917fd07eb1d264e6d703fd2dd2cf8
574,ord_dataset-1ec2807f02fa4beda27d2a81b86eb843:ord-7a2534888b4a4fe2b229624380f4257b,ord_dataset-1ec2807f02fa4beda27d2a81b86eb843,146,19be494250a6478c3af43c93de09f63ed37f8fa95a4e75605b0730b2097cd7ea
575,ord_dataset-1ec2807f02fa4beda27d2a81b86eb843:ord-7a4b3955f7244d948a199318b13219b7,ord_dataset-1ec2807f02fa4beda27d2a81b86eb843,369,9925aaa88daa39ffdcc566bf08cf41fa7b65211ab7f5960bc6b70cb5e107d3cc
576,ord_dataset-1ec2807f02fa4beda27d2a81b86eb843:ord-7a622343879b41eb84a535fc7d1ca550,ord_dataset-1ec2807f02fa4beda27d2a81b86eb843,355,d8916e89e3e4a0761c9a69bf7ed4b7e4ed4ead748b44bccb9ec93ce29851f6b5
577,ord_dataset-1ec2807f02fa4beda27d2a81b86eb843:ord-7a97904db2104c259af033a2179b4c8c,ord_dataset-1ec2807f02fa4beda27d2a81b86eb843,1216,346df78c687b3b347e43729c797ac3a63cf795d61542d9bf40e685d86cae9063
578,ord_dataset-1ec2807f02fa4beda27d2a81b86eb843:ord-7aa2642e49b4419f9f74f6eed7809631,ord_dataset-1ec2807f02fa4beda27d2a81b86eb843,169,ab2e4b1866b39bdd2ba82a7b42a86af72abe25434d7c51f881da01fb8d09ee71
579,ord_dataset-1ec2807f02fa4beda27d2a81b86eb843:ord-7ab1fde5f4ab4d46b9f6caa504df51f5,ord_dataset-1ec2807f02fa4beda27d2a81b86eb843,182,90e940c3e23de3d0e38717414a2ab65f1447c226ce828abcd380eca13ab78889
580,ord_dataset-1ec2807f02fa4beda27d2a81b86eb843:ord-7b137f1be3f94c6ba53febbf197e5eca,ord_dataset-1ec2807f02fa4beda27d2a81b86eb843,898,7eb69dcf3dfe6ee1a603161ff82380995c486a86ce2bc5aabf2bdf03bd284901
581,ord_dataset-1ec2807f02fa4beda27d2a81b86eb843:ord-7b39d5a9ce8d46b394545dba259f9cdc,ord_dataset-1ec2807f02fa4beda27d2a81b86eb843,1103,7d24d1691d013dc0517d1f34c7180cb83e6c7aa71942c8cf4e855fdd2ebceb1f
582,ord_dataset-1ec2807f02fa4beda27d2a81b86eb843:ord-7bac8ad1677248b18f9987768c01e599,ord_dataset-1ec2807f02fa4beda27d2a81b86eb843,468,3e5820393d366411c1d9908f9fe75592bcb6bc3c15732d02f844a2b08edd05b9
583,ord_dataset-1ec2807f02fa4beda27d2a81b86eb843:ord-7bc7167a75614b55945c7dfa6eca8855,ord_dataset-1ec2807f02fa4beda27d2a81b86eb843,760,2161c367cbb1fd7879eb479d3fe85a4e1b7b55e2d8c55a9b4a2c3fb589f56fc1
584,ord_dataset-1ec2807f02fa4beda27d2a81b86eb843:ord-7c1ef55b0e5c4aa191a54066934c66e2,ord_dataset-1ec2807f02fa4beda27d2a81b86eb843,557,1962d9ad63c2163522e494ab8a57b2aa597c4da2ec7bc79e9b79beb53f6aa611
585,ord_dataset-1ec2807f02fa4beda27d2a81b86eb843:ord-7c7c5ad9ac2e45869f108685e6f6cd04,ord_dataset-1ec2807f02fa4beda27d2a81b86eb843,1111,abb019be526f1bfc837547b68f06e136290af53b2664a27c54b02d55f2b448e0
586,ord_dataset-1ec2807f02fa4beda27d2a81b86eb843:ord-7c8637c5b55a4a209a911399fc245d8a,ord_dataset-1ec2807f02fa4beda27d2a81b86eb843,787,3eccc3ce0bb897cda12577552a376005c1ef47670fae65d01e4f724d06a0433f
587,ord_dataset-1ec2807f02fa4beda27d2a81b86eb843:ord-7c984612496846aebe909d7fa1cc8db2,ord_dataset-1ec2807f02fa4beda27d2a81b86eb843,1123,fb6b69717060b2c7d8d5223931079106cf399d610fc6426de1c23816346b376f
588,ord_dataset-1ec2807f02fa4beda27d2a81b86eb843:ord-7d10de575e5a4aaea07e2199cc416ded,ord_dataset-1ec2807f02fa4beda27d2a81b86eb843,1219,90bfdca52ceec6866037e3a9d129ec9fd53ea93b7694668dfb73c718a3738375
589,ord_dataset-1ec2807f02fa4beda27d2a81b86eb843:ord-7d3d08938bb94c3d9f46d8bf175acd40,ord_dataset-1ec2807f02fa4beda27d2a81b86eb843,60,a9d8de4f46bfdd9b48dbfe60daacb2c6357fbf8b5c91ce2caa1fd86f5cb6c417
590,ord_dataset-1ec2807f02fa4beda27d2a81b86eb843:ord-7d788c1a2460474090963d88be919024,ord_dataset-1ec2807f02fa4beda27d2a81b86eb843,662,aa040bc29207cdc2844eba49e722f0b78b6ed92c135e07d348ca6a4205c34d6e
591,ord_dataset-1ec2807f02fa4beda27d2a81b86eb843:ord-7dd7d559ce7b44af81f93c1f1c7f5517,ord_dataset-1ec2807f02fa4beda27d2a81b86eb843,383,45f1549ae294b2328f7a80bc32cb99a9bf1d634b32b5e94c9ed6a8f362640613
592,ord_dataset-1ec2807f02fa4beda27d2a81b86eb843:ord-7de02c3d810d48de973f09f1e9cae77a,ord_dataset-1ec2807f02fa4beda27d2a81b86eb843,840,8e59a3dcc075d7b7d307829cbb61392d84ea142885c7e3f2f85c0cadb8738991
593,ord_dataset-1ec2807f02fa4beda27d2a81b86eb843:ord-7df90e19800e4ab7a4adeaa4237dd716,ord_dataset-1ec2807f02fa4beda27d2a81b86eb843,1036,d96a9b41442cb823020a5e52e5576e8b3a9c2c661264e9eaefd44730e98730cb
594,ord_dataset-1ec2807f02fa4beda27d2a81b86eb843:ord-7e57190b4a0344ebbc3ea4be5953d118,ord_dataset-1ec2807f02fa4beda27d2a81b86eb843,479,51ece6a45724c18fdea86678a4ff58ebc7a1f438c9c636c2fdb7adee5e6a3fa7
595,ord_dataset-1ec2807f02fa4beda27d2a81b86eb843:ord-7e9c45ddfe4a4cc89e79b07264a431b9,ord_dataset-1ec2807f02fa4beda27d2a81b86eb843,1010,09d01d56f33b94584f44146100f8e496fc178a139397cf33de33570538364ed3
596,ord_dataset-1ec2807f02fa4beda27d2a81b86eb843:ord-7ec75ccd01b444aba2a21391d615a80c,ord_dataset-1ec2807f02fa4beda27d2a81b86eb843,188,86131740dd474fb399d3cd844da2661c93be1de207bb33d06482bba8dcd28a3c
597,ord_dataset-1ec2807f02fa4beda27d2a81b86eb843:ord-7ef0a7ea4f1644f7ae777a14e5427ad1,ord_dataset-1ec2807f02fa4beda27d2a81b86eb843,1016,2146d106bae40c74ee0bead1b864ac425a2517326b1f4dffb288e095f5f6c5b9
598,ord_dataset-1ec2807f02fa4beda27d2a81b86eb843:ord-7f07611c3d8347d79794e9d0849be4ec,ord_dataset-1ec2807f02fa4beda27d2a81b86eb843,477,0c4df8f83282f5baf770c76784abda9e4157a50f6579f6c20ab9ad1c1181a36a
599,ord_dataset-1ec2807f02fa4beda27d2a81b86eb843:ord-7f50546ad8224f278ce55a3eb55be48c,ord_dataset-1ec2807f02fa4beda27d2a81b86eb843,231,2ee68d25a2956e9b432f0725585632ac1094916f7bbf01e954c16d7d5c9b2690
600,ord_dataset-1ec2807f02fa4beda27d2a81b86eb843:ord-7f9aff48e1fe4bf09d652ed8a47d3a2e,ord_dataset-1ec2807f02fa4beda27d2a81b86eb843,366,0811b961b0521da27e9e24655e446a5582d65bb16a543b96a7c2d114635a2bb1
601,ord_dataset-1ec2807f02fa4beda27d2a81b86eb843:ord-7faea019828f4cb3b0070b66f11cbc3b,ord_dataset-1ec2807f02fa4beda27d2a81b86eb843,1146,67e76a1cd177cc1a6970d0d7b82884557d9fc6c12fa89cc83510407b045cc003
602,ord_dataset-1ec2807f02fa4beda27d2a81b86eb843:ord-7fbe46701d2c4114beda071ca350c598,ord_dataset-1ec2807f02fa4beda27d2a81b86eb843,416,85d0fddaafd64773eb8563a4bcabf4b81e83f985a9af73a09648992389e1b5aa
603,ord_dataset-1ec2807f02fa4beda27d2a81b86eb843:ord-80907311430b4847b50f336b9cf36cb6,ord_dataset-1ec2807f02fa4beda27d2a81b86eb843,157,8ff399ba1780987e486572dcc85cbeb7582e6d2131fe5a60fbb556ca29cf2591
604,ord_dataset-1ec2807f02fa4beda27d2a81b86eb843:ord-8111557b617e48eea59c7736420c305f,ord_dataset-1ec2807f02fa4beda27d2a81b86eb843,71,f337819d64fd3e3ac1880aeb26148147604cc96645af7014b39ad6e8cebb97d9
605,ord_dataset-1ec2807f02fa4beda27d2a81b86eb843:ord-811c986a8bd34a9a985f601f087d4728,ord_dataset-1ec2807f02fa4beda27d2a81b86eb843,821,b02a32d66a57df33729a00601cf8185f2600efe1963a774bd6a487a5c052ab49
606,ord_dataset-1ec2807f02fa4beda27d2a81b86eb843:ord-812a52006d6b4613a80ba6e2a51612de,ord_dataset-1ec2807f02fa4beda27d2a81b86eb843,160,c7ba9a2e9994df949ef9fbaabd152c4a85d3d415192f4ad17fa6068ce6401707
607,ord_dataset-1ec2807f02fa4beda27d2a81b86eb843:ord-814f9d83605045f285532e464caeccce,ord_dataset-1ec2807f02fa4beda27d2a81b86eb843,46,80ecc8bfb38ce364d1430b0eedeb8decdde2076f3a0beb8120ad03cb19513694
608,ord_dataset-1ec2807f02fa4beda27d2a81b86eb843:ord-8151512a7f19437482c59a707e5249c7,ord_dataset-1ec2807f02fa4beda27d2a81b86eb843,632,141a34ada10aa9d8d30f0505a09f2083f86d25a200299aa78d745b2f759729e6
609,ord_dataset-1ec2807f02fa4beda27d2a81b86eb843:ord-81cb1c57f33b425dbd6dfd651ed966db,ord_dataset-1ec2807f02fa4beda27d2a81b86eb843,224,762a77e676bce4f81f7ac8481362c2e89ad78b37dd035c4dd9174fe403101a9c
610,ord_dataset-1ec2807f02fa4beda27d2a81b86eb843:ord-81d21c1849e248ad9b6164a3848663fd,ord_dataset-1ec2807f02fa4beda27d2a81b86eb843,128,9620515511b7913b56d09412137140dd45a7e5ad6d84cbd75be65f7e886adcb3
611,ord_dataset-1ec2807f02fa4beda27d2a81b86eb843:ord-81e7e187b81840849a0ae7555776a09e,ord_dataset-1ec2807f02fa4beda27d2a81b86eb843,914,8e945fa09d92ea7e1e099b8f4d5c3a83c3b17a94119765218e82fef2edc65e38
612,ord_dataset-1ec2807f02fa4beda27d2a81b86eb843:ord-81e842022dc44afca5434decf881986d,ord_dataset-1ec2807f02fa4beda27d2a81b86eb843,1064,6be94544fad75d7e751358c017678ba59bbe94f88bd41ec163f9f7451a6987c0
613,ord_dataset-1ec2807f02fa4beda27d2a81b86eb843:ord-82017f4e1d3443b1a0992ee7683a4c2d,ord_dataset-1ec2807f02fa4beda27d2a81b86eb843,209,1b5229a301d6d7fa7b952ed947030f5a926ceefd992c57cdc2978729fe754a35
614,ord_dataset-1ec2807f02fa4beda27d2a81b86eb843:ord-8247fe89010b4b88ad48a0dc64863211,ord_dataset-1ec2807f02fa4beda27d2a81b86eb843,661,dd72ade0a8923afaa900c752ef104de028b80ed6370d7b7a699c69576af18585
615,ord_dataset-1ec2807f02fa4beda27d2a81b86eb843:ord-824d3ef22bd44374bd53d8ea638e2263,ord_dataset-1ec2807f02fa4beda27d2a81b86eb843,218,fd3c6e034dfcbee0b18b5470b05a5387be7185adaed13d16ead3d411e94bea38
616,ord_dataset-1ec2807f02fa4beda27d2a81b86eb843:ord-8250bf0c0fcd4c1b9d5e02794f6d39c3,ord_dataset-1ec2807f02fa4beda27d2a81b86eb843,946,a9c6d599891e3ba7f02a0f26f6f7ea347450844eba21a105e137f95912438dfe
617,ord_dataset-1ec2807f02fa4beda27d2a81b86eb843:ord-826328a5ec604738902e1f251ae2fcbb,ord_dataset-1ec2807f02fa4beda27d2a81b86eb843,454,5e6fad0ae88e830cc36e816b93b0c072d0e2192d2db951431a802cdf1a193c9d
618,ord_dataset-1ec2807f02fa4beda27d2a81b86eb843:ord-8264816f4b87402dae355a9af98d00e2,ord_dataset-1ec2807f02fa4beda27d2a81b86eb843,874,59f5aeb21d45ae09889a341623e99520880ab923e28d4a7c9e601b7d801f1ee4
619,ord_dataset-1ec2807f02fa4beda27d2a81b86eb843:ord-8277679352944ed3a6f8e3cd93682d5c,ord_dataset-1ec2807f02fa4beda27d2a81b86eb843,439,608523c84d388ff54844c953597e5194e9b8213bd6b7e2086a46bfeaa1242b6b
620,ord_dataset-1ec2807f02fa4beda27d2a81b86eb843:ord-828002f8bf3146f0b28960f773e38119,ord_dataset-1ec2807f02fa4beda27d2a81b86eb843,789,45a73cfd2af82457b6952b9f094730b8a08263ecab41db9f3b121c92969e0943
621,ord_dataset-1ec2807f02fa4beda27d2a81b86eb843:ord-82ccfd020f904ccdbb18045b2c56e7af,ord_dataset-1ec2807f02fa4beda27d2a81b86eb843,774,68be1a501a1e5d17a8882ea96ffe8cffde8d8a3ea4652837bcb353b46b6729bf
622,ord_dataset-1ec2807f02fa4beda27d2a81b86eb843:ord-8329e853351242cd8b0c81ca1ccfcebe,ord_dataset-1ec2807f02fa4beda27d2a81b86eb843,1126,a941ebf16ac6cd6b2ed0ad2fa548bf808e8e3f536c9fc83248cd600c516bfebc
623,ord_dataset-1ec2807f02fa4beda27d2a81b86eb843:ord-837697061a6a409ba2699cf418e9ce5d,ord_dataset-1ec2807f02fa4beda27d2a81b86eb843,1113,78b5bd278d68db20c04029ddbcfa7973b00650662f26be7ad9198c696b376576
624,ord_dataset-1ec2807f02fa4beda27d2a81b86eb843:ord-839e95b2a8f64b8e9a7bdef064a88337,ord_dataset-1ec2807f02fa4beda27d2a81b86eb843,1180,3a4a010be0de14474b3f3ea04a26f7d7c8d13325432211477db7e3c282188763
625,ord_dataset-1ec2807f02fa4beda27d2a81b86eb843:ord-83d6ad262a2b46dd9ed91468f2c992aa,ord_dataset-1ec2807f02fa4beda27d2a81b86eb843,653,2b98049fdfac32a7d1896830bdbf5e3ba1b33e888bf60ff8f6f93975d44e2942
626,ord_dataset-1ec2807f02fa4beda27d2a81b86eb843:ord-84180bbca57f4203a0be10417126632f,ord_dataset-1ec2807f02fa4beda27d2a81b86eb843,116,fce00931969ca7ca715a689ea21c3565e3b9fbeb279cb6ca1648823d0ee3a0a0
627,ord_dataset-1ec2807f02fa4beda27d2a81b86eb843:ord-84714eb7b80e4bab961b82521ffd603e,ord_dataset-1ec2807f02fa4beda27d2a81b86eb843,30,9a05fbb538376bdd876429c82d9f528698788cb75bd2b48788a43c9e2f2a5c38
628,ord_dataset-1ec2807f02fa4beda27d2a81b86eb843:ord-847fe50d09d94cdd8853d5d502929615,ord_dataset-1ec2807f02fa4beda27d2a81b86eb843,1205,b2f41ea8a6445ae93b8d7f98d8978d6e236baf03dae4c93d3f43f96c8150a829
629,ord_dataset-1ec2807f02fa4beda27d2a81b86eb843:ord-84c9648b358c4ee49532edae981bf7ae,ord_dataset-1ec2807f02fa4beda27d2a81b86eb843,1070,821e63c3250ca3e85f1e72cc15054d75b382aade5993735fb1dc21551e644626
630,ord_dataset-1ec2807f02fa4beda27d2a81b86eb843:ord-84ed84aaa9234c07935ab65661674675,ord_dataset-1ec2807f02fa4beda27d2a81b86eb843,334,d8d6d722426f3c68eb357101ab77d6e0d366d483fbb857895645aaf74b3e777a
631,ord_dataset-1ec2807f02fa4beda27d2a81b86eb843:ord-84fef0e9aaff4f84a8f80fb8e97fd904,ord_dataset-1ec2807f02fa4beda27d2a81b86eb843,512,ce3a508e7985ce1901a129844fe9ef2b227dea9e18f0d162ee760bc7f9852d67
632,ord_dataset-1ec2807f02fa4beda27d2a81b86eb843:ord-852dbc99923f4b5c9bdc518beb9b7d6e,ord_dataset-1ec2807f02fa4beda27d2a81b86eb843,1188,6700a4477f345f7f870aa6be6de580ae6e4a793c8310750a35da24d8b4273662
633,ord_dataset-1ec2807f02fa4beda27d2a81b86eb843:ord-8537a76c05b94133a9e3f9bcae2091a8,ord_dataset-1ec2807f02fa4beda27d2a81b86eb843,671,556e64931c9ebd8d30d04ba0267d82003492c4da7c684272fe42b6f39bb15212
634,ord_dataset-1ec2807f02fa4beda27d2a81b86eb843:ord-853c28221967421cb2677d4f067e1025,ord_dataset-1ec2807f02fa4beda27d2a81b86eb843,600,513c4cfa482a3c52f158f8fd84778aa358f45f99c153da1816e76a93b65ad360
635,ord_dataset-1ec2807f02fa4beda27d2a81b86eb843:ord-8555fa8218f84c158436fa5c83f95941,ord_dataset-1ec2807f02fa4beda27d2a81b86eb843,1062,61150fd53971df01b285470b62d4fb603867006379cb169928ea13a796579363
636,ord_dataset-1ec2807f02fa4beda27d2a81b86eb843:ord-859336ee90b64f9393352d77eca933db,ord_dataset-1ec2807f02fa4beda27d2a81b86eb843,441,47df7f7d1966edddea33af69c2a6424f416e1a6dcdd73ec8c11b4d337c87fd67
637,ord_dataset-1ec2807f02fa4beda27d2a81b86eb843:ord-85b9527cb5af4e44954a8f177f180151,ord_dataset-1ec2807f02fa4beda27d2a81b86eb843,336,8a09ea459624db1f9871e7a7bf0bebde0c08a94578f3a366b78d0d3274e72a58
638,ord_dataset-1ec2807f02fa4beda27d2a81b86eb843:ord-85c093ec924749c5bf79e0db3124f0ef,ord_dataset-1ec2807f02fa4beda27d2a81b86eb843,873,a538a04980951c427a4c9f9d52d1d7755d6d47c6921fc826bb44ef00edd3ce85
639,ord_dataset-1ec2807f02fa4beda27d2a81b86eb843:ord-85d16cce70dc4af58ad1d90a8613919e,ord_dataset-1ec2807f02fa4beda27d2a81b86eb843,328,f3d89ea9acdbe40ec1c2e8e98ebcf948d6b54d2adc2b0b99838679d68608d94f
640,ord_dataset-1ec2807f02fa4beda27d2a81b86eb843:ord-862bbd9f4f96474ba11962b31d899996,ord_dataset-1ec2807f02fa4beda27d2a81b86eb843,109,6ae3ec42d59e5a546a2becc55de01e57b912f527a6dee32e8db08fdb0e95567a
641,ord_dataset-1ec2807f02fa4beda27d2a81b86eb843:ord-86509c5d2af642e282959cc38c8eae0e,ord_dataset-1ec2807f02fa4beda27d2a81b86eb843,533,ea25c41705c58626f77d91490bdf2fd56f2d4fed85e79003b096a8ad3b868bdf
642,ord_dataset-1ec2807f02fa4beda27d2a81b86eb843:ord-866609a4141d4b04a31834c6128918f2,ord_dataset-1ec2807f02fa4beda27d2a81b86eb843,1148,f4cde911276191206c719814bcc53ebb35b3ef1027eaa00cffc4c3b569ed676b
643,ord_dataset-1ec2807f02fa4beda27d2a81b86eb843:ord-868af8303f154b8eabe7c2d1bc88a207,ord_dataset-1ec2807f02fa4beda27d2a81b86eb843,1208,2ed22db01fc2bb9e7a89ecd6cd1e76bc02a82e4cd630048a9368a381f02094ae
644,ord_dataset-1ec2807f02fa4beda27d2a81b86eb843:ord-86fb0f577f0a4770b8058c4463b0a788,ord_dataset-1ec2807f02fa4beda27d2a81b86eb843,76,c1c0d39db07c8c20ebf5cf92602f0bbc54f313d9a1baff4c362c2f9cb9ce0bfd
645,ord_dataset-1ec2807f02fa4beda27d2a81b86eb843:ord-870aad954e8b49558513dd4eb40cc03a,ord_dataset-1ec2807f02fa4beda27d2a81b86eb843,705,103defb5514ca0d40285290ead68bc0c48075d662cccc9a2ab2a5c6aea1204ee
646,ord_dataset-1ec2807f02fa4beda27d2a81b86eb843:ord-871a1bf024b840f3ad9aa03185162480,ord_dataset-1ec2807f02fa4beda27d2a81b86eb843,122,dab2d351e5a704e5917d2411e5b6c5e92d54489c3fec78659993838bf73b79f5
647,ord_dataset-1ec2807f02fa4beda27d2a81b86eb843:ord-87725e677cd24da2b882938224712564,ord_dataset-1ec2807f02fa4beda27d2a81b86eb843,499,ed0e40cb9ced05aaccac774f777b5c7e7ac9ac1131d9052b813969c95caf9b49
648,ord_dataset-1ec2807f02fa4beda27d2a81b86eb843:ord-87975f5c735c408bb945cf3ae49d20ae,ord_dataset-1ec2807f02fa4beda27d2a81b86eb843,396,38c74d22e8a8dea02ebe3249ecfe637abf6fcd5bb4b431dc162bc55c5c03da83
649,ord_dataset-1ec2807f02fa4beda27d2a81b86eb843:ord-87c30147129d47d6b9595572c80c6a5e,ord_dataset-1ec2807f02fa4beda27d2a81b86eb843,463,55150b4e1a72ed7b1d96fccc93a1f29cda63d1bb95f41b762b2ce4923635ab4e
650,ord_dataset-1ec2807f02fa4beda27d2a81b86eb843:ord-87f81648604948a285c74df776e68e11,ord_dataset-1ec2807f02fa4beda27d2a81b86eb843,476,ea21c3f86260236f1109b5f78ef09256a77a2fcd3ad222c4828163ac7f55e2d2
651,ord_dataset-1ec2807f02fa4beda27d2a81b86eb843:ord-87fc975b2bbf4a55b0b2a7e4f52d3c0a,ord_dataset-1ec2807f02fa4beda27d2a81b86eb843,910,dd803ed869f289a1c70d643b7044c3c807df99a6be4007ca3fb51d2709bd0fa4
652,ord_dataset-1ec2807f02fa4beda27d2a81b86eb843:ord-887c666d675d4d66acea58f4d61be315,ord_dataset-1ec2807f02fa4beda27d2a81b86eb843,1177,666e689946f6360cfc85b626be1b34caff51de5d25d0e4bf1d5ee7f335ea2253
653,ord_dataset-1ec2807f02fa4beda27d2a81b86eb843:ord-8890407d31f540a896a76849c549fbc8,ord_dataset-1ec2807f02fa4beda27d2a81b86eb843,31,2db1b1f85f596ad748c50b3f870a9fd726fd02383fd795bb47c58e3c98b21e82
654,ord_dataset-1ec2807f02fa4beda27d2a81b86eb843:ord-88916463d5c143f0a73104c080cb28c1,ord_dataset-1ec2807f02fa4beda27d2a81b86eb843,963,1f9fc876340e056f72b1065f24783274d686465524c182d874e985903abbcaee
655,ord_dataset-1ec2807f02fa4beda27d2a81b86eb843:ord-88afba4c5cdb490b8592e07573aa8df7,ord_dataset-1ec2807f02fa4beda27d2a81b86eb843,43,6099b83e18be2d69ea4201a24600d615e0f3d659b1b5617a22ea9f2d928e5b93
656,ord_dataset-1ec2807f02fa4beda27d2a81b86eb843:ord-88cd15f5bf7943548d1756d76ff5095e,ord_dataset-1ec2807f02fa4beda27d2a81b86eb843,445,555e50a9c12dd34e745de85ec42ba871fd5723840267daff9460a64103cbfd6b
657,ord_dataset-1ec2807f02fa4beda27d2a81b86eb843:ord-895e42c98df845868bc7f57f715583dd,ord_dataset-1ec2807f02fa4beda27d2a81b86eb843,658,e7d66f4685d01a52b25be5ed4db5de434d753aa6332580f3e3a742d158946f9c
658,ord_dataset-1ec2807f02fa4beda27d2a81b86eb843:ord-89894448a2c343a29af1e2c25cbb1f9d,ord_dataset-1ec2807f02fa4beda27d2a81b86eb843,664,b3db036fca7ab120e1061a69852c3ca85d83e8c126db6a42a9eeb4d8bf30771d
659,ord_dataset-1ec2807f02fa4beda27d2a81b86eb843:ord-89a86f64618b42598c3cebd8cd96ee19,ord_dataset-1ec2807f02fa4beda27d2a81b86eb843,216,de8fec4c208c5169101381ba1879d5eab23180ea24133b5a9cea0ae3261f2f5d
660,ord_dataset-1ec2807f02fa4beda27d2a81b86eb843:ord-89cbd7e277a34412a3e52fc6b09eee31,ord_dataset-1ec2807f02fa4beda27d2a81b86eb843,529,d5194a1cb3ac33624e1798fa3f12052e0ead43f61a94552f48e618cc51a224e8
661,ord_dataset-1ec2807f02fa4beda27d2a81b86eb843:ord-8a0f6eb8c60841ae9456f8374ea54527,ord_dataset-1ec2807f02fa4beda27d2a81b86eb843,68,383086ede4ee15b13896e176395d2abf751a632192297434df82dee747f5a10e
662,ord_dataset-1ec2807f02fa4beda27d2a81b86eb843:ord-8a1661a93f5846b4a39b8ddfe61e4945,ord_dataset-1ec2807f02fa4beda27d2a81b86eb843,619,72e5a9e63bd955456ef96d0cd3ec13445f4483246aeac669a18baf88ead661da
663,ord_dataset-1ec2807f02fa4beda27d2a81b86eb843:ord-8a7e1400c94b4c33954594105270ddfa,ord_dataset-1ec2807f02fa4beda27d2a81b86eb843,928,86dae705fd9437f28c8457bc6f7cc201f08ea3a5a466b6d4dcca1fb7571d7268
664,ord_dataset-1ec2807f02fa4beda27d2a81b86eb843:ord-8af475c69c374ffab0cb59310d3f2e50,ord_dataset-1ec2807f02fa4beda27d2a81b86eb843,683,5eb13ce5adb7897ca3729eb655aec3e3f797ec2a8aca5e09fd193b08868cb18e
665,ord_dataset-1ec2807f02fa4beda27d2a81b86eb843:ord-8b1bfe3c90ab4757ad26cd9e2b90781b,ord_dataset-1ec2807f02fa4beda27d2a81b86eb843,620,4dfb348680ee2fd82ddf31f4dd01cc5b67c029281c124e864b1b81b699a1883d
666,ord_dataset-1ec2807f02fa4beda27d2a81b86eb843:ord-8b4a44c2907f4cd1b31e7fd321245ed2,ord_dataset-1ec2807f02fa4beda27d2a81b86eb843,59,da0736f8eaa15c9a10f94c422ee9970144f41e8b861549b57d5dab1dbdb0b6c6
667,ord_dataset-1ec2807f02fa4beda27d2a81b86eb843:ord-8b604294e7f3406286e8e1a532089ecf,ord_dataset-1ec2807f02fa4beda27d2a81b86eb843,501,c8fc2f320a8e9725438053b0595616f8041247186db7ec80946308b4a3340e1a
668,ord_dataset-1ec2807f02fa4beda27d2a81b86eb843:ord-8bfec79ed38144fb9b941acd9367db08,ord_dataset-1ec2807f02fa4beda27d2a81b86eb843,73,68eb012bf432be52f257c6ddc45cf4c825b7acc65becebcae3e4b5d0819be181
669,ord_dataset-1ec2807f02fa4beda27d2a81b86eb843:ord-8c2cba8fbe9a4a6fb412ac3a4485219b,ord_dataset-1ec2807f02fa4beda27d2a81b86eb843,574,d9ec82d3699b62bb3de8d35605e24407a86a0e1cb060e088f11de5cc17a7b326
670,ord_dataset-1ec2807f02fa4beda27d2a81b86eb843:ord-8c8acdfbd2784972a1bb900f4139eb42,ord_dataset-1ec2807f02fa4beda27d2a81b86eb843,386,cb5c64b4a58c50307c266b0634ada7317cd5aa9a0add5c4739a618644aebf43b
671,ord_dataset-1ec2807f02fa4beda27d2a81b86eb843:ord-8d65780a975e4e28b8e8a2dc5f1a91d7,ord_dataset-1ec2807f02fa4beda27d2a81b86eb843,18,11c209e4dd9dafd4f8c26132446db2f80d2ed862b675a2aaf2f234b17fbe604f
672,ord_dataset-1ec2807f02fa4beda27d2a81b86eb843:ord-8da956ff74904fd29ee4a6be7bb39285,ord_dataset-1ec2807f02fa4beda27d2a81b86eb843,1014,c487f2b51f25fc3a37ae5112adef2396d744d8cbed15982ba44085a961db6ff6
673,ord_dataset-1ec2807f02fa4beda27d2a81b86eb843:ord-8dba14199bcc42e1bbb87953618bc50b,ord_dataset-1ec2807f02fa4beda27d2a81b86eb843,1204,7e818055dd2005b8adad1a53aab7dee16ed520628f9aaa53bff5d692f33ad1e9
674,ord_dataset-1ec2807f02fa4beda27d2a81b86eb843:ord-8dce14f2ac6f41479e155727e818d785,ord_dataset-1ec2807f02fa4beda27d2a81b86eb843,134,93f413f412e23e913925b6544a45922626b18b269dd2196ce60488efbe09802d
675,ord_dataset-1ec2807f02fa4beda27d2a81b86eb843:ord-8e033c23ea414437a25ebd708c75524f,ord_dataset-1ec2807f02fa4beda27d2a81b86eb843,1108,275136b1f8fc0553c2ca2e27e0a5c41060e8e2feee7af6d18293eee292fd434e
676,ord_dataset-1ec2807f02fa4beda27d2a81b86eb843:ord-8e16d2dd950d4aec8a3729b8034b07fb,ord_dataset-1ec2807f02fa4beda27d2a81b86eb843,96,17e6cb11248a8210c2e44a074423d8f0017afbc7593065732602820de1091f80
677,ord_dataset-1ec2807f02fa4beda27d2a81b86eb843:ord-8e1a04e234a4419c961a059c78d0fe46,ord_dataset-1ec2807f02fa4beda27d2a81b86eb843,841,52cb9bfd316ae42ee5a19cf6c3d8574800809e41da4b71b762424807d170e18c
678,ord_dataset-1ec2807f02fa4beda27d2a81b86eb843:ord-8e3d05d6590f4ff18ba7e30fa037f311,ord_dataset-1ec2807f02fa4beda27d2a81b86eb843,688,cfe42621bbdbdeeb94d7f9b208115375f81e97af04a0b5940cd258ada623f7db
679,ord_dataset-1ec2807f02fa4beda27d2a81b86eb843:ord-8e3e4229144543b0b8a650743b18083b,ord_dataset-1ec2807f02fa4beda27d2a81b86eb843,930,739264bdaf9efccbf3c9334910aaedea767bc697ea0e5c3d7f1d94594dda9f4b
680,ord_dataset-1ec2807f02fa4beda27d2a81b86eb843:ord-8e4b17168eec4ca2b9b255f9e7ad7bdf,ord_dataset-1ec2807f02fa4beda27d2a81b86eb843,579,70d8efb78ef2c90684d0f3830b8532b33896b44cccaae2443f2c2f951297a1f7
681,ord_dataset-1ec2807f02fa4beda27d2a81b86eb843:ord-8eab2f8a02d04f66be62cbd0a4cc939c,ord_dataset-1ec2807f02fa4beda27d2a81b86eb843,716,8fd368b2b8203de26166e76fa92c08fc58fa2d89d0a1c82a783b3a6b19731c3b
682,ord_dataset-1ec2807f02fa4beda27d2a81b86eb843:ord-8ef2b9baa14f4e2cb224f917d807d466,ord_dataset-1ec2807f02fa4beda27d2a81b86eb843,41,d80f9103772d4c4790f14b67d32fc14ea0f5dd16d62b2faedfc16de284876674
683,ord_dataset-1ec2807f02fa4beda27d2a81b86eb843:ord-8f1f705b563544d398a8b25401db5532,ord_dataset-1ec2807f02fa4beda27d2a81b86eb843,170,b50af73c9128c4e050a7f3998b97e9b7d3a70c404e34f0c6386920c48258e4fc
684,ord_dataset-1ec2807f02fa4beda27d2a81b86eb843:ord-8fb70b65d8b34737ae937ffba391c2d5,ord_dataset-1ec2807f02fa4beda27d2a81b86eb843,1209,e26a8b9d7c587f279a5df2ca9fe31ebdfe8a55d013dbcbda709de04a904faa29
685,ord_dataset-1ec2807f02fa4beda27d2a81b86eb843:ord-9016047148f241a98f2296ee51a3d02a,ord_dataset-1ec2807f02fa4beda27d2a81b86eb843,372,2571fb1fa3bf35fca1288f6a9253d9322f0709bcc62af9f6006fe5f2986f2f74
686,ord_dataset-1ec2807f02fa4beda27d2a81b86eb843:ord-903838b649894239928730db739f79e3,ord_dataset-1ec2807f02fa4beda27d2a81b86eb843,272,ca00d9bf93e9b8bf348fc4355943560f628422b3c1fb8c4b3f0189cf46d3e1b3
687,ord_dataset-1ec2807f02fa4beda27d2a81b86eb843:ord-90a5315793424a15b31eeae6aa6e746c,ord_dataset-1ec2807f02fa4beda27d2a81b86eb843,538,2aa26d2511a27302878122c74b7cb677ad9d687c263f8cae1c641b35ac65a6f6
688,ord_dataset-1ec2807f02fa4beda27d2a81b86eb843:ord-90b11f47fb194b4ca7bf51f0560674ff,ord_dataset-1ec2807f02fa4beda27d2a81b86eb843,448,cc6f892898235a3f18d7a6be1f762634a1a1c412e7f102171819f3f6b1bc5c2a
689,ord_dataset-1ec2807f02fa4beda27d2a81b86eb843:ord-9198d20fadb74bfd8f29626c9020b67b,ord_dataset-1ec2807f02fa4beda27d2a81b86eb843,730,bba6579e2271eeaf14de5f249cf1b112a44c952146dd59c600dc93191e82d064
690,ord_dataset-1ec2807f02fa4beda27d2a81b86eb843:ord-91a62210a9af4c8b8737a3ab5a2036d2,ord_dataset-1ec2807f02fa4beda27d2a81b86eb843,618,6751d53016927eff6b8880288e50f2f97acd84675b1e5b186e5d622996133bbe
691,ord_dataset-1ec2807f02fa4beda27d2a81b86eb843:ord-91da4832fa4f4550b351fcd9a29ca546,ord_dataset-1ec2807f02fa4beda27d2a81b86eb843,132,e4116601c6306fc3b6266ebd7f219fd27938eafd8aecb1be4c57793d5781ae64
692,ord_dataset-1ec2807f02fa4beda27d2a81b86eb843:ord-91e5858c8fe64491ad7548bc54d9f558,ord_dataset-1ec2807f02fa4beda27d2a81b86eb843,521,86422bd5b842b0e345992d629dc8dd556dcd37314b31339e84790f79d244ea8d
693,ord_dataset-1ec2807f02fa4beda27d2a81b86eb843:ord-922fb414b9294aa3bd5823727e5aeb5a,ord_dataset-1ec2807f02fa4beda27d2a81b86eb843,934,fbb9edceca5c2f4db1c57b8f1bfc6d98f8c27b6839667f9c024ab0b5b95330e2
694,ord_dataset-1ec2807f02fa4beda27d2a81b86eb843:ord-9238aec289a04f0fb18fe905855dfcd9,ord_dataset-1ec2807f02fa4beda27d2a81b86eb843,550,bc5dc52a6f4fb79239f28da300a00f78e59851739bd600890ec5742d92578eeb
695,ord_dataset-1ec2807f02fa4beda27d2a81b86eb843:ord-9258685c3e86419b877a0a82d7c13033,ord_dataset-1ec2807f02fa4beda27d2a81b86eb843,1221,65ac5d5453d324800bc89b3f9e4debcf06d8fc4966b517138eceafca96cc8ee6
696,ord_dataset-1ec2807f02fa4beda27d2a81b86eb843:ord-926455649ca6457ca3b256bad105b1a8,ord_dataset-1ec2807f02fa4beda27d2a81b86eb843,654,127566516e56aa479f2d370b95952b11079fb8cd7dbdb820f34b9ad0d7e3efbc
697,ord_dataset-1ec2807f02fa4beda27d2a81b86eb843:ord-92a8d21d862b49c7bd17fa7e9929580f,ord_dataset-1ec2807f02fa4beda27d2a81b86eb843,715,d99a9f395b1969485ab774f2b068eac2b5594ed378028217064e51d87304f283
698,ord_dataset-1ec2807f02fa4beda27d2a81b86eb843:ord-92b51ba479d349409edc8fa9607ec426,ord_dataset-1ec2807f02fa4beda27d2a81b86eb843,897,3524b274065f2132b880e43f2f92cac58e724f98aac59f1f32e3a2838f40720e
699,ord_dataset-1ec2807f02fa4beda27d2a81b86eb843:ord-933af5c056534ffa87a45d47be6aa74d,ord_dataset-1ec2807f02fa4beda27d2a81b86eb843,1,a32b971f455b6bb077fb5ba234d49f798a02d63e571258881dc334a2c91eca5f
700,ord_dataset-1ec2807f02fa4beda27d2a81b86eb843:ord-93540174c31c4f248f763ee0db020626,ord_dataset-1ec2807f02fa4beda27d2a81b86eb843,540,08750c7fbfacdb1aff529422bd6a591f366ab2caf57371c502512c9787e3ca6a
701,ord_dataset-1ec2807f02fa4beda27d2a81b86eb843:ord-935e1762b54c49abae1c8d153a01a35e,ord_dataset-1ec2807f02fa4beda27d2a81b86eb843,286,d0bea91be52b9e83cc1e451513d186be2a16de4a6381368d5b218920ea8d5b0f
702,ord_dataset-1ec2807f02fa4beda27d2a81b86eb843:ord-93a06dd892644e768cd3b45fb5f9544d,ord_dataset-1ec2807f02fa4beda27d2a81b86eb843,11,2c397f0f16994d1f25b3c8033a260073731199406e70c90179fa1a796945ed01
703,ord_dataset-1ec2807f02fa4beda27d2a81b86eb843:ord-93ad103c653844b591f2d334bf25d29d,ord_dataset-1ec2807f02fa4beda27d2a81b86eb843,911,846e981a91972bc6722fdb468a1985c35623172f5668a5ab81df7626382932a3
704,ord_dataset-1ec2807f02fa4beda27d2a81b86eb843:ord-93b89b8646804fdd8d5e849039f7479d,ord_dataset-1ec2807f02fa4beda27d2a81b86eb843,220,6b42131c7f0f119211b989ea905d15c0229007d687029b9147a1c319bf9325ca
705,ord_dataset-1ec2807f02fa4beda27d2a81b86eb843:ord-93bc8696669d4a5691650ed5ff54740c,ord_dataset-1ec2807f02fa4beda27d2a81b86eb843,347,a156e76bd249dd29d211c095557e2eea9e92342094de719376d88c36bb136aaf
706,ord_dataset-1ec2807f02fa4beda27d2a81b86eb843:ord-94068494247442bd87ba5bfce479dc58,ord_dataset-1ec2807f02fa4beda27d2a81b86eb843,1025,d75d9aa2bd795fd0ec447fc717e35b0376eea7e08ce0bd93d933d9ffe54c3dd3
707,ord_dataset-1ec2807f02fa4beda27d2a81b86eb843:ord-940acc36b629407eb3605aacea3d81ea,ord_dataset-1ec2807f02fa4beda27d2a81b86eb843,490,be753463b2096ada47c0c1e70c32f167f30fd9496c497012d295bb34a4fda1b4
708,ord_dataset-1ec2807f02fa4beda27d2a81b86eb843:ord-9424f3f4d71647babf05da3fbe9d1cbc,ord_dataset-1ec2807f02fa4beda27d2a81b86eb843,447,e1f742ccc33420375d8235d28fefc23f624a8850534cdff8243fe3050586c995
709,ord_dataset-1ec2807f02fa4beda27d2a81b86eb843:ord-943383ab59fb47e584f8f21cd8d0a8e5,ord_dataset-1ec2807f02fa4beda27d2a81b86eb843,187,d21a614ee62678c374011c15c9d2f12de546b08e4140250fe8116e6289988b5f
710,ord_dataset-1ec2807f02fa4beda27d2a81b86eb843:ord-9455001e26734f35a33495ce081b5890,ord_dataset-1ec2807f02fa4beda27d2a81b86eb843,36,b68afc703b1c068892cfc37c1a70e39cb387ac1126ecb67c6e0daec20c097b11
711,ord_dataset-1ec2807f02fa4beda27d2a81b86eb843:ord-946b1dbea17447d7912a0f62ee138a28,ord_dataset-1ec2807f02fa4beda27d2a81b86eb843,20,84ab6d1f92bfdc452d4310bc68c75edd0b27b4343d3cc6230a85729842d329e9
712,ord_dataset-1ec2807f02fa4beda27d2a81b86eb843:ord-94fa7edb1e5f44138655157972665996,ord_dataset-1ec2807f02fa4beda27d2a81b86eb843,633,f9eff829fd6824093cee026540f70f4e9f0940af6f153b3ab9ef90d983e15f25
713,ord_dataset-1ec2807f02fa4beda27d2a81b86eb843:ord-9514915dfbb44c3695defb4be009fe81,ord_dataset-1ec2807f02fa4beda27d2a81b86eb843,842,1ea45ae44b8bf6810d63481dcb453d630af1efaa01b27202269e68ba1178ee77
714,ord_dataset-1ec2807f02fa4beda27d2a81b86eb843:ord-9516eecc1ca94e26b9d995f30465399c,ord_dataset-1ec2807f02fa4beda27d2a81b86eb843,228,c9e967176f5d9fb02569a54cbcc5264a7af0a325d14afb8bb47adb36ab0fb459
715,ord_dataset-1ec2807f02fa4beda27d2a81b86eb843:ord-9545401fc2ab4a238781bf92a714185e,ord_dataset-1ec2807f02fa4beda27d2a81b86eb843,742,6382deeaa2816b1329b8b83700b58030def2fb8df48b6ec6f51eca6674224c72
716,ord_dataset-1ec2807f02fa4beda27d2a81b86eb843:ord-95577d0066914d55a3de75c4b97c5481,ord_dataset-1ec2807f02fa4beda27d2a81b86eb843,405,a4aa1b78219a2b2f52ae20036e922947313955d8ae1505d10da58cc1a3d48e4a
717,ord_dataset-1ec2807f02fa4beda27d2a81b86eb843:ord-95687e89cf224a2db797a0ebd254c54c,ord_dataset-1ec2807f02fa4beda27d2a81b86eb843,257,d9462836681c0a90c1a72f1f2ce30743105d309a2d7d516f1f55b840fe87d898
718,ord_dataset-1ec2807f02fa4beda27d2a81b86eb843:ord-956fd9e0d65f4b4795c8efc71cdf7b13,ord_dataset-1ec2807f02fa4beda27d2a81b86eb843,969,a21ff1bc51092a6a00b7626cc159c7733dd82d13d36895e7ff8dd71cc20e9cc7
719,ord_dataset-1ec2807f02fa4beda27d2a81b86eb843:ord-958182c580b24d51a60ce1fa7a392ae1,ord_dataset-1ec2807f02fa4beda27d2a81b86eb843,747,7da5912da5a52f7e6255370846f9e26b854e1d846141ee1e60804e44255931cf
720,ord_dataset-1ec2807f02fa4beda27d2a81b86eb843:ord-95f5ffbaaa854a9a9011111449907200,ord_dataset-1ec2807f02fa4beda27d2a81b86eb843,885,88460796b74d7fbfe2d608a0a15513981b0a9f01300c36040596ff520f119f36
721,ord_dataset-1ec2807f02fa4beda27d2a81b86eb843:ord-960ad91096104469b617df58a3d78237,ord_dataset-1ec2807f02fa4beda27d2a81b86eb843,484,2b1e1c1badb69ee5a54094648ea1cf2fd35f8234167a0a04efa04dcb7bc0c2dd
722,ord_dataset-1ec2807f02fa4beda27d2a81b86eb843:ord-96240b4ccf624bb7bcd3371d72c54d9f,ord_dataset-1ec2807f02fa4beda27d2a81b86eb843,788,bc03c7635822f9e4e659869e744fcae6876efc8f6aa23455ec230b29c7c9bfeb
723,ord_dataset-1ec2807f02fa4beda27d2a81b86eb843:ord-9650068e4e4045de8799156663e6b43f,ord_dataset-1ec2807f02fa4beda27d2a81b86eb843,681,b0004032cb15c32b3695bf109740c0f6b305c84b34fd08ef4126237513350a35
724,ord_dataset-1ec2807f02fa4beda27d2a81b86eb843:ord-975ef66ae5f34c178986999f4ff9c60c,ord_dataset-1ec2807f02fa4beda27d2a81b86eb843,381,33937fd7cdd5360ef38e2242cfd5c7f7391a1c53aa5c57f119ef05c47653d11d
725,ord_dataset-1ec2807f02fa4beda27d2a81b86eb843:ord-976982fc498c484a9258c0516aac2c2d,ord_dataset-1ec2807f02fa4beda27d2a81b86eb843,938,2f71a550e62289b00f96322e9a3e10aec8766f3a4af268a6d6eab38dd0953e9b
726,ord_dataset-1ec2807f02fa4beda27d2a81b86eb843:ord-97d0231854db418f89856e6ed3f112d3,ord_dataset-1ec2807f02fa4beda27d2a81b86eb843,805,dbb8fbc4a6e8336f2cb2384d57eb7030f6017b66dc36f6bed5512d25395603e3
727,ord_dataset-1ec2807f02fa4beda27d2a81b86eb843:ord-980156d5270541639f47858c706aed9b,ord_dataset-1ec2807f02fa4beda27d2a81b86eb843,129,a8c1052ae23a14f7b904f5c4c324e0e0a9ee239e419ea22e62dd32ddd7529281
728,ord_dataset-1ec2807f02fa4beda27d2a81b86eb843:ord-9807238630dd47e7ba908cd1085cf5db,ord_dataset-1ec2807f02fa4beda27d2a81b86eb843,319,99f6bae60e657bbc4e1d3922376750968e80e7c01895189f66ae6369ce2e0149
729,ord_dataset-1ec2807f02fa4beda27d2a81b86eb843:ord-98629b9b40c74463bfc88c52c7dc426d,ord_dataset-1ec2807f02fa4beda27d2a81b86eb843,237,ce72b261f9ce651aecfe7a64770ed6ff3c944c0947c7fb9eb0dd611dcd0f79e7
730,ord_dataset-1ec2807f02fa4beda27d2a81b86eb843:ord-98c134ec6b8d4fb6941292a53e737595,ord_dataset-1ec2807f02fa4beda27d2a81b86eb843,647,c6ce9fbdbd22d08dea0382a794d1a1edde97db57dfd184ecde7846ce60e30ecd
731,ord_dataset-1ec2807f02fa4beda27d2a81b86eb843:ord-98eab41faeba4352855af9286ead6dcf,ord_dataset-1ec2807f02fa4beda27d2a81b86eb843,1212,b030818477d4fffaeba8adbad6edefc39e7a87d5e7f59e7b5623637b5e2920e4
732,ord_dataset-1ec2807f02fa4beda27d2a81b86eb843:ord-98f62575ae1c457ca1663633b1e40edc,ord_dataset-1ec2807f02fa4beda27d2a81b86eb843,211,5e13e5b3c663a57eae1e6d80e27a4b49c2d6da9a850b3cec2ba1c36ad2667fc8
733,ord_dataset-1ec2807f02fa4beda27d2a81b86eb843:ord-98f953cc1e884b0c8c2f59e208962489,ord_dataset-1ec2807f02fa4beda27d2a81b86eb843,639,c934fcd7da60591e50e2ba669608b0f2f245409097022a7b763bd237bd34f806
734,ord_dataset-1ec2807f02fa4beda27d2a81b86eb843:ord-9903d9cec0ce465eb8b2ac66596a2da6,ord_dataset-1ec2807f02fa4beda27d2a81b86eb843,556,62a0bde64ea52615bb32291b30587ed44167a9f18c9d084082a28a76c364d2fe
735,ord_dataset-1ec2807f02fa4beda27d2a81b86eb843:ord-99120fbbe11a4ac9bc9530f4ab74ba1c,ord_dataset-1ec2807f02fa4beda27d2a81b86eb843,698,14cb169bd2a497a69c69fd1eef5c729586f805e1d20e8256a3e26ee2b077f71e
736,ord_dataset-1ec2807f02fa4beda27d2a81b86eb843:ord-994c79aed6734bf697242413abe7cf3f,ord_dataset-1ec2807f02fa4beda27d2a81b86eb843,389,9b69a2163646dea97afb34a417dbf7e29a71ccb37a15dfc74e01ff46aaffabd3
737,ord_dataset-1ec2807f02fa4beda27d2a81b86eb843:ord-99790f46e3c24c0b936dab5cfb3da826,ord_dataset-1ec2807f02fa4beda27d2a81b86eb843,374,be2ec3fdf8bbadd2ae80930c0208b62a11fcd4d96d52eabda458204f4d4b957e
738,ord_dataset-1ec2807f02fa4beda27d2a81b86eb843:ord-99bd9fd487a04474ac32ef527f404375,ord_dataset-1ec2807f02fa4beda27d2a81b86eb843,1022,12c5a51dcf4aa9edfa768115bc41ce73316cd14fae3d573dd8c686a119d0a39f
739,ord_dataset-1ec2807f02fa4beda27d2a81b86eb843:ord-9a08f4ecfa844bdca745a62de34d7c90,ord_dataset-1ec2807f02fa4beda27d2a81b86eb843,797,a9c5ee3bf7743128aa88bd069500fbdec482d42f56f1fb73b923702b5ed86004
740,ord_dataset-1ec2807f02fa4beda27d2a81b86eb843:ord-9b638a311f16460bab59e4dfaff4d025,ord_dataset-1ec2807f02fa4beda27d2a81b86eb843,39,5c6a9a6fc23523dee5bb57e9aa065b5a1cfdb1cd59c455a049ada6798bd09ead
741,ord_dataset-1ec2807f02fa4beda27d2a81b86eb843:ord-9b8aec90c4a74e30989e1d0b206144ad,ord_dataset-1ec2807f02fa4beda27d2a81b86eb843,635,4fad34b2baccf69378ddd1a79b5960c1de471c85463a30fbd3f4a5199e5f65aa
742,ord_dataset-1ec2807f02fa4beda27d2a81b86eb843:ord-9bafd486481b42229b9c21853b733d33,ord_dataset-1ec2807f02fa4beda27d2a81b86eb843,1157,632eed466a3345c6bc2a5a76d43c33d139364bde9abbf43a7e0150d3ca8d914f
743,ord_dataset-1ec2807f02fa4beda27d2a81b86eb843:ord-9bf0e41a9f4f46fd8e01e928352bb6c8,ord_dataset-1ec2807f02fa4beda27d2a81b86eb843,612,39fb8faa43fd59751c1428ecf59bedcae91e56c8a89b626f26254be4e7b453be
744,ord_dataset-1ec2807f02fa4beda27d2a81b86eb843:ord-9cc2b1de42e549bbabaf9fe2a6e68182,ord_dataset-1ec2807f02fa4beda27d2a81b86eb843,500,387c22f22a4f83fb65ab875de87c97c73b889a6da85aae455764915b4b6fea9c
745,ord_dataset-1ec2807f02fa4beda27d2a81b86eb843:ord-9ce6f559c90d4687b63ebaaff144792d,ord_dataset-1ec2807f02fa4beda27d2a81b86eb843,480,aca9ea492fe777df9bc8e433e492d367bfa8d6e7a9bdf7b7b7d8b45b19b67c2e
746,ord_dataset-1ec2807f02fa4beda27d2a81b86eb843:ord-9cecb40afab7404fa1d81eb368062a86,ord_dataset-1ec2807f02fa4beda27d2a81b86eb843,302,768982f1df1a2c41400695250741a4e7cfc19bb5c41c95d14b703f081e9aa5d0
747,ord_dataset-1ec2807f02fa4beda27d2a81b86eb843:ord-9cee3c05cd194939b0b46c6f5065d269,ord_dataset-1ec2807f02fa4beda27d2a81b86eb843,1182,7a4606eecd781effaf5c3b9b735bea881258a55e9b1b322d868d936eb7e77db9
748,ord_dataset-1ec2807f02fa4beda27d2a81b86eb843:ord-9d0566525e1f4dc3900cc58abda31d95,ord_dataset-1ec2807f02fa4beda27d2a81b86eb843,432,2ed779fb3b57da337dfc50d1a08843030715153ff45bad6ae6f43924fb5353d9
749,ord_dataset-1ec2807f02fa4beda27d2a81b86eb843:ord-9d311ee0be814e59825e1ba54fe0dade,ord_dataset-1ec2807f02fa4beda27d2a81b86eb843,849,18445ea668ee28694b686a5489160241f5178b5fe1ff4eb6bec95accdc4f1914
750,ord_dataset-1ec2807f02fa4beda27d2a81b86eb843:ord-9d85c1b2e84c4db6865000567d4c55e2,ord_dataset-1ec2807f02fa4beda27d2a81b86eb843,728,decb322d4e9b901d267756bdd61b9f6cbf6eaeddff9dbb84b8518e7a8bf449aa
751,ord_dataset-1ec2807f02fa4beda27d2a81b86eb843:ord-9d89f40bde704c13a125be2c81e3ceb2,ord_dataset-1ec2807f02fa4beda27d2a81b86eb843,296,9fe35f34d20edd910cb673e6062ebe2aebfb917aecb58b1b156c5905d463b6d6
752,ord_dataset-1ec2807f02fa4beda27d2a81b86eb843:ord-9de322bc6103489f94663166dc128f53,ord_dataset-1ec2807f02fa4beda27d2a81b86eb843,679,ad00739016eb47e2f709d624d95111faa036c188c8d01de60ecb68bacdaced62
753,ord_dataset-1ec2807f02fa4beda27d2a81b86eb843:ord-9dffc3a4dd334c36aabdf49a2d2390f1,ord_dataset-1ec2807f02fa4beda27d2a81b86eb843,26,256a0e0ea26b5cf9e5f59c301f50372f6a9b2339dec6932ac87af68ac61282f2
754,ord_dataset-1ec2807f02fa4beda27d2a81b86eb843:ord-9ec1b5785a1047ff8ae894a49b176242,ord_dataset-1ec2807f02fa4beda27d2a81b86eb843,348,9b25611a6320f5ad0c073396e9059ab93342bff9bb955a690f4a10d3ef8565c6
755,ord_dataset-1ec2807f02fa4beda27d2a81b86eb843:ord-9ef1fea4a25b49ea941853a38634d410,ord_dataset-1ec2807f02fa4beda27d2a81b86eb843,310,5fa6c0c7de45f45f8864aa7cdf70c8528e5ccde2989ac713852bb2ea793c6c8e
756,ord_dataset-1ec2807f02fa4beda27d2a81b86eb843:ord-9f19b5a5bf9448ccb0fe376f7acca6bb,ord_dataset-1ec2807f02fa4beda27d2a81b86eb843,675,4aa584aadb1fa56bb1b1e9eca33e5c6933267ee644321548203ac12574ccfa46
757,ord_dataset-1ec2807f02fa4beda27d2a81b86eb843:ord-9f1d8b5a729b4bdca16871e25c136adf,ord_dataset-1ec2807f02fa4beda27d2a81b86eb843,1142,60d3e7840331a19a5717d2aadd10787fae8c91be4b4dfb944c09596d966bcb08
758,ord_dataset-1ec2807f02fa4beda27d2a81b86eb843:ord-9f492844a2a24639a58f53d99f9d3ce6,ord_dataset-1ec2807f02fa4beda27d2a81b86eb843,782,5c6fb818bd3fe3b9d89e1a2b4cbff3828f5cb953bf8a63922b4e0da9f17079c3
759,ord_dataset-1ec2807f02fa4beda27d2a81b86eb843:ord-9f595d693e1f476a9228cebd4b260aae,ord_dataset-1ec2807f02fa4beda27d2a81b86eb843,525,3c30ce0b567b41c14f0597a5833930ef9f19876921b96a341b8c255cc3f93a37
760,ord_dataset-1ec2807f02fa4beda27d2a81b86eb843:ord-9f65f433007a42b38d9761569c28ba06,ord_dataset-1ec2807f02fa4beda27d2a81b86eb843,309,47c9db347f4faea0a42fb4133dc989fbf6a218125323bea446aa7fa368924d52
761,ord_dataset-1ec2807f02fa4beda27d2a81b86eb843:ord-9f6b5dffd8534ccbb48d5355e956adae,ord_dataset-1ec2807f02fa4beda27d2a81b86eb843,643,0e4d55dc64227d2761c93fe3f6b38ea45b17945470a8b32971bd3802556f5c4c
762,ord_dataset-1ec2807f02fa4beda27d2a81b86eb843:ord-9f6c3169ea2943f892e322bfdda11eba,ord_dataset-1ec2807f02fa4beda27d2a81b86eb843,1198,5043864c8b953ca2f78fb59f721a6949a2aa9ede2a2939da2a24f80e0022048d
763,ord_dataset-1ec2807f02fa4beda27d2a81b86eb843:ord-9f854123e5f4411690dd1cd033e558a7,ord_dataset-1ec2807f02fa4beda27d2a81b86eb843,504,62e5374ad526d9a6315bef2c34c6b84492c84534bfd0e1db1d0bd71ec3dbe117
764,ord_dataset-1ec2807f02fa4beda27d2a81b86eb843:ord-a01208d801d8487fb78676651251154c,ord_dataset-1ec2807f02fa4beda27d2a81b86eb843,421,fcc4398d2115b6a1dcea3abdb403ea30572244bf89c0175c5227263ca4327191
765,ord_dataset-1ec2807f02fa4beda27d2a81b86eb843:ord-a018ee3ce5394bc68f488872fd1638d8,ord_dataset-1ec2807f02fa4beda27d2a81b86eb843,1120,d24ebe59c11b0c332086566cb3ddb08b7831d96fd634da6aa5c3ec528dc406d2
766,ord_dataset-1ec2807f02fa4beda27d2a81b86eb843:ord-a02e9239176c4c6093f5170980c9f99c,ord_dataset-1ec2807f02fa4beda27d2a81b86eb843,67,8c104eefcd918190bd128a21f9f29cac1b380c09d4e6e0b3c3b1fae073ef2533
767,ord_dataset-1ec2807f02fa4beda27d2a81b86eb843:ord-a0640698a5f344a1967dcf091ee764c9,ord_dataset-1ec2807f02fa4beda27d2a81b86eb843,1077,d925e75dfb19270fd1eaef060bff06244be3037cfe64f3e5a744892ad41472c0
768,ord_dataset-1ec2807f02fa4beda27d2a81b86eb843:ord-a0672169379c4f35bbc0f6ab204dc8ae,ord_dataset-1ec2807f02fa4beda27d2a81b86eb843,408,cc9d97e61017f580154ac063cc25e21fe3a2edd630d1ec87953e12015338e4f0
769,ord_dataset-1ec2807f02fa4beda27d2a81b86eb843:ord-a06a8c2321a943308480f3ca9bbd5876,ord_dataset-1ec2807f02fa4beda27d2a81b86eb843,279,7a500539729cc3361509acf34579f646c7ad53596751dbde0adc2bf2270c8882
770,ord_dataset-1ec2807f02fa4beda27d2a81b86eb843:ord-a0bfe58cd77b4057a3e706e84fc5e2b0,ord_dataset-1ec2807f02fa4beda27d2a81b86eb843,12,2247dfa0d6aee2b3de0cd0193d681496344afa49e771ebfa624c0176efc506d0
771,ord_dataset-1ec2807f02fa4beda27d2a81b86eb843:ord-a0eaffec3bd342878cb63d944650978b,ord_dataset-1ec2807f02fa4beda27d2a81b86eb843,1150,9ccb4fc2ca2f4cf0ea84de730ff24f6ec82540d219ec78b34a89a8519404709c
772,ord_dataset-1ec2807f02fa4beda27d2a81b86eb843:ord-a0f84042a7454b4688879bfb98ff36ff,ord_dataset-1ec2807f02fa4beda27d2a81b86eb843,983,42f12df3cb9cc8a2f0ff0b343531634cab6ccf35f33ca6be2b47177cd80d6094
773,ord_dataset-1ec2807f02fa4beda27d2a81b86eb843:ord-a12cd9ede59841c8a42cb1f94669c6e6,ord_dataset-1ec2807f02fa4beda27d2a81b86eb843,486,c3cd36e2b6c85e71c94608dfcb70ac62c0aebc07e33452527c388be187ca612c
774,ord_dataset-1ec2807f02fa4beda27d2a81b86eb843:ord-a193f30977f540098acc0e747891d29f,ord_dataset-1ec2807f02fa4beda27d2a81b86eb843,694,932fd89f8f40cf9c16bb82f8698e30ad11ab1f72a5f4934651b5b7446fe10717
775,ord_dataset-1ec2807f02fa4beda27d2a81b86eb843:ord-a1c33e5a455d47e8b256cd36910b9b34,ord_dataset-1ec2807f02fa4beda27d2a81b86eb843,149,4c62ef5958aa5f156ee075f485e0f301ff9cc4dd38b1e19fca483f8deb3d85bb
776,ord_dataset-1ec2807f02fa4beda27d2a81b86eb843:ord-a1fbe317648b426581ffb9b273442a32,ord_dataset-1ec2807f02fa4beda27d2a81b86eb843,327,c291dc80268f42dcdc00083f66c7639bf7c7d5e4041ed25b44f61597483642d4
777,ord_dataset-1ec2807f02fa4beda27d2a81b86eb843:ord-a219ec23af4a4c6fa1bfcb1c6b75383e,ord_dataset-1ec2807f02fa4beda27d2a81b86eb843,1045,12ccecf4281bc159126a5fbd7b960e36630fe96354732a738bb740827fc8191f
778,ord_dataset-1ec2807f02fa4beda27d2a81b86eb843:ord-a256274a5b5d429c88a4178acc34999a,ord_dataset-1ec2807f02fa4beda27d2a81b86eb843,351,1b1f0fd5345e380d573078063fc9f0b3661be263154df090bfb1d94570c09858
779,ord_dataset-1ec2807f02fa4beda27d2a81b86eb843:ord-a2604409025b41ee980e5fc4957dc80b,ord_dataset-1ec2807f02fa4beda27d2a81b86eb843,543,ab1705d99f441384f4626597695a95999463ecd31fe669550c5b85ee18537d07
780,ord_dataset-1ec2807f02fa4beda27d2a81b86eb843:ord-a2a02b60ba3e4b4281f6b03b68a0d7f0,ord_dataset-1ec2807f02fa4beda27d2a81b86eb843,1013,641fc014643b5ced716515369c17a770157c39032b7abc3ccf1e6fc5f2421095
781,ord_dataset-1ec2807f02fa4beda27d2a81b86eb843:ord-a2b7dba89b6b408a8f65c822840565e3,ord_dataset-1ec2807f02fa4beda27d2a81b86eb843,968,503db56b645f66eb6af100902ba11d45bfe1c5e8f0c2a05e25bf3894ee1928bd
782,ord_dataset-1ec2807f02fa4beda27d2a81b86eb843:ord-a2c110875d59449087863ba2af69a6c2,ord_dataset-1ec2807f02fa4beda27d2a81b86eb843,1154,c146d962f69432d60e349b28a204f9a1bcf5c6cd63ef004893324516f0a1c0d1
783,ord_dataset-1ec2807f02fa4beda27d2a81b86eb843:ord-a2e1b66d84e54e1dad61e7237ba1ff41,ord_dataset-1ec2807f02fa4beda27d2a81b86eb843,1053,f972241b64395e5e519d3e058c0661f45c2939c9eb865b238ed40bf7aa273100
784,ord_dataset-1ec2807f02fa4beda27d2a81b86eb843:ord-a36fac92b4d44fdca4753095c1c504c5,ord_dataset-1ec2807f02fa4beda27d2a81b86eb843,63,fc23069ae9cc3dd0c438e39b44cf1f911b7c1b37561966b276d3e9a1ddf1dfad
785,ord_dataset-1ec2807f02fa4beda27d2a81b86eb843:ord-a397b6ee684b4d018c7b44c1a039c010,ord_dataset-1ec2807f02fa4beda27d2a81b86eb843,258,1fa15fcb256b6dcf46544b860dbc0e89c6a9f4ef0101ff6d089841865156d5ac
786,ord_dataset-1ec2807f02fa4beda27d2a81b86eb843:ord-a49c1ffad1c24244bdff3ddce2f1d353,ord_dataset-1ec2807f02fa4beda27d2a81b86eb843,54,1cc19db1fc5e2f6ada068e16fb93d492b69049e89b12d0ff73072f41d3750283
787,ord_dataset-1ec2807f02fa4beda27d2a81b86eb843:ord-a5536688ec4d46f7ab5f0337d5f90452,ord_dataset-1ec2807f02fa4beda27d2a81b86eb843,404,6a33c18b7f13d56ae4868b3cf47b040bf881dd1f300f8c4473eafb921ebe61d3
788,ord_dataset-1ec2807f02fa4beda27d2a81b86eb843:ord-a5a73216da5e45fba790ae953efd6683,ord_dataset-1ec2807f02fa4beda27d2a81b86eb843,899,ec515c3266d5af78de6d62499101896d0a0367fbb0915aadca4c3e54e71141c6
789,ord_dataset-1ec2807f02fa4beda27d2a81b86eb843:ord-a5a9b444f74f4a49b97a486169ef6a86,ord_dataset-1ec2807f02fa4beda27d2a81b86eb843,1152,4ba9472f867a27a200f0ed9fb0d848a6bdb576b1437df4a9bd4ef01ec56d75c9
790,ord_dataset-1ec2807f02fa4beda27d2a81b86eb843:ord-a5ca00cf5976432c9d253f6b75207ed2,ord_dataset-1ec2807f02fa4beda27d2a81b86eb843,70,419208145ff0a6423356e41cc3ab329f27f08c15d9f027077bd7b160c45daa2c
791,ord_dataset-1ec2807f02fa4beda27d2a81b86eb843:ord-a62cc85dea40446abec0b6d0944e02bd,ord_dataset-1ec2807f02fa4beda27d2a81b86eb843,124,2eb83fbb8c24502df7d5cbede2ed1e7037ae772f156fd5832c81ef0757f55faf
792,ord_dataset-1ec2807f02fa4beda27d2a81b86eb843:ord-a6bbcd8b021e4dd09e24fe32840cce72,ord_dataset-1ec2807f02fa4beda27d2a81b86eb843,278,c7e07bbfd47f892357a2362478326212fe6bd3b0014ffb9af700dd73b15e2e9d
793,ord_dataset-1ec2807f02fa4beda27d2a81b86eb843:ord-a77d012edd3246caa038d8de61238609,ord_dataset-1ec2807f02fa4beda27d2a81b86eb843,1225,37ab60098b1f99aeb6f9e68b2ac17b4b5db483099495fdb53f29ad5da5d938cd
794,ord_dataset-1ec2807f02fa4beda27d2a81b86eb843:ord-a77ee90fe5ce4fe4aec582971ddf8ef7,ord_dataset-1ec2807f02fa4beda27d2a81b86eb843,1073,b87c259a9217acd967353cfbc584ba7a8d0e3a467b6ea640565545882326260d
795,ord_dataset-1ec2807f02fa4beda27d2a81b86eb843:ord-a7946c70c2004aa4b94279c5038be16d,ord_dataset-1ec2807f02fa4beda27d2a81b86eb843,58,2ee206e4c3cd9b58af1275a6fdb8a2b21cb0f39f17fda2796479c5a55e10f86d
796,ord_dataset-1ec2807f02fa4beda27d2a81b86eb843:ord-a7a180d18f014261a07232b73dd8a291,ord_dataset-1ec2807f02fa4beda27d2a81b86eb843,1161,b3a93e352d1afd4cc16d9522c5bba731aab24b595ae1fe3db5d5ba57476fd8ca
797,ord_dataset-1ec2807f02fa4beda27d2a81b86eb843:ord-a7a47dfe94324b979634fbf73315f048,ord_dataset-1ec2807f02fa4beda27d2a81b86eb843,651,aa9931cfa7e50f5d70f6161d751c3042b533da1d30856db5fdf059ca0cd286da
798,ord_dataset-1ec2807f02fa4beda27d2a81b86eb843:ord-a809b8c1483d4765a96421600d663eeb,ord_dataset-1ec2807f02fa4beda27d2a81b86eb843,882,e45a736efc32830405cc7b785455cb453f0a31999d033e76d613d942e1fec66e
799,ord_dataset-1ec2807f02fa4beda27d2a81b86eb843:ord-a8238d0f5c4e43c18f6e24923eaad371,ord_dataset-1ec2807f02fa4beda27d2a81b86eb843,868,4a8f773bba55398d9a990cb6fef28c381f7c075dacd051b4d311b20106a34fb9
800,ord_dataset-1ec2807f02fa4beda27d2a81b86eb843:ord-a85e6981c8be4db195e19414d7742d48,ord_dataset-1ec2807f02fa4beda27d2a81b86eb843,66,12104556ecb2f6bfb4eebd85d6fcadb7708575622e46ac195e233c6bac601906
801,ord_dataset-1ec2807f02fa4beda27d2a81b86eb843:ord-a86b06de57dd4b749ea8a1de261f8db1,ord_dataset-1ec2807f02fa4beda27d2a81b86eb843,180,5306c11f46d732fee156a71d0b7ad749ba367f7a8e86226eea86913df89d7e94
802,ord_dataset-1ec2807f02fa4beda27d2a81b86eb843:ord-a89de0e29bba4338bf51cfb278fc284b,ord_dataset-1ec2807f02fa4beda27d2a81b86eb843,249,08560acd16a179dbde36967d4aff4ae410fa58e7ef6f00a61b8ce933142cfb65
803,ord_dataset-1ec2807f02fa4beda27d2a81b86eb843:ord-a8d328a3b85b440294233f6ba51f5b09,ord_dataset-1ec2807f02fa4beda27d2a81b86eb843,1211,ee98604cdf1a1bab08673e52a1aa234acf93f2951e009903650e5d58864b63c6
804,ord_dataset-1ec2807f02fa4beda27d2a81b86eb843:ord-a8de1a0d66d046a78bc4f05cf7f68c2d,ord_dataset-1ec2807f02fa4beda27d2a81b86eb843,1166,2b69ca3117129762a923a315ab499e383faf8a3559f42702fd6fa44b400d98f1
805,ord_dataset-1ec2807f02fa4beda27d2a81b86eb843:ord-a8ec5599fbe54b59b33c25882949fc66,ord_dataset-1ec2807f02fa4beda27d2a81b86eb843,706,516ff373da9e2bac5221d81fef884ca2f5e79c2954dcfb16c7e15894a5722ce3
806,ord_dataset-1ec2807f02fa4beda27d2a81b86eb843:ord-a8fc45f8c3a448a4b8dea611afa64186,ord_dataset-1ec2807f02fa4beda27d2a81b86eb843,723,c2ff32244bec5ccc0b3770478f321a2622f50dc6140d99c6848c83033881f3ad
807,ord_dataset-1ec2807f02fa4beda27d2a81b86eb843:ord-a905701273ec4de3a69614e10bb78f5b,ord_dataset-1ec2807f02fa4beda27d2a81b86eb843,589,4c4131ee07317d4a4b7fc9331be8e72fb8ee286d9f8cbad60128c03ba24b6b98
808,ord_dataset-1ec2807f02fa4beda27d2a81b86eb843:ord-a95c634bca6e49bca21168dfdcadec0e,ord_dataset-1ec2807f02fa4beda27d2a81b86eb843,1179,447a392891faa515861c50574ff60ce1b91dd524e2a1059cc2e5ec070dcf6f05
809,ord_dataset-1ec2807f02fa4beda27d2a81b86eb843:ord-a98345b5d2ed4f269ba644753fcfd81e,ord_dataset-1ec2807f02fa4beda27d2a81b86eb843,1107,c26f2ae176cd0fb07691406cfaa41df73eeec0b5b8ba3385996284bac3186443
810,ord_dataset-1ec2807f02fa4beda27d2a81b86eb843:ord-a9a12252dd6c4b51aebd92e4f31f28cd,ord_dataset-1ec2807f02fa4beda27d2a81b86eb843,516,7868689e4dd26f7919b68b54f7a108660623b47029adcf08ae09851aaed5b71d
811,ord_dataset-1ec2807f02fa4beda27d2a81b86eb843:ord-a9dd05007beb4530bc9229192e159d48,ord_dataset-1ec2807f02fa4beda27d2a81b86eb843,263,693bd8b81498e6c62c9eae2f3e456d8213cf78b98af4ba6585c70feff31395a6
812,ord_dataset-1ec2807f02fa4beda27d2a81b86eb843:ord-a9e4f888139e4dffb18560a94764c31f,ord_dataset-1ec2807f02fa4beda27d2a81b86eb843,1226,0b90fff68f3c7eb5cac8f1396a19a644d6fc4f1ec13a7e6e325a891eded5d18e
813,ord_dataset-1ec2807f02fa4beda27d2a81b86eb843:ord-a9f9ac5778a24ad697103176a1699946,ord_dataset-1ec2807f02fa4beda27d2a81b86eb843,435,4615c024baee90b531d76c8c2a5fd0612718bc65ee5e31e2be5657c7e3b39760
814,ord_dataset-1ec2807f02fa4beda27d2a81b86eb843:ord-aa4cd6c68ecb4be4a4a2b61083a92a20,ord_dataset-1ec2807f02fa4beda27d2a81b86eb843,854,42c860db0ac9cc5528a00078458cf5a99bd103c1044a187bba69dfe3b89f5edb
815,ord_dataset-1ec2807f02fa4beda27d2a81b86eb843:ord-aaa608bb4cdb4385a5e5722103ecfe70,ord_dataset-1ec2807f02fa4beda27d2a81b86eb843,1030,63a20cf9ebf5a9677dd4dca5f711ff1ea5341c31213a557ab00605462e2d2a7b
816,ord_dataset-1ec2807f02fa4beda27d2a81b86eb843:ord-aab42889e1ae424e9eb4ec63d03b7b24,ord_dataset-1ec2807f02fa4beda27d2a81b86eb843,717,d4b28d109229b251634a166218873661a3b8e2ab972e46f198a9bddd071dc827
817,ord_dataset-1ec2807f02fa4beda27d2a81b86eb843:ord-ab13baeccd3749f6a29e21b3e87354d2,ord_dataset-1ec2807f02fa4beda27d2a81b86eb843,929,42fa2bcdd41f7b9b7fffa5fbe2ba5011ec1c64f0e3de064afe421ecd7314f11e
818,ord_dataset-1ec2807f02fa4beda27d2a81b86eb843:ord-ab16d99c8bb7475e93a3f8f5fb2e30fe,ord_dataset-1ec2807f02fa4beda27d2a81b86eb843,337,98cbb4e23ab8408150a06cfe463d6ab2dbcbf13d26a7f092054c3c1f228e6448
819,ord_dataset-1ec2807f02fa4beda27d2a81b86eb843:ord-ab21654c84da44f5bdc5213bec28a408,ord_dataset-1ec2807f02fa4beda27d2a81b86eb843,1075,7d78f04006a07e682cc2103c3ce0116ba585efec2ada9bd2dcf92f3ae7987c19
820,ord_dataset-1ec2807f02fa4beda27d2a81b86eb843:ord-ab2a3da3c16a4bc79577adfb56007cf7,ord_dataset-1ec2807f02fa4beda27d2a81b86eb843,809,9e132823f33c936afac343a99982459b731c7062a52a4641e05515a0aebdc0ca
821,ord_dataset-1ec2807f02fa4beda27d2a81b86eb843:ord-ab7217e3ada64c27b14dfc431527ce9b,ord_dataset-1ec2807f02fa4beda27d2a81b86eb843,444,2e4714d85e3105301c1aad06d67befd2449e2c2e846c2131aecb37f64824c603
822,ord_dataset-1ec2807f02fa4beda27d2a81b86eb843:ord-ab810824d8564230a358f094e894150b,ord_dataset-1ec2807f02fa4beda27d2a81b86eb843,108,3ba2b619ae8b5defbf24b1e9e7cbbf548be0fb2488bebcbbb0e50963b596c190
823,ord_dataset-1ec2807f02fa4beda27d2a81b86eb843:ord-ab8c21d38dd94ba5a09930a1003a7e0f,ord_dataset-1ec2807f02fa4beda27d2a81b86eb843,1012,0a50d59318355b3f19464bf5f6c55de599b37715cc331e9a3767cff1e12a1f4f
824,ord_dataset-1ec2807f02fa4beda27d2a81b86eb843:ord-aba6684eb6d743cab4313bf162f15243,ord_dataset-1ec2807f02fa4beda27d2a81b86eb843,753,9ce9b718e0fccbcd522e0cda4ce08f8d2a1566a0a5b2be9729e26a43ef682cf6
825,ord_dataset-1ec2807f02fa4beda27d2a81b86eb843:ord-abae0bd329234377b2492ba1983058b3,ord_dataset-1ec2807f02fa4beda27d2a81b86eb843,364,49401ae3c46f33f9197ce339e2c5ada903b70160524f118635b3a0636c9132aa
826,ord_dataset-1ec2807f02fa4beda27d2a81b86eb843:ord-abd3831a1c144a67945aee5aa9da0545,ord_dataset-1ec2807f02fa4beda27d2a81b86eb843,341,aca5e9a18abfa8494bd8ce8c99b095446f9c93328ddfefd77ab13d1a363149a3
827,ord_dataset-1ec2807f02fa4beda27d2a81b86eb843:ord-ac2b1c6f3c6c4881a26aa631b2f26bb2,ord_dataset-1ec2807f02fa4beda27d2a81b86eb843,625,9ccc4b6be59f5f6b0d4e9b826989fdc1a126585dbe3d8b115456e70ce13407fa
828,ord_dataset-1ec2807f02fa4beda27d2a81b86eb843:ord-ac91f5f6fa83473a8d36a5a4c59907f1,ord_dataset-1ec2807f02fa4beda27d2a81b86eb843,1129,123e6bb33df859175daec45bc3acf5f5cd03a4bb22964d928dc7672c43e2e416
829,ord_dataset-1ec2807f02fa4beda27d2a81b86eb843:ord-ac99607e50a54fc2ab8eb28574e66d95,ord_dataset-1ec2807f02fa4beda27d2a81b86eb843,1145,deb1c82c39e58309e16b4188cdfcfa717dea557d8a2560c02d761ef2b107c7c9
830,ord_dataset-1ec2807f02fa4beda27d2a81b86eb843:ord-ac9fc60773db4c23bc5c33457e48268f,ord_dataset-1ec2807f02fa4beda27d2a81b86eb843,426,014de667348cb8974e6cf6f0401d7367e64825ced55bba81424608c3e665e4b9
831,ord_dataset-1ec2807f02fa4beda27d2a81b86eb843:ord-acac44460f0842b2bb88c63c68351bd7,ord_dataset-1ec2807f02fa4beda27d2a81b86eb843,114,4fcc5a310cee87216ce5e79c4d93de513615a3bdf2baa0c965ffe9527a4efacf
832,ord_dataset-1ec2807f02fa4beda27d2a81b86eb843:ord-ad54679dffef4928b930b60f7d359bfd,ord_dataset-1ec2807f02fa4beda27d2a81b86eb843,1222,71a82f4871f589984162bd85852f723cdcf27cc12aae213f3ac46410f03e4f04
833,ord_dataset-1ec2807f02fa4beda27d2a81b86eb843:ord-ad5847d9b734470c9704f2170ded9abf,ord_dataset-1ec2807f02fa4beda27d2a81b86eb843,522,45d495fb7f37220fbd1ac326f719a21c9bb50a6cce4aea60cd439e15b4f975e0
834,ord_dataset-1ec2807f02fa4beda27d2a81b86eb843:ord-ad5f312bbc544aa8993021a96c5adc8a,ord_dataset-1ec2807f02fa4beda27d2a81b86eb843,1029,39ea0a544cbf5f306976fbdbc1ca0bb736510ce92294c5931e3ed5397390e4d5
835,ord_dataset-1ec2807f02fa4beda27d2a81b86eb843:ord-addaceff298b409a96b65b7434b8ea2c,ord_dataset-1ec2807f02fa4beda27d2a81b86eb843,215,20cb69c815134b9d3df8eab29ad9937e0dfa201687ebaecbdb5bfeb6ac94481a
836,ord_dataset-1ec2807f02fa4beda27d2a81b86eb843:ord-ae033a95215c4b49a793888dd28b3454,ord_dataset-1ec2807f02fa4beda27d2a81b86eb843,505,54f65e1ed37f6e9e83371d0fe1e139d1a17650509adaaedf1e052e9d2412f1f4
837,ord_dataset-1ec2807f02fa4beda27d2a81b86eb843:ord-ae5778795a4b4264a463a54538a35a2c,ord_dataset-1ec2807f02fa4beda27d2a81b86eb843,780,d7a380e194e77f2206d2f765d1a173721132ec9d689bcabb04f587deb9619d8a
838,ord_dataset-1ec2807f02fa4beda27d2a81b86eb843:ord-ae967d422c61408cbce4ed3497c4af43,ord_dataset-1ec2807f02fa4beda27d2a81b86eb843,685,4bf5adcda9468c6b2bbdbd65a11968579f332e63fcc28b4008122deb04114759
839,ord_dataset-1ec2807f02fa4beda27d2a81b86eb843:ord-ae9817dc0a474c918ebc830c15bb7a60,ord_dataset-1ec2807f02fa4beda27d2a81b86eb843,25,2eee6d93a28cd998bf22b632134cb27bfabf9aa6ea5c152ff3d71f391f7cc833
840,ord_dataset-1ec2807f02fa4beda27d2a81b86eb843:ord-aee4ffc0a77a4cd4abe098fc44830292,ord_dataset-1ec2807f02fa4beda27d2a81b86eb843,590,ff2fddb4334725240a3dd094fca49a69b70beea27333b3ddf5dcea96a5dddcca
841,ord_dataset-1ec2807f02fa4beda27d2a81b86eb843:ord-aeeee04aa86a480ca7c04102dbfcbe6c,ord_dataset-1ec2807f02fa4beda27d2a81b86eb843,1128,c2f283eed10e985fd5803c2ebc9cd1212401d38f1cd29d898a7b049fea722a81
842,ord_dataset-1ec2807f02fa4beda27d2a81b86eb843:ord-af2c989da6364d41b3f8b8c090afac2d,ord_dataset-1ec2807f02fa4beda27d2a81b86eb843,288,fd9a7c8e24f54db617e4e6025959f4a7e8333181f162a3bef5dc23e8ae8507bc
843,ord_dataset-1ec2807f02fa4beda27d2a81b86eb843:ord-b0731be061c343209f20678e84ee213b,ord_dataset-1ec2807f02fa4beda27d2a81b86eb843,1109,e00421860adb47b99dd2c0f4f7e1b44e93057a0c79619603c2e0a073fd90e9ab
844,ord_dataset-1ec2807f02fa4beda27d2a81b86eb843:ord-b08932217a0646a88bbf5c2ef74ee1d2,ord_dataset-1ec2807f02fa4beda27d2a81b86eb843,997,70bf7d9306a41960b90daf35c418d00dd202a2634e3561ab2f407443a3be0f50
845,ord_dataset-1ec2807f02fa4beda27d2a81b86eb843:ord-b15094ed3b03494da8f70cafe118e011,ord_dataset-1ec2807f02fa4beda27d2a81b86eb843,1220,8e9705cb6a10d085b44b43f84e526279e5380e641427bc5d61d9772eb803c029
846,ord_dataset-1ec2807f02fa4beda27d2a81b86eb843:ord-b1b91cb3a4094d119897f0e8dc567342,ord_dataset-1ec2807f02fa4beda27d2a81b86eb843,889,22959b176269ece797238ea626434ea3b24b853ce34643000b4d51fef505d43f
847,ord_dataset-1ec2807f02fa4beda27d2a81b86eb843:ord-b1f4da21baea4b978aa916489298850e,ord_dataset-1ec2807f02fa4beda27d2a81b86eb843,1214,89dc733908aaacfeb8273e71068f028e442885360735de3182d0eb16c8f55599
848,ord_dataset-1ec2807f02fa4beda27d2a81b86eb843:ord-b220c74a227e429193d978e20c291ecb,ord_dataset-1ec2807f02fa4beda27d2a81b86eb843,275,b4cb08d2dfb35385fba5e8f6f7b6dce69409b069e72ed03dacf064f7d0617132
849,ord_dataset-1ec2807f02fa4beda27d2a81b86eb843:ord-b225fa656bb244af977535c40f2adb67,ord_dataset-1ec2807f02fa4beda27d2a81b86eb843,727,35ce9aa4aa8198dbb8bc912463a7e7550b08d21e2146fb553f7bd99713d22b62
850,ord_dataset-1ec2807f02fa4beda27d2a81b86eb843:ord-b23a8daf87c44bb3be538ad5f8a52e1c,ord_dataset-1ec2807f02fa4beda27d2a81b86eb843,184,8cb03bd42c5a22df78e16e32fcaf30e25ab9b5dd19f3cfac68efc0f0209db341
851,ord_dataset-1ec2807f02fa4beda27d2a81b86eb843:ord-b240a2bf5f174adf8a5a62697485c83c,ord_dataset-1ec2807f02fa4beda27d2a81b86eb843,551,b0567a1c350091e03c9e01c2d58ebad9cdffc5e0c081dcc4f67299e12edc048e
852,ord_dataset-1ec2807f02fa4beda27d2a81b86eb843:ord-b24ab1c5f17d49bba5142de23f796b3d,ord_dataset-1ec2807f02fa4beda27d2a81b86eb843,183,8142d0d333463127a135d6f2d36b83ed89c370efd710f89977f6a4d2ed9978c3
853,ord_dataset-1ec2807f02fa4beda27d2a81b86eb843:ord-b2500d5a243b48639b6b936254c238eb,ord_dataset-1ec2807f02fa4beda27d2a81b86eb843,636,f09ce300d49fa19dd822895a3e0666563c10c9762d3b09cb5786d68725278c8e
854,ord_dataset-1ec2807f02fa4beda27d2a81b86eb843:ord-b26b21456e2e4b17b017caff19050fe9,ord_dataset-1ec2807f02fa4beda27d2a81b86eb843,985,a44534c5b7140ad9e4f4c2948db767549b2d9a1bbd4bea77b1dbff0319ef174e
855,ord_dataset-1ec2807f02fa4beda27d2a81b86eb843:ord-b2a102252a1b4249bf24d444f04b55f6,ord_dataset-1ec2807f02fa4beda27d2a81b86eb843,819,33167e1692615df3193198645eefad9eb34a02aa5a4dd856718f142fc0266cdf
856,ord_dataset-1ec2807f02fa4beda27d2a81b86eb843:ord-b30bf645e4e9490093f42e0c5fde86f8,ord_dataset-1ec2807f02fa4beda27d2a81b86eb843,267,5e57dfc6e85507ac78f7fe57e40a621b89611d2e6352f43e83f1aba34856ce60
857,ord_dataset-1ec2807f02fa4beda27d2a81b86eb843:ord-b389f8d53d9b45e3b993148171ac45f8,ord_dataset-1ec2807f02fa4beda27d2a81b86eb843,1057,733c49fc79d6f3c1128014bb939279eaeb4eddc59caa8f4171113c3f070dc512
858,ord_dataset-1ec2807f02fa4beda27d2a81b86eb843:ord-b3e197e5bd4c4796b06e54fe1575d35e,ord_dataset-1ec2807f02fa4beda27d2a81b86eb843,23,1039f24cc0455b1a4ee86775dc12a0cfaaac401e6a84e91ffc164668223af524
859,ord_dataset-1ec2807f02fa4beda27d2a81b86eb843:ord-b4c259e084d44de4a6b622c5110d4bf3,ord_dataset-1ec2807f02fa4beda27d2a81b86eb843,659,9a333805a5907e68b90f53fe9ddc19fa2ef83479ec61ea2aebcc45fcd4fd84a5
860,ord_dataset-1ec2807f02fa4beda27d2a81b86eb843:ord-b4edbbeb5e9245c29b7e314b109d8803,ord_dataset-1ec2807f02fa4beda27d2a81b86eb843,100,16b835720b9f4ac401b12e7e0d9e4aff025f773b351e20e851d40db46a450795
861,ord_dataset-1ec2807f02fa4beda27d2a81b86eb843:ord-b4febcbbe9f74b0c8931af48a769cfdd,ord_dataset-1ec2807f02fa4beda27d2a81b86eb843,95,f5c9bb7e593271626689e2898d15ea1e20bad90b54722064c2fc069725ae3446
862,ord_dataset-1ec2807f02fa4beda27d2a81b86eb843:ord-b5420d620e554bcb94cb2aabbfeafba4,ord_dataset-1ec2807f02fa4beda27d2a81b86eb843,198,fb41712710c976dd20466a42864f0f98ecee13869ad31b2e05645e9d84c3a01e
863,ord_dataset-1ec2807f02fa4beda27d2a81b86eb843:ord-b54b5ad8a27748409d0b10eafb083013,ord_dataset-1ec2807f02fa4beda27d2a81b86eb843,344,2756e9f5ff2da4ae4dc8c9c4dc81ed63f2d895babaccb1343145f60c8d2899d2
864,ord_dataset-1ec2807f02fa4beda27d2a81b86eb843:ord-b5a198a602404115b28586401a5164ad,ord_dataset-1ec2807f02fa4beda27d2a81b86eb843,1087,31051753a069502d96f3daa7ad3acb6a6fb047c8c9485375a204fa0cf2c609ac
865,ord_dataset-1ec2807f02fa4beda27d2a81b86eb843:ord-b6011ebcfb0040c8add217781e74ea59,ord_dataset-1ec2807f02fa4beda27d2a81b86eb843,1055,aa51392b8366d2ac15088ad47ce78b329fc2ffa7bde45edae9490de7ae749f46
866,ord_dataset-1ec2807f02fa4beda27d2a81b86eb843:ord-b645870429b041559a03988ff98416e9,ord_dataset-1ec2807f02fa4beda27d2a81b86eb843,428,3cffb511d78d65c118f03c8f3dc3960f47a18203000ef6fe65c385f09487282d
867,ord_dataset-1ec2807f02fa4beda27d2a81b86eb843:ord-b64bea06f2e24697bd0581eb5a22bfc9,ord_dataset-1ec2807f02fa4beda27d2a81b86eb843,387,f897162303159178b8df28581116b03318c1533b7c778af5bbdd132799cfe223
868,ord_dataset-1ec2807f02fa4beda27d2a81b86eb843:ord-b6884776dd3e4efa89f988aafb04f135,ord_dataset-1ec2807f02fa4beda27d2a81b86eb843,200,7d1917d824ae2a9952639cc42517808d2e19c8de5e7584af1b6ee2c4ba99a7c7
869,ord_dataset-1ec2807f02fa4beda27d2a81b86eb843:ord-b6a6cc8ddc4d4d9a8522e4c5c4d2b0df,ord_dataset-1ec2807f02fa4beda27d2a81b86eb843,171,a2bdb2fad165d185ab869d30a912c097750fe5470639975694412fa6a3b32ca6
870,ord_dataset-1ec2807f02fa4beda27d2a81b86eb843:ord-b6cd4d226d8040329eed1ba7379291aa,ord_dataset-1ec2807f02fa4beda27d2a81b86eb843,585,1582de9996233aa5d78fcb5b66060c82f471afb696abf8fa383fbb44e87caab2
871,ord_dataset-1ec2807f02fa4beda27d2a81b86eb843:ord-b7beb72900484f77af0339b4b7d4b415,ord_dataset-1ec2807f02fa4beda27d2a81b86eb843,1155,010ecf97cd9f50937b56aa809e720eb979cb20ae94547b9e6cca406079a1b3d0
872,ord_dataset-1ec2807f02fa4beda27d2a81b86eb843:ord-b7ed02f06f514b16ac89fe665dace283,ord_dataset-1ec2807f02fa4beda27d2a81b86eb843,817,4d000d7d5e3591dd1954ef0877552eeaebfd5111e76ec18ea4f17aadb4031e2c
873,ord_dataset-1ec2807f02fa4beda27d2a81b86eb843:ord-b7edeada447141c5b6f9a40b895f7484,ord_dataset-1ec2807f02fa4beda27d2a81b86eb843,1210,ce05e5a342e8eee7e0b4f9198ae29681971eb78d419ac7f9f5304d7210dfa70a
874,ord_dataset-1ec2807f02fa4beda27d2a81b86eb843:ord-b81045e77d884afb98effdf793362977,ord_dataset-1ec2807f02fa4beda27d2a81b86eb843,475,abc3c725ab0862682a7548a5d137096b73cf93c3158234ecb3dd9336538cf928
875,ord_dataset-1ec2807f02fa4beda27d2a81b86eb843:ord-b81780dd25c0410e8c69588951b4f681,ord_dataset-1ec2807f02fa4beda27d2a81b86eb843,311,36759c3e6b19d4c6355ad4b4609a07f3d01b1c566d38ff9a08e07141963b5a63
876,ord_dataset-1ec2807f02fa4beda27d2a81b86eb843:ord-b8916bcc0a714f3a97174ba3c7a95866,ord_dataset-1ec2807f02fa4beda27d2a81b86eb843,268,c4be185a93f7c7572ab773838be13e0cceb8d4a1816409d83f1464d0eebbab44
877,ord_dataset-1ec2807f02fa4beda27d2a81b86eb843:ord-b8e1897df19f443d9a099c01d0551d16,ord_dataset-1ec2807f02fa4beda27d2a81b86eb843,354,f15b3e33014580bc5d1f6b910cc5026458354950db5cf937804049951c405262
878,ord_dataset-1ec2807f02fa4beda27d2a81b86eb843:ord-b90d6358cf27413e9ccd8142958aeec2,ord_dataset-1ec2807f02fa4beda27d2a81b86eb843,571,356f36046a3a621258751aeee913f9853ff260ed7f3451364a5e0cc470c9af21
879,ord_dataset-1ec2807f02fa4beda27d2a81b86eb843:ord-b914d00a4c66437ba6b4e3a07831e70e,ord_dataset-1ec2807f02fa4beda27d2a81b86eb843,101,896d971e8592a2a1ae4e9b44cd3cca9123a9b933d3ee148575855b10dae177cd
880,ord_dataset-1ec2807f02fa4beda27d2a81b86eb843:ord-b916803e4560440ab4af6eed76504d24,ord_dataset-1ec2807f02fa4beda27d2a81b86eb843,1003,823f98a3e4b0f005215f9f1052259ce5e35011ed6fe2974afe1eecb130d69214
881,ord_dataset-1ec2807f02fa4beda27d2a81b86eb843:ord-b91b19a845fa4588868d80331a75b6b9,ord_dataset-1ec2807f02fa4beda27d2a81b86eb843,564,3036b8757ece850fea519fd024ea64b7e45ecd0f609c237dc0d69190017706d4
882,ord_dataset-1ec2807f02fa4beda27d2a81b86eb843:ord-b9359d53c403449e93897ffa51896550,ord_dataset-1ec2807f02fa4beda27d2a81b86eb843,212,7e2f5216d785b2c9243a3d22bcd62992052df7d599c5043078c0fb81df0b38eb
883,ord_dataset-1ec2807f02fa4beda27d2a81b86eb843:ord-b937d2e54be346d893ed74d28a4138e0,ord_dataset-1ec2807f02fa4beda27d2a81b86eb843,1027,5f5cd73808cd37ad47d9edcf9c151cc4227a740a90752b995205bcf9675e9aeb
884,ord_dataset-1ec2807f02fa4beda27d2a81b86eb843:ord-b97299b11ee145c39c51cdddc3098817,ord_dataset-1ec2807f02fa4beda27d2a81b86eb843,979,6f176922f9b6f4d8db5710bc1ba3a8b46ca9e7aeb24bdfa7891fb0e2e292c844
885,ord_dataset-1ec2807f02fa4beda27d2a81b86eb843:ord-b980677d7cf9429ba11c6c3533bcca78,ord_dataset-1ec2807f02fa4beda27d2a81b86eb843,140,67c81fd583fd3aa98734ab3e04284e6f88ea0bc0c9c2a4d9537ed6382cb0e44a
886,ord_dataset-1ec2807f02fa4beda27d2a81b86eb843:ord-b9aff68902ce4147874ad78b659ec5fe,ord_dataset-1ec2807f02fa4beda27d2a81b86eb843,901,26aaf30a0cd5840752a92437abfb9b661a20bcaad76ac8c81ff7741cfc085d85
887,ord_dataset-1ec2807f02fa4beda27d2a81b86eb843:ord-b9b933f6c0fb4475806f76f401f91e61,ord_dataset-1ec2807f02fa4beda27d2a81b86eb843,1195,0899d40db696638ae0d95ace4a4c49628583f1292adbd9e172433d7608396d7a
888,ord_dataset-1ec2807f02fa4beda27d2a81b86eb843:ord-ba11f1968cec437fbd6f478aa9d8ee07,ord_dataset-1ec2807f02fa4beda27d2a81b86eb843,813,d414a2fafdb6b3f970de6dd8898bdd5ab934c1be7b9351e6ec402004d54afc5b
889,ord_dataset-1ec2807f02fa4beda27d2a81b86eb843:ord-ba42253a8e5c4f71ade630cf930c397b,ord_dataset-1ec2807f02fa4beda27d2a81b86eb843,135,f471da55dc92227027ae9e723df8ff61c969c1f00e174c9073a4ea742f3788c0
890,ord_dataset-1ec2807f02fa4beda27d2a81b86eb843:ord-baa995e35b644ccba8728008e2da150c,ord_dataset-1ec2807f02fa4beda27d2a81b86eb843,423,3be7b15fac8078602c20e254c806bd7a21a0aaae2a1815ccf36d2ffae0ece9fd
891,ord_dataset-1ec2807f02fa4beda27d2a81b86eb843:ord-baadc6b4367445c299342bee6f61f327,ord_dataset-1ec2807f02fa4beda27d2a81b86eb843,0,596a1daa6bcd020ba3ab497a4dec3ac6be92e5e8472a9a3fb2fab40b300cfba5
892,ord_dataset-1ec2807f02fa4beda27d2a81b86eb843:ord-bb1e1368db1949be90c4d95567f53e65,ord_dataset-1ec2807f02fa4beda27d2a81b86eb843,949,a53782ccd9384618e2eac21d79dcc34cccc3b129c5bbf8eb599724c0ce8a0600
893,ord_dataset-1ec2807f02fa4beda27d2a81b86eb843:ord-bbd862a1ab044b1db61e215e144b9dba,ord_dataset-1ec2807f02fa4beda27d2a81b86eb843,1223,c476a9ae01bd5b7c255ec47f158961f985e3120824d0b2be7334811c365056de
894,ord_dataset-1ec2807f02fa4beda27d2a81b86eb843:ord-bbd93c078942493ead06ce193e0db7f0,ord_dataset-1ec2807f02fa4beda27d2a81b86eb843,300,6cd8ef2047a217141318b242982e85ad5194c3237a0925691aa5246b2913b0ce
895,ord_dataset-1ec2807f02fa4beda27d2a81b86eb843:ord-bbe539fe94d042cba677e6d039ea3cfe,ord_dataset-1ec2807f02fa4beda27d2a81b86eb843,137,0d08e876864ea6e239e770fa3b3462f717135d7159adb9dfc205921915217161
896,ord_dataset-1ec2807f02fa4beda27d2a81b86eb843:ord-bc0931bca5dc459f8773a9964eaf2e2b,ord_dataset-1ec2807f02fa4beda27d2a81b86eb843,391,3b65304ed855cd5b8ffa92b2db0ff0cbba428dc45c1a37316bf191f7d169c5bb
897,ord_dataset-1ec2807f02fa4beda27d2a81b86eb843:ord-bc381ada4126458ca9fdc058b2a0dc8b,ord_dataset-1ec2807f02fa4beda27d2a81b86eb843,871,af705f1eb88725ac43246f432dba03df72f9eb8ff928210b51e1048497b79cd4
898,ord_dataset-1ec2807f02fa4beda27d2a81b86eb843:ord-bc4a5461d3e64c0683f12a4d1f00e54c,ord_dataset-1ec2807f02fa4beda27d2a81b86eb843,646,1b7abcfa8346807d05b84b5dd5d63bd08cf4de9891f20d7cef60a2ce9839d88d
899,ord_dataset-1ec2807f02fa4beda27d2a81b86eb843:ord-bc9f18c48b9a455f81dd6b6189f63f5a,ord_dataset-1ec2807f02fa4beda27d2a81b86eb843,49,31659714012372eec8fa70d5324e0a6be624ae43b68f7dba8b2be8574a4fab52
900,ord_dataset-1ec2807f02fa4beda27d2a81b86eb843:ord-bcbbe0912e5a4edc8bcad2e138964ea3,ord_dataset-1ec2807f02fa4beda27d2a81b86eb843,61,e466a2d356a7212c40bd9839149cbc4950772c1416c192273eeb81b65b67d7b8
901,ord_dataset-1ec2807f02fa4beda27d2a81b86eb843:ord-bd0908ee89e746cf9a589e122d650882,ord_dataset-1ec2807f02fa4beda27d2a81b86eb843,422,3ac1188739f95a20fff3886020fdd4a961677f87c07a455a91a1dd82b2587b89
902,ord_dataset-1ec2807f02fa4beda27d2a81b86eb843:ord-bd221b31b5414f7f96ff238f57086538,ord_dataset-1ec2807f02fa4beda27d2a81b86eb843,9,c29cc9fec95931e54dd97bdbfc9eadcd70fd283341de06abb9b8e01664a15b20
903,ord_dataset-1ec2807f02fa4beda27d2a81b86eb843:ord-bd3c6c50ad8f46178e5fda5aa315d9e0,ord_dataset-1ec2807f02fa4beda27d2a81b86eb843,481,a982c7f0ad911e9f135d0cf604ef0031712adcdde7b2bb69f367ad479fec8607
904,ord_dataset-1ec2807f02fa4beda27d2a81b86eb843:ord-bda39b6b305b437bb49792f3d66ff606,ord_dataset-1ec2807f02fa4beda27d2a81b86eb843,1009,bad92d4b3917c826069861a172257dca81cf29a29e58b8e0aeb11206b6e4f7ef
905,ord_dataset-1ec2807f02fa4beda27d2a81b86eb843:ord-bdb56d351ebe4b449ef0d49f4f7dfd30,ord_dataset-1ec2807f02fa4beda27d2a81b86eb843,246,af2e7fd11a99069dceb3633d1eb00836962e992460377a3748c8892a1d3d0568
906,ord_dataset-1ec2807f02fa4beda27d2a81b86eb843:ord-bdb774337f5b4348a799fd28dc5ad242,ord_dataset-1ec2807f02fa4beda27d2a81b86eb843,1140,2e85b65f376e6be9274ba37be843c4508ba356be6db66300b17772a46e5e3e5a
907,ord_dataset-1ec2807f02fa4beda27d2a81b86eb843:ord-bde259ab6b2b40f2a7a22b93e0b420d0,ord_dataset-1ec2807f02fa4beda27d2a81b86eb843,847,f4de413ccecfdaa428e6540a0158fe8c592adbf5c78b53c164e136b7e982d670
908,ord_dataset-1ec2807f02fa4beda27d2a81b86eb843:ord-be1ae0bfd26e452ab2091a3d4c02760b,ord_dataset-1ec2807f02fa4beda27d2a81b86eb843,568,656f2131c3cbe94c7e63451fa2cd17930d75be2503ee4102dd6e5a23d612cccf
909,ord_dataset-1ec2807f02fa4beda27d2a81b86eb843:ord-be60caf42e95499594855d31a231304b,ord_dataset-1ec2807f02fa4beda27d2a81b86eb843,467,8c397af7d08896466fbd22ece17335af4c5c7277131333aed1f5458822036ec5
910,ord_dataset-1ec2807f02fa4beda27d2a81b86eb843:ord-be966d3f6b664251949b2e052f2a58ae,ord_dataset-1ec2807f02fa4beda27d2a81b86eb843,229,1f4375e595ba3981a81ecc00e238657789754aad4128808df290cfd2c9ad8d6d
911,ord_dataset-1ec2807f02fa4beda27d2a81b86eb843:ord-bee72f6edef64b80aa2564bcff92822b,ord_dataset-1ec2807f02fa4beda27d2a81b86eb843,830,21499fa708cb4bb3a30ca9ab2e79e981123b7a663ef2a46cfed1940f338a8af1
912,ord_dataset-1ec2807f02fa4beda27d2a81b86eb843:ord-bf73352c85b24656a06df475d01390d0,ord_dataset-1ec2807f02fa4beda27d2a81b86eb843,402,d8de351af1be3dac8974a67c1c09f66464a14e23793cb242be94bbfa8a47ce2b
913,ord_dataset-1ec2807f02fa4beda27d2a81b86eb843:ord-bfa4e64b146e44b2937dd88c807279e6,ord_dataset-1ec2807f02fa4beda27d2a81b86eb843,1090,ed8aede4ab7a1a4b34466d464c6a06cf9e6dd20b230700a26b7248e1f60a1304
914,ord_dataset-1ec2807f02fa4beda27d2a81b86eb843:ord-bfbaa83984414e1e9fccbc66fecbe54d,ord_dataset-1ec2807f02fa4beda27d2a81b86eb843,450,7296f121274a943f05a9f39aed2a352c28d20b98a5deb2f885d8009d922f486c
915,ord_dataset-1ec2807f02fa4beda27d2a81b86eb843:ord-c068ce7fc6dd4ccd85d377074f5c55e3,ord_dataset-1ec2807f02fa4beda27d2a81b86eb843,142,1e50761d3d1379df42cb29e6f6370763b1a662a093e074e2bee26458cafb0f4e
916,ord_dataset-1ec2807f02fa4beda27d2a81b86eb843:ord-c08a9dae0d674a12ae58be731b7c56b9,ord_dataset-1ec2807f02fa4beda27d2a81b86eb843,326,1449886e6177ec2f46b7c182bfcbb921338a8199f50e1d0d40b7aa2ed2f00998
917,ord_dataset-1ec2807f02fa4beda27d2a81b86eb843:ord-c10c30299bb249d1a49179028adb50f4,ord_dataset-1ec2807f02fa4beda27d2a81b86eb843,1168,d6d8592a7c2d0e9d4fdc81685711c00c88d00413c484112d84f84c2044b2abd9
918,ord_dataset-1ec2807f02fa4beda27d2a81b86eb843:ord-c12acd33dc374cf5aac5ef6638146283,ord_dataset-1ec2807f02fa4beda27d2a81b86eb843,1063,1fd7aed086b83fc7b7eb316f6ad2229e127588b0254c139dda5cf71bf3e0f950
919,ord_dataset-1ec2807f02fa4beda27d2a81b86eb843:ord-c1aa632327df4a1cbc7daa7e0de0791a,ord_dataset-1ec2807f02fa4beda27d2a81b86eb843,493,d627243e6efdf601d8d9ab979d319826c8489f583fa3b1811d146bee4dd22d8c
920,ord_dataset-1ec2807f02fa4beda27d2a81b86eb843:ord-c1e1884f68554445831fe346de8d4055,ord_dataset-1ec2807f02fa4beda27d2a81b86eb843,99,73f242d14fe6c4b94a4597fcf016afa382cb540e444b9f1782a6323e94dd6e2f
921,ord_dataset-1ec2807f02fa4beda27d2a81b86eb843:ord-c1fb1f5198bd441a93113cfffa2d6c02,ord_dataset-1ec2807f02fa4beda27d2a81b86eb843,498,54551cab3ae98fd1112fc0e093081ab10526d958ad769c7b8735e2be53986281
922,ord_dataset-1ec2807f02fa4beda27d2a81b86eb843:ord-c20ba675f52945c791ea974c8cad01aa,ord_dataset-1ec2807f02fa4beda27d2a81b86eb843,130,647bf9316dd9bd9f5bc57eff27138dd86cf1231dd3501012c0a7774b084ffcee
923,ord_dataset-1ec2807f02fa4beda27d2a81b86eb843:ord-c20f53457e7840c3adb007e2d30e5ad1,ord_dataset-1ec2807f02fa4beda27d2a81b86eb843,915,3c12def33754317c69beefe661283a5f263c24e11921e17516b2d30b6e84a0fa
924,ord_dataset-1ec2807f02fa4beda27d2a81b86eb843:ord-c226c6aa5aaa414ea6c6b125ea4e3baa,ord_dataset-1ec2807f02fa4beda27d2a81b86eb843,105,588c8db32962a705887e8e4d6b0743ee774bcb3b68b27e6f2de5aca7f294aa3a
925,ord_dataset-1ec2807f02fa4beda27d2a81b86eb843:ord-c284e9fef138439192554d51ef906351,ord_dataset-1ec2807f02fa4beda27d2a81b86eb843,162,3ddcdb5e66b9a0d95dbad834707d6216ebdb4c3dcdd25cdc148154929e8b742c
926,ord_dataset-1ec2807f02fa4beda27d2a81b86eb843:ord-c299b48d337f4e208ff48c6c34c05cb3,ord_dataset-1ec2807f02fa4beda27d2a81b86eb843,1101,6ec90e4155b62eaf068d1a11db645c27c0777f8e80f311a987d1cf541e096976
927,ord_dataset-1ec2807f02fa4beda27d2a81b86eb843:ord-c29a77f9f9f643d9ba8d93f6e5070cf9,ord_dataset-1ec2807f02fa4beda27d2a81b86eb843,932,61c947052ac2807ca9963ee58fd30a301d74e29b87f3cee24871bbfbfc25513f
928,ord_dataset-1ec2807f02fa4beda27d2a81b86eb843:ord-c2b19169726c43d1b6464fa26473e895,ord_dataset-1ec2807f02fa4beda27d2a81b86eb843,560,58f7b7989bc45e50d1a0a01a362c2e900712a415554b99d3dd23f4a16c2015ac
929,ord_dataset-1ec2807f02fa4beda27d2a81b86eb843:ord-c2b4144bbd11446cba48e341f8e50d5d,ord_dataset-1ec2807f02fa4beda27d2a81b86eb843,621,68a2d2de7e8c5cb12905c6d63fe1e1fa2235c7c03895d353e82975fa2fc0b0f3
930,ord_dataset-1ec2807f02fa4beda27d2a81b86eb843:ord-c2e59e17367c4277b8e4bc2fd813bd21,ord_dataset-1ec2807f02fa4beda27d2a81b86eb843,487,18e56bc49647405091b982401645d0049e46cc92b45aed300dfb9ed554f54f87
931,ord_dataset-1ec2807f02fa4beda27d2a81b86eb843:ord-c2ec5d7ad3eb439e868defb8fd61e998,ord_dataset-1ec2807f02fa4beda27d2a81b86eb843,10,05508b4cbda17a4b4433c0ee0e0b172154bc40c8106aea59b47c803f86e82380
932,ord_dataset-1ec2807f02fa4beda27d2a81b86eb843:ord-c37a4f85ab374424b9bfc2ab5984fe85,ord_dataset-1ec2807f02fa4beda27d2a81b86eb843,308,4c0b60e8393c011d1100d20292ced422b00951e8efa0be4cf3415fc4262626b2
933,ord_dataset-1ec2807f02fa4beda27d2a81b86eb843:ord-c3be2a3cf39b4e6ea3cb5d5cb2c614e2,ord_dataset-1ec2807f02fa4beda27d2a81b86eb843,306,d327a1920496c1df1379fd9eac59d8fb0ac94e4864185b14c2bd755c931b7240
934,ord_dataset-1ec2807f02fa4beda27d2a81b86eb843:ord-c3c72f0cf824460d844de87b1f3388d5,ord_dataset-1ec2807f02fa4beda27d2a81b86eb843,1020,34eb2b525539d423837a1785669d8182fff2d52bb0a3abbe3db56740a1549564
935,ord_dataset-1ec2807f02fa4beda27d2a81b86eb843:ord-c3ca13f9c2eb4f5cad9ffbc439476901,ord_dataset-1ec2807f02fa4beda27d2a81b86eb843,425,a09d8d46b77c0bcae57535254767bfc329cb8c3cb33d1cd1d98dd15da7e9966f
936,ord_dataset-1ec2807f02fa4beda27d2a81b86eb843:ord-c3d24ce7a8bf45f4ac6f5c7771bd90a1,ord_dataset-1ec2807f02fa4beda27d2a81b86eb843,837,2c28d741b4007084438317c6868055c5649c29922211452c815092da41643650
937,ord_dataset-1ec2807f02fa4beda27d2a81b86eb843:ord-c4192e50bf9c44b2a5d81ec890413596,ord_dataset-1ec2807f02fa4beda27d2a81b86eb843,527,3790b818e40441074f99876c3c0495646fd66f742d8a74d3993be64ed48624d7
938,ord_dataset-1ec2807f02fa4beda27d2a81b86eb843:ord-c44dfa1330f648509672ce378b5290e6,ord_dataset-1ec2807f02fa4beda27d2a81b86eb843,1019,0f254ceedc47a14918eb1086b6386ae11e889da786e64d40a30053610f335365
939,ord_dataset-1ec2807f02fa4beda27d2a81b86eb843:ord-c48e4732948b46b393123b452d00d493,ord_dataset-1ec2807f02fa4beda27d2a81b86eb843,424,82d0717950749d49c292bb06e2717ac38ba1cb9b22ab64834d0b5f198f1900e1
940,ord_dataset-1ec2807f02fa4beda27d2a81b86eb843:ord-c520c6e98949455dab64663deca635f5,ord_dataset-1ec2807f02fa4beda27d2a81b86eb843,1026,9a9860e205e242f063c506608750c5f8f86b53737edbec008c5a4c38e3c6bedc
941,ord_dataset-1ec2807f02fa4beda27d2a81b86eb843:ord-c54ab215c2b04905a6d691000a149353,ord_dataset-1ec2807f02fa4beda27d2a81b86eb843,57,403621ed517619d5100e39d2a955a3561208d7d58ad28fedb0d0c30227c2717f
942,ord_dataset-1ec2807f02fa4beda27d2a81b86eb843:ord-c55de0d2535c42528c1e6e3be36ae37f,ord_dataset-1ec2807f02fa4beda27d2a81b86eb843,417,a1c22b2cd4dcb1750e5818f0a37a1eae3a4f6bcaafdcee6d692d9365cda7777c
943,ord_dataset-1ec2807f02fa4beda27d2a81b86eb843:ord-c576996745ab4b0d97183f5451e1ba92,ord_dataset-1ec2807f02fa4beda27d2a81b86eb843,613,39f24a8827db505136c802fd2c74161e3aff3cbd3bd25fe6a1a76824afd1fbb2
944,ord_dataset-1ec2807f02fa4beda27d2a81b86eb843:ord-c5fa345ca5f54b14853d149cae0a84a6,ord_dataset-1ec2807f02fa4beda27d2a81b86eb843,55,6dcbf8e8d72018e18c472c43f9e69f8bde7bfa969bd089ac2c6f2ea7e276282a
945,ord_dataset-1ec2807f02fa4beda27d2a81b86eb843:ord-c61287bd27d04a93858f6e3b4ee89e03,ord_dataset-1ec2807f02fa4beda27d2a81b86eb843,951,5a42a6b5d7eb02270dc8eded63046a46070c3fe99fce3a6ce39e1457205287c9
946,ord_dataset-1ec2807f02fa4beda27d2a81b86eb843:ord-c615801ac1f74155bec7f2e4f0587a2a,ord_dataset-1ec2807f02fa4beda27d2a81b86eb843,159,7062b4de262dc88436fd9a7773707de26c09d80f1e94fc1b59f2821fd3489443
947,ord_dataset-1ec2807f02fa4beda27d2a81b86eb843:ord-c61cb7521d394b279e741b6fe310ddfe,ord_dataset-1ec2807f02fa4beda27d2a81b86eb843,312,adf5a1d9efc43d52c19a66a784ac0730227b561d9c3981c479a060b664affeb3
948,ord_dataset-1ec2807f02fa4beda27d2a81b86eb843:ord-c63182dba34c40d6a8b57257bebe0936,ord_dataset-1ec2807f02fa4beda27d2a81b86eb843,373,c27f688e961f6e9e39e333dfaa595cb9eb25d33844a58f633abcec32c3476aef
949,ord_dataset-1ec2807f02fa4beda27d2a81b86eb843:ord-c6d5f8f538764f06b3857c8d57f5c3f7,ord_dataset-1ec2807f02fa4beda27d2a81b86eb843,45,600f88e24c5fd7461551b664a375b280bedad2d147139879509d22bac515bc0a
950,ord_dataset-1ec2807f02fa4beda27d2a81b86eb843:ord-c6d9c8fd10084c70b2e49bb5d6019a5c,ord_dataset-1ec2807f02fa4beda27d2a81b86eb843,1028,b4254c616cabecde0ec389d16f95606342e519e53c39cf256bf7e89d0f612817
951,ord_dataset-1ec2807f02fa4beda27d2a81b86eb843:ord-c6e7cc9663f3425fbccc82227da776f8,ord_dataset-1ec2807f02fa4beda27d2a81b86eb843,824,61a228857076aa6cd62982adb580b6fb59859705dd2a341209b7a763e19fd4fe
952,ord_dataset-1ec2807f02fa4beda27d2a81b86eb843:ord-c6f6655e10624efd8bfd919279e852c1,ord_dataset-1ec2807f02fa4beda27d2a81b86eb843,772,11cfb9467148718083dbc5c90e80a81ba246192a0d2eb33ffafb09df808b6c78
953,ord_dataset-1ec2807f02fa4beda27d2a81b86eb843:ord-c774c856999647e4beee608cd930c60b,ord_dataset-1ec2807f02fa4beda27d2a81b86eb843,133,e769d6111f8813ca92ff0126bbd236dbc738c71967fa58174a21e3f11ac3e110
954,ord_dataset-1ec2807f02fa4beda27d2a81b86eb843:ord-c77812af4c8e4babba99a7c22408a86a,ord_dataset-1ec2807f02fa4beda27d2a81b86eb843,189,4947595a962a6899f6165eb434218793786cd4683997f1e2b050393e6671424c
955,ord_dataset-1ec2807f02fa4beda27d2a81b86eb843:ord-c7c104e7dcc3426eabc5f283f4540615,ord_dataset-1ec2807f02fa4beda27d2a81b86eb843,269,7b34c9f6858af8f5cb269923d2b9dab03d3d502e6a2d2f6bc3543c1177f52339
956,ord_dataset-1ec2807f02fa4beda27d2a81b86eb843:ord-c855434b419b48ec9be4c1222a9fb94f,ord_dataset-1ec2807f02fa4beda27d2a81b86eb843,810,2a7e71d6acc13d3c7a1ae44f65db998fc01bf5264be89f83ecf686c7dec9652f
957,ord_dataset-1ec2807f02fa4beda27d2a81b86eb843:ord-c8649f13e70b47faa49935b9f42d71dd,ord_dataset-1ec2807f02fa4beda27d2a81b86eb843,793,73314131b522c42dcd44176a12a4c121d5a04dc970a80a977b4c0adf7963560f
958,ord_dataset-1ec2807f02fa4beda27d2a81b86eb843:ord-c867f2f5ee844d8099373f8a271335f5,ord_dataset-1ec2807f02fa4beda27d2a81b86eb843,1001,a7d247de3fa03901bb435ea2679869741867911e7753d72f6e5717318543cb0f
959,ord_dataset-1ec2807f02fa4beda27d2a81b86eb843:ord-c8990d2db37b41a08bd4d68f2fe06dbb,ord_dataset-1ec2807f02fa4beda27d2a81b86eb843,777,1ae78cfa064f9826a5ccf58daf7961105fcda5c9d3ca9451f703323cf772a073
960,ord_dataset-1ec2807f02fa4beda27d2a81b86eb843:ord-c8c35e16cd0a440994d6fd672c6f6551,ord_dataset-1ec2807f02fa4beda27d2a81b86eb843,678,9749f6f21b02a9afe66c078d8b8898fcd7c1f2cf035996d8796d0c26c4c63e47
961,ord_dataset-1ec2807f02fa4beda27d2a81b86eb843:ord-c8c83585974645efb5abe094b70e2976,ord_dataset-1ec2807f02fa4beda27d2a81b86eb843,655,4741bda1844f043a2fa02834e0fa83525d178872731fa90f6677f1c0e82085d0
962,ord_dataset-1ec2807f02fa4beda27d2a81b86eb843:ord-c8ddcfbf507d4ab09d7e52fef971eca5,ord_dataset-1ec2807f02fa4beda27d2a81b86eb843,673,810c60422b3037136bd8a1877eac2d8922c47d7df8bd3639608fb78b94141087
963,ord_dataset-1ec2807f02fa4beda27d2a81b86eb843:ord-c8f4d3f4025a4e69aa300d56d4ea784c,ord_dataset-1ec2807f02fa4beda27d2a81b86eb843,743,f41d8ba251ee5462a39c3e2bafef9fcc10986c45bbfa5aa53fb88d21aef1fc7d
964,ord_dataset-1ec2807f02fa4beda27d2a81b86eb843:ord-c924ede7c4654328a23fd73f3858a7da,ord_dataset-1ec2807f02fa4beda27d2a81b86eb843,799,d0d8dc44bf904517f572b646f83088410f8b5b66c98ef2a490fb2a2c679d038b
965,ord_dataset-1ec2807f02fa4beda27d2a81b86eb843:ord-c940cbad88064aa1ada9462f63a327d4,ord_dataset-1ec2807f02fa4beda27d2a81b86eb843,413,bdf9e4567ba6a6c8a6aed845c8cfd234076abe429230258597f4bf5c52536e98
966,ord_dataset-1ec2807f02fa4beda27d2a81b86eb843:ord-c96c0bae39c24ca994bacfce3bfd2731,ord_dataset-1ec2807f02fa4beda27d2a81b86eb843,1006,2ecbff14fa041d60d5b7c49870acf410452f8d227199608ac071824bb4d17012
967,ord_dataset-1ec2807f02fa4beda27d2a81b86eb843:ord-c9c4b19ed1cb4310b5f7140c10a09576,ord_dataset-1ec2807f02fa4beda27d2a81b86eb843,811,52d85e8650477998a2979fd928ded03aa30dd07542b6966fde172d8a8b1d5880
968,ord_dataset-1ec2807f02fa4beda27d2a81b86eb843:ord-c9cbac1caa2a4f00baab5a6cb0d409e3,ord_dataset-1ec2807f02fa4beda27d2a81b86eb843,848,e6cec3f5e95bfbf38a2320062c6c2119243ba05261695b3d1e9ac1a2e2ef3dc4
969,ord_dataset-1ec2807f02fa4beda27d2a81b86eb843:ord-c9d173474a13448ca83b070e88286617,ord_dataset-1ec2807f02fa4beda27d2a81b86eb843,971,e0a914f83d999a39634b739fa085724d735ae7a04b400def3b6502cba7bf72bf
970,ord_dataset-1ec2807f02fa4beda27d2a81b86eb843:ord-ca069c2b3da94472bd4a1422213b9163,ord_dataset-1ec2807f02fa4beda27d2a81b86eb843,883,114230bea08d85787f41641e25d1713b5e3449f0a456466123cbac82a085ced5
971,ord_dataset-1ec2807f02fa4beda27d2a81b86eb843:ord-ca18f9bac5544c20a18b048cda9cd777,ord_dataset-1ec2807f02fa4beda27d2a81b86eb843,295,fd228cf44d6a4c8f2f9386bc2821e49277584a99aef0a61907f003aac26c8958
972,ord_dataset-1ec2807f02fa4beda27d2a81b86eb843:ord-ca2b2bfbf3624648aee2df4c6c71e50f,ord_dataset-1ec2807f02fa4beda27d2a81b86eb843,51,7c211d5070a928a1a58fabf34858c0a7bf408162e8b520f645cc1a03b629291c
973,ord_dataset-1ec2807f02fa4beda27d2a81b86eb843:ord-ca80f08408354219b62eb58cf3335732,ord_dataset-1ec2807f02fa4beda27d2a81b86eb843,776,aa5858ed918b37b82b52c1c1198ec248b3a6eb4350420c760a03c17c2b7db59c
974,ord_dataset-1ec2807f02fa4beda27d2a81b86eb843:ord-ca9da242d0f94584b63401eea03cec42,ord_dataset-1ec2807f02fa4beda27d2a81b86eb843,153,8ebe35557f31aa5fcdc7c1ffa694e79d18f27b934a344cc1717cd186b0828909
975,ord_dataset-1ec2807f02fa4beda27d2a81b86eb843:ord-cacb2424cc5e4476b7b83504fae5e597,ord_dataset-1ec2807f02fa4beda27d2a81b86eb843,81,2e4746ff35654a45e243e0f748400dd1a1e52d9db50bac4a767fc30b69a114dd
976,ord_dataset-1ec2807f02fa4beda27d2a81b86eb843:ord-cb1291d81f96484fb1a8590075b37a1e,ord_dataset-1ec2807f02fa4beda27d2a81b86eb843,1092,9ecc5df5a865fdcbab3806c908689421ac62d29803df24984d9bf6bd1cb43a06
977,ord_dataset-1ec2807f02fa4beda27d2a81b86eb843:ord-cb5f18cc5d054d0fb33590cbb2939fea,ord_dataset-1ec2807f02fa4beda27d2a81b86eb843,407,0299f6bd376ed7e316d7c286b79f76f9b4c9d195b04b00c34e8030a5003e801b
978,ord_dataset-1ec2807f02fa4beda27d2a81b86eb843:ord-cb87f668f9a74ca3b9de51ead1f778cc,ord_dataset-1ec2807f02fa4beda27d2a81b86eb843,957,f1272853188703889a5894692550684532c9f142a15fb5f6cbec106f131cf0d9
979,ord_dataset-1ec2807f02fa4beda27d2a81b86eb843:ord-cbb26ea0ad8a47dc8cc1e9bf7a6d4baa,ord_dataset-1ec2807f02fa4beda27d2a81b86eb843,40,5e35f7d1f3f8dcdc64b5095bbc45b61e7d34cf1e7cbcef803bbd3ebefe3813f2
980,ord_dataset-1ec2807f02fa4beda27d2a81b86eb843:ord-cbba092cb0ed405ba6cb6323e34fbceb,ord_dataset-1ec2807f02fa4beda27d2a81b86eb843,380,156bdb0d60c2c7e45a2d9ac4a7fd40603252162af9cbe6dce295e3a5b54b1bbd
981,ord_dataset-1ec2807f02fa4beda27d2a81b86eb843:ord-cbc4cb4858cc4181a33a6dd52361ed6b,ord_dataset-1ec2807f02fa4beda27d2a81b86eb843,624,08d24d45c395b247831549284fa76002ec955335b3c8c285d9d914e07c55b4e0
982,ord_dataset-1ec2807f02fa4beda27d2a81b86eb843:ord-cc2ea5e460914d708668414067fb20b6,ord_dataset-1ec2807f02fa4beda27d2a81b86eb843,287,74864582079f9b2dd877a7fa131de16f2c76836f224bd28a46f8cf83f8435e6c
983,ord_dataset-1ec2807f02fa4beda27d2a81b86eb843:ord-cc745df203e84eb7b6d7ee4e523a1385,ord_dataset-1ec2807f02fa4beda27d2a81b86eb843,1163,81211f49c4ac9f03f4636769d31fa3924b7029dcf237008a56c7f14e3bed8bce
984,ord_dataset-1ec2807f02fa4beda27d2a81b86eb843:ord-cc7c3502d722438d9af9c8b9d8c77ea9,ord_dataset-1ec2807f02fa4beda27d2a81b86eb843,175,154311fa589bebab0a4625123facf420659660130393f8c18a8c4c9c308cec55
985,ord_dataset-1ec2807f02fa4beda27d2a81b86eb843:ord-cd489c55b65e4be0a489bd182e94c9ad,ord_dataset-1ec2807f02fa4beda27d2a81b86eb843,855,e3a14bfcf56da7cbb9d0f03d44f8d8af4ddfd0c0986a636aeffb7bd4a19e3b1c
986,ord_dataset-1ec2807f02fa4beda27d2a81b86eb843:ord-cd4ad3e19088464cb9fd47f9a9398049,ord_dataset-1ec2807f02fa4beda27d2a81b86eb843,492,39c5b668a8ffb84749a91de0ede106f9c777e87cb0fa724270afb58ebd2f6953
987,ord_dataset-1ec2807f02fa4beda27d2a81b86eb843:ord-cd52dec94fdf4fac8458341818ee0ce5,ord_dataset-1ec2807f02fa4beda27d2a81b86eb843,1091,87d92153592e45e12e1aa09834b17e97ead6c60b37fc12d70b7a4cfc2fd8b2cc
988,ord_dataset-1ec2807f02fa4beda27d2a81b86eb843:ord-cdf8616c422b42a09fa78359ce1c7ab2,ord_dataset-1ec2807f02fa4beda27d2a81b86eb843,397,b299883b02096a37c76dd4b7755d56e9dcda0846acb279f692aeab6cd0430b9f
989,ord_dataset-1ec2807f02fa4beda27d2a81b86eb843:ord-ce079de6f53640649ff7465bedd90420,ord_dataset-1ec2807f02fa4beda27d2a81b86eb843,995,df4a03e0d916c3ffd1c2972479126f7ab7f4da23e8c13909872e6f0d4ce70c51
990,ord_dataset-1ec2807f02fa4beda27d2a81b86eb843:ord-ce234c0110f9410da0c99e40df95f6ef,ord_dataset-1ec2807f02fa4beda27d2a81b86eb843,974,bfbed9775f837ac6172fd3a1e50c5c40d88508c3e2345abdbbd3176fc286ae13
991,ord_dataset-1ec2807f02fa4beda27d2a81b86eb843:ord-ce2e7f4617a647489ba13e1dd60e8ffe,ord_dataset-1ec2807f02fa4beda27d2a81b86eb843,843,ce3c9e3d9e7ec198cd5607099722fa56a14ea7d1fdabfc29b886e602f64096bf
992,ord_dataset-1ec2807f02fa4beda27d2a81b86eb843:ord-ce71804587ee4f28b42ffccc872b1323,ord_dataset-1ec2807f02fa4beda27d2a81b86eb843,545,d703302f1b67f8faddc2e70d3c1041914f94356277b4012966da1ac30ba35594
993,ord_dataset-1ec2807f02fa4beda27d2a81b86eb843:ord-ceb75adee3de40219389bab9f9a3a1ea,ord_dataset-1ec2807f02fa4beda27d2a81b86eb843,1194,13abf661cd07128880658cdad8f0725d905fb9d5af347f2d3283654a541824ce
994,ord_dataset-1ec2807f02fa4beda27d2a81b86eb843:ord-cef04f92ddf54f0bac8ff2f95eef5f58,ord_dataset-1ec2807f02fa4beda27d2a81b86eb843,1098,7ee8424b3f4e85b9ba9cf2b5e388620e63f78345fb9185c157a37ab9a44b4446
995,ord_dataset-1ec2807f02fa4beda27d2a81b86eb843:ord-cf3622e5c154454b9662ca4fafd7036c,ord_dataset-1ec2807f02fa4beda27d2a81b86eb843,1072,5313aa5fee2e1cedac18dea8b0545fb1f96f42a63e72e923fb9e5dec6baa1e38
996,ord_dataset-1ec2807f02fa4beda27d2a81b86eb843:ord-cf5517326ae44f6e854d60274929cb0f,ord_dataset-1ec2807f02fa4beda27d2a81b86eb843,549,ce362abf31137aca602a5d1c18087c9942eee49c848179cca7a3e51d60360767
997,ord_dataset-1ec2807f02fa4beda27d2a81b86eb843:ord-cf61ec0aa0594806ae097e7b590f02f0,ord_dataset-1ec2807f02fa4beda27d2a81b86eb843,948,860bdba7d01e57fce17a81b0890163a8057c3226a39c63cb305dc4cf549ee8a1
998,ord_dataset-1ec2807f02fa4beda27d2a81b86eb843:ord-cfa62039380649029ce1ad1a5e07dd6e,ord_dataset-1ec2807f02fa4beda27d2a81b86eb843,761,5cba89ef2a67af2ebc931fa6fdac4038650685718d6166071c093127a791a3d6
999,ord_dataset-1ec2807f02fa4beda27d2a81b86eb843:ord-d064f57105cf43aea87321527d444101,ord_dataset-1ec2807f02fa4beda27d2a81b86eb843,277,e08c2fbfdca45e954e174180bdb74793a2bf1c8f742f1a9db49f8c137a16f079
1000,ord_dataset-1ec2807f02fa4beda27d2a81b86eb843:ord-d08d196714b3405fb2404d90c66e6a82,ord_dataset-1ec2807f02fa4beda27d2a81b86eb843,459,add7127a9e8a272cb0c7158baffc8180545315804f5d941ee013f40bcabf17c0
1001,ord_dataset-1ec2807f02fa4beda27d2a81b86eb843:ord-d0a96cc5a7334d579e4d7f0f11a456ca,ord_dataset-1ec2807f02fa4beda27d2a81b86eb843,226,84a0a092c2005e9eb6f0480c0356cfe151e21c033bd37a2c1798ec00193ce81e
1002,ord_dataset-1ec2807f02fa4beda27d2a81b86eb843:ord-d0e798d4dba8412689f2d084f8f6e6f7,ord_dataset-1ec2807f02fa4beda27d2a81b86eb843,786,4dcea6a895368885a6f949c92ff2b1e629333c3d1d3b07c5aeee1f3489dc5537
1003,ord_dataset-1ec2807f02fa4beda27d2a81b86eb843:ord-d13c63fc9066403a84636661c2daf923,ord_dataset-1ec2807f02fa4beda27d2a81b86eb843,895,8f41ed1618c861dccc4992c0b962811fcb2fb56cfb7c3504c1ee787257b7032a
1004,ord_dataset-1ec2807f02fa4beda27d2a81b86eb843:ord-d1410c72e26749e9a9e4f47980161a85,ord_dataset-1ec2807f02fa4beda27d2a81b86eb843,792,28be7cff9b34986699e8766f93b21742d68e4edaaeb879ee7ee94556413b64ca
1005,ord_dataset-1ec2807f02fa4beda27d2a81b86eb843:ord-d1812f95d6cc48eba7750bff4335ddf3,ord_dataset-1ec2807f02fa4beda27d2a81b86eb843,1002,0fd07816a2cadd0ffc7f9aa5a13bbc30363b2e491362d3e89f5c7fc493539f6e
1006,ord_dataset-1ec2807f02fa4beda27d2a81b86eb843:ord-d1d0acb873e04c1ab54526b4680aefd4,ord_dataset-1ec2807f02fa4beda27d2a81b86eb843,242,86436920b4e11d793c88d9949241938ba3634a1a3fdabd3ab53ecd60e417b7f6
1007,ord_dataset-1ec2807f02fa4beda27d2a81b86eb843:ord-d2099c1b3ce042f1809f6940b8ce6c51,ord_dataset-1ec2807f02fa4beda27d2a81b86eb843,1095,824b48c0238140e63b52014c85c318bb11c4ed88174ccc0c62c57734d4cd082f
1008,ord_dataset-1ec2807f02fa4beda27d2a81b86eb843:ord-d27a0f80f75047029b49c4168f449f11,ord_dataset-1ec2807f02fa4beda27d2a81b86eb843,565,d0cebb53396d1749200cee492ee0517fc4d49c0cd35295e70c8d785d900b0106
1009,ord_dataset-1ec2807f02fa4beda27d2a81b86eb843:ord-d28897d45afa4634a2909ced145b2996,ord_dataset-1ec2807f02fa4beda27d2a81b86eb843,93,1475470376b6792b10db5b3ceb13799095699e2c096cd4227bd9212ca37c575f
1010,ord_dataset-1ec2807f02fa4beda27d2a81b86eb843:ord-d321d1e523014afdaae4c6db39980dc8,ord_dataset-1ec2807f02fa4beda27d2a81b86eb843,857,0ec71cde7556ba86037e9ca76d2b4f84b18dc367a270c3194aa55f5252d0f7bf
1011,ord_dataset-1ec2807f02fa4beda27d2a81b86eb843:ord-d34f803e4646441f91e4e10b2ad3518b,ord_dataset-1ec2807f02fa4beda27d2a81b86eb843,1176,54c25ae5a2f8e745c042f092d6612c991cc828d51f853c786a6a5631c52b0bc2
1012,ord_dataset-1ec2807f02fa4beda27d2a81b86eb843:ord-d375200b37cc4bc68440ef74b432cbff,ord_dataset-1ec2807f02fa4beda27d2a81b86eb843,360,1a131f24ed97a7a3c6cab566a8924a571e2e592aea57e91b8184e99f17b122e1
1013,ord_dataset-1ec2807f02fa4beda27d2a81b86eb843:ord-d418a182c4574be68383768dfc068dec,ord_dataset-1ec2807f02fa4beda27d2a81b86eb843,1032,4c724ca1ddcdb89ff551e0aa8fe34207f20dc39be3bbac58ef702289d7179b5c
1014,ord_dataset-1ec2807f02fa4beda27d2a81b86eb843:ord-d45f866c705e471c8e59627e86039df0,ord_dataset-1ec2807f02fa4beda27d2a81b86eb843,542,22710c39e86e8f964d5967e1910777756ddb63eb8407f152710892a36b43473e
1015,ord_dataset-1ec2807f02fa4beda27d2a81b86eb843:ord-d4b291594683439baf7d80c1bc150ecc,ord_dataset-1ec2807f02fa4beda27d2a81b86eb843,106,e33b9d71ad0583cb82463cd6dbf95436c0ad0774114b074c72a6a3a5c55dc4f4
1016,ord_dataset-1ec2807f02fa4beda27d2a81b86eb843:ord-d4e47d1ac59b443f9a374f7007c59865,ord_dataset-1ec2807f02fa4beda27d2a81b86eb843,1037,2edf2f8bd1b72ce869df23bee59dc4c0f2a07ae41d87a8c677104c482eaf5ec7
1017,ord_dataset-1ec2807f02fa4beda27d2a81b86eb843:ord-d4fb2709bce84f6090ddf4233c962424,ord_dataset-1ec2807f02fa4beda27d2a81b86eb843,266,41b623cf2e47c78b04217429909453eeddb34d066b92115e33bc76e4843a2854
1018,ord_dataset-1ec2807f02fa4beda27d2a81b86eb843:ord-d5485970f5ba453cae4a6dd1a54187e6,ord_dataset-1ec2807f02fa4beda27d2a81b86eb843,852,592c21601530e80dad9e49a54d30db5385be2f15238de5dfef1edeb9936a3f91
1019,ord_dataset-1ec2807f02fa4beda27d2a81b86eb843:ord-d54d8d50803d4f9197db0ccc429ef27a,ord_dataset-1ec2807f02fa4beda27d2a81b86eb843,1191,5f187e45582da1828dbb7c4445ceef6dde5f50756f878999946503c5bdade38c
1020,ord_dataset-1ec2807f02fa4beda27d2a81b86eb843:ord-d582eb2b5a4b46ff99a4c8873cea6021,ord_dataset-1ec2807f02fa4beda27d2a81b86eb843,420,7196bdf1cf97e86d891f16e9a683f973e70a5c00179c51cac55dacd98a387eea
1021,ord_dataset-1ec2807f02fa4beda27d2a81b86eb843:ord-d5851038357140f38437c063ee12cbfe,ord_dataset-1ec2807f02fa4beda27d2a81b86eb843,992,319eaf59dcd32fc9db7d12b77ba5aff219317211794a76084b64d2c88ef2d74c
1022,ord_dataset-1ec2807f02fa4beda27d2a81b86eb843:ord-d59e1f385c0340fd98095ace3d1c2f2e,ord_dataset-1ec2807f02fa4beda27d2a81b86eb843,598,58f912eba9c688771e8930197560ec048c5df4f2a560cd016218838ee1b79648
1023,ord_dataset-1ec2807f02fa4beda27d2a81b86eb843:ord-d5be2e9bf8cb4aa3bdb224dabb3e0c5f,ord_dataset-1ec2807f02fa4beda27d2a81b86eb843,607,8324b0dee70d6b4544eff17897c3b2f0e169e881796de90380ab171cbad6b56b
1024,ord_dataset-1ec2807f02fa4beda27d2a81b86eb843:ord-d5cf19fec6214bd7979eb8af9b6214ec,ord_dataset-1ec2807f02fa4beda27d2a81b86eb843,1136,d7354f8d671a469244ac978479c712db289c6797f4b0abdf6e960ac5cb529562
1025,ord_dataset-1ec2807f02fa4beda27d2a81b86eb843:ord-d61ed0be195645feb72c9a4eea794724,ord_dataset-1ec2807f02fa4beda27d2a81b86eb843,199,45c2d659fa7aee4fd210f269b57a0896418d7476a142dcce97b0532822b6e49b
1026,ord_dataset-1ec2807f02fa4beda27d2a81b86eb843:ord-d6337c22a5154af3a46bcd4f61f54b6b,ord_dataset-1ec2807f02fa4beda27d2a81b86eb843,168,c15115780a8cbd59f90a833e05d26c196ffdd1f66517e3d0769932def7ce7766
1027,ord_dataset-1ec2807f02fa4beda27d2a81b86eb843:ord-d655ec667db04911b6672a1676f8d7dd,ord_dataset-1ec2807f02fa4beda27d2a81b86eb843,120,167d91f0297db12b9a5bc95a8f4c8fc93ee1a84af5f4309ef1980101934277c3
1028,ord_dataset-1ec2807f02fa4beda27d2a81b86eb843:ord-d68f87510855473885cd986d53c32136,ord_dataset-1ec2807f02fa4beda27d2a81b86eb843,260,284eaea46252f4d4ba58234747a5907665a73af543f0fe5f8343882ad77f6f04
1029,ord_dataset-1ec2807f02fa4beda27d2a81b86eb843:ord-d6ba354a94bc4e5e811ee70e85268993,ord_dataset-1ec2807f02fa4beda27d2a81b86eb843,289,d3c793afa35075b3267d4ac77df59153e6324a20ae77d95d426140680b9821be
1030,ord_dataset-1ec2807f02fa4beda27d2a81b86eb843:ord-d6edaaf7edb14cfdb42079e79123c8a1,ord_dataset-1ec2807f02fa4beda27d2a81b86eb843,167,85bfb33fa006dba7944381909fd307241371cf7d9cf1a314dc500ca271a4ac5b
1031,ord_dataset-1ec2807f02fa4beda27d2a81b86eb843:ord-d74c94c826374558aa1eae19ec111061,ord_dataset-1ec2807f02fa4beda27d2a81b86eb843,301,18ce680152117ec49b213368609a66d9126dc8cfd441c15fae69e1f19cb9bb2d
1032,ord_dataset-1ec2807f02fa4beda27d2a81b86eb843:ord-d7f0228d07be430380ae831c9b40ed99,ord_dataset-1ec2807f02fa4beda27d2a81b86eb843,940,4cbfda59a7c2433ffd4e6cff28de7b19c26a953f1aa678243d1c1770f09c6a7c
1033,ord_dataset-1ec2807f02fa4beda27d2a81b86eb843:ord-d83b4bdd9e1942b0b07ab6db8fe874ba,ord_dataset-1ec2807f02fa4beda27d2a81b86eb843,832,b415eb4d947a6fc4bf1730d49d042011c452916c497bebc5e82af3ad01512463
1034,ord_dataset-1ec2807f02fa4beda27d2a81b86eb843:ord-d8633bb32624452ba19cedde526a059e,ord_dataset-1ec2807f02fa4beda27d2a81b86eb843,572,c4396572474dcccf0fa55fcea2019066cd4760fc2489356dff1247b193429448
1035,ord_dataset-1ec2807f02fa4beda27d2a81b86eb843:ord-d87360bba1254db98e964a6817eb0679,ord_dataset-1ec2807f02fa4beda27d2a81b86eb843,712,cb92eebcfa619900b67041d36ef0b7ef56d02cbb69117faa95c441043b78f578
1036,ord_dataset-1ec2807f02fa4beda27d2a81b86eb843:ord-d92e09e3430448ebaeda4f5bed51b8e1,ord_dataset-1ec2807f02fa4beda27d2a81b86eb843,1066,acfe4ebe4131fb2f604c75bc7a5b0ccfc2f41158dfb2f025fe7374bed312bdf0
1037,ord_dataset-1ec2807f02fa4beda27d2a81b86eb843:ord-d97b0ce9641e4a58bb3ba53170c7c160,ord_dataset-1ec2807f02fa4beda27d2a81b86eb843,999,407f649aeda09b47a055ca80d3c14970b62defbb181b990bc042bf797dd8525f
1038,ord_dataset-1ec2807f02fa4beda27d2a81b86eb843:ord-d988c4540ff0480fa798614ddfaea690,ord_dataset-1ec2807f02fa4beda27d2a81b86eb843,945,2e4081c440fe75a05d0451aa8e3d8001c2bf6542d1ee483a5aae0ce9b4ad0ec7
1039,ord_dataset-1ec2807f02fa4beda27d2a81b86eb843:ord-d9aee275c13446bca1582bfc71bc2172,ord_dataset-1ec2807f02fa4beda27d2a81b86eb843,234,bce1bb3c558e560aab163e30f9f7776314b7f1d435d42adb0fbc5d39f27ef310
1040,ord_dataset-1ec2807f02fa4beda27d2a81b86eb843:ord-d9c7dd474318422db53c114e19a61fe8,ord_dataset-1ec2807f02fa4beda27d2a81b86eb843,644,2e6fff25ca78a4336761144e73b730bc4cb3561ac7a5c00df5cbff1e9473472b
1041,ord_dataset-1ec2807f02fa4beda27d2a81b86eb843:ord-d9eb6a32dcb349098fb2e144b245c49c,ord_dataset-1ec2807f02fa4beda27d2a81b86eb843,62,ba30e4dae9a0b06551d114364247f2eece02bfd9fc9b0b2573aa2e88fbf31ba7
1042,ord_dataset-1ec2807f02fa4beda27d2a81b86eb843:ord-d9ffc9e217664cb198cbcfd76ca02c47,ord_dataset-1ec2807f02fa4beda27d2a81b86eb843,323,10b7e455169e5d5610e484a699de0b2b0f33ebd2a8873f8d340dfa725b349e18
1043,ord_dataset-1ec2807f02fa4beda27d2a81b86eb843:ord-da2e94fcbfa8484690d6810cfd8b6dd0,ord_dataset-1ec2807f02fa4beda27d2a81b86eb843,629,e8dcd7c5111b1e7b437fce0851a52313c246b0b0e72d00d8eeec07e836b5bc70
1044,ord_dataset-1ec2807f02fa4beda27d2a81b86eb843:ord-da2ff66e380c4c34846df205639e3518,ord_dataset-1ec2807f02fa4beda27d2a81b86eb843,695,c5c12610d49277050006e3bc0febe6fcbd62dcc714de748539b094de8ebdd50d
1045,ord_dataset-1ec2807f02fa4beda27d2a81b86eb843:ord-dac53d64b48e4ff982162d5074c0d278,ord_dataset-1ec2807f02fa4beda27d2a81b86eb843,693,02c34500b20dc488b2d3d9c9d9394bc8ec6623c4199dfb1a4789986c112661a5
1046,ord_dataset-1ec2807f02fa4beda27d2a81b86eb843:ord-dac7f5b124fc4d68a8dd8c66f6c63173,ord_dataset-1ec2807f02fa4beda27d2a81b86eb843,734,9d918cfba76830b596714724e93f69852d5b158834350813db592f821be2c766
1047,ord_dataset-1ec2807f02fa4beda27d2a81b86eb843:ord-dad3ed90801143eeab93063e1da58ae4,ord_dataset-1ec2807f02fa4beda27d2a81b86eb843,378,86429816f2c07fcde4d1f604a099e0fd928b52a144404f1525d82e242eaba174
1048,ord_dataset-1ec2807f02fa4beda27d2a81b86eb843:ord-daf9b2a21ced4eaa97b3eb87c262fbe7,ord_dataset-1ec2807f02fa4beda27d2a81b86eb843,816,df14ada1d3f85b69d86fb7e47d4d27566aa9a0f491fe4e4b5af59b55cd66342e
1049,ord_dataset-1ec2807f02fa4beda27d2a81b86eb843:ord-db15faeb96aa4fa4a272f7f6d2346f06,ord_dataset-1ec2807f02fa4beda27d2a81b86eb843,371,647a29703689990b0ea9d5edbd626ccecc76bb755a0710fef4beef1df8eccc81
1050,ord_dataset-1ec2807f02fa4beda27d2a81b86eb843:ord-db1b5986e0c244c7aef448e0e05a6a12,ord_dataset-1ec2807f02fa4beda27d2a81b86eb843,1021,3f8ee8295439c61b08af9efbfd73c0c3e6e69e7714f919beb4d4ac1e9da853ec
1051,ord_dataset-1ec2807f02fa4beda27d2a81b86eb843:ord-db20f644fda34ea6a1e3473565efba46,ord_dataset-1ec2807f02fa4beda27d2a81b86eb843,243,912358b489c204d534bf854dff5b32e68d6e70e3c092c757af2d18b5319ecdaa
1052,ord_dataset-1ec2807f02fa4beda27d2a81b86eb843:ord-db329baf2f71478c96239ae0bbdd1db0,ord_dataset-1ec2807f02fa4beda27d2a81b86eb843,1187,853d64cb9adbf1fc43c24cfa4d3d7076c62b3c3a44ecd09802e36e8a78b01c00
1053,ord_dataset-1ec2807f02fa4beda27d2a81b86eb843:ord-db33bd824fe44ea68199abdf2cf7cb60,ord_dataset-1ec2807f02fa4beda27d2a81b86eb843,634,95b6cf82513393354e949118db9e0bd4ec44658ddab7f5807a4c3b831acc5741
1054,ord_dataset-1ec2807f02fa4beda27d2a81b86eb843:ord-db40ba0cb78c47df834cb09b5d466dab,ord_dataset-1ec2807f02fa4beda27d2a81b86eb843,324,13b3138227602a5f6a0e91a38f1ba256bea70a446c4c71f0de19ab0e53754785
1055,ord_dataset-1ec2807f02fa4beda27d2a81b86eb843:ord-db4a5d012d64429d909aa01bb3d13b29,ord_dataset-1ec2807f02fa4beda27d2a81b86eb843,208,0df8278cf7f1e870d3dc1a1693b4cfd2a39918abda32b1019a3928a46385a776
1056,ord_dataset-1ec2807f02fa4beda27d2a81b86eb843:ord-db8067859f3a490e99c838bbf17c8f05,ord_dataset-1ec2807f02fa4beda27d2a81b86eb843,24,f3cc42ad23745ade869d3d3fd242aceed80d5f3d20e8190545bf17f15f7d41b1
1057,ord_dataset-1ec2807f02fa4beda27d2a81b86eb843:ord-db9b38c0a8b847e79663a79279e62718,ord_dataset-1ec2807f02fa4beda27d2a81b86eb843,578,654d8bb4f1e765af4e5e3ff074ca8814de87909648152fdc7b53c6083706658d
1058,ord_dataset-1ec2807f02fa4beda27d2a81b86eb843:ord-dba1c818a0de4d72bbd86adfa485f52b,ord_dataset-1ec2807f02fa4beda27d2a81b86eb843,704,3b61c622cb20a24669247cb13aed045c378f9327138c58f85bd6a5816c4ca9a7
1059,ord_dataset-1ec2807f02fa4beda27d2a81b86eb843:ord-dba1e5ceeb224d679da4a03fbce13003,ord_dataset-1ec2807f02fa4beda27d2a81b86eb843,495,0590f5b956a50a603dd6b105c61586960abad2dbe686c2c80af6aaee5d2a4e95
1060,ord_dataset-1ec2807f02fa4beda27d2a81b86eb843:ord-dba38fb32278413b88a5caebf7d9d517,ord_dataset-1ec2807f02fa4beda27d2a81b86eb843,379,4db8e62418b6e0dcc1e90de8f6e2d0a484ac41e5b339139b9733328bc0c18e34
1061,ord_dataset-1ec2807f02fa4beda27d2a81b86eb843:ord-dba830abf5e94273aab4edaf5de382f1,ord_dataset-1ec2807f02fa4beda27d2a81b86eb843,273,7b5d81453f9d7be34974bc108aa37fb29c3d6c6857562cf1683f21e9cb0f64e9
1062,ord_dataset-1ec2807f02fa4beda27d2a81b86eb843:ord-dbbdf22ab6d54f95af185c2a8b03f5d3,ord_dataset-1ec2807f02fa4beda27d2a81b86eb843,415,e24ec769a9dbad833ffe845757d0c4150431449129f44322fe031d1e4f0c85eb
1063,ord_dataset-1ec2807f02fa4beda27d2a81b86eb843:ord-dc64080d75b8436aa640f56d0ed9bf76,ord_dataset-1ec2807f02fa4beda27d2a81b86eb843,156,3fc9a79a63c95673f3116c7f40a555fb9a78e4a32a07c0b86edfa640992736c2
1064,ord_dataset-1ec2807f02fa4beda27d2a81b86eb843:ord-dd50a4069f5f4539a296b4e48c2cd0c0,ord_dataset-1ec2807f02fa4beda27d2a81b86eb843,773,91697a7cb8eea617bce9ffcb90c771873017ff87b00b0192667ec307815e8a7b
1065,ord_dataset-1ec2807f02fa4beda27d2a81b86eb843:ord-de6a716c9eed45f996e003f2f0ef9314,ord_dataset-1ec2807f02fa4beda27d2a81b86eb843,831,df6b46eb913d48147a3295bf1d6e75419f95d91e694cadf34ef7184837c51cfb
1066,ord_dataset-1ec2807f02fa4beda27d2a81b86eb843:ord-decd3b92040643168a5cbf69c3b31041,ord_dataset-1ec2807f02fa4beda27d2a81b86eb843,1201,18abdad5b6cd1f8ea28242a1de39ed75b39df59d5aeaffae9a1cb487da30cb17
1067,ord_dataset-1ec2807f02fa4beda27d2a81b86eb843:ord-deee115c9e6943778dbf261bcfe3b71d,ord_dataset-1ec2807f02fa4beda27d2a81b86eb843,42,21dd0819546f4bbcd3ad2d60ce3e8fa3598264cf58bef0f3c73f4e6383284cc4
1068,ord_dataset-1ec2807f02fa4beda27d2a81b86eb843:ord-df32d482d8e84cd7abd775692dee2f6e,ord_dataset-1ec2807f02fa4beda27d2a81b86eb843,566,f423118127a17f5b80612080125ca1e1bc8188fb7dbe04f843fcc917727114db
1069,ord_dataset-1ec2807f02fa4beda27d2a81b86eb843:ord-df570fb4db6448c696c03ae67d13480b,ord_dataset-1ec2807f02fa4beda27d2a81b86eb843,123,348292f2dcb10aaafccc8cf14bcfeff239b9fae332927c349f98d26e54774436
1070,ord_dataset-1ec2807f02fa4beda27d2a81b86eb843:ord-df6b40ef36ed4b69974286667ef24113,ord_dataset-1ec2807f02fa4beda27d2a81b86eb843,548,1654aec188f0e5a272244654b1a0bc0510c00a3834a47f779b38b3cffea589eb
1071,ord_dataset-1ec2807f02fa4beda27d2a81b86eb843:ord-df6f3f3ac4a040228eb98b14aefcdb59,ord_dataset-1ec2807f02fa4beda27d2a81b86eb843,325,b1de9c145cdfb166571ac76c99215478add0cf230d6b7b1c80a26932943dd69b
1072,ord_dataset-1ec2807f02fa4beda27d2a81b86eb843:ord-df8976fd157a40239f465e618f555c2d,ord_dataset-1ec2807f02fa4beda27d2a81b86eb843,900,ebfcb16c49f758a407fc343ff2c60c2a4dd81301ba6dd95b03315ef1a4d19ae0
1073,ord_dataset-1ec2807f02fa4beda27d2a81b86eb843:ord-dfb1b0481f4f43d297401f25e56480ac,ord_dataset-1ec2807f02fa4beda27d2a81b86eb843,1164,1c0a1b01af417666dff656c95545b0fae5554b98b33a8da1097efdd9abe1ba13
1074,ord_dataset-1ec2807f02fa4beda27d2a81b86eb843:ord-dfc919abf0eb47e4828f82e36939b681,ord_dataset-1ec2807f02fa4beda27d2a81b86eb843,1160,2fed38f39100b907e0ef3d93b11818dad0074a4d754539a0b5663b4a3d57d64e
1075,ord_dataset-1ec2807f02fa4beda27d2a81b86eb843:ord-e08788508c4245e583245346a5543514,ord_dataset-1ec2807f02fa4beda27d2a81b86eb843,112,357251a010f4b0425e8478855f5beab8a5d513c613ebd17e2b47152cdf734143
1076,ord_dataset-1ec2807f02fa4beda27d2a81b86eb843:ord-e08d03bc2c654fd8866283273ac37d4a,ord_dataset-1ec2807f02fa4beda27d2a81b86eb843,1079,d5648b424d06d48af31bf0586bcdd10c325ed1808a8059ca1650448e1faae95e
1077,ord_dataset-1ec2807f02fa4beda27d2a81b86eb843:ord-e0ba7f08ff8840db942ccbcd19af8415,ord_dataset-1ec2807f02fa4beda27d2a81b86eb843,886,e941bba09b3b8157b9fed66710c6bf81b4ca109c37defb4ead1f7492206709ca
1078,ord_dataset-1ec2807f02fa4beda27d2a81b86eb843:ord-e0c119cd21394b8cb6168a17062cd550,ord_dataset-1ec2807f02fa4beda27d2a81b86eb843,952,5c274100ce906b17d95cd39b31b9c5ba6aea05b3f4c5561218f5ce3abfddabf5
1079,ord_dataset-1ec2807f02fa4beda27d2a81b86eb843:ord-e0e005063845498ea87f2c73b07d6a76,ord_dataset-1ec2807f02fa4beda27d2a81b86eb843,541,19a0b0f739a519fb799dd4611e57a2c734ca0a2ae7d173940bf9f4c8c7a3faba
1080,ord_dataset-1ec2807f02fa4beda27d2a81b86eb843:ord-e140f32e00294c979c741142b60f5f53,ord_dataset-1ec2807f02fa4beda27d2a81b86eb843,192,5e28c05bc223bc5d3217fb2fdde85b43776a54dd3e9ff98e6831f3e7dedc01e6
1081,ord_dataset-1ec2807f02fa4beda27d2a81b86eb843:ord-e154e4ab06a044ca9c6a5b9a271514ee,ord_dataset-1ec2807f02fa4beda27d2a81b86eb843,1088,96826c5c099fab6991d01988972a1b056e2c65b5791143e98cb89b6834dd29e4
1082,ord_dataset-1ec2807f02fa4beda27d2a81b86eb843:ord-e1c8f497387447b8a3207f72b9abb97a,ord_dataset-1ec2807f02fa4beda27d2a81b86eb843,110,b4b1de50964976983175561c4ce0b50733c69940835cf8c6b22ccde8f1e90399
1083,ord_dataset-1ec2807f02fa4beda27d2a81b86eb843:ord-e218a21c4d3f4300af851e392fa00f90,ord_dataset-1ec2807f02fa4beda27d2a81b86eb843,197,f0f68973e1117509dbede4a7ea1dd0a787e9fb2f9b600e6918eb21ba9495ec7d
1084,ord_dataset-1ec2807f02fa4beda27d2a81b86eb843:ord-e2625283b40840aaa42059a2ac688373,ord_dataset-1ec2807f02fa4beda27d2a81b86eb843,240,eea6219732131a5636fdd6098d127d233808fe6a2975317e30e086c1d009defe
1085,ord_dataset-1ec2807f02fa4beda27d2a81b86eb843:ord-e280b982b0f14f229657c589f1cc82ed,ord_dataset-1ec2807f02fa4beda27d2a81b86eb843,584,17c61893ff6e2e330668015f6f8bead68e148c9bc555ce0abbdac6d261b6a284
1086,ord_dataset-1ec2807f02fa4beda27d2a81b86eb843:ord-e281b21218444f43a2d3965a3d516d3b,ord_dataset-1ec2807f02fa4beda27d2a81b86eb843,1039,ab328e6087c670ddf941338783ce27da8806e31b7f12a1e42fc297a37787cdda
1087,ord_dataset-1ec2807f02fa4beda27d2a81b86eb843:ord-e28ee288be90499db6e45ef105e38018,ord_dataset-1ec2807f02fa4beda27d2a81b86eb843,1138,8a97fa00a9cb0a4907676f72db49a14ffd07d8e586bd75c8a8f988541ad47332
1088,ord_dataset-1ec2807f02fa4beda27d2a81b86eb843:ord-e2a81aeefba34734af853d50e5761d89,ord_dataset-1ec2807f02fa4beda27d2a81b86eb843,1110,f28082ec3126b277b76e358be1a4e034e1ecc8a5d8bca4fafd4f04be34b43d71
1089,ord_dataset-1ec2807f02fa4beda27d2a81b86eb843:ord-e2da0fdecdba4eb0a08959b40a28a7d4,ord_dataset-1ec2807f02fa4beda27d2a81b86eb843,588,b76902cbc9bab3d8a2b6e7d0fde7d78dc9ab1c1133e61e3e1a69a04670b4893f
1090,ord_dataset-1ec2807f02fa4beda27d2a81b86eb843:ord-e2f7e52396c94b8ba382db48d0f29afc,ord_dataset-1ec2807f02fa4beda27d2a81b86eb843,746,6e28efea46b431df2631eeb46387433af27dbe5f659e7f1712b26ff37915c50b
1091,ord_dataset-1ec2807f02fa4beda27d2a81b86eb843:ord-e3303db6b38a4c629b89a44edd5bdb9b,ord_dataset-1ec2807f02fa4beda27d2a81b86eb843,191,81e6a783281a5e1cb21d5443bb7f23627da678a104c2de1b33566d4a9f7ae899
1092,ord_dataset-1ec2807f02fa4beda27d2a81b86eb843:ord-e3410babc1544036b0d449c859ee8fc5,ord_dataset-1ec2807f02fa4beda27d2a81b86eb843,637,cf7b2258e39fef5ca5603efd9cb75810df100c8e509df0e3bffea8f0dd0bfa07
1093,ord_dataset-1ec2807f02fa4beda27d2a81b86eb843:ord-e37465cd3bb44759a8c0c39bf8744776,ord_dataset-1ec2807f02fa4beda27d2a81b86eb843,630,5078f05bea7b7870f0706d3b53958fc781fa05ba1f67503bce1440205d54f918
1094,ord_dataset-1ec2807f02fa4beda27d2a81b86eb843:ord-e3bcc0b29976469bb1dc1071a7ed3009,ord_dataset-1ec2807f02fa4beda27d2a81b86eb843,1183,8e6f81af3d4d896bef69fb3fa3535502533191497c0880e992ec579091d3fc8f
1095,ord_dataset-1ec2807f02fa4beda27d2a81b86eb843:ord-e3e3ff50e9304b90a7a6481c16fc5717,ord_dataset-1ec2807f02fa4beda27d2a81b86eb843,783,d2d0a353432b1980f82baeb3b38c2005bdc504e0648ca19a293917bddd7bb943
1096,ord_dataset-1ec2807f02fa4beda27d2a81b86eb843:ord-e41d9e0a8ed840cc9132a57809506e6c,ord_dataset-1ec2807f02fa4beda27d2a81b86eb843,1061,555bea119d2047769c14403545a0a57682ca94463a51deffdc47f227a2c90d79
1097,ord_dataset-1ec2807f02fa4beda27d2a81b86eb843:ord-e42f418ec584493ba99ad90aa801cb46,ord_dataset-1ec2807f02fa4beda27d2a81b86eb843,392,bf475fcf27a3a61d3dee5416ab676eeea48f45338b8f348f185b6d33c989b49f
1098,ord_dataset-1ec2807f02fa4beda27d2a81b86eb843:ord-e4a8b1cf656344e2bed2b1c9c70d9a15,ord_dataset-1ec2807f02fa4beda27d2a81b86eb843,893,f68ab8f5a3a704ebdc69b7f66bffd41429904af9e02ed25726fed3c5305fb6ba
1099,ord_dataset-1ec2807f02fa4beda27d2a81b86eb843:ord-e4b7b0f1bc6742d4a79bf9a313dd0550,ord_dataset-1ec2807f02fa4beda27d2a81b86eb843,931,fc1b14667ad2357023eafcf8993b7b801c13091ca153fff0391ec149cc56c3b5
1100,ord_dataset-1ec2807f02fa4beda27d2a81b86eb843:ord-e4ba16a4e10e4fc9bc48a96613a8c7f1,ord_dataset-1ec2807f02fa4beda27d2a81b86eb843,1118,9d87b27f0c3e87119e1414f959509ee9ff14188f32e6cce4ee62d51e002f4372
1101,ord_dataset-1ec2807f02fa4beda27d2a81b86eb843:ord-e4d70b465eb7415c8e9fb2c5da83e299,ord_dataset-1ec2807f02fa4beda27d2a81b86eb843,920,1a56bd2db5914b1247226307d3575961927f12c5b40e72d1bffef86e7585d0ad
1102,ord_dataset-1ec2807f02fa4beda27d2a81b86eb843:ord-e4f7d82bcfce4419b476db32ab8de2b8,ord_dataset-1ec2807f02fa4beda27d2a81b86eb843,1034,91b6b3bab58cb711a11487fc8180d5b6aa4e2dcd491b1fe9407cbab80be9300d
1103,ord_dataset-1ec2807f02fa4beda27d2a81b86eb843:ord-e4ffcbbf204a491a8bcba560e3544df0,ord_dataset-1ec2807f02fa4beda27d2a81b86eb843,64,3759478e20b89f9f88373d24e1dae3b73e6dc7146b8653f371e7408b3bea2da2
1104,ord_dataset-1ec2807f02fa4beda27d2a81b86eb843:ord-e52d35e1ded445928d74d0dd3ce33e31,ord_dataset-1ec2807f02fa4beda27d2a81b86eb843,537,bf8acfbb0dd2a9c50b30c0ff2b4ddbcdc4304489e65d03b7441c9d6e4b131eeb
1105,ord_dataset-1ec2807f02fa4beda27d2a81b86eb843:ord-e637e6e4689643a89ad8194f723f8e0e,ord_dataset-1ec2807f02fa4beda27d2a81b86eb843,1085,161c903e068527f730f69d31070af80d2ade788cd1f89d47ce489d5f5b07e771
1106,ord_dataset-1ec2807f02fa4beda27d2a81b86eb843:ord-e656a41f6d5d41c7ba5531b8f4bb4924,ord_dataset-1ec2807f02fa4beda27d2a81b86eb843,576,538196079a3115a88fe656a94c6e1c1d898f3b321a4bbb907779f647641b9335
1107,ord_dataset-1ec2807f02fa4beda27d2a81b86eb843:ord-e66e3baf19cb4aaaa503c2145bb012b8,ord_dataset-1ec2807f02fa4beda27d2a81b86eb843,561,a2e0b75517f426f60a3410ca2521f0ccf0563ba43f5c44ee06498bff27e519d3
1108,ord_dataset-1ec2807f02fa4beda27d2a81b86eb843:ord-e6834cd589d24b45b0a081232a4d426d,ord_dataset-1ec2807f02fa4beda27d2a81b86eb843,670,269738ed996574faab7bd1617a30ca86a769a25ec52ef943279a75af25c49493
1109,ord_dataset-1ec2807f02fa4beda27d2a81b86eb843:ord-e683bfbd97254c9f913eef1a812b50b4,ord_dataset-1ec2807f02fa4beda27d2a81b86eb843,412,d03a25802d2d72ff4f505903f40c4e67f7706d96350de0265d14cfc291e7fbb6
1110,ord_dataset-1ec2807f02fa4beda27d2a81b86eb843:ord-e6c1420be87b4d50a58c43b9fbbcb107,ord_dataset-1ec2807f02fa4beda27d2a81b86eb843,1189,17511aa77e45f87ef5e50ea5e0da3a1d57aea9be417c8f844848f0760b676409
1111,ord_dataset-1ec2807f02fa4beda27d2a81b86eb843:ord-e6d896ed32294605a71dcce93d9fe4df,ord_dataset-1ec2807f02fa4beda27d2a81b86eb843,828,59ea69f824ecc878814fa630fa25053ebfb66cc35d15df6ef4ace10faa1dfc5f
1112,ord_dataset-1ec2807f02fa4beda27d2a81b86eb843:ord-e72a78d4bc5a4d17b2421c39569f0530,ord_dataset-1ec2807f02fa4beda27d2a81b86eb843,965,540e78e126959a76ad67884e98273555a8404157c507e26a23cf2f12ceb76c52
1113,ord_dataset-1ec2807f02fa4beda27d2a81b86eb843:ord-e7976de7af204e1fa9b228dde25fdbe0,ord_dataset-1ec2807f02fa4beda27d2a81b86eb843,800,fbb5ce01c452f28ed86745ebb2c94e933303e9240e6a425b6bc1eaa9a651d623
1114,ord_dataset-1ec2807f02fa4beda27d2a81b86eb843:ord-e7993a4e0bf74af6882af47a002d4e4b,ord_dataset-1ec2807f02fa4beda27d2a81b86eb843,582,0f492629dc76aafdf18aa53d27b60ced7da5d8e9393a0265403c60f224bf0167
1115,ord_dataset-1ec2807f02fa4beda27d2a81b86eb843:ord-e7f5fba519af437fb5831d515da4cc0e,ord_dataset-1ec2807f02fa4beda27d2a81b86eb843,44,c0daf4dce684ade444b05e6313f1029b0dc1db4e45aef57dd78ef42f89a7b61c
1116,ord_dataset-1ec2807f02fa4beda27d2a81b86eb843:ord-e860ae0f8d11420f8606553f69c81b6a,ord_dataset-1ec2807f02fa4beda27d2a81b86eb843,299,7a47dafa6b4efa1ac8b91e4663cea3f975fe87afaedfbe679db80d04baa53b3a
1117,ord_dataset-1ec2807f02fa4beda27d2a81b86eb843:ord-e88e7d1e7dda4223aac6b1dab81e97d7,ord_dataset-1ec2807f02fa4beda27d2a81b86eb843,202,b5c7c212452b46ab86e9d83f84be2eb1737fd0797a59edd6f21cfda5afac615a
1118,ord_dataset-1ec2807f02fa4beda27d2a81b86eb843:ord-e8c505236f194fa386e5c8d2422f3d75,ord_dataset-1ec2807f02fa4beda27d2a81b86eb843,875,3830906dcc01c891abe21569655fe425db16b8cc547fbf1320bdb0504c15ce87
1119,ord_dataset-1ec2807f02fa4beda27d2a81b86eb843:ord-e90dbe4b15694813bc3f5585f8166355,ord_dataset-1ec2807f02fa4beda27d2a81b86eb843,462,29eeb419a7818cf589d632d4b578eb91ab3c8083b60f2741c3be591f5a45bb8a
1120,ord_dataset-1ec2807f02fa4beda27d2a81b86eb843:ord-e9183653b5964272b715f98e19e9b36e,ord_dataset-1ec2807f02fa4beda27d2a81b86eb843,804,d898e34f0033dea6364ee90696c0e0f3f52c3cb622b81541adbd378d047ae9ad
1121,ord_dataset-1ec2807f02fa4beda27d2a81b86eb843:ord-e94c3e2b055f4cb7851ad56144ecfcf8,ord_dataset-1ec2807f02fa4beda27d2a81b86eb843,833,5517b86902342e796cbb2aa33726f10f432c6405c3f3fe2888f5a183403c26ac
1122,ord_dataset-1ec2807f02fa4beda27d2a81b86eb843:ord-e9561d09cd8b4923bbc2683d97b72821,ord_dataset-1ec2807f02fa4beda27d2a81b86eb843,863,2cff838f473ecb3a1fea3be557474f3927b38fe529e2592c9891525ac25f7007
1123,ord_dataset-1ec2807f02fa4beda27d2a81b86eb843:ord-e9a7f61521cd4927b01e4e22c4f167c9,ord_dataset-1ec2807f02fa4beda27d2a81b86eb843,474,098632665c2c35db1011ed353085c61976da4ba0540eafc913e32cabc4857620
1124,ord_dataset-1ec2807f02fa4beda27d2a81b86eb843:ord-e9b4ddd5c134409c8ff93144825ceab3,ord_dataset-1ec2807f02fa4beda27d2a81b86eb843,923,6685c0eec9805ab41307c53658170554ae71c2f1da2267012c22d9435131e2ae
1125,ord_dataset-1ec2807f02fa4beda27d2a81b86eb843:ord-e9c902b5a2b747738ca767983179da7e,ord_dataset-1ec2807f02fa4beda27d2a81b86eb843,284,211dbd2de4f872672e08200f0a3bab828acb5c84fa16c9552be28b3ff7d709db
1126,ord_dataset-1ec2807f02fa4beda27d2a81b86eb843:ord-e9e40fbe759743cc8c043129b92e2429,ord_dataset-1ec2807f02fa4beda27d2a81b86eb843,719,fa3df6e0fec740e9b12b87c84c1e62e4a2cb657906c4e243c9ece310fea8b70c
1127,ord_dataset-1ec2807f02fa4beda27d2a81b86eb843:ord-ea190dab517f47e18920041532a63625,ord_dataset-1ec2807f02fa4beda27d2a81b86eb843,458,724d92cc8abe31092b3e256e39cb0c5a02058bae016b121dd5167af23f549ee3
1128,ord_dataset-1ec2807f02fa4beda27d2a81b86eb843:ord-ea199684484b436fbe3f22b1bc989dd7,ord_dataset-1ec2807f02fa4beda27d2a81b86eb843,708,bbe72a32bafd42955d4c7f4ef608a4c5f9310976fbc50cb187ac62817be677bd
1129,ord_dataset-1ec2807f02fa4beda27d2a81b86eb843:ord-ea5f24d98a354319bfc8319178838f03,ord_dataset-1ec2807f02fa4beda27d2a81b86eb843,822,77a10dc3b9226ef9a9e2b311bf8e966c5a9deaef11996464787d6e093edd9044
1130,ord_dataset-1ec2807f02fa4beda27d2a81b86eb843:ord-ea66acbadc504035baa25798f661dc42,ord_dataset-1ec2807f02fa4beda27d2a81b86eb843,518,817e34d97bca8d31ba4f4a9d61c45c8c57009670add935e317bb5a8eafb99efc
1131,ord_dataset-1ec2807f02fa4beda27d2a81b86eb843:ord-ea8ee6dd5c6e47cd80c6bcf7d7a852bf,ord_dataset-1ec2807f02fa4beda27d2a81b86eb843,349,7a92dec10b49b27e23e86e60f943fbeaa6449b54bee8e84a8c234d4abd31e968
1132,ord_dataset-1ec2807f02fa4beda27d2a81b86eb843:ord-ea949b9a30ac4263a6d0c03d15c35dd5,ord_dataset-1ec2807f02fa4beda27d2a81b86eb843,604,355621ee1aefa24e933257e79f2eb16a51fcfb6ef149ba00924fc2b68ec0c69b
1133,ord_dataset-1ec2807f02fa4beda27d2a81b86eb843:ord-eaca834556574a1f88b8536cf920264f,ord_dataset-1ec2807f02fa4beda27d2a81b86eb843,989,48c343f57ff2002f5bd9bcb524919decd8c273b1e04e0dc25b2fcc70d81434fc
1134,ord_dataset-1ec2807f02fa4beda27d2a81b86eb843:ord-eacc47e794634ecd93f8c86da8f53f16,ord_dataset-1ec2807f02fa4beda27d2a81b86eb843,87,43fa0a06a5e3ab5848022bb28629cd5c51b4d8939cf657c224b0ee78e60746f7
1135,ord_dataset-1ec2807f02fa4beda27d2a81b86eb843:ord-eaff95f505c040ce8f9a52a4935d1250,ord_dataset-1ec2807f02fa4beda27d2a81b86eb843,179,585ab2717d3656e917642a4ff1f4cb0e90dfdc2e0edafdbf9fd1dbe18a279a3f
1136,ord_dataset-1ec2807f02fa4beda27d2a81b86eb843:ord-eb35b43a81cb41549a18455d40a1a9f8,ord_dataset-1ec2807f02fa4beda27d2a81b86eb843,559,d5ba52cd0308bc46a9b912b2dd88d5ad7b98d08687b2d381ccb3cd8c143c9b23
1137,ord_dataset-1ec2807f02fa4beda27d2a81b86eb843:ord-ebd43050f8ff441eb2958e7b9a8bdc9e,ord_dataset-1ec2807f02fa4beda27d2a81b86eb843,333,5535d1e2e1dc65cec09e59d6f8dda51f44f4a8dacb88c9bae9754550e8eb86d4
1138,ord_dataset-1ec2807f02fa4beda27d2a81b86eb843:ord-ec01567883044a51a4d9ac5809c5acb1,ord_dataset-1ec2807f02fa4beda27d2a81b86eb843,2,fd69bbe59653205a3dac8bb8dfa49093cdf91478c677c4bd013c3ffae9b2989f
1139,ord_dataset-1ec2807f02fa4beda27d2a81b86eb843:ord-ec031d33f25b4eab85267605a0eb4e0a,ord_dataset-1ec2807f02fa4beda27d2a81b86eb843,271,9ddadb23d25f38587968cba337a496059a7bf793d0a972e022cb21fceed7f818
1140,ord_dataset-1ec2807f02fa4beda27d2a81b86eb843:ord-ec64cb24fd384128ab5650c6a18176f2,ord_dataset-1ec2807f02fa4beda27d2a81b86eb843,222,4eba916f060d66eca95eacac81850589e5cbcb33fab696a3eb4fac5f9919ee95
1141,ord_dataset-1ec2807f02fa4beda27d2a81b86eb843:ord-ec700bad78b54139b4a68c481f3aac56,ord_dataset-1ec2807f02fa4beda27d2a81b86eb843,255,61dc8a4a5b4224992b137c2873ec67b68d6f2e9841cb4a61c10efd638e4321c3
1142,ord_dataset-1ec2807f02fa4beda27d2a81b86eb843:ord-ec7a8744b7c446f6a007706ad8209ea9,ord_dataset-1ec2807f02fa4beda27d2a81b86eb843,177,f21353122c0f59d111919a53556c78a5060d42beee7bffcb6e4e385d02ae5c4c
1143,ord_dataset-1ec2807f02fa4beda27d2a81b86eb843:ord-ecd16983f9d04b378b8167265b0a5230,ord_dataset-1ec2807f02fa4beda27d2a81b86eb843,1050,c36e372f6fcda5fd23f99e9f7c831af8d458ccb519a7af46b12146a40e52e95a
1144,ord_dataset-1ec2807f02fa4beda27d2a81b86eb843:ord-ed05644ff20245ddaf9a301a7ce0927f,ord_dataset-1ec2807f02fa4beda27d2a81b86eb843,1171,db812d9e4277a59a3f70076ac67aaadc808b25bd6b3f1100539632eaec1c7992
1145,ord_dataset-1ec2807f02fa4beda27d2a81b86eb843:ord-ed30f3acdcb143c882c14aed996e5f77,ord_dataset-1ec2807f02fa4beda27d2a81b86eb843,785,c0038496ed20ded054b8df1028f8585805b850b6b5b97432f2d215549312e4a7
1146,ord_dataset-1ec2807f02fa4beda27d2a81b86eb843:ord-edb507d26a8041f7a47163735e707d51,ord_dataset-1ec2807f02fa4beda27d2a81b86eb843,591,f206c84349898de5c127037a6254151298df194ae943e45b25df77e52f0a3e88
1147,ord_dataset-1ec2807f02fa4beda27d2a81b86eb843:ord-edbb31791a404ca7999eaec7f1366ffc,ord_dataset-1ec2807f02fa4beda27d2a81b86eb843,741,179ec4c5cf44cb29c9f210daf911121945e068c48df246cc1bea40b1d53bfe74
1148,ord_dataset-1ec2807f02fa4beda27d2a81b86eb843:ord-edfb59445eb04a72b996d4cef05d76e0,ord_dataset-1ec2807f02fa4beda27d2a81b86eb843,83,58c4a199da7df3bb68df61f41561e501f4208c3c2d291bf1728d22be8a07f232
1149,ord_dataset-1ec2807f02fa4beda27d2a81b86eb843:ord-ee01e6624b41478b965ffef19f91d579,ord_dataset-1ec2807f02fa4beda27d2a81b86eb843,829,d2948e31c71aa2fda0fc579bfe5c1fd0fd251461775c409c8fb1813c04adc280
1150,ord_dataset-1ec2807f02fa4beda27d2a81b86eb843:ord-ee331077d2b3422bbb26e5edb437e2b7,ord_dataset-1ec2807f02fa4beda27d2a81b86eb843,960,ba1cc1be64f5f0f8b4070988c26cf68c763b1bbe3899b72d30d70d65f2915acc
1151,ord_dataset-1ec2807f02fa4beda27d2a81b86eb843:ord-ee7985f9e5de48588e3a94b2df50ce67,ord_dataset-1ec2807f02fa4beda27d2a81b86eb843,85,1a06e3fb1f7ae4289f259a437fc5bf7cc09bf3af09893c835d49f74db53c706e
1152,ord_dataset-1ec2807f02fa4beda27d2a81b86eb843:ord-ee934340d17f4ab1b0c55c71ec060346,ord_dataset-1ec2807f02fa4beda27d2a81b86eb843,1203,35d1099a9ea9e2f417ae4aa76468f607f821805abe22b13582eb7cbed2365852
1153,ord_dataset-1ec2807f02fa4beda27d2a81b86eb843:ord-ee995e01fe9e48be9cf99ef6b71d769e,ord_dataset-1ec2807f02fa4beda27d2a81b86eb843,978,93f393077ef3b3da96aab3c196ffe7994f50928eb2578ceb9e94cd0c7ccedcc3
1154,ord_dataset-1ec2807f02fa4beda27d2a81b86eb843:ord-ee9dfae0b8314baf8933f81929a7a6d3,ord_dataset-1ec2807f02fa4beda27d2a81b86eb843,827,e61921583304aa464e38539957a23a1ec476d356fa4aa955502ea41a0254f524
1155,ord_dataset-1ec2807f02fa4beda27d2a81b86eb843:ord-eea8848a4f4c4b8d959ec51dfc499f68,ord_dataset-1ec2807f02fa4beda27d2a81b86eb843,158,8368d19a2b8abaf56c3aadcabdfa8c1c9856899f2221d50379d1222418ea2bef
1156,ord_dataset-1ec2807f02fa4beda27d2a81b86eb843:ord-ef050988eac64b7bb073cb1cd26e33c9,ord_dataset-1ec2807f02fa4beda27d2a81b86eb843,1197,72af61bc1a83daf4a83b5030b9cadd3bdff861a3675783219f53de9206177ef7
1157,ord_dataset-1ec2807f02fa4beda27d2a81b86eb843:ord-ef3452454ac748a3aa74e556de4f353b,ord_dataset-1ec2807f02fa4beda27d2a81b86eb843,1114,134a7eaf71f3617066fe6027a3fc8ecc7ba0f4379b119e8ab9a57734d7dc53d7
1158,ord_dataset-1ec2807f02fa4beda27d2a81b86eb843:ord-ef63d0fb8a51492b9ecf20a59d14b21c,ord_dataset-1ec2807f02fa4beda27d2a81b86eb843,494,429af6c6919f47cd876672edbc41d7468b7d87df723df09e6c92d818e567af18
1159,ord_dataset-1ec2807f02fa4beda27d2a81b86eb843:ord-efc9dcc3f0ef4f8b805e893d1ee33bca,ord_dataset-1ec2807f02fa4beda27d2a81b86eb843,771,cfbd712d068fcc9bff96f6a05240c49d935aa95203beca596eee08969d535f20
1160,ord_dataset-1ec2807f02fa4beda27d2a81b86eb843:ord-f0462578829849c49f2be88fe3cbf639,ord_dataset-1ec2807f02fa4beda27d2a81b86eb843,1131,689ea9d2e79f727297f4b2d453a3660adbdf28dfd8feb80c296f7c3bb807b908
1161,ord_dataset-1ec2807f02fa4beda27d2a81b86eb843:ord-f0d627acd4434f0eb2d999b9b9ec2da8,ord_dataset-1ec2807f02fa4beda27d2a81b86eb843,113,db5b01345e90de5e46b9c86e975fa2f1ae3ae25763d1b240b7e8be5f89b9a052
1162,ord_dataset-1ec2807f02fa4beda27d2a81b86eb843:ord-f0d92bdbe286457ca82d13155c27afa5,ord_dataset-1ec2807f02fa4beda27d2a81b86eb843,166,cae0f6884679c14a4b30656c946a95650e5eff5fe81fad652e0444a2c8d6a937
1163,ord_dataset-1ec2807f02fa4beda27d2a81b86eb843:ord-f11010ecca944f04aed979f34a7d100d,ord_dataset-1ec2807f02fa4beda27d2a81b86eb843,1181,8d18b453078c80e01ac7272781687ba916b4895e5c882c9c9d25c53633b6e79c
1164,ord_dataset-1ec2807f02fa4beda27d2a81b86eb843:ord-f12a10a188f6486296507451b9082007,ord_dataset-1ec2807f02fa4beda27d2a81b86eb843,1042,4eca68e8fb9295492888e838218c755cdd3aee48810d5df19398f17fbfb24fb4
1165,ord_dataset-1ec2807f02fa4beda27d2a81b86eb843:ord-f15b7b44647f42ebbb2ce1b5c6621f8f,ord_dataset-1ec2807f02fa4beda27d2a81b86eb843,721,c44d7f8f155d60afa872762ec0468f605821d5920e8e410b39f0534bd9fb0cf1
1166,ord_dataset-1ec2807f02fa4beda27d2a81b86eb843:ord-f1629a045d434c279530d1a74a14ba8a,ord_dataset-1ec2807f02fa4beda27d2a81b86eb843,944,51b0e8d0ba270fb6a6ffa379faaefbe6ef7ca0b15d8548aaca810bcb27d6c742
1167,ord_dataset-1ec2807f02fa4beda27d2a81b86eb843:ord-f168afeda5d043e882e3799fc1fc8605,ord_dataset-1ec2807f02fa4beda27d2a81b86eb843,248,d3acf51122dd8a03d742e86fbc63cfecd56181f56c33852528a7540d84a91aa8
1168,ord_dataset-1ec2807f02fa4beda27d2a81b86eb843:ord-f1afca4684514cc99fa5da02ce0cf322,ord_dataset-1ec2807f02fa4beda27d2a81b86eb843,107,178356221c077204f7603bae5d7199c7d7e85581acb1501cd22f0c6d8fac6748
1169,ord_dataset-1ec2807f02fa4beda27d2a81b86eb843:ord-f1b28479702947119a9e9f90c50bbd48,ord_dataset-1ec2807f02fa4beda27d2a81b86eb843,429,85e2041dbdc15ab919245782bf27debaa20676b2841e2dc672176a1ac93127a4
1170,ord_dataset-1ec2807f02fa4beda27d2a81b86eb843:ord-f1cdad5ba2a542f09278ebffa2d78dad,ord_dataset-1ec2807f02fa4beda27d2a81b86eb843,239,cd1a4ce58b33c0d929fb972bff72b02cf80fa354444806a76c0f54ccafc90521
1171,ord_dataset-1ec2807f02fa4beda27d2a81b86eb843:ord-f2501dc6fc8b4fdd91551d659341088e,ord_dataset-1ec2807f02fa4beda27d2a81b86eb843,872,5d9f932182b2c58d7d4c006d1319122692d9feb0545a9c81bde5725752eff3da
1172,ord_dataset-1ec2807f02fa4beda27d2a81b86eb843:ord-f26400fa5f374d809349884ce19cef28,ord_dataset-1ec2807f02fa4beda27d2a81b86eb843,346,076576460fd70a515664da87f51448ec2b61abbd2a25094ab4399f15da2061eb
1173,ord_dataset-1ec2807f02fa4beda27d2a81b86eb843:ord-f2ab99548e6b4e85ac50c964b235bdb9,ord_dataset-1ec2807f02fa4beda27d2a81b86eb843,801,b5722bbad630d62db6c1fd1a88174fb3668f8def0a46b14d826d8fe47781716e
1174,ord_dataset-1ec2807f02fa4beda27d2a81b86eb843:ord-f2e4f710be5e491ea3819017fb6259ca,ord_dataset-1ec2807f02fa4beda27d2a81b86eb843,56,38fe1906dbac2e744c60d695ed522aa084126cef3558806cc4b8e3bae4b797f2
1175,ord_dataset-1ec2807f02fa4beda27d2a81b86eb843:ord-f3141dbb67874b90b4ec6e6189f164f3,ord_dataset-1ec2807f02fa4beda27d2a81b86eb843,994,49548375431ca71bd988602f69f7a90d65b3d95f11f45d46b9984ab53fb4236e
1176,ord_dataset-1ec2807f02fa4beda27d2a81b86eb843:ord-f388d474b64f4dee87a735736c31ec0c,ord_dataset-1ec2807f02fa4beda27d2a81b86eb843,259,022cd252b3768b364d583e966b2f85e9ae2ba2d04504c16ddf076836715eea76
1177,ord_dataset-1ec2807f02fa4beda27d2a81b86eb843:ord-f3991324a5a54c8ba447bed01ef7aa3d,ord_dataset-1ec2807f02fa4beda27d2a81b86eb843,65,efeefaf30da2e60cef9247b86b23763b72b98c2f1f415059fc599eb4dd8b38cc
1178,ord_dataset-1ec2807f02fa4beda27d2a81b86eb843:ord-f3d6abc988854bccb41759aa0f762e1e,ord_dataset-1ec2807f02fa4beda27d2a81b86eb843,862,0ab78f146ed451cc686b9cb8dc302c5e7aeb585b8f99b4f2047b78371bacb368
1179,ord_dataset-1ec2807f02fa4beda27d2a81b86eb843:ord-f3dbc2a49bc34f2bb1491b7bface2675,ord_dataset-1ec2807f02fa4beda27d2a81b86eb843,998,7e54f60d7a237331c27daff6db73686cd85beba23d3ae414af796492fe007f08
1180,ord_dataset-1ec2807f02fa4beda27d2a81b86eb843:ord-f42e90837b4842baa76d6f78cbf1be96,ord_dataset-1ec2807f02fa4beda27d2a81b86eb843,28,eaa504b93a671d5bfac5bfc9cd041161cc12b9e2c6a83eec3b20b6dafea14912
1181,ord_dataset-1ec2807f02fa4beda27d2a81b86eb843:ord-f479acf868c54806b678c4325603d66f,ord_dataset-1ec2807f02fa4beda27d2a81b86eb843,17,58c32e10340b50c727234f718ec4cf111a513d95f7300d4a2b2d6e7b139eef3b
1182,ord_dataset-1ec2807f02fa4beda27d2a81b86eb843:ord-f4a2fae113b340b1a15f91078d6cacf3,ord_dataset-1ec2807f02fa4beda27d2a81b86eb843,165,7cdd38fce3b1779ca10672f06c5e3dcebbd040c688d6c2434e5ac7bbf6a73ede
1183,ord_dataset-1ec2807f02fa4beda27d2a81b86eb843:ord-f53a2dbb88634545a2f59ee9eeb646be,ord_dataset-1ec2807f02fa4beda27d2a81b86eb843,398,b4dad6e1a1778d64642ed3159164948568319603cd026ac807bcd168ba51f2fc
1184,ord_dataset-1ec2807f02fa4beda27d2a81b86eb843:ord-f544635ac12a4b8ea3c2e8518951a895,ord_dataset-1ec2807f02fa4beda27d2a81b86eb843,1172,f61a1eb90b7675754b11c4b63b0d16b72d6c5462375f7b35ea638753ba976a09
1185,ord_dataset-1ec2807f02fa4beda27d2a81b86eb843:ord-f5616fa4bf3f40cbb360e0768a706a5a,ord_dataset-1ec2807f02fa4beda27d2a81b86eb843,125,286c15ac230d65a87bc35628380661f51c829c1bf4f4983563d60d539de11865
1186,ord_dataset-1ec2807f02fa4beda27d2a81b86eb843:ord-f617e2c6d49d4504aaf0987475e7dfc9,ord_dataset-1ec2807f02fa4beda27d2a81b86eb843,702,59d40c117fc787453b3956fbebee58505906526e3f96cce8ffc4af796963202e
1187,ord_dataset-1ec2807f02fa4beda27d2a81b86eb843:ord-f62a3120b74e444da447d50da923ca59,ord_dataset-1ec2807f02fa4beda27d2a81b86eb843,691,d1ef5df55be900bec377d6331261d287fc583c08122755d5f173056886a19ae7
1188,ord_dataset-1ec2807f02fa4beda27d2a81b86eb843:ord-f69e6b71b14c4f5eab430d005410e259,ord_dataset-1ec2807f02fa4beda27d2a81b86eb843,332,50e14a4bd996a27ba75adae0f4d07a5b267a7ec9c4e9e692aaa71bf28b8ca5f8
1189,ord_dataset-1ec2807f02fa4beda27d2a81b86eb843:ord-f6e0b8a86a0244658d005d7a54c919a9,ord_dataset-1ec2807f02fa4beda27d2a81b86eb843,622,89d4076e495a002fed5211da3dc3226f471c4bd6448f10eca58cbcb4f424573a
1190,ord_dataset-1ec2807f02fa4beda27d2a81b86eb843:ord-f730e7b898474d729057b48e16922150,ord_dataset-1ec2807f02fa4beda27d2a81b86eb843,455,c44a0809a5bc5afeee58f76fec530e943a1b23424691516c587f54fa1ee8bacb
1191,ord_dataset-1ec2807f02fa4beda27d2a81b86eb843:ord-f743155304854e3886d9fcb0ebe50ee8,ord_dataset-1ec2807f02fa4beda27d2a81b86eb843,687,1f414484b78bd43a1b798d2ad3e58fc79b1b343df2e620aba6b65da186ce4370
1192,ord_dataset-1ec2807f02fa4beda27d2a81b86eb843:ord-f77ec3aa845e44bba6744e922329cb42,ord_dataset-1ec2807f02fa4beda27d2a81b86eb843,473,c176d6a9c2857322b24b8adffef8cc5bf07bc721fc33cee335755b0edc84e62c
1193,ord_dataset-1ec2807f02fa4beda27d2a81b86eb843:ord-f7fe86c3220243edaa48a31c9e9fdc95,ord_dataset-1ec2807f02fa4beda27d2a81b86eb843,1206,4a505d0c5def2a0829ac2ba2ca011a2320e6e40a6a0cebb227ac05cba821513e
1194,ord_dataset-1ec2807f02fa4beda27d2a81b86eb843:ord-f82f8f98a7dd47eaa4c802e8e8d3bdc0,ord_dataset-1ec2807f02fa4beda27d2a81b86eb843,640,47c7d285160a514be7d48f30244e9841111516d0c89c4c53419ffaf77a1bbbe5
1195,ord_dataset-1ec2807f02fa4beda27d2a81b86eb843:ord-f8adb622bc38421ca49b666e828f4490,ord_dataset-1ec2807f02fa4beda27d2a81b86eb843,990,3081abe9802ccfaf821f39e4986d6b2c3d1938eb571855fbd4cdf1dfdc66a180
1196,ord_dataset-1ec2807f02fa4beda27d2a81b86eb843:ord-f8b8049056144a5bafb445925cce63a7,ord_dataset-1ec2807f02fa4beda27d2a81b86eb843,148,8545268efdddcd7548667ccdfb9b70c34fc079695891c93aa8a3a0a891102fc0
1197,ord_dataset-1ec2807f02fa4beda27d2a81b86eb843:ord-f8c77d97c2f04899be8c162d64c1a435,ord_dataset-1ec2807f02fa4beda27d2a81b86eb843,50,d9761178b1115fdbfbc3e82d30e733f665341375a7279f9732a9ab62a8b02aca
1198,ord_dataset-1ec2807f02fa4beda27d2a81b86eb843:ord-f9164445681f4103824de1dfb40e6b3f,ord_dataset-1ec2807f02fa4beda27d2a81b86eb843,21,c571896a90f0da2998e6ae09d34f138a84de2acef808b10da1924b751dbea2dd
1199,ord_dataset-1ec2807f02fa4beda27d2a81b86eb843:ord-f96467f566fb4110b26aa530734e0058,ord_dataset-1ec2807f02fa4beda27d2a81b86eb843,357,26fd65d0c045512067bd4414438084f93fe91e5eb8070dfe9a02c7e319a8a2aa
1200,ord_dataset-1ec2807f02fa4beda27d2a81b86eb843:ord-f9b9eb4ed9f54d3d80dc4205cf95c407,ord_dataset-1ec2807f02fa4beda27d2a81b86eb843,594,c69ce3f63683b11c52b02164e12f84a4192ff3d395ce77e14cec59dd32c98ef1
1201,ord_dataset-1ec2807f02fa4beda27d2a81b86eb843:ord-f9ec0461fb0e4b1aacfb4f2512100123,ord_dataset-1ec2807f02fa4beda27d2a81b86eb843,697,c1eff362d367065b7e53229042db473874cfb65feaf5ca549cd02719fb3021fd
1202,ord_dataset-1ec2807f02fa4beda27d2a81b86eb843:ord-f9f79026db264bd9b4bdc6b99cc7562e,ord_dataset-1ec2807f02fa4beda27d2a81b86eb843,577,da35f03188aac317963fa2738b17910cedfd737a68fa84b62a005b3b59b3ef98
1203,ord_dataset-1ec2807f02fa4beda27d2a81b86eb843:ord-fa639c5b38954c3b8ff8216d2da3957c,ord_dataset-1ec2807f02fa4beda27d2a81b86eb843,1038,8e1111c1bcfaeeff84d1f622d464915bdf6ae03a2e67e1fef5e18a62ba1239c6
1204,ord_dataset-1ec2807f02fa4beda27d2a81b86eb843:ord-fa8300572d6445c48d5510b43d6f56d6,ord_dataset-1ec2807f02fa4beda27d2a81b86eb843,567,db1cbad3bf96d221e2dc658df31339ced500c8ee9605859e5eb4a5deab08b9fc
1205,ord_dataset-1ec2807f02fa4beda27d2a81b86eb843:ord-fac1b36283cd4c91aeed4a974c831a4d,ord_dataset-1ec2807f02fa4beda27d2a81b86eb843,724,124bff9034c49048b78c5755b80e58aa5dca30a6acf3b64f99737742aca32f5b
1206,ord_dataset-1ec2807f02fa4beda27d2a81b86eb843:ord-faf22e90f49b4aa7afd6e47b8ab20c7b,ord_dataset-1ec2807f02fa4beda27d2a81b86eb843,740,efcfc179aeda01206bb676ba887f9b572ab745d834740be7e18214c2c607c571
1207,ord_dataset-1ec2807f02fa4beda27d2a81b86eb843:ord-fb12a770967f4886b1bacc673b1050db,ord_dataset-1ec2807f02fa4beda27d2a81b86eb843,491,fe6ac838b804cd09943d02b8b97ecdf2e6e0545dd85457dadc705a82b85a4349
1208,ord_dataset-1ec2807f02fa4beda27d2a81b86eb843:ord-fb27df848059449cb96e40e4c66bb148,ord_dataset-1ec2807f02fa4beda27d2a81b86eb843,926,b956e45494b0fbf309eccac06a054a27b51e7dd36cd8515135de257e83e5cdbc
1209,ord_dataset-1ec2807f02fa4beda27d2a81b86eb843:ord-fb7fb646d1cc472887cdd854b8b68212,ord_dataset-1ec2807f02fa4beda27d2a81b86eb843,953,0fcee0ee7c4fea4a38c4e5aa784a9cbd388a5692ca4d6e6f3cf6e917c5f5f1b7
1210,ord_dataset-1ec2807f02fa4beda27d2a81b86eb843:ord-fbb4d6031e8c46549f8f0cd1f9bf6a4f,ord_dataset-1ec2807f02fa4beda27d2a81b86eb843,520,7590d4ae4e3c2641a96c7ea5dd05115d22b16ac15484f64687e83b353099bd11
1211,ord_dataset-1ec2807f02fa4beda27d2a81b86eb843:ord-fbcf4cd4801b44878a72d79be35d17a6,ord_dataset-1ec2807f02fa4beda27d2a81b86eb843,442,8f90ee3c69976cca8900cba74c566a592c6aaff0c0475985fa64556f05761cee
1212,ord_dataset-1ec2807f02fa4beda27d2a81b86eb843:ord-fc0a4683df4b42039e2c1a7d2660a70f,ord_dataset-1ec2807f02fa4beda27d2a81b86eb843,988,347999929fece6b015f57c4e6e10080f7d793809093bfc34fbf15cfa397ff20f
1213,ord_dataset-1ec2807f02fa4beda27d2a81b86eb843:ord-fc1ebadd7a7c4518b67d5e95e28bee1e,ord_dataset-1ec2807f02fa4beda27d2a81b86eb843,1130,68e7c2373b50e4c8a705a3767cf5260684b7ef69a604eca7ecd4c7b132ff2de1
1214,ord_dataset-1ec2807f02fa4beda27d2a81b86eb843:ord-fc471637134b4035aa3caa1d07011724,ord_dataset-1ec2807f02fa4beda27d2a81b86eb843,713,801fa2a58a3705ef5c7e36dc8a32c746d33362f587c719633d2d1758874c3da0
1215,ord_dataset-1ec2807f02fa4beda27d2a81b86eb843:ord-fc6ba80a1db14c2bbad7fe5aa7f5b50a,ord_dataset-1ec2807f02fa4beda27d2a81b86eb843,53,0692f5498f6212b1ff4333bb592ecd58d8c69441e6b7b33eed1a6b350c16cbd2
1216,ord_dataset-1ec2807f02fa4beda27d2a81b86eb843:ord-fca744b8cacc4d42848aaff3e3486f3f,ord_dataset-1ec2807f02fa4beda27d2a81b86eb843,1125,b38c003b8f9925af1bb26836eb50633c436384d47f9e6dbfe24c5c9b73f85ace
1217,ord_dataset-1ec2807f02fa4beda27d2a81b86eb843:ord-fcb6c6e4d9d340519c1d1f6af1fc9bfa,ord_dataset-1ec2807f02fa4beda27d2a81b86eb843,446,77cf9f7904738dced59480b7ffa6f2d1bbd633c75b8380c0adf4032069f0872b
1218,ord_dataset-1ec2807f02fa4beda27d2a81b86eb843:ord-fcc48135932d4ed8a9afa42e6b8b0ad5,ord_dataset-1ec2807f02fa4beda27d2a81b86eb843,766,9b17c4d4a5a2d160cbb3d802c16b19512eae8e0226185eaadefa3b9edfb1ec8e
1219,ord_dataset-1ec2807f02fa4beda27d2a81b86eb843:ord-fcf74a60daa94dbf86988e94d8eeccc9,ord_dataset-1ec2807f02fa4beda27d2a81b86eb843,427,e6947e13a93329209b2ca930c50f0f9b050d39398207213064635a9d88a9dfb0
1220,ord_dataset-1ec2807f02fa4beda27d2a81b86eb843:ord-fd9f1a781ab34c8b93d70b6f8fe1feaf,ord_dataset-1ec2807f02fa4beda27d2a81b86eb843,986,5e47b6588b1deb7ff695c9252dcc71b8f235d243ca9b1bca44d54c3f92fbfb22
1221,ord_dataset-1ec2807f02fa4beda27d2a81b86eb843:ord-fda656eaac804ec3aab53b81eeb9179a,ord_dataset-1ec2807f02fa4beda27d2a81b86eb843,164,ac69c2f351f955fc580ac8166abd0d41f20ae41cefeb8c9c18dd983d2a4ff846
1222,ord_dataset-1ec2807f02fa4beda27d2a81b86eb843:ord-fe5571f52c3f43eea97d92d3326c7eb3,ord_dataset-1ec2807f02fa4beda27d2a81b86eb843,515,ff2d2822fdcd57676e6a6564376b39ea746eb05914ae53029183c973ee64a3e0
1223,ord_dataset-1ec2807f02fa4beda27d2a81b86eb843:ord-fe8c46e54a074f44b114663469628d37,ord_dataset-1ec2807f02fa4beda27d2a81b86eb843,253,23dfed003b1cd26e5581270de46429a21e4610b53b226d4399e67b3d6f9a4019
1224,ord_dataset-1ec2807f02fa4beda27d2a81b86eb843:ord-fec01cbf2c244a37989cbee432b78ec6,ord_dataset-1ec2807f02fa4beda27d2a81b86eb843,611,a76c0c5b7cb160f4ae93352be5577ef84ca8e139c77cd15cf89ab1f5fb6d999c
1225,ord_dataset-1ec2807f02fa4beda27d2a81b86eb843:ord-feee0a877576489c894fb7624fe17003,ord_dataset-1ec2807f02fa4beda27d2a81b86eb843,280,86f69ccd34f0073c0cfd2519188581e6f7ff66f1053cc9a7d997b7662a599f9a
1226,ord_dataset-1ec2807f02fa4beda27d2a81b86eb843:ord-fefbd37af7ca4ef98d7c206d43612c86,ord_dataset-1ec2807f02fa4beda27d2a81b86eb843,1084,52604cd60a05f388c297f43e951cd56911e8399ed943c54081122de66d0bbb25
1227,ord_dataset-1ec2807f02fa4beda27d2a81b86eb843:ord-ffd26ed9e30d482995cecf4e6923bfd1,ord_dataset-1ec2807f02fa4beda27d2a81b86eb843,519,4fc89553cdcf1c96efd14b5440fb584bea5c6fc629724b49eb4d28ad2b250001
1228,ord_dataset-1ec2807f02fa4beda27d2a81b86eb843:ord-ffec2ebdd954411eae46747c1e3aed4e,ord_dataset-1ec2807f02fa4beda27d2a81b86eb843,1106,3f6201bd3f07d8cbd3f8fc8a7dea67521d0cd727937a6a541caf4ecf3e11bb38
