reactant-1,reactant-2,reagent-1,reagent-2,catalyst-1,catalyst-2,solvent-1,solvent-2,solvent-3,product,temperature_c,reaction_time_s,reflux_value,conditions_are_dynamic_value,yield_percent
COc1ccc2c(c1)c(CC(=O)O)c(C)n2C(=O)c1ccc(Cl)cc1,CNS(=O)(=O)Cc1ccc(N)cc1,CN(C)C(=[Cl+])N(C)C.F[P-](F)(F)(F)(F)F,Cn1ccnc1,,,CN(C)C=O,CN(C)C=O,,CNS(=O)(=O)Cc1ccc(NC(=O)Cc2c(C)n(C(=O)c3ccc(Cl)cc3)c3ccc(OC)cc23)cc1,25.0,86400.0,0.0,0.0,52.61000061035156
COc1ccc2c(c1)c(CC(=O)O)c(C)n2C(=O)c1ccc(Cl)cc1,Nc1cc(-c2ccccc2)nn1-c1ccccc1,CN(C)C(=[O+]c1c(F)c(F)c(F)c(F)c1F)N(C)C.F[P-](F)(F)(F)(F)F,CCN(C(C)C)C(C)C,,,C1CCOC1,C1CCOC1,,COc1ccc2c(c1)c(CC(=O)Nc1cc(-c3ccccc3)nn1-c1ccccc1)c(C)n2C(=O)c1ccc(Cl)cc1,25.0,86400.0,0.0,0.0,2.8399999141693115
COc1ccc2c(c1)c(CC(=O)O)c(C)n2C(=O)c1ccc(Cl)cc1,Cc1cc(C)c(N)c(Br)c1,CN(C)C(=[Cl+])N(C)C.F[P-](F)(F)(F)(F)F,CCN(C(C)C)C(C)C,,,CC#N,CC#N,,COc1ccc2c(c1)c(CC(=O)Nc1c(C)cc(C)cc1Br)c(C)n2C(=O)c1ccc(Cl)cc1,25.0,86400.0,0.0,0.0,42.77000045776367
COc1ccc2c(c1)c(CC(=O)O)c(C)n2C(=O)c1ccc(Cl)cc1,CC(C)c1cccc(C(C)C)c1N,F[P-](F)(F)(F)(F)F.c1ccc2c(c1)nnn2O[P+](N1CCCC1)(N1CCCC1)N1CCCC1,CCN(C(C)C)C(C)C,,,C1CCOC1,C1CCOC1,,COc1ccc2c(c1)c(CC(=O)Nc1c(C(C)C)cccc1C(C)C)c(C)n2C(=O)c1ccc(Cl)cc1,25.0,86400.0,0.0,0.0,18.450000762939453
COc1ccc2c(c1)c(CC(=O)O)c(C)n2C(=O)c1ccc(Cl)cc1,Cc1ccc2ncccc2c1N,CN(C)C(=[O+]c1c(F)c(F)c(F)c(F)c1F)N(C)C.F[P-](F)(F)(F)(F)F,Cc1cccc(C)n1,,,C1CCOC1,C1CCOC1,,COc1ccc2c(c1)c(CC(=O)Nc1c(C)ccc3ncccc13)c(C)n2C(=O)c1ccc(Cl)cc1,25.0,86400.0,0.0,0.0,0.7599999904632568
COc1ccc2c(c1)c(CC(=O)O)c(C)n2C(=O)c1ccc(Cl)cc1,CC(C)c1cccc(C(C)C)c1N,CN(C)C(=[O+]n1nnc2cccnc21)N(C)C.F[P-](F)(F)(F)(F)F,Cc1cccc(C)n1,,,CC#N,CC#N,,COc1ccc2c(c1)c(CC(=O)Nc1c(C(C)C)cccc1C(C)C)c(C)n2C(=O)c1ccc(Cl)cc1,25.0,86400.0,0.0,0.0,27.31999969482422
COc1ccc2c(c1)c(CC(=O)O)c(C)n2C(=O)c1ccc(Cl)cc1,Nc1cc(-c2ccccc2)nn1-c1ccccc1,O=P(Cl)(c1ccccc1)c1ccccc1,CCN(C(C)C)C(C)C,,,CN(C)C=O,CN(C)C=O,,COc1ccc2c(c1)c(CC(=O)Nc1cc(-c3ccccc3)nn1-c1ccccc1)c(C)n2C(=O)c1ccc(Cl)cc1,25.0,86400.0,0.0,0.0,25.760000228881836
COc1ccc2c(c1)c(CC(=O)O)c(C)n2C(=O)c1ccc(Cl)cc1,N=c1ccc(Cl)n[nH]1,CN(C)C(=[O+]c1c(F)c(F)c(F)c(F)c1F)N(C)C.F[P-](F)(F)(F)(F)F,CN1CCOCC1,,,CC#N,CC#N,,COc1ccc2c(c1)c(CC(=O)Nc1ccc(Cl)nn1)c(C)n2C(=O)c1ccc(Cl)cc1,25.0,86400.0,0.0,0.0,2.6700000762939453
COc1ccc2c(c1)c(CC(=O)O)c(C)n2C(=O)c1ccc(Cl)cc1,N#Cc1ccc(N)cc1C(F)(F)F,CN(C)C(=[Cl+])N(C)C.F[P-](F)(F)(F)(F)F,CCN(C(C)C)C(C)C,,,CN(C)C=O,CN(C)C=O,,COc1ccc2c(c1)c(CC(=O)Nc1ccc(C#N)c(C(F)(F)F)c1)c(C)n2C(=O)c1ccc(Cl)cc1,25.0,86400.0,0.0,0.0,1.059999942779541
COc1ccc2c(c1)c(CC(=O)O)c(C)n2C(=O)c1ccc(Cl)cc1,COC(=O)c1ccc(Cl)cc1N,CN(C)C(=[F+])N(C)C.F[P-](F)(F)(F)(F)F,Cn1ccnc1,,,CC#N,CC#N,,COC(=O)c1cc(Cl)ccc1NC(=O)Cc1c(C)n(C(=O)c2ccc(Cl)cc2)c2ccc(OC)cc12,25.0,86400.0,0.0,0.0,0.8500000238418579
COc1ccc2c(c1)c(CC(=O)O)c(C)n2C(=O)c1ccc(Cl)cc1,CC(C)c1cccc(C(C)C)c1N,CN(C)C(=[F+])N(C)C.F[P-](F)(F)(F)(F)F,Cc1cccc(C)n1,,,CC#N,CC#N,,COc1ccc2c(c1)c(CC(=O)Nc1c(C(C)C)cccc1C(C)C)c(C)n2C(=O)c1ccc(Cl)cc1,25.0,86400.0,0.0,0.0,1.4500000476837158
COc1ccc2c(c1)c(CC(=O)O)c(C)n2C(=O)c1ccc(Cl)cc1,Cc1cc([N+](=O)[O-])ccc1N,F[P-](F)(F)(F)(F)F.c1ccc2c(c1)nnn2O[P+](N1CCCC1)(N1CCCC1)N1CCCC1,CN1CCOCC1,,,CN(C)C=O,CN(C)C=O,,COc1ccc2c(c1)c(CC(=O)Nc1ccc([N+](=O)[O-])cc1C)c(C)n2C(=O)c1ccc(Cl)cc1,25.0,86400.0,0.0,0.0,1.7699999809265137
COc1ccc2c(c1)c(CC(=O)O)c(C)n2C(=O)c1ccc(Cl)cc1,N#Cc1ccc(N)cc1C(F)(F)F,CN(C)C(=[Cl+])N(C)C.F[P-](F)(F)(F)(F)F,Cn1ccnc1,,,CC#N,CC#N,,COc1ccc2c(c1)c(CC(=O)Nc1ccc(C#N)c(C(F)(F)F)c1)c(C)n2C(=O)c1ccc(Cl)cc1,25.0,86400.0,0.0,0.0,10.75
COc1ccc2c(c1)c(CC(=O)O)c(C)n2C(=O)c1ccc(Cl)cc1,Cc1cc(C)c(N)c(Br)c1,CCOC(=O)C(C#N)=N[O+]=C(N(C)C)N(C)C.F[P-](F)(F)(F)(F)F,CN1CCOCC1,,,C1CCOC1,C1CCOC1,,COc1ccc2c(c1)c(CC(=O)Nc1c(C)cc(C)cc1Br)c(C)n2C(=O)c1ccc(Cl)cc1,25.0,86400.0,0.0,0.0,8.6899995803833
COc1ccc2c(c1)c(CC(=O)O)c(C)n2C(=O)c1ccc(Cl)cc1,N=c1ccc(Cl)n[nH]1,F[P-](F)(F)(F)(F)F.c1ccc2c(c1)nnn2O[P+](N1CCCC1)(N1CCCC1)N1CCCC1,CN1CCOCC1,,,CN(C)C=O,CN(C)C=O,,COc1ccc2c(c1)c(CC(=O)Nc1ccc(Cl)nn1)c(C)n2C(=O)c1ccc(Cl)cc1,25.0,86400.0,0.0,0.0,22.040000915527344
COc1ccc2c(c1)c(CC(=O)O)c(C)n2C(=O)c1ccc(Cl)cc1,N#Cc1ccc(Cl)c(N)c1,CN(C)C(=[Cl+])N(C)C.F[P-](F)(F)(F)(F)F,CN1CCOCC1,,,CN(C)C=O,CN(C)C=O,,COc1ccc2c(c1)c(CC(=O)Nc1cc(C#N)ccc1Cl)c(C)n2C(=O)c1ccc(Cl)cc1,25.0,86400.0,0.0,0.0,3.5199999809265137
COc1ccc2c(c1)c(CC(=O)O)c(C)n2C(=O)c1ccc(Cl)cc1,N#Cc1ccc(Cl)c(N)c1,CN(C)C(=[F+])N(C)C.F[P-](F)(F)(F)(F)F,CCN(C(C)C)C(C)C,,,CN(C)C=O,CN(C)C=O,,COc1ccc2c(c1)c(CC(=O)Nc1cc(C#N)ccc1Cl)c(C)n2C(=O)c1ccc(Cl)cc1,25.0,86400.0,0.0,0.0,32.31999969482422
COc1ccc2c(c1)c(CC(=O)O)c(C)n2C(=O)c1ccc(Cl)cc1,Cc1cc([N+](=O)[O-])ccc1N,CN(C)C(=[Cl+])N(C)C.F[P-](F)(F)(F)(F)F,Cc1cccc(C)n1,,,CN(C)C=O,CN(C)C=O,,COc1ccc2c(c1)c(CC(=O)Nc1ccc([N+](=O)[O-])cc1C)c(C)n2C(=O)c1ccc(Cl)cc1,25.0,86400.0,0.0,0.0,2.9100000858306885
COc1ccc2c(c1)c(CC(=O)O)c(C)n2C(=O)c1ccc(Cl)cc1,Cc1cc(C)c(N)c(Br)c1,CN(C)C(=[Cl+])N(C)C.F[P-](F)(F)(F)(F)F,Cn1ccnc1,,,C1CCOC1,C1CCOC1,,COc1ccc2c(c1)c(CC(=O)Nc1c(C)cc(C)cc1Br)c(C)n2C(=O)c1ccc(Cl)cc1,25.0,86400.0,0.0,0.0,13.109999656677246
COc1ccc2c(c1)c(CC(=O)O)c(C)n2C(=O)c1ccc(Cl)cc1,Cc1cc([N+](=O)[O-])ccc1N,O=P(Cl)(c1ccccc1)c1ccccc1,CN1CCOCC1,,,CC#N,CC#N,,COc1ccc2c(c1)c(CC(=O)Nc1ccc([N+](=O)[O-])cc1C)c(C)n2C(=O)c1ccc(Cl)cc1,25.0,86400.0,0.0,0.0,2.25
COc1ccc2c(c1)c(CC(=O)O)c(C)n2C(=O)c1ccc(Cl)cc1,N#Cc1ccc(N)cc1C(F)(F)F,O=P(Cl)(c1ccccc1)c1ccccc1,CN1CCOCC1,,,C1CCOC1,C1CCOC1,,COc1ccc2c(c1)c(CC(=O)Nc1ccc(C#N)c(C(F)(F)F)c1)c(C)n2C(=O)c1ccc(Cl)cc1,25.0,86400.0,0.0,0.0,47.91999816894531
COc1ccc2c(c1)c(CC(=O)O)c(C)n2C(=O)c1ccc(Cl)cc1,CNS(=O)(=O)Cc1ccc(N)cc1,O=C1OCCN1P(=O)(Cl)N1CCOC1=O,Cn1ccnc1,,,C1CCOC1,C1CCOC1,,CNS(=O)(=O)Cc1ccc(NC(=O)Cc2c(C)n(C(=O)c3ccc(Cl)cc3)c3ccc(OC)cc23)cc1,25.0,86400.0,0.0,0.0,37.59000015258789
COc1ccc2c(c1)c(CC(=O)O)c(C)n2C(=O)c1ccc(Cl)cc1,Cc1cc([N+](=O)[O-])ccc1N,CN(C)C(=[O+]c1c(F)c(F)c(F)c(F)c1F)N(C)C.F[P-](F)(F)(F)(F)F,CCN(C(C)C)C(C)C,,,CC#N,CC#N,,COc1ccc2c(c1)c(CC(=O)Nc1ccc([N+](=O)[O-])cc1C)c(C)n2C(=O)c1ccc(Cl)cc1,25.0,86400.0,0.0,0.0,2.259999990463257
COc1ccc2c(c1)c(CC(=O)O)c(C)n2C(=O)c1ccc(Cl)cc1,Cc1cc(C)c(N)c(Br)c1,CN(C)C(=[Cl+])N(C)C.F[P-](F)(F)(F)(F)F,CN1CCOCC1,,,CC#N,CC#N,,COc1ccc2c(c1)c(CC(=O)Nc1c(C)cc(C)cc1Br)c(C)n2C(=O)c1ccc(Cl)cc1,25.0,86400.0,0.0,0.0,7.0
COc1ccc2c(c1)c(CC(=O)O)c(C)n2C(=O)c1ccc(Cl)cc1,Cc1cc([N+](=O)[O-])ccc1N,CN(C)C(=[F+])N(C)C.F[P-](F)(F)(F)(F)F,CCN(C(C)C)C(C)C,,,C1CCOC1,C1CCOC1,,COc1ccc2c(c1)c(CC(=O)Nc1ccc([N+](=O)[O-])cc1C)c(C)n2C(=O)c1ccc(Cl)cc1,25.0,86400.0,0.0,0.0,2.7100000381469727
COc1ccc2c(c1)c(CC(=O)O)c(C)n2C(=O)c1ccc(Cl)cc1,CNS(=O)(=O)Cc1ccc(N)cc1,O=P(Cl)(c1ccccc1)c1ccccc1,Cn1ccnc1,,,CC#N,CC#N,,CNS(=O)(=O)Cc1ccc(NC(=O)Cc2c(C)n(C(=O)c3ccc(Cl)cc3)c3ccc(OC)cc23)cc1,25.0,86400.0,0.0,0.0,48.959999084472656
COc1ccc2c(c1)c(CC(=O)O)c(C)n2C(=O)c1ccc(Cl)cc1,N#Cc1ccc(Cl)c(N)c1,CN(C)C(=[Cl+])N(C)C.F[P-](F)(F)(F)(F)F,Cn1ccnc1,,,CN(C)C=O,CN(C)C=O,,COc1ccc2c(c1)c(CC(=O)Nc1cc(C#N)ccc1Cl)c(C)n2C(=O)c1ccc(Cl)cc1,25.0,86400.0,0.0,0.0,16.559999465942383
COc1ccc2c(c1)c(CC(=O)O)c(C)n2C(=O)c1ccc(Cl)cc1,N#Cc1ccc(N)cc1C(F)(F)F,O=C1OCCN1P(=O)(Cl)N1CCOC1=O,Cn1ccnc1,,,CN(C)C=O,CN(C)C=O,,COc1ccc2c(c1)c(CC(=O)Nc1ccc(C#N)c(C(F)(F)F)c1)c(C)n2C(=O)c1ccc(Cl)cc1,25.0,86400.0,0.0,0.0,35.540000915527344
COc1ccc2c(c1)c(CC(=O)O)c(C)n2C(=O)c1ccc(Cl)cc1,Nc1cc(-c2ccccc2)nn1-c1ccccc1,CCOC(=O)C(C#N)=N[O+]=C(N(C)C)N(C)C.F[P-](F)(F)(F)(F)F,CCN(C(C)C)C(C)C,,,CC#N,CC#N,,COc1ccc2c(c1)c(CC(=O)Nc1cc(-c3ccccc3)nn1-c1ccccc1)c(C)n2C(=O)c1ccc(Cl)cc1,25.0,86400.0,0.0,0.0,10.25
COc1ccc2c(c1)c(CC(=O)O)c(C)n2C(=O)c1ccc(Cl)cc1,N#Cc1ccc(Cl)c(N)c1,CCOC(=O)C(C#N)=N[O+]=C(N(C)C)N(C)C.F[P-](F)(F)(F)(F)F,Cn1ccnc1,,,C1CCOC1,C1CCOC1,,COc1ccc2c(c1)c(CC(=O)Nc1cc(C#N)ccc1Cl)c(C)n2C(=O)c1ccc(Cl)cc1,25.0,86400.0,0.0,0.0,4.260000228881836
COc1ccc2c(c1)c(CC(=O)O)c(C)n2C(=O)c1ccc(Cl)cc1,N#Cc1ccc(N)cc1C(F)(F)F,CCOC(=O)C(C#N)=N[O+]=C(N(C)C)N(C)C.F[P-](F)(F)(F)(F)F,Cc1cccc(C)n1,,,C1CCOC1,C1CCOC1,,COc1ccc2c(c1)c(CC(=O)Nc1ccc(C#N)c(C(F)(F)F)c1)c(C)n2C(=O)c1ccc(Cl)cc1,25.0,86400.0,0.0,0.0,0.30000001192092896
COc1ccc2c(c1)c(CC(=O)O)c(C)n2C(=O)c1ccc(Cl)cc1,Cc1ccc2ncccc2c1N,CCOC(=O)C(C#N)=N[O+]=C(N(C)C)N(C)C.F[P-](F)(F)(F)(F)F,Cc1cccc(C)n1,,,CC#N,CC#N,,COc1ccc2c(c1)c(CC(=O)Nc1c(C)ccc3ncccc13)c(C)n2C(=O)c1ccc(Cl)cc1,25.0,86400.0,0.0,0.0,26.559999465942383
COc1ccc2c(c1)c(CC(=O)O)c(C)n2C(=O)c1ccc(Cl)cc1,Cc1ccc2ncccc2c1N,CN(C)C(=[Cl+])N(C)C.F[P-](F)(F)(F)(F)F,Cc1cccc(C)n1,,,CN(C)C=O,CN(C)C=O,,COc1ccc2c(c1)c(CC(=O)Nc1c(C)ccc3ncccc13)c(C)n2C(=O)c1ccc(Cl)cc1,25.0,86400.0,0.0,0.0,39.540000915527344
COc1ccc2c(c1)c(CC(=O)O)c(C)n2C(=O)c1ccc(Cl)cc1,Cc1ccc2ncccc2c1N,O=P(Cl)(c1ccccc1)c1ccccc1,CN1CCOCC1,,,C1CCOC1,C1CCOC1,,COc1ccc2c(c1)c(CC(=O)Nc1c(C)ccc3ncccc13)c(C)n2C(=O)c1ccc(Cl)cc1,25.0,86400.0,0.0,0.0,66.5
COc1ccc2c(c1)c(CC(=O)O)c(C)n2C(=O)c1ccc(Cl)cc1,N=c1ccc(Cl)n[nH]1,CCOC(=O)C(C#N)=N[O+]=C(N(C)C)N(C)C.F[P-](F)(F)(F)(F)F,CN1CCOCC1,,,CC#N,CC#N,,COc1ccc2c(c1)c(CC(=O)Nc1ccc(Cl)nn1)c(C)n2C(=O)c1ccc(Cl)cc1,25.0,86400.0,0.0,0.0,16.6200008392334
COc1ccc2c(c1)c(CC(=O)O)c(C)n2C(=O)c1ccc(Cl)cc1,Cc1cc([N+](=O)[O-])ccc1N,O=C1OCCN1P(=O)(Cl)N1CCOC1=O,Cn1ccnc1,,,CN(C)C=O,CN(C)C=O,,COc1ccc2c(c1)c(CC(=O)Nc1ccc([N+](=O)[O-])cc1C)c(C)n2C(=O)c1ccc(Cl)cc1,25.0,86400.0,0.0,0.0,4.019999980926514
COc1ccc2c(c1)c(CC(=O)O)c(C)n2C(=O)c1ccc(Cl)cc1,COC(=O)c1ccc(Cl)cc1N,CN(C)C(=[F+])N(C)C.F[P-](F)(F)(F)(F)F,CCN(C(C)C)C(C)C,,,CN(C)C=O,CN(C)C=O,,COC(=O)c1cc(Cl)ccc1NC(=O)Cc1c(C)n(C(=O)c2ccc(Cl)cc2)c2ccc(OC)cc12,25.0,86400.0,0.0,0.0,1.3600000143051147
COc1ccc2c(c1)c(CC(=O)O)c(C)n2C(=O)c1ccc(Cl)cc1,N#Cc1ccc(N)cc1C(F)(F)F,CN(C)C(=[O+]n1nnc2cccnc21)N(C)C.F[P-](F)(F)(F)(F)F,Cc1cccc(C)n1,,,CN(C)C=O,CN(C)C=O,,COc1ccc2c(c1)c(CC(=O)Nc1ccc(C#N)c(C(F)(F)F)c1)c(C)n2C(=O)c1ccc(Cl)cc1,25.0,86400.0,0.0,0.0,0.9300000071525574
COc1ccc2c(c1)c(CC(=O)O)c(C)n2C(=O)c1ccc(Cl)cc1,Nc1cc(-c2ccccc2)nn1-c1ccccc1,F[P-](F)(F)(F)(F)F.c1ccc2c(c1)nnn2O[P+](N1CCCC1)(N1CCCC1)N1CCCC1,Cn1ccnc1,,,C1CCOC1,C1CCOC1,,COc1ccc2c(c1)c(CC(=O)Nc1cc(-c3ccccc3)nn1-c1ccccc1)c(C)n2C(=O)c1ccc(Cl)cc1,25.0,86400.0,0.0,0.0,15.260000228881836
COc1ccc2c(c1)c(CC(=O)O)c(C)n2C(=O)c1ccc(Cl)cc1,Cc1cc(C)c(N)c(Br)c1,CN(C)C(=[O+]c1c(F)c(F)c(F)c(F)c1F)N(C)C.F[P-](F)(F)(F)(F)F,Cc1cccc(C)n1,,,C1CCOC1,C1CCOC1,,COc1ccc2c(c1)c(CC(=O)Nc1c(C)cc(C)cc1Br)c(C)n2C(=O)c1ccc(Cl)cc1,25.0,86400.0,0.0,0.0,2.75
COc1ccc2c(c1)c(CC(=O)O)c(C)n2C(=O)c1ccc(Cl)cc1,Cc1ccc2ncccc2c1N,CN(C)C(=[Cl+])N(C)C.F[P-](F)(F)(F)(F)F,Cn1ccnc1,,,CN(C)C=O,CN(C)C=O,,COc1ccc2c(c1)c(CC(=O)Nc1c(C)ccc3ncccc13)c(C)n2C(=O)c1ccc(Cl)cc1,25.0,86400.0,0.0,0.0,28.290000915527344
COc1ccc2c(c1)c(CC(=O)O)c(C)n2C(=O)c1ccc(Cl)cc1,Cc1cc(C)c(N)c(Br)c1,CN(C)C(=[O+]n1nnc2cccnc21)N(C)C.F[P-](F)(F)(F)(F)F,CCN(C(C)C)C(C)C,,,CC#N,CC#N,,COc1ccc2c(c1)c(CC(=O)Nc1c(C)cc(C)cc1Br)c(C)n2C(=O)c1ccc(Cl)cc1,25.0,86400.0,0.0,0.0,9.600000381469727
COc1ccc2c(c1)c(CC(=O)O)c(C)n2C(=O)c1ccc(Cl)cc1,Cc1ccc2ncccc2c1N,CN(C)C(=[O+]n1nnc2cccnc21)N(C)C.F[P-](F)(F)(F)(F)F,Cc1cccc(C)n1,,,CN(C)C=O,CN(C)C=O,,COc1ccc2c(c1)c(CC(=O)Nc1c(C)ccc3ncccc13)c(C)n2C(=O)c1ccc(Cl)cc1,25.0,86400.0,0.0,0.0,47.31999969482422
COc1ccc2c(c1)c(CC(=O)O)c(C)n2C(=O)c1ccc(Cl)cc1,Cc1cc(C)c(N)c(Br)c1,CN(C)C(=[O+]n1nnc2cccnc21)N(C)C.F[P-](F)(F)(F)(F)F,Cn1ccnc1,,,C1CCOC1,C1CCOC1,,COc1ccc2c(c1)c(CC(=O)Nc1c(C)cc(C)cc1Br)c(C)n2C(=O)c1ccc(Cl)cc1,25.0,86400.0,0.0,0.0,21.3799991607666
COc1ccc2c(c1)c(CC(=O)O)c(C)n2C(=O)c1ccc(Cl)cc1,CC(C)c1cccc(C(C)C)c1N,F[P-](F)(F)(F)(F)F.c1ccc2c(c1)nnn2O[P+](N1CCCC1)(N1CCCC1)N1CCCC1,Cn1ccnc1,,,CC#N,CC#N,,COc1ccc2c(c1)c(CC(=O)Nc1c(C(C)C)cccc1C(C)C)c(C)n2C(=O)c1ccc(Cl)cc1,25.0,86400.0,0.0,0.0,17.760000228881836
COc1ccc2c(c1)c(CC(=O)O)c(C)n2C(=O)c1ccc(Cl)cc1,N#Cc1ccc(Cl)c(N)c1,CCOC(=O)C(C#N)=N[O+]=C(N(C)C)N(C)C.F[P-](F)(F)(F)(F)F,CN1CCOCC1,,,C1CCOC1,C1CCOC1,,COc1ccc2c(c1)c(CC(=O)Nc1cc(C#N)ccc1Cl)c(C)n2C(=O)c1ccc(Cl)cc1,25.0,86400.0,0.0,0.0,2.2300000190734863
COc1ccc2c(c1)c(CC(=O)O)c(C)n2C(=O)c1ccc(Cl)cc1,Cc1ccc2ncccc2c1N,F[P-](F)(F)(F)(F)F.c1ccc2c(c1)nnn2O[P+](N1CCCC1)(N1CCCC1)N1CCCC1,CN1CCOCC1,,,C1CCOC1,C1CCOC1,,COc1ccc2c(c1)c(CC(=O)Nc1c(C)ccc3ncccc13)c(C)n2C(=O)c1ccc(Cl)cc1,25.0,86400.0,0.0,0.0,8.739999771118164
COc1ccc2c(c1)c(CC(=O)O)c(C)n2C(=O)c1ccc(Cl)cc1,CNS(=O)(=O)Cc1ccc(N)cc1,CN(C)C(=[O+]c1c(F)c(F)c(F)c(F)c1F)N(C)C.F[P-](F)(F)(F)(F)F,Cn1ccnc1,,,CN(C)C=O,CN(C)C=O,,CNS(=O)(=O)Cc1ccc(NC(=O)Cc2c(C)n(C(=O)c3ccc(Cl)cc3)c3ccc(OC)cc23)cc1,25.0,86400.0,0.0,0.0,47.65999984741211
COc1ccc2c(c1)c(CC(=O)O)c(C)n2C(=O)c1ccc(Cl)cc1,COC(=O)c1ccc(Cl)cc1N,O=P(Cl)(c1ccccc1)c1ccccc1,CCN(C(C)C)C(C)C,,,CC#N,CC#N,,COC(=O)c1cc(Cl)ccc1NC(=O)Cc1c(C)n(C(=O)c2ccc(Cl)cc2)c2ccc(OC)cc12,25.0,86400.0,0.0,0.0,3.7300000190734863
COc1ccc2c(c1)c(CC(=O)O)c(C)n2C(=O)c1ccc(Cl)cc1,N#Cc1ccc(N)cc1C(F)(F)F,O=C1OCCN1P(=O)(Cl)N1CCOC1=O,Cn1ccnc1,,,C1CCOC1,C1CCOC1,,COc1ccc2c(c1)c(CC(=O)Nc1ccc(C#N)c(C(F)(F)F)c1)c(C)n2C(=O)c1ccc(Cl)cc1,25.0,86400.0,0.0,0.0,42.02000045776367
COc1ccc2c(c1)c(CC(=O)O)c(C)n2C(=O)c1ccc(Cl)cc1,N#Cc1ccc(N)cc1C(F)(F)F,O=C1OCCN1P(=O)(Cl)N1CCOC1=O,Cc1cccc(C)n1,,,C1CCOC1,C1CCOC1,,COc1ccc2c(c1)c(CC(=O)Nc1ccc(C#N)c(C(F)(F)F)c1)c(C)n2C(=O)c1ccc(Cl)cc1,25.0,86400.0,0.0,0.0,2.4800000190734863
COc1ccc2c(c1)c(CC(=O)O)c(C)n2C(=O)c1ccc(Cl)cc1,Nc1cc(-c2ccccc2)nn1-c1ccccc1,F[P-](F)(F)(F)(F)F.c1ccc2c(c1)nnn2O[P+](N1CCCC1)(N1CCCC1)N1CCCC1,CN1CCOCC1,,,C1CCOC1,C1CCOC1,,COc1ccc2c(c1)c(CC(=O)Nc1cc(-c3ccccc3)nn1-c1ccccc1)c(C)n2C(=O)c1ccc(Cl)cc1,25.0,86400.0,0.0,0.0,0.4099999964237213
COc1ccc2c(c1)c(CC(=O)O)c(C)n2C(=O)c1ccc(Cl)cc1,Cc1cc(C)c(N)c(Br)c1,F[P-](F)(F)(F)(F)F.c1ccc2c(c1)nnn2O[P+](N1CCCC1)(N1CCCC1)N1CCCC1,Cn1ccnc1,,,CN(C)C=O,CN(C)C=O,,COc1ccc2c(c1)c(CC(=O)Nc1c(C)cc(C)cc1Br)c(C)n2C(=O)c1ccc(Cl)cc1,25.0,86400.0,0.0,0.0,16.360000610351562
COc1ccc2c(c1)c(CC(=O)O)c(C)n2C(=O)c1ccc(Cl)cc1,COC(=O)c1ccc(Cl)cc1N,O=P(Cl)(c1ccccc1)c1ccccc1,Cc1cccc(C)n1,,,C1CCOC1,C1CCOC1,,COC(=O)c1cc(Cl)ccc1NC(=O)Cc1c(C)n(C(=O)c2ccc(Cl)cc2)c2ccc(OC)cc12,25.0,86400.0,0.0,0.0,2.4000000953674316
COc1ccc2c(c1)c(CC(=O)O)c(C)n2C(=O)c1ccc(Cl)cc1,COC(=O)c1ccc(Cl)cc1N,CN(C)C(=[F+])N(C)C.F[P-](F)(F)(F)(F)F,CN1CCOCC1,,,CN(C)C=O,CN(C)C=O,,COC(=O)c1cc(Cl)ccc1NC(=O)Cc1c(C)n(C(=O)c2ccc(Cl)cc2)c2ccc(OC)cc12,25.0,86400.0,0.0,0.0,13.369999885559082
COc1ccc2c(c1)c(CC(=O)O)c(C)n2C(=O)c1ccc(Cl)cc1,COC(=O)c1ccc(Cl)cc1N,CN(C)C(=[Cl+])N(C)C.F[P-](F)(F)(F)(F)F,Cn1ccnc1,,,CN(C)C=O,CN(C)C=O,,COC(=O)c1cc(Cl)ccc1NC(=O)Cc1c(C)n(C(=O)c2ccc(Cl)cc2)c2ccc(OC)cc12,25.0,86400.0,0.0,0.0,3.7200000286102295
COc1ccc2c(c1)c(CC(=O)O)c(C)n2C(=O)c1ccc(Cl)cc1,Cc1ccc2ncccc2c1N,CN(C)C(=[F+])N(C)C.F[P-](F)(F)(F)(F)F,Cc1cccc(C)n1,,,C1CCOC1,C1CCOC1,,COc1ccc2c(c1)c(CC(=O)Nc1c(C)ccc3ncccc13)c(C)n2C(=O)c1ccc(Cl)cc1,25.0,86400.0,0.0,0.0,0.23999999463558197
COc1ccc2c(c1)c(CC(=O)O)c(C)n2C(=O)c1ccc(Cl)cc1,N#Cc1ccc(N)cc1C(F)(F)F,CN(C)C(=[Cl+])N(C)C.F[P-](F)(F)(F)(F)F,Cc1cccc(C)n1,,,CN(C)C=O,CN(C)C=O,,COc1ccc2c(c1)c(CC(=O)Nc1ccc(C#N)c(C(F)(F)F)c1)c(C)n2C(=O)c1ccc(Cl)cc1,25.0,86400.0,0.0,0.0,13.1899995803833
COc1ccc2c(c1)c(CC(=O)O)c(C)n2C(=O)c1ccc(Cl)cc1,Cc1ccc2ncccc2c1N,CN(C)C(=[O+]c1c(F)c(F)c(F)c(F)c1F)N(C)C.F[P-](F)(F)(F)(F)F,CCN(C(C)C)C(C)C,,,CC#N,CC#N,,COc1ccc2c(c1)c(CC(=O)Nc1c(C)ccc3ncccc13)c(C)n2C(=O)c1ccc(Cl)cc1,25.0,86400.0,0.0,0.0,25.200000762939453
COc1ccc2c(c1)c(CC(=O)O)c(C)n2C(=O)c1ccc(Cl)cc1,Cc1cc(C)c(N)c(Br)c1,O=C1OCCN1P(=O)(Cl)N1CCOC1=O,CN1CCOCC1,,,CN(C)C=O,CN(C)C=O,,COc1ccc2c(c1)c(CC(=O)Nc1c(C)cc(C)cc1Br)c(C)n2C(=O)c1ccc(Cl)cc1,25.0,86400.0,0.0,0.0,16.90999984741211
COc1ccc2c(c1)c(CC(=O)O)c(C)n2C(=O)c1ccc(Cl)cc1,Nc1cc(-c2ccccc2)nn1-c1ccccc1,CN(C)C(=[F+])N(C)C.F[P-](F)(F)(F)(F)F,Cn1ccnc1,,,C1CCOC1,C1CCOC1,,COc1ccc2c(c1)c(CC(=O)Nc1cc(-c3ccccc3)nn1-c1ccccc1)c(C)n2C(=O)c1ccc(Cl)cc1,25.0,86400.0,0.0,0.0,45.34000015258789
COc1ccc2c(c1)c(CC(=O)O)c(C)n2C(=O)c1ccc(Cl)cc1,Cc1ccc2ncccc2c1N,CN(C)C(=[O+]c1c(F)c(F)c(F)c(F)c1F)N(C)C.F[P-](F)(F)(F)(F)F,Cn1ccnc1,,,C1CCOC1,C1CCOC1,,COc1ccc2c(c1)c(CC(=O)Nc1c(C)ccc3ncccc13)c(C)n2C(=O)c1ccc(Cl)cc1,25.0,86400.0,0.0,0.0,3.9800000190734863
COc1ccc2c(c1)c(CC(=O)O)c(C)n2C(=O)c1ccc(Cl)cc1,COC(=O)c1ccc(Cl)cc1N,CN(C)C(=[O+]c1c(F)c(F)c(F)c(F)c1F)N(C)C.F[P-](F)(F)(F)(F)F,Cn1ccnc1,,,CN(C)C=O,CN(C)C=O,,COC(=O)c1cc(Cl)ccc1NC(=O)Cc1c(C)n(C(=O)c2ccc(Cl)cc2)c2ccc(OC)cc12,25.0,86400.0,0.0,0.0,16.399999618530273
COc1ccc2c(c1)c(CC(=O)O)c(C)n2C(=O)c1ccc(Cl)cc1,CC(C)c1cccc(C(C)C)c1N,CN(C)C(=[O+]c1c(F)c(F)c(F)c(F)c1F)N(C)C.F[P-](F)(F)(F)(F)F,Cc1cccc(C)n1,,,CC#N,CC#N,,COc1ccc2c(c1)c(CC(=O)Nc1c(C(C)C)cccc1C(C)C)c(C)n2C(=O)c1ccc(Cl)cc1,25.0,86400.0,0.0,0.0,0.33000001311302185
COc1ccc2c(c1)c(CC(=O)O)c(C)n2C(=O)c1ccc(Cl)cc1,N=c1ccc(Cl)n[nH]1,F[P-](F)(F)(F)(F)F.c1ccc2c(c1)nnn2O[P+](N1CCCC1)(N1CCCC1)N1CCCC1,Cn1ccnc1,,,C1CCOC1,C1CCOC1,,COc1ccc2c(c1)c(CC(=O)Nc1ccc(Cl)nn1)c(C)n2C(=O)c1ccc(Cl)cc1,25.0,86400.0,0.0,0.0,50.9900016784668
COc1ccc2c(c1)c(CC(=O)O)c(C)n2C(=O)c1ccc(Cl)cc1,Cc1cc(C)c(N)c(Br)c1,O=C1OCCN1P(=O)(Cl)N1CCOC1=O,CCN(C(C)C)C(C)C,,,C1CCOC1,C1CCOC1,,COc1ccc2c(c1)c(CC(=O)Nc1c(C)cc(C)cc1Br)c(C)n2C(=O)c1ccc(Cl)cc1,25.0,86400.0,0.0,0.0,6.78000020980835
COc1ccc2c(c1)c(CC(=O)O)c(C)n2C(=O)c1ccc(Cl)cc1,Cc1cc([N+](=O)[O-])ccc1N,CN(C)C(=[O+]c1c(F)c(F)c(F)c(F)c1F)N(C)C.F[P-](F)(F)(F)(F)F,CN1CCOCC1,,,CN(C)C=O,CN(C)C=O,,COc1ccc2c(c1)c(CC(=O)Nc1ccc([N+](=O)[O-])cc1C)c(C)n2C(=O)c1ccc(Cl)cc1,25.0,86400.0,0.0,0.0,1.2999999523162842
COc1ccc2c(c1)c(CC(=O)O)c(C)n2C(=O)c1ccc(Cl)cc1,N=c1ccc(Cl)n[nH]1,CCOC(=O)C(C#N)=N[O+]=C(N(C)C)N(C)C.F[P-](F)(F)(F)(F)F,Cc1cccc(C)n1,,,CC#N,CC#N,,COc1ccc2c(c1)c(CC(=O)Nc1ccc(Cl)nn1)c(C)n2C(=O)c1ccc(Cl)cc1,25.0,86400.0,0.0,0.0,13.220000267028809
COc1ccc2c(c1)c(CC(=O)O)c(C)n2C(=O)c1ccc(Cl)cc1,COC(=O)c1ccc(Cl)cc1N,CCOC(=O)C(C#N)=N[O+]=C(N(C)C)N(C)C.F[P-](F)(F)(F)(F)F,Cn1ccnc1,,,CC#N,CC#N,,COC(=O)c1cc(Cl)ccc1NC(=O)Cc1c(C)n(C(=O)c2ccc(Cl)cc2)c2ccc(OC)cc12,25.0,86400.0,0.0,0.0,2.75
COc1ccc2c(c1)c(CC(=O)O)c(C)n2C(=O)c1ccc(Cl)cc1,N#Cc1ccc(Cl)c(N)c1,CN(C)C(=[O+]c1c(F)c(F)c(F)c(F)c1F)N(C)C.F[P-](F)(F)(F)(F)F,Cn1ccnc1,,,CN(C)C=O,CN(C)C=O,,COc1ccc2c(c1)c(CC(=O)Nc1cc(C#N)ccc1Cl)c(C)n2C(=O)c1ccc(Cl)cc1,25.0,86400.0,0.0,0.0,7.25
COc1ccc2c(c1)c(CC(=O)O)c(C)n2C(=O)c1ccc(Cl)cc1,Cc1cc(C)c(N)c(Br)c1,CN(C)C(=[Cl+])N(C)C.F[P-](F)(F)(F)(F)F,CN1CCOCC1,,,CN(C)C=O,CN(C)C=O,,COc1ccc2c(c1)c(CC(=O)Nc1c(C)cc(C)cc1Br)c(C)n2C(=O)c1ccc(Cl)cc1,25.0,86400.0,0.0,0.0,2.390000104904175
COc1ccc2c(c1)c(CC(=O)O)c(C)n2C(=O)c1ccc(Cl)cc1,COC(=O)c1ccc(Cl)cc1N,CN(C)C(=[Cl+])N(C)C.F[P-](F)(F)(F)(F)F,Cc1cccc(C)n1,,,C1CCOC1,C1CCOC1,,COC(=O)c1cc(Cl)ccc1NC(=O)Cc1c(C)n(C(=O)c2ccc(Cl)cc2)c2ccc(OC)cc12,25.0,86400.0,0.0,0.0,5.849999904632568
COc1ccc2c(c1)c(CC(=O)O)c(C)n2C(=O)c1ccc(Cl)cc1,Cc1cc(C)c(N)c(Br)c1,CN(C)C(=[O+]n1nnc2cccnc21)N(C)C.F[P-](F)(F)(F)(F)F,Cc1cccc(C)n1,,,CC#N,CC#N,,COc1ccc2c(c1)c(CC(=O)Nc1c(C)cc(C)cc1Br)c(C)n2C(=O)c1ccc(Cl)cc1,25.0,86400.0,0.0,0.0,23.209999084472656
COc1ccc2c(c1)c(CC(=O)O)c(C)n2C(=O)c1ccc(Cl)cc1,Cc1cc(C)c(N)c(Br)c1,CN(C)C(=[Cl+])N(C)C.F[P-](F)(F)(F)(F)F,CCN(C(C)C)C(C)C,,,C1CCOC1,C1CCOC1,,COc1ccc2c(c1)c(CC(=O)Nc1c(C)cc(C)cc1Br)c(C)n2C(=O)c1ccc(Cl)cc1,25.0,86400.0,0.0,0.0,32.15999984741211
COc1ccc2c(c1)c(CC(=O)O)c(C)n2C(=O)c1ccc(Cl)cc1,Nc1cc(-c2ccccc2)nn1-c1ccccc1,O=C1OCCN1P(=O)(Cl)N1CCOC1=O,CN1CCOCC1,,,CC#N,CC#N,,COc1ccc2c(c1)c(CC(=O)Nc1cc(-c3ccccc3)nn1-c1ccccc1)c(C)n2C(=O)c1ccc(Cl)cc1,25.0,86400.0,0.0,0.0,34.72999954223633
COc1ccc2c(c1)c(CC(=O)O)c(C)n2C(=O)c1ccc(Cl)cc1,CC(C)c1cccc(C(C)C)c1N,CCOC(=O)C(C#N)=N[O+]=C(N(C)C)N(C)C.F[P-](F)(F)(F)(F)F,Cc1cccc(C)n1,,,C1CCOC1,C1CCOC1,,COc1ccc2c(c1)c(CC(=O)Nc1c(C(C)C)cccc1C(C)C)c(C)n2C(=O)c1ccc(Cl)cc1,25.0,86400.0,0.0,0.0,31.469999313354492
COc1ccc2c(c1)c(CC(=O)O)c(C)n2C(=O)c1ccc(Cl)cc1,N#Cc1ccc(N)cc1C(F)(F)F,CN(C)C(=[O+]n1nnc2cccnc21)N(C)C.F[P-](F)(F)(F)(F)F,CCN(C(C)C)C(C)C,,,CC#N,CC#N,,COc1ccc2c(c1)c(CC(=O)Nc1ccc(C#N)c(C(F)(F)F)c1)c(C)n2C(=O)c1ccc(Cl)cc1,25.0,86400.0,0.0,0.0,28.489999771118164
COc1ccc2c(c1)c(CC(=O)O)c(C)n2C(=O)c1ccc(Cl)cc1,Cc1cc(C)c(N)c(Br)c1,CN(C)C(=[O+]n1nnc2cccnc21)N(C)C.F[P-](F)(F)(F)(F)F,CN1CCOCC1,,,C1CCOC1,C1CCOC1,,COc1ccc2c(c1)c(CC(=O)Nc1c(C)cc(C)cc1Br)c(C)n2C(=O)c1ccc(Cl)cc1,25.0,86400.0,0.0,0.0,20.459999084472656
COc1ccc2c(c1)c(CC(=O)O)c(C)n2C(=O)c1ccc(Cl)cc1,N#Cc1ccc(N)cc1C(F)(F)F,CN(C)C(=[Cl+])N(C)C.F[P-](F)(F)(F)(F)F,Cc1cccc(C)n1,,,C1CCOC1,C1CCOC1,,COc1ccc2c(c1)c(CC(=O)Nc1ccc(C#N)c(C(F)(F)F)c1)c(C)n2C(=O)c1ccc(Cl)cc1,25.0,86400.0,0.0,0.0,35.529998779296875
COc1ccc2c(c1)c(CC(=O)O)c(C)n2C(=O)c1ccc(Cl)cc1,Nc1cc(-c2ccccc2)nn1-c1ccccc1,O=P(Cl)(c1ccccc1)c1ccccc1,Cn1ccnc1,,,CN(C)C=O,CN(C)C=O,,COc1ccc2c(c1)c(CC(=O)Nc1cc(-c3ccccc3)nn1-c1ccccc1)c(C)n2C(=O)c1ccc(Cl)cc1,25.0,86400.0,0.0,0.0,30.6200008392334
COc1ccc2c(c1)c(CC(=O)O)c(C)n2C(=O)c1ccc(Cl)cc1,Cc1ccc2ncccc2c1N,O=C1OCCN1P(=O)(Cl)N1CCOC1=O,CCN(C(C)C)C(C)C,,,C1CCOC1,C1CCOC1,,COc1ccc2c(c1)c(CC(=O)Nc1c(C)ccc3ncccc13)c(C)n2C(=O)c1ccc(Cl)cc1,25.0,86400.0,0.0,0.0,62.880001068115234
COc1ccc2c(c1)c(CC(=O)O)c(C)n2C(=O)c1ccc(Cl)cc1,N#Cc1ccc(N)cc1C(F)(F)F,O=P(Cl)(c1ccccc1)c1ccccc1,Cc1cccc(C)n1,,,C1CCOC1,C1CCOC1,,COc1ccc2c(c1)c(CC(=O)Nc1ccc(C#N)c(C(F)(F)F)c1)c(C)n2C(=O)c1ccc(Cl)cc1,25.0,86400.0,0.0,0.0,14.550000190734863
COc1ccc2c(c1)c(CC(=O)O)c(C)n2C(=O)c1ccc(Cl)cc1,Cc1ccc2ncccc2c1N,CCOC(=O)C(C#N)=N[O+]=C(N(C)C)N(C)C.F[P-](F)(F)(F)(F)F,Cc1cccc(C)n1,,,CN(C)C=O,CN(C)C=O,,COc1ccc2c(c1)c(CC(=O)Nc1c(C)ccc3ncccc13)c(C)n2C(=O)c1ccc(Cl)cc1,25.0,86400.0,0.0,0.0,66.8499984741211
COc1ccc2c(c1)c(CC(=O)O)c(C)n2C(=O)c1ccc(Cl)cc1,Cc1cc([N+](=O)[O-])ccc1N,F[P-](F)(F)(F)(F)F.c1ccc2c(c1)nnn2O[P+](N1CCCC1)(N1CCCC1)N1CCCC1,Cc1cccc(C)n1,,,C1CCOC1,C1CCOC1,,COc1ccc2c(c1)c(CC(=O)Nc1ccc([N+](=O)[O-])cc1C)c(C)n2C(=O)c1ccc(Cl)cc1,25.0,86400.0,0.0,0.0,1.059999942779541
COc1ccc2c(c1)c(CC(=O)O)c(C)n2C(=O)c1ccc(Cl)cc1,N=c1ccc(Cl)n[nH]1,CN(C)C(=[F+])N(C)C.F[P-](F)(F)(F)(F)F,Cc1cccc(C)n1,,,CN(C)C=O,CN(C)C=O,,COc1ccc2c(c1)c(CC(=O)Nc1ccc(Cl)nn1)c(C)n2C(=O)c1ccc(Cl)cc1,25.0,86400.0,0.0,0.0,22.329999923706055
COc1ccc2c(c1)c(CC(=O)O)c(C)n2C(=O)c1ccc(Cl)cc1,N#Cc1ccc(Cl)c(N)c1,CN(C)C(=[O+]n1nnc2cccnc21)N(C)C.F[P-](F)(F)(F)(F)F,Cc1cccc(C)n1,,,C1CCOC1,C1CCOC1,,COc1ccc2c(c1)c(CC(=O)Nc1cc(C#N)ccc1Cl)c(C)n2C(=O)c1ccc(Cl)cc1,25.0,86400.0,0.0,0.0,0.3799999952316284
COc1ccc2c(c1)c(CC(=O)O)c(C)n2C(=O)c1ccc(Cl)cc1,Cc1cc([N+](=O)[O-])ccc1N,CN(C)C(=[Cl+])N(C)C.F[P-](F)(F)(F)(F)F,Cn1ccnc1,,,C1CCOC1,C1CCOC1,,COc1ccc2c(c1)c(CC(=O)Nc1ccc([N+](=O)[O-])cc1C)c(C)n2C(=O)c1ccc(Cl)cc1,25.0,86400.0,0.0,0.0,3.119999885559082
COc1ccc2c(c1)c(CC(=O)O)c(C)n2C(=O)c1ccc(Cl)cc1,CC(C)c1cccc(C(C)C)c1N,CCOC(=O)C(C#N)=N[O+]=C(N(C)C)N(C)C.F[P-](F)(F)(F)(F)F,CCN(C(C)C)C(C)C,,,CN(C)C=O,CN(C)C=O,,COc1ccc2c(c1)c(CC(=O)Nc1c(C(C)C)cccc1C(C)C)c(C)n2C(=O)c1ccc(Cl)cc1,25.0,86400.0,0.0,0.0,17.889999389648438
COc1ccc2c(c1)c(CC(=O)O)c(C)n2C(=O)c1ccc(Cl)cc1,CC(C)c1cccc(C(C)C)c1N,CN(C)C(=[Cl+])N(C)C.F[P-](F)(F)(F)(F)F,Cc1cccc(C)n1,,,CC#N,CC#N,,COc1ccc2c(c1)c(CC(=O)Nc1c(C(C)C)cccc1C(C)C)c(C)n2C(=O)c1ccc(Cl)cc1,25.0,86400.0,0.0,0.0,20.989999771118164
COc1ccc2c(c1)c(CC(=O)O)c(C)n2C(=O)c1ccc(Cl)cc1,Cc1cc(C)c(N)c(Br)c1,CN(C)C(=[O+]c1c(F)c(F)c(F)c(F)c1F)N(C)C.F[P-](F)(F)(F)(F)F,Cn1ccnc1,,,CC#N,CC#N,,COc1ccc2c(c1)c(CC(=O)Nc1c(C)cc(C)cc1Br)c(C)n2C(=O)c1ccc(Cl)cc1,25.0,86400.0,0.0,0.0,6.710000038146973
COc1ccc2c(c1)c(CC(=O)O)c(C)n2C(=O)c1ccc(Cl)cc1,CC(C)c1cccc(C(C)C)c1N,O=C1OCCN1P(=O)(Cl)N1CCOC1=O,Cn1ccnc1,,,C1CCOC1,C1CCOC1,,COc1ccc2c(c1)c(CC(=O)Nc1c(C(C)C)cccc1C(C)C)c(C)n2C(=O)c1ccc(Cl)cc1,25.0,86400.0,0.0,0.0,35.02000045776367
COc1ccc2c(c1)c(CC(=O)O)c(C)n2C(=O)c1ccc(Cl)cc1,CNS(=O)(=O)Cc1ccc(N)cc1,CN(C)C(=[Cl+])N(C)C.F[P-](F)(F)(F)(F)F,CCN(C(C)C)C(C)C,,,CN(C)C=O,CN(C)C=O,,CNS(=O)(=O)Cc1ccc(NC(=O)Cc2c(C)n(C(=O)c3ccc(Cl)cc3)c3ccc(OC)cc23)cc1,25.0,86400.0,0.0,0.0,3.009999990463257
COc1ccc2c(c1)c(CC(=O)O)c(C)n2C(=O)c1ccc(Cl)cc1,N#Cc1ccc(Cl)c(N)c1,O=P(Cl)(c1ccccc1)c1ccccc1,Cc1cccc(C)n1,,,CC#N,CC#N,,COc1ccc2c(c1)c(CC(=O)Nc1cc(C#N)ccc1Cl)c(C)n2C(=O)c1ccc(Cl)cc1,25.0,86400.0,0.0,0.0,18.079999923706055
COc1ccc2c(c1)c(CC(=O)O)c(C)n2C(=O)c1ccc(Cl)cc1,Cc1cc([N+](=O)[O-])ccc1N,O=C1OCCN1P(=O)(Cl)N1CCOC1=O,CCN(C(C)C)C(C)C,,,C1CCOC1,C1CCOC1,,COc1ccc2c(c1)c(CC(=O)Nc1ccc([N+](=O)[O-])cc1C)c(C)n2C(=O)c1ccc(Cl)cc1,25.0,86400.0,0.0,0.0,3.2899999618530273
COc1ccc2c(c1)c(CC(=O)O)c(C)n2C(=O)c1ccc(Cl)cc1,Cc1ccc2ncccc2c1N,F[P-](F)(F)(F)(F)F.c1ccc2c(c1)nnn2O[P+](N1CCCC1)(N1CCCC1)N1CCCC1,Cc1cccc(C)n1,,,CC#N,CC#N,,COc1ccc2c(c1)c(CC(=O)Nc1c(C)ccc3ncccc13)c(C)n2C(=O)c1ccc(Cl)cc1,25.0,86400.0,0.0,0.0,7.440000057220459
COc1ccc2c(c1)c(CC(=O)O)c(C)n2C(=O)c1ccc(Cl)cc1,Cc1cc([N+](=O)[O-])ccc1N,CCOC(=O)C(C#N)=N[O+]=C(N(C)C)N(C)C.F[P-](F)(F)(F)(F)F,Cn1ccnc1,,,C1CCOC1,C1CCOC1,,COc1ccc2c(c1)c(CC(=O)Nc1ccc([N+](=O)[O-])cc1C)c(C)n2C(=O)c1ccc(Cl)cc1,25.0,86400.0,0.0,0.0,1.9700000286102295
COc1ccc2c(c1)c(CC(=O)O)c(C)n2C(=O)c1ccc(Cl)cc1,COC(=O)c1ccc(Cl)cc1N,F[P-](F)(F)(F)(F)F.c1ccc2c(c1)nnn2O[P+](N1CCCC1)(N1CCCC1)N1CCCC1,CN1CCOCC1,,,C1CCOC1,C1CCOC1,,COC(=O)c1cc(Cl)ccc1NC(=O)Cc1c(C)n(C(=O)c2ccc(Cl)cc2)c2ccc(OC)cc12,25.0,86400.0,0.0,0.0,3.859999895095825
COc1ccc2c(c1)c(CC(=O)O)c(C)n2C(=O)c1ccc(Cl)cc1,CC(C)c1cccc(C(C)C)c1N,CCOC(=O)C(C#N)=N[O+]=C(N(C)C)N(C)C.F[P-](F)(F)(F)(F)F,CN1CCOCC1,,,CC#N,CC#N,,COc1ccc2c(c1)c(CC(=O)Nc1c(C(C)C)cccc1C(C)C)c(C)n2C(=O)c1ccc(Cl)cc1,25.0,86400.0,0.0,0.0,36.90999984741211
COc1ccc2c(c1)c(CC(=O)O)c(C)n2C(=O)c1ccc(Cl)cc1,N#Cc1ccc(N)cc1C(F)(F)F,CN(C)C(=[O+]c1c(F)c(F)c(F)c(F)c1F)N(C)C.F[P-](F)(F)(F)(F)F,Cn1ccnc1,,,CN(C)C=O,CN(C)C=O,,COc1ccc2c(c1)c(CC(=O)Nc1ccc(C#N)c(C(F)(F)F)c1)c(C)n2C(=O)c1ccc(Cl)cc1,25.0,86400.0,0.0,0.0,2.2899999618530273
COc1ccc2c(c1)c(CC(=O)O)c(C)n2C(=O)c1ccc(Cl)cc1,CNS(=O)(=O)Cc1ccc(N)cc1,CN(C)C(=[O+]c1c(F)c(F)c(F)c(F)c1F)N(C)C.F[P-](F)(F)(F)(F)F,Cn1ccnc1,,,CC#N,CC#N,,CNS(=O)(=O)Cc1ccc(NC(=O)Cc2c(C)n(C(=O)c3ccc(Cl)cc3)c3ccc(OC)cc23)cc1,25.0,86400.0,0.0,0.0,39.22999954223633
COc1ccc2c(c1)c(CC(=O)O)c(C)n2C(=O)c1ccc(Cl)cc1,CC(C)c1cccc(C(C)C)c1N,CN(C)C(=[O+]n1nnc2cccnc21)N(C)C.F[P-](F)(F)(F)(F)F,CCN(C(C)C)C(C)C,,,C1CCOC1,C1CCOC1,,COc1ccc2c(c1)c(CC(=O)Nc1c(C(C)C)cccc1C(C)C)c(C)n2C(=O)c1ccc(Cl)cc1,25.0,86400.0,0.0,0.0,14.8100004196167
COc1ccc2c(c1)c(CC(=O)O)c(C)n2C(=O)c1ccc(Cl)cc1,N#Cc1ccc(Cl)c(N)c1,F[P-](F)(F)(F)(F)F.c1ccc2c(c1)nnn2O[P+](N1CCCC1)(N1CCCC1)N1CCCC1,Cn1ccnc1,,,C1CCOC1,C1CCOC1,,COc1ccc2c(c1)c(CC(=O)Nc1cc(C#N)ccc1Cl)c(C)n2C(=O)c1ccc(Cl)cc1,25.0,86400.0,0.0,0.0,1.3899999856948853
COc1ccc2c(c1)c(CC(=O)O)c(C)n2C(=O)c1ccc(Cl)cc1,CNS(=O)(=O)Cc1ccc(N)cc1,CN(C)C(=[O+]c1c(F)c(F)c(F)c(F)c1F)N(C)C.F[P-](F)(F)(F)(F)F,CCN(C(C)C)C(C)C,,,C1CCOC1,C1CCOC1,,CNS(=O)(=O)Cc1ccc(NC(=O)Cc2c(C)n(C(=O)c3ccc(Cl)cc3)c3ccc(OC)cc23)cc1,25.0,86400.0,0.0,0.0,27.110000610351562
COc1ccc2c(c1)c(CC(=O)O)c(C)n2C(=O)c1ccc(Cl)cc1,CNS(=O)(=O)Cc1ccc(N)cc1,F[P-](F)(F)(F)(F)F.c1ccc2c(c1)nnn2O[P+](N1CCCC1)(N1CCCC1)N1CCCC1,Cc1cccc(C)n1,,,CC#N,CC#N,,CNS(=O)(=O)Cc1ccc(NC(=O)Cc2c(C)n(C(=O)c3ccc(Cl)cc3)c3ccc(OC)cc23)cc1,25.0,86400.0,0.0,0.0,62.220001220703125
COc1ccc2c(c1)c(CC(=O)O)c(C)n2C(=O)c1ccc(Cl)cc1,Cc1cc(C)c(N)c(Br)c1,CN(C)C(=[O+]n1nnc2cccnc21)N(C)C.F[P-](F)(F)(F)(F)F,CN1CCOCC1,,,CN(C)C=O,CN(C)C=O,,COc1ccc2c(c1)c(CC(=O)Nc1c(C)cc(C)cc1Br)c(C)n2C(=O)c1ccc(Cl)cc1,25.0,86400.0,0.0,0.0,22.68000030517578
COc1ccc2c(c1)c(CC(=O)O)c(C)n2C(=O)c1ccc(Cl)cc1,Nc1cc(-c2ccccc2)nn1-c1ccccc1,CN(C)C(=[F+])N(C)C.F[P-](F)(F)(F)(F)F,Cc1cccc(C)n1,,,C1CCOC1,C1CCOC1,,COc1ccc2c(c1)c(CC(=O)Nc1cc(-c3ccccc3)nn1-c1ccccc1)c(C)n2C(=O)c1ccc(Cl)cc1,25.0,86400.0,0.0,0.0,1.059999942779541
COc1ccc2c(c1)c(CC(=O)O)c(C)n2C(=O)c1ccc(Cl)cc1,Nc1cc(-c2ccccc2)nn1-c1ccccc1,F[P-](F)(F)(F)(F)F.c1ccc2c(c1)nnn2O[P+](N1CCCC1)(N1CCCC1)N1CCCC1,Cc1cccc(C)n1,,,CN(C)C=O,CN(C)C=O,,COc1ccc2c(c1)c(CC(=O)Nc1cc(-c3ccccc3)nn1-c1ccccc1)c(C)n2C(=O)c1ccc(Cl)cc1,25.0,86400.0,0.0,0.0,4.699999809265137
COc1ccc2c(c1)c(CC(=O)O)c(C)n2C(=O)c1ccc(Cl)cc1,Nc1cc(-c2ccccc2)nn1-c1ccccc1,CN(C)C(=[O+]c1c(F)c(F)c(F)c(F)c1F)N(C)C.F[P-](F)(F)(F)(F)F,Cc1cccc(C)n1,,,CC#N,CC#N,,COc1ccc2c(c1)c(CC(=O)Nc1cc(-c3ccccc3)nn1-c1ccccc1)c(C)n2C(=O)c1ccc(Cl)cc1,25.0,86400.0,0.0,0.0,0.7099999785423279
COc1ccc2c(c1)c(CC(=O)O)c(C)n2C(=O)c1ccc(Cl)cc1,CNS(=O)(=O)Cc1ccc(N)cc1,O=C1OCCN1P(=O)(Cl)N1CCOC1=O,Cc1cccc(C)n1,,,CN(C)C=O,CN(C)C=O,,CNS(=O)(=O)Cc1ccc(NC(=O)Cc2c(C)n(C(=O)c3ccc(Cl)cc3)c3ccc(OC)cc23)cc1,25.0,86400.0,0.0,0.0,27.329999923706055
COc1ccc2c(c1)c(CC(=O)O)c(C)n2C(=O)c1ccc(Cl)cc1,N#Cc1ccc(N)cc1C(F)(F)F,CN(C)C(=[O+]n1nnc2cccnc21)N(C)C.F[P-](F)(F)(F)(F)F,Cn1ccnc1,,,CN(C)C=O,CN(C)C=O,,COc1ccc2c(c1)c(CC(=O)Nc1ccc(C#N)c(C(F)(F)F)c1)c(C)n2C(=O)c1ccc(Cl)cc1,25.0,86400.0,0.0,0.0,2.809999942779541
COc1ccc2c(c1)c(CC(=O)O)c(C)n2C(=O)c1ccc(Cl)cc1,COC(=O)c1ccc(Cl)cc1N,CN(C)C(=[O+]n1nnc2cccnc21)N(C)C.F[P-](F)(F)(F)(F)F,Cc1cccc(C)n1,,,CN(C)C=O,CN(C)C=O,,COC(=O)c1cc(Cl)ccc1NC(=O)Cc1c(C)n(C(=O)c2ccc(Cl)cc2)c2ccc(OC)cc12,25.0,86400.0,0.0,0.0,9.739999771118164
COc1ccc2c(c1)c(CC(=O)O)c(C)n2C(=O)c1ccc(Cl)cc1,N#Cc1ccc(Cl)c(N)c1,CN(C)C(=[Cl+])N(C)C.F[P-](F)(F)(F)(F)F,Cn1ccnc1,,,C1CCOC1,C1CCOC1,,COc1ccc2c(c1)c(CC(=O)Nc1cc(C#N)ccc1Cl)c(C)n2C(=O)c1ccc(Cl)cc1,25.0,86400.0,0.0,0.0,55.43000030517578
COc1ccc2c(c1)c(CC(=O)O)c(C)n2C(=O)c1ccc(Cl)cc1,N#Cc1ccc(N)cc1C(F)(F)F,O=C1OCCN1P(=O)(Cl)N1CCOC1=O,CCN(C(C)C)C(C)C,,,C1CCOC1,C1CCOC1,,COc1ccc2c(c1)c(CC(=O)Nc1ccc(C#N)c(C(F)(F)F)c1)c(C)n2C(=O)c1ccc(Cl)cc1,25.0,86400.0,0.0,0.0,35.27000045776367
COc1ccc2c(c1)c(CC(=O)O)c(C)n2C(=O)c1ccc(Cl)cc1,N#Cc1ccc(Cl)c(N)c1,CN(C)C(=[F+])N(C)C.F[P-](F)(F)(F)(F)F,Cn1ccnc1,,,CN(C)C=O,CN(C)C=O,,COc1ccc2c(c1)c(CC(=O)Nc1cc(C#N)ccc1Cl)c(C)n2C(=O)c1ccc(Cl)cc1,25.0,86400.0,0.0,0.0,26.940000534057617
COc1ccc2c(c1)c(CC(=O)O)c(C)n2C(=O)c1ccc(Cl)cc1,CNS(=O)(=O)Cc1ccc(N)cc1,O=P(Cl)(c1ccccc1)c1ccccc1,Cn1ccnc1,,,C1CCOC1,C1CCOC1,,CNS(=O)(=O)Cc1ccc(NC(=O)Cc2c(C)n(C(=O)c3ccc(Cl)cc3)c3ccc(OC)cc23)cc1,25.0,86400.0,0.0,0.0,46.08000183105469
COc1ccc2c(c1)c(CC(=O)O)c(C)n2C(=O)c1ccc(Cl)cc1,Nc1cc(-c2ccccc2)nn1-c1ccccc1,CN(C)C(=[Cl+])N(C)C.F[P-](F)(F)(F)(F)F,CCN(C(C)C)C(C)C,,,C1CCOC1,C1CCOC1,,COc1ccc2c(c1)c(CC(=O)Nc1cc(-c3ccccc3)nn1-c1ccccc1)c(C)n2C(=O)c1ccc(Cl)cc1,25.0,86400.0,0.0,0.0,5.400000095367432
COc1ccc2c(c1)c(CC(=O)O)c(C)n2C(=O)c1ccc(Cl)cc1,Nc1cc(-c2ccccc2)nn1-c1ccccc1,F[P-](F)(F)(F)(F)F.c1ccc2c(c1)nnn2O[P+](N1CCCC1)(N1CCCC1)N1CCCC1,Cn1ccnc1,,,CN(C)C=O,CN(C)C=O,,COc1ccc2c(c1)c(CC(=O)Nc1cc(-c3ccccc3)nn1-c1ccccc1)c(C)n2C(=O)c1ccc(Cl)cc1,25.0,86400.0,0.0,0.0,11.779999732971191
COc1ccc2c(c1)c(CC(=O)O)c(C)n2C(=O)c1ccc(Cl)cc1,Cc1cc([N+](=O)[O-])ccc1N,CN(C)C(=[O+]c1c(F)c(F)c(F)c(F)c1F)N(C)C.F[P-](F)(F)(F)(F)F,Cc1cccc(C)n1,,,C1CCOC1,C1CCOC1,,COc1ccc2c(c1)c(CC(=O)Nc1ccc([N+](=O)[O-])cc1C)c(C)n2C(=O)c1ccc(Cl)cc1,25.0,86400.0,0.0,0.0,0.9700000286102295
COc1ccc2c(c1)c(CC(=O)O)c(C)n2C(=O)c1ccc(Cl)cc1,Nc1cc(-c2ccccc2)nn1-c1ccccc1,F[P-](F)(F)(F)(F)F.c1ccc2c(c1)nnn2O[P+](N1CCCC1)(N1CCCC1)N1CCCC1,CN1CCOCC1,,,CN(C)C=O,CN(C)C=O,,COc1ccc2c(c1)c(CC(=O)Nc1cc(-c3ccccc3)nn1-c1ccccc1)c(C)n2C(=O)c1ccc(Cl)cc1,25.0,86400.0,0.0,0.0,11.15999984741211
COc1ccc2c(c1)c(CC(=O)O)c(C)n2C(=O)c1ccc(Cl)cc1,CNS(=O)(=O)Cc1ccc(N)cc1,F[P-](F)(F)(F)(F)F.c1ccc2c(c1)nnn2O[P+](N1CCCC1)(N1CCCC1)N1CCCC1,Cc1cccc(C)n1,,,C1CCOC1,C1CCOC1,,CNS(=O)(=O)Cc1ccc(NC(=O)Cc2c(C)n(C(=O)c3ccc(Cl)cc3)c3ccc(OC)cc23)cc1,25.0,86400.0,0.0,0.0,59.18000030517578
COc1ccc2c(c1)c(CC(=O)O)c(C)n2C(=O)c1ccc(Cl)cc1,Nc1cc(-c2ccccc2)nn1-c1ccccc1,O=C1OCCN1P(=O)(Cl)N1CCOC1=O,CCN(C(C)C)C(C)C,,,CN(C)C=O,CN(C)C=O,,COc1ccc2c(c1)c(CC(=O)Nc1cc(-c3ccccc3)nn1-c1ccccc1)c(C)n2C(=O)c1ccc(Cl)cc1,25.0,86400.0,0.0,0.0,4.179999828338623
COc1ccc2c(c1)c(CC(=O)O)c(C)n2C(=O)c1ccc(Cl)cc1,Nc1cc(-c2ccccc2)nn1-c1ccccc1,CN(C)C(=[Cl+])N(C)C.F[P-](F)(F)(F)(F)F,Cn1ccnc1,,,CC#N,CC#N,,COc1ccc2c(c1)c(CC(=O)Nc1cc(-c3ccccc3)nn1-c1ccccc1)c(C)n2C(=O)c1ccc(Cl)cc1,25.0,86400.0,0.0,0.0,33.900001525878906
COc1ccc2c(c1)c(CC(=O)O)c(C)n2C(=O)c1ccc(Cl)cc1,N#Cc1ccc(Cl)c(N)c1,F[P-](F)(F)(F)(F)F.c1ccc2c(c1)nnn2O[P+](N1CCCC1)(N1CCCC1)N1CCCC1,Cc1cccc(C)n1,,,CN(C)C=O,CN(C)C=O,,COc1ccc2c(c1)c(CC(=O)Nc1cc(C#N)ccc1Cl)c(C)n2C(=O)c1ccc(Cl)cc1,25.0,86400.0,0.0,0.0,0.6700000166893005
COc1ccc2c(c1)c(CC(=O)O)c(C)n2C(=O)c1ccc(Cl)cc1,Cc1ccc2ncccc2c1N,CCOC(=O)C(C#N)=N[O+]=C(N(C)C)N(C)C.F[P-](F)(F)(F)(F)F,Cn1ccnc1,,,CN(C)C=O,CN(C)C=O,,COc1ccc2c(c1)c(CC(=O)Nc1c(C)ccc3ncccc13)c(C)n2C(=O)c1ccc(Cl)cc1,25.0,86400.0,0.0,0.0,64.06999969482422
COc1ccc2c(c1)c(CC(=O)O)c(C)n2C(=O)c1ccc(Cl)cc1,Cc1cc(C)c(N)c(Br)c1,O=C1OCCN1P(=O)(Cl)N1CCOC1=O,CN1CCOCC1,,,C1CCOC1,C1CCOC1,,COc1ccc2c(c1)c(CC(=O)Nc1c(C)cc(C)cc1Br)c(C)n2C(=O)c1ccc(Cl)cc1,25.0,86400.0,0.0,0.0,10.899999618530273
COc1ccc2c(c1)c(CC(=O)O)c(C)n2C(=O)c1ccc(Cl)cc1,COC(=O)c1ccc(Cl)cc1N,O=P(Cl)(c1ccccc1)c1ccccc1,CN1CCOCC1,,,C1CCOC1,C1CCOC1,,COC(=O)c1cc(Cl)ccc1NC(=O)Cc1c(C)n(C(=O)c2ccc(Cl)cc2)c2ccc(OC)cc12,25.0,86400.0,0.0,0.0,0.9200000166893005
COc1ccc2c(c1)c(CC(=O)O)c(C)n2C(=O)c1ccc(Cl)cc1,Cc1ccc2ncccc2c1N,CN(C)C(=[O+]c1c(F)c(F)c(F)c(F)c1F)N(C)C.F[P-](F)(F)(F)(F)F,CN1CCOCC1,,,C1CCOC1,C1CCOC1,,COc1ccc2c(c1)c(CC(=O)Nc1c(C)ccc3ncccc13)c(C)n2C(=O)c1ccc(Cl)cc1,25.0,86400.0,0.0,0.0,2.190000057220459
COc1ccc2c(c1)c(CC(=O)O)c(C)n2C(=O)c1ccc(Cl)cc1,COC(=O)c1ccc(Cl)cc1N,CN(C)C(=[O+]n1nnc2cccnc21)N(C)C.F[P-](F)(F)(F)(F)F,CCN(C(C)C)C(C)C,,,CC#N,CC#N,,COC(=O)c1cc(Cl)ccc1NC(=O)Cc1c(C)n(C(=O)c2ccc(Cl)cc2)c2ccc(OC)cc12,25.0,86400.0,0.0,0.0,43.79999923706055
COc1ccc2c(c1)c(CC(=O)O)c(C)n2C(=O)c1ccc(Cl)cc1,N=c1ccc(Cl)n[nH]1,F[P-](F)(F)(F)(F)F.c1ccc2c(c1)nnn2O[P+](N1CCCC1)(N1CCCC1)N1CCCC1,CCN(C(C)C)C(C)C,,,CC#N,CC#N,,COc1ccc2c(c1)c(CC(=O)Nc1ccc(Cl)nn1)c(C)n2C(=O)c1ccc(Cl)cc1,25.0,86400.0,0.0,0.0,24.040000915527344
COc1ccc2c(c1)c(CC(=O)O)c(C)n2C(=O)c1ccc(Cl)cc1,Cc1cc(C)c(N)c(Br)c1,CN(C)C(=[O+]n1nnc2cccnc21)N(C)C.F[P-](F)(F)(F)(F)F,Cn1ccnc1,,,CC#N,CC#N,,COc1ccc2c(c1)c(CC(=O)Nc1c(C)cc(C)cc1Br)c(C)n2C(=O)c1ccc(Cl)cc1,25.0,86400.0,0.0,0.0,16.329999923706055
COc1ccc2c(c1)c(CC(=O)O)c(C)n2C(=O)c1ccc(Cl)cc1,N=c1ccc(Cl)n[nH]1,CN(C)C(=[Cl+])N(C)C.F[P-](F)(F)(F)(F)F,CN1CCOCC1,,,CC#N,CC#N,,COc1ccc2c(c1)c(CC(=O)Nc1ccc(Cl)nn1)c(C)n2C(=O)c1ccc(Cl)cc1,25.0,86400.0,0.0,0.0,96.41999816894531
COc1ccc2c(c1)c(CC(=O)O)c(C)n2C(=O)c1ccc(Cl)cc1,N#Cc1ccc(N)cc1C(F)(F)F,CN(C)C(=[O+]c1c(F)c(F)c(F)c(F)c1F)N(C)C.F[P-](F)(F)(F)(F)F,CN1CCOCC1,,,C1CCOC1,C1CCOC1,,COc1ccc2c(c1)c(CC(=O)Nc1ccc(C#N)c(C(F)(F)F)c1)c(C)n2C(=O)c1ccc(Cl)cc1,25.0,86400.0,0.0,0.0,0.25
COc1ccc2c(c1)c(CC(=O)O)c(C)n2C(=O)c1ccc(Cl)cc1,COC(=O)c1ccc(Cl)cc1N,F[P-](F)(F)(F)(F)F.c1ccc2c(c1)nnn2O[P+](N1CCCC1)(N1CCCC1)N1CCCC1,CCN(C(C)C)C(C)C,,,CC#N,CC#N,,COC(=O)c1cc(Cl)ccc1NC(=O)Cc1c(C)n(C(=O)c2ccc(Cl)cc2)c2ccc(OC)cc12,25.0,86400.0,0.0,0.0,42.52000045776367
COc1ccc2c(c1)c(CC(=O)O)c(C)n2C(=O)c1ccc(Cl)cc1,Nc1cc(-c2ccccc2)nn1-c1ccccc1,CN(C)C(=[O+]c1c(F)c(F)c(F)c(F)c1F)N(C)C.F[P-](F)(F)(F)(F)F,CN1CCOCC1,,,CC#N,CC#N,,COc1ccc2c(c1)c(CC(=O)Nc1cc(-c3ccccc3)nn1-c1ccccc1)c(C)n2C(=O)c1ccc(Cl)cc1,25.0,86400.0,0.0,0.0,3.6700000762939453
COc1ccc2c(c1)c(CC(=O)O)c(C)n2C(=O)c1ccc(Cl)cc1,Nc1cc(-c2ccccc2)nn1-c1ccccc1,O=C1OCCN1P(=O)(Cl)N1CCOC1=O,Cc1cccc(C)n1,,,C1CCOC1,C1CCOC1,,COc1ccc2c(c1)c(CC(=O)Nc1cc(-c3ccccc3)nn1-c1ccccc1)c(C)n2C(=O)c1ccc(Cl)cc1,25.0,86400.0,0.0,0.0,0.4399999976158142
COc1ccc2c(c1)c(CC(=O)O)c(C)n2C(=O)c1ccc(Cl)cc1,N#Cc1ccc(N)cc1C(F)(F)F,O=C1OCCN1P(=O)(Cl)N1CCOC1=O,Cc1cccc(C)n1,,,CC#N,CC#N,,COc1ccc2c(c1)c(CC(=O)Nc1ccc(C#N)c(C(F)(F)F)c1)c(C)n2C(=O)c1ccc(Cl)cc1,25.0,86400.0,0.0,0.0,7.239999771118164
COc1ccc2c(c1)c(CC(=O)O)c(C)n2C(=O)c1ccc(Cl)cc1,Nc1cc(-c2ccccc2)nn1-c1ccccc1,O=P(Cl)(c1ccccc1)c1ccccc1,Cn1ccnc1,,,CC#N,CC#N,,COc1ccc2c(c1)c(CC(=O)Nc1cc(-c3ccccc3)nn1-c1ccccc1)c(C)n2C(=O)c1ccc(Cl)cc1,25.0,86400.0,0.0,0.0,52.20000076293945
COc1ccc2c(c1)c(CC(=O)O)c(C)n2C(=O)c1ccc(Cl)cc1,N#Cc1ccc(N)cc1C(F)(F)F,CN(C)C(=[O+]n1nnc2cccnc21)N(C)C.F[P-](F)(F)(F)(F)F,Cn1ccnc1,,,C1CCOC1,C1CCOC1,,COc1ccc2c(c1)c(CC(=O)Nc1ccc(C#N)c(C(F)(F)F)c1)c(C)n2C(=O)c1ccc(Cl)cc1,25.0,86400.0,0.0,0.0,2.619999885559082
COc1ccc2c(c1)c(CC(=O)O)c(C)n2C(=O)c1ccc(Cl)cc1,N=c1ccc(Cl)n[nH]1,F[P-](F)(F)(F)(F)F.c1ccc2c(c1)nnn2O[P+](N1CCCC1)(N1CCCC1)N1CCCC1,Cn1ccnc1,,,CC#N,CC#N,,COc1ccc2c(c1)c(CC(=O)Nc1ccc(Cl)nn1)c(C)n2C(=O)c1ccc(Cl)cc1,25.0,86400.0,0.0,0.0,14.760000228881836
COc1ccc2c(c1)c(CC(=O)O)c(C)n2C(=O)c1ccc(Cl)cc1,N#Cc1ccc(N)cc1C(F)(F)F,O=P(Cl)(c1ccccc1)c1ccccc1,Cc1cccc(C)n1,,,CC#N,CC#N,,COc1ccc2c(c1)c(CC(=O)Nc1ccc(C#N)c(C(F)(F)F)c1)c(C)n2C(=O)c1ccc(Cl)cc1,25.0,86400.0,0.0,0.0,27.329999923706055
COc1ccc2c(c1)c(CC(=O)O)c(C)n2C(=O)c1ccc(Cl)cc1,Cc1cc([N+](=O)[O-])ccc1N,CN(C)C(=[F+])N(C)C.F[P-](F)(F)(F)(F)F,Cc1cccc(C)n1,,,C1CCOC1,C1CCOC1,,COc1ccc2c(c1)c(CC(=O)Nc1ccc([N+](=O)[O-])cc1C)c(C)n2C(=O)c1ccc(Cl)cc1,25.0,86400.0,0.0,0.0,2.7799999713897705
COc1ccc2c(c1)c(CC(=O)O)c(C)n2C(=O)c1ccc(Cl)cc1,N#Cc1ccc(N)cc1C(F)(F)F,CN(C)C(=[F+])N(C)C.F[P-](F)(F)(F)(F)F,Cc1cccc(C)n1,,,C1CCOC1,C1CCOC1,,COc1ccc2c(c1)c(CC(=O)Nc1ccc(C#N)c(C(F)(F)F)c1)c(C)n2C(=O)c1ccc(Cl)cc1,25.0,86400.0,0.0,0.0,0.44999998807907104
COc1ccc2c(c1)c(CC(=O)O)c(C)n2C(=O)c1ccc(Cl)cc1,Cc1cc([N+](=O)[O-])ccc1N,CN(C)C(=[Cl+])N(C)C.F[P-](F)(F)(F)(F)F,Cc1cccc(C)n1,,,CC#N,CC#N,,COc1ccc2c(c1)c(CC(=O)Nc1ccc([N+](=O)[O-])cc1C)c(C)n2C(=O)c1ccc(Cl)cc1,25.0,86400.0,0.0,0.0,1.590000033378601
COc1ccc2c(c1)c(CC(=O)O)c(C)n2C(=O)c1ccc(Cl)cc1,COC(=O)c1ccc(Cl)cc1N,F[P-](F)(F)(F)(F)F.c1ccc2c(c1)nnn2O[P+](N1CCCC1)(N1CCCC1)N1CCCC1,CCN(C(C)C)C(C)C,,,C1CCOC1,C1CCOC1,,COC(=O)c1cc(Cl)ccc1NC(=O)Cc1c(C)n(C(=O)c2ccc(Cl)cc2)c2ccc(OC)cc12,25.0,86400.0,0.0,0.0,3.5399999618530273
COc1ccc2c(c1)c(CC(=O)O)c(C)n2C(=O)c1ccc(Cl)cc1,Cc1cc(C)c(N)c(Br)c1,CN(C)C(=[Cl+])N(C)C.F[P-](F)(F)(F)(F)F,Cn1ccnc1,,,CC#N,CC#N,,COc1ccc2c(c1)c(CC(=O)Nc1c(C)cc(C)cc1Br)c(C)n2C(=O)c1ccc(Cl)cc1,25.0,86400.0,0.0,0.0,9.039999961853027
COc1ccc2c(c1)c(CC(=O)O)c(C)n2C(=O)c1ccc(Cl)cc1,CC(C)c1cccc(C(C)C)c1N,CN(C)C(=[O+]c1c(F)c(F)c(F)c(F)c1F)N(C)C.F[P-](F)(F)(F)(F)F,CN1CCOCC1,,,CN(C)C=O,CN(C)C=O,,COc1ccc2c(c1)c(CC(=O)Nc1c(C(C)C)cccc1C(C)C)c(C)n2C(=O)c1ccc(Cl)cc1,25.0,86400.0,0.0,0.0,8.140000343322754
COc1ccc2c(c1)c(CC(=O)O)c(C)n2C(=O)c1ccc(Cl)cc1,CNS(=O)(=O)Cc1ccc(N)cc1,F[P-](F)(F)(F)(F)F.c1ccc2c(c1)nnn2O[P+](N1CCCC1)(N1CCCC1)N1CCCC1,Cc1cccc(C)n1,,,CN(C)C=O,CN(C)C=O,,CNS(=O)(=O)Cc1ccc(NC(=O)Cc2c(C)n(C(=O)c3ccc(Cl)cc3)c3ccc(OC)cc23)cc1,25.0,86400.0,0.0,0.0,29.610000610351562
COc1ccc2c(c1)c(CC(=O)O)c(C)n2C(=O)c1ccc(Cl)cc1,Cc1ccc2ncccc2c1N,CN(C)C(=[O+]c1c(F)c(F)c(F)c(F)c1F)N(C)C.F[P-](F)(F)(F)(F)F,Cn1ccnc1,,,CN(C)C=O,CN(C)C=O,,COc1ccc2c(c1)c(CC(=O)Nc1c(C)ccc3ncccc13)c(C)n2C(=O)c1ccc(Cl)cc1,25.0,86400.0,0.0,0.0,36.779998779296875
COc1ccc2c(c1)c(CC(=O)O)c(C)n2C(=O)c1ccc(Cl)cc1,COC(=O)c1ccc(Cl)cc1N,CN(C)C(=[O+]n1nnc2cccnc21)N(C)C.F[P-](F)(F)(F)(F)F,CN1CCOCC1,,,CN(C)C=O,CN(C)C=O,,COC(=O)c1cc(Cl)ccc1NC(=O)Cc1c(C)n(C(=O)c2ccc(Cl)cc2)c2ccc(OC)cc12,25.0,86400.0,0.0,0.0,19.56999969482422
COc1ccc2c(c1)c(CC(=O)O)c(C)n2C(=O)c1ccc(Cl)cc1,N=c1ccc(Cl)n[nH]1,O=C1OCCN1P(=O)(Cl)N1CCOC1=O,CN1CCOCC1,,,CN(C)C=O,CN(C)C=O,,COc1ccc2c(c1)c(CC(=O)Nc1ccc(Cl)nn1)c(C)n2C(=O)c1ccc(Cl)cc1,25.0,86400.0,0.0,0.0,20.969999313354492
COc1ccc2c(c1)c(CC(=O)O)c(C)n2C(=O)c1ccc(Cl)cc1,Nc1cc(-c2ccccc2)nn1-c1ccccc1,O=P(Cl)(c1ccccc1)c1ccccc1,CN1CCOCC1,,,C1CCOC1,C1CCOC1,,COc1ccc2c(c1)c(CC(=O)Nc1cc(-c3ccccc3)nn1-c1ccccc1)c(C)n2C(=O)c1ccc(Cl)cc1,25.0,86400.0,0.0,0.0,49.66999816894531
COc1ccc2c(c1)c(CC(=O)O)c(C)n2C(=O)c1ccc(Cl)cc1,N=c1ccc(Cl)n[nH]1,O=C1OCCN1P(=O)(Cl)N1CCOC1=O,Cc1cccc(C)n1,,,C1CCOC1,C1CCOC1,,COc1ccc2c(c1)c(CC(=O)Nc1ccc(Cl)nn1)c(C)n2C(=O)c1ccc(Cl)cc1,25.0,86400.0,0.0,0.0,4.949999809265137
COc1ccc2c(c1)c(CC(=O)O)c(C)n2C(=O)c1ccc(Cl)cc1,N#Cc1ccc(Cl)c(N)c1,CN(C)C(=[O+]c1c(F)c(F)c(F)c(F)c1F)N(C)C.F[P-](F)(F)(F)(F)F,CN1CCOCC1,,,C1CCOC1,C1CCOC1,,COc1ccc2c(c1)c(CC(=O)Nc1cc(C#N)ccc1Cl)c(C)n2C(=O)c1ccc(Cl)cc1,25.0,86400.0,0.0,0.0,0.6899999976158142
COc1ccc2c(c1)c(CC(=O)O)c(C)n2C(=O)c1ccc(Cl)cc1,COC(=O)c1ccc(Cl)cc1N,O=C1OCCN1P(=O)(Cl)N1CCOC1=O,CN1CCOCC1,,,C1CCOC1,C1CCOC1,,COC(=O)c1cc(Cl)ccc1NC(=O)Cc1c(C)n(C(=O)c2ccc(Cl)cc2)c2ccc(OC)cc12,25.0,86400.0,0.0,0.0,0.9100000262260437
COc1ccc2c(c1)c(CC(=O)O)c(C)n2C(=O)c1ccc(Cl)cc1,Cc1cc([N+](=O)[O-])ccc1N,O=C1OCCN1P(=O)(Cl)N1CCOC1=O,CN1CCOCC1,,,CN(C)C=O,CN(C)C=O,,COc1ccc2c(c1)c(CC(=O)Nc1ccc([N+](=O)[O-])cc1C)c(C)n2C(=O)c1ccc(Cl)cc1,25.0,86400.0,0.0,0.0,1.3300000429153442
COc1ccc2c(c1)c(CC(=O)O)c(C)n2C(=O)c1ccc(Cl)cc1,Cc1ccc2ncccc2c1N,CN(C)C(=[Cl+])N(C)C.F[P-](F)(F)(F)(F)F,CCN(C(C)C)C(C)C,,,CC#N,CC#N,,COc1ccc2c(c1)c(CC(=O)Nc1c(C)ccc3ncccc13)c(C)n2C(=O)c1ccc(Cl)cc1,25.0,86400.0,0.0,0.0,29.520000457763672
COc1ccc2c(c1)c(CC(=O)O)c(C)n2C(=O)c1ccc(Cl)cc1,Nc1cc(-c2ccccc2)nn1-c1ccccc1,O=C1OCCN1P(=O)(Cl)N1CCOC1=O,Cn1ccnc1,,,C1CCOC1,C1CCOC1,,COc1ccc2c(c1)c(CC(=O)Nc1cc(-c3ccccc3)nn1-c1ccccc1)c(C)n2C(=O)c1ccc(Cl)cc1,25.0,86400.0,0.0,0.0,11.369999885559082
COc1ccc2c(c1)c(CC(=O)O)c(C)n2C(=O)c1ccc(Cl)cc1,N=c1ccc(Cl)n[nH]1,CN(C)C(=[O+]c1c(F)c(F)c(F)c(F)c1F)N(C)C.F[P-](F)(F)(F)(F)F,CN1CCOCC1,,,C1CCOC1,C1CCOC1,,COc1ccc2c(c1)c(CC(=O)Nc1ccc(Cl)nn1)c(C)n2C(=O)c1ccc(Cl)cc1,25.0,86400.0,0.0,0.0,1.5
COc1ccc2c(c1)c(CC(=O)O)c(C)n2C(=O)c1ccc(Cl)cc1,CC(C)c1cccc(C(C)C)c1N,CN(C)C(=[O+]n1nnc2cccnc21)N(C)C.F[P-](F)(F)(F)(F)F,Cc1cccc(C)n1,,,C1CCOC1,C1CCOC1,,COc1ccc2c(c1)c(CC(=O)Nc1c(C(C)C)cccc1C(C)C)c(C)n2C(=O)c1ccc(Cl)cc1,25.0,86400.0,0.0,0.0,0.44999998807907104
COc1ccc2c(c1)c(CC(=O)O)c(C)n2C(=O)c1ccc(Cl)cc1,N#Cc1ccc(Cl)c(N)c1,F[P-](F)(F)(F)(F)F.c1ccc2c(c1)nnn2O[P+](N1CCCC1)(N1CCCC1)N1CCCC1,CN1CCOCC1,,,CN(C)C=O,CN(C)C=O,,COc1ccc2c(c1)c(CC(=O)Nc1cc(C#N)ccc1Cl)c(C)n2C(=O)c1ccc(Cl)cc1,25.0,86400.0,0.0,0.0,1.6399999856948853
COc1ccc2c(c1)c(CC(=O)O)c(C)n2C(=O)c1ccc(Cl)cc1,COC(=O)c1ccc(Cl)cc1N,O=C1OCCN1P(=O)(Cl)N1CCOC1=O,CN1CCOCC1,,,CC#N,CC#N,,COC(=O)c1cc(Cl)ccc1NC(=O)Cc1c(C)n(C(=O)c2ccc(Cl)cc2)c2ccc(OC)cc12,25.0,86400.0,0.0,0.0,1.2899999618530273
COc1ccc2c(c1)c(CC(=O)O)c(C)n2C(=O)c1ccc(Cl)cc1,N=c1ccc(Cl)n[nH]1,CN(C)C(=[O+]n1nnc2cccnc21)N(C)C.F[P-](F)(F)(F)(F)F,CN1CCOCC1,,,C1CCOC1,C1CCOC1,,COc1ccc2c(c1)c(CC(=O)Nc1ccc(Cl)nn1)c(C)n2C(=O)c1ccc(Cl)cc1,25.0,86400.0,0.0,0.0,52.119998931884766
COc1ccc2c(c1)c(CC(=O)O)c(C)n2C(=O)c1ccc(Cl)cc1,Nc1cc(-c2ccccc2)nn1-c1ccccc1,CN(C)C(=[O+]n1nnc2cccnc21)N(C)C.F[P-](F)(F)(F)(F)F,Cc1cccc(C)n1,,,CC#N,CC#N,,COc1ccc2c(c1)c(CC(=O)Nc1cc(-c3ccccc3)nn1-c1ccccc1)c(C)n2C(=O)c1ccc(Cl)cc1,25.0,86400.0,0.0,0.0,6.0
COc1ccc2c(c1)c(CC(=O)O)c(C)n2C(=O)c1ccc(Cl)cc1,CNS(=O)(=O)Cc1ccc(N)cc1,CCOC(=O)C(C#N)=N[O+]=C(N(C)C)N(C)C.F[P-](F)(F)(F)(F)F,CN1CCOCC1,,,CC#N,CC#N,,CNS(=O)(=O)Cc1ccc(NC(=O)Cc2c(C)n(C(=O)c3ccc(Cl)cc3)c3ccc(OC)cc23)cc1,25.0,86400.0,0.0,0.0,58.209999084472656
COc1ccc2c(c1)c(CC(=O)O)c(C)n2C(=O)c1ccc(Cl)cc1,CC(C)c1cccc(C(C)C)c1N,F[P-](F)(F)(F)(F)F.c1ccc2c(c1)nnn2O[P+](N1CCCC1)(N1CCCC1)N1CCCC1,Cc1cccc(C)n1,,,CN(C)C=O,CN(C)C=O,,COc1ccc2c(c1)c(CC(=O)Nc1c(C(C)C)cccc1C(C)C)c(C)n2C(=O)c1ccc(Cl)cc1,25.0,86400.0,0.0,0.0,34.150001525878906
COc1ccc2c(c1)c(CC(=O)O)c(C)n2C(=O)c1ccc(Cl)cc1,N#Cc1ccc(Cl)c(N)c1,CCOC(=O)C(C#N)=N[O+]=C(N(C)C)N(C)C.F[P-](F)(F)(F)(F)F,Cc1cccc(C)n1,,,CN(C)C=O,CN(C)C=O,,COc1ccc2c(c1)c(CC(=O)Nc1cc(C#N)ccc1Cl)c(C)n2C(=O)c1ccc(Cl)cc1,25.0,86400.0,0.0,0.0,2.880000114440918
COc1ccc2c(c1)c(CC(=O)O)c(C)n2C(=O)c1ccc(Cl)cc1,COC(=O)c1ccc(Cl)cc1N,O=C1OCCN1P(=O)(Cl)N1CCOC1=O,Cn1ccnc1,,,CC#N,CC#N,,COC(=O)c1cc(Cl)ccc1NC(=O)Cc1c(C)n(C(=O)c2ccc(Cl)cc2)c2ccc(OC)cc12,25.0,86400.0,0.0,0.0,1.340000033378601
COc1ccc2c(c1)c(CC(=O)O)c(C)n2C(=O)c1ccc(Cl)cc1,COC(=O)c1ccc(Cl)cc1N,F[P-](F)(F)(F)(F)F.c1ccc2c(c1)nnn2O[P+](N1CCCC1)(N1CCCC1)N1CCCC1,Cc1cccc(C)n1,,,C1CCOC1,C1CCOC1,,COC(=O)c1cc(Cl)ccc1NC(=O)Cc1c(C)n(C(=O)c2ccc(Cl)cc2)c2ccc(OC)cc12,25.0,86400.0,0.0,0.0,7.369999885559082
COc1ccc2c(c1)c(CC(=O)O)c(C)n2C(=O)c1ccc(Cl)cc1,N#Cc1ccc(N)cc1C(F)(F)F,O=C1OCCN1P(=O)(Cl)N1CCOC1=O,CN1CCOCC1,,,C1CCOC1,C1CCOC1,,COc1ccc2c(c1)c(CC(=O)Nc1ccc(C#N)c(C(F)(F)F)c1)c(C)n2C(=O)c1ccc(Cl)cc1,25.0,86400.0,0.0,0.0,38.36000061035156
COc1ccc2c(c1)c(CC(=O)O)c(C)n2C(=O)c1ccc(Cl)cc1,COC(=O)c1ccc(Cl)cc1N,CN(C)C(=[Cl+])N(C)C.F[P-](F)(F)(F)(F)F,Cc1cccc(C)n1,,,CC#N,CC#N,,COC(=O)c1cc(Cl)ccc1NC(=O)Cc1c(C)n(C(=O)c2ccc(Cl)cc2)c2ccc(OC)cc12,25.0,86400.0,0.0,0.0,0.8899999856948853
COc1ccc2c(c1)c(CC(=O)O)c(C)n2C(=O)c1ccc(Cl)cc1,CC(C)c1cccc(C(C)C)c1N,CN(C)C(=[F+])N(C)C.F[P-](F)(F)(F)(F)F,Cc1cccc(C)n1,,,C1CCOC1,C1CCOC1,,COc1ccc2c(c1)c(CC(=O)Nc1c(C(C)C)cccc1C(C)C)c(C)n2C(=O)c1ccc(Cl)cc1,25.0,86400.0,0.0,0.0,0.10999999940395355
COc1ccc2c(c1)c(CC(=O)O)c(C)n2C(=O)c1ccc(Cl)cc1,N#Cc1ccc(Cl)c(N)c1,CN(C)C(=[O+]n1nnc2cccnc21)N(C)C.F[P-](F)(F)(F)(F)F,CN1CCOCC1,,,C1CCOC1,C1CCOC1,,COc1ccc2c(c1)c(CC(=O)Nc1cc(C#N)ccc1Cl)c(C)n2C(=O)c1ccc(Cl)cc1,25.0,86400.0,0.0,0.0,0.8299999833106995
COc1ccc2c(c1)c(CC(=O)O)c(C)n2C(=O)c1ccc(Cl)cc1,N=c1ccc(Cl)n[nH]1,O=P(Cl)(c1ccccc1)c1ccccc1,Cc1cccc(C)n1,,,CC#N,CC#N,,COc1ccc2c(c1)c(CC(=O)Nc1ccc(Cl)nn1)c(C)n2C(=O)c1ccc(Cl)cc1,25.0,86400.0,0.0,0.0,23.489999771118164
COc1ccc2c(c1)c(CC(=O)O)c(C)n2C(=O)c1ccc(Cl)cc1,CC(C)c1cccc(C(C)C)c1N,CN(C)C(=[O+]c1c(F)c(F)c(F)c(F)c1F)N(C)C.F[P-](F)(F)(F)(F)F,Cc1cccc(C)n1,,,CN(C)C=O,CN(C)C=O,,COc1ccc2c(c1)c(CC(=O)Nc1c(C(C)C)cccc1C(C)C)c(C)n2C(=O)c1ccc(Cl)cc1,25.0,86400.0,0.0,0.0,4.210000038146973
COc1ccc2c(c1)c(CC(=O)O)c(C)n2C(=O)c1ccc(Cl)cc1,N#Cc1ccc(Cl)c(N)c1,CN(C)C(=[Cl+])N(C)C.F[P-](F)(F)(F)(F)F,CCN(C(C)C)C(C)C,,,C1CCOC1,C1CCOC1,,COc1ccc2c(c1)c(CC(=O)Nc1cc(C#N)ccc1Cl)c(C)n2C(=O)c1ccc(Cl)cc1,25.0,86400.0,0.0,0.0,7.269999980926514
COc1ccc2c(c1)c(CC(=O)O)c(C)n2C(=O)c1ccc(Cl)cc1,N#Cc1ccc(N)cc1C(F)(F)F,CN(C)C(=[Cl+])N(C)C.F[P-](F)(F)(F)(F)F,Cn1ccnc1,,,CN(C)C=O,CN(C)C=O,,COc1ccc2c(c1)c(CC(=O)Nc1ccc(C#N)c(C(F)(F)F)c1)c(C)n2C(=O)c1ccc(Cl)cc1,25.0,86400.0,0.0,0.0,39.209999084472656
COc1ccc2c(c1)c(CC(=O)O)c(C)n2C(=O)c1ccc(Cl)cc1,CC(C)c1cccc(C(C)C)c1N,CN(C)C(=[F+])N(C)C.F[P-](F)(F)(F)(F)F,CN1CCOCC1,,,CC#N,CC#N,,COc1ccc2c(c1)c(CC(=O)Nc1c(C(C)C)cccc1C(C)C)c(C)n2C(=O)c1ccc(Cl)cc1,25.0,86400.0,0.0,0.0,6.940000057220459
COc1ccc2c(c1)c(CC(=O)O)c(C)n2C(=O)c1ccc(Cl)cc1,Cc1ccc2ncccc2c1N,CCOC(=O)C(C#N)=N[O+]=C(N(C)C)N(C)C.F[P-](F)(F)(F)(F)F,CCN(C(C)C)C(C)C,,,C1CCOC1,C1CCOC1,,COc1ccc2c(c1)c(CC(=O)Nc1c(C)ccc3ncccc13)c(C)n2C(=O)c1ccc(Cl)cc1,25.0,86400.0,0.0,0.0,34.06999969482422
COc1ccc2c(c1)c(CC(=O)O)c(C)n2C(=O)c1ccc(Cl)cc1,CC(C)c1cccc(C(C)C)c1N,O=C1OCCN1P(=O)(Cl)N1CCOC1=O,Cn1ccnc1,,,CN(C)C=O,CN(C)C=O,,COc1ccc2c(c1)c(CC(=O)Nc1c(C(C)C)cccc1C(C)C)c(C)n2C(=O)c1ccc(Cl)cc1,25.0,86400.0,0.0,0.0,29.579999923706055
COc1ccc2c(c1)c(CC(=O)O)c(C)n2C(=O)c1ccc(Cl)cc1,COC(=O)c1ccc(Cl)cc1N,CN(C)C(=[O+]n1nnc2cccnc21)N(C)C.F[P-](F)(F)(F)(F)F,CN1CCOCC1,,,CC#N,CC#N,,COC(=O)c1cc(Cl)ccc1NC(=O)Cc1c(C)n(C(=O)c2ccc(Cl)cc2)c2ccc(OC)cc12,25.0,86400.0,0.0,0.0,0.8700000047683716
COc1ccc2c(c1)c(CC(=O)O)c(C)n2C(=O)c1ccc(Cl)cc1,Cc1cc(C)c(N)c(Br)c1,CN(C)C(=[F+])N(C)C.F[P-](F)(F)(F)(F)F,CCN(C(C)C)C(C)C,,,CN(C)C=O,CN(C)C=O,,COc1ccc2c(c1)c(CC(=O)Nc1c(C)cc(C)cc1Br)c(C)n2C(=O)c1ccc(Cl)cc1,25.0,86400.0,0.0,0.0,7.349999904632568
COc1ccc2c(c1)c(CC(=O)O)c(C)n2C(=O)c1ccc(Cl)cc1,N#Cc1ccc(N)cc1C(F)(F)F,CN(C)C(=[O+]n1nnc2cccnc21)N(C)C.F[P-](F)(F)(F)(F)F,Cn1ccnc1,,,CC#N,CC#N,,COc1ccc2c(c1)c(CC(=O)Nc1ccc(C#N)c(C(F)(F)F)c1)c(C)n2C(=O)c1ccc(Cl)cc1,25.0,86400.0,0.0,0.0,4.150000095367432
COc1ccc2c(c1)c(CC(=O)O)c(C)n2C(=O)c1ccc(Cl)cc1,COC(=O)c1ccc(Cl)cc1N,CN(C)C(=[O+]c1c(F)c(F)c(F)c(F)c1F)N(C)C.F[P-](F)(F)(F)(F)F,CCN(C(C)C)C(C)C,,,CN(C)C=O,CN(C)C=O,,COC(=O)c1cc(Cl)ccc1NC(=O)Cc1c(C)n(C(=O)c2ccc(Cl)cc2)c2ccc(OC)cc12,25.0,86400.0,0.0,0.0,24.790000915527344
COc1ccc2c(c1)c(CC(=O)O)c(C)n2C(=O)c1ccc(Cl)cc1,CC(C)c1cccc(C(C)C)c1N,CN(C)C(=[O+]c1c(F)c(F)c(F)c(F)c1F)N(C)C.F[P-](F)(F)(F)(F)F,CCN(C(C)C)C(C)C,,,CC#N,CC#N,,COc1ccc2c(c1)c(CC(=O)Nc1c(C(C)C)cccc1C(C)C)c(C)n2C(=O)c1ccc(Cl)cc1,25.0,86400.0,0.0,0.0,8.119999885559082
COc1ccc2c(c1)c(CC(=O)O)c(C)n2C(=O)c1ccc(Cl)cc1,N#Cc1ccc(N)cc1C(F)(F)F,CN(C)C(=[O+]c1c(F)c(F)c(F)c(F)c1F)N(C)C.F[P-](F)(F)(F)(F)F,Cc1cccc(C)n1,,,C1CCOC1,C1CCOC1,,COc1ccc2c(c1)c(CC(=O)Nc1ccc(C#N)c(C(F)(F)F)c1)c(C)n2C(=O)c1ccc(Cl)cc1,25.0,86400.0,0.0,0.0,0.18000000715255737
COc1ccc2c(c1)c(CC(=O)O)c(C)n2C(=O)c1ccc(Cl)cc1,Nc1cc(-c2ccccc2)nn1-c1ccccc1,CN(C)C(=[O+]n1nnc2cccnc21)N(C)C.F[P-](F)(F)(F)(F)F,Cc1cccc(C)n1,,,C1CCOC1,C1CCOC1,,COc1ccc2c(c1)c(CC(=O)Nc1cc(-c3ccccc3)nn1-c1ccccc1)c(C)n2C(=O)c1ccc(Cl)cc1,25.0,86400.0,0.0,0.0,0.6499999761581421
COc1ccc2c(c1)c(CC(=O)O)c(C)n2C(=O)c1ccc(Cl)cc1,Nc1cc(-c2ccccc2)nn1-c1ccccc1,CN(C)C(=[F+])N(C)C.F[P-](F)(F)(F)(F)F,CN1CCOCC1,,,CC#N,CC#N,,COc1ccc2c(c1)c(CC(=O)Nc1cc(-c3ccccc3)nn1-c1ccccc1)c(C)n2C(=O)c1ccc(Cl)cc1,25.0,86400.0,0.0,0.0,27.950000762939453
COc1ccc2c(c1)c(CC(=O)O)c(C)n2C(=O)c1ccc(Cl)cc1,N=c1ccc(Cl)n[nH]1,CN(C)C(=[Cl+])N(C)C.F[P-](F)(F)(F)(F)F,CCN(C(C)C)C(C)C,,,C1CCOC1,C1CCOC1,,COc1ccc2c(c1)c(CC(=O)Nc1ccc(Cl)nn1)c(C)n2C(=O)c1ccc(Cl)cc1,25.0,86400.0,0.0,0.0,10.670000076293945
COc1ccc2c(c1)c(CC(=O)O)c(C)n2C(=O)c1ccc(Cl)cc1,CC(C)c1cccc(C(C)C)c1N,O=P(Cl)(c1ccccc1)c1ccccc1,CN1CCOCC1,,,C1CCOC1,C1CCOC1,,COc1ccc2c(c1)c(CC(=O)Nc1c(C(C)C)cccc1C(C)C)c(C)n2C(=O)c1ccc(Cl)cc1,25.0,86400.0,0.0,0.0,34.25
COc1ccc2c(c1)c(CC(=O)O)c(C)n2C(=O)c1ccc(Cl)cc1,N#Cc1ccc(Cl)c(N)c1,O=P(Cl)(c1ccccc1)c1ccccc1,CN1CCOCC1,,,CN(C)C=O,CN(C)C=O,,COc1ccc2c(c1)c(CC(=O)Nc1cc(C#N)ccc1Cl)c(C)n2C(=O)c1ccc(Cl)cc1,25.0,86400.0,0.0,0.0,35.880001068115234
COc1ccc2c(c1)c(CC(=O)O)c(C)n2C(=O)c1ccc(Cl)cc1,CNS(=O)(=O)Cc1ccc(N)cc1,CCOC(=O)C(C#N)=N[O+]=C(N(C)C)N(C)C.F[P-](F)(F)(F)(F)F,CN1CCOCC1,,,C1CCOC1,C1CCOC1,,CNS(=O)(=O)Cc1ccc(NC(=O)Cc2c(C)n(C(=O)c3ccc(Cl)cc3)c3ccc(OC)cc23)cc1,25.0,86400.0,0.0,0.0,59.849998474121094
COc1ccc2c(c1)c(CC(=O)O)c(C)n2C(=O)c1ccc(Cl)cc1,Cc1cc(C)c(N)c(Br)c1,CCOC(=O)C(C#N)=N[O+]=C(N(C)C)N(C)C.F[P-](F)(F)(F)(F)F,CCN(C(C)C)C(C)C,,,CN(C)C=O,CN(C)C=O,,COc1ccc2c(c1)c(CC(=O)Nc1c(C)cc(C)cc1Br)c(C)n2C(=O)c1ccc(Cl)cc1,25.0,86400.0,0.0,0.0,10.90999984741211
COc1ccc2c(c1)c(CC(=O)O)c(C)n2C(=O)c1ccc(Cl)cc1,Cc1cc([N+](=O)[O-])ccc1N,O=P(Cl)(c1ccccc1)c1ccccc1,CN1CCOCC1,,,CN(C)C=O,CN(C)C=O,,COc1ccc2c(c1)c(CC(=O)Nc1ccc([N+](=O)[O-])cc1C)c(C)n2C(=O)c1ccc(Cl)cc1,25.0,86400.0,0.0,0.0,3.049999952316284
COc1ccc2c(c1)c(CC(=O)O)c(C)n2C(=O)c1ccc(Cl)cc1,CNS(=O)(=O)Cc1ccc(N)cc1,CN(C)C(=[F+])N(C)C.F[P-](F)(F)(F)(F)F,Cc1cccc(C)n1,,,CN(C)C=O,CN(C)C=O,,CNS(=O)(=O)Cc1ccc(NC(=O)Cc2c(C)n(C(=O)c3ccc(Cl)cc3)c3ccc(OC)cc23)cc1,25.0,86400.0,0.0,0.0,50.81999969482422
COc1ccc2c(c1)c(CC(=O)O)c(C)n2C(=O)c1ccc(Cl)cc1,CNS(=O)(=O)Cc1ccc(N)cc1,CN(C)C(=[O+]c1c(F)c(F)c(F)c(F)c1F)N(C)C.F[P-](F)(F)(F)(F)F,CN1CCOCC1,,,CC#N,CC#N,,CNS(=O)(=O)Cc1ccc(NC(=O)Cc2c(C)n(C(=O)c3ccc(Cl)cc3)c3ccc(OC)cc23)cc1,25.0,86400.0,0.0,0.0,44.650001525878906
COc1ccc2c(c1)c(CC(=O)O)c(C)n2C(=O)c1ccc(Cl)cc1,COC(=O)c1ccc(Cl)cc1N,CN(C)C(=[O+]n1nnc2cccnc21)N(C)C.F[P-](F)(F)(F)(F)F,Cn1ccnc1,,,CN(C)C=O,CN(C)C=O,,COC(=O)c1cc(Cl)ccc1NC(=O)Cc1c(C)n(C(=O)c2ccc(Cl)cc2)c2ccc(OC)cc12,25.0,86400.0,0.0,0.0,22.600000381469727
COc1ccc2c(c1)c(CC(=O)O)c(C)n2C(=O)c1ccc(Cl)cc1,CNS(=O)(=O)Cc1ccc(N)cc1,CN(C)C(=[F+])N(C)C.F[P-](F)(F)(F)(F)F,Cc1cccc(C)n1,,,CC#N,CC#N,,CNS(=O)(=O)Cc1ccc(NC(=O)Cc2c(C)n(C(=O)c3ccc(Cl)cc3)c3ccc(OC)cc23)cc1,25.0,86400.0,0.0,0.0,57.16999816894531
COc1ccc2c(c1)c(CC(=O)O)c(C)n2C(=O)c1ccc(Cl)cc1,Cc1cc([N+](=O)[O-])ccc1N,F[P-](F)(F)(F)(F)F.c1ccc2c(c1)nnn2O[P+](N1CCCC1)(N1CCCC1)N1CCCC1,Cc1cccc(C)n1,,,CC#N,CC#N,,COc1ccc2c(c1)c(CC(=O)Nc1ccc([N+](=O)[O-])cc1C)c(C)n2C(=O)c1ccc(Cl)cc1,25.0,86400.0,0.0,0.0,2.759999990463257
COc1ccc2c(c1)c(CC(=O)O)c(C)n2C(=O)c1ccc(Cl)cc1,Cc1ccc2ncccc2c1N,CN(C)C(=[O+]n1nnc2cccnc21)N(C)C.F[P-](F)(F)(F)(F)F,CN1CCOCC1,,,CC#N,CC#N,,COc1ccc2c(c1)c(CC(=O)Nc1c(C)ccc3ncccc13)c(C)n2C(=O)c1ccc(Cl)cc1,25.0,86400.0,0.0,0.0,19.0
COc1ccc2c(c1)c(CC(=O)O)c(C)n2C(=O)c1ccc(Cl)cc1,Cc1cc([N+](=O)[O-])ccc1N,CN(C)C(=[O+]n1nnc2cccnc21)N(C)C.F[P-](F)(F)(F)(F)F,CCN(C(C)C)C(C)C,,,C1CCOC1,C1CCOC1,,COc1ccc2c(c1)c(CC(=O)Nc1ccc([N+](=O)[O-])cc1C)c(C)n2C(=O)c1ccc(Cl)cc1,25.0,86400.0,0.0,0.0,3.5399999618530273
COc1ccc2c(c1)c(CC(=O)O)c(C)n2C(=O)c1ccc(Cl)cc1,Cc1ccc2ncccc2c1N,CN(C)C(=[O+]c1c(F)c(F)c(F)c(F)c1F)N(C)C.F[P-](F)(F)(F)(F)F,Cn1ccnc1,,,CC#N,CC#N,,COc1ccc2c(c1)c(CC(=O)Nc1c(C)ccc3ncccc13)c(C)n2C(=O)c1ccc(Cl)cc1,25.0,86400.0,0.0,0.0,6.340000152587891
COc1ccc2c(c1)c(CC(=O)O)c(C)n2C(=O)c1ccc(Cl)cc1,Nc1cc(-c2ccccc2)nn1-c1ccccc1,CN(C)C(=[O+]c1c(F)c(F)c(F)c(F)c1F)N(C)C.F[P-](F)(F)(F)(F)F,CCN(C(C)C)C(C)C,,,CN(C)C=O,CN(C)C=O,,COc1ccc2c(c1)c(CC(=O)Nc1cc(-c3ccccc3)nn1-c1ccccc1)c(C)n2C(=O)c1ccc(Cl)cc1,25.0,86400.0,0.0,0.0,25.389999389648438
COc1ccc2c(c1)c(CC(=O)O)c(C)n2C(=O)c1ccc(Cl)cc1,N#Cc1ccc(N)cc1C(F)(F)F,O=P(Cl)(c1ccccc1)c1ccccc1,CCN(C(C)C)C(C)C,,,C1CCOC1,C1CCOC1,,COc1ccc2c(c1)c(CC(=O)Nc1ccc(C#N)c(C(F)(F)F)c1)c(C)n2C(=O)c1ccc(Cl)cc1,25.0,86400.0,0.0,0.0,51.84000015258789
COc1ccc2c(c1)c(CC(=O)O)c(C)n2C(=O)c1ccc(Cl)cc1,CC(C)c1cccc(C(C)C)c1N,CN(C)C(=[Cl+])N(C)C.F[P-](F)(F)(F)(F)F,CCN(C(C)C)C(C)C,,,C1CCOC1,C1CCOC1,,COc1ccc2c(c1)c(CC(=O)Nc1c(C(C)C)cccc1C(C)C)c(C)n2C(=O)c1ccc(Cl)cc1,25.0,86400.0,0.0,0.0,21.579999923706055
COc1ccc2c(c1)c(CC(=O)O)c(C)n2C(=O)c1ccc(Cl)cc1,N#Cc1ccc(N)cc1C(F)(F)F,F[P-](F)(F)(F)(F)F.c1ccc2c(c1)nnn2O[P+](N1CCCC1)(N1CCCC1)N1CCCC1,CCN(C(C)C)C(C)C,,,CC#N,CC#N,,COc1ccc2c(c1)c(CC(=O)Nc1ccc(C#N)c(C(F)(F)F)c1)c(C)n2C(=O)c1ccc(Cl)cc1,25.0,86400.0,0.0,0.0,13.369999885559082
COc1ccc2c(c1)c(CC(=O)O)c(C)n2C(=O)c1ccc(Cl)cc1,N#Cc1ccc(Cl)c(N)c1,CN(C)C(=[F+])N(C)C.F[P-](F)(F)(F)(F)F,CCN(C(C)C)C(C)C,,,CC#N,CC#N,,COc1ccc2c(c1)c(CC(=O)Nc1cc(C#N)ccc1Cl)c(C)n2C(=O)c1ccc(Cl)cc1,25.0,86400.0,0.0,0.0,34.619998931884766
COc1ccc2c(c1)c(CC(=O)O)c(C)n2C(=O)c1ccc(Cl)cc1,Nc1cc(-c2ccccc2)nn1-c1ccccc1,CN(C)C(=[O+]n1nnc2cccnc21)N(C)C.F[P-](F)(F)(F)(F)F,CCN(C(C)C)C(C)C,,,CN(C)C=O,CN(C)C=O,,COc1ccc2c(c1)c(CC(=O)Nc1cc(-c3ccccc3)nn1-c1ccccc1)c(C)n2C(=O)c1ccc(Cl)cc1,25.0,86400.0,0.0,0.0,51.09000015258789
COc1ccc2c(c1)c(CC(=O)O)c(C)n2C(=O)c1ccc(Cl)cc1,Cc1ccc2ncccc2c1N,CN(C)C(=[O+]c1c(F)c(F)c(F)c(F)c1F)N(C)C.F[P-](F)(F)(F)(F)F,CCN(C(C)C)C(C)C,,,C1CCOC1,C1CCOC1,,COc1ccc2c(c1)c(CC(=O)Nc1c(C)ccc3ncccc13)c(C)n2C(=O)c1ccc(Cl)cc1,25.0,86400.0,0.0,0.0,3.75
COc1ccc2c(c1)c(CC(=O)O)c(C)n2C(=O)c1ccc(Cl)cc1,Cc1cc(C)c(N)c(Br)c1,O=C1OCCN1P(=O)(Cl)N1CCOC1=O,Cn1ccnc1,,,CN(C)C=O,CN(C)C=O,,COc1ccc2c(c1)c(CC(=O)Nc1c(C)cc(C)cc1Br)c(C)n2C(=O)c1ccc(Cl)cc1,25.0,86400.0,0.0,0.0,6.119999885559082
COc1ccc2c(c1)c(CC(=O)O)c(C)n2C(=O)c1ccc(Cl)cc1,N=c1ccc(Cl)n[nH]1,CN(C)C(=[O+]n1nnc2cccnc21)N(C)C.F[P-](F)(F)(F)(F)F,CCN(C(C)C)C(C)C,,,CC#N,CC#N,,COc1ccc2c(c1)c(CC(=O)Nc1ccc(Cl)nn1)c(C)n2C(=O)c1ccc(Cl)cc1,25.0,86400.0,0.0,0.0,43.72999954223633
COc1ccc2c(c1)c(CC(=O)O)c(C)n2C(=O)c1ccc(Cl)cc1,CC(C)c1cccc(C(C)C)c1N,O=C1OCCN1P(=O)(Cl)N1CCOC1=O,CCN(C(C)C)C(C)C,,,CN(C)C=O,CN(C)C=O,,COc1ccc2c(c1)c(CC(=O)Nc1c(C(C)C)cccc1C(C)C)c(C)n2C(=O)c1ccc(Cl)cc1,25.0,86400.0,0.0,0.0,4.989999771118164
COc1ccc2c(c1)c(CC(=O)O)c(C)n2C(=O)c1ccc(Cl)cc1,Cc1cc([N+](=O)[O-])ccc1N,CN(C)C(=[O+]n1nnc2cccnc21)N(C)C.F[P-](F)(F)(F)(F)F,Cc1cccc(C)n1,,,CN(C)C=O,CN(C)C=O,,COc1ccc2c(c1)c(CC(=O)Nc1ccc([N+](=O)[O-])cc1C)c(C)n2C(=O)c1ccc(Cl)cc1,25.0,86400.0,0.0,0.0,1.0399999618530273
COc1ccc2c(c1)c(CC(=O)O)c(C)n2C(=O)c1ccc(Cl)cc1,CNS(=O)(=O)Cc1ccc(N)cc1,CN(C)C(=[O+]c1c(F)c(F)c(F)c(F)c1F)N(C)C.F[P-](F)(F)(F)(F)F,Cc1cccc(C)n1,,,CC#N,CC#N,,CNS(=O)(=O)Cc1ccc(NC(=O)Cc2c(C)n(C(=O)c3ccc(Cl)cc3)c3ccc(OC)cc23)cc1,25.0,86400.0,0.0,0.0,30.219999313354492
COc1ccc2c(c1)c(CC(=O)O)c(C)n2C(=O)c1ccc(Cl)cc1,N=c1ccc(Cl)n[nH]1,CN(C)C(=[O+]c1c(F)c(F)c(F)c(F)c1F)N(C)C.F[P-](F)(F)(F)(F)F,CCN(C(C)C)C(C)C,,,CN(C)C=O,CN(C)C=O,,COc1ccc2c(c1)c(CC(=O)Nc1ccc(Cl)nn1)c(C)n2C(=O)c1ccc(Cl)cc1,25.0,86400.0,0.0,0.0,14.600000381469727
COc1ccc2c(c1)c(CC(=O)O)c(C)n2C(=O)c1ccc(Cl)cc1,Cc1cc(C)c(N)c(Br)c1,CN(C)C(=[O+]n1nnc2cccnc21)N(C)C.F[P-](F)(F)(F)(F)F,CCN(C(C)C)C(C)C,,,C1CCOC1,C1CCOC1,,COc1ccc2c(c1)c(CC(=O)Nc1c(C)cc(C)cc1Br)c(C)n2C(=O)c1ccc(Cl)cc1,25.0,86400.0,0.0,0.0,17.610000610351562
COc1ccc2c(c1)c(CC(=O)O)c(C)n2C(=O)c1ccc(Cl)cc1,Cc1ccc2ncccc2c1N,CCOC(=O)C(C#N)=N[O+]=C(N(C)C)N(C)C.F[P-](F)(F)(F)(F)F,CCN(C(C)C)C(C)C,,,CC#N,CC#N,,COc1ccc2c(c1)c(CC(=O)Nc1c(C)ccc3ncccc13)c(C)n2C(=O)c1ccc(Cl)cc1,25.0,86400.0,0.0,0.0,13.170000076293945
COc1ccc2c(c1)c(CC(=O)O)c(C)n2C(=O)c1ccc(Cl)cc1,N#Cc1ccc(Cl)c(N)c1,CCOC(=O)C(C#N)=N[O+]=C(N(C)C)N(C)C.F[P-](F)(F)(F)(F)F,CN1CCOCC1,,,CC#N,CC#N,,COc1ccc2c(c1)c(CC(=O)Nc1cc(C#N)ccc1Cl)c(C)n2C(=O)c1ccc(Cl)cc1,25.0,86400.0,0.0,0.0,10.289999961853027
COc1ccc2c(c1)c(CC(=O)O)c(C)n2C(=O)c1ccc(Cl)cc1,N=c1ccc(Cl)n[nH]1,CN(C)C(=[F+])N(C)C.F[P-](F)(F)(F)(F)F,CN1CCOCC1,,,C1CCOC1,C1CCOC1,,COc1ccc2c(c1)c(CC(=O)Nc1ccc(Cl)nn1)c(C)n2C(=O)c1ccc(Cl)cc1,25.0,86400.0,0.0,0.0,18.079999923706055
COc1ccc2c(c1)c(CC(=O)O)c(C)n2C(=O)c1ccc(Cl)cc1,N=c1ccc(Cl)n[nH]1,CN(C)C(=[O+]n1nnc2cccnc21)N(C)C.F[P-](F)(F)(F)(F)F,Cc1cccc(C)n1,,,CC#N,CC#N,,COc1ccc2c(c1)c(CC(=O)Nc1ccc(Cl)nn1)c(C)n2C(=O)c1ccc(Cl)cc1,25.0,86400.0,0.0,0.0,21.510000228881836
COc1ccc2c(c1)c(CC(=O)O)c(C)n2C(=O)c1ccc(Cl)cc1,N#Cc1ccc(Cl)c(N)c1,O=C1OCCN1P(=O)(Cl)N1CCOC1=O,CN1CCOCC1,,,C1CCOC1,C1CCOC1,,COc1ccc2c(c1)c(CC(=O)Nc1cc(C#N)ccc1Cl)c(C)n2C(=O)c1ccc(Cl)cc1,25.0,86400.0,0.0,0.0,40.54999923706055
COc1ccc2c(c1)c(CC(=O)O)c(C)n2C(=O)c1ccc(Cl)cc1,N#Cc1ccc(N)cc1C(F)(F)F,CN(C)C(=[F+])N(C)C.F[P-](F)(F)(F)(F)F,CCN(C(C)C)C(C)C,,,CN(C)C=O,CN(C)C=O,,COc1ccc2c(c1)c(CC(=O)Nc1ccc(C#N)c(C(F)(F)F)c1)c(C)n2C(=O)c1ccc(Cl)cc1,25.0,86400.0,0.0,0.0,20.170000076293945
COc1ccc2c(c1)c(CC(=O)O)c(C)n2C(=O)c1ccc(Cl)cc1,N#Cc1ccc(N)cc1C(F)(F)F,CN(C)C(=[Cl+])N(C)C.F[P-](F)(F)(F)(F)F,CCN(C(C)C)C(C)C,,,C1CCOC1,C1CCOC1,,COc1ccc2c(c1)c(CC(=O)Nc1ccc(C#N)c(C(F)(F)F)c1)c(C)n2C(=O)c1ccc(Cl)cc1,25.0,86400.0,0.0,0.0,16.90999984741211
COc1ccc2c(c1)c(CC(=O)O)c(C)n2C(=O)c1ccc(Cl)cc1,Cc1cc(C)c(N)c(Br)c1,O=P(Cl)(c1ccccc1)c1ccccc1,CCN(C(C)C)C(C)C,,,CC#N,CC#N,,COc1ccc2c(c1)c(CC(=O)Nc1c(C)cc(C)cc1Br)c(C)n2C(=O)c1ccc(Cl)cc1,25.0,86400.0,0.0,0.0,7.46999979019165
COc1ccc2c(c1)c(CC(=O)O)c(C)n2C(=O)c1ccc(Cl)cc1,CC(C)c1cccc(C(C)C)c1N,CCOC(=O)C(C#N)=N[O+]=C(N(C)C)N(C)C.F[P-](F)(F)(F)(F)F,CCN(C(C)C)C(C)C,,,CC#N,CC#N,,COc1ccc2c(c1)c(CC(=O)Nc1c(C(C)C)cccc1C(C)C)c(C)n2C(=O)c1ccc(Cl)cc1,25.0,86400.0,0.0,0.0,17.93000030517578
COc1ccc2c(c1)c(CC(=O)O)c(C)n2C(=O)c1ccc(Cl)cc1,Cc1ccc2ncccc2c1N,O=P(Cl)(c1ccccc1)c1ccccc1,Cc1cccc(C)n1,,,C1CCOC1,C1CCOC1,,COc1ccc2c(c1)c(CC(=O)Nc1c(C)ccc3ncccc13)c(C)n2C(=O)c1ccc(Cl)cc1,25.0,86400.0,0.0,0.0,34.650001525878906
COc1ccc2c(c1)c(CC(=O)O)c(C)n2C(=O)c1ccc(Cl)cc1,COC(=O)c1ccc(Cl)cc1N,CN(C)C(=[O+]c1c(F)c(F)c(F)c(F)c1F)N(C)C.F[P-](F)(F)(F)(F)F,CCN(C(C)C)C(C)C,,,C1CCOC1,C1CCOC1,,COC(=O)c1cc(Cl)ccc1NC(=O)Cc1c(C)n(C(=O)c2ccc(Cl)cc2)c2ccc(OC)cc12,25.0,86400.0,0.0,0.0,11.40999984741211
COc1ccc2c(c1)c(CC(=O)O)c(C)n2C(=O)c1ccc(Cl)cc1,N#Cc1ccc(N)cc1C(F)(F)F,CCOC(=O)C(C#N)=N[O+]=C(N(C)C)N(C)C.F[P-](F)(F)(F)(F)F,CN1CCOCC1,,,CC#N,CC#N,,COc1ccc2c(c1)c(CC(=O)Nc1ccc(C#N)c(C(F)(F)F)c1)c(C)n2C(=O)c1ccc(Cl)cc1,25.0,86400.0,0.0,0.0,4.0
COc1ccc2c(c1)c(CC(=O)O)c(C)n2C(=O)c1ccc(Cl)cc1,Cc1cc(C)c(N)c(Br)c1,CN(C)C(=[O+]c1c(F)c(F)c(F)c(F)c1F)N(C)C.F[P-](F)(F)(F)(F)F,CN1CCOCC1,,,CC#N,CC#N,,COc1ccc2c(c1)c(CC(=O)Nc1c(C)cc(C)cc1Br)c(C)n2C(=O)c1ccc(Cl)cc1,25.0,86400.0,0.0,0.0,3.609999895095825
COc1ccc2c(c1)c(CC(=O)O)c(C)n2C(=O)c1ccc(Cl)cc1,Cc1cc([N+](=O)[O-])ccc1N,CCOC(=O)C(C#N)=N[O+]=C(N(C)C)N(C)C.F[P-](F)(F)(F)(F)F,Cc1cccc(C)n1,,,C1CCOC1,C1CCOC1,,COc1ccc2c(c1)c(CC(=O)Nc1ccc([N+](=O)[O-])cc1C)c(C)n2C(=O)c1ccc(Cl)cc1,25.0,86400.0,0.0,0.0,1.399999976158142
COc1ccc2c(c1)c(CC(=O)O)c(C)n2C(=O)c1ccc(Cl)cc1,Cc1cc(C)c(N)c(Br)c1,CCOC(=O)C(C#N)=N[O+]=C(N(C)C)N(C)C.F[P-](F)(F)(F)(F)F,Cc1cccc(C)n1,,,C1CCOC1,C1CCOC1,,COc1ccc2c(c1)c(CC(=O)Nc1c(C)cc(C)cc1Br)c(C)n2C(=O)c1ccc(Cl)cc1,25.0,86400.0,0.0,0.0,8.539999961853027
COc1ccc2c(c1)c(CC(=O)O)c(C)n2C(=O)c1ccc(Cl)cc1,CNS(=O)(=O)Cc1ccc(N)cc1,CN(C)C(=[F+])N(C)C.F[P-](F)(F)(F)(F)F,Cn1ccnc1,,,CC#N,CC#N,,CNS(=O)(=O)Cc1ccc(NC(=O)Cc2c(C)n(C(=O)c3ccc(Cl)cc3)c3ccc(OC)cc23)cc1,25.0,86400.0,0.0,0.0,51.27000045776367
COc1ccc2c(c1)c(CC(=O)O)c(C)n2C(=O)c1ccc(Cl)cc1,COC(=O)c1ccc(Cl)cc1N,O=C1OCCN1P(=O)(Cl)N1CCOC1=O,Cc1cccc(C)n1,,,CC#N,CC#N,,COC(=O)c1cc(Cl)ccc1NC(=O)Cc1c(C)n(C(=O)c2ccc(Cl)cc2)c2ccc(OC)cc12,25.0,86400.0,0.0,0.0,0.9900000095367432
COc1ccc2c(c1)c(CC(=O)O)c(C)n2C(=O)c1ccc(Cl)cc1,N#Cc1ccc(Cl)c(N)c1,O=P(Cl)(c1ccccc1)c1ccccc1,Cc1cccc(C)n1,,,CN(C)C=O,CN(C)C=O,,COc1ccc2c(c1)c(CC(=O)Nc1cc(C#N)ccc1Cl)c(C)n2C(=O)c1ccc(Cl)cc1,25.0,86400.0,0.0,0.0,18.31999969482422
COc1ccc2c(c1)c(CC(=O)O)c(C)n2C(=O)c1ccc(Cl)cc1,Cc1cc([N+](=O)[O-])ccc1N,F[P-](F)(F)(F)(F)F.c1ccc2c(c1)nnn2O[P+](N1CCCC1)(N1CCCC1)N1CCCC1,Cn1ccnc1,,,C1CCOC1,C1CCOC1,,COc1ccc2c(c1)c(CC(=O)Nc1ccc([N+](=O)[O-])cc1C)c(C)n2C(=O)c1ccc(Cl)cc1,25.0,86400.0,0.0,0.0,3.119999885559082
COc1ccc2c(c1)c(CC(=O)O)c(C)n2C(=O)c1ccc(Cl)cc1,Cc1ccc2ncccc2c1N,CCOC(=O)C(C#N)=N[O+]=C(N(C)C)N(C)C.F[P-](F)(F)(F)(F)F,CN1CCOCC1,,,CC#N,CC#N,,COc1ccc2c(c1)c(CC(=O)Nc1c(C)ccc3ncccc13)c(C)n2C(=O)c1ccc(Cl)cc1,25.0,86400.0,0.0,0.0,51.400001525878906
COc1ccc2c(c1)c(CC(=O)O)c(C)n2C(=O)c1ccc(Cl)cc1,Cc1cc([N+](=O)[O-])ccc1N,F[P-](F)(F)(F)(F)F.c1ccc2c(c1)nnn2O[P+](N1CCCC1)(N1CCCC1)N1CCCC1,Cn1ccnc1,,,CN(C)C=O,CN(C)C=O,,COc1ccc2c(c1)c(CC(=O)Nc1ccc([N+](=O)[O-])cc1C)c(C)n2C(=O)c1ccc(Cl)cc1,25.0,86400.0,0.0,0.0,2.440000057220459
COc1ccc2c(c1)c(CC(=O)O)c(C)n2C(=O)c1ccc(Cl)cc1,COC(=O)c1ccc(Cl)cc1N,CN(C)C(=[O+]c1c(F)c(F)c(F)c(F)c1F)N(C)C.F[P-](F)(F)(F)(F)F,CN1CCOCC1,,,CN(C)C=O,CN(C)C=O,,COC(=O)c1cc(Cl)ccc1NC(=O)Cc1c(C)n(C(=O)c2ccc(Cl)cc2)c2ccc(OC)cc12,25.0,86400.0,0.0,0.0,13.020000457763672
COc1ccc2c(c1)c(CC(=O)O)c(C)n2C(=O)c1ccc(Cl)cc1,CNS(=O)(=O)Cc1ccc(N)cc1,O=C1OCCN1P(=O)(Cl)N1CCOC1=O,CCN(C(C)C)C(C)C,,,C1CCOC1,C1CCOC1,,CNS(=O)(=O)Cc1ccc(NC(=O)Cc2c(C)n(C(=O)c3ccc(Cl)cc3)c3ccc(OC)cc23)cc1,25.0,86400.0,0.0,0.0,60.59000015258789
COc1ccc2c(c1)c(CC(=O)O)c(C)n2C(=O)c1ccc(Cl)cc1,Cc1cc(C)c(N)c(Br)c1,CCOC(=O)C(C#N)=N[O+]=C(N(C)C)N(C)C.F[P-](F)(F)(F)(F)F,CN1CCOCC1,,,CN(C)C=O,CN(C)C=O,,COc1ccc2c(c1)c(CC(=O)Nc1c(C)cc(C)cc1Br)c(C)n2C(=O)c1ccc(Cl)cc1,25.0,86400.0,0.0,0.0,7.940000057220459
COc1ccc2c(c1)c(CC(=O)O)c(C)n2C(=O)c1ccc(Cl)cc1,N=c1ccc(Cl)n[nH]1,CN(C)C(=[F+])N(C)C.F[P-](F)(F)(F)(F)F,Cc1cccc(C)n1,,,CC#N,CC#N,,COc1ccc2c(c1)c(CC(=O)Nc1ccc(Cl)nn1)c(C)n2C(=O)c1ccc(Cl)cc1,25.0,86400.0,0.0,0.0,16.06999969482422
COc1ccc2c(c1)c(CC(=O)O)c(C)n2C(=O)c1ccc(Cl)cc1,N=c1ccc(Cl)n[nH]1,CN(C)C(=[O+]n1nnc2cccnc21)N(C)C.F[P-](F)(F)(F)(F)F,Cn1ccnc1,,,C1CCOC1,C1CCOC1,,COc1ccc2c(c1)c(CC(=O)Nc1ccc(Cl)nn1)c(C)n2C(=O)c1ccc(Cl)cc1,25.0,86400.0,0.0,0.0,32.08000183105469
COc1ccc2c(c1)c(CC(=O)O)c(C)n2C(=O)c1ccc(Cl)cc1,CC(C)c1cccc(C(C)C)c1N,CN(C)C(=[O+]n1nnc2cccnc21)N(C)C.F[P-](F)(F)(F)(F)F,Cn1ccnc1,,,CN(C)C=O,CN(C)C=O,,COc1ccc2c(c1)c(CC(=O)Nc1c(C(C)C)cccc1C(C)C)c(C)n2C(=O)c1ccc(Cl)cc1,25.0,86400.0,0.0,0.0,12.180000305175781
COc1ccc2c(c1)c(CC(=O)O)c(C)n2C(=O)c1ccc(Cl)cc1,CC(C)c1cccc(C(C)C)c1N,O=P(Cl)(c1ccccc1)c1ccccc1,CN1CCOCC1,,,CN(C)C=O,CN(C)C=O,,COc1ccc2c(c1)c(CC(=O)Nc1c(C(C)C)cccc1C(C)C)c(C)n2C(=O)c1ccc(Cl)cc1,25.0,86400.0,0.0,0.0,35.29999923706055
COc1ccc2c(c1)c(CC(=O)O)c(C)n2C(=O)c1ccc(Cl)cc1,N#Cc1ccc(Cl)c(N)c1,F[P-](F)(F)(F)(F)F.c1ccc2c(c1)nnn2O[P+](N1CCCC1)(N1CCCC1)N1CCCC1,Cn1ccnc1,,,CN(C)C=O,CN(C)C=O,,COc1ccc2c(c1)c(CC(=O)Nc1cc(C#N)ccc1Cl)c(C)n2C(=O)c1ccc(Cl)cc1,25.0,86400.0,0.0,0.0,5.420000076293945
COc1ccc2c(c1)c(CC(=O)O)c(C)n2C(=O)c1ccc(Cl)cc1,Cc1cc([N+](=O)[O-])ccc1N,CN(C)C(=[F+])N(C)C.F[P-](F)(F)(F)(F)F,CCN(C(C)C)C(C)C,,,CC#N,CC#N,,COc1ccc2c(c1)c(CC(=O)Nc1ccc([N+](=O)[O-])cc1C)c(C)n2C(=O)c1ccc(Cl)cc1,25.0,86400.0,0.0,0.0,1.2599999904632568
COc1ccc2c(c1)c(CC(=O)O)c(C)n2C(=O)c1ccc(Cl)cc1,COC(=O)c1ccc(Cl)cc1N,F[P-](F)(F)(F)(F)F.c1ccc2c(c1)nnn2O[P+](N1CCCC1)(N1CCCC1)N1CCCC1,Cc1cccc(C)n1,,,CN(C)C=O,CN(C)C=O,,COC(=O)c1cc(Cl)ccc1NC(=O)Cc1c(C)n(C(=O)c2ccc(Cl)cc2)c2ccc(OC)cc12,25.0,86400.0,0.0,0.0,1.3700000047683716
COc1ccc2c(c1)c(CC(=O)O)c(C)n2C(=O)c1ccc(Cl)cc1,N=c1ccc(Cl)n[nH]1,O=P(Cl)(c1ccccc1)c1ccccc1,Cc1cccc(C)n1,,,CN(C)C=O,CN(C)C=O,,COc1ccc2c(c1)c(CC(=O)Nc1ccc(Cl)nn1)c(C)n2C(=O)c1ccc(Cl)cc1,25.0,86400.0,0.0,0.0,19.969999313354492
COc1ccc2c(c1)c(CC(=O)O)c(C)n2C(=O)c1ccc(Cl)cc1,COC(=O)c1ccc(Cl)cc1N,O=C1OCCN1P(=O)(Cl)N1CCOC1=O,Cn1ccnc1,,,C1CCOC1,C1CCOC1,,COC(=O)c1cc(Cl)ccc1NC(=O)Cc1c(C)n(C(=O)c2ccc(Cl)cc2)c2ccc(OC)cc12,25.0,86400.0,0.0,0.0,29.760000228881836
COc1ccc2c(c1)c(CC(=O)O)c(C)n2C(=O)c1ccc(Cl)cc1,Cc1cc([N+](=O)[O-])ccc1N,CN(C)C(=[O+]n1nnc2cccnc21)N(C)C.F[P-](F)(F)(F)(F)F,CCN(C(C)C)C(C)C,,,CC#N,CC#N,,COc1ccc2c(c1)c(CC(=O)Nc1ccc([N+](=O)[O-])cc1C)c(C)n2C(=O)c1ccc(Cl)cc1,25.0,86400.0,0.0,0.0,3.4800000190734863
COc1ccc2c(c1)c(CC(=O)O)c(C)n2C(=O)c1ccc(Cl)cc1,Cc1ccc2ncccc2c1N,CN(C)C(=[Cl+])N(C)C.F[P-](F)(F)(F)(F)F,CCN(C(C)C)C(C)C,,,CN(C)C=O,CN(C)C=O,,COc1ccc2c(c1)c(CC(=O)Nc1c(C)ccc3ncccc13)c(C)n2C(=O)c1ccc(Cl)cc1,25.0,86400.0,0.0,0.0,40.27000045776367
COc1ccc2c(c1)c(CC(=O)O)c(C)n2C(=O)c1ccc(Cl)cc1,CNS(=O)(=O)Cc1ccc(N)cc1,CN(C)C(=[O+]n1nnc2cccnc21)N(C)C.F[P-](F)(F)(F)(F)F,CCN(C(C)C)C(C)C,,,C1CCOC1,C1CCOC1,,CNS(=O)(=O)Cc1ccc(NC(=O)Cc2c(C)n(C(=O)c3ccc(Cl)cc3)c3ccc(OC)cc23)cc1,25.0,86400.0,0.0,0.0,66.27999877929688
COc1ccc2c(c1)c(CC(=O)O)c(C)n2C(=O)c1ccc(Cl)cc1,Cc1cc([N+](=O)[O-])ccc1N,O=C1OCCN1P(=O)(Cl)N1CCOC1=O,Cc1cccc(C)n1,,,C1CCOC1,C1CCOC1,,COc1ccc2c(c1)c(CC(=O)Nc1ccc([N+](=O)[O-])cc1C)c(C)n2C(=O)c1ccc(Cl)cc1,25.0,86400.0,0.0,0.0,1.7200000286102295
COc1ccc2c(c1)c(CC(=O)O)c(C)n2C(=O)c1ccc(Cl)cc1,N#Cc1ccc(N)cc1C(F)(F)F,CN(C)C(=[O+]n1nnc2cccnc21)N(C)C.F[P-](F)(F)(F)(F)F,CCN(C(C)C)C(C)C,,,C1CCOC1,C1CCOC1,,COc1ccc2c(c1)c(CC(=O)Nc1ccc(C#N)c(C(F)(F)F)c1)c(C)n2C(=O)c1ccc(Cl)cc1,25.0,86400.0,0.0,0.0,2.0
COc1ccc2c(c1)c(CC(=O)O)c(C)n2C(=O)c1ccc(Cl)cc1,CC(C)c1cccc(C(C)C)c1N,O=C1OCCN1P(=O)(Cl)N1CCOC1=O,Cn1ccnc1,,,CC#N,CC#N,,COc1ccc2c(c1)c(CC(=O)Nc1c(C(C)C)cccc1C(C)C)c(C)n2C(=O)c1ccc(Cl)cc1,25.0,86400.0,0.0,0.0,23.40999984741211
COc1ccc2c(c1)c(CC(=O)O)c(C)n2C(=O)c1ccc(Cl)cc1,N#Cc1ccc(N)cc1C(F)(F)F,F[P-](F)(F)(F)(F)F.c1ccc2c(c1)nnn2O[P+](N1CCCC1)(N1CCCC1)N1CCCC1,Cn1ccnc1,,,C1CCOC1,C1CCOC1,,COc1ccc2c(c1)c(CC(=O)Nc1ccc(C#N)c(C(F)(F)F)c1)c(C)n2C(=O)c1ccc(Cl)cc1,25.0,86400.0,0.0,0.0,2.240000009536743
COc1ccc2c(c1)c(CC(=O)O)c(C)n2C(=O)c1ccc(Cl)cc1,N#Cc1ccc(N)cc1C(F)(F)F,CN(C)C(=[Cl+])N(C)C.F[P-](F)(F)(F)(F)F,Cc1cccc(C)n1,,,CC#N,CC#N,,COc1ccc2c(c1)c(CC(=O)Nc1ccc(C#N)c(C(F)(F)F)c1)c(C)n2C(=O)c1ccc(Cl)cc1,25.0,86400.0,0.0,0.0,7.570000171661377
COc1ccc2c(c1)c(CC(=O)O)c(C)n2C(=O)c1ccc(Cl)cc1,Nc1cc(-c2ccccc2)nn1-c1ccccc1,CN(C)C(=[O+]c1c(F)c(F)c(F)c(F)c1F)N(C)C.F[P-](F)(F)(F)(F)F,Cn1ccnc1,,,CC#N,CC#N,,COc1ccc2c(c1)c(CC(=O)Nc1cc(-c3ccccc3)nn1-c1ccccc1)c(C)n2C(=O)c1ccc(Cl)cc1,25.0,86400.0,0.0,0.0,6.820000171661377
COc1ccc2c(c1)c(CC(=O)O)c(C)n2C(=O)c1ccc(Cl)cc1,COC(=O)c1ccc(Cl)cc1N,CCOC(=O)C(C#N)=N[O+]=C(N(C)C)N(C)C.F[P-](F)(F)(F)(F)F,Cc1cccc(C)n1,,,CN(C)C=O,CN(C)C=O,,COC(=O)c1cc(Cl)ccc1NC(=O)Cc1c(C)n(C(=O)c2ccc(Cl)cc2)c2ccc(OC)cc12,25.0,86400.0,0.0,0.0,0.9900000095367432
COc1ccc2c(c1)c(CC(=O)O)c(C)n2C(=O)c1ccc(Cl)cc1,N=c1ccc(Cl)n[nH]1,O=C1OCCN1P(=O)(Cl)N1CCOC1=O,CCN(C(C)C)C(C)C,,,CC#N,CC#N,,COc1ccc2c(c1)c(CC(=O)Nc1ccc(Cl)nn1)c(C)n2C(=O)c1ccc(Cl)cc1,25.0,86400.0,0.0,0.0,24.329999923706055
COc1ccc2c(c1)c(CC(=O)O)c(C)n2C(=O)c1ccc(Cl)cc1,N#Cc1ccc(Cl)c(N)c1,CN(C)C(=[O+]n1nnc2cccnc21)N(C)C.F[P-](F)(F)(F)(F)F,Cn1ccnc1,,,C1CCOC1,C1CCOC1,,COc1ccc2c(c1)c(CC(=O)Nc1cc(C#N)ccc1Cl)c(C)n2C(=O)c1ccc(Cl)cc1,25.0,86400.0,0.0,0.0,2.2100000381469727
COc1ccc2c(c1)c(CC(=O)O)c(C)n2C(=O)c1ccc(Cl)cc1,Cc1cc([N+](=O)[O-])ccc1N,CN(C)C(=[O+]n1nnc2cccnc21)N(C)C.F[P-](F)(F)(F)(F)F,Cc1cccc(C)n1,,,C1CCOC1,C1CCOC1,,COc1ccc2c(c1)c(CC(=O)Nc1ccc([N+](=O)[O-])cc1C)c(C)n2C(=O)c1ccc(Cl)cc1,25.0,86400.0,0.0,0.0,0.4300000071525574
COc1ccc2c(c1)c(CC(=O)O)c(C)n2C(=O)c1ccc(Cl)cc1,Nc1cc(-c2ccccc2)nn1-c1ccccc1,CN(C)C(=[F+])N(C)C.F[P-](F)(F)(F)(F)F,CN1CCOCC1,,,CN(C)C=O,CN(C)C=O,,COc1ccc2c(c1)c(CC(=O)Nc1cc(-c3ccccc3)nn1-c1ccccc1)c(C)n2C(=O)c1ccc(Cl)cc1,25.0,86400.0,0.0,0.0,19.489999771118164
COc1ccc2c(c1)c(CC(=O)O)c(C)n2C(=O)c1ccc(Cl)cc1,CNS(=O)(=O)Cc1ccc(N)cc1,CCOC(=O)C(C#N)=N[O+]=C(N(C)C)N(C)C.F[P-](F)(F)(F)(F)F,CN1CCOCC1,,,CN(C)C=O,CN(C)C=O,,CNS(=O)(=O)Cc1ccc(NC(=O)Cc2c(C)n(C(=O)c3ccc(Cl)cc3)c3ccc(OC)cc23)cc1,25.0,86400.0,0.0,0.0,54.47999954223633
COc1ccc2c(c1)c(CC(=O)O)c(C)n2C(=O)c1ccc(Cl)cc1,N#Cc1ccc(N)cc1C(F)(F)F,CN(C)C(=[Cl+])N(C)C.F[P-](F)(F)(F)(F)F,Cn1ccnc1,,,C1CCOC1,C1CCOC1,,COc1ccc2c(c1)c(CC(=O)Nc1ccc(C#N)c(C(F)(F)F)c1)c(C)n2C(=O)c1ccc(Cl)cc1,25.0,86400.0,0.0,0.0,25.809999465942383
COc1ccc2c(c1)c(CC(=O)O)c(C)n2C(=O)c1ccc(Cl)cc1,N#Cc1ccc(Cl)c(N)c1,O=C1OCCN1P(=O)(Cl)N1CCOC1=O,CCN(C(C)C)C(C)C,,,C1CCOC1,C1CCOC1,,COc1ccc2c(c1)c(CC(=O)Nc1cc(C#N)ccc1Cl)c(C)n2C(=O)c1ccc(Cl)cc1,25.0,86400.0,0.0,0.0,46.720001220703125
COc1ccc2c(c1)c(CC(=O)O)c(C)n2C(=O)c1ccc(Cl)cc1,CC(C)c1cccc(C(C)C)c1N,CN(C)C(=[Cl+])N(C)C.F[P-](F)(F)(F)(F)F,CN1CCOCC1,,,CC#N,CC#N,,COc1ccc2c(c1)c(CC(=O)Nc1c(C(C)C)cccc1C(C)C)c(C)n2C(=O)c1ccc(Cl)cc1,25.0,86400.0,0.0,0.0,37.779998779296875
COc1ccc2c(c1)c(CC(=O)O)c(C)n2C(=O)c1ccc(Cl)cc1,Cc1cc([N+](=O)[O-])ccc1N,CN(C)C(=[Cl+])N(C)C.F[P-](F)(F)(F)(F)F,Cn1ccnc1,,,CN(C)C=O,CN(C)C=O,,COc1ccc2c(c1)c(CC(=O)Nc1ccc([N+](=O)[O-])cc1C)c(C)n2C(=O)c1ccc(Cl)cc1,25.0,86400.0,0.0,0.0,2.5999999046325684
COc1ccc2c(c1)c(CC(=O)O)c(C)n2C(=O)c1ccc(Cl)cc1,Cc1ccc2ncccc2c1N,CN(C)C(=[O+]c1c(F)c(F)c(F)c(F)c1F)N(C)C.F[P-](F)(F)(F)(F)F,Cc1cccc(C)n1,,,CC#N,CC#N,,COc1ccc2c(c1)c(CC(=O)Nc1c(C)ccc3ncccc13)c(C)n2C(=O)c1ccc(Cl)cc1,25.0,86400.0,0.0,0.0,0.23999999463558197
COc1ccc2c(c1)c(CC(=O)O)c(C)n2C(=O)c1ccc(Cl)cc1,Cc1cc(C)c(N)c(Br)c1,CN(C)C(=[O+]n1nnc2cccnc21)N(C)C.F[P-](F)(F)(F)(F)F,Cn1ccnc1,,,CN(C)C=O,CN(C)C=O,,COc1ccc2c(c1)c(CC(=O)Nc1c(C)cc(C)cc1Br)c(C)n2C(=O)c1ccc(Cl)cc1,25.0,86400.0,0.0,0.0,13.039999961853027
COc1ccc2c(c1)c(CC(=O)O)c(C)n2C(=O)c1ccc(Cl)cc1,CC(C)c1cccc(C(C)C)c1N,O=P(Cl)(c1ccccc1)c1ccccc1,Cc1cccc(C)n1,,,C1CCOC1,C1CCOC1,,COc1ccc2c(c1)c(CC(=O)Nc1c(C(C)C)cccc1C(C)C)c(C)n2C(=O)c1ccc(Cl)cc1,25.0,86400.0,0.0,0.0,33.970001220703125
COc1ccc2c(c1)c(CC(=O)O)c(C)n2C(=O)c1ccc(Cl)cc1,Cc1cc(C)c(N)c(Br)c1,CCOC(=O)C(C#N)=N[O+]=C(N(C)C)N(C)C.F[P-](F)(F)(F)(F)F,Cn1ccnc1,,,CC#N,CC#N,,COc1ccc2c(c1)c(CC(=O)Nc1c(C)cc(C)cc1Br)c(C)n2C(=O)c1ccc(Cl)cc1,25.0,86400.0,0.0,0.0,8.430000305175781
COc1ccc2c(c1)c(CC(=O)O)c(C)n2C(=O)c1ccc(Cl)cc1,CC(C)c1cccc(C(C)C)c1N,CN(C)C(=[O+]n1nnc2cccnc21)N(C)C.F[P-](F)(F)(F)(F)F,Cn1ccnc1,,,CC#N,CC#N,,COc1ccc2c(c1)c(CC(=O)Nc1c(C(C)C)cccc1C(C)C)c(C)n2C(=O)c1ccc(Cl)cc1,25.0,86400.0,0.0,0.0,7.869999885559082
COc1ccc2c(c1)c(CC(=O)O)c(C)n2C(=O)c1ccc(Cl)cc1,COC(=O)c1ccc(Cl)cc1N,O=P(Cl)(c1ccccc1)c1ccccc1,Cn1ccnc1,,,CC#N,CC#N,,COC(=O)c1cc(Cl)ccc1NC(=O)Cc1c(C)n(C(=O)c2ccc(Cl)cc2)c2ccc(OC)cc12,25.0,86400.0,0.0,0.0,13.479999542236328
COc1ccc2c(c1)c(CC(=O)O)c(C)n2C(=O)c1ccc(Cl)cc1,Cc1cc(C)c(N)c(Br)c1,F[P-](F)(F)(F)(F)F.c1ccc2c(c1)nnn2O[P+](N1CCCC1)(N1CCCC1)N1CCCC1,Cc1cccc(C)n1,,,C1CCOC1,C1CCOC1,,COc1ccc2c(c1)c(CC(=O)Nc1c(C)cc(C)cc1Br)c(C)n2C(=O)c1ccc(Cl)cc1,25.0,86400.0,0.0,0.0,2.309999942779541
COc1ccc2c(c1)c(CC(=O)O)c(C)n2C(=O)c1ccc(Cl)cc1,COC(=O)c1ccc(Cl)cc1N,O=P(Cl)(c1ccccc1)c1ccccc1,Cc1cccc(C)n1,,,CN(C)C=O,CN(C)C=O,,COC(=O)c1cc(Cl)ccc1NC(=O)Cc1c(C)n(C(=O)c2ccc(Cl)cc2)c2ccc(OC)cc12,25.0,86400.0,0.0,0.0,0.8799999952316284
COc1ccc2c(c1)c(CC(=O)O)c(C)n2C(=O)c1ccc(Cl)cc1,CC(C)c1cccc(C(C)C)c1N,O=P(Cl)(c1ccccc1)c1ccccc1,CCN(C(C)C)C(C)C,,,CC#N,CC#N,,COc1ccc2c(c1)c(CC(=O)Nc1c(C(C)C)cccc1C(C)C)c(C)n2C(=O)c1ccc(Cl)cc1,25.0,86400.0,0.0,0.0,15.210000038146973
COc1ccc2c(c1)c(CC(=O)O)c(C)n2C(=O)c1ccc(Cl)cc1,N#Cc1ccc(Cl)c(N)c1,CN(C)C(=[Cl+])N(C)C.F[P-](F)(F)(F)(F)F,CN1CCOCC1,,,CC#N,CC#N,,COc1ccc2c(c1)c(CC(=O)Nc1cc(C#N)ccc1Cl)c(C)n2C(=O)c1ccc(Cl)cc1,25.0,86400.0,0.0,0.0,11.479999542236328
COc1ccc2c(c1)c(CC(=O)O)c(C)n2C(=O)c1ccc(Cl)cc1,N=c1ccc(Cl)n[nH]1,CN(C)C(=[O+]n1nnc2cccnc21)N(C)C.F[P-](F)(F)(F)(F)F,Cn1ccnc1,,,CC#N,CC#N,,COc1ccc2c(c1)c(CC(=O)Nc1ccc(Cl)nn1)c(C)n2C(=O)c1ccc(Cl)cc1,25.0,86400.0,0.0,0.0,22.25
COc1ccc2c(c1)c(CC(=O)O)c(C)n2C(=O)c1ccc(Cl)cc1,CC(C)c1cccc(C(C)C)c1N,O=C1OCCN1P(=O)(Cl)N1CCOC1=O,CCN(C(C)C)C(C)C,,,C1CCOC1,C1CCOC1,,COc1ccc2c(c1)c(CC(=O)Nc1c(C(C)C)cccc1C(C)C)c(C)n2C(=O)c1ccc(Cl)cc1,25.0,86400.0,0.0,0.0,29.350000381469727
COc1ccc2c(c1)c(CC(=O)O)c(C)n2C(=O)c1ccc(Cl)cc1,COC(=O)c1ccc(Cl)cc1N,CN(C)C(=[Cl+])N(C)C.F[P-](F)(F)(F)(F)F,CCN(C(C)C)C(C)C,,,C1CCOC1,C1CCOC1,,COC(=O)c1cc(Cl)ccc1NC(=O)Cc1c(C)n(C(=O)c2ccc(Cl)cc2)c2ccc(OC)cc12,25.0,86400.0,0.0,0.0,41.95000076293945
COc1ccc2c(c1)c(CC(=O)O)c(C)n2C(=O)c1ccc(Cl)cc1,CNS(=O)(=O)Cc1ccc(N)cc1,CN(C)C(=[F+])N(C)C.F[P-](F)(F)(F)(F)F,CCN(C(C)C)C(C)C,,,CN(C)C=O,CN(C)C=O,,CNS(=O)(=O)Cc1ccc(NC(=O)Cc2c(C)n(C(=O)c3ccc(Cl)cc3)c3ccc(OC)cc23)cc1,25.0,86400.0,0.0,0.0,45.279998779296875
COc1ccc2c(c1)c(CC(=O)O)c(C)n2C(=O)c1ccc(Cl)cc1,Cc1cc([N+](=O)[O-])ccc1N,CN(C)C(=[F+])N(C)C.F[P-](F)(F)(F)(F)F,Cn1ccnc1,,,CC#N,CC#N,,COc1ccc2c(c1)c(CC(=O)Nc1ccc([N+](=O)[O-])cc1C)c(C)n2C(=O)c1ccc(Cl)cc1,25.0,86400.0,0.0,0.0,2.5399999618530273
COc1ccc2c(c1)c(CC(=O)O)c(C)n2C(=O)c1ccc(Cl)cc1,Cc1cc([N+](=O)[O-])ccc1N,O=C1OCCN1P(=O)(Cl)N1CCOC1=O,Cc1cccc(C)n1,,,CN(C)C=O,CN(C)C=O,,COc1ccc2c(c1)c(CC(=O)Nc1ccc([N+](=O)[O-])cc1C)c(C)n2C(=O)c1ccc(Cl)cc1,25.0,86400.0,0.0,0.0,0.9100000262260437
COc1ccc2c(c1)c(CC(=O)O)c(C)n2C(=O)c1ccc(Cl)cc1,Cc1cc(C)c(N)c(Br)c1,O=P(Cl)(c1ccccc1)c1ccccc1,Cc1cccc(C)n1,,,CN(C)C=O,CN(C)C=O,,COc1ccc2c(c1)c(CC(=O)Nc1c(C)cc(C)cc1Br)c(C)n2C(=O)c1ccc(Cl)cc1,25.0,86400.0,0.0,0.0,4.130000114440918
COc1ccc2c(c1)c(CC(=O)O)c(C)n2C(=O)c1ccc(Cl)cc1,COC(=O)c1ccc(Cl)cc1N,O=C1OCCN1P(=O)(Cl)N1CCOC1=O,CCN(C(C)C)C(C)C,,,CN(C)C=O,CN(C)C=O,,COC(=O)c1cc(Cl)ccc1NC(=O)Cc1c(C)n(C(=O)c2ccc(Cl)cc2)c2ccc(OC)cc12,25.0,86400.0,0.0,0.0,6.25
COc1ccc2c(c1)c(CC(=O)O)c(C)n2C(=O)c1ccc(Cl)cc1,N=c1ccc(Cl)n[nH]1,O=P(Cl)(c1ccccc1)c1ccccc1,Cn1ccnc1,,,CN(C)C=O,CN(C)C=O,,COc1ccc2c(c1)c(CC(=O)Nc1ccc(Cl)nn1)c(C)n2C(=O)c1ccc(Cl)cc1,25.0,86400.0,0.0,0.0,52.689998626708984
COc1ccc2c(c1)c(CC(=O)O)c(C)n2C(=O)c1ccc(Cl)cc1,Cc1ccc2ncccc2c1N,O=C1OCCN1P(=O)(Cl)N1CCOC1=O,Cc1cccc(C)n1,,,CN(C)C=O,CN(C)C=O,,COc1ccc2c(c1)c(CC(=O)Nc1c(C)ccc3ncccc13)c(C)n2C(=O)c1ccc(Cl)cc1,25.0,86400.0,0.0,0.0,81.41999816894531
COc1ccc2c(c1)c(CC(=O)O)c(C)n2C(=O)c1ccc(Cl)cc1,Nc1cc(-c2ccccc2)nn1-c1ccccc1,CN(C)C(=[Cl+])N(C)C.F[P-](F)(F)(F)(F)F,CN1CCOCC1,,,C1CCOC1,C1CCOC1,,COc1ccc2c(c1)c(CC(=O)Nc1cc(-c3ccccc3)nn1-c1ccccc1)c(C)n2C(=O)c1ccc(Cl)cc1,25.0,86400.0,0.0,0.0,28.329999923706055
COc1ccc2c(c1)c(CC(=O)O)c(C)n2C(=O)c1ccc(Cl)cc1,CNS(=O)(=O)Cc1ccc(N)cc1,O=C1OCCN1P(=O)(Cl)N1CCOC1=O,CCN(C(C)C)C(C)C,,,CC#N,CC#N,,CNS(=O)(=O)Cc1ccc(NC(=O)Cc2c(C)n(C(=O)c3ccc(Cl)cc3)c3ccc(OC)cc23)cc1,25.0,86400.0,0.0,0.0,40.83000183105469
COc1ccc2c(c1)c(CC(=O)O)c(C)n2C(=O)c1ccc(Cl)cc1,Nc1cc(-c2ccccc2)nn1-c1ccccc1,CN(C)C(=[F+])N(C)C.F[P-](F)(F)(F)(F)F,CCN(C(C)C)C(C)C,,,C1CCOC1,C1CCOC1,,COc1ccc2c(c1)c(CC(=O)Nc1cc(-c3ccccc3)nn1-c1ccccc1)c(C)n2C(=O)c1ccc(Cl)cc1,25.0,86400.0,0.0,0.0,24.940000534057617
COc1ccc2c(c1)c(CC(=O)O)c(C)n2C(=O)c1ccc(Cl)cc1,Cc1cc([N+](=O)[O-])ccc1N,O=C1OCCN1P(=O)(Cl)N1CCOC1=O,Cn1ccnc1,,,C1CCOC1,C1CCOC1,,COc1ccc2c(c1)c(CC(=O)Nc1ccc([N+](=O)[O-])cc1C)c(C)n2C(=O)c1ccc(Cl)cc1,25.0,86400.0,0.0,0.0,2.299999952316284
COc1ccc2c(c1)c(CC(=O)O)c(C)n2C(=O)c1ccc(Cl)cc1,N=c1ccc(Cl)n[nH]1,CN(C)C(=[O+]c1c(F)c(F)c(F)c(F)c1F)N(C)C.F[P-](F)(F)(F)(F)F,CN1CCOCC1,,,CN(C)C=O,CN(C)C=O,,COc1ccc2c(c1)c(CC(=O)Nc1ccc(Cl)nn1)c(C)n2C(=O)c1ccc(Cl)cc1,25.0,86400.0,0.0,0.0,3.7699999809265137
COc1ccc2c(c1)c(CC(=O)O)c(C)n2C(=O)c1ccc(Cl)cc1,N#Cc1ccc(Cl)c(N)c1,CN(C)C(=[O+]n1nnc2cccnc21)N(C)C.F[P-](F)(F)(F)(F)F,Cn1ccnc1,,,CC#N,CC#N,,COc1ccc2c(c1)c(CC(=O)Nc1cc(C#N)ccc1Cl)c(C)n2C(=O)c1ccc(Cl)cc1,25.0,86400.0,0.0,0.0,6.289999961853027
COc1ccc2c(c1)c(CC(=O)O)c(C)n2C(=O)c1ccc(Cl)cc1,N#Cc1ccc(Cl)c(N)c1,F[P-](F)(F)(F)(F)F.c1ccc2c(c1)nnn2O[P+](N1CCCC1)(N1CCCC1)N1CCCC1,CCN(C(C)C)C(C)C,,,CN(C)C=O,CN(C)C=O,,COc1ccc2c(c1)c(CC(=O)Nc1cc(C#N)ccc1Cl)c(C)n2C(=O)c1ccc(Cl)cc1,25.0,86400.0,0.0,0.0,11.899999618530273
COc1ccc2c(c1)c(CC(=O)O)c(C)n2C(=O)c1ccc(Cl)cc1,Cc1cc(C)c(N)c(Br)c1,CN(C)C(=[Cl+])N(C)C.F[P-](F)(F)(F)(F)F,Cc1cccc(C)n1,,,C1CCOC1,C1CCOC1,,COc1ccc2c(c1)c(CC(=O)Nc1c(C)cc(C)cc1Br)c(C)n2C(=O)c1ccc(Cl)cc1,25.0,86400.0,0.0,0.0,5.420000076293945
COc1ccc2c(c1)c(CC(=O)O)c(C)n2C(=O)c1ccc(Cl)cc1,Nc1cc(-c2ccccc2)nn1-c1ccccc1,CCOC(=O)C(C#N)=N[O+]=C(N(C)C)N(C)C.F[P-](F)(F)(F)(F)F,Cc1cccc(C)n1,,,C1CCOC1,C1CCOC1,,COc1ccc2c(c1)c(CC(=O)Nc1cc(-c3ccccc3)nn1-c1ccccc1)c(C)n2C(=O)c1ccc(Cl)cc1,25.0,86400.0,0.0,0.0,2.619999885559082
COc1ccc2c(c1)c(CC(=O)O)c(C)n2C(=O)c1ccc(Cl)cc1,N#Cc1ccc(N)cc1C(F)(F)F,CN(C)C(=[O+]c1c(F)c(F)c(F)c(F)c1F)N(C)C.F[P-](F)(F)(F)(F)F,Cc1cccc(C)n1,,,CN(C)C=O,CN(C)C=O,,COc1ccc2c(c1)c(CC(=O)Nc1ccc(C#N)c(C(F)(F)F)c1)c(C)n2C(=O)c1ccc(Cl)cc1,25.0,86400.0,0.0,0.0,0.4000000059604645
COc1ccc2c(c1)c(CC(=O)O)c(C)n2C(=O)c1ccc(Cl)cc1,N#Cc1ccc(Cl)c(N)c1,O=C1OCCN1P(=O)(Cl)N1CCOC1=O,CCN(C(C)C)C(C)C,,,CC#N,CC#N,,COc1ccc2c(c1)c(CC(=O)Nc1cc(C#N)ccc1Cl)c(C)n2C(=O)c1ccc(Cl)cc1,25.0,86400.0,0.0,0.0,26.489999771118164
COc1ccc2c(c1)c(CC(=O)O)c(C)n2C(=O)c1ccc(Cl)cc1,Cc1ccc2ncccc2c1N,CN(C)C(=[F+])N(C)C.F[P-](F)(F)(F)(F)F,Cc1cccc(C)n1,,,CC#N,CC#N,,COc1ccc2c(c1)c(CC(=O)Nc1c(C)ccc3ncccc13)c(C)n2C(=O)c1ccc(Cl)cc1,25.0,86400.0,0.0,0.0,3.0999999046325684
COc1ccc2c(c1)c(CC(=O)O)c(C)n2C(=O)c1ccc(Cl)cc1,N=c1ccc(Cl)n[nH]1,CN(C)C(=[Cl+])N(C)C.F[P-](F)(F)(F)(F)F,CCN(C(C)C)C(C)C,,,CC#N,CC#N,,COc1ccc2c(c1)c(CC(=O)Nc1ccc(Cl)nn1)c(C)n2C(=O)c1ccc(Cl)cc1,25.0,86400.0,0.0,0.0,13.569999694824219
COc1ccc2c(c1)c(CC(=O)O)c(C)n2C(=O)c1ccc(Cl)cc1,COC(=O)c1ccc(Cl)cc1N,O=P(Cl)(c1ccccc1)c1ccccc1,Cc1cccc(C)n1,,,CC#N,CC#N,,COC(=O)c1cc(Cl)ccc1NC(=O)Cc1c(C)n(C(=O)c2ccc(Cl)cc2)c2ccc(OC)cc12,25.0,86400.0,0.0,0.0,10.920000076293945
COc1ccc2c(c1)c(CC(=O)O)c(C)n2C(=O)c1ccc(Cl)cc1,N#Cc1ccc(Cl)c(N)c1,O=C1OCCN1P(=O)(Cl)N1CCOC1=O,CCN(C(C)C)C(C)C,,,CN(C)C=O,CN(C)C=O,,COc1ccc2c(c1)c(CC(=O)Nc1cc(C#N)ccc1Cl)c(C)n2C(=O)c1ccc(Cl)cc1,25.0,86400.0,0.0,0.0,19.059999465942383
COc1ccc2c(c1)c(CC(=O)O)c(C)n2C(=O)c1ccc(Cl)cc1,CNS(=O)(=O)Cc1ccc(N)cc1,CCOC(=O)C(C#N)=N[O+]=C(N(C)C)N(C)C.F[P-](F)(F)(F)(F)F,Cn1ccnc1,,,CN(C)C=O,CN(C)C=O,,CNS(=O)(=O)Cc1ccc(NC(=O)Cc2c(C)n(C(=O)c3ccc(Cl)cc3)c3ccc(OC)cc23)cc1,25.0,86400.0,0.0,0.0,55.959999084472656
COc1ccc2c(c1)c(CC(=O)O)c(C)n2C(=O)c1ccc(Cl)cc1,N#Cc1ccc(N)cc1C(F)(F)F,CCOC(=O)C(C#N)=N[O+]=C(N(C)C)N(C)C.F[P-](F)(F)(F)(F)F,CN1CCOCC1,,,C1CCOC1,C1CCOC1,,COc1ccc2c(c1)c(CC(=O)Nc1ccc(C#N)c(C(F)(F)F)c1)c(C)n2C(=O)c1ccc(Cl)cc1,25.0,86400.0,0.0,0.0,1.590000033378601
COc1ccc2c(c1)c(CC(=O)O)c(C)n2C(=O)c1ccc(Cl)cc1,CC(C)c1cccc(C(C)C)c1N,CN(C)C(=[O+]n1nnc2cccnc21)N(C)C.F[P-](F)(F)(F)(F)F,CN1CCOCC1,,,C1CCOC1,C1CCOC1,,COc1ccc2c(c1)c(CC(=O)Nc1c(C(C)C)cccc1C(C)C)c(C)n2C(=O)c1ccc(Cl)cc1,25.0,86400.0,0.0,0.0,5.25
COc1ccc2c(c1)c(CC(=O)O)c(C)n2C(=O)c1ccc(Cl)cc1,COC(=O)c1ccc(Cl)cc1N,CCOC(=O)C(C#N)=N[O+]=C(N(C)C)N(C)C.F[P-](F)(F)(F)(F)F,Cn1ccnc1,,,C1CCOC1,C1CCOC1,,COC(=O)c1cc(Cl)ccc1NC(=O)Cc1c(C)n(C(=O)c2ccc(Cl)cc2)c2ccc(OC)cc12,25.0,86400.0,0.0,0.0,2.4700000286102295
COc1ccc2c(c1)c(CC(=O)O)c(C)n2C(=O)c1ccc(Cl)cc1,N#Cc1ccc(Cl)c(N)c1,F[P-](F)(F)(F)(F)F.c1ccc2c(c1)nnn2O[P+](N1CCCC1)(N1CCCC1)N1CCCC1,Cc1cccc(C)n1,,,CC#N,CC#N,,COc1ccc2c(c1)c(CC(=O)Nc1cc(C#N)ccc1Cl)c(C)n2C(=O)c1ccc(Cl)cc1,25.0,86400.0,0.0,0.0,0.550000011920929
COc1ccc2c(c1)c(CC(=O)O)c(C)n2C(=O)c1ccc(Cl)cc1,CC(C)c1cccc(C(C)C)c1N,O=P(Cl)(c1ccccc1)c1ccccc1,CCN(C(C)C)C(C)C,,,C1CCOC1,C1CCOC1,,COc1ccc2c(c1)c(CC(=O)Nc1c(C(C)C)cccc1C(C)C)c(C)n2C(=O)c1ccc(Cl)cc1,25.0,86400.0,0.0,0.0,19.520000457763672
COc1ccc2c(c1)c(CC(=O)O)c(C)n2C(=O)c1ccc(Cl)cc1,Cc1cc(C)c(N)c(Br)c1,CN(C)C(=[O+]n1nnc2cccnc21)N(C)C.F[P-](F)(F)(F)(F)F,CN1CCOCC1,,,CC#N,CC#N,,COc1ccc2c(c1)c(CC(=O)Nc1c(C)cc(C)cc1Br)c(C)n2C(=O)c1ccc(Cl)cc1,25.0,86400.0,0.0,0.0,11.579999923706055
COc1ccc2c(c1)c(CC(=O)O)c(C)n2C(=O)c1ccc(Cl)cc1,N#Cc1ccc(Cl)c(N)c1,CN(C)C(=[F+])N(C)C.F[P-](F)(F)(F)(F)F,Cn1ccnc1,,,CC#N,CC#N,,COc1ccc2c(c1)c(CC(=O)Nc1cc(C#N)ccc1Cl)c(C)n2C(=O)c1ccc(Cl)cc1,25.0,86400.0,0.0,0.0,14.449999809265137
COc1ccc2c(c1)c(CC(=O)O)c(C)n2C(=O)c1ccc(Cl)cc1,Nc1cc(-c2ccccc2)nn1-c1ccccc1,CN(C)C(=[Cl+])N(C)C.F[P-](F)(F)(F)(F)F,Cc1cccc(C)n1,,,CN(C)C=O,CN(C)C=O,,COc1ccc2c(c1)c(CC(=O)Nc1cc(-c3ccccc3)nn1-c1ccccc1)c(C)n2C(=O)c1ccc(Cl)cc1,25.0,86400.0,0.0,0.0,4.559999942779541
COc1ccc2c(c1)c(CC(=O)O)c(C)n2C(=O)c1ccc(Cl)cc1,N#Cc1ccc(Cl)c(N)c1,O=C1OCCN1P(=O)(Cl)N1CCOC1=O,CN1CCOCC1,,,CC#N,CC#N,,COc1ccc2c(c1)c(CC(=O)Nc1cc(C#N)ccc1Cl)c(C)n2C(=O)c1ccc(Cl)cc1,25.0,86400.0,0.0,0.0,25.920000076293945
COc1ccc2c(c1)c(CC(=O)O)c(C)n2C(=O)c1ccc(Cl)cc1,Nc1cc(-c2ccccc2)nn1-c1ccccc1,CN(C)C(=[F+])N(C)C.F[P-](F)(F)(F)(F)F,Cn1ccnc1,,,CC#N,CC#N,,COc1ccc2c(c1)c(CC(=O)Nc1cc(-c3ccccc3)nn1-c1ccccc1)c(C)n2C(=O)c1ccc(Cl)cc1,25.0,86400.0,0.0,0.0,42.060001373291016
COc1ccc2c(c1)c(CC(=O)O)c(C)n2C(=O)c1ccc(Cl)cc1,CNS(=O)(=O)Cc1ccc(N)cc1,O=C1OCCN1P(=O)(Cl)N1CCOC1=O,Cn1ccnc1,,,CC#N,CC#N,,CNS(=O)(=O)Cc1ccc(NC(=O)Cc2c(C)n(C(=O)c3ccc(Cl)cc3)c3ccc(OC)cc23)cc1,25.0,86400.0,0.0,0.0,60.58000183105469
COc1ccc2c(c1)c(CC(=O)O)c(C)n2C(=O)c1ccc(Cl)cc1,CNS(=O)(=O)Cc1ccc(N)cc1,CN(C)C(=[O+]n1nnc2cccnc21)N(C)C.F[P-](F)(F)(F)(F)F,CN1CCOCC1,,,CN(C)C=O,CN(C)C=O,,CNS(=O)(=O)Cc1ccc(NC(=O)Cc2c(C)n(C(=O)c3ccc(Cl)cc3)c3ccc(OC)cc23)cc1,25.0,86400.0,0.0,0.0,62.70000076293945
COc1ccc2c(c1)c(CC(=O)O)c(C)n2C(=O)c1ccc(Cl)cc1,N#Cc1ccc(Cl)c(N)c1,CN(C)C(=[Cl+])N(C)C.F[P-](F)(F)(F)(F)F,Cc1cccc(C)n1,,,CN(C)C=O,CN(C)C=O,,COc1ccc2c(c1)c(CC(=O)Nc1cc(C#N)ccc1Cl)c(C)n2C(=O)c1ccc(Cl)cc1,25.0,86400.0,0.0,0.0,9.220000267028809
COc1ccc2c(c1)c(CC(=O)O)c(C)n2C(=O)c1ccc(Cl)cc1,Nc1cc(-c2ccccc2)nn1-c1ccccc1,O=P(Cl)(c1ccccc1)c1ccccc1,Cc1cccc(C)n1,,,CN(C)C=O,CN(C)C=O,,COc1ccc2c(c1)c(CC(=O)Nc1cc(-c3ccccc3)nn1-c1ccccc1)c(C)n2C(=O)c1ccc(Cl)cc1,25.0,86400.0,0.0,0.0,19.579999923706055
COc1ccc2c(c1)c(CC(=O)O)c(C)n2C(=O)c1ccc(Cl)cc1,N=c1ccc(Cl)n[nH]1,O=C1OCCN1P(=O)(Cl)N1CCOC1=O,Cn1ccnc1,,,C1CCOC1,C1CCOC1,,COc1ccc2c(c1)c(CC(=O)Nc1ccc(Cl)nn1)c(C)n2C(=O)c1ccc(Cl)cc1,25.0,86400.0,0.0,0.0,33.2400016784668
COc1ccc2c(c1)c(CC(=O)O)c(C)n2C(=O)c1ccc(Cl)cc1,Cc1cc(C)c(N)c(Br)c1,O=P(Cl)(c1ccccc1)c1ccccc1,CN1CCOCC1,,,C1CCOC1,C1CCOC1,,COc1ccc2c(c1)c(CC(=O)Nc1c(C)cc(C)cc1Br)c(C)n2C(=O)c1ccc(Cl)cc1,25.0,86400.0,0.0,0.0,4.849999904632568
COc1ccc2c(c1)c(CC(=O)O)c(C)n2C(=O)c1ccc(Cl)cc1,N#Cc1ccc(Cl)c(N)c1,CN(C)C(=[Cl+])N(C)C.F[P-](F)(F)(F)(F)F,CCN(C(C)C)C(C)C,,,CC#N,CC#N,,COc1ccc2c(c1)c(CC(=O)Nc1cc(C#N)ccc1Cl)c(C)n2C(=O)c1ccc(Cl)cc1,25.0,86400.0,0.0,0.0,5.360000133514404
COc1ccc2c(c1)c(CC(=O)O)c(C)n2C(=O)c1ccc(Cl)cc1,Cc1cc([N+](=O)[O-])ccc1N,F[P-](F)(F)(F)(F)F.c1ccc2c(c1)nnn2O[P+](N1CCCC1)(N1CCCC1)N1CCCC1,CCN(C(C)C)C(C)C,,,CN(C)C=O,CN(C)C=O,,COc1ccc2c(c1)c(CC(=O)Nc1ccc([N+](=O)[O-])cc1C)c(C)n2C(=O)c1ccc(Cl)cc1,25.0,86400.0,0.0,0.0,1.9700000286102295
COc1ccc2c(c1)c(CC(=O)O)c(C)n2C(=O)c1ccc(Cl)cc1,N=c1ccc(Cl)n[nH]1,CN(C)C(=[O+]n1nnc2cccnc21)N(C)C.F[P-](F)(F)(F)(F)F,CCN(C(C)C)C(C)C,,,C1CCOC1,C1CCOC1,,COc1ccc2c(c1)c(CC(=O)Nc1ccc(Cl)nn1)c(C)n2C(=O)c1ccc(Cl)cc1,25.0,86400.0,0.0,0.0,34.27000045776367
COc1ccc2c(c1)c(CC(=O)O)c(C)n2C(=O)c1ccc(Cl)cc1,Cc1ccc2ncccc2c1N,CN(C)C(=[F+])N(C)C.F[P-](F)(F)(F)(F)F,Cn1ccnc1,,,CN(C)C=O,CN(C)C=O,,COc1ccc2c(c1)c(CC(=O)Nc1c(C)ccc3ncccc13)c(C)n2C(=O)c1ccc(Cl)cc1,25.0,86400.0,0.0,0.0,20.1299991607666
COc1ccc2c(c1)c(CC(=O)O)c(C)n2C(=O)c1ccc(Cl)cc1,Cc1cc(C)c(N)c(Br)c1,CN(C)C(=[F+])N(C)C.F[P-](F)(F)(F)(F)F,CN1CCOCC1,,,CC#N,CC#N,,COc1ccc2c(c1)c(CC(=O)Nc1c(C)cc(C)cc1Br)c(C)n2C(=O)c1ccc(Cl)cc1,25.0,86400.0,0.0,0.0,6.190000057220459
COc1ccc2c(c1)c(CC(=O)O)c(C)n2C(=O)c1ccc(Cl)cc1,Cc1cc(C)c(N)c(Br)c1,CCOC(=O)C(C#N)=N[O+]=C(N(C)C)N(C)C.F[P-](F)(F)(F)(F)F,Cn1ccnc1,,,CN(C)C=O,CN(C)C=O,,COc1ccc2c(c1)c(CC(=O)Nc1c(C)cc(C)cc1Br)c(C)n2C(=O)c1ccc(Cl)cc1,25.0,86400.0,0.0,0.0,4.960000038146973
COc1ccc2c(c1)c(CC(=O)O)c(C)n2C(=O)c1ccc(Cl)cc1,N=c1ccc(Cl)n[nH]1,CN(C)C(=[Cl+])N(C)C.F[P-](F)(F)(F)(F)F,CCN(C(C)C)C(C)C,,,CN(C)C=O,CN(C)C=O,,COc1ccc2c(c1)c(CC(=O)Nc1ccc(Cl)nn1)c(C)n2C(=O)c1ccc(Cl)cc1,25.0,86400.0,0.0,0.0,3.0899999141693115
COc1ccc2c(c1)c(CC(=O)O)c(C)n2C(=O)c1ccc(Cl)cc1,Cc1ccc2ncccc2c1N,CN(C)C(=[O+]n1nnc2cccnc21)N(C)C.F[P-](F)(F)(F)(F)F,Cn1ccnc1,,,C1CCOC1,C1CCOC1,,COc1ccc2c(c1)c(CC(=O)Nc1c(C)ccc3ncccc13)c(C)n2C(=O)c1ccc(Cl)cc1,25.0,86400.0,0.0,0.0,8.079999923706055
COc1ccc2c(c1)c(CC(=O)O)c(C)n2C(=O)c1ccc(Cl)cc1,Cc1ccc2ncccc2c1N,O=P(Cl)(c1ccccc1)c1ccccc1,Cn1ccnc1,,,CN(C)C=O,CN(C)C=O,,COc1ccc2c(c1)c(CC(=O)Nc1c(C)ccc3ncccc13)c(C)n2C(=O)c1ccc(Cl)cc1,25.0,86400.0,0.0,0.0,45.880001068115234
COc1ccc2c(c1)c(CC(=O)O)c(C)n2C(=O)c1ccc(Cl)cc1,Nc1cc(-c2ccccc2)nn1-c1ccccc1,CN(C)C(=[Cl+])N(C)C.F[P-](F)(F)(F)(F)F,Cn1ccnc1,,,C1CCOC1,C1CCOC1,,COc1ccc2c(c1)c(CC(=O)Nc1cc(-c3ccccc3)nn1-c1ccccc1)c(C)n2C(=O)c1ccc(Cl)cc1,25.0,86400.0,0.0,0.0,33.099998474121094
COc1ccc2c(c1)c(CC(=O)O)c(C)n2C(=O)c1ccc(Cl)cc1,COC(=O)c1ccc(Cl)cc1N,CN(C)C(=[O+]n1nnc2cccnc21)N(C)C.F[P-](F)(F)(F)(F)F,CCN(C(C)C)C(C)C,,,CN(C)C=O,CN(C)C=O,,COC(=O)c1cc(Cl)ccc1NC(=O)Cc1c(C)n(C(=O)c2ccc(Cl)cc2)c2ccc(OC)cc12,25.0,86400.0,0.0,0.0,5.179999828338623
COc1ccc2c(c1)c(CC(=O)O)c(C)n2C(=O)c1ccc(Cl)cc1,Nc1cc(-c2ccccc2)nn1-c1ccccc1,CN(C)C(=[O+]c1c(F)c(F)c(F)c(F)c1F)N(C)C.F[P-](F)(F)(F)(F)F,CN1CCOCC1,,,CN(C)C=O,CN(C)C=O,,COc1ccc2c(c1)c(CC(=O)Nc1cc(-c3ccccc3)nn1-c1ccccc1)c(C)n2C(=O)c1ccc(Cl)cc1,25.0,86400.0,0.0,0.0,17.190000534057617
COc1ccc2c(c1)c(CC(=O)O)c(C)n2C(=O)c1ccc(Cl)cc1,CNS(=O)(=O)Cc1ccc(N)cc1,CCOC(=O)C(C#N)=N[O+]=C(N(C)C)N(C)C.F[P-](F)(F)(F)(F)F,Cn1ccnc1,,,CC#N,CC#N,,CNS(=O)(=O)Cc1ccc(NC(=O)Cc2c(C)n(C(=O)c3ccc(Cl)cc3)c3ccc(OC)cc23)cc1,25.0,86400.0,0.0,0.0,59.189998626708984
COc1ccc2c(c1)c(CC(=O)O)c(C)n2C(=O)c1ccc(Cl)cc1,N#Cc1ccc(Cl)c(N)c1,CN(C)C(=[F+])N(C)C.F[P-](F)(F)(F)(F)F,CCN(C(C)C)C(C)C,,,C1CCOC1,C1CCOC1,,COc1ccc2c(c1)c(CC(=O)Nc1cc(C#N)ccc1Cl)c(C)n2C(=O)c1ccc(Cl)cc1,25.0,86400.0,0.0,0.0,10.380000114440918
COc1ccc2c(c1)c(CC(=O)O)c(C)n2C(=O)c1ccc(Cl)cc1,Cc1cc(C)c(N)c(Br)c1,CN(C)C(=[F+])N(C)C.F[P-](F)(F)(F)(F)F,Cc1cccc(C)n1,,,CN(C)C=O,CN(C)C=O,,COc1ccc2c(c1)c(CC(=O)Nc1c(C)cc(C)cc1Br)c(C)n2C(=O)c1ccc(Cl)cc1,25.0,86400.0,0.0,0.0,8.600000381469727
COc1ccc2c(c1)c(CC(=O)O)c(C)n2C(=O)c1ccc(Cl)cc1,N=c1ccc(Cl)n[nH]1,CCOC(=O)C(C#N)=N[O+]=C(N(C)C)N(C)C.F[P-](F)(F)(F)(F)F,Cc1cccc(C)n1,,,C1CCOC1,C1CCOC1,,COc1ccc2c(c1)c(CC(=O)Nc1ccc(Cl)nn1)c(C)n2C(=O)c1ccc(Cl)cc1,25.0,86400.0,0.0,0.0,14.050000190734863
COc1ccc2c(c1)c(CC(=O)O)c(C)n2C(=O)c1ccc(Cl)cc1,Cc1ccc2ncccc2c1N,O=C1OCCN1P(=O)(Cl)N1CCOC1=O,Cc1cccc(C)n1,,,C1CCOC1,C1CCOC1,,COc1ccc2c(c1)c(CC(=O)Nc1c(C)ccc3ncccc13)c(C)n2C(=O)c1ccc(Cl)cc1,25.0,86400.0,0.0,0.0,3.9000000953674316
COc1ccc2c(c1)c(CC(=O)O)c(C)n2C(=O)c1ccc(Cl)cc1,Nc1cc(-c2ccccc2)nn1-c1ccccc1,O=C1OCCN1P(=O)(Cl)N1CCOC1=O,Cc1cccc(C)n1,,,CC#N,CC#N,,COc1ccc2c(c1)c(CC(=O)Nc1cc(-c3ccccc3)nn1-c1ccccc1)c(C)n2C(=O)c1ccc(Cl)cc1,25.0,86400.0,0.0,0.0,11.579999923706055
COc1ccc2c(c1)c(CC(=O)O)c(C)n2C(=O)c1ccc(Cl)cc1,Cc1ccc2ncccc2c1N,CN(C)C(=[O+]c1c(F)c(F)c(F)c(F)c1F)N(C)C.F[P-](F)(F)(F)(F)F,Cc1cccc(C)n1,,,CN(C)C=O,CN(C)C=O,,COc1ccc2c(c1)c(CC(=O)Nc1c(C)ccc3ncccc13)c(C)n2C(=O)c1ccc(Cl)cc1,25.0,86400.0,0.0,0.0,5.670000076293945
COc1ccc2c(c1)c(CC(=O)O)c(C)n2C(=O)c1ccc(Cl)cc1,COC(=O)c1ccc(Cl)cc1N,CN(C)C(=[F+])N(C)C.F[P-](F)(F)(F)(F)F,Cc1cccc(C)n1,,,CC#N,CC#N,,COC(=O)c1cc(Cl)ccc1NC(=O)Cc1c(C)n(C(=O)c2ccc(Cl)cc2)c2ccc(OC)cc12,25.0,86400.0,0.0,0.0,1.0099999904632568
COc1ccc2c(c1)c(CC(=O)O)c(C)n2C(=O)c1ccc(Cl)cc1,N#Cc1ccc(N)cc1C(F)(F)F,F[P-](F)(F)(F)(F)F.c1ccc2c(c1)nnn2O[P+](N1CCCC1)(N1CCCC1)N1CCCC1,Cn1ccnc1,,,CC#N,CC#N,,COc1ccc2c(c1)c(CC(=O)Nc1ccc(C#N)c(C(F)(F)F)c1)c(C)n2C(=O)c1ccc(Cl)cc1,25.0,86400.0,0.0,0.0,1.840000033378601
COc1ccc2c(c1)c(CC(=O)O)c(C)n2C(=O)c1ccc(Cl)cc1,N#Cc1ccc(N)cc1C(F)(F)F,F[P-](F)(F)(F)(F)F.c1ccc2c(c1)nnn2O[P+](N1CCCC1)(N1CCCC1)N1CCCC1,Cc1cccc(C)n1,,,C1CCOC1,C1CCOC1,,COc1ccc2c(c1)c(CC(=O)Nc1ccc(C#N)c(C(F)(F)F)c1)c(C)n2C(=O)c1ccc(Cl)cc1,25.0,86400.0,0.0,0.0,15.609999656677246
COc1ccc2c(c1)c(CC(=O)O)c(C)n2C(=O)c1ccc(Cl)cc1,N#Cc1ccc(Cl)c(N)c1,F[P-](F)(F)(F)(F)F.c1ccc2c(c1)nnn2O[P+](N1CCCC1)(N1CCCC1)N1CCCC1,Cn1ccnc1,,,CC#N,CC#N,,COc1ccc2c(c1)c(CC(=O)Nc1cc(C#N)ccc1Cl)c(C)n2C(=O)c1ccc(Cl)cc1,25.0,86400.0,0.0,0.0,3.5199999809265137
COc1ccc2c(c1)c(CC(=O)O)c(C)n2C(=O)c1ccc(Cl)cc1,Cc1cc(C)c(N)c(Br)c1,CN(C)C(=[Cl+])N(C)C.F[P-](F)(F)(F)(F)F,Cn1ccnc1,,,CN(C)C=O,CN(C)C=O,,COc1ccc2c(c1)c(CC(=O)Nc1c(C)cc(C)cc1Br)c(C)n2C(=O)c1ccc(Cl)cc1,25.0,86400.0,0.0,0.0,8.619999885559082
COc1ccc2c(c1)c(CC(=O)O)c(C)n2C(=O)c1ccc(Cl)cc1,COC(=O)c1ccc(Cl)cc1N,O=P(Cl)(c1ccccc1)c1ccccc1,CCN(C(C)C)C(C)C,,,C1CCOC1,C1CCOC1,,COC(=O)c1cc(Cl)ccc1NC(=O)Cc1c(C)n(C(=O)c2ccc(Cl)cc2)c2ccc(OC)cc12,25.0,86400.0,0.0,0.0,5.940000057220459
COc1ccc2c(c1)c(CC(=O)O)c(C)n2C(=O)c1ccc(Cl)cc1,N=c1ccc(Cl)n[nH]1,CN(C)C(=[F+])N(C)C.F[P-](F)(F)(F)(F)F,Cc1cccc(C)n1,,,C1CCOC1,C1CCOC1,,COc1ccc2c(c1)c(CC(=O)Nc1ccc(Cl)nn1)c(C)n2C(=O)c1ccc(Cl)cc1,25.0,86400.0,0.0,0.0,28.270000457763672
COc1ccc2c(c1)c(CC(=O)O)c(C)n2C(=O)c1ccc(Cl)cc1,Cc1cc(C)c(N)c(Br)c1,F[P-](F)(F)(F)(F)F.c1ccc2c(c1)nnn2O[P+](N1CCCC1)(N1CCCC1)N1CCCC1,CCN(C(C)C)C(C)C,,,CC#N,CC#N,,COc1ccc2c(c1)c(CC(=O)Nc1c(C)cc(C)cc1Br)c(C)n2C(=O)c1ccc(Cl)cc1,25.0,86400.0,0.0,0.0,12.710000038146973
COc1ccc2c(c1)c(CC(=O)O)c(C)n2C(=O)c1ccc(Cl)cc1,COC(=O)c1ccc(Cl)cc1N,CN(C)C(=[Cl+])N(C)C.F[P-](F)(F)(F)(F)F,CN1CCOCC1,,,CN(C)C=O,CN(C)C=O,,COC(=O)c1cc(Cl)ccc1NC(=O)Cc1c(C)n(C(=O)c2ccc(Cl)cc2)c2ccc(OC)cc12,25.0,86400.0,0.0,0.0,11.640000343322754
COc1ccc2c(c1)c(CC(=O)O)c(C)n2C(=O)c1ccc(Cl)cc1,N#Cc1ccc(Cl)c(N)c1,CN(C)C(=[Cl+])N(C)C.F[P-](F)(F)(F)(F)F,Cc1cccc(C)n1,,,C1CCOC1,C1CCOC1,,COc1ccc2c(c1)c(CC(=O)Nc1cc(C#N)ccc1Cl)c(C)n2C(=O)c1ccc(Cl)cc1,25.0,86400.0,0.0,0.0,68.12000274658203
COc1ccc2c(c1)c(CC(=O)O)c(C)n2C(=O)c1ccc(Cl)cc1,N=c1ccc(Cl)n[nH]1,CN(C)C(=[O+]c1c(F)c(F)c(F)c(F)c1F)N(C)C.F[P-](F)(F)(F)(F)F,Cc1cccc(C)n1,,,CC#N,CC#N,,COc1ccc2c(c1)c(CC(=O)Nc1ccc(Cl)nn1)c(C)n2C(=O)c1ccc(Cl)cc1,25.0,86400.0,0.0,0.0,1.159999966621399
COc1ccc2c(c1)c(CC(=O)O)c(C)n2C(=O)c1ccc(Cl)cc1,Nc1cc(-c2ccccc2)nn1-c1ccccc1,CN(C)C(=[O+]n1nnc2cccnc21)N(C)C.F[P-](F)(F)(F)(F)F,Cc1cccc(C)n1,,,CN(C)C=O,CN(C)C=O,,COc1ccc2c(c1)c(CC(=O)Nc1cc(-c3ccccc3)nn1-c1ccccc1)c(C)n2C(=O)c1ccc(Cl)cc1,25.0,86400.0,0.0,0.0,11.890000343322754
COc1ccc2c(c1)c(CC(=O)O)c(C)n2C(=O)c1ccc(Cl)cc1,N#Cc1ccc(Cl)c(N)c1,CCOC(=O)C(C#N)=N[O+]=C(N(C)C)N(C)C.F[P-](F)(F)(F)(F)F,Cc1cccc(C)n1,,,CC#N,CC#N,,COc1ccc2c(c1)c(CC(=O)Nc1cc(C#N)ccc1Cl)c(C)n2C(=O)c1ccc(Cl)cc1,25.0,86400.0,0.0,0.0,1.940000057220459
COc1ccc2c(c1)c(CC(=O)O)c(C)n2C(=O)c1ccc(Cl)cc1,Cc1ccc2ncccc2c1N,CCOC(=O)C(C#N)=N[O+]=C(N(C)C)N(C)C.F[P-](F)(F)(F)(F)F,Cn1ccnc1,,,C1CCOC1,C1CCOC1,,COc1ccc2c(c1)c(CC(=O)Nc1c(C)ccc3ncccc13)c(C)n2C(=O)c1ccc(Cl)cc1,25.0,86400.0,0.0,0.0,15.470000267028809
COc1ccc2c(c1)c(CC(=O)O)c(C)n2C(=O)c1ccc(Cl)cc1,N=c1ccc(Cl)n[nH]1,CN(C)C(=[Cl+])N(C)C.F[P-](F)(F)(F)(F)F,Cc1cccc(C)n1,,,CN(C)C=O,CN(C)C=O,,COc1ccc2c(c1)c(CC(=O)Nc1ccc(Cl)nn1)c(C)n2C(=O)c1ccc(Cl)cc1,25.0,86400.0,0.0,0.0,25.600000381469727
COc1ccc2c(c1)c(CC(=O)O)c(C)n2C(=O)c1ccc(Cl)cc1,COC(=O)c1ccc(Cl)cc1N,CN(C)C(=[O+]c1c(F)c(F)c(F)c(F)c1F)N(C)C.F[P-](F)(F)(F)(F)F,Cn1ccnc1,,,C1CCOC1,C1CCOC1,,COC(=O)c1cc(Cl)ccc1NC(=O)Cc1c(C)n(C(=O)c2ccc(Cl)cc2)c2ccc(OC)cc12,25.0,86400.0,0.0,0.0,7.840000152587891
COc1ccc2c(c1)c(CC(=O)O)c(C)n2C(=O)c1ccc(Cl)cc1,N#Cc1ccc(N)cc1C(F)(F)F,CN(C)C(=[F+])N(C)C.F[P-](F)(F)(F)(F)F,Cn1ccnc1,,,CN(C)C=O,CN(C)C=O,,COc1ccc2c(c1)c(CC(=O)Nc1ccc(C#N)c(C(F)(F)F)c1)c(C)n2C(=O)c1ccc(Cl)cc1,25.0,86400.0,0.0,0.0,11.510000228881836
COc1ccc2c(c1)c(CC(=O)O)c(C)n2C(=O)c1ccc(Cl)cc1,N#Cc1ccc(Cl)c(N)c1,CN(C)C(=[O+]c1c(F)c(F)c(F)c(F)c1F)N(C)C.F[P-](F)(F)(F)(F)F,Cn1ccnc1,,,C1CCOC1,C1CCOC1,,COc1ccc2c(c1)c(CC(=O)Nc1cc(C#N)ccc1Cl)c(C)n2C(=O)c1ccc(Cl)cc1,25.0,86400.0,0.0,0.0,1.7799999713897705
COc1ccc2c(c1)c(CC(=O)O)c(C)n2C(=O)c1ccc(Cl)cc1,N#Cc1ccc(Cl)c(N)c1,O=P(Cl)(c1ccccc1)c1ccccc1,Cn1ccnc1,,,C1CCOC1,C1CCOC1,,COc1ccc2c(c1)c(CC(=O)Nc1cc(C#N)ccc1Cl)c(C)n2C(=O)c1ccc(Cl)cc1,25.0,86400.0,0.0,0.0,7.260000228881836
COc1ccc2c(c1)c(CC(=O)O)c(C)n2C(=O)c1ccc(Cl)cc1,N=c1ccc(Cl)n[nH]1,O=P(Cl)(c1ccccc1)c1ccccc1,CCN(C(C)C)C(C)C,,,CN(C)C=O,CN(C)C=O,,COc1ccc2c(c1)c(CC(=O)Nc1ccc(Cl)nn1)c(C)n2C(=O)c1ccc(Cl)cc1,25.0,86400.0,0.0,0.0,98.70999908447266
COc1ccc2c(c1)c(CC(=O)O)c(C)n2C(=O)c1ccc(Cl)cc1,Cc1cc(C)c(N)c(Br)c1,CN(C)C(=[Cl+])N(C)C.F[P-](F)(F)(F)(F)F,CCN(C(C)C)C(C)C,,,CN(C)C=O,CN(C)C=O,,COc1ccc2c(c1)c(CC(=O)Nc1c(C)cc(C)cc1Br)c(C)n2C(=O)c1ccc(Cl)cc1,25.0,86400.0,0.0,0.0,4.139999866485596
COc1ccc2c(c1)c(CC(=O)O)c(C)n2C(=O)c1ccc(Cl)cc1,N#Cc1ccc(Cl)c(N)c1,F[P-](F)(F)(F)(F)F.c1ccc2c(c1)nnn2O[P+](N1CCCC1)(N1CCCC1)N1CCCC1,CCN(C(C)C)C(C)C,,,CC#N,CC#N,,COc1ccc2c(c1)c(CC(=O)Nc1cc(C#N)ccc1Cl)c(C)n2C(=O)c1ccc(Cl)cc1,25.0,86400.0,0.0,0.0,21.889999389648438
COc1ccc2c(c1)c(CC(=O)O)c(C)n2C(=O)c1ccc(Cl)cc1,COC(=O)c1ccc(Cl)cc1N,CN(C)C(=[Cl+])N(C)C.F[P-](F)(F)(F)(F)F,Cn1ccnc1,,,C1CCOC1,C1CCOC1,,COC(=O)c1cc(Cl)ccc1NC(=O)Cc1c(C)n(C(=O)c2ccc(Cl)cc2)c2ccc(OC)cc12,25.0,86400.0,0.0,0.0,3.5199999809265137
COc1ccc2c(c1)c(CC(=O)O)c(C)n2C(=O)c1ccc(Cl)cc1,N#Cc1ccc(N)cc1C(F)(F)F,O=P(Cl)(c1ccccc1)c1ccccc1,CN1CCOCC1,,,CC#N,CC#N,,COc1ccc2c(c1)c(CC(=O)Nc1ccc(C#N)c(C(F)(F)F)c1)c(C)n2C(=O)c1ccc(Cl)cc1,25.0,86400.0,0.0,0.0,47.380001068115234
COc1ccc2c(c1)c(CC(=O)O)c(C)n2C(=O)c1ccc(Cl)cc1,Cc1ccc2ncccc2c1N,CN(C)C(=[Cl+])N(C)C.F[P-](F)(F)(F)(F)F,Cn1ccnc1,,,C1CCOC1,C1CCOC1,,COc1ccc2c(c1)c(CC(=O)Nc1c(C)ccc3ncccc13)c(C)n2C(=O)c1ccc(Cl)cc1,25.0,86400.0,0.0,0.0,18.15999984741211
COc1ccc2c(c1)c(CC(=O)O)c(C)n2C(=O)c1ccc(Cl)cc1,N#Cc1ccc(Cl)c(N)c1,O=C1OCCN1P(=O)(Cl)N1CCOC1=O,Cc1cccc(C)n1,,,CN(C)C=O,CN(C)C=O,,COc1ccc2c(c1)c(CC(=O)Nc1cc(C#N)ccc1Cl)c(C)n2C(=O)c1ccc(Cl)cc1,25.0,86400.0,0.0,0.0,28.079999923706055
COc1ccc2c(c1)c(CC(=O)O)c(C)n2C(=O)c1ccc(Cl)cc1,N#Cc1ccc(Cl)c(N)c1,CN(C)C(=[O+]n1nnc2cccnc21)N(C)C.F[P-](F)(F)(F)(F)F,Cc1cccc(C)n1,,,CN(C)C=O,CN(C)C=O,,COc1ccc2c(c1)c(CC(=O)Nc1cc(C#N)ccc1Cl)c(C)n2C(=O)c1ccc(Cl)cc1,25.0,86400.0,0.0,0.0,2.2100000381469727
COc1ccc2c(c1)c(CC(=O)O)c(C)n2C(=O)c1ccc(Cl)cc1,N#Cc1ccc(Cl)c(N)c1,O=P(Cl)(c1ccccc1)c1ccccc1,CCN(C(C)C)C(C)C,,,C1CCOC1,C1CCOC1,,COc1ccc2c(c1)c(CC(=O)Nc1cc(C#N)ccc1Cl)c(C)n2C(=O)c1ccc(Cl)cc1,25.0,86400.0,0.0,0.0,38.279998779296875
COc1ccc2c(c1)c(CC(=O)O)c(C)n2C(=O)c1ccc(Cl)cc1,N#Cc1ccc(N)cc1C(F)(F)F,O=C1OCCN1P(=O)(Cl)N1CCOC1=O,CCN(C(C)C)C(C)C,,,CN(C)C=O,CN(C)C=O,,COc1ccc2c(c1)c(CC(=O)Nc1ccc(C#N)c(C(F)(F)F)c1)c(C)n2C(=O)c1ccc(Cl)cc1,25.0,86400.0,0.0,0.0,6.260000228881836
COc1ccc2c(c1)c(CC(=O)O)c(C)n2C(=O)c1ccc(Cl)cc1,CC(C)c1cccc(C(C)C)c1N,F[P-](F)(F)(F)(F)F.c1ccc2c(c1)nnn2O[P+](N1CCCC1)(N1CCCC1)N1CCCC1,CN1CCOCC1,,,C1CCOC1,C1CCOC1,,COc1ccc2c(c1)c(CC(=O)Nc1c(C(C)C)cccc1C(C)C)c(C)n2C(=O)c1ccc(Cl)cc1,25.0,86400.0,0.0,0.0,15.529999732971191
COc1ccc2c(c1)c(CC(=O)O)c(C)n2C(=O)c1ccc(Cl)cc1,N=c1ccc(Cl)n[nH]1,CN(C)C(=[O+]c1c(F)c(F)c(F)c(F)c1F)N(C)C.F[P-](F)(F)(F)(F)F,CCN(C(C)C)C(C)C,,,CC#N,CC#N,,COc1ccc2c(c1)c(CC(=O)Nc1ccc(Cl)nn1)c(C)n2C(=O)c1ccc(Cl)cc1,25.0,86400.0,0.0,0.0,3.450000047683716
COc1ccc2c(c1)c(CC(=O)O)c(C)n2C(=O)c1ccc(Cl)cc1,CNS(=O)(=O)Cc1ccc(N)cc1,CN(C)C(=[O+]n1nnc2cccnc21)N(C)C.F[P-](F)(F)(F)(F)F,CCN(C(C)C)C(C)C,,,CC#N,CC#N,,CNS(=O)(=O)Cc1ccc(NC(=O)Cc2c(C)n(C(=O)c3ccc(Cl)cc3)c3ccc(OC)cc23)cc1,25.0,86400.0,0.0,0.0,53.04999923706055
COc1ccc2c(c1)c(CC(=O)O)c(C)n2C(=O)c1ccc(Cl)cc1,COC(=O)c1ccc(Cl)cc1N,O=P(Cl)(c1ccccc1)c1ccccc1,Cn1ccnc1,,,C1CCOC1,C1CCOC1,,COC(=O)c1cc(Cl)ccc1NC(=O)Cc1c(C)n(C(=O)c2ccc(Cl)cc2)c2ccc(OC)cc12,25.0,86400.0,0.0,0.0,27.3799991607666
COc1ccc2c(c1)c(CC(=O)O)c(C)n2C(=O)c1ccc(Cl)cc1,COC(=O)c1ccc(Cl)cc1N,CCOC(=O)C(C#N)=N[O+]=C(N(C)C)N(C)C.F[P-](F)(F)(F)(F)F,CCN(C(C)C)C(C)C,,,C1CCOC1,C1CCOC1,,COC(=O)c1cc(Cl)ccc1NC(=O)Cc1c(C)n(C(=O)c2ccc(Cl)cc2)c2ccc(OC)cc12,25.0,86400.0,0.0,0.0,9.319999694824219
COc1ccc2c(c1)c(CC(=O)O)c(C)n2C(=O)c1ccc(Cl)cc1,Cc1cc(C)c(N)c(Br)c1,CN(C)C(=[O+]c1c(F)c(F)c(F)c(F)c1F)N(C)C.F[P-](F)(F)(F)(F)F,CN1CCOCC1,,,C1CCOC1,C1CCOC1,,COc1ccc2c(c1)c(CC(=O)Nc1c(C)cc(C)cc1Br)c(C)n2C(=O)c1ccc(Cl)cc1,25.0,86400.0,0.0,0.0,1.590000033378601
COc1ccc2c(c1)c(CC(=O)O)c(C)n2C(=O)c1ccc(Cl)cc1,N#Cc1ccc(N)cc1C(F)(F)F,O=C1OCCN1P(=O)(Cl)N1CCOC1=O,CN1CCOCC1,,,CC#N,CC#N,,COc1ccc2c(c1)c(CC(=O)Nc1ccc(C#N)c(C(F)(F)F)c1)c(C)n2C(=O)c1ccc(Cl)cc1,25.0,86400.0,0.0,0.0,44.470001220703125
COc1ccc2c(c1)c(CC(=O)O)c(C)n2C(=O)c1ccc(Cl)cc1,CC(C)c1cccc(C(C)C)c1N,CN(C)C(=[F+])N(C)C.F[P-](F)(F)(F)(F)F,CCN(C(C)C)C(C)C,,,CN(C)C=O,CN(C)C=O,,COc1ccc2c(c1)c(CC(=O)Nc1c(C(C)C)cccc1C(C)C)c(C)n2C(=O)c1ccc(Cl)cc1,25.0,86400.0,0.0,0.0,18.3700008392334
COc1ccc2c(c1)c(CC(=O)O)c(C)n2C(=O)c1ccc(Cl)cc1,CNS(=O)(=O)Cc1ccc(N)cc1,CN(C)C(=[F+])N(C)C.F[P-](F)(F)(F)(F)F,CN1CCOCC1,,,C1CCOC1,C1CCOC1,,CNS(=O)(=O)Cc1ccc(NC(=O)Cc2c(C)n(C(=O)c3ccc(Cl)cc3)c3ccc(OC)cc23)cc1,25.0,86400.0,0.0,0.0,57.540000915527344
COc1ccc2c(c1)c(CC(=O)O)c(C)n2C(=O)c1ccc(Cl)cc1,Cc1cc([N+](=O)[O-])ccc1N,O=C1OCCN1P(=O)(Cl)N1CCOC1=O,Cc1cccc(C)n1,,,CC#N,CC#N,,COc1ccc2c(c1)c(CC(=O)Nc1ccc([N+](=O)[O-])cc1C)c(C)n2C(=O)c1ccc(Cl)cc1,25.0,86400.0,0.0,0.0,16.149999618530273
COc1ccc2c(c1)c(CC(=O)O)c(C)n2C(=O)c1ccc(Cl)cc1,Cc1ccc2ncccc2c1N,O=P(Cl)(c1ccccc1)c1ccccc1,CN1CCOCC1,,,CC#N,CC#N,,COc1ccc2c(c1)c(CC(=O)Nc1c(C)ccc3ncccc13)c(C)n2C(=O)c1ccc(Cl)cc1,25.0,86400.0,0.0,0.0,69.69000244140625
COc1ccc2c(c1)c(CC(=O)O)c(C)n2C(=O)c1ccc(Cl)cc1,COC(=O)c1ccc(Cl)cc1N,CN(C)C(=[Cl+])N(C)C.F[P-](F)(F)(F)(F)F,CN1CCOCC1,,,CC#N,CC#N,,COC(=O)c1cc(Cl)ccc1NC(=O)Cc1c(C)n(C(=O)c2ccc(Cl)cc2)c2ccc(OC)cc12,25.0,86400.0,0.0,0.0,1.2400000095367432
COc1ccc2c(c1)c(CC(=O)O)c(C)n2C(=O)c1ccc(Cl)cc1,CNS(=O)(=O)Cc1ccc(N)cc1,O=C1OCCN1P(=O)(Cl)N1CCOC1=O,Cc1cccc(C)n1,,,C1CCOC1,C1CCOC1,,CNS(=O)(=O)Cc1ccc(NC(=O)Cc2c(C)n(C(=O)c3ccc(Cl)cc3)c3ccc(OC)cc23)cc1,25.0,86400.0,0.0,0.0,6.039999961853027
COc1ccc2c(c1)c(CC(=O)O)c(C)n2C(=O)c1ccc(Cl)cc1,N#Cc1ccc(Cl)c(N)c1,CCOC(=O)C(C#N)=N[O+]=C(N(C)C)N(C)C.F[P-](F)(F)(F)(F)F,CN1CCOCC1,,,CN(C)C=O,CN(C)C=O,,COc1ccc2c(c1)c(CC(=O)Nc1cc(C#N)ccc1Cl)c(C)n2C(=O)c1ccc(Cl)cc1,25.0,86400.0,0.0,0.0,6.800000190734863
COc1ccc2c(c1)c(CC(=O)O)c(C)n2C(=O)c1ccc(Cl)cc1,Cc1ccc2ncccc2c1N,CN(C)C(=[O+]n1nnc2cccnc21)N(C)C.F[P-](F)(F)(F)(F)F,Cc1cccc(C)n1,,,C1CCOC1,C1CCOC1,,COc1ccc2c(c1)c(CC(=O)Nc1c(C)ccc3ncccc13)c(C)n2C(=O)c1ccc(Cl)cc1,25.0,86400.0,0.0,0.0,0.09000000357627869
COc1ccc2c(c1)c(CC(=O)O)c(C)n2C(=O)c1ccc(Cl)cc1,Nc1cc(-c2ccccc2)nn1-c1ccccc1,CN(C)C(=[F+])N(C)C.F[P-](F)(F)(F)(F)F,CCN(C(C)C)C(C)C,,,CC#N,CC#N,,COc1ccc2c(c1)c(CC(=O)Nc1cc(-c3ccccc3)nn1-c1ccccc1)c(C)n2C(=O)c1ccc(Cl)cc1,25.0,86400.0,0.0,0.0,11.4399995803833
COc1ccc2c(c1)c(CC(=O)O)c(C)n2C(=O)c1ccc(Cl)cc1,N=c1ccc(Cl)n[nH]1,CCOC(=O)C(C#N)=N[O+]=C(N(C)C)N(C)C.F[P-](F)(F)(F)(F)F,Cn1ccnc1,,,C1CCOC1,C1CCOC1,,COc1ccc2c(c1)c(CC(=O)Nc1ccc(Cl)nn1)c(C)n2C(=O)c1ccc(Cl)cc1,25.0,86400.0,0.0,0.0,31.170000076293945
COc1ccc2c(c1)c(CC(=O)O)c(C)n2C(=O)c1ccc(Cl)cc1,Cc1cc(C)c(N)c(Br)c1,O=P(Cl)(c1ccccc1)c1ccccc1,Cc1cccc(C)n1,,,CC#N,CC#N,,COc1ccc2c(c1)c(CC(=O)Nc1c(C)cc(C)cc1Br)c(C)n2C(=O)c1ccc(Cl)cc1,25.0,86400.0,0.0,0.0,6.789999961853027
COc1ccc2c(c1)c(CC(=O)O)c(C)n2C(=O)c1ccc(Cl)cc1,N#Cc1ccc(N)cc1C(F)(F)F,CN(C)C(=[F+])N(C)C.F[P-](F)(F)(F)(F)F,CCN(C(C)C)C(C)C,,,CC#N,CC#N,,COc1ccc2c(c1)c(CC(=O)Nc1ccc(C#N)c(C(F)(F)F)c1)c(C)n2C(=O)c1ccc(Cl)cc1,25.0,86400.0,0.0,0.0,15.369999885559082
COc1ccc2c(c1)c(CC(=O)O)c(C)n2C(=O)c1ccc(Cl)cc1,Cc1ccc2ncccc2c1N,O=C1OCCN1P(=O)(Cl)N1CCOC1=O,CCN(C(C)C)C(C)C,,,CN(C)C=O,CN(C)C=O,,COc1ccc2c(c1)c(CC(=O)Nc1c(C)ccc3ncccc13)c(C)n2C(=O)c1ccc(Cl)cc1,25.0,86400.0,0.0,0.0,10.6899995803833
COc1ccc2c(c1)c(CC(=O)O)c(C)n2C(=O)c1ccc(Cl)cc1,N#Cc1ccc(Cl)c(N)c1,F[P-](F)(F)(F)(F)F.c1ccc2c(c1)nnn2O[P+](N1CCCC1)(N1CCCC1)N1CCCC1,CN1CCOCC1,,,C1CCOC1,C1CCOC1,,COc1ccc2c(c1)c(CC(=O)Nc1cc(C#N)ccc1Cl)c(C)n2C(=O)c1ccc(Cl)cc1,25.0,86400.0,0.0,0.0,0.5299999713897705
COc1ccc2c(c1)c(CC(=O)O)c(C)n2C(=O)c1ccc(Cl)cc1,CC(C)c1cccc(C(C)C)c1N,O=C1OCCN1P(=O)(Cl)N1CCOC1=O,CN1CCOCC1,,,CC#N,CC#N,,COc1ccc2c(c1)c(CC(=O)Nc1c(C(C)C)cccc1C(C)C)c(C)n2C(=O)c1ccc(Cl)cc1,25.0,86400.0,0.0,0.0,37.08000183105469
COc1ccc2c(c1)c(CC(=O)O)c(C)n2C(=O)c1ccc(Cl)cc1,Cc1cc(C)c(N)c(Br)c1,F[P-](F)(F)(F)(F)F.c1ccc2c(c1)nnn2O[P+](N1CCCC1)(N1CCCC1)N1CCCC1,CCN(C(C)C)C(C)C,,,CN(C)C=O,CN(C)C=O,,COc1ccc2c(c1)c(CC(=O)Nc1c(C)cc(C)cc1Br)c(C)n2C(=O)c1ccc(Cl)cc1,25.0,86400.0,0.0,0.0,22.110000610351562
COc1ccc2c(c1)c(CC(=O)O)c(C)n2C(=O)c1ccc(Cl)cc1,COC(=O)c1ccc(Cl)cc1N,CN(C)C(=[O+]c1c(F)c(F)c(F)c(F)c1F)N(C)C.F[P-](F)(F)(F)(F)F,Cc1cccc(C)n1,,,CC#N,CC#N,,COC(=O)c1cc(Cl)ccc1NC(=O)Cc1c(C)n(C(=O)c2ccc(Cl)cc2)c2ccc(OC)cc12,25.0,86400.0,0.0,0.0,6.440000057220459
COc1ccc2c(c1)c(CC(=O)O)c(C)n2C(=O)c1ccc(Cl)cc1,N#Cc1ccc(Cl)c(N)c1,CN(C)C(=[O+]c1c(F)c(F)c(F)c(F)c1F)N(C)C.F[P-](F)(F)(F)(F)F,Cc1cccc(C)n1,,,C1CCOC1,C1CCOC1,,COc1ccc2c(c1)c(CC(=O)Nc1cc(C#N)ccc1Cl)c(C)n2C(=O)c1ccc(Cl)cc1,25.0,86400.0,0.0,0.0,1.1100000143051147
COc1ccc2c(c1)c(CC(=O)O)c(C)n2C(=O)c1ccc(Cl)cc1,Cc1ccc2ncccc2c1N,F[P-](F)(F)(F)(F)F.c1ccc2c(c1)nnn2O[P+](N1CCCC1)(N1CCCC1)N1CCCC1,CCN(C(C)C)C(C)C,,,C1CCOC1,C1CCOC1,,COc1ccc2c(c1)c(CC(=O)Nc1c(C)ccc3ncccc13)c(C)n2C(=O)c1ccc(Cl)cc1,25.0,86400.0,0.0,0.0,17.40999984741211
COc1ccc2c(c1)c(CC(=O)O)c(C)n2C(=O)c1ccc(Cl)cc1,N#Cc1ccc(N)cc1C(F)(F)F,CCOC(=O)C(C#N)=N[O+]=C(N(C)C)N(C)C.F[P-](F)(F)(F)(F)F,CCN(C(C)C)C(C)C,,,CC#N,CC#N,,COc1ccc2c(c1)c(CC(=O)Nc1ccc(C#N)c(C(F)(F)F)c1)c(C)n2C(=O)c1ccc(Cl)cc1,25.0,86400.0,0.0,0.0,3.700000047683716
COc1ccc2c(c1)c(CC(=O)O)c(C)n2C(=O)c1ccc(Cl)cc1,CC(C)c1cccc(C(C)C)c1N,O=P(Cl)(c1ccccc1)c1ccccc1,Cn1ccnc1,,,CN(C)C=O,CN(C)C=O,,COc1ccc2c(c1)c(CC(=O)Nc1c(C(C)C)cccc1C(C)C)c(C)n2C(=O)c1ccc(Cl)cc1,25.0,86400.0,0.0,0.0,24.5
COc1ccc2c(c1)c(CC(=O)O)c(C)n2C(=O)c1ccc(Cl)cc1,N#Cc1ccc(Cl)c(N)c1,O=C1OCCN1P(=O)(Cl)N1CCOC1=O,Cc1cccc(C)n1,,,CC#N,CC#N,,COc1ccc2c(c1)c(CC(=O)Nc1cc(C#N)ccc1Cl)c(C)n2C(=O)c1ccc(Cl)cc1,25.0,86400.0,0.0,0.0,31.690000534057617
COc1ccc2c(c1)c(CC(=O)O)c(C)n2C(=O)c1ccc(Cl)cc1,Nc1cc(-c2ccccc2)nn1-c1ccccc1,CCOC(=O)C(C#N)=N[O+]=C(N(C)C)N(C)C.F[P-](F)(F)(F)(F)F,Cn1ccnc1,,,CC#N,CC#N,,COc1ccc2c(c1)c(CC(=O)Nc1cc(-c3ccccc3)nn1-c1ccccc1)c(C)n2C(=O)c1ccc(Cl)cc1,25.0,86400.0,0.0,0.0,32.7400016784668
COc1ccc2c(c1)c(CC(=O)O)c(C)n2C(=O)c1ccc(Cl)cc1,COC(=O)c1ccc(Cl)cc1N,O=C1OCCN1P(=O)(Cl)N1CCOC1=O,Cn1ccnc1,,,CN(C)C=O,CN(C)C=O,,COC(=O)c1cc(Cl)ccc1NC(=O)Cc1c(C)n(C(=O)c2ccc(Cl)cc2)c2ccc(OC)cc12,25.0,86400.0,0.0,0.0,3.299999952316284
COc1ccc2c(c1)c(CC(=O)O)c(C)n2C(=O)c1ccc(Cl)cc1,Cc1cc([N+](=O)[O-])ccc1N,CN(C)C(=[O+]n1nnc2cccnc21)N(C)C.F[P-](F)(F)(F)(F)F,Cn1ccnc1,,,CN(C)C=O,CN(C)C=O,,COc1ccc2c(c1)c(CC(=O)Nc1ccc([N+](=O)[O-])cc1C)c(C)n2C(=O)c1ccc(Cl)cc1,25.0,86400.0,0.0,0.0,2.450000047683716
COc1ccc2c(c1)c(CC(=O)O)c(C)n2C(=O)c1ccc(Cl)cc1,Cc1ccc2ncccc2c1N,CN(C)C(=[F+])N(C)C.F[P-](F)(F)(F)(F)F,CN1CCOCC1,,,C1CCOC1,C1CCOC1,,COc1ccc2c(c1)c(CC(=O)Nc1c(C)ccc3ncccc13)c(C)n2C(=O)c1ccc(Cl)cc1,25.0,86400.0,0.0,0.0,6.039999961853027
COc1ccc2c(c1)c(CC(=O)O)c(C)n2C(=O)c1ccc(Cl)cc1,N#Cc1ccc(N)cc1C(F)(F)F,F[P-](F)(F)(F)(F)F.c1ccc2c(c1)nnn2O[P+](N1CCCC1)(N1CCCC1)N1CCCC1,CCN(C(C)C)C(C)C,,,CN(C)C=O,CN(C)C=O,,COc1ccc2c(c1)c(CC(=O)Nc1ccc(C#N)c(C(F)(F)F)c1)c(C)n2C(=O)c1ccc(Cl)cc1,25.0,86400.0,0.0,0.0,9.319999694824219
COc1ccc2c(c1)c(CC(=O)O)c(C)n2C(=O)c1ccc(Cl)cc1,COC(=O)c1ccc(Cl)cc1N,CN(C)C(=[O+]n1nnc2cccnc21)N(C)C.F[P-](F)(F)(F)(F)F,Cn1ccnc1,,,C1CCOC1,C1CCOC1,,COC(=O)c1cc(Cl)ccc1NC(=O)Cc1c(C)n(C(=O)c2ccc(Cl)cc2)c2ccc(OC)cc12,25.0,86400.0,0.0,0.0,22.350000381469727
COc1ccc2c(c1)c(CC(=O)O)c(C)n2C(=O)c1ccc(Cl)cc1,N#Cc1ccc(N)cc1C(F)(F)F,CCOC(=O)C(C#N)=N[O+]=C(N(C)C)N(C)C.F[P-](F)(F)(F)(F)F,Cn1ccnc1,,,C1CCOC1,C1CCOC1,,COc1ccc2c(c1)c(CC(=O)Nc1ccc(C#N)c(C(F)(F)F)c1)c(C)n2C(=O)c1ccc(Cl)cc1,25.0,86400.0,0.0,0.0,5.849999904632568
COc1ccc2c(c1)c(CC(=O)O)c(C)n2C(=O)c1ccc(Cl)cc1,Nc1cc(-c2ccccc2)nn1-c1ccccc1,O=P(Cl)(c1ccccc1)c1ccccc1,CCN(C(C)C)C(C)C,,,C1CCOC1,C1CCOC1,,COc1ccc2c(c1)c(CC(=O)Nc1cc(-c3ccccc3)nn1-c1ccccc1)c(C)n2C(=O)c1ccc(Cl)cc1,25.0,86400.0,0.0,0.0,54.150001525878906
COc1ccc2c(c1)c(CC(=O)O)c(C)n2C(=O)c1ccc(Cl)cc1,N#Cc1ccc(N)cc1C(F)(F)F,CN(C)C(=[O+]c1c(F)c(F)c(F)c(F)c1F)N(C)C.F[P-](F)(F)(F)(F)F,Cn1ccnc1,,,CC#N,CC#N,,COc1ccc2c(c1)c(CC(=O)Nc1ccc(C#N)c(C(F)(F)F)c1)c(C)n2C(=O)c1ccc(Cl)cc1,25.0,86400.0,0.0,0.0,0.46000000834465027
COc1ccc2c(c1)c(CC(=O)O)c(C)n2C(=O)c1ccc(Cl)cc1,CNS(=O)(=O)Cc1ccc(N)cc1,O=C1OCCN1P(=O)(Cl)N1CCOC1=O,Cc1cccc(C)n1,,,CC#N,CC#N,,CNS(=O)(=O)Cc1ccc(NC(=O)Cc2c(C)n(C(=O)c3ccc(Cl)cc3)c3ccc(OC)cc23)cc1,25.0,86400.0,0.0,0.0,55.209999084472656
COc1ccc2c(c1)c(CC(=O)O)c(C)n2C(=O)c1ccc(Cl)cc1,CNS(=O)(=O)Cc1ccc(N)cc1,O=P(Cl)(c1ccccc1)c1ccccc1,CCN(C(C)C)C(C)C,,,CC#N,CC#N,,CNS(=O)(=O)Cc1ccc(NC(=O)Cc2c(C)n(C(=O)c3ccc(Cl)cc3)c3ccc(OC)cc23)cc1,25.0,86400.0,0.0,0.0,32.68000030517578
COc1ccc2c(c1)c(CC(=O)O)c(C)n2C(=O)c1ccc(Cl)cc1,Nc1cc(-c2ccccc2)nn1-c1ccccc1,O=C1OCCN1P(=O)(Cl)N1CCOC1=O,Cn1ccnc1,,,CC#N,CC#N,,COc1ccc2c(c1)c(CC(=O)Nc1cc(-c3ccccc3)nn1-c1ccccc1)c(C)n2C(=O)c1ccc(Cl)cc1,25.0,86400.0,0.0,0.0,35.61000061035156
COc1ccc2c(c1)c(CC(=O)O)c(C)n2C(=O)c1ccc(Cl)cc1,Cc1ccc2ncccc2c1N,CN(C)C(=[O+]n1nnc2cccnc21)N(C)C.F[P-](F)(F)(F)(F)F,Cn1ccnc1,,,CN(C)C=O,CN(C)C=O,,COc1ccc2c(c1)c(CC(=O)Nc1c(C)ccc3ncccc13)c(C)n2C(=O)c1ccc(Cl)cc1,25.0,86400.0,0.0,0.0,55.369998931884766
COc1ccc2c(c1)c(CC(=O)O)c(C)n2C(=O)c1ccc(Cl)cc1,N#Cc1ccc(N)cc1C(F)(F)F,F[P-](F)(F)(F)(F)F.c1ccc2c(c1)nnn2O[P+](N1CCCC1)(N1CCCC1)N1CCCC1,Cn1ccnc1,,,CN(C)C=O,CN(C)C=O,,COc1ccc2c(c1)c(CC(=O)Nc1ccc(C#N)c(C(F)(F)F)c1)c(C)n2C(=O)c1ccc(Cl)cc1,25.0,86400.0,0.0,0.0,1.8799999952316284
COc1ccc2c(c1)c(CC(=O)O)c(C)n2C(=O)c1ccc(Cl)cc1,Nc1cc(-c2ccccc2)nn1-c1ccccc1,O=P(Cl)(c1ccccc1)c1ccccc1,Cc1cccc(C)n1,,,CC#N,CC#N,,COc1ccc2c(c1)c(CC(=O)Nc1cc(-c3ccccc3)nn1-c1ccccc1)c(C)n2C(=O)c1ccc(Cl)cc1,25.0,86400.0,0.0,0.0,34.41999816894531
COc1ccc2c(c1)c(CC(=O)O)c(C)n2C(=O)c1ccc(Cl)cc1,N#Cc1ccc(Cl)c(N)c1,CCOC(=O)C(C#N)=N[O+]=C(N(C)C)N(C)C.F[P-](F)(F)(F)(F)F,Cc1cccc(C)n1,,,C1CCOC1,C1CCOC1,,COc1ccc2c(c1)c(CC(=O)Nc1cc(C#N)ccc1Cl)c(C)n2C(=O)c1ccc(Cl)cc1,25.0,86400.0,0.0,0.0,0.7400000095367432
COc1ccc2c(c1)c(CC(=O)O)c(C)n2C(=O)c1ccc(Cl)cc1,CC(C)c1cccc(C(C)C)c1N,CN(C)C(=[F+])N(C)C.F[P-](F)(F)(F)(F)F,Cn1ccnc1,,,CN(C)C=O,CN(C)C=O,,COc1ccc2c(c1)c(CC(=O)Nc1c(C(C)C)cccc1C(C)C)c(C)n2C(=O)c1ccc(Cl)cc1,25.0,86400.0,0.0,0.0,9.399999618530273
COc1ccc2c(c1)c(CC(=O)O)c(C)n2C(=O)c1ccc(Cl)cc1,N#Cc1ccc(N)cc1C(F)(F)F,O=P(Cl)(c1ccccc1)c1ccccc1,Cn1ccnc1,,,C1CCOC1,C1CCOC1,,COc1ccc2c(c1)c(CC(=O)Nc1ccc(C#N)c(C(F)(F)F)c1)c(C)n2C(=O)c1ccc(Cl)cc1,25.0,86400.0,0.0,0.0,20.649999618530273
COc1ccc2c(c1)c(CC(=O)O)c(C)n2C(=O)c1ccc(Cl)cc1,COC(=O)c1ccc(Cl)cc1N,CN(C)C(=[O+]c1c(F)c(F)c(F)c(F)c1F)N(C)C.F[P-](F)(F)(F)(F)F,CCN(C(C)C)C(C)C,,,CC#N,CC#N,,COC(=O)c1cc(Cl)ccc1NC(=O)Cc1c(C)n(C(=O)c2ccc(Cl)cc2)c2ccc(OC)cc12,25.0,86400.0,0.0,0.0,29.079999923706055
COc1ccc2c(c1)c(CC(=O)O)c(C)n2C(=O)c1ccc(Cl)cc1,Nc1cc(-c2ccccc2)nn1-c1ccccc1,O=C1OCCN1P(=O)(Cl)N1CCOC1=O,Cn1ccnc1,,,CN(C)C=O,CN(C)C=O,,COc1ccc2c(c1)c(CC(=O)Nc1cc(-c3ccccc3)nn1-c1ccccc1)c(C)n2C(=O)c1ccc(Cl)cc1,25.0,86400.0,0.0,0.0,16.709999084472656
COc1ccc2c(c1)c(CC(=O)O)c(C)n2C(=O)c1ccc(Cl)cc1,N=c1ccc(Cl)n[nH]1,CN(C)C(=[O+]c1c(F)c(F)c(F)c(F)c1F)N(C)C.F[P-](F)(F)(F)(F)F,Cc1cccc(C)n1,,,C1CCOC1,C1CCOC1,,COc1ccc2c(c1)c(CC(=O)Nc1ccc(Cl)nn1)c(C)n2C(=O)c1ccc(Cl)cc1,25.0,86400.0,0.0,0.0,1.9800000190734863
COc1ccc2c(c1)c(CC(=O)O)c(C)n2C(=O)c1ccc(Cl)cc1,Nc1cc(-c2ccccc2)nn1-c1ccccc1,F[P-](F)(F)(F)(F)F.c1ccc2c(c1)nnn2O[P+](N1CCCC1)(N1CCCC1)N1CCCC1,CCN(C(C)C)C(C)C,,,CC#N,CC#N,,COc1ccc2c(c1)c(CC(=O)Nc1cc(-c3ccccc3)nn1-c1ccccc1)c(C)n2C(=O)c1ccc(Cl)cc1,25.0,86400.0,0.0,0.0,45.15999984741211
COc1ccc2c(c1)c(CC(=O)O)c(C)n2C(=O)c1ccc(Cl)cc1,N=c1ccc(Cl)n[nH]1,CCOC(=O)C(C#N)=N[O+]=C(N(C)C)N(C)C.F[P-](F)(F)(F)(F)F,Cc1cccc(C)n1,,,CN(C)C=O,CN(C)C=O,,COc1ccc2c(c1)c(CC(=O)Nc1ccc(Cl)nn1)c(C)n2C(=O)c1ccc(Cl)cc1,25.0,86400.0,0.0,0.0,28.25
COc1ccc2c(c1)c(CC(=O)O)c(C)n2C(=O)c1ccc(Cl)cc1,Cc1cc([N+](=O)[O-])ccc1N,CN(C)C(=[O+]c1c(F)c(F)c(F)c(F)c1F)N(C)C.F[P-](F)(F)(F)(F)F,CN1CCOCC1,,,CC#N,CC#N,,COc1ccc2c(c1)c(CC(=O)Nc1ccc([N+](=O)[O-])cc1C)c(C)n2C(=O)c1ccc(Cl)cc1,25.0,86400.0,0.0,0.0,2.0199999809265137
COc1ccc2c(c1)c(CC(=O)O)c(C)n2C(=O)c1ccc(Cl)cc1,Cc1cc(C)c(N)c(Br)c1,CN(C)C(=[O+]c1c(F)c(F)c(F)c(F)c1F)N(C)C.F[P-](F)(F)(F)(F)F,Cn1ccnc1,,,C1CCOC1,C1CCOC1,,COc1ccc2c(c1)c(CC(=O)Nc1c(C)cc(C)cc1Br)c(C)n2C(=O)c1ccc(Cl)cc1,25.0,86400.0,0.0,0.0,4.559999942779541
COc1ccc2c(c1)c(CC(=O)O)c(C)n2C(=O)c1ccc(Cl)cc1,CC(C)c1cccc(C(C)C)c1N,CN(C)C(=[O+]n1nnc2cccnc21)N(C)C.F[P-](F)(F)(F)(F)F,CN1CCOCC1,,,CN(C)C=O,CN(C)C=O,,COc1ccc2c(c1)c(CC(=O)Nc1c(C(C)C)cccc1C(C)C)c(C)n2C(=O)c1ccc(Cl)cc1,25.0,86400.0,0.0,0.0,18.59000015258789
COc1ccc2c(c1)c(CC(=O)O)c(C)n2C(=O)c1ccc(Cl)cc1,CNS(=O)(=O)Cc1ccc(N)cc1,O=C1OCCN1P(=O)(Cl)N1CCOC1=O,CN1CCOCC1,,,C1CCOC1,C1CCOC1,,CNS(=O)(=O)Cc1ccc(NC(=O)Cc2c(C)n(C(=O)c3ccc(Cl)cc3)c3ccc(OC)cc23)cc1,25.0,86400.0,0.0,0.0,29.450000762939453
COc1ccc2c(c1)c(CC(=O)O)c(C)n2C(=O)c1ccc(Cl)cc1,N=c1ccc(Cl)n[nH]1,O=P(Cl)(c1ccccc1)c1ccccc1,Cn1ccnc1,,,CC#N,CC#N,,COc1ccc2c(c1)c(CC(=O)Nc1ccc(Cl)nn1)c(C)n2C(=O)c1ccc(Cl)cc1,25.0,86400.0,0.0,0.0,40.4900016784668
COc1ccc2c(c1)c(CC(=O)O)c(C)n2C(=O)c1ccc(Cl)cc1,Cc1ccc2ncccc2c1N,CN(C)C(=[F+])N(C)C.F[P-](F)(F)(F)(F)F,CCN(C(C)C)C(C)C,,,C1CCOC1,C1CCOC1,,COc1ccc2c(c1)c(CC(=O)Nc1c(C)ccc3ncccc13)c(C)n2C(=O)c1ccc(Cl)cc1,25.0,86400.0,0.0,0.0,16.450000762939453
COc1ccc2c(c1)c(CC(=O)O)c(C)n2C(=O)c1ccc(Cl)cc1,Cc1cc([N+](=O)[O-])ccc1N,CN(C)C(=[O+]c1c(F)c(F)c(F)c(F)c1F)N(C)C.F[P-](F)(F)(F)(F)F,CCN(C(C)C)C(C)C,,,CN(C)C=O,CN(C)C=O,,COc1ccc2c(c1)c(CC(=O)Nc1ccc([N+](=O)[O-])cc1C)c(C)n2C(=O)c1ccc(Cl)cc1,25.0,86400.0,0.0,0.0,3.240000009536743
COc1ccc2c(c1)c(CC(=O)O)c(C)n2C(=O)c1ccc(Cl)cc1,COC(=O)c1ccc(Cl)cc1N,CCOC(=O)C(C#N)=N[O+]=C(N(C)C)N(C)C.F[P-](F)(F)(F)(F)F,Cc1cccc(C)n1,,,CC#N,CC#N,,COC(=O)c1cc(Cl)ccc1NC(=O)Cc1c(C)n(C(=O)c2ccc(Cl)cc2)c2ccc(OC)cc12,25.0,86400.0,0.0,0.0,10.34000015258789
COc1ccc2c(c1)c(CC(=O)O)c(C)n2C(=O)c1ccc(Cl)cc1,N=c1ccc(Cl)n[nH]1,O=C1OCCN1P(=O)(Cl)N1CCOC1=O,Cn1ccnc1,,,CC#N,CC#N,,COc1ccc2c(c1)c(CC(=O)Nc1ccc(Cl)nn1)c(C)n2C(=O)c1ccc(Cl)cc1,25.0,86400.0,0.0,0.0,45.369998931884766
COc1ccc2c(c1)c(CC(=O)O)c(C)n2C(=O)c1ccc(Cl)cc1,COC(=O)c1ccc(Cl)cc1N,CCOC(=O)C(C#N)=N[O+]=C(N(C)C)N(C)C.F[P-](F)(F)(F)(F)F,CN1CCOCC1,,,CC#N,CC#N,,COC(=O)c1cc(Cl)ccc1NC(=O)Cc1c(C)n(C(=O)c2ccc(Cl)cc2)c2ccc(OC)cc12,25.0,86400.0,0.0,0.0,1.3899999856948853
COc1ccc2c(c1)c(CC(=O)O)c(C)n2C(=O)c1ccc(Cl)cc1,N#Cc1ccc(N)cc1C(F)(F)F,CN(C)C(=[O+]n1nnc2cccnc21)N(C)C.F[P-](F)(F)(F)(F)F,CN1CCOCC1,,,CC#N,CC#N,,COc1ccc2c(c1)c(CC(=O)Nc1ccc(C#N)c(C(F)(F)F)c1)c(C)n2C(=O)c1ccc(Cl)cc1,25.0,86400.0,0.0,0.0,2.559999942779541
COc1ccc2c(c1)c(CC(=O)O)c(C)n2C(=O)c1ccc(Cl)cc1,COC(=O)c1ccc(Cl)cc1N,F[P-](F)(F)(F)(F)F.c1ccc2c(c1)nnn2O[P+](N1CCCC1)(N1CCCC1)N1CCCC1,Cn1ccnc1,,,CC#N,CC#N,,COC(=O)c1cc(Cl)ccc1NC(=O)Cc1c(C)n(C(=O)c2ccc(Cl)cc2)c2ccc(OC)cc12,25.0,86400.0,0.0,0.0,2.759999990463257
COc1ccc2c(c1)c(CC(=O)O)c(C)n2C(=O)c1ccc(Cl)cc1,COC(=O)c1ccc(Cl)cc1N,CN(C)C(=[O+]c1c(F)c(F)c(F)c(F)c1F)N(C)C.F[P-](F)(F)(F)(F)F,Cc1cccc(C)n1,,,CN(C)C=O,CN(C)C=O,,COC(=O)c1cc(Cl)ccc1NC(=O)Cc1c(C)n(C(=O)c2ccc(Cl)cc2)c2ccc(OC)cc12,25.0,86400.0,0.0,0.0,8.949999809265137
COc1ccc2c(c1)c(CC(=O)O)c(C)n2C(=O)c1ccc(Cl)cc1,Cc1cc(C)c(N)c(Br)c1,O=P(Cl)(c1ccccc1)c1ccccc1,CCN(C(C)C)C(C)C,,,C1CCOC1,C1CCOC1,,COc1ccc2c(c1)c(CC(=O)Nc1c(C)cc(C)cc1Br)c(C)n2C(=O)c1ccc(Cl)cc1,25.0,86400.0,0.0,0.0,5.900000095367432
COc1ccc2c(c1)c(CC(=O)O)c(C)n2C(=O)c1ccc(Cl)cc1,Cc1ccc2ncccc2c1N,CN(C)C(=[F+])N(C)C.F[P-](F)(F)(F)(F)F,CN1CCOCC1,,,CC#N,CC#N,,COc1ccc2c(c1)c(CC(=O)Nc1c(C)ccc3ncccc13)c(C)n2C(=O)c1ccc(Cl)cc1,25.0,86400.0,0.0,0.0,14.880000114440918
COc1ccc2c(c1)c(CC(=O)O)c(C)n2C(=O)c1ccc(Cl)cc1,Nc1cc(-c2ccccc2)nn1-c1ccccc1,CCOC(=O)C(C#N)=N[O+]=C(N(C)C)N(C)C.F[P-](F)(F)(F)(F)F,CN1CCOCC1,,,CN(C)C=O,CN(C)C=O,,COc1ccc2c(c1)c(CC(=O)Nc1cc(-c3ccccc3)nn1-c1ccccc1)c(C)n2C(=O)c1ccc(Cl)cc1,25.0,86400.0,0.0,0.0,37.959999084472656
COc1ccc2c(c1)c(CC(=O)O)c(C)n2C(=O)c1ccc(Cl)cc1,CC(C)c1cccc(C(C)C)c1N,CN(C)C(=[F+])N(C)C.F[P-](F)(F)(F)(F)F,CN1CCOCC1,,,CN(C)C=O,CN(C)C=O,,COc1ccc2c(c1)c(CC(=O)Nc1c(C(C)C)cccc1C(C)C)c(C)n2C(=O)c1ccc(Cl)cc1,25.0,86400.0,0.0,0.0,4.769999980926514
COc1ccc2c(c1)c(CC(=O)O)c(C)n2C(=O)c1ccc(Cl)cc1,Cc1ccc2ncccc2c1N,CN(C)C(=[Cl+])N(C)C.F[P-](F)(F)(F)(F)F,Cc1cccc(C)n1,,,C1CCOC1,C1CCOC1,,COc1ccc2c(c1)c(CC(=O)Nc1c(C)ccc3ncccc13)c(C)n2C(=O)c1ccc(Cl)cc1,25.0,86400.0,0.0,0.0,75.41000366210938
COc1ccc2c(c1)c(CC(=O)O)c(C)n2C(=O)c1ccc(Cl)cc1,CNS(=O)(=O)Cc1ccc(N)cc1,CN(C)C(=[O+]c1c(F)c(F)c(F)c(F)c1F)N(C)C.F[P-](F)(F)(F)(F)F,CCN(C(C)C)C(C)C,,,CN(C)C=O,CN(C)C=O,,CNS(=O)(=O)Cc1ccc(NC(=O)Cc2c(C)n(C(=O)c3ccc(Cl)cc3)c3ccc(OC)cc23)cc1,25.0,86400.0,0.0,0.0,56.0
COc1ccc2c(c1)c(CC(=O)O)c(C)n2C(=O)c1ccc(Cl)cc1,Cc1cc([N+](=O)[O-])ccc1N,O=P(Cl)(c1ccccc1)c1ccccc1,CN1CCOCC1,,,C1CCOC1,C1CCOC1,,COc1ccc2c(c1)c(CC(=O)Nc1ccc([N+](=O)[O-])cc1C)c(C)n2C(=O)c1ccc(Cl)cc1,25.0,86400.0,0.0,0.0,1.4600000381469727
COc1ccc2c(c1)c(CC(=O)O)c(C)n2C(=O)c1ccc(Cl)cc1,N=c1ccc(Cl)n[nH]1,O=P(Cl)(c1ccccc1)c1ccccc1,CN1CCOCC1,,,CC#N,CC#N,,COc1ccc2c(c1)c(CC(=O)Nc1ccc(Cl)nn1)c(C)n2C(=O)c1ccc(Cl)cc1,25.0,86400.0,0.0,0.0,35.119998931884766
COc1ccc2c(c1)c(CC(=O)O)c(C)n2C(=O)c1ccc(Cl)cc1,CNS(=O)(=O)Cc1ccc(N)cc1,CN(C)C(=[Cl+])N(C)C.F[P-](F)(F)(F)(F)F,Cc1cccc(C)n1,,,CC#N,CC#N,,CNS(=O)(=O)Cc1ccc(NC(=O)Cc2c(C)n(C(=O)c3ccc(Cl)cc3)c3ccc(OC)cc23)cc1,25.0,86400.0,0.0,0.0,34.599998474121094
COc1ccc2c(c1)c(CC(=O)O)c(C)n2C(=O)c1ccc(Cl)cc1,N#Cc1ccc(N)cc1C(F)(F)F,CCOC(=O)C(C#N)=N[O+]=C(N(C)C)N(C)C.F[P-](F)(F)(F)(F)F,CN1CCOCC1,,,CN(C)C=O,CN(C)C=O,,COc1ccc2c(c1)c(CC(=O)Nc1ccc(C#N)c(C(F)(F)F)c1)c(C)n2C(=O)c1ccc(Cl)cc1,25.0,86400.0,0.0,0.0,3.819999933242798
COc1ccc2c(c1)c(CC(=O)O)c(C)n2C(=O)c1ccc(Cl)cc1,COC(=O)c1ccc(Cl)cc1N,CCOC(=O)C(C#N)=N[O+]=C(N(C)C)N(C)C.F[P-](F)(F)(F)(F)F,CN1CCOCC1,,,CN(C)C=O,CN(C)C=O,,COC(=O)c1cc(Cl)ccc1NC(=O)Cc1c(C)n(C(=O)c2ccc(Cl)cc2)c2ccc(OC)cc12,25.0,86400.0,0.0,0.0,19.639999389648438
COc1ccc2c(c1)c(CC(=O)O)c(C)n2C(=O)c1ccc(Cl)cc1,N#Cc1ccc(N)cc1C(F)(F)F,F[P-](F)(F)(F)(F)F.c1ccc2c(c1)nnn2O[P+](N1CCCC1)(N1CCCC1)N1CCCC1,Cc1cccc(C)n1,,,CN(C)C=O,CN(C)C=O,,COc1ccc2c(c1)c(CC(=O)Nc1ccc(C#N)c(C(F)(F)F)c1)c(C)n2C(=O)c1ccc(Cl)cc1,25.0,86400.0,0.0,0.0,0.20999999344348907
COc1ccc2c(c1)c(CC(=O)O)c(C)n2C(=O)c1ccc(Cl)cc1,N=c1ccc(Cl)n[nH]1,CN(C)C(=[F+])N(C)C.F[P-](F)(F)(F)(F)F,CCN(C(C)C)C(C)C,,,CN(C)C=O,CN(C)C=O,,COc1ccc2c(c1)c(CC(=O)Nc1ccc(Cl)nn1)c(C)n2C(=O)c1ccc(Cl)cc1,25.0,86400.0,0.0,0.0,29.610000610351562
COc1ccc2c(c1)c(CC(=O)O)c(C)n2C(=O)c1ccc(Cl)cc1,N#Cc1ccc(Cl)c(N)c1,CN(C)C(=[O+]n1nnc2cccnc21)N(C)C.F[P-](F)(F)(F)(F)F,CCN(C(C)C)C(C)C,,,CN(C)C=O,CN(C)C=O,,COc1ccc2c(c1)c(CC(=O)Nc1cc(C#N)ccc1Cl)c(C)n2C(=O)c1ccc(Cl)cc1,25.0,86400.0,0.0,0.0,30.5
COc1ccc2c(c1)c(CC(=O)O)c(C)n2C(=O)c1ccc(Cl)cc1,COC(=O)c1ccc(Cl)cc1N,CN(C)C(=[Cl+])N(C)C.F[P-](F)(F)(F)(F)F,Cc1cccc(C)n1,,,CN(C)C=O,CN(C)C=O,,COC(=O)c1cc(Cl)ccc1NC(=O)Cc1c(C)n(C(=O)c2ccc(Cl)cc2)c2ccc(OC)cc12,25.0,86400.0,0.0,0.0,36.939998626708984
COc1ccc2c(c1)c(CC(=O)O)c(C)n2C(=O)c1ccc(Cl)cc1,Nc1cc(-c2ccccc2)nn1-c1ccccc1,CCOC(=O)C(C#N)=N[O+]=C(N(C)C)N(C)C.F[P-](F)(F)(F)(F)F,CCN(C(C)C)C(C)C,,,CN(C)C=O,CN(C)C=O,,COc1ccc2c(c1)c(CC(=O)Nc1cc(-c3ccccc3)nn1-c1ccccc1)c(C)n2C(=O)c1ccc(Cl)cc1,25.0,86400.0,0.0,0.0,20.920000076293945
COc1ccc2c(c1)c(CC(=O)O)c(C)n2C(=O)c1ccc(Cl)cc1,N#Cc1ccc(N)cc1C(F)(F)F,CN(C)C(=[O+]c1c(F)c(F)c(F)c(F)c1F)N(C)C.F[P-](F)(F)(F)(F)F,CCN(C(C)C)C(C)C,,,CN(C)C=O,CN(C)C=O,,COc1ccc2c(c1)c(CC(=O)Nc1ccc(C#N)c(C(F)(F)F)c1)c(C)n2C(=O)c1ccc(Cl)cc1,25.0,86400.0,0.0,0.0,1.4900000095367432
COc1ccc2c(c1)c(CC(=O)O)c(C)n2C(=O)c1ccc(Cl)cc1,Cc1ccc2ncccc2c1N,O=C1OCCN1P(=O)(Cl)N1CCOC1=O,CN1CCOCC1,,,CC#N,CC#N,,COc1ccc2c(c1)c(CC(=O)Nc1c(C)ccc3ncccc13)c(C)n2C(=O)c1ccc(Cl)cc1,25.0,86400.0,0.0,0.0,79.43000030517578
COc1ccc2c(c1)c(CC(=O)O)c(C)n2C(=O)c1ccc(Cl)cc1,N#Cc1ccc(N)cc1C(F)(F)F,CN(C)C(=[O+]n1nnc2cccnc21)N(C)C.F[P-](F)(F)(F)(F)F,CN1CCOCC1,,,C1CCOC1,C1CCOC1,,COc1ccc2c(c1)c(CC(=O)Nc1ccc(C#N)c(C(F)(F)F)c1)c(C)n2C(=O)c1ccc(Cl)cc1,25.0,86400.0,0.0,0.0,0.5799999833106995
COc1ccc2c(c1)c(CC(=O)O)c(C)n2C(=O)c1ccc(Cl)cc1,Cc1ccc2ncccc2c1N,CN(C)C(=[O+]n1nnc2cccnc21)N(C)C.F[P-](F)(F)(F)(F)F,CCN(C(C)C)C(C)C,,,C1CCOC1,C1CCOC1,,COc1ccc2c(c1)c(CC(=O)Nc1c(C)ccc3ncccc13)c(C)n2C(=O)c1ccc(Cl)cc1,25.0,86400.0,0.0,0.0,41.310001373291016
COc1ccc2c(c1)c(CC(=O)O)c(C)n2C(=O)c1ccc(Cl)cc1,CC(C)c1cccc(C(C)C)c1N,F[P-](F)(F)(F)(F)F.c1ccc2c(c1)nnn2O[P+](N1CCCC1)(N1CCCC1)N1CCCC1,CCN(C(C)C)C(C)C,,,CC#N,CC#N,,COc1ccc2c(c1)c(CC(=O)Nc1c(C(C)C)cccc1C(C)C)c(C)n2C(=O)c1ccc(Cl)cc1,25.0,86400.0,0.0,0.0,25.09000015258789
COc1ccc2c(c1)c(CC(=O)O)c(C)n2C(=O)c1ccc(Cl)cc1,Cc1cc(C)c(N)c(Br)c1,CCOC(=O)C(C#N)=N[O+]=C(N(C)C)N(C)C.F[P-](F)(F)(F)(F)F,CCN(C(C)C)C(C)C,,,CC#N,CC#N,,COc1ccc2c(c1)c(CC(=O)Nc1c(C)cc(C)cc1Br)c(C)n2C(=O)c1ccc(Cl)cc1,25.0,86400.0,0.0,0.0,18.829999923706055
COc1ccc2c(c1)c(CC(=O)O)c(C)n2C(=O)c1ccc(Cl)cc1,N#Cc1ccc(Cl)c(N)c1,CN(C)C(=[F+])N(C)C.F[P-](F)(F)(F)(F)F,CN1CCOCC1,,,C1CCOC1,C1CCOC1,,COc1ccc2c(c1)c(CC(=O)Nc1cc(C#N)ccc1Cl)c(C)n2C(=O)c1ccc(Cl)cc1,25.0,86400.0,0.0,0.0,5.210000038146973
COc1ccc2c(c1)c(CC(=O)O)c(C)n2C(=O)c1ccc(Cl)cc1,N#Cc1ccc(Cl)c(N)c1,O=C1OCCN1P(=O)(Cl)N1CCOC1=O,Cc1cccc(C)n1,,,C1CCOC1,C1CCOC1,,COc1ccc2c(c1)c(CC(=O)Nc1cc(C#N)ccc1Cl)c(C)n2C(=O)c1ccc(Cl)cc1,25.0,86400.0,0.0,0.0,1.4800000190734863
COc1ccc2c(c1)c(CC(=O)O)c(C)n2C(=O)c1ccc(Cl)cc1,CC(C)c1cccc(C(C)C)c1N,CCOC(=O)C(C#N)=N[O+]=C(N(C)C)N(C)C.F[P-](F)(F)(F)(F)F,CN1CCOCC1,,,CN(C)C=O,CN(C)C=O,,COc1ccc2c(c1)c(CC(=O)Nc1c(C(C)C)cccc1C(C)C)c(C)n2C(=O)c1ccc(Cl)cc1,25.0,86400.0,0.0,0.0,5.559999942779541
COc1ccc2c(c1)c(CC(=O)O)c(C)n2C(=O)c1ccc(Cl)cc1,N=c1ccc(Cl)n[nH]1,O=C1OCCN1P(=O)(Cl)N1CCOC1=O,CCN(C(C)C)C(C)C,,,C1CCOC1,C1CCOC1,,COc1ccc2c(c1)c(CC(=O)Nc1ccc(Cl)nn1)c(C)n2C(=O)c1ccc(Cl)cc1,25.0,86400.0,0.0,0.0,37.22999954223633
COc1ccc2c(c1)c(CC(=O)O)c(C)n2C(=O)c1ccc(Cl)cc1,CC(C)c1cccc(C(C)C)c1N,O=P(Cl)(c1ccccc1)c1ccccc1,Cn1ccnc1,,,C1CCOC1,C1CCOC1,,COc1ccc2c(c1)c(CC(=O)Nc1c(C(C)C)cccc1C(C)C)c(C)n2C(=O)c1ccc(Cl)cc1,25.0,86400.0,0.0,0.0,37.93000030517578
COc1ccc2c(c1)c(CC(=O)O)c(C)n2C(=O)c1ccc(Cl)cc1,COC(=O)c1ccc(Cl)cc1N,CN(C)C(=[F+])N(C)C.F[P-](F)(F)(F)(F)F,Cc1cccc(C)n1,,,C1CCOC1,C1CCOC1,,COC(=O)c1cc(Cl)ccc1NC(=O)Cc1c(C)n(C(=O)c2ccc(Cl)cc2)c2ccc(OC)cc12,25.0,86400.0,0.0,0.0,12.479999542236328
COc1ccc2c(c1)c(CC(=O)O)c(C)n2C(=O)c1ccc(Cl)cc1,Cc1cc([N+](=O)[O-])ccc1N,F[P-](F)(F)(F)(F)F.c1ccc2c(c1)nnn2O[P+](N1CCCC1)(N1CCCC1)N1CCCC1,Cn1ccnc1,,,CC#N,CC#N,,COc1ccc2c(c1)c(CC(=O)Nc1ccc([N+](=O)[O-])cc1C)c(C)n2C(=O)c1ccc(Cl)cc1,25.0,86400.0,0.0,0.0,3.4700000286102295
COc1ccc2c(c1)c(CC(=O)O)c(C)n2C(=O)c1ccc(Cl)cc1,Nc1cc(-c2ccccc2)nn1-c1ccccc1,CN(C)C(=[Cl+])N(C)C.F[P-](F)(F)(F)(F)F,Cc1cccc(C)n1,,,CC#N,CC#N,,COc1ccc2c(c1)c(CC(=O)Nc1cc(-c3ccccc3)nn1-c1ccccc1)c(C)n2C(=O)c1ccc(Cl)cc1,25.0,86400.0,0.0,0.0,5.210000038146973
COc1ccc2c(c1)c(CC(=O)O)c(C)n2C(=O)c1ccc(Cl)cc1,CC(C)c1cccc(C(C)C)c1N,CCOC(=O)C(C#N)=N[O+]=C(N(C)C)N(C)C.F[P-](F)(F)(F)(F)F,Cn1ccnc1,,,CC#N,CC#N,,COc1ccc2c(c1)c(CC(=O)Nc1c(C(C)C)cccc1C(C)C)c(C)n2C(=O)c1ccc(Cl)cc1,25.0,86400.0,0.0,0.0,13.680000305175781
COc1ccc2c(c1)c(CC(=O)O)c(C)n2C(=O)c1ccc(Cl)cc1,N=c1ccc(Cl)n[nH]1,CN(C)C(=[Cl+])N(C)C.F[P-](F)(F)(F)(F)F,CN1CCOCC1,,,C1CCOC1,C1CCOC1,,COc1ccc2c(c1)c(CC(=O)Nc1ccc(Cl)nn1)c(C)n2C(=O)c1ccc(Cl)cc1,25.0,86400.0,0.0,0.0,27.979999542236328
COc1ccc2c(c1)c(CC(=O)O)c(C)n2C(=O)c1ccc(Cl)cc1,CC(C)c1cccc(C(C)C)c1N,CN(C)C(=[O+]c1c(F)c(F)c(F)c(F)c1F)N(C)C.F[P-](F)(F)(F)(F)F,CN1CCOCC1,,,CC#N,CC#N,,COc1ccc2c(c1)c(CC(=O)Nc1c(C(C)C)cccc1C(C)C)c(C)n2C(=O)c1ccc(Cl)cc1,25.0,86400.0,0.0,0.0,2.3499999046325684
COc1ccc2c(c1)c(CC(=O)O)c(C)n2C(=O)c1ccc(Cl)cc1,Cc1cc([N+](=O)[O-])ccc1N,O=P(Cl)(c1ccccc1)c1ccccc1,Cn1ccnc1,,,C1CCOC1,C1CCOC1,,COc1ccc2c(c1)c(CC(=O)Nc1ccc([N+](=O)[O-])cc1C)c(C)n2C(=O)c1ccc(Cl)cc1,25.0,86400.0,0.0,0.0,3.4000000953674316
COc1ccc2c(c1)c(CC(=O)O)c(C)n2C(=O)c1ccc(Cl)cc1,Nc1cc(-c2ccccc2)nn1-c1ccccc1,CN(C)C(=[Cl+])N(C)C.F[P-](F)(F)(F)(F)F,CCN(C(C)C)C(C)C,,,CN(C)C=O,CN(C)C=O,,COc1ccc2c(c1)c(CC(=O)Nc1cc(-c3ccccc3)nn1-c1ccccc1)c(C)n2C(=O)c1ccc(Cl)cc1,25.0,86400.0,0.0,0.0,0.0
COc1ccc2c(c1)c(CC(=O)O)c(C)n2C(=O)c1ccc(Cl)cc1,Cc1cc([N+](=O)[O-])ccc1N,CN(C)C(=[Cl+])N(C)C.F[P-](F)(F)(F)(F)F,Cn1ccnc1,,,CC#N,CC#N,,COc1ccc2c(c1)c(CC(=O)Nc1ccc([N+](=O)[O-])cc1C)c(C)n2C(=O)c1ccc(Cl)cc1,25.0,86400.0,0.0,0.0,2.4600000381469727
COc1ccc2c(c1)c(CC(=O)O)c(C)n2C(=O)c1ccc(Cl)cc1,Cc1ccc2ncccc2c1N,CN(C)C(=[Cl+])N(C)C.F[P-](F)(F)(F)(F)F,Cn1ccnc1,,,CC#N,CC#N,,COc1ccc2c(c1)c(CC(=O)Nc1c(C)ccc3ncccc13)c(C)n2C(=O)c1ccc(Cl)cc1,25.0,86400.0,0.0,0.0,18.110000610351562
COc1ccc2c(c1)c(CC(=O)O)c(C)n2C(=O)c1ccc(Cl)cc1,Cc1cc([N+](=O)[O-])ccc1N,CN(C)C(=[O+]n1nnc2cccnc21)N(C)C.F[P-](F)(F)(F)(F)F,Cn1ccnc1,,,CC#N,CC#N,,COc1ccc2c(c1)c(CC(=O)Nc1ccc([N+](=O)[O-])cc1C)c(C)n2C(=O)c1ccc(Cl)cc1,25.0,86400.0,0.0,0.0,4.96999979019165
COc1ccc2c(c1)c(CC(=O)O)c(C)n2C(=O)c1ccc(Cl)cc1,N#Cc1ccc(N)cc1C(F)(F)F,CCOC(=O)C(C#N)=N[O+]=C(N(C)C)N(C)C.F[P-](F)(F)(F)(F)F,CCN(C(C)C)C(C)C,,,C1CCOC1,C1CCOC1,,COc1ccc2c(c1)c(CC(=O)Nc1ccc(C#N)c(C(F)(F)F)c1)c(C)n2C(=O)c1ccc(Cl)cc1,25.0,86400.0,0.0,0.0,3.200000047683716
COc1ccc2c(c1)c(CC(=O)O)c(C)n2C(=O)c1ccc(Cl)cc1,N=c1ccc(Cl)n[nH]1,O=C1OCCN1P(=O)(Cl)N1CCOC1=O,CN1CCOCC1,,,CC#N,CC#N,,COc1ccc2c(c1)c(CC(=O)Nc1ccc(Cl)nn1)c(C)n2C(=O)c1ccc(Cl)cc1,25.0,86400.0,0.0,0.0,37.099998474121094
COc1ccc2c(c1)c(CC(=O)O)c(C)n2C(=O)c1ccc(Cl)cc1,CC(C)c1cccc(C(C)C)c1N,CN(C)C(=[Cl+])N(C)C.F[P-](F)(F)(F)(F)F,CCN(C(C)C)C(C)C,,,CN(C)C=O,CN(C)C=O,,COc1ccc2c(c1)c(CC(=O)Nc1c(C(C)C)cccc1C(C)C)c(C)n2C(=O)c1ccc(Cl)cc1,25.0,86400.0,0.0,0.0,21.5
COc1ccc2c(c1)c(CC(=O)O)c(C)n2C(=O)c1ccc(Cl)cc1,N#Cc1ccc(N)cc1C(F)(F)F,CN(C)C(=[O+]n1nnc2cccnc21)N(C)C.F[P-](F)(F)(F)(F)F,CCN(C(C)C)C(C)C,,,CN(C)C=O,CN(C)C=O,,COc1ccc2c(c1)c(CC(=O)Nc1ccc(C#N)c(C(F)(F)F)c1)c(C)n2C(=O)c1ccc(Cl)cc1,25.0,86400.0,0.0,0.0,23.65999984741211
COc1ccc2c(c1)c(CC(=O)O)c(C)n2C(=O)c1ccc(Cl)cc1,Cc1ccc2ncccc2c1N,F[P-](F)(F)(F)(F)F.c1ccc2c(c1)nnn2O[P+](N1CCCC1)(N1CCCC1)N1CCCC1,Cc1cccc(C)n1,,,C1CCOC1,C1CCOC1,,COc1ccc2c(c1)c(CC(=O)Nc1c(C)ccc3ncccc13)c(C)n2C(=O)c1ccc(Cl)cc1,25.0,86400.0,0.0,0.0,5.090000152587891
COc1ccc2c(c1)c(CC(=O)O)c(C)n2C(=O)c1ccc(Cl)cc1,Cc1cc(C)c(N)c(Br)c1,CCOC(=O)C(C#N)=N[O+]=C(N(C)C)N(C)C.F[P-](F)(F)(F)(F)F,Cn1ccnc1,,,C1CCOC1,C1CCOC1,,COc1ccc2c(c1)c(CC(=O)Nc1c(C)cc(C)cc1Br)c(C)n2C(=O)c1ccc(Cl)cc1,25.0,86400.0,0.0,0.0,13.520000457763672
COc1ccc2c(c1)c(CC(=O)O)c(C)n2C(=O)c1ccc(Cl)cc1,N=c1ccc(Cl)n[nH]1,CN(C)C(=[F+])N(C)C.F[P-](F)(F)(F)(F)F,Cn1ccnc1,,,CC#N,CC#N,,COc1ccc2c(c1)c(CC(=O)Nc1ccc(Cl)nn1)c(C)n2C(=O)c1ccc(Cl)cc1,25.0,86400.0,0.0,0.0,52.77000045776367
COc1ccc2c(c1)c(CC(=O)O)c(C)n2C(=O)c1ccc(Cl)cc1,Nc1cc(-c2ccccc2)nn1-c1ccccc1,F[P-](F)(F)(F)(F)F.c1ccc2c(c1)nnn2O[P+](N1CCCC1)(N1CCCC1)N1CCCC1,Cn1ccnc1,,,CC#N,CC#N,,COc1ccc2c(c1)c(CC(=O)Nc1cc(-c3ccccc3)nn1-c1ccccc1)c(C)n2C(=O)c1ccc(Cl)cc1,25.0,86400.0,0.0,0.0,18.149999618530273
COc1ccc2c(c1)c(CC(=O)O)c(C)n2C(=O)c1ccc(Cl)cc1,Cc1cc([N+](=O)[O-])ccc1N,CN(C)C(=[F+])N(C)C.F[P-](F)(F)(F)(F)F,CN1CCOCC1,,,C1CCOC1,C1CCOC1,,COc1ccc2c(c1)c(CC(=O)Nc1ccc([N+](=O)[O-])cc1C)c(C)n2C(=O)c1ccc(Cl)cc1,25.0,86400.0,0.0,0.0,2.609999895095825
COc1ccc2c(c1)c(CC(=O)O)c(C)n2C(=O)c1ccc(Cl)cc1,COC(=O)c1ccc(Cl)cc1N,CN(C)C(=[O+]c1c(F)c(F)c(F)c(F)c1F)N(C)C.F[P-](F)(F)(F)(F)F,Cc1cccc(C)n1,,,C1CCOC1,C1CCOC1,,COC(=O)c1cc(Cl)ccc1NC(=O)Cc1c(C)n(C(=O)c2ccc(Cl)cc2)c2ccc(OC)cc12,25.0,86400.0,0.0,0.0,17.5
COc1ccc2c(c1)c(CC(=O)O)c(C)n2C(=O)c1ccc(Cl)cc1,Nc1cc(-c2ccccc2)nn1-c1ccccc1,O=P(Cl)(c1ccccc1)c1ccccc1,Cc1cccc(C)n1,,,C1CCOC1,C1CCOC1,,COc1ccc2c(c1)c(CC(=O)Nc1cc(-c3ccccc3)nn1-c1ccccc1)c(C)n2C(=O)c1ccc(Cl)cc1,25.0,86400.0,0.0,0.0,28.270000457763672
COc1ccc2c(c1)c(CC(=O)O)c(C)n2C(=O)c1ccc(Cl)cc1,N=c1ccc(Cl)n[nH]1,CCOC(=O)C(C#N)=N[O+]=C(N(C)C)N(C)C.F[P-](F)(F)(F)(F)F,CCN(C(C)C)C(C)C,,,C1CCOC1,C1CCOC1,,COc1ccc2c(c1)c(CC(=O)Nc1ccc(Cl)nn1)c(C)n2C(=O)c1ccc(Cl)cc1,25.0,86400.0,0.0,0.0,17.68000030517578
COc1ccc2c(c1)c(CC(=O)O)c(C)n2C(=O)c1ccc(Cl)cc1,Cc1ccc2ncccc2c1N,CN(C)C(=[O+]n1nnc2cccnc21)N(C)C.F[P-](F)(F)(F)(F)F,CCN(C(C)C)C(C)C,,,CN(C)C=O,CN(C)C=O,,COc1ccc2c(c1)c(CC(=O)Nc1c(C)ccc3ncccc13)c(C)n2C(=O)c1ccc(Cl)cc1,25.0,86400.0,0.0,0.0,40.459999084472656
COc1ccc2c(c1)c(CC(=O)O)c(C)n2C(=O)c1ccc(Cl)cc1,N=c1ccc(Cl)n[nH]1,CN(C)C(=[F+])N(C)C.F[P-](F)(F)(F)(F)F,CN1CCOCC1,,,CC#N,CC#N,,COc1ccc2c(c1)c(CC(=O)Nc1ccc(Cl)nn1)c(C)n2C(=O)c1ccc(Cl)cc1,25.0,86400.0,0.0,0.0,22.469999313354492
COc1ccc2c(c1)c(CC(=O)O)c(C)n2C(=O)c1ccc(Cl)cc1,N#Cc1ccc(N)cc1C(F)(F)F,O=C1OCCN1P(=O)(Cl)N1CCOC1=O,Cc1cccc(C)n1,,,CN(C)C=O,CN(C)C=O,,COc1ccc2c(c1)c(CC(=O)Nc1ccc(C#N)c(C(F)(F)F)c1)c(C)n2C(=O)c1ccc(Cl)cc1,25.0,86400.0,0.0,0.0,47.41999816894531
COc1ccc2c(c1)c(CC(=O)O)c(C)n2C(=O)c1ccc(Cl)cc1,Cc1cc(C)c(N)c(Br)c1,O=C1OCCN1P(=O)(Cl)N1CCOC1=O,Cc1cccc(C)n1,,,CC#N,CC#N,,COc1ccc2c(c1)c(CC(=O)Nc1c(C)cc(C)cc1Br)c(C)n2C(=O)c1ccc(Cl)cc1,25.0,86400.0,0.0,0.0,7.190000057220459
COc1ccc2c(c1)c(CC(=O)O)c(C)n2C(=O)c1ccc(Cl)cc1,N=c1ccc(Cl)n[nH]1,F[P-](F)(F)(F)(F)F.c1ccc2c(c1)nnn2O[P+](N1CCCC1)(N1CCCC1)N1CCCC1,Cc1cccc(C)n1,,,CC#N,CC#N,,COc1ccc2c(c1)c(CC(=O)Nc1ccc(Cl)nn1)c(C)n2C(=O)c1ccc(Cl)cc1,25.0,86400.0,0.0,0.0,11.59000015258789
COc1ccc2c(c1)c(CC(=O)O)c(C)n2C(=O)c1ccc(Cl)cc1,Cc1cc([N+](=O)[O-])ccc1N,CCOC(=O)C(C#N)=N[O+]=C(N(C)C)N(C)C.F[P-](F)(F)(F)(F)F,CN1CCOCC1,,,C1CCOC1,C1CCOC1,,COc1ccc2c(c1)c(CC(=O)Nc1ccc([N+](=O)[O-])cc1C)c(C)n2C(=O)c1ccc(Cl)cc1,25.0,86400.0,0.0,0.0,5.829999923706055
COc1ccc2c(c1)c(CC(=O)O)c(C)n2C(=O)c1ccc(Cl)cc1,CNS(=O)(=O)Cc1ccc(N)cc1,CN(C)C(=[O+]c1c(F)c(F)c(F)c(F)c1F)N(C)C.F[P-](F)(F)(F)(F)F,CN1CCOCC1,,,C1CCOC1,C1CCOC1,,CNS(=O)(=O)Cc1ccc(NC(=O)Cc2c(C)n(C(=O)c3ccc(Cl)cc3)c3ccc(OC)cc23)cc1,25.0,86400.0,0.0,0.0,46.45000076293945
COc1ccc2c(c1)c(CC(=O)O)c(C)n2C(=O)c1ccc(Cl)cc1,Cc1ccc2ncccc2c1N,CN(C)C(=[O+]c1c(F)c(F)c(F)c(F)c1F)N(C)C.F[P-](F)(F)(F)(F)F,CN1CCOCC1,,,CN(C)C=O,CN(C)C=O,,COc1ccc2c(c1)c(CC(=O)Nc1c(C)ccc3ncccc13)c(C)n2C(=O)c1ccc(Cl)cc1,25.0,86400.0,0.0,0.0,15.170000076293945
COc1ccc2c(c1)c(CC(=O)O)c(C)n2C(=O)c1ccc(Cl)cc1,Cc1cc([N+](=O)[O-])ccc1N,CN(C)C(=[F+])N(C)C.F[P-](F)(F)(F)(F)F,CCN(C(C)C)C(C)C,,,CN(C)C=O,CN(C)C=O,,COc1ccc2c(c1)c(CC(=O)Nc1ccc([N+](=O)[O-])cc1C)c(C)n2C(=O)c1ccc(Cl)cc1,25.0,86400.0,0.0,0.0,4.71999979019165
COc1ccc2c(c1)c(CC(=O)O)c(C)n2C(=O)c1ccc(Cl)cc1,CNS(=O)(=O)Cc1ccc(N)cc1,CN(C)C(=[O+]n1nnc2cccnc21)N(C)C.F[P-](F)(F)(F)(F)F,Cn1ccnc1,,,CC#N,CC#N,,CNS(=O)(=O)Cc1ccc(NC(=O)Cc2c(C)n(C(=O)c3ccc(Cl)cc3)c3ccc(OC)cc23)cc1,25.0,86400.0,0.0,0.0,62.349998474121094
COc1ccc2c(c1)c(CC(=O)O)c(C)n2C(=O)c1ccc(Cl)cc1,Nc1cc(-c2ccccc2)nn1-c1ccccc1,CN(C)C(=[O+]n1nnc2cccnc21)N(C)C.F[P-](F)(F)(F)(F)F,CN1CCOCC1,,,CN(C)C=O,CN(C)C=O,,COc1ccc2c(c1)c(CC(=O)Nc1cc(-c3ccccc3)nn1-c1ccccc1)c(C)n2C(=O)c1ccc(Cl)cc1,25.0,86400.0,0.0,0.0,25.59000015258789
COc1ccc2c(c1)c(CC(=O)O)c(C)n2C(=O)c1ccc(Cl)cc1,Cc1ccc2ncccc2c1N,F[P-](F)(F)(F)(F)F.c1ccc2c(c1)nnn2O[P+](N1CCCC1)(N1CCCC1)N1CCCC1,Cn1ccnc1,,,C1CCOC1,C1CCOC1,,COc1ccc2c(c1)c(CC(=O)Nc1c(C)ccc3ncccc13)c(C)n2C(=O)c1ccc(Cl)cc1,25.0,86400.0,0.0,0.0,17.950000762939453
COc1ccc2c(c1)c(CC(=O)O)c(C)n2C(=O)c1ccc(Cl)cc1,Cc1cc([N+](=O)[O-])ccc1N,O=P(Cl)(c1ccccc1)c1ccccc1,Cc1cccc(C)n1,,,C1CCOC1,C1CCOC1,,COc1ccc2c(c1)c(CC(=O)Nc1ccc([N+](=O)[O-])cc1C)c(C)n2C(=O)c1ccc(Cl)cc1,25.0,86400.0,0.0,0.0,1.9199999570846558
COc1ccc2c(c1)c(CC(=O)O)c(C)n2C(=O)c1ccc(Cl)cc1,Cc1ccc2ncccc2c1N,CN(C)C(=[O+]n1nnc2cccnc21)N(C)C.F[P-](F)(F)(F)(F)F,Cn1ccnc1,,,CC#N,CC#N,,COc1ccc2c(c1)c(CC(=O)Nc1c(C)ccc3ncccc13)c(C)n2C(=O)c1ccc(Cl)cc1,25.0,86400.0,0.0,0.0,45.61000061035156
COc1ccc2c(c1)c(CC(=O)O)c(C)n2C(=O)c1ccc(Cl)cc1,CC(C)c1cccc(C(C)C)c1N,O=P(Cl)(c1ccccc1)c1ccccc1,Cc1cccc(C)n1,,,CN(C)C=O,CN(C)C=O,,COc1ccc2c(c1)c(CC(=O)Nc1c(C(C)C)cccc1C(C)C)c(C)n2C(=O)c1ccc(Cl)cc1,25.0,86400.0,0.0,0.0,31.290000915527344
COc1ccc2c(c1)c(CC(=O)O)c(C)n2C(=O)c1ccc(Cl)cc1,COC(=O)c1ccc(Cl)cc1N,CCOC(=O)C(C#N)=N[O+]=C(N(C)C)N(C)C.F[P-](F)(F)(F)(F)F,Cc1cccc(C)n1,,,C1CCOC1,C1CCOC1,,COC(=O)c1cc(Cl)ccc1NC(=O)Cc1c(C)n(C(=O)c2ccc(Cl)cc2)c2ccc(OC)cc12,25.0,86400.0,0.0,0.0,6.510000228881836
COc1ccc2c(c1)c(CC(=O)O)c(C)n2C(=O)c1ccc(Cl)cc1,Cc1cc([N+](=O)[O-])ccc1N,F[P-](F)(F)(F)(F)F.c1ccc2c(c1)nnn2O[P+](N1CCCC1)(N1CCCC1)N1CCCC1,CN1CCOCC1,,,CC#N,CC#N,,COc1ccc2c(c1)c(CC(=O)Nc1ccc([N+](=O)[O-])cc1C)c(C)n2C(=O)c1ccc(Cl)cc1,25.0,86400.0,0.0,0.0,3.9000000953674316
COc1ccc2c(c1)c(CC(=O)O)c(C)n2C(=O)c1ccc(Cl)cc1,CNS(=O)(=O)Cc1ccc(N)cc1,F[P-](F)(F)(F)(F)F.c1ccc2c(c1)nnn2O[P+](N1CCCC1)(N1CCCC1)N1CCCC1,CCN(C(C)C)C(C)C,,,CC#N,CC#N,,CNS(=O)(=O)Cc1ccc(NC(=O)Cc2c(C)n(C(=O)c3ccc(Cl)cc3)c3ccc(OC)cc23)cc1,25.0,86400.0,0.0,0.0,46.349998474121094
COc1ccc2c(c1)c(CC(=O)O)c(C)n2C(=O)c1ccc(Cl)cc1,N=c1ccc(Cl)n[nH]1,O=P(Cl)(c1ccccc1)c1ccccc1,CCN(C(C)C)C(C)C,,,CC#N,CC#N,,COc1ccc2c(c1)c(CC(=O)Nc1ccc(Cl)nn1)c(C)n2C(=O)c1ccc(Cl)cc1,25.0,86400.0,0.0,0.0,85.58000183105469
COc1ccc2c(c1)c(CC(=O)O)c(C)n2C(=O)c1ccc(Cl)cc1,CNS(=O)(=O)Cc1ccc(N)cc1,O=P(Cl)(c1ccccc1)c1ccccc1,Cc1cccc(C)n1,,,CC#N,CC#N,,CNS(=O)(=O)Cc1ccc(NC(=O)Cc2c(C)n(C(=O)c3ccc(Cl)cc3)c3ccc(OC)cc23)cc1,25.0,86400.0,0.0,0.0,55.720001220703125
COc1ccc2c(c1)c(CC(=O)O)c(C)n2C(=O)c1ccc(Cl)cc1,COC(=O)c1ccc(Cl)cc1N,F[P-](F)(F)(F)(F)F.c1ccc2c(c1)nnn2O[P+](N1CCCC1)(N1CCCC1)N1CCCC1,CN1CCOCC1,,,CN(C)C=O,CN(C)C=O,,COC(=O)c1cc(Cl)ccc1NC(=O)Cc1c(C)n(C(=O)c2ccc(Cl)cc2)c2ccc(OC)cc12,25.0,86400.0,0.0,0.0,4.820000171661377
COc1ccc2c(c1)c(CC(=O)O)c(C)n2C(=O)c1ccc(Cl)cc1,CC(C)c1cccc(C(C)C)c1N,O=P(Cl)(c1ccccc1)c1ccccc1,Cn1ccnc1,,,CC#N,CC#N,,COc1ccc2c(c1)c(CC(=O)Nc1c(C(C)C)cccc1C(C)C)c(C)n2C(=O)c1ccc(Cl)cc1,25.0,86400.0,0.0,0.0,19.93000030517578
COc1ccc2c(c1)c(CC(=O)O)c(C)n2C(=O)c1ccc(Cl)cc1,CNS(=O)(=O)Cc1ccc(N)cc1,CCOC(=O)C(C#N)=N[O+]=C(N(C)C)N(C)C.F[P-](F)(F)(F)(F)F,CCN(C(C)C)C(C)C,,,CN(C)C=O,CN(C)C=O,,CNS(=O)(=O)Cc1ccc(NC(=O)Cc2c(C)n(C(=O)c3ccc(Cl)cc3)c3ccc(OC)cc23)cc1,25.0,86400.0,0.0,0.0,35.119998931884766
COc1ccc2c(c1)c(CC(=O)O)c(C)n2C(=O)c1ccc(Cl)cc1,CNS(=O)(=O)Cc1ccc(N)cc1,O=P(Cl)(c1ccccc1)c1ccccc1,CN1CCOCC1,,,CN(C)C=O,CN(C)C=O,,CNS(=O)(=O)Cc1ccc(NC(=O)Cc2c(C)n(C(=O)c3ccc(Cl)cc3)c3ccc(OC)cc23)cc1,25.0,86400.0,0.0,0.0,55.84000015258789
COc1ccc2c(c1)c(CC(=O)O)c(C)n2C(=O)c1ccc(Cl)cc1,COC(=O)c1ccc(Cl)cc1N,CN(C)C(=[O+]c1c(F)c(F)c(F)c(F)c1F)N(C)C.F[P-](F)(F)(F)(F)F,Cn1ccnc1,,,CC#N,CC#N,,COC(=O)c1cc(Cl)ccc1NC(=O)Cc1c(C)n(C(=O)c2ccc(Cl)cc2)c2ccc(OC)cc12,25.0,86400.0,0.0,0.0,6.449999809265137
COc1ccc2c(c1)c(CC(=O)O)c(C)n2C(=O)c1ccc(Cl)cc1,Cc1cc([N+](=O)[O-])ccc1N,CN(C)C(=[F+])N(C)C.F[P-](F)(F)(F)(F)F,Cc1cccc(C)n1,,,CC#N,CC#N,,COc1ccc2c(c1)c(CC(=O)Nc1ccc([N+](=O)[O-])cc1C)c(C)n2C(=O)c1ccc(Cl)cc1,25.0,86400.0,0.0,0.0,1.6200000047683716
COc1ccc2c(c1)c(CC(=O)O)c(C)n2C(=O)c1ccc(Cl)cc1,CNS(=O)(=O)Cc1ccc(N)cc1,O=P(Cl)(c1ccccc1)c1ccccc1,Cc1cccc(C)n1,,,CN(C)C=O,CN(C)C=O,,CNS(=O)(=O)Cc1ccc(NC(=O)Cc2c(C)n(C(=O)c3ccc(Cl)cc3)c3ccc(OC)cc23)cc1,25.0,86400.0,0.0,0.0,32.099998474121094
COc1ccc2c(c1)c(CC(=O)O)c(C)n2C(=O)c1ccc(Cl)cc1,CC(C)c1cccc(C(C)C)c1N,F[P-](F)(F)(F)(F)F.c1ccc2c(c1)nnn2O[P+](N1CCCC1)(N1CCCC1)N1CCCC1,Cc1cccc(C)n1,,,C1CCOC1,C1CCOC1,,COc1ccc2c(c1)c(CC(=O)Nc1c(C(C)C)cccc1C(C)C)c(C)n2C(=O)c1ccc(Cl)cc1,25.0,86400.0,0.0,0.0,14.329999923706055
COc1ccc2c(c1)c(CC(=O)O)c(C)n2C(=O)c1ccc(Cl)cc1,N#Cc1ccc(N)cc1C(F)(F)F,CN(C)C(=[F+])N(C)C.F[P-](F)(F)(F)(F)F,Cc1cccc(C)n1,,,CN(C)C=O,CN(C)C=O,,COc1ccc2c(c1)c(CC(=O)Nc1ccc(C#N)c(C(F)(F)F)c1)c(C)n2C(=O)c1ccc(Cl)cc1,25.0,86400.0,0.0,0.0,2.0999999046325684
COc1ccc2c(c1)c(CC(=O)O)c(C)n2C(=O)c1ccc(Cl)cc1,CNS(=O)(=O)Cc1ccc(N)cc1,CN(C)C(=[Cl+])N(C)C.F[P-](F)(F)(F)(F)F,CN1CCOCC1,,,CN(C)C=O,CN(C)C=O,,CNS(=O)(=O)Cc1ccc(NC(=O)Cc2c(C)n(C(=O)c3ccc(Cl)cc3)c3ccc(OC)cc23)cc1,25.0,86400.0,0.0,0.0,7.659999847412109
COc1ccc2c(c1)c(CC(=O)O)c(C)n2C(=O)c1ccc(Cl)cc1,COC(=O)c1ccc(Cl)cc1N,F[P-](F)(F)(F)(F)F.c1ccc2c(c1)nnn2O[P+](N1CCCC1)(N1CCCC1)N1CCCC1,Cc1cccc(C)n1,,,CC#N,CC#N,,COC(=O)c1cc(Cl)ccc1NC(=O)Cc1c(C)n(C(=O)c2ccc(Cl)cc2)c2ccc(OC)cc12,25.0,86400.0,0.0,0.0,1.7599999904632568
COc1ccc2c(c1)c(CC(=O)O)c(C)n2C(=O)c1ccc(Cl)cc1,CNS(=O)(=O)Cc1ccc(N)cc1,CN(C)C(=[F+])N(C)C.F[P-](F)(F)(F)(F)F,CCN(C(C)C)C(C)C,,,C1CCOC1,C1CCOC1,,CNS(=O)(=O)Cc1ccc(NC(=O)Cc2c(C)n(C(=O)c3ccc(Cl)cc3)c3ccc(OC)cc23)cc1,25.0,86400.0,0.0,0.0,45.52000045776367
COc1ccc2c(c1)c(CC(=O)O)c(C)n2C(=O)c1ccc(Cl)cc1,N#Cc1ccc(Cl)c(N)c1,CN(C)C(=[O+]c1c(F)c(F)c(F)c(F)c1F)N(C)C.F[P-](F)(F)(F)(F)F,Cc1cccc(C)n1,,,CN(C)C=O,CN(C)C=O,,COc1ccc2c(c1)c(CC(=O)Nc1cc(C#N)ccc1Cl)c(C)n2C(=O)c1ccc(Cl)cc1,25.0,86400.0,0.0,0.0,1.3300000429153442
COc1ccc2c(c1)c(CC(=O)O)c(C)n2C(=O)c1ccc(Cl)cc1,Cc1cc([N+](=O)[O-])ccc1N,CN(C)C(=[Cl+])N(C)C.F[P-](F)(F)(F)(F)F,CCN(C(C)C)C(C)C,,,CC#N,CC#N,,COc1ccc2c(c1)c(CC(=O)Nc1ccc([N+](=O)[O-])cc1C)c(C)n2C(=O)c1ccc(Cl)cc1,25.0,86400.0,0.0,0.0,6.360000133514404
COc1ccc2c(c1)c(CC(=O)O)c(C)n2C(=O)c1ccc(Cl)cc1,Cc1cc(C)c(N)c(Br)c1,CN(C)C(=[F+])N(C)C.F[P-](F)(F)(F)(F)F,CN1CCOCC1,,,CN(C)C=O,CN(C)C=O,,COc1ccc2c(c1)c(CC(=O)Nc1c(C)cc(C)cc1Br)c(C)n2C(=O)c1ccc(Cl)cc1,25.0,86400.0,0.0,0.0,5.340000152587891
COc1ccc2c(c1)c(CC(=O)O)c(C)n2C(=O)c1ccc(Cl)cc1,Nc1cc(-c2ccccc2)nn1-c1ccccc1,O=C1OCCN1P(=O)(Cl)N1CCOC1=O,CCN(C(C)C)C(C)C,,,C1CCOC1,C1CCOC1,,COc1ccc2c(c1)c(CC(=O)Nc1cc(-c3ccccc3)nn1-c1ccccc1)c(C)n2C(=O)c1ccc(Cl)cc1,25.0,86400.0,0.0,0.0,10.800000190734863
COc1ccc2c(c1)c(CC(=O)O)c(C)n2C(=O)c1ccc(Cl)cc1,Nc1cc(-c2ccccc2)nn1-c1ccccc1,CCOC(=O)C(C#N)=N[O+]=C(N(C)C)N(C)C.F[P-](F)(F)(F)(F)F,CN1CCOCC1,,,CC#N,CC#N,,COc1ccc2c(c1)c(CC(=O)Nc1cc(-c3ccccc3)nn1-c1ccccc1)c(C)n2C(=O)c1ccc(Cl)cc1,25.0,86400.0,0.0,0.0,18.229999542236328
COc1ccc2c(c1)c(CC(=O)O)c(C)n2C(=O)c1ccc(Cl)cc1,Cc1cc([N+](=O)[O-])ccc1N,O=P(Cl)(c1ccccc1)c1ccccc1,CCN(C(C)C)C(C)C,,,CC#N,CC#N,,COc1ccc2c(c1)c(CC(=O)Nc1ccc([N+](=O)[O-])cc1C)c(C)n2C(=O)c1ccc(Cl)cc1,25.0,86400.0,0.0,0.0,1.5099999904632568
COc1ccc2c(c1)c(CC(=O)O)c(C)n2C(=O)c1ccc(Cl)cc1,N#Cc1ccc(N)cc1C(F)(F)F,CCOC(=O)C(C#N)=N[O+]=C(N(C)C)N(C)C.F[P-](F)(F)(F)(F)F,Cn1ccnc1,,,CN(C)C=O,CN(C)C=O,,COc1ccc2c(c1)c(CC(=O)Nc1ccc(C#N)c(C(F)(F)F)c1)c(C)n2C(=O)c1ccc(Cl)cc1,25.0,86400.0,0.0,0.0,2.809999942779541
COc1ccc2c(c1)c(CC(=O)O)c(C)n2C(=O)c1ccc(Cl)cc1,N=c1ccc(Cl)n[nH]1,O=P(Cl)(c1ccccc1)c1ccccc1,CCN(C(C)C)C(C)C,,,C1CCOC1,C1CCOC1,,COc1ccc2c(c1)c(CC(=O)Nc1ccc(Cl)nn1)c(C)n2C(=O)c1ccc(Cl)cc1,25.0,86400.0,0.0,0.0,30.139999389648438
COc1ccc2c(c1)c(CC(=O)O)c(C)n2C(=O)c1ccc(Cl)cc1,Cc1cc([N+](=O)[O-])ccc1N,O=P(Cl)(c1ccccc1)c1ccccc1,Cn1ccnc1,,,CC#N,CC#N,,COc1ccc2c(c1)c(CC(=O)Nc1ccc([N+](=O)[O-])cc1C)c(C)n2C(=O)c1ccc(Cl)cc1,25.0,86400.0,0.0,0.0,2.359999895095825
COc1ccc2c(c1)c(CC(=O)O)c(C)n2C(=O)c1ccc(Cl)cc1,COC(=O)c1ccc(Cl)cc1N,O=C1OCCN1P(=O)(Cl)N1CCOC1=O,CN1CCOCC1,,,CN(C)C=O,CN(C)C=O,,COC(=O)c1cc(Cl)ccc1NC(=O)Cc1c(C)n(C(=O)c2ccc(Cl)cc2)c2ccc(OC)cc12,25.0,86400.0,0.0,0.0,15.569999694824219
COc1ccc2c(c1)c(CC(=O)O)c(C)n2C(=O)c1ccc(Cl)cc1,CC(C)c1cccc(C(C)C)c1N,CCOC(=O)C(C#N)=N[O+]=C(N(C)C)N(C)C.F[P-](F)(F)(F)(F)F,Cc1cccc(C)n1,,,CN(C)C=O,CN(C)C=O,,COc1ccc2c(c1)c(CC(=O)Nc1c(C(C)C)cccc1C(C)C)c(C)n2C(=O)c1ccc(Cl)cc1,25.0,86400.0,0.0,0.0,43.56999969482422
COc1ccc2c(c1)c(CC(=O)O)c(C)n2C(=O)c1ccc(Cl)cc1,N=c1ccc(Cl)n[nH]1,CN(C)C(=[O+]c1c(F)c(F)c(F)c(F)c1F)N(C)C.F[P-](F)(F)(F)(F)F,Cn1ccnc1,,,CC#N,CC#N,,COc1ccc2c(c1)c(CC(=O)Nc1ccc(Cl)nn1)c(C)n2C(=O)c1ccc(Cl)cc1,25.0,86400.0,0.0,0.0,2.7699999809265137
COc1ccc2c(c1)c(CC(=O)O)c(C)n2C(=O)c1ccc(Cl)cc1,CNS(=O)(=O)Cc1ccc(N)cc1,F[P-](F)(F)(F)(F)F.c1ccc2c(c1)nnn2O[P+](N1CCCC1)(N1CCCC1)N1CCCC1,Cn1ccnc1,,,C1CCOC1,C1CCOC1,,CNS(=O)(=O)Cc1ccc(NC(=O)Cc2c(C)n(C(=O)c3ccc(Cl)cc3)c3ccc(OC)cc23)cc1,25.0,86400.0,0.0,0.0,45.279998779296875
COc1ccc2c(c1)c(CC(=O)O)c(C)n2C(=O)c1ccc(Cl)cc1,N=c1ccc(Cl)n[nH]1,CN(C)C(=[O+]c1c(F)c(F)c(F)c(F)c1F)N(C)C.F[P-](F)(F)(F)(F)F,CCN(C(C)C)C(C)C,,,C1CCOC1,C1CCOC1,,COc1ccc2c(c1)c(CC(=O)Nc1ccc(Cl)nn1)c(C)n2C(=O)c1ccc(Cl)cc1,25.0,86400.0,0.0,0.0,2.2899999618530273
COc1ccc2c(c1)c(CC(=O)O)c(C)n2C(=O)c1ccc(Cl)cc1,Cc1cc(C)c(N)c(Br)c1,O=P(Cl)(c1ccccc1)c1ccccc1,Cn1ccnc1,,,C1CCOC1,C1CCOC1,,COc1ccc2c(c1)c(CC(=O)Nc1c(C)cc(C)cc1Br)c(C)n2C(=O)c1ccc(Cl)cc1,25.0,86400.0,0.0,0.0,7.389999866485596
COc1ccc2c(c1)c(CC(=O)O)c(C)n2C(=O)c1ccc(Cl)cc1,Cc1cc(C)c(N)c(Br)c1,CN(C)C(=[F+])N(C)C.F[P-](F)(F)(F)(F)F,Cc1cccc(C)n1,,,C1CCOC1,C1CCOC1,,COc1ccc2c(c1)c(CC(=O)Nc1c(C)cc(C)cc1Br)c(C)n2C(=O)c1ccc(Cl)cc1,25.0,86400.0,0.0,0.0,10.430000305175781
COc1ccc2c(c1)c(CC(=O)O)c(C)n2C(=O)c1ccc(Cl)cc1,N#Cc1ccc(Cl)c(N)c1,CN(C)C(=[O+]c1c(F)c(F)c(F)c(F)c1F)N(C)C.F[P-](F)(F)(F)(F)F,CCN(C(C)C)C(C)C,,,CC#N,CC#N,,COc1ccc2c(c1)c(CC(=O)Nc1cc(C#N)ccc1Cl)c(C)n2C(=O)c1ccc(Cl)cc1,25.0,86400.0,0.0,0.0,4.300000190734863
COc1ccc2c(c1)c(CC(=O)O)c(C)n2C(=O)c1ccc(Cl)cc1,CC(C)c1cccc(C(C)C)c1N,CN(C)C(=[O+]c1c(F)c(F)c(F)c(F)c1F)N(C)C.F[P-](F)(F)(F)(F)F,Cc1cccc(C)n1,,,C1CCOC1,C1CCOC1,,COc1ccc2c(c1)c(CC(=O)Nc1c(C(C)C)cccc1C(C)C)c(C)n2C(=O)c1ccc(Cl)cc1,25.0,86400.0,0.0,0.0,0.4000000059604645
COc1ccc2c(c1)c(CC(=O)O)c(C)n2C(=O)c1ccc(Cl)cc1,Cc1cc(C)c(N)c(Br)c1,O=P(Cl)(c1ccccc1)c1ccccc1,CCN(C(C)C)C(C)C,,,CN(C)C=O,CN(C)C=O,,COc1ccc2c(c1)c(CC(=O)Nc1c(C)cc(C)cc1Br)c(C)n2C(=O)c1ccc(Cl)cc1,25.0,86400.0,0.0,0.0,5.090000152587891
COc1ccc2c(c1)c(CC(=O)O)c(C)n2C(=O)c1ccc(Cl)cc1,Nc1cc(-c2ccccc2)nn1-c1ccccc1,CN(C)C(=[F+])N(C)C.F[P-](F)(F)(F)(F)F,Cc1cccc(C)n1,,,CC#N,CC#N,,COc1ccc2c(c1)c(CC(=O)Nc1cc(-c3ccccc3)nn1-c1ccccc1)c(C)n2C(=O)c1ccc(Cl)cc1,25.0,86400.0,0.0,0.0,20.360000610351562
COc1ccc2c(c1)c(CC(=O)O)c(C)n2C(=O)c1ccc(Cl)cc1,Cc1ccc2ncccc2c1N,CN(C)C(=[F+])N(C)C.F[P-](F)(F)(F)(F)F,CN1CCOCC1,,,CN(C)C=O,CN(C)C=O,,COc1ccc2c(c1)c(CC(=O)Nc1c(C)ccc3ncccc13)c(C)n2C(=O)c1ccc(Cl)cc1,25.0,86400.0,0.0,0.0,10.220000267028809
COc1ccc2c(c1)c(CC(=O)O)c(C)n2C(=O)c1ccc(Cl)cc1,Cc1cc([N+](=O)[O-])ccc1N,CN(C)C(=[Cl+])N(C)C.F[P-](F)(F)(F)(F)F,CN1CCOCC1,,,CN(C)C=O,CN(C)C=O,,COc1ccc2c(c1)c(CC(=O)Nc1ccc([N+](=O)[O-])cc1C)c(C)n2C(=O)c1ccc(Cl)cc1,25.0,86400.0,0.0,0.0,14.800000190734863
COc1ccc2c(c1)c(CC(=O)O)c(C)n2C(=O)c1ccc(Cl)cc1,Cc1cc(C)c(N)c(Br)c1,CN(C)C(=[O+]c1c(F)c(F)c(F)c(F)c1F)N(C)C.F[P-](F)(F)(F)(F)F,CN1CCOCC1,,,CN(C)C=O,CN(C)C=O,,COc1ccc2c(c1)c(CC(=O)Nc1c(C)cc(C)cc1Br)c(C)n2C(=O)c1ccc(Cl)cc1,25.0,86400.0,0.0,0.0,9.479999542236328
COc1ccc2c(c1)c(CC(=O)O)c(C)n2C(=O)c1ccc(Cl)cc1,N#Cc1ccc(Cl)c(N)c1,CN(C)C(=[Cl+])N(C)C.F[P-](F)(F)(F)(F)F,Cc1cccc(C)n1,,,CC#N,CC#N,,COc1ccc2c(c1)c(CC(=O)Nc1cc(C#N)ccc1Cl)c(C)n2C(=O)c1ccc(Cl)cc1,25.0,86400.0,0.0,0.0,14.050000190734863
COc1ccc2c(c1)c(CC(=O)O)c(C)n2C(=O)c1ccc(Cl)cc1,Cc1cc([N+](=O)[O-])ccc1N,O=C1OCCN1P(=O)(Cl)N1CCOC1=O,CCN(C(C)C)C(C)C,,,CN(C)C=O,CN(C)C=O,,COc1ccc2c(c1)c(CC(=O)Nc1ccc([N+](=O)[O-])cc1C)c(C)n2C(=O)c1ccc(Cl)cc1,25.0,86400.0,0.0,0.0,3.7699999809265137
COc1ccc2c(c1)c(CC(=O)O)c(C)n2C(=O)c1ccc(Cl)cc1,N=c1ccc(Cl)n[nH]1,O=P(Cl)(c1ccccc1)c1ccccc1,CN1CCOCC1,,,CN(C)C=O,CN(C)C=O,,COc1ccc2c(c1)c(CC(=O)Nc1ccc(Cl)nn1)c(C)n2C(=O)c1ccc(Cl)cc1,25.0,86400.0,0.0,0.0,70.91000366210938
COc1ccc2c(c1)c(CC(=O)O)c(C)n2C(=O)c1ccc(Cl)cc1,N#Cc1ccc(N)cc1C(F)(F)F,O=P(Cl)(c1ccccc1)c1ccccc1,Cc1cccc(C)n1,,,CN(C)C=O,CN(C)C=O,,COc1ccc2c(c1)c(CC(=O)Nc1ccc(C#N)c(C(F)(F)F)c1)c(C)n2C(=O)c1ccc(Cl)cc1,25.0,86400.0,0.0,0.0,17.170000076293945
COc1ccc2c(c1)c(CC(=O)O)c(C)n2C(=O)c1ccc(Cl)cc1,N#Cc1ccc(N)cc1C(F)(F)F,O=P(Cl)(c1ccccc1)c1ccccc1,Cn1ccnc1,,,CN(C)C=O,CN(C)C=O,,COc1ccc2c(c1)c(CC(=O)Nc1ccc(C#N)c(C(F)(F)F)c1)c(C)n2C(=O)c1ccc(Cl)cc1,25.0,86400.0,0.0,0.0,14.09000015258789
COc1ccc2c(c1)c(CC(=O)O)c(C)n2C(=O)c1ccc(Cl)cc1,Cc1ccc2ncccc2c1N,CN(C)C(=[O+]n1nnc2cccnc21)N(C)C.F[P-](F)(F)(F)(F)F,CCN(C(C)C)C(C)C,,,CC#N,CC#N,,COc1ccc2c(c1)c(CC(=O)Nc1c(C)ccc3ncccc13)c(C)n2C(=O)c1ccc(Cl)cc1,25.0,86400.0,0.0,0.0,26.270000457763672
COc1ccc2c(c1)c(CC(=O)O)c(C)n2C(=O)c1ccc(Cl)cc1,Cc1cc([N+](=O)[O-])ccc1N,CCOC(=O)C(C#N)=N[O+]=C(N(C)C)N(C)C.F[P-](F)(F)(F)(F)F,CCN(C(C)C)C(C)C,,,CN(C)C=O,CN(C)C=O,,COc1ccc2c(c1)c(CC(=O)Nc1ccc([N+](=O)[O-])cc1C)c(C)n2C(=O)c1ccc(Cl)cc1,25.0,86400.0,0.0,0.0,4.809999942779541
COc1ccc2c(c1)c(CC(=O)O)c(C)n2C(=O)c1ccc(Cl)cc1,Cc1cc(C)c(N)c(Br)c1,F[P-](F)(F)(F)(F)F.c1ccc2c(c1)nnn2O[P+](N1CCCC1)(N1CCCC1)N1CCCC1,CN1CCOCC1,,,CN(C)C=O,CN(C)C=O,,COc1ccc2c(c1)c(CC(=O)Nc1c(C)cc(C)cc1Br)c(C)n2C(=O)c1ccc(Cl)cc1,25.0,86400.0,0.0,0.0,15.350000381469727
COc1ccc2c(c1)c(CC(=O)O)c(C)n2C(=O)c1ccc(Cl)cc1,CNS(=O)(=O)Cc1ccc(N)cc1,CN(C)C(=[O+]n1nnc2cccnc21)N(C)C.F[P-](F)(F)(F)(F)F,Cc1cccc(C)n1,,,CC#N,CC#N,,CNS(=O)(=O)Cc1ccc(NC(=O)Cc2c(C)n(C(=O)c3ccc(Cl)cc3)c3ccc(OC)cc23)cc1,25.0,86400.0,0.0,0.0,61.189998626708984
COc1ccc2c(c1)c(CC(=O)O)c(C)n2C(=O)c1ccc(Cl)cc1,N#Cc1ccc(Cl)c(N)c1,CN(C)C(=[Cl+])N(C)C.F[P-](F)(F)(F)(F)F,Cn1ccnc1,,,CC#N,CC#N,,COc1ccc2c(c1)c(CC(=O)Nc1cc(C#N)ccc1Cl)c(C)n2C(=O)c1ccc(Cl)cc1,25.0,86400.0,0.0,0.0,10.489999771118164
COc1ccc2c(c1)c(CC(=O)O)c(C)n2C(=O)c1ccc(Cl)cc1,N#Cc1ccc(N)cc1C(F)(F)F,O=C1OCCN1P(=O)(Cl)N1CCOC1=O,CN1CCOCC1,,,CN(C)C=O,CN(C)C=O,,COc1ccc2c(c1)c(CC(=O)Nc1ccc(C#N)c(C(F)(F)F)c1)c(C)n2C(=O)c1ccc(Cl)cc1,25.0,86400.0,0.0,0.0,15.550000190734863
COc1ccc2c(c1)c(CC(=O)O)c(C)n2C(=O)c1ccc(Cl)cc1,Cc1ccc2ncccc2c1N,CN(C)C(=[O+]c1c(F)c(F)c(F)c(F)c1F)N(C)C.F[P-](F)(F)(F)(F)F,CCN(C(C)C)C(C)C,,,CN(C)C=O,CN(C)C=O,,COc1ccc2c(c1)c(CC(=O)Nc1c(C)ccc3ncccc13)c(C)n2C(=O)c1ccc(Cl)cc1,25.0,86400.0,0.0,0.0,47.7400016784668
COc1ccc2c(c1)c(CC(=O)O)c(C)n2C(=O)c1ccc(Cl)cc1,Cc1cc(C)c(N)c(Br)c1,CN(C)C(=[O+]c1c(F)c(F)c(F)c(F)c1F)N(C)C.F[P-](F)(F)(F)(F)F,CCN(C(C)C)C(C)C,,,CN(C)C=O,CN(C)C=O,,COc1ccc2c(c1)c(CC(=O)Nc1c(C)cc(C)cc1Br)c(C)n2C(=O)c1ccc(Cl)cc1,25.0,86400.0,0.0,0.0,7.619999885559082
COc1ccc2c(c1)c(CC(=O)O)c(C)n2C(=O)c1ccc(Cl)cc1,Nc1cc(-c2ccccc2)nn1-c1ccccc1,CCOC(=O)C(C#N)=N[O+]=C(N(C)C)N(C)C.F[P-](F)(F)(F)(F)F,Cn1ccnc1,,,CN(C)C=O,CN(C)C=O,,COc1ccc2c(c1)c(CC(=O)Nc1cc(-c3ccccc3)nn1-c1ccccc1)c(C)n2C(=O)c1ccc(Cl)cc1,25.0,86400.0,0.0,0.0,36.52000045776367
COc1ccc2c(c1)c(CC(=O)O)c(C)n2C(=O)c1ccc(Cl)cc1,Cc1cc(C)c(N)c(Br)c1,O=P(Cl)(c1ccccc1)c1ccccc1,CN1CCOCC1,,,CN(C)C=O,CN(C)C=O,,COc1ccc2c(c1)c(CC(=O)Nc1c(C)cc(C)cc1Br)c(C)n2C(=O)c1ccc(Cl)cc1,25.0,86400.0,0.0,0.0,4.639999866485596
COc1ccc2c(c1)c(CC(=O)O)c(C)n2C(=O)c1ccc(Cl)cc1,Cc1cc(C)c(N)c(Br)c1,CN(C)C(=[F+])N(C)C.F[P-](F)(F)(F)(F)F,Cc1cccc(C)n1,,,CC#N,CC#N,,COc1ccc2c(c1)c(CC(=O)Nc1c(C)cc(C)cc1Br)c(C)n2C(=O)c1ccc(Cl)cc1,25.0,86400.0,0.0,0.0,4.949999809265137
COc1ccc2c(c1)c(CC(=O)O)c(C)n2C(=O)c1ccc(Cl)cc1,Cc1ccc2ncccc2c1N,CN(C)C(=[F+])N(C)C.F[P-](F)(F)(F)(F)F,CCN(C(C)C)C(C)C,,,CN(C)C=O,CN(C)C=O,,COc1ccc2c(c1)c(CC(=O)Nc1c(C)ccc3ncccc13)c(C)n2C(=O)c1ccc(Cl)cc1,25.0,86400.0,0.0,0.0,35.720001220703125
COc1ccc2c(c1)c(CC(=O)O)c(C)n2C(=O)c1ccc(Cl)cc1,N#Cc1ccc(Cl)c(N)c1,CN(C)C(=[O+]n1nnc2cccnc21)N(C)C.F[P-](F)(F)(F)(F)F,CN1CCOCC1,,,CN(C)C=O,CN(C)C=O,,COc1ccc2c(c1)c(CC(=O)Nc1cc(C#N)ccc1Cl)c(C)n2C(=O)c1ccc(Cl)cc1,25.0,86400.0,0.0,0.0,4.619999885559082
COc1ccc2c(c1)c(CC(=O)O)c(C)n2C(=O)c1ccc(Cl)cc1,Nc1cc(-c2ccccc2)nn1-c1ccccc1,O=P(Cl)(c1ccccc1)c1ccccc1,CN1CCOCC1,,,CC#N,CC#N,,COc1ccc2c(c1)c(CC(=O)Nc1cc(-c3ccccc3)nn1-c1ccccc1)c(C)n2C(=O)c1ccc(Cl)cc1,25.0,86400.0,0.0,0.0,51.470001220703125
COc1ccc2c(c1)c(CC(=O)O)c(C)n2C(=O)c1ccc(Cl)cc1,Cc1cc(C)c(N)c(Br)c1,CN(C)C(=[F+])N(C)C.F[P-](F)(F)(F)(F)F,Cn1ccnc1,,,C1CCOC1,C1CCOC1,,COc1ccc2c(c1)c(CC(=O)Nc1c(C)cc(C)cc1Br)c(C)n2C(=O)c1ccc(Cl)cc1,25.0,86400.0,0.0,0.0,6.190000057220459
COc1ccc2c(c1)c(CC(=O)O)c(C)n2C(=O)c1ccc(Cl)cc1,COC(=O)c1ccc(Cl)cc1N,O=P(Cl)(c1ccccc1)c1ccccc1,Cn1ccnc1,,,CN(C)C=O,CN(C)C=O,,COC(=O)c1cc(Cl)ccc1NC(=O)Cc1c(C)n(C(=O)c2ccc(Cl)cc2)c2ccc(OC)cc12,25.0,86400.0,0.0,0.0,6.460000038146973
COc1ccc2c(c1)c(CC(=O)O)c(C)n2C(=O)c1ccc(Cl)cc1,Cc1cc(C)c(N)c(Br)c1,CN(C)C(=[Cl+])N(C)C.F[P-](F)(F)(F)(F)F,CN1CCOCC1,,,C1CCOC1,C1CCOC1,,COc1ccc2c(c1)c(CC(=O)Nc1c(C)cc(C)cc1Br)c(C)n2C(=O)c1ccc(Cl)cc1,25.0,86400.0,0.0,0.0,23.739999771118164
COc1ccc2c(c1)c(CC(=O)O)c(C)n2C(=O)c1ccc(Cl)cc1,Nc1cc(-c2ccccc2)nn1-c1ccccc1,CN(C)C(=[O+]c1c(F)c(F)c(F)c(F)c1F)N(C)C.F[P-](F)(F)(F)(F)F,Cc1cccc(C)n1,,,C1CCOC1,C1CCOC1,,COc1ccc2c(c1)c(CC(=O)Nc1cc(-c3ccccc3)nn1-c1ccccc1)c(C)n2C(=O)c1ccc(Cl)cc1,25.0,86400.0,0.0,0.0,0.3799999952316284
COc1ccc2c(c1)c(CC(=O)O)c(C)n2C(=O)c1ccc(Cl)cc1,Cc1cc(C)c(N)c(Br)c1,O=C1OCCN1P(=O)(Cl)N1CCOC1=O,CCN(C(C)C)C(C)C,,,CC#N,CC#N,,COc1ccc2c(c1)c(CC(=O)Nc1c(C)cc(C)cc1Br)c(C)n2C(=O)c1ccc(Cl)cc1,25.0,86400.0,0.0,0.0,19.459999084472656
COc1ccc2c(c1)c(CC(=O)O)c(C)n2C(=O)c1ccc(Cl)cc1,Nc1cc(-c2ccccc2)nn1-c1ccccc1,F[P-](F)(F)(F)(F)F.c1ccc2c(c1)nnn2O[P+](N1CCCC1)(N1CCCC1)N1CCCC1,CCN(C(C)C)C(C)C,,,CN(C)C=O,CN(C)C=O,,COc1ccc2c(c1)c(CC(=O)Nc1cc(-c3ccccc3)nn1-c1ccccc1)c(C)n2C(=O)c1ccc(Cl)cc1,25.0,86400.0,0.0,0.0,30.270000457763672
COc1ccc2c(c1)c(CC(=O)O)c(C)n2C(=O)c1ccc(Cl)cc1,Cc1ccc2ncccc2c1N,CN(C)C(=[F+])N(C)C.F[P-](F)(F)(F)(F)F,Cc1cccc(C)n1,,,CN(C)C=O,CN(C)C=O,,COc1ccc2c(c1)c(CC(=O)Nc1c(C)ccc3ncccc13)c(C)n2C(=O)c1ccc(Cl)cc1,25.0,86400.0,0.0,0.0,3.2100000381469727
COc1ccc2c(c1)c(CC(=O)O)c(C)n2C(=O)c1ccc(Cl)cc1,Cc1ccc2ncccc2c1N,O=C1OCCN1P(=O)(Cl)N1CCOC1=O,Cn1ccnc1,,,CC#N,CC#N,,COc1ccc2c(c1)c(CC(=O)Nc1c(C)ccc3ncccc13)c(C)n2C(=O)c1ccc(Cl)cc1,25.0,86400.0,0.0,0.0,50.150001525878906
COc1ccc2c(c1)c(CC(=O)O)c(C)n2C(=O)c1ccc(Cl)cc1,Cc1cc([N+](=O)[O-])ccc1N,CN(C)C(=[F+])N(C)C.F[P-](F)(F)(F)(F)F,Cn1ccnc1,,,C1CCOC1,C1CCOC1,,COc1ccc2c(c1)c(CC(=O)Nc1ccc([N+](=O)[O-])cc1C)c(C)n2C(=O)c1ccc(Cl)cc1,25.0,86400.0,0.0,0.0,2.299999952316284
COc1ccc2c(c1)c(CC(=O)O)c(C)n2C(=O)c1ccc(Cl)cc1,Cc1cc(C)c(N)c(Br)c1,CN(C)C(=[O+]n1nnc2cccnc21)N(C)C.F[P-](F)(F)(F)(F)F,CCN(C(C)C)C(C)C,,,CN(C)C=O,CN(C)C=O,,COc1ccc2c(c1)c(CC(=O)Nc1c(C)cc(C)cc1Br)c(C)n2C(=O)c1ccc(Cl)cc1,25.0,86400.0,0.0,0.0,9.260000228881836
COc1ccc2c(c1)c(CC(=O)O)c(C)n2C(=O)c1ccc(Cl)cc1,Cc1cc([N+](=O)[O-])ccc1N,CCOC(=O)C(C#N)=N[O+]=C(N(C)C)N(C)C.F[P-](F)(F)(F)(F)F,CN1CCOCC1,,,CN(C)C=O,CN(C)C=O,,COc1ccc2c(c1)c(CC(=O)Nc1ccc([N+](=O)[O-])cc1C)c(C)n2C(=O)c1ccc(Cl)cc1,25.0,86400.0,0.0,0.0,4.269999980926514
COc1ccc2c(c1)c(CC(=O)O)c(C)n2C(=O)c1ccc(Cl)cc1,N=c1ccc(Cl)n[nH]1,CN(C)C(=[F+])N(C)C.F[P-](F)(F)(F)(F)F,Cn1ccnc1,,,C1CCOC1,C1CCOC1,,COc1ccc2c(c1)c(CC(=O)Nc1ccc(Cl)nn1)c(C)n2C(=O)c1ccc(Cl)cc1,25.0,86400.0,0.0,0.0,53.58000183105469
COc1ccc2c(c1)c(CC(=O)O)c(C)n2C(=O)c1ccc(Cl)cc1,N#Cc1ccc(Cl)c(N)c1,CCOC(=O)C(C#N)=N[O+]=C(N(C)C)N(C)C.F[P-](F)(F)(F)(F)F,CCN(C(C)C)C(C)C,,,CC#N,CC#N,,COc1ccc2c(c1)c(CC(=O)Nc1cc(C#N)ccc1Cl)c(C)n2C(=O)c1ccc(Cl)cc1,25.0,86400.0,0.0,0.0,11.5600004196167
COc1ccc2c(c1)c(CC(=O)O)c(C)n2C(=O)c1ccc(Cl)cc1,N#Cc1ccc(N)cc1C(F)(F)F,CN(C)C(=[O+]n1nnc2cccnc21)N(C)C.F[P-](F)(F)(F)(F)F,Cc1cccc(C)n1,,,CC#N,CC#N,,COc1ccc2c(c1)c(CC(=O)Nc1ccc(C#N)c(C(F)(F)F)c1)c(C)n2C(=O)c1ccc(Cl)cc1,25.0,86400.0,0.0,0.0,0.6499999761581421
COc1ccc2c(c1)c(CC(=O)O)c(C)n2C(=O)c1ccc(Cl)cc1,CNS(=O)(=O)Cc1ccc(N)cc1,O=P(Cl)(c1ccccc1)c1ccccc1,CCN(C(C)C)C(C)C,,,CN(C)C=O,CN(C)C=O,,CNS(=O)(=O)Cc1ccc(NC(=O)Cc2c(C)n(C(=O)c3ccc(Cl)cc3)c3ccc(OC)cc23)cc1,25.0,86400.0,0.0,0.0,40.33000183105469
COc1ccc2c(c1)c(CC(=O)O)c(C)n2C(=O)c1ccc(Cl)cc1,N#Cc1ccc(Cl)c(N)c1,CN(C)C(=[F+])N(C)C.F[P-](F)(F)(F)(F)F,Cn1ccnc1,,,C1CCOC1,C1CCOC1,,COc1ccc2c(c1)c(CC(=O)Nc1cc(C#N)ccc1Cl)c(C)n2C(=O)c1ccc(Cl)cc1,25.0,86400.0,0.0,0.0,7.690000057220459
COc1ccc2c(c1)c(CC(=O)O)c(C)n2C(=O)c1ccc(Cl)cc1,CC(C)c1cccc(C(C)C)c1N,CN(C)C(=[O+]n1nnc2cccnc21)N(C)C.F[P-](F)(F)(F)(F)F,CN1CCOCC1,,,CC#N,CC#N,,COc1ccc2c(c1)c(CC(=O)Nc1c(C(C)C)cccc1C(C)C)c(C)n2C(=O)c1ccc(Cl)cc1,25.0,86400.0,0.0,0.0,12.279999732971191
COc1ccc2c(c1)c(CC(=O)O)c(C)n2C(=O)c1ccc(Cl)cc1,CNS(=O)(=O)Cc1ccc(N)cc1,F[P-](F)(F)(F)(F)F.c1ccc2c(c1)nnn2O[P+](N1CCCC1)(N1CCCC1)N1CCCC1,CN1CCOCC1,,,C1CCOC1,C1CCOC1,,CNS(=O)(=O)Cc1ccc(NC(=O)Cc2c(C)n(C(=O)c3ccc(Cl)cc3)c3ccc(OC)cc23)cc1,25.0,86400.0,0.0,0.0,49.66999816894531
COc1ccc2c(c1)c(CC(=O)O)c(C)n2C(=O)c1ccc(Cl)cc1,Cc1cc([N+](=O)[O-])ccc1N,O=C1OCCN1P(=O)(Cl)N1CCOC1=O,CCN(C(C)C)C(C)C,,,CC#N,CC#N,,COc1ccc2c(c1)c(CC(=O)Nc1ccc([N+](=O)[O-])cc1C)c(C)n2C(=O)c1ccc(Cl)cc1,25.0,86400.0,0.0,0.0,5.300000190734863
COc1ccc2c(c1)c(CC(=O)O)c(C)n2C(=O)c1ccc(Cl)cc1,N=c1ccc(Cl)n[nH]1,CN(C)C(=[O+]n1nnc2cccnc21)N(C)C.F[P-](F)(F)(F)(F)F,Cc1cccc(C)n1,,,CN(C)C=O,CN(C)C=O,,COc1ccc2c(c1)c(CC(=O)Nc1ccc(Cl)nn1)c(C)n2C(=O)c1ccc(Cl)cc1,25.0,86400.0,0.0,0.0,36.400001525878906
COc1ccc2c(c1)c(CC(=O)O)c(C)n2C(=O)c1ccc(Cl)cc1,Cc1cc(C)c(N)c(Br)c1,CN(C)C(=[O+]c1c(F)c(F)c(F)c(F)c1F)N(C)C.F[P-](F)(F)(F)(F)F,CCN(C(C)C)C(C)C,,,CC#N,CC#N,,COc1ccc2c(c1)c(CC(=O)Nc1c(C)cc(C)cc1Br)c(C)n2C(=O)c1ccc(Cl)cc1,25.0,86400.0,0.0,0.0,12.850000381469727
COc1ccc2c(c1)c(CC(=O)O)c(C)n2C(=O)c1ccc(Cl)cc1,Cc1ccc2ncccc2c1N,F[P-](F)(F)(F)(F)F.c1ccc2c(c1)nnn2O[P+](N1CCCC1)(N1CCCC1)N1CCCC1,Cn1ccnc1,,,CN(C)C=O,CN(C)C=O,,COc1ccc2c(c1)c(CC(=O)Nc1c(C)ccc3ncccc13)c(C)n2C(=O)c1ccc(Cl)cc1,25.0,86400.0,0.0,0.0,37.869998931884766
COc1ccc2c(c1)c(CC(=O)O)c(C)n2C(=O)c1ccc(Cl)cc1,CNS(=O)(=O)Cc1ccc(N)cc1,CCOC(=O)C(C#N)=N[O+]=C(N(C)C)N(C)C.F[P-](F)(F)(F)(F)F,Cn1ccnc1,,,C1CCOC1,C1CCOC1,,CNS(=O)(=O)Cc1ccc(NC(=O)Cc2c(C)n(C(=O)c3ccc(Cl)cc3)c3ccc(OC)cc23)cc1,25.0,86400.0,0.0,0.0,59.40999984741211
COc1ccc2c(c1)c(CC(=O)O)c(C)n2C(=O)c1ccc(Cl)cc1,CNS(=O)(=O)Cc1ccc(N)cc1,O=C1OCCN1P(=O)(Cl)N1CCOC1=O,CCN(C(C)C)C(C)C,,,CN(C)C=O,CN(C)C=O,,CNS(=O)(=O)Cc1ccc(NC(=O)Cc2c(C)n(C(=O)c3ccc(Cl)cc3)c3ccc(OC)cc23)cc1,25.0,86400.0,0.0,0.0,3.180000066757202
COc1ccc2c(c1)c(CC(=O)O)c(C)n2C(=O)c1ccc(Cl)cc1,CNS(=O)(=O)Cc1ccc(N)cc1,F[P-](F)(F)(F)(F)F.c1ccc2c(c1)nnn2O[P+](N1CCCC1)(N1CCCC1)N1CCCC1,Cn1ccnc1,,,CN(C)C=O,CN(C)C=O,,CNS(=O)(=O)Cc1ccc(NC(=O)Cc2c(C)n(C(=O)c3ccc(Cl)cc3)c3ccc(OC)cc23)cc1,25.0,86400.0,0.0,0.0,63.7400016784668
COc1ccc2c(c1)c(CC(=O)O)c(C)n2C(=O)c1ccc(Cl)cc1,Cc1ccc2ncccc2c1N,O=P(Cl)(c1ccccc1)c1ccccc1,CCN(C(C)C)C(C)C,,,C1CCOC1,C1CCOC1,,COc1ccc2c(c1)c(CC(=O)Nc1c(C)ccc3ncccc13)c(C)n2C(=O)c1ccc(Cl)cc1,25.0,86400.0,0.0,0.0,48.880001068115234
COc1ccc2c(c1)c(CC(=O)O)c(C)n2C(=O)c1ccc(Cl)cc1,N#Cc1ccc(Cl)c(N)c1,CN(C)C(=[Cl+])N(C)C.F[P-](F)(F)(F)(F)F,CCN(C(C)C)C(C)C,,,CN(C)C=O,CN(C)C=O,,COc1ccc2c(c1)c(CC(=O)Nc1cc(C#N)ccc1Cl)c(C)n2C(=O)c1ccc(Cl)cc1,25.0,86400.0,0.0,0.0,1.690000057220459
COc1ccc2c(c1)c(CC(=O)O)c(C)n2C(=O)c1ccc(Cl)cc1,N=c1ccc(Cl)n[nH]1,CN(C)C(=[Cl+])N(C)C.F[P-](F)(F)(F)(F)F,Cn1ccnc1,,,C1CCOC1,C1CCOC1,,COc1ccc2c(c1)c(CC(=O)Nc1ccc(Cl)nn1)c(C)n2C(=O)c1ccc(Cl)cc1,25.0,86400.0,0.0,0.0,59.47999954223633
COc1ccc2c(c1)c(CC(=O)O)c(C)n2C(=O)c1ccc(Cl)cc1,CC(C)c1cccc(C(C)C)c1N,CN(C)C(=[O+]c1c(F)c(F)c(F)c(F)c1F)N(C)C.F[P-](F)(F)(F)(F)F,Cn1ccnc1,,,C1CCOC1,C1CCOC1,,COc1ccc2c(c1)c(CC(=O)Nc1c(C(C)C)cccc1C(C)C)c(C)n2C(=O)c1ccc(Cl)cc1,25.0,86400.0,0.0,0.0,4.239999771118164
COc1ccc2c(c1)c(CC(=O)O)c(C)n2C(=O)c1ccc(Cl)cc1,N#Cc1ccc(Cl)c(N)c1,CN(C)C(=[O+]c1c(F)c(F)c(F)c(F)c1F)N(C)C.F[P-](F)(F)(F)(F)F,Cc1cccc(C)n1,,,CC#N,CC#N,,COc1ccc2c(c1)c(CC(=O)Nc1cc(C#N)ccc1Cl)c(C)n2C(=O)c1ccc(Cl)cc1,25.0,86400.0,0.0,0.0,1.690000057220459
COc1ccc2c(c1)c(CC(=O)O)c(C)n2C(=O)c1ccc(Cl)cc1,N#Cc1ccc(N)cc1C(F)(F)F,CCOC(=O)C(C#N)=N[O+]=C(N(C)C)N(C)C.F[P-](F)(F)(F)(F)F,Cc1cccc(C)n1,,,CN(C)C=O,CN(C)C=O,,COc1ccc2c(c1)c(CC(=O)Nc1ccc(C#N)c(C(F)(F)F)c1)c(C)n2C(=O)c1ccc(Cl)cc1,25.0,86400.0,0.0,0.0,2.5199999809265137
COc1ccc2c(c1)c(CC(=O)O)c(C)n2C(=O)c1ccc(Cl)cc1,Cc1cc([N+](=O)[O-])ccc1N,F[P-](F)(F)(F)(F)F.c1ccc2c(c1)nnn2O[P+](N1CCCC1)(N1CCCC1)N1CCCC1,CN1CCOCC1,,,C1CCOC1,C1CCOC1,,COc1ccc2c(c1)c(CC(=O)Nc1ccc([N+](=O)[O-])cc1C)c(C)n2C(=O)c1ccc(Cl)cc1,25.0,86400.0,0.0,0.0,2.490000009536743
COc1ccc2c(c1)c(CC(=O)O)c(C)n2C(=O)c1ccc(Cl)cc1,CNS(=O)(=O)Cc1ccc(N)cc1,F[P-](F)(F)(F)(F)F.c1ccc2c(c1)nnn2O[P+](N1CCCC1)(N1CCCC1)N1CCCC1,CN1CCOCC1,,,CC#N,CC#N,,CNS(=O)(=O)Cc1ccc(NC(=O)Cc2c(C)n(C(=O)c3ccc(Cl)cc3)c3ccc(OC)cc23)cc1,25.0,86400.0,0.0,0.0,65.91000366210938
COc1ccc2c(c1)c(CC(=O)O)c(C)n2C(=O)c1ccc(Cl)cc1,CNS(=O)(=O)Cc1ccc(N)cc1,CN(C)C(=[O+]n1nnc2cccnc21)N(C)C.F[P-](F)(F)(F)(F)F,Cn1ccnc1,,,C1CCOC1,C1CCOC1,,CNS(=O)(=O)Cc1ccc(NC(=O)Cc2c(C)n(C(=O)c3ccc(Cl)cc3)c3ccc(OC)cc23)cc1,25.0,86400.0,0.0,0.0,62.02000045776367
COc1ccc2c(c1)c(CC(=O)O)c(C)n2C(=O)c1ccc(Cl)cc1,COC(=O)c1ccc(Cl)cc1N,O=P(Cl)(c1ccccc1)c1ccccc1,CCN(C(C)C)C(C)C,,,CN(C)C=O,CN(C)C=O,,COC(=O)c1cc(Cl)ccc1NC(=O)Cc1c(C)n(C(=O)c2ccc(Cl)cc2)c2ccc(OC)cc12,25.0,86400.0,0.0,0.0,2.9800000190734863
COc1ccc2c(c1)c(CC(=O)O)c(C)n2C(=O)c1ccc(Cl)cc1,Cc1cc([N+](=O)[O-])ccc1N,CCOC(=O)C(C#N)=N[O+]=C(N(C)C)N(C)C.F[P-](F)(F)(F)(F)F,Cc1cccc(C)n1,,,CC#N,CC#N,,COc1ccc2c(c1)c(CC(=O)Nc1ccc([N+](=O)[O-])cc1C)c(C)n2C(=O)c1ccc(Cl)cc1,25.0,86400.0,0.0,0.0,2.0299999713897705
COc1ccc2c(c1)c(CC(=O)O)c(C)n2C(=O)c1ccc(Cl)cc1,N=c1ccc(Cl)n[nH]1,F[P-](F)(F)(F)(F)F.c1ccc2c(c1)nnn2O[P+](N1CCCC1)(N1CCCC1)N1CCCC1,Cc1cccc(C)n1,,,CN(C)C=O,CN(C)C=O,,COc1ccc2c(c1)c(CC(=O)Nc1ccc(Cl)nn1)c(C)n2C(=O)c1ccc(Cl)cc1,25.0,86400.0,0.0,0.0,30.520000457763672
COc1ccc2c(c1)c(CC(=O)O)c(C)n2C(=O)c1ccc(Cl)cc1,Cc1cc(C)c(N)c(Br)c1,CN(C)C(=[O+]n1nnc2cccnc21)N(C)C.F[P-](F)(F)(F)(F)F,Cc1cccc(C)n1,,,CN(C)C=O,CN(C)C=O,,COc1ccc2c(c1)c(CC(=O)Nc1c(C)cc(C)cc1Br)c(C)n2C(=O)c1ccc(Cl)cc1,25.0,86400.0,0.0,0.0,25.420000076293945
COc1ccc2c(c1)c(CC(=O)O)c(C)n2C(=O)c1ccc(Cl)cc1,Nc1cc(-c2ccccc2)nn1-c1ccccc1,CN(C)C(=[O+]c1c(F)c(F)c(F)c(F)c1F)N(C)C.F[P-](F)(F)(F)(F)F,CN1CCOCC1,,,C1CCOC1,C1CCOC1,,COc1ccc2c(c1)c(CC(=O)Nc1cc(-c3ccccc3)nn1-c1ccccc1)c(C)n2C(=O)c1ccc(Cl)cc1,25.0,86400.0,0.0,0.0,5.760000228881836
COc1ccc2c(c1)c(CC(=O)O)c(C)n2C(=O)c1ccc(Cl)cc1,N=c1ccc(Cl)n[nH]1,CN(C)C(=[O+]c1c(F)c(F)c(F)c(F)c1F)N(C)C.F[P-](F)(F)(F)(F)F,Cn1ccnc1,,,C1CCOC1,C1CCOC1,,COc1ccc2c(c1)c(CC(=O)Nc1ccc(Cl)nn1)c(C)n2C(=O)c1ccc(Cl)cc1,25.0,86400.0,0.0,0.0,12.079999923706055
COc1ccc2c(c1)c(CC(=O)O)c(C)n2C(=O)c1ccc(Cl)cc1,Nc1cc(-c2ccccc2)nn1-c1ccccc1,CN(C)C(=[O+]n1nnc2cccnc21)N(C)C.F[P-](F)(F)(F)(F)F,Cn1ccnc1,,,C1CCOC1,C1CCOC1,,COc1ccc2c(c1)c(CC(=O)Nc1cc(-c3ccccc3)nn1-c1ccccc1)c(C)n2C(=O)c1ccc(Cl)cc1,25.0,86400.0,0.0,0.0,33.41999816894531
COc1ccc2c(c1)c(CC(=O)O)c(C)n2C(=O)c1ccc(Cl)cc1,CNS(=O)(=O)Cc1ccc(N)cc1,CN(C)C(=[O+]c1c(F)c(F)c(F)c(F)c1F)N(C)C.F[P-](F)(F)(F)(F)F,Cc1cccc(C)n1,,,C1CCOC1,C1CCOC1,,CNS(=O)(=O)Cc1ccc(NC(=O)Cc2c(C)n(C(=O)c3ccc(Cl)cc3)c3ccc(OC)cc23)cc1,25.0,86400.0,0.0,0.0,37.79999923706055
COc1ccc2c(c1)c(CC(=O)O)c(C)n2C(=O)c1ccc(Cl)cc1,N=c1ccc(Cl)n[nH]1,F[P-](F)(F)(F)(F)F.c1ccc2c(c1)nnn2O[P+](N1CCCC1)(N1CCCC1)N1CCCC1,CCN(C(C)C)C(C)C,,,CN(C)C=O,CN(C)C=O,,COc1ccc2c(c1)c(CC(=O)Nc1ccc(Cl)nn1)c(C)n2C(=O)c1ccc(Cl)cc1,25.0,86400.0,0.0,0.0,21.790000915527344
COc1ccc2c(c1)c(CC(=O)O)c(C)n2C(=O)c1ccc(Cl)cc1,N=c1ccc(Cl)n[nH]1,CCOC(=O)C(C#N)=N[O+]=C(N(C)C)N(C)C.F[P-](F)(F)(F)(F)F,CCN(C(C)C)C(C)C,,,CN(C)C=O,CN(C)C=O,,COc1ccc2c(c1)c(CC(=O)Nc1ccc(Cl)nn1)c(C)n2C(=O)c1ccc(Cl)cc1,25.0,86400.0,0.0,0.0,28.81999969482422
COc1ccc2c(c1)c(CC(=O)O)c(C)n2C(=O)c1ccc(Cl)cc1,CC(C)c1cccc(C(C)C)c1N,CN(C)C(=[O+]n1nnc2cccnc21)N(C)C.F[P-](F)(F)(F)(F)F,CCN(C(C)C)C(C)C,,,CC#N,CC#N,,COc1ccc2c(c1)c(CC(=O)Nc1c(C(C)C)cccc1C(C)C)c(C)n2C(=O)c1ccc(Cl)cc1,25.0,86400.0,0.0,0.0,11.380000114440918
COc1ccc2c(c1)c(CC(=O)O)c(C)n2C(=O)c1ccc(Cl)cc1,N#Cc1ccc(Cl)c(N)c1,CCOC(=O)C(C#N)=N[O+]=C(N(C)C)N(C)C.F[P-](F)(F)(F)(F)F,Cn1ccnc1,,,CC#N,CC#N,,COc1ccc2c(c1)c(CC(=O)Nc1cc(C#N)ccc1Cl)c(C)n2C(=O)c1ccc(Cl)cc1,25.0,86400.0,0.0,0.0,9.369999885559082
COc1ccc2c(c1)c(CC(=O)O)c(C)n2C(=O)c1ccc(Cl)cc1,N=c1ccc(Cl)n[nH]1,CCOC(=O)C(C#N)=N[O+]=C(N(C)C)N(C)C.F[P-](F)(F)(F)(F)F,CN1CCOCC1,,,CN(C)C=O,CN(C)C=O,,COc1ccc2c(c1)c(CC(=O)Nc1ccc(Cl)nn1)c(C)n2C(=O)c1ccc(Cl)cc1,25.0,86400.0,0.0,0.0,18.3700008392334
COc1ccc2c(c1)c(CC(=O)O)c(C)n2C(=O)c1ccc(Cl)cc1,Cc1cc([N+](=O)[O-])ccc1N,O=C1OCCN1P(=O)(Cl)N1CCOC1=O,CN1CCOCC1,,,CC#N,CC#N,,COc1ccc2c(c1)c(CC(=O)Nc1ccc([N+](=O)[O-])cc1C)c(C)n2C(=O)c1ccc(Cl)cc1,25.0,86400.0,0.0,0.0,1.9299999475479126
COc1ccc2c(c1)c(CC(=O)O)c(C)n2C(=O)c1ccc(Cl)cc1,Cc1cc(C)c(N)c(Br)c1,CN(C)C(=[O+]c1c(F)c(F)c(F)c(F)c1F)N(C)C.F[P-](F)(F)(F)(F)F,Cn1ccnc1,,,CN(C)C=O,CN(C)C=O,,COc1ccc2c(c1)c(CC(=O)Nc1c(C)cc(C)cc1Br)c(C)n2C(=O)c1ccc(Cl)cc1,25.0,86400.0,0.0,0.0,6.360000133514404
COc1ccc2c(c1)c(CC(=O)O)c(C)n2C(=O)c1ccc(Cl)cc1,COC(=O)c1ccc(Cl)cc1N,CN(C)C(=[O+]n1nnc2cccnc21)N(C)C.F[P-](F)(F)(F)(F)F,Cc1cccc(C)n1,,,CC#N,CC#N,,COC(=O)c1cc(Cl)ccc1NC(=O)Cc1c(C)n(C(=O)c2ccc(Cl)cc2)c2ccc(OC)cc12,25.0,86400.0,0.0,0.0,17.59000015258789
COc1ccc2c(c1)c(CC(=O)O)c(C)n2C(=O)c1ccc(Cl)cc1,N#Cc1ccc(N)cc1C(F)(F)F,CN(C)C(=[O+]c1c(F)c(F)c(F)c(F)c1F)N(C)C.F[P-](F)(F)(F)(F)F,CCN(C(C)C)C(C)C,,,CC#N,CC#N,,COc1ccc2c(c1)c(CC(=O)Nc1ccc(C#N)c(C(F)(F)F)c1)c(C)n2C(=O)c1ccc(Cl)cc1,25.0,86400.0,0.0,0.0,3.4100000858306885
COc1ccc2c(c1)c(CC(=O)O)c(C)n2C(=O)c1ccc(Cl)cc1,CNS(=O)(=O)Cc1ccc(N)cc1,CCOC(=O)C(C#N)=N[O+]=C(N(C)C)N(C)C.F[P-](F)(F)(F)(F)F,Cc1cccc(C)n1,,,C1CCOC1,C1CCOC1,,CNS(=O)(=O)Cc1ccc(NC(=O)Cc2c(C)n(C(=O)c3ccc(Cl)cc3)c3ccc(OC)cc23)cc1,25.0,86400.0,0.0,0.0,58.61000061035156
COc1ccc2c(c1)c(CC(=O)O)c(C)n2C(=O)c1ccc(Cl)cc1,N#Cc1ccc(Cl)c(N)c1,F[P-](F)(F)(F)(F)F.c1ccc2c(c1)nnn2O[P+](N1CCCC1)(N1CCCC1)N1CCCC1,Cc1cccc(C)n1,,,C1CCOC1,C1CCOC1,,COc1ccc2c(c1)c(CC(=O)Nc1cc(C#N)ccc1Cl)c(C)n2C(=O)c1ccc(Cl)cc1,25.0,86400.0,0.0,0.0,0.18000000715255737
COc1ccc2c(c1)c(CC(=O)O)c(C)n2C(=O)c1ccc(Cl)cc1,CC(C)c1cccc(C(C)C)c1N,O=C1OCCN1P(=O)(Cl)N1CCOC1=O,Cc1cccc(C)n1,,,CN(C)C=O,CN(C)C=O,,COc1ccc2c(c1)c(CC(=O)Nc1c(C(C)C)cccc1C(C)C)c(C)n2C(=O)c1ccc(Cl)cc1,25.0,86400.0,0.0,0.0,39.560001373291016
COc1ccc2c(c1)c(CC(=O)O)c(C)n2C(=O)c1ccc(Cl)cc1,Cc1cc([N+](=O)[O-])ccc1N,O=P(Cl)(c1ccccc1)c1ccccc1,CCN(C(C)C)C(C)C,,,CN(C)C=O,CN(C)C=O,,COc1ccc2c(c1)c(CC(=O)Nc1ccc([N+](=O)[O-])cc1C)c(C)n2C(=O)c1ccc(Cl)cc1,25.0,86400.0,0.0,0.0,1.690000057220459
COc1ccc2c(c1)c(CC(=O)O)c(C)n2C(=O)c1ccc(Cl)cc1,CNS(=O)(=O)Cc1ccc(N)cc1,CN(C)C(=[O+]n1nnc2cccnc21)N(C)C.F[P-](F)(F)(F)(F)F,Cn1ccnc1,,,CN(C)C=O,CN(C)C=O,,CNS(=O)(=O)Cc1ccc(NC(=O)Cc2c(C)n(C(=O)c3ccc(Cl)cc3)c3ccc(OC)cc23)cc1,25.0,86400.0,0.0,0.0,62.09000015258789
COc1ccc2c(c1)c(CC(=O)O)c(C)n2C(=O)c1ccc(Cl)cc1,Cc1cc([N+](=O)[O-])ccc1N,CN(C)C(=[O+]c1c(F)c(F)c(F)c(F)c1F)N(C)C.F[P-](F)(F)(F)(F)F,Cc1cccc(C)n1,,,CC#N,CC#N,,COc1ccc2c(c1)c(CC(=O)Nc1ccc([N+](=O)[O-])cc1C)c(C)n2C(=O)c1ccc(Cl)cc1,25.0,86400.0,0.0,0.0,0.5600000023841858
COc1ccc2c(c1)c(CC(=O)O)c(C)n2C(=O)c1ccc(Cl)cc1,COC(=O)c1ccc(Cl)cc1N,CN(C)C(=[F+])N(C)C.F[P-](F)(F)(F)(F)F,CCN(C(C)C)C(C)C,,,C1CCOC1,C1CCOC1,,COC(=O)c1cc(Cl)ccc1NC(=O)Cc1c(C)n(C(=O)c2ccc(Cl)cc2)c2ccc(OC)cc12,25.0,86400.0,0.0,0.0,16.56999969482422
COc1ccc2c(c1)c(CC(=O)O)c(C)n2C(=O)c1ccc(Cl)cc1,Cc1cc([N+](=O)[O-])ccc1N,CN(C)C(=[O+]n1nnc2cccnc21)N(C)C.F[P-](F)(F)(F)(F)F,CN1CCOCC1,,,CN(C)C=O,CN(C)C=O,,COc1ccc2c(c1)c(CC(=O)Nc1ccc([N+](=O)[O-])cc1C)c(C)n2C(=O)c1ccc(Cl)cc1,25.0,86400.0,0.0,0.0,1.8600000143051147
COc1ccc2c(c1)c(CC(=O)O)c(C)n2C(=O)c1ccc(Cl)cc1,Nc1cc(-c2ccccc2)nn1-c1ccccc1,CN(C)C(=[Cl+])N(C)C.F[P-](F)(F)(F)(F)F,CCN(C(C)C)C(C)C,,,CC#N,CC#N,,COc1ccc2c(c1)c(CC(=O)Nc1cc(-c3ccccc3)nn1-c1ccccc1)c(C)n2C(=O)c1ccc(Cl)cc1,25.0,86400.0,0.0,0.0,0.7900000214576721
COc1ccc2c(c1)c(CC(=O)O)c(C)n2C(=O)c1ccc(Cl)cc1,CNS(=O)(=O)Cc1ccc(N)cc1,CN(C)C(=[F+])N(C)C.F[P-](F)(F)(F)(F)F,CCN(C(C)C)C(C)C,,,CC#N,CC#N,,CNS(=O)(=O)Cc1ccc(NC(=O)Cc2c(C)n(C(=O)c3ccc(Cl)cc3)c3ccc(OC)cc23)cc1,25.0,86400.0,0.0,0.0,24.790000915527344
COc1ccc2c(c1)c(CC(=O)O)c(C)n2C(=O)c1ccc(Cl)cc1,Cc1ccc2ncccc2c1N,O=C1OCCN1P(=O)(Cl)N1CCOC1=O,Cn1ccnc1,,,CN(C)C=O,CN(C)C=O,,COc1ccc2c(c1)c(CC(=O)Nc1c(C)ccc3ncccc13)c(C)n2C(=O)c1ccc(Cl)cc1,25.0,86400.0,0.0,0.0,63.369998931884766
COc1ccc2c(c1)c(CC(=O)O)c(C)n2C(=O)c1ccc(Cl)cc1,N=c1ccc(Cl)n[nH]1,CN(C)C(=[F+])N(C)C.F[P-](F)(F)(F)(F)F,CN1CCOCC1,,,CN(C)C=O,CN(C)C=O,,COc1ccc2c(c1)c(CC(=O)Nc1ccc(Cl)nn1)c(C)n2C(=O)c1ccc(Cl)cc1,25.0,86400.0,0.0,0.0,33.45000076293945
COc1ccc2c(c1)c(CC(=O)O)c(C)n2C(=O)c1ccc(Cl)cc1,CC(C)c1cccc(C(C)C)c1N,CN(C)C(=[F+])N(C)C.F[P-](F)(F)(F)(F)F,Cn1ccnc1,,,C1CCOC1,C1CCOC1,,COc1ccc2c(c1)c(CC(=O)Nc1c(C(C)C)cccc1C(C)C)c(C)n2C(=O)c1ccc(Cl)cc1,25.0,86400.0,0.0,0.0,18.959999084472656
COc1ccc2c(c1)c(CC(=O)O)c(C)n2C(=O)c1ccc(Cl)cc1,N#Cc1ccc(N)cc1C(F)(F)F,F[P-](F)(F)(F)(F)F.c1ccc2c(c1)nnn2O[P+](N1CCCC1)(N1CCCC1)N1CCCC1,CN1CCOCC1,,,C1CCOC1,C1CCOC1,,COc1ccc2c(c1)c(CC(=O)Nc1ccc(C#N)c(C(F)(F)F)c1)c(C)n2C(=O)c1ccc(Cl)cc1,25.0,86400.0,0.0,0.0,8.5600004196167
COc1ccc2c(c1)c(CC(=O)O)c(C)n2C(=O)c1ccc(Cl)cc1,N#Cc1ccc(Cl)c(N)c1,CN(C)C(=[Cl+])N(C)C.F[P-](F)(F)(F)(F)F,CN1CCOCC1,,,C1CCOC1,C1CCOC1,,COc1ccc2c(c1)c(CC(=O)Nc1cc(C#N)ccc1Cl)c(C)n2C(=O)c1ccc(Cl)cc1,25.0,86400.0,0.0,0.0,26.649999618530273
COc1ccc2c(c1)c(CC(=O)O)c(C)n2C(=O)c1ccc(Cl)cc1,N#Cc1ccc(N)cc1C(F)(F)F,CN(C)C(=[Cl+])N(C)C.F[P-](F)(F)(F)(F)F,CCN(C(C)C)C(C)C,,,CC#N,CC#N,,COc1ccc2c(c1)c(CC(=O)Nc1ccc(C#N)c(C(F)(F)F)c1)c(C)n2C(=O)c1ccc(Cl)cc1,25.0,86400.0,0.0,0.0,16.729999542236328
COc1ccc2c(c1)c(CC(=O)O)c(C)n2C(=O)c1ccc(Cl)cc1,Cc1ccc2ncccc2c1N,O=C1OCCN1P(=O)(Cl)N1CCOC1=O,CN1CCOCC1,,,CN(C)C=O,CN(C)C=O,,COc1ccc2c(c1)c(CC(=O)Nc1c(C)ccc3ncccc13)c(C)n2C(=O)c1ccc(Cl)cc1,25.0,86400.0,0.0,0.0,27.40999984741211
COc1ccc2c(c1)c(CC(=O)O)c(C)n2C(=O)c1ccc(Cl)cc1,Cc1ccc2ncccc2c1N,F[P-](F)(F)(F)(F)F.c1ccc2c(c1)nnn2O[P+](N1CCCC1)(N1CCCC1)N1CCCC1,CN1CCOCC1,,,CC#N,CC#N,,COc1ccc2c(c1)c(CC(=O)Nc1c(C)ccc3ncccc13)c(C)n2C(=O)c1ccc(Cl)cc1,25.0,86400.0,0.0,0.0,12.630000114440918
COc1ccc2c(c1)c(CC(=O)O)c(C)n2C(=O)c1ccc(Cl)cc1,N#Cc1ccc(Cl)c(N)c1,CN(C)C(=[O+]n1nnc2cccnc21)N(C)C.F[P-](F)(F)(F)(F)F,CN1CCOCC1,,,CC#N,CC#N,,COc1ccc2c(c1)c(CC(=O)Nc1cc(C#N)ccc1Cl)c(C)n2C(=O)c1ccc(Cl)cc1,25.0,86400.0,0.0,0.0,5.5
COc1ccc2c(c1)c(CC(=O)O)c(C)n2C(=O)c1ccc(Cl)cc1,COC(=O)c1ccc(Cl)cc1N,F[P-](F)(F)(F)(F)F.c1ccc2c(c1)nnn2O[P+](N1CCCC1)(N1CCCC1)N1CCCC1,Cn1ccnc1,,,CN(C)C=O,CN(C)C=O,,COC(=O)c1cc(Cl)ccc1NC(=O)Cc1c(C)n(C(=O)c2ccc(Cl)cc2)c2ccc(OC)cc12,25.0,86400.0,0.0,0.0,26.1299991607666
COc1ccc2c(c1)c(CC(=O)O)c(C)n2C(=O)c1ccc(Cl)cc1,Cc1ccc2ncccc2c1N,F[P-](F)(F)(F)(F)F.c1ccc2c(c1)nnn2O[P+](N1CCCC1)(N1CCCC1)N1CCCC1,Cn1ccnc1,,,CC#N,CC#N,,COc1ccc2c(c1)c(CC(=O)Nc1c(C)ccc3ncccc13)c(C)n2C(=O)c1ccc(Cl)cc1,25.0,86400.0,0.0,0.0,18.8700008392334
COc1ccc2c(c1)c(CC(=O)O)c(C)n2C(=O)c1ccc(Cl)cc1,Cc1ccc2ncccc2c1N,O=P(Cl)(c1ccccc1)c1ccccc1,Cc1cccc(C)n1,,,CC#N,CC#N,,COc1ccc2c(c1)c(CC(=O)Nc1c(C)ccc3ncccc13)c(C)n2C(=O)c1ccc(Cl)cc1,25.0,86400.0,0.0,0.0,59.41999816894531
COc1ccc2c(c1)c(CC(=O)O)c(C)n2C(=O)c1ccc(Cl)cc1,Cc1cc(C)c(N)c(Br)c1,CN(C)C(=[Cl+])N(C)C.F[P-](F)(F)(F)(F)F,Cc1cccc(C)n1,,,CC#N,CC#N,,COc1ccc2c(c1)c(CC(=O)Nc1c(C)cc(C)cc1Br)c(C)n2C(=O)c1ccc(Cl)cc1,25.0,86400.0,0.0,0.0,4.539999961853027
COc1ccc2c(c1)c(CC(=O)O)c(C)n2C(=O)c1ccc(Cl)cc1,Cc1ccc2ncccc2c1N,O=P(Cl)(c1ccccc1)c1ccccc1,Cn1ccnc1,,,CC#N,CC#N,,COc1ccc2c(c1)c(CC(=O)Nc1c(C)ccc3ncccc13)c(C)n2C(=O)c1ccc(Cl)cc1,25.0,86400.0,0.0,0.0,39.7400016784668
COc1ccc2c(c1)c(CC(=O)O)c(C)n2C(=O)c1ccc(Cl)cc1,CNS(=O)(=O)Cc1ccc(N)cc1,CN(C)C(=[F+])N(C)C.F[P-](F)(F)(F)(F)F,CN1CCOCC1,,,CC#N,CC#N,,CNS(=O)(=O)Cc1ccc(NC(=O)Cc2c(C)n(C(=O)c3ccc(Cl)cc3)c3ccc(OC)cc23)cc1,25.0,86400.0,0.0,0.0,46.34000015258789
COc1ccc2c(c1)c(CC(=O)O)c(C)n2C(=O)c1ccc(Cl)cc1,COC(=O)c1ccc(Cl)cc1N,CN(C)C(=[F+])N(C)C.F[P-](F)(F)(F)(F)F,Cc1cccc(C)n1,,,CN(C)C=O,CN(C)C=O,,COC(=O)c1cc(Cl)ccc1NC(=O)Cc1c(C)n(C(=O)c2ccc(Cl)cc2)c2ccc(OC)cc12,25.0,86400.0,0.0,0.0,15.180000305175781
COc1ccc2c(c1)c(CC(=O)O)c(C)n2C(=O)c1ccc(Cl)cc1,Cc1cc([N+](=O)[O-])ccc1N,CCOC(=O)C(C#N)=N[O+]=C(N(C)C)N(C)C.F[P-](F)(F)(F)(F)F,CCN(C(C)C)C(C)C,,,CC#N,CC#N,,COc1ccc2c(c1)c(CC(=O)Nc1ccc([N+](=O)[O-])cc1C)c(C)n2C(=O)c1ccc(Cl)cc1,25.0,86400.0,0.0,0.0,3.990000009536743
COc1ccc2c(c1)c(CC(=O)O)c(C)n2C(=O)c1ccc(Cl)cc1,CNS(=O)(=O)Cc1ccc(N)cc1,O=C1OCCN1P(=O)(Cl)N1CCOC1=O,Cn1ccnc1,,,CN(C)C=O,CN(C)C=O,,CNS(=O)(=O)Cc1ccc(NC(=O)Cc2c(C)n(C(=O)c3ccc(Cl)cc3)c3ccc(OC)cc23)cc1,25.0,86400.0,0.0,0.0,48.220001220703125
COc1ccc2c(c1)c(CC(=O)O)c(C)n2C(=O)c1ccc(Cl)cc1,N=c1ccc(Cl)n[nH]1,CN(C)C(=[Cl+])N(C)C.F[P-](F)(F)(F)(F)F,CN1CCOCC1,,,CN(C)C=O,CN(C)C=O,,COc1ccc2c(c1)c(CC(=O)Nc1ccc(Cl)nn1)c(C)n2C(=O)c1ccc(Cl)cc1,25.0,86400.0,0.0,0.0,6.449999809265137
COc1ccc2c(c1)c(CC(=O)O)c(C)n2C(=O)c1ccc(Cl)cc1,N=c1ccc(Cl)n[nH]1,O=C1OCCN1P(=O)(Cl)N1CCOC1=O,Cc1cccc(C)n1,,,CC#N,CC#N,,COc1ccc2c(c1)c(CC(=O)Nc1ccc(Cl)nn1)c(C)n2C(=O)c1ccc(Cl)cc1,25.0,86400.0,0.0,0.0,7.03000020980835
COc1ccc2c(c1)c(CC(=O)O)c(C)n2C(=O)c1ccc(Cl)cc1,N=c1ccc(Cl)n[nH]1,CN(C)C(=[O+]c1c(F)c(F)c(F)c(F)c1F)N(C)C.F[P-](F)(F)(F)(F)F,Cn1ccnc1,,,CN(C)C=O,CN(C)C=O,,COc1ccc2c(c1)c(CC(=O)Nc1ccc(Cl)nn1)c(C)n2C(=O)c1ccc(Cl)cc1,25.0,86400.0,0.0,0.0,8.34000015258789
COc1ccc2c(c1)c(CC(=O)O)c(C)n2C(=O)c1ccc(Cl)cc1,Cc1ccc2ncccc2c1N,CN(C)C(=[Cl+])N(C)C.F[P-](F)(F)(F)(F)F,CN1CCOCC1,,,C1CCOC1,C1CCOC1,,COc1ccc2c(c1)c(CC(=O)Nc1c(C)ccc3ncccc13)c(C)n2C(=O)c1ccc(Cl)cc1,25.0,86400.0,0.0,0.0,40.04999923706055
COc1ccc2c(c1)c(CC(=O)O)c(C)n2C(=O)c1ccc(Cl)cc1,CC(C)c1cccc(C(C)C)c1N,CN(C)C(=[F+])N(C)C.F[P-](F)(F)(F)(F)F,CCN(C(C)C)C(C)C,,,CC#N,CC#N,,COc1ccc2c(c1)c(CC(=O)Nc1c(C(C)C)cccc1C(C)C)c(C)n2C(=O)c1ccc(Cl)cc1,25.0,86400.0,0.0,0.0,12.640000343322754
COc1ccc2c(c1)c(CC(=O)O)c(C)n2C(=O)c1ccc(Cl)cc1,N#Cc1ccc(N)cc1C(F)(F)F,CN(C)C(=[O+]c1c(F)c(F)c(F)c(F)c1F)N(C)C.F[P-](F)(F)(F)(F)F,CN1CCOCC1,,,CN(C)C=O,CN(C)C=O,,COc1ccc2c(c1)c(CC(=O)Nc1ccc(C#N)c(C(F)(F)F)c1)c(C)n2C(=O)c1ccc(Cl)cc1,25.0,86400.0,0.0,0.0,0.12999999523162842
COc1ccc2c(c1)c(CC(=O)O)c(C)n2C(=O)c1ccc(Cl)cc1,N#Cc1ccc(N)cc1C(F)(F)F,O=P(Cl)(c1ccccc1)c1ccccc1,CCN(C(C)C)C(C)C,,,CC#N,CC#N,,COc1ccc2c(c1)c(CC(=O)Nc1ccc(C#N)c(C(F)(F)F)c1)c(C)n2C(=O)c1ccc(Cl)cc1,25.0,86400.0,0.0,0.0,31.450000762939453
COc1ccc2c(c1)c(CC(=O)O)c(C)n2C(=O)c1ccc(Cl)cc1,N#Cc1ccc(Cl)c(N)c1,O=P(Cl)(c1ccccc1)c1ccccc1,Cn1ccnc1,,,CN(C)C=O,CN(C)C=O,,COc1ccc2c(c1)c(CC(=O)Nc1cc(C#N)ccc1Cl)c(C)n2C(=O)c1ccc(Cl)cc1,25.0,86400.0,0.0,0.0,11.609999656677246
COc1ccc2c(c1)c(CC(=O)O)c(C)n2C(=O)c1ccc(Cl)cc1,N#Cc1ccc(N)cc1C(F)(F)F,CN(C)C(=[O+]c1c(F)c(F)c(F)c(F)c1F)N(C)C.F[P-](F)(F)(F)(F)F,Cc1cccc(C)n1,,,CC#N,CC#N,,COc1ccc2c(c1)c(CC(=O)Nc1ccc(C#N)c(C(F)(F)F)c1)c(C)n2C(=O)c1ccc(Cl)cc1,25.0,86400.0,0.0,0.0,0.30000001192092896
COc1ccc2c(c1)c(CC(=O)O)c(C)n2C(=O)c1ccc(Cl)cc1,N=c1ccc(Cl)n[nH]1,CN(C)C(=[O+]c1c(F)c(F)c(F)c(F)c1F)N(C)C.F[P-](F)(F)(F)(F)F,Cc1cccc(C)n1,,,CN(C)C=O,CN(C)C=O,,COc1ccc2c(c1)c(CC(=O)Nc1ccc(Cl)nn1)c(C)n2C(=O)c1ccc(Cl)cc1,25.0,86400.0,0.0,0.0,2.7300000190734863
COc1ccc2c(c1)c(CC(=O)O)c(C)n2C(=O)c1ccc(Cl)cc1,Cc1cc(C)c(N)c(Br)c1,O=P(Cl)(c1ccccc1)c1ccccc1,Cn1ccnc1,,,CN(C)C=O,CN(C)C=O,,COc1ccc2c(c1)c(CC(=O)Nc1c(C)cc(C)cc1Br)c(C)n2C(=O)c1ccc(Cl)cc1,25.0,86400.0,0.0,0.0,5.480000019073486
COc1ccc2c(c1)c(CC(=O)O)c(C)n2C(=O)c1ccc(Cl)cc1,N=c1ccc(Cl)n[nH]1,F[P-](F)(F)(F)(F)F.c1ccc2c(c1)nnn2O[P+](N1CCCC1)(N1CCCC1)N1CCCC1,Cn1ccnc1,,,CN(C)C=O,CN(C)C=O,,COc1ccc2c(c1)c(CC(=O)Nc1ccc(Cl)nn1)c(C)n2C(=O)c1ccc(Cl)cc1,25.0,86400.0,0.0,0.0,28.290000915527344
COc1ccc2c(c1)c(CC(=O)O)c(C)n2C(=O)c1ccc(Cl)cc1,CNS(=O)(=O)Cc1ccc(N)cc1,CN(C)C(=[O+]c1c(F)c(F)c(F)c(F)c1F)N(C)C.F[P-](F)(F)(F)(F)F,Cn1ccnc1,,,C1CCOC1,C1CCOC1,,CNS(=O)(=O)Cc1ccc(NC(=O)Cc2c(C)n(C(=O)c3ccc(Cl)cc3)c3ccc(OC)cc23)cc1,25.0,86400.0,0.0,0.0,59.970001220703125
COc1ccc2c(c1)c(CC(=O)O)c(C)n2C(=O)c1ccc(Cl)cc1,CC(C)c1cccc(C(C)C)c1N,O=C1OCCN1P(=O)(Cl)N1CCOC1=O,CCN(C(C)C)C(C)C,,,CC#N,CC#N,,COc1ccc2c(c1)c(CC(=O)Nc1c(C(C)C)cccc1C(C)C)c(C)n2C(=O)c1ccc(Cl)cc1,25.0,86400.0,0.0,0.0,28.389999389648438
COc1ccc2c(c1)c(CC(=O)O)c(C)n2C(=O)c1ccc(Cl)cc1,CNS(=O)(=O)Cc1ccc(N)cc1,CN(C)C(=[Cl+])N(C)C.F[P-](F)(F)(F)(F)F,CCN(C(C)C)C(C)C,,,C1CCOC1,C1CCOC1,,CNS(=O)(=O)Cc1ccc(NC(=O)Cc2c(C)n(C(=O)c3ccc(Cl)cc3)c3ccc(OC)cc23)cc1,25.0,86400.0,0.0,0.0,16.739999771118164
COc1ccc2c(c1)c(CC(=O)O)c(C)n2C(=O)c1ccc(Cl)cc1,N#Cc1ccc(N)cc1C(F)(F)F,CN(C)C(=[Cl+])N(C)C.F[P-](F)(F)(F)(F)F,CN1CCOCC1,,,CC#N,CC#N,,COc1ccc2c(c1)c(CC(=O)Nc1ccc(C#N)c(C(F)(F)F)c1)c(C)n2C(=O)c1ccc(Cl)cc1,25.0,86400.0,0.0,0.0,52.599998474121094
COc1ccc2c(c1)c(CC(=O)O)c(C)n2C(=O)c1ccc(Cl)cc1,Cc1cc([N+](=O)[O-])ccc1N,CN(C)C(=[F+])N(C)C.F[P-](F)(F)(F)(F)F,CN1CCOCC1,,,CN(C)C=O,CN(C)C=O,,COc1ccc2c(c1)c(CC(=O)Nc1ccc([N+](=O)[O-])cc1C)c(C)n2C(=O)c1ccc(Cl)cc1,25.0,86400.0,0.0,0.0,1.9700000286102295
COc1ccc2c(c1)c(CC(=O)O)c(C)n2C(=O)c1ccc(Cl)cc1,COC(=O)c1ccc(Cl)cc1N,CN(C)C(=[O+]n1nnc2cccnc21)N(C)C.F[P-](F)(F)(F)(F)F,CN1CCOCC1,,,C1CCOC1,C1CCOC1,,COC(=O)c1cc(Cl)ccc1NC(=O)Cc1c(C)n(C(=O)c2ccc(Cl)cc2)c2ccc(OC)cc12,25.0,86400.0,0.0,0.0,3.6700000762939453
COc1ccc2c(c1)c(CC(=O)O)c(C)n2C(=O)c1ccc(Cl)cc1,COC(=O)c1ccc(Cl)cc1N,CN(C)C(=[O+]n1nnc2cccnc21)N(C)C.F[P-](F)(F)(F)(F)F,Cn1ccnc1,,,CC#N,CC#N,,COC(=O)c1cc(Cl)ccc1NC(=O)Cc1c(C)n(C(=O)c2ccc(Cl)cc2)c2ccc(OC)cc12,25.0,86400.0,0.0,0.0,19.170000076293945
COc1ccc2c(c1)c(CC(=O)O)c(C)n2C(=O)c1ccc(Cl)cc1,N#Cc1ccc(Cl)c(N)c1,O=P(Cl)(c1ccccc1)c1ccccc1,CCN(C(C)C)C(C)C,,,CC#N,CC#N,,COc1ccc2c(c1)c(CC(=O)Nc1cc(C#N)ccc1Cl)c(C)n2C(=O)c1ccc(Cl)cc1,25.0,86400.0,0.0,0.0,37.7400016784668
COc1ccc2c(c1)c(CC(=O)O)c(C)n2C(=O)c1ccc(Cl)cc1,Cc1ccc2ncccc2c1N,CN(C)C(=[Cl+])N(C)C.F[P-](F)(F)(F)(F)F,CCN(C(C)C)C(C)C,,,C1CCOC1,C1CCOC1,,COc1ccc2c(c1)c(CC(=O)Nc1c(C)ccc3ncccc13)c(C)n2C(=O)c1ccc(Cl)cc1,25.0,86400.0,0.0,0.0,42.599998474121094
COc1ccc2c(c1)c(CC(=O)O)c(C)n2C(=O)c1ccc(Cl)cc1,Cc1cc([N+](=O)[O-])ccc1N,CN(C)C(=[F+])N(C)C.F[P-](F)(F)(F)(F)F,CN1CCOCC1,,,CC#N,CC#N,,COc1ccc2c(c1)c(CC(=O)Nc1ccc([N+](=O)[O-])cc1C)c(C)n2C(=O)c1ccc(Cl)cc1,25.0,86400.0,0.0,0.0,2.9000000953674316
COc1ccc2c(c1)c(CC(=O)O)c(C)n2C(=O)c1ccc(Cl)cc1,N#Cc1ccc(N)cc1C(F)(F)F,CN(C)C(=[F+])N(C)C.F[P-](F)(F)(F)(F)F,Cn1ccnc1,,,C1CCOC1,C1CCOC1,,COc1ccc2c(c1)c(CC(=O)Nc1ccc(C#N)c(C(F)(F)F)c1)c(C)n2C(=O)c1ccc(Cl)cc1,25.0,86400.0,0.0,0.0,22.899999618530273
COc1ccc2c(c1)c(CC(=O)O)c(C)n2C(=O)c1ccc(Cl)cc1,Cc1cc(C)c(N)c(Br)c1,F[P-](F)(F)(F)(F)F.c1ccc2c(c1)nnn2O[P+](N1CCCC1)(N1CCCC1)N1CCCC1,CN1CCOCC1,,,C1CCOC1,C1CCOC1,,COc1ccc2c(c1)c(CC(=O)Nc1c(C)cc(C)cc1Br)c(C)n2C(=O)c1ccc(Cl)cc1,25.0,86400.0,0.0,0.0,3.450000047683716
COc1ccc2c(c1)c(CC(=O)O)c(C)n2C(=O)c1ccc(Cl)cc1,CC(C)c1cccc(C(C)C)c1N,CN(C)C(=[O+]n1nnc2cccnc21)N(C)C.F[P-](F)(F)(F)(F)F,Cc1cccc(C)n1,,,CN(C)C=O,CN(C)C=O,,COc1ccc2c(c1)c(CC(=O)Nc1c(C(C)C)cccc1C(C)C)c(C)n2C(=O)c1ccc(Cl)cc1,25.0,86400.0,0.0,0.0,24.149999618530273
COc1ccc2c(c1)c(CC(=O)O)c(C)n2C(=O)c1ccc(Cl)cc1,Cc1cc(C)c(N)c(Br)c1,CCOC(=O)C(C#N)=N[O+]=C(N(C)C)N(C)C.F[P-](F)(F)(F)(F)F,CCN(C(C)C)C(C)C,,,C1CCOC1,C1CCOC1,,COc1ccc2c(c1)c(CC(=O)Nc1c(C)cc(C)cc1Br)c(C)n2C(=O)c1ccc(Cl)cc1,25.0,86400.0,0.0,0.0,10.710000038146973
COc1ccc2c(c1)c(CC(=O)O)c(C)n2C(=O)c1ccc(Cl)cc1,N=c1ccc(Cl)n[nH]1,F[P-](F)(F)(F)(F)F.c1ccc2c(c1)nnn2O[P+](N1CCCC1)(N1CCCC1)N1CCCC1,CCN(C(C)C)C(C)C,,,C1CCOC1,C1CCOC1,,COc1ccc2c(c1)c(CC(=O)Nc1ccc(Cl)nn1)c(C)n2C(=O)c1ccc(Cl)cc1,25.0,86400.0,0.0,0.0,29.329999923706055
COc1ccc2c(c1)c(CC(=O)O)c(C)n2C(=O)c1ccc(Cl)cc1,COC(=O)c1ccc(Cl)cc1N,CN(C)C(=[F+])N(C)C.F[P-](F)(F)(F)(F)F,CN1CCOCC1,,,CC#N,CC#N,,COC(=O)c1cc(Cl)ccc1NC(=O)Cc1c(C)n(C(=O)c2ccc(Cl)cc2)c2ccc(OC)cc12,25.0,86400.0,0.0,0.0,1.0499999523162842
COc1ccc2c(c1)c(CC(=O)O)c(C)n2C(=O)c1ccc(Cl)cc1,N#Cc1ccc(Cl)c(N)c1,O=P(Cl)(c1ccccc1)c1ccccc1,CN1CCOCC1,,,CC#N,CC#N,,COc1ccc2c(c1)c(CC(=O)Nc1cc(C#N)ccc1Cl)c(C)n2C(=O)c1ccc(Cl)cc1,25.0,86400.0,0.0,0.0,11.550000190734863
COc1ccc2c(c1)c(CC(=O)O)c(C)n2C(=O)c1ccc(Cl)cc1,CNS(=O)(=O)Cc1ccc(N)cc1,CN(C)C(=[O+]c1c(F)c(F)c(F)c(F)c1F)N(C)C.F[P-](F)(F)(F)(F)F,CN1CCOCC1,,,CN(C)C=O,CN(C)C=O,,CNS(=O)(=O)Cc1ccc(NC(=O)Cc2c(C)n(C(=O)c3ccc(Cl)cc3)c3ccc(OC)cc23)cc1,25.0,86400.0,0.0,0.0,38.5099983215332
COc1ccc2c(c1)c(CC(=O)O)c(C)n2C(=O)c1ccc(Cl)cc1,Cc1cc([N+](=O)[O-])ccc1N,CCOC(=O)C(C#N)=N[O+]=C(N(C)C)N(C)C.F[P-](F)(F)(F)(F)F,Cn1ccnc1,,,CC#N,CC#N,,COc1ccc2c(c1)c(CC(=O)Nc1ccc([N+](=O)[O-])cc1C)c(C)n2C(=O)c1ccc(Cl)cc1,25.0,86400.0,0.0,0.0,2.3299999237060547
COc1ccc2c(c1)c(CC(=O)O)c(C)n2C(=O)c1ccc(Cl)cc1,COC(=O)c1ccc(Cl)cc1N,O=P(Cl)(c1ccccc1)c1ccccc1,CN1CCOCC1,,,CC#N,CC#N,,COC(=O)c1cc(Cl)ccc1NC(=O)Cc1c(C)n(C(=O)c2ccc(Cl)cc2)c2ccc(OC)cc12,25.0,86400.0,0.0,0.0,0.9700000286102295
COc1ccc2c(c1)c(CC(=O)O)c(C)n2C(=O)c1ccc(Cl)cc1,Nc1cc(-c2ccccc2)nn1-c1ccccc1,O=C1OCCN1P(=O)(Cl)N1CCOC1=O,CN1CCOCC1,,,C1CCOC1,C1CCOC1,,COc1ccc2c(c1)c(CC(=O)Nc1cc(-c3ccccc3)nn1-c1ccccc1)c(C)n2C(=O)c1ccc(Cl)cc1,25.0,86400.0,0.0,0.0,54.939998626708984
COc1ccc2c(c1)c(CC(=O)O)c(C)n2C(=O)c1ccc(Cl)cc1,Cc1ccc2ncccc2c1N,CN(C)C(=[O+]n1nnc2cccnc21)N(C)C.F[P-](F)(F)(F)(F)F,CN1CCOCC1,,,C1CCOC1,C1CCOC1,,COc1ccc2c(c1)c(CC(=O)Nc1c(C)ccc3ncccc13)c(C)n2C(=O)c1ccc(Cl)cc1,25.0,86400.0,0.0,0.0,4.349999904632568
COc1ccc2c(c1)c(CC(=O)O)c(C)n2C(=O)c1ccc(Cl)cc1,Cc1cc(C)c(N)c(Br)c1,F[P-](F)(F)(F)(F)F.c1ccc2c(c1)nnn2O[P+](N1CCCC1)(N1CCCC1)N1CCCC1,Cc1cccc(C)n1,,,CC#N,CC#N,,COc1ccc2c(c1)c(CC(=O)Nc1c(C)cc(C)cc1Br)c(C)n2C(=O)c1ccc(Cl)cc1,25.0,86400.0,0.0,0.0,4.840000152587891
COc1ccc2c(c1)c(CC(=O)O)c(C)n2C(=O)c1ccc(Cl)cc1,CC(C)c1cccc(C(C)C)c1N,CN(C)C(=[F+])N(C)C.F[P-](F)(F)(F)(F)F,Cc1cccc(C)n1,,,CN(C)C=O,CN(C)C=O,,COc1ccc2c(c1)c(CC(=O)Nc1c(C(C)C)cccc1C(C)C)c(C)n2C(=O)c1ccc(Cl)cc1,25.0,86400.0,0.0,0.0,1.5
COc1ccc2c(c1)c(CC(=O)O)c(C)n2C(=O)c1ccc(Cl)cc1,Cc1cc(C)c(N)c(Br)c1,CN(C)C(=[F+])N(C)C.F[P-](F)(F)(F)(F)F,CN1CCOCC1,,,C1CCOC1,C1CCOC1,,COc1ccc2c(c1)c(CC(=O)Nc1c(C)cc(C)cc1Br)c(C)n2C(=O)c1ccc(Cl)cc1,25.0,86400.0,0.0,0.0,6.980000019073486
COc1ccc2c(c1)c(CC(=O)O)c(C)n2C(=O)c1ccc(Cl)cc1,Cc1cc([N+](=O)[O-])ccc1N,CN(C)C(=[O+]n1nnc2cccnc21)N(C)C.F[P-](F)(F)(F)(F)F,CN1CCOCC1,,,C1CCOC1,C1CCOC1,,COc1ccc2c(c1)c(CC(=O)Nc1ccc([N+](=O)[O-])cc1C)c(C)n2C(=O)c1ccc(Cl)cc1,25.0,86400.0,0.0,0.0,1.7599999904632568
COc1ccc2c(c1)c(CC(=O)O)c(C)n2C(=O)c1ccc(Cl)cc1,Cc1cc(C)c(N)c(Br)c1,O=C1OCCN1P(=O)(Cl)N1CCOC1=O,CCN(C(C)C)C(C)C,,,CN(C)C=O,CN(C)C=O,,COc1ccc2c(c1)c(CC(=O)Nc1c(C)cc(C)cc1Br)c(C)n2C(=O)c1ccc(Cl)cc1,25.0,86400.0,0.0,0.0,3.4000000953674316
COc1ccc2c(c1)c(CC(=O)O)c(C)n2C(=O)c1ccc(Cl)cc1,Cc1cc([N+](=O)[O-])ccc1N,CN(C)C(=[Cl+])N(C)C.F[P-](F)(F)(F)(F)F,CCN(C(C)C)C(C)C,,,C1CCOC1,C1CCOC1,,COc1ccc2c(c1)c(CC(=O)Nc1ccc([N+](=O)[O-])cc1C)c(C)n2C(=O)c1ccc(Cl)cc1,25.0,86400.0,0.0,0.0,4.420000076293945
COc1ccc2c(c1)c(CC(=O)O)c(C)n2C(=O)c1ccc(Cl)cc1,CC(C)c1cccc(C(C)C)c1N,CN(C)C(=[F+])N(C)C.F[P-](F)(F)(F)(F)F,Cn1ccnc1,,,CC#N,CC#N,,COc1ccc2c(c1)c(CC(=O)Nc1c(C(C)C)cccc1C(C)C)c(C)n2C(=O)c1ccc(Cl)cc1,25.0,86400.0,0.0,0.0,20.989999771118164
COc1ccc2c(c1)c(CC(=O)O)c(C)n2C(=O)c1ccc(Cl)cc1,Cc1cc([N+](=O)[O-])ccc1N,F[P-](F)(F)(F)(F)F.c1ccc2c(c1)nnn2O[P+](N1CCCC1)(N1CCCC1)N1CCCC1,CCN(C(C)C)C(C)C,,,C1CCOC1,C1CCOC1,,COc1ccc2c(c1)c(CC(=O)Nc1ccc([N+](=O)[O-])cc1C)c(C)n2C(=O)c1ccc(Cl)cc1,25.0,86400.0,0.0,0.0,3.8399999141693115
COc1ccc2c(c1)c(CC(=O)O)c(C)n2C(=O)c1ccc(Cl)cc1,Cc1cc(C)c(N)c(Br)c1,O=C1OCCN1P(=O)(Cl)N1CCOC1=O,Cn1ccnc1,,,C1CCOC1,C1CCOC1,,COc1ccc2c(c1)c(CC(=O)Nc1c(C)cc(C)cc1Br)c(C)n2C(=O)c1ccc(Cl)cc1,25.0,86400.0,0.0,0.0,6.300000190734863
COc1ccc2c(c1)c(CC(=O)O)c(C)n2C(=O)c1ccc(Cl)cc1,CNS(=O)(=O)Cc1ccc(N)cc1,CN(C)C(=[Cl+])N(C)C.F[P-](F)(F)(F)(F)F,CCN(C(C)C)C(C)C,,,CC#N,CC#N,,CNS(=O)(=O)Cc1ccc(NC(=O)Cc2c(C)n(C(=O)c3ccc(Cl)cc3)c3ccc(OC)cc23)cc1,25.0,86400.0,0.0,0.0,18.299999237060547
COc1ccc2c(c1)c(CC(=O)O)c(C)n2C(=O)c1ccc(Cl)cc1,Cc1ccc2ncccc2c1N,O=P(Cl)(c1ccccc1)c1ccccc1,CCN(C(C)C)C(C)C,,,CC#N,CC#N,,COc1ccc2c(c1)c(CC(=O)Nc1c(C)ccc3ncccc13)c(C)n2C(=O)c1ccc(Cl)cc1,25.0,86400.0,0.0,0.0,38.68000030517578
COc1ccc2c(c1)c(CC(=O)O)c(C)n2C(=O)c1ccc(Cl)cc1,COC(=O)c1ccc(Cl)cc1N,CN(C)C(=[Cl+])N(C)C.F[P-](F)(F)(F)(F)F,CCN(C(C)C)C(C)C,,,CN(C)C=O,CN(C)C=O,,COC(=O)c1cc(Cl)ccc1NC(=O)Cc1c(C)n(C(=O)c2ccc(Cl)cc2)c2ccc(OC)cc12,25.0,86400.0,0.0,0.0,3.509999990463257
COc1ccc2c(c1)c(CC(=O)O)c(C)n2C(=O)c1ccc(Cl)cc1,CNS(=O)(=O)Cc1ccc(N)cc1,CN(C)C(=[O+]c1c(F)c(F)c(F)c(F)c1F)N(C)C.F[P-](F)(F)(F)(F)F,Cc1cccc(C)n1,,,CN(C)C=O,CN(C)C=O,,CNS(=O)(=O)Cc1ccc(NC(=O)Cc2c(C)n(C(=O)c3ccc(Cl)cc3)c3ccc(OC)cc23)cc1,25.0,86400.0,0.0,0.0,45.09000015258789
COc1ccc2c(c1)c(CC(=O)O)c(C)n2C(=O)c1ccc(Cl)cc1,Cc1cc(C)c(N)c(Br)c1,O=P(Cl)(c1ccccc1)c1ccccc1,CN1CCOCC1,,,CC#N,CC#N,,COc1ccc2c(c1)c(CC(=O)Nc1c(C)cc(C)cc1Br)c(C)n2C(=O)c1ccc(Cl)cc1,25.0,86400.0,0.0,0.0,5.519999980926514
COc1ccc2c(c1)c(CC(=O)O)c(C)n2C(=O)c1ccc(Cl)cc1,Nc1cc(-c2ccccc2)nn1-c1ccccc1,CN(C)C(=[F+])N(C)C.F[P-](F)(F)(F)(F)F,CCN(C(C)C)C(C)C,,,CN(C)C=O,CN(C)C=O,,COc1ccc2c(c1)c(CC(=O)Nc1cc(-c3ccccc3)nn1-c1ccccc1)c(C)n2C(=O)c1ccc(Cl)cc1,25.0,86400.0,0.0,0.0,46.849998474121094
COc1ccc2c(c1)c(CC(=O)O)c(C)n2C(=O)c1ccc(Cl)cc1,N#Cc1ccc(N)cc1C(F)(F)F,CN(C)C(=[Cl+])N(C)C.F[P-](F)(F)(F)(F)F,CN1CCOCC1,,,C1CCOC1,C1CCOC1,,COc1ccc2c(c1)c(CC(=O)Nc1ccc(C#N)c(C(F)(F)F)c1)c(C)n2C(=O)c1ccc(Cl)cc1,25.0,86400.0,0.0,0.0,48.7599983215332
COc1ccc2c(c1)c(CC(=O)O)c(C)n2C(=O)c1ccc(Cl)cc1,Cc1cc([N+](=O)[O-])ccc1N,CCOC(=O)C(C#N)=N[O+]=C(N(C)C)N(C)C.F[P-](F)(F)(F)(F)F,CN1CCOCC1,,,CC#N,CC#N,,COc1ccc2c(c1)c(CC(=O)Nc1ccc([N+](=O)[O-])cc1C)c(C)n2C(=O)c1ccc(Cl)cc1,25.0,86400.0,0.0,0.0,4.449999809265137
COc1ccc2c(c1)c(CC(=O)O)c(C)n2C(=O)c1ccc(Cl)cc1,Nc1cc(-c2ccccc2)nn1-c1ccccc1,O=C1OCCN1P(=O)(Cl)N1CCOC1=O,Cc1cccc(C)n1,,,CN(C)C=O,CN(C)C=O,,COc1ccc2c(c1)c(CC(=O)Nc1cc(-c3ccccc3)nn1-c1ccccc1)c(C)n2C(=O)c1ccc(Cl)cc1,25.0,86400.0,0.0,0.0,17.479999542236328
COc1ccc2c(c1)c(CC(=O)O)c(C)n2C(=O)c1ccc(Cl)cc1,Nc1cc(-c2ccccc2)nn1-c1ccccc1,CN(C)C(=[O+]c1c(F)c(F)c(F)c(F)c1F)N(C)C.F[P-](F)(F)(F)(F)F,Cn1ccnc1,,,CN(C)C=O,CN(C)C=O,,COc1ccc2c(c1)c(CC(=O)Nc1cc(-c3ccccc3)nn1-c1ccccc1)c(C)n2C(=O)c1ccc(Cl)cc1,25.0,86400.0,0.0,0.0,12.039999961853027
COc1ccc2c(c1)c(CC(=O)O)c(C)n2C(=O)c1ccc(Cl)cc1,CC(C)c1cccc(C(C)C)c1N,CN(C)C(=[Cl+])N(C)C.F[P-](F)(F)(F)(F)F,Cn1ccnc1,,,CN(C)C=O,CN(C)C=O,,COc1ccc2c(c1)c(CC(=O)Nc1c(C(C)C)cccc1C(C)C)c(C)n2C(=O)c1ccc(Cl)cc1,25.0,86400.0,0.0,0.0,15.59000015258789
COc1ccc2c(c1)c(CC(=O)O)c(C)n2C(=O)c1ccc(Cl)cc1,Nc1cc(-c2ccccc2)nn1-c1ccccc1,F[P-](F)(F)(F)(F)F.c1ccc2c(c1)nnn2O[P+](N1CCCC1)(N1CCCC1)N1CCCC1,CN1CCOCC1,,,CC#N,CC#N,,COc1ccc2c(c1)c(CC(=O)Nc1cc(-c3ccccc3)nn1-c1ccccc1)c(C)n2C(=O)c1ccc(Cl)cc1,25.0,86400.0,0.0,0.0,5.340000152587891
COc1ccc2c(c1)c(CC(=O)O)c(C)n2C(=O)c1ccc(Cl)cc1,N#Cc1ccc(N)cc1C(F)(F)F,CN(C)C(=[O+]n1nnc2cccnc21)N(C)C.F[P-](F)(F)(F)(F)F,CN1CCOCC1,,,CN(C)C=O,CN(C)C=O,,COc1ccc2c(c1)c(CC(=O)Nc1ccc(C#N)c(C(F)(F)F)c1)c(C)n2C(=O)c1ccc(Cl)cc1,25.0,86400.0,0.0,0.0,1.9900000095367432
COc1ccc2c(c1)c(CC(=O)O)c(C)n2C(=O)c1ccc(Cl)cc1,Cc1ccc2ncccc2c1N,CN(C)C(=[O+]n1nnc2cccnc21)N(C)C.F[P-](F)(F)(F)(F)F,CN1CCOCC1,,,CN(C)C=O,CN(C)C=O,,COc1ccc2c(c1)c(CC(=O)Nc1c(C)ccc3ncccc13)c(C)n2C(=O)c1ccc(Cl)cc1,25.0,86400.0,0.0,0.0,55.36000061035156
COc1ccc2c(c1)c(CC(=O)O)c(C)n2C(=O)c1ccc(Cl)cc1,N#Cc1ccc(Cl)c(N)c1,O=C1OCCN1P(=O)(Cl)N1CCOC1=O,Cn1ccnc1,,,CC#N,CC#N,,COc1ccc2c(c1)c(CC(=O)Nc1cc(C#N)ccc1Cl)c(C)n2C(=O)c1ccc(Cl)cc1,25.0,86400.0,0.0,0.0,8.399999618530273
COc1ccc2c(c1)c(CC(=O)O)c(C)n2C(=O)c1ccc(Cl)cc1,CC(C)c1cccc(C(C)C)c1N,CCOC(=O)C(C#N)=N[O+]=C(N(C)C)N(C)C.F[P-](F)(F)(F)(F)F,Cc1cccc(C)n1,,,CC#N,CC#N,,COc1ccc2c(c1)c(CC(=O)Nc1c(C(C)C)cccc1C(C)C)c(C)n2C(=O)c1ccc(Cl)cc1,25.0,86400.0,0.0,0.0,25.459999084472656
COc1ccc2c(c1)c(CC(=O)O)c(C)n2C(=O)c1ccc(Cl)cc1,Cc1cc([N+](=O)[O-])ccc1N,CN(C)C(=[O+]c1c(F)c(F)c(F)c(F)c1F)N(C)C.F[P-](F)(F)(F)(F)F,Cn1ccnc1,,,C1CCOC1,C1CCOC1,,COc1ccc2c(c1)c(CC(=O)Nc1ccc([N+](=O)[O-])cc1C)c(C)n2C(=O)c1ccc(Cl)cc1,25.0,86400.0,0.0,0.0,1.9199999570846558
COc1ccc2c(c1)c(CC(=O)O)c(C)n2C(=O)c1ccc(Cl)cc1,COC(=O)c1ccc(Cl)cc1N,CN(C)C(=[F+])N(C)C.F[P-](F)(F)(F)(F)F,Cn1ccnc1,,,C1CCOC1,C1CCOC1,,COC(=O)c1cc(Cl)ccc1NC(=O)Cc1c(C)n(C(=O)c2ccc(Cl)cc2)c2ccc(OC)cc12,25.0,86400.0,0.0,0.0,0.9200000166893005
COc1ccc2c(c1)c(CC(=O)O)c(C)n2C(=O)c1ccc(Cl)cc1,Nc1cc(-c2ccccc2)nn1-c1ccccc1,F[P-](F)(F)(F)(F)F.c1ccc2c(c1)nnn2O[P+](N1CCCC1)(N1CCCC1)N1CCCC1,Cc1cccc(C)n1,,,C1CCOC1,C1CCOC1,,COc1ccc2c(c1)c(CC(=O)Nc1cc(-c3ccccc3)nn1-c1ccccc1)c(C)n2C(=O)c1ccc(Cl)cc1,25.0,86400.0,0.0,0.0,0.0
COc1ccc2c(c1)c(CC(=O)O)c(C)n2C(=O)c1ccc(Cl)cc1,N#Cc1ccc(Cl)c(N)c1,CN(C)C(=[O+]n1nnc2cccnc21)N(C)C.F[P-](F)(F)(F)(F)F,Cc1cccc(C)n1,,,CC#N,CC#N,,COc1ccc2c(c1)c(CC(=O)Nc1cc(C#N)ccc1Cl)c(C)n2C(=O)c1ccc(Cl)cc1,25.0,86400.0,0.0,0.0,1.5800000429153442
COc1ccc2c(c1)c(CC(=O)O)c(C)n2C(=O)c1ccc(Cl)cc1,CC(C)c1cccc(C(C)C)c1N,CN(C)C(=[Cl+])N(C)C.F[P-](F)(F)(F)(F)F,Cn1ccnc1,,,C1CCOC1,C1CCOC1,,COc1ccc2c(c1)c(CC(=O)Nc1c(C(C)C)cccc1C(C)C)c(C)n2C(=O)c1ccc(Cl)cc1,25.0,86400.0,0.0,0.0,12.680000305175781
COc1ccc2c(c1)c(CC(=O)O)c(C)n2C(=O)c1ccc(Cl)cc1,N#Cc1ccc(N)cc1C(F)(F)F,CN(C)C(=[F+])N(C)C.F[P-](F)(F)(F)(F)F,CN1CCOCC1,,,CC#N,CC#N,,COc1ccc2c(c1)c(CC(=O)Nc1ccc(C#N)c(C(F)(F)F)c1)c(C)n2C(=O)c1ccc(Cl)cc1,25.0,86400.0,0.0,0.0,8.579999923706055
COc1ccc2c(c1)c(CC(=O)O)c(C)n2C(=O)c1ccc(Cl)cc1,Cc1cc([N+](=O)[O-])ccc1N,CCOC(=O)C(C#N)=N[O+]=C(N(C)C)N(C)C.F[P-](F)(F)(F)(F)F,Cc1cccc(C)n1,,,CN(C)C=O,CN(C)C=O,,COc1ccc2c(c1)c(CC(=O)Nc1ccc([N+](=O)[O-])cc1C)c(C)n2C(=O)c1ccc(Cl)cc1,25.0,86400.0,0.0,0.0,2.2100000381469727
COc1ccc2c(c1)c(CC(=O)O)c(C)n2C(=O)c1ccc(Cl)cc1,Cc1cc([N+](=O)[O-])ccc1N,O=C1OCCN1P(=O)(Cl)N1CCOC1=O,CN1CCOCC1,,,C1CCOC1,C1CCOC1,,COc1ccc2c(c1)c(CC(=O)Nc1ccc([N+](=O)[O-])cc1C)c(C)n2C(=O)c1ccc(Cl)cc1,25.0,86400.0,0.0,0.0,1.350000023841858
COc1ccc2c(c1)c(CC(=O)O)c(C)n2C(=O)c1ccc(Cl)cc1,N#Cc1ccc(N)cc1C(F)(F)F,CN(C)C(=[F+])N(C)C.F[P-](F)(F)(F)(F)F,Cn1ccnc1,,,CC#N,CC#N,,COc1ccc2c(c1)c(CC(=O)Nc1ccc(C#N)c(C(F)(F)F)c1)c(C)n2C(=O)c1ccc(Cl)cc1,25.0,86400.0,0.0,0.0,25.309999465942383
COc1ccc2c(c1)c(CC(=O)O)c(C)n2C(=O)c1ccc(Cl)cc1,N=c1ccc(Cl)n[nH]1,F[P-](F)(F)(F)(F)F.c1ccc2c(c1)nnn2O[P+](N1CCCC1)(N1CCCC1)N1CCCC1,CN1CCOCC1,,,CC#N,CC#N,,COc1ccc2c(c1)c(CC(=O)Nc1ccc(Cl)nn1)c(C)n2C(=O)c1ccc(Cl)cc1,25.0,86400.0,0.0,0.0,15.949999809265137
COc1ccc2c(c1)c(CC(=O)O)c(C)n2C(=O)c1ccc(Cl)cc1,CC(C)c1cccc(C(C)C)c1N,CN(C)C(=[O+]c1c(F)c(F)c(F)c(F)c1F)N(C)C.F[P-](F)(F)(F)(F)F,CCN(C(C)C)C(C)C,,,C1CCOC1,C1CCOC1,,COc1ccc2c(c1)c(CC(=O)Nc1c(C(C)C)cccc1C(C)C)c(C)n2C(=O)c1ccc(Cl)cc1,25.0,86400.0,0.0,0.0,0.9399999976158142
COc1ccc2c(c1)c(CC(=O)O)c(C)n2C(=O)c1ccc(Cl)cc1,Cc1cc([N+](=O)[O-])ccc1N,F[P-](F)(F)(F)(F)F.c1ccc2c(c1)nnn2O[P+](N1CCCC1)(N1CCCC1)N1CCCC1,Cc1cccc(C)n1,,,CN(C)C=O,CN(C)C=O,,COc1ccc2c(c1)c(CC(=O)Nc1ccc([N+](=O)[O-])cc1C)c(C)n2C(=O)c1ccc(Cl)cc1,25.0,86400.0,0.0,0.0,0.9399999976158142
COc1ccc2c(c1)c(CC(=O)O)c(C)n2C(=O)c1ccc(Cl)cc1,COC(=O)c1ccc(Cl)cc1N,F[P-](F)(F)(F)(F)F.c1ccc2c(c1)nnn2O[P+](N1CCCC1)(N1CCCC1)N1CCCC1,CCN(C(C)C)C(C)C,,,CN(C)C=O,CN(C)C=O,,COC(=O)c1cc(Cl)ccc1NC(=O)Cc1c(C)n(C(=O)c2ccc(Cl)cc2)c2ccc(OC)cc12,25.0,86400.0,0.0,0.0,9.979999542236328
COc1ccc2c(c1)c(CC(=O)O)c(C)n2C(=O)c1ccc(Cl)cc1,N#Cc1ccc(Cl)c(N)c1,CN(C)C(=[O+]c1c(F)c(F)c(F)c(F)c1F)N(C)C.F[P-](F)(F)(F)(F)F,CN1CCOCC1,,,CC#N,CC#N,,COc1ccc2c(c1)c(CC(=O)Nc1cc(C#N)ccc1Cl)c(C)n2C(=O)c1ccc(Cl)cc1,25.0,86400.0,0.0,0.0,1.9500000476837158
COc1ccc2c(c1)c(CC(=O)O)c(C)n2C(=O)c1ccc(Cl)cc1,Cc1ccc2ncccc2c1N,CN(C)C(=[O+]c1c(F)c(F)c(F)c(F)c1F)N(C)C.F[P-](F)(F)(F)(F)F,CN1CCOCC1,,,CC#N,CC#N,,COc1ccc2c(c1)c(CC(=O)Nc1c(C)ccc3ncccc13)c(C)n2C(=O)c1ccc(Cl)cc1,25.0,86400.0,0.0,0.0,4.230000019073486
COc1ccc2c(c1)c(CC(=O)O)c(C)n2C(=O)c1ccc(Cl)cc1,N#Cc1ccc(N)cc1C(F)(F)F,O=C1OCCN1P(=O)(Cl)N1CCOC1=O,Cn1ccnc1,,,CC#N,CC#N,,COc1ccc2c(c1)c(CC(=O)Nc1ccc(C#N)c(C(F)(F)F)c1)c(C)n2C(=O)c1ccc(Cl)cc1,25.0,86400.0,0.0,0.0,28.190000534057617
COc1ccc2c(c1)c(CC(=O)O)c(C)n2C(=O)c1ccc(Cl)cc1,N=c1ccc(Cl)n[nH]1,CN(C)C(=[O+]n1nnc2cccnc21)N(C)C.F[P-](F)(F)(F)(F)F,Cc1cccc(C)n1,,,C1CCOC1,C1CCOC1,,COc1ccc2c(c1)c(CC(=O)Nc1ccc(Cl)nn1)c(C)n2C(=O)c1ccc(Cl)cc1,25.0,86400.0,0.0,0.0,6.699999809265137
COc1ccc2c(c1)c(CC(=O)O)c(C)n2C(=O)c1ccc(Cl)cc1,Cc1cc(C)c(N)c(Br)c1,CN(C)C(=[F+])N(C)C.F[P-](F)(F)(F)(F)F,CCN(C(C)C)C(C)C,,,CC#N,CC#N,,COc1ccc2c(c1)c(CC(=O)Nc1c(C)cc(C)cc1Br)c(C)n2C(=O)c1ccc(Cl)cc1,25.0,86400.0,0.0,0.0,8.489999771118164
COc1ccc2c(c1)c(CC(=O)O)c(C)n2C(=O)c1ccc(Cl)cc1,N=c1ccc(Cl)n[nH]1,CN(C)C(=[F+])N(C)C.F[P-](F)(F)(F)(F)F,CCN(C(C)C)C(C)C,,,CC#N,CC#N,,COc1ccc2c(c1)c(CC(=O)Nc1ccc(Cl)nn1)c(C)n2C(=O)c1ccc(Cl)cc1,25.0,86400.0,0.0,0.0,30.479999542236328
COc1ccc2c(c1)c(CC(=O)O)c(C)n2C(=O)c1ccc(Cl)cc1,Cc1cc([N+](=O)[O-])ccc1N,CN(C)C(=[O+]c1c(F)c(F)c(F)c(F)c1F)N(C)C.F[P-](F)(F)(F)(F)F,Cn1ccnc1,,,CN(C)C=O,CN(C)C=O,,COc1ccc2c(c1)c(CC(=O)Nc1ccc([N+](=O)[O-])cc1C)c(C)n2C(=O)c1ccc(Cl)cc1,25.0,86400.0,0.0,0.0,8.100000381469727
COc1ccc2c(c1)c(CC(=O)O)c(C)n2C(=O)c1ccc(Cl)cc1,N#Cc1ccc(N)cc1C(F)(F)F,CN(C)C(=[O+]c1c(F)c(F)c(F)c(F)c1F)N(C)C.F[P-](F)(F)(F)(F)F,CN1CCOCC1,,,CC#N,CC#N,,COc1ccc2c(c1)c(CC(=O)Nc1ccc(C#N)c(C(F)(F)F)c1)c(C)n2C(=O)c1ccc(Cl)cc1,25.0,86400.0,0.0,0.0,0.41999998688697815
COc1ccc2c(c1)c(CC(=O)O)c(C)n2C(=O)c1ccc(Cl)cc1,CC(C)c1cccc(C(C)C)c1N,O=C1OCCN1P(=O)(Cl)N1CCOC1=O,CN1CCOCC1,,,C1CCOC1,C1CCOC1,,COc1ccc2c(c1)c(CC(=O)Nc1c(C(C)C)cccc1C(C)C)c(C)n2C(=O)c1ccc(Cl)cc1,25.0,86400.0,0.0,0.0,31.950000762939453
COc1ccc2c(c1)c(CC(=O)O)c(C)n2C(=O)c1ccc(Cl)cc1,Nc1cc(-c2ccccc2)nn1-c1ccccc1,CCOC(=O)C(C#N)=N[O+]=C(N(C)C)N(C)C.F[P-](F)(F)(F)(F)F,Cc1cccc(C)n1,,,CN(C)C=O,CN(C)C=O,,COc1ccc2c(c1)c(CC(=O)Nc1cc(-c3ccccc3)nn1-c1ccccc1)c(C)n2C(=O)c1ccc(Cl)cc1,25.0,86400.0,0.0,0.0,35.47999954223633
COc1ccc2c(c1)c(CC(=O)O)c(C)n2C(=O)c1ccc(Cl)cc1,N#Cc1ccc(Cl)c(N)c1,CCOC(=O)C(C#N)=N[O+]=C(N(C)C)N(C)C.F[P-](F)(F)(F)(F)F,CCN(C(C)C)C(C)C,,,CN(C)C=O,CN(C)C=O,,COc1ccc2c(c1)c(CC(=O)Nc1cc(C#N)ccc1Cl)c(C)n2C(=O)c1ccc(Cl)cc1,25.0,86400.0,0.0,0.0,24.020000457763672
COc1ccc2c(c1)c(CC(=O)O)c(C)n2C(=O)c1ccc(Cl)cc1,COC(=O)c1ccc(Cl)cc1N,CCOC(=O)C(C#N)=N[O+]=C(N(C)C)N(C)C.F[P-](F)(F)(F)(F)F,CCN(C(C)C)C(C)C,,,CC#N,CC#N,,COC(=O)c1cc(Cl)ccc1NC(=O)Cc1c(C)n(C(=O)c2ccc(Cl)cc2)c2ccc(OC)cc12,25.0,86400.0,0.0,0.0,33.529998779296875
COc1ccc2c(c1)c(CC(=O)O)c(C)n2C(=O)c1ccc(Cl)cc1,COC(=O)c1ccc(Cl)cc1N,O=P(Cl)(c1ccccc1)c1ccccc1,CN1CCOCC1,,,CN(C)C=O,CN(C)C=O,,COC(=O)c1cc(Cl)ccc1NC(=O)Cc1c(C)n(C(=O)c2ccc(Cl)cc2)c2ccc(OC)cc12,25.0,86400.0,0.0,0.0,0.8199999928474426
COc1ccc2c(c1)c(CC(=O)O)c(C)n2C(=O)c1ccc(Cl)cc1,N=c1ccc(Cl)n[nH]1,CCOC(=O)C(C#N)=N[O+]=C(N(C)C)N(C)C.F[P-](F)(F)(F)(F)F,CCN(C(C)C)C(C)C,,,CC#N,CC#N,,COc1ccc2c(c1)c(CC(=O)Nc1ccc(Cl)nn1)c(C)n2C(=O)c1ccc(Cl)cc1,25.0,86400.0,0.0,0.0,7.840000152587891
COc1ccc2c(c1)c(CC(=O)O)c(C)n2C(=O)c1ccc(Cl)cc1,Cc1ccc2ncccc2c1N,CN(C)C(=[F+])N(C)C.F[P-](F)(F)(F)(F)F,Cn1ccnc1,,,C1CCOC1,C1CCOC1,,COc1ccc2c(c1)c(CC(=O)Nc1c(C)ccc3ncccc13)c(C)n2C(=O)c1ccc(Cl)cc1,25.0,86400.0,0.0,0.0,40.619998931884766
COc1ccc2c(c1)c(CC(=O)O)c(C)n2C(=O)c1ccc(Cl)cc1,Cc1cc(C)c(N)c(Br)c1,F[P-](F)(F)(F)(F)F.c1ccc2c(c1)nnn2O[P+](N1CCCC1)(N1CCCC1)N1CCCC1,Cn1ccnc1,,,C1CCOC1,C1CCOC1,,COc1ccc2c(c1)c(CC(=O)Nc1c(C)cc(C)cc1Br)c(C)n2C(=O)c1ccc(Cl)cc1,25.0,86400.0,0.0,0.0,19.540000915527344
COc1ccc2c(c1)c(CC(=O)O)c(C)n2C(=O)c1ccc(Cl)cc1,CNS(=O)(=O)Cc1ccc(N)cc1,CN(C)C(=[Cl+])N(C)C.F[P-](F)(F)(F)(F)F,Cc1cccc(C)n1,,,C1CCOC1,C1CCOC1,,CNS(=O)(=O)Cc1ccc(NC(=O)Cc2c(C)n(C(=O)c3ccc(Cl)cc3)c3ccc(OC)cc23)cc1,25.0,86400.0,0.0,0.0,39.619998931884766
COc1ccc2c(c1)c(CC(=O)O)c(C)n2C(=O)c1ccc(Cl)cc1,N#Cc1ccc(N)cc1C(F)(F)F,F[P-](F)(F)(F)(F)F.c1ccc2c(c1)nnn2O[P+](N1CCCC1)(N1CCCC1)N1CCCC1,CN1CCOCC1,,,CN(C)C=O,CN(C)C=O,,COc1ccc2c(c1)c(CC(=O)Nc1ccc(C#N)c(C(F)(F)F)c1)c(C)n2C(=O)c1ccc(Cl)cc1,25.0,86400.0,0.0,0.0,0.5299999713897705
COc1ccc2c(c1)c(CC(=O)O)c(C)n2C(=O)c1ccc(Cl)cc1,Nc1cc(-c2ccccc2)nn1-c1ccccc1,CN(C)C(=[F+])N(C)C.F[P-](F)(F)(F)(F)F,Cc1cccc(C)n1,,,CN(C)C=O,CN(C)C=O,,COc1ccc2c(c1)c(CC(=O)Nc1cc(-c3ccccc3)nn1-c1ccccc1)c(C)n2C(=O)c1ccc(Cl)cc1,25.0,86400.0,0.0,0.0,18.530000686645508
COc1ccc2c(c1)c(CC(=O)O)c(C)n2C(=O)c1ccc(Cl)cc1,CNS(=O)(=O)Cc1ccc(N)cc1,O=P(Cl)(c1ccccc1)c1ccccc1,CCN(C(C)C)C(C)C,,,C1CCOC1,C1CCOC1,,CNS(=O)(=O)Cc1ccc(NC(=O)Cc2c(C)n(C(=O)c3ccc(Cl)cc3)c3ccc(OC)cc23)cc1,25.0,86400.0,0.0,0.0,56.970001220703125
COc1ccc2c(c1)c(CC(=O)O)c(C)n2C(=O)c1ccc(Cl)cc1,N#Cc1ccc(Cl)c(N)c1,CN(C)C(=[F+])N(C)C.F[P-](F)(F)(F)(F)F,Cc1cccc(C)n1,,,C1CCOC1,C1CCOC1,,COc1ccc2c(c1)c(CC(=O)Nc1cc(C#N)ccc1Cl)c(C)n2C(=O)c1ccc(Cl)cc1,25.0,86400.0,0.0,0.0,1.159999966621399
COc1ccc2c(c1)c(CC(=O)O)c(C)n2C(=O)c1ccc(Cl)cc1,Nc1cc(-c2ccccc2)nn1-c1ccccc1,O=P(Cl)(c1ccccc1)c1ccccc1,CCN(C(C)C)C(C)C,,,CC#N,CC#N,,COc1ccc2c(c1)c(CC(=O)Nc1cc(-c3ccccc3)nn1-c1ccccc1)c(C)n2C(=O)c1ccc(Cl)cc1,25.0,86400.0,0.0,0.0,18.65999984741211
COc1ccc2c(c1)c(CC(=O)O)c(C)n2C(=O)c1ccc(Cl)cc1,N#Cc1ccc(Cl)c(N)c1,CN(C)C(=[F+])N(C)C.F[P-](F)(F)(F)(F)F,Cc1cccc(C)n1,,,CC#N,CC#N,,COc1ccc2c(c1)c(CC(=O)Nc1cc(C#N)ccc1Cl)c(C)n2C(=O)c1ccc(Cl)cc1,25.0,86400.0,0.0,0.0,6.880000114440918
COc1ccc2c(c1)c(CC(=O)O)c(C)n2C(=O)c1ccc(Cl)cc1,Cc1ccc2ncccc2c1N,CCOC(=O)C(C#N)=N[O+]=C(N(C)C)N(C)C.F[P-](F)(F)(F)(F)F,CN1CCOCC1,,,C1CCOC1,C1CCOC1,,COc1ccc2c(c1)c(CC(=O)Nc1c(C)ccc3ncccc13)c(C)n2C(=O)c1ccc(Cl)cc1,25.0,86400.0,0.0,0.0,31.68000030517578
COc1ccc2c(c1)c(CC(=O)O)c(C)n2C(=O)c1ccc(Cl)cc1,COC(=O)c1ccc(Cl)cc1N,CN(C)C(=[Cl+])N(C)C.F[P-](F)(F)(F)(F)F,CCN(C(C)C)C(C)C,,,CC#N,CC#N,,COC(=O)c1cc(Cl)ccc1NC(=O)Cc1c(C)n(C(=O)c2ccc(Cl)cc2)c2ccc(OC)cc12,25.0,86400.0,0.0,0.0,8.350000381469727
COc1ccc2c(c1)c(CC(=O)O)c(C)n2C(=O)c1ccc(Cl)cc1,CC(C)c1cccc(C(C)C)c1N,CCOC(=O)C(C#N)=N[O+]=C(N(C)C)N(C)C.F[P-](F)(F)(F)(F)F,CN1CCOCC1,,,C1CCOC1,C1CCOC1,,COc1ccc2c(c1)c(CC(=O)Nc1c(C(C)C)cccc1C(C)C)c(C)n2C(=O)c1ccc(Cl)cc1,25.0,86400.0,0.0,0.0,25.299999237060547
COc1ccc2c(c1)c(CC(=O)O)c(C)n2C(=O)c1ccc(Cl)cc1,CNS(=O)(=O)Cc1ccc(N)cc1,CN(C)C(=[Cl+])N(C)C.F[P-](F)(F)(F)(F)F,CN1CCOCC1,,,CC#N,CC#N,,CNS(=O)(=O)Cc1ccc(NC(=O)Cc2c(C)n(C(=O)c3ccc(Cl)cc3)c3ccc(OC)cc23)cc1,25.0,86400.0,0.0,0.0,52.130001068115234
COc1ccc2c(c1)c(CC(=O)O)c(C)n2C(=O)c1ccc(Cl)cc1,CNS(=O)(=O)Cc1ccc(N)cc1,CN(C)C(=[F+])N(C)C.F[P-](F)(F)(F)(F)F,CN1CCOCC1,,,CN(C)C=O,CN(C)C=O,,CNS(=O)(=O)Cc1ccc(NC(=O)Cc2c(C)n(C(=O)c3ccc(Cl)cc3)c3ccc(OC)cc23)cc1,25.0,86400.0,0.0,0.0,56.95000076293945
COc1ccc2c(c1)c(CC(=O)O)c(C)n2C(=O)c1ccc(Cl)cc1,CC(C)c1cccc(C(C)C)c1N,CN(C)C(=[Cl+])N(C)C.F[P-](F)(F)(F)(F)F,CN1CCOCC1,,,C1CCOC1,C1CCOC1,,COc1ccc2c(c1)c(CC(=O)Nc1c(C(C)C)cccc1C(C)C)c(C)n2C(=O)c1ccc(Cl)cc1,25.0,86400.0,0.0,0.0,16.760000228881836
COc1ccc2c(c1)c(CC(=O)O)c(C)n2C(=O)c1ccc(Cl)cc1,N#Cc1ccc(Cl)c(N)c1,CN(C)C(=[O+]c1c(F)c(F)c(F)c(F)c1F)N(C)C.F[P-](F)(F)(F)(F)F,Cn1ccnc1,,,CC#N,CC#N,,COc1ccc2c(c1)c(CC(=O)Nc1cc(C#N)ccc1Cl)c(C)n2C(=O)c1ccc(Cl)cc1,25.0,86400.0,0.0,0.0,1.4199999570846558
COc1ccc2c(c1)c(CC(=O)O)c(C)n2C(=O)c1ccc(Cl)cc1,CNS(=O)(=O)Cc1ccc(N)cc1,O=P(Cl)(c1ccccc1)c1ccccc1,Cc1cccc(C)n1,,,C1CCOC1,C1CCOC1,,CNS(=O)(=O)Cc1ccc(NC(=O)Cc2c(C)n(C(=O)c3ccc(Cl)cc3)c3ccc(OC)cc23)cc1,25.0,86400.0,0.0,0.0,53.65999984741211
COc1ccc2c(c1)c(CC(=O)O)c(C)n2C(=O)c1ccc(Cl)cc1,CC(C)c1cccc(C(C)C)c1N,O=C1OCCN1P(=O)(Cl)N1CCOC1=O,CN1CCOCC1,,,CN(C)C=O,CN(C)C=O,,COc1ccc2c(c1)c(CC(=O)Nc1c(C(C)C)cccc1C(C)C)c(C)n2C(=O)c1ccc(Cl)cc1,25.0,86400.0,0.0,0.0,12.789999961853027
COc1ccc2c(c1)c(CC(=O)O)c(C)n2C(=O)c1ccc(Cl)cc1,Cc1cc([N+](=O)[O-])ccc1N,CN(C)C(=[Cl+])N(C)C.F[P-](F)(F)(F)(F)F,CCN(C(C)C)C(C)C,,,CN(C)C=O,CN(C)C=O,,COc1ccc2c(c1)c(CC(=O)Nc1ccc([N+](=O)[O-])cc1C)c(C)n2C(=O)c1ccc(Cl)cc1,25.0,86400.0,0.0,0.0,4.050000190734863
COc1ccc2c(c1)c(CC(=O)O)c(C)n2C(=O)c1ccc(Cl)cc1,Cc1cc(C)c(N)c(Br)c1,F[P-](F)(F)(F)(F)F.c1ccc2c(c1)nnn2O[P+](N1CCCC1)(N1CCCC1)N1CCCC1,CN1CCOCC1,,,CC#N,CC#N,,COc1ccc2c(c1)c(CC(=O)Nc1c(C)cc(C)cc1Br)c(C)n2C(=O)c1ccc(Cl)cc1,25.0,86400.0,0.0,0.0,11.0600004196167
COc1ccc2c(c1)c(CC(=O)O)c(C)n2C(=O)c1ccc(Cl)cc1,Cc1cc([N+](=O)[O-])ccc1N,F[P-](F)(F)(F)(F)F.c1ccc2c(c1)nnn2O[P+](N1CCCC1)(N1CCCC1)N1CCCC1,CCN(C(C)C)C(C)C,,,CC#N,CC#N,,COc1ccc2c(c1)c(CC(=O)Nc1ccc([N+](=O)[O-])cc1C)c(C)n2C(=O)c1ccc(Cl)cc1,25.0,86400.0,0.0,0.0,2.859999895095825
COc1ccc2c(c1)c(CC(=O)O)c(C)n2C(=O)c1ccc(Cl)cc1,Cc1cc(C)c(N)c(Br)c1,CCOC(=O)C(C#N)=N[O+]=C(N(C)C)N(C)C.F[P-](F)(F)(F)(F)F,Cc1cccc(C)n1,,,CC#N,CC#N,,COc1ccc2c(c1)c(CC(=O)Nc1c(C)cc(C)cc1Br)c(C)n2C(=O)c1ccc(Cl)cc1,25.0,86400.0,0.0,0.0,12.6899995803833
COc1ccc2c(c1)c(CC(=O)O)c(C)n2C(=O)c1ccc(Cl)cc1,N#Cc1ccc(Cl)c(N)c1,F[P-](F)(F)(F)(F)F.c1ccc2c(c1)nnn2O[P+](N1CCCC1)(N1CCCC1)N1CCCC1,CN1CCOCC1,,,CC#N,CC#N,,COc1ccc2c(c1)c(CC(=O)Nc1cc(C#N)ccc1Cl)c(C)n2C(=O)c1ccc(Cl)cc1,25.0,86400.0,0.0,0.0,1.6100000143051147
COc1ccc2c(c1)c(CC(=O)O)c(C)n2C(=O)c1ccc(Cl)cc1,Cc1ccc2ncccc2c1N,F[P-](F)(F)(F)(F)F.c1ccc2c(c1)nnn2O[P+](N1CCCC1)(N1CCCC1)N1CCCC1,Cc1cccc(C)n1,,,CN(C)C=O,CN(C)C=O,,COc1ccc2c(c1)c(CC(=O)Nc1c(C)ccc3ncccc13)c(C)n2C(=O)c1ccc(Cl)cc1,25.0,86400.0,0.0,0.0,15.029999732971191
COc1ccc2c(c1)c(CC(=O)O)c(C)n2C(=O)c1ccc(Cl)cc1,CC(C)c1cccc(C(C)C)c1N,O=P(Cl)(c1ccccc1)c1ccccc1,Cc1cccc(C)n1,,,CC#N,CC#N,,COc1ccc2c(c1)c(CC(=O)Nc1c(C(C)C)cccc1C(C)C)c(C)n2C(=O)c1ccc(Cl)cc1,25.0,86400.0,0.0,0.0,32.56999969482422
COc1ccc2c(c1)c(CC(=O)O)c(C)n2C(=O)c1ccc(Cl)cc1,Nc1cc(-c2ccccc2)nn1-c1ccccc1,CN(C)C(=[O+]c1c(F)c(F)c(F)c(F)c1F)N(C)C.F[P-](F)(F)(F)(F)F,CCN(C(C)C)C(C)C,,,CC#N,CC#N,,COc1ccc2c(c1)c(CC(=O)Nc1cc(-c3ccccc3)nn1-c1ccccc1)c(C)n2C(=O)c1ccc(Cl)cc1,25.0,86400.0,0.0,0.0,11.079999923706055
COc1ccc2c(c1)c(CC(=O)O)c(C)n2C(=O)c1ccc(Cl)cc1,Cc1cc(C)c(N)c(Br)c1,CN(C)C(=[F+])N(C)C.F[P-](F)(F)(F)(F)F,Cn1ccnc1,,,CN(C)C=O,CN(C)C=O,,COc1ccc2c(c1)c(CC(=O)Nc1c(C)cc(C)cc1Br)c(C)n2C(=O)c1ccc(Cl)cc1,25.0,86400.0,0.0,0.0,5.429999828338623
COc1ccc2c(c1)c(CC(=O)O)c(C)n2C(=O)c1ccc(Cl)cc1,N=c1ccc(Cl)n[nH]1,CN(C)C(=[Cl+])N(C)C.F[P-](F)(F)(F)(F)F,Cn1ccnc1,,,CN(C)C=O,CN(C)C=O,,COc1ccc2c(c1)c(CC(=O)Nc1ccc(Cl)nn1)c(C)n2C(=O)c1ccc(Cl)cc1,25.0,86400.0,0.0,0.0,96.13999938964844
COc1ccc2c(c1)c(CC(=O)O)c(C)n2C(=O)c1ccc(Cl)cc1,Cc1cc([N+](=O)[O-])ccc1N,O=P(Cl)(c1ccccc1)c1ccccc1,Cc1cccc(C)n1,,,CN(C)C=O,CN(C)C=O,,COc1ccc2c(c1)c(CC(=O)Nc1ccc([N+](=O)[O-])cc1C)c(C)n2C(=O)c1ccc(Cl)cc1,25.0,86400.0,0.0,0.0,1.6200000047683716
COc1ccc2c(c1)c(CC(=O)O)c(C)n2C(=O)c1ccc(Cl)cc1,CNS(=O)(=O)Cc1ccc(N)cc1,CN(C)C(=[O+]n1nnc2cccnc21)N(C)C.F[P-](F)(F)(F)(F)F,CN1CCOCC1,,,CC#N,CC#N,,CNS(=O)(=O)Cc1ccc(NC(=O)Cc2c(C)n(C(=O)c3ccc(Cl)cc3)c3ccc(OC)cc23)cc1,25.0,86400.0,0.0,0.0,62.130001068115234
COc1ccc2c(c1)c(CC(=O)O)c(C)n2C(=O)c1ccc(Cl)cc1,COC(=O)c1ccc(Cl)cc1N,CN(C)C(=[O+]c1c(F)c(F)c(F)c(F)c1F)N(C)C.F[P-](F)(F)(F)(F)F,CN1CCOCC1,,,C1CCOC1,C1CCOC1,,COC(=O)c1cc(Cl)ccc1NC(=O)Cc1c(C)n(C(=O)c2ccc(Cl)cc2)c2ccc(OC)cc12,25.0,86400.0,0.0,0.0,20.950000762939453
COc1ccc2c(c1)c(CC(=O)O)c(C)n2C(=O)c1ccc(Cl)cc1,Nc1cc(-c2ccccc2)nn1-c1ccccc1,F[P-](F)(F)(F)(F)F.c1ccc2c(c1)nnn2O[P+](N1CCCC1)(N1CCCC1)N1CCCC1,Cc1cccc(C)n1,,,CC#N,CC#N,,COc1ccc2c(c1)c(CC(=O)Nc1cc(-c3ccccc3)nn1-c1ccccc1)c(C)n2C(=O)c1ccc(Cl)cc1,25.0,86400.0,0.0,0.0,1.2300000190734863
COc1ccc2c(c1)c(CC(=O)O)c(C)n2C(=O)c1ccc(Cl)cc1,Nc1cc(-c2ccccc2)nn1-c1ccccc1,CCOC(=O)C(C#N)=N[O+]=C(N(C)C)N(C)C.F[P-](F)(F)(F)(F)F,Cc1cccc(C)n1,,,CC#N,CC#N,,COc1ccc2c(c1)c(CC(=O)Nc1cc(-c3ccccc3)nn1-c1ccccc1)c(C)n2C(=O)c1ccc(Cl)cc1,25.0,86400.0,0.0,0.0,3.819999933242798
COc1ccc2c(c1)c(CC(=O)O)c(C)n2C(=O)c1ccc(Cl)cc1,CNS(=O)(=O)Cc1ccc(N)cc1,CN(C)C(=[Cl+])N(C)C.F[P-](F)(F)(F)(F)F,Cn1ccnc1,,,CC#N,CC#N,,CNS(=O)(=O)Cc1ccc(NC(=O)Cc2c(C)n(C(=O)c3ccc(Cl)cc3)c3ccc(OC)cc23)cc1,25.0,86400.0,0.0,0.0,63.09000015258789
COc1ccc2c(c1)c(CC(=O)O)c(C)n2C(=O)c1ccc(Cl)cc1,Cc1cc(C)c(N)c(Br)c1,F[P-](F)(F)(F)(F)F.c1ccc2c(c1)nnn2O[P+](N1CCCC1)(N1CCCC1)N1CCCC1,CCN(C(C)C)C(C)C,,,C1CCOC1,C1CCOC1,,COc1ccc2c(c1)c(CC(=O)Nc1c(C)cc(C)cc1Br)c(C)n2C(=O)c1ccc(Cl)cc1,25.0,86400.0,0.0,0.0,7.050000190734863
COc1ccc2c(c1)c(CC(=O)O)c(C)n2C(=O)c1ccc(Cl)cc1,N#Cc1ccc(Cl)c(N)c1,CN(C)C(=[O+]n1nnc2cccnc21)N(C)C.F[P-](F)(F)(F)(F)F,CCN(C(C)C)C(C)C,,,CC#N,CC#N,,COc1ccc2c(c1)c(CC(=O)Nc1cc(C#N)ccc1Cl)c(C)n2C(=O)c1ccc(Cl)cc1,25.0,86400.0,0.0,0.0,35.560001373291016
COc1ccc2c(c1)c(CC(=O)O)c(C)n2C(=O)c1ccc(Cl)cc1,Cc1cc(C)c(N)c(Br)c1,O=P(Cl)(c1ccccc1)c1ccccc1,Cn1ccnc1,,,CC#N,CC#N,,COc1ccc2c(c1)c(CC(=O)Nc1c(C)cc(C)cc1Br)c(C)n2C(=O)c1ccc(Cl)cc1,25.0,86400.0,0.0,0.0,3.9200000762939453
COc1ccc2c(c1)c(CC(=O)O)c(C)n2C(=O)c1ccc(Cl)cc1,CNS(=O)(=O)Cc1ccc(N)cc1,CCOC(=O)C(C#N)=N[O+]=C(N(C)C)N(C)C.F[P-](F)(F)(F)(F)F,CCN(C(C)C)C(C)C,,,CC#N,CC#N,,CNS(=O)(=O)Cc1ccc(NC(=O)Cc2c(C)n(C(=O)c3ccc(Cl)cc3)c3ccc(OC)cc23)cc1,25.0,86400.0,0.0,0.0,27.34000015258789
COc1ccc2c(c1)c(CC(=O)O)c(C)n2C(=O)c1ccc(Cl)cc1,CC(C)c1cccc(C(C)C)c1N,CN(C)C(=[Cl+])N(C)C.F[P-](F)(F)(F)(F)F,CN1CCOCC1,,,CN(C)C=O,CN(C)C=O,,COc1ccc2c(c1)c(CC(=O)Nc1c(C(C)C)cccc1C(C)C)c(C)n2C(=O)c1ccc(Cl)cc1,25.0,86400.0,0.0,0.0,20.920000076293945
COc1ccc2c(c1)c(CC(=O)O)c(C)n2C(=O)c1ccc(Cl)cc1,Cc1ccc2ncccc2c1N,F[P-](F)(F)(F)(F)F.c1ccc2c(c1)nnn2O[P+](N1CCCC1)(N1CCCC1)N1CCCC1,CCN(C(C)C)C(C)C,,,CN(C)C=O,CN(C)C=O,,COc1ccc2c(c1)c(CC(=O)Nc1c(C)ccc3ncccc13)c(C)n2C(=O)c1ccc(Cl)cc1,25.0,86400.0,0.0,0.0,33.56999969482422
COc1ccc2c(c1)c(CC(=O)O)c(C)n2C(=O)c1ccc(Cl)cc1,CC(C)c1cccc(C(C)C)c1N,CN(C)C(=[O+]c1c(F)c(F)c(F)c(F)c1F)N(C)C.F[P-](F)(F)(F)(F)F,CN1CCOCC1,,,C1CCOC1,C1CCOC1,,COc1ccc2c(c1)c(CC(=O)Nc1c(C(C)C)cccc1C(C)C)c(C)n2C(=O)c1ccc(Cl)cc1,25.0,86400.0,0.0,0.0,0.9700000286102295
COc1ccc2c(c1)c(CC(=O)O)c(C)n2C(=O)c1ccc(Cl)cc1,N#Cc1ccc(N)cc1C(F)(F)F,CN(C)C(=[O+]c1c(F)c(F)c(F)c(F)c1F)N(C)C.F[P-](F)(F)(F)(F)F,CCN(C(C)C)C(C)C,,,C1CCOC1,C1CCOC1,,COc1ccc2c(c1)c(CC(=O)Nc1ccc(C#N)c(C(F)(F)F)c1)c(C)n2C(=O)c1ccc(Cl)cc1,25.0,86400.0,0.0,0.0,0.18000000715255737
COc1ccc2c(c1)c(CC(=O)O)c(C)n2C(=O)c1ccc(Cl)cc1,N#Cc1ccc(Cl)c(N)c1,CN(C)C(=[O+]n1nnc2cccnc21)N(C)C.F[P-](F)(F)(F)(F)F,CCN(C(C)C)C(C)C,,,C1CCOC1,C1CCOC1,,COc1ccc2c(c1)c(CC(=O)Nc1cc(C#N)ccc1Cl)c(C)n2C(=O)c1ccc(Cl)cc1,25.0,86400.0,0.0,0.0,1.809999942779541
COc1ccc2c(c1)c(CC(=O)O)c(C)n2C(=O)c1ccc(Cl)cc1,CC(C)c1cccc(C(C)C)c1N,CCOC(=O)C(C#N)=N[O+]=C(N(C)C)N(C)C.F[P-](F)(F)(F)(F)F,Cn1ccnc1,,,C1CCOC1,C1CCOC1,,COc1ccc2c(c1)c(CC(=O)Nc1c(C(C)C)cccc1C(C)C)c(C)n2C(=O)c1ccc(Cl)cc1,25.0,86400.0,0.0,0.0,30.709999084472656
COc1ccc2c(c1)c(CC(=O)O)c(C)n2C(=O)c1ccc(Cl)cc1,CNS(=O)(=O)Cc1ccc(N)cc1,CN(C)C(=[F+])N(C)C.F[P-](F)(F)(F)(F)F,Cn1ccnc1,,,CN(C)C=O,CN(C)C=O,,CNS(=O)(=O)Cc1ccc(NC(=O)Cc2c(C)n(C(=O)c3ccc(Cl)cc3)c3ccc(OC)cc23)cc1,25.0,86400.0,0.0,0.0,52.47999954223633
COc1ccc2c(c1)c(CC(=O)O)c(C)n2C(=O)c1ccc(Cl)cc1,Cc1ccc2ncccc2c1N,CN(C)C(=[Cl+])N(C)C.F[P-](F)(F)(F)(F)F,CN1CCOCC1,,,CN(C)C=O,CN(C)C=O,,COc1ccc2c(c1)c(CC(=O)Nc1c(C)ccc3ncccc13)c(C)n2C(=O)c1ccc(Cl)cc1,25.0,86400.0,0.0,0.0,34.650001525878906
COc1ccc2c(c1)c(CC(=O)O)c(C)n2C(=O)c1ccc(Cl)cc1,Nc1cc(-c2ccccc2)nn1-c1ccccc1,CN(C)C(=[Cl+])N(C)C.F[P-](F)(F)(F)(F)F,CN1CCOCC1,,,CC#N,CC#N,,COc1ccc2c(c1)c(CC(=O)Nc1cc(-c3ccccc3)nn1-c1ccccc1)c(C)n2C(=O)c1ccc(Cl)cc1,25.0,86400.0,0.0,0.0,33.66999816894531
COc1ccc2c(c1)c(CC(=O)O)c(C)n2C(=O)c1ccc(Cl)cc1,N#Cc1ccc(N)cc1C(F)(F)F,O=P(Cl)(c1ccccc1)c1ccccc1,Cn1ccnc1,,,CC#N,CC#N,,COc1ccc2c(c1)c(CC(=O)Nc1ccc(C#N)c(C(F)(F)F)c1)c(C)n2C(=O)c1ccc(Cl)cc1,25.0,86400.0,0.0,0.0,46.34000015258789
COc1ccc2c(c1)c(CC(=O)O)c(C)n2C(=O)c1ccc(Cl)cc1,N#Cc1ccc(Cl)c(N)c1,O=P(Cl)(c1ccccc1)c1ccccc1,Cn1ccnc1,,,CC#N,CC#N,,COc1ccc2c(c1)c(CC(=O)Nc1cc(C#N)ccc1Cl)c(C)n2C(=O)c1ccc(Cl)cc1,25.0,86400.0,0.0,0.0,25.850000381469727
COc1ccc2c(c1)c(CC(=O)O)c(C)n2C(=O)c1ccc(Cl)cc1,Cc1cc(C)c(N)c(Br)c1,O=C1OCCN1P(=O)(Cl)N1CCOC1=O,Cc1cccc(C)n1,,,C1CCOC1,C1CCOC1,,COc1ccc2c(c1)c(CC(=O)Nc1c(C)cc(C)cc1Br)c(C)n2C(=O)c1ccc(Cl)cc1,25.0,86400.0,0.0,0.0,7.429999828338623
COc1ccc2c(c1)c(CC(=O)O)c(C)n2C(=O)c1ccc(Cl)cc1,N#Cc1ccc(N)cc1C(F)(F)F,CN(C)C(=[F+])N(C)C.F[P-](F)(F)(F)(F)F,Cc1cccc(C)n1,,,CC#N,CC#N,,COc1ccc2c(c1)c(CC(=O)Nc1ccc(C#N)c(C(F)(F)F)c1)c(C)n2C(=O)c1ccc(Cl)cc1,25.0,86400.0,0.0,0.0,2.0399999618530273
COc1ccc2c(c1)c(CC(=O)O)c(C)n2C(=O)c1ccc(Cl)cc1,CNS(=O)(=O)Cc1ccc(N)cc1,CCOC(=O)C(C#N)=N[O+]=C(N(C)C)N(C)C.F[P-](F)(F)(F)(F)F,Cc1cccc(C)n1,,,CC#N,CC#N,,CNS(=O)(=O)Cc1ccc(NC(=O)Cc2c(C)n(C(=O)c3ccc(Cl)cc3)c3ccc(OC)cc23)cc1,25.0,86400.0,0.0,0.0,56.369998931884766
COc1ccc2c(c1)c(CC(=O)O)c(C)n2C(=O)c1ccc(Cl)cc1,N#Cc1ccc(N)cc1C(F)(F)F,CN(C)C(=[F+])N(C)C.F[P-](F)(F)(F)(F)F,CN1CCOCC1,,,CN(C)C=O,CN(C)C=O,,COc1ccc2c(c1)c(CC(=O)Nc1ccc(C#N)c(C(F)(F)F)c1)c(C)n2C(=O)c1ccc(Cl)cc1,25.0,86400.0,0.0,0.0,6.0
COc1ccc2c(c1)c(CC(=O)O)c(C)n2C(=O)c1ccc(Cl)cc1,N#Cc1ccc(Cl)c(N)c1,CN(C)C(=[F+])N(C)C.F[P-](F)(F)(F)(F)F,CN1CCOCC1,,,CC#N,CC#N,,COc1ccc2c(c1)c(CC(=O)Nc1cc(C#N)ccc1Cl)c(C)n2C(=O)c1ccc(Cl)cc1,25.0,86400.0,0.0,0.0,19.100000381469727
COc1ccc2c(c1)c(CC(=O)O)c(C)n2C(=O)c1ccc(Cl)cc1,Cc1ccc2ncccc2c1N,CCOC(=O)C(C#N)=N[O+]=C(N(C)C)N(C)C.F[P-](F)(F)(F)(F)F,CN1CCOCC1,,,CN(C)C=O,CN(C)C=O,,COc1ccc2c(c1)c(CC(=O)Nc1c(C)ccc3ncccc13)c(C)n2C(=O)c1ccc(Cl)cc1,25.0,86400.0,0.0,0.0,45.779998779296875
COc1ccc2c(c1)c(CC(=O)O)c(C)n2C(=O)c1ccc(Cl)cc1,Cc1cc([N+](=O)[O-])ccc1N,CN(C)C(=[Cl+])N(C)C.F[P-](F)(F)(F)(F)F,Cc1cccc(C)n1,,,C1CCOC1,C1CCOC1,,COc1ccc2c(c1)c(CC(=O)Nc1ccc([N+](=O)[O-])cc1C)c(C)n2C(=O)c1ccc(Cl)cc1,25.0,86400.0,0.0,0.0,16.59000015258789
COc1ccc2c(c1)c(CC(=O)O)c(C)n2C(=O)c1ccc(Cl)cc1,Cc1cc(C)c(N)c(Br)c1,CN(C)C(=[F+])N(C)C.F[P-](F)(F)(F)(F)F,CCN(C(C)C)C(C)C,,,C1CCOC1,C1CCOC1,,COc1ccc2c(c1)c(CC(=O)Nc1c(C)cc(C)cc1Br)c(C)n2C(=O)c1ccc(Cl)cc1,25.0,86400.0,0.0,0.0,19.540000915527344
COc1ccc2c(c1)c(CC(=O)O)c(C)n2C(=O)c1ccc(Cl)cc1,COC(=O)c1ccc(Cl)cc1N,O=C1OCCN1P(=O)(Cl)N1CCOC1=O,CCN(C(C)C)C(C)C,,,C1CCOC1,C1CCOC1,,COC(=O)c1cc(Cl)ccc1NC(=O)Cc1c(C)n(C(=O)c2ccc(Cl)cc2)c2ccc(OC)cc12,25.0,86400.0,0.0,0.0,0.9599999785423279
COc1ccc2c(c1)c(CC(=O)O)c(C)n2C(=O)c1ccc(Cl)cc1,Cc1ccc2ncccc2c1N,F[P-](F)(F)(F)(F)F.c1ccc2c(c1)nnn2O[P+](N1CCCC1)(N1CCCC1)N1CCCC1,CN1CCOCC1,,,CN(C)C=O,CN(C)C=O,,COc1ccc2c(c1)c(CC(=O)Nc1c(C)ccc3ncccc13)c(C)n2C(=O)c1ccc(Cl)cc1,25.0,86400.0,0.0,0.0,20.059999465942383
COc1ccc2c(c1)c(CC(=O)O)c(C)n2C(=O)c1ccc(Cl)cc1,COC(=O)c1ccc(Cl)cc1N,CN(C)C(=[O+]n1nnc2cccnc21)N(C)C.F[P-](F)(F)(F)(F)F,Cc1cccc(C)n1,,,C1CCOC1,C1CCOC1,,COC(=O)c1cc(Cl)ccc1NC(=O)Cc1c(C)n(C(=O)c2ccc(Cl)cc2)c2ccc(OC)cc12,25.0,86400.0,0.0,0.0,0.8899999856948853
COc1ccc2c(c1)c(CC(=O)O)c(C)n2C(=O)c1ccc(Cl)cc1,N#Cc1ccc(Cl)c(N)c1,F[P-](F)(F)(F)(F)F.c1ccc2c(c1)nnn2O[P+](N1CCCC1)(N1CCCC1)N1CCCC1,CCN(C(C)C)C(C)C,,,C1CCOC1,C1CCOC1,,COc1ccc2c(c1)c(CC(=O)Nc1cc(C#N)ccc1Cl)c(C)n2C(=O)c1ccc(Cl)cc1,25.0,86400.0,0.0,0.0,1.649999976158142
COc1ccc2c(c1)c(CC(=O)O)c(C)n2C(=O)c1ccc(Cl)cc1,Cc1cc([N+](=O)[O-])ccc1N,O=P(Cl)(c1ccccc1)c1ccccc1,Cc1cccc(C)n1,,,CC#N,CC#N,,COc1ccc2c(c1)c(CC(=O)Nc1ccc([N+](=O)[O-])cc1C)c(C)n2C(=O)c1ccc(Cl)cc1,25.0,86400.0,0.0,0.0,3.6500000953674316
COc1ccc2c(c1)c(CC(=O)O)c(C)n2C(=O)c1ccc(Cl)cc1,Nc1cc(-c2ccccc2)nn1-c1ccccc1,CN(C)C(=[O+]n1nnc2cccnc21)N(C)C.F[P-](F)(F)(F)(F)F,Cn1ccnc1,,,CN(C)C=O,CN(C)C=O,,COc1ccc2c(c1)c(CC(=O)Nc1cc(-c3ccccc3)nn1-c1ccccc1)c(C)n2C(=O)c1ccc(Cl)cc1,25.0,86400.0,0.0,0.0,30.350000381469727
COc1ccc2c(c1)c(CC(=O)O)c(C)n2C(=O)c1ccc(Cl)cc1,Cc1cc([N+](=O)[O-])ccc1N,O=C1OCCN1P(=O)(Cl)N1CCOC1=O,Cn1ccnc1,,,CC#N,CC#N,,COc1ccc2c(c1)c(CC(=O)Nc1ccc([N+](=O)[O-])cc1C)c(C)n2C(=O)c1ccc(Cl)cc1,25.0,86400.0,0.0,0.0,2.109999895095825
COc1ccc2c(c1)c(CC(=O)O)c(C)n2C(=O)c1ccc(Cl)cc1,N=c1ccc(Cl)n[nH]1,O=C1OCCN1P(=O)(Cl)N1CCOC1=O,Cn1ccnc1,,,CN(C)C=O,CN(C)C=O,,COc1ccc2c(c1)c(CC(=O)Nc1ccc(Cl)nn1)c(C)n2C(=O)c1ccc(Cl)cc1,25.0,86400.0,0.0,0.0,53.650001525878906
COc1ccc2c(c1)c(CC(=O)O)c(C)n2C(=O)c1ccc(Cl)cc1,CNS(=O)(=O)Cc1ccc(N)cc1,F[P-](F)(F)(F)(F)F.c1ccc2c(c1)nnn2O[P+](N1CCCC1)(N1CCCC1)N1CCCC1,Cn1ccnc1,,,CC#N,CC#N,,CNS(=O)(=O)Cc1ccc(NC(=O)Cc2c(C)n(C(=O)c3ccc(Cl)cc3)c3ccc(OC)cc23)cc1,25.0,86400.0,0.0,0.0,63.75
COc1ccc2c(c1)c(CC(=O)O)c(C)n2C(=O)c1ccc(Cl)cc1,N#Cc1ccc(Cl)c(N)c1,O=P(Cl)(c1ccccc1)c1ccccc1,CN1CCOCC1,,,C1CCOC1,C1CCOC1,,COc1ccc2c(c1)c(CC(=O)Nc1cc(C#N)ccc1Cl)c(C)n2C(=O)c1ccc(Cl)cc1,25.0,86400.0,0.0,0.0,18.030000686645508
COc1ccc2c(c1)c(CC(=O)O)c(C)n2C(=O)c1ccc(Cl)cc1,Nc1cc(-c2ccccc2)nn1-c1ccccc1,CCOC(=O)C(C#N)=N[O+]=C(N(C)C)N(C)C.F[P-](F)(F)(F)(F)F,CN1CCOCC1,,,C1CCOC1,C1CCOC1,,COc1ccc2c(c1)c(CC(=O)Nc1cc(-c3ccccc3)nn1-c1ccccc1)c(C)n2C(=O)c1ccc(Cl)cc1,25.0,86400.0,0.0,0.0,9.529999732971191
COc1ccc2c(c1)c(CC(=O)O)c(C)n2C(=O)c1ccc(Cl)cc1,Nc1cc(-c2ccccc2)nn1-c1ccccc1,CN(C)C(=[O+]n1nnc2cccnc21)N(C)C.F[P-](F)(F)(F)(F)F,Cn1ccnc1,,,CC#N,CC#N,,COc1ccc2c(c1)c(CC(=O)Nc1cc(-c3ccccc3)nn1-c1ccccc1)c(C)n2C(=O)c1ccc(Cl)cc1,25.0,86400.0,0.0,0.0,20.520000457763672
COc1ccc2c(c1)c(CC(=O)O)c(C)n2C(=O)c1ccc(Cl)cc1,N#Cc1ccc(Cl)c(N)c1,O=P(Cl)(c1ccccc1)c1ccccc1,Cc1cccc(C)n1,,,C1CCOC1,C1CCOC1,,COc1ccc2c(c1)c(CC(=O)Nc1cc(C#N)ccc1Cl)c(C)n2C(=O)c1ccc(Cl)cc1,25.0,86400.0,0.0,0.0,14.510000228881836
COc1ccc2c(c1)c(CC(=O)O)c(C)n2C(=O)c1ccc(Cl)cc1,Cc1cc([N+](=O)[O-])ccc1N,CN(C)C(=[O+]n1nnc2cccnc21)N(C)C.F[P-](F)(F)(F)(F)F,Cc1cccc(C)n1,,,CC#N,CC#N,,COc1ccc2c(c1)c(CC(=O)Nc1ccc([N+](=O)[O-])cc1C)c(C)n2C(=O)c1ccc(Cl)cc1,25.0,86400.0,0.0,0.0,2.119999885559082
COc1ccc2c(c1)c(CC(=O)O)c(C)n2C(=O)c1ccc(Cl)cc1,CNS(=O)(=O)Cc1ccc(N)cc1,CCOC(=O)C(C#N)=N[O+]=C(N(C)C)N(C)C.F[P-](F)(F)(F)(F)F,CCN(C(C)C)C(C)C,,,C1CCOC1,C1CCOC1,,CNS(=O)(=O)Cc1ccc(NC(=O)Cc2c(C)n(C(=O)c3ccc(Cl)cc3)c3ccc(OC)cc23)cc1,25.0,86400.0,0.0,0.0,40.880001068115234
COc1ccc2c(c1)c(CC(=O)O)c(C)n2C(=O)c1ccc(Cl)cc1,N#Cc1ccc(N)cc1C(F)(F)F,CN(C)C(=[F+])N(C)C.F[P-](F)(F)(F)(F)F,CN1CCOCC1,,,C1CCOC1,C1CCOC1,,COc1ccc2c(c1)c(CC(=O)Nc1ccc(C#N)c(C(F)(F)F)c1)c(C)n2C(=O)c1ccc(Cl)cc1,25.0,86400.0,0.0,0.0,3.6700000762939453
COc1ccc2c(c1)c(CC(=O)O)c(C)n2C(=O)c1ccc(Cl)cc1,N#Cc1ccc(Cl)c(N)c1,CN(C)C(=[F+])N(C)C.F[P-](F)(F)(F)(F)F,Cc1cccc(C)n1,,,CN(C)C=O,CN(C)C=O,,COc1ccc2c(c1)c(CC(=O)Nc1cc(C#N)ccc1Cl)c(C)n2C(=O)c1ccc(Cl)cc1,25.0,86400.0,0.0,0.0,5.260000228881836
COc1ccc2c(c1)c(CC(=O)O)c(C)n2C(=O)c1ccc(Cl)cc1,CNS(=O)(=O)Cc1ccc(N)cc1,CN(C)C(=[O+]n1nnc2cccnc21)N(C)C.F[P-](F)(F)(F)(F)F,CN1CCOCC1,,,C1CCOC1,C1CCOC1,,CNS(=O)(=O)Cc1ccc(NC(=O)Cc2c(C)n(C(=O)c3ccc(Cl)cc3)c3ccc(OC)cc23)cc1,25.0,86400.0,0.0,0.0,65.75
COc1ccc2c(c1)c(CC(=O)O)c(C)n2C(=O)c1ccc(Cl)cc1,CNS(=O)(=O)Cc1ccc(N)cc1,O=C1OCCN1P(=O)(Cl)N1CCOC1=O,CN1CCOCC1,,,CN(C)C=O,CN(C)C=O,,CNS(=O)(=O)Cc1ccc(NC(=O)Cc2c(C)n(C(=O)c3ccc(Cl)cc3)c3ccc(OC)cc23)cc1,25.0,86400.0,0.0,0.0,7.210000038146973
COc1ccc2c(c1)c(CC(=O)O)c(C)n2C(=O)c1ccc(Cl)cc1,CC(C)c1cccc(C(C)C)c1N,O=C1OCCN1P(=O)(Cl)N1CCOC1=O,Cc1cccc(C)n1,,,C1CCOC1,C1CCOC1,,COc1ccc2c(c1)c(CC(=O)Nc1c(C(C)C)cccc1C(C)C)c(C)n2C(=O)c1ccc(Cl)cc1,25.0,86400.0,0.0,0.0,10.579999923706055
COc1ccc2c(c1)c(CC(=O)O)c(C)n2C(=O)c1ccc(Cl)cc1,COC(=O)c1ccc(Cl)cc1N,F[P-](F)(F)(F)(F)F.c1ccc2c(c1)nnn2O[P+](N1CCCC1)(N1CCCC1)N1CCCC1,Cn1ccnc1,,,C1CCOC1,C1CCOC1,,COC(=O)c1cc(Cl)ccc1NC(=O)Cc1c(C)n(C(=O)c2ccc(Cl)cc2)c2ccc(OC)cc12,25.0,86400.0,0.0,0.0,10.100000381469727
COc1ccc2c(c1)c(CC(=O)O)c(C)n2C(=O)c1ccc(Cl)cc1,Cc1cc(C)c(N)c(Br)c1,CN(C)C(=[O+]c1c(F)c(F)c(F)c(F)c1F)N(C)C.F[P-](F)(F)(F)(F)F,CCN(C(C)C)C(C)C,,,C1CCOC1,C1CCOC1,,COc1ccc2c(c1)c(CC(=O)Nc1c(C)cc(C)cc1Br)c(C)n2C(=O)c1ccc(Cl)cc1,25.0,86400.0,0.0,0.0,1.1699999570846558
COc1ccc2c(c1)c(CC(=O)O)c(C)n2C(=O)c1ccc(Cl)cc1,COC(=O)c1ccc(Cl)cc1N,CCOC(=O)C(C#N)=N[O+]=C(N(C)C)N(C)C.F[P-](F)(F)(F)(F)F,Cn1ccnc1,,,CN(C)C=O,CN(C)C=O,,COC(=O)c1cc(Cl)ccc1NC(=O)Cc1c(C)n(C(=O)c2ccc(Cl)cc2)c2ccc(OC)cc12,25.0,86400.0,0.0,0.0,6.960000038146973
COc1ccc2c(c1)c(CC(=O)O)c(C)n2C(=O)c1ccc(Cl)cc1,CC(C)c1cccc(C(C)C)c1N,F[P-](F)(F)(F)(F)F.c1ccc2c(c1)nnn2O[P+](N1CCCC1)(N1CCCC1)N1CCCC1,CCN(C(C)C)C(C)C,,,CN(C)C=O,CN(C)C=O,,COc1ccc2c(c1)c(CC(=O)Nc1c(C(C)C)cccc1C(C)C)c(C)n2C(=O)c1ccc(Cl)cc1,25.0,86400.0,0.0,0.0,25.420000076293945
COc1ccc2c(c1)c(CC(=O)O)c(C)n2C(=O)c1ccc(Cl)cc1,Cc1cc(C)c(N)c(Br)c1,F[P-](F)(F)(F)(F)F.c1ccc2c(c1)nnn2O[P+](N1CCCC1)(N1CCCC1)N1CCCC1,Cc1cccc(C)n1,,,CN(C)C=O,CN(C)C=O,,COc1ccc2c(c1)c(CC(=O)Nc1c(C)cc(C)cc1Br)c(C)n2C(=O)c1ccc(Cl)cc1,25.0,86400.0,0.0,0.0,17.59000015258789
COc1ccc2c(c1)c(CC(=O)O)c(C)n2C(=O)c1ccc(Cl)cc1,N#Cc1ccc(Cl)c(N)c1,O=P(Cl)(c1ccccc1)c1ccccc1,CCN(C(C)C)C(C)C,,,CN(C)C=O,CN(C)C=O,,COc1ccc2c(c1)c(CC(=O)Nc1cc(C#N)ccc1Cl)c(C)n2C(=O)c1ccc(Cl)cc1,25.0,86400.0,0.0,0.0,40.91999816894531
COc1ccc2c(c1)c(CC(=O)O)c(C)n2C(=O)c1ccc(Cl)cc1,Cc1cc(C)c(N)c(Br)c1,O=C1OCCN1P(=O)(Cl)N1CCOC1=O,Cc1cccc(C)n1,,,CN(C)C=O,CN(C)C=O,,COc1ccc2c(c1)c(CC(=O)Nc1c(C)cc(C)cc1Br)c(C)n2C(=O)c1ccc(Cl)cc1,25.0,86400.0,0.0,0.0,11.399999618530273
COc1ccc2c(c1)c(CC(=O)O)c(C)n2C(=O)c1ccc(Cl)cc1,Cc1cc([N+](=O)[O-])ccc1N,CN(C)C(=[Cl+])N(C)C.F[P-](F)(F)(F)(F)F,CN1CCOCC1,,,C1CCOC1,C1CCOC1,,COc1ccc2c(c1)c(CC(=O)Nc1ccc([N+](=O)[O-])cc1C)c(C)n2C(=O)c1ccc(Cl)cc1,25.0,86400.0,0.0,0.0,2.25
COc1ccc2c(c1)c(CC(=O)O)c(C)n2C(=O)c1ccc(Cl)cc1,N=c1ccc(Cl)n[nH]1,O=C1OCCN1P(=O)(Cl)N1CCOC1=O,Cc1cccc(C)n1,,,CN(C)C=O,CN(C)C=O,,COc1ccc2c(c1)c(CC(=O)Nc1ccc(Cl)nn1)c(C)n2C(=O)c1ccc(Cl)cc1,25.0,86400.0,0.0,0.0,74.0
COc1ccc2c(c1)c(CC(=O)O)c(C)n2C(=O)c1ccc(Cl)cc1,CC(C)c1cccc(C(C)C)c1N,CN(C)C(=[O+]c1c(F)c(F)c(F)c(F)c1F)N(C)C.F[P-](F)(F)(F)(F)F,Cn1ccnc1,,,CN(C)C=O,CN(C)C=O,,COc1ccc2c(c1)c(CC(=O)Nc1c(C(C)C)cccc1C(C)C)c(C)n2C(=O)c1ccc(Cl)cc1,25.0,86400.0,0.0,0.0,29.350000381469727
COc1ccc2c(c1)c(CC(=O)O)c(C)n2C(=O)c1ccc(Cl)cc1,CNS(=O)(=O)Cc1ccc(N)cc1,CCOC(=O)C(C#N)=N[O+]=C(N(C)C)N(C)C.F[P-](F)(F)(F)(F)F,Cc1cccc(C)n1,,,CN(C)C=O,CN(C)C=O,,CNS(=O)(=O)Cc1ccc(NC(=O)Cc2c(C)n(C(=O)c3ccc(Cl)cc3)c3ccc(OC)cc23)cc1,25.0,86400.0,0.0,0.0,57.31999969482422
COc1ccc2c(c1)c(CC(=O)O)c(C)n2C(=O)c1ccc(Cl)cc1,CNS(=O)(=O)Cc1ccc(N)cc1,O=P(Cl)(c1ccccc1)c1ccccc1,CN1CCOCC1,,,CC#N,CC#N,,CNS(=O)(=O)Cc1ccc(NC(=O)Cc2c(C)n(C(=O)c3ccc(Cl)cc3)c3ccc(OC)cc23)cc1,25.0,86400.0,0.0,0.0,60.810001373291016
COc1ccc2c(c1)c(CC(=O)O)c(C)n2C(=O)c1ccc(Cl)cc1,Cc1ccc2ncccc2c1N,F[P-](F)(F)(F)(F)F.c1ccc2c(c1)nnn2O[P+](N1CCCC1)(N1CCCC1)N1CCCC1,CCN(C(C)C)C(C)C,,,CC#N,CC#N,,COc1ccc2c(c1)c(CC(=O)Nc1c(C)ccc3ncccc13)c(C)n2C(=O)c1ccc(Cl)cc1,25.0,86400.0,0.0,0.0,29.940000534057617
COc1ccc2c(c1)c(CC(=O)O)c(C)n2C(=O)c1ccc(Cl)cc1,Cc1ccc2ncccc2c1N,CCOC(=O)C(C#N)=N[O+]=C(N(C)C)N(C)C.F[P-](F)(F)(F)(F)F,Cc1cccc(C)n1,,,C1CCOC1,C1CCOC1,,COc1ccc2c(c1)c(CC(=O)Nc1c(C)ccc3ncccc13)c(C)n2C(=O)c1ccc(Cl)cc1,25.0,86400.0,0.0,0.0,18.18000030517578
COc1ccc2c(c1)c(CC(=O)O)c(C)n2C(=O)c1ccc(Cl)cc1,Nc1cc(-c2ccccc2)nn1-c1ccccc1,CN(C)C(=[O+]c1c(F)c(F)c(F)c(F)c1F)N(C)C.F[P-](F)(F)(F)(F)F,Cn1ccnc1,,,C1CCOC1,C1CCOC1,,COc1ccc2c(c1)c(CC(=O)Nc1cc(-c3ccccc3)nn1-c1ccccc1)c(C)n2C(=O)c1ccc(Cl)cc1,25.0,86400.0,0.0,0.0,7.920000076293945
COc1ccc2c(c1)c(CC(=O)O)c(C)n2C(=O)c1ccc(Cl)cc1,Cc1ccc2ncccc2c1N,O=C1OCCN1P(=O)(Cl)N1CCOC1=O,Cc1cccc(C)n1,,,CC#N,CC#N,,COc1ccc2c(c1)c(CC(=O)Nc1c(C)ccc3ncccc13)c(C)n2C(=O)c1ccc(Cl)cc1,25.0,86400.0,0.0,0.0,12.449999809265137
COc1ccc2c(c1)c(CC(=O)O)c(C)n2C(=O)c1ccc(Cl)cc1,Nc1cc(-c2ccccc2)nn1-c1ccccc1,O=P(Cl)(c1ccccc1)c1ccccc1,Cn1ccnc1,,,C1CCOC1,C1CCOC1,,COc1ccc2c(c1)c(CC(=O)Nc1cc(-c3ccccc3)nn1-c1ccccc1)c(C)n2C(=O)c1ccc(Cl)cc1,25.0,86400.0,0.0,0.0,23.110000610351562
COc1ccc2c(c1)c(CC(=O)O)c(C)n2C(=O)c1ccc(Cl)cc1,CNS(=O)(=O)Cc1ccc(N)cc1,O=P(Cl)(c1ccccc1)c1ccccc1,CN1CCOCC1,,,C1CCOC1,C1CCOC1,,CNS(=O)(=O)Cc1ccc(NC(=O)Cc2c(C)n(C(=O)c3ccc(Cl)cc3)c3ccc(OC)cc23)cc1,25.0,86400.0,0.0,0.0,60.72999954223633
COc1ccc2c(c1)c(CC(=O)O)c(C)n2C(=O)c1ccc(Cl)cc1,N#Cc1ccc(Cl)c(N)c1,CCOC(=O)C(C#N)=N[O+]=C(N(C)C)N(C)C.F[P-](F)(F)(F)(F)F,CCN(C(C)C)C(C)C,,,C1CCOC1,C1CCOC1,,COc1ccc2c(c1)c(CC(=O)Nc1cc(C#N)ccc1Cl)c(C)n2C(=O)c1ccc(Cl)cc1,25.0,86400.0,0.0,0.0,7.230000019073486
COc1ccc2c(c1)c(CC(=O)O)c(C)n2C(=O)c1ccc(Cl)cc1,CNS(=O)(=O)Cc1ccc(N)cc1,CN(C)C(=[O+]c1c(F)c(F)c(F)c(F)c1F)N(C)C.F[P-](F)(F)(F)(F)F,CCN(C(C)C)C(C)C,,,CC#N,CC#N,,CNS(=O)(=O)Cc1ccc(NC(=O)Cc2c(C)n(C(=O)c3ccc(Cl)cc3)c3ccc(OC)cc23)cc1,25.0,86400.0,0.0,0.0,41.400001525878906
COc1ccc2c(c1)c(CC(=O)O)c(C)n2C(=O)c1ccc(Cl)cc1,COC(=O)c1ccc(Cl)cc1N,O=C1OCCN1P(=O)(Cl)N1CCOC1=O,Cc1cccc(C)n1,,,C1CCOC1,C1CCOC1,,COC(=O)c1cc(Cl)ccc1NC(=O)Cc1c(C)n(C(=O)c2ccc(Cl)cc2)c2ccc(OC)cc12,25.0,86400.0,0.0,0.0,11.5
COc1ccc2c(c1)c(CC(=O)O)c(C)n2C(=O)c1ccc(Cl)cc1,Nc1cc(-c2ccccc2)nn1-c1ccccc1,CN(C)C(=[F+])N(C)C.F[P-](F)(F)(F)(F)F,CN1CCOCC1,,,C1CCOC1,C1CCOC1,,COc1ccc2c(c1)c(CC(=O)Nc1cc(-c3ccccc3)nn1-c1ccccc1)c(C)n2C(=O)c1ccc(Cl)cc1,25.0,86400.0,0.0,0.0,19.260000228881836
COc1ccc2c(c1)c(CC(=O)O)c(C)n2C(=O)c1ccc(Cl)cc1,COC(=O)c1ccc(Cl)cc1N,CN(C)C(=[F+])N(C)C.F[P-](F)(F)(F)(F)F,CCN(C(C)C)C(C)C,,,CC#N,CC#N,,COC(=O)c1cc(Cl)ccc1NC(=O)Cc1c(C)n(C(=O)c2ccc(Cl)cc2)c2ccc(OC)cc12,25.0,86400.0,0.0,0.0,0.7699999809265137
COc1ccc2c(c1)c(CC(=O)O)c(C)n2C(=O)c1ccc(Cl)cc1,CC(C)c1cccc(C(C)C)c1N,CN(C)C(=[Cl+])N(C)C.F[P-](F)(F)(F)(F)F,CCN(C(C)C)C(C)C,,,CC#N,CC#N,,COc1ccc2c(c1)c(CC(=O)Nc1c(C(C)C)cccc1C(C)C)c(C)n2C(=O)c1ccc(Cl)cc1,25.0,86400.0,0.0,0.0,9.84000015258789
COc1ccc2c(c1)c(CC(=O)O)c(C)n2C(=O)c1ccc(Cl)cc1,N=c1ccc(Cl)n[nH]1,F[P-](F)(F)(F)(F)F.c1ccc2c(c1)nnn2O[P+](N1CCCC1)(N1CCCC1)N1CCCC1,Cc1cccc(C)n1,,,C1CCOC1,C1CCOC1,,COc1ccc2c(c1)c(CC(=O)Nc1ccc(Cl)nn1)c(C)n2C(=O)c1ccc(Cl)cc1,25.0,86400.0,0.0,0.0,16.610000610351562
COc1ccc2c(c1)c(CC(=O)O)c(C)n2C(=O)c1ccc(Cl)cc1,Cc1cc([N+](=O)[O-])ccc1N,CCOC(=O)C(C#N)=N[O+]=C(N(C)C)N(C)C.F[P-](F)(F)(F)(F)F,Cn1ccnc1,,,CN(C)C=O,CN(C)C=O,,COc1ccc2c(c1)c(CC(=O)Nc1ccc([N+](=O)[O-])cc1C)c(C)n2C(=O)c1ccc(Cl)cc1,25.0,86400.0,0.0,0.0,1.9299999475479126
COc1ccc2c(c1)c(CC(=O)O)c(C)n2C(=O)c1ccc(Cl)cc1,N=c1ccc(Cl)n[nH]1,CN(C)C(=[Cl+])N(C)C.F[P-](F)(F)(F)(F)F,Cc1cccc(C)n1,,,C1CCOC1,C1CCOC1,,COc1ccc2c(c1)c(CC(=O)Nc1ccc(Cl)nn1)c(C)n2C(=O)c1ccc(Cl)cc1,25.0,86400.0,0.0,0.0,74.41999816894531
COc1ccc2c(c1)c(CC(=O)O)c(C)n2C(=O)c1ccc(Cl)cc1,Cc1cc([N+](=O)[O-])ccc1N,CN(C)C(=[O+]n1nnc2cccnc21)N(C)C.F[P-](F)(F)(F)(F)F,CCN(C(C)C)C(C)C,,,CN(C)C=O,CN(C)C=O,,COc1ccc2c(c1)c(CC(=O)Nc1ccc([N+](=O)[O-])cc1C)c(C)n2C(=O)c1ccc(Cl)cc1,25.0,86400.0,0.0,0.0,4.0
COc1ccc2c(c1)c(CC(=O)O)c(C)n2C(=O)c1ccc(Cl)cc1,CC(C)c1cccc(C(C)C)c1N,CN(C)C(=[F+])N(C)C.F[P-](F)(F)(F)(F)F,CN1CCOCC1,,,C1CCOC1,C1CCOC1,,COc1ccc2c(c1)c(CC(=O)Nc1c(C(C)C)cccc1C(C)C)c(C)n2C(=O)c1ccc(Cl)cc1,25.0,86400.0,0.0,0.0,2.819999933242798
COc1ccc2c(c1)c(CC(=O)O)c(C)n2C(=O)c1ccc(Cl)cc1,Cc1cc([N+](=O)[O-])ccc1N,CN(C)C(=[O+]c1c(F)c(F)c(F)c(F)c1F)N(C)C.F[P-](F)(F)(F)(F)F,Cn1ccnc1,,,CC#N,CC#N,,COc1ccc2c(c1)c(CC(=O)Nc1ccc([N+](=O)[O-])cc1C)c(C)n2C(=O)c1ccc(Cl)cc1,25.0,86400.0,0.0,0.0,2.559999942779541
COc1ccc2c(c1)c(CC(=O)O)c(C)n2C(=O)c1ccc(Cl)cc1,Cc1ccc2ncccc2c1N,O=C1OCCN1P(=O)(Cl)N1CCOC1=O,CCN(C(C)C)C(C)C,,,CC#N,CC#N,,COc1ccc2c(c1)c(CC(=O)Nc1c(C)ccc3ncccc13)c(C)n2C(=O)c1ccc(Cl)cc1,25.0,86400.0,0.0,0.0,60.810001373291016
COc1ccc2c(c1)c(CC(=O)O)c(C)n2C(=O)c1ccc(Cl)cc1,COC(=O)c1ccc(Cl)cc1N,CN(C)C(=[Cl+])N(C)C.F[P-](F)(F)(F)(F)F,Cn1ccnc1,,,CC#N,CC#N,,COC(=O)c1cc(Cl)ccc1NC(=O)Cc1c(C)n(C(=O)c2ccc(Cl)cc2)c2ccc(OC)cc12,25.0,86400.0,0.0,0.0,2.5999999046325684
COc1ccc2c(c1)c(CC(=O)O)c(C)n2C(=O)c1ccc(Cl)cc1,Cc1cc([N+](=O)[O-])ccc1N,CCOC(=O)C(C#N)=N[O+]=C(N(C)C)N(C)C.F[P-](F)(F)(F)(F)F,CCN(C(C)C)C(C)C,,,C1CCOC1,C1CCOC1,,COc1ccc2c(c1)c(CC(=O)Nc1ccc([N+](=O)[O-])cc1C)c(C)n2C(=O)c1ccc(Cl)cc1,25.0,86400.0,0.0,0.0,10.6899995803833
COc1ccc2c(c1)c(CC(=O)O)c(C)n2C(=O)c1ccc(Cl)cc1,CC(C)c1cccc(C(C)C)c1N,CN(C)C(=[O+]c1c(F)c(F)c(F)c(F)c1F)N(C)C.F[P-](F)(F)(F)(F)F,Cn1ccnc1,,,CC#N,CC#N,,COc1ccc2c(c1)c(CC(=O)Nc1c(C(C)C)cccc1C(C)C)c(C)n2C(=O)c1ccc(Cl)cc1,25.0,86400.0,0.0,0.0,8.069999694824219
COc1ccc2c(c1)c(CC(=O)O)c(C)n2C(=O)c1ccc(Cl)cc1,Nc1cc(-c2ccccc2)nn1-c1ccccc1,CN(C)C(=[O+]n1nnc2cccnc21)N(C)C.F[P-](F)(F)(F)(F)F,CN1CCOCC1,,,CC#N,CC#N,,COc1ccc2c(c1)c(CC(=O)Nc1cc(-c3ccccc3)nn1-c1ccccc1)c(C)n2C(=O)c1ccc(Cl)cc1,25.0,86400.0,0.0,0.0,21.809999465942383
COc1ccc2c(c1)c(CC(=O)O)c(C)n2C(=O)c1ccc(Cl)cc1,CC(C)c1cccc(C(C)C)c1N,F[P-](F)(F)(F)(F)F.c1ccc2c(c1)nnn2O[P+](N1CCCC1)(N1CCCC1)N1CCCC1,Cc1cccc(C)n1,,,CC#N,CC#N,,COc1ccc2c(c1)c(CC(=O)Nc1c(C(C)C)cccc1C(C)C)c(C)n2C(=O)c1ccc(Cl)cc1,25.0,86400.0,0.0,0.0,14.84000015258789
COc1ccc2c(c1)c(CC(=O)O)c(C)n2C(=O)c1ccc(Cl)cc1,Cc1cc(C)c(N)c(Br)c1,CN(C)C(=[Cl+])N(C)C.F[P-](F)(F)(F)(F)F,Cc1cccc(C)n1,,,CN(C)C=O,CN(C)C=O,,COc1ccc2c(c1)c(CC(=O)Nc1c(C)cc(C)cc1Br)c(C)n2C(=O)c1ccc(Cl)cc1,25.0,86400.0,0.0,0.0,20.0
COc1ccc2c(c1)c(CC(=O)O)c(C)n2C(=O)c1ccc(Cl)cc1,CNS(=O)(=O)Cc1ccc(N)cc1,CN(C)C(=[O+]n1nnc2cccnc21)N(C)C.F[P-](F)(F)(F)(F)F,Cc1cccc(C)n1,,,C1CCOC1,C1CCOC1,,CNS(=O)(=O)Cc1ccc(NC(=O)Cc2c(C)n(C(=O)c3ccc(Cl)cc3)c3ccc(OC)cc23)cc1,25.0,86400.0,0.0,0.0,37.52000045776367
COc1ccc2c(c1)c(CC(=O)O)c(C)n2C(=O)c1ccc(Cl)cc1,Cc1cc(C)c(N)c(Br)c1,CN(C)C(=[F+])N(C)C.F[P-](F)(F)(F)(F)F,Cn1ccnc1,,,CC#N,CC#N,,COc1ccc2c(c1)c(CC(=O)Nc1c(C)cc(C)cc1Br)c(C)n2C(=O)c1ccc(Cl)cc1,25.0,86400.0,0.0,0.0,6.760000228881836
COc1ccc2c(c1)c(CC(=O)O)c(C)n2C(=O)c1ccc(Cl)cc1,Cc1cc(C)c(N)c(Br)c1,CCOC(=O)C(C#N)=N[O+]=C(N(C)C)N(C)C.F[P-](F)(F)(F)(F)F,CN1CCOCC1,,,CC#N,CC#N,,COc1ccc2c(c1)c(CC(=O)Nc1c(C)cc(C)cc1Br)c(C)n2C(=O)c1ccc(Cl)cc1,25.0,86400.0,0.0,0.0,11.699999809265137
COc1ccc2c(c1)c(CC(=O)O)c(C)n2C(=O)c1ccc(Cl)cc1,N#Cc1ccc(Cl)c(N)c1,O=C1OCCN1P(=O)(Cl)N1CCOC1=O,Cn1ccnc1,,,C1CCOC1,C1CCOC1,,COc1ccc2c(c1)c(CC(=O)Nc1cc(C#N)ccc1Cl)c(C)n2C(=O)c1ccc(Cl)cc1,25.0,86400.0,0.0,0.0,12.850000381469727
COc1ccc2c(c1)c(CC(=O)O)c(C)n2C(=O)c1ccc(Cl)cc1,CNS(=O)(=O)Cc1ccc(N)cc1,CN(C)C(=[F+])N(C)C.F[P-](F)(F)(F)(F)F,Cn1ccnc1,,,C1CCOC1,C1CCOC1,,CNS(=O)(=O)Cc1ccc(NC(=O)Cc2c(C)n(C(=O)c3ccc(Cl)cc3)c3ccc(OC)cc23)cc1,25.0,86400.0,0.0,0.0,58.029998779296875
COc1ccc2c(c1)c(CC(=O)O)c(C)n2C(=O)c1ccc(Cl)cc1,CC(C)c1cccc(C(C)C)c1N,F[P-](F)(F)(F)(F)F.c1ccc2c(c1)nnn2O[P+](N1CCCC1)(N1CCCC1)N1CCCC1,Cn1ccnc1,,,CN(C)C=O,CN(C)C=O,,COc1ccc2c(c1)c(CC(=O)Nc1c(C(C)C)cccc1C(C)C)c(C)n2C(=O)c1ccc(Cl)cc1,25.0,86400.0,0.0,0.0,34.95000076293945
COc1ccc2c(c1)c(CC(=O)O)c(C)n2C(=O)c1ccc(Cl)cc1,Nc1cc(-c2ccccc2)nn1-c1ccccc1,CCOC(=O)C(C#N)=N[O+]=C(N(C)C)N(C)C.F[P-](F)(F)(F)(F)F,Cn1ccnc1,,,C1CCOC1,C1CCOC1,,COc1ccc2c(c1)c(CC(=O)Nc1cc(-c3ccccc3)nn1-c1ccccc1)c(C)n2C(=O)c1ccc(Cl)cc1,25.0,86400.0,0.0,0.0,23.059999465942383
COc1ccc2c(c1)c(CC(=O)O)c(C)n2C(=O)c1ccc(Cl)cc1,N=c1ccc(Cl)n[nH]1,CCOC(=O)C(C#N)=N[O+]=C(N(C)C)N(C)C.F[P-](F)(F)(F)(F)F,Cn1ccnc1,,,CN(C)C=O,CN(C)C=O,,COc1ccc2c(c1)c(CC(=O)Nc1ccc(Cl)nn1)c(C)n2C(=O)c1ccc(Cl)cc1,25.0,86400.0,0.0,0.0,25.43000030517578
COc1ccc2c(c1)c(CC(=O)O)c(C)n2C(=O)c1ccc(Cl)cc1,Cc1ccc2ncccc2c1N,O=C1OCCN1P(=O)(Cl)N1CCOC1=O,CN1CCOCC1,,,C1CCOC1,C1CCOC1,,COc1ccc2c(c1)c(CC(=O)Nc1c(C)ccc3ncccc13)c(C)n2C(=O)c1ccc(Cl)cc1,25.0,86400.0,0.0,0.0,68.44000244140625
COc1ccc2c(c1)c(CC(=O)O)c(C)n2C(=O)c1ccc(Cl)cc1,COC(=O)c1ccc(Cl)cc1N,CN(C)C(=[O+]n1nnc2cccnc21)N(C)C.F[P-](F)(F)(F)(F)F,CCN(C(C)C)C(C)C,,,C1CCOC1,C1CCOC1,,COC(=O)c1cc(Cl)ccc1NC(=O)Cc1c(C)n(C(=O)c2ccc(Cl)cc2)c2ccc(OC)cc12,25.0,86400.0,0.0,0.0,6.53000020980835
COc1ccc2c(c1)c(CC(=O)O)c(C)n2C(=O)c1ccc(Cl)cc1,CNS(=O)(=O)Cc1ccc(N)cc1,O=C1OCCN1P(=O)(Cl)N1CCOC1=O,CN1CCOCC1,,,CC#N,CC#N,,CNS(=O)(=O)Cc1ccc(NC(=O)Cc2c(C)n(C(=O)c3ccc(Cl)cc3)c3ccc(OC)cc23)cc1,25.0,86400.0,0.0,0.0,53.65999984741211
COc1ccc2c(c1)c(CC(=O)O)c(C)n2C(=O)c1ccc(Cl)cc1,CNS(=O)(=O)Cc1ccc(N)cc1,CN(C)C(=[O+]n1nnc2cccnc21)N(C)C.F[P-](F)(F)(F)(F)F,Cc1cccc(C)n1,,,CN(C)C=O,CN(C)C=O,,CNS(=O)(=O)Cc1ccc(NC(=O)Cc2c(C)n(C(=O)c3ccc(Cl)cc3)c3ccc(OC)cc23)cc1,25.0,86400.0,0.0,0.0,63.34000015258789
COc1ccc2c(c1)c(CC(=O)O)c(C)n2C(=O)c1ccc(Cl)cc1,N#Cc1ccc(Cl)c(N)c1,CN(C)C(=[O+]n1nnc2cccnc21)N(C)C.F[P-](F)(F)(F)(F)F,Cn1ccnc1,,,CN(C)C=O,CN(C)C=O,,COc1ccc2c(c1)c(CC(=O)Nc1cc(C#N)ccc1Cl)c(C)n2C(=O)c1ccc(Cl)cc1,25.0,86400.0,0.0,0.0,7.349999904632568
COc1ccc2c(c1)c(CC(=O)O)c(C)n2C(=O)c1ccc(Cl)cc1,Cc1cc(C)c(N)c(Br)c1,CN(C)C(=[O+]n1nnc2cccnc21)N(C)C.F[P-](F)(F)(F)(F)F,Cc1cccc(C)n1,,,C1CCOC1,C1CCOC1,,COc1ccc2c(c1)c(CC(=O)Nc1c(C)cc(C)cc1Br)c(C)n2C(=O)c1ccc(Cl)cc1,25.0,86400.0,0.0,0.0,2.4600000381469727
COc1ccc2c(c1)c(CC(=O)O)c(C)n2C(=O)c1ccc(Cl)cc1,N=c1ccc(Cl)n[nH]1,CN(C)C(=[O+]n1nnc2cccnc21)N(C)C.F[P-](F)(F)(F)(F)F,CCN(C(C)C)C(C)C,,,CN(C)C=O,CN(C)C=O,,COc1ccc2c(c1)c(CC(=O)Nc1ccc(Cl)nn1)c(C)n2C(=O)c1ccc(Cl)cc1,25.0,86400.0,0.0,0.0,38.790000915527344
COc1ccc2c(c1)c(CC(=O)O)c(C)n2C(=O)c1ccc(Cl)cc1,CNS(=O)(=O)Cc1ccc(N)cc1,CN(C)C(=[Cl+])N(C)C.F[P-](F)(F)(F)(F)F,Cc1cccc(C)n1,,,CN(C)C=O,CN(C)C=O,,CNS(=O)(=O)Cc1ccc(NC(=O)Cc2c(C)n(C(=O)c3ccc(Cl)cc3)c3ccc(OC)cc23)cc1,25.0,86400.0,0.0,0.0,23.420000076293945
COc1ccc2c(c1)c(CC(=O)O)c(C)n2C(=O)c1ccc(Cl)cc1,CC(C)c1cccc(C(C)C)c1N,F[P-](F)(F)(F)(F)F.c1ccc2c(c1)nnn2O[P+](N1CCCC1)(N1CCCC1)N1CCCC1,CN1CCOCC1,,,CC#N,CC#N,,COc1ccc2c(c1)c(CC(=O)Nc1c(C(C)C)cccc1C(C)C)c(C)n2C(=O)c1ccc(Cl)cc1,25.0,86400.0,0.0,0.0,16.719999313354492
COc1ccc2c(c1)c(CC(=O)O)c(C)n2C(=O)c1ccc(Cl)cc1,N=c1ccc(Cl)n[nH]1,CN(C)C(=[F+])N(C)C.F[P-](F)(F)(F)(F)F,Cn1ccnc1,,,CN(C)C=O,CN(C)C=O,,COc1ccc2c(c1)c(CC(=O)Nc1ccc(Cl)nn1)c(C)n2C(=O)c1ccc(Cl)cc1,25.0,86400.0,0.0,0.0,51.47999954223633
COc1ccc2c(c1)c(CC(=O)O)c(C)n2C(=O)c1ccc(Cl)cc1,CC(C)c1cccc(C(C)C)c1N,O=C1OCCN1P(=O)(Cl)N1CCOC1=O,Cc1cccc(C)n1,,,CC#N,CC#N,,COc1ccc2c(c1)c(CC(=O)Nc1c(C(C)C)cccc1C(C)C)c(C)n2C(=O)c1ccc(Cl)cc1,25.0,86400.0,0.0,0.0,5.809999942779541
COc1ccc2c(c1)c(CC(=O)O)c(C)n2C(=O)c1ccc(Cl)cc1,Cc1ccc2ncccc2c1N,O=C1OCCN1P(=O)(Cl)N1CCOC1=O,Cn1ccnc1,,,C1CCOC1,C1CCOC1,,COc1ccc2c(c1)c(CC(=O)Nc1c(C)ccc3ncccc13)c(C)n2C(=O)c1ccc(Cl)cc1,25.0,86400.0,0.0,0.0,75.02999877929688
COc1ccc2c(c1)c(CC(=O)O)c(C)n2C(=O)c1ccc(Cl)cc1,Cc1ccc2ncccc2c1N,CN(C)C(=[O+]n1nnc2cccnc21)N(C)C.F[P-](F)(F)(F)(F)F,Cc1cccc(C)n1,,,CC#N,CC#N,,COc1ccc2c(c1)c(CC(=O)Nc1c(C)ccc3ncccc13)c(C)n2C(=O)c1ccc(Cl)cc1,25.0,86400.0,0.0,0.0,25.690000534057617
COc1ccc2c(c1)c(CC(=O)O)c(C)n2C(=O)c1ccc(Cl)cc1,Cc1cc(C)c(N)c(Br)c1,CN(C)C(=[O+]c1c(F)c(F)c(F)c(F)c1F)N(C)C.F[P-](F)(F)(F)(F)F,Cc1cccc(C)n1,,,CC#N,CC#N,,COc1ccc2c(c1)c(CC(=O)Nc1c(C)cc(C)cc1Br)c(C)n2C(=O)c1ccc(Cl)cc1,25.0,86400.0,0.0,0.0,1.2699999809265137
COc1ccc2c(c1)c(CC(=O)O)c(C)n2C(=O)c1ccc(Cl)cc1,N=c1ccc(Cl)n[nH]1,CCOC(=O)C(C#N)=N[O+]=C(N(C)C)N(C)C.F[P-](F)(F)(F)(F)F,CN1CCOCC1,,,C1CCOC1,C1CCOC1,,COc1ccc2c(c1)c(CC(=O)Nc1ccc(Cl)nn1)c(C)n2C(=O)c1ccc(Cl)cc1,25.0,86400.0,0.0,0.0,30.040000915527344
COc1ccc2c(c1)c(CC(=O)O)c(C)n2C(=O)c1ccc(Cl)cc1,CNS(=O)(=O)Cc1ccc(N)cc1,F[P-](F)(F)(F)(F)F.c1ccc2c(c1)nnn2O[P+](N1CCCC1)(N1CCCC1)N1CCCC1,CN1CCOCC1,,,CN(C)C=O,CN(C)C=O,,CNS(=O)(=O)Cc1ccc(NC(=O)Cc2c(C)n(C(=O)c3ccc(Cl)cc3)c3ccc(OC)cc23)cc1,25.0,86400.0,0.0,0.0,56.220001220703125
COc1ccc2c(c1)c(CC(=O)O)c(C)n2C(=O)c1ccc(Cl)cc1,COC(=O)c1ccc(Cl)cc1N,O=C1OCCN1P(=O)(Cl)N1CCOC1=O,Cc1cccc(C)n1,,,CN(C)C=O,CN(C)C=O,,COC(=O)c1cc(Cl)ccc1NC(=O)Cc1c(C)n(C(=O)c2ccc(Cl)cc2)c2ccc(OC)cc12,25.0,86400.0,0.0,0.0,4.210000038146973
COc1ccc2c(c1)c(CC(=O)O)c(C)n2C(=O)c1ccc(Cl)cc1,COC(=O)c1ccc(Cl)cc1N,CCOC(=O)C(C#N)=N[O+]=C(N(C)C)N(C)C.F[P-](F)(F)(F)(F)F,CCN(C(C)C)C(C)C,,,CN(C)C=O,CN(C)C=O,,COC(=O)c1cc(Cl)ccc1NC(=O)Cc1c(C)n(C(=O)c2ccc(Cl)cc2)c2ccc(OC)cc12,25.0,86400.0,0.0,0.0,17.729999542236328
COc1ccc2c(c1)c(CC(=O)O)c(C)n2C(=O)c1ccc(Cl)cc1,Nc1cc(-c2ccccc2)nn1-c1ccccc1,CN(C)C(=[O+]n1nnc2cccnc21)N(C)C.F[P-](F)(F)(F)(F)F,CCN(C(C)C)C(C)C,,,CC#N,CC#N,,COc1ccc2c(c1)c(CC(=O)Nc1cc(-c3ccccc3)nn1-c1ccccc1)c(C)n2C(=O)c1ccc(Cl)cc1,25.0,86400.0,0.0,0.0,32.900001525878906
COc1ccc2c(c1)c(CC(=O)O)c(C)n2C(=O)c1ccc(Cl)cc1,N#Cc1ccc(N)cc1C(F)(F)F,O=P(Cl)(c1ccccc1)c1ccccc1,CCN(C(C)C)C(C)C,,,CN(C)C=O,CN(C)C=O,,COc1ccc2c(c1)c(CC(=O)Nc1ccc(C#N)c(C(F)(F)F)c1)c(C)n2C(=O)c1ccc(Cl)cc1,25.0,86400.0,0.0,0.0,37.72999954223633
COc1ccc2c(c1)c(CC(=O)O)c(C)n2C(=O)c1ccc(Cl)cc1,COC(=O)c1ccc(Cl)cc1N,CCOC(=O)C(C#N)=N[O+]=C(N(C)C)N(C)C.F[P-](F)(F)(F)(F)F,CN1CCOCC1,,,C1CCOC1,C1CCOC1,,COC(=O)c1cc(Cl)ccc1NC(=O)Cc1c(C)n(C(=O)c2ccc(Cl)cc2)c2ccc(OC)cc12,25.0,86400.0,0.0,0.0,16.700000762939453
COc1ccc2c(c1)c(CC(=O)O)c(C)n2C(=O)c1ccc(Cl)cc1,CNS(=O)(=O)Cc1ccc(N)cc1,CN(C)C(=[Cl+])N(C)C.F[P-](F)(F)(F)(F)F,Cn1ccnc1,,,C1CCOC1,C1CCOC1,,CNS(=O)(=O)Cc1ccc(NC(=O)Cc2c(C)n(C(=O)c3ccc(Cl)cc3)c3ccc(OC)cc23)cc1,25.0,86400.0,0.0,0.0,61.16999816894531
COc1ccc2c(c1)c(CC(=O)O)c(C)n2C(=O)c1ccc(Cl)cc1,CNS(=O)(=O)Cc1ccc(N)cc1,CN(C)C(=[F+])N(C)C.F[P-](F)(F)(F)(F)F,Cc1cccc(C)n1,,,C1CCOC1,C1CCOC1,,CNS(=O)(=O)Cc1ccc(NC(=O)Cc2c(C)n(C(=O)c3ccc(Cl)cc3)c3ccc(OC)cc23)cc1,25.0,86400.0,0.0,0.0,20.309999465942383
COc1ccc2c(c1)c(CC(=O)O)c(C)n2C(=O)c1ccc(Cl)cc1,Nc1cc(-c2ccccc2)nn1-c1ccccc1,O=P(Cl)(c1ccccc1)c1ccccc1,CN1CCOCC1,,,CN(C)C=O,CN(C)C=O,,COc1ccc2c(c1)c(CC(=O)Nc1cc(-c3ccccc3)nn1-c1ccccc1)c(C)n2C(=O)c1ccc(Cl)cc1,25.0,86400.0,0.0,0.0,50.279998779296875
COc1ccc2c(c1)c(CC(=O)O)c(C)n2C(=O)c1ccc(Cl)cc1,N=c1ccc(Cl)n[nH]1,O=P(Cl)(c1ccccc1)c1ccccc1,Cc1cccc(C)n1,,,C1CCOC1,C1CCOC1,,COc1ccc2c(c1)c(CC(=O)Nc1ccc(Cl)nn1)c(C)n2C(=O)c1ccc(Cl)cc1,25.0,86400.0,0.0,0.0,15.489999771118164
COc1ccc2c(c1)c(CC(=O)O)c(C)n2C(=O)c1ccc(Cl)cc1,Cc1cc(C)c(N)c(Br)c1,F[P-](F)(F)(F)(F)F.c1ccc2c(c1)nnn2O[P+](N1CCCC1)(N1CCCC1)N1CCCC1,Cn1ccnc1,,,CC#N,CC#N,,COc1ccc2c(c1)c(CC(=O)Nc1c(C)cc(C)cc1Br)c(C)n2C(=O)c1ccc(Cl)cc1,25.0,86400.0,0.0,0.0,21.139999389648438
COc1ccc2c(c1)c(CC(=O)O)c(C)n2C(=O)c1ccc(Cl)cc1,Cc1ccc2ncccc2c1N,CN(C)C(=[Cl+])N(C)C.F[P-](F)(F)(F)(F)F,Cc1cccc(C)n1,,,CC#N,CC#N,,COc1ccc2c(c1)c(CC(=O)Nc1c(C)ccc3ncccc13)c(C)n2C(=O)c1ccc(Cl)cc1,25.0,86400.0,0.0,0.0,35.63999938964844
COc1ccc2c(c1)c(CC(=O)O)c(C)n2C(=O)c1ccc(Cl)cc1,Cc1ccc2ncccc2c1N,O=P(Cl)(c1ccccc1)c1ccccc1,Cn1ccnc1,,,C1CCOC1,C1CCOC1,,COc1ccc2c(c1)c(CC(=O)Nc1c(C)ccc3ncccc13)c(C)n2C(=O)c1ccc(Cl)cc1,25.0,86400.0,0.0,0.0,70.02999877929688
COc1ccc2c(c1)c(CC(=O)O)c(C)n2C(=O)c1ccc(Cl)cc1,COC(=O)c1ccc(Cl)cc1N,CN(C)C(=[F+])N(C)C.F[P-](F)(F)(F)(F)F,Cn1ccnc1,,,CN(C)C=O,CN(C)C=O,,COC(=O)c1cc(Cl)ccc1NC(=O)Cc1c(C)n(C(=O)c2ccc(Cl)cc2)c2ccc(OC)cc12,25.0,86400.0,0.0,0.0,2.0
COc1ccc2c(c1)c(CC(=O)O)c(C)n2C(=O)c1ccc(Cl)cc1,COC(=O)c1ccc(Cl)cc1N,CN(C)C(=[O+]c1c(F)c(F)c(F)c(F)c1F)N(C)C.F[P-](F)(F)(F)(F)F,CN1CCOCC1,,,CC#N,CC#N,,COC(=O)c1cc(Cl)ccc1NC(=O)Cc1c(C)n(C(=O)c2ccc(Cl)cc2)c2ccc(OC)cc12,25.0,86400.0,0.0,0.0,12.520000457763672
COc1ccc2c(c1)c(CC(=O)O)c(C)n2C(=O)c1ccc(Cl)cc1,Cc1ccc2ncccc2c1N,CCOC(=O)C(C#N)=N[O+]=C(N(C)C)N(C)C.F[P-](F)(F)(F)(F)F,CCN(C(C)C)C(C)C,,,CN(C)C=O,CN(C)C=O,,COc1ccc2c(c1)c(CC(=O)Nc1c(C)ccc3ncccc13)c(C)n2C(=O)c1ccc(Cl)cc1,25.0,86400.0,0.0,0.0,9.59000015258789
COc1ccc2c(c1)c(CC(=O)O)c(C)n2C(=O)c1ccc(Cl)cc1,N#Cc1ccc(Cl)c(N)c1,O=C1OCCN1P(=O)(Cl)N1CCOC1=O,Cn1ccnc1,,,CN(C)C=O,CN(C)C=O,,COc1ccc2c(c1)c(CC(=O)Nc1cc(C#N)ccc1Cl)c(C)n2C(=O)c1ccc(Cl)cc1,25.0,86400.0,0.0,0.0,19.040000915527344
COc1ccc2c(c1)c(CC(=O)O)c(C)n2C(=O)c1ccc(Cl)cc1,CNS(=O)(=O)Cc1ccc(N)cc1,F[P-](F)(F)(F)(F)F.c1ccc2c(c1)nnn2O[P+](N1CCCC1)(N1CCCC1)N1CCCC1,CCN(C(C)C)C(C)C,,,C1CCOC1,C1CCOC1,,CNS(=O)(=O)Cc1ccc(NC(=O)Cc2c(C)n(C(=O)c3ccc(Cl)cc3)c3ccc(OC)cc23)cc1,25.0,86400.0,0.0,0.0,56.400001525878906
COc1ccc2c(c1)c(CC(=O)O)c(C)n2C(=O)c1ccc(Cl)cc1,COC(=O)c1ccc(Cl)cc1N,CN(C)C(=[F+])N(C)C.F[P-](F)(F)(F)(F)F,CN1CCOCC1,,,C1CCOC1,C1CCOC1,,COC(=O)c1cc(Cl)ccc1NC(=O)Cc1c(C)n(C(=O)c2ccc(Cl)cc2)c2ccc(OC)cc12,25.0,86400.0,0.0,0.0,17.579999923706055
COc1ccc2c(c1)c(CC(=O)O)c(C)n2C(=O)c1ccc(Cl)cc1,N=c1ccc(Cl)n[nH]1,F[P-](F)(F)(F)(F)F.c1ccc2c(c1)nnn2O[P+](N1CCCC1)(N1CCCC1)N1CCCC1,CN1CCOCC1,,,C1CCOC1,C1CCOC1,,COc1ccc2c(c1)c(CC(=O)Nc1ccc(Cl)nn1)c(C)n2C(=O)c1ccc(Cl)cc1,25.0,86400.0,0.0,0.0,20.719999313354492
COc1ccc2c(c1)c(CC(=O)O)c(C)n2C(=O)c1ccc(Cl)cc1,Cc1ccc2ncccc2c1N,CN(C)C(=[Cl+])N(C)C.F[P-](F)(F)(F)(F)F,CN1CCOCC1,,,CC#N,CC#N,,COc1ccc2c(c1)c(CC(=O)Nc1c(C)ccc3ncccc13)c(C)n2C(=O)c1ccc(Cl)cc1,25.0,86400.0,0.0,0.0,74.94000244140625
COc1ccc2c(c1)c(CC(=O)O)c(C)n2C(=O)c1ccc(Cl)cc1,Cc1cc(C)c(N)c(Br)c1,O=P(Cl)(c1ccccc1)c1ccccc1,Cc1cccc(C)n1,,,C1CCOC1,C1CCOC1,,COc1ccc2c(c1)c(CC(=O)Nc1c(C)cc(C)cc1Br)c(C)n2C(=O)c1ccc(Cl)cc1,25.0,86400.0,0.0,0.0,6.789999961853027
COc1ccc2c(c1)c(CC(=O)O)c(C)n2C(=O)c1ccc(Cl)cc1,Cc1cc(C)c(N)c(Br)c1,CCOC(=O)C(C#N)=N[O+]=C(N(C)C)N(C)C.F[P-](F)(F)(F)(F)F,Cc1cccc(C)n1,,,CN(C)C=O,CN(C)C=O,,COc1ccc2c(c1)c(CC(=O)Nc1c(C)cc(C)cc1Br)c(C)n2C(=O)c1ccc(Cl)cc1,25.0,86400.0,0.0,0.0,3.880000114440918
COc1ccc2c(c1)c(CC(=O)O)c(C)n2C(=O)c1ccc(Cl)cc1,N#Cc1ccc(Cl)c(N)c1,CN(C)C(=[O+]c1c(F)c(F)c(F)c(F)c1F)N(C)C.F[P-](F)(F)(F)(F)F,CCN(C(C)C)C(C)C,,,CN(C)C=O,CN(C)C=O,,COc1ccc2c(c1)c(CC(=O)Nc1cc(C#N)ccc1Cl)c(C)n2C(=O)c1ccc(Cl)cc1,25.0,86400.0,0.0,0.0,29.309999465942383
COc1ccc2c(c1)c(CC(=O)O)c(C)n2C(=O)c1ccc(Cl)cc1,Cc1cc(C)c(N)c(Br)c1,CN(C)C(=[O+]c1c(F)c(F)c(F)c(F)c1F)N(C)C.F[P-](F)(F)(F)(F)F,Cc1cccc(C)n1,,,CN(C)C=O,CN(C)C=O,,COc1ccc2c(c1)c(CC(=O)Nc1c(C)cc(C)cc1Br)c(C)n2C(=O)c1ccc(Cl)cc1,25.0,86400.0,0.0,0.0,3.0
COc1ccc2c(c1)c(CC(=O)O)c(C)n2C(=O)c1ccc(Cl)cc1,Nc1cc(-c2ccccc2)nn1-c1ccccc1,CN(C)C(=[O+]n1nnc2cccnc21)N(C)C.F[P-](F)(F)(F)(F)F,CCN(C(C)C)C(C)C,,,C1CCOC1,C1CCOC1,,COc1ccc2c(c1)c(CC(=O)Nc1cc(-c3ccccc3)nn1-c1ccccc1)c(C)n2C(=O)c1ccc(Cl)cc1,25.0,86400.0,0.0,0.0,14.15999984741211
COc1ccc2c(c1)c(CC(=O)O)c(C)n2C(=O)c1ccc(Cl)cc1,N#Cc1ccc(N)cc1C(F)(F)F,O=P(Cl)(c1ccccc1)c1ccccc1,CN1CCOCC1,,,CN(C)C=O,CN(C)C=O,,COc1ccc2c(c1)c(CC(=O)Nc1ccc(C#N)c(C(F)(F)F)c1)c(C)n2C(=O)c1ccc(Cl)cc1,25.0,86400.0,0.0,0.0,40.130001068115234
COc1ccc2c(c1)c(CC(=O)O)c(C)n2C(=O)c1ccc(Cl)cc1,N=c1ccc(Cl)n[nH]1,CCOC(=O)C(C#N)=N[O+]=C(N(C)C)N(C)C.F[P-](F)(F)(F)(F)F,Cn1ccnc1,,,CC#N,CC#N,,COc1ccc2c(c1)c(CC(=O)Nc1ccc(Cl)nn1)c(C)n2C(=O)c1ccc(Cl)cc1,25.0,86400.0,0.0,0.0,27.8700008392334
COc1ccc2c(c1)c(CC(=O)O)c(C)n2C(=O)c1ccc(Cl)cc1,Nc1cc(-c2ccccc2)nn1-c1ccccc1,CN(C)C(=[O+]c1c(F)c(F)c(F)c(F)c1F)N(C)C.F[P-](F)(F)(F)(F)F,Cc1cccc(C)n1,,,CN(C)C=O,CN(C)C=O,,COc1ccc2c(c1)c(CC(=O)Nc1cc(-c3ccccc3)nn1-c1ccccc1)c(C)n2C(=O)c1ccc(Cl)cc1,25.0,86400.0,0.0,0.0,2.640000104904175
COc1ccc2c(c1)c(CC(=O)O)c(C)n2C(=O)c1ccc(Cl)cc1,Cc1cc([N+](=O)[O-])ccc1N,CN(C)C(=[O+]n1nnc2cccnc21)N(C)C.F[P-](F)(F)(F)(F)F,Cn1ccnc1,,,C1CCOC1,C1CCOC1,,COc1ccc2c(c1)c(CC(=O)Nc1ccc([N+](=O)[O-])cc1C)c(C)n2C(=O)c1ccc(Cl)cc1,25.0,86400.0,0.0,0.0,3.0299999713897705
COc1ccc2c(c1)c(CC(=O)O)c(C)n2C(=O)c1ccc(Cl)cc1,N=c1ccc(Cl)n[nH]1,CN(C)C(=[Cl+])N(C)C.F[P-](F)(F)(F)(F)F,Cn1ccnc1,,,CC#N,CC#N,,COc1ccc2c(c1)c(CC(=O)Nc1ccc(Cl)nn1)c(C)n2C(=O)c1ccc(Cl)cc1,25.0,86400.0,0.0,0.0,52.25
COc1ccc2c(c1)c(CC(=O)O)c(C)n2C(=O)c1ccc(Cl)cc1,CC(C)c1cccc(C(C)C)c1N,CCOC(=O)C(C#N)=N[O+]=C(N(C)C)N(C)C.F[P-](F)(F)(F)(F)F,CCN(C(C)C)C(C)C,,,C1CCOC1,C1CCOC1,,COc1ccc2c(c1)c(CC(=O)Nc1c(C(C)C)cccc1C(C)C)c(C)n2C(=O)c1ccc(Cl)cc1,25.0,86400.0,0.0,0.0,24.06999969482422
COc1ccc2c(c1)c(CC(=O)O)c(C)n2C(=O)c1ccc(Cl)cc1,CC(C)c1cccc(C(C)C)c1N,O=P(Cl)(c1ccccc1)c1ccccc1,CCN(C(C)C)C(C)C,,,CN(C)C=O,CN(C)C=O,,COc1ccc2c(c1)c(CC(=O)Nc1c(C(C)C)cccc1C(C)C)c(C)n2C(=O)c1ccc(Cl)cc1,25.0,86400.0,0.0,0.0,12.920000076293945
COc1ccc2c(c1)c(CC(=O)O)c(C)n2C(=O)c1ccc(Cl)cc1,Cc1cc([N+](=O)[O-])ccc1N,CN(C)C(=[F+])N(C)C.F[P-](F)(F)(F)(F)F,Cn1ccnc1,,,CN(C)C=O,CN(C)C=O,,COc1ccc2c(c1)c(CC(=O)Nc1ccc([N+](=O)[O-])cc1C)c(C)n2C(=O)c1ccc(Cl)cc1,25.0,86400.0,0.0,0.0,1.5800000429153442
COc1ccc2c(c1)c(CC(=O)O)c(C)n2C(=O)c1ccc(Cl)cc1,N#Cc1ccc(N)cc1C(F)(F)F,CN(C)C(=[F+])N(C)C.F[P-](F)(F)(F)(F)F,CCN(C(C)C)C(C)C,,,C1CCOC1,C1CCOC1,,COc1ccc2c(c1)c(CC(=O)Nc1ccc(C#N)c(C(F)(F)F)c1)c(C)n2C(=O)c1ccc(Cl)cc1,25.0,86400.0,0.0,0.0,9.460000038146973
COc1ccc2c(c1)c(CC(=O)O)c(C)n2C(=O)c1ccc(Cl)cc1,N=c1ccc(Cl)n[nH]1,CN(C)C(=[O+]n1nnc2cccnc21)N(C)C.F[P-](F)(F)(F)(F)F,CN1CCOCC1,,,CN(C)C=O,CN(C)C=O,,COc1ccc2c(c1)c(CC(=O)Nc1ccc(Cl)nn1)c(C)n2C(=O)c1ccc(Cl)cc1,25.0,86400.0,0.0,0.0,31.219999313354492
COc1ccc2c(c1)c(CC(=O)O)c(C)n2C(=O)c1ccc(Cl)cc1,Cc1cc([N+](=O)[O-])ccc1N,O=P(Cl)(c1ccccc1)c1ccccc1,Cn1ccnc1,,,CN(C)C=O,CN(C)C=O,,COc1ccc2c(c1)c(CC(=O)Nc1ccc([N+](=O)[O-])cc1C)c(C)n2C(=O)c1ccc(Cl)cc1,25.0,86400.0,0.0,0.0,2.6700000762939453
COc1ccc2c(c1)c(CC(=O)O)c(C)n2C(=O)c1ccc(Cl)cc1,Cc1ccc2ncccc2c1N,O=P(Cl)(c1ccccc1)c1ccccc1,CN1CCOCC1,,,CN(C)C=O,CN(C)C=O,,COc1ccc2c(c1)c(CC(=O)Nc1c(C)ccc3ncccc13)c(C)n2C(=O)c1ccc(Cl)cc1,25.0,86400.0,0.0,0.0,67.72000122070312
COc1ccc2c(c1)c(CC(=O)O)c(C)n2C(=O)c1ccc(Cl)cc1,CNS(=O)(=O)Cc1ccc(N)cc1,CN(C)C(=[O+]n1nnc2cccnc21)N(C)C.F[P-](F)(F)(F)(F)F,CCN(C(C)C)C(C)C,,,CN(C)C=O,CN(C)C=O,,CNS(=O)(=O)Cc1ccc(NC(=O)Cc2c(C)n(C(=O)c3ccc(Cl)cc3)c3ccc(OC)cc23)cc1,25.0,86400.0,0.0,0.0,52.220001220703125
COc1ccc2c(c1)c(CC(=O)O)c(C)n2C(=O)c1ccc(Cl)cc1,N#Cc1ccc(N)cc1C(F)(F)F,F[P-](F)(F)(F)(F)F.c1ccc2c(c1)nnn2O[P+](N1CCCC1)(N1CCCC1)N1CCCC1,Cc1cccc(C)n1,,,CC#N,CC#N,,COc1ccc2c(c1)c(CC(=O)Nc1ccc(C#N)c(C(F)(F)F)c1)c(C)n2C(=O)c1ccc(Cl)cc1,25.0,86400.0,0.0,0.0,11.84000015258789
COc1ccc2c(c1)c(CC(=O)O)c(C)n2C(=O)c1ccc(Cl)cc1,Cc1cc([N+](=O)[O-])ccc1N,CN(C)C(=[O+]n1nnc2cccnc21)N(C)C.F[P-](F)(F)(F)(F)F,CN1CCOCC1,,,CC#N,CC#N,,COc1ccc2c(c1)c(CC(=O)Nc1ccc([N+](=O)[O-])cc1C)c(C)n2C(=O)c1ccc(Cl)cc1,25.0,86400.0,0.0,0.0,4.849999904632568
COc1ccc2c(c1)c(CC(=O)O)c(C)n2C(=O)c1ccc(Cl)cc1,CC(C)c1cccc(C(C)C)c1N,CN(C)C(=[F+])N(C)C.F[P-](F)(F)(F)(F)F,CCN(C(C)C)C(C)C,,,C1CCOC1,C1CCOC1,,COc1ccc2c(c1)c(CC(=O)Nc1c(C(C)C)cccc1C(C)C)c(C)n2C(=O)c1ccc(Cl)cc1,25.0,86400.0,0.0,0.0,7.679999828338623
COc1ccc2c(c1)c(CC(=O)O)c(C)n2C(=O)c1ccc(Cl)cc1,Cc1cc([N+](=O)[O-])ccc1N,CN(C)C(=[O+]c1c(F)c(F)c(F)c(F)c1F)N(C)C.F[P-](F)(F)(F)(F)F,Cc1cccc(C)n1,,,CN(C)C=O,CN(C)C=O,,COc1ccc2c(c1)c(CC(=O)Nc1ccc([N+](=O)[O-])cc1C)c(C)n2C(=O)c1ccc(Cl)cc1,25.0,86400.0,0.0,0.0,0.47999998927116394
COc1ccc2c(c1)c(CC(=O)O)c(C)n2C(=O)c1ccc(Cl)cc1,Cc1cc([N+](=O)[O-])ccc1N,CN(C)C(=[O+]c1c(F)c(F)c(F)c(F)c1F)N(C)C.F[P-](F)(F)(F)(F)F,CCN(C(C)C)C(C)C,,,C1CCOC1,C1CCOC1,,COc1ccc2c(c1)c(CC(=O)Nc1ccc([N+](=O)[O-])cc1C)c(C)n2C(=O)c1ccc(Cl)cc1,25.0,86400.0,0.0,0.0,0.41999998688697815
COc1ccc2c(c1)c(CC(=O)O)c(C)n2C(=O)c1ccc(Cl)cc1,CC(C)c1cccc(C(C)C)c1N,CN(C)C(=[O+]n1nnc2cccnc21)N(C)C.F[P-](F)(F)(F)(F)F,CCN(C(C)C)C(C)C,,,CN(C)C=O,CN(C)C=O,,COc1ccc2c(c1)c(CC(=O)Nc1c(C(C)C)cccc1C(C)C)c(C)n2C(=O)c1ccc(Cl)cc1,25.0,86400.0,0.0,0.0,11.279999732971191
COc1ccc2c(c1)c(CC(=O)O)c(C)n2C(=O)c1ccc(Cl)cc1,N#Cc1ccc(Cl)c(N)c1,CCOC(=O)C(C#N)=N[O+]=C(N(C)C)N(C)C.F[P-](F)(F)(F)(F)F,Cn1ccnc1,,,CN(C)C=O,CN(C)C=O,,COc1ccc2c(c1)c(CC(=O)Nc1cc(C#N)ccc1Cl)c(C)n2C(=O)c1ccc(Cl)cc1,25.0,86400.0,0.0,0.0,14.149999618530273
COc1ccc2c(c1)c(CC(=O)O)c(C)n2C(=O)c1ccc(Cl)cc1,N#Cc1ccc(N)cc1C(F)(F)F,CCOC(=O)C(C#N)=N[O+]=C(N(C)C)N(C)C.F[P-](F)(F)(F)(F)F,CCN(C(C)C)C(C)C,,,CN(C)C=O,CN(C)C=O,,COc1ccc2c(c1)c(CC(=O)Nc1ccc(C#N)c(C(F)(F)F)c1)c(C)n2C(=O)c1ccc(Cl)cc1,25.0,86400.0,0.0,0.0,5.039999961853027
COc1ccc2c(c1)c(CC(=O)O)c(C)n2C(=O)c1ccc(Cl)cc1,Cc1cc(C)c(N)c(Br)c1,O=C1OCCN1P(=O)(Cl)N1CCOC1=O,CN1CCOCC1,,,CC#N,CC#N,,COc1ccc2c(c1)c(CC(=O)Nc1c(C)cc(C)cc1Br)c(C)n2C(=O)c1ccc(Cl)cc1,25.0,86400.0,0.0,0.0,16.93000030517578
COc1ccc2c(c1)c(CC(=O)O)c(C)n2C(=O)c1ccc(Cl)cc1,Cc1cc(C)c(N)c(Br)c1,O=C1OCCN1P(=O)(Cl)N1CCOC1=O,Cn1ccnc1,,,CC#N,CC#N,,COc1ccc2c(c1)c(CC(=O)Nc1c(C)cc(C)cc1Br)c(C)n2C(=O)c1ccc(Cl)cc1,25.0,86400.0,0.0,0.0,6.920000076293945
COc1ccc2c(c1)c(CC(=O)O)c(C)n2C(=O)c1ccc(Cl)cc1,N=c1ccc(Cl)n[nH]1,O=C1OCCN1P(=O)(Cl)N1CCOC1=O,CCN(C(C)C)C(C)C,,,CN(C)C=O,CN(C)C=O,,COc1ccc2c(c1)c(CC(=O)Nc1ccc(Cl)nn1)c(C)n2C(=O)c1ccc(Cl)cc1,25.0,86400.0,0.0,0.0,11.359999656677246
COc1ccc2c(c1)c(CC(=O)O)c(C)n2C(=O)c1ccc(Cl)cc1,N#Cc1ccc(Cl)c(N)c1,O=C1OCCN1P(=O)(Cl)N1CCOC1=O,CN1CCOCC1,,,CN(C)C=O,CN(C)C=O,,COc1ccc2c(c1)c(CC(=O)Nc1cc(C#N)ccc1Cl)c(C)n2C(=O)c1ccc(Cl)cc1,25.0,86400.0,0.0,0.0,26.8799991607666
COc1ccc2c(c1)c(CC(=O)O)c(C)n2C(=O)c1ccc(Cl)cc1,N#Cc1ccc(N)cc1C(F)(F)F,F[P-](F)(F)(F)(F)F.c1ccc2c(c1)nnn2O[P+](N1CCCC1)(N1CCCC1)N1CCCC1,CN1CCOCC1,,,CC#N,CC#N,,COc1ccc2c(c1)c(CC(=O)Nc1ccc(C#N)c(C(F)(F)F)c1)c(C)n2C(=O)c1ccc(Cl)cc1,25.0,86400.0,0.0,0.0,0.4300000071525574
COc1ccc2c(c1)c(CC(=O)O)c(C)n2C(=O)c1ccc(Cl)cc1,N=c1ccc(Cl)n[nH]1,O=P(Cl)(c1ccccc1)c1ccccc1,CN1CCOCC1,,,C1CCOC1,C1CCOC1,,COc1ccc2c(c1)c(CC(=O)Nc1ccc(Cl)nn1)c(C)n2C(=O)c1ccc(Cl)cc1,25.0,86400.0,0.0,0.0,56.380001068115234
COc1ccc2c(c1)c(CC(=O)O)c(C)n2C(=O)c1ccc(Cl)cc1,CC(C)c1cccc(C(C)C)c1N,F[P-](F)(F)(F)(F)F.c1ccc2c(c1)nnn2O[P+](N1CCCC1)(N1CCCC1)N1CCCC1,Cn1ccnc1,,,C1CCOC1,C1CCOC1,,COc1ccc2c(c1)c(CC(=O)Nc1c(C(C)C)cccc1C(C)C)c(C)n2C(=O)c1ccc(Cl)cc1,25.0,86400.0,0.0,0.0,14.199999809265137
COc1ccc2c(c1)c(CC(=O)O)c(C)n2C(=O)c1ccc(Cl)cc1,CC(C)c1cccc(C(C)C)c1N,F[P-](F)(F)(F)(F)F.c1ccc2c(c1)nnn2O[P+](N1CCCC1)(N1CCCC1)N1CCCC1,CN1CCOCC1,,,CN(C)C=O,CN(C)C=O,,COc1ccc2c(c1)c(CC(=O)Nc1c(C(C)C)cccc1C(C)C)c(C)n2C(=O)c1ccc(Cl)cc1,25.0,86400.0,0.0,0.0,33.65999984741211
COc1ccc2c(c1)c(CC(=O)O)c(C)n2C(=O)c1ccc(Cl)cc1,N#Cc1ccc(Cl)c(N)c1,CN(C)C(=[O+]c1c(F)c(F)c(F)c(F)c1F)N(C)C.F[P-](F)(F)(F)(F)F,CN1CCOCC1,,,CN(C)C=O,CN(C)C=O,,COc1ccc2c(c1)c(CC(=O)Nc1cc(C#N)ccc1Cl)c(C)n2C(=O)c1ccc(Cl)cc1,25.0,86400.0,0.0,0.0,2.890000104904175
COc1ccc2c(c1)c(CC(=O)O)c(C)n2C(=O)c1ccc(Cl)cc1,COC(=O)c1ccc(Cl)cc1N,CN(C)C(=[Cl+])N(C)C.F[P-](F)(F)(F)(F)F,CN1CCOCC1,,,C1CCOC1,C1CCOC1,,COC(=O)c1cc(Cl)ccc1NC(=O)Cc1c(C)n(C(=O)c2ccc(Cl)cc2)c2ccc(OC)cc12,25.0,86400.0,0.0,0.0,1.9700000286102295
COc1ccc2c(c1)c(CC(=O)O)c(C)n2C(=O)c1ccc(Cl)cc1,COC(=O)c1ccc(Cl)cc1N,F[P-](F)(F)(F)(F)F.c1ccc2c(c1)nnn2O[P+](N1CCCC1)(N1CCCC1)N1CCCC1,CN1CCOCC1,,,CC#N,CC#N,,COC(=O)c1cc(Cl)ccc1NC(=O)Cc1c(C)n(C(=O)c2ccc(Cl)cc2)c2ccc(OC)cc12,25.0,86400.0,0.0,0.0,17.649999618530273
COc1ccc2c(c1)c(CC(=O)O)c(C)n2C(=O)c1ccc(Cl)cc1,Cc1ccc2ncccc2c1N,CN(C)C(=[F+])N(C)C.F[P-](F)(F)(F)(F)F,Cn1ccnc1,,,CC#N,CC#N,,COc1ccc2c(c1)c(CC(=O)Nc1c(C)ccc3ncccc13)c(C)n2C(=O)c1ccc(Cl)cc1,25.0,86400.0,0.0,0.0,44.970001220703125
COc1ccc2c(c1)c(CC(=O)O)c(C)n2C(=O)c1ccc(Cl)cc1,N#Cc1ccc(N)cc1C(F)(F)F,F[P-](F)(F)(F)(F)F.c1ccc2c(c1)nnn2O[P+](N1CCCC1)(N1CCCC1)N1CCCC1,CCN(C(C)C)C(C)C,,,C1CCOC1,C1CCOC1,,COc1ccc2c(c1)c(CC(=O)Nc1ccc(C#N)c(C(F)(F)F)c1)c(C)n2C(=O)c1ccc(Cl)cc1,25.0,86400.0,0.0,0.0,0.8600000143051147
COc1ccc2c(c1)c(CC(=O)O)c(C)n2C(=O)c1ccc(Cl)cc1,CNS(=O)(=O)Cc1ccc(N)cc1,O=P(Cl)(c1ccccc1)c1ccccc1,Cn1ccnc1,,,CN(C)C=O,CN(C)C=O,,CNS(=O)(=O)Cc1ccc(NC(=O)Cc2c(C)n(C(=O)c3ccc(Cl)cc3)c3ccc(OC)cc23)cc1,25.0,86400.0,0.0,0.0,39.869998931884766
COc1ccc2c(c1)c(CC(=O)O)c(C)n2C(=O)c1ccc(Cl)cc1,CC(C)c1cccc(C(C)C)c1N,CN(C)C(=[O+]c1c(F)c(F)c(F)c(F)c1F)N(C)C.F[P-](F)(F)(F)(F)F,CCN(C(C)C)C(C)C,,,CN(C)C=O,CN(C)C=O,,COc1ccc2c(c1)c(CC(=O)Nc1c(C(C)C)cccc1C(C)C)c(C)n2C(=O)c1ccc(Cl)cc1,25.0,86400.0,0.0,0.0,21.149999618530273
COc1ccc2c(c1)c(CC(=O)O)c(C)n2C(=O)c1ccc(Cl)cc1,N#Cc1ccc(N)cc1C(F)(F)F,CCOC(=O)C(C#N)=N[O+]=C(N(C)C)N(C)C.F[P-](F)(F)(F)(F)F,Cc1cccc(C)n1,,,CC#N,CC#N,,COc1ccc2c(c1)c(CC(=O)Nc1ccc(C#N)c(C(F)(F)F)c1)c(C)n2C(=O)c1ccc(Cl)cc1,25.0,86400.0,0.0,0.0,0.46000000834465027
COc1ccc2c(c1)c(CC(=O)O)c(C)n2C(=O)c1ccc(Cl)cc1,Cc1ccc2ncccc2c1N,O=P(Cl)(c1ccccc1)c1ccccc1,CCN(C(C)C)C(C)C,,,CN(C)C=O,CN(C)C=O,,COc1ccc2c(c1)c(CC(=O)Nc1c(C)ccc3ncccc13)c(C)n2C(=O)c1ccc(Cl)cc1,25.0,86400.0,0.0,0.0,27.56999969482422
COc1ccc2c(c1)c(CC(=O)O)c(C)n2C(=O)c1ccc(Cl)cc1,N#Cc1ccc(N)cc1C(F)(F)F,CN(C)C(=[O+]c1c(F)c(F)c(F)c(F)c1F)N(C)C.F[P-](F)(F)(F)(F)F,Cn1ccnc1,,,C1CCOC1,C1CCOC1,,COc1ccc2c(c1)c(CC(=O)Nc1ccc(C#N)c(C(F)(F)F)c1)c(C)n2C(=O)c1ccc(Cl)cc1,25.0,86400.0,0.0,0.0,0.5400000214576721
COc1ccc2c(c1)c(CC(=O)O)c(C)n2C(=O)c1ccc(Cl)cc1,Cc1cc([N+](=O)[O-])ccc1N,CN(C)C(=[O+]c1c(F)c(F)c(F)c(F)c1F)N(C)C.F[P-](F)(F)(F)(F)F,CN1CCOCC1,,,C1CCOC1,C1CCOC1,,COc1ccc2c(c1)c(CC(=O)Nc1ccc([N+](=O)[O-])cc1C)c(C)n2C(=O)c1ccc(Cl)cc1,25.0,86400.0,0.0,0.0,1.8300000429153442
COc1ccc2c(c1)c(CC(=O)O)c(C)n2C(=O)c1ccc(Cl)cc1,CNS(=O)(=O)Cc1ccc(N)cc1,CN(C)C(=[Cl+])N(C)C.F[P-](F)(F)(F)(F)F,CN1CCOCC1,,,C1CCOC1,C1CCOC1,,CNS(=O)(=O)Cc1ccc(NC(=O)Cc2c(C)n(C(=O)c3ccc(Cl)cc3)c3ccc(OC)cc23)cc1,25.0,86400.0,0.0,0.0,34.2599983215332
COc1ccc2c(c1)c(CC(=O)O)c(C)n2C(=O)c1ccc(Cl)cc1,N#Cc1ccc(Cl)c(N)c1,CN(C)C(=[O+]c1c(F)c(F)c(F)c(F)c1F)N(C)C.F[P-](F)(F)(F)(F)F,CCN(C(C)C)C(C)C,,,C1CCOC1,C1CCOC1,,COc1ccc2c(c1)c(CC(=O)Nc1cc(C#N)ccc1Cl)c(C)n2C(=O)c1ccc(Cl)cc1,25.0,86400.0,0.0,0.0,1.1100000143051147
COc1ccc2c(c1)c(CC(=O)O)c(C)n2C(=O)c1ccc(Cl)cc1,Cc1cc([N+](=O)[O-])ccc1N,CN(C)C(=[F+])N(C)C.F[P-](F)(F)(F)(F)F,Cc1cccc(C)n1,,,CN(C)C=O,CN(C)C=O,,COc1ccc2c(c1)c(CC(=O)Nc1ccc([N+](=O)[O-])cc1C)c(C)n2C(=O)c1ccc(Cl)cc1,25.0,86400.0,0.0,0.0,3.0199999809265137
COc1ccc2c(c1)c(CC(=O)O)c(C)n2C(=O)c1ccc(Cl)cc1,CNS(=O)(=O)Cc1ccc(N)cc1,F[P-](F)(F)(F)(F)F.c1ccc2c(c1)nnn2O[P+](N1CCCC1)(N1CCCC1)N1CCCC1,CCN(C(C)C)C(C)C,,,CN(C)C=O,CN(C)C=O,,CNS(=O)(=O)Cc1ccc(NC(=O)Cc2c(C)n(C(=O)c3ccc(Cl)cc3)c3ccc(OC)cc23)cc1,25.0,86400.0,0.0,0.0,55.880001068115234
COc1ccc2c(c1)c(CC(=O)O)c(C)n2C(=O)c1ccc(Cl)cc1,N=c1ccc(Cl)n[nH]1,O=C1OCCN1P(=O)(Cl)N1CCOC1=O,CN1CCOCC1,,,C1CCOC1,C1CCOC1,,COc1ccc2c(c1)c(CC(=O)Nc1ccc(Cl)nn1)c(C)n2C(=O)c1ccc(Cl)cc1,25.0,86400.0,0.0,0.0,19.56999969482422
COc1ccc2c(c1)c(CC(=O)O)c(C)n2C(=O)c1ccc(Cl)cc1,COC(=O)c1ccc(Cl)cc1N,O=C1OCCN1P(=O)(Cl)N1CCOC1=O,CCN(C(C)C)C(C)C,,,CC#N,CC#N,,COC(=O)c1cc(Cl)ccc1NC(=O)Cc1c(C)n(C(=O)c2ccc(Cl)cc2)c2ccc(OC)cc12,25.0,86400.0,0.0,0.0,6.039999961853027
COc1ccc2c(c1)c(CC(=O)O)c(C)n2C(=O)c1ccc(Cl)cc1,N=c1ccc(Cl)n[nH]1,CN(C)C(=[O+]n1nnc2cccnc21)N(C)C.F[P-](F)(F)(F)(F)F,CN1CCOCC1,,,CC#N,CC#N,,COc1ccc2c(c1)c(CC(=O)Nc1ccc(Cl)nn1)c(C)n2C(=O)c1ccc(Cl)cc1,25.0,86400.0,0.0,0.0,19.940000534057617
COc1ccc2c(c1)c(CC(=O)O)c(C)n2C(=O)c1ccc(Cl)cc1,CC(C)c1cccc(C(C)C)c1N,CN(C)C(=[Cl+])N(C)C.F[P-](F)(F)(F)(F)F,Cc1cccc(C)n1,,,C1CCOC1,C1CCOC1,,COc1ccc2c(c1)c(CC(=O)Nc1c(C(C)C)cccc1C(C)C)c(C)n2C(=O)c1ccc(Cl)cc1,25.0,86400.0,0.0,0.0,47.9900016784668
COc1ccc2c(c1)c(CC(=O)O)c(C)n2C(=O)c1ccc(Cl)cc1,Nc1cc(-c2ccccc2)nn1-c1ccccc1,CN(C)C(=[O+]n1nnc2cccnc21)N(C)C.F[P-](F)(F)(F)(F)F,CN1CCOCC1,,,C1CCOC1,C1CCOC1,,COc1ccc2c(c1)c(CC(=O)Nc1cc(-c3ccccc3)nn1-c1ccccc1)c(C)n2C(=O)c1ccc(Cl)cc1,25.0,86400.0,0.0,0.0,6.349999904632568
COc1ccc2c(c1)c(CC(=O)O)c(C)n2C(=O)c1ccc(Cl)cc1,Nc1cc(-c2ccccc2)nn1-c1ccccc1,CN(C)C(=[Cl+])N(C)C.F[P-](F)(F)(F)(F)F,Cc1cccc(C)n1,,,C1CCOC1,C1CCOC1,,COc1ccc2c(c1)c(CC(=O)Nc1cc(-c3ccccc3)nn1-c1ccccc1)c(C)n2C(=O)c1ccc(Cl)cc1,25.0,86400.0,0.0,0.0,36.13999938964844
COc1ccc2c(c1)c(CC(=O)O)c(C)n2C(=O)c1ccc(Cl)cc1,N#Cc1ccc(N)cc1C(F)(F)F,CN(C)C(=[Cl+])N(C)C.F[P-](F)(F)(F)(F)F,CN1CCOCC1,,,CN(C)C=O,CN(C)C=O,,COc1ccc2c(c1)c(CC(=O)Nc1ccc(C#N)c(C(F)(F)F)c1)c(C)n2C(=O)c1ccc(Cl)cc1,25.0,86400.0,0.0,0.0,9.949999809265137
COc1ccc2c(c1)c(CC(=O)O)c(C)n2C(=O)c1ccc(Cl)cc1,CC(C)c1cccc(C(C)C)c1N,CCOC(=O)C(C#N)=N[O+]=C(N(C)C)N(C)C.F[P-](F)(F)(F)(F)F,Cn1ccnc1,,,CN(C)C=O,CN(C)C=O,,COc1ccc2c(c1)c(CC(=O)Nc1c(C(C)C)cccc1C(C)C)c(C)n2C(=O)c1ccc(Cl)cc1,25.0,86400.0,0.0,0.0,1.1699999570846558
COc1ccc2c(c1)c(CC(=O)O)c(C)n2C(=O)c1ccc(Cl)cc1,N#Cc1ccc(N)cc1C(F)(F)F,CN(C)C(=[O+]n1nnc2cccnc21)N(C)C.F[P-](F)(F)(F)(F)F,Cc1cccc(C)n1,,,C1CCOC1,C1CCOC1,,COc1ccc2c(c1)c(CC(=O)Nc1ccc(C#N)c(C(F)(F)F)c1)c(C)n2C(=O)c1ccc(Cl)cc1,25.0,86400.0,0.0,0.0,0.07999999821186066
COc1ccc2c(c1)c(CC(=O)O)c(C)n2C(=O)c1ccc(Cl)cc1,N=c1ccc(Cl)n[nH]1,CN(C)C(=[O+]n1nnc2cccnc21)N(C)C.F[P-](F)(F)(F)(F)F,Cn1ccnc1,,,CN(C)C=O,CN(C)C=O,,COc1ccc2c(c1)c(CC(=O)Nc1ccc(Cl)nn1)c(C)n2C(=O)c1ccc(Cl)cc1,25.0,86400.0,0.0,0.0,49.97999954223633
COc1ccc2c(c1)c(CC(=O)O)c(C)n2C(=O)c1ccc(Cl)cc1,N=c1ccc(Cl)n[nH]1,CN(C)C(=[Cl+])N(C)C.F[P-](F)(F)(F)(F)F,Cc1cccc(C)n1,,,CC#N,CC#N,,COc1ccc2c(c1)c(CC(=O)Nc1ccc(Cl)nn1)c(C)n2C(=O)c1ccc(Cl)cc1,25.0,86400.0,0.0,0.0,34.38999938964844
COc1ccc2c(c1)c(CC(=O)O)c(C)n2C(=O)c1ccc(Cl)cc1,Cc1cc([N+](=O)[O-])ccc1N,O=P(Cl)(c1ccccc1)c1ccccc1,CCN(C(C)C)C(C)C,,,C1CCOC1,C1CCOC1,,COc1ccc2c(c1)c(CC(=O)Nc1ccc([N+](=O)[O-])cc1C)c(C)n2C(=O)c1ccc(Cl)cc1,25.0,86400.0,0.0,0.0,2.130000114440918
COc1ccc2c(c1)c(CC(=O)O)c(C)n2C(=O)c1ccc(Cl)cc1,Nc1cc(-c2ccccc2)nn1-c1ccccc1,CN(C)C(=[Cl+])N(C)C.F[P-](F)(F)(F)(F)F,Cn1ccnc1,,,CN(C)C=O,CN(C)C=O,,COc1ccc2c(c1)c(CC(=O)Nc1cc(-c3ccccc3)nn1-c1ccccc1)c(C)n2C(=O)c1ccc(Cl)cc1,25.0,86400.0,0.0,0.0,53.41999816894531
COc1ccc2c(c1)c(CC(=O)O)c(C)n2C(=O)c1ccc(Cl)cc1,N#Cc1ccc(N)cc1C(F)(F)F,CCOC(=O)C(C#N)=N[O+]=C(N(C)C)N(C)C.F[P-](F)(F)(F)(F)F,Cn1ccnc1,,,CC#N,CC#N,,COc1ccc2c(c1)c(CC(=O)Nc1ccc(C#N)c(C(F)(F)F)c1)c(C)n2C(=O)c1ccc(Cl)cc1,25.0,86400.0,0.0,0.0,5.869999885559082
COc1ccc2c(c1)c(CC(=O)O)c(C)n2C(=O)c1ccc(Cl)cc1,Nc1cc(-c2ccccc2)nn1-c1ccccc1,O=C1OCCN1P(=O)(Cl)N1CCOC1=O,CCN(C(C)C)C(C)C,,,CC#N,CC#N,,COc1ccc2c(c1)c(CC(=O)Nc1cc(-c3ccccc3)nn1-c1ccccc1)c(C)n2C(=O)c1ccc(Cl)cc1,25.0,86400.0,0.0,0.0,1.5299999713897705
COc1ccc2c(c1)c(CC(=O)O)c(C)n2C(=O)c1ccc(Cl)cc1,Nc1cc(-c2ccccc2)nn1-c1ccccc1,O=C1OCCN1P(=O)(Cl)N1CCOC1=O,CN1CCOCC1,,,CN(C)C=O,CN(C)C=O,,COc1ccc2c(c1)c(CC(=O)Nc1cc(-c3ccccc3)nn1-c1ccccc1)c(C)n2C(=O)c1ccc(Cl)cc1,25.0,86400.0,0.0,0.0,7.21999979019165
COc1ccc2c(c1)c(CC(=O)O)c(C)n2C(=O)c1ccc(Cl)cc1,N#Cc1ccc(Cl)c(N)c1,CN(C)C(=[F+])N(C)C.F[P-](F)(F)(F)(F)F,CN1CCOCC1,,,CN(C)C=O,CN(C)C=O,,COc1ccc2c(c1)c(CC(=O)Nc1cc(C#N)ccc1Cl)c(C)n2C(=O)c1ccc(Cl)cc1,25.0,86400.0,0.0,0.0,17.860000610351562
COc1ccc2c(c1)c(CC(=O)O)c(C)n2C(=O)c1ccc(Cl)cc1,CC(C)c1cccc(C(C)C)c1N,CN(C)C(=[Cl+])N(C)C.F[P-](F)(F)(F)(F)F,Cn1ccnc1,,,CC#N,CC#N,,COc1ccc2c(c1)c(CC(=O)Nc1c(C(C)C)cccc1C(C)C)c(C)n2C(=O)c1ccc(Cl)cc1,25.0,86400.0,0.0,0.0,20.280000686645508
COc1ccc2c(c1)c(CC(=O)O)c(C)n2C(=O)c1ccc(Cl)cc1,Nc1cc(-c2ccccc2)nn1-c1ccccc1,CN(C)C(=[F+])N(C)C.F[P-](F)(F)(F)(F)F,Cn1ccnc1,,,CN(C)C=O,CN(C)C=O,,COc1ccc2c(c1)c(CC(=O)Nc1cc(-c3ccccc3)nn1-c1ccccc1)c(C)n2C(=O)c1ccc(Cl)cc1,25.0,86400.0,0.0,0.0,47.75
COc1ccc2c(c1)c(CC(=O)O)c(C)n2C(=O)c1ccc(Cl)cc1,Cc1ccc2ncccc2c1N,CN(C)C(=[F+])N(C)C.F[P-](F)(F)(F)(F)F,CCN(C(C)C)C(C)C,,,CC#N,CC#N,,COc1ccc2c(c1)c(CC(=O)Nc1c(C)ccc3ncccc13)c(C)n2C(=O)c1ccc(Cl)cc1,25.0,86400.0,0.0,0.0,27.079999923706055
COc1ccc2c(c1)c(CC(=O)O)c(C)n2C(=O)c1ccc(Cl)cc1,CC(C)c1cccc(C(C)C)c1N,CN(C)C(=[Cl+])N(C)C.F[P-](F)(F)(F)(F)F,Cc1cccc(C)n1,,,CN(C)C=O,CN(C)C=O,,COc1ccc2c(c1)c(CC(=O)Nc1c(C(C)C)cccc1C(C)C)c(C)n2C(=O)c1ccc(Cl)cc1,25.0,86400.0,0.0,0.0,24.190000534057617
COc1ccc2c(c1)c(CC(=O)O)c(C)n2C(=O)c1ccc(Cl)cc1,Cc1cc([N+](=O)[O-])ccc1N,CN(C)C(=[Cl+])N(C)C.F[P-](F)(F)(F)(F)F,CN1CCOCC1,,,CC#N,CC#N,,COc1ccc2c(c1)c(CC(=O)Nc1ccc([N+](=O)[O-])cc1C)c(C)n2C(=O)c1ccc(Cl)cc1,25.0,86400.0,0.0,0.0,2.0899999141693115
COc1ccc2c(c1)c(CC(=O)O)c(C)n2C(=O)c1ccc(Cl)cc1,CC(C)c1cccc(C(C)C)c1N,CN(C)C(=[O+]n1nnc2cccnc21)N(C)C.F[P-](F)(F)(F)(F)F,Cn1ccnc1,,,C1CCOC1,C1CCOC1,,COc1ccc2c(c1)c(CC(=O)Nc1c(C(C)C)cccc1C(C)C)c(C)n2C(=O)c1ccc(Cl)cc1,25.0,86400.0,0.0,0.0,6.139999866485596
COc1ccc2c(c1)c(CC(=O)O)c(C)n2C(=O)c1ccc(Cl)cc1,N=c1ccc(Cl)n[nH]1,O=P(Cl)(c1ccccc1)c1ccccc1,Cn1ccnc1,,,C1CCOC1,C1CCOC1,,COc1ccc2c(c1)c(CC(=O)Nc1ccc(Cl)nn1)c(C)n2C(=O)c1ccc(Cl)cc1,25.0,86400.0,0.0,0.0,27.93000030517578
COc1ccc2c(c1)c(CC(=O)O)c(C)n2C(=O)c1ccc(Cl)cc1,Nc1cc(-c2ccccc2)nn1-c1ccccc1,F[P-](F)(F)(F)(F)F.c1ccc2c(c1)nnn2O[P+](N1CCCC1)(N1CCCC1)N1CCCC1,CCN(C(C)C)C(C)C,,,C1CCOC1,C1CCOC1,,COc1ccc2c(c1)c(CC(=O)Nc1cc(-c3ccccc3)nn1-c1ccccc1)c(C)n2C(=O)c1ccc(Cl)cc1,25.0,86400.0,0.0,0.0,10.670000076293945
COc1ccc2c(c1)c(CC(=O)O)c(C)n2C(=O)c1ccc(Cl)cc1,N#Cc1ccc(N)cc1C(F)(F)F,O=C1OCCN1P(=O)(Cl)N1CCOC1=O,CCN(C(C)C)C(C)C,,,CC#N,CC#N,,COc1ccc2c(c1)c(CC(=O)Nc1ccc(C#N)c(C(F)(F)F)c1)c(C)n2C(=O)c1ccc(Cl)cc1,25.0,86400.0,0.0,0.0,34.119998931884766
COc1ccc2c(c1)c(CC(=O)O)c(C)n2C(=O)c1ccc(Cl)cc1,Cc1ccc2ncccc2c1N,O=P(Cl)(c1ccccc1)c1ccccc1,Cc1cccc(C)n1,,,CN(C)C=O,CN(C)C=O,,COc1ccc2c(c1)c(CC(=O)Nc1c(C)ccc3ncccc13)c(C)n2C(=O)c1ccc(Cl)cc1,25.0,86400.0,0.0,0.0,53.52000045776367
COc1ccc2c(c1)c(CC(=O)O)c(C)n2C(=O)c1ccc(Cl)cc1,N=c1ccc(Cl)n[nH]1,CN(C)C(=[F+])N(C)C.F[P-](F)(F)(F)(F)F,CCN(C(C)C)C(C)C,,,C1CCOC1,C1CCOC1,,COc1ccc2c(c1)c(CC(=O)Nc1ccc(Cl)nn1)c(C)n2C(=O)c1ccc(Cl)cc1,25.0,86400.0,0.0,0.0,26.360000610351562
COc1ccc2c(c1)c(CC(=O)O)c(C)n2C(=O)c1ccc(Cl)cc1,CC(C)c1cccc(C(C)C)c1N,O=P(Cl)(c1ccccc1)c1ccccc1,CN1CCOCC1,,,CC#N,CC#N,,COc1ccc2c(c1)c(CC(=O)Nc1c(C(C)C)cccc1C(C)C)c(C)n2C(=O)c1ccc(Cl)cc1,25.0,86400.0,0.0,0.0,36.220001220703125
