csv_row_number,reaction_key,physical_dataset_id,source_row_index,label_decision_id
2,ord_dataset-7acd6ad2bf4d4cff841cad008ab726d5:ord-000e209e4e604449b13ae30615ff02d0,ord_dataset-7acd6ad2bf4d4cff841cad008ab726d5,116,df706f75803a84562452a5e30567c69bcb003a194310b2ff32fd75a99c17b99d
3,ord_dataset-7acd6ad2bf4d4cff841cad008ab726d5:ord-00a1d07eb3dd472f98b873c69db2c876,ord_dataset-7acd6ad2bf4d4cff841cad008ab726d5,195,69d9177bfb61690b94e5839f8fa5e91c8e98ecf37140ee75ecfc3c138c4317da
4,ord_dataset-7acd6ad2bf4d4cff841cad008ab726d5:ord-00a2acfab7164a8f93fd31e4e1c825fb,ord_dataset-7acd6ad2bf4d4cff841cad008ab726d5,307,1198e6f4ff1b386b2a5d879134b54abbe0e870af8219270c2983e40dd47c4309
5,ord_dataset-7acd6ad2bf4d4cff841cad008ab726d5:ord-00a3d78f123e449694f506e3ba044725,ord_dataset-7acd6ad2bf4d4cff841cad008ab726d5,711,d8c64705a7bc729e98f4760d97f5b0e36663bbe91391bc40885c27596ddce3e7
6,ord_dataset-7acd6ad2bf4d4cff841cad008ab726d5:ord-00c889e68ea64d269e849cbb4cec9f09,ord_dataset-7acd6ad2bf4d4cff841cad008ab726d5,577,7caeaec7335c4c272e58dc08b5da52f221b80fc747f26618a66fd409f8aff8b3
7,ord_dataset-7acd6ad2bf4d4cff841cad008ab726d5:ord-00dc174d65244ecf87cafd2b13b5e141,ord_dataset-7acd6ad2bf4d4cff841cad008ab726d5,701,9d2517c384f3521304d8d069aace0582ccd05710c9eabeb636707d48d20d784a
8,ord_dataset-7acd6ad2bf4d4cff841cad008ab726d5:ord-00fef3fd30f34d19b3e82d68b06fb7e4,ord_dataset-7acd6ad2bf4d4cff841cad008ab726d5,275,dd5f3a9542d5f16cda1c9c9963ce2b034c9d5d6b937a0a4f4f2ca741beb08cf1
9,ord_dataset-7acd6ad2bf4d4cff841cad008ab726d5:ord-01080c526895407587b9934279a15b03,ord_dataset-7acd6ad2bf4d4cff841cad008ab726d5,774,883bbb007b0ec012b2cf58e54436e5491f1141cf76fc120451fef4ddb6215903
10,ord_dataset-7acd6ad2bf4d4cff841cad008ab726d5:ord-017cd2c3c98d47cf888f0b4885d624aa,ord_dataset-7acd6ad2bf4d4cff841cad008ab726d5,23,24665016450e2d834c15c51f321b1833edc68e6f49a34c3f170f6120d71c6f71
11,ord_dataset-7acd6ad2bf4d4cff841cad008ab726d5:ord-019ea2cf191b4078a85920d4f39502d7,ord_dataset-7acd6ad2bf4d4cff841cad008ab726d5,928,48bd9d99f588ba29f69b9d00a0f3bd90c4c9b2c930527a1f01fba645f4777214
12,ord_dataset-7acd6ad2bf4d4cff841cad008ab726d5:ord-01aa7a7baaac456f95565d7f2fd48a2b,ord_dataset-7acd6ad2bf4d4cff841cad008ab726d5,737,89e646ec207699fee457d614a66b7ba19a40f799b4469985292475615cd22f03
13,ord_dataset-7acd6ad2bf4d4cff841cad008ab726d5:ord-0209d4602f4c42dc974e697f1f790b29,ord_dataset-7acd6ad2bf4d4cff841cad008ab726d5,526,74929dc36e079924f6b71cfd1ed0e983d3ffaff56fc44e6ff7a3b80f3d301f9b
14,ord_dataset-7acd6ad2bf4d4cff841cad008ab726d5:ord-028b4c4afef94d93b275a1fd3ac506e4,ord_dataset-7acd6ad2bf4d4cff841cad008ab726d5,16,9f15018e9ba6a2b5f992dd5b0bb99a83729ed59c2719a0a3ee47c05738221d5c
15,ord_dataset-7acd6ad2bf4d4cff841cad008ab726d5:ord-02e32d5e9ca245e8af1c856f9d44f82f,ord_dataset-7acd6ad2bf4d4cff841cad008ab726d5,374,f36d1a188d945751580d825412ce99b62a0e029b9e35d4463cbd7914c497e22e
16,ord_dataset-7acd6ad2bf4d4cff841cad008ab726d5:ord-0363223cd8904506bef9548fcc4992ea,ord_dataset-7acd6ad2bf4d4cff841cad008ab726d5,814,6f57a214b12ea76b35cf3db26e05af79e9ed77a0dc4ae1d031cce5f72f610eca
17,ord_dataset-7acd6ad2bf4d4cff841cad008ab726d5:ord-038cfc9130494ac08b2abb7c8ee5752d,ord_dataset-7acd6ad2bf4d4cff841cad008ab726d5,406,dbc7c44e013c94c193411be49cc6382dace7ec5e8cf7d70827ad66a9d59c79c1
18,ord_dataset-7acd6ad2bf4d4cff841cad008ab726d5:ord-03d298f8e4ad499aa27b47515191459f,ord_dataset-7acd6ad2bf4d4cff841cad008ab726d5,455,854bb087b98024bcffcb20d27ce2b95a41ef39e5d5ec34b23591b9300a9adc87
19,ord_dataset-7acd6ad2bf4d4cff841cad008ab726d5:ord-040dcbeba4ee4a819a319edd9f69a845,ord_dataset-7acd6ad2bf4d4cff841cad008ab726d5,501,616d5bbd835160b426342742c591bb560806cdb39b6392d012d315251b5f7e2c
20,ord_dataset-7acd6ad2bf4d4cff841cad008ab726d5:ord-048719447f4b43819b058f88a2a8e12c,ord_dataset-7acd6ad2bf4d4cff841cad008ab726d5,300,a8129bd02fa2d514ec7c13f823fcfc5bf70ca63a34bf8318080e240d7c1fe455
21,ord_dataset-7acd6ad2bf4d4cff841cad008ab726d5:ord-04f3dbfc6476450198c1e69b56f1269b,ord_dataset-7acd6ad2bf4d4cff841cad008ab726d5,558,efcb4cc6de598f221102a05a4967abae68a237d45a84bdc56c69253ecda06384
22,ord_dataset-7acd6ad2bf4d4cff841cad008ab726d5:ord-05e0b9caa18f411e8defa3f36cd7b3db,ord_dataset-7acd6ad2bf4d4cff841cad008ab726d5,74,043f029194a7dfa60e64e0367c38e7d1121754507b948c8a8480e9da4806edd1
23,ord_dataset-7acd6ad2bf4d4cff841cad008ab726d5:ord-05e64d893375419284e7911d9ad0e6d2,ord_dataset-7acd6ad2bf4d4cff841cad008ab726d5,144,1a916530914258133f8b6a7021c52c76e8a946aa520163aa887f7b57381c39cc
24,ord_dataset-7acd6ad2bf4d4cff841cad008ab726d5:ord-0601ba51c8a64fa0b53de32e93ebadaa,ord_dataset-7acd6ad2bf4d4cff841cad008ab726d5,487,d816c75d182d872ffccd22ca88181b7ae1521c8fdfe94c235a2db43d58435aef
25,ord_dataset-7acd6ad2bf4d4cff841cad008ab726d5:ord-0639593b883f41f890ca2fc1016ce5d5,ord_dataset-7acd6ad2bf4d4cff841cad008ab726d5,306,89ca2ea6d2b3fc576474ad85f701689d8998b10f39ee0face961d28cbc89386e
26,ord_dataset-7acd6ad2bf4d4cff841cad008ab726d5:ord-06a202ef72cf47c6beed4eb0939cd982,ord_dataset-7acd6ad2bf4d4cff841cad008ab726d5,543,632aea95e66dae851b7073d4ecad61243cd6ae499456553abf94b8b46e2d8462
27,ord_dataset-7acd6ad2bf4d4cff841cad008ab726d5:ord-06d3e4f12e614b7db6be5efe10299408,ord_dataset-7acd6ad2bf4d4cff841cad008ab726d5,172,903814c64869dd8bebebe92587470b81dbeed92d8d29818908ba59e6fc13a494
28,ord_dataset-7acd6ad2bf4d4cff841cad008ab726d5:ord-070bb4d021834bd4b30433fcda31eaa8,ord_dataset-7acd6ad2bf4d4cff841cad008ab726d5,404,d5afbce3e3af5208cd9b717af2a640a06bd6c154cf1ed061bc052fa3c5a640ad
29,ord_dataset-7acd6ad2bf4d4cff841cad008ab726d5:ord-0725ac2b6a7e49138f70d843d4970c69,ord_dataset-7acd6ad2bf4d4cff841cad008ab726d5,56,d983ccec36a21d5662318951b45f03039027844bf890e6e462a4b7c8042a8706
30,ord_dataset-7acd6ad2bf4d4cff841cad008ab726d5:ord-075ead0e90de47ebac506165f97e97ba,ord_dataset-7acd6ad2bf4d4cff841cad008ab726d5,283,9c29ade01f6d7c01a2a95b18a110b676757671c5362d07614c5874c84636b4e6
31,ord_dataset-7acd6ad2bf4d4cff841cad008ab726d5:ord-07de16c59ae240d497ac3e6f76f5938b,ord_dataset-7acd6ad2bf4d4cff841cad008ab726d5,468,0ddaa0b571a2d3b6591cc7dbdb6b598832ecd59b0890031a5fb2da7dd6b9a523
32,ord_dataset-7acd6ad2bf4d4cff841cad008ab726d5:ord-08256c52a2404f2eae71e751d286f5f2,ord_dataset-7acd6ad2bf4d4cff841cad008ab726d5,85,2f975f6dfe5ef70f6f71887545780f9adde87d0d57f7813c8eecc14d403d795c
33,ord_dataset-7acd6ad2bf4d4cff841cad008ab726d5:ord-0880d7b83da341d28a72301f366b4ec8,ord_dataset-7acd6ad2bf4d4cff841cad008ab726d5,665,ed4484e9f93bcf8c216fc50282d1e97d526e3154ae65c6b9fc2f98876d97260f
34,ord_dataset-7acd6ad2bf4d4cff841cad008ab726d5:ord-08e1bfea593d44f6a5691078d293ffbc,ord_dataset-7acd6ad2bf4d4cff841cad008ab726d5,597,4d7a46f6a5ca747c4c89dae3000f7bf2d662baf1cf71dd846cdf94b12782cb60
35,ord_dataset-7acd6ad2bf4d4cff841cad008ab726d5:ord-08e5dc2f9e7b49c9aa8277f4d84954cf,ord_dataset-7acd6ad2bf4d4cff841cad008ab726d5,650,a6dbf899ba1bdb6072823a9f23e1a72dc0174bd6eb049cce76b2fa586331dca6
36,ord_dataset-7acd6ad2bf4d4cff841cad008ab726d5:ord-08ec3974f49a4a26803dd6ddc20c2295,ord_dataset-7acd6ad2bf4d4cff841cad008ab726d5,858,4bc9800aba760376d0b2b4fccfb1a40b3eca160d788b270d9c7dfce00165e640
37,ord_dataset-7acd6ad2bf4d4cff841cad008ab726d5:ord-09c8a2cbe6a54cc3939a0efdf404951f,ord_dataset-7acd6ad2bf4d4cff841cad008ab726d5,536,98a059a4e8fee81d565704e1ce908d81ef273f63d71181aa22d792bac3c1cca1
38,ord_dataset-7acd6ad2bf4d4cff841cad008ab726d5:ord-0a14bdb7a45c41ceb68b0d7e52d14226,ord_dataset-7acd6ad2bf4d4cff841cad008ab726d5,935,5700bf6d05c81d18ae876e20702703196e1252a40de9317d98f29ea021eccf58
39,ord_dataset-7acd6ad2bf4d4cff841cad008ab726d5:ord-0a50faa2d797497a989992fddebdee8f,ord_dataset-7acd6ad2bf4d4cff841cad008ab726d5,33,412372092590e7d3552c914a7cd227381b3374974cdb71f58eaf507da69ed060
40,ord_dataset-7acd6ad2bf4d4cff841cad008ab726d5:ord-0a7cd9bc73d34bc1a4c1d6c4fa0ce94b,ord_dataset-7acd6ad2bf4d4cff841cad008ab726d5,228,13dcf612b350774207fe3d6f4aa8fbe20139d7855e3cc2459468fbf3b45379e2
41,ord_dataset-7acd6ad2bf4d4cff841cad008ab726d5:ord-0ab30733e0784a048e9042bd0dec5d58,ord_dataset-7acd6ad2bf4d4cff841cad008ab726d5,289,0cae5c3e1b026b3b030acba903e93048c0a5c0bcffee728605765c2a51473646
42,ord_dataset-7acd6ad2bf4d4cff841cad008ab726d5:ord-0b990bd5a9554c968cae658ce7580595,ord_dataset-7acd6ad2bf4d4cff841cad008ab726d5,596,e0fb202cc6fa64ec2585c43f1a2142eee7b71d2c028722d9ea00d40f5e77e589
43,ord_dataset-7acd6ad2bf4d4cff841cad008ab726d5:ord-0babbddffec04b66822a8063ff93dd62,ord_dataset-7acd6ad2bf4d4cff841cad008ab726d5,319,52b171d535c067cf261f3ab70b5299c9253878154dc56fe35547a86b5e0d0d76
44,ord_dataset-7acd6ad2bf4d4cff841cad008ab726d5:ord-0bbcbc3831fe4be08129e3339e1b69fe,ord_dataset-7acd6ad2bf4d4cff841cad008ab726d5,609,a4ddb4c46c2735e491a7886cf6dbfb3b09a70f096ad7323b9a878cab96d847d0
45,ord_dataset-7acd6ad2bf4d4cff841cad008ab726d5:ord-0c0fbb163347482782ec9420dfe106cb,ord_dataset-7acd6ad2bf4d4cff841cad008ab726d5,312,3909a7b560e0f5a76dc5079bd5d76677dfab999e95db6e89cffb6a48ec4d7504
46,ord_dataset-7acd6ad2bf4d4cff841cad008ab726d5:ord-0c2e8e35253647778631bb8fa23f2e36,ord_dataset-7acd6ad2bf4d4cff841cad008ab726d5,712,8974bae5f0ca43f21c2329a2464ddd0881825206dd7347584253e3e2e48c5db3
47,ord_dataset-7acd6ad2bf4d4cff841cad008ab726d5:ord-0ca2e083bea24ba09a4317a5c7e795f5,ord_dataset-7acd6ad2bf4d4cff841cad008ab726d5,470,14ea60835f0e930671c152be89f38e335482c73599c07eb526ad9e0339d287b3
48,ord_dataset-7acd6ad2bf4d4cff841cad008ab726d5:ord-0cf7503d8c4241f18c032cbba089a7f9,ord_dataset-7acd6ad2bf4d4cff841cad008ab726d5,614,44c80346034a6a659be240815b884fdbbbf915b7bdca1ea46cfca9070deb14e5
49,ord_dataset-7acd6ad2bf4d4cff841cad008ab726d5:ord-0d07707994a7499b8b0c4ba178f919ac,ord_dataset-7acd6ad2bf4d4cff841cad008ab726d5,104,d09841f05a30be12348a3df3d27fc8edc869de0e4e11258afe40ff4490017e13
50,ord_dataset-7acd6ad2bf4d4cff841cad008ab726d5:ord-0d651513e94e4b4bace01600ab27ab01,ord_dataset-7acd6ad2bf4d4cff841cad008ab726d5,943,3bfc95376c04a63af00bc204f95f01fe5021e5783040e4b9c3eee1b8727fc03c
51,ord_dataset-7acd6ad2bf4d4cff841cad008ab726d5:ord-0e318aa36fef44878f72e92bc74839bb,ord_dataset-7acd6ad2bf4d4cff841cad008ab726d5,48,2f7118735bf2b2afde80dec00b15df4aeb344d50bd433eb990e2feac726b749b
52,ord_dataset-7acd6ad2bf4d4cff841cad008ab726d5:ord-0e3f920fa4d9469e81768a0c53b75d6d,ord_dataset-7acd6ad2bf4d4cff841cad008ab726d5,49,b5e5a366f05a6a895947782af92396f74f0fdf3ca85dcdb44786e9b735204a88
53,ord_dataset-7acd6ad2bf4d4cff841cad008ab726d5:ord-0e7e9fe64c6f4fb0be8c68699963586a,ord_dataset-7acd6ad2bf4d4cff841cad008ab726d5,230,0fbcdcf80615e2aac50f6f011dbb31db59a25804527d7477ef53622ec54effc6
54,ord_dataset-7acd6ad2bf4d4cff841cad008ab726d5:ord-0e80cee995d9493e9f3fc999b377ad70,ord_dataset-7acd6ad2bf4d4cff841cad008ab726d5,332,962206fdd701bd7613554a9d659cd8a9b83d2c65470edabf8a7f080d94adb6f7
55,ord_dataset-7acd6ad2bf4d4cff841cad008ab726d5:ord-0f40572e2b664d52a85b0a0830c75944,ord_dataset-7acd6ad2bf4d4cff841cad008ab726d5,937,9f95529e3e2f23d5f3dbf18776629f93f75d14c5dec4bf591b393cd3273843c2
56,ord_dataset-7acd6ad2bf4d4cff841cad008ab726d5:ord-0fba453cc27c475cb006f34ac2711f4f,ord_dataset-7acd6ad2bf4d4cff841cad008ab726d5,934,018333f09a5e31fe143df4cbd005da5662596824c9d7873b52ab829ba29a3c02
57,ord_dataset-7acd6ad2bf4d4cff841cad008ab726d5:ord-10d14c19816449c6916aee9df2db7026,ord_dataset-7acd6ad2bf4d4cff841cad008ab726d5,884,497324cbbb7301c00f9a7486eb04943f6e568a47cfc0d11d4ae325637d376bb2
58,ord_dataset-7acd6ad2bf4d4cff841cad008ab726d5:ord-10e366a0f88b4809abce690ec023f278,ord_dataset-7acd6ad2bf4d4cff841cad008ab726d5,637,88daa1562abad2c2f238aed08bedfa4043b9e6a20e45d258a70926680704066a
59,ord_dataset-7acd6ad2bf4d4cff841cad008ab726d5:ord-111d854a46c94ff6b045043a32e335a9,ord_dataset-7acd6ad2bf4d4cff841cad008ab726d5,21,090a92c36a0fe533e18fc5a5249da657aa95d5d1f6b6fcd48216601549510e06
60,ord_dataset-7acd6ad2bf4d4cff841cad008ab726d5:ord-11bfdbc76c5b44879db37f9fd426469e,ord_dataset-7acd6ad2bf4d4cff841cad008ab726d5,583,53228930e9ad541f3a489587160275763d5d3a5e1bbc308928fe1ffbd628619d
61,ord_dataset-7acd6ad2bf4d4cff841cad008ab726d5:ord-11cd934c941c43c4a123ac5e9e31979a,ord_dataset-7acd6ad2bf4d4cff841cad008ab726d5,346,580bae5d8485c8aaed0d43c694c2e8b482d208247ab4dbe2dc32eacb8c904f3d
62,ord_dataset-7acd6ad2bf4d4cff841cad008ab726d5:ord-11ed6061c38943f28035d86d0d7cd097,ord_dataset-7acd6ad2bf4d4cff841cad008ab726d5,252,b0df4e3d65bf4bb7433e7189d5f2a9c6a808e00bd3ca778c51bfcf8c3f017e49
63,ord_dataset-7acd6ad2bf4d4cff841cad008ab726d5:ord-123a34e88a07403e9036b28ac606094f,ord_dataset-7acd6ad2bf4d4cff841cad008ab726d5,576,57c830ce20bee7430eaf93467b9c99416fd5c3d6fecc091ff3da702cdad69023
64,ord_dataset-7acd6ad2bf4d4cff841cad008ab726d5:ord-1268ff589e41463eacd9135467a35cde,ord_dataset-7acd6ad2bf4d4cff841cad008ab726d5,872,4a462267d653b5197a4b7e7c3db6ade84432d704aecc3c445a42d057aab5c138
65,ord_dataset-7acd6ad2bf4d4cff841cad008ab726d5:ord-127b9d82efa84176a54939ca1e50a891,ord_dataset-7acd6ad2bf4d4cff841cad008ab726d5,677,2955d5f95cb97571ba71cc3e40b802e1883c3ab94e74a057adb1917ba1081fb1
66,ord_dataset-7acd6ad2bf4d4cff841cad008ab726d5:ord-12af2e3a5a5848e4b339386d24f39de2,ord_dataset-7acd6ad2bf4d4cff841cad008ab726d5,804,b8bb5926801abe0146ccac524c5eced7da656e4f800ce0e64e54380d250cfa0a
67,ord_dataset-7acd6ad2bf4d4cff841cad008ab726d5:ord-12bf9cee254d4f909e85da8ce80ff27c,ord_dataset-7acd6ad2bf4d4cff841cad008ab726d5,339,cf3a408d3eb0ce4843683fb7382378859b50d7c6bb2c80b4cec92dfe506a8709
68,ord_dataset-7acd6ad2bf4d4cff841cad008ab726d5:ord-132471d3cf7b4975bf034016e21c3b5f,ord_dataset-7acd6ad2bf4d4cff841cad008ab726d5,490,c2b903bc2a49f6a6c4e119e6c2984d9132da67186b5a2b08ded34188e1bdac43
69,ord_dataset-7acd6ad2bf4d4cff841cad008ab726d5:ord-13672fa4c2444516ba1c96056e9d4728,ord_dataset-7acd6ad2bf4d4cff841cad008ab726d5,857,396afefa1e2cb154d58edc353215db7e41583faa9438c3a1f2875c9a18924b99
70,ord_dataset-7acd6ad2bf4d4cff841cad008ab726d5:ord-13893c0d188a448c939ee31879cfd445,ord_dataset-7acd6ad2bf4d4cff841cad008ab726d5,952,5ac8d74750ac69010454f210cf963d88012133db9e1823e5ebf93facf3f0be02
71,ord_dataset-7acd6ad2bf4d4cff841cad008ab726d5:ord-138c2ee28ab34ac3918ea8e1704abbd6,ord_dataset-7acd6ad2bf4d4cff841cad008ab726d5,392,8e632c6f98fa0ce8f3a88bec44ca08267d5f8aacaeaeca6bb1375a5b80052d5a
72,ord_dataset-7acd6ad2bf4d4cff841cad008ab726d5:ord-13f9d3c422c3462c8f24fe1bf17c9d80,ord_dataset-7acd6ad2bf4d4cff841cad008ab726d5,310,3c88671e86cbd83884309dd5cca0646fb5c39ea4d8f03d86fa35d49db1a60312
73,ord_dataset-7acd6ad2bf4d4cff841cad008ab726d5:ord-1426f48b2fb24085a4de0f2feb9dd8d1,ord_dataset-7acd6ad2bf4d4cff841cad008ab726d5,877,93ad2a31a88e9ad0f21910782172402be8a63993b8124333b88e08919c146303
74,ord_dataset-7acd6ad2bf4d4cff841cad008ab726d5:ord-144da586e74f4c89b3c84eddc128b70a,ord_dataset-7acd6ad2bf4d4cff841cad008ab726d5,317,29474e6c0924f7c474b812b55afba0694cb04eb54f6f01d9e76611bc82ce13bc
75,ord_dataset-7acd6ad2bf4d4cff841cad008ab726d5:ord-145409f4d4764689a325550be26a7063,ord_dataset-7acd6ad2bf4d4cff841cad008ab726d5,303,9962d4660b79343e1afd81700bec90f77d345d07829468f37a2af2460fa4c7f8
76,ord_dataset-7acd6ad2bf4d4cff841cad008ab726d5:ord-14d1ea0507f04608a9cc517363b7544a,ord_dataset-7acd6ad2bf4d4cff841cad008ab726d5,246,08d949989550e052f73f4bd0d508d1cde8333dbf96e3884b0617a9a475caae33
77,ord_dataset-7acd6ad2bf4d4cff841cad008ab726d5:ord-14f0679f230e4f18963bafb0f4665270,ord_dataset-7acd6ad2bf4d4cff841cad008ab726d5,757,14ccebadc730d4aca657e8d177f05d2c2e3444df35613a614c8a119bf541dd78
78,ord_dataset-7acd6ad2bf4d4cff841cad008ab726d5:ord-153a058f0d5041af855e746c458bb06b,ord_dataset-7acd6ad2bf4d4cff841cad008ab726d5,31,152fdeeb350ca14c894bb02a09994409375960b8c20f996ef37c74826642ea35
79,ord_dataset-7acd6ad2bf4d4cff841cad008ab726d5:ord-1542f7ab136a4e7eaf0c2c66604d87e4,ord_dataset-7acd6ad2bf4d4cff841cad008ab726d5,314,ffa8da0d2c397ddc979fdfcf220a00c0e607b7d3bde7c061d8b8804ef5b9b30e
80,ord_dataset-7acd6ad2bf4d4cff841cad008ab726d5:ord-1578f09455504656acee4b498cfe0c11,ord_dataset-7acd6ad2bf4d4cff841cad008ab726d5,13,55ee4e89f5482d4beec974ba893fd1be4d7e63752600d63eff79bdf288d21ec4
81,ord_dataset-7acd6ad2bf4d4cff841cad008ab726d5:ord-15ac59e205d548519298eacfb31e4293,ord_dataset-7acd6ad2bf4d4cff841cad008ab726d5,272,51f0355769bd6d04e4cb82072b87588d3fbc63c6c2b97d40a2a752066088a977
82,ord_dataset-7acd6ad2bf4d4cff841cad008ab726d5:ord-15bbf88492cb4db1a680f9611bddfcf0,ord_dataset-7acd6ad2bf4d4cff841cad008ab726d5,627,436c7f78c2146f44d7b9f5c4d489b1c231cca941ac49061eb8ebb52df3878e0e
83,ord_dataset-7acd6ad2bf4d4cff841cad008ab726d5:ord-15c2d586022f418b8c5041c4b73da38e,ord_dataset-7acd6ad2bf4d4cff841cad008ab726d5,73,7079dc57fac6c2dc3092c0d33f97793eef447d4dc11de8f137e69cc999c5f6d3
84,ord_dataset-7acd6ad2bf4d4cff841cad008ab726d5:ord-16f03c26ec4d4333a982380c90fbb54d,ord_dataset-7acd6ad2bf4d4cff841cad008ab726d5,669,6562334a65f5d17ecd18f838480898410cc7252983c1f626a49cef0d0fc80e27
85,ord_dataset-7acd6ad2bf4d4cff841cad008ab726d5:ord-170de03e33ba4a1cba337455e8c2e1e2,ord_dataset-7acd6ad2bf4d4cff841cad008ab726d5,517,1894aea600870a2fcb7d7dc65e7a2f23b38d447d2261144609f469ab0edc8610
86,ord_dataset-7acd6ad2bf4d4cff841cad008ab726d5:ord-17554b40f33b460ea382c86bf35e61b6,ord_dataset-7acd6ad2bf4d4cff841cad008ab726d5,837,9dee0e8537a7945151c9bb7596042e1584dda14f9f1ba9720b0e700732bd01bd
87,ord_dataset-7acd6ad2bf4d4cff841cad008ab726d5:ord-17abb0e4dc5a42009182d768dff73f73,ord_dataset-7acd6ad2bf4d4cff841cad008ab726d5,409,b5fc2621e6b9cc90418c1b299787347c352851fa47518c3ae1860f0653716ee4
88,ord_dataset-7acd6ad2bf4d4cff841cad008ab726d5:ord-17b03ddf5ea247eea97f4bfbd57f2fc2,ord_dataset-7acd6ad2bf4d4cff841cad008ab726d5,492,8a0955cc0363aa74f8f28bd858979a205a3fa5a8d7d0fdab865099248caa72d8
89,ord_dataset-7acd6ad2bf4d4cff841cad008ab726d5:ord-17e23b9a093c4e4c819bc67a3fec1807,ord_dataset-7acd6ad2bf4d4cff841cad008ab726d5,767,8938ddd8b51ac09e283406f9312428b8234b1608e0c7e66e2a678f8b66bf1c69
90,ord_dataset-7acd6ad2bf4d4cff841cad008ab726d5:ord-180cd8623d054a318170c6e12bf313af,ord_dataset-7acd6ad2bf4d4cff841cad008ab726d5,689,dc74e3f73f908c3fc048f48e7e8217999f5b883cb41b4f7d80fc5e7c6a774e09
91,ord_dataset-7acd6ad2bf4d4cff841cad008ab726d5:ord-1824e524d5da41908e5f1f3ffc024335,ord_dataset-7acd6ad2bf4d4cff841cad008ab726d5,292,2c02b7d2cb896191a6f970e909ec065a2fbb128069d2d94534c75712f51aea8b
92,ord_dataset-7acd6ad2bf4d4cff841cad008ab726d5:ord-1851084916f0449ab4a95d1eec05c35f,ord_dataset-7acd6ad2bf4d4cff841cad008ab726d5,720,9e1004b3dc2c23adb74ad81a58e3e7a152c36944118bcd299ab11914272e5207
93,ord_dataset-7acd6ad2bf4d4cff841cad008ab726d5:ord-18c54820e00a41ebbb9b5469c7fd04e5,ord_dataset-7acd6ad2bf4d4cff841cad008ab726d5,119,9c702f65cdd744eed78147197048c20c3bde8b95baa0e2300a21bfbbcfaa9606
94,ord_dataset-7acd6ad2bf4d4cff841cad008ab726d5:ord-18c6bb94525443cf8166f39dc92eb4be,ord_dataset-7acd6ad2bf4d4cff841cad008ab726d5,461,12940d0fa174d36bb1644d469a3bec86147dad5345dba4c8e51bb9bc744c1767
95,ord_dataset-7acd6ad2bf4d4cff841cad008ab726d5:ord-18ce0ba859274b68a5165214ac32bb15,ord_dataset-7acd6ad2bf4d4cff841cad008ab726d5,531,c7e70aaee141efb5739de22b95f10de0c8db1c870ae21eb426daf0699446ab41
96,ord_dataset-7acd6ad2bf4d4cff841cad008ab726d5:ord-18e852350bad4716ae840013948013d0,ord_dataset-7acd6ad2bf4d4cff841cad008ab726d5,617,8ec673ef86a5266422af7a7bc87eff26c8c853e86537ffe0d96d40638db686c4
97,ord_dataset-7acd6ad2bf4d4cff841cad008ab726d5:ord-1a1b0938a3154bd3addf727e002e746b,ord_dataset-7acd6ad2bf4d4cff841cad008ab726d5,564,38925be18ee337ee99f1827709571806367affa97e84d6fd1f4e654c9e62a47c
98,ord_dataset-7acd6ad2bf4d4cff841cad008ab726d5:ord-1a6a40ff5a49480cbf1ecb1799db556d,ord_dataset-7acd6ad2bf4d4cff841cad008ab726d5,902,1447935415ba5ad0eb68b0f6b5f6584e32791eef9d186a3342b1ec67bde742d2
99,ord_dataset-7acd6ad2bf4d4cff841cad008ab726d5:ord-1a7936913c264230b616f3e7afde0949,ord_dataset-7acd6ad2bf4d4cff841cad008ab726d5,762,0751d568fd39d3e4618977a58eddb69eae1dc6068cc8d3fa02af4183512e5d13
100,ord_dataset-7acd6ad2bf4d4cff841cad008ab726d5:ord-1a8b7064341544c49b0e4d70124a72ce,ord_dataset-7acd6ad2bf4d4cff841cad008ab726d5,8,45d0ec9605f3f3614a8b336d396131907d9c2407243b1898e407103a5d79b490
101,ord_dataset-7acd6ad2bf4d4cff841cad008ab726d5:ord-1ac3a9e5693446f5b357d115366bd281,ord_dataset-7acd6ad2bf4d4cff841cad008ab726d5,100,2756b1a7dbfc737834962a85e0d32ee7d44ef4ca8f3d0841e8d2927b44177a29
102,ord_dataset-7acd6ad2bf4d4cff841cad008ab726d5:ord-1ad9199bdbd642ccb8ec5d51b0367ca2,ord_dataset-7acd6ad2bf4d4cff841cad008ab726d5,699,8d55c57bf4e6456f5632ec8f5fa673e281735b5a1888c0bc28c8af7f0d0cb11a
103,ord_dataset-7acd6ad2bf4d4cff841cad008ab726d5:ord-1b2544bd5d22488fa23920369f9deae1,ord_dataset-7acd6ad2bf4d4cff841cad008ab726d5,420,9780140bd2f36a6ba7d8ed15261286757d718577d6b5c8465eeb81bfbced0f7f
104,ord_dataset-7acd6ad2bf4d4cff841cad008ab726d5:ord-1bbb85ad297445bfb36056e2f28967d0,ord_dataset-7acd6ad2bf4d4cff841cad008ab726d5,99,c1488fb50e36d2ed02a42e112f666b6c276fd01eefa5f02bbbd09f48f4f15ef4
105,ord_dataset-7acd6ad2bf4d4cff841cad008ab726d5:ord-1d456816a3f4456e851d339b2448a6dd,ord_dataset-7acd6ad2bf4d4cff841cad008ab726d5,137,1ee97b475f56126f767fb9d484e6835cf402f70ad174f8aba0b2f1690c022b46
106,ord_dataset-7acd6ad2bf4d4cff841cad008ab726d5:ord-1d6852697a5248ff8e7da72dd5de824a,ord_dataset-7acd6ad2bf4d4cff841cad008ab726d5,322,26e1173fdba670f0fa66e28ebf6ef2f0a3706ed4f1aafec2efe0d9ba9f2cff8a
107,ord_dataset-7acd6ad2bf4d4cff841cad008ab726d5:ord-1dbae3a09caf4114a86431f909d9d8f3,ord_dataset-7acd6ad2bf4d4cff841cad008ab726d5,253,4db2e47c2528ce3177e9df2a767c852bc26c2caee14af758bea6951b602a6183
108,ord_dataset-7acd6ad2bf4d4cff841cad008ab726d5:ord-1dc414d1aa544817a11e770d6045ac5a,ord_dataset-7acd6ad2bf4d4cff841cad008ab726d5,237,359a8c6ea894e0f9eb591328c43f7f633f0f394ec6ca101aeff4d29fbd4c94f1
109,ord_dataset-7acd6ad2bf4d4cff841cad008ab726d5:ord-1dda7edc3ba14d4287e8ba81babf8663,ord_dataset-7acd6ad2bf4d4cff841cad008ab726d5,197,810795497982e0b5d876cc6b1c2b4523dc544f5034028d22921b73ca9b9bef33
110,ord_dataset-7acd6ad2bf4d4cff841cad008ab726d5:ord-1e6b4d1a18994f78abbc15d31658b24e,ord_dataset-7acd6ad2bf4d4cff841cad008ab726d5,153,0f933580237fe1ca3fc694317b1426e95e838d3bb8714346709a0f25877e922b
111,ord_dataset-7acd6ad2bf4d4cff841cad008ab726d5:ord-1efe3cd93cf540b58f413750a47935eb,ord_dataset-7acd6ad2bf4d4cff841cad008ab726d5,32,aa72c1532607b98c301e80647d47d46bf0c643c88936c2db1802c548e0465905
112,ord_dataset-7acd6ad2bf4d4cff841cad008ab726d5:ord-1f1742efd80f4683b4dac916f604b156,ord_dataset-7acd6ad2bf4d4cff841cad008ab726d5,897,925b895b2f536c0ab63a0a067e7f7f4bcf3fd1982a73fb9413cb9110f2980b8d
113,ord_dataset-7acd6ad2bf4d4cff841cad008ab726d5:ord-1f202c84c4f44458a60bf276bddf04ff,ord_dataset-7acd6ad2bf4d4cff841cad008ab726d5,396,bb6c0fd404236c547d668c16b4833b5ba40ba85669d992c4ce156491a472f176
114,ord_dataset-7acd6ad2bf4d4cff841cad008ab726d5:ord-1f27f5e01d114ae897d2fb5a1969c668,ord_dataset-7acd6ad2bf4d4cff841cad008ab726d5,51,bf914104377396ac62985f551b5ec1d1f68cc8f78ca92bef38d851d0a433bc9c
115,ord_dataset-7acd6ad2bf4d4cff841cad008ab726d5:ord-1f3334cd21a34cd1bf1e6ae9ea629ef4,ord_dataset-7acd6ad2bf4d4cff841cad008ab726d5,452,621c9d8e171645898bbc0c0acc56a4e53fca8d563bcda2641e798c50312cd43b
116,ord_dataset-7acd6ad2bf4d4cff841cad008ab726d5:ord-1f64d6f8642b4c5b8242326618be861e,ord_dataset-7acd6ad2bf4d4cff841cad008ab726d5,168,0949780cd9031ec9feba3528992f23c13c0d591f5deb7121ce7d1bf43c9685e5
117,ord_dataset-7acd6ad2bf4d4cff841cad008ab726d5:ord-1f781e61e42c4fe582b3f64d078b08cc,ord_dataset-7acd6ad2bf4d4cff841cad008ab726d5,207,9b782fc3d4f1cac92ef1a824a4c0ea8682fdd0204ab737e4d010408a93d3db36
118,ord_dataset-7acd6ad2bf4d4cff841cad008ab726d5:ord-1ff1095ec839488b8ca7478b6e9bb1ca,ord_dataset-7acd6ad2bf4d4cff841cad008ab726d5,236,ca4db9081de242778dc319b7685154342f77c43d8b0a5e10dba5c7ff62b51f1a
119,ord_dataset-7acd6ad2bf4d4cff841cad008ab726d5:ord-204bd635eba9433f8a8b742e92cd6e8c,ord_dataset-7acd6ad2bf4d4cff841cad008ab726d5,481,e4a97f43bbc06e7e644abf0d6c26433e2543c76703c1f5f9315d20090eadb6c2
120,ord_dataset-7acd6ad2bf4d4cff841cad008ab726d5:ord-20e6e17013794f28bc9bae41cd02bbf9,ord_dataset-7acd6ad2bf4d4cff841cad008ab726d5,238,dbd7c32f051e91d856a36eb41ae01c6600a87468335eed0657f773e59b56c71a
121,ord_dataset-7acd6ad2bf4d4cff841cad008ab726d5:ord-20f619425e0c4533adb58cb8983d367b,ord_dataset-7acd6ad2bf4d4cff841cad008ab726d5,133,8ef73e0469e4506456eb7fe156091c70733193d8c86aeed6ae7738128fcca984
122,ord_dataset-7acd6ad2bf4d4cff841cad008ab726d5:ord-213c41e3294d460e999c45551095384e,ord_dataset-7acd6ad2bf4d4cff841cad008ab726d5,251,b033013a03e2bd05b51c0817f678da65e5ae98a8a61013d10c5de52cb5fa3fd6
123,ord_dataset-7acd6ad2bf4d4cff841cad008ab726d5:ord-2189aa667b9a42dab424c22811ae2e95,ord_dataset-7acd6ad2bf4d4cff841cad008ab726d5,208,9c5ffe4e9cf68bf04041be5daf6e1ad8fdedcbd69807f9eac4d6c22831856411
124,ord_dataset-7acd6ad2bf4d4cff841cad008ab726d5:ord-218ec0c190ec4a8bb4c91edd88e19b8b,ord_dataset-7acd6ad2bf4d4cff841cad008ab726d5,429,4594130f1af481938e0de59dc088b0a8419094cee3999a1de8b755da7583521e
125,ord_dataset-7acd6ad2bf4d4cff841cad008ab726d5:ord-219da04be8a64e95b3d4b01e6c25ea15,ord_dataset-7acd6ad2bf4d4cff841cad008ab726d5,668,abc281bccaa12a37da67e9f9be472bf01c3d873b769f7f169a3bea14a3c3bcb5
126,ord_dataset-7acd6ad2bf4d4cff841cad008ab726d5:ord-2307b6db14ab4c08990a7289be0bafda,ord_dataset-7acd6ad2bf4d4cff841cad008ab726d5,338,71d1f61e0192708b7af860899a5103a054273bd5dae6cc0087d733aafd1273d3
127,ord_dataset-7acd6ad2bf4d4cff841cad008ab726d5:ord-237d29d4b1d84e10a6b61e0df8745613,ord_dataset-7acd6ad2bf4d4cff841cad008ab726d5,938,20dad412440a55f1e17e7c4e9c3efcbc0027d3f41f9ee5bbaf23d9325562c716
128,ord_dataset-7acd6ad2bf4d4cff841cad008ab726d5:ord-2395ac493310456a96ab2a4bfe432fe8,ord_dataset-7acd6ad2bf4d4cff841cad008ab726d5,578,3ccfcfc9e9e45fb518e68db97d44a98c343ba176b3d2153bd9849e4b33bd610e
129,ord_dataset-7acd6ad2bf4d4cff841cad008ab726d5:ord-23fd27fad12c48caa93c2aba8d798a6d,ord_dataset-7acd6ad2bf4d4cff841cad008ab726d5,895,0469f32ede970fd1fd6bb985a148ef5992787961140717aeb8ead7889df70b7a
130,ord_dataset-7acd6ad2bf4d4cff841cad008ab726d5:ord-2422fd0374f0479a830be7c45cc7be9b,ord_dataset-7acd6ad2bf4d4cff841cad008ab726d5,811,d82e9daef32e83c3eebe7599ab49254abe25caec65ad70b9b0f7228f0c0038bc
131,ord_dataset-7acd6ad2bf4d4cff841cad008ab726d5:ord-24a48ad99189463a9f09651e44b3f4c2,ord_dataset-7acd6ad2bf4d4cff841cad008ab726d5,316,de80077c54d8dea05f406deeb26cc45974861029189e81df4dda1fcd489f3583
132,ord_dataset-7acd6ad2bf4d4cff841cad008ab726d5:ord-2509124c6dfc45bfb01cda7b7b071852,ord_dataset-7acd6ad2bf4d4cff841cad008ab726d5,786,11188277536b6231b849f9a410c5e0d82622d8a49432d78911483dd55925592a
133,ord_dataset-7acd6ad2bf4d4cff841cad008ab726d5:ord-25316d0d93b04d88acb3b1d428eef0e5,ord_dataset-7acd6ad2bf4d4cff841cad008ab726d5,2,bf8f19324fbab60bebc1fe6efebdb9c264e4445ba718fa1360d9c0f2cd8b52c0
134,ord_dataset-7acd6ad2bf4d4cff841cad008ab726d5:ord-25beb1bbbd0a49f4a67f450811fbbbf5,ord_dataset-7acd6ad2bf4d4cff841cad008ab726d5,907,6c3d90f67f39c3fefef530ddc2ecbe1de75bf4b275e7da8849e40481164f9ec0
135,ord_dataset-7acd6ad2bf4d4cff841cad008ab726d5:ord-25ebbe899ecf4ababaad0cac4de70be0,ord_dataset-7acd6ad2bf4d4cff841cad008ab726d5,198,0d6e93601ad75ff381991bcbbe4ce831c0ede1f2876ceda446c58d072a167b87
136,ord_dataset-7acd6ad2bf4d4cff841cad008ab726d5:ord-25ffae027ecd45d4ad6a63b414ef6e6c,ord_dataset-7acd6ad2bf4d4cff841cad008ab726d5,241,746566fe49bb2d6d22c0a42b0339b0e24bbf9b6880d58b54b86d31268c4d7b0b
137,ord_dataset-7acd6ad2bf4d4cff841cad008ab726d5:ord-260aa2196d10411c953c3ae4639db340,ord_dataset-7acd6ad2bf4d4cff841cad008ab726d5,53,e63ff64944bb8cf7f8ad79234cd3a276f78e3f99b043155807ac8192b11bdb6f
138,ord_dataset-7acd6ad2bf4d4cff841cad008ab726d5:ord-261be9f6ba0848a0812cfc8f05bdc68e,ord_dataset-7acd6ad2bf4d4cff841cad008ab726d5,268,16360ec3d5fc2fc9b2bcef225e446cbf8205ec9f25637dd98d6294e0336d82e3
139,ord_dataset-7acd6ad2bf4d4cff841cad008ab726d5:ord-2627a6ed87c243c5a5be0124320fd4b3,ord_dataset-7acd6ad2bf4d4cff841cad008ab726d5,24,27112ec6fe8cd05e527a4710f7d6c79a6d2c9742bea2264b49690f3f4e746568
140,ord_dataset-7acd6ad2bf4d4cff841cad008ab726d5:ord-26f6c22e8bcb42758b02ee4fd4ae7e4f,ord_dataset-7acd6ad2bf4d4cff841cad008ab726d5,808,ba47cfcb4f85e7070721d0b928f8afc69c5d95d9203e348e734667b3a98b54fb
141,ord_dataset-7acd6ad2bf4d4cff841cad008ab726d5:ord-2707a9372996465daf4fda078843b994,ord_dataset-7acd6ad2bf4d4cff841cad008ab726d5,77,9f8aedc891d9d2be94f056ba396144374db4823331d3f0adf2ffcf7367b9df64
142,ord_dataset-7acd6ad2bf4d4cff841cad008ab726d5:ord-27a0839e4480460883bf3aef590b5ac5,ord_dataset-7acd6ad2bf4d4cff841cad008ab726d5,541,11fe5a8e11745e3ce67b52873b001a47fc0607e3cdbb2f782723d5d4f818cc48
143,ord_dataset-7acd6ad2bf4d4cff841cad008ab726d5:ord-27cd22d84eed406aaa767bc994d39f0e,ord_dataset-7acd6ad2bf4d4cff841cad008ab726d5,61,5eab655329e92604505fd6360b25467d14d1dd6ac55b7554ec749daef485498c
144,ord_dataset-7acd6ad2bf4d4cff841cad008ab726d5:ord-27f8b40cb1994539b26bc3c98d8c2554,ord_dataset-7acd6ad2bf4d4cff841cad008ab726d5,497,c4e24cc659d6cf1024df10278b3989d980d1ba3719b700220ab5f94df5568aea
145,ord_dataset-7acd6ad2bf4d4cff841cad008ab726d5:ord-280112ae56ed4b8b93ae9d3bd967e165,ord_dataset-7acd6ad2bf4d4cff841cad008ab726d5,903,030dbd17b2a327c5150396465d4061a769d9d60a42b67ab90fbd5b9cd0d4b10a
146,ord_dataset-7acd6ad2bf4d4cff841cad008ab726d5:ord-282e90ea8c964d6fb54a42ecb66c27f2,ord_dataset-7acd6ad2bf4d4cff841cad008ab726d5,304,035dff0354290a287a2896ae26844f812a7bcf16d40c9b9457d9ddd737503343
147,ord_dataset-7acd6ad2bf4d4cff841cad008ab726d5:ord-2851180635b44d7da0e3e8ca9ddc5e70,ord_dataset-7acd6ad2bf4d4cff841cad008ab726d5,682,afd06068a3cbe080f6dbd041537d1226e9de6f4fa71d7872b2d5ecd247adfa81
148,ord_dataset-7acd6ad2bf4d4cff841cad008ab726d5:ord-28d95b604ca9457a9cd80dbc788f4ddc,ord_dataset-7acd6ad2bf4d4cff841cad008ab726d5,141,d1b6ba0f1e57af130beda957d5bd868d2215dec7848dd8f26b0e5661e4ced47c
149,ord_dataset-7acd6ad2bf4d4cff841cad008ab726d5:ord-290ec526a04b499fa7b4186ac17343be,ord_dataset-7acd6ad2bf4d4cff841cad008ab726d5,584,2d74448ec4928375c168d97e9c8d5f165514a723a80ed7efb153fc7e2aca5525
150,ord_dataset-7acd6ad2bf4d4cff841cad008ab726d5:ord-290f5c9071ed46418c3b00ab63d737cd,ord_dataset-7acd6ad2bf4d4cff841cad008ab726d5,898,7e74143bc213627aa859576d198b5b6068b0df1e66f11768e8fee9c7845073f6
151,ord_dataset-7acd6ad2bf4d4cff841cad008ab726d5:ord-292d94aff85947abb905b56c9a74f79c,ord_dataset-7acd6ad2bf4d4cff841cad008ab726d5,826,38a47213d3ef0fd02ca0d9110dcfd5b6533ce28e44a56244e2428a4dd09d04a1
152,ord_dataset-7acd6ad2bf4d4cff841cad008ab726d5:ord-294369280c704701bb6ddeed314c9c6d,ord_dataset-7acd6ad2bf4d4cff841cad008ab726d5,266,6ec953f7854cc79430bd81ef6c279947bc33fa9dcd8db33e0d472524375c19cd
153,ord_dataset-7acd6ad2bf4d4cff841cad008ab726d5:ord-2948f14bfe9d442cb7dbd66c4eda102a,ord_dataset-7acd6ad2bf4d4cff841cad008ab726d5,817,a1b47d19810567a4398d5f9ff00048d35b9e3241e13cc90dfcd86659557cb1b5
154,ord_dataset-7acd6ad2bf4d4cff841cad008ab726d5:ord-29c3f5c272814500910d64a453b1ab74,ord_dataset-7acd6ad2bf4d4cff841cad008ab726d5,386,deac945241555130436c8d3cb73a41f7c5679c4b53b70cbbc9f4f65c9ff97949
155,ord_dataset-7acd6ad2bf4d4cff841cad008ab726d5:ord-2a2df8e980a84719b5d06e9094b788fa,ord_dataset-7acd6ad2bf4d4cff841cad008ab726d5,914,5c10f3efdcdabb564f6da8c6f8c904803d53a2a27fb61870da8138070d827e4e
156,ord_dataset-7acd6ad2bf4d4cff841cad008ab726d5:ord-2a67b2115a1d4729a642a5806cd0b152,ord_dataset-7acd6ad2bf4d4cff841cad008ab726d5,538,070622804d7e63eeb4064f82ed5016319c1d76e19df8ef561a00ad6e6217bff2
157,ord_dataset-7acd6ad2bf4d4cff841cad008ab726d5:ord-2a7c5d54668e4f1e8ff6a808904efc61,ord_dataset-7acd6ad2bf4d4cff841cad008ab726d5,595,212e0a5302516b500c7f338286408569eb761bb718f9e0e0ee4fbccfa1e535e0
158,ord_dataset-7acd6ad2bf4d4cff841cad008ab726d5:ord-2a93507fd0e64e698f3a2c37f1bcef1a,ord_dataset-7acd6ad2bf4d4cff841cad008ab726d5,240,c8d7fdd7392793901f3b0fdf1b28e6cb3a795f3f5da25facef184c7eedf99557
159,ord_dataset-7acd6ad2bf4d4cff841cad008ab726d5:ord-2aaef268f3024da9b7666b5887474e07,ord_dataset-7acd6ad2bf4d4cff841cad008ab726d5,770,90f0b1fc56c8066fa079aabc979b1e929654483d76e4961890cc8423c3b38521
160,ord_dataset-7acd6ad2bf4d4cff841cad008ab726d5:ord-2b0bdb8004ba42b28a1f4b715816a207,ord_dataset-7acd6ad2bf4d4cff841cad008ab726d5,697,04be296fd3572de02e0c52d844350c7c424a1433315a5d50d033c3de8fa67a50
161,ord_dataset-7acd6ad2bf4d4cff841cad008ab726d5:ord-2b504c638cf44dab90fc786d6083703c,ord_dataset-7acd6ad2bf4d4cff841cad008ab726d5,430,9de1a0c5d8f5f6be36afc0adee2c51a1dccb08214f92ee3a10151488aae3b3c1
162,ord_dataset-7acd6ad2bf4d4cff841cad008ab726d5:ord-2b632831231c4c42b6296b2d08ef88f8,ord_dataset-7acd6ad2bf4d4cff841cad008ab726d5,918,92bd02e904f4c8d4cb5516d12910d67d95db9d6bd4fde0a0aa30ee051b6f42b4
163,ord_dataset-7acd6ad2bf4d4cff841cad008ab726d5:ord-2b74e9ad787641db95b20e9a109afa1d,ord_dataset-7acd6ad2bf4d4cff841cad008ab726d5,794,d40d58fbb1eda625bc53c86241fa28f66e615f7ec6992a43577be4742c12479e
164,ord_dataset-7acd6ad2bf4d4cff841cad008ab726d5:ord-2b7ac2f0810d4a63abac8bc60234b600,ord_dataset-7acd6ad2bf4d4cff841cad008ab726d5,221,7e763aea5919ee7474a34c8aa39915b4ae6a1c695d3c271b39bf835017727d58
165,ord_dataset-7acd6ad2bf4d4cff841cad008ab726d5:ord-2b9a1e8828874bd59214c75087c9ea76,ord_dataset-7acd6ad2bf4d4cff841cad008ab726d5,186,acbdf0ac1ca20d4f545c5ca8ce77e38872dd2bd23bbd944b2729f27dc8f50b2d
166,ord_dataset-7acd6ad2bf4d4cff841cad008ab726d5:ord-2bb9665f6f92456997e0a1162302851e,ord_dataset-7acd6ad2bf4d4cff841cad008ab726d5,717,b1c6e687e4c5b20bf8e0b7251cb1dfa984714ff4d3ec599e3e880afaa09bfd4c
167,ord_dataset-7acd6ad2bf4d4cff841cad008ab726d5:ord-2bcac7a43bd9411bb0e59285e875c384,ord_dataset-7acd6ad2bf4d4cff841cad008ab726d5,477,f604a5a29a68729b8921a9f2dddb1cef37da4493f0552cded01585eb609d5387
168,ord_dataset-7acd6ad2bf4d4cff841cad008ab726d5:ord-2c693f5a0ac64fcc8dc3ca4c6e8c5a4a,ord_dataset-7acd6ad2bf4d4cff841cad008ab726d5,916,79592337e9993cecbe763c43cfa3bd54b8c47823677ada85a9972d61bd1b41fa
169,ord_dataset-7acd6ad2bf4d4cff841cad008ab726d5:ord-2c8bec973a144f61bcb55bdc9cdeeadd,ord_dataset-7acd6ad2bf4d4cff841cad008ab726d5,901,2648970d05f124a06ec649f237e82ee29bb78b384d14b10b42c635e1bbe4b49f
170,ord_dataset-7acd6ad2bf4d4cff841cad008ab726d5:ord-2c97e0d4bd3b413eb724031d7a7a3bdf,ord_dataset-7acd6ad2bf4d4cff841cad008ab726d5,50,bc5ef3222b773e309d44606155d4718e31d170410ea399313d745d66bb34c7ab
171,ord_dataset-7acd6ad2bf4d4cff841cad008ab726d5:ord-2ca5d1910ce24332b4c954609ac9d250,ord_dataset-7acd6ad2bf4d4cff841cad008ab726d5,881,f7b6d7f6dfb5f39dea235204467aef2ab232498456638fbb55ee840545e5464f
172,ord_dataset-7acd6ad2bf4d4cff841cad008ab726d5:ord-2d1fdb22aacb4cd393dc7a3c71160715,ord_dataset-7acd6ad2bf4d4cff841cad008ab726d5,733,d9e29eced17aa3618890bd3164c52e99ad7ab0580d074a33824a44bef252608e
173,ord_dataset-7acd6ad2bf4d4cff841cad008ab726d5:ord-2d55f27ca4e94a9eb2180e2588dd04b8,ord_dataset-7acd6ad2bf4d4cff841cad008ab726d5,410,0886f0b6c1042b99b2565136a3863eb7560baaaa0fd901e813f07756ff8abaf9
174,ord_dataset-7acd6ad2bf4d4cff841cad008ab726d5:ord-2d6841ac9c8b4e899dfa009de8cb4934,ord_dataset-7acd6ad2bf4d4cff841cad008ab726d5,845,b423210e7f1a0423a594d7eecf3fbe05c65f8e51bdd980d1c9fce9cff7072238
175,ord_dataset-7acd6ad2bf4d4cff841cad008ab726d5:ord-2d90dc6a20ee49ccb32d124aabaf4e67,ord_dataset-7acd6ad2bf4d4cff841cad008ab726d5,681,4abf0b53a3e4fe93bd06483790070ad544a334ea719baacb28b2ba11a2526f0f
176,ord_dataset-7acd6ad2bf4d4cff841cad008ab726d5:ord-2dd7c783023b49ae9782d3a64046d705,ord_dataset-7acd6ad2bf4d4cff841cad008ab726d5,399,ba3189b22480449f0aade005f3d49f147514cfa379e87500a8d0d24badbfb1c6
177,ord_dataset-7acd6ad2bf4d4cff841cad008ab726d5:ord-2e9a1eb5108c4c19a97aafb535c771e8,ord_dataset-7acd6ad2bf4d4cff841cad008ab726d5,20,9ccd104fbd638665f080d9379684a066ddca504a8d718c2048b54287094fbf6a
178,ord_dataset-7acd6ad2bf4d4cff841cad008ab726d5:ord-2f2cc5b943d34aa89948af7a2f7b16ba,ord_dataset-7acd6ad2bf4d4cff841cad008ab726d5,738,702e9b8cd94244e47d9f1a50dad2119780b5f317edcb9636053eccdf4359a1a6
179,ord_dataset-7acd6ad2bf4d4cff841cad008ab726d5:ord-2f48c336eba441f3b6532a4b9befebda,ord_dataset-7acd6ad2bf4d4cff841cad008ab726d5,663,ee034eed2e07156df8438680902a52df79b01047a3a81653a866d295b6ad7109
180,ord_dataset-7acd6ad2bf4d4cff841cad008ab726d5:ord-2f521163185f43f0bac4d8ff1d3ef32d,ord_dataset-7acd6ad2bf4d4cff841cad008ab726d5,728,d9355538f862edcd682c4fe7a7b200c377896ebd27bd9b759fd4e2e7bd646c39
181,ord_dataset-7acd6ad2bf4d4cff841cad008ab726d5:ord-2fded98425c247208ee2b5bdb1657137,ord_dataset-7acd6ad2bf4d4cff841cad008ab726d5,894,7fc426ac8ea3bbd4f3f28751a98db9a086778f741a5c58a75c75e1b7399181fc
182,ord_dataset-7acd6ad2bf4d4cff841cad008ab726d5:ord-2ff5a70a13024f598d24d79e6862a1e0,ord_dataset-7acd6ad2bf4d4cff841cad008ab726d5,359,f423dc5369aa9b0f7860055b500ccb335a2c10ff686a6d1cb31af17e9ec47551
183,ord_dataset-7acd6ad2bf4d4cff841cad008ab726d5:ord-301f52fb265d48dab2025f51343da699,ord_dataset-7acd6ad2bf4d4cff841cad008ab726d5,28,b55c90c25b404d1426d2c7dcb0dc27fd8acf0fccff97f02fd74f334f0bbf2dfd
184,ord_dataset-7acd6ad2bf4d4cff841cad008ab726d5:ord-3053a005ce144daa8ec67351c509a2ef,ord_dataset-7acd6ad2bf4d4cff841cad008ab726d5,875,19469ebb7d6de1d572153a0b168f092696531ee89661f4f237277ec6de496378
185,ord_dataset-7acd6ad2bf4d4cff841cad008ab726d5:ord-3094c2febf16497e8932313e21c04d3a,ord_dataset-7acd6ad2bf4d4cff841cad008ab726d5,679,bfc3e43db2b6a835a8063b37cfe779679225b2e5f7bbfd28209dd73e4535c885
186,ord_dataset-7acd6ad2bf4d4cff841cad008ab726d5:ord-30d23cf6bc9142aabc4e7a33dcc2a0d6,ord_dataset-7acd6ad2bf4d4cff841cad008ab726d5,1,cbfbf15273f83175e887e57dd41568d0715ad300d9846aa5aeb1227d87e32d5b
187,ord_dataset-7acd6ad2bf4d4cff841cad008ab726d5:ord-30d8fd54ca554c8a8171130945d66764,ord_dataset-7acd6ad2bf4d4cff841cad008ab726d5,217,b867cecdd60a994031c725b3fac154b3cd9f207848eebd0021bf094df2ab5ddc
188,ord_dataset-7acd6ad2bf4d4cff841cad008ab726d5:ord-30f6871712ae4121bd186c8ab45e8405,ord_dataset-7acd6ad2bf4d4cff841cad008ab726d5,258,14c9134697f120f2c474078033d482c717512d9417fb85c2da4b263ae5fb929f
189,ord_dataset-7acd6ad2bf4d4cff841cad008ab726d5:ord-30f8f94650264bff851c6fc23b3a3ffa,ord_dataset-7acd6ad2bf4d4cff841cad008ab726d5,783,d68f12cd608cc678801ee03ad71f1b4155b6d8213a31616ea40afa5bfb88cdd2
190,ord_dataset-7acd6ad2bf4d4cff841cad008ab726d5:ord-311134bffb3047a8bfd8cf8c620be124,ord_dataset-7acd6ad2bf4d4cff841cad008ab726d5,746,881c7d2adefd657a9eadcd10c98313d08d9c68a74671fa23d9808b8fd38b8b73
191,ord_dataset-7acd6ad2bf4d4cff841cad008ab726d5:ord-31596d4c85094dbaa036c087bb7737e9,ord_dataset-7acd6ad2bf4d4cff841cad008ab726d5,466,3725c4f4667c1bf17a464101b9e269ce574d1ffa8e53d8b5b7a4f588a3360f20
192,ord_dataset-7acd6ad2bf4d4cff841cad008ab726d5:ord-3161bbad1eee4cc4912e4fb28c5086f2,ord_dataset-7acd6ad2bf4d4cff841cad008ab726d5,182,f0d21d24bbf050381bb0d6e04f91ebc2c35acc71be7723570d411fc94d930911
193,ord_dataset-7acd6ad2bf4d4cff841cad008ab726d5:ord-318e266a8cd04ffea3bf76e6d3b177e6,ord_dataset-7acd6ad2bf4d4cff841cad008ab726d5,383,c555737624c06bb9ab02968d38bfd0d58f3fd4e3616dc3410ebcb5ec019bbb27
194,ord_dataset-7acd6ad2bf4d4cff841cad008ab726d5:ord-31b854e7545441a79ab8c5ad7b9d086c,ord_dataset-7acd6ad2bf4d4cff841cad008ab726d5,562,dfa2f7fd8fccf3f744229142789d5c70cd4b481ab4e5d16ab2bc1452d6f3a674
195,ord_dataset-7acd6ad2bf4d4cff841cad008ab726d5:ord-3204a4e4347849cfac83fa8f12afc0c6,ord_dataset-7acd6ad2bf4d4cff841cad008ab726d5,165,19414861a9195acea54151b7d79d88a003ddf13a4714666d31d26f6559158a9f
196,ord_dataset-7acd6ad2bf4d4cff841cad008ab726d5:ord-32d86ca419c444429be4dd6e93f5c246,ord_dataset-7acd6ad2bf4d4cff841cad008ab726d5,102,2312ef9e14d1f846a30927d01c11e4c62ac0be7eb730b00388a51c5863575098
197,ord_dataset-7acd6ad2bf4d4cff841cad008ab726d5:ord-3307aa66eca94481938f44bbe9a0934d,ord_dataset-7acd6ad2bf4d4cff841cad008ab726d5,896,f9dabac52957650db62f5487692ac3138dca01a1b072465b9439bd7cdec94274
198,ord_dataset-7acd6ad2bf4d4cff841cad008ab726d5:ord-3385dcbd23e44fb99a127e81af5f3f75,ord_dataset-7acd6ad2bf4d4cff841cad008ab726d5,161,a6e09ed8ad416cb9b0a4bdbf5fd2ed8409a759dc8641dca85522e4d843b45063
199,ord_dataset-7acd6ad2bf4d4cff841cad008ab726d5:ord-33c5d91fc7d440879b794472437437ae,ord_dataset-7acd6ad2bf4d4cff841cad008ab726d5,521,f15e92ec0db6da7c59f7fff10a9d53add1e84aed0825bf1e64f1b7711cf4ed58
200,ord_dataset-7acd6ad2bf4d4cff841cad008ab726d5:ord-340c93c0f5ff410db6bac4cea7e17621,ord_dataset-7acd6ad2bf4d4cff841cad008ab726d5,606,4ec5a729662416708257b6529ea2b7cc1481d6a15d8a74b68f5d87f59737b730
201,ord_dataset-7acd6ad2bf4d4cff841cad008ab726d5:ord-34508a7cd7a546efa0ac3dff7d34555a,ord_dataset-7acd6ad2bf4d4cff841cad008ab726d5,507,6c0bd5ce0badd3a2a7650f84808a160fb3880b6a1279e99c5a4f1fc17a74d985
202,ord_dataset-7acd6ad2bf4d4cff841cad008ab726d5:ord-34c9cbab73614792ac70ab35f96c738c,ord_dataset-7acd6ad2bf4d4cff841cad008ab726d5,580,1e98ba28c4b5efa26a8cbe600da3fc0cd73389ea7f8f62550107b51ef5ed222b
203,ord_dataset-7acd6ad2bf4d4cff841cad008ab726d5:ord-34f52dbe41034da19849fea47f83d9e4,ord_dataset-7acd6ad2bf4d4cff841cad008ab726d5,203,64bae8d658cbc41f9db3ba58dbd91d4a39d6366d35ff147c05621411d1b9074a
204,ord_dataset-7acd6ad2bf4d4cff841cad008ab726d5:ord-3520a35ed81d4bd4ba5ea4cb17942cdf,ord_dataset-7acd6ad2bf4d4cff841cad008ab726d5,75,f52d278662f1b0b395060928e25cbe9d65700fb96066e0fb122c29429029d917
205,ord_dataset-7acd6ad2bf4d4cff841cad008ab726d5:ord-356aa499812c402ca82425c66657e17d,ord_dataset-7acd6ad2bf4d4cff841cad008ab726d5,687,d5dc775b249422e78c1291b567b7b5f4aacdfe6100c801c6c8677b935d697ea4
206,ord_dataset-7acd6ad2bf4d4cff841cad008ab726d5:ord-35d57336dd234eddbca1ac46bb25a371,ord_dataset-7acd6ad2bf4d4cff841cad008ab726d5,43,6729bb89ee5e0772b06683cb90915f30ecf9280eb74fdcf210fb0b46323e41ed
207,ord_dataset-7acd6ad2bf4d4cff841cad008ab726d5:ord-35f04bf404b1461e995878f951dc658e,ord_dataset-7acd6ad2bf4d4cff841cad008ab726d5,451,735c0b623afdca226dc07c833e237d48db8c95a647142c3d31e53c9397ff60a0
208,ord_dataset-7acd6ad2bf4d4cff841cad008ab726d5:ord-360365344255415d8d1b239739fbbf09,ord_dataset-7acd6ad2bf4d4cff841cad008ab726d5,227,84c5e56ac601e3da311f7ca710278735dcf71424015850255b56912dfd390d4f
209,ord_dataset-7acd6ad2bf4d4cff841cad008ab726d5:ord-362b634a8630483d9e800bf14479b0c9,ord_dataset-7acd6ad2bf4d4cff841cad008ab726d5,579,076c0339d77408c5a524c4e618cc1cbe2289efeb656333576d11f3d1a544d905
210,ord_dataset-7acd6ad2bf4d4cff841cad008ab726d5:ord-367d8bd49ff248d5943063da780333ec,ord_dataset-7acd6ad2bf4d4cff841cad008ab726d5,344,a216b5cbedaff717412a2482b40099e21450da5c3562d9a81f9179b54f744bd4
211,ord_dataset-7acd6ad2bf4d4cff841cad008ab726d5:ord-36e1e2fe6f714448ac956ce55948a18e,ord_dataset-7acd6ad2bf4d4cff841cad008ab726d5,799,41ba693adce79722251d350a712fffedc3faca4974be0df8aad97317ff3fcdcb
212,ord_dataset-7acd6ad2bf4d4cff841cad008ab726d5:ord-36e97f283777409f98abbc3b5394c17a,ord_dataset-7acd6ad2bf4d4cff841cad008ab726d5,731,d243aede240cdf244ee6849c875e2ce5838f5fe3000718d533521ec9ae70bd4e
213,ord_dataset-7acd6ad2bf4d4cff841cad008ab726d5:ord-37508401d83249d6bcac0d69e0b4b61b,ord_dataset-7acd6ad2bf4d4cff841cad008ab726d5,513,19210b5e3bca29accc1f285ed98becd4ffb9e7a346c91fb503b7d33c7dd84993
214,ord_dataset-7acd6ad2bf4d4cff841cad008ab726d5:ord-379625b6dd1f4947be179eb3e8d56745,ord_dataset-7acd6ad2bf4d4cff841cad008ab726d5,101,3084d354be914e90983797d48479124a1b791751e07699662d70dcd81e9826d0
215,ord_dataset-7acd6ad2bf4d4cff841cad008ab726d5:ord-37c37a9d9cc7414ca907c56c0566f59f,ord_dataset-7acd6ad2bf4d4cff841cad008ab726d5,779,52fa0b005cc3b3f8dbbd4d4ba9f6cac1b8abeff89532238607dee594ee6aa775
216,ord_dataset-7acd6ad2bf4d4cff841cad008ab726d5:ord-37c3b2a4ac834b7f84eb8b52a08bcc7a,ord_dataset-7acd6ad2bf4d4cff841cad008ab726d5,315,08ed023dc9a3385c2055ad96432b53110bd0011d859d0ae09cbab2a2f8d94667
217,ord_dataset-7acd6ad2bf4d4cff841cad008ab726d5:ord-3828056e7a704a13a50bb3cd002ef058,ord_dataset-7acd6ad2bf4d4cff841cad008ab726d5,667,33f9391a83d28f497bd73755abc90e80fe1d58d942d3d18c0ab2676839bbe4e0
218,ord_dataset-7acd6ad2bf4d4cff841cad008ab726d5:ord-383e96d67c8046d78fdab21a8573e7aa,ord_dataset-7acd6ad2bf4d4cff841cad008ab726d5,474,163e38c90515c09fe75cb842ec9857e8689318e583302ee4f0238a94a959cbce
219,ord_dataset-7acd6ad2bf4d4cff841cad008ab726d5:ord-38415ddb8c304e3da3779eed4d439aae,ord_dataset-7acd6ad2bf4d4cff841cad008ab726d5,830,a127bd2272f530623632754738a36c745d37a753b52363463f4e5a6716abaa9e
220,ord_dataset-7acd6ad2bf4d4cff841cad008ab726d5:ord-3865439a6b8b4345b43d9a453be2f48c,ord_dataset-7acd6ad2bf4d4cff841cad008ab726d5,797,061a8f9299f89fa2dee91a3ec8e64fc7834b84e1cc5aa6c2a437aac41f28c9ea
221,ord_dataset-7acd6ad2bf4d4cff841cad008ab726d5:ord-387711a6b70b4fd9b30295a4c71ec428,ord_dataset-7acd6ad2bf4d4cff841cad008ab726d5,434,31b923b586297ad50b92949be1f4b6d9b3f22330192ee27bdcce1508d5fd7827
222,ord_dataset-7acd6ad2bf4d4cff841cad008ab726d5:ord-38e2fd7fb7a24a75acd15025b3bb7655,ord_dataset-7acd6ad2bf4d4cff841cad008ab726d5,71,0796e1606a081d5f1946e707dbc93dbd784f979b9102aed8c29979b9aec6dbaf
223,ord_dataset-7acd6ad2bf4d4cff841cad008ab726d5:ord-38e7a04be5014510824c927d420bbf87,ord_dataset-7acd6ad2bf4d4cff841cad008ab726d5,15,0c298b662cbbee750bbe05fd3728e1a00e23211679654f3af99e2d64c3830b12
224,ord_dataset-7acd6ad2bf4d4cff841cad008ab726d5:ord-38f71d8d205441b29cf7f5eaed0f9679,ord_dataset-7acd6ad2bf4d4cff841cad008ab726d5,367,f8e1b1725790a955fe06036d92b4066fdb83c2b8bec888ec9bbd258d83a901f9
225,ord_dataset-7acd6ad2bf4d4cff841cad008ab726d5:ord-3971270a9d254dc296cdccd7c28637a9,ord_dataset-7acd6ad2bf4d4cff841cad008ab726d5,763,417f8ee1d16efed07dea264dacb5d17ad6ff5205c6ee86537f7089a5f8fbf503
226,ord_dataset-7acd6ad2bf4d4cff841cad008ab726d5:ord-397879664e54433aa1068130d899a25b,ord_dataset-7acd6ad2bf4d4cff841cad008ab726d5,649,2490ef665819c024eb7f5cfd489ec477688e329a7ec79810d9f050bdef339c73
227,ord_dataset-7acd6ad2bf4d4cff841cad008ab726d5:ord-39e4c193f872486bb095e1e38539fa50,ord_dataset-7acd6ad2bf4d4cff841cad008ab726d5,867,aed966615a3b647fd367b1849fca69bf9f6de0422537496375b32f848a412ead
228,ord_dataset-7acd6ad2bf4d4cff841cad008ab726d5:ord-39fdcf41a97d4c3b9c6f902d5b9847aa,ord_dataset-7acd6ad2bf4d4cff841cad008ab726d5,90,c6a3d634cf45d70411b35b899b36fcf8a9e09d0409f98ec0f2bc0cefbb65d5be
229,ord_dataset-7acd6ad2bf4d4cff841cad008ab726d5:ord-3a3893c415b14e35bc601b1aadc16fca,ord_dataset-7acd6ad2bf4d4cff841cad008ab726d5,294,029963df96bcb3b69df0687ac8c4a6d58a4b770ae20c0e4e55d3498be4af2306
230,ord_dataset-7acd6ad2bf4d4cff841cad008ab726d5:ord-3a3ef18718f74199ad36ae6c2b4e4c35,ord_dataset-7acd6ad2bf4d4cff841cad008ab726d5,565,c252b49fb8edf3a2b866b799f496f26bed255181d3a5ec8e5df83d8171f0a03b
231,ord_dataset-7acd6ad2bf4d4cff841cad008ab726d5:ord-3aa20b37769e438d9e5600456bb1f37c,ord_dataset-7acd6ad2bf4d4cff841cad008ab726d5,373,dc699a8e8b17a8185b5a65bee9f70ea5d154c5987a3776e7b5d21bd2d8a5961e
232,ord_dataset-7acd6ad2bf4d4cff841cad008ab726d5:ord-3aa9e1c15ad94c9fb84c54812d3dc59e,ord_dataset-7acd6ad2bf4d4cff841cad008ab726d5,160,7e04870bb5bfd7a371495b171ac42cb3a9c90491082de42f25de408647ff71b1
233,ord_dataset-7acd6ad2bf4d4cff841cad008ab726d5:ord-3ad347d9b43042fc9926eb0f5b78c02d,ord_dataset-7acd6ad2bf4d4cff841cad008ab726d5,917,628e64967c59ab22b3c53a1723d14a260d47519dde8f46642e6dc87d1390c1d7
234,ord_dataset-7acd6ad2bf4d4cff841cad008ab726d5:ord-3ade79ad6ed64c5090edd990efc16858,ord_dataset-7acd6ad2bf4d4cff841cad008ab726d5,465,649a1701085c902438e32da00c704a2291e7750e95a66c820c357a988c5be78d
235,ord_dataset-7acd6ad2bf4d4cff841cad008ab726d5:ord-3ae3c9281c1e4f888a91eab5475ff4d5,ord_dataset-7acd6ad2bf4d4cff841cad008ab726d5,516,c230162cdd598fbfa0f3ecc80748391644ea6210082d4ce5ceae571e5f00e9b5
236,ord_dataset-7acd6ad2bf4d4cff841cad008ab726d5:ord-3b143cd9485146a48d24ca7324672441,ord_dataset-7acd6ad2bf4d4cff841cad008ab726d5,666,266b58002a5c95e140c1914dbfeef7275564c3bbfc73c40b640c3744797c0639
237,ord_dataset-7acd6ad2bf4d4cff841cad008ab726d5:ord-3b96c3a321ab4dc28e8a3357939fd4c3,ord_dataset-7acd6ad2bf4d4cff841cad008ab726d5,524,fb7f49f19232b96aa5ac0d98dee0477aeb4b625f9effe17cfa2246693e598711
238,ord_dataset-7acd6ad2bf4d4cff841cad008ab726d5:ord-3bd2bd34a2ca4128814e801f8ce907fe,ord_dataset-7acd6ad2bf4d4cff841cad008ab726d5,874,206f75e294e32da40f675d927779db0e0253da54bd5836102fb2af583208f11a
239,ord_dataset-7acd6ad2bf4d4cff841cad008ab726d5:ord-3ca779937d3e41cb8b3aeed3b9354c0a,ord_dataset-7acd6ad2bf4d4cff841cad008ab726d5,147,843f739e4bd737fc069c20af5815e45eab8471cb53950ac1351c21e55c6a50b5
240,ord_dataset-7acd6ad2bf4d4cff841cad008ab726d5:ord-3d2dbbc00df7439eb3ac120ed6fb402a,ord_dataset-7acd6ad2bf4d4cff841cad008ab726d5,382,9bd72b6f95d72c18902799ad9cb58b20bfb53a03cf0acf650d3dc2d377957f9b
241,ord_dataset-7acd6ad2bf4d4cff841cad008ab726d5:ord-3d4ef1a9bfcd45c283b4916b15e65e04,ord_dataset-7acd6ad2bf4d4cff841cad008ab726d5,833,49d49c881d0ba4f5ff3d5f69490f02cd517539d1d83adcb33c13bff0ba6f6693
242,ord_dataset-7acd6ad2bf4d4cff841cad008ab726d5:ord-3d85246bedbb425795b2d1193208a5e3,ord_dataset-7acd6ad2bf4d4cff841cad008ab726d5,792,b8a9f0307b9d82a62d0c1a550fc78dbe4a2aca108010f7e02fe61e56cc0114a2
243,ord_dataset-7acd6ad2bf4d4cff841cad008ab726d5:ord-3d896d84a51f4e79bf469f2b4b2659c9,ord_dataset-7acd6ad2bf4d4cff841cad008ab726d5,704,779e46a117aecf5ddbf8e924c160dd1bc77abfd3ef1e080121355fb26c0fcff7
244,ord_dataset-7acd6ad2bf4d4cff841cad008ab726d5:ord-3daadcd34e5c40da88ed55cde07e8663,ord_dataset-7acd6ad2bf4d4cff841cad008ab726d5,754,9b7d065511e975e0408834adb32a995163797e31191c9f013a617b31e3f4a802
245,ord_dataset-7acd6ad2bf4d4cff841cad008ab726d5:ord-3e23a8d1d5124decbae5a1aa297011e5,ord_dataset-7acd6ad2bf4d4cff841cad008ab726d5,428,feb7884ec3fb6c7f340869bcd273ad50aa8628931e2728c9bbee7be13acd833d
246,ord_dataset-7acd6ad2bf4d4cff841cad008ab726d5:ord-3efa97a2a7f54ee3a2d4b841fb2b1e51,ord_dataset-7acd6ad2bf4d4cff841cad008ab726d5,547,78bb64e984566e9b7054af2ed293ba52ba949626b419c8113549e04657377a87
247,ord_dataset-7acd6ad2bf4d4cff841cad008ab726d5:ord-3f12f1f66cf144f2a96736c0510ad7e7,ord_dataset-7acd6ad2bf4d4cff841cad008ab726d5,909,5eeedad7a7b3563dcf9dc02be4b86289e4b2340daa1a09cf047c533d5f8f3aa5
248,ord_dataset-7acd6ad2bf4d4cff841cad008ab726d5:ord-3f48e0f1c00d4d8fbbd933ab5f439779,ord_dataset-7acd6ad2bf4d4cff841cad008ab726d5,849,3ea3e4e071eda98cecefdcb314daaccdd90b710920be9f2ecb699422c77e66fe
249,ord_dataset-7acd6ad2bf4d4cff841cad008ab726d5:ord-4040e6c59d46481d9470a0bd945d62d8,ord_dataset-7acd6ad2bf4d4cff841cad008ab726d5,912,2ec211e19f7274babdd2f559fa435e8480c9f565192e4caabcfcb21c6d22089c
250,ord_dataset-7acd6ad2bf4d4cff841cad008ab726d5:ord-40b0e233e9774ff29edf7f376de2dba8,ord_dataset-7acd6ad2bf4d4cff841cad008ab726d5,511,d2e78928d2d7f5536598c9243b681eaee09fcefbb597689224964932115beb82
251,ord_dataset-7acd6ad2bf4d4cff841cad008ab726d5:ord-40d8b6973a6e4e2592d445c80c9f938d,ord_dataset-7acd6ad2bf4d4cff841cad008ab726d5,599,e696062a5f2f94eb9cd08bf961a28b82e5714d0d2ac0566ddd11db461c43ad6d
252,ord_dataset-7acd6ad2bf4d4cff841cad008ab726d5:ord-4115df67b762489cb307be89fe39e8b0,ord_dataset-7acd6ad2bf4d4cff841cad008ab726d5,123,31bf4c5754cca5cef04dff08c76976f0fd984695e652ef1ceef121b0b0c6b6ce
253,ord_dataset-7acd6ad2bf4d4cff841cad008ab726d5:ord-411a9e8fb3a64b85bf6e6728f43e5518,ord_dataset-7acd6ad2bf4d4cff841cad008ab726d5,529,f4bd501591a8f0a902abaa2adc572279aac25b98c81fac9a1c202a9859db4b21
254,ord_dataset-7acd6ad2bf4d4cff841cad008ab726d5:ord-413611b11b7f4128be887226dfe7f2c2,ord_dataset-7acd6ad2bf4d4cff841cad008ab726d5,27,315f5311dc302a320c36ab07af9c39ddec324a02108e2e5540fe2a08515675e1
255,ord_dataset-7acd6ad2bf4d4cff841cad008ab726d5:ord-4136efcb33e944bd8e56df5eee0e6341,ord_dataset-7acd6ad2bf4d4cff841cad008ab726d5,724,09a74d58488cff977e7a645e43e350444722ecab12701a282a12deb5e1b3510e
256,ord_dataset-7acd6ad2bf4d4cff841cad008ab726d5:ord-41436bd890d54cec94761cf1cf5fac7e,ord_dataset-7acd6ad2bf4d4cff841cad008ab726d5,36,807e3c5b90f97f8bcc36c443b0319fd2e88c8dcaf69035c698c7e45b52e1677d
257,ord_dataset-7acd6ad2bf4d4cff841cad008ab726d5:ord-4191a5f0893a40bea39e28a96289351c,ord_dataset-7acd6ad2bf4d4cff841cad008ab726d5,17,aaa6a68eb558b673e4595af6ddebec596674b64fdcb9db31d68e6170d5b92045
258,ord_dataset-7acd6ad2bf4d4cff841cad008ab726d5:ord-422de8b35af64015b7fbb938b72a6582,ord_dataset-7acd6ad2bf4d4cff841cad008ab726d5,196,9204ff3f0ab3c4990bb4a026aa648cc48b16e1e77fa664480de1c55dd30a3193
259,ord_dataset-7acd6ad2bf4d4cff841cad008ab726d5:ord-4244a3d2b8c74bcbafb8613c2049b697,ord_dataset-7acd6ad2bf4d4cff841cad008ab726d5,957,78b2202256980e5a0b2ad75baec85691f1f1c500c32fd50d110f0001d7942b3f
260,ord_dataset-7acd6ad2bf4d4cff841cad008ab726d5:ord-42cf39c2459242fcacbb8300a80c2263,ord_dataset-7acd6ad2bf4d4cff841cad008ab726d5,823,ab1bac2ab48ae42d430b5925c7515d57a4d6bbd1411ee9f9049ff0116dd3597f
261,ord_dataset-7acd6ad2bf4d4cff841cad008ab726d5:ord-436102ee2e984cb5b23d22200145868e,ord_dataset-7acd6ad2bf4d4cff841cad008ab726d5,408,201ec7ea08e62643849ed9f6d46c75418957a66c3447fe85a5b5fda716aac82a
262,ord_dataset-7acd6ad2bf4d4cff841cad008ab726d5:ord-43b2adfa97d24ab2b14faf11e626ac68,ord_dataset-7acd6ad2bf4d4cff841cad008ab726d5,505,02e8845a4e3d0835a2fddc7694baeccb3b0c8d00c5081f526ba3c48afe689eaf
263,ord_dataset-7acd6ad2bf4d4cff841cad008ab726d5:ord-43cc1694fd2842e493e7dea626238a45,ord_dataset-7acd6ad2bf4d4cff841cad008ab726d5,262,1254ea1bcb4b82ebdc57ec466e9d43fba6e936dd999cf663c760e1e68f42f852
264,ord_dataset-7acd6ad2bf4d4cff841cad008ab726d5:ord-440ce3477c5f42879cff90fb507a5517,ord_dataset-7acd6ad2bf4d4cff841cad008ab726d5,190,6c556316bc891f97e85a12953005778da726fe4a4fdcbe82266fd43d8994a1d6
265,ord_dataset-7acd6ad2bf4d4cff841cad008ab726d5:ord-4418a0c8d3544a00b2499a998db14b18,ord_dataset-7acd6ad2bf4d4cff841cad008ab726d5,12,8676591aaea95de4954f901b93049ce58e744148e481ae7e3f7ed52efa82be77
266,ord_dataset-7acd6ad2bf4d4cff841cad008ab726d5:ord-44219d91fbe342b8b11690c3c203f7f4,ord_dataset-7acd6ad2bf4d4cff841cad008ab726d5,435,60e40a7bcb5af6b5f5148d76bf5cfb46be1a5a50e5cca8b4ae999b67bef3834a
267,ord_dataset-7acd6ad2bf4d4cff841cad008ab726d5:ord-442a6cfbb0b249aeb96f15da938bb4ec,ord_dataset-7acd6ad2bf4d4cff841cad008ab726d5,690,31530884fe00ffd174c55fe214bf86a5c73705fac3c34d6859dc563574d65f9b
268,ord_dataset-7acd6ad2bf4d4cff841cad008ab726d5:ord-4473ab3442b142f19e29e5a01185d5a3,ord_dataset-7acd6ad2bf4d4cff841cad008ab726d5,500,6692774dfe5e75618a05aa4e8f49d317c566895df05821653a6511599a203c7a
269,ord_dataset-7acd6ad2bf4d4cff841cad008ab726d5:ord-44bf756b0edb4659aaac4e8250338ef8,ord_dataset-7acd6ad2bf4d4cff841cad008ab726d5,581,6e81513d6cbe6cd04671d63336d73b7b5665d02d3ec7a24a07fbd1cb5252ab95
270,ord_dataset-7acd6ad2bf4d4cff841cad008ab726d5:ord-45605040125c4fa7a6cca7ba64ae3737,ord_dataset-7acd6ad2bf4d4cff841cad008ab726d5,320,a1ffd2fa86fa5cbb981b0bf3cf3c8900c9c7ae6802efa61b2165c0abe55f65be
271,ord_dataset-7acd6ad2bf4d4cff841cad008ab726d5:ord-45d5b73ec9a94cd7b4c35b86b351a82b,ord_dataset-7acd6ad2bf4d4cff841cad008ab726d5,745,a92673e62e1edb5e0eed80a1fb83bc7862a3124da7ec5bf79dec14d6cb9b311f
272,ord_dataset-7acd6ad2bf4d4cff841cad008ab726d5:ord-45fc4a51e85a4719a9344e829d84e2d5,ord_dataset-7acd6ad2bf4d4cff841cad008ab726d5,376,3fe80b61eca676a44a88ae1032581a06e26b789a00b22923f91d46467b9c522f
273,ord_dataset-7acd6ad2bf4d4cff841cad008ab726d5:ord-4619db68a7b34eb4b640820f2f05d5ec,ord_dataset-7acd6ad2bf4d4cff841cad008ab726d5,700,dcc51efc0d466c15f155426cf68396d70961e77640caa6bc9541b8b35a5dc99f
274,ord_dataset-7acd6ad2bf4d4cff841cad008ab726d5:ord-464782a2a97b4db1b4014a72b3e13bd1,ord_dataset-7acd6ad2bf4d4cff841cad008ab726d5,940,aafe9de4898abb99fb94ea7cf45494606d1cddb27291350db47f319d05d79260
275,ord_dataset-7acd6ad2bf4d4cff841cad008ab726d5:ord-465c8de31c744d108ced014401030608,ord_dataset-7acd6ad2bf4d4cff841cad008ab726d5,325,0c034fcfd32e65f33f28a9e2087d2eef5e3d9407e5d5cff367957643bb073e99
276,ord_dataset-7acd6ad2bf4d4cff841cad008ab726d5:ord-46beba4cc311468eb8ab51f90db29f18,ord_dataset-7acd6ad2bf4d4cff841cad008ab726d5,945,c7cd47955615b16d48609714dec346e530a5cbc6c8b68a4c6af206b029d64439
277,ord_dataset-7acd6ad2bf4d4cff841cad008ab726d5:ord-478895985bd14fad9b3ae237c03f1317,ord_dataset-7acd6ad2bf4d4cff841cad008ab726d5,751,6d37836a444707c6e9fd51882e9b44d6c0b4550f41eed7cfd071c538185fad7f
278,ord_dataset-7acd6ad2bf4d4cff841cad008ab726d5:ord-47b1f567bb884100a711027de35ceb86,ord_dataset-7acd6ad2bf4d4cff841cad008ab726d5,402,909c45264df3cf6f0e8c7f08e1d1bd162fd2fc9f75b152a960cb7cec9eb45f29
279,ord_dataset-7acd6ad2bf4d4cff841cad008ab726d5:ord-4809bf1c1753481db5bf7933e0d0fd2a,ord_dataset-7acd6ad2bf4d4cff841cad008ab726d5,796,eee8c5eb99db015fdd67dc24eba558dc2bf4cea029b60f003a8af219ba9dd078
280,ord_dataset-7acd6ad2bf4d4cff841cad008ab726d5:ord-48303768b61f464aa29b1c35584a7661,ord_dataset-7acd6ad2bf4d4cff841cad008ab726d5,723,555df97ad66050062021395ed1cdd176cb9520e94890e10d7b8f7c9aae191a04
281,ord_dataset-7acd6ad2bf4d4cff841cad008ab726d5:ord-483044e017b34944985fbc67446d75b5,ord_dataset-7acd6ad2bf4d4cff841cad008ab726d5,879,7f01369519c147a47aa9d4b6b080470b5b14c53c21f993b6c7cc909dd8040672
282,ord_dataset-7acd6ad2bf4d4cff841cad008ab726d5:ord-48fa55ddd7384c7ea5d921920cf0dd88,ord_dataset-7acd6ad2bf4d4cff841cad008ab726d5,167,2aa57c87fdf248fe41bd8d3428e14a9e00e02d11430e74ee570e13ef0f7c80eb
283,ord_dataset-7acd6ad2bf4d4cff841cad008ab726d5:ord-4944ad5e8497413299db30e456786596,ord_dataset-7acd6ad2bf4d4cff841cad008ab726d5,544,4a0b94af3539be16872a9e137d9939b135c0ce73bcb12996e4e7bedd81310ab2
284,ord_dataset-7acd6ad2bf4d4cff841cad008ab726d5:ord-498c3c3b7ef243769a90be2526c0942a,ord_dataset-7acd6ad2bf4d4cff841cad008ab726d5,537,08ee77238badee1bc1cda01a2bc7e225e91df632744c0ac8a53f333bd1a51989
285,ord_dataset-7acd6ad2bf4d4cff841cad008ab726d5:ord-49ee7adfff894a9abb89616826bbee98,ord_dataset-7acd6ad2bf4d4cff841cad008ab726d5,369,fe1c2d69c6714a54015f0491e1cca9577c4718162942945482d8ea53f727d0ab
286,ord_dataset-7acd6ad2bf4d4cff841cad008ab726d5:ord-4ab6fb8670424bb6b04fe22c26d34922,ord_dataset-7acd6ad2bf4d4cff841cad008ab726d5,923,62ddc44d451a4f32eb30d2aee4beb940044081b06f53baa86261ffd8d3afb97f
287,ord_dataset-7acd6ad2bf4d4cff841cad008ab726d5:ord-4aded17cb7c04a5987004f7778a17897,ord_dataset-7acd6ad2bf4d4cff841cad008ab726d5,848,670644cd7635da7f29d66846521729e631e96058fc5e8abd508d4b9ce824484c
288,ord_dataset-7acd6ad2bf4d4cff841cad008ab726d5:ord-4b56032bd30e46d282a0f82ccf61e2b0,ord_dataset-7acd6ad2bf4d4cff841cad008ab726d5,633,75dc69c6aef734699b7a6ffc1e630560e32d9cbca7ceefe3edef4939b9435ba0
289,ord_dataset-7acd6ad2bf4d4cff841cad008ab726d5:ord-4b968287f2514c139b820ff1a712ce09,ord_dataset-7acd6ad2bf4d4cff841cad008ab726d5,206,6e7973d43bccdc4f23391fbbc3c0a8ae94616b0b19f655fc154055009e14927c
290,ord_dataset-7acd6ad2bf4d4cff841cad008ab726d5:ord-4b9fe37dc1bc441296278735d1eeea05,ord_dataset-7acd6ad2bf4d4cff841cad008ab726d5,151,483e22be29a19a9801c8e1b926874f0171ee3f89fbe7e046237bcc38510070b4
291,ord_dataset-7acd6ad2bf4d4cff841cad008ab726d5:ord-4ba87e9f58e14217b56e44b1840b0755,ord_dataset-7acd6ad2bf4d4cff841cad008ab726d5,255,8a351c7dcd2abd7710a465c984a35b1fb4bb9454e06464092d73d46438056b1a
292,ord_dataset-7acd6ad2bf4d4cff841cad008ab726d5:ord-4bd21da5aa3146b687f4f4b981ae0dcb,ord_dataset-7acd6ad2bf4d4cff841cad008ab726d5,528,33b1e90c81e8366a78eb0bf8695e90be499ba22dc44f8f4b3429aa72cff42740
293,ord_dataset-7acd6ad2bf4d4cff841cad008ab726d5:ord-4c8bcb85bbde404f8bafed0a43968783,ord_dataset-7acd6ad2bf4d4cff841cad008ab726d5,778,0a45f5df1d67bdf9475ec2de6a09fbadf8a65d2ac188359b7d419e10a1b4f12b
294,ord_dataset-7acd6ad2bf4d4cff841cad008ab726d5:ord-4cf64bdb1c074bae8563afffcc7375c4,ord_dataset-7acd6ad2bf4d4cff841cad008ab726d5,412,59ff80041b9db892f0a74110f1135fda25cb6045039a4aaf4f4ac621fe5325ac
295,ord_dataset-7acd6ad2bf4d4cff841cad008ab726d5:ord-4deec719d2dc4bc5958267c0b187d048,ord_dataset-7acd6ad2bf4d4cff841cad008ab726d5,431,762ca01be5cc596a257cb3abf990d033984b315be415aaa709d50f65a4b45581
296,ord_dataset-7acd6ad2bf4d4cff841cad008ab726d5:ord-4df7e1032ee248d9b7f0b22b63e0d28e,ord_dataset-7acd6ad2bf4d4cff841cad008ab726d5,301,d5c927b07d6d0e6d4e468ddd61c641feef058d4bdec7f4bae41a84007f30935f
297,ord_dataset-7acd6ad2bf4d4cff841cad008ab726d5:ord-4f6cfc6b703741e08a054e374098a607,ord_dataset-7acd6ad2bf4d4cff841cad008ab726d5,277,18e006a7e1a7e38178760c1fa166ace4a2818b91d96f3368524df413dcdf5b5b
298,ord_dataset-7acd6ad2bf4d4cff841cad008ab726d5:ord-4fba5233049f40e99a3f99e8fe5aae3a,ord_dataset-7acd6ad2bf4d4cff841cad008ab726d5,9,0549625a7ff64f694342b553f5b4bf48d68020317f316aa0e46517a64b1bfce9
299,ord_dataset-7acd6ad2bf4d4cff841cad008ab726d5:ord-502d7bd0a0ef48a99a2813269ad9480f,ord_dataset-7acd6ad2bf4d4cff841cad008ab726d5,439,817df49ef9be7fd6aab70ef3528adb9427270676755b24cb34dc38f7e9bf3cc3
300,ord_dataset-7acd6ad2bf4d4cff841cad008ab726d5:ord-503e4625c35143fe8e46b2ddf6680e15,ord_dataset-7acd6ad2bf4d4cff841cad008ab726d5,641,2209c1786a243bef0b7d78e0ef8d0bf380ff7b8a7bb4fd9c8733900c0bb4fee0
301,ord_dataset-7acd6ad2bf4d4cff841cad008ab726d5:ord-50cc71e02c7343ac9bb7f4ddebce7105,ord_dataset-7acd6ad2bf4d4cff841cad008ab726d5,787,559327034a91b3be469c8c954f44ec50cdd47a6d7c0fa8058c95f20ddcb6adf2
302,ord_dataset-7acd6ad2bf4d4cff841cad008ab726d5:ord-50d7b66be28b491c9d0ec2fa93801602,ord_dataset-7acd6ad2bf4d4cff841cad008ab726d5,941,6f6562e8bd73127af2c073519f621744df0e6b7d0bbd4205eebb69d3319739ed
303,ord_dataset-7acd6ad2bf4d4cff841cad008ab726d5:ord-50f1ec33aebd4dda864bf1d6684ea70f,ord_dataset-7acd6ad2bf4d4cff841cad008ab726d5,443,3dd18fbf461032b802b1e3eb1e7fcb673f1662b60915e6af96aaaf4a809b9e01
304,ord_dataset-7acd6ad2bf4d4cff841cad008ab726d5:ord-50f245bc53a1476a8bed00c4a499406b,ord_dataset-7acd6ad2bf4d4cff841cad008ab726d5,188,c5bc3c2baa13fbdefb018dc2b9548b658a5d3af385bf01de9341d33fdc525073
305,ord_dataset-7acd6ad2bf4d4cff841cad008ab726d5:ord-510b12c400ab4b7eb75e98565a5cef40,ord_dataset-7acd6ad2bf4d4cff841cad008ab726d5,86,9d0631281f077549d7aede5cd1bf3c03d283abd27c1b939055e3f63a678f2f81
306,ord_dataset-7acd6ad2bf4d4cff841cad008ab726d5:ord-513347bda63a49999096334beb5ad41d,ord_dataset-7acd6ad2bf4d4cff841cad008ab726d5,698,58e489ffc33b7acb2f9447645d8f072a72b43f7fc2bae99fd8b9df44bdd45d08
307,ord_dataset-7acd6ad2bf4d4cff841cad008ab726d5:ord-5199079da44a40d3b39975399a25c542,ord_dataset-7acd6ad2bf4d4cff841cad008ab726d5,948,e0241f3642df526cd95dc7f6141ecdd1cfbb64fe6dd8024fb5398d8346508c59
308,ord_dataset-7acd6ad2bf4d4cff841cad008ab726d5:ord-51a1042b90b146d3a09856df3ab727c2,ord_dataset-7acd6ad2bf4d4cff841cad008ab726d5,425,5fa4f948c5e5c98071aa58e91465f5b603db6eab7a858e2a1cfb1ab951227bdb
309,ord_dataset-7acd6ad2bf4d4cff841cad008ab726d5:ord-51a54322bff54b519a5c8218360dffbe,ord_dataset-7acd6ad2bf4d4cff841cad008ab726d5,747,2fbd4e7a7576f505dd521a5d558105ac22177898676b64d7d953aa3c4f04605e
310,ord_dataset-7acd6ad2bf4d4cff841cad008ab726d5:ord-51d4d819feae492e8fb059ca79d67611,ord_dataset-7acd6ad2bf4d4cff841cad008ab726d5,318,c43f5af3b1f56b799a23b10f2217787f22f885a9f48ecb7368cb31f116fa24c4
311,ord_dataset-7acd6ad2bf4d4cff841cad008ab726d5:ord-520f086ac19440ae8fcee0626ccc4671,ord_dataset-7acd6ad2bf4d4cff841cad008ab726d5,448,e57f00a4c66dc40c8a176bdd19d6a199229870c09fab714ada62507c05fdfd99
312,ord_dataset-7acd6ad2bf4d4cff841cad008ab726d5:ord-5242d5f04b754d49bd88346b9f1d93a3,ord_dataset-7acd6ad2bf4d4cff841cad008ab726d5,213,a48958c69ea7efa85690c6eb761af34d24c39374ebd7a000b1036507d7d21703
313,ord_dataset-7acd6ad2bf4d4cff841cad008ab726d5:ord-52560cbc41e648d1a0f6780b07e1f7ab,ord_dataset-7acd6ad2bf4d4cff841cad008ab726d5,438,dd8b3b0515608d1cb60a8219694073bee67d4ec36f2703446e9c0939d470b5dc
314,ord_dataset-7acd6ad2bf4d4cff841cad008ab726d5:ord-525c0e3ea40d472984fc5b28deb7d799,ord_dataset-7acd6ad2bf4d4cff841cad008ab726d5,256,63d5a470e9c0f2bb3696d32f5ca5cd8ef8f18caba56a7445d2cee23e44897b76
315,ord_dataset-7acd6ad2bf4d4cff841cad008ab726d5:ord-5284c6fe142c407e820549d0133003fd,ord_dataset-7acd6ad2bf4d4cff841cad008ab726d5,148,fac91cb0cd28faca06e8fa82a346115cbc51cd6873ac0019760229c1e5a7a867
316,ord_dataset-7acd6ad2bf4d4cff841cad008ab726d5:ord-5294ba2f5c824883868d861977da60bc,ord_dataset-7acd6ad2bf4d4cff841cad008ab726d5,130,81efd412c9211e346a98317da7a9e24a0b17062a3dc9570cd78bd48c2e8ff779
317,ord_dataset-7acd6ad2bf4d4cff841cad008ab726d5:ord-529abb7964ea441282d7474b822dc37b,ord_dataset-7acd6ad2bf4d4cff841cad008ab726d5,405,fab2ee671e7d12a93216c17a95770c9e90fb19eebadf3a52a37afc25f66fe7ae
318,ord_dataset-7acd6ad2bf4d4cff841cad008ab726d5:ord-52c68c81a6154b46a22d2732fc46e213,ord_dataset-7acd6ad2bf4d4cff841cad008ab726d5,273,c63cfc09053331469bbb0dd1f11a1dcdfc9ff78c34f1ce73d639ddd95e3f3276
319,ord_dataset-7acd6ad2bf4d4cff841cad008ab726d5:ord-53021d9dffad442c832d1d0cedc7bb22,ord_dataset-7acd6ad2bf4d4cff841cad008ab726d5,816,c73df9b681bf9f9d10ccbc20e26f39a4f441493df47f66cb84ce721c86a90e5b
320,ord_dataset-7acd6ad2bf4d4cff841cad008ab726d5:ord-534dae18a8ba40e4a586c19fffae6b35,ord_dataset-7acd6ad2bf4d4cff841cad008ab726d5,362,23f47a7ed2f07a33c689b760356dc6e47cd6f29cb137021bf4966120163ed332
321,ord_dataset-7acd6ad2bf4d4cff841cad008ab726d5:ord-5351eb5d51cf4c8092c86974da3cc941,ord_dataset-7acd6ad2bf4d4cff841cad008ab726d5,403,e5236ba0fd269bb7d41e650b9d4a8dd014844d79c7e559ed43f337c53883ab71
322,ord_dataset-7acd6ad2bf4d4cff841cad008ab726d5:ord-53800933e518463cb0b9cbe098496d31,ord_dataset-7acd6ad2bf4d4cff841cad008ab726d5,527,1ece52379d5652baeadf985076b4da6f0940c9915aef20952744a52cc21e3e09
323,ord_dataset-7acd6ad2bf4d4cff841cad008ab726d5:ord-540247d0ab104339a2b6bb598827ab1d,ord_dataset-7acd6ad2bf4d4cff841cad008ab726d5,795,f3dcdb204e8d930960999831bb72e3c45abd256bc5a414f4a59fe27492b5246c
324,ord_dataset-7acd6ad2bf4d4cff841cad008ab726d5:ord-541ebc9ef5f04033915930b1bdd8a163,ord_dataset-7acd6ad2bf4d4cff841cad008ab726d5,644,066fd4a5c0f9d18aa23c07bc47ff3d3cfd80bc14ff7ea972156321ba38faa1bc
325,ord_dataset-7acd6ad2bf4d4cff841cad008ab726d5:ord-546e5876dce944d7860f3bb55733a151,ord_dataset-7acd6ad2bf4d4cff841cad008ab726d5,354,fbdbc1aaf9e77815cbf80b79fb30d463457e82a68eb86815beafa06c8a3e0b3c
326,ord_dataset-7acd6ad2bf4d4cff841cad008ab726d5:ord-54a6dbe9fb994f999dea851951c53cd4,ord_dataset-7acd6ad2bf4d4cff841cad008ab726d5,380,e82a1f15e26daadc35ad547bb176f192a86c658474ba98f904b27365aa16fa50
327,ord_dataset-7acd6ad2bf4d4cff841cad008ab726d5:ord-555143fe89ad4efab9db7512bbacb4b5,ord_dataset-7acd6ad2bf4d4cff841cad008ab726d5,791,c8edd68b64bf3f756a6bccefd9f877f6cd8e03a8489d682d45916ee94d69df3b
328,ord_dataset-7acd6ad2bf4d4cff841cad008ab726d5:ord-56d09c48be744ba2865c7405ddee4214,ord_dataset-7acd6ad2bf4d4cff841cad008ab726d5,600,a92e33b88b5b79da17d2347b1e55255b06c352f14fc7560701f3d893dbd1c25e
329,ord_dataset-7acd6ad2bf4d4cff841cad008ab726d5:ord-5725b07b9dcc4bf9afd7ac63d77f416e,ord_dataset-7acd6ad2bf4d4cff841cad008ab726d5,656,ad7a6bedb59f01c3576257557a2a41ec2a1533fc0b452da458fe73f2da1dfe0d
330,ord_dataset-7acd6ad2bf4d4cff841cad008ab726d5:ord-5732b64cc04d458787780091f40be27c,ord_dataset-7acd6ad2bf4d4cff841cad008ab726d5,204,be8a162b76f917fc9c067ec11b5d439d9521778cf960f64b7a157f83de3b14f1
331,ord_dataset-7acd6ad2bf4d4cff841cad008ab726d5:ord-57ca218f6a3a49fcaa2e17f250237c02,ord_dataset-7acd6ad2bf4d4cff841cad008ab726d5,899,a8ad073612af36272cc89178aee08c7c067a558ab75623e6fc7ac0f367b5754e
332,ord_dataset-7acd6ad2bf4d4cff841cad008ab726d5:ord-57ec7307cb6e4bf2ac3a8fd11cacac27,ord_dataset-7acd6ad2bf4d4cff841cad008ab726d5,202,6d6ee35fc787577e140e0f9d579d4a7471000a98bcac6f5b7911c39badfd68ee
333,ord_dataset-7acd6ad2bf4d4cff841cad008ab726d5:ord-58031301f8654c51a184f2ff5407b381,ord_dataset-7acd6ad2bf4d4cff841cad008ab726d5,184,7303dad92905e3b3166e584ecfbb9467883e7ee4f2cccf9a7b5623db8fb236a2
334,ord_dataset-7acd6ad2bf4d4cff841cad008ab726d5:ord-58c4e8a387c4429ebedd1d85ec67e781,ord_dataset-7acd6ad2bf4d4cff841cad008ab726d5,447,f8b54013a4157aaabaf4405cefcc434f63b042ea4d37f381b50db251bc612bc2
335,ord_dataset-7acd6ad2bf4d4cff841cad008ab726d5:ord-59738981387b4a558b1a832fbffa7f02,ord_dataset-7acd6ad2bf4d4cff841cad008ab726d5,357,823ba5efd9dfcdfdd59e6d5ff2b7be8314acb8b8181a054f45e63a7a9e70f03c
336,ord_dataset-7acd6ad2bf4d4cff841cad008ab726d5:ord-59792c474d16446fb9ad5e98b41906d1,ord_dataset-7acd6ad2bf4d4cff841cad008ab726d5,853,4ad848f580f4659aa458923a60012ee4f1047a696221bebf0722599da95f110c
337,ord_dataset-7acd6ad2bf4d4cff841cad008ab726d5:ord-59afae922b9945f8af1cdef9a92eec21,ord_dataset-7acd6ad2bf4d4cff841cad008ab726d5,625,0c20ec808de74940e45ce62c34c4b06abd1bc7336234489bb2586c124e4841c5
338,ord_dataset-7acd6ad2bf4d4cff841cad008ab726d5:ord-59c5b0f9ae8e4dec849ceae9430289a8,ord_dataset-7acd6ad2bf4d4cff841cad008ab726d5,245,acf6265d9be8d9100296aa17b7f0c71705b4f98efbd000d204ec8f2a8bbe3f9a
339,ord_dataset-7acd6ad2bf4d4cff841cad008ab726d5:ord-5a2269f7d459455397f4f8c3ea01edf8,ord_dataset-7acd6ad2bf4d4cff841cad008ab726d5,585,f4f802c0f52a9e162351e1a7807aee8f58797c7cd58417293fa6c16d1e95da7b
340,ord_dataset-7acd6ad2bf4d4cff841cad008ab726d5:ord-5a2738c26dcb46768d7990c1988137cf,ord_dataset-7acd6ad2bf4d4cff841cad008ab726d5,929,8ac752af0baea872098c80b2df6354e9ebcfe3754fc3a0f5b0b7145ec436d416
341,ord_dataset-7acd6ad2bf4d4cff841cad008ab726d5:ord-5a5e84ec82f74f90b34c9ea163338110,ord_dataset-7acd6ad2bf4d4cff841cad008ab726d5,40,504fdbbc211998bb9311a5661cd6d81c91d42d940a69ce2db5f68550ef9a326f
342,ord_dataset-7acd6ad2bf4d4cff841cad008ab726d5:ord-5a78138494fe4bc09d9f34d4a24a6e75,ord_dataset-7acd6ad2bf4d4cff841cad008ab726d5,37,fc0fc76639a208e93667a77c74a2d67a8977115a743ca0669100eb8a1648ff79
343,ord_dataset-7acd6ad2bf4d4cff841cad008ab726d5:ord-5adc5407b2e141dbabd390373c21d795,ord_dataset-7acd6ad2bf4d4cff841cad008ab726d5,424,b8f183fb7d6e4c2121a679bddc52edccb4255381ec0df8bbc763253bce60eebe
344,ord_dataset-7acd6ad2bf4d4cff841cad008ab726d5:ord-5b694ccfc644467890b86194e907b604,ord_dataset-7acd6ad2bf4d4cff841cad008ab726d5,308,988eee349b7c1acd0d872305398c64dfe1a34b17444b7f586ef586e480d4c14a
345,ord_dataset-7acd6ad2bf4d4cff841cad008ab726d5:ord-5b82d1a58ce24c6b91388c26e25020bb,ord_dataset-7acd6ad2bf4d4cff841cad008ab726d5,939,1aecaf08ba918239329dd57637837a795ee58384e60ba925b207dc5881208bc5
346,ord_dataset-7acd6ad2bf4d4cff841cad008ab726d5:ord-5b85f5e7b9a447bf989ae8dd4702194e,ord_dataset-7acd6ad2bf4d4cff841cad008ab726d5,829,3a4240c7d084532720b3780f9000b11cd77c306622ff816fe63b894d9c439553
347,ord_dataset-7acd6ad2bf4d4cff841cad008ab726d5:ord-5c1e286e4a6d4330a3f34e658a856de5,ord_dataset-7acd6ad2bf4d4cff841cad008ab726d5,331,2035133fe7a2ff328938ab673c36fa2655d222e946392ead5004bcdc7c4cde1b
348,ord_dataset-7acd6ad2bf4d4cff841cad008ab726d5:ord-5c3d2cd9be2e4d9f9c7d7194e5ada901,ord_dataset-7acd6ad2bf4d4cff841cad008ab726d5,886,9631aea7f98c7c173b5dd396bbbe85528abc890964b8c882807d4e7e6eb6e924
349,ord_dataset-7acd6ad2bf4d4cff841cad008ab726d5:ord-5c4b841d81174a648a7b70c942d4c6fc,ord_dataset-7acd6ad2bf4d4cff841cad008ab726d5,397,d428204043180e4995b09e9a2240b23d878eef6df6a330609ae26cc55e3d85ef
350,ord_dataset-7acd6ad2bf4d4cff841cad008ab726d5:ord-5c599bd9bd1f4731a98991a514f23b85,ord_dataset-7acd6ad2bf4d4cff841cad008ab726d5,773,2854935fb77eb527fc4567a695aaa3fa0c6acafdc5de20f9eb71adccb5ed3070
351,ord_dataset-7acd6ad2bf4d4cff841cad008ab726d5:ord-5c866ce1145c47a4aec91bcc05306401,ord_dataset-7acd6ad2bf4d4cff841cad008ab726d5,225,caa8ca38f77eb6466efc220683a7f7c434596a3d19a514ca9ecfcb1bf21751d2
352,ord_dataset-7acd6ad2bf4d4cff841cad008ab726d5:ord-5ca35f33376044cc8c27288f627c5d14,ord_dataset-7acd6ad2bf4d4cff841cad008ab726d5,473,f25fe0d72ad7f6c3f36166c2c4e0b2210990ea4ed82581cb028a8745fadd5ae4
353,ord_dataset-7acd6ad2bf4d4cff841cad008ab726d5:ord-5cd6ecf039434c4fb1409a3607354d9e,ord_dataset-7acd6ad2bf4d4cff841cad008ab726d5,660,a53336089f73e49c92e95ccd0a53e46ca9eac375cce19302ce8174fa146d0b1f
354,ord_dataset-7acd6ad2bf4d4cff841cad008ab726d5:ord-5d6863c54c3c47399155bee52f438a14,ord_dataset-7acd6ad2bf4d4cff841cad008ab726d5,789,787d9283ac26042ea9feef5e59e7b40a8a0f8c930f32e0f3f057e3af0aceb3e7
355,ord_dataset-7acd6ad2bf4d4cff841cad008ab726d5:ord-5e4978fceffa421b80f3de16c34dd5c4,ord_dataset-7acd6ad2bf4d4cff841cad008ab726d5,864,c077a7baff56955420763995d5f3523dc1e3537eea3615d63ac49903fa2976c8
356,ord_dataset-7acd6ad2bf4d4cff841cad008ab726d5:ord-5eb34f86476b407e8c3c7fe06ee2fb9f,ord_dataset-7acd6ad2bf4d4cff841cad008ab726d5,68,2d942c1114b62328b5897ddc80ef86bbdb2acd4dbd9a0ee80904167712f577d5
357,ord_dataset-7acd6ad2bf4d4cff841cad008ab726d5:ord-5ebd012a58674c6ebe28a6b7a235c17e,ord_dataset-7acd6ad2bf4d4cff841cad008ab726d5,384,7bc1873103acc04138dde5fba680d91a1eca55e64bbd2f3896edce0e68513b5c
358,ord_dataset-7acd6ad2bf4d4cff841cad008ab726d5:ord-5f1ceb3484c540ecb343b64bf99441d1,ord_dataset-7acd6ad2bf4d4cff841cad008ab726d5,456,e3af28525331c76920dd74689ef8501c44f896d18646c655b5a7bf9b9a45e002
359,ord_dataset-7acd6ad2bf4d4cff841cad008ab726d5:ord-5f26390bf70e436fbed3238a069197ce,ord_dataset-7acd6ad2bf4d4cff841cad008ab726d5,851,1e98041aa3c0d08d5a8bcc0bf3f7265b3f4a77642b01fef54ffd87f98d2088e7
360,ord_dataset-7acd6ad2bf4d4cff841cad008ab726d5:ord-5f5e2747cf564018b051128682a20573,ord_dataset-7acd6ad2bf4d4cff841cad008ab726d5,311,8fa1d3167881b4c836e49db9eca60b8b542b7d06c3e67d0f2b7ea2b884db3d87
361,ord_dataset-7acd6ad2bf4d4cff841cad008ab726d5:ord-5f6a89deac304470b356908dbe59d835,ord_dataset-7acd6ad2bf4d4cff841cad008ab726d5,427,7748a166f89f5473f4ceab613a71f7113a598dabf1a7b9fdc77f400ca3280ec0
362,ord_dataset-7acd6ad2bf4d4cff841cad008ab726d5:ord-5fb29141a0a047bb9549e05e5e6dadf6,ord_dataset-7acd6ad2bf4d4cff841cad008ab726d5,876,1e300b5eddbb49d05ddb7a97cba97515f5a4a33faed307b548701bc3873214fc
363,ord_dataset-7acd6ad2bf4d4cff841cad008ab726d5:ord-5fc2e7ea7dc3473a80551685a18bcad6,ord_dataset-7acd6ad2bf4d4cff841cad008ab726d5,78,c2bfb9726923056d38a5e1afbd17d00c8335bbe36baa44968d5c4e8cf62646a4
364,ord_dataset-7acd6ad2bf4d4cff841cad008ab726d5:ord-5fee62e6de994095919985d1f4fd426b,ord_dataset-7acd6ad2bf4d4cff841cad008ab726d5,588,9f54ab1955095bcf853499de54b08d500955a532cf473cb116f4da0c623c5ba1
365,ord_dataset-7acd6ad2bf4d4cff841cad008ab726d5:ord-60016dd7ac72437099c4f7f30fc81892,ord_dataset-7acd6ad2bf4d4cff841cad008ab726d5,441,af375b38cfe333b37d59b60368e27f42e27e4011f62990d3b54c7d0a695a43d8
366,ord_dataset-7acd6ad2bf4d4cff841cad008ab726d5:ord-601158385a364e64b4c8400484a4f643,ord_dataset-7acd6ad2bf4d4cff841cad008ab726d5,417,02e92964c38e5d4dd0c1d919c5cda9ef97be5c8f5943ffa5e16f9f61cf43d2d5
367,ord_dataset-7acd6ad2bf4d4cff841cad008ab726d5:ord-6038281d348849b2bfd4d1693ee02c5a,ord_dataset-7acd6ad2bf4d4cff841cad008ab726d5,459,77628bd7709375f469040b65d2cd11d8d717d40221a4d0d09664240f37d31083
368,ord_dataset-7acd6ad2bf4d4cff841cad008ab726d5:ord-60c1b81624d84c58bdd2b48ca7e42c54,ord_dataset-7acd6ad2bf4d4cff841cad008ab726d5,59,b74889519bfa9a7406e602f527806bb7778b04d5544bdc9a57b0400699ae0015
369,ord_dataset-7acd6ad2bf4d4cff841cad008ab726d5:ord-6186e2e54d714acba2ebb7ce4470b8f0,ord_dataset-7acd6ad2bf4d4cff841cad008ab726d5,710,345969cca491485f9c49bf0b98a20eb84ba747a6493c65133735856ceaa2c23c
370,ord_dataset-7acd6ad2bf4d4cff841cad008ab726d5:ord-621531e5db4247baae35e899f05ac761,ord_dataset-7acd6ad2bf4d4cff841cad008ab726d5,775,be318dd9843461a41525fd4df399c84e1117fdaface1e3ed92f7abf425c60ac7
371,ord_dataset-7acd6ad2bf4d4cff841cad008ab726d5:ord-6270e5863d144e1686cb8a69b5787ee6,ord_dataset-7acd6ad2bf4d4cff841cad008ab726d5,127,2340a76bb24f5999eba843750c3b3d40216494d118d5dbd1dbf8606044272ac8
372,ord_dataset-7acd6ad2bf4d4cff841cad008ab726d5:ord-62a61d32778648d68a7b4ec6ebaeb1c6,ord_dataset-7acd6ad2bf4d4cff841cad008ab726d5,936,a02a8adff0e98e81848fe5f4ec9eae803d31a9a02212411115061a0ad58e51bc
373,ord_dataset-7acd6ad2bf4d4cff841cad008ab726d5:ord-62af6ccfa3f04f998a674b1ddd5ee027,ord_dataset-7acd6ad2bf4d4cff841cad008ab726d5,951,3f0fdc564829dec996c1eff8d6489f35ce0ea577ef38d7cdf8c16261ca8d8e1e
374,ord_dataset-7acd6ad2bf4d4cff841cad008ab726d5:ord-62ffd75519ed416aa5d690ab48a7a753,ord_dataset-7acd6ad2bf4d4cff841cad008ab726d5,290,dce0227908a565a9990b01960eebcec46e53b2434c7998faa4d1a237608978c3
375,ord_dataset-7acd6ad2bf4d4cff841cad008ab726d5:ord-636130bf62af4427b9597f2826d52009,ord_dataset-7acd6ad2bf4d4cff841cad008ab726d5,54,3c359fa2b5ce7c0cb204a527ccfa30864caece597d2c6de0101bab5b74812e5e
376,ord_dataset-7acd6ad2bf4d4cff841cad008ab726d5:ord-6415c5b6b6424d8d8377c9349c30f7bd,ord_dataset-7acd6ad2bf4d4cff841cad008ab726d5,743,b4113cd95bfe727575c195ec8c4496dd2bbc43f507053c33fbd7f4ad0dfe6df8
377,ord_dataset-7acd6ad2bf4d4cff841cad008ab726d5:ord-645737a44be9484b9da896cc019546b9,ord_dataset-7acd6ad2bf4d4cff841cad008ab726d5,158,68b72e7829be52d53ac570f555b2a0711dfdb3ddd6583a695d04372663d0f56e
378,ord_dataset-7acd6ad2bf4d4cff841cad008ab726d5:ord-6545374507d447ea818922da4af5e9af,ord_dataset-7acd6ad2bf4d4cff841cad008ab726d5,533,3919d73855443f5f793230b0ee5a97976d9da536e91a24ea231a595ae4e6b2d0
379,ord_dataset-7acd6ad2bf4d4cff841cad008ab726d5:ord-6551cee0453049d790393fa89367e928,ord_dataset-7acd6ad2bf4d4cff841cad008ab726d5,654,9b0b1401a0bea0dade5f10da4da25c64a1d6716cd09f22d68a96f58585501938
380,ord_dataset-7acd6ad2bf4d4cff841cad008ab726d5:ord-65cce429145c4917a40a3a9ede667098,ord_dataset-7acd6ad2bf4d4cff841cad008ab726d5,882,f35a0ead5b1036301afc4e54e10822f2ebc60f525203c7e5b3f2e16550a481df
381,ord_dataset-7acd6ad2bf4d4cff841cad008ab726d5:ord-6699e51e44324baf80ba5d9a48a525e3,ord_dataset-7acd6ad2bf4d4cff841cad008ab726d5,145,a36bdfcd2970c42ff3d17e917b333ba11d5ca51d447a185ba55f70668f9595d0
382,ord_dataset-7acd6ad2bf4d4cff841cad008ab726d5:ord-66a88470237b48098f6468c04a15d13b,ord_dataset-7acd6ad2bf4d4cff841cad008ab726d5,478,47e8721356a4382ef76843ad15a437209ab8d0534c0f01bcbd1268501db06098
383,ord_dataset-7acd6ad2bf4d4cff841cad008ab726d5:ord-66e4646d09e1482790c8856967bb9ab9,ord_dataset-7acd6ad2bf4d4cff841cad008ab726d5,601,a573237fedf4a02994d7b13eaa8c588fcf90f361f50fe5747ebdc3b062f09fdd
384,ord_dataset-7acd6ad2bf4d4cff841cad008ab726d5:ord-66f62b8bf15d4e6bb689e0b60b814455,ord_dataset-7acd6ad2bf4d4cff841cad008ab726d5,259,a19d098b411729be08157fb9cc969e5a18c53b5c91c198ce9971ff96d89d386c
385,ord_dataset-7acd6ad2bf4d4cff841cad008ab726d5:ord-67132b246de24db88edcac45f05c1bf8,ord_dataset-7acd6ad2bf4d4cff841cad008ab726d5,852,8fec960dfb24cbea2317ae65493c3369182b191f6fcf3bc9b0864d44d9d7255b
386,ord_dataset-7acd6ad2bf4d4cff841cad008ab726d5:ord-67a52e54039b48128bfb4d57b8a288c3,ord_dataset-7acd6ad2bf4d4cff841cad008ab726d5,365,8bd26365582873e03970653a1d59684ee7434e4119abbd028ade2b28f61325be
387,ord_dataset-7acd6ad2bf4d4cff841cad008ab726d5:ord-67b35856f98740859b64781ccdcfefa2,ord_dataset-7acd6ad2bf4d4cff841cad008ab726d5,67,c39c9aa18b93005dc08083f6a481b9b065db16b42e98bfa80db42706903e1588
388,ord_dataset-7acd6ad2bf4d4cff841cad008ab726d5:ord-67d0fadbe5d84832b6c4bf4d9f31fb0e,ord_dataset-7acd6ad2bf4d4cff841cad008ab726d5,635,651b3ceffb9bb183c3c1dcd4d8e8d3d61dd6dfe814bb3702c90e40f8ad40ba30
389,ord_dataset-7acd6ad2bf4d4cff841cad008ab726d5:ord-67df2b8d297c4379b1ef99cefe2a4562,ord_dataset-7acd6ad2bf4d4cff841cad008ab726d5,422,5fe4e09dfc347dc51c7cef7d3137a3a6742aae9de168c1aa40e5a017dd1aa84f
390,ord_dataset-7acd6ad2bf4d4cff841cad008ab726d5:ord-67ed85a0ac12489d9da67d724f2d483a,ord_dataset-7acd6ad2bf4d4cff841cad008ab726d5,726,c2e8ffe80c30bc98a426e62815dba7cdca67773e3b516cb95c0265b5eb01dfe7
391,ord_dataset-7acd6ad2bf4d4cff841cad008ab726d5:ord-6814d31ffafc4c399325c0316edbe5f6,ord_dataset-7acd6ad2bf4d4cff841cad008ab726d5,335,39f69a1777ae40edf92d55c8d6dc7274612d7c492f66874d0d49f7965a9dc02b
392,ord_dataset-7acd6ad2bf4d4cff841cad008ab726d5:ord-682ba45bc0cb4239b040bf8b060f554d,ord_dataset-7acd6ad2bf4d4cff841cad008ab726d5,869,48b6dee65681357d73c9ef1bf468305b50a7e590992cc90e708831c426b86be8
393,ord_dataset-7acd6ad2bf4d4cff841cad008ab726d5:ord-68f3368625364e71bc7ecc51b97a6c2f,ord_dataset-7acd6ad2bf4d4cff841cad008ab726d5,385,e4a12d56e26f9fdf4e81f7cfd722510c51089ac09b0524325d258c67b4aa207f
394,ord_dataset-7acd6ad2bf4d4cff841cad008ab726d5:ord-69d55487e9cd43398767775ca7d981d1,ord_dataset-7acd6ad2bf4d4cff841cad008ab726d5,615,7b8f2b553f14bb5e57fcc7d3c333600dc04d6e5127c0c42372933ff398b802db
395,ord_dataset-7acd6ad2bf4d4cff841cad008ab726d5:ord-69ded1bd1bba45c0a3660e2164640b4c,ord_dataset-7acd6ad2bf4d4cff841cad008ab726d5,91,9ca2aa007a9ca5ad8bfb22dcc7e4423f8b53c8d25a07b352ac685462f2c2fab6
396,ord_dataset-7acd6ad2bf4d4cff841cad008ab726d5:ord-69e3783e4aa543ef934756759fdf7c24,ord_dataset-7acd6ad2bf4d4cff841cad008ab726d5,752,4bca8d3751caaab54c1bae5d72a1b109afffbbcb6fa24219801b429bd3af055d
397,ord_dataset-7acd6ad2bf4d4cff841cad008ab726d5:ord-6a07834b2b884ded8dcaeca037d0fa60,ord_dataset-7acd6ad2bf4d4cff841cad008ab726d5,437,39d9f5839a6b5e15a4d78fd76adae0b0c862cf4a72ddbb22e61ffa16c1da4be0
398,ord_dataset-7acd6ad2bf4d4cff841cad008ab726d5:ord-6afed88ced3a429683409acad4537cc1,ord_dataset-7acd6ad2bf4d4cff841cad008ab726d5,280,c3efb26d9ba065a077c5b9a36edd40c3f5b4fb8503c1243ca3d46ec1a9e8dbd2
399,ord_dataset-7acd6ad2bf4d4cff841cad008ab726d5:ord-6b2d90174e1c489bb18adf3aa5dd8e64,ord_dataset-7acd6ad2bf4d4cff841cad008ab726d5,920,ea1c2b889b8b753dc6996cd0856d9fb3291e979bd742b33c26ff8934c76050d6
400,ord_dataset-7acd6ad2bf4d4cff841cad008ab726d5:ord-6b46b18e918842fc89125415838c22dc,ord_dataset-7acd6ad2bf4d4cff841cad008ab726d5,512,19eba8e6aa6ead9a45191c595c98009b1afc19b7bee8218bb4f92d33adb1649c
401,ord_dataset-7acd6ad2bf4d4cff841cad008ab726d5:ord-6b80b76fcab64a8186339d5644ca8b53,ord_dataset-7acd6ad2bf4d4cff841cad008ab726d5,638,2123387bdd12599f06b7659e90a79cff0ae620f7d392e202f0f7c3fe247a7106
402,ord_dataset-7acd6ad2bf4d4cff841cad008ab726d5:ord-6bf27cf2eae64270a8410720105e96ad,ord_dataset-7acd6ad2bf4d4cff841cad008ab726d5,47,83fc7b79c5ca8dfe7b2a2f51cca3d313d02558df2556a042c9515e98b379b822
403,ord_dataset-7acd6ad2bf4d4cff841cad008ab726d5:ord-6c1f795d547f4e4e94e4e223d3a4153c,ord_dataset-7acd6ad2bf4d4cff841cad008ab726d5,888,c232f62f221a0a8707839a03c74f98a36a1364cfdc695c2001ce79d571691d6d
404,ord_dataset-7acd6ad2bf4d4cff841cad008ab726d5:ord-6c5418e3cf484b5090b4d8988f0f931f,ord_dataset-7acd6ad2bf4d4cff841cad008ab726d5,84,51fb29cd4ba4db8ef613a1dc37c3030856665fb5470a8fdd4d030a0446249ffb
405,ord_dataset-7acd6ad2bf4d4cff841cad008ab726d5:ord-6c66b0e503ce4cb9b7c2452c5ffe320f,ord_dataset-7acd6ad2bf4d4cff841cad008ab726d5,267,66d859e28cd9f9ab6de132b3d06e2afc5424b2c9cd7506dd5ec7d6ca22240a82
406,ord_dataset-7acd6ad2bf4d4cff841cad008ab726d5:ord-6cc565442c9a4411ad8a8ac0a43ff397,ord_dataset-7acd6ad2bf4d4cff841cad008ab726d5,4,e9232d8e9f66e14b0a336f70325c02ca6c866816ec5e9733cf91cd4e35478846
407,ord_dataset-7acd6ad2bf4d4cff841cad008ab726d5:ord-6d27ba3546474bb7bab51a204a6c2bd1,ord_dataset-7acd6ad2bf4d4cff841cad008ab726d5,149,da88acb33824603dce0b8dec4bb78ebc1c3e34f1902a78435f80cb3606fdee6c
408,ord_dataset-7acd6ad2bf4d4cff841cad008ab726d5:ord-6d33743758e8452f8f02931518ee7c2d,ord_dataset-7acd6ad2bf4d4cff841cad008ab726d5,175,e35336f855aae6e4a7eaff1e123631499bb45acee40571afb4b8276d7552d08d
409,ord_dataset-7acd6ad2bf4d4cff841cad008ab726d5:ord-6d34df93e8214c338ff8efe521479f8c,ord_dataset-7acd6ad2bf4d4cff841cad008ab726d5,244,dcc1901f4f7e3f8ee58a1e08aac08c99076963345a3a2e3b28f598b963dc8a5d
410,ord_dataset-7acd6ad2bf4d4cff841cad008ab726d5:ord-6d469a2ebd4241508dd8b89a059b01f6,ord_dataset-7acd6ad2bf4d4cff841cad008ab726d5,608,bcad1539f6568a18e837c5625d813e712580e06780aaa6fd8c5706bb9ab03003
411,ord_dataset-7acd6ad2bf4d4cff841cad008ab726d5:ord-6d7245954b8a4f2d8e1d6684037c25a3,ord_dataset-7acd6ad2bf4d4cff841cad008ab726d5,44,7923c3a29a4d10bdff35797ae5ee85c11faf9e058e3d1fecf33d165c62655662
412,ord_dataset-7acd6ad2bf4d4cff841cad008ab726d5:ord-6ddf1d3012e8454ebb4f41023939f31f,ord_dataset-7acd6ad2bf4d4cff841cad008ab726d5,269,21d7142d1e48f9a51b827ed8311174a12bebd2cf70d3dd4bce8c296bf9613c7c
413,ord_dataset-7acd6ad2bf4d4cff841cad008ab726d5:ord-6deb22257c834e3c9c45d37aedb427d2,ord_dataset-7acd6ad2bf4d4cff841cad008ab726d5,469,2f8d41acced6d827fc907de62443bd8ff3af3a4767ff9cf12d0498016b514263
414,ord_dataset-7acd6ad2bf4d4cff841cad008ab726d5:ord-6dfa633726074eec8315866a2ceb682a,ord_dataset-7acd6ad2bf4d4cff841cad008ab726d5,740,599a0fc77bf3a7df1d2e88b2e13005c59871f7902e7c920d30b2b74c01104e06
415,ord_dataset-7acd6ad2bf4d4cff841cad008ab726d5:ord-6e65aa88a9ef43db903d6e71260afe02,ord_dataset-7acd6ad2bf4d4cff841cad008ab726d5,72,b8fb5228d7f67a3630ed5553654a30f6c43f0cdc9e2ca82b306bdbf9c6c1d825
416,ord_dataset-7acd6ad2bf4d4cff841cad008ab726d5:ord-6eec9b5d2a4c4b1db0b364117502523a,ord_dataset-7acd6ad2bf4d4cff841cad008ab726d5,871,c449bd5764edcef0d4e12c4859a56319decf6d1513418afd34ab26b943e374e7
417,ord_dataset-7acd6ad2bf4d4cff841cad008ab726d5:ord-6efc35a5643448d3aba7f7e064059e5e,ord_dataset-7acd6ad2bf4d4cff841cad008ab726d5,248,4db758f7434f17e30f9f2b06280fabaf3dec26372401a58f105eb3bf70c09305
418,ord_dataset-7acd6ad2bf4d4cff841cad008ab726d5:ord-6f06b224df7745b98bf7530861d8ca80,ord_dataset-7acd6ad2bf4d4cff841cad008ab726d5,769,03e347703c618903c4951c2d47af183e5bb72b5c526dbbe29d6465c9384b88ad
419,ord_dataset-7acd6ad2bf4d4cff841cad008ab726d5:ord-6f1a3d550bc44ebc93a44c5e6dc5b1d9,ord_dataset-7acd6ad2bf4d4cff841cad008ab726d5,235,67603bfab4aa402c293d36f6ef7a32b63a344b07988b0d48c42a6752585725e2
420,ord_dataset-7acd6ad2bf4d4cff841cad008ab726d5:ord-6fdda04e47fd4648b7abc793e308cd52,ord_dataset-7acd6ad2bf4d4cff841cad008ab726d5,861,772a16199c47b959b3bf85322b004bec2e8a1839ddfb026e8bed243631a14004
421,ord_dataset-7acd6ad2bf4d4cff841cad008ab726d5:ord-70246331688343d3a8bc01b20eceacf4,ord_dataset-7acd6ad2bf4d4cff841cad008ab726d5,486,b8815abfd29708bb77d5cc3b337719ffed20abb319021bc932698b61af8b8a29
422,ord_dataset-7acd6ad2bf4d4cff841cad008ab726d5:ord-7031db831c3c44a8bcb552a6c1abcdc7,ord_dataset-7acd6ad2bf4d4cff841cad008ab726d5,288,cfcbc245a51d080a85af74464c6623426ef0214db9abfb4f1fce94ab0ad5195e
423,ord_dataset-7acd6ad2bf4d4cff841cad008ab726d5:ord-704e0fceddba4f33b2c9327ce064863b,ord_dataset-7acd6ad2bf4d4cff841cad008ab726d5,706,a00a33022cd586701fb5b1505a28949f00bfc141c0dcd0692bcb1b87b87a73d2
424,ord_dataset-7acd6ad2bf4d4cff841cad008ab726d5:ord-70e7ea0d2fdb4213a8024c4b1c9cda95,ord_dataset-7acd6ad2bf4d4cff841cad008ab726d5,146,883735c36bdede41b999dcf1f5c9d5f9b73c234af836812403dd53fe41737fe9
425,ord_dataset-7acd6ad2bf4d4cff841cad008ab726d5:ord-713e18ff4c2a4656bed8c949a08f8f25,ord_dataset-7acd6ad2bf4d4cff841cad008ab726d5,844,0d3ecd2158fb9c587237373406a3ec761a6b1889fe77e476ef1d4997c9bc4c3d
426,ord_dataset-7acd6ad2bf4d4cff841cad008ab726d5:ord-71c0b028eace4c49a656255d38d87665,ord_dataset-7acd6ad2bf4d4cff841cad008ab726d5,639,fe23e756a8847ba104b813ff12a86f24d725ce1f07545dfc3434aa88cf476ddb
427,ord_dataset-7acd6ad2bf4d4cff841cad008ab726d5:ord-71dcaf2c742f4760b735ec2f84d4385c,ord_dataset-7acd6ad2bf4d4cff841cad008ab726d5,491,9bf430bd27694a55b57a5b098c67589b00c3c0734ccd4047a0f904bbe01e3aa0
428,ord_dataset-7acd6ad2bf4d4cff841cad008ab726d5:ord-72855f1805f24745a9ca550ca70aac5d,ord_dataset-7acd6ad2bf4d4cff841cad008ab726d5,953,b650032f29873ad36807dd166715b009e5eea609704da6e4a0f194781eb3be67
429,ord_dataset-7acd6ad2bf4d4cff841cad008ab726d5:ord-72d80687522b40968824173fcb9ec26f,ord_dataset-7acd6ad2bf4d4cff841cad008ab726d5,820,e52b466f03d050e6ea15ce871d0a542ef81663f97ef879de4d603a4659c46095
430,ord_dataset-7acd6ad2bf4d4cff841cad008ab726d5:ord-73369a86d11948518d0d90879f3c4eec,ord_dataset-7acd6ad2bf4d4cff841cad008ab726d5,954,fc071db69ddf5b8c679a702e760f55cbb4305f45c0e0ee0d1b4052b05fdbb914
431,ord_dataset-7acd6ad2bf4d4cff841cad008ab726d5:ord-7380a05100de4c6f95a7d088796b905a,ord_dataset-7acd6ad2bf4d4cff841cad008ab726d5,30,ecac4e45c5837103658c9f4e18ec225317d2173b3241b9516d4609fa5d5999fc
432,ord_dataset-7acd6ad2bf4d4cff841cad008ab726d5:ord-739030670a0d4c97ae13ce664a09b7af,ord_dataset-7acd6ad2bf4d4cff841cad008ab726d5,904,f21072e7918e5e502de8e1b37413424d31cffae5cc4a0d3d48a2c83af4df6988
433,ord_dataset-7acd6ad2bf4d4cff841cad008ab726d5:ord-73b38e2daf40444fbf1ea85dc7945336,ord_dataset-7acd6ad2bf4d4cff841cad008ab726d5,873,d5eefada24469a1a39a66d9d043b53173142c14162ef990d73801da8180529a4
434,ord_dataset-7acd6ad2bf4d4cff841cad008ab726d5:ord-73e6755f88eb40188049811e02fa4165,ord_dataset-7acd6ad2bf4d4cff841cad008ab726d5,363,ed1fafafe1e226d0dc9afa152df8278c4da3506830a247a0b143c8c54b6257ec
435,ord_dataset-7acd6ad2bf4d4cff841cad008ab726d5:ord-73e8db05ccea4c389eb6894adaf4dcc1,ord_dataset-7acd6ad2bf4d4cff841cad008ab726d5,642,d2808fbb05e002f2149a02c8a9cb2d9ff6ac0d46d83bfc6dc3856d130652105f
436,ord_dataset-7acd6ad2bf4d4cff841cad008ab726d5:ord-743a93eeec4d449daf77b39680804ad8,ord_dataset-7acd6ad2bf4d4cff841cad008ab726d5,286,d1abb04a8d78f05e0564e5d38bf88f7a22e3766250c5150788b7b000cbbf2112
437,ord_dataset-7acd6ad2bf4d4cff841cad008ab726d5:ord-744f9cab29e34502b82a4369320471ef,ord_dataset-7acd6ad2bf4d4cff841cad008ab726d5,742,54117550483d09e040908f29c2fcd5a47084983309ff311bd11edb7189a4f76e
438,ord_dataset-7acd6ad2bf4d4cff841cad008ab726d5:ord-7463a671db7943df877e6d10e44ccff5,ord_dataset-7acd6ad2bf4d4cff841cad008ab726d5,589,2f33a8251c41662c65ad37fc3ca47ce2e0152ac17cf8bd42404034dc66da37e1
439,ord_dataset-7acd6ad2bf4d4cff841cad008ab726d5:ord-749b73e70b5948b1b1df11240b298c85,ord_dataset-7acd6ad2bf4d4cff841cad008ab726d5,107,aaecadf410f6c63f48dc5597b07187712bfbfdb17fde99e0c755fd646fd9a2f4
440,ord_dataset-7acd6ad2bf4d4cff841cad008ab726d5:ord-74bf67a97aaa4b1ea1bc6ea0f0daace3,ord_dataset-7acd6ad2bf4d4cff841cad008ab726d5,554,b987b995c0d0b5cc30bfc81a1bf4ebad3cfec5915152debd7b02e13ff4c39668
441,ord_dataset-7acd6ad2bf4d4cff841cad008ab726d5:ord-74ca074d701d41f08d8ec435562392f2,ord_dataset-7acd6ad2bf4d4cff841cad008ab726d5,846,d14c1dbf81721451e6ec4d11a6a83b46924f713e9005819366b3f9cfebfba928
442,ord_dataset-7acd6ad2bf4d4cff841cad008ab726d5:ord-751ab579696b487993a6546ed2cffa5d,ord_dataset-7acd6ad2bf4d4cff841cad008ab726d5,113,c8ecbe6add1c67a23065cf1346e28acac4f23aa25ae0a6004e95f7ebc5db98cc
443,ord_dataset-7acd6ad2bf4d4cff841cad008ab726d5:ord-759598204ab94a3e9cf5c26a2699a9dc,ord_dataset-7acd6ad2bf4d4cff841cad008ab726d5,94,7d9ef4e5dca2861c327ec401aefdd94e9939caab4e3a2cf842d91d81025f5206
444,ord_dataset-7acd6ad2bf4d4cff841cad008ab726d5:ord-7619bd5b611145efb8c925bc2d019d0f,ord_dataset-7acd6ad2bf4d4cff841cad008ab726d5,958,e978d84d65586fffd098bdb4b419eb792021e6e1b1fa00d5c044eafc307a7b27
445,ord_dataset-7acd6ad2bf4d4cff841cad008ab726d5:ord-762f05737bdd4e21b2d7dc3ca54610ec,ord_dataset-7acd6ad2bf4d4cff841cad008ab726d5,45,55dd201eec49790d6ee2f70ae8995d13da1fb5c2ea3745c5747bf049cc7b5fee
446,ord_dataset-7acd6ad2bf4d4cff841cad008ab726d5:ord-7680d509fde144c9a612ddb3f8db2314,ord_dataset-7acd6ad2bf4d4cff841cad008ab726d5,839,5962c928b88e91c4da38f565c6078c8d3cacc6b9fee1a1f434b8139f00d0b17d
447,ord_dataset-7acd6ad2bf4d4cff841cad008ab726d5:ord-76ead8d280d94039a0ba207b032b9a4b,ord_dataset-7acd6ad2bf4d4cff841cad008ab726d5,419,e8a4159aa3a3fc11b29ad8d3b6617eba9d9e357cb64398e86334ac29423762dc
448,ord_dataset-7acd6ad2bf4d4cff841cad008ab726d5:ord-775de4582e27423a917389a934ae2a27,ord_dataset-7acd6ad2bf4d4cff841cad008ab726d5,885,9d91517831ada2f1762969bbfedd18eecb89c538ce272332a8ce438abf967ac9
449,ord_dataset-7acd6ad2bf4d4cff841cad008ab726d5:ord-7782a2b57bd14b81abf35fae4c0c07fc,ord_dataset-7acd6ad2bf4d4cff841cad008ab726d5,287,39755a878b5d9e46ba1c1e4efa70d0d3c58669ad9cf278a3466a567c79ebadae
450,ord_dataset-7acd6ad2bf4d4cff841cad008ab726d5:ord-7794ccb31a0e4df98a8823d0c44d843e,ord_dataset-7acd6ad2bf4d4cff841cad008ab726d5,11,a13d7e3435db828aba762e0271bbe73a6cb5dcfeaa5412e4c57dabb4d024f62d
451,ord_dataset-7acd6ad2bf4d4cff841cad008ab726d5:ord-784f17df615249639fdee43eb20ed7b6,ord_dataset-7acd6ad2bf4d4cff841cad008ab726d5,630,3e43a22d0a6e480c952a93da01d28fd41c6a76f2df1c965122d4bae4ceabbb02
452,ord_dataset-7acd6ad2bf4d4cff841cad008ab726d5:ord-79918e3be84e4037ac07a0f749c058ca,ord_dataset-7acd6ad2bf4d4cff841cad008ab726d5,26,380a720187683ed45193fb7f3339c5350d0f57bd3466d81b37ebf29b9ab8e640
453,ord_dataset-7acd6ad2bf4d4cff841cad008ab726d5:ord-79e99e85185a412a87db0d1a0e257676,ord_dataset-7acd6ad2bf4d4cff841cad008ab726d5,603,dfd14b3405188769e4d63c442fbbb91485771f428877a6903724de252bf14bc9
454,ord_dataset-7acd6ad2bf4d4cff841cad008ab726d5:ord-79efcdfac93f46c4a40ef12f1e61f585,ord_dataset-7acd6ad2bf4d4cff841cad008ab726d5,715,4ecf0bc1dba38e323d817851b9a4b88737d7c43ff51c0ffed12f8426e866bc62
455,ord_dataset-7acd6ad2bf4d4cff841cad008ab726d5:ord-7a5fb14a737d41528c23911f32c0199f,ord_dataset-7acd6ad2bf4d4cff841cad008ab726d5,379,463555da7e690a79cceddf87b9786a44b564a8af20f4ce651c4938b6d53ee08b
456,ord_dataset-7acd6ad2bf4d4cff841cad008ab726d5:ord-7aa7fa92f585415b83cee0b42e2252ae,ord_dataset-7acd6ad2bf4d4cff841cad008ab726d5,446,6fb016dda56dc87b0a7b522b6f425c2187ec693d1a239bcbc1a465de656230f6
457,ord_dataset-7acd6ad2bf4d4cff841cad008ab726d5:ord-7b5cde1f78fb4fcb8e022ad07e5c4b20,ord_dataset-7acd6ad2bf4d4cff841cad008ab726d5,433,f2ee8e5064fb1437a62764cae7b8b35a413713627a209e63e4ccdf019cdb99c6
458,ord_dataset-7acd6ad2bf4d4cff841cad008ab726d5:ord-7b68a24312134ce3bb90c74c49ad956e,ord_dataset-7acd6ad2bf4d4cff841cad008ab726d5,766,bab97f40a676a180dff1a5c8fa23ab5a0049232304d497b9e6d7c9b7a211eeb4
459,ord_dataset-7acd6ad2bf4d4cff841cad008ab726d5:ord-7bb9201778054468b945bba24f4939c5,ord_dataset-7acd6ad2bf4d4cff841cad008ab726d5,819,36dba845077c43f2d1eee9b6a0cbd04a0e9941452d13ea8402f9a6ce13d41424
460,ord_dataset-7acd6ad2bf4d4cff841cad008ab726d5:ord-7bef8f4e37c34758aff75c6ee548fa1e,ord_dataset-7acd6ad2bf4d4cff841cad008ab726d5,744,1bebdef35d7e88e2f516224818716ec6837fc1c99f49589fa1f630d0ffc371f1
461,ord_dataset-7acd6ad2bf4d4cff841cad008ab726d5:ord-7c8e99b9fb04461eb371fe575ca88dad,ord_dataset-7acd6ad2bf4d4cff841cad008ab726d5,925,3c337346ba52fe0dec429630616ee46e8235b677b7194adcb8c2752a39db78a0
462,ord_dataset-7acd6ad2bf4d4cff841cad008ab726d5:ord-7cbd5b2b9e8f4a949334fee9eee0d294,ord_dataset-7acd6ad2bf4d4cff841cad008ab726d5,520,d093d93e58ade1bbb06837bc5c9908335dfd42eda95de3c0fe82401f47e3a812
463,ord_dataset-7acd6ad2bf4d4cff841cad008ab726d5:ord-7cc0cd2d094945968ec8bc3d0ac37612,ord_dataset-7acd6ad2bf4d4cff841cad008ab726d5,209,d8396d6d42803fa329b125b8619810c4c175fc75bd5e0a955e135f8d8c53d7a6
464,ord_dataset-7acd6ad2bf4d4cff841cad008ab726d5:ord-7cd11edde6f54dcd88752a63d6f59a70,ord_dataset-7acd6ad2bf4d4cff841cad008ab726d5,760,cb6053887e50d3b67a3fa8a7b21ea3602df7906ac2b8b93e2f49a62b2d368a0f
465,ord_dataset-7acd6ad2bf4d4cff841cad008ab726d5:ord-7d05633f03314a4e9153abd54e87d12e,ord_dataset-7acd6ad2bf4d4cff841cad008ab726d5,782,d7c44a73edcce6f0bf7f3be819d6bebfcce48dac0e74a1d2fb70224cc59e64a5
466,ord_dataset-7acd6ad2bf4d4cff841cad008ab726d5:ord-7d47647c797c4582921e0fb3360e203f,ord_dataset-7acd6ad2bf4d4cff841cad008ab726d5,678,c80ee1361e29bfcf0d11b1b594b2e53dda48613b7d87c5ab357f15780f254ed5
467,ord_dataset-7acd6ad2bf4d4cff841cad008ab726d5:ord-7d5efe0c52784cf3a6ea57aae35a96f2,ord_dataset-7acd6ad2bf4d4cff841cad008ab726d5,552,27f67c1e9f83d5c7869508875d5da96fad347bf0979cde5564f27a9542c42156
468,ord_dataset-7acd6ad2bf4d4cff841cad008ab726d5:ord-7d9aed870c4e4fcf84e0d1f1c3e9f539,ord_dataset-7acd6ad2bf4d4cff841cad008ab726d5,215,f38f500d32b6ee1669da3453550098bd7ca567bcf02d8b29a6f9aebf72bf92a8
469,ord_dataset-7acd6ad2bf4d4cff841cad008ab726d5:ord-7e0b21bb9769470bbf417a510bff6248,ord_dataset-7acd6ad2bf4d4cff841cad008ab726d5,496,db9af1467f509ee836d913b4145c81fe387f039fbf5f4e169ed6ecc9ffd3c156
470,ord_dataset-7acd6ad2bf4d4cff841cad008ab726d5:ord-7ea560c390524c5ab4aa0eb73a852779,ord_dataset-7acd6ad2bf4d4cff841cad008ab726d5,592,a3641546bd6b0cec1d71013a6ae3fa35e692d84f284b8ff0ee105b583b1eee1e
471,ord_dataset-7acd6ad2bf4d4cff841cad008ab726d5:ord-7f0f13adb9a84d0e958819bbeb2761aa,ord_dataset-7acd6ad2bf4d4cff841cad008ab726d5,508,92a901e3b0b009bb3d9b754a84a867408f3adaf1a6fe745abefcf0b1564f7f5f
472,ord_dataset-7acd6ad2bf4d4cff841cad008ab726d5:ord-7f12cbaaac23470ca0fc6869d898ac83,ord_dataset-7acd6ad2bf4d4cff841cad008ab726d5,87,31805f0f94dd30309cffddf8091cb9980239ef4e0df2a81e2953f29b43e12e8d
473,ord_dataset-7acd6ad2bf4d4cff841cad008ab726d5:ord-7f12d29f8f92452bbb638a553adb0144,ord_dataset-7acd6ad2bf4d4cff841cad008ab726d5,822,ec2e20d22b54bd95c09ef925e699d228d1596cb461283302ffce3859f65425d2
474,ord_dataset-7acd6ad2bf4d4cff841cad008ab726d5:ord-7f9d6aec3f984a9c883906ed2a5fbe9b,ord_dataset-7acd6ad2bf4d4cff841cad008ab726d5,695,5c17316a3a5773aa7d6eb2dccdacd6812458b0eda0ba270608eb51f83b5efa28
475,ord_dataset-7acd6ad2bf4d4cff841cad008ab726d5:ord-7fbbc1122ee146118521ab80636c1e1a,ord_dataset-7acd6ad2bf4d4cff841cad008ab726d5,35,23ced5596e1ad856150dd6e8dd7244ef11579348338750f018e2da3f96fc3b92
476,ord_dataset-7acd6ad2bf4d4cff841cad008ab726d5:ord-805eb750430847f1b9bbf8d66cd85673,ord_dataset-7acd6ad2bf4d4cff841cad008ab726d5,613,67b705052a4cbf1f0bc7ea1578ac5373029e1bcdf2c27665a4dac58932455f9c
477,ord_dataset-7acd6ad2bf4d4cff841cad008ab726d5:ord-8069f080a8544bb49a43e96f4ccd1539,ord_dataset-7acd6ad2bf4d4cff841cad008ab726d5,372,f8d186689e53371b699ccc3d5a5be3a7bd4f446c2487a65d5c111706387dcbc3
478,ord_dataset-7acd6ad2bf4d4cff841cad008ab726d5:ord-81b2a8c52b93446fabd0f29f95b27e2b,ord_dataset-7acd6ad2bf4d4cff841cad008ab726d5,832,3bde6733891e6c333ff79ccdac3cc00df7ff36aad5cd81f9a96cacd2e8e61b49
479,ord_dataset-7acd6ad2bf4d4cff841cad008ab726d5:ord-82168ed1dac744d4afdad727ab11ad0e,ord_dataset-7acd6ad2bf4d4cff841cad008ab726d5,232,2a78f471db779e2a92d2937b304f484969845e2fa2041c3afff8b797733d0802
480,ord_dataset-7acd6ad2bf4d4cff841cad008ab726d5:ord-825e06804fd54d5c84cc0053f36829e1,ord_dataset-7acd6ad2bf4d4cff841cad008ab726d5,542,5ad58f646f0e1c63c17dadd010a68bc68db58796afb3fd177406f2d10fd316ce
481,ord_dataset-7acd6ad2bf4d4cff841cad008ab726d5:ord-82d533cb0c1046119b3125a45c2529e5,ord_dataset-7acd6ad2bf4d4cff841cad008ab726d5,865,1952a97fd55c2d9d650a2e8eff1b8606c9a0716643560f4e532d397407e14179
482,ord_dataset-7acd6ad2bf4d4cff841cad008ab726d5:ord-8306954af12241c98341a790d510ef66,ord_dataset-7acd6ad2bf4d4cff841cad008ab726d5,265,7f8162ce7f12d522c7af4c2cbf28cc76f79a65d9725c82427a69bd40384a331f
483,ord_dataset-7acd6ad2bf4d4cff841cad008ab726d5:ord-837687cb38c94b38a029a28383cf126a,ord_dataset-7acd6ad2bf4d4cff841cad008ab726d5,855,5cf76cadfa301eeef1695386ef8c55af0e188c22af97a2f8d6c6722598ba3510
484,ord_dataset-7acd6ad2bf4d4cff841cad008ab726d5:ord-837e3c3616584f86995d8848af6284af,ord_dataset-7acd6ad2bf4d4cff841cad008ab726d5,611,aef467cbf258fcbe6be01bae20322f3a1d71354b6a6c31d7f081d3714a12be7e
485,ord_dataset-7acd6ad2bf4d4cff841cad008ab726d5:ord-83e777e0a6b34ed28dcd3064e2d57f90,ord_dataset-7acd6ad2bf4d4cff841cad008ab726d5,834,21db4b7605161b5c291180b725672ad7c3839ecae3945b5ab0a771f1bab06236
486,ord_dataset-7acd6ad2bf4d4cff841cad008ab726d5:ord-844357c5d2ac49f6b5adf4dd34d35e50,ord_dataset-7acd6ad2bf4d4cff841cad008ab726d5,57,1ec2f71dd2bd73daf3c2b359fa7ce6bbd4f21d60fe317a608048e501d25c44a7
487,ord_dataset-7acd6ad2bf4d4cff841cad008ab726d5:ord-8454c4691e114db1862d78a6f4c6c0fe,ord_dataset-7acd6ad2bf4d4cff841cad008ab726d5,341,4798db5c288cf1c40b05763cc809a29d48839881df3f15957ceedc23b8323515
488,ord_dataset-7acd6ad2bf4d4cff841cad008ab726d5:ord-8454e17982164e35b2ae0091f67bf2b3,ord_dataset-7acd6ad2bf4d4cff841cad008ab726d5,809,8710d0dc08ebb96a0ac46face8b5d20ea06b64064ba0521fb38421d0f695fd78
489,ord_dataset-7acd6ad2bf4d4cff841cad008ab726d5:ord-84559d852e06414990c4bc22d06d45ec,ord_dataset-7acd6ad2bf4d4cff841cad008ab726d5,566,8f9a647f982c492bbe91f90369c855ce5ae1d28dd27841a03ca3ce3fe9fcbe66
490,ord_dataset-7acd6ad2bf4d4cff841cad008ab726d5:ord-84630a3a609d4cb888f138b2a48243c5,ord_dataset-7acd6ad2bf4d4cff841cad008ab726d5,98,3715d5ff96224f789d990c3b3154be2c43b17132aad66c96c13d4d3ce148fa15
491,ord_dataset-7acd6ad2bf4d4cff841cad008ab726d5:ord-84960337784947dab44e690b05eb32ff,ord_dataset-7acd6ad2bf4d4cff841cad008ab726d5,586,62dd23a4ddc9ac56cccaf79e20c25f7de0bce9df11bf83fcae4fc617b243a64d
492,ord_dataset-7acd6ad2bf4d4cff841cad008ab726d5:ord-84d464a44ee840ab99524a197793a0b7,ord_dataset-7acd6ad2bf4d4cff841cad008ab726d5,551,044fe2998ed84c2407fa79ff69169cf6d08236e801be706f544b19e0ca13a4e5
493,ord_dataset-7acd6ad2bf4d4cff841cad008ab726d5:ord-84d9b8b3234a4a1abf6e1ba91f16dd3b,ord_dataset-7acd6ad2bf4d4cff841cad008ab726d5,124,4f93800115a27959f89a135fb7243e2c28b6c2c9b2f2fc5958a4a4a6eaca2e15
494,ord_dataset-7acd6ad2bf4d4cff841cad008ab726d5:ord-85116cf1174b4cf9bd20440fbe71e4ec,ord_dataset-7acd6ad2bf4d4cff841cad008ab726d5,226,61301f2e33a37cac841c93972a030f80f873edaecfaedf76249cca8c339c551f
495,ord_dataset-7acd6ad2bf4d4cff841cad008ab726d5:ord-8531a03dec0644059dcd1d4eeced70c7,ord_dataset-7acd6ad2bf4d4cff841cad008ab726d5,612,3cce3937313d29dde74a4abdb9421d589f60e1f3150a66853973cec099c7ec72
496,ord_dataset-7acd6ad2bf4d4cff841cad008ab726d5:ord-863d3c6ece2b4ad6be7df6462b48764f,ord_dataset-7acd6ad2bf4d4cff841cad008ab726d5,553,436cc5d79d5179b1af61815b74a1f3a7c3e3e14ea832d8b76365b641508b6501
497,ord_dataset-7acd6ad2bf4d4cff841cad008ab726d5:ord-873b21e308ee49599f386f65ab93aaf9,ord_dataset-7acd6ad2bf4d4cff841cad008ab726d5,604,e2671cc76ab3161c7c4acfdc9c3ad4551a32fe512b9945e2280539784d01e172
498,ord_dataset-7acd6ad2bf4d4cff841cad008ab726d5:ord-873b44e54edc4a31b62c4d7d7e75b0b3,ord_dataset-7acd6ad2bf4d4cff841cad008ab726d5,753,98a103e3bb1977fae477fa8f784bf532a7abfcd36ea6c26b4ef6d969d65dad21
499,ord_dataset-7acd6ad2bf4d4cff841cad008ab726d5:ord-877b9075b0104c168ad90c46512d3189,ord_dataset-7acd6ad2bf4d4cff841cad008ab726d5,949,053240569bac087e31cb14d5c89f221e0901a9e85de25237dcd65b7b9a24012c
500,ord_dataset-7acd6ad2bf4d4cff841cad008ab726d5:ord-87d87e2049c54f5cbe5e81d567e775c3,ord_dataset-7acd6ad2bf4d4cff841cad008ab726d5,522,299450131d9b14c205dd4a31477e6bb1f3d3ade93fe0c6a5cc2c368655a2d7a6
501,ord_dataset-7acd6ad2bf4d4cff841cad008ab726d5:ord-87d8f68fd660495b94623a06aa44ad2f,ord_dataset-7acd6ad2bf4d4cff841cad008ab726d5,139,b03fcc7fba4ea859eecafb27cb4f157d1cd4a0ed424fce9e9a30376c123ee5ad
502,ord_dataset-7acd6ad2bf4d4cff841cad008ab726d5:ord-882be9dbe82847ed90aa6735d9033f38,ord_dataset-7acd6ad2bf4d4cff841cad008ab726d5,847,602406fa74910f74621ecfac0b2ed7482163014012730bf5d66e8ef8a6a8843c
503,ord_dataset-7acd6ad2bf4d4cff841cad008ab726d5:ord-88789a913ce64ae2981e4182aefdc315,ord_dataset-7acd6ad2bf4d4cff841cad008ab726d5,173,df72f29032f4c411d777383766ce5aff35cc5f81bc5c41fe73007d336ccbbdfe
504,ord_dataset-7acd6ad2bf4d4cff841cad008ab726d5:ord-88b4edf4c2b34d479f57eaf80b9b700a,ord_dataset-7acd6ad2bf4d4cff841cad008ab726d5,910,71aa3c0098eb956c76ca168a537d56dff28e113c073bb477c5f1e99c39360044
505,ord_dataset-7acd6ad2bf4d4cff841cad008ab726d5:ord-88f2379d41b34d77be2d5119ede164fb,ord_dataset-7acd6ad2bf4d4cff841cad008ab726d5,748,39e265a3a54d22736d511fd41522cdcfcd7b44f3ab53caa78c78f1de859dbb73
506,ord_dataset-7acd6ad2bf4d4cff841cad008ab726d5:ord-88f97a63b6b840da9cd8e67b0c995b09,ord_dataset-7acd6ad2bf4d4cff841cad008ab726d5,191,7ca6d14c04921eed8197916d5e5e249e32f030825a6650e51c014700b9658c08
507,ord_dataset-7acd6ad2bf4d4cff841cad008ab726d5:ord-892d8e54ad694bf7a7b2c5144616d83f,ord_dataset-7acd6ad2bf4d4cff841cad008ab726d5,178,8dcb46a3e745e8441a34f6e73974648b1e552376b574091f9f73f3df553d7ac9
508,ord_dataset-7acd6ad2bf4d4cff841cad008ab726d5:ord-897bda655c594d299f12a9da663797b4,ord_dataset-7acd6ad2bf4d4cff841cad008ab726d5,868,c45554bc8e71551ae2d517fb639680dfb4912f8ad8e52c992f2035df0904293e
509,ord_dataset-7acd6ad2bf4d4cff841cad008ab726d5:ord-897c9504e788429d807170cfdb94c924,ord_dataset-7acd6ad2bf4d4cff841cad008ab726d5,545,b06d2ed8ac4450bf7db6d2e437821ff95f2355db5d219e163b61bb9431e008e4
510,ord_dataset-7acd6ad2bf4d4cff841cad008ab726d5:ord-89aa17e5b11547c5991eb87c4765317f,ord_dataset-7acd6ad2bf4d4cff841cad008ab726d5,177,c4b9d2093297e2d630975a9ff6fd5960c6a83fd3a27f31f17a16888ecbec7098
511,ord_dataset-7acd6ad2bf4d4cff841cad008ab726d5:ord-8a131cb0052d486790ef1997c87bbae1,ord_dataset-7acd6ad2bf4d4cff841cad008ab726d5,709,6aee88714eeda743ce90353bfced460467687ecf01b09c5cd8e49cb94c34ae75
512,ord_dataset-7acd6ad2bf4d4cff841cad008ab726d5:ord-8a1c4fb190ab40b5b8a2d942e508ce5a,ord_dataset-7acd6ad2bf4d4cff841cad008ab726d5,69,d4e732703888453ff472ed165ab4b824d414f4585b91cea44a19df2114c7aeda
513,ord_dataset-7acd6ad2bf4d4cff841cad008ab726d5:ord-8a4f5f5e7e734ea980f32eb51162832f,ord_dataset-7acd6ad2bf4d4cff841cad008ab726d5,118,fa9c83230ec3bbb845df43fc3d4d192b913790408fa6d132c7896327a29227a2
514,ord_dataset-7acd6ad2bf4d4cff841cad008ab726d5:ord-8a51cc832f854694a65b6d14b21b372c,ord_dataset-7acd6ad2bf4d4cff841cad008ab726d5,905,cb83afe5ac93a24e2af62696ccbf913f2e3b949eca57dd28997ae4e3ca95e165
515,ord_dataset-7acd6ad2bf4d4cff841cad008ab726d5:ord-8ae6ce5acf7744eaa038f8b5d3acf7eb,ord_dataset-7acd6ad2bf4d4cff841cad008ab726d5,159,1ecd5d9776cfe16366946aa72e95ae8c0079f31ab8b5e0f958580d09110f68eb
516,ord_dataset-7acd6ad2bf4d4cff841cad008ab726d5:ord-8c11c86536154f4c92a5e6ee0c970dba,ord_dataset-7acd6ad2bf4d4cff841cad008ab726d5,393,1fc3c2dd371ddd9104d1bf2490a3ba03cd48b95d5c68fc0d52c399b82fa6174f
517,ord_dataset-7acd6ad2bf4d4cff841cad008ab726d5:ord-8c77d8e6329d4e2b9b429839a06a9a72,ord_dataset-7acd6ad2bf4d4cff841cad008ab726d5,499,a6f87b0f915d576e0c88b2bcd6b852ff84a886515295fd3cc021535b916d3723
518,ord_dataset-7acd6ad2bf4d4cff841cad008ab726d5:ord-8d11f52af449473eb8edf160e7b5d1ed,ord_dataset-7acd6ad2bf4d4cff841cad008ab726d5,358,cbaf4e32bfdb122a00f210c1d9b23627dab8e1690c2e42d6fa9ce13ab4bde0cf
519,ord_dataset-7acd6ad2bf4d4cff841cad008ab726d5:ord-8d3c6dcb0f2645e38dcdc1549efbeb45,ord_dataset-7acd6ad2bf4d4cff841cad008ab726d5,243,4fb5c022c9de4826f1ccc73bca281acab8f4447383d27b179852bb0c177abb2c
520,ord_dataset-7acd6ad2bf4d4cff841cad008ab726d5:ord-8d9f3316945848c98cf6150798d64b97,ord_dataset-7acd6ad2bf4d4cff841cad008ab726d5,282,1899b0494289622bb06c12a0766362d757ccc3a0ced2448977ddf87d2c9d9f3f
521,ord_dataset-7acd6ad2bf4d4cff841cad008ab726d5:ord-8de142f2374648808585d61406a791f2,ord_dataset-7acd6ad2bf4d4cff841cad008ab726d5,559,3b2ba2452f240b3679727d6ce3867bd579199de351d7b3710763d9aecc7b2961
522,ord_dataset-7acd6ad2bf4d4cff841cad008ab726d5:ord-8df592299b29423fbe1a692f3c80efdc,ord_dataset-7acd6ad2bf4d4cff841cad008ab726d5,92,0f51ff56803ea15af98c29d2d0ea2639dff68bd6bed9f4e633f6d18ce0bea1e8
523,ord_dataset-7acd6ad2bf4d4cff841cad008ab726d5:ord-8df9c8ab7fbb427f98502f153fb46c24,ord_dataset-7acd6ad2bf4d4cff841cad008ab726d5,843,d8b16899a1ababf62c6ada61e4c64d81b38ceecc7c6e5d93985c62dd586536b9
524,ord_dataset-7acd6ad2bf4d4cff841cad008ab726d5:ord-8e2bdb72bea546ec998fd5a518f00688,ord_dataset-7acd6ad2bf4d4cff841cad008ab726d5,556,23a8d4c73d614f7cd5f02532903edb61dfcb773d795fd6c5d659efb1cafa22ba
525,ord_dataset-7acd6ad2bf4d4cff841cad008ab726d5:ord-8ea5fd9429044589b6063c78ed691293,ord_dataset-7acd6ad2bf4d4cff841cad008ab726d5,922,7042a7c8021ea3f42e0efbfd6c041c908902ab98f562726a6ca53b9a47a031e0
526,ord_dataset-7acd6ad2bf4d4cff841cad008ab726d5:ord-8ea9e9f6f3fd4943a302e44ba3690076,ord_dataset-7acd6ad2bf4d4cff841cad008ab726d5,765,a1e5768af5d377286b8cddef347c299d63c1308ed25b0dd3c67a6abfefc4629b
527,ord_dataset-7acd6ad2bf4d4cff841cad008ab726d5:ord-8ec6b71d7ab44f7bb965340e838b9644,ord_dataset-7acd6ad2bf4d4cff841cad008ab726d5,772,e2fd3fd97dc79d076f30421fab8490b717019193e11f0b6a28686047f3998b1e
528,ord_dataset-7acd6ad2bf4d4cff841cad008ab726d5:ord-8f79855b821240fc8f28a5ad1598b048,ord_dataset-7acd6ad2bf4d4cff841cad008ab726d5,132,24b8e6043f1fc0b3cb78a5cffc89f977823f969300280120ccf9bcf486e11503
529,ord_dataset-7acd6ad2bf4d4cff841cad008ab726d5:ord-8fbbc67f0ac34e87a20b36ea8570e82f,ord_dataset-7acd6ad2bf4d4cff841cad008ab726d5,771,fe711bd4c269b5d5225b93fdd97e5405b2119e3feffaf55d296532e17ccd322e
530,ord_dataset-7acd6ad2bf4d4cff841cad008ab726d5:ord-8fcf31fb2f1240e589f7c3e225efa01f,ord_dataset-7acd6ad2bf4d4cff841cad008ab726d5,360,1f13dc47e36687db22c259b5640117d663cf8503873d19b6ff593580f933bdc0
531,ord_dataset-7acd6ad2bf4d4cff841cad008ab726d5:ord-8fd4c1ff60d043bfa175594561f051e9,ord_dataset-7acd6ad2bf4d4cff841cad008ab726d5,349,0407591620f506246880b1912084be20da02b5d80f8af559265e50cd1cbd7205
532,ord_dataset-7acd6ad2bf4d4cff841cad008ab726d5:ord-8fe4aefa29cf4653b370b57461cff1d3,ord_dataset-7acd6ad2bf4d4cff841cad008ab726d5,391,da142ca1fb1aaaaac46f6d3f7cf344abf7b8c80b4c4fba77b8ed6ad5d2a5d3a7
533,ord_dataset-7acd6ad2bf4d4cff841cad008ab726d5:ord-9051316afa354e7698f9e70a40494c6d,ord_dataset-7acd6ad2bf4d4cff841cad008ab726d5,673,03b007ce3c761acf3b53ceb48e5890265b6f75411e5b8256031a9e74cef320cf
534,ord_dataset-7acd6ad2bf4d4cff841cad008ab726d5:ord-9098a3bf2dff40cfbaf55aea973ebd30,ord_dataset-7acd6ad2bf4d4cff841cad008ab726d5,371,71760f10a737195ded9dfba15b2d9c50e955dc0ee1fa4ad90668e3d07c9f5f0e
535,ord_dataset-7acd6ad2bf4d4cff841cad008ab726d5:ord-9100cde6535b4c279af2cb304751ac4b,ord_dataset-7acd6ad2bf4d4cff841cad008ab726d5,257,9a4525ca595cac13bfd82a3e4364c7dc5be2c327d1eea6d176d8e0870012accc
536,ord_dataset-7acd6ad2bf4d4cff841cad008ab726d5:ord-915f7b1d703f4e258ce05235a423bbe0,ord_dataset-7acd6ad2bf4d4cff841cad008ab726d5,646,d6132eaf93ddaf75737239fd53c5f1cfaa53e047320ede91615d8f9f68d2a57d
537,ord_dataset-7acd6ad2bf4d4cff841cad008ab726d5:ord-91e964dd88264b5fa5d96273d4b3ef4f,ord_dataset-7acd6ad2bf4d4cff841cad008ab726d5,502,4fbf2b25a33f9c8b0faca9cc77bff4351e573495abbf50c417427d87acf8a8fc
538,ord_dataset-7acd6ad2bf4d4cff841cad008ab726d5:ord-928cfd947c694d1fa9ac8a49ba494aa5,ord_dataset-7acd6ad2bf4d4cff841cad008ab726d5,298,540d50fdf57ce364085e6e13f22d295e2d9999568e3490b6b372f0519ab493d3
539,ord_dataset-7acd6ad2bf4d4cff841cad008ab726d5:ord-92ba7744f2484534bc631782c65853b1,ord_dataset-7acd6ad2bf4d4cff841cad008ab726d5,401,10d570c1f511042d4e5e59219f73a68c323f962c33ff92b9426a20a262f73b4b
540,ord_dataset-7acd6ad2bf4d4cff841cad008ab726d5:ord-92c4a27008584b11b8a56fe82268924a,ord_dataset-7acd6ad2bf4d4cff841cad008ab726d5,539,72acddadb6054e39f323d5c722c49410317e2243be903516a92fff78316db17b
541,ord_dataset-7acd6ad2bf4d4cff841cad008ab726d5:ord-939504d078f44073986e28a187ff6a96,ord_dataset-7acd6ad2bf4d4cff841cad008ab726d5,850,bf4a0c92d1d1600f5b6be91ee14cc400119089dbdc7003e314237f7ee050a30d
542,ord_dataset-7acd6ad2bf4d4cff841cad008ab726d5:ord-93e797d6a0a34fed99f9907962bd05a6,ord_dataset-7acd6ad2bf4d4cff841cad008ab726d5,81,157c205f3873a90bf081442ac648ff6938195606ffa216367bff8b554eca96f1
543,ord_dataset-7acd6ad2bf4d4cff841cad008ab726d5:ord-94250ebc308e41d1ac7ab061f6320d96,ord_dataset-7acd6ad2bf4d4cff841cad008ab726d5,80,11dce493b8a760b28d2148e1ba6bb07e6ad0470a257135768775c95f7e123baf
544,ord_dataset-7acd6ad2bf4d4cff841cad008ab726d5:ord-943b4e1a2c47434bab6b5f48445d9efb,ord_dataset-7acd6ad2bf4d4cff841cad008ab726d5,607,b8ee9df7181f8a8ff6d5ea76f32abd2f643e330b92594c10d1c7993ac54008bf
545,ord_dataset-7acd6ad2bf4d4cff841cad008ab726d5:ord-94c3afe8cabb41c4af400ddfb10f61b8,ord_dataset-7acd6ad2bf4d4cff841cad008ab726d5,575,43e23564c71359fe384c3c41044555202d1c839ba88ceff77b830c69704d9448
546,ord_dataset-7acd6ad2bf4d4cff841cad008ab726d5:ord-953a82d6ba7c4457b9a4b6c823689adc,ord_dataset-7acd6ad2bf4d4cff841cad008ab726d5,334,91c2892655ada8ef60d585880178ba6d245eb5b2456b0b1a512b11658687dd46
547,ord_dataset-7acd6ad2bf4d4cff841cad008ab726d5:ord-95e4233314bc4b20a99a6b0f5acd362d,ord_dataset-7acd6ad2bf4d4cff841cad008ab726d5,125,d10d5db8dfa743a68d29f744ae0a1d8f4b9a1d599f41fd92dea5b8496b589ffd
548,ord_dataset-7acd6ad2bf4d4cff841cad008ab726d5:ord-962b41a711e24a229e94bab2e4dac920,ord_dataset-7acd6ad2bf4d4cff841cad008ab726d5,400,83fae14d80457e49010b0b792c31026461d0d7ee959931b56b8cc9ac788567e7
549,ord_dataset-7acd6ad2bf4d4cff841cad008ab726d5:ord-964a0833148f4f019bf7ab6ad11cd4ed,ord_dataset-7acd6ad2bf4d4cff841cad008ab726d5,58,ed4f31e890e483b25ec93346f388488a1f6c7630a1eb73eb70ecf070bc830b61
550,ord_dataset-7acd6ad2bf4d4cff841cad008ab726d5:ord-96cace1889cf45d5a0e05fdb8579d78b,ord_dataset-7acd6ad2bf4d4cff841cad008ab726d5,587,e33f5ade019643b0388316a6e512832741a33c258dc673d8776be65e358dcfc0
551,ord_dataset-7acd6ad2bf4d4cff841cad008ab726d5:ord-97c835e6c64d4fa891c52f8342669871,ord_dataset-7acd6ad2bf4d4cff841cad008ab726d5,299,b4a90f0ba67032595e99cdd22cc3f9d1feb5fdeb6a2015c4865f1b95da8796e3
552,ord_dataset-7acd6ad2bf4d4cff841cad008ab726d5:ord-97d8055528a64d32ae47c9b046292913,ord_dataset-7acd6ad2bf4d4cff841cad008ab726d5,284,4251193b847fea74488a67410d3e0a902d7e6f3f07c4f33c5ae77a122ebf9ab3
553,ord_dataset-7acd6ad2bf4d4cff841cad008ab726d5:ord-97e6ea2f14e14338ba52c7326bac7842,ord_dataset-7acd6ad2bf4d4cff841cad008ab726d5,370,f96c8339efb75c868a72c9300d258f171b7600f1453b0283014d78750e0aedbb
554,ord_dataset-7acd6ad2bf4d4cff841cad008ab726d5:ord-97eebfa82ac642c5aadad760fdbac731,ord_dataset-7acd6ad2bf4d4cff841cad008ab726d5,353,acf0b35a419429930f33b15ee95007c8281361255413c8d5759072fb94680b49
555,ord_dataset-7acd6ad2bf4d4cff841cad008ab726d5:ord-97f768b44666416ca75e850a04650acd,ord_dataset-7acd6ad2bf4d4cff841cad008ab726d5,647,2c087ad066d33dff6d1258b42809bd334efe9014c8b29ed41f519930a3485c26
556,ord_dataset-7acd6ad2bf4d4cff841cad008ab726d5:ord-987e8d43ce14428b9d5c6af60d9637a4,ord_dataset-7acd6ad2bf4d4cff841cad008ab726d5,418,6f5bcfb2e61e3c4850c166e67c9d6b9d45239b2b427b718bed789b174141205b
557,ord_dataset-7acd6ad2bf4d4cff841cad008ab726d5:ord-98abe151e256431c9e001a7e0e20b8ac,ord_dataset-7acd6ad2bf4d4cff841cad008ab726d5,270,2fd919e4d369d5264b9179134f6d362a226cdd540908096102c4700da07dff5b
558,ord_dataset-7acd6ad2bf4d4cff841cad008ab726d5:ord-98d9bcd1da6648b4a23c493b91a26379,ord_dataset-7acd6ad2bf4d4cff841cad008ab726d5,348,9c8336ebe3689b7238393af0c679debccd92783458c65fc0fafa1dbcc4aace78
559,ord_dataset-7acd6ad2bf4d4cff841cad008ab726d5:ord-98eb36641eda412388e0ee365661ae22,ord_dataset-7acd6ad2bf4d4cff841cad008ab726d5,944,a3b572bd34e3e180136146fec4131df4d47c4b57bab5c17f80ce4143d35408cd
560,ord_dataset-7acd6ad2bf4d4cff841cad008ab726d5:ord-99b27e598f804ad6aea60dc960f24819,ord_dataset-7acd6ad2bf4d4cff841cad008ab726d5,302,3e26a93df493cb7cc8322e3f25a4d8e8bea3c3de47871069c8c74c1cc0b0d3d8
561,ord_dataset-7acd6ad2bf4d4cff841cad008ab726d5:ord-99fe9cd31b824499b818a8254231b3fe,ord_dataset-7acd6ad2bf4d4cff841cad008ab726d5,193,7d457ced0cbf0bb6266a1c51af4ea9d68adf887920f2e60a68fe309ee31b5f0a
562,ord_dataset-7acd6ad2bf4d4cff841cad008ab726d5:ord-9a2feba87e2242bfa8320f36b17f4f91,ord_dataset-7acd6ad2bf4d4cff841cad008ab726d5,343,5864e72244a8e6b004f127fae35827a9b641e1a576da6348423ac829bb984285
563,ord_dataset-7acd6ad2bf4d4cff841cad008ab726d5:ord-9a4a9d7732574336aad95268dbebb68d,ord_dataset-7acd6ad2bf4d4cff841cad008ab726d5,239,8d57f87560e657e0ab41815bc030ac08f6c9792ebb9c766f35e0b4724d7b2b4f
564,ord_dataset-7acd6ad2bf4d4cff841cad008ab726d5:ord-9a851cbe68cb4cbdaabb05e9ff2f702f,ord_dataset-7acd6ad2bf4d4cff841cad008ab726d5,645,5259c512de9e7f4adb478e3833a4a512037c71518787490ad741c45a499092da
565,ord_dataset-7acd6ad2bf4d4cff841cad008ab726d5:ord-9aa6cfa4f3ec425c8e119b99759e8ca2,ord_dataset-7acd6ad2bf4d4cff841cad008ab726d5,628,ac32ca94c49d9822ee8e9b90bccee21bd98be5a33601237108e00cb59fb4dec0
566,ord_dataset-7acd6ad2bf4d4cff841cad008ab726d5:ord-9ad4bd08dbf34d4c942e1971d8889084,ord_dataset-7acd6ad2bf4d4cff841cad008ab726d5,540,bb66fbc92bb51dc397edc5c2eb3d5a71a4eec713fd626016f2233e377b679caa
567,ord_dataset-7acd6ad2bf4d4cff841cad008ab726d5:ord-9bad8bb718eb47b88556320c6efa43cb,ord_dataset-7acd6ad2bf4d4cff841cad008ab726d5,323,8c236dcb627f7f90acf6fece47f4de83a1df1ca2a029841a23c40a71edd3aa07
568,ord_dataset-7acd6ad2bf4d4cff841cad008ab726d5:ord-9c66ad65a5234482b6257aeddb04ac5d,ord_dataset-7acd6ad2bf4d4cff841cad008ab726d5,574,351b6b5f6bd40ce715b2c5e92219a299c39343f3bb19fb481765ff59ec366b82
569,ord_dataset-7acd6ad2bf4d4cff841cad008ab726d5:ord-9c9a2a02d8834eb8bce4fd97e5c7dec1,ord_dataset-7acd6ad2bf4d4cff841cad008ab726d5,828,ba068d12570818ecf005c9cd68676d7b29efbad7b991ae6dbf5d6ff040dc5f99
570,ord_dataset-7acd6ad2bf4d4cff841cad008ab726d5:ord-9ceea6c5e4a4409b851588e92bf9e786,ord_dataset-7acd6ad2bf4d4cff841cad008ab726d5,475,f81d2d90a46d359e2949705accec6b7fc25abe81d41fd0c51008ff83f1ff6d02
571,ord_dataset-7acd6ad2bf4d4cff841cad008ab726d5:ord-9d15226614304cbf9fa4a60676fb961b,ord_dataset-7acd6ad2bf4d4cff841cad008ab726d5,29,9bd5e12813a1fe16ba02853bac8d3d318b4df6c53c54e1be921ee3fdf54c3235
572,ord_dataset-7acd6ad2bf4d4cff841cad008ab726d5:ord-9d6d22b84bfe4cffbe684345cc87c102,ord_dataset-7acd6ad2bf4d4cff841cad008ab726d5,179,050928e1a6f9b79b4013b3926e061e2556a612141e03e054168f20aa23333430
573,ord_dataset-7acd6ad2bf4d4cff841cad008ab726d5:ord-9da89c398047493ba57edd4057ddd689,ord_dataset-7acd6ad2bf4d4cff841cad008ab726d5,444,9c605e28965631b43053142aaff3fa5fb2545b8a9579e36f313bfa3f8f1a0b21
574,ord_dataset-7acd6ad2bf4d4cff841cad008ab726d5:ord-9dabc380a892469abe0f7c82b62873f4,ord_dataset-7acd6ad2bf4d4cff841cad008ab726d5,702,c3386dd927a47cdab35700f4534154c51f19ba57371c7c28e892d9524e80e29e
575,ord_dataset-7acd6ad2bf4d4cff841cad008ab726d5:ord-9dae7d38e584425797efad7d21a7f567,ord_dataset-7acd6ad2bf4d4cff841cad008ab726d5,134,3c95e70602f5c7144271b8904923d158814254251db8732624af510c7f634419
576,ord_dataset-7acd6ad2bf4d4cff841cad008ab726d5:ord-9dffc0dce8404d7d81788dabe4f9aea4,ord_dataset-7acd6ad2bf4d4cff841cad008ab726d5,535,1b1bc10f1d8b0aa3f675037b548aaf1247d211d36d0a7ebd18f454d3425b0155
577,ord_dataset-7acd6ad2bf4d4cff841cad008ab726d5:ord-9e3929c06b2a4af4b36ad9c32e165b96,ord_dataset-7acd6ad2bf4d4cff841cad008ab726d5,801,45edf0fecee536f61bce901f77456edb20690688a8130a692cf6fb40e03d7464
578,ord_dataset-7acd6ad2bf4d4cff841cad008ab726d5:ord-9e3c801df7ed484e9be2fe419608b9a3,ord_dataset-7acd6ad2bf4d4cff841cad008ab726d5,295,befc454faa4c4632a58c49c38edfd35043bfdeffb5433f67d9824497213864a0
579,ord_dataset-7acd6ad2bf4d4cff841cad008ab726d5:ord-9e3f96f1d0974c70bbf3240006825aa4,ord_dataset-7acd6ad2bf4d4cff841cad008ab726d5,620,39f95d243a454e481dd47f95a038f48895c4d2bbb8f4c22c3938b26993c7fc94
580,ord_dataset-7acd6ad2bf4d4cff841cad008ab726d5:ord-9e4f8b7d93d64d5397982462853865b4,ord_dataset-7acd6ad2bf4d4cff841cad008ab726d5,180,24fbb2300fb8b3019c879eff41ea5e09b8dc3719ecce080902fd61c069392d5e
581,ord_dataset-7acd6ad2bf4d4cff841cad008ab726d5:ord-9e8cdd7bf23d4d92bb7b8169881bac15,ord_dataset-7acd6ad2bf4d4cff841cad008ab726d5,155,a922e6071455d931b1ea1d943e6842c514a07352b7a9a2e852833e4a2510c35c
582,ord_dataset-7acd6ad2bf4d4cff841cad008ab726d5:ord-9e923ce1a8c74a16a78ca0f3d7024d17,ord_dataset-7acd6ad2bf4d4cff841cad008ab726d5,140,63eeec1acb6debee2bc9709ef7f83cb052b940606c0a13352d58eeba5298681d
583,ord_dataset-7acd6ad2bf4d4cff841cad008ab726d5:ord-9eb7c00cee634737837100476ebf9e9b,ord_dataset-7acd6ad2bf4d4cff841cad008ab726d5,651,8be626d51c140641c6b1b1f413cf74e8c1ad0805f1fef52e72c3d308e3d073e2
584,ord_dataset-7acd6ad2bf4d4cff841cad008ab726d5:ord-9ed16cfbbc9d45a6beb5f3b42fe3ec4a,ord_dataset-7acd6ad2bf4d4cff841cad008ab726d5,407,a064d7a890cf634c4aba12792826904b5eb9dc256c80db01aeb4fff0a31f6a00
585,ord_dataset-7acd6ad2bf4d4cff841cad008ab726d5:ord-9ee8c67516a246379a367ad48eee7022,ord_dataset-7acd6ad2bf4d4cff841cad008ab726d5,780,ada36ce3ed9ef4623c2326ed83ad9c1b13b2f3b9af6ddfb4c218206e00dc6e25
586,ord_dataset-7acd6ad2bf4d4cff841cad008ab726d5:ord-9ef7c913ea0e483faa827923f2035b87,ord_dataset-7acd6ad2bf4d4cff841cad008ab726d5,672,cc5807eb78bc3187bbba7844c82e375d6a5992ad6078704e7a4ed27327424089
587,ord_dataset-7acd6ad2bf4d4cff841cad008ab726d5:ord-9f676b37d4d0468d8a75faf5d0fad301,ord_dataset-7acd6ad2bf4d4cff841cad008ab726d5,389,7de5ef94f877b616605793aced1384f3971419ab6da82dbf113b5005fd4d88c6
588,ord_dataset-7acd6ad2bf4d4cff841cad008ab726d5:ord-9fa66000b8394433b953449135698a9e,ord_dataset-7acd6ad2bf4d4cff841cad008ab726d5,93,054acaa13d7a78a986d92bae2a59b1b9c782876d12e5f47b65fbacd44932d279
589,ord_dataset-7acd6ad2bf4d4cff841cad008ab726d5:ord-9fa746ae165d4987aca9f11e84a5c376,ord_dataset-7acd6ad2bf4d4cff841cad008ab726d5,518,8c7d42c87f1a8313b1a15cbedac7a0aefcac3f8c80fe6663612eb1dff8b2ffa6
590,ord_dataset-7acd6ad2bf4d4cff841cad008ab726d5:ord-9fc59588d59e4f958d6f0daf49aa485f,ord_dataset-7acd6ad2bf4d4cff841cad008ab726d5,138,eac5f61aab08d7a24c88756a2b47ec1047068e26bfb1f5c46cf94901fa2bf92f
591,ord_dataset-7acd6ad2bf4d4cff841cad008ab726d5:ord-a0b41c469acb46509a06c980002c546b,ord_dataset-7acd6ad2bf4d4cff841cad008ab726d5,120,4a09e68bf8a8f2e2bd742acc866b83e6e8fecfb84b971b890b198d69f721bd50
592,ord_dataset-7acd6ad2bf4d4cff841cad008ab726d5:ord-a0b4a55ccbef44f684b6f42d52c30a3c,ord_dataset-7acd6ad2bf4d4cff841cad008ab726d5,947,c8821b1b9edabd57d9f30192b16425a47d5e95333780bbc702b59f74aa07c830
593,ord_dataset-7acd6ad2bf4d4cff841cad008ab726d5:ord-a113f0c009d2490f878035367d1cb3f6,ord_dataset-7acd6ad2bf4d4cff841cad008ab726d5,569,828fee7b779b98f1c1bf0350475e2feb59324846af7a49f0135ca2e50e81ba29
594,ord_dataset-7acd6ad2bf4d4cff841cad008ab726d5:ord-a14dbaaab1314ef180ebb3402467e68b,ord_dataset-7acd6ad2bf4d4cff841cad008ab726d5,813,101af9f0d5e88ceb1c74a9d0eca375a7754f9dc739511072df88ac0c009e77a4
595,ord_dataset-7acd6ad2bf4d4cff841cad008ab726d5:ord-a166048ecca54fcfabd0cb19b5ce5f7c,ord_dataset-7acd6ad2bf4d4cff841cad008ab726d5,321,62693c4270458e4ea0d413759a4facff799d16a05b7b5f3c053f9e9dc4451066
596,ord_dataset-7acd6ad2bf4d4cff841cad008ab726d5:ord-a1854fb6d1ab40fd89b19ef40ddef84d,ord_dataset-7acd6ad2bf4d4cff841cad008ab726d5,194,fac1f5732d81630d39ae10565322aee2ecbea4380a864f23ba7409c283ab1fd9
597,ord_dataset-7acd6ad2bf4d4cff841cad008ab726d5:ord-a20bf303192f4739bc1b6004c6fd1b4f,ord_dataset-7acd6ad2bf4d4cff841cad008ab726d5,768,0697a0556f323a292f337ca734654ffb4bfd6b8680513648ba1167a27be71170
598,ord_dataset-7acd6ad2bf4d4cff841cad008ab726d5:ord-a2d6cd2b3a8f4283baed544d97f4fb84,ord_dataset-7acd6ad2bf4d4cff841cad008ab726d5,216,7a982194852b6394add95f5ecf46ef412375e43c2440fb14fd420c30d252b384
599,ord_dataset-7acd6ad2bf4d4cff841cad008ab726d5:ord-a2f9aa89e596499790a3dfbb34a461b0,ord_dataset-7acd6ad2bf4d4cff841cad008ab726d5,97,3f4b9175f46f588244a00d0d2fddfab771bf83350aa3b01338a251ce46b10d92
600,ord_dataset-7acd6ad2bf4d4cff841cad008ab726d5:ord-a300ef32ac59429bb6d91e57637b809a,ord_dataset-7acd6ad2bf4d4cff841cad008ab726d5,815,dff50e7754ed951fc7bc3b65bd036818c223240f04d5f1be144e6c9df2acd691
601,ord_dataset-7acd6ad2bf4d4cff841cad008ab726d5:ord-a30e21bd0ec54e56bbd8c42963f87f76,ord_dataset-7acd6ad2bf4d4cff841cad008ab726d5,863,3574732fdc4b9e6f66f1cdeafb4786dcc4b462b1f656a4edd943619748e632d9
602,ord_dataset-7acd6ad2bf4d4cff841cad008ab726d5:ord-a423949d495744968e5fab6460d0ff80,ord_dataset-7acd6ad2bf4d4cff841cad008ab726d5,703,39b708b5e07aaf37a29316d3d404956794f444e34729ec0339acfb86cd641e7f
603,ord_dataset-7acd6ad2bf4d4cff841cad008ab726d5:ord-a4ed5321818241138ca6f7d4662fc17e,ord_dataset-7acd6ad2bf4d4cff841cad008ab726d5,472,48e2e3619b33cc7519f88990248b195bf8031af35bbc0256bd0e7a203bce8695
604,ord_dataset-7acd6ad2bf4d4cff841cad008ab726d5:ord-a4faa0c8fb7f475ea5b4dcc530fc765a,ord_dataset-7acd6ad2bf4d4cff841cad008ab726d5,862,3f9f5800c5a066e8ada6e2bfd3478ea21ffdc1c13a29dd007b879a207adcb86a
605,ord_dataset-7acd6ad2bf4d4cff841cad008ab726d5:ord-a5534646036b4df4afa977050e204525,ord_dataset-7acd6ad2bf4d4cff841cad008ab726d5,534,c0c7091aecf1f16660834630a852c95281e6691f10b0bff4cc5eedf85b90c289
606,ord_dataset-7acd6ad2bf4d4cff841cad008ab726d5:ord-a582ba76a2774e93bbf712c73230d313,ord_dataset-7acd6ad2bf4d4cff841cad008ab726d5,296,e54244c3af8690981c2ad10c96fec69c697d4aaac9ebce2b9ffe2e7b9735164d
607,ord_dataset-7acd6ad2bf4d4cff841cad008ab726d5:ord-a5baf05f8cc94f4a8bd9ff8a524839c7,ord_dataset-7acd6ad2bf4d4cff841cad008ab726d5,893,213a7d3a12616a5df0f3ee71d90aa7d226ad4a0f2fd8aacaf6c9d75389474ab1
608,ord_dataset-7acd6ad2bf4d4cff841cad008ab726d5:ord-a5f25468a0ac468fb863b39c9995b641,ord_dataset-7acd6ad2bf4d4cff841cad008ab726d5,7,34ee2c0b1aec6969a7d6a350d7a9672d33e9bccd0387822afff104d6b96e544a
609,ord_dataset-7acd6ad2bf4d4cff841cad008ab726d5:ord-a5f6b7be981b44de8b990c39d178addc,ord_dataset-7acd6ad2bf4d4cff841cad008ab726d5,181,c72017061fdb66f2aecaad7d225f21327b053b7b62d7db82850b3fd53747cfb5
610,ord_dataset-7acd6ad2bf4d4cff841cad008ab726d5:ord-a6098973957e4afa882ca1e43170b838,ord_dataset-7acd6ad2bf4d4cff841cad008ab726d5,421,2ebd159d9d07382d0d2b3a322bdb6dc2dbd40e0473c58c40804d78c5faca9fee
611,ord_dataset-7acd6ad2bf4d4cff841cad008ab726d5:ord-a69b995ae51047f5ab523aa1cc7e1cc5,ord_dataset-7acd6ad2bf4d4cff841cad008ab726d5,729,a36becfb154cd0112f30e102fa23475c8b4a7d33e2b4cf3c8e576bcc56c5f784
612,ord_dataset-7acd6ad2bf4d4cff841cad008ab726d5:ord-a6eeeb95e34e41619ebead6c2be1d09b,ord_dataset-7acd6ad2bf4d4cff841cad008ab726d5,563,10f9d20a92fc08a1d43cda74cccc27ef7251a639d365b1121b65bd8632dbcb6b
613,ord_dataset-7acd6ad2bf4d4cff841cad008ab726d5:ord-a7043e52b0ed4cec9862102076f48152,ord_dataset-7acd6ad2bf4d4cff841cad008ab726d5,128,2f3d4708ab2b15262106b20b7bc0f76cfe31e7a33d6a219c5aa01a34704d2f55
614,ord_dataset-7acd6ad2bf4d4cff841cad008ab726d5:ord-a71192aab7624f1d90dc078804f7c431,ord_dataset-7acd6ad2bf4d4cff841cad008ab726d5,485,ca8707dc195b3ddccae3cf2753fd78ab30a00a715db707bff9b1ce37b7383518
615,ord_dataset-7acd6ad2bf4d4cff841cad008ab726d5:ord-a72d12996fbb4e61bd8c61c901ca01a2,ord_dataset-7acd6ad2bf4d4cff841cad008ab726d5,927,eaf631d321548a0abc04eff3bcefe8bda1b7a25141672c18245e6fe29288ba5e
616,ord_dataset-7acd6ad2bf4d4cff841cad008ab726d5:ord-a74b5a8e24ee474a8cf213f5ebb1dd30,ord_dataset-7acd6ad2bf4d4cff841cad008ab726d5,514,285deb6ba2c76ee15b8b063152b39cb564a042fc790b06968aa606b0fcdb784f
617,ord_dataset-7acd6ad2bf4d4cff841cad008ab726d5:ord-a781439c275a44e4b78360e6bc3c7c3b,ord_dataset-7acd6ad2bf4d4cff841cad008ab726d5,211,a694218e8d085967673f907ff40f05cbb1dfd903aaa33843f0042f6fe7270a6b
618,ord_dataset-7acd6ad2bf4d4cff841cad008ab726d5:ord-a7900488c73b4fd0a70b84e1bb0ac520,ord_dataset-7acd6ad2bf4d4cff841cad008ab726d5,163,596b28e9f6be6c15b243068b72e83dad58b30db53ebd8258927d335d7216bdbb
619,ord_dataset-7acd6ad2bf4d4cff841cad008ab726d5:ord-a7a183ada5274bfb9ce5df186b722fbe,ord_dataset-7acd6ad2bf4d4cff841cad008ab726d5,632,41659672d4fdde19d007693dae9be5574a588f3b6252204d7c9ec64bbcc9b6fc
620,ord_dataset-7acd6ad2bf4d4cff841cad008ab726d5:ord-a7d1731bc4dd4a298f688d9f8168b597,ord_dataset-7acd6ad2bf4d4cff841cad008ab726d5,838,66bf3b6482b901e9fc856b6dd24fcb03f1dd28887a179eb7e7c340b01af4f27d
621,ord_dataset-7acd6ad2bf4d4cff841cad008ab726d5:ord-a7d2045a8b334f0abd4322a41cf38e62,ord_dataset-7acd6ad2bf4d4cff841cad008ab726d5,732,dde3ddb4ffedc0067792850728b3f67c2bd1372990d59d5293cf2de65e4f8719
622,ord_dataset-7acd6ad2bf4d4cff841cad008ab726d5:ord-a7facaa0c4074a8b9c420a2abe27e8a5,ord_dataset-7acd6ad2bf4d4cff841cad008ab726d5,38,582b3eaa795c85bc0411485352683851e85cd834adf02a20acb2a58f7458057f
623,ord_dataset-7acd6ad2bf4d4cff841cad008ab726d5:ord-a81041f0df334d469c04c07ddbfbb833,ord_dataset-7acd6ad2bf4d4cff841cad008ab726d5,398,f3074fc291c9ed70495942faeeecfc7e2a2a436efa7a4b2081bb5036efef68f1
624,ord_dataset-7acd6ad2bf4d4cff841cad008ab726d5:ord-a820b05c8f374a27a00dab388c0da1e0,ord_dataset-7acd6ad2bf4d4cff841cad008ab726d5,19,90fe3c752fc57cc69f410e0a8f0522a1bc848c79f4fba364e5f2adf6370ab72e
625,ord_dataset-7acd6ad2bf4d4cff841cad008ab726d5:ord-a89bc354c2974300b88f978727e8c969,ord_dataset-7acd6ad2bf4d4cff841cad008ab726d5,634,c938fbd6cd64815999287245499db3224e3a06d207f2bc6075cdbcc2b73fb3c0
626,ord_dataset-7acd6ad2bf4d4cff841cad008ab726d5:ord-a8f80124934842938fc6e7517679b07d,ord_dataset-7acd6ad2bf4d4cff841cad008ab726d5,618,1993a2575a3979ee2a511b7ce727196b276851850f28c8d4181829911cea9fef
627,ord_dataset-7acd6ad2bf4d4cff841cad008ab726d5:ord-a980898fdb354793a8467222c205ed34,ord_dataset-7acd6ad2bf4d4cff841cad008ab726d5,414,aa19aba361ed9ccae855dbd8c2cedb9a02dc4f88b99b12d38f7b7c88f37af4e8
628,ord_dataset-7acd6ad2bf4d4cff841cad008ab726d5:ord-aa1115945c6d47309b0da60d2bc89ba1,ord_dataset-7acd6ad2bf4d4cff841cad008ab726d5,908,f3d490dddceafedeb19b622b59669728e23001dda503cbe5155e92f3c0e72e45
629,ord_dataset-7acd6ad2bf4d4cff841cad008ab726d5:ord-aa1e4ac3296a4042aa69a22f59e38066,ord_dataset-7acd6ad2bf4d4cff841cad008ab726d5,616,d1214cae6aff5fdcc06555392d67b2199b1c255da3298576485412cb0df96fa3
630,ord_dataset-7acd6ad2bf4d4cff841cad008ab726d5:ord-aa793e134fb74ead905e99e602879c45,ord_dataset-7acd6ad2bf4d4cff841cad008ab726d5,653,8d51e77576e31cddedf5bf04689fe6cc98af305968eaac871fb2cddf255b2971
631,ord_dataset-7acd6ad2bf4d4cff841cad008ab726d5:ord-aa7f41aae6924c69ab8dcfa997d84b13,ord_dataset-7acd6ad2bf4d4cff841cad008ab726d5,305,acbd1bd80744b2bef1768b4adaee7f9fff257e1bf5b6bd8e977a91a6b586939d
632,ord_dataset-7acd6ad2bf4d4cff841cad008ab726d5:ord-aa843a5de071456199a92b303a4ed834,ord_dataset-7acd6ad2bf4d4cff841cad008ab726d5,652,1b53eab614c4395b91c0f503f06776a6edf6d0d8bf8a2ba635c3ba50a86fc79a
633,ord_dataset-7acd6ad2bf4d4cff841cad008ab726d5:ord-aa921539f51642eca10930b1e828a096,ord_dataset-7acd6ad2bf4d4cff841cad008ab726d5,162,4411d71de632572e456a13cb12059cba5fb9049b5115b066877b50b396969777
634,ord_dataset-7acd6ad2bf4d4cff841cad008ab726d5:ord-ab3f8c86a6c8483c9dd3bcb804a09875,ord_dataset-7acd6ad2bf4d4cff841cad008ab726d5,933,b5503911ba0a3987ad3367addc33bc7da9e327ba6e4b23ff06718e4c78b50c8b
635,ord_dataset-7acd6ad2bf4d4cff841cad008ab726d5:ord-ab482a5fcf4941a19f3f5ec87c78b4ed,ord_dataset-7acd6ad2bf4d4cff841cad008ab726d5,571,b87ba05ab5d3ae21201ab13ad3a4bbf794beff08bd568acd9461681be3bd1ca7
636,ord_dataset-7acd6ad2bf4d4cff841cad008ab726d5:ord-abcd26ce362f4b5fb53c7138d055bd7e,ord_dataset-7acd6ad2bf4d4cff841cad008ab726d5,152,d270c76bca11c2b43ef9219987c8b6648cb503afc0838adcb51093e2b18fe8f7
637,ord_dataset-7acd6ad2bf4d4cff841cad008ab726d5:ord-abfde4e0ef9d408eb80dac1ab8daa0eb,ord_dataset-7acd6ad2bf4d4cff841cad008ab726d5,790,f1abcf02c69eb4cb68526ff36113fb9ea94cc887a65f7d5c73e23d998953d8cf
638,ord_dataset-7acd6ad2bf4d4cff841cad008ab726d5:ord-ac2ba64a0e0c43f7b13d69fed6ce899e,ord_dataset-7acd6ad2bf4d4cff841cad008ab726d5,821,6c6f30a95722a9632f4e7877b97a6430fd755b2d2729f166321cc2d296fea792
639,ord_dataset-7acd6ad2bf4d4cff841cad008ab726d5:ord-ac58070eaffc41e58b91b5445eef63ba,ord_dataset-7acd6ad2bf4d4cff841cad008ab726d5,776,e6af412e55d81c4c6a1deba4d9d97f695c6a6d926b4eb0fe214e5ed83f178fdd
640,ord_dataset-7acd6ad2bf4d4cff841cad008ab726d5:ord-ac73d09b9f9e42dcbea57f5486cff1b7,ord_dataset-7acd6ad2bf4d4cff841cad008ab726d5,590,60e9741ea631ecf552b97a62be5ee3cfacf48a164042008acd8fb2562d98c842
641,ord_dataset-7acd6ad2bf4d4cff841cad008ab726d5:ord-ac7b7624f8df46039c0d209379b703ad,ord_dataset-7acd6ad2bf4d4cff841cad008ab726d5,739,8979ebda96738a6ae9f7e91d5ec9909f78c4abfd22295cb2937b9ab4193b1e38
642,ord_dataset-7acd6ad2bf4d4cff841cad008ab726d5:ord-ac927cf1e6e34a08a34e6a5a51dbda1c,ord_dataset-7acd6ad2bf4d4cff841cad008ab726d5,10,f58dfac63b754f4785cc7a458e63e222478dec97d8a459517582dc327ccc3a7a
643,ord_dataset-7acd6ad2bf4d4cff841cad008ab726d5:ord-aca3f461cc1d4a86806d3c530639db5f,ord_dataset-7acd6ad2bf4d4cff841cad008ab726d5,79,ef0e1f594f7476a2d6073bbf6c15e6efb9a574e275844666cca359c3d1c7d6a3
644,ord_dataset-7acd6ad2bf4d4cff841cad008ab726d5:ord-acb53c8004694381a16813cffa2ee983,ord_dataset-7acd6ad2bf4d4cff841cad008ab726d5,464,d969c7ab83ebc426dee8c5beabb82e81957d89d2461fce4f7e5478a98e79d303
645,ord_dataset-7acd6ad2bf4d4cff841cad008ab726d5:ord-ace23173367144d4b9f822d53d788c2c,ord_dataset-7acd6ad2bf4d4cff841cad008ab726d5,5,20d28ace9ab89eb711798968869f0f05f3134f2f3033f09546e14eb01248f824
646,ord_dataset-7acd6ad2bf4d4cff841cad008ab726d5:ord-ad2631a36e924b258c421cdd0b12e21a,ord_dataset-7acd6ad2bf4d4cff841cad008ab726d5,777,b4db62227f94f23d240dec1ee2006ec18537a906e91e95b1aa7fcac72aecde66
647,ord_dataset-7acd6ad2bf4d4cff841cad008ab726d5:ord-ad7f49e1ed654c349b79f899b7fdc3b4,ord_dataset-7acd6ad2bf4d4cff841cad008ab726d5,368,a706e2a74c47afd7d909d02e95ef3220432b72ea18178be4f93058e120db82bf
648,ord_dataset-7acd6ad2bf4d4cff841cad008ab726d5:ord-ad89060e59fa474aa601b697f0bb6555,ord_dataset-7acd6ad2bf4d4cff841cad008ab726d5,812,c5eedaefab4a9749a7ebdda424c1dcfc402ca547e02bb906a2b4b50a9b8ad6d6
649,ord_dataset-7acd6ad2bf4d4cff841cad008ab726d5:ord-ad9a0b68b3c748dbb74f6dfe0162050c,ord_dataset-7acd6ad2bf4d4cff841cad008ab726d5,96,a5251e7727214692a10d79029b8efd044e0f307e92ab84392141bd8169c05e13
650,ord_dataset-7acd6ad2bf4d4cff841cad008ab726d5:ord-addb507f70d344e783556657b58352da,ord_dataset-7acd6ad2bf4d4cff841cad008ab726d5,727,55f1c0f80da264919c510860b2b371b32a12cf5d2ce123679c4d5fc11449adbd
651,ord_dataset-7acd6ad2bf4d4cff841cad008ab726d5:ord-ae1e7336ae204fb4b15c5fae1fad59ff,ord_dataset-7acd6ad2bf4d4cff841cad008ab726d5,111,4c2dc1c9110ed94f203b4d7929910ae02edcbe01915b7499c735e8462a8822f4
652,ord_dataset-7acd6ad2bf4d4cff841cad008ab726d5:ord-ae2e4708fd1245c9a5bd081f5aaa8831,ord_dataset-7acd6ad2bf4d4cff841cad008ab726d5,18,8582af36de3c86e58589302afb789ba6ab4c099c3dbfcf5937db572236e4a66d
653,ord_dataset-7acd6ad2bf4d4cff841cad008ab726d5:ord-aeb31d73dea54fea84644503b4cf2722,ord_dataset-7acd6ad2bf4d4cff841cad008ab726d5,550,dc66d34cdf69e4558fb232d4beea2bc3ab095f7f0e417f2938731c819c7c964e
654,ord_dataset-7acd6ad2bf4d4cff841cad008ab726d5:ord-aed992b6847d4c53a5ec19e4922ff944,ord_dataset-7acd6ad2bf4d4cff841cad008ab726d5,890,c8c4ec03b16728165384b4359734b544e035e58643e119aa7c7d14e7f2c8effe
655,ord_dataset-7acd6ad2bf4d4cff841cad008ab726d5:ord-aedc25b0e98f4133b5a67debc2aa8a9b,ord_dataset-7acd6ad2bf4d4cff841cad008ab726d5,892,465eabc719f3cdda612d9ece1876713c1922f84b2ab2fe7429065e58ccca740d
656,ord_dataset-7acd6ad2bf4d4cff841cad008ab726d5:ord-aedc37830f2e4885b4225afd7322eed9,ord_dataset-7acd6ad2bf4d4cff841cad008ab726d5,463,8f4ecea192362185e178858307235d2d887d6f24e695babc60dbe0f5bcb40032
657,ord_dataset-7acd6ad2bf4d4cff841cad008ab726d5:ord-af1eec5bdc004879b2520916987dca1b,ord_dataset-7acd6ad2bf4d4cff841cad008ab726d5,591,c4559889edce6ac888c1f92abea332b24199811db1a55bade562f783271ad3bc
658,ord_dataset-7acd6ad2bf4d4cff841cad008ab726d5:ord-afc11dc3fc3e462ba0724de7c98f2af9,ord_dataset-7acd6ad2bf4d4cff841cad008ab726d5,546,77f0f497f1f06f434226acab5a1e494be0417513351b9911f1f69c956ab472b9
659,ord_dataset-7acd6ad2bf4d4cff841cad008ab726d5:ord-b03d85ff3daf4b64941f36e7105581de,ord_dataset-7acd6ad2bf4d4cff841cad008ab726d5,60,ef4868f594b86e225bd8903bf107dfa8dd20bc634a73f817b76716350bba5861
660,ord_dataset-7acd6ad2bf4d4cff841cad008ab726d5:ord-b0c9dd14c3f54daa8cb918fa99d2def7,ord_dataset-7acd6ad2bf4d4cff841cad008ab726d5,326,d9c3dccf6b18cfe1d13d0c9331fd84c353ffa2160e5271c499e4538e002ca634
661,ord_dataset-7acd6ad2bf4d4cff841cad008ab726d5:ord-b0d8e830621b4206b808b8ef8d3dcff7,ord_dataset-7acd6ad2bf4d4cff841cad008ab726d5,705,0192021c01db867e00dde1253aafb9931f6be41f35bc4469b307f2a162894cc1
662,ord_dataset-7acd6ad2bf4d4cff841cad008ab726d5:ord-b1033c062a1d40a1a2b1fd42dc41ee5a,ord_dataset-7acd6ad2bf4d4cff841cad008ab726d5,375,d67732e2e237a90009965322194a4b5f7aa7d12637a24e9d55c4a88e14ac29b2
663,ord_dataset-7acd6ad2bf4d4cff841cad008ab726d5:ord-b1b7f9570ee5479e80609701a95b9f71,ord_dataset-7acd6ad2bf4d4cff841cad008ab726d5,807,1f406a693d49efbde87a5b3c56bc2c4e08b682da2324c9d4c0ae5dcb19b2932f
664,ord_dataset-7acd6ad2bf4d4cff841cad008ab726d5:ord-b1e028e6d20245369cbbc71e35aaf200,ord_dataset-7acd6ad2bf4d4cff841cad008ab726d5,930,2b407761c23cd229052e3518f0f8b9d1567f9e8249c115fead4ee679249cd47a
665,ord_dataset-7acd6ad2bf4d4cff841cad008ab726d5:ord-b238da5c88a44403a2840037e39a6947,ord_dataset-7acd6ad2bf4d4cff841cad008ab726d5,462,b1a05a5eae3256860f86ac67a116dc2d7977e74c5cf670f45ed091e1301358fa
666,ord_dataset-7acd6ad2bf4d4cff841cad008ab726d5:ord-b277ac1b1fc24afcbdaba2775ab0d77a,ord_dataset-7acd6ad2bf4d4cff841cad008ab726d5,106,5172504d93418cb5cf751013ff0853a19ad6a205ca277e8b70c461b202dca0df
667,ord_dataset-7acd6ad2bf4d4cff841cad008ab726d5:ord-b29257abeb16493d8663deeaaafd8556,ord_dataset-7acd6ad2bf4d4cff841cad008ab726d5,568,14e75cf6f78f0aa88b98960ae10ff6006d051d504697cfea90f4866bb6fd0b03
668,ord_dataset-7acd6ad2bf4d4cff841cad008ab726d5:ord-b3ba9865e1d94a118dbdb968bec176cb,ord_dataset-7acd6ad2bf4d4cff841cad008ab726d5,942,437a8738f083c199c4bd84d507306e7d9b8722f1034cdc7b912d327fc2114e89
669,ord_dataset-7acd6ad2bf4d4cff841cad008ab726d5:ord-b3ccae9a7c9c4a709401f5849f87e303,ord_dataset-7acd6ad2bf4d4cff841cad008ab726d5,242,a3ebe235a0e04bd223d498a4dae1dfd5d1a949a384ccddecf0fc58d936c9c167
670,ord_dataset-7acd6ad2bf4d4cff841cad008ab726d5:ord-b40bb40db12949859f4978a11449be12,ord_dataset-7acd6ad2bf4d4cff841cad008ab726d5,602,773d36f4a2021d3469e009cab86f63bdab8f0bc814069479363d7be5246965fe
671,ord_dataset-7acd6ad2bf4d4cff841cad008ab726d5:ord-b40dc4de614e4abc9223183f9c8b580e,ord_dataset-7acd6ad2bf4d4cff841cad008ab726d5,329,0e9fac19164c9cd3483cab5491dcd6f166e985b434dc3d553297ae442dff30bd
672,ord_dataset-7acd6ad2bf4d4cff841cad008ab726d5:ord-b415ab8d81694ad9930ded6ea36b53fc,ord_dataset-7acd6ad2bf4d4cff841cad008ab726d5,741,18d2c0a3518b4ef6cf4c3ef7518f665f2b9cb596c0d2309cc007414587578418
673,ord_dataset-7acd6ad2bf4d4cff841cad008ab726d5:ord-b42c12ea4a094841a83590a200e846fd,ord_dataset-7acd6ad2bf4d4cff841cad008ab726d5,350,589693394c3b30b56e3934dae3c091b450d73717219e28ed0187b19b7f82255e
674,ord_dataset-7acd6ad2bf4d4cff841cad008ab726d5:ord-b45ccfc211464aa98d9516ab52761cf0,ord_dataset-7acd6ad2bf4d4cff841cad008ab726d5,506,d3964c3c8e83d5631205f4a48d13268f5f9f158b3de9ddda646712e5489c067e
675,ord_dataset-7acd6ad2bf4d4cff841cad008ab726d5:ord-b4877ff26d9642f9ac3ada11931f6d9b,ord_dataset-7acd6ad2bf4d4cff841cad008ab726d5,347,bf435e1c9d1aa093f28a76ae94099b1e180b95f22dae18c2aaacf59fbed02639
676,ord_dataset-7acd6ad2bf4d4cff841cad008ab726d5:ord-b4995513211640e0a57f56ead008090a,ord_dataset-7acd6ad2bf4d4cff841cad008ab726d5,495,6317dca9f50b8833fe2f91b2623894f98e998611af7ec34c655c86b84754e747
677,ord_dataset-7acd6ad2bf4d4cff841cad008ab726d5:ord-b4f3941274004a86bb81ce1d17ec7a62,ord_dataset-7acd6ad2bf4d4cff841cad008ab726d5,736,08308c38bc07a3aac0eeb6d1bbfb151c1195b949b1ceccefe8d099426bd52c3f
678,ord_dataset-7acd6ad2bf4d4cff841cad008ab726d5:ord-b4f623296e0144e8bdd10a7126badc5e,ord_dataset-7acd6ad2bf4d4cff841cad008ab726d5,519,1fee850cff4f1949995ce9d13fdb6f319321761f6e1cde184142730eb74e5462
679,ord_dataset-7acd6ad2bf4d4cff841cad008ab726d5:ord-b57de81e788a429d872b3a40f341147e,ord_dataset-7acd6ad2bf4d4cff841cad008ab726d5,336,9ed7102e44a5005a3801a54c93f375658afd2d7720e7846dfe6490d3da7496d8
680,ord_dataset-7acd6ad2bf4d4cff841cad008ab726d5:ord-b5c598a39c32463995bb18d272de4ec2,ord_dataset-7acd6ad2bf4d4cff841cad008ab726d5,115,6cebc3d84f77857094804f7d5be777107364d2d7aa61a6444a0b9a9f64bb991e
681,ord_dataset-7acd6ad2bf4d4cff841cad008ab726d5:ord-b5e9bf1cc9e74998b03080f9b5f14502,ord_dataset-7acd6ad2bf4d4cff841cad008ab726d5,655,55296a3aef52d45d2294a76e42b3d2764f5cb862fca3921384026c8e0e732b98
682,ord_dataset-7acd6ad2bf4d4cff841cad008ab726d5:ord-b67de4999ebb4ef4ad612cb38d678dfb,ord_dataset-7acd6ad2bf4d4cff841cad008ab726d5,887,2ed3f79da1ccd7772a3372ba7c000c177cdf61f5e6494ee41ac35f8ac8134bf2
683,ord_dataset-7acd6ad2bf4d4cff841cad008ab726d5:ord-b6837d4e337a49fd9e11d50d88e365f4,ord_dataset-7acd6ad2bf4d4cff841cad008ab726d5,105,0eca3a027d13f0b781e72b06f08b98f7adb27256a043924fafe6c2c8f27d8110
684,ord_dataset-7acd6ad2bf4d4cff841cad008ab726d5:ord-b740d994c17646a0a6c94c8bfcdaf755,ord_dataset-7acd6ad2bf4d4cff841cad008ab726d5,366,50cf1e3a60f412ee6f4a37708237843cf09fad6da5b9c91977a0cc93b428562a
685,ord_dataset-7acd6ad2bf4d4cff841cad008ab726d5:ord-b77617b9833b4e1d94a4172193870dd4,ord_dataset-7acd6ad2bf4d4cff841cad008ab726d5,263,b0c1a383bb792028fb3e3d4905c1de4c027c87ecaa079e42c66beb733289fef6
686,ord_dataset-7acd6ad2bf4d4cff841cad008ab726d5:ord-b889abe824fd4a8cb9fdd7179bd517e9,ord_dataset-7acd6ad2bf4d4cff841cad008ab726d5,14,8366e8036ad3a974bf9443e33067eec131c9fe4b1c0ecc67100fdc1fc8b6d6fe
687,ord_dataset-7acd6ad2bf4d4cff841cad008ab726d5:ord-b8aa3b0e0bd14ec3a64132f37534462e,ord_dataset-7acd6ad2bf4d4cff841cad008ab726d5,570,2c9b3dd5b7d5f6988415b609620dc43047ec4addc964ca7dd696b361a28e7a1d
688,ord_dataset-7acd6ad2bf4d4cff841cad008ab726d5:ord-b91d71c7b4a945f784185802d8474239,ord_dataset-7acd6ad2bf4d4cff841cad008ab726d5,249,d4e2fa63ab6b378043e5da3968b27bda3bf70dafabab75bf1e259110b787ce7c
689,ord_dataset-7acd6ad2bf4d4cff841cad008ab726d5:ord-b9247e1433d245bcb26963ab9567440c,ord_dataset-7acd6ad2bf4d4cff841cad008ab726d5,200,22b035e293765641ef0701eb758945242d5c1845c737ea6d0afa0a8e4e741c09
690,ord_dataset-7acd6ad2bf4d4cff841cad008ab726d5:ord-b99880de623b498d8580de06db7e744a,ord_dataset-7acd6ad2bf4d4cff841cad008ab726d5,692,973f135a6a7df90d2d9983d169bf846eff1aa082d9255aaff448900fe21bb58c
691,ord_dataset-7acd6ad2bf4d4cff841cad008ab726d5:ord-ba78d0a2262c469c96e068b9a6f056f7,ord_dataset-7acd6ad2bf4d4cff841cad008ab726d5,234,4256fe5d7d31faa79732af9ea86d3b9575ffe4a9b856e76c7d5e5e7f4df94073
692,ord_dataset-7acd6ad2bf4d4cff841cad008ab726d5:ord-ba95e08513604f2db55cf89b9829fa68,ord_dataset-7acd6ad2bf4d4cff841cad008ab726d5,34,1a9d11849fca033d01f6f03a5890f35a6a40cf496612d452258b86759b6c5f13
693,ord_dataset-7acd6ad2bf4d4cff841cad008ab726d5:ord-bb4996f0fc9b40d8b3bcd05356395363,ord_dataset-7acd6ad2bf4d4cff841cad008ab726d5,610,a8c9bee75e4065ac6502a9774ab5eb3e51d2cd0415808a7f03e97cbe4d42f78d
694,ord_dataset-7acd6ad2bf4d4cff841cad008ab726d5:ord-bb82e8d7ec0e4ce0839f9c8a7e1787af,ord_dataset-7acd6ad2bf4d4cff841cad008ab726d5,436,19fdc7c4f8c490505e8df4e297a4e257a3642b511d4e4cd5e50800126de48fe3
695,ord_dataset-7acd6ad2bf4d4cff841cad008ab726d5:ord-bc1998f820394dc2876e2dcb699de4ec,ord_dataset-7acd6ad2bf4d4cff841cad008ab726d5,761,47349f0376b416917a3f7a27b3bb3538497c191946cd3d2343bde70e5ee399c8
696,ord_dataset-7acd6ad2bf4d4cff841cad008ab726d5:ord-bc4e11b097c34bc8915cd88e42bc464a,ord_dataset-7acd6ad2bf4d4cff841cad008ab726d5,480,405d29fc5e3d6b0a2954bee058ade9076236bd48406aa74f3d8dfaeca029b1fd
697,ord_dataset-7acd6ad2bf4d4cff841cad008ab726d5:ord-bc737c48db834990859e2028a4a71c24,ord_dataset-7acd6ad2bf4d4cff841cad008ab726d5,924,271b519b7c5615923be5dc8580e173f1126d870542ae0019847ce3c9497a62a3
698,ord_dataset-7acd6ad2bf4d4cff841cad008ab726d5:ord-bce376f8ee8a43a38b04f29fed6f2e79,ord_dataset-7acd6ad2bf4d4cff841cad008ab726d5,229,65db80d9df6b4c6a3654e6fcfdb4893cb9bd11e500f76a4ad1056c7abe5b4434
699,ord_dataset-7acd6ad2bf4d4cff841cad008ab726d5:ord-bd547582b5cf4cd7a8edf1f58ed7be3b,ord_dataset-7acd6ad2bf4d4cff841cad008ab726d5,413,9cbe76c8f752375bd650f97de9d2763f9d4ebf0090f2decd4e0e9697a0893152
700,ord_dataset-7acd6ad2bf4d4cff841cad008ab726d5:ord-bd626ab9e3484d0c87e6cf7ba4b7547e,ord_dataset-7acd6ad2bf4d4cff841cad008ab726d5,684,21c023a9244b7ca292a5d6aa8ee8fee19eb745c8ca18ef7984d10da7f92f2ec1
701,ord_dataset-7acd6ad2bf4d4cff841cad008ab726d5:ord-bd9e9c8e81354355928fd71937b0ddd3,ord_dataset-7acd6ad2bf4d4cff841cad008ab726d5,66,8f1d5958252e1934d05eb61f4431997f3f8ae699cefefa2bddf678bcf5b5f9de
702,ord_dataset-7acd6ad2bf4d4cff841cad008ab726d5:ord-bdd9065764194ce8abc97dd3e5dc33f3,ord_dataset-7acd6ad2bf4d4cff841cad008ab726d5,573,3ddd2cd001820389ad032b0cb246c7c391ee070ca5c60df7f6546dbc6d8de62a
703,ord_dataset-7acd6ad2bf4d4cff841cad008ab726d5:ord-bde56dec05904abab634be84abf0909c,ord_dataset-7acd6ad2bf4d4cff841cad008ab726d5,530,9e8b4a9e544ecad2c42f268408fe904ba189b6c663f46575a61e585b6ad67686
704,ord_dataset-7acd6ad2bf4d4cff841cad008ab726d5:ord-be2341c729d24b9ca8b7b85ca9be3667,ord_dataset-7acd6ad2bf4d4cff841cad008ab726d5,64,3bd510a20356b13182acf844fd3c38e1ad766a45f71e241b6db6268c1a9b2ddf
705,ord_dataset-7acd6ad2bf4d4cff841cad008ab726d5:ord-be58e9416dcb497f817f81402cdbcbaf,ord_dataset-7acd6ad2bf4d4cff841cad008ab726d5,810,9327901a317517e76221a3a3e3f93ac36a54bc14eb1b6e41c6ba8833a51264a1
706,ord_dataset-7acd6ad2bf4d4cff841cad008ab726d5:ord-be713b08ea6145e99d633cd334c72e75,ord_dataset-7acd6ad2bf4d4cff841cad008ab726d5,675,3341dbac146772a9cbbb08302a99e748b1d1f837b65f19c69924818608bffd5e
707,ord_dataset-7acd6ad2bf4d4cff841cad008ab726d5:ord-be8ce7f857044677a7bb9c379dfe1074,ord_dataset-7acd6ad2bf4d4cff841cad008ab726d5,525,df1ac19b7541722596fd80cf5e8e460ecdbebe7567cdba1c053c1aecc842b92d
708,ord_dataset-7acd6ad2bf4d4cff841cad008ab726d5:ord-beb803419d344ac097985993a588c382,ord_dataset-7acd6ad2bf4d4cff841cad008ab726d5,911,0d88dd92e2b6642e1e0bf7fc241ac96400d88cf77a781779d0f530963fac4e17
709,ord_dataset-7acd6ad2bf4d4cff841cad008ab726d5:ord-bf15cfb357264712811bb1599abeec84,ord_dataset-7acd6ad2bf4d4cff841cad008ab726d5,390,0f70d066ac21bf4e2874cd5bd71e575719d19134184efff0abb005eacc22cca9
710,ord_dataset-7acd6ad2bf4d4cff841cad008ab726d5:ord-bf2c6dc2be9d4c47a7adc4767a238086,ord_dataset-7acd6ad2bf4d4cff841cad008ab726d5,582,3682e0ff6c28743f0677789409a9f2737f687d73dd3cc630089540f335890e97
711,ord_dataset-7acd6ad2bf4d4cff841cad008ab726d5:ord-bf53cff1fabe49dfb37594f18af3bcc7,ord_dataset-7acd6ad2bf4d4cff841cad008ab726d5,52,95fc55d7449634ab41a497c5e98d8b6765a4f6ed86bf38abc7e686ca6e61e2fb
712,ord_dataset-7acd6ad2bf4d4cff841cad008ab726d5:ord-bf59229d45b04006b025c90028ecb11e,ord_dataset-7acd6ad2bf4d4cff841cad008ab726d5,793,bbf965963eda0fff9797ff6e2d902d1994526fb536fd386bdbad707c52b74c82
713,ord_dataset-7acd6ad2bf4d4cff841cad008ab726d5:ord-c00a0159faf545e890fa753debd88dcd,ord_dataset-7acd6ad2bf4d4cff841cad008ab726d5,355,0d661a4db569444b852a769661500902cdc2a12bd58e650966a390b75eb81ba9
714,ord_dataset-7acd6ad2bf4d4cff841cad008ab726d5:ord-c04ccfc3537f4a2a99604f63b2bc0da4,ord_dataset-7acd6ad2bf4d4cff841cad008ab726d5,835,b09c90021e7dacff1821e5ce321f505ef54c92564956b26936519b7134c1e361
715,ord_dataset-7acd6ad2bf4d4cff841cad008ab726d5:ord-c0686a2f270a4f52af20748bd9258b01,ord_dataset-7acd6ad2bf4d4cff841cad008ab726d5,488,5b17e8ab7d8b195eb34ef7074937c9baeee7bf38fea851c53b5a7f20c10169c6
716,ord_dataset-7acd6ad2bf4d4cff841cad008ab726d5:ord-c13b9f6dd650468aa32b854a59cdc8ae,ord_dataset-7acd6ad2bf4d4cff841cad008ab726d5,6,4df75e61be3d119af4d8c96166ed79827a5ed3d5237b2bd891ea2b8dbc4d646d
717,ord_dataset-7acd6ad2bf4d4cff841cad008ab726d5:ord-c1f3115175a14c5babef689e018601f3,ord_dataset-7acd6ad2bf4d4cff841cad008ab726d5,722,31397731e3a398c2bdc6d46d914f96289fd01953b632aedc543ac6804840cbfc
718,ord_dataset-7acd6ad2bf4d4cff841cad008ab726d5:ord-c2599d4d8c9a435bb5c98b9ddb21c8d4,ord_dataset-7acd6ad2bf4d4cff841cad008ab726d5,285,6285285cee2177dedfc207a88d6ec54a4eca9fb53d8aa65cf54b46a8b2a50234
719,ord_dataset-7acd6ad2bf4d4cff841cad008ab726d5:ord-c3260caa3d2a4a0dbb621820879aaf11,ord_dataset-7acd6ad2bf4d4cff841cad008ab726d5,479,643a1db5fa7d23a79ef76702575d6f659b1461d66c16221c29c7937617b68be5
720,ord_dataset-7acd6ad2bf4d4cff841cad008ab726d5:ord-c3359aabcd5e4f8c8f7630c68175ad4f,ord_dataset-7acd6ad2bf4d4cff841cad008ab726d5,955,f03420518b22f053d2dfe13d68f9774811e161cb8026d3f65b942af5310b3e22
721,ord_dataset-7acd6ad2bf4d4cff841cad008ab726d5:ord-c3baa10a27fa45c28a2279c962d2d315,ord_dataset-7acd6ad2bf4d4cff841cad008ab726d5,946,1509fe349f66ca61eee9e412a82d5d3966920f2480ab646e934e91be7bedaa9b
722,ord_dataset-7acd6ad2bf4d4cff841cad008ab726d5:ord-c405ea5ba8cb4cf5861c9f27adce13d3,ord_dataset-7acd6ad2bf4d4cff841cad008ab726d5,859,d25230c1a8317fff5a3ab30e8ce5a0627c921be7314fdd6ecf9b323d10bffdd8
723,ord_dataset-7acd6ad2bf4d4cff841cad008ab726d5:ord-c46fe97e8f5448e48c3ec1748b058a26,ord_dataset-7acd6ad2bf4d4cff841cad008ab726d5,636,4c46cf858019bbc1270dae1f3a351e65427eb88af084bfea0c8b049cc81decbc
724,ord_dataset-7acd6ad2bf4d4cff841cad008ab726d5:ord-c49645b3ee984b36b43487dadc42667f,ord_dataset-7acd6ad2bf4d4cff841cad008ab726d5,324,3b7f3c4f4d7ae5225ca461df1888e7bfadeed8497965309a1faeb59840adb577
725,ord_dataset-7acd6ad2bf4d4cff841cad008ab726d5:ord-c4bc35e873ba402688146d6e997c9462,ord_dataset-7acd6ad2bf4d4cff841cad008ab726d5,109,9225ac667549b832aafdb545e508437e5be2ee9385121851de36d64ee40acb5d
726,ord_dataset-7acd6ad2bf4d4cff841cad008ab726d5:ord-c4f125c7b6574d42879ec45fa814b6b6,ord_dataset-7acd6ad2bf4d4cff841cad008ab726d5,46,e376622fe20f748f12566aa3343b509c52b01053e8f3e046c4f589bb46f11893
727,ord_dataset-7acd6ad2bf4d4cff841cad008ab726d5:ord-c50489cf9eb44032b65d8781dba8e456,ord_dataset-7acd6ad2bf4d4cff841cad008ab726d5,261,c30ba440d84eac2c314fd2d0b6577a2866c1c01000b9b59b0a5b4ed6c4028231
728,ord_dataset-7acd6ad2bf4d4cff841cad008ab726d5:ord-c5358a1053e442f48f3fd00e6f4899ec,ord_dataset-7acd6ad2bf4d4cff841cad008ab726d5,171,7dc8b450bbbd3580e0d1c2145a46dff6657489cf96f2144db1e274bee756a2f3
729,ord_dataset-7acd6ad2bf4d4cff841cad008ab726d5:ord-c56d33b82594476e9aaac94350ddd637,ord_dataset-7acd6ad2bf4d4cff841cad008ab726d5,445,9cc45946e2777c62637c682a7ec9b5e5ae1e95fc8860dc3042678f40044ec16f
730,ord_dataset-7acd6ad2bf4d4cff841cad008ab726d5:ord-c583185b32bb48fa894a8f61fdf25729,ord_dataset-7acd6ad2bf4d4cff841cad008ab726d5,271,622d9065582c63530e376b7968e9423f1f250f298d4fae0a31b0a46bd8fcf6b0
731,ord_dataset-7acd6ad2bf4d4cff841cad008ab726d5:ord-c5a8c9b8acaf454ba483981ad2501fd7,ord_dataset-7acd6ad2bf4d4cff841cad008ab726d5,449,c301aba661f6a74ecc08c9e1d3daf031a65166a4f310cfe84b483f1a88ac86a2
732,ord_dataset-7acd6ad2bf4d4cff841cad008ab726d5:ord-c5fc81cb636946c98d4c39e0396e0b95,ord_dataset-7acd6ad2bf4d4cff841cad008ab726d5,662,97c9abdb3fc880815605035c133150f9c1b8500d57815d0671f1f4eed6e08d16
733,ord_dataset-7acd6ad2bf4d4cff841cad008ab726d5:ord-c68f8c9c669f45f7a897fb57dc017a36,ord_dataset-7acd6ad2bf4d4cff841cad008ab726d5,883,bd386efa7af55d9c176b4c5dfd785c435a5820a0f013e2da3b748596e36a8bc6
734,ord_dataset-7acd6ad2bf4d4cff841cad008ab726d5:ord-c6dc2a1f23624e10b9d79db426cc2987,ord_dataset-7acd6ad2bf4d4cff841cad008ab726d5,758,1d0fd5255105e51ad988c89a21f21a6a14dfbe69d8cb593f7d62e584c20e32b1
735,ord_dataset-7acd6ad2bf4d4cff841cad008ab726d5:ord-c70ecc4e45274e3eb5cd08d303c7ac83,ord_dataset-7acd6ad2bf4d4cff841cad008ab726d5,114,0c1e8612bda048862db47ff6a744fd3ce77c65c5e477784606190e47c1969652
736,ord_dataset-7acd6ad2bf4d4cff841cad008ab726d5:ord-c7288f3478554349bbadcb438bd73d2b,ord_dataset-7acd6ad2bf4d4cff841cad008ab726d5,166,7d6ad66f326e5887793d1872772eb9b94e1294560f1c4ef35ba410dc3ca46508
737,ord_dataset-7acd6ad2bf4d4cff841cad008ab726d5:ord-c77bdb11bd72420a87eabff68978e97d,ord_dataset-7acd6ad2bf4d4cff841cad008ab726d5,686,6bed15411bf0868a642d5112911941e52c658a2ab37ab7b024c49b0257197920
738,ord_dataset-7acd6ad2bf4d4cff841cad008ab726d5:ord-c79b93d7fa754dd2a98721d0228e70a0,ord_dataset-7acd6ad2bf4d4cff841cad008ab726d5,388,2493702616f2b42622d825589e17d4d0f05203185fb46ca9b47324f62aa7ed96
739,ord_dataset-7acd6ad2bf4d4cff841cad008ab726d5:ord-c7a3ba9b60344c268e8898b855c3d841,ord_dataset-7acd6ad2bf4d4cff841cad008ab726d5,169,9815d11828822b40ea9f3126a06d841eaee7f6b38f76287909c1fd79a11e8132
740,ord_dataset-7acd6ad2bf4d4cff841cad008ab726d5:ord-c7f4a28cf06b405a8f8a047c34448423,ord_dataset-7acd6ad2bf4d4cff841cad008ab726d5,730,442e554cfaa65be321b2b310e5eca69d44fb02eb387c37b8f5f957daee5fe098
741,ord_dataset-7acd6ad2bf4d4cff841cad008ab726d5:ord-c805d0337f2b42fca734c3702444d037,ord_dataset-7acd6ad2bf4d4cff841cad008ab726d5,503,747a5bb8647e8448797c1050b7293c6fdf07178be87e20a5f1b834cfa557e061
742,ord_dataset-7acd6ad2bf4d4cff841cad008ab726d5:ord-c815dd92e6544f60bc9fac890d57f146,ord_dataset-7acd6ad2bf4d4cff841cad008ab726d5,330,64a91e7f7d976b413736e9031dc1658faa1645dd25864fb69972eba81fd1786e
743,ord_dataset-7acd6ad2bf4d4cff841cad008ab726d5:ord-c8334b28e16548478ad0627cd5cfa7b4,ord_dataset-7acd6ad2bf4d4cff841cad008ab726d5,523,d309006539acd8ef020122e79fe709eef415393030b71e3c5cd2e7d517733ae0
744,ord_dataset-7acd6ad2bf4d4cff841cad008ab726d5:ord-ca0e8bf2d8a94e00bfe59dda3550f154,ord_dataset-7acd6ad2bf4d4cff841cad008ab726d5,377,74a04618b690b3fe6bec1340204c0ca9a447cdae7fbaddb09b4b4f1e986c9578
745,ord_dataset-7acd6ad2bf4d4cff841cad008ab726d5:ord-ca6ac92d408940918362d4aa02850e3e,ord_dataset-7acd6ad2bf4d4cff841cad008ab726d5,426,3b7a74e0a29ca44d1cf93daa5e30a960af9eedd28ad375138e4730eb40f93ea6
746,ord_dataset-7acd6ad2bf4d4cff841cad008ab726d5:ord-ca8d01f816f24ceb846e019fe27c4657,ord_dataset-7acd6ad2bf4d4cff841cad008ab726d5,621,945ef379689ccff970e0407c41be18c1f7c55eaacc8862baa2515546e671002c
747,ord_dataset-7acd6ad2bf4d4cff841cad008ab726d5:ord-ca8e5daa66aa4c63aa362724c246628b,ord_dataset-7acd6ad2bf4d4cff841cad008ab726d5,749,9b325d1f5e54ceef0677bef5b345a1951b971a29dae2e99ecd04ce202f876dd7
748,ord_dataset-7acd6ad2bf4d4cff841cad008ab726d5:ord-cac2062f45d04861aaa1cad1db0cf4f6,ord_dataset-7acd6ad2bf4d4cff841cad008ab726d5,199,75906d19a71de2ef69244061f0989f27f594bcf6f88f0fd32515d600b5e3ce7e
749,ord_dataset-7acd6ad2bf4d4cff841cad008ab726d5:ord-cae4958c432f4ba3bfbdb50f01e6dc97,ord_dataset-7acd6ad2bf4d4cff841cad008ab726d5,356,90374de068acdffb53661513a4a2c21dbd623c581ff64a198b8002ef02ab72ea
750,ord_dataset-7acd6ad2bf4d4cff841cad008ab726d5:ord-caff81b306cf43419f629162c952584d,ord_dataset-7acd6ad2bf4d4cff841cad008ab726d5,788,93e3640074b61233e0ba80abaaadfb823f267401f84fb6d6e7462e1899653e4d
751,ord_dataset-7acd6ad2bf4d4cff841cad008ab726d5:ord-cb9477bae5064b6190d72cb0a343cbf1,ord_dataset-7acd6ad2bf4d4cff841cad008ab726d5,561,14282830c50eef8beace1368bec9e5d26f3415df57c6dab6122e4c611090c6d5
752,ord_dataset-7acd6ad2bf4d4cff841cad008ab726d5:ord-cb9654fdb2924698bfb0667a680d51a7,ord_dataset-7acd6ad2bf4d4cff841cad008ab726d5,126,5bc4a29c1c4b82d872ce89312046c5effd866775902d8c52c39779137e3dffd3
753,ord_dataset-7acd6ad2bf4d4cff841cad008ab726d5:ord-cbd42c55f1d34dc29c149029f75462b9,ord_dataset-7acd6ad2bf4d4cff841cad008ab726d5,866,d10245a09c20ca2359d9d99a657a03f6e6a560435b1d94f2c715dbf2e5b55711
754,ord_dataset-7acd6ad2bf4d4cff841cad008ab726d5:ord-cc1ebc17aee04ae5980cd7c14f5bc1b0,ord_dataset-7acd6ad2bf4d4cff841cad008ab726d5,233,78d12da946f4f6bad5aaa6ee646cd2581b44247cb9f12353c7548b3de6e8fd75
755,ord_dataset-7acd6ad2bf4d4cff841cad008ab726d5:ord-cc4f6589a0cb4fa793c9e4c301468ff9,ord_dataset-7acd6ad2bf4d4cff841cad008ab726d5,281,3d6f34f8eeacd7143c276e08e3c003ae874579ef19fa31508ba694f4e7f93794
756,ord_dataset-7acd6ad2bf4d4cff841cad008ab726d5:ord-cc7b69666bd246d588a2212ce912c57f,ord_dataset-7acd6ad2bf4d4cff841cad008ab726d5,112,64f27cc55b15909c69c7d4cb0b3f8b4bd996e18eae394e49375e3cbddec4ee58
757,ord_dataset-7acd6ad2bf4d4cff841cad008ab726d5:ord-cd391c46fbd34ccd9d43bdc29b748bae,ord_dataset-7acd6ad2bf4d4cff841cad008ab726d5,327,1696a335dbb2701902bf88df4adceff6b8256ed204acc5294e1b4605ddb7f6fe
758,ord_dataset-7acd6ad2bf4d4cff841cad008ab726d5:ord-cd41303fa1b543af90b558a50fd35be8,ord_dataset-7acd6ad2bf4d4cff841cad008ab726d5,415,7f9f3169f22221df0d389ee67bb338b09504919bf1d5a4316254db8b8d998364
759,ord_dataset-7acd6ad2bf4d4cff841cad008ab726d5:ord-cd8a4ecb0a9c4831b16f60be8e405664,ord_dataset-7acd6ad2bf4d4cff841cad008ab726d5,364,45511956c14dda20215c95d9189f103636cfa865efdd1f18eaedd8b0571bead8
760,ord_dataset-7acd6ad2bf4d4cff841cad008ab726d5:ord-cd8a863cae6a4a32b2ddab6b443e15b9,ord_dataset-7acd6ad2bf4d4cff841cad008ab726d5,187,f62fd92f2be223def9453cf11c4a67666359b7ca9c86ee2af587236957dc1d1c
761,ord_dataset-7acd6ad2bf4d4cff841cad008ab726d5:ord-cd8fbfae9c9348ffb47642b19cfb49b6,ord_dataset-7acd6ad2bf4d4cff841cad008ab726d5,694,5358e21ac44cf81c3676462f2d2cf3cac18033aece79120e0990aeda64d07cc5
762,ord_dataset-7acd6ad2bf4d4cff841cad008ab726d5:ord-cdaf29315dfe43f69f3dcb38c21c1fd2,ord_dataset-7acd6ad2bf4d4cff841cad008ab726d5,623,6ab70e1f496ac0e75f1f617383c4cbaaba4f577b1968d83b01641360c9f96f8a
763,ord_dataset-7acd6ad2bf4d4cff841cad008ab726d5:ord-ce1213595b274cb089a15b0338f42497,ord_dataset-7acd6ad2bf4d4cff841cad008ab726d5,674,7222f6cd1b1ece4eca02aa4371041225858de0f5da3c7f195fdb1700ab234197
764,ord_dataset-7acd6ad2bf4d4cff841cad008ab726d5:ord-ce55fee5150345c4b03b776336e35f0b,ord_dataset-7acd6ad2bf4d4cff841cad008ab726d5,3,acdf4182b21761348c16885c7c08f1bfb4142316dcd1a7522ad17cbf38c39170
765,ord_dataset-7acd6ad2bf4d4cff841cad008ab726d5:ord-ce5a9dae7bc84a0eb2ced4bcd473ce33,ord_dataset-7acd6ad2bf4d4cff841cad008ab726d5,411,84b0d7cd29c54ecba5f7078eb856ca3786c002365aabb9146d9e013485d892cb
766,ord_dataset-7acd6ad2bf4d4cff841cad008ab726d5:ord-ce8ae7bce74d4aee8f692908306e96f1,ord_dataset-7acd6ad2bf4d4cff841cad008ab726d5,756,8e38f06f45ae0eb4ecfe39de7660ab65518d7a535b0814a2fa7584779418a1b3
767,ord_dataset-7acd6ad2bf4d4cff841cad008ab726d5:ord-ce99dddfaa9f493fa44c82a9adf36c28,ord_dataset-7acd6ad2bf4d4cff841cad008ab726d5,164,e361f7fc161636d761ef0f8831ea1fc0942a95072c55c83bdc621d4111f9c628
768,ord_dataset-7acd6ad2bf4d4cff841cad008ab726d5:ord-ceb25dd67fc6472c9c3cff409578f1c7,ord_dataset-7acd6ad2bf4d4cff841cad008ab726d5,598,1b8490c8b4aebc71361182e0f316015002262f59f115f6b832550dd24f90a183
769,ord_dataset-7acd6ad2bf4d4cff841cad008ab726d5:ord-d01aade7652c4873805775c88315e745,ord_dataset-7acd6ad2bf4d4cff841cad008ab726d5,210,a0959b7ebfa58e6ec8ae1f3f5209833662951b14ff191223612ff593ebf4f7f3
770,ord_dataset-7acd6ad2bf4d4cff841cad008ab726d5:ord-d047e36e1c26484fbc254839acbb82a5,ord_dataset-7acd6ad2bf4d4cff841cad008ab726d5,76,0ea9424aa0dfdbe101679d347c4c26a8c6c73870ba8f06e1638acf76c7380329
771,ord_dataset-7acd6ad2bf4d4cff841cad008ab726d5:ord-d0967b78fc9e47c6846b75cd2e2420d2,ord_dataset-7acd6ad2bf4d4cff841cad008ab726d5,460,fd6ce872beed9450f82f008156b5988fbc311770a948dd2070249d20a06c1385
772,ord_dataset-7acd6ad2bf4d4cff841cad008ab726d5:ord-d13ea9471e25458897ef6b7233ab6382,ord_dataset-7acd6ad2bf4d4cff841cad008ab726d5,337,2de089b22530e5627437a92d8553a2d515c2cccb6bd50068e34f77a6d7e833b0
773,ord_dataset-7acd6ad2bf4d4cff841cad008ab726d5:ord-d1aa9d1942394ef284cf0d886de7d895,ord_dataset-7acd6ad2bf4d4cff841cad008ab726d5,65,8605ac26c297e523b4dcefe347b51cc888aab946dc257817c4dfe60936f3f9ea
774,ord_dataset-7acd6ad2bf4d4cff841cad008ab726d5:ord-d1dbea1c10de4396bd222bdeedf9ba98,ord_dataset-7acd6ad2bf4d4cff841cad008ab726d5,185,a8ebba31c85e16d00af21d2668be6a40998a10330fb21f7cefb84fd25a4fdefb
775,ord_dataset-7acd6ad2bf4d4cff841cad008ab726d5:ord-d2463f148f3a40a5aad7d164003703ea,ord_dataset-7acd6ad2bf4d4cff841cad008ab726d5,70,f206d208c5a6d021b63b0a4e80a630f6bfc99b4862b7587843cdee86ead68876
776,ord_dataset-7acd6ad2bf4d4cff841cad008ab726d5:ord-d2b0bae45dc14d6d81c8096daef97bf0,ord_dataset-7acd6ad2bf4d4cff841cad008ab726d5,450,095378dbcd58955b5d11ec02be670223b367a8c1502bab6a6966b0f7094dfaf0
777,ord_dataset-7acd6ad2bf4d4cff841cad008ab726d5:ord-d333f76d76cb4d9da00c43a7d7c28662,ord_dataset-7acd6ad2bf4d4cff841cad008ab726d5,670,9dc3670b6cdc1be0f33703032fcf321c713ad6e2928560b2c32c9d5b9716ec8f
778,ord_dataset-7acd6ad2bf4d4cff841cad008ab726d5:ord-d36266aeb845489288eeb4ee9721c2a2,ord_dataset-7acd6ad2bf4d4cff841cad008ab726d5,493,9b8104f0cfed7d024b9156cb83423f555ec2396d17e847359f5e76b361ffd8fa
779,ord_dataset-7acd6ad2bf4d4cff841cad008ab726d5:ord-d382e6f5a0b84eb2add1a9a552b598e6,ord_dataset-7acd6ad2bf4d4cff841cad008ab726d5,351,4156e1bf2054390a14f471b9f503acca8327ba8359f9d4239e6debc74143748f
780,ord_dataset-7acd6ad2bf4d4cff841cad008ab726d5:ord-d3a8bef7253640edac66cc97b4b97712,ord_dataset-7acd6ad2bf4d4cff841cad008ab726d5,915,8b7e13526c71b1dc6fb3728b3cc516aa1cfcdd6556ddc28d473f87af1e136bd0
781,ord_dataset-7acd6ad2bf4d4cff841cad008ab726d5:ord-d483df72e2c4491bb61e4c88f6d0141d,ord_dataset-7acd6ad2bf4d4cff841cad008ab726d5,622,9abaccdb22ae640c7bcde5f56d1f460f559f4c2b059686f70c90b2f38f389c4e
782,ord_dataset-7acd6ad2bf4d4cff841cad008ab726d5:ord-d4c8b46d24aa4502960052df2f1d09d0,ord_dataset-7acd6ad2bf4d4cff841cad008ab726d5,889,f0adb8431c3290b42ced8ca875d38af60d19cf3a15a26349259ca5a90acb86d1
783,ord_dataset-7acd6ad2bf4d4cff841cad008ab726d5:ord-d4e73124ec1e4c90ab792c03f2c8868c,ord_dataset-7acd6ad2bf4d4cff841cad008ab726d5,423,7a100da2493c6d678b846d4a635ff8d90737e87eb6b82b24fb938d7ee8d44c83
784,ord_dataset-7acd6ad2bf4d4cff841cad008ab726d5:ord-d5179b9f778247e6b623e5f8a44f7eb7,ord_dataset-7acd6ad2bf4d4cff841cad008ab726d5,557,00f65c2414b462aa5924a8293492b8d5a26c5897a5c46f76e6c9273e9ae51d09
785,ord_dataset-7acd6ad2bf4d4cff841cad008ab726d5:ord-d5bc743d7c294d3da5038c8cb0c6d825,ord_dataset-7acd6ad2bf4d4cff841cad008ab726d5,224,495ca78b52bfa69019197bcacdb71f4eb80dd6d1a68acf5305825dc53a3cc42e
786,ord_dataset-7acd6ad2bf4d4cff841cad008ab726d5:ord-d5c6e89d5c6f4ed289fc7530e25c5124,ord_dataset-7acd6ad2bf4d4cff841cad008ab726d5,532,ba06b8d2093cd88630fdebada562f5293a2354a7cccf3e4b86ad725ba71d38d8
787,ord_dataset-7acd6ad2bf4d4cff841cad008ab726d5:ord-d6522bed871147fda607ce9158df59ae,ord_dataset-7acd6ad2bf4d4cff841cad008ab726d5,824,ba20ee54d42d5e7d01fbc275858e678041fdc1be95225c61fd4ab897539033d0
788,ord_dataset-7acd6ad2bf4d4cff841cad008ab726d5:ord-d6819bc1bf4e41bfbd0c548fb213fba5,ord_dataset-7acd6ad2bf4d4cff841cad008ab726d5,136,ccc81c6655eae348d9549f11ae027b5514628aff2c588991ebbd11d04a9a301c
789,ord_dataset-7acd6ad2bf4d4cff841cad008ab726d5:ord-d68d26c366a44955825860e79239bd53,ord_dataset-7acd6ad2bf4d4cff841cad008ab726d5,458,45dea0eb6ddb10b3d7e47454d616bcaa8fa8745b59e985f66526eaf5ba00f60a
790,ord_dataset-7acd6ad2bf4d4cff841cad008ab726d5:ord-d69aabea0ad740279c4eb2553fca3f82,ord_dataset-7acd6ad2bf4d4cff841cad008ab726d5,278,f6293c19fb64f49c5b5056016a195afa85d46d12976a9cc061f621ccdcc07ef4
791,ord_dataset-7acd6ad2bf4d4cff841cad008ab726d5:ord-d6e749d8973e4e46995fa63a9412115e,ord_dataset-7acd6ad2bf4d4cff841cad008ab726d5,220,b5571411c01d99e9caadda9eec551a6ecad2f18ada9163a23d16c304f60b5e70
792,ord_dataset-7acd6ad2bf4d4cff841cad008ab726d5:ord-d77e88316c714657ba540cbcca3dd129,ord_dataset-7acd6ad2bf4d4cff841cad008ab726d5,457,f0823ae1363c895e1d6ae62ea2d61ad54a77a8b00cc92c2ec141b0651f063915
793,ord_dataset-7acd6ad2bf4d4cff841cad008ab726d5:ord-d82ee3d5725849e88926f7599c94cd49,ord_dataset-7acd6ad2bf4d4cff841cad008ab726d5,509,98f8ae92eb0ae00913a3a7d7e910b137304a23a489f22149558750ae6a74acf9
794,ord_dataset-7acd6ad2bf4d4cff841cad008ab726d5:ord-d881003dcfff4dc08814a9e22d6e24dd,ord_dataset-7acd6ad2bf4d4cff841cad008ab726d5,183,4fedb464a0c3bbd82d0f165c9b7f9528a5078936d265dcdf89d5180d301fdfca
795,ord_dataset-7acd6ad2bf4d4cff841cad008ab726d5:ord-d8cd53a2d80a4d9c9bc188f2c5795454,ord_dataset-7acd6ad2bf4d4cff841cad008ab726d5,62,39f069384955f804b787ef501088963b02778980a3c450471a2a89e14b113bac
796,ord_dataset-7acd6ad2bf4d4cff841cad008ab726d5:ord-d8e46bafb3874fbe89454cb0b485debf,ord_dataset-7acd6ad2bf4d4cff841cad008ab726d5,453,f07b1904a95e7d159867d5cabc2ddcfad1ff15355dfc25bc8c34e4738f71a688
797,ord_dataset-7acd6ad2bf4d4cff841cad008ab726d5:ord-d902a9746a5f49d7ac6fe404a4bf8af1,ord_dataset-7acd6ad2bf4d4cff841cad008ab726d5,122,d8e256ed8eb3dc074fbccca779c8f7215641621cf1c19cf3075374b48cae6cc4
798,ord_dataset-7acd6ad2bf4d4cff841cad008ab726d5:ord-d92a0372c34c4c08905bc1b367f27eaa,ord_dataset-7acd6ad2bf4d4cff841cad008ab726d5,154,5be0978c4ebeb4bba4aaf7bc198c408146c170da6b132bbbd3a15f21b9547428
799,ord_dataset-7acd6ad2bf4d4cff841cad008ab726d5:ord-d960ca70aaa344ddbb1b4e641cb603b7,ord_dataset-7acd6ad2bf4d4cff841cad008ab726d5,721,a7e56ed9fb30d9bbbbd0791b595e08d284945deb7da5eff11663b7427a8a056b
800,ord_dataset-7acd6ad2bf4d4cff841cad008ab726d5:ord-d9a68c4b1bba4c54a312cbfe67067234,ord_dataset-7acd6ad2bf4d4cff841cad008ab726d5,900,b9c72ceab2b67768024a89e513193602d07a3913e8b28978ee187dda9fb650ae
801,ord_dataset-7acd6ad2bf4d4cff841cad008ab726d5:ord-d9a9521a8b054e5e8f4dc1d054560874,ord_dataset-7acd6ad2bf4d4cff841cad008ab726d5,291,1295485311d087b465c7317bf25306396c1c553f53a18542fd60174cfb0762e8
802,ord_dataset-7acd6ad2bf4d4cff841cad008ab726d5:ord-d9edb5a98c5a4a199dccb04537df885a,ord_dataset-7acd6ad2bf4d4cff841cad008ab726d5,956,b931bb212e37d191c363965e388e5261455a8f3d538bb2a948ccf72fe1621bbd
803,ord_dataset-7acd6ad2bf4d4cff841cad008ab726d5:ord-da5168d18ba349788bc0ea5c58ebc9ca,ord_dataset-7acd6ad2bf4d4cff841cad008ab726d5,719,9299ae66dc51986b03eefc0f23ea61e4d196c0e5f28df03ca6a8232fe607e540
804,ord_dataset-7acd6ad2bf4d4cff841cad008ab726d5:ord-da680716bed64aa287ce74cdf3df9d43,ord_dataset-7acd6ad2bf4d4cff841cad008ab726d5,333,ce68b980247ee9c6ab2a2ae9ee5671cd44a75c04b89e7371bf9f4e129f068f3b
805,ord_dataset-7acd6ad2bf4d4cff841cad008ab726d5:ord-daa03998491447f99fc75025cc5aa8bf,ord_dataset-7acd6ad2bf4d4cff841cad008ab726d5,467,6efe3e7d4ba90cb1b086f60dc66bcffb22cb1a640c7e156682da58ac17c27782
806,ord_dataset-7acd6ad2bf4d4cff841cad008ab726d5:ord-daf1d3d7bb77461d9eb2aa185201f3a2,ord_dataset-7acd6ad2bf4d4cff841cad008ab726d5,345,9fcc2cca5e896fcb2e68ef1bd987144f84c287092385aba9f5196d63dfd3f989
807,ord_dataset-7acd6ad2bf4d4cff841cad008ab726d5:ord-db69c5a022b74ba5969706831f105854,ord_dataset-7acd6ad2bf4d4cff841cad008ab726d5,494,18b637d1a2d53098237e5712ec152737bead6566c0c34aa7f79c3a85cf63e705
808,ord_dataset-7acd6ad2bf4d4cff841cad008ab726d5:ord-db72f0b4634e4134b09716ec4d6bc078,ord_dataset-7acd6ad2bf4d4cff841cad008ab726d5,825,61c0b950b02f4243a1ae340819f64f6283a24bc0afe3810d02ba3478b14fd8d8
809,ord_dataset-7acd6ad2bf4d4cff841cad008ab726d5:ord-db814ae42a29477a8c88ea007c2e9363,ord_dataset-7acd6ad2bf4d4cff841cad008ab726d5,680,db2da316259a32c00af0ed5c93e81f36bd10f260b535b1b7e4dfae1ebd253687
810,ord_dataset-7acd6ad2bf4d4cff841cad008ab726d5:ord-dc040fa7663849828a8a7b646c22911a,ord_dataset-7acd6ad2bf4d4cff841cad008ab726d5,189,56de147ec910409a4f79e2771bbd483a4dd79ddcb1caf3124a6735c2ce025c9a
811,ord_dataset-7acd6ad2bf4d4cff841cad008ab726d5:ord-dc1a8558ef954d1398952c69ec87d71e,ord_dataset-7acd6ad2bf4d4cff841cad008ab726d5,174,d4f4809a307bf7da9efacc863694e6d6fdfc581751a3b6502adbfc82b3a43312
812,ord_dataset-7acd6ad2bf4d4cff841cad008ab726d5:ord-dc6b4254ae0e41eab686464d9ab5db7e,ord_dataset-7acd6ad2bf4d4cff841cad008ab726d5,619,1e0092421c9afffde27b87c171174865bf1ed76d816832dc52b2f2a73a89e803
813,ord_dataset-7acd6ad2bf4d4cff841cad008ab726d5:ord-dcd2f2b8638b45b8becfdba171fa38a2,ord_dataset-7acd6ad2bf4d4cff841cad008ab726d5,661,be7a142de396480af2ecbc4397495b659feb16903a33c1c58ffd135adaf946a2
814,ord_dataset-7acd6ad2bf4d4cff841cad008ab726d5:ord-dd0114a6494a455a8c699da315e849fb,ord_dataset-7acd6ad2bf4d4cff841cad008ab726d5,192,5117f347f0f6b918b6f7783a1809f6c060ecb0f3630b9e40f2e5a1c1ed3e63c5
815,ord_dataset-7acd6ad2bf4d4cff841cad008ab726d5:ord-dd21ad0124254ad888c99a676a4d159d,ord_dataset-7acd6ad2bf4d4cff841cad008ab726d5,629,5ddbc14ac4776ec0c8ab87423513a9dcf0275cc179a9295f861712118e718240
816,ord_dataset-7acd6ad2bf4d4cff841cad008ab726d5:ord-dd6995fae72247b08cd5ff0a3adb39b4,ord_dataset-7acd6ad2bf4d4cff841cad008ab726d5,264,4fd54f78b14bd45f8d466db5ad112eb9f925d9dec421ee080abd4c510ff9565c
817,ord_dataset-7acd6ad2bf4d4cff841cad008ab726d5:ord-dd9f0bd367004b599a71c0e75febb27d,ord_dataset-7acd6ad2bf4d4cff841cad008ab726d5,170,667dc201c60fb981ef103dd31bb1deec52d77ac676cb7fc285065193b162a5f1
818,ord_dataset-7acd6ad2bf4d4cff841cad008ab726d5:ord-ddb689be882648689b529221fe70fe91,ord_dataset-7acd6ad2bf4d4cff841cad008ab726d5,471,9b79f288feed5a2fdcbbeeeedf64d2ef372c28c8bbedfb8451910664f1e3f219
819,ord_dataset-7acd6ad2bf4d4cff841cad008ab726d5:ord-de079d0ef45748bf9b1aa00b9379de85,ord_dataset-7acd6ad2bf4d4cff841cad008ab726d5,103,1e04a155953b7478a15293a7119bd1b35491673c602ae992966a0c9e575bac3d
820,ord_dataset-7acd6ad2bf4d4cff841cad008ab726d5:ord-de1a49a539dd4cb190a6d597780fe594,ord_dataset-7acd6ad2bf4d4cff841cad008ab726d5,913,e6cda89b6a80e6284b688d27a2e20a0512029f771d2c341a32c741dd22ea6357
821,ord_dataset-7acd6ad2bf4d4cff841cad008ab726d5:ord-de369a932ba248e5a005906fb1dac06e,ord_dataset-7acd6ad2bf4d4cff841cad008ab726d5,254,209904b2b2173c37f51d1152cb96d0fb1958d9af0a8a2de1d95c08f34ce160e8
822,ord_dataset-7acd6ad2bf4d4cff841cad008ab726d5:ord-de8f1e32a79f488281740dbf5b715086,ord_dataset-7acd6ad2bf4d4cff841cad008ab726d5,931,203640ed2c488f5f69c1e8e3783936f84aaee82da06aceca7984ae243cb4d356
823,ord_dataset-7acd6ad2bf4d4cff841cad008ab726d5:ord-ded63e36d393462296f34572606cddb8,ord_dataset-7acd6ad2bf4d4cff841cad008ab726d5,691,7deb6272aa156c5a1a4f24355df9ef2b449f06bebc82c0d51b31f16bf1f1ecce
824,ord_dataset-7acd6ad2bf4d4cff841cad008ab726d5:ord-df3bf9301f4e4d1a862b53debbce46ab,ord_dataset-7acd6ad2bf4d4cff841cad008ab726d5,805,5a52ef6f018568e098c213b818e38fb04258991487d80ae030e51141b500d72a
825,ord_dataset-7acd6ad2bf4d4cff841cad008ab726d5:ord-df4eec49eb9a4f9d9eced834bc324c7a,ord_dataset-7acd6ad2bf4d4cff841cad008ab726d5,572,101554e0c7f2d5ebdf22a8b523beac85ca35135efaab31de89d1583328500271
826,ord_dataset-7acd6ad2bf4d4cff841cad008ab726d5:ord-dfa19a3c87ac465a996d8371835db01a,ord_dataset-7acd6ad2bf4d4cff841cad008ab726d5,781,6f2368654fd0774f9a74a1342e0f1a33d2edb4ba53abe4cac21387a8b3a7c3e0
827,ord_dataset-7acd6ad2bf4d4cff841cad008ab726d5:ord-dfc0f307eae840cfba240aedce080206,ord_dataset-7acd6ad2bf4d4cff841cad008ab726d5,515,38a2528b70576b39a66c914e0982f2e10af17a0d18bf7a5b6b98014da9d65c17
828,ord_dataset-7acd6ad2bf4d4cff841cad008ab726d5:ord-dfcb472a864c402ea4c05000a8b5581e,ord_dataset-7acd6ad2bf4d4cff841cad008ab726d5,734,ffb9df5415fa0ddd254721d894bdbe9282c48ad22f0bd16d9c2fa6d2e9912c39
829,ord_dataset-7acd6ad2bf4d4cff841cad008ab726d5:ord-dfe4201fe5374068a253752c9efb0240,ord_dataset-7acd6ad2bf4d4cff841cad008ab726d5,484,00389530ca8c61bc7f0c44e0e4870457ed57f9031e9580b55494ee9a923afde9
830,ord_dataset-7acd6ad2bf4d4cff841cad008ab726d5:ord-e02a24feb9834f45b561ada505e37c63,ord_dataset-7acd6ad2bf4d4cff841cad008ab726d5,631,caad0e5db84e3eacf2dc4724fdb0b55afc742d69c4221a7945780ae406efde40
831,ord_dataset-7acd6ad2bf4d4cff841cad008ab726d5:ord-e05a331cdb3e479394029f97e3646413,ord_dataset-7acd6ad2bf4d4cff841cad008ab726d5,880,fc97abad9abff90a85f02ca264b09aea8fb64fbe98227be23df8363b9764fa30
832,ord_dataset-7acd6ad2bf4d4cff841cad008ab726d5:ord-e06ef685ee7a406094edb99ad8e3206a,ord_dataset-7acd6ad2bf4d4cff841cad008ab726d5,567,49f3e220b8ef5eaf765b373146c3f987407b6ecc37847d2a17c76f785d96982c
833,ord_dataset-7acd6ad2bf4d4cff841cad008ab726d5:ord-e0848d442f8d422d94c6bf7d2de27588,ord_dataset-7acd6ad2bf4d4cff841cad008ab726d5,676,26041ff84f62f9faa0c18d16f62f50cbc696cd8586e395da61ac901838e59e5d
834,ord_dataset-7acd6ad2bf4d4cff841cad008ab726d5:ord-e091d9ae8b914601a39844072653e111,ord_dataset-7acd6ad2bf4d4cff841cad008ab726d5,222,9b8fd593375fc4a29b80f0c03638f86df63c333322ae581cd556136483340f79
835,ord_dataset-7acd6ad2bf4d4cff841cad008ab726d5:ord-e0975aa6f4e248ea8b1ce1e57bfec242,ord_dataset-7acd6ad2bf4d4cff841cad008ab726d5,713,e9d5e009429ea7173687bf2f5dd4f8ca8787e75de1089fb3f85414708f03af1d
836,ord_dataset-7acd6ad2bf4d4cff841cad008ab726d5:ord-e0bc82a5657d4083bbca762cba76d36b,ord_dataset-7acd6ad2bf4d4cff841cad008ab726d5,309,9bcd8586e61418a22bcbe41185e7f923d2547a8e1ed8f27b8901e5d6b3c84ec9
837,ord_dataset-7acd6ad2bf4d4cff841cad008ab726d5:ord-e0d26845c6234aba967efa4a9fe0305e,ord_dataset-7acd6ad2bf4d4cff841cad008ab726d5,121,1a6614d7d5e060afc9c656ba378c0c2df514d2015a20907ff9328a82a5086c67
838,ord_dataset-7acd6ad2bf4d4cff841cad008ab726d5:ord-e0de87f950ae4110be74bdbfd5dfafeb,ord_dataset-7acd6ad2bf4d4cff841cad008ab726d5,352,a7a513eab8bfe03d8a8ac8b458c162bc1d74541cbebb49241943557d796c005c
839,ord_dataset-7acd6ad2bf4d4cff841cad008ab726d5:ord-e0de88924214414193ae772933e7c6b8,ord_dataset-7acd6ad2bf4d4cff841cad008ab726d5,378,1162786cc8ed834830a41f5ee7c7906c1ca03d461fc508e4e348b8d8f0ab4e3b
840,ord_dataset-7acd6ad2bf4d4cff841cad008ab726d5:ord-e11f6e50241447a188d87dd7ae19ecb6,ord_dataset-7acd6ad2bf4d4cff841cad008ab726d5,432,efc9a8ad0beaa787b2177df263259d3415c8f13926c6904c0916e44f32203e74
841,ord_dataset-7acd6ad2bf4d4cff841cad008ab726d5:ord-e12caeab737145ba97171d2ba2ffad83,ord_dataset-7acd6ad2bf4d4cff841cad008ab726d5,156,97c74d3541ce37d60c31e042f0424bca78b56567aa95738165d7017a56826a9b
842,ord_dataset-7acd6ad2bf4d4cff841cad008ab726d5:ord-e1565f2276094202b708596575264596,ord_dataset-7acd6ad2bf4d4cff841cad008ab726d5,716,87c9dc58409f2c31563bfe36269c840fb4349a8a960056e776a80f752303cbb4
843,ord_dataset-7acd6ad2bf4d4cff841cad008ab726d5:ord-e17ab31b658941b49802fc61f91b1f57,ord_dataset-7acd6ad2bf4d4cff841cad008ab726d5,276,5edd00faf78edea96780613cd86c86a47567d57362edede643d2653659fda5ee
844,ord_dataset-7acd6ad2bf4d4cff841cad008ab726d5:ord-e1cc4ae391884bbd97eb0c9b0dec0c44,ord_dataset-7acd6ad2bf4d4cff841cad008ab726d5,860,433986bc5242c7e613cb3c4923b3aa9b221e5a7195dce84ae3ae7688918422dd
845,ord_dataset-7acd6ad2bf4d4cff841cad008ab726d5:ord-e281ddbeb614426e9e614d4c043d2285,ord_dataset-7acd6ad2bf4d4cff841cad008ab726d5,626,9a52a419da4a13f2ef16206ab018e16be55848d755e7c7e2a83e86e28d96fe63
846,ord_dataset-7acd6ad2bf4d4cff841cad008ab726d5:ord-e2c6f04a3baa41a59694e64a1b48af26,ord_dataset-7acd6ad2bf4d4cff841cad008ab726d5,891,afce8620438a22e43ffb50ac6ce13ceb94a7e00fa06078fca669280ca18641e7
847,ord_dataset-7acd6ad2bf4d4cff841cad008ab726d5:ord-e37c7459c48f4f31bb1ceacb3e3dbc88,ord_dataset-7acd6ad2bf4d4cff841cad008ab726d5,150,c91fe9b809358cea9c934755a38f2660585b379099b64047f0b997ede41ccdc3
848,ord_dataset-7acd6ad2bf4d4cff841cad008ab726d5:ord-e3aea7aab63c4290a43758306bd27f74,ord_dataset-7acd6ad2bf4d4cff841cad008ab726d5,129,abfb5816fb7633d15c678954937497bcde5eedea31c92d07a2ed5049664f6237
849,ord_dataset-7acd6ad2bf4d4cff841cad008ab726d5:ord-e3f60987fd984df29ff1bba2c1f9924d,ord_dataset-7acd6ad2bf4d4cff841cad008ab726d5,416,3e3142988dccf9e062f299df579f59594c3e82ec1505d0f3383776c7f9912f0f
850,ord_dataset-7acd6ad2bf4d4cff841cad008ab726d5:ord-e42f75598bfb4101b580f9b9a488882a,ord_dataset-7acd6ad2bf4d4cff841cad008ab726d5,313,899b09f56d9ef61316491ce5cbc05e25507f361c904dfb2a85c651362b55a141
851,ord_dataset-7acd6ad2bf4d4cff841cad008ab726d5:ord-e47d305b8d434e74a07f5b6d38faff38,ord_dataset-7acd6ad2bf4d4cff841cad008ab726d5,803,40a4c7b59ff849b3b097165c0e3c38035be3746e3f5f68fe69f471090686d12e
852,ord_dataset-7acd6ad2bf4d4cff841cad008ab726d5:ord-e48a18135ce649e881e6f3d9d5a47d89,ord_dataset-7acd6ad2bf4d4cff841cad008ab726d5,117,1c5a1226ce67d965f39fcf467b35de1f1a0dc6cf785cb59b733bf1e9a34fedac
853,ord_dataset-7acd6ad2bf4d4cff841cad008ab726d5:ord-e4e4917325a94b758d6d8466cb5d6a55,ord_dataset-7acd6ad2bf4d4cff841cad008ab726d5,714,753b3950bd2a6d22e01e839621ec1296708809a29401bc3ab74bd39721999225
854,ord_dataset-7acd6ad2bf4d4cff841cad008ab726d5:ord-e504af75d924481288ddfda24857a3bd,ord_dataset-7acd6ad2bf4d4cff841cad008ab726d5,836,9a19f0bb34aa1100e74b11cbdd3870649702f38a9b40eac4e3a7527571fdd41a
855,ord_dataset-7acd6ad2bf4d4cff841cad008ab726d5:ord-e5698c24813142f18db3a90a60419d7a,ord_dataset-7acd6ad2bf4d4cff841cad008ab726d5,725,c48568fc9119c3671e658ba4eefad9a76e7e8b18ceb414bffce62e03deb3039e
856,ord_dataset-7acd6ad2bf4d4cff841cad008ab726d5:ord-e5f29ba89c9a4df8850eb29d5ca522e5,ord_dataset-7acd6ad2bf4d4cff841cad008ab726d5,624,30d409c13e72d134f2352fcacd6f681d25bf3a2972d235cbc5217654d1880dd2
857,ord_dataset-7acd6ad2bf4d4cff841cad008ab726d5:ord-e606cd2353bc415484c16ee21b240965,ord_dataset-7acd6ad2bf4d4cff841cad008ab726d5,605,03c1e744e419bb95de47cfc4f38c30f246a092bd56515d9dca07bbf2bee85c25
858,ord_dataset-7acd6ad2bf4d4cff841cad008ab726d5:ord-e60ba7418fb0481aa692946edc2bd12e,ord_dataset-7acd6ad2bf4d4cff841cad008ab726d5,293,87783d8c5f9ee89b1fa32ef0e7699c59387cbbb20ce98231b52ade5644a03cd7
859,ord_dataset-7acd6ad2bf4d4cff841cad008ab726d5:ord-e69b956e22eb48519576d7ec380089e4,ord_dataset-7acd6ad2bf4d4cff841cad008ab726d5,854,f27fc92d2f044540672cf9afc6d2691567f30994ab9bf4c5363e70f9eebdd97e
860,ord_dataset-7acd6ad2bf4d4cff841cad008ab726d5:ord-e6a556dd03f14295a173cd7a78893bce,ord_dataset-7acd6ad2bf4d4cff841cad008ab726d5,142,1eea3dbba3d19f39f684d30ea230d0f5016d1d94b658ebb697bd669ec3768882
861,ord_dataset-7acd6ad2bf4d4cff841cad008ab726d5:ord-e73482076dd24c3da769ac887a8eb4f7,ord_dataset-7acd6ad2bf4d4cff841cad008ab726d5,921,dd225372b3151ff6f9d00f6760ccb295817c9af4a5df5b3489cc0e492a273cd9
862,ord_dataset-7acd6ad2bf4d4cff841cad008ab726d5:ord-e77399d131254a40848b0d97569785da,ord_dataset-7acd6ad2bf4d4cff841cad008ab726d5,959,72b88bf92e12340375c0feabd3f7cac63c58c3f1828fecb1b4c9b943b0de324e
863,ord_dataset-7acd6ad2bf4d4cff841cad008ab726d5:ord-e7885f63039642e9b44a9e8592e4b56a,ord_dataset-7acd6ad2bf4d4cff841cad008ab726d5,223,69677b84396aaa04efd44aecaf984059ea0646cd199603aa06d15469487b2766
864,ord_dataset-7acd6ad2bf4d4cff841cad008ab726d5:ord-e7d4448cd72d474cb54703da5c59ea4f,ord_dataset-7acd6ad2bf4d4cff841cad008ab726d5,83,bf33855c4ab7abbb51c853950c77205dd3e676cc80d5207325b06e225e6ac494
865,ord_dataset-7acd6ad2bf4d4cff841cad008ab726d5:ord-e7f218fa65b14eb19f38e8a3b3dc9c63,ord_dataset-7acd6ad2bf4d4cff841cad008ab726d5,950,546d9874a1c276623b3f9ff2db20837cdeba493410aead492775f8628ec4a17b
866,ord_dataset-7acd6ad2bf4d4cff841cad008ab726d5:ord-e7f243fc848b4c83878cbe73900d603e,ord_dataset-7acd6ad2bf4d4cff841cad008ab726d5,108,dad5e40e38840333d867c5d4abcba42f7e0884a834a977de48881d865b2e5c4e
867,ord_dataset-7acd6ad2bf4d4cff841cad008ab726d5:ord-e824e75c11af4f92bbfd538b2f016885,ord_dataset-7acd6ad2bf4d4cff841cad008ab726d5,157,bcf3ee1efa821681ed87230e9c1006d01b3fff424e3fe54200586b360af06652
868,ord_dataset-7acd6ad2bf4d4cff841cad008ab726d5:ord-e8583c4a527b4293bdb725e36a00a8b9,ord_dataset-7acd6ad2bf4d4cff841cad008ab726d5,274,368f81c9511d17db07c810a449b59c2e785c073102b591ac6988fb79608ec4cb
869,ord_dataset-7acd6ad2bf4d4cff841cad008ab726d5:ord-e872e0650ab645de9eada38800b55b02,ord_dataset-7acd6ad2bf4d4cff841cad008ab726d5,841,d7f8dff3c82f7b0e26a2f3085e47cf5e5e26fdc0d54e4117b33c839ed8d9c8ea
870,ord_dataset-7acd6ad2bf4d4cff841cad008ab726d5:ord-e8e75598c841478f89768f5a7ccadbe0,ord_dataset-7acd6ad2bf4d4cff841cad008ab726d5,328,c86557b7a743e61c69ed8a9066313cbc5cf43708848d3ca05db214c67da605ca
871,ord_dataset-7acd6ad2bf4d4cff841cad008ab726d5:ord-e90bf76fc5094ede80ee8e2ee54bfd90,ord_dataset-7acd6ad2bf4d4cff841cad008ab726d5,593,914a41cf0b575c823af120f1dff5f13af187ac28fd8ced4ed9c2a909646e3458
872,ord_dataset-7acd6ad2bf4d4cff841cad008ab726d5:ord-ea0b5a0d09664cca92fadba59799e8a8,ord_dataset-7acd6ad2bf4d4cff841cad008ab726d5,648,f8b05caf2564dc3c3433c9b0b65b2924434fcdcc9959fff6afc7a27334a71715
873,ord_dataset-7acd6ad2bf4d4cff841cad008ab726d5:ord-ea293def60ba443db5d1b7c815e7e5dd,ord_dataset-7acd6ad2bf4d4cff841cad008ab726d5,932,110875c4ffe70e00eb6ad735d9aaf8ca7210527a43d3c6a4276c108128103acb
874,ord_dataset-7acd6ad2bf4d4cff841cad008ab726d5:ord-ea3a8c0301f04665a854038ce6b2475e,ord_dataset-7acd6ad2bf4d4cff841cad008ab726d5,870,93e69e9c519774c028d53f552f1d69049d7c2d3b6e3bc2caeb30f2236c031e66
875,ord_dataset-7acd6ad2bf4d4cff841cad008ab726d5:ord-ea9ab28617c84fbab21c5a5d2c4a58dc,ord_dataset-7acd6ad2bf4d4cff841cad008ab726d5,671,f304e8768dffdb4e5ab33555a53626a8557db9cb383c8b6eec11569f4119a050
876,ord_dataset-7acd6ad2bf4d4cff841cad008ab726d5:ord-eb893b8dd88346e79d33aa96422a7b7d,ord_dataset-7acd6ad2bf4d4cff841cad008ab726d5,440,7991144c21ff9ba7164acbb6fbbe5968e759eb8a579b4ce9bf4700d79e562b2e
877,ord_dataset-7acd6ad2bf4d4cff841cad008ab726d5:ord-eb900edc17b947a3b88537d4c190f636,ord_dataset-7acd6ad2bf4d4cff841cad008ab726d5,135,db36ae37dfa5dbd64017681e18d7c6bb8cd554674d804d51963a2ecaed4782ea
878,ord_dataset-7acd6ad2bf4d4cff841cad008ab726d5:ord-eba01aef7e7443bf811092082077d3ab,ord_dataset-7acd6ad2bf4d4cff841cad008ab726d5,926,b663d393c7d362ebf9eaf468449baeb09115d7d2f7f38ca05a72e7d125d2a607
879,ord_dataset-7acd6ad2bf4d4cff841cad008ab726d5:ord-eba53f540f63497db0c17908d2c38c57,ord_dataset-7acd6ad2bf4d4cff841cad008ab726d5,806,118e20c37414c212e126f1226180b6f5599feefc0b1c9567ffee0c2fed61c418
880,ord_dataset-7acd6ad2bf4d4cff841cad008ab726d5:ord-ec3ad4b829124ff387a79e9e3bbdd730,ord_dataset-7acd6ad2bf4d4cff841cad008ab726d5,594,554c222fd9deda6637d5fdcbdbf7503c67b8c52cf8a8efa1e72b6b2ed81c4221
881,ord_dataset-7acd6ad2bf4d4cff841cad008ab726d5:ord-ece32a254c144f7b9584eae3d154366f,ord_dataset-7acd6ad2bf4d4cff841cad008ab726d5,361,f2113c5860cd1861a4360111c06fa0841a17bc146bca8a05921aceffad09e0f1
882,ord_dataset-7acd6ad2bf4d4cff841cad008ab726d5:ord-ed17f362cc3945428a60cb245648bfd0,ord_dataset-7acd6ad2bf4d4cff841cad008ab726d5,381,2efea19fd95e5d4748e28b9a26185f61aee6e6a058af3c490d1b91b1c2f4a6b5
883,ord_dataset-7acd6ad2bf4d4cff841cad008ab726d5:ord-edcad35d14c941db8b3d0d09e202efbc,ord_dataset-7acd6ad2bf4d4cff841cad008ab726d5,395,c8e832ee00a41f1fb121ce91a7e80468ce8f93fd6b58c9fc5218f1120f4dfe59
884,ord_dataset-7acd6ad2bf4d4cff841cad008ab726d5:ord-ee402ff9a64e4cec85bbdabac3aad08a,ord_dataset-7acd6ad2bf4d4cff841cad008ab726d5,297,f98c0ee2e524227c523f8208e55199a98e7a203a9d07b2b696313b5470729a10
885,ord_dataset-7acd6ad2bf4d4cff841cad008ab726d5:ord-ee8f4db5250a4ece9f4cf853b7ab0c70,ord_dataset-7acd6ad2bf4d4cff841cad008ab726d5,219,bffc7f3c23eeacc9b7670dd229e54adb338d3ab9043e67b662c8c939606721e9
886,ord_dataset-7acd6ad2bf4d4cff841cad008ab726d5:ord-eeada519f07e47f5ab5f133672dbe7db,ord_dataset-7acd6ad2bf4d4cff841cad008ab726d5,82,ccb1c6c5ea4dcf8d56afc450e5d629a517a91872a998151c3975a2048d6cd0d7
887,ord_dataset-7acd6ad2bf4d4cff841cad008ab726d5:ord-eebabf05847b464d94756421af51eb5a,ord_dataset-7acd6ad2bf4d4cff841cad008ab726d5,856,3a4205396a3b017fb85f24ba4e32e077dacb638538ce6f192ce2cd21bf62b3d5
888,ord_dataset-7acd6ad2bf4d4cff841cad008ab726d5:ord-eed49e4366f04765a46c41c96d78cd38,ord_dataset-7acd6ad2bf4d4cff841cad008ab726d5,201,f1c055cd362088a28ee9b3011f39ed146cf7aa6d232f49da204f98f456a7f94c
889,ord_dataset-7acd6ad2bf4d4cff841cad008ab726d5:ord-eed4a0a364734bb481a0368681fc7302,ord_dataset-7acd6ad2bf4d4cff841cad008ab726d5,504,42da735691dc1a1f8ad68f4f71a98319b1e814308c0f34d77c6061f5349676f1
890,ord_dataset-7acd6ad2bf4d4cff841cad008ab726d5:ord-ef47297f8eb54425815df49cb05d2539,ord_dataset-7acd6ad2bf4d4cff841cad008ab726d5,784,8a182e420f18d9376c50f35f9fded36a620b3b65cc8ed2b584d226e4580eec74
891,ord_dataset-7acd6ad2bf4d4cff841cad008ab726d5:ord-ef6bcc69a03540a193249b228fc19ed0,ord_dataset-7acd6ad2bf4d4cff841cad008ab726d5,759,5fd2852be1a8231d6e91e7def67f3bd340e7bcf3ea7397013e2bf59c647a0f47
892,ord_dataset-7acd6ad2bf4d4cff841cad008ab726d5:ord-ef713e23476f44fab670faa63069e755,ord_dataset-7acd6ad2bf4d4cff841cad008ab726d5,755,29cda93b2863dc2056369ed2f793cc7b5fa0f0e01c4a45de736a20d6b2fde291
893,ord_dataset-7acd6ad2bf4d4cff841cad008ab726d5:ord-efc06b99db3f4b97b75b9b15a279fec3,ord_dataset-7acd6ad2bf4d4cff841cad008ab726d5,548,4f1ff2b92ac8ffa7497e1ddcf8c4331d9acbe0ef8f89cdbaaf72538e8215a6ef
894,ord_dataset-7acd6ad2bf4d4cff841cad008ab726d5:ord-efecd5afe69d4e88a656f50faca0f698,ord_dataset-7acd6ad2bf4d4cff841cad008ab726d5,63,743d81dc9ab414b0339b3c1bf488cda9666c7e08f8b786f7d51095763a4ce98e
895,ord_dataset-7acd6ad2bf4d4cff841cad008ab726d5:ord-f048ddbb426345d283c3bd79f4cff240,ord_dataset-7acd6ad2bf4d4cff841cad008ab726d5,802,26d54d5897f6af7de3607f71392bed7dc2876b3db11b0c960f0f5995c9313773
896,ord_dataset-7acd6ad2bf4d4cff841cad008ab726d5:ord-f0784b024e26417ab69d67689580b3eb,ord_dataset-7acd6ad2bf4d4cff841cad008ab726d5,560,d8334ccc2edf566294533b8224cca3e563f0b49a12e05f1b1728f1cbef33315e
897,ord_dataset-7acd6ad2bf4d4cff841cad008ab726d5:ord-f0a39e77e1d14793bbecfde7d784b6b9,ord_dataset-7acd6ad2bf4d4cff841cad008ab726d5,658,e9c9ed473e707e94e097ce4bf0525881a33af5930522893f678c5c8d35d52872
898,ord_dataset-7acd6ad2bf4d4cff841cad008ab726d5:ord-f0d646c6af2c4191ae76a8e752b3713d,ord_dataset-7acd6ad2bf4d4cff841cad008ab726d5,131,52ab4314b973e899d5d5a4cefa3094e1726e0beaab5beb1dd55d8ddfce3fcf2e
899,ord_dataset-7acd6ad2bf4d4cff841cad008ab726d5:ord-f0ef8f215f5445f6b5476d4c0e7bda60,ord_dataset-7acd6ad2bf4d4cff841cad008ab726d5,41,9e017fe20f437846aa54f7489c65714bf5adf25c6d28685a1207954187b40669
900,ord_dataset-7acd6ad2bf4d4cff841cad008ab726d5:ord-f144f742434248fca377e8ed040700c7,ord_dataset-7acd6ad2bf4d4cff841cad008ab726d5,510,bcbc656ae7df3fac032ff0e8599c31bfef503ba331f3b8dde2bed2d1bd600ff3
901,ord_dataset-7acd6ad2bf4d4cff841cad008ab726d5:ord-f156567369784f1e826f002926338159,ord_dataset-7acd6ad2bf4d4cff841cad008ab726d5,735,4b2bbd575caee5bb4af5fe1adb99b75cde22c2b590f7e076015e0bf5bbdee26d
902,ord_dataset-7acd6ad2bf4d4cff841cad008ab726d5:ord-f271dedd51b54086bc23e9229c071b98,ord_dataset-7acd6ad2bf4d4cff841cad008ab726d5,489,edf0aeb16bd8daaa278fb917b81e336e00ba5b94166ce0c87f27eff3981ca493
903,ord_dataset-7acd6ad2bf4d4cff841cad008ab726d5:ord-f2e24ca2a8f04a7aab7c7e1682d44c66,ord_dataset-7acd6ad2bf4d4cff841cad008ab726d5,483,5d6d829c2c30a758d90fe7002bcf60ec2835c053ef8d259ab7c22352ae87b3c8
904,ord_dataset-7acd6ad2bf4d4cff841cad008ab726d5:ord-f2ec17f40a714196a6bc43925f24785a,ord_dataset-7acd6ad2bf4d4cff841cad008ab726d5,707,e871d878372380cefba07dea96a60c987693dbaa8855018d274629c89516f1d2
905,ord_dataset-7acd6ad2bf4d4cff841cad008ab726d5:ord-f31cafa98904414daac3f36c647e7553,ord_dataset-7acd6ad2bf4d4cff841cad008ab726d5,476,f9add702fe38863355b8cc9d0a4c13dcc1fe2810c7edf6d1a2a7742fd99e34b8
906,ord_dataset-7acd6ad2bf4d4cff841cad008ab726d5:ord-f322026af1ef49bb97b0b35ddbb989d7,ord_dataset-7acd6ad2bf4d4cff841cad008ab726d5,95,410a0b5fcf410e351a8242ceb2de30432b18b305de5d5e179938e2a0fffd903a
907,ord_dataset-7acd6ad2bf4d4cff841cad008ab726d5:ord-f372708b154149309f528dae274429af,ord_dataset-7acd6ad2bf4d4cff841cad008ab726d5,342,b67953f82ba7e8d3cf8e4ae7c705e793d45a72b6f02da7ba1411febe240fee19
908,ord_dataset-7acd6ad2bf4d4cff841cad008ab726d5:ord-f38151002aa2428db73d2e02341478ce,ord_dataset-7acd6ad2bf4d4cff841cad008ab726d5,340,65554d82d681f42cf5453181f8629ede0da1ca700adc7be51d3352640308f40e
909,ord_dataset-7acd6ad2bf4d4cff841cad008ab726d5:ord-f3f028f745354129a5f88266223805b2,ord_dataset-7acd6ad2bf4d4cff841cad008ab726d5,827,1757a318418b58afeffc8fe578d36dab5aafd907df9c334f22e92d41a6d52fe1
910,ord_dataset-7acd6ad2bf4d4cff841cad008ab726d5:ord-f4085e1aaeaf44db8b253651cea4eec3,ord_dataset-7acd6ad2bf4d4cff841cad008ab726d5,442,9809967ce68c05bbbcc79e656cdc56fca8380f38554767aa5ab36171712aae7f
911,ord_dataset-7acd6ad2bf4d4cff841cad008ab726d5:ord-f449345541e341c1a26624dc95c67022,ord_dataset-7acd6ad2bf4d4cff841cad008ab726d5,42,de34361af29254fd23205c2196e0906a63cfb4efafe5b124a4845f9e0ad0b971
912,ord_dataset-7acd6ad2bf4d4cff841cad008ab726d5:ord-f4523f7101e34e7a9fa43c6ef9b44a39,ord_dataset-7acd6ad2bf4d4cff841cad008ab726d5,842,d854a8ce057641bef64133157b4fb0eb49b9626f43414a1ccc712b3c8ba5d945
913,ord_dataset-7acd6ad2bf4d4cff841cad008ab726d5:ord-f4d76d913fe34dadaee46c76768f335b,ord_dataset-7acd6ad2bf4d4cff841cad008ab726d5,708,9688306602e319d81bf63b277f938c8d01a94e81b00b96ad66154bb03562b6e0
914,ord_dataset-7acd6ad2bf4d4cff841cad008ab726d5:ord-f532e584364e4b57979577a8bd2c3767,ord_dataset-7acd6ad2bf4d4cff841cad008ab726d5,718,0cdfab020a3fb66cb171ff498550a808335ccc43a496ad388ecc485af390f25a
915,ord_dataset-7acd6ad2bf4d4cff841cad008ab726d5:ord-f53ec743827e4e6dbf440163886accba,ord_dataset-7acd6ad2bf4d4cff841cad008ab726d5,394,a13e009d2ac70035416312e3f12a9f7224ab73abf5dbbadbcb724f61d4d96dae
916,ord_dataset-7acd6ad2bf4d4cff841cad008ab726d5:ord-f59d043856994db6b47f465acfcd45e1,ord_dataset-7acd6ad2bf4d4cff841cad008ab726d5,878,2e98983314cb833646ca297e35b4407da0d7663b69279c2153b2eb175ca6c058
917,ord_dataset-7acd6ad2bf4d4cff841cad008ab726d5:ord-f5d745c9684f4dfbafd54ff6cff877b2,ord_dataset-7acd6ad2bf4d4cff841cad008ab726d5,906,fc0a0ee2f1ae5c6cc311488a40d07a682ea1b6c75fd751c790bfe0f0637e5280
918,ord_dataset-7acd6ad2bf4d4cff841cad008ab726d5:ord-f613393e46a244ffa75f18b6618ec69a,ord_dataset-7acd6ad2bf4d4cff841cad008ab726d5,640,afcdc90153bf2a3b3db99882ea9a074b7b8b2d2213c3f05632aafe4550ddb977
919,ord_dataset-7acd6ad2bf4d4cff841cad008ab726d5:ord-f6365a7b02bc4a71aee22bb64a7ebb37,ord_dataset-7acd6ad2bf4d4cff841cad008ab726d5,39,1592e8d623fe23adbebac6fffe685b8dee61f53e1f4ed038e3dd22afb0fb5515
920,ord_dataset-7acd6ad2bf4d4cff841cad008ab726d5:ord-f685820e6f854d8daa0a1a4e6b12495b,ord_dataset-7acd6ad2bf4d4cff841cad008ab726d5,176,b79fb4f1e1e144825c5ba006f90c8529c0d7896a853185e768230fbbc5058e01
921,ord_dataset-7acd6ad2bf4d4cff841cad008ab726d5:ord-f69d8e00aa9143318866a9cf57ce092e,ord_dataset-7acd6ad2bf4d4cff841cad008ab726d5,683,e63dfd037e92bb601f776bf08710b0cb2a63f4ec002e2875be06dc1fa4cf7472
922,ord_dataset-7acd6ad2bf4d4cff841cad008ab726d5:ord-f6c59621f32844c69d5e4f5b39a96aeb,ord_dataset-7acd6ad2bf4d4cff841cad008ab726d5,89,969202f5a5732ebd99244761c3f29191c265978d85091ac4bd9459f5890cacc7
923,ord_dataset-7acd6ad2bf4d4cff841cad008ab726d5:ord-f6fb557cf1e145529e6eee4c96e95075,ord_dataset-7acd6ad2bf4d4cff841cad008ab726d5,659,f4653ce0b8f3cb461306c0d89dc9239711d3f82d4556a085aadc44ddb3b63f9a
924,ord_dataset-7acd6ad2bf4d4cff841cad008ab726d5:ord-f72a8cd4627c4dacbcf16bb80b8772a4,ord_dataset-7acd6ad2bf4d4cff841cad008ab726d5,0,aef62b25ca88aba9ae8babbc227e048f69c6f597151c96f86733666abf88a378
925,ord_dataset-7acd6ad2bf4d4cff841cad008ab726d5:ord-f754e24947fb4a78b8d6d60ed08b5ec0,ord_dataset-7acd6ad2bf4d4cff841cad008ab726d5,482,de83f20da09ee895216dff68db4a5a67b4a8389810fd039d9f537306c8a153fd
926,ord_dataset-7acd6ad2bf4d4cff841cad008ab726d5:ord-f76288577e7e4e1392d42700241d1ce2,ord_dataset-7acd6ad2bf4d4cff841cad008ab726d5,110,f45ee06d1c5ef372d49b6fc3be6b182d6a3eee47f5b80762b8dffb16770eab19
927,ord_dataset-7acd6ad2bf4d4cff841cad008ab726d5:ord-f813845838374ea386386785df5f41f2,ord_dataset-7acd6ad2bf4d4cff841cad008ab726d5,387,3f88f7d699f20f125acfba908a1d7237c37098992c1dfac157570fa6a40c299e
928,ord_dataset-7acd6ad2bf4d4cff841cad008ab726d5:ord-f848efa1c5b34743a817b02a62f3cc52,ord_dataset-7acd6ad2bf4d4cff841cad008ab726d5,549,a5cf2b8023819743a83544414c385e10aeddae3a38747482562bd91afde1af44
929,ord_dataset-7acd6ad2bf4d4cff841cad008ab726d5:ord-f89b14bf08b044418a033339a5114633,ord_dataset-7acd6ad2bf4d4cff841cad008ab726d5,143,f0f685513185a778fc87ae2aaeb71dd93883957e019daf05379ddfefff7cfcd5
930,ord_dataset-7acd6ad2bf4d4cff841cad008ab726d5:ord-f8dcf6aa99164a4a8a514f8e7d2f9e22,ord_dataset-7acd6ad2bf4d4cff841cad008ab726d5,818,0d950b6b987a07e186cf4b30bd059517e1a7efe497809ff741c86d49258107c9
931,ord_dataset-7acd6ad2bf4d4cff841cad008ab726d5:ord-f905daffef4640eab2df500b89af9fc2,ord_dataset-7acd6ad2bf4d4cff841cad008ab726d5,919,e83393a44bd658aafffbc3c7948207693897895d3e37baf70c319177d4fc6fe9
932,ord_dataset-7acd6ad2bf4d4cff841cad008ab726d5:ord-f90c0fe87ff649af8cc19b62634ea1a0,ord_dataset-7acd6ad2bf4d4cff841cad008ab726d5,798,7c22e018f277b1b978f94861980fdf1a4d7d0526feeb820c13a9b92491fb01d1
933,ord_dataset-7acd6ad2bf4d4cff841cad008ab726d5:ord-f923f89977f64ff6a5ea6349f8b4cf4d,ord_dataset-7acd6ad2bf4d4cff841cad008ab726d5,685,1034dd1a49c214d9a38b3eee5986085b53122eb176e24f232d137b54463a3bdf
934,ord_dataset-7acd6ad2bf4d4cff841cad008ab726d5:ord-fa35751be2e64544892f64173e0e73b0,ord_dataset-7acd6ad2bf4d4cff841cad008ab726d5,218,f325bcf721e1b72df286c6504568633ba6519393e7b616b9409dff011011e927
935,ord_dataset-7acd6ad2bf4d4cff841cad008ab726d5:ord-fa8bd80df6f3400ea8b6f0885656e980,ord_dataset-7acd6ad2bf4d4cff841cad008ab726d5,205,c855039cd7eed1566bb1849867ecde25d11b878d49f2ac35522b30fb9087e87a
936,ord_dataset-7acd6ad2bf4d4cff841cad008ab726d5:ord-fb698440f2da44439a4b1bd3be205a57,ord_dataset-7acd6ad2bf4d4cff841cad008ab726d5,22,fb57df23a94950248040c9419ee68c291a7906ec763e59a55c4eb26fb5adf2af
937,ord_dataset-7acd6ad2bf4d4cff841cad008ab726d5:ord-fb85a0ec167249a99d7bda1b41bbdaf1,ord_dataset-7acd6ad2bf4d4cff841cad008ab726d5,764,896d61a5ecc936bdd5a071e6c237b6da3a3d11fbda8be17009b4fd23cc473614
938,ord_dataset-7acd6ad2bf4d4cff841cad008ab726d5:ord-fc31d577c6a54fdd82c99c8abd34f27f,ord_dataset-7acd6ad2bf4d4cff841cad008ab726d5,25,9c0027a713904947070cd0c027c9a46efb8bcc40e3668a6861f9f8ac6a34cd77
939,ord_dataset-7acd6ad2bf4d4cff841cad008ab726d5:ord-fc54e04f38104ed2890b7daa5ab745c9,ord_dataset-7acd6ad2bf4d4cff841cad008ab726d5,800,0bd32461f9811bd6bd5d3893cb065ea48a59fd2eef21ad447c1ab6f9985310ce
940,ord_dataset-7acd6ad2bf4d4cff841cad008ab726d5:ord-fc7098b881aa4f45b5b3722b2ba31bcf,ord_dataset-7acd6ad2bf4d4cff841cad008ab726d5,785,a6dde8c6959b82366e0ec41380f7ce1a66d5c5acac3ad4c25f04ed8aeeb77d51
941,ord_dataset-7acd6ad2bf4d4cff841cad008ab726d5:ord-fca18f61df564e08b6317215f59baad3,ord_dataset-7acd6ad2bf4d4cff841cad008ab726d5,555,218081e318fee72ba542858d057f4db48a495c0af070beef374078c3914f0566
942,ord_dataset-7acd6ad2bf4d4cff841cad008ab726d5:ord-fcbb092b7d8f41d5b538badade0065b0,ord_dataset-7acd6ad2bf4d4cff841cad008ab726d5,212,3fa786b875f75b938c601b47f6339b0a98fc5a8dba217009acffe05b22a9c372
943,ord_dataset-7acd6ad2bf4d4cff841cad008ab726d5:ord-fccd698a6999426ab49c67a4aedcd500,ord_dataset-7acd6ad2bf4d4cff841cad008ab726d5,88,287c21d52dd19d84514a4023a65696451dbfa70d8167379fd91431804c763988
944,ord_dataset-7acd6ad2bf4d4cff841cad008ab726d5:ord-fd6e4f98d2ac484dabd3f41563be734a,ord_dataset-7acd6ad2bf4d4cff841cad008ab726d5,247,9f411d19cc9b94af2c1171b56fca206036e00e8d15171785d7008974c968842e
945,ord_dataset-7acd6ad2bf4d4cff841cad008ab726d5:ord-fdad4eeadc3b441d8d8d39ced94cf60f,ord_dataset-7acd6ad2bf4d4cff841cad008ab726d5,250,9c09f9c22a082854ceb3633407aa857bd57bc2efa2f73d02147167bd5f3e328c
946,ord_dataset-7acd6ad2bf4d4cff841cad008ab726d5:ord-fde8d5c36b724b47be8b2c9bfcb830d6,ord_dataset-7acd6ad2bf4d4cff841cad008ab726d5,454,5553286bd1b645313d906ce4dad69ad1f0acd67683039ccc8f065cc59e47c563
947,ord_dataset-7acd6ad2bf4d4cff841cad008ab726d5:ord-fdffaaf198ca4c09b845e62e29c5d866,ord_dataset-7acd6ad2bf4d4cff841cad008ab726d5,688,107599560b7600767ae74419914ce152edbfcd3241d5765554b67af289f856a2
948,ord_dataset-7acd6ad2bf4d4cff841cad008ab726d5:ord-fe3d1f022914491ab24eba24f60f7eda,ord_dataset-7acd6ad2bf4d4cff841cad008ab726d5,260,f69374733dbf9a3c08b944ba69b6932763c39090a0fb8dd5a7176b0d669adb23
949,ord_dataset-7acd6ad2bf4d4cff841cad008ab726d5:ord-fe4dcb881d004118a27c8f15740848cf,ord_dataset-7acd6ad2bf4d4cff841cad008ab726d5,643,56777cf1fe90cdfb58850f7bc692b640690491fb581bfc8d01832289eba7b65a
950,ord_dataset-7acd6ad2bf4d4cff841cad008ab726d5:ord-fe50faa4e22a46c7af0ac810cab51ef4,ord_dataset-7acd6ad2bf4d4cff841cad008ab726d5,693,9513629f694495ea5274d4ce51e8cac16f5af6617a8e5c5a91b8d01a075fcbfa
951,ord_dataset-7acd6ad2bf4d4cff841cad008ab726d5:ord-fe6b6338e20e407e975f2c8cc407f03e,ord_dataset-7acd6ad2bf4d4cff841cad008ab726d5,498,5a7069f464aed6e07441a0788ed34815f9aa83876c132aad4a10a46a3a2a7e6e
952,ord_dataset-7acd6ad2bf4d4cff841cad008ab726d5:ord-fe6f75048bcf43cb9ad4328b63a55acc,ord_dataset-7acd6ad2bf4d4cff841cad008ab726d5,696,87e4c91fbeef51e2f94141de8d851970f7bdd747fda39ffc9a7387b2674fa425
953,ord_dataset-7acd6ad2bf4d4cff841cad008ab726d5:ord-fe727d69bafe4f519888630ccdfce319,ord_dataset-7acd6ad2bf4d4cff841cad008ab726d5,840,82dc045cd14cab3e4cd4c5b9f2fea23d4a57672ae57bd1c98c26c12148924f94
954,ord_dataset-7acd6ad2bf4d4cff841cad008ab726d5:ord-fed6850e4b7141b798bb3f55da28d3f1,ord_dataset-7acd6ad2bf4d4cff841cad008ab726d5,231,e4c2b331c4ea285ae450ab24c93a1e726bccfc8058425b1844bdc3cb3c4696f5
955,ord_dataset-7acd6ad2bf4d4cff841cad008ab726d5:ord-ff0c195bb81e4bf18ea70cc3fbde923f,ord_dataset-7acd6ad2bf4d4cff841cad008ab726d5,55,33f71fc797093d4b6a9064073cbf35ea84b7e7efe4e677c6d5e30f86325457a5
956,ord_dataset-7acd6ad2bf4d4cff841cad008ab726d5:ord-ff3684ab12124cf5ad7dbfbaf23624c1,ord_dataset-7acd6ad2bf4d4cff841cad008ab726d5,657,e0a5efadc80beeb8e42a84027444fa03fc1fab0ccfcc0feae3f47025ebd36e5a
957,ord_dataset-7acd6ad2bf4d4cff841cad008ab726d5:ord-ffd22a300e81477a90ea389e6e13cf6d,ord_dataset-7acd6ad2bf4d4cff841cad008ab726d5,831,13fcd310e07126e3454c363f381e85e543235ac7a11bbe7fea0004ef46f21623
958,ord_dataset-7acd6ad2bf4d4cff841cad008ab726d5:ord-ffdb006a95544890a1a2409cac8d5b2c,ord_dataset-7acd6ad2bf4d4cff841cad008ab726d5,750,72787a974255c0e9de837b7a3b64a1551b2d66a2d16fc24c71e0f48b71555ce6
