csv_row_number,reaction_key,physical_dataset_id,source_row_index,label_decision_id
2,ord_dataset-1ec2807f02fa4beda27d2a81b86eb843:ord-000e80bdb42c48e88beade3d2fe11029,ord_dataset-1ec2807f02fa4beda27d2a81b86eb843,1134,5020290d0bb308818ff910e70941bd99a034287267959afc0ccebbf39bf92eb9
3,ord_dataset-1ec2807f02fa4beda27d2a81b86eb843:ord-000f15be530f4027851b8ea96a9e20af,ord_dataset-1ec2807f02fa4beda27d2a81b86eb843,508,fc979932acd71e96dde8d045f671eee4d57fff520efaeb0913ebccf983e0cbf5
4,ord_dataset-1ec2807f02fa4beda27d2a81b86eb843:ord-0036b6b4812943b8a1db1eae930faa79,ord_dataset-1ec2807f02fa4beda27d2a81b86eb843,276,fad3580c4c6bf75dec2a16228aebe4dae08ace1281b9dce7adbb60b5a3e8ce97
5,ord_dataset-1ec2807f02fa4beda27d2a81b86eb843:ord-0070e917620b416c966ccf2a5a52f287,ord_dataset-1ec2807f02fa4beda27d2a81b86eb843,225,d7ac29af0f011b9d34fda2263466958679e9207e011e55738c73819371c2dfa4
6,ord_dataset-1ec2807f02fa4beda27d2a81b86eb843:ord-0090aa6c587c4a1598e848d1d48e2e19,ord_dataset-1ec2807f02fa4beda27d2a81b86eb843,628,129fdb0b633a5508f40a747e961dccde3085cccefa2ecc71ad6d24d2739a0d8e
7,ord_dataset-1ec2807f02fa4beda27d2a81b86eb843:ord-009a95f3ce734094a1d7e80e1764403a,ord_dataset-1ec2807f02fa4beda27d2a81b86eb843,616,4bdbef023d0fa97657c46c2a08f6c4f9d8df82314a9c15f09b7686ce67cae00c
8,ord_dataset-1ec2807f02fa4beda27d2a81b86eb843:ord-016fe42c94304b59b2d6d860693b693a,ord_dataset-1ec2807f02fa4beda27d2a81b86eb843,709,66d9d9971a553b897e8aa0ef745b2abf461b0da7df40886bc7551fd654408620
9,ord_dataset-1ec2807f02fa4beda27d2a81b86eb843:ord-01a25fdf530841dfbe82628c5806f935,ord_dataset-1ec2807f02fa4beda27d2a81b86eb843,744,54809c5d73de8081963430665170446eea3b72efcd7800e6e87e9bb44cd672b1
10,ord_dataset-1ec2807f02fa4beda27d2a81b86eb843:ord-01abe853fd9b4342af4f3a99baa62152,ord_dataset-1ec2807f02fa4beda27d2a81b86eb843,877,8e284e82a28b9413cb922996e1163c07fb88e476edb1ae6c5c39b88702e78985
11,ord_dataset-1ec2807f02fa4beda27d2a81b86eb843:ord-02256eeb4aa749ab932dcfdb38687f7f,ord_dataset-1ec2807f02fa4beda27d2a81b86eb843,47,4763cdb423eac6b0e35576dcde113e2adc270327db58b6434451cb2fc4a97fdc
12,ord_dataset-1ec2807f02fa4beda27d2a81b86eb843:ord-027ecf159a904be5b3fa4dbc5e9168af,ord_dataset-1ec2807f02fa4beda27d2a81b86eb843,264,ae76d468c42df2f8c600db3a3445da77d237e1693520ce8544f23e600778a0ab
13,ord_dataset-1ec2807f02fa4beda27d2a81b86eb843:ord-02918ebc574b40af89cec1698caebdf2,ord_dataset-1ec2807f02fa4beda27d2a81b86eb843,178,99024645d08180e3ad4604c64d89475c00246dec9cc6ce0fccda5bd9e2acd8be
14,ord_dataset-1ec2807f02fa4beda27d2a81b86eb843:ord-02a20adbf315441785e719e2d74b6b05,ord_dataset-1ec2807f02fa4beda27d2a81b86eb843,851,b00fe515b2e0c72c262c196a0767ddffc8a827f804448f9631368a8770faac61
15,ord_dataset-1ec2807f02fa4beda27d2a81b86eb843:ord-02af62e3932f4f8f88cbc78db11d8a5b,ord_dataset-1ec2807f02fa4beda27d2a81b86eb843,75,b77b1deaa1c28ec427dbe681e00cfc37e1946a5ec1af4cb6d2dcf3c6f960a464
16,ord_dataset-1ec2807f02fa4beda27d2a81b86eb843:ord-02cd446496e24ea693666faa17ba3766,ord_dataset-1ec2807f02fa4beda27d2a81b86eb843,610,5336cf3ecbb6c39167c83efb114f7fe3e304a66ff28bd2fa4ac2fda788e832b0
17,ord_dataset-1ec2807f02fa4beda27d2a81b86eb843:ord-0343207ad63745d4a9ad41448f912f79,ord_dataset-1ec2807f02fa4beda27d2a81b86eb843,318,64982a891cf7c6b24a54096af53f56d47df56956f227620c61931cb1fef213f4
18,ord_dataset-1ec2807f02fa4beda27d2a81b86eb843:ord-038119b8b4624c1a8ebfcc86cea84ff6,ord_dataset-1ec2807f02fa4beda27d2a81b86eb843,1000,804e34560a8e57d6d916f37b11a2cff5e1274503c0a2ce123f347a453c127141
19,ord_dataset-1ec2807f02fa4beda27d2a81b86eb843:ord-03e0cebad7954415855a1f42f4927228,ord_dataset-1ec2807f02fa4beda27d2a81b86eb843,291,125e1f81fd190b1688db4c4e43009bec219097c6ebbbcd66e2d1b833ee849c65
20,ord_dataset-1ec2807f02fa4beda27d2a81b86eb843:ord-03e2856173ec4846ad8141a7342181e1,ord_dataset-1ec2807f02fa4beda27d2a81b86eb843,1004,08dd417f9e474953ab216a4819c94f2cce05b6e27da48a825fe871ec3e8e0ed5
21,ord_dataset-1ec2807f02fa4beda27d2a81b86eb843:ord-043d7d464126446e801b62bbbe2f47b1,ord_dataset-1ec2807f02fa4beda27d2a81b86eb843,617,b1ef960e81797158bcdf5c1dd3f3046e173a85a39616a3e8e614ec1babb51f85
22,ord_dataset-1ec2807f02fa4beda27d2a81b86eb843:ord-04b1c36f92104b1492890042bb2fe146,ord_dataset-1ec2807f02fa4beda27d2a81b86eb843,342,00ade962f6de474237cc5e6e5616fded6e6e10378ba3930f4952854723cc1082
23,ord_dataset-1ec2807f02fa4beda27d2a81b86eb843:ord-04f5913e8a5545b88611b378b34ba8e9,ord_dataset-1ec2807f02fa4beda27d2a81b86eb843,482,16db47b64a5196830d9f9b456c553abe3700e2822e25b296ace67fef5a66018c
24,ord_dataset-1ec2807f02fa4beda27d2a81b86eb843:ord-051a70838e1e49adb0a60aff11193eac,ord_dataset-1ec2807f02fa4beda27d2a81b86eb843,925,8738928ed399b7959b8ce1ddf94653bf7f356e03547e896a0121882b7d8bd302
25,ord_dataset-1ec2807f02fa4beda27d2a81b86eb843:ord-054b2a404af44bf09781a6f04124dbc8,ord_dataset-1ec2807f02fa4beda27d2a81b86eb843,358,93c95ca2245359bdbb07f847fd4e7cd4bc1212f2d5a60b9558c3ee17c11e0ca2
26,ord_dataset-1ec2807f02fa4beda27d2a81b86eb843:ord-055b1841338048a3b0c7527c7ed50a65,ord_dataset-1ec2807f02fa4beda27d2a81b86eb843,592,65d97cdba9588bd0b1e1ecff905738f85a466e57db7e356877bb32ef82e3a951
27,ord_dataset-1ec2807f02fa4beda27d2a81b86eb843:ord-059a088c2e0f493e9625cb25b3557b05,ord_dataset-1ec2807f02fa4beda27d2a81b86eb843,935,9ee1f2a138fe4087453a36e3c43d22f981e317021c0e8791b8942dca9a7e32e2
28,ord_dataset-1ec2807f02fa4beda27d2a81b86eb843:ord-05a06686e1864b54b0348f27c5b1cba0,ord_dataset-1ec2807f02fa4beda27d2a81b86eb843,876,143a0266c931b29ece5c9251826c37238e9089409ca061cabc2795c71e48a3e7
29,ord_dataset-1ec2807f02fa4beda27d2a81b86eb843:ord-05b60bf067a34573a96f1ec594af08cd,ord_dataset-1ec2807f02fa4beda27d2a81b86eb843,606,efc14c5d1df15b436950a3284f9cacfdd715a6d626e9a6328aab179514fd3db4
30,ord_dataset-1ec2807f02fa4beda27d2a81b86eb843:ord-05f04a18825e47f880a08498c287dd5b,ord_dataset-1ec2807f02fa4beda27d2a81b86eb843,536,439af3a9f688b5e80e6bb6962b40b57891a979d7098d23d7a90d5b9d936fc86e
31,ord_dataset-1ec2807f02fa4beda27d2a81b86eb843:ord-06d2365aa4f94c1688daeb198a4103df,ord_dataset-1ec2807f02fa4beda27d2a81b86eb843,35,b276a86192751a3b127112816682b4eccaf09192e29538bd6f45c647254fca63
32,ord_dataset-1ec2807f02fa4beda27d2a81b86eb843:ord-0711170a44e845dca64bdc66ec429bf3,ord_dataset-1ec2807f02fa4beda27d2a81b86eb843,991,6044b7cf49a2c7b0c883c3060af02edb1cc2a59a1698fe9d68430386e8101909
33,ord_dataset-1ec2807f02fa4beda27d2a81b86eb843:ord-076440ea6b664e1e8265c482f9165398,ord_dataset-1ec2807f02fa4beda27d2a81b86eb843,34,2ad1200c667e309f83c2f188fbedc921cd590be87d8b1a46367f34e7928de038
34,ord_dataset-1ec2807f02fa4beda27d2a81b86eb843:ord-078bd6982d4b421ea6a36c58cec96146,ord_dataset-1ec2807f02fa4beda27d2a81b86eb843,1169,4d52a49fc0d74d221217f6e5ca28d9002c5b220c77ad5d7f6c99c7c0380168e2
35,ord_dataset-1ec2807f02fa4beda27d2a81b86eb843:ord-07cfd0d12cf74473b3fdec52743ac366,ord_dataset-1ec2807f02fa4beda27d2a81b86eb843,88,b84951965295015d6ef3fbc16bd5d7056ddc29f32f15b655007b29ef5a75505c
36,ord_dataset-1ec2807f02fa4beda27d2a81b86eb843:ord-0810d7e0133743d4805d3642692f73e2,ord_dataset-1ec2807f02fa4beda27d2a81b86eb843,139,fed4c91478406ed9b870cca9f4731f94f63af4fee4826eb70cd06dd8eb6aca95
37,ord_dataset-1ec2807f02fa4beda27d2a81b86eb843:ord-08172aa45e3846c4b69633e2521e5ff1,ord_dataset-1ec2807f02fa4beda27d2a81b86eb843,563,77ba432aedae03970655f8042ebc2ffeb12131b787b226b9d18739ef83de7d52
38,ord_dataset-1ec2807f02fa4beda27d2a81b86eb843:ord-081948a5170a4dae85a3f54ca9f36353,ord_dataset-1ec2807f02fa4beda27d2a81b86eb843,91,cbc16dc48abd95b6f46e5f7883b1bfb0701000fe8e2d7c25f5f14df4bc5e7800
39,ord_dataset-1ec2807f02fa4beda27d2a81b86eb843:ord-08452d3736a44047abb02fa3e64ff19e,ord_dataset-1ec2807f02fa4beda27d2a81b86eb843,1190,3ef3327248e112becf485ede490ce889a3a64b9c10f6d3bc03bfa4053771e253
40,ord_dataset-1ec2807f02fa4beda27d2a81b86eb843:ord-085e01f3d25c42719b4bdd5dce6663b9,ord_dataset-1ec2807f02fa4beda27d2a81b86eb843,587,5b60c5b142a5aed5b6ae17e48bff04fdbfce342e9e51ab59ba4dea62e50bec41
41,ord_dataset-1ec2807f02fa4beda27d2a81b86eb843:ord-08770fec4b534b60b2a4a617fce2b9f5,ord_dataset-1ec2807f02fa4beda27d2a81b86eb843,471,1fba9bd216087a34d4870e46edf4f886da10377b4189a4778556386344d3e8f1
42,ord_dataset-1ec2807f02fa4beda27d2a81b86eb843:ord-087fac3f706b4dafaf36431118c5b953,ord_dataset-1ec2807f02fa4beda27d2a81b86eb843,1089,aa88e2f2a057bd688b7cf6edc67610ee632e4ce4e297b797d00d3bf2ea78477c
43,ord_dataset-1ec2807f02fa4beda27d2a81b86eb843:ord-08ad5c71d03a410ea77842c862e471fd,ord_dataset-1ec2807f02fa4beda27d2a81b86eb843,22,8acea9040f09cf528f65131a6bdec17cd887f2e34ce89b273f31e03ae06da236
44,ord_dataset-1ec2807f02fa4beda27d2a81b86eb843:ord-08b0a1e729e14aa09203ea3f7387376a,ord_dataset-1ec2807f02fa4beda27d2a81b86eb843,750,94f2113c47d42bb0bb6475be742ae8677a08e7d534e0d4954d74a8f028f34a1e
45,ord_dataset-1ec2807f02fa4beda27d2a81b86eb843:ord-08f09f68482d422f92a9ab0305945170,ord_dataset-1ec2807f02fa4beda27d2a81b86eb843,483,545ef5c3f139687e1749dd695722d0505a6a3b7335c4c223129128d0a0599771
46,ord_dataset-1ec2807f02fa4beda27d2a81b86eb843:ord-0908e9f7c06c433fb47fbcb169ba56f6,ord_dataset-1ec2807f02fa4beda27d2a81b86eb843,674,51639e78e3ec2ce84efaf4e814d65c6b3b52def9d2065911f49d77fc3c9d2c21
47,ord_dataset-1ec2807f02fa4beda27d2a81b86eb843:ord-090fcfe7ae1b46819d608801d42e2a64,ord_dataset-1ec2807f02fa4beda27d2a81b86eb843,38,770e3b41b0b895952d025e3d61fd3ad25dbd13fe33572dd60d97d1050c45abe5
48,ord_dataset-1ec2807f02fa4beda27d2a81b86eb843:ord-0912f69581e94f78aa12afa3274bf890,ord_dataset-1ec2807f02fa4beda27d2a81b86eb843,530,94ddde85ce8e618b8207dc10f70270660a63cc61d082e4dfb9d4c8f7e5fef132
49,ord_dataset-1ec2807f02fa4beda27d2a81b86eb843:ord-09921f6cad5940ac9933fe9121ede497,ord_dataset-1ec2807f02fa4beda27d2a81b86eb843,599,36f52ad963c35f39dfbc52e0fbc0b62a5cd814f4530c18d758695d721559f48b
50,ord_dataset-1ec2807f02fa4beda27d2a81b86eb843:ord-09e077b8cb47442a8db25c38c6b20fc7,ord_dataset-1ec2807f02fa4beda27d2a81b86eb843,1112,c1accb679746f6cf79ee1a48b2e256f629ec23a3b22c24afcab234c1ad5d971f
51,ord_dataset-1ec2807f02fa4beda27d2a81b86eb843:ord-0a3181cb5b094166a93abf4741c4c2ce,ord_dataset-1ec2807f02fa4beda27d2a81b86eb843,784,38fdff8ea9e6832a070b0e3f76383fc189165aeee124ddad68b44d2b7db28ef6
52,ord_dataset-1ec2807f02fa4beda27d2a81b86eb843:ord-0a418cc3cd7f422e950ff62f26564836,ord_dataset-1ec2807f02fa4beda27d2a81b86eb843,1193,e905cbc9e98d2a06c7ff6a191ac897e97f7689013b51bd7782bf67e2d76b51f8
53,ord_dataset-1ec2807f02fa4beda27d2a81b86eb843:ord-0a57ff4a00ea4c7491586128639482da,ord_dataset-1ec2807f02fa4beda27d2a81b86eb843,1105,aaca52cb20decd0d5a4fd182251c56af755b329998ae14d8e16b2354399dba21
54,ord_dataset-1ec2807f02fa4beda27d2a81b86eb843:ord-0a5b9751e701468d9f62ebfdeda3045d,ord_dataset-1ec2807f02fa4beda27d2a81b86eb843,984,50c689548902ed025690c1dd83869b5e29d4b9fce28fc7e339cc1f01487aad8b
55,ord_dataset-1ec2807f02fa4beda27d2a81b86eb843:ord-0a6e91cf2e8a4bb9954791e6091be7d3,ord_dataset-1ec2807f02fa4beda27d2a81b86eb843,506,f0353482663fc68fc6c90966b248d8549b17b142d6ff032854bf5bf74841011f
56,ord_dataset-1ec2807f02fa4beda27d2a81b86eb843:ord-0a719f828b324c20b4ffa1370ff419af,ord_dataset-1ec2807f02fa4beda27d2a81b86eb843,1043,d1c28ac8e78371b5829e5f1b7ea7c687f1f91bb22e39f98de7a3e144b64efbfd
57,ord_dataset-1ec2807f02fa4beda27d2a81b86eb843:ord-0a91545deca34c5ea5977df30c272945,ord_dataset-1ec2807f02fa4beda27d2a81b86eb843,869,c7515cf814267cc5d13cba4fbc3c39cf3c43c1996e9d34fe01ae8f838dcbb872
58,ord_dataset-1ec2807f02fa4beda27d2a81b86eb843:ord-0acce3a91c8140e0b7543a11797ae258,ord_dataset-1ec2807f02fa4beda27d2a81b86eb843,270,f38a29f476470f459f7414501ed547c46cdff699c329850d509dd94b907dfbed
59,ord_dataset-1ec2807f02fa4beda27d2a81b86eb843:ord-0afeb79655d64ddd9e082f81061cbff7,ord_dataset-1ec2807f02fa4beda27d2a81b86eb843,251,3aaca7257cfc6d14ab5f960cde24ae33b2c2202bb1339d0095f4ecbccebbf48a
60,ord_dataset-1ec2807f02fa4beda27d2a81b86eb843:ord-0b0b862ef6f4463cbc87e9bf696b32de,ord_dataset-1ec2807f02fa4beda27d2a81b86eb843,609,aba39e30a1127020264bc0f7cd27ab674118a6d0cb851d462a6f230e2375af7d
61,ord_dataset-1ec2807f02fa4beda27d2a81b86eb843:ord-0b346493fcde4b6a85bb1381dda8d77a,ord_dataset-1ec2807f02fa4beda27d2a81b86eb843,174,db9ba83986a18a1f5d7cbed563f397950279226cc24b452fe8d4fbb7a9d95feb
62,ord_dataset-1ec2807f02fa4beda27d2a81b86eb843:ord-0b522108faf14fcd88a6715c414634a5,ord_dataset-1ec2807f02fa4beda27d2a81b86eb843,850,591b3aad24f45464aa39529cd3a2d28526a74d101d767ee2246a523f51c78d8d
63,ord_dataset-1ec2807f02fa4beda27d2a81b86eb843:ord-0b6d6765ce43491e8d473ff654771817,ord_dataset-1ec2807f02fa4beda27d2a81b86eb843,388,8d9b02865d6adbe63984aa4ae6e8826aa7fbdb4a5b5c124a5d42f0f52c4a6d2b
64,ord_dataset-1ec2807f02fa4beda27d2a81b86eb843:ord-0b784b437e0549c7aaf4e426c872ef23,ord_dataset-1ec2807f02fa4beda27d2a81b86eb843,725,2befeb8505792b2edbf0178d80896fffc84f0e81ce7e9dce7feadadddd5b7ae0
65,ord_dataset-1ec2807f02fa4beda27d2a81b86eb843:ord-0bb576d442384b8fb0ed89743ec8d730,ord_dataset-1ec2807f02fa4beda27d2a81b86eb843,195,36b404d055dd061ac1b5ef4f1b8935b04ed32017f2ad6570ee2c7e1822d74b04
66,ord_dataset-1ec2807f02fa4beda27d2a81b86eb843:ord-0c5fe6086e3f441c8515af0ab1baa1ee,ord_dataset-1ec2807f02fa4beda27d2a81b86eb843,1213,ff61b9c3b03d95bb230ae74264ecca8325172ed909cdbde78fdc727d10cf5c27
67,ord_dataset-1ec2807f02fa4beda27d2a81b86eb843:ord-0c67454ecd0f49d68fdcb95cce250331,ord_dataset-1ec2807f02fa4beda27d2a81b86eb843,400,f84f871a04fa6acd009311d5d516b003fd97e3e9cb7d42730031343e2bd1b3af
68,ord_dataset-1ec2807f02fa4beda27d2a81b86eb843:ord-0c9701be611c452abed70fb5eb45b885,ord_dataset-1ec2807f02fa4beda27d2a81b86eb843,736,03e54c841aeda127144d00a1e45ad27f245b712b4a45c4b58a4236c14005c4a4
69,ord_dataset-1ec2807f02fa4beda27d2a81b86eb843:ord-0c9b17cc3e234a6da990fc1e58333e04,ord_dataset-1ec2807f02fa4beda27d2a81b86eb843,756,bf41de8fe53b6763d5b55f0ed19cec0f48f5975c50f2d2fe94aa5f78fe83d88a
70,ord_dataset-1ec2807f02fa4beda27d2a81b86eb843:ord-0ca8448a61b54b9b855e69b4b7a5bd97,ord_dataset-1ec2807f02fa4beda27d2a81b86eb843,1059,9b3b07f350565b1b9f3bd04a6ebfd9c2f5eb844c44629d3f74259c86f5697369
71,ord_dataset-1ec2807f02fa4beda27d2a81b86eb843:ord-0cc81c4ab3704ff8b870ba70e15a6bb0,ord_dataset-1ec2807f02fa4beda27d2a81b86eb843,464,227aab1c764f1a8d1cea3cd078799d85732a855ebe1df485d67be730b88f3ab2
72,ord_dataset-1ec2807f02fa4beda27d2a81b86eb843:ord-0cfe698d4cf04f8fa16d07a874ba0168,ord_dataset-1ec2807f02fa4beda27d2a81b86eb843,244,202dd4e4eec19bcea51cd82e22b1a673876afb67a0a8d43212d30ec1f0947a5b
73,ord_dataset-1ec2807f02fa4beda27d2a81b86eb843:ord-0d07aedcde6345cfa4199327efcfcee5,ord_dataset-1ec2807f02fa4beda27d2a81b86eb843,892,cffc463afc664a451a0704c9cd6615160b12f13291507f4b96f945fa79e68787
74,ord_dataset-1ec2807f02fa4beda27d2a81b86eb843:ord-0d14a4027bc247c086edb53a5cb44e38,ord_dataset-1ec2807f02fa4beda27d2a81b86eb843,794,c703bcd879f028e76a5bad1454abc0c0594b69b27c140f743590b5f784095663
75,ord_dataset-1ec2807f02fa4beda27d2a81b86eb843:ord-0d6646f274b441d9898f33e98423bce6,ord_dataset-1ec2807f02fa4beda27d2a81b86eb843,84,f0a57f0733edab197ce0ebe5cdc4410c7bfef03dfce4c3f72e3513a1612b02a4
76,ord_dataset-1ec2807f02fa4beda27d2a81b86eb843:ord-0e1f36a1f78d428ea013af06af7779b5,ord_dataset-1ec2807f02fa4beda27d2a81b86eb843,281,127073f7b546485243f8310d22f2e7f8d25342064313492932d37332988d5fb6
77,ord_dataset-1ec2807f02fa4beda27d2a81b86eb843:ord-0e523a764b2e490e967379f5a58c7b53,ord_dataset-1ec2807f02fa4beda27d2a81b86eb843,823,0b7e828f6262ec41b3205067aac0225702fdfde308be6229d042aa8add0e9ef2
78,ord_dataset-1ec2807f02fa4beda27d2a81b86eb843:ord-0e92760434db45139c3832dd2e352f06,ord_dataset-1ec2807f02fa4beda27d2a81b86eb843,111,09666086390a6e59cd93d6a7632d3ba4a8eed65309594869eb1a0e91389b5800
79,ord_dataset-1ec2807f02fa4beda27d2a81b86eb843:ord-0f2d0f5d09714744a942b8b2e9f55f77,ord_dataset-1ec2807f02fa4beda27d2a81b86eb843,768,ea6a167de65be8fb14a6a3d10ef34b1746712b8eb3dc1a62be4642ec77c5e5b7
80,ord_dataset-1ec2807f02fa4beda27d2a81b86eb843:ord-0f3073f84a584eef9ff05540488dceac,ord_dataset-1ec2807f02fa4beda27d2a81b86eb843,660,e36f63ce79f846e7161f8574dd5937ad7b18495ac4e0b7cd29ffe402e1a19605
81,ord_dataset-1ec2807f02fa4beda27d2a81b86eb843:ord-0fdc058dd6c74e328169ff68aecf3bd1,ord_dataset-1ec2807f02fa4beda27d2a81b86eb843,834,b530d69634d8077b3458b0a1ec83260b5bdb30a329ce7a550f3db108a3e0571b
82,ord_dataset-1ec2807f02fa4beda27d2a81b86eb843:ord-1002954af2a5465d950fab7f3b7d60f4,ord_dataset-1ec2807f02fa4beda27d2a81b86eb843,126,3baf32ae4a7a6771595921d3c98feb1d3c9a9ccb2324d90006613aab77744d61
83,ord_dataset-1ec2807f02fa4beda27d2a81b86eb843:ord-101c99bc4fc24ac39b9d74219f2b323a,ord_dataset-1ec2807f02fa4beda27d2a81b86eb843,152,60a197400ea557820be381c8142308df69ba83e9139e49987433e2a7e23c8173
84,ord_dataset-1ec2807f02fa4beda27d2a81b86eb843:ord-109241e8b5ea47c695f3472390c99caf,ord_dataset-1ec2807f02fa4beda27d2a81b86eb843,119,6a9a90292a0ecdc78727d0d75d7e09130c5cd7da5b6e5a4c86b9850174a77ef7
85,ord_dataset-1ec2807f02fa4beda27d2a81b86eb843:ord-109c0a77c2b4405c815d81879ae80258,ord_dataset-1ec2807f02fa4beda27d2a81b86eb843,33,a7add22d45173f2e218da079263742f2c1625cb523be3c1a65ffcedb61da772c
86,ord_dataset-1ec2807f02fa4beda27d2a81b86eb843:ord-1121306d5be1464aa0a1d03fed0af078,ord_dataset-1ec2807f02fa4beda27d2a81b86eb843,912,0a8fab1c44d180dfb630eb66dad87b37407339341aa2db55f797c566cefd2d00
87,ord_dataset-1ec2807f02fa4beda27d2a81b86eb843:ord-1196aa142a7c4422b63ae55276a7e26a,ord_dataset-1ec2807f02fa4beda27d2a81b86eb843,759,346dae009f0d5e07041b0f7e92ebdf2d3686cc24e86a2b553247cc03b1f067bd
88,ord_dataset-1ec2807f02fa4beda27d2a81b86eb843:ord-119b15afcdc644a6a4b5a6f3e443beb9,ord_dataset-1ec2807f02fa4beda27d2a81b86eb843,1044,7cb7275f90fa2539e8d6248cecc8b7d501575f0ff5d154531cf0ef8338a0fac6
89,ord_dataset-1ec2807f02fa4beda27d2a81b86eb843:ord-119b194d529c44c2b7d317af2c7a26f6,ord_dataset-1ec2807f02fa4beda27d2a81b86eb843,981,fab547176907bfb45d7d42b79bbedbbd46f522ce61b0a1925aa4eb0d1f0c31d4
90,ord_dataset-1ec2807f02fa4beda27d2a81b86eb843:ord-119cb623347e41f7b606196ab7902aea,ord_dataset-1ec2807f02fa4beda27d2a81b86eb843,739,9efdb47a9ea36a89b19969b48d465f5302c21b952c645fb153e50f23d3bbecea
91,ord_dataset-1ec2807f02fa4beda27d2a81b86eb843:ord-11c790406fc44fe4b318e5d6ffb6a984,ord_dataset-1ec2807f02fa4beda27d2a81b86eb843,1178,ad5df2e582a7aa5a7063d71590496dd65c0f92af86d3b9a3e6f68ba9329cb11e
92,ord_dataset-1ec2807f02fa4beda27d2a81b86eb843:ord-11e7b1b124df4919b62a50eb1cafdb30,ord_dataset-1ec2807f02fa4beda27d2a81b86eb843,917,d0b1487b340e1eaaeeaf37e2825def061cc5f7509561f3b593690e965180d5be
93,ord_dataset-1ec2807f02fa4beda27d2a81b86eb843:ord-11f2bf82d06645f4bc75856777841dcb,ord_dataset-1ec2807f02fa4beda27d2a81b86eb843,102,c56324b367a766ea01c312a6f53e1697b3900aaf04c1dda85004d85752ca3be0
94,ord_dataset-1ec2807f02fa4beda27d2a81b86eb843:ord-126859c77582420eb74cbd3de23b15c2,ord_dataset-1ec2807f02fa4beda27d2a81b86eb843,443,3d2c573d2360d031dad1b3b1dbea03624ce3624e96f14b98327c10395d9d3458
95,ord_dataset-1ec2807f02fa4beda27d2a81b86eb843:ord-129383fb9b43448581baeffaf48df88e,ord_dataset-1ec2807f02fa4beda27d2a81b86eb843,223,82ff7c2c1f4e246265a1765cb89c2a7c73874626e871f64a2450092a646da415
96,ord_dataset-1ec2807f02fa4beda27d2a81b86eb843:ord-12bbd43df45c4b7f83541ae3a58e7de6,ord_dataset-1ec2807f02fa4beda27d2a81b86eb843,1200,d258728a9f7a3f46f4b4c320e4942dab21903a430d76fce1ad2c1d580794dc37
97,ord_dataset-1ec2807f02fa4beda27d2a81b86eb843:ord-136846db6e894dea8f7da525f1a20d5d,ord_dataset-1ec2807f02fa4beda27d2a81b86eb843,410,70cc02cf47c659b62789418e5511e8ba6995ad2d39d5ad62d71622fe19423525
98,ord_dataset-1ec2807f02fa4beda27d2a81b86eb843:ord-1419b98e29994a2d861f2f80fae42f1b,ord_dataset-1ec2807f02fa4beda27d2a81b86eb843,19,47cee50a162aa4979f2ab16120244a3be7b94a0fa39d8f54a9979cbf882195b8
99,ord_dataset-1ec2807f02fa4beda27d2a81b86eb843:ord-1471f0e7c0fe41bbbcafd4544a4b5637,ord_dataset-1ec2807f02fa4beda27d2a81b86eb843,3,7205bba657aaf56df79b9e787c58864f1ac40dafd3974fca4626c4d25437d997
100,ord_dataset-1ec2807f02fa4beda27d2a81b86eb843:ord-148469de4dcd47bab33e168114aa8a67,ord_dataset-1ec2807f02fa4beda27d2a81b86eb843,586,27a6bb7fb4ccd736e5ad2021e627fc8e38e552c72058a5d2ef38b88c04a3523d
101,ord_dataset-1ec2807f02fa4beda27d2a81b86eb843:ord-14cec412a38f48a58be9f1333ef8843f,ord_dataset-1ec2807f02fa4beda27d2a81b86eb843,749,3da77cf5d11f5309e12981386921e2a0ed938d94f9e03bec4566502bdff5e388
102,ord_dataset-1ec2807f02fa4beda27d2a81b86eb843:ord-1507484e59c44891913e8ebf32c83ce7,ord_dataset-1ec2807f02fa4beda27d2a81b86eb843,570,94bc4be655210ca5b9c28a369a0bee2017c660d1caf0a983021e3e782731b512
103,ord_dataset-1ec2807f02fa4beda27d2a81b86eb843:ord-15eb9f548f5c4c1ab27be353a1516f58,ord_dataset-1ec2807f02fa4beda27d2a81b86eb843,641,0d82aed087619a5088001cafdd9f72169b118cc5b0e89956ea396059fd63fd00
104,ord_dataset-1ec2807f02fa4beda27d2a81b86eb843:ord-15f1daec95194b9dbfdca8f9e1a0ff9a,ord_dataset-1ec2807f02fa4beda27d2a81b86eb843,1202,485846b9cea9f2d8faeb871afcb3e9731e570de940376911fe1dd209645d71e2
105,ord_dataset-1ec2807f02fa4beda27d2a81b86eb843:ord-162f3b19e70f428c911eb42c81146342,ord_dataset-1ec2807f02fa4beda27d2a81b86eb843,406,e18a85f33a7973abf7fef43e141b5b4eb86bf5a1dafb324e5014bc55192d3c8b
106,ord_dataset-1ec2807f02fa4beda27d2a81b86eb843:ord-1659804d33f841958a0304554f384ec3,ord_dataset-1ec2807f02fa4beda27d2a81b86eb843,815,e79254628c3a4562288a28c0149a8968da191579df03dc142af4e6a0a549f274
107,ord_dataset-1ec2807f02fa4beda27d2a81b86eb843:ord-168cb5fd43f940fba57558964f63ccd5,ord_dataset-1ec2807f02fa4beda27d2a81b86eb843,1096,e541507e436afe474955e658ac2fb1681a47fefc3b567fd99dc6068e171b36e4
108,ord_dataset-1ec2807f02fa4beda27d2a81b86eb843:ord-1708045c563b427bba32d6ca7471633f,ord_dataset-1ec2807f02fa4beda27d2a81b86eb843,315,ee1f3968e7f8526d7043293a8e3f124a68248d22a14ace40323d1c47578aa51f
109,ord_dataset-1ec2807f02fa4beda27d2a81b86eb843:ord-170f670095204c0eb87fc9377df83db7,ord_dataset-1ec2807f02fa4beda27d2a81b86eb843,1115,942d4b63e7a4e7b18b43415e9701c6bcf7c61231acc7b930b90f9950ba998cdc
110,ord_dataset-1ec2807f02fa4beda27d2a81b86eb843:ord-172996e50fc04a33afd5c7869db42066,ord_dataset-1ec2807f02fa4beda27d2a81b86eb843,90,4c84ee0cdf998997e7b1b04eb7ad99fe937e1cd89b071efa773460d2a88f1d4a
111,ord_dataset-1ec2807f02fa4beda27d2a81b86eb843:ord-172eee0990d34f85a488bab673b5ba1d,ord_dataset-1ec2807f02fa4beda27d2a81b86eb843,535,db32b55dbbd1ae8c97147a8b176e8289de5912789996f16cd6a5b313dd09bc34
112,ord_dataset-1ec2807f02fa4beda27d2a81b86eb843:ord-174444c1c82f46d4a854a8256c62a106,ord_dataset-1ec2807f02fa4beda27d2a81b86eb843,964,0da3f187e9672c8fdc06b6ec8ec9e85397dea4e96a6c814cfe544b7faa405524
113,ord_dataset-1ec2807f02fa4beda27d2a81b86eb843:ord-1768257736604d9fbc74798fa8176f11,ord_dataset-1ec2807f02fa4beda27d2a81b86eb843,902,90cd27784baf80b1bf9af93419d52ded21155f492a789ed2c69d472ce9c5230f
114,ord_dataset-1ec2807f02fa4beda27d2a81b86eb843:ord-17aa44251a5e4846ae212f261d3bac86,ord_dataset-1ec2807f02fa4beda27d2a81b86eb843,303,a1e0c29a50a5cffc7c31c51df31d77636c6636dc7bbf989dfbce492913f71a9c
115,ord_dataset-1ec2807f02fa4beda27d2a81b86eb843:ord-17c2ac71469443b789f51c4e1a2969a0,ord_dataset-1ec2807f02fa4beda27d2a81b86eb843,419,3da9c5c7f6fb6bdec8b4bfc4dc1acfce46869924e6543e0383d5ae7de4482318
116,ord_dataset-1ec2807f02fa4beda27d2a81b86eb843:ord-182d8fec826a416bb769981b6cc4235b,ord_dataset-1ec2807f02fa4beda27d2a81b86eb843,1008,aca1aa6b7c10bd5fdf0034d00a945d34a329667f9c6876d992582024c0fda98e
117,ord_dataset-1ec2807f02fa4beda27d2a81b86eb843:ord-18417e34da4d4149a54d8fe86eac8ff3,ord_dataset-1ec2807f02fa4beda27d2a81b86eb843,385,6d0f9dedbf0cdfb22f51402d80a26eb8350eb19200e3990479a409fb8658aa24
118,ord_dataset-1ec2807f02fa4beda27d2a81b86eb843:ord-18493025f33a49a5ae314436c6a91b9b,ord_dataset-1ec2807f02fa4beda27d2a81b86eb843,532,662701b7043a333fa11e41050c3b924b786de60792239ae0b9074a8d0757f523
119,ord_dataset-1ec2807f02fa4beda27d2a81b86eb843:ord-185e823794794edb9ae068633f91b7ac,ord_dataset-1ec2807f02fa4beda27d2a81b86eb843,472,83c45c2605b69449d48efa3d2247d82814415ce4854adf7b6912361dd93405db
120,ord_dataset-1ec2807f02fa4beda27d2a81b86eb843:ord-1894c2b06066451f82f7db0f88083a76,ord_dataset-1ec2807f02fa4beda27d2a81b86eb843,305,990b43032da946a2a068cf05f6c5a92bf9e8a7a3325afcee038a6a938bd44104
121,ord_dataset-1ec2807f02fa4beda27d2a81b86eb843:ord-18eef277f4044fdba05ba98fc8d0ea06,ord_dataset-1ec2807f02fa4beda27d2a81b86eb843,478,59c1b5964abc580c3b43fed72210a4d6cecb2e1f13c7af5f2c4e9ca55e2898fa
122,ord_dataset-1ec2807f02fa4beda27d2a81b86eb843:ord-18fe93fb943f4ec2bee45f4c4cdf0806,ord_dataset-1ec2807f02fa4beda27d2a81b86eb843,205,dc14243a3fc6c296365eeda75dcdf7dd2994f7217aa661c1e08accec2e47e8ff
123,ord_dataset-1ec2807f02fa4beda27d2a81b86eb843:ord-190ea64143d0491b8162a5bc05959732,ord_dataset-1ec2807f02fa4beda27d2a81b86eb843,757,23361ba775996306f452738b21b0746a99468e7f3a249178ade6763be3dd104e
124,ord_dataset-1ec2807f02fa4beda27d2a81b86eb843:ord-195501da3a95463a8dbe16a17a5f0ba5,ord_dataset-1ec2807f02fa4beda27d2a81b86eb843,808,e497518b6a1115ba2e9a49f91835cb4e3dd8ba9fae8ec5241765b13db63ecec3
125,ord_dataset-1ec2807f02fa4beda27d2a81b86eb843:ord-195a2e8ba31d40499f2c500d2d8a98cb,ord_dataset-1ec2807f02fa4beda27d2a81b86eb843,631,20d4dd80113e712c9b1ba6cc8e62dfd433a5138f6870ba810ca05e4e5ff5cc08
126,ord_dataset-1ec2807f02fa4beda27d2a81b86eb843:ord-199a154c7aff404d9b79144ed98a0a92,ord_dataset-1ec2807f02fa4beda27d2a81b86eb843,219,4e44e049154ed75b78314004088c55bf5b94decc9f374c615acef3b4d960e8b2
127,ord_dataset-1ec2807f02fa4beda27d2a81b86eb843:ord-19c9a2db5fb7476db93f84ae9714578a,ord_dataset-1ec2807f02fa4beda27d2a81b86eb843,368,1ae642c8a2a4e1ed49096165f048eff91202ee22c9ed18eb2f9855737196d58c
128,ord_dataset-1ec2807f02fa4beda27d2a81b86eb843:ord-19d2fd8864ef4eb0a8acdb2c7f3d2d30,ord_dataset-1ec2807f02fa4beda27d2a81b86eb843,1124,6e0eaffd79dced9ba3711c49782091c05c602cba139122dc74163f1a042ce9ae
129,ord_dataset-1ec2807f02fa4beda27d2a81b86eb843:ord-1a06e9eaace04009b751619f75511623,ord_dataset-1ec2807f02fa4beda27d2a81b86eb843,1116,e26c95f9439b8970e86992789be652f1e51e47a5b8db0ba5c53ee6df48a48ba8
130,ord_dataset-1ec2807f02fa4beda27d2a81b86eb843:ord-1a46147d407b4e84a91a636e8f6994cb,ord_dataset-1ec2807f02fa4beda27d2a81b86eb843,1139,7423594c2b140dc077e40c7059cd0c1a4c9def3f314af6a64be855495ea740cd
131,ord_dataset-1ec2807f02fa4beda27d2a81b86eb843:ord-1a8f982dc7314d7ea6c20e7ad3f6436f,ord_dataset-1ec2807f02fa4beda27d2a81b86eb843,700,7a9855fdc6fcfff9702ce7cf920b68d4c7d0f78cc1a53d5fd44c34b34df4a462
132,ord_dataset-1ec2807f02fa4beda27d2a81b86eb843:ord-1ab77eadcf654bfba6bf2d2706779fa3,ord_dataset-1ec2807f02fa4beda27d2a81b86eb843,941,54699075af0ed2f475dbcfc1b579c138246dfe101b1d86a4fcc65fd62480ffc9
133,ord_dataset-1ec2807f02fa4beda27d2a81b86eb843:ord-1b66a6e37d0f4cb5a4676230f8ed6948,ord_dataset-1ec2807f02fa4beda27d2a81b86eb843,1017,25267c8abd2cb2922d01b0af8b00ed59fb09fb5c307ad7c3c4e4d2a2a4abb4e7
134,ord_dataset-1ec2807f02fa4beda27d2a81b86eb843:ord-1b81879700674162ac9249c9951e6bd0,ord_dataset-1ec2807f02fa4beda27d2a81b86eb843,488,473b6728b26303cda4f76a1abaa8655d9f6605da15770a6c5f23392ee154a254
135,ord_dataset-1ec2807f02fa4beda27d2a81b86eb843:ord-1bb627fb66f04271a98a0e274c923279,ord_dataset-1ec2807f02fa4beda27d2a81b86eb843,858,cd2d0049e83f7f6e422d21d9082d47d14345bb4fe46ed789676a40e940acf33f
136,ord_dataset-1ec2807f02fa4beda27d2a81b86eb843:ord-1bc530123099402dbac1d1fee0a3d797,ord_dataset-1ec2807f02fa4beda27d2a81b86eb843,1127,bc9562b8f709885eaacb5c7ca96d37dfaf63c3a65725b715d74f80037daaef06
137,ord_dataset-1ec2807f02fa4beda27d2a81b86eb843:ord-1bc5c4523fd8476f84400e7da9fda193,ord_dataset-1ec2807f02fa4beda27d2a81b86eb843,262,96486cb7eca1ad35f4468de31134980ce175c05252d1abe0e7269571fa5d79f3
138,ord_dataset-1ec2807f02fa4beda27d2a81b86eb843:ord-1bc6793ecd104981ad09205cb19d9075,ord_dataset-1ec2807f02fa4beda27d2a81b86eb843,1015,78ca19ba076b20f6dce55db2a95cec73ba01417edc7b96d8739f465fbabde565
139,ord_dataset-1ec2807f02fa4beda27d2a81b86eb843:ord-1cc3b67ebc4c4581a3d68c0a25a153da,ord_dataset-1ec2807f02fa4beda27d2a81b86eb843,320,37864f2677082b6fdb28008d88ded949742e6fb3804da1809cdec5bc616ef6e0
140,ord_dataset-1ec2807f02fa4beda27d2a81b86eb843:ord-1cd6671b7b4d43c683602a65c5f8ace2,ord_dataset-1ec2807f02fa4beda27d2a81b86eb843,1122,8a415725058d70906bdc32e780fd12eea1aa11692229c779833661a3956ec785
141,ord_dataset-1ec2807f02fa4beda27d2a81b86eb843:ord-1d41954c77714d1aab07cb5b87dcef2c,ord_dataset-1ec2807f02fa4beda27d2a81b86eb843,887,28feaf22d29fe655d32e5c0d555bdbd4a65decc3b36e9346471ff8e4e10ed589
142,ord_dataset-1ec2807f02fa4beda27d2a81b86eb843:ord-1d604bd7c12f4f3096ac1c3f4cf7628e,ord_dataset-1ec2807f02fa4beda27d2a81b86eb843,962,446a9e9323ecbea46b3924155230cf71fb6a43f9c143c66cd55b4d9a5b03acef
143,ord_dataset-1ec2807f02fa4beda27d2a81b86eb843:ord-1dc5b5808d55465283e67764836a5cb9,ord_dataset-1ec2807f02fa4beda27d2a81b86eb843,663,12db953a48a242987ca82198c79c875c22dae3436010c9ae0b396f92c540d0ef
144,ord_dataset-1ec2807f02fa4beda27d2a81b86eb843:ord-1dc8224c35c34726a2193efcae782849,ord_dataset-1ec2807f02fa4beda27d2a81b86eb843,1121,e558240b2bf3ecf147288f9d0cf0e3d85aa3fc0c02100dfcac8832916bdc27a2
145,ord_dataset-1ec2807f02fa4beda27d2a81b86eb843:ord-1e09ab040ec2470299a9935106843bfa,ord_dataset-1ec2807f02fa4beda27d2a81b86eb843,434,cb4e210798ebd3aeb723c3f522c2b36a861006df04b020d9bdaf75cf7814dcd2
146,ord_dataset-1ec2807f02fa4beda27d2a81b86eb843:ord-1e697f960ad749b1b4f9d93fd6535044,ord_dataset-1ec2807f02fa4beda27d2a81b86eb843,1162,3a40026bb20cab53a92bdf62c8c9c9667e880709d96a79c75a15df65581ddd9a
147,ord_dataset-1ec2807f02fa4beda27d2a81b86eb843:ord-1ea3d1aa1313471ebce760c658bd6271,ord_dataset-1ec2807f02fa4beda27d2a81b86eb843,186,330038802de74778fcbd6ebbac556d67891a3f08fa151ad87b31f8a3e08d8705
148,ord_dataset-1ec2807f02fa4beda27d2a81b86eb843:ord-1eb0232fcdeb4b6f93296e70ab4baf93,ord_dataset-1ec2807f02fa4beda27d2a81b86eb843,393,fe834b08832ff9694e30b33831e5ccf0a5825af1c2694b625c1bca10a42b7fa7
149,ord_dataset-1ec2807f02fa4beda27d2a81b86eb843:ord-1ec95c22493f4d38806283882061f9e1,ord_dataset-1ec2807f02fa4beda27d2a81b86eb843,343,9c433fefeac82f6836ad150d9d190ed41c4815afa89df333867b86a5aec92b09
150,ord_dataset-1ec2807f02fa4beda27d2a81b86eb843:ord-1f1324f480c044b8a32f5a736b8838b6,ord_dataset-1ec2807f02fa4beda27d2a81b86eb843,221,e74837ffa037c00e215ff40ba5aad99944bd6ac1a1f21ed277a0bbeed0f92b5e
151,ord_dataset-1ec2807f02fa4beda27d2a81b86eb843:ord-1f4501eb8d3d4e9582d88f34e00879ae,ord_dataset-1ec2807f02fa4beda27d2a81b86eb843,748,004e49b064df03f6dc4b867792f980a5cd6f76fcdc30383b38b432706c957628
152,ord_dataset-1ec2807f02fa4beda27d2a81b86eb843:ord-1f55fe12a0c84c179a6e7e000a9bc5b4,ord_dataset-1ec2807f02fa4beda27d2a81b86eb843,762,b8697b3ebf2a77dabc76ab01cbe825efb9e4a760f7dec80c18e70412b86d4369
153,ord_dataset-1ec2807f02fa4beda27d2a81b86eb843:ord-1f81df1aa169443a89eddd332a42ac19,ord_dataset-1ec2807f02fa4beda27d2a81b86eb843,1033,0f2104c9bd713fba0a19e7037d357af456beecca986fbbd065bcbc5b29371bae
154,ord_dataset-1ec2807f02fa4beda27d2a81b86eb843:ord-1f871b07d0df4d3cb66d2a233db8f2e0,ord_dataset-1ec2807f02fa4beda27d2a81b86eb843,860,a65edc4ddc3d5d62820def91e98236e3feb9385a5fcc8ef12a102782999ede10
155,ord_dataset-1ec2807f02fa4beda27d2a81b86eb843:ord-1faf421d3f4b4161acbb7007f63d23e4,ord_dataset-1ec2807f02fa4beda27d2a81b86eb843,987,c7f139d5b93bfe040254ae6786f00a50a2615c6b81058f6808e0e4d128ee62ce
156,ord_dataset-1ec2807f02fa4beda27d2a81b86eb843:ord-1fc99144a5d544b485dcb921877a7482,ord_dataset-1ec2807f02fa4beda27d2a81b86eb843,356,2e8bea700800d6070d229087f0536323412bc274ef3f12b2fe8d131f8e32e4f9
157,ord_dataset-1ec2807f02fa4beda27d2a81b86eb843:ord-204057973e044968898cda87c96b92d1,ord_dataset-1ec2807f02fa4beda27d2a81b86eb843,1071,85f77ce5965c483d524fd004c358c2e5c1e92cea8f91dc9d572ebebe3762bbeb
158,ord_dataset-1ec2807f02fa4beda27d2a81b86eb843:ord-205f2fbf44ee4bd0ad3b2156687f05c6,ord_dataset-1ec2807f02fa4beda27d2a81b86eb843,1080,77495e96dfbda6ba1bfe532309b0542e0eed5770b6f614abd0b0dd416216c10e
159,ord_dataset-1ec2807f02fa4beda27d2a81b86eb843:ord-208bdf1b7c644ffb82ee26c764473feb,ord_dataset-1ec2807f02fa4beda27d2a81b86eb843,569,56e509c972f8e57d9db4c846bb3add13be405fcad3bf5d4b8673c473b129a873
160,ord_dataset-1ec2807f02fa4beda27d2a81b86eb843:ord-20a63568116046eda02642b8cee2b0ec,ord_dataset-1ec2807f02fa4beda27d2a81b86eb843,103,6c295940fdff1fd595d56bf73740257ab50c4b9929f3100aa6ff5f3655850bcc
161,ord_dataset-1ec2807f02fa4beda27d2a81b86eb843:ord-2100fa7f0e8349779db1f2e642bcaadd,ord_dataset-1ec2807f02fa4beda27d2a81b86eb843,82,1c10fa2d0ab40e4a94e506ee8b896de919b99c283a63d0af48e2349a0b5a4c2b
162,ord_dataset-1ec2807f02fa4beda27d2a81b86eb843:ord-21094e813eba460aa6ac051319e2d007,ord_dataset-1ec2807f02fa4beda27d2a81b86eb843,118,43bcfe7560a6026fc176b6ee8f50ed3c741623a690a0a961a011decfcee2c9f7
163,ord_dataset-1ec2807f02fa4beda27d2a81b86eb843:ord-211ecf2a71074471abb31296684626a1,ord_dataset-1ec2807f02fa4beda27d2a81b86eb843,256,68fa8adff0b3bb765e747532b5d9a6d9b539475ab62ed91daffc57e1035a6725
164,ord_dataset-1ec2807f02fa4beda27d2a81b86eb843:ord-21892b40d0294b78ad0f11f820acde9f,ord_dataset-1ec2807f02fa4beda27d2a81b86eb843,1159,bb08eeacf956d2bb7a594210b2109ae62948e1b76bcbb244b714f1c223564f04
165,ord_dataset-1ec2807f02fa4beda27d2a81b86eb843:ord-21a244f2752442608d2b740d13a69b34,ord_dataset-1ec2807f02fa4beda27d2a81b86eb843,1170,8a5c836fb4468cec4f48858c743f8f0d3981749aae53585cf997cb978cc939a6
166,ord_dataset-1ec2807f02fa4beda27d2a81b86eb843:ord-21a8da6b4f9e4dee8ef05d139848ca6b,ord_dataset-1ec2807f02fa4beda27d2a81b86eb843,924,c7afa64e9289d8fa19b810d71156be65a48ed23afe273002c47f63f93fb1d712
167,ord_dataset-1ec2807f02fa4beda27d2a81b86eb843:ord-21f17b3b080e44c3b0eca5cf98f470ed,ord_dataset-1ec2807f02fa4beda27d2a81b86eb843,1082,b2ec4ae6eb8699cf20d5f43f4a14ff5d8f40700d3eda05f84859d3dfb9c6d8bf
168,ord_dataset-1ec2807f02fa4beda27d2a81b86eb843:ord-225a77170f0a47d8a3656c2af4860d74,ord_dataset-1ec2807f02fa4beda27d2a81b86eb843,376,a953b3d26596d8af52a92d549e128332bbe355d5c7f07ff0c905d3cec666e481
169,ord_dataset-1ec2807f02fa4beda27d2a81b86eb843:ord-228f3c47b4984972b7890d357fdd2a2d,ord_dataset-1ec2807f02fa4beda27d2a81b86eb843,1040,d6cd10f77f93dd75b882d08368b0ef1548728ea4edd1d930c968928af2660d7b
170,ord_dataset-1ec2807f02fa4beda27d2a81b86eb843:ord-229461406b4c46a298a53c78711a87a4,ord_dataset-1ec2807f02fa4beda27d2a81b86eb843,1149,49f088b026ac75a2c52ea903ccd8ade1659ce158926419f224174c2fb48e841c
171,ord_dataset-1ec2807f02fa4beda27d2a81b86eb843:ord-229e8e030d4e4a3882efebeaf2152924,ord_dataset-1ec2807f02fa4beda27d2a81b86eb843,7,f4e2b7bc22c931eb456f3b40bc16caa9f5099e6344ec3e4bf728be744978aba0
172,ord_dataset-1ec2807f02fa4beda27d2a81b86eb843:ord-22ab8e7a6f7c4aff85c3f69a4d936142,ord_dataset-1ec2807f02fa4beda27d2a81b86eb843,403,8d8b2e0bdd855f50a308fbd18bbcd8332837a35cde1310f71b871e848df53bae
173,ord_dataset-1ec2807f02fa4beda27d2a81b86eb843:ord-22e751cd330f4241873d0831a0607969,ord_dataset-1ec2807f02fa4beda27d2a81b86eb843,151,cf8c7a8182a7faab0d3f4013f22d526c04f37eb108d643004ad0a8dbbb603ae7
174,ord_dataset-1ec2807f02fa4beda27d2a81b86eb843:ord-22f16c34fda8473fb95ec8cac52915dd,ord_dataset-1ec2807f02fa4beda27d2a81b86eb843,838,28c7afacc7c1cce774ef0bf1fb54a55186fd7f3c6d4917ca2c568ee5c31083b1
175,ord_dataset-1ec2807f02fa4beda27d2a81b86eb843:ord-235aa51bc00846e4aff34ca09845e51e,ord_dataset-1ec2807f02fa4beda27d2a81b86eb843,534,3e691360362fd240fc4d08219ef1a0d87843a80d05dba3dbc9b22c3dd688b0ab
176,ord_dataset-1ec2807f02fa4beda27d2a81b86eb843:ord-2384fd02008142548fb906e8806d6b75,ord_dataset-1ec2807f02fa4beda27d2a81b86eb843,859,4fd5421f95ace618e961bcc1094231b8c9a27395460f426b3cedc0a821d768dc
177,ord_dataset-1ec2807f02fa4beda27d2a81b86eb843:ord-2390957530d442d0bfb35c7182108c56,ord_dataset-1ec2807f02fa4beda27d2a81b86eb843,905,301c81e7c8dac8b580a2cc1bb1acde7183bc1b567c174192df89e9c7d57dafe3
178,ord_dataset-1ec2807f02fa4beda27d2a81b86eb843:ord-245bb7e402414d6b9506ec715dc8ebff,ord_dataset-1ec2807f02fa4beda27d2a81b86eb843,752,92d1c7e4f269db155b706884ab302747ee50439ef81a1220515648d1982350f0
179,ord_dataset-1ec2807f02fa4beda27d2a81b86eb843:ord-24fc7e1cd2044acf9e2ab9c751b4b31b,ord_dataset-1ec2807f02fa4beda27d2a81b86eb843,573,54a3152536543828aeefdc10e51af3d79d373a60adc33864404c07b6c26de10e
180,ord_dataset-1ec2807f02fa4beda27d2a81b86eb843:ord-2515124e670c4b13baa9158b0f65ba1f,ord_dataset-1ec2807f02fa4beda27d2a81b86eb843,714,f30692147a7a328f38c5f7ca6655b889d0035e3a38c2b86fd3fdc3c80b50df90
181,ord_dataset-1ec2807f02fa4beda27d2a81b86eb843:ord-2516a9f2a3fc45348fe51c90b18b7bff,ord_dataset-1ec2807f02fa4beda27d2a81b86eb843,623,28c353ce66c045d94efad135b3d022a7b64d8c04dd9ae4e096520c8f14a4fefa
182,ord_dataset-1ec2807f02fa4beda27d2a81b86eb843:ord-2529cb47b3a8409292310361e0598102,ord_dataset-1ec2807f02fa4beda27d2a81b86eb843,1207,9a6d698616155f5f4641c1a13c39b0ac8370de5627b62389fb289235a93e38f7
183,ord_dataset-1ec2807f02fa4beda27d2a81b86eb843:ord-252f26289cd541a8a84407278eb8401e,ord_dataset-1ec2807f02fa4beda27d2a81b86eb843,1083,da29cdb2647c34c91e3b364d7c69a556fd533d45ed4ad9fc0457d72fbbcf900c
184,ord_dataset-1ec2807f02fa4beda27d2a81b86eb843:ord-2537c0dea4e24c319324693345514fb6,ord_dataset-1ec2807f02fa4beda27d2a81b86eb843,733,12d7104b072ec1ffd4efa101c242efc6402cf4399b73c05d5ef60dbadf8ea14e
185,ord_dataset-1ec2807f02fa4beda27d2a81b86eb843:ord-25852bb0bac24c388aa2289befe56170,ord_dataset-1ec2807f02fa4beda27d2a81b86eb843,461,7a7ba1ca23a3f309ec387e53e1edb182539ef21c9540cac2dcbe3dd1e79ee59f
186,ord_dataset-1ec2807f02fa4beda27d2a81b86eb843:ord-25ae3265b2e046aaa99c6a3dc5a7e2b7,ord_dataset-1ec2807f02fa4beda27d2a81b86eb843,656,54cc6b687e8b8c4c464ac61811e607a549b775a359162a377be18d44fc5198d2
187,ord_dataset-1ec2807f02fa4beda27d2a81b86eb843:ord-25dbc530801d48bdb9a4256ca05abef9,ord_dataset-1ec2807f02fa4beda27d2a81b86eb843,676,06c930478e4ce788a44111e1b6586c8653e2cabe4387c427d758b67172d683d1
188,ord_dataset-1ec2807f02fa4beda27d2a81b86eb843:ord-266d8ae6943d467fb2bab597d9272dca,ord_dataset-1ec2807f02fa4beda27d2a81b86eb843,666,cf4c4d35bebf4676022e28bc28aaa3dff363ba8a98b822c0fad81069eec191db
189,ord_dataset-1ec2807f02fa4beda27d2a81b86eb843:ord-268f99ee621d4955a67e589ce5f80842,ord_dataset-1ec2807f02fa4beda27d2a81b86eb843,1218,4f4ea56d735763b006cee42fede239f0916860c0f2804870d4c7939c07de4075
190,ord_dataset-1ec2807f02fa4beda27d2a81b86eb843:ord-26938a314aed4aa99beeaa1db0c68fc4,ord_dataset-1ec2807f02fa4beda27d2a81b86eb843,399,df6196488b1684d47d2b9691b9aee774af86320e8eafa4e7edb76fa0700fe56d
191,ord_dataset-1ec2807f02fa4beda27d2a81b86eb843:ord-26e0784f4ead4de9b468c95315a85201,ord_dataset-1ec2807f02fa4beda27d2a81b86eb843,921,fa294c7f69e400f24becf3006d64864e8881d455fecfa1df0b173bc8ea5fb9f0
192,ord_dataset-1ec2807f02fa4beda27d2a81b86eb843:ord-26ee953990a2443a9ce67ac05496e9ce,ord_dataset-1ec2807f02fa4beda27d2a81b86eb843,770,bb5cdd893d0b01d656be415740293e94888b59b926461ba3acef4331be9800aa
193,ord_dataset-1ec2807f02fa4beda27d2a81b86eb843:ord-26fdf0529c6a4761a0bc7eef27948e10,ord_dataset-1ec2807f02fa4beda27d2a81b86eb843,669,f1273a0fde94daf23b0c66c96e8562d04e7982d550d97849dd2cfbb060b07972
194,ord_dataset-1ec2807f02fa4beda27d2a81b86eb843:ord-278b5ade5e79425d8e9797b44376ad8d,ord_dataset-1ec2807f02fa4beda27d2a81b86eb843,363,8bb5522de9f5e827b056d66c83bd37e074ae5642912217e4e03017a2909fca65
195,ord_dataset-1ec2807f02fa4beda27d2a81b86eb843:ord-27da8a3525154ee19902b46c961905f1,ord_dataset-1ec2807f02fa4beda27d2a81b86eb843,193,00dd75caabac76230d26290816078221f2a9d370c98b00bfeb4ff42e42380154
196,ord_dataset-1ec2807f02fa4beda27d2a81b86eb843:ord-280ec3332a0046aeb3f490922ad24191,ord_dataset-1ec2807f02fa4beda27d2a81b86eb843,1023,efd8157507b3b35004402078d3273b37e7259376f528b979ce56fb7fd3df3928
197,ord_dataset-1ec2807f02fa4beda27d2a81b86eb843:ord-283523e11af74613a2e0da9b3da6078c,ord_dataset-1ec2807f02fa4beda27d2a81b86eb843,845,35b0aeac31728c2f475af5c2dc3d9ec6021ef0a6ba74d7803b5fb204c9464f58
198,ord_dataset-1ec2807f02fa4beda27d2a81b86eb843:ord-285018451c6e426cb418c27ef1d1f89b,ord_dataset-1ec2807f02fa4beda27d2a81b86eb843,433,252824c68ad5cb13676fd0ccf7cceadbc5fc8859bf4e78a1df7d24b426fe93e2
199,ord_dataset-1ec2807f02fa4beda27d2a81b86eb843:ord-285b4cfc4e564c27968e56a5ce1c290f,ord_dataset-1ec2807f02fa4beda27d2a81b86eb843,338,959cf78a53bc3663e0328d36e8a29246516d9779e16938a45680c05e38e31cc8
200,ord_dataset-1ec2807f02fa4beda27d2a81b86eb843:ord-28a9ea3c3da1448dae65831f44293650,ord_dataset-1ec2807f02fa4beda27d2a81b86eb843,1153,a8f56f6ed80a5cf2cac7afca2806fee5f86ad7279e5717c281886fcbefc756e5
201,ord_dataset-1ec2807f02fa4beda27d2a81b86eb843:ord-28c182a404dd457b93720f0a2ee01db2,ord_dataset-1ec2807f02fa4beda27d2a81b86eb843,115,7505ebc8c3d1bf3cd61a0d9dfe215a01068c734eec70a543308e6cfeffaf314e
202,ord_dataset-1ec2807f02fa4beda27d2a81b86eb843:ord-28d303745d5e4f75be6c9d5c65f068a7,ord_dataset-1ec2807f02fa4beda27d2a81b86eb843,955,1f705af1b2a2d6a0d4ec1713d021a81afe7cecf910de055892b927aa8fb7dd92
203,ord_dataset-1ec2807f02fa4beda27d2a81b86eb843:ord-28d6615b0fd1419584c8c9e57615a732,ord_dataset-1ec2807f02fa4beda27d2a81b86eb843,896,a8628129d916898dec30c8c3539cd834bc40260b2bd532d339ff4463b3c97281
204,ord_dataset-1ec2807f02fa4beda27d2a81b86eb843:ord-28e14f960c81494c901318c9040ed83d,ord_dataset-1ec2807f02fa4beda27d2a81b86eb843,340,e95f0396fbc3123e6cbd5be6d6dfde78c310e97273dfd9fab9ab21b295bd545f
205,ord_dataset-1ec2807f02fa4beda27d2a81b86eb843:ord-2902bf8730cf4812b404f17a2d171cd4,ord_dataset-1ec2807f02fa4beda27d2a81b86eb843,754,a13b7979f8904e86f617408a96bc1b347f905c456e30e6eb3130e6b0781d701f
206,ord_dataset-1ec2807f02fa4beda27d2a81b86eb843:ord-29617a2ba44a433396a11854a0e5bb5f,ord_dataset-1ec2807f02fa4beda27d2a81b86eb843,878,29f6f9cbf1067d35ee87394658b890a4d9b60dae87781fede465b66cede18020
207,ord_dataset-1ec2807f02fa4beda27d2a81b86eb843:ord-29e5992767fa497090747f8cd6ef342b,ord_dataset-1ec2807f02fa4beda27d2a81b86eb843,553,38f5e43a9b772291065c2c3f3b505150a1ac8ab2a40a197fb79fa63e923bfbdc
208,ord_dataset-1ec2807f02fa4beda27d2a81b86eb843:ord-2a1f6a6ed94f495fbcc5f0642372a608,ord_dataset-1ec2807f02fa4beda27d2a81b86eb843,80,c4f49a9308d9ccef172c77e742db6285d66c5c550a63a4ba1934036985793782
209,ord_dataset-1ec2807f02fa4beda27d2a81b86eb843:ord-2a21f7cce680448db6fd419c5dbbc71e,ord_dataset-1ec2807f02fa4beda27d2a81b86eb843,367,f1e9d7d14133ece8dab80d418ed2241d6e6a2037a53061f21314134a97701f29
210,ord_dataset-1ec2807f02fa4beda27d2a81b86eb843:ord-2a275dfc888a4ed7b673d236cbb9aadf,ord_dataset-1ec2807f02fa4beda27d2a81b86eb843,645,57c3dd4712d6bbc121176f62a1b59de2c491805ff2112d78a6c4ca10ea485aa7
211,ord_dataset-1ec2807f02fa4beda27d2a81b86eb843:ord-2a54c5efae8e4bbb92597db581e039c1,ord_dataset-1ec2807f02fa4beda27d2a81b86eb843,707,aea86bf1f16131e30ad65837b4e552da73b8d1e5397a87fdf0f2cc7bf59ce8e5
212,ord_dataset-1ec2807f02fa4beda27d2a81b86eb843:ord-2a7048758b6c4f21b423d70a42c56e26,ord_dataset-1ec2807f02fa4beda27d2a81b86eb843,903,8a64614878038be0486a57b0c64992ebcec67336c640b1e62b600e52a7304fc8
213,ord_dataset-1ec2807f02fa4beda27d2a81b86eb843:ord-2a9e9c05e0dd400aa4ac3107934a6fc3,ord_dataset-1ec2807f02fa4beda27d2a81b86eb843,329,ad4be1737d90a8d9b68b87a2fa5807bc649198d69e2896ddd7d98d6323942ccf
214,ord_dataset-1ec2807f02fa4beda27d2a81b86eb843:ord-2ace604f2a004ae5bff229e6a5620e80,ord_dataset-1ec2807f02fa4beda27d2a81b86eb843,880,7ed46a7f3e910d4c60e0f7382275ec6f7df67aef862be10264735e063adbdad5
215,ord_dataset-1ec2807f02fa4beda27d2a81b86eb843:ord-2aefcf513662458b9b40e72a86e1d262,ord_dataset-1ec2807f02fa4beda27d2a81b86eb843,1060,ea3515f68b170a9b9f9856fede9a13c7e1f7f15c2746c1ca02ef3fe746840bdd
216,ord_dataset-1ec2807f02fa4beda27d2a81b86eb843:ord-2b3d026ccd4f4b788bda83f1ac8bde0f,ord_dataset-1ec2807f02fa4beda27d2a81b86eb843,509,c1dd015043c109ac5dbf30d986d16b0e881932337469bde2c704504372b4b5dc
217,ord_dataset-1ec2807f02fa4beda27d2a81b86eb843:ord-2bd34928bb7e46889797cd9d7e2187c3,ord_dataset-1ec2807f02fa4beda27d2a81b86eb843,176,925e1046279455a989690d775fba27f4eb4d7a2a634b4efc5400e8ea1dc21f42
218,ord_dataset-1ec2807f02fa4beda27d2a81b86eb843:ord-2bed426b32f64cbe9bb316611b44e4dd,ord_dataset-1ec2807f02fa4beda27d2a81b86eb843,763,ede2db22a47e7e4787ee5b46df891f2dcf17f41a5b4327c1763769dc410acc84
219,ord_dataset-1ec2807f02fa4beda27d2a81b86eb843:ord-2bff738ac8724d54861117711c51ed8c,ord_dataset-1ec2807f02fa4beda27d2a81b86eb843,546,c8ead98a33058c64c5b4a1275fde8abaac5bc6ceead6dea7c01d38df061968e1
220,ord_dataset-1ec2807f02fa4beda27d2a81b86eb843:ord-2c394124b8714e179352ae9c2d9944c6,ord_dataset-1ec2807f02fa4beda27d2a81b86eb843,552,075ff2a0fc8f0753f3bac1908d6f8d0ab32880ef3cdcc608ef899d5c5febded0
221,ord_dataset-1ec2807f02fa4beda27d2a81b86eb843:ord-2c436f153b7e4ab5b84e68fabea1305b,ord_dataset-1ec2807f02fa4beda27d2a81b86eb843,791,6f8b70374b826dbd4500a76a02e1a6034ebe8ec9520e9270a8df6be42fa2f219
222,ord_dataset-1ec2807f02fa4beda27d2a81b86eb843:ord-2c6a2e9254e04617b418f6e7ffa8dbe5,ord_dataset-1ec2807f02fa4beda27d2a81b86eb843,1186,45f8a25dfbbb23424ed8178e2987b9bb97dd29082b5b0280e34ea058c7ef767d
223,ord_dataset-1ec2807f02fa4beda27d2a81b86eb843:ord-2c8e178943c242c78f78973f44af095d,ord_dataset-1ec2807f02fa4beda27d2a81b86eb843,466,c2e9b11b9b6668e2ba70707412331f16375fc2d90b7c9698f959cc57df757ecc
224,ord_dataset-1ec2807f02fa4beda27d2a81b86eb843:ord-2cba15547216457fa8bbe77cabef984f,ord_dataset-1ec2807f02fa4beda27d2a81b86eb843,1005,ded6800f592aeefba085deebb6a7eb02c7928147952d0c09b46bc029cc8ff567
225,ord_dataset-1ec2807f02fa4beda27d2a81b86eb843:ord-2ccebda9e64f4dfcb689b495b0191b46,ord_dataset-1ec2807f02fa4beda27d2a81b86eb843,298,1bd64bac89bd6781f24446443183278ab444272b8b1ceffbc9f2b02309879736
226,ord_dataset-1ec2807f02fa4beda27d2a81b86eb843:ord-2cda30e8698c4a389b321e33519020b8,ord_dataset-1ec2807f02fa4beda27d2a81b86eb843,803,a51cf53b9216c17a63d1d91e3458fc6d1121da07929cfe8404d3c62a22e6c317
227,ord_dataset-1ec2807f02fa4beda27d2a81b86eb843:ord-2ce6362db53345608a480dab887996c6,ord_dataset-1ec2807f02fa4beda27d2a81b86eb843,692,b95cbabbe66011c6bada9eb22592845c30edecb4acd95f85b111fcc40e1199ac
228,ord_dataset-1ec2807f02fa4beda27d2a81b86eb843:ord-2d135284e9c24e9086d621065c414fc4,ord_dataset-1ec2807f02fa4beda27d2a81b86eb843,1143,45524ffcbd19ca129e505f67df075c1aba1073b184470e32c3da7cb8673f0af3
229,ord_dataset-1ec2807f02fa4beda27d2a81b86eb843:ord-2d1831ce478b4b8996a86788df651fab,ord_dataset-1ec2807f02fa4beda27d2a81b86eb843,684,8b92799ea428ef079f0a56858e5c002f1d42269cd007b35ab01659aaef5bd21c
230,ord_dataset-1ec2807f02fa4beda27d2a81b86eb843:ord-2d376cc61b744bd79216a1673142fd0f,ord_dataset-1ec2807f02fa4beda27d2a81b86eb843,13,bfb4d918ec689cf42bd36b12547e2ebc06cefc30781cca538ba8f3603a15b5f2
231,ord_dataset-1ec2807f02fa4beda27d2a81b86eb843:ord-2d52d03743fb47f29503ee8ac7a427aa,ord_dataset-1ec2807f02fa4beda27d2a81b86eb843,1100,a41d36bc8a7e48f81cd0b8dcaa0f51f23885078481f99c80564d9833707ec4b6
232,ord_dataset-1ec2807f02fa4beda27d2a81b86eb843:ord-2d79834367f4455c97ad07e40d9221d7,ord_dataset-1ec2807f02fa4beda27d2a81b86eb843,297,ec76de24a5607fc382c2efdb4e02e82edab671ca9be66ff80b45985383131bc5
233,ord_dataset-1ec2807f02fa4beda27d2a81b86eb843:ord-2dea63faf83747ce82a86700edc02b41,ord_dataset-1ec2807f02fa4beda27d2a81b86eb843,173,867b794ccccfeb59bced14129ac87e5764cf22356c29fcacabf2a2b426c00a88
234,ord_dataset-1ec2807f02fa4beda27d2a81b86eb843:ord-2e384c5e35d342a58d35b09be13ccdd3,ord_dataset-1ec2807f02fa4beda27d2a81b86eb843,595,cf133af885715ba8523b3e9a4b4f6b68e5b86e12c236a7d91e34cff90b533892
235,ord_dataset-1ec2807f02fa4beda27d2a81b86eb843:ord-2e9f525e339b44b0a319201feb977d7a,ord_dataset-1ec2807f02fa4beda27d2a81b86eb843,1024,a4b4ba5dfc864124af892861bf8cda129862e0bf502cca2f539d9d5777978371
236,ord_dataset-1ec2807f02fa4beda27d2a81b86eb843:ord-2ed211ba1ddb497fab84f4075447d33a,ord_dataset-1ec2807f02fa4beda27d2a81b86eb843,1068,850777ba2b2c319af57a4b577d12e0f855e1dc1b113fd25afc0bc4ca59ca1070
237,ord_dataset-1ec2807f02fa4beda27d2a81b86eb843:ord-2edc8e28c44247019e1a68253be7134f,ord_dataset-1ec2807f02fa4beda27d2a81b86eb843,696,52834057a27dfe5b7838c7db1b3b7e4bbe4745b34dd73c23cfbe2bfd648f4132
238,ord_dataset-1ec2807f02fa4beda27d2a81b86eb843:ord-2ee951ede5da4b8fb0bf127c671c0718,ord_dataset-1ec2807f02fa4beda27d2a81b86eb843,602,a291862aa88cc46d4cffb1bc80f9024254df589f5a79bbfc6038090bc53c4280
239,ord_dataset-1ec2807f02fa4beda27d2a81b86eb843:ord-2efce2833835452c875f0f07e8910284,ord_dataset-1ec2807f02fa4beda27d2a81b86eb843,92,bc3d0e47f3d1ba0b7e09099125fb0cad9cd79ab8f48b6c6da900d3d77694ed21
240,ord_dataset-1ec2807f02fa4beda27d2a81b86eb843:ord-2f153b64b987470cb883ccf32279c053,ord_dataset-1ec2807f02fa4beda27d2a81b86eb843,1184,40be72d49bcef5aeab03e6d754ad88a8a5892208c74b80d06368cf9db64037c0
241,ord_dataset-1ec2807f02fa4beda27d2a81b86eb843:ord-2f47bbb8b174409eb3d0be18ebf1b4c2,ord_dataset-1ec2807f02fa4beda27d2a81b86eb843,812,dbc2988eebd97b95e418786f5f5c5abe498b1336cd58ec5d2bec151ef3cdb339
242,ord_dataset-1ec2807f02fa4beda27d2a81b86eb843:ord-2f50563971fe41f2ad2e10f791faac8e,ord_dataset-1ec2807f02fa4beda27d2a81b86eb843,861,dcaa089a60dd12a5cbb81d113625b87cf4c4739b399ad59064ceac6339d4beac
243,ord_dataset-1ec2807f02fa4beda27d2a81b86eb843:ord-2f6b44b9239a490493c6f42cff3c60db,ord_dataset-1ec2807f02fa4beda27d2a81b86eb843,496,07e7ddb2c341668801574814b675632de11a5cd4fae22933960b547278efff34
244,ord_dataset-1ec2807f02fa4beda27d2a81b86eb843:ord-2f82f7c044c74ad9b0c70a63771729ac,ord_dataset-1ec2807f02fa4beda27d2a81b86eb843,615,4a18c298924e0f6bea001d26f0f32eb5df145fdea5186bb68d05bda9a59fa8ce
245,ord_dataset-1ec2807f02fa4beda27d2a81b86eb843:ord-2f9609fd6e3341979c835c03aad5a40f,ord_dataset-1ec2807f02fa4beda27d2a81b86eb843,1069,0350a7d3125f3c1d68632db511d5b51fdd205d4b49a8007221ffd0ddd107e48a
246,ord_dataset-1ec2807f02fa4beda27d2a81b86eb843:ord-2fa08c5b68dc4fcc94459a38dbb94b88,ord_dataset-1ec2807f02fa4beda27d2a81b86eb843,384,387a8d55576c0dc9db134ebb2d00a7abb60009dba794df868489a2d1e7cdc1fe
247,ord_dataset-1ec2807f02fa4beda27d2a81b86eb843:ord-2fad6662f9dd4369b8d8e757ad4980d1,ord_dataset-1ec2807f02fa4beda27d2a81b86eb843,769,5b1882fbf0253ba919a49218fabf19f089416be345a1e2ee948ec657a50ea786
248,ord_dataset-1ec2807f02fa4beda27d2a81b86eb843:ord-2fceeedc57b6437ba2ab5f07d39663aa,ord_dataset-1ec2807f02fa4beda27d2a81b86eb843,131,e1c7cbe1dbbf74e9793326737a045a17d60ec09343ad3fa6ccc24c1115bbd504
249,ord_dataset-1ec2807f02fa4beda27d2a81b86eb843:ord-308c17f73ada45599b061aa67d814bbb,ord_dataset-1ec2807f02fa4beda27d2a81b86eb843,1056,56f2ba66092114f2ddc5d1d4b31683e5b137fd63c674875333615caeada02a09
250,ord_dataset-1ec2807f02fa4beda27d2a81b86eb843:ord-31759c19d04e446e8988f6937f864792,ord_dataset-1ec2807f02fa4beda27d2a81b86eb843,52,6bd5949f1855b8c54a5ab4e179ea44393ea054f164aa282735de2458fe1836ed
251,ord_dataset-1ec2807f02fa4beda27d2a81b86eb843:ord-317ecd68d9de4b4d8d1a30713cca12a3,ord_dataset-1ec2807f02fa4beda27d2a81b86eb843,382,6786155f61f3248545f1db653d4a7522907b9c1ca9c1ef45d59ccd040ea7583e
252,ord_dataset-1ec2807f02fa4beda27d2a81b86eb843:ord-3211a0ee4f774b618ef34b5aed6c0eb0,ord_dataset-1ec2807f02fa4beda27d2a81b86eb843,394,bc7d3f9214387796c6d28b9f65d2a94f8860ab8798825f59b2177f6cb50bdd4c
253,ord_dataset-1ec2807f02fa4beda27d2a81b86eb843:ord-325a73769a9743c4907bb2fdb4aac4b1,ord_dataset-1ec2807f02fa4beda27d2a81b86eb843,939,d024792a7cd90fa8f874315a9418313f5097cbbb16928fe2a69428b01c218839
254,ord_dataset-1ec2807f02fa4beda27d2a81b86eb843:ord-32df0ae0fe2543bead62e6df5ec523c9,ord_dataset-1ec2807f02fa4beda27d2a81b86eb843,806,82393fe96ab86c5c6aefc606fee17ce90cd593256e57203e77ab5a376e816a11
255,ord_dataset-1ec2807f02fa4beda27d2a81b86eb843:ord-3318a1d8de9a430db8d686ebf3dd7b44,ord_dataset-1ec2807f02fa4beda27d2a81b86eb843,98,bf944976e81e223c361e4192b4ba34d15f1dbb373d419a15f53d851318532b57
256,ord_dataset-1ec2807f02fa4beda27d2a81b86eb843:ord-331fd21bdfdc43549f8ec1b748d36f82,ord_dataset-1ec2807f02fa4beda27d2a81b86eb843,686,9c56679f71e93d396df06a42e1244cb5db3c014e9e98bd177eb61c225ab42708
257,ord_dataset-1ec2807f02fa4beda27d2a81b86eb843:ord-33212d821a7b46149d21ce3a60e9606c,ord_dataset-1ec2807f02fa4beda27d2a81b86eb843,431,1098ab831afb0ec3dcf2f53114c2eecffc01b7304899e2c0f71a37bfed4d42b2
258,ord_dataset-1ec2807f02fa4beda27d2a81b86eb843:ord-3322a068a1e5446dae80fe9b4e8e6335,ord_dataset-1ec2807f02fa4beda27d2a81b86eb843,1081,5f627400fb5d05e427b47ae0f1d7cdb4ec109ed2160a5e44be9fbd9567e63530
259,ord_dataset-1ec2807f02fa4beda27d2a81b86eb843:ord-3324a6684bf74c63a99bd7037267bc1a,ord_dataset-1ec2807f02fa4beda27d2a81b86eb843,764,7b0a4d1f437270899080d2dd53d9cae799c53639605951cf928fb88c3c42f81b
260,ord_dataset-1ec2807f02fa4beda27d2a81b86eb843:ord-334c743350e745dd9fc9c81996fb1f56,ord_dataset-1ec2807f02fa4beda27d2a81b86eb843,48,96fb7237c3cc9f08c8685359a6041a5664a57a5bf6a4ab57d09fa8c5057bc4bc
261,ord_dataset-1ec2807f02fa4beda27d2a81b86eb843:ord-33658d5d286f46d98e20794404f483e9,ord_dataset-1ec2807f02fa4beda27d2a81b86eb843,438,7e70c624d479cc32c21280fa2fc46593d92cd30e4d6d031b59d0ee39ae188db8
262,ord_dataset-1ec2807f02fa4beda27d2a81b86eb843:ord-3372959e28344880ae2f69f988a6b35e,ord_dataset-1ec2807f02fa4beda27d2a81b86eb843,307,c5992f3a46ca17b248a8d2bebd40e8e3b2141da508a81c39e475cbb563c84567
263,ord_dataset-1ec2807f02fa4beda27d2a81b86eb843:ord-337fb8b9d9744defa085453fbac0458b,ord_dataset-1ec2807f02fa4beda27d2a81b86eb843,330,31cb33eecf32cd4cf0a17d83e8bed90b3d8ec919ecc4f05b39ef5ddcf1c4f884
264,ord_dataset-1ec2807f02fa4beda27d2a81b86eb843:ord-33ffbb475d1e4195af5ff8798bcf0750,ord_dataset-1ec2807f02fa4beda27d2a81b86eb843,104,aeee49a8190b98a2ae7b85b1cbfdfba91bd7ca676fecc97c8139d73a81cf23ff
265,ord_dataset-1ec2807f02fa4beda27d2a81b86eb843:ord-343017fe54a54af496a8056cd6d4f9d6,ord_dataset-1ec2807f02fa4beda27d2a81b86eb843,1076,694512bd86f7e663a763b993842af4e21e7e6327132af254e57d8b337c693285
266,ord_dataset-1ec2807f02fa4beda27d2a81b86eb843:ord-3435821c47aa4f8a8bc0a34ecf98fe68,ord_dataset-1ec2807f02fa4beda27d2a81b86eb843,89,3a30fbd521184529d61a471f0a1fea1628f2072d46615154ab856462a9e1f70e
267,ord_dataset-1ec2807f02fa4beda27d2a81b86eb843:ord-34700266b9f34386b849d9e1f037d50d,ord_dataset-1ec2807f02fa4beda27d2a81b86eb843,436,8bbd2d185d38501bae4a0c59a6efd52d634c0f722d91b0f5476722e12b36fe7c
268,ord_dataset-1ec2807f02fa4beda27d2a81b86eb843:ord-34be1ebb29784139bfcd33e425340529,ord_dataset-1ec2807f02fa4beda27d2a81b86eb843,665,a553cdeaf4e9b1dd7bb1758030f772f53e194d6c4d0835468fe14a746c26e988
269,ord_dataset-1ec2807f02fa4beda27d2a81b86eb843:ord-34c68affa1f049ea86d232f62b175a49,ord_dataset-1ec2807f02fa4beda27d2a81b86eb843,650,9a16888075edded47af2d12a422129153a2c3d4a05f49ac33d20db65e3373250
270,ord_dataset-1ec2807f02fa4beda27d2a81b86eb843:ord-350f6bba0063476a96fca85bc09b3aca,ord_dataset-1ec2807f02fa4beda27d2a81b86eb843,8,8c56df8fddcb5064472a799ecadc24bd7c612fa86b419e67dd485fa8b924e10e
271,ord_dataset-1ec2807f02fa4beda27d2a81b86eb843:ord-35101162058748eea449de23dfd9cdad,ord_dataset-1ec2807f02fa4beda27d2a81b86eb843,430,130d79c6ba80a515a55976e4828c86f5715e1d9f7e8071e00658025febcb883d
272,ord_dataset-1ec2807f02fa4beda27d2a81b86eb843:ord-3514331f0b84421aaddea62afb424c71,ord_dataset-1ec2807f02fa4beda27d2a81b86eb843,980,c7f725c68a6adfbb6b744da5251765fda7a07ea5e40098e6a53a3edb5c2d2c98
273,ord_dataset-1ec2807f02fa4beda27d2a81b86eb843:ord-353351afbd8c4cb19257a23d8c4ea205,ord_dataset-1ec2807f02fa4beda27d2a81b86eb843,1051,d7a716efdbba8d568063660777c93f74d1225beea42089c168b01f47917f6693
274,ord_dataset-1ec2807f02fa4beda27d2a81b86eb843:ord-35dcd0d8610241d4bdc31d590d397d1e,ord_dataset-1ec2807f02fa4beda27d2a81b86eb843,72,a2b2b857ebdeb487b85623b69c0c7258c0afb76561f77e85a22123f244746535
275,ord_dataset-1ec2807f02fa4beda27d2a81b86eb843:ord-3615375d013c4f55946ebdf9f6f6567d,ord_dataset-1ec2807f02fa4beda27d2a81b86eb843,973,5cdc09b1256a90f5c95713b983999fe0e31d0ab2a32ab9a3119d09290d2e72d3
276,ord_dataset-1ec2807f02fa4beda27d2a81b86eb843:ord-36c8ee80e0314955b4220af0209ed5eb,ord_dataset-1ec2807f02fa4beda27d2a81b86eb843,190,bbe69f59da0fa19dd475cb333300c7d128d261f556a96a71650c7cdf4b53c823
277,ord_dataset-1ec2807f02fa4beda27d2a81b86eb843:ord-3708fd6eb5174ba98c6e4eced107fddd,ord_dataset-1ec2807f02fa4beda27d2a81b86eb843,818,f8b7968ccd8d9da6681b8c4d224cf28c3f0d9c368ddefae14a8ed13bbabac4a7
278,ord_dataset-1ec2807f02fa4beda27d2a81b86eb843:ord-3736f6bf35a3473c8433ce05055ea912,ord_dataset-1ec2807f02fa4beda27d2a81b86eb843,555,e135fa45dad1024b6e6edbbdf9eb9928ca8d26941b70ef6042cf27c5e25dc01b
279,ord_dataset-1ec2807f02fa4beda27d2a81b86eb843:ord-373e8798a0454194b35e49cfadcf7a47,ord_dataset-1ec2807f02fa4beda27d2a81b86eb843,227,38d6d1865832377a897632eb6c920d5e2f61c5ce4ea17b5371a75cbca0819c0b
280,ord_dataset-1ec2807f02fa4beda27d2a81b86eb843:ord-378e6f156c704f46bf95ea13e6ce4a87,ord_dataset-1ec2807f02fa4beda27d2a81b86eb843,942,f6c4b73bd7627bcecefb724ec0dc11778b4241ce7a3295eda50d94b76b9ff3e7
281,ord_dataset-1ec2807f02fa4beda27d2a81b86eb843:ord-37998f281e3e40ea951719d8610b47a5,ord_dataset-1ec2807f02fa4beda27d2a81b86eb843,1049,85a43be23cae0ec9435cd8c90a615711dd9b2c3b75dbd842ec3b64c60ce5e3d4
282,ord_dataset-1ec2807f02fa4beda27d2a81b86eb843:ord-37adfaddd73e4119838601a91e9e8e76,ord_dataset-1ec2807f02fa4beda27d2a81b86eb843,418,3dabf97d72362fd908d42dbbd048a21147d55277e78fbae6da034a5e93a70c64
283,ord_dataset-1ec2807f02fa4beda27d2a81b86eb843:ord-37be84f804534c48962d768a59ad2043,ord_dataset-1ec2807f02fa4beda27d2a81b86eb843,718,2b3530bb71b19b82a94084df051ae7a54114f74731add93c77a1e759bc77e897
284,ord_dataset-1ec2807f02fa4beda27d2a81b86eb843:ord-37bfcc0089a946e79c8edded0d070528,ord_dataset-1ec2807f02fa4beda27d2a81b86eb843,729,5ea253fe2b6a3a7d830f32a1cceff7ce991afece8fd75ebefa96a89c4a10695d
285,ord_dataset-1ec2807f02fa4beda27d2a81b86eb843:ord-37c545239b4941319168e0d55b173ea1,ord_dataset-1ec2807f02fa4beda27d2a81b86eb843,1175,347b81d2309bfa35e8684d3bd325954aaf593d7e7eb3bd6f3d92e9b5af60d623
286,ord_dataset-1ec2807f02fa4beda27d2a81b86eb843:ord-37d0ca8694e34adfbe7d19e4efdcc7e0,ord_dataset-1ec2807f02fa4beda27d2a81b86eb843,513,6eb76aa33fd0b9ca00453b6393c8c89f63e5ccaa7caa6316ca25c54c8b6d7d57
287,ord_dataset-1ec2807f02fa4beda27d2a81b86eb843:ord-37f9024daeed4cf8bbdc4bd7428488f9,ord_dataset-1ec2807f02fa4beda27d2a81b86eb843,452,c44df33b7574ad07afa5c64181a8a160134a33eafe7eee334976b1d6f9ff6560
288,ord_dataset-1ec2807f02fa4beda27d2a81b86eb843:ord-38091c03678842c2928311528001412c,ord_dataset-1ec2807f02fa4beda27d2a81b86eb843,1141,8f578b398bf9993cf304a3a559037684935126db5878d4b67e10a5e6f5c0f506
289,ord_dataset-1ec2807f02fa4beda27d2a81b86eb843:ord-380d725c78744e599a6a0af4cd993b5a,ord_dataset-1ec2807f02fa4beda27d2a81b86eb843,909,575dff7662b5165960a6161792112acf8d4e4fff998a1f11a2669d13a94bb69d
290,ord_dataset-1ec2807f02fa4beda27d2a81b86eb843:ord-38166b8fba5c402f9184dc16d903bb77,ord_dataset-1ec2807f02fa4beda27d2a81b86eb843,722,1050c44c053e4f6921719941dbc12142002125b56ce0962796ebe489325ec4be
291,ord_dataset-1ec2807f02fa4beda27d2a81b86eb843:ord-3826a636050c4a4bb620323848165dcd,ord_dataset-1ec2807f02fa4beda27d2a81b86eb843,1144,5fce3c7180b783c68efd0352187e7a212ec4eb90b310b8747373e8c6793d879f
292,ord_dataset-1ec2807f02fa4beda27d2a81b86eb843:ord-3831e2c8283343b6a47649637e96d72e,ord_dataset-1ec2807f02fa4beda27d2a81b86eb843,596,834a91e1022dad3096f6d25856169c966811d377a0cc6f07a430a056c8050efe
293,ord_dataset-1ec2807f02fa4beda27d2a81b86eb843:ord-38714ab125aa46cbb91dcb49cae5e2b7,ord_dataset-1ec2807f02fa4beda27d2a81b86eb843,672,ec82ee70cd06368219d06ed3500bf5a2e4bbfcb99e2a8789ce89cc610d2b51fa
294,ord_dataset-1ec2807f02fa4beda27d2a81b86eb843:ord-38c0bf5b5e10471f8c293367edf857ad,ord_dataset-1ec2807f02fa4beda27d2a81b86eb843,514,d3371ad331c95546c57eebbc7d7e2a7fb736bb4019c789ef18c38bdb9611e6dd
295,ord_dataset-1ec2807f02fa4beda27d2a81b86eb843:ord-38f08b352f5c435e824a1e53e4adfd48,ord_dataset-1ec2807f02fa4beda27d2a81b86eb843,144,d84ad3a4f09e17a232b80fda2d6f4ea18bfd07d1db15d477b5c3f753f91566a8
296,ord_dataset-1ec2807f02fa4beda27d2a81b86eb843:ord-38f22edbd4ce46209a1ba870be21179f,ord_dataset-1ec2807f02fa4beda27d2a81b86eb843,6,91fb93d5fe6069d9b558567fae104a4467af5fa24b75ba4acc8b588cfaac6b7a
297,ord_dataset-1ec2807f02fa4beda27d2a81b86eb843:ord-39280840f04e44dfb1e1a4ce085b092f,ord_dataset-1ec2807f02fa4beda27d2a81b86eb843,826,a5a8b8727572789036f4fc4e45fc998ba989c086995514f32faf65b3105c1c3b
298,ord_dataset-1ec2807f02fa4beda27d2a81b86eb843:ord-397dcd338fd543e6a34ccd3397a84818,ord_dataset-1ec2807f02fa4beda27d2a81b86eb843,359,f6db68abc8b72b75f813a9f7963e9f16a7ed3773f7e2f4b87e3301b372dbc3dd
299,ord_dataset-1ec2807f02fa4beda27d2a81b86eb843:ord-39ac33fdd34c4485ae192a758c5c5d56,ord_dataset-1ec2807f02fa4beda27d2a81b86eb843,230,e0ebeec092f33aa36c748c6c831eee470ea7b649121a83ce11268c4d797b9261
300,ord_dataset-1ec2807f02fa4beda27d2a81b86eb843:ord-39cc4236847841ddaf4490ac8ee98296,ord_dataset-1ec2807f02fa4beda27d2a81b86eb843,4,6ad179f134a3f6ca14bf66d62e0dedeee4bc2e46163ad5b6609ea662766f4fd1
301,ord_dataset-1ec2807f02fa4beda27d2a81b86eb843:ord-39fca0de323c4b259b9df06f4910bc17,ord_dataset-1ec2807f02fa4beda27d2a81b86eb843,204,f588e496c6ffc624dce36a4d93a164c36f81bf63847931612fbe5b954302df85
302,ord_dataset-1ec2807f02fa4beda27d2a81b86eb843:ord-3a589bf5bf7245499e8496191a848942,ord_dataset-1ec2807f02fa4beda27d2a81b86eb843,667,b60422007b61479815afc2a35a54deaeba1e6f4805943e13993016af52a82268
303,ord_dataset-1ec2807f02fa4beda27d2a81b86eb843:ord-3b4981991c97446888661f4b7d656a24,ord_dataset-1ec2807f02fa4beda27d2a81b86eb843,1074,3684e1a57044ff63237a6344cfa38b9421a53b7190b82687280e2dc5c305fa1b
304,ord_dataset-1ec2807f02fa4beda27d2a81b86eb843:ord-3c076206767741bdb781d97e74df0651,ord_dataset-1ec2807f02fa4beda27d2a81b86eb843,1165,d999956c913ca6428f2fafb02c0ea8e0ddecdbf8f6e7e91601ec270252de451f
305,ord_dataset-1ec2807f02fa4beda27d2a81b86eb843:ord-3c45622202cf48b08609f8a92c74753e,ord_dataset-1ec2807f02fa4beda27d2a81b86eb843,250,b9be7c74fbd11a63594ee514af99dcd290fd69381295e4c0a3ff22a8742e96f7
306,ord_dataset-1ec2807f02fa4beda27d2a81b86eb843:ord-3c80b151f71d4077aa08fe7586e5aa8d,ord_dataset-1ec2807f02fa4beda27d2a81b86eb843,274,25bcc3c9376d2ff4daa1be4f3dac14af1344b770c88937e4bff6cfe9d38f9a54
307,ord_dataset-1ec2807f02fa4beda27d2a81b86eb843:ord-3cbd902e26094639bb12ea1d4b3b24f2,ord_dataset-1ec2807f02fa4beda27d2a81b86eb843,489,5700fd8abbe664400e0d1d94bf3c732202abe1a3965e0a08fcc191c0c7788914
308,ord_dataset-1ec2807f02fa4beda27d2a81b86eb843:ord-3cc621102b97467fac7f944484b67815,ord_dataset-1ec2807f02fa4beda27d2a81b86eb843,711,c76509bde33b940996174ee8e44817dd7ed46757eea73680069ecf6e69efde85
309,ord_dataset-1ec2807f02fa4beda27d2a81b86eb843:ord-3cd65ea99f3d4416a8534a052d537bec,ord_dataset-1ec2807f02fa4beda27d2a81b86eb843,143,9acdd18f43e356e28443258cab32416fe05c0d5fe461896fe4abfe3ac00a2f27
310,ord_dataset-1ec2807f02fa4beda27d2a81b86eb843:ord-3cdb424135ca454a90abc52115b35d13,ord_dataset-1ec2807f02fa4beda27d2a81b86eb843,507,b4114996ef06a58dd01cd3b0d9c8a04c2e5318dfc19f42b392a5b430c320a289
311,ord_dataset-1ec2807f02fa4beda27d2a81b86eb843:ord-3d27a3123c09492cac9a24d8abbc4563,ord_dataset-1ec2807f02fa4beda27d2a81b86eb843,449,9802504769ae7b1a7025fcaf684bdf70794a03bc1708813e194523e0d2c80f12
312,ord_dataset-1ec2807f02fa4beda27d2a81b86eb843:ord-3d3699c4a2774c44921c0108570cfc29,ord_dataset-1ec2807f02fa4beda27d2a81b86eb843,531,787d84a046fa8680b33065767f6f90340b44d0bf6654a7ab907e1e8511863146
313,ord_dataset-1ec2807f02fa4beda27d2a81b86eb843:ord-3d609e0dfe8a4b07be685a74f93e0c49,ord_dataset-1ec2807f02fa4beda27d2a81b86eb843,502,16f5fd0cc992b3200dd3db983c79136dabb9e296681295b052348ffddf905bbc
314,ord_dataset-1ec2807f02fa4beda27d2a81b86eb843:ord-3dbe0ac743f846b9a0110233f807064b,ord_dataset-1ec2807f02fa4beda27d2a81b86eb843,331,ac9ae6391fde400531a9b762f3674217ae12ad75c8cf4006c584408d14c46b0d
315,ord_dataset-1ec2807f02fa4beda27d2a81b86eb843:ord-3e00b2378ae44426a1363dec69cd697e,ord_dataset-1ec2807f02fa4beda27d2a81b86eb843,593,ef6aa936388dc065ff295593774b7bf61ddf7f1bfd1c2dc240a9b6f4a0eb31eb
316,ord_dataset-1ec2807f02fa4beda27d2a81b86eb843:ord-3e70aba9861d475dad7de97d90ee7981,ord_dataset-1ec2807f02fa4beda27d2a81b86eb843,781,ad1f420f8038ae291583bda331ce90c2d10768ae9542ad2fa84ca8c0d7a504b6
317,ord_dataset-1ec2807f02fa4beda27d2a81b86eb843:ord-3ed1a0bf706c4f7b8cc02e4efde57592,ord_dataset-1ec2807f02fa4beda27d2a81b86eb843,409,1b1fec09315f8e6ea5aa008a998df86d82b65bd4c12e42c5c25e6cda074ffb75
318,ord_dataset-1ec2807f02fa4beda27d2a81b86eb843:ord-3ef52a372f084f73b1c5779b931b836e,ord_dataset-1ec2807f02fa4beda27d2a81b86eb843,1156,a3cb424d1be22902b9505e589a2f916cf2abdf86f750d3ae1bb0d40f25854b93
319,ord_dataset-1ec2807f02fa4beda27d2a81b86eb843:ord-3f3a2c931ee64315be19704e08a14a5c,ord_dataset-1ec2807f02fa4beda27d2a81b86eb843,74,93f513c9ceedb3b64ae2d88c74d9747120bd48c4331a31d0ba0d72e9a8de135e
320,ord_dataset-1ec2807f02fa4beda27d2a81b86eb843:ord-3f806f4cbe9e42bfb5b6ca132f29f948,ord_dataset-1ec2807f02fa4beda27d2a81b86eb843,304,11f40ff64c41509c3f1c6a537655b13a78556fd8d813855b0023ba7c35197a5b
321,ord_dataset-1ec2807f02fa4beda27d2a81b86eb843:ord-3fc04866cfd9450892e1103bf7b1c83b,ord_dataset-1ec2807f02fa4beda27d2a81b86eb843,94,bb408c25f35977bbeb05eefc1bd39d254fb627a2dd64a123977dec46e09acb3c
322,ord_dataset-1ec2807f02fa4beda27d2a81b86eb843:ord-3ff7fff322ae42cf90c72c5126c046fc,ord_dataset-1ec2807f02fa4beda27d2a81b86eb843,767,0705b323859570c4793161f0495a53345e30fa3ca509e1cbf36154d92ba84e07
323,ord_dataset-1ec2807f02fa4beda27d2a81b86eb843:ord-3ff8aae29915478d91ff275a28ba1215,ord_dataset-1ec2807f02fa4beda27d2a81b86eb843,437,2ce3ad7e701ef180433d5a00d6f6813c2d01c439bd6ea98222474db5d89f8698
324,ord_dataset-1ec2807f02fa4beda27d2a81b86eb843:ord-4051940df794438d97d71737a43c4586,ord_dataset-1ec2807f02fa4beda27d2a81b86eb843,196,c642dbfd3285af8281c28ec59275bdb775d8ca65c91b706f58b3cbaea2df0ae7
325,ord_dataset-1ec2807f02fa4beda27d2a81b86eb843:ord-40ac470e2c43483b9b5c74eaed81a19b,ord_dataset-1ec2807f02fa4beda27d2a81b86eb843,947,c1525c9ddcc3f0d438f20042b6cdd94794c758d36328ee18644a6dddb0784586
326,ord_dataset-1ec2807f02fa4beda27d2a81b86eb843:ord-40c674e90d554f81abcd87576b55d3c6,ord_dataset-1ec2807f02fa4beda27d2a81b86eb843,145,9c5781f8947e13dd1cbfa1b04c6d139d47757b9054410fb0bb60c50dda0fc619
327,ord_dataset-1ec2807f02fa4beda27d2a81b86eb843:ord-40c90f27cb0542c5beb60bf968fd007e,ord_dataset-1ec2807f02fa4beda27d2a81b86eb843,335,9023fc8b0e9f3b73a806b11762701fa3124ef7e656d823c82dee4bcd32c08a4c
328,ord_dataset-1ec2807f02fa4beda27d2a81b86eb843:ord-410546d8b63b4c6696d162112de141d5,ord_dataset-1ec2807f02fa4beda27d2a81b86eb843,1192,3539eca729d2261b379ccab43834ff515bcf5f0842db89090a382b8d6d14fc7e
329,ord_dataset-1ec2807f02fa4beda27d2a81b86eb843:ord-413e420b205a42f6a97cfb3ab0303a98,ord_dataset-1ec2807f02fa4beda27d2a81b86eb843,451,c976733a9b2b1031ad3bd1e20d48c6d41c56e6c8569178750b290ed6fdde691a
330,ord_dataset-1ec2807f02fa4beda27d2a81b86eb843:ord-417df757d5364ccdb40f8e1c4f557227,ord_dataset-1ec2807f02fa4beda27d2a81b86eb843,558,ee942f93f121d1ab235abee6a2591f12e2887ee9fdd3d751d01fb73a4bceffed
331,ord_dataset-1ec2807f02fa4beda27d2a81b86eb843:ord-41963eb65213402c9faa5688c0f04bbc,ord_dataset-1ec2807f02fa4beda27d2a81b86eb843,136,14122e00d74b314376e2f65af31709290483b57919630749f129d19d3e379c41
332,ord_dataset-1ec2807f02fa4beda27d2a81b86eb843:ord-41e9ef322a2941358d8e46d19c999c04,ord_dataset-1ec2807f02fa4beda27d2a81b86eb843,254,00f3e4548321bf5f6ebcc9c583dc36a26f317b58e526b4c50acbef1061c06a91
333,ord_dataset-1ec2807f02fa4beda27d2a81b86eb843:ord-423d8bccdeaa446c9120db632f21369f,ord_dataset-1ec2807f02fa4beda27d2a81b86eb843,1135,8389b404c9d7c6f4c04fe23cb31f7fbfd44bbaf0a949397f64d9c39b7159d49c
334,ord_dataset-1ec2807f02fa4beda27d2a81b86eb843:ord-4254391d9a0e4c4cb14265a655d8b290,ord_dataset-1ec2807f02fa4beda27d2a81b86eb843,916,35b3537939c35d5c2b9a27efd23b33ff1af34e49140d09fa8d4489ecb939bd3f
335,ord_dataset-1ec2807f02fa4beda27d2a81b86eb843:ord-42c4441b341a4940bbe9a6b6812a38ba,ord_dataset-1ec2807f02fa4beda27d2a81b86eb843,982,073dca679419212f0b70915ca54ea20d6e2b3e07919f77d2639f6bc98d94c3cb
336,ord_dataset-1ec2807f02fa4beda27d2a81b86eb843:ord-4356ce087e794c2795932d799e72330d,ord_dataset-1ec2807f02fa4beda27d2a81b86eb843,731,6c6c25cfb944e99c35dc9aa3bd63f9edef8f5956d1da10b34d7774d7e27b266e
337,ord_dataset-1ec2807f02fa4beda27d2a81b86eb843:ord-4391e4e87986489f866f68780fe5044e,ord_dataset-1ec2807f02fa4beda27d2a81b86eb843,844,a1cdc45f3523837566b5a8a4da5b6ffbb5368fd75e0b3eeb69dd4b71e1d35e29
338,ord_dataset-1ec2807f02fa4beda27d2a81b86eb843:ord-43bf688264ce4be885912b0b6db436c9,ord_dataset-1ec2807f02fa4beda27d2a81b86eb843,1137,60c6c5431ae715b328e037458676e9dc86b3b61cb9e2fdbe2f6ccacaecdab071
339,ord_dataset-1ec2807f02fa4beda27d2a81b86eb843:ord-43e900a4d9f240888eecd6475052b34f,ord_dataset-1ec2807f02fa4beda27d2a81b86eb843,668,908a25085342e0c7ed0eb2449d136db31aa2eb4174cdcf717ca97a97fc8c5c57
340,ord_dataset-1ec2807f02fa4beda27d2a81b86eb843:ord-440a81c071d74540a967faeefb041e81,ord_dataset-1ec2807f02fa4beda27d2a81b86eb843,919,d112b081bf340f9546bd87638e2e94dfa5041269737a5d7148cf7402559eef1c
341,ord_dataset-1ec2807f02fa4beda27d2a81b86eb843:ord-4443e1d151db4062ad7f3a03f6c8a217,ord_dataset-1ec2807f02fa4beda27d2a81b86eb843,203,877639e1649674f4058d97eb963eab0cf5c763c3124ec183a45bcb6bb84b6f4e
342,ord_dataset-1ec2807f02fa4beda27d2a81b86eb843:ord-4455bc03b4164ddab6c391505fda7448,ord_dataset-1ec2807f02fa4beda27d2a81b86eb843,453,7f65e29883cbc1e79dd6a8b078e08457a2d35fbad8e01a9c932778f75cda8a06
343,ord_dataset-1ec2807f02fa4beda27d2a81b86eb843:ord-44a6490383c241468efa3e5e2ede8724,ord_dataset-1ec2807f02fa4beda27d2a81b86eb843,977,f2d6012af4b4a13863ed7f152c857183a35b63596faba8f802b4a4cfceb86377
344,ord_dataset-1ec2807f02fa4beda27d2a81b86eb843:ord-44bd109b29a94efe818975bbe8468126,ord_dataset-1ec2807f02fa4beda27d2a81b86eb843,1078,df61d7a262737c6c96d117792c8f10522b5bfe30b8afaae0a7a50d9d54d6457a
345,ord_dataset-1ec2807f02fa4beda27d2a81b86eb843:ord-44c38727a44b45a59a99aeca8faf12f6,ord_dataset-1ec2807f02fa4beda27d2a81b86eb843,913,2182dd0c2ddf854422422a4ed0a68e54c6036c62ff1681337947038f80e3c02d
346,ord_dataset-1ec2807f02fa4beda27d2a81b86eb843:ord-44e376bfd654400e90d12af89d7009cf,ord_dataset-1ec2807f02fa4beda27d2a81b86eb843,1054,8fedbefd6b7897c91b7a98bb2eeea2de9724d2a33cffe3dab3d61d27e2e34e5f
347,ord_dataset-1ec2807f02fa4beda27d2a81b86eb843:ord-44f6a715f2254b0abb50cb1c0862ffb0,ord_dataset-1ec2807f02fa4beda27d2a81b86eb843,1196,5a3e03afd8ee93fcd5494909a5ed97467037dc434becde7a28534fcc3147fa05
348,ord_dataset-1ec2807f02fa4beda27d2a81b86eb843:ord-452453fc68d34354b27ade1f327b3441,ord_dataset-1ec2807f02fa4beda27d2a81b86eb843,27,9b06565f8726f1916100a9eb5e1ac0f256489151341c972d843fd8ac072db6c8
349,ord_dataset-1ec2807f02fa4beda27d2a81b86eb843:ord-45396d733d9641b3a106f4fc2a124477,ord_dataset-1ec2807f02fa4beda27d2a81b86eb843,966,197d44b7c932a0e0d22db01a62e6e47e54e8e2979b40d4b6665d392fde3c5896
350,ord_dataset-1ec2807f02fa4beda27d2a81b86eb843:ord-457ae5aa64b34d38b54f9d27a8a9fbf7,ord_dataset-1ec2807f02fa4beda27d2a81b86eb843,879,c98457c7b086869d85120c7bb2df28eb614b9b20f7fe18ec8a5e77b5fa616ae9
351,ord_dataset-1ec2807f02fa4beda27d2a81b86eb843:ord-457e0e5588ea4dc8b6e3b1fd6a5fa6c2,ord_dataset-1ec2807f02fa4beda27d2a81b86eb843,1104,9cab7ad2552a06bb8aeca0472396b81575787313533eb4c74ab01c6d09d12ec6
352,ord_dataset-1ec2807f02fa4beda27d2a81b86eb843:ord-45b059345859442a9f2aa8d817bab715,ord_dataset-1ec2807f02fa4beda27d2a81b86eb843,29,63da07e7a0eed3999cbb256c1fbec5dcc853ecde987cb3d8c81b8ea0ab33663e
353,ord_dataset-1ec2807f02fa4beda27d2a81b86eb843:ord-45bd3bc463f248748c6e1f41c087963d,ord_dataset-1ec2807f02fa4beda27d2a81b86eb843,414,2a7030e1cf24714a1b20c199a2a11746086e887aa2f89abbf3a8a0b63aae1e3a
354,ord_dataset-1ec2807f02fa4beda27d2a81b86eb843:ord-45ef911116644762a5c0e282e224031c,ord_dataset-1ec2807f02fa4beda27d2a81b86eb843,881,18add2c059b14cacb550e8b280e7081876eb86150a84d107e76d66228693d754
355,ord_dataset-1ec2807f02fa4beda27d2a81b86eb843:ord-4646e91881334c539b1323da3b1c5ceb,ord_dataset-1ec2807f02fa4beda27d2a81b86eb843,956,459733ce9e379fa9f13c788c9f4d819aaa18a4d8630dddbcbc08a9620d90b9a2
356,ord_dataset-1ec2807f02fa4beda27d2a81b86eb843:ord-46898869a246424085217db1fae3b157,ord_dataset-1ec2807f02fa4beda27d2a81b86eb843,870,5204fca2984345197e7a0fcad695b76ab0a99b29f43f722d0c8c10aa8cd9005c
357,ord_dataset-1ec2807f02fa4beda27d2a81b86eb843:ord-46b1379a0ea1416fa52f9d4b929bc00c,ord_dataset-1ec2807f02fa4beda27d2a81b86eb843,972,d70c85a17203d41fa3b6bc28a8a6fce23cdcdbd2622fe2ceb1b4dee903f1d953
358,ord_dataset-1ec2807f02fa4beda27d2a81b86eb843:ord-46b6d28ff4454911bbe651100e89cbaa,ord_dataset-1ec2807f02fa4beda27d2a81b86eb843,194,09d8bd1b4b59ac98e4a9cdce496954e82e3a31e60680f4a217c0e328b389e960
359,ord_dataset-1ec2807f02fa4beda27d2a81b86eb843:ord-4711e2ac17a14bc69f254f435833471d,ord_dataset-1ec2807f02fa4beda27d2a81b86eb843,233,7a97e353ee3befab37fb01f9d385ca8c09a974ee1674737a8a966844e46f5558
360,ord_dataset-1ec2807f02fa4beda27d2a81b86eb843:ord-474cddda8be24a96b1223e36bc11c333,ord_dataset-1ec2807f02fa4beda27d2a81b86eb843,316,88e76b612288c4236e1b40281b92d03cfb2208925d9779bd521443a05d8e1de0
361,ord_dataset-1ec2807f02fa4beda27d2a81b86eb843:ord-47509fffe55f4a29a522d39ec1fb5e55,ord_dataset-1ec2807f02fa4beda27d2a81b86eb843,927,27c8fd7ed09aed7f22fb71dd6734332f5d194df1ce40204942c68b84a97c5662
362,ord_dataset-1ec2807f02fa4beda27d2a81b86eb843:ord-47bc0ded67954279a43919536e8ab560,ord_dataset-1ec2807f02fa4beda27d2a81b86eb843,581,3d6be3292920306402aeeb92737e8f5828a1be87f80a87c757cfc07e7ce3194e
363,ord_dataset-1ec2807f02fa4beda27d2a81b86eb843:ord-480f900c5657424c9c8a52743b560147,ord_dataset-1ec2807f02fa4beda27d2a81b86eb843,732,4fed11240ed856ee9cf9affd2ce2b9c218c2dbe7cc23b4549b2f9185d5c46827
364,ord_dataset-1ec2807f02fa4beda27d2a81b86eb843:ord-481227ecf6cf4756bcff6743ef723540,ord_dataset-1ec2807f02fa4beda27d2a81b86eb843,214,f30016325c653db6c58a2833ee31738ce37b27ee82a748e075fa8c36aa1dfc62
365,ord_dataset-1ec2807f02fa4beda27d2a81b86eb843:ord-48372f2a154241eb9ed60686c0c0af5e,ord_dataset-1ec2807f02fa4beda27d2a81b86eb843,207,18413da56da9c601d5201e8cf24a63398441aacfbd787b1e010eb8749459c839
366,ord_dataset-1ec2807f02fa4beda27d2a81b86eb843:ord-48eba4febf0647649c55c8f71371f8ec,ord_dataset-1ec2807f02fa4beda27d2a81b86eb843,779,2a93a03b9691d095a81300b11e0a836cb7b5d4772bcccb66f4e0509bf96ec02e
367,ord_dataset-1ec2807f02fa4beda27d2a81b86eb843:ord-491b2f7145fd432fb86bca994c2aeffc,ord_dataset-1ec2807f02fa4beda27d2a81b86eb843,97,6bd00cfe5372fe54e925c651e4cfe0ad583faba790e11272ec30a0e029c84e5a
368,ord_dataset-1ec2807f02fa4beda27d2a81b86eb843:ord-493a97426e584a79a01ea8d9e0436bef,ord_dataset-1ec2807f02fa4beda27d2a81b86eb843,206,486475cb69a78e49a04b9952f5d0d67dc35cb19263f64a121234d351a4fd2545
369,ord_dataset-1ec2807f02fa4beda27d2a81b86eb843:ord-4998537ed23d470d912faf20b53479cd,ord_dataset-1ec2807f02fa4beda27d2a81b86eb843,1224,19a3c02220d8198a488338529f489fe5dd7da2734eab8b33e492b725cc0a9afa
370,ord_dataset-1ec2807f02fa4beda27d2a81b86eb843:ord-49a2218f408b4dccb6404aa82f4062d7,ord_dataset-1ec2807f02fa4beda27d2a81b86eb843,141,393723009909f337e2f2b579dba2e81eac29a052d605ffa285fa2e8182ff8fcd
371,ord_dataset-1ec2807f02fa4beda27d2a81b86eb843:ord-49e8828c76df4588a1353836c8ae803d,ord_dataset-1ec2807f02fa4beda27d2a81b86eb843,547,e9d9f695ee1d8bf2d48fc41ad12334a7e453b0e285c0e3c8d33a005ae63e5853
372,ord_dataset-1ec2807f02fa4beda27d2a81b86eb843:ord-49f0f5b7ce34437b970a7f274f1a7177,ord_dataset-1ec2807f02fa4beda27d2a81b86eb843,745,d61efd1bef114e47b359cdc67a20f8cb01c515a55dcf4b076f7cc82ca3ca6636
373,ord_dataset-1ec2807f02fa4beda27d2a81b86eb843:ord-4a261f6d2d354a25883092eb5ba03f93,ord_dataset-1ec2807f02fa4beda27d2a81b86eb843,440,f2eb90ee1b4b5c4e3692b941caa58133ad78c864d9f033e6ab2cd6ddc4eb3597
374,ord_dataset-1ec2807f02fa4beda27d2a81b86eb843:ord-4a4e2d4bb1ac49c39ba42a2623d7e47a,ord_dataset-1ec2807f02fa4beda27d2a81b86eb843,904,115f9cd91fe6f37cf987639cf42565f1d0562c3ed95bad5b5120699bdf78b681
375,ord_dataset-1ec2807f02fa4beda27d2a81b86eb843:ord-4a53f364a7a3428cb9c092598d9c650a,ord_dataset-1ec2807f02fa4beda27d2a81b86eb843,456,589ebc774876ffb45e404156789d55251e2c4f5bf242d9b9da4573dd57403f4c
376,ord_dataset-1ec2807f02fa4beda27d2a81b86eb843:ord-4a6be1cb5f954a0981f725d1b8865998,ord_dataset-1ec2807f02fa4beda27d2a81b86eb843,154,143f98d085004b12b1f72dff673dfa442b2c6155d005392081a629830de1973f
377,ord_dataset-1ec2807f02fa4beda27d2a81b86eb843:ord-4ab072945c7646598c05447616e72d2f,ord_dataset-1ec2807f02fa4beda27d2a81b86eb843,526,3e5d547755d45490021933317e0ece6e7f83c97ac3a12dfe278a80e15ccbaa87
378,ord_dataset-1ec2807f02fa4beda27d2a81b86eb843:ord-4adcf78dfad744308a5112afda2e599a,ord_dataset-1ec2807f02fa4beda27d2a81b86eb843,802,0b32f72d58775dc5fe7259a0087e49f2391e3a5d7f58a06bee916c03557fe68b
379,ord_dataset-1ec2807f02fa4beda27d2a81b86eb843:ord-4b064c386c014dbeb284ceb2621b1198,ord_dataset-1ec2807f02fa4beda27d2a81b86eb843,285,3eabca37f8b04df80e543fd274e199b9528a8386bfdbecb058ff120df9130a13
380,ord_dataset-1ec2807f02fa4beda27d2a81b86eb843:ord-4b3977c189f8484281ccadc03d46d1ea,ord_dataset-1ec2807f02fa4beda27d2a81b86eb843,457,889592aa1cb925a5e367946cce4df3596ac718fec2d18cabe45c18a295c72bec
381,ord_dataset-1ec2807f02fa4beda27d2a81b86eb843:ord-4b90da71502140f887fe40f76e1b5751,ord_dataset-1ec2807f02fa4beda27d2a81b86eb843,703,b52bc9e7149e5d1ed7b3db73b9787d2261f65e4a006b5adf2e6141081e35c871
382,ord_dataset-1ec2807f02fa4beda27d2a81b86eb843:ord-4b92000ec2b94752b8a1383f65ff5128,ord_dataset-1ec2807f02fa4beda27d2a81b86eb843,511,60244607949064531cd92936d76e6bf7e6a6561cff92b0d591e6c7b0fe47cbea
383,ord_dataset-1ec2807f02fa4beda27d2a81b86eb843:ord-4ba77d48bd7d44399e0cc2bfef037c3f,ord_dataset-1ec2807f02fa4beda27d2a81b86eb843,523,bd006c0f62104ae0105b11c039db67a1b591cf29a6b8a77682a1f39cac2d72c9
384,ord_dataset-1ec2807f02fa4beda27d2a81b86eb843:ord-4c1b063630004ab787ca7dbbd6e467b0,ord_dataset-1ec2807f02fa4beda27d2a81b86eb843,252,b282fd07fdc8f13421746ab0074a0e3a28eb1effff43127c331e41bde05b49f7
385,ord_dataset-1ec2807f02fa4beda27d2a81b86eb843:ord-4c23d7b803a24dac88d52c648e9085e6,ord_dataset-1ec2807f02fa4beda27d2a81b86eb843,795,49ce337e6e0b2271336dedbd2b04dde884936fd961ba4673709b644ff9e33d25
386,ord_dataset-1ec2807f02fa4beda27d2a81b86eb843:ord-4c25f6bfa916456a8ef6aec8771b72e4,ord_dataset-1ec2807f02fa4beda27d2a81b86eb843,657,8aa05969136a7f006d5fdbb910133d28b693944acc85dac2ac1919b62645ab1d
387,ord_dataset-1ec2807f02fa4beda27d2a81b86eb843:ord-4c2830ec42fa40e5bc1149edd220ec23,ord_dataset-1ec2807f02fa4beda27d2a81b86eb843,993,ef7be91f37f9ffaa193daa8ebede61138a6e56733d1526d0f7ab5f9bba996f7b
388,ord_dataset-1ec2807f02fa4beda27d2a81b86eb843:ord-4c6b343843454182bf79ce0d6097bf98,ord_dataset-1ec2807f02fa4beda27d2a81b86eb843,370,44783461eaad56ddecc4d0a52f66d830f9b6d87ad2a26c417f99e2eda1e846ac
389,ord_dataset-1ec2807f02fa4beda27d2a81b86eb843:ord-4cecc5fe2d484fffb29de20b980df0f8,ord_dataset-1ec2807f02fa4beda27d2a81b86eb843,755,edebf1459defa0310091eb4e964ee6cedfcb3471de99b3fcc10aa69db0fd9559
390,ord_dataset-1ec2807f02fa4beda27d2a81b86eb843:ord-4d0d574eee884c539f4f44fe3b7a0284,ord_dataset-1ec2807f02fa4beda27d2a81b86eb843,680,75202c8e22df5296b0f0cbb56e2f2c0a3ae086b584fa3be096a6aee876de5a9b
391,ord_dataset-1ec2807f02fa4beda27d2a81b86eb843:ord-4d437fdbf3744e7a96c54ea256a7a7f0,ord_dataset-1ec2807f02fa4beda27d2a81b86eb843,1048,dd4492530e766c56725563b9bfc7f028371e3b6590757a1e1308edd7232f28e1
392,ord_dataset-1ec2807f02fa4beda27d2a81b86eb843:ord-4d7c90beac784c0085308f45dcc8d26f,ord_dataset-1ec2807f02fa4beda27d2a81b86eb843,605,8c5141fc1f7181fa1863958f0719fa8022bc0e1d14eae95d8524d05d21ed5af8
393,ord_dataset-1ec2807f02fa4beda27d2a81b86eb843:ord-4e08c77562e94451ae4d669f94bd9f19,ord_dataset-1ec2807f02fa4beda27d2a81b86eb843,16,ab827f9785642733632cb8f5dc11da82dba5173fa78c25e2bf25d3a60d3df8e6
394,ord_dataset-1ec2807f02fa4beda27d2a81b86eb843:ord-4e19293e70324eb5934beb06b0557c6a,ord_dataset-1ec2807f02fa4beda27d2a81b86eb843,1097,e5d37faadff9fcd1f82924747ae0daec366111d66df57a14c79ff4d14c04a0f8
395,ord_dataset-1ec2807f02fa4beda27d2a81b86eb843:ord-4e4d3618135d41a8bf32bf2750f9b913,ord_dataset-1ec2807f02fa4beda27d2a81b86eb843,497,f82c44782a07314df6e2cf47493c1a917d8e151e0c1ebaa09fd465313590a739
396,ord_dataset-1ec2807f02fa4beda27d2a81b86eb843:ord-4e833c146890408da54fb591d4ba9e18,ord_dataset-1ec2807f02fa4beda27d2a81b86eb843,510,b609b99d9eb7c0fd5df77cbbe2cec590a0b67891875732d54579993dc0a10010
397,ord_dataset-1ec2807f02fa4beda27d2a81b86eb843:ord-4ece835f93f8491c9bda18e30d6a64dc,ord_dataset-1ec2807f02fa4beda27d2a81b86eb843,866,2fbf1d4c20a3f150dbfb268ec6cd5fc79cd9a8820669fa059245e1b04c918d52
398,ord_dataset-1ec2807f02fa4beda27d2a81b86eb843:ord-4f5d6ff5ffea436a9ae64c0ac9fa04da,ord_dataset-1ec2807f02fa4beda27d2a81b86eb843,172,c6ab7eecdf18e98b7a5bc973f7049313b2d766e90635ebde3836dcb4cde5fb86
399,ord_dataset-1ec2807f02fa4beda27d2a81b86eb843:ord-4fda4f1a301f4522a390a7ed2bf62f23,ord_dataset-1ec2807f02fa4beda27d2a81b86eb843,1173,f0e060bca37843476d368bfd013640b7bd706614c7c741d9dd650c8d7ee20555
400,ord_dataset-1ec2807f02fa4beda27d2a81b86eb843:ord-50047c71a6f947db99ac75bfb51e63a7,ord_dataset-1ec2807f02fa4beda27d2a81b86eb843,14,eabac8fc8f9df1442557dcfa2e5cef0195197e239050a11d8f23a20d5709c9ac
401,ord_dataset-1ec2807f02fa4beda27d2a81b86eb843:ord-512bf5ee973b497bb4cec8009edfb409,ord_dataset-1ec2807f02fa4beda27d2a81b86eb843,365,0a5621a58c93a2be51368a99157870e48406c945e5d36a9c777331a9b17b4cc8
402,ord_dataset-1ec2807f02fa4beda27d2a81b86eb843:ord-51448a76653548d68a823870bed5b155,ord_dataset-1ec2807f02fa4beda27d2a81b86eb843,950,1edf77ea3296b2cc4a5df6accccea79f72435ef1f564169373491d14381e097c
403,ord_dataset-1ec2807f02fa4beda27d2a81b86eb843:ord-517854b8a51046f98185fa66deb0ed10,ord_dataset-1ec2807f02fa4beda27d2a81b86eb843,649,bdcb1ce151ef5a74e9501c1a716ec4ed710eb4db21a308e2099e380ca0a2d483
404,ord_dataset-1ec2807f02fa4beda27d2a81b86eb843:ord-5194e7d4db374d92ad137384f395af17,ord_dataset-1ec2807f02fa4beda27d2a81b86eb843,884,ef0fbc745fb0f440c292beecc9dc7c3f6879638d30c92d35bbf521fa2cfe7caa
405,ord_dataset-1ec2807f02fa4beda27d2a81b86eb843:ord-53a02ceeaa464780ba089d5c8912aba8,ord_dataset-1ec2807f02fa4beda27d2a81b86eb843,614,1f5087ad70c4c13036d02a51c81d3fd50a97655cf900304d8128b300d5bea645
406,ord_dataset-1ec2807f02fa4beda27d2a81b86eb843:ord-53d04ba9cef443178882cf165d82550a,ord_dataset-1ec2807f02fa4beda27d2a81b86eb843,936,7330f311efc478e3745cb2d291ac36a2b0250f1afc2128e4c456d32e6bb01f8a
407,ord_dataset-1ec2807f02fa4beda27d2a81b86eb843:ord-53ea96df998946378a6a18e17eb9d1ac,ord_dataset-1ec2807f02fa4beda27d2a81b86eb843,201,6503a3c6c4c4c1d699fe2c20420a6ff5a8a8f0f24f39cbe9b24f3bf3aa5786c5
408,ord_dataset-1ec2807f02fa4beda27d2a81b86eb843:ord-53eae28461af42089e0e8610d63d0f54,ord_dataset-1ec2807f02fa4beda27d2a81b86eb843,1132,c2e5f986797a24b7def5a9a4dfef3e12e045f2ab847151cc43bce5392e8f0995
409,ord_dataset-1ec2807f02fa4beda27d2a81b86eb843:ord-542a0f97da6f4e158e0226d56b39fc9b,ord_dataset-1ec2807f02fa4beda27d2a81b86eb843,1047,9dd6ca6cc48c9ca1b037152c5185930225e3fac1e26f195859414d119abe107e
410,ord_dataset-1ec2807f02fa4beda27d2a81b86eb843:ord-5439a9f66f584a2b953568f22471528a,ord_dataset-1ec2807f02fa4beda27d2a81b86eb843,353,d64c7e60aaf0cbeffa6bad74f16da25bedad76a7972f79f6bb52c0ecf77bb561
411,ord_dataset-1ec2807f02fa4beda27d2a81b86eb843:ord-5482f7ea922640e68c238401017ffe86,ord_dataset-1ec2807f02fa4beda27d2a81b86eb843,290,9315aa360d49585a00a4be88af5ebe4ffec1e25f5a4de0c29127897a2c74ff88
412,ord_dataset-1ec2807f02fa4beda27d2a81b86eb843:ord-54b0d590687249eba8423a763a9fde9d,ord_dataset-1ec2807f02fa4beda27d2a81b86eb843,853,c515b7d4ec9b698c2501f714eb2c28c301fe229042ebca16a7486cc0f0e5c9e8
413,ord_dataset-1ec2807f02fa4beda27d2a81b86eb843:ord-54dff25fa4b4498088d473c88656f0d0,ord_dataset-1ec2807f02fa4beda27d2a81b86eb843,1133,5ff6ae62de9cccf638a24093414ac0057aa226d2c38c225c3ca0c2d03c9a90ae
414,ord_dataset-1ec2807f02fa4beda27d2a81b86eb843:ord-554171e6b4744b46b94e249dc38d8c58,ord_dataset-1ec2807f02fa4beda27d2a81b86eb843,339,b6aff2be43af0d7edde15c6bec645cce4b67ac30cc963a583ecaf81b7c9ee473
415,ord_dataset-1ec2807f02fa4beda27d2a81b86eb843:ord-555cf5f03e0144f6be316c5cf68f2a26,ord_dataset-1ec2807f02fa4beda27d2a81b86eb843,865,feef7c47a8a6598c7f1bd46a7f3b67ca0d72405942dc15e592273838a3f1e2f9
416,ord_dataset-1ec2807f02fa4beda27d2a81b86eb843:ord-5590286e0b844952a41be33166fef149,ord_dataset-1ec2807f02fa4beda27d2a81b86eb843,835,0748c8f6dd25457fee3b5051ad4380faca642459e02e0d4c1a44002072f40ee0
417,ord_dataset-1ec2807f02fa4beda27d2a81b86eb843:ord-55d710bd98e14796b9a2bb674b121943,ord_dataset-1ec2807f02fa4beda27d2a81b86eb843,235,b75f2203bcc38f7e3a0c2a520b8c6c598ae0f6bc9a5a69b74685295908532a91
418,ord_dataset-1ec2807f02fa4beda27d2a81b86eb843:ord-56652fa4ae5145b59bbae056535786f1,ord_dataset-1ec2807f02fa4beda27d2a81b86eb843,350,1516ae22c7b2e87aaa6420003d69477cf680c4cd1bcbb20bd7cfba80da96dff5
419,ord_dataset-1ec2807f02fa4beda27d2a81b86eb843:ord-5670b0b5a9764de28049fd691a8e8cc8,ord_dataset-1ec2807f02fa4beda27d2a81b86eb843,163,5185dcb85c0550bb6586a8855df7bc80b857f7dca69e76058c42a9b0a49af435
420,ord_dataset-1ec2807f02fa4beda27d2a81b86eb843:ord-56741c18c99d4dd98a99c0dcedea1d96,ord_dataset-1ec2807f02fa4beda27d2a81b86eb843,503,0973a57a5ec35743a6dd8f5289d35d4853cbdedd1031828a2dcd73deb6118d8a
421,ord_dataset-1ec2807f02fa4beda27d2a81b86eb843:ord-57010c6bdbe843a988f9a8e55aa6673d,ord_dataset-1ec2807f02fa4beda27d2a81b86eb843,603,d3d14875ac0beb75cab007c5fda74715738341344739f4003052c029257edc53
422,ord_dataset-1ec2807f02fa4beda27d2a81b86eb843:ord-570da2e72b334ebfaa72443b25d890c1,ord_dataset-1ec2807f02fa4beda27d2a81b86eb843,517,c088e0898809274c8eb5709399e1e7fcfc05b78d4883ec477ae3e81b619d2cf5
423,ord_dataset-1ec2807f02fa4beda27d2a81b86eb843:ord-57541d9f11cf49d1b0f96b3ccdae6d94,ord_dataset-1ec2807f02fa4beda27d2a81b86eb843,608,569f6bdcdd03299ae91ea6757b70f1bf3bb9f8f6d9dd0026dd6672b547a36358
424,ord_dataset-1ec2807f02fa4beda27d2a81b86eb843:ord-5796d49096554ba282507ae86a7beb9b,ord_dataset-1ec2807f02fa4beda27d2a81b86eb843,1094,68eab46da71eadfa5421c3a70dd950c63ed35d1d939c6fdbb88eb6c2afe4e43f
425,ord_dataset-1ec2807f02fa4beda27d2a81b86eb843:ord-580a5af8bb4a4dc9a5ba821f1f73b819,ord_dataset-1ec2807f02fa4beda27d2a81b86eb843,247,437973880ec65f302a2ac43f14bfc11e7f50bcec0b1e7bad318213565e4c4961
426,ord_dataset-1ec2807f02fa4beda27d2a81b86eb843:ord-581fdfe00a09476ca569c82342b74b26,ord_dataset-1ec2807f02fa4beda27d2a81b86eb843,580,e7fc5ce117417b88a5936afdee293aa1d5e7ee1658fdce61df09ce31395179a1
427,ord_dataset-1ec2807f02fa4beda27d2a81b86eb843:ord-582a30f976234fdb8d94b8d8f91debe7,ord_dataset-1ec2807f02fa4beda27d2a81b86eb843,79,3bcff55ed712091b76a53af941441c12e41a37dbaaa8d0d26d2b990098c410fc
428,ord_dataset-1ec2807f02fa4beda27d2a81b86eb843:ord-58ccd1aa300b45dabe1eadfe7e0d585a,ord_dataset-1ec2807f02fa4beda27d2a81b86eb843,345,69a764a3d51a222363ee55e2df272cab9e99516498069ff9df7df3fbe91b4470
429,ord_dataset-1ec2807f02fa4beda27d2a81b86eb843:ord-5943924a19ed4957a026c792bd09154b,ord_dataset-1ec2807f02fa4beda27d2a81b86eb843,1119,9c8a12d6acb9b730b58f46fce3ce77221559af11dfc785c687c4b81e77bbd9cb
430,ord_dataset-1ec2807f02fa4beda27d2a81b86eb843:ord-598dd6379fe142b3913255f4998b6803,ord_dataset-1ec2807f02fa4beda27d2a81b86eb843,1093,d4433bc912fa90beea53f68e5cde7676d21748a93a1551f6cb063a76475c39f2
431,ord_dataset-1ec2807f02fa4beda27d2a81b86eb843:ord-59d0692f79eb4473a9d4beaec95cddca,ord_dataset-1ec2807f02fa4beda27d2a81b86eb843,758,192338dbbca4b6441b09ea66266adedc0fd4df0ab51c1871fb662e168287bc30
432,ord_dataset-1ec2807f02fa4beda27d2a81b86eb843:ord-5a05e62799a64aeab92e12e26caca9c8,ord_dataset-1ec2807f02fa4beda27d2a81b86eb843,790,ae801a7de9dd5f7e2589f9629616ce94659d8e76dee57ef37039e547b9da842c
433,ord_dataset-1ec2807f02fa4beda27d2a81b86eb843:ord-5a2afba96f924178867fd9ac9b3d25af,ord_dataset-1ec2807f02fa4beda27d2a81b86eb843,185,ca6b8a3bddc28fcde0d575a711cc1464f5f108f2024b3eb6ee6e57d82219ce1e
434,ord_dataset-1ec2807f02fa4beda27d2a81b86eb843:ord-5a31e6ad01ec4224afd90f7bf86072b6,ord_dataset-1ec2807f02fa4beda27d2a81b86eb843,539,a9a24a1eb2dca8c30d7939a31583c902805bed6f4b5d468efbc9adb7b4858832
435,ord_dataset-1ec2807f02fa4beda27d2a81b86eb843:ord-5a327efaf5784c9b94f218a7304d7b1f,ord_dataset-1ec2807f02fa4beda27d2a81b86eb843,469,8589b06c64b0c44a48d86c09bd7a450f828c86f2394a1ea50bfa5c8d37938f3e
436,ord_dataset-1ec2807f02fa4beda27d2a81b86eb843:ord-5a3f8f88dc7f4686826123888e9ec69f,ord_dataset-1ec2807f02fa4beda27d2a81b86eb843,959,85181c539fed4db48a5a9e209d34f81cb2c96a3a6b226aa13e8301b71e74f4a9
437,ord_dataset-1ec2807f02fa4beda27d2a81b86eb843:ord-5aae6bda9a52439292c9a9961b555a85,ord_dataset-1ec2807f02fa4beda27d2a81b86eb843,807,bb5bf3f74a19c4513deccf4c129ee9acd2ec340917b7dfa1efed51ff22d3b3f6
438,ord_dataset-1ec2807f02fa4beda27d2a81b86eb843:ord-5aef012953394de5b71a60ae41615190,ord_dataset-1ec2807f02fa4beda27d2a81b86eb843,937,d750448bbf561c1a70c2748e2a78583444836e04214d925b1b00ef298cdecad2
439,ord_dataset-1ec2807f02fa4beda27d2a81b86eb843:ord-5aefa68268474062b69aba9b9cc77e79,ord_dataset-1ec2807f02fa4beda27d2a81b86eb843,282,93f482206ce3ac7ff7db23824ac93738e1260b84b4cc0e22d40bb5edb7beb3df
440,ord_dataset-1ec2807f02fa4beda27d2a81b86eb843:ord-5b483b2dcd1c4045a6770b54497d444c,ord_dataset-1ec2807f02fa4beda27d2a81b86eb843,238,18aca2ecac7bbf31e8c3ad4ef15030292e233e4c7b10111a7b8118a4a02c3ceb
441,ord_dataset-1ec2807f02fa4beda27d2a81b86eb843:ord-5b5ad807500541239dcd7a074e657e51,ord_dataset-1ec2807f02fa4beda27d2a81b86eb843,1052,0da40b522cb0cd980eeeac87fd4aa28d6860881f4d0d1dbb8250f076351f1a94
442,ord_dataset-1ec2807f02fa4beda27d2a81b86eb843:ord-5b784982912b45a19cd0eb5abc57c3c3,ord_dataset-1ec2807f02fa4beda27d2a81b86eb843,648,322a755f91041aa392cadb9d566b1f1ae8d2a5d5cccf65d880578d59b170fb94
443,ord_dataset-1ec2807f02fa4beda27d2a81b86eb843:ord-5c001a2548dc4d3686e7e372353f7c10,ord_dataset-1ec2807f02fa4beda27d2a81b86eb843,217,f0c377d54e4db3545c35796048d0fce5961fba78d32748ebea6b90e482fe6578
444,ord_dataset-1ec2807f02fa4beda27d2a81b86eb843:ord-5c1086d97d754e61b6f5e52e18aaeca7,ord_dataset-1ec2807f02fa4beda27d2a81b86eb843,970,33e221f1e5cb42b8d9329e0c32e07f8183a6fb1f864fc4dd95d6a319412f11cb
445,ord_dataset-1ec2807f02fa4beda27d2a81b86eb843:ord-5c13b939b536441a92c14b24ec59d645,ord_dataset-1ec2807f02fa4beda27d2a81b86eb843,361,70795fd0e6c24f840bb039d1035b92cdc2fd30d70ff0cb2069af64ff423e788d
446,ord_dataset-1ec2807f02fa4beda27d2a81b86eb843:ord-5c46cee684274a098921a626254be8e7,ord_dataset-1ec2807f02fa4beda27d2a81b86eb843,86,8d667b2ca1d9097f061a7b6a499f75d80d3ce7290454b217ec0e800419ee5bf5
447,ord_dataset-1ec2807f02fa4beda27d2a81b86eb843:ord-5c811c6827e34d2587606db7344830c3,ord_dataset-1ec2807f02fa4beda27d2a81b86eb843,735,40a63d9952c5fd99c765e48dd2a79ab00736a75b41c4933e1e1498d6538c5589
448,ord_dataset-1ec2807f02fa4beda27d2a81b86eb843:ord-5c81be18de084f74bb5bb30566fe7900,ord_dataset-1ec2807f02fa4beda27d2a81b86eb843,699,590ef45c1b8669e5a480ada4a3cce4b25e00f9580278d16b2593782989b9e433
449,ord_dataset-1ec2807f02fa4beda27d2a81b86eb843:ord-5c8c4ab339d74b84a4f63e2877655a8a,ord_dataset-1ec2807f02fa4beda27d2a81b86eb843,554,94e2dadc4863b6a520708bac6e096dcf1f5f00faa49989628e0775ea032465e8
450,ord_dataset-1ec2807f02fa4beda27d2a81b86eb843:ord-5c99a6b8818a4457bdda7ef2d0a071a8,ord_dataset-1ec2807f02fa4beda27d2a81b86eb843,181,79afa4cd39e1ab0688f530ac888dffadaaafc1c5744a97d63259bd65915f0603
451,ord_dataset-1ec2807f02fa4beda27d2a81b86eb843:ord-5cdb74c11bcd4700ba7c8b1098554d4c,ord_dataset-1ec2807f02fa4beda27d2a81b86eb843,460,30234b15cafa93d5ec0af564f1926478020f7b0914b0c11eca2a21992008f6e0
452,ord_dataset-1ec2807f02fa4beda27d2a81b86eb843:ord-5cfec5c6de9243659dbe2ee3210e77e8,ord_dataset-1ec2807f02fa4beda27d2a81b86eb843,738,776c7ce8ddebbb808647e00272a2c8c1ff778c607d42f97cd174e3be81b4bbaa
453,ord_dataset-1ec2807f02fa4beda27d2a81b86eb843:ord-5da14489d9d14086b768bc4e5e720d84,ord_dataset-1ec2807f02fa4beda27d2a81b86eb843,975,37bcd4d36d3a04e9ae45b7b2f39c7537bf67d20e5ce57cbd6895a39636b24ccf
454,ord_dataset-1ec2807f02fa4beda27d2a81b86eb843:ord-5da719149ae54a0f9546a2d298488438,ord_dataset-1ec2807f02fa4beda27d2a81b86eb843,1018,d13083a35e98e6338c1f701a75d1eae174b63013d5966e6fc0d8f060c8fb6e0c
455,ord_dataset-1ec2807f02fa4beda27d2a81b86eb843:ord-5dc4fceaa6ce4dc48ef23f484c554e1d,ord_dataset-1ec2807f02fa4beda27d2a81b86eb843,15,3f916a81b39ec9184614ff0e0f66d6fb31e48ae3f82b0189a4f734a2505e60ec
456,ord_dataset-1ec2807f02fa4beda27d2a81b86eb843:ord-5df69edea5cf4e808809fdded6729f05,ord_dataset-1ec2807f02fa4beda27d2a81b86eb843,375,72d5f3abba5c19f19dc7c582ead28fe5264df78f98c527452612dbec68fe9d00
457,ord_dataset-1ec2807f02fa4beda27d2a81b86eb843:ord-5e6c87037cb74869b618637889d54360,ord_dataset-1ec2807f02fa4beda27d2a81b86eb843,121,de9571502d4e2c08972df679a5c140c4fc3593673817463b0cc440645ae44c9e
458,ord_dataset-1ec2807f02fa4beda27d2a81b86eb843:ord-5ee9d2c748114911b810f056b1871c3f,ord_dataset-1ec2807f02fa4beda27d2a81b86eb843,1065,d701a755ea0226efc52515a1061cd878e7ff0c01d7746042a1c309df198902f3
459,ord_dataset-1ec2807f02fa4beda27d2a81b86eb843:ord-5ef78d95a0094ede8b3eacd4c84ec5ff,ord_dataset-1ec2807f02fa4beda27d2a81b86eb843,317,185d87f39cd7d7e97a4c528e9d16ad2d1a6bdddbfaf9e46a49fe5dfa061f6b01
460,ord_dataset-1ec2807f02fa4beda27d2a81b86eb843:ord-5efed17940c74cecae6c6e6741c22b14,ord_dataset-1ec2807f02fa4beda27d2a81b86eb843,839,4a5c9705907d09ea71acc8e19d0f6560c94f7da1d1990921e9e40c04d8659e97
461,ord_dataset-1ec2807f02fa4beda27d2a81b86eb843:ord-5f1a9763353a447f996308d53166ff56,ord_dataset-1ec2807f02fa4beda27d2a81b86eb843,918,7a46c95605a6aff42d27a9388c2ddaca7eefb8589067765b4bdcc9922977513a
462,ord_dataset-1ec2807f02fa4beda27d2a81b86eb843:ord-5f237f55d09c4635820ea688f3dc6899,ord_dataset-1ec2807f02fa4beda27d2a81b86eb843,638,f72556b9d70527d6d4c2b1464129f9b37ec5521b94dfedd6385d3d0da9c36950
463,ord_dataset-1ec2807f02fa4beda27d2a81b86eb843:ord-5f55e69d30dc4ea98dbde10a8f7f1401,ord_dataset-1ec2807f02fa4beda27d2a81b86eb843,954,1281d42ee8a5f1ac09ce3136cda7992656b8b999ea5f5e72f88f984d448fdf42
464,ord_dataset-1ec2807f02fa4beda27d2a81b86eb843:ord-5fad4afd8cc14571a8f4ca96b34b786c,ord_dataset-1ec2807f02fa4beda27d2a81b86eb843,77,e6b7447fe4accd65d9502de50f9d775f6da54876098b2923a860e14eb5755138
465,ord_dataset-1ec2807f02fa4beda27d2a81b86eb843:ord-5fda41e1725f43df9b7007220d26e60f,ord_dataset-1ec2807f02fa4beda27d2a81b86eb843,906,eb1d3904884dfb176452386ebbff5c2842a85fe64a92cad947321420e66c5117
466,ord_dataset-1ec2807f02fa4beda27d2a81b86eb843:ord-605d2a2b107040409d56dac79f3c3e05,ord_dataset-1ec2807f02fa4beda27d2a81b86eb843,213,496110cb183bbd563e3e3255c2a6d21ed95f55609243e83e139c853364150a02
467,ord_dataset-1ec2807f02fa4beda27d2a81b86eb843:ord-616d6504031f4cc8b2bf0eaa12f68b60,ord_dataset-1ec2807f02fa4beda27d2a81b86eb843,294,f9c8cdf3e9e95622470e50472edb0e287dc96a470c759287151449efa4cec25d
468,ord_dataset-1ec2807f02fa4beda27d2a81b86eb843:ord-622133ead07b4baaaeed8a1ab38db1b7,ord_dataset-1ec2807f02fa4beda27d2a81b86eb843,138,247899c46feec07ba8e9a3f7953853976abc797c5943338c3e2d1195c28cb4c7
469,ord_dataset-1ec2807f02fa4beda27d2a81b86eb843:ord-626b61ba96d44348a31faa8ceee0f098,ord_dataset-1ec2807f02fa4beda27d2a81b86eb843,1086,c7d95eac08ae07b23a52e88bf5e371b7ca728147935db08945018aa22e63f076
470,ord_dataset-1ec2807f02fa4beda27d2a81b86eb843:ord-62c39c0a85ba477194cd83be9941fb24,ord_dataset-1ec2807f02fa4beda27d2a81b86eb843,5,73bced57bf035cc07bdc5b1cc5e0636488783b3d9bfc2abc52a16c6f636b6bed
471,ord_dataset-1ec2807f02fa4beda27d2a81b86eb843:ord-62d604b2e8a84f8a8e3a723514f178cf,ord_dataset-1ec2807f02fa4beda27d2a81b86eb843,544,380ded85d2262bce188a911e18603d0288fa6e799aeb57cc10a8a7a31b9b39be
472,ord_dataset-1ec2807f02fa4beda27d2a81b86eb843:ord-632b8e3c26de4d14bc3e6a0edbf32cbc,ord_dataset-1ec2807f02fa4beda27d2a81b86eb843,1167,f36935ce917cbdf87db1e1c8d2cd47b185ad1f2a9ece2f311ba070de4acf559e
473,ord_dataset-1ec2807f02fa4beda27d2a81b86eb843:ord-63aaf5b17af446f3a3271b83d9458f7b,ord_dataset-1ec2807f02fa4beda27d2a81b86eb843,958,c7d13c98ceff00d8a11ea7e41500007608324926ed40e6e035cfd42071cef514
474,ord_dataset-1ec2807f02fa4beda27d2a81b86eb843:ord-63edca4807c5486697170507b08b9523,ord_dataset-1ec2807f02fa4beda27d2a81b86eb843,820,6b7fe737ff3bca4a51507ab8e86116efcb7da5125f050b384ec31a4c8d52a0a7
475,ord_dataset-1ec2807f02fa4beda27d2a81b86eb843:ord-6402f6377e8a45549af90d0b92b9fa53,ord_dataset-1ec2807f02fa4beda27d2a81b86eb843,1199,09ee376eb047e54385d65f731b22928e1057ed40ace7b366f4ec58e3a1fa0e0c
476,ord_dataset-1ec2807f02fa4beda27d2a81b86eb843:ord-641c4f795037445caab45cbd4e6da482,ord_dataset-1ec2807f02fa4beda27d2a81b86eb843,726,fc0d4083564f670fab767882aa659e67d611c5ba354c8ec558d60b7617968395
477,ord_dataset-1ec2807f02fa4beda27d2a81b86eb843:ord-646926ff30ee45778975e26558814ca3,ord_dataset-1ec2807f02fa4beda27d2a81b86eb843,69,5447f4e7c61701ef8dd1955b7def0cf4fa00fd00985439c88f9047376c92327a
478,ord_dataset-1ec2807f02fa4beda27d2a81b86eb843:ord-64875e66533c410fa7c853a9ab5db874,ord_dataset-1ec2807f02fa4beda27d2a81b86eb843,967,3855176b3ee6cf18930a5c92cf48aa6109825c50edaa4c0c5a47f5b732b8c93b
479,ord_dataset-1ec2807f02fa4beda27d2a81b86eb843:ord-648fba6bbd664afebfc452d9a499b8c2,ord_dataset-1ec2807f02fa4beda27d2a81b86eb843,470,e42fd5fd719cf0a495ae3863b33048a7552c3b58e8c188524b34fa69b0ebb089
480,ord_dataset-1ec2807f02fa4beda27d2a81b86eb843:ord-64ddf64fdc564688b8e5bf7f1973f4f3,ord_dataset-1ec2807f02fa4beda27d2a81b86eb843,411,26d1b70a591cf615f96d24b4225b3b0441ee7f58ac0c241f40b6fd9a89a35971
481,ord_dataset-1ec2807f02fa4beda27d2a81b86eb843:ord-64f10a9244a94fb8b3226b0a9b2349b2,ord_dataset-1ec2807f02fa4beda27d2a81b86eb843,814,9a42b39232fddf5d0d9bd7dcf0473d48107b44984f75f6e75d08362181635faa
482,ord_dataset-1ec2807f02fa4beda27d2a81b86eb843:ord-64f5576262c1407ba3972774da4dedb8,ord_dataset-1ec2807f02fa4beda27d2a81b86eb843,524,f412f1805bd6189eebe232a5962806b647908763c368d64c4734f405ea94b60a
483,ord_dataset-1ec2807f02fa4beda27d2a81b86eb843:ord-653addc663524c268b9394dbc631a189,ord_dataset-1ec2807f02fa4beda27d2a81b86eb843,78,5b38b4bf9b8c1eabeb03c2101625b6ed1b85806ec2d6ebea7459d8d71207eb1e
484,ord_dataset-1ec2807f02fa4beda27d2a81b86eb843:ord-65704754529d475e935dc5688ecbdb58,ord_dataset-1ec2807f02fa4beda27d2a81b86eb843,321,ef4f38c196e068e3e9e83b5063264e81b5e411f693d561c6f582325ecad5bc54
485,ord_dataset-1ec2807f02fa4beda27d2a81b86eb843:ord-662c30c2919e4af983db94d5620ce74d,ord_dataset-1ec2807f02fa4beda27d2a81b86eb843,1215,5963a45cf1578d1552b8b75cb3e0e0982630c437249a00ebe16df71d50264bfc
486,ord_dataset-1ec2807f02fa4beda27d2a81b86eb843:ord-66a232e12d6b45bead41838e8217decb,ord_dataset-1ec2807f02fa4beda27d2a81b86eb843,395,1987f5bc779bf71fd8ccaf61cacedf1fe5bb29bb24df3b7d529510cdc7fc6e1a
487,ord_dataset-1ec2807f02fa4beda27d2a81b86eb843:ord-6723266bd97049e68b42765299551c3f,ord_dataset-1ec2807f02fa4beda27d2a81b86eb843,690,600e6a435ac36652a6c86c5f8b0a0c73be8f0040b81817dc4de00f70fcf0c868
488,ord_dataset-1ec2807f02fa4beda27d2a81b86eb843:ord-676e62ec6cf44f6d9111a9258fd59d11,ord_dataset-1ec2807f02fa4beda27d2a81b86eb843,856,c400280cba4a50d4e345db64adc50063b3522eb18c2bc54561f59d38a1bbb6be
489,ord_dataset-1ec2807f02fa4beda27d2a81b86eb843:ord-6771f85d9875449aa18d0a328fc91b80,ord_dataset-1ec2807f02fa4beda27d2a81b86eb843,377,fe0e2a12e985fd9dd39de8286292b1d7343aee457f7b160e8a7f4956208ff31c
490,ord_dataset-1ec2807f02fa4beda27d2a81b86eb843:ord-67b9bf461c2e410089a0b3a74ab46753,ord_dataset-1ec2807f02fa4beda27d2a81b86eb843,245,4c372a992fe653a80cbe903b1a136fa846aedae0030e46824237d20063e92b52
491,ord_dataset-1ec2807f02fa4beda27d2a81b86eb843:ord-67e3c4c65b2d4918beff51c49d6bbc01,ord_dataset-1ec2807f02fa4beda27d2a81b86eb843,689,8ef8708c8bde9380c1877f0d91a6d123f116206d5ae4609031ef5556fd0499ea
492,ord_dataset-1ec2807f02fa4beda27d2a81b86eb843:ord-67e408ec5ae74eedbc2ece56aecd8e21,ord_dataset-1ec2807f02fa4beda27d2a81b86eb843,1007,64296c57f95da782f90670fc1347b290f03c2fff6e88e5bbc4929cf82d744f28
493,ord_dataset-1ec2807f02fa4beda27d2a81b86eb843:ord-68838356bd22432aa4d08bea395c3ecd,ord_dataset-1ec2807f02fa4beda27d2a81b86eb843,597,764415a9b2ffead4b5bdb26172a3a65f56efc248d2c107502f859aefb08dfdc8
494,ord_dataset-1ec2807f02fa4beda27d2a81b86eb843:ord-68a40100e9a744d6abe04e9cb55bbc9c,ord_dataset-1ec2807f02fa4beda27d2a81b86eb843,710,ac0c30dbe493b280c5016120ffdd10348643c7dc584737fac903fe3e5adfb887
495,ord_dataset-1ec2807f02fa4beda27d2a81b86eb843:ord-69304ebd05d04dd387f7716e5d500da6,ord_dataset-1ec2807f02fa4beda27d2a81b86eb843,232,5a32644d175334eeff144041813786d364c368fe66313f2b1acc4bff3c6db0bb
496,ord_dataset-1ec2807f02fa4beda27d2a81b86eb843:ord-6992661f1f20402096dc07603377aa24,ord_dataset-1ec2807f02fa4beda27d2a81b86eb843,1158,5399dd767f793f02356cff9e3d12054994b52fa7523226eb9a93a7928e2c48e0
497,ord_dataset-1ec2807f02fa4beda27d2a81b86eb843:ord-6998dbba5c594fbcb00ff6a5c9a4f818,ord_dataset-1ec2807f02fa4beda27d2a81b86eb843,907,0078257ba09f316df2a47539e00ede58552cc262de614aa5b85a62dd0695a5b4
498,ord_dataset-1ec2807f02fa4beda27d2a81b86eb843:ord-69997f9718304961877044821fda21ac,ord_dataset-1ec2807f02fa4beda27d2a81b86eb843,1041,921b0f7fa1d2bbcff2a6050d473fc0a9a343272c7ff88fcd4973d46f2b11c1cc
499,ord_dataset-1ec2807f02fa4beda27d2a81b86eb843:ord-69eeacd2fbf04e91aa001dfd58e15967,ord_dataset-1ec2807f02fa4beda27d2a81b86eb843,161,32b79588f70c0160878b3988afb9014ec59630251d0ff205185ad66b8485556d
500,ord_dataset-1ec2807f02fa4beda27d2a81b86eb843:ord-6a0c5b2cfab24e479cf54f69299127ba,ord_dataset-1ec2807f02fa4beda27d2a81b86eb843,265,71702cb9c26ab0f083570e6843bb18984910fd99d9489dcf45e144dffb7ee4fc
501,ord_dataset-1ec2807f02fa4beda27d2a81b86eb843:ord-6a0ea2842bca440f870531ce7d5cd4fe,ord_dataset-1ec2807f02fa4beda27d2a81b86eb843,313,5861fca68cb90c4b4185994ef562d6e99062a699104b60c8a0840b6eccb3ec50
502,ord_dataset-1ec2807f02fa4beda27d2a81b86eb843:ord-6a5c4d8e42504435ac9e7fa373549154,ord_dataset-1ec2807f02fa4beda27d2a81b86eb843,701,51e1916c3496200d1b69835d48113407723829179133b19e5f146983dae48fd6
503,ord_dataset-1ec2807f02fa4beda27d2a81b86eb843:ord-6ab4928e928a45f9b201835d20f04401,ord_dataset-1ec2807f02fa4beda27d2a81b86eb843,1031,c5f2b75364ae337daf2fb7d2cc4c7fcbff5e8ce96487a727a7cd09aac1b5b061
504,ord_dataset-1ec2807f02fa4beda27d2a81b86eb843:ord-6ac0912babd747d5afd70be7ef09e713,ord_dataset-1ec2807f02fa4beda27d2a81b86eb843,210,53c281e36e64bddc7f6a8b454fc6ba3786065b7d61edd302a46d4b1f3fb26c3d
505,ord_dataset-1ec2807f02fa4beda27d2a81b86eb843:ord-6af07a8997864aab93b5c5fa750ccd0b,ord_dataset-1ec2807f02fa4beda27d2a81b86eb843,1058,0f1104e8de135256e4cf7cf6cde64f4eb0bffb0548e9e77325c19973f72d3fca
506,ord_dataset-1ec2807f02fa4beda27d2a81b86eb843:ord-6b00946f0bbb4187837ddf16c783cf1f,ord_dataset-1ec2807f02fa4beda27d2a81b86eb843,798,14c0a1affe3953c6d23ea3f72c96cf81316998aa50edbbb853e36a977bf48ac1
507,ord_dataset-1ec2807f02fa4beda27d2a81b86eb843:ord-6b5b2943c1274fbf87d5931a8590ead4,ord_dataset-1ec2807f02fa4beda27d2a81b86eb843,1067,9bff461a79ee85966087ff4153726d91114f9e2eb8978426d826a15b5b83dabd
508,ord_dataset-1ec2807f02fa4beda27d2a81b86eb843:ord-6b5c5ea0b540411f995e8630b2b8eb1b,ord_dataset-1ec2807f02fa4beda27d2a81b86eb843,720,d6ee75c84a32590c0afc94138559fe828b3177a6946febeebd8c659f94a0776d
509,ord_dataset-1ec2807f02fa4beda27d2a81b86eb843:ord-6b662d740e77411f80f60d9090c5d511,ord_dataset-1ec2807f02fa4beda27d2a81b86eb843,626,68632f834060ded5e695acb2702c1715d280948c8a8545ada3a95daf4f854f33
510,ord_dataset-1ec2807f02fa4beda27d2a81b86eb843:ord-6b769abd2fd643fea472398ebcbdc9df,ord_dataset-1ec2807f02fa4beda27d2a81b86eb843,922,9348da33a159af57dc241ce44d37454720da4871c30adf8d10bdadb991a4daf8
511,ord_dataset-1ec2807f02fa4beda27d2a81b86eb843:ord-6b90da0bd23d471395c0bcb4cc009dae,ord_dataset-1ec2807f02fa4beda27d2a81b86eb843,652,cedab77beb7ce014ec17df64ae594d9580e814534f615b55abdf5eb9a84b351c
512,ord_dataset-1ec2807f02fa4beda27d2a81b86eb843:ord-6bbdd4fa106b4d4ab7352ef20a8824ff,ord_dataset-1ec2807f02fa4beda27d2a81b86eb843,155,3f10fc25624054c33a6fbab00cf4fab82f8c550aa879e7afdef90da19bde26d4
513,ord_dataset-1ec2807f02fa4beda27d2a81b86eb843:ord-6c085f61b1a048c5b71ed114f7d58c5c,ord_dataset-1ec2807f02fa4beda27d2a81b86eb843,1185,f32841c9f27700886232b4c27bbbaccefa28b1b9b592418bbcf9d0313d5c135a
514,ord_dataset-1ec2807f02fa4beda27d2a81b86eb843:ord-6c310e5ed37442eea0bca12e6b4f59b2,ord_dataset-1ec2807f02fa4beda27d2a81b86eb843,864,2a37f048f069cb0a858c6aa0492c766a8aea14aaa60b3ced24880f3f7aa1bb40
515,ord_dataset-1ec2807f02fa4beda27d2a81b86eb843:ord-6c86ce86175f42bd9969f8536fd827b2,ord_dataset-1ec2807f02fa4beda27d2a81b86eb843,401,1393001dbf8ed6a62fed4f79ea77912d1621b7779b29dd32169c88645049f4d7
516,ord_dataset-1ec2807f02fa4beda27d2a81b86eb843:ord-6d48862ace534db8ba9fbc4abec73359,ord_dataset-1ec2807f02fa4beda27d2a81b86eb843,933,0ffc7f28f00e40507b7f95f475c5c675ecb8035cb41653d063ce5af9f97c0212
517,ord_dataset-1ec2807f02fa4beda27d2a81b86eb843:ord-6d9c927b29314f60b068736670c752ee,ord_dataset-1ec2807f02fa4beda27d2a81b86eb843,583,2c0bdca0f870f0b592c92af824fd4cf85b1380222498a27d3a5ec8169871c29d
518,ord_dataset-1ec2807f02fa4beda27d2a81b86eb843:ord-6e1700b4ec4e4f8098d0e3f92f672fdd,ord_dataset-1ec2807f02fa4beda27d2a81b86eb843,796,7352b30ce4ccfe214109a9a1ff0e3e3634c5f26a69482eb1813976410c304b13
519,ord_dataset-1ec2807f02fa4beda27d2a81b86eb843:ord-6e24b5cbb34f4b3f99fafa7a1df1469e,ord_dataset-1ec2807f02fa4beda27d2a81b86eb843,293,04bcf10a8f0ab44261b798a44165aa89fefa0e2e83f272a35629212618e4cfdb
520,ord_dataset-1ec2807f02fa4beda27d2a81b86eb843:ord-6e29ec19e46143f1bd0a01f64df4feec,ord_dataset-1ec2807f02fa4beda27d2a81b86eb843,117,7c5535a684fe2fb5245d1c98668c6f76967e7f00df6025ab62925201e8f0ca32
521,ord_dataset-1ec2807f02fa4beda27d2a81b86eb843:ord-6e41f5042c4f4ff2a7ff262e5c69e7a9,ord_dataset-1ec2807f02fa4beda27d2a81b86eb843,575,c50515fd8b05cfa48f4fae84dbb1b8809b7172582237916c275ceb5fed480e38
522,ord_dataset-1ec2807f02fa4beda27d2a81b86eb843:ord-6e572122eb4c43ff809f4d3b18180e93,ord_dataset-1ec2807f02fa4beda27d2a81b86eb843,943,f5c8d8c26d3e7df7b19834b9ab5a6c0e61d8e4ed83159c16f3f250889fe5a93b
523,ord_dataset-1ec2807f02fa4beda27d2a81b86eb843:ord-6f2e4d4a35bf4e0b8c19fe4d5cfc9c5f,ord_dataset-1ec2807f02fa4beda27d2a81b86eb843,627,8a0831dad64b696c9c57a7f6e6a5c86316a31c019579bae1d72d44662eb2d233
524,ord_dataset-1ec2807f02fa4beda27d2a81b86eb843:ord-6f3be8a503e5470da278dab4bc626e61,ord_dataset-1ec2807f02fa4beda27d2a81b86eb843,894,db5db713b3e04fb9e325f072e872babbc8dba0472bfff9de377268a1907ed918
525,ord_dataset-1ec2807f02fa4beda27d2a81b86eb843:ord-6f4b6c0d8359466493f5fd36d3238fcf,ord_dataset-1ec2807f02fa4beda27d2a81b86eb843,465,022f6f69bd9e0d6a2d1fb7f788ef1cb7983de38cc29fecb89d7dffd190e8ff0f
526,ord_dataset-1ec2807f02fa4beda27d2a81b86eb843:ord-6f7cd9c89d5546619cf500e49eb8231f,ord_dataset-1ec2807f02fa4beda27d2a81b86eb843,322,a04f680eda1b01ab33e9a0860db2c1bfb27eaab329bf56b9f073c82bca985f98
527,ord_dataset-1ec2807f02fa4beda27d2a81b86eb843:ord-6f842bafb0fd43d0b197e9112a1a2632,ord_dataset-1ec2807f02fa4beda27d2a81b86eb843,642,1cd39dfbd12cf9089c1cdb0dfb12e7f01057fef90dc8026ceb49f499102411fb
528,ord_dataset-1ec2807f02fa4beda27d2a81b86eb843:ord-6fd85ff1a24e40128900bcdd0bdd7c76,ord_dataset-1ec2807f02fa4beda27d2a81b86eb843,682,d10f618350e3eafc64dcbaddac1400d8597007775c5c542589eebcc0eade994a
529,ord_dataset-1ec2807f02fa4beda27d2a81b86eb843:ord-6fdefd4d99d14b6999e9cfcf260ed691,ord_dataset-1ec2807f02fa4beda27d2a81b86eb843,775,0db089a2dfd5f08848873e085e921d6a5dd47acacd87aaaab00686911ea4af3d
530,ord_dataset-1ec2807f02fa4beda27d2a81b86eb843:ord-7065439f28454c78a29df86640aaae2e,ord_dataset-1ec2807f02fa4beda27d2a81b86eb843,846,c281d576bb91fbeabad796cf81f80eda95701223400851c19024698a3f116b92
531,ord_dataset-1ec2807f02fa4beda27d2a81b86eb843:ord-70c1d8eb949a4821b37f07657f57c7a1,ord_dataset-1ec2807f02fa4beda27d2a81b86eb843,1099,770dd501ee0623acb23d2366c383b524a3cfd2ed607ee407f1c2dfa9ee495c5d
532,ord_dataset-1ec2807f02fa4beda27d2a81b86eb843:ord-70ddd6f4833742dabd677efb32c17d7e,ord_dataset-1ec2807f02fa4beda27d2a81b86eb843,891,0b845f806e2cba4522f42243eb0b950e42e369675a57500bb7c92b99f0842025
533,ord_dataset-1ec2807f02fa4beda27d2a81b86eb843:ord-70f250ce64404858973e0adb76dab7e7,ord_dataset-1ec2807f02fa4beda27d2a81b86eb843,241,75c67c9af166a981491eec2e35abce60115f58ef70e3c6d90a4009b088854d9f
534,ord_dataset-1ec2807f02fa4beda27d2a81b86eb843:ord-711aeb35164541d58ba709363dd3df1c,ord_dataset-1ec2807f02fa4beda27d2a81b86eb843,1147,023b7805a095eee03c8c445bf443ae441375a7c6e45aa99ad82ae8869d73303f
535,ord_dataset-1ec2807f02fa4beda27d2a81b86eb843:ord-712574c9e63c4b42912a1517a7399262,ord_dataset-1ec2807f02fa4beda27d2a81b86eb843,1151,43a97cd1e6db1e52ba1db3e537c669f0d9a666d338af972bac7734bafcbd60d1
536,ord_dataset-1ec2807f02fa4beda27d2a81b86eb843:ord-71a47bb13344405a8719077c4ba9ad30,ord_dataset-1ec2807f02fa4beda27d2a81b86eb843,485,4ac565b1ac855242976955054b7f3203f1b10543a20180a1e367e8a9556208b4
537,ord_dataset-1ec2807f02fa4beda27d2a81b86eb843:ord-71c19106ebf34a40ad508fc5029717a5,ord_dataset-1ec2807f02fa4beda27d2a81b86eb843,292,0292f51e762d4a3543c747793abc1c15bc4eb58aaad921f81fc923b4eeb7878d
538,ord_dataset-1ec2807f02fa4beda27d2a81b86eb843:ord-71d871ff1b5f419c9280b0181c3e1549,ord_dataset-1ec2807f02fa4beda27d2a81b86eb843,236,cdb1553299b114a0f0a5ccb20f27832a4a4e1a1b2c3c36fef35dc949657026f1
539,ord_dataset-1ec2807f02fa4beda27d2a81b86eb843:ord-71fb356a967d4e4191ad2ba09df8c02d,ord_dataset-1ec2807f02fa4beda27d2a81b86eb843,751,0ff9dd3b3838ef0fec885574bf4aca7542c5def464789c06c8771e63de63599d
540,ord_dataset-1ec2807f02fa4beda27d2a81b86eb843:ord-72374368714d401aba702b4156205658,ord_dataset-1ec2807f02fa4beda27d2a81b86eb843,778,efdddafbb52eef66fd855cd1dbab013a8cc2a38f6bd946b4512218c5a9089b90
541,ord_dataset-1ec2807f02fa4beda27d2a81b86eb843:ord-7254c9aa63fc491397ebc36b5545d5d4,ord_dataset-1ec2807f02fa4beda27d2a81b86eb843,528,4823e4235a3ddc4621f146ac333bc53a14bc37ec4ce4d050eec69636eff1f138
542,ord_dataset-1ec2807f02fa4beda27d2a81b86eb843:ord-72afab165e6644b4aaf601ce88bfea9d,ord_dataset-1ec2807f02fa4beda27d2a81b86eb843,996,5030a7cf65de89602bf1919ccaa4d5603526a934983bc05ac737382e61f6f1ac
543,ord_dataset-1ec2807f02fa4beda27d2a81b86eb843:ord-72d58eabee3d4ce1bccbc480e5124861,ord_dataset-1ec2807f02fa4beda27d2a81b86eb843,836,532e5e4a4428e25b2eda5a032519d2084229d792daefa1b7abad90a3de11c6ec
544,ord_dataset-1ec2807f02fa4beda27d2a81b86eb843:ord-73435fef733a4bdab886c17a48b97262,ord_dataset-1ec2807f02fa4beda27d2a81b86eb843,908,48a7e00aee6ed25a5b32738a90c12c95b1941d7d076e1c48a07f8c90cc22d6a4
545,ord_dataset-1ec2807f02fa4beda27d2a81b86eb843:ord-73af4a71e5ca4803989281f29fb67a1b,ord_dataset-1ec2807f02fa4beda27d2a81b86eb843,1046,5420b31039404ca34e07c60ce1c0b3a959897370fb4f156fe44de10baa01a32c
546,ord_dataset-1ec2807f02fa4beda27d2a81b86eb843:ord-73c731d6cdb3478c97899e3919c6ee76,ord_dataset-1ec2807f02fa4beda27d2a81b86eb843,1117,dbcb7d4d0d00f9ddd35e4a0fd5313a40577adbd9daafcd7b8e7813be17394c2f
547,ord_dataset-1ec2807f02fa4beda27d2a81b86eb843:ord-73d5e84d0423425aaaf5846631dc220d,ord_dataset-1ec2807f02fa4beda27d2a81b86eb843,825,cd5ab6364657a1e06b83a2865556158ca58e484fbb241111e7514575b8ba2f0c
548,ord_dataset-1ec2807f02fa4beda27d2a81b86eb843:ord-740738a4816041908b2622457f255bee,ord_dataset-1ec2807f02fa4beda27d2a81b86eb843,32,36e1228acf7ea262ff3fe3da6ef451b396b5bd13e94f4cacc52a0a3e0ce2c0a9
549,ord_dataset-1ec2807f02fa4beda27d2a81b86eb843:ord-7416ec8f2bd349719ae10cb6b6edd2a4,ord_dataset-1ec2807f02fa4beda27d2a81b86eb843,601,699f118e831d0f723ce1949c3edca24fc32568a6d968dee10d38799aedc64395
550,ord_dataset-1ec2807f02fa4beda27d2a81b86eb843:ord-7439b9ad645842cb8330f0e1598c5ac2,ord_dataset-1ec2807f02fa4beda27d2a81b86eb843,127,b976542743b359f3786d43ff8ed35638ee974b83dff1a4208f275410b13c9201
551,ord_dataset-1ec2807f02fa4beda27d2a81b86eb843:ord-746424d2ef8a4045a17df431ea987159,ord_dataset-1ec2807f02fa4beda27d2a81b86eb843,888,970e7de13b816a3a57dcfb00c2a47e0af6356e2d9b573b179a75753f5b7fc64c
552,ord_dataset-1ec2807f02fa4beda27d2a81b86eb843:ord-74ef316173014c56886d9f42e00b9854,ord_dataset-1ec2807f02fa4beda27d2a81b86eb843,1102,33eaa60ffcc2c3d14afe2c4d1ee1388a78c50caaf2d76c23e01e11197879272e
553,ord_dataset-1ec2807f02fa4beda27d2a81b86eb843:ord-7527a443ef0141a8af2247fdf3398fad,ord_dataset-1ec2807f02fa4beda27d2a81b86eb843,765,9dd6ee436a74614778f13aa486fcf4bc04b8f8ac00a57faf7b7846c020de3127
554,ord_dataset-1ec2807f02fa4beda27d2a81b86eb843:ord-75abe9472b4044239f99f77bb3655bc5,ord_dataset-1ec2807f02fa4beda27d2a81b86eb843,362,da832c4c948238e962c466a85909eb3aedea3d2befcb55d74a47d5c1d3a2f4f1
555,ord_dataset-1ec2807f02fa4beda27d2a81b86eb843:ord-75ee2dbf32b549998316b72e96ec96f2,ord_dataset-1ec2807f02fa4beda27d2a81b86eb843,890,9e0b37cc7ec0d2e820262f355ef83a52b0bd1a3e4fc40a7effaa683e1a79616e
556,ord_dataset-1ec2807f02fa4beda27d2a81b86eb843:ord-762713d4fd614943bf4bea984493923d,ord_dataset-1ec2807f02fa4beda27d2a81b86eb843,1035,ccc36b4f19a67cc4689fb1a62aa4464272238e49764a1fdde3266ccf77ef650d
557,ord_dataset-1ec2807f02fa4beda27d2a81b86eb843:ord-76928f774f3b404abb93146d01eacc0d,ord_dataset-1ec2807f02fa4beda27d2a81b86eb843,1011,dc7a02781ada94eba3188d227be85bfa19b4bbd3c59ee1b547c838e88bdc91bb
558,ord_dataset-1ec2807f02fa4beda27d2a81b86eb843:ord-769e0342dc744a1eb97e9e1ada79e0a1,ord_dataset-1ec2807f02fa4beda27d2a81b86eb843,37,26bfe4457cd00bac816aa0f50c6b577ef541f3a1ccfb520f5b4a7a51af72f789
559,ord_dataset-1ec2807f02fa4beda27d2a81b86eb843:ord-76ceba38c39845dc8805e4b3ed5ed61f,ord_dataset-1ec2807f02fa4beda27d2a81b86eb843,961,ee15dc7b4f4477925c83358a80f2426f146f9146b7dd231df7af3d744d737d0e
560,ord_dataset-1ec2807f02fa4beda27d2a81b86eb843:ord-7711f4dc6c96401c9294a309ae0435f8,ord_dataset-1ec2807f02fa4beda27d2a81b86eb843,677,285dbbc244509c047b9fc1f4cbdf2d157a81b2deca83b1b978739aa7b122bf5b
561,ord_dataset-1ec2807f02fa4beda27d2a81b86eb843:ord-774da1d2252c45b4a428fcdcff6cc150,ord_dataset-1ec2807f02fa4beda27d2a81b86eb843,314,f05311472a671af3c49ef9d37d8c21416a9f3053d0346cb70565eb0a8fcee75a
562,ord_dataset-1ec2807f02fa4beda27d2a81b86eb843:ord-7764a754172149ce8f7026168fe256d1,ord_dataset-1ec2807f02fa4beda27d2a81b86eb843,1174,66944cf939fd458ab210cb93e00a0d01fa358c6f38fb37de7323d38f2ace93bc
563,ord_dataset-1ec2807f02fa4beda27d2a81b86eb843:ord-7765db5c25ed4dac9f325a15ddcb3464,ord_dataset-1ec2807f02fa4beda27d2a81b86eb843,562,15382cde23d45ea3c4497a0dd8d90dc3521cf11bb65cd63803a032886f08d796
564,ord_dataset-1ec2807f02fa4beda27d2a81b86eb843:ord-77b107ad8e724039acaade4ec135e9cf,ord_dataset-1ec2807f02fa4beda27d2a81b86eb843,147,5cbfed6967ca90e7331fb71899eec988f507f77ad39cd875ea878250eeab2024
565,ord_dataset-1ec2807f02fa4beda27d2a81b86eb843:ord-78173a6571dd4575affbc53cd033e70a,ord_dataset-1ec2807f02fa4beda27d2a81b86eb843,867,bc2ab7a70671dbc6abaa1a27e6395cbbad0ccf00e4cf484361fd34c8ceffe906
566,ord_dataset-1ec2807f02fa4beda27d2a81b86eb843:ord-7844d90040da48358a02a3dabffb3147,ord_dataset-1ec2807f02fa4beda27d2a81b86eb843,352,b36f09addfe7df628d8906f2518488e98caf0b07c95ed51306861e426f0e686f
567,ord_dataset-1ec2807f02fa4beda27d2a81b86eb843:ord-7853abc58a8f45238d9618fa90062734,ord_dataset-1ec2807f02fa4beda27d2a81b86eb843,1217,ef4131dc7d9ea9527b1cb4a2aa0a5cef906dbc6426c485a0493ca4a7d4640d86
568,ord_dataset-1ec2807f02fa4beda27d2a81b86eb843:ord-78ac658fae4742ce80372a8bd2f2a06d,ord_dataset-1ec2807f02fa4beda27d2a81b86eb843,283,6f322b18e06ea46d23a91acfb6a119ee64836adb153ee3b220d0d79e64910e6b
569,ord_dataset-1ec2807f02fa4beda27d2a81b86eb843:ord-78ad550577c048bba100235e37d845c9,ord_dataset-1ec2807f02fa4beda27d2a81b86eb843,737,a7c4a63300b8e52e96cac18db2a375cd9ae1e37cd8ece4a0d0f78afe3f2c5c49
570,ord_dataset-1ec2807f02fa4beda27d2a81b86eb843:ord-78cab8436f3f499aae6a57e866618aa8,ord_dataset-1ec2807f02fa4beda27d2a81b86eb843,976,64b0ef8e3aac8b0e07e93f38587fb434298cd37653bd781f17e7c38d5c8b198f
571,ord_dataset-1ec2807f02fa4beda27d2a81b86eb843:ord-79140fd1962c46e99065a8c2898c22e4,ord_dataset-1ec2807f02fa4beda27d2a81b86eb843,261,5961081dfe2cd94f47d66c5f53af529ce52c30976b61fc76ceab7aeb173aba4a
572,ord_dataset-1ec2807f02fa4beda27d2a81b86eb843:ord-79405cb173e8495691f296aa39643507,ord_dataset-1ec2807f02fa4beda27d2a81b86eb843,150,1a9e29786a8af860fc9a095a7d0fc9708120915ff457a5af1b10fffdd7663f58
573,ord_dataset-1ec2807f02fa4beda27d2a81b86eb843:ord-79a9f4f74bd54607a40aea83314c5f27,ord_dataset-1ec2807f02fa4beda27d2a81b86eb843,390,d0f1f0421e54b7feafd7243ca751dae0b1bfda27a706ee41108c6e81375c2681
574,ord_dataset-1ec2807f02fa4beda27d2a81b86eb843:ord-7a2534888b4a4fe2b229624380f4257b,ord_dataset-1ec2807f02fa4beda27d2a81b86eb843,146,c2eb7dde3aa1fd0a39350f0ff7b76e2c8ef3871c5bc48fe8b3e050eaced4f852
575,ord_dataset-1ec2807f02fa4beda27d2a81b86eb843:ord-7a4b3955f7244d948a199318b13219b7,ord_dataset-1ec2807f02fa4beda27d2a81b86eb843,369,a683c314d87ce25dda0aec0dfad538597811c2022ea51d9f5dffdbf4992641f2
576,ord_dataset-1ec2807f02fa4beda27d2a81b86eb843:ord-7a622343879b41eb84a535fc7d1ca550,ord_dataset-1ec2807f02fa4beda27d2a81b86eb843,355,2cf13835ab0d4812f8dbfb3ff405595649741b10614f050b19405896cc8496dc
577,ord_dataset-1ec2807f02fa4beda27d2a81b86eb843:ord-7a97904db2104c259af033a2179b4c8c,ord_dataset-1ec2807f02fa4beda27d2a81b86eb843,1216,0fb488261fd88f93ea3cfef4f274442d5f9ba2f613fcfc1161bc5973945abab1
578,ord_dataset-1ec2807f02fa4beda27d2a81b86eb843:ord-7aa2642e49b4419f9f74f6eed7809631,ord_dataset-1ec2807f02fa4beda27d2a81b86eb843,169,a347a090af84db19021710c29689e6ec3f1e75f08cd1e2f510c632a8035da8c6
579,ord_dataset-1ec2807f02fa4beda27d2a81b86eb843:ord-7ab1fde5f4ab4d46b9f6caa504df51f5,ord_dataset-1ec2807f02fa4beda27d2a81b86eb843,182,0644b48a1cf9354b0d477859253fb498d05bbd861f1dae4500be5412b1264337
580,ord_dataset-1ec2807f02fa4beda27d2a81b86eb843:ord-7b137f1be3f94c6ba53febbf197e5eca,ord_dataset-1ec2807f02fa4beda27d2a81b86eb843,898,0bf6858338eb1ce5c0122fba2754a9262e3394b1c2885180154ff34afea4ffe8
581,ord_dataset-1ec2807f02fa4beda27d2a81b86eb843:ord-7b39d5a9ce8d46b394545dba259f9cdc,ord_dataset-1ec2807f02fa4beda27d2a81b86eb843,1103,40babb478480f3de9f456c4a7f7daa860d7b586fec3fca1f535cb18226e8258d
582,ord_dataset-1ec2807f02fa4beda27d2a81b86eb843:ord-7bac8ad1677248b18f9987768c01e599,ord_dataset-1ec2807f02fa4beda27d2a81b86eb843,468,efa98ea8763eb635ad2097b4f8f0154d76868cbcdfb53b1ab34109d368280105
583,ord_dataset-1ec2807f02fa4beda27d2a81b86eb843:ord-7bc7167a75614b55945c7dfa6eca8855,ord_dataset-1ec2807f02fa4beda27d2a81b86eb843,760,03ffbbfd678886b141673d3f86311203d25384daeacea22186e32b5542424b2b
584,ord_dataset-1ec2807f02fa4beda27d2a81b86eb843:ord-7c1ef55b0e5c4aa191a54066934c66e2,ord_dataset-1ec2807f02fa4beda27d2a81b86eb843,557,11575c4f3a7e759d5c7901a6bec365fb9024e6bc781e14b7467b4d62f69bfae5
585,ord_dataset-1ec2807f02fa4beda27d2a81b86eb843:ord-7c7c5ad9ac2e45869f108685e6f6cd04,ord_dataset-1ec2807f02fa4beda27d2a81b86eb843,1111,37b043b2f8b55ef29c8f6420b33303f967595cf4ad16e024290f365c67d6d800
586,ord_dataset-1ec2807f02fa4beda27d2a81b86eb843:ord-7c8637c5b55a4a209a911399fc245d8a,ord_dataset-1ec2807f02fa4beda27d2a81b86eb843,787,704fb30f3c38f3d9a2e2397d95d80b80f95f309c034d324275bf9bb45f41aa6a
587,ord_dataset-1ec2807f02fa4beda27d2a81b86eb843:ord-7c984612496846aebe909d7fa1cc8db2,ord_dataset-1ec2807f02fa4beda27d2a81b86eb843,1123,5cdbd37b759df66b084b68331d046328210e8043379647f2b72ccd7313d46156
588,ord_dataset-1ec2807f02fa4beda27d2a81b86eb843:ord-7d10de575e5a4aaea07e2199cc416ded,ord_dataset-1ec2807f02fa4beda27d2a81b86eb843,1219,8479dcc9ce9cbb6106618b88cf683712f9c822dcb70ba59cd84ecc6a20b42f53
589,ord_dataset-1ec2807f02fa4beda27d2a81b86eb843:ord-7d3d08938bb94c3d9f46d8bf175acd40,ord_dataset-1ec2807f02fa4beda27d2a81b86eb843,60,c7766efaae0a5eea1562492f70bb080a493aa4dc64666a8c71e79c1edcc86d49
590,ord_dataset-1ec2807f02fa4beda27d2a81b86eb843:ord-7d788c1a2460474090963d88be919024,ord_dataset-1ec2807f02fa4beda27d2a81b86eb843,662,13e961db2ad67d64a960db01c394a4b009094cb8357545e93ee943d8eeb4b80b
591,ord_dataset-1ec2807f02fa4beda27d2a81b86eb843:ord-7dd7d559ce7b44af81f93c1f1c7f5517,ord_dataset-1ec2807f02fa4beda27d2a81b86eb843,383,bcbfc935fe473c60a3c4e0b16d7c604ecaa50cda32d4833dac72c5e688274117
592,ord_dataset-1ec2807f02fa4beda27d2a81b86eb843:ord-7de02c3d810d48de973f09f1e9cae77a,ord_dataset-1ec2807f02fa4beda27d2a81b86eb843,840,1cf63dd7ce37fdf6b844e544adbaaf4ff834b8125feb5ac4379f5fb9061bfd19
593,ord_dataset-1ec2807f02fa4beda27d2a81b86eb843:ord-7df90e19800e4ab7a4adeaa4237dd716,ord_dataset-1ec2807f02fa4beda27d2a81b86eb843,1036,4816ad4d55f6a4c83235be1348d14947ae12e3d772722b17a6466cfac648cf13
594,ord_dataset-1ec2807f02fa4beda27d2a81b86eb843:ord-7e57190b4a0344ebbc3ea4be5953d118,ord_dataset-1ec2807f02fa4beda27d2a81b86eb843,479,076cd8eaa06cd0a772ca736fae9ed9fe4bad42ae8292913629a4bdd251e54e58
595,ord_dataset-1ec2807f02fa4beda27d2a81b86eb843:ord-7e9c45ddfe4a4cc89e79b07264a431b9,ord_dataset-1ec2807f02fa4beda27d2a81b86eb843,1010,155e4b3517282fc6ffe37f3f0cce3dd08986838e3158a2baf4fa54c517d3edcb
596,ord_dataset-1ec2807f02fa4beda27d2a81b86eb843:ord-7ec75ccd01b444aba2a21391d615a80c,ord_dataset-1ec2807f02fa4beda27d2a81b86eb843,188,ff2129d8dc44e8f5050604169a8e621e89a73a21f525636bf2fe456b1c8d2e97
597,ord_dataset-1ec2807f02fa4beda27d2a81b86eb843:ord-7ef0a7ea4f1644f7ae777a14e5427ad1,ord_dataset-1ec2807f02fa4beda27d2a81b86eb843,1016,98118b3fa415a5328094cbd705cab3e27298b48ea45dc384e132b8b0a58a2b8b
598,ord_dataset-1ec2807f02fa4beda27d2a81b86eb843:ord-7f07611c3d8347d79794e9d0849be4ec,ord_dataset-1ec2807f02fa4beda27d2a81b86eb843,477,d56f070c5ecf53a5eeccf90ed9e935f3de4d8d30f5d575355df7d6c6dcac7a29
599,ord_dataset-1ec2807f02fa4beda27d2a81b86eb843:ord-7f50546ad8224f278ce55a3eb55be48c,ord_dataset-1ec2807f02fa4beda27d2a81b86eb843,231,84a8da48fe9c5741ab7a52394c982ae48d7f42c7a7801fc5ba87637814c94621
600,ord_dataset-1ec2807f02fa4beda27d2a81b86eb843:ord-7f9aff48e1fe4bf09d652ed8a47d3a2e,ord_dataset-1ec2807f02fa4beda27d2a81b86eb843,366,e2c3ab60785a0e60dbee83d1508c424149cec36cd27a7e42735fd38d6d625a3f
601,ord_dataset-1ec2807f02fa4beda27d2a81b86eb843:ord-7faea019828f4cb3b0070b66f11cbc3b,ord_dataset-1ec2807f02fa4beda27d2a81b86eb843,1146,2cbe7e45cb9092e75527ffe6c06d6f2d62afd556cdba9f9ef5f476d29269763e
602,ord_dataset-1ec2807f02fa4beda27d2a81b86eb843:ord-7fbe46701d2c4114beda071ca350c598,ord_dataset-1ec2807f02fa4beda27d2a81b86eb843,416,21dea220b96ebd0b1215a3d6c8c79e2226ab80840c3c11e5d5321e56b5476888
603,ord_dataset-1ec2807f02fa4beda27d2a81b86eb843:ord-80907311430b4847b50f336b9cf36cb6,ord_dataset-1ec2807f02fa4beda27d2a81b86eb843,157,45f3f157082a74ce8daecb5d411a77e4d5c445af42892cff5128e86a09d91fdf
604,ord_dataset-1ec2807f02fa4beda27d2a81b86eb843:ord-8111557b617e48eea59c7736420c305f,ord_dataset-1ec2807f02fa4beda27d2a81b86eb843,71,281a3cc9187d109c25e711059c4b205f1b35bef4d0304083909a172c5cd279d1
605,ord_dataset-1ec2807f02fa4beda27d2a81b86eb843:ord-811c986a8bd34a9a985f601f087d4728,ord_dataset-1ec2807f02fa4beda27d2a81b86eb843,821,9e71f987cfad4c9903c3fb37a5fe85c5d8ad092361dab6725d1add890d0214cd
606,ord_dataset-1ec2807f02fa4beda27d2a81b86eb843:ord-812a52006d6b4613a80ba6e2a51612de,ord_dataset-1ec2807f02fa4beda27d2a81b86eb843,160,1a3b62aeeb824db3bea3d5a87f8978bfe6b40d7e88cabe74a60a91f51da79b90
607,ord_dataset-1ec2807f02fa4beda27d2a81b86eb843:ord-814f9d83605045f285532e464caeccce,ord_dataset-1ec2807f02fa4beda27d2a81b86eb843,46,9f40f1b412e89863c7ae67f94e570dc7789f6be71e567d6ff1c8a751e7099455
608,ord_dataset-1ec2807f02fa4beda27d2a81b86eb843:ord-8151512a7f19437482c59a707e5249c7,ord_dataset-1ec2807f02fa4beda27d2a81b86eb843,632,81b4d5878951ea6170aa36135f0db6813d99f606c30f06514a2142c3f59dc5f2
609,ord_dataset-1ec2807f02fa4beda27d2a81b86eb843:ord-81cb1c57f33b425dbd6dfd651ed966db,ord_dataset-1ec2807f02fa4beda27d2a81b86eb843,224,4adb916617ac814fc6b8383b415632b6afe7bc50387d0ede99124ff9e2062ff3
610,ord_dataset-1ec2807f02fa4beda27d2a81b86eb843:ord-81d21c1849e248ad9b6164a3848663fd,ord_dataset-1ec2807f02fa4beda27d2a81b86eb843,128,75b93c0a400014b21c04db854860a6684d08f426c3940ed5253e14f5076bda7c
611,ord_dataset-1ec2807f02fa4beda27d2a81b86eb843:ord-81e7e187b81840849a0ae7555776a09e,ord_dataset-1ec2807f02fa4beda27d2a81b86eb843,914,4ad845de4a0332e868f588259a9b29666c93aaa0860a5265af54f8d47b78f96d
612,ord_dataset-1ec2807f02fa4beda27d2a81b86eb843:ord-81e842022dc44afca5434decf881986d,ord_dataset-1ec2807f02fa4beda27d2a81b86eb843,1064,f6f4cdef7f15268026b7db6c24eb1ca29a6971ad1eeee7803ee4b02406c8b63c
613,ord_dataset-1ec2807f02fa4beda27d2a81b86eb843:ord-82017f4e1d3443b1a0992ee7683a4c2d,ord_dataset-1ec2807f02fa4beda27d2a81b86eb843,209,e6be26fb2097da83b1a6e946ee41e75964cb3df3780f8f1c2a450920bb4ffab1
614,ord_dataset-1ec2807f02fa4beda27d2a81b86eb843:ord-8247fe89010b4b88ad48a0dc64863211,ord_dataset-1ec2807f02fa4beda27d2a81b86eb843,661,8bd888ba55753a332dc87c5c5a8ce626642c2076825dac869251c6d3107ebcc6
615,ord_dataset-1ec2807f02fa4beda27d2a81b86eb843:ord-824d3ef22bd44374bd53d8ea638e2263,ord_dataset-1ec2807f02fa4beda27d2a81b86eb843,218,9c65ef6c8ea3320739905084ecefd5de28ecfdae9116f01b2370a2f468f4a575
616,ord_dataset-1ec2807f02fa4beda27d2a81b86eb843:ord-8250bf0c0fcd4c1b9d5e02794f6d39c3,ord_dataset-1ec2807f02fa4beda27d2a81b86eb843,946,f8b6db6cc8b5f707f861f227e5479dcb2613c8d0b451bf7034002917ca2c9240
617,ord_dataset-1ec2807f02fa4beda27d2a81b86eb843:ord-826328a5ec604738902e1f251ae2fcbb,ord_dataset-1ec2807f02fa4beda27d2a81b86eb843,454,575b348902026577181132ec47b66d70c695cafca2a39d335f7f50de803dfca9
618,ord_dataset-1ec2807f02fa4beda27d2a81b86eb843:ord-8264816f4b87402dae355a9af98d00e2,ord_dataset-1ec2807f02fa4beda27d2a81b86eb843,874,d18af6e626e2a24d1f23c35c4d69cb5c0530ef15a7c787f3ef54a16199b7567a
619,ord_dataset-1ec2807f02fa4beda27d2a81b86eb843:ord-8277679352944ed3a6f8e3cd93682d5c,ord_dataset-1ec2807f02fa4beda27d2a81b86eb843,439,21fdd10f96f0d62f57770c79f5c6793c0b13ae47e539da2abeeedb6029d2191c
620,ord_dataset-1ec2807f02fa4beda27d2a81b86eb843:ord-828002f8bf3146f0b28960f773e38119,ord_dataset-1ec2807f02fa4beda27d2a81b86eb843,789,7d94de059cdb439737a4c7aa3aa59c3c62ec8642761eab766b8b294020a9d4f3
621,ord_dataset-1ec2807f02fa4beda27d2a81b86eb843:ord-82ccfd020f904ccdbb18045b2c56e7af,ord_dataset-1ec2807f02fa4beda27d2a81b86eb843,774,91188cb4b9020a76a0aeafe8ad748dbe7f6bdfb49a7d96e5923fc5da67d304b6
622,ord_dataset-1ec2807f02fa4beda27d2a81b86eb843:ord-8329e853351242cd8b0c81ca1ccfcebe,ord_dataset-1ec2807f02fa4beda27d2a81b86eb843,1126,183ba59121d33d022f9d7d61e3eeb21ff43addae79cf5c340fee54a361792f7b
623,ord_dataset-1ec2807f02fa4beda27d2a81b86eb843:ord-837697061a6a409ba2699cf418e9ce5d,ord_dataset-1ec2807f02fa4beda27d2a81b86eb843,1113,ecd512da58c3617eb23861e714474bf1c63d622467211504f8246400ca72e2fa
624,ord_dataset-1ec2807f02fa4beda27d2a81b86eb843:ord-839e95b2a8f64b8e9a7bdef064a88337,ord_dataset-1ec2807f02fa4beda27d2a81b86eb843,1180,c553276f9efc1cf55d94d93baf85c752e58a44c630047d0175c02bd228506300
625,ord_dataset-1ec2807f02fa4beda27d2a81b86eb843:ord-83d6ad262a2b46dd9ed91468f2c992aa,ord_dataset-1ec2807f02fa4beda27d2a81b86eb843,653,7295f47c4152ef6971a1da59a07e055698913ed1da929a2ddd519f092ec3d7e8
626,ord_dataset-1ec2807f02fa4beda27d2a81b86eb843:ord-84180bbca57f4203a0be10417126632f,ord_dataset-1ec2807f02fa4beda27d2a81b86eb843,116,22c93638dc61b4c8b467691dd50677301bfffbbc58a7da719bf3d8a62a40f9a9
627,ord_dataset-1ec2807f02fa4beda27d2a81b86eb843:ord-84714eb7b80e4bab961b82521ffd603e,ord_dataset-1ec2807f02fa4beda27d2a81b86eb843,30,8d4449bbd7328dee20e7b982de8eeb508b3721f8f9c6735e2b2b17f7a43f89d2
628,ord_dataset-1ec2807f02fa4beda27d2a81b86eb843:ord-847fe50d09d94cdd8853d5d502929615,ord_dataset-1ec2807f02fa4beda27d2a81b86eb843,1205,c2aabb7c4a92e210dc75e54cffc5fde9aea3c0a66a14231d055f8d395d99da14
629,ord_dataset-1ec2807f02fa4beda27d2a81b86eb843:ord-84c9648b358c4ee49532edae981bf7ae,ord_dataset-1ec2807f02fa4beda27d2a81b86eb843,1070,d55fc22a9eda7ae56586f583562c4568a403844c7a48f66af1752def5f370692
630,ord_dataset-1ec2807f02fa4beda27d2a81b86eb843:ord-84ed84aaa9234c07935ab65661674675,ord_dataset-1ec2807f02fa4beda27d2a81b86eb843,334,58dea23b41823be973a3961071ad14b1b5eeb17f21d9ba43fc4b81eafc86cfc3
631,ord_dataset-1ec2807f02fa4beda27d2a81b86eb843:ord-84fef0e9aaff4f84a8f80fb8e97fd904,ord_dataset-1ec2807f02fa4beda27d2a81b86eb843,512,9649443dd6302aaf9a5764dfb7a379da07185851636b3fcc3105359595d4ef0e
632,ord_dataset-1ec2807f02fa4beda27d2a81b86eb843:ord-852dbc99923f4b5c9bdc518beb9b7d6e,ord_dataset-1ec2807f02fa4beda27d2a81b86eb843,1188,b377b4c8fa88bf13fa02b4ee63f6c6907d8b8125598b3ef73718f7c10ae11803
633,ord_dataset-1ec2807f02fa4beda27d2a81b86eb843:ord-8537a76c05b94133a9e3f9bcae2091a8,ord_dataset-1ec2807f02fa4beda27d2a81b86eb843,671,599d14eaba1348284082d70578c5cb4a053b95f6ccba9a6ec501ff0391861c44
634,ord_dataset-1ec2807f02fa4beda27d2a81b86eb843:ord-853c28221967421cb2677d4f067e1025,ord_dataset-1ec2807f02fa4beda27d2a81b86eb843,600,5a0b6fbf4a8c1c0b0fa59786d871f3851559fa89f20408d659abb77d75a77ccc
635,ord_dataset-1ec2807f02fa4beda27d2a81b86eb843:ord-8555fa8218f84c158436fa5c83f95941,ord_dataset-1ec2807f02fa4beda27d2a81b86eb843,1062,79ed3991afb200a085d909ce28dd123c63b07dc1d85e05a3fe337aeba4e0bd88
636,ord_dataset-1ec2807f02fa4beda27d2a81b86eb843:ord-859336ee90b64f9393352d77eca933db,ord_dataset-1ec2807f02fa4beda27d2a81b86eb843,441,ac5fa83e8a6bc72fa459a1495d352177ced0ba3de92239c597b56bdaa26be42c
637,ord_dataset-1ec2807f02fa4beda27d2a81b86eb843:ord-85b9527cb5af4e44954a8f177f180151,ord_dataset-1ec2807f02fa4beda27d2a81b86eb843,336,51596686f1d1fe3753813b3a64de46482b7bce47219675ccbfb9e8b0ceeec64c
638,ord_dataset-1ec2807f02fa4beda27d2a81b86eb843:ord-85c093ec924749c5bf79e0db3124f0ef,ord_dataset-1ec2807f02fa4beda27d2a81b86eb843,873,5245fce2ffe32b081502a67644ab818bc03b3491a7b4b74c737447b5936d6a76
639,ord_dataset-1ec2807f02fa4beda27d2a81b86eb843:ord-85d16cce70dc4af58ad1d90a8613919e,ord_dataset-1ec2807f02fa4beda27d2a81b86eb843,328,1e76eb36d872047d9bfdce8be33794bd8ac8d66102f3d29aa06c820c4a492835
640,ord_dataset-1ec2807f02fa4beda27d2a81b86eb843:ord-862bbd9f4f96474ba11962b31d899996,ord_dataset-1ec2807f02fa4beda27d2a81b86eb843,109,a37191e5288e42b1d04f331a32a89481c13464e8b313f6899e43cc638e7f4552
641,ord_dataset-1ec2807f02fa4beda27d2a81b86eb843:ord-86509c5d2af642e282959cc38c8eae0e,ord_dataset-1ec2807f02fa4beda27d2a81b86eb843,533,cf40ce96fce2f353dd17f7a869fb074dff9bf6883300a2f310a3d260c026f821
642,ord_dataset-1ec2807f02fa4beda27d2a81b86eb843:ord-866609a4141d4b04a31834c6128918f2,ord_dataset-1ec2807f02fa4beda27d2a81b86eb843,1148,5f6dc5bfe5139a3135615cf0eb546d38e55073c60ec39894f3b574663cdb29c0
643,ord_dataset-1ec2807f02fa4beda27d2a81b86eb843:ord-868af8303f154b8eabe7c2d1bc88a207,ord_dataset-1ec2807f02fa4beda27d2a81b86eb843,1208,b178ad754d2df0fca8e9bd7e1b2911c5b7ccd6a264393dcd567c049c6b288e48
644,ord_dataset-1ec2807f02fa4beda27d2a81b86eb843:ord-86fb0f577f0a4770b8058c4463b0a788,ord_dataset-1ec2807f02fa4beda27d2a81b86eb843,76,61f47a34837695a3fa8ba2d85ac858b57bda5caefed1481dc3a8a3eb8c9972c6
645,ord_dataset-1ec2807f02fa4beda27d2a81b86eb843:ord-870aad954e8b49558513dd4eb40cc03a,ord_dataset-1ec2807f02fa4beda27d2a81b86eb843,705,1e254e14a2e836f49edd6a0d7e6d19468efbb08dc81c1064dcf77b0e14a1c08a
646,ord_dataset-1ec2807f02fa4beda27d2a81b86eb843:ord-871a1bf024b840f3ad9aa03185162480,ord_dataset-1ec2807f02fa4beda27d2a81b86eb843,122,413c6206e839a02b33bd20e0f46db9ca48b5b1ba6c37c6c67b4b33e2c605ebb2
647,ord_dataset-1ec2807f02fa4beda27d2a81b86eb843:ord-87725e677cd24da2b882938224712564,ord_dataset-1ec2807f02fa4beda27d2a81b86eb843,499,abf77fe82728efd657bf2520610524a8b8b64af52030be41ce419980ff147c15
648,ord_dataset-1ec2807f02fa4beda27d2a81b86eb843:ord-87975f5c735c408bb945cf3ae49d20ae,ord_dataset-1ec2807f02fa4beda27d2a81b86eb843,396,07915495c5022f7fc8dda1732cc030656b72c2aaca47630eee14cbd5110b56e3
649,ord_dataset-1ec2807f02fa4beda27d2a81b86eb843:ord-87c30147129d47d6b9595572c80c6a5e,ord_dataset-1ec2807f02fa4beda27d2a81b86eb843,463,fc3fac5d071c007b4e6f463720f5a6d5e746530730ef581723e636fb14e2b8b7
650,ord_dataset-1ec2807f02fa4beda27d2a81b86eb843:ord-87f81648604948a285c74df776e68e11,ord_dataset-1ec2807f02fa4beda27d2a81b86eb843,476,0b17cf28f271dcf59e21adc8dc9651d116c78182c2248ee896004410e234de8d
651,ord_dataset-1ec2807f02fa4beda27d2a81b86eb843:ord-87fc975b2bbf4a55b0b2a7e4f52d3c0a,ord_dataset-1ec2807f02fa4beda27d2a81b86eb843,910,558c839ebaa6d99cd79f2832c8a597a319004b0a49c66fd2769aa1b089a70e0c
652,ord_dataset-1ec2807f02fa4beda27d2a81b86eb843:ord-887c666d675d4d66acea58f4d61be315,ord_dataset-1ec2807f02fa4beda27d2a81b86eb843,1177,f0f8bda8056df39b54d034e5cff1b77b7740d527bcc6972b0ec8ba109e164c27
653,ord_dataset-1ec2807f02fa4beda27d2a81b86eb843:ord-8890407d31f540a896a76849c549fbc8,ord_dataset-1ec2807f02fa4beda27d2a81b86eb843,31,9671717dddfa97e7ce1989323af928a4e8e5d0820fdbbcfe9f350c3fad6e200b
654,ord_dataset-1ec2807f02fa4beda27d2a81b86eb843:ord-88916463d5c143f0a73104c080cb28c1,ord_dataset-1ec2807f02fa4beda27d2a81b86eb843,963,ebc34efd0d2bb1d581372b7f3e130fd48dfe4439b9bdae72cfac3cfc74f3c783
655,ord_dataset-1ec2807f02fa4beda27d2a81b86eb843:ord-88afba4c5cdb490b8592e07573aa8df7,ord_dataset-1ec2807f02fa4beda27d2a81b86eb843,43,544cf8985394302d275d4de58b1c7eb0adaf72b02cf8be40f3b36380e0253eb1
656,ord_dataset-1ec2807f02fa4beda27d2a81b86eb843:ord-88cd15f5bf7943548d1756d76ff5095e,ord_dataset-1ec2807f02fa4beda27d2a81b86eb843,445,10332cc0774e91771ed55ccc35b68993577cb1dc99fbeef7fe7bb0b364e41ae7
657,ord_dataset-1ec2807f02fa4beda27d2a81b86eb843:ord-895e42c98df845868bc7f57f715583dd,ord_dataset-1ec2807f02fa4beda27d2a81b86eb843,658,4449ae5947d992ec4c6ba7499e547875c3430c664e6426aaada46f3052a12967
658,ord_dataset-1ec2807f02fa4beda27d2a81b86eb843:ord-89894448a2c343a29af1e2c25cbb1f9d,ord_dataset-1ec2807f02fa4beda27d2a81b86eb843,664,96032920c71df3930e9eb875c207c91f170469f18b4db0cadb2ab68cd43ae631
659,ord_dataset-1ec2807f02fa4beda27d2a81b86eb843:ord-89a86f64618b42598c3cebd8cd96ee19,ord_dataset-1ec2807f02fa4beda27d2a81b86eb843,216,5d0e0929266bdf810d21057a53ffcb43cc5be880f5c2c4492f59f2a8693c608f
660,ord_dataset-1ec2807f02fa4beda27d2a81b86eb843:ord-89cbd7e277a34412a3e52fc6b09eee31,ord_dataset-1ec2807f02fa4beda27d2a81b86eb843,529,0919ff099b42022b986c97d7494771806d7e2cafac62b344d97944980519eaf7
661,ord_dataset-1ec2807f02fa4beda27d2a81b86eb843:ord-8a0f6eb8c60841ae9456f8374ea54527,ord_dataset-1ec2807f02fa4beda27d2a81b86eb843,68,dc75fd442acf344ec8feff5aa4b5515523c4ad384939094bb1307005a84acb16
662,ord_dataset-1ec2807f02fa4beda27d2a81b86eb843:ord-8a1661a93f5846b4a39b8ddfe61e4945,ord_dataset-1ec2807f02fa4beda27d2a81b86eb843,619,84285d4487f7ba8f44f12f37cdd3be7cd486ccdaf56a139437b2abd747c93922
663,ord_dataset-1ec2807f02fa4beda27d2a81b86eb843:ord-8a7e1400c94b4c33954594105270ddfa,ord_dataset-1ec2807f02fa4beda27d2a81b86eb843,928,7295a9ec2a9c7e1a4af3ecd64000efeff1ac24d8c520f61701b853eabc768057
664,ord_dataset-1ec2807f02fa4beda27d2a81b86eb843:ord-8af475c69c374ffab0cb59310d3f2e50,ord_dataset-1ec2807f02fa4beda27d2a81b86eb843,683,52e5b1509ae8712ab04643090c72e6daf922d81811f01262ce4179da42d84888
665,ord_dataset-1ec2807f02fa4beda27d2a81b86eb843:ord-8b1bfe3c90ab4757ad26cd9e2b90781b,ord_dataset-1ec2807f02fa4beda27d2a81b86eb843,620,7837964c8ea8b9ba05d15e6c586bde5ddf1248f282599ad9ea002d3dd1a0081a
666,ord_dataset-1ec2807f02fa4beda27d2a81b86eb843:ord-8b4a44c2907f4cd1b31e7fd321245ed2,ord_dataset-1ec2807f02fa4beda27d2a81b86eb843,59,f2dc2a8b3587a1537c3cca085397f6ecafdc5246170ee0ea5f436f9e2fc9811d
667,ord_dataset-1ec2807f02fa4beda27d2a81b86eb843:ord-8b604294e7f3406286e8e1a532089ecf,ord_dataset-1ec2807f02fa4beda27d2a81b86eb843,501,60864298a4b577a0e6f02da6a41679abcbc2946bce9b7ba3a4446b8577ba7cf4
668,ord_dataset-1ec2807f02fa4beda27d2a81b86eb843:ord-8bfec79ed38144fb9b941acd9367db08,ord_dataset-1ec2807f02fa4beda27d2a81b86eb843,73,604cbd36af771c225b9f038c08bd498b50926f40b768211071bc0f682e05d573
669,ord_dataset-1ec2807f02fa4beda27d2a81b86eb843:ord-8c2cba8fbe9a4a6fb412ac3a4485219b,ord_dataset-1ec2807f02fa4beda27d2a81b86eb843,574,92f7a5aa286bdb1aa66c6772e0680ee19888e2a997a042ebfa5a9a3000045825
670,ord_dataset-1ec2807f02fa4beda27d2a81b86eb843:ord-8c8acdfbd2784972a1bb900f4139eb42,ord_dataset-1ec2807f02fa4beda27d2a81b86eb843,386,bc0b060edae343cc0879c97da5e317751bed58fc23a5957c5a7e8634c366b461
671,ord_dataset-1ec2807f02fa4beda27d2a81b86eb843:ord-8d65780a975e4e28b8e8a2dc5f1a91d7,ord_dataset-1ec2807f02fa4beda27d2a81b86eb843,18,e7e6e43f19a44c2adf43087cd29e5f48125a5070e7d168bba189ae56435be76c
672,ord_dataset-1ec2807f02fa4beda27d2a81b86eb843:ord-8da956ff74904fd29ee4a6be7bb39285,ord_dataset-1ec2807f02fa4beda27d2a81b86eb843,1014,d29b4b0b2aeecb47837f65b9a234eeee3b77f0c545415e366fc3c244e9a722c2
673,ord_dataset-1ec2807f02fa4beda27d2a81b86eb843:ord-8dba14199bcc42e1bbb87953618bc50b,ord_dataset-1ec2807f02fa4beda27d2a81b86eb843,1204,d6f50d6b1e9f59209cc73d470e2d6db294f90e051ddcd7998a31be3ea5d4ecfc
674,ord_dataset-1ec2807f02fa4beda27d2a81b86eb843:ord-8dce14f2ac6f41479e155727e818d785,ord_dataset-1ec2807f02fa4beda27d2a81b86eb843,134,2d9dd8e4bf14dc2888c2eed95ef79db1ef901968001e863c44e33b96c89f857f
675,ord_dataset-1ec2807f02fa4beda27d2a81b86eb843:ord-8e033c23ea414437a25ebd708c75524f,ord_dataset-1ec2807f02fa4beda27d2a81b86eb843,1108,89153d4c738e5338ee49473e9d066badbe382358e1f027228806e5de7fb1e30c
676,ord_dataset-1ec2807f02fa4beda27d2a81b86eb843:ord-8e16d2dd950d4aec8a3729b8034b07fb,ord_dataset-1ec2807f02fa4beda27d2a81b86eb843,96,a61c6a9f0297ec07ecffb096e0d69030f382b081e24d5ea15f1ca481a8d53239
677,ord_dataset-1ec2807f02fa4beda27d2a81b86eb843:ord-8e1a04e234a4419c961a059c78d0fe46,ord_dataset-1ec2807f02fa4beda27d2a81b86eb843,841,3c7b395c6a48fec93473bfc2a0e520dbac223d4a150560ba91595ee4c7467211
678,ord_dataset-1ec2807f02fa4beda27d2a81b86eb843:ord-8e3d05d6590f4ff18ba7e30fa037f311,ord_dataset-1ec2807f02fa4beda27d2a81b86eb843,688,ecefc883d768e75e83bf7a74ae848a5af43e0ae7387a315eb42d373dfb8232b4
679,ord_dataset-1ec2807f02fa4beda27d2a81b86eb843:ord-8e3e4229144543b0b8a650743b18083b,ord_dataset-1ec2807f02fa4beda27d2a81b86eb843,930,eb2917ed09bb50d008896c399d805626b15aeaeadf114c200c2ff4625fb08039
680,ord_dataset-1ec2807f02fa4beda27d2a81b86eb843:ord-8e4b17168eec4ca2b9b255f9e7ad7bdf,ord_dataset-1ec2807f02fa4beda27d2a81b86eb843,579,fc61864413fa06e804ed1d00a28be2181d4b2f1eb2284ab58d9f91957b42d9b6
681,ord_dataset-1ec2807f02fa4beda27d2a81b86eb843:ord-8eab2f8a02d04f66be62cbd0a4cc939c,ord_dataset-1ec2807f02fa4beda27d2a81b86eb843,716,7bd66c0133d0217188dec37de570cd05152514cfb5d1d30fbbfbaa3aaf3df0c0
682,ord_dataset-1ec2807f02fa4beda27d2a81b86eb843:ord-8ef2b9baa14f4e2cb224f917d807d466,ord_dataset-1ec2807f02fa4beda27d2a81b86eb843,41,963a4180b44c71f4947950a90776b5fa425f4b8e855ba35c7f35846ae78ac441
683,ord_dataset-1ec2807f02fa4beda27d2a81b86eb843:ord-8f1f705b563544d398a8b25401db5532,ord_dataset-1ec2807f02fa4beda27d2a81b86eb843,170,9aba1f1c5103cfcc9de2de320155bd191e24fa5692116930f65bd3b68c56ce85
684,ord_dataset-1ec2807f02fa4beda27d2a81b86eb843:ord-8fb70b65d8b34737ae937ffba391c2d5,ord_dataset-1ec2807f02fa4beda27d2a81b86eb843,1209,d02e759b3e6573658d0d2abcc02e86d5e795b6840b5919aa58a7fed7d4531b80
685,ord_dataset-1ec2807f02fa4beda27d2a81b86eb843:ord-9016047148f241a98f2296ee51a3d02a,ord_dataset-1ec2807f02fa4beda27d2a81b86eb843,372,56d15a2758eee398fa504ef43b927720fc7f6d09cd1af91005509ff518fea64d
686,ord_dataset-1ec2807f02fa4beda27d2a81b86eb843:ord-903838b649894239928730db739f79e3,ord_dataset-1ec2807f02fa4beda27d2a81b86eb843,272,c1495d2310096ac3f15ca011d5190880bf2ba83ebefd12a8bcb600716610ecf3
687,ord_dataset-1ec2807f02fa4beda27d2a81b86eb843:ord-90a5315793424a15b31eeae6aa6e746c,ord_dataset-1ec2807f02fa4beda27d2a81b86eb843,538,5f1c1a007b2d9e4513232a0ea9e0d605f84834e34eddaf87fa8deaeb34b67a6b
688,ord_dataset-1ec2807f02fa4beda27d2a81b86eb843:ord-90b11f47fb194b4ca7bf51f0560674ff,ord_dataset-1ec2807f02fa4beda27d2a81b86eb843,448,5a683193424e1d91744081fb26b2546f026a48bc6ff61563abdd98ae6aa61d72
689,ord_dataset-1ec2807f02fa4beda27d2a81b86eb843:ord-9198d20fadb74bfd8f29626c9020b67b,ord_dataset-1ec2807f02fa4beda27d2a81b86eb843,730,2f12661400a20f415a1929d832c842fed0d4530af02e1bb28893818a5c6ba278
690,ord_dataset-1ec2807f02fa4beda27d2a81b86eb843:ord-91a62210a9af4c8b8737a3ab5a2036d2,ord_dataset-1ec2807f02fa4beda27d2a81b86eb843,618,946d0523b8fd7a1fb11937c77ed8b3c9a2f97356ab9d16e474172e12f33af018
691,ord_dataset-1ec2807f02fa4beda27d2a81b86eb843:ord-91da4832fa4f4550b351fcd9a29ca546,ord_dataset-1ec2807f02fa4beda27d2a81b86eb843,132,a9d92ec9eb70f531dfead151cfc92c949ada5d2ad6c36a2043a8d2e2c10eb9ca
692,ord_dataset-1ec2807f02fa4beda27d2a81b86eb843:ord-91e5858c8fe64491ad7548bc54d9f558,ord_dataset-1ec2807f02fa4beda27d2a81b86eb843,521,9f41baa5e50ae5508b5f9d82b9ee749f1bd0a4344d12e673821db192a9b2bae2
693,ord_dataset-1ec2807f02fa4beda27d2a81b86eb843:ord-922fb414b9294aa3bd5823727e5aeb5a,ord_dataset-1ec2807f02fa4beda27d2a81b86eb843,934,dd4f182c892671b10d5cf49f1c243037af8a16e8102c45909be6fb75465cd46f
694,ord_dataset-1ec2807f02fa4beda27d2a81b86eb843:ord-9238aec289a04f0fb18fe905855dfcd9,ord_dataset-1ec2807f02fa4beda27d2a81b86eb843,550,0989afdcc09f03047f4ef47eaa32ca478a75a669a847960f07e2139946ef1e89
695,ord_dataset-1ec2807f02fa4beda27d2a81b86eb843:ord-9258685c3e86419b877a0a82d7c13033,ord_dataset-1ec2807f02fa4beda27d2a81b86eb843,1221,3a6142b5de3972c012a51078411f9453a7df973394b3b1e352c259acc74a23ea
696,ord_dataset-1ec2807f02fa4beda27d2a81b86eb843:ord-926455649ca6457ca3b256bad105b1a8,ord_dataset-1ec2807f02fa4beda27d2a81b86eb843,654,093e26229846807eb5dbad27eb44d6517c98822cf31968970dda58b0805aed28
697,ord_dataset-1ec2807f02fa4beda27d2a81b86eb843:ord-92a8d21d862b49c7bd17fa7e9929580f,ord_dataset-1ec2807f02fa4beda27d2a81b86eb843,715,1e12921d09e4754e24b5f59088d76ca600e9da425a1bbdd9e2acc47e85c8194d
698,ord_dataset-1ec2807f02fa4beda27d2a81b86eb843:ord-92b51ba479d349409edc8fa9607ec426,ord_dataset-1ec2807f02fa4beda27d2a81b86eb843,897,2edc16fbf255ccbdfca29e19e466b447da348af2af1c2f034c18280eb90e0924
699,ord_dataset-1ec2807f02fa4beda27d2a81b86eb843:ord-933af5c056534ffa87a45d47be6aa74d,ord_dataset-1ec2807f02fa4beda27d2a81b86eb843,1,f4b17a4ce545abf271576136bcca53f8e8eddea78d736c6aca50172c8c47970f
700,ord_dataset-1ec2807f02fa4beda27d2a81b86eb843:ord-93540174c31c4f248f763ee0db020626,ord_dataset-1ec2807f02fa4beda27d2a81b86eb843,540,a4fbe2673d26887382c5beef9e3806d2e709689aa527c71a4563960079ca20f5
701,ord_dataset-1ec2807f02fa4beda27d2a81b86eb843:ord-935e1762b54c49abae1c8d153a01a35e,ord_dataset-1ec2807f02fa4beda27d2a81b86eb843,286,7653d8e58281cf029c5a7b6ad6c177771f4eef78d44a72358f0c9fcbde02ec3a
702,ord_dataset-1ec2807f02fa4beda27d2a81b86eb843:ord-93a06dd892644e768cd3b45fb5f9544d,ord_dataset-1ec2807f02fa4beda27d2a81b86eb843,11,5605514d3ad016865b8087ad08a32fe795e5ccd58cc8e7993a66d50b91ca55ff
703,ord_dataset-1ec2807f02fa4beda27d2a81b86eb843:ord-93ad103c653844b591f2d334bf25d29d,ord_dataset-1ec2807f02fa4beda27d2a81b86eb843,911,8307e6785d11b717e4638872864c67d7268b0b905d255e7f33bde9c191992fc6
704,ord_dataset-1ec2807f02fa4beda27d2a81b86eb843:ord-93b89b8646804fdd8d5e849039f7479d,ord_dataset-1ec2807f02fa4beda27d2a81b86eb843,220,850745465422362da7c32cd43334eff8117df3cde17e55c0b359840f3b820aac
705,ord_dataset-1ec2807f02fa4beda27d2a81b86eb843:ord-93bc8696669d4a5691650ed5ff54740c,ord_dataset-1ec2807f02fa4beda27d2a81b86eb843,347,51fe853b997e58d945e2b0a982a43d71dd5319a480266ba1e62499efda41c9f5
706,ord_dataset-1ec2807f02fa4beda27d2a81b86eb843:ord-94068494247442bd87ba5bfce479dc58,ord_dataset-1ec2807f02fa4beda27d2a81b86eb843,1025,f078b8e4ce8aaaf09e352bfb8ddda739cde49df1c72b6f4ac7cb136e529352f7
707,ord_dataset-1ec2807f02fa4beda27d2a81b86eb843:ord-940acc36b629407eb3605aacea3d81ea,ord_dataset-1ec2807f02fa4beda27d2a81b86eb843,490,67e319391ce3b30b413857a78a014f3ba559f2be4af3c43eed23489457116cdb
708,ord_dataset-1ec2807f02fa4beda27d2a81b86eb843:ord-9424f3f4d71647babf05da3fbe9d1cbc,ord_dataset-1ec2807f02fa4beda27d2a81b86eb843,447,954bdaf7819012d57aedd2be7334f9891249bcdc94412e05f5877625cd1e8f65
709,ord_dataset-1ec2807f02fa4beda27d2a81b86eb843:ord-943383ab59fb47e584f8f21cd8d0a8e5,ord_dataset-1ec2807f02fa4beda27d2a81b86eb843,187,2d9d87d4061ff32c6f733450f7cdcccb9c649bcfaa3bb026c2a52929e7fd73d0
710,ord_dataset-1ec2807f02fa4beda27d2a81b86eb843:ord-9455001e26734f35a33495ce081b5890,ord_dataset-1ec2807f02fa4beda27d2a81b86eb843,36,fdeaee6fd10d0046c7372887117dda0cba8ae018602db93d584f11b6f2568b67
711,ord_dataset-1ec2807f02fa4beda27d2a81b86eb843:ord-946b1dbea17447d7912a0f62ee138a28,ord_dataset-1ec2807f02fa4beda27d2a81b86eb843,20,759660a3af63c8f4f34acb9782ef87e4b7d06d7465de49aa50e8bfae9076f7fb
712,ord_dataset-1ec2807f02fa4beda27d2a81b86eb843:ord-94fa7edb1e5f44138655157972665996,ord_dataset-1ec2807f02fa4beda27d2a81b86eb843,633,778f53cf8e9e4206aa7ba0d1b0b9fc104368d5d4e42688bb03337b1015e1fa38
713,ord_dataset-1ec2807f02fa4beda27d2a81b86eb843:ord-9514915dfbb44c3695defb4be009fe81,ord_dataset-1ec2807f02fa4beda27d2a81b86eb843,842,069f78b6ec2468bef569d5a55224328c8a9bfdaa1220c0d48ccc5f4197a04518
714,ord_dataset-1ec2807f02fa4beda27d2a81b86eb843:ord-9516eecc1ca94e26b9d995f30465399c,ord_dataset-1ec2807f02fa4beda27d2a81b86eb843,228,0fd1a2fc068904a03490c4ebab8b82ec7910420dbc178f86510bd4866f6766fe
715,ord_dataset-1ec2807f02fa4beda27d2a81b86eb843:ord-9545401fc2ab4a238781bf92a714185e,ord_dataset-1ec2807f02fa4beda27d2a81b86eb843,742,b4765ccbdea7c8416216bf5ab38f803c9e7a61addbcb61cbd1cb884020af6e5f
716,ord_dataset-1ec2807f02fa4beda27d2a81b86eb843:ord-95577d0066914d55a3de75c4b97c5481,ord_dataset-1ec2807f02fa4beda27d2a81b86eb843,405,1bc01ee328bf37e370dbc74b96c2a87b08d2bdb7000c898e2378335cbba5076c
717,ord_dataset-1ec2807f02fa4beda27d2a81b86eb843:ord-95687e89cf224a2db797a0ebd254c54c,ord_dataset-1ec2807f02fa4beda27d2a81b86eb843,257,0a4f575e4221ab6779eb0b9791fdb298639bf8983602e3d2d70c956dede0a338
718,ord_dataset-1ec2807f02fa4beda27d2a81b86eb843:ord-956fd9e0d65f4b4795c8efc71cdf7b13,ord_dataset-1ec2807f02fa4beda27d2a81b86eb843,969,cfcd9fb8ce34de63e8816f0a2e0a955cce756df6c0204cf50571164cc5f2aef0
719,ord_dataset-1ec2807f02fa4beda27d2a81b86eb843:ord-958182c580b24d51a60ce1fa7a392ae1,ord_dataset-1ec2807f02fa4beda27d2a81b86eb843,747,130da1ff4dd2d0a36fc3de6423ac9a1494184a327b832befc43e1d8860012c45
720,ord_dataset-1ec2807f02fa4beda27d2a81b86eb843:ord-95f5ffbaaa854a9a9011111449907200,ord_dataset-1ec2807f02fa4beda27d2a81b86eb843,885,74c87eea2d3d9878c192da1c5f0e9149946872c3e288d2308c6f6b4d41f2de97
721,ord_dataset-1ec2807f02fa4beda27d2a81b86eb843:ord-960ad91096104469b617df58a3d78237,ord_dataset-1ec2807f02fa4beda27d2a81b86eb843,484,1a0789933bb23e80c9685e3af8abd982a035377af707cb3a293be7f1b839f9aa
722,ord_dataset-1ec2807f02fa4beda27d2a81b86eb843:ord-96240b4ccf624bb7bcd3371d72c54d9f,ord_dataset-1ec2807f02fa4beda27d2a81b86eb843,788,8cf822907cd77c5e7b93a41438e3de2df8fcb97bda5d636d5e78f7297e5a7832
723,ord_dataset-1ec2807f02fa4beda27d2a81b86eb843:ord-9650068e4e4045de8799156663e6b43f,ord_dataset-1ec2807f02fa4beda27d2a81b86eb843,681,13eaec2cb5b5e20fcb2085e2c5fd3ac99a4eefe1c04170332a818f2bd92cdff7
724,ord_dataset-1ec2807f02fa4beda27d2a81b86eb843:ord-975ef66ae5f34c178986999f4ff9c60c,ord_dataset-1ec2807f02fa4beda27d2a81b86eb843,381,0d82f215c4a6b6d47e1da43d55c5b049f30707438f9dcafca86bbd71dc988a01
725,ord_dataset-1ec2807f02fa4beda27d2a81b86eb843:ord-976982fc498c484a9258c0516aac2c2d,ord_dataset-1ec2807f02fa4beda27d2a81b86eb843,938,6069866aaf030f4ac48f6eec33ae496783011b1671f00e15486a140b23aa2287
726,ord_dataset-1ec2807f02fa4beda27d2a81b86eb843:ord-97d0231854db418f89856e6ed3f112d3,ord_dataset-1ec2807f02fa4beda27d2a81b86eb843,805,9304624bb0bb8a8cd1096a95c64b21c556b23581f2f97abc3ab33d907a8ebd82
727,ord_dataset-1ec2807f02fa4beda27d2a81b86eb843:ord-980156d5270541639f47858c706aed9b,ord_dataset-1ec2807f02fa4beda27d2a81b86eb843,129,41a41558bdbfd60523f6c7b975d9a617c7fac74227b80863e8e7fd867c162d4f
728,ord_dataset-1ec2807f02fa4beda27d2a81b86eb843:ord-9807238630dd47e7ba908cd1085cf5db,ord_dataset-1ec2807f02fa4beda27d2a81b86eb843,319,4a03a172b5c2cbab31d26113fc9a11a9953e62e2297dc81065b2c2afbec4bf2a
729,ord_dataset-1ec2807f02fa4beda27d2a81b86eb843:ord-98629b9b40c74463bfc88c52c7dc426d,ord_dataset-1ec2807f02fa4beda27d2a81b86eb843,237,d86a21b258d3a3d64993621bdaac88683758793f71f100526e9c090c7d4f95bd
730,ord_dataset-1ec2807f02fa4beda27d2a81b86eb843:ord-98c134ec6b8d4fb6941292a53e737595,ord_dataset-1ec2807f02fa4beda27d2a81b86eb843,647,d1fa112f2830148056a9075a2f993f357bc89591e0db616191a9db755877b982
731,ord_dataset-1ec2807f02fa4beda27d2a81b86eb843:ord-98eab41faeba4352855af9286ead6dcf,ord_dataset-1ec2807f02fa4beda27d2a81b86eb843,1212,27ecc2a6ed913f0476296efa614a15c39e8fd3fc23692bbbea7ab72e22b1f35b
732,ord_dataset-1ec2807f02fa4beda27d2a81b86eb843:ord-98f62575ae1c457ca1663633b1e40edc,ord_dataset-1ec2807f02fa4beda27d2a81b86eb843,211,ef82e3b255610a935e37d2ac6bc001db21db507426ee44fc1f6c80e1d2e76a7e
733,ord_dataset-1ec2807f02fa4beda27d2a81b86eb843:ord-98f953cc1e884b0c8c2f59e208962489,ord_dataset-1ec2807f02fa4beda27d2a81b86eb843,639,51818e2335fbe041d7082de750fbc2e5771231ed7bc05d215cb46234ebbdd79a
734,ord_dataset-1ec2807f02fa4beda27d2a81b86eb843:ord-9903d9cec0ce465eb8b2ac66596a2da6,ord_dataset-1ec2807f02fa4beda27d2a81b86eb843,556,eb639c3bd0025a60baae5719f60fc6a77e80c7c2f76f61217df4c1fa778dd4d3
735,ord_dataset-1ec2807f02fa4beda27d2a81b86eb843:ord-99120fbbe11a4ac9bc9530f4ab74ba1c,ord_dataset-1ec2807f02fa4beda27d2a81b86eb843,698,271cfabe0875b7d3d05b08244c0a50d8e09bdf3294aa44ef2431f6df078081e3
736,ord_dataset-1ec2807f02fa4beda27d2a81b86eb843:ord-994c79aed6734bf697242413abe7cf3f,ord_dataset-1ec2807f02fa4beda27d2a81b86eb843,389,bc531cd6876be61913f580cad9c5ddccba0c547093b62ff8dd95f7e30e2e4ca5
737,ord_dataset-1ec2807f02fa4beda27d2a81b86eb843:ord-99790f46e3c24c0b936dab5cfb3da826,ord_dataset-1ec2807f02fa4beda27d2a81b86eb843,374,3541dfc8e16cd071c7ec6c002a53362c8b4206effd487d7aaa65a3304efc46af
738,ord_dataset-1ec2807f02fa4beda27d2a81b86eb843:ord-99bd9fd487a04474ac32ef527f404375,ord_dataset-1ec2807f02fa4beda27d2a81b86eb843,1022,6fb220f61b822b28a25e086cc555cbe936e68a7a75f7982dcadbab0b7f27082f
739,ord_dataset-1ec2807f02fa4beda27d2a81b86eb843:ord-9a08f4ecfa844bdca745a62de34d7c90,ord_dataset-1ec2807f02fa4beda27d2a81b86eb843,797,cac9c6264168ce7e9f8da916904cab85ccdd5c477ced200084ab741b7e93d67e
740,ord_dataset-1ec2807f02fa4beda27d2a81b86eb843:ord-9b638a311f16460bab59e4dfaff4d025,ord_dataset-1ec2807f02fa4beda27d2a81b86eb843,39,914d78b6829a899fb966d54f3653e802e57a13cae575db9a9f71d02e1e4749a1
741,ord_dataset-1ec2807f02fa4beda27d2a81b86eb843:ord-9b8aec90c4a74e30989e1d0b206144ad,ord_dataset-1ec2807f02fa4beda27d2a81b86eb843,635,283c002c13dd134c2de9d88ee256b0bed6c9ea66ac10ca069666c81496a92581
742,ord_dataset-1ec2807f02fa4beda27d2a81b86eb843:ord-9bafd486481b42229b9c21853b733d33,ord_dataset-1ec2807f02fa4beda27d2a81b86eb843,1157,16625e5b93072ecf31a1ca114e315d42097aa99081eccf82cb75707152ab9283
743,ord_dataset-1ec2807f02fa4beda27d2a81b86eb843:ord-9bf0e41a9f4f46fd8e01e928352bb6c8,ord_dataset-1ec2807f02fa4beda27d2a81b86eb843,612,da0c1d91eb78286a588b64f93e57b7d992242ded1e9e917a7b757477a705f22d
744,ord_dataset-1ec2807f02fa4beda27d2a81b86eb843:ord-9cc2b1de42e549bbabaf9fe2a6e68182,ord_dataset-1ec2807f02fa4beda27d2a81b86eb843,500,00b620191f23ba5249a8199467bcb2d1f6bdca508a987f8260712989cec27522
745,ord_dataset-1ec2807f02fa4beda27d2a81b86eb843:ord-9ce6f559c90d4687b63ebaaff144792d,ord_dataset-1ec2807f02fa4beda27d2a81b86eb843,480,4b6dbaa95491fca10fd3afcea6d956f04a09efcf581e2ff800c47120b2d4365f
746,ord_dataset-1ec2807f02fa4beda27d2a81b86eb843:ord-9cecb40afab7404fa1d81eb368062a86,ord_dataset-1ec2807f02fa4beda27d2a81b86eb843,302,41c49519efe37c3c87d8ed02b967f51ba9cdb92d26ce1c4ce025e5adac5a14e3
747,ord_dataset-1ec2807f02fa4beda27d2a81b86eb843:ord-9cee3c05cd194939b0b46c6f5065d269,ord_dataset-1ec2807f02fa4beda27d2a81b86eb843,1182,01620a0fde714bac261610597c28931ce0ddffcbc7591c409062bf52413304d2
748,ord_dataset-1ec2807f02fa4beda27d2a81b86eb843:ord-9d0566525e1f4dc3900cc58abda31d95,ord_dataset-1ec2807f02fa4beda27d2a81b86eb843,432,76f0e7d8a6e0dce922e6c0df6f96a5b2117b940358961b4307c6390f952a7a77
749,ord_dataset-1ec2807f02fa4beda27d2a81b86eb843:ord-9d311ee0be814e59825e1ba54fe0dade,ord_dataset-1ec2807f02fa4beda27d2a81b86eb843,849,da0ed9ce4ce1de66c456a758bd55dffcf67228f1a2ed0791ea552c12eb98bd57
750,ord_dataset-1ec2807f02fa4beda27d2a81b86eb843:ord-9d85c1b2e84c4db6865000567d4c55e2,ord_dataset-1ec2807f02fa4beda27d2a81b86eb843,728,7558464ae329ffdccd2e94d719b931f9d9b19df09a882afe26c57ca34dd7ac75
751,ord_dataset-1ec2807f02fa4beda27d2a81b86eb843:ord-9d89f40bde704c13a125be2c81e3ceb2,ord_dataset-1ec2807f02fa4beda27d2a81b86eb843,296,c86e4d86465cbae368a8bc389286c7d6a1a956774e27703ab7cff6dc48bd0a3f
752,ord_dataset-1ec2807f02fa4beda27d2a81b86eb843:ord-9de322bc6103489f94663166dc128f53,ord_dataset-1ec2807f02fa4beda27d2a81b86eb843,679,d9f334fb1c0c43cb07ff3786e9ae53d7b3050ae18435b52577af4e8070febd33
753,ord_dataset-1ec2807f02fa4beda27d2a81b86eb843:ord-9dffc3a4dd334c36aabdf49a2d2390f1,ord_dataset-1ec2807f02fa4beda27d2a81b86eb843,26,cd1241cd9d8a3da63fb36f2f48a8ad00dbdf00eae1808ab13f62fe0ec7fc02f3
754,ord_dataset-1ec2807f02fa4beda27d2a81b86eb843:ord-9ec1b5785a1047ff8ae894a49b176242,ord_dataset-1ec2807f02fa4beda27d2a81b86eb843,348,6f88139f1d76f7f5cf6d820ab8850f22c99d7ceca48516c9fb7084c28c009000
755,ord_dataset-1ec2807f02fa4beda27d2a81b86eb843:ord-9ef1fea4a25b49ea941853a38634d410,ord_dataset-1ec2807f02fa4beda27d2a81b86eb843,310,516c0eda545156ad4ea57c06c5736b0b9acc9feaf7e76256b2f2f10b5d982b2b
756,ord_dataset-1ec2807f02fa4beda27d2a81b86eb843:ord-9f19b5a5bf9448ccb0fe376f7acca6bb,ord_dataset-1ec2807f02fa4beda27d2a81b86eb843,675,eeb237ea07e47406b3c7abc7b060c9217e5c04c638ed3d98ebf9c45ee02ddc22
757,ord_dataset-1ec2807f02fa4beda27d2a81b86eb843:ord-9f1d8b5a729b4bdca16871e25c136adf,ord_dataset-1ec2807f02fa4beda27d2a81b86eb843,1142,6e0ca178bae754b2c39f9e96802f35ebd30569fa25e968387f25502e3f7eec87
758,ord_dataset-1ec2807f02fa4beda27d2a81b86eb843:ord-9f492844a2a24639a58f53d99f9d3ce6,ord_dataset-1ec2807f02fa4beda27d2a81b86eb843,782,052db73741c093c2b2641b6b95c4f8f9a2da96cd758dababab15834e8c0af149
759,ord_dataset-1ec2807f02fa4beda27d2a81b86eb843:ord-9f595d693e1f476a9228cebd4b260aae,ord_dataset-1ec2807f02fa4beda27d2a81b86eb843,525,3a017e1108ca3ab4a37287b6283c29defd5ae1db7a561b12e129d69a8057a43b
760,ord_dataset-1ec2807f02fa4beda27d2a81b86eb843:ord-9f65f433007a42b38d9761569c28ba06,ord_dataset-1ec2807f02fa4beda27d2a81b86eb843,309,4212bea00dccd0159821912e9500e46bc7a8e9eadc1df34c41e7657ed7d20ce6
761,ord_dataset-1ec2807f02fa4beda27d2a81b86eb843:ord-9f6b5dffd8534ccbb48d5355e956adae,ord_dataset-1ec2807f02fa4beda27d2a81b86eb843,643,eceee612678e009e55bf924590b0ddb8d1dd2ed6a347274890ba11f3550157ad
762,ord_dataset-1ec2807f02fa4beda27d2a81b86eb843:ord-9f6c3169ea2943f892e322bfdda11eba,ord_dataset-1ec2807f02fa4beda27d2a81b86eb843,1198,a9eb14eb1e49120b78760ccdf0e6876a677809509573258fa2982932390813fd
763,ord_dataset-1ec2807f02fa4beda27d2a81b86eb843:ord-9f854123e5f4411690dd1cd033e558a7,ord_dataset-1ec2807f02fa4beda27d2a81b86eb843,504,ad5c1bababcfcbf192b2597196a6b844a7a469efe3444172ba6df47f365d0cfd
764,ord_dataset-1ec2807f02fa4beda27d2a81b86eb843:ord-a01208d801d8487fb78676651251154c,ord_dataset-1ec2807f02fa4beda27d2a81b86eb843,421,894cbc79959644eb7e69c8b34645897ba2f2faed19c6bedade20879f0cdc1a9e
765,ord_dataset-1ec2807f02fa4beda27d2a81b86eb843:ord-a018ee3ce5394bc68f488872fd1638d8,ord_dataset-1ec2807f02fa4beda27d2a81b86eb843,1120,210d77672a68d279a04c8c0319a919324b37e183ded5f45904bd512e3eecd821
766,ord_dataset-1ec2807f02fa4beda27d2a81b86eb843:ord-a02e9239176c4c6093f5170980c9f99c,ord_dataset-1ec2807f02fa4beda27d2a81b86eb843,67,f88465633d1d31de82a88c340a1e25251e4d870297cd02ce096f29a0caa0a422
767,ord_dataset-1ec2807f02fa4beda27d2a81b86eb843:ord-a0640698a5f344a1967dcf091ee764c9,ord_dataset-1ec2807f02fa4beda27d2a81b86eb843,1077,344d643c8392df6f296c212098ec477e168795badba32e1de4bd7f8903cbd111
768,ord_dataset-1ec2807f02fa4beda27d2a81b86eb843:ord-a0672169379c4f35bbc0f6ab204dc8ae,ord_dataset-1ec2807f02fa4beda27d2a81b86eb843,408,072b74ec1fae6f8c45262224476c88a273e7ae11afc997d5620249e4f7cf153d
769,ord_dataset-1ec2807f02fa4beda27d2a81b86eb843:ord-a06a8c2321a943308480f3ca9bbd5876,ord_dataset-1ec2807f02fa4beda27d2a81b86eb843,279,bb1b1221b94f772996f25248a0c6eea5ea2c6fb918a0333d44d70fff29602ef4
770,ord_dataset-1ec2807f02fa4beda27d2a81b86eb843:ord-a0bfe58cd77b4057a3e706e84fc5e2b0,ord_dataset-1ec2807f02fa4beda27d2a81b86eb843,12,0f8228c17858614c64abec1564338a6a8f3857858f852d9cad1615b13203d6df
771,ord_dataset-1ec2807f02fa4beda27d2a81b86eb843:ord-a0eaffec3bd342878cb63d944650978b,ord_dataset-1ec2807f02fa4beda27d2a81b86eb843,1150,494b4b784716dc0126002e28d10d03e3b7f05b7f2a373219049366aa79ac3502
772,ord_dataset-1ec2807f02fa4beda27d2a81b86eb843:ord-a0f84042a7454b4688879bfb98ff36ff,ord_dataset-1ec2807f02fa4beda27d2a81b86eb843,983,85ab867e0b4023525bb4b76e6169aaa9ee43d231f53bd183dd4501ae07f63fc0
773,ord_dataset-1ec2807f02fa4beda27d2a81b86eb843:ord-a12cd9ede59841c8a42cb1f94669c6e6,ord_dataset-1ec2807f02fa4beda27d2a81b86eb843,486,05185e22671e8a8703c2a3c38785247342efea78f8bf0ea645a0a4215e0e4b9d
774,ord_dataset-1ec2807f02fa4beda27d2a81b86eb843:ord-a193f30977f540098acc0e747891d29f,ord_dataset-1ec2807f02fa4beda27d2a81b86eb843,694,f44cdb5658361063a7d8574ab37fd874fe32871b9e87fa16b46b33bb6bd6e688
775,ord_dataset-1ec2807f02fa4beda27d2a81b86eb843:ord-a1c33e5a455d47e8b256cd36910b9b34,ord_dataset-1ec2807f02fa4beda27d2a81b86eb843,149,d88e602f05b7236a7d6bf312f17de4464a33a19b5f0a1580aad95329324c5ad7
776,ord_dataset-1ec2807f02fa4beda27d2a81b86eb843:ord-a1fbe317648b426581ffb9b273442a32,ord_dataset-1ec2807f02fa4beda27d2a81b86eb843,327,632ac5e72663a3235749bc677ebf06cd8ebb607f7c136d057e833cb9233392ce
777,ord_dataset-1ec2807f02fa4beda27d2a81b86eb843:ord-a219ec23af4a4c6fa1bfcb1c6b75383e,ord_dataset-1ec2807f02fa4beda27d2a81b86eb843,1045,9ca6c177ea8cf27e9238aa3f73b1e5d1715b87e1c902a29632c6d52881101bc3
778,ord_dataset-1ec2807f02fa4beda27d2a81b86eb843:ord-a256274a5b5d429c88a4178acc34999a,ord_dataset-1ec2807f02fa4beda27d2a81b86eb843,351,4428b9e3db6f8de351a645b1d42842b8ea6798e634cc0a8772392edfe4eeec57
779,ord_dataset-1ec2807f02fa4beda27d2a81b86eb843:ord-a2604409025b41ee980e5fc4957dc80b,ord_dataset-1ec2807f02fa4beda27d2a81b86eb843,543,1dc8a451ec42a24e556489249d91b845df73d86ec58c0f5694770304c930d06d
780,ord_dataset-1ec2807f02fa4beda27d2a81b86eb843:ord-a2a02b60ba3e4b4281f6b03b68a0d7f0,ord_dataset-1ec2807f02fa4beda27d2a81b86eb843,1013,779b057e9d77d5f92e64a9f7e48e88ab5d5f01dae79251fcd258dd4332dca942
781,ord_dataset-1ec2807f02fa4beda27d2a81b86eb843:ord-a2b7dba89b6b408a8f65c822840565e3,ord_dataset-1ec2807f02fa4beda27d2a81b86eb843,968,65969759f3731e9518d7aa8b2cf6503a663328fb69650b4cf89b55275a15ddb0
782,ord_dataset-1ec2807f02fa4beda27d2a81b86eb843:ord-a2c110875d59449087863ba2af69a6c2,ord_dataset-1ec2807f02fa4beda27d2a81b86eb843,1154,2e1f67e1c20dc3b56573cdd938a1214afb5911e1af78a88ce19a3f7860fde28f
783,ord_dataset-1ec2807f02fa4beda27d2a81b86eb843:ord-a2e1b66d84e54e1dad61e7237ba1ff41,ord_dataset-1ec2807f02fa4beda27d2a81b86eb843,1053,32472962d9e0ddf91fef2acd67b10877477f854c69ed01cdb1fc1e8753b74e98
784,ord_dataset-1ec2807f02fa4beda27d2a81b86eb843:ord-a36fac92b4d44fdca4753095c1c504c5,ord_dataset-1ec2807f02fa4beda27d2a81b86eb843,63,318a0f3b91247ed183236afb207254975ae1838e25bf0936962834168a37fac4
785,ord_dataset-1ec2807f02fa4beda27d2a81b86eb843:ord-a397b6ee684b4d018c7b44c1a039c010,ord_dataset-1ec2807f02fa4beda27d2a81b86eb843,258,3c471a288d817d9ee5a6406bd053091717def1214763327fbcaa5cd2bfe415ae
786,ord_dataset-1ec2807f02fa4beda27d2a81b86eb843:ord-a49c1ffad1c24244bdff3ddce2f1d353,ord_dataset-1ec2807f02fa4beda27d2a81b86eb843,54,d6909379e8cd25d52061f8346696ef0925fdfa229897f6d7c029b91a78897358
787,ord_dataset-1ec2807f02fa4beda27d2a81b86eb843:ord-a5536688ec4d46f7ab5f0337d5f90452,ord_dataset-1ec2807f02fa4beda27d2a81b86eb843,404,141b1c3708c4895eb19852513273e7b293f19a8ac8865bda6de1d2df47804604
788,ord_dataset-1ec2807f02fa4beda27d2a81b86eb843:ord-a5a73216da5e45fba790ae953efd6683,ord_dataset-1ec2807f02fa4beda27d2a81b86eb843,899,4bd589f70a67ebba49caca828cbeb629609dd2a50df2a6e81f18dd741014e32a
789,ord_dataset-1ec2807f02fa4beda27d2a81b86eb843:ord-a5a9b444f74f4a49b97a486169ef6a86,ord_dataset-1ec2807f02fa4beda27d2a81b86eb843,1152,96bc39b3f707cea2f04bd6fd6797d19122554cd55973cf142ffc80e25ded338d
790,ord_dataset-1ec2807f02fa4beda27d2a81b86eb843:ord-a5ca00cf5976432c9d253f6b75207ed2,ord_dataset-1ec2807f02fa4beda27d2a81b86eb843,70,af37594728c4fd19c8c21fe8b15ef56fd0c73a691096fdbb34aeb89a9aaa1690
791,ord_dataset-1ec2807f02fa4beda27d2a81b86eb843:ord-a62cc85dea40446abec0b6d0944e02bd,ord_dataset-1ec2807f02fa4beda27d2a81b86eb843,124,12498c243602a06a8d9446b3edab25a8f2eb359003f159ab000c6c0b346bbdb6
792,ord_dataset-1ec2807f02fa4beda27d2a81b86eb843:ord-a6bbcd8b021e4dd09e24fe32840cce72,ord_dataset-1ec2807f02fa4beda27d2a81b86eb843,278,d71960f4af7eb98a080e4b28325ac24fc62ea78ae47cead43de728d51484d71e
793,ord_dataset-1ec2807f02fa4beda27d2a81b86eb843:ord-a77d012edd3246caa038d8de61238609,ord_dataset-1ec2807f02fa4beda27d2a81b86eb843,1225,6d5db85b19af86a7d9386d23dca9f66b614e24876a8ffb69fe3621bccf7c494e
794,ord_dataset-1ec2807f02fa4beda27d2a81b86eb843:ord-a77ee90fe5ce4fe4aec582971ddf8ef7,ord_dataset-1ec2807f02fa4beda27d2a81b86eb843,1073,5e63260b87eb36161ae1186e05ef50af9f9c1fc897e9bb74125e97280c072cdb
795,ord_dataset-1ec2807f02fa4beda27d2a81b86eb843:ord-a7946c70c2004aa4b94279c5038be16d,ord_dataset-1ec2807f02fa4beda27d2a81b86eb843,58,82a8d8b8230c3f26b99a2ad8d4dd4a7ecf6387b053f7bf8706b526c1f173af25
796,ord_dataset-1ec2807f02fa4beda27d2a81b86eb843:ord-a7a180d18f014261a07232b73dd8a291,ord_dataset-1ec2807f02fa4beda27d2a81b86eb843,1161,239e2c2e22ce6f96547be247cc6a444099d606438d1bd94abd5871dfcd0db122
797,ord_dataset-1ec2807f02fa4beda27d2a81b86eb843:ord-a7a47dfe94324b979634fbf73315f048,ord_dataset-1ec2807f02fa4beda27d2a81b86eb843,651,36c377ce0a2117718aeadb1a1791eb5939210b3f119e819eed472ea8ea2204ec
798,ord_dataset-1ec2807f02fa4beda27d2a81b86eb843:ord-a809b8c1483d4765a96421600d663eeb,ord_dataset-1ec2807f02fa4beda27d2a81b86eb843,882,f6c8a6d110ee74b12b7a61e8ffbfaba80d77fca8bbd516c7c750e4be8cf62b05
799,ord_dataset-1ec2807f02fa4beda27d2a81b86eb843:ord-a8238d0f5c4e43c18f6e24923eaad371,ord_dataset-1ec2807f02fa4beda27d2a81b86eb843,868,c35b791fed20ecf61b1c8515757ec69a3d8365b21b6ade0b5c586854746eae31
800,ord_dataset-1ec2807f02fa4beda27d2a81b86eb843:ord-a85e6981c8be4db195e19414d7742d48,ord_dataset-1ec2807f02fa4beda27d2a81b86eb843,66,ca3877f6e057f4b6c17d17445f717c1fff3d7483e2440ea370dee7b9a37bf1ef
801,ord_dataset-1ec2807f02fa4beda27d2a81b86eb843:ord-a86b06de57dd4b749ea8a1de261f8db1,ord_dataset-1ec2807f02fa4beda27d2a81b86eb843,180,42b23ad088c392aedd7645c33aa980a2950a4c06d97c3f28b1ce58080e53f14e
802,ord_dataset-1ec2807f02fa4beda27d2a81b86eb843:ord-a89de0e29bba4338bf51cfb278fc284b,ord_dataset-1ec2807f02fa4beda27d2a81b86eb843,249,3eb73dff13cb69dffa360e711ce9c10de929460165b1febfa77b6d3ee3eb52fc
803,ord_dataset-1ec2807f02fa4beda27d2a81b86eb843:ord-a8d328a3b85b440294233f6ba51f5b09,ord_dataset-1ec2807f02fa4beda27d2a81b86eb843,1211,bcd2f306d0573f474a99905f8f69aa39a4fbbee0c13a17d2ebc8f1cd6fe3cd1b
804,ord_dataset-1ec2807f02fa4beda27d2a81b86eb843:ord-a8de1a0d66d046a78bc4f05cf7f68c2d,ord_dataset-1ec2807f02fa4beda27d2a81b86eb843,1166,d23306060d85f618f1db3ac1f7df1bec6984b71e2d198130fae34601a987de79
805,ord_dataset-1ec2807f02fa4beda27d2a81b86eb843:ord-a8ec5599fbe54b59b33c25882949fc66,ord_dataset-1ec2807f02fa4beda27d2a81b86eb843,706,79bde7c99db91b0f607b77532ea5525618cb37bfd613eeb71f3d0bf3a512d757
806,ord_dataset-1ec2807f02fa4beda27d2a81b86eb843:ord-a8fc45f8c3a448a4b8dea611afa64186,ord_dataset-1ec2807f02fa4beda27d2a81b86eb843,723,27dfaba7fc89e5b173a5b052b16731e4fd41ec9824b30d390b6f700ef796e10b
807,ord_dataset-1ec2807f02fa4beda27d2a81b86eb843:ord-a905701273ec4de3a69614e10bb78f5b,ord_dataset-1ec2807f02fa4beda27d2a81b86eb843,589,7360a6dfc08c29352a14d949bd8e27aa8c51851374412942d1a3916c00c34f51
808,ord_dataset-1ec2807f02fa4beda27d2a81b86eb843:ord-a95c634bca6e49bca21168dfdcadec0e,ord_dataset-1ec2807f02fa4beda27d2a81b86eb843,1179,0e01f6f5e4ffc745826b4a0904fc3c0d267cb7684770a074eb4a5716dcc5f573
809,ord_dataset-1ec2807f02fa4beda27d2a81b86eb843:ord-a98345b5d2ed4f269ba644753fcfd81e,ord_dataset-1ec2807f02fa4beda27d2a81b86eb843,1107,c582e9a1121ebeee5afda728c2fbb1a5072497580dac4a003cd440300e56b706
810,ord_dataset-1ec2807f02fa4beda27d2a81b86eb843:ord-a9a12252dd6c4b51aebd92e4f31f28cd,ord_dataset-1ec2807f02fa4beda27d2a81b86eb843,516,fada050f9df565187f279b67144cd1655a73c9454c3c886e3e13db73ff1f684c
811,ord_dataset-1ec2807f02fa4beda27d2a81b86eb843:ord-a9dd05007beb4530bc9229192e159d48,ord_dataset-1ec2807f02fa4beda27d2a81b86eb843,263,d366d0f0d1542814995b616f74cc972994bd6a01e7e11311b193cfb0d17c405a
812,ord_dataset-1ec2807f02fa4beda27d2a81b86eb843:ord-a9e4f888139e4dffb18560a94764c31f,ord_dataset-1ec2807f02fa4beda27d2a81b86eb843,1226,cbecbfb6b07ef7ba91d02990cf16b6d5fcbc6fb9e74f413fed855a452849954b
813,ord_dataset-1ec2807f02fa4beda27d2a81b86eb843:ord-a9f9ac5778a24ad697103176a1699946,ord_dataset-1ec2807f02fa4beda27d2a81b86eb843,435,6744344b50c95e3a5d093c1342b0b3cd508b29a4ec92a5063ce15a723cafa448
814,ord_dataset-1ec2807f02fa4beda27d2a81b86eb843:ord-aa4cd6c68ecb4be4a4a2b61083a92a20,ord_dataset-1ec2807f02fa4beda27d2a81b86eb843,854,ef26696d4d6370a26d771c093de2d1d3ebb52c9920ba5353fabc0f8b73ea0e9d
815,ord_dataset-1ec2807f02fa4beda27d2a81b86eb843:ord-aaa608bb4cdb4385a5e5722103ecfe70,ord_dataset-1ec2807f02fa4beda27d2a81b86eb843,1030,71fe01e49b5c943de8e4728cbc68b0e565c45b5debb85cc68c5cf0f0e9a4fec7
816,ord_dataset-1ec2807f02fa4beda27d2a81b86eb843:ord-aab42889e1ae424e9eb4ec63d03b7b24,ord_dataset-1ec2807f02fa4beda27d2a81b86eb843,717,adfcf34985ab67b4f17906de9e9ecc3b7c6f5503374ed59081898d0703dedcdb
817,ord_dataset-1ec2807f02fa4beda27d2a81b86eb843:ord-ab13baeccd3749f6a29e21b3e87354d2,ord_dataset-1ec2807f02fa4beda27d2a81b86eb843,929,05dde932d415e39396af65a7e15442d76da0fe6c1d1cdcd5f8c4cd2ed7bde7ff
818,ord_dataset-1ec2807f02fa4beda27d2a81b86eb843:ord-ab16d99c8bb7475e93a3f8f5fb2e30fe,ord_dataset-1ec2807f02fa4beda27d2a81b86eb843,337,206b2cc1af7a25499d1bb221b8f2561d89ab649a0099e2b9a48c17026beb37b4
819,ord_dataset-1ec2807f02fa4beda27d2a81b86eb843:ord-ab21654c84da44f5bdc5213bec28a408,ord_dataset-1ec2807f02fa4beda27d2a81b86eb843,1075,4cc88408110c080f12d329b8effcbab4801ca99c24e5c62e7f7bc37bfb56d0a2
820,ord_dataset-1ec2807f02fa4beda27d2a81b86eb843:ord-ab2a3da3c16a4bc79577adfb56007cf7,ord_dataset-1ec2807f02fa4beda27d2a81b86eb843,809,b05f09f6f37aab80115fda34049f8d747c8d7485a538e817a36ca9ff31d573dc
821,ord_dataset-1ec2807f02fa4beda27d2a81b86eb843:ord-ab7217e3ada64c27b14dfc431527ce9b,ord_dataset-1ec2807f02fa4beda27d2a81b86eb843,444,7e511ae51af4079fec2fc2906306d14d2617bce5902b44d0cafc5d6bec171668
822,ord_dataset-1ec2807f02fa4beda27d2a81b86eb843:ord-ab810824d8564230a358f094e894150b,ord_dataset-1ec2807f02fa4beda27d2a81b86eb843,108,b747f38908f9e9506878818213b5053b38508a04888595da1661f3f41c907f07
823,ord_dataset-1ec2807f02fa4beda27d2a81b86eb843:ord-ab8c21d38dd94ba5a09930a1003a7e0f,ord_dataset-1ec2807f02fa4beda27d2a81b86eb843,1012,5805a782c3afee5298fbe5db40fec8d08f632289f3c884d057d1b3699d655872
824,ord_dataset-1ec2807f02fa4beda27d2a81b86eb843:ord-aba6684eb6d743cab4313bf162f15243,ord_dataset-1ec2807f02fa4beda27d2a81b86eb843,753,355fe3bb05de7d69bb55b319195bc92799d24670e33fee053e16c2bf9cc7e951
825,ord_dataset-1ec2807f02fa4beda27d2a81b86eb843:ord-abae0bd329234377b2492ba1983058b3,ord_dataset-1ec2807f02fa4beda27d2a81b86eb843,364,cf98c2453abee2f85fee112fdbcc46820ad045cfbab67765b0f6f16c8dd9a9eb
826,ord_dataset-1ec2807f02fa4beda27d2a81b86eb843:ord-abd3831a1c144a67945aee5aa9da0545,ord_dataset-1ec2807f02fa4beda27d2a81b86eb843,341,5e575cff6e0eab2a2092566c80cffc4f04f6d2bc729b36cd3ff9a5fdb8d77e60
827,ord_dataset-1ec2807f02fa4beda27d2a81b86eb843:ord-ac2b1c6f3c6c4881a26aa631b2f26bb2,ord_dataset-1ec2807f02fa4beda27d2a81b86eb843,625,037dd652aaca946239e94451975b25b3e6037926c3607212bf87b54276522e11
828,ord_dataset-1ec2807f02fa4beda27d2a81b86eb843:ord-ac91f5f6fa83473a8d36a5a4c59907f1,ord_dataset-1ec2807f02fa4beda27d2a81b86eb843,1129,d75abe3517f57679a95ab9ba8f6d9954ba653e888b66b94058921eb9639973a7
829,ord_dataset-1ec2807f02fa4beda27d2a81b86eb843:ord-ac99607e50a54fc2ab8eb28574e66d95,ord_dataset-1ec2807f02fa4beda27d2a81b86eb843,1145,db31e1da086001e3bfae0f33421174af261974aa4ad661cca84647f012cd7788
830,ord_dataset-1ec2807f02fa4beda27d2a81b86eb843:ord-ac9fc60773db4c23bc5c33457e48268f,ord_dataset-1ec2807f02fa4beda27d2a81b86eb843,426,b6bbff7086f485e1517a2046c07a05f286233aead7e9770cb1cf9cb1aec1b19c
831,ord_dataset-1ec2807f02fa4beda27d2a81b86eb843:ord-acac44460f0842b2bb88c63c68351bd7,ord_dataset-1ec2807f02fa4beda27d2a81b86eb843,114,a8d67c9923e2f885920e750de649bdef8f13577a71673eb43fe83dfb5402db02
832,ord_dataset-1ec2807f02fa4beda27d2a81b86eb843:ord-ad54679dffef4928b930b60f7d359bfd,ord_dataset-1ec2807f02fa4beda27d2a81b86eb843,1222,bb1d7d70d483a28bff1f505ecb8538011174351a00bc5f68f15b5c24174fe738
833,ord_dataset-1ec2807f02fa4beda27d2a81b86eb843:ord-ad5847d9b734470c9704f2170ded9abf,ord_dataset-1ec2807f02fa4beda27d2a81b86eb843,522,0534aded67544f87086ba2813e7cd1cb2da0649c49a74f182d8db1df7a6dbbae
834,ord_dataset-1ec2807f02fa4beda27d2a81b86eb843:ord-ad5f312bbc544aa8993021a96c5adc8a,ord_dataset-1ec2807f02fa4beda27d2a81b86eb843,1029,a79b63addacde12bdad0016be0027a6cfe218994ea288b8316a34f2ea6c8147b
835,ord_dataset-1ec2807f02fa4beda27d2a81b86eb843:ord-addaceff298b409a96b65b7434b8ea2c,ord_dataset-1ec2807f02fa4beda27d2a81b86eb843,215,95e2e90664a3f880d0f4bf48e0a8c90892646915d0903065d9a9dba233707a27
836,ord_dataset-1ec2807f02fa4beda27d2a81b86eb843:ord-ae033a95215c4b49a793888dd28b3454,ord_dataset-1ec2807f02fa4beda27d2a81b86eb843,505,9c8842705ed49c640303b8f26b8b1a87ee02b7050f0c6604c931159e38401656
837,ord_dataset-1ec2807f02fa4beda27d2a81b86eb843:ord-ae5778795a4b4264a463a54538a35a2c,ord_dataset-1ec2807f02fa4beda27d2a81b86eb843,780,7a8321e5c9b5e121e1ac3663c82eeed640e792daabede24d7b0eca424e376d4d
838,ord_dataset-1ec2807f02fa4beda27d2a81b86eb843:ord-ae967d422c61408cbce4ed3497c4af43,ord_dataset-1ec2807f02fa4beda27d2a81b86eb843,685,912b9308c617bf206bca82a4c6207269985a29870d9f89bdb845373dcd13e20d
839,ord_dataset-1ec2807f02fa4beda27d2a81b86eb843:ord-ae9817dc0a474c918ebc830c15bb7a60,ord_dataset-1ec2807f02fa4beda27d2a81b86eb843,25,96806619b470a2df6d7c1944758d3046ba1f0f79fbabd71c635178d6dbd7f578
840,ord_dataset-1ec2807f02fa4beda27d2a81b86eb843:ord-aee4ffc0a77a4cd4abe098fc44830292,ord_dataset-1ec2807f02fa4beda27d2a81b86eb843,590,889b2765e2e38da271e25bbe3448eea6ca76490d516ba0b675f7e619d2fe9447
841,ord_dataset-1ec2807f02fa4beda27d2a81b86eb843:ord-aeeee04aa86a480ca7c04102dbfcbe6c,ord_dataset-1ec2807f02fa4beda27d2a81b86eb843,1128,7cffc9c7c86d8881ffe6e009d283e16890e345f4090a5636b6cc081edc63ceb4
842,ord_dataset-1ec2807f02fa4beda27d2a81b86eb843:ord-af2c989da6364d41b3f8b8c090afac2d,ord_dataset-1ec2807f02fa4beda27d2a81b86eb843,288,3cdf0e523c0f5a534d699f496034ca0e809ea9af4e29a4ce33744bb6c6433ad9
843,ord_dataset-1ec2807f02fa4beda27d2a81b86eb843:ord-b0731be061c343209f20678e84ee213b,ord_dataset-1ec2807f02fa4beda27d2a81b86eb843,1109,db29b51215217ff0a018c573e6dea799c7226ef40dd9395ae1862332b78e4603
844,ord_dataset-1ec2807f02fa4beda27d2a81b86eb843:ord-b08932217a0646a88bbf5c2ef74ee1d2,ord_dataset-1ec2807f02fa4beda27d2a81b86eb843,997,9d841c548ce1c65dd3a2eee04f64e4e0d689b1670758bee51f6baac250c8dc8c
845,ord_dataset-1ec2807f02fa4beda27d2a81b86eb843:ord-b15094ed3b03494da8f70cafe118e011,ord_dataset-1ec2807f02fa4beda27d2a81b86eb843,1220,4b48a25b21f1b834d9a428daac2c74ebb698770841724b69659cbaa23fdcc098
846,ord_dataset-1ec2807f02fa4beda27d2a81b86eb843:ord-b1b91cb3a4094d119897f0e8dc567342,ord_dataset-1ec2807f02fa4beda27d2a81b86eb843,889,48de83bad3af540afac86f806571dfd7c2c87504f215dbf021bb1cbdb6afaed9
847,ord_dataset-1ec2807f02fa4beda27d2a81b86eb843:ord-b1f4da21baea4b978aa916489298850e,ord_dataset-1ec2807f02fa4beda27d2a81b86eb843,1214,b9a633d18f350ba8032c17efabf996576310cba0a3074793254c5fe9563f5b08
848,ord_dataset-1ec2807f02fa4beda27d2a81b86eb843:ord-b220c74a227e429193d978e20c291ecb,ord_dataset-1ec2807f02fa4beda27d2a81b86eb843,275,de78a2d62ad2810bfebefe94f88dd84e532e56d6c19d300b7fafdff4456564be
849,ord_dataset-1ec2807f02fa4beda27d2a81b86eb843:ord-b225fa656bb244af977535c40f2adb67,ord_dataset-1ec2807f02fa4beda27d2a81b86eb843,727,5523e6d98d1bcc2006d5f6f2c7ac1413912a42ab1247a4fedc7caf0fd985ab8d
850,ord_dataset-1ec2807f02fa4beda27d2a81b86eb843:ord-b23a8daf87c44bb3be538ad5f8a52e1c,ord_dataset-1ec2807f02fa4beda27d2a81b86eb843,184,028c79e0514012da06bf22d26558efb8247d5fdd0c32a3c1c7be2cca1b31548f
851,ord_dataset-1ec2807f02fa4beda27d2a81b86eb843:ord-b240a2bf5f174adf8a5a62697485c83c,ord_dataset-1ec2807f02fa4beda27d2a81b86eb843,551,184ef186afb4aa7b52dbb3ba374c0feb0a552cc6df478c03c4e00b115a3e0509
852,ord_dataset-1ec2807f02fa4beda27d2a81b86eb843:ord-b24ab1c5f17d49bba5142de23f796b3d,ord_dataset-1ec2807f02fa4beda27d2a81b86eb843,183,7775e36e088f4b0646d69800859c239c6ce55bed628220cdb724368a53a4f084
853,ord_dataset-1ec2807f02fa4beda27d2a81b86eb843:ord-b2500d5a243b48639b6b936254c238eb,ord_dataset-1ec2807f02fa4beda27d2a81b86eb843,636,41d3f5c80eaaa0636c1f471157d2da44c0422552c983e17581589bb3f2687f39
854,ord_dataset-1ec2807f02fa4beda27d2a81b86eb843:ord-b26b21456e2e4b17b017caff19050fe9,ord_dataset-1ec2807f02fa4beda27d2a81b86eb843,985,eff9dca020f23e855ccd6855eed072cb6f2f6ce1b3af46eacc5d213b8d544547
855,ord_dataset-1ec2807f02fa4beda27d2a81b86eb843:ord-b2a102252a1b4249bf24d444f04b55f6,ord_dataset-1ec2807f02fa4beda27d2a81b86eb843,819,e9678dd62f01570f89d0edfaec72dc7c5de982ab021033883eb33ae1d0ab22d3
856,ord_dataset-1ec2807f02fa4beda27d2a81b86eb843:ord-b30bf645e4e9490093f42e0c5fde86f8,ord_dataset-1ec2807f02fa4beda27d2a81b86eb843,267,003c2053afdd1d401f40f323c1073a5104d5bf043e60e2e289ffaf32a4596557
857,ord_dataset-1ec2807f02fa4beda27d2a81b86eb843:ord-b389f8d53d9b45e3b993148171ac45f8,ord_dataset-1ec2807f02fa4beda27d2a81b86eb843,1057,485d82250f90fe2227d3ad6d1b5f0fdacf3752265b17e2a86561d580ec111982
858,ord_dataset-1ec2807f02fa4beda27d2a81b86eb843:ord-b3e197e5bd4c4796b06e54fe1575d35e,ord_dataset-1ec2807f02fa4beda27d2a81b86eb843,23,75888a1de0c2bfd2803032fe44084ada9c2807ee8e3125a7ccb576aa96daee66
859,ord_dataset-1ec2807f02fa4beda27d2a81b86eb843:ord-b4c259e084d44de4a6b622c5110d4bf3,ord_dataset-1ec2807f02fa4beda27d2a81b86eb843,659,dc4c7d515be4410e4e44cad73fb05cdd30e16555599dd2a94d8ccb39f61489c3
860,ord_dataset-1ec2807f02fa4beda27d2a81b86eb843:ord-b4edbbeb5e9245c29b7e314b109d8803,ord_dataset-1ec2807f02fa4beda27d2a81b86eb843,100,a7a7a7fcb23424a2257dbaed82257b158ac5cef519f65c259ade01ed4564ec1c
861,ord_dataset-1ec2807f02fa4beda27d2a81b86eb843:ord-b4febcbbe9f74b0c8931af48a769cfdd,ord_dataset-1ec2807f02fa4beda27d2a81b86eb843,95,812ec1f232bf1ed9a4b27c304ccec5e7b83b2e5a7a66c4dcf5f0952e31763462
862,ord_dataset-1ec2807f02fa4beda27d2a81b86eb843:ord-b5420d620e554bcb94cb2aabbfeafba4,ord_dataset-1ec2807f02fa4beda27d2a81b86eb843,198,b48a1bfafd58f31df8f8ff99b5b9ffd3128fff76fe57d947b1bc015e7517bca4
863,ord_dataset-1ec2807f02fa4beda27d2a81b86eb843:ord-b54b5ad8a27748409d0b10eafb083013,ord_dataset-1ec2807f02fa4beda27d2a81b86eb843,344,870d09cd2af4c54fbd175602c618596f6f8869df87d8f06802744a7f78fc9220
864,ord_dataset-1ec2807f02fa4beda27d2a81b86eb843:ord-b5a198a602404115b28586401a5164ad,ord_dataset-1ec2807f02fa4beda27d2a81b86eb843,1087,4de3bc3274f9fa27ba6f9daf11ad75e5bf0286a03dc49ab71153af325fd06a5e
865,ord_dataset-1ec2807f02fa4beda27d2a81b86eb843:ord-b6011ebcfb0040c8add217781e74ea59,ord_dataset-1ec2807f02fa4beda27d2a81b86eb843,1055,6319b4877431726bec61feb0c8e89b28a2668ef4cb17b0df6d10cd0dd920da76
866,ord_dataset-1ec2807f02fa4beda27d2a81b86eb843:ord-b645870429b041559a03988ff98416e9,ord_dataset-1ec2807f02fa4beda27d2a81b86eb843,428,d2fb5b4679582db5fcea5439cb60158c52a774c3e1f8457113ca024e691f22b4
867,ord_dataset-1ec2807f02fa4beda27d2a81b86eb843:ord-b64bea06f2e24697bd0581eb5a22bfc9,ord_dataset-1ec2807f02fa4beda27d2a81b86eb843,387,496c59ac4d0d025adb1c8efca03b0bdd341eedf848259e53425c3d37e24e5833
868,ord_dataset-1ec2807f02fa4beda27d2a81b86eb843:ord-b6884776dd3e4efa89f988aafb04f135,ord_dataset-1ec2807f02fa4beda27d2a81b86eb843,200,fb5b273f6888cffba47178df3e7058d5d0182db95fcd59ac1c27c2381dbe9c57
869,ord_dataset-1ec2807f02fa4beda27d2a81b86eb843:ord-b6a6cc8ddc4d4d9a8522e4c5c4d2b0df,ord_dataset-1ec2807f02fa4beda27d2a81b86eb843,171,9a77aea3f70b4f66b52c37ac652f55b44442aeb14a2588c440198d3a810977d3
870,ord_dataset-1ec2807f02fa4beda27d2a81b86eb843:ord-b6cd4d226d8040329eed1ba7379291aa,ord_dataset-1ec2807f02fa4beda27d2a81b86eb843,585,01a1a43becbeb1a2d9732224630b8e7bbb74642e85aa7287f194d1b2e2c6bb83
871,ord_dataset-1ec2807f02fa4beda27d2a81b86eb843:ord-b7beb72900484f77af0339b4b7d4b415,ord_dataset-1ec2807f02fa4beda27d2a81b86eb843,1155,98638d3cb3c4e4ac53240008be6b8ee4fb37725393fcd65785a766414c4fe496
872,ord_dataset-1ec2807f02fa4beda27d2a81b86eb843:ord-b7ed02f06f514b16ac89fe665dace283,ord_dataset-1ec2807f02fa4beda27d2a81b86eb843,817,e35f8c6471b421a3037238e0a7aedeee2878463aa6e8bde92ad812cd8c853b13
873,ord_dataset-1ec2807f02fa4beda27d2a81b86eb843:ord-b7edeada447141c5b6f9a40b895f7484,ord_dataset-1ec2807f02fa4beda27d2a81b86eb843,1210,a90d1ecd58cf28a4991ce11cf88531e5d74e82c0c038a4ec6ac3fbd3dfd55efb
874,ord_dataset-1ec2807f02fa4beda27d2a81b86eb843:ord-b81045e77d884afb98effdf793362977,ord_dataset-1ec2807f02fa4beda27d2a81b86eb843,475,df2a0e4f8c455a8397bd1c1686f522aa4ede92f3f3429b8d5fd94d52408b66ac
875,ord_dataset-1ec2807f02fa4beda27d2a81b86eb843:ord-b81780dd25c0410e8c69588951b4f681,ord_dataset-1ec2807f02fa4beda27d2a81b86eb843,311,fb058abb2f56393a2a9fc4c9df75b43014684982a557b09e0c4826ee3c1a1b32
876,ord_dataset-1ec2807f02fa4beda27d2a81b86eb843:ord-b8916bcc0a714f3a97174ba3c7a95866,ord_dataset-1ec2807f02fa4beda27d2a81b86eb843,268,eb4eb2fe498cde3c47b55766da8b1692e2fb78f32d2dbb58c81a3c3dae2ffacf
877,ord_dataset-1ec2807f02fa4beda27d2a81b86eb843:ord-b8e1897df19f443d9a099c01d0551d16,ord_dataset-1ec2807f02fa4beda27d2a81b86eb843,354,d6e7f280aec44d642a6fe6b1ff37594bad72e75414ded91da506d16d95ee9c67
878,ord_dataset-1ec2807f02fa4beda27d2a81b86eb843:ord-b90d6358cf27413e9ccd8142958aeec2,ord_dataset-1ec2807f02fa4beda27d2a81b86eb843,571,fd3c9e8ac251652215ed631a674f47e45e0de434d9529d409ea372fae8a838d9
879,ord_dataset-1ec2807f02fa4beda27d2a81b86eb843:ord-b914d00a4c66437ba6b4e3a07831e70e,ord_dataset-1ec2807f02fa4beda27d2a81b86eb843,101,3c3d258c0748fedc1728d0feec4ae87ef87e6e72d18872be5baab1022151797d
880,ord_dataset-1ec2807f02fa4beda27d2a81b86eb843:ord-b916803e4560440ab4af6eed76504d24,ord_dataset-1ec2807f02fa4beda27d2a81b86eb843,1003,3520b4dd2b7997e922382575a5db2467a64959ec9cfc5d38b5504d1408337efb
881,ord_dataset-1ec2807f02fa4beda27d2a81b86eb843:ord-b91b19a845fa4588868d80331a75b6b9,ord_dataset-1ec2807f02fa4beda27d2a81b86eb843,564,6e696a5a8ad0906e1f20e32da8e439cd200f285f293f7bc08c8b66a4ccc55e38
882,ord_dataset-1ec2807f02fa4beda27d2a81b86eb843:ord-b9359d53c403449e93897ffa51896550,ord_dataset-1ec2807f02fa4beda27d2a81b86eb843,212,dd0aa5a9ae263cab8771fbae8f12bdb53cfda380135598d82658efddb3a4b229
883,ord_dataset-1ec2807f02fa4beda27d2a81b86eb843:ord-b937d2e54be346d893ed74d28a4138e0,ord_dataset-1ec2807f02fa4beda27d2a81b86eb843,1027,09d76abf42711a3fe0fd63d15d190262952ea6ee79eee80af00b24b1faca1b04
884,ord_dataset-1ec2807f02fa4beda27d2a81b86eb843:ord-b97299b11ee145c39c51cdddc3098817,ord_dataset-1ec2807f02fa4beda27d2a81b86eb843,979,901d5c95e70906c176dfd015dfc0557fbf6dc9476498064c6fb9aac0d1788d25
885,ord_dataset-1ec2807f02fa4beda27d2a81b86eb843:ord-b980677d7cf9429ba11c6c3533bcca78,ord_dataset-1ec2807f02fa4beda27d2a81b86eb843,140,05fe07ec63c5fed03edfe8d1e6f62d0ce46a7511724b4ef4f1d4482a8b2b4e77
886,ord_dataset-1ec2807f02fa4beda27d2a81b86eb843:ord-b9aff68902ce4147874ad78b659ec5fe,ord_dataset-1ec2807f02fa4beda27d2a81b86eb843,901,c12bf15285a6f1786bf305521a3931b510b5507f9912ac9c2c98944f0381b1dc
887,ord_dataset-1ec2807f02fa4beda27d2a81b86eb843:ord-b9b933f6c0fb4475806f76f401f91e61,ord_dataset-1ec2807f02fa4beda27d2a81b86eb843,1195,78ac2380d908c572fc084171cbbc519fad8befa8b49b2e8bc64b22fe925dbc04
888,ord_dataset-1ec2807f02fa4beda27d2a81b86eb843:ord-ba11f1968cec437fbd6f478aa9d8ee07,ord_dataset-1ec2807f02fa4beda27d2a81b86eb843,813,ace6f8891eb6d8887b47ac0a09ccf5549cb169c78d29a53ed5d44a29881b964b
889,ord_dataset-1ec2807f02fa4beda27d2a81b86eb843:ord-ba42253a8e5c4f71ade630cf930c397b,ord_dataset-1ec2807f02fa4beda27d2a81b86eb843,135,d942daac136a8b3364bde1200a9dd194b243e0d7d12703f44cfd722c4e8395ac
890,ord_dataset-1ec2807f02fa4beda27d2a81b86eb843:ord-baa995e35b644ccba8728008e2da150c,ord_dataset-1ec2807f02fa4beda27d2a81b86eb843,423,5851bc2562697b781c5263519a22adb1412693be644929d505f9ca7abe2f41d5
891,ord_dataset-1ec2807f02fa4beda27d2a81b86eb843:ord-baadc6b4367445c299342bee6f61f327,ord_dataset-1ec2807f02fa4beda27d2a81b86eb843,0,c050d80913af3f5b357771425ff4a03baa841677253168ec435f279f5fd50bba
892,ord_dataset-1ec2807f02fa4beda27d2a81b86eb843:ord-bb1e1368db1949be90c4d95567f53e65,ord_dataset-1ec2807f02fa4beda27d2a81b86eb843,949,c414f1853f3e86825b99910ff1e3a13f65e449537b5fe299e32da28da37bcaaa
893,ord_dataset-1ec2807f02fa4beda27d2a81b86eb843:ord-bbd862a1ab044b1db61e215e144b9dba,ord_dataset-1ec2807f02fa4beda27d2a81b86eb843,1223,7757e52f6c27829e423f13f5bf244fdadc32f4dcd26a1b856f1f1502b155a6c6
894,ord_dataset-1ec2807f02fa4beda27d2a81b86eb843:ord-bbd93c078942493ead06ce193e0db7f0,ord_dataset-1ec2807f02fa4beda27d2a81b86eb843,300,71f67f590791998618d3da6bd9de26e29515546427d5f2dd54ad3697d48919cf
895,ord_dataset-1ec2807f02fa4beda27d2a81b86eb843:ord-bbe539fe94d042cba677e6d039ea3cfe,ord_dataset-1ec2807f02fa4beda27d2a81b86eb843,137,32ecde40055d6b7eb1819d957a2a0b18c24b513695c6a600bb51247230012b29
896,ord_dataset-1ec2807f02fa4beda27d2a81b86eb843:ord-bc0931bca5dc459f8773a9964eaf2e2b,ord_dataset-1ec2807f02fa4beda27d2a81b86eb843,391,b4020242627915fc7e8e37d55b5bee52b8c8c63abbf22c48ae82e5ebd02f649b
897,ord_dataset-1ec2807f02fa4beda27d2a81b86eb843:ord-bc381ada4126458ca9fdc058b2a0dc8b,ord_dataset-1ec2807f02fa4beda27d2a81b86eb843,871,cda7ad613f6fada8a7df45b219c3f0da71672bbac4abbce06e388a23096c4ab6
898,ord_dataset-1ec2807f02fa4beda27d2a81b86eb843:ord-bc4a5461d3e64c0683f12a4d1f00e54c,ord_dataset-1ec2807f02fa4beda27d2a81b86eb843,646,636bd1deb98a6cd1747f1bb9db4904200e6639f962dc4088f4d47ded330cfca8
899,ord_dataset-1ec2807f02fa4beda27d2a81b86eb843:ord-bc9f18c48b9a455f81dd6b6189f63f5a,ord_dataset-1ec2807f02fa4beda27d2a81b86eb843,49,d60bc02a64c30d04401f4f025a6c54a379100adaf0f726f0e6d5a495462f4e14
900,ord_dataset-1ec2807f02fa4beda27d2a81b86eb843:ord-bcbbe0912e5a4edc8bcad2e138964ea3,ord_dataset-1ec2807f02fa4beda27d2a81b86eb843,61,f385f0f2fb1155aab3e2a6e30422799374ead91484d46d9feab11185e0dc686d
901,ord_dataset-1ec2807f02fa4beda27d2a81b86eb843:ord-bd0908ee89e746cf9a589e122d650882,ord_dataset-1ec2807f02fa4beda27d2a81b86eb843,422,3eb63929c52d9a6a1e974cb07a5f8b2d989556abcc0fb65fbbe6bee6f18f19ef
902,ord_dataset-1ec2807f02fa4beda27d2a81b86eb843:ord-bd221b31b5414f7f96ff238f57086538,ord_dataset-1ec2807f02fa4beda27d2a81b86eb843,9,1b2d392f38a7b399315a74e359af70d6291e869bdc8ce81fb2238b4b1585ccf6
903,ord_dataset-1ec2807f02fa4beda27d2a81b86eb843:ord-bd3c6c50ad8f46178e5fda5aa315d9e0,ord_dataset-1ec2807f02fa4beda27d2a81b86eb843,481,776008ce91010c032df7ddc00860406bd9e1d6601859303093336d7728752773
904,ord_dataset-1ec2807f02fa4beda27d2a81b86eb843:ord-bda39b6b305b437bb49792f3d66ff606,ord_dataset-1ec2807f02fa4beda27d2a81b86eb843,1009,2e951ca53f47df18e4f3aa05e12d24a2f8948a0433230f99bb3c4ea2d906f396
905,ord_dataset-1ec2807f02fa4beda27d2a81b86eb843:ord-bdb56d351ebe4b449ef0d49f4f7dfd30,ord_dataset-1ec2807f02fa4beda27d2a81b86eb843,246,61701ed7e3e7808a8b034fd2f41710690964acad02885954d6423ca76e4420ff
906,ord_dataset-1ec2807f02fa4beda27d2a81b86eb843:ord-bdb774337f5b4348a799fd28dc5ad242,ord_dataset-1ec2807f02fa4beda27d2a81b86eb843,1140,02770794a59024d0dcf287f38c935aff59605a50f4d38b92c68b43d4191f3cce
907,ord_dataset-1ec2807f02fa4beda27d2a81b86eb843:ord-bde259ab6b2b40f2a7a22b93e0b420d0,ord_dataset-1ec2807f02fa4beda27d2a81b86eb843,847,0957c963e4e1c0300de53f1b1ff4072e841d962143dbda0642c2ead254f3cb24
908,ord_dataset-1ec2807f02fa4beda27d2a81b86eb843:ord-be1ae0bfd26e452ab2091a3d4c02760b,ord_dataset-1ec2807f02fa4beda27d2a81b86eb843,568,be65adc433d767c61bed32b45d2fa2a2b68f1a742203aadb0a8b9e9342e52049
909,ord_dataset-1ec2807f02fa4beda27d2a81b86eb843:ord-be60caf42e95499594855d31a231304b,ord_dataset-1ec2807f02fa4beda27d2a81b86eb843,467,0b71a11909794d212d9dabf5291f32d58b386e60bad6a3d2205e7fb1d64d97e6
910,ord_dataset-1ec2807f02fa4beda27d2a81b86eb843:ord-be966d3f6b664251949b2e052f2a58ae,ord_dataset-1ec2807f02fa4beda27d2a81b86eb843,229,268599d9783eb3b4261e7345edcc2a9a1387db8f7321bdc626a9e65d7eafc015
911,ord_dataset-1ec2807f02fa4beda27d2a81b86eb843:ord-bee72f6edef64b80aa2564bcff92822b,ord_dataset-1ec2807f02fa4beda27d2a81b86eb843,830,f818fff40fc3e691ea7134bc919cabdc7669df6ae67dc2e79bfab11a6b724604
912,ord_dataset-1ec2807f02fa4beda27d2a81b86eb843:ord-bf73352c85b24656a06df475d01390d0,ord_dataset-1ec2807f02fa4beda27d2a81b86eb843,402,a04bbf113847e950a86c717335f5e197e4ca00a1939ad6cde2dc2da6cfb28453
913,ord_dataset-1ec2807f02fa4beda27d2a81b86eb843:ord-bfa4e64b146e44b2937dd88c807279e6,ord_dataset-1ec2807f02fa4beda27d2a81b86eb843,1090,29073cf348d19f1ccacaf936819a94f84ffb702545bd4c5af087062eb56f6033
914,ord_dataset-1ec2807f02fa4beda27d2a81b86eb843:ord-bfbaa83984414e1e9fccbc66fecbe54d,ord_dataset-1ec2807f02fa4beda27d2a81b86eb843,450,a409c7ebbe973861506ff3d1dcd93915fac86a88ad334a1f3acbd487ea86821b
915,ord_dataset-1ec2807f02fa4beda27d2a81b86eb843:ord-c068ce7fc6dd4ccd85d377074f5c55e3,ord_dataset-1ec2807f02fa4beda27d2a81b86eb843,142,5a99afb6184a765ada6fecda0885538ea646024706cef02f09f4984f25115100
916,ord_dataset-1ec2807f02fa4beda27d2a81b86eb843:ord-c08a9dae0d674a12ae58be731b7c56b9,ord_dataset-1ec2807f02fa4beda27d2a81b86eb843,326,e05a34af3cf8fb60b784c8b31d0c74edf319807a18d54462ff9244a5079ca7c5
917,ord_dataset-1ec2807f02fa4beda27d2a81b86eb843:ord-c10c30299bb249d1a49179028adb50f4,ord_dataset-1ec2807f02fa4beda27d2a81b86eb843,1168,d8d6d97af5fd2c897b8093f343096b2a6b878d76762d4cb048f185fe856eb5d6
918,ord_dataset-1ec2807f02fa4beda27d2a81b86eb843:ord-c12acd33dc374cf5aac5ef6638146283,ord_dataset-1ec2807f02fa4beda27d2a81b86eb843,1063,190b624462012c9fe9845c261a19f4f0f6b57b71ce2b8b4fa7d7dbbb26bc43c0
919,ord_dataset-1ec2807f02fa4beda27d2a81b86eb843:ord-c1aa632327df4a1cbc7daa7e0de0791a,ord_dataset-1ec2807f02fa4beda27d2a81b86eb843,493,bfc9d240ea90a68730e39b60d963f7c2176532814ead922f8d914ddd2c2a3b0f
920,ord_dataset-1ec2807f02fa4beda27d2a81b86eb843:ord-c1e1884f68554445831fe346de8d4055,ord_dataset-1ec2807f02fa4beda27d2a81b86eb843,99,9bc4f5701df98bdefc9ed37eaef87451bca699e1f1662f2afad7af89372fec07
921,ord_dataset-1ec2807f02fa4beda27d2a81b86eb843:ord-c1fb1f5198bd441a93113cfffa2d6c02,ord_dataset-1ec2807f02fa4beda27d2a81b86eb843,498,8369988f821623feed3dc5a565d53a482d38ad4e0994728dd211c15a4986b436
922,ord_dataset-1ec2807f02fa4beda27d2a81b86eb843:ord-c20ba675f52945c791ea974c8cad01aa,ord_dataset-1ec2807f02fa4beda27d2a81b86eb843,130,d2b13e306960fb6f7f93647dce6eded7adc23f1371dcde6c1b36104b4ec0a3d6
923,ord_dataset-1ec2807f02fa4beda27d2a81b86eb843:ord-c20f53457e7840c3adb007e2d30e5ad1,ord_dataset-1ec2807f02fa4beda27d2a81b86eb843,915,449438bb66e47fe305dd042cdd4b01ea0792637bc151b4b340fe64e9d4163393
924,ord_dataset-1ec2807f02fa4beda27d2a81b86eb843:ord-c226c6aa5aaa414ea6c6b125ea4e3baa,ord_dataset-1ec2807f02fa4beda27d2a81b86eb843,105,a9def58a69aa238bdb9f5ba6b2ce6b9509a8aa3ba70fd2baf42368ad97f60b3e
925,ord_dataset-1ec2807f02fa4beda27d2a81b86eb843:ord-c284e9fef138439192554d51ef906351,ord_dataset-1ec2807f02fa4beda27d2a81b86eb843,162,42b0c1900fc57383cdd2be4287e81ba8c35e8db79d7c9d222c31a05780803647
926,ord_dataset-1ec2807f02fa4beda27d2a81b86eb843:ord-c299b48d337f4e208ff48c6c34c05cb3,ord_dataset-1ec2807f02fa4beda27d2a81b86eb843,1101,e1dbdf18853dbeae710bdab42c021a71856da4e53fadbd2a4707b8ec4c85b01e
927,ord_dataset-1ec2807f02fa4beda27d2a81b86eb843:ord-c29a77f9f9f643d9ba8d93f6e5070cf9,ord_dataset-1ec2807f02fa4beda27d2a81b86eb843,932,d02a07d049eb849bb481df984489952d76039106a531735c6b761e082057f596
928,ord_dataset-1ec2807f02fa4beda27d2a81b86eb843:ord-c2b19169726c43d1b6464fa26473e895,ord_dataset-1ec2807f02fa4beda27d2a81b86eb843,560,190c5b2fbd4ec41c3097cc3c30cef5257725ef52be43b5e1e90a5b5889226186
929,ord_dataset-1ec2807f02fa4beda27d2a81b86eb843:ord-c2b4144bbd11446cba48e341f8e50d5d,ord_dataset-1ec2807f02fa4beda27d2a81b86eb843,621,1cf270a8442913308bb65f4b3cd54e9585651f27b61fdb1d4199b8798ea36839
930,ord_dataset-1ec2807f02fa4beda27d2a81b86eb843:ord-c2e59e17367c4277b8e4bc2fd813bd21,ord_dataset-1ec2807f02fa4beda27d2a81b86eb843,487,c11edf5e1a18482948445756c98e7ef7412aac50065290fb3fc0099d01aec949
931,ord_dataset-1ec2807f02fa4beda27d2a81b86eb843:ord-c2ec5d7ad3eb439e868defb8fd61e998,ord_dataset-1ec2807f02fa4beda27d2a81b86eb843,10,1811b46385ae5aa12334bbaffdf1d77cbbb51131a58a49ce8954f880f4644bdb
932,ord_dataset-1ec2807f02fa4beda27d2a81b86eb843:ord-c37a4f85ab374424b9bfc2ab5984fe85,ord_dataset-1ec2807f02fa4beda27d2a81b86eb843,308,7bce9d0f2fb2b60866fb0d80e1b289a4bfac17d685498fbc2f47ff058875a76d
933,ord_dataset-1ec2807f02fa4beda27d2a81b86eb843:ord-c3be2a3cf39b4e6ea3cb5d5cb2c614e2,ord_dataset-1ec2807f02fa4beda27d2a81b86eb843,306,43e6029775e228f439c63c4bb4f6142c2efca9963164430115102b4432a7be82
934,ord_dataset-1ec2807f02fa4beda27d2a81b86eb843:ord-c3c72f0cf824460d844de87b1f3388d5,ord_dataset-1ec2807f02fa4beda27d2a81b86eb843,1020,a752e585fd90deb142e4fa01ce3525bd83803f1fa8a8e0dcfcfcc0d792fe72c4
935,ord_dataset-1ec2807f02fa4beda27d2a81b86eb843:ord-c3ca13f9c2eb4f5cad9ffbc439476901,ord_dataset-1ec2807f02fa4beda27d2a81b86eb843,425,86678a19ec39567219b12eeccd8f7f2851da6b0b887f2a7c2f3b1610b527ede8
936,ord_dataset-1ec2807f02fa4beda27d2a81b86eb843:ord-c3d24ce7a8bf45f4ac6f5c7771bd90a1,ord_dataset-1ec2807f02fa4beda27d2a81b86eb843,837,7d045ec6a436f6bbba2afa1ee21d07da2a846f9d9d68359fbddc8c3a6f452b0d
937,ord_dataset-1ec2807f02fa4beda27d2a81b86eb843:ord-c4192e50bf9c44b2a5d81ec890413596,ord_dataset-1ec2807f02fa4beda27d2a81b86eb843,527,519778437f11a7551209cc9eea3e199956ce0e8643d7c0107d8840b9a1e9faef
938,ord_dataset-1ec2807f02fa4beda27d2a81b86eb843:ord-c44dfa1330f648509672ce378b5290e6,ord_dataset-1ec2807f02fa4beda27d2a81b86eb843,1019,f56df7b91e40865a823ea244ff9e228c487b8e1da3095515280fb7e314547287
939,ord_dataset-1ec2807f02fa4beda27d2a81b86eb843:ord-c48e4732948b46b393123b452d00d493,ord_dataset-1ec2807f02fa4beda27d2a81b86eb843,424,8960e368ccc23d3eeb9314c7fd328b40cb83abcb2cc7b33887f9946b1694df11
940,ord_dataset-1ec2807f02fa4beda27d2a81b86eb843:ord-c520c6e98949455dab64663deca635f5,ord_dataset-1ec2807f02fa4beda27d2a81b86eb843,1026,0bf5a5bb46afe032bfe270d0a0c17eb3f90cdc033a649abe12c7bf5bbbfa47df
941,ord_dataset-1ec2807f02fa4beda27d2a81b86eb843:ord-c54ab215c2b04905a6d691000a149353,ord_dataset-1ec2807f02fa4beda27d2a81b86eb843,57,99699652a65d240ebde3d953f0eaee6fcbd6f0275a3570d93505f34bdf61c112
942,ord_dataset-1ec2807f02fa4beda27d2a81b86eb843:ord-c55de0d2535c42528c1e6e3be36ae37f,ord_dataset-1ec2807f02fa4beda27d2a81b86eb843,417,a33dbc8b48d61fe86c04e32e6df09ea77743b6a1da354b420923a9746ebb8117
943,ord_dataset-1ec2807f02fa4beda27d2a81b86eb843:ord-c576996745ab4b0d97183f5451e1ba92,ord_dataset-1ec2807f02fa4beda27d2a81b86eb843,613,08b58194acf4132a20cf7a762cdfddcfed334a16ce5c01ee1ff5901a796c5dbd
944,ord_dataset-1ec2807f02fa4beda27d2a81b86eb843:ord-c5fa345ca5f54b14853d149cae0a84a6,ord_dataset-1ec2807f02fa4beda27d2a81b86eb843,55,1a362a17b6f1b0aa15c384bafcf5c450d2ebdcf79865037a9be9ad7eb3befef7
945,ord_dataset-1ec2807f02fa4beda27d2a81b86eb843:ord-c61287bd27d04a93858f6e3b4ee89e03,ord_dataset-1ec2807f02fa4beda27d2a81b86eb843,951,21612f3da56594a42c65ce81e6511b9f00119f5575bc454afb33b16165a0a724
946,ord_dataset-1ec2807f02fa4beda27d2a81b86eb843:ord-c615801ac1f74155bec7f2e4f0587a2a,ord_dataset-1ec2807f02fa4beda27d2a81b86eb843,159,5bc6f5a306512a7f7edb5e4c94857d95092c89be2cef876242e40cf450e00bf1
947,ord_dataset-1ec2807f02fa4beda27d2a81b86eb843:ord-c61cb7521d394b279e741b6fe310ddfe,ord_dataset-1ec2807f02fa4beda27d2a81b86eb843,312,114eab7f7e388106a3f428bfd3f11788ba10965b75512ffa2637e584c22ed305
948,ord_dataset-1ec2807f02fa4beda27d2a81b86eb843:ord-c63182dba34c40d6a8b57257bebe0936,ord_dataset-1ec2807f02fa4beda27d2a81b86eb843,373,c439440619dedac7ade6438b59bcac0990091641c5f73d3c737ec2edde435136
949,ord_dataset-1ec2807f02fa4beda27d2a81b86eb843:ord-c6d5f8f538764f06b3857c8d57f5c3f7,ord_dataset-1ec2807f02fa4beda27d2a81b86eb843,45,1e6683c2d9719cc49c1e5702ae2c971e170dfce2c45b0e83bf97b2a05abb0a1f
950,ord_dataset-1ec2807f02fa4beda27d2a81b86eb843:ord-c6d9c8fd10084c70b2e49bb5d6019a5c,ord_dataset-1ec2807f02fa4beda27d2a81b86eb843,1028,5e6f860b40790b6958accc40b9528526cc4cf59eb4c6b63cef48e6e79ad10619
951,ord_dataset-1ec2807f02fa4beda27d2a81b86eb843:ord-c6e7cc9663f3425fbccc82227da776f8,ord_dataset-1ec2807f02fa4beda27d2a81b86eb843,824,ba2954159ae4d10d72bea4936b282027e906b5a3da8af3819f2edd1d4432d973
952,ord_dataset-1ec2807f02fa4beda27d2a81b86eb843:ord-c6f6655e10624efd8bfd919279e852c1,ord_dataset-1ec2807f02fa4beda27d2a81b86eb843,772,cd70b62efa76ce849bb6e2eb1b59ce3d4c38e4389bb4a32c98cab9e134d0bfb7
953,ord_dataset-1ec2807f02fa4beda27d2a81b86eb843:ord-c774c856999647e4beee608cd930c60b,ord_dataset-1ec2807f02fa4beda27d2a81b86eb843,133,d3e2ca67eb0ce54d6dee1ec0c2d56be0f86f08470027bd8088817a1a08cef0f3
954,ord_dataset-1ec2807f02fa4beda27d2a81b86eb843:ord-c77812af4c8e4babba99a7c22408a86a,ord_dataset-1ec2807f02fa4beda27d2a81b86eb843,189,562e05c59d3c042299613a7b22d4900aeac6cfaad610608dab56c142b4b83d77
955,ord_dataset-1ec2807f02fa4beda27d2a81b86eb843:ord-c7c104e7dcc3426eabc5f283f4540615,ord_dataset-1ec2807f02fa4beda27d2a81b86eb843,269,421b285ca6f11627c93951cd2c4a4344a7712d38d274f5a71c28598322f84220
956,ord_dataset-1ec2807f02fa4beda27d2a81b86eb843:ord-c855434b419b48ec9be4c1222a9fb94f,ord_dataset-1ec2807f02fa4beda27d2a81b86eb843,810,111272e7baac1270d7c31124f4971db7b5d43b371d65a35aa92b92b8dc91f140
957,ord_dataset-1ec2807f02fa4beda27d2a81b86eb843:ord-c8649f13e70b47faa49935b9f42d71dd,ord_dataset-1ec2807f02fa4beda27d2a81b86eb843,793,937191724c7b533245b97613c20352506e4fc30680e0e5ea1e27e8becc59c35d
958,ord_dataset-1ec2807f02fa4beda27d2a81b86eb843:ord-c867f2f5ee844d8099373f8a271335f5,ord_dataset-1ec2807f02fa4beda27d2a81b86eb843,1001,9332dd159fca33795a466641627bd5f08ce83b8f3e6c2bcb9f5fdbc7b953350e
959,ord_dataset-1ec2807f02fa4beda27d2a81b86eb843:ord-c8990d2db37b41a08bd4d68f2fe06dbb,ord_dataset-1ec2807f02fa4beda27d2a81b86eb843,777,68943d9b8cbdc04c844f5efd4fb3b922e4626595f4896ba38f46649f0ba53f72
960,ord_dataset-1ec2807f02fa4beda27d2a81b86eb843:ord-c8c35e16cd0a440994d6fd672c6f6551,ord_dataset-1ec2807f02fa4beda27d2a81b86eb843,678,33192e31b73da9ed95bc1b7a80d743350d2b53ae33701b4337ee74c3a26f13a9
961,ord_dataset-1ec2807f02fa4beda27d2a81b86eb843:ord-c8c83585974645efb5abe094b70e2976,ord_dataset-1ec2807f02fa4beda27d2a81b86eb843,655,f45322ff9dc35333e52879919e8718c754b8e365cf7450655e5de00f2d70e719
962,ord_dataset-1ec2807f02fa4beda27d2a81b86eb843:ord-c8ddcfbf507d4ab09d7e52fef971eca5,ord_dataset-1ec2807f02fa4beda27d2a81b86eb843,673,60452e9b7b5224aa1a838c0e35f0315493dd83224e1d0004fbd2210ddc4821f4
963,ord_dataset-1ec2807f02fa4beda27d2a81b86eb843:ord-c8f4d3f4025a4e69aa300d56d4ea784c,ord_dataset-1ec2807f02fa4beda27d2a81b86eb843,743,583e463c186b76c4152e78f5be8a09ab0b6ba2b1e9654770ddcbdf412d56ffde
964,ord_dataset-1ec2807f02fa4beda27d2a81b86eb843:ord-c924ede7c4654328a23fd73f3858a7da,ord_dataset-1ec2807f02fa4beda27d2a81b86eb843,799,d1b3ea534ad0b72551705eb94cf3ed9e7b771252fec371780353a802145e4b2c
965,ord_dataset-1ec2807f02fa4beda27d2a81b86eb843:ord-c940cbad88064aa1ada9462f63a327d4,ord_dataset-1ec2807f02fa4beda27d2a81b86eb843,413,604ded62949a5f16aa0d36a384477ff0393c0a44cbf182c3a9ea73cc6c0d1a09
966,ord_dataset-1ec2807f02fa4beda27d2a81b86eb843:ord-c96c0bae39c24ca994bacfce3bfd2731,ord_dataset-1ec2807f02fa4beda27d2a81b86eb843,1006,42e7a2f7be498b65526023575b93b3ef059c9d5379b3f0ae3c101b31f0226ea1
967,ord_dataset-1ec2807f02fa4beda27d2a81b86eb843:ord-c9c4b19ed1cb4310b5f7140c10a09576,ord_dataset-1ec2807f02fa4beda27d2a81b86eb843,811,5ce524c76de37004b900797e54d4cfd606fb1e61ee029726cf8a7a89b11e5e86
968,ord_dataset-1ec2807f02fa4beda27d2a81b86eb843:ord-c9cbac1caa2a4f00baab5a6cb0d409e3,ord_dataset-1ec2807f02fa4beda27d2a81b86eb843,848,7af104ffbabbc24770ebbc0e6759f3b6777f2212db7043dc513148a9c88310ca
969,ord_dataset-1ec2807f02fa4beda27d2a81b86eb843:ord-c9d173474a13448ca83b070e88286617,ord_dataset-1ec2807f02fa4beda27d2a81b86eb843,971,535d29a2f9e215b31780d6affd5f0b905c37485f1feb9ff36c204e94e9a6ad7f
970,ord_dataset-1ec2807f02fa4beda27d2a81b86eb843:ord-ca069c2b3da94472bd4a1422213b9163,ord_dataset-1ec2807f02fa4beda27d2a81b86eb843,883,255b5cdd6c32c177f01f209601ef47b5469e6a90dd893c2283fe7ffe1abf2d05
971,ord_dataset-1ec2807f02fa4beda27d2a81b86eb843:ord-ca18f9bac5544c20a18b048cda9cd777,ord_dataset-1ec2807f02fa4beda27d2a81b86eb843,295,0437f0a685a42c262e41f00bf7e0610a0c9f83480f6d220d60408e21dcf99aa5
972,ord_dataset-1ec2807f02fa4beda27d2a81b86eb843:ord-ca2b2bfbf3624648aee2df4c6c71e50f,ord_dataset-1ec2807f02fa4beda27d2a81b86eb843,51,cf8376c98da9efeb8166bde0ba5b370c51d11b578c8c7eb823defc0aaec88a1f
973,ord_dataset-1ec2807f02fa4beda27d2a81b86eb843:ord-ca80f08408354219b62eb58cf3335732,ord_dataset-1ec2807f02fa4beda27d2a81b86eb843,776,a3d2d439ba8eda8740e88338b569d2a8ca1d912b4729c7c0fd29fc375b3b6fdc
974,ord_dataset-1ec2807f02fa4beda27d2a81b86eb843:ord-ca9da242d0f94584b63401eea03cec42,ord_dataset-1ec2807f02fa4beda27d2a81b86eb843,153,611bf791cf82efdb66eea3e884fceab2c11254ca8bdb74e5c6452d1dccd89fb4
975,ord_dataset-1ec2807f02fa4beda27d2a81b86eb843:ord-cacb2424cc5e4476b7b83504fae5e597,ord_dataset-1ec2807f02fa4beda27d2a81b86eb843,81,b6390cb52a80676b480e4c7f7322de5dfdf00b28957d5294bef88ebcc6f8e9a4
976,ord_dataset-1ec2807f02fa4beda27d2a81b86eb843:ord-cb1291d81f96484fb1a8590075b37a1e,ord_dataset-1ec2807f02fa4beda27d2a81b86eb843,1092,f7d902bd73964c75cee2daa1ec2fb43cb0c3577f1eded720c2002369644c259e
977,ord_dataset-1ec2807f02fa4beda27d2a81b86eb843:ord-cb5f18cc5d054d0fb33590cbb2939fea,ord_dataset-1ec2807f02fa4beda27d2a81b86eb843,407,a4ebbea8f8869e0f6f2a2af86a8f317ae6a28eb26e46c2abb23a8e92cbb0635e
978,ord_dataset-1ec2807f02fa4beda27d2a81b86eb843:ord-cb87f668f9a74ca3b9de51ead1f778cc,ord_dataset-1ec2807f02fa4beda27d2a81b86eb843,957,ab3b22d7e144f1d2e21d34c6bdf023833aeade27f7657cb17fa0ee43f6cb15b5
979,ord_dataset-1ec2807f02fa4beda27d2a81b86eb843:ord-cbb26ea0ad8a47dc8cc1e9bf7a6d4baa,ord_dataset-1ec2807f02fa4beda27d2a81b86eb843,40,d31ef379c24b1701d2ab8a9c65b86a99d3bed4aff0ddff7af919a8b99378d07d
980,ord_dataset-1ec2807f02fa4beda27d2a81b86eb843:ord-cbba092cb0ed405ba6cb6323e34fbceb,ord_dataset-1ec2807f02fa4beda27d2a81b86eb843,380,dab9e040b42b4eedebf56bee41e1ff1a03156f6e54ecc05ea94a2158fa5e990e
981,ord_dataset-1ec2807f02fa4beda27d2a81b86eb843:ord-cbc4cb4858cc4181a33a6dd52361ed6b,ord_dataset-1ec2807f02fa4beda27d2a81b86eb843,624,105f07962000f438f21c878f0a32a972d621effd3b25138b175b2319189bddfa
982,ord_dataset-1ec2807f02fa4beda27d2a81b86eb843:ord-cc2ea5e460914d708668414067fb20b6,ord_dataset-1ec2807f02fa4beda27d2a81b86eb843,287,c9985c37e8911f1d754165d7d41c1765b0b2048250d51369cfa8c618c9da6371
983,ord_dataset-1ec2807f02fa4beda27d2a81b86eb843:ord-cc745df203e84eb7b6d7ee4e523a1385,ord_dataset-1ec2807f02fa4beda27d2a81b86eb843,1163,8cf9b6eedd2e5ece9f08258b3927c6ea2f9ac45328bf684a85b26c28eb52eb34
984,ord_dataset-1ec2807f02fa4beda27d2a81b86eb843:ord-cc7c3502d722438d9af9c8b9d8c77ea9,ord_dataset-1ec2807f02fa4beda27d2a81b86eb843,175,856b3760b0164e0567b3eb18076de1d5a634f0719718194fde9f911419992003
985,ord_dataset-1ec2807f02fa4beda27d2a81b86eb843:ord-cd489c55b65e4be0a489bd182e94c9ad,ord_dataset-1ec2807f02fa4beda27d2a81b86eb843,855,f6cd48ccaf3857cdd63d0331801ccba32bdd945f36a8d6373ee9c6c32ead6b6b
986,ord_dataset-1ec2807f02fa4beda27d2a81b86eb843:ord-cd4ad3e19088464cb9fd47f9a9398049,ord_dataset-1ec2807f02fa4beda27d2a81b86eb843,492,ed5a32e8823b68114f9049a6626e8c9cefeaa93368cbb3c0ce0b8c522c0ded15
987,ord_dataset-1ec2807f02fa4beda27d2a81b86eb843:ord-cd52dec94fdf4fac8458341818ee0ce5,ord_dataset-1ec2807f02fa4beda27d2a81b86eb843,1091,38784f64aebbaa1340b13e17d89f82df4e382b3ae12b13ba795125b8118a403e
988,ord_dataset-1ec2807f02fa4beda27d2a81b86eb843:ord-cdf8616c422b42a09fa78359ce1c7ab2,ord_dataset-1ec2807f02fa4beda27d2a81b86eb843,397,23062ac70e0b896bd5c8ce3fe63b4c2817562b9d324b8270864f8bc902820802
989,ord_dataset-1ec2807f02fa4beda27d2a81b86eb843:ord-ce079de6f53640649ff7465bedd90420,ord_dataset-1ec2807f02fa4beda27d2a81b86eb843,995,bbcead25f2d3656fe7b9a398d404013300c68a9fdcef42fac34326ecf4aa54e2
990,ord_dataset-1ec2807f02fa4beda27d2a81b86eb843:ord-ce234c0110f9410da0c99e40df95f6ef,ord_dataset-1ec2807f02fa4beda27d2a81b86eb843,974,6d640c30025f7996023a5663f2fd9d67e609b15fe11ae00617373b443719629e
991,ord_dataset-1ec2807f02fa4beda27d2a81b86eb843:ord-ce2e7f4617a647489ba13e1dd60e8ffe,ord_dataset-1ec2807f02fa4beda27d2a81b86eb843,843,06de3aa8292d106b0751b5349d16e172fbbcd59c8ae860088d833bdde194395a
992,ord_dataset-1ec2807f02fa4beda27d2a81b86eb843:ord-ce71804587ee4f28b42ffccc872b1323,ord_dataset-1ec2807f02fa4beda27d2a81b86eb843,545,c1ecc18f7b58724d244039201cee7db29693b39230d458ca8dfae46fd093127f
993,ord_dataset-1ec2807f02fa4beda27d2a81b86eb843:ord-ceb75adee3de40219389bab9f9a3a1ea,ord_dataset-1ec2807f02fa4beda27d2a81b86eb843,1194,c923ff73ed66afb1fa9bf7c30192006176ef4c7ea700b1f5cd7faeb805440ebc
994,ord_dataset-1ec2807f02fa4beda27d2a81b86eb843:ord-cef04f92ddf54f0bac8ff2f95eef5f58,ord_dataset-1ec2807f02fa4beda27d2a81b86eb843,1098,5087d80acfb73ae3b29b3165b389c0a40292cc832e5bf1c810b0944703d0508f
995,ord_dataset-1ec2807f02fa4beda27d2a81b86eb843:ord-cf3622e5c154454b9662ca4fafd7036c,ord_dataset-1ec2807f02fa4beda27d2a81b86eb843,1072,afd5b8e029821a810f143e09b93969356b56a6ba9b9a288271f9b8343ae03e9d
996,ord_dataset-1ec2807f02fa4beda27d2a81b86eb843:ord-cf5517326ae44f6e854d60274929cb0f,ord_dataset-1ec2807f02fa4beda27d2a81b86eb843,549,946f06449220e0b8e12de755c2165b28ea6d6e2f05ee4139d1697b6c7e4d85a3
997,ord_dataset-1ec2807f02fa4beda27d2a81b86eb843:ord-cf61ec0aa0594806ae097e7b590f02f0,ord_dataset-1ec2807f02fa4beda27d2a81b86eb843,948,8f8c8ac245a9371aa1d3a3204e1a3818d8d743cbb9be29d04e404c7d6533285e
998,ord_dataset-1ec2807f02fa4beda27d2a81b86eb843:ord-cfa62039380649029ce1ad1a5e07dd6e,ord_dataset-1ec2807f02fa4beda27d2a81b86eb843,761,328c0962fbf62f9c3b834dacb547f6b85883acdbac33246bab020955f79c8e14
999,ord_dataset-1ec2807f02fa4beda27d2a81b86eb843:ord-d064f57105cf43aea87321527d444101,ord_dataset-1ec2807f02fa4beda27d2a81b86eb843,277,e683c5f243590196051733cfa9b2b91dfda8dc8df81e1ad7f2c28b10a2171b54
1000,ord_dataset-1ec2807f02fa4beda27d2a81b86eb843:ord-d08d196714b3405fb2404d90c66e6a82,ord_dataset-1ec2807f02fa4beda27d2a81b86eb843,459,7ed1643d3a87b8ebddfeda2e2672b432cff1d3c7e95382d39ea85b22975e3175
1001,ord_dataset-1ec2807f02fa4beda27d2a81b86eb843:ord-d0a96cc5a7334d579e4d7f0f11a456ca,ord_dataset-1ec2807f02fa4beda27d2a81b86eb843,226,9c862ce42754c5dcde166e8f21f42c3687112285912535cfd37c28743fa3d2f9
1002,ord_dataset-1ec2807f02fa4beda27d2a81b86eb843:ord-d0e798d4dba8412689f2d084f8f6e6f7,ord_dataset-1ec2807f02fa4beda27d2a81b86eb843,786,364395eb1f1fc17d892efff782c0fa0f969935c1ec92b18c37defcde75645b6c
1003,ord_dataset-1ec2807f02fa4beda27d2a81b86eb843:ord-d13c63fc9066403a84636661c2daf923,ord_dataset-1ec2807f02fa4beda27d2a81b86eb843,895,f3cf4643822f2c8026253d0b5334681636476581000b1afd30a6d4c27f39a79f
1004,ord_dataset-1ec2807f02fa4beda27d2a81b86eb843:ord-d1410c72e26749e9a9e4f47980161a85,ord_dataset-1ec2807f02fa4beda27d2a81b86eb843,792,b4abd5807ddfb8a8ec0fb6419e473183d04768ac7dc8e65b8468d29b2f3c4341
1005,ord_dataset-1ec2807f02fa4beda27d2a81b86eb843:ord-d1812f95d6cc48eba7750bff4335ddf3,ord_dataset-1ec2807f02fa4beda27d2a81b86eb843,1002,a9db606a7e36ec3b79f8dd225e4d776177ddc2ba9c4839aabd1200d8766369cb
1006,ord_dataset-1ec2807f02fa4beda27d2a81b86eb843:ord-d1d0acb873e04c1ab54526b4680aefd4,ord_dataset-1ec2807f02fa4beda27d2a81b86eb843,242,df8cadb0cb91fc84e8d8099d44190cd7903460387facadd354602eae7b095dd1
1007,ord_dataset-1ec2807f02fa4beda27d2a81b86eb843:ord-d2099c1b3ce042f1809f6940b8ce6c51,ord_dataset-1ec2807f02fa4beda27d2a81b86eb843,1095,d4c86fb3a00b74aa3d7b2c56fc793e1fe724aae70ca366513dc5af41263857b3
1008,ord_dataset-1ec2807f02fa4beda27d2a81b86eb843:ord-d27a0f80f75047029b49c4168f449f11,ord_dataset-1ec2807f02fa4beda27d2a81b86eb843,565,85528c10bed7d3f0537cc28ce2a00cb808d8f30679d5da73b4ccf3546d4b458c
1009,ord_dataset-1ec2807f02fa4beda27d2a81b86eb843:ord-d28897d45afa4634a2909ced145b2996,ord_dataset-1ec2807f02fa4beda27d2a81b86eb843,93,114199f817f23bfb71a9de82c0daf3e5b4b2130d2d8ad4b9512f9ddbd292461e
1010,ord_dataset-1ec2807f02fa4beda27d2a81b86eb843:ord-d321d1e523014afdaae4c6db39980dc8,ord_dataset-1ec2807f02fa4beda27d2a81b86eb843,857,aee2c47b049bcfcc229552e6dfb8c097529e3cd64dffaa3f785c6d9921c0c008
1011,ord_dataset-1ec2807f02fa4beda27d2a81b86eb843:ord-d34f803e4646441f91e4e10b2ad3518b,ord_dataset-1ec2807f02fa4beda27d2a81b86eb843,1176,6354967d1359097e84e693d87e1a139d4c2c311654f0c941641103866262b2e1
1012,ord_dataset-1ec2807f02fa4beda27d2a81b86eb843:ord-d375200b37cc4bc68440ef74b432cbff,ord_dataset-1ec2807f02fa4beda27d2a81b86eb843,360,aa1518593cc8381848e1fbfb9885b172de32f0193eb0672df37be4184ffcd81a
1013,ord_dataset-1ec2807f02fa4beda27d2a81b86eb843:ord-d418a182c4574be68383768dfc068dec,ord_dataset-1ec2807f02fa4beda27d2a81b86eb843,1032,ed3214ab2550648730ab955f5a849c6fd24270a08a20a3cddbde44e89e4f3716
1014,ord_dataset-1ec2807f02fa4beda27d2a81b86eb843:ord-d45f866c705e471c8e59627e86039df0,ord_dataset-1ec2807f02fa4beda27d2a81b86eb843,542,c431baed129e39ae905123848e48aea59a0d0f1fa89b6c9e4aab1ddeaa334518
1015,ord_dataset-1ec2807f02fa4beda27d2a81b86eb843:ord-d4b291594683439baf7d80c1bc150ecc,ord_dataset-1ec2807f02fa4beda27d2a81b86eb843,106,1db75a4bcc14b2f78548d9d254da59aac1f657c7d989205efb9a6777e70828d9
1016,ord_dataset-1ec2807f02fa4beda27d2a81b86eb843:ord-d4e47d1ac59b443f9a374f7007c59865,ord_dataset-1ec2807f02fa4beda27d2a81b86eb843,1037,acbd0d5991fa5ed56b62a18fefb65b6122c0e921e9477c9467fc687a5aac5a1c
1017,ord_dataset-1ec2807f02fa4beda27d2a81b86eb843:ord-d4fb2709bce84f6090ddf4233c962424,ord_dataset-1ec2807f02fa4beda27d2a81b86eb843,266,1fbcdb6b126686ea232d1ca346fd8bd53dc2ab0dd262f7dd570115e9873ee501
1018,ord_dataset-1ec2807f02fa4beda27d2a81b86eb843:ord-d5485970f5ba453cae4a6dd1a54187e6,ord_dataset-1ec2807f02fa4beda27d2a81b86eb843,852,80134bb3d3773a41e90437360de2152ccc32d3e8723aef9762273a70666db618
1019,ord_dataset-1ec2807f02fa4beda27d2a81b86eb843:ord-d54d8d50803d4f9197db0ccc429ef27a,ord_dataset-1ec2807f02fa4beda27d2a81b86eb843,1191,e18704e99e42d7dc492bf14e661a9327ed8c34baed45e668689a722633e9714a
1020,ord_dataset-1ec2807f02fa4beda27d2a81b86eb843:ord-d582eb2b5a4b46ff99a4c8873cea6021,ord_dataset-1ec2807f02fa4beda27d2a81b86eb843,420,8ca419213055895b35644f5b19b8ce248b08d60846f171cd1d062ac7bcb36b2c
1021,ord_dataset-1ec2807f02fa4beda27d2a81b86eb843:ord-d5851038357140f38437c063ee12cbfe,ord_dataset-1ec2807f02fa4beda27d2a81b86eb843,992,6fc0dd2b6b859b04fafee90887bf7f35b470117df3aac07c917b7e607ec95b72
1022,ord_dataset-1ec2807f02fa4beda27d2a81b86eb843:ord-d59e1f385c0340fd98095ace3d1c2f2e,ord_dataset-1ec2807f02fa4beda27d2a81b86eb843,598,6c5224d0b82f452844e2b38788a497888e7da2b0f0207b5474e38895e2c58b6a
1023,ord_dataset-1ec2807f02fa4beda27d2a81b86eb843:ord-d5be2e9bf8cb4aa3bdb224dabb3e0c5f,ord_dataset-1ec2807f02fa4beda27d2a81b86eb843,607,6a94044cc61ecc2e37ff2a79a2799b48ca106b0d1f4ecdc87042bca481b25da7
1024,ord_dataset-1ec2807f02fa4beda27d2a81b86eb843:ord-d5cf19fec6214bd7979eb8af9b6214ec,ord_dataset-1ec2807f02fa4beda27d2a81b86eb843,1136,3ff5f219089607e57b01aaf249f8fa472e429fc77b000aa3c4657dfec69d404e
1025,ord_dataset-1ec2807f02fa4beda27d2a81b86eb843:ord-d61ed0be195645feb72c9a4eea794724,ord_dataset-1ec2807f02fa4beda27d2a81b86eb843,199,9bfb48e7d42224de175c884c56dd3c713b6ab202e5bf693ec8346d38642fe00c
1026,ord_dataset-1ec2807f02fa4beda27d2a81b86eb843:ord-d6337c22a5154af3a46bcd4f61f54b6b,ord_dataset-1ec2807f02fa4beda27d2a81b86eb843,168,cb08b3bf528e2f2ec868df848dff528af43e01a38f9630fcb4cdbd9b9c29e74c
1027,ord_dataset-1ec2807f02fa4beda27d2a81b86eb843:ord-d655ec667db04911b6672a1676f8d7dd,ord_dataset-1ec2807f02fa4beda27d2a81b86eb843,120,bdcf8628d7587d7e06424c1d093451edbad07e8758422caace3634050635ab06
1028,ord_dataset-1ec2807f02fa4beda27d2a81b86eb843:ord-d68f87510855473885cd986d53c32136,ord_dataset-1ec2807f02fa4beda27d2a81b86eb843,260,10bf4087245cacd668ca7f8db853d64b2609fdeef44352ab2b643e20aa8f51d7
1029,ord_dataset-1ec2807f02fa4beda27d2a81b86eb843:ord-d6ba354a94bc4e5e811ee70e85268993,ord_dataset-1ec2807f02fa4beda27d2a81b86eb843,289,e1b2efa0c24cb8fef9c7e5389caef2d1293f227d11240eeebdb5b278ee45b76f
1030,ord_dataset-1ec2807f02fa4beda27d2a81b86eb843:ord-d6edaaf7edb14cfdb42079e79123c8a1,ord_dataset-1ec2807f02fa4beda27d2a81b86eb843,167,6295d9b7271df2969bc8b34190f610b056cdacde24cc597047008c2a74249a79
1031,ord_dataset-1ec2807f02fa4beda27d2a81b86eb843:ord-d74c94c826374558aa1eae19ec111061,ord_dataset-1ec2807f02fa4beda27d2a81b86eb843,301,deac481c0776f6450ebeaf6a55be7abc608e00e06482bcf73a15bfb9378ded0d
1032,ord_dataset-1ec2807f02fa4beda27d2a81b86eb843:ord-d7f0228d07be430380ae831c9b40ed99,ord_dataset-1ec2807f02fa4beda27d2a81b86eb843,940,5e2eafd5abfba5f0785285d287705240da0987e4428cf5302cfae9808222b064
1033,ord_dataset-1ec2807f02fa4beda27d2a81b86eb843:ord-d83b4bdd9e1942b0b07ab6db8fe874ba,ord_dataset-1ec2807f02fa4beda27d2a81b86eb843,832,51637c66a801a408d059cebd93c1686360c167f3586a3643e59265aec92f240f
1034,ord_dataset-1ec2807f02fa4beda27d2a81b86eb843:ord-d8633bb32624452ba19cedde526a059e,ord_dataset-1ec2807f02fa4beda27d2a81b86eb843,572,0f75a73b56fc0ea2e022ff5c936a6dbd2225ec4eea76b77c26cbd2f7f4c5e54e
1035,ord_dataset-1ec2807f02fa4beda27d2a81b86eb843:ord-d87360bba1254db98e964a6817eb0679,ord_dataset-1ec2807f02fa4beda27d2a81b86eb843,712,36a0633857f5f4fb085e1e075fca38862792e6a35978d9395dd45e2ac6f9f5bd
1036,ord_dataset-1ec2807f02fa4beda27d2a81b86eb843:ord-d92e09e3430448ebaeda4f5bed51b8e1,ord_dataset-1ec2807f02fa4beda27d2a81b86eb843,1066,e72de08b43115e45a7c7270f2276ed74d84b6096519e594b7e2e1366a1607276
1037,ord_dataset-1ec2807f02fa4beda27d2a81b86eb843:ord-d97b0ce9641e4a58bb3ba53170c7c160,ord_dataset-1ec2807f02fa4beda27d2a81b86eb843,999,9f45c3b11e5d61c49fca4baece3a5bc55417f275b63f392ba9ed9b14bff667f8
1038,ord_dataset-1ec2807f02fa4beda27d2a81b86eb843:ord-d988c4540ff0480fa798614ddfaea690,ord_dataset-1ec2807f02fa4beda27d2a81b86eb843,945,53888b7c652a549fd10c604782dee67276a742017f7032b80cf399b8b0b88584
1039,ord_dataset-1ec2807f02fa4beda27d2a81b86eb843:ord-d9aee275c13446bca1582bfc71bc2172,ord_dataset-1ec2807f02fa4beda27d2a81b86eb843,234,d0063ac75549439f57aaabf5927805a811d7cf7c4f8eff1d66dfa8ee347e4101
1040,ord_dataset-1ec2807f02fa4beda27d2a81b86eb843:ord-d9c7dd474318422db53c114e19a61fe8,ord_dataset-1ec2807f02fa4beda27d2a81b86eb843,644,d18d8a171ac55bd95c63a501a4430fe22ebc500ef30a569fddde581e142f3337
1041,ord_dataset-1ec2807f02fa4beda27d2a81b86eb843:ord-d9eb6a32dcb349098fb2e144b245c49c,ord_dataset-1ec2807f02fa4beda27d2a81b86eb843,62,89944994826c6e62fa8e8507e086c6643ea60b502e281fbcfe824f2b7a6662ea
1042,ord_dataset-1ec2807f02fa4beda27d2a81b86eb843:ord-d9ffc9e217664cb198cbcfd76ca02c47,ord_dataset-1ec2807f02fa4beda27d2a81b86eb843,323,6d876e15b88249b20f5ee691249567ae05fdf65f1e959a276cdf49d6c0de54c2
1043,ord_dataset-1ec2807f02fa4beda27d2a81b86eb843:ord-da2e94fcbfa8484690d6810cfd8b6dd0,ord_dataset-1ec2807f02fa4beda27d2a81b86eb843,629,3b6e6dd08e3101a51be796238a58800eb743859819e91d99db0c3eb28943ca51
1044,ord_dataset-1ec2807f02fa4beda27d2a81b86eb843:ord-da2ff66e380c4c34846df205639e3518,ord_dataset-1ec2807f02fa4beda27d2a81b86eb843,695,ca558d45f76b01228e946c542974fc8082c943a19ebb2c3fb82ac38f75f49056
1045,ord_dataset-1ec2807f02fa4beda27d2a81b86eb843:ord-dac53d64b48e4ff982162d5074c0d278,ord_dataset-1ec2807f02fa4beda27d2a81b86eb843,693,71f2e98511650df9b7e98493186be99fa0266cf34948d7be2a4f6329e4a96123
1046,ord_dataset-1ec2807f02fa4beda27d2a81b86eb843:ord-dac7f5b124fc4d68a8dd8c66f6c63173,ord_dataset-1ec2807f02fa4beda27d2a81b86eb843,734,e629af34312c28438dc0c8d3116794d6e205919cbda37303a364f18284b70639
1047,ord_dataset-1ec2807f02fa4beda27d2a81b86eb843:ord-dad3ed90801143eeab93063e1da58ae4,ord_dataset-1ec2807f02fa4beda27d2a81b86eb843,378,dfbed579738106627d6a587a440f3351f223122f9be0b8cb28c999ca3b07a930
1048,ord_dataset-1ec2807f02fa4beda27d2a81b86eb843:ord-daf9b2a21ced4eaa97b3eb87c262fbe7,ord_dataset-1ec2807f02fa4beda27d2a81b86eb843,816,8d9ad011461b68fd2c88b7037815f4d5ae8d3faceeb4e5264cc4ad9b6f31bb47
1049,ord_dataset-1ec2807f02fa4beda27d2a81b86eb843:ord-db15faeb96aa4fa4a272f7f6d2346f06,ord_dataset-1ec2807f02fa4beda27d2a81b86eb843,371,4840e5fce549c92214d399bf06b3c6b6d4aa3b60630a08bb1ff28a374b31fad2
1050,ord_dataset-1ec2807f02fa4beda27d2a81b86eb843:ord-db1b5986e0c244c7aef448e0e05a6a12,ord_dataset-1ec2807f02fa4beda27d2a81b86eb843,1021,b330b3b7f1ccd2656f71d2d15507273e3a7355c17bcb2f6cb9c57ee50c0a4cd7
1051,ord_dataset-1ec2807f02fa4beda27d2a81b86eb843:ord-db20f644fda34ea6a1e3473565efba46,ord_dataset-1ec2807f02fa4beda27d2a81b86eb843,243,b11259852355dc890b43bc0a4715f204e46e5199b81f0f3cb16a10e786086f63
1052,ord_dataset-1ec2807f02fa4beda27d2a81b86eb843:ord-db329baf2f71478c96239ae0bbdd1db0,ord_dataset-1ec2807f02fa4beda27d2a81b86eb843,1187,fd667387a53a4eeca0db40b66cb606d6a0a3279613f3cc74f712b79402f15073
1053,ord_dataset-1ec2807f02fa4beda27d2a81b86eb843:ord-db33bd824fe44ea68199abdf2cf7cb60,ord_dataset-1ec2807f02fa4beda27d2a81b86eb843,634,15fc5ff737697e3ac81a5f15b4a2c0eb28bd3c95b17adc3a78753249407aee74
1054,ord_dataset-1ec2807f02fa4beda27d2a81b86eb843:ord-db40ba0cb78c47df834cb09b5d466dab,ord_dataset-1ec2807f02fa4beda27d2a81b86eb843,324,e686bdfaa75a1cbe248d5b0b539c31b832c1fe73e207f7b8eb09d263d3222d69
1055,ord_dataset-1ec2807f02fa4beda27d2a81b86eb843:ord-db4a5d012d64429d909aa01bb3d13b29,ord_dataset-1ec2807f02fa4beda27d2a81b86eb843,208,2e5042db0271498a0cf15767e52fe82079604db43fafd57fa025da71f5c18697
1056,ord_dataset-1ec2807f02fa4beda27d2a81b86eb843:ord-db8067859f3a490e99c838bbf17c8f05,ord_dataset-1ec2807f02fa4beda27d2a81b86eb843,24,5c9edc657b299906b0856ca11565a8e86fb4fd8fe297ed2385f76fc4880936be
1057,ord_dataset-1ec2807f02fa4beda27d2a81b86eb843:ord-db9b38c0a8b847e79663a79279e62718,ord_dataset-1ec2807f02fa4beda27d2a81b86eb843,578,1b0450286f3be57dee98309b2216fb461a8cbdaba08752cfebf5868d68f4b21c
1058,ord_dataset-1ec2807f02fa4beda27d2a81b86eb843:ord-dba1c818a0de4d72bbd86adfa485f52b,ord_dataset-1ec2807f02fa4beda27d2a81b86eb843,704,9b5f5c7f10e423bec04d2a60fd5b008f0f42c65405b3db5e2f925caac32d1d13
1059,ord_dataset-1ec2807f02fa4beda27d2a81b86eb843:ord-dba1e5ceeb224d679da4a03fbce13003,ord_dataset-1ec2807f02fa4beda27d2a81b86eb843,495,6126aa960610bd64f2de782321539ed56ae769761d362dfe97c97a7cab881a14
1060,ord_dataset-1ec2807f02fa4beda27d2a81b86eb843:ord-dba38fb32278413b88a5caebf7d9d517,ord_dataset-1ec2807f02fa4beda27d2a81b86eb843,379,84bfa2a5895a878483d761471d7001b11820f5c7e6085105d4be60b69f61f9e6
1061,ord_dataset-1ec2807f02fa4beda27d2a81b86eb843:ord-dba830abf5e94273aab4edaf5de382f1,ord_dataset-1ec2807f02fa4beda27d2a81b86eb843,273,f68b03ab1ccfae5700c1d28b7624ab8845179b76c4599366e4e203292c5d65f0
1062,ord_dataset-1ec2807f02fa4beda27d2a81b86eb843:ord-dbbdf22ab6d54f95af185c2a8b03f5d3,ord_dataset-1ec2807f02fa4beda27d2a81b86eb843,415,c171a0df430c1a24a2b77b1d37ac81bc8af5751393ec753753346f7e91ba9bce
1063,ord_dataset-1ec2807f02fa4beda27d2a81b86eb843:ord-dc64080d75b8436aa640f56d0ed9bf76,ord_dataset-1ec2807f02fa4beda27d2a81b86eb843,156,89be3c1bc94147d60f28fd0897e62355b94a265c4c68bbe250a505cfaef96acc
1064,ord_dataset-1ec2807f02fa4beda27d2a81b86eb843:ord-dd50a4069f5f4539a296b4e48c2cd0c0,ord_dataset-1ec2807f02fa4beda27d2a81b86eb843,773,995fffff96f7803c6cfa4c8419e5b0f3055f489798a09e3da0d9a54b850d79b1
1065,ord_dataset-1ec2807f02fa4beda27d2a81b86eb843:ord-de6a716c9eed45f996e003f2f0ef9314,ord_dataset-1ec2807f02fa4beda27d2a81b86eb843,831,90050915df12f050367bda16a3e5ac84c6fcde241fa0590a373331ddc9410efc
1066,ord_dataset-1ec2807f02fa4beda27d2a81b86eb843:ord-decd3b92040643168a5cbf69c3b31041,ord_dataset-1ec2807f02fa4beda27d2a81b86eb843,1201,c395061981eba86c8ec8f68fa4a18f2e146c13c5a7158f69ac3e1a0da5ab98aa
1067,ord_dataset-1ec2807f02fa4beda27d2a81b86eb843:ord-deee115c9e6943778dbf261bcfe3b71d,ord_dataset-1ec2807f02fa4beda27d2a81b86eb843,42,df69b390644b862b69b249ba5014951f9010edaf41fc2d72fdfb178c014b5828
1068,ord_dataset-1ec2807f02fa4beda27d2a81b86eb843:ord-df32d482d8e84cd7abd775692dee2f6e,ord_dataset-1ec2807f02fa4beda27d2a81b86eb843,566,af56927f46dcbbeeede1635648aa73993b6a6ffb53094104d139a89c5aa37560
1069,ord_dataset-1ec2807f02fa4beda27d2a81b86eb843:ord-df570fb4db6448c696c03ae67d13480b,ord_dataset-1ec2807f02fa4beda27d2a81b86eb843,123,fe7bc3c23bcdd1ca1084eba0d3b00d78f8570f94f350e5d09ef58b0697a616d0
1070,ord_dataset-1ec2807f02fa4beda27d2a81b86eb843:ord-df6b40ef36ed4b69974286667ef24113,ord_dataset-1ec2807f02fa4beda27d2a81b86eb843,548,175b99fc2a5d9c9c262b687fb69ba02c8efb5c22e9a0d0511061c4a2e9fbdd19
1071,ord_dataset-1ec2807f02fa4beda27d2a81b86eb843:ord-df6f3f3ac4a040228eb98b14aefcdb59,ord_dataset-1ec2807f02fa4beda27d2a81b86eb843,325,fbfca7c2b6cd58e17fd969ed6212e85b085c1566a8e5593f72ace41b65a1463c
1072,ord_dataset-1ec2807f02fa4beda27d2a81b86eb843:ord-df8976fd157a40239f465e618f555c2d,ord_dataset-1ec2807f02fa4beda27d2a81b86eb843,900,168a1b9e755df6e8487ad1c0d7de352e7506e9de831a9e8d7cb482a04a8a114c
1073,ord_dataset-1ec2807f02fa4beda27d2a81b86eb843:ord-dfb1b0481f4f43d297401f25e56480ac,ord_dataset-1ec2807f02fa4beda27d2a81b86eb843,1164,c939bee41408872485da58d324fbfe4dea9ef7207aa52f91e59cdb50c6debaad
1074,ord_dataset-1ec2807f02fa4beda27d2a81b86eb843:ord-dfc919abf0eb47e4828f82e36939b681,ord_dataset-1ec2807f02fa4beda27d2a81b86eb843,1160,81cba5cb494962d8aaa9364994a9fe238e2e22a3efe4ed963c9b196bda2b06c2
1075,ord_dataset-1ec2807f02fa4beda27d2a81b86eb843:ord-e08788508c4245e583245346a5543514,ord_dataset-1ec2807f02fa4beda27d2a81b86eb843,112,7fc46816256ca80f17e135c32c57db94a4a01cd418818fa038c1163685a0a9b9
1076,ord_dataset-1ec2807f02fa4beda27d2a81b86eb843:ord-e08d03bc2c654fd8866283273ac37d4a,ord_dataset-1ec2807f02fa4beda27d2a81b86eb843,1079,56cc60eb51e7cc4edcd5a63f86b3222cd728c93907d2338803a7a2506c9a6b25
1077,ord_dataset-1ec2807f02fa4beda27d2a81b86eb843:ord-e0ba7f08ff8840db942ccbcd19af8415,ord_dataset-1ec2807f02fa4beda27d2a81b86eb843,886,f9e961b9146ec30e7ea8eec3b97d58538cc05298ac05fedad303f350206aab7f
1078,ord_dataset-1ec2807f02fa4beda27d2a81b86eb843:ord-e0c119cd21394b8cb6168a17062cd550,ord_dataset-1ec2807f02fa4beda27d2a81b86eb843,952,456ebd9b2154a5c2d0949f14ad124ecca74a81f37b4bcc4a5bf83bcb6d4772d5
1079,ord_dataset-1ec2807f02fa4beda27d2a81b86eb843:ord-e0e005063845498ea87f2c73b07d6a76,ord_dataset-1ec2807f02fa4beda27d2a81b86eb843,541,3d58337fcebfdab3447bed840f393ed5ffc69df11b53a236dc0c59129d4bdaae
1080,ord_dataset-1ec2807f02fa4beda27d2a81b86eb843:ord-e140f32e00294c979c741142b60f5f53,ord_dataset-1ec2807f02fa4beda27d2a81b86eb843,192,87fdf01c4182281f587a0459ccbeee1d3a6faeb41d728a85fc2fe256480716e9
1081,ord_dataset-1ec2807f02fa4beda27d2a81b86eb843:ord-e154e4ab06a044ca9c6a5b9a271514ee,ord_dataset-1ec2807f02fa4beda27d2a81b86eb843,1088,15a680f92fa84b9137ba2feec53ae4792b5b5641a4e53c18f310accdfead178d
1082,ord_dataset-1ec2807f02fa4beda27d2a81b86eb843:ord-e1c8f497387447b8a3207f72b9abb97a,ord_dataset-1ec2807f02fa4beda27d2a81b86eb843,110,8b3960b2b7038594b63d7b28ab97090e2d78f84bd21cdb2c458f0f5b54608043
1083,ord_dataset-1ec2807f02fa4beda27d2a81b86eb843:ord-e218a21c4d3f4300af851e392fa00f90,ord_dataset-1ec2807f02fa4beda27d2a81b86eb843,197,4dc55da4b9fd803298dd57a746b7d053482d32b38e510a6adfe9b42193108bcf
1084,ord_dataset-1ec2807f02fa4beda27d2a81b86eb843:ord-e2625283b40840aaa42059a2ac688373,ord_dataset-1ec2807f02fa4beda27d2a81b86eb843,240,874eac00e79c2bb51992e9ce635baf45065c5a4dfb6e282b2c01bdba7b1ae630
1085,ord_dataset-1ec2807f02fa4beda27d2a81b86eb843:ord-e280b982b0f14f229657c589f1cc82ed,ord_dataset-1ec2807f02fa4beda27d2a81b86eb843,584,a07310c6b6ab723c3d5eeca4443c2d55a4c9ed5305290b6827f3c246469339b2
1086,ord_dataset-1ec2807f02fa4beda27d2a81b86eb843:ord-e281b21218444f43a2d3965a3d516d3b,ord_dataset-1ec2807f02fa4beda27d2a81b86eb843,1039,4f222a00a4aad9dcae1743dafd3ff01d34902f0694bab68e35c2bae7c8ffd975
1087,ord_dataset-1ec2807f02fa4beda27d2a81b86eb843:ord-e28ee288be90499db6e45ef105e38018,ord_dataset-1ec2807f02fa4beda27d2a81b86eb843,1138,324c7d6760c234061e86cb7592357202a51538002e07b7689f56aace12fc8f5c
1088,ord_dataset-1ec2807f02fa4beda27d2a81b86eb843:ord-e2a81aeefba34734af853d50e5761d89,ord_dataset-1ec2807f02fa4beda27d2a81b86eb843,1110,a6f7b3b7397a733fb21ebe076f53aa46d424016e13e7668b50d459ad48899ccb
1089,ord_dataset-1ec2807f02fa4beda27d2a81b86eb843:ord-e2da0fdecdba4eb0a08959b40a28a7d4,ord_dataset-1ec2807f02fa4beda27d2a81b86eb843,588,524d35ac93bd9e8a94b7d1f397e3f3d7313621e8dfd28ccd56c6bf185b71e1f2
1090,ord_dataset-1ec2807f02fa4beda27d2a81b86eb843:ord-e2f7e52396c94b8ba382db48d0f29afc,ord_dataset-1ec2807f02fa4beda27d2a81b86eb843,746,60e708f2339a4a4d0785324a2f2f180465d7abc98f5e7a69fe7e5025f412b26f
1091,ord_dataset-1ec2807f02fa4beda27d2a81b86eb843:ord-e3303db6b38a4c629b89a44edd5bdb9b,ord_dataset-1ec2807f02fa4beda27d2a81b86eb843,191,d1cb8fec946477f032e0919f62d69b14ace8ac98ba5e0961a74c3c1bef6dffc1
1092,ord_dataset-1ec2807f02fa4beda27d2a81b86eb843:ord-e3410babc1544036b0d449c859ee8fc5,ord_dataset-1ec2807f02fa4beda27d2a81b86eb843,637,be1d94e0f3a87a8288c859065077f6f9e6d920041550e1705d86a76853805003
1093,ord_dataset-1ec2807f02fa4beda27d2a81b86eb843:ord-e37465cd3bb44759a8c0c39bf8744776,ord_dataset-1ec2807f02fa4beda27d2a81b86eb843,630,6e9e48a113056074ab16e92764c9b913ddeb05272dae86c16d2e63f86b6fe536
1094,ord_dataset-1ec2807f02fa4beda27d2a81b86eb843:ord-e3bcc0b29976469bb1dc1071a7ed3009,ord_dataset-1ec2807f02fa4beda27d2a81b86eb843,1183,a6a90cbf01d73585ab19f35fcc3c53ba1b3c4f21be8fa7971dec6bd8cb1a6c6d
1095,ord_dataset-1ec2807f02fa4beda27d2a81b86eb843:ord-e3e3ff50e9304b90a7a6481c16fc5717,ord_dataset-1ec2807f02fa4beda27d2a81b86eb843,783,7b7240ff3155aaa9c2f42e04598e615367ed6fd4654324b9a47b4677732c1bbb
1096,ord_dataset-1ec2807f02fa4beda27d2a81b86eb843:ord-e41d9e0a8ed840cc9132a57809506e6c,ord_dataset-1ec2807f02fa4beda27d2a81b86eb843,1061,5b6347157ad82cd73b75de63d9a4c4e4e554ceea2e0101c336ad927b7e901f49
1097,ord_dataset-1ec2807f02fa4beda27d2a81b86eb843:ord-e42f418ec584493ba99ad90aa801cb46,ord_dataset-1ec2807f02fa4beda27d2a81b86eb843,392,968c63923f91644ef9577ecba2722bf8763d6624733ccaa71e8903875a11dbb4
1098,ord_dataset-1ec2807f02fa4beda27d2a81b86eb843:ord-e4a8b1cf656344e2bed2b1c9c70d9a15,ord_dataset-1ec2807f02fa4beda27d2a81b86eb843,893,37da7a543babbf946b6dd0c139755509fa06278fa6d69cf521e07249bb59646e
1099,ord_dataset-1ec2807f02fa4beda27d2a81b86eb843:ord-e4b7b0f1bc6742d4a79bf9a313dd0550,ord_dataset-1ec2807f02fa4beda27d2a81b86eb843,931,0885b5c9bbe78dcfc23a69218945f522842286a813a1f927739558368d31f065
1100,ord_dataset-1ec2807f02fa4beda27d2a81b86eb843:ord-e4ba16a4e10e4fc9bc48a96613a8c7f1,ord_dataset-1ec2807f02fa4beda27d2a81b86eb843,1118,23205781e86d02e7202f7288e79071252c1e23eaa462d6c5212e2684fc2a5b92
1101,ord_dataset-1ec2807f02fa4beda27d2a81b86eb843:ord-e4d70b465eb7415c8e9fb2c5da83e299,ord_dataset-1ec2807f02fa4beda27d2a81b86eb843,920,afa8fb9e50b932af0a500c5eb3287b1912946d81261e2b6c5beffc69d22fed72
1102,ord_dataset-1ec2807f02fa4beda27d2a81b86eb843:ord-e4f7d82bcfce4419b476db32ab8de2b8,ord_dataset-1ec2807f02fa4beda27d2a81b86eb843,1034,8036fb5931b503502a73fd5c5d0af78e4e4bd07e6ed39cf20bfd888df91d69b8
1103,ord_dataset-1ec2807f02fa4beda27d2a81b86eb843:ord-e4ffcbbf204a491a8bcba560e3544df0,ord_dataset-1ec2807f02fa4beda27d2a81b86eb843,64,f88bcbe9b3b7a2c8f011f778aa692d13a8730095ff5977cdc83b96433de4bb61
1104,ord_dataset-1ec2807f02fa4beda27d2a81b86eb843:ord-e52d35e1ded445928d74d0dd3ce33e31,ord_dataset-1ec2807f02fa4beda27d2a81b86eb843,537,aab3c8b50e6adeca131c7922fa8d33afa400816cf6cde2269b5f706e07b47b78
1105,ord_dataset-1ec2807f02fa4beda27d2a81b86eb843:ord-e637e6e4689643a89ad8194f723f8e0e,ord_dataset-1ec2807f02fa4beda27d2a81b86eb843,1085,cc1bf0c247c893a4a983bd40ac44ba4effe72b32511cc6521375a51472b6f847
1106,ord_dataset-1ec2807f02fa4beda27d2a81b86eb843:ord-e656a41f6d5d41c7ba5531b8f4bb4924,ord_dataset-1ec2807f02fa4beda27d2a81b86eb843,576,c67437d9445796bf4757c97b93cc8df37c4e2d75252779092d8d926879a22a0c
1107,ord_dataset-1ec2807f02fa4beda27d2a81b86eb843:ord-e66e3baf19cb4aaaa503c2145bb012b8,ord_dataset-1ec2807f02fa4beda27d2a81b86eb843,561,6abad8d18088d2ff0af0a8bc227efae03c9d39a4d29396ce20a7f8a2c1f6e5e5
1108,ord_dataset-1ec2807f02fa4beda27d2a81b86eb843:ord-e6834cd589d24b45b0a081232a4d426d,ord_dataset-1ec2807f02fa4beda27d2a81b86eb843,670,a4687b1bbb82c1f3825deb857f882e3d3b0ad86215a935a488c442c15c090838
1109,ord_dataset-1ec2807f02fa4beda27d2a81b86eb843:ord-e683bfbd97254c9f913eef1a812b50b4,ord_dataset-1ec2807f02fa4beda27d2a81b86eb843,412,c523b60c1c2500f3bd8acda5643cc63dafc7787d37a6ddec11a59b6ab512dd30
1110,ord_dataset-1ec2807f02fa4beda27d2a81b86eb843:ord-e6c1420be87b4d50a58c43b9fbbcb107,ord_dataset-1ec2807f02fa4beda27d2a81b86eb843,1189,eab21fbd3745ce28826deb0b70b1a979c90fe84507f0b8b03713dce8112fd633
1111,ord_dataset-1ec2807f02fa4beda27d2a81b86eb843:ord-e6d896ed32294605a71dcce93d9fe4df,ord_dataset-1ec2807f02fa4beda27d2a81b86eb843,828,140f36792d66bee5805bb1ebb9fa2867bb775cb9863a62bebbac1bcee88a68b3
1112,ord_dataset-1ec2807f02fa4beda27d2a81b86eb843:ord-e72a78d4bc5a4d17b2421c39569f0530,ord_dataset-1ec2807f02fa4beda27d2a81b86eb843,965,91336e7d33bba167d3f7e2dd84ff1385321e378322ccf2f3e7e333865d1df74a
1113,ord_dataset-1ec2807f02fa4beda27d2a81b86eb843:ord-e7976de7af204e1fa9b228dde25fdbe0,ord_dataset-1ec2807f02fa4beda27d2a81b86eb843,800,14e391d5464049f1025127fbe2fcd4bf8e9abd38ac1b9e704db343b97a8dd259
1114,ord_dataset-1ec2807f02fa4beda27d2a81b86eb843:ord-e7993a4e0bf74af6882af47a002d4e4b,ord_dataset-1ec2807f02fa4beda27d2a81b86eb843,582,e6646977d127c9e7c93d6a5a463c249bc288fff53b5b86f1350e5f96338782fc
1115,ord_dataset-1ec2807f02fa4beda27d2a81b86eb843:ord-e7f5fba519af437fb5831d515da4cc0e,ord_dataset-1ec2807f02fa4beda27d2a81b86eb843,44,e1b93260f4f3fd3b73735b1b0e9db4f1f4065717429b92c3864cb9fd5f368537
1116,ord_dataset-1ec2807f02fa4beda27d2a81b86eb843:ord-e860ae0f8d11420f8606553f69c81b6a,ord_dataset-1ec2807f02fa4beda27d2a81b86eb843,299,7c2619b47dde65131d09c8c33f3aed93ae11fc746a898f742a6deb6e69cdfdca
1117,ord_dataset-1ec2807f02fa4beda27d2a81b86eb843:ord-e88e7d1e7dda4223aac6b1dab81e97d7,ord_dataset-1ec2807f02fa4beda27d2a81b86eb843,202,dc223bbfb1328215e37373f8c968d7b37260d85a8e0c926fea298d52273fbdb5
1118,ord_dataset-1ec2807f02fa4beda27d2a81b86eb843:ord-e8c505236f194fa386e5c8d2422f3d75,ord_dataset-1ec2807f02fa4beda27d2a81b86eb843,875,ecf60d3cb16c6dddb86cd7f088227bee21ccf5f447b604a16e5b980c518d2262
1119,ord_dataset-1ec2807f02fa4beda27d2a81b86eb843:ord-e90dbe4b15694813bc3f5585f8166355,ord_dataset-1ec2807f02fa4beda27d2a81b86eb843,462,9d6fa0cf20ee803d213b26ff7833d7119d1b6cce51c3e9ca22ac8d2e7c83e279
1120,ord_dataset-1ec2807f02fa4beda27d2a81b86eb843:ord-e9183653b5964272b715f98e19e9b36e,ord_dataset-1ec2807f02fa4beda27d2a81b86eb843,804,26f95baa256aa314f8e06902dc8e9de9406eade2455fda33c87e66dba6b69a8c
1121,ord_dataset-1ec2807f02fa4beda27d2a81b86eb843:ord-e94c3e2b055f4cb7851ad56144ecfcf8,ord_dataset-1ec2807f02fa4beda27d2a81b86eb843,833,23065cecd8d04bb7265d7d88b135536ba2d0e50665571c2865bcb3bb32048e00
1122,ord_dataset-1ec2807f02fa4beda27d2a81b86eb843:ord-e9561d09cd8b4923bbc2683d97b72821,ord_dataset-1ec2807f02fa4beda27d2a81b86eb843,863,71f25a643e0b1ef5d5b7851a5f8bf24ad8afe4993ab2d4279246be7f74b09bcc
1123,ord_dataset-1ec2807f02fa4beda27d2a81b86eb843:ord-e9a7f61521cd4927b01e4e22c4f167c9,ord_dataset-1ec2807f02fa4beda27d2a81b86eb843,474,e5b8bebe2943948d08a72396226695c5b3e7d66befa779149ee5810a25db66db
1124,ord_dataset-1ec2807f02fa4beda27d2a81b86eb843:ord-e9b4ddd5c134409c8ff93144825ceab3,ord_dataset-1ec2807f02fa4beda27d2a81b86eb843,923,cc5f26a601d7298d4a1879c65d1bf30a5a16d67a8ce39a396129895bae58d02a
1125,ord_dataset-1ec2807f02fa4beda27d2a81b86eb843:ord-e9c902b5a2b747738ca767983179da7e,ord_dataset-1ec2807f02fa4beda27d2a81b86eb843,284,18eac4034e7eacf7ce4036721b9a8f29cf9b083246ce82d51d403b6236bf7303
1126,ord_dataset-1ec2807f02fa4beda27d2a81b86eb843:ord-e9e40fbe759743cc8c043129b92e2429,ord_dataset-1ec2807f02fa4beda27d2a81b86eb843,719,cd8e0fce4310abf68fa8118a2f555cf68ecf711d86ef51c7ddcf5b075828b4be
1127,ord_dataset-1ec2807f02fa4beda27d2a81b86eb843:ord-ea190dab517f47e18920041532a63625,ord_dataset-1ec2807f02fa4beda27d2a81b86eb843,458,e523aa829f9ce8caed07e904f038f9ad12b08a71d60996ebd0ef3b4671074a91
1128,ord_dataset-1ec2807f02fa4beda27d2a81b86eb843:ord-ea199684484b436fbe3f22b1bc989dd7,ord_dataset-1ec2807f02fa4beda27d2a81b86eb843,708,a3ea0ad307f1cfa6c4b2f934aa59d5859ebf8a4e2a73831343336d3136b7935e
1129,ord_dataset-1ec2807f02fa4beda27d2a81b86eb843:ord-ea5f24d98a354319bfc8319178838f03,ord_dataset-1ec2807f02fa4beda27d2a81b86eb843,822,13b0b36bb38ce1e57a397f74a2f184ed8b31c761d2c5f4085714f8ce9c0cb5bf
1130,ord_dataset-1ec2807f02fa4beda27d2a81b86eb843:ord-ea66acbadc504035baa25798f661dc42,ord_dataset-1ec2807f02fa4beda27d2a81b86eb843,518,ec8159e15222fb3b135e8b0fbff7c53f27a350608b8f94c2e8a72247e2ce7ee4
1131,ord_dataset-1ec2807f02fa4beda27d2a81b86eb843:ord-ea8ee6dd5c6e47cd80c6bcf7d7a852bf,ord_dataset-1ec2807f02fa4beda27d2a81b86eb843,349,855e285c00ab0b966f865b3166f403e2660f8e70d22e513681021be110a45031
1132,ord_dataset-1ec2807f02fa4beda27d2a81b86eb843:ord-ea949b9a30ac4263a6d0c03d15c35dd5,ord_dataset-1ec2807f02fa4beda27d2a81b86eb843,604,230f9593f47abfa10a0af910a08a8eef40db834631bdd0233f6a0d31f67efbfc
1133,ord_dataset-1ec2807f02fa4beda27d2a81b86eb843:ord-eaca834556574a1f88b8536cf920264f,ord_dataset-1ec2807f02fa4beda27d2a81b86eb843,989,38501b12b91d2d6050dad38ced3afb40334ac41983ff25856b385095ab9cf6c3
1134,ord_dataset-1ec2807f02fa4beda27d2a81b86eb843:ord-eacc47e794634ecd93f8c86da8f53f16,ord_dataset-1ec2807f02fa4beda27d2a81b86eb843,87,8fc8013acd36ee4f6a3e78aafc5da3b90b922527f5e5f20e8487b0b7a82d607d
1135,ord_dataset-1ec2807f02fa4beda27d2a81b86eb843:ord-eaff95f505c040ce8f9a52a4935d1250,ord_dataset-1ec2807f02fa4beda27d2a81b86eb843,179,78ac19e3bd48f7e418b2be7d8ec3ec4a12fed454413ee3953ddeb9016c2984ac
1136,ord_dataset-1ec2807f02fa4beda27d2a81b86eb843:ord-eb35b43a81cb41549a18455d40a1a9f8,ord_dataset-1ec2807f02fa4beda27d2a81b86eb843,559,bf482d6044952d01cfc7a3f3ba25ff3b6ce9118fe6aa82939d88a08817f83027
1137,ord_dataset-1ec2807f02fa4beda27d2a81b86eb843:ord-ebd43050f8ff441eb2958e7b9a8bdc9e,ord_dataset-1ec2807f02fa4beda27d2a81b86eb843,333,f82a07885ea878e135ada002c7db6550cc913b745ecd62c2cb46d972b65a1640
1138,ord_dataset-1ec2807f02fa4beda27d2a81b86eb843:ord-ec01567883044a51a4d9ac5809c5acb1,ord_dataset-1ec2807f02fa4beda27d2a81b86eb843,2,70b4b378e2f0dee04a8f33690f84761495511c3e092247ae19549d8ae1eaba83
1139,ord_dataset-1ec2807f02fa4beda27d2a81b86eb843:ord-ec031d33f25b4eab85267605a0eb4e0a,ord_dataset-1ec2807f02fa4beda27d2a81b86eb843,271,a87b389b32792b38d8b1b9b6eb587ca91e9d1168b0b151bf276eba9b0c8cff17
1140,ord_dataset-1ec2807f02fa4beda27d2a81b86eb843:ord-ec64cb24fd384128ab5650c6a18176f2,ord_dataset-1ec2807f02fa4beda27d2a81b86eb843,222,3f64a6dab485085d3730ec4defa62574ac72aff81c596c634bd276a6fab60184
1141,ord_dataset-1ec2807f02fa4beda27d2a81b86eb843:ord-ec700bad78b54139b4a68c481f3aac56,ord_dataset-1ec2807f02fa4beda27d2a81b86eb843,255,695665f9b7f3d71fc1483372b5a021f7893f2cc53d75b3a854b17f1d382bcda5
1142,ord_dataset-1ec2807f02fa4beda27d2a81b86eb843:ord-ec7a8744b7c446f6a007706ad8209ea9,ord_dataset-1ec2807f02fa4beda27d2a81b86eb843,177,a0bda2afd5293a25a292627b3627c15aaa0057a1285f4fd3f18c6f110cbe30a7
1143,ord_dataset-1ec2807f02fa4beda27d2a81b86eb843:ord-ecd16983f9d04b378b8167265b0a5230,ord_dataset-1ec2807f02fa4beda27d2a81b86eb843,1050,b54ac6b246870e731e59145dc9ee8c933c2ce287e3d044e4127a4fe13d81e406
1144,ord_dataset-1ec2807f02fa4beda27d2a81b86eb843:ord-ed05644ff20245ddaf9a301a7ce0927f,ord_dataset-1ec2807f02fa4beda27d2a81b86eb843,1171,c46953a4aa6e53318cae055a5c298a833b1290dde99f531a668b61c1314fb90c
1145,ord_dataset-1ec2807f02fa4beda27d2a81b86eb843:ord-ed30f3acdcb143c882c14aed996e5f77,ord_dataset-1ec2807f02fa4beda27d2a81b86eb843,785,974789121ae0c809b23ec234e0e335650b4abb6251871b37c9d2e6e46efd362a
1146,ord_dataset-1ec2807f02fa4beda27d2a81b86eb843:ord-edb507d26a8041f7a47163735e707d51,ord_dataset-1ec2807f02fa4beda27d2a81b86eb843,591,5cdce30ca4e8b9a4b1044cd687c719e6317886cac48ba1dca6067983bfff59c0
1147,ord_dataset-1ec2807f02fa4beda27d2a81b86eb843:ord-edbb31791a404ca7999eaec7f1366ffc,ord_dataset-1ec2807f02fa4beda27d2a81b86eb843,741,c58d6c1e708e13470800d6e18c58c137e1e6fd5fc2a6f0bdd084a62a27969479
1148,ord_dataset-1ec2807f02fa4beda27d2a81b86eb843:ord-edfb59445eb04a72b996d4cef05d76e0,ord_dataset-1ec2807f02fa4beda27d2a81b86eb843,83,bbca990f9a8546715406f7798286824df9a4b48cda08ed89ea28af43dcb5be6b
1149,ord_dataset-1ec2807f02fa4beda27d2a81b86eb843:ord-ee01e6624b41478b965ffef19f91d579,ord_dataset-1ec2807f02fa4beda27d2a81b86eb843,829,a3cede56ecd6583213f2aa5203d09f8013dab486750c6dc0d04c0e3a98746091
1150,ord_dataset-1ec2807f02fa4beda27d2a81b86eb843:ord-ee331077d2b3422bbb26e5edb437e2b7,ord_dataset-1ec2807f02fa4beda27d2a81b86eb843,960,306bbb45fc8b9ee13902febf94cd556046d941fe33ce5c2158dbd21496176f72
1151,ord_dataset-1ec2807f02fa4beda27d2a81b86eb843:ord-ee7985f9e5de48588e3a94b2df50ce67,ord_dataset-1ec2807f02fa4beda27d2a81b86eb843,85,d78bed2cbaed0b146a736e60184b81ab79f8b4a69b3728c585374f7b90743998
1152,ord_dataset-1ec2807f02fa4beda27d2a81b86eb843:ord-ee934340d17f4ab1b0c55c71ec060346,ord_dataset-1ec2807f02fa4beda27d2a81b86eb843,1203,eedad27a973b2f5e1120ca522991f3642c18b76458bce94fe1a43787264173bd
1153,ord_dataset-1ec2807f02fa4beda27d2a81b86eb843:ord-ee995e01fe9e48be9cf99ef6b71d769e,ord_dataset-1ec2807f02fa4beda27d2a81b86eb843,978,90af1f24844ac194b1726dd365407f27c91a8f4b065e21641bdb85e13b32b506
1154,ord_dataset-1ec2807f02fa4beda27d2a81b86eb843:ord-ee9dfae0b8314baf8933f81929a7a6d3,ord_dataset-1ec2807f02fa4beda27d2a81b86eb843,827,ea02ead35954e932ae33ffa77e2bb2bfff6d565e6333dde828e892a245335ac7
1155,ord_dataset-1ec2807f02fa4beda27d2a81b86eb843:ord-eea8848a4f4c4b8d959ec51dfc499f68,ord_dataset-1ec2807f02fa4beda27d2a81b86eb843,158,a2e5a13aa1ae963219657fa9011c041ec3974a84763663d187432fe921edcd33
1156,ord_dataset-1ec2807f02fa4beda27d2a81b86eb843:ord-ef050988eac64b7bb073cb1cd26e33c9,ord_dataset-1ec2807f02fa4beda27d2a81b86eb843,1197,d41f6c02b0ff40789044f1f9c009c29462c73915be149db99ef233c0d7334f82
1157,ord_dataset-1ec2807f02fa4beda27d2a81b86eb843:ord-ef3452454ac748a3aa74e556de4f353b,ord_dataset-1ec2807f02fa4beda27d2a81b86eb843,1114,997533d2607e82a03325af6f11b6004129c635d408026ea9d317c8e526716b93
1158,ord_dataset-1ec2807f02fa4beda27d2a81b86eb843:ord-ef63d0fb8a51492b9ecf20a59d14b21c,ord_dataset-1ec2807f02fa4beda27d2a81b86eb843,494,d18403bd6f9b6ce6248604b752425ef11cd97fa9f2408dc608bba063995dd639
1159,ord_dataset-1ec2807f02fa4beda27d2a81b86eb843:ord-efc9dcc3f0ef4f8b805e893d1ee33bca,ord_dataset-1ec2807f02fa4beda27d2a81b86eb843,771,506c4bfa09efd6e0781c67828a7e88f1803f7c5195c5231210bbab9d6d1a5108
1160,ord_dataset-1ec2807f02fa4beda27d2a81b86eb843:ord-f0462578829849c49f2be88fe3cbf639,ord_dataset-1ec2807f02fa4beda27d2a81b86eb843,1131,909a5b394220b148380d38521c240fe25c19d6fcd7e3fce6543c7a07a646fc69
1161,ord_dataset-1ec2807f02fa4beda27d2a81b86eb843:ord-f0d627acd4434f0eb2d999b9b9ec2da8,ord_dataset-1ec2807f02fa4beda27d2a81b86eb843,113,cc6ec0c49d752e1bf923ac9ff4aaa725ac07fe8bd92c95e745f146f8bd0864b1
1162,ord_dataset-1ec2807f02fa4beda27d2a81b86eb843:ord-f0d92bdbe286457ca82d13155c27afa5,ord_dataset-1ec2807f02fa4beda27d2a81b86eb843,166,d1dcce1d5ea86e589a08f406340c3a75c6456085e98f1b2fe9008a3dd46cfbe2
1163,ord_dataset-1ec2807f02fa4beda27d2a81b86eb843:ord-f11010ecca944f04aed979f34a7d100d,ord_dataset-1ec2807f02fa4beda27d2a81b86eb843,1181,e4ef98bafc0841ce6ff6585136b1c1f90f6b2f32fbf1884654d4107be92d755f
1164,ord_dataset-1ec2807f02fa4beda27d2a81b86eb843:ord-f12a10a188f6486296507451b9082007,ord_dataset-1ec2807f02fa4beda27d2a81b86eb843,1042,5fa35325b45b8a7286f6afe40511de4122a6b6146248edebaff32eed431e234f
1165,ord_dataset-1ec2807f02fa4beda27d2a81b86eb843:ord-f15b7b44647f42ebbb2ce1b5c6621f8f,ord_dataset-1ec2807f02fa4beda27d2a81b86eb843,721,980ed5d2c4787324d18069be72744f84e5871d67579d722ac3e8ef4d51d276cc
1166,ord_dataset-1ec2807f02fa4beda27d2a81b86eb843:ord-f1629a045d434c279530d1a74a14ba8a,ord_dataset-1ec2807f02fa4beda27d2a81b86eb843,944,9c97c41607f92ef307ae058a3f877da4099f85ac4457ffca3aa3d754af01b00c
1167,ord_dataset-1ec2807f02fa4beda27d2a81b86eb843:ord-f168afeda5d043e882e3799fc1fc8605,ord_dataset-1ec2807f02fa4beda27d2a81b86eb843,248,5dd9adc108a29222e373aa74d589d30c8d1f9112771f57fbffe9a01ebee4cb2a
1168,ord_dataset-1ec2807f02fa4beda27d2a81b86eb843:ord-f1afca4684514cc99fa5da02ce0cf322,ord_dataset-1ec2807f02fa4beda27d2a81b86eb843,107,cafaaa61a6eccca58028a519ffe927c2d87ddbde61fa75b2b77f8f37c4572643
1169,ord_dataset-1ec2807f02fa4beda27d2a81b86eb843:ord-f1b28479702947119a9e9f90c50bbd48,ord_dataset-1ec2807f02fa4beda27d2a81b86eb843,429,4be271ddfdc9240c01b3a0736ab5c33b03072a76a701b13bbed364fa2a64cf20
1170,ord_dataset-1ec2807f02fa4beda27d2a81b86eb843:ord-f1cdad5ba2a542f09278ebffa2d78dad,ord_dataset-1ec2807f02fa4beda27d2a81b86eb843,239,5f17073b5a1fcf119a98a49d9ec97e0aad294fe94d417efb21b9b9a6278a8e8a
1171,ord_dataset-1ec2807f02fa4beda27d2a81b86eb843:ord-f2501dc6fc8b4fdd91551d659341088e,ord_dataset-1ec2807f02fa4beda27d2a81b86eb843,872,7e231ee4cbdaaab2bb5f8f5649b2d6aebe3be18feeeac112f439f68ddbbfa862
1172,ord_dataset-1ec2807f02fa4beda27d2a81b86eb843:ord-f26400fa5f374d809349884ce19cef28,ord_dataset-1ec2807f02fa4beda27d2a81b86eb843,346,a31f6150ed70ff464fccd3bcd271e99fc64b469038df7617d28c70e2173b8834
1173,ord_dataset-1ec2807f02fa4beda27d2a81b86eb843:ord-f2ab99548e6b4e85ac50c964b235bdb9,ord_dataset-1ec2807f02fa4beda27d2a81b86eb843,801,feb9b161797f101d3bb83bd3396c97a4f8e51b81e44f6679de4a532934ac1f18
1174,ord_dataset-1ec2807f02fa4beda27d2a81b86eb843:ord-f2e4f710be5e491ea3819017fb6259ca,ord_dataset-1ec2807f02fa4beda27d2a81b86eb843,56,1c86b3aed3f9545202d72acfd0720700f720091b808a8668aa4cdb99a3291901
1175,ord_dataset-1ec2807f02fa4beda27d2a81b86eb843:ord-f3141dbb67874b90b4ec6e6189f164f3,ord_dataset-1ec2807f02fa4beda27d2a81b86eb843,994,c92c701af1e3a68bb6de45b403ffc6c03d7be05b95cfa55790aadf30a9972a04
1176,ord_dataset-1ec2807f02fa4beda27d2a81b86eb843:ord-f388d474b64f4dee87a735736c31ec0c,ord_dataset-1ec2807f02fa4beda27d2a81b86eb843,259,dfb005ac638b4d0d0250ca6b196c0accf8cc364ee49206372072df866a69eada
1177,ord_dataset-1ec2807f02fa4beda27d2a81b86eb843:ord-f3991324a5a54c8ba447bed01ef7aa3d,ord_dataset-1ec2807f02fa4beda27d2a81b86eb843,65,963ceb21840371fde2e33fbbb8a2e1188f99af60f20fcd0185c763d4e957485d
1178,ord_dataset-1ec2807f02fa4beda27d2a81b86eb843:ord-f3d6abc988854bccb41759aa0f762e1e,ord_dataset-1ec2807f02fa4beda27d2a81b86eb843,862,1019a67aaad0a58b91d21b1aaaebb072df763421bc6befcac00712a258d2f0c9
1179,ord_dataset-1ec2807f02fa4beda27d2a81b86eb843:ord-f3dbc2a49bc34f2bb1491b7bface2675,ord_dataset-1ec2807f02fa4beda27d2a81b86eb843,998,9efcfceee27ea685fa7fa95a797b68b888149d11bb8e620f6c4aff85e7325c54
1180,ord_dataset-1ec2807f02fa4beda27d2a81b86eb843:ord-f42e90837b4842baa76d6f78cbf1be96,ord_dataset-1ec2807f02fa4beda27d2a81b86eb843,28,912146113b4a16cb0d64895a30130c7b029a051e54a4cb664f84ce00cf62e407
1181,ord_dataset-1ec2807f02fa4beda27d2a81b86eb843:ord-f479acf868c54806b678c4325603d66f,ord_dataset-1ec2807f02fa4beda27d2a81b86eb843,17,96931db7d3a61014a7934eeddaf850426031e1cec428fff94bbcaba70ab53291
1182,ord_dataset-1ec2807f02fa4beda27d2a81b86eb843:ord-f4a2fae113b340b1a15f91078d6cacf3,ord_dataset-1ec2807f02fa4beda27d2a81b86eb843,165,d2d3d4e3f62e00c755c6df12471daf1aefe583ed97bcf0cec59adfee8d6fed9a
1183,ord_dataset-1ec2807f02fa4beda27d2a81b86eb843:ord-f53a2dbb88634545a2f59ee9eeb646be,ord_dataset-1ec2807f02fa4beda27d2a81b86eb843,398,b5d36cb0c79d358e746541ad8f8983527688941fe34d257fcfe885752059dc02
1184,ord_dataset-1ec2807f02fa4beda27d2a81b86eb843:ord-f544635ac12a4b8ea3c2e8518951a895,ord_dataset-1ec2807f02fa4beda27d2a81b86eb843,1172,3f695733cb1008b8b8525b606346a2415d1e5c381dd4d3665c5f6a9220e99c07
1185,ord_dataset-1ec2807f02fa4beda27d2a81b86eb843:ord-f5616fa4bf3f40cbb360e0768a706a5a,ord_dataset-1ec2807f02fa4beda27d2a81b86eb843,125,bcae3ed0ec81d5aaec0636bcaa78c391fc735f0e19835a609699210649e6d242
1186,ord_dataset-1ec2807f02fa4beda27d2a81b86eb843:ord-f617e2c6d49d4504aaf0987475e7dfc9,ord_dataset-1ec2807f02fa4beda27d2a81b86eb843,702,d82c1a62dbef750f84bda3c7cc00ba9ca28f897839ddea68ecd7aa5693b649fe
1187,ord_dataset-1ec2807f02fa4beda27d2a81b86eb843:ord-f62a3120b74e444da447d50da923ca59,ord_dataset-1ec2807f02fa4beda27d2a81b86eb843,691,8ef192670daa82a4a15ba944bfdfc67212f860a2e6caa4a3d3f3b1f11c79ca8e
1188,ord_dataset-1ec2807f02fa4beda27d2a81b86eb843:ord-f69e6b71b14c4f5eab430d005410e259,ord_dataset-1ec2807f02fa4beda27d2a81b86eb843,332,3355a2e262dfd991bf4a136e3f28789fc6ef61aa6404f55a055ed61d6887655e
1189,ord_dataset-1ec2807f02fa4beda27d2a81b86eb843:ord-f6e0b8a86a0244658d005d7a54c919a9,ord_dataset-1ec2807f02fa4beda27d2a81b86eb843,622,1b797664ba51ed610c4268bcd6cd1bd31b7fb301e913bfcb06e0c140da57eb40
1190,ord_dataset-1ec2807f02fa4beda27d2a81b86eb843:ord-f730e7b898474d729057b48e16922150,ord_dataset-1ec2807f02fa4beda27d2a81b86eb843,455,3bd1af76fef4aa6e110a6401cd4611620eb8ac189fb85817cf25b14553ff2b96
1191,ord_dataset-1ec2807f02fa4beda27d2a81b86eb843:ord-f743155304854e3886d9fcb0ebe50ee8,ord_dataset-1ec2807f02fa4beda27d2a81b86eb843,687,23db8b8f2de96a63377496b128759d3bf4d0041c0477a38c6faf4e3df074d951
1192,ord_dataset-1ec2807f02fa4beda27d2a81b86eb843:ord-f77ec3aa845e44bba6744e922329cb42,ord_dataset-1ec2807f02fa4beda27d2a81b86eb843,473,6e7658e2abee2a5351a77248f6a5cbb4f5d17b95b95a99e1b63d6248305e07ff
1193,ord_dataset-1ec2807f02fa4beda27d2a81b86eb843:ord-f7fe86c3220243edaa48a31c9e9fdc95,ord_dataset-1ec2807f02fa4beda27d2a81b86eb843,1206,6fd8aec76ffd61bbcb094ab4a74b52d09a2ab0a822e480089a94db9bc564f5b6
1194,ord_dataset-1ec2807f02fa4beda27d2a81b86eb843:ord-f82f8f98a7dd47eaa4c802e8e8d3bdc0,ord_dataset-1ec2807f02fa4beda27d2a81b86eb843,640,0f03a451d7cd86666b2c6c7f060280b126c29d9d41768bd898f92e37fdb65c3b
1195,ord_dataset-1ec2807f02fa4beda27d2a81b86eb843:ord-f8adb622bc38421ca49b666e828f4490,ord_dataset-1ec2807f02fa4beda27d2a81b86eb843,990,40c433c2bf8c4031a15e1d4e94d2c54ddd7966e14a51112dcab2a0123ba7e222
1196,ord_dataset-1ec2807f02fa4beda27d2a81b86eb843:ord-f8b8049056144a5bafb445925cce63a7,ord_dataset-1ec2807f02fa4beda27d2a81b86eb843,148,acd7e5f1f16d1506b97da4712bda77d527a21812d05b34b850b846995034c713
1197,ord_dataset-1ec2807f02fa4beda27d2a81b86eb843:ord-f8c77d97c2f04899be8c162d64c1a435,ord_dataset-1ec2807f02fa4beda27d2a81b86eb843,50,579dbdda8ce2708b0e0ef862088beb88dc0a4450335a11c16b68f9aacc0d97c9
1198,ord_dataset-1ec2807f02fa4beda27d2a81b86eb843:ord-f9164445681f4103824de1dfb40e6b3f,ord_dataset-1ec2807f02fa4beda27d2a81b86eb843,21,6ad9365cccf4a17d6aa0d18102a0ec6d4882d982fec9d3a553f9c834a02fb2b3
1199,ord_dataset-1ec2807f02fa4beda27d2a81b86eb843:ord-f96467f566fb4110b26aa530734e0058,ord_dataset-1ec2807f02fa4beda27d2a81b86eb843,357,8cc8ae7c3995ea3e76f64d950799b6783066c13c95f67e77d78c48e893b1c172
1200,ord_dataset-1ec2807f02fa4beda27d2a81b86eb843:ord-f9b9eb4ed9f54d3d80dc4205cf95c407,ord_dataset-1ec2807f02fa4beda27d2a81b86eb843,594,e60be684d111bb765c424edff315921741b42e2ee9e7be6ef9c9bb98a774e3a0
1201,ord_dataset-1ec2807f02fa4beda27d2a81b86eb843:ord-f9ec0461fb0e4b1aacfb4f2512100123,ord_dataset-1ec2807f02fa4beda27d2a81b86eb843,697,5d11222a778ed0c19aadaadf74c558fbc162cb539442b14925c8f5f45810f5ba
1202,ord_dataset-1ec2807f02fa4beda27d2a81b86eb843:ord-f9f79026db264bd9b4bdc6b99cc7562e,ord_dataset-1ec2807f02fa4beda27d2a81b86eb843,577,5c76a682ce0a0959247d51d704c6f9b89aeb703fb25976c4dc01e07f6ed8b697
1203,ord_dataset-1ec2807f02fa4beda27d2a81b86eb843:ord-fa639c5b38954c3b8ff8216d2da3957c,ord_dataset-1ec2807f02fa4beda27d2a81b86eb843,1038,a5b5b6592bedbd4b848f6618c2b08b9df427f955195dfc94838fa0403bf8ede7
1204,ord_dataset-1ec2807f02fa4beda27d2a81b86eb843:ord-fa8300572d6445c48d5510b43d6f56d6,ord_dataset-1ec2807f02fa4beda27d2a81b86eb843,567,495c497c044763a8161b173a6d80d49e9127967446d2c553758eb86e5876945f
1205,ord_dataset-1ec2807f02fa4beda27d2a81b86eb843:ord-fac1b36283cd4c91aeed4a974c831a4d,ord_dataset-1ec2807f02fa4beda27d2a81b86eb843,724,066a59fc4c7366fd6e3558e4abfb2a8b9ddac42e54a1d3799e63d929dab8cc51
1206,ord_dataset-1ec2807f02fa4beda27d2a81b86eb843:ord-faf22e90f49b4aa7afd6e47b8ab20c7b,ord_dataset-1ec2807f02fa4beda27d2a81b86eb843,740,1f74920ebb290b9f4186a7c975a11c82c133ac0e3d5e4f38d05d2d48388a4322
1207,ord_dataset-1ec2807f02fa4beda27d2a81b86eb843:ord-fb12a770967f4886b1bacc673b1050db,ord_dataset-1ec2807f02fa4beda27d2a81b86eb843,491,43eef74525c2fd9a4041933f163c8dd4d85f15ac2206d9dfb91e1c543690f6f8
1208,ord_dataset-1ec2807f02fa4beda27d2a81b86eb843:ord-fb27df848059449cb96e40e4c66bb148,ord_dataset-1ec2807f02fa4beda27d2a81b86eb843,926,e0c75a32edbfce05e82e0949cc911d890e590c8b4190c34db518da506a060d76
1209,ord_dataset-1ec2807f02fa4beda27d2a81b86eb843:ord-fb7fb646d1cc472887cdd854b8b68212,ord_dataset-1ec2807f02fa4beda27d2a81b86eb843,953,2480b542accf035ff9d588b6ea247660a8e7b8df1de719abe61522c34a8309ee
1210,ord_dataset-1ec2807f02fa4beda27d2a81b86eb843:ord-fbb4d6031e8c46549f8f0cd1f9bf6a4f,ord_dataset-1ec2807f02fa4beda27d2a81b86eb843,520,2e45703089237970e60e987ff55e2072da282778873bd60579686e9c6ddd8d15
1211,ord_dataset-1ec2807f02fa4beda27d2a81b86eb843:ord-fbcf4cd4801b44878a72d79be35d17a6,ord_dataset-1ec2807f02fa4beda27d2a81b86eb843,442,7e989e6bc3dca0f336fda1c2caf5236bc82ad749bc4f94107ba5f5cc825ab08c
1212,ord_dataset-1ec2807f02fa4beda27d2a81b86eb843:ord-fc0a4683df4b42039e2c1a7d2660a70f,ord_dataset-1ec2807f02fa4beda27d2a81b86eb843,988,78a15952feb658668c86938e104fe7f0212edebf745c012e51559602fa1dcfb7
1213,ord_dataset-1ec2807f02fa4beda27d2a81b86eb843:ord-fc1ebadd7a7c4518b67d5e95e28bee1e,ord_dataset-1ec2807f02fa4beda27d2a81b86eb843,1130,dd7118f256343018c7f3938e5842349ffda39e0b4ac92716f7b8eda58d7af698
1214,ord_dataset-1ec2807f02fa4beda27d2a81b86eb843:ord-fc471637134b4035aa3caa1d07011724,ord_dataset-1ec2807f02fa4beda27d2a81b86eb843,713,85e6f45fe522c13bd3035836d7ad9272ffafdba5f6b4d629fc8a587d1bda2f32
1215,ord_dataset-1ec2807f02fa4beda27d2a81b86eb843:ord-fc6ba80a1db14c2bbad7fe5aa7f5b50a,ord_dataset-1ec2807f02fa4beda27d2a81b86eb843,53,990a01a1d7882da65cd49429962c1bf13796265240be81a85effb0a898348138
1216,ord_dataset-1ec2807f02fa4beda27d2a81b86eb843:ord-fca744b8cacc4d42848aaff3e3486f3f,ord_dataset-1ec2807f02fa4beda27d2a81b86eb843,1125,40b7038f87b371d193091da0ba5969841179ab4edf99e5d47a4b2eb5e6a72804
1217,ord_dataset-1ec2807f02fa4beda27d2a81b86eb843:ord-fcb6c6e4d9d340519c1d1f6af1fc9bfa,ord_dataset-1ec2807f02fa4beda27d2a81b86eb843,446,e038cbafd03cb848ea34484ee768c6015283e3b7dc7b0375b0a772753de52d53
1218,ord_dataset-1ec2807f02fa4beda27d2a81b86eb843:ord-fcc48135932d4ed8a9afa42e6b8b0ad5,ord_dataset-1ec2807f02fa4beda27d2a81b86eb843,766,24546395d7a0e45c7b92d2528e48772d2e1a474538c6d62bc19b42c2e9d53804
1219,ord_dataset-1ec2807f02fa4beda27d2a81b86eb843:ord-fcf74a60daa94dbf86988e94d8eeccc9,ord_dataset-1ec2807f02fa4beda27d2a81b86eb843,427,d15a3c1504620b2a10607e2b38dc878e4c6a30cc6c9dbbc998157aac9e2a273f
1220,ord_dataset-1ec2807f02fa4beda27d2a81b86eb843:ord-fd9f1a781ab34c8b93d70b6f8fe1feaf,ord_dataset-1ec2807f02fa4beda27d2a81b86eb843,986,33f68a53682ef8cac691d26dc0179be012ea50726c6f65544d9d8ad5840bbabb
1221,ord_dataset-1ec2807f02fa4beda27d2a81b86eb843:ord-fda656eaac804ec3aab53b81eeb9179a,ord_dataset-1ec2807f02fa4beda27d2a81b86eb843,164,1f79b462154372b50e1bf13ff43641af66a5ded28981849b9b65c484626f07c5
1222,ord_dataset-1ec2807f02fa4beda27d2a81b86eb843:ord-fe5571f52c3f43eea97d92d3326c7eb3,ord_dataset-1ec2807f02fa4beda27d2a81b86eb843,515,c3814567545554fb4891401d7459b2227b8bfb8376e2d9072c4f26391c7a5ca7
1223,ord_dataset-1ec2807f02fa4beda27d2a81b86eb843:ord-fe8c46e54a074f44b114663469628d37,ord_dataset-1ec2807f02fa4beda27d2a81b86eb843,253,abc23b3b7ee565b2cec160e3f1f86e2a5c88a6397384e9375f0360a8db367d25
1224,ord_dataset-1ec2807f02fa4beda27d2a81b86eb843:ord-fec01cbf2c244a37989cbee432b78ec6,ord_dataset-1ec2807f02fa4beda27d2a81b86eb843,611,bcc3303de41073002e10c14012e1948f3ae428b666900bffbd230724ab3b19d6
1225,ord_dataset-1ec2807f02fa4beda27d2a81b86eb843:ord-feee0a877576489c894fb7624fe17003,ord_dataset-1ec2807f02fa4beda27d2a81b86eb843,280,ff69c35a02e321b19875ff4edd4b24b5119630965cb8140f8411307deb3270f6
1226,ord_dataset-1ec2807f02fa4beda27d2a81b86eb843:ord-fefbd37af7ca4ef98d7c206d43612c86,ord_dataset-1ec2807f02fa4beda27d2a81b86eb843,1084,dc452d201255845c18024866c3e62d751134090bcee36ba1e9127d6848f2acdd
1227,ord_dataset-1ec2807f02fa4beda27d2a81b86eb843:ord-ffd26ed9e30d482995cecf4e6923bfd1,ord_dataset-1ec2807f02fa4beda27d2a81b86eb843,519,0a41f5704d04faef4b7515fa4a623101a15c0ac1e8a0a1338d15cbc43448611d
1228,ord_dataset-1ec2807f02fa4beda27d2a81b86eb843:ord-ffec2ebdd954411eae46747c1e3aed4e,ord_dataset-1ec2807f02fa4beda27d2a81b86eb843,1106,cdb4b0fc8db4512cc9f38fdf927cdab1d35c4f914d7b3a6633e8ff39400ef49d
