csv_row_number,reaction_key,physical_dataset_id,source_row_index,label_decision_id
2,ord_dataset-ac78456835404910b3a4c840248b6ac9:ord-0030a2ee8cdf4eeb83fc26deb17ddc19,ord_dataset-ac78456835404910b3a4c840248b6ac9,70,6f44688f66d79a63e09a7b341fd964ea3aa2f4a047dd1ab13074bce8793fcae7
3,ord_dataset-ac78456835404910b3a4c840248b6ac9:ord-007f7b131021474291247a47279271ee,ord_dataset-ac78456835404910b3a4c840248b6ac9,889,adbbff4ca45e0fd578fe15a87fad32fb8f1663efb152e6e9989b40fba700fc06
4,ord_dataset-ac78456835404910b3a4c840248b6ac9:ord-00a77a2d0dec46b58fd7586684612c24,ord_dataset-ac78456835404910b3a4c840248b6ac9,743,8b260dee2655a0bd24e72d24fc0d0350d2b1f9eb362ca3597e6eb3713a392951
5,ord_dataset-ac78456835404910b3a4c840248b6ac9:ord-00aaa4ddafd242959f1ac5e579a27fd3,ord_dataset-ac78456835404910b3a4c840248b6ac9,1690,e8f3c285b7a12ca056ee409e24a9ef123c65f6ab5cbd0b872a0279bdc4e7c220
6,ord_dataset-ac78456835404910b3a4c840248b6ac9:ord-00c7a8cad7dd497883c5044c87dd60db,ord_dataset-ac78456835404910b3a4c840248b6ac9,426,91b5e22a7abad6d664fd7ae196c5e80743b41e0591530d37c239b6ce08478b63
7,ord_dataset-ac78456835404910b3a4c840248b6ac9:ord-01025556cacb40ccb5e7aaf7f053942b,ord_dataset-ac78456835404910b3a4c840248b6ac9,1557,6fc3c1b9b9bcc9a425a2cfaa1b92b7622ed5d21f890727eb95c6052958448738
8,ord_dataset-ac78456835404910b3a4c840248b6ac9:ord-01164c7a506941a78a67166052f74f48,ord_dataset-ac78456835404910b3a4c840248b6ac9,1224,7cb0efecafb761bff12d60c17783793a37439c008feade0d2eb0e6df3b340967
9,ord_dataset-ac78456835404910b3a4c840248b6ac9:ord-01218e2b94284f348e32d98ea5e5d6a0,ord_dataset-ac78456835404910b3a4c840248b6ac9,294,1f3175921c97976c39c390ff7e53830aaba5791459c2983413a4c876ae226d2d
10,ord_dataset-ac78456835404910b3a4c840248b6ac9:ord-012d44f000454f7aa9c906814bbb3933,ord_dataset-ac78456835404910b3a4c840248b6ac9,913,d32a3073de8e9732cf2b87cfa8842c6d8e5e984d30c8b2f1d9595fa7907f334c
11,ord_dataset-ac78456835404910b3a4c840248b6ac9:ord-013d50305b364a6bb78de8f5df7d74a9,ord_dataset-ac78456835404910b3a4c840248b6ac9,92,1a2d6fdae049015d313e7b86fbd09060941a466fd7b47d483211e0c43c09f016
12,ord_dataset-ac78456835404910b3a4c840248b6ac9:ord-015a210578d945d6a44166450eb1e7e5,ord_dataset-ac78456835404910b3a4c840248b6ac9,745,2b917b39c243de922db2c71dfe101754424ba64365405549d0517cf169f185f5
13,ord_dataset-ac78456835404910b3a4c840248b6ac9:ord-0163472509044d2680e1f57700aad8f3,ord_dataset-ac78456835404910b3a4c840248b6ac9,1241,9a85e230044679f5e51ea2cd2259cbf0b4581eb196721a12cddbdaa04ebd3730
14,ord_dataset-ac78456835404910b3a4c840248b6ac9:ord-016ad2d36ea0411085d5b2c3ed2b8451,ord_dataset-ac78456835404910b3a4c840248b6ac9,143,861d699ae8bc885667f9a3b85bb81839af5c050c585c3f05397923057c47fc6b
15,ord_dataset-ac78456835404910b3a4c840248b6ac9:ord-01d67b2ae39b460ba0b89e0a4be092a1,ord_dataset-ac78456835404910b3a4c840248b6ac9,547,cfe17abe82132448390603cb96e139ef5305e9cfeae4df36ab5b32c8d5482d37
16,ord_dataset-ac78456835404910b3a4c840248b6ac9:ord-01e1dc6fe20f4cf8942da96e325a64d0,ord_dataset-ac78456835404910b3a4c840248b6ac9,1356,c5d1e5e9da4c451669546fbbf16adbe4e9b60c5e48203a06c9b0237abd6d7491
17,ord_dataset-ac78456835404910b3a4c840248b6ac9:ord-01e5709850334e3b81eac24782f66a35,ord_dataset-ac78456835404910b3a4c840248b6ac9,927,000e8e5f2bce4879dbc6fa4dc8f83a72f495cf8bfb5a851782c912426ae70795
18,ord_dataset-ac78456835404910b3a4c840248b6ac9:ord-020080752f0c42a8b37f4b437694fcc9,ord_dataset-ac78456835404910b3a4c840248b6ac9,1682,69900b761db9fba8eadf79c382e55d080f2fb4609c726240d98143c4fd9b9c9c
19,ord_dataset-ac78456835404910b3a4c840248b6ac9:ord-023d36b46de4448fa81e2a8ce976a807,ord_dataset-ac78456835404910b3a4c840248b6ac9,534,8646f98f8dd406b7bcc9e0d398e74c04654bd69e446dd0b0a3a027a808c6fc03
20,ord_dataset-ac78456835404910b3a4c840248b6ac9:ord-03192fe91ce14472b3ca0a25ebebc9fb,ord_dataset-ac78456835404910b3a4c840248b6ac9,775,5b3e381aca2332600d2d92098c852b0ceedba663aa118d074af0e7eb00e3c95c
21,ord_dataset-ac78456835404910b3a4c840248b6ac9:ord-03369db0eee4401a8081a1586ae5c0b2,ord_dataset-ac78456835404910b3a4c840248b6ac9,839,1d04ff4b18894291454de7361ba5c843cf19a4694886edea0e63ad4937f064d2
22,ord_dataset-ac78456835404910b3a4c840248b6ac9:ord-03440f9bb4814d87a0c4c0b086ecf6cb,ord_dataset-ac78456835404910b3a4c840248b6ac9,306,5ca25b9029366067b9afe878dcf4fdf8db117a2abb8de9ba505e5e9693203c63
23,ord_dataset-ac78456835404910b3a4c840248b6ac9:ord-036991e2b9ac4f2e9d2e6ee95c8033ca,ord_dataset-ac78456835404910b3a4c840248b6ac9,871,36bf8f0b23016b95d4ed8009f2a79b2c50ce9e9535ceb43360c7f07f6abe4e6d
24,ord_dataset-ac78456835404910b3a4c840248b6ac9:ord-0376c4f362d64e9b9b59ee044df2603b,ord_dataset-ac78456835404910b3a4c840248b6ac9,443,fc98181ca465f4fd8744f659e0ed63d8c988ca308e03630a334d28672076820f
25,ord_dataset-ac78456835404910b3a4c840248b6ac9:ord-03baad1391b6415bbb274f928b17b4e6,ord_dataset-ac78456835404910b3a4c840248b6ac9,335,b534e254015e8873e9dee17081aed75bc75fd49f1477c16f189568630f8c2ed5
26,ord_dataset-ac78456835404910b3a4c840248b6ac9:ord-03cdb34a04ae4555a0d38910b85acb57,ord_dataset-ac78456835404910b3a4c840248b6ac9,709,272b41b9445a0d97e25cd9d8ef208f9c31ef19cc49a3bd5ef3780136359f5cf2
27,ord_dataset-ac78456835404910b3a4c840248b6ac9:ord-03d0c5c56ad54aeeba1470bf5bf1e54a,ord_dataset-ac78456835404910b3a4c840248b6ac9,62,041bbc16ca7b122e6492317312f20818a0b3aa335f29c314dbe4e2e6c2fdcacf
28,ord_dataset-ac78456835404910b3a4c840248b6ac9:ord-03e973f1617248c4a460ac77df3e64ea,ord_dataset-ac78456835404910b3a4c840248b6ac9,1286,25b1708c4d0725ac73ac893a9cb4526e8c4e314821758bc09f42056093fd66c0
29,ord_dataset-ac78456835404910b3a4c840248b6ac9:ord-03ff093c5cea4b0398e6ef2e6d5874c3,ord_dataset-ac78456835404910b3a4c840248b6ac9,1060,461a4f026f63bdf8db2fefbdccba1dc20014432b06a47a97fa6ca092db6659d1
30,ord_dataset-ac78456835404910b3a4c840248b6ac9:ord-0414a66213cb43d08c247d6c1bd9fb3d,ord_dataset-ac78456835404910b3a4c840248b6ac9,1118,b67e3cc1d59c256e829147bb73656f600b47f32f08cf9d333430d50ab891b814
31,ord_dataset-ac78456835404910b3a4c840248b6ac9:ord-043425dd171a4e269f5c79b9a18799a1,ord_dataset-ac78456835404910b3a4c840248b6ac9,1342,6a1e33d275cdc0f6031085b4fbccc6db2c6ba6f99b29171133e2fbaa0d893eae
32,ord_dataset-ac78456835404910b3a4c840248b6ac9:ord-044257e6c71b449d8314496d354724d2,ord_dataset-ac78456835404910b3a4c840248b6ac9,1548,dea2ccf2002960e453536d9cec956d2b7ec6408b78dff0dfd5a910ea0860eeaa
33,ord_dataset-ac78456835404910b3a4c840248b6ac9:ord-04a2d38c19994d06b34566e9c3877a9b,ord_dataset-ac78456835404910b3a4c840248b6ac9,1589,e6b8c4e5e3663c24449ac85ce1174b5c77c9b97ea942729c97dcff45af8182d7
34,ord_dataset-ac78456835404910b3a4c840248b6ac9:ord-04d645ace0d242c8a7c54a0c7aa49577,ord_dataset-ac78456835404910b3a4c840248b6ac9,1090,db0284fe2baed7ac02ad7adf571ddc075f802edb92e47f0f9f1575091e797fe0
35,ord_dataset-ac78456835404910b3a4c840248b6ac9:ord-04dde9e1ab9a4edf80a73422bb28a1bc,ord_dataset-ac78456835404910b3a4c840248b6ac9,168,2be18ddd42976a32754232684a2fd726005d2c5f4ff68acdad5ea96760534d8d
36,ord_dataset-ac78456835404910b3a4c840248b6ac9:ord-052b833de20b411eb46a675ca214d41a,ord_dataset-ac78456835404910b3a4c840248b6ac9,26,bb381f58154f60b9b2434a55a2749f30a99e1616063081a61f576aed37016739
37,ord_dataset-ac78456835404910b3a4c840248b6ac9:ord-05737ce8bc874f08a19c2a7e2dfbad1d,ord_dataset-ac78456835404910b3a4c840248b6ac9,999,8b9d9f7b8d3063926a8e32f7aec0c6ee9dfd6f13e846b0d49059025047962730
38,ord_dataset-ac78456835404910b3a4c840248b6ac9:ord-05fca3cc1c5e4d418679a203e78bdd81,ord_dataset-ac78456835404910b3a4c840248b6ac9,844,98ecdf4c5c25b3e29ea586a35946bca48b2e66c733296eb3be7891aba8cdaddc
39,ord_dataset-ac78456835404910b3a4c840248b6ac9:ord-064252ac83024853b7757eaba0810c04,ord_dataset-ac78456835404910b3a4c840248b6ac9,222,ba75ce9e1d589b0f0a0f3995b4299b7a6812e853220dee62d4a956b7568bbd9d
40,ord_dataset-ac78456835404910b3a4c840248b6ac9:ord-0646960f48d94f3c81b3de3ee5866eae,ord_dataset-ac78456835404910b3a4c840248b6ac9,699,6bf2da3237264155842462315a63b4df454fc9474f8151f7083a9132ea23dc12
41,ord_dataset-ac78456835404910b3a4c840248b6ac9:ord-066f6880f3d94f12848c847aa07d965b,ord_dataset-ac78456835404910b3a4c840248b6ac9,1368,6e328afc775ecf57636190cbfea8c1f6c89a652d2966ae189e3b1bef8153e484
42,ord_dataset-ac78456835404910b3a4c840248b6ac9:ord-06e7d93d7ca94035a034ff1249da5425,ord_dataset-ac78456835404910b3a4c840248b6ac9,417,89bac48a85e19618dd0301f5caa2daff8e00fa9be4a03d9434a6350ed2f76581
43,ord_dataset-ac78456835404910b3a4c840248b6ac9:ord-0703d7a9f3c24cd98ccfeb159840ae40,ord_dataset-ac78456835404910b3a4c840248b6ac9,1547,da71c14a8db16c0aae75b35b1c99cbbcc7a7f3d8138286990bf7991ed0300e91
44,ord_dataset-ac78456835404910b3a4c840248b6ac9:ord-076ffdd2aee64eb193bb116c442cf812,ord_dataset-ac78456835404910b3a4c840248b6ac9,1229,cd85abd30b2e9ac7b1d5a9b0762b11c4524a34884f413a930cd13d0f01a17665
45,ord_dataset-ac78456835404910b3a4c840248b6ac9:ord-07778417c4754bcdbd2f1a4405029631,ord_dataset-ac78456835404910b3a4c840248b6ac9,1317,aacc43198f63f186413519d66727d375d9114291d3388a557a84cbe223095833
46,ord_dataset-ac78456835404910b3a4c840248b6ac9:ord-079aeb137d464057b34831ca1b38fbbb,ord_dataset-ac78456835404910b3a4c840248b6ac9,537,cb50a49a844b6b3b8dc8c14071d9c5414b0c49a7cc270d1918ee85b05ca20a0c
47,ord_dataset-ac78456835404910b3a4c840248b6ac9:ord-07a87ada52b04f81a5759463cd5c8c98,ord_dataset-ac78456835404910b3a4c840248b6ac9,1460,ea87e9e25c057520ec25d3b42fc2ee955b2ee400ccbcbe1da449c3e32224acd0
48,ord_dataset-ac78456835404910b3a4c840248b6ac9:ord-07b33a4727ab462ea115b16258037173,ord_dataset-ac78456835404910b3a4c840248b6ac9,1411,9ae78a00bc31a91f4a63c00cef1f02b0965ac2ebef49555cbf097923892d2ffc
49,ord_dataset-ac78456835404910b3a4c840248b6ac9:ord-07c0ac1ffede4f0ea205d0cacd7e56d2,ord_dataset-ac78456835404910b3a4c840248b6ac9,1480,6405f90a1518de87e3be2f2968fdeaf97386fab467064ff32e436dda6191c2fa
50,ord_dataset-ac78456835404910b3a4c840248b6ac9:ord-07d4b81dad484e57a1b42fb75454ff09,ord_dataset-ac78456835404910b3a4c840248b6ac9,904,96104b5d60a58f78ee6d378dfdce8f2dd9ea24995288efd80caee774fb21c198
51,ord_dataset-ac78456835404910b3a4c840248b6ac9:ord-07e678a6443f4dcfa3015c7dd08babc2,ord_dataset-ac78456835404910b3a4c840248b6ac9,1005,641f2bc367fae89e77ddf4202d72b15265d680734d36dddbf6a64a580ffa1df9
52,ord_dataset-ac78456835404910b3a4c840248b6ac9:ord-07ea5d3e169b458592517a3ff8558adc,ord_dataset-ac78456835404910b3a4c840248b6ac9,305,c6fa4924c37539aafd01cc16c5fb83b38353fc12a4433dc59bb29108e41549fa
53,ord_dataset-ac78456835404910b3a4c840248b6ac9:ord-07ee795ec2b04b29a578bc4d4e94c847,ord_dataset-ac78456835404910b3a4c840248b6ac9,1081,41881add43db475475832b28eb10c10b3dc63f97628361cf10af761213065f71
54,ord_dataset-ac78456835404910b3a4c840248b6ac9:ord-0812d78ce774451da9820991371f0337,ord_dataset-ac78456835404910b3a4c840248b6ac9,1070,7ff9c74c5ea3cee50b7a96c8573b7a3b8911ebebfa135aadb05ddecd20df0e6d
55,ord_dataset-ac78456835404910b3a4c840248b6ac9:ord-08736de5c2284be1b2028d4ed428941d,ord_dataset-ac78456835404910b3a4c840248b6ac9,898,4a198c60a8e39da26893ae8987c86fb7e24822dfb9b855e4b8ffead98ed429a7
56,ord_dataset-ac78456835404910b3a4c840248b6ac9:ord-0889567ca046461b8d29111b1eac1a92,ord_dataset-ac78456835404910b3a4c840248b6ac9,1641,d48e61956f48876cf8b2291a0747562fc7199eda5279d2b7914336c0e5cb3912
57,ord_dataset-ac78456835404910b3a4c840248b6ac9:ord-089316c51543476883c82c82f7268b08,ord_dataset-ac78456835404910b3a4c840248b6ac9,1421,a986eb10d6618c4281d4d00311d347998fa772a2844b3659c30e2fcc4495e2c4
58,ord_dataset-ac78456835404910b3a4c840248b6ac9:ord-08c807335e6d4d7691771936b8c3e60c,ord_dataset-ac78456835404910b3a4c840248b6ac9,894,9f76a770f2e518d0f56128a0d80c6e765e9c40751c480103975b55d7a384e1e1
59,ord_dataset-ac78456835404910b3a4c840248b6ac9:ord-08ce5bff79f94fb6b8b5bd87a2fd7140,ord_dataset-ac78456835404910b3a4c840248b6ac9,392,f7d9fdcfc1ff46ebd4d6dce123410db8c9cdc96905d9412cce706a510ce32b50
60,ord_dataset-ac78456835404910b3a4c840248b6ac9:ord-08e831f8150247998974a763c9180e28,ord_dataset-ac78456835404910b3a4c840248b6ac9,769,ee0615e6dc14edc77381e19d0eb60f11e2f1e2da9e2c8cd50049f023f8410342
61,ord_dataset-ac78456835404910b3a4c840248b6ac9:ord-090b4b84718b49bdaefd636adee1f462,ord_dataset-ac78456835404910b3a4c840248b6ac9,124,0197f7dd4386c978814246468ee1a1b53a1ba5c9f3962d7dfdaa6ae8d84781ab
62,ord_dataset-ac78456835404910b3a4c840248b6ac9:ord-091d0c3fb08c480faf0590b9ae6efe42,ord_dataset-ac78456835404910b3a4c840248b6ac9,322,614e5ecf039c0280e48f04aa3ded5abb13b1e37e9cbe013c1370ee64d7103f71
63,ord_dataset-ac78456835404910b3a4c840248b6ac9:ord-092c1afd304c443093c63a5c45295d02,ord_dataset-ac78456835404910b3a4c840248b6ac9,466,03154ec9c291c3c7166cccdc7f5f35e1636f999f6a5bf8313e2fe9db49f569c4
64,ord_dataset-ac78456835404910b3a4c840248b6ac9:ord-0933019cbe1a4ce9852e20ed9d414d9e,ord_dataset-ac78456835404910b3a4c840248b6ac9,803,e13c657ca3f976d148c1ab9a77f585d649eacf531a1c5f2d502f9b622c3134f3
65,ord_dataset-ac78456835404910b3a4c840248b6ac9:ord-0946a58158994a98984ed8552fa9238d,ord_dataset-ac78456835404910b3a4c840248b6ac9,1508,87c257c00ca5bdd4eef17b703ec141f27dcc87e21cb4fdf45600a9449a8c8d2e
66,ord_dataset-ac78456835404910b3a4c840248b6ac9:ord-0997fb44ea1d47d0ac1ecce14a5f974e,ord_dataset-ac78456835404910b3a4c840248b6ac9,1601,85efbe5c237513fbbacff9459132cca290ce18fbee13c8024df50334211afb44
67,ord_dataset-ac78456835404910b3a4c840248b6ac9:ord-09a9fd3b12464e7a8c84fb769a308506,ord_dataset-ac78456835404910b3a4c840248b6ac9,302,bab5bf2203dffb5e208d21082eab4e61c1bfe5eaea05171e0180476f572b6e14
68,ord_dataset-ac78456835404910b3a4c840248b6ac9:ord-09c141c4b3f244bb87cf93bfa5ea2c7a,ord_dataset-ac78456835404910b3a4c840248b6ac9,1009,2a94f18ce5ccfc5f3183c39b7ab4961538f46d2d52aed79b7e23be0be5e31382
69,ord_dataset-ac78456835404910b3a4c840248b6ac9:ord-0a0b0fad13d041529ed5427e774407ec,ord_dataset-ac78456835404910b3a4c840248b6ac9,683,2a1900e3cad737344053557d5be7dbb407b08ddcdf4520599bc125f5d268185a
70,ord_dataset-ac78456835404910b3a4c840248b6ac9:ord-0a504a4162a840ce84beaf725f124098,ord_dataset-ac78456835404910b3a4c840248b6ac9,469,a67d1d6a9353066f151949eb505ce2bf0f447ac5ccc5c8d11536ff8734299ebf
71,ord_dataset-ac78456835404910b3a4c840248b6ac9:ord-0a541f9f5d2547808ae36a06e2fcef98,ord_dataset-ac78456835404910b3a4c840248b6ac9,838,913588890715bc04c9082d1223f783513c2e1910b827cb4d10ef84e113dfa29c
72,ord_dataset-ac78456835404910b3a4c840248b6ac9:ord-0a6e30d304b34896825e5a417ea8fa7b,ord_dataset-ac78456835404910b3a4c840248b6ac9,1290,70db9bcfd965d6df779f09f064abb0488a6bdb0a0a2d496cb62c84745e3f122d
73,ord_dataset-ac78456835404910b3a4c840248b6ac9:ord-0a76540b0a364ab3829224b641326203,ord_dataset-ac78456835404910b3a4c840248b6ac9,747,4e382c9bb8c39590d475be7dfff9d4149f4b22bfd8dc288b8a58fcaf1026d4fe
74,ord_dataset-ac78456835404910b3a4c840248b6ac9:ord-0a8e77e15b8c44b7b4ff2bfa72d9d6a7,ord_dataset-ac78456835404910b3a4c840248b6ac9,404,f2f6f8e626d4d132d118feb95b3ef39bb9fdcab2bf411bebc9af0ee7caa1cd5b
75,ord_dataset-ac78456835404910b3a4c840248b6ac9:ord-0a906847cbdf4b86918953349cb6b5b6,ord_dataset-ac78456835404910b3a4c840248b6ac9,104,78824b3d48690e1c98d1efe151bad96dd9fc1a8ee761b66ec0fbc30276418e9f
76,ord_dataset-ac78456835404910b3a4c840248b6ac9:ord-0ac6246ebf044098a34235e790187fd4,ord_dataset-ac78456835404910b3a4c840248b6ac9,298,8e5977d6c8634fe6552f004ba49a0b52bd35a76e93438173d86464101704e938
77,ord_dataset-ac78456835404910b3a4c840248b6ac9:ord-0ae24d881e8a497f897d6437e2fc01fb,ord_dataset-ac78456835404910b3a4c840248b6ac9,68,6ef7a8936f5bcd099c42d788433cef8b94fc95f93f78d648fcf0557f6b43857b
78,ord_dataset-ac78456835404910b3a4c840248b6ac9:ord-0b0595e3d575493cab3a4245f60c78d4,ord_dataset-ac78456835404910b3a4c840248b6ac9,364,7e83b31da587df01821c418b56f1b2fcfb2a38d1d4083734bf543ef15949b811
79,ord_dataset-ac78456835404910b3a4c840248b6ac9:ord-0b3dbed1825d499fb21555aa5ac8ae23,ord_dataset-ac78456835404910b3a4c840248b6ac9,1197,0f7327f0a1a8414719cc3fded097305818fa9f3321ada0bfdc11c7068fa45181
80,ord_dataset-ac78456835404910b3a4c840248b6ac9:ord-0b4782c95b5047f8815c5605dcd85c68,ord_dataset-ac78456835404910b3a4c840248b6ac9,575,92f88b51f10b41799b6c19967fc86409ae48d269b0aa696b021b266a12a30946
81,ord_dataset-ac78456835404910b3a4c840248b6ac9:ord-0b68360a08dd4ca8b6462c9cce872e1f,ord_dataset-ac78456835404910b3a4c840248b6ac9,673,6625d8c2401a7fcd751f56702a7c62f0c9acf557de13711935fbe552192d4676
82,ord_dataset-ac78456835404910b3a4c840248b6ac9:ord-0b798c987e324a9c976d6f0d14cd83da,ord_dataset-ac78456835404910b3a4c840248b6ac9,63,75312fcc25fbe71254d468857d06ab9a8f219af7d3c0d6fc3beefb9f85f8bd14
83,ord_dataset-ac78456835404910b3a4c840248b6ac9:ord-0b92276e0994497db90eadfbe14df7a8,ord_dataset-ac78456835404910b3a4c840248b6ac9,395,834ee4071d7575073e4e5421a7af482de5ef534fba440c0f2921b3f671326e35
84,ord_dataset-ac78456835404910b3a4c840248b6ac9:ord-0b9504367f504f9085a712bcad707996,ord_dataset-ac78456835404910b3a4c840248b6ac9,1474,7680e0760c87bd643c00cece5e3237fa8d0810a07412c2753c118faf82b191a3
85,ord_dataset-ac78456835404910b3a4c840248b6ac9:ord-0bf0161d588241c4b238cab4a630d7ab,ord_dataset-ac78456835404910b3a4c840248b6ac9,1044,e2e18402b7b030b41bc0e1331b91e6935f2c3bc5afec0a3c6679cde9ad617da2
86,ord_dataset-ac78456835404910b3a4c840248b6ac9:ord-0c04dd4138fe4c6ab90a426a4e86b96f,ord_dataset-ac78456835404910b3a4c840248b6ac9,1486,de79019bbb50df1163aa3bdb010bfe1154d8417da143d4d60fdd781e21028bdd
87,ord_dataset-ac78456835404910b3a4c840248b6ac9:ord-0c5417187fbe4e288d3b73929d11a272,ord_dataset-ac78456835404910b3a4c840248b6ac9,499,7807a7e8b28d7a6669410b6d93773ffafd09d4b9190ef2e4e64cf864b141b102
88,ord_dataset-ac78456835404910b3a4c840248b6ac9:ord-0c94494a3cce45aa9c6b437cb3414f90,ord_dataset-ac78456835404910b3a4c840248b6ac9,376,1171d8ccc8a65d01388df610846584b4fcba224162a94a3c1a4b9c7e2db4059f
89,ord_dataset-ac78456835404910b3a4c840248b6ac9:ord-0caa3a102a7146a1b9a85770adf2e945,ord_dataset-ac78456835404910b3a4c840248b6ac9,1591,e5ab5b34db9693ae6d3d97faf30cecd90ce95c71ba0ca9bcde391fa0753251a6
90,ord_dataset-ac78456835404910b3a4c840248b6ac9:ord-0d128534cd4e43b6aa6f9ae0f4071440,ord_dataset-ac78456835404910b3a4c840248b6ac9,963,1062b4595501e8b4069bb32a9b46793e697a0fc1c82326cb5f98882b8b9c91ed
91,ord_dataset-ac78456835404910b3a4c840248b6ac9:ord-0d3d1a21ea3a41508a4704952d210bd2,ord_dataset-ac78456835404910b3a4c840248b6ac9,456,4db9fa0492df770ad2cd2a89484492f9b357ede39f96aabf273103751d2b3374
92,ord_dataset-ac78456835404910b3a4c840248b6ac9:ord-0d6001b304d04d5093fe0b71c304c863,ord_dataset-ac78456835404910b3a4c840248b6ac9,1198,c362e721e003069f2a0d0e1ea4e90fa33f17e9b79024786da6bb150ca866e542
93,ord_dataset-ac78456835404910b3a4c840248b6ac9:ord-0d83e0bb010e4b66a888ff2148cd3baa,ord_dataset-ac78456835404910b3a4c840248b6ac9,746,aec1ee4624ec84a6e0ad11091d877bf78b41814255dc180e16a784b1b9e432d3
94,ord_dataset-ac78456835404910b3a4c840248b6ac9:ord-0d86f215b21b405e91b7e4db8e4c80dc,ord_dataset-ac78456835404910b3a4c840248b6ac9,1343,897d6e9816839691fcf1bb71c0ca838eff6d4197ab0d31c130837f566d4c4e58
95,ord_dataset-ac78456835404910b3a4c840248b6ac9:ord-0d8c50f671b64df1bcc4e73bbb6bb1c8,ord_dataset-ac78456835404910b3a4c840248b6ac9,119,f27f5e110267dca864e3ca9b5216462ed617cca9a47d80592d9c2c62d2043561
96,ord_dataset-ac78456835404910b3a4c840248b6ac9:ord-0d928d01e1504ca5a525dbc9709d3a4e,ord_dataset-ac78456835404910b3a4c840248b6ac9,1588,1344b06d7b0d30af907dd320bc6cc85f4f56dac790261a432d4d8af807a90d11
97,ord_dataset-ac78456835404910b3a4c840248b6ac9:ord-0d9f5299a93f45b1ae458e37e6d6e5c5,ord_dataset-ac78456835404910b3a4c840248b6ac9,295,cbdcbcb3365a679e212e6b78401931c10626e61077abee3db4412d43af9602ec
98,ord_dataset-ac78456835404910b3a4c840248b6ac9:ord-0dbab6ba25d94a849ab3336dc3e3807d,ord_dataset-ac78456835404910b3a4c840248b6ac9,30,1f714dee9d9f476e9cc2fc0fdc13d6189a3989269332fc1bce30542aeca365ac
99,ord_dataset-ac78456835404910b3a4c840248b6ac9:ord-0dfe6f4b522d4f9b9a0aeb6c70647434,ord_dataset-ac78456835404910b3a4c840248b6ac9,1455,7616f84153b5d0a2787e100369181f51c208b6b08b67d2fe12a74d6247208b3f
100,ord_dataset-ac78456835404910b3a4c840248b6ac9:ord-0e311c5757154ee48920add5ff3a3764,ord_dataset-ac78456835404910b3a4c840248b6ac9,1102,34de8f7f2e2a44f6de8c4b12d8256dab59884b3a8e46aea0ea72e2e63608ae53
101,ord_dataset-ac78456835404910b3a4c840248b6ac9:ord-0e3935a88c5f4ed8a1784197c1f2f722,ord_dataset-ac78456835404910b3a4c840248b6ac9,347,efb8ad91144eb7619d79a69b351f3e7e982983f8d1ba3b092bad5b70c6a3242f
102,ord_dataset-ac78456835404910b3a4c840248b6ac9:ord-0e568a1e9ae14e8892e66b60f4378b06,ord_dataset-ac78456835404910b3a4c840248b6ac9,1717,7bac681e3576649102d25fc0687b6b023de5d5d00985ea3bae8409fee4576ca7
103,ord_dataset-ac78456835404910b3a4c840248b6ac9:ord-0e72940b354b4db8b483ec2b2aa37928,ord_dataset-ac78456835404910b3a4c840248b6ac9,1687,9607d911fa042fa400f31d9a5fb67d1cf7ddaae95bb8110b93dd3d78a866d7cc
104,ord_dataset-ac78456835404910b3a4c840248b6ac9:ord-0eb136f91fdd4df2b3c02c3a9fcb5081,ord_dataset-ac78456835404910b3a4c840248b6ac9,872,211de3b8f81839965af75f3e9c0b3256da0eba47f65d7fed73371dbb27e6b018
105,ord_dataset-ac78456835404910b3a4c840248b6ac9:ord-0ec0ac9faabf4aeaba63f939766a5ef2,ord_dataset-ac78456835404910b3a4c840248b6ac9,1688,aef89f48cdde00a25ae8c6ddb6b7dd201b121580263d4165afaeead28919daf1
106,ord_dataset-ac78456835404910b3a4c840248b6ac9:ord-0ed4834fb542423685fad224d22744bf,ord_dataset-ac78456835404910b3a4c840248b6ac9,102,db0ffae9548aadbed70c4a2da94bad2b71a53dd1256026477b33a543ac670f7a
107,ord_dataset-ac78456835404910b3a4c840248b6ac9:ord-0f0e735a91834479bd969b1cf2c2340d,ord_dataset-ac78456835404910b3a4c840248b6ac9,1335,169231b3c48191324943adf730214d71b624d85df300412f8774b527580207ba
108,ord_dataset-ac78456835404910b3a4c840248b6ac9:ord-0f6148fbd2d846f3be8b93580d743ee9,ord_dataset-ac78456835404910b3a4c840248b6ac9,567,4bcfa1d5002d95d8e695e52b0dcd138dba5516395a9c89a0fb8a28dc53f8ff1c
109,ord_dataset-ac78456835404910b3a4c840248b6ac9:ord-0f7882e2b8c34bd5b00c8e367b6db6fa,ord_dataset-ac78456835404910b3a4c840248b6ac9,640,41fb50a701a9edbb2faf8566f9d261e3d0c6e9978eb0e5d77a43847a51805273
110,ord_dataset-ac78456835404910b3a4c840248b6ac9:ord-0fd1432e65854040a4728d5db8c57a0c,ord_dataset-ac78456835404910b3a4c840248b6ac9,1174,e3702c297271730e799893cd6062bd91eca1e561ab304d0372499668669dac44
111,ord_dataset-ac78456835404910b3a4c840248b6ac9:ord-0ff58d15f1ad4e8f8e6a509725d8517d,ord_dataset-ac78456835404910b3a4c840248b6ac9,307,e52796679f0915fdffc89776957a1a79bed8b51355635811912189399f9101a0
112,ord_dataset-ac78456835404910b3a4c840248b6ac9:ord-0ff764e1ad8b449abfd4dc037e3e8042,ord_dataset-ac78456835404910b3a4c840248b6ac9,548,7b133a2bb9525fb4f26e7cfc5549ad74bd9ea6902e59f109fbabe5c028d458c2
113,ord_dataset-ac78456835404910b3a4c840248b6ac9:ord-101062271f1c4137aae2a858776c789c,ord_dataset-ac78456835404910b3a4c840248b6ac9,589,5738f55b812d10d965b62589d26c553f3005b14d9900ff21b73d6e76ad4b9835
114,ord_dataset-ac78456835404910b3a4c840248b6ac9:ord-10162b56e66c418faf77a6d70f603b50,ord_dataset-ac78456835404910b3a4c840248b6ac9,888,6fda533a7681626f6f779648af62f7939b4cb2b15822ed042c25a88c29393449
115,ord_dataset-ac78456835404910b3a4c840248b6ac9:ord-1022a8509b14444a88cef70f0752892d,ord_dataset-ac78456835404910b3a4c840248b6ac9,655,9eb44289825c0e359dbb836c86f1f6dd86fe2bf8d819ee044f96bc7caeb7ff5b
116,ord_dataset-ac78456835404910b3a4c840248b6ac9:ord-1023b6fd01a145f38dbd5086916159ab,ord_dataset-ac78456835404910b3a4c840248b6ac9,1505,c42b36b38a948cb589df02b1181be808558e7af6a131a40215182f6c83ea3a47
117,ord_dataset-ac78456835404910b3a4c840248b6ac9:ord-1096575bcc49496ca2420f4740651a0b,ord_dataset-ac78456835404910b3a4c840248b6ac9,27,3ad16166eed85d5a99a5c863aa13f350883709232beb4e90d56835cf24db3871
118,ord_dataset-ac78456835404910b3a4c840248b6ac9:ord-10ac4155c6074446be38aef5be251f9e,ord_dataset-ac78456835404910b3a4c840248b6ac9,685,b635b86f2236d9dd59c3fff5574f5eab321dc79e17ddd037974acca10ba95b7c
119,ord_dataset-ac78456835404910b3a4c840248b6ac9:ord-10cdf76efc32450dabe0cea06c6323df,ord_dataset-ac78456835404910b3a4c840248b6ac9,507,af2cd6836061f81a2444c589d7810291e7d98d3b8d351699ae1a039ef35af36c
120,ord_dataset-ac78456835404910b3a4c840248b6ac9:ord-10f20e0b7d0b4662849dc5f3cc27d0ef,ord_dataset-ac78456835404910b3a4c840248b6ac9,174,685c0ff182bf6148ef1f4d911cd6b6429b22b3a5138b8267a6c805a86928bdd9
121,ord_dataset-ac78456835404910b3a4c840248b6ac9:ord-10f62cb14b2c402c8e2d9be1139cf031,ord_dataset-ac78456835404910b3a4c840248b6ac9,155,658bb3214a05ebce3352aec503503f0127bb64b8e866625760d7b24d453331b0
122,ord_dataset-ac78456835404910b3a4c840248b6ac9:ord-11243e7e3c72472482db660ee35887f3,ord_dataset-ac78456835404910b3a4c840248b6ac9,457,899c392c2c0b679d948a8117770c8510d92b18617aeb3eee8ae6b5349c167bc3
123,ord_dataset-ac78456835404910b3a4c840248b6ac9:ord-1137be2e5c2541489ec1de56e2594b7a,ord_dataset-ac78456835404910b3a4c840248b6ac9,649,5a9aa66b036293ce51888b8ef2f7e0f7b600959f5b2a38371728eb5fa73bc759
124,ord_dataset-ac78456835404910b3a4c840248b6ac9:ord-115b067bcd7c45709fd1b24ccba8bdd3,ord_dataset-ac78456835404910b3a4c840248b6ac9,1116,56c5002ca5e151cbf28accb484ea6691e4f24930d28017a6f2c62f7dce16a5b6
125,ord_dataset-ac78456835404910b3a4c840248b6ac9:ord-115ebcbd2ac0445a915ba9bd40f052da,ord_dataset-ac78456835404910b3a4c840248b6ac9,1689,c329629703c6e927b2fdde5f3f3f05208c0c38bae7789adba083b712c593100a
126,ord_dataset-ac78456835404910b3a4c840248b6ac9:ord-11660f3492bc4a298ced0d56eb935257,ord_dataset-ac78456835404910b3a4c840248b6ac9,943,665eeb741c910f2972c03facfbedeec93f32e20b44ad88fc9c77a463d657e7ea
127,ord_dataset-ac78456835404910b3a4c840248b6ac9:ord-116f3cf1941d4b528616ae22512e5dd6,ord_dataset-ac78456835404910b3a4c840248b6ac9,503,d51601001ef28651501dd71e1e8fe55429fb205f7b4f9346bdce3081a08139b0
128,ord_dataset-ac78456835404910b3a4c840248b6ac9:ord-11785299cd4547f492f98ce8c63e024f,ord_dataset-ac78456835404910b3a4c840248b6ac9,1665,cff4a3e13f48b7b6bdaf2ff1720e9ef87f41c711b3a64cee760def7d9742452a
129,ord_dataset-ac78456835404910b3a4c840248b6ac9:ord-11846282030f4a229757e2a2d4e54048,ord_dataset-ac78456835404910b3a4c840248b6ac9,1322,eedb48036bb6ddfaf1889c7211e8ba7672f51d1754d71454359bece9a71f72cc
130,ord_dataset-ac78456835404910b3a4c840248b6ac9:ord-1196b7ecec124ed1b7de9b59f5c674af,ord_dataset-ac78456835404910b3a4c840248b6ac9,829,629f3b4f3a2cef87f1ddff4cd39a4b45994a8c26ff5b801b54a332e6b4656f27
131,ord_dataset-ac78456835404910b3a4c840248b6ac9:ord-11afaf34bb024e23aed2c83de3a18f35,ord_dataset-ac78456835404910b3a4c840248b6ac9,513,1eb97fae24bec7ce95b05209e7929a87975dd56f0aa1bd0602cbf9a3fc83b172
132,ord_dataset-ac78456835404910b3a4c840248b6ac9:ord-11cf0ba1bd4648cb807d3303b9f2752c,ord_dataset-ac78456835404910b3a4c840248b6ac9,786,c955c68193dc898d71a7a947f07330c5883ded5e4a3b14099c85d1a7b25c41d0
133,ord_dataset-ac78456835404910b3a4c840248b6ac9:ord-11d217510bc648598281b6b7ff671382,ord_dataset-ac78456835404910b3a4c840248b6ac9,86,2490d0288e59bab88c25c5bf86d0ab955e95d13ec2edb749d1f195e17fc7aed9
134,ord_dataset-ac78456835404910b3a4c840248b6ac9:ord-11eef66caec94436adc7a35d10c18558,ord_dataset-ac78456835404910b3a4c840248b6ac9,1434,f8a77bcd187b9d391421a0510b5fb68f6b04e7a89f5bd36c0daf8444ae2d4132
135,ord_dataset-ac78456835404910b3a4c840248b6ac9:ord-11fe2578ed4d4cc3807ae83b28341ff5,ord_dataset-ac78456835404910b3a4c840248b6ac9,659,21fb41537e285b2388c3c34c17492102ce96a8d7138aba415a4acb55c63f500d
136,ord_dataset-ac78456835404910b3a4c840248b6ac9:ord-1209f5c8298848c7a7e63cc807d0ebaf,ord_dataset-ac78456835404910b3a4c840248b6ac9,1276,48d9a8b9e061f2fd9af648dabf76b24baaee928b3cf2893ea138d4d2637c9d7e
137,ord_dataset-ac78456835404910b3a4c840248b6ac9:ord-121ceca89600462ba8854bce3dd72c43,ord_dataset-ac78456835404910b3a4c840248b6ac9,1084,55e2cc6db001adfcc6e39eecccc979175bd43b84fcf3152a191b9de18a087e3d
138,ord_dataset-ac78456835404910b3a4c840248b6ac9:ord-1235dcc0d75c4b1fa7b99b961fc50b1c,ord_dataset-ac78456835404910b3a4c840248b6ac9,131,63c26cc95a413efc98bf36675c5a29ed6d8e19552b3e41dc2450236d76499047
139,ord_dataset-ac78456835404910b3a4c840248b6ac9:ord-123e40e312aa4e0aaddcad08ea63ac13,ord_dataset-ac78456835404910b3a4c840248b6ac9,1202,7a03306efec9a58acfe428dd92a2ad6e91079e13c9a98b36f2933b626070a631
140,ord_dataset-ac78456835404910b3a4c840248b6ac9:ord-12446b1766464310a2220820fe95fce0,ord_dataset-ac78456835404910b3a4c840248b6ac9,414,bcc77bc7b6798ae67b6db4035dc9cf6d36071a931ba624460746b829de641171
141,ord_dataset-ac78456835404910b3a4c840248b6ac9:ord-124ca8eff2624e1893d346a8f28d557f,ord_dataset-ac78456835404910b3a4c840248b6ac9,656,da612b69bc2e19f0caf2af3b8e8cdc6123bacd765779b445bc9b69c17f2c8361
142,ord_dataset-ac78456835404910b3a4c840248b6ac9:ord-125102b2f6b74c8f82730b52b660c89e,ord_dataset-ac78456835404910b3a4c840248b6ac9,1153,cdafe37219988cf60204e704402f0edf51448784bdc5a4c55ea5c4a38fc81b4c
143,ord_dataset-ac78456835404910b3a4c840248b6ac9:ord-126ccfe299044165940b3da218c3a2fb,ord_dataset-ac78456835404910b3a4c840248b6ac9,1271,75d48f9bf45214d206757e39ec9d241136511d11312ded3b28f9a22f1474109a
144,ord_dataset-ac78456835404910b3a4c840248b6ac9:ord-12ac1c7f488645779b0ad9c27a3f2585,ord_dataset-ac78456835404910b3a4c840248b6ac9,1629,6a3c5a8c484e98e8c19dc2f19184533fb5e83d9cb75d9cdf1fbe3c5e074eeb09
145,ord_dataset-ac78456835404910b3a4c840248b6ac9:ord-12b6638b46d94a3b9eb9756e63508459,ord_dataset-ac78456835404910b3a4c840248b6ac9,1461,4ce607b4c202726e336d4a2b9e11a6b24c632289e6c91a8e6dc268ca4373521e
146,ord_dataset-ac78456835404910b3a4c840248b6ac9:ord-12c2d75ab00547a69f10ccadd4ee7f70,ord_dataset-ac78456835404910b3a4c840248b6ac9,491,e6c7dce997f980f149f58101062e4a375ca062fe62ff6f70c812cd1397c90a34
147,ord_dataset-ac78456835404910b3a4c840248b6ac9:ord-12df28b79ff747f387b8e6879fb9f4e1,ord_dataset-ac78456835404910b3a4c840248b6ac9,661,08cfd93649414cdbade56b37520bd444fd4052fe507c31f19244c6e27084f002
148,ord_dataset-ac78456835404910b3a4c840248b6ac9:ord-12e3f7ee48dc44e689d937567b9896cc,ord_dataset-ac78456835404910b3a4c840248b6ac9,502,8dda1703826e0fca8830fc25121b2f80207285e0a5acb1d47a1e4b9ce9d3fc84
149,ord_dataset-ac78456835404910b3a4c840248b6ac9:ord-12e956cdb4b24d26a9a36fcbcf620a46,ord_dataset-ac78456835404910b3a4c840248b6ac9,1353,19afff849a5433f0a99004e4e9ac25e0db125ea1b1b3dbe82a50d9fcadacd28e
150,ord_dataset-ac78456835404910b3a4c840248b6ac9:ord-12fc1a41e9e44c4b8b10996029782f91,ord_dataset-ac78456835404910b3a4c840248b6ac9,141,1e48443f4e8347870089e9876f611563739f9e2ba964fc9d7e14543bacdd5f98
151,ord_dataset-ac78456835404910b3a4c840248b6ac9:ord-132c96763432455bb85cf4f5034051d7,ord_dataset-ac78456835404910b3a4c840248b6ac9,165,fc58a64590f8a5da0785730b765a29fa75a0aa3e171f7b15c9e3efa9bf7d5544
152,ord_dataset-ac78456835404910b3a4c840248b6ac9:ord-135ecc2d29364c9bb056936ef66f6c3a,ord_dataset-ac78456835404910b3a4c840248b6ac9,87,bd9bbbe38f5a45e954366a592ec310fec669be8d59f34ccd27565f845c41a3aa
153,ord_dataset-ac78456835404910b3a4c840248b6ac9:ord-13846703718e464fa691d91a9dd48b9c,ord_dataset-ac78456835404910b3a4c840248b6ac9,317,de56eb12a2b38bdd7752331a8fc4e4f0db08bee3f1bb9cd5dc87fc3bbac67121
154,ord_dataset-ac78456835404910b3a4c840248b6ac9:ord-13d955e6a7f943c4b916a0d8353bd1a4,ord_dataset-ac78456835404910b3a4c840248b6ac9,546,69553e167b03eac041837fab7d798cad456783ed44af6e841bdcb5899df518c9
155,ord_dataset-ac78456835404910b3a4c840248b6ac9:ord-13e2b9579e944239a67cde4153f84529,ord_dataset-ac78456835404910b3a4c840248b6ac9,1610,bdbc7483937c3e8d9f6f3e90c709e79acaf4e4ee1462585a558397fbc7438c10
156,ord_dataset-ac78456835404910b3a4c840248b6ac9:ord-13f1818b96234fef92c70fd1c14d12c4,ord_dataset-ac78456835404910b3a4c840248b6ac9,166,c78f972c7f7666bae8dc1e968a59326ba6a6b8243c5f974a5e72c72f5eb395eb
157,ord_dataset-ac78456835404910b3a4c840248b6ac9:ord-1410818bd3664bcd9b27030f671ada0d,ord_dataset-ac78456835404910b3a4c840248b6ac9,1612,52bc1bdb13dbd293c9cdbd5bf9aa411a2c7341ebe0bfaa2d58a6d1395faa7375
158,ord_dataset-ac78456835404910b3a4c840248b6ac9:ord-146a9233582945b18ba9d128229b25e6,ord_dataset-ac78456835404910b3a4c840248b6ac9,473,5d9ec427b01069318f57f09dba42e1e508e909a8da6eb7934c794746272f31e8
159,ord_dataset-ac78456835404910b3a4c840248b6ac9:ord-147701e5961d4b4f8fe3e32757dccad6,ord_dataset-ac78456835404910b3a4c840248b6ac9,1544,2eab1a7b736354c4ae908595ad036ae8a7d948b35daec303fa8803d23793794a
160,ord_dataset-ac78456835404910b3a4c840248b6ac9:ord-148acf3b74ec4e4d9741604bde8367f1,ord_dataset-ac78456835404910b3a4c840248b6ac9,828,b218ea44314cd0e6a1704bde36081aaf8980569c5d663ad53d2e6de66f414b12
161,ord_dataset-ac78456835404910b3a4c840248b6ac9:ord-14afde4498634335876f3a2cb3e4c251,ord_dataset-ac78456835404910b3a4c840248b6ac9,1678,c6a4059c50d88dcea2e8f61a090e2cc1dd4d3c449eb37750958e3a4df943c66b
162,ord_dataset-ac78456835404910b3a4c840248b6ac9:ord-14ce1e78557641f0b5deae1bf4e0da7a,ord_dataset-ac78456835404910b3a4c840248b6ac9,703,311c9773160e1771ff0f596828ed1cb1b3e8793cac14416b40ab8e1150c4391b
163,ord_dataset-ac78456835404910b3a4c840248b6ac9:ord-151440fdcda24799aeb24510fc34bf03,ord_dataset-ac78456835404910b3a4c840248b6ac9,1654,4a077b718aab44257ccf16da5d80bc198d15f9cb4e899b2d96d2d139f7f4010b
164,ord_dataset-ac78456835404910b3a4c840248b6ac9:ord-15149a3b37bb41c2bf2b921aff3cffc4,ord_dataset-ac78456835404910b3a4c840248b6ac9,1032,d47f19797a2cdc2d109c39a06a519b463c65cc1b9a9a6bb6a5ce237e7cd6b7b7
165,ord_dataset-ac78456835404910b3a4c840248b6ac9:ord-15401d9b4d8b4bebb49373fd34c141f3,ord_dataset-ac78456835404910b3a4c840248b6ac9,897,7f36576f197f09131b654200054da742f6c27b6aea336235dfbd2d307705bae2
166,ord_dataset-ac78456835404910b3a4c840248b6ac9:ord-1569f7893063464282a291de0cdc494e,ord_dataset-ac78456835404910b3a4c840248b6ac9,582,ccaf7a7bc5dd04c10342b07fc7868f63e5d9a281444bdff30927247bd79e945c
167,ord_dataset-ac78456835404910b3a4c840248b6ac9:ord-15851875fb6e4ff8b246805b109908f6,ord_dataset-ac78456835404910b3a4c840248b6ac9,814,ea7aead897a771107803aeb6bb5856ff9c81bfcd81d49a07010aa5759ea8bba4
168,ord_dataset-ac78456835404910b3a4c840248b6ac9:ord-159f8929aca04d018ce088a212aa17b0,ord_dataset-ac78456835404910b3a4c840248b6ac9,942,dc79b7a53c58ec5731130237c2ffa1c5e4fe76da3e604329cb78452ccc4c3f27
169,ord_dataset-ac78456835404910b3a4c840248b6ac9:ord-15c3e16aeefb4875b9cd3dfc09948357,ord_dataset-ac78456835404910b3a4c840248b6ac9,83,de0af1f7a1c16052bb441f833e5ac7ad437004fad36f96b46c2fc5ad48342cf7
170,ord_dataset-ac78456835404910b3a4c840248b6ac9:ord-161634e5490646cb82cad8f0111636ba,ord_dataset-ac78456835404910b3a4c840248b6ac9,759,fe8c202682598bd7e6f36e2a0055bb1d14224313e12aeb8d4c30feef6442a84c
171,ord_dataset-ac78456835404910b3a4c840248b6ac9:ord-163cda2da9af4a49bd17d7e9619bd973,ord_dataset-ac78456835404910b3a4c840248b6ac9,149,a35e5eb20f39e1e9bedf8c1d695c1de393a18128640a0f957111d9aeb9cfb794
172,ord_dataset-ac78456835404910b3a4c840248b6ac9:ord-163fc1b24afb48568573f69e5c212168,ord_dataset-ac78456835404910b3a4c840248b6ac9,363,eadd7a9becf123bf379c81ea3a563a671399564c22c8a242ff41ee3b0b877ca9
173,ord_dataset-ac78456835404910b3a4c840248b6ac9:ord-1645f8e2385245db9d32762720a2c9c8,ord_dataset-ac78456835404910b3a4c840248b6ac9,1423,d63dfc38fc3a9e951fafda89bd12f26e212f5eb658ba6a631734fb13f999acef
174,ord_dataset-ac78456835404910b3a4c840248b6ac9:ord-16524728427f45f1bf70b660266ddc0f,ord_dataset-ac78456835404910b3a4c840248b6ac9,1482,a1ecd76a2a6e7d737ecec004a0174d8408d0dbc16e4069278bd20d269142c808
175,ord_dataset-ac78456835404910b3a4c840248b6ac9:ord-168c5f28326b492191df604ff65e3d41,ord_dataset-ac78456835404910b3a4c840248b6ac9,780,c4c7ddb4b4d9bd4bc71327774b6512e6a09b8e5ba38e3550864cc99e2647ef10
176,ord_dataset-ac78456835404910b3a4c840248b6ac9:ord-1719c52673f14904bf68979519adc298,ord_dataset-ac78456835404910b3a4c840248b6ac9,595,3e36c5b62d40cfc5b11f45fb66a8af1e6578eb08db218854bebd51f2cef722c1
177,ord_dataset-ac78456835404910b3a4c840248b6ac9:ord-172041cde9334cada76a8394ce554acd,ord_dataset-ac78456835404910b3a4c840248b6ac9,669,e0222fbffc2fae5c7486760a4fed4eb7d037b1a4a7969ee35133bb0fe335a290
178,ord_dataset-ac78456835404910b3a4c840248b6ac9:ord-1720edce73ff4332b14cccba0a47c478,ord_dataset-ac78456835404910b3a4c840248b6ac9,223,4bf50e3df1b8ed62381458945664456880a1666c3af3585d0debf9811ee264d2
179,ord_dataset-ac78456835404910b3a4c840248b6ac9:ord-1722486c17f147f8a79b43f540467b7d,ord_dataset-ac78456835404910b3a4c840248b6ac9,275,60a740e67204028b0ec71099a84807844ba1fa23f5b2e829f3e28ef3715a5f5a
180,ord_dataset-ac78456835404910b3a4c840248b6ac9:ord-17411c3c698e490ba11f2b680e147f8d,ord_dataset-ac78456835404910b3a4c840248b6ac9,1160,2b324e2937c8c437fb9944c8822f2cd1ae6e9c0cd8b3d1ea1f7d2ff965d81609
181,ord_dataset-ac78456835404910b3a4c840248b6ac9:ord-17802a0092a14a3fbcea71e6cb47d550,ord_dataset-ac78456835404910b3a4c840248b6ac9,852,1c201e2d5ea0ce9f6176fb10f5316246fda2c5547c6354f629d67b2f9ee35826
182,ord_dataset-ac78456835404910b3a4c840248b6ac9:ord-1785f6bf8bc146959a98b59f462c988e,ord_dataset-ac78456835404910b3a4c840248b6ac9,279,e448fefabe10775d64eda59bb4506e5bcb99a1f62250969ec5fcaeb8241a9568
183,ord_dataset-ac78456835404910b3a4c840248b6ac9:ord-178cf37a32014f378796191249944c78,ord_dataset-ac78456835404910b3a4c840248b6ac9,173,7e9c084d873cd2c86f74fc9db602742d6f463f2553c018600031d974f27774e6
184,ord_dataset-ac78456835404910b3a4c840248b6ac9:ord-17a22c43e0b54f0ea01cc73ad0a8fb14,ord_dataset-ac78456835404910b3a4c840248b6ac9,715,e2217dc96c936b16a69464f5a156efa6ba213ec07cc9cdf51e53123398f4959b
185,ord_dataset-ac78456835404910b3a4c840248b6ac9:ord-17afa5f6b3bb44b79de54bae1aa6d5b4,ord_dataset-ac78456835404910b3a4c840248b6ac9,1184,c3a1b156e0cc43ec61e3effa883cb963edd0badefaca0e5f9cecf295e9542e0a
186,ord_dataset-ac78456835404910b3a4c840248b6ac9:ord-17f49c28f36143dbb83432533b6d2935,ord_dataset-ac78456835404910b3a4c840248b6ac9,1596,a239746545c12f6a5bb1ec8843d615be818a2155bdcc09ae18f5ce6568b91f27
187,ord_dataset-ac78456835404910b3a4c840248b6ac9:ord-18106ccf37e34bb5ac87af5b1a789c9c,ord_dataset-ac78456835404910b3a4c840248b6ac9,1076,2ff35f495974d63da6337b1d0cbab70e9a3774e6cf818ac8c804310b9db7c66d
188,ord_dataset-ac78456835404910b3a4c840248b6ac9:ord-18177dc04aa141dfb28b66ac24cdc8ce,ord_dataset-ac78456835404910b3a4c840248b6ac9,1659,82cecef7e02df6918a4d2245a2659572d4f840d80d103a09f528f00f50564e52
189,ord_dataset-ac78456835404910b3a4c840248b6ac9:ord-18773a79ac444510bb8f877f1343c1f9,ord_dataset-ac78456835404910b3a4c840248b6ac9,380,264253dafdb2707442d0fd52b2af7ac7dd0383422e9ccff0417e8c6d1a5aaf26
190,ord_dataset-ac78456835404910b3a4c840248b6ac9:ord-18b259838ca244aeb8b52bc722a0c4ed,ord_dataset-ac78456835404910b3a4c840248b6ac9,244,45c843cbb4908f1cb1ab01085e72448be09c0a332552823370396eecf8eed90f
191,ord_dataset-ac78456835404910b3a4c840248b6ac9:ord-18bb445e2b1b4bafb219a74161828c7b,ord_dataset-ac78456835404910b3a4c840248b6ac9,410,4f30924bbea39d029d87504ec344d3603349a346994fb7f89b95631e52a30538
192,ord_dataset-ac78456835404910b3a4c840248b6ac9:ord-1906f3f014ad499da1fbe1dca9579310,ord_dataset-ac78456835404910b3a4c840248b6ac9,1154,158dbe76a256cbc50d283a6c6185767911dd9c000cc5d2e24d4310c5b17da3aa
193,ord_dataset-ac78456835404910b3a4c840248b6ac9:ord-192d811b5fa046bf8f4c5ee36ca6d65d,ord_dataset-ac78456835404910b3a4c840248b6ac9,671,b76e8688b43ff838aa4bf60c75c5dbf3a6e18312b61de58d60fc6b2783381448
194,ord_dataset-ac78456835404910b3a4c840248b6ac9:ord-1964d3983ce747f4a2cb570eeecc320a,ord_dataset-ac78456835404910b3a4c840248b6ac9,1011,9ded24883145732cf62042a64dec67599b03e139da68a0b085d720fb13239ae5
195,ord_dataset-ac78456835404910b3a4c840248b6ac9:ord-199ee1a4370b48a98759b21c34a12ef2,ord_dataset-ac78456835404910b3a4c840248b6ac9,1036,2f0f0570dfd49db6b1d81b1b9d5c7106718eb7198656c942ad7c59d0185ce6ab
196,ord_dataset-ac78456835404910b3a4c840248b6ac9:ord-19c7f08e50ee41d0abcb246063193a04,ord_dataset-ac78456835404910b3a4c840248b6ac9,150,a4fcbd18b61aa5d245420a088adb46989252476767a758d1981d6d6038afa56e
197,ord_dataset-ac78456835404910b3a4c840248b6ac9:ord-1a8c7d1e0c19496797b7d0b154c2c350,ord_dataset-ac78456835404910b3a4c840248b6ac9,692,164740c16d4766f22c9831243c9d91a0d2e2e658d275fa0bd0c6615a3a06c4db
198,ord_dataset-ac78456835404910b3a4c840248b6ac9:ord-1a8ed944cc5c4e5584eb25c1cb743737,ord_dataset-ac78456835404910b3a4c840248b6ac9,1638,e1bbd95d8a0b6e82b2dcdbe6500427953cd752543b923d1c8ad9a3341c45eb52
199,ord_dataset-ac78456835404910b3a4c840248b6ac9:ord-1ab43692eab349258944b53e59e0fc57,ord_dataset-ac78456835404910b3a4c840248b6ac9,600,99b40b2cbbcc8ba83edd844b3fc9813e96c01ab77961833006cb3fe239c96f7f
200,ord_dataset-ac78456835404910b3a4c840248b6ac9:ord-1ab92901ca3e47b8a8e0c9d108d71066,ord_dataset-ac78456835404910b3a4c840248b6ac9,351,eb8b22f0f650927864a6600e7112a90fe40914cbe17830394cfe8202b48c602d
201,ord_dataset-ac78456835404910b3a4c840248b6ac9:ord-1afcb4a6a50e435c98ee2b368230cb3c,ord_dataset-ac78456835404910b3a4c840248b6ac9,604,4e74a9e4cfeebcd6d8041407cfbb60dd06c38cb9dd13bdf76d841ef77575aa9b
202,ord_dataset-ac78456835404910b3a4c840248b6ac9:ord-1b04060918264b0998370861c48849aa,ord_dataset-ac78456835404910b3a4c840248b6ac9,1274,eb671ed98163b9ae936cf55f197452d4aec01e6fd635c00e41e343c61f25c2bf
203,ord_dataset-ac78456835404910b3a4c840248b6ac9:ord-1b0c2b559b4e4edf993917b02f612560,ord_dataset-ac78456835404910b3a4c840248b6ac9,1207,f18be5fa301e3f625d07e8db423beb4b5c2d8c0b278d19dfe87857484074a78a
204,ord_dataset-ac78456835404910b3a4c840248b6ac9:ord-1b468a486ab54e56bedc11e516868749,ord_dataset-ac78456835404910b3a4c840248b6ac9,982,7d5c38a1870b6daf88a7fcd83df8db79621d4fc61e615125277e02856263f8f0
205,ord_dataset-ac78456835404910b3a4c840248b6ac9:ord-1b74326091484fb7aa668c51448c2222,ord_dataset-ac78456835404910b3a4c840248b6ac9,1024,b41dcd2d6034715db8dbcca6559ffbc44735e7ffed6c8da1861bc1ad2aed4569
206,ord_dataset-ac78456835404910b3a4c840248b6ac9:ord-1b94e851fae14ad49a31f9d76a20db3f,ord_dataset-ac78456835404910b3a4c840248b6ac9,1341,153b51172ec36a5b892eeb58b82c72bc324d3b07125ffe3790765a5a2c044bb5
207,ord_dataset-ac78456835404910b3a4c840248b6ac9:ord-1ba9949b1af74cf7830bc6b657ece5f8,ord_dataset-ac78456835404910b3a4c840248b6ac9,1605,2313ce0ddeb3b76611d794c50ca9ba1a3150bbec37cc85d4771fe110405b36fa
208,ord_dataset-ac78456835404910b3a4c840248b6ac9:ord-1bff766a6f264744b28e8601f8307271,ord_dataset-ac78456835404910b3a4c840248b6ac9,1696,1944dc03f014a074003a04506a6d730a53a15e56777b2ddf069a900442a4a079
209,ord_dataset-ac78456835404910b3a4c840248b6ac9:ord-1c352c6898844af4ae133668ed8f060d,ord_dataset-ac78456835404910b3a4c840248b6ac9,252,5a1594fd9bfe572474bf65ebc1857c92c3668881bc308e1bc0d8ed4b8a724c4c
210,ord_dataset-ac78456835404910b3a4c840248b6ac9:ord-1c44a641ff4743a0bb873ffe07e17a16,ord_dataset-ac78456835404910b3a4c840248b6ac9,1212,5810ce3668db0f605da3f39f298a078e99e49a40862594d7ca0c78d74e599029
211,ord_dataset-ac78456835404910b3a4c840248b6ac9:ord-1c6ca7c5f23d4acbb500f83b998598df,ord_dataset-ac78456835404910b3a4c840248b6ac9,1199,61d4501bc37c3232fdd56c3ee882bdca4f557fe6ad5da1d9c44f5bcf30ac8365
212,ord_dataset-ac78456835404910b3a4c840248b6ac9:ord-1c87f347e261467c8b126b2aa6fcd066,ord_dataset-ac78456835404910b3a4c840248b6ac9,1236,e33eeaf680319db46491f4d8a4b056653003e7af521c232a42be3f58597bf3e5
213,ord_dataset-ac78456835404910b3a4c840248b6ac9:ord-1c8d8909700349829d1652496ca6ee79,ord_dataset-ac78456835404910b3a4c840248b6ac9,1327,bf24cfb69a2b876f17c374116dcbe2eb5d56ff29db87e23882a2d6ae975e20ce
214,ord_dataset-ac78456835404910b3a4c840248b6ac9:ord-1c94fa96a1484b9dbef18c410df5f847,ord_dataset-ac78456835404910b3a4c840248b6ac9,1243,85fcb787245563627c16e1e0a4466b2461d901c6349488b1344f00c23217695a
215,ord_dataset-ac78456835404910b3a4c840248b6ac9:ord-1cc7adbf0d414220b66801a7b18cc9d2,ord_dataset-ac78456835404910b3a4c840248b6ac9,1512,1d210d579b62d921ee07611e5755db775219fc10c20297432eecdade5aeb829b
216,ord_dataset-ac78456835404910b3a4c840248b6ac9:ord-1cfd3e3acab648db8c5d10c0f22bfc25,ord_dataset-ac78456835404910b3a4c840248b6ac9,1703,d8cc68693c103134aabae7a98d0103f2c18cfe44de701930887b7bc55768d9b7
217,ord_dataset-ac78456835404910b3a4c840248b6ac9:ord-1d1e01b5026543ab899d8694391a5d51,ord_dataset-ac78456835404910b3a4c840248b6ac9,34,bed0ee0bbc4db142788e874dc134fbafe9c96a243d264d8f4b5d602b43f8a46a
218,ord_dataset-ac78456835404910b3a4c840248b6ac9:ord-1d4c96bb19b24670b4224caec7f34c2b,ord_dataset-ac78456835404910b3a4c840248b6ac9,777,59247e9a2bb6403f11b5ffa16389688f918e50b6f567ce957d9305aa9c7d4013
219,ord_dataset-ac78456835404910b3a4c840248b6ac9:ord-1d540592ff2c4e3e90bb478e04e31107,ord_dataset-ac78456835404910b3a4c840248b6ac9,416,2c9e02c5b90a084e55da4c737ec6beea7d23dffb5a54d16138eacdf24d6cf0f5
220,ord_dataset-ac78456835404910b3a4c840248b6ac9:ord-1d5c579459dd4cc489f347ccc2cc03ff,ord_dataset-ac78456835404910b3a4c840248b6ac9,1141,57d54caa69ff2fa95a3240a09e9cc1c46955c04be606bede60f5ce8f5d110079
221,ord_dataset-ac78456835404910b3a4c840248b6ac9:ord-1dc398c4dc6541548fa4220c741361d3,ord_dataset-ac78456835404910b3a4c840248b6ac9,1146,b539892b7d253df513e1f20a93dccb592122d099e41bf15e1700e9935beae06c
222,ord_dataset-ac78456835404910b3a4c840248b6ac9:ord-1e0b869e1d4c45f5b06c447e9834472c,ord_dataset-ac78456835404910b3a4c840248b6ac9,1448,14c595b9b51920ee5c1bae45b68a5a4d5b676530edf6b673bfbea63de2004e0d
223,ord_dataset-ac78456835404910b3a4c840248b6ac9:ord-1e1c59cdc0024f179dcc6cd6bab81eb9,ord_dataset-ac78456835404910b3a4c840248b6ac9,261,3f890b7afe6b7415eab5a46750def1097fcd8b321e91406633e5ea4487f8c5e3
224,ord_dataset-ac78456835404910b3a4c840248b6ac9:ord-1e469463df39461e8b017a10637abf23,ord_dataset-ac78456835404910b3a4c840248b6ac9,152,3691dd973a761b2537bb3d6bb8fe1731bf81cfdf7be794850b61ca417e1b278a
225,ord_dataset-ac78456835404910b3a4c840248b6ac9:ord-1e4e703f814b4dfc949c43dc45d10189,ord_dataset-ac78456835404910b3a4c840248b6ac9,621,2b445caf6c424565ff6595c6d661b5d2535b7d24cd4a8bf5a5e5f80eb9fd463e
226,ord_dataset-ac78456835404910b3a4c840248b6ac9:ord-1e6c9f608c2c4cf591b92fe464c34c60,ord_dataset-ac78456835404910b3a4c840248b6ac9,1230,e2978d16211abc5667a51dfc8365b5d08ef2e7334f4ef36d8c6a72c413e7d6e8
227,ord_dataset-ac78456835404910b3a4c840248b6ac9:ord-1e7801311fed4a50b766e8fdbb8a04c5,ord_dataset-ac78456835404910b3a4c840248b6ac9,1187,c05ea7bf88081626f0861aca5d01e5771a1b9e1f64abbb1738a342c5a63b3c24
228,ord_dataset-ac78456835404910b3a4c840248b6ac9:ord-1e78d0f4d6784b6b9e0be35393105bed,ord_dataset-ac78456835404910b3a4c840248b6ac9,870,0c6bc8e21d414ef9cf6299ca3ba0c4e98fe437445add12a314279e791e6000dd
229,ord_dataset-ac78456835404910b3a4c840248b6ac9:ord-1e9d055bc74e432780fab92cd6e83299,ord_dataset-ac78456835404910b3a4c840248b6ac9,1050,318df2bc71629895b451db157e2144695a0d6e0cf443ea2d567a3b8c42ab9a8e
230,ord_dataset-ac78456835404910b3a4c840248b6ac9:ord-1ed5f4e314874e63bed4b45b08d79abe,ord_dataset-ac78456835404910b3a4c840248b6ac9,64,ab84f02f4890c88018eee3367820933f162911dfb75ba9751487a2334a57b05a
231,ord_dataset-ac78456835404910b3a4c840248b6ac9:ord-1ee1c5627ec9402db2c32026ebf7fc31,ord_dataset-ac78456835404910b3a4c840248b6ac9,100,7de7c184dd8da3a5ba631fe3ffbce6544d3755f3d13cd06a653f69dbd20f19ae
232,ord_dataset-ac78456835404910b3a4c840248b6ac9:ord-1f21aecdda59457a9c15b03752a7441f,ord_dataset-ac78456835404910b3a4c840248b6ac9,1501,6f4ffee027efee50b65e913025cd3bb6b003d32f864f27e34236e14fe2aa7926
233,ord_dataset-ac78456835404910b3a4c840248b6ac9:ord-1fc3affb08684ba4ac66419286911078,ord_dataset-ac78456835404910b3a4c840248b6ac9,991,d3bd24323461ed1020c9b4d18b4bca6a8dc8fd5030e44910e4ced92c461a0d27
234,ord_dataset-ac78456835404910b3a4c840248b6ac9:ord-1fc57b3ddef04a0b956d43627e39429a,ord_dataset-ac78456835404910b3a4c840248b6ac9,358,bbc3d9e89ff0094e411251aedad1055c322228bc5d311c6ab9255f156a97f801
235,ord_dataset-ac78456835404910b3a4c840248b6ac9:ord-20125396f87841948e25b5daa2e0e2db,ord_dataset-ac78456835404910b3a4c840248b6ac9,1694,2a77a34699cb5bf077baa2f519f409deb9de834076359caeb54217d3f9540970
236,ord_dataset-ac78456835404910b3a4c840248b6ac9:ord-204c8d66c9014a0a829f40dea94108d5,ord_dataset-ac78456835404910b3a4c840248b6ac9,1466,13d63050c7d6aca735f5effe2696f6872983110bcd7985c16adf93cf5cbb8757
237,ord_dataset-ac78456835404910b3a4c840248b6ac9:ord-20730146fd6d4f9fbc24cee8bf9d6038,ord_dataset-ac78456835404910b3a4c840248b6ac9,1115,0e7d18d551c914336a4fc3e5f5c733c1b7800002f0b2af6e55ce28e0c101e722
238,ord_dataset-ac78456835404910b3a4c840248b6ac9:ord-208f84b1134b4668a94db46b587450c4,ord_dataset-ac78456835404910b3a4c840248b6ac9,1258,7d598b46bec753551ebc7f52599dba804930a8d3c86122208e0cb191d4294439
239,ord_dataset-ac78456835404910b3a4c840248b6ac9:ord-20b6465343f4422881e623ba6346e01d,ord_dataset-ac78456835404910b3a4c840248b6ac9,610,6bc71e3e85832eb57b47671272dac48e85e9478db56589d599b7f3c793c1859c
240,ord_dataset-ac78456835404910b3a4c840248b6ac9:ord-20bf1cc486384dfd83ddc852d06de56d,ord_dataset-ac78456835404910b3a4c840248b6ac9,1698,1149be58d97c08510d485f2b452e1bb56d38e61b5cf7cbd818ebd193909fcc44
241,ord_dataset-ac78456835404910b3a4c840248b6ac9:ord-20c426e0a0884ee386c97fa27cd5ddea,ord_dataset-ac78456835404910b3a4c840248b6ac9,1294,6e9861ef742469d0a2f17deb1f26f34d34dcc7f3961bb7b750f0c416bb5466dd
242,ord_dataset-ac78456835404910b3a4c840248b6ac9:ord-210e729af66b437aac94cbf1cc1fc2df,ord_dataset-ac78456835404910b3a4c840248b6ac9,1325,a30eea322ad81d2e83bcfe1f644fc091d13004efd938e770e7d58d8c31b129a1
243,ord_dataset-ac78456835404910b3a4c840248b6ac9:ord-2123dfc2f1004618bb8749576739a524,ord_dataset-ac78456835404910b3a4c840248b6ac9,1347,2b83c0729020c5c3866071d9392fb3875e748f1f920f57c0b8af6f8882ed04d4
244,ord_dataset-ac78456835404910b3a4c840248b6ac9:ord-212edcb20ae8496d991d5d90d0c403b7,ord_dataset-ac78456835404910b3a4c840248b6ac9,1086,f5f081765212477fd06619c98a29f667b0686fa985a42f21afa22be138e16e62
245,ord_dataset-ac78456835404910b3a4c840248b6ac9:ord-21698a8449604f4c877cbec99a8aee30,ord_dataset-ac78456835404910b3a4c840248b6ac9,1143,3db8ce3cfef8b9edf15fa9a9a025261e8f8b220c60d58d0c8a843e305101a7dd
246,ord_dataset-ac78456835404910b3a4c840248b6ac9:ord-219fb6c09c254b9d9864b697a281c8b7,ord_dataset-ac78456835404910b3a4c840248b6ac9,326,0582e9333e8b19f23f5613e0e5152f509b2eb8d56f515f1e147ca3bb91807654
247,ord_dataset-ac78456835404910b3a4c840248b6ac9:ord-220514bf32e94ce887520a105c325574,ord_dataset-ac78456835404910b3a4c840248b6ac9,1333,569b95638be454c2308fe90ff1f8d6e7198dab87e35c2f4625ccbd5840d5d823
248,ord_dataset-ac78456835404910b3a4c840248b6ac9:ord-22398040870641d1811aae1654a05905,ord_dataset-ac78456835404910b3a4c840248b6ac9,315,fd247c13d6dee12c545070f62547580519e0d563aba8b7a483b89349904cecac
249,ord_dataset-ac78456835404910b3a4c840248b6ac9:ord-22e4984ed38342eb81ebef6432c9676c,ord_dataset-ac78456835404910b3a4c840248b6ac9,408,fd66110d12b0596d1dfd4c3b9c0985c269aa92368eeafe8a24eeecd1ae40f270
250,ord_dataset-ac78456835404910b3a4c840248b6ac9:ord-2311ccb0bf8b4225af1a7ada95ca8324,ord_dataset-ac78456835404910b3a4c840248b6ac9,1617,47cb71ab9f515ccc570f1546b00f5295a42ea5eaf9e7161ae3fbb710250fbba4
251,ord_dataset-ac78456835404910b3a4c840248b6ac9:ord-232509604106470dbbda1b811fd21900,ord_dataset-ac78456835404910b3a4c840248b6ac9,1185,88e7c5dd0fa5f227f0a43c1dd4ab1da7befdb5aa123803f49c8dc034962b1a10
252,ord_dataset-ac78456835404910b3a4c840248b6ac9:ord-2338e74afe734ac9bf696f2a0ceae0f2,ord_dataset-ac78456835404910b3a4c840248b6ac9,1242,60cdfeed100ef185fd64c6be46dbecfe76042f29432ce7d1d43fbddca178148c
253,ord_dataset-ac78456835404910b3a4c840248b6ac9:ord-2353e928343144e0a71435a6c95dbf1d,ord_dataset-ac78456835404910b3a4c840248b6ac9,79,2a960bb1cc19c5dd08d7c771f641cd13fab2dcee9dbf9a5445b13a7f6cb8dff4
254,ord_dataset-ac78456835404910b3a4c840248b6ac9:ord-23547dc14b1246498cb0f64062e43341,ord_dataset-ac78456835404910b3a4c840248b6ac9,647,549e8c90148f3984e0600f6ea42e40c1b8e5d5fae8839c6b289742d384862814
255,ord_dataset-ac78456835404910b3a4c840248b6ac9:ord-238574c1f705470d950bcaddd56ea25e,ord_dataset-ac78456835404910b3a4c840248b6ac9,1180,4f2a69a9b9d50b219ac85fce58348b3a0f42dc4c82f4d4104c56ca6d39b99d78
256,ord_dataset-ac78456835404910b3a4c840248b6ac9:ord-23a879eeb07a488e872ce4a49d3067e4,ord_dataset-ac78456835404910b3a4c840248b6ac9,1336,49259a69fc9d76848cdf0c2f9932673b85ad3f0153cfc972105ecbefee2b1d56
257,ord_dataset-ac78456835404910b3a4c840248b6ac9:ord-23e02a0103b5440ea5fe2fd2e694fd51,ord_dataset-ac78456835404910b3a4c840248b6ac9,403,b98c2d23e9e51c29f0ff9e5787b91508ccd0abada6f6580943cec25c3c4521a8
258,ord_dataset-ac78456835404910b3a4c840248b6ac9:ord-23ebd7fe500e4750b8ff174ca74f7c13,ord_dataset-ac78456835404910b3a4c840248b6ac9,1711,8b9f91721f676baf26472157c506be255696ac1c60bf0e2909350b50aea1e56f
259,ord_dataset-ac78456835404910b3a4c840248b6ac9:ord-23f8a76b858a404dbfca3d3fd7a4ae5c,ord_dataset-ac78456835404910b3a4c840248b6ac9,802,af7b7a90ec5cfb3946bbec2e2b3ad7960109ef5e8d0a5950c8cd7e86882b91dd
260,ord_dataset-ac78456835404910b3a4c840248b6ac9:ord-242239be9619499f9670bdc4bc341d23,ord_dataset-ac78456835404910b3a4c840248b6ac9,1453,67e2ee62bd2d8b19ebd1b6a1eb452fc2f57635743532c5aced75a93bbec0f13e
261,ord_dataset-ac78456835404910b3a4c840248b6ac9:ord-243ba7dbfa314094ad09e9e0b7076529,ord_dataset-ac78456835404910b3a4c840248b6ac9,1173,af9abf5f762204fab4cd57f053abaf17f68bb845f589ca14b9a78db50f5739ba
262,ord_dataset-ac78456835404910b3a4c840248b6ac9:ord-2460873652f044b09923265b08cb976d,ord_dataset-ac78456835404910b3a4c840248b6ac9,1477,3e357412e08495faa0ed1da9ad01a526b010368da82944698ebafb1d75a31e22
263,ord_dataset-ac78456835404910b3a4c840248b6ac9:ord-24def9c0175c4eb6831adc456f233fcd,ord_dataset-ac78456835404910b3a4c840248b6ac9,1190,5b219d1ff90b9ab55be6d99275183fd4957821c218bc400c0bf37d9b93bf1489
264,ord_dataset-ac78456835404910b3a4c840248b6ac9:ord-24e2fc550d7348e7976261e950e2fa33,ord_dataset-ac78456835404910b3a4c840248b6ac9,192,e93957e48994c1fdaca2b292beb8f3f1051826a79d3341f3adf64398626aef08
265,ord_dataset-ac78456835404910b3a4c840248b6ac9:ord-250189f0a18c437a8a0d44e39c1a9a23,ord_dataset-ac78456835404910b3a4c840248b6ac9,672,337f2c59f1c031be60ffc643901f108200c7bcc4eeec08bd307ad060d58e8fac
266,ord_dataset-ac78456835404910b3a4c840248b6ac9:ord-25083bc545da4af2bf0e291f7deaabfd,ord_dataset-ac78456835404910b3a4c840248b6ac9,1112,0f8cdc12b24eae61cbc1280cdd744ce338529e777e4254ef74e73fbf8dd96355
267,ord_dataset-ac78456835404910b3a4c840248b6ac9:ord-25246e2221bc40dbaa809134e5471157,ord_dataset-ac78456835404910b3a4c840248b6ac9,1035,f3c176fb8a8a70895345104f9004115ac2bf14ecc62972c0760191760771d308
268,ord_dataset-ac78456835404910b3a4c840248b6ac9:ord-256d64b3f9f347a6adf4570dcbf0702f,ord_dataset-ac78456835404910b3a4c840248b6ac9,993,16c851c3b088cbb778494f34c2bd3cb348eeaeffc368c2f6caa28e914508490b
269,ord_dataset-ac78456835404910b3a4c840248b6ac9:ord-25763f1937c64307bcbfdf160eceaedb,ord_dataset-ac78456835404910b3a4c840248b6ac9,765,5ea9718b5ee9b84530d2774883cf3baac91e6eecae6e7facef4cf5434960207e
270,ord_dataset-ac78456835404910b3a4c840248b6ac9:ord-257cd68b99e7400aad354e166d75217a,ord_dataset-ac78456835404910b3a4c840248b6ac9,342,071e98340848f4dec731101f7f5c6888799f51c63aa7104eb000cdbe881ed765
271,ord_dataset-ac78456835404910b3a4c840248b6ac9:ord-258f503cf3df4d6c8b3175365f687f1d,ord_dataset-ac78456835404910b3a4c840248b6ac9,1470,b22d036ad500bd001afcad408a4564bd9ae9dfeaab747d3d721c8daf8c783253
272,ord_dataset-ac78456835404910b3a4c840248b6ac9:ord-25b5040d85f440899bbed45938fed505,ord_dataset-ac78456835404910b3a4c840248b6ac9,1123,f2852fc1c6173f2f96d049ef0dd22c0f6a26229fd229290772082b00a7a1a521
273,ord_dataset-ac78456835404910b3a4c840248b6ac9:ord-25c715aecf5e40319dcb6714e4ea955a,ord_dataset-ac78456835404910b3a4c840248b6ac9,798,c0f70c75c2aac15d2bf68ca0e61b7b08da79f9f3e55442c54213855eba173e76
274,ord_dataset-ac78456835404910b3a4c840248b6ac9:ord-25d16357bbe54635a70feacdc16e9f2e,ord_dataset-ac78456835404910b3a4c840248b6ac9,1157,d2f7e42d61fd64ee424c34b3affdc4fa245cebd9ae808a946e022055b58e03f7
275,ord_dataset-ac78456835404910b3a4c840248b6ac9:ord-25e7e877996c44c9b76265059ec40b0f,ord_dataset-ac78456835404910b3a4c840248b6ac9,1533,c14457d1a14004635a910f8fa23484242cfc0af633f51cd285304ced2808a666
276,ord_dataset-ac78456835404910b3a4c840248b6ac9:ord-2604c56526df41feb364017862f33172,ord_dataset-ac78456835404910b3a4c840248b6ac9,1178,e61111f174dee5ca1c56f3a670ea49e718108ee025cb4364a62284a26a3d62dd
277,ord_dataset-ac78456835404910b3a4c840248b6ac9:ord-26205f3ced6640118b73ce6261e6b51d,ord_dataset-ac78456835404910b3a4c840248b6ac9,230,3fbef6dc0f256b4565053fc201adb071868bf743989ff04ec55a3b25dcc63e65
278,ord_dataset-ac78456835404910b3a4c840248b6ac9:ord-262496cd5751483890e26435aa811b09,ord_dataset-ac78456835404910b3a4c840248b6ac9,1156,2bcc902d48cd08c96a464c48b8105949057f337806a78603ea5b50b301921558
279,ord_dataset-ac78456835404910b3a4c840248b6ac9:ord-2678db9790e046ada94734c07c2fe812,ord_dataset-ac78456835404910b3a4c840248b6ac9,554,dc9688470996095bc10f73bc4b8d297ed63ab2cb9ee7d870b8e7d9f51085550f
280,ord_dataset-ac78456835404910b3a4c840248b6ac9:ord-26e4a310ea2240ddbe8d850f31c9ca09,ord_dataset-ac78456835404910b3a4c840248b6ac9,1631,e830f0f2f0346f1d5a57cc2d09621b69a366c0897d7bd0b1e09e9e59e58218af
281,ord_dataset-ac78456835404910b3a4c840248b6ac9:ord-26f0a95ee6184192a4335d644ef64855,ord_dataset-ac78456835404910b3a4c840248b6ac9,1672,696af1af81e981077fc864db49da88d5de942da93c5934a75cbbaebb7541fe95
282,ord_dataset-ac78456835404910b3a4c840248b6ac9:ord-26f4d3d1e26c4ac7aa81812321c9e991,ord_dataset-ac78456835404910b3a4c840248b6ac9,1017,821ccf89418ba23cf1b80e550e23de3c981bfb341292f966a69404b0a5f18254
283,ord_dataset-ac78456835404910b3a4c840248b6ac9:ord-26f99a64ea83415899ebf3a10df1ab52,ord_dataset-ac78456835404910b3a4c840248b6ac9,1133,037abae57db5a188ed11a45a8d48416b442163c7baa1acbaa9d0c630693922ef
284,ord_dataset-ac78456835404910b3a4c840248b6ac9:ord-271947606c24408eaff83df47436b364,ord_dataset-ac78456835404910b3a4c840248b6ac9,1492,f6d52eba2aa681b629b7346a25484cb4a2f6dc3984328ae78303ca2b6155ecec
285,ord_dataset-ac78456835404910b3a4c840248b6ac9:ord-274981eb4e704e60bc702d4f45fa0597,ord_dataset-ac78456835404910b3a4c840248b6ac9,1117,658a182d8c9124be6e3f08437d515f006815178efd0858056091768847b9ffe3
286,ord_dataset-ac78456835404910b3a4c840248b6ac9:ord-2757509ccea445feba3083dec3e4b8f4,ord_dataset-ac78456835404910b3a4c840248b6ac9,1516,a5193a2e5715514dac79f342cd8e886a9c725745af699aec1720b30ab292a7ee
287,ord_dataset-ac78456835404910b3a4c840248b6ac9:ord-2759ef93956042758310dbfd51a4dd89,ord_dataset-ac78456835404910b3a4c840248b6ac9,564,dd3b88e9213c88872dfded563cb07b0404c9ee7b8f51634a19a56f875c2ac624
288,ord_dataset-ac78456835404910b3a4c840248b6ac9:ord-2766bf1d61d44073b7bb6ec10d01a13b,ord_dataset-ac78456835404910b3a4c840248b6ac9,1402,6ac26ec98651c730855f01d89ba7b84b0a44e9931d91b42684ae7ad374236938
289,ord_dataset-ac78456835404910b3a4c840248b6ac9:ord-277042c741a24343a81b6e6472173b34,ord_dataset-ac78456835404910b3a4c840248b6ac9,113,6861fccf7306d3f0cb35732a8a0ef058f387a00a4b79e6252bd0a5296ec131e7
290,ord_dataset-ac78456835404910b3a4c840248b6ac9:ord-27ca6512a86a4e719540bd364ef21c16,ord_dataset-ac78456835404910b3a4c840248b6ac9,1126,c6922ecac0203e2fcf5eed2c93b896abec7b5b695ffab500dfc2816224024a1e
291,ord_dataset-ac78456835404910b3a4c840248b6ac9:ord-27ce51a117ff4b63abe55c2f294a76b7,ord_dataset-ac78456835404910b3a4c840248b6ac9,265,ddac9732f61ed42162bf6592498b62a7c71516096ccea3a53c1f22de140a1c5a
292,ord_dataset-ac78456835404910b3a4c840248b6ac9:ord-27e79a374f3f4d6c8664f5466bf1217d,ord_dataset-ac78456835404910b3a4c840248b6ac9,1349,5dfebdfa7dca01b9271387aa2bc07e1c77a9912542541e8d4a6909059a3d5aba
293,ord_dataset-ac78456835404910b3a4c840248b6ac9:ord-27f25e9f746244bfbf756f14c85c33ac,ord_dataset-ac78456835404910b3a4c840248b6ac9,643,df95ab3a3f7b066b230a1dece76ffa079455a2ba63e45d981681f13f3e662792
294,ord_dataset-ac78456835404910b3a4c840248b6ac9:ord-281d8d35fd624396ac7cd9e0a0fbf718,ord_dataset-ac78456835404910b3a4c840248b6ac9,773,89b6857bce5aecfda15878263b818938ed49b0779226ccdcc5c3bde9f11a0e9b
295,ord_dataset-ac78456835404910b3a4c840248b6ac9:ord-284ec53e57c142c487286ad9be1c1868,ord_dataset-ac78456835404910b3a4c840248b6ac9,729,3cfcc8df2b6b54a298ae346ba61d253cfd5e17787d34ce46d3785bf821f71807
296,ord_dataset-ac78456835404910b3a4c840248b6ac9:ord-28568e02af0a46e4bdfdc6ed15290bf9,ord_dataset-ac78456835404910b3a4c840248b6ac9,717,d9d3407f10a6142eca1b8a542e28f0da00ce88a373fa395e7799f076d984fd0a
297,ord_dataset-ac78456835404910b3a4c840248b6ac9:ord-288108e1af6c4a9599d21c38041206a1,ord_dataset-ac78456835404910b3a4c840248b6ac9,1522,e76ec17fb34d17c2b843fd15adc4bf0d8fd5563e61c3ee4d28727667df86ac10
298,ord_dataset-ac78456835404910b3a4c840248b6ac9:ord-28bb086753544bf5b34422141af2bebc,ord_dataset-ac78456835404910b3a4c840248b6ac9,325,9c048ffa63e2d83c270f761601ee0b557df56643d7c78919ffbee5f11450a1c8
299,ord_dataset-ac78456835404910b3a4c840248b6ac9:ord-29111606a9e44169b806248259167b0b,ord_dataset-ac78456835404910b3a4c840248b6ac9,259,b971d5eae33615d814eb74d02082645daedeb92ca698b79480379d309792bc6d
300,ord_dataset-ac78456835404910b3a4c840248b6ac9:ord-292695dfc7694686bb24f4c40ea9f71f,ord_dataset-ac78456835404910b3a4c840248b6ac9,1058,01609c26aae9be30ed83e01703880ef34ddba2b33faf8d3d369f2149a7593a68
301,ord_dataset-ac78456835404910b3a4c840248b6ac9:ord-293fe0efd47b430897489a28d4351813,ord_dataset-ac78456835404910b3a4c840248b6ac9,571,12cf51f2f84078c2143876cd27447e635c499190bc2918cd28b2904ea5e8e7b5
302,ord_dataset-ac78456835404910b3a4c840248b6ac9:ord-29549523903e400a9fd0b58ac8bc01bd,ord_dataset-ac78456835404910b3a4c840248b6ac9,1061,2ae650aec0efd03683ba87db4689b3c869717748be951adea5f7500e908de5df
303,ord_dataset-ac78456835404910b3a4c840248b6ac9:ord-295e910225ef4d04ae43f1093daece4e,ord_dataset-ac78456835404910b3a4c840248b6ac9,875,3e9d39cdd1db0148cf45eb3e5202b4bc468880371bda55c95971d9f7df7f04d1
304,ord_dataset-ac78456835404910b3a4c840248b6ac9:ord-2985e88491914a5cb4f4fddf8c8192cb,ord_dataset-ac78456835404910b3a4c840248b6ac9,687,a844c0486c27d73f6bc2f61b30a0377fae729619cfa6bd1062771549fa3a98f3
305,ord_dataset-ac78456835404910b3a4c840248b6ac9:ord-298e2f55ba8042e2ba7cd281d323cf43,ord_dataset-ac78456835404910b3a4c840248b6ac9,1299,3747924ebf99aa7a8cdf91a15c83746f562e18a28dd0fd41da3b2d2f2a2c4972
306,ord_dataset-ac78456835404910b3a4c840248b6ac9:ord-29a8ba0ae0d44b5a84c558bbcd7c5b8c,ord_dataset-ac78456835404910b3a4c840248b6ac9,632,7fca73b5bf309b9261c2b9d3f7284ae736c7811c6a1e82df18dc535ac436681f
307,ord_dataset-ac78456835404910b3a4c840248b6ac9:ord-29b16b8f4fc74f259f278023a5b45683,ord_dataset-ac78456835404910b3a4c840248b6ac9,1606,aa9e9271b2ff3d2443ae4789e9515ca9e7aa8254447bd300f263307b60c5ee6a
308,ord_dataset-ac78456835404910b3a4c840248b6ac9:ord-29bdbfd7f7e54b8499f61457a64c4e42,ord_dataset-ac78456835404910b3a4c840248b6ac9,1302,039a438fbe9807db1aba6f48951fb50b0fa1477e4a572a6f8655e767b6a4cb5a
309,ord_dataset-ac78456835404910b3a4c840248b6ac9:ord-29c66d0814af4974aebd87343733950b,ord_dataset-ac78456835404910b3a4c840248b6ac9,354,cdb8f550325294aa9b98a32eb6bc128404e285bb2c860bd95454a8e7a5c40212
310,ord_dataset-ac78456835404910b3a4c840248b6ac9:ord-2a1609e9a7d0470186344712e48b15da,ord_dataset-ac78456835404910b3a4c840248b6ac9,1623,28e9e705ed53f1d41b07552686b5f80fa035b1355c5e6ef5fe63177b8d0d30a7
311,ord_dataset-ac78456835404910b3a4c840248b6ac9:ord-2a31ceb51673433fb005409df6558c6a,ord_dataset-ac78456835404910b3a4c840248b6ac9,1176,ba943e38991775f383c84b323a07285bdb5a3c8410ddbd0cbd996ffe84f247b6
312,ord_dataset-ac78456835404910b3a4c840248b6ac9:ord-2a44dd29d94c454eab4ec83f7e0742df,ord_dataset-ac78456835404910b3a4c840248b6ac9,129,3c2f30509d19ce0947473f993f5e61e967999aaf7b9e7ce23702c52e6d33d281
313,ord_dataset-ac78456835404910b3a4c840248b6ac9:ord-2aa550b03f10420d8577fd59858c4923,ord_dataset-ac78456835404910b3a4c840248b6ac9,1321,f0a9ab581e276f317711678475c56d52c87c909812eeebcd44acff1c6ee82f04
314,ord_dataset-ac78456835404910b3a4c840248b6ac9:ord-2aa5e236d8ca46a7b52c2ce33b9da591,ord_dataset-ac78456835404910b3a4c840248b6ac9,1307,e6b0541f43153ba78d132aceab4ac8c5434076ec6c4dcd04c19e32e078ac86ce
315,ord_dataset-ac78456835404910b3a4c840248b6ac9:ord-2aad7cb169b64a828258b011b0ee8531,ord_dataset-ac78456835404910b3a4c840248b6ac9,1519,55e9770b4d9e885f6fc2ae94bd295974810d7fea1d4c8d5578e462aa2ce604f1
316,ord_dataset-ac78456835404910b3a4c840248b6ac9:ord-2ae507986a9244dab1d12fd1eb489a28,ord_dataset-ac78456835404910b3a4c840248b6ac9,731,5acd9d363a9329a81fb179481a40d4fc2f4c937e34421f419b5e7587c6828a94
317,ord_dataset-ac78456835404910b3a4c840248b6ac9:ord-2b2327010cbb40fdbcc7ff3c5a40ffb3,ord_dataset-ac78456835404910b3a4c840248b6ac9,707,2c924debee04f5ce668f8dfc196638e057c830245eb6e22c53e3e4a1c3088fb6
318,ord_dataset-ac78456835404910b3a4c840248b6ac9:ord-2b36f0c31aa645fe896bed2f5373cc1c,ord_dataset-ac78456835404910b3a4c840248b6ac9,560,5ac5dd74d94be60aa0a0287248d9f0d8d49d6ffa317d7d9a573560840a05a306
319,ord_dataset-ac78456835404910b3a4c840248b6ac9:ord-2b7ee4df496642c096ccb8c1343a2ea3,ord_dataset-ac78456835404910b3a4c840248b6ac9,596,832baa1e65bf9c78cd0ef81895e24552e961aa1466d84c1cc45ef3016b5848d9
320,ord_dataset-ac78456835404910b3a4c840248b6ac9:ord-2bc31d01b84a46d5b3c47a46db472a45,ord_dataset-ac78456835404910b3a4c840248b6ac9,625,2291d932873b49b31a2465400d72c1dc8f9a53ff7f848651483f8d8b348bae11
321,ord_dataset-ac78456835404910b3a4c840248b6ac9:ord-2bca1d8d04a64544a555f28e4cb3019e,ord_dataset-ac78456835404910b3a4c840248b6ac9,714,65aa51e4b6038a12b13abfa10e1b8fc8ce0104b161ebab74f79c567b95f23c3e
322,ord_dataset-ac78456835404910b3a4c840248b6ac9:ord-2bd9e8640318465aafe20fff3425663c,ord_dataset-ac78456835404910b3a4c840248b6ac9,1334,c5054ab04a64a6ac98f758e78f6594f1ebea8b3396b10819a5cda1445f2043aa
323,ord_dataset-ac78456835404910b3a4c840248b6ac9:ord-2becac6e33224c3a856abd2fb2734676,ord_dataset-ac78456835404910b3a4c840248b6ac9,145,32846b25b090bfc077df96d4e85a734c823dfe2f84555283e765e8335d1ac7ca
324,ord_dataset-ac78456835404910b3a4c840248b6ac9:ord-2bf131c6109745e38eebdd0a384036df,ord_dataset-ac78456835404910b3a4c840248b6ac9,989,3a55dc5d27a24ebc760448e57d93e116251ec30880a6ed3147c90a8e2f0a4be7
325,ord_dataset-ac78456835404910b3a4c840248b6ac9:ord-2c00e2328c89428d98ad523c33d8b067,ord_dataset-ac78456835404910b3a4c840248b6ac9,1027,df308999829c5fb1f495040c1179e79d21e747947e327eeecac2ffd004902a5d
326,ord_dataset-ac78456835404910b3a4c840248b6ac9:ord-2c04c43f1fd5478797129d2cc37fa79f,ord_dataset-ac78456835404910b3a4c840248b6ac9,840,cf86b6e3acc77cfeab2d1fdb8a2b2be4595283f2006d0e93985f123867e2d1eb
327,ord_dataset-ac78456835404910b3a4c840248b6ac9:ord-2c05733725f94cfc926cb5ababd5c641,ord_dataset-ac78456835404910b3a4c840248b6ac9,1098,6d9db3008d36912869b6d21051d6555c3371a752b994e6ee8d2be44232dd2294
328,ord_dataset-ac78456835404910b3a4c840248b6ac9:ord-2c16a0287a2741e7be3ab2c0662bba47,ord_dataset-ac78456835404910b3a4c840248b6ac9,947,34988f545c003420d2f4ebcd87bf0329464c0c25a46703f88603158a492daad7
329,ord_dataset-ac78456835404910b3a4c840248b6ac9:ord-2c5ba6783af14dcd823ce7dd953b2d8e,ord_dataset-ac78456835404910b3a4c840248b6ac9,1240,145ab58d53903d7f81cc974b745ec0cb0da16b9d7b59b8b76ddd485aad0b12e2
330,ord_dataset-ac78456835404910b3a4c840248b6ac9:ord-2c67eb249b944b5794f41b707988a5db,ord_dataset-ac78456835404910b3a4c840248b6ac9,766,144a097cf6a3fee3c96c4ec7a31ad71b72b53d238278dbb16f69a39086e4e23f
331,ord_dataset-ac78456835404910b3a4c840248b6ac9:ord-2c6e08d4b98649f599af4e45c9c19275,ord_dataset-ac78456835404910b3a4c840248b6ac9,248,8bac73d63325d5e95320dc82eb6539bd7d55fbab229347f3d3b73615dd54e3e4
332,ord_dataset-ac78456835404910b3a4c840248b6ac9:ord-2c8ac0d0809f4c9c94497ddf0b92f020,ord_dataset-ac78456835404910b3a4c840248b6ac9,712,dd2742ba7ecb9206aa3c20643380e8b6414a22cfc418f7e736d41eb097fce1a4
333,ord_dataset-ac78456835404910b3a4c840248b6ac9:ord-2ca073f2d3024b02a0142faf119687da,ord_dataset-ac78456835404910b3a4c840248b6ac9,1507,fec505e2721565b8797285752d2252703d824bf04832c5e17f88b50407c82536
334,ord_dataset-ac78456835404910b3a4c840248b6ac9:ord-2cd54b0a88934a3c8ca71744fe53ebec,ord_dataset-ac78456835404910b3a4c840248b6ac9,484,cb8d51ab21ae67ba02e03ccbe170297030ca87dfc8a4875590261aa5da46bdb3
335,ord_dataset-ac78456835404910b3a4c840248b6ac9:ord-2d654337d00640d4a18ef4b80fc57a7e,ord_dataset-ac78456835404910b3a4c840248b6ac9,191,f4f5defe0171404f84cf611ee17c1a2aa960dd057a359cbc44fe49538d5d7689
336,ord_dataset-ac78456835404910b3a4c840248b6ac9:ord-2dc506d655d24fe6af3db7ea6ab5d7cd,ord_dataset-ac78456835404910b3a4c840248b6ac9,1721,caaceb57a31bda4c4a03cbd1937157816dec6fe3d83d147d070bedc8edf05e74
337,ord_dataset-ac78456835404910b3a4c840248b6ac9:ord-2ded5bd00d314d5083a8c0c08d62ad07,ord_dataset-ac78456835404910b3a4c840248b6ac9,54,a6ca881c537af6eb7fda61cb56ec444414bd44f1305f2cb5b81ba7d4f5278ed2
338,ord_dataset-ac78456835404910b3a4c840248b6ac9:ord-2e0cfa9e4db744b39318c6a3d5d98aa2,ord_dataset-ac78456835404910b3a4c840248b6ac9,1373,f5edd038f04d2a5107793f098b6a7dda8ffbc70adecc0278f068b2222d697217
339,ord_dataset-ac78456835404910b3a4c840248b6ac9:ord-2e0db5beaaad4d8dbec728910de62f08,ord_dataset-ac78456835404910b3a4c840248b6ac9,1237,d9de207062739050691512120e9d0fd354c7ec8f382457b04471bc2cb6baf4ef
340,ord_dataset-ac78456835404910b3a4c840248b6ac9:ord-2e3c2812e3294afbb177814060277985,ord_dataset-ac78456835404910b3a4c840248b6ac9,1268,baf263175b3ffbb5745cb246d2d06f82fe6f8a6c426029f5d34745e9f047afde
341,ord_dataset-ac78456835404910b3a4c840248b6ac9:ord-2e5eaf3bc6a84a32b5e7016510f62673,ord_dataset-ac78456835404910b3a4c840248b6ac9,198,de09b24269f59f50a5c13329a721ac3a6977038c082f02f0e61283c26ba1505d
342,ord_dataset-ac78456835404910b3a4c840248b6ac9:ord-2f4095421f6446838ca51fe0c7e0751c,ord_dataset-ac78456835404910b3a4c840248b6ac9,1313,5f0eb749717e227f213567cb99119abab8d35c856e34c2d5f18f4a1503935386
343,ord_dataset-ac78456835404910b3a4c840248b6ac9:ord-2f818fa4c60d4faebbb92044a4fce938,ord_dataset-ac78456835404910b3a4c840248b6ac9,1526,ece3299878d4fc831f402196fd9e5eb5a6f85e203e7d2f78cafa60939344e61f
344,ord_dataset-ac78456835404910b3a4c840248b6ac9:ord-2f92cb90dbcf43b88fad57ae7b8e2711,ord_dataset-ac78456835404910b3a4c840248b6ac9,482,1f811b00f6fa1fed7a7c9bf5e3910c0d431158e1e5fd505f6c780cdd1185f361
345,ord_dataset-ac78456835404910b3a4c840248b6ac9:ord-2f99d3cb631545248799ad84d63624da,ord_dataset-ac78456835404910b3a4c840248b6ac9,1593,c791fbccfe4c010ff3b13751aa9856e561a9b2e200f78e2cf70801a239f3aa6e
346,ord_dataset-ac78456835404910b3a4c840248b6ac9:ord-2fced064468e46918341497057ace5af,ord_dataset-ac78456835404910b3a4c840248b6ac9,1563,6f7b922442d52b2b8a3d9cbfc7409528c6532ff85bac127a51b235bf7a608e4c
347,ord_dataset-ac78456835404910b3a4c840248b6ac9:ord-301e2d0f46a64d2589de17878ba9b6b0,ord_dataset-ac78456835404910b3a4c840248b6ac9,1590,30a2b4d303b83ca2ebfd82a8cd937430c717dd5f2ded74b5f821f1908a0a7f83
348,ord_dataset-ac78456835404910b3a4c840248b6ac9:ord-302d708aca18403d886e092548628d35,ord_dataset-ac78456835404910b3a4c840248b6ac9,1515,c3763c93a8fbb60eed8994f25d00164ce4214275ab967b74e5cb63d28e24f1f4
349,ord_dataset-ac78456835404910b3a4c840248b6ac9:ord-308b344fa0ad4470b2aa92ad2242c898,ord_dataset-ac78456835404910b3a4c840248b6ac9,1007,1e947d83d1a69d816537c3bc21c933f713de5269434404e7270a15b7fd167468
350,ord_dataset-ac78456835404910b3a4c840248b6ac9:ord-3090f89ccafe404881a89f9cd73a211c,ord_dataset-ac78456835404910b3a4c840248b6ac9,1374,9df049b14a13f895c283a6a431c4088a6b128b45e69bbbeec4879a08edde1f9b
351,ord_dataset-ac78456835404910b3a4c840248b6ac9:ord-30a3838b199b4d15a0de5adc2e03b1e1,ord_dataset-ac78456835404910b3a4c840248b6ac9,1616,437f6b9b37c6c36c76de2bd43ae88dd12dd86cd86c1e082e6cc59bef12567d59
352,ord_dataset-ac78456835404910b3a4c840248b6ac9:ord-30a80774cda5494e82e329c6c09379c6,ord_dataset-ac78456835404910b3a4c840248b6ac9,1439,cc148abd50994c79624ab4cb03249d1268c4dfe999cc7667c672cbd6baf271fa
353,ord_dataset-ac78456835404910b3a4c840248b6ac9:ord-30d77095b76c401c98e73f4cd47814e8,ord_dataset-ac78456835404910b3a4c840248b6ac9,664,491ce08f567f8b0b7bcf0a7300c51af84358a4b77d317f4c26bfedd0ce72ef9a
354,ord_dataset-ac78456835404910b3a4c840248b6ac9:ord-30e04138446843fb82a5d00a39fbfcab,ord_dataset-ac78456835404910b3a4c840248b6ac9,868,605816bb8d3628c8ef3cdbfd7c83e86964602f764344c7baf3f59670921c7983
355,ord_dataset-ac78456835404910b3a4c840248b6ac9:ord-30f5acca294648d7ad7b50ede3e2a6d0,ord_dataset-ac78456835404910b3a4c840248b6ac9,412,ede3e596821189beb2cd99c7611c29a1f770919903abc05f2441e62a32039357
356,ord_dataset-ac78456835404910b3a4c840248b6ac9:ord-313d51768b5b4567b226a61262c7e4c7,ord_dataset-ac78456835404910b3a4c840248b6ac9,906,4c63b08029a0a053c3dcc176072d4bb00c6511bfcc2480b8935cb884f5251e0a
357,ord_dataset-ac78456835404910b3a4c840248b6ac9:ord-315fff2c3db54238a6a5a5b19a8e1f14,ord_dataset-ac78456835404910b3a4c840248b6ac9,1692,328addf39359826e7aa74ce2b1eee8fefb821c3a1d95c25d31cd723cdc519273
358,ord_dataset-ac78456835404910b3a4c840248b6ac9:ord-3161091f36e04b49ad36d91bbd4abeb2,ord_dataset-ac78456835404910b3a4c840248b6ac9,603,b3674ffa8b1f77b806365d74c260f8b4e9ffa13256dc2e605f64a5de3b3ac8f8
359,ord_dataset-ac78456835404910b3a4c840248b6ac9:ord-316dd045212d43df964e09aeecdae750,ord_dataset-ac78456835404910b3a4c840248b6ac9,80,1e7360fe9b6bbf5b187a3fe2b1574f926f7d2dc16f09a0a959f56902c8fd3891
360,ord_dataset-ac78456835404910b3a4c840248b6ac9:ord-31c7b59cfe004f2b99641a45122b4139,ord_dataset-ac78456835404910b3a4c840248b6ac9,207,4eeb9d76e83ab85715797b8210611bfab7b30acc7865743f9c9dd63dff42c075
361,ord_dataset-ac78456835404910b3a4c840248b6ac9:ord-31f0abfd4b424b4ab1073eb56b113e83,ord_dataset-ac78456835404910b3a4c840248b6ac9,740,f079057494936f34fad54d226782bbeed1e68f4d45ccd1706465dcd5e28c2aa5
362,ord_dataset-ac78456835404910b3a4c840248b6ac9:ord-32047f69a39343a287d2ef292aded67f,ord_dataset-ac78456835404910b3a4c840248b6ac9,1726,a131a1e036ebc3f3fdab183ca77a7d7502e50b77ff7611e4b8d005c99f8ccaa9
363,ord_dataset-ac78456835404910b3a4c840248b6ac9:ord-321a00b0fa7e4532b856bc3208e2a7af,ord_dataset-ac78456835404910b3a4c840248b6ac9,694,7ba87ffc41ad151a8a24c3181a988d09b47cadacbb83b753d93587aa7fa11a73
364,ord_dataset-ac78456835404910b3a4c840248b6ac9:ord-326b21dfbe44434aa290e77922a1e56d,ord_dataset-ac78456835404910b3a4c840248b6ac9,938,6d4a93de07f9100f27e8cc1275e07b39cf0ca5431fdb5ec023d8e81f4fbf689d
365,ord_dataset-ac78456835404910b3a4c840248b6ac9:ord-3271f54e2d3943d0aea2e73158bd6f80,ord_dataset-ac78456835404910b3a4c840248b6ac9,1441,a09731a2f7eac936282955b9cc18439e0e04a1b55f2af17440f3cd03bee566e8
366,ord_dataset-ac78456835404910b3a4c840248b6ac9:ord-32e6d7b56c1d4f2d8f6f0ac846cb6230,ord_dataset-ac78456835404910b3a4c840248b6ac9,1720,81e31b1990537de53ab5bc569486258add83bd69c57470beb9b24092b798294a
367,ord_dataset-ac78456835404910b3a4c840248b6ac9:ord-32ec085779de457499aed1585ab26c59,ord_dataset-ac78456835404910b3a4c840248b6ac9,1393,937557a15293a447000c38803e194f3d09fc827e635d0f8c719aad2fb7ff4664
368,ord_dataset-ac78456835404910b3a4c840248b6ac9:ord-3302b5ebba6c47ec8350e2e776c2a5c2,ord_dataset-ac78456835404910b3a4c840248b6ac9,238,ee8d8e246b834bbefef5b16613094e1781fe7eaa05acf1e709bbf6081cf60eab
369,ord_dataset-ac78456835404910b3a4c840248b6ac9:ord-330fa85cd3514793b2571233b0769152,ord_dataset-ac78456835404910b3a4c840248b6ac9,583,ef25567a2e68082b9aed0d4986eb4f41cbd51aa48e2961edfe761addf75974f5
370,ord_dataset-ac78456835404910b3a4c840248b6ac9:ord-3330a8d9d25348dd8b8d50362b13e3cd,ord_dataset-ac78456835404910b3a4c840248b6ac9,568,068a493ef10a01bcaeaf2a931d00b1631a7fa7c24c946a5818c3a37afa413386
371,ord_dataset-ac78456835404910b3a4c840248b6ac9:ord-3352bd39bee440e7b81b954ae3d50b5d,ord_dataset-ac78456835404910b3a4c840248b6ac9,1264,248f94ed278d61ac7c520be55efac16e35c6f7e903c36e0d032c71f375c6b505
372,ord_dataset-ac78456835404910b3a4c840248b6ac9:ord-339a6ad6ac14414fa7c9491ae7f13458,ord_dataset-ac78456835404910b3a4c840248b6ac9,1015,c216a152b262c29ce12445867f15943dd771bd360860d94b891f2506f39caa97
373,ord_dataset-ac78456835404910b3a4c840248b6ac9:ord-33bd297ac23e423bbc3494bd4c025475,ord_dataset-ac78456835404910b3a4c840248b6ac9,487,93154888c34d2aabc1a6b79dc6faa25bee7651a759d75cd03a4b35f7a042ed57
374,ord_dataset-ac78456835404910b3a4c840248b6ac9:ord-33d65fa0085a41dd84550ab418cffb92,ord_dataset-ac78456835404910b3a4c840248b6ac9,1309,9c20d053923cc4a1591aca46a773cbbce776a5e6d4146e45f4e999ede1647b9d
375,ord_dataset-ac78456835404910b3a4c840248b6ac9:ord-33eda7b62bae46bb9e868bf757481741,ord_dataset-ac78456835404910b3a4c840248b6ac9,801,0130bd500e94c3bd5fdc033edf1435255fb3a89f1f91157fd55133de82bbed6c
376,ord_dataset-ac78456835404910b3a4c840248b6ac9:ord-3482cda2b6424055add331507b4d283f,ord_dataset-ac78456835404910b3a4c840248b6ac9,157,922c411e238455982db301753aefe47c589f992f305cdf86c3b3b9acb15d322a
377,ord_dataset-ac78456835404910b3a4c840248b6ac9:ord-34a25b591f4f490fa26711699d756c28,ord_dataset-ac78456835404910b3a4c840248b6ac9,570,f4dfe73970366fd6fe8086957b65274d3ad8fe9acc0d014b10f960af9424dc2c
378,ord_dataset-ac78456835404910b3a4c840248b6ac9:ord-34c1bde0e9d64f4c9be6e2c463aab3e4,ord_dataset-ac78456835404910b3a4c840248b6ac9,1604,6b6ed22c835fde5cbc3f3a48b9f0fc293bae9b2247a0b1580574ae3c4a57dde8
379,ord_dataset-ac78456835404910b3a4c840248b6ac9:ord-34d755bafe1d4467b2086ae218707409,ord_dataset-ac78456835404910b3a4c840248b6ac9,1435,7dd084156f8b0da97cdb2f5dc169d07df8d1ffb85ad1c536148ebf100b79560b
380,ord_dataset-ac78456835404910b3a4c840248b6ac9:ord-3508dd9094dc48d2a63983674dfd69a2,ord_dataset-ac78456835404910b3a4c840248b6ac9,1039,d861e8c91c1dacdc3565317a03e94b53f972be7b06035fdcf80314b93b531828
381,ord_dataset-ac78456835404910b3a4c840248b6ac9:ord-3550e4d8f59c419086db68e380ab80f7,ord_dataset-ac78456835404910b3a4c840248b6ac9,212,10a305b3ae14f37ebde2fcd14c3074bf16ea64b45a0659ba1d505977df84df36
382,ord_dataset-ac78456835404910b3a4c840248b6ac9:ord-3592f27dfadf42a1ac79e31d7e1a37b4,ord_dataset-ac78456835404910b3a4c840248b6ac9,1232,6637f4600a6a67035bc664b668ad67a01ce93c850e6ed46aca36eb5f31006e8b
383,ord_dataset-ac78456835404910b3a4c840248b6ac9:ord-35ba43efb78141c5ad1758d3f1fa3384,ord_dataset-ac78456835404910b3a4c840248b6ac9,960,c9eb85bec1dcaf22ef165fde0286fc4d08a2f3d72473343890394c7716b95866
384,ord_dataset-ac78456835404910b3a4c840248b6ac9:ord-35d25acd637445ac860158004b1db4f0,ord_dataset-ac78456835404910b3a4c840248b6ac9,1383,881d915002a73408c6981d2c779b3df911d5cb9d6d67ebdaad3a00570298cef3
385,ord_dataset-ac78456835404910b3a4c840248b6ac9:ord-3608373e72734057b621459b7f8b6c9a,ord_dataset-ac78456835404910b3a4c840248b6ac9,1326,ea1287929c68f095a1bfb37346f3bbf44bb94b71c3f6bc6967d177ef7f0c2c30
386,ord_dataset-ac78456835404910b3a4c840248b6ac9:ord-366c48fd7b954facbf843d55bd2d7458,ord_dataset-ac78456835404910b3a4c840248b6ac9,12,380d57b5ac10a7406602abbdbefcc933b1b05809d715b9d4801e0bb7b36da9b4
387,ord_dataset-ac78456835404910b3a4c840248b6ac9:ord-369a8b53a68f47dfbc90b1ede0a17556,ord_dataset-ac78456835404910b3a4c840248b6ac9,1101,1d3e798bbc73cc50720fa92fe1c4a7c045e31cc2bbd9541c50a9ae2709d032c2
388,ord_dataset-ac78456835404910b3a4c840248b6ac9:ord-369ad113e28d42718ab81bbc36f6536c,ord_dataset-ac78456835404910b3a4c840248b6ac9,1494,fa4c22479e0cf984cbed3d98c1ebe714f5a65feefcf4ce12342fcd2cfc37cfd3
389,ord_dataset-ac78456835404910b3a4c840248b6ac9:ord-3777b7e6284c4a648f003f9039db3868,ord_dataset-ac78456835404910b3a4c840248b6ac9,951,594a8adc36fde7f1cdf6083a5bc18613daa5c34c5c69cd04b9c53e2954c6af69
390,ord_dataset-ac78456835404910b3a4c840248b6ac9:ord-38310e4eabb64b049f5aa2c1da142617,ord_dataset-ac78456835404910b3a4c840248b6ac9,400,3f0527af008b60a93a9393ac4a111c3b749fe99fb8e1294f7d9eb89fec29a951
391,ord_dataset-ac78456835404910b3a4c840248b6ac9:ord-3835173b32684a66beb1affe6b89342a,ord_dataset-ac78456835404910b3a4c840248b6ac9,467,e5b7ad91a5ab2e0ec72effb387195247cf91705452255f5262aa54f183beba64
392,ord_dataset-ac78456835404910b3a4c840248b6ac9:ord-3842d759fd124d21801c83e434d8a964,ord_dataset-ac78456835404910b3a4c840248b6ac9,1179,864eb38ddc661681920b6dd4d03a23a4b6312cedfd0c6a04ec8dd70e7d77df16
393,ord_dataset-ac78456835404910b3a4c840248b6ac9:ord-3869b23e58c6483cbe63edd734f2f18f,ord_dataset-ac78456835404910b3a4c840248b6ac9,348,3ad098dbfd4927f9ea75a730e534ea50ef6556e4642e323460e72c308760083d
394,ord_dataset-ac78456835404910b3a4c840248b6ac9:ord-390b5c00c36a4a71bfc709cef0d5e79c,ord_dataset-ac78456835404910b3a4c840248b6ac9,1520,b4f96255272d08b02035108d24515ae8491323de5feab6c2c307cb2531ab156c
395,ord_dataset-ac78456835404910b3a4c840248b6ac9:ord-391c25253e9c425daf937994b17c5e00,ord_dataset-ac78456835404910b3a4c840248b6ac9,526,89bfa31cf9443d716e7713cd5905465077d1fe7080e3b2c4e90638811a9104ba
396,ord_dataset-ac78456835404910b3a4c840248b6ac9:ord-39595a9e9c0d4b5ca5ac0832f912f185,ord_dataset-ac78456835404910b3a4c840248b6ac9,778,83e46a27a1604e79ceb8c2d1af2adb2d06c96a37a0ef36c1b22a193fa81c3fd6
397,ord_dataset-ac78456835404910b3a4c840248b6ac9:ord-3987e709e7f14ab08a57e90040b4dac1,ord_dataset-ac78456835404910b3a4c840248b6ac9,1504,983d70f4d17541981914ca28f2ac4d0e407fdcf1096009e84c28058d593ab2de
398,ord_dataset-ac78456835404910b3a4c840248b6ac9:ord-39b615bf868a49eab271c0f423cb8301,ord_dataset-ac78456835404910b3a4c840248b6ac9,154,e4dd81b9d65957674cd576cf52e7497e7cfaf9b88ded9b95e6322a156bfc1e9b
399,ord_dataset-ac78456835404910b3a4c840248b6ac9:ord-39d8f1abab8d4e74a17a24cb1ef21573,ord_dataset-ac78456835404910b3a4c840248b6ac9,339,8298a3cb4679e7694938401aa54ae9e9514d5674cb02259c8eb06ea2029f50a8
400,ord_dataset-ac78456835404910b3a4c840248b6ac9:ord-39ddaa69a27241a1af789a091e1d44f8,ord_dataset-ac78456835404910b3a4c840248b6ac9,734,4e830247548885c99c57f3578715e348cb4fa20fe0c9427616716a115bc4e34b
401,ord_dataset-ac78456835404910b3a4c840248b6ac9:ord-3a07dc370ffd48898aaeb810ab20b450,ord_dataset-ac78456835404910b3a4c840248b6ac9,1715,550e38387efdbb63598ea8e4061ca1a86d0c489094154f6988630be5f2257f3c
402,ord_dataset-ac78456835404910b3a4c840248b6ac9:ord-3a27c19811fd4a988e8b06277fc8ab94,ord_dataset-ac78456835404910b3a4c840248b6ac9,452,316343260f80df58823cc0c57460dc0199a9efb405753671456e3b5a670fcff2
403,ord_dataset-ac78456835404910b3a4c840248b6ac9:ord-3a29ab498ec5449ba81e4d46b1e8c6f7,ord_dataset-ac78456835404910b3a4c840248b6ac9,39,d16a1ce57de5cbed9836561b11b39bc08909d3f93e90e33a5e723b44f1a3577a
404,ord_dataset-ac78456835404910b3a4c840248b6ac9:ord-3a4ad1a55acb4d9a9109425f57b8fcfe,ord_dataset-ac78456835404910b3a4c840248b6ac9,985,08363e8b5aa9d7d97b87263cbad2a211c06ba107ac990654644ca37ed598e5a3
405,ord_dataset-ac78456835404910b3a4c840248b6ac9:ord-3a59da20b3d14d669295704329daa8c6,ord_dataset-ac78456835404910b3a4c840248b6ac9,1106,5867358964b7ad29a3494ffbf95d73f34a72cc570091b603836d560d8b579990
406,ord_dataset-ac78456835404910b3a4c840248b6ac9:ord-3a8c70b321f94a2b9e65e7c9e3c4ccb5,ord_dataset-ac78456835404910b3a4c840248b6ac9,144,aee8a13b2aef75a459ecf629727f149383b9f640f9a4fcdc7e0f3b26604171bf
407,ord_dataset-ac78456835404910b3a4c840248b6ac9:ord-3ac2fc4eb081461a8989415b5b74d6f0,ord_dataset-ac78456835404910b3a4c840248b6ac9,243,68e39c4d89d1323eb260a040d46dd60a8fad5ee4a0c85599b0697fb3a81471a8
408,ord_dataset-ac78456835404910b3a4c840248b6ac9:ord-3ae14cbee0154547816cc9eb1a474d9a,ord_dataset-ac78456835404910b3a4c840248b6ac9,434,7afcb83096d328004e025573fcb94f5237c44a41d427357089e0dcd2182e48ee
409,ord_dataset-ac78456835404910b3a4c840248b6ac9:ord-3ae8b33fcbbe47f88da184f7cfad6d8f,ord_dataset-ac78456835404910b3a4c840248b6ac9,670,94daa2a084e0481c78176a17f85c7c8d06445bef7f4f9e4d48a8de561b393cd0
410,ord_dataset-ac78456835404910b3a4c840248b6ac9:ord-3af0e0265a434fe896a175433cb2a223,ord_dataset-ac78456835404910b3a4c840248b6ac9,343,63adddc541dcfa1432da6bca7b2985fca9ac7a38a090a14c42b17ab89030b567
411,ord_dataset-ac78456835404910b3a4c840248b6ac9:ord-3b07456bb2974ceaa6d3d51a2f931e5d,ord_dataset-ac78456835404910b3a4c840248b6ac9,353,ef13fe1ee14352f84daec237dfb52cd846c12f56ffa0fdbfa1f575d87ea54b3f
412,ord_dataset-ac78456835404910b3a4c840248b6ac9:ord-3b3c0b20986d4767b564e328ba04c588,ord_dataset-ac78456835404910b3a4c840248b6ac9,1203,eca98f299f660a1f40c29f129e2b6219445ac10e86af0a0a215cc9c3299e726e
413,ord_dataset-ac78456835404910b3a4c840248b6ac9:ord-3b60820c11244c18a900e464e4c15ece,ord_dataset-ac78456835404910b3a4c840248b6ac9,1239,126f5fc72bc85dcc625fee892f286b700f76a6e3b73daabd4934c6b8cb4fe1c3
414,ord_dataset-ac78456835404910b3a4c840248b6ac9:ord-3b8ccb81b2b342259389bd326ac1ff89,ord_dataset-ac78456835404910b3a4c840248b6ac9,367,3155abf374648e03c88840edd8d476ae84ad337a4baaba804af67d5cedefbe15
415,ord_dataset-ac78456835404910b3a4c840248b6ac9:ord-3ba5d210b1db44729f44d978bcc1038f,ord_dataset-ac78456835404910b3a4c840248b6ac9,1104,34d3f3b65ba2bd5164ddd14ce90252a7f07f8a89326f271703cc2d8cfe774eb3
416,ord_dataset-ac78456835404910b3a4c840248b6ac9:ord-3bca673d2d1048ba802f265b438fe495,ord_dataset-ac78456835404910b3a4c840248b6ac9,1702,da44e26f47f479696c3b218ffbef80a153c1688290ad9af696628ffe769fda27
417,ord_dataset-ac78456835404910b3a4c840248b6ac9:ord-3bed35599d764ac99ea16184f54bc18c,ord_dataset-ac78456835404910b3a4c840248b6ac9,1121,495f64dff517f3389ac9ab6c0f271e5e2756d2a7b0a36693a093b1ff47e9861d
418,ord_dataset-ac78456835404910b3a4c840248b6ac9:ord-3bf395b7fab14342adfd198cc4d7e31b,ord_dataset-ac78456835404910b3a4c840248b6ac9,601,ee5933ff25f831f614e082a6b87dcffd56d8251eb5f86941724781877f952ec0
419,ord_dataset-ac78456835404910b3a4c840248b6ac9:ord-3bf6eaafc46b4dd9b82d7f9eea5678fc,ord_dataset-ac78456835404910b3a4c840248b6ac9,1632,8b890775254b280e584419d77b55c5b268a3ba61b601438a53b5b72c956f60ce
420,ord_dataset-ac78456835404910b3a4c840248b6ac9:ord-3bf783f1e30c459293fd9209e93ae5a9,ord_dataset-ac78456835404910b3a4c840248b6ac9,901,ef6a79fab5f350724601afda46d5c6095556aa64b100b2ab376f84d835c1305e
421,ord_dataset-ac78456835404910b3a4c840248b6ac9:ord-3c6c28efca484cb882e2cbab0f312990,ord_dataset-ac78456835404910b3a4c840248b6ac9,531,e9517316a4d5417d6aeb5d87cbbb7124c53bc57993681cbb61e16813d6a68d49
422,ord_dataset-ac78456835404910b3a4c840248b6ac9:ord-3c72bb3fb9b7442988341b8affe0d107,ord_dataset-ac78456835404910b3a4c840248b6ac9,758,6a2603344e06d97b3f5aaf3d90f08d962162edee74593f42fab8e4459b8adbe1
423,ord_dataset-ac78456835404910b3a4c840248b6ac9:ord-3c7e5b4576224fd7a78420dd021d0caf,ord_dataset-ac78456835404910b3a4c840248b6ac9,318,042129fc202aa14b8877d35aaa84b2e4e8d18dd86b01261ee3cc3cfc155419bb
424,ord_dataset-ac78456835404910b3a4c840248b6ac9:ord-3c8a6f7eab234b879a38e22dc9442cbe,ord_dataset-ac78456835404910b3a4c840248b6ac9,1298,285078ca7d8c94e519051d67110dae21eab17d833727f1e051b5f9fb3acd1e42
425,ord_dataset-ac78456835404910b3a4c840248b6ac9:ord-3ca0b1a65a6444f3a8ad7970e86fc31f,ord_dataset-ac78456835404910b3a4c840248b6ac9,1332,8ba937fabe089d901e0551aa3225776526c48fb95374433aed5ae2e42e5f9615
426,ord_dataset-ac78456835404910b3a4c840248b6ac9:ord-3cc6fe458f6347c39ce1e5afe2d463ce,ord_dataset-ac78456835404910b3a4c840248b6ac9,552,0a480788aaae85ca08c71b6f3882dc8a90c33be75c81bd1ec1e5a2954556915d
427,ord_dataset-ac78456835404910b3a4c840248b6ac9:ord-3d1cb690110147d5951ccad0a586e7f7,ord_dataset-ac78456835404910b3a4c840248b6ac9,250,be8228c74e7122edea46ac11cd089cfef205288046e70c0a1563018f2ce73814
428,ord_dataset-ac78456835404910b3a4c840248b6ac9:ord-3d2fecbe5c0b41bd8fba9473850e0e62,ord_dataset-ac78456835404910b3a4c840248b6ac9,581,0cbac2766d0084a9d2bb36a614bda8544ef3ed49b554d000c0a82b3bcf5a82d8
429,ord_dataset-ac78456835404910b3a4c840248b6ac9:ord-3d7a35b2516640879674badadd22b5d9,ord_dataset-ac78456835404910b3a4c840248b6ac9,1059,6007faa73fb0d9acb1b0a25b81ef64a9d82d01920d1fc5571f544ebc0587c027
430,ord_dataset-ac78456835404910b3a4c840248b6ac9:ord-3d7c7efc0a96445498da51c6f48dd854,ord_dataset-ac78456835404910b3a4c840248b6ac9,848,540283a5a2e3c6a0911bedaece2f3ae6823e24ecab9411820b3bb2a25bde1c09
431,ord_dataset-ac78456835404910b3a4c840248b6ac9:ord-3d898c6ae58f4a6ba9e81a66a8d50f4d,ord_dataset-ac78456835404910b3a4c840248b6ac9,984,ec3b0c2820d16e088b64db1da8c9edcc59a24eae47d875fee6963b4e8ce860de
432,ord_dataset-ac78456835404910b3a4c840248b6ac9:ord-3d8a6f856e934804821082b45c6e3602,ord_dataset-ac78456835404910b3a4c840248b6ac9,495,dfa1dfe424a5fdc07b101219d5bec3682d96ae103266d19e44a990331015691d
433,ord_dataset-ac78456835404910b3a4c840248b6ac9:ord-3dfcb7c46acf415d9cf52b3980aabcf4,ord_dataset-ac78456835404910b3a4c840248b6ac9,1265,2d30835d3784098e629607844d1c0afa2f2b19b5579f9a67dce670438cf9057f
434,ord_dataset-ac78456835404910b3a4c840248b6ac9:ord-3e02d936d3c549aeb2f1d11dda704a6a,ord_dataset-ac78456835404910b3a4c840248b6ac9,1064,827bf788d3e2ea265e66b2154a480ab0fc383432fb9fca2d43c64237d6118c15
435,ord_dataset-ac78456835404910b3a4c840248b6ac9:ord-3e08f5b10e804c98b5d749dd1f3e1eb3,ord_dataset-ac78456835404910b3a4c840248b6ac9,970,fb00d86a02d85a90c6bdc5a6957806c1eedc5180ac11431af6688fc331ec68c0
436,ord_dataset-ac78456835404910b3a4c840248b6ac9:ord-3e79edb446e94ab885626d66d05828ae,ord_dataset-ac78456835404910b3a4c840248b6ac9,1311,d1a6e255fc0990354d07595036d987ff3b33e1b6063e6633b911f1f953a53e28
437,ord_dataset-ac78456835404910b3a4c840248b6ac9:ord-3ee64a78efc6477081c8b4359a1e7514,ord_dataset-ac78456835404910b3a4c840248b6ac9,180,069dc25dab60b1a9570e3cacc6700fe6d4662f4b5c152df169682a0cf83dbfc2
438,ord_dataset-ac78456835404910b3a4c840248b6ac9:ord-3ee956c5401c4130bdad0d261bb2ac2c,ord_dataset-ac78456835404910b3a4c840248b6ac9,555,b888e3f1d5748d1bcee4bcbeb3d517cd52fc9716a5febb7e515d9b3ba0ef44d1
439,ord_dataset-ac78456835404910b3a4c840248b6ac9:ord-3f02fa5c15b942b08c4c1b692682b58b,ord_dataset-ac78456835404910b3a4c840248b6ac9,415,92a75440d5dc6b883398cf4829823d7b327966a93ca19f5117590b4cc754b4a4
440,ord_dataset-ac78456835404910b3a4c840248b6ac9:ord-3f6454f7d6424556bc489aa00efb7a7b,ord_dataset-ac78456835404910b3a4c840248b6ac9,627,e1360d942b49cc2fc7c23ba90fc5e6480bb4b4c408404e953bd6dfbcda10562f
441,ord_dataset-ac78456835404910b3a4c840248b6ac9:ord-3f7b21fb4cf04ca5be1e45cff0377b2b,ord_dataset-ac78456835404910b3a4c840248b6ac9,855,721aebd01f3efd91eace89f043061c19df4dad698633cf5341a920891b24b793
442,ord_dataset-ac78456835404910b3a4c840248b6ac9:ord-3fcccb2e2f264a47820d2bba181ebfb3,ord_dataset-ac78456835404910b3a4c840248b6ac9,105,25e7410429b5ff52ba56b5ac0713d109cf88612ad40d4f18dcb03ae242698e79
443,ord_dataset-ac78456835404910b3a4c840248b6ac9:ord-3fe910c434a1403d9b2da7448d0c1e69,ord_dataset-ac78456835404910b3a4c840248b6ac9,1550,e2a85c247028efc393a5ff3edf9827ebb95fafd97926c5a5151c28bfad263d02
444,ord_dataset-ac78456835404910b3a4c840248b6ac9:ord-3ff08768faa24fa8b8c5ad81eccc7206,ord_dataset-ac78456835404910b3a4c840248b6ac9,24,8e59baa5938b4030129f2b25ba194eadf1d0b5570d9048d56ca5269256e844f1
445,ord_dataset-ac78456835404910b3a4c840248b6ac9:ord-3ff2c42ba7ab476e995d62d89c392293,ord_dataset-ac78456835404910b3a4c840248b6ac9,711,05d2613dcc0778f20b9a74bd59814518ca0d15b479fcb992cb0f0d708d024000
446,ord_dataset-ac78456835404910b3a4c840248b6ac9:ord-3ff7d9fa8410462b81f5c78b4c7aa7ab,ord_dataset-ac78456835404910b3a4c840248b6ac9,112,3f668ead9355a2768667eaf5bd0c70a44bc83ef6bd6265f44381b39d7dc667bf
447,ord_dataset-ac78456835404910b3a4c840248b6ac9:ord-40196433bfa741e7ba3b37e1c6d3a99c,ord_dataset-ac78456835404910b3a4c840248b6ac9,1267,4a6e0bac8df7509aaccaca81b4cd23c370ab201d7c4ccc0006df62f0bd1c717c
448,ord_dataset-ac78456835404910b3a4c840248b6ac9:ord-403a118973fa4c699d7322244b959c89,ord_dataset-ac78456835404910b3a4c840248b6ac9,1598,45cb7c9cfed35271631f1f28f2c237dfa90f3f0256f279fb638b0567bd11cf74
449,ord_dataset-ac78456835404910b3a4c840248b6ac9:ord-40897081440541419a100dc5c3d64470,ord_dataset-ac78456835404910b3a4c840248b6ac9,645,80808e5de6aa7ef0a55c30b5ed1ed9c4c65c7425a0237a0c81243ab02bdab0c8
450,ord_dataset-ac78456835404910b3a4c840248b6ac9:ord-40aedfc358084791b81630a1fa1db934,ord_dataset-ac78456835404910b3a4c840248b6ac9,1556,af99834f7de2cc3888e1c1c16995aa9d48ef5f9ade16275b37eec41cda13ce3f
451,ord_dataset-ac78456835404910b3a4c840248b6ac9:ord-40af93c3ad214f639bab3c72f906e044,ord_dataset-ac78456835404910b3a4c840248b6ac9,76,4fe50da4cdcd8979bc7104bc33864d8ff238d48c799ffcd6dab4c3dfc4f4eb0e
452,ord_dataset-ac78456835404910b3a4c840248b6ac9:ord-40cf3e7dea8643a69b8954dbf2adf5ef,ord_dataset-ac78456835404910b3a4c840248b6ac9,1712,4af96355b80b2059a2f50d263daf45e3d6ec0cec75005dc802302f1b522bc548
453,ord_dataset-ac78456835404910b3a4c840248b6ac9:ord-40d1460d093a4f4c89b242a4dbf9c226,ord_dataset-ac78456835404910b3a4c840248b6ac9,1131,1096a2dec498182c5d2e9250841b2a106357540b0394fd262cafcf692f091cbb
454,ord_dataset-ac78456835404910b3a4c840248b6ac9:ord-40d4afd95b944ea9ba2e25f62ad60971,ord_dataset-ac78456835404910b3a4c840248b6ac9,1478,edc24ca19b0cef71d9c2ea53a4be5be6d1adf16d574fa531eec7036800d18c49
455,ord_dataset-ac78456835404910b3a4c840248b6ac9:ord-410dc44c3dcb4e61a795fa62e6d5eb02,ord_dataset-ac78456835404910b3a4c840248b6ac9,1378,aa62d565469a80222eeb2ac91f6655861eebb55a06ff7add7a63026cce9e5410
456,ord_dataset-ac78456835404910b3a4c840248b6ac9:ord-411ee0a8b9cb498ea98ea537e2e6a247,ord_dataset-ac78456835404910b3a4c840248b6ac9,209,9d73cd0ce93127971d940df147654f097274b8e05966dcaecc937528dfef696b
457,ord_dataset-ac78456835404910b3a4c840248b6ac9:ord-414273756a9942b2899a23b4295cb72b,ord_dataset-ac78456835404910b3a4c840248b6ac9,1433,525ae000cdb8192f70c5e3da2521a0a3b6c07c4fa257cdbc343ec8d91c289510
458,ord_dataset-ac78456835404910b3a4c840248b6ac9:ord-415d11b8f0fa4159adcf8ba110a4a008,ord_dataset-ac78456835404910b3a4c840248b6ac9,142,76d422383b62c331a67cbce2551ce25151c4e7d7cbbcb21de4994f9ed6c63611
459,ord_dataset-ac78456835404910b3a4c840248b6ac9:ord-41809f9116d94f7e91dc693bd47186b0,ord_dataset-ac78456835404910b3a4c840248b6ac9,53,78d5ee78703d6f5fbb2ad7be68306941b861b02059a9c3e0d31684aa766a821d
460,ord_dataset-ac78456835404910b3a4c840248b6ac9:ord-41954b3b5a3c4adca0b83117a5df1072,ord_dataset-ac78456835404910b3a4c840248b6ac9,535,4fd0db5881e860e14a9e2f6052fbf25707c0c259810a233b5dcac4f6ffb81074
461,ord_dataset-ac78456835404910b3a4c840248b6ac9:ord-4199ae73df7347ef8b0ffe8dbd8cae55,ord_dataset-ac78456835404910b3a4c840248b6ac9,584,9a2ac4f005b4d8e615bb5e552bf0608bc81e208ff1853e6da7fa0afeb6cf0623
462,ord_dataset-ac78456835404910b3a4c840248b6ac9:ord-41d0cb1bcbf24d558b03de9f0e1a030a,ord_dataset-ac78456835404910b3a4c840248b6ac9,10,95d61ad206e99e20b8ecb601f210b9d831d61444b9a9aaf31edc0b64594772a5
463,ord_dataset-ac78456835404910b3a4c840248b6ac9:ord-41fba73460e64207989879b4b48b9b42,ord_dataset-ac78456835404910b3a4c840248b6ac9,1400,1c8fc0726113f8458db09c004a4620432722851e05b19ba1e0c9a4807da55f4c
464,ord_dataset-ac78456835404910b3a4c840248b6ac9:ord-421165aa72eb42a8beeeeb50dccfe0b3,ord_dataset-ac78456835404910b3a4c840248b6ac9,1425,a259205f50ba948b8f4b92d3f92f3f468ddb168735a78bc2273a17620138bea1
465,ord_dataset-ac78456835404910b3a4c840248b6ac9:ord-42455d756f724befa315b9a979b94e40,ord_dataset-ac78456835404910b3a4c840248b6ac9,445,5d3677c3f5c6c54ba7b1c3376147de0bc742ca31faf6f52baeadb605dd7d8907
466,ord_dataset-ac78456835404910b3a4c840248b6ac9:ord-4268f626c2de4f46ac3322dc4bef9a5f,ord_dataset-ac78456835404910b3a4c840248b6ac9,401,0b3001982a0551ab84f84d9d6aa45806f10664857bd45f3e14c4e90da43a749f
467,ord_dataset-ac78456835404910b3a4c840248b6ac9:ord-4282b3ee06f6483ba6cc16c2cbeacb43,ord_dataset-ac78456835404910b3a4c840248b6ac9,886,05bbd25d8992ba1131ab2c512cead4241e0ad6c96e1fdf9a13693733b8aa5dfa
468,ord_dataset-ac78456835404910b3a4c840248b6ac9:ord-42f13dc2ab5349cda4818792c7887f1f,ord_dataset-ac78456835404910b3a4c840248b6ac9,696,a9686fdcb2c4856134d7c3c3e6702816db5225183e0ce410381c96e48d85dc17
469,ord_dataset-ac78456835404910b3a4c840248b6ac9:ord-43203232c23c4e01aff493f51ead53b1,ord_dataset-ac78456835404910b3a4c840248b6ac9,1252,afb74798c7702b1be113a37747115e0df13b438aa1a1c578a4f8330f455fe707
470,ord_dataset-ac78456835404910b3a4c840248b6ac9:ord-4321500f77bc45d69cd1a071f8b05378,ord_dataset-ac78456835404910b3a4c840248b6ac9,8,d5ba5a4dd7e35b54574fbacdb53145c0671f747d8f9c3f8afefebb154609ff21
471,ord_dataset-ac78456835404910b3a4c840248b6ac9:ord-433c48ae4fca495c927c4938d70c04a0,ord_dataset-ac78456835404910b3a4c840248b6ac9,637,bb727beeabc2905a37779a85722dea8989fcc101d2f1d30dc65a1f9e66ae9b58
472,ord_dataset-ac78456835404910b3a4c840248b6ac9:ord-438b17b36e654606982a5d7a2f9b283c,ord_dataset-ac78456835404910b3a4c840248b6ac9,1457,794694f140b5da6d989ae65966e23186840a2544d485a35de4cc85733363e87e
473,ord_dataset-ac78456835404910b3a4c840248b6ac9:ord-439f8bcd91c246f88fa8e7a95dbc2990,ord_dataset-ac78456835404910b3a4c840248b6ac9,332,f8cb57d83881b4f2d90a64b9c0d246d4eac111896e3c003901f1ac3a40b3b474
474,ord_dataset-ac78456835404910b3a4c840248b6ac9:ord-43a181c1ee65480cba78118c420f4bf5,ord_dataset-ac78456835404910b3a4c840248b6ac9,908,3c8234e947d6beea44a919570809b1ff874e76670b4b2cfb0836e693961aae0b
475,ord_dataset-ac78456835404910b3a4c840248b6ac9:ord-43c79c57819e4ae79af0c5c5cef8e470,ord_dataset-ac78456835404910b3a4c840248b6ac9,522,008f0c64eea144eb7195621698c33cf4b582ae3383cc5b9b0f50927ebb7155b5
476,ord_dataset-ac78456835404910b3a4c840248b6ac9:ord-43e717091ffb44b791e5a380bacde284,ord_dataset-ac78456835404910b3a4c840248b6ac9,398,0d1ff43e4947f40a0eef2314bcaa6f3f778e1d3c719ff6c5153825a7a80c8b8d
477,ord_dataset-ac78456835404910b3a4c840248b6ac9:ord-443769e3e1e5499e8d4dbb19aea3bc19,ord_dataset-ac78456835404910b3a4c840248b6ac9,220,26ae2e07c60731fd6f07a6e2b3b720e75f06ef156001a64623d667f6bf1b4857
478,ord_dataset-ac78456835404910b3a4c840248b6ac9:ord-444c547e4f844403ae1ff0816c41315f,ord_dataset-ac78456835404910b3a4c840248b6ac9,869,4d5f761db3de639d80cdeabc2171c07ae8dd9c08d35ed5b9424b7eb72d9b9fc7
479,ord_dataset-ac78456835404910b3a4c840248b6ac9:ord-446596c009914895959bfac7730ea552,ord_dataset-ac78456835404910b3a4c840248b6ac9,89,8d9412e005046e6be68681172cebb496b8783f8c1f40fe847b8b25228b0e7af7
480,ord_dataset-ac78456835404910b3a4c840248b6ac9:ord-446bb9bcb5274262add92ddf9005e8cb,ord_dataset-ac78456835404910b3a4c840248b6ac9,370,e0c5d8349e303417e0e5215169a5d23d287bbe5205932148e3f2aa18eeb14d85
481,ord_dataset-ac78456835404910b3a4c840248b6ac9:ord-4490b9fd0ce04ed087f744a73e3f9916,ord_dataset-ac78456835404910b3a4c840248b6ac9,980,92a52f38a681de6f5faadc959baa97d35f273624ad3bd624495f710c5f6c22d9
482,ord_dataset-ac78456835404910b3a4c840248b6ac9:ord-4509c4c165564245a5c474461fc1a4a1,ord_dataset-ac78456835404910b3a4c840248b6ac9,1097,f386b6f5aaf0f8f96c7b5dfe293586c54b3b28791149cfb4cec73c2cd6fbf896
483,ord_dataset-ac78456835404910b3a4c840248b6ac9:ord-451182b11a8742bfa1867ac811db73c0,ord_dataset-ac78456835404910b3a4c840248b6ac9,1360,547c814b9aacf83753d4b7764046024c1352cd3cc9aeca89c835e76a1168a0fe
484,ord_dataset-ac78456835404910b3a4c840248b6ac9:ord-4561873abfe5438f8594e38f50c7fa11,ord_dataset-ac78456835404910b3a4c840248b6ac9,471,4cb8e5e529f476e4bf2da94c3495566fc0fc2704956869df2aa7d4999da87484
485,ord_dataset-ac78456835404910b3a4c840248b6ac9:ord-45773a2ab2494d649454bb9fe0a0521e,ord_dataset-ac78456835404910b3a4c840248b6ac9,136,769af551755363a272b4ada3640c345d19f874c068720f82da78e74dacf39f95
486,ord_dataset-ac78456835404910b3a4c840248b6ac9:ord-4583f150527545eabdab56e7bfe0c08e,ord_dataset-ac78456835404910b3a4c840248b6ac9,77,0208c68dc82c48f6bb75e55ff33a7c1cb323203d65f4a1354f9c6627c6de293f
487,ord_dataset-ac78456835404910b3a4c840248b6ac9:ord-4595d77f90fc4a13ac608fc852573db4,ord_dataset-ac78456835404910b3a4c840248b6ac9,1020,1dc20dc21729e0213893687450dba2e5e6cf9ec39d8c905361cbb1a1d8221d4f
488,ord_dataset-ac78456835404910b3a4c840248b6ac9:ord-45aeac85580446339e24047c6aa28349,ord_dataset-ac78456835404910b3a4c840248b6ac9,1318,6b48b4856f786873fef8da1fcae4e56889101e32ab0b6e018d7734a7f061b89b
489,ord_dataset-ac78456835404910b3a4c840248b6ac9:ord-46173ae36047489e978a7434a8d8b639,ord_dataset-ac78456835404910b3a4c840248b6ac9,558,ad1898ffbdeba51a54147d564748ca790649eace763e633b3be3f06a682b4b0b
490,ord_dataset-ac78456835404910b3a4c840248b6ac9:ord-461a0d3a15724e89af9546f2a18ba9eb,ord_dataset-ac78456835404910b3a4c840248b6ac9,1167,783136f99a5fe3df06a4c5b888ba2354ce4d24c1d216f3ded0752cabe0074920
491,ord_dataset-ac78456835404910b3a4c840248b6ac9:ord-461fb8c14f0d41668621f854c47a8539,ord_dataset-ac78456835404910b3a4c840248b6ac9,1110,622b8faa375871c317f79e0c4e58178f674a3a990121889a63a48a94ce0b81a5
492,ord_dataset-ac78456835404910b3a4c840248b6ac9:ord-4625800fe26e4a079a30a6bdf6f7536b,ord_dataset-ac78456835404910b3a4c840248b6ac9,1205,6cc1c6e201d0ac44fb04348c4605d31180d48d339c3cba1a1fd7f5c4ce318700
493,ord_dataset-ac78456835404910b3a4c840248b6ac9:ord-4662c966028d47ac991fd0bed2e432fe,ord_dataset-ac78456835404910b3a4c840248b6ac9,1251,1a2916c301c96c96dcf827de95dba325aaa654a64e0a09facda3898f67d90b68
494,ord_dataset-ac78456835404910b3a4c840248b6ac9:ord-4685608d80dc4f4492a043a809900c34,ord_dataset-ac78456835404910b3a4c840248b6ac9,440,8fd37cd5b29ef76fffa4d2f2873b4ac03bf9ffb945b70c3ab3acd5ba0a94d3c9
495,ord_dataset-ac78456835404910b3a4c840248b6ac9:ord-46bdd6b4630442a28d7efc0e6deda839,ord_dataset-ac78456835404910b3a4c840248b6ac9,561,a6b84e6f967ebf5aa27f4dc5035e5958e8ea3a3bda3d06b40c8f4f7f49de4b54
496,ord_dataset-ac78456835404910b3a4c840248b6ac9:ord-46c4dec8ffb540f49d1a68b4f4172ea9,ord_dataset-ac78456835404910b3a4c840248b6ac9,277,bb65916612079546c58f89c7349d8c22010270564ec132192ba3eb745c443538
497,ord_dataset-ac78456835404910b3a4c840248b6ac9:ord-46e92368a43745f6ad7c74940095b940,ord_dataset-ac78456835404910b3a4c840248b6ac9,1031,640932a0abfe640658fc4848abfbb03a2842967ae72fd6bfad1be62e5612f598
498,ord_dataset-ac78456835404910b3a4c840248b6ac9:ord-46f3b320ff4846f1a573ffb91cb707f7,ord_dataset-ac78456835404910b3a4c840248b6ac9,1139,c9f600f7ec0ad7e715b6d0ea09fbd9d68be2ada8fe10773649da590281acb7a2
499,ord_dataset-ac78456835404910b3a4c840248b6ac9:ord-47356fc076fc4930a6424a3b532d1230,ord_dataset-ac78456835404910b3a4c840248b6ac9,563,9cd4e65cf0a00e8603074fd5b40e048b81646be77f69f66b748acbbcb6565535
500,ord_dataset-ac78456835404910b3a4c840248b6ac9:ord-475dfcfab2874e14829c97176340e245,ord_dataset-ac78456835404910b3a4c840248b6ac9,675,5dc77c5f7343e6eb2eee75980250b86946f8d6a6caed3db0e4b368747b463555
501,ord_dataset-ac78456835404910b3a4c840248b6ac9:ord-47824ab28f4848bd9b4fe7902153e399,ord_dataset-ac78456835404910b3a4c840248b6ac9,1120,9473ef4787ed47f3d9420117c0b27e0d4ebbfc0554463065e742a740715bbe1c
502,ord_dataset-ac78456835404910b3a4c840248b6ac9:ord-47947d92054b477abd778bcceae872bb,ord_dataset-ac78456835404910b3a4c840248b6ac9,1436,61757bba62a746827f490d04123ef18da9d643fc78e343c0ce56d16fd94e8b5e
503,ord_dataset-ac78456835404910b3a4c840248b6ac9:ord-47c735844eb54b99851616bd3574eb13,ord_dataset-ac78456835404910b3a4c840248b6ac9,140,0e83476b1666fb06fa97d817bef1579fb0c03ea309e7d731a7e988280f04109a
504,ord_dataset-ac78456835404910b3a4c840248b6ac9:ord-47c7cb4c330146a38630980274d05352,ord_dataset-ac78456835404910b3a4c840248b6ac9,1082,28434a8d56e3bda774b964193a7503d19d5523151783cdf07d1c84d9a5e0e35b
505,ord_dataset-ac78456835404910b3a4c840248b6ac9:ord-481de9cf18d04bee8e311fc5c57ff21a,ord_dataset-ac78456835404910b3a4c840248b6ac9,952,771f380231126cfe1db08495e23395a7eef24be2edeecd73fcdf3fc8a1497bea
506,ord_dataset-ac78456835404910b3a4c840248b6ac9:ord-482ff82218a747faa1848fb5ffea98a3,ord_dataset-ac78456835404910b3a4c840248b6ac9,1365,79acfb005b83787dcfa2b4a1430cf23c80c2112dd414ce8592f00fad7de9a898
507,ord_dataset-ac78456835404910b3a4c840248b6ac9:ord-4851d5c80fab4b6e9935eb80d573d8ce,ord_dataset-ac78456835404910b3a4c840248b6ac9,856,f09bf83edca79cb0bf80dbf62ccb34e767d56c73c576c425846ab72c423ff9d6
508,ord_dataset-ac78456835404910b3a4c840248b6ac9:ord-4853304db07043acb42c71b9a11b9f40,ord_dataset-ac78456835404910b3a4c840248b6ac9,460,58616073fd2e51a8ee04df9c8f6daca5b23d2aae02cd5be845c14bac5514a1f8
509,ord_dataset-ac78456835404910b3a4c840248b6ac9:ord-485e03bf040f455b8164f16893d61a13,ord_dataset-ac78456835404910b3a4c840248b6ac9,365,adf65992496a41d83e3543792ce43a375b5d6f74c26f707cd071c496268c0d4b
510,ord_dataset-ac78456835404910b3a4c840248b6ac9:ord-4880e8ecff6f44d4b98ae46e230584aa,ord_dataset-ac78456835404910b3a4c840248b6ac9,1534,1b38b3953b38a7b7cf4312dc7538b2104b7bc44f55ee3b070188d7f8612f9d66
511,ord_dataset-ac78456835404910b3a4c840248b6ac9:ord-48aca133a93e4b4086b914128091b9a0,ord_dataset-ac78456835404910b3a4c840248b6ac9,718,6033fa41d7092953ffaaeb62d036506ac8cdaee99d9d6e4b944ea4dc0f69d038
512,ord_dataset-ac78456835404910b3a4c840248b6ac9:ord-48b163fa859e49d89b515557d567058a,ord_dataset-ac78456835404910b3a4c840248b6ac9,727,4f38b41a6f2a957d73044bf46905a2a2d40e9c202098b7c3c5df0f679b7ffc6d
513,ord_dataset-ac78456835404910b3a4c840248b6ac9:ord-48ecf9fdf98b486bac1d7885202993cd,ord_dataset-ac78456835404910b3a4c840248b6ac9,377,dd2f638aa0111b95ffde849d9d5036ece7f333783a1af09a0c45d080de5072a2
514,ord_dataset-ac78456835404910b3a4c840248b6ac9:ord-48fa1cc624ec464cb793f3798b76104a,ord_dataset-ac78456835404910b3a4c840248b6ac9,994,f8962a5ca4218b18bae2029fa6b21cae3e4aa41bd73e8094d44319e9b7175a65
515,ord_dataset-ac78456835404910b3a4c840248b6ac9:ord-4946500809f54296a46d3f72f7c384fb,ord_dataset-ac78456835404910b3a4c840248b6ac9,807,76aae7492ff85ed2ea941af3b690bd345339a704ff43beed3d7b4fdd32c64bff
516,ord_dataset-ac78456835404910b3a4c840248b6ac9:ord-49625c2167d74d4c84deb87d1a19486a,ord_dataset-ac78456835404910b3a4c840248b6ac9,750,35e5e774b7ec0b682da990c5b6d44d7eef571ffafee1b8fda46f0c48b9632655
517,ord_dataset-ac78456835404910b3a4c840248b6ac9:ord-49978f6ce6a04375a7f6a85047f5d513,ord_dataset-ac78456835404910b3a4c840248b6ac9,378,47066bf38e4106d14cf664b3c1f08a0b8305721b04d5786ad840a80221dd0051
518,ord_dataset-ac78456835404910b3a4c840248b6ac9:ord-49b6cbd489e04361a7c30e6d55717ed6,ord_dataset-ac78456835404910b3a4c840248b6ac9,1442,2699a5735ae00243d9ed3c3f955fd63d6402ae7b4a0d0b99594a191db7ccbb4e
519,ord_dataset-ac78456835404910b3a4c840248b6ac9:ord-49dc065778b24bb881aca7c17e0b18ee,ord_dataset-ac78456835404910b3a4c840248b6ac9,878,2a3d9e30250c542b19edd5279c0e8e81c7d0f62cf7894aa1a3a40826bf42d021
520,ord_dataset-ac78456835404910b3a4c840248b6ac9:ord-49e65e083e6f413f92cc4daf711422a1,ord_dataset-ac78456835404910b3a4c840248b6ac9,1449,d000a7c76bca71bb1d067578d418a3abc0f447f6fdc09fb124a3af6b9a7a4f37
521,ord_dataset-ac78456835404910b3a4c840248b6ac9:ord-4a32c407d31b456bbac52fd01d036fbf,ord_dataset-ac78456835404910b3a4c840248b6ac9,688,760e91ccee95e8716455d7e45e85e7797453920f7ea2985fe4e4d2e96012f9a0
522,ord_dataset-ac78456835404910b3a4c840248b6ac9:ord-4a37780d81534a9bb75f846f285441bd,ord_dataset-ac78456835404910b3a4c840248b6ac9,1314,77c4ef6869507b7796777f402baa3e8d5635ac168f1c3d704014d0e443ee3a2d
523,ord_dataset-ac78456835404910b3a4c840248b6ac9:ord-4aff6b38f11c412abafd7696713ce0f1,ord_dataset-ac78456835404910b3a4c840248b6ac9,510,afe4c43ced020aaa8e8e18f1f16015f7f6a25e37d241009ff4f9efc463089699
524,ord_dataset-ac78456835404910b3a4c840248b6ac9:ord-4b03406e1e9a4827becd28351a98727e,ord_dataset-ac78456835404910b3a4c840248b6ac9,1675,51a8e0045de1831c9a7129ab901c24743078f137a1a5f71f72051e2796344883
525,ord_dataset-ac78456835404910b3a4c840248b6ac9:ord-4b284c5210fe494f88aef29be8e1bea0,ord_dataset-ac78456835404910b3a4c840248b6ac9,237,d9c3282a815fba9e7641fb7fd695f4a9854d768dd9df70291a2509030a333d0c
526,ord_dataset-ac78456835404910b3a4c840248b6ac9:ord-4b2b1f2674e046439ce854c68c59fb25,ord_dataset-ac78456835404910b3a4c840248b6ac9,1038,8ceaa9f8e594b780aa96357c0dc23b17b26f22582a77300982c215ba8d24c89d
527,ord_dataset-ac78456835404910b3a4c840248b6ac9:ord-4b7e5c10ea864cc0b720a8e152e45138,ord_dataset-ac78456835404910b3a4c840248b6ac9,735,ca04bb24e2b5451a090b87260a1c9b858a687777ceb228f72f74fed1921cddac
528,ord_dataset-ac78456835404910b3a4c840248b6ac9:ord-4bada8feaa8d4d2fa0a34bcf293ba756,ord_dataset-ac78456835404910b3a4c840248b6ac9,624,bf712505938eba989625bae9a66bb3fc88e15bc3328a539731be901d3d96ec73
529,ord_dataset-ac78456835404910b3a4c840248b6ac9:ord-4bbf419ffeaa44b6a36df39709af9f76,ord_dataset-ac78456835404910b3a4c840248b6ac9,278,1deccf059e842382b525154b11f0427921d7b38f950375acfdbf42500241fa78
530,ord_dataset-ac78456835404910b3a4c840248b6ac9:ord-4c098c1dbe924843a414c1e381821e85,ord_dataset-ac78456835404910b3a4c840248b6ac9,1521,56d25d22814ed399113d9a943615d4cd8454c262a8f032695d28ad220f4db24d
531,ord_dataset-ac78456835404910b3a4c840248b6ac9:ord-4c617bc7b0604c8d8db9a9fded798ff1,ord_dataset-ac78456835404910b3a4c840248b6ac9,493,4da30ef285e6b9e75c69230b5cc4ecb833c79b4a43c0c52620c50131a56e956c
532,ord_dataset-ac78456835404910b3a4c840248b6ac9:ord-4c6183d4551948ad85321a4ebd0ea7b0,ord_dataset-ac78456835404910b3a4c840248b6ac9,273,6c142d6faa88dd3b609e1fd6701d3c2e61af6520c31238df3a6360b5d66949e7
533,ord_dataset-ac78456835404910b3a4c840248b6ac9:ord-4c72a0b288be499490fc30421d274ac3,ord_dataset-ac78456835404910b3a4c840248b6ac9,981,b6901b854638b77363b8bace4ababbfa2ef55db398906d60e9bbb8cda03853a8
534,ord_dataset-ac78456835404910b3a4c840248b6ac9:ord-4c9f5f91e8154afda7f611be6363a6f7,ord_dataset-ac78456835404910b3a4c840248b6ac9,585,308a447f3de872bf5010ae3890823063c9433164f1694ef8d833722182ff25c7
535,ord_dataset-ac78456835404910b3a4c840248b6ac9:ord-4ca09c026c574906b5d68d4e07139c12,ord_dataset-ac78456835404910b3a4c840248b6ac9,133,c027984a52842e0b8787e2ac8a319ae9de50a9b2f955e9b7bcba687dbe5024ba
536,ord_dataset-ac78456835404910b3a4c840248b6ac9:ord-4ca24c50fd5d4c2cbaa963d8d9da6172,ord_dataset-ac78456835404910b3a4c840248b6ac9,103,fd49be17db71b5c83717549afd7d678c3321902c60d95b4e015f9df2b3d56194
537,ord_dataset-ac78456835404910b3a4c840248b6ac9:ord-4cd6bd316259411986b14836691d5f7c,ord_dataset-ac78456835404910b3a4c840248b6ac9,690,0fc7a56874edab98bcd290f9b6db75b9270d08d4426164f2a7505ffb4a84f900
538,ord_dataset-ac78456835404910b3a4c840248b6ac9:ord-4d49771dd4e14b12905b6989bb7ee0ad,ord_dataset-ac78456835404910b3a4c840248b6ac9,1561,448dd2e50f834a5800fa359d9d1b616cfea171d59ceb20132aaffbe8604f342e
539,ord_dataset-ac78456835404910b3a4c840248b6ac9:ord-4d6b81aef9e64ddea4397cf313f67013,ord_dataset-ac78456835404910b3a4c840248b6ac9,1366,625245b3ac3bbd2e29960b11bfaa14c6ef19f3fcd5ceb3fb1225aa962df9970a
540,ord_dataset-ac78456835404910b3a4c840248b6ac9:ord-4d841974b5a641bda64ec07ee751f3ce,ord_dataset-ac78456835404910b3a4c840248b6ac9,75,dcfe5b94691909bfa1a4f151901b4393820b5e91ef036300f35a822bf6a9fea3
541,ord_dataset-ac78456835404910b3a4c840248b6ac9:ord-4da49cb2a6f54f98a5a7d469497d3963,ord_dataset-ac78456835404910b3a4c840248b6ac9,576,35215700230fdfcfdcb1815c29f1e80ec69f7d130151e957b04669ff088978cf
542,ord_dataset-ac78456835404910b3a4c840248b6ac9:ord-4e112a9c9fb5457aa537d4e2aabbff5a,ord_dataset-ac78456835404910b3a4c840248b6ac9,924,f387716713de07bca738f8ad9fd62183f63047fccc7eaae3caeb51f4bad12da1
543,ord_dataset-ac78456835404910b3a4c840248b6ac9:ord-4e130a7178ec4652b24f57046e427e9f,ord_dataset-ac78456835404910b3a4c840248b6ac9,1077,b6276467a50909561aa63e622436798d7d42779034d541f2248bbf24e1cb7710
544,ord_dataset-ac78456835404910b3a4c840248b6ac9:ord-4e70fb990f3d4f41a401daf4c1c8e77a,ord_dataset-ac78456835404910b3a4c840248b6ac9,269,3e7bce8c8273d731c72963565fb47472810042fdc4cd6d44cbbeb42485c07118
545,ord_dataset-ac78456835404910b3a4c840248b6ac9:ord-4e8b3805cb4d49e4a4b07c2d972733b5,ord_dataset-ac78456835404910b3a4c840248b6ac9,459,e8131251902b679e6ff1be957746aa94a51f700ff17e21d8983ef15ebc6d4359
546,ord_dataset-ac78456835404910b3a4c840248b6ac9:ord-4eac2c1f1bb7430e837e833817734067,ord_dataset-ac78456835404910b3a4c840248b6ac9,391,4186b895b2a5b0060493cf97a5e5c03702a3669fb0b042cbfa6ba56b2bb8acee
547,ord_dataset-ac78456835404910b3a4c840248b6ac9:ord-4f0200dcbfa4459cad6de7f708ee2fcd,ord_dataset-ac78456835404910b3a4c840248b6ac9,189,e0ad20ed6f76c7c4298b45dd2ff79d1501319e889ac48e819e3d9761de04b245
548,ord_dataset-ac78456835404910b3a4c840248b6ac9:ord-4f19a6693e514da2a2464686b46e7ad8,ord_dataset-ac78456835404910b3a4c840248b6ac9,1437,e392785ec83dbe72c5d3851812d1dc518116ad7c4d8bbf7970343823dc004ca1
549,ord_dataset-ac78456835404910b3a4c840248b6ac9:ord-4fae564d80b6446cbf3c25e398667b27,ord_dataset-ac78456835404910b3a4c840248b6ac9,123,4d937a106f6aa72652e2166fd2a65de3bba016f5618197038456180cefcda2e0
550,ord_dataset-ac78456835404910b3a4c840248b6ac9:ord-4fe5356ae78d4b6c89dabf45d22e97d2,ord_dataset-ac78456835404910b3a4c840248b6ac9,1625,78023e0663df1929757e02af13a254f2ba23979eabafb2d75b35c4d5a5c3db96
551,ord_dataset-ac78456835404910b3a4c840248b6ac9:ord-4fe9d6a7364340f4a90607857cfca1cb,ord_dataset-ac78456835404910b3a4c840248b6ac9,895,3e2a44213872a91c9bf1a13fb67e2c4219f088f0d52263b094064136f359bae1
552,ord_dataset-ac78456835404910b3a4c840248b6ac9:ord-50570f22abe74c3ca9afd27ce7b80936,ord_dataset-ac78456835404910b3a4c840248b6ac9,569,3ac927849f22c9236d7b3b4e91640f3c736db2ffa81fa3a561ce5811916132c1
553,ord_dataset-ac78456835404910b3a4c840248b6ac9:ord-5060da58298b429093e8e2614a0dbcf8,ord_dataset-ac78456835404910b3a4c840248b6ac9,1532,b9129ade7a4eaebc1ccd3d5cf5ea8bc27b3ae474968fff25c5dbeb61a932ee12
554,ord_dataset-ac78456835404910b3a4c840248b6ac9:ord-5067695dc1534da58a92bee68330bddd,ord_dataset-ac78456835404910b3a4c840248b6ac9,203,c46c2f6d381aecf5925230d9176fd8d005d0f7510fa06c0ee9f23136d1860997
555,ord_dataset-ac78456835404910b3a4c840248b6ac9:ord-5074664eaf384d2b94f0a20994a9d1d1,ord_dataset-ac78456835404910b3a4c840248b6ac9,1004,c0bfe0579d176c3e42547fadd5c42e86f47521d4a01277cf0781902ae937a100
556,ord_dataset-ac78456835404910b3a4c840248b6ac9:ord-50aad0c4f04a4e42a2d4ae14b09887b5,ord_dataset-ac78456835404910b3a4c840248b6ac9,360,6ab014d317bd0616c7a604081a916eb52419f25a5d2e01df1765a7a3d9228622
557,ord_dataset-ac78456835404910b3a4c840248b6ac9:ord-50af1229f1084b24844afd2663774307,ord_dataset-ac78456835404910b3a4c840248b6ac9,229,d57189536632928aa619caaeb30db3ba43aa417307d2c1f0e10c9746a9455cf7
558,ord_dataset-ac78456835404910b3a4c840248b6ac9:ord-50d1a7d2b28042e6934f79c0f4f12d02,ord_dataset-ac78456835404910b3a4c840248b6ac9,660,6645a08412a892972612fbd794c6e3c381aa77aac30a646a34460b578dc4c698
559,ord_dataset-ac78456835404910b3a4c840248b6ac9:ord-50f60f287ff44c0593c92b1df37dccfa,ord_dataset-ac78456835404910b3a4c840248b6ac9,1217,0c1ee2fc3f716987a06b1165dbf5f9affc4c3365c3d887f2a296e50ef8fd5cff
560,ord_dataset-ac78456835404910b3a4c840248b6ac9:ord-510b0baa7b224981b3b225d23a7638a9,ord_dataset-ac78456835404910b3a4c840248b6ac9,524,74400d5ca18a7e91f4673d39bd68869f904a04194b2853bc4d15bfc7d7df4bfa
561,ord_dataset-ac78456835404910b3a4c840248b6ac9:ord-510d30eb1bd24527b4d87c253d5ee83a,ord_dataset-ac78456835404910b3a4c840248b6ac9,435,61a7e5a3c8b33e477f4d2f74f67ca680f8af7bcf87c7e102636c60cd8f33b5e2
562,ord_dataset-ac78456835404910b3a4c840248b6ac9:ord-5113d71aea904cb994b76b5e1b1dbd8a,ord_dataset-ac78456835404910b3a4c840248b6ac9,271,1c154e065d7f4ca92f3f87c69d5bdc96bb0a292b949176ddc1afdbc89ec5f291
563,ord_dataset-ac78456835404910b3a4c840248b6ac9:ord-511d2ec68ae04c7080f0926d1fca64b6,ord_dataset-ac78456835404910b3a4c840248b6ac9,934,43d09f0e56679cd01e0b9cf6c8755b5e0f8da90935afa560b5133e248c54c6c3
564,ord_dataset-ac78456835404910b3a4c840248b6ac9:ord-511d393f296f40cf82ee70244ee6bd80,ord_dataset-ac78456835404910b3a4c840248b6ac9,494,1ea63a38cf38d1d6e7af91e7dc53d9569b262f22e83f95ba94c8f2f9a56d4533
565,ord_dataset-ac78456835404910b3a4c840248b6ac9:ord-515325c1634a4b16b20eadfe17f63c94,ord_dataset-ac78456835404910b3a4c840248b6ac9,1628,8dc2c0c02eee35d964416451aa8af9b8ebe92c3b0dcc635d5ae884b605393dd8
566,ord_dataset-ac78456835404910b3a4c840248b6ac9:ord-516acf5c584b4ea4ac5374568aed89a7,ord_dataset-ac78456835404910b3a4c840248b6ac9,1472,d89fc5e5793a0ceb0ef4c18e6769f7c59fcb5d085750e780e48322d0638a9f5d
567,ord_dataset-ac78456835404910b3a4c840248b6ac9:ord-51e1c828e75440fb9a1484b6343c0797,ord_dataset-ac78456835404910b3a4c840248b6ac9,939,54b1f330015a1fa376637567207e6022bd80897c720b83f1289710a3aa586945
568,ord_dataset-ac78456835404910b3a4c840248b6ac9:ord-520f9bf97966455a913862ee8ad762ba,ord_dataset-ac78456835404910b3a4c840248b6ac9,1191,b55787f39275f6e77eb38026c2f0432967a11e10b9003088433f4e7587e7adb9
569,ord_dataset-ac78456835404910b3a4c840248b6ac9:ord-521d1d59fb154cc3bcda125134786f7e,ord_dataset-ac78456835404910b3a4c840248b6ac9,618,772bd6746c4848e9f1790e1bc9b786826e83ef670af30d97161dab4aa51dac36
570,ord_dataset-ac78456835404910b3a4c840248b6ac9:ord-5227a891c33844b2989ce92b09520ff6,ord_dataset-ac78456835404910b3a4c840248b6ac9,1189,8e9a9b7f7eb26343605a51034a7dbe2d53d5e35992bc8cf556a69396c3026605
571,ord_dataset-ac78456835404910b3a4c840248b6ac9:ord-527d8f0b1c1641a18a69fcadd9cc6a21,ord_dataset-ac78456835404910b3a4c840248b6ac9,22,4934107571f67409949e7c3444d34792a3f5fab0ed320e3d1fd6f77abc533aa8
572,ord_dataset-ac78456835404910b3a4c840248b6ac9:ord-52aeb25cce5344f0b92237746be7499c,ord_dataset-ac78456835404910b3a4c840248b6ac9,1649,11e501fe91b8977612dbda2bbaef22893fd0fee5e71daadec9472a2d2c83a34f
573,ord_dataset-ac78456835404910b3a4c840248b6ac9:ord-52e2047964174d49b09774368d84d5b7,ord_dataset-ac78456835404910b3a4c840248b6ac9,208,557710c8cae1772f5a7ed9c4e20fe3befa0a3dd63f522c2b898a54bf5fef5b16
574,ord_dataset-ac78456835404910b3a4c840248b6ac9:ord-52e216090d664fdaa9b7616aea5c1de3,ord_dataset-ac78456835404910b3a4c840248b6ac9,781,8500a72ff212f5a0736d17a30b68e2a0bcd3a3692b87198138f46dc7675be268
575,ord_dataset-ac78456835404910b3a4c840248b6ac9:ord-52efeebf5a1c412ca8a8fe62685ec138,ord_dataset-ac78456835404910b3a4c840248b6ac9,1103,a1c048654a752c260f2c42304ba07fe8f8fea3f08cfd5ceda1e9746f82d19154
576,ord_dataset-ac78456835404910b3a4c840248b6ac9:ord-52fbea64703a46d79a7494f680bf0624,ord_dataset-ac78456835404910b3a4c840248b6ac9,178,9e2e8c0ffa2e070696eba1c5e77f284b74d728feb98e8adf9595abaad2aa2c15
577,ord_dataset-ac78456835404910b3a4c840248b6ac9:ord-5315eaa120bd4d3486d8816e8a861890,ord_dataset-ac78456835404910b3a4c840248b6ac9,266,6ac0868dda9c60e49b32abdd0b0359f8a8f2dafe8b94a2260fa7a39b0f1d9353
578,ord_dataset-ac78456835404910b3a4c840248b6ac9:ord-532c150b2b934ac9b100c453cff01487,ord_dataset-ac78456835404910b3a4c840248b6ac9,333,4da4d8afa1d10c925995b844edf09594f466bf574cdd2e0366d5cfdaf9cd90be
579,ord_dataset-ac78456835404910b3a4c840248b6ac9:ord-534f31dc91734dc6ab99c6d202283df3,ord_dataset-ac78456835404910b3a4c840248b6ac9,1254,450b5d4400ff6fd03de67b2fe49ee3119c3e0200c65d5681cb663c833cd1a90e
580,ord_dataset-ac78456835404910b3a4c840248b6ac9:ord-538f1628fe944efc92bc1942184f01f3,ord_dataset-ac78456835404910b3a4c840248b6ac9,1513,1679e9e16196776bbd25c9cef96c25ae031b529d4f8552baf257af027ba41914
581,ord_dataset-ac78456835404910b3a4c840248b6ac9:ord-53a08ab245184b6895b37ce66ddf5faa,ord_dataset-ac78456835404910b3a4c840248b6ac9,1067,02e86358f2ca69ca530d648cd0df5089f53f484a21e3ca823beef81f59b16504
582,ord_dataset-ac78456835404910b3a4c840248b6ac9:ord-53afb0e1c93848bdb571911599bbf1ee,ord_dataset-ac78456835404910b3a4c840248b6ac9,232,dcdb1588bc46c1cbb4a375b4454e95fc5fef6fd4459d081fc50fdfd28821d3e7
583,ord_dataset-ac78456835404910b3a4c840248b6ac9:ord-53dc70d43d1d440e8715e0026c309573,ord_dataset-ac78456835404910b3a4c840248b6ac9,1465,88615e9a853f5e85ad9687a5e7eba0aeaa2b5612e89134ca3d8cf5dab3a04967
584,ord_dataset-ac78456835404910b3a4c840248b6ac9:ord-5472020b294546d18a27c18dcaf729a4,ord_dataset-ac78456835404910b3a4c840248b6ac9,344,a8bc80e96fa2f3739414c059cb0a4240d4a4304da05b9519fcb810415d5df68e
585,ord_dataset-ac78456835404910b3a4c840248b6ac9:ord-54c9f144cb594eb8ada3d7af1a07f2f4,ord_dataset-ac78456835404910b3a4c840248b6ac9,153,621541720b456ade99228e44da27851fafbc6fc7ee98d6b6e39871ec57a548ec
586,ord_dataset-ac78456835404910b3a4c840248b6ac9:ord-553a7dcaf66542ebb21b3a0114df259a,ord_dataset-ac78456835404910b3a4c840248b6ac9,1168,9c0a32554995940b7664cd056dabd9449de845f80bf419e6da343e7d0c80640f
587,ord_dataset-ac78456835404910b3a4c840248b6ac9:ord-55469dde9ee041c6be486f7292c824c0,ord_dataset-ac78456835404910b3a4c840248b6ac9,418,89f4a4a2b4a8f747e88a940fc2be975863ca2aca44a0a7ce91caa7b73546a4d6
588,ord_dataset-ac78456835404910b3a4c840248b6ac9:ord-5547a0ab6bb54dd4892f065e0e4d510a,ord_dataset-ac78456835404910b3a4c840248b6ac9,291,9b11681321de7b902402f442cd2d4a53a333708e007856cf992937be3014a7c6
589,ord_dataset-ac78456835404910b3a4c840248b6ac9:ord-55832fd36d0142e9a3e222dbf1fb2261,ord_dataset-ac78456835404910b3a4c840248b6ac9,587,655d358f63c4dd1292bbb2a69b6f4e25498689b01d96c4941a774a506a24d465
590,ord_dataset-ac78456835404910b3a4c840248b6ac9:ord-55903aa4d8f2413cbc66e0ffd6575966,ord_dataset-ac78456835404910b3a4c840248b6ac9,309,77911f60206e61b55468af1104f00cf397f1d00db904650dc0895c38b65f2934
591,ord_dataset-ac78456835404910b3a4c840248b6ac9:ord-55d17b484a21400db5d585133c314dab,ord_dataset-ac78456835404910b3a4c840248b6ac9,693,b609e27c5cd355c0f45154f0e401fe7342fad3789676b066462276b5d17b77bb
592,ord_dataset-ac78456835404910b3a4c840248b6ac9:ord-55df741a8b40415a8548f153ed46a73a,ord_dataset-ac78456835404910b3a4c840248b6ac9,256,0dc17ed5a7a4199add29df12a14fa2de05cdaba60313106a46b3dbdccbbb0444
593,ord_dataset-ac78456835404910b3a4c840248b6ac9:ord-55e0effcbd734f4b943a88032cd68644,ord_dataset-ac78456835404910b3a4c840248b6ac9,65,222a7df1fd3d496ddb129eff1adcc143338659218ed99916747c43363635a870
594,ord_dataset-ac78456835404910b3a4c840248b6ac9:ord-5609a270cf5b4c33bb0a84ac6048cd5a,ord_dataset-ac78456835404910b3a4c840248b6ac9,1330,4e9710f24b7c31983aca5b60340aab89f5094c3b6c03e770fce5fdbf6ecedd11
595,ord_dataset-ac78456835404910b3a4c840248b6ac9:ord-56159587690a44cdabae078b5a25b635,ord_dataset-ac78456835404910b3a4c840248b6ac9,545,7ba52ac7b2cf0d909df80880898444b37863cae4dc0153d727f2bdcfce707046
596,ord_dataset-ac78456835404910b3a4c840248b6ac9:ord-56bb13c279ba45f0a6d8926d1ffe1274,ord_dataset-ac78456835404910b3a4c840248b6ac9,553,f994a23abe6278ac59878c6ba05f6d1248f6f8d3a1c598ee8fa8b05470a6f41d
597,ord_dataset-ac78456835404910b3a4c840248b6ac9:ord-56bc1df27cab4b9f85e913c3aeb85772,ord_dataset-ac78456835404910b3a4c840248b6ac9,0,8ac262c578f93640f538cce9fe4c6e2307d94336a1cb8f11f6e7a1b63673f018
598,ord_dataset-ac78456835404910b3a4c840248b6ac9:ord-56efc692341e4688af6f1edbbde5e88c,ord_dataset-ac78456835404910b3a4c840248b6ac9,1663,9a7f114a0eebce0088e940c757b5acf3853caa350e5221045f516593db0e5db6
599,ord_dataset-ac78456835404910b3a4c840248b6ac9:ord-5727677d701b44038d472fb0929c498a,ord_dataset-ac78456835404910b3a4c840248b6ac9,785,105f9d0713bce1d832867fb812935c882df8ecdd4b8467c3812857c5ddb02a39
600,ord_dataset-ac78456835404910b3a4c840248b6ac9:ord-573662670bcc4eac928c871aa2222f80,ord_dataset-ac78456835404910b3a4c840248b6ac9,902,25461dcf0eb25b31d244f3b2d311a925ecee9fdac5dde03a574106fb22d129b9
601,ord_dataset-ac78456835404910b3a4c840248b6ac9:ord-574395758a0243608f0b3fbd0f391f3a,ord_dataset-ac78456835404910b3a4c840248b6ac9,1319,743668080a776bba2629e8c582b7eb3943f2b91bed77325bf9f96535d96f9332
602,ord_dataset-ac78456835404910b3a4c840248b6ac9:ord-57456894423549e296280a602ce44d37,ord_dataset-ac78456835404910b3a4c840248b6ac9,1320,60cf927da0cc2a98264fb3d6816918ab0c80c7a47dc0f6367c7d813b10cb2780
603,ord_dataset-ac78456835404910b3a4c840248b6ac9:ord-575af89735ce4470a257d2008aaf7500,ord_dataset-ac78456835404910b3a4c840248b6ac9,167,1ecb63daa3074ca0544e86e860b7e04a643ee7ba278e310db7b3b11abaa36670
604,ord_dataset-ac78456835404910b3a4c840248b6ac9:ord-5777e62945c747e4bf974edefe3226f7,ord_dataset-ac78456835404910b3a4c840248b6ac9,849,f7ea40860f685632b81a6bfdd3eb4246905235b476a552b1c138289da8a66b97
605,ord_dataset-ac78456835404910b3a4c840248b6ac9:ord-5779cc9c262e433997a4c6654725bd22,ord_dataset-ac78456835404910b3a4c840248b6ac9,127,db2771f82447a2ee8dbc9e2647b0171d74b4fa74742dc1df949d1958ffb64968
606,ord_dataset-ac78456835404910b3a4c840248b6ac9:ord-577d2942b25941b39dde3b1f2e190af9,ord_dataset-ac78456835404910b3a4c840248b6ac9,925,45d22705d5c12b819ff4aedc0d39cdbcffe476f4a56a86a3c82c264200f2bbb3
607,ord_dataset-ac78456835404910b3a4c840248b6ac9:ord-57852023ce674402ab34eb5461078efb,ord_dataset-ac78456835404910b3a4c840248b6ac9,726,671c7a2444ff672f5ddf7f07a667a4bfed742a4060c6aba069ad0a8eef1c33c4
608,ord_dataset-ac78456835404910b3a4c840248b6ac9:ord-57b82f6c175d4525aa994d0ab551deab,ord_dataset-ac78456835404910b3a4c840248b6ac9,653,0f62588f71fbf76c60fa414eb047bbd6f8609f00e044265eec05cf97c29d6cee
609,ord_dataset-ac78456835404910b3a4c840248b6ac9:ord-57dfad79e3dc4012b7def16a22297514,ord_dataset-ac78456835404910b3a4c840248b6ac9,215,41dfe9f4c5a33d33e37d1f83f1ab76bdf35f37895482b8641d22d4c327bf6fec
610,ord_dataset-ac78456835404910b3a4c840248b6ac9:ord-580849949d19467ba3ef3c1a469d2814,ord_dataset-ac78456835404910b3a4c840248b6ac9,128,04795e8b39bc96c30d618f58e00b1f646783a44fe27223c8fcb35e638ca4dfe4
611,ord_dataset-ac78456835404910b3a4c840248b6ac9:ord-58718d46eaeb4396be624110f872e920,ord_dataset-ac78456835404910b3a4c840248b6ac9,1646,bf75d3275def7c563a83868eddc94e1e211a607c9a89b9cd9393caa528731f75
612,ord_dataset-ac78456835404910b3a4c840248b6ac9:ord-58a8057aabdd46f6999d2c814410ec0b,ord_dataset-ac78456835404910b3a4c840248b6ac9,958,761f4d2383eaedb44f0e3ecf6f7c15f469250f1ed9c9aa35d341fb305a129403
613,ord_dataset-ac78456835404910b3a4c840248b6ac9:ord-58b80cdc904046b1af008303c2886369,ord_dataset-ac78456835404910b3a4c840248b6ac9,308,0924fb2d1d90723c926dd18a59abce81f044185ec1fe751c42e09b418608846d
614,ord_dataset-ac78456835404910b3a4c840248b6ac9:ord-58bc6c7e44c04f00a5d4986dafc69a61,ord_dataset-ac78456835404910b3a4c840248b6ac9,1361,b9cc9e09b4df3f2cdda248eb0d2d7c1b1c9b092d470d87357f0482d34e5b5283
615,ord_dataset-ac78456835404910b3a4c840248b6ac9:ord-58cb1626dcad43c2b6f4e0332ba503be,ord_dataset-ac78456835404910b3a4c840248b6ac9,842,71741b36b540adcea5f559b49e0cb1a9d4e6afe62a663a7cd5f45155b843981b
616,ord_dataset-ac78456835404910b3a4c840248b6ac9:ord-58e5268a3f5c410baa80f0660068e5cb,ord_dataset-ac78456835404910b3a4c840248b6ac9,159,c56f048fd44f322320d255ae0656ae6267460a900b0f01d4503ca843dc9f1f08
617,ord_dataset-ac78456835404910b3a4c840248b6ac9:ord-58ef3b46d7314b25a2b0d4e96a63fe54,ord_dataset-ac78456835404910b3a4c840248b6ac9,1438,f749239109ed6839a6bf2861b8e73f6882475232cd1952445d50f7522baf77ad
618,ord_dataset-ac78456835404910b3a4c840248b6ac9:ord-58f53797d0f340c98941c24cc7290279,ord_dataset-ac78456835404910b3a4c840248b6ac9,1213,7d75d6bd0ab0baa309a2e411239656436bdb3c880732c224427c17c2a3fe331b
619,ord_dataset-ac78456835404910b3a4c840248b6ac9:ord-591f5bdcf77748e2a8930e994a59acf8,ord_dataset-ac78456835404910b3a4c840248b6ac9,1381,e53399740ebe873799d0d12687089d5c82c398431db39f78f3a326d91a0b5544
620,ord_dataset-ac78456835404910b3a4c840248b6ac9:ord-5925c5836ff14d42a1684c9ca151045c,ord_dataset-ac78456835404910b3a4c840248b6ac9,331,21e609981c67ae52077591911902dac6ce0d9b8c4add33add44e1fe3fc4c2e3b
621,ord_dataset-ac78456835404910b3a4c840248b6ac9:ord-59331d8d6d04470797446dc5d5ba70bd,ord_dataset-ac78456835404910b3a4c840248b6ac9,1454,23e8e6905c5aef6ba4f7b2bf8621155d5442596fe1c3adeaf4330d5012d8d445
622,ord_dataset-ac78456835404910b3a4c840248b6ac9:ord-5982915eda7843d4807d132db53176f4,ord_dataset-ac78456835404910b3a4c840248b6ac9,297,04117105c170812ceb32153fada4593768c4293fb3a93787d52dab5c3d689fe4
623,ord_dataset-ac78456835404910b3a4c840248b6ac9:ord-598522b291f741d5ad4df37960dab353,ord_dataset-ac78456835404910b3a4c840248b6ac9,762,28678c00a180fc938e1afedc949cfb340760db7ce3c983c5114e2c3972ee6991
624,ord_dataset-ac78456835404910b3a4c840248b6ac9:ord-59a014bd5d5c42b9a278588034ed5e1c,ord_dataset-ac78456835404910b3a4c840248b6ac9,1040,66c3d1400e99032482cd7d75612a8f79024f6e8b1df9261036c46551f34e6a63
625,ord_dataset-ac78456835404910b3a4c840248b6ac9:ord-59bef5c93f874c29ad458bdc6214cc48,ord_dataset-ac78456835404910b3a4c840248b6ac9,213,ea6cdd79400c906534f6bf349dde1bbacdc39cc0bda62c322f7c9ac3cfe2bc83
626,ord_dataset-ac78456835404910b3a4c840248b6ac9:ord-59e8fe05ffd54253acd2748a1bea2f20,ord_dataset-ac78456835404910b3a4c840248b6ac9,1127,441e46319f2373a3212b52a5b6d158184089ded825060aa52ce069739b1ccce1
627,ord_dataset-ac78456835404910b3a4c840248b6ac9:ord-5a03003da6df417bad5fd67c50746b1f,ord_dataset-ac78456835404910b3a4c840248b6ac9,91,66717c71412ac50f264edcaba6a287c5800fa30ab52cccea2980d32eb9631064
628,ord_dataset-ac78456835404910b3a4c840248b6ac9:ord-5a120ea9d57f40b2821797ccbf3eb7c2,ord_dataset-ac78456835404910b3a4c840248b6ac9,255,a33ba7fe3a611357559c1e3b8267b99c4d68f1a93854616ba65c1bb68d224926
629,ord_dataset-ac78456835404910b3a4c840248b6ac9:ord-5a3a84f9c8aa4f29886382540efc44d4,ord_dataset-ac78456835404910b3a4c840248b6ac9,1723,ca4a0025e8580856c782ef8dcb6a0cc18701abd37339ee50ceacc3a5c6bcb57c
630,ord_dataset-ac78456835404910b3a4c840248b6ac9:ord-5a49b7830b9c4c3e8e2fa49dbdde2327,ord_dataset-ac78456835404910b3a4c840248b6ac9,1637,8b581578a05d02cc94d4aa2c766c766e4cb4d6b95ff26a129db0dcec39f422e4
631,ord_dataset-ac78456835404910b3a4c840248b6ac9:ord-5a79fff1806c44a89e6da3ec67ed886b,ord_dataset-ac78456835404910b3a4c840248b6ac9,1527,bab3e87c9f5fdab67ae40b5aa5128987cde9769cd950771e2446dee2b91583fb
632,ord_dataset-ac78456835404910b3a4c840248b6ac9:ord-5a88013fdeff461c840fd26c5e93e474,ord_dataset-ac78456835404910b3a4c840248b6ac9,338,5cf07bef15f1353185f721503885ae8d2b68a077c05f9d09bae7162b70ae0869
633,ord_dataset-ac78456835404910b3a4c840248b6ac9:ord-5a8d69d82d1142d4a87caffdd7afb8db,ord_dataset-ac78456835404910b3a4c840248b6ac9,1324,b710e0380ee352e235bcdd8e1bc7fdd1c6c49280f2a0ad27d3c6bb49d48b99b3
634,ord_dataset-ac78456835404910b3a4c840248b6ac9:ord-5aa594719db94db9a37a754ff53c20ad,ord_dataset-ac78456835404910b3a4c840248b6ac9,597,94b5b2dd4a388d24f8e0cf72174707239974215e1e15b5b8761fe807569ec540
635,ord_dataset-ac78456835404910b3a4c840248b6ac9:ord-5ac19b1d0f98489cadf18d70fd03cf2f,ord_dataset-ac78456835404910b3a4c840248b6ac9,397,108e5ae76cc89020eea986ed04ff6446687c11525e89ce2d3008204fb3132771
636,ord_dataset-ac78456835404910b3a4c840248b6ac9:ord-5ac83463403d47aea4f1561486f44545,ord_dataset-ac78456835404910b3a4c840248b6ac9,45,66192ec0d6a0b0dddc6af6054ecb2770d2be21ad930e130e2b15c521fc785f54
637,ord_dataset-ac78456835404910b3a4c840248b6ac9:ord-5b0d4d2438604a36af2d26d23402c197,ord_dataset-ac78456835404910b3a4c840248b6ac9,1566,aea302bdc259c85fc9dc47ecec9eee74df2097754f166b85bc9571e5ac6c0548
638,ord_dataset-ac78456835404910b3a4c840248b6ac9:ord-5b33b516259e4ac4ab723c640a03441b,ord_dataset-ac78456835404910b3a4c840248b6ac9,593,9d8a430c465a57e9cc2b9a789df2d66257bd063046c48c7bc1b2e1940dec0cfe
639,ord_dataset-ac78456835404910b3a4c840248b6ac9:ord-5b5b2c23d96e4e4db87f99105f740056,ord_dataset-ac78456835404910b3a4c840248b6ac9,1456,4ba68db5379e578833135494cbf80687e6aaf5848b117add7d82f1f7df952e1d
640,ord_dataset-ac78456835404910b3a4c840248b6ac9:ord-5c0870f50d5d4ee89ad03329465a7ad6,ord_dataset-ac78456835404910b3a4c840248b6ac9,851,f05c0c68325844aa12b89ef2471492a70fd8990a73deaad01db34fed208c458e
641,ord_dataset-ac78456835404910b3a4c840248b6ac9:ord-5c2562c43d0748279d3c3c26f2b2a655,ord_dataset-ac78456835404910b3a4c840248b6ac9,1607,406deff4be0a114eca93a0b712f6bd231e0ea40c00bd57c2f85ea5a24d18f3f5
642,ord_dataset-ac78456835404910b3a4c840248b6ac9:ord-5c2c248b64a34e68aebaa39fbf5b7f88,ord_dataset-ac78456835404910b3a4c840248b6ac9,544,6dbc592d6f64d4055a2f8e80a678cc5c8a435c9a2640e4c42bc5179dc3606ac9
643,ord_dataset-ac78456835404910b3a4c840248b6ac9:ord-5c3c90c10649436b93ae3c563342dcd3,ord_dataset-ac78456835404910b3a4c840248b6ac9,57,74a1c5a8ded2228991f7814de3da1461097cdf93f3c7129ac78261e74c79a254
644,ord_dataset-ac78456835404910b3a4c840248b6ac9:ord-5c8e10c896e2468f970efddaaebf00ac,ord_dataset-ac78456835404910b3a4c840248b6ac9,1418,334bd65fbb598bc197c93004d6f454ac707a73311383fb89b2572788f44554f1
645,ord_dataset-ac78456835404910b3a4c840248b6ac9:ord-5cc2981d0455445db8739d37abd2177c,ord_dataset-ac78456835404910b3a4c840248b6ac9,1415,3170528ebed6ef1e76137ca5fc870588c972a64a7997c6d0a6a5d2c5ec2d4493
646,ord_dataset-ac78456835404910b3a4c840248b6ac9:ord-5cd84cf0d3d74a0e9dddcc5ff02ca777,ord_dataset-ac78456835404910b3a4c840248b6ac9,1679,6b0b73127abfee358100effb088d1a879131c40fba9c6a11c2a856a0905d8514
647,ord_dataset-ac78456835404910b3a4c840248b6ac9:ord-5d12ac1674374cabab30d5e5fbb0c82a,ord_dataset-ac78456835404910b3a4c840248b6ac9,301,8dbacc72bb609dd67286141d8a2fe661332a93ad0985e4a533d8997f2179864e
648,ord_dataset-ac78456835404910b3a4c840248b6ac9:ord-5d1b49fbfb694abf91120dc2b28bd4f8,ord_dataset-ac78456835404910b3a4c840248b6ac9,13,e6e2ceedee53221dcba0811fc040b276266be640ffc6e4f8f4637c79583d63ea
649,ord_dataset-ac78456835404910b3a4c840248b6ac9:ord-5d1bfcc1250944e5aece3ab82fe171c9,ord_dataset-ac78456835404910b3a4c840248b6ac9,1387,e5112734ee759f3076edfea3f0b344f7ee8782816849dc3e83102f4ccb443f05
650,ord_dataset-ac78456835404910b3a4c840248b6ac9:ord-5d208f75a8fb4a5d95ed6aeb39d4de0d,ord_dataset-ac78456835404910b3a4c840248b6ac9,1263,c3d7521db408243a1a8322a5bf72950c1ad2a6ccf095d479f66617383f1f7103
651,ord_dataset-ac78456835404910b3a4c840248b6ac9:ord-5d3e34e20d614a9a97f976d976d81b47,ord_dataset-ac78456835404910b3a4c840248b6ac9,1458,ffb24ecb856dce3478e869a1b6a6759132e7b59f7256f10f5a6ac0d7f9a5acd5
652,ord_dataset-ac78456835404910b3a4c840248b6ac9:ord-5d551ba9599b4b18aa9bbb7e8c18b0c5,ord_dataset-ac78456835404910b3a4c840248b6ac9,95,40d908b0230344a8057411479d4dcaf28ffb62e2671d1fa36350f8dfa5d9c2b7
653,ord_dataset-ac78456835404910b3a4c840248b6ac9:ord-5d6b155c736643f8b2255a84263594e8,ord_dataset-ac78456835404910b3a4c840248b6ac9,792,cb8025a0d9da42e715f24e8efa1454a9f04501be23ac9b91593a7d5d67dd7090
654,ord_dataset-ac78456835404910b3a4c840248b6ac9:ord-5da962820f2c47d7be33be088af6c689,ord_dataset-ac78456835404910b3a4c840248b6ac9,121,a68f1b7b3326128c51925b5ca7b6a4a3551c9ca4da3f540fc8fb460561d72e41
655,ord_dataset-ac78456835404910b3a4c840248b6ac9:ord-5de81b90f4ce45ec84bd35982312f39e,ord_dataset-ac78456835404910b3a4c840248b6ac9,1370,927f42fc928b0614d5a9177261f87c1f8ea59c6fb5023a2c9394c7fba0851acc
656,ord_dataset-ac78456835404910b3a4c840248b6ac9:ord-5e1cf510520b41d8a54744c507e0986b,ord_dataset-ac78456835404910b3a4c840248b6ac9,1204,22d00b32ed7df2a8fd7410a38fe8522bb0cb2c6561716d9e604fdcfc854a0581
657,ord_dataset-ac78456835404910b3a4c840248b6ac9:ord-5e2da8a0957d4952947f1dc52413d1d4,ord_dataset-ac78456835404910b3a4c840248b6ac9,1260,3dd9beaa6cb203f2d918b45dcb93db0d610f961f5bcb99b5f6f3b894ef539ae9
658,ord_dataset-ac78456835404910b3a4c840248b6ac9:ord-5e41053c4831482da99036ce491a405d,ord_dataset-ac78456835404910b3a4c840248b6ac9,1303,350f44332284a0f5ca106174b86c92f8cc595bd0ef63280f38efa75696495a94
659,ord_dataset-ac78456835404910b3a4c840248b6ac9:ord-5e59a58a37a141c08479e2758735c31c,ord_dataset-ac78456835404910b3a4c840248b6ac9,813,0ed867063a40d46e2430ade61c69347de499c7c6329917eb4a1e8e2029e29d22
660,ord_dataset-ac78456835404910b3a4c840248b6ac9:ord-5e668cceceda4171988fbf1da7d1c1da,ord_dataset-ac78456835404910b3a4c840248b6ac9,636,38ba862f41abedba9079112ad304da70643fbfeb6136cd227f7c93eec90951ca
661,ord_dataset-ac78456835404910b3a4c840248b6ac9:ord-5e677d2dd49445678131b25df146f85b,ord_dataset-ac78456835404910b3a4c840248b6ac9,379,07814f2b49a8486634ca53c5a6d91b28e216986bea59ceff9a7f4e4d3571cb63
662,ord_dataset-ac78456835404910b3a4c840248b6ac9:ord-5ec8aeae84f74f6eae43aa3b20a1415e,ord_dataset-ac78456835404910b3a4c840248b6ac9,1531,425af38b66dcf6a9641ac57591bf1dcf2fce47440734f95c5aab263e8129d276
663,ord_dataset-ac78456835404910b3a4c840248b6ac9:ord-5f019aeacbfe44809724ecc012eaeb46,ord_dataset-ac78456835404910b3a4c840248b6ac9,393,a1613deec6519839b95055230c0703ca67583adc1deec43d5fc81136d1293665
664,ord_dataset-ac78456835404910b3a4c840248b6ac9:ord-5f3afa61e8c04175873f6ced67737190,ord_dataset-ac78456835404910b3a4c840248b6ac9,1572,f920e59004bda7aa3b1eb41481d32993f66b4ad4ad36827e962614f62ef55413
665,ord_dataset-ac78456835404910b3a4c840248b6ac9:ord-5f508124e601466bacdf9d3ea8579948,ord_dataset-ac78456835404910b3a4c840248b6ac9,1128,39c2dcefa2d725fd747e6bcaa94a5099bdfb12d6a9659a7ca9e560c35053ddef
666,ord_dataset-ac78456835404910b3a4c840248b6ac9:ord-5f756872a7c148049ea82ff0f3b4f262,ord_dataset-ac78456835404910b3a4c840248b6ac9,882,28576f89083435744ddde234b9e0f08d38bc1e03dfc70c1eefaa5e989fb46a0c
667,ord_dataset-ac78456835404910b3a4c840248b6ac9:ord-5f791bd76c644dd3824e234e5c89e2ba,ord_dataset-ac78456835404910b3a4c840248b6ac9,854,910b6c2705296f469707cf7cc05ba0d08b05e28f91dfc102e888e537f5f92e6d
668,ord_dataset-ac78456835404910b3a4c840248b6ac9:ord-5f82dc410f3243dab81934a6ab1709cd,ord_dataset-ac78456835404910b3a4c840248b6ac9,446,a32100a98ad8065b070f215395b59c5df00613ff0f12996e2a69a4d1c547408e
669,ord_dataset-ac78456835404910b3a4c840248b6ac9:ord-5f8b1851f86d453aacc8719590494f7d,ord_dataset-ac78456835404910b3a4c840248b6ac9,817,8245122dad82d8166424abbe6ba728330f9706c674d9c9e266065637f8548695
670,ord_dataset-ac78456835404910b3a4c840248b6ac9:ord-5f9c01913e4e40608df12273bebebfb8,ord_dataset-ac78456835404910b3a4c840248b6ac9,1452,0ab213887be90209dd3686f62ff9f7f13a3971c92124e46068e8b6a61ab03422
671,ord_dataset-ac78456835404910b3a4c840248b6ac9:ord-5f9f7e2cc06245d18848dbacda01904c,ord_dataset-ac78456835404910b3a4c840248b6ac9,822,d546577afe6b56b543149561cae050568555bd0f65b319ed6e2a9a01a79956bc
672,ord_dataset-ac78456835404910b3a4c840248b6ac9:ord-5fb4530342954821aac20fe3998504bf,ord_dataset-ac78456835404910b3a4c840248b6ac9,1491,26eb06515e21bb7afb5f3f2095c3f9fcb3defb24f0edad4a895b7bec720bc60b
673,ord_dataset-ac78456835404910b3a4c840248b6ac9:ord-5ff1295d9db742d59ac7473b5fbd2fda,ord_dataset-ac78456835404910b3a4c840248b6ac9,1188,59c305e644ccb55999313856fc0df1b1098577ab48f19867303153dfa2caccd6
674,ord_dataset-ac78456835404910b3a4c840248b6ac9:ord-5ff814fb535542f9be126684ad3a035a,ord_dataset-ac78456835404910b3a4c840248b6ac9,1650,ffd9836710b003feed6b539382316f81755221e67b319e6a81bfff639c755460
675,ord_dataset-ac78456835404910b3a4c840248b6ac9:ord-6007a6873743468db7b4fa99619188ec,ord_dataset-ac78456835404910b3a4c840248b6ac9,811,6b4a364e070b7ae20d5cc4ec70e39788e2e954cfe47f5cd4c0434cc65e516135
676,ord_dataset-ac78456835404910b3a4c840248b6ac9:ord-6033ba44304843ab9d207ef514b70464,ord_dataset-ac78456835404910b3a4c840248b6ac9,334,a51d949ebf2ca08214e641b5b14d393ccd119920abdc7d952e1e9bfdbe1dbe24
677,ord_dataset-ac78456835404910b3a4c840248b6ac9:ord-60558e64dee843eba14fe9b762511002,ord_dataset-ac78456835404910b3a4c840248b6ac9,1518,3f3552e1706ec98116f65d20816f965bd20ee2b0ace8341f78598ea32e6e2d23
678,ord_dataset-ac78456835404910b3a4c840248b6ac9:ord-60a11d3d33284e35a2005867714c2902,ord_dataset-ac78456835404910b3a4c840248b6ac9,1166,ab1104f406e593858c5a255f0a98250d6517040ceeace17493cf914fc7fc9e19
679,ord_dataset-ac78456835404910b3a4c840248b6ac9:ord-60d955915a5b43c28c30164dafbf9a24,ord_dataset-ac78456835404910b3a4c840248b6ac9,679,51b67e7ef7613db0bf5101d913885554e9ba8a2cd91f5ff2eb95058add67dceb
680,ord_dataset-ac78456835404910b3a4c840248b6ac9:ord-610a2c4bfb334c488734a9a03cb8018f,ord_dataset-ac78456835404910b3a4c840248b6ac9,188,0afe29fe9fa8805e71f2df04e816d08b93b5ad6ef357ac60e1fc104a1d5c74c9
681,ord_dataset-ac78456835404910b3a4c840248b6ac9:ord-61145274fa054a47a5a254fd23472926,ord_dataset-ac78456835404910b3a4c840248b6ac9,1657,6af1882fd642b66abf9ee0db6d142226e7d9f259f8ef2e051835e79413de7d5b
682,ord_dataset-ac78456835404910b3a4c840248b6ac9:ord-6124c4cc872646df81afc4ba03d314d7,ord_dataset-ac78456835404910b3a4c840248b6ac9,1562,5ab52678a2ee5aa43debe9df7dd284c9d241c9f966781a31cc5bee1c90d0a0fa
683,ord_dataset-ac78456835404910b3a4c840248b6ac9:ord-617548cfb902492c8f5b1d99d32301d7,ord_dataset-ac78456835404910b3a4c840248b6ac9,733,e56dc677cb53c41641a26e7bad3e621e59684f74a658c129c8dba0641c36ff1f
684,ord_dataset-ac78456835404910b3a4c840248b6ac9:ord-61c266942ca64b82a15077975f71e8ac,ord_dataset-ac78456835404910b3a4c840248b6ac9,955,df48fb703a774e451024636d95f93a123ed108eae505cdefec3112677da95639
685,ord_dataset-ac78456835404910b3a4c840248b6ac9:ord-61f488dbbb3f42fabc16786acf8112d6,ord_dataset-ac78456835404910b3a4c840248b6ac9,732,b467c7df9a8cb36679971fde66f6d3ac3eb9fc07336dec2190d211650c833282
686,ord_dataset-ac78456835404910b3a4c840248b6ac9:ord-61fdbcdc6fbc4ab5b8ae419e1e496593,ord_dataset-ac78456835404910b3a4c840248b6ac9,1069,98c6e1fefab2637e2c4b88ae2a9e5b5ddee0ab31fc6342c6018f15d81ebef714
687,ord_dataset-ac78456835404910b3a4c840248b6ac9:ord-62141312cd50433fb030d922a5fa1996,ord_dataset-ac78456835404910b3a4c840248b6ac9,462,5e051fcd5383b476c3f26d12226433dc3e6849b5622202028284bbbc5dd2aab9
688,ord_dataset-ac78456835404910b3a4c840248b6ac9:ord-6218b9cf43c948cea302deed09b4c25b,ord_dataset-ac78456835404910b3a4c840248b6ac9,588,a218ffbc925b3878ba401576c5fcbb1e29726837731176e6edce321ee03a6f30
689,ord_dataset-ac78456835404910b3a4c840248b6ac9:ord-621bddd1737849739ed516e1ac1b56ba,ord_dataset-ac78456835404910b3a4c840248b6ac9,1323,ff5d526f36ac671663d5d32c5cf57c35d4d777ec87888a6df0321f47c9d00073
690,ord_dataset-ac78456835404910b3a4c840248b6ac9:ord-62abe3c5a7d949d49683bd8786c80bff,ord_dataset-ac78456835404910b3a4c840248b6ac9,662,d82943a7381dcd3f0225c3e0cc2402da3a7c068c4bbe1bd037674d5de11db50f
691,ord_dataset-ac78456835404910b3a4c840248b6ac9:ord-62c2c2b457f94ab19aaff7fe7d9a68f6,ord_dataset-ac78456835404910b3a4c840248b6ac9,130,f5e6713fa89cdbca3d722a10cfecf5ef2be9e62a24ffce061b11dd8f1deb5215
692,ord_dataset-ac78456835404910b3a4c840248b6ac9:ord-62cff1d3992146978ee8acd68d892c41,ord_dataset-ac78456835404910b3a4c840248b6ac9,1053,dfe0e83ca4a4a0c9e6a8495056515e91f8a66034795c1592445b94c6a9df3f92
693,ord_dataset-ac78456835404910b3a4c840248b6ac9:ord-631cab325f7d4ba1a8b5da6422c06557,ord_dataset-ac78456835404910b3a4c840248b6ac9,1357,6a9f54c598e00dae207118c557185113de3e56b2a10bc038b90a2c58f786b56f
694,ord_dataset-ac78456835404910b3a4c840248b6ac9:ord-638694096314402b887023eebd41d983,ord_dataset-ac78456835404910b3a4c840248b6ac9,923,233b3e12ffb467a3f8cfa4614e957a302d70b45c36dd18f85a6a71f094a26cd7
695,ord_dataset-ac78456835404910b3a4c840248b6ac9:ord-63a947a43ff44e1ea3a2c1bf092d89c2,ord_dataset-ac78456835404910b3a4c840248b6ac9,433,b4ffe63c847a4b51da903c1885772429afdd41ec7bb53bd2080ef65f547f2124
696,ord_dataset-ac78456835404910b3a4c840248b6ac9:ord-63d6b40fa77349e1af6f2efb7dc676d4,ord_dataset-ac78456835404910b3a4c840248b6ac9,797,c34aa45f176e43d20c7cf4322ab3e2b1654dc3ce54b98a4924a37634ba797045
697,ord_dataset-ac78456835404910b3a4c840248b6ac9:ord-63f5d81c8e114c85a09727b679ad547c,ord_dataset-ac78456835404910b3a4c840248b6ac9,383,d277a5c4a5f658612e4a728e33bb2f057ad55770cb21e1d1ea15946e370b6792
698,ord_dataset-ac78456835404910b3a4c840248b6ac9:ord-640364081f0047518ea1e5d270b54a06,ord_dataset-ac78456835404910b3a4c840248b6ac9,964,04eb0cd7e1e63a7260d317ca03635825466b9071630b7d6f842463439cbfe30d
699,ord_dataset-ac78456835404910b3a4c840248b6ac9:ord-641a7b4bcbcb4e3cab13a20ba750f7f0,ord_dataset-ac78456835404910b3a4c840248b6ac9,1159,6805fe38e879d41490cbf5f399b235de99772a1220e9922bae9f442c58d39540
700,ord_dataset-ac78456835404910b3a4c840248b6ac9:ord-6424cecc16da497cbcd0090ae0b5db2c,ord_dataset-ac78456835404910b3a4c840248b6ac9,1280,a244871bc04c8d6f81cd0a0fe49c89fb1b77b0226669ef636b990b8f5f747911
701,ord_dataset-ac78456835404910b3a4c840248b6ac9:ord-642edd320bdd48b6bbd0bfc54eaf6dba,ord_dataset-ac78456835404910b3a4c840248b6ac9,11,55e5a2b2adf388e2ce6c797209c542ff68c678590028976ce73185c54088e4a5
702,ord_dataset-ac78456835404910b3a4c840248b6ac9:ord-64453a84b3154375b5f3ff25883b1b73,ord_dataset-ac78456835404910b3a4c840248b6ac9,516,917858593e7c7bde2e026765afcb43fcaaf391c4119ea5c6a8c4be54bb1d204a
703,ord_dataset-ac78456835404910b3a4c840248b6ac9:ord-64468a73f4ae4679a7bced2610091a14,ord_dataset-ac78456835404910b3a4c840248b6ac9,1288,4efcfe4afb190763dd5f4fa3c751f260f85364d5134fb3b9fb5c2bbc1580f721
704,ord_dataset-ac78456835404910b3a4c840248b6ac9:ord-6460cb40c943408eaee46d7c167103f7,ord_dataset-ac78456835404910b3a4c840248b6ac9,1615,359acf5ef413212f8f8fbc854e7a4cd05d44497fba1ff12c81c12c79af3687ee
705,ord_dataset-ac78456835404910b3a4c840248b6ac9:ord-6499e54166a64054ba54f0f54e492c85,ord_dataset-ac78456835404910b3a4c840248b6ac9,254,a5b3a73afd572fa3d5a2af7d92e26bb6fe4c32719900aef8606ab5388aad7367
706,ord_dataset-ac78456835404910b3a4c840248b6ac9:ord-64e43264d86845579c51d3ae2fed8699,ord_dataset-ac78456835404910b3a4c840248b6ac9,1503,753ee884742ad39622d69aa95069d623dccb91ecb62e11e3136139bdb062de97
707,ord_dataset-ac78456835404910b3a4c840248b6ac9:ord-64ede51a8e844586b4dd24d0cb29de9b,ord_dataset-ac78456835404910b3a4c840248b6ac9,371,ebd992cfdde8a298f05af7bea3fc4f2e02733954b8613b6117187e8a9fc0538d
708,ord_dataset-ac78456835404910b3a4c840248b6ac9:ord-65058e1575bb4b50949d6c087796d81d,ord_dataset-ac78456835404910b3a4c840248b6ac9,47,84df7608f3a8015f33000dccab0704c049fd8555ddd09b4a2be4e094b807505c
709,ord_dataset-ac78456835404910b3a4c840248b6ac9:ord-652907f6f1ad47d48c3fbaa1ad2e7e86,ord_dataset-ac78456835404910b3a4c840248b6ac9,1535,f6aca1458e4f965b707b65c07adad2dea9991c6e6a09e65a65303bbe3cf31603
710,ord_dataset-ac78456835404910b3a4c840248b6ac9:ord-65d500a39bfc45378d7157c235dcf7a7,ord_dataset-ac78456835404910b3a4c840248b6ac9,211,e8b758d2c4f9db0384d56e363240e0270cc05cf114dd80c8f75340490ef2407c
711,ord_dataset-ac78456835404910b3a4c840248b6ac9:ord-65f4e9c482274e359a9b22962d88105a,ord_dataset-ac78456835404910b3a4c840248b6ac9,42,3b7add7bee628bf2dd39334b732135615ce204c674c12fadbac53faf10035106
712,ord_dataset-ac78456835404910b3a4c840248b6ac9:ord-6613da8e6e32490bbf53b95d36833289,ord_dataset-ac78456835404910b3a4c840248b6ac9,1201,dee654a378ee21a0f0e12163023b97f70f8b985050f5ec01ec9b901f34123a67
713,ord_dataset-ac78456835404910b3a4c840248b6ac9:ord-665d7e8d4b084cd4951c99952b03e422,ord_dataset-ac78456835404910b3a4c840248b6ac9,1636,fb8fd04e9e242c4b65f0b0ac2c1ccaabf7fc3fbdaf85b9c085e40b1a336557ea
714,ord_dataset-ac78456835404910b3a4c840248b6ac9:ord-666bf7c1254c48619abf6e4f272abd45,ord_dataset-ac78456835404910b3a4c840248b6ac9,641,bf9b6b3f81bb497bde7a6f086af4523307ba9b0fbb0a72f69af8ff736a33004e
715,ord_dataset-ac78456835404910b3a4c840248b6ac9:ord-667b82cb256a479da1b3d9579bc7c612,ord_dataset-ac78456835404910b3a4c840248b6ac9,909,46624c6cb871d7008336323342d0921dc62350d3afd0c7f46e82f7d4379e7c6d
716,ord_dataset-ac78456835404910b3a4c840248b6ac9:ord-667fecbe5a714cdcb1bbbe47e781e327,ord_dataset-ac78456835404910b3a4c840248b6ac9,498,474b527000e4e2ad5f7ce8641008376a88297071f9c066c5e070552fa116e87f
717,ord_dataset-ac78456835404910b3a4c840248b6ac9:ord-66a356821d254508b7b50a3336ec2213,ord_dataset-ac78456835404910b3a4c840248b6ac9,767,458a5b23845b130cecd298ee17b502087f2e2202848088b209879be2709b8ea0
718,ord_dataset-ac78456835404910b3a4c840248b6ac9:ord-66bd98e9e936421b88fbc1f72a8cc6ff,ord_dataset-ac78456835404910b3a4c840248b6ac9,1389,80b53f5c4a8981e4eceb25f07238489d8c0238ad49d44423dcaa44d8c8d63e6f
719,ord_dataset-ac78456835404910b3a4c840248b6ac9:ord-66c0cd4156d44883bc251ee7a885c8cd,ord_dataset-ac78456835404910b3a4c840248b6ac9,1707,9ab0f7f8d65d132e3fa46bf49d2c7cd9e8b8b704a3cc523d8fbba89a70c33c88
720,ord_dataset-ac78456835404910b3a4c840248b6ac9:ord-66cffa3175e14875a37611880c00fdc9,ord_dataset-ac78456835404910b3a4c840248b6ac9,1621,b3d785c24dcf20abb88e5e768296565dc85f92a485e407a14128e4208e7cafb0
721,ord_dataset-ac78456835404910b3a4c840248b6ac9:ord-66d0ac4e06fb43fa82dce7a125a01c22,ord_dataset-ac78456835404910b3a4c840248b6ac9,245,8507e9b2f52eba1c9bac89e5566753dfed21dacde5eb4ce6392be80fcda86dc7
722,ord_dataset-ac78456835404910b3a4c840248b6ac9:ord-670c003dc95c4f5892f153a6fa98e3cb,ord_dataset-ac78456835404910b3a4c840248b6ac9,463,49e69aeec34094388cba6696838f51ffecfb153f5b86584cbee09541ec5ec2dd
723,ord_dataset-ac78456835404910b3a4c840248b6ac9:ord-670ecd1253f74425818a31e2d0b13ef8,ord_dataset-ac78456835404910b3a4c840248b6ac9,953,6db930a7e31580951af336108e71e4d2f444ac197d3471b23343b169367504d8
724,ord_dataset-ac78456835404910b3a4c840248b6ac9:ord-6723f19a663d4badbfaa1f860f792076,ord_dataset-ac78456835404910b3a4c840248b6ac9,1006,9c14df1c76efddae156d794da49933b1a1e630c7876f814d2fe3062cae4ec33f
725,ord_dataset-ac78456835404910b3a4c840248b6ac9:ord-672b10d463194b9593c4759e33746d38,ord_dataset-ac78456835404910b3a4c840248b6ac9,1538,55cf114cc606520d67b11f28070f54294ed06655cd4bf55c1377f1bf7649d537
726,ord_dataset-ac78456835404910b3a4c840248b6ac9:ord-675f7162c86a43cfb62565daa244992a,ord_dataset-ac78456835404910b3a4c840248b6ac9,1396,deb14381facd71f68d409cf9ad4ecd17a7756dda0a3ba3557a1c027150b35642
727,ord_dataset-ac78456835404910b3a4c840248b6ac9:ord-676b7517874b40f793cb819d9c6c2d95,ord_dataset-ac78456835404910b3a4c840248b6ac9,1408,b22a779d0cab61849fe3eea6b01e9d5e53683e8ed2ed5bedce2bf30d79e064e6
728,ord_dataset-ac78456835404910b3a4c840248b6ac9:ord-67809c970988442ba766f0ca818cb760,ord_dataset-ac78456835404910b3a4c840248b6ac9,1634,55256f6d4b9c3e7b176b4c049c6f770f875e806b5b543f2bcd7eb75a757e71a7
729,ord_dataset-ac78456835404910b3a4c840248b6ac9:ord-67915402265c4e7f99aab27ee9337df0,ord_dataset-ac78456835404910b3a4c840248b6ac9,1555,c3090d498568d4295aef731abc032861cd1a164315cd524924b4322e202a6ce9
730,ord_dataset-ac78456835404910b3a4c840248b6ac9:ord-67967375ed18471b869539b0882cef61,ord_dataset-ac78456835404910b3a4c840248b6ac9,541,be5a1977b4bf52c7e153ce8ed67b99a67d006e02418bdc70cfeaa1dc799e53c4
731,ord_dataset-ac78456835404910b3a4c840248b6ac9:ord-67d79c2c45c0445b8fe073084c97a55b,ord_dataset-ac78456835404910b3a4c840248b6ac9,876,14d355ed40757b96997b5c77f42b19a6dbe211e4f1cc8834d8ce7332ce43a229
732,ord_dataset-ac78456835404910b3a4c840248b6ac9:ord-68012ec784574938b7edf3d9418fddf0,ord_dataset-ac78456835404910b3a4c840248b6ac9,282,493b0073c175061799544c31dc47598daa600fd487e44cb82925ac27d0419393
733,ord_dataset-ac78456835404910b3a4c840248b6ac9:ord-680c69b1025b48ffa2bc41f285261f48,ord_dataset-ac78456835404910b3a4c840248b6ac9,48,7133843962d4faa50353d2c12c49dd44388bd4a33459e763d78dcf46e4165114
734,ord_dataset-ac78456835404910b3a4c840248b6ac9:ord-6844e7b9dbf64ff484069e77bcbeeffc,ord_dataset-ac78456835404910b3a4c840248b6ac9,1479,55b2742a99c6d067e17c6793768a07b0b0ed5072deec7cdc1d9d2fbd2def327d
735,ord_dataset-ac78456835404910b3a4c840248b6ac9:ord-685916ed31cc472fab6a81ffc721cd51,ord_dataset-ac78456835404910b3a4c840248b6ac9,1068,1602bcdd5b0e5d72a3b47af5cf3d3cc415c8aa157bd4caf48d2c6180d50eee90
736,ord_dataset-ac78456835404910b3a4c840248b6ac9:ord-6861ca222b834ab3a0b8c486e689dfda,ord_dataset-ac78456835404910b3a4c840248b6ac9,1158,c1fcf4cecd5de6e05ea1bed96125131481ff299dead1074a59324d3501106913
737,ord_dataset-ac78456835404910b3a4c840248b6ac9:ord-68b02ca13ed54b20ae5da435f42f5f31,ord_dataset-ac78456835404910b3a4c840248b6ac9,151,ed0de72bc12af79c74cc083a6781c0383b27f399bb880eea5fc1fd5100fdcb30
738,ord_dataset-ac78456835404910b3a4c840248b6ac9:ord-68ef35c2407f4bf596b3618d50e66703,ord_dataset-ac78456835404910b3a4c840248b6ac9,1587,812e378b115f393f1657baf052ad95d8ec99dd1b7550f05155afa2b8f68a6e7f
739,ord_dataset-ac78456835404910b3a4c840248b6ac9:ord-68f4080068f54480932b8842b7c1770f,ord_dataset-ac78456835404910b3a4c840248b6ac9,1136,5dd6ea6cd6093119e21411f2878d73af6b06512dd9f1e3dfcca8927447bf887b
740,ord_dataset-ac78456835404910b3a4c840248b6ac9:ord-68f419a1f3a94d0da1996598fab7bf81,ord_dataset-ac78456835404910b3a4c840248b6ac9,940,26d9f77149a535aca966ba94edbbeb9cb7203f877526af296dd842300d472cdd
741,ord_dataset-ac78456835404910b3a4c840248b6ac9:ord-68f99896c6f24aae99f6d111ba1f75ee,ord_dataset-ac78456835404910b3a4c840248b6ac9,648,2133e3450ef2c84877a08a9c02b44863909018ef66475915ecaacbd1a30986f5
742,ord_dataset-ac78456835404910b3a4c840248b6ac9:ord-691a29d29b50438a9df930ee4cfa1e20,ord_dataset-ac78456835404910b3a4c840248b6ac9,1218,761f01fb361005dc8126271c620d5839b7e06351f87aced3a1e725f0c6ffbb68
743,ord_dataset-ac78456835404910b3a4c840248b6ac9:ord-6933f652474142e283bbf7986835caff,ord_dataset-ac78456835404910b3a4c840248b6ac9,1546,d84be43f80578d27adbf40935747b08dd080c66d1d286c87f314c2c36b9b1a73
744,ord_dataset-ac78456835404910b3a4c840248b6ac9:ord-6967a4187f6448699240be91d0b67028,ord_dataset-ac78456835404910b3a4c840248b6ac9,1499,1583a1031de8204f7c37ef78a99c2bc4a012bf7811a9ed0d6d6b7c874ebe457b
745,ord_dataset-ac78456835404910b3a4c840248b6ac9:ord-697f24f2c4bd45d4bfc5771cfccd69fb,ord_dataset-ac78456835404910b3a4c840248b6ac9,1624,3df52f21c5e4adf17b8adf9c8835494e5b375d706522ea320271890b4cc754e6
746,ord_dataset-ac78456835404910b3a4c840248b6ac9:ord-699180b6e33e4ee7a82278fb53afa918,ord_dataset-ac78456835404910b3a4c840248b6ac9,835,8f70f9f80529d033454fe8fc258f8f7190d7c459a8fbaa001c9250b0752c78ae
747,ord_dataset-ac78456835404910b3a4c840248b6ac9:ord-6995bf359f2c4484aec5e814339c40fc,ord_dataset-ac78456835404910b3a4c840248b6ac9,1142,d80fe26cbbf26227e4b70c0b41c249ed7477e1a6b63cf0dd7084e990acb801d2
748,ord_dataset-ac78456835404910b3a4c840248b6ac9:ord-69bfe3d3e1484244b90ca4a733f602f3,ord_dataset-ac78456835404910b3a4c840248b6ac9,1054,fff9109df8fc41ec52e969c78774cc41973d3b9ac3a4ea60a9b750a040f59c5d
749,ord_dataset-ac78456835404910b3a4c840248b6ac9:ord-69c07eafe77343f3a073892a12eded03,ord_dataset-ac78456835404910b3a4c840248b6ac9,396,5c66925024b5738d47e68f3347412f3fc8d809edb1af1592ec10e7f16853ceef
750,ord_dataset-ac78456835404910b3a4c840248b6ac9:ord-69cfacef7d7e4db08b3a630d09d972dd,ord_dataset-ac78456835404910b3a4c840248b6ac9,752,0b4ca2138909d0831a982877b08bfe1eb05a506919f3cc9a678ef6ee396fe01d
751,ord_dataset-ac78456835404910b3a4c840248b6ac9:ord-69d8393e26434f51ad8e57a2c160f30b,ord_dataset-ac78456835404910b3a4c840248b6ac9,1514,e38fb6b0ad9e75b303019c9bed0f50c2a32fd1ce74099c5473e1d07aead9ab53
752,ord_dataset-ac78456835404910b3a4c840248b6ac9:ord-69f2abeea13946c6995543e711bfddf6,ord_dataset-ac78456835404910b3a4c840248b6ac9,622,c318faa27c0cdc1406ac6948c55c486db53a691070cabeb3211d14d0fd6f2c26
753,ord_dataset-ac78456835404910b3a4c840248b6ac9:ord-69f7615545e941809dacbbdb9b4ee805,ord_dataset-ac78456835404910b3a4c840248b6ac9,1337,eb69e8baf1ce24e087f545eccbed550b314ef4a1327d78a1e75b730cd57fe22e
754,ord_dataset-ac78456835404910b3a4c840248b6ac9:ord-6a43fc1c0f5b4fa0a9014a5a4cd8646f,ord_dataset-ac78456835404910b3a4c840248b6ac9,550,231935dbc9875f5d352fd634768a77e6b1857cb49476f354147065a45a13547c
755,ord_dataset-ac78456835404910b3a4c840248b6ac9:ord-6a864af7d96c4a66b8d922197c39623d,ord_dataset-ac78456835404910b3a4c840248b6ac9,1673,2e39304267b7e8da61cba940e6147507435a05176a2098972f5603de292e8e18
756,ord_dataset-ac78456835404910b3a4c840248b6ac9:ord-6aa2a1d35c3e46449e2a3e15d62bc98a,ord_dataset-ac78456835404910b3a4c840248b6ac9,623,fbe632496174ac7b5aad09f1783b369f591f095888c9f770ecab470386db52b1
757,ord_dataset-ac78456835404910b3a4c840248b6ac9:ord-6adebe6b075747eaacb73187206abc80,ord_dataset-ac78456835404910b3a4c840248b6ac9,757,12832e322e21e95729fe287d1d53cb5a84c0309b518b35dd9c156b1bb15554fb
758,ord_dataset-ac78456835404910b3a4c840248b6ac9:ord-6aeb4ec6045848b7a553ef61dff4c6db,ord_dataset-ac78456835404910b3a4c840248b6ac9,1291,4ea49366418ddb4dcb74f075e7a60fb108117af567ef7b192bdb9b8d388298ce
759,ord_dataset-ac78456835404910b3a4c840248b6ac9:ord-6af0a5b937744bf19c815a2dcc63fd41,ord_dataset-ac78456835404910b3a4c840248b6ac9,319,982d57fa445b87f8f8d858b6492e3d316790c6203cfaa26e8d146cd750734124
760,ord_dataset-ac78456835404910b3a4c840248b6ac9:ord-6afe6218ad924237b756df2f60934fb9,ord_dataset-ac78456835404910b3a4c840248b6ac9,956,f105dbe654e0907017122529c683588702d551aa918ad262237035536071d837
761,ord_dataset-ac78456835404910b3a4c840248b6ac9:ord-6b79e03518c4433ea1357e5794fefd73,ord_dataset-ac78456835404910b3a4c840248b6ac9,1500,720bf1028fe6676cacf15cbd49c6c428b7a19dd99cb5f5787eac56fd3d45a179
762,ord_dataset-ac78456835404910b3a4c840248b6ac9:ord-6b79f70ac3584e53822add04c41f94d6,ord_dataset-ac78456835404910b3a4c840248b6ac9,242,6fbc1b2694b590b672981dbde806256fb3213558bdde24689b76938e97c7c780
763,ord_dataset-ac78456835404910b3a4c840248b6ac9:ord-6b936389076f45ab963fa9ca914e9c02,ord_dataset-ac78456835404910b3a4c840248b6ac9,1019,a97a86a117198d598104be40bfd2ae98b85dfa8ecb45d1fdc707f9d2e7669e89
764,ord_dataset-ac78456835404910b3a4c840248b6ac9:ord-6bbbb050715243d683c14eb50cc4a3ff,ord_dataset-ac78456835404910b3a4c840248b6ac9,821,b7e9a1d41692e8ed5f6690efdfb06f8484cccfa46efcb13c37f84307b966de5a
765,ord_dataset-ac78456835404910b3a4c840248b6ac9:ord-6c030ef7242c4ed2bdebb76d2e1ac4a5,ord_dataset-ac78456835404910b3a4c840248b6ac9,115,323665672cf03c9defb46ffba6a27df4d7053738740dec55f5ae2f8d7ad5b444
766,ord_dataset-ac78456835404910b3a4c840248b6ac9:ord-6c0bb7ec508d46b1853c26e0a3e68290,ord_dataset-ac78456835404910b3a4c840248b6ac9,783,90f8aa1e8a5fc72c29e13241bd7bde27f2f9b7bcc6eb194c5eb5dec1d204827b
767,ord_dataset-ac78456835404910b3a4c840248b6ac9:ord-6c0f3def45fc48eaa443972333ae24a5,ord_dataset-ac78456835404910b3a4c840248b6ac9,1671,9e0678ed781d63abccd45dcf945d4d5a4a752199869ac084edff6be89c246740
768,ord_dataset-ac78456835404910b3a4c840248b6ac9:ord-6c4bcf235c93400f84887c0c9fd9b1eb,ord_dataset-ac78456835404910b3a4c840248b6ac9,959,20e9c3f59ed6df9daf96c73327c931541bb0b6207b3bfb0f688d6d5cc4461de8
769,ord_dataset-ac78456835404910b3a4c840248b6ac9:ord-6c5cfeaaaa84401291897563a8bfd2c3,ord_dataset-ac78456835404910b3a4c840248b6ac9,825,01155128ac542de01fa52220316344bdbea9ec8628f10028833df669cf5731f4
770,ord_dataset-ac78456835404910b3a4c840248b6ac9:ord-6c5f64048dc24d7ebb1aaeebae3f1670,ord_dataset-ac78456835404910b3a4c840248b6ac9,719,1c272c087202270dd59266f401d888aac3a75fe1a240251931c4d5975828803c
771,ord_dataset-ac78456835404910b3a4c840248b6ac9:ord-6c76009ccaa04b41a4d8934d9c504420,ord_dataset-ac78456835404910b3a4c840248b6ac9,512,69ff9681dbd46b58e6be3b50cfef69e441c0b71b3c8b3705119e58f78b5f85ca
772,ord_dataset-ac78456835404910b3a4c840248b6ac9:ord-6cb2eae091a241e0889c39e2a2c30b06,ord_dataset-ac78456835404910b3a4c840248b6ac9,84,1c0e63e717cae2b08edd86805387e3510bf69d7038c9ec22b7298f30ee01ad25
773,ord_dataset-ac78456835404910b3a4c840248b6ac9:ord-6cd9840d7cfa495495c6660e9568b64f,ord_dataset-ac78456835404910b3a4c840248b6ac9,1380,31e2b8c7ba24688fd3b80f696433904fb92a4f68f34229fdc40a10ee7d61c17a
774,ord_dataset-ac78456835404910b3a4c840248b6ac9:ord-6d0905e2c7b5427ebc36a2507d94704c,ord_dataset-ac78456835404910b3a4c840248b6ac9,1397,7d942b90ec2c5fd81d27ca5ef1931192f6c2bbbcf7c534dd1ed549e7c6585f91
775,ord_dataset-ac78456835404910b3a4c840248b6ac9:ord-6d390c47174147de8fa6587da732bad4,ord_dataset-ac78456835404910b3a4c840248b6ac9,1001,97aa25c6ca9bb49a2af8ded3451c3cbd86cf7b0ee475420d5c47e079b0ee87ec
776,ord_dataset-ac78456835404910b3a4c840248b6ac9:ord-6d667dd3cf6f4368b22e809712d7be5b,ord_dataset-ac78456835404910b3a4c840248b6ac9,324,80a43fe4bed5cf75d4d9e646272fb70d0231349c66762312e928f70f59d21b89
777,ord_dataset-ac78456835404910b3a4c840248b6ac9:ord-6d98dc4071b94f4cbd38801782ca21b9,ord_dataset-ac78456835404910b3a4c840248b6ac9,268,2ea0a5d660ca9928186ef059bc69b0ce9d39c74ede0720315410de2bd84d6a27
778,ord_dataset-ac78456835404910b3a4c840248b6ac9:ord-6db1e123bf9646f29339573c45cf4c4e,ord_dataset-ac78456835404910b3a4c840248b6ac9,1080,c9a2b91bb688ba01caf49b21c1fb94e1ba0a6524ed8490941d339b8385f4864d
779,ord_dataset-ac78456835404910b3a4c840248b6ac9:ord-6de383184e4e40d4bb42763c407cabf9,ord_dataset-ac78456835404910b3a4c840248b6ac9,905,1d467ecf0d0a406d33406bb039d4bc457cdf6d1263dca75cc223dc594832d244
780,ord_dataset-ac78456835404910b3a4c840248b6ac9:ord-6dff8fe221cd473e800e02aa142ad5a2,ord_dataset-ac78456835404910b3a4c840248b6ac9,853,1c0216e2343a46501bae185a046fc00d2b9bec8e9a3a388153e9e9c7549eaea1
781,ord_dataset-ac78456835404910b3a4c840248b6ac9:ord-6e006848e17945eea2423c82ba91d923,ord_dataset-ac78456835404910b3a4c840248b6ac9,725,f089467601ea6a5798e6742a5196c7f32d37861a29eb49051889e6170a9a036c
782,ord_dataset-ac78456835404910b3a4c840248b6ac9:ord-6e249eab909f4341b48081fe8b7cbacf,ord_dataset-ac78456835404910b3a4c840248b6ac9,521,d893b3923b95a58a94e6026717dab83fd914b843cb086ead98cf9bd72d804f52
783,ord_dataset-ac78456835404910b3a4c840248b6ac9:ord-6e49ea30534a4b07b2dbdfa85f9747ff,ord_dataset-ac78456835404910b3a4c840248b6ac9,1661,250ae8493074d6b206530477b0936ec4f90a955e375543474464846d6ecd1821
784,ord_dataset-ac78456835404910b3a4c840248b6ac9:ord-6e4c81f82e734d4094bf2048e95504b4,ord_dataset-ac78456835404910b3a4c840248b6ac9,1464,ffc0103b9951aef1fc8daa7cfc9445e6ee15b74196d132606e35cda01fb58de0
785,ord_dataset-ac78456835404910b3a4c840248b6ac9:ord-6e6088d7d9b1461d911a98f0b438404c,ord_dataset-ac78456835404910b3a4c840248b6ac9,574,a8511a1b17d205379d524affbcb4edcc911bb0f889df90532c9f1979a253b363
786,ord_dataset-ac78456835404910b3a4c840248b6ac9:ord-6e79684739f9496b982196a7e3d9e514,ord_dataset-ac78456835404910b3a4c840248b6ac9,1432,2dd1a3c672b83d3002bf3f49f4523ddf048b220d87c0c3e0b4c210ec420523c2
787,ord_dataset-ac78456835404910b3a4c840248b6ac9:ord-6e85993cf31949458156e58a33e8ebc3,ord_dataset-ac78456835404910b3a4c840248b6ac9,1725,8cb81aeacb16864023ccd3ae743aa3685e6e98de495cd1a09687d24d7d61d47b
788,ord_dataset-ac78456835404910b3a4c840248b6ac9:ord-6ec2f82cf43d4d728027ab2f4262cba1,ord_dataset-ac78456835404910b3a4c840248b6ac9,148,fc758ba753e0a6482f1a8778fc21acf1122f0daab52538f0d264eb4c9111eb2d
789,ord_dataset-ac78456835404910b3a4c840248b6ac9:ord-6ec45ff300624a6fb6eb90ce153fba37,ord_dataset-ac78456835404910b3a4c840248b6ac9,118,6fb633bfa4e1c227d2b7724ba22e0b9f231584f599a97254cb75c025e7a65f4c
790,ord_dataset-ac78456835404910b3a4c840248b6ac9:ord-6eeaf22ff0774918b6164b0e9be22864,ord_dataset-ac78456835404910b3a4c840248b6ac9,78,11aa6a8c639574d59250957ca9dfc4e53490cfd865de09e8e088bbb47294d025
791,ord_dataset-ac78456835404910b3a4c840248b6ac9:ord-6eed3142e61f4c8eacda075839c9c7a8,ord_dataset-ac78456835404910b3a4c840248b6ac9,756,5152326af6ace18d111df1a2fdca924b60c5f710ae4e0c9a9f68aff5954aebb9
792,ord_dataset-ac78456835404910b3a4c840248b6ac9:ord-6eff305ac37842b98886c6d5f5432a61,ord_dataset-ac78456835404910b3a4c840248b6ac9,340,2f583332e0085ad5ea28ecd2411d3897397d761a323a7f4857a85f344eed46db
793,ord_dataset-ac78456835404910b3a4c840248b6ac9:ord-6f07e36c4d42407b81c13693bce8c032,ord_dataset-ac78456835404910b3a4c840248b6ac9,421,e20c47f0a04a29908076bc19a9cd1bb6ed37e42c2afb3094484346efc8b36a02
794,ord_dataset-ac78456835404910b3a4c840248b6ac9:ord-6f0a1aadb6ed45dab07171e130bee39a,ord_dataset-ac78456835404910b3a4c840248b6ac9,921,be2084de1268cdfda8bd3dc5b16cf2e9cd5d3b82f8eb9d69734dc4c4333d2dad
795,ord_dataset-ac78456835404910b3a4c840248b6ac9:ord-6f3637c200d64734b6744cbdd226bc8f,ord_dataset-ac78456835404910b3a4c840248b6ac9,1177,babd7abe73520f239f391e9106703640f0ac00b9bb31508a5b11a58e8182be86
796,ord_dataset-ac78456835404910b3a4c840248b6ac9:ord-6f45dd87c2f04e529ebae5ff0ee97b52,ord_dataset-ac78456835404910b3a4c840248b6ac9,1445,09af57616a1fba2558845479d7c66f80ad9858ab4be1f5424ba61f550d483ced
797,ord_dataset-ac78456835404910b3a4c840248b6ac9:ord-6f7322e817a244f3b9d44ddbc5773860,ord_dataset-ac78456835404910b3a4c840248b6ac9,850,2fa58e5319b9af238ccf3cfe434d85d87ccbe98d61974e91c595eb15ca9f872d
798,ord_dataset-ac78456835404910b3a4c840248b6ac9:ord-6f747be2ec484522bf0a3fc0e059cf19,ord_dataset-ac78456835404910b3a4c840248b6ac9,1078,ece50bfb51eb04e2857e7c7814207ef8c45247560692670b6741bed6e58c3992
799,ord_dataset-ac78456835404910b3a4c840248b6ac9:ord-6f7acd608f97406dbe813e57384e63d6,ord_dataset-ac78456835404910b3a4c840248b6ac9,761,a3fac414bd1a513b20d48ba4c28c8c284b16a8d824cbdd83eb3c0b138190be5d
800,ord_dataset-ac78456835404910b3a4c840248b6ac9:ord-6f82a802a63a428bb40489c5e4bd9dd5,ord_dataset-ac78456835404910b3a4c840248b6ac9,55,b57ad20d7243fa7978ac7061dcda57c78432f9cbdb78095443ad21e8e6956ee0
801,ord_dataset-ac78456835404910b3a4c840248b6ac9:ord-6fda0df92fd1427cbbb528b50058c468,ord_dataset-ac78456835404910b3a4c840248b6ac9,1427,6a50b407b58e2164f855896cded698b5fdfecd434de148fb4b2b0ab6e095286e
802,ord_dataset-ac78456835404910b3a4c840248b6ac9:ord-701c9e14ac41492a9cc28661dc7d7b0f,ord_dataset-ac78456835404910b3a4c840248b6ac9,1391,e2678bf273289b1061567dd33147eb3300152d879436edef37bbab876f4fb4f0
803,ord_dataset-ac78456835404910b3a4c840248b6ac9:ord-703d365c690a40849f0b3008a397dd1b,ord_dataset-ac78456835404910b3a4c840248b6ac9,935,a1ae4b0e938642539b6530e2c8b183defca3cf5278925d12743d2c9bb3c815dd
804,ord_dataset-ac78456835404910b3a4c840248b6ac9:ord-709bd6d4da824873ad34d8f77f9ed2ce,ord_dataset-ac78456835404910b3a4c840248b6ac9,349,f9856119fcaefedf1211900006aa128a034f73f0873dba3b273f38a0b6c270ad
805,ord_dataset-ac78456835404910b3a4c840248b6ac9:ord-70f404fb6aec4afda4df18a8b7a5431d,ord_dataset-ac78456835404910b3a4c840248b6ac9,1312,73d8119076e0565a3999ad7ac816f40cc9e7169f820e49c4d8e31a85d7e99805
806,ord_dataset-ac78456835404910b3a4c840248b6ac9:ord-70fdb55f7c6340ccbc02a4b574a28537,ord_dataset-ac78456835404910b3a4c840248b6ac9,1149,3daa37b2774ce6971a6cefa8e5adfaa4e7a726a6c6c331656808beb8218d053e
807,ord_dataset-ac78456835404910b3a4c840248b6ac9:ord-713c13f8849d4c93bf425b5e5df834e0,ord_dataset-ac78456835404910b3a4c840248b6ac9,861,dd09769eb81443d040852a31e54390dd77feb20b48f73e16afd938dcbc907ac6
808,ord_dataset-ac78456835404910b3a4c840248b6ac9:ord-71469b66785d4deb96c7db913b1ff441,ord_dataset-ac78456835404910b3a4c840248b6ac9,1073,ed2cb8639b059e96de8122620b01ad7a86a217c101fcfdd9f0f58d8d9553561e
809,ord_dataset-ac78456835404910b3a4c840248b6ac9:ord-714fbe2da8a0428d85cfc454b7a3fe91,ord_dataset-ac78456835404910b3a4c840248b6ac9,1257,5cf2a0038df0f44a38e47979e84c92df979bc5aca48137b3fd502be1504b41e0
810,ord_dataset-ac78456835404910b3a4c840248b6ac9:ord-71aa76524b5d4efe9fcb3a740c5a818d,ord_dataset-ac78456835404910b3a4c840248b6ac9,1511,4ebb7399850eafda2f54e337c9f5a30deff1375f0183c2e25c307ece6eaebff3
811,ord_dataset-ac78456835404910b3a4c840248b6ac9:ord-71da84597d7245fc851765291e92ecdc,ord_dataset-ac78456835404910b3a4c840248b6ac9,1554,ff010acfeb11e36398edb1a56311525e050ff973dda789c55a17aa3f89acbf07
812,ord_dataset-ac78456835404910b3a4c840248b6ac9:ord-72082ba3d6284b84aeba29c945be6831,ord_dataset-ac78456835404910b3a4c840248b6ac9,160,a51d0ffe591c3b8685cd3459a500cee50a6519442110ea9dd0c520fbd0f78954
813,ord_dataset-ac78456835404910b3a4c840248b6ac9:ord-72139af21a804386b9851f9787eaef9d,ord_dataset-ac78456835404910b3a4c840248b6ac9,1618,2320cf113fccb0e4c8a6acf4060b22d394d9aa9e2188893a8fef222a492e995c
814,ord_dataset-ac78456835404910b3a4c840248b6ac9:ord-7223f37a8b9b42d49ed868dae2984a5f,ord_dataset-ac78456835404910b3a4c840248b6ac9,615,e102b311d4258740933654ee0a0bbf367b3bff1c96f724e44a3966ad34a2480f
815,ord_dataset-ac78456835404910b3a4c840248b6ac9:ord-722b24dd47b64cc39ca59a7d2ad77e6e,ord_dataset-ac78456835404910b3a4c840248b6ac9,864,d800c33dc114c1bc87b3b461de82acbcd1048eba8ac7e76a5bbbcd26bac7b211
816,ord_dataset-ac78456835404910b3a4c840248b6ac9:ord-729db869a5904366b8e3eb1b3bf7f232,ord_dataset-ac78456835404910b3a4c840248b6ac9,858,11292889dfbbc3981fb50333bb1d7f9299351d05d14662edab3fbe4937ad7e6a
817,ord_dataset-ac78456835404910b3a4c840248b6ac9:ord-72c0e8b435e745b1b4479f71f60d37ad,ord_dataset-ac78456835404910b3a4c840248b6ac9,517,fad0b364e5ef81994eec79bee6cf853a0b08ddbc04695e52240bfa5a0e21c9f6
818,ord_dataset-ac78456835404910b3a4c840248b6ac9:ord-72dc318161c446d9a6eae4dace580872,ord_dataset-ac78456835404910b3a4c840248b6ac9,764,45bc492119fb2194d8bfffd34fb4e7ca62a1d29c074214eb726191801afa10db
819,ord_dataset-ac78456835404910b3a4c840248b6ac9:ord-72f9ceba595742f29abd98b04b778518,ord_dataset-ac78456835404910b3a4c840248b6ac9,586,f0f6bf6e36cdbf09d5d1ff9818938ca71cb0afcd9fda3bec31e92751dd890523
820,ord_dataset-ac78456835404910b3a4c840248b6ac9:ord-7320a34cd6244d0e99b9593b8294b326,ord_dataset-ac78456835404910b3a4c840248b6ac9,41,2227420842a05f60a77e17a3a31777e7b7140a762a5c189c724f980c08b8230d
821,ord_dataset-ac78456835404910b3a4c840248b6ac9:ord-73262220fd744678a27dd1e30604ac17,ord_dataset-ac78456835404910b3a4c840248b6ac9,1724,89fd30fcb1a857e71ffe09f0c1187b2be9b1a6f0613ff0e169781f1dfd0efdc7
822,ord_dataset-ac78456835404910b3a4c840248b6ac9:ord-73298078ff3445b6bb6b342cdf3ef245,ord_dataset-ac78456835404910b3a4c840248b6ac9,296,3909f5446d8483f0d62c1aae2a88a78e1a79718ddf7db6a105d173d32212cff3
823,ord_dataset-ac78456835404910b3a4c840248b6ac9:ord-73938264b8e846b786eea14ac36bf753,ord_dataset-ac78456835404910b3a4c840248b6ac9,1171,da75a7c52432f28b155d62a8377303411052a9140e2fbd829ef41a626d444f2d
824,ord_dataset-ac78456835404910b3a4c840248b6ac9:ord-73b604f00f93432fa0bce9428f7f0095,ord_dataset-ac78456835404910b3a4c840248b6ac9,263,00994ae865395bc229bc924cb6192fe4b9b0d674414e7800d26654f3dca6e743
825,ord_dataset-ac78456835404910b3a4c840248b6ac9:ord-74266206a2c541189787103a2d58d99b,ord_dataset-ac78456835404910b3a4c840248b6ac9,1483,9d22dd87a1879ce93f8dcf3e483358de45dd93e6055fe77b0289379611d31537
826,ord_dataset-ac78456835404910b3a4c840248b6ac9:ord-749747eaa223436d8e099366cc25586e,ord_dataset-ac78456835404910b3a4c840248b6ac9,1135,344947cedc53997cb8266e591c4f3c1f8795463bd5691e0609f961d8f02cbfbf
827,ord_dataset-ac78456835404910b3a4c840248b6ac9:ord-74dc2a18dab74e55ae562e8083f17cfc,ord_dataset-ac78456835404910b3a4c840248b6ac9,1331,185d9afed81501a5e80d3511cf864ab5f4d87892dfcf3e3160c463d717367ef5
828,ord_dataset-ac78456835404910b3a4c840248b6ac9:ord-7502f43ec67646799b8a11675dbb4cf0,ord_dataset-ac78456835404910b3a4c840248b6ac9,681,0921f82a8de902686afc5c8d155af97682d7e56e5385f400e5f676a4bcc440aa
829,ord_dataset-ac78456835404910b3a4c840248b6ac9:ord-7529010e536c4b0f88505a0225625ee8,ord_dataset-ac78456835404910b3a4c840248b6ac9,976,c85270d223f4293f87baccdcd6f4712c241c42005ae81e9ea15df574d7627c4b
830,ord_dataset-ac78456835404910b3a4c840248b6ac9:ord-7547572407704cebb1c0479a240c4c62,ord_dataset-ac78456835404910b3a4c840248b6ac9,465,0ded2b7001c6f9d8f8d77f21e7fe2ae0a6ca0c45149d58390181f3f4a3865651
831,ord_dataset-ac78456835404910b3a4c840248b6ac9:ord-7589cf374301403dbbf0181e45af8af2,ord_dataset-ac78456835404910b3a4c840248b6ac9,668,aa2c1e8d8b37ca5d6e76ac631bb957ecceb47d4230b34bf878ff5f0cba53c7bd
832,ord_dataset-ac78456835404910b3a4c840248b6ac9:ord-759dbc3590244dd09fe1974023c4eff5,ord_dataset-ac78456835404910b3a4c840248b6ac9,1570,b80b15b31713ee241506438b88b8a3736c37d9ca993a4a7ded6f49bf4bd1c602
833,ord_dataset-ac78456835404910b3a4c840248b6ac9:ord-75cae99f8d4f47c5b26fa52c4cfebd3e,ord_dataset-ac78456835404910b3a4c840248b6ac9,99,071da345db2fcaeb79e67f8192beb6d44d2b9e74aeeb9c555b8d8824b795d007
834,ord_dataset-ac78456835404910b3a4c840248b6ac9:ord-75daef50d5ee43a19c8b3f2e357492d1,ord_dataset-ac78456835404910b3a4c840248b6ac9,441,90c37d0306a9dcec705ff41a574ee1cad3bef35cfae3444c0cb8d0fef7ea3520
835,ord_dataset-ac78456835404910b3a4c840248b6ac9:ord-75e862c763c74091912da104a411d2ce,ord_dataset-ac78456835404910b3a4c840248b6ac9,1289,1a6057d9a24bf55e53243bf89c65704f4f751e86e7aa13a14b8c575f3e7e5005
836,ord_dataset-ac78456835404910b3a4c840248b6ac9:ord-75f4702e4f6b452aa41de6f2b11e1ab6,ord_dataset-ac78456835404910b3a4c840248b6ac9,1463,730a386318433a3f8d8f9560c32dc0f5779b0dcb25756008237f64ca8b4f27ec
837,ord_dataset-ac78456835404910b3a4c840248b6ac9:ord-7617b8c333c04ca3b9b4f68a662f80b6,ord_dataset-ac78456835404910b3a4c840248b6ac9,826,474eaa681233a33ed964cd72cedc3cfb13f1db268b758c9db83ad04e15399909
838,ord_dataset-ac78456835404910b3a4c840248b6ac9:ord-7640cce76f3747648bd457e8f6a86f36,ord_dataset-ac78456835404910b3a4c840248b6ac9,1651,b6d0517991d187bcfae719d8fa0479a84d2e05f5f3cc0502a3d443d4505e6820
839,ord_dataset-ac78456835404910b3a4c840248b6ac9:ord-7665b9e0e13d41c0b9910030af451dff,ord_dataset-ac78456835404910b3a4c840248b6ac9,74,b213981cf4ef28879b41626e0cc49eaffecedf0c802b3c00d1c0da20c2f7b29a
840,ord_dataset-ac78456835404910b3a4c840248b6ac9:ord-76bcc1d515584232ab4019a4fd324d18,ord_dataset-ac78456835404910b3a4c840248b6ac9,1164,eab1095c2072173794d7ca7aeebe423d68cfd569ab582f5fdfde9af6794ecdf3
841,ord_dataset-ac78456835404910b3a4c840248b6ac9:ord-7708fa985f3f47668b6d6050fbbf203f,ord_dataset-ac78456835404910b3a4c840248b6ac9,88,8514ed6ba5b79e49857e750c32b9f700b59d8488ccc1dd80d7f33a7a416fb9c1
842,ord_dataset-ac78456835404910b3a4c840248b6ac9:ord-7722b75477e94b1db57c2d6a447ed0bb,ord_dataset-ac78456835404910b3a4c840248b6ac9,1498,4508c403d1cc44c7ec921b6bca419d70489e0cd953b9f1abbf2b0a328997c4cc
843,ord_dataset-ac78456835404910b3a4c840248b6ac9:ord-77304ae26df141debf650146b9224ba3,ord_dataset-ac78456835404910b3a4c840248b6ac9,1208,958b8f89e72fc4ba2848b87d99823c54d8ded0ae351e990dceb76120729c4611
844,ord_dataset-ac78456835404910b3a4c840248b6ac9:ord-77305c48366a42f7b988c17824c0553b,ord_dataset-ac78456835404910b3a4c840248b6ac9,830,d53a4fe16b22a5588ca592ebfab969fe9638ebdcbeacf8599c3a32ea7fac1060
845,ord_dataset-ac78456835404910b3a4c840248b6ac9:ord-774f0103ad6946a48bdbd1309195c4a4,ord_dataset-ac78456835404910b3a4c840248b6ac9,1595,bb450d24400f64bfc5bb966a5e31bed273e8baa8f911ee1e053455bf792732df
846,ord_dataset-ac78456835404910b3a4c840248b6ac9:ord-77505c049f004af0857e30e5fdad71c8,ord_dataset-ac78456835404910b3a4c840248b6ac9,138,4e9c8088b2e237424c0bcb1ba66c4e6034d3d3fae4dc5a615180e6fb866b8a7c
847,ord_dataset-ac78456835404910b3a4c840248b6ac9:ord-7767d4979a2243be8b6f5599f3905b6a,ord_dataset-ac78456835404910b3a4c840248b6ac9,1129,36fa92987ee0ef65a5be606ac9aea769759e355104a62b02fe92a2c7aacc108d
848,ord_dataset-ac78456835404910b3a4c840248b6ac9:ord-77693b3d93cc4fa3a18bd221e3cd866e,ord_dataset-ac78456835404910b3a4c840248b6ac9,18,b69790026884022efa012f688a9f4dc7723087e6468fcf313464741748ee9a9f
849,ord_dataset-ac78456835404910b3a4c840248b6ac9:ord-779cf991b2cc454fa2ae6192c2ddeec2,ord_dataset-ac78456835404910b3a4c840248b6ac9,708,68c08812fa74aca2a76a4ea627f64f8bafc806885d802704afee655f1cf8c72c
850,ord_dataset-ac78456835404910b3a4c840248b6ac9:ord-77ac0a73714049de8ec9fb5dd9f11e60,ord_dataset-ac78456835404910b3a4c840248b6ac9,1719,2deae2c14dd1e966f430224fdeba8cb9f80bc990106e295a494039f751c20f97
851,ord_dataset-ac78456835404910b3a4c840248b6ac9:ord-783dfc1db20a42ed9fb9714a0e760014,ord_dataset-ac78456835404910b3a4c840248b6ac9,1620,cdc5ac3e7fdcdf4f0fdf6709564e8bc27a86f242211dc5c283c4659b96ecebb1
852,ord_dataset-ac78456835404910b3a4c840248b6ac9:ord-7848233bbdd64a759c459862fbd2822b,ord_dataset-ac78456835404910b3a4c840248b6ac9,652,835494e805cf1f74a3c505b698bd669c0e142202a40f21fe6e7172062b9d4b44
853,ord_dataset-ac78456835404910b3a4c840248b6ac9:ord-785ca58601f74f76a06628a31f0218e2,ord_dataset-ac78456835404910b3a4c840248b6ac9,810,4eb404f1d89824325b5b072b5c5dce1206513556ff2c5d89aaa6682699be640d
854,ord_dataset-ac78456835404910b3a4c840248b6ac9:ord-786494af47e649acbdc01656fa177308,ord_dataset-ac78456835404910b3a4c840248b6ac9,651,f7b1b5310c5bad6b7538e52f5ed78d1431b2d18aee290c7ea8f2e6a5dcbba411
855,ord_dataset-ac78456835404910b3a4c840248b6ac9:ord-787c1c73fe734e76a221078f487e14d6,ord_dataset-ac78456835404910b3a4c840248b6ac9,917,c59f84b3f64b8d956214a57e3b162f8c89817fb815799afd2e10cdea0b8e6112
856,ord_dataset-ac78456835404910b3a4c840248b6ac9:ord-7886dee1c138409ca65fe39cace3973f,ord_dataset-ac78456835404910b3a4c840248b6ac9,751,4aeed9213d175e73653d8fe9f5eed80a5623ee376908c280b7eeaf31db6077f9
857,ord_dataset-ac78456835404910b3a4c840248b6ac9:ord-78871f06054c4182a467eae8c5c3e56b,ord_dataset-ac78456835404910b3a4c840248b6ac9,782,86022c4830f0a05d7473f255e4a550f5192777326a1e77d1f8a288b29e1b374f
858,ord_dataset-ac78456835404910b3a4c840248b6ac9:ord-78876a1a5a0842e1ae6dda96aa3fea90,ord_dataset-ac78456835404910b3a4c840248b6ac9,1493,2992928d9a8e83e476c7d7c06c64b683a01452245e5a837d8c8c743fbd4314cd
859,ord_dataset-ac78456835404910b3a4c840248b6ac9:ord-78a7e27abed74ef1a19b8e242f35d1a9,ord_dataset-ac78456835404910b3a4c840248b6ac9,35,9da1be917bbba35b5386419145454e2e3e3b92d1981ab38f7d09e13442369c4d
860,ord_dataset-ac78456835404910b3a4c840248b6ac9:ord-78aa018b80d94deb88c1ed54bd1f7b94,ord_dataset-ac78456835404910b3a4c840248b6ac9,470,542a37363bbacf27ab081442ad1f3bce965d75ba84960ec491c9b83187194ecd
861,ord_dataset-ac78456835404910b3a4c840248b6ac9:ord-78bad6fd15b34bbc9fcb5786cbce446f,ord_dataset-ac78456835404910b3a4c840248b6ac9,1517,14f14a259ed3804d23fe58d9f7e0feb4b13bd6297f4b3a4d82a0dbbe8f1f05f9
862,ord_dataset-ac78456835404910b3a4c840248b6ac9:ord-78c148df559640fe81a272f11c4433bb,ord_dataset-ac78456835404910b3a4c840248b6ac9,1206,9bcedb35621a68b1bfeedb5793968e67f86cc151a7acc61e5be4cf7d96625abb
863,ord_dataset-ac78456835404910b3a4c840248b6ac9:ord-78c98b2f290d433a9dd3f96ca7d7dbef,ord_dataset-ac78456835404910b3a4c840248b6ac9,132,54dcbeb74ec46e99a308e93740e69b2aa89b19c36d6b33bc3e418bf037505d63
864,ord_dataset-ac78456835404910b3a4c840248b6ac9:ord-791dd44aff26455c9c6a834ff12260b5,ord_dataset-ac78456835404910b3a4c840248b6ac9,701,95124b2079b8b9a9aa830dc59d8a17379f348738b5037bd5455c2fcfd6285e92
865,ord_dataset-ac78456835404910b3a4c840248b6ac9:ord-7942bbee7619485f9cdf8287f6878e41,ord_dataset-ac78456835404910b3a4c840248b6ac9,357,0ca077dd8e2697ead25bd3d185f0861b75730e4f6f05b2bf5ec9216aebfba5db
866,ord_dataset-ac78456835404910b3a4c840248b6ac9:ord-795a538133934a7894e23dde8c72e5a3,ord_dataset-ac78456835404910b3a4c840248b6ac9,1394,2c3c92edebce7db60e042933ab7ec06159ea67e35e7173e9a404fd90424d96d2
867,ord_dataset-ac78456835404910b3a4c840248b6ac9:ord-796001d26d4e4f8b9abf432bb63b893e,ord_dataset-ac78456835404910b3a4c840248b6ac9,619,73780608484ebf2d4c0b317fa552bf28041d580ccefc0d3de486ba70c617c582
868,ord_dataset-ac78456835404910b3a4c840248b6ac9:ord-7967da78fd154ff381fefd0f2a165da9,ord_dataset-ac78456835404910b3a4c840248b6ac9,639,55fba7fbb17a2b3b9a99090c0479e8952ed263b957924e12ac325b140cc95897
869,ord_dataset-ac78456835404910b3a4c840248b6ac9:ord-79753586479446d49edc9f12ddc7c596,ord_dataset-ac78456835404910b3a4c840248b6ac9,196,26181adcaa3f27b9f3ed98af5b7897a323f0ad88e7fc4d40f1602e0e3c154928
870,ord_dataset-ac78456835404910b3a4c840248b6ac9:ord-797d67ebdde94413b7da224f9f3519f0,ord_dataset-ac78456835404910b3a4c840248b6ac9,945,2f8086b490341095e1c4d85058c7b0e5f5e2636a7ea59918e216147f6af2f05c
871,ord_dataset-ac78456835404910b3a4c840248b6ac9:ord-79847278a4c34244b8ae271ebffe666b,ord_dataset-ac78456835404910b3a4c840248b6ac9,85,4c45440eb9ae86486c519f433f8519a69bca71693d5fd8bc7ea25f6ac38989c2
872,ord_dataset-ac78456835404910b3a4c840248b6ac9:ord-79b6b22de6ac446083c3caace735b30b,ord_dataset-ac78456835404910b3a4c840248b6ac9,1376,b0e03b32dec7a51fbcd90ee1ff1d51a88e266716a14c9ffcd14c29a87f126b46
873,ord_dataset-ac78456835404910b3a4c840248b6ac9:ord-79f55d4f02f24308adc69d8427f727a9,ord_dataset-ac78456835404910b3a4c840248b6ac9,1275,35067ac3e5c88d638abfbcdebcee6b7608592c214a1e8e6138ad1b0393349f70
874,ord_dataset-ac78456835404910b3a4c840248b6ac9:ord-7a1b514c28f840fa8d6ed222a494fb9f,ord_dataset-ac78456835404910b3a4c840248b6ac9,1727,1e78b417a93a2e2b028cab92fefe6b126518fb7bfc2c6ff4f4a50bba6c25aa7e
875,ord_dataset-ac78456835404910b3a4c840248b6ac9:ord-7a347577b2b04190a6f51e412b86320c,ord_dataset-ac78456835404910b3a4c840248b6ac9,1459,2b3c289dced79a41469a5d8a08a71c0da5ad0af5ae4bd49182095f0c1b120f7f
876,ord_dataset-ac78456835404910b3a4c840248b6ac9:ord-7a8eeb4d3945444eae8c9241246e5a01,ord_dataset-ac78456835404910b3a4c840248b6ac9,1227,a56396b542646f32e4a242d53bf8ffb77e546ea7e5ffa88c1092a54b3dc678eb
877,ord_dataset-ac78456835404910b3a4c840248b6ac9:ord-7afb23d0534e49fa94a14789f94c0c27,ord_dataset-ac78456835404910b3a4c840248b6ac9,1686,51ac06cbdea9bec0b610c32008f0e5aaeef9388065210c98303163685812d7a2
878,ord_dataset-ac78456835404910b3a4c840248b6ac9:ord-7afc5592079840f9aabefb8afc18a1c2,ord_dataset-ac78456835404910b3a4c840248b6ac9,1043,c798c250e599ad101251b6af32af68d8e7eda9445af885c004420717e50d1e90
879,ord_dataset-ac78456835404910b3a4c840248b6ac9:ord-7b1a458713c34d0f8c3ddaa4baa41420,ord_dataset-ac78456835404910b3a4c840248b6ac9,1124,804482bef5822900aa07471884b21b94952726e15fed8e078a13b71ae21c6575
880,ord_dataset-ac78456835404910b3a4c840248b6ac9:ord-7b1b0ea075ca48bdb2f71111157382dd,ord_dataset-ac78456835404910b3a4c840248b6ac9,451,414b4636875f54bcb01d7ed0be1cccc2e4f11dcaa20f0e134d7f7bbe4169b670
881,ord_dataset-ac78456835404910b3a4c840248b6ac9:ord-7b20f75978a64b0983255c826953ce6e,ord_dataset-ac78456835404910b3a4c840248b6ac9,1246,6928315ed131b97e08010434ab16f88f17df7611532ba9ec33332e4c87e3695d
882,ord_dataset-ac78456835404910b3a4c840248b6ac9:ord-7b5b99c37e414aed84e167e11c44a9d9,ord_dataset-ac78456835404910b3a4c840248b6ac9,258,e9df621ad683872f479b4faf7f512ec530b6090f310b33adc419a481720a985f
883,ord_dataset-ac78456835404910b3a4c840248b6ac9:ord-7ba4af2300fa42429ab8c87ff5913201,ord_dataset-ac78456835404910b3a4c840248b6ac9,969,594b0f153acec95b15e6bcecb78e7de67c0a8447d906cf24aa997953ff96f9f3
884,ord_dataset-ac78456835404910b3a4c840248b6ac9:ord-7bb663001349404da7a5d68f0bb8e9f1,ord_dataset-ac78456835404910b3a4c840248b6ac9,217,9cc1887fa77731bf0aec0d443a42a4b1b3dcd41249d6ef31b46fc592dd547fb9
885,ord_dataset-ac78456835404910b3a4c840248b6ac9:ord-7bca5c0fa4204112869a0e43aad3254a,ord_dataset-ac78456835404910b3a4c840248b6ac9,1329,380d50779fbd568cf6126c390048c715c7dcdc52bc50dbc7086160afd27420dc
886,ord_dataset-ac78456835404910b3a4c840248b6ac9:ord-7be86cc9e33d4af08cb33e98c6413d8b,ord_dataset-ac78456835404910b3a4c840248b6ac9,19,243c163c51e7b5eb445279bef2a89e911e8b9a3cc1f569a91bc00385eecca427
887,ord_dataset-ac78456835404910b3a4c840248b6ac9:ord-7bed4c06f48f4c9b9c43fc1a38792735,ord_dataset-ac78456835404910b3a4c840248b6ac9,312,7933689aa3c7937a38f753f35e49fa5f17fa67a768acf204d2d2fd996cd31552
888,ord_dataset-ac78456835404910b3a4c840248b6ac9:ord-7c10e742fc1c4263b4978b64e5123089,ord_dataset-ac78456835404910b3a4c840248b6ac9,23,4a00625083b6a6e6d63723452ea1ea7a02b3c48db124ed51147f7fc72109742b
889,ord_dataset-ac78456835404910b3a4c840248b6ac9:ord-7c6015e267ad43f4a9e71c111492deb7,ord_dataset-ac78456835404910b3a4c840248b6ac9,549,bce8ad625ee54f0aa05d3ba635e062d1ced29c47f4103b5e544f9d18383ce2b9
890,ord_dataset-ac78456835404910b3a4c840248b6ac9:ord-7c648a9f19924834b2f307520656e253,ord_dataset-ac78456835404910b3a4c840248b6ac9,684,e7eba7c91ae69d5f2cd662ebf744a39fcd2dcd98685a6d3970f5acd1a0f1a0fc
891,ord_dataset-ac78456835404910b3a4c840248b6ac9:ord-7c964601f03442d289b33c63a0ef3e07,ord_dataset-ac78456835404910b3a4c840248b6ac9,50,d75b01f59993d17daa6bd7a5d9890e42922ec1fd76332b9833de727d04b5e7fa
892,ord_dataset-ac78456835404910b3a4c840248b6ac9:ord-7ce592f2b54f4fa681296b0805adfd9f,ord_dataset-ac78456835404910b3a4c840248b6ac9,147,e1e90bd5aff8034b1ee6981817fb9e96cb964c661f719bbaa9925251edc4c7b3
893,ord_dataset-ac78456835404910b3a4c840248b6ac9:ord-7cffdb7cbeb64279acae47530f66caa7,ord_dataset-ac78456835404910b3a4c840248b6ac9,442,a4c258b2f68ed548f2efc400e9c20c6ae7e9d3f83d97eb2f4fc4498bc5cced45
894,ord_dataset-ac78456835404910b3a4c840248b6ac9:ord-7d1ef3b3f85949a6a8deaf55a1f8e8f2,ord_dataset-ac78456835404910b3a4c840248b6ac9,1172,1e086175a67cca969a6058e3ec9052c1378bf231907b1d9e7b44d3ad58e6ead7
895,ord_dataset-ac78456835404910b3a4c840248b6ac9:ord-7d5ef1e133e34c988b31914cb2a0ea9b,ord_dataset-ac78456835404910b3a4c840248b6ac9,1362,b46278e5549d9565be35e9eaad38c7c190a4d012a33005cc33f6529720321ee3
896,ord_dataset-ac78456835404910b3a4c840248b6ac9:ord-7dbd803629d14feab67ea073bec45b32,ord_dataset-ac78456835404910b3a4c840248b6ac9,1023,5faecad031e7eb2b1bb89a267c1d27439fb8a510190d6d3e3c3d9c85ee82462a
897,ord_dataset-ac78456835404910b3a4c840248b6ac9:ord-7de418c96a5744b38813cd5aa589044e,ord_dataset-ac78456835404910b3a4c840248b6ac9,375,52276e50a870154cfd20991699881a0d8d3dad710bde4dbea3673773b616a39e
898,ord_dataset-ac78456835404910b3a4c840248b6ac9:ord-7dfe78ac53df44e4bd0f2cbe59ea4e39,ord_dataset-ac78456835404910b3a4c840248b6ac9,1718,e78df151d41f66325a7ae06c673f1b991c9bbc720620647b6060dd74a3835753
899,ord_dataset-ac78456835404910b3a4c840248b6ac9:ord-7e1be5398dc14d929024d5a1688d8507,ord_dataset-ac78456835404910b3a4c840248b6ac9,973,9a048f9f22ba30b4d2627cde2418fc3e424774d12445586f7fd20edaa7b267e3
900,ord_dataset-ac78456835404910b3a4c840248b6ac9:ord-7e2a45ef67d244a691e17402238a1f0c,ord_dataset-ac78456835404910b3a4c840248b6ac9,893,20eca90e0002c7e1493b2c2ee8939b5221bcf9a72075fe838947005eae196175
901,ord_dataset-ac78456835404910b3a4c840248b6ac9:ord-7e6bfbd31b354492be330df2482bdb4d,ord_dataset-ac78456835404910b3a4c840248b6ac9,330,f0e4294fd6f7a1348100ad9ece352c4382d938b26a9548133722ce8ea9100969
902,ord_dataset-ac78456835404910b3a4c840248b6ac9:ord-7e8910ccb6d4412b8cabdc1d825f8bd8,ord_dataset-ac78456835404910b3a4c840248b6ac9,1316,87f35a421b084e4b3b90304b05f5f7761cd2e14cc88a3ded838b2426d717cb71
903,ord_dataset-ac78456835404910b3a4c840248b6ac9:ord-7e8ae02080264d75bb5424daaae25baf,ord_dataset-ac78456835404910b3a4c840248b6ac9,293,43176fcb90b39e6db7f4d70b7d8b15fca45fd55ad9bef4bb6be9ffac2447ebd7
904,ord_dataset-ac78456835404910b3a4c840248b6ac9:ord-7ecca359f9864bf9ad1145d6bfcebc48,ord_dataset-ac78456835404910b3a4c840248b6ac9,680,77b569b3c70d43bc9221e06d91ca9f575b23cbb240f3c0f36baa243cec5d8463
905,ord_dataset-ac78456835404910b3a4c840248b6ac9:ord-7edb3a65066c412d8358eeb0b9adcb49,ord_dataset-ac78456835404910b3a4c840248b6ac9,903,c9ff79ba9a689da434aaa7883e059607dce6a3c3505f45851907aa472d8286fb
906,ord_dataset-ac78456835404910b3a4c840248b6ac9:ord-7eddb6935b754d7ab2df21f6f2467260,ord_dataset-ac78456835404910b3a4c840248b6ac9,654,53add11470143f0a0559021b34cc7c6b54e31f73eb96b2db5b3933a33ec7fea7
907,ord_dataset-ac78456835404910b3a4c840248b6ac9:ord-7eeea53083ad4affb4875d60ff9519cf,ord_dataset-ac78456835404910b3a4c840248b6ac9,125,750c35b9cd4fc1fdef7bbbcbdcc3cbbf971842c683e9630475c34c86d1e2261c
908,ord_dataset-ac78456835404910b3a4c840248b6ac9:ord-7f087a5460c7417d8af73e59f67835dc,ord_dataset-ac78456835404910b3a4c840248b6ac9,1364,3444969f6d51bc83e459ed69e09f57bca18c7c5d63881da06a2935f367438056
909,ord_dataset-ac78456835404910b3a4c840248b6ac9:ord-7f612453d2c74d01868860ebb2deafe1,ord_dataset-ac78456835404910b3a4c840248b6ac9,1055,c7764c9dcf60b2b0959ba6bf093c4b56982790f199ecd7d380bed316603f2db7
910,ord_dataset-ac78456835404910b3a4c840248b6ac9:ord-7f7f3fcdf934404c9f5025165f556f14,ord_dataset-ac78456835404910b3a4c840248b6ac9,509,ecf9ccba1765fd903390071b05eee74a85fc40b46fd8c8d68c31e316f9565cbd
911,ord_dataset-ac78456835404910b3a4c840248b6ac9:ord-7f8cb287676141eb9e52b9a0c6017f35,ord_dataset-ac78456835404910b3a4c840248b6ac9,109,376d6aba6a2047d800ce1f7b14b00c8fd59f5dc88986df733f802580a934401b
912,ord_dataset-ac78456835404910b3a4c840248b6ac9:ord-7f92facf4910490ba06ac58b8228bdd4,ord_dataset-ac78456835404910b3a4c840248b6ac9,162,be44e686ec9b84483f65d31b50146fde95ead300628163df91d765d3fd4524c4
913,ord_dataset-ac78456835404910b3a4c840248b6ac9:ord-7f952c1ab1c44a589be3c32e3c758599,ord_dataset-ac78456835404910b3a4c840248b6ac9,1193,bbaff199dfed6f6e6f0d2d76dd706a19050317222b68ac06966e289cc3142b59
914,ord_dataset-ac78456835404910b3a4c840248b6ac9:ord-7fb8eed994a44990bc161f911d655b7c,ord_dataset-ac78456835404910b3a4c840248b6ac9,1310,043e727a4d12928acea9dc90ae6b677e35ab0ee30934571f1de3779390eee2d1
915,ord_dataset-ac78456835404910b3a4c840248b6ac9:ord-7fd07cf8d5d34cc49fa3e2bcf7b4b04b,ord_dataset-ac78456835404910b3a4c840248b6ac9,666,0f363221ce425cc832d5e1fa03f432071a1d7a0ab8201d3980821a0509fd7725
916,ord_dataset-ac78456835404910b3a4c840248b6ac9:ord-8041c57f5f42450aad2c11245de826d0,ord_dataset-ac78456835404910b3a4c840248b6ac9,700,85b5d26eac33c80cc96bcf324eac684b6b620fa151e35523d1e6721f5664d49d
917,ord_dataset-ac78456835404910b3a4c840248b6ac9:ord-809b218efff54917a28b57d2acb7caa8,ord_dataset-ac78456835404910b3a4c840248b6ac9,60,31b69b36f8e1d3f965b61acd0acefa7efc1f1e42559dc66eb89347cbe7f9494c
918,ord_dataset-ac78456835404910b3a4c840248b6ac9:ord-809d13b8b228406aaffc50cb11fc04fd,ord_dataset-ac78456835404910b3a4c840248b6ac9,620,7b7a9c970aa55cace2a131c32ba4e30034d3e641f426faf0eea8bad864174cb7
919,ord_dataset-ac78456835404910b3a4c840248b6ac9:ord-80c4eb38860d44e99bbf2389c4a3afbe,ord_dataset-ac78456835404910b3a4c840248b6ac9,9,9eacc168ca23336ad765bac654062ccb35cad2dfd05eb73f11422632cd64d321
920,ord_dataset-ac78456835404910b3a4c840248b6ac9:ord-80d9ae2660754ac7b87c02c04c800606,ord_dataset-ac78456835404910b3a4c840248b6ac9,1259,c8f729fd353a967cd7291bb98d5c09cc40ff88f350b859911e339d64585cd5dc
921,ord_dataset-ac78456835404910b3a4c840248b6ac9:ord-80dbc2b7b75b4effb017b7f162925f14,ord_dataset-ac78456835404910b3a4c840248b6ac9,5,94c50e98e12c36d4c4c3102398c0373a998b6650928ef5ad186b34e0c3d6cafd
922,ord_dataset-ac78456835404910b3a4c840248b6ac9:ord-80eaea18474d48bfb3f88f556b0fb2e9,ord_dataset-ac78456835404910b3a4c840248b6ac9,303,34000ef961ae802adb0040aa1651ee7783242e2d6036aa1363a2559472a33e2b
923,ord_dataset-ac78456835404910b3a4c840248b6ac9:ord-811525933ba1460589c5ee9f0f4e804c,ord_dataset-ac78456835404910b3a4c840248b6ac9,461,6441cb3b71f1ab34c826908f363bd72f00d165c6204eabb8e0d860641c12847c
924,ord_dataset-ac78456835404910b3a4c840248b6ac9:ord-812148b9d86446cab272badca57ea7c0,ord_dataset-ac78456835404910b3a4c840248b6ac9,117,5add90b177f948e70e81ffd2feb13beb9878967dba2f91076f668e64f2e9ed04
925,ord_dataset-ac78456835404910b3a4c840248b6ac9:ord-81761255d2d8468c9c641d5514526c68,ord_dataset-ac78456835404910b3a4c840248b6ac9,1413,9322cc30c318c67045483bb6b7b14bc044bf20dd0ff8e19cf8a470450e4f7e45
926,ord_dataset-ac78456835404910b3a4c840248b6ac9:ord-818c755b0ebf4043aa1e17f15b986950,ord_dataset-ac78456835404910b3a4c840248b6ac9,226,dd9b9b6dd9c7009c219ed5ed12682410776d68c0916aec71487c82f862acff6c
927,ord_dataset-ac78456835404910b3a4c840248b6ac9:ord-818ff764f3ec4ad49809eea7755bda5b,ord_dataset-ac78456835404910b3a4c840248b6ac9,1440,0a2ac1b06258ae18e2ca1e3d23df7245cc451b9c6454b21d6a0d114490296b03
928,ord_dataset-ac78456835404910b3a4c840248b6ac9:ord-819859b254c849049ec00df4887b2ffe,ord_dataset-ac78456835404910b3a4c840248b6ac9,1614,6a1d53a55729f7ea4187c62f44248a10ae96bc3d01b99df3745eb48d6c3155f3
929,ord_dataset-ac78456835404910b3a4c840248b6ac9:ord-81cbe69549d94f96b2b389a94955f7e2,ord_dataset-ac78456835404910b3a4c840248b6ac9,900,b9c94d828568bf10fec3f3e0e050e01be0782a0eabe872c1e2933413f5b0ca5d
930,ord_dataset-ac78456835404910b3a4c840248b6ac9:ord-81da7c4feac34973bbccf75be527f8ba,ord_dataset-ac78456835404910b3a4c840248b6ac9,3,c23139d07ba505555578da490859b8dbe5089e31e83e2e1c2e2fe51313be5902
931,ord_dataset-ac78456835404910b3a4c840248b6ac9:ord-8233c812e3b6440ebcb856c9b3a6670f,ord_dataset-ac78456835404910b3a4c840248b6ac9,837,466bdb4ad39ba732efe4e6b566f6543bdf6530ba8c6024a4af0200ec61d4b391
932,ord_dataset-ac78456835404910b3a4c840248b6ac9:ord-82471d789bb04785a6ea4b82e9be625f,ord_dataset-ac78456835404910b3a4c840248b6ac9,431,ba9dbd64101a761bd2afd0689cf1d4943110e2857eca35f194e8800faf5ed0d1
933,ord_dataset-ac78456835404910b3a4c840248b6ac9:ord-8261f3d0de1a4dbe89e2bdd8b6640759,ord_dataset-ac78456835404910b3a4c840248b6ac9,1377,aa51b959e68cf5c23f762d0334555af6c965e1c1c0fe2e0ad3cd6ac41a85a83a
934,ord_dataset-ac78456835404910b3a4c840248b6ac9:ord-82682bc25dcc4f93bbd74d7a03e0d983,ord_dataset-ac78456835404910b3a4c840248b6ac9,1701,f679df46aa715b577c718361efec657516c5a845f97d61c6c4c98394e314ecaa
935,ord_dataset-ac78456835404910b3a4c840248b6ac9:ord-827f74c6aa674cae9b7d988fdac0dcaf,ord_dataset-ac78456835404910b3a4c840248b6ac9,919,57efc8a5ce982108bb9c6a88027caa2469b918164a2230fe7dc0732e519a96f8
936,ord_dataset-ac78456835404910b3a4c840248b6ac9:ord-8287d5a7a1d241aaaa66d6ad4fffdead,ord_dataset-ac78456835404910b3a4c840248b6ac9,492,72aad8eb82a32f059e2b5c86b576d827d57eb3db640091a7df318697919f4765
937,ord_dataset-ac78456835404910b3a4c840248b6ac9:ord-82a6f7d1450d4d32a52d60eab868932b,ord_dataset-ac78456835404910b3a4c840248b6ac9,771,76c6190bf017fd1d01396bbf9def22347afe38e7ba447cbddd969466ebf8e927
938,ord_dataset-ac78456835404910b3a4c840248b6ac9:ord-82d9c028ce524f5497415c2121912bb7,ord_dataset-ac78456835404910b3a4c840248b6ac9,313,32bf6a67767d401805c2d7a3ed409cf0f648080a3850debf2baeda96510cd1f3
939,ord_dataset-ac78456835404910b3a4c840248b6ac9:ord-82e686a2c0014c208ca4e1607ef36a25,ord_dataset-ac78456835404910b3a4c840248b6ac9,1525,5d10891935b4dec7cc05667d67f6d94532d18d19d68a08414f797cbb51a904ec
940,ord_dataset-ac78456835404910b3a4c840248b6ac9:ord-83117b487f0241b7a1a6209ecdf4fa53,ord_dataset-ac78456835404910b3a4c840248b6ac9,519,85ef50f7ea22462b685d63b9ed796e1564a9c386def73558975fa5c97990d9ec
941,ord_dataset-ac78456835404910b3a4c840248b6ac9:ord-8320b0adb1e3449e83b074c193ef8630,ord_dataset-ac78456835404910b3a4c840248b6ac9,283,f7a450b1e585ca1978100f9beaa9ae29d5f12a8f9af394e34ecebd4d2281e12b
942,ord_dataset-ac78456835404910b3a4c840248b6ac9:ord-8321764fa70b4a658547f0aa2e9cf1ea,ord_dataset-ac78456835404910b3a4c840248b6ac9,300,f6f3cbb326894d179f7efa587267279fbeb1947e2c35eb87fa7f674d39cadc09
943,ord_dataset-ac78456835404910b3a4c840248b6ac9:ord-83283d0962ec44d3b7d18cc8124b0f29,ord_dataset-ac78456835404910b3a4c840248b6ac9,454,37486629a9b9b8276f5a28d1c5522de92d882bf9638770453cea540d648ba7f6
944,ord_dataset-ac78456835404910b3a4c840248b6ac9:ord-83604f39860a472aadba686bc36d30c8,ord_dataset-ac78456835404910b3a4c840248b6ac9,843,fdbeb6765c9fcae62a4001ca75767f6d18024d0ecfcc79e603d17ab9b3230d5a
945,ord_dataset-ac78456835404910b3a4c840248b6ac9:ord-83cbbb0a13e841bbb640d873db1ac494,ord_dataset-ac78456835404910b3a4c840248b6ac9,704,9635326e53006c6d78b477c6d7fd77014365f80c5516b89cb0793d1a2a4bc833
946,ord_dataset-ac78456835404910b3a4c840248b6ac9:ord-83d7d1c7850547ca8b18f72998c02a87,ord_dataset-ac78456835404910b3a4c840248b6ac9,1627,c16120d2674fe48ec8ba02151252b66f2883c2d871c3b244d3505218dc836725
947,ord_dataset-ac78456835404910b3a4c840248b6ac9:ord-83dbe3ed461c4b53819a51777a3f42a4,ord_dataset-ac78456835404910b3a4c840248b6ac9,1234,0ae1f1f0fc60d5314b73fa43523c35a2cbeaddeccae7c085000c326057de221b
948,ord_dataset-ac78456835404910b3a4c840248b6ac9:ord-843c1d860f5143719cd6f08077b7a31e,ord_dataset-ac78456835404910b3a4c840248b6ac9,1668,fd2405a6f4ebbaaad1c6d4c9fa2864d5d742ff73e1a23195aa9f19cfd425aaad
949,ord_dataset-ac78456835404910b3a4c840248b6ac9:ord-845702027a464578b202c4ce5a79c3d4,ord_dataset-ac78456835404910b3a4c840248b6ac9,98,67908cd0a0eeca8075751d5258f4cf4cff5b95b785cba66079a2f521f42137bd
950,ord_dataset-ac78456835404910b3a4c840248b6ac9:ord-849beda17b36421094cfb56e94ff9ea3,ord_dataset-ac78456835404910b3a4c840248b6ac9,744,6945224386752b2777670be67013069a189068db5c33fba2b249f3c49e0d0a6b
951,ord_dataset-ac78456835404910b3a4c840248b6ac9:ord-84b0ff5c467c4f8c9159ccb7ad496099,ord_dataset-ac78456835404910b3a4c840248b6ac9,182,e66d6b4dbcda9d4b3d87527a7e69661d6201740f4ade008a76fcce11f47117d1
952,ord_dataset-ac78456835404910b3a4c840248b6ac9:ord-853655242bf44cf7bb32e9d6ecfe13e3,ord_dataset-ac78456835404910b3a4c840248b6ac9,422,f7503382192dca0c0972453b4eda0b70083d8617b0eea6035936df177c929d0c
953,ord_dataset-ac78456835404910b3a4c840248b6ac9:ord-8541e03606ed47a8b9b485275dce3328,ord_dataset-ac78456835404910b3a4c840248b6ac9,137,c57ac321e76c4abc12950815c24ec2a40d352669b0b0c0f0cb3905c3d58fcb63
954,ord_dataset-ac78456835404910b3a4c840248b6ac9:ord-8548506c334c4a718a0674df3b7fa706,ord_dataset-ac78456835404910b3a4c840248b6ac9,1261,5da3f6d47833872131525a0c71ec527dba2bcfb903f2eefd00c010de098e1bd3
955,ord_dataset-ac78456835404910b3a4c840248b6ac9:ord-857902c03fa149b9b012a44e3610b33e,ord_dataset-ac78456835404910b3a4c840248b6ac9,1037,7a3d50b61c8ddd614b065fbde72d022d6b88e4e0ebe963fa90d6876a0ac73c08
956,ord_dataset-ac78456835404910b3a4c840248b6ac9:ord-858c671ae2e94db58d6680c0afa56f33,ord_dataset-ac78456835404910b3a4c840248b6ac9,1431,f3b8830e37d545a6cb3d14cf1e2aa6e8ccf13cbb6e08c282fda42e87c5bdfa7d
957,ord_dataset-ac78456835404910b3a4c840248b6ac9:ord-85f21bcb53d5444d84fe85b310144501,ord_dataset-ac78456835404910b3a4c840248b6ac9,1539,ba86ad7b89b362f0f1ffc909ec92c5cf54437954ea3f04d0d7c5a8de8462abbc
958,ord_dataset-ac78456835404910b3a4c840248b6ac9:ord-85f650041c7248b6a6f5546623480f7f,ord_dataset-ac78456835404910b3a4c840248b6ac9,1496,ce9e1855557d0715d0117b405624cf31bae4fa3efd82b5c2ba14b2944b971a70
959,ord_dataset-ac78456835404910b3a4c840248b6ac9:ord-85fb44d37e8a48ee88d37877a245e836,ord_dataset-ac78456835404910b3a4c840248b6ac9,356,e78edc25b93d91a4fd2510aa0ba69ebc75d6671c38568561ed74cb11070f5f68
960,ord_dataset-ac78456835404910b3a4c840248b6ac9:ord-862ffa291ea74dcdb679c123231e2b67,ord_dataset-ac78456835404910b3a4c840248b6ac9,1451,6f3bb0ead93f1380bd7f703e4673a718c836b5b4ef1a795d1858d84f895a59cc
961,ord_dataset-ac78456835404910b3a4c840248b6ac9:ord-863f8b1b09ab44ce892fabfea3395c57,ord_dataset-ac78456835404910b3a4c840248b6ac9,1405,09efb7179fb03914416c295c19244391a0f5d35d135ca0893fcd8508247445f1
962,ord_dataset-ac78456835404910b3a4c840248b6ac9:ord-864d91625744488ab21801ed3a634a31,ord_dataset-ac78456835404910b3a4c840248b6ac9,419,ac46777d1a88591695296aae23487b38dcf1f8bed8f242eb2861aebd6ca817a6
963,ord_dataset-ac78456835404910b3a4c840248b6ac9:ord-868b7a32d4e14fc4adc7af0c2fd6c053,ord_dataset-ac78456835404910b3a4c840248b6ac9,1585,512fddd564d25ca9f79506189b9190606acb7040980e295ff579ede81f9f1822
964,ord_dataset-ac78456835404910b3a4c840248b6ac9:ord-8691cdc60a5d461d852f5556433a15e6,ord_dataset-ac78456835404910b3a4c840248b6ac9,239,9f5ec0fd55ef502d24379950d0b7fff46ac9ad4c29e02549d956ff74f4973f3d
965,ord_dataset-ac78456835404910b3a4c840248b6ac9:ord-869e4ec68985449693f6e49f3a03a018,ord_dataset-ac78456835404910b3a4c840248b6ac9,737,ee7337e8542aac42a50e8630c5d79cc81a67dea4ce05621ea47b8b09b846fe7d
966,ord_dataset-ac78456835404910b3a4c840248b6ac9:ord-86c64d1192224999b68281752e54c10e,ord_dataset-ac78456835404910b3a4c840248b6ac9,539,0dd17bcf1a8ebb01f31e58458572d3beee1d5b17b7f2e91065209a14b5e39aa2
967,ord_dataset-ac78456835404910b3a4c840248b6ac9:ord-86c679bcc1e848b18e5f90416164a864,ord_dataset-ac78456835404910b3a4c840248b6ac9,609,b32ad4d1e00a1b3fa1463ef0f56b411a87988e8499d0f01baf7599f2aa219422
968,ord_dataset-ac78456835404910b3a4c840248b6ac9:ord-86cd113d8ad84dba9d04590cf4fb7d99,ord_dataset-ac78456835404910b3a4c840248b6ac9,430,3fcab26a29c782e02101981c5bd06cedffab7dedac550b89761babf30eb903ff
969,ord_dataset-ac78456835404910b3a4c840248b6ac9:ord-86ec0a7655f349229828eef66c0cd167,ord_dataset-ac78456835404910b3a4c840248b6ac9,231,fa0adfb5ab0e568b0292d1fea02075c74f1c9583652ba02d3f666f4030778da5
970,ord_dataset-ac78456835404910b3a4c840248b6ac9:ord-86f5c23c182646af953f39393510ba10,ord_dataset-ac78456835404910b3a4c840248b6ac9,216,55babcc936a4640af5768071d38ca7d654a9c85ecd578e6607735313c0b3041a
971,ord_dataset-ac78456835404910b3a4c840248b6ac9:ord-874818e90b5446e39c115bcf6fac4a2b,ord_dataset-ac78456835404910b3a4c840248b6ac9,741,9aa11450ac5fbbd7e5090e08b56b05b7e9da47ecd8000c27c962175d391b3ab5
972,ord_dataset-ac78456835404910b3a4c840248b6ac9:ord-876003a38534460ab6de7a29966dcc69,ord_dataset-ac78456835404910b3a4c840248b6ac9,877,f10f63933a0e76b765822573be6e865c7a8a5e2e91df3ae52464138ce809f61c
973,ord_dataset-ac78456835404910b3a4c840248b6ac9:ord-8760d23d3ef54163aaaa05cb82702dd1,ord_dataset-ac78456835404910b3a4c840248b6ac9,933,240e941f6f22baf430450cd7b972c929d31b13a5b90261faca1041a1bc80fa95
974,ord_dataset-ac78456835404910b3a4c840248b6ac9:ord-877ce0fc6a5d447d9f34d33987968119,ord_dataset-ac78456835404910b3a4c840248b6ac9,227,66fb3e3941a98a1b70f0b01f6e6a534569390c324f6e06b807f890e8e881640d
975,ord_dataset-ac78456835404910b3a4c840248b6ac9:ord-877cec5e1507488ebcc55b835bb61ec1,ord_dataset-ac78456835404910b3a4c840248b6ac9,930,1b94eb9a0d1b2575237a7295c8c1e6583279656fb9faf4178a20891879a15866
976,ord_dataset-ac78456835404910b3a4c840248b6ac9:ord-877ecbf7706943048989d63c1d6f342f,ord_dataset-ac78456835404910b3a4c840248b6ac9,768,e04f33fedd0f9f7d83a1f6d68859e0e466abdba5770f67495ff7375ad937c858
977,ord_dataset-ac78456835404910b3a4c840248b6ac9:ord-8790f07c5ffb42218f3e6d6495843762,ord_dataset-ac78456835404910b3a4c840248b6ac9,1220,bec06dfd37fa7a31c1a4caee9ccdf6915e2a47fc51a4ba05dd31cf269c36af16
978,ord_dataset-ac78456835404910b3a4c840248b6ac9:ord-87a7a6f0beb74485a3863603569e232a,ord_dataset-ac78456835404910b3a4c840248b6ac9,789,68ff08564a0cd01cfdd9bba99962928cf9a75a66ac5ec8d2949a77f4057cc33d
979,ord_dataset-ac78456835404910b3a4c840248b6ac9:ord-87bd36ba65ed46258bb030798eb38198,ord_dataset-ac78456835404910b3a4c840248b6ac9,111,192da161b9861966602deb6426b0320d9ddd3a0a21f1836baa410cf683267bc1
980,ord_dataset-ac78456835404910b3a4c840248b6ac9:ord-88269bb050734ffeaf82ce33171094a5,ord_dataset-ac78456835404910b3a4c840248b6ac9,1018,3547f5a08ff6d8691fc8fa4759f89047981029e7afad217140f018ef2454e19c
981,ord_dataset-ac78456835404910b3a4c840248b6ac9:ord-8840c639b2d54088a743c4e7ec1e03c9,ord_dataset-ac78456835404910b3a4c840248b6ac9,1083,412f2c3a5b03372978b9746588b63e5b659a5efe15d1754ecbd00ed9f86292f7
982,ord_dataset-ac78456835404910b3a4c840248b6ac9:ord-88664256729a4f29aeadb389b1d33c6d,ord_dataset-ac78456835404910b3a4c840248b6ac9,644,a62d752f47b8f89f2d0889cb2faa0268bc9ef795ce48a86f85faee38d6b28727
983,ord_dataset-ac78456835404910b3a4c840248b6ac9:ord-886dbf3ed4fc4be2b84eca5ff1510591,ord_dataset-ac78456835404910b3a4c840248b6ac9,94,a8d020fda9b72addcbc08e130cb2a0e456c7eba37f3d9fb70ccab6a67f89f89f
984,ord_dataset-ac78456835404910b3a4c840248b6ac9:ord-88bede8e244141d4b9e170ac4cf908f9,ord_dataset-ac78456835404910b3a4c840248b6ac9,1000,1ba92190916501e1bb4ee2236f38959b17a5fcc2cafaecb7e8f688a90bb56d7f
985,ord_dataset-ac78456835404910b3a4c840248b6ac9:ord-88c7f3523506419fa2ff2b3293fd0a74,ord_dataset-ac78456835404910b3a4c840248b6ac9,46,a2f9574f444f87461055ce38e0f779584702c09c13b9a7d2f3857871d076b91a
986,ord_dataset-ac78456835404910b3a4c840248b6ac9:ord-88dbc840213e4ec9a22df7fc34825d37,ord_dataset-ac78456835404910b3a4c840248b6ac9,1716,93cb8b30ccd1141041edde2a9dcd397492a7b42ca4b1d0b944893676a7cea82c
987,ord_dataset-ac78456835404910b3a4c840248b6ac9:ord-88fbb089695a46aa99b5759672bc5f9e,ord_dataset-ac78456835404910b3a4c840248b6ac9,910,c31bcd0dab4bcefac61dcdecf7df8119462d93681dbc4bfe03afb4f82061ad50
988,ord_dataset-ac78456835404910b3a4c840248b6ac9:ord-8919cd45fd144daaac0c111234cc2254,ord_dataset-ac78456835404910b3a4c840248b6ac9,1350,a0c2e0f960c4f505fb2b0dde2aa23a3512195508d3fa6f689558f5e585d93d78
989,ord_dataset-ac78456835404910b3a4c840248b6ac9:ord-89225e7b6e114a37a949dbe4d2bcce95,ord_dataset-ac78456835404910b3a4c840248b6ac9,1446,5e0b4ef8218a16f3965885cf49b040b5b69747436d9e2578b70bf66c200ba82c
990,ord_dataset-ac78456835404910b3a4c840248b6ac9:ord-89468632066c4515b162f8e9da84b2c3,ord_dataset-ac78456835404910b3a4c840248b6ac9,629,4727a1a88c55adb344bc44bc8193b77e256b45deb82b61da3998f1bbd533eaa6
991,ord_dataset-ac78456835404910b3a4c840248b6ac9:ord-8967adad145e41fa8fba31ffe41da522,ord_dataset-ac78456835404910b3a4c840248b6ac9,362,21cdc12083c49e68ac146e72451f44036dbd30ca31880328fa412bf8394616f9
992,ord_dataset-ac78456835404910b3a4c840248b6ac9:ord-896bb7aecf90413da8fa54b96d0a4d59,ord_dataset-ac78456835404910b3a4c840248b6ac9,390,595cd7c79dc10ab316420b93c6c40982f0fcf890ab80394b84803ee6e9382466
993,ord_dataset-ac78456835404910b3a4c840248b6ac9:ord-898e96ba141d4bd489d6ef3639c09da2,ord_dataset-ac78456835404910b3a4c840248b6ac9,179,e6d8b915a9c9d4ae769630c19647fe65aeb8018f70ee81cc5db69b1c9b001402
994,ord_dataset-ac78456835404910b3a4c840248b6ac9:ord-89a64c12bd39423b97fb0f1486ac827c,ord_dataset-ac78456835404910b3a4c840248b6ac9,262,15ca070d391ad42f70e36723369bd2ca15824af94408368b5e60d11b4fa01521
995,ord_dataset-ac78456835404910b3a4c840248b6ac9:ord-89d2776ede3a4bf58dc578f4e207ba13,ord_dataset-ac78456835404910b3a4c840248b6ac9,93,3cf45a1cedc72ba805e105803547a1cea442de54e5a233b6d61f7572ebe48837
996,ord_dataset-ac78456835404910b3a4c840248b6ac9:ord-8a3527fc9df54d0a8cd20830ae940268,ord_dataset-ac78456835404910b3a4c840248b6ac9,665,527b67dedcc83e0f4fa3b73d044a0da7802344a881d21fbfdb70b7966ade9744
997,ord_dataset-ac78456835404910b3a4c840248b6ac9:ord-8a90a160b90c4468b2bfff417548262d,ord_dataset-ac78456835404910b3a4c840248b6ac9,184,f4814f7f77c891a43ad7b09acb011a8bfe870fd2be149a9f7fa78bfb58285e27
998,ord_dataset-ac78456835404910b3a4c840248b6ac9:ord-8aa5d784a3c84a89a7edaffe08083d96,ord_dataset-ac78456835404910b3a4c840248b6ac9,1305,8f650bc3f1d66c3e8ec9385e5c1751568b2a3bae7de251204d9c6f962cced639
999,ord_dataset-ac78456835404910b3a4c840248b6ac9:ord-8aca81b635d64c7d9ec7a1d5099f2d62,ord_dataset-ac78456835404910b3a4c840248b6ac9,146,2b2761a4782d542af3999afddf0a1fed759fa59b3280914423cadb2870bd0d80
1000,ord_dataset-ac78456835404910b3a4c840248b6ac9:ord-8addaa20be50456eab01fe962190434f,ord_dataset-ac78456835404910b3a4c840248b6ac9,527,8029ca0f56402d90351e0e5c05f2dfacf5f8b9f082695d9652cb7b734784a2e2
1001,ord_dataset-ac78456835404910b3a4c840248b6ac9:ord-8b78de382dfb48bba3e71de149e53912,ord_dataset-ac78456835404910b3a4c840248b6ac9,496,b37c9cf34acb3657143e880a348f2e30ec3e532c7bbf6dc86fab54262254580d
1002,ord_dataset-ac78456835404910b3a4c840248b6ac9:ord-8ba9d55ae533463a86e3251c463825fd,ord_dataset-ac78456835404910b3a4c840248b6ac9,1497,72a6888a11372ed67ccdb31852b1548c0f1a6f82751e00986e58d0f2aa01bae4
1003,ord_dataset-ac78456835404910b3a4c840248b6ac9:ord-8bde01ef82024b6d8255ce093575a101,ord_dataset-ac78456835404910b3a4c840248b6ac9,533,2d7bb8daa1a0e51f2599bf57a1d51d482576c3c8073f9a2c54547ec0c748a81c
1004,ord_dataset-ac78456835404910b3a4c840248b6ac9:ord-8c510bfa938d4cc29ac0975cb0bfd427,ord_dataset-ac78456835404910b3a4c840248b6ac9,299,7c53333b9d307c3b902417dd67da6c824317c801b4d417e56fe3d0153bb9ad98
1005,ord_dataset-ac78456835404910b3a4c840248b6ac9:ord-8c9bf814b2ec40b8aa50b4799eb2dfbe,ord_dataset-ac78456835404910b3a4c840248b6ac9,774,801bd3b39ada30dbeca36e9404d7df1ed6c3a77cd407a872bf0aa0566446216f
1006,ord_dataset-ac78456835404910b3a4c840248b6ac9:ord-8c9ceb1960e14f50b1fa2a659c080927,ord_dataset-ac78456835404910b3a4c840248b6ac9,1062,79e195e071e51cac7c4d73270d9e7d00c532d04290ec8e45c6d9963848e0fcb3
1007,ord_dataset-ac78456835404910b3a4c840248b6ac9:ord-8cb7010dea364b1f8dd098601a79d970,ord_dataset-ac78456835404910b3a4c840248b6ac9,678,b29c030d978f707f38db965fc7cd681e94efa6103c12131d8388a92866873786
1008,ord_dataset-ac78456835404910b3a4c840248b6ac9:ord-8cc1e293c0e0448faf8f3f91643afadc,ord_dataset-ac78456835404910b3a4c840248b6ac9,1471,78d9717b6df5a1f1c76d018283bcf5df97e3558c56ecd3f2567c90a911202c8b
1009,ord_dataset-ac78456835404910b3a4c840248b6ac9:ord-8cc8f40b66e3418f8a677d033e4a4d0c,ord_dataset-ac78456835404910b3a4c840248b6ac9,481,ff6f951812a91f4bf3f34f0f99aeffaf514dd7482aad7cb35dc307bb74f67d12
1010,ord_dataset-ac78456835404910b3a4c840248b6ac9:ord-8ccdfd970b694d1d8436fff674a10180,ord_dataset-ac78456835404910b3a4c840248b6ac9,831,da4fbf2b9d65e646c6088ea0f1c8c4c6d30fb2529c12e7978847f7ff16ceb2e3
1011,ord_dataset-ac78456835404910b3a4c840248b6ac9:ord-8d0d918209f947ad99cf2cf5876e660d,ord_dataset-ac78456835404910b3a4c840248b6ac9,738,2be66b4c093987ac22103507cca4f625b9ae140b6e5ae575f2ae3f1209ae21a1
1012,ord_dataset-ac78456835404910b3a4c840248b6ac9:ord-8d3db6ca5a414160a453d27d2b14eb1a,ord_dataset-ac78456835404910b3a4c840248b6ac9,978,432203296a8c0024b49bd6d716eeeb486c9e5e13cd7197ad6e07931ee0a8feee
1013,ord_dataset-ac78456835404910b3a4c840248b6ac9:ord-8d4c6a16c48e429ea35603fdfdc81c31,ord_dataset-ac78456835404910b3a4c840248b6ac9,1578,6ce7ebda8397dc2f0a435c994f2abf575348cc09dba474c8eb14fc08570cbb79
1014,ord_dataset-ac78456835404910b3a4c840248b6ac9:ord-8d9d0ac27f394a8ebd387f655868f397,ord_dataset-ac78456835404910b3a4c840248b6ac9,52,eb1ec3fd839d738c8b33c9841ecf01a42f2e3646f8aa11751da1e269845cd23b
1015,ord_dataset-ac78456835404910b3a4c840248b6ac9:ord-8df7bb2928e94dd397981697dadc5746,ord_dataset-ac78456835404910b3a4c840248b6ac9,175,8e4147de88217fe99d94f5fdbaf58101bd2954bafa5c70874841da39e36968ef
1016,ord_dataset-ac78456835404910b3a4c840248b6ac9:ord-8e006acfff3547b49f865839a03bf744,ord_dataset-ac78456835404910b3a4c840248b6ac9,1256,584ae973493ba7709f547b1c160756e35a3c7d8ab2c8200b2749744dc914a335
1017,ord_dataset-ac78456835404910b3a4c840248b6ac9:ord-8e0574304e93431fb7cafa7aa176bed4,ord_dataset-ac78456835404910b3a4c840248b6ac9,420,056f3723ab1e97774880edc4747f20bd2460638d98c819e629c7a5e07b096d4e
1018,ord_dataset-ac78456835404910b3a4c840248b6ac9:ord-8e2ab47f3d034912a95176086f69a443,ord_dataset-ac78456835404910b3a4c840248b6ac9,455,b7ddb8598060b11fc137457b36a925073a15a29b0962e4693a1221eca0848966
1019,ord_dataset-ac78456835404910b3a4c840248b6ac9:ord-8e3dd97dadaa4c848c202e23a2f8859e,ord_dataset-ac78456835404910b3a4c840248b6ac9,538,90f1bf62ebbeb8613296461984328baf5fd5af3b404fc473a2e1e416813d0ce6
1020,ord_dataset-ac78456835404910b3a4c840248b6ac9:ord-8e422c19f7924b8c90aa4c4ee2afd129,ord_dataset-ac78456835404910b3a4c840248b6ac9,949,32df1b587cf0fa2c0bc112574c13491b69265a342540491d78ae74f1fbba6843
1021,ord_dataset-ac78456835404910b3a4c840248b6ac9:ord-8e509c87906c4a5d871d853ace44914e,ord_dataset-ac78456835404910b3a4c840248b6ac9,1691,1a548180f4149307ff4dd8f575c26c3c389fe5bd45d45c4289b9bafa8f6e3e77
1022,ord_dataset-ac78456835404910b3a4c840248b6ac9:ord-8e89286ec18648b1890dcd14fcf27ac5,ord_dataset-ac78456835404910b3a4c840248b6ac9,657,217a09fc15871c71868d8b4be534999e77432699b69b8441ce5e4def19b98350
1023,ord_dataset-ac78456835404910b3a4c840248b6ac9:ord-8e94eb18bf0043efbe32bf35a37de2ae,ord_dataset-ac78456835404910b3a4c840248b6ac9,1228,e2708e93d127d7561d3a50931f7011fbdc1a6fff05db0c92d315b07935e54fd3
1024,ord_dataset-ac78456835404910b3a4c840248b6ac9:ord-8ea8ec69c54e404a8c896b6ed258c030,ord_dataset-ac78456835404910b3a4c840248b6ac9,520,2ec25d8d364870f349bb639546b7f28771837fe5253666fc53364f333bc6c10c
1025,ord_dataset-ac78456835404910b3a4c840248b6ac9:ord-8ebb68607d0140dcab695f177061abb6,ord_dataset-ac78456835404910b3a4c840248b6ac9,181,921a5ece2646cab4b7652814d58bfd86c653c8a840b32dc0186d51ac6c422c86
1026,ord_dataset-ac78456835404910b3a4c840248b6ac9:ord-8ed1852bed3d4b0c9e1bd6082e985ce3,ord_dataset-ac78456835404910b3a4c840248b6ac9,1569,4137c2333ed4a0f672597e1310bd6cea4d59138e9e88fbc4dea166102a47d806
1027,ord_dataset-ac78456835404910b3a4c840248b6ac9:ord-8f194fc60c574416af5ff75014944169,ord_dataset-ac78456835404910b3a4c840248b6ac9,447,46ae686d2782f3ebe97d3c0e0b8b8b5f24919b09bb66918d6c147ae4244521c2
1028,ord_dataset-ac78456835404910b3a4c840248b6ac9:ord-8f45d817c223496aa07a4796afd08115,ord_dataset-ac78456835404910b3a4c840248b6ac9,163,757cc14428b4fd8bccde59a5ec6ef5bf29cb712e9b0d6f5e3ca63020d6bcffd5
1029,ord_dataset-ac78456835404910b3a4c840248b6ac9:ord-8f4b66cc69ca47b1a2f83d4c1a8c6872,ord_dataset-ac78456835404910b3a4c840248b6ac9,1577,12225d2bfb076853e928a51d74be7ed79bd64e66f2510678d4619301da974a3f
1030,ord_dataset-ac78456835404910b3a4c840248b6ac9:ord-8f71f876f1cd48149fb1c4b2cd5d6572,ord_dataset-ac78456835404910b3a4c840248b6ac9,1270,caa6afc13cc1fed6b094113d098f65b4465f87d931b2adddffb6ef7104cf9000
1031,ord_dataset-ac78456835404910b3a4c840248b6ac9:ord-8fb39a64a7c843ad963ad1a4b53ef3ec,ord_dataset-ac78456835404910b3a4c840248b6ac9,1580,026f97525ceb257dfa5fd44d343d55463043ad613e6e62ff5e178159b24a104a
1032,ord_dataset-ac78456835404910b3a4c840248b6ac9:ord-8fb8e93f3d704e0abb5b09ff84211145,ord_dataset-ac78456835404910b3a4c840248b6ac9,1282,4b244398f7f828755b87e9035e91c5ac07b55f84e6a2fa832c2b18a7170738e4
1033,ord_dataset-ac78456835404910b3a4c840248b6ac9:ord-8fd291506ab24758960e7d6f7cf3d554,ord_dataset-ac78456835404910b3a4c840248b6ac9,1108,4e1b32623d1030f9cd9ec8c884c5f21f94a09beaea2f56a48a56b55e4f78956b
1034,ord_dataset-ac78456835404910b3a4c840248b6ac9:ord-90076eae998542c1b34ba4fa9c8894ee,ord_dataset-ac78456835404910b3a4c840248b6ac9,110,df7f11f065bcff66b57ceb81d9a2de0dc00e4017e89f9dfef3ebe900c5ffcbde
1035,ord_dataset-ac78456835404910b3a4c840248b6ac9:ord-90131ab9d5034431bccb9ed54c10d053,ord_dataset-ac78456835404910b3a4c840248b6ac9,1386,325eb1922a02f2b199265b8dfa990ed50645d417c65bcd0ca6891ddea514ced1
1036,ord_dataset-ac78456835404910b3a4c840248b6ac9:ord-902be3970ae04b0eab75a99370d145d3,ord_dataset-ac78456835404910b3a4c840248b6ac9,1667,5ac420a33e9481b1935d3ee1e2e09a22413bd777220e7d3a73e2779e4cb71c29
1037,ord_dataset-ac78456835404910b3a4c840248b6ac9:ord-90371f6b5a004a2898a60b0f7a95c658,ord_dataset-ac78456835404910b3a4c840248b6ac9,1542,313f82c56a259308478786007e0f173c7fdcf56788c6de46d812c46911f9b4d1
1038,ord_dataset-ac78456835404910b3a4c840248b6ac9:ord-903c60ecbd3040b28cee5c7108ef36e2,ord_dataset-ac78456835404910b3a4c840248b6ac9,474,26364a1004f7c4449432226a4b51fa95adf09af628f76a16cd3547cbf995d7d6
1039,ord_dataset-ac78456835404910b3a4c840248b6ac9:ord-906c098159aa455d8d658f7f5810220f,ord_dataset-ac78456835404910b3a4c840248b6ac9,1462,e73044347731cc4b0a243122e18488cd7898c32ffcfdc0e7e876932750868c5b
1040,ord_dataset-ac78456835404910b3a4c840248b6ac9:ord-9089cdeaaf4a4ea8a7f1e7306a26f033,ord_dataset-ac78456835404910b3a4c840248b6ac9,1283,5ff877211eebf3696cbe8699e54acd09283cb00fce4f9ab1e876b3473925d762
1041,ord_dataset-ac78456835404910b3a4c840248b6ac9:ord-90a9493f26b34a6fa9c5257850f8ffa8,ord_dataset-ac78456835404910b3a4c840248b6ac9,448,ef6b71cea0d01f5d36dc350bced7b1ac23c112b6ae93730bbe308bf69b30e92c
1042,ord_dataset-ac78456835404910b3a4c840248b6ac9:ord-90e4aca7402b44eb8cf57d51fdf41414,ord_dataset-ac78456835404910b3a4c840248b6ac9,1150,0b8b2ab15d14926175cce22273889fe9946fbcd82fa4aa5d55e9023d4d829206
1043,ord_dataset-ac78456835404910b3a4c840248b6ac9:ord-90e7d34aceb24db68ec7223f6fc5a3da,ord_dataset-ac78456835404910b3a4c840248b6ac9,992,4b565c02d187afe9baa40a5661b2e32819c787ffaffa02ab576bd3d1b6cd6242
1044,ord_dataset-ac78456835404910b3a4c840248b6ac9:ord-911561784db1417aaf38447e3e61de60,ord_dataset-ac78456835404910b3a4c840248b6ac9,31,b52deb25a6b671e6264507b8cab88da5a3ec229f6eb33b96dcd1006c2cd8ae27
1045,ord_dataset-ac78456835404910b3a4c840248b6ac9:ord-912dd24673cd4ac6a26275cac0d144ed,ord_dataset-ac78456835404910b3a4c840248b6ac9,369,cd9e37b94ee9f7409d7655e85778a13fdf8dc275040740c34e9a0b8e14abecff
1046,ord_dataset-ac78456835404910b3a4c840248b6ac9:ord-918b00fa528a48648319694a873d6107,ord_dataset-ac78456835404910b3a4c840248b6ac9,1354,64847ec2adf7df5d78bc5eb1f430dc79ff738051c822855b57daa106ed336a48
1047,ord_dataset-ac78456835404910b3a4c840248b6ac9:ord-918d38d1e3a14cd8bb9e6f05f3b1ac9d,ord_dataset-ac78456835404910b3a4c840248b6ac9,965,5d5dd73d2ab963968937eff2939a268bd09adfced365c63552484ce1650f6239
1048,ord_dataset-ac78456835404910b3a4c840248b6ac9:ord-91a54d2b65a3446f946fce5e8159477d,ord_dataset-ac78456835404910b3a4c840248b6ac9,386,d9c193b505165c7144406210809baed0ce606b806a831d1977d4de30ce166780
1049,ord_dataset-ac78456835404910b3a4c840248b6ac9:ord-9232bfc784af4110806708606993c735,ord_dataset-ac78456835404910b3a4c840248b6ac9,253,b7819159d514a48244c383c5d83d815cc48a2e1c9b4f00e3a52122f105593715
1050,ord_dataset-ac78456835404910b3a4c840248b6ac9:ord-923d735339a84abbb3c6d24d647ed49e,ord_dataset-ac78456835404910b3a4c840248b6ac9,276,a41c23daf4218e13412de2373b4743d72e390610bf8dbc8029b276cd143f1d00
1051,ord_dataset-ac78456835404910b3a4c840248b6ac9:ord-92519c6b98d645c89d10075ee1e32781,ord_dataset-ac78456835404910b3a4c840248b6ac9,795,98dd47ebd04969a78b6aedef1a0bcec83559bd5533a255f5ee76f67ba007a7f5
1052,ord_dataset-ac78456835404910b3a4c840248b6ac9:ord-92605e739d0244228c978af7c5b3c6d6,ord_dataset-ac78456835404910b3a4c840248b6ac9,1358,0dbf34e3108109b4af4683cba2053c4b73905e7555f9fe5775057bd55401b61c
1053,ord_dataset-ac78456835404910b3a4c840248b6ac9:ord-92824dd743c24b3eb342e700c83ac51c,ord_dataset-ac78456835404910b3a4c840248b6ac9,1648,060f5dd54a086e6d485e47f7525ab9f8df396c2502f91cf2fe50fe084ae497f1
1054,ord_dataset-ac78456835404910b3a4c840248b6ac9:ord-92999c379f2a49d1ac570edf1648201c,ord_dataset-ac78456835404910b3a4c840248b6ac9,389,fe55eaa917277e15e6344779ecee4caff87dce3c2cb924cfe0a6bb849d66c923
1055,ord_dataset-ac78456835404910b3a4c840248b6ac9:ord-93996817587b48dca83c7783f113aebd,ord_dataset-ac78456835404910b3a4c840248b6ac9,1414,11c461d650148e4140207f8d09c0664a599e79e3e9f0cca62e387c0d67464712
1056,ord_dataset-ac78456835404910b3a4c840248b6ac9:ord-93b2516dc7274379b210c6b74b27a395,ord_dataset-ac78456835404910b3a4c840248b6ac9,15,182a798bd10529b1b93f793ef37c31652fc248603cc362d2f2dac251a9d71f8b
1057,ord_dataset-ac78456835404910b3a4c840248b6ac9:ord-93df11ecba2e4fd1b39fb3c79d02fb36,ord_dataset-ac78456835404910b3a4c840248b6ac9,1233,6aa2af54825bb154c11e34954c5f533515d09ed6eef5e426c52d85b14c5c858a
1058,ord_dataset-ac78456835404910b3a4c840248b6ac9:ord-940cb76879634e4ab6d0b9b0bf62f28d,ord_dataset-ac78456835404910b3a4c840248b6ac9,677,fdc330842e5c5e9a0bbb464efa949e9b16d4ae64976d9a1ae86eaab8cfb9a227
1059,ord_dataset-ac78456835404910b3a4c840248b6ac9:ord-942bed9b60f947859695bbff29ecd2de,ord_dataset-ac78456835404910b3a4c840248b6ac9,489,55c25f892b0dfbcb12a6be66ee5aa2eadd564bfd5ca4f5797f569bd327a9c4a3
1060,ord_dataset-ac78456835404910b3a4c840248b6ac9:ord-943067aa104b4366859765fbcf2ae054,ord_dataset-ac78456835404910b3a4c840248b6ac9,1016,42a51d2e7c15795af1ac6205543d4e83a3bcc6a491fa00f79f6594a01b3f1e15
1061,ord_dataset-ac78456835404910b3a4c840248b6ac9:ord-94a0c4ed73404bf1995452a281eb172b,ord_dataset-ac78456835404910b3a4c840248b6ac9,865,488ad12ceef818394ce00c4a3148ce0557d12049f4fb7bd3302d7504cb632c85
1062,ord_dataset-ac78456835404910b3a4c840248b6ac9:ord-94c8b207084b4e04a850c205cdf44054,ord_dataset-ac78456835404910b3a4c840248b6ac9,881,40cc03e7281604cc75aa4e8a141e1aeeddbb641b65bb1b1a72a70d9def0e3475
1063,ord_dataset-ac78456835404910b3a4c840248b6ac9:ord-94fb2357e6e14455b5bb81fa7213fcd0,ord_dataset-ac78456835404910b3a4c840248b6ac9,1114,45f10b3c585e26786b6bbc58f63ce11a2c539e0c0b93da768eae2d3598344ed2
1064,ord_dataset-ac78456835404910b3a4c840248b6ac9:ord-95033bc0b76b4ac48eb76dd5bc880565,ord_dataset-ac78456835404910b3a4c840248b6ac9,724,300cec0914dd744ea047f80bb223f1da87e346e1cb3b9d72363eb6d7e1b90054
1065,ord_dataset-ac78456835404910b3a4c840248b6ac9:ord-9558d8a82e0f46bb9ef0a84fc91bb44f,ord_dataset-ac78456835404910b3a4c840248b6ac9,867,b0cb6fca0c14fb9a1bf57545a09e2ec842ca8da9294009691678d2641e2f539f
1066,ord_dataset-ac78456835404910b3a4c840248b6ac9:ord-95615086b11c45349c6d5acfa0fef203,ord_dataset-ac78456835404910b3a4c840248b6ac9,20,a40147810c783bab6410eba9f16e1e7a869cf5de3d658e4dc693d0488f9a2212
1067,ord_dataset-ac78456835404910b3a4c840248b6ac9:ord-956e4defc41c4dffa865f765b8ae4a5e,ord_dataset-ac78456835404910b3a4c840248b6ac9,501,99eb8c2a611d95ab20fa43e700e0b652f55418630ad4989e9254f312addc85f5
1068,ord_dataset-ac78456835404910b3a4c840248b6ac9:ord-95784de9670840d7be00ea4754306942,ord_dataset-ac78456835404910b3a4c840248b6ac9,832,a5fbc062875f368bdfcb793492e1ce2fce0d5d22308ec06bff52026987c62818
1069,ord_dataset-ac78456835404910b3a4c840248b6ac9:ord-95a45f86e4064f89ad395ee5b01e1bf7,ord_dataset-ac78456835404910b3a4c840248b6ac9,1088,49dbb4e8db111fc74c4c9200f854b6f3470f8a699cd8d5b5e6a074022b33c6aa
1070,ord_dataset-ac78456835404910b3a4c840248b6ac9:ord-95dde9df75714eaaa968ed6d65398a8d,ord_dataset-ac78456835404910b3a4c840248b6ac9,406,962e89e63ba2a74b06b0099412d1a3f94c8a0b9a1bd9107883340be6df46185b
1071,ord_dataset-ac78456835404910b3a4c840248b6ac9:ord-961435c213004b87b28791dda888ccae,ord_dataset-ac78456835404910b3a4c840248b6ac9,1619,922c238005147527d291b5ac0bc0c05a16da3a2acb0691536a217b8e51281ed8
1072,ord_dataset-ac78456835404910b3a4c840248b6ac9:ord-963e9ab2f7914d278d3b8b7774d4036e,ord_dataset-ac78456835404910b3a4c840248b6ac9,1647,b915d5539f4f164fc80494e876801249db71de1dde5ad6022f5b0f130b0168ad
1073,ord_dataset-ac78456835404910b3a4c840248b6ac9:ord-967e713c6e0c407b8da18079b4baf0b5,ord_dataset-ac78456835404910b3a4c840248b6ac9,635,c9056ca9ecbefb02755ca78c449715e0ae4dde69039b3a71b866a9e2e4560123
1074,ord_dataset-ac78456835404910b3a4c840248b6ac9:ord-969537f550124c30a669a2380114d994,ord_dataset-ac78456835404910b3a4c840248b6ac9,436,ffa047ff6b08c79d045cd2fa67e9a238d1d2a78415e7f7aa250cf8316a3659c3
1075,ord_dataset-ac78456835404910b3a4c840248b6ac9:ord-96b32f1f733748728fb88f428f1b8005,ord_dataset-ac78456835404910b3a4c840248b6ac9,562,eaa1d452a8dfe9dd6f88415e053176292f5274550f4da75895f6c6e55d1f8533
1076,ord_dataset-ac78456835404910b3a4c840248b6ac9:ord-96dcaf69908a4dcf91be61f3d785efb0,ord_dataset-ac78456835404910b3a4c840248b6ac9,1643,f55db075dee2ff1fcabcd08262d98ce2716e6acdc2c58a24580edccd733807a8
1077,ord_dataset-ac78456835404910b3a4c840248b6ac9:ord-970c31732c7948b89221fa3e577d7081,ord_dataset-ac78456835404910b3a4c840248b6ac9,1398,b11017e85f44a6ba4903d891e34898a2b1c527193b683d4f917ac58ecf60930e
1078,ord_dataset-ac78456835404910b3a4c840248b6ac9:ord-970d3928ef1c40c887021d706c71935d,ord_dataset-ac78456835404910b3a4c840248b6ac9,1107,a567a318f6e4eb73fd0a0714cb2311bb169ce0a6012d8b2c983d40a3dbb22d24
1079,ord_dataset-ac78456835404910b3a4c840248b6ac9:ord-972ecb271c904530a59e8c9cbe897ced,ord_dataset-ac78456835404910b3a4c840248b6ac9,190,80308bca9ef3fcd3724986ee3b5c7ba7fa4199bbb96b09a51f38dc337b9cb37d
1080,ord_dataset-ac78456835404910b3a4c840248b6ac9:ord-9740e0bd97c4421b867a3bf5be48357e,ord_dataset-ac78456835404910b3a4c840248b6ac9,1385,a9cee9a2d009367f6e45f0467eb66771bc1ccef6e100a91ec6ce1e90d44b830f
1081,ord_dataset-ac78456835404910b3a4c840248b6ac9:ord-974b133924814b919857fd13cbeb119a,ord_dataset-ac78456835404910b3a4c840248b6ac9,1175,2b6b8d2912a540b4c010f498a033f7990cff50a4aaabb33e850657a282118737
1082,ord_dataset-ac78456835404910b3a4c840248b6ac9:ord-976904108c9a4f30b2e13b4d2910db15,ord_dataset-ac78456835404910b3a4c840248b6ac9,1407,49a569f4426b6a1aa56eeb663475bd4a7b8353d6b25e1d0d90f4dd294c745d6a
1083,ord_dataset-ac78456835404910b3a4c840248b6ac9:ord-9771834e0dae4488bd7c091564471dbb,ord_dataset-ac78456835404910b3a4c840248b6ac9,929,9e70fa7ac9cbeea3f817ae0d2724fbd6c821ae25d67ef737bf7013c53fa14498
1084,ord_dataset-ac78456835404910b3a4c840248b6ac9:ord-9792b9c3e4a547ae888c8cde7d4a2a08,ord_dataset-ac78456835404910b3a4c840248b6ac9,530,866bfaef713b0332ddcf16e5453e55ecd59f20c4ab53086401322482572f7052
1085,ord_dataset-ac78456835404910b3a4c840248b6ac9:ord-9798ea17e009409984dd794c7614000e,ord_dataset-ac78456835404910b3a4c840248b6ac9,186,eb65877c6bfa73d7a83e943e2f018dbeb02a3e5426ecfedd92c860fa47c5b41b
1086,ord_dataset-ac78456835404910b3a4c840248b6ac9:ord-97c7e51f0e294bacbac5328970e037b3,ord_dataset-ac78456835404910b3a4c840248b6ac9,1581,b67c07fa4f571d1bc417147646a105761b1abf7b45bfc7f183a63d1445999a94
1087,ord_dataset-ac78456835404910b3a4c840248b6ac9:ord-97f14a604d5c4c1489ee4579c3d8f2f8,ord_dataset-ac78456835404910b3a4c840248b6ac9,967,c625f18183e2679a6c1f72dd5086e0931d7963527dc0437400ed5708745d28d0
1088,ord_dataset-ac78456835404910b3a4c840248b6ac9:ord-9809574a154e4c89ae41008a62aef894,ord_dataset-ac78456835404910b3a4c840248b6ac9,611,8487e63ec868931d4d5abd60cefa50afe5025b075df4642a8295a4391d1a1826
1089,ord_dataset-ac78456835404910b3a4c840248b6ac9:ord-981fa5936a824095b509896a833716b7,ord_dataset-ac78456835404910b3a4c840248b6ac9,1495,59abf088ad31cfa09772c06e4749024ff6437275243ffc0d571941f7d8d273f5
1090,ord_dataset-ac78456835404910b3a4c840248b6ac9:ord-9821951db764438ba686c752c81f702b,ord_dataset-ac78456835404910b3a4c840248b6ac9,287,45074230077a5dd272b1de8c6a5d5f1589992f20be9bfb5827d1beb85e6686eb
1091,ord_dataset-ac78456835404910b3a4c840248b6ac9:ord-989b953287094b0891a39d5436461dd5,ord_dataset-ac78456835404910b3a4c840248b6ac9,122,058b2510fed15ac1e098f94a966848f5fca504c9a8842ec35ec00c31c410fd36
1092,ord_dataset-ac78456835404910b3a4c840248b6ac9:ord-98b565f2e8b2486bbd3baa6c87bf9b77,ord_dataset-ac78456835404910b3a4c840248b6ac9,228,103a15c6901f08681fab97c099c068e4f0968b395d377dac22fa05def11aaa26
1093,ord_dataset-ac78456835404910b3a4c840248b6ac9:ord-98bb721a29034f76b87f5cd675f668da,ord_dataset-ac78456835404910b3a4c840248b6ac9,1195,2a8643b5652e628b5071a5694c0ec66383a82e175eb29a3049b0b1d6997f667f
1094,ord_dataset-ac78456835404910b3a4c840248b6ac9:ord-98f51f22bfdc4576b854a9bf4e3b5f06,ord_dataset-ac78456835404910b3a4c840248b6ac9,1049,6f7807a01a4d944b8a7c64eccd2b692e54bf2354ad8e70ceb18e42327131489b
1095,ord_dataset-ac78456835404910b3a4c840248b6ac9:ord-990d264e8d5f4e349abd6b2cccc66821,ord_dataset-ac78456835404910b3a4c840248b6ac9,1249,7e22dfe40013b74406b84e7914c2023ce5be696e45d46ae0b81834bf6f85801b
1096,ord_dataset-ac78456835404910b3a4c840248b6ac9:ord-99107d6c6f1f4d9691598999e0c7916c,ord_dataset-ac78456835404910b3a4c840248b6ac9,1552,a23353071481998727ce1e872c041fd258a55543c009b9117d0e62d0647a09d9
1097,ord_dataset-ac78456835404910b3a4c840248b6ac9:ord-993ba88756bb434b98814374627c46ea,ord_dataset-ac78456835404910b3a4c840248b6ac9,1226,5a88784c2a4d4a2f0dd6a91e47cd6bc9f3ccddee6e3f7f161714471f76c542ab
1098,ord_dataset-ac78456835404910b3a4c840248b6ac9:ord-997184dd420945cba43454c641f9df47,ord_dataset-ac78456835404910b3a4c840248b6ac9,1163,5b014017be855c2308cffe41cc0992df8a380824679d21d5e4726eb16d92ff0c
1099,ord_dataset-ac78456835404910b3a4c840248b6ac9:ord-9999cfc4566049ca997c327b85d70e04,ord_dataset-ac78456835404910b3a4c840248b6ac9,987,0ff9c7bdf7ce3c6c106091f886414754a16d18872d69fb31ac478d322344fb5e
1100,ord_dataset-ac78456835404910b3a4c840248b6ac9:ord-99e66a997ca74ede87513acae7a1ea8d,ord_dataset-ac78456835404910b3a4c840248b6ac9,986,df935dbc395132eee0c7b93f7fe8e4cb8fab252a9006866ca35eec0fa6b942f4
1101,ord_dataset-ac78456835404910b3a4c840248b6ac9:ord-99ff820d543b4466b2798bb5618a8c2f,ord_dataset-ac78456835404910b3a4c840248b6ac9,866,6e4af377bee30769288dcaea967b2ce6c01ebdee141d65717e51654add7c43a4
1102,ord_dataset-ac78456835404910b3a4c840248b6ac9:ord-9a09d18408f84195911ec2ac9e4fe640,ord_dataset-ac78456835404910b3a4c840248b6ac9,458,76dd83e0579774074a2e9365b72fda630c7008e8f4f4a79354273478aa4a62bb
1103,ord_dataset-ac78456835404910b3a4c840248b6ac9:ord-9a39b5cb940442d7a12635f91bfd55d7,ord_dataset-ac78456835404910b3a4c840248b6ac9,267,97a5749f9f97f074a3fa4c93d4fdd902f813b6d3a58ccec58d4119a883f27c31
1104,ord_dataset-ac78456835404910b3a4c840248b6ac9:ord-9a5644bf6d244cedb8fcc9ce66773cb0,ord_dataset-ac78456835404910b3a4c840248b6ac9,193,f87e417206510fa93e71a96af4bd9464801011d02112d18c36ffd4dec3e77843
1105,ord_dataset-ac78456835404910b3a4c840248b6ac9:ord-9a9e297a0e7b4dd2a6afd8e8f6286c8a,ord_dataset-ac78456835404910b3a4c840248b6ac9,975,fa51bb932135045a8a46ddc092b883eb21c71c48edccddf2a4a5fbe3a29535f4
1106,ord_dataset-ac78456835404910b3a4c840248b6ac9:ord-9adcaca26ee3439bb3216498697d174a,ord_dataset-ac78456835404910b3a4c840248b6ac9,1287,911e67725f376750932e13196c80392bd3fa643ddccb982f4afb0f3acf76703b
1107,ord_dataset-ac78456835404910b3a4c840248b6ac9:ord-9aec2796472842b788fd88d6f1ec21aa,ord_dataset-ac78456835404910b3a4c840248b6ac9,28,356e5dc4400c02565ef892d4d5ae5a252d4f876b8901dcf93908a96ae1167f91
1108,ord_dataset-ac78456835404910b3a4c840248b6ac9:ord-9b0edb7f08a044ebbef56c19fb4e0652,ord_dataset-ac78456835404910b3a4c840248b6ac9,387,3977e3d672e3383101e330ea712aca59aeab40dde8816abee966a100442e0d34
1109,ord_dataset-ac78456835404910b3a4c840248b6ac9:ord-9b13c0c65713420ebbc5af5aef51f0de,ord_dataset-ac78456835404910b3a4c840248b6ac9,437,cdc0d56c6be84d555dcfa087c1dda508ce3a9aaad44be662310bb16c54e5b779
1110,ord_dataset-ac78456835404910b3a4c840248b6ac9:ord-9b4d4b96efc04fe3b4ca6d40c46f917b,ord_dataset-ac78456835404910b3a4c840248b6ac9,43,83fad73e0fd8a3b90fa96cd0a29fc51be8922f1be014d95c4c7c6aa60dce6412
1111,ord_dataset-ac78456835404910b3a4c840248b6ac9:ord-9b9dc26b3b4d406fa564ec2bebdca3a2,ord_dataset-ac78456835404910b3a4c840248b6ac9,1416,7f4b914a30869074eb4b08a457a4f58a13d0b3dd0e91bc11c398dabe34e1b03a
1112,ord_dataset-ac78456835404910b3a4c840248b6ac9:ord-9bb367b31c344778972d4273e7839e6d,ord_dataset-ac78456835404910b3a4c840248b6ac9,1541,144f0e8ddd874b2a13b72ed46bb63f2705dc7251c676706d931557ea358d3cfd
1113,ord_dataset-ac78456835404910b3a4c840248b6ac9:ord-9bbbac2dca994d46a256e82aecf33979,ord_dataset-ac78456835404910b3a4c840248b6ac9,327,68e410c8e436e9b649f46b8387448c4fbaed308a68da7f4010078f9c1da3bc7a
1114,ord_dataset-ac78456835404910b3a4c840248b6ac9:ord-9bd3a39d0d6d4fb29252d34c5f177fc1,ord_dataset-ac78456835404910b3a4c840248b6ac9,941,de0eebebc40d341f7ea2f84fc0e0c94fbb111a80a6e0380c74c70d587f29aae4
1115,ord_dataset-ac78456835404910b3a4c840248b6ac9:ord-9bdd28cb967f4ff4bc3735e41124b6dd,ord_dataset-ac78456835404910b3a4c840248b6ac9,1384,91a81c4b0a87e5760d3eb0f445c95461331332ee562090ed03bc0f3b35db19fd
1116,ord_dataset-ac78456835404910b3a4c840248b6ac9:ord-9bf9d01722e2498aaacf4bc5e2d90ec4,ord_dataset-ac78456835404910b3a4c840248b6ac9,617,c772ac1ca6f4f0c30cce425c8a673693eb95718fc3d904484d6ded846692c012
1117,ord_dataset-ac78456835404910b3a4c840248b6ac9:ord-9c50428e9dff4625a9baca2b3506db6e,ord_dataset-ac78456835404910b3a4c840248b6ac9,689,c145b299ece73b1fcf8bb26c75785c4b6925bf01766c349b5b7cca304ec6a65a
1118,ord_dataset-ac78456835404910b3a4c840248b6ac9:ord-9c7c94c8a9e8442cb23a29135310a366,ord_dataset-ac78456835404910b3a4c840248b6ac9,1699,e7470b210477b1fdf3265bc0e6a8a82d049d093029c58814ace761ba506fd79b
1119,ord_dataset-ac78456835404910b3a4c840248b6ac9:ord-9c9f509d50be493ebe732032d26c0018,ord_dataset-ac78456835404910b3a4c840248b6ac9,1390,27d32e87e56b26b528c610583f10df57474c1116a910c2afd116617c52c28721
1120,ord_dataset-ac78456835404910b3a4c840248b6ac9:ord-9cc713516527472794e32854a8dad383,ord_dataset-ac78456835404910b3a4c840248b6ac9,578,f7aed0e64fbd11a1a8b4e63c8ceae9b72dd899059d148889b0a572cc6e95708d
1121,ord_dataset-ac78456835404910b3a4c840248b6ac9:ord-9cd72ec7a4924dab914e0d1836806694,ord_dataset-ac78456835404910b3a4c840248b6ac9,996,b6b8ee4e17e9b28cbf9601225ebd5c5d254f3f71ac71915ca9dadff7f42a512e
1122,ord_dataset-ac78456835404910b3a4c840248b6ac9:ord-9cdf982e3c034b0887ab5bcec92acdbd,ord_dataset-ac78456835404910b3a4c840248b6ac9,1315,561507469debabc2492a2d578a3afeaea0c9a9bdeec154e551b2e15026a39c3b
1123,ord_dataset-ac78456835404910b3a4c840248b6ac9:ord-9d1de7be0d854a7fbe57745eac4158bf,ord_dataset-ac78456835404910b3a4c840248b6ac9,944,eeed35f231acb7f22eda735cc5a234ce9c2e91a1190aafea5a4cb9b8ebc39494
1124,ord_dataset-ac78456835404910b3a4c840248b6ac9:ord-9d29bf0b2e694e57b2c24ca133e640a6,ord_dataset-ac78456835404910b3a4c840248b6ac9,730,d5e5cfef8f349ff1273d491324de76aea490654e1400d00aa557c03f598d06fc
1125,ord_dataset-ac78456835404910b3a4c840248b6ac9:ord-9d799c158e7146e3ad5910c190925c1b,ord_dataset-ac78456835404910b3a4c840248b6ac9,490,7c0fa900d9dfc2ca3ba150df478a6760a74aac7ce1c71df8468591357783344c
1126,ord_dataset-ac78456835404910b3a4c840248b6ac9:ord-9d943bb33c7445f497a093b50273ea52,ord_dataset-ac78456835404910b3a4c840248b6ac9,108,23f8836d4adb8932ee6f72d1db7a77a9a9b2e0213827472567c47757a6842f54
1127,ord_dataset-ac78456835404910b3a4c840248b6ac9:ord-9d9f335904ee44be8c6331582d11fa22,ord_dataset-ac78456835404910b3a4c840248b6ac9,885,8d61b0c89da1069ff2ba20a29eef1f093d27f0b795f18aa30d2c2c17aab333f4
1128,ord_dataset-ac78456835404910b3a4c840248b6ac9:ord-9dcb0f105fa4445a9e922bb9b3483735,ord_dataset-ac78456835404910b3a4c840248b6ac9,1196,70e829593489ef18d89ad5628307e4b6376d50968bdf29830b64f6bc07b2ad0d
1129,ord_dataset-ac78456835404910b3a4c840248b6ac9:ord-9df18aaff95346559549d5862bd503f1,ord_dataset-ac78456835404910b3a4c840248b6ac9,506,df6b675e4993317b58019daee9e8fbd3ed365ebdf27e3f4a25faa4478adc3bb8
1130,ord_dataset-ac78456835404910b3a4c840248b6ac9:ord-9df514f2e8c64c40882c0d110501e825,ord_dataset-ac78456835404910b3a4c840248b6ac9,911,a98c5ac101c0d3479e77de8324e94627d0b05aa44e4a4d0ce389ae33b4a8df29
1131,ord_dataset-ac78456835404910b3a4c840248b6ac9:ord-9e12310fe561444482e81443bb793cfc,ord_dataset-ac78456835404910b3a4c840248b6ac9,650,ce2a64bdc1bce670f4601e0fceeeb73400516e5913bee68e4c86dc8557f349fb
1132,ord_dataset-ac78456835404910b3a4c840248b6ac9:ord-9e5eb66a7bc14475ba5747c3a2f0d55d,ord_dataset-ac78456835404910b3a4c840248b6ac9,90,2abab4fc93476594ec334ff32c6e826b4944257f7961ebf21222b7118ef5bc11
1133,ord_dataset-ac78456835404910b3a4c840248b6ac9:ord-9ea82512cabb47ca82b9442c43351196,ord_dataset-ac78456835404910b3a4c840248b6ac9,1536,f695e1dccbd741b528b88e3b9519a9f2c0e363a20625f4dda40a9b636476388b
1134,ord_dataset-ac78456835404910b3a4c840248b6ac9:ord-9f3212146fac4964b82455a5c02bb026,ord_dataset-ac78456835404910b3a4c840248b6ac9,14,319af00d8da0b6907a3c6c3356263a5b7ed38f803f1aef350c6c4274de42e1c8
1135,ord_dataset-ac78456835404910b3a4c840248b6ac9:ord-9f4104f4d92f4a83aed7861d69d6f06e,ord_dataset-ac78456835404910b3a4c840248b6ac9,1248,18b2e9eb8752810654c8361c6175725b4ba63c2f4a953c357421cd55b98acfec
1136,ord_dataset-ac78456835404910b3a4c840248b6ac9:ord-9f99f175819b42cb840790ee80e7697e,ord_dataset-ac78456835404910b3a4c840248b6ac9,946,06eca447e4fbcd142dcb8fbe51f6a95dd9fcc2844a9c107e6f7706dd5b07500a
1137,ord_dataset-ac78456835404910b3a4c840248b6ac9:ord-9ff42001f5b54379ba3de2626717dc0d,ord_dataset-ac78456835404910b3a4c840248b6ac9,1219,0e1f3679395fd0c8ec40df961e079976ee7c0fc5c007ff0c2986db67a699a6c6
1138,ord_dataset-ac78456835404910b3a4c840248b6ac9:ord-9ffa3a5f72d64023bba7241524b26cef,ord_dataset-ac78456835404910b3a4c840248b6ac9,1281,9d25b442b2731db2a81f60f62c0133f1f125b6bbc2380d21475abd31931820c0
1139,ord_dataset-ac78456835404910b3a4c840248b6ac9:ord-a002f56d4ef94fc0ad119eb5799d984f,ord_dataset-ac78456835404910b3a4c840248b6ac9,613,66521c002fdcde8445cd1eab2e071f45bee464b37b6decfe70774e153deb7b9d
1140,ord_dataset-ac78456835404910b3a4c840248b6ac9:ord-a0296952fb6548fa8478ae3bc571c1ed,ord_dataset-ac78456835404910b3a4c840248b6ac9,6,b9282a8dcb02a22ae4b201f91e9f27b90befd090142147385133e2ef6bc3055c
1141,ord_dataset-ac78456835404910b3a4c840248b6ac9:ord-a06ba3c7d5724fec9e2572314b604e29,ord_dataset-ac78456835404910b3a4c840248b6ac9,350,324e369724b0a675c3994dbeb43a692df48250abae6520d6edb7f4ead338ecc1
1142,ord_dataset-ac78456835404910b3a4c840248b6ac9:ord-a07312d7cbee42f48a12eada2799c481,ord_dataset-ac78456835404910b3a4c840248b6ac9,518,085cc693a7c0e86e20e24ba5692a866366ea56a096b4b12daba29a5b405b5417
1143,ord_dataset-ac78456835404910b3a4c840248b6ac9:ord-a0c79d7eb6b54659bfb1bdee6c9172a3,ord_dataset-ac78456835404910b3a4c840248b6ac9,40,7dc6dffd8bb2f4a03c0f2483678d3988de357c088daa4a6d208d5ed6014e3325
1144,ord_dataset-ac78456835404910b3a4c840248b6ac9:ord-a0f23e7b89664ab3b0050df6adaec838,ord_dataset-ac78456835404910b3a4c840248b6ac9,320,4c09bf92f09df982ed741ce3f839ce3f89a0af865d71cdddabe4e2094cdd3472
1145,ord_dataset-ac78456835404910b3a4c840248b6ac9:ord-a1472bd929bf4df19c14680b5b66c90c,ord_dataset-ac78456835404910b3a4c840248b6ac9,1502,099ee333667a2460048de801e40c77bf620c9616027c722eeda011e59ab4860c
1146,ord_dataset-ac78456835404910b3a4c840248b6ac9:ord-a193d0ca1cbf4116af50d1f600ed3cfe,ord_dataset-ac78456835404910b3a4c840248b6ac9,314,3b2c526a85b7c905e39f621801382b83b2498d22e0a2daefd1355a7fe3fde298
1147,ord_dataset-ac78456835404910b3a4c840248b6ac9:ord-a19c467fd1fa408cb6cdb3814fcaf70d,ord_dataset-ac78456835404910b3a4c840248b6ac9,979,f9c6c111f1284f1738fe2557280b746e5f6f517799e149308f394ad506a72111
1148,ord_dataset-ac78456835404910b3a4c840248b6ac9:ord-a20a42f8d3e04085906c7974516d8ae7,ord_dataset-ac78456835404910b3a4c840248b6ac9,336,85bdeaa83c203820052eae8504e24f4ffee40729234daa69ac34e1868079d1f8
1149,ord_dataset-ac78456835404910b3a4c840248b6ac9:ord-a22cb875d1aa4fe28910198fae52e996,ord_dataset-ac78456835404910b3a4c840248b6ac9,214,e8c10f2fde74db421e7b3e504e6f44b275eacdb56ca9e1eb0d9608173523dc57
1150,ord_dataset-ac78456835404910b3a4c840248b6ac9:ord-a23562485571454c9ef252c323627de1,ord_dataset-ac78456835404910b3a4c840248b6ac9,788,eb129c1c81de834fe4909894280b4c693a12adb81f3f00f6f3f68357bb304abd
1151,ord_dataset-ac78456835404910b3a4c840248b6ac9:ord-a24ea2af52984270a0746a8de5888b80,ord_dataset-ac78456835404910b3a4c840248b6ac9,770,2854510d2bc14f452b618b6643a12806eaa06a828fd7dc5ef8894588cc8910e2
1152,ord_dataset-ac78456835404910b3a4c840248b6ac9:ord-a2761590be2f47d1ae45350721cd5271,ord_dataset-ac78456835404910b3a4c840248b6ac9,612,1ccf7c915f21be71f5f4297e752b8225032e031bb25e08ae0dc3d626e8d2e7b8
1153,ord_dataset-ac78456835404910b3a4c840248b6ac9:ord-a28f23c5da33499aab3b38494f263e1d,ord_dataset-ac78456835404910b3a4c840248b6ac9,1626,b8560856514d0be35eb8f6542de9fa110ddf3b170122f20a230f41d92b844208
1154,ord_dataset-ac78456835404910b3a4c840248b6ac9:ord-a2d2f943c234453c83b63071b4c61929,ord_dataset-ac78456835404910b3a4c840248b6ac9,1622,7f4e4a4c3b3b112d7f8432b2323c0f0558bb87c5d936829ff4124187a0fd5a0d
1155,ord_dataset-ac78456835404910b3a4c840248b6ac9:ord-a2d8e1bc9fcd459f9571561e87f4eff5,ord_dataset-ac78456835404910b3a4c840248b6ac9,1645,0a556ec6d40469236b420eefb0b6e74bb40b50665b8873ce42667e7f0cdbb546
1156,ord_dataset-ac78456835404910b3a4c840248b6ac9:ord-a2e893cec72d4abcb3308ee3f2bf4fa3,ord_dataset-ac78456835404910b3a4c840248b6ac9,1165,fa9493767793598625408ecae46242b669eaa027b06b44d9b828fe00efde4747
1157,ord_dataset-ac78456835404910b3a4c840248b6ac9:ord-a30999c613dc48688ea9215aa626b850,ord_dataset-ac78456835404910b3a4c840248b6ac9,194,543e8543f763e2db9ccc66d9c48de38d991a19b59f2028814fd0954d29807dad
1158,ord_dataset-ac78456835404910b3a4c840248b6ac9:ord-a3144a12fd8245639bae6927b7b12189,ord_dataset-ac78456835404910b3a4c840248b6ac9,827,bf819ba042bc798461011d0c805fedb2fc65e79d8ae8a9672d6c21b661f5b635
1159,ord_dataset-ac78456835404910b3a4c840248b6ac9:ord-a3436f61d3cc4872a11d6351081ef975,ord_dataset-ac78456835404910b3a4c840248b6ac9,920,d78c664a358da7c72cdf8878249018fdfe771cf531afc4253dadbb60a5f788e4
1160,ord_dataset-ac78456835404910b3a4c840248b6ac9:ord-a35a5d07cd354854818b4d6b52580314,ord_dataset-ac78456835404910b3a4c840248b6ac9,883,a98bc24a22c24ed439d246fb535e8a075cf7b5b697a33820a1f5c492b0fe36ea
1161,ord_dataset-ac78456835404910b3a4c840248b6ac9:ord-a391b0fda5194ae7a06337c0f175c253,ord_dataset-ac78456835404910b3a4c840248b6ac9,1443,41819aa7b8a999421dec1af120536954db7815249a44b173d56139c15da94bd3
1162,ord_dataset-ac78456835404910b3a4c840248b6ac9:ord-a3ebacd5acd9496d88f8f0e92f6d8ea6,ord_dataset-ac78456835404910b3a4c840248b6ac9,794,4ed724d2caf83df0e06417f52b420066e222df4c98fb871d9bdb9212d0097ab0
1163,ord_dataset-ac78456835404910b3a4c840248b6ac9:ord-a3ed9f445df7460fafd769ee878b26a2,ord_dataset-ac78456835404910b3a4c840248b6ac9,1392,bacdf8abc2a65993025160135545afddb53c2c5b0c3a557eeaf7985b2e0e483a
1164,ord_dataset-ac78456835404910b3a4c840248b6ac9:ord-a3eec52f7a7f4fad9fc7bede520d776a,ord_dataset-ac78456835404910b3a4c840248b6ac9,809,46da909c952b1a1b2b8adedbc6204efb62776772614d3b381336f48a43197c4d
1165,ord_dataset-ac78456835404910b3a4c840248b6ac9:ord-a46eaae7235d4d2eb61b449e17bc7071,ord_dataset-ac78456835404910b3a4c840248b6ac9,480,b0deb4ac85cd1e2cece8372f4f233786d2debecfe82232157e2da5a2a95ffb36
1166,ord_dataset-ac78456835404910b3a4c840248b6ac9:ord-a470b56182f348a5af4da0bccec700f7,ord_dataset-ac78456835404910b3a4c840248b6ac9,1262,ff48fe5e1b733793fb10610293894212d27187fbae125220191cc5ff9ef5368b
1167,ord_dataset-ac78456835404910b3a4c840248b6ac9:ord-a482aecf987a49e8bf85d2f35b35c786,ord_dataset-ac78456835404910b3a4c840248b6ac9,525,af3ff7cb156257471798599fcb0b5a70e13db0173522bc9dd36f3a073e70fbc2
1168,ord_dataset-ac78456835404910b3a4c840248b6ac9:ord-a49bd80f9c544024a4c799776ca136ba,ord_dataset-ac78456835404910b3a4c840248b6ac9,1293,5a14f94085bcf5f4729f40e10592efb8171e8219bc026636a1ddcb0011b29fd6
1169,ord_dataset-ac78456835404910b3a4c840248b6ac9:ord-a4db99922fed478a841eba57ca9067a8,ord_dataset-ac78456835404910b3a4c840248b6ac9,907,56b687777b4b6bb27e323495976db64614e9304cc4461ff2102592823ba9b66d
1170,ord_dataset-ac78456835404910b3a4c840248b6ac9:ord-a4e096758f024d2ea5850abd763e39ca,ord_dataset-ac78456835404910b3a4c840248b6ac9,1034,f3ee44be1364888d51b6ca7b5e5bc99e421acec1ba866527987a099fbbce46c2
1171,ord_dataset-ac78456835404910b3a4c840248b6ac9:ord-a4ee49beb9a049b88cd74e36d8f5a9d3,ord_dataset-ac78456835404910b3a4c840248b6ac9,36,7fdb75751ffb0f9e669b0afe9a951b2d8f2c7e78716fd3238a646f0fc6c4a059
1172,ord_dataset-ac78456835404910b3a4c840248b6ac9:ord-a4f5e88d8d1f4ea5b18c4fd6cdfd2a6b,ord_dataset-ac78456835404910b3a4c840248b6ac9,1092,138386ff9802f5460d161cbc48f5c7dac653eaca939da181c9cbbb40fbf66620
1173,ord_dataset-ac78456835404910b3a4c840248b6ac9:ord-a50001bc516e4d498a0ecafa84d56d80,ord_dataset-ac78456835404910b3a4c840248b6ac9,1245,eeb3b4c694bd1eb1d55a07d7e721c954a022cf56762433c0f3bf672d41beb8a2
1174,ord_dataset-ac78456835404910b3a4c840248b6ac9:ord-a5025e9864474e7bbb43194941589629,ord_dataset-ac78456835404910b3a4c840248b6ac9,1490,50a915bcfd317fa916eb346a4664712b08a1cca462c317d924c536a64db0d653
1175,ord_dataset-ac78456835404910b3a4c840248b6ac9:ord-a5604a2b6a94401f8ba30b92dcb250d7,ord_dataset-ac78456835404910b3a4c840248b6ac9,201,85ef448415740838ee627b66c4144fda7d27e7a702c3a9a478708c4a4c3de27f
1176,ord_dataset-ac78456835404910b3a4c840248b6ac9:ord-a575d708ec394d059ca872740f165580,ord_dataset-ac78456835404910b3a4c840248b6ac9,1340,bf8e50c1c6c5b89ff94963c05a8cfae89987093a6b421437d6d4e7382190786e
1177,ord_dataset-ac78456835404910b3a4c840248b6ac9:ord-a5f70b63df9a4e16859af626b3f44388,ord_dataset-ac78456835404910b3a4c840248b6ac9,1072,6b18b1d03cf7f8bdf7eb5228c4d4e6c3b14e6337cdd53f982ff3a8f994640def
1178,ord_dataset-ac78456835404910b3a4c840248b6ac9:ord-a6334b89d9874a48884f8ca612fc24c9,ord_dataset-ac78456835404910b3a4c840248b6ac9,755,20cfe106476fa64c6f23088862d2fe0935ccdfbcd5f01f9eda8fc91c20b3c311
1179,ord_dataset-ac78456835404910b3a4c840248b6ac9:ord-a639d455a6544db49a1aea7bf292fe9a,ord_dataset-ac78456835404910b3a4c840248b6ac9,399,ee11598f85df354079968641eba39d54f31c425da92100042302bb4335e182d2
1180,ord_dataset-ac78456835404910b3a4c840248b6ac9:ord-a64435424bef46fc9ec48224f286293f,ord_dataset-ac78456835404910b3a4c840248b6ac9,616,32f02d1bfb7700fd3e1c7efd0ec9aa467a065206fc0267f82f9eb538b1932d15
1181,ord_dataset-ac78456835404910b3a4c840248b6ac9:ord-a65000f8911c46aebe45975bb4cdf2e2,ord_dataset-ac78456835404910b3a4c840248b6ac9,1026,2544a4ab5f9699a9d9e0fa6e3501d03ad4df9e6834d5c831094985e6abca0f07
1182,ord_dataset-ac78456835404910b3a4c840248b6ac9:ord-a663381dd050425592fab47bfc5ba29f,ord_dataset-ac78456835404910b3a4c840248b6ac9,1401,c662989f3eb7c6543c66b4114304dde8c71b264cdd74ac982cb37c537ee4af88
1183,ord_dataset-ac78456835404910b3a4c840248b6ac9:ord-a67afd50a6894fa09b679c8273cd6994,ord_dataset-ac78456835404910b3a4c840248b6ac9,197,dadcc681d4215672e1a957b436754981b99d06fa7edc8a321087cda344deb32a
1184,ord_dataset-ac78456835404910b3a4c840248b6ac9:ord-a70acae7fb214f54a4601a023e20699d,ord_dataset-ac78456835404910b3a4c840248b6ac9,372,8d20a1c8d7b19122f807f71b7e93af6ca8c4e23dce991744aa3e3b43f9edfe12
1185,ord_dataset-ac78456835404910b3a4c840248b6ac9:ord-a7115005d4c14b5f851a652a5bfd8ad4,ord_dataset-ac78456835404910b3a4c840248b6ac9,763,43b8259e7929c9d66e8a78a93b64b2bfff984c7c65b7ef3f8168417eb9ee7bc3
1186,ord_dataset-ac78456835404910b3a4c840248b6ac9:ord-a74edd7937734cfb825a2cec480ba283,ord_dataset-ac78456835404910b3a4c840248b6ac9,1426,0fff899683cd58b1b0b64756e6a9360a77acdf8d6eda854a1ac6f2cff4082d65
1187,ord_dataset-ac78456835404910b3a4c840248b6ac9:ord-a79b4964b0f84a4796899ff6cb079519,ord_dataset-ac78456835404910b3a4c840248b6ac9,61,ca57142cb7f1a24795ce7de3fbc634960ea94cfbd479f1e1ee6e66ced4862e1a
1188,ord_dataset-ac78456835404910b3a4c840248b6ac9:ord-a7f752bc6ed54f9bb17abdad787b9793,ord_dataset-ac78456835404910b3a4c840248b6ac9,634,5e8fc3ea60b3308e27ef159cb8a59b8183be4726a596234593fc6fc18a16608a
1189,ord_dataset-ac78456835404910b3a4c840248b6ac9:ord-a83615e8b4e940dc8f3c1f0c4ee84ead,ord_dataset-ac78456835404910b3a4c840248b6ac9,1079,5d12fe991b59721843a8ef4fbaf651f89843269b0dbc42b41c9cce69e1ed63a4
1190,ord_dataset-ac78456835404910b3a4c840248b6ac9:ord-a88040d26bf44bc189d56d62c452db85,ord_dataset-ac78456835404910b3a4c840248b6ac9,1013,124fc68c4014ed66744d2359f62fe1e40ec649e25a04ce5d2d276d93ce986a5f
1191,ord_dataset-ac78456835404910b3a4c840248b6ac9:ord-a88c24e4e70d4e20a0c1921b97363b71,ord_dataset-ac78456835404910b3a4c840248b6ac9,1709,fee5b86a9da219a1fa25a8aa98aa6d663fa4697f19df43d9f1d7113957445654
1192,ord_dataset-ac78456835404910b3a4c840248b6ac9:ord-a89b3c178e5a4f3f99897139fa966fc3,ord_dataset-ac78456835404910b3a4c840248b6ac9,1211,a227404f40d68222b516468921abdcf407a216e4466300414442c3757c071ffa
1193,ord_dataset-ac78456835404910b3a4c840248b6ac9:ord-a8a76ca209944e3bb632a023d4995c10,ord_dataset-ac78456835404910b3a4c840248b6ac9,932,07ea97ec0c661f3650fd5aed7e49978b1cb90cf1353617a1125e1fb1a18ab3cb
1194,ord_dataset-ac78456835404910b3a4c840248b6ac9:ord-a8ad3983f46d4d3f898a29a2abf8665b,ord_dataset-ac78456835404910b3a4c840248b6ac9,1722,08464ec26af5be630887aaa7675e3507e982758069cacc16779c5fcdda9a1c16
1195,ord_dataset-ac78456835404910b3a4c840248b6ac9:ord-aa06c7c6badf4803a10372c8e20453a5,ord_dataset-ac78456835404910b3a4c840248b6ac9,1100,6707dee5e19fc6cdb0619a0519e5815b7a62070948207ce62c0c721ab150684f
1196,ord_dataset-ac78456835404910b3a4c840248b6ac9:ord-aa1d8e33f889479aa11d257aa64c49f9,ord_dataset-ac78456835404910b3a4c840248b6ac9,346,f591296f66e3d31de8b760b23e1556d8ca71211023a712bb381220cd4f9a28f3
1197,ord_dataset-ac78456835404910b3a4c840248b6ac9:ord-aa3388993bde47dea7ea2d6f030890d3,ord_dataset-ac78456835404910b3a4c840248b6ac9,716,6e5ba4059e530f56f956862ccc11d41a9891ae77b85c7abe14b9862fe829cfd5
1198,ord_dataset-ac78456835404910b3a4c840248b6ac9:ord-aaac54ceaca947c599797b112430d18b,ord_dataset-ac78456835404910b3a4c840248b6ac9,914,ec3b55920e03697b026663cd10eb55fcd17f77c4ef0257c10a52eef40027d43f
1199,ord_dataset-ac78456835404910b3a4c840248b6ac9:ord-aab52ef205b4400ea2b740136f33614e,ord_dataset-ac78456835404910b3a4c840248b6ac9,286,2bae761fc8c99e81ffd84667aa78130fb60d87ac0a085f2aa81408b89cf50dc7
1200,ord_dataset-ac78456835404910b3a4c840248b6ac9:ord-aad9e845f8d742e6af93e7f867a1e8cd,ord_dataset-ac78456835404910b3a4c840248b6ac9,1481,ecb14902b0c50591fc0e1e0dabd0df17ec1ec2f2560004159880f5017106966a
1201,ord_dataset-ac78456835404910b3a4c840248b6ac9:ord-ab1e04b3a1fc42cdb6034b85b835bb56,ord_dataset-ac78456835404910b3a4c840248b6ac9,847,3f4d8de7337e40c20202e821c29c454e960b2fc5aaa8973bd02bd20ed727040d
1202,ord_dataset-ac78456835404910b3a4c840248b6ac9:ord-ab43b9c33a264122b2a9079fef338c38,ord_dataset-ac78456835404910b3a4c840248b6ac9,823,c7ba7813def702da410d8fec7bbe1b639155bb042768cc90319c5e569b6c18e7
1203,ord_dataset-ac78456835404910b3a4c840248b6ac9:ord-ab6125722b4c4412913717c89bfb0132,ord_dataset-ac78456835404910b3a4c840248b6ac9,1669,6923adc327dc6a813a1bcc02bba089e943370fcddb7e0019ef567395d801edeb
1204,ord_dataset-ac78456835404910b3a4c840248b6ac9:ord-ab6ab140a67a4f31b3c2c2b03565080a,ord_dataset-ac78456835404910b3a4c840248b6ac9,1371,e2f7fd920fd56c739e3b08c67f563ef8fa6af9deee69b9b6e7ef9364e88a9e9d
1205,ord_dataset-ac78456835404910b3a4c840248b6ac9:ord-ab9a9a4b870d43969004c60b7181992c,ord_dataset-ac78456835404910b3a4c840248b6ac9,594,ecc28cb49fcee23caaa34f6bf1cac5de094ef09d079bbd6ea799e76b919d3d81
1206,ord_dataset-ac78456835404910b3a4c840248b6ac9:ord-abc30d7994a1447c9b2bb22a3f69adbc,ord_dataset-ac78456835404910b3a4c840248b6ac9,988,01a8105b2fc41f8f736a3dd7c4cd12573020791ac92117a41ffd93ce0cb7fce0
1207,ord_dataset-ac78456835404910b3a4c840248b6ac9:ord-abd21bad47094d3f9a339c84d40aea82,ord_dataset-ac78456835404910b3a4c840248b6ac9,806,96d178fc4743ec3dae83fba116cec148075187736f0ae7d22b77ca1eb6a0c639
1208,ord_dataset-ac78456835404910b3a4c840248b6ac9:ord-abde7a27fa78454d929b3171513e2d48,ord_dataset-ac78456835404910b3a4c840248b6ac9,1145,1bab404ad08c2c2ddb8226e34e095e9921526923e585b765f2b61f7d5878670b
1209,ord_dataset-ac78456835404910b3a4c840248b6ac9:ord-ac2e487d2c5842e19d7c4f24219c5374,ord_dataset-ac78456835404910b3a4c840248b6ac9,972,8b9097a1d1c53c0ef710e36baca4ee0a4f35c0ee6fe5639e85933295d1539e3f
1210,ord_dataset-ac78456835404910b3a4c840248b6ac9:ord-ac345d3b586a4c2f88cf318aff3d46a1,ord_dataset-ac78456835404910b3a4c840248b6ac9,402,e02d73c011b76ff78e1c0b56e7358adcde906b92356e49dddbf30e10813a8c9b
1211,ord_dataset-ac78456835404910b3a4c840248b6ac9:ord-ac6334e948da420ea72bdbfd546b3375,ord_dataset-ac78456835404910b3a4c840248b6ac9,432,10e3af193b5b024233da29943788f5163e86c6cf9072332583db1d6e877993d7
1212,ord_dataset-ac78456835404910b3a4c840248b6ac9:ord-acaa04daf4cb4c1f844d73fd3edbf124,ord_dataset-ac78456835404910b3a4c840248b6ac9,101,cd1303d245c63f19f24d8faa32aefd26485a158d4bc3ea882be8f6f7284eb290
1213,ord_dataset-ac78456835404910b3a4c840248b6ac9:ord-acb6f8ac71334a8ea193344821a321e1,ord_dataset-ac78456835404910b3a4c840248b6ac9,749,185989832b450962e7bf0d2ae04c66f5d99fc1bc6d6725a9d492362888f1839b
1214,ord_dataset-ac78456835404910b3a4c840248b6ac9:ord-ace03de9d1f14eeda3d283b74f0b68df,ord_dataset-ac78456835404910b3a4c840248b6ac9,1583,fbd213e35dc0fdf0b7bca73a40b6ce9ced96b6f413722863b2b3c2254e186b14
1215,ord_dataset-ac78456835404910b3a4c840248b6ac9:ord-acf24322dc364d54a19b3a6cd0697762,ord_dataset-ac78456835404910b3a4c840248b6ac9,565,11c5be7ebbe5dfce33ddf30edf061daf0d98ff103eaf040b020a2a5f38e25f0d
1216,ord_dataset-ac78456835404910b3a4c840248b6ac9:ord-ad14209768aa467193a7f5001fc9acf1,ord_dataset-ac78456835404910b3a4c840248b6ac9,899,eb6f985b88de25de8d37297f37c30b7ff703c4e9074eb3b749145a48acd80f26
1217,ord_dataset-ac78456835404910b3a4c840248b6ac9:ord-ad589cb5a4d64ba38b1f1312a25324a1,ord_dataset-ac78456835404910b3a4c840248b6ac9,804,2e000cd13a8c665e7eb8708cb1251b50676c2910ae5cbc8ca67bbae1175f0fe3
1218,ord_dataset-ac78456835404910b3a4c840248b6ac9:ord-ad5923e623ec431babd001ea6f78c73d,ord_dataset-ac78456835404910b3a4c840248b6ac9,1137,70ea0be8d3c4f9f6957e3e93f98d54dbdfa52b3e9602d1db651549df96cb8000
1219,ord_dataset-ac78456835404910b3a4c840248b6ac9:ord-ad81e8e40d1a4a5aa0fc805bc26db63a,ord_dataset-ac78456835404910b3a4c840248b6ac9,185,fecd0d8fba38703dd396480a3c1d2d0ef13e098fa879fdf298f993345089ca1b
1220,ord_dataset-ac78456835404910b3a4c840248b6ac9:ord-ad9486517cce4823ae039838c10002cd,ord_dataset-ac78456835404910b3a4c840248b6ac9,1579,757fd11332b36cc18cc4a99be7cf13cd58b00828d1de1f388380cd38f4e97f04
1221,ord_dataset-ac78456835404910b3a4c840248b6ac9:ord-ada6c7a63297479c858a2980c210aa01,ord_dataset-ac78456835404910b3a4c840248b6ac9,361,8d1d2aeefd3b63b68552f53ad97622a1a1756af22b96180bc22848470e5b97df
1222,ord_dataset-ac78456835404910b3a4c840248b6ac9:ord-adbbd4d3d3d34868ae5817f5d711d2d3,ord_dataset-ac78456835404910b3a4c840248b6ac9,1194,1ee5e94b3663b1f8363d65a3147bd272203610f614413f08ed42fe15e34f2a9e
1223,ord_dataset-ac78456835404910b3a4c840248b6ac9:ord-ade5b8e40ee5467584a9541585dba1b4,ord_dataset-ac78456835404910b3a4c840248b6ac9,1568,d0f15380321d43dd2f3e7ae58af9ca048df6993792d6a6817610f8df224d6d05
1224,ord_dataset-ac78456835404910b3a4c840248b6ac9:ord-adf7daf641b446b1a88d51dba81e0b42,ord_dataset-ac78456835404910b3a4c840248b6ac9,968,e18227902a574880f4cb65aa9cf5479ac29f9ef925b821b3655656d1e8e44675
1225,ord_dataset-ac78456835404910b3a4c840248b6ac9:ord-ae0e6592a52d42e5ad522951a134f6b6,ord_dataset-ac78456835404910b3a4c840248b6ac9,257,69307b2b01dc4c8fa138f253dbbadb2cbf0276492d0c6fcbc538995eaafeaf36
1226,ord_dataset-ac78456835404910b3a4c840248b6ac9:ord-ae2bb9f33e50470c9511cd20b384f7f7,ord_dataset-ac78456835404910b3a4c840248b6ac9,1161,c3b087b8a4e510a7e4c502e4fda6a76a8427a974f41edd7a077e1db44d65a12d
1227,ord_dataset-ac78456835404910b3a4c840248b6ac9:ord-ae2dfe652b404342a9c07df995ed5c91,ord_dataset-ac78456835404910b3a4c840248b6ac9,450,95db6ac87de3a8bbe6f1f393889d3808f885ff66d8aab307cf58118274ea0871
1228,ord_dataset-ac78456835404910b3a4c840248b6ac9:ord-ae3fe872a50f4040b872fe957b9a30db,ord_dataset-ac78456835404910b3a4c840248b6ac9,272,d00d0f5a2ba1e3ffd2d3035b7b5059afb97794d1306d613b9e315ab48d6e4c3e
1229,ord_dataset-ac78456835404910b3a4c840248b6ac9:ord-ae691a4846b0454ea9391746bdced700,ord_dataset-ac78456835404910b3a4c840248b6ac9,1063,e03554a0c7b3fdf32d657996367fbe5f89caa4f3dc3205dbd38eac1013c103a0
1230,ord_dataset-ac78456835404910b3a4c840248b6ac9:ord-ae73b6974bec490a8a19a2839ae4cc97,ord_dataset-ac78456835404910b3a4c840248b6ac9,1351,9e9a475d6625e6a9c8858bd686b9f61ba4e09ff0ca835481752d5f91128aaca1
1231,ord_dataset-ac78456835404910b3a4c840248b6ac9:ord-ae9c6d8d954c4a7cb1a9c825a990c121,ord_dataset-ac78456835404910b3a4c840248b6ac9,1051,e7f5ef8bd79d73ebe5d1b904a28821185bd4f55005c5659e69587c06a5fcfae8
1232,ord_dataset-ac78456835404910b3a4c840248b6ac9:ord-aea12d6e83ce4acd84632d3b29e76eca,ord_dataset-ac78456835404910b3a4c840248b6ac9,210,4fac651d5c8adb2386b23fd1f19ae575f7d2f306082efe489cff3ac42a22f300
1233,ord_dataset-ac78456835404910b3a4c840248b6ac9:ord-aebf33bb906a4e7a91fbceca0cbeeea2,ord_dataset-ac78456835404910b3a4c840248b6ac9,742,ebf70760eb90871aef47347f7847bcec75757e8d4b56ecf57fa122ffc004a772
1234,ord_dataset-ac78456835404910b3a4c840248b6ac9:ord-aefc772b93d44f21a3bd8826945880ab,ord_dataset-ac78456835404910b3a4c840248b6ac9,998,9a862b65b5bfc1d4e5fcced0ae24c2ecac37df80856d02ae43149d59c08376ee
1235,ord_dataset-ac78456835404910b3a4c840248b6ac9:ord-af1670975c9941eb9674da79c8a2ea93,ord_dataset-ac78456835404910b3a4c840248b6ac9,1273,99679198b6bdbe90eff53e826cd45f7e74e075e122d7a6d702006f7e1cffb7b1
1236,ord_dataset-ac78456835404910b3a4c840248b6ac9:ord-af348129804d4e87927cf872de4119d7,ord_dataset-ac78456835404910b3a4c840248b6ac9,1091,6aadb4d8309e0ccd3ef85332824de1f51f09c19132fbd8aa6a08a5210a10515b
1237,ord_dataset-ac78456835404910b3a4c840248b6ac9:ord-af3754f4c2bc44b5981b6914d89a746e,ord_dataset-ac78456835404910b3a4c840248b6ac9,1352,d3d7c2ae63c92160d87e1cd9de9740c0b550f7bfd4383297ada413c84636a48c
1238,ord_dataset-ac78456835404910b3a4c840248b6ac9:ord-af455c252b1945e68bc47fa1fb4b61c7,ord_dataset-ac78456835404910b3a4c840248b6ac9,172,58ffa00cfbbdb15293cd5b602100fd32a558319e1b888b9a891d4e34c893273b
1239,ord_dataset-ac78456835404910b3a4c840248b6ac9:ord-af5feefb9ba3419c8e252a4021b6f06f,ord_dataset-ac78456835404910b3a4c840248b6ac9,1297,6719240936203d77e42610221960c7792e81e9c438da1266b77392804f0a7190
1240,ord_dataset-ac78456835404910b3a4c840248b6ac9:ord-af600ef757a540f48792a857b00aea1c,ord_dataset-ac78456835404910b3a4c840248b6ac9,1214,b13589344858cd31fc00deadfca76261a855535de4c6f559f899ad933b25fdc2
1241,ord_dataset-ac78456835404910b3a4c840248b6ac9:ord-af7c6c4e11174f14bfeac2f43b6bb058,ord_dataset-ac78456835404910b3a4c840248b6ac9,614,fe84436e963c5a0635ba6f52798c828446f6f2690ed2d8b0168bdf4496a1ad9c
1242,ord_dataset-ac78456835404910b3a4c840248b6ac9:ord-af80f4e6e5204371b154cdaaeddcad8b,ord_dataset-ac78456835404910b3a4c840248b6ac9,359,697deedb21314492257e14c966123dddc1500c226c8ff1be2f39ee7bb87d5541
1243,ord_dataset-ac78456835404910b3a4c840248b6ac9:ord-afd1834a7e86418e92ce8800ca829a01,ord_dataset-ac78456835404910b3a4c840248b6ac9,251,4d06631cd979b6732cff0ef70a13993d35d452a0e5ad8c97a7f6c546419f6c45
1244,ord_dataset-ac78456835404910b3a4c840248b6ac9:ord-afdb99e541614756831998a72081aab1,ord_dataset-ac78456835404910b3a4c840248b6ac9,676,a4d171f244458eebcbb71ed3597eefb9b9e40c73d357a242b9c0efbe84e67473
1245,ord_dataset-ac78456835404910b3a4c840248b6ac9:ord-afe13b7abede4d57a7133c22047ccd68,ord_dataset-ac78456835404910b3a4c840248b6ac9,1222,be74c15eb82980c89be532b1b0c2034f4ee6a87c9f7a48d80bc6a8d31625c948
1246,ord_dataset-ac78456835404910b3a4c840248b6ac9:ord-affb6753823a4623bf3ec536ad1aafa9,ord_dataset-ac78456835404910b3a4c840248b6ac9,200,49c55a7cbe995fb4ca42168d07c49e58d905ffedfba6038df33556ddb8607897
1247,ord_dataset-ac78456835404910b3a4c840248b6ac9:ord-b0083b2e017248d3b6dfd6020a9cc39e,ord_dataset-ac78456835404910b3a4c840248b6ac9,931,034f56c9e0d6a84735946bd38b39c2f9aebc6f79a2894e231039c24109a5d37d
1248,ord_dataset-ac78456835404910b3a4c840248b6ac9:ord-b0309f20b75c43e3afd29b67a477f062,ord_dataset-ac78456835404910b3a4c840248b6ac9,202,4cf16c6ae5219f3fa5daca91a6456fecaaf896de6b84c087e0540cf3ee65d47b
1249,ord_dataset-ac78456835404910b3a4c840248b6ac9:ord-b0647ab0f4954033acda2fb758aad34a,ord_dataset-ac78456835404910b3a4c840248b6ac9,1487,84dfcb57e6e368ed48f92cb780430cb2d6c6f9e9442dde1187949be0d118ce77
1250,ord_dataset-ac78456835404910b3a4c840248b6ac9:ord-b08b110c3e7346e3b6bb02001b8767a9,ord_dataset-ac78456835404910b3a4c840248b6ac9,183,56d0280ac2cb3ed57f90fb605e03df6f31397e20dbe544dfd1c8481d20b220ec
1251,ord_dataset-ac78456835404910b3a4c840248b6ac9:ord-b09838d215684ddf9e5d7da354f08e7c,ord_dataset-ac78456835404910b3a4c840248b6ac9,880,eda01b536fa62f2915703c9cb43e9bba54bf58b07861b40b1a3b20a2213793e6
1252,ord_dataset-ac78456835404910b3a4c840248b6ac9:ord-b0dd135522fc4a8dae07f6a813e5fefc,ord_dataset-ac78456835404910b3a4c840248b6ac9,846,dd8565413d9711153ff44ec843385c8cc46d9f685d44a52ec39d834ceba0bbcf
1253,ord_dataset-ac78456835404910b3a4c840248b6ac9:ord-b0fb8552c95d4e498d89aefc1d6c1a1e,ord_dataset-ac78456835404910b3a4c840248b6ac9,1292,22444d95a2a1c9eb271ce7e342c4486fdb8945e0c319c4130ed2d56bf8b5b4bd
1254,ord_dataset-ac78456835404910b3a4c840248b6ac9:ord-b149726bc22c4974873d8fd9df70cbd6,ord_dataset-ac78456835404910b3a4c840248b6ac9,478,c9c3a52da52f8d079a67c82db5e1efd624691cc58acac58a9e0b84bec46c8ec9
1255,ord_dataset-ac78456835404910b3a4c840248b6ac9:ord-b16dace636c149a6ac6977ad8bf72ee4,ord_dataset-ac78456835404910b3a4c840248b6ac9,1404,1179230d6a568c3ddbac181bdc6834b47ce93485c9a6a71fc5afacfc7c210c2b
1256,ord_dataset-ac78456835404910b3a4c840248b6ac9:ord-b179d88c28504f4daaae5a11e7db5506,ord_dataset-ac78456835404910b3a4c840248b6ac9,695,370434be5f585e787e6662227df1d8f88a4b2e4a54143e7105c09f85115ced46
1257,ord_dataset-ac78456835404910b3a4c840248b6ac9:ord-b1839f899efe4f1db3b539ea7f55430a,ord_dataset-ac78456835404910b3a4c840248b6ac9,1685,cbaf5582c98bdf138f1f1d3de5f57cb4ef4dbc92fb010fb7ccc4f10ea0343934
1258,ord_dataset-ac78456835404910b3a4c840248b6ac9:ord-b1ee6c8773a544e289ad60130bb35752,ord_dataset-ac78456835404910b3a4c840248b6ac9,1666,33225e152b32c9e89ea28b18ffea9af8e1bee7bc528b10e2fcda477caf5a9ac8
1259,ord_dataset-ac78456835404910b3a4c840248b6ac9:ord-b208697a8bb24b48b2b4568fafa71592,ord_dataset-ac78456835404910b3a4c840248b6ac9,1697,72a592cd002340d6f405ef52f513ebeaa5361c027467a9ab74512e402e5e404d
1260,ord_dataset-ac78456835404910b3a4c840248b6ac9:ord-b20d0f356c7f411db59448ea2fb172af,ord_dataset-ac78456835404910b3a4c840248b6ac9,1468,e19068980e18ef8fe9f1b3fc1a4c934f6c3cac935ce6d8f06feb62e1c0e29275
1261,ord_dataset-ac78456835404910b3a4c840248b6ac9:ord-b26d6c32553440d6a1d58813c223c3ea,ord_dataset-ac78456835404910b3a4c840248b6ac9,950,fd50a918a40b9fdf24f9e5731e4f6a96d9a21203da3e0c2f677cf1a093bc2e99
1262,ord_dataset-ac78456835404910b3a4c840248b6ac9:ord-b279b72b4f504fe4bf86f8dee1bd8686,ord_dataset-ac78456835404910b3a4c840248b6ac9,32,28988718dd160c5695f6c3906693b8e6c2f424c21c8f9a91113e83f413d21052
1263,ord_dataset-ac78456835404910b3a4c840248b6ac9:ord-b28960619dc04aba8e5f622580c62fad,ord_dataset-ac78456835404910b3a4c840248b6ac9,1041,9720b8b6305894bfe2d6ed09a0d2dee2d10a7790bbce1ab545cf3961fd91badf
1264,ord_dataset-ac78456835404910b3a4c840248b6ac9:ord-b290fae1879a4c85b45c7b82f6373cde,ord_dataset-ac78456835404910b3a4c840248b6ac9,528,494539871c4d5befdb559c5d8739ec9b5914c29ed6bc35d12c8fa0bfc882a786
1265,ord_dataset-ac78456835404910b3a4c840248b6ac9:ord-b2a0846578c5478a9cc8ac72e5bb77ce,ord_dataset-ac78456835404910b3a4c840248b6ac9,1708,03f40fe7dc253b322779a8aa796bfc6b4a9fb86c67c851b844707d05799b0ee0
1266,ord_dataset-ac78456835404910b3a4c840248b6ac9:ord-b2a1d948d13848c9a08ab867fef8716a,ord_dataset-ac78456835404910b3a4c840248b6ac9,723,a31406355158da275eef6f717629892547dfc8fa94ac50c9c2f8ae3e5a8bf825
1267,ord_dataset-ac78456835404910b3a4c840248b6ac9:ord-b2f4f32d9183473dbe73aada64864ae1,ord_dataset-ac78456835404910b3a4c840248b6ac9,857,040678df599e4cd3d3fdc2e091ddd72fa8c320e42198c2459e5e843f2abc5af6
1268,ord_dataset-ac78456835404910b3a4c840248b6ac9:ord-b306586c20654d6bb901ee655549e0ee,ord_dataset-ac78456835404910b3a4c840248b6ac9,1085,8f3d523669d4e27e64a778c5ed9f7ffc526db1583df5f1fddefd997045fc65db
1269,ord_dataset-ac78456835404910b3a4c840248b6ac9:ord-b3ccced2c7214624b914a81f1b575a18,ord_dataset-ac78456835404910b3a4c840248b6ac9,1602,cc813305b562b14f0a7190f22aa7ded60ead8a2ba8c131a7d1e0a25625eb933d
1270,ord_dataset-ac78456835404910b3a4c840248b6ac9:ord-b3eb2d48374642808e7ebc8bc0f0d663,ord_dataset-ac78456835404910b3a4c840248b6ac9,1223,a265b7d5924f293d9c2293ce5d925f187dbfd7a96158aefa442ce837c8548eb6
1271,ord_dataset-ac78456835404910b3a4c840248b6ac9:ord-b3f36290407c4bc79851b8a453b61035,ord_dataset-ac78456835404910b3a4c840248b6ac9,126,f763312164a0044ca6da6559c91f06563d5c25f363b7281ab123ee40387c239a
1272,ord_dataset-ac78456835404910b3a4c840248b6ac9:ord-b3f6c5f5d4074752bfb132b9c4645362,ord_dataset-ac78456835404910b3a4c840248b6ac9,1529,acab95944e8c72151a989e6aaa7e05a05d3f48b988dbc551b8d7e98373790c21
1273,ord_dataset-ac78456835404910b3a4c840248b6ac9:ord-b3face3ccf1642d0803a9482a7c28421,ord_dataset-ac78456835404910b3a4c840248b6ac9,1301,8c889275bec539902b184e35af48bf36bc0778a949e1a67fd3221105eb541186
1274,ord_dataset-ac78456835404910b3a4c840248b6ac9:ord-b3fd665582b24431920c497267535a1f,ord_dataset-ac78456835404910b3a4c840248b6ac9,444,5726ff4f414b4165ce8b744aa44bbc93a35e071907b95f56ca98401b924a2696
1275,ord_dataset-ac78456835404910b3a4c840248b6ac9:ord-b414d0582a5e49778187082155ea6642,ord_dataset-ac78456835404910b3a4c840248b6ac9,508,c2b97c1633e2cf2014518db4b403d39d79541ab921fa81696b513bcd6d21a2ad
1276,ord_dataset-ac78456835404910b3a4c840248b6ac9:ord-b462721be12d4371bcfb179fd9df71e5,ord_dataset-ac78456835404910b3a4c840248b6ac9,240,95560031dc7d47c6e2f4e6d44c1c362020e3ab281b1eb4eaff0d0e6fe034d6a4
1277,ord_dataset-ac78456835404910b3a4c840248b6ac9:ord-b4a19133273a4cfaa1d12ab4cd1cf27c,ord_dataset-ac78456835404910b3a4c840248b6ac9,580,73eb895c2159b697ef419611a9f78feca0abaadb7ac9f7dfe28d45ec6922b031
1278,ord_dataset-ac78456835404910b3a4c840248b6ac9:ord-b4a5fa63b7a04352bc65b20609f09d60,ord_dataset-ac78456835404910b3a4c840248b6ac9,1714,4256487292c9138dff2e02dfd13c7f46c68f4acf5af2ba881233717ecd045584
1279,ord_dataset-ac78456835404910b3a4c840248b6ac9:ord-b4d3c2e8b6e340e19d45e4b518d3292c,ord_dataset-ac78456835404910b3a4c840248b6ac9,1528,50e49620216ac35788326289572b95bc13434e9a4810f7ce3124b67c2915b739
1280,ord_dataset-ac78456835404910b3a4c840248b6ac9:ord-b52ecde343fe4bf0a72ecf03ce38641c,ord_dataset-ac78456835404910b3a4c840248b6ac9,1008,5f3f3d80fa06add71152a723f1fbcb6ea6539defe6a4a7b415a475927bb242d5
1281,ord_dataset-ac78456835404910b3a4c840248b6ac9:ord-b549f81922544ea79650ee2eb5362505,ord_dataset-ac78456835404910b3a4c840248b6ac9,915,7e05c1d8eeb22c89439e86c4c46dccf44406f10a6ec6a181b72d1fef8233da29
1282,ord_dataset-ac78456835404910b3a4c840248b6ac9:ord-b55ea2ff1e2541c1b7de514f4de20a52,ord_dataset-ac78456835404910b3a4c840248b6ac9,17,91ccef457c5a52a04f15fcb9d0fa15e13eef6a96f0e7f540ae5ad727a44934c3
1283,ord_dataset-ac78456835404910b3a4c840248b6ac9:ord-b56b5002d27349b2a9f98216790dcdb9,ord_dataset-ac78456835404910b3a4c840248b6ac9,1530,df38283ae4e08b3ef3b7597b1f4b5c9e5cd6cf894b38057a890b0603640bcc87
1284,ord_dataset-ac78456835404910b3a4c840248b6ac9:ord-b57a9698877b484ba1dd36cdb9f774fa,ord_dataset-ac78456835404910b3a4c840248b6ac9,514,9e20d3933ce7c6722518b0ed16822338b24c17c225529872e95f97d7ba5342b3
1285,ord_dataset-ac78456835404910b3a4c840248b6ac9:ord-b5ebb412561645e0ab7829e6b5ee4693,ord_dataset-ac78456835404910b3a4c840248b6ac9,1510,cfb4ff0e41b2529b75766c96de9fcde2e9f27cbb2023d2b84debcae63aae0f5e
1286,ord_dataset-ac78456835404910b3a4c840248b6ac9:ord-b667488b75534895ab3385bd9092a964,ord_dataset-ac78456835404910b3a4c840248b6ac9,1545,95fc73876a1cdfd9ed904db96bb90120ee2599d0b97fd4f116d6f4361f7597de
1287,ord_dataset-ac78456835404910b3a4c840248b6ac9:ord-b69e85d7fc2d4617a4ea42d012a68c83,ord_dataset-ac78456835404910b3a4c840248b6ac9,1244,74634ba72ba71c34a2a88b646d6642d8259c693f1a3ba094dac657e793f3351e
1288,ord_dataset-ac78456835404910b3a4c840248b6ac9:ord-b6b6ef6c057849e797d1b67e4b65c3f7,ord_dataset-ac78456835404910b3a4c840248b6ac9,233,45d02f71565001c4c108712a506a58276e6c1ba84900cb9262088b225771072c
1289,ord_dataset-ac78456835404910b3a4c840248b6ac9:ord-b70e7e0f539942dd8dd75c8fcd36c211,ord_dataset-ac78456835404910b3a4c840248b6ac9,206,30487af1aef18a3324d9479d171ad2568ae2227f4abf89690ee8ad70ab2989e5
1290,ord_dataset-ac78456835404910b3a4c840248b6ac9:ord-b7103813fbd24a0f8d8e30ab88c6a54e,ord_dataset-ac78456835404910b3a4c840248b6ac9,791,b5e59484dde169c5a13bac98d87eb6b81ebe44fc4317cf271fcdb646da5e7422
1291,ord_dataset-ac78456835404910b3a4c840248b6ac9:ord-b716cb01b424406baf2ae50050e0b7d9,ord_dataset-ac78456835404910b3a4c840248b6ac9,1695,89263e02de311548298d392bde08f3619492cc1b4d94b1e3b30a96fbcc2ea824
1292,ord_dataset-ac78456835404910b3a4c840248b6ac9:ord-b71b95884d6a4218a77975a7482a8c7b,ord_dataset-ac78456835404910b3a4c840248b6ac9,56,4a58209f3dec3fcd8f597ef1ebc5e9bcd170ac87442d7ba30a606941f4609e59
1293,ord_dataset-ac78456835404910b3a4c840248b6ac9:ord-b74cb53a110243dfb35dddcc2dde7afb,ord_dataset-ac78456835404910b3a4c840248b6ac9,1484,716b713d1bb32096128da8672fde4810e43517975b593f382728d65ab58de0bd
1294,ord_dataset-ac78456835404910b3a4c840248b6ac9:ord-b750e1ac92fb4a76b2e0f4421bf3cb90,ord_dataset-ac78456835404910b3a4c840248b6ac9,1093,be432e296dff9b8a07474d4388784c0f48888cce8b33bf7ae5e8b2e6cef41356
1295,ord_dataset-ac78456835404910b3a4c840248b6ac9:ord-b76b485fb51841d2baccf1e8dfb738f9,ord_dataset-ac78456835404910b3a4c840248b6ac9,1047,fbb833ba605a17fbedd249b5dfa415fde255c44e0be21af379c61141e71359e3
1296,ord_dataset-ac78456835404910b3a4c840248b6ac9:ord-b770e1712d044e01ba3ae6efaa9aa4ac,ord_dataset-ac78456835404910b3a4c840248b6ac9,1148,63b0da16bed4e4c84aee87accf6e3392933a7f2ca697d1e9c7d51b18c0a12caf
1297,ord_dataset-ac78456835404910b3a4c840248b6ac9:ord-b782a33ba99648cb914e45fbc097d3e2,ord_dataset-ac78456835404910b3a4c840248b6ac9,1094,765ba0628e1a3993fffc5060b14727acc2164c404507be50d5c7d722ecc32972
1298,ord_dataset-ac78456835404910b3a4c840248b6ac9:ord-b78ebc9af00146538bb4c0022e4862ad,ord_dataset-ac78456835404910b3a4c840248b6ac9,1099,909bfa432bf326521d7f193eda25f1b2e47652cd98f45a95ffc738f2d7f58bc7
1299,ord_dataset-ac78456835404910b3a4c840248b6ac9:ord-b7a9b14f9197462db2a53780aa1f00f0,ord_dataset-ac78456835404910b3a4c840248b6ac9,29,1792452bad34f6884204d5280d9b806ce4710d65c0ebddb07a1b58d66e8eaa8a
1300,ord_dataset-ac78456835404910b3a4c840248b6ac9:ord-b81876380bb94953a0f1e60ff827193a,ord_dataset-ac78456835404910b3a4c840248b6ac9,1674,94dd5547a51108621e4b164a5611e25be5da9c3ff5df207bda3e00ab36c4cf2a
1301,ord_dataset-ac78456835404910b3a4c840248b6ac9:ord-b824255ddd7141b6a5cbb4d1884d7f86,ord_dataset-ac78456835404910b3a4c840248b6ac9,384,4d367931b82dc5f88e2276c11f7654f482d5326f24b5495124209eb788b5bc3a
1302,ord_dataset-ac78456835404910b3a4c840248b6ac9:ord-b85fd8746a0744228b8cf01d4077b6ea,ord_dataset-ac78456835404910b3a4c840248b6ac9,1182,d32ca49bb37094eac1d5575a1e31d8f1ac521646569ada6528eedf81b75ae165
1303,ord_dataset-ac78456835404910b3a4c840248b6ac9:ord-b86c5f63ef694c808a2ebb7b73ef83d2,ord_dataset-ac78456835404910b3a4c840248b6ac9,1592,e9e652fcf846b2177a32b3b379a12c244cc8d198f00344fafb608b84be411752
1304,ord_dataset-ac78456835404910b3a4c840248b6ac9:ord-b8c3f7609bd84738a1e88e425d400312,ord_dataset-ac78456835404910b3a4c840248b6ac9,158,d7c34a3e06504ac29a2fc4b8083f5165abf0fd0e60009e85b70629e24d0414e9
1305,ord_dataset-ac78456835404910b3a4c840248b6ac9:ord-b8dbe4c7a8734a0ab6ca7c51b6ac054c,ord_dataset-ac78456835404910b3a4c840248b6ac9,834,ef49f99cd8cfa1b2a51629d41117cc6cbfa18fe2cb6ffabb1a88b0304cf02b97
1306,ord_dataset-ac78456835404910b3a4c840248b6ac9:ord-b8ecf5e09d5c49ef9176a93bdbf87b67,ord_dataset-ac78456835404910b3a4c840248b6ac9,1575,80d95a7f2f557b873450574268361d8bf1765ca3857421d0de81fadae9d0a188
1307,ord_dataset-ac78456835404910b3a4c840248b6ac9:ord-b90d746a457942399cfa3644a442ce99,ord_dataset-ac78456835404910b3a4c840248b6ac9,1693,c92277a4f07097d8580f778fbfa28bdbe37bfff47fa1cdb2807dcaeac5752359
1308,ord_dataset-ac78456835404910b3a4c840248b6ac9:ord-b924d89f80f34cb1b4ef286477f6f7ea,ord_dataset-ac78456835404910b3a4c840248b6ac9,638,f17f9654371020fbeb050217212c8914446e8b1da47c0e5543d956a4d749862d
1309,ord_dataset-ac78456835404910b3a4c840248b6ac9:ord-b92a5bf1b8d34c2faf3041fe910cf116,ord_dataset-ac78456835404910b3a4c840248b6ac9,937,f79d1470cb9fff77378882a477e1639d3a3a5cb38aa1fb3eddc02f12ee7ea8b0
1310,ord_dataset-ac78456835404910b3a4c840248b6ac9:ord-b96e3a702bc943cfaf87f5abc0cde3ee,ord_dataset-ac78456835404910b3a4c840248b6ac9,71,2890c3167ac14f90613f37b76e6b371d06f906411205cb9e485360c1acba7e60
1311,ord_dataset-ac78456835404910b3a4c840248b6ac9:ord-b978bb7a0ced423782642d5ee8f9a47a,ord_dataset-ac78456835404910b3a4c840248b6ac9,38,61f45e48f4c503057afaab516b259d1bad61213563d7d217566099863c7991aa
1312,ord_dataset-ac78456835404910b3a4c840248b6ac9:ord-b9b5641c805c464cb2c82dbe4159b7bd,ord_dataset-ac78456835404910b3a4c840248b6ac9,532,ab93801885425f3db06ed76ae57087bf6bcee03b21d7f6d140d057424a974853
1313,ord_dataset-ac78456835404910b3a4c840248b6ac9:ord-b9d1ee6fe4274ba4a6a19d535ae8060b,ord_dataset-ac78456835404910b3a4c840248b6ac9,316,1e5ccc8569d9761a760f3d331167df89b7f3cc198eba82f78163799c5ccbf56d
1314,ord_dataset-ac78456835404910b3a4c840248b6ac9:ord-b9d6f4b38fff4c19b7cf39a48c9f929c,ord_dataset-ac78456835404910b3a4c840248b6ac9,135,ab98c30dbf882c2790119aaa212e2c632764625f06bda7c13caeae98283e0b85
1315,ord_dataset-ac78456835404910b3a4c840248b6ac9:ord-ba02e83e35184bdc890854ca1d0f5f26,ord_dataset-ac78456835404910b3a4c840248b6ac9,1012,936270aa471460370a5eddcfc2a47e6e54338cc3c73e2326c8c374d5591f5b92
1316,ord_dataset-ac78456835404910b3a4c840248b6ac9:ord-ba21eca571e0409490aa9939ab36b39e,ord_dataset-ac78456835404910b3a4c840248b6ac9,1119,2802c07e9d8006e5b2d792aeb8dc6e7aaad347227c9a97d9ed9cafc91251b921
1317,ord_dataset-ac78456835404910b3a4c840248b6ac9:ord-ba49a8d591e64f4a81fcf92c3204c9d8,ord_dataset-ac78456835404910b3a4c840248b6ac9,7,6af96462b283d71d6160cf747085240e04043be29502f0239a9bea0cf09462f3
1318,ord_dataset-ac78456835404910b3a4c840248b6ac9:ord-ba7e408b567b4bdf9d7f0d0e87752f28,ord_dataset-ac78456835404910b3a4c840248b6ac9,605,36924ad44e8ee5581c7be8a44c8634dfdb438e459b7b1e8f0f842214d61c7556
1319,ord_dataset-ac78456835404910b3a4c840248b6ac9:ord-ba9e054521b24a94aa8d40f2c8afcf73,ord_dataset-ac78456835404910b3a4c840248b6ac9,800,2c89dce2bfa6ae4cf9e093a3f74af02a37e0c3cfa2b4b1243dacc27a23a44bb4
1320,ord_dataset-ac78456835404910b3a4c840248b6ac9:ord-baa0f1d4c56e4b1eb2973d5062822f0b,ord_dataset-ac78456835404910b3a4c840248b6ac9,321,52ea74947769260528fd21acc3da92e76d654728d4580d5390d36091a78f0c8d
1321,ord_dataset-ac78456835404910b3a4c840248b6ac9:ord-bad9a5d625604f3d8421f22d6ad95828,ord_dataset-ac78456835404910b3a4c840248b6ac9,1372,b4b361b01c5c2f1af66aa0ec61a6f2c455be95599822238d541cfba539aef2ee
1322,ord_dataset-ac78456835404910b3a4c840248b6ac9:ord-baf08892b7684ff6baa5314c2faf7b1b,ord_dataset-ac78456835404910b3a4c840248b6ac9,1524,71f53c47a881c518412c6126665f39d9cd0ba69ad1af631ea52c5da81e3b25b5
1323,ord_dataset-ac78456835404910b3a4c840248b6ac9:ord-bb2570afc08d4ede86fcdd13263f7796,ord_dataset-ac78456835404910b3a4c840248b6ac9,896,edbf53b61f912617b8aa182b16cd58ba858c6bfe538e886d8ceec42bd2755704
1324,ord_dataset-ac78456835404910b3a4c840248b6ac9:ord-bb2875498cff4b9181064ef3541a208b,ord_dataset-ac78456835404910b3a4c840248b6ac9,971,530d4bcd1d11043d63ef81c58ffa4995c044df9318c8cd5fa6cc45304f189140
1325,ord_dataset-ac78456835404910b3a4c840248b6ac9:ord-bb28d5feb54a4e46b26e673e6295ce89,ord_dataset-ac78456835404910b3a4c840248b6ac9,1344,b89d4263dcce3a799449d0418eff0391aa9e20f02f2347fc1d98956146595464
1326,ord_dataset-ac78456835404910b3a4c840248b6ac9:ord-bb3f8bcf12de4628a2f8b47960d41350,ord_dataset-ac78456835404910b3a4c840248b6ac9,1597,75608ac27a85a0bae70a749716a2288d6236ed44c2d07656a0664893d0d1a0c6
1327,ord_dataset-ac78456835404910b3a4c840248b6ac9:ord-bb935992269e445ba2a46aa960b9b105,ord_dataset-ac78456835404910b3a4c840248b6ac9,1046,c62f87e53b5c64ec95fc0407140494fa10dbf49d772fa9eb43dc06c424a86919
1328,ord_dataset-ac78456835404910b3a4c840248b6ac9:ord-bbbcad59eeff452baf021bb8ba6bf59e,ord_dataset-ac78456835404910b3a4c840248b6ac9,224,17faafd6e54c5eca8b38b39b477766063df45891b8966a137c4f5d0806a22250
1329,ord_dataset-ac78456835404910b3a4c840248b6ac9:ord-bc1a8909d79441698269a329b3b65ea3,ord_dataset-ac78456835404910b3a4c840248b6ac9,674,64e69aa124a909fcbd66dc91f3579d4cc7e364d3ba316b2a9100063ceb2da869
1330,ord_dataset-ac78456835404910b3a4c840248b6ac9:ord-bc2fcfbbfb9b408a9c25395857f1be99,ord_dataset-ac78456835404910b3a4c840248b6ac9,425,2bb388c4393826e01f8aeb41d2d56180f19662575f624322c6cc7d00b1a7cb76
1331,ord_dataset-ac78456835404910b3a4c840248b6ac9:ord-bc8c3f28d1bc41a4a2c252a3a10a014a,ord_dataset-ac78456835404910b3a4c840248b6ac9,1152,b04b313b41624258964716b587a0c405810397ff4626012d21d0032c47fa4f45
1332,ord_dataset-ac78456835404910b3a4c840248b6ac9:ord-bc8fe9481de44505b4417dd5b6de9948,ord_dataset-ac78456835404910b3a4c840248b6ac9,1025,c8e3aafafc03db6cac398d0d35479bdac979cab078b1dbb7ac343fd1fc12f66e
1333,ord_dataset-ac78456835404910b3a4c840248b6ac9:ord-bc9281a8e15e4daaae34edfed03fd3a0,ord_dataset-ac78456835404910b3a4c840248b6ac9,134,c60a9365cf2c3ffc7057b0ffeaef8c8750ab87ed64ae8b6edd9e3b26171fb931
1334,ord_dataset-ac78456835404910b3a4c840248b6ac9:ord-bcbf689dea5e4b1c87b772c58f4cef6a,ord_dataset-ac78456835404910b3a4c840248b6ac9,1162,55018d55c61c9ae147e927a74ef8d56af9406693f5bce6ef6d61daa00b7cf428
1335,ord_dataset-ac78456835404910b3a4c840248b6ac9:ord-bcef78ea53f0474e8271ec9dc03b00f5,ord_dataset-ac78456835404910b3a4c840248b6ac9,1151,21260d24132adcd7618a55878e5f13bb1fe2e59fe818cad62aa85d032e171f17
1336,ord_dataset-ac78456835404910b3a4c840248b6ac9:ord-bd0031166fdd4daf8b1382e19040d4e5,ord_dataset-ac78456835404910b3a4c840248b6ac9,385,8087866d5d5387f45374edd58a11d2f2f5645f0a08919ec5fa25273fb9514bff
1337,ord_dataset-ac78456835404910b3a4c840248b6ac9:ord-bd1bba61599c4825afd9ea23f59b2b16,ord_dataset-ac78456835404910b3a4c840248b6ac9,289,3350fee5d5d7fe42d6966ecff8f2a748c44fc84a94a922f91b9913d69bd451d4
1338,ord_dataset-ac78456835404910b3a4c840248b6ac9:ord-bd2dae28b6404f6f97aa00b2acf4d630,ord_dataset-ac78456835404910b3a4c840248b6ac9,1540,4f60b75b3c6adb232a3ccfbaf67ffdc64ba3837ce596a62abb29ac9a1cfd6f46
1339,ord_dataset-ac78456835404910b3a4c840248b6ac9:ord-bd4ad18bf2e74c83b44d14f220044553,ord_dataset-ac78456835404910b3a4c840248b6ac9,1523,1ca32df5a4804e577be4879935cecec2cb666d7d21561edb6184a03a3ba38947
1340,ord_dataset-ac78456835404910b3a4c840248b6ac9:ord-bd82d79beed1448cbc733f7b1531ebc1,ord_dataset-ac78456835404910b3a4c840248b6ac9,292,580228e3217a5e95a72c88c66864235eeeb61a1b563eecfe967b405040c88d00
1341,ord_dataset-ac78456835404910b3a4c840248b6ac9:ord-bd99e43ca30143c2afb4a414db20cb50,ord_dataset-ac78456835404910b3a4c840248b6ac9,573,4b9b59a099ca73d7cf34002631d4aead8a0c451a63042d0e3cae291cf2f1c884
1342,ord_dataset-ac78456835404910b3a4c840248b6ac9:ord-bd9f07f07fe341218e59144989d669bf,ord_dataset-ac78456835404910b3a4c840248b6ac9,323,4f4e469a32b469f47acf16f30e045364c9b62caa571fa6deaf8fee16f6919167
1343,ord_dataset-ac78456835404910b3a4c840248b6ac9:ord-bdaa65732c0445a6ae284a371c636275,ord_dataset-ac78456835404910b3a4c840248b6ac9,164,ae5b669c94f866325c82d48fc93fa60672aab9ed9390ff5e3e9a2600c01fb0fc
1344,ord_dataset-ac78456835404910b3a4c840248b6ac9:ord-bdb2bec4d2334306b11c0cd78feff1cf,ord_dataset-ac78456835404910b3a4c840248b6ac9,1506,63295424f2e9f9889e8aa5d970a6c89bcfee478a3b1aadc06223c4829ea3d3c4
1345,ord_dataset-ac78456835404910b3a4c840248b6ac9:ord-bf0ea55bfd374bd1ba15e59cee5b44bf,ord_dataset-ac78456835404910b3a4c840248b6ac9,1186,3d7d186ff9e70c3681f92d045102841f30825d0e778a2b84ec42c4168df8db2f
1346,ord_dataset-ac78456835404910b3a4c840248b6ac9:ord-bfa92f2dc6724ec48e215fa672c5f6d5,ord_dataset-ac78456835404910b3a4c840248b6ac9,926,04cd319cd9e66b505cbaf748d99149b49229cac4b5c9b41c845880ed121bcaa6
1347,ord_dataset-ac78456835404910b3a4c840248b6ac9:ord-bfda0df2cae3419bba3a5a9a021dbd51,ord_dataset-ac78456835404910b3a4c840248b6ac9,1710,ef5f5064a419c50c9252f912f3331f3394f87dcbcde5f3ace94bee8d65076a1b
1348,ord_dataset-ac78456835404910b3a4c840248b6ac9:ord-bffabebe86e745d59fcef5c524404b10,ord_dataset-ac78456835404910b3a4c840248b6ac9,1183,1c295ae81e7fd8493881335131518f5d2b4f7af880f5382e84e5116142ec292f
1349,ord_dataset-ac78456835404910b3a4c840248b6ac9:ord-c021e66a172f43ffb1f89b0546127255,ord_dataset-ac78456835404910b3a4c840248b6ac9,1255,001a6d22340473e5b66329487ba163077113e69fc748939f52106f5f6b9e6921
1350,ord_dataset-ac78456835404910b3a4c840248b6ac9:ord-c0b1d02eaaa5438e83b121cd06d74f49,ord_dataset-ac78456835404910b3a4c840248b6ac9,1652,fdc27ddc5403e1b439a6a03ec47c52e49c46c209f3e8c74f03af2d09a2c14c42
1351,ord_dataset-ac78456835404910b3a4c840248b6ac9:ord-c0fe5721ab684efbb952c1f91e409bf6,ord_dataset-ac78456835404910b3a4c840248b6ac9,504,6380b3d1f13656f9ce4748df5421f52d0852ca1104030e2d93fcec8bc25f3a24
1352,ord_dataset-ac78456835404910b3a4c840248b6ac9:ord-c103cc893a2a4f50890ddc834eb4a6b9,ord_dataset-ac78456835404910b3a4c840248b6ac9,556,df5f8c1afcd7108fc46e1cf75ea678d8ff56bfa686ca4dc29a629daa396526ca
1353,ord_dataset-ac78456835404910b3a4c840248b6ac9:ord-c12410af6a864dd8bac9a24c26d2d0a3,ord_dataset-ac78456835404910b3a4c840248b6ac9,1134,4d819bb3871987a2ec4ac165e6d88f0ff69123441add3c89603fd1d41540dfd6
1354,ord_dataset-ac78456835404910b3a4c840248b6ac9:ord-c1245a7fac2a4964ba1222b2bddd2839,ord_dataset-ac78456835404910b3a4c840248b6ac9,1057,edca8f242e0543c87622fcd0e7357d068a8b3113345dfe4ba7b6962ca530b543
1355,ord_dataset-ac78456835404910b3a4c840248b6ac9:ord-c1c390a10fde452cb8ea5ea0c3214559,ord_dataset-ac78456835404910b3a4c840248b6ac9,1584,97b32ac2aac33b9fdba9db11573a8a624eba7e2d62f0f700f01d120d05a4e6aa
1356,ord_dataset-ac78456835404910b3a4c840248b6ac9:ord-c20f9abd25774301aade5a17a15ca430,ord_dataset-ac78456835404910b3a4c840248b6ac9,1359,fa09ed4420a50ff45fada8c771b608e38a5dc22f7cd93a3e15d81a7edace378e
1357,ord_dataset-ac78456835404910b3a4c840248b6ac9:ord-c25440b5e1ba4330875ff604db6db610,ord_dataset-ac78456835404910b3a4c840248b6ac9,67,fe5d3e391a8e2ff8f2000bcae1c4ae40c9011f628f9a349365dcec5f56efc4c4
1358,ord_dataset-ac78456835404910b3a4c840248b6ac9:ord-c25a6558e0aa4abc80e6145c297e4892,ord_dataset-ac78456835404910b3a4c840248b6ac9,1130,abb45ec8bbf6b40de3f0925461fb22579ca8efc6bcb6784ef12b4818d6ab7a4a
1359,ord_dataset-ac78456835404910b3a4c840248b6ac9:ord-c296979a88b443cb803beb455a27a39e,ord_dataset-ac78456835404910b3a4c840248b6ac9,841,0492a1e89e5d5ce2d1f8c05d7849acd43e9302f3722869a9cb1e7264842fb6ae
1360,ord_dataset-ac78456835404910b3a4c840248b6ac9:ord-c2da1980529c4c04bc52fed495c5e3c8,ord_dataset-ac78456835404910b3a4c840248b6ac9,1476,cc44a0fdb5431d3385bbf97c338b222a36e4d9c48e7016009839b543ad847295
1361,ord_dataset-ac78456835404910b3a4c840248b6ac9:ord-c2f62badea0a45b0849e16d41c14bc6a,ord_dataset-ac78456835404910b3a4c840248b6ac9,16,7d54f8fe4c427416866e3a2e5809197364a51fd230c5c11dbc49fd56f54a057c
1362,ord_dataset-ac78456835404910b3a4c840248b6ac9:ord-c3257a4e6e1d48cc9c3a09b82d2b29df,ord_dataset-ac78456835404910b3a4c840248b6ac9,1087,16f99b7e79c8475176faffc90ec74b908529d2fa7e9fd5d2f9b11ca93676f85c
1363,ord_dataset-ac78456835404910b3a4c840248b6ac9:ord-c342abee202941faac3bbfbc700c09b5,ord_dataset-ac78456835404910b3a4c840248b6ac9,1200,4746cac98e273e3a2a75b806242edc173f94691ef15e8fda3588c8cb283dc2d5
1364,ord_dataset-ac78456835404910b3a4c840248b6ac9:ord-c37e351d57ce449e89e22c421b5ae1d1,ord_dataset-ac78456835404910b3a4c840248b6ac9,37,9142daa1958a3fc2f34da6196529355663f028479f190a04090f41cb3e3a7412
1365,ord_dataset-ac78456835404910b3a4c840248b6ac9:ord-c383a939a408406bbd8c21d11a2f58b9,ord_dataset-ac78456835404910b3a4c840248b6ac9,280,b82ab4cddfab69480e1c0b52bb4a079b34145b8b219827a7d9a68426710665b9
1366,ord_dataset-ac78456835404910b3a4c840248b6ac9:ord-c39e041b138240969603706e8c9e1c76,ord_dataset-ac78456835404910b3a4c840248b6ac9,754,7d20c9bb7456ebe3f6402e0145b671addcc45ece34e4a2dd33e134b6cedcc002
1367,ord_dataset-ac78456835404910b3a4c840248b6ac9:ord-c3c171d2cc0f45e2a78f66b805522744,ord_dataset-ac78456835404910b3a4c840248b6ac9,884,78acd423d59864ed42d0b83a6f0998961b4103fde2ea584b0183fd70912d38ee
1368,ord_dataset-ac78456835404910b3a4c840248b6ac9:ord-c45262b98436430b81072b03c5eef950,ord_dataset-ac78456835404910b3a4c840248b6ac9,1235,a5d607111d369f5cc0bf547f40d7cb6686fab37a5bebd06f343588a52272783a
1369,ord_dataset-ac78456835404910b3a4c840248b6ac9:ord-c4629b60ea704a32a48361466a1c9e1f,ord_dataset-ac78456835404910b3a4c840248b6ac9,860,60427d903b661794f0961edcdbc6911b977a1a17da6a32001f5ca756bf79348c
1370,ord_dataset-ac78456835404910b3a4c840248b6ac9:ord-c468f1def5d04a29b0fae183b80b73da,ord_dataset-ac78456835404910b3a4c840248b6ac9,1660,5a22af43ca05ff0109b59f8d089ea89b2064774ae152090d65634f7ab0a8bb6f
1371,ord_dataset-ac78456835404910b3a4c840248b6ac9:ord-c47c6c8c4c704f4fb7cb11be60fd8ba7,ord_dataset-ac78456835404910b3a4c840248b6ac9,590,86ad911d4166e7ce5aeef15b5f7fb1f871fe85eea2de1c6f817275967590e6ab
1372,ord_dataset-ac78456835404910b3a4c840248b6ac9:ord-c47f1e1e1cdc4922bd0779dd2fe8be44,ord_dataset-ac78456835404910b3a4c840248b6ac9,236,0fac64193ddd09012beda761022bab4eb5d8ed57842472aa442ca6517ad72179
1373,ord_dataset-ac78456835404910b3a4c840248b6ac9:ord-c4aeac00a59d4afb8ccaddd6674b166b,ord_dataset-ac78456835404910b3a4c840248b6ac9,25,c76e0a3d38ed7086e9af5f7e30b069a584eaaee0c189be8933f6e84d30e74e0b
1374,ord_dataset-ac78456835404910b3a4c840248b6ac9:ord-c4afc93e0f834c77b3de0ba9cdcb2e9f,ord_dataset-ac78456835404910b3a4c840248b6ac9,288,98f3478dfff920c237846a087570eff42a0f8df6ae7929b8d7e2812ac95fb607
1375,ord_dataset-ac78456835404910b3a4c840248b6ac9:ord-c4c6b16ed2574179bb4b7d264927410c,ord_dataset-ac78456835404910b3a4c840248b6ac9,1010,473df623f096823b90ba097a47b85be1b2767e0e950b4e90ae836a01c49a524a
1376,ord_dataset-ac78456835404910b3a4c840248b6ac9:ord-c4c7c412863d4c5885ec507ecaa6a4c5,ord_dataset-ac78456835404910b3a4c840248b6ac9,58,afd73803e93fe33c17787d3b8b2d856b6fc3d458f3deff408e776cfeb3503936
1377,ord_dataset-ac78456835404910b3a4c840248b6ac9:ord-c4cb51df923544f2a16a88f74719878f,ord_dataset-ac78456835404910b3a4c840248b6ac9,1475,0ce98f74e6298b82358adc0a1489e58ebe699d8b8d24f44ed9404da1595173eb
1378,ord_dataset-ac78456835404910b3a4c840248b6ac9:ord-c4d255a128d54da7852265611e16b1b9,ord_dataset-ac78456835404910b3a4c840248b6ac9,776,0fdddb4327cb4d5a686f911b9f14b5f0c847ab674d432923e0ac8d03c4236917
1379,ord_dataset-ac78456835404910b3a4c840248b6ac9:ord-c5162bff83064874ade25e1701d3f4a8,ord_dataset-ac78456835404910b3a4c840248b6ac9,423,0a0c135799e64914dba9304306ff9c70f1074c1f2418038af5c7c39237ddeb2e
1380,ord_dataset-ac78456835404910b3a4c840248b6ac9:ord-c5904fdec4ce4421846067a35ddd4c5c,ord_dataset-ac78456835404910b3a4c840248b6ac9,1113,4a5060070d12ace6bc20697f3337d892c9f2c5ae64814a9a62264cddab9b3087
1381,ord_dataset-ac78456835404910b3a4c840248b6ac9:ord-c5c12c9b6eef4f3eb0f82d62aa6494e2,ord_dataset-ac78456835404910b3a4c840248b6ac9,1210,2d6d7b5111b63ade6e4f3108cf2a5c1b2bb85cfee98a61dc5ec7b024c9e31fa2
1382,ord_dataset-ac78456835404910b3a4c840248b6ac9:ord-c5cd31d9fd804aabac2e7f0fd32a3b5e,ord_dataset-ac78456835404910b3a4c840248b6ac9,691,e807177c4727877e7e1ab2f1972078e0bd42d7f41baa900d2d66ea725f199eb3
1383,ord_dataset-ac78456835404910b3a4c840248b6ac9:ord-c605156113cd4bb682482ed82e4843f0,ord_dataset-ac78456835404910b3a4c840248b6ac9,602,3b1054bbb7ce8baa3f9acff0e8a0b8d03def88f2aab1d342398aaadedb994565
1384,ord_dataset-ac78456835404910b3a4c840248b6ac9:ord-c6111a289c4f4f9d9e57f304e4ac19c2,ord_dataset-ac78456835404910b3a4c840248b6ac9,373,51823c0f7301568d544a3219351e51c10de223ac4f2703d938845132f95c3fb6
1385,ord_dataset-ac78456835404910b3a4c840248b6ac9:ord-c64f2858d9014941b8a604170fe2d889,ord_dataset-ac78456835404910b3a4c840248b6ac9,411,1b4addaf41325711107417303ab04fadd81978009732e9581564e6c5fb30aa28
1386,ord_dataset-ac78456835404910b3a4c840248b6ac9:ord-c672c24f38ad47cd83db14c570c60c48,ord_dataset-ac78456835404910b3a4c840248b6ac9,1192,93e9ad06e487a60f5a4abf90b12fa51f5843be53ae91f4b99c541b3204a87d5f
1387,ord_dataset-ac78456835404910b3a4c840248b6ac9:ord-c68264aa84ab4bf7baafe56226a6bdd4,ord_dataset-ac78456835404910b3a4c840248b6ac9,1355,bc5f3ea9353e5021ad0bc64308434b673651ece73478d0b59b3be5edd3173120
1388,ord_dataset-ac78456835404910b3a4c840248b6ac9:ord-c69261fad11d450fab8408281729f118,ord_dataset-ac78456835404910b3a4c840248b6ac9,646,746d0025076ae7daa611645a8f9c4054e6ca3f489361e4a1b7fa243a918f2def
1389,ord_dataset-ac78456835404910b3a4c840248b6ac9:ord-c694341b6c8540a9b1b888d7975be156,ord_dataset-ac78456835404910b3a4c840248b6ac9,500,bec695275391a6fe1b9d0e7bdd16259a1959c0ed708aecbeb5630100862621c7
1390,ord_dataset-ac78456835404910b3a4c840248b6ac9:ord-c6f289932d1b464699dcc5bde825ed89,ord_dataset-ac78456835404910b3a4c840248b6ac9,682,de8132f6f68e5ebb0bfadf9feb1065394976bd3a3b2d8bce32168134cb3d30c6
1391,ord_dataset-ac78456835404910b3a4c840248b6ac9:ord-c7006b52b1034d0c812e8c57f13f6325,ord_dataset-ac78456835404910b3a4c840248b6ac9,106,02ff1bb7ed8083d1acfefa9e1b7c55ccde2c2fc1e0a8de11f1f76e61e9994dc6
1392,ord_dataset-ac78456835404910b3a4c840248b6ac9:ord-c70789054469414594650da3216c45f2,ord_dataset-ac78456835404910b3a4c840248b6ac9,505,076a4f205cab1561e1adb1cad2e597d4b9fb4a6525983a00377ae60bc2749c02
1393,ord_dataset-ac78456835404910b3a4c840248b6ac9:ord-c71e41370e1447fcb8560d4469bf4e9e,ord_dataset-ac78456835404910b3a4c840248b6ac9,1155,87a369b5b4ef4315af37ed40cd9ed48e213b1c3be3528015ff9f9fa5f5daaddf
1394,ord_dataset-ac78456835404910b3a4c840248b6ac9:ord-c752160bba3540d799c29bf0953762d3,ord_dataset-ac78456835404910b3a4c840248b6ac9,1599,de4f2131ebb598358fcf8116db9bf0a9301428e59c79edc16a322dc689435011
1395,ord_dataset-ac78456835404910b3a4c840248b6ac9:ord-c75c46298a6b49e88ebf07f39d9ef131,ord_dataset-ac78456835404910b3a4c840248b6ac9,427,e5362051332835be724d1faecddd3d207eab892c30d4c5d54830159331de9250
1396,ord_dataset-ac78456835404910b3a4c840248b6ac9:ord-c76a5fc584d4422486cd95eb1fe671fb,ord_dataset-ac78456835404910b3a4c840248b6ac9,540,b95ddfb3b3c49e7f5d18919531d21d5dc94ec14d4feced9909552b5730ae83cd
1397,ord_dataset-ac78456835404910b3a4c840248b6ac9:ord-c7b4a653c2304aedb5a3a65c00f6d9cb,ord_dataset-ac78456835404910b3a4c840248b6ac9,974,06a16ba50819b67f3cd71872a60653bc7b71d4bf65271d6cbd4f9d9752646318
1398,ord_dataset-ac78456835404910b3a4c840248b6ac9:ord-c7bf667e7ec1443cbeca898beb7ca76f,ord_dataset-ac78456835404910b3a4c840248b6ac9,81,702df8622f5e266cc2d2f936e93d91d4cc67bd508aefa06ed708239a45e11e8b
1399,ord_dataset-ac78456835404910b3a4c840248b6ac9:ord-c7c3e1e33bc64ffc8589479b6674d74d,ord_dataset-ac78456835404910b3a4c840248b6ac9,285,e1ac969cc7fd66e9fa98ae54b7702153706a0545d800111e60eef7cd59254743
1400,ord_dataset-ac78456835404910b3a4c840248b6ac9:ord-c83bb6dedd0748588b634134cd3738c5,ord_dataset-ac78456835404910b3a4c840248b6ac9,1399,085f7ba78fa779d547a7e28e81fc1f1aa45e588c2cac5aa4348ab003b80d273b
1401,ord_dataset-ac78456835404910b3a4c840248b6ac9:ord-c8e56b49444543a2ab29726f7f8a0386,ord_dataset-ac78456835404910b3a4c840248b6ac9,161,20364991496826dd8d3e98d27385e52ef60c2c493c4861d6e593bf5be41e7aac
1402,ord_dataset-ac78456835404910b3a4c840248b6ac9:ord-c96925b8f92c4198b9df9e2145a8d1a4,ord_dataset-ac78456835404910b3a4c840248b6ac9,449,6652dc6a3684bfd5d4fa23d6434259e43d7758a28318fcbc57335ce6e609a2ec
1403,ord_dataset-ac78456835404910b3a4c840248b6ac9:ord-c9957c3707b744d589c9ea1596aad7c5,ord_dataset-ac78456835404910b3a4c840248b6ac9,1630,0ad700e2052ffe10c1c166fa3e74e536fa003c67cc4c87de05e21900b3ff5add
1404,ord_dataset-ac78456835404910b3a4c840248b6ac9:ord-c9986a560ebc4778bff36799e8476d56,ord_dataset-ac78456835404910b3a4c840248b6ac9,1028,9544edf558d3d15e3963ea44c3127a5fd5aec1d09c139c9f3b86dd98c88fcebb
1405,ord_dataset-ac78456835404910b3a4c840248b6ac9:ord-c9d9c615650746feabcc231d01c0bd62,ord_dataset-ac78456835404910b3a4c840248b6ac9,1095,06968d01832d6f0d432c2d90267b8f3fff056fbe1ee40af9d872cf24c0b842d9
1406,ord_dataset-ac78456835404910b3a4c840248b6ac9:ord-c9de7429bd0e4279849ae713055dae12,ord_dataset-ac78456835404910b3a4c840248b6ac9,706,45e2716154a73bee1ebc2cef8bb45b4e99f080aadb1f45feb2fa71d347c7de6a
1407,ord_dataset-ac78456835404910b3a4c840248b6ac9:ord-ca257e7428db496ea9d77a87e5c87a85,ord_dataset-ac78456835404910b3a4c840248b6ac9,936,bdf33986bb3e43361574fa660f5ec181996ad581217b93c7a6dbf4ee78a1654b
1408,ord_dataset-ac78456835404910b3a4c840248b6ac9:ord-ca27730c74db4c3baffbd1697ba28ae3,ord_dataset-ac78456835404910b3a4c840248b6ac9,1684,e4839e883bcfc7bf067449e4f2499c3a7d490be09a065316858067a17e607a44
1409,ord_dataset-ac78456835404910b3a4c840248b6ac9:ord-ca28868dee1f4c6aa77c13604d940043,ord_dataset-ac78456835404910b3a4c840248b6ac9,779,4cb22f515267a93287f8ed68a0b3ca576f8014629b25865f8316d6afc860423f
1410,ord_dataset-ac78456835404910b3a4c840248b6ac9:ord-ca3b6f6cd94f48b79be9ecdac7585b7a,ord_dataset-ac78456835404910b3a4c840248b6ac9,954,037cfd65f0aac5c02969861ed94f16139bd5f9b5d873fd4d4f402ab799aed52c
1411,ord_dataset-ac78456835404910b3a4c840248b6ac9:ord-cab50f00e96b40a1973329ef5799e0bb,ord_dataset-ac78456835404910b3a4c840248b6ac9,1170,aa0ed73139a3db8aa38a409be07861c54d601e23bc9f1e1e1cba93499b783feb
1412,ord_dataset-ac78456835404910b3a4c840248b6ac9:ord-cadebde46b6d47c49227aa768115dd87,ord_dataset-ac78456835404910b3a4c840248b6ac9,559,03fe76465f8b5c05865c386399124723e5d5cb6ba89e85447203f302756fe8f8
1413,ord_dataset-ac78456835404910b3a4c840248b6ac9:ord-cae04549f0174e40b24ec9206d345cd6,ord_dataset-ac78456835404910b3a4c840248b6ac9,1284,6886d00035a2e5155bae711ff3aa325fa2703fac61c3e0be3b7dddbfe3fd7521
1414,ord_dataset-ac78456835404910b3a4c840248b6ac9:ord-cb1fe6165cb0409f8ea2410e584e8eac,ord_dataset-ac78456835404910b3a4c840248b6ac9,1238,e60b7d2b83b1121f18c4692da3b2cda53d5b1bfa08345298184291fdfa4d9854
1415,ord_dataset-ac78456835404910b3a4c840248b6ac9:ord-cb734ab9d0034dc99ce1c8c57ff8ed27,ord_dataset-ac78456835404910b3a4c840248b6ac9,96,5a854271c5a05dcc0aabe027246b001fde6b58edab5b18e6b1a3d8423999e4e5
1416,ord_dataset-ac78456835404910b3a4c840248b6ac9:ord-cb97c558bca4485c8bba164d04751bb7,ord_dataset-ac78456835404910b3a4c840248b6ac9,663,573bbe5a96a78c03980057d81a8c65ca3ca5455d893576628d56bbb4b5fc8431
1417,ord_dataset-ac78456835404910b3a4c840248b6ac9:ord-cc41db5f3bb54ad2a3879881318f158f,ord_dataset-ac78456835404910b3a4c840248b6ac9,107,caf01494b2552487b2ba07587221adb7d6523d4736b3cbfeaab0f94ccc298c03
1418,ord_dataset-ac78456835404910b3a4c840248b6ac9:ord-cc810f699a8848d3a1626e4165791dda,ord_dataset-ac78456835404910b3a4c840248b6ac9,1169,f6ceda463967bec235b81ba7dcc2557b15d5075ae25f63bba54123b10b8a83c9
1419,ord_dataset-ac78456835404910b3a4c840248b6ac9:ord-cc9718d6ef2c42c58969d4522c783894,ord_dataset-ac78456835404910b3a4c840248b6ac9,472,211323ea83d667f64c392ef415c588615bf50f9bc04eaed0649af50a50475e06
1420,ord_dataset-ac78456835404910b3a4c840248b6ac9:ord-cc9eb0aba0e74eebb2632a3926d10fb5,ord_dataset-ac78456835404910b3a4c840248b6ac9,476,8179aecefe4a0ecfc166ce820048ef60213c04bf5bd3c88e74bc8323ec3b2c19
1421,ord_dataset-ac78456835404910b3a4c840248b6ac9:ord-ccd729927c8b449daa2a49bd5d4cb3fb,ord_dataset-ac78456835404910b3a4c840248b6ac9,1339,4a89670a23ea82d376c21f74adeffe6c4cbc43b0d942759520becbe25d8cb02d
1422,ord_dataset-ac78456835404910b3a4c840248b6ac9:ord-cd05dda6e69841db808fbf1394d8e184,ord_dataset-ac78456835404910b3a4c840248b6ac9,1382,a5e2040282a33237da36380c545a438d4ebb75821b55caf5a5fe61bf22fc41d0
1423,ord_dataset-ac78456835404910b3a4c840248b6ac9:ord-cd075047874648c6951d871578565e07,ord_dataset-ac78456835404910b3a4c840248b6ac9,728,dda52b7595172b911491c50b9f81f516ba056c4bdc2c6dbf23182154b6e2bd7f
1424,ord_dataset-ac78456835404910b3a4c840248b6ac9:ord-cd1e0eb290244ba2a171ecbceba99f7b,ord_dataset-ac78456835404910b3a4c840248b6ac9,1048,25a0e187061f2065a9a4347031b2a3bd524d9e294b3ccbdd1b94d78ff5d7a302
1425,ord_dataset-ac78456835404910b3a4c840248b6ac9:ord-cd606da3e6294b5cad6c47c8f64588b7,ord_dataset-ac78456835404910b3a4c840248b6ac9,355,c6837c60b54f7b06e386c5597692728c6bd4486c0fcdc1084342408567947c67
1426,ord_dataset-ac78456835404910b3a4c840248b6ac9:ord-cd650a741476477f867141f0820f6866,ord_dataset-ac78456835404910b3a4c840248b6ac9,44,0281e6dd008b126f8f46e817cac10c007315a667adeccf12b137b164761e26f8
1427,ord_dataset-ac78456835404910b3a4c840248b6ac9:ord-cd8b650ad7e2418fbd3537cf488f36c0,ord_dataset-ac78456835404910b3a4c840248b6ac9,1633,cbdefc11de367dd53ae43cb63a21f272d479a0aa7641e10fdd72fa18a97390f5
1428,ord_dataset-ac78456835404910b3a4c840248b6ac9:ord-cda8b78dbf424d558927985d6876e22c,ord_dataset-ac78456835404910b3a4c840248b6ac9,606,085a9c8f789a43783e3d85a3243898859beacbeb56470e9b869cce4f028cc3e3
1429,ord_dataset-ac78456835404910b3a4c840248b6ac9:ord-cddc05745e254dc19c54f9d1caf5c75f,ord_dataset-ac78456835404910b3a4c840248b6ac9,169,e9199169bec867dbb3b2ba2b635d9b98c2d99ed0ddbe92af8f6732674e9369a2
1430,ord_dataset-ac78456835404910b3a4c840248b6ac9:ord-ce0115d9bfc24fcf879429b3735d6432,ord_dataset-ac78456835404910b3a4c840248b6ac9,1543,573e68f39236c04c98e82d54859b1de733eb9030b1b9f3b0d3ae22d3eb265267
1431,ord_dataset-ac78456835404910b3a4c840248b6ac9:ord-ce3405f1d2a54125a18ed671deedff81,ord_dataset-ac78456835404910b3a4c840248b6ac9,515,b31bf5a7c9e2c663cc95d05425090ce725f8be9a4be510b98e86e0dc89a93e39
1432,ord_dataset-ac78456835404910b3a4c840248b6ac9:ord-ce66cd19fc3d4d60875f6cc3073769f3,ord_dataset-ac78456835404910b3a4c840248b6ac9,551,7ec4c885bc37b3cc82a4e2d6fbdc6dd0754c76828eec927ef4a9cc7ccc5326d1
1433,ord_dataset-ac78456835404910b3a4c840248b6ac9:ord-cee57df7f96b4a86aba3b7a519a736fa,ord_dataset-ac78456835404910b3a4c840248b6ac9,1306,9bdeb90a5cd9fe840a6330f68323f588514b8a2a595572e20db6b741d6eb4142
1434,ord_dataset-ac78456835404910b3a4c840248b6ac9:ord-cefa540e3af148ae9d953d6ce58e1be0,ord_dataset-ac78456835404910b3a4c840248b6ac9,345,d8b1d33a8991432ac1c974e757904b76046c0872b5db495d23057625d4d2d547
1435,ord_dataset-ac78456835404910b3a4c840248b6ac9:ord-cf31718b8d514e29a6aa53408c8bae89,ord_dataset-ac78456835404910b3a4c840248b6ac9,862,343d3397ca973060d08f3407c173a959949cd6e4e9f877ce81fb2e7b702fe5e0
1436,ord_dataset-ac78456835404910b3a4c840248b6ac9:ord-cf465e03e77148cca35b77b26ffae900,ord_dataset-ac78456835404910b3a4c840248b6ac9,199,bf358abb864bb31671367bf2586097792f45237569627ca3d12e3751f6474aa8
1437,ord_dataset-ac78456835404910b3a4c840248b6ac9:ord-cf908185ac324229b96645f018105665,ord_dataset-ac78456835404910b3a4c840248b6ac9,1603,c615a7d51e476afe13ecf56a523ca780483b68425516a423932dd7d36112571f
1438,ord_dataset-ac78456835404910b3a4c840248b6ac9:ord-cfb13a8b4985497b9e893269d274762d,ord_dataset-ac78456835404910b3a4c840248b6ac9,948,14f588a4612b4147988331f36c42676556fd230240b2703e18ec220e09d06b63
1439,ord_dataset-ac78456835404910b3a4c840248b6ac9:ord-cfc1d34be7a2462583ab229d63ff7580,ord_dataset-ac78456835404910b3a4c840248b6ac9,1338,69a570240689f4264ecedf799fe22768cd37c4ff08a15eb4a6d85c91f0ca86eb
1440,ord_dataset-ac78456835404910b3a4c840248b6ac9:ord-d05041b16e4d4bfea8d37aad557690fc,ord_dataset-ac78456835404910b3a4c840248b6ac9,607,65730451668ed86fb803b0df25ec8e844e5f37fd89e6c64270824cf2faccd47c
1441,ord_dataset-ac78456835404910b3a4c840248b6ac9:ord-d063b995f3e649cba962f8bd113f3159,ord_dataset-ac78456835404910b3a4c840248b6ac9,1639,cc8adb505657f44cc46eea011f6a7d11a4eccb96c6f91b9e774e900b678857a0
1442,ord_dataset-ac78456835404910b3a4c840248b6ac9:ord-d077635d60c34c68bed6069896c95afd,ord_dataset-ac78456835404910b3a4c840248b6ac9,405,fee3eaf8e44f11e0a2abccde9dcbe5383d40cadbe5a83356268ac4a952c8eb59
1443,ord_dataset-ac78456835404910b3a4c840248b6ac9:ord-d085e642687f4a9badd65e7eac59edd4,ord_dataset-ac78456835404910b3a4c840248b6ac9,4,b3d55bf075102a425155616b655acef17e613e661ffc4d8f68f204f686408e70
1444,ord_dataset-ac78456835404910b3a4c840248b6ac9:ord-d0b76e705bd547d89e916e7afab0bc58,ord_dataset-ac78456835404910b3a4c840248b6ac9,702,989c9a6eb5ae6bba02e9012354e231aa62d7bfe22f8d852e48db1124cf4e369a
1445,ord_dataset-ac78456835404910b3a4c840248b6ac9:ord-d0c49fcd9ddc47e1908781518fbff2c2,ord_dataset-ac78456835404910b3a4c840248b6ac9,1609,a92f5dbf239787b3484025aea86f68eae3653e8eb955f7adafeeadb409d8c8d6
1446,ord_dataset-ac78456835404910b3a4c840248b6ac9:ord-d104fca9d8be44fdab5252abbf8a2022,ord_dataset-ac78456835404910b3a4c840248b6ac9,1209,58743d9ad39016f565f5b3583e5ee25c759257873b8632d284a90e0d118152db
1447,ord_dataset-ac78456835404910b3a4c840248b6ac9:ord-d13541bf4ae544868c8d8ddb7299acc7,ord_dataset-ac78456835404910b3a4c840248b6ac9,352,ea53f4545d7cada99d3d0249ac572ae46b1371bcb584ca49c1d3e3a55a87ec72
1448,ord_dataset-ac78456835404910b3a4c840248b6ac9:ord-d142eb7b818b48c58ee68c62f38a32da,ord_dataset-ac78456835404910b3a4c840248b6ac9,887,d5cece22fed68e726694503c331380c689255beb42c4bcfef16e9c42f6bfb18d
1449,ord_dataset-ac78456835404910b3a4c840248b6ac9:ord-d1c5bbe632f54d36bf0becb85acf57ab,ord_dataset-ac78456835404910b3a4c840248b6ac9,818,35542f7f2c9d9eac85f6d1a9721bb9e4b47e358f4871759c3698a866139d31ee
1450,ord_dataset-ac78456835404910b3a4c840248b6ac9:ord-d1f6c1f33f3749f98ea3776ef39f60cd,ord_dataset-ac78456835404910b3a4c840248b6ac9,1412,4d4481e53d8afadae63b5e454c8af2d057b1f60ffada5ab60523543a9ab6254a
1451,ord_dataset-ac78456835404910b3a4c840248b6ac9:ord-d265e90e46464d8ea6de91b07c652a0d,ord_dataset-ac78456835404910b3a4c840248b6ac9,1403,475a4f0272d21837ef018553c9799478bb650d5fd05b5157f87832092308f1b0
1452,ord_dataset-ac78456835404910b3a4c840248b6ac9:ord-d2772d06fd044205be7c786aa3ccc08b,ord_dataset-ac78456835404910b3a4c840248b6ac9,753,71793286f4893d5589c0502ad10220a6097a6415a1e0bf57061d8818b0ab64ba
1453,ord_dataset-ac78456835404910b3a4c840248b6ac9:ord-d2a23cd1d01242c7a83cdf1b81beaff8,ord_dataset-ac78456835404910b3a4c840248b6ac9,1653,ad49f656ee20dd91a5a9cd7b9c581b1107b36dbbbdfa16efaf4f190fcf2be1c1
1454,ord_dataset-ac78456835404910b3a4c840248b6ac9:ord-d2b7b7ff5554487cb2c65f8595b93dfd,ord_dataset-ac78456835404910b3a4c840248b6ac9,1676,b25612cabf2e7ed2b3aacaf5718cc77e6ca3971fc723ec5fc125a0d7be6a1968
1455,ord_dataset-ac78456835404910b3a4c840248b6ac9:ord-d315209ee123433aa475bcd8baa31c1b,ord_dataset-ac78456835404910b3a4c840248b6ac9,820,de7de9a0c070864a7373d521ade0c04767421ef4644741746245578aaba6eb4d
1456,ord_dataset-ac78456835404910b3a4c840248b6ac9:ord-d35f03b7b1e74d698a1b18be42fc2d8d,ord_dataset-ac78456835404910b3a4c840248b6ac9,1635,c4e76447ba9f004ba5a9b0b0e2026c3910f001a8fec9381454e82e26d71a94c2
1457,ord_dataset-ac78456835404910b3a4c840248b6ac9:ord-d3989f247b824a58af75155f1279e2ab,ord_dataset-ac78456835404910b3a4c840248b6ac9,1388,a0c0f8e4ed2d5adad3c568b84e6dc6db8adff044e7c4b8b3ed9f59da92311384
1458,ord_dataset-ac78456835404910b3a4c840248b6ac9:ord-d3aada9918a040548789a2da99543cac,ord_dataset-ac78456835404910b3a4c840248b6ac9,1419,0b11f6b29080caa88766bad813eb53ea687e87c79269cc1ade524d777e4f8f11
1459,ord_dataset-ac78456835404910b3a4c840248b6ac9:ord-d445f5ea94a149819cbcd9f85e91366a,ord_dataset-ac78456835404910b3a4c840248b6ac9,235,c28f39e080cee1d563b6a1d5eb19889ec277e85a8e84e157a905c30d4927ac4b
1460,ord_dataset-ac78456835404910b3a4c840248b6ac9:ord-d4466d0c650a41a1bb9151de0d97fa02,ord_dataset-ac78456835404910b3a4c840248b6ac9,1551,6e4a9026d235c36895eaa5adfdbf37b8e958ada655723412f8b1ac97b4dd5ace
1461,ord_dataset-ac78456835404910b3a4c840248b6ac9:ord-d468830354e24bbfb290b36d07ba3ca0,ord_dataset-ac78456835404910b3a4c840248b6ac9,523,0f1633b23ef49c01741165fb525248ccd4ac5ba276f3d09efd0640c646485523
1462,ord_dataset-ac78456835404910b3a4c840248b6ac9:ord-d46fcc5d70214213a6999eb6f63e71c7,ord_dataset-ac78456835404910b3a4c840248b6ac9,1713,43172b213cd967b9a79b8a55859810d80805e0ec93c17aed4db33c291739a729
1463,ord_dataset-ac78456835404910b3a4c840248b6ac9:ord-d47661492acb41d2ad7b4d6d364c011a,ord_dataset-ac78456835404910b3a4c840248b6ac9,686,d626816761f8d0b878ede374f09440029728f1b3ced6efd965caebf6ac13bd0e
1464,ord_dataset-ac78456835404910b3a4c840248b6ac9:ord-d47c4c10735142aeb7b50ab2383566c6,ord_dataset-ac78456835404910b3a4c840248b6ac9,1363,36d07b9d85dcaa0ad33f883403cac1351158f9f8cff4f67510f4f884b1bc941c
1465,ord_dataset-ac78456835404910b3a4c840248b6ac9:ord-d4938646217743a08c1210990b2d28a3,ord_dataset-ac78456835404910b3a4c840248b6ac9,1564,be0cb80ebc137a03dccfb4a79cab9dfd63900014cd63c6f1a8de226b394a7e98
1466,ord_dataset-ac78456835404910b3a4c840248b6ac9:ord-d49b1955b2764c44b43c9233b1ec3337,ord_dataset-ac78456835404910b3a4c840248b6ac9,1295,0171413ac80d13245c6a46992dd6424c296d6fca2cb516e5eaf878d704b7092d
1467,ord_dataset-ac78456835404910b3a4c840248b6ac9:ord-d4ae7f537ee94894af2ed756591cfc63,ord_dataset-ac78456835404910b3a4c840248b6ac9,382,5fe01a828f9ee29c02d34a6eb3276ceb3f2938dd1dce2527fef237bb82a1b7a1
1468,ord_dataset-ac78456835404910b3a4c840248b6ac9:ord-d4c017c6a8ba47b6856fd89bb8c88c1d,ord_dataset-ac78456835404910b3a4c840248b6ac9,572,1394285a3c316ddc6c64a8dfbfc4cba717c8f3a03aeaa22c025cd4b2f69b246e
1469,ord_dataset-ac78456835404910b3a4c840248b6ac9:ord-d4e0dbf3d5644673b2eda1c9de1ce307,ord_dataset-ac78456835404910b3a4c840248b6ac9,879,6fc69d44fef4ebfa9d46659f5f6aed2b9bbc6f86ec3ffd6f270ddbe4debe7bfd
1470,ord_dataset-ac78456835404910b3a4c840248b6ac9:ord-d4ec793623d64a57b772e68a6905e8dd,ord_dataset-ac78456835404910b3a4c840248b6ac9,836,0e6b4f5955a371b2d3399e31b781b50284c4ebf548a213ca83b7a3bbd7a836a8
1471,ord_dataset-ac78456835404910b3a4c840248b6ac9:ord-d5192190a0af422981cf4364d4f0fa4a,ord_dataset-ac78456835404910b3a4c840248b6ac9,721,ad9dd9ca42c106cc6179e3c0e3257bb024bf27eb94942a6995bd5040c6ee7bc8
1472,ord_dataset-ac78456835404910b3a4c840248b6ac9:ord-d53ccf52c6ab4e8b93ba0f7f9dc7ade0,ord_dataset-ac78456835404910b3a4c840248b6ac9,1642,40430a408245744516f08e18ec8cd99473eaae15f254f3d8941c7e6e40fae0a3
1473,ord_dataset-ac78456835404910b3a4c840248b6ac9:ord-d56171bd44e14c3bbb0b319ee9162af3,ord_dataset-ac78456835404910b3a4c840248b6ac9,374,f76c2e3c2961742155559afed8b933303e08d569af5a57cd6c40d2798ae92450
1474,ord_dataset-ac78456835404910b3a4c840248b6ac9:ord-d56fb59555a64dcd99db2587aeac721f,ord_dataset-ac78456835404910b3a4c840248b6ac9,736,a8fa4e50dc75aae921ef5e5a167712c3cc7141db1a002875968419230fc80f4a
1475,ord_dataset-ac78456835404910b3a4c840248b6ac9:ord-d5a79d2a0f934e2ea6947870a11acf6a,ord_dataset-ac78456835404910b3a4c840248b6ac9,1231,2f282bb96a983d04c6c9a97da249b1c88a93b75546ca0f02b70197a3a2b63000
1476,ord_dataset-ac78456835404910b3a4c840248b6ac9:ord-d5eb5e9d0d8d4e90bb162f314212a88a,ord_dataset-ac78456835404910b3a4c840248b6ac9,1509,a9f13c14ce7d557a3e48d77117734e7120a5167e691123007e17f26a92e9a2cf
1477,ord_dataset-ac78456835404910b3a4c840248b6ac9:ord-d607906921df4055828d5e80e9e1b574,ord_dataset-ac78456835404910b3a4c840248b6ac9,824,47d940457ba329bdace3ed5af74c1ac0f84e9670a0c8c5f3a0dac58ab14263eb
1478,ord_dataset-ac78456835404910b3a4c840248b6ac9:ord-d623b594d641430c9fdc05259ebd7420,ord_dataset-ac78456835404910b3a4c840248b6ac9,916,33db007f2db69508c96784a136561cab7fe37d76f5c48e5a59b16195bfdd215c
1479,ord_dataset-ac78456835404910b3a4c840248b6ac9:ord-d64ca4bd33ba4eb5b8cc77c9f390bb9c,ord_dataset-ac78456835404910b3a4c840248b6ac9,120,32bd9cd29c67572ec6eb0754a277e0983068da21bd74db96e43f79228d916fb5
1480,ord_dataset-ac78456835404910b3a4c840248b6ac9:ord-d660dd1a40524c089db32bd67506661d,ord_dataset-ac78456835404910b3a4c840248b6ac9,1003,2fd26fa9507c1c75dc295407d7733c1481114226755e0491308852322c6a11c0
1481,ord_dataset-ac78456835404910b3a4c840248b6ac9:ord-d692d085d1934bc587cb0149e46d5b37,ord_dataset-ac78456835404910b3a4c840248b6ac9,1644,c6218fe7bcaaba3d82c056e3bd2d33ef8eecbb376483334439922c645affc861
1482,ord_dataset-ac78456835404910b3a4c840248b6ac9:ord-d69b518ac9224a4e8fcd5bc83caa7829,ord_dataset-ac78456835404910b3a4c840248b6ac9,928,43184433e77fa67b13dbfcf000df92b0fa3dbdbd06d5d35dbb001814c7cc8a6a
1483,ord_dataset-ac78456835404910b3a4c840248b6ac9:ord-d6f017f43e534519ad3ecd0649d273f0,ord_dataset-ac78456835404910b3a4c840248b6ac9,1,fcb27d6d6e3707baea88dcb95059e2ededdeeec2b6ad69e9b63df257ba24a1ce
1484,ord_dataset-ac78456835404910b3a4c840248b6ac9:ord-d7d4b03551e644aa9b0b8923cdc24c81,ord_dataset-ac78456835404910b3a4c840248b6ac9,799,7d47f7963deda38da6240780d7a68794f04b1f2a6bc4b862cfa5af7fbac39b8f
1485,ord_dataset-ac78456835404910b3a4c840248b6ac9:ord-d7e107640c7146b7942f25b73995d5ae,ord_dataset-ac78456835404910b3a4c840248b6ac9,1052,94275974c6f3c74d12bb8031b1fd2dec64ee0ad5916957b90181cac06ae35c40
1486,ord_dataset-ac78456835404910b3a4c840248b6ac9:ord-d7f503904e2044248f3bdd14015dcac1,ord_dataset-ac78456835404910b3a4c840248b6ac9,341,81784338e84a66405f153261ff7df7a08f30635edf69e07a145d5afabe517f78
1487,ord_dataset-ac78456835404910b3a4c840248b6ac9:ord-d7f668b4d47d46559e1cbe23f8014c46,ord_dataset-ac78456835404910b3a4c840248b6ac9,1029,89ba4ad7e6040c20c231e8fa404e39f5f103c1ae1b96cb70718bfb14008d3267
1488,ord_dataset-ac78456835404910b3a4c840248b6ac9:ord-d80c9edbb6694b28a867ea2e66efdf7b,ord_dataset-ac78456835404910b3a4c840248b6ac9,33,358b0f336a2ba2a9f012b7a0faf61a05a886c7b89c0b0d65e545e3c2c3fadd0e
1489,ord_dataset-ac78456835404910b3a4c840248b6ac9:ord-d85294f299cd484c98bcc5a4e1a2fca7,ord_dataset-ac78456835404910b3a4c840248b6ac9,1225,a910d9a055666864845b360f365af90d73f07f87783a8f395a32784984933132
1490,ord_dataset-ac78456835404910b3a4c840248b6ac9:ord-d872c07ea1664016ae1e8af1043deaa7,ord_dataset-ac78456835404910b3a4c840248b6ac9,1056,a88e8e568b26a3890bcf048bf26c8baa9e7d7b6be2dfd793b6370ac51e51947f
1491,ord_dataset-ac78456835404910b3a4c840248b6ac9:ord-d87889006b05489b8469838f852f129e,ord_dataset-ac78456835404910b3a4c840248b6ac9,1488,11db14da3f398a35f90d90082ff9befa55d03b1494b3e0cfc04c188dca9e7230
1492,ord_dataset-ac78456835404910b3a4c840248b6ac9:ord-d8cdfef1eda042318244fe058868fa6b,ord_dataset-ac78456835404910b3a4c840248b6ac9,961,4d27ed4c10fcca504176ffc4a6a6ba9b6be0c79354bb52bdc79a2ff3f4cda848
1493,ord_dataset-ac78456835404910b3a4c840248b6ac9:ord-d8dc644d96a64199aba039b502a436c2,ord_dataset-ac78456835404910b3a4c840248b6ac9,1065,175931282dd8c291b7e3d37576c10f9e606a0e3f884cc0dea7fa416a94cc0db6
1494,ord_dataset-ac78456835404910b3a4c840248b6ac9:ord-d90095d1c3084252bc2fad14041ff87d,ord_dataset-ac78456835404910b3a4c840248b6ac9,424,6d6a286ed9511dc76ce209803f16ccf267e40c1a9d02a6d7e7cb520b11a83c50
1495,ord_dataset-ac78456835404910b3a4c840248b6ac9:ord-d9347da6276549acbb14b8a6b39d13b1,ord_dataset-ac78456835404910b3a4c840248b6ac9,1022,34da712ad37fe953b08502bbb910bf45c36d4e5747d0b5379e976e9fd5d8d6e9
1496,ord_dataset-ac78456835404910b3a4c840248b6ac9:ord-d939f6eaa18b4cfe9ee51a8c58bd90d1,ord_dataset-ac78456835404910b3a4c840248b6ac9,439,d3fb65f3ecddd1fbadd36a36b7be772e952d964dcba51294e591763cba3200df
1497,ord_dataset-ac78456835404910b3a4c840248b6ac9:ord-d95cb493ec4241398e312fb6f8b1d86c,ord_dataset-ac78456835404910b3a4c840248b6ac9,274,13707be292ea7c0a287d68b32a12b5d46bdca8afe95949935fcd4fa5c95dc170
1498,ord_dataset-ac78456835404910b3a4c840248b6ac9:ord-d98d47bdc26649b88107ad762950ff2b,ord_dataset-ac78456835404910b3a4c840248b6ac9,479,de5ffd016b1de69dacf836559b412b180bef8cd0ddfa03b80f596bfcdf341e81
1499,ord_dataset-ac78456835404910b3a4c840248b6ac9:ord-d9dcb938e4d54d0cad4536bd57c26020,ord_dataset-ac78456835404910b3a4c840248b6ac9,1656,adebf87a4f68878d2e9752b1dae8c040d555a039cc6c44331857c71d57883236
1500,ord_dataset-ac78456835404910b3a4c840248b6ac9:ord-d9ebdd6aa7984ae19d7984586e33a6cf,ord_dataset-ac78456835404910b3a4c840248b6ac9,260,2a41e5fc662a8e7ba2458f854b67a15801f38588274d8ae12c5527cdf6c7448e
1501,ord_dataset-ac78456835404910b3a4c840248b6ac9:ord-da37b7712f3d4e80bf2eeb104cba81a3,ord_dataset-ac78456835404910b3a4c840248b6ac9,475,79955a55312ea263c24342a78eb404016c79ea62a8406f1b0c267808b5181bb5
1502,ord_dataset-ac78456835404910b3a4c840248b6ac9:ord-da597a74120c41549f4860f089be4552,ord_dataset-ac78456835404910b3a4c840248b6ac9,1300,dc9c2c28208bdbb231a173e689a75037fcd05d38313c6cfb067bd18670049750
1503,ord_dataset-ac78456835404910b3a4c840248b6ac9:ord-daa0fcdfe1f34d3fa7290ba6da96e3ee,ord_dataset-ac78456835404910b3a4c840248b6ac9,270,37f0fa18bc90d5f450f363b8cc0ef7b093861897d0bc21609ca0d12cc8e7f81a
1504,ord_dataset-ac78456835404910b3a4c840248b6ac9:ord-dac6e8c7c30b4b16beed88d6e54b0c47,ord_dataset-ac78456835404910b3a4c840248b6ac9,1417,d0a4a0d2006c6b378379c87b9fd1b8e31973431b844ddf68061081ff760d01dc
1505,ord_dataset-ac78456835404910b3a4c840248b6ac9:ord-dae00782a9e7408ea8d19163dcdef8b3,ord_dataset-ac78456835404910b3a4c840248b6ac9,1071,d727a8c3168062b5017938b5fc261a02e595fe393810b23cd03fa6d090fa5d1e
1506,ord_dataset-ac78456835404910b3a4c840248b6ac9:ord-db1b6abe9bcd4d1092d1a3c2455d08e4,ord_dataset-ac78456835404910b3a4c840248b6ac9,1369,629d3c4f733459a3ac44efd31eb3be0cb2c95b55a414b7170e4a7e33584c438c
1507,ord_dataset-ac78456835404910b3a4c840248b6ac9:ord-db93f03864ed4789ad1f290f59fee7f3,ord_dataset-ac78456835404910b3a4c840248b6ac9,1444,45e464851db578c1aad6fdd2b8babf374bf2e38c139c0cb06267114486ebf650
1508,ord_dataset-ac78456835404910b3a4c840248b6ac9:ord-dba25d0e84df46ca8c5c81ec1c8b7969,ord_dataset-ac78456835404910b3a4c840248b6ac9,1664,168055141a768fc64b2b0cd9f03dbcfa71d286a87a939f7752c380bc9dc4a500
1509,ord_dataset-ac78456835404910b3a4c840248b6ac9:ord-dbb30aac26104442b1767111625864be,ord_dataset-ac78456835404910b3a4c840248b6ac9,1144,527b0bd2a2e9af53afc0867bbaf29ffe168fb9a8285d7971b6d249d6de103283
1510,ord_dataset-ac78456835404910b3a4c840248b6ac9:ord-dbd87d2816214b23bf8f1433a0b0eb3f,ord_dataset-ac78456835404910b3a4c840248b6ac9,310,a0d4b16918c63055edecb4dd20e877e4cf6510fca5d908dad22bce785ed26539
1511,ord_dataset-ac78456835404910b3a4c840248b6ac9:ord-dbffaa3e7cf14a31bf569108c619499e,ord_dataset-ac78456835404910b3a4c840248b6ac9,1409,1e17b42dbe359083b54774e796630e9ca8bbf3cf6555ea850226ffdec06b846c
1512,ord_dataset-ac78456835404910b3a4c840248b6ac9:ord-dc32f4dd1119445dbaf5685009cd73b9,ord_dataset-ac78456835404910b3a4c840248b6ac9,1348,8d154650151821735a553395e8a7b7b91f251dd05d18a2e4291305d83f612ba7
1513,ord_dataset-ac78456835404910b3a4c840248b6ac9:ord-dc7647b90137416aa11091bff7472400,ord_dataset-ac78456835404910b3a4c840248b6ac9,1553,eed3bfd36723dbd712e5e9cef6b02607e6f2379948eeb7191a8b837a3f63ffc4
1514,ord_dataset-ac78456835404910b3a4c840248b6ac9:ord-dc8fb7bf5695448b8f3afea196d65eae,ord_dataset-ac78456835404910b3a4c840248b6ac9,366,06878c6fabfcbaa8819e4f9510f92706bf48b97688c26ef86854480dd787b7cc
1515,ord_dataset-ac78456835404910b3a4c840248b6ac9:ord-dcc257e1ab9c48dba727465d89ec4179,ord_dataset-ac78456835404910b3a4c840248b6ac9,429,44118947801d2bf08d08d6ecae0ffc549ac1e930c8e57efc11a384cea1c34128
1516,ord_dataset-ac78456835404910b3a4c840248b6ac9:ord-dcd3527dbc714c7aaf6fa8ad6b4d397d,ord_dataset-ac78456835404910b3a4c840248b6ac9,542,eb96d79ff5ccbc8ddf85853a78726c6373eb1551c9eb5949fc3ca28b4a36aa0b
1517,ord_dataset-ac78456835404910b3a4c840248b6ac9:ord-dcef2cbba9d4432ca8f8b72db1236680,ord_dataset-ac78456835404910b3a4c840248b6ac9,579,6db46a235b3a1d7b44b83cf497d236027a7fd4289564599b02e94a5144604ee6
1518,ord_dataset-ac78456835404910b3a4c840248b6ac9:ord-dcf9f431b931438890634b7db019ec66,ord_dataset-ac78456835404910b3a4c840248b6ac9,1608,d654e3ef11724ec30f446ecebd74d828846ec3acac5faba03ecab560df704608
1519,ord_dataset-ac78456835404910b3a4c840248b6ac9:ord-dd01e7ffd8604c3e92ae1fb5e0667deb,ord_dataset-ac78456835404910b3a4c840248b6ac9,51,786073512859cb2f346ec24308f9f9a7cc3351a8835b8d0add5294050dc5996b
1520,ord_dataset-ac78456835404910b3a4c840248b6ac9:ord-dd042297e06f4168bd909882d39ab8eb,ord_dataset-ac78456835404910b3a4c840248b6ac9,1410,19d639e257bb796ce92514cdbf28221894d42dad99d36f43b68fc1d51fe60854
1521,ord_dataset-ac78456835404910b3a4c840248b6ac9:ord-dd22d53a16ed49798ca851085ddb740a,ord_dataset-ac78456835404910b3a4c840248b6ac9,428,9469abeb1347ad0eea87eb486765d33eee247b10d33de8cfe506cb71fd2ead8b
1522,ord_dataset-ac78456835404910b3a4c840248b6ac9:ord-dd3e9cf1582e4c01a9f15060e4476073,ord_dataset-ac78456835404910b3a4c840248b6ac9,97,44dede1372d511904c8c5a0c374dc62636564999c26ad91e1ab4eee93e36606a
1523,ord_dataset-ac78456835404910b3a4c840248b6ac9:ord-dd682d469fae4717ba61f262dd6adb46,ord_dataset-ac78456835404910b3a4c840248b6ac9,705,61fdee57c85e985f2e46537e435bf1567beca2e879d1dee96a75266d558a27cd
1524,ord_dataset-ac78456835404910b3a4c840248b6ac9:ord-dd6daec4c2c445489e00628eb585e659,ord_dataset-ac78456835404910b3a4c840248b6ac9,626,4bd469b342724d02ed5424be0000f931f31367d9b44d17b3a3ed2b24c11993ef
1525,ord_dataset-ac78456835404910b3a4c840248b6ac9:ord-dd8e87a09fc14db19a32dccafeb6725e,ord_dataset-ac78456835404910b3a4c840248b6ac9,1613,906c9ced6b83145206ac6cb49a75b7cf0cd1b24346c0be6fb86eca0004f2ebdd
1526,ord_dataset-ac78456835404910b3a4c840248b6ac9:ord-de0c5454f92f4a5aa2c21f0aad745ace,ord_dataset-ac78456835404910b3a4c840248b6ac9,66,32faf5c744290af364308d683a6a0936078a9eabae6d52d90140ed97287a1815
1527,ord_dataset-ac78456835404910b3a4c840248b6ac9:ord-de289b0f20f84e37b7f2c7fa1c54ad57,ord_dataset-ac78456835404910b3a4c840248b6ac9,1683,f1481bc9eb29d4ebf6446738b1e38ce59eefd7aefa89a24224be1be90656475d
1528,ord_dataset-ac78456835404910b3a4c840248b6ac9:ord-deb3fdc3da454f0394b35675c4df2f1e,ord_dataset-ac78456835404910b3a4c840248b6ac9,116,f1b40befc2a132a2fe3053babce7e680b8511415147a79c4a2b72b443b54a296
1529,ord_dataset-ac78456835404910b3a4c840248b6ac9:ord-deb649f6694f486ea3418075d39efafd,ord_dataset-ac78456835404910b3a4c840248b6ac9,628,b9d05cdb8d94b64ee7d8ef87b7a67ffcbcf879e215cd10754856d5c8877e592d
1530,ord_dataset-ac78456835404910b3a4c840248b6ac9:ord-df14e5cff4ee4339b74dced854b92a85,ord_dataset-ac78456835404910b3a4c840248b6ac9,73,3548c9d3b05d29e715a7ba64e8f9cb6779f58bf8839ecb76b39077a8e588bdd8
1531,ord_dataset-ac78456835404910b3a4c840248b6ac9:ord-df25c038c9b347658d9cafcb78f9e728,ord_dataset-ac78456835404910b3a4c840248b6ac9,1367,a8ee5f732569838f47063a6acb83cd1fa7524ea753c041bb6cc259258d34c353
1532,ord_dataset-ac78456835404910b3a4c840248b6ac9:ord-df909bfe1d7b49e3910debbc3e1db828,ord_dataset-ac78456835404910b3a4c840248b6ac9,464,cb78c78c05aaa19cf96cc28b7e171ff1c5a0a7851f4682000556339658dff3ec
1533,ord_dataset-ac78456835404910b3a4c840248b6ac9:ord-dfa7b15a4e5b43909722cf2104350c5c,ord_dataset-ac78456835404910b3a4c840248b6ac9,1704,f842d222e0ae3a5816796417df15d00ddec436bbe578625eaf014132fb6c312c
1534,ord_dataset-ac78456835404910b3a4c840248b6ac9:ord-dfa91ce891494903b67bc1c2c1ab3d0f,ord_dataset-ac78456835404910b3a4c840248b6ac9,1014,5549bc148a0f35fc8ae0450ad073388b2c5855214099408c515ca991c2a241b5
1535,ord_dataset-ac78456835404910b3a4c840248b6ac9:ord-dfa9f112ab194fba9a4ae2d55f157bc7,ord_dataset-ac78456835404910b3a4c840248b6ac9,966,4935fcbdc7207f2d80b410770c734f6390142395318b05338b108aec12a4e476
1536,ord_dataset-ac78456835404910b3a4c840248b6ac9:ord-dfbf722f818d4b70bc7c94d9fea6e77f,ord_dataset-ac78456835404910b3a4c840248b6ac9,1125,edff6cdfc1113758bb3d2c73ef7736f8d8962af1d01c9e725b9b8d1381731f70
1537,ord_dataset-ac78456835404910b3a4c840248b6ac9:ord-dfc0fcef424946d88618c34bc150112e,ord_dataset-ac78456835404910b3a4c840248b6ac9,1045,5895cc7fef912b26b02fc25933250e8d94e27cc692eaa2449120f64dad285dfe
1538,ord_dataset-ac78456835404910b3a4c840248b6ac9:ord-dfdc997469f7424a8f0fe544252ec387,ord_dataset-ac78456835404910b3a4c840248b6ac9,1138,eb69d3a83cc2f852b184084d0d13edbda4607c9f1e3c0dee1e30bd5525d51752
1539,ord_dataset-ac78456835404910b3a4c840248b6ac9:ord-e00901e04165436a869ac24d14509a4c,ord_dataset-ac78456835404910b3a4c840248b6ac9,1571,dd78ccbbe42c3e50be0da008f2202a44c95078a1390ad4affaf8f9fc931846db
1540,ord_dataset-ac78456835404910b3a4c840248b6ac9:ord-e02e4a0d88e541dda84713efe34909ea,ord_dataset-ac78456835404910b3a4c840248b6ac9,722,ec97844b5ecd3906afbf2ae29bb6ac7c06fba45152d5a62221f992705c796fef
1541,ord_dataset-ac78456835404910b3a4c840248b6ac9:ord-e038f32134194dca878d3e2631de730e,ord_dataset-ac78456835404910b3a4c840248b6ac9,407,054dbe853d45d3d080409f28895ebb3accc8c2f4a6370346dc74a91b9af9ff7d
1542,ord_dataset-ac78456835404910b3a4c840248b6ac9:ord-e06a9af1cd434848ac066d49876627f2,ord_dataset-ac78456835404910b3a4c840248b6ac9,1406,a7ab90f6e5df9315d53c945fd2dd5c37781981a2b0e1955be8a82c999728f455
1543,ord_dataset-ac78456835404910b3a4c840248b6ac9:ord-e06daa6e9bff44b2859b3eb1efa2bd29,ord_dataset-ac78456835404910b3a4c840248b6ac9,1565,e8d65206c04e3ef3bc7deee9124c862c0d602f452033d66be59d3c3562787eec
1544,ord_dataset-ac78456835404910b3a4c840248b6ac9:ord-e0804cc99bd046fdb3b8aad7ffb6fc98,ord_dataset-ac78456835404910b3a4c840248b6ac9,381,fc870fcfced04c7874d8fafe1dbca99e4286e65bc05b098d244f953df272b338
1545,ord_dataset-ac78456835404910b3a4c840248b6ac9:ord-e0f842ca8efb4162b0c757fdacdd72f0,ord_dataset-ac78456835404910b3a4c840248b6ac9,566,e2a347e32ebe8c30cb894d6ff79baf0be189f177ad49976c9da135960bec871d
1546,ord_dataset-ac78456835404910b3a4c840248b6ac9:ord-e14bea9451db4e788df2840b863252e9,ord_dataset-ac78456835404910b3a4c840248b6ac9,808,a3dae521e08d6ed5c20db1390a587c71f7f2d4a9e6a011ae8b35135745be43bc
1547,ord_dataset-ac78456835404910b3a4c840248b6ac9:ord-e1838af5c6c143a7aca3882dafe1bc44,ord_dataset-ac78456835404910b3a4c840248b6ac9,599,220ded482e94e1db1438dccd2ca29f7713bcdec31176f5c2d52c2b234229d547
1548,ord_dataset-ac78456835404910b3a4c840248b6ac9:ord-e1883607483e4b84a6b57bf4eedf65b0,ord_dataset-ac78456835404910b3a4c840248b6ac9,997,5c9d3565bdca782dcf9959a8be5a642046004f753a8da05ab400ce6d900d3f51
1549,ord_dataset-ac78456835404910b3a4c840248b6ac9:ord-e1928dc1b0ba437eb748d43c3e32de67,ord_dataset-ac78456835404910b3a4c840248b6ac9,720,9e0021ac2e233d62030e5ffc0dcbc42544e838eeb1cf36ad6ddb306c30f8cbd0
1550,ord_dataset-ac78456835404910b3a4c840248b6ac9:ord-e1964980b2124d61bdf67841d2ea0197,ord_dataset-ac78456835404910b3a4c840248b6ac9,290,7dcba16144085c001b0e9dfcec2cd67326fd8e5877113eafcac2b278a7bc60c4
1551,ord_dataset-ac78456835404910b3a4c840248b6ac9:ord-e1a4a7bda5a54ad2881ffd0b903a4a0b,ord_dataset-ac78456835404910b3a4c840248b6ac9,82,9749f1465331120c7f6748f44a12b597bd99bb3371c1400d2627cbeeef6e164a
1552,ord_dataset-ac78456835404910b3a4c840248b6ac9:ord-e209becf193c498f930c73a6b0efca0c,ord_dataset-ac78456835404910b3a4c840248b6ac9,328,bde55077661a963893f244500134653ab3b90593648b6dcb058f2672ba2a9531
1553,ord_dataset-ac78456835404910b3a4c840248b6ac9:ord-e2593817e87f4ca5b1a0219ffb26a7a6,ord_dataset-ac78456835404910b3a4c840248b6ac9,1424,07fb556037bc5cab3e871812599046bc25480b82b3a7e794dccd3e7882bd3769
1554,ord_dataset-ac78456835404910b3a4c840248b6ac9:ord-e2b16aab03984b399266203abc36f009,ord_dataset-ac78456835404910b3a4c840248b6ac9,1250,5dc45f63d815ee2a431c584c9eedc627ffe0c89c404626f14439a764a79bc7f7
1555,ord_dataset-ac78456835404910b3a4c840248b6ac9:ord-e3767a3feffc4a14991beacac4e793b1,ord_dataset-ac78456835404910b3a4c840248b6ac9,815,96c41ef7cecd21685a34de1f0b103b2b69df64189a7edd1c1b8330b16dff1888
1556,ord_dataset-ac78456835404910b3a4c840248b6ac9:ord-e3809e0b70084f7890bef70eb85f506b,ord_dataset-ac78456835404910b3a4c840248b6ac9,1560,23b4a0892ff527c77fef5623845bf2c345924483731a07170b39e0fada07d138
1557,ord_dataset-ac78456835404910b3a4c840248b6ac9:ord-e385bb0c7be547c18572cee56fe5e36a,ord_dataset-ac78456835404910b3a4c840248b6ac9,221,8b73ac5f34939dcaf94942022dd0e4c2690d1f24f5bcbcd1f23db486a4ae1d2d
1558,ord_dataset-ac78456835404910b3a4c840248b6ac9:ord-e3a2214e32c6463a9ee0b2a94d347e2d,ord_dataset-ac78456835404910b3a4c840248b6ac9,710,62ea402b333e0a089dbbc28e01f33fd222341f55fc79898d7e74141ba43596ad
1559,ord_dataset-ac78456835404910b3a4c840248b6ac9:ord-e3d09b36890b40e6bc584affc93bd935,ord_dataset-ac78456835404910b3a4c840248b6ac9,592,780938c44d95ffcec73f3518a9c55d1f97770fcc53d82cd52d6a6c662d378dd8
1560,ord_dataset-ac78456835404910b3a4c840248b6ac9:ord-e3d7d4ef637446f3a0530c6b77650243,ord_dataset-ac78456835404910b3a4c840248b6ac9,816,22429fec47a562da5b0e602ed92ba07501a33b40a638a32a4fe2ba7aeb32ffbf
1561,ord_dataset-ac78456835404910b3a4c840248b6ac9:ord-e3f2f38b632a4f2babde416fd27c12f8,ord_dataset-ac78456835404910b3a4c840248b6ac9,1066,4d6c2727ee7bcacd3b96cbcb7b580e6bcdc79a2ba580d9eb102a8e5553989e01
1562,ord_dataset-ac78456835404910b3a4c840248b6ac9:ord-e40647b67f054b96b55408bf25ebd848,ord_dataset-ac78456835404910b3a4c840248b6ac9,1573,989e32b8347707331b23eb0d3a4ed4e0ded8cfd0c050e445691ff8d7fdcb9154
1563,ord_dataset-ac78456835404910b3a4c840248b6ac9:ord-e518afbd9ecb4a7a898bb47d7b3e12fc,ord_dataset-ac78456835404910b3a4c840248b6ac9,1140,2124308f464ea857045627034d463a3732606d612afd127e7d8f24432507134e
1564,ord_dataset-ac78456835404910b3a4c840248b6ac9:ord-e51d7d77f46c4125a6294bb2ee405432,ord_dataset-ac78456835404910b3a4c840248b6ac9,1111,ab869c699639f8b83637ec29da2eda942144b16afe43d85f7a54df4005ab18fa
1565,ord_dataset-ac78456835404910b3a4c840248b6ac9:ord-e5392ba95b3d49c9a69b99940a26831d,ord_dataset-ac78456835404910b3a4c840248b6ac9,1677,aeb72cc6cb739042dee4e29f6692d6f84dd208139199ee551e4fd82ae29c2bd6
1566,ord_dataset-ac78456835404910b3a4c840248b6ac9:ord-e54843ae58744e72b1d4622152cad820,ord_dataset-ac78456835404910b3a4c840248b6ac9,1558,00b658f2e52545600cc4017d408998e964e80a222ae8e72dbfb8547ee9c0fa98
1567,ord_dataset-ac78456835404910b3a4c840248b6ac9:ord-e57d03fbb712464a9600c97b4e8e5673,ord_dataset-ac78456835404910b3a4c840248b6ac9,1296,0e64c289479e888119ad63ae113bf305f7c4d7246efaab5c6c972928e2a2feea
1568,ord_dataset-ac78456835404910b3a4c840248b6ac9:ord-e58b7383b9dd4e1eb7798a194ba0da20,ord_dataset-ac78456835404910b3a4c840248b6ac9,805,2c55d6473b2543a1a6b966ae10e362490a55612a96dd819b78024aee865c7775
1569,ord_dataset-ac78456835404910b3a4c840248b6ac9:ord-e5930961cdcb4078991e6dfb24ad196a,ord_dataset-ac78456835404910b3a4c840248b6ac9,739,25ac168b8482a5960b025b9e35680d7d3c1433401096f2710a5e10cd72dc9c7a
1570,ord_dataset-ac78456835404910b3a4c840248b6ac9:ord-e5d967f57fd74dc7aa454724905990b2,ord_dataset-ac78456835404910b3a4c840248b6ac9,983,1ccfa27b84ee8e06c1076669eccaef6d8702b0ee7977089c7f4368305f034458
1571,ord_dataset-ac78456835404910b3a4c840248b6ac9:ord-e5f62ee5c8314b1a97aa64bc9aa29902,ord_dataset-ac78456835404910b3a4c840248b6ac9,176,de26dc7a0a58a54227be2ff34ce5a9859e01fb6a56db9e41668f1e1069f008e6
1572,ord_dataset-ac78456835404910b3a4c840248b6ac9:ord-e637ad2f291c48b78920ae7d283948a6,ord_dataset-ac78456835404910b3a4c840248b6ac9,1345,0fc94511a1b4b0e8e0b9c87e3bc2b8d88f6b9bb6c9f4b48d7475c50d8098b020
1573,ord_dataset-ac78456835404910b3a4c840248b6ac9:ord-e6597254d6bc467f95c61f435586b3c8,ord_dataset-ac78456835404910b3a4c840248b6ac9,1122,bd2725e64c9d77f74fe75bc07d1642a10f32a227d816f082deccee61ca826702
1574,ord_dataset-ac78456835404910b3a4c840248b6ac9:ord-e65fe8aaecc249ffac93639a17ec2692,ord_dataset-ac78456835404910b3a4c840248b6ac9,1429,b6662474b4eea13f78f93866c7625151ed9079f4184f7f429110dc0c07ed11ce
1575,ord_dataset-ac78456835404910b3a4c840248b6ac9:ord-e6b1e8b155d5468fbe684774300c97b7,ord_dataset-ac78456835404910b3a4c840248b6ac9,247,460092c45ee4bb6f6569b45319f30fe82dbbe8ca4a67f28e53228dbb69946687
1576,ord_dataset-ac78456835404910b3a4c840248b6ac9:ord-e6bf580622e64867a9eb7dae6c6b47ab,ord_dataset-ac78456835404910b3a4c840248b6ac9,388,e7e785fd58f4e6fbbd7a3205fe6e43b0a3a4168741633f4a1cf7819bb953befc
1577,ord_dataset-ac78456835404910b3a4c840248b6ac9:ord-e6c7bc0c3fb043029722e2223ea015de,ord_dataset-ac78456835404910b3a4c840248b6ac9,488,ff9fec2070acd9acb380b22b755d30861eb662de0e128033f4314fe382188275
1578,ord_dataset-ac78456835404910b3a4c840248b6ac9:ord-e6f59ca760a44c798e907d38a15abc65,ord_dataset-ac78456835404910b3a4c840248b6ac9,241,891465937709f159d50cea86f4215081be29e44c4f17967b9971daffafd57726
1579,ord_dataset-ac78456835404910b3a4c840248b6ac9:ord-e715b665e66f4741abbf9a7e0c726280,ord_dataset-ac78456835404910b3a4c840248b6ac9,784,bdd8acb577440e71ae2251aafb8ee91b2df85e8bbef61ee39210491f1bf81872
1580,ord_dataset-ac78456835404910b3a4c840248b6ac9:ord-e71e65cc104d4420b19f9dcabf7dd781,ord_dataset-ac78456835404910b3a4c840248b6ac9,225,7e0f291535ee26f929a538740413a3cd6dd1f92c601e7e451d87d683dab5441f
1581,ord_dataset-ac78456835404910b3a4c840248b6ac9:ord-e79935cbb30a49638f030df55b0d3e96,ord_dataset-ac78456835404910b3a4c840248b6ac9,1308,e8626ea427c8492ad98df88f1ae7465f697cf41f707ec8ae78e227201071dcc1
1582,ord_dataset-ac78456835404910b3a4c840248b6ac9:ord-e799d38e09694b0dbf228f6fd918ebd7,ord_dataset-ac78456835404910b3a4c840248b6ac9,1147,7600dd3c7e59dd8267aad28c3a0cb9d5edb077166a954f3456806d84501768d9
1583,ord_dataset-ac78456835404910b3a4c840248b6ac9:ord-e7b8111ba127464692cd3d462ad9169b,ord_dataset-ac78456835404910b3a4c840248b6ac9,1670,b43b2d6b414c050051be9655fbec067f04df6b3a91ed0092f22f12dce8776cc2
1584,ord_dataset-ac78456835404910b3a4c840248b6ac9:ord-e7e64ad463524cf28df145b3ea709ffd,ord_dataset-ac78456835404910b3a4c840248b6ac9,642,82ce69ebbbb69118e84a87e2a742d6cda5d523af3d626f954cd5a9c292670f79
1585,ord_dataset-ac78456835404910b3a4c840248b6ac9:ord-e812f699401a45e5a3a7215690aea322,ord_dataset-ac78456835404910b3a4c840248b6ac9,1420,73de5aabcf55d04d340f9c3824ae2c7b2dae49ba18eaa261f3ec557340c153da
1586,ord_dataset-ac78456835404910b3a4c840248b6ac9:ord-e83ac9e9d0334d9fafefde9e4af7e842,ord_dataset-ac78456835404910b3a4c840248b6ac9,1574,fd88b7ae048d3c0801d3c3f29de177b9a60be8ed40ca0662554157d12d82b620
1587,ord_dataset-ac78456835404910b3a4c840248b6ac9:ord-e846b71db61e49b2bf454b2ed61765ba,ord_dataset-ac78456835404910b3a4c840248b6ac9,195,12fb680124653b1a5ff00c139ab52c05572735a7198ed92da079db5a660e066b
1588,ord_dataset-ac78456835404910b3a4c840248b6ac9:ord-e855485f0be24543bd4abd5b2518e41b,ord_dataset-ac78456835404910b3a4c840248b6ac9,1447,8388493d078ce1e63a1e540d26438ab9a7282d5d08ae305ee30cc927ee5a5970
1589,ord_dataset-ac78456835404910b3a4c840248b6ac9:ord-e89406207bdd4465b0e5ea167e7ea043,ord_dataset-ac78456835404910b3a4c840248b6ac9,1375,4a6c76250f6f256e0698482a22f949915306d749c18540e86d9a2fa2bdd31549
1590,ord_dataset-ac78456835404910b3a4c840248b6ac9:ord-e8aeefb88bf5453e9b087c24c68bb7e0,ord_dataset-ac78456835404910b3a4c840248b6ac9,529,760febebd78bfceda0636464348daa5bbfadc4548e3939b5babad2297a5e768d
1591,ord_dataset-ac78456835404910b3a4c840248b6ac9:ord-e8e351b907c8468b82b62e9ee47f12e3,ord_dataset-ac78456835404910b3a4c840248b6ac9,697,f3c54f6765fb557ef0fe273b4e2d0f8ea8226737cf7307c87d2c94ea271ebf92
1592,ord_dataset-ac78456835404910b3a4c840248b6ac9:ord-e91416739f4049b7913c4ff86209dae7,ord_dataset-ac78456835404910b3a4c840248b6ac9,1379,d2a0990efecebed63708c40c68d6b7705be353d3aedcdcc8e35a60e9a0556855
1593,ord_dataset-ac78456835404910b3a4c840248b6ac9:ord-e92882ca0bca43988f74bb7b14f9274c,ord_dataset-ac78456835404910b3a4c840248b6ac9,49,3bd23e11c74901111b465c492b4fcf1feb265e3c8783f11f23507fb335fb6167
1594,ord_dataset-ac78456835404910b3a4c840248b6ac9:ord-e940e190fd384ae09e17e1f1a54cae4f,ord_dataset-ac78456835404910b3a4c840248b6ac9,760,d44b6f9164ab423edf2f74e63719a3dd177845141d00dcce60193357627080e9
1595,ord_dataset-ac78456835404910b3a4c840248b6ac9:ord-e9672cee4a8845b78dad765cde544aba,ord_dataset-ac78456835404910b3a4c840248b6ac9,246,981c03e93092ea44a9c2e50c35b3000a6c34a9d2996a23f0c2b65574f7a0f4b8
1596,ord_dataset-ac78456835404910b3a4c840248b6ac9:ord-e9c8bb7095db403e96c9c9334f078e76,ord_dataset-ac78456835404910b3a4c840248b6ac9,21,de15df402df53c291cc85e04352588ced1977391a0c33a9f110f8a0d65ded182
1597,ord_dataset-ac78456835404910b3a4c840248b6ac9:ord-e9d70d6fcfc14f9fbab099bca1bfd8a6,ord_dataset-ac78456835404910b3a4c840248b6ac9,1328,8c89edb1094b6eb0ea7b2830d064ff01599b7f3d56930c1179fb7602675c6c71
1598,ord_dataset-ac78456835404910b3a4c840248b6ac9:ord-ea3af2311a9f4ee88c70100448f2df74,ord_dataset-ac78456835404910b3a4c840248b6ac9,1181,ded0d2e361e21b2359daa00a5cf2cb2f5d6b93ea5a076aa7c85f71ccb0d2e517
1599,ord_dataset-ac78456835404910b3a4c840248b6ac9:ord-eab1d04e87644feda3158ccad3d53bb1,ord_dataset-ac78456835404910b3a4c840248b6ac9,1105,f8eb6c92c2bbdd701509aa5d1ffee437b6605d004af3f22998eba485febfbd58
1600,ord_dataset-ac78456835404910b3a4c840248b6ac9:ord-eab89eb85a534c729acb5f306650cb7d,ord_dataset-ac78456835404910b3a4c840248b6ac9,413,250314b96a3a4de6b999c3bb2ced6af6fd1f7d14f58031a16af2c7c97b9958c3
1601,ord_dataset-ac78456835404910b3a4c840248b6ac9:ord-eab9e463e1b049149e94982ef173ce40,ord_dataset-ac78456835404910b3a4c840248b6ac9,311,06f72a3dccdb6da39b0c69e1e1a2e575153143b308600112d666a69f7d3f6600
1602,ord_dataset-ac78456835404910b3a4c840248b6ac9:ord-eacd38053d0e43c594022f65c677d0ed,ord_dataset-ac78456835404910b3a4c840248b6ac9,1132,9151f401cffbb95ce333075a40bf9ad1912105508c67c34efc4244bd0cd57a1f
1603,ord_dataset-ac78456835404910b3a4c840248b6ac9:ord-ead158fd80f140b79eda69c9a9ef4056,ord_dataset-ac78456835404910b3a4c840248b6ac9,219,369f09044d978273c7cf50916ad8f2f0cb4c7abeb4b8bbe8673493c7a7a56d53
1604,ord_dataset-ac78456835404910b3a4c840248b6ac9:ord-eb2314559d3a4fffa450e5dfa8a0c150,ord_dataset-ac78456835404910b3a4c840248b6ac9,304,d0d23ebe7e8bad886453f6eca6c5a9d0028aa0602fbeacd20bc957d0e8999003
1605,ord_dataset-ac78456835404910b3a4c840248b6ac9:ord-eb427496e9914173851bc654999052e4,ord_dataset-ac78456835404910b3a4c840248b6ac9,170,6e66f7fd55a72fe027d93e3255d5e700823390f2aea5686ad9e638e7b4bd4fbd
1606,ord_dataset-ac78456835404910b3a4c840248b6ac9:ord-eb98ee73f22248239d31a22d95021857,ord_dataset-ac78456835404910b3a4c840248b6ac9,1658,881de3bb0854ef308d801c2cffccd96d1f9099a168ac3d2416fbeb54b239e771
1607,ord_dataset-ac78456835404910b3a4c840248b6ac9:ord-ebadecc806204e2ebc081afbfeabded4,ord_dataset-ac78456835404910b3a4c840248b6ac9,713,cda1d1bdda3aacdfb6e3ceedb57772d635e094a151925009c469abfc598d48ad
1608,ord_dataset-ac78456835404910b3a4c840248b6ac9:ord-ebd78a83a175450ca3d3d3720af0e499,ord_dataset-ac78456835404910b3a4c840248b6ac9,59,20fa09b571b398d7d2e13c953a122b6035d047e196b1b843eb388052f0cbaa68
1609,ord_dataset-ac78456835404910b3a4c840248b6ac9:ord-ebfdd107e3d545ddac0329536ed6e391,ord_dataset-ac78456835404910b3a4c840248b6ac9,922,dfba19f2c72b7676dd3c00b21935d0249d1a57777dc0cc9a81b69421a8aa1a55
1610,ord_dataset-ac78456835404910b3a4c840248b6ac9:ord-ec20f3c4825b40ad90166fae49aeafb0,ord_dataset-ac78456835404910b3a4c840248b6ac9,912,4943f8fce5001e720463fe94884c571bf8fd0041c5adea0e06a87f9bba90d3df
1611,ord_dataset-ac78456835404910b3a4c840248b6ac9:ord-ec55efbdfeea44579364477f12972365,ord_dataset-ac78456835404910b3a4c840248b6ac9,1680,f587ab1d8d3fb1ef189c366a50ca2cf03fd467b9db889b61e5f272ead30bc2c6
1612,ord_dataset-ac78456835404910b3a4c840248b6ac9:ord-ec940f9dd30844419ba2d6d007b04611,ord_dataset-ac78456835404910b3a4c840248b6ac9,557,e5c680e0ce2a921b4a133f90bbec3137df48f838dc11583c7c930c6ab103abcd
1613,ord_dataset-ac78456835404910b3a4c840248b6ac9:ord-ed484225b8c5468988399af5f06b773f,ord_dataset-ac78456835404910b3a4c840248b6ac9,1450,298084882b5283f3b0ee2499c602b7d3bcb79587212545c37bac8e481bc15cb6
1614,ord_dataset-ac78456835404910b3a4c840248b6ac9:ord-ed4e7a88c462421c8229bf8849634228,ord_dataset-ac78456835404910b3a4c840248b6ac9,772,7b298ce7ce2efd58c7716ca33a4514b8b7b3f3fba4fcd49457d4e8a6dedaf053
1615,ord_dataset-ac78456835404910b3a4c840248b6ac9:ord-ed538b472e474e3b87c125642ad1a8b0,ord_dataset-ac78456835404910b3a4c840248b6ac9,812,53ae92ebce7f5646ee724801fadaab532e8188c4a6aaa0f7c61c656124f6fa9d
1616,ord_dataset-ac78456835404910b3a4c840248b6ac9:ord-edc89d651c334839832fc267443ac605,ord_dataset-ac78456835404910b3a4c840248b6ac9,483,666509d635034e3300f556fc1009808f4d08f98b83e84337839e761848811047
1617,ord_dataset-ac78456835404910b3a4c840248b6ac9:ord-ee6b55f0777e4a48a08110871d82be5d,ord_dataset-ac78456835404910b3a4c840248b6ac9,171,7bb9bedf0e71d3705a3099617d2adc05c46b2f29fcc0340324802812b4ed3df2
1618,ord_dataset-ac78456835404910b3a4c840248b6ac9:ord-ee9ba8ec162d436783c07b2522134a5d,ord_dataset-ac78456835404910b3a4c840248b6ac9,787,b4f0da20d80f15ad1b0e17e1105eed278a056d6ce9e02dae662874a4228d5640
1619,ord_dataset-ac78456835404910b3a4c840248b6ac9:ord-eeb68522abc24a1aac2c605c789bef3a,ord_dataset-ac78456835404910b3a4c840248b6ac9,1075,0f7bb8ba58c9a3aff01e55f54b18b0ecddaae362ca8df14169d7b3ab2908f77a
1620,ord_dataset-ac78456835404910b3a4c840248b6ac9:ord-eec4cc1a4b91453cae2c3d0beeaa5a70,ord_dataset-ac78456835404910b3a4c840248b6ac9,748,29a5f414ed9371da243e2d2cbae7ca14aaf8e5d90f43c291f7368a4440501897
1621,ord_dataset-ac78456835404910b3a4c840248b6ac9:ord-eee7385970f445b3ab0d8584ff8a07ca,ord_dataset-ac78456835404910b3a4c840248b6ac9,995,51c5ee7cdfbe9294b4b30df6824f75e9907ed6435319d84432b35b5ffcc8e247
1622,ord_dataset-ac78456835404910b3a4c840248b6ac9:ord-ef328a5f40ee4805a05f2812e0a83ba0,ord_dataset-ac78456835404910b3a4c840248b6ac9,337,be8a586a0aaf656f040f41a78ba440447b1465f558ad76867b96d2a73bcb2e30
1623,ord_dataset-ac78456835404910b3a4c840248b6ac9:ord-ef616afff7e848d4aed6040277ae8919,ord_dataset-ac78456835404910b3a4c840248b6ac9,1269,232c0e02478029afb97fce73512334f8e83ea076ad8d5b5183c09a11c25c371f
1624,ord_dataset-ac78456835404910b3a4c840248b6ac9:ord-ef9aa6d9808a49d0b22abd3b596a96da,ord_dataset-ac78456835404910b3a4c840248b6ac9,69,e8e366176f2a8b4725142b336b21343df76624853b3da28d955c06dc695abdce
1625,ord_dataset-ac78456835404910b3a4c840248b6ac9:ord-efacf9baabf0470baec386757bb24b83,ord_dataset-ac78456835404910b3a4c840248b6ac9,1247,3ac16ba17154967514b42108d7d3db477155f9c79b0d91a1b299c6d2f8e48f95
1626,ord_dataset-ac78456835404910b3a4c840248b6ac9:ord-efc92d0a9065484e87a2bb9443aea20f,ord_dataset-ac78456835404910b3a4c840248b6ac9,264,f0539609d424bcec039e2435a43bfd7cedd75acad3a218807ec9d1049e4a7dd5
1627,ord_dataset-ac78456835404910b3a4c840248b6ac9:ord-efcac35dc9c34cb783d75c267a5af476,ord_dataset-ac78456835404910b3a4c840248b6ac9,891,2c46c41389ce6dd52620c6d739ef820e56f5b5e658e67cf4787c2bbf4c62f0ea
1628,ord_dataset-ac78456835404910b3a4c840248b6ac9:ord-efda53cb80254336a63c5c0b922d7e7f,ord_dataset-ac78456835404910b3a4c840248b6ac9,249,476f14b0725458b1f3cdc97e6b7d35c6461c4f99cd10e14882ac2b271ea7f692
1629,ord_dataset-ac78456835404910b3a4c840248b6ac9:ord-f01a366904e941f9b8219d077056ace6,ord_dataset-ac78456835404910b3a4c840248b6ac9,1428,69a9468476653ca6ce1b2076a9cfb14d1749c3106fd8ea6953fa9d4918a364df
1630,ord_dataset-ac78456835404910b3a4c840248b6ac9:ord-f02149366dc2447da6eaded690a797cb,ord_dataset-ac78456835404910b3a4c840248b6ac9,1600,bfb4f27c698d759ec5ff7165106a44ec81efc31b39c62cf43b39b62154766f3c
1631,ord_dataset-ac78456835404910b3a4c840248b6ac9:ord-f0e13036e85a4e8b9829301a9252c6e9,ord_dataset-ac78456835404910b3a4c840248b6ac9,234,1edeed780173fcf460579da3a8f2373ced17afd14f0ae6251c5f2670e768ab06
1632,ord_dataset-ac78456835404910b3a4c840248b6ac9:ord-f0e1428c62844fa3adbd19d5e4c628bf,ord_dataset-ac78456835404910b3a4c840248b6ac9,438,2f99c8bdaee10a76a7c10a831ce81b69ecf34fcf1e68eb49eb12da402688d2cb
1633,ord_dataset-ac78456835404910b3a4c840248b6ac9:ord-f0f658377a1a4d25bd110d2a84aec027,ord_dataset-ac78456835404910b3a4c840248b6ac9,591,da97febb5f25312ddcbb002905c6fbb83f4d4edffb4214a7f2f4484fdcfe6ec2
1634,ord_dataset-ac78456835404910b3a4c840248b6ac9:ord-f115ec0c7a0c43f09e3329a868d30083,ord_dataset-ac78456835404910b3a4c840248b6ac9,1216,394d144ec15cc162515193a1df8d1f859bfdb84269645d2e07e436c097ae8707
1635,ord_dataset-ac78456835404910b3a4c840248b6ac9:ord-f11cc88c2f7a4014abddafeb6531ebb0,ord_dataset-ac78456835404910b3a4c840248b6ac9,1681,8697088ec631ad5855097e7c0d2efc7cffbe206368d746f0d6ca8ad878183827
1636,ord_dataset-ac78456835404910b3a4c840248b6ac9:ord-f14cd6a2596c4ccba9b688dfce3a6882,ord_dataset-ac78456835404910b3a4c840248b6ac9,177,a043903a509c931de19c4f272906f7444fdcd59a94697876c5d48776334f7543
1637,ord_dataset-ac78456835404910b3a4c840248b6ac9:ord-f16aec1c21464996ba63dc0915a8dfeb,ord_dataset-ac78456835404910b3a4c840248b6ac9,1430,18e5ebd4cf405c9f422477e8b788fc4cb2320b990755e8094b93d682827dd847
1638,ord_dataset-ac78456835404910b3a4c840248b6ac9:ord-f1a92a617edc4bba9e34279aa9c70bc3,ord_dataset-ac78456835404910b3a4c840248b6ac9,205,4c61084f6a2e85fac452fed2d5f63e74c6821648391ed17356afc21c7d061668
1639,ord_dataset-ac78456835404910b3a4c840248b6ac9:ord-f1cf138031fb415fbe518ef9e3dcca2d,ord_dataset-ac78456835404910b3a4c840248b6ac9,1485,17bdf4481c4487e73cc43f6785c82980ddcfd5e2007ca928834837bb68518503
1640,ord_dataset-ac78456835404910b3a4c840248b6ac9:ord-f1d6a63bda844ec8ada394bc0d157128,ord_dataset-ac78456835404910b3a4c840248b6ac9,1021,bb87dd992041e2d9d2dba9bc127fcaf91e91cf8bba4029fcc34575db0100705a
1641,ord_dataset-ac78456835404910b3a4c840248b6ac9:ord-f1d73be34c894a2ca405a56fbcc60038,ord_dataset-ac78456835404910b3a4c840248b6ac9,1221,74a6031c7bc95ce969c5eb3c8a2b62285b60b709b4861174e2369ef5e2314f4b
1642,ord_dataset-ac78456835404910b3a4c840248b6ac9:ord-f215ff7030de4fba801eccc1dd3e30a2,ord_dataset-ac78456835404910b3a4c840248b6ac9,796,1708d965abc4e8019d28f7cbe2482cd267fac8a5232efe03e347f2060c6e2e57
1643,ord_dataset-ac78456835404910b3a4c840248b6ac9:ord-f23e3164540a4e438ad9547dc4c4b175,ord_dataset-ac78456835404910b3a4c840248b6ac9,833,c6b1a20e0c017abf0cc9b1fdb78830e0af529e975f2db2a50e1b7ee37fd8f8e2
1644,ord_dataset-ac78456835404910b3a4c840248b6ac9:ord-f294e3cf08a247d4bab03e9198979cf9,ord_dataset-ac78456835404910b3a4c840248b6ac9,114,0895ba981a30373ef719e2253c29f2596d57003f740dfeddaac32abc1ddc4fee
1645,ord_dataset-ac78456835404910b3a4c840248b6ac9:ord-f2aaf4d6ac5e4e02b5ce369f04bfd234,ord_dataset-ac78456835404910b3a4c840248b6ac9,990,daf701a621e6c86b4aaba37d0dbcbc5ed4cd50780c0a2df385cf115b2c935d93
1646,ord_dataset-ac78456835404910b3a4c840248b6ac9:ord-f2c1f1a9450b43449c519a6e53cdcce5,ord_dataset-ac78456835404910b3a4c840248b6ac9,1640,f700865ea8cd0cb72de473e306821e2c74e82dfc6b96ccb310d6e97e1a62d132
1647,ord_dataset-ac78456835404910b3a4c840248b6ac9:ord-f2cce9f264d7483fad655e999ab42eae,ord_dataset-ac78456835404910b3a4c840248b6ac9,139,5edde29ce37b4e3cc8d1998e98cfddd0fe444b7ae5b5955120272dbb9daee2da
1648,ord_dataset-ac78456835404910b3a4c840248b6ac9:ord-f2ced21e790340d5ab844495d62e63f3,ord_dataset-ac78456835404910b3a4c840248b6ac9,1655,acfb998d731f472ade7a947de8f2f948563e584df5a5fd631727e827928f10b9
1649,ord_dataset-ac78456835404910b3a4c840248b6ac9:ord-f2f55405c1984cbf9bbd901e07878903,ord_dataset-ac78456835404910b3a4c840248b6ac9,329,22b7f096390c8330c638da8749d53550400e5dc374a2f0fadf50e291db7b1be6
1650,ord_dataset-ac78456835404910b3a4c840248b6ac9:ord-f300faaa750640829efc2cfd534dc530,ord_dataset-ac78456835404910b3a4c840248b6ac9,187,01d20428b924b185f937999de502e95ae2605e448e1327dd61b832be153fe283
1651,ord_dataset-ac78456835404910b3a4c840248b6ac9:ord-f32d069709e14eabaebcb756ec00e6fd,ord_dataset-ac78456835404910b3a4c840248b6ac9,453,323b420f2183ef93b044876fde444c8d68b8376055ad7d4967f43aea900bef93
1652,ord_dataset-ac78456835404910b3a4c840248b6ac9:ord-f3c3cf82bb8346d4bc8cab10813bd3a1,ord_dataset-ac78456835404910b3a4c840248b6ac9,918,2fc399143e7b1ba1c2382557297533b408d72801d1a4dc9129d804714671d39c
1653,ord_dataset-ac78456835404910b3a4c840248b6ac9:ord-f426a09f912a4c40972220f6ba44e9df,ord_dataset-ac78456835404910b3a4c840248b6ac9,962,7eab581e1f68188593fd11e32e4e8f581f00622084eca49c9eb63837453fa19d
1654,ord_dataset-ac78456835404910b3a4c840248b6ac9:ord-f44b45e20de24d7286113002946e44a1,ord_dataset-ac78456835404910b3a4c840248b6ac9,536,6cddf096e1205b4f09171930a4847a6a372cb487e60eb91f529261445713335c
1655,ord_dataset-ac78456835404910b3a4c840248b6ac9:ord-f46b9325671d4674b4348ae1f9779975,ord_dataset-ac78456835404910b3a4c840248b6ac9,1473,cf9de73d490096f1676031ee128fc295b14dc6c7bad7d24f7af64c009db60796
1656,ord_dataset-ac78456835404910b3a4c840248b6ac9:ord-f4b0fd7978d24233b6b8ca25bfc0c5f6,ord_dataset-ac78456835404910b3a4c840248b6ac9,485,fb0d07be3f17bee1013202de47599977a29ba9f89a12c8db3ad211231d85d42c
1657,ord_dataset-ac78456835404910b3a4c840248b6ac9:ord-f4b379a4114b4b58b9d3b5e9fa7d56d9,ord_dataset-ac78456835404910b3a4c840248b6ac9,892,b4065a587e60a4af4b2ad436d20c7ef450ca1cc84f3a0fb9788dc1a227db68d6
1658,ord_dataset-ac78456835404910b3a4c840248b6ac9:ord-f4c29dea5df14bce89add869f573ab63,ord_dataset-ac78456835404910b3a4c840248b6ac9,511,d52574cb2c70b691d7aec884d4e2dd274c4cc61c4a810098118cbd2b9ebdf3ef
1659,ord_dataset-ac78456835404910b3a4c840248b6ac9:ord-f4c804dec28e4c07937e7cbec5d8809f,ord_dataset-ac78456835404910b3a4c840248b6ac9,874,ed47892fc5ac197755de59446a4b5c529798feaad3d099359200df43fbc8d97b
1660,ord_dataset-ac78456835404910b3a4c840248b6ac9:ord-f51fe46f6a264ad78fee2be55f9cdd7a,ord_dataset-ac78456835404910b3a4c840248b6ac9,1469,ab3ae5b5bdcc1ee02b578841b1f6e5146b7ac0e0b7e48931192f6bb37725d0de
1661,ord_dataset-ac78456835404910b3a4c840248b6ac9:ord-f5b9dd013d0344b8b0575e8fa63de65f,ord_dataset-ac78456835404910b3a4c840248b6ac9,1537,53dd5f4a0aa39fc395acf4e6e1a17d1257ff0b5bf4382a3792a80b149a93fef3
1662,ord_dataset-ac78456835404910b3a4c840248b6ac9:ord-f5df55b1237f4ae481e9f24764411068,ord_dataset-ac78456835404910b3a4c840248b6ac9,477,2375dd7a5f7ceede77c6441f52a3436d45a8f70c706fdfc63bf02b95af0748fe
1663,ord_dataset-ac78456835404910b3a4c840248b6ac9:ord-f613f60030fd4ee28a12dd16e4c2be50,ord_dataset-ac78456835404910b3a4c840248b6ac9,1253,31957886ed34c53d1763126fe9285df9572fe0874a51e7064fad1336f034b326
1664,ord_dataset-ac78456835404910b3a4c840248b6ac9:ord-f62cf20da11c44dda3dc35f5c647eb63,ord_dataset-ac78456835404910b3a4c840248b6ac9,667,d779a7d15853d5a6e10d81de9817d3a5e72a36b7b1b1c6446d46d6a2fa83e48e
1665,ord_dataset-ac78456835404910b3a4c840248b6ac9:ord-f67532b38bd145d29181eb95b50c87d1,ord_dataset-ac78456835404910b3a4c840248b6ac9,72,614e2e550d72402142403bd0e2a01ba7896ed4791d549dabd7fde2c57abef492
1666,ord_dataset-ac78456835404910b3a4c840248b6ac9:ord-f6ca0bdb779443bfb9910950e5230458,ord_dataset-ac78456835404910b3a4c840248b6ac9,1279,746923c0044c2af5439de083f996cef7533e686e5a7598a56128de55d065e108
1667,ord_dataset-ac78456835404910b3a4c840248b6ac9:ord-f6ca75d9e35e4592a31841c6015254dc,ord_dataset-ac78456835404910b3a4c840248b6ac9,486,a99191d595e3e22d5931f185de7d811c61bed59d97cfff47d5788961293585a2
1668,ord_dataset-ac78456835404910b3a4c840248b6ac9:ord-f6cd511d3e564e2b97e78966d6c3eb12,ord_dataset-ac78456835404910b3a4c840248b6ac9,1215,c99aa20deea52508fb8c66a464d26c18908dd14a93dd68249a47e4f6dfdd9981
1669,ord_dataset-ac78456835404910b3a4c840248b6ac9:ord-f6d1b68f57a949d7a988bff43e6cdd2f,ord_dataset-ac78456835404910b3a4c840248b6ac9,1549,ef14b76c883713cc9bd9f763c7a9f2ff7d9a502dbe6c066a1ebff24d269515f6
1670,ord_dataset-ac78456835404910b3a4c840248b6ac9:ord-f7003ac3e4f846a7bdf25dedd29fb9c9,ord_dataset-ac78456835404910b3a4c840248b6ac9,2,f199c8679f2cda7fd929c26fddc3444870045205e45d5d3a37de1e441fd5f5b9
1671,ord_dataset-ac78456835404910b3a4c840248b6ac9:ord-f705ae083f084fba8afe6b42c2829f12,ord_dataset-ac78456835404910b3a4c840248b6ac9,1567,908fdcefcf057e98080664e7cbf3c6efaf82f97913f7bd8b47341b84afba4680
1672,ord_dataset-ac78456835404910b3a4c840248b6ac9:ord-f7263d6c577f48259b672516195a06d6,ord_dataset-ac78456835404910b3a4c840248b6ac9,790,46cda50a3e221704298777279f65b898479f962d91225ddfc33cff6d2a36a963
1673,ord_dataset-ac78456835404910b3a4c840248b6ac9:ord-f7296c7ec2b14e90b54a102edc75f7b0,ord_dataset-ac78456835404910b3a4c840248b6ac9,577,fd5347ecc6a55a1bdcbf5d27da088bdd6ea5d18b48b96883e64da54d7a09a74b
1674,ord_dataset-ac78456835404910b3a4c840248b6ac9:ord-f73f9f62b4604dcabfe610bb8aab3a1e,ord_dataset-ac78456835404910b3a4c840248b6ac9,1304,35dafe80a9cc41872ee3edd21c14c77945f46c6c10228ca77ffab6be1337429a
1675,ord_dataset-ac78456835404910b3a4c840248b6ac9:ord-f77e29e1ed784fcaa0688cdb084a2eb4,ord_dataset-ac78456835404910b3a4c840248b6ac9,1277,2b55869457c611e336f84ba9ed0da6365c342f54ab302a9ece28df65fc64576f
1676,ord_dataset-ac78456835404910b3a4c840248b6ac9:ord-f7a7dc7445994fec862a3ff043898e61,ord_dataset-ac78456835404910b3a4c840248b6ac9,497,164259f7430dbc7b45f7a4a54004334af82385fb7051dba672b518c9bddab1c2
1677,ord_dataset-ac78456835404910b3a4c840248b6ac9:ord-f806ae9686e84c9fa67f3fbe2f369274,ord_dataset-ac78456835404910b3a4c840248b6ac9,630,6dc2035387c62b46aefa50e13fe112f48655f02e418d99821bcbb93432c1640b
1678,ord_dataset-ac78456835404910b3a4c840248b6ac9:ord-f8332599311a4b01bb09aa08082c043c,ord_dataset-ac78456835404910b3a4c840248b6ac9,608,0357c504059e47b3c863c4a3ceece6dda5c691794ecb31ddb728d409ab96825a
1679,ord_dataset-ac78456835404910b3a4c840248b6ac9:ord-f8340ea8bc804eee9bd43cd18623c4af,ord_dataset-ac78456835404910b3a4c840248b6ac9,543,2734b06b05ecf4077004171faee52f04f0fddab0b23a69baea6d29013522c9a3
1680,ord_dataset-ac78456835404910b3a4c840248b6ac9:ord-f84a029757c94cbf90941e5c3f9ce4e6,ord_dataset-ac78456835404910b3a4c840248b6ac9,1586,20398093ef95bc65f228955e4a18d01dd06717dbffcc45da8d9f5984377ce1b9
1681,ord_dataset-ac78456835404910b3a4c840248b6ac9:ord-f85f31f9110345ea8fe3cc3cfb61a2f5,ord_dataset-ac78456835404910b3a4c840248b6ac9,1266,9d8919292589b1be679065224428293ecc6ed1c520b9be0ef1a59d24200df542
1682,ord_dataset-ac78456835404910b3a4c840248b6ac9:ord-f863baa90f454be7b94d866ed06d226c,ord_dataset-ac78456835404910b3a4c840248b6ac9,1594,84de2b52b443211fb660ae59d582e9498acaa4faaa3acf9e5daae57d51ecd78e
1683,ord_dataset-ac78456835404910b3a4c840248b6ac9:ord-f867700dfdb348cd8a09a6f6c528593f,ord_dataset-ac78456835404910b3a4c840248b6ac9,1272,e2f3102d455cf34de56c86f65f4020aadc82d2fdc87c3b7fba346e0b5e55461a
1684,ord_dataset-ac78456835404910b3a4c840248b6ac9:ord-f89291a0b0e1442fbe0ac39b733fa69d,ord_dataset-ac78456835404910b3a4c840248b6ac9,1285,c5927ed18a495761049e3a333cf6c849f9b9a602c359b2c8df0ce2fa739e3199
1685,ord_dataset-ac78456835404910b3a4c840248b6ac9:ord-f8b62bfed71340cd820529d1eec8fdc4,ord_dataset-ac78456835404910b3a4c840248b6ac9,977,5d082e7d465c848019716f176c4165fd01403767bf95ef63c6a2083909871b11
1686,ord_dataset-ac78456835404910b3a4c840248b6ac9:ord-f919fc139dd14416a68b2fc12e0f77e8,ord_dataset-ac78456835404910b3a4c840248b6ac9,204,5db367e83b1d23742e5188544097d5f2e61e7f7b3b8a3b9ce463b57f8ebf6241
1687,ord_dataset-ac78456835404910b3a4c840248b6ac9:ord-f93694f4de6f4e9ca3740cd59a11839e,ord_dataset-ac78456835404910b3a4c840248b6ac9,873,b3a970067952ee6f7d1e29847cab91f08292018dedb83773135c7547ebe22d6f
1688,ord_dataset-ac78456835404910b3a4c840248b6ac9:ord-f9393751dcdf437396097ed183bf319c,ord_dataset-ac78456835404910b3a4c840248b6ac9,1074,a61b92fd4333cc870acef258cfdd20a392dfed4fc0eb12e920c4baeb5bdc6cb3
1689,ord_dataset-ac78456835404910b3a4c840248b6ac9:ord-f951ca9e3db04f0d9906d6e5a69351e9,ord_dataset-ac78456835404910b3a4c840248b6ac9,409,5f9a9ec766ae291ac2801c5327271b1afa3b9d2f77eb1c8e502cf164b592708a
1690,ord_dataset-ac78456835404910b3a4c840248b6ac9:ord-f981fdcecb9747fea7bd6a3e1ba03945,ord_dataset-ac78456835404910b3a4c840248b6ac9,658,8e830da7b966654dc1c40422f88c71382c5bb3ee0c063ed33b77dad4de42cfa6
1691,ord_dataset-ac78456835404910b3a4c840248b6ac9:ord-f98862d9bd4545ee859ae59795403082,ord_dataset-ac78456835404910b3a4c840248b6ac9,284,2e35a2b71b9b702f227fa53f644eba946a857d7ebcc87acd102e6d6b157e6aa2
1692,ord_dataset-ac78456835404910b3a4c840248b6ac9:ord-f9b59b77a1954392912059016907f9f0,ord_dataset-ac78456835404910b3a4c840248b6ac9,1467,69104b1c2c9337b17cef616b02c4f02f48b3e5b74fe65fcfec69cb87ffe802c5
1693,ord_dataset-ac78456835404910b3a4c840248b6ac9:ord-f9bd4bcd19674b608e5888f045343c28,ord_dataset-ac78456835404910b3a4c840248b6ac9,368,3a78ab346efa941101cd6f220aaf3d1d5ff699a5954a9fece77dea9fb7b6964c
1694,ord_dataset-ac78456835404910b3a4c840248b6ac9:ord-f9d756cfe64f4a21989f45f937497382,ord_dataset-ac78456835404910b3a4c840248b6ac9,281,3c35e8351bd5313ad9e45f6a40744b9ada3827f9a0ce0703c12be8bd6b4514bf
1695,ord_dataset-ac78456835404910b3a4c840248b6ac9:ord-f9ff65fe12044566b1803410e3815658,ord_dataset-ac78456835404910b3a4c840248b6ac9,863,54140c3d17d858369403ac0c93e8fd8d8863304ef774c165e117c3472b9c021f
1696,ord_dataset-ac78456835404910b3a4c840248b6ac9:ord-fa09d96228bd40608841111a89fcc745,ord_dataset-ac78456835404910b3a4c840248b6ac9,1489,3eb0d214212fe53eecd7d91cc8c6670a3bda17970d922e534fb7c0c4a689e8d6
1697,ord_dataset-ac78456835404910b3a4c840248b6ac9:ord-fa620c2b6e084c398ed0705c4c32c7d2,ord_dataset-ac78456835404910b3a4c840248b6ac9,1346,366a99d0f007310d0c5520249fb32005a39ae2f832ab733a790b320855908805
1698,ord_dataset-ac78456835404910b3a4c840248b6ac9:ord-fa7d7de71af548408ec00117caa52661,ord_dataset-ac78456835404910b3a4c840248b6ac9,633,5729db09a406a0383147d52182004f1751b432b4528071ba83e06d61df15886e
1699,ord_dataset-ac78456835404910b3a4c840248b6ac9:ord-fa8df75c10774977a82c978cc249c587,ord_dataset-ac78456835404910b3a4c840248b6ac9,1559,874ba82ac61737c0e4a9f73640afe6fdf3d97ecff0011f3e44fd08cb409280ac
1700,ord_dataset-ac78456835404910b3a4c840248b6ac9:ord-fa989fde7df1413e812006c3f8149f23,ord_dataset-ac78456835404910b3a4c840248b6ac9,598,5756de81a075eea5ab03c1c795d55676d5879d6e05248f963ad302f0feefb868
1701,ord_dataset-ac78456835404910b3a4c840248b6ac9:ord-fa9cf761df2d4a9691dab145eeb26889,ord_dataset-ac78456835404910b3a4c840248b6ac9,1042,75658dd8864aa542b8d1714d1443c225af935797784d318adfa9134154b1d77b
1702,ord_dataset-ac78456835404910b3a4c840248b6ac9:ord-fac1beda36334188831bf4292b3d6cf4,ord_dataset-ac78456835404910b3a4c840248b6ac9,1109,2696bc1e23c1b00f90fb826550ab835f3a70c59e7c929cb3fa23b99fd07f930d
1703,ord_dataset-ac78456835404910b3a4c840248b6ac9:ord-fb1d507151e54c049c32ee9c68deccbc,ord_dataset-ac78456835404910b3a4c840248b6ac9,1395,3d6a0036faeeb4db16b2f382489cadfe6ff33dd139b99acd5d193f491f5e5f7d
1704,ord_dataset-ac78456835404910b3a4c840248b6ac9:ord-fba4bf74eaef4fb9824aba7deb0a8266,ord_dataset-ac78456835404910b3a4c840248b6ac9,1002,59f3827e2b2f107db007f046ac78a7ffff3d3ffd3fb1600549fa16ecc8591501
1705,ord_dataset-ac78456835404910b3a4c840248b6ac9:ord-fbc8e229d52547c7b1437925eba550c8,ord_dataset-ac78456835404910b3a4c840248b6ac9,631,fca35474d5fd3b9a4df5252f98b3c30da80cffd90d613ead6bc7170cf087933f
1706,ord_dataset-ac78456835404910b3a4c840248b6ac9:ord-fbcc811e0f44485ea1db239fba5e0c68,ord_dataset-ac78456835404910b3a4c840248b6ac9,1030,bea4903fb7a77d228014fcc59b94e465a04a2906d033b545283f777e429a8ec0
1707,ord_dataset-ac78456835404910b3a4c840248b6ac9:ord-fbffe81f9abb464287e030b0698086ee,ord_dataset-ac78456835404910b3a4c840248b6ac9,156,9dac1ba087efefce632fad4d46f52ea03c850a38707a3652c7dffd7186e6fe16
1708,ord_dataset-ac78456835404910b3a4c840248b6ac9:ord-fc039434a13544a3a93ac89904eefbe2,ord_dataset-ac78456835404910b3a4c840248b6ac9,218,80a37bad155bf1a34d9b504a6a62a677f4c11b1c2dede7971965cfde78086508
1709,ord_dataset-ac78456835404910b3a4c840248b6ac9:ord-fc3d65f69c684eebbba1710195729465,ord_dataset-ac78456835404910b3a4c840248b6ac9,845,36b6306194131ab652e3a2589b41531d3b02d14b25bd643007110b2d8c76c2f2
1710,ord_dataset-ac78456835404910b3a4c840248b6ac9:ord-fc597c7ba6b54a448bd3fb8eb6088f12,ord_dataset-ac78456835404910b3a4c840248b6ac9,394,5024828bfa692f8d25a44dd51a55a00b7f1393b1f18660994410d342dec05d67
1711,ord_dataset-ac78456835404910b3a4c840248b6ac9:ord-fc7edc1a4b304f02b5ff644a6ed85169,ord_dataset-ac78456835404910b3a4c840248b6ac9,1706,b0a5ccab8263e70860a8a7379334617d8bfcbb0cd48cdc438f8ade17ef68ac8a
1712,ord_dataset-ac78456835404910b3a4c840248b6ac9:ord-fc95573f5b604d45ba054dc20594088e,ord_dataset-ac78456835404910b3a4c840248b6ac9,1582,2c290f96f2e6ac7dc60e371e0c43678cb38ea44f0c3e25337893fd9c247e2f64
1713,ord_dataset-ac78456835404910b3a4c840248b6ac9:ord-fc9a029b3f71487db3dfd95cf2c89c7d,ord_dataset-ac78456835404910b3a4c840248b6ac9,1278,d79a5a48e7f4c217804fe93e82454db8e61a373f298a4d223aabd328034b2738
1714,ord_dataset-ac78456835404910b3a4c840248b6ac9:ord-fd39919db4ca4bffb5a0de0eaa371a10,ord_dataset-ac78456835404910b3a4c840248b6ac9,1611,d1a541b9f4cd09f1d943d3d6292e2c21155bcf483e45fdd316b0ba027bc969d3
1715,ord_dataset-ac78456835404910b3a4c840248b6ac9:ord-fd4d85f0c2f0419bb64fd6d44caa3af3,ord_dataset-ac78456835404910b3a4c840248b6ac9,1576,848c6ae2ce1ee1c104f3fb00d48cf74bab2e04040840f01b67ca75b0ba1922dc
1716,ord_dataset-ac78456835404910b3a4c840248b6ac9:ord-fd59f97f42d34926aa391c91d3517496,ord_dataset-ac78456835404910b3a4c840248b6ac9,793,c9caad65502b15485e4b13d9704ad958be4abdfabd48ce44ec1592edf6ba0704
1717,ord_dataset-ac78456835404910b3a4c840248b6ac9:ord-fd8f419b38994200aeb5351a5c08a008,ord_dataset-ac78456835404910b3a4c840248b6ac9,698,eca51e7f5e95d21948c0b8101595d55cbb392ef565a15cca7255e13df5e88526
1718,ord_dataset-ac78456835404910b3a4c840248b6ac9:ord-fd95e4b1e9ae45a7997bc794423f3727,ord_dataset-ac78456835404910b3a4c840248b6ac9,890,a86280ec684fd27ffbd1a728b47b3f672d05493a94c40a7bedb3f545ee3a0d89
1719,ord_dataset-ac78456835404910b3a4c840248b6ac9:ord-fdb9b78c2ff3407c8675d5940b7d47f2,ord_dataset-ac78456835404910b3a4c840248b6ac9,957,d5d3cc4a18aadb8e043f3e5a080a4079a2b2b8843df2afb0e355becfb167f6f7
1720,ord_dataset-ac78456835404910b3a4c840248b6ac9:ord-fdfb18f18b904fb883a7de1eb022e2f7,ord_dataset-ac78456835404910b3a4c840248b6ac9,859,2df3219696377ec6584241895d4be2b313560cbc77c26eecc0db47d8cc341821
1721,ord_dataset-ac78456835404910b3a4c840248b6ac9:ord-fe0336fecffc4aba9c12fe5f6f6fea36,ord_dataset-ac78456835404910b3a4c840248b6ac9,1033,cc3ec6b301f944f95f87b048e53895bd4266b3e5483a655baa91d268eb068356
1722,ord_dataset-ac78456835404910b3a4c840248b6ac9:ord-fe1d41245436458baad72c8653043feb,ord_dataset-ac78456835404910b3a4c840248b6ac9,1096,7bdc12c7a063ccfd4d7a1714e0dff9e4e0174bcde99fb833fd60d229eca3baf3
1723,ord_dataset-ac78456835404910b3a4c840248b6ac9:ord-fe4b39b00c27493da0456915a416acc6,ord_dataset-ac78456835404910b3a4c840248b6ac9,819,89d054ce2ede44a07ab66463770ff2447b6b83b807a4cc4575fee46752a1b5da
1724,ord_dataset-ac78456835404910b3a4c840248b6ac9:ord-fe733f0b24c4483da6919b6721f915b6,ord_dataset-ac78456835404910b3a4c840248b6ac9,1089,e857d3f59d5e49785f03f667efefb47c61ac290930a15f88d56e233e246297de
1725,ord_dataset-ac78456835404910b3a4c840248b6ac9:ord-fe9736c7e7164185a19b49f92bcfacbb,ord_dataset-ac78456835404910b3a4c840248b6ac9,1705,913f58be2907ed2c17595698ce6d8684435141a686d3c91ee2966318453c873d
1726,ord_dataset-ac78456835404910b3a4c840248b6ac9:ord-fee08cc7082947c8b9767f0c29b90f10,ord_dataset-ac78456835404910b3a4c840248b6ac9,1662,ddba01f5fcff6f9971bb824865605f2cb140e5ce81bd3392b7a398076951896f
1727,ord_dataset-ac78456835404910b3a4c840248b6ac9:ord-ff17869af8e243dcb8f1c6fbae63a446,ord_dataset-ac78456835404910b3a4c840248b6ac9,1700,4d2ffe3066591de343e980dbb615a512d2b8cf98a3afda95b5c8b400b9a1ecff
1728,ord_dataset-ac78456835404910b3a4c840248b6ac9:ord-ff3e7d64360b46a292e19b488ca183b1,ord_dataset-ac78456835404910b3a4c840248b6ac9,1422,537e08b4bba48e8a76cbcb91e7aeddb5736e3644fe0797730aa87ae27e2b5062
1729,ord_dataset-ac78456835404910b3a4c840248b6ac9:ord-ff8f277212ee42fbae79b9af503861ba,ord_dataset-ac78456835404910b3a4c840248b6ac9,468,284ac1ae8b52d55cc8365a54831bcad04343051340d170382409397f9576a7de
