artifact_id,old_path,artifact_class,source_sha256,source_sha256_verified,scan_status,blocking_finding_count,informational_finding_count,sensitive_disposition,upload_allowlist_status_after_scan,next_gate
dataset-artifact-a8887a04479f05644dc318e4,processing/derived/csv/manifests/export_partitions.csv,source-evidence,af426c0afc34a81b540194c318c0327d4d456258753e148879ac8fb59dde9261,true,passed_sensitive_gate,0,0,accepted_pending_remaining_gates,eligible_pending_remaining_release_gates,steps-08-through-25
dataset-artifact-204bb234cb935bd69a54fccb,processing/derived/csv/manifests/logical_dataset_members.csv,source-evidence,ca3f2d586bcaaa1d8c821d2db125624cecec52032c51c839a91cb51bc13df366,true,passed_sensitive_gate,0,0,accepted_pending_remaining_gates,eligible_pending_remaining_release_gates,steps-08-through-25
dataset-artifact-9ab3aabfdd27311b9c6225b5,processing/derived/csv/manifests/logical_datasets.csv,source-evidence,6e21baaae2c37d5d092cf5eb2cf4ee25c34ac67942c749bab7a933a6a716661d,true,passed_sensitive_gate,0,0,accepted_pending_remaining_gates,eligible_pending_remaining_release_gates,steps-08-through-25
dataset-artifact-755e6bb6ded5b0f7914d32b0,processing/derived/csv/manifests/merge_decisions.csv,source-evidence,539e0a0538b5259136988fd9b154658c0c6c7ce38121b7af61570503ea527ed3,true,passed_sensitive_gate,0,0,accepted_pending_remaining_gates,eligible_pending_remaining_release_gates,steps-08-through-25
dataset-artifact-a70c3764e7566c76d372b5b0,processing/derived/csv/manifests/source_evidence.csv,source-evidence,c659cbab662fe972208f6d988831fd8e6c81b200e7f4e2aaf14d9bd122099656,true,passed_sensitive_gate,0,0,accepted_pending_remaining_gates,eligible_pending_remaining_release_gates,steps-08-through-25
dataset-artifact-4d3fe06a91e3e18ce471183d,processing/derived/csv/manifests/validation_report.csv,source-evidence,4e800c3caf902538a35bd65563b682b94ba2da8389586bbc125c50b2384b1bc2,true,passed_sensitive_gate,0,0,accepted_pending_remaining_gates,eligible_pending_remaining_release_gates,steps-08-through-25
dataset-artifact-ee55324359d8c21dded141d4,processing/derived/yonod/datasets/lit_10_1038_s41586_021_03213_y/exclusions.csv,target-adaptation-evidence,6d54c0a92a984d4e0c746190a886781962be19e40e41d57ed16f6b57f438aad6,true,passed_sensitive_gate,0,0,accepted_pending_remaining_gates,eligible_pending_remaining_release_gates,steps-08-through-25
dataset-artifact-a8f0906717fec7a2787c0bde,processing/derived/yonod/datasets/lit_10_1038_s41586_021_03213_y/package_manifest.json,target-adaptation-evidence,57a823ea69d5c90c858784fc9ddd78196a4bdc3a31d473c23fd04b00e164d6a7,true,passed_sensitive_gate,0,0,accepted_pending_remaining_gates,eligible_pending_remaining_release_gates,steps-08-through-25
dataset-artifact-a1929eeb6cd06103280ebc1d,processing/derived/yonod/datasets/lit_10_1038_s41586_021_03213_y/row_audit.jsonl,target-adaptation-evidence,fae8025b5c1a6f35aaa5b6fd67b4cc16d288d407022c2b2fd9d0c66600c35e55,true,passed_sensitive_gate,0,0,accepted_pending_remaining_gates,eligible_pending_remaining_release_gates,steps-08-through-25
dataset-artifact-00cfc88e9ae114f1c9458250,processing/derived/yonod/datasets/lit_10_1038_s41586_021_03213_y/targets/shields_yield_percent/exclusions.csv,model-ready-exclusions,76d6a5ca9f764f76c4db719a17a6bd109080b1ee74d3b6229427611585ea10d0,true,passed_sensitive_gate,0,0,accepted_pending_remaining_gates,eligible_pending_remaining_release_gates,steps-08-through-25
dataset-artifact-3726d21352ed974566df1ea0,processing/derived/yonod/datasets/lit_10_1038_s41586_021_03213_y/targets/shields_yield_percent/row_map.csv,model-ready-row-map,50f04d02cfaa44edb71cbbd10d937ef3e37bc7efe4bbcaf7312a2315181a69be,true,passed_sensitive_gate,0,0,accepted_pending_remaining_gates,eligible_pending_remaining_release_gates,steps-08-through-25
dataset-artifact-9dda4a6bfb1211bb93204897,processing/derived/yonod/datasets/lit_10_1038_s41586_021_03213_y/targets/shields_yield_percent/target_audit.jsonl,model-ready-audit,bd3678420148dd4f9b41942364cb825ca54f5d8895079d3f3610c52147a041dd,true,passed_sensitive_gate,0,0,accepted_pending_remaining_gates,eligible_pending_remaining_release_gates,steps-08-through-25
dataset-artifact-71624112ea6fd51b77e1f3e3,processing/derived/yonod/datasets/lit_10_1038_s41586_021_03213_y/targets/shields_yield_percent/target_manifest.json,model-ready-metadata,e3fd687a908449eaa715233f454401c6988a27f4fc55f1b9d693056f568845ca,true,passed_sensitive_gate,0,0,accepted_pending_remaining_gates,eligible_pending_remaining_release_gates,steps-08-through-25
dataset-artifact-0abb5ad6fcb5dd873e71e8ac,processing/derived/yonod/datasets/lit_10_1038_s44160_023_00351_1/exclusions.csv,target-adaptation-evidence,6d54c0a92a984d4e0c746190a886781962be19e40e41d57ed16f6b57f438aad6,true,passed_sensitive_gate,0,0,accepted_pending_remaining_gates,eligible_pending_remaining_release_gates,steps-08-through-25
dataset-artifact-cd211f9278e80803329f78d0,processing/derived/yonod/datasets/lit_10_1038_s44160_023_00351_1/package_manifest.json,target-adaptation-evidence,6e1e6e3d405f8cc2fcdfdf3fb6842b656599812112117ca978773b2f2d04cd4d,true,passed_sensitive_gate,0,0,accepted_pending_remaining_gates,eligible_pending_remaining_release_gates,steps-08-through-25
dataset-artifact-ff275bccb0c8f7816912712d,processing/derived/yonod/datasets/lit_10_1038_s44160_023_00351_1/row_audit.jsonl,target-adaptation-evidence,6777aff3a8f8df15b40e5ed8ec52296360b6943f1b442a88ca6f2ea0ae0b3937,true,passed_sensitive_gate,0,0,accepted_pending_remaining_gates,eligible_pending_remaining_release_gates,steps-08-through-25
dataset-artifact-7748521dc7b0e1093aea7d69,processing/derived/yonod/datasets/lit_10_1038_s44160_023_00351_1/targets/cernak_member_2be11_conversion_percent/exclusions.csv,model-ready-exclusions,76d6a5ca9f764f76c4db719a17a6bd109080b1ee74d3b6229427611585ea10d0,true,passed_sensitive_gate,0,0,accepted_pending_remaining_gates,eligible_pending_remaining_release_gates,steps-08-through-25
dataset-artifact-d72c832e11e8d9a7f36079ee,processing/derived/yonod/datasets/lit_10_1038_s44160_023_00351_1/targets/cernak_member_2be11_conversion_percent/row_map.csv,model-ready-row-map,9201530efa7e16260d50fecf09f53908640de8f91d27bc66ea1f281feebb719e,true,passed_sensitive_gate,0,0,accepted_pending_remaining_gates,eligible_pending_remaining_release_gates,steps-08-through-25
dataset-artifact-7c578b5cbe99420ac8ad2b72,processing/derived/yonod/datasets/lit_10_1038_s44160_023_00351_1/targets/cernak_member_2be11_conversion_percent/target_audit.jsonl,model-ready-audit,3f51edd588cfd439ed80b161e8e1607b25cea68faf7769f4104d6495dfa2d4c9,true,passed_sensitive_gate,0,0,accepted_pending_remaining_gates,eligible_pending_remaining_release_gates,steps-08-through-25
dataset-artifact-7ed3e70ae3bd36d8392b3d6d,processing/derived/yonod/datasets/lit_10_1038_s44160_023_00351_1/targets/cernak_member_2be11_conversion_percent/target_manifest.json,model-ready-metadata,7952aceb17360a31f20285da8005fd390cc66025605f52fcfd253d980bba9d09,true,passed_sensitive_gate,0,0,accepted_pending_remaining_gates,eligible_pending_remaining_release_gates,steps-08-through-25
dataset-artifact-8301bc1b7f8c78fd6a1b9d70,processing/derived/yonod/datasets/lit_10_1038_s44160_023_00351_1/targets/cernak_member_3b8a2e_conversion_percent/exclusions.csv,model-ready-exclusions,387b7fd0074cab67e339a9f755b1bc2bc4fc4ddd9fd342b36f55b8618746df53,true,passed_sensitive_gate,0,0,accepted_pending_remaining_gates,eligible_pending_remaining_release_gates,steps-08-through-25
dataset-artifact-44ee7d1a3441fd775dade2a9,processing/derived/yonod/datasets/lit_10_1038_s44160_023_00351_1/targets/cernak_member_3b8a2e_conversion_percent/row_map.csv,model-ready-row-map,dce561fb9a6e632f141ea638e7a078466c8971d6480104b6719be30d6f7a7dfd,true,passed_sensitive_gate,0,0,accepted_pending_remaining_gates,eligible_pending_remaining_release_gates,steps-08-through-25
dataset-artifact-1c906475222a4426ab210543,processing/derived/yonod/datasets/lit_10_1038_s44160_023_00351_1/targets/cernak_member_3b8a2e_conversion_percent/target_audit.jsonl,model-ready-audit,33c223ede6e04718cb342d266fbbb594f95846e2015d35d7847713505204901a,true,passed_sensitive_gate,0,0,accepted_pending_remaining_gates,eligible_pending_remaining_release_gates,steps-08-through-25
dataset-artifact-924891784edf064f0c40a6c7,processing/derived/yonod/datasets/lit_10_1038_s44160_023_00351_1/targets/cernak_member_3b8a2e_conversion_percent/target_manifest.json,model-ready-metadata,68c44428df64f1f617c78f1ff128f0b7fd61441d6736013e6eddabf1706c1040,true,passed_sensitive_gate,0,0,accepted_pending_remaining_gates,eligible_pending_remaining_release_gates,steps-08-through-25
dataset-artifact-5692114d2a7d810b8fd7bb4f,processing/derived/yonod/datasets/lit_10_1126_science_1259203/exclusions.csv,target-adaptation-evidence,6d54c0a92a984d4e0c746190a886781962be19e40e41d57ed16f6b57f438aad6,true,passed_sensitive_gate,0,0,accepted_pending_remaining_gates,eligible_pending_remaining_release_gates,steps-08-through-25
dataset-artifact-6191a640e4375f841f8d7bbb,processing/derived/yonod/datasets/lit_10_1126_science_1259203/package_manifest.json,target-adaptation-evidence,63a92f8850377b25306728451088f8d36c34e263154e81fddb59e30ecbafd20c,true,passed_sensitive_gate,0,0,accepted_pending_remaining_gates,eligible_pending_remaining_release_gates,steps-08-through-25
dataset-artifact-ec371a245dbac0685af591e2,processing/derived/yonod/datasets/lit_10_1126_science_1259203/row_audit.jsonl,target-adaptation-evidence,cd1e593e3ac3a69d8e2e01614629666b6a986e3000437d2d9a8504b79cfa6b54,true,passed_sensitive_gate,0,0,accepted_pending_remaining_gates,eligible_pending_remaining_release_gates,steps-08-through-25
dataset-artifact-ae07890eac9c442f8d1d4157,processing/derived/yonod/datasets/lit_10_1126_science_1259203/targets/science_hte_diverse_nucleophile_relative_lc_area_ratio/exclusions.csv,model-ready-exclusions,47c82da6b11c70fbb0ce1b73fcf69ebe8fbf34ff10b97127ff154ef926c70741,true,passed_sensitive_gate,0,0,accepted_pending_remaining_gates,eligible_pending_remaining_release_gates,steps-08-through-25
dataset-artifact-3c2bdac601ed51bce049fc5d,processing/derived/yonod/datasets/lit_10_1126_science_1259203/targets/science_hte_diverse_nucleophile_relative_lc_area_ratio/row_map.csv,model-ready-row-map,5863de3a012bf0587a435d0487d58f59c50434c1ff45c38cea6ea6d9aedb7a07,true,passed_sensitive_gate,0,0,accepted_pending_remaining_gates,eligible_pending_remaining_release_gates,steps-08-through-25
dataset-artifact-94dc5fb516dd4442791a2c21,processing/derived/yonod/datasets/lit_10_1126_science_1259203/targets/science_hte_diverse_nucleophile_relative_lc_area_ratio/target_audit.jsonl,model-ready-audit,20d3cd578b86e0b125ccbe0e3ea3782dd2050c0a48fd2709c2aaa1d4ac6228fe,true,passed_sensitive_gate,0,0,accepted_pending_remaining_gates,eligible_pending_remaining_release_gates,steps-08-through-25
dataset-artifact-aaada35f0a15e9bc5c779fda,processing/derived/yonod/datasets/lit_10_1126_science_1259203/targets/science_hte_diverse_nucleophile_relative_lc_area_ratio/target_manifest.json,model-ready-metadata,afa527691c27adb966173e98bb33352640758898344e93361efdb6abf62ab1ea,true,passed_sensitive_gate,0,0,accepted_pending_remaining_gates,eligible_pending_remaining_release_gates,steps-08-through-25
dataset-artifact-f2e6b589c151b66a2b503dc8,processing/derived/yonod/datasets/physical_1ec2807f02fa4beda27d2a81b86eb843/exclusions.csv,target-adaptation-evidence,6d54c0a92a984d4e0c746190a886781962be19e40e41d57ed16f6b57f438aad6,true,passed_sensitive_gate,0,0,accepted_pending_remaining_gates,eligible_pending_remaining_release_gates,steps-08-through-25
dataset-artifact-97bb4b5da326339aa8c7a043,processing/derived/yonod/datasets/physical_1ec2807f02fa4beda27d2a81b86eb843/package_manifest.json,target-adaptation-evidence,b8a006df4168bdcc4670eb1ef95cb3583fca5a615317e8c72d24db3027a6a195,true,passed_sensitive_gate,0,0,accepted_pending_remaining_gates,eligible_pending_remaining_release_gates,steps-08-through-25
dataset-artifact-8ae4d96c4eebea57a7a8af41,processing/derived/yonod/datasets/physical_1ec2807f02fa4beda27d2a81b86eb843/row_audit.jsonl,target-adaptation-evidence,85d082f33e40e469323327360f4c8bb00e3cf094f3bdf10259d79aca7176532e,true,passed_sensitive_gate,0,0,accepted_pending_remaining_gates,eligible_pending_remaining_release_gates,steps-08-through-25
dataset-artifact-2b71c3e9a7bac67cfff5f200,processing/derived/yonod/datasets/physical_1ec2807f02fa4beda27d2a81b86eb843/targets/catechol_product_2_yield_percent/exclusions.csv,model-ready-exclusions,76d6a5ca9f764f76c4db719a17a6bd109080b1ee74d3b6229427611585ea10d0,true,passed_sensitive_gate,0,0,accepted_pending_remaining_gates,eligible_pending_remaining_release_gates,steps-08-through-25
dataset-artifact-e6d75613370f3ebbd9911f7c,processing/derived/yonod/datasets/physical_1ec2807f02fa4beda27d2a81b86eb843/targets/catechol_product_2_yield_percent/row_map.csv,model-ready-row-map,16d61d8f56d8278be07a447031f8700ec6c5a2c02764c2f0191d86d3a76dc71f,true,passed_sensitive_gate,0,0,accepted_pending_remaining_gates,eligible_pending_remaining_release_gates,steps-08-through-25
dataset-artifact-3267eddac958a4f314dc16d4,processing/derived/yonod/datasets/physical_1ec2807f02fa4beda27d2a81b86eb843/targets/catechol_product_2_yield_percent/target_audit.jsonl,model-ready-audit,96f627cda36b99f17be7e4bd8b17177661c84e6f0cd75fcf9d62f09f1f096388,true,passed_sensitive_gate,0,0,accepted_pending_remaining_gates,eligible_pending_remaining_release_gates,steps-08-through-25
dataset-artifact-9ece129cf297b90d956d94f5,processing/derived/yonod/datasets/physical_1ec2807f02fa4beda27d2a81b86eb843/targets/catechol_product_2_yield_percent/target_manifest.json,model-ready-metadata,c11fbe2ee8a47a53e2ceb716a9c3fadbd8d728c11e39e635ea03a85f4c423885,true,passed_sensitive_gate,0,0,accepted_pending_remaining_gates,eligible_pending_remaining_release_gates,steps-08-through-25
dataset-artifact-05d4713ca4b3369f700ce807,processing/derived/yonod/datasets/physical_1ec2807f02fa4beda27d2a81b86eb843/targets/catechol_product_3_yield_percent/exclusions.csv,model-ready-exclusions,76d6a5ca9f764f76c4db719a17a6bd109080b1ee74d3b6229427611585ea10d0,true,passed_sensitive_gate,0,0,accepted_pending_remaining_gates,eligible_pending_remaining_release_gates,steps-08-through-25
dataset-artifact-aa27150c9d283dfbb9c96b9b,processing/derived/yonod/datasets/physical_1ec2807f02fa4beda27d2a81b86eb843/targets/catechol_product_3_yield_percent/row_map.csv,model-ready-row-map,4089f9b99c44fc7bf8c06a5399a37378c28572da4f9f7bbb414bc51c56f21201,true,passed_sensitive_gate,0,0,accepted_pending_remaining_gates,eligible_pending_remaining_release_gates,steps-08-through-25
dataset-artifact-e121b6f6fd9d476605634d19,processing/derived/yonod/datasets/physical_1ec2807f02fa4beda27d2a81b86eb843/targets/catechol_product_3_yield_percent/target_audit.jsonl,model-ready-audit,fb6280e62cda2401ae8d18ad2cd6ff984a973fe40e55ba97cd14e7134ad61a14,true,passed_sensitive_gate,0,0,accepted_pending_remaining_gates,eligible_pending_remaining_release_gates,steps-08-through-25
dataset-artifact-2259504b0e8fde479396b4eb,processing/derived/yonod/datasets/physical_1ec2807f02fa4beda27d2a81b86eb843/targets/catechol_product_3_yield_percent/target_manifest.json,model-ready-metadata,aa9c530d7b845b9172baa00c782c25181dc9bce0e7d84092a9c086e01bb5e453,true,passed_sensitive_gate,0,0,accepted_pending_remaining_gates,eligible_pending_remaining_release_gates,steps-08-through-25
dataset-artifact-d1821770625b9155dbb1ac4c,processing/derived/yonod/datasets/physical_1ec2807f02fa4beda27d2a81b86eb843/targets/catechol_total_product_yield_percent/exclusions.csv,model-ready-exclusions,76d6a5ca9f764f76c4db719a17a6bd109080b1ee74d3b6229427611585ea10d0,true,passed_sensitive_gate,0,0,accepted_pending_remaining_gates,eligible_pending_remaining_release_gates,steps-08-through-25
dataset-artifact-fa905876ec3edab16969e60d,processing/derived/yonod/datasets/physical_1ec2807f02fa4beda27d2a81b86eb843/targets/catechol_total_product_yield_percent/row_map.csv,model-ready-row-map,40d9792859650c359c8306eab46ca5feee06fe0cb97509e5b043c3421660871b,true,passed_sensitive_gate,0,0,accepted_pending_remaining_gates,eligible_pending_remaining_release_gates,steps-08-through-25
dataset-artifact-5ae95d59a847b22179f294ff,processing/derived/yonod/datasets/physical_1ec2807f02fa4beda27d2a81b86eb843/targets/catechol_total_product_yield_percent/target_audit.jsonl,model-ready-audit,41947a72dd087cb585a9268ee7f491e258fba6c869fd96fb812d4ab7608ecc58,true,passed_sensitive_gate,0,0,accepted_pending_remaining_gates,eligible_pending_remaining_release_gates,steps-08-through-25
dataset-artifact-1a2d71807503d6ac306fe1d8,processing/derived/yonod/datasets/physical_1ec2807f02fa4beda27d2a81b86eb843/targets/catechol_total_product_yield_percent/target_manifest.json,model-ready-metadata,361c34b10ec1d8d3d765a3ff807d66c9555785df20113eca2268c6da09f0993a,true,passed_sensitive_gate,0,0,accepted_pending_remaining_gates,eligible_pending_remaining_release_gates,steps-08-through-25
dataset-artifact-91938ec05e9f1d430299ce9e,processing/derived/yonod/datasets/physical_46ff9a32d9e04016b9380b1b1ef949c3/exclusions.csv,target-adaptation-evidence,6d54c0a92a984d4e0c746190a886781962be19e40e41d57ed16f6b57f438aad6,true,passed_sensitive_gate,0,0,accepted_pending_remaining_gates,eligible_pending_remaining_release_gates,steps-08-through-25
dataset-artifact-fc9fad9e9a7c42bb6d9ee57e,processing/derived/yonod/datasets/physical_46ff9a32d9e04016b9380b1b1ef949c3/package_manifest.json,target-adaptation-evidence,e9224b2a9a913c7c2fd6e2e9448a39168821be61ec84c64a90b91a6da61c2651,true,passed_sensitive_gate,0,0,accepted_pending_remaining_gates,eligible_pending_remaining_release_gates,steps-08-through-25
dataset-artifact-7c165d157a9f9744e2e6c75b,processing/derived/yonod/datasets/physical_46ff9a32d9e04016b9380b1b1ef949c3/row_audit.jsonl,target-adaptation-evidence,1755ca0af25475212e4e794e3f875175dc7d8e5c4f7d67725176c2b35fdcc619,true,passed_sensitive_gate,0,0,accepted_pending_remaining_gates,eligible_pending_remaining_release_gates,steps-08-through-25
dataset-artifact-2ee9581cd7b84d3f16b96cb9,processing/derived/yonod/datasets/physical_46ff9a32d9e04016b9380b1b1ef949c3/targets/ahneman_yield_percent/exclusions.csv,model-ready-exclusions,76d6a5ca9f764f76c4db719a17a6bd109080b1ee74d3b6229427611585ea10d0,true,passed_sensitive_gate,0,0,accepted_pending_remaining_gates,eligible_pending_remaining_release_gates,steps-08-through-25
dataset-artifact-da8d22878b93e44cf9c84c76,processing/derived/yonod/datasets/physical_46ff9a32d9e04016b9380b1b1ef949c3/targets/ahneman_yield_percent/row_map.csv,model-ready-row-map,a1cecd6b5d68702d2153c35c0d6c184f8a72f7b73b486bbc48cc1b07c15e9504,true,passed_sensitive_gate,0,0,accepted_pending_remaining_gates,eligible_pending_remaining_release_gates,steps-08-through-25
dataset-artifact-488e6e2886510e08121d4bb9,processing/derived/yonod/datasets/physical_46ff9a32d9e04016b9380b1b1ef949c3/targets/ahneman_yield_percent/target_audit.jsonl,model-ready-audit,51a45a5858b8b5ea0f068388fd2d7af3ace39f76f685e0f10054e368dfb87215,true,passed_sensitive_gate,0,0,accepted_pending_remaining_gates,eligible_pending_remaining_release_gates,steps-08-through-25
dataset-artifact-bac58308ed437794a6bfe17b,processing/derived/yonod/datasets/physical_46ff9a32d9e04016b9380b1b1ef949c3/targets/ahneman_yield_percent/target_manifest.json,model-ready-metadata,4ef7cb6263a28e2e40f4106ce6260a29184768b55458e6e88f2724a4839db845,true,passed_sensitive_gate,0,0,accepted_pending_remaining_gates,eligible_pending_remaining_release_gates,steps-08-through-25
dataset-artifact-7be98a38cd80e6a421b8691b,processing/derived/yonod/datasets/physical_5c9a10329a8a48968d18879a48bb8ab2/exclusions.csv,target-adaptation-evidence,6d54c0a92a984d4e0c746190a886781962be19e40e41d57ed16f6b57f438aad6,true,passed_sensitive_gate,0,0,accepted_pending_remaining_gates,eligible_pending_remaining_release_gates,steps-08-through-25
dataset-artifact-c8bb0470ccd639c8918c4fdf,processing/derived/yonod/datasets/physical_5c9a10329a8a48968d18879a48bb8ab2/package_manifest.json,target-adaptation-evidence,8c19e9d72a464467944af03f76ec4f09aba7b601665cb64a747818186bc5d69a,true,passed_sensitive_gate,0,0,accepted_pending_remaining_gates,eligible_pending_remaining_release_gates,steps-08-through-25
dataset-artifact-792170b07601aa5dfcbbdf50,processing/derived/yonod/datasets/physical_5c9a10329a8a48968d18879a48bb8ab2/row_audit.jsonl,target-adaptation-evidence,a1cddf03faf31c2e61c8e2203b8b9437c089408a68becddf223b78131f86dbeb,true,passed_sensitive_gate,0,0,accepted_pending_remaining_gates,eligible_pending_remaining_release_gates,steps-08-through-25
dataset-artifact-76c4e107191c8fff11bbfe58,processing/derived/yonod/datasets/physical_5c9a10329a8a48968d18879a48bb8ab2/targets/chan_lam_yield_percent/exclusions.csv,model-ready-exclusions,c38d3b8c64ebba864704cb4f2d7cbe418c1528aa32daf283e82b1fa16c4583f1,true,passed_sensitive_gate,0,0,accepted_pending_remaining_gates,eligible_pending_remaining_release_gates,steps-08-through-25
dataset-artifact-4fe4a882cd00fe03f854f487,processing/derived/yonod/datasets/physical_5c9a10329a8a48968d18879a48bb8ab2/targets/chan_lam_yield_percent/row_map.csv,model-ready-row-map,3c99c78f8e5e02044c4274a9ed94756af60ee597d51efe797cecbadfe4a7f6ef,true,passed_sensitive_gate,0,0,accepted_pending_remaining_gates,eligible_pending_remaining_release_gates,steps-08-through-25
dataset-artifact-404a5c4159a691b13574755a,processing/derived/yonod/datasets/physical_5c9a10329a8a48968d18879a48bb8ab2/targets/chan_lam_yield_percent/target_audit.jsonl,model-ready-audit,8a3a14fb1b89994d3b7414dd1548595419fa4d413c908b6658e703d6ab817261,true,passed_sensitive_gate,0,0,accepted_pending_remaining_gates,eligible_pending_remaining_release_gates,steps-08-through-25
dataset-artifact-0904103affa7023de5ccae25,processing/derived/yonod/datasets/physical_5c9a10329a8a48968d18879a48bb8ab2/targets/chan_lam_yield_percent/target_manifest.json,model-ready-metadata,edda22eaad09461fd3b354c96b72b6afe14accbdbae4e5d0e489bc6a2b232441,true,passed_sensitive_gate,0,0,accepted_pending_remaining_gates,eligible_pending_remaining_release_gates,steps-08-through-25
dataset-artifact-e09bd39c274f7e60589a23cb,processing/derived/yonod/datasets/physical_68cb8b4b2b384e3d85b5b1efae58b203/exclusions.csv,target-adaptation-evidence,6d54c0a92a984d4e0c746190a886781962be19e40e41d57ed16f6b57f438aad6,true,passed_sensitive_gate,0,0,accepted_pending_remaining_gates,eligible_pending_remaining_release_gates,steps-08-through-25
dataset-artifact-a6dd142a36e82540ca089fa1,processing/derived/yonod/datasets/physical_68cb8b4b2b384e3d85b5b1efae58b203/package_manifest.json,target-adaptation-evidence,8c05ef3fa4ca83ad25f9176d264b3a6cbb2c88cdcceed7a257fb10bace703e14,true,passed_sensitive_gate,0,0,accepted_pending_remaining_gates,eligible_pending_remaining_release_gates,steps-08-through-25
dataset-artifact-f374041799ef4df87ceb587a,processing/derived/yonod/datasets/physical_68cb8b4b2b384e3d85b5b1efae58b203/row_audit.jsonl,target-adaptation-evidence,832d29bf5a4f6beab6455964b44bd17dfb2b0a6b818a574325d36571a25c7ac5,true,passed_sensitive_gate,0,0,accepted_pending_remaining_gates,eligible_pending_remaining_release_gates,steps-08-through-25
dataset-artifact-a7ba10aa0796aeac2451587b,processing/derived/yonod/datasets/physical_68cb8b4b2b384e3d85b5b1efae58b203/targets/suzuki_yield_percent/exclusions.csv,model-ready-exclusions,76d6a5ca9f764f76c4db719a17a6bd109080b1ee74d3b6229427611585ea10d0,true,passed_sensitive_gate,0,0,accepted_pending_remaining_gates,eligible_pending_remaining_release_gates,steps-08-through-25
dataset-artifact-3f6cae2ba3c9200d32d30298,processing/derived/yonod/datasets/physical_68cb8b4b2b384e3d85b5b1efae58b203/targets/suzuki_yield_percent/row_map.csv,model-ready-row-map,175f9d5922e70418d935aa0aea4113151005cefe12a8de714023a8397c224786,true,passed_sensitive_gate,0,0,accepted_pending_remaining_gates,eligible_pending_remaining_release_gates,steps-08-through-25
dataset-artifact-8fd8c1ba5f7c83bfa3b98515,processing/derived/yonod/datasets/physical_68cb8b4b2b384e3d85b5b1efae58b203/targets/suzuki_yield_percent/target_audit.jsonl,model-ready-audit,d96060c7a5a7e8eee55a6b76dba11b5716f8f335c16bc68173aa5fc4da2f2b79,true,passed_sensitive_gate,0,0,accepted_pending_remaining_gates,eligible_pending_remaining_release_gates,steps-08-through-25
dataset-artifact-73be0816cf838f353c04ac62,processing/derived/yonod/datasets/physical_68cb8b4b2b384e3d85b5b1efae58b203/targets/suzuki_yield_percent/target_manifest.json,model-ready-metadata,6ce863cc232d5a85b0b8d32ab002ff156271a07dd384e19d40d9e9d335ab27d2,true,passed_sensitive_gate,0,0,accepted_pending_remaining_gates,eligible_pending_remaining_release_gates,steps-08-through-25
dataset-artifact-3192e861f2c630fa1317bf95,processing/derived/yonod/datasets/physical_805ad863feef48579d95d86a728035f4/exclusions.csv,target-adaptation-evidence,6d54c0a92a984d4e0c746190a886781962be19e40e41d57ed16f6b57f438aad6,true,passed_sensitive_gate,0,0,accepted_pending_remaining_gates,eligible_pending_remaining_release_gates,steps-08-through-25
dataset-artifact-1e32da7e583f83b58fc63876,processing/derived/yonod/datasets/physical_805ad863feef48579d95d86a728035f4/package_manifest.json,target-adaptation-evidence,89e856774fa3bf42a002cbcb17a0ac66de2d68e19ac8759eb695616a3af486cf,true,passed_sensitive_gate,0,0,accepted_pending_remaining_gates,eligible_pending_remaining_release_gates,steps-08-through-25
dataset-artifact-3bd149f1b099b2ec81cc839f,processing/derived/yonod/datasets/physical_805ad863feef48579d95d86a728035f4/row_audit.jsonl,target-adaptation-evidence,76f1598b5e8166aeda3968d0e982ade575e55ef00a6f088b7ff8745e94fbc3ee,true,passed_sensitive_gate,0,0,accepted_pending_remaining_gates,eligible_pending_remaining_release_gates,steps-08-through-25
dataset-artifact-c9fd648e790458baa6b606f8,processing/derived/yonod/datasets/physical_805ad863feef48579d95d86a728035f4/targets/c_n_yield_percent/exclusions.csv,model-ready-exclusions,5417d6c8e549a88ff47b35be0935732df0df58a41cfe5821551c6c37a8df5609,true,passed_sensitive_gate,0,0,accepted_pending_remaining_gates,eligible_pending_remaining_release_gates,steps-08-through-25
dataset-artifact-9274812188582f8c49223e65,processing/derived/yonod/datasets/physical_805ad863feef48579d95d86a728035f4/targets/c_n_yield_percent/row_map.csv,model-ready-row-map,13fac23db2bd8b4c6ab4093a7ef70afe80c08aa0ea9c197ccf6b039db55ab0fe,true,passed_sensitive_gate,0,0,accepted_pending_remaining_gates,eligible_pending_remaining_release_gates,steps-08-through-25
dataset-artifact-0b41262d0b90456a869e35d3,processing/derived/yonod/datasets/physical_805ad863feef48579d95d86a728035f4/targets/c_n_yield_percent/target_audit.jsonl,model-ready-audit,3c3f98eb4f86f6ad7a419fd45582815af45bb6f29f3942f70018557d46820975,true,passed_sensitive_gate,0,0,accepted_pending_remaining_gates,eligible_pending_remaining_release_gates,steps-08-through-25
dataset-artifact-3193250a97b14bf82ce5b101,processing/derived/yonod/datasets/physical_805ad863feef48579d95d86a728035f4/targets/c_n_yield_percent/target_manifest.json,model-ready-metadata,c41c1d5c868885fefbc83391cabe570fabcc78f3c3bc42b6be176b56823b99fa,true,passed_sensitive_gate,0,0,accepted_pending_remaining_gates,eligible_pending_remaining_release_gates,steps-08-through-25
dataset-artifact-d18d783e7ad72855a15d4b00,processing/derived/yonod/datasets/physical_99c23cf435dc42f1af884053bc8b11c7/exclusions.csv,target-adaptation-evidence,6d54c0a92a984d4e0c746190a886781962be19e40e41d57ed16f6b57f438aad6,true,passed_sensitive_gate,0,0,accepted_pending_remaining_gates,eligible_pending_remaining_release_gates,steps-08-through-25
dataset-artifact-f7a8fd85b2184e97b4b1d4ef,processing/derived/yonod/datasets/physical_99c23cf435dc42f1af884053bc8b11c7/package_manifest.json,target-adaptation-evidence,ba577877b48cd9f81d9e36afa52049696e6d440ac1abd86f0353c6cf6083a1fd,true,passed_sensitive_gate,0,0,accepted_pending_remaining_gates,eligible_pending_remaining_release_gates,steps-08-through-25
dataset-artifact-bad88d83ae66d665a6d020c4,processing/derived/yonod/datasets/physical_99c23cf435dc42f1af884053bc8b11c7/row_audit.jsonl,target-adaptation-evidence,13ffbadaeae1b1990e0bdbdf02b4922017f2eb7c51f908f95b2ffea5708be366,true,passed_sensitive_gate,0,0,accepted_pending_remaining_gates,eligible_pending_remaining_release_gates,steps-08-through-25
dataset-artifact-59716a5b07f16c4b2bca56b8,processing/derived/yonod/datasets/physical_99c23cf435dc42f1af884053bc8b11c7/targets/roche_borylation_yield_percent/exclusions.csv,model-ready-exclusions,d9720dd55e00531159a9b4ce5b4ee4c4bc2fa67928cf2b54dfef750582942067,true,passed_sensitive_gate,0,0,accepted_pending_remaining_gates,eligible_pending_remaining_release_gates,steps-08-through-25
dataset-artifact-582bf670e956acb5efa01e19,processing/derived/yonod/datasets/physical_99c23cf435dc42f1af884053bc8b11c7/targets/roche_borylation_yield_percent/row_map.csv,model-ready-row-map,ee49ecdc3cc1f6204501ab73c1b4c6954ef7cc476d646a3ae8c5530007b7ba3b,true,passed_sensitive_gate,0,0,accepted_pending_remaining_gates,eligible_pending_remaining_release_gates,steps-08-through-25
dataset-artifact-cffd41af0a764526f88d45ac,processing/derived/yonod/datasets/physical_99c23cf435dc42f1af884053bc8b11c7/targets/roche_borylation_yield_percent/target_audit.jsonl,model-ready-audit,09ac3d6d059b8e137d529a851d3b37f67deefec7c3a46578f7b0d251528c5402,true,passed_sensitive_gate,0,0,accepted_pending_remaining_gates,eligible_pending_remaining_release_gates,steps-08-through-25
dataset-artifact-34ab50bedb15d4166ee39046,processing/derived/yonod/datasets/physical_99c23cf435dc42f1af884053bc8b11c7/targets/roche_borylation_yield_percent/target_manifest.json,model-ready-metadata,889757078019f419384982d873cb5795594ef3d7cab3fc4e191ad727a525ad42,true,passed_sensitive_gate,0,0,accepted_pending_remaining_gates,eligible_pending_remaining_release_gates,steps-08-through-25
dataset-artifact-0dad16bfd3fed6a504ca59dc,processing/derived/yonod/datasets/physical_9b8aa9a7835143ef8ce3f70abfab7545/exclusions.csv,target-adaptation-evidence,6d54c0a92a984d4e0c746190a886781962be19e40e41d57ed16f6b57f438aad6,true,passed_sensitive_gate,0,0,accepted_pending_remaining_gates,eligible_pending_remaining_release_gates,steps-08-through-25
dataset-artifact-1497466e68f631ebb03d553c,processing/derived/yonod/datasets/physical_9b8aa9a7835143ef8ce3f70abfab7545/package_manifest.json,target-adaptation-evidence,25d08a624efee111cbaa6c16e3bf209d97a3adcb1a5c8490eb0d9c4712ed9e2b,true,passed_sensitive_gate,0,0,accepted_pending_remaining_gates,eligible_pending_remaining_release_gates,steps-08-through-25
dataset-artifact-3dd4f154b44371b9811f180c,processing/derived/yonod/datasets/physical_9b8aa9a7835143ef8ce3f70abfab7545/row_audit.jsonl,target-adaptation-evidence,cd8033ae828b3133b55e3ca7101c95c82950d23ea16086c4410fcdabb2366554,true,passed_sensitive_gate,0,0,accepted_pending_remaining_gates,eligible_pending_remaining_release_gates,steps-08-through-25
dataset-artifact-023b51a552e5361be905c140,processing/derived/yonod/datasets/physical_9b8aa9a7835143ef8ce3f70abfab7545/targets/nicolit_yield_percent/exclusions.csv,model-ready-exclusions,87f2030866815078e63355992d1dcb1ecdb133fa390593c2571e08525a4693ac,true,passed_sensitive_gate,0,0,accepted_pending_remaining_gates,eligible_pending_remaining_release_gates,steps-08-through-25
dataset-artifact-dc44df343516a3f26942a0ba,processing/derived/yonod/datasets/physical_9b8aa9a7835143ef8ce3f70abfab7545/targets/nicolit_yield_percent/row_map.csv,model-ready-row-map,acc6d7300beb9464bdc0ae3d9c5cdf8acf885588fca51460a036bfdef0351f03,true,passed_sensitive_gate,0,0,accepted_pending_remaining_gates,eligible_pending_remaining_release_gates,steps-08-through-25
dataset-artifact-2bb2c9ba8ece1879d308c992,processing/derived/yonod/datasets/physical_9b8aa9a7835143ef8ce3f70abfab7545/targets/nicolit_yield_percent/target_audit.jsonl,model-ready-audit,59f4a0c49a1a55400330b1bb372247098d02749e7c6a9155c9e4fab13ed44a6c,true,passed_sensitive_gate,0,0,accepted_pending_remaining_gates,eligible_pending_remaining_release_gates,steps-08-through-25
dataset-artifact-48ae23ade929b1a0183f20bc,processing/derived/yonod/datasets/physical_9b8aa9a7835143ef8ce3f70abfab7545/targets/nicolit_yield_percent/target_manifest.json,model-ready-metadata,9bc1ff1f9dd8bf1d22cd99df399513af0a382b7505574d90f391e9e5617bc7ba,true,passed_sensitive_gate,0,0,accepted_pending_remaining_gates,eligible_pending_remaining_release_gates,steps-08-through-25
dataset-artifact-a5834adaa81357973d67f6dd,processing/derived/yonod/datasets/physical_ac78456835404910b3a4c840248b6ac9/exclusions.csv,target-adaptation-evidence,6d54c0a92a984d4e0c746190a886781962be19e40e41d57ed16f6b57f438aad6,true,passed_sensitive_gate,0,0,accepted_pending_remaining_gates,eligible_pending_remaining_release_gates,steps-08-through-25
dataset-artifact-ae3bf5811b7589c9bad5f03e,processing/derived/yonod/datasets/physical_ac78456835404910b3a4c840248b6ac9/package_manifest.json,target-adaptation-evidence,67ddd371ee9876c0d145660cfe845459120ffb7136f97d1c9e5a030e722c11a6,true,passed_sensitive_gate,0,0,accepted_pending_remaining_gates,eligible_pending_remaining_release_gates,steps-08-through-25
dataset-artifact-3282f29974b773cff6d1f3aa,processing/derived/yonod/datasets/physical_ac78456835404910b3a4c840248b6ac9/row_audit.jsonl,target-adaptation-evidence,a30030c8057fcdcdbb733cafb56470d4eb329d28af2507f3e9b6f823341b7ba9,true,passed_sensitive_gate,0,0,accepted_pending_remaining_gates,eligible_pending_remaining_release_gates,steps-08-through-25
dataset-artifact-f02a2f60d8f89a6e4ac6954e,processing/derived/yonod/datasets/physical_ac78456835404910b3a4c840248b6ac9/targets/nano_yield_percent/exclusions.csv,model-ready-exclusions,76d6a5ca9f764f76c4db719a17a6bd109080b1ee74d3b6229427611585ea10d0,true,passed_sensitive_gate,0,0,accepted_pending_remaining_gates,eligible_pending_remaining_release_gates,steps-08-through-25
dataset-artifact-b0dfc1e031820520fe2211a9,processing/derived/yonod/datasets/physical_ac78456835404910b3a4c840248b6ac9/targets/nano_yield_percent/row_map.csv,model-ready-row-map,ffedd123fdc03215c748d8a18d3d86bbc4184b2b9ff44d2b968cc387fb5423d0,true,passed_sensitive_gate,0,0,accepted_pending_remaining_gates,eligible_pending_remaining_release_gates,steps-08-through-25
dataset-artifact-cf226016de57e39450d17d45,processing/derived/yonod/datasets/physical_ac78456835404910b3a4c840248b6ac9/targets/nano_yield_percent/target_audit.jsonl,model-ready-audit,f1068cc97bb89448b35c308d75ea7a382712ebb8f3eace4df2abf435b808a054,true,passed_sensitive_gate,0,0,accepted_pending_remaining_gates,eligible_pending_remaining_release_gates,steps-08-through-25
dataset-artifact-baf66a12de4bd370775d79cb,processing/derived/yonod/datasets/physical_ac78456835404910b3a4c840248b6ac9/targets/nano_yield_percent/target_manifest.json,model-ready-metadata,3254e435999926efc70bcf548e66b39d303e3ebbaa549c68ef922717e465d075,true,passed_sensitive_gate,0,0,accepted_pending_remaining_gates,eligible_pending_remaining_release_gates,steps-08-through-25
dataset-artifact-a27f35c4c5e18973fb73bcfb,processing/derived/yonod/datasets/physical_b440f8c90b6343189093770060fc4098/exclusions.csv,target-adaptation-evidence,6d54c0a92a984d4e0c746190a886781962be19e40e41d57ed16f6b57f438aad6,true,passed_sensitive_gate,0,0,accepted_pending_remaining_gates,eligible_pending_remaining_release_gates,steps-08-through-25
dataset-artifact-047e730e87c7bd9cc905e592,processing/derived/yonod/datasets/physical_b440f8c90b6343189093770060fc4098/package_manifest.json,target-adaptation-evidence,789864750fccc21b2d01d268494ba7418c83646d5a4e18391f13834eba1ab387,true,passed_sensitive_gate,0,0,accepted_pending_remaining_gates,eligible_pending_remaining_release_gates,steps-08-through-25
dataset-artifact-666e7189f6665d4a2cfe95ca,processing/derived/yonod/datasets/physical_b440f8c90b6343189093770060fc4098/row_audit.jsonl,target-adaptation-evidence,03f8e1d6faa3a16a94058fb9efa8acc754ef6c8666f9f7066703fcaabf39d69b,true,passed_sensitive_gate,0,0,accepted_pending_remaining_gates,eligible_pending_remaining_release_gates,steps-08-through-25
dataset-artifact-c61ee519e24345471f458b04,processing/derived/yonod/datasets/physical_b440f8c90b6343189093770060fc4098/targets/photodehalogenation_conversion_percent/exclusions.csv,model-ready-exclusions,76d6a5ca9f764f76c4db719a17a6bd109080b1ee74d3b6229427611585ea10d0,true,passed_sensitive_gate,0,0,accepted_pending_remaining_gates,eligible_pending_remaining_release_gates,steps-08-through-25
dataset-artifact-fa7bf6e38638a7f04244e086,processing/derived/yonod/datasets/physical_b440f8c90b6343189093770060fc4098/targets/photodehalogenation_conversion_percent/row_map.csv,model-ready-row-map,e1c91bfc396d85a7b2fda5f219366b114cdb24908922758445734504ef8bfc0b,true,passed_sensitive_gate,0,0,accepted_pending_remaining_gates,eligible_pending_remaining_release_gates,steps-08-through-25
dataset-artifact-84a2f2e0f60534204f1b8812,processing/derived/yonod/datasets/physical_b440f8c90b6343189093770060fc4098/targets/photodehalogenation_conversion_percent/target_audit.jsonl,model-ready-audit,111bbbe137bb48cf53fbacfddbc33b1a4545adaedd9ff7574cbcceb5a3afdad1,true,passed_sensitive_gate,0,0,accepted_pending_remaining_gates,eligible_pending_remaining_release_gates,steps-08-through-25
dataset-artifact-a38ee1831b716b967f799fbf,processing/derived/yonod/datasets/physical_b440f8c90b6343189093770060fc4098/targets/photodehalogenation_conversion_percent/target_manifest.json,model-ready-metadata,fb503dd8570712dc890bbbb6ef352e6c8bd07ffed6f44833174a1dc823bec490,true,passed_sensitive_gate,0,0,accepted_pending_remaining_gates,eligible_pending_remaining_release_gates,steps-08-through-25
dataset-artifact-a2c4bc950afdfd7264696fe7,processing/derived/yonod/datasets/physical_c5b00523487a4211a194160edf45e9ab/exclusions.csv,target-adaptation-evidence,6d54c0a92a984d4e0c746190a886781962be19e40e41d57ed16f6b57f438aad6,true,passed_sensitive_gate,0,0,accepted_pending_remaining_gates,eligible_pending_remaining_release_gates,steps-08-through-25
dataset-artifact-338141bb3ac9d70bb9f0a5af,processing/derived/yonod/datasets/physical_c5b00523487a4211a194160edf45e9ab/package_manifest.json,target-adaptation-evidence,72507946c1b33266cf264fc69ea98c0f778d7902842908d5aae0e4ffd1ccebce,true,passed_sensitive_gate,0,0,accepted_pending_remaining_gates,eligible_pending_remaining_release_gates,steps-08-through-25
dataset-artifact-16e4132684f123bfd98ca1f0,processing/derived/yonod/datasets/physical_c5b00523487a4211a194160edf45e9ab/row_audit.jsonl,target-adaptation-evidence,a906ae0c812c2f2c88298629c340d22df82ffbb061fd053cca09f2367c3f9c5b,true,passed_sensitive_gate,0,0,accepted_pending_remaining_gates,eligible_pending_remaining_release_gates,steps-08-through-25
dataset-artifact-59a001eab766d84395bd7e3e,processing/derived/yonod/datasets/physical_c5b00523487a4211a194160edf45e9ab/targets/asymmetric_alkylation_ee_s_minus_r_percent/exclusions.csv,model-ready-exclusions,76d6a5ca9f764f76c4db719a17a6bd109080b1ee74d3b6229427611585ea10d0,true,passed_sensitive_gate,0,0,accepted_pending_remaining_gates,eligible_pending_remaining_release_gates,steps-08-through-25
dataset-artifact-fac002c7e3dfe3a1809fdb08,processing/derived/yonod/datasets/physical_c5b00523487a4211a194160edf45e9ab/targets/asymmetric_alkylation_ee_s_minus_r_percent/row_map.csv,model-ready-row-map,a829c13773734275e8c368cf7a387334ad3e6e241ce45958eb7f6034155e87fb,true,passed_sensitive_gate,0,0,accepted_pending_remaining_gates,eligible_pending_remaining_release_gates,steps-08-through-25
dataset-artifact-5de280ca0901bd9948e82651,processing/derived/yonod/datasets/physical_c5b00523487a4211a194160edf45e9ab/targets/asymmetric_alkylation_ee_s_minus_r_percent/target_audit.jsonl,model-ready-audit,d035af84551d3fbf4e6049b3250cfca72fbd53ea6c672311f74006c9cd349cf5,true,passed_sensitive_gate,0,0,accepted_pending_remaining_gates,eligible_pending_remaining_release_gates,steps-08-through-25
dataset-artifact-cbeed8024928078a553ff48f,processing/derived/yonod/datasets/physical_c5b00523487a4211a194160edf45e9ab/targets/asymmetric_alkylation_ee_s_minus_r_percent/target_manifest.json,model-ready-metadata,887684dfa3ec3bcca452aae2e1db9c4ae2e47acf36b50cf4754bd8f411c2257f,true,passed_sensitive_gate,0,0,accepted_pending_remaining_gates,eligible_pending_remaining_release_gates,steps-08-through-25
dataset-artifact-ab7660ab6c4d7ca97d8fbccd,processing/derived/yonod/datasets/physical_d92976309c3a48a3a64a4cf5e7048086/exclusions.csv,target-adaptation-evidence,6d54c0a92a984d4e0c746190a886781962be19e40e41d57ed16f6b57f438aad6,true,passed_sensitive_gate,0,0,accepted_pending_remaining_gates,eligible_pending_remaining_release_gates,steps-08-through-25
dataset-artifact-fda2bdffd307c6d0c481cd86,processing/derived/yonod/datasets/physical_d92976309c3a48a3a64a4cf5e7048086/package_manifest.json,target-adaptation-evidence,f759d37f438a9365779887fe42d37dd518976cef21a048308c1064e893e8b627,true,passed_sensitive_gate,0,0,accepted_pending_remaining_gates,eligible_pending_remaining_release_gates,steps-08-through-25
dataset-artifact-8c815f010a4fd9ac2ce50802,processing/derived/yonod/datasets/physical_d92976309c3a48a3a64a4cf5e7048086/row_audit.jsonl,target-adaptation-evidence,66799f0d583a00c3767fb6ee340f2367293102f461c687e5279fe6d72c96f7dd,true,passed_sensitive_gate,0,0,accepted_pending_remaining_gates,eligible_pending_remaining_release_gates,steps-08-through-25
dataset-artifact-a3cd1a7bcd63a810264e4ffe,processing/derived/yonod/datasets/physical_d92976309c3a48a3a64a4cf5e7048086/targets/pfizer_lcms_area_percent/exclusions.csv,model-ready-exclusions,76d6a5ca9f764f76c4db719a17a6bd109080b1ee74d3b6229427611585ea10d0,true,passed_sensitive_gate,0,0,accepted_pending_remaining_gates,eligible_pending_remaining_release_gates,steps-08-through-25
dataset-artifact-765088f719cad7b1bfa87527,processing/derived/yonod/datasets/physical_d92976309c3a48a3a64a4cf5e7048086/targets/pfizer_lcms_area_percent/row_map.csv,model-ready-row-map,e9105d86594a9816be25a1f5fc5b0ea5c8ca4fad28fcec7a77f70c5dbe4b7c0e,true,passed_sensitive_gate,0,0,accepted_pending_remaining_gates,eligible_pending_remaining_release_gates,steps-08-through-25
dataset-artifact-3521f5f323c7264586843afc,processing/derived/yonod/datasets/physical_d92976309c3a48a3a64a4cf5e7048086/targets/pfizer_lcms_area_percent/target_audit.jsonl,model-ready-audit,fce81ca14d751160006f0334d7403a909dbdd2b091535d03bb5d1fbd7aea06f0,true,passed_sensitive_gate,0,0,accepted_pending_remaining_gates,eligible_pending_remaining_release_gates,steps-08-through-25
dataset-artifact-bdc598206b83c76dc042147c,processing/derived/yonod/datasets/physical_d92976309c3a48a3a64a4cf5e7048086/targets/pfizer_lcms_area_percent/target_manifest.json,model-ready-metadata,01f0731a3adda3f3031834a4cdf27891acdeb6f660ddd310b250e7f3fac05900,true,passed_sensitive_gate,0,0,accepted_pending_remaining_gates,eligible_pending_remaining_release_gates,steps-08-through-25
dataset-artifact-2fbff956b6368dcc8f0d1356,processing/derived/yonod/datasets/upstream_chemrxiv_64c7e2e1658ec5f7e5808425/exclusions.csv,target-adaptation-evidence,6d54c0a92a984d4e0c746190a886781962be19e40e41d57ed16f6b57f438aad6,true,passed_sensitive_gate,0,0,accepted_pending_remaining_gates,eligible_pending_remaining_release_gates,steps-08-through-25
dataset-artifact-295c63ad3328cb191ed0f6a9,processing/derived/yonod/datasets/upstream_chemrxiv_64c7e2e1658ec5f7e5808425/package_manifest.json,target-adaptation-evidence,420195ba16c682c5490f5fd8aafcc38026b20263a350c0283c04a0e72715bb32,true,passed_sensitive_gate,0,0,accepted_pending_remaining_gates,eligible_pending_remaining_release_gates,steps-08-through-25
dataset-artifact-fadf498689905e2f7e7033eb,processing/derived/yonod/datasets/upstream_chemrxiv_64c7e2e1658ec5f7e5808425/row_audit.jsonl,target-adaptation-evidence,aa2be47dfb7f5f2c4864725edf28e5e9dd83792344bd360b43a5f71772882f7f,true,passed_sensitive_gate,0,0,accepted_pending_remaining_gates,eligible_pending_remaining_release_gates,steps-08-through-25
dataset-artifact-dccbe5c2cd19b54637205d6c,processing/derived/yonod/datasets/upstream_chemrxiv_64c7e2e1658ec5f7e5808425/targets/chemrxiv_amide_yield_percent/exclusions.csv,model-ready-exclusions,61c1884b0708f4b42f5365461141415e4d0f5158108f8d6a89f9bb7c0b7f649c,true,passed_sensitive_gate,0,0,accepted_pending_remaining_gates,eligible_pending_remaining_release_gates,steps-08-through-25
dataset-artifact-61d9fb5e2ec07542aa479807,processing/derived/yonod/datasets/upstream_chemrxiv_64c7e2e1658ec5f7e5808425/targets/chemrxiv_amide_yield_percent/row_map.csv,model-ready-row-map,be63107c0184d74c9f9a7ce94a96c4c7aafa3ee21e3ec37c9f73a10e6343a38b,true,passed_sensitive_gate,0,0,accepted_pending_remaining_gates,eligible_pending_remaining_release_gates,steps-08-through-25
dataset-artifact-f17ae7a9d2def794c3a7f492,processing/derived/yonod/datasets/upstream_chemrxiv_64c7e2e1658ec5f7e5808425/targets/chemrxiv_amide_yield_percent/target_audit.jsonl,model-ready-audit,57db77438a16ba93c2d71c026c82d35eff6e843221a071b3e7731b442a7fc04b,true,passed_sensitive_gate,0,0,accepted_pending_remaining_gates,eligible_pending_remaining_release_gates,steps-08-through-25
dataset-artifact-7c96a1c666d59b22fb5af44a,processing/derived/yonod/datasets/upstream_chemrxiv_64c7e2e1658ec5f7e5808425/targets/chemrxiv_amide_yield_percent/target_manifest.json,model-ready-metadata,4c818d25beb24fed2b3f8d5b49f04b081b9066c03ca36a28cd3a49d51ef234c7,true,passed_sensitive_gate,0,0,accepted_pending_remaining_gates,eligible_pending_remaining_release_gates,steps-08-through-25
dataset-artifact-da0bb62c7d3c1d91a1d0fb84,processing/derived/yonod/datasets/upstream_chemrxiv_64c7e2e1658ec5f7e5808425/targets/chemrxiv_ch_arylation_yield_percent/exclusions.csv,model-ready-exclusions,62e0b7e2ffc21c99dace3d3521d628d14e91669fe1ecc4f05f64c33de6b13ce0,true,passed_sensitive_gate,0,0,accepted_pending_remaining_gates,eligible_pending_remaining_release_gates,steps-08-through-25
dataset-artifact-d395d7b6401aba18d2cbd9e5,processing/derived/yonod/datasets/upstream_chemrxiv_64c7e2e1658ec5f7e5808425/targets/chemrxiv_ch_arylation_yield_percent/row_map.csv,model-ready-row-map,834e743133299f6acac97bd37d9a34ccca5e3ef92fa96e062a31e12c9a12870f,true,passed_sensitive_gate,0,0,accepted_pending_remaining_gates,eligible_pending_remaining_release_gates,steps-08-through-25
dataset-artifact-da36565ca387421379959ae6,processing/derived/yonod/datasets/upstream_chemrxiv_64c7e2e1658ec5f7e5808425/targets/chemrxiv_ch_arylation_yield_percent/target_audit.jsonl,model-ready-audit,45ef40a04b51b0c0b4c55f66e72de3b66852eabb0044c69359f8b52bdbe1b0a6,true,passed_sensitive_gate,0,0,accepted_pending_remaining_gates,eligible_pending_remaining_release_gates,steps-08-through-25
dataset-artifact-2c006c51255ba00ea29afe28,processing/derived/yonod/datasets/upstream_chemrxiv_64c7e2e1658ec5f7e5808425/targets/chemrxiv_ch_arylation_yield_percent/target_manifest.json,model-ready-metadata,5386f4e9444d4822ab021763b892c115bb6cf2f51972c3dd9b704859c386def3,true,passed_sensitive_gate,0,0,accepted_pending_remaining_gates,eligible_pending_remaining_release_gates,steps-08-through-25
dataset-artifact-dc9f8f86118a747ba4b908ac,processing/derived/yonod/extended_formal_configs/c_n_yield_percent/formal_config_manifest.json,validation-config-or-testset,8bbd6ae35e30c0eaf31f1b4ecc1135d381e2b60da58517944ff629f1892433ea,true,passed_sensitive_gate,0,0,accepted_pending_remaining_gates,eligible_pending_remaining_release_gates,steps-08-through-25
dataset-artifact-08478a0d4714345d40ed95ec,processing/derived/yonod/extended_formal_configs/cernak_member_2be11_conversion_percent/formal_config_manifest.json,validation-config-or-testset,2822e2c33f35e660c7b5cdd8f15f6bf8b03efee3029584f7762211ef46baa9da,true,passed_sensitive_gate,0,0,accepted_pending_remaining_gates,eligible_pending_remaining_release_gates,steps-08-through-25
dataset-artifact-0e80f4803a46db2ee5b30ead,processing/derived/yonod/extended_formal_configs/cernak_member_3b8a2e_conversion_percent/formal_config_manifest.json,validation-config-or-testset,4071d27ff1dd83906fbbd912c794910d12fafa07d757b6d8d5c934d4cc7207af,true,passed_sensitive_gate,0,0,accepted_pending_remaining_gates,eligible_pending_remaining_release_gates,steps-08-through-25
dataset-artifact-3272c6caf7c8a0868e878e7f,processing/derived/yonod/extended_formal_configs/chan_lam_yield_percent/formal_config_manifest.json,validation-config-or-testset,d53ec51ab555395f105a3aff8f5ee986ca52a0b34429b230525fdd96802794fe,true,passed_sensitive_gate,0,0,accepted_pending_remaining_gates,eligible_pending_remaining_release_gates,steps-08-through-25
dataset-artifact-6b838a90c10cd458f67c63b9,processing/derived/yonod/extended_formal_configs/roche_borylation_yield_percent/formal_config_manifest.json,validation-config-or-testset,236730a6fa55d4fbdf4d432244f94bc90886243f1da7d3ed48d4a8ef80fa3d63,true,passed_sensitive_gate,0,0,accepted_pending_remaining_gates,eligible_pending_remaining_release_gates,steps-08-through-25
dataset-artifact-252624d198f357a0292b6a5c,processing/derived/yonod/formal_configs/ahneman_yield_percent/formal_config_manifest.json,validation-config-or-testset,128e9938e0029855b8a017f315c2da2c807b924b39d7b8db16edd45f66c201fb,true,passed_sensitive_gate,0,0,accepted_pending_remaining_gates,eligible_pending_remaining_release_gates,steps-08-through-25
dataset-artifact-f37c6836cbdf64491defc0a5,processing/derived/yonod/formal_configs/chemrxiv_amide_yield_percent/formal_config_manifest.json,validation-config-or-testset,0721d5b152c40c76e4f2037a50395f0f3243a8826e86492f7a4857171d1198bf,true,passed_sensitive_gate,0,0,accepted_pending_remaining_gates,eligible_pending_remaining_release_gates,steps-08-through-25
dataset-artifact-5c9ff1d8148b09adc5a5e9d3,processing/derived/yonod/formal_configs/chemrxiv_ch_arylation_yield_percent/formal_config_manifest.json,validation-config-or-testset,b6166b9e9ca9a8d6d4f6155ef56792f13f0a531907240a0df765951e21729ae5,true,passed_sensitive_gate,0,0,accepted_pending_remaining_gates,eligible_pending_remaining_release_gates,steps-08-through-25
dataset-artifact-d6d3d375bc154011880a6965,processing/derived/yonod/formal_configs/nano_yield_percent/formal_config_manifest.json,validation-config-or-testset,23295d507b19abc393d1a10fda603c87e627131acff07c33fe0cf8ab50dd49df,true,passed_sensitive_gate,0,0,accepted_pending_remaining_gates,eligible_pending_remaining_release_gates,steps-08-through-25
dataset-artifact-b83615b2b3844b6628608d2a,processing/derived/yonod/formal_configs/photodehalogenation_conversion_percent/formal_config_manifest.json,validation-config-or-testset,86e33f76c4e4f13bb84d08585ccc7943d6b4e0327b5a2730c845583a9b725c00,true,passed_sensitive_gate,0,0,accepted_pending_remaining_gates,eligible_pending_remaining_release_gates,steps-08-through-25
dataset-artifact-a698dd74f209416b5b4681f3,processing/derived/yonod/formal_configs/shields_yield_percent/formal_config_manifest.json,validation-config-or-testset,104c78d3a1727468eb697beaddf0c56e4f38a3de7b0ffcf3656938dbf69bf75e,true,passed_sensitive_gate,0,0,accepted_pending_remaining_gates,eligible_pending_remaining_release_gates,steps-08-through-25
dataset-artifact-1eb84fadee45014b3bbd705a,processing/derived/yonod/formal_configs/suzuki_yield_percent/formal_config_manifest.json,validation-config-or-testset,027ad408afd646aa7cd3ae69ac5bab36c878f0c1d96049d1a4518b7c0c678f6d,true,passed_sensitive_gate,0,0,accepted_pending_remaining_gates,eligible_pending_remaining_release_gates,steps-08-through-25
dataset-artifact-8c42bbbc2271720763f76f00,processing/derived/yonod/inventory/cardinality_profiles.csv,field-profiling,55fd367fdc5bf2f6c250d1853db1fc3cfead0c46653fef309657aaa7cafd789f,true,passed_sensitive_gate,0,0,accepted_pending_remaining_gates,eligible_pending_remaining_release_gates,steps-08-through-25
dataset-artifact-f33bfbe8cde196a03e2bd674,processing/derived/yonod/inventory/field_profiles.csv,field-profiling,eef5753c95e8c434bb3699b1c6dd26592a51a36dc94372f4766afeb53e0cfb12,true,passed_sensitive_gate,0,0,accepted_pending_remaining_gates,eligible_pending_remaining_release_gates,steps-08-through-25
dataset-artifact-e2b7a641acece4796b67cd24,processing/derived/yonod/inventory/scope_manifest.json,field-profiling,5546b12d9cc462c06456ac4005b847b4e3fecc46313fd07853ce1f0a7bbede75,true,passed_sensitive_gate,0,0,accepted_pending_remaining_gates,eligible_pending_remaining_release_gates,steps-08-through-25
dataset-artifact-800c3b7a13c7e0a5ef9b0a44,processing/derived/yonod/inventory/selected_logical_datasets.csv,field-profiling,64bf0ae15d7586e17373b3c4624f762e42e4ce521b09f7a8ab5260f37a1833e5,true,passed_sensitive_gate,0,0,accepted_pending_remaining_gates,eligible_pending_remaining_release_gates,steps-08-through-25
dataset-artifact-d752d2c1b4755fad7f365674,processing/derived/yonod/tasks/batch_tasks.csv,validation-config-or-testset,ed9b40f9509d5948ce800192c07f4feec369f36b8d4a55c59d19980e37c32ca8,true,passed_sensitive_gate,0,0,accepted_pending_remaining_gates,eligible_pending_remaining_release_gates,steps-08-through-25
dataset-artifact-c2e789618940e89bfa64cb6e,processing/derived/yonod/tasks/batch_tasks.jsonl,validation-config-or-testset,b48580f534ae038e927294ad44fb1ececc0a456570801dd2a41e2a22da0936ee,true,passed_sensitive_gate,0,0,accepted_pending_remaining_gates,eligible_pending_remaining_release_gates,steps-08-through-25
dataset-artifact-9c9f1da20da309ba47b83006,processing/derived/yonod/tasks/catechol_research_full_tasks.csv,validation-config-or-testset,10665f946aa1aee7108380624218657b7680a70ea0218e2f0de76fec9ba94793,true,passed_sensitive_gate,0,0,accepted_pending_remaining_gates,eligible_pending_remaining_release_gates,steps-08-through-25
dataset-artifact-f335e993250b265c0829f1f0,processing/derived/yonod/tasks/catechol_research_full_tasks.jsonl,validation-config-or-testset,d869a00db1995bf72775408f30e5079c3be93ccce88f140e1358bc21b7459093,true,passed_sensitive_gate,0,0,accepted_pending_remaining_gates,eligible_pending_remaining_release_gates,steps-08-through-25
dataset-artifact-a153e2256ac86bd911e4507b,processing/derived/yonod/tasks/expected_pairs.csv,validation-config-or-testset,5868178e5ba69c779c70cb527967424c6c9744e72a00951435f7b66fc0c2bc1d,true,passed_sensitive_gate,0,0,accepted_pending_remaining_gates,eligible_pending_remaining_release_gates,steps-08-through-25
dataset-artifact-912498391c097f62648dfa2c,processing/derived/yonod/tasks/extended_formal_batch_tasks.csv,validation-config-or-testset,1fe9727dcef73c79e1d610db6318ffa01cf23f9b1ac85073a130c915f29785df,true,passed_sensitive_gate,0,0,accepted_pending_remaining_gates,eligible_pending_remaining_release_gates,steps-08-through-25
dataset-artifact-0fb8ab2ee4c7d74227376775,processing/derived/yonod/tasks/extended_formal_batch_tasks.jsonl,validation-config-or-testset,f89d946a5a5b65bb8e50005e5a4c78b1408c5dbaa789f74f6af97d13a3c57e93,true,passed_sensitive_gate,0,0,accepted_pending_remaining_gates,eligible_pending_remaining_release_gates,steps-08-through-25
dataset-artifact-9bd47bc75e0197a6fe92cb2b,processing/derived/yonod/tasks/extended_formal_expected_pairs.csv,validation-config-or-testset,986e0797b5227d43b44222c25b73f68b1272c9e99dd32ee4e14e9828da9320de,true,passed_sensitive_gate,0,0,accepted_pending_remaining_gates,eligible_pending_remaining_release_gates,steps-08-through-25
dataset-artifact-160b8408b7f77b390761068a,processing/derived/yonod/tasks/extended_sample100_tasks.csv,validation-config-or-testset,97da9aa3c38c386c4fbd6bb5f70588eb4f0b9beefac2a366deb58b24d03b1d5f,true,passed_sensitive_gate,0,0,accepted_pending_remaining_gates,eligible_pending_remaining_release_gates,steps-08-through-25
dataset-artifact-c495631aa0bb1cdfe42576aa,processing/derived/yonod/tasks/extended_sample100_tasks.jsonl,validation-config-or-testset,0952919048ef8af5236ad681018ad8984abd5097ee34d0ddc48af70372f8f05e,true,passed_sensitive_gate,0,0,accepted_pending_remaining_gates,eligible_pending_remaining_release_gates,steps-08-through-25
dataset-artifact-79a14f4c4551f651c9b11bc6,processing/derived/yonod/tasks/extended_tasks.csv,validation-config-or-testset,31e72ba63addb38b7fe7ae0e797e3a35f40ed98fb9c4f8007288becd67c856de,true,passed_sensitive_gate,0,0,accepted_pending_remaining_gates,eligible_pending_remaining_release_gates,steps-08-through-25
dataset-artifact-f95f50bc9ad79646f175ff5f,processing/derived/yonod/tasks/extended_tasks.jsonl,validation-config-or-testset,c5b8e3ec72d1ed4d91609403f4c2789e5aac87b4a857c43758581cf868b93559,true,passed_sensitive_gate,0,0,accepted_pending_remaining_gates,eligible_pending_remaining_release_gates,steps-08-through-25
dataset-artifact-a9cb24fe92e1c048a711fc25,processing/derived/yonod/tasks/formal_batch_tasks.csv,validation-config-or-testset,e1a140d6ffebcd6eb73eeba06bfdd22208bd4c2c045c1600fec8ce8cbc856583,true,passed_sensitive_gate,0,0,accepted_pending_remaining_gates,eligible_pending_remaining_release_gates,steps-08-through-25
dataset-artifact-59fe9ec7440bc0a0792e80c6,processing/derived/yonod/tasks/formal_batch_tasks.jsonl,validation-config-or-testset,15c33b4f5371a5e918630684a827a9314e8c7d30410b3fd967ab859713537de3,true,passed_sensitive_gate,0,0,accepted_pending_remaining_gates,eligible_pending_remaining_release_gates,steps-08-through-25
dataset-artifact-39a66625d7c84aba2fa691f1,processing/derived/yonod/tasks/formal_expected_pairs.csv,validation-config-or-testset,eeca06dd80f2a96435533e3b23928d857400c63ec9a78f3024b5f53f7ee449ea,true,passed_sensitive_gate,0,0,accepted_pending_remaining_gates,eligible_pending_remaining_release_gates,steps-08-through-25
dataset-artifact-dd98d30ea6b1b3d734697e4a,processing/derived/yonod/tasks/sample100_tasks.csv,validation-config-or-testset,73b6f697dd396f6cef17cc941026a62ec7990311f9f0a51b2044e59ed1da7a8a,true,passed_sensitive_gate,0,0,accepted_pending_remaining_gates,eligible_pending_remaining_release_gates,steps-08-through-25
dataset-artifact-509b9ec5be41657527c9b2ad,processing/derived/yonod/tasks/sample100_tasks.jsonl,validation-config-or-testset,7e3645732113c4a28755370b3c794f9e5d4df824f35a5cd217addcc74dda6153,true,passed_sensitive_gate,0,0,accepted_pending_remaining_gates,eligible_pending_remaining_release_gates,steps-08-through-25
dataset-artifact-6ea4e6ed25385467bd8b4106,processing/derived/yonod/tasks/split_audit.csv,validation-config-or-testset,699096cf2b3bb5bfb621243d0d26bfab9b889ede76495461e1e66f6665804f4b,true,passed_sensitive_gate,0,0,accepted_pending_remaining_gates,eligible_pending_remaining_release_gates,steps-08-through-25
dataset-artifact-739c6d0b43b655d9886e5201,processing/derived/yonod/tasks/tasks.csv,validation-config-or-testset,16c119a43c17536db59d1f3c1644631a9f3a03399f9cb0b0de776d12c2ccc073,true,passed_sensitive_gate,0,0,accepted_pending_remaining_gates,eligible_pending_remaining_release_gates,steps-08-through-25
dataset-artifact-fb36073b9aa49c52f0fca40e,processing/derived/yonod/tasks/tasks.jsonl,validation-config-or-testset,ce3ab22cc3a28a8938461d69c3f678da0a124f7b571b5af72f86927a162df9ab,true,passed_sensitive_gate,0,0,accepted_pending_remaining_gates,eligible_pending_remaining_release_gates,steps-08-through-25
dataset-artifact-62b7571e07169a50797a786c,processing/derived/yonod/testsets/extended_sample100_seed20260829/c_n_yield_percent/row_map.csv,validation-config-or-testset,50c5056816c5cdf586de6557aa87630a7e3ae6bf1562622179bd9b34ebd8e75b,true,passed_sensitive_gate,0,0,accepted_pending_remaining_gates,eligible_pending_remaining_release_gates,steps-08-through-25
dataset-artifact-7bf2fe429842a80bcd37c073,processing/derived/yonod/testsets/extended_sample100_seed20260829/c_n_yield_percent/sample_manifest.json,validation-config-or-testset,e051595b1c5d01fc4ce02de0ce20383ae8bf94192d7bd2fa18c39ae3c5cde593,true,passed_sensitive_gate,0,0,accepted_pending_remaining_gates,eligible_pending_remaining_release_gates,steps-08-through-25
dataset-artifact-b377f25cc02ef3d0427b8bf8,processing/derived/yonod/testsets/extended_sample100_seed20260829/cernak_member_2be11_conversion_percent/row_map.csv,validation-config-or-testset,1005235a5c0b776ddc180fd9bc2773153b1752f0520428c29b4f3d637c3b363a,true,passed_sensitive_gate,0,0,accepted_pending_remaining_gates,eligible_pending_remaining_release_gates,steps-08-through-25
dataset-artifact-de7bfb830355639d50aee55c,processing/derived/yonod/testsets/extended_sample100_seed20260829/cernak_member_2be11_conversion_percent/sample_manifest.json,validation-config-or-testset,ef8644c1749754995068ed751bbd9f3f89dc6ddb3215689e8f2a4beb6e8a9846,true,passed_sensitive_gate,0,0,accepted_pending_remaining_gates,eligible_pending_remaining_release_gates,steps-08-through-25
dataset-artifact-bc431d0fab597f4ce069ac15,processing/derived/yonod/testsets/extended_sample100_seed20260829/cernak_member_3b8a2e_conversion_percent/row_map.csv,validation-config-or-testset,4300ebe11484401d37eb73f2b4f85a624a90f33178d34a8dc9ee3b14dfba2d78,true,passed_sensitive_gate,0,0,accepted_pending_remaining_gates,eligible_pending_remaining_release_gates,steps-08-through-25
dataset-artifact-cbfc8855ede26c60151d28f2,processing/derived/yonod/testsets/extended_sample100_seed20260829/cernak_member_3b8a2e_conversion_percent/sample_manifest.json,validation-config-or-testset,84393ff6d15d55730e3393c87d4c48b0babcc57cedd63f3b95be83123ddd7fa3,true,passed_sensitive_gate,0,0,accepted_pending_remaining_gates,eligible_pending_remaining_release_gates,steps-08-through-25
dataset-artifact-46a7ae86046a04e2813da074,processing/derived/yonod/testsets/extended_sample100_seed20260829/chan_lam_yield_percent/row_map.csv,validation-config-or-testset,6515d0db010ede9773910a8515925cb5c7668628cba21e6eca99061fe43a0437,true,passed_sensitive_gate,0,0,accepted_pending_remaining_gates,eligible_pending_remaining_release_gates,steps-08-through-25
dataset-artifact-5aff2a3c3ed279ed4d1b53c6,processing/derived/yonod/testsets/extended_sample100_seed20260829/chan_lam_yield_percent/sample_manifest.json,validation-config-or-testset,1d0a10eda6d5f328f3096bc7d525a8349f745406ca9a1824ef2a6c81b7fd72b8,true,passed_sensitive_gate,0,0,accepted_pending_remaining_gates,eligible_pending_remaining_release_gates,steps-08-through-25
dataset-artifact-f84173cd0070e2daa08c7d17,processing/derived/yonod/testsets/extended_sample100_seed20260829/roche_borylation_yield_percent/row_map.csv,validation-config-or-testset,730d154286952ce23d74440df7a0600b13f230d6d84996061cfbf2956377b2ef,true,passed_sensitive_gate,0,0,accepted_pending_remaining_gates,eligible_pending_remaining_release_gates,steps-08-through-25
dataset-artifact-5806f9d5e2bc6477806f2ae3,processing/derived/yonod/testsets/extended_sample100_seed20260829/roche_borylation_yield_percent/sample_manifest.json,validation-config-or-testset,4a6947134c89e98701e3540b6355743545b1e3e8ccdbec7351b1126774ce1da7,true,passed_sensitive_gate,0,0,accepted_pending_remaining_gates,eligible_pending_remaining_release_gates,steps-08-through-25
dataset-artifact-d6638a9b72132598c7fc6598,processing/derived/yonod/testsets/sample100_seed20260829/ahneman_yield_percent/row_map.csv,validation-config-or-testset,1f02f17799355c9b506a07bfa435be4e0f4ce2e0c95439b66ce3e1a6d109a9a0,true,passed_sensitive_gate,0,0,accepted_pending_remaining_gates,eligible_pending_remaining_release_gates,steps-08-through-25
dataset-artifact-1ff983a798b06d598897f422,processing/derived/yonod/testsets/sample100_seed20260829/ahneman_yield_percent/sample_manifest.json,validation-config-or-testset,a081f5f30488684deb1fe32d5e04b82ec9a9975e9086784c53446fb23cc1399c,true,passed_sensitive_gate,0,0,accepted_pending_remaining_gates,eligible_pending_remaining_release_gates,steps-08-through-25
dataset-artifact-3723f84781f95a4e44570b9e,processing/derived/yonod/testsets/sample100_seed20260829/chemrxiv_amide_yield_percent/row_map.csv,validation-config-or-testset,0aa8ef3bbebf68ac83348ad3ae6fbc3cbc5195e5b7295fa6be5bf748f44e5cbb,true,passed_sensitive_gate,0,0,accepted_pending_remaining_gates,eligible_pending_remaining_release_gates,steps-08-through-25
dataset-artifact-deb09bd00971543715902cf9,processing/derived/yonod/testsets/sample100_seed20260829/chemrxiv_amide_yield_percent/sample_manifest.json,validation-config-or-testset,fc11ad90703a5bc513af50aaff09e602927acd80cbd91322a089506c3336d78d,true,passed_sensitive_gate,0,0,accepted_pending_remaining_gates,eligible_pending_remaining_release_gates,steps-08-through-25
dataset-artifact-ed8366649a11210d7ce2094a,processing/derived/yonod/testsets/sample100_seed20260829/chemrxiv_ch_arylation_yield_percent/row_map.csv,validation-config-or-testset,3870f7e55db73ebaa08e03811b9ceed841b1cae03848c7aaac582581f2de1938,true,passed_sensitive_gate,0,0,accepted_pending_remaining_gates,eligible_pending_remaining_release_gates,steps-08-through-25
dataset-artifact-366871deed2a4f29d1de7d61,processing/derived/yonod/testsets/sample100_seed20260829/chemrxiv_ch_arylation_yield_percent/sample_manifest.json,validation-config-or-testset,686f75520f64c782c5513d8965fb4b5c504f7018374dddba6a2a019f114c032a,true,passed_sensitive_gate,0,0,accepted_pending_remaining_gates,eligible_pending_remaining_release_gates,steps-08-through-25
dataset-artifact-242673e58245a4e26ab60fe4,processing/derived/yonod/testsets/sample100_seed20260829/nano_yield_percent/row_map.csv,validation-config-or-testset,e6d103c04b17c79eb48d218dcbf3bb12352d57cdc3a74cea781f51d5e5d56f70,true,passed_sensitive_gate,0,0,accepted_pending_remaining_gates,eligible_pending_remaining_release_gates,steps-08-through-25
dataset-artifact-34da030b5a4f9cf331013cc7,processing/derived/yonod/testsets/sample100_seed20260829/nano_yield_percent/sample_manifest.json,validation-config-or-testset,892b525f9f50b875f2aeef73b507d37bd8972cd1f731692bac4dc939954a889b,true,passed_sensitive_gate,0,0,accepted_pending_remaining_gates,eligible_pending_remaining_release_gates,steps-08-through-25
dataset-artifact-a26aaa60788e09a99fbc2678,processing/derived/yonod/testsets/sample100_seed20260829/photodehalogenation_conversion_percent/row_map.csv,validation-config-or-testset,36c5f4feb82306a3b475e7ae3755970d71f4f9179df9f20752a379f894a19d73,true,passed_sensitive_gate,0,0,accepted_pending_remaining_gates,eligible_pending_remaining_release_gates,steps-08-through-25
dataset-artifact-fe89d2fa0c3d9f3f9bb991e0,processing/derived/yonod/testsets/sample100_seed20260829/photodehalogenation_conversion_percent/sample_manifest.json,validation-config-or-testset,1103e313583ec2acb266c45a467b08215e1b771add45be4ddca5d717670a08f1,true,passed_sensitive_gate,0,0,accepted_pending_remaining_gates,eligible_pending_remaining_release_gates,steps-08-through-25
dataset-artifact-7810c853a6b6d3866f611091,processing/derived/yonod/testsets/sample100_seed20260829/shields_yield_percent/row_map.csv,validation-config-or-testset,f408b98a5caef9d9b53fc3ca2a76d9a1dd68a99d1163388ee879683749c0db17,true,passed_sensitive_gate,0,0,accepted_pending_remaining_gates,eligible_pending_remaining_release_gates,steps-08-through-25
dataset-artifact-17217428d68d7a14b033b941,processing/derived/yonod/testsets/sample100_seed20260829/shields_yield_percent/sample_manifest.json,validation-config-or-testset,f186ebdccbbf9c76e87a2d2702661cb67c955e0b6b48b62db9e123b36cfef9b1,true,passed_sensitive_gate,0,0,accepted_pending_remaining_gates,eligible_pending_remaining_release_gates,steps-08-through-25
dataset-artifact-3eba3c0cf361ac8fbd4b9dab,processing/derived/yonod/testsets/sample100_seed20260829/suzuki_yield_percent/row_map.csv,validation-config-or-testset,12e2d2a0e5b1a81385ce49f05ce3acaf33d27f2a1ad681d408ff4d07fd6a6def,true,passed_sensitive_gate,0,0,accepted_pending_remaining_gates,eligible_pending_remaining_release_gates,steps-08-through-25
dataset-artifact-c59cc99b585c12ed9a13625c,processing/derived/yonod/testsets/sample100_seed20260829/suzuki_yield_percent/sample_manifest.json,validation-config-or-testset,7ed0ecab2f8e947dffff6b3585b3148c0cc5e47a48472910fd768afaff494cec,true,passed_sensitive_gate,0,0,accepted_pending_remaining_gates,eligible_pending_remaining_release_gates,steps-08-through-25
dataset-artifact-e940175f4b735cdd7c14d373,processing/migration/00_freeze_check.md,legacy-migration-evidence,b79f531a31a99b0b65be129e6c8e1cf6d8abaf71209e5e58f520fbfd4c036048,true,passed_sensitive_gate,0,0,accepted_pending_remaining_gates,eligible_pending_remaining_release_gates,steps-08-through-25
dataset-artifact-064b3184a1e4cf215acec7aa,processing/migration/01_git_boundaries.md,legacy-migration-evidence,049259fb947ec047c6bcecbd24679680a7506493bdfdd4990efa6f74c5403c17,true,passed_sensitive_gate,0,0,accepted_pending_remaining_gates,eligible_pending_remaining_release_gates,steps-08-through-25
dataset-artifact-611ff62990c3ad1581c69656,processing/migration/01_inventory.csv,legacy-migration-evidence,127433ee28adc881cde2f65df7a1b39e05e081df318cf65a9bd78a576083b689,true,passed_sensitive_gate,0,0,accepted_pending_remaining_gates,eligible_pending_remaining_release_gates,steps-08-through-25
dataset-artifact-71ffc290e715c91014160bea,processing/migration/01_inventory_summary.json,legacy-migration-evidence,a0ceca2627ab6200612ffa78f813d0790f069ccfedc833960b9c42001bcd4414,true,passed_sensitive_gate,0,0,accepted_pending_remaining_gates,eligible_pending_remaining_release_gates,steps-08-through-25
dataset-artifact-73a3327858c1e4aba6d7ebe7,processing/migration/01_path_references.csv,legacy-migration-evidence,1b568c6e42ccd34dd880b27ab7faaef947ec824f42d942733ceb958ade3cd7df,true,passed_sensitive_gate,0,0,accepted_pending_remaining_gates,eligible_pending_remaining_release_gates,steps-08-through-25
dataset-artifact-01bcacd56e08587064ec8994,processing/migration/02_ambiguities.md,legacy-migration-evidence,6692eb5fe0b569104d2c71dc97ec19c98c7dbbe7b8407b61de0758f1d72c3f88,true,passed_sensitive_gate,0,0,accepted_pending_remaining_gates,eligible_pending_remaining_release_gates,steps-08-through-25
dataset-artifact-aa95dc32206d506a12500b09,processing/migration/02_path_mapping.csv,legacy-migration-evidence,78891e63d532a54d12fdae49095d46d6b24f1df9f09b79ad6ec857f8e02700cc,true,passed_sensitive_gate,0,0,accepted_pending_remaining_gates,eligible_pending_remaining_release_gates,steps-08-through-25
dataset-artifact-c68b792f737e5b1dec55adaa,processing/migration/03_batch_migration_log.json,legacy-migration-evidence,24b096b00f399532ba7065dc3e78fbbad85ecf81339c9c873d6c50443db81b4e,true,passed_sensitive_gate,0,0,accepted_pending_remaining_gates,eligible_pending_remaining_release_gates,steps-08-through-25
dataset-artifact-95832f3531e419f272d56b5f,processing/migration/03_batch_migration_log.md,legacy-migration-evidence,d527801813e3a847f2417241c09561f5b7f73a9b9a1740855b06722abe67c100,true,passed_sensitive_gate,0,0,accepted_pending_remaining_gates,eligible_pending_remaining_release_gates,steps-08-through-25
dataset-artifact-bec3122179f156fabf61ecd3,processing/migration/04_git_cutover.json,legacy-migration-evidence,69232f5f06b0bd09c2c99dd3afc5d077b9ba904c512e7f9a93d99cc5c622c764,true,passed_sensitive_gate,0,0,accepted_pending_remaining_gates,eligible_pending_remaining_release_gates,steps-08-through-25
dataset-artifact-f8d02ecc22bef7d872c7438b,processing/migration/04_git_cutover.md,legacy-migration-evidence,c7d3b1ed6884fcf24e5086385f83d75eee9a7787f7634d4907a63e05d066c4c7,true,passed_sensitive_gate,0,0,accepted_pending_remaining_gates,eligible_pending_remaining_release_gates,steps-08-through-25
dataset-artifact-6feed51111970510094c7969,processing/migration/05_path_compatibility_notes.md,legacy-migration-evidence,d85d6babc31e1419c1a60dc6fc205b98ae6ed672a9e8953515935d1ac8751794,true,passed_sensitive_gate,0,0,accepted_pending_remaining_gates,eligible_pending_remaining_release_gates,steps-08-through-25
dataset-artifact-48e3998440480e04a75dac2e,processing/migration/05_path_reference_manual_review.csv,legacy-migration-evidence,ae44b8ea3e132d404033c6d51bcf378a531cfd5bd61c78e8ae7b51c191d03605,true,passed_sensitive_gate,0,0,accepted_pending_remaining_gates,eligible_pending_remaining_release_gates,steps-08-through-25
dataset-artifact-19561baffb50fade33aed6ca,processing/migration/05_path_reference_scan.csv,legacy-migration-evidence,9ed4bbb09abfad7031c32f3138d2593ef90085640dae7cdcb95d26e16b1e4bd6,true,passed_sensitive_gate,0,0,accepted_pending_remaining_gates,eligible_pending_remaining_release_gates,steps-08-through-25
dataset-artifact-a0684da7f5903fc0ffa26819,processing/migration/05_path_reference_scan_summary.json,legacy-migration-evidence,9221c40ee18f45e99d91b61b00133376070b8dd5102114ee3957a2a15cdf2efd,true,passed_sensitive_gate,0,0,accepted_pending_remaining_gates,eligible_pending_remaining_release_gates,steps-08-through-25
dataset-artifact-2ebd2808a5ada9179c95f20e,processing/migration/05_path_reference_update_summary.json,legacy-migration-evidence,92ace0b1ea773e732630f3ea1ffa1caef2cedc9754317dcec153b3851a196d51,true,passed_sensitive_gate,0,0,accepted_pending_remaining_gates,eligible_pending_remaining_release_gates,steps-08-through-25
dataset-artifact-dce961f7a23046cf07feaeff,processing/migration/05_path_reference_updates.csv,legacy-migration-evidence,69745dd8fc3e408c1686f16148c5b0f6409dea80133b9dd89c2af451a11fd8ed,true,passed_sensitive_gate,0,0,accepted_pending_remaining_gates,eligible_pending_remaining_release_gates,steps-08-through-25
dataset-artifact-2438ed7e2c9f899c8c044b0d,processing/migration/05_remaining_reference_explanations.csv,legacy-migration-evidence,8540ac4502bf9f3984dc00a7d73c223c3f893cc31287b9d218bdc4648a2871b5,true,passed_sensitive_gate,0,0,accepted_pending_remaining_gates,eligible_pending_remaining_release_gates,steps-08-through-25
dataset-artifact-d06ebfee33098ea8c5ecd587,processing/migration/05_runtime_path_blockers.csv,legacy-migration-evidence,7a276bc07c76e5ccfe54dbfbe5824625b511e8db6e178b9ac1c736083602936d,true,passed_sensitive_gate,0,0,accepted_pending_remaining_gates,eligible_pending_remaining_release_gates,steps-08-through-25
dataset-artifact-7f8a65568b45c6ad1b681874,processing/migration/06_blocking_conditions.md,legacy-migration-evidence,f44df71a046c55037c04a64596ca24c9d076a8fae98cd387f48d7ac4b8f28db4,true,passed_sensitive_gate,0,0,accepted_pending_remaining_gates,eligible_pending_remaining_release_gates,steps-08-through-25
dataset-artifact-0bd85e8c99dd8d1e6b59a1f5,processing/migration/06_compatibility_exit_criteria.md,legacy-migration-evidence,ddcd362b6982c82c8e92af4b7b502b90fcc44606523e7288c2e59a01139139d1,true,passed_sensitive_gate,0,0,accepted_pending_remaining_gates,eligible_pending_remaining_release_gates,steps-08-through-25
dataset-artifact-522d12e71a40316678f1440f,processing/migration/06_rollback_plan.md,legacy-migration-evidence,df99c09233aa8814f2a44a8e51020263b59be2f1b957ce3a46711690fd123b89,true,passed_sensitive_gate,0,0,accepted_pending_remaining_gates,eligible_pending_remaining_release_gates,steps-08-through-25
dataset-artifact-36d2db9c67917bcd766569f5,processing/migration/06_rollback_summary.json,legacy-migration-evidence,ca61f560c8fbebe53ca149e5c4809828555c3b8174012c9a35ae3da296a50653,true,passed_sensitive_gate,0,0,accepted_pending_remaining_gates,eligible_pending_remaining_release_gates,steps-08-through-25
dataset-artifact-b2c9f30037f9595886eb95bf,processing/migration/07_final_acceptance_report.md,legacy-migration-evidence,67949624c6af62062f59efc71a701d9b77aebbb3a4986cf10e00aaa16080f522,true,passed_sensitive_gate,0,0,accepted_pending_remaining_gates,eligible_pending_remaining_release_gates,steps-08-through-25
dataset-artifact-faffc3db3267aa8ac59e01e2,processing/migration/07_final_acceptance_summary.json,legacy-migration-evidence,3b36633651d3b629ac03d85a29603ac7ef6485c29173553a76f3d6fe099128b5,true,passed_sensitive_gate,0,0,accepted_pending_remaining_gates,eligible_pending_remaining_release_gates,steps-08-through-25
dataset-artifact-6b3c47de00b64131270e75eb,processing/migration/07_final_mapping_validation.csv,legacy-migration-evidence,f114887fb66849cd1e3a2501ba1c3508d82c5370f0b5a709b349ac0deaca0d82,true,passed_sensitive_gate,0,0,accepted_pending_remaining_gates,eligible_pending_remaining_release_gates,steps-08-through-25
dataset-artifact-6498777e00fcaeefec10e013,processing/migration/07_report_link_check.csv,legacy-migration-evidence,c57b989c7b332afc780b889610b82abc4d3404f86dd9a4ebe7f59ca08dfc1180,true,passed_sensitive_gate,0,0,accepted_pending_remaining_gates,eligible_pending_remaining_release_gates,steps-08-through-25
dataset-artifact-f646649ca3aedb343396dd7a,processing/migration/08_authorized_cleanup_precheck.json,legacy-migration-evidence,604a63b8d11f6460de1bf7b5ca8df80e92f204f0222dbc8b519dd9cc98936e3c,true,passed_sensitive_gate,0,0,accepted_pending_remaining_gates,eligible_pending_remaining_release_gates,steps-08-through-25
dataset-artifact-ec0b3f200b0d4635d4ed878e,processing/migration/08_authorized_cleanup_result.json,legacy-migration-evidence,a8fdb3eaa57d1243d56b5ab74d9f8c70584bed1739f171d8f4275e11e401302b,true,passed_sensitive_gate,0,0,accepted_pending_remaining_gates,eligible_pending_remaining_release_gates,steps-08-through-25
dataset-artifact-165ce744c1ca565284716810,processing/migration/08_authorized_cleanup_result.md,legacy-migration-evidence,6906fdc114057647547816a9c2217ce26d5035db8daac41939b3f9a06f8b65e1,true,passed_sensitive_gate,0,0,accepted_pending_remaining_gates,eligible_pending_remaining_release_gates,steps-08-through-25
dataset-artifact-83cb765ee379c47b44845cf8,processing/scripts/build_yonod_packages.py,pipeline-source,8d8e69f6d4f39f34c3314f6c2a9db24b305c2f0c09ab7d5552003b03950dfe68,true,passed_sensitive_gate,0,0,accepted_pending_remaining_gates,eligible_pending_remaining_release_gates,steps-08-through-25
dataset-artifact-67154acca37a81364efca927,processing/scripts/build_yonod_wave_a.py,pipeline-source,bb7794418f3411072623d0b0027e92281b8be749dce8ced2d0df5128f343587e,true,passed_sensitive_gate,0,0,accepted_pending_remaining_gates,eligible_pending_remaining_release_gates,steps-08-through-25
dataset-artifact-3a1fea3d6be3afefa36ef071,processing/scripts/convert_to_parquet.py,pipeline-source,b7cf5f183b1fbc3fc8d0c1fc32afc4417d6a34b89b3dbd733a9e5b457340669c,true,passed_sensitive_gate,0,0,accepted_pending_remaining_gates,eligible_pending_remaining_release_gates,steps-08-through-25
dataset-artifact-c53fc5a3143c30f2193f9f91,processing/scripts/download_from_huggingface.py,pipeline-source,be8e7fe26d768499c3c18edb6e033ca99f6efd23355ce326f3f72dd05aaed90f,true,passed_sensitive_gate,0,0,accepted_pending_remaining_gates,eligible_pending_remaining_release_gates,steps-08-through-25
dataset-artifact-ab3f292af415d51b8d5fbb64,processing/scripts/preflight_yonod_wave_a.py,pipeline-source,df51276245b8142c5f142e10bb05fa5eccd18339062a69adff437805935cc367,true,passed_sensitive_gate,0,0,accepted_pending_remaining_gates,eligible_pending_remaining_release_gates,steps-08-through-25
dataset-artifact-56be399a11a8046142c9808e,processing/scripts/process_dataset.py,pipeline-source,ad1e3b9d64c502b522f99711f68c1ee239d0414c2d54e1d19c2e3aa02b770efd,true,passed_sensitive_gate,0,0,accepted_pending_remaining_gates,eligible_pending_remaining_release_gates,steps-08-through-25
dataset-artifact-4a86b75d45c64cc2094a8438,processing/scripts/process_dataset_test.py,pipeline-test,35be81cf691f55afa3ada75926e94bef33fedeb46200adbbdf4763c35b2c0557,true,passed_sensitive_gate,0,1,accepted_pending_remaining_gates,eligible_pending_remaining_release_gates,steps-08-through-25
dataset-artifact-86cdba984ba4e02385938011,processing/scripts/upload_to_huggingface.py,pipeline-source,47fafd8ce4979f7d0a88c389d74cfa9f0b3b48a76d0d9b88312ad19438a3bcd8,true,passed_sensitive_gate,0,0,accepted_pending_remaining_gates,eligible_pending_remaining_release_gates,steps-08-through-25
dataset-artifact-eec148c541f69864411f191b,processing/scripts/upload_to_huggingface_test.py,pipeline-test,8610403829a4b6f606688d0039128ed340aa17117424e8ab273d107c5675058b,true,passed_sensitive_gate,0,0,accepted_pending_remaining_gates,eligible_pending_remaining_release_gates,steps-08-through-25
dataset-artifact-7897a0cfa893554d42a41672,processing/scripts/yonod_batch_tasks.py,pipeline-source,38e8049b65d636659298350c3024cd25ca8c76f4afcd7433d9c34e2ef21e512f,true,passed_sensitive_gate,0,0,accepted_pending_remaining_gates,eligible_pending_remaining_release_gates,steps-08-through-25
dataset-artifact-f7cf17f7e8a3fa33798a4d57,processing/scripts/yonod_dataset_builder.py,pipeline-source,b86640e380131eb2090381f022f6c058e6653ef907de7a2ebbfdefdc2002d39e,true,passed_sensitive_gate,0,0,accepted_pending_remaining_gates,eligible_pending_remaining_release_gates,steps-08-through-25
dataset-artifact-22ad0bb9dd5ceb4d576c69ae,processing/scripts/yonod_projection.py,pipeline-source,d03f15ffd2ac5d71b9dc48a531e88f2973476901a748eabfb9c699586acf1740,true,passed_sensitive_gate,0,0,accepted_pending_remaining_gates,eligible_pending_remaining_release_gates,steps-08-through-25
dataset-artifact-e2360948df020a03a17a736c,processing/scripts/yonod_step27_validation.py,pipeline-source,4b7ddd8197f961e24d0f6c76507327f680c7e4dd2d2f9a9974528cf30e8a57bc,true,passed_sensitive_gate,0,0,accepted_pending_remaining_gates,eligible_pending_remaining_release_gates,steps-08-through-25
dataset-artifact-d9199fe60793249ba867403d,processing/scripts/yonod_step28_acceptance.py,pipeline-source,da53a21300880e3c86d00ec93da6064363d20fe867892a3f010a66063f91f598,true,passed_sensitive_gate,0,0,accepted_pending_remaining_gates,eligible_pending_remaining_release_gates,steps-08-through-25
dataset-artifact-1b1af0acb9256a1498a2d851,processing/scripts/yonod_wave_a.py,pipeline-source,3f3697368990775719aefe1db2419931650930e9a87f3493b3c390d6b7b67606,true,passed_sensitive_gate,0,0,accepted_pending_remaining_gates,eligible_pending_remaining_release_gates,steps-08-through-25
dataset-artifact-e65b525b22f91086741c6856,standardized/csv-data/00/ord_dataset-00005539a1e04c809a9a78647bea649c.csv,physical-csv,278370e9894d625b8fe5e2b25f431a4572069e374d22a8b0c59766d0f843d500,true,redaction_required_before_promotion,1,0,requires_structural_email_redaction,deny_until_sanitized_derivative_verified,step-11-redacted-copy-and-rescan
dataset-artifact-a350390d30caf5bbb7033a40,standardized/csv-data/03/ord_dataset-0316886541d9435489859c2ad7edc863.csv,physical-csv,1b59abe525a96a5b29f1f51ca498ad23ca62862446d32206bb953a173180a798,true,redaction_required_before_promotion,1,0,requires_structural_email_redaction,deny_until_sanitized_derivative_verified,step-11-redacted-copy-and-rescan
dataset-artifact-c481084bbb1de07ad682fcda,standardized/csv-data/0c/ord_dataset-0c75d67751634f0594b24b9f498b77c2.csv,physical-csv,e04c7f6bd7f674ea986cef7ff1cf1ceb1c8365d479450bfe0845611bb906fd7d,true,redaction_required_before_promotion,1,0,requires_structural_email_redaction,deny_until_sanitized_derivative_verified,step-11-redacted-copy-and-rescan
dataset-artifact-0add059bb31f54cf8d855445,standardized/csv-data/10/ord_dataset-10b940e7982c4622b1e1ac879394aba6.csv,physical-csv,11a3a23f9e65cea2bb9dd34ac97e85198e370afeaa62ac3b2f08944813a60a76,true,redaction_required_before_promotion,1,0,requires_structural_email_redaction,deny_until_sanitized_derivative_verified,step-11-redacted-copy-and-rescan
dataset-artifact-4e29820fd7d9e1d573c76a78,standardized/csv-data/11/ord_dataset-1158e351757f315b93cbcbe7bc55f38e.csv,physical-csv,60099d9164d6794f7a61b87a73b414dcebe30891757f2a85e98b0ee22112633a,true,redaction_required_before_promotion,1,0,requires_structural_email_redaction,deny_until_sanitized_derivative_verified,step-11-redacted-copy-and-rescan
dataset-artifact-575409dd81b73abcb74c1655,standardized/csv-data/17/ord_dataset-172039a759a440219a68af62d203b79b.csv,physical-csv,42fd8adfddaa18155d16d9e48e5ac122f0d69bbef710e98adae91881af2f5213,true,redaction_required_before_promotion,1,0,requires_structural_email_redaction,deny_until_sanitized_derivative_verified,step-11-redacted-copy-and-rescan
dataset-artifact-cc31b4a3fd840b1f67dedd11,standardized/csv-data/1d/ord_dataset-1d3a1a6fb70d46c084602d0688967afc.csv,physical-csv,568d07873c5ef85bfbaf7ee0b2f28366491de9563e8de3af623408bc3df1f5e3,true,redaction_required_before_promotion,1,0,requires_structural_email_redaction,deny_until_sanitized_derivative_verified,step-11-redacted-copy-and-rescan
dataset-artifact-1e91903792593e34d4ad6806,standardized/csv-data/1e/ord_dataset-1ec2807f02fa4beda27d2a81b86eb843.csv,physical-csv,89dd03164918199dd707c8d6c207a394c91ff29ddd2754ff074ca9134f15cfd8,true,redaction_required_before_promotion,1,0,requires_structural_email_redaction,deny_until_sanitized_derivative_verified,step-11-redacted-copy-and-rescan
dataset-artifact-00268978be2b9bb8bae935b1,standardized/csv-data/20/ord_dataset-2038a3c967db4a32a8fbce288437e929.csv,physical-csv,dff3b77a9f2054157dc9122f79d713039adde874ad3167112d68498ab844f04b,true,redaction_required_before_promotion,1,0,requires_structural_email_redaction,deny_until_sanitized_derivative_verified,step-11-redacted-copy-and-rescan
dataset-artifact-546e793b5315b0bd1d531c07,standardized/csv-data/2b/ord_dataset-2be11f57f3304e678ea8469baf6dd1bc.csv,physical-csv,b51e67796d78c269fe29a7c7e86be2e721f71e78728e8e8477b59d097a833176,true,redaction_required_before_promotion,1,0,requires_structural_email_redaction,deny_until_sanitized_derivative_verified,step-11-redacted-copy-and-rescan
dataset-artifact-49cda1a6f6225733d574e67f,standardized/csv-data/2b/ord_dataset-2be30f5d8dcd471aa6ad410bdee05902.csv,physical-csv,5b0c7725db9371e699a7036d34804127feb174db9df066ee3b23fb74d43d3067,true,redaction_required_before_promotion,1,0,requires_structural_email_redaction,deny_until_sanitized_derivative_verified,step-11-redacted-copy-and-rescan
dataset-artifact-8f139aafd2211851146fcfe1,standardized/csv-data/31/ord_dataset-31989f1b2b9d4885b1dd2d9982da4517.csv,physical-csv,52af879d8e34ad01378b41c525f4e69260e801aacf7661cc21e5da9e6f2cbb3e,true,redaction_required_before_promotion,1,0,requires_structural_email_redaction,deny_until_sanitized_derivative_verified,step-11-redacted-copy-and-rescan
dataset-artifact-20587cdc7d35904c515b981a,standardized/csv-data/35/ord_dataset-35a5a513f1dd44a3a97c88da99f81a00.csv,physical-csv,5256562180454fd62280c892d7b97edcbd69d80cdc3107262e1397d0d7ec76dd,true,redaction_required_before_promotion,1,0,requires_structural_email_redaction,deny_until_sanitized_derivative_verified,step-11-redacted-copy-and-rescan
dataset-artifact-d3201155a79f4f94dc35d09c,standardized/csv-data/3b/ord_dataset-3b5db90e337942ea886b8f5bc5e3aa72.csv,physical-csv,34a1ae56ce811c161cd69d7567c8bb4c39e8130055f910fc8b577cf43d29e15b,true,redaction_required_before_promotion,1,0,requires_structural_email_redaction,deny_until_sanitized_derivative_verified,step-11-redacted-copy-and-rescan
dataset-artifact-811a58445ac38495762ba07a,standardized/csv-data/3b/ord_dataset-3b8a2ef300e145468579027f206a3ac8.csv,physical-csv,c4235b984b896d52ce862523971a371775433322ddf6d7ea66054a1fc39e2704,true,redaction_required_before_promotion,1,0,requires_structural_email_redaction,deny_until_sanitized_derivative_verified,step-11-redacted-copy-and-rescan
dataset-artifact-2958d5ad756f7e912a250951,standardized/csv-data/46/ord_dataset-46ff9a32d9e04016b9380b1b1ef949c3.csv,physical-csv,7a3e939aefc95556611e253ad20a8e754d6353c627149908191b063b805cc4dd,true,redaction_required_before_promotion,1,0,requires_structural_email_redaction,deny_until_sanitized_derivative_verified,step-11-redacted-copy-and-rescan
dataset-artifact-bdedfdf0f1e971da32cf8043,standardized/csv-data/47/ord_dataset-47eaacc46c3a4487bbdf99adb1a15e41.csv,physical-csv,b6bc0de9b5e4f876982606e095adac0693daf397bab2b1f32b40cb1032de6335,true,redaction_required_before_promotion,1,0,requires_structural_email_redaction,deny_until_sanitized_derivative_verified,step-11-redacted-copy-and-rescan
dataset-artifact-c7b9f4c89c52bf21c205728d,standardized/csv-data/48/ord_dataset-488402f6ec0d441ca2f7d6fabea7c220.csv,physical-csv,b341f21ef56fc63ce26d11aa633ccec24f19483ca021388ed48ecc795966884f,true,redaction_required_before_promotion,1,0,requires_structural_email_redaction,deny_until_sanitized_derivative_verified,step-11-redacted-copy-and-rescan
dataset-artifact-2de89d7793409a89930497e4,standardized/csv-data/4d/ord_dataset-4d431564f3ef4e9c91d8da5836f4eae6.csv,physical-csv,8c6e30b0b1bd9934fb3438a435bbd62d14642e7588d16bdb16ec218119ae3a49,true,redaction_required_before_promotion,1,0,requires_structural_email_redaction,deny_until_sanitized_derivative_verified,step-11-redacted-copy-and-rescan
dataset-artifact-ec6825e7df0c04114c8b94e0,standardized/csv-data/52/ord_dataset-52bd3b0ec72c443aab113bcea09bf3f4.csv,physical-csv,625de1accaed527df6f3d01c4cb82a5710af54a72d311f4d308aef1d2fde4e13,true,redaction_required_before_promotion,1,0,requires_structural_email_redaction,deny_until_sanitized_derivative_verified,step-11-redacted-copy-and-rescan
dataset-artifact-48ee68625c6389abe20a6256,standardized/csv-data/54/ord_dataset-5415f83da68e4797856ddd330dda5c61.csv,physical-csv,5db1672afa39d50dd0dc4bad485151966330250bea8d3e08304101bb7093651f,true,redaction_required_before_promotion,1,0,requires_structural_email_redaction,deny_until_sanitized_derivative_verified,step-11-redacted-copy-and-rescan
dataset-artifact-d11a43ad5c00ea16884eb855,standardized/csv-data/54/ord_dataset-5481550056a14935b76e031fb94b88be.csv,physical-csv,6d5af86841196efc504ea5d81b911b61031185e4ef3c84eaa3092ee3f4032827,true,redaction_required_before_promotion,1,0,requires_structural_email_redaction,deny_until_sanitized_derivative_verified,step-11-redacted-copy-and-rescan
dataset-artifact-70dcd7ff10bbfe03bc790e07,standardized/csv-data/55/ord_dataset-5540e162c09f4c04905ddc8ba9c931c6.csv,physical-csv,d03430398fdc4e44120bf915f088899b35fbf359f8957b435df843f1cc6a6b80,true,redaction_required_before_promotion,1,0,requires_structural_email_redaction,deny_until_sanitized_derivative_verified,step-11-redacted-copy-and-rescan
dataset-artifact-d9e6b619c654c10a21b49dab,standardized/csv-data/55/ord_dataset-55de08a995554f558c25fc43eac62359.csv,physical-csv,a88e0a3c1184e5c8686a5ba766610553e41a183e1f8df460dc3dc69212b4d7c4,true,redaction_required_before_promotion,1,0,requires_structural_email_redaction,deny_until_sanitized_derivative_verified,step-11-redacted-copy-and-rescan
dataset-artifact-086a629fa6714ab88838ab03,standardized/csv-data/5c/ord_dataset-5c9a10329a8a48968d18879a48bb8ab2.csv,physical-csv,89422ee286ac7deab0a6b0943d2574e1c219b0d31f21fd0a375b52ec3bbb363f,true,redaction_required_before_promotion,1,0,requires_structural_email_redaction,deny_until_sanitized_derivative_verified,step-11-redacted-copy-and-rescan
dataset-artifact-6aa795b9872c92e75411ec54,standardized/csv-data/5e/ord_dataset-5e8318f0dda04b398c14f4c3adfeb32c.csv,physical-csv,abb526b5ac25ec0fb0f5e18d2d19f5a01b383d55e7a50e3815fdd2600b39879d,true,redaction_required_before_promotion,1,0,requires_structural_email_redaction,deny_until_sanitized_derivative_verified,step-11-redacted-copy-and-rescan
dataset-artifact-66eda98f978534dfd6eccf2d,standardized/csv-data/5e/ord_dataset-5eb7f2689f4a42eba63ad9e37e49a5cd.csv,physical-csv,1becf56dcfb0778d8504f4de1e391bb8ff00087f2f4567711528ad3cbf3df114,true,redaction_required_before_promotion,1,0,requires_structural_email_redaction,deny_until_sanitized_derivative_verified,step-11-redacted-copy-and-rescan
dataset-artifact-eeb772b8bf0f44598616dd53,standardized/csv-data/67/ord_dataset-675eddcaa6674ce3ae61e79bbc1e1c08.csv,physical-csv,63ace846247d2b66fac5d511a788e01bdb33af5330dd7dd093cbee30f9fd162d,true,redaction_required_before_promotion,1,0,requires_structural_email_redaction,deny_until_sanitized_derivative_verified,step-11-redacted-copy-and-rescan
dataset-artifact-db66d04e607b3f9dc2e231f8,standardized/csv-data/68/ord_dataset-68cb8b4b2b384e3d85b5b1efae58b203.csv,physical-csv,0c17f9f950cefed99ad12f24ec19022aada07be2d4fb1f5e636037ecfc721c78,true,redaction_required_before_promotion,1,0,requires_structural_email_redaction,deny_until_sanitized_derivative_verified,step-11-redacted-copy-and-rescan
dataset-artifact-196d426edfcd9923d3e4aded,standardized/csv-data/6a/ord_dataset-6a0bfcdf53a64c07987822162ae591e2.csv,physical-csv,b999fc32fd27e3f40e28a3de918b01853cf7d26927f6b08ad6efbec61b2a6027,true,redaction_required_before_promotion,1,0,requires_structural_email_redaction,deny_until_sanitized_derivative_verified,step-11-redacted-copy-and-rescan
dataset-artifact-37fd9113a1c107a7aa69fb9e,standardized/csv-data/7a/ord_dataset-7acd6ad2bf4d4cff841cad008ab726d5.csv,physical-csv,9eeddd570f4aa435aeb49b944aea9b80955935a9753459911e84273a85bf5754,true,redaction_required_before_promotion,1,0,requires_structural_email_redaction,deny_until_sanitized_derivative_verified,step-11-redacted-copy-and-rescan
dataset-artifact-76ba358e7e95a42265dc422f,standardized/csv-data/7d/ord_dataset-7d8f5fd922d4497d91cb81489b052746.csv,physical-csv,735b2392c0ed1047fa45738ff6c073e57030a93427607c7fc4821a83c45aaa52,true,redaction_required_before_promotion,1,0,requires_structural_email_redaction,deny_until_sanitized_derivative_verified,step-11-redacted-copy-and-rescan
dataset-artifact-1de4870002c7fedaf859130e,standardized/csv-data/80/ord_dataset-805ad863feef48579d95d86a728035f4.csv,physical-csv,91295b46b65299cbce9abe1a27d0ab96dc7f3feba4221737c13f036589b99f47,true,redaction_required_before_promotion,1,0,requires_structural_email_redaction,deny_until_sanitized_derivative_verified,step-11-redacted-copy-and-rescan
dataset-artifact-fe3d2216ecf146c793956053,standardized/csv-data/89/ord_dataset-89b083710e2d441aa0040c361d63359f.csv,physical-csv,c90c1443df2067ac03d70a70667d0c286182393835ca980d6cc8bf789ac7c9f5,true,redaction_required_before_promotion,1,0,requires_structural_email_redaction,deny_until_sanitized_derivative_verified,step-11-redacted-copy-and-rescan
dataset-artifact-0015ee2aed10009bf4c8a648,standardized/csv-data/8d/ord_dataset-8d1e28ec1f6b4ee8ad372e0b5ed7a62e.csv,physical-csv,856c607f5ea3f32d4f6cfeba7bbb78cb1a6bf662645698c1ec7e74deeb83b24b,true,redaction_required_before_promotion,1,0,requires_structural_email_redaction,deny_until_sanitized_derivative_verified,step-11-redacted-copy-and-rescan
dataset-artifact-07d06e62fa3930ce8507360f,standardized/csv-data/99/ord_dataset-99c23cf435dc42f1af884053bc8b11c7.csv,physical-csv,92fb830ea5e3a2d224c1ce5c48c601d6e590603691fa38cf58348698903704a6,true,redaction_required_before_promotion,1,0,requires_structural_email_redaction,deny_until_sanitized_derivative_verified,step-11-redacted-copy-and-rescan
dataset-artifact-68c8f86acb6d324bba4545b8,standardized/csv-data/9b/ord_dataset-9b8aa9a7835143ef8ce3f70abfab7545.csv,physical-csv,a0f7505653c8c33c4433d992e00fe82e3b01e38afe9fc57ea0c1f4d381db3578,true,redaction_required_before_promotion,1,0,requires_structural_email_redaction,deny_until_sanitized_derivative_verified,step-11-redacted-copy-and-rescan
dataset-artifact-dbfb3c0edf5169993bd22b84,standardized/csv-data/a1/ord_dataset-a12fa15d036d489c971b0b514caeae52.csv,physical-csv,cf58672eb9ce453efbb801e1229f05bf5ea32f93362727a7172dab5276119d5e,true,redaction_required_before_promotion,1,0,requires_structural_email_redaction,deny_until_sanitized_derivative_verified,step-11-redacted-copy-and-rescan
dataset-artifact-20f43b5bc886acb0b8c28a7f,standardized/csv-data/ac/ord_dataset-ac78456835404910b3a4c840248b6ac9.csv,physical-csv,9f207919c4b8b20784e4a8a8cdb96dde8a2c4cc5f2ed61d0ac282de005287597,true,redaction_required_before_promotion,1,0,requires_structural_email_redaction,deny_until_sanitized_derivative_verified,step-11-redacted-copy-and-rescan
dataset-artifact-40f6de5a1e241458911d966e,standardized/csv-data/b4/ord_dataset-b440f8c90b6343189093770060fc4098.csv,physical-csv,9ff37254643f8eeee7d889b2f868a301a651499e716f5b8204d99db45ce2ed6c,true,redaction_required_before_promotion,1,0,requires_structural_email_redaction,deny_until_sanitized_derivative_verified,step-11-redacted-copy-and-rescan
dataset-artifact-3b734cfd6354ba588f1efe4b,standardized/csv-data/bc/ord_dataset-bc349c19b4384756a2aee8aa525b6c2a.csv,physical-csv,2c89cde0e31d39d4712ae62ee75adbf36be99492166e5d6ea45f840dcf80c804,true,redaction_required_before_promotion,1,0,requires_structural_email_redaction,deny_until_sanitized_derivative_verified,step-11-redacted-copy-and-rescan
dataset-artifact-aeeb6cd5779f74d16c062f01,standardized/csv-data/c5/ord_dataset-c5b00523487a4211a194160edf45e9ab.csv,physical-csv,f1a9f2388a1d7ab22e696e2a53aa4b3b05725901d457d0046e8e1ca8f0403506,true,redaction_required_before_promotion,1,0,requires_structural_email_redaction,deny_until_sanitized_derivative_verified,step-11-redacted-copy-and-rescan
dataset-artifact-9a551212853c4b0f46b61735,standardized/csv-data/c7/ord_dataset-c703268ea43a4c7e802c6048b6166b34.csv,physical-csv,8a61e6f7645f22ebe36fe924b544caa934fbf3f8d84d9acffd3372882fff5924,true,redaction_required_before_promotion,1,0,requires_structural_email_redaction,deny_until_sanitized_derivative_verified,step-11-redacted-copy-and-rescan
dataset-artifact-9b7363a87ce650b2c6423fb0,standardized/csv-data/cb/ord_dataset-cbcc4048add7468e850b6ec42549c70d.csv,physical-csv,a19e5b542db111b695a6c6a7c230c9242e52c375d5d336ae0a9ec694fb58c834,true,redaction_required_before_promotion,1,0,requires_structural_email_redaction,deny_until_sanitized_derivative_verified,step-11-redacted-copy-and-rescan
dataset-artifact-3a411c01069c75658b90517b,standardized/csv-data/ce/ord_dataset-ce5045aceb214cfc8bfd0ef3031e2737.csv,physical-csv,362a1a3e1716bd9db438ee7fea6f3311c8b0e2e1aa34698a33e9a4be12c3b8d9,true,redaction_required_before_promotion,1,0,requires_structural_email_redaction,deny_until_sanitized_derivative_verified,step-11-redacted-copy-and-rescan
dataset-artifact-82b80c9c86e77b4f0f213f3d,standardized/csv-data/d2/ord_dataset-d26118acda314269becc35db5c22dc59.csv,physical-csv,a6de68674a2a707beb6990b69f6aaa878eb40f1520fb24f11790adae9756a555,true,redaction_required_before_promotion,1,0,requires_structural_email_redaction,deny_until_sanitized_derivative_verified,step-11-redacted-copy-and-rescan
dataset-artifact-5e0d10be5f2262ad9d5f0a39,standardized/csv-data/d3/ord_dataset-d319c2a22ecf4ce59db1a18ae71d529c.csv,physical-csv,c5fb0ac5439a2f02492858eba950c1817e93a01be71f90934fc61ef8220622b7,true,redaction_required_before_promotion,1,0,requires_structural_email_redaction,deny_until_sanitized_derivative_verified,step-11-redacted-copy-and-rescan
dataset-artifact-5136fe3decb7b91f8bbc81fc,standardized/csv-data/d9/ord_dataset-d92976309c3a48a3a64a4cf5e7048086.csv,physical-csv,84e8c96a27e45f228ce2f3c88b6e8e6d07636f88c4b71a6c22f95d657cdfc7dc,true,redaction_required_before_promotion,1,0,requires_structural_email_redaction,deny_until_sanitized_derivative_verified,step-11-redacted-copy-and-rescan
dataset-artifact-f558b4c1040507cdca3c39c1,standardized/csv-data/datasets.csv,physical-csv,b7289e8ae564b6750cff880e60910d43d43dca07878c7fc2140b05db64045fd5,true,passed_sensitive_gate,0,0,accepted_pending_remaining_gates,eligible_pending_remaining_release_gates,steps-08-through-25
dataset-artifact-9f952c92db3466c2bdb3c8d8,standardized/csv-data/dc/ord_dataset-dc0249930af34d17a3c76881a762aebf.csv,physical-csv,e82849052e3ddb451910b496dae57ac30080c1adcbc33ec73f58dffbdab1ee51,true,redaction_required_before_promotion,1,0,requires_structural_email_redaction,deny_until_sanitized_derivative_verified,step-11-redacted-copy-and-rescan
dataset-artifact-e88e16fa560f17708f5c3a53,standardized/csv-data/e7/ord_dataset-e7830cd6b11158b43994ccfb5ee9acb3.csv,physical-csv,0a405b6b46e807cab7d8009f82891a6cfbbd0185c7a8047f480682ede817cd81,true,redaction_required_before_promotion,1,0,requires_structural_email_redaction,deny_until_sanitized_derivative_verified,step-11-redacted-copy-and-rescan
dataset-artifact-2a8c267f4e076559c33a07a0,standardized/csv-data/ee/ord_dataset-eeba974d3c284aed86d1c1d442260a1e.csv,physical-csv,034b60735ee9039098cca11defcc63ccd2134c64830b4ebfa1bd51990406feb9,true,redaction_required_before_promotion,1,0,requires_structural_email_redaction,deny_until_sanitized_derivative_verified,step-11-redacted-copy-and-rescan
dataset-artifact-e32d42ce5f998d02aad7e545,standardized/csv-data/fc/ord_dataset-fc83743b978f4deea7d6856deacbfe53.csv,physical-csv,fcb05ba1b7ef6621903fd5937cfec82587233dac9d4cdae4c4d32eef5b114104,true,redaction_required_before_promotion,1,0,requires_structural_email_redaction,deny_until_sanitized_derivative_verified,step-11-redacted-copy-and-rescan
dataset-artifact-a82d25408927fac270c8b12f,standardized/csv-data/fe/ord_dataset-feaf1b793c6d408aaec1cac7cc3ceadc.csv,physical-csv,6ca54ae6356c8205f5777a9f4fb6159c1c4edb45d5ac06087fd8928268819166,true,redaction_required_before_promotion,1,0,requires_structural_email_redaction,deny_until_sanitized_derivative_verified,step-11-redacted-copy-and-rescan
dataset-artifact-2246a481a85f0037f386d93f,standardized/derived/csv/schema/field_coverage.csv,data-quality-report,310e3a5d60925182ed9d5ebeedcc0e01e57c6d8b662cc3278b303fb354331ba7,true,passed_sensitive_gate,0,0,accepted_pending_remaining_gates,eligible_pending_remaining_release_gates,steps-08-through-25
dataset-artifact-3e8cfb3ad5d8ea27a94d5e44,standardized/derived/csv/schema/logical_field_comparison.csv,data-quality-report,9d673d967fe8899360ddf1adbe93e0bdd86aa13727b0c3432c725ea0dcd7edb2,true,passed_sensitive_gate,0,0,accepted_pending_remaining_gates,eligible_pending_remaining_release_gates,steps-08-through-25
dataset-artifact-e882dca36f6d044f460f9b89,standardized/derived/csv/schema/logical_field_differences.csv,data-quality-report,054855138f14beb318d6d2400aea90eba05502f19b73e4ed43a1130682691d3d,true,passed_sensitive_gate,0,0,accepted_pending_remaining_gates,eligible_pending_remaining_release_gates,steps-08-through-25
dataset-artifact-dc5d8d0ae4aa77b9447d3813,standardized/derived/csv/schema/modeling_field_availability.csv,data-quality-report,532e03c6b0c3ff271f75d0a6a4562e1ad2c6c9d2f67539242e65eed837002bdf,true,passed_sensitive_gate,0,0,accepted_pending_remaining_gates,eligible_pending_remaining_release_gates,steps-08-through-25
dataset-artifact-b74d4e300cad3ee374637c02,standardized/derived/csv/tables/logical_dataset_id=lit_10_1038_s41586_021_03213_y/reactions.csv,corpus-data,17ab3232b6688840f5588df1c8dddc61a7dabbee86a99c33c562c03f9124f76a,true,redaction_required_before_promotion,1,0,requires_structural_email_redaction,deny_until_sanitized_derivative_verified,step-11-redacted-copy-and-rescan
dataset-artifact-94e04656cab5ac607196945e,standardized/derived/csv/tables/logical_dataset_id=lit_10_1038_s44160_023_00351_1/reactions.csv,corpus-data,a49c9c12cfa5bcaa8a2570424ad157cc9a7ce9c171b59fe36c9ec409e3dcfc36,true,redaction_required_before_promotion,1,0,requires_structural_email_redaction,deny_until_sanitized_derivative_verified,step-11-redacted-copy-and-rescan
dataset-artifact-da39679b3c0b3dc65c807b25,standardized/derived/csv/tables/logical_dataset_id=lit_10_1039_c5sc04751j/reactions.csv,corpus-data,7bf8b322d01d88a1acb324fee80a51c769d3e76e769794ee3a474635addd1d89,true,redaction_required_before_promotion,1,0,requires_structural_email_redaction,deny_until_sanitized_derivative_verified,step-11-redacted-copy-and-rescan
dataset-artifact-5a3c029be64021d366a0b94e,standardized/derived/csv/tables/logical_dataset_id=lit_10_1039_c6re00153j/reactions.csv,corpus-data,33771856f8c9899c92d078d394cbcc9915ab24897d0d9a7eb8701e898105de43,true,redaction_required_before_promotion,1,0,requires_structural_email_redaction,deny_until_sanitized_derivative_verified,step-11-redacted-copy-and-rescan
dataset-artifact-c4d7c2ecfe0cf12fef939c12,standardized/derived/csv/tables/logical_dataset_id=lit_10_1126_science_1259203/reactions.csv,corpus-data,ca185591fe871c14a04a19d5161053a228bbdf040fb601c32de83cdb214c8413,true,redaction_required_before_promotion,1,0,requires_structural_email_redaction,deny_until_sanitized_derivative_verified,step-11-redacted-copy-and-rescan
dataset-artifact-a7c35490989ac062ad2f91ec,standardized/derived/csv/tables/logical_dataset_id=lit_10_26434_chemrxiv_15001213/reactions.csv,corpus-data,1f7ee26f0b2298e720ddcca93ed76d1dc74b2198eff20c326b44119f14631ee7,true,redaction_required_before_promotion,1,0,requires_structural_email_redaction,deny_until_sanitized_derivative_verified,step-11-redacted-copy-and-rescan
dataset-artifact-ebaa7fd588f9492d82447906,standardized/derived/csv/tables/logical_dataset_id=physical_00005539a1e04c809a9a78647bea649c/reactions.csv,corpus-data,ab44dc0195ff5af36efbd0b9b77e3b284ab79e8cb1b0a7773b571a9a184c7c53,true,redaction_required_before_promotion,1,0,requires_structural_email_redaction,deny_until_sanitized_derivative_verified,step-11-redacted-copy-and-rescan
dataset-artifact-e26e3ba6910d559f570731c9,standardized/derived/csv/tables/logical_dataset_id=physical_0316886541d9435489859c2ad7edc863/reactions.csv,corpus-data,648a43db848a8a69d11cb58c3ed3eb1508af525f27c558d3a54597545fa12ce1,true,redaction_required_before_promotion,1,0,requires_structural_email_redaction,deny_until_sanitized_derivative_verified,step-11-redacted-copy-and-rescan
dataset-artifact-ccf1dc928f2eaf8057e78396,standardized/derived/csv/tables/logical_dataset_id=physical_10b940e7982c4622b1e1ac879394aba6/reactions.csv,corpus-data,10ea96bf4cdf43ed16c1508b17b8fb0a530f78ebd46089500e465ebbe9653155,true,redaction_required_before_promotion,1,0,requires_structural_email_redaction,deny_until_sanitized_derivative_verified,step-11-redacted-copy-and-rescan
dataset-artifact-bcb006aee57909d3d35536e5,standardized/derived/csv/tables/logical_dataset_id=physical_1158e351757f315b93cbcbe7bc55f38e/reactions.csv,corpus-data,1812168fa69646d992efc36075a5a3da9c5ab4ae3a3b1883dc790c896320d359,true,redaction_required_before_promotion,1,0,requires_structural_email_redaction,deny_until_sanitized_derivative_verified,step-11-redacted-copy-and-rescan
dataset-artifact-54b9efcfcdca4a850aaa56d8,standardized/derived/csv/tables/logical_dataset_id=physical_1d3a1a6fb70d46c084602d0688967afc/reactions.csv,corpus-data,a232c024557a5cc509d0ecd51fd7ce7ccfab8ec8e6f3f860e86602f7355302a8,true,redaction_required_before_promotion,1,0,requires_structural_email_redaction,deny_until_sanitized_derivative_verified,step-11-redacted-copy-and-rescan
dataset-artifact-c02e10b301e455fbbdca0e6e,standardized/derived/csv/tables/logical_dataset_id=physical_1ec2807f02fa4beda27d2a81b86eb843/reactions.csv,corpus-data,ba117820ea21bec60d4a0f1aa67cbf3224b72a4fed9ea39c2d3ca8ec4738ff64,true,redaction_required_before_promotion,1,0,requires_structural_email_redaction,deny_until_sanitized_derivative_verified,step-11-redacted-copy-and-rescan
dataset-artifact-5583f8d141c50cbbf2b0d72c,standardized/derived/csv/tables/logical_dataset_id=physical_35a5a513f1dd44a3a97c88da99f81a00/reactions.csv,corpus-data,c445fee80344bde0eb2f36d8ae1713a33f4b23d673423b9fe55969b5de4cbd8c,true,redaction_required_before_promotion,1,0,requires_structural_email_redaction,deny_until_sanitized_derivative_verified,step-11-redacted-copy-and-rescan
dataset-artifact-206923f03240dd1bd8e4d5eb,standardized/derived/csv/tables/logical_dataset_id=physical_3b5db90e337942ea886b8f5bc5e3aa72/reactions.csv,corpus-data,211bbf0b8f163238c62cd3e3cfb9ff6c78ac0359be2188d146441c5075978a44,true,redaction_required_before_promotion,1,0,requires_structural_email_redaction,deny_until_sanitized_derivative_verified,step-11-redacted-copy-and-rescan
dataset-artifact-139385eb80a2c0f596cca19e,standardized/derived/csv/tables/logical_dataset_id=physical_46ff9a32d9e04016b9380b1b1ef949c3/reactions.csv,corpus-data,0ec1160ad3b206bc4ecb0db7bac52529215becbee7993f650c671bc2514f9e09,true,redaction_required_before_promotion,1,0,requires_structural_email_redaction,deny_until_sanitized_derivative_verified,step-11-redacted-copy-and-rescan
dataset-artifact-e8a8fc5105967a1c4d2abb64,standardized/derived/csv/tables/logical_dataset_id=physical_47eaacc46c3a4487bbdf99adb1a15e41/reactions.csv,corpus-data,176f123a6a4848845ab30c9489fcc2f52a40ca5b581976a2b904c7b777f9ca02,true,redaction_required_before_promotion,1,0,requires_structural_email_redaction,deny_until_sanitized_derivative_verified,step-11-redacted-copy-and-rescan
dataset-artifact-33a5a1dbae3eeeec86304507,standardized/derived/csv/tables/logical_dataset_id=physical_52bd3b0ec72c443aab113bcea09bf3f4/reactions.csv,corpus-data,6d353ae24b81be4c83ed91702c3596d9f0fbc96ae51e82bc304595c1146943dc,true,redaction_required_before_promotion,1,0,requires_structural_email_redaction,deny_until_sanitized_derivative_verified,step-11-redacted-copy-and-rescan
dataset-artifact-30597f5f3af6e58fe71a90f4,standardized/derived/csv/tables/logical_dataset_id=physical_5415f83da68e4797856ddd330dda5c61/reactions.csv,corpus-data,ecf33ba7261a953f6c9a230b527d34fab3be5682f124fc946229b5767699efab,true,redaction_required_before_promotion,1,0,requires_structural_email_redaction,deny_until_sanitized_derivative_verified,step-11-redacted-copy-and-rescan
dataset-artifact-c939996510b8841f7b8f362a,standardized/derived/csv/tables/logical_dataset_id=physical_5540e162c09f4c04905ddc8ba9c931c6/reactions.csv,corpus-data,3592963fae5c0af608d2c74cf9224c622e6ad79a2b26772215ebd97496c97749,true,redaction_required_before_promotion,1,0,requires_structural_email_redaction,deny_until_sanitized_derivative_verified,step-11-redacted-copy-and-rescan
dataset-artifact-4ede9efbbc0272049f939dc2,standardized/derived/csv/tables/logical_dataset_id=physical_55de08a995554f558c25fc43eac62359/reactions.csv,corpus-data,1ebdaea377e7c86d86ff1fb8c932b373b1254980d7a7501e5c9dcf10cf7e2546,true,redaction_required_before_promotion,1,0,requires_structural_email_redaction,deny_until_sanitized_derivative_verified,step-11-redacted-copy-and-rescan
dataset-artifact-b2074dc4d4813dddc045f70c,standardized/derived/csv/tables/logical_dataset_id=physical_5c9a10329a8a48968d18879a48bb8ab2/reactions.csv,corpus-data,c04ed95c9f5157f9a8a8b926d804ec633c6da01bd1007d36f043dbc2c5c06d91,true,redaction_required_before_promotion,1,0,requires_structural_email_redaction,deny_until_sanitized_derivative_verified,step-11-redacted-copy-and-rescan
dataset-artifact-ba79062a810e3c4c7b214420,standardized/derived/csv/tables/logical_dataset_id=physical_5e8318f0dda04b398c14f4c3adfeb32c/reactions.csv,corpus-data,31a1baaa40d581228e6d048d9a19414e50510e37ab9ed9738ee1e6a1eea54e8d,true,redaction_required_before_promotion,1,0,requires_structural_email_redaction,deny_until_sanitized_derivative_verified,step-11-redacted-copy-and-rescan
dataset-artifact-436705f3d6986ffef3cdc2a9,standardized/derived/csv/tables/logical_dataset_id=physical_5eb7f2689f4a42eba63ad9e37e49a5cd/reactions.csv,corpus-data,d66a35308648fc37aaaee22cc59f2039e8f34f955a93d1b33f3a05ec9504f3ce,true,redaction_required_before_promotion,1,0,requires_structural_email_redaction,deny_until_sanitized_derivative_verified,step-11-redacted-copy-and-rescan
dataset-artifact-004ce67ba3f35010ea92bb88,standardized/derived/csv/tables/logical_dataset_id=physical_68cb8b4b2b384e3d85b5b1efae58b203/reactions.csv,corpus-data,42e6e979c0c8e1a489f498fe0f094e142bb0466092abaae8906bba053100356e,true,redaction_required_before_promotion,1,0,requires_structural_email_redaction,deny_until_sanitized_derivative_verified,step-11-redacted-copy-and-rescan
dataset-artifact-21df4ce9e66736861b09c04d,standardized/derived/csv/tables/logical_dataset_id=physical_6a0bfcdf53a64c07987822162ae591e2/reactions.csv,corpus-data,7baa9592f2cf8d158693e13e0e9051585a9b815acc2297de3e38cac4fea42bbf,true,redaction_required_before_promotion,1,0,requires_structural_email_redaction,deny_until_sanitized_derivative_verified,step-11-redacted-copy-and-rescan
dataset-artifact-6f3d6649e1951c442584e234,standardized/derived/csv/tables/logical_dataset_id=physical_805ad863feef48579d95d86a728035f4/reactions.csv,corpus-data,d680b26d4dbc9cc788effb4ddf63c4fbe23b1aef0635bc1bff1afac939e15154,true,redaction_required_before_promotion,1,0,requires_structural_email_redaction,deny_until_sanitized_derivative_verified,step-11-redacted-copy-and-rescan
dataset-artifact-adbc5c7c3ffd1743bd0ba3d4,standardized/derived/csv/tables/logical_dataset_id=physical_89b083710e2d441aa0040c361d63359f/reactions.csv,corpus-data,cfe71ad8d3b234b90a72c0c2d0feaf35255f5c125ef509f24e838f7c2a1e347f,true,redaction_required_before_promotion,1,0,requires_structural_email_redaction,deny_until_sanitized_derivative_verified,step-11-redacted-copy-and-rescan
dataset-artifact-f2607cca41b8474ad14cabe5,standardized/derived/csv/tables/logical_dataset_id=physical_8d1e28ec1f6b4ee8ad372e0b5ed7a62e/reactions.csv,corpus-data,c407783633f4033c9d3cf319295a3c9250ab78147534001a1092ec9a4bbc3f0d,true,redaction_required_before_promotion,1,0,requires_structural_email_redaction,deny_until_sanitized_derivative_verified,step-11-redacted-copy-and-rescan
dataset-artifact-30b89889993c8906dcf2dbdd,standardized/derived/csv/tables/logical_dataset_id=physical_99c23cf435dc42f1af884053bc8b11c7/reactions.csv,corpus-data,8e22982ae74f2b2e9a2992aaad4618d598afb7dca3d66585c7bab25cd85e7c25,true,redaction_required_before_promotion,1,0,requires_structural_email_redaction,deny_until_sanitized_derivative_verified,step-11-redacted-copy-and-rescan
dataset-artifact-1fee124e00eca76d14a36303,standardized/derived/csv/tables/logical_dataset_id=physical_9b8aa9a7835143ef8ce3f70abfab7545/reactions.csv,corpus-data,91840b1a434c6da675f8c0b978f3825fef429ca78828f6c6fcb00a8f3cbd42be,true,redaction_required_before_promotion,1,0,requires_structural_email_redaction,deny_until_sanitized_derivative_verified,step-11-redacted-copy-and-rescan
dataset-artifact-5751416fa53b15943d311fd9,standardized/derived/csv/tables/logical_dataset_id=physical_a12fa15d036d489c971b0b514caeae52/reactions.csv,corpus-data,0e1915e564cda2f31498e817ea7e48bd7cb2ba04b12e6d992b0a7d993575b398,true,redaction_required_before_promotion,1,0,requires_structural_email_redaction,deny_until_sanitized_derivative_verified,step-11-redacted-copy-and-rescan
dataset-artifact-c772981760cc4e82398abcd5,standardized/derived/csv/tables/logical_dataset_id=physical_ac78456835404910b3a4c840248b6ac9/reactions.csv,corpus-data,0e407108e5db703d2156d55aef6c8aa63afbd26019279ba89198308a0dacde93,true,redaction_required_before_promotion,1,0,requires_structural_email_redaction,deny_until_sanitized_derivative_verified,step-11-redacted-copy-and-rescan
dataset-artifact-f839836e325784d4cffe2106,standardized/derived/csv/tables/logical_dataset_id=physical_b440f8c90b6343189093770060fc4098/reactions.csv,corpus-data,63f7e9c1c0a9c6c553b4420882562e79fd3933dcb250209bbcfac1598466f3b2,true,redaction_required_before_promotion,1,0,requires_structural_email_redaction,deny_until_sanitized_derivative_verified,step-11-redacted-copy-and-rescan
dataset-artifact-cafedf7bf2af55830d631f20,standardized/derived/csv/tables/logical_dataset_id=physical_c5b00523487a4211a194160edf45e9ab/reactions.csv,corpus-data,e356b5c8493e2fbcaceb466c92a73c0c62ce420c06003bf08460933080953b94,true,redaction_required_before_promotion,1,0,requires_structural_email_redaction,deny_until_sanitized_derivative_verified,step-11-redacted-copy-and-rescan
dataset-artifact-776c5ce65757224d8376526f,standardized/derived/csv/tables/logical_dataset_id=physical_ce5045aceb214cfc8bfd0ef3031e2737/reactions.csv,corpus-data,5993804130db409e10f7ac6fc67685d74c0ef48dcfeb404382a08e39f055ee25,true,redaction_required_before_promotion,1,0,requires_structural_email_redaction,deny_until_sanitized_derivative_verified,step-11-redacted-copy-and-rescan
dataset-artifact-46e4d9ec1c1d9fae6c4dfe61,standardized/derived/csv/tables/logical_dataset_id=physical_d92976309c3a48a3a64a4cf5e7048086/reactions.csv,corpus-data,35255c19c1a20d5c59875d4b50348ae298dbe850906d56aceb4bd052c366ae81,true,redaction_required_before_promotion,1,0,requires_structural_email_redaction,deny_until_sanitized_derivative_verified,step-11-redacted-copy-and-rescan
dataset-artifact-4fa23778e6ef039d2b6ba0ef,standardized/derived/csv/tables/logical_dataset_id=physical_eeba974d3c284aed86d1c1d442260a1e/reactions.csv,corpus-data,e3715f5473b555ab6205ffe453a520148a4899976a790c7d8d2c6034cd23f0c4,true,redaction_required_before_promotion,1,0,requires_structural_email_redaction,deny_until_sanitized_derivative_verified,step-11-redacted-copy-and-rescan
dataset-artifact-114129d06b42de492a37d590,standardized/derived/csv/tables/logical_dataset_id=physical_fc83743b978f4deea7d6856deacbfe53/reactions.csv,corpus-data,6e30f28ab0af7662fd33c9f36d50a813b5c515bde20f1c41b6de73cd8147d3fd,true,redaction_required_before_promotion,1,0,requires_structural_email_redaction,deny_until_sanitized_derivative_verified,step-11-redacted-copy-and-rescan
dataset-artifact-9cf0da9ac172817a4446b96f,standardized/derived/csv/tables/logical_dataset_id=physical_feaf1b793c6d408aaec1cac7cc3ceadc/reactions.csv,corpus-data,3168f0a2c1421d7c1d3fd496ec52709d6cc7d8c8ba392a9ee0f776151aae562f,true,redaction_required_before_promotion,1,0,requires_structural_email_redaction,deny_until_sanitized_derivative_verified,step-11-redacted-copy-and-rescan
dataset-artifact-4892cca29f33cd9565602dfc,standardized/derived/csv/tables/logical_dataset_id=upstream_chemrxiv_64c7e2e1658ec5f7e5808425/reactions.csv,corpus-data,c4817a0f72a533bb52242bd6cb894b2c82ff145efe09d64a8f08f91fd98188b0,true,redaction_required_before_promotion,1,0,requires_structural_email_redaction,deny_until_sanitized_derivative_verified,step-11-redacted-copy-and-rescan
dataset-artifact-e3cceae3a6a2b22a3a0959d5,standardized/derived/csv/tables/logical_dataset_id=upstream_rexgen_direct_c8sc04228d/reactions.csv,corpus-data,472486392b0381d3cbbd6f3419757f66e1c271606cc795f0dcf799882fc6a04a,true,redaction_required_before_promotion,1,0,requires_structural_email_redaction,deny_until_sanitized_derivative_verified,step-11-redacted-copy-and-rescan
dataset-artifact-90a796996f42809a821950b7,standardized/derived/yonod/datasets/lit_10_1038_s41586_021_03213_y/schema.json,model-projection-intermediate,36e9c69678a3d340f2e3c2aeb2e53c96f06859050aa8126708306eb73e75cb0e,true,passed_sensitive_gate,0,0,accepted_pending_remaining_gates,eligible_pending_remaining_release_gates,steps-08-through-25
dataset-artifact-104a7c2e60fc9c153060a74d,standardized/derived/yonod/datasets/lit_10_1038_s41586_021_03213_y/targets/shields_yield_percent/schema.json,model-ready-schema,01b7f6266eeae778f5e29e3eeef468cb67b7f8718d0ad72552cbf4f630a1ef52,true,passed_sensitive_gate,0,0,accepted_pending_remaining_gates,eligible_pending_remaining_release_gates,steps-08-through-25
dataset-artifact-7ecf63b8c07e555ad5afa77e,standardized/derived/yonod/datasets/lit_10_1038_s41586_021_03213_y/targets/shields_yield_percent/shields_yield_structure_v1_normalized_dataset.csv,model-ready-data,35e1698ae9f8e57ea96ca351008f78770c7cba8343db0c68ac2bd44e1362e61d,true,passed_sensitive_gate,0,0,accepted_pending_remaining_gates,eligible_pending_remaining_release_gates,steps-08-through-25
dataset-artifact-4661d3792fa979ec5c0064df,standardized/derived/yonod/datasets/lit_10_1038_s41586_021_03213_y/targets/shields_yield_percent/shields_yield_structure_v1_yonod_config.json,model-ready-config,9333501cc95a89e2594eabe61a444f5e7ae132ef9336104c0baa8d688f7dc5a4,true,passed_sensitive_gate,0,0,accepted_pending_remaining_gates,eligible_pending_remaining_release_gates,steps-08-through-25
dataset-artifact-0eee3bf6f5d4aece2aa67388,standardized/derived/yonod/datasets/lit_10_1038_s44160_023_00351_1/schema.json,model-projection-intermediate,0d5c760de9a4b6ecbb1af3768a67944e1521cd10fb36a8672e9b208edd9af553,true,passed_sensitive_gate,0,0,accepted_pending_remaining_gates,eligible_pending_remaining_release_gates,steps-08-through-25
dataset-artifact-28934e4620069fc56283e27c,standardized/derived/yonod/datasets/lit_10_1038_s44160_023_00351_1/targets/cernak_member_2be11_conversion_percent/cernak_member_2be11_conversion_structure_v1_normalized_dataset.csv,model-ready-data,0d25125e1cf707c839b93106b8131f8a836938b8d416e37698610f5bf8ee965e,true,passed_sensitive_gate,0,0,accepted_pending_remaining_gates,eligible_pending_remaining_release_gates,steps-08-through-25
dataset-artifact-65802b6cf9a98e392c408bce,standardized/derived/yonod/datasets/lit_10_1038_s44160_023_00351_1/targets/cernak_member_2be11_conversion_percent/cernak_member_2be11_conversion_structure_v1_yonod_config.json,model-ready-config,11008e2953693a252e362fee503f43e7c12afc3016253d79052c9ac454750b45,true,passed_sensitive_gate,0,0,accepted_pending_remaining_gates,eligible_pending_remaining_release_gates,steps-08-through-25
dataset-artifact-337b576c64762b8b9189ed0c,standardized/derived/yonod/datasets/lit_10_1038_s44160_023_00351_1/targets/cernak_member_2be11_conversion_percent/schema.json,model-ready-schema,52c98e6b7842f6f49fcca84728de128dcf27863cbeed03c25bb50c606c4ac2a9,true,passed_sensitive_gate,0,0,accepted_pending_remaining_gates,eligible_pending_remaining_release_gates,steps-08-through-25
dataset-artifact-39436ef6fc46e4b503dc01c0,standardized/derived/yonod/datasets/lit_10_1038_s44160_023_00351_1/targets/cernak_member_3b8a2e_conversion_percent/cernak_member_3b8a2e_conversion_structure_v1_normalized_dataset.csv,model-ready-data,df6c85864b54120438f2fa0163bb5da00d7cc80ca1082499640b4b1bcae96ca9,true,passed_sensitive_gate,0,0,accepted_pending_remaining_gates,eligible_pending_remaining_release_gates,steps-08-through-25
dataset-artifact-12de39ddbe9cb956146be2fc,standardized/derived/yonod/datasets/lit_10_1038_s44160_023_00351_1/targets/cernak_member_3b8a2e_conversion_percent/cernak_member_3b8a2e_conversion_structure_v1_yonod_config.json,model-ready-config,122d56918e8a3860692736370509031262ad5bee553e2a81433b4b597649b2d6,true,passed_sensitive_gate,0,0,accepted_pending_remaining_gates,eligible_pending_remaining_release_gates,steps-08-through-25
dataset-artifact-302bed7bef761dc9aa5352c0,standardized/derived/yonod/datasets/lit_10_1038_s44160_023_00351_1/targets/cernak_member_3b8a2e_conversion_percent/schema.json,model-ready-schema,9ea36bd8af548d3089666092af5a8eedd1cdddedc917ea3b0a3cb65712591372,true,passed_sensitive_gate,0,0,accepted_pending_remaining_gates,eligible_pending_remaining_release_gates,steps-08-through-25
dataset-artifact-9748d5b15935edeea1266ac8,standardized/derived/yonod/datasets/lit_10_1126_science_1259203/schema.json,model-projection-intermediate,ff86c4619af09391d0f00534885f7a7be940002d1e477375ab85c498a173949c,true,passed_sensitive_gate,0,0,accepted_pending_remaining_gates,eligible_pending_remaining_release_gates,steps-08-through-25
dataset-artifact-adcc471d4493096af5d15227,standardized/derived/yonod/datasets/lit_10_1126_science_1259203/targets/science_hte_diverse_nucleophile_relative_lc_area_ratio/schema.json,model-ready-schema,dfd7876422cde7d9278c54b9a537d36e8007a5853c769445e4cbf7acb99f6365,true,passed_sensitive_gate,0,0,accepted_pending_remaining_gates,eligible_pending_remaining_release_gates,steps-08-through-25
dataset-artifact-8048c902ace6dc84d21205fc,standardized/derived/yonod/datasets/lit_10_1126_science_1259203/targets/science_hte_diverse_nucleophile_relative_lc_area_ratio/science_hte_diverse_nucleophile_relative_lc_area_ratio_structure_v1_normalized_dataset.csv,model-ready-data,2d1bfd835869c7263d37d035131981fb4042f9c93671640ea983deb5f417e163,true,passed_sensitive_gate,0,0,accepted_pending_remaining_gates,eligible_pending_remaining_release_gates,steps-08-through-25
dataset-artifact-78b83ccf91a78c3f51f290bc,standardized/derived/yonod/datasets/lit_10_1126_science_1259203/targets/science_hte_diverse_nucleophile_relative_lc_area_ratio/science_hte_diverse_nucleophile_relative_lc_area_ratio_structure_v1_yonod_config.json,model-ready-config,e7e2fb5e49d114e192498f4b7b038385f6be3cebce601e5a3a730f0c155bfe21,true,passed_sensitive_gate,0,0,accepted_pending_remaining_gates,eligible_pending_remaining_release_gates,steps-08-through-25
dataset-artifact-d108f3688b308a43ebaa5320,standardized/derived/yonod/datasets/physical_1ec2807f02fa4beda27d2a81b86eb843/schema.json,model-projection-intermediate,c7dfe1a772d17f9962e65d9ffe6549a9f0edb2c7edcfa3826aa0bc5415739c6b,true,passed_sensitive_gate,0,0,accepted_pending_remaining_gates,eligible_pending_remaining_release_gates,steps-08-through-25
dataset-artifact-7f8b7f5050726beac21518e8,standardized/derived/yonod/datasets/physical_1ec2807f02fa4beda27d2a81b86eb843/targets/catechol_product_2_yield_percent/catechol_product_2_research_full_v1_normalized_dataset.csv,model-ready-data,d1a09d05fb70c93c221438761893f5f71f6390f94c49bef3973a42bcd9308c84,true,passed_sensitive_gate,0,0,accepted_pending_remaining_gates,eligible_pending_remaining_release_gates,steps-08-through-25
dataset-artifact-09318cb50d68b3946053c148,standardized/derived/yonod/datasets/physical_1ec2807f02fa4beda27d2a81b86eb843/targets/catechol_product_2_yield_percent/catechol_product_2_research_full_v1_yonod_config.json,model-ready-config,c33097b32043c29bbd788b6323e6732b06d1ae232146d2fb8d79f40016be3e14,true,passed_sensitive_gate,0,0,accepted_pending_remaining_gates,eligible_pending_remaining_release_gates,steps-08-through-25
dataset-artifact-642e87d4ed220c021dc6133e,standardized/derived/yonod/datasets/physical_1ec2807f02fa4beda27d2a81b86eb843/targets/catechol_product_2_yield_percent/schema.json,model-ready-schema,58b5c8b23c33aa98fde3f26de8246df457cf8d45fa4bb1afe2536ca7079dc848,true,passed_sensitive_gate,0,0,accepted_pending_remaining_gates,eligible_pending_remaining_release_gates,steps-08-through-25
dataset-artifact-880166f2bbdd90ba08122a13,standardized/derived/yonod/datasets/physical_1ec2807f02fa4beda27d2a81b86eb843/targets/catechol_product_3_yield_percent/catechol_product_3_research_full_v1_normalized_dataset.csv,model-ready-data,5cc90e232268be1fc5e15330039927b90a13a4444df2347987d312612ea771d2,true,passed_sensitive_gate,0,0,accepted_pending_remaining_gates,eligible_pending_remaining_release_gates,steps-08-through-25
dataset-artifact-d2088ad6b69a248f01d670c7,standardized/derived/yonod/datasets/physical_1ec2807f02fa4beda27d2a81b86eb843/targets/catechol_product_3_yield_percent/catechol_product_3_research_full_v1_yonod_config.json,model-ready-config,9a3226217523d41d6ca8fe9a4abcc2c10ffa332b4dbbe632a8bfade4237db354,true,passed_sensitive_gate,0,0,accepted_pending_remaining_gates,eligible_pending_remaining_release_gates,steps-08-through-25
dataset-artifact-38ee353b414096b91c0848c3,standardized/derived/yonod/datasets/physical_1ec2807f02fa4beda27d2a81b86eb843/targets/catechol_product_3_yield_percent/schema.json,model-ready-schema,bc0d609c64485e8119ff6efb3030eb9511a4ed086fdb916f1bb054a0c4cdab96,true,passed_sensitive_gate,0,0,accepted_pending_remaining_gates,eligible_pending_remaining_release_gates,steps-08-through-25
dataset-artifact-c189defd4d4895f34542913d,standardized/derived/yonod/datasets/physical_1ec2807f02fa4beda27d2a81b86eb843/targets/catechol_total_product_yield_percent/catechol_total_product_research_full_v1_normalized_dataset.csv,model-ready-data,9067b4cdce62de221a83ff15b095aadd6e110c4d143458917c7d6362bdbde397,true,passed_sensitive_gate,0,0,accepted_pending_remaining_gates,eligible_pending_remaining_release_gates,steps-08-through-25
dataset-artifact-ff4081264eebd3747f0a9f55,standardized/derived/yonod/datasets/physical_1ec2807f02fa4beda27d2a81b86eb843/targets/catechol_total_product_yield_percent/catechol_total_product_research_full_v1_yonod_config.json,model-ready-config,aed9fd8b42827c3deee20fb6a6ed8feec6bd3e8d55cdc89bf962b39c74c6bc68,true,passed_sensitive_gate,0,0,accepted_pending_remaining_gates,eligible_pending_remaining_release_gates,steps-08-through-25
dataset-artifact-7198939c46635e436c036132,standardized/derived/yonod/datasets/physical_1ec2807f02fa4beda27d2a81b86eb843/targets/catechol_total_product_yield_percent/schema.json,model-ready-schema,9a660083ccee989ff7c280505e72725aa5d03964090c70d6f31dba9f5e0a4bdc,true,passed_sensitive_gate,0,0,accepted_pending_remaining_gates,eligible_pending_remaining_release_gates,steps-08-through-25
dataset-artifact-58b8b4f9eee719f8332fe8c9,standardized/derived/yonod/datasets/physical_46ff9a32d9e04016b9380b1b1ef949c3/schema.json,model-projection-intermediate,807fa4be774d8a28850b558fdbaf957f3f41ec01fc1f58b59fb809eead2583b8,true,passed_sensitive_gate,0,0,accepted_pending_remaining_gates,eligible_pending_remaining_release_gates,steps-08-through-25
dataset-artifact-5455a1edac747f0e7f365ce2,standardized/derived/yonod/datasets/physical_46ff9a32d9e04016b9380b1b1ef949c3/targets/ahneman_yield_percent/ahneman_yield_structure_v1_normalized_dataset.csv,model-ready-data,6a912585bb987ab698e2502585e1927403c372e10d8e3bcf8ce26f93c4021acf,true,passed_sensitive_gate,0,0,accepted_pending_remaining_gates,eligible_pending_remaining_release_gates,steps-08-through-25
dataset-artifact-ac124a1899d063014f68f27c,standardized/derived/yonod/datasets/physical_46ff9a32d9e04016b9380b1b1ef949c3/targets/ahneman_yield_percent/ahneman_yield_structure_v1_yonod_config.json,model-ready-config,21b996518299c2f494798f7bfd2f85b41f29b82432e300a09b094b95689cc84b,true,passed_sensitive_gate,0,0,accepted_pending_remaining_gates,eligible_pending_remaining_release_gates,steps-08-through-25
dataset-artifact-be13b226bc40ffb9c1d96c38,standardized/derived/yonod/datasets/physical_46ff9a32d9e04016b9380b1b1ef949c3/targets/ahneman_yield_percent/schema.json,model-ready-schema,480b2573e565f5fc493a7d4dfb2bbd72e774309a39703f04cafaabf40cd6c943,true,passed_sensitive_gate,0,0,accepted_pending_remaining_gates,eligible_pending_remaining_release_gates,steps-08-through-25
dataset-artifact-f41cd5578cbfcae239161562,standardized/derived/yonod/datasets/physical_5c9a10329a8a48968d18879a48bb8ab2/schema.json,model-projection-intermediate,2c8e5b32d529c7d965a36c35894f9e5d1d2700b60da551311ce2e73cc22bbba0,true,passed_sensitive_gate,0,0,accepted_pending_remaining_gates,eligible_pending_remaining_release_gates,steps-08-through-25
dataset-artifact-fedf7163390f3444eee28696,standardized/derived/yonod/datasets/physical_5c9a10329a8a48968d18879a48bb8ab2/targets/chan_lam_yield_percent/chan_lam_yield_structure_v1_normalized_dataset.csv,model-ready-data,648de1e73169feca1cc221f1f53858c11918f91c4f959e206f1a8a66ff4b482b,true,passed_sensitive_gate,0,0,accepted_pending_remaining_gates,eligible_pending_remaining_release_gates,steps-08-through-25
dataset-artifact-fc99439d34d2c3e10356023e,standardized/derived/yonod/datasets/physical_5c9a10329a8a48968d18879a48bb8ab2/targets/chan_lam_yield_percent/chan_lam_yield_structure_v1_yonod_config.json,model-ready-config,b401147034c6c4d560d8f68a6e6bf46b0b8d23c5457c3a584728698adb48efd1,true,passed_sensitive_gate,0,0,accepted_pending_remaining_gates,eligible_pending_remaining_release_gates,steps-08-through-25
dataset-artifact-d6ee07fb8341362d6d26c876,standardized/derived/yonod/datasets/physical_5c9a10329a8a48968d18879a48bb8ab2/targets/chan_lam_yield_percent/schema.json,model-ready-schema,e6a61d75fdd4f867c6bd36c893e673c599b275849f19e1dc322b6f1926c43da0,true,passed_sensitive_gate,0,0,accepted_pending_remaining_gates,eligible_pending_remaining_release_gates,steps-08-through-25
dataset-artifact-79886a2db45cfdb6c742c2a3,standardized/derived/yonod/datasets/physical_68cb8b4b2b384e3d85b5b1efae58b203/schema.json,model-projection-intermediate,c74ac1944152b95ea16f0fed3f37fe99739afde7b995ed084f5b4a78924dde2a,true,passed_sensitive_gate,0,0,accepted_pending_remaining_gates,eligible_pending_remaining_release_gates,steps-08-through-25
dataset-artifact-15b39251f8b4199c24e62279,standardized/derived/yonod/datasets/physical_68cb8b4b2b384e3d85b5b1efae58b203/targets/suzuki_yield_percent/schema.json,model-ready-schema,b7be306c738e568aa6e1009857737bf9dcc170ac016498e86afb12229a02ff4f,true,passed_sensitive_gate,0,0,accepted_pending_remaining_gates,eligible_pending_remaining_release_gates,steps-08-through-25
dataset-artifact-5ff175ae97d702247d1ad0d4,standardized/derived/yonod/datasets/physical_68cb8b4b2b384e3d85b5b1efae58b203/targets/suzuki_yield_percent/suzuki_yield_structure_v1_normalized_dataset.csv,model-ready-data,75466f69ef7bcc53a3be76914166b91dd091c57471b62a4d69f5754f030c9f97,true,passed_sensitive_gate,0,0,accepted_pending_remaining_gates,eligible_pending_remaining_release_gates,steps-08-through-25
dataset-artifact-5e42b9a54885e9e1d3165639,standardized/derived/yonod/datasets/physical_68cb8b4b2b384e3d85b5b1efae58b203/targets/suzuki_yield_percent/suzuki_yield_structure_v1_yonod_config.json,model-ready-config,6cde9da49886861767c7dd5526ec4bb61752c07bc1a4dbee955baa4262c1ebb2,true,passed_sensitive_gate,0,0,accepted_pending_remaining_gates,eligible_pending_remaining_release_gates,steps-08-through-25
dataset-artifact-2516b466d2e159fe65782cbe,standardized/derived/yonod/datasets/physical_805ad863feef48579d95d86a728035f4/schema.json,model-projection-intermediate,83c01383eceeace98f37fb2d6d1e3cf3bcd8c9ae2f87690519f29a7471a9e292,true,passed_sensitive_gate,0,0,accepted_pending_remaining_gates,eligible_pending_remaining_release_gates,steps-08-through-25
dataset-artifact-f821d74e5471e0f7facaca30,standardized/derived/yonod/datasets/physical_805ad863feef48579d95d86a728035f4/targets/c_n_yield_percent/c_n_yield_structure_v1_normalized_dataset.csv,model-ready-data,ba845e82bb3701469aadf172a7457c64354b1e7d6f8e2ab1aad2b96c2445a012,true,passed_sensitive_gate,0,0,accepted_pending_remaining_gates,eligible_pending_remaining_release_gates,steps-08-through-25
dataset-artifact-eacd72009413ebfc8a4c49fd,standardized/derived/yonod/datasets/physical_805ad863feef48579d95d86a728035f4/targets/c_n_yield_percent/c_n_yield_structure_v1_yonod_config.json,model-ready-config,fb3981a8de911ff01b8cbac32088fe3bd3d56228d3f4792317866ba494caa7ea,true,passed_sensitive_gate,0,0,accepted_pending_remaining_gates,eligible_pending_remaining_release_gates,steps-08-through-25
dataset-artifact-0f32e853ee546653694aea23,standardized/derived/yonod/datasets/physical_805ad863feef48579d95d86a728035f4/targets/c_n_yield_percent/schema.json,model-ready-schema,dc0849c815516496dea3cbb3f3c357199e6b116a05e4266aa1d75e800110fbc0,true,passed_sensitive_gate,0,0,accepted_pending_remaining_gates,eligible_pending_remaining_release_gates,steps-08-through-25
dataset-artifact-48718ed0fe58711932eebd56,standardized/derived/yonod/datasets/physical_99c23cf435dc42f1af884053bc8b11c7/schema.json,model-projection-intermediate,ebabed20ba076345123e036db4a51136a8b00a5a18680cc81c566c1305d68935,true,passed_sensitive_gate,0,0,accepted_pending_remaining_gates,eligible_pending_remaining_release_gates,steps-08-through-25
dataset-artifact-579c0348ccdb5c0b2c353430,standardized/derived/yonod/datasets/physical_99c23cf435dc42f1af884053bc8b11c7/targets/roche_borylation_yield_percent/roche_borylation_yield_structure_v1_normalized_dataset.csv,model-ready-data,35b3444917708e5a19956e5f871fd9b83958ad3b2484874b0ba85d21f381e5e8,true,passed_sensitive_gate,0,0,accepted_pending_remaining_gates,eligible_pending_remaining_release_gates,steps-08-through-25
dataset-artifact-9fb562479bcb21bbc0c7611c,standardized/derived/yonod/datasets/physical_99c23cf435dc42f1af884053bc8b11c7/targets/roche_borylation_yield_percent/roche_borylation_yield_structure_v1_yonod_config.json,model-ready-config,d8f689b30192b89ace8a1a1cf2ba154329fa2fa4eb34e5d824b8d3dea18a16ee,true,passed_sensitive_gate,0,0,accepted_pending_remaining_gates,eligible_pending_remaining_release_gates,steps-08-through-25
dataset-artifact-7ed76392f63e0ac60af0f95b,standardized/derived/yonod/datasets/physical_99c23cf435dc42f1af884053bc8b11c7/targets/roche_borylation_yield_percent/schema.json,model-ready-schema,de9a7f69cc77ccff4893cadc4b40cc0d333b8e78fa30a51dfb662a4a85769fd7,true,passed_sensitive_gate,0,0,accepted_pending_remaining_gates,eligible_pending_remaining_release_gates,steps-08-through-25
dataset-artifact-c9cc0095cb512cb95428f22e,standardized/derived/yonod/datasets/physical_9b8aa9a7835143ef8ce3f70abfab7545/schema.json,model-projection-intermediate,40cc18d5d543af2ccd05af16eb105be8eebea8ac913a34ad2f20f0a3dcf26078,true,passed_sensitive_gate,0,0,accepted_pending_remaining_gates,eligible_pending_remaining_release_gates,steps-08-through-25
dataset-artifact-857d266fc03087c928e0dfa2,standardized/derived/yonod/datasets/physical_9b8aa9a7835143ef8ce3f70abfab7545/targets/nicolit_yield_percent/nicolit_yield_structure_v1_normalized_dataset.csv,model-ready-data,51f705bdfc42ff0432cdb6288cda3ee9cbd6e2294c216fff13e5015e94b3deda,true,passed_sensitive_gate,0,0,accepted_pending_remaining_gates,eligible_pending_remaining_release_gates,steps-08-through-25
dataset-artifact-9ce26b18d72f71a1e6c36247,standardized/derived/yonod/datasets/physical_9b8aa9a7835143ef8ce3f70abfab7545/targets/nicolit_yield_percent/nicolit_yield_structure_v1_yonod_config.json,model-ready-config,650f46818eb3a6829e50a00af076e681c22474a5117cd4c1588d3569235ca6c0,true,passed_sensitive_gate,0,0,accepted_pending_remaining_gates,eligible_pending_remaining_release_gates,steps-08-through-25
dataset-artifact-571106561aa11377f84bc808,standardized/derived/yonod/datasets/physical_9b8aa9a7835143ef8ce3f70abfab7545/targets/nicolit_yield_percent/schema.json,model-ready-schema,638b58bff19c3c9f9def449ad88282b8d098f67875af61b8fbc51fb193b63b5b,true,passed_sensitive_gate,0,0,accepted_pending_remaining_gates,eligible_pending_remaining_release_gates,steps-08-through-25
dataset-artifact-3530a16fc9010c58a0853e31,standardized/derived/yonod/datasets/physical_ac78456835404910b3a4c840248b6ac9/schema.json,model-projection-intermediate,557396c063d9b374db455182438b2f1e0bd1546a2c760cbb685ce91ac349dcde,true,passed_sensitive_gate,0,0,accepted_pending_remaining_gates,eligible_pending_remaining_release_gates,steps-08-through-25
dataset-artifact-bf86dbd98880810f1abd55d4,standardized/derived/yonod/datasets/physical_ac78456835404910b3a4c840248b6ac9/targets/nano_yield_percent/nano_yield_structure_v1_normalized_dataset.csv,model-ready-data,21b8072d3587bc8b1290124dafa6fdcdceee501980b6e6a3769aee6ead804d6d,true,passed_sensitive_gate,0,0,accepted_pending_remaining_gates,eligible_pending_remaining_release_gates,steps-08-through-25
dataset-artifact-9e3231843de851918c2d4314,standardized/derived/yonod/datasets/physical_ac78456835404910b3a4c840248b6ac9/targets/nano_yield_percent/nano_yield_structure_v1_yonod_config.json,model-ready-config,768f24c389f1b1623f93ec691def234cecb695d691ca962f23d0e43aa3cf5479,true,passed_sensitive_gate,0,0,accepted_pending_remaining_gates,eligible_pending_remaining_release_gates,steps-08-through-25
dataset-artifact-136d096c18730f4bc6187688,standardized/derived/yonod/datasets/physical_ac78456835404910b3a4c840248b6ac9/targets/nano_yield_percent/schema.json,model-ready-schema,07e38d3719447d57e1f3dfb37b5cb0098baa29efd357009f70a5323e86de7087,true,passed_sensitive_gate,0,0,accepted_pending_remaining_gates,eligible_pending_remaining_release_gates,steps-08-through-25
dataset-artifact-66e91146fafbc3490e915138,standardized/derived/yonod/datasets/physical_b440f8c90b6343189093770060fc4098/schema.json,model-projection-intermediate,a1ba92a5e6ba44c3b28c9f6ad64caf17153fa195db8e105e3f1d63c677a95227,true,passed_sensitive_gate,0,0,accepted_pending_remaining_gates,eligible_pending_remaining_release_gates,steps-08-through-25
dataset-artifact-303789c11458deb3fe00026d,standardized/derived/yonod/datasets/physical_b440f8c90b6343189093770060fc4098/targets/photodehalogenation_conversion_percent/photodehalogenation_conversion_structure_v1_normalized_dataset.csv,model-ready-data,427e149d84943bb82adcf3066be751edd2418696bb8b972177e510663a1a2ef3,true,passed_sensitive_gate,0,0,accepted_pending_remaining_gates,eligible_pending_remaining_release_gates,steps-08-through-25
dataset-artifact-dd3fd2921ff9694df9004252,standardized/derived/yonod/datasets/physical_b440f8c90b6343189093770060fc4098/targets/photodehalogenation_conversion_percent/photodehalogenation_conversion_structure_v1_yonod_config.json,model-ready-config,dccc6c726e14061d898de9d6ff28151fb7ea7c8b3aaf9cdf6dbf569ae7319bad,true,passed_sensitive_gate,0,0,accepted_pending_remaining_gates,eligible_pending_remaining_release_gates,steps-08-through-25
dataset-artifact-8170e48c9255c71679a75e07,standardized/derived/yonod/datasets/physical_b440f8c90b6343189093770060fc4098/targets/photodehalogenation_conversion_percent/schema.json,model-ready-schema,701e39c8d386813caa498b191451173872a77eca2b8aa7d962a8aeb667593323,true,passed_sensitive_gate,0,0,accepted_pending_remaining_gates,eligible_pending_remaining_release_gates,steps-08-through-25
dataset-artifact-8937dea92eb9016484341912,standardized/derived/yonod/datasets/physical_c5b00523487a4211a194160edf45e9ab/schema.json,model-projection-intermediate,48103b12b16d9b6a4d3b5f310458c9e266513d05a8209aa05f9083f1270020e4,true,passed_sensitive_gate,0,0,accepted_pending_remaining_gates,eligible_pending_remaining_release_gates,steps-08-through-25
dataset-artifact-4018c43594db1aec82de6a4f,standardized/derived/yonod/datasets/physical_c5b00523487a4211a194160edf45e9ab/targets/asymmetric_alkylation_ee_s_minus_r_percent/asymmetric_alkylation_ee_s_minus_r_v1_normalized_dataset.csv,model-ready-data,a589fdfe1f90e655bd9193983aa92264e0b86bfdb017c04836b5b933edc429c7,true,passed_sensitive_gate,0,0,accepted_pending_remaining_gates,eligible_pending_remaining_release_gates,steps-08-through-25
dataset-artifact-87025a73a14eda9ed77b13ea,standardized/derived/yonod/datasets/physical_c5b00523487a4211a194160edf45e9ab/targets/asymmetric_alkylation_ee_s_minus_r_percent/asymmetric_alkylation_ee_s_minus_r_v1_yonod_config.json,model-ready-config,1ee7a5b68495d6057e1dfc16ee1cbb9fcb4c32092966fa82970d250372569412,true,passed_sensitive_gate,0,0,accepted_pending_remaining_gates,eligible_pending_remaining_release_gates,steps-08-through-25
dataset-artifact-2b390ed88a23eed83c6f3ba7,standardized/derived/yonod/datasets/physical_c5b00523487a4211a194160edf45e9ab/targets/asymmetric_alkylation_ee_s_minus_r_percent/schema.json,model-ready-schema,f362b5227d85a15afa5d25e17c8cb20e393e734ee024477d467379d2eb0e25f5,true,passed_sensitive_gate,0,0,accepted_pending_remaining_gates,eligible_pending_remaining_release_gates,steps-08-through-25
dataset-artifact-3384de67d7bee60bff445eb8,standardized/derived/yonod/datasets/physical_d92976309c3a48a3a64a4cf5e7048086/schema.json,model-projection-intermediate,0db883e949fe32caf706f9936021d528494f845c90096955f294fabffc32f3be,true,passed_sensitive_gate,0,0,accepted_pending_remaining_gates,eligible_pending_remaining_release_gates,steps-08-through-25
dataset-artifact-d8a3539835183296d6022a09,standardized/derived/yonod/datasets/physical_d92976309c3a48a3a64a4cf5e7048086/targets/pfizer_lcms_area_percent/pfizer_lcms_v1_normalized_dataset.csv,model-ready-data,acc5860363baddd0fc24e87bb66e37d550b4cb8e1accf301f5f2aadb6d25758d,true,passed_sensitive_gate,0,0,accepted_pending_remaining_gates,eligible_pending_remaining_release_gates,steps-08-through-25
dataset-artifact-243db29acb9ad722850a2fe8,standardized/derived/yonod/datasets/physical_d92976309c3a48a3a64a4cf5e7048086/targets/pfizer_lcms_area_percent/pfizer_lcms_v1_yonod_config.json,model-ready-config,4cc3205a96a6f4dcc9fd6c4cae8dc8154787fdf4453eb68ffe6d88eeaf18488c,true,passed_sensitive_gate,0,0,accepted_pending_remaining_gates,eligible_pending_remaining_release_gates,steps-08-through-25
dataset-artifact-f169961ed1d2a8f03343fbb2,standardized/derived/yonod/datasets/physical_d92976309c3a48a3a64a4cf5e7048086/targets/pfizer_lcms_area_percent/schema.json,model-ready-schema,03e62e5bee4e77e337451f7d6346d3bf6296039d9ec2dfa8967136f772dcf2fa,true,passed_sensitive_gate,0,0,accepted_pending_remaining_gates,eligible_pending_remaining_release_gates,steps-08-through-25
dataset-artifact-26189b6673d3b94b410ab9db,standardized/derived/yonod/datasets/upstream_chemrxiv_64c7e2e1658ec5f7e5808425/schema.json,model-projection-intermediate,587159d5bad617df6a6498e90c8d6ad01108e7179054d0b5ff3611ab114f0d5d,true,passed_sensitive_gate,0,0,accepted_pending_remaining_gates,eligible_pending_remaining_release_gates,steps-08-through-25
dataset-artifact-4247dae36116de6d0b2584a0,standardized/derived/yonod/datasets/upstream_chemrxiv_64c7e2e1658ec5f7e5808425/targets/chemrxiv_amide_yield_percent/chemrxiv_amide_yield_structure_v1_normalized_dataset.csv,model-ready-data,90c762cff7defe31e7e45d35406df595d094186a0b35b05b0f799cfe66411f72,true,passed_sensitive_gate,0,0,accepted_pending_remaining_gates,eligible_pending_remaining_release_gates,steps-08-through-25
dataset-artifact-327ba1f5c27097bc9466cd95,standardized/derived/yonod/datasets/upstream_chemrxiv_64c7e2e1658ec5f7e5808425/targets/chemrxiv_amide_yield_percent/chemrxiv_amide_yield_structure_v1_yonod_config.json,model-ready-config,6db195daa13f29476cd44ae176ed1a27bfb5d2fd6a1bb43d0d4257b4f6af967b,true,passed_sensitive_gate,0,0,accepted_pending_remaining_gates,eligible_pending_remaining_release_gates,steps-08-through-25
dataset-artifact-ac822adaa63a43c481977b6e,standardized/derived/yonod/datasets/upstream_chemrxiv_64c7e2e1658ec5f7e5808425/targets/chemrxiv_amide_yield_percent/schema.json,model-ready-schema,3df9ea65934570a4012966c9eb5bca742ea943bbcdf9fdc743e6b6e306b5af9e,true,passed_sensitive_gate,0,0,accepted_pending_remaining_gates,eligible_pending_remaining_release_gates,steps-08-through-25
dataset-artifact-56dcf21237cd38e3b67e5ece,standardized/derived/yonod/datasets/upstream_chemrxiv_64c7e2e1658ec5f7e5808425/targets/chemrxiv_ch_arylation_yield_percent/chemrxiv_ch_arylation_yield_structure_v1_normalized_dataset.csv,model-ready-data,3d11901429869a5875d98ec4feec8239efbfa121c59d750a9bf8c04612906f7d,true,passed_sensitive_gate,0,0,accepted_pending_remaining_gates,eligible_pending_remaining_release_gates,steps-08-through-25
dataset-artifact-4af630217cb19a185883e69d,standardized/derived/yonod/datasets/upstream_chemrxiv_64c7e2e1658ec5f7e5808425/targets/chemrxiv_ch_arylation_yield_percent/chemrxiv_ch_arylation_yield_structure_v1_yonod_config.json,model-ready-config,fe20a135bbf43e59124b195d58b74780ec6797cbce732393f8338b0777337cad,true,passed_sensitive_gate,0,0,accepted_pending_remaining_gates,eligible_pending_remaining_release_gates,steps-08-through-25
dataset-artifact-2892ff0acfd96fca09959b3e,standardized/derived/yonod/datasets/upstream_chemrxiv_64c7e2e1658ec5f7e5808425/targets/chemrxiv_ch_arylation_yield_percent/schema.json,model-ready-schema,a27995892bdb21300f96b92705aa7807e6908c32e65dce289fc0d5791cb781b7,true,passed_sensitive_gate,0,0,accepted_pending_remaining_gates,eligible_pending_remaining_release_gates,steps-08-through-25
dataset-artifact-445c2566754a7b4735343400,standardized/derived/yonod/extended_formal_configs/c_n_yield_percent/c_n_yield_structure_v1_formal_yonod_config.json,validation-config-or-testset,8acf984c473b99b9691d5afef4287d4b9e97cbff67e662dcbc519c6cdc3ed575,true,passed_sensitive_gate,0,0,accepted_pending_remaining_gates,eligible_pending_remaining_release_gates,steps-08-through-25
dataset-artifact-21b9e012a7e8b1dcc435ab9e,standardized/derived/yonod/extended_formal_configs/cernak_member_2be11_conversion_percent/cernak_member_2be11_conversion_structure_v1_formal_yonod_config.json,validation-config-or-testset,3425c7a459a20763de928bf1f0e283f625641caa334b8ddd421dd676f3b61055,true,passed_sensitive_gate,0,0,accepted_pending_remaining_gates,eligible_pending_remaining_release_gates,steps-08-through-25
dataset-artifact-5f26fe4d8546f0936d60843c,standardized/derived/yonod/extended_formal_configs/cernak_member_3b8a2e_conversion_percent/cernak_member_3b8a2e_conversion_structure_v1_formal_yonod_config.json,validation-config-or-testset,a524223356587db32fcbb918e7169885ff7a6d294280a8d79b176875905b6508,true,passed_sensitive_gate,0,0,accepted_pending_remaining_gates,eligible_pending_remaining_release_gates,steps-08-through-25
dataset-artifact-9c36004a56f7cfad16210735,standardized/derived/yonod/extended_formal_configs/chan_lam_yield_percent/chan_lam_yield_structure_v1_formal_yonod_config.json,validation-config-or-testset,4d6d1c63a55c6eb694a98a4b90a065315a8cdde88937b373e5aa261a5e496ca7,true,passed_sensitive_gate,0,0,accepted_pending_remaining_gates,eligible_pending_remaining_release_gates,steps-08-through-25
dataset-artifact-3f93963430988768a114d832,standardized/derived/yonod/extended_formal_configs/roche_borylation_yield_percent/roche_borylation_yield_structure_v1_formal_yonod_config.json,validation-config-or-testset,9a1f8a6a50515e0aa4914a8bd49468bfad82ed03b7c10e1987aa0bfe9c8fda3d,true,passed_sensitive_gate,0,0,accepted_pending_remaining_gates,eligible_pending_remaining_release_gates,steps-08-through-25
dataset-artifact-c06506462ddb93486abe3a47,standardized/derived/yonod/formal_configs/ahneman_yield_percent/ahneman_yield_structure_v1_formal_yonod_config.json,validation-config-or-testset,e8f8c600ad30c3058e312f06ed327f8fad85d1c193099417af37a02d58d26af3,true,passed_sensitive_gate,0,0,accepted_pending_remaining_gates,eligible_pending_remaining_release_gates,steps-08-through-25
dataset-artifact-8b576859dced3025d0557011,standardized/derived/yonod/formal_configs/chemrxiv_amide_yield_percent/chemrxiv_amide_yield_structure_v1_formal_yonod_config.json,validation-config-or-testset,f8df6fb4eb644ea542b122b662a4c4db7d02dd68fed314d7d9213b7037dc425d,true,passed_sensitive_gate,0,0,accepted_pending_remaining_gates,eligible_pending_remaining_release_gates,steps-08-through-25
dataset-artifact-58fe1c479e5244ea486772cb,standardized/derived/yonod/formal_configs/chemrxiv_ch_arylation_yield_percent/chemrxiv_ch_arylation_yield_structure_v1_formal_yonod_config.json,validation-config-or-testset,859537cafbae0c978ba869d908ab0aae5efe394455e39d69dc9faa18f1c56125,true,passed_sensitive_gate,0,0,accepted_pending_remaining_gates,eligible_pending_remaining_release_gates,steps-08-through-25
dataset-artifact-0ae2426aef2a0d4c98882fd3,standardized/derived/yonod/formal_configs/nano_yield_percent/nano_yield_structure_v1_formal_yonod_config.json,validation-config-or-testset,d070dc45b2f3275cad6520611469719a9a69c50c256be6264a2001fa8229bf3a,true,passed_sensitive_gate,0,0,accepted_pending_remaining_gates,eligible_pending_remaining_release_gates,steps-08-through-25
dataset-artifact-ff0a0e4ee9516c94183103a4,standardized/derived/yonod/formal_configs/photodehalogenation_conversion_percent/photodehalogenation_conversion_structure_v1_formal_yonod_config.json,validation-config-or-testset,4e56d068c3a6113180d64e4e755c1cba17c7088e8ea3d3e16171f59d48971b7e,true,passed_sensitive_gate,0,0,accepted_pending_remaining_gates,eligible_pending_remaining_release_gates,steps-08-through-25
dataset-artifact-d4081760c92e6b8444e2cd8f,standardized/derived/yonod/formal_configs/shields_yield_percent/shields_yield_structure_v1_formal_yonod_config.json,validation-config-or-testset,796aeb879a7ebeabfac81cfa466c312efad1f1c3bf3f86c1fd7e5bc1c510ab70,true,passed_sensitive_gate,0,0,accepted_pending_remaining_gates,eligible_pending_remaining_release_gates,steps-08-through-25
dataset-artifact-863cc2698e0d9e45bbfd854c,standardized/derived/yonod/formal_configs/suzuki_yield_percent/suzuki_yield_structure_v1_formal_yonod_config.json,validation-config-or-testset,1b834bdd2777332a02762f7f5db3c83293b2b362dcb4d75f7ed8599a30bc8bb5,true,passed_sensitive_gate,0,0,accepted_pending_remaining_gates,eligible_pending_remaining_release_gates,steps-08-through-25
dataset-artifact-6eeaf6629a41eea9469b110b,standardized/derived/yonod/review_configs/ahneman_yield_structure_v1_yonod_config.json,validation-config-or-testset,21b996518299c2f494798f7bfd2f85b41f29b82432e300a09b094b95689cc84b,true,passed_sensitive_gate,0,0,accepted_pending_remaining_gates,eligible_pending_remaining_release_gates,steps-08-through-25
dataset-artifact-93dba3c0df364a584d6f2877,standardized/derived/yonod/review_configs/asymmetric_alkylation_ee_s_minus_r_v1_yonod_config.json,validation-config-or-testset,1ee7a5b68495d6057e1dfc16ee1cbb9fcb4c32092966fa82970d250372569412,true,passed_sensitive_gate,0,0,accepted_pending_remaining_gates,eligible_pending_remaining_release_gates,steps-08-through-25
dataset-artifact-37ee0d2ec63afcd53e070f1d,standardized/derived/yonod/review_configs/c_n_yield_structure_v1_yonod_config.json,validation-config-or-testset,fb3981a8de911ff01b8cbac32088fe3bd3d56228d3f4792317866ba494caa7ea,true,passed_sensitive_gate,0,0,accepted_pending_remaining_gates,eligible_pending_remaining_release_gates,steps-08-through-25
dataset-artifact-ad0be447e6e636c0462451f2,standardized/derived/yonod/review_configs/cernak_member_2be11_conversion_structure_v1_yonod_config.json,validation-config-or-testset,11008e2953693a252e362fee503f43e7c12afc3016253d79052c9ac454750b45,true,passed_sensitive_gate,0,0,accepted_pending_remaining_gates,eligible_pending_remaining_release_gates,steps-08-through-25
dataset-artifact-5cc11927bc7522a194969752,standardized/derived/yonod/review_configs/cernak_member_3b8a2e_conversion_structure_v1_yonod_config.json,validation-config-or-testset,122d56918e8a3860692736370509031262ad5bee553e2a81433b4b597649b2d6,true,passed_sensitive_gate,0,0,accepted_pending_remaining_gates,eligible_pending_remaining_release_gates,steps-08-through-25
dataset-artifact-6ffdefb5b85793f28b5eb5f7,standardized/derived/yonod/review_configs/chan_lam_yield_structure_v1_yonod_config.json,validation-config-or-testset,b401147034c6c4d560d8f68a6e6bf46b0b8d23c5457c3a584728698adb48efd1,true,passed_sensitive_gate,0,0,accepted_pending_remaining_gates,eligible_pending_remaining_release_gates,steps-08-through-25
dataset-artifact-8092f185a9d20c50aafd48b4,standardized/derived/yonod/review_configs/chemrxiv_amide_yield_structure_v1_yonod_config.json,validation-config-or-testset,6db195daa13f29476cd44ae176ed1a27bfb5d2fd6a1bb43d0d4257b4f6af967b,true,passed_sensitive_gate,0,0,accepted_pending_remaining_gates,eligible_pending_remaining_release_gates,steps-08-through-25
dataset-artifact-60d0eca83fcd6e685ff4e62a,standardized/derived/yonod/review_configs/chemrxiv_ch_arylation_yield_structure_v1_yonod_config.json,validation-config-or-testset,fe20a135bbf43e59124b195d58b74780ec6797cbce732393f8338b0777337cad,true,passed_sensitive_gate,0,0,accepted_pending_remaining_gates,eligible_pending_remaining_release_gates,steps-08-through-25
dataset-artifact-4ab5f4fa90f29860f3e9e4ab,standardized/derived/yonod/review_configs/nano_yield_structure_v1_yonod_config.json,validation-config-or-testset,768f24c389f1b1623f93ec691def234cecb695d691ca962f23d0e43aa3cf5479,true,passed_sensitive_gate,0,0,accepted_pending_remaining_gates,eligible_pending_remaining_release_gates,steps-08-through-25
dataset-artifact-f334cbdcac82d05f20f423f4,standardized/derived/yonod/review_configs/nicolit_yield_structure_v1_yonod_config.json,validation-config-or-testset,650f46818eb3a6829e50a00af076e681c22474a5117cd4c1588d3569235ca6c0,true,passed_sensitive_gate,0,0,accepted_pending_remaining_gates,eligible_pending_remaining_release_gates,steps-08-through-25
dataset-artifact-1b16103b246466e9d7719040,standardized/derived/yonod/review_configs/pfizer_lcms_v1_yonod_config.json,validation-config-or-testset,4cc3205a96a6f4dcc9fd6c4cae8dc8154787fdf4453eb68ffe6d88eeaf18488c,true,passed_sensitive_gate,0,0,accepted_pending_remaining_gates,eligible_pending_remaining_release_gates,steps-08-through-25
dataset-artifact-1589110dd4412b469e0bcc2a,standardized/derived/yonod/review_configs/photodehalogenation_conversion_structure_v1_yonod_config.json,validation-config-or-testset,dccc6c726e14061d898de9d6ff28151fb7ea7c8b3aaf9cdf6dbf569ae7319bad,true,passed_sensitive_gate,0,0,accepted_pending_remaining_gates,eligible_pending_remaining_release_gates,steps-08-through-25
dataset-artifact-9597847a630e1f81bffc3fe4,standardized/derived/yonod/review_configs/roche_borylation_yield_structure_v1_yonod_config.json,validation-config-or-testset,d8f689b30192b89ace8a1a1cf2ba154329fa2fa4eb34e5d824b8d3dea18a16ee,true,passed_sensitive_gate,0,0,accepted_pending_remaining_gates,eligible_pending_remaining_release_gates,steps-08-through-25
dataset-artifact-dce876313e4d00de7bf810e0,standardized/derived/yonod/review_configs/science_hte_diverse_nucleophile_relative_lc_area_ratio_structure_v1_yonod_config.json,validation-config-or-testset,e7e2fb5e49d114e192498f4b7b038385f6be3cebce601e5a3a730f0c155bfe21,true,passed_sensitive_gate,0,0,accepted_pending_remaining_gates,eligible_pending_remaining_release_gates,steps-08-through-25
dataset-artifact-9c0aeaa14be8fa6cf7fd4f24,standardized/derived/yonod/review_configs/shields_yield_structure_v1_yonod_config.json,validation-config-or-testset,9333501cc95a89e2594eabe61a444f5e7ae132ef9336104c0baa8d688f7dc5a4,true,passed_sensitive_gate,0,0,accepted_pending_remaining_gates,eligible_pending_remaining_release_gates,steps-08-through-25
dataset-artifact-65194839de844c4dc4bca67d,standardized/derived/yonod/review_configs/suzuki_yield_structure_v1_yonod_config.json,validation-config-or-testset,6cde9da49886861767c7dd5526ec4bb61752c07bc1a4dbee955baa4262c1ebb2,true,passed_sensitive_gate,0,0,accepted_pending_remaining_gates,eligible_pending_remaining_release_gates,steps-08-through-25
dataset-artifact-e7f10f25160bfa5b35e191da,standardized/derived/yonod/testsets/extended_sample100_seed20260829/c_n_yield_percent/c_n_yield_structure_v1_sample100_normalized_dataset.csv,validation-config-or-testset,17c863e231aba70d851cf2911d7f6f229dba7a54df41ead689559088b58072d3,true,passed_sensitive_gate,0,0,accepted_pending_remaining_gates,eligible_pending_remaining_release_gates,steps-08-through-25
dataset-artifact-66073464c066a962d33d73df,standardized/derived/yonod/testsets/extended_sample100_seed20260829/c_n_yield_percent/c_n_yield_structure_v1_sample100_yonod_config.json,validation-config-or-testset,af8624efb680ffbcde857fa456003759cf2170950f7e2ff9c77fa5fc6750b059,true,passed_sensitive_gate,0,0,accepted_pending_remaining_gates,eligible_pending_remaining_release_gates,steps-08-through-25
dataset-artifact-865a2e0cbe077730f348d447,standardized/derived/yonod/testsets/extended_sample100_seed20260829/cernak_member_2be11_conversion_percent/cernak_member_2be11_conversion_structure_v1_sample100_normalized_dataset.csv,validation-config-or-testset,b7f141dd4c36dc367498d532c394ae69b23f2016e244ecd2c4fc24297d54efdc,true,passed_sensitive_gate,0,0,accepted_pending_remaining_gates,eligible_pending_remaining_release_gates,steps-08-through-25
dataset-artifact-5ef9227f9cca1aab60f83ba5,standardized/derived/yonod/testsets/extended_sample100_seed20260829/cernak_member_2be11_conversion_percent/cernak_member_2be11_conversion_structure_v1_sample100_yonod_config.json,validation-config-or-testset,831d7f7cbdeb22faae1485bd53b7c3e25fc2db30f17756044aa1151b5f46b1ba,true,passed_sensitive_gate,0,0,accepted_pending_remaining_gates,eligible_pending_remaining_release_gates,steps-08-through-25
dataset-artifact-9c7c361848d372f01394562a,standardized/derived/yonod/testsets/extended_sample100_seed20260829/cernak_member_3b8a2e_conversion_percent/cernak_member_3b8a2e_conversion_structure_v1_sample100_normalized_dataset.csv,validation-config-or-testset,2699aa6a4b25f85be0f89317ed7161d572239526b5fb779e67e0cc905a3d3438,true,passed_sensitive_gate,0,0,accepted_pending_remaining_gates,eligible_pending_remaining_release_gates,steps-08-through-25
dataset-artifact-b6096344b81c14f12d026b11,standardized/derived/yonod/testsets/extended_sample100_seed20260829/cernak_member_3b8a2e_conversion_percent/cernak_member_3b8a2e_conversion_structure_v1_sample100_yonod_config.json,validation-config-or-testset,509e4b756f2da28f3c0229e12c11c06d2ee9b42394ffda196d86f2c498a8f06e,true,passed_sensitive_gate,0,0,accepted_pending_remaining_gates,eligible_pending_remaining_release_gates,steps-08-through-25
dataset-artifact-cd8e4f2d97842a63bc283580,standardized/derived/yonod/testsets/extended_sample100_seed20260829/chan_lam_yield_percent/chan_lam_yield_structure_v1_sample100_normalized_dataset.csv,validation-config-or-testset,019210b3bc1a13c9fa7cd7d425a636e005074cd244351a2cc1529dafbf3636a3,true,passed_sensitive_gate,0,0,accepted_pending_remaining_gates,eligible_pending_remaining_release_gates,steps-08-through-25
dataset-artifact-3a89a8e5f4858e0a04694e7c,standardized/derived/yonod/testsets/extended_sample100_seed20260829/chan_lam_yield_percent/chan_lam_yield_structure_v1_sample100_yonod_config.json,validation-config-or-testset,501766930b704dbb3fc14c1ae2518df64fb9d25fecc2d15f5e4361189038d49d,true,passed_sensitive_gate,0,0,accepted_pending_remaining_gates,eligible_pending_remaining_release_gates,steps-08-through-25
dataset-artifact-347991f0c05937e0373b5641,standardized/derived/yonod/testsets/extended_sample100_seed20260829/roche_borylation_yield_percent/roche_borylation_yield_structure_v1_sample100_normalized_dataset.csv,validation-config-or-testset,d3749c2f63c7ea872907f746c1d9541c2903045edb6051635b80609fa8cc331d,true,passed_sensitive_gate,0,0,accepted_pending_remaining_gates,eligible_pending_remaining_release_gates,steps-08-through-25
dataset-artifact-791fd14d5e7a5f4b98c37a09,standardized/derived/yonod/testsets/extended_sample100_seed20260829/roche_borylation_yield_percent/roche_borylation_yield_structure_v1_sample100_yonod_config.json,validation-config-or-testset,662ed385d521dd16b5bf6d6ef47d68956b68606d60b1b0e35b5707419be1008a,true,passed_sensitive_gate,0,0,accepted_pending_remaining_gates,eligible_pending_remaining_release_gates,steps-08-through-25
dataset-artifact-97e6c2f166f0ddca71e251c7,standardized/derived/yonod/testsets/sample100_seed20260829/ahneman_yield_percent/ahneman_yield_structure_v1_sample100_normalized_dataset.csv,validation-config-or-testset,b66d2cc99ddb386832166dc2e9f3ef61f835a74fd45e50e865ddb47723ab44ee,true,passed_sensitive_gate,0,0,accepted_pending_remaining_gates,eligible_pending_remaining_release_gates,steps-08-through-25
dataset-artifact-2a25ee3ec1076e0692db2157,standardized/derived/yonod/testsets/sample100_seed20260829/ahneman_yield_percent/ahneman_yield_structure_v1_sample100_yonod_config.json,validation-config-or-testset,c7ce63b5dd8fb5a9054a83e8181dd710ccc83037da0c1d2441fd0a92944c60f1,true,passed_sensitive_gate,0,0,accepted_pending_remaining_gates,eligible_pending_remaining_release_gates,steps-08-through-25
dataset-artifact-ede74acb075e759fffbcd012,standardized/derived/yonod/testsets/sample100_seed20260829/chemrxiv_amide_yield_percent/chemrxiv_amide_yield_structure_v1_sample100_normalized_dataset.csv,validation-config-or-testset,5c751e3261a1f5c77160a3b93f4948d097b6e22908c42c941f733bdbd6b4ba47,true,passed_sensitive_gate,0,0,accepted_pending_remaining_gates,eligible_pending_remaining_release_gates,steps-08-through-25
dataset-artifact-5ec1dc96a5ce428a23cbc4e9,standardized/derived/yonod/testsets/sample100_seed20260829/chemrxiv_amide_yield_percent/chemrxiv_amide_yield_structure_v1_sample100_yonod_config.json,validation-config-or-testset,0431751171eadf69c8c25453e3b3c5f605a1b82177ead890727632a85d0c2cb6,true,passed_sensitive_gate,0,0,accepted_pending_remaining_gates,eligible_pending_remaining_release_gates,steps-08-through-25
dataset-artifact-aad9bd6da3dab1cbded8c4e9,standardized/derived/yonod/testsets/sample100_seed20260829/chemrxiv_ch_arylation_yield_percent/chemrxiv_ch_arylation_yield_structure_v1_sample100_normalized_dataset.csv,validation-config-or-testset,fdd7681400fd950fccdd5a52887b8f3dabb1be8e6cc64bf75df9b2122923ee5f,true,passed_sensitive_gate,0,0,accepted_pending_remaining_gates,eligible_pending_remaining_release_gates,steps-08-through-25
dataset-artifact-02aa1ee6f97c404df81e0cb9,standardized/derived/yonod/testsets/sample100_seed20260829/chemrxiv_ch_arylation_yield_percent/chemrxiv_ch_arylation_yield_structure_v1_sample100_yonod_config.json,validation-config-or-testset,5b2904e6699fa3dc346ae19ec3bb17483b9b909e223788108e5f45723d67db1e,true,passed_sensitive_gate,0,0,accepted_pending_remaining_gates,eligible_pending_remaining_release_gates,steps-08-through-25
dataset-artifact-e415299c2029e8790b7dc8cd,standardized/derived/yonod/testsets/sample100_seed20260829/nano_yield_percent/nano_yield_structure_v1_sample100_normalized_dataset.csv,validation-config-or-testset,b3ce2f73121429862d9610d160bd642ba2d372858d38ec07df827b86878187d2,true,passed_sensitive_gate,0,0,accepted_pending_remaining_gates,eligible_pending_remaining_release_gates,steps-08-through-25
dataset-artifact-18b0128e943df530647f228e,standardized/derived/yonod/testsets/sample100_seed20260829/nano_yield_percent/nano_yield_structure_v1_sample100_yonod_config.json,validation-config-or-testset,b0d9277db04ee5fab2f48bb3c69f11eac299a6ed6a95b08196b256bfd8799cf4,true,passed_sensitive_gate,0,0,accepted_pending_remaining_gates,eligible_pending_remaining_release_gates,steps-08-through-25
dataset-artifact-abf9dc8e0193a7556becf777,standardized/derived/yonod/testsets/sample100_seed20260829/photodehalogenation_conversion_percent/photodehalogenation_conversion_structure_v1_sample100_normalized_dataset.csv,validation-config-or-testset,4e3f1e257e1197404011c3faf5638fce3c733dedec02b8953d17d86a83f31df3,true,passed_sensitive_gate,0,0,accepted_pending_remaining_gates,eligible_pending_remaining_release_gates,steps-08-through-25
dataset-artifact-d8be757ed098a08150855c9b,standardized/derived/yonod/testsets/sample100_seed20260829/photodehalogenation_conversion_percent/photodehalogenation_conversion_structure_v1_sample100_yonod_config.json,validation-config-or-testset,4c8d2f6af74f317fc82fe403c785a0f0655488b5b85650a8dfb1fe4c3b9f219d,true,passed_sensitive_gate,0,0,accepted_pending_remaining_gates,eligible_pending_remaining_release_gates,steps-08-through-25
dataset-artifact-464f7106262a497d3ff127cb,standardized/derived/yonod/testsets/sample100_seed20260829/shields_yield_percent/shields_yield_structure_v1_sample100_normalized_dataset.csv,validation-config-or-testset,3b3d64724a2d89c544ce333cc744d4920a773fdbd79e84b7a524e9d81aa1602a,true,passed_sensitive_gate,0,0,accepted_pending_remaining_gates,eligible_pending_remaining_release_gates,steps-08-through-25
dataset-artifact-cad3823b58cf46b7ac8545b9,standardized/derived/yonod/testsets/sample100_seed20260829/shields_yield_percent/shields_yield_structure_v1_sample100_yonod_config.json,validation-config-or-testset,0339ab93d70bf9b9e55e20c3e96f46ba1fa9a95b1e041afe362cf7bffc17bc74,true,passed_sensitive_gate,0,0,accepted_pending_remaining_gates,eligible_pending_remaining_release_gates,steps-08-through-25
dataset-artifact-e5daf38b21ff060254a833d1,standardized/derived/yonod/testsets/sample100_seed20260829/suzuki_yield_percent/suzuki_yield_structure_v1_sample100_normalized_dataset.csv,validation-config-or-testset,649b192745828402fe0b844b76c4e96d4087cb091297ebf84e0755266fe55676,true,passed_sensitive_gate,0,0,accepted_pending_remaining_gates,eligible_pending_remaining_release_gates,steps-08-through-25
dataset-artifact-cb59c300ef1f22761ef4d891,standardized/derived/yonod/testsets/sample100_seed20260829/suzuki_yield_percent/suzuki_yield_structure_v1_sample100_yonod_config.json,validation-config-or-testset,bc6d0ae634d95ce6416f53742fe33ad2ccbc35a1ad8fb3159018536cbef28b40,true,passed_sensitive_gate,0,0,accepted_pending_remaining_gates,eligible_pending_remaining_release_gates,steps-08-through-25
