reactant-1,reactant-2,reagent-1,reagent-2,reagent-3,catalyst-1,solvent-1,solvent-2,solvent-3,solvent-4,solvent-5,solvent-6,solvent-7,temperature_c,reaction_time_s,conversion_percent
CN[C@@H]1C[C@H]2O[C@@](C)([C@@H]1OC)n1c3ccccc3c3c4c(c5c6ccccc6n2c5c31)C(=O)NC4,Cc1ccc(C=O)cc1C,CC(=O)O,CC(C)[O-].CC(C)[O-].CC(C)[O-].CC(C)[O-].[Ti+4],CC(=O)O[BH-](OC(C)=O)OC(C)=O.[Na+],,CC(=O)N(C)C,CC(=O)N(C)C,CC(=O)N(C)C,CC(=O)N(C)C,CC(=O)N(C)C,CC(=O)N(C)C,CC(=O)N(C)C,22.0,64800.0,33.0
CN[C@@H]1C[C@H]2O[C@@](C)([C@@H]1OC)n1c3ccccc3c3c4c(c5c6ccccc6n2c5c31)C(=O)NC4,N#Cc1ccc(C=O)cc1Br,CC(=O)O,CC(C)[O-].CC(C)[O-].CC(C)[O-].CC(C)[O-].[Ti+4],CC(=O)O[BH-](OC(C)=O)OC(C)=O.[Na+],,CC(=O)N(C)C,CC(=O)N(C)C,CC(=O)N(C)C,CC(=O)N(C)C,CC(=O)N(C)C,CC(=O)N(C)C,CC(=O)N(C)C,22.0,64800.0,100.0
CN[C@@H]1C[C@H]2O[C@@](C)([C@@H]1OC)n1c3ccccc3c3c4c(c5c6ccccc6n2c5c31)C(=O)NC4,Cc1ccc(C=O)cc1C,CC(=O)O,CC(C)[O-].CC(C)[O-].CC(C)[O-].CC(C)[O-].[Ti+4],CC(=O)O[BH-](OC(C)=O)OC(C)=O.[Na+],,CN1CCCC1=O,CN1CCCC1=O,CN1CCCC1=O,CN1CCCC1=O,CN1CCCC1=O,CN1CCCC1=O,CN1CCCC1=O,22.0,64800.0,39.0
CN[C@@H]1C[C@H]2O[C@@](C)([C@@H]1OC)n1c3ccccc3c3c4c(c5c6ccccc6n2c5c31)C(=O)NC4,Cc1cc(C=O)on1,CC(=O)O,CC(C)[O-].CC(C)[O-].CC(C)[O-].CC(C)[O-].[Ti+4],CC(=O)O[BH-](OC(C)=O)OC(C)=O.[Na+],,CN1CCCC1=O,CN1CCCC1=O,CN1CCCC1=O,CN1CCCC1=O,CN1CCCC1=O,CN1CCCC1=O,CN1CCCC1=O,22.0,64800.0,97.0
CN[C@@H]1C[C@H]2O[C@@](C)([C@@H]1OC)n1c3ccccc3c3c4c(c5c6ccccc6n2c5c31)C(=O)NC4,Cc1noc(C2CC2)c1C=O,CC(=O)O,CC(C)[O-].CC(C)[O-].CC(C)[O-].CC(C)[O-].[Ti+4],CC(=O)O[BH-](OC(C)=O)OC(C)=O.[Na+],,CN1CCCC1=O,CN1CCCC1=O,CN1CCCC1=O,CN1CCCC1=O,CN1CCCC1=O,CN1CCCC1=O,CN1CCCC1=O,22.0,64800.0,70.0
CN[C@@H]1C[C@H]2O[C@@](C)([C@@H]1OC)n1c3ccccc3c3c4c(c5c6ccccc6n2c5c31)C(=O)NC4,COc1ccc2cc(C=O)sc2c1,CC(=O)O,CC(C)[O-].CC(C)[O-].CC(C)[O-].CC(C)[O-].[Ti+4],CC(=O)O[BH-](OC(C)=O)OC(C)=O.[Na+],,CN1CCCC1=O,CN1CCCC1=O,CN1CCCC1=O,CN1CCCC1=O,CN1CCCC1=O,CN1CCCC1=O,CN1CCCC1=O,22.0,64800.0,91.0
CN[C@@H]1C[C@H]2O[C@@](C)([C@@H]1OC)n1c3ccccc3c3c4c(c5c6ccccc6n2c5c31)C(=O)NC4,CN(C)c1ccc(C=O)c(F)c1C#N,CC(=O)O,CC(C)[O-].CC(C)[O-].CC(C)[O-].CC(C)[O-].[Ti+4],CC(=O)O[BH-](OC(C)=O)OC(C)=O.[Na+],,CN1CCCC1=O,CN1CCCC1=O,CN1CCCC1=O,CN1CCCC1=O,CN1CCCC1=O,CN1CCCC1=O,CN1CCCC1=O,22.0,64800.0,83.0
CN[C@@H]1C[C@H]2O[C@@](C)([C@@H]1OC)n1c3ccccc3c3c4c(c5c6ccccc6n2c5c31)C(=O)NC4,O=C1CCC(n2cccn2)C1,CC(=O)O,CC(C)[O-].CC(C)[O-].CC(C)[O-].CC(C)[O-].[Ti+4],CC(=O)O[BH-](OC(C)=O)OC(C)=O.[Na+],,CN1CCCC1=O,CN1CCCC1=O,CN1CCCC1=O,CN1CCCC1=O,CN1CCCC1=O,CN1CCCC1=O,CN1CCCC1=O,22.0,64800.0,1.0
CN[C@@H]1C[C@H]2O[C@@](C)([C@@H]1OC)n1c3ccccc3c3c4c(c5c6ccccc6n2c5c31)C(=O)NC4,O=C1CCN(c2ccc(F)c(F)c2)CC1,CC(=O)O,CC(C)[O-].CC(C)[O-].CC(C)[O-].CC(C)[O-].[Ti+4],CC(=O)O[BH-](OC(C)=O)OC(C)=O.[Na+],,CN1CCCC1=O,CN1CCCC1=O,CN1CCCC1=O,CN1CCCC1=O,CN1CCCC1=O,CN1CCCC1=O,CN1CCCC1=O,22.0,64800.0,0.0
CN[C@@H]1C[C@H]2O[C@@](C)([C@@H]1OC)n1c3ccccc3c3c4c(c5c6ccccc6n2c5c31)C(=O)NC4,O=Cc1ccccc1,CC(=O)O,CC(C)[O-].CC(C)[O-].CC(C)[O-].CC(C)[O-].[Ti+4],CC(=O)O[BH-](OC(C)=O)OC(C)=O.[Na+],,CN1CCCC1=O,CN1CCCC1=O,CN1CCCC1=O,CN1CCCC1=O,CN1CCCC1=O,CN1CCCC1=O,CN1CCCC1=O,22.0,64800.0,73.0
CN[C@@H]1C[C@H]2O[C@@](C)([C@@H]1OC)n1c3ccccc3c3c4c(c5c6ccccc6n2c5c31)C(=O)NC4,CN1CCOc2cc(C=O)ccc21,CC(=O)O,CC(C)[O-].CC(C)[O-].CC(C)[O-].CC(C)[O-].[Ti+4],CC(=O)O[BH-](OC(C)=O)OC(C)=O.[Na+],,CN1CCCC1=O,CN1CCCC1=O,CN1CCCC1=O,CN1CCCC1=O,CN1CCCC1=O,CN1CCCC1=O,CN1CCCC1=O,22.0,64800.0,65.0
CN[C@@H]1C[C@H]2O[C@@](C)([C@@H]1OC)n1c3ccccc3c3c4c(c5c6ccccc6n2c5c31)C(=O)NC4,CC(=O)c1cc(C)cc(C)c1,CC(=O)O,CC(C)[O-].CC(C)[O-].CC(C)[O-].CC(C)[O-].[Ti+4],CC(=O)O[BH-](OC(C)=O)OC(C)=O.[Na+],,CN1CCCC1=O,CN1CCCC1=O,CN1CCCC1=O,CN1CCCC1=O,CN1CCCC1=O,CN1CCCC1=O,CN1CCCC1=O,22.0,64800.0,0.0
CN[C@@H]1C[C@H]2O[C@@](C)([C@@H]1OC)n1c3ccccc3c3c4c(c5c6ccccc6n2c5c31)C(=O)NC4,O=C1CCCC1,CC(=O)O,CC(C)[O-].CC(C)[O-].CC(C)[O-].CC(C)[O-].[Ti+4],CC(=O)O[BH-](OC(C)=O)OC(C)=O.[Na+],,CN1CCCC1=O,CN1CCCC1=O,CN1CCCC1=O,CN1CCCC1=O,CN1CCCC1=O,CN1CCCC1=O,CN1CCCC1=O,22.0,64800.0,1.0
CN[C@@H]1C[C@H]2O[C@@](C)([C@@H]1OC)n1c3ccccc3c3c4c(c5c6ccccc6n2c5c31)C(=O)NC4,O=C1CCCC1,CC(=O)O,CC(C)[O-].CC(C)[O-].CC(C)[O-].CC(C)[O-].[Ti+4],CC(=O)O[BH-](OC(C)=O)OC(C)=O.[Na+],,CN1CCCC1=O,CN1CCCC1=O,CN1CCCC1=O,CN1CCCC1=O,CN1CCCC1=O,CN1CCCC1=O,CN1CCCC1=O,22.0,64800.0,2.0
CN[C@@H]1C[C@H]2O[C@@](C)([C@@H]1OC)n1c3ccccc3c3c4c(c5c6ccccc6n2c5c31)C(=O)NC4,Cn1nc(C=O)nc1-c1ccccn1,CC(=O)O,CC(C)[O-].CC(C)[O-].CC(C)[O-].CC(C)[O-].[Ti+4],CC(=O)O[BH-](OC(C)=O)OC(C)=O.[Na+],,CN1CCCC1=O,CN1CCCC1=O,CN1CCCC1=O,CN1CCCC1=O,CN1CCCC1=O,CN1CCCC1=O,CN1CCCC1=O,22.0,64800.0,100.0
CN[C@@H]1C[C@H]2O[C@@](C)([C@@H]1OC)n1c3ccccc3c3c4c(c5c6ccccc6n2c5c31)C(=O)NC4,O=CC=Cc1ccccc1,CC(=O)O,CC(C)[O-].CC(C)[O-].CC(C)[O-].CC(C)[O-].[Ti+4],CC(=O)O[BH-](OC(C)=O)OC(C)=O.[Na+],,CC(=O)N(C)C,CC(=O)N(C)C,CC(=O)N(C)C,CC(=O)N(C)C,CC(=O)N(C)C,CC(=O)N(C)C,CC(=O)N(C)C,22.0,64800.0,52.0
CN[C@@H]1C[C@H]2O[C@@](C)([C@@H]1OC)n1c3ccccc3c3c4c(c5c6ccccc6n2c5c31)C(=O)NC4,Cc1ccc(C=O)cc1C,CC(=O)O,CC(C)[O-].CC(C)[O-].CC(C)[O-].CC(C)[O-].[Ti+4],CC(=O)O[BH-](OC(C)=O)OC(C)=O.[Na+],,CN1CCCC1=O,CN1CCCC1=O,CN1CCCC1=O,CN1CCCC1=O,CN1CCCC1=O,CN1CCCC1=O,CN1CCCC1=O,22.0,64800.0,98.0
CN[C@@H]1C[C@H]2O[C@@](C)([C@@H]1OC)n1c3ccccc3c3c4c(c5c6ccccc6n2c5c31)C(=O)NC4,O=C1CCC(n2cccn2)C1,CC(=O)O,CC(C)[O-].CC(C)[O-].CC(C)[O-].CC(C)[O-].[Ti+4],CC(=O)O[BH-](OC(C)=O)OC(C)=O.[Na+],,CN1CCCC1=O,CN1CCCC1=O,CN1CCCC1=O,CN1CCCC1=O,CN1CCCC1=O,CN1CCCC1=O,CN1CCCC1=O,22.0,64800.0,4.0
CN[C@@H]1C[C@H]2O[C@@](C)([C@@H]1OC)n1c3ccccc3c3c4c(c5c6ccccc6n2c5c31)C(=O)NC4,Cn1cc(C=O)c(C2CC2)n1,CC(=O)O,CC(C)[O-].CC(C)[O-].CC(C)[O-].CC(C)[O-].[Ti+4],CC(=O)O[BH-](OC(C)=O)OC(C)=O.[Na+],,CN1CCCC1=O,CN1CCCC1=O,CN1CCCC1=O,CN1CCCC1=O,CN1CCCC1=O,CN1CCCC1=O,CN1CCCC1=O,22.0,64800.0,73.0
CN[C@@H]1C[C@H]2O[C@@](C)([C@@H]1OC)n1c3ccccc3c3c4c(c5c6ccccc6n2c5c31)C(=O)NC4,O=Cc1ccc2c(n1)NC(=O)CC2,CC(=O)O,CC(C)[O-].CC(C)[O-].CC(C)[O-].CC(C)[O-].[Ti+4],CC(=O)O[BH-](OC(C)=O)OC(C)=O.[Na+],,CN1CCCC1=O,CN1CCCC1=O,CN1CCCC1=O,CN1CCCC1=O,CN1CCCC1=O,CN1CCCC1=O,CN1CCCC1=O,22.0,64800.0,0.0
CN[C@@H]1C[C@H]2O[C@@](C)([C@@H]1OC)n1c3ccccc3c3c4c(c5c6ccccc6n2c5c31)C(=O)NC4,CC(=O)Nc1ccc(C=O)cc1,CC(=O)O,CC(C)[O-].CC(C)[O-].CC(C)[O-].CC(C)[O-].[Ti+4],CC(=O)O[BH-](OC(C)=O)OC(C)=O.[Na+],,CN1CCCC1=O,CN1CCCC1=O,CN1CCCC1=O,CN1CCCC1=O,CN1CCCC1=O,CN1CCCC1=O,CN1CCCC1=O,22.0,64800.0,96.0
CN[C@@H]1C[C@H]2O[C@@](C)([C@@H]1OC)n1c3ccccc3c3c4c(c5c6ccccc6n2c5c31)C(=O)NC4,CC(=O)c1cc(C)cc(C)c1,CC(=O)O,CC(C)[O-].CC(C)[O-].CC(C)[O-].CC(C)[O-].[Ti+4],CC(=O)O[BH-](OC(C)=O)OC(C)=O.[Na+],,CC(=O)N(C)C,CC(=O)N(C)C,CC(=O)N(C)C,CC(=O)N(C)C,CC(=O)N(C)C,CC(=O)N(C)C,CC(=O)N(C)C,22.0,64800.0,0.0
CN[C@@H]1C[C@H]2O[C@@](C)([C@@H]1OC)n1c3ccccc3c3c4c(c5c6ccccc6n2c5c31)C(=O)NC4,CC(=O)c1cc(C(F)(F)F)cc(C(F)(F)F)c1,CC(=O)O,CC(C)[O-].CC(C)[O-].CC(C)[O-].CC(C)[O-].[Ti+4],CC(=O)O[BH-](OC(C)=O)OC(C)=O.[Na+],,CC(=O)N(C)C,CC(=O)N(C)C,CC(=O)N(C)C,CC(=O)N(C)C,CC(=O)N(C)C,CC(=O)N(C)C,CC(=O)N(C)C,22.0,64800.0,0.0
CN[C@@H]1C[C@H]2O[C@@](C)([C@@H]1OC)n1c3ccccc3c3c4c(c5c6ccccc6n2c5c31)C(=O)NC4,O=CCCc1ccccc1,CC(=O)O,CC(C)[O-].CC(C)[O-].CC(C)[O-].CC(C)[O-].[Ti+4],CC(=O)O[BH-](OC(C)=O)OC(C)=O.[Na+],,CC(=O)N(C)C,CC(=O)N(C)C,CC(=O)N(C)C,CC(=O)N(C)C,CC(=O)N(C)C,CC(=O)N(C)C,CC(=O)N(C)C,22.0,64800.0,20.0
CN[C@@H]1C[C@H]2O[C@@](C)([C@@H]1OC)n1c3ccccc3c3c4c(c5c6ccccc6n2c5c31)C(=O)NC4,CC(=O)/C=C/c1ccccc1,CC(=O)O,CC(C)[O-].CC(C)[O-].CC(C)[O-].CC(C)[O-].[Ti+4],CC(=O)O[BH-](OC(C)=O)OC(C)=O.[Na+],,CC(=O)N(C)C,CC(=O)N(C)C,CC(=O)N(C)C,CC(=O)N(C)C,CC(=O)N(C)C,CC(=O)N(C)C,CC(=O)N(C)C,22.0,64800.0,3.0
CN[C@@H]1C[C@H]2O[C@@](C)([C@@H]1OC)n1c3ccccc3c3c4c(c5c6ccccc6n2c5c31)C(=O)NC4,COc1cc(/C=C/C=O)ccc1O,CC(=O)O,CC(C)[O-].CC(C)[O-].CC(C)[O-].CC(C)[O-].[Ti+4],CC(=O)O[BH-](OC(C)=O)OC(C)=O.[Na+],,CN1CCCC1=O,CN1CCCC1=O,CN1CCCC1=O,CN1CCCC1=O,CN1CCCC1=O,CN1CCCC1=O,CN1CCCC1=O,22.0,64800.0,77.0
CN[C@@H]1C[C@H]2O[C@@](C)([C@@H]1OC)n1c3ccccc3c3c4c(c5c6ccccc6n2c5c31)C(=O)NC4,O=C1CCC(n2cccn2)C1,CC(=O)O,CC(C)[O-].CC(C)[O-].CC(C)[O-].CC(C)[O-].[Ti+4],CC(=O)O[BH-](OC(C)=O)OC(C)=O.[Na+],,CC(=O)N(C)C,CC(=O)N(C)C,CC(=O)N(C)C,CC(=O)N(C)C,CC(=O)N(C)C,CC(=O)N(C)C,CC(=O)N(C)C,22.0,64800.0,1.0
CN[C@@H]1C[C@H]2O[C@@](C)([C@@H]1OC)n1c3ccccc3c3c4c(c5c6ccccc6n2c5c31)C(=O)NC4,CC(=O)c1cc(C)cc(C)c1,CC(=O)O,CC(C)[O-].CC(C)[O-].CC(C)[O-].CC(C)[O-].[Ti+4],CC(=O)O[BH-](OC(C)=O)OC(C)=O.[Na+],,CC(=O)N(C)C,CC(=O)N(C)C,CC(=O)N(C)C,CC(=O)N(C)C,CC(=O)N(C)C,CC(=O)N(C)C,CC(=O)N(C)C,22.0,64800.0,0.0
CN[C@@H]1C[C@H]2O[C@@](C)([C@@H]1OC)n1c3ccccc3c3c4c(c5c6ccccc6n2c5c31)C(=O)NC4,O=CC=Cc1ccccc1,CC(=O)O,CC(C)[O-].CC(C)[O-].CC(C)[O-].CC(C)[O-].[Ti+4],CC(=O)O[BH-](OC(C)=O)OC(C)=O.[Na+],,CN1CCCC1=O,CN1CCCC1=O,CN1CCCC1=O,CN1CCCC1=O,CN1CCCC1=O,CN1CCCC1=O,CN1CCCC1=O,22.0,64800.0,35.0
CN[C@@H]1C[C@H]2O[C@@](C)([C@@H]1OC)n1c3ccccc3c3c4c(c5c6ccccc6n2c5c31)C(=O)NC4,O=Cc1ccc2c(n1)NC(=O)CC2,CC(=O)O,CC(C)[O-].CC(C)[O-].CC(C)[O-].CC(C)[O-].[Ti+4],CC(=O)O[BH-](OC(C)=O)OC(C)=O.[Na+],,CN1CCCC1=O,CN1CCCC1=O,CN1CCCC1=O,CN1CCCC1=O,CN1CCCC1=O,CN1CCCC1=O,CN1CCCC1=O,22.0,64800.0,0.0
CN[C@@H]1C[C@H]2O[C@@](C)([C@@H]1OC)n1c3ccccc3c3c4c(c5c6ccccc6n2c5c31)C(=O)NC4,O=Cc1ccc(-c2nn[nH]n2)cc1,CC(=O)O,CC(C)[O-].CC(C)[O-].CC(C)[O-].CC(C)[O-].[Ti+4],CC(=O)O[BH-](OC(C)=O)OC(C)=O.[Na+],,CN1CCCC1=O,CN1CCCC1=O,CN1CCCC1=O,CN1CCCC1=O,CN1CCCC1=O,CN1CCCC1=O,CN1CCCC1=O,22.0,64800.0,98.0
CN[C@@H]1C[C@H]2O[C@@](C)([C@@H]1OC)n1c3ccccc3c3c4c(c5c6ccccc6n2c5c31)C(=O)NC4,O=C1CCCC1,CC(=O)O,CC(C)[O-].CC(C)[O-].CC(C)[O-].CC(C)[O-].[Ti+4],CC(=O)O[BH-](OC(C)=O)OC(C)=O.[Na+],,CC(=O)N(C)C,CC(=O)N(C)C,CC(=O)N(C)C,CC(=O)N(C)C,CC(=O)N(C)C,CC(=O)N(C)C,CC(=O)N(C)C,22.0,64800.0,0.0
CN[C@@H]1C[C@H]2O[C@@](C)([C@@H]1OC)n1c3ccccc3c3c4c(c5c6ccccc6n2c5c31)C(=O)NC4,Cc1csc(C=O)n1,CC(=O)O,CC(C)[O-].CC(C)[O-].CC(C)[O-].CC(C)[O-].[Ti+4],CC(=O)O[BH-](OC(C)=O)OC(C)=O.[Na+],,CN1CCCC1=O,CN1CCCC1=O,CN1CCCC1=O,CN1CCCC1=O,CN1CCCC1=O,CN1CCCC1=O,CN1CCCC1=O,22.0,64800.0,100.0
CN[C@@H]1C[C@H]2O[C@@](C)([C@@H]1OC)n1c3ccccc3c3c4c(c5c6ccccc6n2c5c31)C(=O)NC4,CC(=O)c1cc(C)cc(C)c1,CC(=O)O,CC(C)[O-].CC(C)[O-].CC(C)[O-].CC(C)[O-].[Ti+4],CC(=O)O[BH-](OC(C)=O)OC(C)=O.[Na+],,CN1CCCC1=O,CN1CCCC1=O,CN1CCCC1=O,CN1CCCC1=O,CN1CCCC1=O,CN1CCCC1=O,CN1CCCC1=O,22.0,64800.0,0.0
CN[C@@H]1C[C@H]2O[C@@](C)([C@@H]1OC)n1c3ccccc3c3c4c(c5c6ccccc6n2c5c31)C(=O)NC4,CC(=O)Nc1ccc(C=O)cc1,CC(=O)O,CC(C)[O-].CC(C)[O-].CC(C)[O-].CC(C)[O-].[Ti+4],CC(=O)O[BH-](OC(C)=O)OC(C)=O.[Na+],,CC(=O)N(C)C,CC(=O)N(C)C,CC(=O)N(C)C,CC(=O)N(C)C,CC(=O)N(C)C,CC(=O)N(C)C,CC(=O)N(C)C,22.0,64800.0,95.0
CN[C@@H]1C[C@H]2O[C@@](C)([C@@H]1OC)n1c3ccccc3c3c4c(c5c6ccccc6n2c5c31)C(=O)NC4,O=CCCCCO,CC(=O)O,CC(C)[O-].CC(C)[O-].CC(C)[O-].CC(C)[O-].[Ti+4],CC(=O)O[BH-](OC(C)=O)OC(C)=O.[Na+],,CN1CCCC1=O,CN1CCCC1=O,CN1CCCC1=O,CN1CCCC1=O,CN1CCCC1=O,CN1CCCC1=O,CN1CCCC1=O,22.0,64800.0,89.0
CN[C@@H]1C[C@H]2O[C@@](C)([C@@H]1OC)n1c3ccccc3c3c4c(c5c6ccccc6n2c5c31)C(=O)NC4,CC(=O)/C=C/c1ccccc1,CC(=O)O,CC(C)[O-].CC(C)[O-].CC(C)[O-].CC(C)[O-].[Ti+4],CC(=O)O[BH-](OC(C)=O)OC(C)=O.[Na+],,CC(=O)N(C)C,CC(=O)N(C)C,CC(=O)N(C)C,CC(=O)N(C)C,CC(=O)N(C)C,CC(=O)N(C)C,CC(=O)N(C)C,22.0,64800.0,0.0
CN[C@@H]1C[C@H]2O[C@@](C)([C@@H]1OC)n1c3ccccc3c3c4c(c5c6ccccc6n2c5c31)C(=O)NC4,O=CC=Cc1ccccc1,CC(=O)O,CC(C)[O-].CC(C)[O-].CC(C)[O-].CC(C)[O-].[Ti+4],CC(=O)O[BH-](OC(C)=O)OC(C)=O.[Na+],,CN1CCCC1=O,CN1CCCC1=O,CN1CCCC1=O,CN1CCCC1=O,CN1CCCC1=O,CN1CCCC1=O,CN1CCCC1=O,22.0,64800.0,41.0
CN[C@@H]1C[C@H]2O[C@@](C)([C@@H]1OC)n1c3ccccc3c3c4c(c5c6ccccc6n2c5c31)C(=O)NC4,O=C1CCN(c2ccc(F)c(F)c2)CC1,CC(=O)O,CC(C)[O-].CC(C)[O-].CC(C)[O-].CC(C)[O-].[Ti+4],CC(=O)O[BH-](OC(C)=O)OC(C)=O.[Na+],,CC(=O)N(C)C,CC(=O)N(C)C,CC(=O)N(C)C,CC(=O)N(C)C,CC(=O)N(C)C,CC(=O)N(C)C,CC(=O)N(C)C,22.0,64800.0,1.0
CN[C@@H]1C[C@H]2O[C@@](C)([C@@H]1OC)n1c3ccccc3c3c4c(c5c6ccccc6n2c5c31)C(=O)NC4,O=Cc1[nH]ncc1Br,CC(=O)O,CC(C)[O-].CC(C)[O-].CC(C)[O-].CC(C)[O-].[Ti+4],CC(=O)O[BH-](OC(C)=O)OC(C)=O.[Na+],,CN1CCCC1=O,CN1CCCC1=O,CN1CCCC1=O,CN1CCCC1=O,CN1CCCC1=O,CN1CCCC1=O,CN1CCCC1=O,22.0,64800.0,62.0
CN[C@@H]1C[C@H]2O[C@@](C)([C@@H]1OC)n1c3ccccc3c3c4c(c5c6ccccc6n2c5c31)C(=O)NC4,O=Cc1nc2ccccc2s1,CC(=O)O,CC(C)[O-].CC(C)[O-].CC(C)[O-].CC(C)[O-].[Ti+4],CC(=O)O[BH-](OC(C)=O)OC(C)=O.[Na+],,CC(=O)N(C)C,CC(=O)N(C)C,CC(=O)N(C)C,CC(=O)N(C)C,CC(=O)N(C)C,CC(=O)N(C)C,CC(=O)N(C)C,22.0,64800.0,99.0
CN[C@@H]1C[C@H]2O[C@@](C)([C@@H]1OC)n1c3ccccc3c3c4c(c5c6ccccc6n2c5c31)C(=O)NC4,O=Cc1cc2cnccc2[nH]1,CC(=O)O,CC(C)[O-].CC(C)[O-].CC(C)[O-].CC(C)[O-].[Ti+4],CC(=O)O[BH-](OC(C)=O)OC(C)=O.[Na+],,CN1CCCC1=O,CN1CCCC1=O,CN1CCCC1=O,CN1CCCC1=O,CN1CCCC1=O,CN1CCCC1=O,CN1CCCC1=O,22.0,64800.0,46.0
CN[C@@H]1C[C@H]2O[C@@](C)([C@@H]1OC)n1c3ccccc3c3c4c(c5c6ccccc6n2c5c31)C(=O)NC4,N#Cc1ccc(C=O)cc1Br,CC(=O)O,CC(C)[O-].CC(C)[O-].CC(C)[O-].CC(C)[O-].[Ti+4],CC(=O)O[BH-](OC(C)=O)OC(C)=O.[Na+],,CN1CCCC1=O,CN1CCCC1=O,CN1CCCC1=O,CN1CCCC1=O,CN1CCCC1=O,CN1CCCC1=O,CN1CCCC1=O,22.0,64800.0,100.0
CN[C@@H]1C[C@H]2O[C@@](C)([C@@H]1OC)n1c3ccccc3c3c4c(c5c6ccccc6n2c5c31)C(=O)NC4,O=C1CCCC1,CC(=O)O,CC(C)[O-].CC(C)[O-].CC(C)[O-].CC(C)[O-].[Ti+4],CC(=O)O[BH-](OC(C)=O)OC(C)=O.[Na+],,CN1CCCC1=O,CN1CCCC1=O,CN1CCCC1=O,CN1CCCC1=O,CN1CCCC1=O,CN1CCCC1=O,CN1CCCC1=O,22.0,64800.0,0.0
CN[C@@H]1C[C@H]2O[C@@](C)([C@@H]1OC)n1c3ccccc3c3c4c(c5c6ccccc6n2c5c31)C(=O)NC4,O=CCCc1ccccc1,CC(=O)O,CC(C)[O-].CC(C)[O-].CC(C)[O-].CC(C)[O-].[Ti+4],CC(=O)O[BH-](OC(C)=O)OC(C)=O.[Na+],,CN1CCCC1=O,CN1CCCC1=O,CN1CCCC1=O,CN1CCCC1=O,CN1CCCC1=O,CN1CCCC1=O,CN1CCCC1=O,22.0,64800.0,36.0
CN[C@@H]1C[C@H]2O[C@@](C)([C@@H]1OC)n1c3ccccc3c3c4c(c5c6ccccc6n2c5c31)C(=O)NC4,N#Cc1ccc(C=O)cc1Br,CC(=O)O,CC(C)[O-].CC(C)[O-].CC(C)[O-].CC(C)[O-].[Ti+4],CC(=O)O[BH-](OC(C)=O)OC(C)=O.[Na+],,CC(=O)N(C)C,CC(=O)N(C)C,CC(=O)N(C)C,CC(=O)N(C)C,CC(=O)N(C)C,CC(=O)N(C)C,CC(=O)N(C)C,22.0,64800.0,98.0
CN[C@@H]1C[C@H]2O[C@@](C)([C@@H]1OC)n1c3ccccc3c3c4c(c5c6ccccc6n2c5c31)C(=O)NC4,O=Cc1cc(-c2ccc(F)cc2)on1,CC(=O)O,CC(C)[O-].CC(C)[O-].CC(C)[O-].CC(C)[O-].[Ti+4],CC(=O)O[BH-](OC(C)=O)OC(C)=O.[Na+],,CN1CCCC1=O,CN1CCCC1=O,CN1CCCC1=O,CN1CCCC1=O,CN1CCCC1=O,CN1CCCC1=O,CN1CCCC1=O,22.0,64800.0,100.0
CN[C@@H]1C[C@H]2O[C@@](C)([C@@H]1OC)n1c3ccccc3c3c4c(c5c6ccccc6n2c5c31)C(=O)NC4,O=Cc1ccc2c(n1)NC(=O)CC2,CC(=O)O,CC(C)[O-].CC(C)[O-].CC(C)[O-].CC(C)[O-].[Ti+4],CC(=O)O[BH-](OC(C)=O)OC(C)=O.[Na+],,CN1CCCC1=O,CN1CCCC1=O,CN1CCCC1=O,CN1CCCC1=O,CN1CCCC1=O,CN1CCCC1=O,CN1CCCC1=O,22.0,64800.0,0.0
CN[C@@H]1C[C@H]2O[C@@](C)([C@@H]1OC)n1c3ccccc3c3c4c(c5c6ccccc6n2c5c31)C(=O)NC4,CC(=O)/C=C/c1ccccc1,CC(=O)O,CC(C)[O-].CC(C)[O-].CC(C)[O-].CC(C)[O-].[Ti+4],CC(=O)O[BH-](OC(C)=O)OC(C)=O.[Na+],,CN1CCCC1=O,CN1CCCC1=O,CN1CCCC1=O,CN1CCCC1=O,CN1CCCC1=O,CN1CCCC1=O,CN1CCCC1=O,22.0,64800.0,2.0
CN[C@@H]1C[C@H]2O[C@@](C)([C@@H]1OC)n1c3ccccc3c3c4c(c5c6ccccc6n2c5c31)C(=O)NC4,O=C/C=C/c1ccccc1,CC(=O)O,CC(C)[O-].CC(C)[O-].CC(C)[O-].CC(C)[O-].[Ti+4],CC(=O)O[BH-](OC(C)=O)OC(C)=O.[Na+],,CN1CCCC1=O,CN1CCCC1=O,CN1CCCC1=O,CN1CCCC1=O,CN1CCCC1=O,CN1CCCC1=O,CN1CCCC1=O,22.0,64800.0,50.0
CN[C@@H]1C[C@H]2O[C@@](C)([C@@H]1OC)n1c3ccccc3c3c4c(c5c6ccccc6n2c5c31)C(=O)NC4,O=C1CCN(c2ccc(F)c(F)c2)CC1,CC(=O)O,CC(C)[O-].CC(C)[O-].CC(C)[O-].CC(C)[O-].[Ti+4],CC(=O)O[BH-](OC(C)=O)OC(C)=O.[Na+],,CN1CCCC1=O,CN1CCCC1=O,CN1CCCC1=O,CN1CCCC1=O,CN1CCCC1=O,CN1CCCC1=O,CN1CCCC1=O,22.0,64800.0,28.0
CN[C@@H]1C[C@H]2O[C@@](C)([C@@H]1OC)n1c3ccccc3c3c4c(c5c6ccccc6n2c5c31)C(=O)NC4,Cc1cc(C=O)on1,CC(=O)O,CC(C)[O-].CC(C)[O-].CC(C)[O-].CC(C)[O-].[Ti+4],CC(=O)O[BH-](OC(C)=O)OC(C)=O.[Na+],,CN1CCCC1=O,CN1CCCC1=O,CN1CCCC1=O,CN1CCCC1=O,CN1CCCC1=O,CN1CCCC1=O,CN1CCCC1=O,22.0,64800.0,100.0
CN[C@@H]1C[C@H]2O[C@@](C)([C@@H]1OC)n1c3ccccc3c3c4c(c5c6ccccc6n2c5c31)C(=O)NC4,O=C1CCN(c2ccc(F)c(F)c2)CC1,CC(=O)O,CC(C)[O-].CC(C)[O-].CC(C)[O-].CC(C)[O-].[Ti+4],CC(=O)O[BH-](OC(C)=O)OC(C)=O.[Na+],,CN1CCCC1=O,CN1CCCC1=O,CN1CCCC1=O,CN1CCCC1=O,CN1CCCC1=O,CN1CCCC1=O,CN1CCCC1=O,22.0,64800.0,5.0
CN[C@@H]1C[C@H]2O[C@@](C)([C@@H]1OC)n1c3ccccc3c3c4c(c5c6ccccc6n2c5c31)C(=O)NC4,N#Cc1ccc(C=O)cc1Br,CC(=O)O,CC(C)[O-].CC(C)[O-].CC(C)[O-].CC(C)[O-].[Ti+4],CC(=O)O[BH-](OC(C)=O)OC(C)=O.[Na+],,CN1CCCC1=O,CN1CCCC1=O,CN1CCCC1=O,CN1CCCC1=O,CN1CCCC1=O,CN1CCCC1=O,CN1CCCC1=O,22.0,64800.0,5.0
CN[C@@H]1C[C@H]2O[C@@](C)([C@@H]1OC)n1c3ccccc3c3c4c(c5c6ccccc6n2c5c31)C(=O)NC4,O=C1CCC(n2cccn2)C1,CC(=O)O,CC(C)[O-].CC(C)[O-].CC(C)[O-].CC(C)[O-].[Ti+4],CC(=O)O[BH-](OC(C)=O)OC(C)=O.[Na+],,CN1CCCC1=O,CN1CCCC1=O,CN1CCCC1=O,CN1CCCC1=O,CN1CCCC1=O,CN1CCCC1=O,CN1CCCC1=O,22.0,64800.0,1.0
CN[C@@H]1C[C@H]2O[C@@](C)([C@@H]1OC)n1c3ccccc3c3c4c(c5c6ccccc6n2c5c31)C(=O)NC4,O=C1CCC(n2cccn2)C1,CC(=O)O,CC(C)[O-].CC(C)[O-].CC(C)[O-].CC(C)[O-].[Ti+4],CC(=O)O[BH-](OC(C)=O)OC(C)=O.[Na+],,CC(=O)N(C)C,CC(=O)N(C)C,CC(=O)N(C)C,CC(=O)N(C)C,CC(=O)N(C)C,CC(=O)N(C)C,CC(=O)N(C)C,22.0,64800.0,0.0
CN[C@@H]1C[C@H]2O[C@@](C)([C@@H]1OC)n1c3ccccc3c3c4c(c5c6ccccc6n2c5c31)C(=O)NC4,O=CCCc1ccccc1,CC(=O)O,CC(C)[O-].CC(C)[O-].CC(C)[O-].CC(C)[O-].[Ti+4],CC(=O)O[BH-](OC(C)=O)OC(C)=O.[Na+],,CN1CCCC1=O,CN1CCCC1=O,CN1CCCC1=O,CN1CCCC1=O,CN1CCCC1=O,CN1CCCC1=O,CN1CCCC1=O,22.0,64800.0,30.0
CN[C@@H]1C[C@H]2O[C@@](C)([C@@H]1OC)n1c3ccccc3c3c4c(c5c6ccccc6n2c5c31)C(=O)NC4,N#Cc1ccc(C=O)cc1Br,CC(=O)O,CC(C)[O-].CC(C)[O-].CC(C)[O-].CC(C)[O-].[Ti+4],CC(=O)O[BH-](OC(C)=O)OC(C)=O.[Na+],,CN1CCCC1=O,CN1CCCC1=O,CN1CCCC1=O,CN1CCCC1=O,CN1CCCC1=O,CN1CCCC1=O,CN1CCCC1=O,22.0,64800.0,13.0
CN[C@@H]1C[C@H]2O[C@@](C)([C@@H]1OC)n1c3ccccc3c3c4c(c5c6ccccc6n2c5c31)C(=O)NC4,COc1cc(/C=C/C=O)ccc1O,CC(=O)O,CC(C)[O-].CC(C)[O-].CC(C)[O-].CC(C)[O-].[Ti+4],CC(=O)O[BH-](OC(C)=O)OC(C)=O.[Na+],,CN1CCCC1=O,CN1CCCC1=O,CN1CCCC1=O,CN1CCCC1=O,CN1CCCC1=O,CN1CCCC1=O,CN1CCCC1=O,22.0,64800.0,50.0
CN[C@@H]1C[C@H]2O[C@@](C)([C@@H]1OC)n1c3ccccc3c3c4c(c5c6ccccc6n2c5c31)C(=O)NC4,CC(C)=CCCC(C)CC=O,CC(=O)O,CC(C)[O-].CC(C)[O-].CC(C)[O-].CC(C)[O-].[Ti+4],CC(=O)O[BH-](OC(C)=O)OC(C)=O.[Na+],,CN1CCCC1=O,CN1CCCC1=O,CN1CCCC1=O,CN1CCCC1=O,CN1CCCC1=O,CN1CCCC1=O,CN1CCCC1=O,22.0,64800.0,100.0
CN[C@@H]1C[C@H]2O[C@@](C)([C@@H]1OC)n1c3ccccc3c3c4c(c5c6ccccc6n2c5c31)C(=O)NC4,O=Cc1c(Cl)cnc2[nH]ccc12,CC(=O)O,CC(C)[O-].CC(C)[O-].CC(C)[O-].CC(C)[O-].[Ti+4],CC(=O)O[BH-](OC(C)=O)OC(C)=O.[Na+],,CN1CCCC1=O,CN1CCCC1=O,CN1CCCC1=O,CN1CCCC1=O,CN1CCCC1=O,CN1CCCC1=O,CN1CCCC1=O,22.0,64800.0,95.0
CN[C@@H]1C[C@H]2O[C@@](C)([C@@H]1OC)n1c3ccccc3c3c4c(c5c6ccccc6n2c5c31)C(=O)NC4,CC(C)=CCCC(C)CC=O,CC(=O)O,CC(C)[O-].CC(C)[O-].CC(C)[O-].CC(C)[O-].[Ti+4],CC(=O)O[BH-](OC(C)=O)OC(C)=O.[Na+],,CN1CCCC1=O,CN1CCCC1=O,CN1CCCC1=O,CN1CCCC1=O,CN1CCCC1=O,CN1CCCC1=O,CN1CCCC1=O,22.0,64800.0,89.0
CN[C@@H]1C[C@H]2O[C@@](C)([C@@H]1OC)n1c3ccccc3c3c4c(c5c6ccccc6n2c5c31)C(=O)NC4,Cn1cc(C=O)c(C2CC2)n1,CC(=O)O,CC(C)[O-].CC(C)[O-].CC(C)[O-].CC(C)[O-].[Ti+4],CC(=O)O[BH-](OC(C)=O)OC(C)=O.[Na+],,CN1CCCC1=O,CN1CCCC1=O,CN1CCCC1=O,CN1CCCC1=O,CN1CCCC1=O,CN1CCCC1=O,CN1CCCC1=O,22.0,64800.0,64.0
CN[C@@H]1C[C@H]2O[C@@](C)([C@@H]1OC)n1c3ccccc3c3c4c(c5c6ccccc6n2c5c31)C(=O)NC4,CC(=O)c1cc(C(F)(F)F)cc(C(F)(F)F)c1,CC(=O)O,CC(C)[O-].CC(C)[O-].CC(C)[O-].CC(C)[O-].[Ti+4],CC(=O)O[BH-](OC(C)=O)OC(C)=O.[Na+],,CN1CCCC1=O,CN1CCCC1=O,CN1CCCC1=O,CN1CCCC1=O,CN1CCCC1=O,CN1CCCC1=O,CN1CCCC1=O,22.0,64800.0,0.0
CN[C@@H]1C[C@H]2O[C@@](C)([C@@H]1OC)n1c3ccccc3c3c4c(c5c6ccccc6n2c5c31)C(=O)NC4,CC(=O)Nc1ccc(C=O)cc1,CC(=O)O,CC(C)[O-].CC(C)[O-].CC(C)[O-].CC(C)[O-].[Ti+4],CC(=O)O[BH-](OC(C)=O)OC(C)=O.[Na+],,CN1CCCC1=O,CN1CCCC1=O,CN1CCCC1=O,CN1CCCC1=O,CN1CCCC1=O,CN1CCCC1=O,CN1CCCC1=O,22.0,64800.0,93.0
CN[C@@H]1C[C@H]2O[C@@](C)([C@@H]1OC)n1c3ccccc3c3c4c(c5c6ccccc6n2c5c31)C(=O)NC4,COc1cccc(C=O)c1,CC(=O)O,CC(C)[O-].CC(C)[O-].CC(C)[O-].CC(C)[O-].[Ti+4],CC(=O)O[BH-](OC(C)=O)OC(C)=O.[Na+],,CN1CCCC1=O,CN1CCCC1=O,CN1CCCC1=O,CN1CCCC1=O,CN1CCCC1=O,CN1CCCC1=O,CN1CCCC1=O,22.0,64800.0,99.0
CN[C@@H]1C[C@H]2O[C@@](C)([C@@H]1OC)n1c3ccccc3c3c4c(c5c6ccccc6n2c5c31)C(=O)NC4,Cc1csc(C=O)n1,CC(=O)O,CC(C)[O-].CC(C)[O-].CC(C)[O-].CC(C)[O-].[Ti+4],CC(=O)O[BH-](OC(C)=O)OC(C)=O.[Na+],,CN1CCCC1=O,CN1CCCC1=O,CN1CCCC1=O,CN1CCCC1=O,CN1CCCC1=O,CN1CCCC1=O,CN1CCCC1=O,22.0,64800.0,100.0
CN[C@@H]1C[C@H]2O[C@@](C)([C@@H]1OC)n1c3ccccc3c3c4c(c5c6ccccc6n2c5c31)C(=O)NC4,CC(C)n1ncc2cc(C=O)cnc21,CC(=O)O,CC(C)[O-].CC(C)[O-].CC(C)[O-].CC(C)[O-].[Ti+4],CC(=O)O[BH-](OC(C)=O)OC(C)=O.[Na+],,CN1CCCC1=O,CN1CCCC1=O,CN1CCCC1=O,CN1CCCC1=O,CN1CCCC1=O,CN1CCCC1=O,CN1CCCC1=O,22.0,64800.0,97.0
CN[C@@H]1C[C@H]2O[C@@](C)([C@@H]1OC)n1c3ccccc3c3c4c(c5c6ccccc6n2c5c31)C(=O)NC4,O=CCCc1ccccc1,CC(=O)O,CC(C)[O-].CC(C)[O-].CC(C)[O-].CC(C)[O-].[Ti+4],CC(=O)O[BH-](OC(C)=O)OC(C)=O.[Na+],,CC(=O)N(C)C,CC(=O)N(C)C,CC(=O)N(C)C,CC(=O)N(C)C,CC(=O)N(C)C,CC(=O)N(C)C,CC(=O)N(C)C,22.0,64800.0,2.0
CN[C@@H]1C[C@H]2O[C@@](C)([C@@H]1OC)n1c3ccccc3c3c4c(c5c6ccccc6n2c5c31)C(=O)NC4,N#Cc1ccc(C=O)cc1Br,CC(=O)O,CC(C)[O-].CC(C)[O-].CC(C)[O-].CC(C)[O-].[Ti+4],CC(=O)O[BH-](OC(C)=O)OC(C)=O.[Na+],,CC(=O)N(C)C,CC(=O)N(C)C,CC(=O)N(C)C,CC(=O)N(C)C,CC(=O)N(C)C,CC(=O)N(C)C,CC(=O)N(C)C,22.0,64800.0,100.0
CN[C@@H]1C[C@H]2O[C@@](C)([C@@H]1OC)n1c3ccccc3c3c4c(c5c6ccccc6n2c5c31)C(=O)NC4,CN(C)c1ccc(C=O)c(F)c1C#N,CC(=O)O,CC(C)[O-].CC(C)[O-].CC(C)[O-].CC(C)[O-].[Ti+4],CC(=O)O[BH-](OC(C)=O)OC(C)=O.[Na+],,CN1CCCC1=O,CN1CCCC1=O,CN1CCCC1=O,CN1CCCC1=O,CN1CCCC1=O,CN1CCCC1=O,CN1CCCC1=O,22.0,64800.0,99.0
CN[C@@H]1C[C@H]2O[C@@](C)([C@@H]1OC)n1c3ccccc3c3c4c(c5c6ccccc6n2c5c31)C(=O)NC4,O=CC=Cc1ccccc1,CC(=O)O,CC(C)[O-].CC(C)[O-].CC(C)[O-].CC(C)[O-].[Ti+4],CC(=O)O[BH-](OC(C)=O)OC(C)=O.[Na+],,CN1CCCC1=O,CN1CCCC1=O,CN1CCCC1=O,CN1CCCC1=O,CN1CCCC1=O,CN1CCCC1=O,CN1CCCC1=O,22.0,64800.0,60.0
CN[C@@H]1C[C@H]2O[C@@](C)([C@@H]1OC)n1c3ccccc3c3c4c(c5c6ccccc6n2c5c31)C(=O)NC4,CC(=O)Nc1ccc(C=O)cc1,CC(=O)O,CC(C)[O-].CC(C)[O-].CC(C)[O-].CC(C)[O-].[Ti+4],CC(=O)O[BH-](OC(C)=O)OC(C)=O.[Na+],,CC(=O)N(C)C,CC(=O)N(C)C,CC(=O)N(C)C,CC(=O)N(C)C,CC(=O)N(C)C,CC(=O)N(C)C,CC(=O)N(C)C,22.0,64800.0,90.0
CN[C@@H]1C[C@H]2O[C@@](C)([C@@H]1OC)n1c3ccccc3c3c4c(c5c6ccccc6n2c5c31)C(=O)NC4,CC(=O)Nc1ccc(C=O)cc1,CC(=O)O,CC(C)[O-].CC(C)[O-].CC(C)[O-].CC(C)[O-].[Ti+4],CC(=O)O[BH-](OC(C)=O)OC(C)=O.[Na+],,CN1CCCC1=O,CN1CCCC1=O,CN1CCCC1=O,CN1CCCC1=O,CN1CCCC1=O,CN1CCCC1=O,CN1CCCC1=O,22.0,64800.0,80.0
CN[C@@H]1C[C@H]2O[C@@](C)([C@@H]1OC)n1c3ccccc3c3c4c(c5c6ccccc6n2c5c31)C(=O)NC4,N#Cc1ccc(C=O)cc1Br,CC(=O)O,CC(C)[O-].CC(C)[O-].CC(C)[O-].CC(C)[O-].[Ti+4],CC(=O)O[BH-](OC(C)=O)OC(C)=O.[Na+],,CC(=O)N(C)C,CC(=O)N(C)C,CC(=O)N(C)C,CC(=O)N(C)C,CC(=O)N(C)C,CC(=O)N(C)C,CC(=O)N(C)C,22.0,64800.0,16.0
CN[C@@H]1C[C@H]2O[C@@](C)([C@@H]1OC)n1c3ccccc3c3c4c(c5c6ccccc6n2c5c31)C(=O)NC4,N#CCC1CCC(=O)C1,CC(=O)O,CC(C)[O-].CC(C)[O-].CC(C)[O-].CC(C)[O-].[Ti+4],CC(=O)O[BH-](OC(C)=O)OC(C)=O.[Na+],,CN1CCCC1=O,CN1CCCC1=O,CN1CCCC1=O,CN1CCCC1=O,CN1CCCC1=O,CN1CCCC1=O,CN1CCCC1=O,22.0,64800.0,31.0
CN[C@@H]1C[C@H]2O[C@@](C)([C@@H]1OC)n1c3ccccc3c3c4c(c5c6ccccc6n2c5c31)C(=O)NC4,CC(=O)/C=C/c1ccccc1,CC(=O)O,CC(C)[O-].CC(C)[O-].CC(C)[O-].CC(C)[O-].[Ti+4],CC(=O)O[BH-](OC(C)=O)OC(C)=O.[Na+],,CC(=O)N(C)C,CC(=O)N(C)C,CC(=O)N(C)C,CC(=O)N(C)C,CC(=O)N(C)C,CC(=O)N(C)C,CC(=O)N(C)C,22.0,64800.0,1.0
CN[C@@H]1C[C@H]2O[C@@](C)([C@@H]1OC)n1c3ccccc3c3c4c(c5c6ccccc6n2c5c31)C(=O)NC4,O=CCCc1ccccc1,CC(=O)O,CC(C)[O-].CC(C)[O-].CC(C)[O-].CC(C)[O-].[Ti+4],CC(=O)O[BH-](OC(C)=O)OC(C)=O.[Na+],,CN1CCCC1=O,CN1CCCC1=O,CN1CCCC1=O,CN1CCCC1=O,CN1CCCC1=O,CN1CCCC1=O,CN1CCCC1=O,22.0,64800.0,30.0
CN[C@@H]1C[C@H]2O[C@@](C)([C@@H]1OC)n1c3ccccc3c3c4c(c5c6ccccc6n2c5c31)C(=O)NC4,O=CC=Cc1ccccc1,CC(=O)O,CC(C)[O-].CC(C)[O-].CC(C)[O-].CC(C)[O-].[Ti+4],CC(=O)O[BH-](OC(C)=O)OC(C)=O.[Na+],,CC(=O)N(C)C,CC(=O)N(C)C,CC(=O)N(C)C,CC(=O)N(C)C,CC(=O)N(C)C,CC(=O)N(C)C,CC(=O)N(C)C,22.0,64800.0,48.0
CN[C@@H]1C[C@H]2O[C@@](C)([C@@H]1OC)n1c3ccccc3c3c4c(c5c6ccccc6n2c5c31)C(=O)NC4,O=C1CCN(C(=O)OCc2ccccc2)CC1,CC(=O)O,CC(C)[O-].CC(C)[O-].CC(C)[O-].CC(C)[O-].[Ti+4],CC(=O)O[BH-](OC(C)=O)OC(C)=O.[Na+],,CN1CCCC1=O,CN1CCCC1=O,CN1CCCC1=O,CN1CCCC1=O,CN1CCCC1=O,CN1CCCC1=O,CN1CCCC1=O,22.0,64800.0,3.0
CN[C@@H]1C[C@H]2O[C@@](C)([C@@H]1OC)n1c3ccccc3c3c4c(c5c6ccccc6n2c5c31)C(=O)NC4,CC(=O)c1cc(C(F)(F)F)cc(C(F)(F)F)c1,CC(=O)O,CC(C)[O-].CC(C)[O-].CC(C)[O-].CC(C)[O-].[Ti+4],CC(=O)O[BH-](OC(C)=O)OC(C)=O.[Na+],,CC(=O)N(C)C,CC(=O)N(C)C,CC(=O)N(C)C,CC(=O)N(C)C,CC(=O)N(C)C,CC(=O)N(C)C,CC(=O)N(C)C,22.0,64800.0,1.0
CN[C@@H]1C[C@H]2O[C@@](C)([C@@H]1OC)n1c3ccccc3c3c4c(c5c6ccccc6n2c5c31)C(=O)NC4,O=C1CCN(C(=O)OCc2ccccc2)CC1,CC(=O)O,CC(C)[O-].CC(C)[O-].CC(C)[O-].CC(C)[O-].[Ti+4],CC(=O)O[BH-](OC(C)=O)OC(C)=O.[Na+],,CC(=O)N(C)C,CC(=O)N(C)C,CC(=O)N(C)C,CC(=O)N(C)C,CC(=O)N(C)C,CC(=O)N(C)C,CC(=O)N(C)C,22.0,64800.0,23.0
CN[C@@H]1C[C@H]2O[C@@](C)([C@@H]1OC)n1c3ccccc3c3c4c(c5c6ccccc6n2c5c31)C(=O)NC4,CN1CCOc2cc(C=O)ccc21,CC(=O)O,CC(C)[O-].CC(C)[O-].CC(C)[O-].CC(C)[O-].[Ti+4],CC(=O)O[BH-](OC(C)=O)OC(C)=O.[Na+],,CN1CCCC1=O,CN1CCCC1=O,CN1CCCC1=O,CN1CCCC1=O,CN1CCCC1=O,CN1CCCC1=O,CN1CCCC1=O,22.0,64800.0,67.0
CN[C@@H]1C[C@H]2O[C@@](C)([C@@H]1OC)n1c3ccccc3c3c4c(c5c6ccccc6n2c5c31)C(=O)NC4,O=C1CCCC1,CC(=O)O,CC(C)[O-].CC(C)[O-].CC(C)[O-].CC(C)[O-].[Ti+4],CC(=O)O[BH-](OC(C)=O)OC(C)=O.[Na+],,CN1CCCC1=O,CN1CCCC1=O,CN1CCCC1=O,CN1CCCC1=O,CN1CCCC1=O,CN1CCCC1=O,CN1CCCC1=O,22.0,64800.0,17.0
CN[C@@H]1C[C@H]2O[C@@](C)([C@@H]1OC)n1c3ccccc3c3c4c(c5c6ccccc6n2c5c31)C(=O)NC4,CC(=O)c1cc(C(F)(F)F)cc(C(F)(F)F)c1,CC(=O)O,CC(C)[O-].CC(C)[O-].CC(C)[O-].CC(C)[O-].[Ti+4],CC(=O)O[BH-](OC(C)=O)OC(C)=O.[Na+],,CN1CCCC1=O,CN1CCCC1=O,CN1CCCC1=O,CN1CCCC1=O,CN1CCCC1=O,CN1CCCC1=O,CN1CCCC1=O,22.0,64800.0,0.0
CN[C@@H]1C[C@H]2O[C@@](C)([C@@H]1OC)n1c3ccccc3c3c4c(c5c6ccccc6n2c5c31)C(=O)NC4,O=CCCN1C(=O)c2ccccc2C1=O,CC(=O)O,CC(C)[O-].CC(C)[O-].CC(C)[O-].CC(C)[O-].[Ti+4],CC(=O)O[BH-](OC(C)=O)OC(C)=O.[Na+],,CN1CCCC1=O,CN1CCCC1=O,CN1CCCC1=O,CN1CCCC1=O,CN1CCCC1=O,CN1CCCC1=O,CN1CCCC1=O,22.0,64800.0,100.0
CN[C@@H]1C[C@H]2O[C@@](C)([C@@H]1OC)n1c3ccccc3c3c4c(c5c6ccccc6n2c5c31)C(=O)NC4,CC(C)=CCCC(C)CC=O,CC(=O)O,CC(C)[O-].CC(C)[O-].CC(C)[O-].CC(C)[O-].[Ti+4],CC(=O)O[BH-](OC(C)=O)OC(C)=O.[Na+],,CC(=O)N(C)C,CC(=O)N(C)C,CC(=O)N(C)C,CC(=O)N(C)C,CC(=O)N(C)C,CC(=O)N(C)C,CC(=O)N(C)C,22.0,64800.0,42.0
CN[C@@H]1C[C@H]2O[C@@](C)([C@@H]1OC)n1c3ccccc3c3c4c(c5c6ccccc6n2c5c31)C(=O)NC4,O=Cc1nc2ccccc2s1,CC(=O)O,CC(C)[O-].CC(C)[O-].CC(C)[O-].CC(C)[O-].[Ti+4],CC(=O)O[BH-](OC(C)=O)OC(C)=O.[Na+],,CN1CCCC1=O,CN1CCCC1=O,CN1CCCC1=O,CN1CCCC1=O,CN1CCCC1=O,CN1CCCC1=O,CN1CCCC1=O,22.0,64800.0,80.0
CN[C@@H]1C[C@H]2O[C@@](C)([C@@H]1OC)n1c3ccccc3c3c4c(c5c6ccccc6n2c5c31)C(=O)NC4,O=Cc1c[nH]c(-c2ccccc2)n1,CC(=O)O,CC(C)[O-].CC(C)[O-].CC(C)[O-].CC(C)[O-].[Ti+4],CC(=O)O[BH-](OC(C)=O)OC(C)=O.[Na+],,CN1CCCC1=O,CN1CCCC1=O,CN1CCCC1=O,CN1CCCC1=O,CN1CCCC1=O,CN1CCCC1=O,CN1CCCC1=O,22.0,64800.0,80.0
CN[C@@H]1C[C@H]2O[C@@](C)([C@@H]1OC)n1c3ccccc3c3c4c(c5c6ccccc6n2c5c31)C(=O)NC4,COc1ccc2cc(C=O)sc2c1,CC(=O)O,CC(C)[O-].CC(C)[O-].CC(C)[O-].CC(C)[O-].[Ti+4],CC(=O)O[BH-](OC(C)=O)OC(C)=O.[Na+],,CN1CCCC1=O,CN1CCCC1=O,CN1CCCC1=O,CN1CCCC1=O,CN1CCCC1=O,CN1CCCC1=O,CN1CCCC1=O,22.0,64800.0,87.0
CN[C@@H]1C[C@H]2O[C@@](C)([C@@H]1OC)n1c3ccccc3c3c4c(c5c6ccccc6n2c5c31)C(=O)NC4,O=CC=Cc1ccccc1,CC(=O)O,CC(C)[O-].CC(C)[O-].CC(C)[O-].CC(C)[O-].[Ti+4],CC(=O)O[BH-](OC(C)=O)OC(C)=O.[Na+],,CN1CCCC1=O,CN1CCCC1=O,CN1CCCC1=O,CN1CCCC1=O,CN1CCCC1=O,CN1CCCC1=O,CN1CCCC1=O,22.0,64800.0,23.0
CN[C@@H]1C[C@H]2O[C@@](C)([C@@H]1OC)n1c3ccccc3c3c4c(c5c6ccccc6n2c5c31)C(=O)NC4,CC(C)=CCCC(C)CC=O,CC(=O)O,CC(C)[O-].CC(C)[O-].CC(C)[O-].CC(C)[O-].[Ti+4],CC(=O)O[BH-](OC(C)=O)OC(C)=O.[Na+],,CN1CCCC1=O,CN1CCCC1=O,CN1CCCC1=O,CN1CCCC1=O,CN1CCCC1=O,CN1CCCC1=O,CN1CCCC1=O,22.0,64800.0,69.0
CN[C@@H]1C[C@H]2O[C@@](C)([C@@H]1OC)n1c3ccccc3c3c4c(c5c6ccccc6n2c5c31)C(=O)NC4,N#CCC1CCC(=O)C1,CC(=O)O,CC(C)[O-].CC(C)[O-].CC(C)[O-].CC(C)[O-].[Ti+4],CC(=O)O[BH-](OC(C)=O)OC(C)=O.[Na+],,CN1CCCC1=O,CN1CCCC1=O,CN1CCCC1=O,CN1CCCC1=O,CN1CCCC1=O,CN1CCCC1=O,CN1CCCC1=O,22.0,64800.0,2.0
CN[C@@H]1C[C@H]2O[C@@](C)([C@@H]1OC)n1c3ccccc3c3c4c(c5c6ccccc6n2c5c31)C(=O)NC4,CC(C)=CCCC(C)CC=O,CC(=O)O,CC(C)[O-].CC(C)[O-].CC(C)[O-].CC(C)[O-].[Ti+4],CC(=O)O[BH-](OC(C)=O)OC(C)=O.[Na+],,CN1CCCC1=O,CN1CCCC1=O,CN1CCCC1=O,CN1CCCC1=O,CN1CCCC1=O,CN1CCCC1=O,CN1CCCC1=O,22.0,64800.0,69.0
CN[C@@H]1C[C@H]2O[C@@](C)([C@@H]1OC)n1c3ccccc3c3c4c(c5c6ccccc6n2c5c31)C(=O)NC4,O=Cc1cc(-c2ccc(F)cc2)on1,CC(=O)O,CC(C)[O-].CC(C)[O-].CC(C)[O-].CC(C)[O-].[Ti+4],CC(=O)O[BH-](OC(C)=O)OC(C)=O.[Na+],,CN1CCCC1=O,CN1CCCC1=O,CN1CCCC1=O,CN1CCCC1=O,CN1CCCC1=O,CN1CCCC1=O,CN1CCCC1=O,22.0,64800.0,93.0
CN[C@@H]1C[C@H]2O[C@@](C)([C@@H]1OC)n1c3ccccc3c3c4c(c5c6ccccc6n2c5c31)C(=O)NC4,Cc1noc(C2CC2)c1C=O,CC(=O)O,CC(C)[O-].CC(C)[O-].CC(C)[O-].CC(C)[O-].[Ti+4],CC(=O)O[BH-](OC(C)=O)OC(C)=O.[Na+],,CN1CCCC1=O,CN1CCCC1=O,CN1CCCC1=O,CN1CCCC1=O,CN1CCCC1=O,CN1CCCC1=O,CN1CCCC1=O,22.0,64800.0,73.0
CN[C@@H]1C[C@H]2O[C@@](C)([C@@H]1OC)n1c3ccccc3c3c4c(c5c6ccccc6n2c5c31)C(=O)NC4,O=C1CCCC1,CC(=O)O,CC(C)[O-].CC(C)[O-].CC(C)[O-].CC(C)[O-].[Ti+4],CC(=O)O[BH-](OC(C)=O)OC(C)=O.[Na+],,CN1CCCC1=O,CN1CCCC1=O,CN1CCCC1=O,CN1CCCC1=O,CN1CCCC1=O,CN1CCCC1=O,CN1CCCC1=O,22.0,64800.0,9.0
CN[C@@H]1C[C@H]2O[C@@](C)([C@@H]1OC)n1c3ccccc3c3c4c(c5c6ccccc6n2c5c31)C(=O)NC4,O=CCCc1ccccc1,CC(=O)O,CC(C)[O-].CC(C)[O-].CC(C)[O-].CC(C)[O-].[Ti+4],CC(=O)O[BH-](OC(C)=O)OC(C)=O.[Na+],,CN1CCCC1=O,CN1CCCC1=O,CN1CCCC1=O,CN1CCCC1=O,CN1CCCC1=O,CN1CCCC1=O,CN1CCCC1=O,22.0,64800.0,27.0
CN[C@@H]1C[C@H]2O[C@@](C)([C@@H]1OC)n1c3ccccc3c3c4c(c5c6ccccc6n2c5c31)C(=O)NC4,O=C1CCCC1,CC(=O)O,CC(C)[O-].CC(C)[O-].CC(C)[O-].CC(C)[O-].[Ti+4],CC(=O)O[BH-](OC(C)=O)OC(C)=O.[Na+],,CC(=O)N(C)C,CC(=O)N(C)C,CC(=O)N(C)C,CC(=O)N(C)C,CC(=O)N(C)C,CC(=O)N(C)C,CC(=O)N(C)C,22.0,64800.0,0.0
CN[C@@H]1C[C@H]2O[C@@](C)([C@@H]1OC)n1c3ccccc3c3c4c(c5c6ccccc6n2c5c31)C(=O)NC4,O=C1CCC(n2cccn2)C1,CC(=O)O,CC(C)[O-].CC(C)[O-].CC(C)[O-].CC(C)[O-].[Ti+4],CC(=O)O[BH-](OC(C)=O)OC(C)=O.[Na+],,CN1CCCC1=O,CN1CCCC1=O,CN1CCCC1=O,CN1CCCC1=O,CN1CCCC1=O,CN1CCCC1=O,CN1CCCC1=O,22.0,64800.0,3.0
CN[C@@H]1C[C@H]2O[C@@](C)([C@@H]1OC)n1c3ccccc3c3c4c(c5c6ccccc6n2c5c31)C(=O)NC4,O=CC1CCN(C(=O)OCc2ccccc2)CC1,CC(=O)O,CC(C)[O-].CC(C)[O-].CC(C)[O-].CC(C)[O-].[Ti+4],CC(=O)O[BH-](OC(C)=O)OC(C)=O.[Na+],,CC(=O)N(C)C,CC(=O)N(C)C,CC(=O)N(C)C,CC(=O)N(C)C,CC(=O)N(C)C,CC(=O)N(C)C,CC(=O)N(C)C,22.0,64800.0,1.0
CN[C@@H]1C[C@H]2O[C@@](C)([C@@H]1OC)n1c3ccccc3c3c4c(c5c6ccccc6n2c5c31)C(=O)NC4,Cc1ccc(C=O)cc1C,CC(=O)O,CC(C)[O-].CC(C)[O-].CC(C)[O-].CC(C)[O-].[Ti+4],CC(=O)O[BH-](OC(C)=O)OC(C)=O.[Na+],,CN1CCCC1=O,CN1CCCC1=O,CN1CCCC1=O,CN1CCCC1=O,CN1CCCC1=O,CN1CCCC1=O,CN1CCCC1=O,22.0,64800.0,42.0
CN[C@@H]1C[C@H]2O[C@@](C)([C@@H]1OC)n1c3ccccc3c3c4c(c5c6ccccc6n2c5c31)C(=O)NC4,O=CC1CCN(C(=O)OCc2ccccc2)CC1,CC(=O)O,CC(C)[O-].CC(C)[O-].CC(C)[O-].CC(C)[O-].[Ti+4],CC(=O)O[BH-](OC(C)=O)OC(C)=O.[Na+],,CC(=O)N(C)C,CC(=O)N(C)C,CC(=O)N(C)C,CC(=O)N(C)C,CC(=O)N(C)C,CC(=O)N(C)C,CC(=O)N(C)C,22.0,64800.0,0.0
CN[C@@H]1C[C@H]2O[C@@](C)([C@@H]1OC)n1c3ccccc3c3c4c(c5c6ccccc6n2c5c31)C(=O)NC4,N#CCC1CCC(=O)C1,CC(=O)O,CC(C)[O-].CC(C)[O-].CC(C)[O-].CC(C)[O-].[Ti+4],CC(=O)O[BH-](OC(C)=O)OC(C)=O.[Na+],,CC(=O)N(C)C,CC(=O)N(C)C,CC(=O)N(C)C,CC(=O)N(C)C,CC(=O)N(C)C,CC(=O)N(C)C,CC(=O)N(C)C,22.0,64800.0,2.0
CN[C@@H]1C[C@H]2O[C@@](C)([C@@H]1OC)n1c3ccccc3c3c4c(c5c6ccccc6n2c5c31)C(=O)NC4,CC(C)Cc1cc(C=O)n[nH]1,CC(=O)O,CC(C)[O-].CC(C)[O-].CC(C)[O-].CC(C)[O-].[Ti+4],CC(=O)O[BH-](OC(C)=O)OC(C)=O.[Na+],,CN1CCCC1=O,CN1CCCC1=O,CN1CCCC1=O,CN1CCCC1=O,CN1CCCC1=O,CN1CCCC1=O,CN1CCCC1=O,22.0,64800.0,43.0
CN[C@@H]1C[C@H]2O[C@@](C)([C@@H]1OC)n1c3ccccc3c3c4c(c5c6ccccc6n2c5c31)C(=O)NC4,N#CCC1CCC(=O)C1,CC(=O)O,CC(C)[O-].CC(C)[O-].CC(C)[O-].CC(C)[O-].[Ti+4],CC(=O)O[BH-](OC(C)=O)OC(C)=O.[Na+],,CC(=O)N(C)C,CC(=O)N(C)C,CC(=O)N(C)C,CC(=O)N(C)C,CC(=O)N(C)C,CC(=O)N(C)C,CC(=O)N(C)C,22.0,64800.0,32.0
CN[C@@H]1C[C@H]2O[C@@](C)([C@@H]1OC)n1c3ccccc3c3c4c(c5c6ccccc6n2c5c31)C(=O)NC4,O=CCCc1ccccc1,CC(=O)O,CC(C)[O-].CC(C)[O-].CC(C)[O-].CC(C)[O-].[Ti+4],CC(=O)O[BH-](OC(C)=O)OC(C)=O.[Na+],,CN1CCCC1=O,CN1CCCC1=O,CN1CCCC1=O,CN1CCCC1=O,CN1CCCC1=O,CN1CCCC1=O,CN1CCCC1=O,22.0,64800.0,28.0
CN[C@@H]1C[C@H]2O[C@@](C)([C@@H]1OC)n1c3ccccc3c3c4c(c5c6ccccc6n2c5c31)C(=O)NC4,CC(=O)c1cc(C(F)(F)F)cc(C(F)(F)F)c1,CC(=O)O,CC(C)[O-].CC(C)[O-].CC(C)[O-].CC(C)[O-].[Ti+4],CC(=O)O[BH-](OC(C)=O)OC(C)=O.[Na+],,CN1CCCC1=O,CN1CCCC1=O,CN1CCCC1=O,CN1CCCC1=O,CN1CCCC1=O,CN1CCCC1=O,CN1CCCC1=O,22.0,64800.0,0.0
CN[C@@H]1C[C@H]2O[C@@](C)([C@@H]1OC)n1c3ccccc3c3c4c(c5c6ccccc6n2c5c31)C(=O)NC4,N#Cc1ccc(C=O)cc1Br,CC(=O)O,CC(C)[O-].CC(C)[O-].CC(C)[O-].CC(C)[O-].[Ti+4],CC(=O)O[BH-](OC(C)=O)OC(C)=O.[Na+],,CC(=O)N(C)C,CC(=O)N(C)C,CC(=O)N(C)C,CC(=O)N(C)C,CC(=O)N(C)C,CC(=O)N(C)C,CC(=O)N(C)C,22.0,64800.0,89.0
CN[C@@H]1C[C@H]2O[C@@](C)([C@@H]1OC)n1c3ccccc3c3c4c(c5c6ccccc6n2c5c31)C(=O)NC4,CC(C)=CCCC(C)CC=O,CC(=O)O,CC(C)[O-].CC(C)[O-].CC(C)[O-].CC(C)[O-].[Ti+4],CC(=O)O[BH-](OC(C)=O)OC(C)=O.[Na+],,CN1CCCC1=O,CN1CCCC1=O,CN1CCCC1=O,CN1CCCC1=O,CN1CCCC1=O,CN1CCCC1=O,CN1CCCC1=O,22.0,64800.0,64.0
CN[C@@H]1C[C@H]2O[C@@](C)([C@@H]1OC)n1c3ccccc3c3c4c(c5c6ccccc6n2c5c31)C(=O)NC4,O=CC1CCN(C(=O)OCc2ccccc2)CC1,CC(=O)O,CC(C)[O-].CC(C)[O-].CC(C)[O-].CC(C)[O-].[Ti+4],CC(=O)O[BH-](OC(C)=O)OC(C)=O.[Na+],,CN1CCCC1=O,CN1CCCC1=O,CN1CCCC1=O,CN1CCCC1=O,CN1CCCC1=O,CN1CCCC1=O,CN1CCCC1=O,22.0,64800.0,12.0
CN[C@@H]1C[C@H]2O[C@@](C)([C@@H]1OC)n1c3ccccc3c3c4c(c5c6ccccc6n2c5c31)C(=O)NC4,CN1CCOc2cc(C=O)ccc21,CC(=O)O,CC(C)[O-].CC(C)[O-].CC(C)[O-].CC(C)[O-].[Ti+4],CC(=O)O[BH-](OC(C)=O)OC(C)=O.[Na+],,CN1CCCC1=O,CN1CCCC1=O,CN1CCCC1=O,CN1CCCC1=O,CN1CCCC1=O,CN1CCCC1=O,CN1CCCC1=O,22.0,64800.0,60.0
CN[C@@H]1C[C@H]2O[C@@](C)([C@@H]1OC)n1c3ccccc3c3c4c(c5c6ccccc6n2c5c31)C(=O)NC4,O=C1CCN(C(=O)OCc2ccccc2)CC1,CC(=O)O,CC(C)[O-].CC(C)[O-].CC(C)[O-].CC(C)[O-].[Ti+4],CC(=O)O[BH-](OC(C)=O)OC(C)=O.[Na+],,CC(=O)N(C)C,CC(=O)N(C)C,CC(=O)N(C)C,CC(=O)N(C)C,CC(=O)N(C)C,CC(=O)N(C)C,CC(=O)N(C)C,22.0,64800.0,18.0
CN[C@@H]1C[C@H]2O[C@@](C)([C@@H]1OC)n1c3ccccc3c3c4c(c5c6ccccc6n2c5c31)C(=O)NC4,Cc1ccc(C=O)cc1C,CC(=O)O,CC(C)[O-].CC(C)[O-].CC(C)[O-].CC(C)[O-].[Ti+4],CC(=O)O[BH-](OC(C)=O)OC(C)=O.[Na+],,CC(=O)N(C)C,CC(=O)N(C)C,CC(=O)N(C)C,CC(=O)N(C)C,CC(=O)N(C)C,CC(=O)N(C)C,CC(=O)N(C)C,22.0,64800.0,72.0
CN[C@@H]1C[C@H]2O[C@@](C)([C@@H]1OC)n1c3ccccc3c3c4c(c5c6ccccc6n2c5c31)C(=O)NC4,O=CCCc1ccccc1,CC(=O)O,CC(C)[O-].CC(C)[O-].CC(C)[O-].CC(C)[O-].[Ti+4],CC(=O)O[BH-](OC(C)=O)OC(C)=O.[Na+],,CC(=O)N(C)C,CC(=O)N(C)C,CC(=O)N(C)C,CC(=O)N(C)C,CC(=O)N(C)C,CC(=O)N(C)C,CC(=O)N(C)C,22.0,64800.0,57.0
CN[C@@H]1C[C@H]2O[C@@](C)([C@@H]1OC)n1c3ccccc3c3c4c(c5c6ccccc6n2c5c31)C(=O)NC4,CC(C)=CCCC(C)CC=O,CC(=O)O,CC(C)[O-].CC(C)[O-].CC(C)[O-].CC(C)[O-].[Ti+4],CC(=O)O[BH-](OC(C)=O)OC(C)=O.[Na+],,CC(=O)N(C)C,CC(=O)N(C)C,CC(=O)N(C)C,CC(=O)N(C)C,CC(=O)N(C)C,CC(=O)N(C)C,CC(=O)N(C)C,22.0,64800.0,17.0
CN[C@@H]1C[C@H]2O[C@@](C)([C@@H]1OC)n1c3ccccc3c3c4c(c5c6ccccc6n2c5c31)C(=O)NC4,O=CC1CCN(C(=O)OCc2ccccc2)CC1,CC(=O)O,CC(C)[O-].CC(C)[O-].CC(C)[O-].CC(C)[O-].[Ti+4],CC(=O)O[BH-](OC(C)=O)OC(C)=O.[Na+],,CC(=O)N(C)C,CC(=O)N(C)C,CC(=O)N(C)C,CC(=O)N(C)C,CC(=O)N(C)C,CC(=O)N(C)C,CC(=O)N(C)C,22.0,64800.0,0.0
CN[C@@H]1C[C@H]2O[C@@](C)([C@@H]1OC)n1c3ccccc3c3c4c(c5c6ccccc6n2c5c31)C(=O)NC4,O=C1CCN(C(=O)OCc2ccccc2)CC1,CC(=O)O,CC(C)[O-].CC(C)[O-].CC(C)[O-].CC(C)[O-].[Ti+4],CC(=O)O[BH-](OC(C)=O)OC(C)=O.[Na+],,CC(=O)N(C)C,CC(=O)N(C)C,CC(=O)N(C)C,CC(=O)N(C)C,CC(=O)N(C)C,CC(=O)N(C)C,CC(=O)N(C)C,22.0,64800.0,13.0
CN[C@@H]1C[C@H]2O[C@@](C)([C@@H]1OC)n1c3ccccc3c3c4c(c5c6ccccc6n2c5c31)C(=O)NC4,O=CC=Cc1ccccc1,CC(=O)O,CC(C)[O-].CC(C)[O-].CC(C)[O-].CC(C)[O-].[Ti+4],CC(=O)O[BH-](OC(C)=O)OC(C)=O.[Na+],,CC(=O)N(C)C,CC(=O)N(C)C,CC(=O)N(C)C,CC(=O)N(C)C,CC(=O)N(C)C,CC(=O)N(C)C,CC(=O)N(C)C,22.0,64800.0,70.0
CN[C@@H]1C[C@H]2O[C@@](C)([C@@H]1OC)n1c3ccccc3c3c4c(c5c6ccccc6n2c5c31)C(=O)NC4,Cc1ccc(C=O)cc1C,CC(=O)O,CC(C)[O-].CC(C)[O-].CC(C)[O-].CC(C)[O-].[Ti+4],CC(=O)O[BH-](OC(C)=O)OC(C)=O.[Na+],,CN1CCCC1=O,CN1CCCC1=O,CN1CCCC1=O,CN1CCCC1=O,CN1CCCC1=O,CN1CCCC1=O,CN1CCCC1=O,22.0,64800.0,45.0
CN[C@@H]1C[C@H]2O[C@@](C)([C@@H]1OC)n1c3ccccc3c3c4c(c5c6ccccc6n2c5c31)C(=O)NC4,CC(=O)Nc1ccc(C=O)cc1,CC(=O)O,CC(C)[O-].CC(C)[O-].CC(C)[O-].CC(C)[O-].[Ti+4],CC(=O)O[BH-](OC(C)=O)OC(C)=O.[Na+],,CN1CCCC1=O,CN1CCCC1=O,CN1CCCC1=O,CN1CCCC1=O,CN1CCCC1=O,CN1CCCC1=O,CN1CCCC1=O,22.0,64800.0,40.0
CN[C@@H]1C[C@H]2O[C@@](C)([C@@H]1OC)n1c3ccccc3c3c4c(c5c6ccccc6n2c5c31)C(=O)NC4,O=Cc1nc2ccccc2s1,CC(=O)O,CC(C)[O-].CC(C)[O-].CC(C)[O-].CC(C)[O-].[Ti+4],CC(=O)O[BH-](OC(C)=O)OC(C)=O.[Na+],,CN1CCCC1=O,CN1CCCC1=O,CN1CCCC1=O,CN1CCCC1=O,CN1CCCC1=O,CN1CCCC1=O,CN1CCCC1=O,22.0,64800.0,47.0
CN[C@@H]1C[C@H]2O[C@@](C)([C@@H]1OC)n1c3ccccc3c3c4c(c5c6ccccc6n2c5c31)C(=O)NC4,O=CCCc1ccccc1,CC(=O)O,CC(C)[O-].CC(C)[O-].CC(C)[O-].CC(C)[O-].[Ti+4],CC(=O)O[BH-](OC(C)=O)OC(C)=O.[Na+],,CC(=O)N(C)C,CC(=O)N(C)C,CC(=O)N(C)C,CC(=O)N(C)C,CC(=O)N(C)C,CC(=O)N(C)C,CC(=O)N(C)C,22.0,64800.0,40.0
CN[C@@H]1C[C@H]2O[C@@](C)([C@@H]1OC)n1c3ccccc3c3c4c(c5c6ccccc6n2c5c31)C(=O)NC4,Cc1noc(C2CC2)c1C=O,CC(=O)O,CC(C)[O-].CC(C)[O-].CC(C)[O-].CC(C)[O-].[Ti+4],CC(=O)O[BH-](OC(C)=O)OC(C)=O.[Na+],,CN1CCCC1=O,CN1CCCC1=O,CN1CCCC1=O,CN1CCCC1=O,CN1CCCC1=O,CN1CCCC1=O,CN1CCCC1=O,22.0,64800.0,84.0
CN[C@@H]1C[C@H]2O[C@@](C)([C@@H]1OC)n1c3ccccc3c3c4c(c5c6ccccc6n2c5c31)C(=O)NC4,Cc1nc(C(F)(F)F)c(C=O)s1,CC(=O)O,CC(C)[O-].CC(C)[O-].CC(C)[O-].CC(C)[O-].[Ti+4],CC(=O)O[BH-](OC(C)=O)OC(C)=O.[Na+],,CN1CCCC1=O,CN1CCCC1=O,CN1CCCC1=O,CN1CCCC1=O,CN1CCCC1=O,CN1CCCC1=O,CN1CCCC1=O,22.0,64800.0,74.0
CN[C@@H]1C[C@H]2O[C@@](C)([C@@H]1OC)n1c3ccccc3c3c4c(c5c6ccccc6n2c5c31)C(=O)NC4,O=CC=Cc1ccccc1,CC(=O)O,CC(C)[O-].CC(C)[O-].CC(C)[O-].CC(C)[O-].[Ti+4],CC(=O)O[BH-](OC(C)=O)OC(C)=O.[Na+],,CC(=O)N(C)C,CC(=O)N(C)C,CC(=O)N(C)C,CC(=O)N(C)C,CC(=O)N(C)C,CC(=O)N(C)C,CC(=O)N(C)C,22.0,64800.0,34.0
CN[C@@H]1C[C@H]2O[C@@](C)([C@@H]1OC)n1c3ccccc3c3c4c(c5c6ccccc6n2c5c31)C(=O)NC4,CC(=O)/C=C/c1ccccc1,CC(=O)O,CC(C)[O-].CC(C)[O-].CC(C)[O-].CC(C)[O-].[Ti+4],CC(=O)O[BH-](OC(C)=O)OC(C)=O.[Na+],,CN1CCCC1=O,CN1CCCC1=O,CN1CCCC1=O,CN1CCCC1=O,CN1CCCC1=O,CN1CCCC1=O,CN1CCCC1=O,22.0,64800.0,0.0
CN[C@@H]1C[C@H]2O[C@@](C)([C@@H]1OC)n1c3ccccc3c3c4c(c5c6ccccc6n2c5c31)C(=O)NC4,O=C1CCC(n2cccn2)C1,CC(=O)O,CC(C)[O-].CC(C)[O-].CC(C)[O-].CC(C)[O-].[Ti+4],CC(=O)O[BH-](OC(C)=O)OC(C)=O.[Na+],,CN1CCCC1=O,CN1CCCC1=O,CN1CCCC1=O,CN1CCCC1=O,CN1CCCC1=O,CN1CCCC1=O,CN1CCCC1=O,22.0,64800.0,2.0
CN[C@@H]1C[C@H]2O[C@@](C)([C@@H]1OC)n1c3ccccc3c3c4c(c5c6ccccc6n2c5c31)C(=O)NC4,O=CCCc1ccccc1,CC(=O)O,CC(C)[O-].CC(C)[O-].CC(C)[O-].CC(C)[O-].[Ti+4],CC(=O)O[BH-](OC(C)=O)OC(C)=O.[Na+],,CN1CCCC1=O,CN1CCCC1=O,CN1CCCC1=O,CN1CCCC1=O,CN1CCCC1=O,CN1CCCC1=O,CN1CCCC1=O,22.0,64800.0,31.0
CN[C@@H]1C[C@H]2O[C@@](C)([C@@H]1OC)n1c3ccccc3c3c4c(c5c6ccccc6n2c5c31)C(=O)NC4,O=CC=Cc1ccccc1,CC(=O)O,CC(C)[O-].CC(C)[O-].CC(C)[O-].CC(C)[O-].[Ti+4],CC(=O)O[BH-](OC(C)=O)OC(C)=O.[Na+],,CC(=O)N(C)C,CC(=O)N(C)C,CC(=O)N(C)C,CC(=O)N(C)C,CC(=O)N(C)C,CC(=O)N(C)C,CC(=O)N(C)C,22.0,64800.0,38.0
CN[C@@H]1C[C@H]2O[C@@](C)([C@@H]1OC)n1c3ccccc3c3c4c(c5c6ccccc6n2c5c31)C(=O)NC4,O=CC1CCN(C(=O)OCc2ccccc2)CC1,CC(=O)O,CC(C)[O-].CC(C)[O-].CC(C)[O-].CC(C)[O-].[Ti+4],CC(=O)O[BH-](OC(C)=O)OC(C)=O.[Na+],,CN1CCCC1=O,CN1CCCC1=O,CN1CCCC1=O,CN1CCCC1=O,CN1CCCC1=O,CN1CCCC1=O,CN1CCCC1=O,22.0,64800.0,22.0
CN[C@@H]1C[C@H]2O[C@@](C)([C@@H]1OC)n1c3ccccc3c3c4c(c5c6ccccc6n2c5c31)C(=O)NC4,CC(=O)c1cc(C(F)(F)F)cc(C(F)(F)F)c1,CC(=O)O,CC(C)[O-].CC(C)[O-].CC(C)[O-].CC(C)[O-].[Ti+4],CC(=O)O[BH-](OC(C)=O)OC(C)=O.[Na+],,CC(=O)N(C)C,CC(=O)N(C)C,CC(=O)N(C)C,CC(=O)N(C)C,CC(=O)N(C)C,CC(=O)N(C)C,CC(=O)N(C)C,22.0,64800.0,0.0
CN[C@@H]1C[C@H]2O[C@@](C)([C@@H]1OC)n1c3ccccc3c3c4c(c5c6ccccc6n2c5c31)C(=O)NC4,CC(=O)c1cc(C(F)(F)F)cc(C(F)(F)F)c1,CC(=O)O,CC(C)[O-].CC(C)[O-].CC(C)[O-].CC(C)[O-].[Ti+4],CC(=O)O[BH-](OC(C)=O)OC(C)=O.[Na+],,CC(=O)N(C)C,CC(=O)N(C)C,CC(=O)N(C)C,CC(=O)N(C)C,CC(=O)N(C)C,CC(=O)N(C)C,CC(=O)N(C)C,22.0,64800.0,0.0
CN[C@@H]1C[C@H]2O[C@@](C)([C@@H]1OC)n1c3ccccc3c3c4c(c5c6ccccc6n2c5c31)C(=O)NC4,O=Cc1c(Cl)cnc2[nH]ccc12,CC(=O)O,CC(C)[O-].CC(C)[O-].CC(C)[O-].CC(C)[O-].[Ti+4],CC(=O)O[BH-](OC(C)=O)OC(C)=O.[Na+],,CN1CCCC1=O,CN1CCCC1=O,CN1CCCC1=O,CN1CCCC1=O,CN1CCCC1=O,CN1CCCC1=O,CN1CCCC1=O,22.0,64800.0,78.0
CN[C@@H]1C[C@H]2O[C@@](C)([C@@H]1OC)n1c3ccccc3c3c4c(c5c6ccccc6n2c5c31)C(=O)NC4,CC(C)n1c(C=O)nc2ccccc21,CC(=O)O,CC(C)[O-].CC(C)[O-].CC(C)[O-].CC(C)[O-].[Ti+4],CC(=O)O[BH-](OC(C)=O)OC(C)=O.[Na+],,CN1CCCC1=O,CN1CCCC1=O,CN1CCCC1=O,CN1CCCC1=O,CN1CCCC1=O,CN1CCCC1=O,CN1CCCC1=O,22.0,64800.0,100.0
CN[C@@H]1C[C@H]2O[C@@](C)([C@@H]1OC)n1c3ccccc3c3c4c(c5c6ccccc6n2c5c31)C(=O)NC4,O=CCCC(F)(F)F,CC(=O)O,CC(C)[O-].CC(C)[O-].CC(C)[O-].CC(C)[O-].[Ti+4],CC(=O)O[BH-](OC(C)=O)OC(C)=O.[Na+],,CN1CCCC1=O,CN1CCCC1=O,CN1CCCC1=O,CN1CCCC1=O,CN1CCCC1=O,CN1CCCC1=O,CN1CCCC1=O,22.0,64800.0,68.0
CN[C@@H]1C[C@H]2O[C@@](C)([C@@H]1OC)n1c3ccccc3c3c4c(c5c6ccccc6n2c5c31)C(=O)NC4,O=CCCc1ccccc1,CC(=O)O,CC(C)[O-].CC(C)[O-].CC(C)[O-].CC(C)[O-].[Ti+4],CC(=O)O[BH-](OC(C)=O)OC(C)=O.[Na+],,CC(=O)N(C)C,CC(=O)N(C)C,CC(=O)N(C)C,CC(=O)N(C)C,CC(=O)N(C)C,CC(=O)N(C)C,CC(=O)N(C)C,22.0,64800.0,27.0
CN[C@@H]1C[C@H]2O[C@@](C)([C@@H]1OC)n1c3ccccc3c3c4c(c5c6ccccc6n2c5c31)C(=O)NC4,Cc1noc(C2CC2)c1C=O,CC(=O)O,CC(C)[O-].CC(C)[O-].CC(C)[O-].CC(C)[O-].[Ti+4],CC(=O)O[BH-](OC(C)=O)OC(C)=O.[Na+],,CN1CCCC1=O,CN1CCCC1=O,CN1CCCC1=O,CN1CCCC1=O,CN1CCCC1=O,CN1CCCC1=O,CN1CCCC1=O,22.0,64800.0,77.0
CN[C@@H]1C[C@H]2O[C@@](C)([C@@H]1OC)n1c3ccccc3c3c4c(c5c6ccccc6n2c5c31)C(=O)NC4,O=CC=Cc1ccccc1,CC(=O)O,CC(C)[O-].CC(C)[O-].CC(C)[O-].CC(C)[O-].[Ti+4],CC(=O)O[BH-](OC(C)=O)OC(C)=O.[Na+],,CC(=O)N(C)C,CC(=O)N(C)C,CC(=O)N(C)C,CC(=O)N(C)C,CC(=O)N(C)C,CC(=O)N(C)C,CC(=O)N(C)C,22.0,64800.0,23.0
CN[C@@H]1C[C@H]2O[C@@](C)([C@@H]1OC)n1c3ccccc3c3c4c(c5c6ccccc6n2c5c31)C(=O)NC4,O=CC1CCN(C(=O)OCc2ccccc2)CC1,CC(=O)O,CC(C)[O-].CC(C)[O-].CC(C)[O-].CC(C)[O-].[Ti+4],CC(=O)O[BH-](OC(C)=O)OC(C)=O.[Na+],,CN1CCCC1=O,CN1CCCC1=O,CN1CCCC1=O,CN1CCCC1=O,CN1CCCC1=O,CN1CCCC1=O,CN1CCCC1=O,22.0,64800.0,9.0
CN[C@@H]1C[C@H]2O[C@@](C)([C@@H]1OC)n1c3ccccc3c3c4c(c5c6ccccc6n2c5c31)C(=O)NC4,Cc1ccc(C=O)cc1C,CC(=O)O,CC(C)[O-].CC(C)[O-].CC(C)[O-].CC(C)[O-].[Ti+4],CC(=O)O[BH-](OC(C)=O)OC(C)=O.[Na+],,CN1CCCC1=O,CN1CCCC1=O,CN1CCCC1=O,CN1CCCC1=O,CN1CCCC1=O,CN1CCCC1=O,CN1CCCC1=O,22.0,64800.0,75.0
CN[C@@H]1C[C@H]2O[C@@](C)([C@@H]1OC)n1c3ccccc3c3c4c(c5c6ccccc6n2c5c31)C(=O)NC4,N#CCC1CCC(=O)C1,CC(=O)O,CC(C)[O-].CC(C)[O-].CC(C)[O-].CC(C)[O-].[Ti+4],CC(=O)O[BH-](OC(C)=O)OC(C)=O.[Na+],,CN1CCCC1=O,CN1CCCC1=O,CN1CCCC1=O,CN1CCCC1=O,CN1CCCC1=O,CN1CCCC1=O,CN1CCCC1=O,22.0,64800.0,2.0
CN[C@@H]1C[C@H]2O[C@@](C)([C@@H]1OC)n1c3ccccc3c3c4c(c5c6ccccc6n2c5c31)C(=O)NC4,O=CCCc1ccccc1,CC(=O)O,CC(C)[O-].CC(C)[O-].CC(C)[O-].CC(C)[O-].[Ti+4],CC(=O)O[BH-](OC(C)=O)OC(C)=O.[Na+],,CN1CCCC1=O,CN1CCCC1=O,CN1CCCC1=O,CN1CCCC1=O,CN1CCCC1=O,CN1CCCC1=O,CN1CCCC1=O,22.0,64800.0,43.0
CN[C@@H]1C[C@H]2O[C@@](C)([C@@H]1OC)n1c3ccccc3c3c4c(c5c6ccccc6n2c5c31)C(=O)NC4,O=CCCc1ccccc1,CC(=O)O,CC(C)[O-].CC(C)[O-].CC(C)[O-].CC(C)[O-].[Ti+4],CC(=O)O[BH-](OC(C)=O)OC(C)=O.[Na+],,CC(=O)N(C)C,CC(=O)N(C)C,CC(=O)N(C)C,CC(=O)N(C)C,CC(=O)N(C)C,CC(=O)N(C)C,CC(=O)N(C)C,22.0,64800.0,20.0
CN[C@@H]1C[C@H]2O[C@@](C)([C@@H]1OC)n1c3ccccc3c3c4c(c5c6ccccc6n2c5c31)C(=O)NC4,Cc1cccc(-n2ccnc2C=O)c1,CC(=O)O,CC(C)[O-].CC(C)[O-].CC(C)[O-].CC(C)[O-].[Ti+4],CC(=O)O[BH-](OC(C)=O)OC(C)=O.[Na+],,CN1CCCC1=O,CN1CCCC1=O,CN1CCCC1=O,CN1CCCC1=O,CN1CCCC1=O,CN1CCCC1=O,CN1CCCC1=O,22.0,64800.0,55.0
CN[C@@H]1C[C@H]2O[C@@](C)([C@@H]1OC)n1c3ccccc3c3c4c(c5c6ccccc6n2c5c31)C(=O)NC4,O=Cc1cn2ccsc2n1,CC(=O)O,CC(C)[O-].CC(C)[O-].CC(C)[O-].CC(C)[O-].[Ti+4],CC(=O)O[BH-](OC(C)=O)OC(C)=O.[Na+],,CN1CCCC1=O,CN1CCCC1=O,CN1CCCC1=O,CN1CCCC1=O,CN1CCCC1=O,CN1CCCC1=O,CN1CCCC1=O,22.0,64800.0,88.0
CN[C@@H]1C[C@H]2O[C@@](C)([C@@H]1OC)n1c3ccccc3c3c4c(c5c6ccccc6n2c5c31)C(=O)NC4,COc1ccc2cc(C=O)sc2c1,CC(=O)O,CC(C)[O-].CC(C)[O-].CC(C)[O-].CC(C)[O-].[Ti+4],CC(=O)O[BH-](OC(C)=O)OC(C)=O.[Na+],,CN1CCCC1=O,CN1CCCC1=O,CN1CCCC1=O,CN1CCCC1=O,CN1CCCC1=O,CN1CCCC1=O,CN1CCCC1=O,22.0,64800.0,87.0
CN[C@@H]1C[C@H]2O[C@@](C)([C@@H]1OC)n1c3ccccc3c3c4c(c5c6ccccc6n2c5c31)C(=O)NC4,CC(=O)Nc1ccc(C=O)cc1,CC(=O)O,CC(C)[O-].CC(C)[O-].CC(C)[O-].CC(C)[O-].[Ti+4],CC(=O)O[BH-](OC(C)=O)OC(C)=O.[Na+],,CN1CCCC1=O,CN1CCCC1=O,CN1CCCC1=O,CN1CCCC1=O,CN1CCCC1=O,CN1CCCC1=O,CN1CCCC1=O,22.0,64800.0,92.0
CN[C@@H]1C[C@H]2O[C@@](C)([C@@H]1OC)n1c3ccccc3c3c4c(c5c6ccccc6n2c5c31)C(=O)NC4,CC(C)=CCCC(C)CC=O,CC(=O)O,CC(C)[O-].CC(C)[O-].CC(C)[O-].CC(C)[O-].[Ti+4],CC(=O)O[BH-](OC(C)=O)OC(C)=O.[Na+],,CC(=O)N(C)C,CC(=O)N(C)C,CC(=O)N(C)C,CC(=O)N(C)C,CC(=O)N(C)C,CC(=O)N(C)C,CC(=O)N(C)C,22.0,64800.0,28.0
CN[C@@H]1C[C@H]2O[C@@](C)([C@@H]1OC)n1c3ccccc3c3c4c(c5c6ccccc6n2c5c31)C(=O)NC4,CC(=O)c1cc(C(F)(F)F)cc(C(F)(F)F)c1,CC(=O)O,CC(C)[O-].CC(C)[O-].CC(C)[O-].CC(C)[O-].[Ti+4],CC(=O)O[BH-](OC(C)=O)OC(C)=O.[Na+],,CN1CCCC1=O,CN1CCCC1=O,CN1CCCC1=O,CN1CCCC1=O,CN1CCCC1=O,CN1CCCC1=O,CN1CCCC1=O,22.0,64800.0,0.0
CN[C@@H]1C[C@H]2O[C@@](C)([C@@H]1OC)n1c3ccccc3c3c4c(c5c6ccccc6n2c5c31)C(=O)NC4,N#CCC1CCC(=O)C1,CC(=O)O,CC(C)[O-].CC(C)[O-].CC(C)[O-].CC(C)[O-].[Ti+4],CC(=O)O[BH-](OC(C)=O)OC(C)=O.[Na+],,CC(=O)N(C)C,CC(=O)N(C)C,CC(=O)N(C)C,CC(=O)N(C)C,CC(=O)N(C)C,CC(=O)N(C)C,CC(=O)N(C)C,22.0,64800.0,2.0
CN[C@@H]1C[C@H]2O[C@@](C)([C@@H]1OC)n1c3ccccc3c3c4c(c5c6ccccc6n2c5c31)C(=O)NC4,Cc1cc(C=O)on1,CC(=O)O,CC(C)[O-].CC(C)[O-].CC(C)[O-].CC(C)[O-].[Ti+4],CC(=O)O[BH-](OC(C)=O)OC(C)=O.[Na+],,CN1CCCC1=O,CN1CCCC1=O,CN1CCCC1=O,CN1CCCC1=O,CN1CCCC1=O,CN1CCCC1=O,CN1CCCC1=O,22.0,64800.0,99.0
CN[C@@H]1C[C@H]2O[C@@](C)([C@@H]1OC)n1c3ccccc3c3c4c(c5c6ccccc6n2c5c31)C(=O)NC4,CC(=O)c1cc(C(F)(F)F)cc(C(F)(F)F)c1,CC(=O)O,CC(C)[O-].CC(C)[O-].CC(C)[O-].CC(C)[O-].[Ti+4],CC(=O)O[BH-](OC(C)=O)OC(C)=O.[Na+],,CN1CCCC1=O,CN1CCCC1=O,CN1CCCC1=O,CN1CCCC1=O,CN1CCCC1=O,CN1CCCC1=O,CN1CCCC1=O,22.0,64800.0,0.0
CN[C@@H]1C[C@H]2O[C@@](C)([C@@H]1OC)n1c3ccccc3c3c4c(c5c6ccccc6n2c5c31)C(=O)NC4,O=C1CCN(C(=O)OCc2ccccc2)CC1,CC(=O)O,CC(C)[O-].CC(C)[O-].CC(C)[O-].CC(C)[O-].[Ti+4],CC(=O)O[BH-](OC(C)=O)OC(C)=O.[Na+],,CC(=O)N(C)C,CC(=O)N(C)C,CC(=O)N(C)C,CC(=O)N(C)C,CC(=O)N(C)C,CC(=O)N(C)C,CC(=O)N(C)C,22.0,64800.0,2.0
CN[C@@H]1C[C@H]2O[C@@](C)([C@@H]1OC)n1c3ccccc3c3c4c(c5c6ccccc6n2c5c31)C(=O)NC4,N#CCC1CCC(=O)C1,CC(=O)O,CC(C)[O-].CC(C)[O-].CC(C)[O-].CC(C)[O-].[Ti+4],CC(=O)O[BH-](OC(C)=O)OC(C)=O.[Na+],,CN1CCCC1=O,CN1CCCC1=O,CN1CCCC1=O,CN1CCCC1=O,CN1CCCC1=O,CN1CCCC1=O,CN1CCCC1=O,22.0,64800.0,7.0
CN[C@@H]1C[C@H]2O[C@@](C)([C@@H]1OC)n1c3ccccc3c3c4c(c5c6ccccc6n2c5c31)C(=O)NC4,O=CC=Cc1ccccc1,CC(=O)O,CC(C)[O-].CC(C)[O-].CC(C)[O-].CC(C)[O-].[Ti+4],CC(=O)O[BH-](OC(C)=O)OC(C)=O.[Na+],,CN1CCCC1=O,CN1CCCC1=O,CN1CCCC1=O,CN1CCCC1=O,CN1CCCC1=O,CN1CCCC1=O,CN1CCCC1=O,22.0,64800.0,24.0
CN[C@@H]1C[C@H]2O[C@@](C)([C@@H]1OC)n1c3ccccc3c3c4c(c5c6ccccc6n2c5c31)C(=O)NC4,N#CCC1CCC(=O)C1,CC(=O)O,CC(C)[O-].CC(C)[O-].CC(C)[O-].CC(C)[O-].[Ti+4],CC(=O)O[BH-](OC(C)=O)OC(C)=O.[Na+],,CN1CCCC1=O,CN1CCCC1=O,CN1CCCC1=O,CN1CCCC1=O,CN1CCCC1=O,CN1CCCC1=O,CN1CCCC1=O,22.0,64800.0,1.0
CN[C@@H]1C[C@H]2O[C@@](C)([C@@H]1OC)n1c3ccccc3c3c4c(c5c6ccccc6n2c5c31)C(=O)NC4,O=Cc1ccc(-c2nn[nH]n2)cc1,CC(=O)O,CC(C)[O-].CC(C)[O-].CC(C)[O-].CC(C)[O-].[Ti+4],CC(=O)O[BH-](OC(C)=O)OC(C)=O.[Na+],,CN1CCCC1=O,CN1CCCC1=O,CN1CCCC1=O,CN1CCCC1=O,CN1CCCC1=O,CN1CCCC1=O,CN1CCCC1=O,22.0,64800.0,95.0
CN[C@@H]1C[C@H]2O[C@@](C)([C@@H]1OC)n1c3ccccc3c3c4c(c5c6ccccc6n2c5c31)C(=O)NC4,CC(C)=CCCC(C)CC=O,CC(=O)O,CC(C)[O-].CC(C)[O-].CC(C)[O-].CC(C)[O-].[Ti+4],CC(=O)O[BH-](OC(C)=O)OC(C)=O.[Na+],,CC(=O)N(C)C,CC(=O)N(C)C,CC(=O)N(C)C,CC(=O)N(C)C,CC(=O)N(C)C,CC(=O)N(C)C,CC(=O)N(C)C,22.0,64800.0,23.0
CN[C@@H]1C[C@H]2O[C@@](C)([C@@H]1OC)n1c3ccccc3c3c4c(c5c6ccccc6n2c5c31)C(=O)NC4,O=CCCc1ccccc1,CC(=O)O,CC(C)[O-].CC(C)[O-].CC(C)[O-].CC(C)[O-].[Ti+4],CC(=O)O[BH-](OC(C)=O)OC(C)=O.[Na+],,CN1CCCC1=O,CN1CCCC1=O,CN1CCCC1=O,CN1CCCC1=O,CN1CCCC1=O,CN1CCCC1=O,CN1CCCC1=O,22.0,64800.0,39.0
CN[C@@H]1C[C@H]2O[C@@](C)([C@@H]1OC)n1c3ccccc3c3c4c(c5c6ccccc6n2c5c31)C(=O)NC4,O=C1CCN(C(=O)OCc2ccccc2)CC1,CC(=O)O,CC(C)[O-].CC(C)[O-].CC(C)[O-].CC(C)[O-].[Ti+4],CC(=O)O[BH-](OC(C)=O)OC(C)=O.[Na+],,CC(=O)N(C)C,CC(=O)N(C)C,CC(=O)N(C)C,CC(=O)N(C)C,CC(=O)N(C)C,CC(=O)N(C)C,CC(=O)N(C)C,22.0,64800.0,44.0
CN[C@@H]1C[C@H]2O[C@@](C)([C@@H]1OC)n1c3ccccc3c3c4c(c5c6ccccc6n2c5c31)C(=O)NC4,O=CC1CCN(C(=O)OCc2ccccc2)CC1,CC(=O)O,CC(C)[O-].CC(C)[O-].CC(C)[O-].CC(C)[O-].[Ti+4],CC(=O)O[BH-](OC(C)=O)OC(C)=O.[Na+],,CN1CCCC1=O,CN1CCCC1=O,CN1CCCC1=O,CN1CCCC1=O,CN1CCCC1=O,CN1CCCC1=O,CN1CCCC1=O,22.0,64800.0,12.0
CN[C@@H]1C[C@H]2O[C@@](C)([C@@H]1OC)n1c3ccccc3c3c4c(c5c6ccccc6n2c5c31)C(=O)NC4,O=CCCc1ccccc1,CC(=O)O,CC(C)[O-].CC(C)[O-].CC(C)[O-].CC(C)[O-].[Ti+4],CC(=O)O[BH-](OC(C)=O)OC(C)=O.[Na+],,CC(=O)N(C)C,CC(=O)N(C)C,CC(=O)N(C)C,CC(=O)N(C)C,CC(=O)N(C)C,CC(=O)N(C)C,CC(=O)N(C)C,22.0,64800.0,24.0
CN[C@@H]1C[C@H]2O[C@@](C)([C@@H]1OC)n1c3ccccc3c3c4c(c5c6ccccc6n2c5c31)C(=O)NC4,Cc1nc2scnn2c1C=O,CC(=O)O,CC(C)[O-].CC(C)[O-].CC(C)[O-].CC(C)[O-].[Ti+4],CC(=O)O[BH-](OC(C)=O)OC(C)=O.[Na+],,CN1CCCC1=O,CN1CCCC1=O,CN1CCCC1=O,CN1CCCC1=O,CN1CCCC1=O,CN1CCCC1=O,CN1CCCC1=O,22.0,64800.0,88.0
CN[C@@H]1C[C@H]2O[C@@](C)([C@@H]1OC)n1c3ccccc3c3c4c(c5c6ccccc6n2c5c31)C(=O)NC4,O=CC=Cc1ccccc1,CC(=O)O,CC(C)[O-].CC(C)[O-].CC(C)[O-].CC(C)[O-].[Ti+4],CC(=O)O[BH-](OC(C)=O)OC(C)=O.[Na+],,CC(=O)N(C)C,CC(=O)N(C)C,CC(=O)N(C)C,CC(=O)N(C)C,CC(=O)N(C)C,CC(=O)N(C)C,CC(=O)N(C)C,22.0,64800.0,46.0
CN[C@@H]1C[C@H]2O[C@@](C)([C@@H]1OC)n1c3ccccc3c3c4c(c5c6ccccc6n2c5c31)C(=O)NC4,O=Cc1cc(-c2ccc(F)cc2)on1,CC(=O)O,CC(C)[O-].CC(C)[O-].CC(C)[O-].CC(C)[O-].[Ti+4],CC(=O)O[BH-](OC(C)=O)OC(C)=O.[Na+],,CN1CCCC1=O,CN1CCCC1=O,CN1CCCC1=O,CN1CCCC1=O,CN1CCCC1=O,CN1CCCC1=O,CN1CCCC1=O,22.0,64800.0,100.0
CN[C@@H]1C[C@H]2O[C@@](C)([C@@H]1OC)n1c3ccccc3c3c4c(c5c6ccccc6n2c5c31)C(=O)NC4,O=C1CCN(C(=O)OCc2ccccc2)CC1,CC(=O)O,CC(C)[O-].CC(C)[O-].CC(C)[O-].CC(C)[O-].[Ti+4],CC(=O)O[BH-](OC(C)=O)OC(C)=O.[Na+],,CC(=O)N(C)C,CC(=O)N(C)C,CC(=O)N(C)C,CC(=O)N(C)C,CC(=O)N(C)C,CC(=O)N(C)C,CC(=O)N(C)C,22.0,64800.0,0.0
CN[C@@H]1C[C@H]2O[C@@](C)([C@@H]1OC)n1c3ccccc3c3c4c(c5c6ccccc6n2c5c31)C(=O)NC4,CN(CC(=O)O)c1ncc(C=O)cn1,CC(=O)O,CC(C)[O-].CC(C)[O-].CC(C)[O-].CC(C)[O-].[Ti+4],CC(=O)O[BH-](OC(C)=O)OC(C)=O.[Na+],,CN1CCCC1=O,CN1CCCC1=O,CN1CCCC1=O,CN1CCCC1=O,CN1CCCC1=O,CN1CCCC1=O,CN1CCCC1=O,22.0,64800.0,95.0
CN[C@@H]1C[C@H]2O[C@@](C)([C@@H]1OC)n1c3ccccc3c3c4c(c5c6ccccc6n2c5c31)C(=O)NC4,CC(=O)c1cc(C)cc(C)c1,CC(=O)O,CC(C)[O-].CC(C)[O-].CC(C)[O-].CC(C)[O-].[Ti+4],CC(=O)O[BH-](OC(C)=O)OC(C)=O.[Na+],,CN1CCCC1=O,CN1CCCC1=O,CN1CCCC1=O,CN1CCCC1=O,CN1CCCC1=O,CN1CCCC1=O,CN1CCCC1=O,22.0,64800.0,0.0
CN[C@@H]1C[C@H]2O[C@@](C)([C@@H]1OC)n1c3ccccc3c3c4c(c5c6ccccc6n2c5c31)C(=O)NC4,O=CC=Cc1ccccc1,CC(=O)O,CC(C)[O-].CC(C)[O-].CC(C)[O-].CC(C)[O-].[Ti+4],CC(=O)O[BH-](OC(C)=O)OC(C)=O.[Na+],,CN1CCCC1=O,CN1CCCC1=O,CN1CCCC1=O,CN1CCCC1=O,CN1CCCC1=O,CN1CCCC1=O,CN1CCCC1=O,22.0,64800.0,24.0
CN[C@@H]1C[C@H]2O[C@@](C)([C@@H]1OC)n1c3ccccc3c3c4c(c5c6ccccc6n2c5c31)C(=O)NC4,O=C1CCN(c2ccc(F)c(F)c2)CC1,CC(=O)O,CC(C)[O-].CC(C)[O-].CC(C)[O-].CC(C)[O-].[Ti+4],CC(=O)O[BH-](OC(C)=O)OC(C)=O.[Na+],,CN1CCCC1=O,CN1CCCC1=O,CN1CCCC1=O,CN1CCCC1=O,CN1CCCC1=O,CN1CCCC1=O,CN1CCCC1=O,22.0,64800.0,45.0
CN[C@@H]1C[C@H]2O[C@@](C)([C@@H]1OC)n1c3ccccc3c3c4c(c5c6ccccc6n2c5c31)C(=O)NC4,O=Cc1ccccc1Cn1cccn1,CC(=O)O,CC(C)[O-].CC(C)[O-].CC(C)[O-].CC(C)[O-].[Ti+4],CC(=O)O[BH-](OC(C)=O)OC(C)=O.[Na+],,CN1CCCC1=O,CN1CCCC1=O,CN1CCCC1=O,CN1CCCC1=O,CN1CCCC1=O,CN1CCCC1=O,CN1CCCC1=O,22.0,64800.0,89.0
CN[C@@H]1C[C@H]2O[C@@](C)([C@@H]1OC)n1c3ccccc3c3c4c(c5c6ccccc6n2c5c31)C(=O)NC4,N#Cc1ccc(C=O)cc1Br,CC(=O)O,CC(C)[O-].CC(C)[O-].CC(C)[O-].CC(C)[O-].[Ti+4],CC(=O)O[BH-](OC(C)=O)OC(C)=O.[Na+],,CN1CCCC1=O,CN1CCCC1=O,CN1CCCC1=O,CN1CCCC1=O,CN1CCCC1=O,CN1CCCC1=O,CN1CCCC1=O,22.0,64800.0,100.0
CN[C@@H]1C[C@H]2O[C@@](C)([C@@H]1OC)n1c3ccccc3c3c4c(c5c6ccccc6n2c5c31)C(=O)NC4,Cc1ccc(C=O)cc1C,CC(=O)O,CC(C)[O-].CC(C)[O-].CC(C)[O-].CC(C)[O-].[Ti+4],CC(=O)O[BH-](OC(C)=O)OC(C)=O.[Na+],,CN1CCCC1=O,CN1CCCC1=O,CN1CCCC1=O,CN1CCCC1=O,CN1CCCC1=O,CN1CCCC1=O,CN1CCCC1=O,22.0,64800.0,100.0
CN[C@@H]1C[C@H]2O[C@@](C)([C@@H]1OC)n1c3ccccc3c3c4c(c5c6ccccc6n2c5c31)C(=O)NC4,O=C1CCC(n2cccn2)C1,CC(=O)O,CC(C)[O-].CC(C)[O-].CC(C)[O-].CC(C)[O-].[Ti+4],CC(=O)O[BH-](OC(C)=O)OC(C)=O.[Na+],,CN1CCCC1=O,CN1CCCC1=O,CN1CCCC1=O,CN1CCCC1=O,CN1CCCC1=O,CN1CCCC1=O,CN1CCCC1=O,22.0,64800.0,5.0
CN[C@@H]1C[C@H]2O[C@@](C)([C@@H]1OC)n1c3ccccc3c3c4c(c5c6ccccc6n2c5c31)C(=O)NC4,CC(=O)Nc1ccc(C=O)cc1,CC(=O)O,CC(C)[O-].CC(C)[O-].CC(C)[O-].CC(C)[O-].[Ti+4],CC(=O)O[BH-](OC(C)=O)OC(C)=O.[Na+],,CC(=O)N(C)C,CC(=O)N(C)C,CC(=O)N(C)C,CC(=O)N(C)C,CC(=O)N(C)C,CC(=O)N(C)C,CC(=O)N(C)C,22.0,64800.0,90.0
CN[C@@H]1C[C@H]2O[C@@](C)([C@@H]1OC)n1c3ccccc3c3c4c(c5c6ccccc6n2c5c31)C(=O)NC4,O=C/C=C/c1ccccc1,CC(=O)O,CC(C)[O-].CC(C)[O-].CC(C)[O-].CC(C)[O-].[Ti+4],CC(=O)O[BH-](OC(C)=O)OC(C)=O.[Na+],,CN1CCCC1=O,CN1CCCC1=O,CN1CCCC1=O,CN1CCCC1=O,CN1CCCC1=O,CN1CCCC1=O,CN1CCCC1=O,22.0,64800.0,21.0
CN[C@@H]1C[C@H]2O[C@@](C)([C@@H]1OC)n1c3ccccc3c3c4c(c5c6ccccc6n2c5c31)C(=O)NC4,N#Cc1ccc(C=O)cc1Br,CC(=O)O,CC(C)[O-].CC(C)[O-].CC(C)[O-].CC(C)[O-].[Ti+4],CC(=O)O[BH-](OC(C)=O)OC(C)=O.[Na+],,CN1CCCC1=O,CN1CCCC1=O,CN1CCCC1=O,CN1CCCC1=O,CN1CCCC1=O,CN1CCCC1=O,CN1CCCC1=O,22.0,64800.0,98.0
CN[C@@H]1C[C@H]2O[C@@](C)([C@@H]1OC)n1c3ccccc3c3c4c(c5c6ccccc6n2c5c31)C(=O)NC4,N#Cc1ccc(C=O)cc1Br,CC(=O)O,CC(C)[O-].CC(C)[O-].CC(C)[O-].CC(C)[O-].[Ti+4],CC(=O)O[BH-](OC(C)=O)OC(C)=O.[Na+],,CN1CCCC1=O,CN1CCCC1=O,CN1CCCC1=O,CN1CCCC1=O,CN1CCCC1=O,CN1CCCC1=O,CN1CCCC1=O,22.0,64800.0,33.0
CN[C@@H]1C[C@H]2O[C@@](C)([C@@H]1OC)n1c3ccccc3c3c4c(c5c6ccccc6n2c5c31)C(=O)NC4,O=C1CCC(n2cccn2)C1,CC(=O)O,CC(C)[O-].CC(C)[O-].CC(C)[O-].CC(C)[O-].[Ti+4],CC(=O)O[BH-](OC(C)=O)OC(C)=O.[Na+],,CC(=O)N(C)C,CC(=O)N(C)C,CC(=O)N(C)C,CC(=O)N(C)C,CC(=O)N(C)C,CC(=O)N(C)C,CC(=O)N(C)C,22.0,64800.0,2.0
CN[C@@H]1C[C@H]2O[C@@](C)([C@@H]1OC)n1c3ccccc3c3c4c(c5c6ccccc6n2c5c31)C(=O)NC4,O=Cc1cc2cc(F)ccc2[nH]c1=O,CC(=O)O,CC(C)[O-].CC(C)[O-].CC(C)[O-].CC(C)[O-].[Ti+4],CC(=O)O[BH-](OC(C)=O)OC(C)=O.[Na+],,CN1CCCC1=O,CN1CCCC1=O,CN1CCCC1=O,CN1CCCC1=O,CN1CCCC1=O,CN1CCCC1=O,CN1CCCC1=O,22.0,64800.0,44.0
CN[C@@H]1C[C@H]2O[C@@](C)([C@@H]1OC)n1c3ccccc3c3c4c(c5c6ccccc6n2c5c31)C(=O)NC4,CC(=O)/C=C/c1ccccc1,CC(=O)O,CC(C)[O-].CC(C)[O-].CC(C)[O-].CC(C)[O-].[Ti+4],CC(=O)O[BH-](OC(C)=O)OC(C)=O.[Na+],,CC(=O)N(C)C,CC(=O)N(C)C,CC(=O)N(C)C,CC(=O)N(C)C,CC(=O)N(C)C,CC(=O)N(C)C,CC(=O)N(C)C,22.0,64800.0,3.0
CN[C@@H]1C[C@H]2O[C@@](C)([C@@H]1OC)n1c3ccccc3c3c4c(c5c6ccccc6n2c5c31)C(=O)NC4,O=C1CCN(C(=O)OCc2ccccc2)CC1,CC(=O)O,CC(C)[O-].CC(C)[O-].CC(C)[O-].CC(C)[O-].[Ti+4],CC(=O)O[BH-](OC(C)=O)OC(C)=O.[Na+],,CN1CCCC1=O,CN1CCCC1=O,CN1CCCC1=O,CN1CCCC1=O,CN1CCCC1=O,CN1CCCC1=O,CN1CCCC1=O,22.0,64800.0,6.0
CN[C@@H]1C[C@H]2O[C@@](C)([C@@H]1OC)n1c3ccccc3c3c4c(c5c6ccccc6n2c5c31)C(=O)NC4,O=Cc1nc2ccccc2s1,CC(=O)O,CC(C)[O-].CC(C)[O-].CC(C)[O-].CC(C)[O-].[Ti+4],CC(=O)O[BH-](OC(C)=O)OC(C)=O.[Na+],,CN1CCCC1=O,CN1CCCC1=O,CN1CCCC1=O,CN1CCCC1=O,CN1CCCC1=O,CN1CCCC1=O,CN1CCCC1=O,22.0,64800.0,77.0
CN[C@@H]1C[C@H]2O[C@@](C)([C@@H]1OC)n1c3ccccc3c3c4c(c5c6ccccc6n2c5c31)C(=O)NC4,O=C1CCN(C(=O)OCc2ccccc2)CC1,CC(=O)O,CC(C)[O-].CC(C)[O-].CC(C)[O-].CC(C)[O-].[Ti+4],CC(=O)O[BH-](OC(C)=O)OC(C)=O.[Na+],,CC(=O)N(C)C,CC(=O)N(C)C,CC(=O)N(C)C,CC(=O)N(C)C,CC(=O)N(C)C,CC(=O)N(C)C,CC(=O)N(C)C,22.0,64800.0,2.0
CN[C@@H]1C[C@H]2O[C@@](C)([C@@H]1OC)n1c3ccccc3c3c4c(c5c6ccccc6n2c5c31)C(=O)NC4,CN(C)c1ccc(C=O)c(F)c1C#N,CC(=O)O,CC(C)[O-].CC(C)[O-].CC(C)[O-].CC(C)[O-].[Ti+4],CC(=O)O[BH-](OC(C)=O)OC(C)=O.[Na+],,CN1CCCC1=O,CN1CCCC1=O,CN1CCCC1=O,CN1CCCC1=O,CN1CCCC1=O,CN1CCCC1=O,CN1CCCC1=O,22.0,64800.0,96.0
CN[C@@H]1C[C@H]2O[C@@](C)([C@@H]1OC)n1c3ccccc3c3c4c(c5c6ccccc6n2c5c31)C(=O)NC4,O=CCCN1C(=O)c2ccccc2C1=O,CC(=O)O,CC(C)[O-].CC(C)[O-].CC(C)[O-].CC(C)[O-].[Ti+4],CC(=O)O[BH-](OC(C)=O)OC(C)=O.[Na+],,CN1CCCC1=O,CN1CCCC1=O,CN1CCCC1=O,CN1CCCC1=O,CN1CCCC1=O,CN1CCCC1=O,CN1CCCC1=O,22.0,64800.0,83.0
CN[C@@H]1C[C@H]2O[C@@](C)([C@@H]1OC)n1c3ccccc3c3c4c(c5c6ccccc6n2c5c31)C(=O)NC4,CC(=O)Nc1ccc(C=O)cc1,CC(=O)O,CC(C)[O-].CC(C)[O-].CC(C)[O-].CC(C)[O-].[Ti+4],CC(=O)O[BH-](OC(C)=O)OC(C)=O.[Na+],,CC(=O)N(C)C,CC(=O)N(C)C,CC(=O)N(C)C,CC(=O)N(C)C,CC(=O)N(C)C,CC(=O)N(C)C,CC(=O)N(C)C,22.0,64800.0,74.0
CN[C@@H]1C[C@H]2O[C@@](C)([C@@H]1OC)n1c3ccccc3c3c4c(c5c6ccccc6n2c5c31)C(=O)NC4,O=CC1CCN(C(=O)OCc2ccccc2)CC1,CC(=O)O,CC(C)[O-].CC(C)[O-].CC(C)[O-].CC(C)[O-].[Ti+4],CC(=O)O[BH-](OC(C)=O)OC(C)=O.[Na+],,CN1CCCC1=O,CN1CCCC1=O,CN1CCCC1=O,CN1CCCC1=O,CN1CCCC1=O,CN1CCCC1=O,CN1CCCC1=O,22.0,64800.0,24.0
CN[C@@H]1C[C@H]2O[C@@](C)([C@@H]1OC)n1c3ccccc3c3c4c(c5c6ccccc6n2c5c31)C(=O)NC4,O=C1CCC(n2cccn2)C1,CC(=O)O,CC(C)[O-].CC(C)[O-].CC(C)[O-].CC(C)[O-].[Ti+4],CC(=O)O[BH-](OC(C)=O)OC(C)=O.[Na+],,CN1CCCC1=O,CN1CCCC1=O,CN1CCCC1=O,CN1CCCC1=O,CN1CCCC1=O,CN1CCCC1=O,CN1CCCC1=O,22.0,64800.0,0.0
CN[C@@H]1C[C@H]2O[C@@](C)([C@@H]1OC)n1c3ccccc3c3c4c(c5c6ccccc6n2c5c31)C(=O)NC4,Cc1nc2scnn2c1C=O,CC(=O)O,CC(C)[O-].CC(C)[O-].CC(C)[O-].CC(C)[O-].[Ti+4],CC(=O)O[BH-](OC(C)=O)OC(C)=O.[Na+],,CN1CCCC1=O,CN1CCCC1=O,CN1CCCC1=O,CN1CCCC1=O,CN1CCCC1=O,CN1CCCC1=O,CN1CCCC1=O,22.0,64800.0,79.0
CN[C@@H]1C[C@H]2O[C@@](C)([C@@H]1OC)n1c3ccccc3c3c4c(c5c6ccccc6n2c5c31)C(=O)NC4,O=Cc1cn(-c2ncccn2)cn1,CC(=O)O,CC(C)[O-].CC(C)[O-].CC(C)[O-].CC(C)[O-].[Ti+4],CC(=O)O[BH-](OC(C)=O)OC(C)=O.[Na+],,CN1CCCC1=O,CN1CCCC1=O,CN1CCCC1=O,CN1CCCC1=O,CN1CCCC1=O,CN1CCCC1=O,CN1CCCC1=O,22.0,64800.0,37.0
CN[C@@H]1C[C@H]2O[C@@](C)([C@@H]1OC)n1c3ccccc3c3c4c(c5c6ccccc6n2c5c31)C(=O)NC4,CC(=O)c1cc(C)cc(C)c1,CC(=O)O,CC(C)[O-].CC(C)[O-].CC(C)[O-].CC(C)[O-].[Ti+4],CC(=O)O[BH-](OC(C)=O)OC(C)=O.[Na+],,CC(=O)N(C)C,CC(=O)N(C)C,CC(=O)N(C)C,CC(=O)N(C)C,CC(=O)N(C)C,CC(=O)N(C)C,CC(=O)N(C)C,22.0,64800.0,0.0
CN[C@@H]1C[C@H]2O[C@@](C)([C@@H]1OC)n1c3ccccc3c3c4c(c5c6ccccc6n2c5c31)C(=O)NC4,O=CCCCCO,CC(=O)O,CC(C)[O-].CC(C)[O-].CC(C)[O-].CC(C)[O-].[Ti+4],CC(=O)O[BH-](OC(C)=O)OC(C)=O.[Na+],,CN1CCCC1=O,CN1CCCC1=O,CN1CCCC1=O,CN1CCCC1=O,CN1CCCC1=O,CN1CCCC1=O,CN1CCCC1=O,22.0,64800.0,68.0
CN[C@@H]1C[C@H]2O[C@@](C)([C@@H]1OC)n1c3ccccc3c3c4c(c5c6ccccc6n2c5c31)C(=O)NC4,O=C1CCC(n2cccn2)C1,CC(=O)O,CC(C)[O-].CC(C)[O-].CC(C)[O-].CC(C)[O-].[Ti+4],CC(=O)O[BH-](OC(C)=O)OC(C)=O.[Na+],,CN1CCCC1=O,CN1CCCC1=O,CN1CCCC1=O,CN1CCCC1=O,CN1CCCC1=O,CN1CCCC1=O,CN1CCCC1=O,22.0,64800.0,3.0
CN[C@@H]1C[C@H]2O[C@@](C)([C@@H]1OC)n1c3ccccc3c3c4c(c5c6ccccc6n2c5c31)C(=O)NC4,O=C1CCN(c2ccc(F)c(F)c2)CC1,CC(=O)O,CC(C)[O-].CC(C)[O-].CC(C)[O-].CC(C)[O-].[Ti+4],CC(=O)O[BH-](OC(C)=O)OC(C)=O.[Na+],,CC(=O)N(C)C,CC(=O)N(C)C,CC(=O)N(C)C,CC(=O)N(C)C,CC(=O)N(C)C,CC(=O)N(C)C,CC(=O)N(C)C,22.0,64800.0,48.0
CN[C@@H]1C[C@H]2O[C@@](C)([C@@H]1OC)n1c3ccccc3c3c4c(c5c6ccccc6n2c5c31)C(=O)NC4,O=Cc1c(Cl)cnc2[nH]ccc12,CC(=O)O,CC(C)[O-].CC(C)[O-].CC(C)[O-].CC(C)[O-].[Ti+4],CC(=O)O[BH-](OC(C)=O)OC(C)=O.[Na+],,CN1CCCC1=O,CN1CCCC1=O,CN1CCCC1=O,CN1CCCC1=O,CN1CCCC1=O,CN1CCCC1=O,CN1CCCC1=O,22.0,64800.0,81.0
CN[C@@H]1C[C@H]2O[C@@](C)([C@@H]1OC)n1c3ccccc3c3c4c(c5c6ccccc6n2c5c31)C(=O)NC4,O=CCCC(F)(F)F,CC(=O)O,CC(C)[O-].CC(C)[O-].CC(C)[O-].CC(C)[O-].[Ti+4],CC(=O)O[BH-](OC(C)=O)OC(C)=O.[Na+],,CN1CCCC1=O,CN1CCCC1=O,CN1CCCC1=O,CN1CCCC1=O,CN1CCCC1=O,CN1CCCC1=O,CN1CCCC1=O,22.0,64800.0,74.0
CN[C@@H]1C[C@H]2O[C@@](C)([C@@H]1OC)n1c3ccccc3c3c4c(c5c6ccccc6n2c5c31)C(=O)NC4,Cc1nn(C)c(C)c1C=O,CC(=O)O,CC(C)[O-].CC(C)[O-].CC(C)[O-].CC(C)[O-].[Ti+4],CC(=O)O[BH-](OC(C)=O)OC(C)=O.[Na+],,CN1CCCC1=O,CN1CCCC1=O,CN1CCCC1=O,CN1CCCC1=O,CN1CCCC1=O,CN1CCCC1=O,CN1CCCC1=O,22.0,64800.0,55.0
CN[C@@H]1C[C@H]2O[C@@](C)([C@@H]1OC)n1c3ccccc3c3c4c(c5c6ccccc6n2c5c31)C(=O)NC4,O=CC1CCN(Cc2ccccc2)CC1,CC(=O)O,CC(C)[O-].CC(C)[O-].CC(C)[O-].CC(C)[O-].[Ti+4],CC(=O)O[BH-](OC(C)=O)OC(C)=O.[Na+],,CN1CCCC1=O,CN1CCCC1=O,CN1CCCC1=O,CN1CCCC1=O,CN1CCCC1=O,CN1CCCC1=O,CN1CCCC1=O,22.0,64800.0,28.0
CN[C@@H]1C[C@H]2O[C@@](C)([C@@H]1OC)n1c3ccccc3c3c4c(c5c6ccccc6n2c5c31)C(=O)NC4,CC(=O)/C=C/c1ccccc1,CC(=O)O,CC(C)[O-].CC(C)[O-].CC(C)[O-].CC(C)[O-].[Ti+4],CC(=O)O[BH-](OC(C)=O)OC(C)=O.[Na+],,CN1CCCC1=O,CN1CCCC1=O,CN1CCCC1=O,CN1CCCC1=O,CN1CCCC1=O,CN1CCCC1=O,CN1CCCC1=O,22.0,64800.0,1.0
CN[C@@H]1C[C@H]2O[C@@](C)([C@@H]1OC)n1c3ccccc3c3c4c(c5c6ccccc6n2c5c31)C(=O)NC4,COc1cc(/C=C/C=O)ccc1O,CC(=O)O,CC(C)[O-].CC(C)[O-].CC(C)[O-].CC(C)[O-].[Ti+4],CC(=O)O[BH-](OC(C)=O)OC(C)=O.[Na+],,CN1CCCC1=O,CN1CCCC1=O,CN1CCCC1=O,CN1CCCC1=O,CN1CCCC1=O,CN1CCCC1=O,CN1CCCC1=O,22.0,64800.0,6.0
CN[C@@H]1C[C@H]2O[C@@](C)([C@@H]1OC)n1c3ccccc3c3c4c(c5c6ccccc6n2c5c31)C(=O)NC4,O=CC=Cc1ccccc1,CC(=O)O,CC(C)[O-].CC(C)[O-].CC(C)[O-].CC(C)[O-].[Ti+4],CC(=O)O[BH-](OC(C)=O)OC(C)=O.[Na+],,CN1CCCC1=O,CN1CCCC1=O,CN1CCCC1=O,CN1CCCC1=O,CN1CCCC1=O,CN1CCCC1=O,CN1CCCC1=O,22.0,64800.0,29.0
CN[C@@H]1C[C@H]2O[C@@](C)([C@@H]1OC)n1c3ccccc3c3c4c(c5c6ccccc6n2c5c31)C(=O)NC4,CC(=O)c1cc(C(F)(F)F)cc(C(F)(F)F)c1,CC(=O)O,CC(C)[O-].CC(C)[O-].CC(C)[O-].CC(C)[O-].[Ti+4],CC(=O)O[BH-](OC(C)=O)OC(C)=O.[Na+],,CC(=O)N(C)C,CC(=O)N(C)C,CC(=O)N(C)C,CC(=O)N(C)C,CC(=O)N(C)C,CC(=O)N(C)C,CC(=O)N(C)C,22.0,64800.0,0.0
CN[C@@H]1C[C@H]2O[C@@](C)([C@@H]1OC)n1c3ccccc3c3c4c(c5c6ccccc6n2c5c31)C(=O)NC4,CC(C)=CCCC(C)CC=O,CC(=O)O,CC(C)[O-].CC(C)[O-].CC(C)[O-].CC(C)[O-].[Ti+4],CC(=O)O[BH-](OC(C)=O)OC(C)=O.[Na+],,CN1CCCC1=O,CN1CCCC1=O,CN1CCCC1=O,CN1CCCC1=O,CN1CCCC1=O,CN1CCCC1=O,CN1CCCC1=O,22.0,64800.0,51.0
CN[C@@H]1C[C@H]2O[C@@](C)([C@@H]1OC)n1c3ccccc3c3c4c(c5c6ccccc6n2c5c31)C(=O)NC4,O=C1CCN(c2ccc(F)c(F)c2)CC1,CC(=O)O,CC(C)[O-].CC(C)[O-].CC(C)[O-].CC(C)[O-].[Ti+4],CC(=O)O[BH-](OC(C)=O)OC(C)=O.[Na+],,CC(=O)N(C)C,CC(=O)N(C)C,CC(=O)N(C)C,CC(=O)N(C)C,CC(=O)N(C)C,CC(=O)N(C)C,CC(=O)N(C)C,22.0,64800.0,2.0
CN[C@@H]1C[C@H]2O[C@@](C)([C@@H]1OC)n1c3ccccc3c3c4c(c5c6ccccc6n2c5c31)C(=O)NC4,CC(=O)Nc1ccc(C=O)cc1,CC(=O)O,CC(C)[O-].CC(C)[O-].CC(C)[O-].CC(C)[O-].[Ti+4],CC(=O)O[BH-](OC(C)=O)OC(C)=O.[Na+],,CN1CCCC1=O,CN1CCCC1=O,CN1CCCC1=O,CN1CCCC1=O,CN1CCCC1=O,CN1CCCC1=O,CN1CCCC1=O,22.0,64800.0,59.0
CN[C@@H]1C[C@H]2O[C@@](C)([C@@H]1OC)n1c3ccccc3c3c4c(c5c6ccccc6n2c5c31)C(=O)NC4,Cc1noc(C)c1C=O,CC(=O)O,CC(C)[O-].CC(C)[O-].CC(C)[O-].CC(C)[O-].[Ti+4],CC(=O)O[BH-](OC(C)=O)OC(C)=O.[Na+],,CN1CCCC1=O,CN1CCCC1=O,CN1CCCC1=O,CN1CCCC1=O,CN1CCCC1=O,CN1CCCC1=O,CN1CCCC1=O,22.0,64800.0,73.0
CN[C@@H]1C[C@H]2O[C@@](C)([C@@H]1OC)n1c3ccccc3c3c4c(c5c6ccccc6n2c5c31)C(=O)NC4,CC(=O)Nc1ccc(C=O)cc1,CC(=O)O,CC(C)[O-].CC(C)[O-].CC(C)[O-].CC(C)[O-].[Ti+4],CC(=O)O[BH-](OC(C)=O)OC(C)=O.[Na+],,CC(=O)N(C)C,CC(=O)N(C)C,CC(=O)N(C)C,CC(=O)N(C)C,CC(=O)N(C)C,CC(=O)N(C)C,CC(=O)N(C)C,22.0,64800.0,75.0
CN[C@@H]1C[C@H]2O[C@@](C)([C@@H]1OC)n1c3ccccc3c3c4c(c5c6ccccc6n2c5c31)C(=O)NC4,O=C1CCN(C(=O)OCc2ccccc2)CC1,CC(=O)O,CC(C)[O-].CC(C)[O-].CC(C)[O-].CC(C)[O-].[Ti+4],CC(=O)O[BH-](OC(C)=O)OC(C)=O.[Na+],,CN1CCCC1=O,CN1CCCC1=O,CN1CCCC1=O,CN1CCCC1=O,CN1CCCC1=O,CN1CCCC1=O,CN1CCCC1=O,22.0,64800.0,1.0
CN[C@@H]1C[C@H]2O[C@@](C)([C@@H]1OC)n1c3ccccc3c3c4c(c5c6ccccc6n2c5c31)C(=O)NC4,O=CCCc1ccccc1,CC(=O)O,CC(C)[O-].CC(C)[O-].CC(C)[O-].CC(C)[O-].[Ti+4],CC(=O)O[BH-](OC(C)=O)OC(C)=O.[Na+],,CC(=O)N(C)C,CC(=O)N(C)C,CC(=O)N(C)C,CC(=O)N(C)C,CC(=O)N(C)C,CC(=O)N(C)C,CC(=O)N(C)C,22.0,64800.0,18.0
CN[C@@H]1C[C@H]2O[C@@](C)([C@@H]1OC)n1c3ccccc3c3c4c(c5c6ccccc6n2c5c31)C(=O)NC4,O=CC=Cc1ccccc1,CC(=O)O,CC(C)[O-].CC(C)[O-].CC(C)[O-].CC(C)[O-].[Ti+4],CC(=O)O[BH-](OC(C)=O)OC(C)=O.[Na+],,CN1CCCC1=O,CN1CCCC1=O,CN1CCCC1=O,CN1CCCC1=O,CN1CCCC1=O,CN1CCCC1=O,CN1CCCC1=O,22.0,64800.0,21.0
CN[C@@H]1C[C@H]2O[C@@](C)([C@@H]1OC)n1c3ccccc3c3c4c(c5c6ccccc6n2c5c31)C(=O)NC4,CN1CCOc2cc(C=O)ccc21,CC(=O)O,CC(C)[O-].CC(C)[O-].CC(C)[O-].CC(C)[O-].[Ti+4],CC(=O)O[BH-](OC(C)=O)OC(C)=O.[Na+],,CN1CCCC1=O,CN1CCCC1=O,CN1CCCC1=O,CN1CCCC1=O,CN1CCCC1=O,CN1CCCC1=O,CN1CCCC1=O,22.0,64800.0,74.0
CN[C@@H]1C[C@H]2O[C@@](C)([C@@H]1OC)n1c3ccccc3c3c4c(c5c6ccccc6n2c5c31)C(=O)NC4,CN(C)c1ccc(C=O)c(F)c1C#N,CC(=O)O,CC(C)[O-].CC(C)[O-].CC(C)[O-].CC(C)[O-].[Ti+4],CC(=O)O[BH-](OC(C)=O)OC(C)=O.[Na+],,CN1CCCC1=O,CN1CCCC1=O,CN1CCCC1=O,CN1CCCC1=O,CN1CCCC1=O,CN1CCCC1=O,CN1CCCC1=O,22.0,64800.0,44.0
CN[C@@H]1C[C@H]2O[C@@](C)([C@@H]1OC)n1c3ccccc3c3c4c(c5c6ccccc6n2c5c31)C(=O)NC4,N#Cc1ccc(C=O)cc1Br,CC(=O)O,CC(C)[O-].CC(C)[O-].CC(C)[O-].CC(C)[O-].[Ti+4],CC(=O)O[BH-](OC(C)=O)OC(C)=O.[Na+],,CN1CCCC1=O,CN1CCCC1=O,CN1CCCC1=O,CN1CCCC1=O,CN1CCCC1=O,CN1CCCC1=O,CN1CCCC1=O,22.0,64800.0,70.0
CN[C@@H]1C[C@H]2O[C@@](C)([C@@H]1OC)n1c3ccccc3c3c4c(c5c6ccccc6n2c5c31)C(=O)NC4,Cc1nc(C=O)n(C)c1C,CC(=O)O,CC(C)[O-].CC(C)[O-].CC(C)[O-].CC(C)[O-].[Ti+4],CC(=O)O[BH-](OC(C)=O)OC(C)=O.[Na+],,CN1CCCC1=O,CN1CCCC1=O,CN1CCCC1=O,CN1CCCC1=O,CN1CCCC1=O,CN1CCCC1=O,CN1CCCC1=O,22.0,64800.0,25.0
CN[C@@H]1C[C@H]2O[C@@](C)([C@@H]1OC)n1c3ccccc3c3c4c(c5c6ccccc6n2c5c31)C(=O)NC4,O=Cc1nc2ccccc2s1,CC(=O)O,CC(C)[O-].CC(C)[O-].CC(C)[O-].CC(C)[O-].[Ti+4],CC(=O)O[BH-](OC(C)=O)OC(C)=O.[Na+],,CN1CCCC1=O,CN1CCCC1=O,CN1CCCC1=O,CN1CCCC1=O,CN1CCCC1=O,CN1CCCC1=O,CN1CCCC1=O,22.0,64800.0,8.0
CN[C@@H]1C[C@H]2O[C@@](C)([C@@H]1OC)n1c3ccccc3c3c4c(c5c6ccccc6n2c5c31)C(=O)NC4,CN(CC(=O)O)c1ncc(C=O)cn1,CC(=O)O,CC(C)[O-].CC(C)[O-].CC(C)[O-].CC(C)[O-].[Ti+4],CC(=O)O[BH-](OC(C)=O)OC(C)=O.[Na+],,CN1CCCC1=O,CN1CCCC1=O,CN1CCCC1=O,CN1CCCC1=O,CN1CCCC1=O,CN1CCCC1=O,CN1CCCC1=O,22.0,64800.0,97.0
CN[C@@H]1C[C@H]2O[C@@](C)([C@@H]1OC)n1c3ccccc3c3c4c(c5c6ccccc6n2c5c31)C(=O)NC4,O=C1CCN(C(=O)OCc2ccccc2)CC1,CC(=O)O,CC(C)[O-].CC(C)[O-].CC(C)[O-].CC(C)[O-].[Ti+4],CC(=O)O[BH-](OC(C)=O)OC(C)=O.[Na+],,CN1CCCC1=O,CN1CCCC1=O,CN1CCCC1=O,CN1CCCC1=O,CN1CCCC1=O,CN1CCCC1=O,CN1CCCC1=O,22.0,64800.0,29.0
CN[C@@H]1C[C@H]2O[C@@](C)([C@@H]1OC)n1c3ccccc3c3c4c(c5c6ccccc6n2c5c31)C(=O)NC4,O=C1CCC(n2cccn2)C1,CC(=O)O,CC(C)[O-].CC(C)[O-].CC(C)[O-].CC(C)[O-].[Ti+4],CC(=O)O[BH-](OC(C)=O)OC(C)=O.[Na+],,CN1CCCC1=O,CN1CCCC1=O,CN1CCCC1=O,CN1CCCC1=O,CN1CCCC1=O,CN1CCCC1=O,CN1CCCC1=O,22.0,64800.0,8.0
CN[C@@H]1C[C@H]2O[C@@](C)([C@@H]1OC)n1c3ccccc3c3c4c(c5c6ccccc6n2c5c31)C(=O)NC4,CCCn1nccc1C=O,CC(=O)O,CC(C)[O-].CC(C)[O-].CC(C)[O-].CC(C)[O-].[Ti+4],CC(=O)O[BH-](OC(C)=O)OC(C)=O.[Na+],,CN1CCCC1=O,CN1CCCC1=O,CN1CCCC1=O,CN1CCCC1=O,CN1CCCC1=O,CN1CCCC1=O,CN1CCCC1=O,22.0,64800.0,85.0
CN[C@@H]1C[C@H]2O[C@@](C)([C@@H]1OC)n1c3ccccc3c3c4c(c5c6ccccc6n2c5c31)C(=O)NC4,O=CC1CCN(C(=O)OCc2ccccc2)CC1,CC(=O)O,CC(C)[O-].CC(C)[O-].CC(C)[O-].CC(C)[O-].[Ti+4],CC(=O)O[BH-](OC(C)=O)OC(C)=O.[Na+],,CC(=O)N(C)C,CC(=O)N(C)C,CC(=O)N(C)C,CC(=O)N(C)C,CC(=O)N(C)C,CC(=O)N(C)C,CC(=O)N(C)C,22.0,64800.0,1.0
CN[C@@H]1C[C@H]2O[C@@](C)([C@@H]1OC)n1c3ccccc3c3c4c(c5c6ccccc6n2c5c31)C(=O)NC4,CC(C)=CCCC(C)CC=O,CC(=O)O,CC(C)[O-].CC(C)[O-].CC(C)[O-].CC(C)[O-].[Ti+4],CC(=O)O[BH-](OC(C)=O)OC(C)=O.[Na+],,CN1CCCC1=O,CN1CCCC1=O,CN1CCCC1=O,CN1CCCC1=O,CN1CCCC1=O,CN1CCCC1=O,CN1CCCC1=O,22.0,64800.0,99.0
CN[C@@H]1C[C@H]2O[C@@](C)([C@@H]1OC)n1c3ccccc3c3c4c(c5c6ccccc6n2c5c31)C(=O)NC4,Cn1c(C=O)nc2ccccc21,CC(=O)O,CC(C)[O-].CC(C)[O-].CC(C)[O-].CC(C)[O-].[Ti+4],CC(=O)O[BH-](OC(C)=O)OC(C)=O.[Na+],,CN1CCCC1=O,CN1CCCC1=O,CN1CCCC1=O,CN1CCCC1=O,CN1CCCC1=O,CN1CCCC1=O,CN1CCCC1=O,22.0,64800.0,100.0
CN[C@@H]1C[C@H]2O[C@@](C)([C@@H]1OC)n1c3ccccc3c3c4c(c5c6ccccc6n2c5c31)C(=O)NC4,O=Cc1c[nH]c(-c2ccccc2)n1,CC(=O)O,CC(C)[O-].CC(C)[O-].CC(C)[O-].CC(C)[O-].[Ti+4],CC(=O)O[BH-](OC(C)=O)OC(C)=O.[Na+],,CN1CCCC1=O,CN1CCCC1=O,CN1CCCC1=O,CN1CCCC1=O,CN1CCCC1=O,CN1CCCC1=O,CN1CCCC1=O,22.0,64800.0,96.0
CN[C@@H]1C[C@H]2O[C@@](C)([C@@H]1OC)n1c3ccccc3c3c4c(c5c6ccccc6n2c5c31)C(=O)NC4,CC(=O)c1cc(C)cc(C)c1,CC(=O)O,CC(C)[O-].CC(C)[O-].CC(C)[O-].CC(C)[O-].[Ti+4],CC(=O)O[BH-](OC(C)=O)OC(C)=O.[Na+],,CC(=O)N(C)C,CC(=O)N(C)C,CC(=O)N(C)C,CC(=O)N(C)C,CC(=O)N(C)C,CC(=O)N(C)C,CC(=O)N(C)C,22.0,64800.0,0.0
CN[C@@H]1C[C@H]2O[C@@](C)([C@@H]1OC)n1c3ccccc3c3c4c(c5c6ccccc6n2c5c31)C(=O)NC4,O=C1CCN(c2ccc(F)c(F)c2)CC1,CC(=O)O,CC(C)[O-].CC(C)[O-].CC(C)[O-].CC(C)[O-].[Ti+4],CC(=O)O[BH-](OC(C)=O)OC(C)=O.[Na+],,CC(=O)N(C)C,CC(=O)N(C)C,CC(=O)N(C)C,CC(=O)N(C)C,CC(=O)N(C)C,CC(=O)N(C)C,CC(=O)N(C)C,22.0,64800.0,16.0
CN[C@@H]1C[C@H]2O[C@@](C)([C@@H]1OC)n1c3ccccc3c3c4c(c5c6ccccc6n2c5c31)C(=O)NC4,CC(=O)/C=C/c1ccccc1,CC(=O)O,CC(C)[O-].CC(C)[O-].CC(C)[O-].CC(C)[O-].[Ti+4],CC(=O)O[BH-](OC(C)=O)OC(C)=O.[Na+],,CN1CCCC1=O,CN1CCCC1=O,CN1CCCC1=O,CN1CCCC1=O,CN1CCCC1=O,CN1CCCC1=O,CN1CCCC1=O,22.0,64800.0,0.0
CN[C@@H]1C[C@H]2O[C@@](C)([C@@H]1OC)n1c3ccccc3c3c4c(c5c6ccccc6n2c5c31)C(=O)NC4,N#CCC1CCC(=O)C1,CC(=O)O,CC(C)[O-].CC(C)[O-].CC(C)[O-].CC(C)[O-].[Ti+4],CC(=O)O[BH-](OC(C)=O)OC(C)=O.[Na+],,CC(=O)N(C)C,CC(=O)N(C)C,CC(=O)N(C)C,CC(=O)N(C)C,CC(=O)N(C)C,CC(=O)N(C)C,CC(=O)N(C)C,22.0,64800.0,10.0
CN[C@@H]1C[C@H]2O[C@@](C)([C@@H]1OC)n1c3ccccc3c3c4c(c5c6ccccc6n2c5c31)C(=O)NC4,O=Cc1ccc(-c2nn[nH]n2)cc1,CC(=O)O,CC(C)[O-].CC(C)[O-].CC(C)[O-].CC(C)[O-].[Ti+4],CC(=O)O[BH-](OC(C)=O)OC(C)=O.[Na+],,CN1CCCC1=O,CN1CCCC1=O,CN1CCCC1=O,CN1CCCC1=O,CN1CCCC1=O,CN1CCCC1=O,CN1CCCC1=O,22.0,64800.0,95.0
CN[C@@H]1C[C@H]2O[C@@](C)([C@@H]1OC)n1c3ccccc3c3c4c(c5c6ccccc6n2c5c31)C(=O)NC4,CC(C)=CCCC(C)CC=O,CC(=O)O,CC(C)[O-].CC(C)[O-].CC(C)[O-].CC(C)[O-].[Ti+4],CC(=O)O[BH-](OC(C)=O)OC(C)=O.[Na+],,CN1CCCC1=O,CN1CCCC1=O,CN1CCCC1=O,CN1CCCC1=O,CN1CCCC1=O,CN1CCCC1=O,CN1CCCC1=O,22.0,64800.0,35.0
CN[C@@H]1C[C@H]2O[C@@](C)([C@@H]1OC)n1c3ccccc3c3c4c(c5c6ccccc6n2c5c31)C(=O)NC4,CC(=O)c1cc(C)cc(C)c1,CC(=O)O,CC(C)[O-].CC(C)[O-].CC(C)[O-].CC(C)[O-].[Ti+4],CC(=O)O[BH-](OC(C)=O)OC(C)=O.[Na+],,CC(=O)N(C)C,CC(=O)N(C)C,CC(=O)N(C)C,CC(=O)N(C)C,CC(=O)N(C)C,CC(=O)N(C)C,CC(=O)N(C)C,22.0,64800.0,0.0
CN[C@@H]1C[C@H]2O[C@@](C)([C@@H]1OC)n1c3ccccc3c3c4c(c5c6ccccc6n2c5c31)C(=O)NC4,N#CCC1CCC(=O)C1,CC(=O)O,CC(C)[O-].CC(C)[O-].CC(C)[O-].CC(C)[O-].[Ti+4],CC(=O)O[BH-](OC(C)=O)OC(C)=O.[Na+],,CC(=O)N(C)C,CC(=O)N(C)C,CC(=O)N(C)C,CC(=O)N(C)C,CC(=O)N(C)C,CC(=O)N(C)C,CC(=O)N(C)C,22.0,64800.0,0.0
CN[C@@H]1C[C@H]2O[C@@](C)([C@@H]1OC)n1c3ccccc3c3c4c(c5c6ccccc6n2c5c31)C(=O)NC4,O=CCCc1ccccc1,CC(=O)O,CC(C)[O-].CC(C)[O-].CC(C)[O-].CC(C)[O-].[Ti+4],CC(=O)O[BH-](OC(C)=O)OC(C)=O.[Na+],,CN1CCCC1=O,CN1CCCC1=O,CN1CCCC1=O,CN1CCCC1=O,CN1CCCC1=O,CN1CCCC1=O,CN1CCCC1=O,22.0,64800.0,22.0
CN[C@@H]1C[C@H]2O[C@@](C)([C@@H]1OC)n1c3ccccc3c3c4c(c5c6ccccc6n2c5c31)C(=O)NC4,O=C1CCN(c2ccc(F)c(F)c2)CC1,CC(=O)O,CC(C)[O-].CC(C)[O-].CC(C)[O-].CC(C)[O-].[Ti+4],CC(=O)O[BH-](OC(C)=O)OC(C)=O.[Na+],,CC(=O)N(C)C,CC(=O)N(C)C,CC(=O)N(C)C,CC(=O)N(C)C,CC(=O)N(C)C,CC(=O)N(C)C,CC(=O)N(C)C,22.0,64800.0,40.0
CN[C@@H]1C[C@H]2O[C@@](C)([C@@H]1OC)n1c3ccccc3c3c4c(c5c6ccccc6n2c5c31)C(=O)NC4,CC(=O)c1cc(C(F)(F)F)cc(C(F)(F)F)c1,CC(=O)O,CC(C)[O-].CC(C)[O-].CC(C)[O-].CC(C)[O-].[Ti+4],CC(=O)O[BH-](OC(C)=O)OC(C)=O.[Na+],,CN1CCCC1=O,CN1CCCC1=O,CN1CCCC1=O,CN1CCCC1=O,CN1CCCC1=O,CN1CCCC1=O,CN1CCCC1=O,22.0,64800.0,0.0
CN[C@@H]1C[C@H]2O[C@@](C)([C@@H]1OC)n1c3ccccc3c3c4c(c5c6ccccc6n2c5c31)C(=O)NC4,O=Cc1cccc(-n2ccnn2)c1,CC(=O)O,CC(C)[O-].CC(C)[O-].CC(C)[O-].CC(C)[O-].[Ti+4],CC(=O)O[BH-](OC(C)=O)OC(C)=O.[Na+],,CN1CCCC1=O,CN1CCCC1=O,CN1CCCC1=O,CN1CCCC1=O,CN1CCCC1=O,CN1CCCC1=O,CN1CCCC1=O,22.0,64800.0,100.0
CN[C@@H]1C[C@H]2O[C@@](C)([C@@H]1OC)n1c3ccccc3c3c4c(c5c6ccccc6n2c5c31)C(=O)NC4,N#Cc1ccc(C=O)cc1Br,CC(=O)O,CC(C)[O-].CC(C)[O-].CC(C)[O-].CC(C)[O-].[Ti+4],CC(=O)O[BH-](OC(C)=O)OC(C)=O.[Na+],,CN1CCCC1=O,CN1CCCC1=O,CN1CCCC1=O,CN1CCCC1=O,CN1CCCC1=O,CN1CCCC1=O,CN1CCCC1=O,22.0,64800.0,40.0
CN[C@@H]1C[C@H]2O[C@@](C)([C@@H]1OC)n1c3ccccc3c3c4c(c5c6ccccc6n2c5c31)C(=O)NC4,CC(=O)c1cc(C)cc(C)c1,CC(=O)O,CC(C)[O-].CC(C)[O-].CC(C)[O-].CC(C)[O-].[Ti+4],CC(=O)O[BH-](OC(C)=O)OC(C)=O.[Na+],,CN1CCCC1=O,CN1CCCC1=O,CN1CCCC1=O,CN1CCCC1=O,CN1CCCC1=O,CN1CCCC1=O,CN1CCCC1=O,22.0,64800.0,0.0
CN[C@@H]1C[C@H]2O[C@@](C)([C@@H]1OC)n1c3ccccc3c3c4c(c5c6ccccc6n2c5c31)C(=O)NC4,O=CCCc1ccccc1,CC(=O)O,CC(C)[O-].CC(C)[O-].CC(C)[O-].CC(C)[O-].[Ti+4],CC(=O)O[BH-](OC(C)=O)OC(C)=O.[Na+],,CC(=O)N(C)C,CC(=O)N(C)C,CC(=O)N(C)C,CC(=O)N(C)C,CC(=O)N(C)C,CC(=O)N(C)C,CC(=O)N(C)C,22.0,64800.0,21.0
CN[C@@H]1C[C@H]2O[C@@](C)([C@@H]1OC)n1c3ccccc3c3c4c(c5c6ccccc6n2c5c31)C(=O)NC4,CC(=O)c1cc(C)cc(C)c1,CC(=O)O,CC(C)[O-].CC(C)[O-].CC(C)[O-].CC(C)[O-].[Ti+4],CC(=O)O[BH-](OC(C)=O)OC(C)=O.[Na+],,CC(=O)N(C)C,CC(=O)N(C)C,CC(=O)N(C)C,CC(=O)N(C)C,CC(=O)N(C)C,CC(=O)N(C)C,CC(=O)N(C)C,22.0,64800.0,0.0
CN[C@@H]1C[C@H]2O[C@@](C)([C@@H]1OC)n1c3ccccc3c3c4c(c5c6ccccc6n2c5c31)C(=O)NC4,N#Cc1ccc(C=O)cc1Br,CC(=O)O,CC(C)[O-].CC(C)[O-].CC(C)[O-].CC(C)[O-].[Ti+4],CC(=O)O[BH-](OC(C)=O)OC(C)=O.[Na+],,CC(=O)N(C)C,CC(=O)N(C)C,CC(=O)N(C)C,CC(=O)N(C)C,CC(=O)N(C)C,CC(=O)N(C)C,CC(=O)N(C)C,22.0,64800.0,100.0
CN[C@@H]1C[C@H]2O[C@@](C)([C@@H]1OC)n1c3ccccc3c3c4c(c5c6ccccc6n2c5c31)C(=O)NC4,N#CCC1CCC(=O)C1,CC(=O)O,CC(C)[O-].CC(C)[O-].CC(C)[O-].CC(C)[O-].[Ti+4],CC(=O)O[BH-](OC(C)=O)OC(C)=O.[Na+],,CC(=O)N(C)C,CC(=O)N(C)C,CC(=O)N(C)C,CC(=O)N(C)C,CC(=O)N(C)C,CC(=O)N(C)C,CC(=O)N(C)C,22.0,64800.0,2.0
CN[C@@H]1C[C@H]2O[C@@](C)([C@@H]1OC)n1c3ccccc3c3c4c(c5c6ccccc6n2c5c31)C(=O)NC4,Cc1ccc(C=O)cc1C,CC(=O)O,CC(C)[O-].CC(C)[O-].CC(C)[O-].CC(C)[O-].[Ti+4],CC(=O)O[BH-](OC(C)=O)OC(C)=O.[Na+],,CN1CCCC1=O,CN1CCCC1=O,CN1CCCC1=O,CN1CCCC1=O,CN1CCCC1=O,CN1CCCC1=O,CN1CCCC1=O,22.0,64800.0,32.0
CN[C@@H]1C[C@H]2O[C@@](C)([C@@H]1OC)n1c3ccccc3c3c4c(c5c6ccccc6n2c5c31)C(=O)NC4,N#Cc1ccc(C=O)cc1Br,CC(=O)O,CC(C)[O-].CC(C)[O-].CC(C)[O-].CC(C)[O-].[Ti+4],CC(=O)O[BH-](OC(C)=O)OC(C)=O.[Na+],,CN1CCCC1=O,CN1CCCC1=O,CN1CCCC1=O,CN1CCCC1=O,CN1CCCC1=O,CN1CCCC1=O,CN1CCCC1=O,22.0,64800.0,25.0
CN[C@@H]1C[C@H]2O[C@@](C)([C@@H]1OC)n1c3ccccc3c3c4c(c5c6ccccc6n2c5c31)C(=O)NC4,N#CCC1CCC(=O)C1,CC(=O)O,CC(C)[O-].CC(C)[O-].CC(C)[O-].CC(C)[O-].[Ti+4],CC(=O)O[BH-](OC(C)=O)OC(C)=O.[Na+],,CC(=O)N(C)C,CC(=O)N(C)C,CC(=O)N(C)C,CC(=O)N(C)C,CC(=O)N(C)C,CC(=O)N(C)C,CC(=O)N(C)C,22.0,64800.0,1.0
CN[C@@H]1C[C@H]2O[C@@](C)([C@@H]1OC)n1c3ccccc3c3c4c(c5c6ccccc6n2c5c31)C(=O)NC4,CC(=O)c1cc(C(F)(F)F)cc(C(F)(F)F)c1,CC(=O)O,CC(C)[O-].CC(C)[O-].CC(C)[O-].CC(C)[O-].[Ti+4],CC(=O)O[BH-](OC(C)=O)OC(C)=O.[Na+],,CC(=O)N(C)C,CC(=O)N(C)C,CC(=O)N(C)C,CC(=O)N(C)C,CC(=O)N(C)C,CC(=O)N(C)C,CC(=O)N(C)C,22.0,64800.0,0.0
CN[C@@H]1C[C@H]2O[C@@](C)([C@@H]1OC)n1c3ccccc3c3c4c(c5c6ccccc6n2c5c31)C(=O)NC4,CC(=O)c1cc(C)cc(C)c1,CC(=O)O,CC(C)[O-].CC(C)[O-].CC(C)[O-].CC(C)[O-].[Ti+4],CC(=O)O[BH-](OC(C)=O)OC(C)=O.[Na+],,CN1CCCC1=O,CN1CCCC1=O,CN1CCCC1=O,CN1CCCC1=O,CN1CCCC1=O,CN1CCCC1=O,CN1CCCC1=O,22.0,64800.0,0.0
CN[C@@H]1C[C@H]2O[C@@](C)([C@@H]1OC)n1c3ccccc3c3c4c(c5c6ccccc6n2c5c31)C(=O)NC4,O=Cc1nc2ccccc2s1,CC(=O)O,CC(C)[O-].CC(C)[O-].CC(C)[O-].CC(C)[O-].[Ti+4],CC(=O)O[BH-](OC(C)=O)OC(C)=O.[Na+],,CN1CCCC1=O,CN1CCCC1=O,CN1CCCC1=O,CN1CCCC1=O,CN1CCCC1=O,CN1CCCC1=O,CN1CCCC1=O,22.0,64800.0,81.0
CN[C@@H]1C[C@H]2O[C@@](C)([C@@H]1OC)n1c3ccccc3c3c4c(c5c6ccccc6n2c5c31)C(=O)NC4,Cc1ccc(C=O)cc1C,CC(=O)O,CC(C)[O-].CC(C)[O-].CC(C)[O-].CC(C)[O-].[Ti+4],CC(=O)O[BH-](OC(C)=O)OC(C)=O.[Na+],,CC(=O)N(C)C,CC(=O)N(C)C,CC(=O)N(C)C,CC(=O)N(C)C,CC(=O)N(C)C,CC(=O)N(C)C,CC(=O)N(C)C,22.0,64800.0,33.0
CN[C@@H]1C[C@H]2O[C@@](C)([C@@H]1OC)n1c3ccccc3c3c4c(c5c6ccccc6n2c5c31)C(=O)NC4,O=Cc1nc2ccccc2s1,CC(=O)O,CC(C)[O-].CC(C)[O-].CC(C)[O-].CC(C)[O-].[Ti+4],CC(=O)O[BH-](OC(C)=O)OC(C)=O.[Na+],,CC(=O)N(C)C,CC(=O)N(C)C,CC(=O)N(C)C,CC(=O)N(C)C,CC(=O)N(C)C,CC(=O)N(C)C,CC(=O)N(C)C,22.0,64800.0,7.0
CN[C@@H]1C[C@H]2O[C@@](C)([C@@H]1OC)n1c3ccccc3c3c4c(c5c6ccccc6n2c5c31)C(=O)NC4,CC(=O)Nc1ccc(C=O)cc1,CC(=O)O,CC(C)[O-].CC(C)[O-].CC(C)[O-].CC(C)[O-].[Ti+4],CC(=O)O[BH-](OC(C)=O)OC(C)=O.[Na+],,CN1CCCC1=O,CN1CCCC1=O,CN1CCCC1=O,CN1CCCC1=O,CN1CCCC1=O,CN1CCCC1=O,CN1CCCC1=O,22.0,64800.0,98.0
CN[C@@H]1C[C@H]2O[C@@](C)([C@@H]1OC)n1c3ccccc3c3c4c(c5c6ccccc6n2c5c31)C(=O)NC4,COc1ccc2cc(C=O)sc2c1,CC(=O)O,CC(C)[O-].CC(C)[O-].CC(C)[O-].CC(C)[O-].[Ti+4],CC(=O)O[BH-](OC(C)=O)OC(C)=O.[Na+],,CN1CCCC1=O,CN1CCCC1=O,CN1CCCC1=O,CN1CCCC1=O,CN1CCCC1=O,CN1CCCC1=O,CN1CCCC1=O,22.0,64800.0,89.0
CN[C@@H]1C[C@H]2O[C@@](C)([C@@H]1OC)n1c3ccccc3c3c4c(c5c6ccccc6n2c5c31)C(=O)NC4,Cc1nc(C=O)n(C)c1C,CC(=O)O,CC(C)[O-].CC(C)[O-].CC(C)[O-].CC(C)[O-].[Ti+4],CC(=O)O[BH-](OC(C)=O)OC(C)=O.[Na+],,CN1CCCC1=O,CN1CCCC1=O,CN1CCCC1=O,CN1CCCC1=O,CN1CCCC1=O,CN1CCCC1=O,CN1CCCC1=O,22.0,64800.0,52.0
CN[C@@H]1C[C@H]2O[C@@](C)([C@@H]1OC)n1c3ccccc3c3c4c(c5c6ccccc6n2c5c31)C(=O)NC4,Cc1cc(C=O)no1,CC(=O)O,CC(C)[O-].CC(C)[O-].CC(C)[O-].CC(C)[O-].[Ti+4],CC(=O)O[BH-](OC(C)=O)OC(C)=O.[Na+],,CN1CCCC1=O,CN1CCCC1=O,CN1CCCC1=O,CN1CCCC1=O,CN1CCCC1=O,CN1CCCC1=O,CN1CCCC1=O,22.0,64800.0,100.0
CN[C@@H]1C[C@H]2O[C@@](C)([C@@H]1OC)n1c3ccccc3c3c4c(c5c6ccccc6n2c5c31)C(=O)NC4,O=Cc1c[nH]nc1-c1cccnc1,CC(=O)O,CC(C)[O-].CC(C)[O-].CC(C)[O-].CC(C)[O-].[Ti+4],CC(=O)O[BH-](OC(C)=O)OC(C)=O.[Na+],,CN1CCCC1=O,CN1CCCC1=O,CN1CCCC1=O,CN1CCCC1=O,CN1CCCC1=O,CN1CCCC1=O,CN1CCCC1=O,22.0,64800.0,50.0
CN[C@@H]1C[C@H]2O[C@@](C)([C@@H]1OC)n1c3ccccc3c3c4c(c5c6ccccc6n2c5c31)C(=O)NC4,CC(=O)Nc1ccc(C=O)cc1,CC(=O)O,CC(C)[O-].CC(C)[O-].CC(C)[O-].CC(C)[O-].[Ti+4],CC(=O)O[BH-](OC(C)=O)OC(C)=O.[Na+],,CC(=O)N(C)C,CC(=O)N(C)C,CC(=O)N(C)C,CC(=O)N(C)C,CC(=O)N(C)C,CC(=O)N(C)C,CC(=O)N(C)C,22.0,64800.0,74.0
CN[C@@H]1C[C@H]2O[C@@](C)([C@@H]1OC)n1c3ccccc3c3c4c(c5c6ccccc6n2c5c31)C(=O)NC4,CC(=O)c1cc(C(F)(F)F)cc(C(F)(F)F)c1,CC(=O)O,CC(C)[O-].CC(C)[O-].CC(C)[O-].CC(C)[O-].[Ti+4],CC(=O)O[BH-](OC(C)=O)OC(C)=O.[Na+],,CC(=O)N(C)C,CC(=O)N(C)C,CC(=O)N(C)C,CC(=O)N(C)C,CC(=O)N(C)C,CC(=O)N(C)C,CC(=O)N(C)C,22.0,64800.0,0.0
CN[C@@H]1C[C@H]2O[C@@](C)([C@@H]1OC)n1c3ccccc3c3c4c(c5c6ccccc6n2c5c31)C(=O)NC4,Cc1noc(C)c1C=O,CC(=O)O,CC(C)[O-].CC(C)[O-].CC(C)[O-].CC(C)[O-].[Ti+4],CC(=O)O[BH-](OC(C)=O)OC(C)=O.[Na+],,CN1CCCC1=O,CN1CCCC1=O,CN1CCCC1=O,CN1CCCC1=O,CN1CCCC1=O,CN1CCCC1=O,CN1CCCC1=O,22.0,64800.0,60.0
CN[C@@H]1C[C@H]2O[C@@](C)([C@@H]1OC)n1c3ccccc3c3c4c(c5c6ccccc6n2c5c31)C(=O)NC4,Cc1cnc(C=O)s1,CC(=O)O,CC(C)[O-].CC(C)[O-].CC(C)[O-].CC(C)[O-].[Ti+4],CC(=O)O[BH-](OC(C)=O)OC(C)=O.[Na+],,CN1CCCC1=O,CN1CCCC1=O,CN1CCCC1=O,CN1CCCC1=O,CN1CCCC1=O,CN1CCCC1=O,CN1CCCC1=O,22.0,64800.0,83.0
CN[C@@H]1C[C@H]2O[C@@](C)([C@@H]1OC)n1c3ccccc3c3c4c(c5c6ccccc6n2c5c31)C(=O)NC4,Cc1ccc(C=O)cc1C,CC(=O)O,CC(C)[O-].CC(C)[O-].CC(C)[O-].CC(C)[O-].[Ti+4],CC(=O)O[BH-](OC(C)=O)OC(C)=O.[Na+],,CC(=O)N(C)C,CC(=O)N(C)C,CC(=O)N(C)C,CC(=O)N(C)C,CC(=O)N(C)C,CC(=O)N(C)C,CC(=O)N(C)C,22.0,64800.0,46.0
CN[C@@H]1C[C@H]2O[C@@](C)([C@@H]1OC)n1c3ccccc3c3c4c(c5c6ccccc6n2c5c31)C(=O)NC4,O=Cc1ccccc1Cn1cccn1,CC(=O)O,CC(C)[O-].CC(C)[O-].CC(C)[O-].CC(C)[O-].[Ti+4],CC(=O)O[BH-](OC(C)=O)OC(C)=O.[Na+],,CN1CCCC1=O,CN1CCCC1=O,CN1CCCC1=O,CN1CCCC1=O,CN1CCCC1=O,CN1CCCC1=O,CN1CCCC1=O,22.0,64800.0,86.0
CN[C@@H]1C[C@H]2O[C@@](C)([C@@H]1OC)n1c3ccccc3c3c4c(c5c6ccccc6n2c5c31)C(=O)NC4,CC(=O)c1cc(C)cc(C)c1,CC(=O)O,CC(C)[O-].CC(C)[O-].CC(C)[O-].CC(C)[O-].[Ti+4],CC(=O)O[BH-](OC(C)=O)OC(C)=O.[Na+],,CN1CCCC1=O,CN1CCCC1=O,CN1CCCC1=O,CN1CCCC1=O,CN1CCCC1=O,CN1CCCC1=O,CN1CCCC1=O,22.0,64800.0,0.0
CN[C@@H]1C[C@H]2O[C@@](C)([C@@H]1OC)n1c3ccccc3c3c4c(c5c6ccccc6n2c5c31)C(=O)NC4,O=Cc1nc2ccccc2s1,CC(=O)O,CC(C)[O-].CC(C)[O-].CC(C)[O-].CC(C)[O-].[Ti+4],CC(=O)O[BH-](OC(C)=O)OC(C)=O.[Na+],,CC(=O)N(C)C,CC(=O)N(C)C,CC(=O)N(C)C,CC(=O)N(C)C,CC(=O)N(C)C,CC(=O)N(C)C,CC(=O)N(C)C,22.0,64800.0,91.0
CN[C@@H]1C[C@H]2O[C@@](C)([C@@H]1OC)n1c3ccccc3c3c4c(c5c6ccccc6n2c5c31)C(=O)NC4,CC(=O)/C=C/c1ccccc1,CC(=O)O,CC(C)[O-].CC(C)[O-].CC(C)[O-].CC(C)[O-].[Ti+4],CC(=O)O[BH-](OC(C)=O)OC(C)=O.[Na+],,CN1CCCC1=O,CN1CCCC1=O,CN1CCCC1=O,CN1CCCC1=O,CN1CCCC1=O,CN1CCCC1=O,CN1CCCC1=O,22.0,64800.0,0.0
CN[C@@H]1C[C@H]2O[C@@](C)([C@@H]1OC)n1c3ccccc3c3c4c(c5c6ccccc6n2c5c31)C(=O)NC4,O=Cc1nc2ccccc2s1,CC(=O)O,CC(C)[O-].CC(C)[O-].CC(C)[O-].CC(C)[O-].[Ti+4],CC(=O)O[BH-](OC(C)=O)OC(C)=O.[Na+],,CC(=O)N(C)C,CC(=O)N(C)C,CC(=O)N(C)C,CC(=O)N(C)C,CC(=O)N(C)C,CC(=O)N(C)C,CC(=O)N(C)C,22.0,64800.0,8.0
CN[C@@H]1C[C@H]2O[C@@](C)([C@@H]1OC)n1c3ccccc3c3c4c(c5c6ccccc6n2c5c31)C(=O)NC4,O=Cc1cc2cccc3c2n(c1=O)CC3,CC(=O)O,CC(C)[O-].CC(C)[O-].CC(C)[O-].CC(C)[O-].[Ti+4],CC(=O)O[BH-](OC(C)=O)OC(C)=O.[Na+],,CN1CCCC1=O,CN1CCCC1=O,CN1CCCC1=O,CN1CCCC1=O,CN1CCCC1=O,CN1CCCC1=O,CN1CCCC1=O,22.0,64800.0,97.0
CN[C@@H]1C[C@H]2O[C@@](C)([C@@H]1OC)n1c3ccccc3c3c4c(c5c6ccccc6n2c5c31)C(=O)NC4,CC(C)Cc1cc(C=O)n[nH]1,CC(=O)O,CC(C)[O-].CC(C)[O-].CC(C)[O-].CC(C)[O-].[Ti+4],CC(=O)O[BH-](OC(C)=O)OC(C)=O.[Na+],,CN1CCCC1=O,CN1CCCC1=O,CN1CCCC1=O,CN1CCCC1=O,CN1CCCC1=O,CN1CCCC1=O,CN1CCCC1=O,22.0,64800.0,67.0
CN[C@@H]1C[C@H]2O[C@@](C)([C@@H]1OC)n1c3ccccc3c3c4c(c5c6ccccc6n2c5c31)C(=O)NC4,O=C1CCC(n2cccn2)C1,CC(=O)O,CC(C)[O-].CC(C)[O-].CC(C)[O-].CC(C)[O-].[Ti+4],CC(=O)O[BH-](OC(C)=O)OC(C)=O.[Na+],,CC(=O)N(C)C,CC(=O)N(C)C,CC(=O)N(C)C,CC(=O)N(C)C,CC(=O)N(C)C,CC(=O)N(C)C,CC(=O)N(C)C,22.0,64800.0,0.0
CN[C@@H]1C[C@H]2O[C@@](C)([C@@H]1OC)n1c3ccccc3c3c4c(c5c6ccccc6n2c5c31)C(=O)NC4,O=C1CCC(n2cccn2)C1,CC(=O)O,CC(C)[O-].CC(C)[O-].CC(C)[O-].CC(C)[O-].[Ti+4],CC(=O)O[BH-](OC(C)=O)OC(C)=O.[Na+],,CC(=O)N(C)C,CC(=O)N(C)C,CC(=O)N(C)C,CC(=O)N(C)C,CC(=O)N(C)C,CC(=O)N(C)C,CC(=O)N(C)C,22.0,64800.0,2.0
CN[C@@H]1C[C@H]2O[C@@](C)([C@@H]1OC)n1c3ccccc3c3c4c(c5c6ccccc6n2c5c31)C(=O)NC4,Cc1cnc(C=O)s1,CC(=O)O,CC(C)[O-].CC(C)[O-].CC(C)[O-].CC(C)[O-].[Ti+4],CC(=O)O[BH-](OC(C)=O)OC(C)=O.[Na+],,CN1CCCC1=O,CN1CCCC1=O,CN1CCCC1=O,CN1CCCC1=O,CN1CCCC1=O,CN1CCCC1=O,CN1CCCC1=O,22.0,64800.0,78.0
CN[C@@H]1C[C@H]2O[C@@](C)([C@@H]1OC)n1c3ccccc3c3c4c(c5c6ccccc6n2c5c31)C(=O)NC4,CCCCc1cc(Cl)c(C=O)[nH]1,CC(=O)O,CC(C)[O-].CC(C)[O-].CC(C)[O-].CC(C)[O-].[Ti+4],CC(=O)O[BH-](OC(C)=O)OC(C)=O.[Na+],,CN1CCCC1=O,CN1CCCC1=O,CN1CCCC1=O,CN1CCCC1=O,CN1CCCC1=O,CN1CCCC1=O,CN1CCCC1=O,22.0,64800.0,0.0
CN[C@@H]1C[C@H]2O[C@@](C)([C@@H]1OC)n1c3ccccc3c3c4c(c5c6ccccc6n2c5c31)C(=O)NC4,O=CC1CCN(C(=O)OCc2ccccc2)CC1,CC(=O)O,CC(C)[O-].CC(C)[O-].CC(C)[O-].CC(C)[O-].[Ti+4],CC(=O)O[BH-](OC(C)=O)OC(C)=O.[Na+],,CC(=O)N(C)C,CC(=O)N(C)C,CC(=O)N(C)C,CC(=O)N(C)C,CC(=O)N(C)C,CC(=O)N(C)C,CC(=O)N(C)C,22.0,64800.0,0.0
CN[C@@H]1C[C@H]2O[C@@](C)([C@@H]1OC)n1c3ccccc3c3c4c(c5c6ccccc6n2c5c31)C(=O)NC4,O=Cc1c[nH]c(-c2ccccc2)n1,CC(=O)O,CC(C)[O-].CC(C)[O-].CC(C)[O-].CC(C)[O-].[Ti+4],CC(=O)O[BH-](OC(C)=O)OC(C)=O.[Na+],,CN1CCCC1=O,CN1CCCC1=O,CN1CCCC1=O,CN1CCCC1=O,CN1CCCC1=O,CN1CCCC1=O,CN1CCCC1=O,22.0,64800.0,50.0
CN[C@@H]1C[C@H]2O[C@@](C)([C@@H]1OC)n1c3ccccc3c3c4c(c5c6ccccc6n2c5c31)C(=O)NC4,N#CCC1CCC(=O)C1,CC(=O)O,CC(C)[O-].CC(C)[O-].CC(C)[O-].CC(C)[O-].[Ti+4],CC(=O)O[BH-](OC(C)=O)OC(C)=O.[Na+],,CN1CCCC1=O,CN1CCCC1=O,CN1CCCC1=O,CN1CCCC1=O,CN1CCCC1=O,CN1CCCC1=O,CN1CCCC1=O,22.0,64800.0,16.0
CN[C@@H]1C[C@H]2O[C@@](C)([C@@H]1OC)n1c3ccccc3c3c4c(c5c6ccccc6n2c5c31)C(=O)NC4,O=Cc1cn2ccsc2n1,CC(=O)O,CC(C)[O-].CC(C)[O-].CC(C)[O-].CC(C)[O-].[Ti+4],CC(=O)O[BH-](OC(C)=O)OC(C)=O.[Na+],,CN1CCCC1=O,CN1CCCC1=O,CN1CCCC1=O,CN1CCCC1=O,CN1CCCC1=O,CN1CCCC1=O,CN1CCCC1=O,22.0,64800.0,72.0
CN[C@@H]1C[C@H]2O[C@@](C)([C@@H]1OC)n1c3ccccc3c3c4c(c5c6ccccc6n2c5c31)C(=O)NC4,Cc1nn(C)c(C)c1C=O,CC(=O)O,CC(C)[O-].CC(C)[O-].CC(C)[O-].CC(C)[O-].[Ti+4],CC(=O)O[BH-](OC(C)=O)OC(C)=O.[Na+],,CN1CCCC1=O,CN1CCCC1=O,CN1CCCC1=O,CN1CCCC1=O,CN1CCCC1=O,CN1CCCC1=O,CN1CCCC1=O,22.0,64800.0,45.0
CN[C@@H]1C[C@H]2O[C@@](C)([C@@H]1OC)n1c3ccccc3c3c4c(c5c6ccccc6n2c5c31)C(=O)NC4,O=C1CCC(n2cccn2)C1,CC(=O)O,CC(C)[O-].CC(C)[O-].CC(C)[O-].CC(C)[O-].[Ti+4],CC(=O)O[BH-](OC(C)=O)OC(C)=O.[Na+],,CC(=O)N(C)C,CC(=O)N(C)C,CC(=O)N(C)C,CC(=O)N(C)C,CC(=O)N(C)C,CC(=O)N(C)C,CC(=O)N(C)C,22.0,64800.0,2.0
CN[C@@H]1C[C@H]2O[C@@](C)([C@@H]1OC)n1c3ccccc3c3c4c(c5c6ccccc6n2c5c31)C(=O)NC4,N#CCC1CCC(=O)C1,CC(=O)O,CC(C)[O-].CC(C)[O-].CC(C)[O-].CC(C)[O-].[Ti+4],CC(=O)O[BH-](OC(C)=O)OC(C)=O.[Na+],,CC(=O)N(C)C,CC(=O)N(C)C,CC(=O)N(C)C,CC(=O)N(C)C,CC(=O)N(C)C,CC(=O)N(C)C,CC(=O)N(C)C,22.0,64800.0,0.0
CN[C@@H]1C[C@H]2O[C@@](C)([C@@H]1OC)n1c3ccccc3c3c4c(c5c6ccccc6n2c5c31)C(=O)NC4,Cn1c(C=O)nc2ccccc21,CC(=O)O,CC(C)[O-].CC(C)[O-].CC(C)[O-].CC(C)[O-].[Ti+4],CC(=O)O[BH-](OC(C)=O)OC(C)=O.[Na+],,CN1CCCC1=O,CN1CCCC1=O,CN1CCCC1=O,CN1CCCC1=O,CN1CCCC1=O,CN1CCCC1=O,CN1CCCC1=O,22.0,64800.0,84.0
CN[C@@H]1C[C@H]2O[C@@](C)([C@@H]1OC)n1c3ccccc3c3c4c(c5c6ccccc6n2c5c31)C(=O)NC4,CCCn1nccc1C=O,CC(=O)O,CC(C)[O-].CC(C)[O-].CC(C)[O-].CC(C)[O-].[Ti+4],CC(=O)O[BH-](OC(C)=O)OC(C)=O.[Na+],,CN1CCCC1=O,CN1CCCC1=O,CN1CCCC1=O,CN1CCCC1=O,CN1CCCC1=O,CN1CCCC1=O,CN1CCCC1=O,22.0,64800.0,91.0
CN[C@@H]1C[C@H]2O[C@@](C)([C@@H]1OC)n1c3ccccc3c3c4c(c5c6ccccc6n2c5c31)C(=O)NC4,CC(=O)c1cc(C(F)(F)F)cc(C(F)(F)F)c1,CC(=O)O,CC(C)[O-].CC(C)[O-].CC(C)[O-].CC(C)[O-].[Ti+4],CC(=O)O[BH-](OC(C)=O)OC(C)=O.[Na+],,CN1CCCC1=O,CN1CCCC1=O,CN1CCCC1=O,CN1CCCC1=O,CN1CCCC1=O,CN1CCCC1=O,CN1CCCC1=O,22.0,64800.0,0.0
CN[C@@H]1C[C@H]2O[C@@](C)([C@@H]1OC)n1c3ccccc3c3c4c(c5c6ccccc6n2c5c31)C(=O)NC4,Cn1c(C=O)nc2ccccc21,CC(=O)O,CC(C)[O-].CC(C)[O-].CC(C)[O-].CC(C)[O-].[Ti+4],CC(=O)O[BH-](OC(C)=O)OC(C)=O.[Na+],,CN1CCCC1=O,CN1CCCC1=O,CN1CCCC1=O,CN1CCCC1=O,CN1CCCC1=O,CN1CCCC1=O,CN1CCCC1=O,22.0,64800.0,97.0
CN[C@@H]1C[C@H]2O[C@@](C)([C@@H]1OC)n1c3ccccc3c3c4c(c5c6ccccc6n2c5c31)C(=O)NC4,CC(=O)/C=C/c1ccccc1,CC(=O)O,CC(C)[O-].CC(C)[O-].CC(C)[O-].CC(C)[O-].[Ti+4],CC(=O)O[BH-](OC(C)=O)OC(C)=O.[Na+],,CN1CCCC1=O,CN1CCCC1=O,CN1CCCC1=O,CN1CCCC1=O,CN1CCCC1=O,CN1CCCC1=O,CN1CCCC1=O,22.0,64800.0,3.0
CN[C@@H]1C[C@H]2O[C@@](C)([C@@H]1OC)n1c3ccccc3c3c4c(c5c6ccccc6n2c5c31)C(=O)NC4,CC(=O)/C=C/c1ccccc1,CC(=O)O,CC(C)[O-].CC(C)[O-].CC(C)[O-].CC(C)[O-].[Ti+4],CC(=O)O[BH-](OC(C)=O)OC(C)=O.[Na+],,CC(=O)N(C)C,CC(=O)N(C)C,CC(=O)N(C)C,CC(=O)N(C)C,CC(=O)N(C)C,CC(=O)N(C)C,CC(=O)N(C)C,22.0,64800.0,0.0
CN[C@@H]1C[C@H]2O[C@@](C)([C@@H]1OC)n1c3ccccc3c3c4c(c5c6ccccc6n2c5c31)C(=O)NC4,COc1ccccc1C=O,CC(=O)O,CC(C)[O-].CC(C)[O-].CC(C)[O-].CC(C)[O-].[Ti+4],CC(=O)O[BH-](OC(C)=O)OC(C)=O.[Na+],,CN1CCCC1=O,CN1CCCC1=O,CN1CCCC1=O,CN1CCCC1=O,CN1CCCC1=O,CN1CCCC1=O,CN1CCCC1=O,22.0,64800.0,90.0
CN[C@@H]1C[C@H]2O[C@@](C)([C@@H]1OC)n1c3ccccc3c3c4c(c5c6ccccc6n2c5c31)C(=O)NC4,O=Cc1[nH]ncc1Br,CC(=O)O,CC(C)[O-].CC(C)[O-].CC(C)[O-].CC(C)[O-].[Ti+4],CC(=O)O[BH-](OC(C)=O)OC(C)=O.[Na+],,CN1CCCC1=O,CN1CCCC1=O,CN1CCCC1=O,CN1CCCC1=O,CN1CCCC1=O,CN1CCCC1=O,CN1CCCC1=O,22.0,64800.0,71.0
CN[C@@H]1C[C@H]2O[C@@](C)([C@@H]1OC)n1c3ccccc3c3c4c(c5c6ccccc6n2c5c31)C(=O)NC4,O=CC=Cc1ccccc1,CC(=O)O,CC(C)[O-].CC(C)[O-].CC(C)[O-].CC(C)[O-].[Ti+4],CC(=O)O[BH-](OC(C)=O)OC(C)=O.[Na+],,CN1CCCC1=O,CN1CCCC1=O,CN1CCCC1=O,CN1CCCC1=O,CN1CCCC1=O,CN1CCCC1=O,CN1CCCC1=O,22.0,64800.0,32.0
CN[C@@H]1C[C@H]2O[C@@](C)([C@@H]1OC)n1c3ccccc3c3c4c(c5c6ccccc6n2c5c31)C(=O)NC4,O=C1CCCC1,CC(=O)O,CC(C)[O-].CC(C)[O-].CC(C)[O-].CC(C)[O-].[Ti+4],CC(=O)O[BH-](OC(C)=O)OC(C)=O.[Na+],,CN1CCCC1=O,CN1CCCC1=O,CN1CCCC1=O,CN1CCCC1=O,CN1CCCC1=O,CN1CCCC1=O,CN1CCCC1=O,22.0,64800.0,5.0
CN[C@@H]1C[C@H]2O[C@@](C)([C@@H]1OC)n1c3ccccc3c3c4c(c5c6ccccc6n2c5c31)C(=O)NC4,O=CC=Cc1ccccc1,CC(=O)O,CC(C)[O-].CC(C)[O-].CC(C)[O-].CC(C)[O-].[Ti+4],CC(=O)O[BH-](OC(C)=O)OC(C)=O.[Na+],,CN1CCCC1=O,CN1CCCC1=O,CN1CCCC1=O,CN1CCCC1=O,CN1CCCC1=O,CN1CCCC1=O,CN1CCCC1=O,22.0,64800.0,37.0
CN[C@@H]1C[C@H]2O[C@@](C)([C@@H]1OC)n1c3ccccc3c3c4c(c5c6ccccc6n2c5c31)C(=O)NC4,N#Cc1ccc(C=O)cc1Br,CC(=O)O,CC(C)[O-].CC(C)[O-].CC(C)[O-].CC(C)[O-].[Ti+4],CC(=O)O[BH-](OC(C)=O)OC(C)=O.[Na+],,CC(=O)N(C)C,CC(=O)N(C)C,CC(=O)N(C)C,CC(=O)N(C)C,CC(=O)N(C)C,CC(=O)N(C)C,CC(=O)N(C)C,22.0,64800.0,26.0
CN[C@@H]1C[C@H]2O[C@@](C)([C@@H]1OC)n1c3ccccc3c3c4c(c5c6ccccc6n2c5c31)C(=O)NC4,O=C1CCCC1,CC(=O)O,CC(C)[O-].CC(C)[O-].CC(C)[O-].CC(C)[O-].[Ti+4],CC(=O)O[BH-](OC(C)=O)OC(C)=O.[Na+],,CN1CCCC1=O,CN1CCCC1=O,CN1CCCC1=O,CN1CCCC1=O,CN1CCCC1=O,CN1CCCC1=O,CN1CCCC1=O,22.0,64800.0,7.0
CN[C@@H]1C[C@H]2O[C@@](C)([C@@H]1OC)n1c3ccccc3c3c4c(c5c6ccccc6n2c5c31)C(=O)NC4,O=CC1CCN(C(=O)OCc2ccccc2)CC1,CC(=O)O,CC(C)[O-].CC(C)[O-].CC(C)[O-].CC(C)[O-].[Ti+4],CC(=O)O[BH-](OC(C)=O)OC(C)=O.[Na+],,CN1CCCC1=O,CN1CCCC1=O,CN1CCCC1=O,CN1CCCC1=O,CN1CCCC1=O,CN1CCCC1=O,CN1CCCC1=O,22.0,64800.0,14.0
CN[C@@H]1C[C@H]2O[C@@](C)([C@@H]1OC)n1c3ccccc3c3c4c(c5c6ccccc6n2c5c31)C(=O)NC4,N#CCC1CCC(=O)C1,CC(=O)O,CC(C)[O-].CC(C)[O-].CC(C)[O-].CC(C)[O-].[Ti+4],CC(=O)O[BH-](OC(C)=O)OC(C)=O.[Na+],,CC(=O)N(C)C,CC(=O)N(C)C,CC(=O)N(C)C,CC(=O)N(C)C,CC(=O)N(C)C,CC(=O)N(C)C,CC(=O)N(C)C,22.0,64800.0,10.0
CN[C@@H]1C[C@H]2O[C@@](C)([C@@H]1OC)n1c3ccccc3c3c4c(c5c6ccccc6n2c5c31)C(=O)NC4,CC(=O)/C=C/c1ccccc1,CC(=O)O,CC(C)[O-].CC(C)[O-].CC(C)[O-].CC(C)[O-].[Ti+4],CC(=O)O[BH-](OC(C)=O)OC(C)=O.[Na+],,CN1CCCC1=O,CN1CCCC1=O,CN1CCCC1=O,CN1CCCC1=O,CN1CCCC1=O,CN1CCCC1=O,CN1CCCC1=O,22.0,64800.0,1.0
CN[C@@H]1C[C@H]2O[C@@](C)([C@@H]1OC)n1c3ccccc3c3c4c(c5c6ccccc6n2c5c31)C(=O)NC4,O=C1CCN(c2ccc(F)c(F)c2)CC1,CC(=O)O,CC(C)[O-].CC(C)[O-].CC(C)[O-].CC(C)[O-].[Ti+4],CC(=O)O[BH-](OC(C)=O)OC(C)=O.[Na+],,CC(=O)N(C)C,CC(=O)N(C)C,CC(=O)N(C)C,CC(=O)N(C)C,CC(=O)N(C)C,CC(=O)N(C)C,CC(=O)N(C)C,22.0,64800.0,3.0
CN[C@@H]1C[C@H]2O[C@@](C)([C@@H]1OC)n1c3ccccc3c3c4c(c5c6ccccc6n2c5c31)C(=O)NC4,Cc1cc(C=O)on1,CC(=O)O,CC(C)[O-].CC(C)[O-].CC(C)[O-].CC(C)[O-].[Ti+4],CC(=O)O[BH-](OC(C)=O)OC(C)=O.[Na+],,CN1CCCC1=O,CN1CCCC1=O,CN1CCCC1=O,CN1CCCC1=O,CN1CCCC1=O,CN1CCCC1=O,CN1CCCC1=O,22.0,64800.0,99.0
CN[C@@H]1C[C@H]2O[C@@](C)([C@@H]1OC)n1c3ccccc3c3c4c(c5c6ccccc6n2c5c31)C(=O)NC4,O=C1CCCC1,CC(=O)O,CC(C)[O-].CC(C)[O-].CC(C)[O-].CC(C)[O-].[Ti+4],CC(=O)O[BH-](OC(C)=O)OC(C)=O.[Na+],,CC(=O)N(C)C,CC(=O)N(C)C,CC(=O)N(C)C,CC(=O)N(C)C,CC(=O)N(C)C,CC(=O)N(C)C,CC(=O)N(C)C,22.0,64800.0,0.0
CN[C@@H]1C[C@H]2O[C@@](C)([C@@H]1OC)n1c3ccccc3c3c4c(c5c6ccccc6n2c5c31)C(=O)NC4,CC(=O)c1cc(C(F)(F)F)cc(C(F)(F)F)c1,CC(=O)O,CC(C)[O-].CC(C)[O-].CC(C)[O-].CC(C)[O-].[Ti+4],CC(=O)O[BH-](OC(C)=O)OC(C)=O.[Na+],,CN1CCCC1=O,CN1CCCC1=O,CN1CCCC1=O,CN1CCCC1=O,CN1CCCC1=O,CN1CCCC1=O,CN1CCCC1=O,22.0,64800.0,0.0
CN[C@@H]1C[C@H]2O[C@@](C)([C@@H]1OC)n1c3ccccc3c3c4c(c5c6ccccc6n2c5c31)C(=O)NC4,O=C1CCN(c2ccc(F)c(F)c2)CC1,CC(=O)O,CC(C)[O-].CC(C)[O-].CC(C)[O-].CC(C)[O-].[Ti+4],CC(=O)O[BH-](OC(C)=O)OC(C)=O.[Na+],,CN1CCCC1=O,CN1CCCC1=O,CN1CCCC1=O,CN1CCCC1=O,CN1CCCC1=O,CN1CCCC1=O,CN1CCCC1=O,22.0,64800.0,5.0
CN[C@@H]1C[C@H]2O[C@@](C)([C@@H]1OC)n1c3ccccc3c3c4c(c5c6ccccc6n2c5c31)C(=O)NC4,CC(=O)c1cc(C)cc(C)c1,CC(=O)O,CC(C)[O-].CC(C)[O-].CC(C)[O-].CC(C)[O-].[Ti+4],CC(=O)O[BH-](OC(C)=O)OC(C)=O.[Na+],,CC(=O)N(C)C,CC(=O)N(C)C,CC(=O)N(C)C,CC(=O)N(C)C,CC(=O)N(C)C,CC(=O)N(C)C,CC(=O)N(C)C,22.0,64800.0,0.0
CN[C@@H]1C[C@H]2O[C@@](C)([C@@H]1OC)n1c3ccccc3c3c4c(c5c6ccccc6n2c5c31)C(=O)NC4,O=CC1CCN(Cc2ccccc2)CC1,CC(=O)O,CC(C)[O-].CC(C)[O-].CC(C)[O-].CC(C)[O-].[Ti+4],CC(=O)O[BH-](OC(C)=O)OC(C)=O.[Na+],,CN1CCCC1=O,CN1CCCC1=O,CN1CCCC1=O,CN1CCCC1=O,CN1CCCC1=O,CN1CCCC1=O,CN1CCCC1=O,22.0,64800.0,24.0
CN[C@@H]1C[C@H]2O[C@@](C)([C@@H]1OC)n1c3ccccc3c3c4c(c5c6ccccc6n2c5c31)C(=O)NC4,O=C1CCN(C(=O)OCc2ccccc2)CC1,CC(=O)O,CC(C)[O-].CC(C)[O-].CC(C)[O-].CC(C)[O-].[Ti+4],CC(=O)O[BH-](OC(C)=O)OC(C)=O.[Na+],,CN1CCCC1=O,CN1CCCC1=O,CN1CCCC1=O,CN1CCCC1=O,CN1CCCC1=O,CN1CCCC1=O,CN1CCCC1=O,22.0,64800.0,13.0
CN[C@@H]1C[C@H]2O[C@@](C)([C@@H]1OC)n1c3ccccc3c3c4c(c5c6ccccc6n2c5c31)C(=O)NC4,Cc1ccc(C=O)cc1C,CC(=O)O,CC(C)[O-].CC(C)[O-].CC(C)[O-].CC(C)[O-].[Ti+4],CC(=O)O[BH-](OC(C)=O)OC(C)=O.[Na+],,CC(=O)N(C)C,CC(=O)N(C)C,CC(=O)N(C)C,CC(=O)N(C)C,CC(=O)N(C)C,CC(=O)N(C)C,CC(=O)N(C)C,22.0,64800.0,49.0
CN[C@@H]1C[C@H]2O[C@@](C)([C@@H]1OC)n1c3ccccc3c3c4c(c5c6ccccc6n2c5c31)C(=O)NC4,Cc1noc(C2CC2)c1C=O,CC(=O)O,CC(C)[O-].CC(C)[O-].CC(C)[O-].CC(C)[O-].[Ti+4],CC(=O)O[BH-](OC(C)=O)OC(C)=O.[Na+],,CN1CCCC1=O,CN1CCCC1=O,CN1CCCC1=O,CN1CCCC1=O,CN1CCCC1=O,CN1CCCC1=O,CN1CCCC1=O,22.0,64800.0,98.0
CN[C@@H]1C[C@H]2O[C@@](C)([C@@H]1OC)n1c3ccccc3c3c4c(c5c6ccccc6n2c5c31)C(=O)NC4,Cc1cccc(-n2ccnc2C=O)c1,CC(=O)O,CC(C)[O-].CC(C)[O-].CC(C)[O-].CC(C)[O-].[Ti+4],CC(=O)O[BH-](OC(C)=O)OC(C)=O.[Na+],,CN1CCCC1=O,CN1CCCC1=O,CN1CCCC1=O,CN1CCCC1=O,CN1CCCC1=O,CN1CCCC1=O,CN1CCCC1=O,22.0,64800.0,75.0
CN[C@@H]1C[C@H]2O[C@@](C)([C@@H]1OC)n1c3ccccc3c3c4c(c5c6ccccc6n2c5c31)C(=O)NC4,O=Cc1c[nH]c(-c2ccccc2)n1,CC(=O)O,CC(C)[O-].CC(C)[O-].CC(C)[O-].CC(C)[O-].[Ti+4],CC(=O)O[BH-](OC(C)=O)OC(C)=O.[Na+],,CN1CCCC1=O,CN1CCCC1=O,CN1CCCC1=O,CN1CCCC1=O,CN1CCCC1=O,CN1CCCC1=O,CN1CCCC1=O,22.0,64800.0,87.0
CN[C@@H]1C[C@H]2O[C@@](C)([C@@H]1OC)n1c3ccccc3c3c4c(c5c6ccccc6n2c5c31)C(=O)NC4,COc1ccccc1C=O,CC(=O)O,CC(C)[O-].CC(C)[O-].CC(C)[O-].CC(C)[O-].[Ti+4],CC(=O)O[BH-](OC(C)=O)OC(C)=O.[Na+],,CN1CCCC1=O,CN1CCCC1=O,CN1CCCC1=O,CN1CCCC1=O,CN1CCCC1=O,CN1CCCC1=O,CN1CCCC1=O,22.0,64800.0,53.0
CN[C@@H]1C[C@H]2O[C@@](C)([C@@H]1OC)n1c3ccccc3c3c4c(c5c6ccccc6n2c5c31)C(=O)NC4,CC(=O)Nc1ccc(C=O)cc1,CC(=O)O,CC(C)[O-].CC(C)[O-].CC(C)[O-].CC(C)[O-].[Ti+4],CC(=O)O[BH-](OC(C)=O)OC(C)=O.[Na+],,CC(=O)N(C)C,CC(=O)N(C)C,CC(=O)N(C)C,CC(=O)N(C)C,CC(=O)N(C)C,CC(=O)N(C)C,CC(=O)N(C)C,22.0,64800.0,97.0
CN[C@@H]1C[C@H]2O[C@@](C)([C@@H]1OC)n1c3ccccc3c3c4c(c5c6ccccc6n2c5c31)C(=O)NC4,N#CCC1CCC(=O)C1,CC(=O)O,CC(C)[O-].CC(C)[O-].CC(C)[O-].CC(C)[O-].[Ti+4],CC(=O)O[BH-](OC(C)=O)OC(C)=O.[Na+],,CC(=O)N(C)C,CC(=O)N(C)C,CC(=O)N(C)C,CC(=O)N(C)C,CC(=O)N(C)C,CC(=O)N(C)C,CC(=O)N(C)C,22.0,64800.0,3.0
CN[C@@H]1C[C@H]2O[C@@](C)([C@@H]1OC)n1c3ccccc3c3c4c(c5c6ccccc6n2c5c31)C(=O)NC4,O=Cc1c[nH]nc1-c1cccnc1,CC(=O)O,CC(C)[O-].CC(C)[O-].CC(C)[O-].CC(C)[O-].[Ti+4],CC(=O)O[BH-](OC(C)=O)OC(C)=O.[Na+],,CN1CCCC1=O,CN1CCCC1=O,CN1CCCC1=O,CN1CCCC1=O,CN1CCCC1=O,CN1CCCC1=O,CN1CCCC1=O,22.0,64800.0,50.0
CN[C@@H]1C[C@H]2O[C@@](C)([C@@H]1OC)n1c3ccccc3c3c4c(c5c6ccccc6n2c5c31)C(=O)NC4,O=Cc1ccc(-c2nn[nH]n2)cc1,CC(=O)O,CC(C)[O-].CC(C)[O-].CC(C)[O-].CC(C)[O-].[Ti+4],CC(=O)O[BH-](OC(C)=O)OC(C)=O.[Na+],,CN1CCCC1=O,CN1CCCC1=O,CN1CCCC1=O,CN1CCCC1=O,CN1CCCC1=O,CN1CCCC1=O,CN1CCCC1=O,22.0,64800.0,93.0
CN[C@@H]1C[C@H]2O[C@@](C)([C@@H]1OC)n1c3ccccc3c3c4c(c5c6ccccc6n2c5c31)C(=O)NC4,O=CCCc1ccccc1,CC(=O)O,CC(C)[O-].CC(C)[O-].CC(C)[O-].CC(C)[O-].[Ti+4],CC(=O)O[BH-](OC(C)=O)OC(C)=O.[Na+],,CN1CCCC1=O,CN1CCCC1=O,CN1CCCC1=O,CN1CCCC1=O,CN1CCCC1=O,CN1CCCC1=O,CN1CCCC1=O,22.0,64800.0,33.0
CN[C@@H]1C[C@H]2O[C@@](C)([C@@H]1OC)n1c3ccccc3c3c4c(c5c6ccccc6n2c5c31)C(=O)NC4,O=Cc1ccccc1,CC(=O)O,CC(C)[O-].CC(C)[O-].CC(C)[O-].CC(C)[O-].[Ti+4],CC(=O)O[BH-](OC(C)=O)OC(C)=O.[Na+],,CN1CCCC1=O,CN1CCCC1=O,CN1CCCC1=O,CN1CCCC1=O,CN1CCCC1=O,CN1CCCC1=O,CN1CCCC1=O,22.0,64800.0,57.0
CN[C@@H]1C[C@H]2O[C@@](C)([C@@H]1OC)n1c3ccccc3c3c4c(c5c6ccccc6n2c5c31)C(=O)NC4,O=C1CCC(n2cccn2)C1,CC(=O)O,CC(C)[O-].CC(C)[O-].CC(C)[O-].CC(C)[O-].[Ti+4],CC(=O)O[BH-](OC(C)=O)OC(C)=O.[Na+],,CN1CCCC1=O,CN1CCCC1=O,CN1CCCC1=O,CN1CCCC1=O,CN1CCCC1=O,CN1CCCC1=O,CN1CCCC1=O,22.0,64800.0,1.0
CN[C@@H]1C[C@H]2O[C@@](C)([C@@H]1OC)n1c3ccccc3c3c4c(c5c6ccccc6n2c5c31)C(=O)NC4,O=C1CCN(c2ccc(F)c(F)c2)CC1,CC(=O)O,CC(C)[O-].CC(C)[O-].CC(C)[O-].CC(C)[O-].[Ti+4],CC(=O)O[BH-](OC(C)=O)OC(C)=O.[Na+],,CC(=O)N(C)C,CC(=O)N(C)C,CC(=O)N(C)C,CC(=O)N(C)C,CC(=O)N(C)C,CC(=O)N(C)C,CC(=O)N(C)C,22.0,64800.0,10.0
CN[C@@H]1C[C@H]2O[C@@](C)([C@@H]1OC)n1c3ccccc3c3c4c(c5c6ccccc6n2c5c31)C(=O)NC4,O=C1CCN(C(=O)OCc2ccccc2)CC1,CC(=O)O,CC(C)[O-].CC(C)[O-].CC(C)[O-].CC(C)[O-].[Ti+4],CC(=O)O[BH-](OC(C)=O)OC(C)=O.[Na+],,CN1CCCC1=O,CN1CCCC1=O,CN1CCCC1=O,CN1CCCC1=O,CN1CCCC1=O,CN1CCCC1=O,CN1CCCC1=O,22.0,64800.0,36.0
CN[C@@H]1C[C@H]2O[C@@](C)([C@@H]1OC)n1c3ccccc3c3c4c(c5c6ccccc6n2c5c31)C(=O)NC4,Cc1ccc(C=O)cc1C,CC(=O)O,CC(C)[O-].CC(C)[O-].CC(C)[O-].CC(C)[O-].[Ti+4],CC(=O)O[BH-](OC(C)=O)OC(C)=O.[Na+],,CC(=O)N(C)C,CC(=O)N(C)C,CC(=O)N(C)C,CC(=O)N(C)C,CC(=O)N(C)C,CC(=O)N(C)C,CC(=O)N(C)C,22.0,64800.0,55.0
CN[C@@H]1C[C@H]2O[C@@](C)([C@@H]1OC)n1c3ccccc3c3c4c(c5c6ccccc6n2c5c31)C(=O)NC4,Cn1cc(C=O)c(C2CC2)n1,CC(=O)O,CC(C)[O-].CC(C)[O-].CC(C)[O-].CC(C)[O-].[Ti+4],CC(=O)O[BH-](OC(C)=O)OC(C)=O.[Na+],,CN1CCCC1=O,CN1CCCC1=O,CN1CCCC1=O,CN1CCCC1=O,CN1CCCC1=O,CN1CCCC1=O,CN1CCCC1=O,22.0,64800.0,55.0
CN[C@@H]1C[C@H]2O[C@@](C)([C@@H]1OC)n1c3ccccc3c3c4c(c5c6ccccc6n2c5c31)C(=O)NC4,COc1cc(/C=C/C=O)ccc1O,CC(=O)O,CC(C)[O-].CC(C)[O-].CC(C)[O-].CC(C)[O-].[Ti+4],CC(=O)O[BH-](OC(C)=O)OC(C)=O.[Na+],,CN1CCCC1=O,CN1CCCC1=O,CN1CCCC1=O,CN1CCCC1=O,CN1CCCC1=O,CN1CCCC1=O,CN1CCCC1=O,22.0,64800.0,58.0
CN[C@@H]1C[C@H]2O[C@@](C)([C@@H]1OC)n1c3ccccc3c3c4c(c5c6ccccc6n2c5c31)C(=O)NC4,O=C1CCCC1,CC(=O)O,CC(C)[O-].CC(C)[O-].CC(C)[O-].CC(C)[O-].[Ti+4],CC(=O)O[BH-](OC(C)=O)OC(C)=O.[Na+],,CN1CCCC1=O,CN1CCCC1=O,CN1CCCC1=O,CN1CCCC1=O,CN1CCCC1=O,CN1CCCC1=O,CN1CCCC1=O,22.0,64800.0,11.0
CN[C@@H]1C[C@H]2O[C@@](C)([C@@H]1OC)n1c3ccccc3c3c4c(c5c6ccccc6n2c5c31)C(=O)NC4,O=Cc1ccccc1Cn1cccn1,CC(=O)O,CC(C)[O-].CC(C)[O-].CC(C)[O-].CC(C)[O-].[Ti+4],CC(=O)O[BH-](OC(C)=O)OC(C)=O.[Na+],,CN1CCCC1=O,CN1CCCC1=O,CN1CCCC1=O,CN1CCCC1=O,CN1CCCC1=O,CN1CCCC1=O,CN1CCCC1=O,22.0,64800.0,74.0
CN[C@@H]1C[C@H]2O[C@@](C)([C@@H]1OC)n1c3ccccc3c3c4c(c5c6ccccc6n2c5c31)C(=O)NC4,Cn1c(C=O)nc2ccccc21,CC(=O)O,CC(C)[O-].CC(C)[O-].CC(C)[O-].CC(C)[O-].[Ti+4],CC(=O)O[BH-](OC(C)=O)OC(C)=O.[Na+],,CN1CCCC1=O,CN1CCCC1=O,CN1CCCC1=O,CN1CCCC1=O,CN1CCCC1=O,CN1CCCC1=O,CN1CCCC1=O,22.0,64800.0,99.0
CN[C@@H]1C[C@H]2O[C@@](C)([C@@H]1OC)n1c3ccccc3c3c4c(c5c6ccccc6n2c5c31)C(=O)NC4,O=CCCN1C(=O)c2ccccc2C1=O,CC(=O)O,CC(C)[O-].CC(C)[O-].CC(C)[O-].CC(C)[O-].[Ti+4],CC(=O)O[BH-](OC(C)=O)OC(C)=O.[Na+],,CN1CCCC1=O,CN1CCCC1=O,CN1CCCC1=O,CN1CCCC1=O,CN1CCCC1=O,CN1CCCC1=O,CN1CCCC1=O,22.0,64800.0,99.0
CN[C@@H]1C[C@H]2O[C@@](C)([C@@H]1OC)n1c3ccccc3c3c4c(c5c6ccccc6n2c5c31)C(=O)NC4,COc1cc(/C=C/C=O)ccc1O,CC(=O)O,CC(C)[O-].CC(C)[O-].CC(C)[O-].CC(C)[O-].[Ti+4],CC(=O)O[BH-](OC(C)=O)OC(C)=O.[Na+],,CN1CCCC1=O,CN1CCCC1=O,CN1CCCC1=O,CN1CCCC1=O,CN1CCCC1=O,CN1CCCC1=O,CN1CCCC1=O,22.0,64800.0,50.0
CN[C@@H]1C[C@H]2O[C@@](C)([C@@H]1OC)n1c3ccccc3c3c4c(c5c6ccccc6n2c5c31)C(=O)NC4,Cc1nc(C=O)n(C)c1C,CC(=O)O,CC(C)[O-].CC(C)[O-].CC(C)[O-].CC(C)[O-].[Ti+4],CC(=O)O[BH-](OC(C)=O)OC(C)=O.[Na+],,CN1CCCC1=O,CN1CCCC1=O,CN1CCCC1=O,CN1CCCC1=O,CN1CCCC1=O,CN1CCCC1=O,CN1CCCC1=O,22.0,64800.0,56.0
CN[C@@H]1C[C@H]2O[C@@](C)([C@@H]1OC)n1c3ccccc3c3c4c(c5c6ccccc6n2c5c31)C(=O)NC4,CC(=O)/C=C/c1ccccc1,CC(=O)O,CC(C)[O-].CC(C)[O-].CC(C)[O-].CC(C)[O-].[Ti+4],CC(=O)O[BH-](OC(C)=O)OC(C)=O.[Na+],,CC(=O)N(C)C,CC(=O)N(C)C,CC(=O)N(C)C,CC(=O)N(C)C,CC(=O)N(C)C,CC(=O)N(C)C,CC(=O)N(C)C,22.0,64800.0,0.0
CN[C@@H]1C[C@H]2O[C@@](C)([C@@H]1OC)n1c3ccccc3c3c4c(c5c6ccccc6n2c5c31)C(=O)NC4,O=C1CCN(c2ccc(F)c(F)c2)CC1,CC(=O)O,CC(C)[O-].CC(C)[O-].CC(C)[O-].CC(C)[O-].[Ti+4],CC(=O)O[BH-](OC(C)=O)OC(C)=O.[Na+],,CC(=O)N(C)C,CC(=O)N(C)C,CC(=O)N(C)C,CC(=O)N(C)C,CC(=O)N(C)C,CC(=O)N(C)C,CC(=O)N(C)C,22.0,64800.0,44.0
CN[C@@H]1C[C@H]2O[C@@](C)([C@@H]1OC)n1c3ccccc3c3c4c(c5c6ccccc6n2c5c31)C(=O)NC4,N#CCC1CCC(=O)C1,CC(=O)O,CC(C)[O-].CC(C)[O-].CC(C)[O-].CC(C)[O-].[Ti+4],CC(=O)O[BH-](OC(C)=O)OC(C)=O.[Na+],,CN1CCCC1=O,CN1CCCC1=O,CN1CCCC1=O,CN1CCCC1=O,CN1CCCC1=O,CN1CCCC1=O,CN1CCCC1=O,22.0,64800.0,29.0
CN[C@@H]1C[C@H]2O[C@@](C)([C@@H]1OC)n1c3ccccc3c3c4c(c5c6ccccc6n2c5c31)C(=O)NC4,O=CCCc1ccccc1,CC(=O)O,CC(C)[O-].CC(C)[O-].CC(C)[O-].CC(C)[O-].[Ti+4],CC(=O)O[BH-](OC(C)=O)OC(C)=O.[Na+],,CC(=O)N(C)C,CC(=O)N(C)C,CC(=O)N(C)C,CC(=O)N(C)C,CC(=O)N(C)C,CC(=O)N(C)C,CC(=O)N(C)C,22.0,64800.0,21.0
CN[C@@H]1C[C@H]2O[C@@](C)([C@@H]1OC)n1c3ccccc3c3c4c(c5c6ccccc6n2c5c31)C(=O)NC4,CC(C)=CCCC(C)CC=O,CC(=O)O,CC(C)[O-].CC(C)[O-].CC(C)[O-].CC(C)[O-].[Ti+4],CC(=O)O[BH-](OC(C)=O)OC(C)=O.[Na+],,CN1CCCC1=O,CN1CCCC1=O,CN1CCCC1=O,CN1CCCC1=O,CN1CCCC1=O,CN1CCCC1=O,CN1CCCC1=O,22.0,64800.0,76.0
CN[C@@H]1C[C@H]2O[C@@](C)([C@@H]1OC)n1c3ccccc3c3c4c(c5c6ccccc6n2c5c31)C(=O)NC4,CC(=O)c1cc(C)cc(C)c1,CC(=O)O,CC(C)[O-].CC(C)[O-].CC(C)[O-].CC(C)[O-].[Ti+4],CC(=O)O[BH-](OC(C)=O)OC(C)=O.[Na+],,CC(=O)N(C)C,CC(=O)N(C)C,CC(=O)N(C)C,CC(=O)N(C)C,CC(=O)N(C)C,CC(=O)N(C)C,CC(=O)N(C)C,22.0,64800.0,0.0
CN[C@@H]1C[C@H]2O[C@@](C)([C@@H]1OC)n1c3ccccc3c3c4c(c5c6ccccc6n2c5c31)C(=O)NC4,Cc1nc(C(F)(F)F)c(C=O)s1,CC(=O)O,CC(C)[O-].CC(C)[O-].CC(C)[O-].CC(C)[O-].[Ti+4],CC(=O)O[BH-](OC(C)=O)OC(C)=O.[Na+],,CN1CCCC1=O,CN1CCCC1=O,CN1CCCC1=O,CN1CCCC1=O,CN1CCCC1=O,CN1CCCC1=O,CN1CCCC1=O,22.0,64800.0,83.0
CN[C@@H]1C[C@H]2O[C@@](C)([C@@H]1OC)n1c3ccccc3c3c4c(c5c6ccccc6n2c5c31)C(=O)NC4,O=Cc1cc2cccc3c2n(c1=O)CC3,CC(=O)O,CC(C)[O-].CC(C)[O-].CC(C)[O-].CC(C)[O-].[Ti+4],CC(=O)O[BH-](OC(C)=O)OC(C)=O.[Na+],,CN1CCCC1=O,CN1CCCC1=O,CN1CCCC1=O,CN1CCCC1=O,CN1CCCC1=O,CN1CCCC1=O,CN1CCCC1=O,22.0,64800.0,100.0
CN[C@@H]1C[C@H]2O[C@@](C)([C@@H]1OC)n1c3ccccc3c3c4c(c5c6ccccc6n2c5c31)C(=O)NC4,O=Cc1nc2ccccc2s1,CC(=O)O,CC(C)[O-].CC(C)[O-].CC(C)[O-].CC(C)[O-].[Ti+4],CC(=O)O[BH-](OC(C)=O)OC(C)=O.[Na+],,CN1CCCC1=O,CN1CCCC1=O,CN1CCCC1=O,CN1CCCC1=O,CN1CCCC1=O,CN1CCCC1=O,CN1CCCC1=O,22.0,64800.0,60.0
CN[C@@H]1C[C@H]2O[C@@](C)([C@@H]1OC)n1c3ccccc3c3c4c(c5c6ccccc6n2c5c31)C(=O)NC4,O=CCCc1ccccc1,CC(=O)O,CC(C)[O-].CC(C)[O-].CC(C)[O-].CC(C)[O-].[Ti+4],CC(=O)O[BH-](OC(C)=O)OC(C)=O.[Na+],,CC(=O)N(C)C,CC(=O)N(C)C,CC(=O)N(C)C,CC(=O)N(C)C,CC(=O)N(C)C,CC(=O)N(C)C,CC(=O)N(C)C,22.0,64800.0,27.0
CN[C@@H]1C[C@H]2O[C@@](C)([C@@H]1OC)n1c3ccccc3c3c4c(c5c6ccccc6n2c5c31)C(=O)NC4,N#CCC1CCC(=O)C1,CC(=O)O,CC(C)[O-].CC(C)[O-].CC(C)[O-].CC(C)[O-].[Ti+4],CC(=O)O[BH-](OC(C)=O)OC(C)=O.[Na+],,CC(=O)N(C)C,CC(=O)N(C)C,CC(=O)N(C)C,CC(=O)N(C)C,CC(=O)N(C)C,CC(=O)N(C)C,CC(=O)N(C)C,22.0,64800.0,1.0
CN[C@@H]1C[C@H]2O[C@@](C)([C@@H]1OC)n1c3ccccc3c3c4c(c5c6ccccc6n2c5c31)C(=O)NC4,O=C1CCN(C(=O)OCc2ccccc2)CC1,CC(=O)O,CC(C)[O-].CC(C)[O-].CC(C)[O-].CC(C)[O-].[Ti+4],CC(=O)O[BH-](OC(C)=O)OC(C)=O.[Na+],,CC(=O)N(C)C,CC(=O)N(C)C,CC(=O)N(C)C,CC(=O)N(C)C,CC(=O)N(C)C,CC(=O)N(C)C,CC(=O)N(C)C,22.0,64800.0,0.0
CN[C@@H]1C[C@H]2O[C@@](C)([C@@H]1OC)n1c3ccccc3c3c4c(c5c6ccccc6n2c5c31)C(=O)NC4,O=CC=Cc1ccccc1,CC(=O)O,CC(C)[O-].CC(C)[O-].CC(C)[O-].CC(C)[O-].[Ti+4],CC(=O)O[BH-](OC(C)=O)OC(C)=O.[Na+],,CN1CCCC1=O,CN1CCCC1=O,CN1CCCC1=O,CN1CCCC1=O,CN1CCCC1=O,CN1CCCC1=O,CN1CCCC1=O,22.0,64800.0,20.0
CN[C@@H]1C[C@H]2O[C@@](C)([C@@H]1OC)n1c3ccccc3c3c4c(c5c6ccccc6n2c5c31)C(=O)NC4,O=Cc1nc2ccccc2s1,CC(=O)O,CC(C)[O-].CC(C)[O-].CC(C)[O-].CC(C)[O-].[Ti+4],CC(=O)O[BH-](OC(C)=O)OC(C)=O.[Na+],,CC(=O)N(C)C,CC(=O)N(C)C,CC(=O)N(C)C,CC(=O)N(C)C,CC(=O)N(C)C,CC(=O)N(C)C,CC(=O)N(C)C,22.0,64800.0,18.0
CN[C@@H]1C[C@H]2O[C@@](C)([C@@H]1OC)n1c3ccccc3c3c4c(c5c6ccccc6n2c5c31)C(=O)NC4,O=Cc1cc2cc(F)ccc2[nH]c1=O,CC(=O)O,CC(C)[O-].CC(C)[O-].CC(C)[O-].CC(C)[O-].[Ti+4],CC(=O)O[BH-](OC(C)=O)OC(C)=O.[Na+],,CN1CCCC1=O,CN1CCCC1=O,CN1CCCC1=O,CN1CCCC1=O,CN1CCCC1=O,CN1CCCC1=O,CN1CCCC1=O,22.0,64800.0,30.0
CN[C@@H]1C[C@H]2O[C@@](C)([C@@H]1OC)n1c3ccccc3c3c4c(c5c6ccccc6n2c5c31)C(=O)NC4,CN1CCOc2cc(C=O)ccc21,CC(=O)O,CC(C)[O-].CC(C)[O-].CC(C)[O-].CC(C)[O-].[Ti+4],CC(=O)O[BH-](OC(C)=O)OC(C)=O.[Na+],,CN1CCCC1=O,CN1CCCC1=O,CN1CCCC1=O,CN1CCCC1=O,CN1CCCC1=O,CN1CCCC1=O,CN1CCCC1=O,22.0,64800.0,70.0
CN[C@@H]1C[C@H]2O[C@@](C)([C@@H]1OC)n1c3ccccc3c3c4c(c5c6ccccc6n2c5c31)C(=O)NC4,CC(C)n1ncc2cc(C=O)cnc21,CC(=O)O,CC(C)[O-].CC(C)[O-].CC(C)[O-].CC(C)[O-].[Ti+4],CC(=O)O[BH-](OC(C)=O)OC(C)=O.[Na+],,CN1CCCC1=O,CN1CCCC1=O,CN1CCCC1=O,CN1CCCC1=O,CN1CCCC1=O,CN1CCCC1=O,CN1CCCC1=O,22.0,64800.0,100.0
CN[C@@H]1C[C@H]2O[C@@](C)([C@@H]1OC)n1c3ccccc3c3c4c(c5c6ccccc6n2c5c31)C(=O)NC4,CC(=O)c1cc(C(F)(F)F)cc(C(F)(F)F)c1,CC(=O)O,CC(C)[O-].CC(C)[O-].CC(C)[O-].CC(C)[O-].[Ti+4],CC(=O)O[BH-](OC(C)=O)OC(C)=O.[Na+],,CC(=O)N(C)C,CC(=O)N(C)C,CC(=O)N(C)C,CC(=O)N(C)C,CC(=O)N(C)C,CC(=O)N(C)C,CC(=O)N(C)C,22.0,64800.0,0.0
CN[C@@H]1C[C@H]2O[C@@](C)([C@@H]1OC)n1c3ccccc3c3c4c(c5c6ccccc6n2c5c31)C(=O)NC4,CC(C)=CCCC(C)CC=O,CC(=O)O,CC(C)[O-].CC(C)[O-].CC(C)[O-].CC(C)[O-].[Ti+4],CC(=O)O[BH-](OC(C)=O)OC(C)=O.[Na+],,CC(=O)N(C)C,CC(=O)N(C)C,CC(=O)N(C)C,CC(=O)N(C)C,CC(=O)N(C)C,CC(=O)N(C)C,CC(=O)N(C)C,22.0,64800.0,32.0
CN[C@@H]1C[C@H]2O[C@@](C)([C@@H]1OC)n1c3ccccc3c3c4c(c5c6ccccc6n2c5c31)C(=O)NC4,Cc1ccc(C=O)cc1C,CC(=O)O,CC(C)[O-].CC(C)[O-].CC(C)[O-].CC(C)[O-].[Ti+4],CC(=O)O[BH-](OC(C)=O)OC(C)=O.[Na+],,CC(=O)N(C)C,CC(=O)N(C)C,CC(=O)N(C)C,CC(=O)N(C)C,CC(=O)N(C)C,CC(=O)N(C)C,CC(=O)N(C)C,22.0,64800.0,70.0
CN[C@@H]1C[C@H]2O[C@@](C)([C@@H]1OC)n1c3ccccc3c3c4c(c5c6ccccc6n2c5c31)C(=O)NC4,CC(=O)c1cc(C(F)(F)F)cc(C(F)(F)F)c1,CC(=O)O,CC(C)[O-].CC(C)[O-].CC(C)[O-].CC(C)[O-].[Ti+4],CC(=O)O[BH-](OC(C)=O)OC(C)=O.[Na+],,CC(=O)N(C)C,CC(=O)N(C)C,CC(=O)N(C)C,CC(=O)N(C)C,CC(=O)N(C)C,CC(=O)N(C)C,CC(=O)N(C)C,22.0,64800.0,0.0
CN[C@@H]1C[C@H]2O[C@@](C)([C@@H]1OC)n1c3ccccc3c3c4c(c5c6ccccc6n2c5c31)C(=O)NC4,O=C1CCN(c2ccc(F)c(F)c2)CC1,CC(=O)O,CC(C)[O-].CC(C)[O-].CC(C)[O-].CC(C)[O-].[Ti+4],CC(=O)O[BH-](OC(C)=O)OC(C)=O.[Na+],,CC(=O)N(C)C,CC(=O)N(C)C,CC(=O)N(C)C,CC(=O)N(C)C,CC(=O)N(C)C,CC(=O)N(C)C,CC(=O)N(C)C,22.0,64800.0,10.0
CN[C@@H]1C[C@H]2O[C@@](C)([C@@H]1OC)n1c3ccccc3c3c4c(c5c6ccccc6n2c5c31)C(=O)NC4,O=C1CCC(n2cccn2)C1,CC(=O)O,CC(C)[O-].CC(C)[O-].CC(C)[O-].CC(C)[O-].[Ti+4],CC(=O)O[BH-](OC(C)=O)OC(C)=O.[Na+],,CN1CCCC1=O,CN1CCCC1=O,CN1CCCC1=O,CN1CCCC1=O,CN1CCCC1=O,CN1CCCC1=O,CN1CCCC1=O,22.0,64800.0,1.0
CN[C@@H]1C[C@H]2O[C@@](C)([C@@H]1OC)n1c3ccccc3c3c4c(c5c6ccccc6n2c5c31)C(=O)NC4,N#Cc1ccc(C=O)cc1Br,CC(=O)O,CC(C)[O-].CC(C)[O-].CC(C)[O-].CC(C)[O-].[Ti+4],CC(=O)O[BH-](OC(C)=O)OC(C)=O.[Na+],,CC(=O)N(C)C,CC(=O)N(C)C,CC(=O)N(C)C,CC(=O)N(C)C,CC(=O)N(C)C,CC(=O)N(C)C,CC(=O)N(C)C,22.0,64800.0,89.0
CN[C@@H]1C[C@H]2O[C@@](C)([C@@H]1OC)n1c3ccccc3c3c4c(c5c6ccccc6n2c5c31)C(=O)NC4,Cc1cc(C=O)on1,CC(=O)O,CC(C)[O-].CC(C)[O-].CC(C)[O-].CC(C)[O-].[Ti+4],CC(=O)O[BH-](OC(C)=O)OC(C)=O.[Na+],,CN1CCCC1=O,CN1CCCC1=O,CN1CCCC1=O,CN1CCCC1=O,CN1CCCC1=O,CN1CCCC1=O,CN1CCCC1=O,22.0,64800.0,100.0
CN[C@@H]1C[C@H]2O[C@@](C)([C@@H]1OC)n1c3ccccc3c3c4c(c5c6ccccc6n2c5c31)C(=O)NC4,CC(=O)/C=C/c1ccccc1,CC(=O)O,CC(C)[O-].CC(C)[O-].CC(C)[O-].CC(C)[O-].[Ti+4],CC(=O)O[BH-](OC(C)=O)OC(C)=O.[Na+],,CC(=O)N(C)C,CC(=O)N(C)C,CC(=O)N(C)C,CC(=O)N(C)C,CC(=O)N(C)C,CC(=O)N(C)C,CC(=O)N(C)C,22.0,64800.0,0.0
CN[C@@H]1C[C@H]2O[C@@](C)([C@@H]1OC)n1c3ccccc3c3c4c(c5c6ccccc6n2c5c31)C(=O)NC4,O=Cc1ccccc1,CC(=O)O,CC(C)[O-].CC(C)[O-].CC(C)[O-].CC(C)[O-].[Ti+4],CC(=O)O[BH-](OC(C)=O)OC(C)=O.[Na+],,CN1CCCC1=O,CN1CCCC1=O,CN1CCCC1=O,CN1CCCC1=O,CN1CCCC1=O,CN1CCCC1=O,CN1CCCC1=O,22.0,64800.0,73.0
CN[C@@H]1C[C@H]2O[C@@](C)([C@@H]1OC)n1c3ccccc3c3c4c(c5c6ccccc6n2c5c31)C(=O)NC4,O=CCCN1C(=O)c2ccccc2C1=O,CC(=O)O,CC(C)[O-].CC(C)[O-].CC(C)[O-].CC(C)[O-].[Ti+4],CC(=O)O[BH-](OC(C)=O)OC(C)=O.[Na+],,CN1CCCC1=O,CN1CCCC1=O,CN1CCCC1=O,CN1CCCC1=O,CN1CCCC1=O,CN1CCCC1=O,CN1CCCC1=O,22.0,64800.0,79.0
CN[C@@H]1C[C@H]2O[C@@](C)([C@@H]1OC)n1c3ccccc3c3c4c(c5c6ccccc6n2c5c31)C(=O)NC4,Cn1nc(C=O)nc1-c1ccccn1,CC(=O)O,CC(C)[O-].CC(C)[O-].CC(C)[O-].CC(C)[O-].[Ti+4],CC(=O)O[BH-](OC(C)=O)OC(C)=O.[Na+],,CN1CCCC1=O,CN1CCCC1=O,CN1CCCC1=O,CN1CCCC1=O,CN1CCCC1=O,CN1CCCC1=O,CN1CCCC1=O,22.0,64800.0,100.0
CN[C@@H]1C[C@H]2O[C@@](C)([C@@H]1OC)n1c3ccccc3c3c4c(c5c6ccccc6n2c5c31)C(=O)NC4,CC(=O)/C=C/c1ccccc1,CC(=O)O,CC(C)[O-].CC(C)[O-].CC(C)[O-].CC(C)[O-].[Ti+4],CC(=O)O[BH-](OC(C)=O)OC(C)=O.[Na+],,CN1CCCC1=O,CN1CCCC1=O,CN1CCCC1=O,CN1CCCC1=O,CN1CCCC1=O,CN1CCCC1=O,CN1CCCC1=O,22.0,64800.0,1.0
CN[C@@H]1C[C@H]2O[C@@](C)([C@@H]1OC)n1c3ccccc3c3c4c(c5c6ccccc6n2c5c31)C(=O)NC4,CC(C)n1ncc2cc(C=O)cnc21,CC(=O)O,CC(C)[O-].CC(C)[O-].CC(C)[O-].CC(C)[O-].[Ti+4],CC(=O)O[BH-](OC(C)=O)OC(C)=O.[Na+],,CN1CCCC1=O,CN1CCCC1=O,CN1CCCC1=O,CN1CCCC1=O,CN1CCCC1=O,CN1CCCC1=O,CN1CCCC1=O,22.0,64800.0,93.0
CN[C@@H]1C[C@H]2O[C@@](C)([C@@H]1OC)n1c3ccccc3c3c4c(c5c6ccccc6n2c5c31)C(=O)NC4,CC(=O)c1cc(C)cc(C)c1,CC(=O)O,CC(C)[O-].CC(C)[O-].CC(C)[O-].CC(C)[O-].[Ti+4],CC(=O)O[BH-](OC(C)=O)OC(C)=O.[Na+],,CC(=O)N(C)C,CC(=O)N(C)C,CC(=O)N(C)C,CC(=O)N(C)C,CC(=O)N(C)C,CC(=O)N(C)C,CC(=O)N(C)C,22.0,64800.0,0.0
CN[C@@H]1C[C@H]2O[C@@](C)([C@@H]1OC)n1c3ccccc3c3c4c(c5c6ccccc6n2c5c31)C(=O)NC4,N#CCC1CCC(=O)C1,CC(=O)O,CC(C)[O-].CC(C)[O-].CC(C)[O-].CC(C)[O-].[Ti+4],CC(=O)O[BH-](OC(C)=O)OC(C)=O.[Na+],,CN1CCCC1=O,CN1CCCC1=O,CN1CCCC1=O,CN1CCCC1=O,CN1CCCC1=O,CN1CCCC1=O,CN1CCCC1=O,22.0,64800.0,4.0
CN[C@@H]1C[C@H]2O[C@@](C)([C@@H]1OC)n1c3ccccc3c3c4c(c5c6ccccc6n2c5c31)C(=O)NC4,COc1cccc(C=O)c1,CC(=O)O,CC(C)[O-].CC(C)[O-].CC(C)[O-].CC(C)[O-].[Ti+4],CC(=O)O[BH-](OC(C)=O)OC(C)=O.[Na+],,CN1CCCC1=O,CN1CCCC1=O,CN1CCCC1=O,CN1CCCC1=O,CN1CCCC1=O,CN1CCCC1=O,CN1CCCC1=O,22.0,64800.0,57.0
CN[C@@H]1C[C@H]2O[C@@](C)([C@@H]1OC)n1c3ccccc3c3c4c(c5c6ccccc6n2c5c31)C(=O)NC4,CC(=O)Nc1ccc(C=O)cc1,CC(=O)O,CC(C)[O-].CC(C)[O-].CC(C)[O-].CC(C)[O-].[Ti+4],CC(=O)O[BH-](OC(C)=O)OC(C)=O.[Na+],,CC(=O)N(C)C,CC(=O)N(C)C,CC(=O)N(C)C,CC(=O)N(C)C,CC(=O)N(C)C,CC(=O)N(C)C,CC(=O)N(C)C,22.0,64800.0,87.0
CN[C@@H]1C[C@H]2O[C@@](C)([C@@H]1OC)n1c3ccccc3c3c4c(c5c6ccccc6n2c5c31)C(=O)NC4,O=Cc1cccc(-c2cc(O)ccn2)c1,CC(=O)O,CC(C)[O-].CC(C)[O-].CC(C)[O-].CC(C)[O-].[Ti+4],CC(=O)O[BH-](OC(C)=O)OC(C)=O.[Na+],,CN1CCCC1=O,CN1CCCC1=O,CN1CCCC1=O,CN1CCCC1=O,CN1CCCC1=O,CN1CCCC1=O,CN1CCCC1=O,22.0,64800.0,100.0
CN[C@@H]1C[C@H]2O[C@@](C)([C@@H]1OC)n1c3ccccc3c3c4c(c5c6ccccc6n2c5c31)C(=O)NC4,Cc1ccc(C=O)cc1C,CC(=O)O,CC(C)[O-].CC(C)[O-].CC(C)[O-].CC(C)[O-].[Ti+4],CC(=O)O[BH-](OC(C)=O)OC(C)=O.[Na+],,CC(=O)N(C)C,CC(=O)N(C)C,CC(=O)N(C)C,CC(=O)N(C)C,CC(=O)N(C)C,CC(=O)N(C)C,CC(=O)N(C)C,22.0,64800.0,53.0
CN[C@@H]1C[C@H]2O[C@@](C)([C@@H]1OC)n1c3ccccc3c3c4c(c5c6ccccc6n2c5c31)C(=O)NC4,Cc1ccc(C=O)cc1C,CC(=O)O,CC(C)[O-].CC(C)[O-].CC(C)[O-].CC(C)[O-].[Ti+4],CC(=O)O[BH-](OC(C)=O)OC(C)=O.[Na+],,CC(=O)N(C)C,CC(=O)N(C)C,CC(=O)N(C)C,CC(=O)N(C)C,CC(=O)N(C)C,CC(=O)N(C)C,CC(=O)N(C)C,22.0,64800.0,70.0
CN[C@@H]1C[C@H]2O[C@@](C)([C@@H]1OC)n1c3ccccc3c3c4c(c5c6ccccc6n2c5c31)C(=O)NC4,O=CC=Cc1ccccc1,CC(=O)O,CC(C)[O-].CC(C)[O-].CC(C)[O-].CC(C)[O-].[Ti+4],CC(=O)O[BH-](OC(C)=O)OC(C)=O.[Na+],,CC(=O)N(C)C,CC(=O)N(C)C,CC(=O)N(C)C,CC(=O)N(C)C,CC(=O)N(C)C,CC(=O)N(C)C,CC(=O)N(C)C,22.0,64800.0,34.0
CN[C@@H]1C[C@H]2O[C@@](C)([C@@H]1OC)n1c3ccccc3c3c4c(c5c6ccccc6n2c5c31)C(=O)NC4,O=Cc1cn(-c2ncccn2)cn1,CC(=O)O,CC(C)[O-].CC(C)[O-].CC(C)[O-].CC(C)[O-].[Ti+4],CC(=O)O[BH-](OC(C)=O)OC(C)=O.[Na+],,CN1CCCC1=O,CN1CCCC1=O,CN1CCCC1=O,CN1CCCC1=O,CN1CCCC1=O,CN1CCCC1=O,CN1CCCC1=O,22.0,64800.0,45.0
CN[C@@H]1C[C@H]2O[C@@](C)([C@@H]1OC)n1c3ccccc3c3c4c(c5c6ccccc6n2c5c31)C(=O)NC4,O=Cc1nc2ccccc2s1,CC(=O)O,CC(C)[O-].CC(C)[O-].CC(C)[O-].CC(C)[O-].[Ti+4],CC(=O)O[BH-](OC(C)=O)OC(C)=O.[Na+],,CC(=O)N(C)C,CC(=O)N(C)C,CC(=O)N(C)C,CC(=O)N(C)C,CC(=O)N(C)C,CC(=O)N(C)C,CC(=O)N(C)C,22.0,64800.0,6.0
CN[C@@H]1C[C@H]2O[C@@](C)([C@@H]1OC)n1c3ccccc3c3c4c(c5c6ccccc6n2c5c31)C(=O)NC4,CC(=O)Nc1ccc(C=O)cc1,CC(=O)O,CC(C)[O-].CC(C)[O-].CC(C)[O-].CC(C)[O-].[Ti+4],CC(=O)O[BH-](OC(C)=O)OC(C)=O.[Na+],,CN1CCCC1=O,CN1CCCC1=O,CN1CCCC1=O,CN1CCCC1=O,CN1CCCC1=O,CN1CCCC1=O,CN1CCCC1=O,22.0,64800.0,85.0
CN[C@@H]1C[C@H]2O[C@@](C)([C@@H]1OC)n1c3ccccc3c3c4c(c5c6ccccc6n2c5c31)C(=O)NC4,CC(=O)c1cc(C(F)(F)F)cc(C(F)(F)F)c1,CC(=O)O,CC(C)[O-].CC(C)[O-].CC(C)[O-].CC(C)[O-].[Ti+4],CC(=O)O[BH-](OC(C)=O)OC(C)=O.[Na+],,CN1CCCC1=O,CN1CCCC1=O,CN1CCCC1=O,CN1CCCC1=O,CN1CCCC1=O,CN1CCCC1=O,CN1CCCC1=O,22.0,64800.0,0.0
CN[C@@H]1C[C@H]2O[C@@](C)([C@@H]1OC)n1c3ccccc3c3c4c(c5c6ccccc6n2c5c31)C(=O)NC4,O=C1CCN(c2ccc(F)c(F)c2)CC1,CC(=O)O,CC(C)[O-].CC(C)[O-].CC(C)[O-].CC(C)[O-].[Ti+4],CC(=O)O[BH-](OC(C)=O)OC(C)=O.[Na+],,CN1CCCC1=O,CN1CCCC1=O,CN1CCCC1=O,CN1CCCC1=O,CN1CCCC1=O,CN1CCCC1=O,CN1CCCC1=O,22.0,64800.0,25.0
CN[C@@H]1C[C@H]2O[C@@](C)([C@@H]1OC)n1c3ccccc3c3c4c(c5c6ccccc6n2c5c31)C(=O)NC4,CN1CCOc2cc(C=O)ccc21,CC(=O)O,CC(C)[O-].CC(C)[O-].CC(C)[O-].CC(C)[O-].[Ti+4],CC(=O)O[BH-](OC(C)=O)OC(C)=O.[Na+],,CN1CCCC1=O,CN1CCCC1=O,CN1CCCC1=O,CN1CCCC1=O,CN1CCCC1=O,CN1CCCC1=O,CN1CCCC1=O,22.0,64800.0,79.0
CN[C@@H]1C[C@H]2O[C@@](C)([C@@H]1OC)n1c3ccccc3c3c4c(c5c6ccccc6n2c5c31)C(=O)NC4,CC(C)Cc1cc(C=O)n[nH]1,CC(=O)O,CC(C)[O-].CC(C)[O-].CC(C)[O-].CC(C)[O-].[Ti+4],CC(=O)O[BH-](OC(C)=O)OC(C)=O.[Na+],,CN1CCCC1=O,CN1CCCC1=O,CN1CCCC1=O,CN1CCCC1=O,CN1CCCC1=O,CN1CCCC1=O,CN1CCCC1=O,22.0,64800.0,26.0
CN[C@@H]1C[C@H]2O[C@@](C)([C@@H]1OC)n1c3ccccc3c3c4c(c5c6ccccc6n2c5c31)C(=O)NC4,O=Cc1nc2ccccc2s1,CC(=O)O,CC(C)[O-].CC(C)[O-].CC(C)[O-].CC(C)[O-].[Ti+4],CC(=O)O[BH-](OC(C)=O)OC(C)=O.[Na+],,CN1CCCC1=O,CN1CCCC1=O,CN1CCCC1=O,CN1CCCC1=O,CN1CCCC1=O,CN1CCCC1=O,CN1CCCC1=O,22.0,64800.0,45.0
CN[C@@H]1C[C@H]2O[C@@](C)([C@@H]1OC)n1c3ccccc3c3c4c(c5c6ccccc6n2c5c31)C(=O)NC4,O=Cc1nc2ccccc2s1,CC(=O)O,CC(C)[O-].CC(C)[O-].CC(C)[O-].CC(C)[O-].[Ti+4],CC(=O)O[BH-](OC(C)=O)OC(C)=O.[Na+],,CC(=O)N(C)C,CC(=O)N(C)C,CC(=O)N(C)C,CC(=O)N(C)C,CC(=O)N(C)C,CC(=O)N(C)C,CC(=O)N(C)C,22.0,64800.0,14.0
CN[C@@H]1C[C@H]2O[C@@](C)([C@@H]1OC)n1c3ccccc3c3c4c(c5c6ccccc6n2c5c31)C(=O)NC4,CC(C)=CCCC(C)CC=O,CC(=O)O,CC(C)[O-].CC(C)[O-].CC(C)[O-].CC(C)[O-].[Ti+4],CC(=O)O[BH-](OC(C)=O)OC(C)=O.[Na+],,CN1CCCC1=O,CN1CCCC1=O,CN1CCCC1=O,CN1CCCC1=O,CN1CCCC1=O,CN1CCCC1=O,CN1CCCC1=O,22.0,64800.0,49.0
CN[C@@H]1C[C@H]2O[C@@](C)([C@@H]1OC)n1c3ccccc3c3c4c(c5c6ccccc6n2c5c31)C(=O)NC4,CC(C)n1ncc2cc(C=O)cnc21,CC(=O)O,CC(C)[O-].CC(C)[O-].CC(C)[O-].CC(C)[O-].[Ti+4],CC(=O)O[BH-](OC(C)=O)OC(C)=O.[Na+],,CN1CCCC1=O,CN1CCCC1=O,CN1CCCC1=O,CN1CCCC1=O,CN1CCCC1=O,CN1CCCC1=O,CN1CCCC1=O,22.0,64800.0,100.0
CN[C@@H]1C[C@H]2O[C@@](C)([C@@H]1OC)n1c3ccccc3c3c4c(c5c6ccccc6n2c5c31)C(=O)NC4,CC(=O)/C=C/c1ccccc1,CC(=O)O,CC(C)[O-].CC(C)[O-].CC(C)[O-].CC(C)[O-].[Ti+4],CC(=O)O[BH-](OC(C)=O)OC(C)=O.[Na+],,CC(=O)N(C)C,CC(=O)N(C)C,CC(=O)N(C)C,CC(=O)N(C)C,CC(=O)N(C)C,CC(=O)N(C)C,CC(=O)N(C)C,22.0,64800.0,2.0
CN[C@@H]1C[C@H]2O[C@@](C)([C@@H]1OC)n1c3ccccc3c3c4c(c5c6ccccc6n2c5c31)C(=O)NC4,COc1cccc(C=O)c1,CC(=O)O,CC(C)[O-].CC(C)[O-].CC(C)[O-].CC(C)[O-].[Ti+4],CC(=O)O[BH-](OC(C)=O)OC(C)=O.[Na+],,CN1CCCC1=O,CN1CCCC1=O,CN1CCCC1=O,CN1CCCC1=O,CN1CCCC1=O,CN1CCCC1=O,CN1CCCC1=O,22.0,64800.0,98.0
CN[C@@H]1C[C@H]2O[C@@](C)([C@@H]1OC)n1c3ccccc3c3c4c(c5c6ccccc6n2c5c31)C(=O)NC4,O=C1CCN(c2ccc(F)c(F)c2)CC1,CC(=O)O,CC(C)[O-].CC(C)[O-].CC(C)[O-].CC(C)[O-].[Ti+4],CC(=O)O[BH-](OC(C)=O)OC(C)=O.[Na+],,CN1CCCC1=O,CN1CCCC1=O,CN1CCCC1=O,CN1CCCC1=O,CN1CCCC1=O,CN1CCCC1=O,CN1CCCC1=O,22.0,64800.0,46.0
CN[C@@H]1C[C@H]2O[C@@](C)([C@@H]1OC)n1c3ccccc3c3c4c(c5c6ccccc6n2c5c31)C(=O)NC4,N#Cc1ccc(C=O)cc1Br,CC(=O)O,CC(C)[O-].CC(C)[O-].CC(C)[O-].CC(C)[O-].[Ti+4],CC(=O)O[BH-](OC(C)=O)OC(C)=O.[Na+],,CN1CCCC1=O,CN1CCCC1=O,CN1CCCC1=O,CN1CCCC1=O,CN1CCCC1=O,CN1CCCC1=O,CN1CCCC1=O,22.0,64800.0,100.0
CN[C@@H]1C[C@H]2O[C@@](C)([C@@H]1OC)n1c3ccccc3c3c4c(c5c6ccccc6n2c5c31)C(=O)NC4,CCCCc1cc(Cl)c(C=O)[nH]1,CC(=O)O,CC(C)[O-].CC(C)[O-].CC(C)[O-].CC(C)[O-].[Ti+4],CC(=O)O[BH-](OC(C)=O)OC(C)=O.[Na+],,CN1CCCC1=O,CN1CCCC1=O,CN1CCCC1=O,CN1CCCC1=O,CN1CCCC1=O,CN1CCCC1=O,CN1CCCC1=O,22.0,64800.0,1.0
CN[C@@H]1C[C@H]2O[C@@](C)([C@@H]1OC)n1c3ccccc3c3c4c(c5c6ccccc6n2c5c31)C(=O)NC4,O=C1CCCC1,CC(=O)O,CC(C)[O-].CC(C)[O-].CC(C)[O-].CC(C)[O-].[Ti+4],CC(=O)O[BH-](OC(C)=O)OC(C)=O.[Na+],,CN1CCCC1=O,CN1CCCC1=O,CN1CCCC1=O,CN1CCCC1=O,CN1CCCC1=O,CN1CCCC1=O,CN1CCCC1=O,22.0,64800.0,3.0
CN[C@@H]1C[C@H]2O[C@@](C)([C@@H]1OC)n1c3ccccc3c3c4c(c5c6ccccc6n2c5c31)C(=O)NC4,O=Cc1[nH]ncc1Br,CC(=O)O,CC(C)[O-].CC(C)[O-].CC(C)[O-].CC(C)[O-].[Ti+4],CC(=O)O[BH-](OC(C)=O)OC(C)=O.[Na+],,CN1CCCC1=O,CN1CCCC1=O,CN1CCCC1=O,CN1CCCC1=O,CN1CCCC1=O,CN1CCCC1=O,CN1CCCC1=O,22.0,64800.0,83.0
CN[C@@H]1C[C@H]2O[C@@](C)([C@@H]1OC)n1c3ccccc3c3c4c(c5c6ccccc6n2c5c31)C(=O)NC4,CC(=O)c1cc(C(F)(F)F)cc(C(F)(F)F)c1,CC(=O)O,CC(C)[O-].CC(C)[O-].CC(C)[O-].CC(C)[O-].[Ti+4],CC(=O)O[BH-](OC(C)=O)OC(C)=O.[Na+],,CN1CCCC1=O,CN1CCCC1=O,CN1CCCC1=O,CN1CCCC1=O,CN1CCCC1=O,CN1CCCC1=O,CN1CCCC1=O,22.0,64800.0,0.0
CN[C@@H]1C[C@H]2O[C@@](C)([C@@H]1OC)n1c3ccccc3c3c4c(c5c6ccccc6n2c5c31)C(=O)NC4,CC(=O)c1cc(C(F)(F)F)cc(C(F)(F)F)c1,CC(=O)O,CC(C)[O-].CC(C)[O-].CC(C)[O-].CC(C)[O-].[Ti+4],CC(=O)O[BH-](OC(C)=O)OC(C)=O.[Na+],,CC(=O)N(C)C,CC(=O)N(C)C,CC(=O)N(C)C,CC(=O)N(C)C,CC(=O)N(C)C,CC(=O)N(C)C,CC(=O)N(C)C,22.0,64800.0,0.0
CN[C@@H]1C[C@H]2O[C@@](C)([C@@H]1OC)n1c3ccccc3c3c4c(c5c6ccccc6n2c5c31)C(=O)NC4,O=Cc1[nH]ncc1Br,CC(=O)O,CC(C)[O-].CC(C)[O-].CC(C)[O-].CC(C)[O-].[Ti+4],CC(=O)O[BH-](OC(C)=O)OC(C)=O.[Na+],,CN1CCCC1=O,CN1CCCC1=O,CN1CCCC1=O,CN1CCCC1=O,CN1CCCC1=O,CN1CCCC1=O,CN1CCCC1=O,22.0,64800.0,85.0
CN[C@@H]1C[C@H]2O[C@@](C)([C@@H]1OC)n1c3ccccc3c3c4c(c5c6ccccc6n2c5c31)C(=O)NC4,O=CCCN1C(=O)c2ccccc2C1=O,CC(=O)O,CC(C)[O-].CC(C)[O-].CC(C)[O-].CC(C)[O-].[Ti+4],CC(=O)O[BH-](OC(C)=O)OC(C)=O.[Na+],,CN1CCCC1=O,CN1CCCC1=O,CN1CCCC1=O,CN1CCCC1=O,CN1CCCC1=O,CN1CCCC1=O,CN1CCCC1=O,22.0,64800.0,99.0
CN[C@@H]1C[C@H]2O[C@@](C)([C@@H]1OC)n1c3ccccc3c3c4c(c5c6ccccc6n2c5c31)C(=O)NC4,CC(C)n1ncc2cc(C=O)cnc21,CC(=O)O,CC(C)[O-].CC(C)[O-].CC(C)[O-].CC(C)[O-].[Ti+4],CC(=O)O[BH-](OC(C)=O)OC(C)=O.[Na+],,CN1CCCC1=O,CN1CCCC1=O,CN1CCCC1=O,CN1CCCC1=O,CN1CCCC1=O,CN1CCCC1=O,CN1CCCC1=O,22.0,64800.0,100.0
CN[C@@H]1C[C@H]2O[C@@](C)([C@@H]1OC)n1c3ccccc3c3c4c(c5c6ccccc6n2c5c31)C(=O)NC4,Cc1ccc(C=O)cc1C,CC(=O)O,CC(C)[O-].CC(C)[O-].CC(C)[O-].CC(C)[O-].[Ti+4],CC(=O)O[BH-](OC(C)=O)OC(C)=O.[Na+],,CN1CCCC1=O,CN1CCCC1=O,CN1CCCC1=O,CN1CCCC1=O,CN1CCCC1=O,CN1CCCC1=O,CN1CCCC1=O,22.0,64800.0,75.0
CN[C@@H]1C[C@H]2O[C@@](C)([C@@H]1OC)n1c3ccccc3c3c4c(c5c6ccccc6n2c5c31)C(=O)NC4,CC(C)=CCCC(C)CC=O,CC(=O)O,CC(C)[O-].CC(C)[O-].CC(C)[O-].CC(C)[O-].[Ti+4],CC(=O)O[BH-](OC(C)=O)OC(C)=O.[Na+],,CC(=O)N(C)C,CC(=O)N(C)C,CC(=O)N(C)C,CC(=O)N(C)C,CC(=O)N(C)C,CC(=O)N(C)C,CC(=O)N(C)C,22.0,64800.0,73.0
CN[C@@H]1C[C@H]2O[C@@](C)([C@@H]1OC)n1c3ccccc3c3c4c(c5c6ccccc6n2c5c31)C(=O)NC4,O=Cc1ccc(-c2nn[nH]n2)cc1,CC(=O)O,CC(C)[O-].CC(C)[O-].CC(C)[O-].CC(C)[O-].[Ti+4],CC(=O)O[BH-](OC(C)=O)OC(C)=O.[Na+],,CN1CCCC1=O,CN1CCCC1=O,CN1CCCC1=O,CN1CCCC1=O,CN1CCCC1=O,CN1CCCC1=O,CN1CCCC1=O,22.0,64800.0,86.0
CN[C@@H]1C[C@H]2O[C@@](C)([C@@H]1OC)n1c3ccccc3c3c4c(c5c6ccccc6n2c5c31)C(=O)NC4,Cc1ccc(C=O)cc1C,CC(=O)O,CC(C)[O-].CC(C)[O-].CC(C)[O-].CC(C)[O-].[Ti+4],CC(=O)O[BH-](OC(C)=O)OC(C)=O.[Na+],,CN1CCCC1=O,CN1CCCC1=O,CN1CCCC1=O,CN1CCCC1=O,CN1CCCC1=O,CN1CCCC1=O,CN1CCCC1=O,22.0,64800.0,51.0
CN[C@@H]1C[C@H]2O[C@@](C)([C@@H]1OC)n1c3ccccc3c3c4c(c5c6ccccc6n2c5c31)C(=O)NC4,O=Cc1c(Cl)cnc2[nH]ccc12,CC(=O)O,CC(C)[O-].CC(C)[O-].CC(C)[O-].CC(C)[O-].[Ti+4],CC(=O)O[BH-](OC(C)=O)OC(C)=O.[Na+],,CN1CCCC1=O,CN1CCCC1=O,CN1CCCC1=O,CN1CCCC1=O,CN1CCCC1=O,CN1CCCC1=O,CN1CCCC1=O,22.0,64800.0,95.0
CN[C@@H]1C[C@H]2O[C@@](C)([C@@H]1OC)n1c3ccccc3c3c4c(c5c6ccccc6n2c5c31)C(=O)NC4,CC(=O)/C=C/c1ccccc1,CC(=O)O,CC(C)[O-].CC(C)[O-].CC(C)[O-].CC(C)[O-].[Ti+4],CC(=O)O[BH-](OC(C)=O)OC(C)=O.[Na+],,CN1CCCC1=O,CN1CCCC1=O,CN1CCCC1=O,CN1CCCC1=O,CN1CCCC1=O,CN1CCCC1=O,CN1CCCC1=O,22.0,64800.0,4.0
CN[C@@H]1C[C@H]2O[C@@](C)([C@@H]1OC)n1c3ccccc3c3c4c(c5c6ccccc6n2c5c31)C(=O)NC4,O=Cc1nc2ccccc2s1,CC(=O)O,CC(C)[O-].CC(C)[O-].CC(C)[O-].CC(C)[O-].[Ti+4],CC(=O)O[BH-](OC(C)=O)OC(C)=O.[Na+],,CN1CCCC1=O,CN1CCCC1=O,CN1CCCC1=O,CN1CCCC1=O,CN1CCCC1=O,CN1CCCC1=O,CN1CCCC1=O,22.0,64800.0,22.0
CN[C@@H]1C[C@H]2O[C@@](C)([C@@H]1OC)n1c3ccccc3c3c4c(c5c6ccccc6n2c5c31)C(=O)NC4,O=CC1CCN(C(=O)OCc2ccccc2)CC1,CC(=O)O,CC(C)[O-].CC(C)[O-].CC(C)[O-].CC(C)[O-].[Ti+4],CC(=O)O[BH-](OC(C)=O)OC(C)=O.[Na+],,CC(=O)N(C)C,CC(=O)N(C)C,CC(=O)N(C)C,CC(=O)N(C)C,CC(=O)N(C)C,CC(=O)N(C)C,CC(=O)N(C)C,22.0,64800.0,1.0
CN[C@@H]1C[C@H]2O[C@@](C)([C@@H]1OC)n1c3ccccc3c3c4c(c5c6ccccc6n2c5c31)C(=O)NC4,CC(=O)c1cc(C(F)(F)F)cc(C(F)(F)F)c1,CC(=O)O,CC(C)[O-].CC(C)[O-].CC(C)[O-].CC(C)[O-].[Ti+4],CC(=O)O[BH-](OC(C)=O)OC(C)=O.[Na+],,CC(=O)N(C)C,CC(=O)N(C)C,CC(=O)N(C)C,CC(=O)N(C)C,CC(=O)N(C)C,CC(=O)N(C)C,CC(=O)N(C)C,22.0,64800.0,0.0
CN[C@@H]1C[C@H]2O[C@@](C)([C@@H]1OC)n1c3ccccc3c3c4c(c5c6ccccc6n2c5c31)C(=O)NC4,O=Cc1c[nH]nc1-c1cccnc1,CC(=O)O,CC(C)[O-].CC(C)[O-].CC(C)[O-].CC(C)[O-].[Ti+4],CC(=O)O[BH-](OC(C)=O)OC(C)=O.[Na+],,CN1CCCC1=O,CN1CCCC1=O,CN1CCCC1=O,CN1CCCC1=O,CN1CCCC1=O,CN1CCCC1=O,CN1CCCC1=O,22.0,64800.0,50.0
CN[C@@H]1C[C@H]2O[C@@](C)([C@@H]1OC)n1c3ccccc3c3c4c(c5c6ccccc6n2c5c31)C(=O)NC4,O=Cc1nc2ccccc2s1,CC(=O)O,CC(C)[O-].CC(C)[O-].CC(C)[O-].CC(C)[O-].[Ti+4],CC(=O)O[BH-](OC(C)=O)OC(C)=O.[Na+],,CN1CCCC1=O,CN1CCCC1=O,CN1CCCC1=O,CN1CCCC1=O,CN1CCCC1=O,CN1CCCC1=O,CN1CCCC1=O,22.0,64800.0,73.0
CN[C@@H]1C[C@H]2O[C@@](C)([C@@H]1OC)n1c3ccccc3c3c4c(c5c6ccccc6n2c5c31)C(=O)NC4,O=C1CCCC1,CC(=O)O,CC(C)[O-].CC(C)[O-].CC(C)[O-].CC(C)[O-].[Ti+4],CC(=O)O[BH-](OC(C)=O)OC(C)=O.[Na+],,CN1CCCC1=O,CN1CCCC1=O,CN1CCCC1=O,CN1CCCC1=O,CN1CCCC1=O,CN1CCCC1=O,CN1CCCC1=O,22.0,64800.0,8.0
CN[C@@H]1C[C@H]2O[C@@](C)([C@@H]1OC)n1c3ccccc3c3c4c(c5c6ccccc6n2c5c31)C(=O)NC4,CC(=O)Nc1ccc(C=O)cc1,CC(=O)O,CC(C)[O-].CC(C)[O-].CC(C)[O-].CC(C)[O-].[Ti+4],CC(=O)O[BH-](OC(C)=O)OC(C)=O.[Na+],,CC(=O)N(C)C,CC(=O)N(C)C,CC(=O)N(C)C,CC(=O)N(C)C,CC(=O)N(C)C,CC(=O)N(C)C,CC(=O)N(C)C,22.0,64800.0,86.0
CN[C@@H]1C[C@H]2O[C@@](C)([C@@H]1OC)n1c3ccccc3c3c4c(c5c6ccccc6n2c5c31)C(=O)NC4,O=C1CCC(n2cccn2)C1,CC(=O)O,CC(C)[O-].CC(C)[O-].CC(C)[O-].CC(C)[O-].[Ti+4],CC(=O)O[BH-](OC(C)=O)OC(C)=O.[Na+],,CC(=O)N(C)C,CC(=O)N(C)C,CC(=O)N(C)C,CC(=O)N(C)C,CC(=O)N(C)C,CC(=O)N(C)C,CC(=O)N(C)C,22.0,64800.0,1.0
CN[C@@H]1C[C@H]2O[C@@](C)([C@@H]1OC)n1c3ccccc3c3c4c(c5c6ccccc6n2c5c31)C(=O)NC4,Cc1ccc(C=O)cc1C,CC(=O)O,CC(C)[O-].CC(C)[O-].CC(C)[O-].CC(C)[O-].[Ti+4],CC(=O)O[BH-](OC(C)=O)OC(C)=O.[Na+],,CC(=O)N(C)C,CC(=O)N(C)C,CC(=O)N(C)C,CC(=O)N(C)C,CC(=O)N(C)C,CC(=O)N(C)C,CC(=O)N(C)C,22.0,64800.0,98.0
CN[C@@H]1C[C@H]2O[C@@](C)([C@@H]1OC)n1c3ccccc3c3c4c(c5c6ccccc6n2c5c31)C(=O)NC4,O=C1CCCC1,CC(=O)O,CC(C)[O-].CC(C)[O-].CC(C)[O-].CC(C)[O-].[Ti+4],CC(=O)O[BH-](OC(C)=O)OC(C)=O.[Na+],,CN1CCCC1=O,CN1CCCC1=O,CN1CCCC1=O,CN1CCCC1=O,CN1CCCC1=O,CN1CCCC1=O,CN1CCCC1=O,22.0,64800.0,18.0
CN[C@@H]1C[C@H]2O[C@@](C)([C@@H]1OC)n1c3ccccc3c3c4c(c5c6ccccc6n2c5c31)C(=O)NC4,N#Cc1ccc(C=O)cc1Br,CC(=O)O,CC(C)[O-].CC(C)[O-].CC(C)[O-].CC(C)[O-].[Ti+4],CC(=O)O[BH-](OC(C)=O)OC(C)=O.[Na+],,CN1CCCC1=O,CN1CCCC1=O,CN1CCCC1=O,CN1CCCC1=O,CN1CCCC1=O,CN1CCCC1=O,CN1CCCC1=O,22.0,64800.0,100.0
CN[C@@H]1C[C@H]2O[C@@](C)([C@@H]1OC)n1c3ccccc3c3c4c(c5c6ccccc6n2c5c31)C(=O)NC4,CC(=O)c1cc(C)cc(C)c1,CC(=O)O,CC(C)[O-].CC(C)[O-].CC(C)[O-].CC(C)[O-].[Ti+4],CC(=O)O[BH-](OC(C)=O)OC(C)=O.[Na+],,CN1CCCC1=O,CN1CCCC1=O,CN1CCCC1=O,CN1CCCC1=O,CN1CCCC1=O,CN1CCCC1=O,CN1CCCC1=O,22.0,64800.0,0.0
CN[C@@H]1C[C@H]2O[C@@](C)([C@@H]1OC)n1c3ccccc3c3c4c(c5c6ccccc6n2c5c31)C(=O)NC4,O=C1CCC(n2cccn2)C1,CC(=O)O,CC(C)[O-].CC(C)[O-].CC(C)[O-].CC(C)[O-].[Ti+4],CC(=O)O[BH-](OC(C)=O)OC(C)=O.[Na+],,CC(=O)N(C)C,CC(=O)N(C)C,CC(=O)N(C)C,CC(=O)N(C)C,CC(=O)N(C)C,CC(=O)N(C)C,CC(=O)N(C)C,22.0,64800.0,1.0
CN[C@@H]1C[C@H]2O[C@@](C)([C@@H]1OC)n1c3ccccc3c3c4c(c5c6ccccc6n2c5c31)C(=O)NC4,CC(C)=CCCC(C)CC=O,CC(=O)O,CC(C)[O-].CC(C)[O-].CC(C)[O-].CC(C)[O-].[Ti+4],CC(=O)O[BH-](OC(C)=O)OC(C)=O.[Na+],,CN1CCCC1=O,CN1CCCC1=O,CN1CCCC1=O,CN1CCCC1=O,CN1CCCC1=O,CN1CCCC1=O,CN1CCCC1=O,22.0,64800.0,90.0
CN[C@@H]1C[C@H]2O[C@@](C)([C@@H]1OC)n1c3ccccc3c3c4c(c5c6ccccc6n2c5c31)C(=O)NC4,CN(CC(=O)O)c1ncc(C=O)cn1,CC(=O)O,CC(C)[O-].CC(C)[O-].CC(C)[O-].CC(C)[O-].[Ti+4],CC(=O)O[BH-](OC(C)=O)OC(C)=O.[Na+],,CN1CCCC1=O,CN1CCCC1=O,CN1CCCC1=O,CN1CCCC1=O,CN1CCCC1=O,CN1CCCC1=O,CN1CCCC1=O,22.0,64800.0,98.0
CN[C@@H]1C[C@H]2O[C@@](C)([C@@H]1OC)n1c3ccccc3c3c4c(c5c6ccccc6n2c5c31)C(=O)NC4,CC(=O)/C=C/c1ccccc1,CC(=O)O,CC(C)[O-].CC(C)[O-].CC(C)[O-].CC(C)[O-].[Ti+4],CC(=O)O[BH-](OC(C)=O)OC(C)=O.[Na+],,CC(=O)N(C)C,CC(=O)N(C)C,CC(=O)N(C)C,CC(=O)N(C)C,CC(=O)N(C)C,CC(=O)N(C)C,CC(=O)N(C)C,22.0,64800.0,0.0
CN[C@@H]1C[C@H]2O[C@@](C)([C@@H]1OC)n1c3ccccc3c3c4c(c5c6ccccc6n2c5c31)C(=O)NC4,O=Cc1nc2ccccc2s1,CC(=O)O,CC(C)[O-].CC(C)[O-].CC(C)[O-].CC(C)[O-].[Ti+4],CC(=O)O[BH-](OC(C)=O)OC(C)=O.[Na+],,CN1CCCC1=O,CN1CCCC1=O,CN1CCCC1=O,CN1CCCC1=O,CN1CCCC1=O,CN1CCCC1=O,CN1CCCC1=O,22.0,64800.0,24.0
CN[C@@H]1C[C@H]2O[C@@](C)([C@@H]1OC)n1c3ccccc3c3c4c(c5c6ccccc6n2c5c31)C(=O)NC4,CC(=O)/C=C/c1ccccc1,CC(=O)O,CC(C)[O-].CC(C)[O-].CC(C)[O-].CC(C)[O-].[Ti+4],CC(=O)O[BH-](OC(C)=O)OC(C)=O.[Na+],,CN1CCCC1=O,CN1CCCC1=O,CN1CCCC1=O,CN1CCCC1=O,CN1CCCC1=O,CN1CCCC1=O,CN1CCCC1=O,22.0,64800.0,0.0
CN[C@@H]1C[C@H]2O[C@@](C)([C@@H]1OC)n1c3ccccc3c3c4c(c5c6ccccc6n2c5c31)C(=O)NC4,N#CCC1CCC(=O)C1,CC(=O)O,CC(C)[O-].CC(C)[O-].CC(C)[O-].CC(C)[O-].[Ti+4],CC(=O)O[BH-](OC(C)=O)OC(C)=O.[Na+],,CC(=O)N(C)C,CC(=O)N(C)C,CC(=O)N(C)C,CC(=O)N(C)C,CC(=O)N(C)C,CC(=O)N(C)C,CC(=O)N(C)C,22.0,64800.0,29.0
CN[C@@H]1C[C@H]2O[C@@](C)([C@@H]1OC)n1c3ccccc3c3c4c(c5c6ccccc6n2c5c31)C(=O)NC4,Cn1c(C=O)nc2ccccc21,CC(=O)O,CC(C)[O-].CC(C)[O-].CC(C)[O-].CC(C)[O-].[Ti+4],CC(=O)O[BH-](OC(C)=O)OC(C)=O.[Na+],,CN1CCCC1=O,CN1CCCC1=O,CN1CCCC1=O,CN1CCCC1=O,CN1CCCC1=O,CN1CCCC1=O,CN1CCCC1=O,22.0,64800.0,100.0
CN[C@@H]1C[C@H]2O[C@@](C)([C@@H]1OC)n1c3ccccc3c3c4c(c5c6ccccc6n2c5c31)C(=O)NC4,CC(=O)/C=C/c1ccccc1,CC(=O)O,CC(C)[O-].CC(C)[O-].CC(C)[O-].CC(C)[O-].[Ti+4],CC(=O)O[BH-](OC(C)=O)OC(C)=O.[Na+],,CC(=O)N(C)C,CC(=O)N(C)C,CC(=O)N(C)C,CC(=O)N(C)C,CC(=O)N(C)C,CC(=O)N(C)C,CC(=O)N(C)C,22.0,64800.0,2.0
CN[C@@H]1C[C@H]2O[C@@](C)([C@@H]1OC)n1c3ccccc3c3c4c(c5c6ccccc6n2c5c31)C(=O)NC4,O=C1CCN(C(=O)OCc2ccccc2)CC1,CC(=O)O,CC(C)[O-].CC(C)[O-].CC(C)[O-].CC(C)[O-].[Ti+4],CC(=O)O[BH-](OC(C)=O)OC(C)=O.[Na+],,CN1CCCC1=O,CN1CCCC1=O,CN1CCCC1=O,CN1CCCC1=O,CN1CCCC1=O,CN1CCCC1=O,CN1CCCC1=O,22.0,64800.0,44.0
CN[C@@H]1C[C@H]2O[C@@](C)([C@@H]1OC)n1c3ccccc3c3c4c(c5c6ccccc6n2c5c31)C(=O)NC4,O=C1CCN(C(=O)OCc2ccccc2)CC1,CC(=O)O,CC(C)[O-].CC(C)[O-].CC(C)[O-].CC(C)[O-].[Ti+4],CC(=O)O[BH-](OC(C)=O)OC(C)=O.[Na+],,CC(=O)N(C)C,CC(=O)N(C)C,CC(=O)N(C)C,CC(=O)N(C)C,CC(=O)N(C)C,CC(=O)N(C)C,CC(=O)N(C)C,22.0,64800.0,8.0
CN[C@@H]1C[C@H]2O[C@@](C)([C@@H]1OC)n1c3ccccc3c3c4c(c5c6ccccc6n2c5c31)C(=O)NC4,N#Cc1ccc(C=O)cc1Br,CC(=O)O,CC(C)[O-].CC(C)[O-].CC(C)[O-].CC(C)[O-].[Ti+4],CC(=O)O[BH-](OC(C)=O)OC(C)=O.[Na+],,CC(=O)N(C)C,CC(=O)N(C)C,CC(=O)N(C)C,CC(=O)N(C)C,CC(=O)N(C)C,CC(=O)N(C)C,CC(=O)N(C)C,22.0,64800.0,96.0
CN[C@@H]1C[C@H]2O[C@@](C)([C@@H]1OC)n1c3ccccc3c3c4c(c5c6ccccc6n2c5c31)C(=O)NC4,O=CC=Cc1ccccc1,CC(=O)O,CC(C)[O-].CC(C)[O-].CC(C)[O-].CC(C)[O-].[Ti+4],CC(=O)O[BH-](OC(C)=O)OC(C)=O.[Na+],,CN1CCCC1=O,CN1CCCC1=O,CN1CCCC1=O,CN1CCCC1=O,CN1CCCC1=O,CN1CCCC1=O,CN1CCCC1=O,22.0,64800.0,49.0
CN[C@@H]1C[C@H]2O[C@@](C)([C@@H]1OC)n1c3ccccc3c3c4c(c5c6ccccc6n2c5c31)C(=O)NC4,N#CCC1CCC(=O)C1,CC(=O)O,CC(C)[O-].CC(C)[O-].CC(C)[O-].CC(C)[O-].[Ti+4],CC(=O)O[BH-](OC(C)=O)OC(C)=O.[Na+],,CN1CCCC1=O,CN1CCCC1=O,CN1CCCC1=O,CN1CCCC1=O,CN1CCCC1=O,CN1CCCC1=O,CN1CCCC1=O,22.0,64800.0,5.0
CN[C@@H]1C[C@H]2O[C@@](C)([C@@H]1OC)n1c3ccccc3c3c4c(c5c6ccccc6n2c5c31)C(=O)NC4,O=C1CCN(C(=O)OCc2ccccc2)CC1,CC(=O)O,CC(C)[O-].CC(C)[O-].CC(C)[O-].CC(C)[O-].[Ti+4],CC(=O)O[BH-](OC(C)=O)OC(C)=O.[Na+],,CC(=O)N(C)C,CC(=O)N(C)C,CC(=O)N(C)C,CC(=O)N(C)C,CC(=O)N(C)C,CC(=O)N(C)C,CC(=O)N(C)C,22.0,64800.0,1.0
CN[C@@H]1C[C@H]2O[C@@](C)([C@@H]1OC)n1c3ccccc3c3c4c(c5c6ccccc6n2c5c31)C(=O)NC4,Cc1noc(C2CC2)c1C=O,CC(=O)O,CC(C)[O-].CC(C)[O-].CC(C)[O-].CC(C)[O-].[Ti+4],CC(=O)O[BH-](OC(C)=O)OC(C)=O.[Na+],,CN1CCCC1=O,CN1CCCC1=O,CN1CCCC1=O,CN1CCCC1=O,CN1CCCC1=O,CN1CCCC1=O,CN1CCCC1=O,22.0,64800.0,73.0
CN[C@@H]1C[C@H]2O[C@@](C)([C@@H]1OC)n1c3ccccc3c3c4c(c5c6ccccc6n2c5c31)C(=O)NC4,CN(CC(=O)O)c1ncc(C=O)cn1,CC(=O)O,CC(C)[O-].CC(C)[O-].CC(C)[O-].CC(C)[O-].[Ti+4],CC(=O)O[BH-](OC(C)=O)OC(C)=O.[Na+],,CN1CCCC1=O,CN1CCCC1=O,CN1CCCC1=O,CN1CCCC1=O,CN1CCCC1=O,CN1CCCC1=O,CN1CCCC1=O,22.0,64800.0,99.0
CN[C@@H]1C[C@H]2O[C@@](C)([C@@H]1OC)n1c3ccccc3c3c4c(c5c6ccccc6n2c5c31)C(=O)NC4,CC(C)Cc1cc(C=O)n[nH]1,CC(=O)O,CC(C)[O-].CC(C)[O-].CC(C)[O-].CC(C)[O-].[Ti+4],CC(=O)O[BH-](OC(C)=O)OC(C)=O.[Na+],,CN1CCCC1=O,CN1CCCC1=O,CN1CCCC1=O,CN1CCCC1=O,CN1CCCC1=O,CN1CCCC1=O,CN1CCCC1=O,22.0,64800.0,65.0
CN[C@@H]1C[C@H]2O[C@@](C)([C@@H]1OC)n1c3ccccc3c3c4c(c5c6ccccc6n2c5c31)C(=O)NC4,CCCCc1cc(Cl)c(C=O)[nH]1,CC(=O)O,CC(C)[O-].CC(C)[O-].CC(C)[O-].CC(C)[O-].[Ti+4],CC(=O)O[BH-](OC(C)=O)OC(C)=O.[Na+],,CN1CCCC1=O,CN1CCCC1=O,CN1CCCC1=O,CN1CCCC1=O,CN1CCCC1=O,CN1CCCC1=O,CN1CCCC1=O,22.0,64800.0,0.0
CN[C@@H]1C[C@H]2O[C@@](C)([C@@H]1OC)n1c3ccccc3c3c4c(c5c6ccccc6n2c5c31)C(=O)NC4,O=Cc1ccccc1Cn1cccn1,CC(=O)O,CC(C)[O-].CC(C)[O-].CC(C)[O-].CC(C)[O-].[Ti+4],CC(=O)O[BH-](OC(C)=O)OC(C)=O.[Na+],,CN1CCCC1=O,CN1CCCC1=O,CN1CCCC1=O,CN1CCCC1=O,CN1CCCC1=O,CN1CCCC1=O,CN1CCCC1=O,22.0,64800.0,42.0
CN[C@@H]1C[C@H]2O[C@@](C)([C@@H]1OC)n1c3ccccc3c3c4c(c5c6ccccc6n2c5c31)C(=O)NC4,O=C1CCC(n2cccn2)C1,CC(=O)O,CC(C)[O-].CC(C)[O-].CC(C)[O-].CC(C)[O-].[Ti+4],CC(=O)O[BH-](OC(C)=O)OC(C)=O.[Na+],,CN1CCCC1=O,CN1CCCC1=O,CN1CCCC1=O,CN1CCCC1=O,CN1CCCC1=O,CN1CCCC1=O,CN1CCCC1=O,22.0,64800.0,5.0
CN[C@@H]1C[C@H]2O[C@@](C)([C@@H]1OC)n1c3ccccc3c3c4c(c5c6ccccc6n2c5c31)C(=O)NC4,O=C1CCN(c2ccc(F)c(F)c2)CC1,CC(=O)O,CC(C)[O-].CC(C)[O-].CC(C)[O-].CC(C)[O-].[Ti+4],CC(=O)O[BH-](OC(C)=O)OC(C)=O.[Na+],,CN1CCCC1=O,CN1CCCC1=O,CN1CCCC1=O,CN1CCCC1=O,CN1CCCC1=O,CN1CCCC1=O,CN1CCCC1=O,22.0,64800.0,0.0
CN[C@@H]1C[C@H]2O[C@@](C)([C@@H]1OC)n1c3ccccc3c3c4c(c5c6ccccc6n2c5c31)C(=O)NC4,CC(=O)/C=C/c1ccccc1,CC(=O)O,CC(C)[O-].CC(C)[O-].CC(C)[O-].CC(C)[O-].[Ti+4],CC(=O)O[BH-](OC(C)=O)OC(C)=O.[Na+],,CN1CCCC1=O,CN1CCCC1=O,CN1CCCC1=O,CN1CCCC1=O,CN1CCCC1=O,CN1CCCC1=O,CN1CCCC1=O,22.0,64800.0,1.0
CN[C@@H]1C[C@H]2O[C@@](C)([C@@H]1OC)n1c3ccccc3c3c4c(c5c6ccccc6n2c5c31)C(=O)NC4,O=Cc1nc2ccccc2s1,CC(=O)O,CC(C)[O-].CC(C)[O-].CC(C)[O-].CC(C)[O-].[Ti+4],CC(=O)O[BH-](OC(C)=O)OC(C)=O.[Na+],,CC(=O)N(C)C,CC(=O)N(C)C,CC(=O)N(C)C,CC(=O)N(C)C,CC(=O)N(C)C,CC(=O)N(C)C,CC(=O)N(C)C,22.0,64800.0,60.0
CN[C@@H]1C[C@H]2O[C@@](C)([C@@H]1OC)n1c3ccccc3c3c4c(c5c6ccccc6n2c5c31)C(=O)NC4,CC(=O)Nc1ccc(C=O)cc1,CC(=O)O,CC(C)[O-].CC(C)[O-].CC(C)[O-].CC(C)[O-].[Ti+4],CC(=O)O[BH-](OC(C)=O)OC(C)=O.[Na+],,CC(=O)N(C)C,CC(=O)N(C)C,CC(=O)N(C)C,CC(=O)N(C)C,CC(=O)N(C)C,CC(=O)N(C)C,CC(=O)N(C)C,22.0,64800.0,95.0
CN[C@@H]1C[C@H]2O[C@@](C)([C@@H]1OC)n1c3ccccc3c3c4c(c5c6ccccc6n2c5c31)C(=O)NC4,CC(C)=CCCC(C)CC=O,CC(=O)O,CC(C)[O-].CC(C)[O-].CC(C)[O-].CC(C)[O-].[Ti+4],CC(=O)O[BH-](OC(C)=O)OC(C)=O.[Na+],,CN1CCCC1=O,CN1CCCC1=O,CN1CCCC1=O,CN1CCCC1=O,CN1CCCC1=O,CN1CCCC1=O,CN1CCCC1=O,22.0,64800.0,41.0
CN[C@@H]1C[C@H]2O[C@@](C)([C@@H]1OC)n1c3ccccc3c3c4c(c5c6ccccc6n2c5c31)C(=O)NC4,CN(CC(=O)O)c1ncc(C=O)cn1,CC(=O)O,CC(C)[O-].CC(C)[O-].CC(C)[O-].CC(C)[O-].[Ti+4],CC(=O)O[BH-](OC(C)=O)OC(C)=O.[Na+],,CN1CCCC1=O,CN1CCCC1=O,CN1CCCC1=O,CN1CCCC1=O,CN1CCCC1=O,CN1CCCC1=O,CN1CCCC1=O,22.0,64800.0,94.0
CN[C@@H]1C[C@H]2O[C@@](C)([C@@H]1OC)n1c3ccccc3c3c4c(c5c6ccccc6n2c5c31)C(=O)NC4,O=Cc1cn(-c2ncccn2)cn1,CC(=O)O,CC(C)[O-].CC(C)[O-].CC(C)[O-].CC(C)[O-].[Ti+4],CC(=O)O[BH-](OC(C)=O)OC(C)=O.[Na+],,CN1CCCC1=O,CN1CCCC1=O,CN1CCCC1=O,CN1CCCC1=O,CN1CCCC1=O,CN1CCCC1=O,CN1CCCC1=O,22.0,64800.0,22.0
CN[C@@H]1C[C@H]2O[C@@](C)([C@@H]1OC)n1c3ccccc3c3c4c(c5c6ccccc6n2c5c31)C(=O)NC4,N#Cc1ccc(C=O)cc1Br,CC(=O)O,CC(C)[O-].CC(C)[O-].CC(C)[O-].CC(C)[O-].[Ti+4],CC(=O)O[BH-](OC(C)=O)OC(C)=O.[Na+],,CC(=O)N(C)C,CC(=O)N(C)C,CC(=O)N(C)C,CC(=O)N(C)C,CC(=O)N(C)C,CC(=O)N(C)C,CC(=O)N(C)C,22.0,64800.0,7.0
CN[C@@H]1C[C@H]2O[C@@](C)([C@@H]1OC)n1c3ccccc3c3c4c(c5c6ccccc6n2c5c31)C(=O)NC4,O=Cc1cn2ccsc2n1,CC(=O)O,CC(C)[O-].CC(C)[O-].CC(C)[O-].CC(C)[O-].[Ti+4],CC(=O)O[BH-](OC(C)=O)OC(C)=O.[Na+],,CN1CCCC1=O,CN1CCCC1=O,CN1CCCC1=O,CN1CCCC1=O,CN1CCCC1=O,CN1CCCC1=O,CN1CCCC1=O,22.0,64800.0,78.0
CN[C@@H]1C[C@H]2O[C@@](C)([C@@H]1OC)n1c3ccccc3c3c4c(c5c6ccccc6n2c5c31)C(=O)NC4,Cc1ccc(C=O)cc1C,CC(=O)O,CC(C)[O-].CC(C)[O-].CC(C)[O-].CC(C)[O-].[Ti+4],CC(=O)O[BH-](OC(C)=O)OC(C)=O.[Na+],,CC(=O)N(C)C,CC(=O)N(C)C,CC(=O)N(C)C,CC(=O)N(C)C,CC(=O)N(C)C,CC(=O)N(C)C,CC(=O)N(C)C,22.0,64800.0,52.0
CN[C@@H]1C[C@H]2O[C@@](C)([C@@H]1OC)n1c3ccccc3c3c4c(c5c6ccccc6n2c5c31)C(=O)NC4,O=C1CCN(C(=O)OCc2ccccc2)CC1,CC(=O)O,CC(C)[O-].CC(C)[O-].CC(C)[O-].CC(C)[O-].[Ti+4],CC(=O)O[BH-](OC(C)=O)OC(C)=O.[Na+],,CC(=O)N(C)C,CC(=O)N(C)C,CC(=O)N(C)C,CC(=O)N(C)C,CC(=O)N(C)C,CC(=O)N(C)C,CC(=O)N(C)C,22.0,64800.0,1.0
CN[C@@H]1C[C@H]2O[C@@](C)([C@@H]1OC)n1c3ccccc3c3c4c(c5c6ccccc6n2c5c31)C(=O)NC4,O=C1CCCC1,CC(=O)O,CC(C)[O-].CC(C)[O-].CC(C)[O-].CC(C)[O-].[Ti+4],CC(=O)O[BH-](OC(C)=O)OC(C)=O.[Na+],,CC(=O)N(C)C,CC(=O)N(C)C,CC(=O)N(C)C,CC(=O)N(C)C,CC(=O)N(C)C,CC(=O)N(C)C,CC(=O)N(C)C,22.0,64800.0,4.0
CN[C@@H]1C[C@H]2O[C@@](C)([C@@H]1OC)n1c3ccccc3c3c4c(c5c6ccccc6n2c5c31)C(=O)NC4,Cc1ccc(C=O)cc1C,CC(=O)O,CC(C)[O-].CC(C)[O-].CC(C)[O-].CC(C)[O-].[Ti+4],CC(=O)O[BH-](OC(C)=O)OC(C)=O.[Na+],,CC(=O)N(C)C,CC(=O)N(C)C,CC(=O)N(C)C,CC(=O)N(C)C,CC(=O)N(C)C,CC(=O)N(C)C,CC(=O)N(C)C,22.0,64800.0,44.0
CN[C@@H]1C[C@H]2O[C@@](C)([C@@H]1OC)n1c3ccccc3c3c4c(c5c6ccccc6n2c5c31)C(=O)NC4,O=Cc1nc2ccccc2s1,CC(=O)O,CC(C)[O-].CC(C)[O-].CC(C)[O-].CC(C)[O-].[Ti+4],CC(=O)O[BH-](OC(C)=O)OC(C)=O.[Na+],,CC(=O)N(C)C,CC(=O)N(C)C,CC(=O)N(C)C,CC(=O)N(C)C,CC(=O)N(C)C,CC(=O)N(C)C,CC(=O)N(C)C,22.0,64800.0,80.0
CN[C@@H]1C[C@H]2O[C@@](C)([C@@H]1OC)n1c3ccccc3c3c4c(c5c6ccccc6n2c5c31)C(=O)NC4,N#Cc1ccc(C=O)cc1Br,CC(=O)O,CC(C)[O-].CC(C)[O-].CC(C)[O-].CC(C)[O-].[Ti+4],CC(=O)O[BH-](OC(C)=O)OC(C)=O.[Na+],,CC(=O)N(C)C,CC(=O)N(C)C,CC(=O)N(C)C,CC(=O)N(C)C,CC(=O)N(C)C,CC(=O)N(C)C,CC(=O)N(C)C,22.0,64800.0,46.0
CN[C@@H]1C[C@H]2O[C@@](C)([C@@H]1OC)n1c3ccccc3c3c4c(c5c6ccccc6n2c5c31)C(=O)NC4,O=C1CCN(C(=O)OCc2ccccc2)CC1,CC(=O)O,CC(C)[O-].CC(C)[O-].CC(C)[O-].CC(C)[O-].[Ti+4],CC(=O)O[BH-](OC(C)=O)OC(C)=O.[Na+],,CN1CCCC1=O,CN1CCCC1=O,CN1CCCC1=O,CN1CCCC1=O,CN1CCCC1=O,CN1CCCC1=O,CN1CCCC1=O,22.0,64800.0,5.0
CN[C@@H]1C[C@H]2O[C@@](C)([C@@H]1OC)n1c3ccccc3c3c4c(c5c6ccccc6n2c5c31)C(=O)NC4,O=C1CCCC1,CC(=O)O,CC(C)[O-].CC(C)[O-].CC(C)[O-].CC(C)[O-].[Ti+4],CC(=O)O[BH-](OC(C)=O)OC(C)=O.[Na+],,CN1CCCC1=O,CN1CCCC1=O,CN1CCCC1=O,CN1CCCC1=O,CN1CCCC1=O,CN1CCCC1=O,CN1CCCC1=O,22.0,64800.0,2.0
CN[C@@H]1C[C@H]2O[C@@](C)([C@@H]1OC)n1c3ccccc3c3c4c(c5c6ccccc6n2c5c31)C(=O)NC4,O=CC=Cc1ccccc1,CC(=O)O,CC(C)[O-].CC(C)[O-].CC(C)[O-].CC(C)[O-].[Ti+4],CC(=O)O[BH-](OC(C)=O)OC(C)=O.[Na+],,CC(=O)N(C)C,CC(=O)N(C)C,CC(=O)N(C)C,CC(=O)N(C)C,CC(=O)N(C)C,CC(=O)N(C)C,CC(=O)N(C)C,22.0,64800.0,31.0
CN[C@@H]1C[C@H]2O[C@@](C)([C@@H]1OC)n1c3ccccc3c3c4c(c5c6ccccc6n2c5c31)C(=O)NC4,O=Cc1c[nH]nc1-c1cccnc1,CC(=O)O,CC(C)[O-].CC(C)[O-].CC(C)[O-].CC(C)[O-].[Ti+4],CC(=O)O[BH-](OC(C)=O)OC(C)=O.[Na+],,CN1CCCC1=O,CN1CCCC1=O,CN1CCCC1=O,CN1CCCC1=O,CN1CCCC1=O,CN1CCCC1=O,CN1CCCC1=O,22.0,64800.0,50.0
CN[C@@H]1C[C@H]2O[C@@](C)([C@@H]1OC)n1c3ccccc3c3c4c(c5c6ccccc6n2c5c31)C(=O)NC4,Cc1noc(C)c1C=O,CC(=O)O,CC(C)[O-].CC(C)[O-].CC(C)[O-].CC(C)[O-].[Ti+4],CC(=O)O[BH-](OC(C)=O)OC(C)=O.[Na+],,CN1CCCC1=O,CN1CCCC1=O,CN1CCCC1=O,CN1CCCC1=O,CN1CCCC1=O,CN1CCCC1=O,CN1CCCC1=O,22.0,64800.0,50.0
CN[C@@H]1C[C@H]2O[C@@](C)([C@@H]1OC)n1c3ccccc3c3c4c(c5c6ccccc6n2c5c31)C(=O)NC4,N#Cc1ccc(C=O)cc1Br,CC(=O)O,CC(C)[O-].CC(C)[O-].CC(C)[O-].CC(C)[O-].[Ti+4],CC(=O)O[BH-](OC(C)=O)OC(C)=O.[Na+],,CN1CCCC1=O,CN1CCCC1=O,CN1CCCC1=O,CN1CCCC1=O,CN1CCCC1=O,CN1CCCC1=O,CN1CCCC1=O,22.0,64800.0,11.0
CN[C@@H]1C[C@H]2O[C@@](C)([C@@H]1OC)n1c3ccccc3c3c4c(c5c6ccccc6n2c5c31)C(=O)NC4,Cc1ccc(C=O)cc1C,CC(=O)O,CC(C)[O-].CC(C)[O-].CC(C)[O-].CC(C)[O-].[Ti+4],CC(=O)O[BH-](OC(C)=O)OC(C)=O.[Na+],,CC(=O)N(C)C,CC(=O)N(C)C,CC(=O)N(C)C,CC(=O)N(C)C,CC(=O)N(C)C,CC(=O)N(C)C,CC(=O)N(C)C,22.0,64800.0,55.0
CN[C@@H]1C[C@H]2O[C@@](C)([C@@H]1OC)n1c3ccccc3c3c4c(c5c6ccccc6n2c5c31)C(=O)NC4,N#Cc1ccc(C=O)cc1Br,CC(=O)O,CC(C)[O-].CC(C)[O-].CC(C)[O-].CC(C)[O-].[Ti+4],CC(=O)O[BH-](OC(C)=O)OC(C)=O.[Na+],,CN1CCCC1=O,CN1CCCC1=O,CN1CCCC1=O,CN1CCCC1=O,CN1CCCC1=O,CN1CCCC1=O,CN1CCCC1=O,22.0,64800.0,7.0
CN[C@@H]1C[C@H]2O[C@@](C)([C@@H]1OC)n1c3ccccc3c3c4c(c5c6ccccc6n2c5c31)C(=O)NC4,O=CC1CCN(C(=O)OCc2ccccc2)CC1,CC(=O)O,CC(C)[O-].CC(C)[O-].CC(C)[O-].CC(C)[O-].[Ti+4],CC(=O)O[BH-](OC(C)=O)OC(C)=O.[Na+],,CC(=O)N(C)C,CC(=O)N(C)C,CC(=O)N(C)C,CC(=O)N(C)C,CC(=O)N(C)C,CC(=O)N(C)C,CC(=O)N(C)C,22.0,64800.0,0.0
CN[C@@H]1C[C@H]2O[C@@](C)([C@@H]1OC)n1c3ccccc3c3c4c(c5c6ccccc6n2c5c31)C(=O)NC4,CC(C)n1c(C=O)nc2ccccc21,CC(=O)O,CC(C)[O-].CC(C)[O-].CC(C)[O-].CC(C)[O-].[Ti+4],CC(=O)O[BH-](OC(C)=O)OC(C)=O.[Na+],,CN1CCCC1=O,CN1CCCC1=O,CN1CCCC1=O,CN1CCCC1=O,CN1CCCC1=O,CN1CCCC1=O,CN1CCCC1=O,22.0,64800.0,100.0
CN[C@@H]1C[C@H]2O[C@@](C)([C@@H]1OC)n1c3ccccc3c3c4c(c5c6ccccc6n2c5c31)C(=O)NC4,N#CCC1CCC(=O)C1,CC(=O)O,CC(C)[O-].CC(C)[O-].CC(C)[O-].CC(C)[O-].[Ti+4],CC(=O)O[BH-](OC(C)=O)OC(C)=O.[Na+],,CC(=O)N(C)C,CC(=O)N(C)C,CC(=O)N(C)C,CC(=O)N(C)C,CC(=O)N(C)C,CC(=O)N(C)C,CC(=O)N(C)C,22.0,64800.0,14.0
CN[C@@H]1C[C@H]2O[C@@](C)([C@@H]1OC)n1c3ccccc3c3c4c(c5c6ccccc6n2c5c31)C(=O)NC4,Cc1cnc(C=O)s1,CC(=O)O,CC(C)[O-].CC(C)[O-].CC(C)[O-].CC(C)[O-].[Ti+4],CC(=O)O[BH-](OC(C)=O)OC(C)=O.[Na+],,CN1CCCC1=O,CN1CCCC1=O,CN1CCCC1=O,CN1CCCC1=O,CN1CCCC1=O,CN1CCCC1=O,CN1CCCC1=O,22.0,64800.0,100.0
CN[C@@H]1C[C@H]2O[C@@](C)([C@@H]1OC)n1c3ccccc3c3c4c(c5c6ccccc6n2c5c31)C(=O)NC4,O=C1CCCC1,CC(=O)O,CC(C)[O-].CC(C)[O-].CC(C)[O-].CC(C)[O-].[Ti+4],CC(=O)O[BH-](OC(C)=O)OC(C)=O.[Na+],,CN1CCCC1=O,CN1CCCC1=O,CN1CCCC1=O,CN1CCCC1=O,CN1CCCC1=O,CN1CCCC1=O,CN1CCCC1=O,22.0,64800.0,21.0
CN[C@@H]1C[C@H]2O[C@@](C)([C@@H]1OC)n1c3ccccc3c3c4c(c5c6ccccc6n2c5c31)C(=O)NC4,O=CCCc1ccccc1,CC(=O)O,CC(C)[O-].CC(C)[O-].CC(C)[O-].CC(C)[O-].[Ti+4],CC(=O)O[BH-](OC(C)=O)OC(C)=O.[Na+],,CN1CCCC1=O,CN1CCCC1=O,CN1CCCC1=O,CN1CCCC1=O,CN1CCCC1=O,CN1CCCC1=O,CN1CCCC1=O,22.0,64800.0,27.0
CN[C@@H]1C[C@H]2O[C@@](C)([C@@H]1OC)n1c3ccccc3c3c4c(c5c6ccccc6n2c5c31)C(=O)NC4,CC(C)=CCCC(C)CC=O,CC(=O)O,CC(C)[O-].CC(C)[O-].CC(C)[O-].CC(C)[O-].[Ti+4],CC(=O)O[BH-](OC(C)=O)OC(C)=O.[Na+],,CN1CCCC1=O,CN1CCCC1=O,CN1CCCC1=O,CN1CCCC1=O,CN1CCCC1=O,CN1CCCC1=O,CN1CCCC1=O,22.0,64800.0,92.0
CN[C@@H]1C[C@H]2O[C@@](C)([C@@H]1OC)n1c3ccccc3c3c4c(c5c6ccccc6n2c5c31)C(=O)NC4,CC(=O)c1cc(C)cc(C)c1,CC(=O)O,CC(C)[O-].CC(C)[O-].CC(C)[O-].CC(C)[O-].[Ti+4],CC(=O)O[BH-](OC(C)=O)OC(C)=O.[Na+],,CN1CCCC1=O,CN1CCCC1=O,CN1CCCC1=O,CN1CCCC1=O,CN1CCCC1=O,CN1CCCC1=O,CN1CCCC1=O,22.0,64800.0,0.0
CN[C@@H]1C[C@H]2O[C@@](C)([C@@H]1OC)n1c3ccccc3c3c4c(c5c6ccccc6n2c5c31)C(=O)NC4,O=C1CCCC1,CC(=O)O,CC(C)[O-].CC(C)[O-].CC(C)[O-].CC(C)[O-].[Ti+4],CC(=O)O[BH-](OC(C)=O)OC(C)=O.[Na+],,CC(=O)N(C)C,CC(=O)N(C)C,CC(=O)N(C)C,CC(=O)N(C)C,CC(=O)N(C)C,CC(=O)N(C)C,CC(=O)N(C)C,22.0,64800.0,0.0
CN[C@@H]1C[C@H]2O[C@@](C)([C@@H]1OC)n1c3ccccc3c3c4c(c5c6ccccc6n2c5c31)C(=O)NC4,CC(=O)c1cc(C)cc(C)c1,CC(=O)O,CC(C)[O-].CC(C)[O-].CC(C)[O-].CC(C)[O-].[Ti+4],CC(=O)O[BH-](OC(C)=O)OC(C)=O.[Na+],,CN1CCCC1=O,CN1CCCC1=O,CN1CCCC1=O,CN1CCCC1=O,CN1CCCC1=O,CN1CCCC1=O,CN1CCCC1=O,22.0,64800.0,0.0
CN[C@@H]1C[C@H]2O[C@@](C)([C@@H]1OC)n1c3ccccc3c3c4c(c5c6ccccc6n2c5c31)C(=O)NC4,CC(C)=CCCC(C)CC=O,CC(=O)O,CC(C)[O-].CC(C)[O-].CC(C)[O-].CC(C)[O-].[Ti+4],CC(=O)O[BH-](OC(C)=O)OC(C)=O.[Na+],,CN1CCCC1=O,CN1CCCC1=O,CN1CCCC1=O,CN1CCCC1=O,CN1CCCC1=O,CN1CCCC1=O,CN1CCCC1=O,22.0,64800.0,29.0
CN[C@@H]1C[C@H]2O[C@@](C)([C@@H]1OC)n1c3ccccc3c3c4c(c5c6ccccc6n2c5c31)C(=O)NC4,CC(=O)/C=C/c1ccccc1,CC(=O)O,CC(C)[O-].CC(C)[O-].CC(C)[O-].CC(C)[O-].[Ti+4],CC(=O)O[BH-](OC(C)=O)OC(C)=O.[Na+],,CC(=O)N(C)C,CC(=O)N(C)C,CC(=O)N(C)C,CC(=O)N(C)C,CC(=O)N(C)C,CC(=O)N(C)C,CC(=O)N(C)C,22.0,64800.0,1.0
CN[C@@H]1C[C@H]2O[C@@](C)([C@@H]1OC)n1c3ccccc3c3c4c(c5c6ccccc6n2c5c31)C(=O)NC4,O=Cc1cc(-c2ccc(F)cc2)on1,CC(=O)O,CC(C)[O-].CC(C)[O-].CC(C)[O-].CC(C)[O-].[Ti+4],CC(=O)O[BH-](OC(C)=O)OC(C)=O.[Na+],,CN1CCCC1=O,CN1CCCC1=O,CN1CCCC1=O,CN1CCCC1=O,CN1CCCC1=O,CN1CCCC1=O,CN1CCCC1=O,22.0,64800.0,100.0
CN[C@@H]1C[C@H]2O[C@@](C)([C@@H]1OC)n1c3ccccc3c3c4c(c5c6ccccc6n2c5c31)C(=O)NC4,O=C1CCN(c2ccc(F)c(F)c2)CC1,CC(=O)O,CC(C)[O-].CC(C)[O-].CC(C)[O-].CC(C)[O-].[Ti+4],CC(=O)O[BH-](OC(C)=O)OC(C)=O.[Na+],,CN1CCCC1=O,CN1CCCC1=O,CN1CCCC1=O,CN1CCCC1=O,CN1CCCC1=O,CN1CCCC1=O,CN1CCCC1=O,22.0,64800.0,5.0
CN[C@@H]1C[C@H]2O[C@@](C)([C@@H]1OC)n1c3ccccc3c3c4c(c5c6ccccc6n2c5c31)C(=O)NC4,N#CCC1CCC(=O)C1,CC(=O)O,CC(C)[O-].CC(C)[O-].CC(C)[O-].CC(C)[O-].[Ti+4],CC(=O)O[BH-](OC(C)=O)OC(C)=O.[Na+],,CC(=O)N(C)C,CC(=O)N(C)C,CC(=O)N(C)C,CC(=O)N(C)C,CC(=O)N(C)C,CC(=O)N(C)C,CC(=O)N(C)C,22.0,64800.0,2.0
CN[C@@H]1C[C@H]2O[C@@](C)([C@@H]1OC)n1c3ccccc3c3c4c(c5c6ccccc6n2c5c31)C(=O)NC4,CC(C)n1ncc2cc(C=O)cnc21,CC(=O)O,CC(C)[O-].CC(C)[O-].CC(C)[O-].CC(C)[O-].[Ti+4],CC(=O)O[BH-](OC(C)=O)OC(C)=O.[Na+],,CN1CCCC1=O,CN1CCCC1=O,CN1CCCC1=O,CN1CCCC1=O,CN1CCCC1=O,CN1CCCC1=O,CN1CCCC1=O,22.0,64800.0,95.0
CN[C@@H]1C[C@H]2O[C@@](C)([C@@H]1OC)n1c3ccccc3c3c4c(c5c6ccccc6n2c5c31)C(=O)NC4,O=Cc1nc2ccccc2s1,CC(=O)O,CC(C)[O-].CC(C)[O-].CC(C)[O-].CC(C)[O-].[Ti+4],CC(=O)O[BH-](OC(C)=O)OC(C)=O.[Na+],,CC(=O)N(C)C,CC(=O)N(C)C,CC(=O)N(C)C,CC(=O)N(C)C,CC(=O)N(C)C,CC(=O)N(C)C,CC(=O)N(C)C,22.0,64800.0,81.0
CN[C@@H]1C[C@H]2O[C@@](C)([C@@H]1OC)n1c3ccccc3c3c4c(c5c6ccccc6n2c5c31)C(=O)NC4,Cc1ccc(C=O)cc1C,CC(=O)O,CC(C)[O-].CC(C)[O-].CC(C)[O-].CC(C)[O-].[Ti+4],CC(=O)O[BH-](OC(C)=O)OC(C)=O.[Na+],,CN1CCCC1=O,CN1CCCC1=O,CN1CCCC1=O,CN1CCCC1=O,CN1CCCC1=O,CN1CCCC1=O,CN1CCCC1=O,22.0,64800.0,52.0
CN[C@@H]1C[C@H]2O[C@@](C)([C@@H]1OC)n1c3ccccc3c3c4c(c5c6ccccc6n2c5c31)C(=O)NC4,CC(=O)/C=C/c1ccccc1,CC(=O)O,CC(C)[O-].CC(C)[O-].CC(C)[O-].CC(C)[O-].[Ti+4],CC(=O)O[BH-](OC(C)=O)OC(C)=O.[Na+],,CC(=O)N(C)C,CC(=O)N(C)C,CC(=O)N(C)C,CC(=O)N(C)C,CC(=O)N(C)C,CC(=O)N(C)C,CC(=O)N(C)C,22.0,64800.0,0.0
CN[C@@H]1C[C@H]2O[C@@](C)([C@@H]1OC)n1c3ccccc3c3c4c(c5c6ccccc6n2c5c31)C(=O)NC4,N#Cc1ccc(C=O)cc1Br,CC(=O)O,CC(C)[O-].CC(C)[O-].CC(C)[O-].CC(C)[O-].[Ti+4],CC(=O)O[BH-](OC(C)=O)OC(C)=O.[Na+],,CN1CCCC1=O,CN1CCCC1=O,CN1CCCC1=O,CN1CCCC1=O,CN1CCCC1=O,CN1CCCC1=O,CN1CCCC1=O,22.0,64800.0,96.0
CN[C@@H]1C[C@H]2O[C@@](C)([C@@H]1OC)n1c3ccccc3c3c4c(c5c6ccccc6n2c5c31)C(=O)NC4,COc1ccc2cc(C=O)sc2c1,CC(=O)O,CC(C)[O-].CC(C)[O-].CC(C)[O-].CC(C)[O-].[Ti+4],CC(=O)O[BH-](OC(C)=O)OC(C)=O.[Na+],,CN1CCCC1=O,CN1CCCC1=O,CN1CCCC1=O,CN1CCCC1=O,CN1CCCC1=O,CN1CCCC1=O,CN1CCCC1=O,22.0,64800.0,95.0
CN[C@@H]1C[C@H]2O[C@@](C)([C@@H]1OC)n1c3ccccc3c3c4c(c5c6ccccc6n2c5c31)C(=O)NC4,O=C1CCN(c2ccc(F)c(F)c2)CC1,CC(=O)O,CC(C)[O-].CC(C)[O-].CC(C)[O-].CC(C)[O-].[Ti+4],CC(=O)O[BH-](OC(C)=O)OC(C)=O.[Na+],,CC(=O)N(C)C,CC(=O)N(C)C,CC(=O)N(C)C,CC(=O)N(C)C,CC(=O)N(C)C,CC(=O)N(C)C,CC(=O)N(C)C,22.0,64800.0,41.0
CN[C@@H]1C[C@H]2O[C@@](C)([C@@H]1OC)n1c3ccccc3c3c4c(c5c6ccccc6n2c5c31)C(=O)NC4,O=CCCc1ccccc1,CC(=O)O,CC(C)[O-].CC(C)[O-].CC(C)[O-].CC(C)[O-].[Ti+4],CC(=O)O[BH-](OC(C)=O)OC(C)=O.[Na+],,CN1CCCC1=O,CN1CCCC1=O,CN1CCCC1=O,CN1CCCC1=O,CN1CCCC1=O,CN1CCCC1=O,CN1CCCC1=O,22.0,64800.0,44.0
CN[C@@H]1C[C@H]2O[C@@](C)([C@@H]1OC)n1c3ccccc3c3c4c(c5c6ccccc6n2c5c31)C(=O)NC4,CC(=O)Nc1ccc(C=O)cc1,CC(=O)O,CC(C)[O-].CC(C)[O-].CC(C)[O-].CC(C)[O-].[Ti+4],CC(=O)O[BH-](OC(C)=O)OC(C)=O.[Na+],,CC(=O)N(C)C,CC(=O)N(C)C,CC(=O)N(C)C,CC(=O)N(C)C,CC(=O)N(C)C,CC(=O)N(C)C,CC(=O)N(C)C,22.0,64800.0,91.0
CN[C@@H]1C[C@H]2O[C@@](C)([C@@H]1OC)n1c3ccccc3c3c4c(c5c6ccccc6n2c5c31)C(=O)NC4,Cc1cc(C=O)no1,CC(=O)O,CC(C)[O-].CC(C)[O-].CC(C)[O-].CC(C)[O-].[Ti+4],CC(=O)O[BH-](OC(C)=O)OC(C)=O.[Na+],,CN1CCCC1=O,CN1CCCC1=O,CN1CCCC1=O,CN1CCCC1=O,CN1CCCC1=O,CN1CCCC1=O,CN1CCCC1=O,22.0,64800.0,100.0
CN[C@@H]1C[C@H]2O[C@@](C)([C@@H]1OC)n1c3ccccc3c3c4c(c5c6ccccc6n2c5c31)C(=O)NC4,CC(C)Cc1cc(C=O)n[nH]1,CC(=O)O,CC(C)[O-].CC(C)[O-].CC(C)[O-].CC(C)[O-].[Ti+4],CC(=O)O[BH-](OC(C)=O)OC(C)=O.[Na+],,CN1CCCC1=O,CN1CCCC1=O,CN1CCCC1=O,CN1CCCC1=O,CN1CCCC1=O,CN1CCCC1=O,CN1CCCC1=O,22.0,64800.0,14.0
CN[C@@H]1C[C@H]2O[C@@](C)([C@@H]1OC)n1c3ccccc3c3c4c(c5c6ccccc6n2c5c31)C(=O)NC4,CC(=O)Nc1ccc(C=O)cc1,CC(=O)O,CC(C)[O-].CC(C)[O-].CC(C)[O-].CC(C)[O-].[Ti+4],CC(=O)O[BH-](OC(C)=O)OC(C)=O.[Na+],,CC(=O)N(C)C,CC(=O)N(C)C,CC(=O)N(C)C,CC(=O)N(C)C,CC(=O)N(C)C,CC(=O)N(C)C,CC(=O)N(C)C,22.0,64800.0,9.0
CN[C@@H]1C[C@H]2O[C@@](C)([C@@H]1OC)n1c3ccccc3c3c4c(c5c6ccccc6n2c5c31)C(=O)NC4,O=CC1CCN(C(=O)OCc2ccccc2)CC1,CC(=O)O,CC(C)[O-].CC(C)[O-].CC(C)[O-].CC(C)[O-].[Ti+4],CC(=O)O[BH-](OC(C)=O)OC(C)=O.[Na+],,CC(=O)N(C)C,CC(=O)N(C)C,CC(=O)N(C)C,CC(=O)N(C)C,CC(=O)N(C)C,CC(=O)N(C)C,CC(=O)N(C)C,22.0,64800.0,0.0
CN[C@@H]1C[C@H]2O[C@@](C)([C@@H]1OC)n1c3ccccc3c3c4c(c5c6ccccc6n2c5c31)C(=O)NC4,O=Cc1cc2cnccc2[nH]1,CC(=O)O,CC(C)[O-].CC(C)[O-].CC(C)[O-].CC(C)[O-].[Ti+4],CC(=O)O[BH-](OC(C)=O)OC(C)=O.[Na+],,CN1CCCC1=O,CN1CCCC1=O,CN1CCCC1=O,CN1CCCC1=O,CN1CCCC1=O,CN1CCCC1=O,CN1CCCC1=O,22.0,64800.0,56.0
CN[C@@H]1C[C@H]2O[C@@](C)([C@@H]1OC)n1c3ccccc3c3c4c(c5c6ccccc6n2c5c31)C(=O)NC4,CC(=O)c1cc(C(F)(F)F)cc(C(F)(F)F)c1,CC(=O)O,CC(C)[O-].CC(C)[O-].CC(C)[O-].CC(C)[O-].[Ti+4],CC(=O)O[BH-](OC(C)=O)OC(C)=O.[Na+],,CC(=O)N(C)C,CC(=O)N(C)C,CC(=O)N(C)C,CC(=O)N(C)C,CC(=O)N(C)C,CC(=O)N(C)C,CC(=O)N(C)C,22.0,64800.0,0.0
CN[C@@H]1C[C@H]2O[C@@](C)([C@@H]1OC)n1c3ccccc3c3c4c(c5c6ccccc6n2c5c31)C(=O)NC4,Cc1ccc(C=O)cc1C,CC(=O)O,CC(C)[O-].CC(C)[O-].CC(C)[O-].CC(C)[O-].[Ti+4],CC(=O)O[BH-](OC(C)=O)OC(C)=O.[Na+],,CN1CCCC1=O,CN1CCCC1=O,CN1CCCC1=O,CN1CCCC1=O,CN1CCCC1=O,CN1CCCC1=O,CN1CCCC1=O,22.0,64800.0,97.0
CN[C@@H]1C[C@H]2O[C@@](C)([C@@H]1OC)n1c3ccccc3c3c4c(c5c6ccccc6n2c5c31)C(=O)NC4,O=CC1CCN(C(=O)OCc2ccccc2)CC1,CC(=O)O,CC(C)[O-].CC(C)[O-].CC(C)[O-].CC(C)[O-].[Ti+4],CC(=O)O[BH-](OC(C)=O)OC(C)=O.[Na+],,CC(=O)N(C)C,CC(=O)N(C)C,CC(=O)N(C)C,CC(=O)N(C)C,CC(=O)N(C)C,CC(=O)N(C)C,CC(=O)N(C)C,22.0,64800.0,0.0
CN[C@@H]1C[C@H]2O[C@@](C)([C@@H]1OC)n1c3ccccc3c3c4c(c5c6ccccc6n2c5c31)C(=O)NC4,O=C1CCC(n2cccn2)C1,CC(=O)O,CC(C)[O-].CC(C)[O-].CC(C)[O-].CC(C)[O-].[Ti+4],CC(=O)O[BH-](OC(C)=O)OC(C)=O.[Na+],,CC(=O)N(C)C,CC(=O)N(C)C,CC(=O)N(C)C,CC(=O)N(C)C,CC(=O)N(C)C,CC(=O)N(C)C,CC(=O)N(C)C,22.0,64800.0,5.0
CN[C@@H]1C[C@H]2O[C@@](C)([C@@H]1OC)n1c3ccccc3c3c4c(c5c6ccccc6n2c5c31)C(=O)NC4,CC(C)=CCCC(C)CC=O,CC(=O)O,CC(C)[O-].CC(C)[O-].CC(C)[O-].CC(C)[O-].[Ti+4],CC(=O)O[BH-](OC(C)=O)OC(C)=O.[Na+],,CC(=O)N(C)C,CC(=O)N(C)C,CC(=O)N(C)C,CC(=O)N(C)C,CC(=O)N(C)C,CC(=O)N(C)C,CC(=O)N(C)C,22.0,64800.0,46.0
CN[C@@H]1C[C@H]2O[C@@](C)([C@@H]1OC)n1c3ccccc3c3c4c(c5c6ccccc6n2c5c31)C(=O)NC4,O=C1CCN(C(=O)OCc2ccccc2)CC1,CC(=O)O,CC(C)[O-].CC(C)[O-].CC(C)[O-].CC(C)[O-].[Ti+4],CC(=O)O[BH-](OC(C)=O)OC(C)=O.[Na+],,CC(=O)N(C)C,CC(=O)N(C)C,CC(=O)N(C)C,CC(=O)N(C)C,CC(=O)N(C)C,CC(=O)N(C)C,CC(=O)N(C)C,22.0,64800.0,41.0
CN[C@@H]1C[C@H]2O[C@@](C)([C@@H]1OC)n1c3ccccc3c3c4c(c5c6ccccc6n2c5c31)C(=O)NC4,Cc1noc(C)c1C=O,CC(=O)O,CC(C)[O-].CC(C)[O-].CC(C)[O-].CC(C)[O-].[Ti+4],CC(=O)O[BH-](OC(C)=O)OC(C)=O.[Na+],,CN1CCCC1=O,CN1CCCC1=O,CN1CCCC1=O,CN1CCCC1=O,CN1CCCC1=O,CN1CCCC1=O,CN1CCCC1=O,22.0,64800.0,46.0
CN[C@@H]1C[C@H]2O[C@@](C)([C@@H]1OC)n1c3ccccc3c3c4c(c5c6ccccc6n2c5c31)C(=O)NC4,CC(C)=CCCC(C)CC=O,CC(=O)O,CC(C)[O-].CC(C)[O-].CC(C)[O-].CC(C)[O-].[Ti+4],CC(=O)O[BH-](OC(C)=O)OC(C)=O.[Na+],,CC(=O)N(C)C,CC(=O)N(C)C,CC(=O)N(C)C,CC(=O)N(C)C,CC(=O)N(C)C,CC(=O)N(C)C,CC(=O)N(C)C,22.0,64800.0,37.0
CN[C@@H]1C[C@H]2O[C@@](C)([C@@H]1OC)n1c3ccccc3c3c4c(c5c6ccccc6n2c5c31)C(=O)NC4,CC(=O)Nc1ccc(C=O)cc1,CC(=O)O,CC(C)[O-].CC(C)[O-].CC(C)[O-].CC(C)[O-].[Ti+4],CC(=O)O[BH-](OC(C)=O)OC(C)=O.[Na+],,CC(=O)N(C)C,CC(=O)N(C)C,CC(=O)N(C)C,CC(=O)N(C)C,CC(=O)N(C)C,CC(=O)N(C)C,CC(=O)N(C)C,22.0,64800.0,72.0
CN[C@@H]1C[C@H]2O[C@@](C)([C@@H]1OC)n1c3ccccc3c3c4c(c5c6ccccc6n2c5c31)C(=O)NC4,CC(=O)Nc1ccc(C=O)cc1,CC(=O)O,CC(C)[O-].CC(C)[O-].CC(C)[O-].CC(C)[O-].[Ti+4],CC(=O)O[BH-](OC(C)=O)OC(C)=O.[Na+],,CC(=O)N(C)C,CC(=O)N(C)C,CC(=O)N(C)C,CC(=O)N(C)C,CC(=O)N(C)C,CC(=O)N(C)C,CC(=O)N(C)C,22.0,64800.0,80.0
CN[C@@H]1C[C@H]2O[C@@](C)([C@@H]1OC)n1c3ccccc3c3c4c(c5c6ccccc6n2c5c31)C(=O)NC4,O=CC1CCN(C(=O)OCc2ccccc2)CC1,CC(=O)O,CC(C)[O-].CC(C)[O-].CC(C)[O-].CC(C)[O-].[Ti+4],CC(=O)O[BH-](OC(C)=O)OC(C)=O.[Na+],,CC(=O)N(C)C,CC(=O)N(C)C,CC(=O)N(C)C,CC(=O)N(C)C,CC(=O)N(C)C,CC(=O)N(C)C,CC(=O)N(C)C,22.0,64800.0,0.0
CN[C@@H]1C[C@H]2O[C@@](C)([C@@H]1OC)n1c3ccccc3c3c4c(c5c6ccccc6n2c5c31)C(=O)NC4,O=Cc1cc2cccc3c2n(c1=O)CC3,CC(=O)O,CC(C)[O-].CC(C)[O-].CC(C)[O-].CC(C)[O-].[Ti+4],CC(=O)O[BH-](OC(C)=O)OC(C)=O.[Na+],,CN1CCCC1=O,CN1CCCC1=O,CN1CCCC1=O,CN1CCCC1=O,CN1CCCC1=O,CN1CCCC1=O,CN1CCCC1=O,22.0,64800.0,100.0
CN[C@@H]1C[C@H]2O[C@@](C)([C@@H]1OC)n1c3ccccc3c3c4c(c5c6ccccc6n2c5c31)C(=O)NC4,Cc1ccc(C=O)cc1C,CC(=O)O,CC(C)[O-].CC(C)[O-].CC(C)[O-].CC(C)[O-].[Ti+4],CC(=O)O[BH-](OC(C)=O)OC(C)=O.[Na+],,CC(=O)N(C)C,CC(=O)N(C)C,CC(=O)N(C)C,CC(=O)N(C)C,CC(=O)N(C)C,CC(=O)N(C)C,CC(=O)N(C)C,22.0,64800.0,32.0
CN[C@@H]1C[C@H]2O[C@@](C)([C@@H]1OC)n1c3ccccc3c3c4c(c5c6ccccc6n2c5c31)C(=O)NC4,O=CC=Cc1ccccc1,CC(=O)O,CC(C)[O-].CC(C)[O-].CC(C)[O-].CC(C)[O-].[Ti+4],CC(=O)O[BH-](OC(C)=O)OC(C)=O.[Na+],,CN1CCCC1=O,CN1CCCC1=O,CN1CCCC1=O,CN1CCCC1=O,CN1CCCC1=O,CN1CCCC1=O,CN1CCCC1=O,22.0,64800.0,23.0
CN[C@@H]1C[C@H]2O[C@@](C)([C@@H]1OC)n1c3ccccc3c3c4c(c5c6ccccc6n2c5c31)C(=O)NC4,O=C/C=C/c1ccccc1,CC(=O)O,CC(C)[O-].CC(C)[O-].CC(C)[O-].CC(C)[O-].[Ti+4],CC(=O)O[BH-](OC(C)=O)OC(C)=O.[Na+],,CN1CCCC1=O,CN1CCCC1=O,CN1CCCC1=O,CN1CCCC1=O,CN1CCCC1=O,CN1CCCC1=O,CN1CCCC1=O,22.0,64800.0,17.0
CN[C@@H]1C[C@H]2O[C@@](C)([C@@H]1OC)n1c3ccccc3c3c4c(c5c6ccccc6n2c5c31)C(=O)NC4,CC(=O)c1cc(C(F)(F)F)cc(C(F)(F)F)c1,CC(=O)O,CC(C)[O-].CC(C)[O-].CC(C)[O-].CC(C)[O-].[Ti+4],CC(=O)O[BH-](OC(C)=O)OC(C)=O.[Na+],,CC(=O)N(C)C,CC(=O)N(C)C,CC(=O)N(C)C,CC(=O)N(C)C,CC(=O)N(C)C,CC(=O)N(C)C,CC(=O)N(C)C,22.0,64800.0,0.0
CN[C@@H]1C[C@H]2O[C@@](C)([C@@H]1OC)n1c3ccccc3c3c4c(c5c6ccccc6n2c5c31)C(=O)NC4,O=Cc1cn2ccsc2n1,CC(=O)O,CC(C)[O-].CC(C)[O-].CC(C)[O-].CC(C)[O-].[Ti+4],CC(=O)O[BH-](OC(C)=O)OC(C)=O.[Na+],,CN1CCCC1=O,CN1CCCC1=O,CN1CCCC1=O,CN1CCCC1=O,CN1CCCC1=O,CN1CCCC1=O,CN1CCCC1=O,22.0,64800.0,65.0
CN[C@@H]1C[C@H]2O[C@@](C)([C@@H]1OC)n1c3ccccc3c3c4c(c5c6ccccc6n2c5c31)C(=O)NC4,CC(C)=CCCC(C)CC=O,CC(=O)O,CC(C)[O-].CC(C)[O-].CC(C)[O-].CC(C)[O-].[Ti+4],CC(=O)O[BH-](OC(C)=O)OC(C)=O.[Na+],,CC(=O)N(C)C,CC(=O)N(C)C,CC(=O)N(C)C,CC(=O)N(C)C,CC(=O)N(C)C,CC(=O)N(C)C,CC(=O)N(C)C,22.0,64800.0,35.0
CN[C@@H]1C[C@H]2O[C@@](C)([C@@H]1OC)n1c3ccccc3c3c4c(c5c6ccccc6n2c5c31)C(=O)NC4,Cc1cccc(-n2ccnc2C=O)c1,CC(=O)O,CC(C)[O-].CC(C)[O-].CC(C)[O-].CC(C)[O-].[Ti+4],CC(=O)O[BH-](OC(C)=O)OC(C)=O.[Na+],,CN1CCCC1=O,CN1CCCC1=O,CN1CCCC1=O,CN1CCCC1=O,CN1CCCC1=O,CN1CCCC1=O,CN1CCCC1=O,22.0,64800.0,95.0
CN[C@@H]1C[C@H]2O[C@@](C)([C@@H]1OC)n1c3ccccc3c3c4c(c5c6ccccc6n2c5c31)C(=O)NC4,O=CC1CCN(Cc2ccccc2)CC1,CC(=O)O,CC(C)[O-].CC(C)[O-].CC(C)[O-].CC(C)[O-].[Ti+4],CC(=O)O[BH-](OC(C)=O)OC(C)=O.[Na+],,CN1CCCC1=O,CN1CCCC1=O,CN1CCCC1=O,CN1CCCC1=O,CN1CCCC1=O,CN1CCCC1=O,CN1CCCC1=O,22.0,64800.0,18.0
CN[C@@H]1C[C@H]2O[C@@](C)([C@@H]1OC)n1c3ccccc3c3c4c(c5c6ccccc6n2c5c31)C(=O)NC4,CC(=O)Nc1ccc(C=O)cc1,CC(=O)O,CC(C)[O-].CC(C)[O-].CC(C)[O-].CC(C)[O-].[Ti+4],CC(=O)O[BH-](OC(C)=O)OC(C)=O.[Na+],,CN1CCCC1=O,CN1CCCC1=O,CN1CCCC1=O,CN1CCCC1=O,CN1CCCC1=O,CN1CCCC1=O,CN1CCCC1=O,22.0,64800.0,80.0
CN[C@@H]1C[C@H]2O[C@@](C)([C@@H]1OC)n1c3ccccc3c3c4c(c5c6ccccc6n2c5c31)C(=O)NC4,O=CCCC(F)(F)F,CC(=O)O,CC(C)[O-].CC(C)[O-].CC(C)[O-].CC(C)[O-].[Ti+4],CC(=O)O[BH-](OC(C)=O)OC(C)=O.[Na+],,CN1CCCC1=O,CN1CCCC1=O,CN1CCCC1=O,CN1CCCC1=O,CN1CCCC1=O,CN1CCCC1=O,CN1CCCC1=O,22.0,64800.0,79.0
CN[C@@H]1C[C@H]2O[C@@](C)([C@@H]1OC)n1c3ccccc3c3c4c(c5c6ccccc6n2c5c31)C(=O)NC4,CC(=O)Nc1ccc(C=O)cc1,CC(=O)O,CC(C)[O-].CC(C)[O-].CC(C)[O-].CC(C)[O-].[Ti+4],CC(=O)O[BH-](OC(C)=O)OC(C)=O.[Na+],,CN1CCCC1=O,CN1CCCC1=O,CN1CCCC1=O,CN1CCCC1=O,CN1CCCC1=O,CN1CCCC1=O,CN1CCCC1=O,22.0,64800.0,74.0
CN[C@@H]1C[C@H]2O[C@@](C)([C@@H]1OC)n1c3ccccc3c3c4c(c5c6ccccc6n2c5c31)C(=O)NC4,O=Cc1cc(-c2ccc(F)cc2)on1,CC(=O)O,CC(C)[O-].CC(C)[O-].CC(C)[O-].CC(C)[O-].[Ti+4],CC(=O)O[BH-](OC(C)=O)OC(C)=O.[Na+],,CN1CCCC1=O,CN1CCCC1=O,CN1CCCC1=O,CN1CCCC1=O,CN1CCCC1=O,CN1CCCC1=O,CN1CCCC1=O,22.0,64800.0,100.0
CN[C@@H]1C[C@H]2O[C@@](C)([C@@H]1OC)n1c3ccccc3c3c4c(c5c6ccccc6n2c5c31)C(=O)NC4,CN(C)c1ccc(C=O)c(F)c1C#N,CC(=O)O,CC(C)[O-].CC(C)[O-].CC(C)[O-].CC(C)[O-].[Ti+4],CC(=O)O[BH-](OC(C)=O)OC(C)=O.[Na+],,CN1CCCC1=O,CN1CCCC1=O,CN1CCCC1=O,CN1CCCC1=O,CN1CCCC1=O,CN1CCCC1=O,CN1CCCC1=O,22.0,64800.0,93.0
CN[C@@H]1C[C@H]2O[C@@](C)([C@@H]1OC)n1c3ccccc3c3c4c(c5c6ccccc6n2c5c31)C(=O)NC4,CC(C)Cc1cc(C=O)n[nH]1,CC(=O)O,CC(C)[O-].CC(C)[O-].CC(C)[O-].CC(C)[O-].[Ti+4],CC(=O)O[BH-](OC(C)=O)OC(C)=O.[Na+],,CN1CCCC1=O,CN1CCCC1=O,CN1CCCC1=O,CN1CCCC1=O,CN1CCCC1=O,CN1CCCC1=O,CN1CCCC1=O,22.0,64800.0,17.0
CN[C@@H]1C[C@H]2O[C@@](C)([C@@H]1OC)n1c3ccccc3c3c4c(c5c6ccccc6n2c5c31)C(=O)NC4,N#Cc1ccc(C=O)cc1Br,CC(=O)O,CC(C)[O-].CC(C)[O-].CC(C)[O-].CC(C)[O-].[Ti+4],CC(=O)O[BH-](OC(C)=O)OC(C)=O.[Na+],,CN1CCCC1=O,CN1CCCC1=O,CN1CCCC1=O,CN1CCCC1=O,CN1CCCC1=O,CN1CCCC1=O,CN1CCCC1=O,22.0,64800.0,14.0
CN[C@@H]1C[C@H]2O[C@@](C)([C@@H]1OC)n1c3ccccc3c3c4c(c5c6ccccc6n2c5c31)C(=O)NC4,CC(=O)/C=C/c1ccccc1,CC(=O)O,CC(C)[O-].CC(C)[O-].CC(C)[O-].CC(C)[O-].[Ti+4],CC(=O)O[BH-](OC(C)=O)OC(C)=O.[Na+],,CN1CCCC1=O,CN1CCCC1=O,CN1CCCC1=O,CN1CCCC1=O,CN1CCCC1=O,CN1CCCC1=O,CN1CCCC1=O,22.0,64800.0,0.0
CN[C@@H]1C[C@H]2O[C@@](C)([C@@H]1OC)n1c3ccccc3c3c4c(c5c6ccccc6n2c5c31)C(=O)NC4,CC(=O)/C=C/c1ccccc1,CC(=O)O,CC(C)[O-].CC(C)[O-].CC(C)[O-].CC(C)[O-].[Ti+4],CC(=O)O[BH-](OC(C)=O)OC(C)=O.[Na+],,CN1CCCC1=O,CN1CCCC1=O,CN1CCCC1=O,CN1CCCC1=O,CN1CCCC1=O,CN1CCCC1=O,CN1CCCC1=O,22.0,64800.0,6.0
CN[C@@H]1C[C@H]2O[C@@](C)([C@@H]1OC)n1c3ccccc3c3c4c(c5c6ccccc6n2c5c31)C(=O)NC4,CC(=O)c1cc(C(F)(F)F)cc(C(F)(F)F)c1,CC(=O)O,CC(C)[O-].CC(C)[O-].CC(C)[O-].CC(C)[O-].[Ti+4],CC(=O)O[BH-](OC(C)=O)OC(C)=O.[Na+],,CC(=O)N(C)C,CC(=O)N(C)C,CC(=O)N(C)C,CC(=O)N(C)C,CC(=O)N(C)C,CC(=O)N(C)C,CC(=O)N(C)C,22.0,64800.0,0.0
CN[C@@H]1C[C@H]2O[C@@](C)([C@@H]1OC)n1c3ccccc3c3c4c(c5c6ccccc6n2c5c31)C(=O)NC4,CC(C)=CCCC(C)CC=O,CC(=O)O,CC(C)[O-].CC(C)[O-].CC(C)[O-].CC(C)[O-].[Ti+4],CC(=O)O[BH-](OC(C)=O)OC(C)=O.[Na+],,CC(=O)N(C)C,CC(=O)N(C)C,CC(=O)N(C)C,CC(=O)N(C)C,CC(=O)N(C)C,CC(=O)N(C)C,CC(=O)N(C)C,22.0,64800.0,98.0
CN[C@@H]1C[C@H]2O[C@@](C)([C@@H]1OC)n1c3ccccc3c3c4c(c5c6ccccc6n2c5c31)C(=O)NC4,O=C1CCN(C(=O)OCc2ccccc2)CC1,CC(=O)O,CC(C)[O-].CC(C)[O-].CC(C)[O-].CC(C)[O-].[Ti+4],CC(=O)O[BH-](OC(C)=O)OC(C)=O.[Na+],,CC(=O)N(C)C,CC(=O)N(C)C,CC(=O)N(C)C,CC(=O)N(C)C,CC(=O)N(C)C,CC(=O)N(C)C,CC(=O)N(C)C,22.0,64800.0,28.0
CN[C@@H]1C[C@H]2O[C@@](C)([C@@H]1OC)n1c3ccccc3c3c4c(c5c6ccccc6n2c5c31)C(=O)NC4,CC(=O)c1cc(C)cc(C)c1,CC(=O)O,CC(C)[O-].CC(C)[O-].CC(C)[O-].CC(C)[O-].[Ti+4],CC(=O)O[BH-](OC(C)=O)OC(C)=O.[Na+],,CN1CCCC1=O,CN1CCCC1=O,CN1CCCC1=O,CN1CCCC1=O,CN1CCCC1=O,CN1CCCC1=O,CN1CCCC1=O,22.0,64800.0,0.0
CN[C@@H]1C[C@H]2O[C@@](C)([C@@H]1OC)n1c3ccccc3c3c4c(c5c6ccccc6n2c5c31)C(=O)NC4,Cc1cccc(-n2ccnc2C=O)c1,CC(=O)O,CC(C)[O-].CC(C)[O-].CC(C)[O-].CC(C)[O-].[Ti+4],CC(=O)O[BH-](OC(C)=O)OC(C)=O.[Na+],,CN1CCCC1=O,CN1CCCC1=O,CN1CCCC1=O,CN1CCCC1=O,CN1CCCC1=O,CN1CCCC1=O,CN1CCCC1=O,22.0,64800.0,36.0
CN[C@@H]1C[C@H]2O[C@@](C)([C@@H]1OC)n1c3ccccc3c3c4c(c5c6ccccc6n2c5c31)C(=O)NC4,O=Cc1ccccc1,CC(=O)O,CC(C)[O-].CC(C)[O-].CC(C)[O-].CC(C)[O-].[Ti+4],CC(=O)O[BH-](OC(C)=O)OC(C)=O.[Na+],,CN1CCCC1=O,CN1CCCC1=O,CN1CCCC1=O,CN1CCCC1=O,CN1CCCC1=O,CN1CCCC1=O,CN1CCCC1=O,22.0,64800.0,65.0
CN[C@@H]1C[C@H]2O[C@@](C)([C@@H]1OC)n1c3ccccc3c3c4c(c5c6ccccc6n2c5c31)C(=O)NC4,CC(=O)c1cc(C)cc(C)c1,CC(=O)O,CC(C)[O-].CC(C)[O-].CC(C)[O-].CC(C)[O-].[Ti+4],CC(=O)O[BH-](OC(C)=O)OC(C)=O.[Na+],,CC(=O)N(C)C,CC(=O)N(C)C,CC(=O)N(C)C,CC(=O)N(C)C,CC(=O)N(C)C,CC(=O)N(C)C,CC(=O)N(C)C,22.0,64800.0,0.0
CN[C@@H]1C[C@H]2O[C@@](C)([C@@H]1OC)n1c3ccccc3c3c4c(c5c6ccccc6n2c5c31)C(=O)NC4,O=Cc1cn2ccsc2n1,CC(=O)O,CC(C)[O-].CC(C)[O-].CC(C)[O-].CC(C)[O-].[Ti+4],CC(=O)O[BH-](OC(C)=O)OC(C)=O.[Na+],,CN1CCCC1=O,CN1CCCC1=O,CN1CCCC1=O,CN1CCCC1=O,CN1CCCC1=O,CN1CCCC1=O,CN1CCCC1=O,22.0,64800.0,84.0
CN[C@@H]1C[C@H]2O[C@@](C)([C@@H]1OC)n1c3ccccc3c3c4c(c5c6ccccc6n2c5c31)C(=O)NC4,O=Cc1cn(-c2ncccn2)cn1,CC(=O)O,CC(C)[O-].CC(C)[O-].CC(C)[O-].CC(C)[O-].[Ti+4],CC(=O)O[BH-](OC(C)=O)OC(C)=O.[Na+],,CN1CCCC1=O,CN1CCCC1=O,CN1CCCC1=O,CN1CCCC1=O,CN1CCCC1=O,CN1CCCC1=O,CN1CCCC1=O,22.0,64800.0,59.0
CN[C@@H]1C[C@H]2O[C@@](C)([C@@H]1OC)n1c3ccccc3c3c4c(c5c6ccccc6n2c5c31)C(=O)NC4,O=Cc1ccccc1,CC(=O)O,CC(C)[O-].CC(C)[O-].CC(C)[O-].CC(C)[O-].[Ti+4],CC(=O)O[BH-](OC(C)=O)OC(C)=O.[Na+],,CN1CCCC1=O,CN1CCCC1=O,CN1CCCC1=O,CN1CCCC1=O,CN1CCCC1=O,CN1CCCC1=O,CN1CCCC1=O,22.0,64800.0,82.0
CN[C@@H]1C[C@H]2O[C@@](C)([C@@H]1OC)n1c3ccccc3c3c4c(c5c6ccccc6n2c5c31)C(=O)NC4,O=Cc1nc2ccccc2s1,CC(=O)O,CC(C)[O-].CC(C)[O-].CC(C)[O-].CC(C)[O-].[Ti+4],CC(=O)O[BH-](OC(C)=O)OC(C)=O.[Na+],,CC(=O)N(C)C,CC(=O)N(C)C,CC(=O)N(C)C,CC(=O)N(C)C,CC(=O)N(C)C,CC(=O)N(C)C,CC(=O)N(C)C,22.0,64800.0,61.0
CN[C@@H]1C[C@H]2O[C@@](C)([C@@H]1OC)n1c3ccccc3c3c4c(c5c6ccccc6n2c5c31)C(=O)NC4,O=Cc1[nH]ncc1Br,CC(=O)O,CC(C)[O-].CC(C)[O-].CC(C)[O-].CC(C)[O-].[Ti+4],CC(=O)O[BH-](OC(C)=O)OC(C)=O.[Na+],,CN1CCCC1=O,CN1CCCC1=O,CN1CCCC1=O,CN1CCCC1=O,CN1CCCC1=O,CN1CCCC1=O,CN1CCCC1=O,22.0,64800.0,59.0
CN[C@@H]1C[C@H]2O[C@@](C)([C@@H]1OC)n1c3ccccc3c3c4c(c5c6ccccc6n2c5c31)C(=O)NC4,N#CCC1CCC(=O)C1,CC(=O)O,CC(C)[O-].CC(C)[O-].CC(C)[O-].CC(C)[O-].[Ti+4],CC(=O)O[BH-](OC(C)=O)OC(C)=O.[Na+],,CN1CCCC1=O,CN1CCCC1=O,CN1CCCC1=O,CN1CCCC1=O,CN1CCCC1=O,CN1CCCC1=O,CN1CCCC1=O,22.0,64800.0,4.0
CN[C@@H]1C[C@H]2O[C@@](C)([C@@H]1OC)n1c3ccccc3c3c4c(c5c6ccccc6n2c5c31)C(=O)NC4,CC(=O)/C=C/c1ccccc1,CC(=O)O,CC(C)[O-].CC(C)[O-].CC(C)[O-].CC(C)[O-].[Ti+4],CC(=O)O[BH-](OC(C)=O)OC(C)=O.[Na+],,CN1CCCC1=O,CN1CCCC1=O,CN1CCCC1=O,CN1CCCC1=O,CN1CCCC1=O,CN1CCCC1=O,CN1CCCC1=O,22.0,64800.0,0.0
CN[C@@H]1C[C@H]2O[C@@](C)([C@@H]1OC)n1c3ccccc3c3c4c(c5c6ccccc6n2c5c31)C(=O)NC4,CC(=O)c1cc(C)cc(C)c1,CC(=O)O,CC(C)[O-].CC(C)[O-].CC(C)[O-].CC(C)[O-].[Ti+4],CC(=O)O[BH-](OC(C)=O)OC(C)=O.[Na+],,CC(=O)N(C)C,CC(=O)N(C)C,CC(=O)N(C)C,CC(=O)N(C)C,CC(=O)N(C)C,CC(=O)N(C)C,CC(=O)N(C)C,22.0,64800.0,0.0
CN[C@@H]1C[C@H]2O[C@@](C)([C@@H]1OC)n1c3ccccc3c3c4c(c5c6ccccc6n2c5c31)C(=O)NC4,O=Cc1cc2cnccc2[nH]1,CC(=O)O,CC(C)[O-].CC(C)[O-].CC(C)[O-].CC(C)[O-].[Ti+4],CC(=O)O[BH-](OC(C)=O)OC(C)=O.[Na+],,CN1CCCC1=O,CN1CCCC1=O,CN1CCCC1=O,CN1CCCC1=O,CN1CCCC1=O,CN1CCCC1=O,CN1CCCC1=O,22.0,64800.0,56.0
CN[C@@H]1C[C@H]2O[C@@](C)([C@@H]1OC)n1c3ccccc3c3c4c(c5c6ccccc6n2c5c31)C(=O)NC4,O=C1CCN(C(=O)OCc2ccccc2)CC1,CC(=O)O,CC(C)[O-].CC(C)[O-].CC(C)[O-].CC(C)[O-].[Ti+4],CC(=O)O[BH-](OC(C)=O)OC(C)=O.[Na+],,CC(=O)N(C)C,CC(=O)N(C)C,CC(=O)N(C)C,CC(=O)N(C)C,CC(=O)N(C)C,CC(=O)N(C)C,CC(=O)N(C)C,22.0,64800.0,0.0
CN[C@@H]1C[C@H]2O[C@@](C)([C@@H]1OC)n1c3ccccc3c3c4c(c5c6ccccc6n2c5c31)C(=O)NC4,O=C1CCN(C(=O)OCc2ccccc2)CC1,CC(=O)O,CC(C)[O-].CC(C)[O-].CC(C)[O-].CC(C)[O-].[Ti+4],CC(=O)O[BH-](OC(C)=O)OC(C)=O.[Na+],,CN1CCCC1=O,CN1CCCC1=O,CN1CCCC1=O,CN1CCCC1=O,CN1CCCC1=O,CN1CCCC1=O,CN1CCCC1=O,22.0,64800.0,29.0
CN[C@@H]1C[C@H]2O[C@@](C)([C@@H]1OC)n1c3ccccc3c3c4c(c5c6ccccc6n2c5c31)C(=O)NC4,Cc1nc(C=O)n(C)c1C,CC(=O)O,CC(C)[O-].CC(C)[O-].CC(C)[O-].CC(C)[O-].[Ti+4],CC(=O)O[BH-](OC(C)=O)OC(C)=O.[Na+],,CN1CCCC1=O,CN1CCCC1=O,CN1CCCC1=O,CN1CCCC1=O,CN1CCCC1=O,CN1CCCC1=O,CN1CCCC1=O,22.0,64800.0,53.0
CN[C@@H]1C[C@H]2O[C@@](C)([C@@H]1OC)n1c3ccccc3c3c4c(c5c6ccccc6n2c5c31)C(=O)NC4,O=Cc1nc2ccccc2s1,CC(=O)O,CC(C)[O-].CC(C)[O-].CC(C)[O-].CC(C)[O-].[Ti+4],CC(=O)O[BH-](OC(C)=O)OC(C)=O.[Na+],,CC(=O)N(C)C,CC(=O)N(C)C,CC(=O)N(C)C,CC(=O)N(C)C,CC(=O)N(C)C,CC(=O)N(C)C,CC(=O)N(C)C,22.0,64800.0,88.0
CN[C@@H]1C[C@H]2O[C@@](C)([C@@H]1OC)n1c3ccccc3c3c4c(c5c6ccccc6n2c5c31)C(=O)NC4,N#Cc1ccc(C=O)cc1Br,CC(=O)O,CC(C)[O-].CC(C)[O-].CC(C)[O-].CC(C)[O-].[Ti+4],CC(=O)O[BH-](OC(C)=O)OC(C)=O.[Na+],,CC(=O)N(C)C,CC(=O)N(C)C,CC(=O)N(C)C,CC(=O)N(C)C,CC(=O)N(C)C,CC(=O)N(C)C,CC(=O)N(C)C,22.0,64800.0,4.0
CN[C@@H]1C[C@H]2O[C@@](C)([C@@H]1OC)n1c3ccccc3c3c4c(c5c6ccccc6n2c5c31)C(=O)NC4,Cc1nc(C(F)(F)F)c(C=O)s1,CC(=O)O,CC(C)[O-].CC(C)[O-].CC(C)[O-].CC(C)[O-].[Ti+4],CC(=O)O[BH-](OC(C)=O)OC(C)=O.[Na+],,CN1CCCC1=O,CN1CCCC1=O,CN1CCCC1=O,CN1CCCC1=O,CN1CCCC1=O,CN1CCCC1=O,CN1CCCC1=O,22.0,64800.0,59.0
CN[C@@H]1C[C@H]2O[C@@](C)([C@@H]1OC)n1c3ccccc3c3c4c(c5c6ccccc6n2c5c31)C(=O)NC4,O=CCCc1ccccc1,CC(=O)O,CC(C)[O-].CC(C)[O-].CC(C)[O-].CC(C)[O-].[Ti+4],CC(=O)O[BH-](OC(C)=O)OC(C)=O.[Na+],,CC(=O)N(C)C,CC(=O)N(C)C,CC(=O)N(C)C,CC(=O)N(C)C,CC(=O)N(C)C,CC(=O)N(C)C,CC(=O)N(C)C,22.0,64800.0,27.0
CN[C@@H]1C[C@H]2O[C@@](C)([C@@H]1OC)n1c3ccccc3c3c4c(c5c6ccccc6n2c5c31)C(=O)NC4,O=C1CCN(C(=O)OCc2ccccc2)CC1,CC(=O)O,CC(C)[O-].CC(C)[O-].CC(C)[O-].CC(C)[O-].[Ti+4],CC(=O)O[BH-](OC(C)=O)OC(C)=O.[Na+],,CN1CCCC1=O,CN1CCCC1=O,CN1CCCC1=O,CN1CCCC1=O,CN1CCCC1=O,CN1CCCC1=O,CN1CCCC1=O,22.0,64800.0,25.0
CN[C@@H]1C[C@H]2O[C@@](C)([C@@H]1OC)n1c3ccccc3c3c4c(c5c6ccccc6n2c5c31)C(=O)NC4,O=C1CCN(C(=O)OCc2ccccc2)CC1,CC(=O)O,CC(C)[O-].CC(C)[O-].CC(C)[O-].CC(C)[O-].[Ti+4],CC(=O)O[BH-](OC(C)=O)OC(C)=O.[Na+],,CC(=O)N(C)C,CC(=O)N(C)C,CC(=O)N(C)C,CC(=O)N(C)C,CC(=O)N(C)C,CC(=O)N(C)C,CC(=O)N(C)C,22.0,64800.0,19.0
CN[C@@H]1C[C@H]2O[C@@](C)([C@@H]1OC)n1c3ccccc3c3c4c(c5c6ccccc6n2c5c31)C(=O)NC4,CC(C)=CCCC(C)CC=O,CC(=O)O,CC(C)[O-].CC(C)[O-].CC(C)[O-].CC(C)[O-].[Ti+4],CC(=O)O[BH-](OC(C)=O)OC(C)=O.[Na+],,CC(=O)N(C)C,CC(=O)N(C)C,CC(=O)N(C)C,CC(=O)N(C)C,CC(=O)N(C)C,CC(=O)N(C)C,CC(=O)N(C)C,22.0,64800.0,30.0
CN[C@@H]1C[C@H]2O[C@@](C)([C@@H]1OC)n1c3ccccc3c3c4c(c5c6ccccc6n2c5c31)C(=O)NC4,Cc1ccc(C=O)cc1C,CC(=O)O,CC(C)[O-].CC(C)[O-].CC(C)[O-].CC(C)[O-].[Ti+4],CC(=O)O[BH-](OC(C)=O)OC(C)=O.[Na+],,CN1CCCC1=O,CN1CCCC1=O,CN1CCCC1=O,CN1CCCC1=O,CN1CCCC1=O,CN1CCCC1=O,CN1CCCC1=O,22.0,64800.0,16.0
CN[C@@H]1C[C@H]2O[C@@](C)([C@@H]1OC)n1c3ccccc3c3c4c(c5c6ccccc6n2c5c31)C(=O)NC4,O=CC1CCN(C(=O)OCc2ccccc2)CC1,CC(=O)O,CC(C)[O-].CC(C)[O-].CC(C)[O-].CC(C)[O-].[Ti+4],CC(=O)O[BH-](OC(C)=O)OC(C)=O.[Na+],,CN1CCCC1=O,CN1CCCC1=O,CN1CCCC1=O,CN1CCCC1=O,CN1CCCC1=O,CN1CCCC1=O,CN1CCCC1=O,22.0,64800.0,14.0
CN[C@@H]1C[C@H]2O[C@@](C)([C@@H]1OC)n1c3ccccc3c3c4c(c5c6ccccc6n2c5c31)C(=O)NC4,CC(=O)c1cc(C(F)(F)F)cc(C(F)(F)F)c1,CC(=O)O,CC(C)[O-].CC(C)[O-].CC(C)[O-].CC(C)[O-].[Ti+4],CC(=O)O[BH-](OC(C)=O)OC(C)=O.[Na+],,CN1CCCC1=O,CN1CCCC1=O,CN1CCCC1=O,CN1CCCC1=O,CN1CCCC1=O,CN1CCCC1=O,CN1CCCC1=O,22.0,64800.0,0.0
CN[C@@H]1C[C@H]2O[C@@](C)([C@@H]1OC)n1c3ccccc3c3c4c(c5c6ccccc6n2c5c31)C(=O)NC4,Cc1ccc(C=O)cc1C,CC(=O)O,CC(C)[O-].CC(C)[O-].CC(C)[O-].CC(C)[O-].[Ti+4],CC(=O)O[BH-](OC(C)=O)OC(C)=O.[Na+],,CN1CCCC1=O,CN1CCCC1=O,CN1CCCC1=O,CN1CCCC1=O,CN1CCCC1=O,CN1CCCC1=O,CN1CCCC1=O,22.0,64800.0,78.0
CN[C@@H]1C[C@H]2O[C@@](C)([C@@H]1OC)n1c3ccccc3c3c4c(c5c6ccccc6n2c5c31)C(=O)NC4,O=CC=Cc1ccccc1,CC(=O)O,CC(C)[O-].CC(C)[O-].CC(C)[O-].CC(C)[O-].[Ti+4],CC(=O)O[BH-](OC(C)=O)OC(C)=O.[Na+],,CN1CCCC1=O,CN1CCCC1=O,CN1CCCC1=O,CN1CCCC1=O,CN1CCCC1=O,CN1CCCC1=O,CN1CCCC1=O,22.0,64800.0,27.0
CN[C@@H]1C[C@H]2O[C@@](C)([C@@H]1OC)n1c3ccccc3c3c4c(c5c6ccccc6n2c5c31)C(=O)NC4,O=C1CCN(c2ccc(F)c(F)c2)CC1,CC(=O)O,CC(C)[O-].CC(C)[O-].CC(C)[O-].CC(C)[O-].[Ti+4],CC(=O)O[BH-](OC(C)=O)OC(C)=O.[Na+],,CC(=O)N(C)C,CC(=O)N(C)C,CC(=O)N(C)C,CC(=O)N(C)C,CC(=O)N(C)C,CC(=O)N(C)C,CC(=O)N(C)C,22.0,64800.0,20.0
CN[C@@H]1C[C@H]2O[C@@](C)([C@@H]1OC)n1c3ccccc3c3c4c(c5c6ccccc6n2c5c31)C(=O)NC4,O=C1CCC(n2cccn2)C1,CC(=O)O,CC(C)[O-].CC(C)[O-].CC(C)[O-].CC(C)[O-].[Ti+4],CC(=O)O[BH-](OC(C)=O)OC(C)=O.[Na+],,CN1CCCC1=O,CN1CCCC1=O,CN1CCCC1=O,CN1CCCC1=O,CN1CCCC1=O,CN1CCCC1=O,CN1CCCC1=O,22.0,64800.0,0.0
CN[C@@H]1C[C@H]2O[C@@](C)([C@@H]1OC)n1c3ccccc3c3c4c(c5c6ccccc6n2c5c31)C(=O)NC4,CC(=O)c1cc(C)cc(C)c1,CC(=O)O,CC(C)[O-].CC(C)[O-].CC(C)[O-].CC(C)[O-].[Ti+4],CC(=O)O[BH-](OC(C)=O)OC(C)=O.[Na+],,CC(=O)N(C)C,CC(=O)N(C)C,CC(=O)N(C)C,CC(=O)N(C)C,CC(=O)N(C)C,CC(=O)N(C)C,CC(=O)N(C)C,22.0,64800.0,0.0
CN[C@@H]1C[C@H]2O[C@@](C)([C@@H]1OC)n1c3ccccc3c3c4c(c5c6ccccc6n2c5c31)C(=O)NC4,N#CCC1CCC(=O)C1,CC(=O)O,CC(C)[O-].CC(C)[O-].CC(C)[O-].CC(C)[O-].[Ti+4],CC(=O)O[BH-](OC(C)=O)OC(C)=O.[Na+],,CC(=O)N(C)C,CC(=O)N(C)C,CC(=O)N(C)C,CC(=O)N(C)C,CC(=O)N(C)C,CC(=O)N(C)C,CC(=O)N(C)C,22.0,64800.0,0.0
CN[C@@H]1C[C@H]2O[C@@](C)([C@@H]1OC)n1c3ccccc3c3c4c(c5c6ccccc6n2c5c31)C(=O)NC4,O=C/C=C/c1ccccc1,CC(=O)O,CC(C)[O-].CC(C)[O-].CC(C)[O-].CC(C)[O-].[Ti+4],CC(=O)O[BH-](OC(C)=O)OC(C)=O.[Na+],,CN1CCCC1=O,CN1CCCC1=O,CN1CCCC1=O,CN1CCCC1=O,CN1CCCC1=O,CN1CCCC1=O,CN1CCCC1=O,22.0,64800.0,21.0
CN[C@@H]1C[C@H]2O[C@@](C)([C@@H]1OC)n1c3ccccc3c3c4c(c5c6ccccc6n2c5c31)C(=O)NC4,Cc1csc(C=O)n1,CC(=O)O,CC(C)[O-].CC(C)[O-].CC(C)[O-].CC(C)[O-].[Ti+4],CC(=O)O[BH-](OC(C)=O)OC(C)=O.[Na+],,CN1CCCC1=O,CN1CCCC1=O,CN1CCCC1=O,CN1CCCC1=O,CN1CCCC1=O,CN1CCCC1=O,CN1CCCC1=O,22.0,64800.0,99.0
CN[C@@H]1C[C@H]2O[C@@](C)([C@@H]1OC)n1c3ccccc3c3c4c(c5c6ccccc6n2c5c31)C(=O)NC4,O=C1CCCC1,CC(=O)O,CC(C)[O-].CC(C)[O-].CC(C)[O-].CC(C)[O-].[Ti+4],CC(=O)O[BH-](OC(C)=O)OC(C)=O.[Na+],,CC(=O)N(C)C,CC(=O)N(C)C,CC(=O)N(C)C,CC(=O)N(C)C,CC(=O)N(C)C,CC(=O)N(C)C,CC(=O)N(C)C,22.0,64800.0,10.0
CN[C@@H]1C[C@H]2O[C@@](C)([C@@H]1OC)n1c3ccccc3c3c4c(c5c6ccccc6n2c5c31)C(=O)NC4,O=CC=Cc1ccccc1,CC(=O)O,CC(C)[O-].CC(C)[O-].CC(C)[O-].CC(C)[O-].[Ti+4],CC(=O)O[BH-](OC(C)=O)OC(C)=O.[Na+],,CC(=O)N(C)C,CC(=O)N(C)C,CC(=O)N(C)C,CC(=O)N(C)C,CC(=O)N(C)C,CC(=O)N(C)C,CC(=O)N(C)C,22.0,64800.0,37.0
CN[C@@H]1C[C@H]2O[C@@](C)([C@@H]1OC)n1c3ccccc3c3c4c(c5c6ccccc6n2c5c31)C(=O)NC4,O=Cc1nc2ccccc2s1,CC(=O)O,CC(C)[O-].CC(C)[O-].CC(C)[O-].CC(C)[O-].[Ti+4],CC(=O)O[BH-](OC(C)=O)OC(C)=O.[Na+],,CC(=O)N(C)C,CC(=O)N(C)C,CC(=O)N(C)C,CC(=O)N(C)C,CC(=O)N(C)C,CC(=O)N(C)C,CC(=O)N(C)C,22.0,64800.0,39.0
CN[C@@H]1C[C@H]2O[C@@](C)([C@@H]1OC)n1c3ccccc3c3c4c(c5c6ccccc6n2c5c31)C(=O)NC4,CC(C)n1c(C=O)nc2ccccc21,CC(=O)O,CC(C)[O-].CC(C)[O-].CC(C)[O-].CC(C)[O-].[Ti+4],CC(=O)O[BH-](OC(C)=O)OC(C)=O.[Na+],,CN1CCCC1=O,CN1CCCC1=O,CN1CCCC1=O,CN1CCCC1=O,CN1CCCC1=O,CN1CCCC1=O,CN1CCCC1=O,22.0,64800.0,100.0
CN[C@@H]1C[C@H]2O[C@@](C)([C@@H]1OC)n1c3ccccc3c3c4c(c5c6ccccc6n2c5c31)C(=O)NC4,CC(=O)Nc1ccc(C=O)cc1,CC(=O)O,CC(C)[O-].CC(C)[O-].CC(C)[O-].CC(C)[O-].[Ti+4],CC(=O)O[BH-](OC(C)=O)OC(C)=O.[Na+],,CC(=O)N(C)C,CC(=O)N(C)C,CC(=O)N(C)C,CC(=O)N(C)C,CC(=O)N(C)C,CC(=O)N(C)C,CC(=O)N(C)C,22.0,64800.0,95.0
CN[C@@H]1C[C@H]2O[C@@](C)([C@@H]1OC)n1c3ccccc3c3c4c(c5c6ccccc6n2c5c31)C(=O)NC4,O=CC1CCN(C(=O)OCc2ccccc2)CC1,CC(=O)O,CC(C)[O-].CC(C)[O-].CC(C)[O-].CC(C)[O-].[Ti+4],CC(=O)O[BH-](OC(C)=O)OC(C)=O.[Na+],,CN1CCCC1=O,CN1CCCC1=O,CN1CCCC1=O,CN1CCCC1=O,CN1CCCC1=O,CN1CCCC1=O,CN1CCCC1=O,22.0,64800.0,18.0
CN[C@@H]1C[C@H]2O[C@@](C)([C@@H]1OC)n1c3ccccc3c3c4c(c5c6ccccc6n2c5c31)C(=O)NC4,CC(=O)c1cc(C(F)(F)F)cc(C(F)(F)F)c1,CC(=O)O,CC(C)[O-].CC(C)[O-].CC(C)[O-].CC(C)[O-].[Ti+4],CC(=O)O[BH-](OC(C)=O)OC(C)=O.[Na+],,CN1CCCC1=O,CN1CCCC1=O,CN1CCCC1=O,CN1CCCC1=O,CN1CCCC1=O,CN1CCCC1=O,CN1CCCC1=O,22.0,64800.0,0.0
CN[C@@H]1C[C@H]2O[C@@](C)([C@@H]1OC)n1c3ccccc3c3c4c(c5c6ccccc6n2c5c31)C(=O)NC4,O=Cc1ccc2c(n1)NC(=O)CC2,CC(=O)O,CC(C)[O-].CC(C)[O-].CC(C)[O-].CC(C)[O-].[Ti+4],CC(=O)O[BH-](OC(C)=O)OC(C)=O.[Na+],,CN1CCCC1=O,CN1CCCC1=O,CN1CCCC1=O,CN1CCCC1=O,CN1CCCC1=O,CN1CCCC1=O,CN1CCCC1=O,22.0,64800.0,0.0
CN[C@@H]1C[C@H]2O[C@@](C)([C@@H]1OC)n1c3ccccc3c3c4c(c5c6ccccc6n2c5c31)C(=O)NC4,O=C1CCN(C(=O)OCc2ccccc2)CC1,CC(=O)O,CC(C)[O-].CC(C)[O-].CC(C)[O-].CC(C)[O-].[Ti+4],CC(=O)O[BH-](OC(C)=O)OC(C)=O.[Na+],,CN1CCCC1=O,CN1CCCC1=O,CN1CCCC1=O,CN1CCCC1=O,CN1CCCC1=O,CN1CCCC1=O,CN1CCCC1=O,22.0,64800.0,1.0
CN[C@@H]1C[C@H]2O[C@@](C)([C@@H]1OC)n1c3ccccc3c3c4c(c5c6ccccc6n2c5c31)C(=O)NC4,O=C1CCN(C(=O)OCc2ccccc2)CC1,CC(=O)O,CC(C)[O-].CC(C)[O-].CC(C)[O-].CC(C)[O-].[Ti+4],CC(=O)O[BH-](OC(C)=O)OC(C)=O.[Na+],,CN1CCCC1=O,CN1CCCC1=O,CN1CCCC1=O,CN1CCCC1=O,CN1CCCC1=O,CN1CCCC1=O,CN1CCCC1=O,22.0,64800.0,1.0
CN[C@@H]1C[C@H]2O[C@@](C)([C@@H]1OC)n1c3ccccc3c3c4c(c5c6ccccc6n2c5c31)C(=O)NC4,CC(C)=CCCC(C)CC=O,CC(=O)O,CC(C)[O-].CC(C)[O-].CC(C)[O-].CC(C)[O-].[Ti+4],CC(=O)O[BH-](OC(C)=O)OC(C)=O.[Na+],,CC(=O)N(C)C,CC(=O)N(C)C,CC(=O)N(C)C,CC(=O)N(C)C,CC(=O)N(C)C,CC(=O)N(C)C,CC(=O)N(C)C,22.0,64800.0,90.0
CN[C@@H]1C[C@H]2O[C@@](C)([C@@H]1OC)n1c3ccccc3c3c4c(c5c6ccccc6n2c5c31)C(=O)NC4,O=Cc1cn(-c2ncccn2)cn1,CC(=O)O,CC(C)[O-].CC(C)[O-].CC(C)[O-].CC(C)[O-].[Ti+4],CC(=O)O[BH-](OC(C)=O)OC(C)=O.[Na+],,CN1CCCC1=O,CN1CCCC1=O,CN1CCCC1=O,CN1CCCC1=O,CN1CCCC1=O,CN1CCCC1=O,CN1CCCC1=O,22.0,64800.0,13.0
CN[C@@H]1C[C@H]2O[C@@](C)([C@@H]1OC)n1c3ccccc3c3c4c(c5c6ccccc6n2c5c31)C(=O)NC4,CC(=O)c1cc(C)cc(C)c1,CC(=O)O,CC(C)[O-].CC(C)[O-].CC(C)[O-].CC(C)[O-].[Ti+4],CC(=O)O[BH-](OC(C)=O)OC(C)=O.[Na+],,CC(=O)N(C)C,CC(=O)N(C)C,CC(=O)N(C)C,CC(=O)N(C)C,CC(=O)N(C)C,CC(=O)N(C)C,CC(=O)N(C)C,22.0,64800.0,0.0
CN[C@@H]1C[C@H]2O[C@@](C)([C@@H]1OC)n1c3ccccc3c3c4c(c5c6ccccc6n2c5c31)C(=O)NC4,CN1CCOc2cc(C=O)ccc21,CC(=O)O,CC(C)[O-].CC(C)[O-].CC(C)[O-].CC(C)[O-].[Ti+4],CC(=O)O[BH-](OC(C)=O)OC(C)=O.[Na+],,CN1CCCC1=O,CN1CCCC1=O,CN1CCCC1=O,CN1CCCC1=O,CN1CCCC1=O,CN1CCCC1=O,CN1CCCC1=O,22.0,64800.0,41.0
CN[C@@H]1C[C@H]2O[C@@](C)([C@@H]1OC)n1c3ccccc3c3c4c(c5c6ccccc6n2c5c31)C(=O)NC4,N#Cc1ccc(C=O)cc1Br,CC(=O)O,CC(C)[O-].CC(C)[O-].CC(C)[O-].CC(C)[O-].[Ti+4],CC(=O)O[BH-](OC(C)=O)OC(C)=O.[Na+],,CC(=O)N(C)C,CC(=O)N(C)C,CC(=O)N(C)C,CC(=O)N(C)C,CC(=O)N(C)C,CC(=O)N(C)C,CC(=O)N(C)C,22.0,64800.0,15.0
CN[C@@H]1C[C@H]2O[C@@](C)([C@@H]1OC)n1c3ccccc3c3c4c(c5c6ccccc6n2c5c31)C(=O)NC4,Cc1nn(C)c(C)c1C=O,CC(=O)O,CC(C)[O-].CC(C)[O-].CC(C)[O-].CC(C)[O-].[Ti+4],CC(=O)O[BH-](OC(C)=O)OC(C)=O.[Na+],,CN1CCCC1=O,CN1CCCC1=O,CN1CCCC1=O,CN1CCCC1=O,CN1CCCC1=O,CN1CCCC1=O,CN1CCCC1=O,22.0,64800.0,44.0
CN[C@@H]1C[C@H]2O[C@@](C)([C@@H]1OC)n1c3ccccc3c3c4c(c5c6ccccc6n2c5c31)C(=O)NC4,O=C1CCN(c2ccc(F)c(F)c2)CC1,CC(=O)O,CC(C)[O-].CC(C)[O-].CC(C)[O-].CC(C)[O-].[Ti+4],CC(=O)O[BH-](OC(C)=O)OC(C)=O.[Na+],,CN1CCCC1=O,CN1CCCC1=O,CN1CCCC1=O,CN1CCCC1=O,CN1CCCC1=O,CN1CCCC1=O,CN1CCCC1=O,22.0,64800.0,36.0
CN[C@@H]1C[C@H]2O[C@@](C)([C@@H]1OC)n1c3ccccc3c3c4c(c5c6ccccc6n2c5c31)C(=O)NC4,O=CC1CCN(C(=O)OCc2ccccc2)CC1,CC(=O)O,CC(C)[O-].CC(C)[O-].CC(C)[O-].CC(C)[O-].[Ti+4],CC(=O)O[BH-](OC(C)=O)OC(C)=O.[Na+],,CN1CCCC1=O,CN1CCCC1=O,CN1CCCC1=O,CN1CCCC1=O,CN1CCCC1=O,CN1CCCC1=O,CN1CCCC1=O,22.0,64800.0,20.0
CN[C@@H]1C[C@H]2O[C@@](C)([C@@H]1OC)n1c3ccccc3c3c4c(c5c6ccccc6n2c5c31)C(=O)NC4,O=C1CCN(C(=O)OCc2ccccc2)CC1,CC(=O)O,CC(C)[O-].CC(C)[O-].CC(C)[O-].CC(C)[O-].[Ti+4],CC(=O)O[BH-](OC(C)=O)OC(C)=O.[Na+],,CC(=O)N(C)C,CC(=O)N(C)C,CC(=O)N(C)C,CC(=O)N(C)C,CC(=O)N(C)C,CC(=O)N(C)C,CC(=O)N(C)C,22.0,64800.0,2.0
CN[C@@H]1C[C@H]2O[C@@](C)([C@@H]1OC)n1c3ccccc3c3c4c(c5c6ccccc6n2c5c31)C(=O)NC4,COc1ccccc1C=O,CC(=O)O,CC(C)[O-].CC(C)[O-].CC(C)[O-].CC(C)[O-].[Ti+4],CC(=O)O[BH-](OC(C)=O)OC(C)=O.[Na+],,CN1CCCC1=O,CN1CCCC1=O,CN1CCCC1=O,CN1CCCC1=O,CN1CCCC1=O,CN1CCCC1=O,CN1CCCC1=O,22.0,64800.0,27.0
CN[C@@H]1C[C@H]2O[C@@](C)([C@@H]1OC)n1c3ccccc3c3c4c(c5c6ccccc6n2c5c31)C(=O)NC4,N#CCC1CCC(=O)C1,CC(=O)O,CC(C)[O-].CC(C)[O-].CC(C)[O-].CC(C)[O-].[Ti+4],CC(=O)O[BH-](OC(C)=O)OC(C)=O.[Na+],,CN1CCCC1=O,CN1CCCC1=O,CN1CCCC1=O,CN1CCCC1=O,CN1CCCC1=O,CN1CCCC1=O,CN1CCCC1=O,22.0,64800.0,5.0
CN[C@@H]1C[C@H]2O[C@@](C)([C@@H]1OC)n1c3ccccc3c3c4c(c5c6ccccc6n2c5c31)C(=O)NC4,O=CCCc1ccccc1,CC(=O)O,CC(C)[O-].CC(C)[O-].CC(C)[O-].CC(C)[O-].[Ti+4],CC(=O)O[BH-](OC(C)=O)OC(C)=O.[Na+],,CN1CCCC1=O,CN1CCCC1=O,CN1CCCC1=O,CN1CCCC1=O,CN1CCCC1=O,CN1CCCC1=O,CN1CCCC1=O,22.0,64800.0,24.0
CN[C@@H]1C[C@H]2O[C@@](C)([C@@H]1OC)n1c3ccccc3c3c4c(c5c6ccccc6n2c5c31)C(=O)NC4,CC(=O)/C=C/c1ccccc1,CC(=O)O,CC(C)[O-].CC(C)[O-].CC(C)[O-].CC(C)[O-].[Ti+4],CC(=O)O[BH-](OC(C)=O)OC(C)=O.[Na+],,CN1CCCC1=O,CN1CCCC1=O,CN1CCCC1=O,CN1CCCC1=O,CN1CCCC1=O,CN1CCCC1=O,CN1CCCC1=O,22.0,64800.0,0.0
CN[C@@H]1C[C@H]2O[C@@](C)([C@@H]1OC)n1c3ccccc3c3c4c(c5c6ccccc6n2c5c31)C(=O)NC4,O=Cc1ccc(-c2nn[nH]n2)cc1,CC(=O)O,CC(C)[O-].CC(C)[O-].CC(C)[O-].CC(C)[O-].[Ti+4],CC(=O)O[BH-](OC(C)=O)OC(C)=O.[Na+],,CN1CCCC1=O,CN1CCCC1=O,CN1CCCC1=O,CN1CCCC1=O,CN1CCCC1=O,CN1CCCC1=O,CN1CCCC1=O,22.0,64800.0,91.0
CN[C@@H]1C[C@H]2O[C@@](C)([C@@H]1OC)n1c3ccccc3c3c4c(c5c6ccccc6n2c5c31)C(=O)NC4,O=CC1CCN(Cc2ccccc2)CC1,CC(=O)O,CC(C)[O-].CC(C)[O-].CC(C)[O-].CC(C)[O-].[Ti+4],CC(=O)O[BH-](OC(C)=O)OC(C)=O.[Na+],,CN1CCCC1=O,CN1CCCC1=O,CN1CCCC1=O,CN1CCCC1=O,CN1CCCC1=O,CN1CCCC1=O,CN1CCCC1=O,22.0,64800.0,25.0
CN[C@@H]1C[C@H]2O[C@@](C)([C@@H]1OC)n1c3ccccc3c3c4c(c5c6ccccc6n2c5c31)C(=O)NC4,N#Cc1ccc(C=O)cc1Br,CC(=O)O,CC(C)[O-].CC(C)[O-].CC(C)[O-].CC(C)[O-].[Ti+4],CC(=O)O[BH-](OC(C)=O)OC(C)=O.[Na+],,CC(=O)N(C)C,CC(=O)N(C)C,CC(=O)N(C)C,CC(=O)N(C)C,CC(=O)N(C)C,CC(=O)N(C)C,CC(=O)N(C)C,22.0,64800.0,90.0
CN[C@@H]1C[C@H]2O[C@@](C)([C@@H]1OC)n1c3ccccc3c3c4c(c5c6ccccc6n2c5c31)C(=O)NC4,O=Cc1ccccc1,CC(=O)O,CC(C)[O-].CC(C)[O-].CC(C)[O-].CC(C)[O-].[Ti+4],CC(=O)O[BH-](OC(C)=O)OC(C)=O.[Na+],,CN1CCCC1=O,CN1CCCC1=O,CN1CCCC1=O,CN1CCCC1=O,CN1CCCC1=O,CN1CCCC1=O,CN1CCCC1=O,22.0,64800.0,42.0
CN[C@@H]1C[C@H]2O[C@@](C)([C@@H]1OC)n1c3ccccc3c3c4c(c5c6ccccc6n2c5c31)C(=O)NC4,O=Cc1[nH]ncc1Br,CC(=O)O,CC(C)[O-].CC(C)[O-].CC(C)[O-].CC(C)[O-].[Ti+4],CC(=O)O[BH-](OC(C)=O)OC(C)=O.[Na+],,CN1CCCC1=O,CN1CCCC1=O,CN1CCCC1=O,CN1CCCC1=O,CN1CCCC1=O,CN1CCCC1=O,CN1CCCC1=O,22.0,64800.0,84.0
CN[C@@H]1C[C@H]2O[C@@](C)([C@@H]1OC)n1c3ccccc3c3c4c(c5c6ccccc6n2c5c31)C(=O)NC4,N#CCC1CCC(=O)C1,CC(=O)O,CC(C)[O-].CC(C)[O-].CC(C)[O-].CC(C)[O-].[Ti+4],CC(=O)O[BH-](OC(C)=O)OC(C)=O.[Na+],,CN1CCCC1=O,CN1CCCC1=O,CN1CCCC1=O,CN1CCCC1=O,CN1CCCC1=O,CN1CCCC1=O,CN1CCCC1=O,22.0,64800.0,3.0
CN[C@@H]1C[C@H]2O[C@@](C)([C@@H]1OC)n1c3ccccc3c3c4c(c5c6ccccc6n2c5c31)C(=O)NC4,CC(=O)Nc1ccc(C=O)cc1,CC(=O)O,CC(C)[O-].CC(C)[O-].CC(C)[O-].CC(C)[O-].[Ti+4],CC(=O)O[BH-](OC(C)=O)OC(C)=O.[Na+],,CN1CCCC1=O,CN1CCCC1=O,CN1CCCC1=O,CN1CCCC1=O,CN1CCCC1=O,CN1CCCC1=O,CN1CCCC1=O,22.0,64800.0,80.0
CN[C@@H]1C[C@H]2O[C@@](C)([C@@H]1OC)n1c3ccccc3c3c4c(c5c6ccccc6n2c5c31)C(=O)NC4,O=Cc1nc2ccccc2s1,CC(=O)O,CC(C)[O-].CC(C)[O-].CC(C)[O-].CC(C)[O-].[Ti+4],CC(=O)O[BH-](OC(C)=O)OC(C)=O.[Na+],,CC(=O)N(C)C,CC(=O)N(C)C,CC(=O)N(C)C,CC(=O)N(C)C,CC(=O)N(C)C,CC(=O)N(C)C,CC(=O)N(C)C,22.0,64800.0,50.0
CN[C@@H]1C[C@H]2O[C@@](C)([C@@H]1OC)n1c3ccccc3c3c4c(c5c6ccccc6n2c5c31)C(=O)NC4,N#CCC1CCC(=O)C1,CC(=O)O,CC(C)[O-].CC(C)[O-].CC(C)[O-].CC(C)[O-].[Ti+4],CC(=O)O[BH-](OC(C)=O)OC(C)=O.[Na+],,CN1CCCC1=O,CN1CCCC1=O,CN1CCCC1=O,CN1CCCC1=O,CN1CCCC1=O,CN1CCCC1=O,CN1CCCC1=O,22.0,64800.0,1.0
CN[C@@H]1C[C@H]2O[C@@](C)([C@@H]1OC)n1c3ccccc3c3c4c(c5c6ccccc6n2c5c31)C(=O)NC4,CC(=O)c1cc(C(F)(F)F)cc(C(F)(F)F)c1,CC(=O)O,CC(C)[O-].CC(C)[O-].CC(C)[O-].CC(C)[O-].[Ti+4],CC(=O)O[BH-](OC(C)=O)OC(C)=O.[Na+],,CN1CCCC1=O,CN1CCCC1=O,CN1CCCC1=O,CN1CCCC1=O,CN1CCCC1=O,CN1CCCC1=O,CN1CCCC1=O,22.0,64800.0,0.0
CN[C@@H]1C[C@H]2O[C@@](C)([C@@H]1OC)n1c3ccccc3c3c4c(c5c6ccccc6n2c5c31)C(=O)NC4,O=C1CCCC1,CC(=O)O,CC(C)[O-].CC(C)[O-].CC(C)[O-].CC(C)[O-].[Ti+4],CC(=O)O[BH-](OC(C)=O)OC(C)=O.[Na+],,CN1CCCC1=O,CN1CCCC1=O,CN1CCCC1=O,CN1CCCC1=O,CN1CCCC1=O,CN1CCCC1=O,CN1CCCC1=O,22.0,64800.0,1.0
CN[C@@H]1C[C@H]2O[C@@](C)([C@@H]1OC)n1c3ccccc3c3c4c(c5c6ccccc6n2c5c31)C(=O)NC4,O=C1CCN(C(=O)OCc2ccccc2)CC1,CC(=O)O,CC(C)[O-].CC(C)[O-].CC(C)[O-].CC(C)[O-].[Ti+4],CC(=O)O[BH-](OC(C)=O)OC(C)=O.[Na+],,CC(=O)N(C)C,CC(=O)N(C)C,CC(=O)N(C)C,CC(=O)N(C)C,CC(=O)N(C)C,CC(=O)N(C)C,CC(=O)N(C)C,22.0,64800.0,4.0
CN[C@@H]1C[C@H]2O[C@@](C)([C@@H]1OC)n1c3ccccc3c3c4c(c5c6ccccc6n2c5c31)C(=O)NC4,O=Cc1c[nH]c(-c2ccccc2)n1,CC(=O)O,CC(C)[O-].CC(C)[O-].CC(C)[O-].CC(C)[O-].[Ti+4],CC(=O)O[BH-](OC(C)=O)OC(C)=O.[Na+],,CN1CCCC1=O,CN1CCCC1=O,CN1CCCC1=O,CN1CCCC1=O,CN1CCCC1=O,CN1CCCC1=O,CN1CCCC1=O,22.0,64800.0,73.0
CN[C@@H]1C[C@H]2O[C@@](C)([C@@H]1OC)n1c3ccccc3c3c4c(c5c6ccccc6n2c5c31)C(=O)NC4,CC(=O)c1cc(C)cc(C)c1,CC(=O)O,CC(C)[O-].CC(C)[O-].CC(C)[O-].CC(C)[O-].[Ti+4],CC(=O)O[BH-](OC(C)=O)OC(C)=O.[Na+],,CC(=O)N(C)C,CC(=O)N(C)C,CC(=O)N(C)C,CC(=O)N(C)C,CC(=O)N(C)C,CC(=O)N(C)C,CC(=O)N(C)C,22.0,64800.0,1.0
CN[C@@H]1C[C@H]2O[C@@](C)([C@@H]1OC)n1c3ccccc3c3c4c(c5c6ccccc6n2c5c31)C(=O)NC4,CC(C)n1c(C=O)nc2ccccc21,CC(=O)O,CC(C)[O-].CC(C)[O-].CC(C)[O-].CC(C)[O-].[Ti+4],CC(=O)O[BH-](OC(C)=O)OC(C)=O.[Na+],,CN1CCCC1=O,CN1CCCC1=O,CN1CCCC1=O,CN1CCCC1=O,CN1CCCC1=O,CN1CCCC1=O,CN1CCCC1=O,22.0,64800.0,100.0
CN[C@@H]1C[C@H]2O[C@@](C)([C@@H]1OC)n1c3ccccc3c3c4c(c5c6ccccc6n2c5c31)C(=O)NC4,O=CCCCCO,CC(=O)O,CC(C)[O-].CC(C)[O-].CC(C)[O-].CC(C)[O-].[Ti+4],CC(=O)O[BH-](OC(C)=O)OC(C)=O.[Na+],,CN1CCCC1=O,CN1CCCC1=O,CN1CCCC1=O,CN1CCCC1=O,CN1CCCC1=O,CN1CCCC1=O,CN1CCCC1=O,22.0,64800.0,83.0
CN[C@@H]1C[C@H]2O[C@@](C)([C@@H]1OC)n1c3ccccc3c3c4c(c5c6ccccc6n2c5c31)C(=O)NC4,O=Cc1cn(-c2ncccn2)cn1,CC(=O)O,CC(C)[O-].CC(C)[O-].CC(C)[O-].CC(C)[O-].[Ti+4],CC(=O)O[BH-](OC(C)=O)OC(C)=O.[Na+],,CN1CCCC1=O,CN1CCCC1=O,CN1CCCC1=O,CN1CCCC1=O,CN1CCCC1=O,CN1CCCC1=O,CN1CCCC1=O,22.0,64800.0,44.0
CN[C@@H]1C[C@H]2O[C@@](C)([C@@H]1OC)n1c3ccccc3c3c4c(c5c6ccccc6n2c5c31)C(=O)NC4,O=CC1CCN(C(=O)OCc2ccccc2)CC1,CC(=O)O,CC(C)[O-].CC(C)[O-].CC(C)[O-].CC(C)[O-].[Ti+4],CC(=O)O[BH-](OC(C)=O)OC(C)=O.[Na+],,CN1CCCC1=O,CN1CCCC1=O,CN1CCCC1=O,CN1CCCC1=O,CN1CCCC1=O,CN1CCCC1=O,CN1CCCC1=O,22.0,64800.0,15.0
CN[C@@H]1C[C@H]2O[C@@](C)([C@@H]1OC)n1c3ccccc3c3c4c(c5c6ccccc6n2c5c31)C(=O)NC4,O=C1CCCC1,CC(=O)O,CC(C)[O-].CC(C)[O-].CC(C)[O-].CC(C)[O-].[Ti+4],CC(=O)O[BH-](OC(C)=O)OC(C)=O.[Na+],,CN1CCCC1=O,CN1CCCC1=O,CN1CCCC1=O,CN1CCCC1=O,CN1CCCC1=O,CN1CCCC1=O,CN1CCCC1=O,22.0,64800.0,5.0
CN[C@@H]1C[C@H]2O[C@@](C)([C@@H]1OC)n1c3ccccc3c3c4c(c5c6ccccc6n2c5c31)C(=O)NC4,O=Cc1nc2ccccc2s1,CC(=O)O,CC(C)[O-].CC(C)[O-].CC(C)[O-].CC(C)[O-].[Ti+4],CC(=O)O[BH-](OC(C)=O)OC(C)=O.[Na+],,CC(=O)N(C)C,CC(=O)N(C)C,CC(=O)N(C)C,CC(=O)N(C)C,CC(=O)N(C)C,CC(=O)N(C)C,CC(=O)N(C)C,22.0,64800.0,21.0
CN[C@@H]1C[C@H]2O[C@@](C)([C@@H]1OC)n1c3ccccc3c3c4c(c5c6ccccc6n2c5c31)C(=O)NC4,O=Cc1cccc(-c2cc(O)ccn2)c1,CC(=O)O,CC(C)[O-].CC(C)[O-].CC(C)[O-].CC(C)[O-].[Ti+4],CC(=O)O[BH-](OC(C)=O)OC(C)=O.[Na+],,CN1CCCC1=O,CN1CCCC1=O,CN1CCCC1=O,CN1CCCC1=O,CN1CCCC1=O,CN1CCCC1=O,CN1CCCC1=O,22.0,64800.0,99.0
CN[C@@H]1C[C@H]2O[C@@](C)([C@@H]1OC)n1c3ccccc3c3c4c(c5c6ccccc6n2c5c31)C(=O)NC4,O=C1CCN(c2ccc(F)c(F)c2)CC1,CC(=O)O,CC(C)[O-].CC(C)[O-].CC(C)[O-].CC(C)[O-].[Ti+4],CC(=O)O[BH-](OC(C)=O)OC(C)=O.[Na+],,CC(=O)N(C)C,CC(=O)N(C)C,CC(=O)N(C)C,CC(=O)N(C)C,CC(=O)N(C)C,CC(=O)N(C)C,CC(=O)N(C)C,22.0,64800.0,16.0
CN[C@@H]1C[C@H]2O[C@@](C)([C@@H]1OC)n1c3ccccc3c3c4c(c5c6ccccc6n2c5c31)C(=O)NC4,CC(=O)c1cc(C)cc(C)c1,CC(=O)O,CC(C)[O-].CC(C)[O-].CC(C)[O-].CC(C)[O-].[Ti+4],CC(=O)O[BH-](OC(C)=O)OC(C)=O.[Na+],,CN1CCCC1=O,CN1CCCC1=O,CN1CCCC1=O,CN1CCCC1=O,CN1CCCC1=O,CN1CCCC1=O,CN1CCCC1=O,22.0,64800.0,0.0
CN[C@@H]1C[C@H]2O[C@@](C)([C@@H]1OC)n1c3ccccc3c3c4c(c5c6ccccc6n2c5c31)C(=O)NC4,Cc1cc(C=O)no1,CC(=O)O,CC(C)[O-].CC(C)[O-].CC(C)[O-].CC(C)[O-].[Ti+4],CC(=O)O[BH-](OC(C)=O)OC(C)=O.[Na+],,CN1CCCC1=O,CN1CCCC1=O,CN1CCCC1=O,CN1CCCC1=O,CN1CCCC1=O,CN1CCCC1=O,CN1CCCC1=O,22.0,64800.0,100.0
CN[C@@H]1C[C@H]2O[C@@](C)([C@@H]1OC)n1c3ccccc3c3c4c(c5c6ccccc6n2c5c31)C(=O)NC4,O=CCCc1ccccc1,CC(=O)O,CC(C)[O-].CC(C)[O-].CC(C)[O-].CC(C)[O-].[Ti+4],CC(=O)O[BH-](OC(C)=O)OC(C)=O.[Na+],,CN1CCCC1=O,CN1CCCC1=O,CN1CCCC1=O,CN1CCCC1=O,CN1CCCC1=O,CN1CCCC1=O,CN1CCCC1=O,22.0,64800.0,31.0
CN[C@@H]1C[C@H]2O[C@@](C)([C@@H]1OC)n1c3ccccc3c3c4c(c5c6ccccc6n2c5c31)C(=O)NC4,CC(C)=CCCC(C)CC=O,CC(=O)O,CC(C)[O-].CC(C)[O-].CC(C)[O-].CC(C)[O-].[Ti+4],CC(=O)O[BH-](OC(C)=O)OC(C)=O.[Na+],,CC(=O)N(C)C,CC(=O)N(C)C,CC(=O)N(C)C,CC(=O)N(C)C,CC(=O)N(C)C,CC(=O)N(C)C,CC(=O)N(C)C,22.0,64800.0,1.0
CN[C@@H]1C[C@H]2O[C@@](C)([C@@H]1OC)n1c3ccccc3c3c4c(c5c6ccccc6n2c5c31)C(=O)NC4,CC(=O)Nc1ccc(C=O)cc1,CC(=O)O,CC(C)[O-].CC(C)[O-].CC(C)[O-].CC(C)[O-].[Ti+4],CC(=O)O[BH-](OC(C)=O)OC(C)=O.[Na+],,CC(=O)N(C)C,CC(=O)N(C)C,CC(=O)N(C)C,CC(=O)N(C)C,CC(=O)N(C)C,CC(=O)N(C)C,CC(=O)N(C)C,22.0,64800.0,78.0
CN[C@@H]1C[C@H]2O[C@@](C)([C@@H]1OC)n1c3ccccc3c3c4c(c5c6ccccc6n2c5c31)C(=O)NC4,O=CCCCCO,CC(=O)O,CC(C)[O-].CC(C)[O-].CC(C)[O-].CC(C)[O-].[Ti+4],CC(=O)O[BH-](OC(C)=O)OC(C)=O.[Na+],,CN1CCCC1=O,CN1CCCC1=O,CN1CCCC1=O,CN1CCCC1=O,CN1CCCC1=O,CN1CCCC1=O,CN1CCCC1=O,22.0,64800.0,86.0
CN[C@@H]1C[C@H]2O[C@@](C)([C@@H]1OC)n1c3ccccc3c3c4c(c5c6ccccc6n2c5c31)C(=O)NC4,N#Cc1ccc(C=O)cc1Br,CC(=O)O,CC(C)[O-].CC(C)[O-].CC(C)[O-].CC(C)[O-].[Ti+4],CC(=O)O[BH-](OC(C)=O)OC(C)=O.[Na+],,CN1CCCC1=O,CN1CCCC1=O,CN1CCCC1=O,CN1CCCC1=O,CN1CCCC1=O,CN1CCCC1=O,CN1CCCC1=O,22.0,64800.0,89.0
CN[C@@H]1C[C@H]2O[C@@](C)([C@@H]1OC)n1c3ccccc3c3c4c(c5c6ccccc6n2c5c31)C(=O)NC4,Cc1ccc(C=O)cc1C,CC(=O)O,CC(C)[O-].CC(C)[O-].CC(C)[O-].CC(C)[O-].[Ti+4],CC(=O)O[BH-](OC(C)=O)OC(C)=O.[Na+],,CN1CCCC1=O,CN1CCCC1=O,CN1CCCC1=O,CN1CCCC1=O,CN1CCCC1=O,CN1CCCC1=O,CN1CCCC1=O,22.0,64800.0,50.0
CN[C@@H]1C[C@H]2O[C@@](C)([C@@H]1OC)n1c3ccccc3c3c4c(c5c6ccccc6n2c5c31)C(=O)NC4,CC(=O)c1cc(C(F)(F)F)cc(C(F)(F)F)c1,CC(=O)O,CC(C)[O-].CC(C)[O-].CC(C)[O-].CC(C)[O-].[Ti+4],CC(=O)O[BH-](OC(C)=O)OC(C)=O.[Na+],,CN1CCCC1=O,CN1CCCC1=O,CN1CCCC1=O,CN1CCCC1=O,CN1CCCC1=O,CN1CCCC1=O,CN1CCCC1=O,22.0,64800.0,0.0
CN[C@@H]1C[C@H]2O[C@@](C)([C@@H]1OC)n1c3ccccc3c3c4c(c5c6ccccc6n2c5c31)C(=O)NC4,CC(=O)c1cc(C)cc(C)c1,CC(=O)O,CC(C)[O-].CC(C)[O-].CC(C)[O-].CC(C)[O-].[Ti+4],CC(=O)O[BH-](OC(C)=O)OC(C)=O.[Na+],,CC(=O)N(C)C,CC(=O)N(C)C,CC(=O)N(C)C,CC(=O)N(C)C,CC(=O)N(C)C,CC(=O)N(C)C,CC(=O)N(C)C,22.0,64800.0,0.0
CN[C@@H]1C[C@H]2O[C@@](C)([C@@H]1OC)n1c3ccccc3c3c4c(c5c6ccccc6n2c5c31)C(=O)NC4,O=CC1CCN(C(=O)OCc2ccccc2)CC1,CC(=O)O,CC(C)[O-].CC(C)[O-].CC(C)[O-].CC(C)[O-].[Ti+4],CC(=O)O[BH-](OC(C)=O)OC(C)=O.[Na+],,CN1CCCC1=O,CN1CCCC1=O,CN1CCCC1=O,CN1CCCC1=O,CN1CCCC1=O,CN1CCCC1=O,CN1CCCC1=O,22.0,64800.0,9.0
CN[C@@H]1C[C@H]2O[C@@](C)([C@@H]1OC)n1c3ccccc3c3c4c(c5c6ccccc6n2c5c31)C(=O)NC4,CN1CCOc2cc(C=O)ccc21,CC(=O)O,CC(C)[O-].CC(C)[O-].CC(C)[O-].CC(C)[O-].[Ti+4],CC(=O)O[BH-](OC(C)=O)OC(C)=O.[Na+],,CN1CCCC1=O,CN1CCCC1=O,CN1CCCC1=O,CN1CCCC1=O,CN1CCCC1=O,CN1CCCC1=O,CN1CCCC1=O,22.0,64800.0,60.0
CN[C@@H]1C[C@H]2O[C@@](C)([C@@H]1OC)n1c3ccccc3c3c4c(c5c6ccccc6n2c5c31)C(=O)NC4,O=Cc1[nH]ncc1Br,CC(=O)O,CC(C)[O-].CC(C)[O-].CC(C)[O-].CC(C)[O-].[Ti+4],CC(=O)O[BH-](OC(C)=O)OC(C)=O.[Na+],,CN1CCCC1=O,CN1CCCC1=O,CN1CCCC1=O,CN1CCCC1=O,CN1CCCC1=O,CN1CCCC1=O,CN1CCCC1=O,22.0,64800.0,79.0
CN[C@@H]1C[C@H]2O[C@@](C)([C@@H]1OC)n1c3ccccc3c3c4c(c5c6ccccc6n2c5c31)C(=O)NC4,O=CCCN1C(=O)c2ccccc2C1=O,CC(=O)O,CC(C)[O-].CC(C)[O-].CC(C)[O-].CC(C)[O-].[Ti+4],CC(=O)O[BH-](OC(C)=O)OC(C)=O.[Na+],,CN1CCCC1=O,CN1CCCC1=O,CN1CCCC1=O,CN1CCCC1=O,CN1CCCC1=O,CN1CCCC1=O,CN1CCCC1=O,22.0,64800.0,100.0
CN[C@@H]1C[C@H]2O[C@@](C)([C@@H]1OC)n1c3ccccc3c3c4c(c5c6ccccc6n2c5c31)C(=O)NC4,O=Cc1nc2ccccc2s1,CC(=O)O,CC(C)[O-].CC(C)[O-].CC(C)[O-].CC(C)[O-].[Ti+4],CC(=O)O[BH-](OC(C)=O)OC(C)=O.[Na+],,CN1CCCC1=O,CN1CCCC1=O,CN1CCCC1=O,CN1CCCC1=O,CN1CCCC1=O,CN1CCCC1=O,CN1CCCC1=O,22.0,64800.0,15.0
CN[C@@H]1C[C@H]2O[C@@](C)([C@@H]1OC)n1c3ccccc3c3c4c(c5c6ccccc6n2c5c31)C(=O)NC4,CC(=O)c1cc(C(F)(F)F)cc(C(F)(F)F)c1,CC(=O)O,CC(C)[O-].CC(C)[O-].CC(C)[O-].CC(C)[O-].[Ti+4],CC(=O)O[BH-](OC(C)=O)OC(C)=O.[Na+],,CC(=O)N(C)C,CC(=O)N(C)C,CC(=O)N(C)C,CC(=O)N(C)C,CC(=O)N(C)C,CC(=O)N(C)C,CC(=O)N(C)C,22.0,64800.0,0.0
CN[C@@H]1C[C@H]2O[C@@](C)([C@@H]1OC)n1c3ccccc3c3c4c(c5c6ccccc6n2c5c31)C(=O)NC4,CC(=O)/C=C/c1ccccc1,CC(=O)O,CC(C)[O-].CC(C)[O-].CC(C)[O-].CC(C)[O-].[Ti+4],CC(=O)O[BH-](OC(C)=O)OC(C)=O.[Na+],,CC(=O)N(C)C,CC(=O)N(C)C,CC(=O)N(C)C,CC(=O)N(C)C,CC(=O)N(C)C,CC(=O)N(C)C,CC(=O)N(C)C,22.0,64800.0,0.0
CN[C@@H]1C[C@H]2O[C@@](C)([C@@H]1OC)n1c3ccccc3c3c4c(c5c6ccccc6n2c5c31)C(=O)NC4,CC(=O)c1cc(C(F)(F)F)cc(C(F)(F)F)c1,CC(=O)O,CC(C)[O-].CC(C)[O-].CC(C)[O-].CC(C)[O-].[Ti+4],CC(=O)O[BH-](OC(C)=O)OC(C)=O.[Na+],,CN1CCCC1=O,CN1CCCC1=O,CN1CCCC1=O,CN1CCCC1=O,CN1CCCC1=O,CN1CCCC1=O,CN1CCCC1=O,22.0,64800.0,0.0
CN[C@@H]1C[C@H]2O[C@@](C)([C@@H]1OC)n1c3ccccc3c3c4c(c5c6ccccc6n2c5c31)C(=O)NC4,CC(=O)c1cc(C)cc(C)c1,CC(=O)O,CC(C)[O-].CC(C)[O-].CC(C)[O-].CC(C)[O-].[Ti+4],CC(=O)O[BH-](OC(C)=O)OC(C)=O.[Na+],,CC(=O)N(C)C,CC(=O)N(C)C,CC(=O)N(C)C,CC(=O)N(C)C,CC(=O)N(C)C,CC(=O)N(C)C,CC(=O)N(C)C,22.0,64800.0,0.0
CN[C@@H]1C[C@H]2O[C@@](C)([C@@H]1OC)n1c3ccccc3c3c4c(c5c6ccccc6n2c5c31)C(=O)NC4,Cc1nn(C)c(C)c1C=O,CC(=O)O,CC(C)[O-].CC(C)[O-].CC(C)[O-].CC(C)[O-].[Ti+4],CC(=O)O[BH-](OC(C)=O)OC(C)=O.[Na+],,CN1CCCC1=O,CN1CCCC1=O,CN1CCCC1=O,CN1CCCC1=O,CN1CCCC1=O,CN1CCCC1=O,CN1CCCC1=O,22.0,64800.0,55.0
CN[C@@H]1C[C@H]2O[C@@](C)([C@@H]1OC)n1c3ccccc3c3c4c(c5c6ccccc6n2c5c31)C(=O)NC4,Cn1nc(C=O)nc1-c1ccccn1,CC(=O)O,CC(C)[O-].CC(C)[O-].CC(C)[O-].CC(C)[O-].[Ti+4],CC(=O)O[BH-](OC(C)=O)OC(C)=O.[Na+],,CN1CCCC1=O,CN1CCCC1=O,CN1CCCC1=O,CN1CCCC1=O,CN1CCCC1=O,CN1CCCC1=O,CN1CCCC1=O,22.0,64800.0,83.0
CN[C@@H]1C[C@H]2O[C@@](C)([C@@H]1OC)n1c3ccccc3c3c4c(c5c6ccccc6n2c5c31)C(=O)NC4,O=Cc1c[nH]c(-c2ccccc2)n1,CC(=O)O,CC(C)[O-].CC(C)[O-].CC(C)[O-].CC(C)[O-].[Ti+4],CC(=O)O[BH-](OC(C)=O)OC(C)=O.[Na+],,CN1CCCC1=O,CN1CCCC1=O,CN1CCCC1=O,CN1CCCC1=O,CN1CCCC1=O,CN1CCCC1=O,CN1CCCC1=O,22.0,64800.0,96.0
CN[C@@H]1C[C@H]2O[C@@](C)([C@@H]1OC)n1c3ccccc3c3c4c(c5c6ccccc6n2c5c31)C(=O)NC4,O=Cc1ccc2c(n1)NC(=O)CC2,CC(=O)O,CC(C)[O-].CC(C)[O-].CC(C)[O-].CC(C)[O-].[Ti+4],CC(=O)O[BH-](OC(C)=O)OC(C)=O.[Na+],,CN1CCCC1=O,CN1CCCC1=O,CN1CCCC1=O,CN1CCCC1=O,CN1CCCC1=O,CN1CCCC1=O,CN1CCCC1=O,22.0,64800.0,0.0
CN[C@@H]1C[C@H]2O[C@@](C)([C@@H]1OC)n1c3ccccc3c3c4c(c5c6ccccc6n2c5c31)C(=O)NC4,O=C1CCC(n2cccn2)C1,CC(=O)O,CC(C)[O-].CC(C)[O-].CC(C)[O-].CC(C)[O-].[Ti+4],CC(=O)O[BH-](OC(C)=O)OC(C)=O.[Na+],,CC(=O)N(C)C,CC(=O)N(C)C,CC(=O)N(C)C,CC(=O)N(C)C,CC(=O)N(C)C,CC(=O)N(C)C,CC(=O)N(C)C,22.0,64800.0,2.0
CN[C@@H]1C[C@H]2O[C@@](C)([C@@H]1OC)n1c3ccccc3c3c4c(c5c6ccccc6n2c5c31)C(=O)NC4,O=Cc1ccccc1Cn1cccn1,CC(=O)O,CC(C)[O-].CC(C)[O-].CC(C)[O-].CC(C)[O-].[Ti+4],CC(=O)O[BH-](OC(C)=O)OC(C)=O.[Na+],,CN1CCCC1=O,CN1CCCC1=O,CN1CCCC1=O,CN1CCCC1=O,CN1CCCC1=O,CN1CCCC1=O,CN1CCCC1=O,22.0,64800.0,84.0
CN[C@@H]1C[C@H]2O[C@@](C)([C@@H]1OC)n1c3ccccc3c3c4c(c5c6ccccc6n2c5c31)C(=O)NC4,O=C1CCN(C(=O)OCc2ccccc2)CC1,CC(=O)O,CC(C)[O-].CC(C)[O-].CC(C)[O-].CC(C)[O-].[Ti+4],CC(=O)O[BH-](OC(C)=O)OC(C)=O.[Na+],,CC(=O)N(C)C,CC(=O)N(C)C,CC(=O)N(C)C,CC(=O)N(C)C,CC(=O)N(C)C,CC(=O)N(C)C,CC(=O)N(C)C,22.0,64800.0,37.0
CN[C@@H]1C[C@H]2O[C@@](C)([C@@H]1OC)n1c3ccccc3c3c4c(c5c6ccccc6n2c5c31)C(=O)NC4,CC(=O)c1cc(C)cc(C)c1,CC(=O)O,CC(C)[O-].CC(C)[O-].CC(C)[O-].CC(C)[O-].[Ti+4],CC(=O)O[BH-](OC(C)=O)OC(C)=O.[Na+],,CC(=O)N(C)C,CC(=O)N(C)C,CC(=O)N(C)C,CC(=O)N(C)C,CC(=O)N(C)C,CC(=O)N(C)C,CC(=O)N(C)C,22.0,64800.0,0.0
CN[C@@H]1C[C@H]2O[C@@](C)([C@@H]1OC)n1c3ccccc3c3c4c(c5c6ccccc6n2c5c31)C(=O)NC4,O=Cc1cc2cc(F)ccc2[nH]c1=O,CC(=O)O,CC(C)[O-].CC(C)[O-].CC(C)[O-].CC(C)[O-].[Ti+4],CC(=O)O[BH-](OC(C)=O)OC(C)=O.[Na+],,CN1CCCC1=O,CN1CCCC1=O,CN1CCCC1=O,CN1CCCC1=O,CN1CCCC1=O,CN1CCCC1=O,CN1CCCC1=O,22.0,64800.0,33.0
CN[C@@H]1C[C@H]2O[C@@](C)([C@@H]1OC)n1c3ccccc3c3c4c(c5c6ccccc6n2c5c31)C(=O)NC4,Cc1nc2scnn2c1C=O,CC(=O)O,CC(C)[O-].CC(C)[O-].CC(C)[O-].CC(C)[O-].[Ti+4],CC(=O)O[BH-](OC(C)=O)OC(C)=O.[Na+],,CN1CCCC1=O,CN1CCCC1=O,CN1CCCC1=O,CN1CCCC1=O,CN1CCCC1=O,CN1CCCC1=O,CN1CCCC1=O,22.0,64800.0,74.0
CN[C@@H]1C[C@H]2O[C@@](C)([C@@H]1OC)n1c3ccccc3c3c4c(c5c6ccccc6n2c5c31)C(=O)NC4,Cc1ccc(C=O)cc1C,CC(=O)O,CC(C)[O-].CC(C)[O-].CC(C)[O-].CC(C)[O-].[Ti+4],CC(=O)O[BH-](OC(C)=O)OC(C)=O.[Na+],,CN1CCCC1=O,CN1CCCC1=O,CN1CCCC1=O,CN1CCCC1=O,CN1CCCC1=O,CN1CCCC1=O,CN1CCCC1=O,22.0,64800.0,56.0
CN[C@@H]1C[C@H]2O[C@@](C)([C@@H]1OC)n1c3ccccc3c3c4c(c5c6ccccc6n2c5c31)C(=O)NC4,CC(=O)/C=C/c1ccccc1,CC(=O)O,CC(C)[O-].CC(C)[O-].CC(C)[O-].CC(C)[O-].[Ti+4],CC(=O)O[BH-](OC(C)=O)OC(C)=O.[Na+],,CC(=O)N(C)C,CC(=O)N(C)C,CC(=O)N(C)C,CC(=O)N(C)C,CC(=O)N(C)C,CC(=O)N(C)C,CC(=O)N(C)C,22.0,64800.0,0.0
CN[C@@H]1C[C@H]2O[C@@](C)([C@@H]1OC)n1c3ccccc3c3c4c(c5c6ccccc6n2c5c31)C(=O)NC4,O=CC=Cc1ccccc1,CC(=O)O,CC(C)[O-].CC(C)[O-].CC(C)[O-].CC(C)[O-].[Ti+4],CC(=O)O[BH-](OC(C)=O)OC(C)=O.[Na+],,CC(=O)N(C)C,CC(=O)N(C)C,CC(=O)N(C)C,CC(=O)N(C)C,CC(=O)N(C)C,CC(=O)N(C)C,CC(=O)N(C)C,22.0,64800.0,28.0
CN[C@@H]1C[C@H]2O[C@@](C)([C@@H]1OC)n1c3ccccc3c3c4c(c5c6ccccc6n2c5c31)C(=O)NC4,O=CCCN1C(=O)c2ccccc2C1=O,CC(=O)O,CC(C)[O-].CC(C)[O-].CC(C)[O-].CC(C)[O-].[Ti+4],CC(=O)O[BH-](OC(C)=O)OC(C)=O.[Na+],,CN1CCCC1=O,CN1CCCC1=O,CN1CCCC1=O,CN1CCCC1=O,CN1CCCC1=O,CN1CCCC1=O,CN1CCCC1=O,22.0,64800.0,83.0
CN[C@@H]1C[C@H]2O[C@@](C)([C@@H]1OC)n1c3ccccc3c3c4c(c5c6ccccc6n2c5c31)C(=O)NC4,O=CC1CCN(C(=O)OCc2ccccc2)CC1,CC(=O)O,CC(C)[O-].CC(C)[O-].CC(C)[O-].CC(C)[O-].[Ti+4],CC(=O)O[BH-](OC(C)=O)OC(C)=O.[Na+],,CC(=O)N(C)C,CC(=O)N(C)C,CC(=O)N(C)C,CC(=O)N(C)C,CC(=O)N(C)C,CC(=O)N(C)C,CC(=O)N(C)C,22.0,64800.0,0.0
CN[C@@H]1C[C@H]2O[C@@](C)([C@@H]1OC)n1c3ccccc3c3c4c(c5c6ccccc6n2c5c31)C(=O)NC4,O=Cc1nc2ccccc2s1,CC(=O)O,CC(C)[O-].CC(C)[O-].CC(C)[O-].CC(C)[O-].[Ti+4],CC(=O)O[BH-](OC(C)=O)OC(C)=O.[Na+],,CN1CCCC1=O,CN1CCCC1=O,CN1CCCC1=O,CN1CCCC1=O,CN1CCCC1=O,CN1CCCC1=O,CN1CCCC1=O,22.0,64800.0,34.0
CN[C@@H]1C[C@H]2O[C@@](C)([C@@H]1OC)n1c3ccccc3c3c4c(c5c6ccccc6n2c5c31)C(=O)NC4,O=C1CCN(c2ccc(F)c(F)c2)CC1,CC(=O)O,CC(C)[O-].CC(C)[O-].CC(C)[O-].CC(C)[O-].[Ti+4],CC(=O)O[BH-](OC(C)=O)OC(C)=O.[Na+],,CN1CCCC1=O,CN1CCCC1=O,CN1CCCC1=O,CN1CCCC1=O,CN1CCCC1=O,CN1CCCC1=O,CN1CCCC1=O,22.0,64800.0,9.0
CN[C@@H]1C[C@H]2O[C@@](C)([C@@H]1OC)n1c3ccccc3c3c4c(c5c6ccccc6n2c5c31)C(=O)NC4,COc1ccccc1C=O,CC(=O)O,CC(C)[O-].CC(C)[O-].CC(C)[O-].CC(C)[O-].[Ti+4],CC(=O)O[BH-](OC(C)=O)OC(C)=O.[Na+],,CN1CCCC1=O,CN1CCCC1=O,CN1CCCC1=O,CN1CCCC1=O,CN1CCCC1=O,CN1CCCC1=O,CN1CCCC1=O,22.0,64800.0,96.0
CN[C@@H]1C[C@H]2O[C@@](C)([C@@H]1OC)n1c3ccccc3c3c4c(c5c6ccccc6n2c5c31)C(=O)NC4,O=CC1CCN(C(=O)OCc2ccccc2)CC1,CC(=O)O,CC(C)[O-].CC(C)[O-].CC(C)[O-].CC(C)[O-].[Ti+4],CC(=O)O[BH-](OC(C)=O)OC(C)=O.[Na+],,CC(=O)N(C)C,CC(=O)N(C)C,CC(=O)N(C)C,CC(=O)N(C)C,CC(=O)N(C)C,CC(=O)N(C)C,CC(=O)N(C)C,22.0,64800.0,0.0
CN[C@@H]1C[C@H]2O[C@@](C)([C@@H]1OC)n1c3ccccc3c3c4c(c5c6ccccc6n2c5c31)C(=O)NC4,CC(=O)Nc1ccc(C=O)cc1,CC(=O)O,CC(C)[O-].CC(C)[O-].CC(C)[O-].CC(C)[O-].[Ti+4],CC(=O)O[BH-](OC(C)=O)OC(C)=O.[Na+],,CN1CCCC1=O,CN1CCCC1=O,CN1CCCC1=O,CN1CCCC1=O,CN1CCCC1=O,CN1CCCC1=O,CN1CCCC1=O,22.0,64800.0,88.0
CN[C@@H]1C[C@H]2O[C@@](C)([C@@H]1OC)n1c3ccccc3c3c4c(c5c6ccccc6n2c5c31)C(=O)NC4,Cc1ccc(C=O)cc1C,CC(=O)O,CC(C)[O-].CC(C)[O-].CC(C)[O-].CC(C)[O-].[Ti+4],CC(=O)O[BH-](OC(C)=O)OC(C)=O.[Na+],,CN1CCCC1=O,CN1CCCC1=O,CN1CCCC1=O,CN1CCCC1=O,CN1CCCC1=O,CN1CCCC1=O,CN1CCCC1=O,22.0,64800.0,73.0
CN[C@@H]1C[C@H]2O[C@@](C)([C@@H]1OC)n1c3ccccc3c3c4c(c5c6ccccc6n2c5c31)C(=O)NC4,O=CC1CCN(C(=O)OCc2ccccc2)CC1,CC(=O)O,CC(C)[O-].CC(C)[O-].CC(C)[O-].CC(C)[O-].[Ti+4],CC(=O)O[BH-](OC(C)=O)OC(C)=O.[Na+],,CC(=O)N(C)C,CC(=O)N(C)C,CC(=O)N(C)C,CC(=O)N(C)C,CC(=O)N(C)C,CC(=O)N(C)C,CC(=O)N(C)C,22.0,64800.0,0.0
CN[C@@H]1C[C@H]2O[C@@](C)([C@@H]1OC)n1c3ccccc3c3c4c(c5c6ccccc6n2c5c31)C(=O)NC4,O=Cc1cc(-c2ccc(F)cc2)on1,CC(=O)O,CC(C)[O-].CC(C)[O-].CC(C)[O-].CC(C)[O-].[Ti+4],CC(=O)O[BH-](OC(C)=O)OC(C)=O.[Na+],,CN1CCCC1=O,CN1CCCC1=O,CN1CCCC1=O,CN1CCCC1=O,CN1CCCC1=O,CN1CCCC1=O,CN1CCCC1=O,22.0,64800.0,100.0
CN[C@@H]1C[C@H]2O[C@@](C)([C@@H]1OC)n1c3ccccc3c3c4c(c5c6ccccc6n2c5c31)C(=O)NC4,CC(C)=CCCC(C)CC=O,CC(=O)O,CC(C)[O-].CC(C)[O-].CC(C)[O-].CC(C)[O-].[Ti+4],CC(=O)O[BH-](OC(C)=O)OC(C)=O.[Na+],,CN1CCCC1=O,CN1CCCC1=O,CN1CCCC1=O,CN1CCCC1=O,CN1CCCC1=O,CN1CCCC1=O,CN1CCCC1=O,22.0,64800.0,68.0
CN[C@@H]1C[C@H]2O[C@@](C)([C@@H]1OC)n1c3ccccc3c3c4c(c5c6ccccc6n2c5c31)C(=O)NC4,N#CCC1CCC(=O)C1,CC(=O)O,CC(C)[O-].CC(C)[O-].CC(C)[O-].CC(C)[O-].[Ti+4],CC(=O)O[BH-](OC(C)=O)OC(C)=O.[Na+],,CN1CCCC1=O,CN1CCCC1=O,CN1CCCC1=O,CN1CCCC1=O,CN1CCCC1=O,CN1CCCC1=O,CN1CCCC1=O,22.0,64800.0,24.0
CN[C@@H]1C[C@H]2O[C@@](C)([C@@H]1OC)n1c3ccccc3c3c4c(c5c6ccccc6n2c5c31)C(=O)NC4,O=Cc1nc2ccccc2s1,CC(=O)O,CC(C)[O-].CC(C)[O-].CC(C)[O-].CC(C)[O-].[Ti+4],CC(=O)O[BH-](OC(C)=O)OC(C)=O.[Na+],,CC(=O)N(C)C,CC(=O)N(C)C,CC(=O)N(C)C,CC(=O)N(C)C,CC(=O)N(C)C,CC(=O)N(C)C,CC(=O)N(C)C,22.0,64800.0,58.0
CN[C@@H]1C[C@H]2O[C@@](C)([C@@H]1OC)n1c3ccccc3c3c4c(c5c6ccccc6n2c5c31)C(=O)NC4,CC(=O)Nc1ccc(C=O)cc1,CC(=O)O,CC(C)[O-].CC(C)[O-].CC(C)[O-].CC(C)[O-].[Ti+4],CC(=O)O[BH-](OC(C)=O)OC(C)=O.[Na+],,CC(=O)N(C)C,CC(=O)N(C)C,CC(=O)N(C)C,CC(=O)N(C)C,CC(=O)N(C)C,CC(=O)N(C)C,CC(=O)N(C)C,22.0,64800.0,90.0
CN[C@@H]1C[C@H]2O[C@@](C)([C@@H]1OC)n1c3ccccc3c3c4c(c5c6ccccc6n2c5c31)C(=O)NC4,Cc1ccc(C=O)cc1C,CC(=O)O,CC(C)[O-].CC(C)[O-].CC(C)[O-].CC(C)[O-].[Ti+4],CC(=O)O[BH-](OC(C)=O)OC(C)=O.[Na+],,CC(=O)N(C)C,CC(=O)N(C)C,CC(=O)N(C)C,CC(=O)N(C)C,CC(=O)N(C)C,CC(=O)N(C)C,CC(=O)N(C)C,22.0,64800.0,94.0
CN[C@@H]1C[C@H]2O[C@@](C)([C@@H]1OC)n1c3ccccc3c3c4c(c5c6ccccc6n2c5c31)C(=O)NC4,CC(=O)/C=C/c1ccccc1,CC(=O)O,CC(C)[O-].CC(C)[O-].CC(C)[O-].CC(C)[O-].[Ti+4],CC(=O)O[BH-](OC(C)=O)OC(C)=O.[Na+],,CC(=O)N(C)C,CC(=O)N(C)C,CC(=O)N(C)C,CC(=O)N(C)C,CC(=O)N(C)C,CC(=O)N(C)C,CC(=O)N(C)C,22.0,64800.0,0.0
CN[C@@H]1C[C@H]2O[C@@](C)([C@@H]1OC)n1c3ccccc3c3c4c(c5c6ccccc6n2c5c31)C(=O)NC4,O=Cc1cn2ccsc2n1,CC(=O)O,CC(C)[O-].CC(C)[O-].CC(C)[O-].CC(C)[O-].[Ti+4],CC(=O)O[BH-](OC(C)=O)OC(C)=O.[Na+],,CN1CCCC1=O,CN1CCCC1=O,CN1CCCC1=O,CN1CCCC1=O,CN1CCCC1=O,CN1CCCC1=O,CN1CCCC1=O,22.0,64800.0,81.0
CN[C@@H]1C[C@H]2O[C@@](C)([C@@H]1OC)n1c3ccccc3c3c4c(c5c6ccccc6n2c5c31)C(=O)NC4,Cc1ccc(C=O)cc1C,CC(=O)O,CC(C)[O-].CC(C)[O-].CC(C)[O-].CC(C)[O-].[Ti+4],CC(=O)O[BH-](OC(C)=O)OC(C)=O.[Na+],,CC(=O)N(C)C,CC(=O)N(C)C,CC(=O)N(C)C,CC(=O)N(C)C,CC(=O)N(C)C,CC(=O)N(C)C,CC(=O)N(C)C,22.0,64800.0,38.0
CN[C@@H]1C[C@H]2O[C@@](C)([C@@H]1OC)n1c3ccccc3c3c4c(c5c6ccccc6n2c5c31)C(=O)NC4,CC(=O)Nc1ccc(C=O)cc1,CC(=O)O,CC(C)[O-].CC(C)[O-].CC(C)[O-].CC(C)[O-].[Ti+4],CC(=O)O[BH-](OC(C)=O)OC(C)=O.[Na+],,CN1CCCC1=O,CN1CCCC1=O,CN1CCCC1=O,CN1CCCC1=O,CN1CCCC1=O,CN1CCCC1=O,CN1CCCC1=O,22.0,64800.0,96.0
CN[C@@H]1C[C@H]2O[C@@](C)([C@@H]1OC)n1c3ccccc3c3c4c(c5c6ccccc6n2c5c31)C(=O)NC4,O=CC1CCN(C(=O)OCc2ccccc2)CC1,CC(=O)O,CC(C)[O-].CC(C)[O-].CC(C)[O-].CC(C)[O-].[Ti+4],CC(=O)O[BH-](OC(C)=O)OC(C)=O.[Na+],,CN1CCCC1=O,CN1CCCC1=O,CN1CCCC1=O,CN1CCCC1=O,CN1CCCC1=O,CN1CCCC1=O,CN1CCCC1=O,22.0,64800.0,22.0
CN[C@@H]1C[C@H]2O[C@@](C)([C@@H]1OC)n1c3ccccc3c3c4c(c5c6ccccc6n2c5c31)C(=O)NC4,O=CC1CCN(C(=O)OCc2ccccc2)CC1,CC(=O)O,CC(C)[O-].CC(C)[O-].CC(C)[O-].CC(C)[O-].[Ti+4],CC(=O)O[BH-](OC(C)=O)OC(C)=O.[Na+],,CN1CCCC1=O,CN1CCCC1=O,CN1CCCC1=O,CN1CCCC1=O,CN1CCCC1=O,CN1CCCC1=O,CN1CCCC1=O,22.0,64800.0,14.0
CN[C@@H]1C[C@H]2O[C@@](C)([C@@H]1OC)n1c3ccccc3c3c4c(c5c6ccccc6n2c5c31)C(=O)NC4,O=C1CCN(C(=O)OCc2ccccc2)CC1,CC(=O)O,CC(C)[O-].CC(C)[O-].CC(C)[O-].CC(C)[O-].[Ti+4],CC(=O)O[BH-](OC(C)=O)OC(C)=O.[Na+],,CC(=O)N(C)C,CC(=O)N(C)C,CC(=O)N(C)C,CC(=O)N(C)C,CC(=O)N(C)C,CC(=O)N(C)C,CC(=O)N(C)C,22.0,64800.0,13.0
CN[C@@H]1C[C@H]2O[C@@](C)([C@@H]1OC)n1c3ccccc3c3c4c(c5c6ccccc6n2c5c31)C(=O)NC4,O=CCCc1ccccc1,CC(=O)O,CC(C)[O-].CC(C)[O-].CC(C)[O-].CC(C)[O-].[Ti+4],CC(=O)O[BH-](OC(C)=O)OC(C)=O.[Na+],,CC(=O)N(C)C,CC(=O)N(C)C,CC(=O)N(C)C,CC(=O)N(C)C,CC(=O)N(C)C,CC(=O)N(C)C,CC(=O)N(C)C,22.0,64800.0,40.0
CN[C@@H]1C[C@H]2O[C@@](C)([C@@H]1OC)n1c3ccccc3c3c4c(c5c6ccccc6n2c5c31)C(=O)NC4,Cc1ccc(C=O)cc1C,CC(=O)O,CC(C)[O-].CC(C)[O-].CC(C)[O-].CC(C)[O-].[Ti+4],CC(=O)O[BH-](OC(C)=O)OC(C)=O.[Na+],,CC(=O)N(C)C,CC(=O)N(C)C,CC(=O)N(C)C,CC(=O)N(C)C,CC(=O)N(C)C,CC(=O)N(C)C,CC(=O)N(C)C,22.0,64800.0,97.0
CN[C@@H]1C[C@H]2O[C@@](C)([C@@H]1OC)n1c3ccccc3c3c4c(c5c6ccccc6n2c5c31)C(=O)NC4,Cc1cc(C=O)no1,CC(=O)O,CC(C)[O-].CC(C)[O-].CC(C)[O-].CC(C)[O-].[Ti+4],CC(=O)O[BH-](OC(C)=O)OC(C)=O.[Na+],,CN1CCCC1=O,CN1CCCC1=O,CN1CCCC1=O,CN1CCCC1=O,CN1CCCC1=O,CN1CCCC1=O,CN1CCCC1=O,22.0,64800.0,100.0
CN[C@@H]1C[C@H]2O[C@@](C)([C@@H]1OC)n1c3ccccc3c3c4c(c5c6ccccc6n2c5c31)C(=O)NC4,Cc1nc(C=O)n(C)c1C,CC(=O)O,CC(C)[O-].CC(C)[O-].CC(C)[O-].CC(C)[O-].[Ti+4],CC(=O)O[BH-](OC(C)=O)OC(C)=O.[Na+],,CN1CCCC1=O,CN1CCCC1=O,CN1CCCC1=O,CN1CCCC1=O,CN1CCCC1=O,CN1CCCC1=O,CN1CCCC1=O,22.0,64800.0,76.0
CN[C@@H]1C[C@H]2O[C@@](C)([C@@H]1OC)n1c3ccccc3c3c4c(c5c6ccccc6n2c5c31)C(=O)NC4,O=Cc1c[nH]c(-c2ccccc2)n1,CC(=O)O,CC(C)[O-].CC(C)[O-].CC(C)[O-].CC(C)[O-].[Ti+4],CC(=O)O[BH-](OC(C)=O)OC(C)=O.[Na+],,CN1CCCC1=O,CN1CCCC1=O,CN1CCCC1=O,CN1CCCC1=O,CN1CCCC1=O,CN1CCCC1=O,CN1CCCC1=O,22.0,64800.0,66.0
CN[C@@H]1C[C@H]2O[C@@](C)([C@@H]1OC)n1c3ccccc3c3c4c(c5c6ccccc6n2c5c31)C(=O)NC4,O=C1CCC(n2cccn2)C1,CC(=O)O,CC(C)[O-].CC(C)[O-].CC(C)[O-].CC(C)[O-].[Ti+4],CC(=O)O[BH-](OC(C)=O)OC(C)=O.[Na+],,CN1CCCC1=O,CN1CCCC1=O,CN1CCCC1=O,CN1CCCC1=O,CN1CCCC1=O,CN1CCCC1=O,CN1CCCC1=O,22.0,64800.0,1.0
CN[C@@H]1C[C@H]2O[C@@](C)([C@@H]1OC)n1c3ccccc3c3c4c(c5c6ccccc6n2c5c31)C(=O)NC4,O=CC1CCN(Cc2ccccc2)CC1,CC(=O)O,CC(C)[O-].CC(C)[O-].CC(C)[O-].CC(C)[O-].[Ti+4],CC(=O)O[BH-](OC(C)=O)OC(C)=O.[Na+],,CN1CCCC1=O,CN1CCCC1=O,CN1CCCC1=O,CN1CCCC1=O,CN1CCCC1=O,CN1CCCC1=O,CN1CCCC1=O,22.0,64800.0,18.0
CN[C@@H]1C[C@H]2O[C@@](C)([C@@H]1OC)n1c3ccccc3c3c4c(c5c6ccccc6n2c5c31)C(=O)NC4,CC(=O)c1cc(C)cc(C)c1,CC(=O)O,CC(C)[O-].CC(C)[O-].CC(C)[O-].CC(C)[O-].[Ti+4],CC(=O)O[BH-](OC(C)=O)OC(C)=O.[Na+],,CC(=O)N(C)C,CC(=O)N(C)C,CC(=O)N(C)C,CC(=O)N(C)C,CC(=O)N(C)C,CC(=O)N(C)C,CC(=O)N(C)C,22.0,64800.0,0.0
CN[C@@H]1C[C@H]2O[C@@](C)([C@@H]1OC)n1c3ccccc3c3c4c(c5c6ccccc6n2c5c31)C(=O)NC4,O=Cc1cccc(-c2cc(O)ccn2)c1,CC(=O)O,CC(C)[O-].CC(C)[O-].CC(C)[O-].CC(C)[O-].[Ti+4],CC(=O)O[BH-](OC(C)=O)OC(C)=O.[Na+],,CN1CCCC1=O,CN1CCCC1=O,CN1CCCC1=O,CN1CCCC1=O,CN1CCCC1=O,CN1CCCC1=O,CN1CCCC1=O,22.0,64800.0,100.0
CN[C@@H]1C[C@H]2O[C@@](C)([C@@H]1OC)n1c3ccccc3c3c4c(c5c6ccccc6n2c5c31)C(=O)NC4,N#CCC1CCC(=O)C1,CC(=O)O,CC(C)[O-].CC(C)[O-].CC(C)[O-].CC(C)[O-].[Ti+4],CC(=O)O[BH-](OC(C)=O)OC(C)=O.[Na+],,CN1CCCC1=O,CN1CCCC1=O,CN1CCCC1=O,CN1CCCC1=O,CN1CCCC1=O,CN1CCCC1=O,CN1CCCC1=O,22.0,64800.0,10.0
CN[C@@H]1C[C@H]2O[C@@](C)([C@@H]1OC)n1c3ccccc3c3c4c(c5c6ccccc6n2c5c31)C(=O)NC4,Cn1nc(C=O)nc1-c1ccccn1,CC(=O)O,CC(C)[O-].CC(C)[O-].CC(C)[O-].CC(C)[O-].[Ti+4],CC(=O)O[BH-](OC(C)=O)OC(C)=O.[Na+],,CN1CCCC1=O,CN1CCCC1=O,CN1CCCC1=O,CN1CCCC1=O,CN1CCCC1=O,CN1CCCC1=O,CN1CCCC1=O,22.0,64800.0,86.0
CN[C@@H]1C[C@H]2O[C@@](C)([C@@H]1OC)n1c3ccccc3c3c4c(c5c6ccccc6n2c5c31)C(=O)NC4,Cc1cc(C=O)on1,CC(=O)O,CC(C)[O-].CC(C)[O-].CC(C)[O-].CC(C)[O-].[Ti+4],CC(=O)O[BH-](OC(C)=O)OC(C)=O.[Na+],,CN1CCCC1=O,CN1CCCC1=O,CN1CCCC1=O,CN1CCCC1=O,CN1CCCC1=O,CN1CCCC1=O,CN1CCCC1=O,22.0,64800.0,97.0
CN[C@@H]1C[C@H]2O[C@@](C)([C@@H]1OC)n1c3ccccc3c3c4c(c5c6ccccc6n2c5c31)C(=O)NC4,O=C1CCC(n2cccn2)C1,CC(=O)O,CC(C)[O-].CC(C)[O-].CC(C)[O-].CC(C)[O-].[Ti+4],CC(=O)O[BH-](OC(C)=O)OC(C)=O.[Na+],,CN1CCCC1=O,CN1CCCC1=O,CN1CCCC1=O,CN1CCCC1=O,CN1CCCC1=O,CN1CCCC1=O,CN1CCCC1=O,22.0,64800.0,0.0
CN[C@@H]1C[C@H]2O[C@@](C)([C@@H]1OC)n1c3ccccc3c3c4c(c5c6ccccc6n2c5c31)C(=O)NC4,O=Cc1[nH]ncc1Br,CC(=O)O,CC(C)[O-].CC(C)[O-].CC(C)[O-].CC(C)[O-].[Ti+4],CC(=O)O[BH-](OC(C)=O)OC(C)=O.[Na+],,CN1CCCC1=O,CN1CCCC1=O,CN1CCCC1=O,CN1CCCC1=O,CN1CCCC1=O,CN1CCCC1=O,CN1CCCC1=O,22.0,64800.0,75.0
CN[C@@H]1C[C@H]2O[C@@](C)([C@@H]1OC)n1c3ccccc3c3c4c(c5c6ccccc6n2c5c31)C(=O)NC4,O=C1CCN(c2ccc(F)c(F)c2)CC1,CC(=O)O,CC(C)[O-].CC(C)[O-].CC(C)[O-].CC(C)[O-].[Ti+4],CC(=O)O[BH-](OC(C)=O)OC(C)=O.[Na+],,CN1CCCC1=O,CN1CCCC1=O,CN1CCCC1=O,CN1CCCC1=O,CN1CCCC1=O,CN1CCCC1=O,CN1CCCC1=O,22.0,64800.0,2.0
CN[C@@H]1C[C@H]2O[C@@](C)([C@@H]1OC)n1c3ccccc3c3c4c(c5c6ccccc6n2c5c31)C(=O)NC4,CC(C)=CCCC(C)CC=O,CC(=O)O,CC(C)[O-].CC(C)[O-].CC(C)[O-].CC(C)[O-].[Ti+4],CC(=O)O[BH-](OC(C)=O)OC(C)=O.[Na+],,CN1CCCC1=O,CN1CCCC1=O,CN1CCCC1=O,CN1CCCC1=O,CN1CCCC1=O,CN1CCCC1=O,CN1CCCC1=O,22.0,64800.0,93.0
CN[C@@H]1C[C@H]2O[C@@](C)([C@@H]1OC)n1c3ccccc3c3c4c(c5c6ccccc6n2c5c31)C(=O)NC4,CC(=O)/C=C/c1ccccc1,CC(=O)O,CC(C)[O-].CC(C)[O-].CC(C)[O-].CC(C)[O-].[Ti+4],CC(=O)O[BH-](OC(C)=O)OC(C)=O.[Na+],,CN1CCCC1=O,CN1CCCC1=O,CN1CCCC1=O,CN1CCCC1=O,CN1CCCC1=O,CN1CCCC1=O,CN1CCCC1=O,22.0,64800.0,2.0
CN[C@@H]1C[C@H]2O[C@@](C)([C@@H]1OC)n1c3ccccc3c3c4c(c5c6ccccc6n2c5c31)C(=O)NC4,O=Cc1ccc2c(n1)NC(=O)CC2,CC(=O)O,CC(C)[O-].CC(C)[O-].CC(C)[O-].CC(C)[O-].[Ti+4],CC(=O)O[BH-](OC(C)=O)OC(C)=O.[Na+],,CN1CCCC1=O,CN1CCCC1=O,CN1CCCC1=O,CN1CCCC1=O,CN1CCCC1=O,CN1CCCC1=O,CN1CCCC1=O,22.0,64800.0,0.0
CN[C@@H]1C[C@H]2O[C@@](C)([C@@H]1OC)n1c3ccccc3c3c4c(c5c6ccccc6n2c5c31)C(=O)NC4,Cc1cccc(-n2ccnc2C=O)c1,CC(=O)O,CC(C)[O-].CC(C)[O-].CC(C)[O-].CC(C)[O-].[Ti+4],CC(=O)O[BH-](OC(C)=O)OC(C)=O.[Na+],,CN1CCCC1=O,CN1CCCC1=O,CN1CCCC1=O,CN1CCCC1=O,CN1CCCC1=O,CN1CCCC1=O,CN1CCCC1=O,22.0,64800.0,91.0
CN[C@@H]1C[C@H]2O[C@@](C)([C@@H]1OC)n1c3ccccc3c3c4c(c5c6ccccc6n2c5c31)C(=O)NC4,CC(=O)c1cc(C)cc(C)c1,CC(=O)O,CC(C)[O-].CC(C)[O-].CC(C)[O-].CC(C)[O-].[Ti+4],CC(=O)O[BH-](OC(C)=O)OC(C)=O.[Na+],,CC(=O)N(C)C,CC(=O)N(C)C,CC(=O)N(C)C,CC(=O)N(C)C,CC(=O)N(C)C,CC(=O)N(C)C,CC(=O)N(C)C,22.0,64800.0,0.0
CN[C@@H]1C[C@H]2O[C@@](C)([C@@H]1OC)n1c3ccccc3c3c4c(c5c6ccccc6n2c5c31)C(=O)NC4,O=CCCC(F)(F)F,CC(=O)O,CC(C)[O-].CC(C)[O-].CC(C)[O-].CC(C)[O-].[Ti+4],CC(=O)O[BH-](OC(C)=O)OC(C)=O.[Na+],,CN1CCCC1=O,CN1CCCC1=O,CN1CCCC1=O,CN1CCCC1=O,CN1CCCC1=O,CN1CCCC1=O,CN1CCCC1=O,22.0,64800.0,61.0
CN[C@@H]1C[C@H]2O[C@@](C)([C@@H]1OC)n1c3ccccc3c3c4c(c5c6ccccc6n2c5c31)C(=O)NC4,O=CC=Cc1ccccc1,CC(=O)O,CC(C)[O-].CC(C)[O-].CC(C)[O-].CC(C)[O-].[Ti+4],CC(=O)O[BH-](OC(C)=O)OC(C)=O.[Na+],,CC(=O)N(C)C,CC(=O)N(C)C,CC(=O)N(C)C,CC(=O)N(C)C,CC(=O)N(C)C,CC(=O)N(C)C,CC(=O)N(C)C,22.0,64800.0,35.0
CN[C@@H]1C[C@H]2O[C@@](C)([C@@H]1OC)n1c3ccccc3c3c4c(c5c6ccccc6n2c5c31)C(=O)NC4,CC(=O)c1cc(C(F)(F)F)cc(C(F)(F)F)c1,CC(=O)O,CC(C)[O-].CC(C)[O-].CC(C)[O-].CC(C)[O-].[Ti+4],CC(=O)O[BH-](OC(C)=O)OC(C)=O.[Na+],,CN1CCCC1=O,CN1CCCC1=O,CN1CCCC1=O,CN1CCCC1=O,CN1CCCC1=O,CN1CCCC1=O,CN1CCCC1=O,22.0,64800.0,0.0
CN[C@@H]1C[C@H]2O[C@@](C)([C@@H]1OC)n1c3ccccc3c3c4c(c5c6ccccc6n2c5c31)C(=O)NC4,O=CC1CCN(C(=O)OCc2ccccc2)CC1,CC(=O)O,CC(C)[O-].CC(C)[O-].CC(C)[O-].CC(C)[O-].[Ti+4],CC(=O)O[BH-](OC(C)=O)OC(C)=O.[Na+],,CC(=O)N(C)C,CC(=O)N(C)C,CC(=O)N(C)C,CC(=O)N(C)C,CC(=O)N(C)C,CC(=O)N(C)C,CC(=O)N(C)C,22.0,64800.0,0.0
CN[C@@H]1C[C@H]2O[C@@](C)([C@@H]1OC)n1c3ccccc3c3c4c(c5c6ccccc6n2c5c31)C(=O)NC4,O=Cc1cn2ccsc2n1,CC(=O)O,CC(C)[O-].CC(C)[O-].CC(C)[O-].CC(C)[O-].[Ti+4],CC(=O)O[BH-](OC(C)=O)OC(C)=O.[Na+],,CN1CCCC1=O,CN1CCCC1=O,CN1CCCC1=O,CN1CCCC1=O,CN1CCCC1=O,CN1CCCC1=O,CN1CCCC1=O,22.0,64800.0,77.0
CN[C@@H]1C[C@H]2O[C@@](C)([C@@H]1OC)n1c3ccccc3c3c4c(c5c6ccccc6n2c5c31)C(=O)NC4,Cc1cccc(-n2ccnc2C=O)c1,CC(=O)O,CC(C)[O-].CC(C)[O-].CC(C)[O-].CC(C)[O-].[Ti+4],CC(=O)O[BH-](OC(C)=O)OC(C)=O.[Na+],,CN1CCCC1=O,CN1CCCC1=O,CN1CCCC1=O,CN1CCCC1=O,CN1CCCC1=O,CN1CCCC1=O,CN1CCCC1=O,22.0,64800.0,85.0
CN[C@@H]1C[C@H]2O[C@@](C)([C@@H]1OC)n1c3ccccc3c3c4c(c5c6ccccc6n2c5c31)C(=O)NC4,CC(=O)c1cc(C)cc(C)c1,CC(=O)O,CC(C)[O-].CC(C)[O-].CC(C)[O-].CC(C)[O-].[Ti+4],CC(=O)O[BH-](OC(C)=O)OC(C)=O.[Na+],,CC(=O)N(C)C,CC(=O)N(C)C,CC(=O)N(C)C,CC(=O)N(C)C,CC(=O)N(C)C,CC(=O)N(C)C,CC(=O)N(C)C,22.0,64800.0,0.0
CN[C@@H]1C[C@H]2O[C@@](C)([C@@H]1OC)n1c3ccccc3c3c4c(c5c6ccccc6n2c5c31)C(=O)NC4,O=C1CCN(c2ccc(F)c(F)c2)CC1,CC(=O)O,CC(C)[O-].CC(C)[O-].CC(C)[O-].CC(C)[O-].[Ti+4],CC(=O)O[BH-](OC(C)=O)OC(C)=O.[Na+],,CN1CCCC1=O,CN1CCCC1=O,CN1CCCC1=O,CN1CCCC1=O,CN1CCCC1=O,CN1CCCC1=O,CN1CCCC1=O,22.0,64800.0,24.0
CN[C@@H]1C[C@H]2O[C@@](C)([C@@H]1OC)n1c3ccccc3c3c4c(c5c6ccccc6n2c5c31)C(=O)NC4,CC(C)=CCCC(C)CC=O,CC(=O)O,CC(C)[O-].CC(C)[O-].CC(C)[O-].CC(C)[O-].[Ti+4],CC(=O)O[BH-](OC(C)=O)OC(C)=O.[Na+],,CC(=O)N(C)C,CC(=O)N(C)C,CC(=O)N(C)C,CC(=O)N(C)C,CC(=O)N(C)C,CC(=O)N(C)C,CC(=O)N(C)C,22.0,64800.0,60.0
CN[C@@H]1C[C@H]2O[C@@](C)([C@@H]1OC)n1c3ccccc3c3c4c(c5c6ccccc6n2c5c31)C(=O)NC4,Cc1nc(C(F)(F)F)c(C=O)s1,CC(=O)O,CC(C)[O-].CC(C)[O-].CC(C)[O-].CC(C)[O-].[Ti+4],CC(=O)O[BH-](OC(C)=O)OC(C)=O.[Na+],,CN1CCCC1=O,CN1CCCC1=O,CN1CCCC1=O,CN1CCCC1=O,CN1CCCC1=O,CN1CCCC1=O,CN1CCCC1=O,22.0,64800.0,89.0
CN[C@@H]1C[C@H]2O[C@@](C)([C@@H]1OC)n1c3ccccc3c3c4c(c5c6ccccc6n2c5c31)C(=O)NC4,Cc1noc(C)c1C=O,CC(=O)O,CC(C)[O-].CC(C)[O-].CC(C)[O-].CC(C)[O-].[Ti+4],CC(=O)O[BH-](OC(C)=O)OC(C)=O.[Na+],,CN1CCCC1=O,CN1CCCC1=O,CN1CCCC1=O,CN1CCCC1=O,CN1CCCC1=O,CN1CCCC1=O,CN1CCCC1=O,22.0,64800.0,70.0
CN[C@@H]1C[C@H]2O[C@@](C)([C@@H]1OC)n1c3ccccc3c3c4c(c5c6ccccc6n2c5c31)C(=O)NC4,CC(=O)c1cc(C(F)(F)F)cc(C(F)(F)F)c1,CC(=O)O,CC(C)[O-].CC(C)[O-].CC(C)[O-].CC(C)[O-].[Ti+4],CC(=O)O[BH-](OC(C)=O)OC(C)=O.[Na+],,CN1CCCC1=O,CN1CCCC1=O,CN1CCCC1=O,CN1CCCC1=O,CN1CCCC1=O,CN1CCCC1=O,CN1CCCC1=O,22.0,64800.0,0.0
CN[C@@H]1C[C@H]2O[C@@](C)([C@@H]1OC)n1c3ccccc3c3c4c(c5c6ccccc6n2c5c31)C(=O)NC4,Cc1ccc(C=O)cc1C,CC(=O)O,CC(C)[O-].CC(C)[O-].CC(C)[O-].CC(C)[O-].[Ti+4],CC(=O)O[BH-](OC(C)=O)OC(C)=O.[Na+],,CN1CCCC1=O,CN1CCCC1=O,CN1CCCC1=O,CN1CCCC1=O,CN1CCCC1=O,CN1CCCC1=O,CN1CCCC1=O,22.0,64800.0,64.0
CN[C@@H]1C[C@H]2O[C@@](C)([C@@H]1OC)n1c3ccccc3c3c4c(c5c6ccccc6n2c5c31)C(=O)NC4,CC(=O)/C=C/c1ccccc1,CC(=O)O,CC(C)[O-].CC(C)[O-].CC(C)[O-].CC(C)[O-].[Ti+4],CC(=O)O[BH-](OC(C)=O)OC(C)=O.[Na+],,CN1CCCC1=O,CN1CCCC1=O,CN1CCCC1=O,CN1CCCC1=O,CN1CCCC1=O,CN1CCCC1=O,CN1CCCC1=O,22.0,64800.0,0.0
CN[C@@H]1C[C@H]2O[C@@](C)([C@@H]1OC)n1c3ccccc3c3c4c(c5c6ccccc6n2c5c31)C(=O)NC4,CC(=O)/C=C/c1ccccc1,CC(=O)O,CC(C)[O-].CC(C)[O-].CC(C)[O-].CC(C)[O-].[Ti+4],CC(=O)O[BH-](OC(C)=O)OC(C)=O.[Na+],,CC(=O)N(C)C,CC(=O)N(C)C,CC(=O)N(C)C,CC(=O)N(C)C,CC(=O)N(C)C,CC(=O)N(C)C,CC(=O)N(C)C,22.0,64800.0,0.0
CN[C@@H]1C[C@H]2O[C@@](C)([C@@H]1OC)n1c3ccccc3c3c4c(c5c6ccccc6n2c5c31)C(=O)NC4,Cn1c(C=O)nc2ccccc21,CC(=O)O,CC(C)[O-].CC(C)[O-].CC(C)[O-].CC(C)[O-].[Ti+4],CC(=O)O[BH-](OC(C)=O)OC(C)=O.[Na+],,CN1CCCC1=O,CN1CCCC1=O,CN1CCCC1=O,CN1CCCC1=O,CN1CCCC1=O,CN1CCCC1=O,CN1CCCC1=O,22.0,64800.0,88.0
CN[C@@H]1C[C@H]2O[C@@](C)([C@@H]1OC)n1c3ccccc3c3c4c(c5c6ccccc6n2c5c31)C(=O)NC4,O=C1CCC(n2cccn2)C1,CC(=O)O,CC(C)[O-].CC(C)[O-].CC(C)[O-].CC(C)[O-].[Ti+4],CC(=O)O[BH-](OC(C)=O)OC(C)=O.[Na+],,CC(=O)N(C)C,CC(=O)N(C)C,CC(=O)N(C)C,CC(=O)N(C)C,CC(=O)N(C)C,CC(=O)N(C)C,CC(=O)N(C)C,22.0,64800.0,3.0
CN[C@@H]1C[C@H]2O[C@@](C)([C@@H]1OC)n1c3ccccc3c3c4c(c5c6ccccc6n2c5c31)C(=O)NC4,O=Cc1cc2cnccc2[nH]1,CC(=O)O,CC(C)[O-].CC(C)[O-].CC(C)[O-].CC(C)[O-].[Ti+4],CC(=O)O[BH-](OC(C)=O)OC(C)=O.[Na+],,CN1CCCC1=O,CN1CCCC1=O,CN1CCCC1=O,CN1CCCC1=O,CN1CCCC1=O,CN1CCCC1=O,CN1CCCC1=O,22.0,64800.0,58.0
CN[C@@H]1C[C@H]2O[C@@](C)([C@@H]1OC)n1c3ccccc3c3c4c(c5c6ccccc6n2c5c31)C(=O)NC4,O=Cc1nc2ccccc2s1,CC(=O)O,CC(C)[O-].CC(C)[O-].CC(C)[O-].CC(C)[O-].[Ti+4],CC(=O)O[BH-](OC(C)=O)OC(C)=O.[Na+],,CC(=O)N(C)C,CC(=O)N(C)C,CC(=O)N(C)C,CC(=O)N(C)C,CC(=O)N(C)C,CC(=O)N(C)C,CC(=O)N(C)C,22.0,64800.0,41.0
CN[C@@H]1C[C@H]2O[C@@](C)([C@@H]1OC)n1c3ccccc3c3c4c(c5c6ccccc6n2c5c31)C(=O)NC4,O=Cc1c(Cl)cnc2[nH]ccc12,CC(=O)O,CC(C)[O-].CC(C)[O-].CC(C)[O-].CC(C)[O-].[Ti+4],CC(=O)O[BH-](OC(C)=O)OC(C)=O.[Na+],,CN1CCCC1=O,CN1CCCC1=O,CN1CCCC1=O,CN1CCCC1=O,CN1CCCC1=O,CN1CCCC1=O,CN1CCCC1=O,22.0,64800.0,96.0
CN[C@@H]1C[C@H]2O[C@@](C)([C@@H]1OC)n1c3ccccc3c3c4c(c5c6ccccc6n2c5c31)C(=O)NC4,O=Cc1nc2ccccc2s1,CC(=O)O,CC(C)[O-].CC(C)[O-].CC(C)[O-].CC(C)[O-].[Ti+4],CC(=O)O[BH-](OC(C)=O)OC(C)=O.[Na+],,CN1CCCC1=O,CN1CCCC1=O,CN1CCCC1=O,CN1CCCC1=O,CN1CCCC1=O,CN1CCCC1=O,CN1CCCC1=O,22.0,64800.0,17.0
CN[C@@H]1C[C@H]2O[C@@](C)([C@@H]1OC)n1c3ccccc3c3c4c(c5c6ccccc6n2c5c31)C(=O)NC4,O=CC1CCN(C(=O)OCc2ccccc2)CC1,CC(=O)O,CC(C)[O-].CC(C)[O-].CC(C)[O-].CC(C)[O-].[Ti+4],CC(=O)O[BH-](OC(C)=O)OC(C)=O.[Na+],,CN1CCCC1=O,CN1CCCC1=O,CN1CCCC1=O,CN1CCCC1=O,CN1CCCC1=O,CN1CCCC1=O,CN1CCCC1=O,22.0,64800.0,14.0
CN[C@@H]1C[C@H]2O[C@@](C)([C@@H]1OC)n1c3ccccc3c3c4c(c5c6ccccc6n2c5c31)C(=O)NC4,Cc1nc2scnn2c1C=O,CC(=O)O,CC(C)[O-].CC(C)[O-].CC(C)[O-].CC(C)[O-].[Ti+4],CC(=O)O[BH-](OC(C)=O)OC(C)=O.[Na+],,CN1CCCC1=O,CN1CCCC1=O,CN1CCCC1=O,CN1CCCC1=O,CN1CCCC1=O,CN1CCCC1=O,CN1CCCC1=O,22.0,64800.0,88.0
CN[C@@H]1C[C@H]2O[C@@](C)([C@@H]1OC)n1c3ccccc3c3c4c(c5c6ccccc6n2c5c31)C(=O)NC4,O=C1CCC(n2cccn2)C1,CC(=O)O,CC(C)[O-].CC(C)[O-].CC(C)[O-].CC(C)[O-].[Ti+4],CC(=O)O[BH-](OC(C)=O)OC(C)=O.[Na+],,CC(=O)N(C)C,CC(=O)N(C)C,CC(=O)N(C)C,CC(=O)N(C)C,CC(=O)N(C)C,CC(=O)N(C)C,CC(=O)N(C)C,22.0,64800.0,1.0
CN[C@@H]1C[C@H]2O[C@@](C)([C@@H]1OC)n1c3ccccc3c3c4c(c5c6ccccc6n2c5c31)C(=O)NC4,O=Cc1cccc(-n2ccnn2)c1,CC(=O)O,CC(C)[O-].CC(C)[O-].CC(C)[O-].CC(C)[O-].[Ti+4],CC(=O)O[BH-](OC(C)=O)OC(C)=O.[Na+],,CN1CCCC1=O,CN1CCCC1=O,CN1CCCC1=O,CN1CCCC1=O,CN1CCCC1=O,CN1CCCC1=O,CN1CCCC1=O,22.0,64800.0,100.0
CN[C@@H]1C[C@H]2O[C@@](C)([C@@H]1OC)n1c3ccccc3c3c4c(c5c6ccccc6n2c5c31)C(=O)NC4,Cc1nc(C(F)(F)F)c(C=O)s1,CC(=O)O,CC(C)[O-].CC(C)[O-].CC(C)[O-].CC(C)[O-].[Ti+4],CC(=O)O[BH-](OC(C)=O)OC(C)=O.[Na+],,CN1CCCC1=O,CN1CCCC1=O,CN1CCCC1=O,CN1CCCC1=O,CN1CCCC1=O,CN1CCCC1=O,CN1CCCC1=O,22.0,64800.0,43.0
CN[C@@H]1C[C@H]2O[C@@](C)([C@@H]1OC)n1c3ccccc3c3c4c(c5c6ccccc6n2c5c31)C(=O)NC4,Cn1c(C=O)nc2ccccc21,CC(=O)O,CC(C)[O-].CC(C)[O-].CC(C)[O-].CC(C)[O-].[Ti+4],CC(=O)O[BH-](OC(C)=O)OC(C)=O.[Na+],,CN1CCCC1=O,CN1CCCC1=O,CN1CCCC1=O,CN1CCCC1=O,CN1CCCC1=O,CN1CCCC1=O,CN1CCCC1=O,22.0,64800.0,100.0
CN[C@@H]1C[C@H]2O[C@@](C)([C@@H]1OC)n1c3ccccc3c3c4c(c5c6ccccc6n2c5c31)C(=O)NC4,O=C1CCN(c2ccc(F)c(F)c2)CC1,CC(=O)O,CC(C)[O-].CC(C)[O-].CC(C)[O-].CC(C)[O-].[Ti+4],CC(=O)O[BH-](OC(C)=O)OC(C)=O.[Na+],,CC(=O)N(C)C,CC(=O)N(C)C,CC(=O)N(C)C,CC(=O)N(C)C,CC(=O)N(C)C,CC(=O)N(C)C,CC(=O)N(C)C,22.0,64800.0,1.0
CN[C@@H]1C[C@H]2O[C@@](C)([C@@H]1OC)n1c3ccccc3c3c4c(c5c6ccccc6n2c5c31)C(=O)NC4,O=CCCc1ccccc1,CC(=O)O,CC(C)[O-].CC(C)[O-].CC(C)[O-].CC(C)[O-].[Ti+4],CC(=O)O[BH-](OC(C)=O)OC(C)=O.[Na+],,CC(=O)N(C)C,CC(=O)N(C)C,CC(=O)N(C)C,CC(=O)N(C)C,CC(=O)N(C)C,CC(=O)N(C)C,CC(=O)N(C)C,22.0,64800.0,18.0
CN[C@@H]1C[C@H]2O[C@@](C)([C@@H]1OC)n1c3ccccc3c3c4c(c5c6ccccc6n2c5c31)C(=O)NC4,CC(C)=CCCC(C)CC=O,CC(=O)O,CC(C)[O-].CC(C)[O-].CC(C)[O-].CC(C)[O-].[Ti+4],CC(=O)O[BH-](OC(C)=O)OC(C)=O.[Na+],,CN1CCCC1=O,CN1CCCC1=O,CN1CCCC1=O,CN1CCCC1=O,CN1CCCC1=O,CN1CCCC1=O,CN1CCCC1=O,22.0,64800.0,46.0
CN[C@@H]1C[C@H]2O[C@@](C)([C@@H]1OC)n1c3ccccc3c3c4c(c5c6ccccc6n2c5c31)C(=O)NC4,O=CCCc1ccccc1,CC(=O)O,CC(C)[O-].CC(C)[O-].CC(C)[O-].CC(C)[O-].[Ti+4],CC(=O)O[BH-](OC(C)=O)OC(C)=O.[Na+],,CN1CCCC1=O,CN1CCCC1=O,CN1CCCC1=O,CN1CCCC1=O,CN1CCCC1=O,CN1CCCC1=O,CN1CCCC1=O,22.0,64800.0,36.0
CN[C@@H]1C[C@H]2O[C@@](C)([C@@H]1OC)n1c3ccccc3c3c4c(c5c6ccccc6n2c5c31)C(=O)NC4,O=Cc1ccccc1,CC(=O)O,CC(C)[O-].CC(C)[O-].CC(C)[O-].CC(C)[O-].[Ti+4],CC(=O)O[BH-](OC(C)=O)OC(C)=O.[Na+],,CN1CCCC1=O,CN1CCCC1=O,CN1CCCC1=O,CN1CCCC1=O,CN1CCCC1=O,CN1CCCC1=O,CN1CCCC1=O,22.0,64800.0,84.0
CN[C@@H]1C[C@H]2O[C@@](C)([C@@H]1OC)n1c3ccccc3c3c4c(c5c6ccccc6n2c5c31)C(=O)NC4,CC(=O)Nc1ccc(C=O)cc1,CC(=O)O,CC(C)[O-].CC(C)[O-].CC(C)[O-].CC(C)[O-].[Ti+4],CC(=O)O[BH-](OC(C)=O)OC(C)=O.[Na+],,CN1CCCC1=O,CN1CCCC1=O,CN1CCCC1=O,CN1CCCC1=O,CN1CCCC1=O,CN1CCCC1=O,CN1CCCC1=O,22.0,64800.0,97.0
CN[C@@H]1C[C@H]2O[C@@](C)([C@@H]1OC)n1c3ccccc3c3c4c(c5c6ccccc6n2c5c31)C(=O)NC4,O=C1CCN(C(=O)OCc2ccccc2)CC1,CC(=O)O,CC(C)[O-].CC(C)[O-].CC(C)[O-].CC(C)[O-].[Ti+4],CC(=O)O[BH-](OC(C)=O)OC(C)=O.[Na+],,CN1CCCC1=O,CN1CCCC1=O,CN1CCCC1=O,CN1CCCC1=O,CN1CCCC1=O,CN1CCCC1=O,CN1CCCC1=O,22.0,64800.0,15.0
CN[C@@H]1C[C@H]2O[C@@](C)([C@@H]1OC)n1c3ccccc3c3c4c(c5c6ccccc6n2c5c31)C(=O)NC4,O=CC=Cc1ccccc1,CC(=O)O,CC(C)[O-].CC(C)[O-].CC(C)[O-].CC(C)[O-].[Ti+4],CC(=O)O[BH-](OC(C)=O)OC(C)=O.[Na+],,CC(=O)N(C)C,CC(=O)N(C)C,CC(=O)N(C)C,CC(=O)N(C)C,CC(=O)N(C)C,CC(=O)N(C)C,CC(=O)N(C)C,22.0,64800.0,35.0
CN[C@@H]1C[C@H]2O[C@@](C)([C@@H]1OC)n1c3ccccc3c3c4c(c5c6ccccc6n2c5c31)C(=O)NC4,O=CC=Cc1ccccc1,CC(=O)O,CC(C)[O-].CC(C)[O-].CC(C)[O-].CC(C)[O-].[Ti+4],CC(=O)O[BH-](OC(C)=O)OC(C)=O.[Na+],,CC(=O)N(C)C,CC(=O)N(C)C,CC(=O)N(C)C,CC(=O)N(C)C,CC(=O)N(C)C,CC(=O)N(C)C,CC(=O)N(C)C,22.0,64800.0,62.0
CN[C@@H]1C[C@H]2O[C@@](C)([C@@H]1OC)n1c3ccccc3c3c4c(c5c6ccccc6n2c5c31)C(=O)NC4,O=CC=Cc1ccccc1,CC(=O)O,CC(C)[O-].CC(C)[O-].CC(C)[O-].CC(C)[O-].[Ti+4],CC(=O)O[BH-](OC(C)=O)OC(C)=O.[Na+],,CN1CCCC1=O,CN1CCCC1=O,CN1CCCC1=O,CN1CCCC1=O,CN1CCCC1=O,CN1CCCC1=O,CN1CCCC1=O,22.0,64800.0,37.0
CN[C@@H]1C[C@H]2O[C@@](C)([C@@H]1OC)n1c3ccccc3c3c4c(c5c6ccccc6n2c5c31)C(=O)NC4,N#CCC1CCC(=O)C1,CC(=O)O,CC(C)[O-].CC(C)[O-].CC(C)[O-].CC(C)[O-].[Ti+4],CC(=O)O[BH-](OC(C)=O)OC(C)=O.[Na+],,CC(=O)N(C)C,CC(=O)N(C)C,CC(=O)N(C)C,CC(=O)N(C)C,CC(=O)N(C)C,CC(=O)N(C)C,CC(=O)N(C)C,22.0,64800.0,13.0
CN[C@@H]1C[C@H]2O[C@@](C)([C@@H]1OC)n1c3ccccc3c3c4c(c5c6ccccc6n2c5c31)C(=O)NC4,O=C1CCN(c2ccc(F)c(F)c2)CC1,CC(=O)O,CC(C)[O-].CC(C)[O-].CC(C)[O-].CC(C)[O-].[Ti+4],CC(=O)O[BH-](OC(C)=O)OC(C)=O.[Na+],,CN1CCCC1=O,CN1CCCC1=O,CN1CCCC1=O,CN1CCCC1=O,CN1CCCC1=O,CN1CCCC1=O,CN1CCCC1=O,22.0,64800.0,22.0
CN[C@@H]1C[C@H]2O[C@@](C)([C@@H]1OC)n1c3ccccc3c3c4c(c5c6ccccc6n2c5c31)C(=O)NC4,Cc1nc2scnn2c1C=O,CC(=O)O,CC(C)[O-].CC(C)[O-].CC(C)[O-].CC(C)[O-].[Ti+4],CC(=O)O[BH-](OC(C)=O)OC(C)=O.[Na+],,CN1CCCC1=O,CN1CCCC1=O,CN1CCCC1=O,CN1CCCC1=O,CN1CCCC1=O,CN1CCCC1=O,CN1CCCC1=O,22.0,64800.0,90.0
CN[C@@H]1C[C@H]2O[C@@](C)([C@@H]1OC)n1c3ccccc3c3c4c(c5c6ccccc6n2c5c31)C(=O)NC4,CC(C)=CCCC(C)CC=O,CC(=O)O,CC(C)[O-].CC(C)[O-].CC(C)[O-].CC(C)[O-].[Ti+4],CC(=O)O[BH-](OC(C)=O)OC(C)=O.[Na+],,CC(=O)N(C)C,CC(=O)N(C)C,CC(=O)N(C)C,CC(=O)N(C)C,CC(=O)N(C)C,CC(=O)N(C)C,CC(=O)N(C)C,22.0,64800.0,25.0
CN[C@@H]1C[C@H]2O[C@@](C)([C@@H]1OC)n1c3ccccc3c3c4c(c5c6ccccc6n2c5c31)C(=O)NC4,O=C1CCN(c2ccc(F)c(F)c2)CC1,CC(=O)O,CC(C)[O-].CC(C)[O-].CC(C)[O-].CC(C)[O-].[Ti+4],CC(=O)O[BH-](OC(C)=O)OC(C)=O.[Na+],,CN1CCCC1=O,CN1CCCC1=O,CN1CCCC1=O,CN1CCCC1=O,CN1CCCC1=O,CN1CCCC1=O,CN1CCCC1=O,22.0,64800.0,20.0
CN[C@@H]1C[C@H]2O[C@@](C)([C@@H]1OC)n1c3ccccc3c3c4c(c5c6ccccc6n2c5c31)C(=O)NC4,Cc1ccc(C=O)cc1C,CC(=O)O,CC(C)[O-].CC(C)[O-].CC(C)[O-].CC(C)[O-].[Ti+4],CC(=O)O[BH-](OC(C)=O)OC(C)=O.[Na+],,CC(=O)N(C)C,CC(=O)N(C)C,CC(=O)N(C)C,CC(=O)N(C)C,CC(=O)N(C)C,CC(=O)N(C)C,CC(=O)N(C)C,22.0,64800.0,13.0
CN[C@@H]1C[C@H]2O[C@@](C)([C@@H]1OC)n1c3ccccc3c3c4c(c5c6ccccc6n2c5c31)C(=O)NC4,O=Cc1cn(-c2ncccn2)cn1,CC(=O)O,CC(C)[O-].CC(C)[O-].CC(C)[O-].CC(C)[O-].[Ti+4],CC(=O)O[BH-](OC(C)=O)OC(C)=O.[Na+],,CN1CCCC1=O,CN1CCCC1=O,CN1CCCC1=O,CN1CCCC1=O,CN1CCCC1=O,CN1CCCC1=O,CN1CCCC1=O,22.0,64800.0,10.0
CN[C@@H]1C[C@H]2O[C@@](C)([C@@H]1OC)n1c3ccccc3c3c4c(c5c6ccccc6n2c5c31)C(=O)NC4,COc1cccc(C=O)c1,CC(=O)O,CC(C)[O-].CC(C)[O-].CC(C)[O-].CC(C)[O-].[Ti+4],CC(=O)O[BH-](OC(C)=O)OC(C)=O.[Na+],,CN1CCCC1=O,CN1CCCC1=O,CN1CCCC1=O,CN1CCCC1=O,CN1CCCC1=O,CN1CCCC1=O,CN1CCCC1=O,22.0,64800.0,82.0
CN[C@@H]1C[C@H]2O[C@@](C)([C@@H]1OC)n1c3ccccc3c3c4c(c5c6ccccc6n2c5c31)C(=O)NC4,CC(=O)Nc1ccc(C=O)cc1,CC(=O)O,CC(C)[O-].CC(C)[O-].CC(C)[O-].CC(C)[O-].[Ti+4],CC(=O)O[BH-](OC(C)=O)OC(C)=O.[Na+],,CN1CCCC1=O,CN1CCCC1=O,CN1CCCC1=O,CN1CCCC1=O,CN1CCCC1=O,CN1CCCC1=O,CN1CCCC1=O,22.0,64800.0,87.0
CN[C@@H]1C[C@H]2O[C@@](C)([C@@H]1OC)n1c3ccccc3c3c4c(c5c6ccccc6n2c5c31)C(=O)NC4,O=C/C=C/c1ccccc1,CC(=O)O,CC(C)[O-].CC(C)[O-].CC(C)[O-].CC(C)[O-].[Ti+4],CC(=O)O[BH-](OC(C)=O)OC(C)=O.[Na+],,CN1CCCC1=O,CN1CCCC1=O,CN1CCCC1=O,CN1CCCC1=O,CN1CCCC1=O,CN1CCCC1=O,CN1CCCC1=O,22.0,64800.0,41.0
CN[C@@H]1C[C@H]2O[C@@](C)([C@@H]1OC)n1c3ccccc3c3c4c(c5c6ccccc6n2c5c31)C(=O)NC4,O=Cc1ccccc1Cn1cccn1,CC(=O)O,CC(C)[O-].CC(C)[O-].CC(C)[O-].CC(C)[O-].[Ti+4],CC(=O)O[BH-](OC(C)=O)OC(C)=O.[Na+],,CN1CCCC1=O,CN1CCCC1=O,CN1CCCC1=O,CN1CCCC1=O,CN1CCCC1=O,CN1CCCC1=O,CN1CCCC1=O,22.0,64800.0,82.0
CN[C@@H]1C[C@H]2O[C@@](C)([C@@H]1OC)n1c3ccccc3c3c4c(c5c6ccccc6n2c5c31)C(=O)NC4,CC(C)=CCCC(C)CC=O,CC(=O)O,CC(C)[O-].CC(C)[O-].CC(C)[O-].CC(C)[O-].[Ti+4],CC(=O)O[BH-](OC(C)=O)OC(C)=O.[Na+],,CN1CCCC1=O,CN1CCCC1=O,CN1CCCC1=O,CN1CCCC1=O,CN1CCCC1=O,CN1CCCC1=O,CN1CCCC1=O,22.0,64800.0,90.0
CN[C@@H]1C[C@H]2O[C@@](C)([C@@H]1OC)n1c3ccccc3c3c4c(c5c6ccccc6n2c5c31)C(=O)NC4,Cn1cc(C=O)c(C2CC2)n1,CC(=O)O,CC(C)[O-].CC(C)[O-].CC(C)[O-].CC(C)[O-].[Ti+4],CC(=O)O[BH-](OC(C)=O)OC(C)=O.[Na+],,CN1CCCC1=O,CN1CCCC1=O,CN1CCCC1=O,CN1CCCC1=O,CN1CCCC1=O,CN1CCCC1=O,CN1CCCC1=O,22.0,64800.0,69.0
CN[C@@H]1C[C@H]2O[C@@](C)([C@@H]1OC)n1c3ccccc3c3c4c(c5c6ccccc6n2c5c31)C(=O)NC4,CC(=O)Nc1ccc(C=O)cc1,CC(=O)O,CC(C)[O-].CC(C)[O-].CC(C)[O-].CC(C)[O-].[Ti+4],CC(=O)O[BH-](OC(C)=O)OC(C)=O.[Na+],,CN1CCCC1=O,CN1CCCC1=O,CN1CCCC1=O,CN1CCCC1=O,CN1CCCC1=O,CN1CCCC1=O,CN1CCCC1=O,22.0,64800.0,99.0
CN[C@@H]1C[C@H]2O[C@@](C)([C@@H]1OC)n1c3ccccc3c3c4c(c5c6ccccc6n2c5c31)C(=O)NC4,CC(=O)Nc1ccc(C=O)cc1,CC(=O)O,CC(C)[O-].CC(C)[O-].CC(C)[O-].CC(C)[O-].[Ti+4],CC(=O)O[BH-](OC(C)=O)OC(C)=O.[Na+],,CC(=O)N(C)C,CC(=O)N(C)C,CC(=O)N(C)C,CC(=O)N(C)C,CC(=O)N(C)C,CC(=O)N(C)C,CC(=O)N(C)C,22.0,64800.0,82.0
CN[C@@H]1C[C@H]2O[C@@](C)([C@@H]1OC)n1c3ccccc3c3c4c(c5c6ccccc6n2c5c31)C(=O)NC4,O=CC=Cc1ccccc1,CC(=O)O,CC(C)[O-].CC(C)[O-].CC(C)[O-].CC(C)[O-].[Ti+4],CC(=O)O[BH-](OC(C)=O)OC(C)=O.[Na+],,CC(=O)N(C)C,CC(=O)N(C)C,CC(=O)N(C)C,CC(=O)N(C)C,CC(=O)N(C)C,CC(=O)N(C)C,CC(=O)N(C)C,22.0,64800.0,74.0
CN[C@@H]1C[C@H]2O[C@@](C)([C@@H]1OC)n1c3ccccc3c3c4c(c5c6ccccc6n2c5c31)C(=O)NC4,O=C1CCC(n2cccn2)C1,CC(=O)O,CC(C)[O-].CC(C)[O-].CC(C)[O-].CC(C)[O-].[Ti+4],CC(=O)O[BH-](OC(C)=O)OC(C)=O.[Na+],,CC(=O)N(C)C,CC(=O)N(C)C,CC(=O)N(C)C,CC(=O)N(C)C,CC(=O)N(C)C,CC(=O)N(C)C,CC(=O)N(C)C,22.0,64800.0,4.0
CN[C@@H]1C[C@H]2O[C@@](C)([C@@H]1OC)n1c3ccccc3c3c4c(c5c6ccccc6n2c5c31)C(=O)NC4,Cc1noc(C)c1C=O,CC(=O)O,CC(C)[O-].CC(C)[O-].CC(C)[O-].CC(C)[O-].[Ti+4],CC(=O)O[BH-](OC(C)=O)OC(C)=O.[Na+],,CN1CCCC1=O,CN1CCCC1=O,CN1CCCC1=O,CN1CCCC1=O,CN1CCCC1=O,CN1CCCC1=O,CN1CCCC1=O,22.0,64800.0,56.0
CN[C@@H]1C[C@H]2O[C@@](C)([C@@H]1OC)n1c3ccccc3c3c4c(c5c6ccccc6n2c5c31)C(=O)NC4,Cc1nc(C=O)n(C)c1C,CC(=O)O,CC(C)[O-].CC(C)[O-].CC(C)[O-].CC(C)[O-].[Ti+4],CC(=O)O[BH-](OC(C)=O)OC(C)=O.[Na+],,CN1CCCC1=O,CN1CCCC1=O,CN1CCCC1=O,CN1CCCC1=O,CN1CCCC1=O,CN1CCCC1=O,CN1CCCC1=O,22.0,64800.0,72.0
CN[C@@H]1C[C@H]2O[C@@](C)([C@@H]1OC)n1c3ccccc3c3c4c(c5c6ccccc6n2c5c31)C(=O)NC4,CC(=O)/C=C/c1ccccc1,CC(=O)O,CC(C)[O-].CC(C)[O-].CC(C)[O-].CC(C)[O-].[Ti+4],CC(=O)O[BH-](OC(C)=O)OC(C)=O.[Na+],,CN1CCCC1=O,CN1CCCC1=O,CN1CCCC1=O,CN1CCCC1=O,CN1CCCC1=O,CN1CCCC1=O,CN1CCCC1=O,22.0,64800.0,2.0
CN[C@@H]1C[C@H]2O[C@@](C)([C@@H]1OC)n1c3ccccc3c3c4c(c5c6ccccc6n2c5c31)C(=O)NC4,CC(=O)c1cc(C(F)(F)F)cc(C(F)(F)F)c1,CC(=O)O,CC(C)[O-].CC(C)[O-].CC(C)[O-].CC(C)[O-].[Ti+4],CC(=O)O[BH-](OC(C)=O)OC(C)=O.[Na+],,CN1CCCC1=O,CN1CCCC1=O,CN1CCCC1=O,CN1CCCC1=O,CN1CCCC1=O,CN1CCCC1=O,CN1CCCC1=O,22.0,64800.0,0.0
CN[C@@H]1C[C@H]2O[C@@](C)([C@@H]1OC)n1c3ccccc3c3c4c(c5c6ccccc6n2c5c31)C(=O)NC4,O=Cc1nc2ccccc2s1,CC(=O)O,CC(C)[O-].CC(C)[O-].CC(C)[O-].CC(C)[O-].[Ti+4],CC(=O)O[BH-](OC(C)=O)OC(C)=O.[Na+],,CC(=O)N(C)C,CC(=O)N(C)C,CC(=O)N(C)C,CC(=O)N(C)C,CC(=O)N(C)C,CC(=O)N(C)C,CC(=O)N(C)C,22.0,64800.0,97.0
CN[C@@H]1C[C@H]2O[C@@](C)([C@@H]1OC)n1c3ccccc3c3c4c(c5c6ccccc6n2c5c31)C(=O)NC4,O=C1CCN(c2ccc(F)c(F)c2)CC1,CC(=O)O,CC(C)[O-].CC(C)[O-].CC(C)[O-].CC(C)[O-].[Ti+4],CC(=O)O[BH-](OC(C)=O)OC(C)=O.[Na+],,CN1CCCC1=O,CN1CCCC1=O,CN1CCCC1=O,CN1CCCC1=O,CN1CCCC1=O,CN1CCCC1=O,CN1CCCC1=O,22.0,64800.0,2.0
CN[C@@H]1C[C@H]2O[C@@](C)([C@@H]1OC)n1c3ccccc3c3c4c(c5c6ccccc6n2c5c31)C(=O)NC4,CC(=O)/C=C/c1ccccc1,CC(=O)O,CC(C)[O-].CC(C)[O-].CC(C)[O-].CC(C)[O-].[Ti+4],CC(=O)O[BH-](OC(C)=O)OC(C)=O.[Na+],,CC(=O)N(C)C,CC(=O)N(C)C,CC(=O)N(C)C,CC(=O)N(C)C,CC(=O)N(C)C,CC(=O)N(C)C,CC(=O)N(C)C,22.0,64800.0,0.0
CN[C@@H]1C[C@H]2O[C@@](C)([C@@H]1OC)n1c3ccccc3c3c4c(c5c6ccccc6n2c5c31)C(=O)NC4,O=Cc1nc2ccccc2s1,CC(=O)O,CC(C)[O-].CC(C)[O-].CC(C)[O-].CC(C)[O-].[Ti+4],CC(=O)O[BH-](OC(C)=O)OC(C)=O.[Na+],,CN1CCCC1=O,CN1CCCC1=O,CN1CCCC1=O,CN1CCCC1=O,CN1CCCC1=O,CN1CCCC1=O,CN1CCCC1=O,22.0,64800.0,80.0
CN[C@@H]1C[C@H]2O[C@@](C)([C@@H]1OC)n1c3ccccc3c3c4c(c5c6ccccc6n2c5c31)C(=O)NC4,O=CCCc1ccccc1,CC(=O)O,CC(C)[O-].CC(C)[O-].CC(C)[O-].CC(C)[O-].[Ti+4],CC(=O)O[BH-](OC(C)=O)OC(C)=O.[Na+],,CN1CCCC1=O,CN1CCCC1=O,CN1CCCC1=O,CN1CCCC1=O,CN1CCCC1=O,CN1CCCC1=O,CN1CCCC1=O,22.0,64800.0,30.0
CN[C@@H]1C[C@H]2O[C@@](C)([C@@H]1OC)n1c3ccccc3c3c4c(c5c6ccccc6n2c5c31)C(=O)NC4,N#Cc1ccc(C=O)cc1Br,CC(=O)O,CC(C)[O-].CC(C)[O-].CC(C)[O-].CC(C)[O-].[Ti+4],CC(=O)O[BH-](OC(C)=O)OC(C)=O.[Na+],,CN1CCCC1=O,CN1CCCC1=O,CN1CCCC1=O,CN1CCCC1=O,CN1CCCC1=O,CN1CCCC1=O,CN1CCCC1=O,22.0,64800.0,77.0
CN[C@@H]1C[C@H]2O[C@@](C)([C@@H]1OC)n1c3ccccc3c3c4c(c5c6ccccc6n2c5c31)C(=O)NC4,Cc1ccc(C=O)cc1C,CC(=O)O,CC(C)[O-].CC(C)[O-].CC(C)[O-].CC(C)[O-].[Ti+4],CC(=O)O[BH-](OC(C)=O)OC(C)=O.[Na+],,CC(=O)N(C)C,CC(=O)N(C)C,CC(=O)N(C)C,CC(=O)N(C)C,CC(=O)N(C)C,CC(=O)N(C)C,CC(=O)N(C)C,22.0,64800.0,96.0
CN[C@@H]1C[C@H]2O[C@@](C)([C@@H]1OC)n1c3ccccc3c3c4c(c5c6ccccc6n2c5c31)C(=O)NC4,CC(=O)c1cc(C)cc(C)c1,CC(=O)O,CC(C)[O-].CC(C)[O-].CC(C)[O-].CC(C)[O-].[Ti+4],CC(=O)O[BH-](OC(C)=O)OC(C)=O.[Na+],,CN1CCCC1=O,CN1CCCC1=O,CN1CCCC1=O,CN1CCCC1=O,CN1CCCC1=O,CN1CCCC1=O,CN1CCCC1=O,22.0,64800.0,0.0
CN[C@@H]1C[C@H]2O[C@@](C)([C@@H]1OC)n1c3ccccc3c3c4c(c5c6ccccc6n2c5c31)C(=O)NC4,Cc1csc(C=O)n1,CC(=O)O,CC(C)[O-].CC(C)[O-].CC(C)[O-].CC(C)[O-].[Ti+4],CC(=O)O[BH-](OC(C)=O)OC(C)=O.[Na+],,CN1CCCC1=O,CN1CCCC1=O,CN1CCCC1=O,CN1CCCC1=O,CN1CCCC1=O,CN1CCCC1=O,CN1CCCC1=O,22.0,64800.0,100.0
CN[C@@H]1C[C@H]2O[C@@](C)([C@@H]1OC)n1c3ccccc3c3c4c(c5c6ccccc6n2c5c31)C(=O)NC4,CC(=O)/C=C/c1ccccc1,CC(=O)O,CC(C)[O-].CC(C)[O-].CC(C)[O-].CC(C)[O-].[Ti+4],CC(=O)O[BH-](OC(C)=O)OC(C)=O.[Na+],,CC(=O)N(C)C,CC(=O)N(C)C,CC(=O)N(C)C,CC(=O)N(C)C,CC(=O)N(C)C,CC(=O)N(C)C,CC(=O)N(C)C,22.0,64800.0,3.0
CN[C@@H]1C[C@H]2O[C@@](C)([C@@H]1OC)n1c3ccccc3c3c4c(c5c6ccccc6n2c5c31)C(=O)NC4,O=CC=Cc1ccccc1,CC(=O)O,CC(C)[O-].CC(C)[O-].CC(C)[O-].CC(C)[O-].[Ti+4],CC(=O)O[BH-](OC(C)=O)OC(C)=O.[Na+],,CN1CCCC1=O,CN1CCCC1=O,CN1CCCC1=O,CN1CCCC1=O,CN1CCCC1=O,CN1CCCC1=O,CN1CCCC1=O,22.0,64800.0,33.0
CN[C@@H]1C[C@H]2O[C@@](C)([C@@H]1OC)n1c3ccccc3c3c4c(c5c6ccccc6n2c5c31)C(=O)NC4,CC(C)=CCCC(C)CC=O,CC(=O)O,CC(C)[O-].CC(C)[O-].CC(C)[O-].CC(C)[O-].[Ti+4],CC(=O)O[BH-](OC(C)=O)OC(C)=O.[Na+],,CC(=O)N(C)C,CC(=O)N(C)C,CC(=O)N(C)C,CC(=O)N(C)C,CC(=O)N(C)C,CC(=O)N(C)C,CC(=O)N(C)C,22.0,64800.0,30.0
CN[C@@H]1C[C@H]2O[C@@](C)([C@@H]1OC)n1c3ccccc3c3c4c(c5c6ccccc6n2c5c31)C(=O)NC4,O=C1CCC(n2cccn2)C1,CC(=O)O,CC(C)[O-].CC(C)[O-].CC(C)[O-].CC(C)[O-].[Ti+4],CC(=O)O[BH-](OC(C)=O)OC(C)=O.[Na+],,CN1CCCC1=O,CN1CCCC1=O,CN1CCCC1=O,CN1CCCC1=O,CN1CCCC1=O,CN1CCCC1=O,CN1CCCC1=O,22.0,64800.0,2.0
CN[C@@H]1C[C@H]2O[C@@](C)([C@@H]1OC)n1c3ccccc3c3c4c(c5c6ccccc6n2c5c31)C(=O)NC4,Cn1nc(C=O)nc1-c1ccccn1,CC(=O)O,CC(C)[O-].CC(C)[O-].CC(C)[O-].CC(C)[O-].[Ti+4],CC(=O)O[BH-](OC(C)=O)OC(C)=O.[Na+],,CN1CCCC1=O,CN1CCCC1=O,CN1CCCC1=O,CN1CCCC1=O,CN1CCCC1=O,CN1CCCC1=O,CN1CCCC1=O,22.0,64800.0,100.0
CN[C@@H]1C[C@H]2O[C@@](C)([C@@H]1OC)n1c3ccccc3c3c4c(c5c6ccccc6n2c5c31)C(=O)NC4,O=C1CCC(n2cccn2)C1,CC(=O)O,CC(C)[O-].CC(C)[O-].CC(C)[O-].CC(C)[O-].[Ti+4],CC(=O)O[BH-](OC(C)=O)OC(C)=O.[Na+],,CN1CCCC1=O,CN1CCCC1=O,CN1CCCC1=O,CN1CCCC1=O,CN1CCCC1=O,CN1CCCC1=O,CN1CCCC1=O,22.0,64800.0,0.0
CN[C@@H]1C[C@H]2O[C@@](C)([C@@H]1OC)n1c3ccccc3c3c4c(c5c6ccccc6n2c5c31)C(=O)NC4,O=C1CCN(c2ccc(F)c(F)c2)CC1,CC(=O)O,CC(C)[O-].CC(C)[O-].CC(C)[O-].CC(C)[O-].[Ti+4],CC(=O)O[BH-](OC(C)=O)OC(C)=O.[Na+],,CN1CCCC1=O,CN1CCCC1=O,CN1CCCC1=O,CN1CCCC1=O,CN1CCCC1=O,CN1CCCC1=O,CN1CCCC1=O,22.0,64800.0,2.0
CN[C@@H]1C[C@H]2O[C@@](C)([C@@H]1OC)n1c3ccccc3c3c4c(c5c6ccccc6n2c5c31)C(=O)NC4,O=CC=Cc1ccccc1,CC(=O)O,CC(C)[O-].CC(C)[O-].CC(C)[O-].CC(C)[O-].[Ti+4],CC(=O)O[BH-](OC(C)=O)OC(C)=O.[Na+],,CN1CCCC1=O,CN1CCCC1=O,CN1CCCC1=O,CN1CCCC1=O,CN1CCCC1=O,CN1CCCC1=O,CN1CCCC1=O,22.0,64800.0,35.0
CN[C@@H]1C[C@H]2O[C@@](C)([C@@H]1OC)n1c3ccccc3c3c4c(c5c6ccccc6n2c5c31)C(=O)NC4,O=C/C=C/c1ccccc1,CC(=O)O,CC(C)[O-].CC(C)[O-].CC(C)[O-].CC(C)[O-].[Ti+4],CC(=O)O[BH-](OC(C)=O)OC(C)=O.[Na+],,CN1CCCC1=O,CN1CCCC1=O,CN1CCCC1=O,CN1CCCC1=O,CN1CCCC1=O,CN1CCCC1=O,CN1CCCC1=O,22.0,64800.0,36.0
CN[C@@H]1C[C@H]2O[C@@](C)([C@@H]1OC)n1c3ccccc3c3c4c(c5c6ccccc6n2c5c31)C(=O)NC4,O=CC=Cc1ccccc1,CC(=O)O,CC(C)[O-].CC(C)[O-].CC(C)[O-].CC(C)[O-].[Ti+4],CC(=O)O[BH-](OC(C)=O)OC(C)=O.[Na+],,CN1CCCC1=O,CN1CCCC1=O,CN1CCCC1=O,CN1CCCC1=O,CN1CCCC1=O,CN1CCCC1=O,CN1CCCC1=O,22.0,64800.0,22.0
CN[C@@H]1C[C@H]2O[C@@](C)([C@@H]1OC)n1c3ccccc3c3c4c(c5c6ccccc6n2c5c31)C(=O)NC4,O=Cc1nc2ccccc2s1,CC(=O)O,CC(C)[O-].CC(C)[O-].CC(C)[O-].CC(C)[O-].[Ti+4],CC(=O)O[BH-](OC(C)=O)OC(C)=O.[Na+],,CN1CCCC1=O,CN1CCCC1=O,CN1CCCC1=O,CN1CCCC1=O,CN1CCCC1=O,CN1CCCC1=O,CN1CCCC1=O,22.0,64800.0,70.0
CN[C@@H]1C[C@H]2O[C@@](C)([C@@H]1OC)n1c3ccccc3c3c4c(c5c6ccccc6n2c5c31)C(=O)NC4,O=C1CCCC1,CC(=O)O,CC(C)[O-].CC(C)[O-].CC(C)[O-].CC(C)[O-].[Ti+4],CC(=O)O[BH-](OC(C)=O)OC(C)=O.[Na+],,CC(=O)N(C)C,CC(=O)N(C)C,CC(=O)N(C)C,CC(=O)N(C)C,CC(=O)N(C)C,CC(=O)N(C)C,CC(=O)N(C)C,22.0,64800.0,9.0
CN[C@@H]1C[C@H]2O[C@@](C)([C@@H]1OC)n1c3ccccc3c3c4c(c5c6ccccc6n2c5c31)C(=O)NC4,O=CCCCCO,CC(=O)O,CC(C)[O-].CC(C)[O-].CC(C)[O-].CC(C)[O-].[Ti+4],CC(=O)O[BH-](OC(C)=O)OC(C)=O.[Na+],,CN1CCCC1=O,CN1CCCC1=O,CN1CCCC1=O,CN1CCCC1=O,CN1CCCC1=O,CN1CCCC1=O,CN1CCCC1=O,22.0,64800.0,69.0
CN[C@@H]1C[C@H]2O[C@@](C)([C@@H]1OC)n1c3ccccc3c3c4c(c5c6ccccc6n2c5c31)C(=O)NC4,CC(=O)c1cc(C)cc(C)c1,CC(=O)O,CC(C)[O-].CC(C)[O-].CC(C)[O-].CC(C)[O-].[Ti+4],CC(=O)O[BH-](OC(C)=O)OC(C)=O.[Na+],,CN1CCCC1=O,CN1CCCC1=O,CN1CCCC1=O,CN1CCCC1=O,CN1CCCC1=O,CN1CCCC1=O,CN1CCCC1=O,22.0,64800.0,0.0
CN[C@@H]1C[C@H]2O[C@@](C)([C@@H]1OC)n1c3ccccc3c3c4c(c5c6ccccc6n2c5c31)C(=O)NC4,O=CCCC(F)(F)F,CC(=O)O,CC(C)[O-].CC(C)[O-].CC(C)[O-].CC(C)[O-].[Ti+4],CC(=O)O[BH-](OC(C)=O)OC(C)=O.[Na+],,CN1CCCC1=O,CN1CCCC1=O,CN1CCCC1=O,CN1CCCC1=O,CN1CCCC1=O,CN1CCCC1=O,CN1CCCC1=O,22.0,64800.0,72.0
CN[C@@H]1C[C@H]2O[C@@](C)([C@@H]1OC)n1c3ccccc3c3c4c(c5c6ccccc6n2c5c31)C(=O)NC4,N#Cc1ccc(C=O)cc1Br,CC(=O)O,CC(C)[O-].CC(C)[O-].CC(C)[O-].CC(C)[O-].[Ti+4],CC(=O)O[BH-](OC(C)=O)OC(C)=O.[Na+],,CC(=O)N(C)C,CC(=O)N(C)C,CC(=O)N(C)C,CC(=O)N(C)C,CC(=O)N(C)C,CC(=O)N(C)C,CC(=O)N(C)C,22.0,64800.0,67.0
CN[C@@H]1C[C@H]2O[C@@](C)([C@@H]1OC)n1c3ccccc3c3c4c(c5c6ccccc6n2c5c31)C(=O)NC4,O=C1CCCC1,CC(=O)O,CC(C)[O-].CC(C)[O-].CC(C)[O-].CC(C)[O-].[Ti+4],CC(=O)O[BH-](OC(C)=O)OC(C)=O.[Na+],,CC(=O)N(C)C,CC(=O)N(C)C,CC(=O)N(C)C,CC(=O)N(C)C,CC(=O)N(C)C,CC(=O)N(C)C,CC(=O)N(C)C,22.0,64800.0,2.0
CN[C@@H]1C[C@H]2O[C@@](C)([C@@H]1OC)n1c3ccccc3c3c4c(c5c6ccccc6n2c5c31)C(=O)NC4,Cc1ccc(C=O)cc1C,CC(=O)O,CC(C)[O-].CC(C)[O-].CC(C)[O-].CC(C)[O-].[Ti+4],CC(=O)O[BH-](OC(C)=O)OC(C)=O.[Na+],,CN1CCCC1=O,CN1CCCC1=O,CN1CCCC1=O,CN1CCCC1=O,CN1CCCC1=O,CN1CCCC1=O,CN1CCCC1=O,22.0,64800.0,82.0
CN[C@@H]1C[C@H]2O[C@@](C)([C@@H]1OC)n1c3ccccc3c3c4c(c5c6ccccc6n2c5c31)C(=O)NC4,O=CC=Cc1ccccc1,CC(=O)O,CC(C)[O-].CC(C)[O-].CC(C)[O-].CC(C)[O-].[Ti+4],CC(=O)O[BH-](OC(C)=O)OC(C)=O.[Na+],,CN1CCCC1=O,CN1CCCC1=O,CN1CCCC1=O,CN1CCCC1=O,CN1CCCC1=O,CN1CCCC1=O,CN1CCCC1=O,22.0,64800.0,24.0
CN[C@@H]1C[C@H]2O[C@@](C)([C@@H]1OC)n1c3ccccc3c3c4c(c5c6ccccc6n2c5c31)C(=O)NC4,N#Cc1ccc(C=O)cc1Br,CC(=O)O,CC(C)[O-].CC(C)[O-].CC(C)[O-].CC(C)[O-].[Ti+4],CC(=O)O[BH-](OC(C)=O)OC(C)=O.[Na+],,CC(=O)N(C)C,CC(=O)N(C)C,CC(=O)N(C)C,CC(=O)N(C)C,CC(=O)N(C)C,CC(=O)N(C)C,CC(=O)N(C)C,22.0,64800.0,26.0
CN[C@@H]1C[C@H]2O[C@@](C)([C@@H]1OC)n1c3ccccc3c3c4c(c5c6ccccc6n2c5c31)C(=O)NC4,CN(CC(=O)O)c1ncc(C=O)cn1,CC(=O)O,CC(C)[O-].CC(C)[O-].CC(C)[O-].CC(C)[O-].[Ti+4],CC(=O)O[BH-](OC(C)=O)OC(C)=O.[Na+],,CN1CCCC1=O,CN1CCCC1=O,CN1CCCC1=O,CN1CCCC1=O,CN1CCCC1=O,CN1CCCC1=O,CN1CCCC1=O,22.0,64800.0,98.0
CN[C@@H]1C[C@H]2O[C@@](C)([C@@H]1OC)n1c3ccccc3c3c4c(c5c6ccccc6n2c5c31)C(=O)NC4,CC(C)n1c(C=O)nc2ccccc21,CC(=O)O,CC(C)[O-].CC(C)[O-].CC(C)[O-].CC(C)[O-].[Ti+4],CC(=O)O[BH-](OC(C)=O)OC(C)=O.[Na+],,CN1CCCC1=O,CN1CCCC1=O,CN1CCCC1=O,CN1CCCC1=O,CN1CCCC1=O,CN1CCCC1=O,CN1CCCC1=O,22.0,64800.0,100.0
CN[C@@H]1C[C@H]2O[C@@](C)([C@@H]1OC)n1c3ccccc3c3c4c(c5c6ccccc6n2c5c31)C(=O)NC4,O=C1CCN(c2ccc(F)c(F)c2)CC1,CC(=O)O,CC(C)[O-].CC(C)[O-].CC(C)[O-].CC(C)[O-].[Ti+4],CC(=O)O[BH-](OC(C)=O)OC(C)=O.[Na+],,CC(=O)N(C)C,CC(=O)N(C)C,CC(=O)N(C)C,CC(=O)N(C)C,CC(=O)N(C)C,CC(=O)N(C)C,CC(=O)N(C)C,22.0,64800.0,1.0
CN[C@@H]1C[C@H]2O[C@@](C)([C@@H]1OC)n1c3ccccc3c3c4c(c5c6ccccc6n2c5c31)C(=O)NC4,O=C1CCN(c2ccc(F)c(F)c2)CC1,CC(=O)O,CC(C)[O-].CC(C)[O-].CC(C)[O-].CC(C)[O-].[Ti+4],CC(=O)O[BH-](OC(C)=O)OC(C)=O.[Na+],,CN1CCCC1=O,CN1CCCC1=O,CN1CCCC1=O,CN1CCCC1=O,CN1CCCC1=O,CN1CCCC1=O,CN1CCCC1=O,22.0,64800.0,4.0
CN[C@@H]1C[C@H]2O[C@@](C)([C@@H]1OC)n1c3ccccc3c3c4c(c5c6ccccc6n2c5c31)C(=O)NC4,Cn1nc(C=O)nc1-c1ccccn1,CC(=O)O,CC(C)[O-].CC(C)[O-].CC(C)[O-].CC(C)[O-].[Ti+4],CC(=O)O[BH-](OC(C)=O)OC(C)=O.[Na+],,CN1CCCC1=O,CN1CCCC1=O,CN1CCCC1=O,CN1CCCC1=O,CN1CCCC1=O,CN1CCCC1=O,CN1CCCC1=O,22.0,64800.0,100.0
CN[C@@H]1C[C@H]2O[C@@](C)([C@@H]1OC)n1c3ccccc3c3c4c(c5c6ccccc6n2c5c31)C(=O)NC4,CC(=O)Nc1ccc(C=O)cc1,CC(=O)O,CC(C)[O-].CC(C)[O-].CC(C)[O-].CC(C)[O-].[Ti+4],CC(=O)O[BH-](OC(C)=O)OC(C)=O.[Na+],,CN1CCCC1=O,CN1CCCC1=O,CN1CCCC1=O,CN1CCCC1=O,CN1CCCC1=O,CN1CCCC1=O,CN1CCCC1=O,22.0,64800.0,65.0
CN[C@@H]1C[C@H]2O[C@@](C)([C@@H]1OC)n1c3ccccc3c3c4c(c5c6ccccc6n2c5c31)C(=O)NC4,O=C1CCN(C(=O)OCc2ccccc2)CC1,CC(=O)O,CC(C)[O-].CC(C)[O-].CC(C)[O-].CC(C)[O-].[Ti+4],CC(=O)O[BH-](OC(C)=O)OC(C)=O.[Na+],,CC(=O)N(C)C,CC(=O)N(C)C,CC(=O)N(C)C,CC(=O)N(C)C,CC(=O)N(C)C,CC(=O)N(C)C,CC(=O)N(C)C,22.0,64800.0,19.0
CN[C@@H]1C[C@H]2O[C@@](C)([C@@H]1OC)n1c3ccccc3c3c4c(c5c6ccccc6n2c5c31)C(=O)NC4,O=C1CCCC1,CC(=O)O,CC(C)[O-].CC(C)[O-].CC(C)[O-].CC(C)[O-].[Ti+4],CC(=O)O[BH-](OC(C)=O)OC(C)=O.[Na+],,CC(=O)N(C)C,CC(=O)N(C)C,CC(=O)N(C)C,CC(=O)N(C)C,CC(=O)N(C)C,CC(=O)N(C)C,CC(=O)N(C)C,22.0,64800.0,4.0
CN[C@@H]1C[C@H]2O[C@@](C)([C@@H]1OC)n1c3ccccc3c3c4c(c5c6ccccc6n2c5c31)C(=O)NC4,Cc1csc(C=O)n1,CC(=O)O,CC(C)[O-].CC(C)[O-].CC(C)[O-].CC(C)[O-].[Ti+4],CC(=O)O[BH-](OC(C)=O)OC(C)=O.[Na+],,CN1CCCC1=O,CN1CCCC1=O,CN1CCCC1=O,CN1CCCC1=O,CN1CCCC1=O,CN1CCCC1=O,CN1CCCC1=O,22.0,64800.0,100.0
CN[C@@H]1C[C@H]2O[C@@](C)([C@@H]1OC)n1c3ccccc3c3c4c(c5c6ccccc6n2c5c31)C(=O)NC4,O=C/C=C/c1ccccc1,CC(=O)O,CC(C)[O-].CC(C)[O-].CC(C)[O-].CC(C)[O-].[Ti+4],CC(=O)O[BH-](OC(C)=O)OC(C)=O.[Na+],,CN1CCCC1=O,CN1CCCC1=O,CN1CCCC1=O,CN1CCCC1=O,CN1CCCC1=O,CN1CCCC1=O,CN1CCCC1=O,22.0,64800.0,28.0
CN[C@@H]1C[C@H]2O[C@@](C)([C@@H]1OC)n1c3ccccc3c3c4c(c5c6ccccc6n2c5c31)C(=O)NC4,O=C1CCCC1,CC(=O)O,CC(C)[O-].CC(C)[O-].CC(C)[O-].CC(C)[O-].[Ti+4],CC(=O)O[BH-](OC(C)=O)OC(C)=O.[Na+],,CC(=O)N(C)C,CC(=O)N(C)C,CC(=O)N(C)C,CC(=O)N(C)C,CC(=O)N(C)C,CC(=O)N(C)C,CC(=O)N(C)C,22.0,64800.0,0.0
CN[C@@H]1C[C@H]2O[C@@](C)([C@@H]1OC)n1c3ccccc3c3c4c(c5c6ccccc6n2c5c31)C(=O)NC4,CC(=O)c1cc(C)cc(C)c1,CC(=O)O,CC(C)[O-].CC(C)[O-].CC(C)[O-].CC(C)[O-].[Ti+4],CC(=O)O[BH-](OC(C)=O)OC(C)=O.[Na+],,CN1CCCC1=O,CN1CCCC1=O,CN1CCCC1=O,CN1CCCC1=O,CN1CCCC1=O,CN1CCCC1=O,CN1CCCC1=O,22.0,64800.0,0.0
CN[C@@H]1C[C@H]2O[C@@](C)([C@@H]1OC)n1c3ccccc3c3c4c(c5c6ccccc6n2c5c31)C(=O)NC4,N#Cc1ccc(C=O)cc1Br,CC(=O)O,CC(C)[O-].CC(C)[O-].CC(C)[O-].CC(C)[O-].[Ti+4],CC(=O)O[BH-](OC(C)=O)OC(C)=O.[Na+],,CN1CCCC1=O,CN1CCCC1=O,CN1CCCC1=O,CN1CCCC1=O,CN1CCCC1=O,CN1CCCC1=O,CN1CCCC1=O,22.0,64800.0,100.0
CN[C@@H]1C[C@H]2O[C@@](C)([C@@H]1OC)n1c3ccccc3c3c4c(c5c6ccccc6n2c5c31)C(=O)NC4,O=C1CCN(c2ccc(F)c(F)c2)CC1,CC(=O)O,CC(C)[O-].CC(C)[O-].CC(C)[O-].CC(C)[O-].[Ti+4],CC(=O)O[BH-](OC(C)=O)OC(C)=O.[Na+],,CC(=O)N(C)C,CC(=O)N(C)C,CC(=O)N(C)C,CC(=O)N(C)C,CC(=O)N(C)C,CC(=O)N(C)C,CC(=O)N(C)C,22.0,64800.0,4.0
CN[C@@H]1C[C@H]2O[C@@](C)([C@@H]1OC)n1c3ccccc3c3c4c(c5c6ccccc6n2c5c31)C(=O)NC4,O=Cc1cccc(-n2ccnn2)c1,CC(=O)O,CC(C)[O-].CC(C)[O-].CC(C)[O-].CC(C)[O-].[Ti+4],CC(=O)O[BH-](OC(C)=O)OC(C)=O.[Na+],,CN1CCCC1=O,CN1CCCC1=O,CN1CCCC1=O,CN1CCCC1=O,CN1CCCC1=O,CN1CCCC1=O,CN1CCCC1=O,22.0,64800.0,98.0
CN[C@@H]1C[C@H]2O[C@@](C)([C@@H]1OC)n1c3ccccc3c3c4c(c5c6ccccc6n2c5c31)C(=O)NC4,O=Cc1c[nH]nc1-c1cccnc1,CC(=O)O,CC(C)[O-].CC(C)[O-].CC(C)[O-].CC(C)[O-].[Ti+4],CC(=O)O[BH-](OC(C)=O)OC(C)=O.[Na+],,CN1CCCC1=O,CN1CCCC1=O,CN1CCCC1=O,CN1CCCC1=O,CN1CCCC1=O,CN1CCCC1=O,CN1CCCC1=O,22.0,64800.0,50.0
CN[C@@H]1C[C@H]2O[C@@](C)([C@@H]1OC)n1c3ccccc3c3c4c(c5c6ccccc6n2c5c31)C(=O)NC4,N#Cc1ccc(C=O)cc1Br,CC(=O)O,CC(C)[O-].CC(C)[O-].CC(C)[O-].CC(C)[O-].[Ti+4],CC(=O)O[BH-](OC(C)=O)OC(C)=O.[Na+],,CN1CCCC1=O,CN1CCCC1=O,CN1CCCC1=O,CN1CCCC1=O,CN1CCCC1=O,CN1CCCC1=O,CN1CCCC1=O,22.0,64800.0,13.0
CN[C@@H]1C[C@H]2O[C@@](C)([C@@H]1OC)n1c3ccccc3c3c4c(c5c6ccccc6n2c5c31)C(=O)NC4,O=C1CCN(C(=O)OCc2ccccc2)CC1,CC(=O)O,CC(C)[O-].CC(C)[O-].CC(C)[O-].CC(C)[O-].[Ti+4],CC(=O)O[BH-](OC(C)=O)OC(C)=O.[Na+],,CN1CCCC1=O,CN1CCCC1=O,CN1CCCC1=O,CN1CCCC1=O,CN1CCCC1=O,CN1CCCC1=O,CN1CCCC1=O,22.0,64800.0,2.0
CN[C@@H]1C[C@H]2O[C@@](C)([C@@H]1OC)n1c3ccccc3c3c4c(c5c6ccccc6n2c5c31)C(=O)NC4,CN(CC(=O)O)c1ncc(C=O)cn1,CC(=O)O,CC(C)[O-].CC(C)[O-].CC(C)[O-].CC(C)[O-].[Ti+4],CC(=O)O[BH-](OC(C)=O)OC(C)=O.[Na+],,CN1CCCC1=O,CN1CCCC1=O,CN1CCCC1=O,CN1CCCC1=O,CN1CCCC1=O,CN1CCCC1=O,CN1CCCC1=O,22.0,64800.0,96.0
CN[C@@H]1C[C@H]2O[C@@](C)([C@@H]1OC)n1c3ccccc3c3c4c(c5c6ccccc6n2c5c31)C(=O)NC4,CC(=O)c1cc(C(F)(F)F)cc(C(F)(F)F)c1,CC(=O)O,CC(C)[O-].CC(C)[O-].CC(C)[O-].CC(C)[O-].[Ti+4],CC(=O)O[BH-](OC(C)=O)OC(C)=O.[Na+],,CC(=O)N(C)C,CC(=O)N(C)C,CC(=O)N(C)C,CC(=O)N(C)C,CC(=O)N(C)C,CC(=O)N(C)C,CC(=O)N(C)C,22.0,64800.0,0.0
CN[C@@H]1C[C@H]2O[C@@](C)([C@@H]1OC)n1c3ccccc3c3c4c(c5c6ccccc6n2c5c31)C(=O)NC4,CC(=O)c1cc(C(F)(F)F)cc(C(F)(F)F)c1,CC(=O)O,CC(C)[O-].CC(C)[O-].CC(C)[O-].CC(C)[O-].[Ti+4],CC(=O)O[BH-](OC(C)=O)OC(C)=O.[Na+],,CC(=O)N(C)C,CC(=O)N(C)C,CC(=O)N(C)C,CC(=O)N(C)C,CC(=O)N(C)C,CC(=O)N(C)C,CC(=O)N(C)C,22.0,64800.0,0.0
CN[C@@H]1C[C@H]2O[C@@](C)([C@@H]1OC)n1c3ccccc3c3c4c(c5c6ccccc6n2c5c31)C(=O)NC4,Cc1ccc(C=O)cc1C,CC(=O)O,CC(C)[O-].CC(C)[O-].CC(C)[O-].CC(C)[O-].[Ti+4],CC(=O)O[BH-](OC(C)=O)OC(C)=O.[Na+],,CN1CCCC1=O,CN1CCCC1=O,CN1CCCC1=O,CN1CCCC1=O,CN1CCCC1=O,CN1CCCC1=O,CN1CCCC1=O,22.0,64800.0,74.0
CN[C@@H]1C[C@H]2O[C@@](C)([C@@H]1OC)n1c3ccccc3c3c4c(c5c6ccccc6n2c5c31)C(=O)NC4,O=Cc1ccccc1Cn1cccn1,CC(=O)O,CC(C)[O-].CC(C)[O-].CC(C)[O-].CC(C)[O-].[Ti+4],CC(=O)O[BH-](OC(C)=O)OC(C)=O.[Na+],,CN1CCCC1=O,CN1CCCC1=O,CN1CCCC1=O,CN1CCCC1=O,CN1CCCC1=O,CN1CCCC1=O,CN1CCCC1=O,22.0,64800.0,98.0
CN[C@@H]1C[C@H]2O[C@@](C)([C@@H]1OC)n1c3ccccc3c3c4c(c5c6ccccc6n2c5c31)C(=O)NC4,CC(C)=CCCC(C)CC=O,CC(=O)O,CC(C)[O-].CC(C)[O-].CC(C)[O-].CC(C)[O-].[Ti+4],CC(=O)O[BH-](OC(C)=O)OC(C)=O.[Na+],,CN1CCCC1=O,CN1CCCC1=O,CN1CCCC1=O,CN1CCCC1=O,CN1CCCC1=O,CN1CCCC1=O,CN1CCCC1=O,22.0,64800.0,40.0
CN[C@@H]1C[C@H]2O[C@@](C)([C@@H]1OC)n1c3ccccc3c3c4c(c5c6ccccc6n2c5c31)C(=O)NC4,CC(=O)c1cc(C(F)(F)F)cc(C(F)(F)F)c1,CC(=O)O,CC(C)[O-].CC(C)[O-].CC(C)[O-].CC(C)[O-].[Ti+4],CC(=O)O[BH-](OC(C)=O)OC(C)=O.[Na+],,CN1CCCC1=O,CN1CCCC1=O,CN1CCCC1=O,CN1CCCC1=O,CN1CCCC1=O,CN1CCCC1=O,CN1CCCC1=O,22.0,64800.0,1.0
CN[C@@H]1C[C@H]2O[C@@](C)([C@@H]1OC)n1c3ccccc3c3c4c(c5c6ccccc6n2c5c31)C(=O)NC4,CC(=O)c1cc(C(F)(F)F)cc(C(F)(F)F)c1,CC(=O)O,CC(C)[O-].CC(C)[O-].CC(C)[O-].CC(C)[O-].[Ti+4],CC(=O)O[BH-](OC(C)=O)OC(C)=O.[Na+],,CN1CCCC1=O,CN1CCCC1=O,CN1CCCC1=O,CN1CCCC1=O,CN1CCCC1=O,CN1CCCC1=O,CN1CCCC1=O,22.0,64800.0,0.0
CN[C@@H]1C[C@H]2O[C@@](C)([C@@H]1OC)n1c3ccccc3c3c4c(c5c6ccccc6n2c5c31)C(=O)NC4,CC(=O)c1cc(C(F)(F)F)cc(C(F)(F)F)c1,CC(=O)O,CC(C)[O-].CC(C)[O-].CC(C)[O-].CC(C)[O-].[Ti+4],CC(=O)O[BH-](OC(C)=O)OC(C)=O.[Na+],,CC(=O)N(C)C,CC(=O)N(C)C,CC(=O)N(C)C,CC(=O)N(C)C,CC(=O)N(C)C,CC(=O)N(C)C,CC(=O)N(C)C,22.0,64800.0,0.0
CN[C@@H]1C[C@H]2O[C@@](C)([C@@H]1OC)n1c3ccccc3c3c4c(c5c6ccccc6n2c5c31)C(=O)NC4,O=CCCc1ccccc1,CC(=O)O,CC(C)[O-].CC(C)[O-].CC(C)[O-].CC(C)[O-].[Ti+4],CC(=O)O[BH-](OC(C)=O)OC(C)=O.[Na+],,CC(=O)N(C)C,CC(=O)N(C)C,CC(=O)N(C)C,CC(=O)N(C)C,CC(=O)N(C)C,CC(=O)N(C)C,CC(=O)N(C)C,22.0,64800.0,55.0
CN[C@@H]1C[C@H]2O[C@@](C)([C@@H]1OC)n1c3ccccc3c3c4c(c5c6ccccc6n2c5c31)C(=O)NC4,O=CCCc1ccccc1,CC(=O)O,CC(C)[O-].CC(C)[O-].CC(C)[O-].CC(C)[O-].[Ti+4],CC(=O)O[BH-](OC(C)=O)OC(C)=O.[Na+],,CC(=O)N(C)C,CC(=O)N(C)C,CC(=O)N(C)C,CC(=O)N(C)C,CC(=O)N(C)C,CC(=O)N(C)C,CC(=O)N(C)C,22.0,64800.0,54.0
CN[C@@H]1C[C@H]2O[C@@](C)([C@@H]1OC)n1c3ccccc3c3c4c(c5c6ccccc6n2c5c31)C(=O)NC4,O=CC1CCN(C(=O)OCc2ccccc2)CC1,CC(=O)O,CC(C)[O-].CC(C)[O-].CC(C)[O-].CC(C)[O-].[Ti+4],CC(=O)O[BH-](OC(C)=O)OC(C)=O.[Na+],,CN1CCCC1=O,CN1CCCC1=O,CN1CCCC1=O,CN1CCCC1=O,CN1CCCC1=O,CN1CCCC1=O,CN1CCCC1=O,22.0,64800.0,0.0
CN[C@@H]1C[C@H]2O[C@@](C)([C@@H]1OC)n1c3ccccc3c3c4c(c5c6ccccc6n2c5c31)C(=O)NC4,O=CCCc1ccccc1,CC(=O)O,CC(C)[O-].CC(C)[O-].CC(C)[O-].CC(C)[O-].[Ti+4],CC(=O)O[BH-](OC(C)=O)OC(C)=O.[Na+],,CN1CCCC1=O,CN1CCCC1=O,CN1CCCC1=O,CN1CCCC1=O,CN1CCCC1=O,CN1CCCC1=O,CN1CCCC1=O,22.0,64800.0,24.0
CN[C@@H]1C[C@H]2O[C@@](C)([C@@H]1OC)n1c3ccccc3c3c4c(c5c6ccccc6n2c5c31)C(=O)NC4,Cc1cnc(C=O)s1,CC(=O)O,CC(C)[O-].CC(C)[O-].CC(C)[O-].CC(C)[O-].[Ti+4],CC(=O)O[BH-](OC(C)=O)OC(C)=O.[Na+],,CN1CCCC1=O,CN1CCCC1=O,CN1CCCC1=O,CN1CCCC1=O,CN1CCCC1=O,CN1CCCC1=O,CN1CCCC1=O,22.0,64800.0,97.0
CN[C@@H]1C[C@H]2O[C@@](C)([C@@H]1OC)n1c3ccccc3c3c4c(c5c6ccccc6n2c5c31)C(=O)NC4,CC(C)n1c(C=O)nc2ccccc21,CC(=O)O,CC(C)[O-].CC(C)[O-].CC(C)[O-].CC(C)[O-].[Ti+4],CC(=O)O[BH-](OC(C)=O)OC(C)=O.[Na+],,CN1CCCC1=O,CN1CCCC1=O,CN1CCCC1=O,CN1CCCC1=O,CN1CCCC1=O,CN1CCCC1=O,CN1CCCC1=O,22.0,64800.0,100.0
CN[C@@H]1C[C@H]2O[C@@](C)([C@@H]1OC)n1c3ccccc3c3c4c(c5c6ccccc6n2c5c31)C(=O)NC4,O=Cc1ccccc1Cn1cccn1,CC(=O)O,CC(C)[O-].CC(C)[O-].CC(C)[O-].CC(C)[O-].[Ti+4],CC(=O)O[BH-](OC(C)=O)OC(C)=O.[Na+],,CN1CCCC1=O,CN1CCCC1=O,CN1CCCC1=O,CN1CCCC1=O,CN1CCCC1=O,CN1CCCC1=O,CN1CCCC1=O,22.0,64800.0,91.0
CN[C@@H]1C[C@H]2O[C@@](C)([C@@H]1OC)n1c3ccccc3c3c4c(c5c6ccccc6n2c5c31)C(=O)NC4,O=Cc1cc2cnccc2[nH]1,CC(=O)O,CC(C)[O-].CC(C)[O-].CC(C)[O-].CC(C)[O-].[Ti+4],CC(=O)O[BH-](OC(C)=O)OC(C)=O.[Na+],,CN1CCCC1=O,CN1CCCC1=O,CN1CCCC1=O,CN1CCCC1=O,CN1CCCC1=O,CN1CCCC1=O,CN1CCCC1=O,22.0,64800.0,51.0
CN[C@@H]1C[C@H]2O[C@@](C)([C@@H]1OC)n1c3ccccc3c3c4c(c5c6ccccc6n2c5c31)C(=O)NC4,O=C1CCC(n2cccn2)C1,CC(=O)O,CC(C)[O-].CC(C)[O-].CC(C)[O-].CC(C)[O-].[Ti+4],CC(=O)O[BH-](OC(C)=O)OC(C)=O.[Na+],,CC(=O)N(C)C,CC(=O)N(C)C,CC(=O)N(C)C,CC(=O)N(C)C,CC(=O)N(C)C,CC(=O)N(C)C,CC(=O)N(C)C,22.0,64800.0,2.0
CN[C@@H]1C[C@H]2O[C@@](C)([C@@H]1OC)n1c3ccccc3c3c4c(c5c6ccccc6n2c5c31)C(=O)NC4,O=C1CCC(n2cccn2)C1,CC(=O)O,CC(C)[O-].CC(C)[O-].CC(C)[O-].CC(C)[O-].[Ti+4],CC(=O)O[BH-](OC(C)=O)OC(C)=O.[Na+],,CN1CCCC1=O,CN1CCCC1=O,CN1CCCC1=O,CN1CCCC1=O,CN1CCCC1=O,CN1CCCC1=O,CN1CCCC1=O,22.0,64800.0,1.0
CN[C@@H]1C[C@H]2O[C@@](C)([C@@H]1OC)n1c3ccccc3c3c4c(c5c6ccccc6n2c5c31)C(=O)NC4,O=C1CCC(n2cccn2)C1,CC(=O)O,CC(C)[O-].CC(C)[O-].CC(C)[O-].CC(C)[O-].[Ti+4],CC(=O)O[BH-](OC(C)=O)OC(C)=O.[Na+],,CN1CCCC1=O,CN1CCCC1=O,CN1CCCC1=O,CN1CCCC1=O,CN1CCCC1=O,CN1CCCC1=O,CN1CCCC1=O,22.0,64800.0,0.0
CN[C@@H]1C[C@H]2O[C@@](C)([C@@H]1OC)n1c3ccccc3c3c4c(c5c6ccccc6n2c5c31)C(=O)NC4,O=C1CCC(n2cccn2)C1,CC(=O)O,CC(C)[O-].CC(C)[O-].CC(C)[O-].CC(C)[O-].[Ti+4],CC(=O)O[BH-](OC(C)=O)OC(C)=O.[Na+],,CC(=O)N(C)C,CC(=O)N(C)C,CC(=O)N(C)C,CC(=O)N(C)C,CC(=O)N(C)C,CC(=O)N(C)C,CC(=O)N(C)C,22.0,64800.0,2.0
CN[C@@H]1C[C@H]2O[C@@](C)([C@@H]1OC)n1c3ccccc3c3c4c(c5c6ccccc6n2c5c31)C(=O)NC4,O=Cc1ccc2c(n1)NC(=O)CC2,CC(=O)O,CC(C)[O-].CC(C)[O-].CC(C)[O-].CC(C)[O-].[Ti+4],CC(=O)O[BH-](OC(C)=O)OC(C)=O.[Na+],,CN1CCCC1=O,CN1CCCC1=O,CN1CCCC1=O,CN1CCCC1=O,CN1CCCC1=O,CN1CCCC1=O,CN1CCCC1=O,22.0,64800.0,0.0
CN[C@@H]1C[C@H]2O[C@@](C)([C@@H]1OC)n1c3ccccc3c3c4c(c5c6ccccc6n2c5c31)C(=O)NC4,CN(CC(=O)O)c1ncc(C=O)cn1,CC(=O)O,CC(C)[O-].CC(C)[O-].CC(C)[O-].CC(C)[O-].[Ti+4],CC(=O)O[BH-](OC(C)=O)OC(C)=O.[Na+],,CN1CCCC1=O,CN1CCCC1=O,CN1CCCC1=O,CN1CCCC1=O,CN1CCCC1=O,CN1CCCC1=O,CN1CCCC1=O,22.0,64800.0,100.0
CN[C@@H]1C[C@H]2O[C@@](C)([C@@H]1OC)n1c3ccccc3c3c4c(c5c6ccccc6n2c5c31)C(=O)NC4,O=CC1CCN(C(=O)OCc2ccccc2)CC1,CC(=O)O,CC(C)[O-].CC(C)[O-].CC(C)[O-].CC(C)[O-].[Ti+4],CC(=O)O[BH-](OC(C)=O)OC(C)=O.[Na+],,CC(=O)N(C)C,CC(=O)N(C)C,CC(=O)N(C)C,CC(=O)N(C)C,CC(=O)N(C)C,CC(=O)N(C)C,CC(=O)N(C)C,22.0,64800.0,1.0
CN[C@@H]1C[C@H]2O[C@@](C)([C@@H]1OC)n1c3ccccc3c3c4c(c5c6ccccc6n2c5c31)C(=O)NC4,N#Cc1ccc(C=O)cc1Br,CC(=O)O,CC(C)[O-].CC(C)[O-].CC(C)[O-].CC(C)[O-].[Ti+4],CC(=O)O[BH-](OC(C)=O)OC(C)=O.[Na+],,CC(=O)N(C)C,CC(=O)N(C)C,CC(=O)N(C)C,CC(=O)N(C)C,CC(=O)N(C)C,CC(=O)N(C)C,CC(=O)N(C)C,22.0,64800.0,11.0
CN[C@@H]1C[C@H]2O[C@@](C)([C@@H]1OC)n1c3ccccc3c3c4c(c5c6ccccc6n2c5c31)C(=O)NC4,CC(C)=CCCC(C)CC=O,CC(=O)O,CC(C)[O-].CC(C)[O-].CC(C)[O-].CC(C)[O-].[Ti+4],CC(=O)O[BH-](OC(C)=O)OC(C)=O.[Na+],,CN1CCCC1=O,CN1CCCC1=O,CN1CCCC1=O,CN1CCCC1=O,CN1CCCC1=O,CN1CCCC1=O,CN1CCCC1=O,22.0,64800.0,53.0
CN[C@@H]1C[C@H]2O[C@@](C)([C@@H]1OC)n1c3ccccc3c3c4c(c5c6ccccc6n2c5c31)C(=O)NC4,CC(C)=CCCC(C)CC=O,CC(=O)O,CC(C)[O-].CC(C)[O-].CC(C)[O-].CC(C)[O-].[Ti+4],CC(=O)O[BH-](OC(C)=O)OC(C)=O.[Na+],,CC(=O)N(C)C,CC(=O)N(C)C,CC(=O)N(C)C,CC(=O)N(C)C,CC(=O)N(C)C,CC(=O)N(C)C,CC(=O)N(C)C,22.0,64800.0,37.0
CN[C@@H]1C[C@H]2O[C@@](C)([C@@H]1OC)n1c3ccccc3c3c4c(c5c6ccccc6n2c5c31)C(=O)NC4,CCCCc1cc(Cl)c(C=O)[nH]1,CC(=O)O,CC(C)[O-].CC(C)[O-].CC(C)[O-].CC(C)[O-].[Ti+4],CC(=O)O[BH-](OC(C)=O)OC(C)=O.[Na+],,CN1CCCC1=O,CN1CCCC1=O,CN1CCCC1=O,CN1CCCC1=O,CN1CCCC1=O,CN1CCCC1=O,CN1CCCC1=O,22.0,64800.0,2.0
CN[C@@H]1C[C@H]2O[C@@](C)([C@@H]1OC)n1c3ccccc3c3c4c(c5c6ccccc6n2c5c31)C(=O)NC4,Cc1cc(C=O)no1,CC(=O)O,CC(C)[O-].CC(C)[O-].CC(C)[O-].CC(C)[O-].[Ti+4],CC(=O)O[BH-](OC(C)=O)OC(C)=O.[Na+],,CN1CCCC1=O,CN1CCCC1=O,CN1CCCC1=O,CN1CCCC1=O,CN1CCCC1=O,CN1CCCC1=O,CN1CCCC1=O,22.0,64800.0,100.0
CN[C@@H]1C[C@H]2O[C@@](C)([C@@H]1OC)n1c3ccccc3c3c4c(c5c6ccccc6n2c5c31)C(=O)NC4,COc1cc(/C=C/C=O)ccc1O,CC(=O)O,CC(C)[O-].CC(C)[O-].CC(C)[O-].CC(C)[O-].[Ti+4],CC(=O)O[BH-](OC(C)=O)OC(C)=O.[Na+],,CN1CCCC1=O,CN1CCCC1=O,CN1CCCC1=O,CN1CCCC1=O,CN1CCCC1=O,CN1CCCC1=O,CN1CCCC1=O,22.0,64800.0,50.0
CN[C@@H]1C[C@H]2O[C@@](C)([C@@H]1OC)n1c3ccccc3c3c4c(c5c6ccccc6n2c5c31)C(=O)NC4,CC(=O)c1cc(C)cc(C)c1,CC(=O)O,CC(C)[O-].CC(C)[O-].CC(C)[O-].CC(C)[O-].[Ti+4],CC(=O)O[BH-](OC(C)=O)OC(C)=O.[Na+],,CN1CCCC1=O,CN1CCCC1=O,CN1CCCC1=O,CN1CCCC1=O,CN1CCCC1=O,CN1CCCC1=O,CN1CCCC1=O,22.0,64800.0,0.0
CN[C@@H]1C[C@H]2O[C@@](C)([C@@H]1OC)n1c3ccccc3c3c4c(c5c6ccccc6n2c5c31)C(=O)NC4,O=Cc1cc2cc(F)ccc2[nH]c1=O,CC(=O)O,CC(C)[O-].CC(C)[O-].CC(C)[O-].CC(C)[O-].[Ti+4],CC(=O)O[BH-](OC(C)=O)OC(C)=O.[Na+],,CN1CCCC1=O,CN1CCCC1=O,CN1CCCC1=O,CN1CCCC1=O,CN1CCCC1=O,CN1CCCC1=O,CN1CCCC1=O,22.0,64800.0,31.0
CN[C@@H]1C[C@H]2O[C@@](C)([C@@H]1OC)n1c3ccccc3c3c4c(c5c6ccccc6n2c5c31)C(=O)NC4,O=C1CCCC1,CC(=O)O,CC(C)[O-].CC(C)[O-].CC(C)[O-].CC(C)[O-].[Ti+4],CC(=O)O[BH-](OC(C)=O)OC(C)=O.[Na+],,CC(=O)N(C)C,CC(=O)N(C)C,CC(=O)N(C)C,CC(=O)N(C)C,CC(=O)N(C)C,CC(=O)N(C)C,CC(=O)N(C)C,22.0,64800.0,0.0
CN[C@@H]1C[C@H]2O[C@@](C)([C@@H]1OC)n1c3ccccc3c3c4c(c5c6ccccc6n2c5c31)C(=O)NC4,O=CCCc1ccccc1,CC(=O)O,CC(C)[O-].CC(C)[O-].CC(C)[O-].CC(C)[O-].[Ti+4],CC(=O)O[BH-](OC(C)=O)OC(C)=O.[Na+],,CN1CCCC1=O,CN1CCCC1=O,CN1CCCC1=O,CN1CCCC1=O,CN1CCCC1=O,CN1CCCC1=O,CN1CCCC1=O,22.0,64800.0,38.0
CN[C@@H]1C[C@H]2O[C@@](C)([C@@H]1OC)n1c3ccccc3c3c4c(c5c6ccccc6n2c5c31)C(=O)NC4,O=Cc1cn2ccsc2n1,CC(=O)O,CC(C)[O-].CC(C)[O-].CC(C)[O-].CC(C)[O-].[Ti+4],CC(=O)O[BH-](OC(C)=O)OC(C)=O.[Na+],,CN1CCCC1=O,CN1CCCC1=O,CN1CCCC1=O,CN1CCCC1=O,CN1CCCC1=O,CN1CCCC1=O,CN1CCCC1=O,22.0,64800.0,70.0
CN[C@@H]1C[C@H]2O[C@@](C)([C@@H]1OC)n1c3ccccc3c3c4c(c5c6ccccc6n2c5c31)C(=O)NC4,O=Cc1cccc(-n2ccnn2)c1,CC(=O)O,CC(C)[O-].CC(C)[O-].CC(C)[O-].CC(C)[O-].[Ti+4],CC(=O)O[BH-](OC(C)=O)OC(C)=O.[Na+],,CN1CCCC1=O,CN1CCCC1=O,CN1CCCC1=O,CN1CCCC1=O,CN1CCCC1=O,CN1CCCC1=O,CN1CCCC1=O,22.0,64800.0,48.0
CN[C@@H]1C[C@H]2O[C@@](C)([C@@H]1OC)n1c3ccccc3c3c4c(c5c6ccccc6n2c5c31)C(=O)NC4,N#Cc1ccc(C=O)cc1Br,CC(=O)O,CC(C)[O-].CC(C)[O-].CC(C)[O-].CC(C)[O-].[Ti+4],CC(=O)O[BH-](OC(C)=O)OC(C)=O.[Na+],,CN1CCCC1=O,CN1CCCC1=O,CN1CCCC1=O,CN1CCCC1=O,CN1CCCC1=O,CN1CCCC1=O,CN1CCCC1=O,22.0,64800.0,58.0
CN[C@@H]1C[C@H]2O[C@@](C)([C@@H]1OC)n1c3ccccc3c3c4c(c5c6ccccc6n2c5c31)C(=O)NC4,O=C1CCN(c2ccc(F)c(F)c2)CC1,CC(=O)O,CC(C)[O-].CC(C)[O-].CC(C)[O-].CC(C)[O-].[Ti+4],CC(=O)O[BH-](OC(C)=O)OC(C)=O.[Na+],,CN1CCCC1=O,CN1CCCC1=O,CN1CCCC1=O,CN1CCCC1=O,CN1CCCC1=O,CN1CCCC1=O,CN1CCCC1=O,22.0,64800.0,0.0
CN[C@@H]1C[C@H]2O[C@@](C)([C@@H]1OC)n1c3ccccc3c3c4c(c5c6ccccc6n2c5c31)C(=O)NC4,O=CC=Cc1ccccc1,CC(=O)O,CC(C)[O-].CC(C)[O-].CC(C)[O-].CC(C)[O-].[Ti+4],CC(=O)O[BH-](OC(C)=O)OC(C)=O.[Na+],,CC(=O)N(C)C,CC(=O)N(C)C,CC(=O)N(C)C,CC(=O)N(C)C,CC(=O)N(C)C,CC(=O)N(C)C,CC(=O)N(C)C,22.0,64800.0,30.0
CN[C@@H]1C[C@H]2O[C@@](C)([C@@H]1OC)n1c3ccccc3c3c4c(c5c6ccccc6n2c5c31)C(=O)NC4,CC(C)Cc1cc(C=O)n[nH]1,CC(=O)O,CC(C)[O-].CC(C)[O-].CC(C)[O-].CC(C)[O-].[Ti+4],CC(=O)O[BH-](OC(C)=O)OC(C)=O.[Na+],,CN1CCCC1=O,CN1CCCC1=O,CN1CCCC1=O,CN1CCCC1=O,CN1CCCC1=O,CN1CCCC1=O,CN1CCCC1=O,22.0,64800.0,27.0
CN[C@@H]1C[C@H]2O[C@@](C)([C@@H]1OC)n1c3ccccc3c3c4c(c5c6ccccc6n2c5c31)C(=O)NC4,O=Cc1c[nH]nc1-c1cccnc1,CC(=O)O,CC(C)[O-].CC(C)[O-].CC(C)[O-].CC(C)[O-].[Ti+4],CC(=O)O[BH-](OC(C)=O)OC(C)=O.[Na+],,CN1CCCC1=O,CN1CCCC1=O,CN1CCCC1=O,CN1CCCC1=O,CN1CCCC1=O,CN1CCCC1=O,CN1CCCC1=O,22.0,64800.0,50.0
CN[C@@H]1C[C@H]2O[C@@](C)([C@@H]1OC)n1c3ccccc3c3c4c(c5c6ccccc6n2c5c31)C(=O)NC4,O=C1CCN(C(=O)OCc2ccccc2)CC1,CC(=O)O,CC(C)[O-].CC(C)[O-].CC(C)[O-].CC(C)[O-].[Ti+4],CC(=O)O[BH-](OC(C)=O)OC(C)=O.[Na+],,CN1CCCC1=O,CN1CCCC1=O,CN1CCCC1=O,CN1CCCC1=O,CN1CCCC1=O,CN1CCCC1=O,CN1CCCC1=O,22.0,64800.0,2.0
CN[C@@H]1C[C@H]2O[C@@](C)([C@@H]1OC)n1c3ccccc3c3c4c(c5c6ccccc6n2c5c31)C(=O)NC4,COc1ccc2cc(C=O)sc2c1,CC(=O)O,CC(C)[O-].CC(C)[O-].CC(C)[O-].CC(C)[O-].[Ti+4],CC(=O)O[BH-](OC(C)=O)OC(C)=O.[Na+],,CN1CCCC1=O,CN1CCCC1=O,CN1CCCC1=O,CN1CCCC1=O,CN1CCCC1=O,CN1CCCC1=O,CN1CCCC1=O,22.0,64800.0,66.0
CN[C@@H]1C[C@H]2O[C@@](C)([C@@H]1OC)n1c3ccccc3c3c4c(c5c6ccccc6n2c5c31)C(=O)NC4,Cc1nc(C(F)(F)F)c(C=O)s1,CC(=O)O,CC(C)[O-].CC(C)[O-].CC(C)[O-].CC(C)[O-].[Ti+4],CC(=O)O[BH-](OC(C)=O)OC(C)=O.[Na+],,CN1CCCC1=O,CN1CCCC1=O,CN1CCCC1=O,CN1CCCC1=O,CN1CCCC1=O,CN1CCCC1=O,CN1CCCC1=O,22.0,64800.0,65.0
CN[C@@H]1C[C@H]2O[C@@](C)([C@@H]1OC)n1c3ccccc3c3c4c(c5c6ccccc6n2c5c31)C(=O)NC4,Cc1csc(C=O)n1,CC(=O)O,CC(C)[O-].CC(C)[O-].CC(C)[O-].CC(C)[O-].[Ti+4],CC(=O)O[BH-](OC(C)=O)OC(C)=O.[Na+],,CN1CCCC1=O,CN1CCCC1=O,CN1CCCC1=O,CN1CCCC1=O,CN1CCCC1=O,CN1CCCC1=O,CN1CCCC1=O,22.0,64800.0,100.0
CN[C@@H]1C[C@H]2O[C@@](C)([C@@H]1OC)n1c3ccccc3c3c4c(c5c6ccccc6n2c5c31)C(=O)NC4,O=CCCC(F)(F)F,CC(=O)O,CC(C)[O-].CC(C)[O-].CC(C)[O-].CC(C)[O-].[Ti+4],CC(=O)O[BH-](OC(C)=O)OC(C)=O.[Na+],,CN1CCCC1=O,CN1CCCC1=O,CN1CCCC1=O,CN1CCCC1=O,CN1CCCC1=O,CN1CCCC1=O,CN1CCCC1=O,22.0,64800.0,50.0
CN[C@@H]1C[C@H]2O[C@@](C)([C@@H]1OC)n1c3ccccc3c3c4c(c5c6ccccc6n2c5c31)C(=O)NC4,O=CC=Cc1ccccc1,CC(=O)O,CC(C)[O-].CC(C)[O-].CC(C)[O-].CC(C)[O-].[Ti+4],CC(=O)O[BH-](OC(C)=O)OC(C)=O.[Na+],,CC(=O)N(C)C,CC(=O)N(C)C,CC(=O)N(C)C,CC(=O)N(C)C,CC(=O)N(C)C,CC(=O)N(C)C,CC(=O)N(C)C,22.0,64800.0,32.0
CN[C@@H]1C[C@H]2O[C@@](C)([C@@H]1OC)n1c3ccccc3c3c4c(c5c6ccccc6n2c5c31)C(=O)NC4,N#CCC1CCC(=O)C1,CC(=O)O,CC(C)[O-].CC(C)[O-].CC(C)[O-].CC(C)[O-].[Ti+4],CC(=O)O[BH-](OC(C)=O)OC(C)=O.[Na+],,CN1CCCC1=O,CN1CCCC1=O,CN1CCCC1=O,CN1CCCC1=O,CN1CCCC1=O,CN1CCCC1=O,CN1CCCC1=O,22.0,64800.0,7.0
CN[C@@H]1C[C@H]2O[C@@](C)([C@@H]1OC)n1c3ccccc3c3c4c(c5c6ccccc6n2c5c31)C(=O)NC4,CC(=O)c1cc(C)cc(C)c1,CC(=O)O,CC(C)[O-].CC(C)[O-].CC(C)[O-].CC(C)[O-].[Ti+4],CC(=O)O[BH-](OC(C)=O)OC(C)=O.[Na+],,CN1CCCC1=O,CN1CCCC1=O,CN1CCCC1=O,CN1CCCC1=O,CN1CCCC1=O,CN1CCCC1=O,CN1CCCC1=O,22.0,64800.0,0.0
CN[C@@H]1C[C@H]2O[C@@](C)([C@@H]1OC)n1c3ccccc3c3c4c(c5c6ccccc6n2c5c31)C(=O)NC4,O=CC=Cc1ccccc1,CC(=O)O,CC(C)[O-].CC(C)[O-].CC(C)[O-].CC(C)[O-].[Ti+4],CC(=O)O[BH-](OC(C)=O)OC(C)=O.[Na+],,CC(=O)N(C)C,CC(=O)N(C)C,CC(=O)N(C)C,CC(=O)N(C)C,CC(=O)N(C)C,CC(=O)N(C)C,CC(=O)N(C)C,22.0,64800.0,49.0
CN[C@@H]1C[C@H]2O[C@@](C)([C@@H]1OC)n1c3ccccc3c3c4c(c5c6ccccc6n2c5c31)C(=O)NC4,O=Cc1nc2ccccc2s1,CC(=O)O,CC(C)[O-].CC(C)[O-].CC(C)[O-].CC(C)[O-].[Ti+4],CC(=O)O[BH-](OC(C)=O)OC(C)=O.[Na+],,CC(=O)N(C)C,CC(=O)N(C)C,CC(=O)N(C)C,CC(=O)N(C)C,CC(=O)N(C)C,CC(=O)N(C)C,CC(=O)N(C)C,22.0,64800.0,92.0
CN[C@@H]1C[C@H]2O[C@@](C)([C@@H]1OC)n1c3ccccc3c3c4c(c5c6ccccc6n2c5c31)C(=O)NC4,CC(=O)c1cc(C)cc(C)c1,CC(=O)O,CC(C)[O-].CC(C)[O-].CC(C)[O-].CC(C)[O-].[Ti+4],CC(=O)O[BH-](OC(C)=O)OC(C)=O.[Na+],,CC(=O)N(C)C,CC(=O)N(C)C,CC(=O)N(C)C,CC(=O)N(C)C,CC(=O)N(C)C,CC(=O)N(C)C,CC(=O)N(C)C,22.0,64800.0,0.0
CN[C@@H]1C[C@H]2O[C@@](C)([C@@H]1OC)n1c3ccccc3c3c4c(c5c6ccccc6n2c5c31)C(=O)NC4,O=Cc1nc2ccccc2s1,CC(=O)O,CC(C)[O-].CC(C)[O-].CC(C)[O-].CC(C)[O-].[Ti+4],CC(=O)O[BH-](OC(C)=O)OC(C)=O.[Na+],,CN1CCCC1=O,CN1CCCC1=O,CN1CCCC1=O,CN1CCCC1=O,CN1CCCC1=O,CN1CCCC1=O,CN1CCCC1=O,22.0,64800.0,99.0
CN[C@@H]1C[C@H]2O[C@@](C)([C@@H]1OC)n1c3ccccc3c3c4c(c5c6ccccc6n2c5c31)C(=O)NC4,CC(=O)Nc1ccc(C=O)cc1,CC(=O)O,CC(C)[O-].CC(C)[O-].CC(C)[O-].CC(C)[O-].[Ti+4],CC(=O)O[BH-](OC(C)=O)OC(C)=O.[Na+],,CN1CCCC1=O,CN1CCCC1=O,CN1CCCC1=O,CN1CCCC1=O,CN1CCCC1=O,CN1CCCC1=O,CN1CCCC1=O,22.0,64800.0,80.0
CN[C@@H]1C[C@H]2O[C@@](C)([C@@H]1OC)n1c3ccccc3c3c4c(c5c6ccccc6n2c5c31)C(=O)NC4,Cn1c(C=O)nc2ccccc21,CC(=O)O,CC(C)[O-].CC(C)[O-].CC(C)[O-].CC(C)[O-].[Ti+4],CC(=O)O[BH-](OC(C)=O)OC(C)=O.[Na+],,CN1CCCC1=O,CN1CCCC1=O,CN1CCCC1=O,CN1CCCC1=O,CN1CCCC1=O,CN1CCCC1=O,CN1CCCC1=O,22.0,64800.0,93.0
CN[C@@H]1C[C@H]2O[C@@](C)([C@@H]1OC)n1c3ccccc3c3c4c(c5c6ccccc6n2c5c31)C(=O)NC4,N#CCC1CCC(=O)C1,CC(=O)O,CC(C)[O-].CC(C)[O-].CC(C)[O-].CC(C)[O-].[Ti+4],CC(=O)O[BH-](OC(C)=O)OC(C)=O.[Na+],,CN1CCCC1=O,CN1CCCC1=O,CN1CCCC1=O,CN1CCCC1=O,CN1CCCC1=O,CN1CCCC1=O,CN1CCCC1=O,22.0,64800.0,1.0
CN[C@@H]1C[C@H]2O[C@@](C)([C@@H]1OC)n1c3ccccc3c3c4c(c5c6ccccc6n2c5c31)C(=O)NC4,O=CC1CCN(Cc2ccccc2)CC1,CC(=O)O,CC(C)[O-].CC(C)[O-].CC(C)[O-].CC(C)[O-].[Ti+4],CC(=O)O[BH-](OC(C)=O)OC(C)=O.[Na+],,CN1CCCC1=O,CN1CCCC1=O,CN1CCCC1=O,CN1CCCC1=O,CN1CCCC1=O,CN1CCCC1=O,CN1CCCC1=O,22.0,64800.0,19.0
CN[C@@H]1C[C@H]2O[C@@](C)([C@@H]1OC)n1c3ccccc3c3c4c(c5c6ccccc6n2c5c31)C(=O)NC4,O=C1CCC(n2cccn2)C1,CC(=O)O,CC(C)[O-].CC(C)[O-].CC(C)[O-].CC(C)[O-].[Ti+4],CC(=O)O[BH-](OC(C)=O)OC(C)=O.[Na+],,CN1CCCC1=O,CN1CCCC1=O,CN1CCCC1=O,CN1CCCC1=O,CN1CCCC1=O,CN1CCCC1=O,CN1CCCC1=O,22.0,64800.0,0.0
CN[C@@H]1C[C@H]2O[C@@](C)([C@@H]1OC)n1c3ccccc3c3c4c(c5c6ccccc6n2c5c31)C(=O)NC4,O=C1CCCC1,CC(=O)O,CC(C)[O-].CC(C)[O-].CC(C)[O-].CC(C)[O-].[Ti+4],CC(=O)O[BH-](OC(C)=O)OC(C)=O.[Na+],,CN1CCCC1=O,CN1CCCC1=O,CN1CCCC1=O,CN1CCCC1=O,CN1CCCC1=O,CN1CCCC1=O,CN1CCCC1=O,22.0,64800.0,20.0
CN[C@@H]1C[C@H]2O[C@@](C)([C@@H]1OC)n1c3ccccc3c3c4c(c5c6ccccc6n2c5c31)C(=O)NC4,O=Cc1cccc(-n2ccnn2)c1,CC(=O)O,CC(C)[O-].CC(C)[O-].CC(C)[O-].CC(C)[O-].[Ti+4],CC(=O)O[BH-](OC(C)=O)OC(C)=O.[Na+],,CN1CCCC1=O,CN1CCCC1=O,CN1CCCC1=O,CN1CCCC1=O,CN1CCCC1=O,CN1CCCC1=O,CN1CCCC1=O,22.0,64800.0,100.0
CN[C@@H]1C[C@H]2O[C@@](C)([C@@H]1OC)n1c3ccccc3c3c4c(c5c6ccccc6n2c5c31)C(=O)NC4,O=C1CCCC1,CC(=O)O,CC(C)[O-].CC(C)[O-].CC(C)[O-].CC(C)[O-].[Ti+4],CC(=O)O[BH-](OC(C)=O)OC(C)=O.[Na+],,CN1CCCC1=O,CN1CCCC1=O,CN1CCCC1=O,CN1CCCC1=O,CN1CCCC1=O,CN1CCCC1=O,CN1CCCC1=O,22.0,64800.0,5.0
CN[C@@H]1C[C@H]2O[C@@](C)([C@@H]1OC)n1c3ccccc3c3c4c(c5c6ccccc6n2c5c31)C(=O)NC4,O=CCCCCO,CC(=O)O,CC(C)[O-].CC(C)[O-].CC(C)[O-].CC(C)[O-].[Ti+4],CC(=O)O[BH-](OC(C)=O)OC(C)=O.[Na+],,CN1CCCC1=O,CN1CCCC1=O,CN1CCCC1=O,CN1CCCC1=O,CN1CCCC1=O,CN1CCCC1=O,CN1CCCC1=O,22.0,64800.0,42.0
CN[C@@H]1C[C@H]2O[C@@](C)([C@@H]1OC)n1c3ccccc3c3c4c(c5c6ccccc6n2c5c31)C(=O)NC4,CC(C)=CCCC(C)CC=O,CC(=O)O,CC(C)[O-].CC(C)[O-].CC(C)[O-].CC(C)[O-].[Ti+4],CC(=O)O[BH-](OC(C)=O)OC(C)=O.[Na+],,CC(=O)N(C)C,CC(=O)N(C)C,CC(=O)N(C)C,CC(=O)N(C)C,CC(=O)N(C)C,CC(=O)N(C)C,CC(=O)N(C)C,22.0,64800.0,97.0
CN[C@@H]1C[C@H]2O[C@@](C)([C@@H]1OC)n1c3ccccc3c3c4c(c5c6ccccc6n2c5c31)C(=O)NC4,CCCn1nccc1C=O,CC(=O)O,CC(C)[O-].CC(C)[O-].CC(C)[O-].CC(C)[O-].[Ti+4],CC(=O)O[BH-](OC(C)=O)OC(C)=O.[Na+],,CN1CCCC1=O,CN1CCCC1=O,CN1CCCC1=O,CN1CCCC1=O,CN1CCCC1=O,CN1CCCC1=O,CN1CCCC1=O,22.0,64800.0,92.0
CN[C@@H]1C[C@H]2O[C@@](C)([C@@H]1OC)n1c3ccccc3c3c4c(c5c6ccccc6n2c5c31)C(=O)NC4,CC(C)=CCCC(C)CC=O,CC(=O)O,CC(C)[O-].CC(C)[O-].CC(C)[O-].CC(C)[O-].[Ti+4],CC(=O)O[BH-](OC(C)=O)OC(C)=O.[Na+],,CC(=O)N(C)C,CC(=O)N(C)C,CC(=O)N(C)C,CC(=O)N(C)C,CC(=O)N(C)C,CC(=O)N(C)C,CC(=O)N(C)C,22.0,64800.0,43.0
CN[C@@H]1C[C@H]2O[C@@](C)([C@@H]1OC)n1c3ccccc3c3c4c(c5c6ccccc6n2c5c31)C(=O)NC4,CC(=O)c1cc(C(F)(F)F)cc(C(F)(F)F)c1,CC(=O)O,CC(C)[O-].CC(C)[O-].CC(C)[O-].CC(C)[O-].[Ti+4],CC(=O)O[BH-](OC(C)=O)OC(C)=O.[Na+],,CC(=O)N(C)C,CC(=O)N(C)C,CC(=O)N(C)C,CC(=O)N(C)C,CC(=O)N(C)C,CC(=O)N(C)C,CC(=O)N(C)C,22.0,64800.0,0.0
CN[C@@H]1C[C@H]2O[C@@](C)([C@@H]1OC)n1c3ccccc3c3c4c(c5c6ccccc6n2c5c31)C(=O)NC4,CC(C)=CCCC(C)CC=O,CC(=O)O,CC(C)[O-].CC(C)[O-].CC(C)[O-].CC(C)[O-].[Ti+4],CC(=O)O[BH-](OC(C)=O)OC(C)=O.[Na+],,CN1CCCC1=O,CN1CCCC1=O,CN1CCCC1=O,CN1CCCC1=O,CN1CCCC1=O,CN1CCCC1=O,CN1CCCC1=O,22.0,64800.0,70.0
CN[C@@H]1C[C@H]2O[C@@](C)([C@@H]1OC)n1c3ccccc3c3c4c(c5c6ccccc6n2c5c31)C(=O)NC4,CC(C)Cc1cc(C=O)n[nH]1,CC(=O)O,CC(C)[O-].CC(C)[O-].CC(C)[O-].CC(C)[O-].[Ti+4],CC(=O)O[BH-](OC(C)=O)OC(C)=O.[Na+],,CN1CCCC1=O,CN1CCCC1=O,CN1CCCC1=O,CN1CCCC1=O,CN1CCCC1=O,CN1CCCC1=O,CN1CCCC1=O,22.0,64800.0,72.0
CN[C@@H]1C[C@H]2O[C@@](C)([C@@H]1OC)n1c3ccccc3c3c4c(c5c6ccccc6n2c5c31)C(=O)NC4,CC(C)=CCCC(C)CC=O,CC(=O)O,CC(C)[O-].CC(C)[O-].CC(C)[O-].CC(C)[O-].[Ti+4],CC(=O)O[BH-](OC(C)=O)OC(C)=O.[Na+],,CN1CCCC1=O,CN1CCCC1=O,CN1CCCC1=O,CN1CCCC1=O,CN1CCCC1=O,CN1CCCC1=O,CN1CCCC1=O,22.0,64800.0,62.0
CN[C@@H]1C[C@H]2O[C@@](C)([C@@H]1OC)n1c3ccccc3c3c4c(c5c6ccccc6n2c5c31)C(=O)NC4,Cc1nn(C)c(C)c1C=O,CC(=O)O,CC(C)[O-].CC(C)[O-].CC(C)[O-].CC(C)[O-].[Ti+4],CC(=O)O[BH-](OC(C)=O)OC(C)=O.[Na+],,CN1CCCC1=O,CN1CCCC1=O,CN1CCCC1=O,CN1CCCC1=O,CN1CCCC1=O,CN1CCCC1=O,CN1CCCC1=O,22.0,64800.0,21.0
CN[C@@H]1C[C@H]2O[C@@](C)([C@@H]1OC)n1c3ccccc3c3c4c(c5c6ccccc6n2c5c31)C(=O)NC4,O=C1CCN(c2ccc(F)c(F)c2)CC1,CC(=O)O,CC(C)[O-].CC(C)[O-].CC(C)[O-].CC(C)[O-].[Ti+4],CC(=O)O[BH-](OC(C)=O)OC(C)=O.[Na+],,CC(=O)N(C)C,CC(=O)N(C)C,CC(=O)N(C)C,CC(=O)N(C)C,CC(=O)N(C)C,CC(=O)N(C)C,CC(=O)N(C)C,22.0,64800.0,19.0
CN[C@@H]1C[C@H]2O[C@@](C)([C@@H]1OC)n1c3ccccc3c3c4c(c5c6ccccc6n2c5c31)C(=O)NC4,CC(=O)/C=C/c1ccccc1,CC(=O)O,CC(C)[O-].CC(C)[O-].CC(C)[O-].CC(C)[O-].[Ti+4],CC(=O)O[BH-](OC(C)=O)OC(C)=O.[Na+],,CN1CCCC1=O,CN1CCCC1=O,CN1CCCC1=O,CN1CCCC1=O,CN1CCCC1=O,CN1CCCC1=O,CN1CCCC1=O,22.0,64800.0,0.0
CN[C@@H]1C[C@H]2O[C@@](C)([C@@H]1OC)n1c3ccccc3c3c4c(c5c6ccccc6n2c5c31)C(=O)NC4,O=C1CCCC1,CC(=O)O,CC(C)[O-].CC(C)[O-].CC(C)[O-].CC(C)[O-].[Ti+4],CC(=O)O[BH-](OC(C)=O)OC(C)=O.[Na+],,CN1CCCC1=O,CN1CCCC1=O,CN1CCCC1=O,CN1CCCC1=O,CN1CCCC1=O,CN1CCCC1=O,CN1CCCC1=O,22.0,64800.0,12.0
CN[C@@H]1C[C@H]2O[C@@](C)([C@@H]1OC)n1c3ccccc3c3c4c(c5c6ccccc6n2c5c31)C(=O)NC4,O=Cc1cc(-c2ccc(F)cc2)on1,CC(=O)O,CC(C)[O-].CC(C)[O-].CC(C)[O-].CC(C)[O-].[Ti+4],CC(=O)O[BH-](OC(C)=O)OC(C)=O.[Na+],,CN1CCCC1=O,CN1CCCC1=O,CN1CCCC1=O,CN1CCCC1=O,CN1CCCC1=O,CN1CCCC1=O,CN1CCCC1=O,22.0,64800.0,100.0
CN[C@@H]1C[C@H]2O[C@@](C)([C@@H]1OC)n1c3ccccc3c3c4c(c5c6ccccc6n2c5c31)C(=O)NC4,Cc1noc(C)c1C=O,CC(=O)O,CC(C)[O-].CC(C)[O-].CC(C)[O-].CC(C)[O-].[Ti+4],CC(=O)O[BH-](OC(C)=O)OC(C)=O.[Na+],,CN1CCCC1=O,CN1CCCC1=O,CN1CCCC1=O,CN1CCCC1=O,CN1CCCC1=O,CN1CCCC1=O,CN1CCCC1=O,22.0,64800.0,54.0
CN[C@@H]1C[C@H]2O[C@@](C)([C@@H]1OC)n1c3ccccc3c3c4c(c5c6ccccc6n2c5c31)C(=O)NC4,Cc1noc(C)c1C=O,CC(=O)O,CC(C)[O-].CC(C)[O-].CC(C)[O-].CC(C)[O-].[Ti+4],CC(=O)O[BH-](OC(C)=O)OC(C)=O.[Na+],,CN1CCCC1=O,CN1CCCC1=O,CN1CCCC1=O,CN1CCCC1=O,CN1CCCC1=O,CN1CCCC1=O,CN1CCCC1=O,22.0,64800.0,46.0
CN[C@@H]1C[C@H]2O[C@@](C)([C@@H]1OC)n1c3ccccc3c3c4c(c5c6ccccc6n2c5c31)C(=O)NC4,N#CCC1CCC(=O)C1,CC(=O)O,CC(C)[O-].CC(C)[O-].CC(C)[O-].CC(C)[O-].[Ti+4],CC(=O)O[BH-](OC(C)=O)OC(C)=O.[Na+],,CN1CCCC1=O,CN1CCCC1=O,CN1CCCC1=O,CN1CCCC1=O,CN1CCCC1=O,CN1CCCC1=O,CN1CCCC1=O,22.0,64800.0,35.0
CN[C@@H]1C[C@H]2O[C@@](C)([C@@H]1OC)n1c3ccccc3c3c4c(c5c6ccccc6n2c5c31)C(=O)NC4,N#CCC1CCC(=O)C1,CC(=O)O,CC(C)[O-].CC(C)[O-].CC(C)[O-].CC(C)[O-].[Ti+4],CC(=O)O[BH-](OC(C)=O)OC(C)=O.[Na+],,CN1CCCC1=O,CN1CCCC1=O,CN1CCCC1=O,CN1CCCC1=O,CN1CCCC1=O,CN1CCCC1=O,CN1CCCC1=O,22.0,64800.0,5.0
CN[C@@H]1C[C@H]2O[C@@](C)([C@@H]1OC)n1c3ccccc3c3c4c(c5c6ccccc6n2c5c31)C(=O)NC4,O=CCCCCO,CC(=O)O,CC(C)[O-].CC(C)[O-].CC(C)[O-].CC(C)[O-].[Ti+4],CC(=O)O[BH-](OC(C)=O)OC(C)=O.[Na+],,CN1CCCC1=O,CN1CCCC1=O,CN1CCCC1=O,CN1CCCC1=O,CN1CCCC1=O,CN1CCCC1=O,CN1CCCC1=O,22.0,64800.0,36.0
CN[C@@H]1C[C@H]2O[C@@](C)([C@@H]1OC)n1c3ccccc3c3c4c(c5c6ccccc6n2c5c31)C(=O)NC4,CCCn1nccc1C=O,CC(=O)O,CC(C)[O-].CC(C)[O-].CC(C)[O-].CC(C)[O-].[Ti+4],CC(=O)O[BH-](OC(C)=O)OC(C)=O.[Na+],,CN1CCCC1=O,CN1CCCC1=O,CN1CCCC1=O,CN1CCCC1=O,CN1CCCC1=O,CN1CCCC1=O,CN1CCCC1=O,22.0,64800.0,90.0
CN[C@@H]1C[C@H]2O[C@@](C)([C@@H]1OC)n1c3ccccc3c3c4c(c5c6ccccc6n2c5c31)C(=O)NC4,CC(=O)c1cc(C)cc(C)c1,CC(=O)O,CC(C)[O-].CC(C)[O-].CC(C)[O-].CC(C)[O-].[Ti+4],CC(=O)O[BH-](OC(C)=O)OC(C)=O.[Na+],,CN1CCCC1=O,CN1CCCC1=O,CN1CCCC1=O,CN1CCCC1=O,CN1CCCC1=O,CN1CCCC1=O,CN1CCCC1=O,22.0,64800.0,0.0
CN[C@@H]1C[C@H]2O[C@@](C)([C@@H]1OC)n1c3ccccc3c3c4c(c5c6ccccc6n2c5c31)C(=O)NC4,O=Cc1nc2ccccc2s1,CC(=O)O,CC(C)[O-].CC(C)[O-].CC(C)[O-].CC(C)[O-].[Ti+4],CC(=O)O[BH-](OC(C)=O)OC(C)=O.[Na+],,CN1CCCC1=O,CN1CCCC1=O,CN1CCCC1=O,CN1CCCC1=O,CN1CCCC1=O,CN1CCCC1=O,CN1CCCC1=O,22.0,64800.0,57.0
CN[C@@H]1C[C@H]2O[C@@](C)([C@@H]1OC)n1c3ccccc3c3c4c(c5c6ccccc6n2c5c31)C(=O)NC4,N#CCC1CCC(=O)C1,CC(=O)O,CC(C)[O-].CC(C)[O-].CC(C)[O-].CC(C)[O-].[Ti+4],CC(=O)O[BH-](OC(C)=O)OC(C)=O.[Na+],,CC(=O)N(C)C,CC(=O)N(C)C,CC(=O)N(C)C,CC(=O)N(C)C,CC(=O)N(C)C,CC(=O)N(C)C,CC(=O)N(C)C,22.0,64800.0,8.0
CN[C@@H]1C[C@H]2O[C@@](C)([C@@H]1OC)n1c3ccccc3c3c4c(c5c6ccccc6n2c5c31)C(=O)NC4,COc1cccc(C=O)c1,CC(=O)O,CC(C)[O-].CC(C)[O-].CC(C)[O-].CC(C)[O-].[Ti+4],CC(=O)O[BH-](OC(C)=O)OC(C)=O.[Na+],,CN1CCCC1=O,CN1CCCC1=O,CN1CCCC1=O,CN1CCCC1=O,CN1CCCC1=O,CN1CCCC1=O,CN1CCCC1=O,22.0,64800.0,39.0
CN[C@@H]1C[C@H]2O[C@@](C)([C@@H]1OC)n1c3ccccc3c3c4c(c5c6ccccc6n2c5c31)C(=O)NC4,COc1ccccc1C=O,CC(=O)O,CC(C)[O-].CC(C)[O-].CC(C)[O-].CC(C)[O-].[Ti+4],CC(=O)O[BH-](OC(C)=O)OC(C)=O.[Na+],,CN1CCCC1=O,CN1CCCC1=O,CN1CCCC1=O,CN1CCCC1=O,CN1CCCC1=O,CN1CCCC1=O,CN1CCCC1=O,22.0,64800.0,94.0
CN[C@@H]1C[C@H]2O[C@@](C)([C@@H]1OC)n1c3ccccc3c3c4c(c5c6ccccc6n2c5c31)C(=O)NC4,O=C1CCN(c2ccc(F)c(F)c2)CC1,CC(=O)O,CC(C)[O-].CC(C)[O-].CC(C)[O-].CC(C)[O-].[Ti+4],CC(=O)O[BH-](OC(C)=O)OC(C)=O.[Na+],,CC(=O)N(C)C,CC(=O)N(C)C,CC(=O)N(C)C,CC(=O)N(C)C,CC(=O)N(C)C,CC(=O)N(C)C,CC(=O)N(C)C,22.0,64800.0,36.0
CN[C@@H]1C[C@H]2O[C@@](C)([C@@H]1OC)n1c3ccccc3c3c4c(c5c6ccccc6n2c5c31)C(=O)NC4,CC(=O)Nc1ccc(C=O)cc1,CC(=O)O,CC(C)[O-].CC(C)[O-].CC(C)[O-].CC(C)[O-].[Ti+4],CC(=O)O[BH-](OC(C)=O)OC(C)=O.[Na+],,CC(=O)N(C)C,CC(=O)N(C)C,CC(=O)N(C)C,CC(=O)N(C)C,CC(=O)N(C)C,CC(=O)N(C)C,CC(=O)N(C)C,22.0,64800.0,52.0
CN[C@@H]1C[C@H]2O[C@@](C)([C@@H]1OC)n1c3ccccc3c3c4c(c5c6ccccc6n2c5c31)C(=O)NC4,COc1ccccc1C=O,CC(=O)O,CC(C)[O-].CC(C)[O-].CC(C)[O-].CC(C)[O-].[Ti+4],CC(=O)O[BH-](OC(C)=O)OC(C)=O.[Na+],,CN1CCCC1=O,CN1CCCC1=O,CN1CCCC1=O,CN1CCCC1=O,CN1CCCC1=O,CN1CCCC1=O,CN1CCCC1=O,22.0,64800.0,59.0
CN[C@@H]1C[C@H]2O[C@@](C)([C@@H]1OC)n1c3ccccc3c3c4c(c5c6ccccc6n2c5c31)C(=O)NC4,Cc1nn(C)c(C)c1C=O,CC(=O)O,CC(C)[O-].CC(C)[O-].CC(C)[O-].CC(C)[O-].[Ti+4],CC(=O)O[BH-](OC(C)=O)OC(C)=O.[Na+],,CN1CCCC1=O,CN1CCCC1=O,CN1CCCC1=O,CN1CCCC1=O,CN1CCCC1=O,CN1CCCC1=O,CN1CCCC1=O,22.0,64800.0,32.0
CN[C@@H]1C[C@H]2O[C@@](C)([C@@H]1OC)n1c3ccccc3c3c4c(c5c6ccccc6n2c5c31)C(=O)NC4,O=CC=Cc1ccccc1,CC(=O)O,CC(C)[O-].CC(C)[O-].CC(C)[O-].CC(C)[O-].[Ti+4],CC(=O)O[BH-](OC(C)=O)OC(C)=O.[Na+],,CC(=O)N(C)C,CC(=O)N(C)C,CC(=O)N(C)C,CC(=O)N(C)C,CC(=O)N(C)C,CC(=O)N(C)C,CC(=O)N(C)C,22.0,64800.0,53.0
CN[C@@H]1C[C@H]2O[C@@](C)([C@@H]1OC)n1c3ccccc3c3c4c(c5c6ccccc6n2c5c31)C(=O)NC4,O=CC=Cc1ccccc1,CC(=O)O,CC(C)[O-].CC(C)[O-].CC(C)[O-].CC(C)[O-].[Ti+4],CC(=O)O[BH-](OC(C)=O)OC(C)=O.[Na+],,CN1CCCC1=O,CN1CCCC1=O,CN1CCCC1=O,CN1CCCC1=O,CN1CCCC1=O,CN1CCCC1=O,CN1CCCC1=O,22.0,64800.0,35.0
CN[C@@H]1C[C@H]2O[C@@](C)([C@@H]1OC)n1c3ccccc3c3c4c(c5c6ccccc6n2c5c31)C(=O)NC4,O=C1CCCC1,CC(=O)O,CC(C)[O-].CC(C)[O-].CC(C)[O-].CC(C)[O-].[Ti+4],CC(=O)O[BH-](OC(C)=O)OC(C)=O.[Na+],,CC(=O)N(C)C,CC(=O)N(C)C,CC(=O)N(C)C,CC(=O)N(C)C,CC(=O)N(C)C,CC(=O)N(C)C,CC(=O)N(C)C,22.0,64800.0,3.0
CN[C@@H]1C[C@H]2O[C@@](C)([C@@H]1OC)n1c3ccccc3c3c4c(c5c6ccccc6n2c5c31)C(=O)NC4,CC(C)=CCCC(C)CC=O,CC(=O)O,CC(C)[O-].CC(C)[O-].CC(C)[O-].CC(C)[O-].[Ti+4],CC(=O)O[BH-](OC(C)=O)OC(C)=O.[Na+],,CN1CCCC1=O,CN1CCCC1=O,CN1CCCC1=O,CN1CCCC1=O,CN1CCCC1=O,CN1CCCC1=O,CN1CCCC1=O,22.0,64800.0,57.0
CN[C@@H]1C[C@H]2O[C@@](C)([C@@H]1OC)n1c3ccccc3c3c4c(c5c6ccccc6n2c5c31)C(=O)NC4,O=C1CCC(n2cccn2)C1,CC(=O)O,CC(C)[O-].CC(C)[O-].CC(C)[O-].CC(C)[O-].[Ti+4],CC(=O)O[BH-](OC(C)=O)OC(C)=O.[Na+],,CN1CCCC1=O,CN1CCCC1=O,CN1CCCC1=O,CN1CCCC1=O,CN1CCCC1=O,CN1CCCC1=O,CN1CCCC1=O,22.0,64800.0,0.0
CN[C@@H]1C[C@H]2O[C@@](C)([C@@H]1OC)n1c3ccccc3c3c4c(c5c6ccccc6n2c5c31)C(=O)NC4,O=Cc1nc2ccccc2s1,CC(=O)O,CC(C)[O-].CC(C)[O-].CC(C)[O-].CC(C)[O-].[Ti+4],CC(=O)O[BH-](OC(C)=O)OC(C)=O.[Na+],,CN1CCCC1=O,CN1CCCC1=O,CN1CCCC1=O,CN1CCCC1=O,CN1CCCC1=O,CN1CCCC1=O,CN1CCCC1=O,22.0,64800.0,90.0
CN[C@@H]1C[C@H]2O[C@@](C)([C@@H]1OC)n1c3ccccc3c3c4c(c5c6ccccc6n2c5c31)C(=O)NC4,O=Cc1cccc(-n2ccnn2)c1,CC(=O)O,CC(C)[O-].CC(C)[O-].CC(C)[O-].CC(C)[O-].[Ti+4],CC(=O)O[BH-](OC(C)=O)OC(C)=O.[Na+],,CN1CCCC1=O,CN1CCCC1=O,CN1CCCC1=O,CN1CCCC1=O,CN1CCCC1=O,CN1CCCC1=O,CN1CCCC1=O,22.0,64800.0,99.0
CN[C@@H]1C[C@H]2O[C@@](C)([C@@H]1OC)n1c3ccccc3c3c4c(c5c6ccccc6n2c5c31)C(=O)NC4,O=CCCc1ccccc1,CC(=O)O,CC(C)[O-].CC(C)[O-].CC(C)[O-].CC(C)[O-].[Ti+4],CC(=O)O[BH-](OC(C)=O)OC(C)=O.[Na+],,CN1CCCC1=O,CN1CCCC1=O,CN1CCCC1=O,CN1CCCC1=O,CN1CCCC1=O,CN1CCCC1=O,CN1CCCC1=O,22.0,64800.0,31.0
CN[C@@H]1C[C@H]2O[C@@](C)([C@@H]1OC)n1c3ccccc3c3c4c(c5c6ccccc6n2c5c31)C(=O)NC4,CC(=O)c1cc(C)cc(C)c1,CC(=O)O,CC(C)[O-].CC(C)[O-].CC(C)[O-].CC(C)[O-].[Ti+4],CC(=O)O[BH-](OC(C)=O)OC(C)=O.[Na+],,CN1CCCC1=O,CN1CCCC1=O,CN1CCCC1=O,CN1CCCC1=O,CN1CCCC1=O,CN1CCCC1=O,CN1CCCC1=O,22.0,64800.0,1.0
CN[C@@H]1C[C@H]2O[C@@](C)([C@@H]1OC)n1c3ccccc3c3c4c(c5c6ccccc6n2c5c31)C(=O)NC4,O=C1CCC(n2cccn2)C1,CC(=O)O,CC(C)[O-].CC(C)[O-].CC(C)[O-].CC(C)[O-].[Ti+4],CC(=O)O[BH-](OC(C)=O)OC(C)=O.[Na+],,CC(=O)N(C)C,CC(=O)N(C)C,CC(=O)N(C)C,CC(=O)N(C)C,CC(=O)N(C)C,CC(=O)N(C)C,CC(=O)N(C)C,22.0,64800.0,1.0
CN[C@@H]1C[C@H]2O[C@@](C)([C@@H]1OC)n1c3ccccc3c3c4c(c5c6ccccc6n2c5c31)C(=O)NC4,O=CC=Cc1ccccc1,CC(=O)O,CC(C)[O-].CC(C)[O-].CC(C)[O-].CC(C)[O-].[Ti+4],CC(=O)O[BH-](OC(C)=O)OC(C)=O.[Na+],,CC(=O)N(C)C,CC(=O)N(C)C,CC(=O)N(C)C,CC(=O)N(C)C,CC(=O)N(C)C,CC(=O)N(C)C,CC(=O)N(C)C,22.0,64800.0,34.0
CN[C@@H]1C[C@H]2O[C@@](C)([C@@H]1OC)n1c3ccccc3c3c4c(c5c6ccccc6n2c5c31)C(=O)NC4,CC(=O)/C=C/c1ccccc1,CC(=O)O,CC(C)[O-].CC(C)[O-].CC(C)[O-].CC(C)[O-].[Ti+4],CC(=O)O[BH-](OC(C)=O)OC(C)=O.[Na+],,CN1CCCC1=O,CN1CCCC1=O,CN1CCCC1=O,CN1CCCC1=O,CN1CCCC1=O,CN1CCCC1=O,CN1CCCC1=O,22.0,64800.0,0.0
CN[C@@H]1C[C@H]2O[C@@](C)([C@@H]1OC)n1c3ccccc3c3c4c(c5c6ccccc6n2c5c31)C(=O)NC4,O=Cc1ccc(-c2nn[nH]n2)cc1,CC(=O)O,CC(C)[O-].CC(C)[O-].CC(C)[O-].CC(C)[O-].[Ti+4],CC(=O)O[BH-](OC(C)=O)OC(C)=O.[Na+],,CN1CCCC1=O,CN1CCCC1=O,CN1CCCC1=O,CN1CCCC1=O,CN1CCCC1=O,CN1CCCC1=O,CN1CCCC1=O,22.0,64800.0,79.0
CN[C@@H]1C[C@H]2O[C@@](C)([C@@H]1OC)n1c3ccccc3c3c4c(c5c6ccccc6n2c5c31)C(=O)NC4,O=C1CCC(n2cccn2)C1,CC(=O)O,CC(C)[O-].CC(C)[O-].CC(C)[O-].CC(C)[O-].[Ti+4],CC(=O)O[BH-](OC(C)=O)OC(C)=O.[Na+],,CC(=O)N(C)C,CC(=O)N(C)C,CC(=O)N(C)C,CC(=O)N(C)C,CC(=O)N(C)C,CC(=O)N(C)C,CC(=O)N(C)C,22.0,64800.0,0.0
CN[C@@H]1C[C@H]2O[C@@](C)([C@@H]1OC)n1c3ccccc3c3c4c(c5c6ccccc6n2c5c31)C(=O)NC4,O=CC=Cc1ccccc1,CC(=O)O,CC(C)[O-].CC(C)[O-].CC(C)[O-].CC(C)[O-].[Ti+4],CC(=O)O[BH-](OC(C)=O)OC(C)=O.[Na+],,CN1CCCC1=O,CN1CCCC1=O,CN1CCCC1=O,CN1CCCC1=O,CN1CCCC1=O,CN1CCCC1=O,CN1CCCC1=O,22.0,64800.0,35.0
CN[C@@H]1C[C@H]2O[C@@](C)([C@@H]1OC)n1c3ccccc3c3c4c(c5c6ccccc6n2c5c31)C(=O)NC4,N#CCC1CCC(=O)C1,CC(=O)O,CC(C)[O-].CC(C)[O-].CC(C)[O-].CC(C)[O-].[Ti+4],CC(=O)O[BH-](OC(C)=O)OC(C)=O.[Na+],,CN1CCCC1=O,CN1CCCC1=O,CN1CCCC1=O,CN1CCCC1=O,CN1CCCC1=O,CN1CCCC1=O,CN1CCCC1=O,22.0,64800.0,12.0
CN[C@@H]1C[C@H]2O[C@@](C)([C@@H]1OC)n1c3ccccc3c3c4c(c5c6ccccc6n2c5c31)C(=O)NC4,Cc1cc(C=O)on1,CC(=O)O,CC(C)[O-].CC(C)[O-].CC(C)[O-].CC(C)[O-].[Ti+4],CC(=O)O[BH-](OC(C)=O)OC(C)=O.[Na+],,CN1CCCC1=O,CN1CCCC1=O,CN1CCCC1=O,CN1CCCC1=O,CN1CCCC1=O,CN1CCCC1=O,CN1CCCC1=O,22.0,64800.0,100.0
CN[C@@H]1C[C@H]2O[C@@](C)([C@@H]1OC)n1c3ccccc3c3c4c(c5c6ccccc6n2c5c31)C(=O)NC4,CCCn1nccc1C=O,CC(=O)O,CC(C)[O-].CC(C)[O-].CC(C)[O-].CC(C)[O-].[Ti+4],CC(=O)O[BH-](OC(C)=O)OC(C)=O.[Na+],,CN1CCCC1=O,CN1CCCC1=O,CN1CCCC1=O,CN1CCCC1=O,CN1CCCC1=O,CN1CCCC1=O,CN1CCCC1=O,22.0,64800.0,76.0
CN[C@@H]1C[C@H]2O[C@@](C)([C@@H]1OC)n1c3ccccc3c3c4c(c5c6ccccc6n2c5c31)C(=O)NC4,CC(=O)Nc1ccc(C=O)cc1,CC(=O)O,CC(C)[O-].CC(C)[O-].CC(C)[O-].CC(C)[O-].[Ti+4],CC(=O)O[BH-](OC(C)=O)OC(C)=O.[Na+],,CN1CCCC1=O,CN1CCCC1=O,CN1CCCC1=O,CN1CCCC1=O,CN1CCCC1=O,CN1CCCC1=O,CN1CCCC1=O,22.0,64800.0,97.0
CN[C@@H]1C[C@H]2O[C@@](C)([C@@H]1OC)n1c3ccccc3c3c4c(c5c6ccccc6n2c5c31)C(=O)NC4,CC(C)=CCCC(C)CC=O,CC(=O)O,CC(C)[O-].CC(C)[O-].CC(C)[O-].CC(C)[O-].[Ti+4],CC(=O)O[BH-](OC(C)=O)OC(C)=O.[Na+],,CN1CCCC1=O,CN1CCCC1=O,CN1CCCC1=O,CN1CCCC1=O,CN1CCCC1=O,CN1CCCC1=O,CN1CCCC1=O,22.0,64800.0,98.0
CN[C@@H]1C[C@H]2O[C@@](C)([C@@H]1OC)n1c3ccccc3c3c4c(c5c6ccccc6n2c5c31)C(=O)NC4,O=C1CCN(C(=O)OCc2ccccc2)CC1,CC(=O)O,CC(C)[O-].CC(C)[O-].CC(C)[O-].CC(C)[O-].[Ti+4],CC(=O)O[BH-](OC(C)=O)OC(C)=O.[Na+],,CN1CCCC1=O,CN1CCCC1=O,CN1CCCC1=O,CN1CCCC1=O,CN1CCCC1=O,CN1CCCC1=O,CN1CCCC1=O,22.0,64800.0,5.0
CN[C@@H]1C[C@H]2O[C@@](C)([C@@H]1OC)n1c3ccccc3c3c4c(c5c6ccccc6n2c5c31)C(=O)NC4,Cc1csc(C=O)n1,CC(=O)O,CC(C)[O-].CC(C)[O-].CC(C)[O-].CC(C)[O-].[Ti+4],CC(=O)O[BH-](OC(C)=O)OC(C)=O.[Na+],,CN1CCCC1=O,CN1CCCC1=O,CN1CCCC1=O,CN1CCCC1=O,CN1CCCC1=O,CN1CCCC1=O,CN1CCCC1=O,22.0,64800.0,99.0
CN[C@@H]1C[C@H]2O[C@@](C)([C@@H]1OC)n1c3ccccc3c3c4c(c5c6ccccc6n2c5c31)C(=O)NC4,O=Cc1cccc(-c2cc(O)ccn2)c1,CC(=O)O,CC(C)[O-].CC(C)[O-].CC(C)[O-].CC(C)[O-].[Ti+4],CC(=O)O[BH-](OC(C)=O)OC(C)=O.[Na+],,CN1CCCC1=O,CN1CCCC1=O,CN1CCCC1=O,CN1CCCC1=O,CN1CCCC1=O,CN1CCCC1=O,CN1CCCC1=O,22.0,64800.0,100.0
CN[C@@H]1C[C@H]2O[C@@](C)([C@@H]1OC)n1c3ccccc3c3c4c(c5c6ccccc6n2c5c31)C(=O)NC4,N#Cc1ccc(C=O)cc1Br,CC(=O)O,CC(C)[O-].CC(C)[O-].CC(C)[O-].CC(C)[O-].[Ti+4],CC(=O)O[BH-](OC(C)=O)OC(C)=O.[Na+],,CN1CCCC1=O,CN1CCCC1=O,CN1CCCC1=O,CN1CCCC1=O,CN1CCCC1=O,CN1CCCC1=O,CN1CCCC1=O,22.0,64800.0,92.0
CN[C@@H]1C[C@H]2O[C@@](C)([C@@H]1OC)n1c3ccccc3c3c4c(c5c6ccccc6n2c5c31)C(=O)NC4,O=CC=Cc1ccccc1,CC(=O)O,CC(C)[O-].CC(C)[O-].CC(C)[O-].CC(C)[O-].[Ti+4],CC(=O)O[BH-](OC(C)=O)OC(C)=O.[Na+],,CC(=O)N(C)C,CC(=O)N(C)C,CC(=O)N(C)C,CC(=O)N(C)C,CC(=O)N(C)C,CC(=O)N(C)C,CC(=O)N(C)C,22.0,64800.0,32.0
CN[C@@H]1C[C@H]2O[C@@](C)([C@@H]1OC)n1c3ccccc3c3c4c(c5c6ccccc6n2c5c31)C(=O)NC4,Cc1cccc(-n2ccnc2C=O)c1,CC(=O)O,CC(C)[O-].CC(C)[O-].CC(C)[O-].CC(C)[O-].[Ti+4],CC(=O)O[BH-](OC(C)=O)OC(C)=O.[Na+],,CN1CCCC1=O,CN1CCCC1=O,CN1CCCC1=O,CN1CCCC1=O,CN1CCCC1=O,CN1CCCC1=O,CN1CCCC1=O,22.0,64800.0,39.0
CN[C@@H]1C[C@H]2O[C@@](C)([C@@H]1OC)n1c3ccccc3c3c4c(c5c6ccccc6n2c5c31)C(=O)NC4,O=Cc1nc2ccccc2s1,CC(=O)O,CC(C)[O-].CC(C)[O-].CC(C)[O-].CC(C)[O-].[Ti+4],CC(=O)O[BH-](OC(C)=O)OC(C)=O.[Na+],,CN1CCCC1=O,CN1CCCC1=O,CN1CCCC1=O,CN1CCCC1=O,CN1CCCC1=O,CN1CCCC1=O,CN1CCCC1=O,22.0,64800.0,68.0
CN[C@@H]1C[C@H]2O[C@@](C)([C@@H]1OC)n1c3ccccc3c3c4c(c5c6ccccc6n2c5c31)C(=O)NC4,Cc1noc(C2CC2)c1C=O,CC(=O)O,CC(C)[O-].CC(C)[O-].CC(C)[O-].CC(C)[O-].[Ti+4],CC(=O)O[BH-](OC(C)=O)OC(C)=O.[Na+],,CN1CCCC1=O,CN1CCCC1=O,CN1CCCC1=O,CN1CCCC1=O,CN1CCCC1=O,CN1CCCC1=O,CN1CCCC1=O,22.0,64800.0,91.0
CN[C@@H]1C[C@H]2O[C@@](C)([C@@H]1OC)n1c3ccccc3c3c4c(c5c6ccccc6n2c5c31)C(=O)NC4,O=Cc1nc2ccccc2s1,CC(=O)O,CC(C)[O-].CC(C)[O-].CC(C)[O-].CC(C)[O-].[Ti+4],CC(=O)O[BH-](OC(C)=O)OC(C)=O.[Na+],,CC(=O)N(C)C,CC(=O)N(C)C,CC(=O)N(C)C,CC(=O)N(C)C,CC(=O)N(C)C,CC(=O)N(C)C,CC(=O)N(C)C,22.0,64800.0,79.0
CN[C@@H]1C[C@H]2O[C@@](C)([C@@H]1OC)n1c3ccccc3c3c4c(c5c6ccccc6n2c5c31)C(=O)NC4,O=C1CCCC1,CC(=O)O,CC(C)[O-].CC(C)[O-].CC(C)[O-].CC(C)[O-].[Ti+4],CC(=O)O[BH-](OC(C)=O)OC(C)=O.[Na+],,CC(=O)N(C)C,CC(=O)N(C)C,CC(=O)N(C)C,CC(=O)N(C)C,CC(=O)N(C)C,CC(=O)N(C)C,CC(=O)N(C)C,22.0,64800.0,0.0
CN[C@@H]1C[C@H]2O[C@@](C)([C@@H]1OC)n1c3ccccc3c3c4c(c5c6ccccc6n2c5c31)C(=O)NC4,CC(=O)c1cc(C)cc(C)c1,CC(=O)O,CC(C)[O-].CC(C)[O-].CC(C)[O-].CC(C)[O-].[Ti+4],CC(=O)O[BH-](OC(C)=O)OC(C)=O.[Na+],,CN1CCCC1=O,CN1CCCC1=O,CN1CCCC1=O,CN1CCCC1=O,CN1CCCC1=O,CN1CCCC1=O,CN1CCCC1=O,22.0,64800.0,0.0
CN[C@@H]1C[C@H]2O[C@@](C)([C@@H]1OC)n1c3ccccc3c3c4c(c5c6ccccc6n2c5c31)C(=O)NC4,O=C1CCC(n2cccn2)C1,CC(=O)O,CC(C)[O-].CC(C)[O-].CC(C)[O-].CC(C)[O-].[Ti+4],CC(=O)O[BH-](OC(C)=O)OC(C)=O.[Na+],,CC(=O)N(C)C,CC(=O)N(C)C,CC(=O)N(C)C,CC(=O)N(C)C,CC(=O)N(C)C,CC(=O)N(C)C,CC(=O)N(C)C,22.0,64800.0,3.0
CN[C@@H]1C[C@H]2O[C@@](C)([C@@H]1OC)n1c3ccccc3c3c4c(c5c6ccccc6n2c5c31)C(=O)NC4,O=CC1CCN(Cc2ccccc2)CC1,CC(=O)O,CC(C)[O-].CC(C)[O-].CC(C)[O-].CC(C)[O-].[Ti+4],CC(=O)O[BH-](OC(C)=O)OC(C)=O.[Na+],,CN1CCCC1=O,CN1CCCC1=O,CN1CCCC1=O,CN1CCCC1=O,CN1CCCC1=O,CN1CCCC1=O,CN1CCCC1=O,22.0,64800.0,26.0
CN[C@@H]1C[C@H]2O[C@@](C)([C@@H]1OC)n1c3ccccc3c3c4c(c5c6ccccc6n2c5c31)C(=O)NC4,Cn1cc(C=O)c(C2CC2)n1,CC(=O)O,CC(C)[O-].CC(C)[O-].CC(C)[O-].CC(C)[O-].[Ti+4],CC(=O)O[BH-](OC(C)=O)OC(C)=O.[Na+],,CN1CCCC1=O,CN1CCCC1=O,CN1CCCC1=O,CN1CCCC1=O,CN1CCCC1=O,CN1CCCC1=O,CN1CCCC1=O,22.0,64800.0,59.0
CN[C@@H]1C[C@H]2O[C@@](C)([C@@H]1OC)n1c3ccccc3c3c4c(c5c6ccccc6n2c5c31)C(=O)NC4,O=C1CCN(C(=O)OCc2ccccc2)CC1,CC(=O)O,CC(C)[O-].CC(C)[O-].CC(C)[O-].CC(C)[O-].[Ti+4],CC(=O)O[BH-](OC(C)=O)OC(C)=O.[Na+],,CC(=O)N(C)C,CC(=O)N(C)C,CC(=O)N(C)C,CC(=O)N(C)C,CC(=O)N(C)C,CC(=O)N(C)C,CC(=O)N(C)C,22.0,64800.0,13.0
CN[C@@H]1C[C@H]2O[C@@](C)([C@@H]1OC)n1c3ccccc3c3c4c(c5c6ccccc6n2c5c31)C(=O)NC4,O=C1CCCC1,CC(=O)O,CC(C)[O-].CC(C)[O-].CC(C)[O-].CC(C)[O-].[Ti+4],CC(=O)O[BH-](OC(C)=O)OC(C)=O.[Na+],,CN1CCCC1=O,CN1CCCC1=O,CN1CCCC1=O,CN1CCCC1=O,CN1CCCC1=O,CN1CCCC1=O,CN1CCCC1=O,22.0,64800.0,2.0
CN[C@@H]1C[C@H]2O[C@@](C)([C@@H]1OC)n1c3ccccc3c3c4c(c5c6ccccc6n2c5c31)C(=O)NC4,Cc1ccc(C=O)cc1C,CC(=O)O,CC(C)[O-].CC(C)[O-].CC(C)[O-].CC(C)[O-].[Ti+4],CC(=O)O[BH-](OC(C)=O)OC(C)=O.[Na+],,CN1CCCC1=O,CN1CCCC1=O,CN1CCCC1=O,CN1CCCC1=O,CN1CCCC1=O,CN1CCCC1=O,CN1CCCC1=O,22.0,64800.0,36.0
CN[C@@H]1C[C@H]2O[C@@](C)([C@@H]1OC)n1c3ccccc3c3c4c(c5c6ccccc6n2c5c31)C(=O)NC4,O=C1CCCC1,CC(=O)O,CC(C)[O-].CC(C)[O-].CC(C)[O-].CC(C)[O-].[Ti+4],CC(=O)O[BH-](OC(C)=O)OC(C)=O.[Na+],,CN1CCCC1=O,CN1CCCC1=O,CN1CCCC1=O,CN1CCCC1=O,CN1CCCC1=O,CN1CCCC1=O,CN1CCCC1=O,22.0,64800.0,1.0
CN[C@@H]1C[C@H]2O[C@@](C)([C@@H]1OC)n1c3ccccc3c3c4c(c5c6ccccc6n2c5c31)C(=O)NC4,Cc1nc(C(F)(F)F)c(C=O)s1,CC(=O)O,CC(C)[O-].CC(C)[O-].CC(C)[O-].CC(C)[O-].[Ti+4],CC(=O)O[BH-](OC(C)=O)OC(C)=O.[Na+],,CN1CCCC1=O,CN1CCCC1=O,CN1CCCC1=O,CN1CCCC1=O,CN1CCCC1=O,CN1CCCC1=O,CN1CCCC1=O,22.0,64800.0,93.0
CN[C@@H]1C[C@H]2O[C@@](C)([C@@H]1OC)n1c3ccccc3c3c4c(c5c6ccccc6n2c5c31)C(=O)NC4,CC(=O)c1cc(C)cc(C)c1,CC(=O)O,CC(C)[O-].CC(C)[O-].CC(C)[O-].CC(C)[O-].[Ti+4],CC(=O)O[BH-](OC(C)=O)OC(C)=O.[Na+],,CC(=O)N(C)C,CC(=O)N(C)C,CC(=O)N(C)C,CC(=O)N(C)C,CC(=O)N(C)C,CC(=O)N(C)C,CC(=O)N(C)C,22.0,64800.0,0.0
CN[C@@H]1C[C@H]2O[C@@](C)([C@@H]1OC)n1c3ccccc3c3c4c(c5c6ccccc6n2c5c31)C(=O)NC4,Cn1cc(C=O)c(C2CC2)n1,CC(=O)O,CC(C)[O-].CC(C)[O-].CC(C)[O-].CC(C)[O-].[Ti+4],CC(=O)O[BH-](OC(C)=O)OC(C)=O.[Na+],,CN1CCCC1=O,CN1CCCC1=O,CN1CCCC1=O,CN1CCCC1=O,CN1CCCC1=O,CN1CCCC1=O,CN1CCCC1=O,22.0,64800.0,64.0
CN[C@@H]1C[C@H]2O[C@@](C)([C@@H]1OC)n1c3ccccc3c3c4c(c5c6ccccc6n2c5c31)C(=O)NC4,Cc1cc(C=O)no1,CC(=O)O,CC(C)[O-].CC(C)[O-].CC(C)[O-].CC(C)[O-].[Ti+4],CC(=O)O[BH-](OC(C)=O)OC(C)=O.[Na+],,CN1CCCC1=O,CN1CCCC1=O,CN1CCCC1=O,CN1CCCC1=O,CN1CCCC1=O,CN1CCCC1=O,CN1CCCC1=O,22.0,64800.0,100.0
CN[C@@H]1C[C@H]2O[C@@](C)([C@@H]1OC)n1c3ccccc3c3c4c(c5c6ccccc6n2c5c31)C(=O)NC4,CCCCc1cc(Cl)c(C=O)[nH]1,CC(=O)O,CC(C)[O-].CC(C)[O-].CC(C)[O-].CC(C)[O-].[Ti+4],CC(=O)O[BH-](OC(C)=O)OC(C)=O.[Na+],,CN1CCCC1=O,CN1CCCC1=O,CN1CCCC1=O,CN1CCCC1=O,CN1CCCC1=O,CN1CCCC1=O,CN1CCCC1=O,22.0,64800.0,0.0
CN[C@@H]1C[C@H]2O[C@@](C)([C@@H]1OC)n1c3ccccc3c3c4c(c5c6ccccc6n2c5c31)C(=O)NC4,N#Cc1ccc(C=O)cc1Br,CC(=O)O,CC(C)[O-].CC(C)[O-].CC(C)[O-].CC(C)[O-].[Ti+4],CC(=O)O[BH-](OC(C)=O)OC(C)=O.[Na+],,CC(=O)N(C)C,CC(=O)N(C)C,CC(=O)N(C)C,CC(=O)N(C)C,CC(=O)N(C)C,CC(=O)N(C)C,CC(=O)N(C)C,22.0,64800.0,3.0
CN[C@@H]1C[C@H]2O[C@@](C)([C@@H]1OC)n1c3ccccc3c3c4c(c5c6ccccc6n2c5c31)C(=O)NC4,O=C1CCCC1,CC(=O)O,CC(C)[O-].CC(C)[O-].CC(C)[O-].CC(C)[O-].[Ti+4],CC(=O)O[BH-](OC(C)=O)OC(C)=O.[Na+],,CC(=O)N(C)C,CC(=O)N(C)C,CC(=O)N(C)C,CC(=O)N(C)C,CC(=O)N(C)C,CC(=O)N(C)C,CC(=O)N(C)C,22.0,64800.0,2.0
CN[C@@H]1C[C@H]2O[C@@](C)([C@@H]1OC)n1c3ccccc3c3c4c(c5c6ccccc6n2c5c31)C(=O)NC4,O=C1CCCC1,CC(=O)O,CC(C)[O-].CC(C)[O-].CC(C)[O-].CC(C)[O-].[Ti+4],CC(=O)O[BH-](OC(C)=O)OC(C)=O.[Na+],,CC(=O)N(C)C,CC(=O)N(C)C,CC(=O)N(C)C,CC(=O)N(C)C,CC(=O)N(C)C,CC(=O)N(C)C,CC(=O)N(C)C,22.0,64800.0,2.0
CN[C@@H]1C[C@H]2O[C@@](C)([C@@H]1OC)n1c3ccccc3c3c4c(c5c6ccccc6n2c5c31)C(=O)NC4,Cc1ccc(C=O)cc1C,CC(=O)O,CC(C)[O-].CC(C)[O-].CC(C)[O-].CC(C)[O-].[Ti+4],CC(=O)O[BH-](OC(C)=O)OC(C)=O.[Na+],,CN1CCCC1=O,CN1CCCC1=O,CN1CCCC1=O,CN1CCCC1=O,CN1CCCC1=O,CN1CCCC1=O,CN1CCCC1=O,22.0,64800.0,92.0
CN[C@@H]1C[C@H]2O[C@@](C)([C@@H]1OC)n1c3ccccc3c3c4c(c5c6ccccc6n2c5c31)C(=O)NC4,Cc1ccc(C=O)cc1C,CC(=O)O,CC(C)[O-].CC(C)[O-].CC(C)[O-].CC(C)[O-].[Ti+4],CC(=O)O[BH-](OC(C)=O)OC(C)=O.[Na+],,CC(=O)N(C)C,CC(=O)N(C)C,CC(=O)N(C)C,CC(=O)N(C)C,CC(=O)N(C)C,CC(=O)N(C)C,CC(=O)N(C)C,22.0,64800.0,79.0
CN[C@@H]1C[C@H]2O[C@@](C)([C@@H]1OC)n1c3ccccc3c3c4c(c5c6ccccc6n2c5c31)C(=O)NC4,CC(=O)Nc1ccc(C=O)cc1,CC(=O)O,CC(C)[O-].CC(C)[O-].CC(C)[O-].CC(C)[O-].[Ti+4],CC(=O)O[BH-](OC(C)=O)OC(C)=O.[Na+],,CN1CCCC1=O,CN1CCCC1=O,CN1CCCC1=O,CN1CCCC1=O,CN1CCCC1=O,CN1CCCC1=O,CN1CCCC1=O,22.0,64800.0,58.0
CN[C@@H]1C[C@H]2O[C@@](C)([C@@H]1OC)n1c3ccccc3c3c4c(c5c6ccccc6n2c5c31)C(=O)NC4,O=CC1CCN(C(=O)OCc2ccccc2)CC1,CC(=O)O,CC(C)[O-].CC(C)[O-].CC(C)[O-].CC(C)[O-].[Ti+4],CC(=O)O[BH-](OC(C)=O)OC(C)=O.[Na+],,CN1CCCC1=O,CN1CCCC1=O,CN1CCCC1=O,CN1CCCC1=O,CN1CCCC1=O,CN1CCCC1=O,CN1CCCC1=O,22.0,64800.0,11.0
CN[C@@H]1C[C@H]2O[C@@](C)([C@@H]1OC)n1c3ccccc3c3c4c(c5c6ccccc6n2c5c31)C(=O)NC4,CC(=O)Nc1ccc(C=O)cc1,CC(=O)O,CC(C)[O-].CC(C)[O-].CC(C)[O-].CC(C)[O-].[Ti+4],CC(=O)O[BH-](OC(C)=O)OC(C)=O.[Na+],,CN1CCCC1=O,CN1CCCC1=O,CN1CCCC1=O,CN1CCCC1=O,CN1CCCC1=O,CN1CCCC1=O,CN1CCCC1=O,22.0,64800.0,97.0
CN[C@@H]1C[C@H]2O[C@@](C)([C@@H]1OC)n1c3ccccc3c3c4c(c5c6ccccc6n2c5c31)C(=O)NC4,O=C1CCC(n2cccn2)C1,CC(=O)O,CC(C)[O-].CC(C)[O-].CC(C)[O-].CC(C)[O-].[Ti+4],CC(=O)O[BH-](OC(C)=O)OC(C)=O.[Na+],,CN1CCCC1=O,CN1CCCC1=O,CN1CCCC1=O,CN1CCCC1=O,CN1CCCC1=O,CN1CCCC1=O,CN1CCCC1=O,22.0,64800.0,0.0
CN[C@@H]1C[C@H]2O[C@@](C)([C@@H]1OC)n1c3ccccc3c3c4c(c5c6ccccc6n2c5c31)C(=O)NC4,CC(C)n1c(C=O)nc2ccccc21,CC(=O)O,CC(C)[O-].CC(C)[O-].CC(C)[O-].CC(C)[O-].[Ti+4],CC(=O)O[BH-](OC(C)=O)OC(C)=O.[Na+],,CN1CCCC1=O,CN1CCCC1=O,CN1CCCC1=O,CN1CCCC1=O,CN1CCCC1=O,CN1CCCC1=O,CN1CCCC1=O,22.0,64800.0,94.0
CN[C@@H]1C[C@H]2O[C@@](C)([C@@H]1OC)n1c3ccccc3c3c4c(c5c6ccccc6n2c5c31)C(=O)NC4,CC(=O)c1cc(C)cc(C)c1,CC(=O)O,CC(C)[O-].CC(C)[O-].CC(C)[O-].CC(C)[O-].[Ti+4],CC(=O)O[BH-](OC(C)=O)OC(C)=O.[Na+],,CN1CCCC1=O,CN1CCCC1=O,CN1CCCC1=O,CN1CCCC1=O,CN1CCCC1=O,CN1CCCC1=O,CN1CCCC1=O,22.0,64800.0,0.0
CN[C@@H]1C[C@H]2O[C@@](C)([C@@H]1OC)n1c3ccccc3c3c4c(c5c6ccccc6n2c5c31)C(=O)NC4,O=Cc1cccc(-c2cc(O)ccn2)c1,CC(=O)O,CC(C)[O-].CC(C)[O-].CC(C)[O-].CC(C)[O-].[Ti+4],CC(=O)O[BH-](OC(C)=O)OC(C)=O.[Na+],,CN1CCCC1=O,CN1CCCC1=O,CN1CCCC1=O,CN1CCCC1=O,CN1CCCC1=O,CN1CCCC1=O,CN1CCCC1=O,22.0,64800.0,100.0
CN[C@@H]1C[C@H]2O[C@@](C)([C@@H]1OC)n1c3ccccc3c3c4c(c5c6ccccc6n2c5c31)C(=O)NC4,Cc1cnc(C=O)s1,CC(=O)O,CC(C)[O-].CC(C)[O-].CC(C)[O-].CC(C)[O-].[Ti+4],CC(=O)O[BH-](OC(C)=O)OC(C)=O.[Na+],,CN1CCCC1=O,CN1CCCC1=O,CN1CCCC1=O,CN1CCCC1=O,CN1CCCC1=O,CN1CCCC1=O,CN1CCCC1=O,22.0,64800.0,86.0
CN[C@@H]1C[C@H]2O[C@@](C)([C@@H]1OC)n1c3ccccc3c3c4c(c5c6ccccc6n2c5c31)C(=O)NC4,O=Cc1cc2cnccc2[nH]1,CC(=O)O,CC(C)[O-].CC(C)[O-].CC(C)[O-].CC(C)[O-].[Ti+4],CC(=O)O[BH-](OC(C)=O)OC(C)=O.[Na+],,CN1CCCC1=O,CN1CCCC1=O,CN1CCCC1=O,CN1CCCC1=O,CN1CCCC1=O,CN1CCCC1=O,CN1CCCC1=O,22.0,64800.0,63.0
CN[C@@H]1C[C@H]2O[C@@](C)([C@@H]1OC)n1c3ccccc3c3c4c(c5c6ccccc6n2c5c31)C(=O)NC4,Cc1nn(C)c(C)c1C=O,CC(=O)O,CC(C)[O-].CC(C)[O-].CC(C)[O-].CC(C)[O-].[Ti+4],CC(=O)O[BH-](OC(C)=O)OC(C)=O.[Na+],,CN1CCCC1=O,CN1CCCC1=O,CN1CCCC1=O,CN1CCCC1=O,CN1CCCC1=O,CN1CCCC1=O,CN1CCCC1=O,22.0,64800.0,53.0
CN[C@@H]1C[C@H]2O[C@@](C)([C@@H]1OC)n1c3ccccc3c3c4c(c5c6ccccc6n2c5c31)C(=O)NC4,CC(=O)Nc1ccc(C=O)cc1,CC(=O)O,CC(C)[O-].CC(C)[O-].CC(C)[O-].CC(C)[O-].[Ti+4],CC(=O)O[BH-](OC(C)=O)OC(C)=O.[Na+],,CC(=O)N(C)C,CC(=O)N(C)C,CC(=O)N(C)C,CC(=O)N(C)C,CC(=O)N(C)C,CC(=O)N(C)C,CC(=O)N(C)C,22.0,64800.0,82.0
CN[C@@H]1C[C@H]2O[C@@](C)([C@@H]1OC)n1c3ccccc3c3c4c(c5c6ccccc6n2c5c31)C(=O)NC4,O=Cc1c(Cl)cnc2[nH]ccc12,CC(=O)O,CC(C)[O-].CC(C)[O-].CC(C)[O-].CC(C)[O-].[Ti+4],CC(=O)O[BH-](OC(C)=O)OC(C)=O.[Na+],,CN1CCCC1=O,CN1CCCC1=O,CN1CCCC1=O,CN1CCCC1=O,CN1CCCC1=O,CN1CCCC1=O,CN1CCCC1=O,22.0,64800.0,95.0
CN[C@@H]1C[C@H]2O[C@@](C)([C@@H]1OC)n1c3ccccc3c3c4c(c5c6ccccc6n2c5c31)C(=O)NC4,O=CC1CCN(C(=O)OCc2ccccc2)CC1,CC(=O)O,CC(C)[O-].CC(C)[O-].CC(C)[O-].CC(C)[O-].[Ti+4],CC(=O)O[BH-](OC(C)=O)OC(C)=O.[Na+],,CC(=O)N(C)C,CC(=O)N(C)C,CC(=O)N(C)C,CC(=O)N(C)C,CC(=O)N(C)C,CC(=O)N(C)C,CC(=O)N(C)C,22.0,64800.0,0.0
CN[C@@H]1C[C@H]2O[C@@](C)([C@@H]1OC)n1c3ccccc3c3c4c(c5c6ccccc6n2c5c31)C(=O)NC4,CC(=O)Nc1ccc(C=O)cc1,CC(=O)O,CC(C)[O-].CC(C)[O-].CC(C)[O-].CC(C)[O-].[Ti+4],CC(=O)O[BH-](OC(C)=O)OC(C)=O.[Na+],,CN1CCCC1=O,CN1CCCC1=O,CN1CCCC1=O,CN1CCCC1=O,CN1CCCC1=O,CN1CCCC1=O,CN1CCCC1=O,22.0,64800.0,82.0
CN[C@@H]1C[C@H]2O[C@@](C)([C@@H]1OC)n1c3ccccc3c3c4c(c5c6ccccc6n2c5c31)C(=O)NC4,N#CCC1CCC(=O)C1,CC(=O)O,CC(C)[O-].CC(C)[O-].CC(C)[O-].CC(C)[O-].[Ti+4],CC(=O)O[BH-](OC(C)=O)OC(C)=O.[Na+],,CC(=O)N(C)C,CC(=O)N(C)C,CC(=O)N(C)C,CC(=O)N(C)C,CC(=O)N(C)C,CC(=O)N(C)C,CC(=O)N(C)C,22.0,64800.0,11.0
CN[C@@H]1C[C@H]2O[C@@](C)([C@@H]1OC)n1c3ccccc3c3c4c(c5c6ccccc6n2c5c31)C(=O)NC4,O=C1CCC(n2cccn2)C1,CC(=O)O,CC(C)[O-].CC(C)[O-].CC(C)[O-].CC(C)[O-].[Ti+4],CC(=O)O[BH-](OC(C)=O)OC(C)=O.[Na+],,CC(=O)N(C)C,CC(=O)N(C)C,CC(=O)N(C)C,CC(=O)N(C)C,CC(=O)N(C)C,CC(=O)N(C)C,CC(=O)N(C)C,22.0,64800.0,0.0
CN[C@@H]1C[C@H]2O[C@@](C)([C@@H]1OC)n1c3ccccc3c3c4c(c5c6ccccc6n2c5c31)C(=O)NC4,O=CC1CCN(C(=O)OCc2ccccc2)CC1,CC(=O)O,CC(C)[O-].CC(C)[O-].CC(C)[O-].CC(C)[O-].[Ti+4],CC(=O)O[BH-](OC(C)=O)OC(C)=O.[Na+],,CN1CCCC1=O,CN1CCCC1=O,CN1CCCC1=O,CN1CCCC1=O,CN1CCCC1=O,CN1CCCC1=O,CN1CCCC1=O,22.0,64800.0,13.0
CN[C@@H]1C[C@H]2O[C@@](C)([C@@H]1OC)n1c3ccccc3c3c4c(c5c6ccccc6n2c5c31)C(=O)NC4,O=CCCc1ccccc1,CC(=O)O,CC(C)[O-].CC(C)[O-].CC(C)[O-].CC(C)[O-].[Ti+4],CC(=O)O[BH-](OC(C)=O)OC(C)=O.[Na+],,CC(=O)N(C)C,CC(=O)N(C)C,CC(=O)N(C)C,CC(=O)N(C)C,CC(=O)N(C)C,CC(=O)N(C)C,CC(=O)N(C)C,22.0,64800.0,23.0
CN[C@@H]1C[C@H]2O[C@@](C)([C@@H]1OC)n1c3ccccc3c3c4c(c5c6ccccc6n2c5c31)C(=O)NC4,CC(=O)Nc1ccc(C=O)cc1,CC(=O)O,CC(C)[O-].CC(C)[O-].CC(C)[O-].CC(C)[O-].[Ti+4],CC(=O)O[BH-](OC(C)=O)OC(C)=O.[Na+],,CC(=O)N(C)C,CC(=O)N(C)C,CC(=O)N(C)C,CC(=O)N(C)C,CC(=O)N(C)C,CC(=O)N(C)C,CC(=O)N(C)C,22.0,64800.0,97.0
CN[C@@H]1C[C@H]2O[C@@](C)([C@@H]1OC)n1c3ccccc3c3c4c(c5c6ccccc6n2c5c31)C(=O)NC4,Cc1cnc(C=O)s1,CC(=O)O,CC(C)[O-].CC(C)[O-].CC(C)[O-].CC(C)[O-].[Ti+4],CC(=O)O[BH-](OC(C)=O)OC(C)=O.[Na+],,CN1CCCC1=O,CN1CCCC1=O,CN1CCCC1=O,CN1CCCC1=O,CN1CCCC1=O,CN1CCCC1=O,CN1CCCC1=O,22.0,64800.0,91.0
CN[C@@H]1C[C@H]2O[C@@](C)([C@@H]1OC)n1c3ccccc3c3c4c(c5c6ccccc6n2c5c31)C(=O)NC4,CC(C)n1ncc2cc(C=O)cnc21,CC(=O)O,CC(C)[O-].CC(C)[O-].CC(C)[O-].CC(C)[O-].[Ti+4],CC(=O)O[BH-](OC(C)=O)OC(C)=O.[Na+],,CN1CCCC1=O,CN1CCCC1=O,CN1CCCC1=O,CN1CCCC1=O,CN1CCCC1=O,CN1CCCC1=O,CN1CCCC1=O,22.0,64800.0,100.0
CN[C@@H]1C[C@H]2O[C@@](C)([C@@H]1OC)n1c3ccccc3c3c4c(c5c6ccccc6n2c5c31)C(=O)NC4,O=Cc1nc2ccccc2s1,CC(=O)O,CC(C)[O-].CC(C)[O-].CC(C)[O-].CC(C)[O-].[Ti+4],CC(=O)O[BH-](OC(C)=O)OC(C)=O.[Na+],,CN1CCCC1=O,CN1CCCC1=O,CN1CCCC1=O,CN1CCCC1=O,CN1CCCC1=O,CN1CCCC1=O,CN1CCCC1=O,22.0,64800.0,96.0
CN[C@@H]1C[C@H]2O[C@@](C)([C@@H]1OC)n1c3ccccc3c3c4c(c5c6ccccc6n2c5c31)C(=O)NC4,O=CC=Cc1ccccc1,CC(=O)O,CC(C)[O-].CC(C)[O-].CC(C)[O-].CC(C)[O-].[Ti+4],CC(=O)O[BH-](OC(C)=O)OC(C)=O.[Na+],,CN1CCCC1=O,CN1CCCC1=O,CN1CCCC1=O,CN1CCCC1=O,CN1CCCC1=O,CN1CCCC1=O,CN1CCCC1=O,22.0,64800.0,43.0
CN[C@@H]1C[C@H]2O[C@@](C)([C@@H]1OC)n1c3ccccc3c3c4c(c5c6ccccc6n2c5c31)C(=O)NC4,CC(C)n1c(C=O)nc2ccccc21,CC(=O)O,CC(C)[O-].CC(C)[O-].CC(C)[O-].CC(C)[O-].[Ti+4],CC(=O)O[BH-](OC(C)=O)OC(C)=O.[Na+],,CN1CCCC1=O,CN1CCCC1=O,CN1CCCC1=O,CN1CCCC1=O,CN1CCCC1=O,CN1CCCC1=O,CN1CCCC1=O,22.0,64800.0,100.0
CN[C@@H]1C[C@H]2O[C@@](C)([C@@H]1OC)n1c3ccccc3c3c4c(c5c6ccccc6n2c5c31)C(=O)NC4,N#CCC1CCC(=O)C1,CC(=O)O,CC(C)[O-].CC(C)[O-].CC(C)[O-].CC(C)[O-].[Ti+4],CC(=O)O[BH-](OC(C)=O)OC(C)=O.[Na+],,CC(=O)N(C)C,CC(=O)N(C)C,CC(=O)N(C)C,CC(=O)N(C)C,CC(=O)N(C)C,CC(=O)N(C)C,CC(=O)N(C)C,22.0,64800.0,7.0
CN[C@@H]1C[C@H]2O[C@@](C)([C@@H]1OC)n1c3ccccc3c3c4c(c5c6ccccc6n2c5c31)C(=O)NC4,CC(=O)/C=C/c1ccccc1,CC(=O)O,CC(C)[O-].CC(C)[O-].CC(C)[O-].CC(C)[O-].[Ti+4],CC(=O)O[BH-](OC(C)=O)OC(C)=O.[Na+],,CC(=O)N(C)C,CC(=O)N(C)C,CC(=O)N(C)C,CC(=O)N(C)C,CC(=O)N(C)C,CC(=O)N(C)C,CC(=O)N(C)C,22.0,64800.0,0.0
CN[C@@H]1C[C@H]2O[C@@](C)([C@@H]1OC)n1c3ccccc3c3c4c(c5c6ccccc6n2c5c31)C(=O)NC4,CCCCc1cc(Cl)c(C=O)[nH]1,CC(=O)O,CC(C)[O-].CC(C)[O-].CC(C)[O-].CC(C)[O-].[Ti+4],CC(=O)O[BH-](OC(C)=O)OC(C)=O.[Na+],,CN1CCCC1=O,CN1CCCC1=O,CN1CCCC1=O,CN1CCCC1=O,CN1CCCC1=O,CN1CCCC1=O,CN1CCCC1=O,22.0,64800.0,0.0
CN[C@@H]1C[C@H]2O[C@@](C)([C@@H]1OC)n1c3ccccc3c3c4c(c5c6ccccc6n2c5c31)C(=O)NC4,O=CC1CCN(C(=O)OCc2ccccc2)CC1,CC(=O)O,CC(C)[O-].CC(C)[O-].CC(C)[O-].CC(C)[O-].[Ti+4],CC(=O)O[BH-](OC(C)=O)OC(C)=O.[Na+],,CN1CCCC1=O,CN1CCCC1=O,CN1CCCC1=O,CN1CCCC1=O,CN1CCCC1=O,CN1CCCC1=O,CN1CCCC1=O,22.0,64800.0,11.0
CN[C@@H]1C[C@H]2O[C@@](C)([C@@H]1OC)n1c3ccccc3c3c4c(c5c6ccccc6n2c5c31)C(=O)NC4,N#Cc1ccc(C=O)cc1Br,CC(=O)O,CC(C)[O-].CC(C)[O-].CC(C)[O-].CC(C)[O-].[Ti+4],CC(=O)O[BH-](OC(C)=O)OC(C)=O.[Na+],,CC(=O)N(C)C,CC(=O)N(C)C,CC(=O)N(C)C,CC(=O)N(C)C,CC(=O)N(C)C,CC(=O)N(C)C,CC(=O)N(C)C,22.0,64800.0,11.0
CN[C@@H]1C[C@H]2O[C@@](C)([C@@H]1OC)n1c3ccccc3c3c4c(c5c6ccccc6n2c5c31)C(=O)NC4,Cc1ccc(C=O)cc1C,CC(=O)O,CC(C)[O-].CC(C)[O-].CC(C)[O-].CC(C)[O-].[Ti+4],CC(=O)O[BH-](OC(C)=O)OC(C)=O.[Na+],,CC(=O)N(C)C,CC(=O)N(C)C,CC(=O)N(C)C,CC(=O)N(C)C,CC(=O)N(C)C,CC(=O)N(C)C,CC(=O)N(C)C,22.0,64800.0,44.0
CN[C@@H]1C[C@H]2O[C@@](C)([C@@H]1OC)n1c3ccccc3c3c4c(c5c6ccccc6n2c5c31)C(=O)NC4,O=Cc1cc2cccc3c2n(c1=O)CC3,CC(=O)O,CC(C)[O-].CC(C)[O-].CC(C)[O-].CC(C)[O-].[Ti+4],CC(=O)O[BH-](OC(C)=O)OC(C)=O.[Na+],,CN1CCCC1=O,CN1CCCC1=O,CN1CCCC1=O,CN1CCCC1=O,CN1CCCC1=O,CN1CCCC1=O,CN1CCCC1=O,22.0,64800.0,99.0
CN[C@@H]1C[C@H]2O[C@@](C)([C@@H]1OC)n1c3ccccc3c3c4c(c5c6ccccc6n2c5c31)C(=O)NC4,CC(=O)c1cc(C(F)(F)F)cc(C(F)(F)F)c1,CC(=O)O,CC(C)[O-].CC(C)[O-].CC(C)[O-].CC(C)[O-].[Ti+4],CC(=O)O[BH-](OC(C)=O)OC(C)=O.[Na+],,CC(=O)N(C)C,CC(=O)N(C)C,CC(=O)N(C)C,CC(=O)N(C)C,CC(=O)N(C)C,CC(=O)N(C)C,CC(=O)N(C)C,22.0,64800.0,0.0
CN[C@@H]1C[C@H]2O[C@@](C)([C@@H]1OC)n1c3ccccc3c3c4c(c5c6ccccc6n2c5c31)C(=O)NC4,N#Cc1ccc(C=O)cc1Br,CC(=O)O,CC(C)[O-].CC(C)[O-].CC(C)[O-].CC(C)[O-].[Ti+4],CC(=O)O[BH-](OC(C)=O)OC(C)=O.[Na+],,CC(=O)N(C)C,CC(=O)N(C)C,CC(=O)N(C)C,CC(=O)N(C)C,CC(=O)N(C)C,CC(=O)N(C)C,CC(=O)N(C)C,22.0,64800.0,45.0
CN[C@@H]1C[C@H]2O[C@@](C)([C@@H]1OC)n1c3ccccc3c3c4c(c5c6ccccc6n2c5c31)C(=O)NC4,CC(C)=CCCC(C)CC=O,CC(=O)O,CC(C)[O-].CC(C)[O-].CC(C)[O-].CC(C)[O-].[Ti+4],CC(=O)O[BH-](OC(C)=O)OC(C)=O.[Na+],,CN1CCCC1=O,CN1CCCC1=O,CN1CCCC1=O,CN1CCCC1=O,CN1CCCC1=O,CN1CCCC1=O,CN1CCCC1=O,22.0,64800.0,34.0
CN[C@@H]1C[C@H]2O[C@@](C)([C@@H]1OC)n1c3ccccc3c3c4c(c5c6ccccc6n2c5c31)C(=O)NC4,O=Cc1nc2ccccc2s1,CC(=O)O,CC(C)[O-].CC(C)[O-].CC(C)[O-].CC(C)[O-].[Ti+4],CC(=O)O[BH-](OC(C)=O)OC(C)=O.[Na+],,CC(=O)N(C)C,CC(=O)N(C)C,CC(=O)N(C)C,CC(=O)N(C)C,CC(=O)N(C)C,CC(=O)N(C)C,CC(=O)N(C)C,22.0,64800.0,64.0
CN[C@@H]1C[C@H]2O[C@@](C)([C@@H]1OC)n1c3ccccc3c3c4c(c5c6ccccc6n2c5c31)C(=O)NC4,O=C1CCC(n2cccn2)C1,CC(=O)O,CC(C)[O-].CC(C)[O-].CC(C)[O-].CC(C)[O-].[Ti+4],CC(=O)O[BH-](OC(C)=O)OC(C)=O.[Na+],,CC(=O)N(C)C,CC(=O)N(C)C,CC(=O)N(C)C,CC(=O)N(C)C,CC(=O)N(C)C,CC(=O)N(C)C,CC(=O)N(C)C,22.0,64800.0,0.0
CN[C@@H]1C[C@H]2O[C@@](C)([C@@H]1OC)n1c3ccccc3c3c4c(c5c6ccccc6n2c5c31)C(=O)NC4,O=C1CCN(c2ccc(F)c(F)c2)CC1,CC(=O)O,CC(C)[O-].CC(C)[O-].CC(C)[O-].CC(C)[O-].[Ti+4],CC(=O)O[BH-](OC(C)=O)OC(C)=O.[Na+],,CN1CCCC1=O,CN1CCCC1=O,CN1CCCC1=O,CN1CCCC1=O,CN1CCCC1=O,CN1CCCC1=O,CN1CCCC1=O,22.0,64800.0,10.0
CN[C@@H]1C[C@H]2O[C@@](C)([C@@H]1OC)n1c3ccccc3c3c4c(c5c6ccccc6n2c5c31)C(=O)NC4,N#CCC1CCC(=O)C1,CC(=O)O,CC(C)[O-].CC(C)[O-].CC(C)[O-].CC(C)[O-].[Ti+4],CC(=O)O[BH-](OC(C)=O)OC(C)=O.[Na+],,CC(=O)N(C)C,CC(=O)N(C)C,CC(=O)N(C)C,CC(=O)N(C)C,CC(=O)N(C)C,CC(=O)N(C)C,CC(=O)N(C)C,22.0,64800.0,9.0
CN[C@@H]1C[C@H]2O[C@@](C)([C@@H]1OC)n1c3ccccc3c3c4c(c5c6ccccc6n2c5c31)C(=O)NC4,O=CC1CCN(Cc2ccccc2)CC1,CC(=O)O,CC(C)[O-].CC(C)[O-].CC(C)[O-].CC(C)[O-].[Ti+4],CC(=O)O[BH-](OC(C)=O)OC(C)=O.[Na+],,CN1CCCC1=O,CN1CCCC1=O,CN1CCCC1=O,CN1CCCC1=O,CN1CCCC1=O,CN1CCCC1=O,CN1CCCC1=O,22.0,64800.0,18.0
CN[C@@H]1C[C@H]2O[C@@](C)([C@@H]1OC)n1c3ccccc3c3c4c(c5c6ccccc6n2c5c31)C(=O)NC4,O=CC1CCN(C(=O)OCc2ccccc2)CC1,CC(=O)O,CC(C)[O-].CC(C)[O-].CC(C)[O-].CC(C)[O-].[Ti+4],CC(=O)O[BH-](OC(C)=O)OC(C)=O.[Na+],,CN1CCCC1=O,CN1CCCC1=O,CN1CCCC1=O,CN1CCCC1=O,CN1CCCC1=O,CN1CCCC1=O,CN1CCCC1=O,22.0,64800.0,18.0
CN[C@@H]1C[C@H]2O[C@@](C)([C@@H]1OC)n1c3ccccc3c3c4c(c5c6ccccc6n2c5c31)C(=O)NC4,O=C1CCCC1,CC(=O)O,CC(C)[O-].CC(C)[O-].CC(C)[O-].CC(C)[O-].[Ti+4],CC(=O)O[BH-](OC(C)=O)OC(C)=O.[Na+],,CC(=O)N(C)C,CC(=O)N(C)C,CC(=O)N(C)C,CC(=O)N(C)C,CC(=O)N(C)C,CC(=O)N(C)C,CC(=O)N(C)C,22.0,64800.0,0.0
CN[C@@H]1C[C@H]2O[C@@](C)([C@@H]1OC)n1c3ccccc3c3c4c(c5c6ccccc6n2c5c31)C(=O)NC4,CCCCc1cc(Cl)c(C=O)[nH]1,CC(=O)O,CC(C)[O-].CC(C)[O-].CC(C)[O-].CC(C)[O-].[Ti+4],CC(=O)O[BH-](OC(C)=O)OC(C)=O.[Na+],,CN1CCCC1=O,CN1CCCC1=O,CN1CCCC1=O,CN1CCCC1=O,CN1CCCC1=O,CN1CCCC1=O,CN1CCCC1=O,22.0,64800.0,0.0
CN[C@@H]1C[C@H]2O[C@@](C)([C@@H]1OC)n1c3ccccc3c3c4c(c5c6ccccc6n2c5c31)C(=O)NC4,CC(=O)c1cc(C)cc(C)c1,CC(=O)O,CC(C)[O-].CC(C)[O-].CC(C)[O-].CC(C)[O-].[Ti+4],CC(=O)O[BH-](OC(C)=O)OC(C)=O.[Na+],,CC(=O)N(C)C,CC(=O)N(C)C,CC(=O)N(C)C,CC(=O)N(C)C,CC(=O)N(C)C,CC(=O)N(C)C,CC(=O)N(C)C,22.0,64800.0,0.0
CN[C@@H]1C[C@H]2O[C@@](C)([C@@H]1OC)n1c3ccccc3c3c4c(c5c6ccccc6n2c5c31)C(=O)NC4,O=Cc1cc2cc(F)ccc2[nH]c1=O,CC(=O)O,CC(C)[O-].CC(C)[O-].CC(C)[O-].CC(C)[O-].[Ti+4],CC(=O)O[BH-](OC(C)=O)OC(C)=O.[Na+],,CN1CCCC1=O,CN1CCCC1=O,CN1CCCC1=O,CN1CCCC1=O,CN1CCCC1=O,CN1CCCC1=O,CN1CCCC1=O,22.0,64800.0,24.0
CN[C@@H]1C[C@H]2O[C@@](C)([C@@H]1OC)n1c3ccccc3c3c4c(c5c6ccccc6n2c5c31)C(=O)NC4,N#Cc1ccc(C=O)cc1Br,CC(=O)O,CC(C)[O-].CC(C)[O-].CC(C)[O-].CC(C)[O-].[Ti+4],CC(=O)O[BH-](OC(C)=O)OC(C)=O.[Na+],,CN1CCCC1=O,CN1CCCC1=O,CN1CCCC1=O,CN1CCCC1=O,CN1CCCC1=O,CN1CCCC1=O,CN1CCCC1=O,22.0,64800.0,100.0
CN[C@@H]1C[C@H]2O[C@@](C)([C@@H]1OC)n1c3ccccc3c3c4c(c5c6ccccc6n2c5c31)C(=O)NC4,O=CC1CCN(C(=O)OCc2ccccc2)CC1,CC(=O)O,CC(C)[O-].CC(C)[O-].CC(C)[O-].CC(C)[O-].[Ti+4],CC(=O)O[BH-](OC(C)=O)OC(C)=O.[Na+],,CN1CCCC1=O,CN1CCCC1=O,CN1CCCC1=O,CN1CCCC1=O,CN1CCCC1=O,CN1CCCC1=O,CN1CCCC1=O,22.0,64800.0,10.0
CN[C@@H]1C[C@H]2O[C@@](C)([C@@H]1OC)n1c3ccccc3c3c4c(c5c6ccccc6n2c5c31)C(=O)NC4,O=Cc1nc2ccccc2s1,CC(=O)O,CC(C)[O-].CC(C)[O-].CC(C)[O-].CC(C)[O-].[Ti+4],CC(=O)O[BH-](OC(C)=O)OC(C)=O.[Na+],,CN1CCCC1=O,CN1CCCC1=O,CN1CCCC1=O,CN1CCCC1=O,CN1CCCC1=O,CN1CCCC1=O,CN1CCCC1=O,22.0,64800.0,40.0
CN[C@@H]1C[C@H]2O[C@@](C)([C@@H]1OC)n1c3ccccc3c3c4c(c5c6ccccc6n2c5c31)C(=O)NC4,COc1cccc(C=O)c1,CC(=O)O,CC(C)[O-].CC(C)[O-].CC(C)[O-].CC(C)[O-].[Ti+4],CC(=O)O[BH-](OC(C)=O)OC(C)=O.[Na+],,CN1CCCC1=O,CN1CCCC1=O,CN1CCCC1=O,CN1CCCC1=O,CN1CCCC1=O,CN1CCCC1=O,CN1CCCC1=O,22.0,64800.0,94.0
CN[C@@H]1C[C@H]2O[C@@](C)([C@@H]1OC)n1c3ccccc3c3c4c(c5c6ccccc6n2c5c31)C(=O)NC4,O=C1CCN(c2ccc(F)c(F)c2)CC1,CC(=O)O,CC(C)[O-].CC(C)[O-].CC(C)[O-].CC(C)[O-].[Ti+4],CC(=O)O[BH-](OC(C)=O)OC(C)=O.[Na+],,CN1CCCC1=O,CN1CCCC1=O,CN1CCCC1=O,CN1CCCC1=O,CN1CCCC1=O,CN1CCCC1=O,CN1CCCC1=O,22.0,64800.0,24.0
CN[C@@H]1C[C@H]2O[C@@](C)([C@@H]1OC)n1c3ccccc3c3c4c(c5c6ccccc6n2c5c31)C(=O)NC4,O=CC1CCN(C(=O)OCc2ccccc2)CC1,CC(=O)O,CC(C)[O-].CC(C)[O-].CC(C)[O-].CC(C)[O-].[Ti+4],CC(=O)O[BH-](OC(C)=O)OC(C)=O.[Na+],,CN1CCCC1=O,CN1CCCC1=O,CN1CCCC1=O,CN1CCCC1=O,CN1CCCC1=O,CN1CCCC1=O,CN1CCCC1=O,22.0,64800.0,13.0
CN[C@@H]1C[C@H]2O[C@@](C)([C@@H]1OC)n1c3ccccc3c3c4c(c5c6ccccc6n2c5c31)C(=O)NC4,O=Cc1nc2ccccc2s1,CC(=O)O,CC(C)[O-].CC(C)[O-].CC(C)[O-].CC(C)[O-].[Ti+4],CC(=O)O[BH-](OC(C)=O)OC(C)=O.[Na+],,CC(=O)N(C)C,CC(=O)N(C)C,CC(=O)N(C)C,CC(=O)N(C)C,CC(=O)N(C)C,CC(=O)N(C)C,CC(=O)N(C)C,22.0,64800.0,15.0
CN[C@@H]1C[C@H]2O[C@@](C)([C@@H]1OC)n1c3ccccc3c3c4c(c5c6ccccc6n2c5c31)C(=O)NC4,O=CC1CCN(C(=O)OCc2ccccc2)CC1,CC(=O)O,CC(C)[O-].CC(C)[O-].CC(C)[O-].CC(C)[O-].[Ti+4],CC(=O)O[BH-](OC(C)=O)OC(C)=O.[Na+],,CN1CCCC1=O,CN1CCCC1=O,CN1CCCC1=O,CN1CCCC1=O,CN1CCCC1=O,CN1CCCC1=O,CN1CCCC1=O,22.0,64800.0,13.0
CN[C@@H]1C[C@H]2O[C@@](C)([C@@H]1OC)n1c3ccccc3c3c4c(c5c6ccccc6n2c5c31)C(=O)NC4,CC(=O)c1cc(C(F)(F)F)cc(C(F)(F)F)c1,CC(=O)O,CC(C)[O-].CC(C)[O-].CC(C)[O-].CC(C)[O-].[Ti+4],CC(=O)O[BH-](OC(C)=O)OC(C)=O.[Na+],,CN1CCCC1=O,CN1CCCC1=O,CN1CCCC1=O,CN1CCCC1=O,CN1CCCC1=O,CN1CCCC1=O,CN1CCCC1=O,22.0,64800.0,0.0
CN[C@@H]1C[C@H]2O[C@@](C)([C@@H]1OC)n1c3ccccc3c3c4c(c5c6ccccc6n2c5c31)C(=O)NC4,Cc1nc(C(F)(F)F)c(C=O)s1,CC(=O)O,CC(C)[O-].CC(C)[O-].CC(C)[O-].CC(C)[O-].[Ti+4],CC(=O)O[BH-](OC(C)=O)OC(C)=O.[Na+],,CN1CCCC1=O,CN1CCCC1=O,CN1CCCC1=O,CN1CCCC1=O,CN1CCCC1=O,CN1CCCC1=O,CN1CCCC1=O,22.0,64800.0,66.0
CN[C@@H]1C[C@H]2O[C@@](C)([C@@H]1OC)n1c3ccccc3c3c4c(c5c6ccccc6n2c5c31)C(=O)NC4,CCCn1nccc1C=O,CC(=O)O,CC(C)[O-].CC(C)[O-].CC(C)[O-].CC(C)[O-].[Ti+4],CC(=O)O[BH-](OC(C)=O)OC(C)=O.[Na+],,CN1CCCC1=O,CN1CCCC1=O,CN1CCCC1=O,CN1CCCC1=O,CN1CCCC1=O,CN1CCCC1=O,CN1CCCC1=O,22.0,64800.0,88.0
CN[C@@H]1C[C@H]2O[C@@](C)([C@@H]1OC)n1c3ccccc3c3c4c(c5c6ccccc6n2c5c31)C(=O)NC4,O=C1CCN(c2ccc(F)c(F)c2)CC1,CC(=O)O,CC(C)[O-].CC(C)[O-].CC(C)[O-].CC(C)[O-].[Ti+4],CC(=O)O[BH-](OC(C)=O)OC(C)=O.[Na+],,CC(=O)N(C)C,CC(=O)N(C)C,CC(=O)N(C)C,CC(=O)N(C)C,CC(=O)N(C)C,CC(=O)N(C)C,CC(=O)N(C)C,22.0,64800.0,1.0
CN[C@@H]1C[C@H]2O[C@@](C)([C@@H]1OC)n1c3ccccc3c3c4c(c5c6ccccc6n2c5c31)C(=O)NC4,O=CCCc1ccccc1,CC(=O)O,CC(C)[O-].CC(C)[O-].CC(C)[O-].CC(C)[O-].[Ti+4],CC(=O)O[BH-](OC(C)=O)OC(C)=O.[Na+],,CC(=O)N(C)C,CC(=O)N(C)C,CC(=O)N(C)C,CC(=O)N(C)C,CC(=O)N(C)C,CC(=O)N(C)C,CC(=O)N(C)C,22.0,64800.0,19.0
CN[C@@H]1C[C@H]2O[C@@](C)([C@@H]1OC)n1c3ccccc3c3c4c(c5c6ccccc6n2c5c31)C(=O)NC4,N#Cc1ccc(C=O)cc1Br,CC(=O)O,CC(C)[O-].CC(C)[O-].CC(C)[O-].CC(C)[O-].[Ti+4],CC(=O)O[BH-](OC(C)=O)OC(C)=O.[Na+],,CN1CCCC1=O,CN1CCCC1=O,CN1CCCC1=O,CN1CCCC1=O,CN1CCCC1=O,CN1CCCC1=O,CN1CCCC1=O,22.0,64800.0,7.0
CN[C@@H]1C[C@H]2O[C@@](C)([C@@H]1OC)n1c3ccccc3c3c4c(c5c6ccccc6n2c5c31)C(=O)NC4,CC(=O)c1cc(C(F)(F)F)cc(C(F)(F)F)c1,CC(=O)O,CC(C)[O-].CC(C)[O-].CC(C)[O-].CC(C)[O-].[Ti+4],CC(=O)O[BH-](OC(C)=O)OC(C)=O.[Na+],,CC(=O)N(C)C,CC(=O)N(C)C,CC(=O)N(C)C,CC(=O)N(C)C,CC(=O)N(C)C,CC(=O)N(C)C,CC(=O)N(C)C,22.0,64800.0,0.0
CN[C@@H]1C[C@H]2O[C@@](C)([C@@H]1OC)n1c3ccccc3c3c4c(c5c6ccccc6n2c5c31)C(=O)NC4,Cc1cc(C=O)on1,CC(=O)O,CC(C)[O-].CC(C)[O-].CC(C)[O-].CC(C)[O-].[Ti+4],CC(=O)O[BH-](OC(C)=O)OC(C)=O.[Na+],,CN1CCCC1=O,CN1CCCC1=O,CN1CCCC1=O,CN1CCCC1=O,CN1CCCC1=O,CN1CCCC1=O,CN1CCCC1=O,22.0,64800.0,95.0
CN[C@@H]1C[C@H]2O[C@@](C)([C@@H]1OC)n1c3ccccc3c3c4c(c5c6ccccc6n2c5c31)C(=O)NC4,O=C1CCN(c2ccc(F)c(F)c2)CC1,CC(=O)O,CC(C)[O-].CC(C)[O-].CC(C)[O-].CC(C)[O-].[Ti+4],CC(=O)O[BH-](OC(C)=O)OC(C)=O.[Na+],,CN1CCCC1=O,CN1CCCC1=O,CN1CCCC1=O,CN1CCCC1=O,CN1CCCC1=O,CN1CCCC1=O,CN1CCCC1=O,22.0,64800.0,11.0
CN[C@@H]1C[C@H]2O[C@@](C)([C@@H]1OC)n1c3ccccc3c3c4c(c5c6ccccc6n2c5c31)C(=O)NC4,CC(=O)Nc1ccc(C=O)cc1,CC(=O)O,CC(C)[O-].CC(C)[O-].CC(C)[O-].CC(C)[O-].[Ti+4],CC(=O)O[BH-](OC(C)=O)OC(C)=O.[Na+],,CN1CCCC1=O,CN1CCCC1=O,CN1CCCC1=O,CN1CCCC1=O,CN1CCCC1=O,CN1CCCC1=O,CN1CCCC1=O,22.0,64800.0,73.0
CN[C@@H]1C[C@H]2O[C@@](C)([C@@H]1OC)n1c3ccccc3c3c4c(c5c6ccccc6n2c5c31)C(=O)NC4,O=CCCC(F)(F)F,CC(=O)O,CC(C)[O-].CC(C)[O-].CC(C)[O-].CC(C)[O-].[Ti+4],CC(=O)O[BH-](OC(C)=O)OC(C)=O.[Na+],,CN1CCCC1=O,CN1CCCC1=O,CN1CCCC1=O,CN1CCCC1=O,CN1CCCC1=O,CN1CCCC1=O,CN1CCCC1=O,22.0,64800.0,66.0
CN[C@@H]1C[C@H]2O[C@@](C)([C@@H]1OC)n1c3ccccc3c3c4c(c5c6ccccc6n2c5c31)C(=O)NC4,O=C1CCCC1,CC(=O)O,CC(C)[O-].CC(C)[O-].CC(C)[O-].CC(C)[O-].[Ti+4],CC(=O)O[BH-](OC(C)=O)OC(C)=O.[Na+],,CC(=O)N(C)C,CC(=O)N(C)C,CC(=O)N(C)C,CC(=O)N(C)C,CC(=O)N(C)C,CC(=O)N(C)C,CC(=O)N(C)C,22.0,64800.0,5.0
CN[C@@H]1C[C@H]2O[C@@](C)([C@@H]1OC)n1c3ccccc3c3c4c(c5c6ccccc6n2c5c31)C(=O)NC4,Cc1cnc(C=O)s1,CC(=O)O,CC(C)[O-].CC(C)[O-].CC(C)[O-].CC(C)[O-].[Ti+4],CC(=O)O[BH-](OC(C)=O)OC(C)=O.[Na+],,CN1CCCC1=O,CN1CCCC1=O,CN1CCCC1=O,CN1CCCC1=O,CN1CCCC1=O,CN1CCCC1=O,CN1CCCC1=O,22.0,64800.0,100.0
CN[C@@H]1C[C@H]2O[C@@](C)([C@@H]1OC)n1c3ccccc3c3c4c(c5c6ccccc6n2c5c31)C(=O)NC4,O=CC1CCN(C(=O)OCc2ccccc2)CC1,CC(=O)O,CC(C)[O-].CC(C)[O-].CC(C)[O-].CC(C)[O-].[Ti+4],CC(=O)O[BH-](OC(C)=O)OC(C)=O.[Na+],,CC(=O)N(C)C,CC(=O)N(C)C,CC(=O)N(C)C,CC(=O)N(C)C,CC(=O)N(C)C,CC(=O)N(C)C,CC(=O)N(C)C,22.0,64800.0,0.0
CN[C@@H]1C[C@H]2O[C@@](C)([C@@H]1OC)n1c3ccccc3c3c4c(c5c6ccccc6n2c5c31)C(=O)NC4,O=C1CCN(C(=O)OCc2ccccc2)CC1,CC(=O)O,CC(C)[O-].CC(C)[O-].CC(C)[O-].CC(C)[O-].[Ti+4],CC(=O)O[BH-](OC(C)=O)OC(C)=O.[Na+],,CN1CCCC1=O,CN1CCCC1=O,CN1CCCC1=O,CN1CCCC1=O,CN1CCCC1=O,CN1CCCC1=O,CN1CCCC1=O,22.0,64800.0,10.0
CN[C@@H]1C[C@H]2O[C@@](C)([C@@H]1OC)n1c3ccccc3c3c4c(c5c6ccccc6n2c5c31)C(=O)NC4,N#CCC1CCC(=O)C1,CC(=O)O,CC(C)[O-].CC(C)[O-].CC(C)[O-].CC(C)[O-].[Ti+4],CC(=O)O[BH-](OC(C)=O)OC(C)=O.[Na+],,CN1CCCC1=O,CN1CCCC1=O,CN1CCCC1=O,CN1CCCC1=O,CN1CCCC1=O,CN1CCCC1=O,CN1CCCC1=O,22.0,64800.0,19.0
CN[C@@H]1C[C@H]2O[C@@](C)([C@@H]1OC)n1c3ccccc3c3c4c(c5c6ccccc6n2c5c31)C(=O)NC4,O=C1CCCC1,CC(=O)O,CC(C)[O-].CC(C)[O-].CC(C)[O-].CC(C)[O-].[Ti+4],CC(=O)O[BH-](OC(C)=O)OC(C)=O.[Na+],,CC(=O)N(C)C,CC(=O)N(C)C,CC(=O)N(C)C,CC(=O)N(C)C,CC(=O)N(C)C,CC(=O)N(C)C,CC(=O)N(C)C,22.0,64800.0,4.0
CN[C@@H]1C[C@H]2O[C@@](C)([C@@H]1OC)n1c3ccccc3c3c4c(c5c6ccccc6n2c5c31)C(=O)NC4,O=C1CCN(c2ccc(F)c(F)c2)CC1,CC(=O)O,CC(C)[O-].CC(C)[O-].CC(C)[O-].CC(C)[O-].[Ti+4],CC(=O)O[BH-](OC(C)=O)OC(C)=O.[Na+],,CC(=O)N(C)C,CC(=O)N(C)C,CC(=O)N(C)C,CC(=O)N(C)C,CC(=O)N(C)C,CC(=O)N(C)C,CC(=O)N(C)C,22.0,64800.0,15.0
CN[C@@H]1C[C@H]2O[C@@](C)([C@@H]1OC)n1c3ccccc3c3c4c(c5c6ccccc6n2c5c31)C(=O)NC4,CC(=O)c1cc(C(F)(F)F)cc(C(F)(F)F)c1,CC(=O)O,CC(C)[O-].CC(C)[O-].CC(C)[O-].CC(C)[O-].[Ti+4],CC(=O)O[BH-](OC(C)=O)OC(C)=O.[Na+],,CC(=O)N(C)C,CC(=O)N(C)C,CC(=O)N(C)C,CC(=O)N(C)C,CC(=O)N(C)C,CC(=O)N(C)C,CC(=O)N(C)C,22.0,64800.0,0.0
CN[C@@H]1C[C@H]2O[C@@](C)([C@@H]1OC)n1c3ccccc3c3c4c(c5c6ccccc6n2c5c31)C(=O)NC4,Cc1csc(C=O)n1,CC(=O)O,CC(C)[O-].CC(C)[O-].CC(C)[O-].CC(C)[O-].[Ti+4],CC(=O)O[BH-](OC(C)=O)OC(C)=O.[Na+],,CN1CCCC1=O,CN1CCCC1=O,CN1CCCC1=O,CN1CCCC1=O,CN1CCCC1=O,CN1CCCC1=O,CN1CCCC1=O,22.0,64800.0,100.0
CN[C@@H]1C[C@H]2O[C@@](C)([C@@H]1OC)n1c3ccccc3c3c4c(c5c6ccccc6n2c5c31)C(=O)NC4,CC(=O)/C=C/c1ccccc1,CC(=O)O,CC(C)[O-].CC(C)[O-].CC(C)[O-].CC(C)[O-].[Ti+4],CC(=O)O[BH-](OC(C)=O)OC(C)=O.[Na+],,CN1CCCC1=O,CN1CCCC1=O,CN1CCCC1=O,CN1CCCC1=O,CN1CCCC1=O,CN1CCCC1=O,CN1CCCC1=O,22.0,64800.0,0.0
CN[C@@H]1C[C@H]2O[C@@](C)([C@@H]1OC)n1c3ccccc3c3c4c(c5c6ccccc6n2c5c31)C(=O)NC4,Cn1cc(C=O)c(C2CC2)n1,CC(=O)O,CC(C)[O-].CC(C)[O-].CC(C)[O-].CC(C)[O-].[Ti+4],CC(=O)O[BH-](OC(C)=O)OC(C)=O.[Na+],,CN1CCCC1=O,CN1CCCC1=O,CN1CCCC1=O,CN1CCCC1=O,CN1CCCC1=O,CN1CCCC1=O,CN1CCCC1=O,22.0,64800.0,82.0
CN[C@@H]1C[C@H]2O[C@@](C)([C@@H]1OC)n1c3ccccc3c3c4c(c5c6ccccc6n2c5c31)C(=O)NC4,O=C1CCN(C(=O)OCc2ccccc2)CC1,CC(=O)O,CC(C)[O-].CC(C)[O-].CC(C)[O-].CC(C)[O-].[Ti+4],CC(=O)O[BH-](OC(C)=O)OC(C)=O.[Na+],,CN1CCCC1=O,CN1CCCC1=O,CN1CCCC1=O,CN1CCCC1=O,CN1CCCC1=O,CN1CCCC1=O,CN1CCCC1=O,22.0,64800.0,26.0
CN[C@@H]1C[C@H]2O[C@@](C)([C@@H]1OC)n1c3ccccc3c3c4c(c5c6ccccc6n2c5c31)C(=O)NC4,Cc1ccc(C=O)cc1C,CC(=O)O,CC(C)[O-].CC(C)[O-].CC(C)[O-].CC(C)[O-].[Ti+4],CC(=O)O[BH-](OC(C)=O)OC(C)=O.[Na+],,CN1CCCC1=O,CN1CCCC1=O,CN1CCCC1=O,CN1CCCC1=O,CN1CCCC1=O,CN1CCCC1=O,CN1CCCC1=O,22.0,64800.0,77.0
CN[C@@H]1C[C@H]2O[C@@](C)([C@@H]1OC)n1c3ccccc3c3c4c(c5c6ccccc6n2c5c31)C(=O)NC4,O=C1CCC(n2cccn2)C1,CC(=O)O,CC(C)[O-].CC(C)[O-].CC(C)[O-].CC(C)[O-].[Ti+4],CC(=O)O[BH-](OC(C)=O)OC(C)=O.[Na+],,CN1CCCC1=O,CN1CCCC1=O,CN1CCCC1=O,CN1CCCC1=O,CN1CCCC1=O,CN1CCCC1=O,CN1CCCC1=O,22.0,64800.0,0.0
CN[C@@H]1C[C@H]2O[C@@](C)([C@@H]1OC)n1c3ccccc3c3c4c(c5c6ccccc6n2c5c31)C(=O)NC4,Cc1nc2scnn2c1C=O,CC(=O)O,CC(C)[O-].CC(C)[O-].CC(C)[O-].CC(C)[O-].[Ti+4],CC(=O)O[BH-](OC(C)=O)OC(C)=O.[Na+],,CN1CCCC1=O,CN1CCCC1=O,CN1CCCC1=O,CN1CCCC1=O,CN1CCCC1=O,CN1CCCC1=O,CN1CCCC1=O,22.0,64800.0,81.0
CN[C@@H]1C[C@H]2O[C@@](C)([C@@H]1OC)n1c3ccccc3c3c4c(c5c6ccccc6n2c5c31)C(=O)NC4,COc1cc(/C=C/C=O)ccc1O,CC(=O)O,CC(C)[O-].CC(C)[O-].CC(C)[O-].CC(C)[O-].[Ti+4],CC(=O)O[BH-](OC(C)=O)OC(C)=O.[Na+],,CN1CCCC1=O,CN1CCCC1=O,CN1CCCC1=O,CN1CCCC1=O,CN1CCCC1=O,CN1CCCC1=O,CN1CCCC1=O,22.0,64800.0,89.0
CN[C@@H]1C[C@H]2O[C@@](C)([C@@H]1OC)n1c3ccccc3c3c4c(c5c6ccccc6n2c5c31)C(=O)NC4,N#Cc1ccc(C=O)cc1Br,CC(=O)O,CC(C)[O-].CC(C)[O-].CC(C)[O-].CC(C)[O-].[Ti+4],CC(=O)O[BH-](OC(C)=O)OC(C)=O.[Na+],,CC(=O)N(C)C,CC(=O)N(C)C,CC(=O)N(C)C,CC(=O)N(C)C,CC(=O)N(C)C,CC(=O)N(C)C,CC(=O)N(C)C,22.0,64800.0,88.0
CN[C@@H]1C[C@H]2O[C@@](C)([C@@H]1OC)n1c3ccccc3c3c4c(c5c6ccccc6n2c5c31)C(=O)NC4,O=C/C=C/c1ccccc1,CC(=O)O,CC(C)[O-].CC(C)[O-].CC(C)[O-].CC(C)[O-].[Ti+4],CC(=O)O[BH-](OC(C)=O)OC(C)=O.[Na+],,CN1CCCC1=O,CN1CCCC1=O,CN1CCCC1=O,CN1CCCC1=O,CN1CCCC1=O,CN1CCCC1=O,CN1CCCC1=O,22.0,64800.0,26.0
CN[C@@H]1C[C@H]2O[C@@](C)([C@@H]1OC)n1c3ccccc3c3c4c(c5c6ccccc6n2c5c31)C(=O)NC4,O=CCCCCO,CC(=O)O,CC(C)[O-].CC(C)[O-].CC(C)[O-].CC(C)[O-].[Ti+4],CC(=O)O[BH-](OC(C)=O)OC(C)=O.[Na+],,CN1CCCC1=O,CN1CCCC1=O,CN1CCCC1=O,CN1CCCC1=O,CN1CCCC1=O,CN1CCCC1=O,CN1CCCC1=O,22.0,64800.0,78.0
CN[C@@H]1C[C@H]2O[C@@](C)([C@@H]1OC)n1c3ccccc3c3c4c(c5c6ccccc6n2c5c31)C(=O)NC4,CCCn1nccc1C=O,CC(=O)O,CC(C)[O-].CC(C)[O-].CC(C)[O-].CC(C)[O-].[Ti+4],CC(=O)O[BH-](OC(C)=O)OC(C)=O.[Na+],,CN1CCCC1=O,CN1CCCC1=O,CN1CCCC1=O,CN1CCCC1=O,CN1CCCC1=O,CN1CCCC1=O,CN1CCCC1=O,22.0,64800.0,42.0
CN[C@@H]1C[C@H]2O[C@@](C)([C@@H]1OC)n1c3ccccc3c3c4c(c5c6ccccc6n2c5c31)C(=O)NC4,O=C1CCCC1,CC(=O)O,CC(C)[O-].CC(C)[O-].CC(C)[O-].CC(C)[O-].[Ti+4],CC(=O)O[BH-](OC(C)=O)OC(C)=O.[Na+],,CC(=O)N(C)C,CC(=O)N(C)C,CC(=O)N(C)C,CC(=O)N(C)C,CC(=O)N(C)C,CC(=O)N(C)C,CC(=O)N(C)C,22.0,64800.0,1.0
CN[C@@H]1C[C@H]2O[C@@](C)([C@@H]1OC)n1c3ccccc3c3c4c(c5c6ccccc6n2c5c31)C(=O)NC4,O=CCCc1ccccc1,CC(=O)O,CC(C)[O-].CC(C)[O-].CC(C)[O-].CC(C)[O-].[Ti+4],CC(=O)O[BH-](OC(C)=O)OC(C)=O.[Na+],,CN1CCCC1=O,CN1CCCC1=O,CN1CCCC1=O,CN1CCCC1=O,CN1CCCC1=O,CN1CCCC1=O,CN1CCCC1=O,22.0,64800.0,26.0
CN[C@@H]1C[C@H]2O[C@@](C)([C@@H]1OC)n1c3ccccc3c3c4c(c5c6ccccc6n2c5c31)C(=O)NC4,N#Cc1ccc(C=O)cc1Br,CC(=O)O,CC(C)[O-].CC(C)[O-].CC(C)[O-].CC(C)[O-].[Ti+4],CC(=O)O[BH-](OC(C)=O)OC(C)=O.[Na+],,CC(=O)N(C)C,CC(=O)N(C)C,CC(=O)N(C)C,CC(=O)N(C)C,CC(=O)N(C)C,CC(=O)N(C)C,CC(=O)N(C)C,22.0,64800.0,100.0
CN[C@@H]1C[C@H]2O[C@@](C)([C@@H]1OC)n1c3ccccc3c3c4c(c5c6ccccc6n2c5c31)C(=O)NC4,Cc1nn(C)c(C)c1C=O,CC(=O)O,CC(C)[O-].CC(C)[O-].CC(C)[O-].CC(C)[O-].[Ti+4],CC(=O)O[BH-](OC(C)=O)OC(C)=O.[Na+],,CN1CCCC1=O,CN1CCCC1=O,CN1CCCC1=O,CN1CCCC1=O,CN1CCCC1=O,CN1CCCC1=O,CN1CCCC1=O,22.0,64800.0,32.0
CN[C@@H]1C[C@H]2O[C@@](C)([C@@H]1OC)n1c3ccccc3c3c4c(c5c6ccccc6n2c5c31)C(=O)NC4,CC(=O)c1cc(C)cc(C)c1,CC(=O)O,CC(C)[O-].CC(C)[O-].CC(C)[O-].CC(C)[O-].[Ti+4],CC(=O)O[BH-](OC(C)=O)OC(C)=O.[Na+],,CN1CCCC1=O,CN1CCCC1=O,CN1CCCC1=O,CN1CCCC1=O,CN1CCCC1=O,CN1CCCC1=O,CN1CCCC1=O,22.0,64800.0,0.0
CN[C@@H]1C[C@H]2O[C@@](C)([C@@H]1OC)n1c3ccccc3c3c4c(c5c6ccccc6n2c5c31)C(=O)NC4,CC(=O)/C=C/c1ccccc1,CC(=O)O,CC(C)[O-].CC(C)[O-].CC(C)[O-].CC(C)[O-].[Ti+4],CC(=O)O[BH-](OC(C)=O)OC(C)=O.[Na+],,CC(=O)N(C)C,CC(=O)N(C)C,CC(=O)N(C)C,CC(=O)N(C)C,CC(=O)N(C)C,CC(=O)N(C)C,CC(=O)N(C)C,22.0,64800.0,2.0
CN[C@@H]1C[C@H]2O[C@@](C)([C@@H]1OC)n1c3ccccc3c3c4c(c5c6ccccc6n2c5c31)C(=O)NC4,COc1ccc2cc(C=O)sc2c1,CC(=O)O,CC(C)[O-].CC(C)[O-].CC(C)[O-].CC(C)[O-].[Ti+4],CC(=O)O[BH-](OC(C)=O)OC(C)=O.[Na+],,CN1CCCC1=O,CN1CCCC1=O,CN1CCCC1=O,CN1CCCC1=O,CN1CCCC1=O,CN1CCCC1=O,CN1CCCC1=O,22.0,64800.0,87.0
CN[C@@H]1C[C@H]2O[C@@](C)([C@@H]1OC)n1c3ccccc3c3c4c(c5c6ccccc6n2c5c31)C(=O)NC4,O=Cc1cc2cccc3c2n(c1=O)CC3,CC(=O)O,CC(C)[O-].CC(C)[O-].CC(C)[O-].CC(C)[O-].[Ti+4],CC(=O)O[BH-](OC(C)=O)OC(C)=O.[Na+],,CN1CCCC1=O,CN1CCCC1=O,CN1CCCC1=O,CN1CCCC1=O,CN1CCCC1=O,CN1CCCC1=O,CN1CCCC1=O,22.0,64800.0,100.0
CN[C@@H]1C[C@H]2O[C@@](C)([C@@H]1OC)n1c3ccccc3c3c4c(c5c6ccccc6n2c5c31)C(=O)NC4,O=C1CCN(c2ccc(F)c(F)c2)CC1,CC(=O)O,CC(C)[O-].CC(C)[O-].CC(C)[O-].CC(C)[O-].[Ti+4],CC(=O)O[BH-](OC(C)=O)OC(C)=O.[Na+],,CN1CCCC1=O,CN1CCCC1=O,CN1CCCC1=O,CN1CCCC1=O,CN1CCCC1=O,CN1CCCC1=O,CN1CCCC1=O,22.0,64800.0,3.0
CN[C@@H]1C[C@H]2O[C@@](C)([C@@H]1OC)n1c3ccccc3c3c4c(c5c6ccccc6n2c5c31)C(=O)NC4,CC(=O)Nc1ccc(C=O)cc1,CC(=O)O,CC(C)[O-].CC(C)[O-].CC(C)[O-].CC(C)[O-].[Ti+4],CC(=O)O[BH-](OC(C)=O)OC(C)=O.[Na+],,CC(=O)N(C)C,CC(=O)N(C)C,CC(=O)N(C)C,CC(=O)N(C)C,CC(=O)N(C)C,CC(=O)N(C)C,CC(=O)N(C)C,22.0,64800.0,88.0
CN[C@@H]1C[C@H]2O[C@@](C)([C@@H]1OC)n1c3ccccc3c3c4c(c5c6ccccc6n2c5c31)C(=O)NC4,CC(C)=CCCC(C)CC=O,CC(=O)O,CC(C)[O-].CC(C)[O-].CC(C)[O-].CC(C)[O-].[Ti+4],CC(=O)O[BH-](OC(C)=O)OC(C)=O.[Na+],,CN1CCCC1=O,CN1CCCC1=O,CN1CCCC1=O,CN1CCCC1=O,CN1CCCC1=O,CN1CCCC1=O,CN1CCCC1=O,22.0,64800.0,64.0
CN[C@@H]1C[C@H]2O[C@@](C)([C@@H]1OC)n1c3ccccc3c3c4c(c5c6ccccc6n2c5c31)C(=O)NC4,O=C1CCN(c2ccc(F)c(F)c2)CC1,CC(=O)O,CC(C)[O-].CC(C)[O-].CC(C)[O-].CC(C)[O-].[Ti+4],CC(=O)O[BH-](OC(C)=O)OC(C)=O.[Na+],,CC(=O)N(C)C,CC(=O)N(C)C,CC(=O)N(C)C,CC(=O)N(C)C,CC(=O)N(C)C,CC(=O)N(C)C,CC(=O)N(C)C,22.0,64800.0,3.0
CN[C@@H]1C[C@H]2O[C@@](C)([C@@H]1OC)n1c3ccccc3c3c4c(c5c6ccccc6n2c5c31)C(=O)NC4,O=CC1CCN(C(=O)OCc2ccccc2)CC1,CC(=O)O,CC(C)[O-].CC(C)[O-].CC(C)[O-].CC(C)[O-].[Ti+4],CC(=O)O[BH-](OC(C)=O)OC(C)=O.[Na+],,CC(=O)N(C)C,CC(=O)N(C)C,CC(=O)N(C)C,CC(=O)N(C)C,CC(=O)N(C)C,CC(=O)N(C)C,CC(=O)N(C)C,22.0,64800.0,0.0
CN[C@@H]1C[C@H]2O[C@@](C)([C@@H]1OC)n1c3ccccc3c3c4c(c5c6ccccc6n2c5c31)C(=O)NC4,O=Cc1ccccc1,CC(=O)O,CC(C)[O-].CC(C)[O-].CC(C)[O-].CC(C)[O-].[Ti+4],CC(=O)O[BH-](OC(C)=O)OC(C)=O.[Na+],,CN1CCCC1=O,CN1CCCC1=O,CN1CCCC1=O,CN1CCCC1=O,CN1CCCC1=O,CN1CCCC1=O,CN1CCCC1=O,22.0,64800.0,54.0
CN[C@@H]1C[C@H]2O[C@@](C)([C@@H]1OC)n1c3ccccc3c3c4c(c5c6ccccc6n2c5c31)C(=O)NC4,N#CCC1CCC(=O)C1,CC(=O)O,CC(C)[O-].CC(C)[O-].CC(C)[O-].CC(C)[O-].[Ti+4],CC(=O)O[BH-](OC(C)=O)OC(C)=O.[Na+],,CN1CCCC1=O,CN1CCCC1=O,CN1CCCC1=O,CN1CCCC1=O,CN1CCCC1=O,CN1CCCC1=O,CN1CCCC1=O,22.0,64800.0,1.0
CN[C@@H]1C[C@H]2O[C@@](C)([C@@H]1OC)n1c3ccccc3c3c4c(c5c6ccccc6n2c5c31)C(=O)NC4,O=CCCc1ccccc1,CC(=O)O,CC(C)[O-].CC(C)[O-].CC(C)[O-].CC(C)[O-].[Ti+4],CC(=O)O[BH-](OC(C)=O)OC(C)=O.[Na+],,CC(=O)N(C)C,CC(=O)N(C)C,CC(=O)N(C)C,CC(=O)N(C)C,CC(=O)N(C)C,CC(=O)N(C)C,CC(=O)N(C)C,22.0,64800.0,25.0
CN[C@@H]1C[C@H]2O[C@@](C)([C@@H]1OC)n1c3ccccc3c3c4c(c5c6ccccc6n2c5c31)C(=O)NC4,O=Cc1cccc(-c2cc(O)ccn2)c1,CC(=O)O,CC(C)[O-].CC(C)[O-].CC(C)[O-].CC(C)[O-].[Ti+4],CC(=O)O[BH-](OC(C)=O)OC(C)=O.[Na+],,CN1CCCC1=O,CN1CCCC1=O,CN1CCCC1=O,CN1CCCC1=O,CN1CCCC1=O,CN1CCCC1=O,CN1CCCC1=O,22.0,64800.0,97.0
CN[C@@H]1C[C@H]2O[C@@](C)([C@@H]1OC)n1c3ccccc3c3c4c(c5c6ccccc6n2c5c31)C(=O)NC4,O=C1CCN(c2ccc(F)c(F)c2)CC1,CC(=O)O,CC(C)[O-].CC(C)[O-].CC(C)[O-].CC(C)[O-].[Ti+4],CC(=O)O[BH-](OC(C)=O)OC(C)=O.[Na+],,CC(=O)N(C)C,CC(=O)N(C)C,CC(=O)N(C)C,CC(=O)N(C)C,CC(=O)N(C)C,CC(=O)N(C)C,CC(=O)N(C)C,22.0,64800.0,1.0
CN[C@@H]1C[C@H]2O[C@@](C)([C@@H]1OC)n1c3ccccc3c3c4c(c5c6ccccc6n2c5c31)C(=O)NC4,O=Cc1cccc(-n2ccnn2)c1,CC(=O)O,CC(C)[O-].CC(C)[O-].CC(C)[O-].CC(C)[O-].[Ti+4],CC(=O)O[BH-](OC(C)=O)OC(C)=O.[Na+],,CN1CCCC1=O,CN1CCCC1=O,CN1CCCC1=O,CN1CCCC1=O,CN1CCCC1=O,CN1CCCC1=O,CN1CCCC1=O,22.0,64800.0,76.0
CN[C@@H]1C[C@H]2O[C@@](C)([C@@H]1OC)n1c3ccccc3c3c4c(c5c6ccccc6n2c5c31)C(=O)NC4,O=Cc1cc2cccc3c2n(c1=O)CC3,CC(=O)O,CC(C)[O-].CC(C)[O-].CC(C)[O-].CC(C)[O-].[Ti+4],CC(=O)O[BH-](OC(C)=O)OC(C)=O.[Na+],,CN1CCCC1=O,CN1CCCC1=O,CN1CCCC1=O,CN1CCCC1=O,CN1CCCC1=O,CN1CCCC1=O,CN1CCCC1=O,22.0,64800.0,100.0
CN[C@@H]1C[C@H]2O[C@@](C)([C@@H]1OC)n1c3ccccc3c3c4c(c5c6ccccc6n2c5c31)C(=O)NC4,O=CCCc1ccccc1,CC(=O)O,CC(C)[O-].CC(C)[O-].CC(C)[O-].CC(C)[O-].[Ti+4],CC(=O)O[BH-](OC(C)=O)OC(C)=O.[Na+],,CN1CCCC1=O,CN1CCCC1=O,CN1CCCC1=O,CN1CCCC1=O,CN1CCCC1=O,CN1CCCC1=O,CN1CCCC1=O,22.0,64800.0,29.0
CN[C@@H]1C[C@H]2O[C@@](C)([C@@H]1OC)n1c3ccccc3c3c4c(c5c6ccccc6n2c5c31)C(=O)NC4,Cc1nc2scnn2c1C=O,CC(=O)O,CC(C)[O-].CC(C)[O-].CC(C)[O-].CC(C)[O-].[Ti+4],CC(=O)O[BH-](OC(C)=O)OC(C)=O.[Na+],,CN1CCCC1=O,CN1CCCC1=O,CN1CCCC1=O,CN1CCCC1=O,CN1CCCC1=O,CN1CCCC1=O,CN1CCCC1=O,22.0,64800.0,70.0
CN[C@@H]1C[C@H]2O[C@@](C)([C@@H]1OC)n1c3ccccc3c3c4c(c5c6ccccc6n2c5c31)C(=O)NC4,CN(C)c1ccc(C=O)c(F)c1C#N,CC(=O)O,CC(C)[O-].CC(C)[O-].CC(C)[O-].CC(C)[O-].[Ti+4],CC(=O)O[BH-](OC(C)=O)OC(C)=O.[Na+],,CN1CCCC1=O,CN1CCCC1=O,CN1CCCC1=O,CN1CCCC1=O,CN1CCCC1=O,CN1CCCC1=O,CN1CCCC1=O,22.0,64800.0,33.0
CN[C@@H]1C[C@H]2O[C@@](C)([C@@H]1OC)n1c3ccccc3c3c4c(c5c6ccccc6n2c5c31)C(=O)NC4,O=CCCN1C(=O)c2ccccc2C1=O,CC(=O)O,CC(C)[O-].CC(C)[O-].CC(C)[O-].CC(C)[O-].[Ti+4],CC(=O)O[BH-](OC(C)=O)OC(C)=O.[Na+],,CN1CCCC1=O,CN1CCCC1=O,CN1CCCC1=O,CN1CCCC1=O,CN1CCCC1=O,CN1CCCC1=O,CN1CCCC1=O,22.0,64800.0,71.0
CN[C@@H]1C[C@H]2O[C@@](C)([C@@H]1OC)n1c3ccccc3c3c4c(c5c6ccccc6n2c5c31)C(=O)NC4,Cn1nc(C=O)nc1-c1ccccn1,CC(=O)O,CC(C)[O-].CC(C)[O-].CC(C)[O-].CC(C)[O-].[Ti+4],CC(=O)O[BH-](OC(C)=O)OC(C)=O.[Na+],,CN1CCCC1=O,CN1CCCC1=O,CN1CCCC1=O,CN1CCCC1=O,CN1CCCC1=O,CN1CCCC1=O,CN1CCCC1=O,22.0,64800.0,99.0
CN[C@@H]1C[C@H]2O[C@@](C)([C@@H]1OC)n1c3ccccc3c3c4c(c5c6ccccc6n2c5c31)C(=O)NC4,O=C1CCC(n2cccn2)C1,CC(=O)O,CC(C)[O-].CC(C)[O-].CC(C)[O-].CC(C)[O-].[Ti+4],CC(=O)O[BH-](OC(C)=O)OC(C)=O.[Na+],,CC(=O)N(C)C,CC(=O)N(C)C,CC(=O)N(C)C,CC(=O)N(C)C,CC(=O)N(C)C,CC(=O)N(C)C,CC(=O)N(C)C,22.0,64800.0,1.0
CN[C@@H]1C[C@H]2O[C@@](C)([C@@H]1OC)n1c3ccccc3c3c4c(c5c6ccccc6n2c5c31)C(=O)NC4,O=Cc1cc2cc(F)ccc2[nH]c1=O,CC(=O)O,CC(C)[O-].CC(C)[O-].CC(C)[O-].CC(C)[O-].[Ti+4],CC(=O)O[BH-](OC(C)=O)OC(C)=O.[Na+],,CN1CCCC1=O,CN1CCCC1=O,CN1CCCC1=O,CN1CCCC1=O,CN1CCCC1=O,CN1CCCC1=O,CN1CCCC1=O,22.0,64800.0,59.0
CN[C@@H]1C[C@H]2O[C@@](C)([C@@H]1OC)n1c3ccccc3c3c4c(c5c6ccccc6n2c5c31)C(=O)NC4,O=CC=Cc1ccccc1,CC(=O)O,CC(C)[O-].CC(C)[O-].CC(C)[O-].CC(C)[O-].[Ti+4],CC(=O)O[BH-](OC(C)=O)OC(C)=O.[Na+],,CN1CCCC1=O,CN1CCCC1=O,CN1CCCC1=O,CN1CCCC1=O,CN1CCCC1=O,CN1CCCC1=O,CN1CCCC1=O,22.0,64800.0,40.0
CN[C@@H]1C[C@H]2O[C@@](C)([C@@H]1OC)n1c3ccccc3c3c4c(c5c6ccccc6n2c5c31)C(=O)NC4,O=CCCc1ccccc1,CC(=O)O,CC(C)[O-].CC(C)[O-].CC(C)[O-].CC(C)[O-].[Ti+4],CC(=O)O[BH-](OC(C)=O)OC(C)=O.[Na+],,CC(=O)N(C)C,CC(=O)N(C)C,CC(=O)N(C)C,CC(=O)N(C)C,CC(=O)N(C)C,CC(=O)N(C)C,CC(=O)N(C)C,22.0,64800.0,39.0
CN[C@@H]1C[C@H]2O[C@@](C)([C@@H]1OC)n1c3ccccc3c3c4c(c5c6ccccc6n2c5c31)C(=O)NC4,O=Cc1c(Cl)cnc2[nH]ccc12,CC(=O)O,CC(C)[O-].CC(C)[O-].CC(C)[O-].CC(C)[O-].[Ti+4],CC(=O)O[BH-](OC(C)=O)OC(C)=O.[Na+],,CN1CCCC1=O,CN1CCCC1=O,CN1CCCC1=O,CN1CCCC1=O,CN1CCCC1=O,CN1CCCC1=O,CN1CCCC1=O,22.0,64800.0,50.0
CN[C@@H]1C[C@H]2O[C@@](C)([C@@H]1OC)n1c3ccccc3c3c4c(c5c6ccccc6n2c5c31)C(=O)NC4,O=Cc1cc2cc(F)ccc2[nH]c1=O,CC(=O)O,CC(C)[O-].CC(C)[O-].CC(C)[O-].CC(C)[O-].[Ti+4],CC(=O)O[BH-](OC(C)=O)OC(C)=O.[Na+],,CN1CCCC1=O,CN1CCCC1=O,CN1CCCC1=O,CN1CCCC1=O,CN1CCCC1=O,CN1CCCC1=O,CN1CCCC1=O,22.0,64800.0,15.0
CN[C@@H]1C[C@H]2O[C@@](C)([C@@H]1OC)n1c3ccccc3c3c4c(c5c6ccccc6n2c5c31)C(=O)NC4,CC(=O)c1cc(C(F)(F)F)cc(C(F)(F)F)c1,CC(=O)O,CC(C)[O-].CC(C)[O-].CC(C)[O-].CC(C)[O-].[Ti+4],CC(=O)O[BH-](OC(C)=O)OC(C)=O.[Na+],,CN1CCCC1=O,CN1CCCC1=O,CN1CCCC1=O,CN1CCCC1=O,CN1CCCC1=O,CN1CCCC1=O,CN1CCCC1=O,22.0,64800.0,0.0
CN[C@@H]1C[C@H]2O[C@@](C)([C@@H]1OC)n1c3ccccc3c3c4c(c5c6ccccc6n2c5c31)C(=O)NC4,O=CC=Cc1ccccc1,CC(=O)O,CC(C)[O-].CC(C)[O-].CC(C)[O-].CC(C)[O-].[Ti+4],CC(=O)O[BH-](OC(C)=O)OC(C)=O.[Na+],,CC(=O)N(C)C,CC(=O)N(C)C,CC(=O)N(C)C,CC(=O)N(C)C,CC(=O)N(C)C,CC(=O)N(C)C,CC(=O)N(C)C,22.0,64800.0,28.0
CN[C@@H]1C[C@H]2O[C@@](C)([C@@H]1OC)n1c3ccccc3c3c4c(c5c6ccccc6n2c5c31)C(=O)NC4,O=C1CCCC1,CC(=O)O,CC(C)[O-].CC(C)[O-].CC(C)[O-].CC(C)[O-].[Ti+4],CC(=O)O[BH-](OC(C)=O)OC(C)=O.[Na+],,CN1CCCC1=O,CN1CCCC1=O,CN1CCCC1=O,CN1CCCC1=O,CN1CCCC1=O,CN1CCCC1=O,CN1CCCC1=O,22.0,64800.0,10.0
CN[C@@H]1C[C@H]2O[C@@](C)([C@@H]1OC)n1c3ccccc3c3c4c(c5c6ccccc6n2c5c31)C(=O)NC4,Cn1nc(C=O)nc1-c1ccccn1,CC(=O)O,CC(C)[O-].CC(C)[O-].CC(C)[O-].CC(C)[O-].[Ti+4],CC(=O)O[BH-](OC(C)=O)OC(C)=O.[Na+],,CN1CCCC1=O,CN1CCCC1=O,CN1CCCC1=O,CN1CCCC1=O,CN1CCCC1=O,CN1CCCC1=O,CN1CCCC1=O,22.0,64800.0,52.0
CN[C@@H]1C[C@H]2O[C@@](C)([C@@H]1OC)n1c3ccccc3c3c4c(c5c6ccccc6n2c5c31)C(=O)NC4,N#CCC1CCC(=O)C1,CC(=O)O,CC(C)[O-].CC(C)[O-].CC(C)[O-].CC(C)[O-].[Ti+4],CC(=O)O[BH-](OC(C)=O)OC(C)=O.[Na+],,CC(=O)N(C)C,CC(=O)N(C)C,CC(=O)N(C)C,CC(=O)N(C)C,CC(=O)N(C)C,CC(=O)N(C)C,CC(=O)N(C)C,22.0,64800.0,9.0
CN[C@@H]1C[C@H]2O[C@@](C)([C@@H]1OC)n1c3ccccc3c3c4c(c5c6ccccc6n2c5c31)C(=O)NC4,O=CC1CCN(C(=O)OCc2ccccc2)CC1,CC(=O)O,CC(C)[O-].CC(C)[O-].CC(C)[O-].CC(C)[O-].[Ti+4],CC(=O)O[BH-](OC(C)=O)OC(C)=O.[Na+],,CC(=O)N(C)C,CC(=O)N(C)C,CC(=O)N(C)C,CC(=O)N(C)C,CC(=O)N(C)C,CC(=O)N(C)C,CC(=O)N(C)C,22.0,64800.0,1.0
CN[C@@H]1C[C@H]2O[C@@](C)([C@@H]1OC)n1c3ccccc3c3c4c(c5c6ccccc6n2c5c31)C(=O)NC4,O=C1CCCC1,CC(=O)O,CC(C)[O-].CC(C)[O-].CC(C)[O-].CC(C)[O-].[Ti+4],CC(=O)O[BH-](OC(C)=O)OC(C)=O.[Na+],,CC(=O)N(C)C,CC(=O)N(C)C,CC(=O)N(C)C,CC(=O)N(C)C,CC(=O)N(C)C,CC(=O)N(C)C,CC(=O)N(C)C,22.0,64800.0,12.0
CN[C@@H]1C[C@H]2O[C@@](C)([C@@H]1OC)n1c3ccccc3c3c4c(c5c6ccccc6n2c5c31)C(=O)NC4,O=CC=Cc1ccccc1,CC(=O)O,CC(C)[O-].CC(C)[O-].CC(C)[O-].CC(C)[O-].[Ti+4],CC(=O)O[BH-](OC(C)=O)OC(C)=O.[Na+],,CC(=O)N(C)C,CC(=O)N(C)C,CC(=O)N(C)C,CC(=O)N(C)C,CC(=O)N(C)C,CC(=O)N(C)C,CC(=O)N(C)C,22.0,64800.0,7.0
CN[C@@H]1C[C@H]2O[C@@](C)([C@@H]1OC)n1c3ccccc3c3c4c(c5c6ccccc6n2c5c31)C(=O)NC4,O=C1CCN(C(=O)OCc2ccccc2)CC1,CC(=O)O,CC(C)[O-].CC(C)[O-].CC(C)[O-].CC(C)[O-].[Ti+4],CC(=O)O[BH-](OC(C)=O)OC(C)=O.[Na+],,CN1CCCC1=O,CN1CCCC1=O,CN1CCCC1=O,CN1CCCC1=O,CN1CCCC1=O,CN1CCCC1=O,CN1CCCC1=O,22.0,64800.0,24.0
CN[C@@H]1C[C@H]2O[C@@](C)([C@@H]1OC)n1c3ccccc3c3c4c(c5c6ccccc6n2c5c31)C(=O)NC4,O=C1CCCC1,CC(=O)O,CC(C)[O-].CC(C)[O-].CC(C)[O-].CC(C)[O-].[Ti+4],CC(=O)O[BH-](OC(C)=O)OC(C)=O.[Na+],,CN1CCCC1=O,CN1CCCC1=O,CN1CCCC1=O,CN1CCCC1=O,CN1CCCC1=O,CN1CCCC1=O,CN1CCCC1=O,22.0,64800.0,1.0
CN[C@@H]1C[C@H]2O[C@@](C)([C@@H]1OC)n1c3ccccc3c3c4c(c5c6ccccc6n2c5c31)C(=O)NC4,COc1cc(/C=C/C=O)ccc1O,CC(=O)O,CC(C)[O-].CC(C)[O-].CC(C)[O-].CC(C)[O-].[Ti+4],CC(=O)O[BH-](OC(C)=O)OC(C)=O.[Na+],,CN1CCCC1=O,CN1CCCC1=O,CN1CCCC1=O,CN1CCCC1=O,CN1CCCC1=O,CN1CCCC1=O,CN1CCCC1=O,22.0,64800.0,50.0
CN[C@@H]1C[C@H]2O[C@@](C)([C@@H]1OC)n1c3ccccc3c3c4c(c5c6ccccc6n2c5c31)C(=O)NC4,O=CC1CCN(C(=O)OCc2ccccc2)CC1,CC(=O)O,CC(C)[O-].CC(C)[O-].CC(C)[O-].CC(C)[O-].[Ti+4],CC(=O)O[BH-](OC(C)=O)OC(C)=O.[Na+],,CC(=O)N(C)C,CC(=O)N(C)C,CC(=O)N(C)C,CC(=O)N(C)C,CC(=O)N(C)C,CC(=O)N(C)C,CC(=O)N(C)C,22.0,64800.0,0.0
CN[C@@H]1C[C@H]2O[C@@](C)([C@@H]1OC)n1c3ccccc3c3c4c(c5c6ccccc6n2c5c31)C(=O)NC4,O=C1CCN(C(=O)OCc2ccccc2)CC1,CC(=O)O,CC(C)[O-].CC(C)[O-].CC(C)[O-].CC(C)[O-].[Ti+4],CC(=O)O[BH-](OC(C)=O)OC(C)=O.[Na+],,CN1CCCC1=O,CN1CCCC1=O,CN1CCCC1=O,CN1CCCC1=O,CN1CCCC1=O,CN1CCCC1=O,CN1CCCC1=O,22.0,64800.0,8.0
CN[C@@H]1C[C@H]2O[C@@](C)([C@@H]1OC)n1c3ccccc3c3c4c(c5c6ccccc6n2c5c31)C(=O)NC4,O=CCCc1ccccc1,CC(=O)O,CC(C)[O-].CC(C)[O-].CC(C)[O-].CC(C)[O-].[Ti+4],CC(=O)O[BH-](OC(C)=O)OC(C)=O.[Na+],,CN1CCCC1=O,CN1CCCC1=O,CN1CCCC1=O,CN1CCCC1=O,CN1CCCC1=O,CN1CCCC1=O,CN1CCCC1=O,22.0,64800.0,47.0
CN[C@@H]1C[C@H]2O[C@@](C)([C@@H]1OC)n1c3ccccc3c3c4c(c5c6ccccc6n2c5c31)C(=O)NC4,Cc1cccc(-n2ccnc2C=O)c1,CC(=O)O,CC(C)[O-].CC(C)[O-].CC(C)[O-].CC(C)[O-].[Ti+4],CC(=O)O[BH-](OC(C)=O)OC(C)=O.[Na+],,CN1CCCC1=O,CN1CCCC1=O,CN1CCCC1=O,CN1CCCC1=O,CN1CCCC1=O,CN1CCCC1=O,CN1CCCC1=O,22.0,64800.0,93.0
CN[C@@H]1C[C@H]2O[C@@](C)([C@@H]1OC)n1c3ccccc3c3c4c(c5c6ccccc6n2c5c31)C(=O)NC4,CC(C)=CCCC(C)CC=O,CC(=O)O,CC(C)[O-].CC(C)[O-].CC(C)[O-].CC(C)[O-].[Ti+4],CC(=O)O[BH-](OC(C)=O)OC(C)=O.[Na+],,CN1CCCC1=O,CN1CCCC1=O,CN1CCCC1=O,CN1CCCC1=O,CN1CCCC1=O,CN1CCCC1=O,CN1CCCC1=O,22.0,64800.0,50.0
CN[C@@H]1C[C@H]2O[C@@](C)([C@@H]1OC)n1c3ccccc3c3c4c(c5c6ccccc6n2c5c31)C(=O)NC4,COc1ccc2cc(C=O)sc2c1,CC(=O)O,CC(C)[O-].CC(C)[O-].CC(C)[O-].CC(C)[O-].[Ti+4],CC(=O)O[BH-](OC(C)=O)OC(C)=O.[Na+],,CN1CCCC1=O,CN1CCCC1=O,CN1CCCC1=O,CN1CCCC1=O,CN1CCCC1=O,CN1CCCC1=O,CN1CCCC1=O,22.0,64800.0,98.0
CN[C@@H]1C[C@H]2O[C@@](C)([C@@H]1OC)n1c3ccccc3c3c4c(c5c6ccccc6n2c5c31)C(=O)NC4,O=CC1CCN(C(=O)OCc2ccccc2)CC1,CC(=O)O,CC(C)[O-].CC(C)[O-].CC(C)[O-].CC(C)[O-].[Ti+4],CC(=O)O[BH-](OC(C)=O)OC(C)=O.[Na+],,CN1CCCC1=O,CN1CCCC1=O,CN1CCCC1=O,CN1CCCC1=O,CN1CCCC1=O,CN1CCCC1=O,CN1CCCC1=O,22.0,64800.0,11.0
CN[C@@H]1C[C@H]2O[C@@](C)([C@@H]1OC)n1c3ccccc3c3c4c(c5c6ccccc6n2c5c31)C(=O)NC4,O=CCCc1ccccc1,CC(=O)O,CC(C)[O-].CC(C)[O-].CC(C)[O-].CC(C)[O-].[Ti+4],CC(=O)O[BH-](OC(C)=O)OC(C)=O.[Na+],,CC(=O)N(C)C,CC(=O)N(C)C,CC(=O)N(C)C,CC(=O)N(C)C,CC(=O)N(C)C,CC(=O)N(C)C,CC(=O)N(C)C,22.0,64800.0,38.0
CN[C@@H]1C[C@H]2O[C@@](C)([C@@H]1OC)n1c3ccccc3c3c4c(c5c6ccccc6n2c5c31)C(=O)NC4,O=CCCC(F)(F)F,CC(=O)O,CC(C)[O-].CC(C)[O-].CC(C)[O-].CC(C)[O-].[Ti+4],CC(=O)O[BH-](OC(C)=O)OC(C)=O.[Na+],,CN1CCCC1=O,CN1CCCC1=O,CN1CCCC1=O,CN1CCCC1=O,CN1CCCC1=O,CN1CCCC1=O,CN1CCCC1=O,22.0,64800.0,29.0
CN[C@@H]1C[C@H]2O[C@@](C)([C@@H]1OC)n1c3ccccc3c3c4c(c5c6ccccc6n2c5c31)C(=O)NC4,CN(C)c1ccc(C=O)c(F)c1C#N,CC(=O)O,CC(C)[O-].CC(C)[O-].CC(C)[O-].CC(C)[O-].[Ti+4],CC(=O)O[BH-](OC(C)=O)OC(C)=O.[Na+],,CN1CCCC1=O,CN1CCCC1=O,CN1CCCC1=O,CN1CCCC1=O,CN1CCCC1=O,CN1CCCC1=O,CN1CCCC1=O,22.0,64800.0,84.0
CN[C@@H]1C[C@H]2O[C@@](C)([C@@H]1OC)n1c3ccccc3c3c4c(c5c6ccccc6n2c5c31)C(=O)NC4,Cc1cc(C=O)no1,CC(=O)O,CC(C)[O-].CC(C)[O-].CC(C)[O-].CC(C)[O-].[Ti+4],CC(=O)O[BH-](OC(C)=O)OC(C)=O.[Na+],,CN1CCCC1=O,CN1CCCC1=O,CN1CCCC1=O,CN1CCCC1=O,CN1CCCC1=O,CN1CCCC1=O,CN1CCCC1=O,22.0,64800.0,100.0
CN[C@@H]1C[C@H]2O[C@@](C)([C@@H]1OC)n1c3ccccc3c3c4c(c5c6ccccc6n2c5c31)C(=O)NC4,O=C1CCN(c2ccc(F)c(F)c2)CC1,CC(=O)O,CC(C)[O-].CC(C)[O-].CC(C)[O-].CC(C)[O-].[Ti+4],CC(=O)O[BH-](OC(C)=O)OC(C)=O.[Na+],,CC(=O)N(C)C,CC(=O)N(C)C,CC(=O)N(C)C,CC(=O)N(C)C,CC(=O)N(C)C,CC(=O)N(C)C,CC(=O)N(C)C,22.0,64800.0,16.0
CN[C@@H]1C[C@H]2O[C@@](C)([C@@H]1OC)n1c3ccccc3c3c4c(c5c6ccccc6n2c5c31)C(=O)NC4,O=Cc1nc2ccccc2s1,CC(=O)O,CC(C)[O-].CC(C)[O-].CC(C)[O-].CC(C)[O-].[Ti+4],CC(=O)O[BH-](OC(C)=O)OC(C)=O.[Na+],,CN1CCCC1=O,CN1CCCC1=O,CN1CCCC1=O,CN1CCCC1=O,CN1CCCC1=O,CN1CCCC1=O,CN1CCCC1=O,22.0,64800.0,7.0
CN[C@@H]1C[C@H]2O[C@@](C)([C@@H]1OC)n1c3ccccc3c3c4c(c5c6ccccc6n2c5c31)C(=O)NC4,O=Cc1nc2ccccc2s1,CC(=O)O,CC(C)[O-].CC(C)[O-].CC(C)[O-].CC(C)[O-].[Ti+4],CC(=O)O[BH-](OC(C)=O)OC(C)=O.[Na+],,CC(=O)N(C)C,CC(=O)N(C)C,CC(=O)N(C)C,CC(=O)N(C)C,CC(=O)N(C)C,CC(=O)N(C)C,CC(=O)N(C)C,22.0,64800.0,24.0
CN[C@@H]1C[C@H]2O[C@@](C)([C@@H]1OC)n1c3ccccc3c3c4c(c5c6ccccc6n2c5c31)C(=O)NC4,CC(C)=CCCC(C)CC=O,CC(=O)O,CC(C)[O-].CC(C)[O-].CC(C)[O-].CC(C)[O-].[Ti+4],CC(=O)O[BH-](OC(C)=O)OC(C)=O.[Na+],,CN1CCCC1=O,CN1CCCC1=O,CN1CCCC1=O,CN1CCCC1=O,CN1CCCC1=O,CN1CCCC1=O,CN1CCCC1=O,22.0,64800.0,100.0
CN[C@@H]1C[C@H]2O[C@@](C)([C@@H]1OC)n1c3ccccc3c3c4c(c5c6ccccc6n2c5c31)C(=O)NC4,CC(=O)/C=C/c1ccccc1,CC(=O)O,CC(C)[O-].CC(C)[O-].CC(C)[O-].CC(C)[O-].[Ti+4],CC(=O)O[BH-](OC(C)=O)OC(C)=O.[Na+],,CN1CCCC1=O,CN1CCCC1=O,CN1CCCC1=O,CN1CCCC1=O,CN1CCCC1=O,CN1CCCC1=O,CN1CCCC1=O,22.0,64800.0,1.0
CN[C@@H]1C[C@H]2O[C@@](C)([C@@H]1OC)n1c3ccccc3c3c4c(c5c6ccccc6n2c5c31)C(=O)NC4,CC(C)=CCCC(C)CC=O,CC(=O)O,CC(C)[O-].CC(C)[O-].CC(C)[O-].CC(C)[O-].[Ti+4],CC(=O)O[BH-](OC(C)=O)OC(C)=O.[Na+],,CC(=O)N(C)C,CC(=O)N(C)C,CC(=O)N(C)C,CC(=O)N(C)C,CC(=O)N(C)C,CC(=O)N(C)C,CC(=O)N(C)C,22.0,64800.0,67.0
CN[C@@H]1C[C@H]2O[C@@](C)([C@@H]1OC)n1c3ccccc3c3c4c(c5c6ccccc6n2c5c31)C(=O)NC4,Cc1ccc(C=O)cc1C,CC(=O)O,CC(C)[O-].CC(C)[O-].CC(C)[O-].CC(C)[O-].[Ti+4],CC(=O)O[BH-](OC(C)=O)OC(C)=O.[Na+],,CC(=O)N(C)C,CC(=O)N(C)C,CC(=O)N(C)C,CC(=O)N(C)C,CC(=O)N(C)C,CC(=O)N(C)C,CC(=O)N(C)C,22.0,64800.0,91.0
CN[C@@H]1C[C@H]2O[C@@](C)([C@@H]1OC)n1c3ccccc3c3c4c(c5c6ccccc6n2c5c31)C(=O)NC4,O=CC1CCN(C(=O)OCc2ccccc2)CC1,CC(=O)O,CC(C)[O-].CC(C)[O-].CC(C)[O-].CC(C)[O-].[Ti+4],CC(=O)O[BH-](OC(C)=O)OC(C)=O.[Na+],,CC(=O)N(C)C,CC(=O)N(C)C,CC(=O)N(C)C,CC(=O)N(C)C,CC(=O)N(C)C,CC(=O)N(C)C,CC(=O)N(C)C,22.0,64800.0,1.0
CN[C@@H]1C[C@H]2O[C@@](C)([C@@H]1OC)n1c3ccccc3c3c4c(c5c6ccccc6n2c5c31)C(=O)NC4,CCCn1nccc1C=O,CC(=O)O,CC(C)[O-].CC(C)[O-].CC(C)[O-].CC(C)[O-].[Ti+4],CC(=O)O[BH-](OC(C)=O)OC(C)=O.[Na+],,CN1CCCC1=O,CN1CCCC1=O,CN1CCCC1=O,CN1CCCC1=O,CN1CCCC1=O,CN1CCCC1=O,CN1CCCC1=O,22.0,64800.0,95.0
CN[C@@H]1C[C@H]2O[C@@](C)([C@@H]1OC)n1c3ccccc3c3c4c(c5c6ccccc6n2c5c31)C(=O)NC4,Cc1cnc(C=O)s1,CC(=O)O,CC(C)[O-].CC(C)[O-].CC(C)[O-].CC(C)[O-].[Ti+4],CC(=O)O[BH-](OC(C)=O)OC(C)=O.[Na+],,CN1CCCC1=O,CN1CCCC1=O,CN1CCCC1=O,CN1CCCC1=O,CN1CCCC1=O,CN1CCCC1=O,CN1CCCC1=O,22.0,64800.0,79.0
CN[C@@H]1C[C@H]2O[C@@](C)([C@@H]1OC)n1c3ccccc3c3c4c(c5c6ccccc6n2c5c31)C(=O)NC4,CC(=O)c1cc(C)cc(C)c1,CC(=O)O,CC(C)[O-].CC(C)[O-].CC(C)[O-].CC(C)[O-].[Ti+4],CC(=O)O[BH-](OC(C)=O)OC(C)=O.[Na+],,CN1CCCC1=O,CN1CCCC1=O,CN1CCCC1=O,CN1CCCC1=O,CN1CCCC1=O,CN1CCCC1=O,CN1CCCC1=O,22.0,64800.0,0.0
CN[C@@H]1C[C@H]2O[C@@](C)([C@@H]1OC)n1c3ccccc3c3c4c(c5c6ccccc6n2c5c31)C(=O)NC4,O=C1CCCC1,CC(=O)O,CC(C)[O-].CC(C)[O-].CC(C)[O-].CC(C)[O-].[Ti+4],CC(=O)O[BH-](OC(C)=O)OC(C)=O.[Na+],,CC(=O)N(C)C,CC(=O)N(C)C,CC(=O)N(C)C,CC(=O)N(C)C,CC(=O)N(C)C,CC(=O)N(C)C,CC(=O)N(C)C,22.0,64800.0,1.0
CN[C@@H]1C[C@H]2O[C@@](C)([C@@H]1OC)n1c3ccccc3c3c4c(c5c6ccccc6n2c5c31)C(=O)NC4,O=C1CCCC1,CC(=O)O,CC(C)[O-].CC(C)[O-].CC(C)[O-].CC(C)[O-].[Ti+4],CC(=O)O[BH-](OC(C)=O)OC(C)=O.[Na+],,CN1CCCC1=O,CN1CCCC1=O,CN1CCCC1=O,CN1CCCC1=O,CN1CCCC1=O,CN1CCCC1=O,CN1CCCC1=O,22.0,64800.0,0.0
CN[C@@H]1C[C@H]2O[C@@](C)([C@@H]1OC)n1c3ccccc3c3c4c(c5c6ccccc6n2c5c31)C(=O)NC4,O=CC1CCN(C(=O)OCc2ccccc2)CC1,CC(=O)O,CC(C)[O-].CC(C)[O-].CC(C)[O-].CC(C)[O-].[Ti+4],CC(=O)O[BH-](OC(C)=O)OC(C)=O.[Na+],,CN1CCCC1=O,CN1CCCC1=O,CN1CCCC1=O,CN1CCCC1=O,CN1CCCC1=O,CN1CCCC1=O,CN1CCCC1=O,22.0,64800.0,30.0
CN[C@@H]1C[C@H]2O[C@@](C)([C@@H]1OC)n1c3ccccc3c3c4c(c5c6ccccc6n2c5c31)C(=O)NC4,O=C1CCCC1,CC(=O)O,CC(C)[O-].CC(C)[O-].CC(C)[O-].CC(C)[O-].[Ti+4],CC(=O)O[BH-](OC(C)=O)OC(C)=O.[Na+],,CC(=O)N(C)C,CC(=O)N(C)C,CC(=O)N(C)C,CC(=O)N(C)C,CC(=O)N(C)C,CC(=O)N(C)C,CC(=O)N(C)C,22.0,64800.0,6.0
CN[C@@H]1C[C@H]2O[C@@](C)([C@@H]1OC)n1c3ccccc3c3c4c(c5c6ccccc6n2c5c31)C(=O)NC4,N#CCC1CCC(=O)C1,CC(=O)O,CC(C)[O-].CC(C)[O-].CC(C)[O-].CC(C)[O-].[Ti+4],CC(=O)O[BH-](OC(C)=O)OC(C)=O.[Na+],,CC(=O)N(C)C,CC(=O)N(C)C,CC(=O)N(C)C,CC(=O)N(C)C,CC(=O)N(C)C,CC(=O)N(C)C,CC(=O)N(C)C,22.0,64800.0,13.0
CN[C@@H]1C[C@H]2O[C@@](C)([C@@H]1OC)n1c3ccccc3c3c4c(c5c6ccccc6n2c5c31)C(=O)NC4,O=Cc1cc2cc(F)ccc2[nH]c1=O,CC(=O)O,CC(C)[O-].CC(C)[O-].CC(C)[O-].CC(C)[O-].[Ti+4],CC(=O)O[BH-](OC(C)=O)OC(C)=O.[Na+],,CN1CCCC1=O,CN1CCCC1=O,CN1CCCC1=O,CN1CCCC1=O,CN1CCCC1=O,CN1CCCC1=O,CN1CCCC1=O,22.0,64800.0,35.0
CN[C@@H]1C[C@H]2O[C@@](C)([C@@H]1OC)n1c3ccccc3c3c4c(c5c6ccccc6n2c5c31)C(=O)NC4,COc1ccccc1C=O,CC(=O)O,CC(C)[O-].CC(C)[O-].CC(C)[O-].CC(C)[O-].[Ti+4],CC(=O)O[BH-](OC(C)=O)OC(C)=O.[Na+],,CN1CCCC1=O,CN1CCCC1=O,CN1CCCC1=O,CN1CCCC1=O,CN1CCCC1=O,CN1CCCC1=O,CN1CCCC1=O,22.0,64800.0,93.0
CN[C@@H]1C[C@H]2O[C@@](C)([C@@H]1OC)n1c3ccccc3c3c4c(c5c6ccccc6n2c5c31)C(=O)NC4,O=CC1CCN(C(=O)OCc2ccccc2)CC1,CC(=O)O,CC(C)[O-].CC(C)[O-].CC(C)[O-].CC(C)[O-].[Ti+4],CC(=O)O[BH-](OC(C)=O)OC(C)=O.[Na+],,CC(=O)N(C)C,CC(=O)N(C)C,CC(=O)N(C)C,CC(=O)N(C)C,CC(=O)N(C)C,CC(=O)N(C)C,CC(=O)N(C)C,22.0,64800.0,0.0
CN[C@@H]1C[C@H]2O[C@@](C)([C@@H]1OC)n1c3ccccc3c3c4c(c5c6ccccc6n2c5c31)C(=O)NC4,O=CCCc1ccccc1,CC(=O)O,CC(C)[O-].CC(C)[O-].CC(C)[O-].CC(C)[O-].[Ti+4],CC(=O)O[BH-](OC(C)=O)OC(C)=O.[Na+],,CC(=O)N(C)C,CC(=O)N(C)C,CC(=O)N(C)C,CC(=O)N(C)C,CC(=O)N(C)C,CC(=O)N(C)C,CC(=O)N(C)C,22.0,64800.0,25.0
CN[C@@H]1C[C@H]2O[C@@](C)([C@@H]1OC)n1c3ccccc3c3c4c(c5c6ccccc6n2c5c31)C(=O)NC4,CC(C)=CCCC(C)CC=O,CC(=O)O,CC(C)[O-].CC(C)[O-].CC(C)[O-].CC(C)[O-].[Ti+4],CC(=O)O[BH-](OC(C)=O)OC(C)=O.[Na+],,CC(=O)N(C)C,CC(=O)N(C)C,CC(=O)N(C)C,CC(=O)N(C)C,CC(=O)N(C)C,CC(=O)N(C)C,CC(=O)N(C)C,22.0,64800.0,30.0
CN[C@@H]1C[C@H]2O[C@@](C)([C@@H]1OC)n1c3ccccc3c3c4c(c5c6ccccc6n2c5c31)C(=O)NC4,O=Cc1c[nH]nc1-c1cccnc1,CC(=O)O,CC(C)[O-].CC(C)[O-].CC(C)[O-].CC(C)[O-].[Ti+4],CC(=O)O[BH-](OC(C)=O)OC(C)=O.[Na+],,CN1CCCC1=O,CN1CCCC1=O,CN1CCCC1=O,CN1CCCC1=O,CN1CCCC1=O,CN1CCCC1=O,CN1CCCC1=O,22.0,64800.0,50.0
CN[C@@H]1C[C@H]2O[C@@](C)([C@@H]1OC)n1c3ccccc3c3c4c(c5c6ccccc6n2c5c31)C(=O)NC4,Cc1nc2scnn2c1C=O,CC(=O)O,CC(C)[O-].CC(C)[O-].CC(C)[O-].CC(C)[O-].[Ti+4],CC(=O)O[BH-](OC(C)=O)OC(C)=O.[Na+],,CN1CCCC1=O,CN1CCCC1=O,CN1CCCC1=O,CN1CCCC1=O,CN1CCCC1=O,CN1CCCC1=O,CN1CCCC1=O,22.0,64800.0,91.0
CN[C@@H]1C[C@H]2O[C@@](C)([C@@H]1OC)n1c3ccccc3c3c4c(c5c6ccccc6n2c5c31)C(=O)NC4,Cc1cc(C=O)no1,CC(=O)O,CC(C)[O-].CC(C)[O-].CC(C)[O-].CC(C)[O-].[Ti+4],CC(=O)O[BH-](OC(C)=O)OC(C)=O.[Na+],,CN1CCCC1=O,CN1CCCC1=O,CN1CCCC1=O,CN1CCCC1=O,CN1CCCC1=O,CN1CCCC1=O,CN1CCCC1=O,22.0,64800.0,100.0
CN[C@@H]1C[C@H]2O[C@@](C)([C@@H]1OC)n1c3ccccc3c3c4c(c5c6ccccc6n2c5c31)C(=O)NC4,N#Cc1ccc(C=O)cc1Br,CC(=O)O,CC(C)[O-].CC(C)[O-].CC(C)[O-].CC(C)[O-].[Ti+4],CC(=O)O[BH-](OC(C)=O)OC(C)=O.[Na+],,CC(=O)N(C)C,CC(=O)N(C)C,CC(=O)N(C)C,CC(=O)N(C)C,CC(=O)N(C)C,CC(=O)N(C)C,CC(=O)N(C)C,22.0,64800.0,9.0
CN[C@@H]1C[C@H]2O[C@@](C)([C@@H]1OC)n1c3ccccc3c3c4c(c5c6ccccc6n2c5c31)C(=O)NC4,O=Cc1cn(-c2ncccn2)cn1,CC(=O)O,CC(C)[O-].CC(C)[O-].CC(C)[O-].CC(C)[O-].[Ti+4],CC(=O)O[BH-](OC(C)=O)OC(C)=O.[Na+],,CN1CCCC1=O,CN1CCCC1=O,CN1CCCC1=O,CN1CCCC1=O,CN1CCCC1=O,CN1CCCC1=O,CN1CCCC1=O,22.0,64800.0,26.0
CN[C@@H]1C[C@H]2O[C@@](C)([C@@H]1OC)n1c3ccccc3c3c4c(c5c6ccccc6n2c5c31)C(=O)NC4,CCCCc1cc(Cl)c(C=O)[nH]1,CC(=O)O,CC(C)[O-].CC(C)[O-].CC(C)[O-].CC(C)[O-].[Ti+4],CC(=O)O[BH-](OC(C)=O)OC(C)=O.[Na+],,CN1CCCC1=O,CN1CCCC1=O,CN1CCCC1=O,CN1CCCC1=O,CN1CCCC1=O,CN1CCCC1=O,CN1CCCC1=O,22.0,64800.0,0.0
CN[C@@H]1C[C@H]2O[C@@](C)([C@@H]1OC)n1c3ccccc3c3c4c(c5c6ccccc6n2c5c31)C(=O)NC4,CC(=O)c1cc(C(F)(F)F)cc(C(F)(F)F)c1,CC(=O)O,CC(C)[O-].CC(C)[O-].CC(C)[O-].CC(C)[O-].[Ti+4],CC(=O)O[BH-](OC(C)=O)OC(C)=O.[Na+],,CN1CCCC1=O,CN1CCCC1=O,CN1CCCC1=O,CN1CCCC1=O,CN1CCCC1=O,CN1CCCC1=O,CN1CCCC1=O,22.0,64800.0,0.0
CN[C@@H]1C[C@H]2O[C@@](C)([C@@H]1OC)n1c3ccccc3c3c4c(c5c6ccccc6n2c5c31)C(=O)NC4,O=C1CCN(C(=O)OCc2ccccc2)CC1,CC(=O)O,CC(C)[O-].CC(C)[O-].CC(C)[O-].CC(C)[O-].[Ti+4],CC(=O)O[BH-](OC(C)=O)OC(C)=O.[Na+],,CC(=O)N(C)C,CC(=O)N(C)C,CC(=O)N(C)C,CC(=O)N(C)C,CC(=O)N(C)C,CC(=O)N(C)C,CC(=O)N(C)C,22.0,64800.0,13.0
CN[C@@H]1C[C@H]2O[C@@](C)([C@@H]1OC)n1c3ccccc3c3c4c(c5c6ccccc6n2c5c31)C(=O)NC4,COc1ccccc1C=O,CC(=O)O,CC(C)[O-].CC(C)[O-].CC(C)[O-].CC(C)[O-].[Ti+4],CC(=O)O[BH-](OC(C)=O)OC(C)=O.[Na+],,CN1CCCC1=O,CN1CCCC1=O,CN1CCCC1=O,CN1CCCC1=O,CN1CCCC1=O,CN1CCCC1=O,CN1CCCC1=O,22.0,64800.0,87.0
CN[C@@H]1C[C@H]2O[C@@](C)([C@@H]1OC)n1c3ccccc3c3c4c(c5c6ccccc6n2c5c31)C(=O)NC4,O=Cc1cccc(-n2ccnn2)c1,CC(=O)O,CC(C)[O-].CC(C)[O-].CC(C)[O-].CC(C)[O-].[Ti+4],CC(=O)O[BH-](OC(C)=O)OC(C)=O.[Na+],,CN1CCCC1=O,CN1CCCC1=O,CN1CCCC1=O,CN1CCCC1=O,CN1CCCC1=O,CN1CCCC1=O,CN1CCCC1=O,22.0,64800.0,71.0
CN[C@@H]1C[C@H]2O[C@@](C)([C@@H]1OC)n1c3ccccc3c3c4c(c5c6ccccc6n2c5c31)C(=O)NC4,O=C1CCC(n2cccn2)C1,CC(=O)O,CC(C)[O-].CC(C)[O-].CC(C)[O-].CC(C)[O-].[Ti+4],CC(=O)O[BH-](OC(C)=O)OC(C)=O.[Na+],,CN1CCCC1=O,CN1CCCC1=O,CN1CCCC1=O,CN1CCCC1=O,CN1CCCC1=O,CN1CCCC1=O,CN1CCCC1=O,22.0,64800.0,4.0
CN[C@@H]1C[C@H]2O[C@@](C)([C@@H]1OC)n1c3ccccc3c3c4c(c5c6ccccc6n2c5c31)C(=O)NC4,O=Cc1nc2ccccc2s1,CC(=O)O,CC(C)[O-].CC(C)[O-].CC(C)[O-].CC(C)[O-].[Ti+4],CC(=O)O[BH-](OC(C)=O)OC(C)=O.[Na+],,CN1CCCC1=O,CN1CCCC1=O,CN1CCCC1=O,CN1CCCC1=O,CN1CCCC1=O,CN1CCCC1=O,CN1CCCC1=O,22.0,64800.0,36.0
CN[C@@H]1C[C@H]2O[C@@](C)([C@@H]1OC)n1c3ccccc3c3c4c(c5c6ccccc6n2c5c31)C(=O)NC4,CC(C)=CCCC(C)CC=O,CC(=O)O,CC(C)[O-].CC(C)[O-].CC(C)[O-].CC(C)[O-].[Ti+4],CC(=O)O[BH-](OC(C)=O)OC(C)=O.[Na+],,CC(=O)N(C)C,CC(=O)N(C)C,CC(=O)N(C)C,CC(=O)N(C)C,CC(=O)N(C)C,CC(=O)N(C)C,CC(=O)N(C)C,22.0,64800.0,2.0
CN[C@@H]1C[C@H]2O[C@@](C)([C@@H]1OC)n1c3ccccc3c3c4c(c5c6ccccc6n2c5c31)C(=O)NC4,CC(=O)c1cc(C(F)(F)F)cc(C(F)(F)F)c1,CC(=O)O,CC(C)[O-].CC(C)[O-].CC(C)[O-].CC(C)[O-].[Ti+4],CC(=O)O[BH-](OC(C)=O)OC(C)=O.[Na+],,CN1CCCC1=O,CN1CCCC1=O,CN1CCCC1=O,CN1CCCC1=O,CN1CCCC1=O,CN1CCCC1=O,CN1CCCC1=O,22.0,64800.0,0.0
CN[C@@H]1C[C@H]2O[C@@](C)([C@@H]1OC)n1c3ccccc3c3c4c(c5c6ccccc6n2c5c31)C(=O)NC4,CC(=O)/C=C/c1ccccc1,CC(=O)O,CC(C)[O-].CC(C)[O-].CC(C)[O-].CC(C)[O-].[Ti+4],CC(=O)O[BH-](OC(C)=O)OC(C)=O.[Na+],,CC(=O)N(C)C,CC(=O)N(C)C,CC(=O)N(C)C,CC(=O)N(C)C,CC(=O)N(C)C,CC(=O)N(C)C,CC(=O)N(C)C,22.0,64800.0,0.0
CN[C@@H]1C[C@H]2O[C@@](C)([C@@H]1OC)n1c3ccccc3c3c4c(c5c6ccccc6n2c5c31)C(=O)NC4,O=Cc1ccc2c(n1)NC(=O)CC2,CC(=O)O,CC(C)[O-].CC(C)[O-].CC(C)[O-].CC(C)[O-].[Ti+4],CC(=O)O[BH-](OC(C)=O)OC(C)=O.[Na+],,CN1CCCC1=O,CN1CCCC1=O,CN1CCCC1=O,CN1CCCC1=O,CN1CCCC1=O,CN1CCCC1=O,CN1CCCC1=O,22.0,64800.0,0.0
CN[C@@H]1C[C@H]2O[C@@](C)([C@@H]1OC)n1c3ccccc3c3c4c(c5c6ccccc6n2c5c31)C(=O)NC4,Cc1noc(C2CC2)c1C=O,CC(=O)O,CC(C)[O-].CC(C)[O-].CC(C)[O-].CC(C)[O-].[Ti+4],CC(=O)O[BH-](OC(C)=O)OC(C)=O.[Na+],,CN1CCCC1=O,CN1CCCC1=O,CN1CCCC1=O,CN1CCCC1=O,CN1CCCC1=O,CN1CCCC1=O,CN1CCCC1=O,22.0,64800.0,72.0
CN[C@@H]1C[C@H]2O[C@@](C)([C@@H]1OC)n1c3ccccc3c3c4c(c5c6ccccc6n2c5c31)C(=O)NC4,O=C1CCC(n2cccn2)C1,CC(=O)O,CC(C)[O-].CC(C)[O-].CC(C)[O-].CC(C)[O-].[Ti+4],CC(=O)O[BH-](OC(C)=O)OC(C)=O.[Na+],,CC(=O)N(C)C,CC(=O)N(C)C,CC(=O)N(C)C,CC(=O)N(C)C,CC(=O)N(C)C,CC(=O)N(C)C,CC(=O)N(C)C,22.0,64800.0,2.0
CN[C@@H]1C[C@H]2O[C@@](C)([C@@H]1OC)n1c3ccccc3c3c4c(c5c6ccccc6n2c5c31)C(=O)NC4,Cc1nc(C=O)n(C)c1C,CC(=O)O,CC(C)[O-].CC(C)[O-].CC(C)[O-].CC(C)[O-].[Ti+4],CC(=O)O[BH-](OC(C)=O)OC(C)=O.[Na+],,CN1CCCC1=O,CN1CCCC1=O,CN1CCCC1=O,CN1CCCC1=O,CN1CCCC1=O,CN1CCCC1=O,CN1CCCC1=O,22.0,64800.0,47.0
CN[C@@H]1C[C@H]2O[C@@](C)([C@@H]1OC)n1c3ccccc3c3c4c(c5c6ccccc6n2c5c31)C(=O)NC4,N#CCC1CCC(=O)C1,CC(=O)O,CC(C)[O-].CC(C)[O-].CC(C)[O-].CC(C)[O-].[Ti+4],CC(=O)O[BH-](OC(C)=O)OC(C)=O.[Na+],,CC(=O)N(C)C,CC(=O)N(C)C,CC(=O)N(C)C,CC(=O)N(C)C,CC(=O)N(C)C,CC(=O)N(C)C,CC(=O)N(C)C,22.0,64800.0,23.0
CN[C@@H]1C[C@H]2O[C@@](C)([C@@H]1OC)n1c3ccccc3c3c4c(c5c6ccccc6n2c5c31)C(=O)NC4,O=CC=Cc1ccccc1,CC(=O)O,CC(C)[O-].CC(C)[O-].CC(C)[O-].CC(C)[O-].[Ti+4],CC(=O)O[BH-](OC(C)=O)OC(C)=O.[Na+],,CC(=O)N(C)C,CC(=O)N(C)C,CC(=O)N(C)C,CC(=O)N(C)C,CC(=O)N(C)C,CC(=O)N(C)C,CC(=O)N(C)C,22.0,64800.0,29.0
CN[C@@H]1C[C@H]2O[C@@](C)([C@@H]1OC)n1c3ccccc3c3c4c(c5c6ccccc6n2c5c31)C(=O)NC4,N#Cc1ccc(C=O)cc1Br,CC(=O)O,CC(C)[O-].CC(C)[O-].CC(C)[O-].CC(C)[O-].[Ti+4],CC(=O)O[BH-](OC(C)=O)OC(C)=O.[Na+],,CC(=O)N(C)C,CC(=O)N(C)C,CC(=O)N(C)C,CC(=O)N(C)C,CC(=O)N(C)C,CC(=O)N(C)C,CC(=O)N(C)C,22.0,64800.0,98.0
CN[C@@H]1C[C@H]2O[C@@](C)([C@@H]1OC)n1c3ccccc3c3c4c(c5c6ccccc6n2c5c31)C(=O)NC4,CC(=O)c1cc(C(F)(F)F)cc(C(F)(F)F)c1,CC(=O)O,CC(C)[O-].CC(C)[O-].CC(C)[O-].CC(C)[O-].[Ti+4],CC(=O)O[BH-](OC(C)=O)OC(C)=O.[Na+],,CC(=O)N(C)C,CC(=O)N(C)C,CC(=O)N(C)C,CC(=O)N(C)C,CC(=O)N(C)C,CC(=O)N(C)C,CC(=O)N(C)C,22.0,64800.0,0.0
CN[C@@H]1C[C@H]2O[C@@](C)([C@@H]1OC)n1c3ccccc3c3c4c(c5c6ccccc6n2c5c31)C(=O)NC4,CC(=O)/C=C/c1ccccc1,CC(=O)O,CC(C)[O-].CC(C)[O-].CC(C)[O-].CC(C)[O-].[Ti+4],CC(=O)O[BH-](OC(C)=O)OC(C)=O.[Na+],,CN1CCCC1=O,CN1CCCC1=O,CN1CCCC1=O,CN1CCCC1=O,CN1CCCC1=O,CN1CCCC1=O,CN1CCCC1=O,22.0,64800.0,1.0
CN[C@@H]1C[C@H]2O[C@@](C)([C@@H]1OC)n1c3ccccc3c3c4c(c5c6ccccc6n2c5c31)C(=O)NC4,O=C1CCN(c2ccc(F)c(F)c2)CC1,CC(=O)O,CC(C)[O-].CC(C)[O-].CC(C)[O-].CC(C)[O-].[Ti+4],CC(=O)O[BH-](OC(C)=O)OC(C)=O.[Na+],,CC(=O)N(C)C,CC(=O)N(C)C,CC(=O)N(C)C,CC(=O)N(C)C,CC(=O)N(C)C,CC(=O)N(C)C,CC(=O)N(C)C,22.0,64800.0,15.0
CN[C@@H]1C[C@H]2O[C@@](C)([C@@H]1OC)n1c3ccccc3c3c4c(c5c6ccccc6n2c5c31)C(=O)NC4,O=C1CCN(C(=O)OCc2ccccc2)CC1,CC(=O)O,CC(C)[O-].CC(C)[O-].CC(C)[O-].CC(C)[O-].[Ti+4],CC(=O)O[BH-](OC(C)=O)OC(C)=O.[Na+],,CN1CCCC1=O,CN1CCCC1=O,CN1CCCC1=O,CN1CCCC1=O,CN1CCCC1=O,CN1CCCC1=O,CN1CCCC1=O,22.0,64800.0,24.0
CN[C@@H]1C[C@H]2O[C@@](C)([C@@H]1OC)n1c3ccccc3c3c4c(c5c6ccccc6n2c5c31)C(=O)NC4,O=C1CCN(c2ccc(F)c(F)c2)CC1,CC(=O)O,CC(C)[O-].CC(C)[O-].CC(C)[O-].CC(C)[O-].[Ti+4],CC(=O)O[BH-](OC(C)=O)OC(C)=O.[Na+],,CC(=O)N(C)C,CC(=O)N(C)C,CC(=O)N(C)C,CC(=O)N(C)C,CC(=O)N(C)C,CC(=O)N(C)C,CC(=O)N(C)C,22.0,64800.0,25.0
CN[C@@H]1C[C@H]2O[C@@](C)([C@@H]1OC)n1c3ccccc3c3c4c(c5c6ccccc6n2c5c31)C(=O)NC4,CC(C)=CCCC(C)CC=O,CC(=O)O,CC(C)[O-].CC(C)[O-].CC(C)[O-].CC(C)[O-].[Ti+4],CC(=O)O[BH-](OC(C)=O)OC(C)=O.[Na+],,CN1CCCC1=O,CN1CCCC1=O,CN1CCCC1=O,CN1CCCC1=O,CN1CCCC1=O,CN1CCCC1=O,CN1CCCC1=O,22.0,64800.0,66.0
CN[C@@H]1C[C@H]2O[C@@](C)([C@@H]1OC)n1c3ccccc3c3c4c(c5c6ccccc6n2c5c31)C(=O)NC4,O=Cc1cc2cccc3c2n(c1=O)CC3,CC(=O)O,CC(C)[O-].CC(C)[O-].CC(C)[O-].CC(C)[O-].[Ti+4],CC(=O)O[BH-](OC(C)=O)OC(C)=O.[Na+],,CN1CCCC1=O,CN1CCCC1=O,CN1CCCC1=O,CN1CCCC1=O,CN1CCCC1=O,CN1CCCC1=O,CN1CCCC1=O,22.0,64800.0,100.0
CN[C@@H]1C[C@H]2O[C@@](C)([C@@H]1OC)n1c3ccccc3c3c4c(c5c6ccccc6n2c5c31)C(=O)NC4,Cc1nc(C=O)n(C)c1C,CC(=O)O,CC(C)[O-].CC(C)[O-].CC(C)[O-].CC(C)[O-].[Ti+4],CC(=O)O[BH-](OC(C)=O)OC(C)=O.[Na+],,CN1CCCC1=O,CN1CCCC1=O,CN1CCCC1=O,CN1CCCC1=O,CN1CCCC1=O,CN1CCCC1=O,CN1CCCC1=O,22.0,64800.0,67.0
CN[C@@H]1C[C@H]2O[C@@](C)([C@@H]1OC)n1c3ccccc3c3c4c(c5c6ccccc6n2c5c31)C(=O)NC4,O=CC1CCN(C(=O)OCc2ccccc2)CC1,CC(=O)O,CC(C)[O-].CC(C)[O-].CC(C)[O-].CC(C)[O-].[Ti+4],CC(=O)O[BH-](OC(C)=O)OC(C)=O.[Na+],,CC(=O)N(C)C,CC(=O)N(C)C,CC(=O)N(C)C,CC(=O)N(C)C,CC(=O)N(C)C,CC(=O)N(C)C,CC(=O)N(C)C,22.0,64800.0,0.0
CN[C@@H]1C[C@H]2O[C@@](C)([C@@H]1OC)n1c3ccccc3c3c4c(c5c6ccccc6n2c5c31)C(=O)NC4,O=CC=Cc1ccccc1,CC(=O)O,CC(C)[O-].CC(C)[O-].CC(C)[O-].CC(C)[O-].[Ti+4],CC(=O)O[BH-](OC(C)=O)OC(C)=O.[Na+],,CN1CCCC1=O,CN1CCCC1=O,CN1CCCC1=O,CN1CCCC1=O,CN1CCCC1=O,CN1CCCC1=O,CN1CCCC1=O,22.0,64800.0,30.0
CN[C@@H]1C[C@H]2O[C@@](C)([C@@H]1OC)n1c3ccccc3c3c4c(c5c6ccccc6n2c5c31)C(=O)NC4,O=CCCc1ccccc1,CC(=O)O,CC(C)[O-].CC(C)[O-].CC(C)[O-].CC(C)[O-].[Ti+4],CC(=O)O[BH-](OC(C)=O)OC(C)=O.[Na+],,CC(=O)N(C)C,CC(=O)N(C)C,CC(=O)N(C)C,CC(=O)N(C)C,CC(=O)N(C)C,CC(=O)N(C)C,CC(=O)N(C)C,22.0,64800.0,13.0
CN[C@@H]1C[C@H]2O[C@@](C)([C@@H]1OC)n1c3ccccc3c3c4c(c5c6ccccc6n2c5c31)C(=O)NC4,Cc1ccc(C=O)cc1C,CC(=O)O,CC(C)[O-].CC(C)[O-].CC(C)[O-].CC(C)[O-].[Ti+4],CC(=O)O[BH-](OC(C)=O)OC(C)=O.[Na+],,CC(=O)N(C)C,CC(=O)N(C)C,CC(=O)N(C)C,CC(=O)N(C)C,CC(=O)N(C)C,CC(=O)N(C)C,CC(=O)N(C)C,22.0,64800.0,62.0
CN[C@@H]1C[C@H]2O[C@@](C)([C@@H]1OC)n1c3ccccc3c3c4c(c5c6ccccc6n2c5c31)C(=O)NC4,O=Cc1c(Cl)cnc2[nH]ccc12,CC(=O)O,CC(C)[O-].CC(C)[O-].CC(C)[O-].CC(C)[O-].[Ti+4],CC(=O)O[BH-](OC(C)=O)OC(C)=O.[Na+],,CN1CCCC1=O,CN1CCCC1=O,CN1CCCC1=O,CN1CCCC1=O,CN1CCCC1=O,CN1CCCC1=O,CN1CCCC1=O,22.0,64800.0,82.0
CN[C@@H]1C[C@H]2O[C@@](C)([C@@H]1OC)n1c3ccccc3c3c4c(c5c6ccccc6n2c5c31)C(=O)NC4,N#CCC1CCC(=O)C1,CC(=O)O,CC(C)[O-].CC(C)[O-].CC(C)[O-].CC(C)[O-].[Ti+4],CC(=O)O[BH-](OC(C)=O)OC(C)=O.[Na+],,CC(=O)N(C)C,CC(=O)N(C)C,CC(=O)N(C)C,CC(=O)N(C)C,CC(=O)N(C)C,CC(=O)N(C)C,CC(=O)N(C)C,22.0,64800.0,19.0
CN[C@@H]1C[C@H]2O[C@@](C)([C@@H]1OC)n1c3ccccc3c3c4c(c5c6ccccc6n2c5c31)C(=O)NC4,CC(=O)/C=C/c1ccccc1,CC(=O)O,CC(C)[O-].CC(C)[O-].CC(C)[O-].CC(C)[O-].[Ti+4],CC(=O)O[BH-](OC(C)=O)OC(C)=O.[Na+],,CC(=O)N(C)C,CC(=O)N(C)C,CC(=O)N(C)C,CC(=O)N(C)C,CC(=O)N(C)C,CC(=O)N(C)C,CC(=O)N(C)C,22.0,64800.0,0.0
CN[C@@H]1C[C@H]2O[C@@](C)([C@@H]1OC)n1c3ccccc3c3c4c(c5c6ccccc6n2c5c31)C(=O)NC4,O=Cc1cc(-c2ccc(F)cc2)on1,CC(=O)O,CC(C)[O-].CC(C)[O-].CC(C)[O-].CC(C)[O-].[Ti+4],CC(=O)O[BH-](OC(C)=O)OC(C)=O.[Na+],,CN1CCCC1=O,CN1CCCC1=O,CN1CCCC1=O,CN1CCCC1=O,CN1CCCC1=O,CN1CCCC1=O,CN1CCCC1=O,22.0,64800.0,99.0
CN[C@@H]1C[C@H]2O[C@@](C)([C@@H]1OC)n1c3ccccc3c3c4c(c5c6ccccc6n2c5c31)C(=O)NC4,O=Cc1cc2cnccc2[nH]1,CC(=O)O,CC(C)[O-].CC(C)[O-].CC(C)[O-].CC(C)[O-].[Ti+4],CC(=O)O[BH-](OC(C)=O)OC(C)=O.[Na+],,CN1CCCC1=O,CN1CCCC1=O,CN1CCCC1=O,CN1CCCC1=O,CN1CCCC1=O,CN1CCCC1=O,CN1CCCC1=O,22.0,64800.0,71.0
CN[C@@H]1C[C@H]2O[C@@](C)([C@@H]1OC)n1c3ccccc3c3c4c(c5c6ccccc6n2c5c31)C(=O)NC4,Cc1ccc(C=O)cc1C,CC(=O)O,CC(C)[O-].CC(C)[O-].CC(C)[O-].CC(C)[O-].[Ti+4],CC(=O)O[BH-](OC(C)=O)OC(C)=O.[Na+],,CN1CCCC1=O,CN1CCCC1=O,CN1CCCC1=O,CN1CCCC1=O,CN1CCCC1=O,CN1CCCC1=O,CN1CCCC1=O,22.0,64800.0,66.0
CN[C@@H]1C[C@H]2O[C@@](C)([C@@H]1OC)n1c3ccccc3c3c4c(c5c6ccccc6n2c5c31)C(=O)NC4,O=C1CCN(C(=O)OCc2ccccc2)CC1,CC(=O)O,CC(C)[O-].CC(C)[O-].CC(C)[O-].CC(C)[O-].[Ti+4],CC(=O)O[BH-](OC(C)=O)OC(C)=O.[Na+],,CC(=O)N(C)C,CC(=O)N(C)C,CC(=O)N(C)C,CC(=O)N(C)C,CC(=O)N(C)C,CC(=O)N(C)C,CC(=O)N(C)C,22.0,64800.0,1.0
CN[C@@H]1C[C@H]2O[C@@](C)([C@@H]1OC)n1c3ccccc3c3c4c(c5c6ccccc6n2c5c31)C(=O)NC4,O=CCCc1ccccc1,CC(=O)O,CC(C)[O-].CC(C)[O-].CC(C)[O-].CC(C)[O-].[Ti+4],CC(=O)O[BH-](OC(C)=O)OC(C)=O.[Na+],,CN1CCCC1=O,CN1CCCC1=O,CN1CCCC1=O,CN1CCCC1=O,CN1CCCC1=O,CN1CCCC1=O,CN1CCCC1=O,22.0,64800.0,26.0
CN[C@@H]1C[C@H]2O[C@@](C)([C@@H]1OC)n1c3ccccc3c3c4c(c5c6ccccc6n2c5c31)C(=O)NC4,CC(C)=CCCC(C)CC=O,CC(=O)O,CC(C)[O-].CC(C)[O-].CC(C)[O-].CC(C)[O-].[Ti+4],CC(=O)O[BH-](OC(C)=O)OC(C)=O.[Na+],,CN1CCCC1=O,CN1CCCC1=O,CN1CCCC1=O,CN1CCCC1=O,CN1CCCC1=O,CN1CCCC1=O,CN1CCCC1=O,22.0,64800.0,36.0
CN[C@@H]1C[C@H]2O[C@@](C)([C@@H]1OC)n1c3ccccc3c3c4c(c5c6ccccc6n2c5c31)C(=O)NC4,CC(C)=CCCC(C)CC=O,CC(=O)O,CC(C)[O-].CC(C)[O-].CC(C)[O-].CC(C)[O-].[Ti+4],CC(=O)O[BH-](OC(C)=O)OC(C)=O.[Na+],,CN1CCCC1=O,CN1CCCC1=O,CN1CCCC1=O,CN1CCCC1=O,CN1CCCC1=O,CN1CCCC1=O,CN1CCCC1=O,22.0,64800.0,48.0
CN[C@@H]1C[C@H]2O[C@@](C)([C@@H]1OC)n1c3ccccc3c3c4c(c5c6ccccc6n2c5c31)C(=O)NC4,N#CCC1CCC(=O)C1,CC(=O)O,CC(C)[O-].CC(C)[O-].CC(C)[O-].CC(C)[O-].[Ti+4],CC(=O)O[BH-](OC(C)=O)OC(C)=O.[Na+],,CN1CCCC1=O,CN1CCCC1=O,CN1CCCC1=O,CN1CCCC1=O,CN1CCCC1=O,CN1CCCC1=O,CN1CCCC1=O,22.0,64800.0,4.0
CN[C@@H]1C[C@H]2O[C@@](C)([C@@H]1OC)n1c3ccccc3c3c4c(c5c6ccccc6n2c5c31)C(=O)NC4,N#CCC1CCC(=O)C1,CC(=O)O,CC(C)[O-].CC(C)[O-].CC(C)[O-].CC(C)[O-].[Ti+4],CC(=O)O[BH-](OC(C)=O)OC(C)=O.[Na+],,CN1CCCC1=O,CN1CCCC1=O,CN1CCCC1=O,CN1CCCC1=O,CN1CCCC1=O,CN1CCCC1=O,CN1CCCC1=O,22.0,64800.0,19.0
CN[C@@H]1C[C@H]2O[C@@](C)([C@@H]1OC)n1c3ccccc3c3c4c(c5c6ccccc6n2c5c31)C(=O)NC4,O=C1CCN(c2ccc(F)c(F)c2)CC1,CC(=O)O,CC(C)[O-].CC(C)[O-].CC(C)[O-].CC(C)[O-].[Ti+4],CC(=O)O[BH-](OC(C)=O)OC(C)=O.[Na+],,CN1CCCC1=O,CN1CCCC1=O,CN1CCCC1=O,CN1CCCC1=O,CN1CCCC1=O,CN1CCCC1=O,CN1CCCC1=O,22.0,64800.0,34.0
CN[C@@H]1C[C@H]2O[C@@](C)([C@@H]1OC)n1c3ccccc3c3c4c(c5c6ccccc6n2c5c31)C(=O)NC4,CC(C)n1ncc2cc(C=O)cnc21,CC(=O)O,CC(C)[O-].CC(C)[O-].CC(C)[O-].CC(C)[O-].[Ti+4],CC(=O)O[BH-](OC(C)=O)OC(C)=O.[Na+],,CN1CCCC1=O,CN1CCCC1=O,CN1CCCC1=O,CN1CCCC1=O,CN1CCCC1=O,CN1CCCC1=O,CN1CCCC1=O,22.0,64800.0,93.0
CN[C@@H]1C[C@H]2O[C@@](C)([C@@H]1OC)n1c3ccccc3c3c4c(c5c6ccccc6n2c5c31)C(=O)NC4,O=Cc1c[nH]c(-c2ccccc2)n1,CC(=O)O,CC(C)[O-].CC(C)[O-].CC(C)[O-].CC(C)[O-].[Ti+4],CC(=O)O[BH-](OC(C)=O)OC(C)=O.[Na+],,CN1CCCC1=O,CN1CCCC1=O,CN1CCCC1=O,CN1CCCC1=O,CN1CCCC1=O,CN1CCCC1=O,CN1CCCC1=O,22.0,64800.0,50.0
CN[C@@H]1C[C@H]2O[C@@](C)([C@@H]1OC)n1c3ccccc3c3c4c(c5c6ccccc6n2c5c31)C(=O)NC4,CC(=O)Nc1ccc(C=O)cc1,CC(=O)O,CC(C)[O-].CC(C)[O-].CC(C)[O-].CC(C)[O-].[Ti+4],CC(=O)O[BH-](OC(C)=O)OC(C)=O.[Na+],,CC(=O)N(C)C,CC(=O)N(C)C,CC(=O)N(C)C,CC(=O)N(C)C,CC(=O)N(C)C,CC(=O)N(C)C,CC(=O)N(C)C,22.0,64800.0,94.0
CN[C@@H]1C[C@H]2O[C@@](C)([C@@H]1OC)n1c3ccccc3c3c4c(c5c6ccccc6n2c5c31)C(=O)NC4,CC(=O)c1cc(C)cc(C)c1,CC(=O)O,CC(C)[O-].CC(C)[O-].CC(C)[O-].CC(C)[O-].[Ti+4],CC(=O)O[BH-](OC(C)=O)OC(C)=O.[Na+],,CN1CCCC1=O,CN1CCCC1=O,CN1CCCC1=O,CN1CCCC1=O,CN1CCCC1=O,CN1CCCC1=O,CN1CCCC1=O,22.0,64800.0,0.0
CN[C@@H]1C[C@H]2O[C@@](C)([C@@H]1OC)n1c3ccccc3c3c4c(c5c6ccccc6n2c5c31)C(=O)NC4,CC(=O)c1cc(C)cc(C)c1,CC(=O)O,CC(C)[O-].CC(C)[O-].CC(C)[O-].CC(C)[O-].[Ti+4],CC(=O)O[BH-](OC(C)=O)OC(C)=O.[Na+],,CN1CCCC1=O,CN1CCCC1=O,CN1CCCC1=O,CN1CCCC1=O,CN1CCCC1=O,CN1CCCC1=O,CN1CCCC1=O,22.0,64800.0,0.0
CN[C@@H]1C[C@H]2O[C@@](C)([C@@H]1OC)n1c3ccccc3c3c4c(c5c6ccccc6n2c5c31)C(=O)NC4,O=Cc1cc2cccc3c2n(c1=O)CC3,CC(=O)O,CC(C)[O-].CC(C)[O-].CC(C)[O-].CC(C)[O-].[Ti+4],CC(=O)O[BH-](OC(C)=O)OC(C)=O.[Na+],,CN1CCCC1=O,CN1CCCC1=O,CN1CCCC1=O,CN1CCCC1=O,CN1CCCC1=O,CN1CCCC1=O,CN1CCCC1=O,22.0,64800.0,98.0
CN[C@@H]1C[C@H]2O[C@@](C)([C@@H]1OC)n1c3ccccc3c3c4c(c5c6ccccc6n2c5c31)C(=O)NC4,O=Cc1cccc(-c2cc(O)ccn2)c1,CC(=O)O,CC(C)[O-].CC(C)[O-].CC(C)[O-].CC(C)[O-].[Ti+4],CC(=O)O[BH-](OC(C)=O)OC(C)=O.[Na+],,CN1CCCC1=O,CN1CCCC1=O,CN1CCCC1=O,CN1CCCC1=O,CN1CCCC1=O,CN1CCCC1=O,CN1CCCC1=O,22.0,64800.0,97.0
CN[C@@H]1C[C@H]2O[C@@](C)([C@@H]1OC)n1c3ccccc3c3c4c(c5c6ccccc6n2c5c31)C(=O)NC4,O=CC1CCN(C(=O)OCc2ccccc2)CC1,CC(=O)O,CC(C)[O-].CC(C)[O-].CC(C)[O-].CC(C)[O-].[Ti+4],CC(=O)O[BH-](OC(C)=O)OC(C)=O.[Na+],,CC(=O)N(C)C,CC(=O)N(C)C,CC(=O)N(C)C,CC(=O)N(C)C,CC(=O)N(C)C,CC(=O)N(C)C,CC(=O)N(C)C,22.0,64800.0,0.0
CN[C@@H]1C[C@H]2O[C@@](C)([C@@H]1OC)n1c3ccccc3c3c4c(c5c6ccccc6n2c5c31)C(=O)NC4,O=Cc1cc2cnccc2[nH]1,CC(=O)O,CC(C)[O-].CC(C)[O-].CC(C)[O-].CC(C)[O-].[Ti+4],CC(=O)O[BH-](OC(C)=O)OC(C)=O.[Na+],,CN1CCCC1=O,CN1CCCC1=O,CN1CCCC1=O,CN1CCCC1=O,CN1CCCC1=O,CN1CCCC1=O,CN1CCCC1=O,22.0,64800.0,19.0
CN[C@@H]1C[C@H]2O[C@@](C)([C@@H]1OC)n1c3ccccc3c3c4c(c5c6ccccc6n2c5c31)C(=O)NC4,O=CCCc1ccccc1,CC(=O)O,CC(C)[O-].CC(C)[O-].CC(C)[O-].CC(C)[O-].[Ti+4],CC(=O)O[BH-](OC(C)=O)OC(C)=O.[Na+],,CN1CCCC1=O,CN1CCCC1=O,CN1CCCC1=O,CN1CCCC1=O,CN1CCCC1=O,CN1CCCC1=O,CN1CCCC1=O,22.0,64800.0,27.0
CN[C@@H]1C[C@H]2O[C@@](C)([C@@H]1OC)n1c3ccccc3c3c4c(c5c6ccccc6n2c5c31)C(=O)NC4,CC(=O)/C=C/c1ccccc1,CC(=O)O,CC(C)[O-].CC(C)[O-].CC(C)[O-].CC(C)[O-].[Ti+4],CC(=O)O[BH-](OC(C)=O)OC(C)=O.[Na+],,CC(=O)N(C)C,CC(=O)N(C)C,CC(=O)N(C)C,CC(=O)N(C)C,CC(=O)N(C)C,CC(=O)N(C)C,CC(=O)N(C)C,22.0,64800.0,3.0
CN[C@@H]1C[C@H]2O[C@@](C)([C@@H]1OC)n1c3ccccc3c3c4c(c5c6ccccc6n2c5c31)C(=O)NC4,CC(=O)/C=C/c1ccccc1,CC(=O)O,CC(C)[O-].CC(C)[O-].CC(C)[O-].CC(C)[O-].[Ti+4],CC(=O)O[BH-](OC(C)=O)OC(C)=O.[Na+],,CC(=O)N(C)C,CC(=O)N(C)C,CC(=O)N(C)C,CC(=O)N(C)C,CC(=O)N(C)C,CC(=O)N(C)C,CC(=O)N(C)C,22.0,64800.0,0.0
CN[C@@H]1C[C@H]2O[C@@](C)([C@@H]1OC)n1c3ccccc3c3c4c(c5c6ccccc6n2c5c31)C(=O)NC4,O=Cc1nc2ccccc2s1,CC(=O)O,CC(C)[O-].CC(C)[O-].CC(C)[O-].CC(C)[O-].[Ti+4],CC(=O)O[BH-](OC(C)=O)OC(C)=O.[Na+],,CN1CCCC1=O,CN1CCCC1=O,CN1CCCC1=O,CN1CCCC1=O,CN1CCCC1=O,CN1CCCC1=O,CN1CCCC1=O,22.0,64800.0,98.0
CN[C@@H]1C[C@H]2O[C@@](C)([C@@H]1OC)n1c3ccccc3c3c4c(c5c6ccccc6n2c5c31)C(=O)NC4,O=C1CCCC1,CC(=O)O,CC(C)[O-].CC(C)[O-].CC(C)[O-].CC(C)[O-].[Ti+4],CC(=O)O[BH-](OC(C)=O)OC(C)=O.[Na+],,CN1CCCC1=O,CN1CCCC1=O,CN1CCCC1=O,CN1CCCC1=O,CN1CCCC1=O,CN1CCCC1=O,CN1CCCC1=O,22.0,64800.0,11.0
CN[C@@H]1C[C@H]2O[C@@](C)([C@@H]1OC)n1c3ccccc3c3c4c(c5c6ccccc6n2c5c31)C(=O)NC4,O=C1CCN(C(=O)OCc2ccccc2)CC1,CC(=O)O,CC(C)[O-].CC(C)[O-].CC(C)[O-].CC(C)[O-].[Ti+4],CC(=O)O[BH-](OC(C)=O)OC(C)=O.[Na+],,CN1CCCC1=O,CN1CCCC1=O,CN1CCCC1=O,CN1CCCC1=O,CN1CCCC1=O,CN1CCCC1=O,CN1CCCC1=O,22.0,64800.0,45.0
CN[C@@H]1C[C@H]2O[C@@](C)([C@@H]1OC)n1c3ccccc3c3c4c(c5c6ccccc6n2c5c31)C(=O)NC4,O=C1CCN(C(=O)OCc2ccccc2)CC1,CC(=O)O,CC(C)[O-].CC(C)[O-].CC(C)[O-].CC(C)[O-].[Ti+4],CC(=O)O[BH-](OC(C)=O)OC(C)=O.[Na+],,CC(=O)N(C)C,CC(=O)N(C)C,CC(=O)N(C)C,CC(=O)N(C)C,CC(=O)N(C)C,CC(=O)N(C)C,CC(=O)N(C)C,22.0,64800.0,40.0
CN[C@@H]1C[C@H]2O[C@@](C)([C@@H]1OC)n1c3ccccc3c3c4c(c5c6ccccc6n2c5c31)C(=O)NC4,O=Cc1c[nH]nc1-c1cccnc1,CC(=O)O,CC(C)[O-].CC(C)[O-].CC(C)[O-].CC(C)[O-].[Ti+4],CC(=O)O[BH-](OC(C)=O)OC(C)=O.[Na+],,CN1CCCC1=O,CN1CCCC1=O,CN1CCCC1=O,CN1CCCC1=O,CN1CCCC1=O,CN1CCCC1=O,CN1CCCC1=O,22.0,64800.0,50.0
CN[C@@H]1C[C@H]2O[C@@](C)([C@@H]1OC)n1c3ccccc3c3c4c(c5c6ccccc6n2c5c31)C(=O)NC4,CC(=O)/C=C/c1ccccc1,CC(=O)O,CC(C)[O-].CC(C)[O-].CC(C)[O-].CC(C)[O-].[Ti+4],CC(=O)O[BH-](OC(C)=O)OC(C)=O.[Na+],,CN1CCCC1=O,CN1CCCC1=O,CN1CCCC1=O,CN1CCCC1=O,CN1CCCC1=O,CN1CCCC1=O,CN1CCCC1=O,22.0,64800.0,2.0
CN[C@@H]1C[C@H]2O[C@@](C)([C@@H]1OC)n1c3ccccc3c3c4c(c5c6ccccc6n2c5c31)C(=O)NC4,CN(C)c1ccc(C=O)c(F)c1C#N,CC(=O)O,CC(C)[O-].CC(C)[O-].CC(C)[O-].CC(C)[O-].[Ti+4],CC(=O)O[BH-](OC(C)=O)OC(C)=O.[Na+],,CN1CCCC1=O,CN1CCCC1=O,CN1CCCC1=O,CN1CCCC1=O,CN1CCCC1=O,CN1CCCC1=O,CN1CCCC1=O,22.0,64800.0,94.0
CN[C@@H]1C[C@H]2O[C@@](C)([C@@H]1OC)n1c3ccccc3c3c4c(c5c6ccccc6n2c5c31)C(=O)NC4,CC(C)=CCCC(C)CC=O,CC(=O)O,CC(C)[O-].CC(C)[O-].CC(C)[O-].CC(C)[O-].[Ti+4],CC(=O)O[BH-](OC(C)=O)OC(C)=O.[Na+],,CC(=O)N(C)C,CC(=O)N(C)C,CC(=O)N(C)C,CC(=O)N(C)C,CC(=O)N(C)C,CC(=O)N(C)C,CC(=O)N(C)C,22.0,64800.0,37.0
CN[C@@H]1C[C@H]2O[C@@](C)([C@@H]1OC)n1c3ccccc3c3c4c(c5c6ccccc6n2c5c31)C(=O)NC4,O=Cc1cccc(-c2cc(O)ccn2)c1,CC(=O)O,CC(C)[O-].CC(C)[O-].CC(C)[O-].CC(C)[O-].[Ti+4],CC(=O)O[BH-](OC(C)=O)OC(C)=O.[Na+],,CN1CCCC1=O,CN1CCCC1=O,CN1CCCC1=O,CN1CCCC1=O,CN1CCCC1=O,CN1CCCC1=O,CN1CCCC1=O,22.0,64800.0,100.0
CN[C@@H]1C[C@H]2O[C@@](C)([C@@H]1OC)n1c3ccccc3c3c4c(c5c6ccccc6n2c5c31)C(=O)NC4,O=C1CCC(n2cccn2)C1,CC(=O)O,CC(C)[O-].CC(C)[O-].CC(C)[O-].CC(C)[O-].[Ti+4],CC(=O)O[BH-](OC(C)=O)OC(C)=O.[Na+],,CC(=O)N(C)C,CC(=O)N(C)C,CC(=O)N(C)C,CC(=O)N(C)C,CC(=O)N(C)C,CC(=O)N(C)C,CC(=O)N(C)C,22.0,64800.0,0.0
CN[C@@H]1C[C@H]2O[C@@](C)([C@@H]1OC)n1c3ccccc3c3c4c(c5c6ccccc6n2c5c31)C(=O)NC4,Cn1cc(C=O)c(C2CC2)n1,CC(=O)O,CC(C)[O-].CC(C)[O-].CC(C)[O-].CC(C)[O-].[Ti+4],CC(=O)O[BH-](OC(C)=O)OC(C)=O.[Na+],,CN1CCCC1=O,CN1CCCC1=O,CN1CCCC1=O,CN1CCCC1=O,CN1CCCC1=O,CN1CCCC1=O,CN1CCCC1=O,22.0,64800.0,80.0
CN[C@@H]1C[C@H]2O[C@@](C)([C@@H]1OC)n1c3ccccc3c3c4c(c5c6ccccc6n2c5c31)C(=O)NC4,CC(=O)Nc1ccc(C=O)cc1,CC(=O)O,CC(C)[O-].CC(C)[O-].CC(C)[O-].CC(C)[O-].[Ti+4],CC(=O)O[BH-](OC(C)=O)OC(C)=O.[Na+],,CN1CCCC1=O,CN1CCCC1=O,CN1CCCC1=O,CN1CCCC1=O,CN1CCCC1=O,CN1CCCC1=O,CN1CCCC1=O,22.0,64800.0,96.0
CN[C@@H]1C[C@H]2O[C@@](C)([C@@H]1OC)n1c3ccccc3c3c4c(c5c6ccccc6n2c5c31)C(=O)NC4,CC(=O)c1cc(C)cc(C)c1,CC(=O)O,CC(C)[O-].CC(C)[O-].CC(C)[O-].CC(C)[O-].[Ti+4],CC(=O)O[BH-](OC(C)=O)OC(C)=O.[Na+],,CC(=O)N(C)C,CC(=O)N(C)C,CC(=O)N(C)C,CC(=O)N(C)C,CC(=O)N(C)C,CC(=O)N(C)C,CC(=O)N(C)C,22.0,64800.0,0.0
CN[C@@H]1C[C@H]2O[C@@](C)([C@@H]1OC)n1c3ccccc3c3c4c(c5c6ccccc6n2c5c31)C(=O)NC4,O=C1CCCC1,CC(=O)O,CC(C)[O-].CC(C)[O-].CC(C)[O-].CC(C)[O-].[Ti+4],CC(=O)O[BH-](OC(C)=O)OC(C)=O.[Na+],,CC(=O)N(C)C,CC(=O)N(C)C,CC(=O)N(C)C,CC(=O)N(C)C,CC(=O)N(C)C,CC(=O)N(C)C,CC(=O)N(C)C,22.0,64800.0,10.0
CN[C@@H]1C[C@H]2O[C@@](C)([C@@H]1OC)n1c3ccccc3c3c4c(c5c6ccccc6n2c5c31)C(=O)NC4,CC(C)=CCCC(C)CC=O,CC(=O)O,CC(C)[O-].CC(C)[O-].CC(C)[O-].CC(C)[O-].[Ti+4],CC(=O)O[BH-](OC(C)=O)OC(C)=O.[Na+],,CC(=O)N(C)C,CC(=O)N(C)C,CC(=O)N(C)C,CC(=O)N(C)C,CC(=O)N(C)C,CC(=O)N(C)C,CC(=O)N(C)C,22.0,64800.0,45.0
CN[C@@H]1C[C@H]2O[C@@](C)([C@@H]1OC)n1c3ccccc3c3c4c(c5c6ccccc6n2c5c31)C(=O)NC4,CC(C)=CCCC(C)CC=O,CC(=O)O,CC(C)[O-].CC(C)[O-].CC(C)[O-].CC(C)[O-].[Ti+4],CC(=O)O[BH-](OC(C)=O)OC(C)=O.[Na+],,CN1CCCC1=O,CN1CCCC1=O,CN1CCCC1=O,CN1CCCC1=O,CN1CCCC1=O,CN1CCCC1=O,CN1CCCC1=O,22.0,64800.0,100.0
CN[C@@H]1C[C@H]2O[C@@](C)([C@@H]1OC)n1c3ccccc3c3c4c(c5c6ccccc6n2c5c31)C(=O)NC4,CC(=O)c1cc(C(F)(F)F)cc(C(F)(F)F)c1,CC(=O)O,CC(C)[O-].CC(C)[O-].CC(C)[O-].CC(C)[O-].[Ti+4],CC(=O)O[BH-](OC(C)=O)OC(C)=O.[Na+],,CC(=O)N(C)C,CC(=O)N(C)C,CC(=O)N(C)C,CC(=O)N(C)C,CC(=O)N(C)C,CC(=O)N(C)C,CC(=O)N(C)C,22.0,64800.0,0.0
CN[C@@H]1C[C@H]2O[C@@](C)([C@@H]1OC)n1c3ccccc3c3c4c(c5c6ccccc6n2c5c31)C(=O)NC4,Cc1ccc(C=O)cc1C,CC(=O)O,CC(C)[O-].CC(C)[O-].CC(C)[O-].CC(C)[O-].[Ti+4],CC(=O)O[BH-](OC(C)=O)OC(C)=O.[Na+],,CN1CCCC1=O,CN1CCCC1=O,CN1CCCC1=O,CN1CCCC1=O,CN1CCCC1=O,CN1CCCC1=O,CN1CCCC1=O,22.0,64800.0,50.0
CN[C@@H]1C[C@H]2O[C@@](C)([C@@H]1OC)n1c3ccccc3c3c4c(c5c6ccccc6n2c5c31)C(=O)NC4,O=C1CCC(n2cccn2)C1,CC(=O)O,CC(C)[O-].CC(C)[O-].CC(C)[O-].CC(C)[O-].[Ti+4],CC(=O)O[BH-](OC(C)=O)OC(C)=O.[Na+],,CC(=O)N(C)C,CC(=O)N(C)C,CC(=O)N(C)C,CC(=O)N(C)C,CC(=O)N(C)C,CC(=O)N(C)C,CC(=O)N(C)C,22.0,64800.0,3.0
CN[C@@H]1C[C@H]2O[C@@](C)([C@@H]1OC)n1c3ccccc3c3c4c(c5c6ccccc6n2c5c31)C(=O)NC4,O=Cc1ccc(-c2nn[nH]n2)cc1,CC(=O)O,CC(C)[O-].CC(C)[O-].CC(C)[O-].CC(C)[O-].[Ti+4],CC(=O)O[BH-](OC(C)=O)OC(C)=O.[Na+],,CN1CCCC1=O,CN1CCCC1=O,CN1CCCC1=O,CN1CCCC1=O,CN1CCCC1=O,CN1CCCC1=O,CN1CCCC1=O,22.0,64800.0,97.0
CN[C@@H]1C[C@H]2O[C@@](C)([C@@H]1OC)n1c3ccccc3c3c4c(c5c6ccccc6n2c5c31)C(=O)NC4,CC(=O)Nc1ccc(C=O)cc1,CC(=O)O,CC(C)[O-].CC(C)[O-].CC(C)[O-].CC(C)[O-].[Ti+4],CC(=O)O[BH-](OC(C)=O)OC(C)=O.[Na+],,CC(=O)N(C)C,CC(=O)N(C)C,CC(=O)N(C)C,CC(=O)N(C)C,CC(=O)N(C)C,CC(=O)N(C)C,CC(=O)N(C)C,22.0,64800.0,85.0
CN[C@@H]1C[C@H]2O[C@@](C)([C@@H]1OC)n1c3ccccc3c3c4c(c5c6ccccc6n2c5c31)C(=O)NC4,N#Cc1ccc(C=O)cc1Br,CC(=O)O,CC(C)[O-].CC(C)[O-].CC(C)[O-].CC(C)[O-].[Ti+4],CC(=O)O[BH-](OC(C)=O)OC(C)=O.[Na+],,CN1CCCC1=O,CN1CCCC1=O,CN1CCCC1=O,CN1CCCC1=O,CN1CCCC1=O,CN1CCCC1=O,CN1CCCC1=O,22.0,64800.0,84.0
CN[C@@H]1C[C@H]2O[C@@](C)([C@@H]1OC)n1c3ccccc3c3c4c(c5c6ccccc6n2c5c31)C(=O)NC4,O=C1CCN(C(=O)OCc2ccccc2)CC1,CC(=O)O,CC(C)[O-].CC(C)[O-].CC(C)[O-].CC(C)[O-].[Ti+4],CC(=O)O[BH-](OC(C)=O)OC(C)=O.[Na+],,CN1CCCC1=O,CN1CCCC1=O,CN1CCCC1=O,CN1CCCC1=O,CN1CCCC1=O,CN1CCCC1=O,CN1CCCC1=O,22.0,64800.0,3.0
CN[C@@H]1C[C@H]2O[C@@](C)([C@@H]1OC)n1c3ccccc3c3c4c(c5c6ccccc6n2c5c31)C(=O)NC4,COc1cccc(C=O)c1,CC(=O)O,CC(C)[O-].CC(C)[O-].CC(C)[O-].CC(C)[O-].[Ti+4],CC(=O)O[BH-](OC(C)=O)OC(C)=O.[Na+],,CN1CCCC1=O,CN1CCCC1=O,CN1CCCC1=O,CN1CCCC1=O,CN1CCCC1=O,CN1CCCC1=O,CN1CCCC1=O,22.0,64800.0,60.0
CN[C@@H]1C[C@H]2O[C@@](C)([C@@H]1OC)n1c3ccccc3c3c4c(c5c6ccccc6n2c5c31)C(=O)NC4,O=C1CCN(C(=O)OCc2ccccc2)CC1,CC(=O)O,CC(C)[O-].CC(C)[O-].CC(C)[O-].CC(C)[O-].[Ti+4],CC(=O)O[BH-](OC(C)=O)OC(C)=O.[Na+],,CN1CCCC1=O,CN1CCCC1=O,CN1CCCC1=O,CN1CCCC1=O,CN1CCCC1=O,CN1CCCC1=O,CN1CCCC1=O,22.0,64800.0,1.0
CN[C@@H]1C[C@H]2O[C@@](C)([C@@H]1OC)n1c3ccccc3c3c4c(c5c6ccccc6n2c5c31)C(=O)NC4,O=Cc1nc2ccccc2s1,CC(=O)O,CC(C)[O-].CC(C)[O-].CC(C)[O-].CC(C)[O-].[Ti+4],CC(=O)O[BH-](OC(C)=O)OC(C)=O.[Na+],,CC(=O)N(C)C,CC(=O)N(C)C,CC(=O)N(C)C,CC(=O)N(C)C,CC(=O)N(C)C,CC(=O)N(C)C,CC(=O)N(C)C,22.0,64800.0,45.0
CN[C@@H]1C[C@H]2O[C@@](C)([C@@H]1OC)n1c3ccccc3c3c4c(c5c6ccccc6n2c5c31)C(=O)NC4,COc1cccc(C=O)c1,CC(=O)O,CC(C)[O-].CC(C)[O-].CC(C)[O-].CC(C)[O-].[Ti+4],CC(=O)O[BH-](OC(C)=O)OC(C)=O.[Na+],,CN1CCCC1=O,CN1CCCC1=O,CN1CCCC1=O,CN1CCCC1=O,CN1CCCC1=O,CN1CCCC1=O,CN1CCCC1=O,22.0,64800.0,90.0
CN[C@@H]1C[C@H]2O[C@@](C)([C@@H]1OC)n1c3ccccc3c3c4c(c5c6ccccc6n2c5c31)C(=O)NC4,O=C1CCCC1,CC(=O)O,CC(C)[O-].CC(C)[O-].CC(C)[O-].CC(C)[O-].[Ti+4],CC(=O)O[BH-](OC(C)=O)OC(C)=O.[Na+],,CC(=O)N(C)C,CC(=O)N(C)C,CC(=O)N(C)C,CC(=O)N(C)C,CC(=O)N(C)C,CC(=O)N(C)C,CC(=O)N(C)C,22.0,64800.0,4.0
CN[C@@H]1C[C@H]2O[C@@](C)([C@@H]1OC)n1c3ccccc3c3c4c(c5c6ccccc6n2c5c31)C(=O)NC4,Cc1ccc(C=O)cc1C,CC(=O)O,CC(C)[O-].CC(C)[O-].CC(C)[O-].CC(C)[O-].[Ti+4],CC(=O)O[BH-](OC(C)=O)OC(C)=O.[Na+],,CC(=O)N(C)C,CC(=O)N(C)C,CC(=O)N(C)C,CC(=O)N(C)C,CC(=O)N(C)C,CC(=O)N(C)C,CC(=O)N(C)C,22.0,64800.0,2.0
CN[C@@H]1C[C@H]2O[C@@](C)([C@@H]1OC)n1c3ccccc3c3c4c(c5c6ccccc6n2c5c31)C(=O)NC4,O=CCCc1ccccc1,CC(=O)O,CC(C)[O-].CC(C)[O-].CC(C)[O-].CC(C)[O-].[Ti+4],CC(=O)O[BH-](OC(C)=O)OC(C)=O.[Na+],,CC(=O)N(C)C,CC(=O)N(C)C,CC(=O)N(C)C,CC(=O)N(C)C,CC(=O)N(C)C,CC(=O)N(C)C,CC(=O)N(C)C,22.0,64800.0,21.0
