csv_row_number,reaction_key,physical_dataset_id,source_row_index,label_decision_id
2,ord_dataset-2be11f57f3304e678ea8469baf6dd1bc:ord-0001c68b507344ecbe1e52f457f8e635,ord_dataset-2be11f57f3304e678ea8469baf6dd1bc,48,681d21f16e00850a20854a2ac607839f9f7cd6058edb27e07ff34b71d72c366d
3,ord_dataset-2be11f57f3304e678ea8469baf6dd1bc:ord-004d0224210b4a3683b7884c750461b3,ord_dataset-2be11f57f3304e678ea8469baf6dd1bc,8,8b008be2c8344774d28711798c2ae7f3191bd80d7c87e8ed63068ace8272fcd6
4,ord_dataset-2be11f57f3304e678ea8469baf6dd1bc:ord-00842723755f46b295b9ce9890734654,ord_dataset-2be11f57f3304e678ea8469baf6dd1bc,432,c9b68e38430274878e1b99efc187063b0ff256a01d88b946bb9717373ab9d2f1
5,ord_dataset-2be11f57f3304e678ea8469baf6dd1bc:ord-00f7e7d09edf4f258b5d8225a0765fa9,ord_dataset-2be11f57f3304e678ea8469baf6dd1bc,1083,a7015f7caa947ac27308b40697e320eb744b080b15b04a282f1b0cb48c384f35
6,ord_dataset-2be11f57f3304e678ea8469baf6dd1bc:ord-0118dcc257fa4fc59aaaa592d1fcabdd,ord_dataset-2be11f57f3304e678ea8469baf6dd1bc,1057,7ef6703fc441ac9d3a3b73de38abb2b63f846c8243cbf27a6678e12d305966d5
7,ord_dataset-2be11f57f3304e678ea8469baf6dd1bc:ord-0179063d264042d4b0a69a29d4610058,ord_dataset-2be11f57f3304e678ea8469baf6dd1bc,1019,d7cb6c7051fd9af39621704c14ccb091770a48a9aa4fdc5ca00d0dcbde5bfea6
8,ord_dataset-2be11f57f3304e678ea8469baf6dd1bc:ord-017baa07e84d4883b3e35920a2efad39,ord_dataset-2be11f57f3304e678ea8469baf6dd1bc,878,9c0b3d9c120b9cb0fee4bbb85c158ecf4eeff1d70ea239625650e3bd5a7ef07f
9,ord_dataset-2be11f57f3304e678ea8469baf6dd1bc:ord-01997c6407594c5480e5f08c1d01599c,ord_dataset-2be11f57f3304e678ea8469baf6dd1bc,696,786e8fca37437c6c28f757c63d771e832f77d2f2c9224bd52e5ad4cba2aa650b
10,ord_dataset-2be11f57f3304e678ea8469baf6dd1bc:ord-0226ca802ce54133b993a62070ebb030,ord_dataset-2be11f57f3304e678ea8469baf6dd1bc,613,842c7ac2bf7f5ab7e3d858986154099379875ba6eb05b259452e896203157f9d
11,ord_dataset-2be11f57f3304e678ea8469baf6dd1bc:ord-026f8e634f9946d6860ff2616c51abaa,ord_dataset-2be11f57f3304e678ea8469baf6dd1bc,793,ac54a2924dcff0f89d9c525339fbdb776fd7571dea57dcbf5efa7b57a07dffd8
12,ord_dataset-2be11f57f3304e678ea8469baf6dd1bc:ord-0271aeda06014b359ed2b34cc06ee2c2,ord_dataset-2be11f57f3304e678ea8469baf6dd1bc,917,f8fc090ef988b98a65312443ab19ce56f897131088606a4a90f24ac690a7a2b8
13,ord_dataset-2be11f57f3304e678ea8469baf6dd1bc:ord-031ccf1fb9db42589aeeb9a5eaf4112e,ord_dataset-2be11f57f3304e678ea8469baf6dd1bc,660,620ea5af7cfd8a8e6c922683e683c1e0c4b76d9eb24035b3ad0aae1fcecd7faf
14,ord_dataset-2be11f57f3304e678ea8469baf6dd1bc:ord-03478000236e44e6816b620b3c29908b,ord_dataset-2be11f57f3304e678ea8469baf6dd1bc,732,bc1f3041a7975e00ed3f4fb5ef9dad67847437bbcf0b233526368dadeadc5711
15,ord_dataset-2be11f57f3304e678ea8469baf6dd1bc:ord-039e6685c9954962bf3dcb3153f971c6,ord_dataset-2be11f57f3304e678ea8469baf6dd1bc,720,23df535e2daad4b8283994436e5ad58306616ad2387682a1cc98a5bbee75ca57
16,ord_dataset-2be11f57f3304e678ea8469baf6dd1bc:ord-03b483cef21f4c0e8996163fd0d59d8e,ord_dataset-2be11f57f3304e678ea8469baf6dd1bc,859,395456fdc1759933c5db9959f8f84586229d41dd1a3d1aebc6fa764a24ae4ca3
17,ord_dataset-2be11f57f3304e678ea8469baf6dd1bc:ord-03c3166a00dd4c2e916dbb19c92cf8dc,ord_dataset-2be11f57f3304e678ea8469baf6dd1bc,115,15c6ed42c3d3dbe841d2b2eaf251ec1454c4cb974537f6d9ec3411daad04b709
18,ord_dataset-2be11f57f3304e678ea8469baf6dd1bc:ord-03d4bbb418c14e1798cffb3ddcf976d2,ord_dataset-2be11f57f3304e678ea8469baf6dd1bc,455,ed9458bbbf7ce2646804c2f69067721848f50f01a1cabcee8277f1f07ca7cdfb
19,ord_dataset-2be11f57f3304e678ea8469baf6dd1bc:ord-040c8b0655b74497b4c8b910a5e3bec9,ord_dataset-2be11f57f3304e678ea8469baf6dd1bc,704,08e7b0ce6fba8a1a0a13ae5eac4ba6abbacebbd2998ae59260192fa161eb0508
20,ord_dataset-2be11f57f3304e678ea8469baf6dd1bc:ord-042ce7613d4a46be8653ac247603619f,ord_dataset-2be11f57f3304e678ea8469baf6dd1bc,942,e27bf943db4d499f9ccd95472ba7c86303224375bb72c35a6836ce43e87d2623
21,ord_dataset-2be11f57f3304e678ea8469baf6dd1bc:ord-0437184d5fb64cdea064832994d07ddc,ord_dataset-2be11f57f3304e678ea8469baf6dd1bc,1050,eb073cf18f9d1550301e17cb12376ef10bb3b97a9e2c10cd03652e2ffcc570f2
22,ord_dataset-2be11f57f3304e678ea8469baf6dd1bc:ord-0447739f78264f18a1e9f7673c6886ab,ord_dataset-2be11f57f3304e678ea8469baf6dd1bc,413,b7a158105172ee3b10b6ca6016ecb4c38435df9e09783cfc88828476c6f11403
23,ord_dataset-2be11f57f3304e678ea8469baf6dd1bc:ord-046c5c6c456841d4926789381193d996,ord_dataset-2be11f57f3304e678ea8469baf6dd1bc,285,4d5a63a6a748c42bc6f7ca390d0f985ffcd6c6e9a0a512a150bb0e8e466a2fa0
24,ord_dataset-2be11f57f3304e678ea8469baf6dd1bc:ord-04732c3e51cd4216a61d5269d7b6e0ac,ord_dataset-2be11f57f3304e678ea8469baf6dd1bc,248,f7cff561ff6c9095e1fbc70f75e1cda03a271eef7b98006e533ea1d449b9b468
25,ord_dataset-2be11f57f3304e678ea8469baf6dd1bc:ord-048e5c5da7e54261a51fe4258ee5e5bc,ord_dataset-2be11f57f3304e678ea8469baf6dd1bc,87,64038a90fa6877a4547d8627147e7ecf23554e2f819f9326d1b0c5e6a96de7c3
26,ord_dataset-2be11f57f3304e678ea8469baf6dd1bc:ord-04a04157a3d9449a9a721bf12c2f74c6,ord_dataset-2be11f57f3304e678ea8469baf6dd1bc,310,76c330f3dfec8267a3db8cbc7861f68042de89789e8bd9ce1f90f7e1696b55f0
27,ord_dataset-2be11f57f3304e678ea8469baf6dd1bc:ord-04ad1bcb90054943b6d54620b34b3a62,ord_dataset-2be11f57f3304e678ea8469baf6dd1bc,885,cab789253c50af5dc18678e6566d8e7ec43faf72a7f114d2d5d8445fffed24e0
28,ord_dataset-2be11f57f3304e678ea8469baf6dd1bc:ord-051c890ab56e4c509929c3c2b6fb75e5,ord_dataset-2be11f57f3304e678ea8469baf6dd1bc,331,3dc64fdc5b8f60a50f82e398d436cb221f9d3a627381ef0a827b2018b6090f23
29,ord_dataset-2be11f57f3304e678ea8469baf6dd1bc:ord-056829cb243346348c93d1911cb4c0dc,ord_dataset-2be11f57f3304e678ea8469baf6dd1bc,270,084befc5331e6e193a8cf87a65fa59ce35de8b983fa08b3e158ba7f80d5d325a
30,ord_dataset-2be11f57f3304e678ea8469baf6dd1bc:ord-059793f7f49c4ecfaa441fed30ff607e,ord_dataset-2be11f57f3304e678ea8469baf6dd1bc,492,aae1a063d90a2ca0481da2d769bec0aa1aa0cb96153dfc1d7b0d4729f93fc918
31,ord_dataset-2be11f57f3304e678ea8469baf6dd1bc:ord-05c72ef2177d467981898a870a16b844,ord_dataset-2be11f57f3304e678ea8469baf6dd1bc,1051,bd65ea127a45c9a0689b86847c067745d393972d43ceb2c1b5ea9a45b957d04d
32,ord_dataset-2be11f57f3304e678ea8469baf6dd1bc:ord-067d005dfc9b4a728a1c44ea21cc4488,ord_dataset-2be11f57f3304e678ea8469baf6dd1bc,927,01949bb02ec7516e1ae8419d642cd3847ada697e0393917a70a715df25d87768
33,ord_dataset-2be11f57f3304e678ea8469baf6dd1bc:ord-06f1e0dabb9c42ca8120a953246dc5a7,ord_dataset-2be11f57f3304e678ea8469baf6dd1bc,348,ea020f4f41cb34f2602a0cef6db7c3ccba2655d614a5b014773c7d0240ce46ff
34,ord_dataset-2be11f57f3304e678ea8469baf6dd1bc:ord-0741528b7196434d8475789e586215d0,ord_dataset-2be11f57f3304e678ea8469baf6dd1bc,1091,518eef4d4531d8cf91b65d47af95fd4db936e016c1617767c9fa10b922e0e962
35,ord_dataset-2be11f57f3304e678ea8469baf6dd1bc:ord-07a6172f63eb40a39135264b4725a259,ord_dataset-2be11f57f3304e678ea8469baf6dd1bc,657,d7f1baef16a11bccf67acaf3c14491c1ed4435abeab9eecca8b5ebcff38be987
36,ord_dataset-2be11f57f3304e678ea8469baf6dd1bc:ord-07dbe52dac174810b7f30a67575964b7,ord_dataset-2be11f57f3304e678ea8469baf6dd1bc,46,849b05f8bfad60823b404006a8d867d8978ed2df488484f8c20c06e020df12e6
37,ord_dataset-2be11f57f3304e678ea8469baf6dd1bc:ord-07dc0dcde7974c53949bd30b129e8c3e,ord_dataset-2be11f57f3304e678ea8469baf6dd1bc,778,2b3174beabd268cb29b20639f70266a2343ac8a82d543f764579c4cb0ffb0985
38,ord_dataset-2be11f57f3304e678ea8469baf6dd1bc:ord-080081ed25fa4c5cb3d5ce2444b5f316,ord_dataset-2be11f57f3304e678ea8469baf6dd1bc,296,0a7f5a36ab217d40378d88f46698549607463766ad5c5161a921703b13fec229
39,ord_dataset-2be11f57f3304e678ea8469baf6dd1bc:ord-0821a2846a5c42b59b99a25d6ee54b04,ord_dataset-2be11f57f3304e678ea8469baf6dd1bc,502,938ef942178533cc883a03d9027d6f48d0322f9015e80b7c2e0dcb1c12793eb3
40,ord_dataset-2be11f57f3304e678ea8469baf6dd1bc:ord-08521514f44a4ad482a36aa1a77593b6,ord_dataset-2be11f57f3304e678ea8469baf6dd1bc,231,4dc2c14fc710e563281dccfa1ecae21f58699e4db77e4290b3971b09419d7298
41,ord_dataset-2be11f57f3304e678ea8469baf6dd1bc:ord-09746b6279f649eaa0057811fac4d935,ord_dataset-2be11f57f3304e678ea8469baf6dd1bc,898,c4410e0b3d7b39f9c4605842b202094b2d1ae594cc0f43c2713fc28b91e50231
42,ord_dataset-2be11f57f3304e678ea8469baf6dd1bc:ord-097d5210a45c4947bef16e847625cd6f,ord_dataset-2be11f57f3304e678ea8469baf6dd1bc,153,32d8990d30d8e68b23d0e48057655622d5e91afa7b2bdcb9ba243e61d33351c2
43,ord_dataset-2be11f57f3304e678ea8469baf6dd1bc:ord-099bcef0b2734266b6add6c0331448b2,ord_dataset-2be11f57f3304e678ea8469baf6dd1bc,831,b4f8a3c58ed0fc1581ff11a75118508a66b5a4ce5a3755908c01a614d41766e4
44,ord_dataset-2be11f57f3304e678ea8469baf6dd1bc:ord-09c92563c4b149e48af431c6be4c60ff,ord_dataset-2be11f57f3304e678ea8469baf6dd1bc,404,ad01518938bb9438431ce11c6cff3ea07540069a77c1746acb571ae5e378c506
45,ord_dataset-2be11f57f3304e678ea8469baf6dd1bc:ord-09d6abdba3c24936b1f8f4abd408d64c,ord_dataset-2be11f57f3304e678ea8469baf6dd1bc,733,6915c24cee420b5ee9aca97dd6e573381752c1eda6487799fbdd87e5888d40a6
46,ord_dataset-2be11f57f3304e678ea8469baf6dd1bc:ord-09e0dc92ac0b466b9b4cfeefc6545751,ord_dataset-2be11f57f3304e678ea8469baf6dd1bc,475,94e5c84f7eb68ada3022cd7e9e937288de44328ba8c4ce4e6eca3ecfb673a242
47,ord_dataset-2be11f57f3304e678ea8469baf6dd1bc:ord-0a16e54a348f4fa7baef2dbea7ca2d11,ord_dataset-2be11f57f3304e678ea8469baf6dd1bc,9,9d5548a8d7c5f2ec076a850252c2e1e9b7ef3a64915ff4fe82d356351a7238c6
48,ord_dataset-2be11f57f3304e678ea8469baf6dd1bc:ord-0a4af0ebf35740af8bdc69a0cff10e97,ord_dataset-2be11f57f3304e678ea8469baf6dd1bc,958,b044a2fafa0e75b14c5880949f201cf492164ead858b4a168f4abfbdb337c52a
49,ord_dataset-2be11f57f3304e678ea8469baf6dd1bc:ord-0a8d7de89c9d4de592a2bb2b7269f4b1,ord_dataset-2be11f57f3304e678ea8469baf6dd1bc,1052,a3bb4b6e31c4e8461814da1f31bc0fbd0bde93fe4bf2cce38a879cca12daa020
50,ord_dataset-2be11f57f3304e678ea8469baf6dd1bc:ord-0aa4a630e1f044d9bfda0aaba2d85513,ord_dataset-2be11f57f3304e678ea8469baf6dd1bc,678,4fa72bf68a1a37f3519c08f6e3e48783ad8925a99d833717e03dfb6e43c966e2
51,ord_dataset-2be11f57f3304e678ea8469baf6dd1bc:ord-0ac193c6ce0740c8b5aaa9ff81edc181,ord_dataset-2be11f57f3304e678ea8469baf6dd1bc,1142,f264ec4feb0fce8e0f452a665de84fdc58878aa65a7f6c2b52eef76acf9cb9be
52,ord_dataset-2be11f57f3304e678ea8469baf6dd1bc:ord-0b38e0f4f5f9480e9bd79537ff53bde3,ord_dataset-2be11f57f3304e678ea8469baf6dd1bc,605,6394a60f0f7602d44a5d0065215186fbeaf3048e5849993c8aa7373e98c7f1dd
53,ord_dataset-2be11f57f3304e678ea8469baf6dd1bc:ord-0b4593aeb670454cbe5d098e6e5d66cb,ord_dataset-2be11f57f3304e678ea8469baf6dd1bc,1087,8ec6755d2f0e377f070308eecf037dd6af513b43109983db2d0ff64f9ed6b882
54,ord_dataset-2be11f57f3304e678ea8469baf6dd1bc:ord-0b7482e4e2f84093851955836c6e66cf,ord_dataset-2be11f57f3304e678ea8469baf6dd1bc,600,e012a86940adc6369fcf1ec39346f0dad8ed6792e4c6e1ea3b6168b87b5bfaf9
55,ord_dataset-2be11f57f3304e678ea8469baf6dd1bc:ord-0b871aa8d02b4722a7b95807bb54d6ce,ord_dataset-2be11f57f3304e678ea8469baf6dd1bc,387,bdd78f2a292c4d34e4b1467ae3233ba91ee868dcd0931b9cd2c5e8e8bbd645de
56,ord_dataset-2be11f57f3304e678ea8469baf6dd1bc:ord-0bac5c31ddbd4d6c852ee54b39cb6c62,ord_dataset-2be11f57f3304e678ea8469baf6dd1bc,716,e1ea5056927b25cc218842ab070cb9a163761d3a2bffc50f56f5efd05ed16732
57,ord_dataset-2be11f57f3304e678ea8469baf6dd1bc:ord-0c00222878bf4a48863facfd467f40bc,ord_dataset-2be11f57f3304e678ea8469baf6dd1bc,314,88262bc9153a549961c71c6aa58fc74e4ee5c5f5dfffef7be1ac367d47e66831
58,ord_dataset-2be11f57f3304e678ea8469baf6dd1bc:ord-0c460dfc13e4437caa634fda186ec1fa,ord_dataset-2be11f57f3304e678ea8469baf6dd1bc,462,e39b5511dea64b6f7d25d8efb5ac275b2d20104591fc559729ab3a8bf70a893e
59,ord_dataset-2be11f57f3304e678ea8469baf6dd1bc:ord-0c4a0ddeb8da48dc83a299594d567a85,ord_dataset-2be11f57f3304e678ea8469baf6dd1bc,403,2a331baf50adc26c2aae4b96be2b05dff660f6dad8019095a5682d7e2b50582a
60,ord_dataset-2be11f57f3304e678ea8469baf6dd1bc:ord-0c89adafacfd45559d0d8d99c808d6dc,ord_dataset-2be11f57f3304e678ea8469baf6dd1bc,884,3ad9f3fd8d851eef670aebaf60e21314ebfd36719e869994fc4a9e61bd970d59
61,ord_dataset-2be11f57f3304e678ea8469baf6dd1bc:ord-0cf683375c33489496b251960f78a1ce,ord_dataset-2be11f57f3304e678ea8469baf6dd1bc,1117,7be3b001b7fc7aa71eb46aae15b1b0ba90178a7847aa3cae5fac8f94b5f1c506
62,ord_dataset-2be11f57f3304e678ea8469baf6dd1bc:ord-0d0369341c544ea4b0cbc33f7e9b1a4c,ord_dataset-2be11f57f3304e678ea8469baf6dd1bc,1015,dc7f5da4d6282e34b7131009ab79113be6db393c1d65d15347af68d6e6241373
63,ord_dataset-2be11f57f3304e678ea8469baf6dd1bc:ord-0d1e54e9634a409e977b91b7057b1c00,ord_dataset-2be11f57f3304e678ea8469baf6dd1bc,574,76e296855dd7b66708c4c5e64442b000a733b34ea51f815203dff9b946524e71
64,ord_dataset-2be11f57f3304e678ea8469baf6dd1bc:ord-0d4a8586400c42979a3f11dd5c9f0ab4,ord_dataset-2be11f57f3304e678ea8469baf6dd1bc,941,ca648f2667aa5e07ef177de1a2a1de7d6200a0a629eeb8691cff890e88792e3f
65,ord_dataset-2be11f57f3304e678ea8469baf6dd1bc:ord-0d6cf7c6429d40d4ae31929e2df7e2a6,ord_dataset-2be11f57f3304e678ea8469baf6dd1bc,632,23c8a0f1148de8e84a7414a27aaad31cd00977c22f7bb66cfb639232b3bfa7d3
66,ord_dataset-2be11f57f3304e678ea8469baf6dd1bc:ord-0d7b6de70d984d3b86a8a1bd7b97836e,ord_dataset-2be11f57f3304e678ea8469baf6dd1bc,409,05168f0114a973280c87b093300d12dadb8a8f78ba8528eeaf3c40b688dba917
67,ord_dataset-2be11f57f3304e678ea8469baf6dd1bc:ord-0de1fd9e082944858e3bcc83a98bab90,ord_dataset-2be11f57f3304e678ea8469baf6dd1bc,803,e850f983c102fa35f0c3fe74b8a9008daef3a512eaa1b1732862773d53a73c7b
68,ord_dataset-2be11f57f3304e678ea8469baf6dd1bc:ord-0ee6c520b39348349432e806ca5cdf4c,ord_dataset-2be11f57f3304e678ea8469baf6dd1bc,1095,04c33acb2921fd48050fc5f93090be5aa677f76087d1c6b33e88ecac853fa19b
69,ord_dataset-2be11f57f3304e678ea8469baf6dd1bc:ord-0f89d20037114ec3bbeb2af30c266c28,ord_dataset-2be11f57f3304e678ea8469baf6dd1bc,1038,8321ffac3ffde3c19196dba227d324b9b4d08325b6b832f27ede9e700a453ad1
70,ord_dataset-2be11f57f3304e678ea8469baf6dd1bc:ord-0fbf3f5b21814f1489c1806833444270,ord_dataset-2be11f57f3304e678ea8469baf6dd1bc,84,25b754b9754350a87a4dad3185b07f8d4dbe06236fe48e4c3d1d268f7323e45f
71,ord_dataset-2be11f57f3304e678ea8469baf6dd1bc:ord-10c2443957674f55b42ad3e9be7e329f,ord_dataset-2be11f57f3304e678ea8469baf6dd1bc,21,bf31cdae18ed3f85765894806041ea9f2d4ae31b3fbe52d76562efd3e4503487
72,ord_dataset-2be11f57f3304e678ea8469baf6dd1bc:ord-10c3f30b643344fb884a20b047ffb389,ord_dataset-2be11f57f3304e678ea8469baf6dd1bc,875,c28e2c2251e300e1d32f13cfb772480eae287da68a52d05912e8ec58943ad44d
73,ord_dataset-2be11f57f3304e678ea8469baf6dd1bc:ord-10f475d4877b465a8eecb4a3d0945a15,ord_dataset-2be11f57f3304e678ea8469baf6dd1bc,501,76e009ed3fa1f9330d320a0652bbefd7b423ad0e787d3e831a957840609d9096
74,ord_dataset-2be11f57f3304e678ea8469baf6dd1bc:ord-112087553b424a2db5e5a96b8b10c1a5,ord_dataset-2be11f57f3304e678ea8469baf6dd1bc,32,fa7458bac880c3e71528f4e86f2ae052b2154515282c8f42c0bcf2e8608da201
75,ord_dataset-2be11f57f3304e678ea8469baf6dd1bc:ord-1179baa919254483a5a826dbd16f0407,ord_dataset-2be11f57f3304e678ea8469baf6dd1bc,410,336e36d776ee544d6ce009ae6bd04f42aab98831819f29a0b15dcda6ee10fbad
76,ord_dataset-2be11f57f3304e678ea8469baf6dd1bc:ord-11c89f49f6534019adc08c909714dbe1,ord_dataset-2be11f57f3304e678ea8469baf6dd1bc,7,f022570f1549d61c5d685de607d77a88cc4190196294fee9fe252e5b1735145a
77,ord_dataset-2be11f57f3304e678ea8469baf6dd1bc:ord-11d1eb67c07248e196e99138f020c72b,ord_dataset-2be11f57f3304e678ea8469baf6dd1bc,754,01251aa4d381336f5b0eca7ee8938060cf38dd9a944ca6b17f214913bc94b1c3
78,ord_dataset-2be11f57f3304e678ea8469baf6dd1bc:ord-11ea2792bbf24598901e980698ec4c36,ord_dataset-2be11f57f3304e678ea8469baf6dd1bc,306,bb9d05b11916c889c6418a389a1bdd539f26c151c18324237d8648bf42084d41
79,ord_dataset-2be11f57f3304e678ea8469baf6dd1bc:ord-11f2690f92b24aa2a649bc8d0f92a600,ord_dataset-2be11f57f3304e678ea8469baf6dd1bc,470,cc4fd66969be57bdd54870eaa6ccbd84a42d7332b92a1ed5b6d46abfbe41beed
80,ord_dataset-2be11f57f3304e678ea8469baf6dd1bc:ord-11fc8b0e4a69408186b166378c895461,ord_dataset-2be11f57f3304e678ea8469baf6dd1bc,112,387b45db77802dbfd8dc0bf87cfd7e17a7149cb7f1775f90122e59587d9d9427
81,ord_dataset-2be11f57f3304e678ea8469baf6dd1bc:ord-121f1c54640d469c840670971669c0d7,ord_dataset-2be11f57f3304e678ea8469baf6dd1bc,577,ebc6c2c0323108748144e6590f3ac2e5cbc4b8211c2b3b3c007efbf7981f2521
82,ord_dataset-2be11f57f3304e678ea8469baf6dd1bc:ord-1240cc4d3e304460889db091cb0abbe1,ord_dataset-2be11f57f3304e678ea8469baf6dd1bc,249,8d72aea09c2b67b0d22581c1298cdb6aa1e8bcb9fb302222c27151f59a38f51e
83,ord_dataset-2be11f57f3304e678ea8469baf6dd1bc:ord-124dff3e72f14370aaae88e82da717a1,ord_dataset-2be11f57f3304e678ea8469baf6dd1bc,203,831a81571c513d4fc02db5d889eff49c570cbbf5367691396dccaf4c6775d2b2
84,ord_dataset-2be11f57f3304e678ea8469baf6dd1bc:ord-124f5f0497e6485fa801c88e30b2dbde,ord_dataset-2be11f57f3304e678ea8469baf6dd1bc,913,1619ac08b6d37ec382b4f794189e8827a9bd088ba4e6f84aa95c6419b4e8587b
85,ord_dataset-2be11f57f3304e678ea8469baf6dd1bc:ord-132626a58dd043b9bfdfe126e82bd033,ord_dataset-2be11f57f3304e678ea8469baf6dd1bc,731,5e88489abca32aa5ca955a63d65e0006fd9c188791e1a81a757ef60aaa2a5586
86,ord_dataset-2be11f57f3304e678ea8469baf6dd1bc:ord-138b1e45057f4e4297e7712f6126f73a,ord_dataset-2be11f57f3304e678ea8469baf6dd1bc,636,493a4181307e947ec60b09a1c134c05aada28b376a46b344860fb8900e23a735
87,ord_dataset-2be11f57f3304e678ea8469baf6dd1bc:ord-13b9b508407b4e8a9d4e27ec5652135f,ord_dataset-2be11f57f3304e678ea8469baf6dd1bc,1127,f37dfb9eebd9af528d4d24998aefba8c4d79f86ded2e4be86d0762015fac12f5
88,ord_dataset-2be11f57f3304e678ea8469baf6dd1bc:ord-13c48fc4f0ce428cbfc06fdb9ea12119,ord_dataset-2be11f57f3304e678ea8469baf6dd1bc,173,b318f250063263ce33393600996c33f48e8cf0e89eba93a3a4fb28a475ba6322
89,ord_dataset-2be11f57f3304e678ea8469baf6dd1bc:ord-149f887d331e479d849bca27e5088a73,ord_dataset-2be11f57f3304e678ea8469baf6dd1bc,548,e140a5ae914db01f8043bc314e7119f7ac939f7e51610de1eeacf528b21e0bb1
90,ord_dataset-2be11f57f3304e678ea8469baf6dd1bc:ord-14d2eec1bd974e6cb4f6b465f8825848,ord_dataset-2be11f57f3304e678ea8469baf6dd1bc,895,475acf808487168bbbcfe5a22716bc1a3a7e57c21dc7472a60cecc8b7b071ad8
91,ord_dataset-2be11f57f3304e678ea8469baf6dd1bc:ord-150d9f71187a42b98edb5aaf5165f886,ord_dataset-2be11f57f3304e678ea8469baf6dd1bc,1018,ecef38bb71b586d0a55022ad6518278a956796f8eeebfce72ec46787fef595ee
92,ord_dataset-2be11f57f3304e678ea8469baf6dd1bc:ord-1522592e25e549b495c82549d54ca953,ord_dataset-2be11f57f3304e678ea8469baf6dd1bc,480,5c05c4dcbf0d8c1bef6940d864366a0a3df645968d599713e4f4e73029aed3fa
93,ord_dataset-2be11f57f3304e678ea8469baf6dd1bc:ord-152c2be5ebdb49dea92d6f6d36390c84,ord_dataset-2be11f57f3304e678ea8469baf6dd1bc,564,1eb330b343f8eba2068d5311bd0ba5ee491c40cc3205f8fa842335c73399f6a3
94,ord_dataset-2be11f57f3304e678ea8469baf6dd1bc:ord-152e807d404744f2af49dbe09f2f5677,ord_dataset-2be11f57f3304e678ea8469baf6dd1bc,746,1651cc900d5864e2345fdf3d0409db87b2d7ae1f901991d3ee3411ab2d9df476
95,ord_dataset-2be11f57f3304e678ea8469baf6dd1bc:ord-16037ac2d6ab4ee6ac088093049260ca,ord_dataset-2be11f57f3304e678ea8469baf6dd1bc,565,fd1992ebad09747f008aa862e0cadb10b8868ffde8767ccc64ab705520d8d2f5
96,ord_dataset-2be11f57f3304e678ea8469baf6dd1bc:ord-160b70ca0b9d4fc78a0287c64b745798,ord_dataset-2be11f57f3304e678ea8469baf6dd1bc,957,41d862d14797f814c6fcac82932fb43c8a39b35abb266ae24bb807217a4151ff
97,ord_dataset-2be11f57f3304e678ea8469baf6dd1bc:ord-162c4799008b4d7aa7d8cab86868615d,ord_dataset-2be11f57f3304e678ea8469baf6dd1bc,1056,a99184c973450940bcab7732b2df857b52fb6a9d7e09a4119d11d5349d91c30f
98,ord_dataset-2be11f57f3304e678ea8469baf6dd1bc:ord-166e9295ca41413dbda7cbe7d7cd0f4b,ord_dataset-2be11f57f3304e678ea8469baf6dd1bc,743,39be4b9eb4bdcb0f354e22ecc367e7f1c6deab35f1b2b34b22cb0fa3a34cf48a
99,ord_dataset-2be11f57f3304e678ea8469baf6dd1bc:ord-1672538be0db4f07add5f004e2978253,ord_dataset-2be11f57f3304e678ea8469baf6dd1bc,464,382d433e2fe906062de021e06ec4d2a097521d764687c752d2341926d7a58a98
100,ord_dataset-2be11f57f3304e678ea8469baf6dd1bc:ord-167581de27094cde81732ef6e0d71482,ord_dataset-2be11f57f3304e678ea8469baf6dd1bc,350,88e61f9ccce34833f74e036c2ae5d0f523016f8b40d99321eff6a686d2aa033e
101,ord_dataset-2be11f57f3304e678ea8469baf6dd1bc:ord-17432a39745f4672bc95d7da616a43da,ord_dataset-2be11f57f3304e678ea8469baf6dd1bc,718,8a98280e142cbefdb0953f9b1297e1284ea7e24ef1e498972e356e9e1d4d7253
102,ord_dataset-2be11f57f3304e678ea8469baf6dd1bc:ord-177df434fb7e4b629f1b6247a39b788d,ord_dataset-2be11f57f3304e678ea8469baf6dd1bc,141,0d16ddab9048ad5844a54eb99ab4a2cead097ea6587cb33de00ad64dcf67f2a3
103,ord_dataset-2be11f57f3304e678ea8469baf6dd1bc:ord-17933c8893924b658de690ef44c0c11c,ord_dataset-2be11f57f3304e678ea8469baf6dd1bc,447,6527a348370f3889f17165f8bf4f5acef0c910d2314c3b97be80885827e670ba
104,ord_dataset-2be11f57f3304e678ea8469baf6dd1bc:ord-17aa07de82cf4473823a0c7036550f73,ord_dataset-2be11f57f3304e678ea8469baf6dd1bc,136,bb45503ea05c6fb0740aff814d8534e68eedb0f359b1b9a46eef3d7cfd949c35
105,ord_dataset-2be11f57f3304e678ea8469baf6dd1bc:ord-17b6d454da364b46a091e2b06ea037a4,ord_dataset-2be11f57f3304e678ea8469baf6dd1bc,375,faa3048c0d88305e04107f7ac1ddd82b01b630518257d9a1245db9259fd0cba5
106,ord_dataset-2be11f57f3304e678ea8469baf6dd1bc:ord-18157aff8c54470d924438ecf3b6356c,ord_dataset-2be11f57f3304e678ea8469baf6dd1bc,993,b20d165879fe28bd35c36e9d519cb1d7c953bccf0d8b266f07a6f58c92e2d894
107,ord_dataset-2be11f57f3304e678ea8469baf6dd1bc:ord-18e446d81c0740d491c6e21cb3e57c6d,ord_dataset-2be11f57f3304e678ea8469baf6dd1bc,370,dbe94f6abce1c79d833dbbea29712de97f4ca8cf8cbc0d6b756fb72b2cb19f50
108,ord_dataset-2be11f57f3304e678ea8469baf6dd1bc:ord-18e82c34a90044cc8a4c314ba5faacfa,ord_dataset-2be11f57f3304e678ea8469baf6dd1bc,463,dafc6b238d271c5a8327884b62b3ea1a2feb68dfe2464cb6be48aee2c75f0786
109,ord_dataset-2be11f57f3304e678ea8469baf6dd1bc:ord-1924e75a46c5488890f16f46ef2e59d3,ord_dataset-2be11f57f3304e678ea8469baf6dd1bc,646,64a1cca19821dddc938b93845c8f786cc8be97085f6921164e4c219a1a1c7282
110,ord_dataset-2be11f57f3304e678ea8469baf6dd1bc:ord-1925492c25e94def81ca90ad6e5f508d,ord_dataset-2be11f57f3304e678ea8469baf6dd1bc,4,e8be729e9648fda0a037efc9353303786307093c88247a27c44fff8383e17ac7
111,ord_dataset-2be11f57f3304e678ea8469baf6dd1bc:ord-193fea5bf3d64de6aed3984e2466c5ed,ord_dataset-2be11f57f3304e678ea8469baf6dd1bc,561,cf5590af8a9db69702a456ef1d887554dd142952c030e5f78fe2d8102c105921
112,ord_dataset-2be11f57f3304e678ea8469baf6dd1bc:ord-194ed3c8605e4c1aa0edd951581e90a6,ord_dataset-2be11f57f3304e678ea8469baf6dd1bc,523,f4c2ed13ea3d0bf08bb926e496e5e729fd6410e8d0a90e2ff2af02160bc41a4d
113,ord_dataset-2be11f57f3304e678ea8469baf6dd1bc:ord-1973e6d9f4f544ed80d27f87a267c4b1,ord_dataset-2be11f57f3304e678ea8469baf6dd1bc,918,46644b41dca3c45a5931bec479adaf99cc6aa9c0aa06f41d56e80496f172ce6c
114,ord_dataset-2be11f57f3304e678ea8469baf6dd1bc:ord-19749e6867044ab48b4b91cc730e4b08,ord_dataset-2be11f57f3304e678ea8469baf6dd1bc,210,d30698a97d495c03f7cf1a726e0744814f9af154a00999a47c2129cfe3aff2cb
115,ord_dataset-2be11f57f3304e678ea8469baf6dd1bc:ord-199624fecb0c4feda3b59f0437c93cfd,ord_dataset-2be11f57f3304e678ea8469baf6dd1bc,54,1bc2280ba24bd4ec3fee5ef4501aa0fb2776fa618eef3adc646136f382259826
116,ord_dataset-2be11f57f3304e678ea8469baf6dd1bc:ord-1a00edef7054443b9e6261679de7ee32,ord_dataset-2be11f57f3304e678ea8469baf6dd1bc,94,dcf2ec45b319d979310d6b150484d4076656112f248ecdfe4511a883b5a6c177
117,ord_dataset-2be11f57f3304e678ea8469baf6dd1bc:ord-1a047c1176dd497794f6ab44bbd0cbb1,ord_dataset-2be11f57f3304e678ea8469baf6dd1bc,181,a60c8327f2d84c50aa956245ede1086e19f40f785f670e0d7739a955cfa03f77
118,ord_dataset-2be11f57f3304e678ea8469baf6dd1bc:ord-1a9ce0150f5b41c596e3814d52abf2de,ord_dataset-2be11f57f3304e678ea8469baf6dd1bc,134,403ee32d50e00ee4f7f2408dcaf6809ec9fa3323b78f070ce75ebc8bdd157dbd
119,ord_dataset-2be11f57f3304e678ea8469baf6dd1bc:ord-1aa495cce04d489cb4ada4198bf7f7d7,ord_dataset-2be11f57f3304e678ea8469baf6dd1bc,196,67fa982fd23bbcc25d9f49d0d32a3c050d0f83c2177840ad475cbaee60089a81
120,ord_dataset-2be11f57f3304e678ea8469baf6dd1bc:ord-1acdf6a6831245f2aa705ef20c542eeb,ord_dataset-2be11f57f3304e678ea8469baf6dd1bc,116,e2c62fcf886ecaa4e1d56121c29e2b96eaf253d7565aa03b88e66a031aeaabeb
121,ord_dataset-2be11f57f3304e678ea8469baf6dd1bc:ord-1ad8bbf260c94e588fe068b97c5be1cf,ord_dataset-2be11f57f3304e678ea8469baf6dd1bc,434,415a3c593caf6b0bb3265f99a57be97656e3b222571158616a90e796b8164aaa
122,ord_dataset-2be11f57f3304e678ea8469baf6dd1bc:ord-1b09c6d1bed14f6c83162674ecd25661,ord_dataset-2be11f57f3304e678ea8469baf6dd1bc,420,55449905101aa48d27a5bf4858d166bf83b638204baa32a72c94daa2f43d9933
123,ord_dataset-2be11f57f3304e678ea8469baf6dd1bc:ord-1b1ffd7ed81b4e8b88f05cde025819dd,ord_dataset-2be11f57f3304e678ea8469baf6dd1bc,541,7f4be724d279fde52cb6e7e944641a744e80cee48d1ad8bcdc605600fd9bb3f7
124,ord_dataset-2be11f57f3304e678ea8469baf6dd1bc:ord-1b91d063f843450482e0e0a288f8da80,ord_dataset-2be11f57f3304e678ea8469baf6dd1bc,91,ec54c0b28952e1695c2ecab4d6b6d6ded0433fe2ee0ecd8a9359f4b817078e3a
125,ord_dataset-2be11f57f3304e678ea8469baf6dd1bc:ord-1ba224bf8c2446e9b180d876f7cd50e8,ord_dataset-2be11f57f3304e678ea8469baf6dd1bc,1062,1b6f96cb859d3200e3701483acfe46283fe266dbadb7560a814506554f1e31af
126,ord_dataset-2be11f57f3304e678ea8469baf6dd1bc:ord-1bfdc8f79f514210b61240469f0f6dc2,ord_dataset-2be11f57f3304e678ea8469baf6dd1bc,1030,51dd69a8dca55f021f2533142929fffa4846e1cacfd78675ffaf268ae7d8d290
127,ord_dataset-2be11f57f3304e678ea8469baf6dd1bc:ord-1bffbc21ad9e45399a91afcf4ba428bf,ord_dataset-2be11f57f3304e678ea8469baf6dd1bc,111,86f3945eb01aeaffa00b820a4aa6142ede9dfa8b67f437716c6f37050943e813
128,ord_dataset-2be11f57f3304e678ea8469baf6dd1bc:ord-1c1cdbdf4a6947088bccfd051ae87372,ord_dataset-2be11f57f3304e678ea8469baf6dd1bc,685,1aa6196b1b08fbc98aaa252e3b977883069fb4b090687fbacc2393f5f14327b8
129,ord_dataset-2be11f57f3304e678ea8469baf6dd1bc:ord-1c37e5eefbde445f907281b65dc2d251,ord_dataset-2be11f57f3304e678ea8469baf6dd1bc,700,e1949768a5b1a7d8630229b42f504519fcfbc4e48d7c5f5f3164fdd6a92f1c12
130,ord_dataset-2be11f57f3304e678ea8469baf6dd1bc:ord-1ce97c857f08441783963a226aa9a9a9,ord_dataset-2be11f57f3304e678ea8469baf6dd1bc,465,d923268f0536bbb6ae35dbd0a0c775012d8cf1187e4bd52a91acfd694b0f63c0
131,ord_dataset-2be11f57f3304e678ea8469baf6dd1bc:ord-1cefee15b8ea42c98f3d0a084e820982,ord_dataset-2be11f57f3304e678ea8469baf6dd1bc,97,6a09a06d02ab4e0378cf71c4874d00a0adbc241ccb9eaeaeb612415a9f524626
132,ord_dataset-2be11f57f3304e678ea8469baf6dd1bc:ord-1d01d6c2e0b84440895635acfeadd473,ord_dataset-2be11f57f3304e678ea8469baf6dd1bc,521,c3afbfb5eb29c73dd2c62c09fc6300941d942621c46d37868a336fcc3f8535ed
133,ord_dataset-2be11f57f3304e678ea8469baf6dd1bc:ord-1d62e677d1c1405abaccd5ae287c8440,ord_dataset-2be11f57f3304e678ea8469baf6dd1bc,251,4598d312be4c593a91a015277a140653b81d9f304eabf6ebc7d2fa68a1bb2f1b
134,ord_dataset-2be11f57f3304e678ea8469baf6dd1bc:ord-1de11e53045a478e8cc4dedc425ed2fc,ord_dataset-2be11f57f3304e678ea8469baf6dd1bc,244,97054b08f4f3e6f24b0cfd088d590ae449e8f9a050072cec7ad9d20f36e82c06
135,ord_dataset-2be11f57f3304e678ea8469baf6dd1bc:ord-1e2d621bb6514a57a15c669d07659094,ord_dataset-2be11f57f3304e678ea8469baf6dd1bc,1012,423c7afbac6e06c027d8310ce1f4cf1cbf0564ad771fe33732e7f6b304b8fe69
136,ord_dataset-2be11f57f3304e678ea8469baf6dd1bc:ord-1e7e1f60f54945b28d81b8d7e7b4fa63,ord_dataset-2be11f57f3304e678ea8469baf6dd1bc,931,77b5fdae716bfb2309043a4895452f5c5935376c65eecd76b3fdd0f072f65d96
137,ord_dataset-2be11f57f3304e678ea8469baf6dd1bc:ord-1eaaf12801e94a2bb80aa1e87557f72c,ord_dataset-2be11f57f3304e678ea8469baf6dd1bc,790,36f9c5af2ed1fe15d7edeffd042fb8ddc51b6e14deb3853abeb3fde5d3843db8
138,ord_dataset-2be11f57f3304e678ea8469baf6dd1bc:ord-1efd3af11cf44d4faa217f7ef4863856,ord_dataset-2be11f57f3304e678ea8469baf6dd1bc,77,90c3c4b6d8a2e4c9b50a453827697052494426d0407c277e06a7b6b93929a0d5
139,ord_dataset-2be11f57f3304e678ea8469baf6dd1bc:ord-1f09c552db004607b0ced834772a342b,ord_dataset-2be11f57f3304e678ea8469baf6dd1bc,1059,50d3806951309b0bb62502ba9247b693972e7cf41ba7351e4bde8aa424af7648
140,ord_dataset-2be11f57f3304e678ea8469baf6dd1bc:ord-1f5e185485dc40d4bc48d99368cf5e90,ord_dataset-2be11f57f3304e678ea8469baf6dd1bc,109,9bbdd1ae8d6515c9a29b89a3a58473c5317060eeddd5100944ab572eda3fb50b
141,ord_dataset-2be11f57f3304e678ea8469baf6dd1bc:ord-1fb20621601842dd92921b7ac46d9498,ord_dataset-2be11f57f3304e678ea8469baf6dd1bc,507,cb21d008a75d3473fa0667cf30c323748fb6ff259e32c9fdde47ae660bfb8853
142,ord_dataset-2be11f57f3304e678ea8469baf6dd1bc:ord-1fbc035adf844228bfe60191bfa39043,ord_dataset-2be11f57f3304e678ea8469baf6dd1bc,438,d34993d2b78c713d1dda733ad51bac4556835205149938838c77ebcc27da332a
143,ord_dataset-2be11f57f3304e678ea8469baf6dd1bc:ord-1fd34e6c72cd4f70a4b74ead8c3d1c04,ord_dataset-2be11f57f3304e678ea8469baf6dd1bc,759,88e8add8e71cfc1c8b1260aac6fc2522bdc0f8fa42a25c990df6fdf1bdd829cd
144,ord_dataset-2be11f57f3304e678ea8469baf6dd1bc:ord-200ba1c7c9aa4417a495bea79c965ed5,ord_dataset-2be11f57f3304e678ea8469baf6dd1bc,479,ed855776352d7b876ccf8b5be17d74ba5d36c8247d67e5fe400d033a6d7cb2eb
145,ord_dataset-2be11f57f3304e678ea8469baf6dd1bc:ord-200bb2dcf1eb47adaf5d76262cecfee6,ord_dataset-2be11f57f3304e678ea8469baf6dd1bc,76,b8b620b4ea0a7fa0a4d8125909cdcf3c953e4a525cb84acebe01848bc3752355
146,ord_dataset-2be11f57f3304e678ea8469baf6dd1bc:ord-2031583fa37e47a3b3923f93b8693748,ord_dataset-2be11f57f3304e678ea8469baf6dd1bc,846,83be23d54a67e59e893350480780b32f42b75482b9fc519dae0c70a83efce8a9
147,ord_dataset-2be11f57f3304e678ea8469baf6dd1bc:ord-2039c224150f4aea89062173873b09f7,ord_dataset-2be11f57f3304e678ea8469baf6dd1bc,965,6142392a72fa06db849eceaecf629c562b5d8c0424167b1374fb94b98a1ae7f2
148,ord_dataset-2be11f57f3304e678ea8469baf6dd1bc:ord-208e097f75154197be263fb840b8da98,ord_dataset-2be11f57f3304e678ea8469baf6dd1bc,1017,4b91c071db5bea1bb8a674b5a79ccde3ffb19d378201d2fa7cec6f149da2a1da
149,ord_dataset-2be11f57f3304e678ea8469baf6dd1bc:ord-20a8ca7294694bd0838b8c2cd07cb817,ord_dataset-2be11f57f3304e678ea8469baf6dd1bc,418,64a48c17ec5e61c2e514623ba0d7e1dd24fbbb15e222bfc8b62b3aead3d8cb63
150,ord_dataset-2be11f57f3304e678ea8469baf6dd1bc:ord-20b43ff8f0ba4e2d9083ef477dbc309c,ord_dataset-2be11f57f3304e678ea8469baf6dd1bc,168,96cc9c0686c545c0fdba6b393d5e9d1a182d0c1ee48c1ab09e43e4e72050bd78
151,ord_dataset-2be11f57f3304e678ea8469baf6dd1bc:ord-20c6578d5cde428e956d2c1c855813e4,ord_dataset-2be11f57f3304e678ea8469baf6dd1bc,627,67fa684f47d9dde343d0bfd867c4b7ab3be02cf9d3515ab7e0df7021c10f4503
152,ord_dataset-2be11f57f3304e678ea8469baf6dd1bc:ord-20cc538b3d86484d9a32cd8845afb504,ord_dataset-2be11f57f3304e678ea8469baf6dd1bc,360,dc0160a720db7dbb2176486d726c149ab1c2318f6f2b381caf8a2665c592ed30
153,ord_dataset-2be11f57f3304e678ea8469baf6dd1bc:ord-20df4032f64d48958ee0d3c9a610805a,ord_dataset-2be11f57f3304e678ea8469baf6dd1bc,1086,f0663541ffb7ece29c415bdf70b33989f7f8d3decbd17fdd408e137e35d7cac2
154,ord_dataset-2be11f57f3304e678ea8469baf6dd1bc:ord-20e9cf4ef4d24c228ac93a6884384416,ord_dataset-2be11f57f3304e678ea8469baf6dd1bc,631,998b63e5d73f1f2ed7cbadb6f2f70471e48b36a6b43cb64ca881193a5952427a
155,ord_dataset-2be11f57f3304e678ea8469baf6dd1bc:ord-210bfbf708604c09953d62073cf1560f,ord_dataset-2be11f57f3304e678ea8469baf6dd1bc,194,f4c3a9c3f798a0aff84b3e6e26939423eb6ae30ee87be6a99588c42ed8b09c2e
156,ord_dataset-2be11f57f3304e678ea8469baf6dd1bc:ord-214ddc76f6de4b4184e1a03cdab32290,ord_dataset-2be11f57f3304e678ea8469baf6dd1bc,767,8e27fa15a7207253209c8c990941052ccbd8f668c88e48329fba93eea39916c2
157,ord_dataset-2be11f57f3304e678ea8469baf6dd1bc:ord-21525c344c1048058bf10e6167a8ff8c,ord_dataset-2be11f57f3304e678ea8469baf6dd1bc,483,88300a5c70a71c67bffa285c0cad5c86179d79620921857ae50cf46b3348a227
158,ord_dataset-2be11f57f3304e678ea8469baf6dd1bc:ord-21b5860f0b9d4b9c88346babc91b27e9,ord_dataset-2be11f57f3304e678ea8469baf6dd1bc,757,b40bb7e4fc8413dc7887f054681aaabbdb1810fa7046d78da88dbc551e747a6a
159,ord_dataset-2be11f57f3304e678ea8469baf6dd1bc:ord-21bb6f258fe74639bfbfc6796233ebca,ord_dataset-2be11f57f3304e678ea8469baf6dd1bc,925,4974b5d259707ecef7020c1c110fc28accadc8ccbddc02542ae1ab7a7f98ddee
160,ord_dataset-2be11f57f3304e678ea8469baf6dd1bc:ord-21d5b2f8a4444eda8cf6e771d144b2ab,ord_dataset-2be11f57f3304e678ea8469baf6dd1bc,171,80afe6a42986089a25089425baee59d6dc451c023c6109ba3bc4c36679a93a01
161,ord_dataset-2be11f57f3304e678ea8469baf6dd1bc:ord-21eb81b6f8f74ed694b6122ff7c35a94,ord_dataset-2be11f57f3304e678ea8469baf6dd1bc,473,be69bd5148c35358aec314a5bc1ed9e3af815fbd109f06f2734cfbdb39159f0a
162,ord_dataset-2be11f57f3304e678ea8469baf6dd1bc:ord-2213a5c3acba4920af339d0b2692f2bd,ord_dataset-2be11f57f3304e678ea8469baf6dd1bc,202,ef94b47b1b3da0420c9e3f0f7214fe82191f1808a702fd7f88ee8c1b124e8576
163,ord_dataset-2be11f57f3304e678ea8469baf6dd1bc:ord-221ec55557b043359b5c226766f9b888,ord_dataset-2be11f57f3304e678ea8469baf6dd1bc,504,47ce22cca21a58b7ea535c0207f163468be7e070925199e044f94a90aa3fd55d
164,ord_dataset-2be11f57f3304e678ea8469baf6dd1bc:ord-2221f9a52f2a418397052ec9e616f6ad,ord_dataset-2be11f57f3304e678ea8469baf6dd1bc,78,99069e19b1feb07dab9096e266f5408e6caddc49701b7e4a960afd1cf65e5fdc
165,ord_dataset-2be11f57f3304e678ea8469baf6dd1bc:ord-2251eb549d5546a38697b34a710561fe,ord_dataset-2be11f57f3304e678ea8469baf6dd1bc,1147,859e2e11d1495045b83da39be8b636045f619bbef4ba49d33851f4d6fa4ca1f9
166,ord_dataset-2be11f57f3304e678ea8469baf6dd1bc:ord-226fc6b1c1f5434a97e82d30b875e0cf,ord_dataset-2be11f57f3304e678ea8469baf6dd1bc,114,8f7bb6365517d004aa575806e05ca7c7f24e6c12efe21db5180200ba58dc7480
167,ord_dataset-2be11f57f3304e678ea8469baf6dd1bc:ord-22873507b2bd430a80cc183458cc1292,ord_dataset-2be11f57f3304e678ea8469baf6dd1bc,953,7a182b74c708b7e2c4c2204a159cdab4f8f670369699e903df6608eb1bc071d7
168,ord_dataset-2be11f57f3304e678ea8469baf6dd1bc:ord-22936dd3ccd245308ac20cac6fe99d22,ord_dataset-2be11f57f3304e678ea8469baf6dd1bc,206,3d78662d5f2e415065e37af7f3e6323ec942c77bb88d9da77dbef48a37c1b688
169,ord_dataset-2be11f57f3304e678ea8469baf6dd1bc:ord-22a20d192ae04431b04d9b4a282a7620,ord_dataset-2be11f57f3304e678ea8469baf6dd1bc,987,25e8399e724c621df3215859904e0d8643de674758220094b937e76ea1e5b81c
170,ord_dataset-2be11f57f3304e678ea8469baf6dd1bc:ord-22e267b4645947b6bac61a1e2d7a3af8,ord_dataset-2be11f57f3304e678ea8469baf6dd1bc,649,02ab7b5516f56812d37c2c2f4c6a86ae40b2ac96df54005722c5abf672a5e995
171,ord_dataset-2be11f57f3304e678ea8469baf6dd1bc:ord-22ea238993fd42229e6fff1e133508c8,ord_dataset-2be11f57f3304e678ea8469baf6dd1bc,482,327d4e752dbf5c93ce25adead36d396b339671d198f69f09285c3507150ff21e
172,ord_dataset-2be11f57f3304e678ea8469baf6dd1bc:ord-22f7178696664854b22aa06e2b7cb4b1,ord_dataset-2be11f57f3304e678ea8469baf6dd1bc,610,cfea56549da6bff91dad6c71aeb6341d273af96ccf947895b5a4a2e12326d1c4
173,ord_dataset-2be11f57f3304e678ea8469baf6dd1bc:ord-2346c5d8e94c4301945e215a9d4122d6,ord_dataset-2be11f57f3304e678ea8469baf6dd1bc,1002,365e33d3a83a8e11ce007557b5263dc461d67616cf1825a610d39583ff223b3d
174,ord_dataset-2be11f57f3304e678ea8469baf6dd1bc:ord-236fc77d3cfc4195b86f88b95b09a784,ord_dataset-2be11f57f3304e678ea8469baf6dd1bc,393,3803485f6a2d1a7effbb21df16e06a40cf17b53c82b95a826bb91867879b6891
175,ord_dataset-2be11f57f3304e678ea8469baf6dd1bc:ord-2384b780546f40e6bce16a37dd6ea915,ord_dataset-2be11f57f3304e678ea8469baf6dd1bc,451,d43e61424c097eafca83181d096a98962564c68af26626e5833e6743e4ce7782
176,ord_dataset-2be11f57f3304e678ea8469baf6dd1bc:ord-23918628b9694472b29492f9553314fd,ord_dataset-2be11f57f3304e678ea8469baf6dd1bc,705,bd258e274ba653381ca06fb1fc27de82ba2c3a5066cd664e9c8a2cf5c5ae5ab0
177,ord_dataset-2be11f57f3304e678ea8469baf6dd1bc:ord-239f7efcf75b491a81ff3c17e4819265,ord_dataset-2be11f57f3304e678ea8469baf6dd1bc,24,8bad05224f522d3dff52c29b35719f351ed007805f296a0a207e319766968124
178,ord_dataset-2be11f57f3304e678ea8469baf6dd1bc:ord-23a0517c1ada4d4787767602fca160b2,ord_dataset-2be11f57f3304e678ea8469baf6dd1bc,1139,1e6885f7e6d8b380ae1116e869efc394bffa0b6252690417e962909e0217de08
179,ord_dataset-2be11f57f3304e678ea8469baf6dd1bc:ord-23c879654a7a4bc0a2d69baf912de517,ord_dataset-2be11f57f3304e678ea8469baf6dd1bc,388,3637a7d1aa2beb0809fa079f4cae82f852281411f56952ad31dab75d9e2d52bb
180,ord_dataset-2be11f57f3304e678ea8469baf6dd1bc:ord-23e03d79ec0942c3b377cbf4c17c9ed3,ord_dataset-2be11f57f3304e678ea8469baf6dd1bc,407,72fc1005bb930bce5f143d63ca7aacf7f922e4d33c099dfe0e8ee0e942d743cd
181,ord_dataset-2be11f57f3304e678ea8469baf6dd1bc:ord-245148eb9b694f49b7998a839df123e4,ord_dataset-2be11f57f3304e678ea8469baf6dd1bc,329,836377855ea666d2abd225e9b2291dd4b6aaa61efcf5cc6d3043602a1d1f504d
182,ord_dataset-2be11f57f3304e678ea8469baf6dd1bc:ord-24880e3e65584483beba28b91235f3f6,ord_dataset-2be11f57f3304e678ea8469baf6dd1bc,944,9807c996853b774d7ef2ea56c52c94a507f0ae169597b1bf41a37104f668bdd5
183,ord_dataset-2be11f57f3304e678ea8469baf6dd1bc:ord-2508e2a6f8404467bc432d2f6fca2749,ord_dataset-2be11f57f3304e678ea8469baf6dd1bc,311,792442094b584605066ca5a0727dc6cf3096de33bcc58b6a2067457afdc9b756
184,ord_dataset-2be11f57f3304e678ea8469baf6dd1bc:ord-250912b346f74927b37ad86ddd3dee68,ord_dataset-2be11f57f3304e678ea8469baf6dd1bc,576,c4de831ffaf07c7425fd7503b4750bd98c0e7ccb85e1ff0a031a5ffef2b7e938
185,ord_dataset-2be11f57f3304e678ea8469baf6dd1bc:ord-254f18d1e6c94feba22c7aeb9a9fd521,ord_dataset-2be11f57f3304e678ea8469baf6dd1bc,545,9cfd133c3e174c386acfe3da38a6a43aa1d0f4f6e5ddec89a34a6a6d52671a4d
186,ord_dataset-2be11f57f3304e678ea8469baf6dd1bc:ord-25b15889afff4a3c8d00db24ed72446c,ord_dataset-2be11f57f3304e678ea8469baf6dd1bc,211,ce034bb0c02c45dd7a96155f6707a888a70766848e2ff8013a0a2cd0408df30c
187,ord_dataset-2be11f57f3304e678ea8469baf6dd1bc:ord-25b38a8436ce478e9635bcfb53a468e7,ord_dataset-2be11f57f3304e678ea8469baf6dd1bc,874,85f30c00081ed662784e8d0be704fbc88ee4dccde43bc821650888e02a97e170
188,ord_dataset-2be11f57f3304e678ea8469baf6dd1bc:ord-26421439aa5d45c3a48b2d4ae1c7b63d,ord_dataset-2be11f57f3304e678ea8469baf6dd1bc,1123,b322ca60958d56b9f3eced03a6edfe00635d535345cbc51d8e1446862a11c6ee
189,ord_dataset-2be11f57f3304e678ea8469baf6dd1bc:ord-2687262c9f5c4678b76ffdeaf8035652,ord_dataset-2be11f57f3304e678ea8469baf6dd1bc,40,50a2bdffd4deee798eeca88f3d29dfd0d4432c57dfaab28817d17c04fdbc37c9
190,ord_dataset-2be11f57f3304e678ea8469baf6dd1bc:ord-26afe3397ab74d4ea617e2f98b5ddc89,ord_dataset-2be11f57f3304e678ea8469baf6dd1bc,524,4c48d357d1186be69cfd6f3f7a871b79d0254c669a9b2c44428b811746b04436
191,ord_dataset-2be11f57f3304e678ea8469baf6dd1bc:ord-26c0325c522a49878421dee1420aa748,ord_dataset-2be11f57f3304e678ea8469baf6dd1bc,697,58794ac85854271ef46419f339dc548a867c8723caa9acd2dd0cce94fd75fe6d
192,ord_dataset-2be11f57f3304e678ea8469baf6dd1bc:ord-2731e77183f04ebf8c3930523b5b31bc,ord_dataset-2be11f57f3304e678ea8469baf6dd1bc,1144,53d9a985040552e3d0597c1df88037430cc3b444ba863ce4fcc23818a81d754f
193,ord_dataset-2be11f57f3304e678ea8469baf6dd1bc:ord-27510d9ab6d24c1b89f93c5e7f3e4c6c,ord_dataset-2be11f57f3304e678ea8469baf6dd1bc,983,a162b5afc6b7404c62fef8491c7ca3662fb2ac85ef734fcbff2ee8e2b9f13fd0
194,ord_dataset-2be11f57f3304e678ea8469baf6dd1bc:ord-27be301b3fe440eb8606bbe58e11dbdf,ord_dataset-2be11f57f3304e678ea8469baf6dd1bc,267,2c48432483bf0bc33d03b6c7674335c7734907f6a75723fb786ae5519efef2b5
195,ord_dataset-2be11f57f3304e678ea8469baf6dd1bc:ord-2825d7570ee8410e8a8056912f8cd54b,ord_dataset-2be11f57f3304e678ea8469baf6dd1bc,782,9efc79f06a83c551ae10d00e8f2ca93e9a2e256186f0b9ef1ef453b4338ed6d4
196,ord_dataset-2be11f57f3304e678ea8469baf6dd1bc:ord-2923a871a2c0494e804491def47b5472,ord_dataset-2be11f57f3304e678ea8469baf6dd1bc,701,038a0bba2bf5f8d6575c02c862542382f9708030a3997ca7967f051d268e9744
197,ord_dataset-2be11f57f3304e678ea8469baf6dd1bc:ord-2933d90f6efb47b6baa60ab363d5fcf4,ord_dataset-2be11f57f3304e678ea8469baf6dd1bc,225,edb995c68b5e4bf2915b87e8163c9cca067dc42c3c3b20287c7b08e41e2180cc
198,ord_dataset-2be11f57f3304e678ea8469baf6dd1bc:ord-296a4875410249b2be9c4acea3522443,ord_dataset-2be11f57f3304e678ea8469baf6dd1bc,1013,1d14552f77142fd8d3814dcb11f0828b220859b8ae41b58c0465e3a0ff122b9e
199,ord_dataset-2be11f57f3304e678ea8469baf6dd1bc:ord-29779166ca314a4684733211170cee03,ord_dataset-2be11f57f3304e678ea8469baf6dd1bc,787,420e9b221b71670a0ca629351a105eb35f8f6b5b65099842863e0225e2bef389
200,ord_dataset-2be11f57f3304e678ea8469baf6dd1bc:ord-299871b5a1e74be49efd9fa67f45b833,ord_dataset-2be11f57f3304e678ea8469baf6dd1bc,1067,63c0640e1e82480b9ad48372771fc37fe8069e96960753727f94d4eaccad38dd
201,ord_dataset-2be11f57f3304e678ea8469baf6dd1bc:ord-299bf651207c4f778e2ce4567ab435f8,ord_dataset-2be11f57f3304e678ea8469baf6dd1bc,1134,2f51d735c8dc10964b0b3d7ae00895718f11f4ae55673cdcd139c231fd815dc6
202,ord_dataset-2be11f57f3304e678ea8469baf6dd1bc:ord-29e157b9a29e420da44340dcae9f8283,ord_dataset-2be11f57f3304e678ea8469baf6dd1bc,673,d2d4594d381e047e7cbf558fbab4f18de55fab800a752c11e1713f76d4d58b5b
203,ord_dataset-2be11f57f3304e678ea8469baf6dd1bc:ord-29e8cef80a384c499ccd0f78f65db9fb,ord_dataset-2be11f57f3304e678ea8469baf6dd1bc,881,95ddd7b819db47da73a69e6b305d1de4e1bec280e1a81207b55ac70240b83e69
204,ord_dataset-2be11f57f3304e678ea8469baf6dd1bc:ord-2a2c66f1cf2f446a9050d2becdeba6b0,ord_dataset-2be11f57f3304e678ea8469baf6dd1bc,484,648275f0973313505e7c3f317b0feee6832ab1b725bc3e79d82f578c23c9abf0
205,ord_dataset-2be11f57f3304e678ea8469baf6dd1bc:ord-2a60a2f801284dd485f535f9a3fd6e93,ord_dataset-2be11f57f3304e678ea8469baf6dd1bc,254,dd3d8e77637b6955271334355e963f1c25ecdfb49a5427693aadbf8db1238286
206,ord_dataset-2be11f57f3304e678ea8469baf6dd1bc:ord-2ab87f86a22043d8bbe5f5219a0c35d9,ord_dataset-2be11f57f3304e678ea8469baf6dd1bc,567,7e13f5452209fb8b46c9f39fc2a2a4a71599685b75a11e46341c8b0458ceb03d
207,ord_dataset-2be11f57f3304e678ea8469baf6dd1bc:ord-2b4aec7972944e398fc3fa728ec7c9a6,ord_dataset-2be11f57f3304e678ea8469baf6dd1bc,223,a109ddfa96cdb8b3984797414f8d91ecbbcd7bd6192dac7c639867d875a52a02
208,ord_dataset-2be11f57f3304e678ea8469baf6dd1bc:ord-2bac041997d741efb6f54a69af8c32e8,ord_dataset-2be11f57f3304e678ea8469baf6dd1bc,424,d6fb885483d44595c963bfa2a1e20e90a6114492956f39cd6be32fb8d48803f9
209,ord_dataset-2be11f57f3304e678ea8469baf6dd1bc:ord-2bb195e29b0f49f9b81f3f552cd16712,ord_dataset-2be11f57f3304e678ea8469baf6dd1bc,775,fd0bbbd6da59c79165689177f4836bb1ce1d52c86bc1d44b8f0d68058c7712e5
210,ord_dataset-2be11f57f3304e678ea8469baf6dd1bc:ord-2c5d9226a400466d9a8f83ebe64e00f7,ord_dataset-2be11f57f3304e678ea8469baf6dd1bc,38,2aeb5472ec1c2c0902311f58019e485db73bb07e5d1676a4fcba6f4883bf7dbf
211,ord_dataset-2be11f57f3304e678ea8469baf6dd1bc:ord-2d8d879edbc54119a60b2e90fad32bfe,ord_dataset-2be11f57f3304e678ea8469baf6dd1bc,579,6f5301cc1fc08ceb2d903c5eff74945525d057fe02011d2012ff8fbf00276fe8
212,ord_dataset-2be11f57f3304e678ea8469baf6dd1bc:ord-2db01db980eb4cea8f4764800fa4645e,ord_dataset-2be11f57f3304e678ea8469baf6dd1bc,72,02c57c9f165dd70419e1e243870fbb0896157247ffdb9746b9363b39c10453d9
213,ord_dataset-2be11f57f3304e678ea8469baf6dd1bc:ord-2de0f27cfc644edbade6b363f4e01c14,ord_dataset-2be11f57f3304e678ea8469baf6dd1bc,486,c80a5adadde7c361592654fae6ab66c34a99e92090b39352c78962ace3d6eb53
214,ord_dataset-2be11f57f3304e678ea8469baf6dd1bc:ord-2de79cb694a945bca8fbfb50577665a4,ord_dataset-2be11f57f3304e678ea8469baf6dd1bc,919,e2f8faceb17332ea747a478cdfc3e1940eef8003d4c0ab298ccc15fadca25b7d
215,ord_dataset-2be11f57f3304e678ea8469baf6dd1bc:ord-2e527626705249d29fda3e8f016c3496,ord_dataset-2be11f57f3304e678ea8469baf6dd1bc,877,93bbfa7bec4846cd257e359f3655889f1bc718122a932105f2fd9a1e3bca7654
216,ord_dataset-2be11f57f3304e678ea8469baf6dd1bc:ord-2eab6911061944f4833dcb1ed22c5ee9,ord_dataset-2be11f57f3304e678ea8469baf6dd1bc,396,456373462e4736cbaee9f216ab8ed48ed1f321c3b285f8c2c9a8bd7f7d793d90
217,ord_dataset-2be11f57f3304e678ea8469baf6dd1bc:ord-2ec067d26fa142fc96bd4b545e37563d,ord_dataset-2be11f57f3304e678ea8469baf6dd1bc,836,3f89a3eeb5cfb3614d6bcd99d0abf5c0dff8c433ae26a4e2e16a934987ef8dc4
218,ord_dataset-2be11f57f3304e678ea8469baf6dd1bc:ord-2ed2f0e8c7f8456c985d4403ce1aaf28,ord_dataset-2be11f57f3304e678ea8469baf6dd1bc,531,3e9bc2bc282fc8df2050131d285ad0ca87317322d5a0b31d209097901fd2447d
219,ord_dataset-2be11f57f3304e678ea8469baf6dd1bc:ord-2f075eb673e0442e9d9d195a295c4d54,ord_dataset-2be11f57f3304e678ea8469baf6dd1bc,984,6f0140cc3d8f9633a119a8405c62f1b359a3d0d3db1b196d8dc1d513beb6c1e8
220,ord_dataset-2be11f57f3304e678ea8469baf6dd1bc:ord-2fa9efe0f9f94f5989c3fb4949c0ece4,ord_dataset-2be11f57f3304e678ea8469baf6dd1bc,584,048cf1204c1994db2834ec810023bbc68fb1c30a812703309390354687e07fe9
221,ord_dataset-2be11f57f3304e678ea8469baf6dd1bc:ord-300b25b65ced43e4ad7bc793f0322f07,ord_dataset-2be11f57f3304e678ea8469baf6dd1bc,706,c4aaadea661f0f2dc3a8df14f9ddb76ccbe25c5c184089dc51fc9827008741e0
222,ord_dataset-2be11f57f3304e678ea8469baf6dd1bc:ord-30ab387f974f4dbbb28e6c57bac89938,ord_dataset-2be11f57f3304e678ea8469baf6dd1bc,823,fef82eea5bf4089d4ff9ad7d73c3028318299fc30d18195c8033e1a7632aca0d
223,ord_dataset-2be11f57f3304e678ea8469baf6dd1bc:ord-30dc428cbbb64a609ec5613a02b0dcbb,ord_dataset-2be11f57f3304e678ea8469baf6dd1bc,143,1301c51d776a537b6a08133320ae7faff2306df173273bd7be1aa1c203711d2f
224,ord_dataset-2be11f57f3304e678ea8469baf6dd1bc:ord-30e2da9f791c480788e3f08f38c5adb4,ord_dataset-2be11f57f3304e678ea8469baf6dd1bc,573,d7364cc42d86cfacb26ffb3eed83a15b8d86b251be43cd36090c71493c78be12
225,ord_dataset-2be11f57f3304e678ea8469baf6dd1bc:ord-31069c51aed24f2d80f6cd6dff68769f,ord_dataset-2be11f57f3304e678ea8469baf6dd1bc,1103,4ef07600ce9a889545975d3e201731529f09d75b354b6d723d57e3e72f07ff11
226,ord_dataset-2be11f57f3304e678ea8469baf6dd1bc:ord-3119ac4c611b495fa375c6d145883d11,ord_dataset-2be11f57f3304e678ea8469baf6dd1bc,888,89ca89f7252da4fa2dff6b9f5c0138f7e3f63cb4b0f10a6d833472199409aebc
227,ord_dataset-2be11f57f3304e678ea8469baf6dd1bc:ord-312ef3ae76594182b131ac51c5b4b774,ord_dataset-2be11f57f3304e678ea8469baf6dd1bc,287,920c9038be58c8464be0287d2dcb228aa6cb6ace1508731ae4d0349be7032bd6
228,ord_dataset-2be11f57f3304e678ea8469baf6dd1bc:ord-313049fa1eed4947a33945430866b178,ord_dataset-2be11f57f3304e678ea8469baf6dd1bc,234,1cf37d6a1e4095677814e548ca2d7205ffeb12c4f35c6a79632c0e5a13dd193c
229,ord_dataset-2be11f57f3304e678ea8469baf6dd1bc:ord-3132bfb74bc343f0895ac811030361aa,ord_dataset-2be11f57f3304e678ea8469baf6dd1bc,687,b9cbf34ea748934d8424918bfca249b2479c7897f23548b5778d3c6ba2eb7158
230,ord_dataset-2be11f57f3304e678ea8469baf6dd1bc:ord-3170e515fc0d43f78741255d8b22c735,ord_dataset-2be11f57f3304e678ea8469baf6dd1bc,383,4e53c1b5a7ca1dce6d12ebafefa1de3cdd1bdae5266678b013bf0aaa8e8cdc44
231,ord_dataset-2be11f57f3304e678ea8469baf6dd1bc:ord-31daa33def584c1c81c115846aeec8cf,ord_dataset-2be11f57f3304e678ea8469baf6dd1bc,921,a6a990fd1d47bdeebdf6d14365db34844be15ad08af3740c6f0cffb0fcd0a708
232,ord_dataset-2be11f57f3304e678ea8469baf6dd1bc:ord-3224add3702546748c576578af00dcae,ord_dataset-2be11f57f3304e678ea8469baf6dd1bc,559,dc75bb9b92c6fe527d80e58fa78764cba7d54079555570426d10c4b02f0172e7
233,ord_dataset-2be11f57f3304e678ea8469baf6dd1bc:ord-322d6861b15a4375b73dbf052d0fe06b,ord_dataset-2be11f57f3304e678ea8469baf6dd1bc,283,8550845b25922bf380d0fb32f8454f1a4a2b9426c03ca8612d5b7d6a435ef91a
234,ord_dataset-2be11f57f3304e678ea8469baf6dd1bc:ord-323d6300fa954f9ba99e164759449449,ord_dataset-2be11f57f3304e678ea8469baf6dd1bc,374,c56cce012928dcc49185f0a6c7407141c40b332ece3387a6c743ac91ca8700d9
235,ord_dataset-2be11f57f3304e678ea8469baf6dd1bc:ord-326d48d2be374ea4bd72326ea7b08e5a,ord_dataset-2be11f57f3304e678ea8469baf6dd1bc,457,d96c65132ea1d0a8a10adb04bb2c4dc81d3ca774100eb9af7ae1eda758151fc3
236,ord_dataset-2be11f57f3304e678ea8469baf6dd1bc:ord-32aaf13a6e8b4d2fbd2ef2162e84a97e,ord_dataset-2be11f57f3304e678ea8469baf6dd1bc,226,25011f545652ea2ed7ee1da9267c9be60d0e5c383fa34bb1aa3e8c43e13cf640
237,ord_dataset-2be11f57f3304e678ea8469baf6dd1bc:ord-32b2f216e203432cade5e9892d68ad1c,ord_dataset-2be11f57f3304e678ea8469baf6dd1bc,637,81abb083e54dca8da2309cdec7b45bd05229692b36cd79e412ae50cae8e8414c
238,ord_dataset-2be11f57f3304e678ea8469baf6dd1bc:ord-32dc57b72b8c47b7af12b8589aef4a03,ord_dataset-2be11f57f3304e678ea8469baf6dd1bc,848,89d8ae21dad6e87bf94058daf437c71537e293770e764f130887c088607306d1
239,ord_dataset-2be11f57f3304e678ea8469baf6dd1bc:ord-331206a7c5e34af085258ddfad3d1f44,ord_dataset-2be11f57f3304e678ea8469baf6dd1bc,395,fd114aa5ecf9bdf6b5e0ac408b8067433151f20a36a6e192a39295155787eb10
240,ord_dataset-2be11f57f3304e678ea8469baf6dd1bc:ord-3329243548e3443d9fa832a7c1c3240c,ord_dataset-2be11f57f3304e678ea8469baf6dd1bc,662,4efc7b78b9245505a87dad45853355b52203da9b35791b967cf8558581e651aa
241,ord_dataset-2be11f57f3304e678ea8469baf6dd1bc:ord-3346b9e77d6947b288367d7a142c5950,ord_dataset-2be11f57f3304e678ea8469baf6dd1bc,73,54a4109de9992b50651f8818609a5094974185b14e386a1bb7c07dff6a5851a6
242,ord_dataset-2be11f57f3304e678ea8469baf6dd1bc:ord-33849e0a66ed4d39807941cda17209e2,ord_dataset-2be11f57f3304e678ea8469baf6dd1bc,282,c763691e479280c9f5ff573e5c0a373e33d4a0df17a9669a222990c07b1a267e
243,ord_dataset-2be11f57f3304e678ea8469baf6dd1bc:ord-33affe14af3c48cca4d34d6d7b043def,ord_dataset-2be11f57f3304e678ea8469baf6dd1bc,10,f1f478f1de08b8f634f067c46da7a3b17139b9ce22a3947a012e044ce87f4cac
244,ord_dataset-2be11f57f3304e678ea8469baf6dd1bc:ord-33bc6e08500d4af88e39fddef83c94c8,ord_dataset-2be11f57f3304e678ea8469baf6dd1bc,379,6dcd7b18e0c1fc1a7ab2a27c98550fe6b4eb3b3e93f9307d266611746cb418e3
245,ord_dataset-2be11f57f3304e678ea8469baf6dd1bc:ord-33eb2918f73f4a738fbcf7cd43f0e1c7,ord_dataset-2be11f57f3304e678ea8469baf6dd1bc,448,6298f29544ea7f56012a253b39a28a36f5f585b4992b7722a43cfe0edbd74c01
246,ord_dataset-2be11f57f3304e678ea8469baf6dd1bc:ord-34053ee7eb5b4a85a702957ea6ec4bcf,ord_dataset-2be11f57f3304e678ea8469baf6dd1bc,385,690122d18cc74af8a5a9152aa5fe9476906597a428c6657c3c1047f8f7261547
247,ord_dataset-2be11f57f3304e678ea8469baf6dd1bc:ord-341eb8b6aec64e68984f23c2753495a8,ord_dataset-2be11f57f3304e678ea8469baf6dd1bc,363,735ad7c4a71caa78de25d531b43f7aeb9899df6f749023f7a22fee45c105edbb
248,ord_dataset-2be11f57f3304e678ea8469baf6dd1bc:ord-3424735bab9e4fd6bbff55f6e8ed582a,ord_dataset-2be11f57f3304e678ea8469baf6dd1bc,255,ff10f6f0f2dea706b8af0f7ced62397a510d6717c7e3aea4c0cb29a55d001914
249,ord_dataset-2be11f57f3304e678ea8469baf6dd1bc:ord-348c63eff9c94c60b937a68f8ec39784,ord_dataset-2be11f57f3304e678ea8469baf6dd1bc,652,f6e85382bbe23e72c81f6524b290ebc2f7f1fdde292ace533becfab7cc114987
250,ord_dataset-2be11f57f3304e678ea8469baf6dd1bc:ord-35537b1339b44ed48b6bb16df3d1374d,ord_dataset-2be11f57f3304e678ea8469baf6dd1bc,536,9875bd7a93e1901e7ef218734861abbe8dbc38fca2d7504a00ce563a6cefc457
251,ord_dataset-2be11f57f3304e678ea8469baf6dd1bc:ord-35741d345abb450a921dfbbb6e014706,ord_dataset-2be11f57f3304e678ea8469baf6dd1bc,62,8d2e536b3963319fa0c86e8f82e6a03223222f2ec4ba2f2e72a783197c5c439a
252,ord_dataset-2be11f57f3304e678ea8469baf6dd1bc:ord-357e814a8ac245cba75959424d4cb410,ord_dataset-2be11f57f3304e678ea8469baf6dd1bc,156,fb3614b6d73ea969bf364c18ff4bd7e35ccf456e0d6c627c63e52cc051c59bb8
253,ord_dataset-2be11f57f3304e678ea8469baf6dd1bc:ord-36235a835f7d42039517a741e51306cb,ord_dataset-2be11f57f3304e678ea8469baf6dd1bc,415,421a0008a6db42b54be2be4716992a06ec77a93f9711a15dc8959a77bb08be37
254,ord_dataset-2be11f57f3304e678ea8469baf6dd1bc:ord-3657bd72a336464fbce2bc6f28d949a0,ord_dataset-2be11f57f3304e678ea8469baf6dd1bc,1016,5256de089341bd0a5a5f841f6053ff17b9fa62dbf0ff0e9b435d4d98777f5a2b
255,ord_dataset-2be11f57f3304e678ea8469baf6dd1bc:ord-36754f4ee42c43e98978a88056d1bad2,ord_dataset-2be11f57f3304e678ea8469baf6dd1bc,834,a921224544f3a178eddb85d66b791a993d95a7fd788023ebe0ed828312b32947
256,ord_dataset-2be11f57f3304e678ea8469baf6dd1bc:ord-36789ec3575e474c9b8280ccdb599afb,ord_dataset-2be11f57f3304e678ea8469baf6dd1bc,1076,7c68ff70b2ff425716fcb2afb7c4300f75f7bd543dbeda4d73319aae5ce7e7f2
257,ord_dataset-2be11f57f3304e678ea8469baf6dd1bc:ord-3688d2b7326540bdbd7f09d077653618,ord_dataset-2be11f57f3304e678ea8469baf6dd1bc,971,cf0622242f3e207a85c9215ef5e6eeac5a152e3e152591684e2b19d94f6129fb
258,ord_dataset-2be11f57f3304e678ea8469baf6dd1bc:ord-36d6985c3d3c42dcaf8da4b70fdbf47f,ord_dataset-2be11f57f3304e678ea8469baf6dd1bc,37,9cee07b88d61e334ace86ff6eab9ba36a9695fe94055638028e3ce1d6496d5a5
259,ord_dataset-2be11f57f3304e678ea8469baf6dd1bc:ord-36d700465bf64115a400daee3e4f65c1,ord_dataset-2be11f57f3304e678ea8469baf6dd1bc,261,fd2acac5ac73f17c73ed0b5bad848f5d14fcf0505ab6a2f2b1eac3af545eff39
260,ord_dataset-2be11f57f3304e678ea8469baf6dd1bc:ord-36f892ef0ef54f69923ba00569f987ac,ord_dataset-2be11f57f3304e678ea8469baf6dd1bc,771,9c0a75d83d51417f08596b78011de34e4512992c6d8a9d097446de733f8e5a82
261,ord_dataset-2be11f57f3304e678ea8469baf6dd1bc:ord-373d1d494a8545578bb02bc778774e9b,ord_dataset-2be11f57f3304e678ea8469baf6dd1bc,1107,e7bdbaa6a3aa816cd1736ace333bd3764e313b142fc7d28261823afac90ae82a
262,ord_dataset-2be11f57f3304e678ea8469baf6dd1bc:ord-3798f8143fdf4250ad21ab1f2677a61f,ord_dataset-2be11f57f3304e678ea8469baf6dd1bc,49,26279d43ba7f737bbae3553062357272f4341c1ad9e092e3c9a7a16e8ce1b4fe
263,ord_dataset-2be11f57f3304e678ea8469baf6dd1bc:ord-37c3145f4b5240e8b2127a9642afd7ef,ord_dataset-2be11f57f3304e678ea8469baf6dd1bc,1000,0c19e3d30b58c602d83cc30a9519e547f2c3b63c6b8ea297b2ed648dc1c5fc3a
264,ord_dataset-2be11f57f3304e678ea8469baf6dd1bc:ord-37de4738b1de47faa3186aad672ef557,ord_dataset-2be11f57f3304e678ea8469baf6dd1bc,653,e78acdcc9663b53b1d62fdd8f1383d18d0f5e5dc603e9193262e8e9074347524
265,ord_dataset-2be11f57f3304e678ea8469baf6dd1bc:ord-38221228a59a4388b852e2f8d50d2f01,ord_dataset-2be11f57f3304e678ea8469baf6dd1bc,165,33788bb7e6163e03af911a6e24d46c8f649ceb27ca00c2f6ca5150810aff00cf
266,ord_dataset-2be11f57f3304e678ea8469baf6dd1bc:ord-3844388ff5f8491d9fd883a826794603,ord_dataset-2be11f57f3304e678ea8469baf6dd1bc,693,9806a9140aa80f174898427e7f6aa81ea24e96e8ead767fc7bf0f24b520a2275
267,ord_dataset-2be11f57f3304e678ea8469baf6dd1bc:ord-3891bc09a5f544cbb002999a1e653e2a,ord_dataset-2be11f57f3304e678ea8469baf6dd1bc,147,418952dc78a8ed043f393647063279176d45132abbbf5974506376c1c523bb55
268,ord_dataset-2be11f57f3304e678ea8469baf6dd1bc:ord-38d90dfd95784bb9b7d5e9d40dafa5d4,ord_dataset-2be11f57f3304e678ea8469baf6dd1bc,906,68244e96fcafd1f511cc5d6f130fb8aa6f3bdeb85f401c6ceb02461f43fbe66d
269,ord_dataset-2be11f57f3304e678ea8469baf6dd1bc:ord-3a505f2a1dcd42ee9471ffa586b20186,ord_dataset-2be11f57f3304e678ea8469baf6dd1bc,992,7a863fef56b788a6f629bb6aa56371445ee69e326ac8e25fdfcb6389cdd0af5d
270,ord_dataset-2be11f57f3304e678ea8469baf6dd1bc:ord-3a56b9f8988e4c3fa99381398bfd58b9,ord_dataset-2be11f57f3304e678ea8469baf6dd1bc,325,218f386776bcbc527eb41bc11078b873b431513ef79f5ec12b41d0bc081bee49
271,ord_dataset-2be11f57f3304e678ea8469baf6dd1bc:ord-3a5ca4776c1c48f49dcb893c9d7009c7,ord_dataset-2be11f57f3304e678ea8469baf6dd1bc,320,167e5048a3bad570fd869d2867650dd31139aa453c2ae2b70d71255005705e9f
272,ord_dataset-2be11f57f3304e678ea8469baf6dd1bc:ord-3ac2d516bf344c5b901adf223e3c248c,ord_dataset-2be11f57f3304e678ea8469baf6dd1bc,1105,ad2d07f9fce312fd0d37fb3a67b90bfacaf5c3d36277cbf977c61beff24e10bb
273,ord_dataset-2be11f57f3304e678ea8469baf6dd1bc:ord-3ae3934b065d43648aad8dcaef3ccc00,ord_dataset-2be11f57f3304e678ea8469baf6dd1bc,867,5ef7ecd1b56035c83b73afc6cd3c306bfb2d14fe4deef014a2f175461e989621
274,ord_dataset-2be11f57f3304e678ea8469baf6dd1bc:ord-3b188b0e4e914c23a9de3a8478d16602,ord_dataset-2be11f57f3304e678ea8469baf6dd1bc,133,87941665606f431069dc46d9161abde1a80c648508c2d55d5e86c60af8babd1e
275,ord_dataset-2be11f57f3304e678ea8469baf6dd1bc:ord-3b39121d43de494fab1c9f0b7ed35709,ord_dataset-2be11f57f3304e678ea8469baf6dd1bc,890,4feab51ada98c8e9a5eab763f0ae27188c48676876ec6d3044365c9456674836
276,ord_dataset-2be11f57f3304e678ea8469baf6dd1bc:ord-3b448ae8d435483fa89a499dbcf56277,ord_dataset-2be11f57f3304e678ea8469baf6dd1bc,750,fa2c4df5a133d8891e23d917afdf7f46e28223541a023d0f277b570c92e7c533
277,ord_dataset-2be11f57f3304e678ea8469baf6dd1bc:ord-3cf1aedf76714d03b6bfe5931ee7ab72,ord_dataset-2be11f57f3304e678ea8469baf6dd1bc,960,f12a9f4b41956959f677189b87d16a28fb1dcdddbf4587af3dd4af5231ffde8d
278,ord_dataset-2be11f57f3304e678ea8469baf6dd1bc:ord-3d13d8cdc6ae47748a5a84229581814d,ord_dataset-2be11f57f3304e678ea8469baf6dd1bc,1071,3a00cca019ea25cb1035d5ea541c931b64b55e6497480b4fabc3c6c6a6445109
279,ord_dataset-2be11f57f3304e678ea8469baf6dd1bc:ord-3d1c99b45aa24115b093fafe4996f26a,ord_dataset-2be11f57f3304e678ea8469baf6dd1bc,330,38e04e4fd5285eb53654cc85634e1c4989c5b7ca611e2a628f78a3fcf56f6051
280,ord_dataset-2be11f57f3304e678ea8469baf6dd1bc:ord-3d3155bc81ec42cea9362f1e820a6b30,ord_dataset-2be11f57f3304e678ea8469baf6dd1bc,372,1004cc585917faca5790b1660dd954734d5d16e0fc0b8927980087c2d1141bd6
281,ord_dataset-2be11f57f3304e678ea8469baf6dd1bc:ord-3d48d3193665482785645cd47dc8c2db,ord_dataset-2be11f57f3304e678ea8469baf6dd1bc,1096,0c46044821a28aad9f898e93dae7c64996dc0b56aaa22670befb77c5b29990e8
282,ord_dataset-2be11f57f3304e678ea8469baf6dd1bc:ord-3d5ed557002843709e5c4b97dfcd5145,ord_dataset-2be11f57f3304e678ea8469baf6dd1bc,819,9b24c5cfecfd61a8d977e0b988f9b6474b68c616274a5d2774559ad113f729a0
283,ord_dataset-2be11f57f3304e678ea8469baf6dd1bc:ord-3d7741ac98be4c80a6e4fd069604cd0c,ord_dataset-2be11f57f3304e678ea8469baf6dd1bc,624,a9f97ede1ba1d412c24238a9c46c4217ecc490e6dfbe6ae7710bd3ae6035b87b
284,ord_dataset-2be11f57f3304e678ea8469baf6dd1bc:ord-3d7aee0cc98a4820b482cba99f239f6f,ord_dataset-2be11f57f3304e678ea8469baf6dd1bc,1100,d0d48c64e2cc3f7fd81dc0e271e647e6b688c42825c1b4bc54a22c6d319180c1
285,ord_dataset-2be11f57f3304e678ea8469baf6dd1bc:ord-3de8cc330fdd42fd92861981c3beaccb,ord_dataset-2be11f57f3304e678ea8469baf6dd1bc,683,a2b5bbe7d7ec6dd0814bb819db288ec123c71a92d7b42e1561c225c5b5a02220
286,ord_dataset-2be11f57f3304e678ea8469baf6dd1bc:ord-3e228b96e3824552a3aa89ba7b2d0dd6,ord_dataset-2be11f57f3304e678ea8469baf6dd1bc,308,32279ce7ffa1e41b8b07382da6cca6ee6ab372cd39a0c019ad0634d2a9ffd550
287,ord_dataset-2be11f57f3304e678ea8469baf6dd1bc:ord-3e24d68edfce4574af7f811ece3a8d66,ord_dataset-2be11f57f3304e678ea8469baf6dd1bc,809,1da7ff7a9b1a7d41b76c6ed91fbe67e0c04343af3c5741763d40acd617c47b98
288,ord_dataset-2be11f57f3304e678ea8469baf6dd1bc:ord-3e5833f5b4814a12ae6d81c091cba8ea,ord_dataset-2be11f57f3304e678ea8469baf6dd1bc,903,0e62f35420334b2d99d1b60c7b34d73093c5dff03652dd19412dcf337e301061
289,ord_dataset-2be11f57f3304e678ea8469baf6dd1bc:ord-3e8545e547e0429085a3a5b2a693d2e4,ord_dataset-2be11f57f3304e678ea8469baf6dd1bc,489,7c37380888a6776ba26040e48d41c4bd07aaed5b4831d837ea44bc7e052f6c05
290,ord_dataset-2be11f57f3304e678ea8469baf6dd1bc:ord-3eb25ad75c7d4f558294b0ba1373e765,ord_dataset-2be11f57f3304e678ea8469baf6dd1bc,737,4e220c1cd44da45de4c8927d5b06f6c7300722f8348f18dff6b12f8f696fc869
291,ord_dataset-2be11f57f3304e678ea8469baf6dd1bc:ord-3f282e6c19444a708dd0d89a12e217de,ord_dataset-2be11f57f3304e678ea8469baf6dd1bc,494,1c24675da2bf5016884191e44f6c7a2c501c7d1975a70af6a2c1e325c233d140
292,ord_dataset-2be11f57f3304e678ea8469baf6dd1bc:ord-3f9b24da55954e239374164d9d6f2370,ord_dataset-2be11f57f3304e678ea8469baf6dd1bc,23,6137e00624129fc4d2645345addd773e1dc92539be0c5b9008ecad8b5086fa6d
293,ord_dataset-2be11f57f3304e678ea8469baf6dd1bc:ord-3fa283512ff147ed9ae6fa8f76478355,ord_dataset-2be11f57f3304e678ea8469baf6dd1bc,726,566b7993176118d87f72fcccc4bed0d72ce4e72b77ded454281bb8cc91a48806
294,ord_dataset-2be11f57f3304e678ea8469baf6dd1bc:ord-3fe0bb2ebdf14f6d9eb0e6508f8cb045,ord_dataset-2be11f57f3304e678ea8469baf6dd1bc,508,c97d6db3e8f63fcafd4111f61a0d61175587357282d12ecae73baceebb64d6ed
295,ord_dataset-2be11f57f3304e678ea8469baf6dd1bc:ord-4030bc7045564b31babb6a7f1b1e1001,ord_dataset-2be11f57f3304e678ea8469baf6dd1bc,368,d20bebdae64c23bd2ff0b83d52f79294cb143b8064b9356af4b5340181981d93
296,ord_dataset-2be11f57f3304e678ea8469baf6dd1bc:ord-40445e109af84769870887ab5a296639,ord_dataset-2be11f57f3304e678ea8469baf6dd1bc,676,a7b5610d5d151f29b970566f94c19b9443f35e2d309608923451deff2042901e
297,ord_dataset-2be11f57f3304e678ea8469baf6dd1bc:ord-40569eb5ada04b8bbd50e51336f2db61,ord_dataset-2be11f57f3304e678ea8469baf6dd1bc,235,21cc90671535fb593678dd946d5134ab86fc7b554b72b16e66d30b284c789f4d
298,ord_dataset-2be11f57f3304e678ea8469baf6dd1bc:ord-40631fe404154ff2aeccf2e6f45b6da6,ord_dataset-2be11f57f3304e678ea8469baf6dd1bc,1084,c79f3de6686f0d1f51cff34187757db97d22a4b15b7fa9947a18d559b0e09b0a
299,ord_dataset-2be11f57f3304e678ea8469baf6dd1bc:ord-406d318ad7a04209a349228afd7003c8,ord_dataset-2be11f57f3304e678ea8469baf6dd1bc,337,3d6ac7af127588058d802c0ef34d57e55bc5739f96f10b0e8cf41cafebf81d6c
300,ord_dataset-2be11f57f3304e678ea8469baf6dd1bc:ord-4092e6bd72ce4d8ba097937aaccd1dd0,ord_dataset-2be11f57f3304e678ea8469baf6dd1bc,635,f16275647e5c071046f5a8f1c6a3794f7dcd08cf032b7f63f4c71c0f775534b8
301,ord_dataset-2be11f57f3304e678ea8469baf6dd1bc:ord-40ba2a36c63f49c696124b1d7b1ad7e0,ord_dataset-2be11f57f3304e678ea8469baf6dd1bc,616,af7b39201fda6c95341d50f9955eb67e46a03d18f954d941068e44260c0111cc
302,ord_dataset-2be11f57f3304e678ea8469baf6dd1bc:ord-413a0f09caa54b7099c5196f17c8c057,ord_dataset-2be11f57f3304e678ea8469baf6dd1bc,279,8c1466e35359b993a3b957575efa34c57036cb6e2b3fa8a13323dfb2d7313cfc
303,ord_dataset-2be11f57f3304e678ea8469baf6dd1bc:ord-416cb742c1a24574a60cf8054a3cc5b5,ord_dataset-2be11f57f3304e678ea8469baf6dd1bc,1132,93d1cda28e835dca0422d1a5b4b1fc686fc60cc6426155e09ef50801d4c0eff4
304,ord_dataset-2be11f57f3304e678ea8469baf6dd1bc:ord-417b1c2071264de5b4692a6528961cf0,ord_dataset-2be11f57f3304e678ea8469baf6dd1bc,594,13dcdbf983bf98e18aee4b0d28eb6b938da1c622ae1c07248a5db6ab7b87b21e
305,ord_dataset-2be11f57f3304e678ea8469baf6dd1bc:ord-419f4d9785e04f72ae189c40dac3998c,ord_dataset-2be11f57f3304e678ea8469baf6dd1bc,68,06908d43e560a25cf42bbaa253b42dafca9ce2948123a3eefc8246d53e2fca2f
306,ord_dataset-2be11f57f3304e678ea8469baf6dd1bc:ord-41b08f09c1c94c7dacd4f1f9c6e0ada6,ord_dataset-2be11f57f3304e678ea8469baf6dd1bc,1063,cdc9679b41c400438a8b9299fd777a544066338da524f8209996dfab99dc1fb8
307,ord_dataset-2be11f57f3304e678ea8469baf6dd1bc:ord-41c0846a80db41ad9cc02fa2558e1dc8,ord_dataset-2be11f57f3304e678ea8469baf6dd1bc,847,71b804dd8de2c6661ec120f7c7bfada1c2885c11c33349e11edcd223dc74ab36
308,ord_dataset-2be11f57f3304e678ea8469baf6dd1bc:ord-42364a39ba9344518adaab2ab835bc0e,ord_dataset-2be11f57f3304e678ea8469baf6dd1bc,893,8953517a52a0881db31aadedc44119888826789d3775ad4d781d721c7126ab16
309,ord_dataset-2be11f57f3304e678ea8469baf6dd1bc:ord-42794599808b4f95b3a5f51a392c6e20,ord_dataset-2be11f57f3304e678ea8469baf6dd1bc,813,1d2c1cca2363d6ff829d565e5efc3b1be0890796bcff0c3d6f251eab826640d9
310,ord_dataset-2be11f57f3304e678ea8469baf6dd1bc:ord-4290c10d639c45cbba65763859c1c467,ord_dataset-2be11f57f3304e678ea8469baf6dd1bc,42,a67299cfdd7dca366592a856dc5231d534396828cc395a11b56655520ee05d2d
311,ord_dataset-2be11f57f3304e678ea8469baf6dd1bc:ord-42f57188f9a24ae9bbab311444f44baf,ord_dataset-2be11f57f3304e678ea8469baf6dd1bc,361,25e7e0337fff228addf0bf1904ead114a2137c4fe46ec5d6aadeec98d89464ec
312,ord_dataset-2be11f57f3304e678ea8469baf6dd1bc:ord-430ef741e7e743e2b3e03510a45a2a44,ord_dataset-2be11f57f3304e678ea8469baf6dd1bc,970,ea8ebe48d7dcb33809f16d29cf40696384f53dd7d15a5f7704779e2854253801
313,ord_dataset-2be11f57f3304e678ea8469baf6dd1bc:ord-437ae94ab4d444e980c71cf71a8484f0,ord_dataset-2be11f57f3304e678ea8469baf6dd1bc,920,6984f011c348bef6f0967262acba8f4bbe1477ff6471455f025508fb2340c330
314,ord_dataset-2be11f57f3304e678ea8469baf6dd1bc:ord-43b3e69363cc4c76b0493fb5318aa82f,ord_dataset-2be11f57f3304e678ea8469baf6dd1bc,472,012692f3b33ac2b4be0599b22005ce5635cb0d5b5ef4b950b70d5b6c6f4b20ee
315,ord_dataset-2be11f57f3304e678ea8469baf6dd1bc:ord-43b7b5ef76af4f83900b189f8d125017,ord_dataset-2be11f57f3304e678ea8469baf6dd1bc,799,0db02fedaae0ff757af0c93cf764f8216dd628e014348fc4cda16f0bbbc5761c
316,ord_dataset-2be11f57f3304e678ea8469baf6dd1bc:ord-44027ccf2fae4faca45bafc727a47bb4,ord_dataset-2be11f57f3304e678ea8469baf6dd1bc,719,60cea8a91b93429fe88a2055b706996d457e0391a49f14e739d9ac03e1293b48
317,ord_dataset-2be11f57f3304e678ea8469baf6dd1bc:ord-442c1576d56748b3b7a3a092b7047fb7,ord_dataset-2be11f57f3304e678ea8469baf6dd1bc,230,3c3cf3a0c15ef9c4e34369dcbd342590a94f15f9fec6e62deee691516b5c0d02
318,ord_dataset-2be11f57f3304e678ea8469baf6dd1bc:ord-442fec33321e48639378f4b80c0a8dfd,ord_dataset-2be11f57f3304e678ea8469baf6dd1bc,587,77fc070f3949ac73fcf21a0848b5e62d1596d0ef088c3f41aa34e98ca902796d
319,ord_dataset-2be11f57f3304e678ea8469baf6dd1bc:ord-44446e4c1825445eb6f6eaf39802ba48,ord_dataset-2be11f57f3304e678ea8469baf6dd1bc,59,1f08b7f14f77b4d6aeeab084dbd4bea0009b4dadd691de236760f49b53e02644
320,ord_dataset-2be11f57f3304e678ea8469baf6dd1bc:ord-4456e6199d534257bf24e292ddc4c817,ord_dataset-2be11f57f3304e678ea8469baf6dd1bc,940,69dd2bdfe1761c390799276210fb8d4be5b24d3e0c6be7958b4457e39980c958
321,ord_dataset-2be11f57f3304e678ea8469baf6dd1bc:ord-44c03cdbde8944dba9495656ac9d185a,ord_dataset-2be11f57f3304e678ea8469baf6dd1bc,886,16630e8dd1d833c29c96bf471221195f410b6afc31d93a5ab0094ed4077254da
322,ord_dataset-2be11f57f3304e678ea8469baf6dd1bc:ord-44fd51638cb6409690e8918c774bf5d4,ord_dataset-2be11f57f3304e678ea8469baf6dd1bc,725,e38a8ffa2d299ec5b9d361718566846ccddcee65968c4fe323fa8ae1b2217e24
323,ord_dataset-2be11f57f3304e678ea8469baf6dd1bc:ord-45960feccc194d4a9bd7bea097b13d70,ord_dataset-2be11f57f3304e678ea8469baf6dd1bc,1006,45aba4d75f981e53e2fcd6c3cf376e78018f883971dbfdcc959371907eda7537
324,ord_dataset-2be11f57f3304e678ea8469baf6dd1bc:ord-459e9f72229942afb635766547e881e0,ord_dataset-2be11f57f3304e678ea8469baf6dd1bc,1102,aa23e441a81af15d9b0c60833c9f54195f0716ff400cc3bf5a7729460eb56e64
325,ord_dataset-2be11f57f3304e678ea8469baf6dd1bc:ord-45c6dded4b2841d3ab6443b2d907f9e7,ord_dataset-2be11f57f3304e678ea8469baf6dd1bc,1124,289003dca0ed8817e27bca9cbb270f18e374fc7fcf2ceddc6267c3eb6d52ae18
326,ord_dataset-2be11f57f3304e678ea8469baf6dd1bc:ord-4649e41a3b544e31b542ef1ed6bc12cd,ord_dataset-2be11f57f3304e678ea8469baf6dd1bc,882,b00481f670371265fd6cbdff1abdb0568c1ac00a75410a616720cd21bb19dcaa
327,ord_dataset-2be11f57f3304e678ea8469baf6dd1bc:ord-468d58dec17f45b3933184ce489ff130,ord_dataset-2be11f57f3304e678ea8469baf6dd1bc,835,73cd1f845ec46fbf3cd978ba1d8bd67e88815a32842df383b95bac466e1cf910
328,ord_dataset-2be11f57f3304e678ea8469baf6dd1bc:ord-469fc2d8fd88491fb256c10e10c4ccea,ord_dataset-2be11f57f3304e678ea8469baf6dd1bc,302,02201ca095045dd1c3a4f9c96a932935957fd153057862be1476d4c6b051a931
329,ord_dataset-2be11f57f3304e678ea8469baf6dd1bc:ord-46e27e4997f6489fa797863bec3db071,ord_dataset-2be11f57f3304e678ea8469baf6dd1bc,239,fde0421211dd5bc7c605bafba33e2a165d460aef76c7de662cd5fd9bdc635172
330,ord_dataset-2be11f57f3304e678ea8469baf6dd1bc:ord-4701a871971a4038bd186c22d7210527,ord_dataset-2be11f57f3304e678ea8469baf6dd1bc,752,75c7ab2d27418cae487ff961a7ef59c25288b2a3012811722e5b01060c5688ab
331,ord_dataset-2be11f57f3304e678ea8469baf6dd1bc:ord-470dc1b8e49d4676a09330fb8913d246,ord_dataset-2be11f57f3304e678ea8469baf6dd1bc,79,1705f95b5c8c1e37746b9108af7518d93f6b7d69fc099b9de54dfe548cccb5c9
332,ord_dataset-2be11f57f3304e678ea8469baf6dd1bc:ord-470f0a3cec204d2281fdd3df8f7f8bb3,ord_dataset-2be11f57f3304e678ea8469baf6dd1bc,568,a092459e4d38282cdfc3994d660240ab66d8aee90bfa84ba23105ce5dd09f704
333,ord_dataset-2be11f57f3304e678ea8469baf6dd1bc:ord-47dc206310544e7d850b35d40a6ae2e4,ord_dataset-2be11f57f3304e678ea8469baf6dd1bc,286,24f36bf119482642521bd988f54b25933a2c8b6c90b9e5eddda8d1df0f403081
334,ord_dataset-2be11f57f3304e678ea8469baf6dd1bc:ord-47f3994db9b0492cbe7c9df9552da6d6,ord_dataset-2be11f57f3304e678ea8469baf6dd1bc,1024,af70f3510897ac24aa9798264b4352593578b4c22bb8cec99b44565a0cc44544
335,ord_dataset-2be11f57f3304e678ea8469baf6dd1bc:ord-47f91e96893b4232be347dc222d6c795,ord_dataset-2be11f57f3304e678ea8469baf6dd1bc,904,5d02322e4e336da713067d169e28358ea6c87efd7e78c31b5c1a946c8f0fc0c1
336,ord_dataset-2be11f57f3304e678ea8469baf6dd1bc:ord-4828acdc762041b38e2aded7eb1ec35b,ord_dataset-2be11f57f3304e678ea8469baf6dd1bc,540,df575b89a37ff1d1df3a7d1566d60b23cc8210afd2f5770d21d94913b9f1cbf5
337,ord_dataset-2be11f57f3304e678ea8469baf6dd1bc:ord-486b00531ea34ca1a4a60de4b1de35d5,ord_dataset-2be11f57f3304e678ea8469baf6dd1bc,82,f86a0dfca03d96a99a0f9a4cdabfd3816764ab6a357c6cf66cd9e89e053bb66a
338,ord_dataset-2be11f57f3304e678ea8469baf6dd1bc:ord-48856855946c40189501814f8f8bc088,ord_dataset-2be11f57f3304e678ea8469baf6dd1bc,362,8621d22889307596c274dbfcdd81890401a8a39b02ff8523dc3065d7b466a6cc
339,ord_dataset-2be11f57f3304e678ea8469baf6dd1bc:ord-4897ac8a1ad84b9da0f9e90cd39cced4,ord_dataset-2be11f57f3304e678ea8469baf6dd1bc,204,113ac950064a12dbbe7fe3b1541bcafc82dee3af7e54e09efa5225c251fde143
340,ord_dataset-2be11f57f3304e678ea8469baf6dd1bc:ord-48af08095f4b48779044959507ff8f91,ord_dataset-2be11f57f3304e678ea8469baf6dd1bc,487,6583b3dd34b507c0a0a66ee750778d19d1ad8ef7ab89cebc0aef24f428b019bc
341,ord_dataset-2be11f57f3304e678ea8469baf6dd1bc:ord-48c8623b5b074a0781d28aea50570c90,ord_dataset-2be11f57f3304e678ea8469baf6dd1bc,157,8a5e38ed15c073a70a8f3a70671962e0070af73ecaa0d94a16e165e046a5949b
342,ord_dataset-2be11f57f3304e678ea8469baf6dd1bc:ord-48eae76c761049119b126c16f6e6d5b6,ord_dataset-2be11f57f3304e678ea8469baf6dd1bc,948,3fec554b002b4f5fb0b3757df8560d78262bfb9d7c8ad10514c37cfff1b437c7
343,ord_dataset-2be11f57f3304e678ea8469baf6dd1bc:ord-493e04b6dd7a480b99d643ece068d577,ord_dataset-2be11f57f3304e678ea8469baf6dd1bc,915,e3ba8362bd052b239385e4b0c4a7acd9fc9cad106b0d319f03fad1a15c06c3dc
344,ord_dataset-2be11f57f3304e678ea8469baf6dd1bc:ord-493f2690c0874168b28d3d61e97d61d7,ord_dataset-2be11f57f3304e678ea8469baf6dd1bc,1039,664c50884adf85a3af16a9801407aa77562b69f59e6a569146b0a6429d3343f1
345,ord_dataset-2be11f57f3304e678ea8469baf6dd1bc:ord-494b651c52b04b6f91a688513329f226,ord_dataset-2be11f57f3304e678ea8469baf6dd1bc,243,ac9ac9b092a9af5e8ee1ec60dfc5d3b71b8584436afa7b921f387ba1a4b9d771
346,ord_dataset-2be11f57f3304e678ea8469baf6dd1bc:ord-4958a57a105340ff8eb6c097bd13521e,ord_dataset-2be11f57f3304e678ea8469baf6dd1bc,169,cc8f71f75c5c80dc910eb884cb0f030898a7f441864e84a6be3e673a733de553
347,ord_dataset-2be11f57f3304e678ea8469baf6dd1bc:ord-4a54c897a4ea4bb79b8d9ba51a5c9bb1,ord_dataset-2be11f57f3304e678ea8469baf6dd1bc,65,90432763d43fe1296a276115ffea8247821f7ce519bae2fb720daf24718830fd
348,ord_dataset-2be11f57f3304e678ea8469baf6dd1bc:ord-4a8129ebee794e6080de58ed5ef5b721,ord_dataset-2be11f57f3304e678ea8469baf6dd1bc,259,520cdaecc1909ed2e3c8ec6e15b971189d524a5db5841fccc6106ce9c5342fc6
349,ord_dataset-2be11f57f3304e678ea8469baf6dd1bc:ord-4a8aab421207465b954a99ee4c55ba6e,ord_dataset-2be11f57f3304e678ea8469baf6dd1bc,222,ca9bb8ae895279971ed763346a0776fcd1d296ade99d56f21b8f5356c6249191
350,ord_dataset-2be11f57f3304e678ea8469baf6dd1bc:ord-4aac4780a1bf487ebce5f53bf1c7bcee,ord_dataset-2be11f57f3304e678ea8469baf6dd1bc,714,b0a498e9a33cad88766407ad087abfb43eedabeccdcd3883342369f58089c65e
351,ord_dataset-2be11f57f3304e678ea8469baf6dd1bc:ord-4abc5e1468b94f13b4374b5c50e55b5c,ord_dataset-2be11f57f3304e678ea8469baf6dd1bc,0,2e8c3c01938dcdd3b2fc3b00e573b43c0affcedc09c3745fe451e51c2a9f3ffc
352,ord_dataset-2be11f57f3304e678ea8469baf6dd1bc:ord-4b0116c6ff964153a1a3a1443c71cd22,ord_dataset-2be11f57f3304e678ea8469baf6dd1bc,1082,27fd58f87c9794fcf62c99c7572e06c0fe9ef80225fc2b9fb48e8f33cff2f2fc
353,ord_dataset-2be11f57f3304e678ea8469baf6dd1bc:ord-4b098e3944ab4332b89df4e7622867c7,ord_dataset-2be11f57f3304e678ea8469baf6dd1bc,305,fae2a1cb7986ccf1a0d2a9f26729b40897ee62f8b0c70aebf10f4598e60ea6a3
354,ord_dataset-2be11f57f3304e678ea8469baf6dd1bc:ord-4bf16f4e974d467984c2736ad851a336,ord_dataset-2be11f57f3304e678ea8469baf6dd1bc,792,965750262904363ec96c4fc9e653c1c2fda9d826fc29f85194e29bc7c4b7407f
355,ord_dataset-2be11f57f3304e678ea8469baf6dd1bc:ord-4c42d3f346db441cbffff59fbfe83e70,ord_dataset-2be11f57f3304e678ea8469baf6dd1bc,1120,ddca376b688a9e7d32d6652ada06875af2a6da02d46fc1a988b21231afec94d4
356,ord_dataset-2be11f57f3304e678ea8469baf6dd1bc:ord-4c46c8431cf74944b7f25eb1d4b58672,ord_dataset-2be11f57f3304e678ea8469baf6dd1bc,863,263a53cf97d2337486903f017791f51494c2b54a87ccf19b5769563ec19cca95
357,ord_dataset-2be11f57f3304e678ea8469baf6dd1bc:ord-4c69e43beba8431b850ae75d157acb55,ord_dataset-2be11f57f3304e678ea8469baf6dd1bc,675,8d3f60584497495eee37004ada4c1b96bab83a4a29d59b88c496f3d9394f30c8
358,ord_dataset-2be11f57f3304e678ea8469baf6dd1bc:ord-4c8ba7c3301046c4ba8561bc71ed6745,ord_dataset-2be11f57f3304e678ea8469baf6dd1bc,1036,f97be89edf6fcf4677512360859e488dbd9c26e984a1a44ebdf7c874576496b5
359,ord_dataset-2be11f57f3304e678ea8469baf6dd1bc:ord-4cec116ed95248eca838870bae7e8bf0,ord_dataset-2be11f57f3304e678ea8469baf6dd1bc,276,1801070127e58619a9cc57f7f4127edffcdfb4dbafeb1f5053cc2c906daae543
360,ord_dataset-2be11f57f3304e678ea8469baf6dd1bc:ord-4d0136ffac8146a49aff4469900aac06,ord_dataset-2be11f57f3304e678ea8469baf6dd1bc,751,d06c296dc1f62a43fee4f1951df5a70e60e5906ad73fecc2081aa69782593da2
361,ord_dataset-2be11f57f3304e678ea8469baf6dd1bc:ord-4d0b3d2ece89454d996d6c7655efdb36,ord_dataset-2be11f57f3304e678ea8469baf6dd1bc,804,1e8f48b9e677a9fb0fda8c2789b75b731aa77cd29070cb1b5f0a7bcd958e515a
362,ord_dataset-2be11f57f3304e678ea8469baf6dd1bc:ord-4d3f21c949604f4bb02ed7450fa6d217,ord_dataset-2be11f57f3304e678ea8469baf6dd1bc,28,27d811eda539ed7fcb310b0e28898f13a326c274ed99e5e9c560c3419efcdd11
363,ord_dataset-2be11f57f3304e678ea8469baf6dd1bc:ord-4d827272da0646aa911e840c303ae389,ord_dataset-2be11f57f3304e678ea8469baf6dd1bc,1047,ae86e390c29c24b686c7e91eacfad3d284927068798b79fffe2a8c8f75232c74
364,ord_dataset-2be11f57f3304e678ea8469baf6dd1bc:ord-4f26b9ac4e96426aa341996647716adb,ord_dataset-2be11f57f3304e678ea8469baf6dd1bc,51,5a5e0e35c9c5c066628094fae7a84c6e803fa94c398092c0c020a409577b7bb3
365,ord_dataset-2be11f57f3304e678ea8469baf6dd1bc:ord-4fa8db1e03f745e5a685ba41f51ad061,ord_dataset-2be11f57f3304e678ea8469baf6dd1bc,58,2b2e14a6dc5667f83f868abc66e7cc00c0664ecfeeab8b05d38757852ea01a9b
366,ord_dataset-2be11f57f3304e678ea8469baf6dd1bc:ord-4fcabeb8ae5f4aa5a0f1ae178c977362,ord_dataset-2be11f57f3304e678ea8469baf6dd1bc,96,df5f497e9be7591fecdb07d105b8dcbeeddad63b0944004fc664956386eb98aa
367,ord_dataset-2be11f57f3304e678ea8469baf6dd1bc:ord-4fec80533b1f4bd7b9e310f268d026f1,ord_dataset-2be11f57f3304e678ea8469baf6dd1bc,982,12d9cb2e119d9e5e7d3839362928abaaf283c1079af95137ad1d8358a4b9f49a
368,ord_dataset-2be11f57f3304e678ea8469baf6dd1bc:ord-5002fb889e18498f8c7cd0ce29581490,ord_dataset-2be11f57f3304e678ea8469baf6dd1bc,159,ecb40632cf61310b95d50a5a09283ab712c7a44e007c13d1e38304eb5b54f603
369,ord_dataset-2be11f57f3304e678ea8469baf6dd1bc:ord-506201f9d8f043c3bbadc4b9edec04f5,ord_dataset-2be11f57f3304e678ea8469baf6dd1bc,429,174448a9cc278b2a0ddd5f29994c96be25b87616d410a72921df083db9e8b6fa
370,ord_dataset-2be11f57f3304e678ea8469baf6dd1bc:ord-51513a5eafbe4122aad664711dfe6b7d,ord_dataset-2be11f57f3304e678ea8469baf6dd1bc,639,bce163e425a3f9a913b6e76a921de3364e34cebeecf89d74f3846898439c89ec
371,ord_dataset-2be11f57f3304e678ea8469baf6dd1bc:ord-5162055c2b384e0a8e5a77bfe7bbcd40,ord_dataset-2be11f57f3304e678ea8469baf6dd1bc,621,9a40bb086f42866bac0c841d7fc33d1a3b375e05c6829e1a76693bd5a131f437
372,ord_dataset-2be11f57f3304e678ea8469baf6dd1bc:ord-51923d2b726542d68cd6df166a1b3623,ord_dataset-2be11f57f3304e678ea8469baf6dd1bc,914,e7fa5a4f86675dff106328138a67e07a58b6d183eb4bcd63dc9376d5f07ae64a
373,ord_dataset-2be11f57f3304e678ea8469baf6dd1bc:ord-519f3cce42d048a78bccee0619bbf2a1,ord_dataset-2be11f57f3304e678ea8469baf6dd1bc,998,ad6ccc719e65b890df46bad529c4708e27dab9cedf6b9b199947de6da18e8c5d
374,ord_dataset-2be11f57f3304e678ea8469baf6dd1bc:ord-51d0da084a074daba51e269a357b9a61,ord_dataset-2be11f57f3304e678ea8469baf6dd1bc,539,134451dd8b6c03ed0ea4213f78d697f39a4733487303e46fd9189aac36d69951
375,ord_dataset-2be11f57f3304e678ea8469baf6dd1bc:ord-51d452e41f784c99b448f8c46bb07593,ord_dataset-2be11f57f3304e678ea8469baf6dd1bc,158,c931e986291921fb1da5f6edbcd3b9b92dcee791fa9b3e00a298afc3104f43e9
376,ord_dataset-2be11f57f3304e678ea8469baf6dd1bc:ord-5206cf0e68704563be0e53d5b0b6cb84,ord_dataset-2be11f57f3304e678ea8469baf6dd1bc,558,aca2014e3fc1d63f08f0da24c975c8cc60a25d990eb36e5eb53a84b9d8358173
377,ord_dataset-2be11f57f3304e678ea8469baf6dd1bc:ord-52e3190de67642148b33d0914c3dccca,ord_dataset-2be11f57f3304e678ea8469baf6dd1bc,1037,35a2b0f7a96625da8738bff2dfba9eba2daa5b2e2aff11d71104a042affcc229
378,ord_dataset-2be11f57f3304e678ea8469baf6dd1bc:ord-5334804eb2c6462d8046361ceaa2ed28,ord_dataset-2be11f57f3304e678ea8469baf6dd1bc,298,7cc4645922a4de59288aaa8a9a1f0e03d59622adea783f8526063fa8188f5899
379,ord_dataset-2be11f57f3304e678ea8469baf6dd1bc:ord-539f9db7bfe2409d8e01b6bfb65befe4,ord_dataset-2be11f57f3304e678ea8469baf6dd1bc,802,8990135b672ec6ca384d08d44a46dfb0cef8214a261001b136063fc03585c047
380,ord_dataset-2be11f57f3304e678ea8469baf6dd1bc:ord-53b4fa5534b346dea318994055e6d310,ord_dataset-2be11f57f3304e678ea8469baf6dd1bc,609,ad2a8aa63dd89436596e4dd77455a27592e942d272e95088e85e6eddf1b146b0
381,ord_dataset-2be11f57f3304e678ea8469baf6dd1bc:ord-54734a251b114da595b21127ac0df0bd,ord_dataset-2be11f57f3304e678ea8469baf6dd1bc,392,cd0e019fb26486f411152d60ecec86cd8ce2111e5688911fc0e603a56f382136
382,ord_dataset-2be11f57f3304e678ea8469baf6dd1bc:ord-5479236450f8443b95a44aa90008dcee,ord_dataset-2be11f57f3304e678ea8469baf6dd1bc,870,cbaedc3b3757c10c67f94698b38d483de339def7710d0adb9ab43060cf78fde7
383,ord_dataset-2be11f57f3304e678ea8469baf6dd1bc:ord-5483c63821314bffa08afc741227e4ca,ord_dataset-2be11f57f3304e678ea8469baf6dd1bc,727,1d67577ba997986d2caf073f1be7389b5f1067b63b76d6266853b0b48ebf3e0d
384,ord_dataset-2be11f57f3304e678ea8469baf6dd1bc:ord-548fc1abfa184a8aadd062bb91259c5a,ord_dataset-2be11f57f3304e678ea8469baf6dd1bc,900,fa9daaf2f5583a5f5a062a78067f5cf843de1720bb0e5628c38f51cc99c16ceb
385,ord_dataset-2be11f57f3304e678ea8469baf6dd1bc:ord-54a7d215ca6946aba66cbfa536593596,ord_dataset-2be11f57f3304e678ea8469baf6dd1bc,647,33397f14c8aa03e7ffc162f8720b79db56e42b63947406c531c58a950d7f0531
386,ord_dataset-2be11f57f3304e678ea8469baf6dd1bc:ord-54ce2229f79948ada10f2da3e1e7cb12,ord_dataset-2be11f57f3304e678ea8469baf6dd1bc,240,edf37382f101ae5317d1b2a81e53de0a4c6c055bfcc5657e9edf731d9c45a7f8
387,ord_dataset-2be11f57f3304e678ea8469baf6dd1bc:ord-54e46e479c234a94a280985f9a8cde0c,ord_dataset-2be11f57f3304e678ea8469baf6dd1bc,901,c8033308f9dd4952e0051f571180a2004b2800f8bc19f88197e14337e8e66826
388,ord_dataset-2be11f57f3304e678ea8469baf6dd1bc:ord-54fca3e4159b49d0b6eefda136bdbbef,ord_dataset-2be11f57f3304e678ea8469baf6dd1bc,1125,7a260b829dfbb9070fe2dbf0fc6c3d738b2cfe25c0a26b86aa66c579c2619384
389,ord_dataset-2be11f57f3304e678ea8469baf6dd1bc:ord-554ab3747a854a4dacbe2876d33ccbba,ord_dataset-2be11f57f3304e678ea8469baf6dd1bc,1033,f25c51c00d713c21b26c70c906027059e4869f56b07cab90b9e7960b327eb5d0
390,ord_dataset-2be11f57f3304e678ea8469baf6dd1bc:ord-55a23bac71be4231a17cdfbc110069c8,ord_dataset-2be11f57f3304e678ea8469baf6dd1bc,453,e2a2ca800db9b505e3c5002511688e514f985887ecd71191e0efeaf91c4e8b71
391,ord_dataset-2be11f57f3304e678ea8469baf6dd1bc:ord-55aba8af17e04bd78f55f475be68671a,ord_dataset-2be11f57f3304e678ea8469baf6dd1bc,188,2a2a1b95cd096b14b9c2077667e6ce9b5d1b9b764180cb65d92460dc41d4c511
392,ord_dataset-2be11f57f3304e678ea8469baf6dd1bc:ord-55bb00eba05740efb8d99c82ca33ad74,ord_dataset-2be11f57f3304e678ea8469baf6dd1bc,926,84d5a63be041c8bea1a9e438330c4323ed8c9541324c2f757b17a0a883d39841
393,ord_dataset-2be11f57f3304e678ea8469baf6dd1bc:ord-55d9bc6b228849e0847763d5f5c5e76c,ord_dataset-2be11f57f3304e678ea8469baf6dd1bc,435,dc51fb4ca35451aa1aba165486e3199a07d16124d8e7f83a0587c938e8a89124
394,ord_dataset-2be11f57f3304e678ea8469baf6dd1bc:ord-5622f36b9fe94e67865f3be57de360b4,ord_dataset-2be11f57f3304e678ea8469baf6dd1bc,1014,55b9e09c0060026efed0978648bebcae7dd4ecbc7b694719c5958718d8cbb09f
395,ord_dataset-2be11f57f3304e678ea8469baf6dd1bc:ord-5660277e5f6d42a4afffa1071c3cd711,ord_dataset-2be11f57f3304e678ea8469baf6dd1bc,681,b9b7b0ff0342690006e63bb7831c8a5468bfaa3876a196f3b3e14ce30eb6426b
396,ord_dataset-2be11f57f3304e678ea8469baf6dd1bc:ord-56738353e1ea417c9f8abab7a60dd280,ord_dataset-2be11f57f3304e678ea8469baf6dd1bc,547,bd55532035336c0eb95157d060cf81dbf617397b9922876d2d0158288b4f148d
397,ord_dataset-2be11f57f3304e678ea8469baf6dd1bc:ord-56b2f33ff3b6416b8417192f9db9fb85,ord_dataset-2be11f57f3304e678ea8469baf6dd1bc,138,d79cc67ec6880835ac5fab2e01d1ab20889a0bed492ba54ce0029e181704edcc
398,ord_dataset-2be11f57f3304e678ea8469baf6dd1bc:ord-5704d4169ee3432981209ba98c720bdd,ord_dataset-2be11f57f3304e678ea8469baf6dd1bc,252,169af796a72588682bcd9c178823c660f6aa255fc7b595765a5450b1dac6ec7d
399,ord_dataset-2be11f57f3304e678ea8469baf6dd1bc:ord-572f1343806046d8a8b1aa19423b66f0,ord_dataset-2be11f57f3304e678ea8469baf6dd1bc,972,79b99dac01c46d74a0d4f1b31059a7fcba34062406cad5c6229136be46b3ea43
400,ord_dataset-2be11f57f3304e678ea8469baf6dd1bc:ord-575afbc346d14343a978d3bc8e4ba837,ord_dataset-2be11f57f3304e678ea8469baf6dd1bc,534,3a7b798c7a83b1357be0bbfe81674e3680e78c0936707556dd754015953767a9
401,ord_dataset-2be11f57f3304e678ea8469baf6dd1bc:ord-57c64a1a88054bd69d52e0764b57bc32,ord_dataset-2be11f57f3304e678ea8469baf6dd1bc,740,35a92eecd6e827cf2f0c884db473367d5be05c7691a6ec79e40d465b76927962
402,ord_dataset-2be11f57f3304e678ea8469baf6dd1bc:ord-57d89de50ae045179722776c4389e92d,ord_dataset-2be11f57f3304e678ea8469baf6dd1bc,34,f4d1dff9c92faf4f693bd9956d033e4fffdc7bd3e08f135e9069de0caf15c62d
403,ord_dataset-2be11f57f3304e678ea8469baf6dd1bc:ord-57f274034d744fa88ad9aeafb67e5521,ord_dataset-2be11f57f3304e678ea8469baf6dd1bc,326,5b7df03ed4eb6626b6cd0206954b7430f46e36e3d7d52aaee5d032f92f3a3539
404,ord_dataset-2be11f57f3304e678ea8469baf6dd1bc:ord-57fd2d43377a4387acf903499568bfaa,ord_dataset-2be11f57f3304e678ea8469baf6dd1bc,67,ae63b4d79cb75e64f9302d89bcb6e223638c091f34fa5aa3629a992296441f5b
405,ord_dataset-2be11f57f3304e678ea8469baf6dd1bc:ord-580f6ac29a3b4f10b0ebc7934fb0075e,ord_dataset-2be11f57f3304e678ea8469baf6dd1bc,730,e19f515aeaf1f7f9a8ea35dd6b03b494d743995edb88c5b4711c7949d90b82fd
406,ord_dataset-2be11f57f3304e678ea8469baf6dd1bc:ord-58225c6ea1034381b3f37396c6c11d59,ord_dataset-2be11f57f3304e678ea8469baf6dd1bc,394,3942e8e1f020c522c6d2f3f5cd063ec5f2fad6d88aa1fbc982fa013e638f6517
407,ord_dataset-2be11f57f3304e678ea8469baf6dd1bc:ord-582a8085faea4738af29a148279e65f4,ord_dataset-2be11f57f3304e678ea8469baf6dd1bc,670,64df71307154acde3976ba9aa6ad732b9d9938b836c4aa0c8b71faf0312db322
408,ord_dataset-2be11f57f3304e678ea8469baf6dd1bc:ord-591e2758d36a4ca390fbfa5fac67f240,ord_dataset-2be11f57f3304e678ea8469baf6dd1bc,316,f341ee6ba26d21fd740ccedecb95a5217369d7033bfed47d3052dce25dfc1d71
409,ord_dataset-2be11f57f3304e678ea8469baf6dd1bc:ord-5a3fdf13f4d94f96a7b31cfa80af384a,ord_dataset-2be11f57f3304e678ea8469baf6dd1bc,570,46aeeec7fc6d7aa555d4e4bd6029b56ae6fcb9c3cea45c81c81fa356cdd6ac31
410,ord_dataset-2be11f57f3304e678ea8469baf6dd1bc:ord-5a4acda6d49c4088924b1f3888a67a7d,ord_dataset-2be11f57f3304e678ea8469baf6dd1bc,985,9ea72dfc20dfcf990a668a8c80424e70c9a4065c4953aa217cb591ece3e1726a
411,ord_dataset-2be11f57f3304e678ea8469baf6dd1bc:ord-5a601b6a57e64f78beb2acef5536ab41,ord_dataset-2be11f57f3304e678ea8469baf6dd1bc,292,866c79640560e90e262225ad44057446ddc748355f9d7d8dccc40c61bcd43ba6
412,ord_dataset-2be11f57f3304e678ea8469baf6dd1bc:ord-5a9f7172dd4745f38d1ebfc8d0415c22,ord_dataset-2be11f57f3304e678ea8469baf6dd1bc,542,afb80cf315dec992c7f66013ace5c15a480d83b3c7097919fcf36b6afede43f5
413,ord_dataset-2be11f57f3304e678ea8469baf6dd1bc:ord-5b170fbeddde4ad89c6498e6e32cb5f6,ord_dataset-2be11f57f3304e678ea8469baf6dd1bc,690,9b7d5b456ef52756a6b0b4971aa2f1f7a4cef286ba9ed44e909ff286fe9fbb32
414,ord_dataset-2be11f57f3304e678ea8469baf6dd1bc:ord-5b4cdf0c7294446798dadcd62e575615,ord_dataset-2be11f57f3304e678ea8469baf6dd1bc,369,25cd6df91fa4189585d91b672536cf095e6ae626ea6f0c194c611097f1413d89
415,ord_dataset-2be11f57f3304e678ea8469baf6dd1bc:ord-5b7f9ae43b7941a29708193d6baa4608,ord_dataset-2be11f57f3304e678ea8469baf6dd1bc,1101,49ea06d837094a64d44bbd81a5fcf99fa1829638e5b5128fd2cd900b8c50ec56
416,ord_dataset-2be11f57f3304e678ea8469baf6dd1bc:ord-5bf389f2a1b04e28898b90da3737de5c,ord_dataset-2be11f57f3304e678ea8469baf6dd1bc,309,8e6659095a74de3ecd8fc7615ffb9b450fbc62c642f418b092cb1286935c86ed
417,ord_dataset-2be11f57f3304e678ea8469baf6dd1bc:ord-5c22e60dc4cb4177b0606dcef708d2f4,ord_dataset-2be11f57f3304e678ea8469baf6dd1bc,585,bf09bad8d0dbef69dfaab94d52293d9103e667e67fd9c8f12adcafff415b5f53
418,ord_dataset-2be11f57f3304e678ea8469baf6dd1bc:ord-5c4914756f7f40d396b0cb540bcfc18a,ord_dataset-2be11f57f3304e678ea8469baf6dd1bc,208,a7f3f1f7f58622c8d13093fe76b9bb5da3f519330e1d3d1c9f5665d04c986b87
419,ord_dataset-2be11f57f3304e678ea8469baf6dd1bc:ord-5c493e221e0e47f3be22d1173585a434,ord_dataset-2be11f57f3304e678ea8469baf6dd1bc,22,f9d788795d23df24eb287794649c9ecdebe25c2b66fde2f0e6b6d0f0f85b15fd
420,ord_dataset-2be11f57f3304e678ea8469baf6dd1bc:ord-5c495fe0da2f414fb3f2edac56d51b07,ord_dataset-2be11f57f3304e678ea8469baf6dd1bc,500,43af6b9079c9dc0a502f91da3476b9a761e6abf071e0d4f70946f02013ddaa6d
421,ord_dataset-2be11f57f3304e678ea8469baf6dd1bc:ord-5c4cd928961149338581bfee90693f44,ord_dataset-2be11f57f3304e678ea8469baf6dd1bc,761,3fe76bd8dc22a8d2f90f9397c13fe8380c1423bceee615fcadb16780688a0829
422,ord_dataset-2be11f57f3304e678ea8469baf6dd1bc:ord-5c5377ce74bc4e42ad14af0a9db28580,ord_dataset-2be11f57f3304e678ea8469baf6dd1bc,207,a035a8f731bd426dda57c9a55aef1bb7e53a2dfb9b79abbe0ef625287e9ffe2f
423,ord_dataset-2be11f57f3304e678ea8469baf6dd1bc:ord-5c8bf892e6db4858b208fe1dc481a7d6,ord_dataset-2be11f57f3304e678ea8469baf6dd1bc,1060,4bacd333f8d7119da1802e12e6bc7944df954c494776a8a00a81b10d90d4263a
424,ord_dataset-2be11f57f3304e678ea8469baf6dd1bc:ord-5d4b2001cec94c2ebb885242112bb7bd,ord_dataset-2be11f57f3304e678ea8469baf6dd1bc,990,e536d5cff9b8fc9bf13f7c9ca6914c8b6e548cc127424e73bc33b55a67fa8e56
425,ord_dataset-2be11f57f3304e678ea8469baf6dd1bc:ord-5d92f9fb7c31430e968165652981f5c9,ord_dataset-2be11f57f3304e678ea8469baf6dd1bc,995,e2db2be61628e30f5cfc5e97a8205ea2312ac2882a4cf920dcdfd521e0806cc7
426,ord_dataset-2be11f57f3304e678ea8469baf6dd1bc:ord-5dbe7c3db93e4c76a94276d4870d79d2,ord_dataset-2be11f57f3304e678ea8469baf6dd1bc,866,b31bf0704087794a08b18ec54c6ce1fcb47cf7956ca5de50b31ae4528375264c
427,ord_dataset-2be11f57f3304e678ea8469baf6dd1bc:ord-5e162a826cd84e76a400376b88360c42,ord_dataset-2be11f57f3304e678ea8469baf6dd1bc,1004,9ed96307d6c004a879d49b0489531438191991c86ca41ffdb327623ba4930442
428,ord_dataset-2be11f57f3304e678ea8469baf6dd1bc:ord-5e4115054cec4d0b9f9fccb2772cfcb4,ord_dataset-2be11f57f3304e678ea8469baf6dd1bc,707,38266eed477903ef6dbdd343c924d39655d28d1b6462314f70e6ce8b348938e5
429,ord_dataset-2be11f57f3304e678ea8469baf6dd1bc:ord-5e438c6514814cd3ba92a950f340ba7c,ord_dataset-2be11f57f3304e678ea8469baf6dd1bc,612,c485f77ff8d1368065da6a8a23830483c8016415b896a115449528875a24065b
430,ord_dataset-2be11f57f3304e678ea8469baf6dd1bc:ord-5ecf5fa14c5540899e569ff61e08040f,ord_dataset-2be11f57f3304e678ea8469baf6dd1bc,694,a42838c79b9d5409a1591c2b390ba5789748c3667f788b5706c23359ac6ba59a
431,ord_dataset-2be11f57f3304e678ea8469baf6dd1bc:ord-5ed350ab8081468cbeb5999ae592a2b5,ord_dataset-2be11f57f3304e678ea8469baf6dd1bc,148,8b171c51d4287a39c2cd15d41cffcd500389608780f86772f245c8ae6965acf3
432,ord_dataset-2be11f57f3304e678ea8469baf6dd1bc:ord-5ef07d4a8e304985a8ead8cc4b4fd1fa,ord_dataset-2be11f57f3304e678ea8469baf6dd1bc,47,fa60dff5f8bd75c7aa7c01e3d46d2197065c14a44563a6f877c1ff8cb395a3fa
433,ord_dataset-2be11f57f3304e678ea8469baf6dd1bc:ord-5efd354e6a30410a9eb2f922263155de,ord_dataset-2be11f57f3304e678ea8469baf6dd1bc,553,ad0a96e938ebe47c114f78544d435c3aff95141e69f71dfcb53bb287ff449f26
434,ord_dataset-2be11f57f3304e678ea8469baf6dd1bc:ord-5f07c766d6fe4dba921cc6878525bd38,ord_dataset-2be11f57f3304e678ea8469baf6dd1bc,988,9dcd5b93e8e884de2c11962b2444c2ae20cdb539cbd6db10d2b98a5d7766e5b2
435,ord_dataset-2be11f57f3304e678ea8469baf6dd1bc:ord-5f64e06369bf42429d59fa71cd3c605e,ord_dataset-2be11f57f3304e678ea8469baf6dd1bc,976,710bf5d993bf7ddb7a8f87735fd87bf52f1b88b4ec1e529816dabdf49f379865
436,ord_dataset-2be11f57f3304e678ea8469baf6dd1bc:ord-5f8165caf21941fdba983a270be4938a,ord_dataset-2be11f57f3304e678ea8469baf6dd1bc,2,58608b2ea757cccaa32df63d56fed1fe8da280cbbd11a6da526e3a0f40ce04f6
437,ord_dataset-2be11f57f3304e678ea8469baf6dd1bc:ord-5fead2b9e4cd48c7a8bc1f321df29b03,ord_dataset-2be11f57f3304e678ea8469baf6dd1bc,962,2010b4a4ce269efecc8aebafc6f9cae55b69eccac490ceacf42b4e3a76db3fa9
438,ord_dataset-2be11f57f3304e678ea8469baf6dd1bc:ord-5ff1af4ea62c4d5aa3b68aa26aa1ed77,ord_dataset-2be11f57f3304e678ea8469baf6dd1bc,50,4e628e6275dc4f7f00e81c1a3640ddb25b793da9fad7fdf8bddf9d5e1b5644b1
439,ord_dataset-2be11f57f3304e678ea8469baf6dd1bc:ord-606813aa4b4648298d6859606dcdb191,ord_dataset-2be11f57f3304e678ea8469baf6dd1bc,195,d22fa55bc0504910d3b4d880692b291b7ba25f7ce1530d89d2d28a843415d272
440,ord_dataset-2be11f57f3304e678ea8469baf6dd1bc:ord-60e531b1517b4c2bb3518672052ea9eb,ord_dataset-2be11f57f3304e678ea8469baf6dd1bc,345,38807e29bdf16fdca6e6fabd094f95699c0e26c44bc51b586ac12ea7152ab115
441,ord_dataset-2be11f57f3304e678ea8469baf6dd1bc:ord-60fb0abb50104e8e922ad26e3996d6f6,ord_dataset-2be11f57f3304e678ea8469baf6dd1bc,56,f79a7fd5cdd649b3cfdac5c7b8e3add8a0370b656f8f7f53ba5ae391ee658e51
442,ord_dataset-2be11f57f3304e678ea8469baf6dd1bc:ord-614d2a25655244b597bd16dd12bd537b,ord_dataset-2be11f57f3304e678ea8469baf6dd1bc,150,2e034a5f1229933707adc1b9ddaa73bfc73cb263b7d458d0495b70c529e313cc
443,ord_dataset-2be11f57f3304e678ea8469baf6dd1bc:ord-6159d1a90187472bb0285fa0b9da0e71,ord_dataset-2be11f57f3304e678ea8469baf6dd1bc,1,54c4a0b2d7c7284af09366bc9bfe349d571a32fa73644ab88b3815032c20c556
444,ord_dataset-2be11f57f3304e678ea8469baf6dd1bc:ord-615a78d55a334ae58f9949977c165925,ord_dataset-2be11f57f3304e678ea8469baf6dd1bc,583,68fda6f3c04fb29fec8bd461dc878b0fa76b56c3823f04219b5e78c39b76d206
445,ord_dataset-2be11f57f3304e678ea8469baf6dd1bc:ord-615be6d329664d2e95c86bc0a58613b7,ord_dataset-2be11f57f3304e678ea8469baf6dd1bc,739,558422b6b0dfe0ae100dbc037e76b1a97697c317ea77c5187b3c2fb84df741cb
446,ord_dataset-2be11f57f3304e678ea8469baf6dd1bc:ord-6177ed11f0e846e8bbd542dee313a042,ord_dataset-2be11f57f3304e678ea8469baf6dd1bc,106,913e13c3fedd5fdc6ce7d5e593bf4c5c9f568e50999823bc8296f8d8bd506463
447,ord_dataset-2be11f57f3304e678ea8469baf6dd1bc:ord-61e3ce642c094c32b71e0a72415cea92,ord_dataset-2be11f57f3304e678ea8469baf6dd1bc,974,d2dd37f7cb117628e0d28334583feddfcd2483eae0d80e014f1d8786e4cc0a23
448,ord_dataset-2be11f57f3304e678ea8469baf6dd1bc:ord-61e908aa17fa4b27b97d0fffae25962a,ord_dataset-2be11f57f3304e678ea8469baf6dd1bc,770,b51a06122f99a6aff5888f94575d32d0e2842313e478b936015021fa728f6f40
449,ord_dataset-2be11f57f3304e678ea8469baf6dd1bc:ord-6215d430245b476385c1f30f1512c623,ord_dataset-2be11f57f3304e678ea8469baf6dd1bc,397,f842e47b0fcd18a8333302b84a77c351fc4be7acd20ba3e05c3694d99086f15a
450,ord_dataset-2be11f57f3304e678ea8469baf6dd1bc:ord-62369ff90af6422fb00f53762c9fc4ea,ord_dataset-2be11f57f3304e678ea8469baf6dd1bc,57,9d7968c52a66c17918422ad41edbe488260d914d3e4712216c25abad92c4be9f
451,ord_dataset-2be11f57f3304e678ea8469baf6dd1bc:ord-627ecee4f3ca4bcca47704d777a8acbf,ord_dataset-2be11f57f3304e678ea8469baf6dd1bc,399,034b0ee43552a7695af1666cd55d639a6e7d0d218188a98f65e934ded1c9cfdb
452,ord_dataset-2be11f57f3304e678ea8469baf6dd1bc:ord-62e38cc60e914a73b947039095b1a154,ord_dataset-2be11f57f3304e678ea8469baf6dd1bc,120,2c761ca78ded53bb4c149f4aa5b31414f1a40f489c64d77232c1aad65e2bb31b
453,ord_dataset-2be11f57f3304e678ea8469baf6dd1bc:ord-6305a21ee4074dcc8c32d7a7558e6246,ord_dataset-2be11f57f3304e678ea8469baf6dd1bc,932,900dd4e52aa5a3ea9ab72972a0425ecd8ca7c9d654cc1097c00e14e432e43c2e
454,ord_dataset-2be11f57f3304e678ea8469baf6dd1bc:ord-6350687e84814ec793c16370e4d05d71,ord_dataset-2be11f57f3304e678ea8469baf6dd1bc,380,4d96294d07c3481dd40a30af2a6ed78e7daca0e82b4ef558d933d04b447e11d8
455,ord_dataset-2be11f57f3304e678ea8469baf6dd1bc:ord-63a07826e20d4555bfce273ff67b579a,ord_dataset-2be11f57f3304e678ea8469baf6dd1bc,1110,c365659387b791039bf6439da60659d359420d1fb453c07b93839e1f7de3745b
456,ord_dataset-2be11f57f3304e678ea8469baf6dd1bc:ord-64427fe852e641568071af32a1f1c0fa,ord_dataset-2be11f57f3304e678ea8469baf6dd1bc,729,ec03b68ce481e77b8121e7dd279e18856c27f0959eb3389d8477f0e143c4601f
457,ord_dataset-2be11f57f3304e678ea8469baf6dd1bc:ord-64a60f81a0604a80a0902f271b0285da,ord_dataset-2be11f57f3304e678ea8469baf6dd1bc,468,2a80c3d88958064dd0e51ad4d33ec720e3f0bd2a4e92bd6f797358a2e0dd81a9
458,ord_dataset-2be11f57f3304e678ea8469baf6dd1bc:ord-64f8734067774583af1fe0e7e3eee4f3,ord_dataset-2be11f57f3304e678ea8469baf6dd1bc,572,e93f8fda38fb5db8874ae6acc54cc3aa0d5423801cbbf5472f061f3784fc754a
459,ord_dataset-2be11f57f3304e678ea8469baf6dd1bc:ord-651330b1feca41af8d6a114de632b389,ord_dataset-2be11f57f3304e678ea8469baf6dd1bc,666,79ed52752ff67c5d3006527cfe4e99b547bce15c66d101943b9981c065d2daeb
460,ord_dataset-2be11f57f3304e678ea8469baf6dd1bc:ord-654631824381408ba9a2ba8421caa510,ord_dataset-2be11f57f3304e678ea8469baf6dd1bc,339,0e68b7f83226594de8034ef86096bf8064ca517fa4afd8b4b9db00aef932ae29
461,ord_dataset-2be11f57f3304e678ea8469baf6dd1bc:ord-6563d4ca4a844f07a2ff78933ed98f3c,ord_dataset-2be11f57f3304e678ea8469baf6dd1bc,667,11f350a306c845e7b1fa21948206a771fbef59808ff14051eb40186c11ed74e2
462,ord_dataset-2be11f57f3304e678ea8469baf6dd1bc:ord-65833c22e53745518cd9e75f356446d3,ord_dataset-2be11f57f3304e678ea8469baf6dd1bc,555,22a27ecb32a13e76768e580c749c639e467aea6d1d1615d74a094196605d56b1
463,ord_dataset-2be11f57f3304e678ea8469baf6dd1bc:ord-65ec086f33954b7694ed531608cbb790,ord_dataset-2be11f57f3304e678ea8469baf6dd1bc,290,3de9eed39375711d7692aaffb9a3d64b822e7fe2205b89be6e9ca0fd6283d00d
464,ord_dataset-2be11f57f3304e678ea8469baf6dd1bc:ord-6608978729f94d1990dec2be75402a4b,ord_dataset-2be11f57f3304e678ea8469baf6dd1bc,952,c18c44e9c6b13e3d77062cea1baaf9f2897e6108503ef74388e61ea014cb21a0
465,ord_dataset-2be11f57f3304e678ea8469baf6dd1bc:ord-661f7ddaf64d4c64a11ec17caafdc224,ord_dataset-2be11f57f3304e678ea8469baf6dd1bc,607,4631aa3303416ebe06cc1051ecae488a48dfe2b4b0faf364cd5d65311f6d9204
466,ord_dataset-2be11f57f3304e678ea8469baf6dd1bc:ord-66a4ebdbcdb646a58c91ab14dfc74d61,ord_dataset-2be11f57f3304e678ea8469baf6dd1bc,367,f2a3326246b91fcd46bbd1820b5026eb4c20bf00c3ccf8da30b64a6127c5bf2f
467,ord_dataset-2be11f57f3304e678ea8469baf6dd1bc:ord-66b0523e03484fe4922e144855d7d22c,ord_dataset-2be11f57f3304e678ea8469baf6dd1bc,1032,87065ab01e74afacd84b24a10645be11aee55269c894b11c2253e14be7e356ad
468,ord_dataset-2be11f57f3304e678ea8469baf6dd1bc:ord-66b09de8064d4341a3512856057f1c33,ord_dataset-2be11f57f3304e678ea8469baf6dd1bc,166,70890bdc1b02d7c2177426115abb554513ffd2302f81e30fead4b673a4567312
469,ord_dataset-2be11f57f3304e678ea8469baf6dd1bc:ord-66ec68e47c7b44d5a1c8d919cffc5089,ord_dataset-2be11f57f3304e678ea8469baf6dd1bc,440,51d183fa4acf6be6547ad1946611f70ed655a88342cc4b90181361d963c3f210
470,ord_dataset-2be11f57f3304e678ea8469baf6dd1bc:ord-6744ca83869e4fcabfe3f99b03ac3ff2,ord_dataset-2be11f57f3304e678ea8469baf6dd1bc,307,230e432c4e55273edbc6ce8aef4092a99e61754e18c8272679476311d2745a3b
471,ord_dataset-2be11f57f3304e678ea8469baf6dd1bc:ord-6757e957ce1b4a78bd484670f044d811,ord_dataset-2be11f57f3304e678ea8469baf6dd1bc,400,e54634765b3fc6dfb5e7a1d0cd8d782b7cd1c2e5e6092ef368ed68734a3b740f
472,ord_dataset-2be11f57f3304e678ea8469baf6dd1bc:ord-6780bee64fc94d7faebbb81d0b0cc597,ord_dataset-2be11f57f3304e678ea8469baf6dd1bc,1021,4584f1507bb16f6f97a3201016a88fcf14bb3b3c195848cee337b10a85f6a685
473,ord_dataset-2be11f57f3304e678ea8469baf6dd1bc:ord-67950267827c4618ada0c2a287604abf,ord_dataset-2be11f57f3304e678ea8469baf6dd1bc,238,87d6c682e77a05c238b359509b38c88a96df8de0bb4b97435190ade5bb74be93
474,ord_dataset-2be11f57f3304e678ea8469baf6dd1bc:ord-681e67cb74014315aeccd01bc9197abb,ord_dataset-2be11f57f3304e678ea8469baf6dd1bc,478,d71b0a767ddf5de35df781fa4f93644908364a9ea66cb0f9b5315252034c8c00
475,ord_dataset-2be11f57f3304e678ea8469baf6dd1bc:ord-685c91952bac42979adf4ef45e044826,ord_dataset-2be11f57f3304e678ea8469baf6dd1bc,29,2b44c61eaf44d4c72d750b0ad398a4a671a809f17417425e45b9af6b85b3e74e
476,ord_dataset-2be11f57f3304e678ea8469baf6dd1bc:ord-688f64c751fb49d78006ac84acc50eae,ord_dataset-2be11f57f3304e678ea8469baf6dd1bc,1074,d7cda4a3de4d0436e204d0194280fd5c0c912ab4ff7189d007ea3c0f03c83011
477,ord_dataset-2be11f57f3304e678ea8469baf6dd1bc:ord-68bbdd50120c436696655c69e67e0f75,ord_dataset-2be11f57f3304e678ea8469baf6dd1bc,997,6608b92ba7f460f9c3e0596db6abe90ccd0772930e7bfbf86412a8f6e596bce4
478,ord_dataset-2be11f57f3304e678ea8469baf6dd1bc:ord-68c31c38ef994f5aa65c926dc062ffa8,ord_dataset-2be11f57f3304e678ea8469baf6dd1bc,36,eada6d6361fb469b9c2ff3be540f495b4011c9acbc1ee5ea32e0e5180dc1cc54
479,ord_dataset-2be11f57f3304e678ea8469baf6dd1bc:ord-6952a5b7e30d44c79068e6d89a8ef494,ord_dataset-2be11f57f3304e678ea8469baf6dd1bc,127,e1e68d59f6c9c3cbb406c85f1216ac7a3e3c10689a40c293f7d0fb9b974105e6
480,ord_dataset-2be11f57f3304e678ea8469baf6dd1bc:ord-69786da8f8cc410fbb8799cb21dc15f2,ord_dataset-2be11f57f3304e678ea8469baf6dd1bc,829,b61db6a8663ad4117a3c8719e2a957840b67edcc0e54ff3beb51bcef44b0c504
481,ord_dataset-2be11f57f3304e678ea8469baf6dd1bc:ord-69c9a70dfb7444e9a963f2874fabdf8f,ord_dataset-2be11f57f3304e678ea8469baf6dd1bc,242,0a28435686f1e246d1407d64af70d9d002a846aab639962dfbd20f7d06b40c5e
482,ord_dataset-2be11f57f3304e678ea8469baf6dd1bc:ord-69e55bbf23ea4ca6820411b8276dd185,ord_dataset-2be11f57f3304e678ea8469baf6dd1bc,454,3f29c195c7d051d60e5dc785569c489752328e61021c82cc8d41da1483267683
483,ord_dataset-2be11f57f3304e678ea8469baf6dd1bc:ord-69ec4c317c434bcc9081abc6b12752da,ord_dataset-2be11f57f3304e678ea8469baf6dd1bc,139,59a32b8d33e1638d90781c742abf16edd7ce76e61c373a0dd10ad1fc134cae99
484,ord_dataset-2be11f57f3304e678ea8469baf6dd1bc:ord-6b066c6efb3a46d188c1ee899b4b9434,ord_dataset-2be11f57f3304e678ea8469baf6dd1bc,334,080509cb8cc92b610a3ca69ad01b1ee2649597a6624e7a070f2b0ec05ddfcf9f
485,ord_dataset-2be11f57f3304e678ea8469baf6dd1bc:ord-6b108ae8ccd643de8c60430041e71e02,ord_dataset-2be11f57f3304e678ea8469baf6dd1bc,187,ff40ff4a0c41488c365495c5e1f952b21e145203e20c5e90c7a38b7147285af6
486,ord_dataset-2be11f57f3304e678ea8469baf6dd1bc:ord-6b4fba66f4af4a549244d998c45feb64,ord_dataset-2be11f57f3304e678ea8469baf6dd1bc,201,39933a6e5c563315a3666162346a32f44c39d1497ee7ff550d2e1da8ec684394
487,ord_dataset-2be11f57f3304e678ea8469baf6dd1bc:ord-6b7852ceb09b441698d9b5456995cd1c,ord_dataset-2be11f57f3304e678ea8469baf6dd1bc,773,b7f6af71722007fa2dbb93946c3a20711526e571561a40c7e1c40fe30be1fdbd
488,ord_dataset-2be11f57f3304e678ea8469baf6dd1bc:ord-6b83c2c2566a4f289c8133a58c0741a1,ord_dataset-2be11f57f3304e678ea8469baf6dd1bc,174,bf69106ca7028464fe8a341b34ad333a3d717b02510141590f8fa15193cb2b77
489,ord_dataset-2be11f57f3304e678ea8469baf6dd1bc:ord-6c041705c4184590bd6b5575fbeed433,ord_dataset-2be11f57f3304e678ea8469baf6dd1bc,26,c0439bb62e1fd23dc6d8de4b8fd61dca953d2db6cae50215e69f7f96d518175d
490,ord_dataset-2be11f57f3304e678ea8469baf6dd1bc:ord-6c06937683a2496bb06763bd544948a3,ord_dataset-2be11f57f3304e678ea8469baf6dd1bc,33,6f6bd7272f01e4827419265de37f46a47a177cc8bbecc9e48a694014d3ead215
491,ord_dataset-2be11f57f3304e678ea8469baf6dd1bc:ord-6c6968b04ce84908a4f7ebc1375465d9,ord_dataset-2be11f57f3304e678ea8469baf6dd1bc,135,f3052ff03f070ea45befb3cb99d963664461aadb060607ddf1e4f188c44bde8e
492,ord_dataset-2be11f57f3304e678ea8469baf6dd1bc:ord-6dadc7ec5a344563b49552d004ec0181,ord_dataset-2be11f57f3304e678ea8469baf6dd1bc,907,b0dc4f5ac4b244d7ba0d92f1293eefc820ac3cdf2549c40249caec7a4aa6ac83
493,ord_dataset-2be11f57f3304e678ea8469baf6dd1bc:ord-6e3c7512e7c0447983a7c09ce778fce1,ord_dataset-2be11f57f3304e678ea8469baf6dd1bc,64,294e2fbcccb3f9edc34ae57e0cc6d1b840c3eb7348c32d13582901de0a112ebb
494,ord_dataset-2be11f57f3304e678ea8469baf6dd1bc:ord-6ef22be0922d4a349807fc4bbfc82b77,ord_dataset-2be11f57f3304e678ea8469baf6dd1bc,491,0c1f0475d0fbc1e37012b2d6ebc135fee233e77104f0fa2cd73415bd3fe9aa8f
495,ord_dataset-2be11f57f3304e678ea8469baf6dd1bc:ord-6efb2ef7ab66430d9f87f906c6b23fda,ord_dataset-2be11f57f3304e678ea8469baf6dd1bc,1137,65d8a9749cb9ad53d5d9468236c9411ad821b8539ce82032c079f8940ece911f
496,ord_dataset-2be11f57f3304e678ea8469baf6dd1bc:ord-6f166692f493484290af071587bb1754,ord_dataset-2be11f57f3304e678ea8469baf6dd1bc,256,289e1167be696186ba9613e09712efbeebb3d35ec736d1f3b2e7785540d61881
497,ord_dataset-2be11f57f3304e678ea8469baf6dd1bc:ord-6f3400a5e632448dae002a8260781665,ord_dataset-2be11f57f3304e678ea8469baf6dd1bc,963,7d0c24da8529c7f774c43f45680fb53df6c812a58d80a8c63945e20953598952
498,ord_dataset-2be11f57f3304e678ea8469baf6dd1bc:ord-6f397a7ebc154386afc470d808c5556c,ord_dataset-2be11f57f3304e678ea8469baf6dd1bc,179,6d6778edbcebf85da306101bbdcd36c4c30d87ac4e0b550fa8d8aa2fffe79fba
499,ord_dataset-2be11f57f3304e678ea8469baf6dd1bc:ord-6fb7682fddfc4675bcb9fb943096cf57,ord_dataset-2be11f57f3304e678ea8469baf6dd1bc,843,86fcad89a9ca4ddc6e9965a23911f3fe2a770ae4c6926e29a2d2598c6701d114
500,ord_dataset-2be11f57f3304e678ea8469baf6dd1bc:ord-6fd30c9b9d43450a93dbca3023913b3a,ord_dataset-2be11f57f3304e678ea8469baf6dd1bc,1129,4b04b8b4d2327b6a31444b5461462fb8c9d3b6b9f86b57f488e307ee4d5d531e
501,ord_dataset-2be11f57f3304e678ea8469baf6dd1bc:ord-6fe1483a7b124be4a304769ffb27431c,ord_dataset-2be11f57f3304e678ea8469baf6dd1bc,416,935874ca9835ca846ae4bc5e024986ac92533fbcddf23be76b9e5642e46c1538
502,ord_dataset-2be11f57f3304e678ea8469baf6dd1bc:ord-701b3029e2644052a510d5f8b2bda586,ord_dataset-2be11f57f3304e678ea8469baf6dd1bc,786,d4b7acb53af1fd84523d3e4dc8538c6076da7dea7fbeb9387a3c998b970759c1
503,ord_dataset-2be11f57f3304e678ea8469baf6dd1bc:ord-701d0911b4614ad59ce55d2af8a07ec0,ord_dataset-2be11f57f3304e678ea8469baf6dd1bc,421,3fc30a0249a018ff41dbe3c8cee0a3f5b98472f4bba1029a1dbb72abb7ca2305
504,ord_dataset-2be11f57f3304e678ea8469baf6dd1bc:ord-70241a2dd8c84dffb798f0571b4bddc0,ord_dataset-2be11f57f3304e678ea8469baf6dd1bc,959,b8913d4910d5725bb050b778ea505ed7a30c3c9c12bd9eb3525632500c0e6524
505,ord_dataset-2be11f57f3304e678ea8469baf6dd1bc:ord-70802a21258d445b804a902006e6d895,ord_dataset-2be11f57f3304e678ea8469baf6dd1bc,873,3937114f9ef76e80735fa19da95925fa4e0d1225694d549c2304663358fc9c71
506,ord_dataset-2be11f57f3304e678ea8469baf6dd1bc:ord-70af1245c3a143eb857d4d9f6cf1ce63,ord_dataset-2be11f57f3304e678ea8469baf6dd1bc,996,4627bf352529ac0ffd3ad3eb852f59dec22daebbc91a9649d0c4fc583b645991
507,ord_dataset-2be11f57f3304e678ea8469baf6dd1bc:ord-70d24130f833406b8766abd5c73b2720,ord_dataset-2be11f57f3304e678ea8469baf6dd1bc,391,663ce076bfc7164a8fb4b8917765770009136040ffe8e80778d9e6190d5a4236
508,ord_dataset-2be11f57f3304e678ea8469baf6dd1bc:ord-70e2c25dda4044e2b53c758c926dd5c5,ord_dataset-2be11f57f3304e678ea8469baf6dd1bc,672,f44f06e44f5068df6e8076766b40d6e2c77ea51430e3e5d64083ed990cebbf08
509,ord_dataset-2be11f57f3304e678ea8469baf6dd1bc:ord-70f28684bf284a6c9dc46a20b62a073e,ord_dataset-2be11f57f3304e678ea8469baf6dd1bc,682,8c4d21186c829ea2dbe3faa2359da1d96dc21f22319f0498e014d7dc7c64cc8c
510,ord_dataset-2be11f57f3304e678ea8469baf6dd1bc:ord-712efa51ae6c4e3cbb7fcbca5fcbd8e7,ord_dataset-2be11f57f3304e678ea8469baf6dd1bc,241,86a277117c486beddddbd879f05e837f13189915ab831c08b1396eda31f048a0
511,ord_dataset-2be11f57f3304e678ea8469baf6dd1bc:ord-7153b527cdd84a7ba2067dc4018b84f2,ord_dataset-2be11f57f3304e678ea8469baf6dd1bc,189,19271eaabf7c84cb0881f550102f237f4928ead68440bd6dfd0048deb197f564
512,ord_dataset-2be11f57f3304e678ea8469baf6dd1bc:ord-71de5b1e74e14a5f996eabdce88f3d31,ord_dataset-2be11f57f3304e678ea8469baf6dd1bc,213,450d6bab86991678166b89e806602f206577760c0fefa2f8cf8ad411c9680c63
513,ord_dataset-2be11f57f3304e678ea8469baf6dd1bc:ord-720a594494e841bdb35ef0f89c375745,ord_dataset-2be11f57f3304e678ea8469baf6dd1bc,663,d309907b4e0fb62a3a8d729ce20cde4541431664d03194909eda3d8764318d5c
514,ord_dataset-2be11f57f3304e678ea8469baf6dd1bc:ord-720da96ecc774b18a1c53c8534e4ffa2,ord_dataset-2be11f57f3304e678ea8469baf6dd1bc,845,d17dd4e59e9099d7b3161ad8b9409cfe478973006fbf2092b7da39f11eebecb4
515,ord_dataset-2be11f57f3304e678ea8469baf6dd1bc:ord-726938f5a2b6432b86d5de32c50a9e1e,ord_dataset-2be11f57f3304e678ea8469baf6dd1bc,796,bf4b9a44e49813e891af382abee413576951e1520bff168d5ce35de2a24e9b81
516,ord_dataset-2be11f57f3304e678ea8469baf6dd1bc:ord-72fbf6e616264fed9055010944d77f1b,ord_dataset-2be11f57f3304e678ea8469baf6dd1bc,266,89823778182e9eb5e5ed8f30bc479c197ed85ff56fc243df63f1ea24791f775f
517,ord_dataset-2be11f57f3304e678ea8469baf6dd1bc:ord-730b7e9fa9a449588e844a0b8a48b77b,ord_dataset-2be11f57f3304e678ea8469baf6dd1bc,966,fdf1f631ba404c2ff174cbe3e7631dd59e3bcc0a6809f731e4ff2540ba98c34d
518,ord_dataset-2be11f57f3304e678ea8469baf6dd1bc:ord-7313d062bdbd4aa6b52efc32871eb60a,ord_dataset-2be11f57f3304e678ea8469baf6dd1bc,981,279600e48fba04fc4c8be5be07a80042a4c08181448b0a8639f0bc554c78d2cb
519,ord_dataset-2be11f57f3304e678ea8469baf6dd1bc:ord-7358956acd8e4c13a2c4eae21ffffda2,ord_dataset-2be11f57f3304e678ea8469baf6dd1bc,794,750e30746e22e72098e6794dcaa697e8358e05c497a73023146b6c20b501c5c9
520,ord_dataset-2be11f57f3304e678ea8469baf6dd1bc:ord-73749c09b942456082769363fbefa633,ord_dataset-2be11f57f3304e678ea8469baf6dd1bc,160,5380965655d3a12611e34f0d08a79f7acb5328c24f7fbc9eda41e2c4934fad99
521,ord_dataset-2be11f57f3304e678ea8469baf6dd1bc:ord-73e5c45017de4b9b968b2f155f1c185e,ord_dataset-2be11f57f3304e678ea8469baf6dd1bc,899,c17f91d31660477019f41707f15e092267e79feee3fa5773f3f77dc2e4907927
522,ord_dataset-2be11f57f3304e678ea8469baf6dd1bc:ord-73f0a0222d5a41309efbe63f432bf18e,ord_dataset-2be11f57f3304e678ea8469baf6dd1bc,760,85a4bccca8bee6301e782bfb095485fae80cb85990553209198197e16f8c225e
523,ord_dataset-2be11f57f3304e678ea8469baf6dd1bc:ord-742175b4171544ccb5f65dfc93710d84,ord_dataset-2be11f57f3304e678ea8469baf6dd1bc,686,52fdd445624127d3a6853d080a826494796eb90d8313cfa7bf44d6fa896b9277
524,ord_dataset-2be11f57f3304e678ea8469baf6dd1bc:ord-74369fa46b4a4ff2869508692e506720,ord_dataset-2be11f57f3304e678ea8469baf6dd1bc,273,dd13cd2dab278a5c2df92984c594420560f20b834f2c647deb49887261ff488c
525,ord_dataset-2be11f57f3304e678ea8469baf6dd1bc:ord-74e0e4f7a2d940b4ab7382a6da167c48,ord_dataset-2be11f57f3304e678ea8469baf6dd1bc,827,500f333650f9c87e5413d7a5790a2b94cd05a920b21177d38523c072a9161c36
526,ord_dataset-2be11f57f3304e678ea8469baf6dd1bc:ord-7501c41a13a34328845968791ad663df,ord_dataset-2be11f57f3304e678ea8469baf6dd1bc,193,3961f9af8a369e8c101892868f68ce64c3c91adff6d35cbe06b0bbb714ae8971
527,ord_dataset-2be11f57f3304e678ea8469baf6dd1bc:ord-75a30052cb7f46e59c5d9ac02857bf31,ord_dataset-2be11f57f3304e678ea8469baf6dd1bc,581,d498efe868ef8cde13e0583e6e45dd5d6f30016780ca5b47540711d255a43ce6
528,ord_dataset-2be11f57f3304e678ea8469baf6dd1bc:ord-75bd1a0e0b394aad8e94102db7c9e361,ord_dataset-2be11f57f3304e678ea8469baf6dd1bc,838,f8237e57b3662fddd630f9d2ebdbc75e06b4d6238d411a2e6f31d67c269cfde4
529,ord_dataset-2be11f57f3304e678ea8469baf6dd1bc:ord-75d89560005a49609fe7cdacb23c6301,ord_dataset-2be11f57f3304e678ea8469baf6dd1bc,149,68039a04b73c227de0f5315b979f09ace655dcbf41b04b2d7bf339d7ea955820
530,ord_dataset-2be11f57f3304e678ea8469baf6dd1bc:ord-760f1886ad22490a8ab2a83f9d2ac061,ord_dataset-2be11f57f3304e678ea8469baf6dd1bc,15,223a54ca20ea19d0d304102a66fb7ca3f5928a7bd4864f043868c692dadfed71
531,ord_dataset-2be11f57f3304e678ea8469baf6dd1bc:ord-764ec73fb73a434cbcd76a9ffa90175f,ord_dataset-2be11f57f3304e678ea8469baf6dd1bc,1028,ec0ff1a25ed65cb43f30785e1b65a336a113e23fcf9c57f5174cba23a6eb3411
532,ord_dataset-2be11f57f3304e678ea8469baf6dd1bc:ord-7651567343bc4fada1d55f33573528a9,ord_dataset-2be11f57f3304e678ea8469baf6dd1bc,83,b55328c958f0990b07b6c4eb5b363fa6cf528394972091639e81dc02046fd1d4
533,ord_dataset-2be11f57f3304e678ea8469baf6dd1bc:ord-76a9f9f12a9243c681de1c4cc0b454c9,ord_dataset-2be11f57f3304e678ea8469baf6dd1bc,582,6a0f2a88ceeb71c763e5d8c962db5f031c0d3d9dcd74dc43f917d792a218a0d3
534,ord_dataset-2be11f57f3304e678ea8469baf6dd1bc:ord-7707e362dc91436491f11fc09d766885,ord_dataset-2be11f57f3304e678ea8469baf6dd1bc,200,5e637bb24bd668feae80d848b2c403e988a8f64ae7856365363e239a5ca7d106
535,ord_dataset-2be11f57f3304e678ea8469baf6dd1bc:ord-7732888ca827481391397192cc188d66,ord_dataset-2be11f57f3304e678ea8469baf6dd1bc,172,47ab70190aabf9bd99398fda484b5658c26c6ca0f35688e4f2495eb3e18f9e30
536,ord_dataset-2be11f57f3304e678ea8469baf6dd1bc:ord-77847276b33143028fad7cd78ebdeaf2,ord_dataset-2be11f57f3304e678ea8469baf6dd1bc,444,5e84e284e81901f0256dd6fb8e48ec9e196e85da9d59929be81135ed11a87a22
537,ord_dataset-2be11f57f3304e678ea8469baf6dd1bc:ord-778eb04d0dea4edc9e4f3ac75799e2fe,ord_dataset-2be11f57f3304e678ea8469baf6dd1bc,510,e1264eae295418845930fd66b815746b02e5e8bb924706d99f5fd9f9e1df97a3
538,ord_dataset-2be11f57f3304e678ea8469baf6dd1bc:ord-77a8b014ab9b4bbbbe006e56aeecf6bf,ord_dataset-2be11f57f3304e678ea8469baf6dd1bc,641,9623dc2e5e06634d948537f2b9c8c3f2168854ccd729468cb8fc54c061dad7ba
539,ord_dataset-2be11f57f3304e678ea8469baf6dd1bc:ord-77d3e0200ec747238737ef6aa837f375,ord_dataset-2be11f57f3304e678ea8469baf6dd1bc,437,676b7aba4e41a4882fa33222f821abc17c379b1cc3b49ec1d760c5bd49f5a1e0
540,ord_dataset-2be11f57f3304e678ea8469baf6dd1bc:ord-77fea1ee8aad4ac883cdbd7aae741aa7,ord_dataset-2be11f57f3304e678ea8469baf6dd1bc,481,2abacd4337b2ec76abc6887a4785ef6e3026d760a4bcda41abbb5b35d902504c
541,ord_dataset-2be11f57f3304e678ea8469baf6dd1bc:ord-78032683ddec43a3bfaea249cb1124f4,ord_dataset-2be11f57f3304e678ea8469baf6dd1bc,227,22e979c8b121867b7fece1b5444a0c562321c5e09e109f5af4c9a300b1a6ffca
542,ord_dataset-2be11f57f3304e678ea8469baf6dd1bc:ord-7864404d1214419da44bb4fdcc78ec7d,ord_dataset-2be11f57f3304e678ea8469baf6dd1bc,715,8c2eb82eace5cc44effe975fcd605e2c1914abf373bd8c6fdb26b8c4fd795422
543,ord_dataset-2be11f57f3304e678ea8469baf6dd1bc:ord-786e86c53659493397dcce9126d62eef,ord_dataset-2be11f57f3304e678ea8469baf6dd1bc,271,c85fbd8895a7cac872f98e3170d556205560d1c2ea34881eeb552f4211e4499d
544,ord_dataset-2be11f57f3304e678ea8469baf6dd1bc:ord-78875dfd5c2f496383aced936c863af7,ord_dataset-2be11f57f3304e678ea8469baf6dd1bc,373,91e91952180c59850772cdc18aa0f5df825fdbc3a9c73df6c5a63eb02ca3f975
545,ord_dataset-2be11f57f3304e678ea8469baf6dd1bc:ord-790c8dcd44fd463e8e6e18a263d4837b,ord_dataset-2be11f57f3304e678ea8469baf6dd1bc,1136,6c0da6ee22dbcef6098067c8ea409e32b8e3387d7a8b66d7e69697637b80375b
546,ord_dataset-2be11f57f3304e678ea8469baf6dd1bc:ord-7910e59780b44c2f9e2cec3456077594,ord_dataset-2be11f57f3304e678ea8469baf6dd1bc,1093,529bdf97ad6d4c4b094dd942160c61183a279f5d8a023b3373165c84a1187106
547,ord_dataset-2be11f57f3304e678ea8469baf6dd1bc:ord-795d141032ea4f88b123d593f63aa818,ord_dataset-2be11f57f3304e678ea8469baf6dd1bc,359,752cb918b865621263ca8d9938b4f92dad84a7ca11c00d5115bb5225f9a9d28c
548,ord_dataset-2be11f57f3304e678ea8469baf6dd1bc:ord-79d76bdf72e843ea8710923a37f36d0c,ord_dataset-2be11f57f3304e678ea8469baf6dd1bc,98,3b94b5d1a061a26345b3b5eb86424bc305461826ef3cbf4a1623ffdd195aa0ad
549,ord_dataset-2be11f57f3304e678ea8469baf6dd1bc:ord-79e63b8736fb413485827c3daf192a85,ord_dataset-2be11f57f3304e678ea8469baf6dd1bc,155,767e33a83649d92e8be4e4eeabbf6a5606dad09875e8eaf966badb0f8f1e84c6
550,ord_dataset-2be11f57f3304e678ea8469baf6dd1bc:ord-7a4656ee2716402dafadac35017f3a16,ord_dataset-2be11f57f3304e678ea8469baf6dd1bc,928,7cefa217b9ca36d84b2db7a63ba5a034182379b4554b2e5669a0630f645960dc
551,ord_dataset-2be11f57f3304e678ea8469baf6dd1bc:ord-7a835ebf239f4427ab66d07ceb797c8b,ord_dataset-2be11f57f3304e678ea8469baf6dd1bc,31,aa1fc36830b14de679a738e5e90e125d0bcf510848b48c6506cf7faae4eb3559
552,ord_dataset-2be11f57f3304e678ea8469baf6dd1bc:ord-7adf40b8a2e54793a2999a7e0784c120,ord_dataset-2be11f57f3304e678ea8469baf6dd1bc,527,a5b096c725e78110eba58a8b754a550dc01250a299cf9afbb89d593bf67a18de
553,ord_dataset-2be11f57f3304e678ea8469baf6dd1bc:ord-7b0793dc88854191afe056bc1970ee65,ord_dataset-2be11f57f3304e678ea8469baf6dd1bc,638,d1334902134a278880cd03ca0954f3277bad7572035dfcf2a551fb1e18ea39bd
554,ord_dataset-2be11f57f3304e678ea8469baf6dd1bc:ord-7b2ba1351be749c19dd440698684fa5b,ord_dataset-2be11f57f3304e678ea8469baf6dd1bc,1055,1b68ed9f225538002e6f32f9f83561f53c4619a8a5a36b38882370ae54f4ad05
555,ord_dataset-2be11f57f3304e678ea8469baf6dd1bc:ord-7b375fd5a460418298469fd6a9d94ed8,ord_dataset-2be11f57f3304e678ea8469baf6dd1bc,591,02291be16642c7b5832db50f493d1dca10994f2245d43bbcf82d61dd731bef2d
556,ord_dataset-2be11f57f3304e678ea8469baf6dd1bc:ord-7b3f15da9511455483005e2e989ca128,ord_dataset-2be11f57f3304e678ea8469baf6dd1bc,578,3108440e67e7915497f33ccc31023f243bd1e7d2f849bbd484b855856247ebc4
557,ord_dataset-2be11f57f3304e678ea8469baf6dd1bc:ord-7b450dc5257b419286c038f3e7eac9dc,ord_dataset-2be11f57f3304e678ea8469baf6dd1bc,191,fc3c3dc4e48a9fde744c5424f56e44dde0d12333e6483f7ef8110f06c44c50ff
558,ord_dataset-2be11f57f3304e678ea8469baf6dd1bc:ord-7b5aa265839d41c5a65b7fc438800aa9,ord_dataset-2be11f57f3304e678ea8469baf6dd1bc,978,2b1c9198acef7c5cf6d80d9f995709050fdf160c4fba1afa2cc951a8b111965a
559,ord_dataset-2be11f57f3304e678ea8469baf6dd1bc:ord-7b8a02cd59844daaa049b3f8efa89060,ord_dataset-2be11f57f3304e678ea8469baf6dd1bc,265,5e6185c06dcc1e82fbea65caf30b3e72ea82e2a8b2bf6d90d2e09311cebeff35
560,ord_dataset-2be11f57f3304e678ea8469baf6dd1bc:ord-7b8fdfdc05094724a6c97632965b524c,ord_dataset-2be11f57f3304e678ea8469baf6dd1bc,916,30128665338e70118b2e3905525bf399a86b3d53febc4ae5a6bbdd3a026f7366
561,ord_dataset-2be11f57f3304e678ea8469baf6dd1bc:ord-7b9cd9a5a7d14617a73ee28b3d10c12c,ord_dataset-2be11f57f3304e678ea8469baf6dd1bc,13,496e4b6ecd94a26a51d6814fe9e335bb6138ff5bb4bb6ced691d74ecedc31938
562,ord_dataset-2be11f57f3304e678ea8469baf6dd1bc:ord-7bc3612795444e009a9f0297a86ee736,ord_dataset-2be11f57f3304e678ea8469baf6dd1bc,1064,e4631787df74d5be6f4658fe41fc39a17293006a31a161df565b4b62ebf167c5
563,ord_dataset-2be11f57f3304e678ea8469baf6dd1bc:ord-7bfa88a69e1b468abbc450d420e6b6f0,ord_dataset-2be11f57f3304e678ea8469baf6dd1bc,611,ce0850269e2d6c8474a340a2308ded5100563552d4e16f07f6db1cd752b59b32
564,ord_dataset-2be11f57f3304e678ea8469baf6dd1bc:ord-7c0ec48fb9e3447086659748283c97bd,ord_dataset-2be11f57f3304e678ea8469baf6dd1bc,522,6d4507f8c7c997532f879527fbc18e769dd1699edef3f1156b34ab432b201c2e
565,ord_dataset-2be11f57f3304e678ea8469baf6dd1bc:ord-7c533b52a1c74e3ea2955d83b1d052b2,ord_dataset-2be11f57f3304e678ea8469baf6dd1bc,199,24a2e51fb82f5e6719de7bfa18413701acbee11da82305486b7fe8b569a33ba7
566,ord_dataset-2be11f57f3304e678ea8469baf6dd1bc:ord-7c9807668bab42e4b7069a48483cbe64,ord_dataset-2be11f57f3304e678ea8469baf6dd1bc,812,028ce56be7d8f6ab2e0b12aac26ba716e15c9a3cbd89e6c468698c9b0ecf4961
567,ord_dataset-2be11f57f3304e678ea8469baf6dd1bc:ord-7cb851a0468945829d195fe97e91cc58,ord_dataset-2be11f57f3304e678ea8469baf6dd1bc,762,979d2a676bbe1fa00fcd192e509f7f65d9db0e1416f884da176667c3992fa5c7
568,ord_dataset-2be11f57f3304e678ea8469baf6dd1bc:ord-7e3ce2a7735948e2a06b08ab43ee8fa3,ord_dataset-2be11f57f3304e678ea8469baf6dd1bc,459,89b997d3aefe5cccf0192a55fdd4fb7315583ee5654936cfa7373945d4ad9c39
569,ord_dataset-2be11f57f3304e678ea8469baf6dd1bc:ord-7f0a35487d8d4535a04a215084b492ac,ord_dataset-2be11f57f3304e678ea8469baf6dd1bc,691,bb321decdb0d16a65084f90e6d8d2fae9dacff45308321fd817a5c16a67917f7
570,ord_dataset-2be11f57f3304e678ea8469baf6dd1bc:ord-7f83560fc185494fafb856848a6ed1b3,ord_dataset-2be11f57f3304e678ea8469baf6dd1bc,922,3486ee01b4eba7e6169f6f5574ded67cbfb7dc3f8dfde4e1ccaf95a4fd9141be
571,ord_dataset-2be11f57f3304e678ea8469baf6dd1bc:ord-7fdcbdbdbe2d48b5a809537bd3d53b1f,ord_dataset-2be11f57f3304e678ea8469baf6dd1bc,1133,9edfc442f132df8f86e334424f559c6b51226835d5de41311e7140309d40d9f2
572,ord_dataset-2be11f57f3304e678ea8469baf6dd1bc:ord-7fe126d98bbd4125a7c9e44b3c644a05,ord_dataset-2be11f57f3304e678ea8469baf6dd1bc,5,ea2350d7d516a2e82deb7005fdef23218d1509cd25ce537db87f0af4f77ed690
573,ord_dataset-2be11f57f3304e678ea8469baf6dd1bc:ord-7fe9c7f06b724853a192a2bb5a67d0c6,ord_dataset-2be11f57f3304e678ea8469baf6dd1bc,797,efcaa11ce0a07b8dfa5fab96bbd803420bf07a0d354bee3b745582ffc29d94a3
574,ord_dataset-2be11f57f3304e678ea8469baf6dd1bc:ord-7ff5d224b6a0499f9defc4dff59a1e0b,ord_dataset-2be11f57f3304e678ea8469baf6dd1bc,897,d07ffa48cd9d442201e0c4618c0a30f72977eab1386a708bb69af62f0ad0866a
575,ord_dataset-2be11f57f3304e678ea8469baf6dd1bc:ord-800046bb045645bf9683af1a0209f0a6,ord_dataset-2be11f57f3304e678ea8469baf6dd1bc,745,6443a54c0c69aa02e2920a7d691d6c53a40466963d2be698cfaa7e28e3164bb3
576,ord_dataset-2be11f57f3304e678ea8469baf6dd1bc:ord-800080b2080b4c3381839b67b347ec3b,ord_dataset-2be11f57f3304e678ea8469baf6dd1bc,408,e5e6700841a0d9386eefad033f89ef1cb0c0dc05cb7fd8a987126bcd019ad8e6
577,ord_dataset-2be11f57f3304e678ea8469baf6dd1bc:ord-801c7d964a4f463db9de1d1e0c7db1e5,ord_dataset-2be11f57f3304e678ea8469baf6dd1bc,167,3283d981934e60b397726254e4ba523a20d2654da6ab3a4f5e48ef10ad3ab9c2
578,ord_dataset-2be11f57f3304e678ea8469baf6dd1bc:ord-805f9c40aab54cb4abc1dd1502f64fa2,ord_dataset-2be11f57f3304e678ea8469baf6dd1bc,756,68c6bb1a90f0dba69477c7239feb3f4ec43dcd341c8cfd99a4a4f7fa90dc8aaa
579,ord_dataset-2be11f57f3304e678ea8469baf6dd1bc:ord-80acface108348c0a13a402ecc70f49c,ord_dataset-2be11f57f3304e678ea8469baf6dd1bc,630,fa409f0e8302a2fd5649f31159ea26a8b1bb55d10eb59f00bf1cc8659af29db1
580,ord_dataset-2be11f57f3304e678ea8469baf6dd1bc:ord-80fb147e6d8d435c86001e46f8e4f8ff,ord_dataset-2be11f57f3304e678ea8469baf6dd1bc,735,0b2af476fb1ece9b17cf8eb597b6d27a439d651cfc1ce4ae7ab7ad069c552382
581,ord_dataset-2be11f57f3304e678ea8469baf6dd1bc:ord-810f522a999845daacb8c29c8cd2ad79,ord_dataset-2be11f57f3304e678ea8469baf6dd1bc,192,611085f65accbf441c6552e2fa534ddaea33e0d3267d4040d1b7cf9bd9c7db16
582,ord_dataset-2be11f57f3304e678ea8469baf6dd1bc:ord-81723f8274e34ac29bfbc2ecc00749ba,ord_dataset-2be11f57f3304e678ea8469baf6dd1bc,892,b85c6d259ca4f2cd027ce022d993d6e8333ba701d023c5a48f155bac22fafc45
583,ord_dataset-2be11f57f3304e678ea8469baf6dd1bc:ord-818ccdfff8f0412f92cee477dbc0c1d3,ord_dataset-2be11f57f3304e678ea8469baf6dd1bc,274,734d3ac27c1277a03b762ccfa2649a6cb78d2aaf49d58e7890d9c4f29cc26774
584,ord_dataset-2be11f57f3304e678ea8469baf6dd1bc:ord-81b395a4b62441bb9bf333b370d18e87,ord_dataset-2be11f57f3304e678ea8469baf6dd1bc,935,034f32d1c4b32fefbbeb54d168ab853cb45fab02a508f5d3d6c3541cee2941ae
585,ord_dataset-2be11f57f3304e678ea8469baf6dd1bc:ord-81d2bf00c1a742ab9831b066a4d7ca15,ord_dataset-2be11f57f3304e678ea8469baf6dd1bc,776,02c892ca1f61fb4626d16624f5259e1c04a02814af5c80c4fad0ccdb479a6831
586,ord_dataset-2be11f57f3304e678ea8469baf6dd1bc:ord-81d486b544df426d9f20fc78eed9541f,ord_dataset-2be11f57f3304e678ea8469baf6dd1bc,980,e142a0bc2c15628ac62af914b868d8c95cd7b197ffea384e36155fe45be0f2f8
587,ord_dataset-2be11f57f3304e678ea8469baf6dd1bc:ord-81df48814f8e4436aa57e70288765cbc,ord_dataset-2be11f57f3304e678ea8469baf6dd1bc,514,942fb6ca6dd9110b60e070c129c1d6495307079d35ec788d0cd5db50e0638390
588,ord_dataset-2be11f57f3304e678ea8469baf6dd1bc:ord-82c6ee46f09042f8aace75ae5f00d4da,ord_dataset-2be11f57f3304e678ea8469baf6dd1bc,736,e720762de3a2cf09b488cf55f88d397b0293b133666d0293617f4a6240f78ebd
589,ord_dataset-2be11f57f3304e678ea8469baf6dd1bc:ord-82de37a0ad7140358ff6388cbe746c8e,ord_dataset-2be11f57f3304e678ea8469baf6dd1bc,146,4fa02176aeb056f1e8ae008b8b578b5c88cd988da1a23a27332e213a424f6a80
590,ord_dataset-2be11f57f3304e678ea8469baf6dd1bc:ord-82e335a303344db5a72423382245b124,ord_dataset-2be11f57f3304e678ea8469baf6dd1bc,1043,c75f44ca5795252d663180ebf0f4cc8fe8e0cb442ea932f112c2db75aed2ad5c
591,ord_dataset-2be11f57f3304e678ea8469baf6dd1bc:ord-830bf868736e4dc99734f8b4449c5874,ord_dataset-2be11f57f3304e678ea8469baf6dd1bc,221,e5e423b2cb400c76fe14df1da25fe5096700d7e9a8703f46ebcdd61fbd0f94d1
592,ord_dataset-2be11f57f3304e678ea8469baf6dd1bc:ord-831ca32baa1b4cb39389a7f7a91556f9,ord_dataset-2be11f57f3304e678ea8469baf6dd1bc,661,67fd5582076b2f84ccb8f51ef55f7df6822bc86968ff5346af0eef7d30df3ea3
593,ord_dataset-2be11f57f3304e678ea8469baf6dd1bc:ord-8344bf4420954828aaf53460728e9586,ord_dataset-2be11f57f3304e678ea8469baf6dd1bc,1078,0d8a08176f40aea763bdaa35828e96d665bcc74cd19b1b723b59c89d1c30fded
594,ord_dataset-2be11f57f3304e678ea8469baf6dd1bc:ord-83566ebf8229409f9d7c42e6236790c5,ord_dataset-2be11f57f3304e678ea8469baf6dd1bc,467,65e856490ea0b5bb04549065d340efe64b69d7994e3086ef43eef88221ac92c7
595,ord_dataset-2be11f57f3304e678ea8469baf6dd1bc:ord-836bcf2f4968454fb41cb527db2dccca,ord_dataset-2be11f57f3304e678ea8469baf6dd1bc,182,1ddf9377d414e5adbb729ba12178d62b7864149b567314367dcf6d33cb88ad68
596,ord_dataset-2be11f57f3304e678ea8469baf6dd1bc:ord-836e6dde044949598957b26e03568a7d,ord_dataset-2be11f57f3304e678ea8469baf6dd1bc,25,3f773293b0039a2bde6f3aaf66de003376d752b3d7cee7e93bcfc9edbf574273
597,ord_dataset-2be11f57f3304e678ea8469baf6dd1bc:ord-838e5a81355b4ca296998d33cfc7aa69,ord_dataset-2be11f57f3304e678ea8469baf6dd1bc,779,3e3cf0e370864fe9680108ea78f3f50656ed7de741fa78d0dc1b60149738c1bf
598,ord_dataset-2be11f57f3304e678ea8469baf6dd1bc:ord-83bf278d079249829ee12fa970a6eada,ord_dataset-2be11f57f3304e678ea8469baf6dd1bc,390,757f9fbbb116eedf31671beab129dd6e66020a3fe5b5550cfb128e8d97675132
599,ord_dataset-2be11f57f3304e678ea8469baf6dd1bc:ord-83c44ab309a240cea731991832d8dc79,ord_dataset-2be11f57f3304e678ea8469baf6dd1bc,433,df9d583a76ed7495c4b941a631df9fb6ff02685e496f17b1cea6b038f6a94b51
600,ord_dataset-2be11f57f3304e678ea8469baf6dd1bc:ord-845361dd482846a3b06ebbcf4b252258,ord_dataset-2be11f57f3304e678ea8469baf6dd1bc,645,35f63e3e13e7f1a0d42aa456e59ad2c15e6b5f228ab0a0e1ef17616581fd15a4
601,ord_dataset-2be11f57f3304e678ea8469baf6dd1bc:ord-84a52294d29e4b2d8358f7c42e5d498a,ord_dataset-2be11f57f3304e678ea8469baf6dd1bc,277,849cb610b6f8e153eb89a63679d826f895298efc1d3db5ca9113a7b061286da5
602,ord_dataset-2be11f57f3304e678ea8469baf6dd1bc:ord-8513f444314947d591e6d88870dce117,ord_dataset-2be11f57f3304e678ea8469baf6dd1bc,506,deb73f8c4fb8c31a12847fcbac48d37d99fc06d8765db496fd5c85c90b25488f
603,ord_dataset-2be11f57f3304e678ea8469baf6dd1bc:ord-854c716567584df9955def3077607492,ord_dataset-2be11f57f3304e678ea8469baf6dd1bc,912,c9e5d4670266f4c307fd73627473de7d0cf660c5d7f870a906b340b9d221fe20
604,ord_dataset-2be11f57f3304e678ea8469baf6dd1bc:ord-85a7d379aa57458aa8cb2b522de5f85a,ord_dataset-2be11f57f3304e678ea8469baf6dd1bc,896,043ac206003d2ef10ce6cac5897d265dd56ca0d137eb4cb793b645ecdfec01ae
605,ord_dataset-2be11f57f3304e678ea8469baf6dd1bc:ord-85cb75b354304b239963a3c84837ae66,ord_dataset-2be11f57f3304e678ea8469baf6dd1bc,1126,662d590c94bf3c05916a249036febbe722ed22d2afc440b04f84ca974df3b49f
606,ord_dataset-2be11f57f3304e678ea8469baf6dd1bc:ord-860626961b8f494c9d2944a06424cee2,ord_dataset-2be11f57f3304e678ea8469baf6dd1bc,535,df393bdb44f7f47a7b046e5e1dd83e6fe8a24175368790d2cd6cc52dc1537746
607,ord_dataset-2be11f57f3304e678ea8469baf6dd1bc:ord-8606915849644bd99b2c68e944a9956a,ord_dataset-2be11f57f3304e678ea8469baf6dd1bc,257,db04d2814d0d8dc3afaed299d87ca1c1b418b0ad025563568d282572ed2f036e
608,ord_dataset-2be11f57f3304e678ea8469baf6dd1bc:ord-86381723b0ee4cd784d7c4f782b06726,ord_dataset-2be11f57f3304e678ea8469baf6dd1bc,300,d69dbf280d913282e898c6efd0b8c2d205c520f51882f486a1211dd7b807b6d6
609,ord_dataset-2be11f57f3304e678ea8469baf6dd1bc:ord-866b396e25e44ea285605aaa86b6a8e3,ord_dataset-2be11f57f3304e678ea8469baf6dd1bc,643,f59a6aed4ad91b08e2c0ed81c8e9280c6f175ed6f1f6f933afa0e3542a1fc20e
610,ord_dataset-2be11f57f3304e678ea8469baf6dd1bc:ord-867d34b7d5d3446c9960851566f32c53,ord_dataset-2be11f57f3304e678ea8469baf6dd1bc,268,1bbfb31c34dab2f908e8d03f8757e8e2298d6591ada925ff4c4d2113657c8736
611,ord_dataset-2be11f57f3304e678ea8469baf6dd1bc:ord-86b66f6b55b741f28835e37e756aee0e,ord_dataset-2be11f57f3304e678ea8469baf6dd1bc,1066,62aaa3b09b41b95d7afc43e4005c292ddcd46b7a7dc5079d8957dac9bd63ce5f
612,ord_dataset-2be11f57f3304e678ea8469baf6dd1bc:ord-8730a3a25758454d9eef999d62408c1a,ord_dataset-2be11f57f3304e678ea8469baf6dd1bc,860,f27aa4734a5a254df26297d64d3d1a2db2b3440b7b18acc61f34e7d4db777240
613,ord_dataset-2be11f57f3304e678ea8469baf6dd1bc:ord-874e70c68e2c43a5bad294e6512b0005,ord_dataset-2be11f57f3304e678ea8469baf6dd1bc,889,4bad806f656d6c9896097f17bf721649526b56a993e450bc6f821979c8291665
614,ord_dataset-2be11f57f3304e678ea8469baf6dd1bc:ord-878d17512ecb4c0a91e761495025967d,ord_dataset-2be11f57f3304e678ea8469baf6dd1bc,1048,95c909d2bb328c30c13c6fe4b7d4eec45417e711ae04f43f4d1732ff4fb96d74
615,ord_dataset-2be11f57f3304e678ea8469baf6dd1bc:ord-87b9b8c5ed084c4394e22d15033166a5,ord_dataset-2be11f57f3304e678ea8469baf6dd1bc,318,07fb9a632bf38290203aeb4a516af3411c87429291419bcf6135fe0b5e3c7680
616,ord_dataset-2be11f57f3304e678ea8469baf6dd1bc:ord-87d51fa0f3904de1b1b9d7f8683fc928,ord_dataset-2be11f57f3304e678ea8469baf6dd1bc,1001,b6e25af55e0d99299bb01e7110d71b4341e952cfe86d835106787e238952d48e
617,ord_dataset-2be11f57f3304e678ea8469baf6dd1bc:ord-883acdc20b684684925db1fbd958b7b0,ord_dataset-2be11f57f3304e678ea8469baf6dd1bc,215,6737537a2622f85ba642882bc0d7c5dd9480d338b1b1dd2352b82fae75d976a4
618,ord_dataset-2be11f57f3304e678ea8469baf6dd1bc:ord-883b702a417f4f4aab997bdc75b33746,ord_dataset-2be11f57f3304e678ea8469baf6dd1bc,281,a004178d92bc8de3ede77f32120ce30fb7544c8b7cb2e06925a158ea7e51d620
619,ord_dataset-2be11f57f3304e678ea8469baf6dd1bc:ord-88c5f25946a8479784c6bcf703a57f40,ord_dataset-2be11f57f3304e678ea8469baf6dd1bc,949,e86db5a55735daf0cdc5095e83311e70bb41453722328202837cff885f92e5ad
620,ord_dataset-2be11f57f3304e678ea8469baf6dd1bc:ord-890d622f95f3464d830217bc7b1daab5,ord_dataset-2be11f57f3304e678ea8469baf6dd1bc,1150,4679d5205dac8bb40a0e4a3a2babdf23a35cb2bd854f0c1e5da999d88707c6d7
621,ord_dataset-2be11f57f3304e678ea8469baf6dd1bc:ord-89209498dd8b4708a0c342cc88ab255b,ord_dataset-2be11f57f3304e678ea8469baf6dd1bc,436,3251fd3b96972663f2dc5fbabe47a1dac2a0e5c7327ad7b16da785958a53a7d6
622,ord_dataset-2be11f57f3304e678ea8469baf6dd1bc:ord-8922df6b21c64201bbaa7ff1180b41c5,ord_dataset-2be11f57f3304e678ea8469baf6dd1bc,301,ed12b4888852a6d5c43bae6db9e85b8c0ec2e8d5e81e9ace7f281b26c2f8666d
623,ord_dataset-2be11f57f3304e678ea8469baf6dd1bc:ord-8940b38b3a2a445b96edc56d23afd212,ord_dataset-2be11f57f3304e678ea8469baf6dd1bc,103,cc154bba95c1b377c67f74eaef596fecaab496cc835c05e35363ac52508e7c4e
624,ord_dataset-2be11f57f3304e678ea8469baf6dd1bc:ord-8977d485214e41bb8dbf391a73a3413b,ord_dataset-2be11f57f3304e678ea8469baf6dd1bc,1122,32346545d3d1dd8fc728c7867f411f2c58c745f86dbad43722785d557fd0c8d5
625,ord_dataset-2be11f57f3304e678ea8469baf6dd1bc:ord-89906b11eb9446ea88e0fe1e1a1b2e3f,ord_dataset-2be11f57f3304e678ea8469baf6dd1bc,122,1908e15d845f71b529acc4f813f3c8b296e1c23936d7c8c76e06c8626d9b73f8
626,ord_dataset-2be11f57f3304e678ea8469baf6dd1bc:ord-89b3d3b0ff4a46bb9220d2f04e8839d3,ord_dataset-2be11f57f3304e678ea8469baf6dd1bc,551,093dc83ade83fd67e610ce3a24f2e34b1df80135dafa376fdf925529d0a4b241
627,ord_dataset-2be11f57f3304e678ea8469baf6dd1bc:ord-89d4ac5a64c44e6b8f7b62f700043231,ord_dataset-2be11f57f3304e678ea8469baf6dd1bc,620,42bbcb433faa30ac23c2eb624ae537034d3c2f5e11ba732a81070e15c6c3966d
628,ord_dataset-2be11f57f3304e678ea8469baf6dd1bc:ord-89d61740b57548069b47bfaf21292cb9,ord_dataset-2be11f57f3304e678ea8469baf6dd1bc,811,f789fa89cd8ce3e9875858f99a463a7abdc7052e96a06f7a4abdcdcc52f08c87
629,ord_dataset-2be11f57f3304e678ea8469baf6dd1bc:ord-89d6567f6d744f1f82614997ee96e012,ord_dataset-2be11f57f3304e678ea8469baf6dd1bc,131,836b61366363d5d94eaff872ff0e2090bf290b06e22c0fdf61ac21c465e26b83
630,ord_dataset-2be11f57f3304e678ea8469baf6dd1bc:ord-89ec5657917b4a2d82afba4f98dc9472,ord_dataset-2be11f57f3304e678ea8469baf6dd1bc,417,381cabae98bbaa26993fe3204b6d80aa20ea4d64231a2e91d745e0bc6265188f
631,ord_dataset-2be11f57f3304e678ea8469baf6dd1bc:ord-89f8776182024ca695fdbd3269bed4a0,ord_dataset-2be11f57f3304e678ea8469baf6dd1bc,441,67bdbf530ef1f430a38df5ecae6701c292ce711d05641a7834bf2b75a2d5461f
632,ord_dataset-2be11f57f3304e678ea8469baf6dd1bc:ord-89f8855dc169466f980c1c181e11a1d0,ord_dataset-2be11f57f3304e678ea8469baf6dd1bc,129,e84793efd6106577290c75a5870a5e9a7064d4f0c7d424bdfb7a333065fb9536
633,ord_dataset-2be11f57f3304e678ea8469baf6dd1bc:ord-8a723010aa264d7ca5e918465479799e,ord_dataset-2be11f57f3304e678ea8469baf6dd1bc,955,45cfe91370af92d07b7a238ee1982b5dcd7802f42ad0700016ff74340b7f5434
634,ord_dataset-2be11f57f3304e678ea8469baf6dd1bc:ord-8a893329f3244cc589fc2179d10cf6a8,ord_dataset-2be11f57f3304e678ea8469baf6dd1bc,1115,f2114b01eb63ec917ced0a5268080aafc43565553215c5834500f73ab4d6d56b
635,ord_dataset-2be11f57f3304e678ea8469baf6dd1bc:ord-8ab33f2cf2124ebe87237cc1390d666e,ord_dataset-2be11f57f3304e678ea8469baf6dd1bc,755,69ccdcce3a31315064a7e38142fe5ee24c0de844d93d8650172c820b60512f73
636,ord_dataset-2be11f57f3304e678ea8469baf6dd1bc:ord-8af085c3c28d45698dee378bf04699b0,ord_dataset-2be11f57f3304e678ea8469baf6dd1bc,152,b3cb8400a2326168a39427f60a4a1dc560100bcee4252b6fff5637c67e1e658c
637,ord_dataset-2be11f57f3304e678ea8469baf6dd1bc:ord-8b0748081b7242138d33f3be3735818a,ord_dataset-2be11f57f3304e678ea8469baf6dd1bc,27,bc7da29dfd39fef698426483cbc64daba68ce81523128d49e27a2c9ba825d391
638,ord_dataset-2be11f57f3304e678ea8469baf6dd1bc:ord-8b3d7adcea5c48ecae62568554815982,ord_dataset-2be11f57f3304e678ea8469baf6dd1bc,70,59967f2d7137665e3f1744237a7458f5ea3db9af40f4acfd2b76a4381f17f556
639,ord_dataset-2be11f57f3304e678ea8469baf6dd1bc:ord-8b4b57b93409435aa4647f868490a79a,ord_dataset-2be11f57f3304e678ea8469baf6dd1bc,288,6ebd988cf763b16d2c3ed77f6f787317f35697f1e68d624fce32d1ed93bf967c
640,ord_dataset-2be11f57f3304e678ea8469baf6dd1bc:ord-8b71208210c048a3b34be8225c302644,ord_dataset-2be11f57f3304e678ea8469baf6dd1bc,964,06a7786fd38594ed8fba207d14285980e4c05d07d24cd616a4f7239ed3c281e4
641,ord_dataset-2be11f57f3304e678ea8469baf6dd1bc:ord-8c43f5aac92f479e9c9afd1f10762e52,ord_dataset-2be11f57f3304e678ea8469baf6dd1bc,63,baac466203c40720a470109a3c08eedd97b44e790d777a0750abdbf1cc0b8649
642,ord_dataset-2be11f57f3304e678ea8469baf6dd1bc:ord-8c515f657d084b8788a2859b68f7d491,ord_dataset-2be11f57f3304e678ea8469baf6dd1bc,430,36a0a42eb25c44bc0235ef21c6e80744025cc82a516fe8de0652a3b843023748
643,ord_dataset-2be11f57f3304e678ea8469baf6dd1bc:ord-8c7e3fe6b4584ec9bb2503ba6a750901,ord_dataset-2be11f57f3304e678ea8469baf6dd1bc,526,b0c37e34ff75ae9390631466f34236cce38e7a62a366f052c32787478d27aaeb
644,ord_dataset-2be11f57f3304e678ea8469baf6dd1bc:ord-8c87e70b11c9473aa220b4e2d8ab403e,ord_dataset-2be11f57f3304e678ea8469baf6dd1bc,513,cbc8cb5eaa5171df714ac3705655aa29ef0c8e9cbc98778b4da9ecba020b4b3d
645,ord_dataset-2be11f57f3304e678ea8469baf6dd1bc:ord-8cbd2df4f77c49e1bd69bf50094238bf,ord_dataset-2be11f57f3304e678ea8469baf6dd1bc,212,61a34b90055e2d6390acf5e2c525c598ab0ed7f7cdfeac320768b1c3d579394b
646,ord_dataset-2be11f57f3304e678ea8469baf6dd1bc:ord-8ceb7ee87c1044d485bbf8470f0333dd,ord_dataset-2be11f57f3304e678ea8469baf6dd1bc,89,1653d9437a2978c1e867c52f9c97a242926333dc727c5b80477325015ff16dd4
647,ord_dataset-2be11f57f3304e678ea8469baf6dd1bc:ord-8d195f419b5c4b5cbc7c2decde20dc56,ord_dataset-2be11f57f3304e678ea8469baf6dd1bc,66,eaee8e777bfc6a84822332a86cba419698b0dc15f2ab0b5631888a8544b1ac43
648,ord_dataset-2be11f57f3304e678ea8469baf6dd1bc:ord-8d3f93ac2f51418d9d2566223c8d03e3,ord_dataset-2be11f57f3304e678ea8469baf6dd1bc,1075,aaac24206b90d1b5efec5abf9b7a3521afb37bc486a7642cc60b7b583538fffd
649,ord_dataset-2be11f57f3304e678ea8469baf6dd1bc:ord-8d42d74776904c8292ff28d92724d64f,ord_dataset-2be11f57f3304e678ea8469baf6dd1bc,833,9584c2dcd98161783306c218de5c035ee63885a1ab28c2057f6584eecbf69f60
650,ord_dataset-2be11f57f3304e678ea8469baf6dd1bc:ord-8dc51e0d93654c9ca83d6be63dac5ca1,ord_dataset-2be11f57f3304e678ea8469baf6dd1bc,894,b5827b86ecf1e572b2f02e149652a375e55187d468c2991ad7cf9f2fb1965e79
651,ord_dataset-2be11f57f3304e678ea8469baf6dd1bc:ord-8df4e12f7cd742a9b700d220aa626fe0,ord_dataset-2be11f57f3304e678ea8469baf6dd1bc,713,0f4e2b33471ccb713640a3e2d4bed02e9436a428e3abe79612773e59099591ee
652,ord_dataset-2be11f57f3304e678ea8469baf6dd1bc:ord-8e046069aa3f44f3bc568399d6f410dd,ord_dataset-2be11f57f3304e678ea8469baf6dd1bc,1128,3b285d96d32e70dead3e95ec589ebc872b6d69dd8fc0557580812a365febbb7f
653,ord_dataset-2be11f57f3304e678ea8469baf6dd1bc:ord-8e5be37ab61b471abeda6f0ad1b24181,ord_dataset-2be11f57f3304e678ea8469baf6dd1bc,280,933e182909128117b8de026255caefa45d5d0cdcbeb3c3ec3676a7d3d2bf85ce
654,ord_dataset-2be11f57f3304e678ea8469baf6dd1bc:ord-8eb4dc519bc742a1b2ab5f0d1e08b778,ord_dataset-2be11f57f3304e678ea8469baf6dd1bc,1042,b5464532e4bba0e8b49c1b3b24c5ae2a4df97a1d05facbac815a0ee127d1b73d
655,ord_dataset-2be11f57f3304e678ea8469baf6dd1bc:ord-8ef4f6e3089d4c5fa61a7743c72dfbba,ord_dataset-2be11f57f3304e678ea8469baf6dd1bc,765,ba145fb93e97e1c64ec02e044c240f3b4a277ecc837507be64e3e76bf149dcf7
656,ord_dataset-2be11f57f3304e678ea8469baf6dd1bc:ord-8f421ae0a170419a91e66e71af337e8e,ord_dataset-2be11f57f3304e678ea8469baf6dd1bc,862,f050f5346d35399080161c3a6525445b9f81dda05249a297b82ee5c61abc8b18
657,ord_dataset-2be11f57f3304e678ea8469baf6dd1bc:ord-905eadcf294c4261823dbdb14214e637,ord_dataset-2be11f57f3304e678ea8469baf6dd1bc,1081,4027753512d18b6feb830df5c18e689c8d03281d993e0632dd67a9214f89ee24
658,ord_dataset-2be11f57f3304e678ea8469baf6dd1bc:ord-90aeb67aacbe43c2bba7bad7cf66336d,ord_dataset-2be11f57f3304e678ea8469baf6dd1bc,703,4874924e8d5f4a127cf77194f276725753b932d11ea6790fc8aab8e77d3c06c2
659,ord_dataset-2be11f57f3304e678ea8469baf6dd1bc:ord-90f4dbfafeb54184a48b2a91cb3763b3,ord_dataset-2be11f57f3304e678ea8469baf6dd1bc,902,266d03cce4027887cc3747bd16b6d2d65c2815917d92f7e3cda8ec5a40752af7
660,ord_dataset-2be11f57f3304e678ea8469baf6dd1bc:ord-91866547fa634b51b1f0e78ed370520a,ord_dataset-2be11f57f3304e678ea8469baf6dd1bc,615,24b73c02b3cc98ee6d14e90834150e77d7c226855fbad1e61d4e46c41171bc4b
661,ord_dataset-2be11f57f3304e678ea8469baf6dd1bc:ord-92479b6751e1451cbee9ee1d91e1a2c8,ord_dataset-2be11f57f3304e678ea8469baf6dd1bc,569,29a0961412cbe4aa9e8ada561724a8e569fbf2b15964e74d4fce0a305ee0f563
662,ord_dataset-2be11f57f3304e678ea8469baf6dd1bc:ord-9258624ed0e447bd85f46d0e46d1652d,ord_dataset-2be11f57f3304e678ea8469baf6dd1bc,677,16fb4d5892093a4c147c50a79ce3b2f5c01e97924f0134c7774b355bc80dbbd8
663,ord_dataset-2be11f57f3304e678ea8469baf6dd1bc:ord-92e9f2f9f7894c5db30d7a383d90d541,ord_dataset-2be11f57f3304e678ea8469baf6dd1bc,1053,2a0d04e036201fa3e26a98a264a2e30444745864cfacdb70cf974f2dcd316866
664,ord_dataset-2be11f57f3304e678ea8469baf6dd1bc:ord-92ef3f7ab66e4444a9b44e2c1778b708,ord_dataset-2be11f57f3304e678ea8469baf6dd1bc,840,6a983b8206ab31c29a76b7cdb29c863e1acb473fd0343cdb9235bab100d5bd40
665,ord_dataset-2be11f57f3304e678ea8469baf6dd1bc:ord-92f141eb279c488dbc1bb63cf1b15f01,ord_dataset-2be11f57f3304e678ea8469baf6dd1bc,278,fc45fdb689018ea12d1629b08697e32d5c859a498ffd3b97d3ba1ec741c43a47
666,ord_dataset-2be11f57f3304e678ea8469baf6dd1bc:ord-934811316f044514839d590fbfc6427c,ord_dataset-2be11f57f3304e678ea8469baf6dd1bc,791,c8337cf6d8aa5be7498a459e300533e3a61e6ebbcd48ce2dbde06d42cd14fe4b
667,ord_dataset-2be11f57f3304e678ea8469baf6dd1bc:ord-935b6c434a6149f4b9be1987534d7190,ord_dataset-2be11f57f3304e678ea8469baf6dd1bc,99,501c8624609c0372f9f27060bb995cd677002d51820f95716c5f2523c7cdbdd3
668,ord_dataset-2be11f57f3304e678ea8469baf6dd1bc:ord-9365e4ee931245e49e509613e9470c72,ord_dataset-2be11f57f3304e678ea8469baf6dd1bc,640,0e391aa8945be8c6eda46683eb3e60a5b632c5b5b6808ff66cb84d6a4cf7782a
669,ord_dataset-2be11f57f3304e678ea8469baf6dd1bc:ord-937a8f7e550643b6bcd5fe75138144d0,ord_dataset-2be11f57f3304e678ea8469baf6dd1bc,125,ba81d4d208e1d5b9c9fdaf6188ccc28a00c847b20e7ee1eb9ee929c472874937
670,ord_dataset-2be11f57f3304e678ea8469baf6dd1bc:ord-938aeb073b9646ebaa496e9560f7fa0e,ord_dataset-2be11f57f3304e678ea8469baf6dd1bc,967,2acdc20d050230555f091e1bb7eb4f0d59ae81d1bfbcd7fb7ad63d74bca861e5
671,ord_dataset-2be11f57f3304e678ea8469baf6dd1bc:ord-93b382ae6b3a476bae2f8a18433eaae6,ord_dataset-2be11f57f3304e678ea8469baf6dd1bc,841,618488592154ada442cf7f0077b9244446e8045e24325995c3a358a68a3e60be
672,ord_dataset-2be11f57f3304e678ea8469baf6dd1bc:ord-93c552c3d2e84fe7b923657a47b1105c,ord_dataset-2be11f57f3304e678ea8469baf6dd1bc,275,2d1ec6b754d1f56ccbd6fff232a17db3246bd836d965f54b1f23d97c8e93a8db
673,ord_dataset-2be11f57f3304e678ea8469baf6dd1bc:ord-93fa78ea6f5246039bc51ca9eab2574e,ord_dataset-2be11f57f3304e678ea8469baf6dd1bc,604,01c02e9268b866a17546ca134104a995b8610a1fd801d051354c2a5898ffbb64
674,ord_dataset-2be11f57f3304e678ea8469baf6dd1bc:ord-93fc25041a674480a74b204e37e304dd,ord_dataset-2be11f57f3304e678ea8469baf6dd1bc,186,d3bbc750fe4e4015c5525a6b8d928195f1d7d820de67f703bed936b5f4613f0b
675,ord_dataset-2be11f57f3304e678ea8469baf6dd1bc:ord-9431d257af4f444ea8548383a02d1d90,ord_dataset-2be11f57f3304e678ea8469baf6dd1bc,1027,f4693e800940fff77f7f21c76fb135bfc83600f98575121d361acb47133d0964
676,ord_dataset-2be11f57f3304e678ea8469baf6dd1bc:ord-947bcbe60a2048ae9bd89ae6088adaaf,ord_dataset-2be11f57f3304e678ea8469baf6dd1bc,768,df207903e49147ad65b8ce033a1d78f3fff1ee4fc9ef9aa48dacd2930fd09374
677,ord_dataset-2be11f57f3304e678ea8469baf6dd1bc:ord-94a3f31c17d34e6d9ef395d13f2420d1,ord_dataset-2be11f57f3304e678ea8469baf6dd1bc,629,a2cd429a515a26283cf6ce1c4a3c0c640d88e6e5c81aa63a675a387aa64f23ca
678,ord_dataset-2be11f57f3304e678ea8469baf6dd1bc:ord-9519bc8558614934a1b67d1cc7ab766f,ord_dataset-2be11f57f3304e678ea8469baf6dd1bc,446,7da8df439f6ad5d452a81be4c713b7c88fcfbe91f7c4b6fc5883017d50bfa0f8
679,ord_dataset-2be11f57f3304e678ea8469baf6dd1bc:ord-953867e7e33c42a9a02e9ff37304701b,ord_dataset-2be11f57f3304e678ea8469baf6dd1bc,688,a40cbfb41d773282e5d5585c723083abdb6378b2513d65f0a05f97767c779fba
680,ord_dataset-2be11f57f3304e678ea8469baf6dd1bc:ord-95aa9150af814d398194605cb119fdfb,ord_dataset-2be11f57f3304e678ea8469baf6dd1bc,289,5fabfc9929979464b88c73b2a8b44b40e33a2c50c474311ed5678d9509bce6f7
681,ord_dataset-2be11f57f3304e678ea8469baf6dd1bc:ord-961c9c28269144e487fcd32fd7156a6a,ord_dataset-2be11f57f3304e678ea8469baf6dd1bc,1098,479b6cdcd9a1315c350a0e2025746dfa978e8870da8ca2da3ae37ac72736f14a
682,ord_dataset-2be11f57f3304e678ea8469baf6dd1bc:ord-9656badbca934a0b8dfebfa21b724d42,ord_dataset-2be11f57f3304e678ea8469baf6dd1bc,321,0e31d54336adcd1902fbb1845fede4948084bcad94980680c563b4ecd6748767
683,ord_dataset-2be11f57f3304e678ea8469baf6dd1bc:ord-9664f787377d4b02bf0292c6a54aa7e2,ord_dataset-2be11f57f3304e678ea8469baf6dd1bc,826,34e0cf143b3cf4c7f0ffceedf3adab7341f1787a7a64f6c714c9975ee7325e02
684,ord_dataset-2be11f57f3304e678ea8469baf6dd1bc:ord-9676086ee9a24f62a2851ef8d68f4ac6,ord_dataset-2be11f57f3304e678ea8469baf6dd1bc,145,690139d1e0115cfbf9f52ae92092f81110e1789540461ded7fbe352b5fc3507f
685,ord_dataset-2be11f57f3304e678ea8469baf6dd1bc:ord-96e1639847d242b2a4828acd3ceece55,ord_dataset-2be11f57f3304e678ea8469baf6dd1bc,1010,05374bffbd27907f0759d07cfdbe8d1a3258cd8070c63a18ac3c8ad1e71c3f53
686,ord_dataset-2be11f57f3304e678ea8469baf6dd1bc:ord-971ca68f955a48b282afb89ba5e9f1b4,ord_dataset-2be11f57f3304e678ea8469baf6dd1bc,530,7196d0829d280f391e2bb50860da489a74b4afdba69906fd1dd38cd4a728bb65
687,ord_dataset-2be11f57f3304e678ea8469baf6dd1bc:ord-975c2d40d7e64a838bbfb424846740f6,ord_dataset-2be11f57f3304e678ea8469baf6dd1bc,512,000f44e3987f341ee0419c09e3eb334de5a829fd3bdc62fc87e178f4e217758f
688,ord_dataset-2be11f57f3304e678ea8469baf6dd1bc:ord-977a30add9b24f149ccdf779ba861b3e,ord_dataset-2be11f57f3304e678ea8469baf6dd1bc,1145,6487513f79ec990ff69b873a4ce95a676d5854df263a46446669af6ac7471e69
689,ord_dataset-2be11f57f3304e678ea8469baf6dd1bc:ord-979d416dda9d44ce9fee8240f833d82e,ord_dataset-2be11f57f3304e678ea8469baf6dd1bc,327,e5958d8893947cf23061cfc18e6394d4776e87d833b32bf1a8809554e15b3ebc
690,ord_dataset-2be11f57f3304e678ea8469baf6dd1bc:ord-98265a3929a84da09a1a984deeac9c97,ord_dataset-2be11f57f3304e678ea8469baf6dd1bc,851,a5c67c4aabca1e212b32126e6bedc183bf5ab7abf3220a3125d391c909d08e79
691,ord_dataset-2be11f57f3304e678ea8469baf6dd1bc:ord-989539d799ae4233850ba304f4155b1f,ord_dataset-2be11f57f3304e678ea8469baf6dd1bc,1029,918cc44d1a24178bfe9302fd48bc846fd62a8aedcb5dd341477a2d0ff4f358db
692,ord_dataset-2be11f57f3304e678ea8469baf6dd1bc:ord-98bbe88408384f1895bee29e2f52d074,ord_dataset-2be11f57f3304e678ea8469baf6dd1bc,1097,65afb8c759a3f7b2caff3098f8d6d30d3b37b1f78271b60d7461a3272acd361d
693,ord_dataset-2be11f57f3304e678ea8469baf6dd1bc:ord-9980259e1c5742d687845f6f1faac958,ord_dataset-2be11f57f3304e678ea8469baf6dd1bc,218,f02f2a6efffe0d69f391556be2b50f3a81bb43e959098b1cb06403a3b6a6b12e
694,ord_dataset-2be11f57f3304e678ea8469baf6dd1bc:ord-998f238e09514d8e9b65b4e1264ef7d4,ord_dataset-2be11f57f3304e678ea8469baf6dd1bc,86,ffd86e9d9003baef11db8447c1df325218d2c61eaa9b8f3fe026d5dea810774f
695,ord_dataset-2be11f57f3304e678ea8469baf6dd1bc:ord-99b08dfac87143d196f126539ce0b0e1,ord_dataset-2be11f57f3304e678ea8469baf6dd1bc,556,515488b60c3a68e664b102630bc9896d663b4b0824e3fb9cfeaefffd748c23dc
696,ord_dataset-2be11f57f3304e678ea8469baf6dd1bc:ord-9a640cb3cc7c45859321ebe107ea22f3,ord_dataset-2be11f57f3304e678ea8469baf6dd1bc,476,707206fc420f8491df108266e26baa963f91288b452f8cbd7e084f70e89a2315
697,ord_dataset-2be11f57f3304e678ea8469baf6dd1bc:ord-9a6de2966e1d4016a8d99743bb7930e2,ord_dataset-2be11f57f3304e678ea8469baf6dd1bc,795,e8b5387f80c5cf678c523fcdda4202466fb9cdb127742e66c6d6ab6e12163f1f
698,ord_dataset-2be11f57f3304e678ea8469baf6dd1bc:ord-9a7b01dc865047b2acae2716a46a6951,ord_dataset-2be11f57f3304e678ea8469baf6dd1bc,426,8078101df8b4235b6f8faef0ab2837a2a78ad1fcb270df1daaf4255d764ead1a
699,ord_dataset-2be11f57f3304e678ea8469baf6dd1bc:ord-9a818bcf641f49b4832bcea4b6aa09e0,ord_dataset-2be11f57f3304e678ea8469baf6dd1bc,597,d8276678bd9c86f97f94463b1f839ce7e9f345bbeff26acb56fd1faea835e64d
700,ord_dataset-2be11f57f3304e678ea8469baf6dd1bc:ord-9abdf8c38b6f4e9f984ce8dbedc863ec,ord_dataset-2be11f57f3304e678ea8469baf6dd1bc,105,441a98ca392b255825706052699447ee507989dde1b55741c3fe5759a4aa087e
701,ord_dataset-2be11f57f3304e678ea8469baf6dd1bc:ord-9ada77cadd1a40ae9006614491814d1d,ord_dataset-2be11f57f3304e678ea8469baf6dd1bc,118,00dc9b05bdedd3b914ec09b622d2e0c3fc3f0b8c805e39977ce184155bc69f47
702,ord_dataset-2be11f57f3304e678ea8469baf6dd1bc:ord-9b03999133ab4dc3ad6599fc80321a81,ord_dataset-2be11f57f3304e678ea8469baf6dd1bc,499,cc4a846ed9f68509e6867de139b40599f926c9db59b16c38e00d019d8246db0a
703,ord_dataset-2be11f57f3304e678ea8469baf6dd1bc:ord-9ba9776865044843b27b60759c6afc77,ord_dataset-2be11f57f3304e678ea8469baf6dd1bc,365,828ba0aff83d232eb95028cc7df920633d447a4e6991c0681ea6b36bbb19cd14
704,ord_dataset-2be11f57f3304e678ea8469baf6dd1bc:ord-9bbe0c6983be4d00b12e9dcfcffd97d5,ord_dataset-2be11f57f3304e678ea8469baf6dd1bc,622,77731cbe16f3b9b0f68f6c21c6221bb9081f4fd08f7acd508001fe3c4b65b30f
705,ord_dataset-2be11f57f3304e678ea8469baf6dd1bc:ord-9be464c8182e47b5b4069e321559a87b,ord_dataset-2be11f57f3304e678ea8469baf6dd1bc,1149,777b2cd31ff62d1cc9f71caa16f5d329f908191897b5fad4823e7e4225cf4c90
706,ord_dataset-2be11f57f3304e678ea8469baf6dd1bc:ord-9c720e4853b14651b45af90d2536e4af,ord_dataset-2be11f57f3304e678ea8469baf6dd1bc,183,2329e26acee31977913d76c14e3ddf431eb5ac7a4265287823cd0fe1b27d4772
707,ord_dataset-2be11f57f3304e678ea8469baf6dd1bc:ord-9c945a1ab9254f179585ab42cdabb070,ord_dataset-2be11f57f3304e678ea8469baf6dd1bc,606,bc9f492f984fc91973a5cc890911201e5b6adacc736bb41d84efbe0aa61e613c
708,ord_dataset-2be11f57f3304e678ea8469baf6dd1bc:ord-9cafaf8277094686bb7b352329f504df,ord_dataset-2be11f57f3304e678ea8469baf6dd1bc,61,210e4058c630b464a7fc238e4dd337a4c6c8f0bb54f490a86bc4b4bc92477739
709,ord_dataset-2be11f57f3304e678ea8469baf6dd1bc:ord-9cd05a5b1b9d40ebbf4dcda69a989758,ord_dataset-2be11f57f3304e678ea8469baf6dd1bc,979,7a64a0ba02e7804da1073c87db1a53ef591288a3aef5369966f8593107e76a67
710,ord_dataset-2be11f57f3304e678ea8469baf6dd1bc:ord-9d0b0407e9a346fb97255289761f0852,ord_dataset-2be11f57f3304e678ea8469baf6dd1bc,807,ac5d6c9d675f429d27d4dfcb184ab460ac7bf3dfa0ea03d5ab5f0cc1adb83e37
711,ord_dataset-2be11f57f3304e678ea8469baf6dd1bc:ord-9d5631d57a3043f2a2cb4600d18daaac,ord_dataset-2be11f57f3304e678ea8469baf6dd1bc,425,6a06947b4232b12fdbe79468e2f1c4ac7d421f02474ed30bf7fff86551aa50d4
712,ord_dataset-2be11f57f3304e678ea8469baf6dd1bc:ord-9d7a66729dd8420b922dc68c2bcd2966,ord_dataset-2be11f57f3304e678ea8469baf6dd1bc,1143,1144e053b8204ad22e91a0e52703aa77057d93a4b1f59ca5156792c3151d9451
713,ord_dataset-2be11f57f3304e678ea8469baf6dd1bc:ord-9d7ab5a1fdb94becb864b24cfc7acef0,ord_dataset-2be11f57f3304e678ea8469baf6dd1bc,1005,8c5559e03b845eb4d49cb8607790f1cf8aa78b0678de54551e90c17f5bf0c581
714,ord_dataset-2be11f57f3304e678ea8469baf6dd1bc:ord-9de12b4660d843d1ab5b7f970a01439f,ord_dataset-2be11f57f3304e678ea8469baf6dd1bc,575,e18b37a5d680c78fcc249085e7203538dd5bcfc4a2501d7bbf3fca5419ec5063
715,ord_dataset-2be11f57f3304e678ea8469baf6dd1bc:ord-9e752665aa324d72a1f58d3fef5b78e3,ord_dataset-2be11f57f3304e678ea8469baf6dd1bc,939,1d868a580d0a7a72ca03c227f6ade209593de2e69cc160984e14fb1103d252a8
716,ord_dataset-2be11f57f3304e678ea8469baf6dd1bc:ord-9e7907f7e60244d8bcc152ec4db3b69b,ord_dataset-2be11f57f3304e678ea8469baf6dd1bc,419,8807c91155d3662bd71aea059dc5a90014bf2e96e2a053942f19f71a93d692ec
717,ord_dataset-2be11f57f3304e678ea8469baf6dd1bc:ord-9ea796b2fbcb43c782208a15a802350e,ord_dataset-2be11f57f3304e678ea8469baf6dd1bc,30,0cd70bf2d997221824a06e6ee6376433762f379e5891de543eb234d26d9dbc3a
718,ord_dataset-2be11f57f3304e678ea8469baf6dd1bc:ord-9eabbc248dce417181b2d32cb81d0d05,ord_dataset-2be11f57f3304e678ea8469baf6dd1bc,117,0a0acaa79ddfa8ca7ab22dd6a6f37509e1b6a2cb2b2684f2368493eb85abc1b9
719,ord_dataset-2be11f57f3304e678ea8469baf6dd1bc:ord-9eb86f8cfa23468f864bf2804805d6d2,ord_dataset-2be11f57f3304e678ea8469baf6dd1bc,322,53703da5f23a7dd27050e91beca669694289d5eb98af7bf96baba44bbfa15092
720,ord_dataset-2be11f57f3304e678ea8469baf6dd1bc:ord-9ec61cc582ae4968881393edd4d0bd4c,ord_dataset-2be11f57f3304e678ea8469baf6dd1bc,774,f064cbb5300bfcae454603be7ceca00acbff7846c7f6e5d28c38c9d8e8cb6352
721,ord_dataset-2be11f57f3304e678ea8469baf6dd1bc:ord-9ef887c09a2a4ddbafc12cbae7c2f702,ord_dataset-2be11f57f3304e678ea8469baf6dd1bc,832,c9524f840c6a28eeca563da431705b79aa5f6cdd923ddec109f37afa9f7803c8
722,ord_dataset-2be11f57f3304e678ea8469baf6dd1bc:ord-9f1bd50d67bc4e0daba079c5b9f2c258,ord_dataset-2be11f57f3304e678ea8469baf6dd1bc,679,aa5bdacbea8b0cb0d0ab86ac81e08e4827767ba45616f5f508782525b427f142
723,ord_dataset-2be11f57f3304e678ea8469baf6dd1bc:ord-9f93f6d050bf4f30b46a718d80f0154e,ord_dataset-2be11f57f3304e678ea8469baf6dd1bc,625,a4292c1dbd9cda1895803e19adaf0f666ac65d35f24f40ce5e6276d3b487e202
724,ord_dataset-2be11f57f3304e678ea8469baf6dd1bc:ord-9fab3fa62371456d90abae35011e898b,ord_dataset-2be11f57f3304e678ea8469baf6dd1bc,154,d7b38be3a5d76ebbd184cfcac77c7c28881bf57fe30367fd9db2c4d2c0dc5f7c
725,ord_dataset-2be11f57f3304e678ea8469baf6dd1bc:ord-a002f78b590f408cac859701961e1976,ord_dataset-2be11f57f3304e678ea8469baf6dd1bc,603,d3789b5020ed9490f0ff9f01f9131090de05bb961042e76f42f0bdc73405bdb7
726,ord_dataset-2be11f57f3304e678ea8469baf6dd1bc:ord-a081954fb6d74e77b77fac7f291cb0a5,ord_dataset-2be11f57f3304e678ea8469baf6dd1bc,303,a0bb622044e6677519e691eb6d25f92406673225297010ce7d3632fc0dfa1c4e
727,ord_dataset-2be11f57f3304e678ea8469baf6dd1bc:ord-a132df517e8047a08e05c877eecac789,ord_dataset-2be11f57f3304e678ea8469baf6dd1bc,550,7536d2f54bd8733acf012e798f78a2660734a8e1e4d6062dabdd9e5ee049f9a0
728,ord_dataset-2be11f57f3304e678ea8469baf6dd1bc:ord-a17d7e47f5f044bf91d35dea445bbcd5,ord_dataset-2be11f57f3304e678ea8469baf6dd1bc,471,fc9f217febc6e47ea433eaf34bb1ac45c64494371c24ab3092249f59f2b39ffc
729,ord_dataset-2be11f57f3304e678ea8469baf6dd1bc:ord-a1d3581144b94029a87545b71a6b79d6,ord_dataset-2be11f57f3304e678ea8469baf6dd1bc,384,7696af7d13bf0f23d03bbbe25b38b2926b18424929b5a3e2776313f87a39589a
730,ord_dataset-2be11f57f3304e678ea8469baf6dd1bc:ord-a1e06c08781f4917a5fb430738c38d0b,ord_dataset-2be11f57f3304e678ea8469baf6dd1bc,71,667c1bf3badb7cdab80040dc554298c8e9a1691cbd4c6b1f4f3937b5acf89675
731,ord_dataset-2be11f57f3304e678ea8469baf6dd1bc:ord-a219d9ecf5454549bb15586af081078b,ord_dataset-2be11f57f3304e678ea8469baf6dd1bc,668,d37c36ed7e47d972ea9bc61eb4d13b695fd0f49d3980bb78122d085ba4024969
732,ord_dataset-2be11f57f3304e678ea8469baf6dd1bc:ord-a2218426d44f48a0bc1d44615afd48a7,ord_dataset-2be11f57f3304e678ea8469baf6dd1bc,1092,87e268908d88bbcaace15cd969db22ea7533255848b95f151c895992c2fb4031
733,ord_dataset-2be11f57f3304e678ea8469baf6dd1bc:ord-a24fb8326f9e497f92aa486a8294c2fa,ord_dataset-2be11f57f3304e678ea8469baf6dd1bc,297,39e8a9c26e48280159b653c7f395a8a96214ce23716b0fce69e775449c28f8cd
734,ord_dataset-2be11f57f3304e678ea8469baf6dd1bc:ord-a259f7c604064fdc854e82d1a98a80e5,ord_dataset-2be11f57f3304e678ea8469baf6dd1bc,498,9ed693336e153dd0a09f3418b5bf884b805007f0668965cdf68b154b8184cde1
735,ord_dataset-2be11f57f3304e678ea8469baf6dd1bc:ord-a28922685b4d4ebcb0d854a7852bbdfb,ord_dataset-2be11f57f3304e678ea8469baf6dd1bc,175,34eef324e5388fc74004c8d5ff935ed39bc8b05e77fd5cdc8300111b03787b21
736,ord_dataset-2be11f57f3304e678ea8469baf6dd1bc:ord-a292c5ee0fa84c6099837d8e816def4c,ord_dataset-2be11f57f3304e678ea8469baf6dd1bc,717,6e1fd8bb9c161e21bf047600be75c6500caf6012eb8beccda833f9ea5e500176
737,ord_dataset-2be11f57f3304e678ea8469baf6dd1bc:ord-a30095cf48cb4a08a0edec64c7686b2f,ord_dataset-2be11f57f3304e678ea8469baf6dd1bc,856,653ad1021ce34873e6a30e569afbea30194f791ec54e7887eb43177669c18f34
738,ord_dataset-2be11f57f3304e678ea8469baf6dd1bc:ord-a31ca96aa4254565aa3c78d608c8debd,ord_dataset-2be11f57f3304e678ea8469baf6dd1bc,708,6b84978d10a3d6e821b83028d9a868870c7f1a16c87e55e99672de541c848def
739,ord_dataset-2be11f57f3304e678ea8469baf6dd1bc:ord-a34a94327a034784b0e13d3f5ab16b8d,ord_dataset-2be11f57f3304e678ea8469baf6dd1bc,602,715041b1b24beed76900ee7e1086087bc01c103f212fce6afb92af373785e399
740,ord_dataset-2be11f57f3304e678ea8469baf6dd1bc:ord-a3658b081ea944628c9a4c9d5e31e899,ord_dataset-2be11f57f3304e678ea8469baf6dd1bc,495,473551d72b0dc4856f2654bc788049f406d1f751a4822951165a175b8dfe7cb1
741,ord_dataset-2be11f57f3304e678ea8469baf6dd1bc:ord-a366c686af5746459691f9a5de970a05,ord_dataset-2be11f57f3304e678ea8469baf6dd1bc,1140,b71a5588a82785614409a8213a740dd943dacb95759229ceaf479075c0b5680b
742,ord_dataset-2be11f57f3304e678ea8469baf6dd1bc:ord-a37d9e922eb9481da739a1cd1e034c05,ord_dataset-2be11f57f3304e678ea8469baf6dd1bc,490,9d485575274c7b10c960476c52592ff754e5e559141c6bcd40708ec2ce0904fb
743,ord_dataset-2be11f57f3304e678ea8469baf6dd1bc:ord-a39ccf06836b4c5f8f4b8dc0a2029f0d,ord_dataset-2be11f57f3304e678ea8469baf6dd1bc,544,0633da00f5b3f057ba53f3ed18003e2da5ff47e18160e99e6590a28b1b7ca225
744,ord_dataset-2be11f57f3304e678ea8469baf6dd1bc:ord-a3d2aae83980458c909c44c54ee04663,ord_dataset-2be11f57f3304e678ea8469baf6dd1bc,356,3a014bfdac08194ffb842f8f54e9002f8311a6f799969c529a7a36bf89028ac9
745,ord_dataset-2be11f57f3304e678ea8469baf6dd1bc:ord-a3fc28e1d9a7429aa232534059e0a5c3,ord_dataset-2be11f57f3304e678ea8469baf6dd1bc,783,6df2b18467194a2669c5b9e7147636efa090a6a2151da5e7bacdbacb37663b46
746,ord_dataset-2be11f57f3304e678ea8469baf6dd1bc:ord-a403e5fe4c6c4036b9e2451bf8238505,ord_dataset-2be11f57f3304e678ea8469baf6dd1bc,669,8de3d85f09bf558147bf5718217b8f0db2936b3027bdb5fecd0bb5a153b0b216
747,ord_dataset-2be11f57f3304e678ea8469baf6dd1bc:ord-a46cb9c3115647b392deb2d7b1277207,ord_dataset-2be11f57f3304e678ea8469baf6dd1bc,784,054f09a76e149875b0ad70b346c3c88a37d6643887da5f9d7194fa5980f69b57
748,ord_dataset-2be11f57f3304e678ea8469baf6dd1bc:ord-a478d3e427d542fabb38a3b99bf2aa7b,ord_dataset-2be11f57f3304e678ea8469baf6dd1bc,18,3a1e0e51e1d5d8974a960b8f801d67c9f15abc4766ca85eddf601ffca3bf608d
749,ord_dataset-2be11f57f3304e678ea8469baf6dd1bc:ord-a4a63ba1ad5949c28d9e1b99ea141801,ord_dataset-2be11f57f3304e678ea8469baf6dd1bc,344,456bd5a409525198fe836113ac3b72a6be934fc51f6f7b32e21882098a24e06f
750,ord_dataset-2be11f57f3304e678ea8469baf6dd1bc:ord-a4b81eac3f504ee6b730523a07c4b55a,ord_dataset-2be11f57f3304e678ea8469baf6dd1bc,443,557559a2236f9d57fbb9e26c9a6824cfa747c126d55a52b4760eb5771fe2d654
751,ord_dataset-2be11f57f3304e678ea8469baf6dd1bc:ord-a4e4971b86c34cce8d9a7b95619afd9f,ord_dataset-2be11f57f3304e678ea8469baf6dd1bc,485,26c239f318c1d27e1164447157b75d161e7d8c5f070c3c7f11cfcf2811f50730
752,ord_dataset-2be11f57f3304e678ea8469baf6dd1bc:ord-a4e9d4a2a8e0448b8fd28728d6688c80,ord_dataset-2be11f57f3304e678ea8469baf6dd1bc,11,98d5470a5f42ee19d249116bcda5782b61d62181d1975e80852d144eaa2cdcdb
753,ord_dataset-2be11f57f3304e678ea8469baf6dd1bc:ord-a52b07df8f87482cb518ba4b8dca8dc1,ord_dataset-2be11f57f3304e678ea8469baf6dd1bc,986,030b803984fc92530e89547007d169d070d10c4950a3c1319919f65e28223f83
754,ord_dataset-2be11f57f3304e678ea8469baf6dd1bc:ord-a56134becc8842ec9bdb8e44bdf6e5f9,ord_dataset-2be11f57f3304e678ea8469baf6dd1bc,934,cf29e6771c256ad2d29e892a84e011d76f07f7a83ca0f2ca7c67c7ba344ccbc7
755,ord_dataset-2be11f57f3304e678ea8469baf6dd1bc:ord-a572a6a8fa22478aa71edcbdd3b991b9,ord_dataset-2be11f57f3304e678ea8469baf6dd1bc,219,18a5ffacf948d1f727e6361a1e22a8996b2a317f2650db1745a73648a2148922
756,ord_dataset-2be11f57f3304e678ea8469baf6dd1bc:ord-a58b858d88a545fb951c7e83d90a5cf3,ord_dataset-2be11f57f3304e678ea8469baf6dd1bc,601,90668449cc85ac24a2efd9024542b238e8d1910597fbc3b67dfecefee69360b3
757,ord_dataset-2be11f57f3304e678ea8469baf6dd1bc:ord-a5946c16bd854bd6bb2b6ed987e7e700,ord_dataset-2be11f57f3304e678ea8469baf6dd1bc,857,d1f4af8c77965b7e849a7de190d4a893803d9376abec6d7ef92999883fa4533f
758,ord_dataset-2be11f57f3304e678ea8469baf6dd1bc:ord-a675fe2b6e194312a11b6d17123a03fc,ord_dataset-2be11f57f3304e678ea8469baf6dd1bc,428,b04fc68af923f6ff75b2d7f255c5e44adda3ecadd60a79d3ed6a77d989b2487f
759,ord_dataset-2be11f57f3304e678ea8469baf6dd1bc:ord-a6c0db4fb713421b9ac79a29040c9472,ord_dataset-2be11f57f3304e678ea8469baf6dd1bc,197,9be5068e706c94a480de4f6e8af37ceb99f12c1a135537d09f4a2d401ed0001a
760,ord_dataset-2be11f57f3304e678ea8469baf6dd1bc:ord-a6cb68871a5b4238809f28fefd92e468,ord_dataset-2be11f57f3304e678ea8469baf6dd1bc,354,41dc329601eebbbd96957e218b12121d7ffe2c6afc3ddf69e12e37f969f2b7f2
761,ord_dataset-2be11f57f3304e678ea8469baf6dd1bc:ord-a72261fe300240d1a8a08172a7a09f1c,ord_dataset-2be11f57f3304e678ea8469baf6dd1bc,1094,5b89851e7995591ffe0866edc5edf2b897a676530db7c26dc6dd4e1757e8fc31
762,ord_dataset-2be11f57f3304e678ea8469baf6dd1bc:ord-a72a3dd92f354394b80340f58f7647d2,ord_dataset-2be11f57f3304e678ea8469baf6dd1bc,1141,7d5e6d8c649f9dad1c819c2d2a6a99d429650ed2cc2185eb26b1e72458a30eff
763,ord_dataset-2be11f57f3304e678ea8469baf6dd1bc:ord-a734377d23944cad9fdf59eadc743276,ord_dataset-2be11f57f3304e678ea8469baf6dd1bc,338,f658f6376ae05d5671dbe00195068bac0a5341fe9d63661895d425ac02017f6a
764,ord_dataset-2be11f57f3304e678ea8469baf6dd1bc:ord-a75ff9b2f8514b99a5bb77982e8abfc6,ord_dataset-2be11f57f3304e678ea8469baf6dd1bc,655,0b52b5bdbcbe7a8b03506413c066b61fee0414f5e34dc1853d2be933b2b7e615
765,ord_dataset-2be11f57f3304e678ea8469baf6dd1bc:ord-a762de59fc724883ab6d444cc81ee424,ord_dataset-2be11f57f3304e678ea8469baf6dd1bc,389,6c236bab58be88e3bcb7435803eea06df7e9c1838e6850e4c8970f19839bd2a7
766,ord_dataset-2be11f57f3304e678ea8469baf6dd1bc:ord-a7a09b25cfe64e2194e6da5e802548c0,ord_dataset-2be11f57f3304e678ea8469baf6dd1bc,217,28cc2c9d8172f201875a298e7d6fe117565f9527be3ea50465ff8609a62edea9
767,ord_dataset-2be11f57f3304e678ea8469baf6dd1bc:ord-a7a43ef6e46a4dd2adcbafee7eb5b7fc,ord_dataset-2be11f57f3304e678ea8469baf6dd1bc,855,78824db4beabe2f5d9350ddeb412a8aca97b4e661d387e019af9a175ad7b4363
768,ord_dataset-2be11f57f3304e678ea8469baf6dd1bc:ord-a7c60842203a4a7680cbdefe8b7a71e9,ord_dataset-2be11f57f3304e678ea8469baf6dd1bc,973,6e03a6983e7b044d16825c465989b895c06cb98aa00a7038ecf9db66f469622f
769,ord_dataset-2be11f57f3304e678ea8469baf6dd1bc:ord-a7de5e032a4b4000b4b7429aea6e786e,ord_dataset-2be11f57f3304e678ea8469baf6dd1bc,386,397401cf348068f958167c9f5815c370b86ec5ed3f20e76952c725ef2d391779
770,ord_dataset-2be11f57f3304e678ea8469baf6dd1bc:ord-a7e4fd5edb954783ae64c39ed4b812c1,ord_dataset-2be11f57f3304e678ea8469baf6dd1bc,588,e84c54f100ae3ad3cfdcefece6ddfa1ac1e7add98c0245e9192684c2c37a597e
771,ord_dataset-2be11f57f3304e678ea8469baf6dd1bc:ord-a8e23c4f9e4240f69cf293f80aa41ef1,ord_dataset-2be11f57f3304e678ea8469baf6dd1bc,989,7bceaffbd99b63f6db2092f731ae0388635d53f64fb82acce9518b22a7b4a81a
772,ord_dataset-2be11f57f3304e678ea8469baf6dd1bc:ord-a8f7fe7b4fe64ea1b53717fab0b69c63,ord_dataset-2be11f57f3304e678ea8469baf6dd1bc,253,41b2e3d19dccb4937d053eabfd72e70b28412ba03248876115cb5cea4dd11acc
773,ord_dataset-2be11f57f3304e678ea8469baf6dd1bc:ord-a91636428a444f2aa75e50b79d4ee2b0,ord_dataset-2be11f57f3304e678ea8469baf6dd1bc,245,e1a2f25a6b46d2a9d07c211f5b861279190d7c095030e4b4d076e94dac416acb
774,ord_dataset-2be11f57f3304e678ea8469baf6dd1bc:ord-a95895ef7cc540f5baca055c63f6e89a,ord_dataset-2be11f57f3304e678ea8469baf6dd1bc,439,85918f1d6f7d27b9ab57f0273917d91b833520c426c9b033736c478a01b36033
775,ord_dataset-2be11f57f3304e678ea8469baf6dd1bc:ord-a96956a63c3b45fab0514d61083ccdc9,ord_dataset-2be11f57f3304e678ea8469baf6dd1bc,1007,cca175b147b8e2760e3a14759d6ee03da706904dc91a5db21efac8a29478a503
776,ord_dataset-2be11f57f3304e678ea8469baf6dd1bc:ord-a97becbe28e6421f846b1753db765778,ord_dataset-2be11f57f3304e678ea8469baf6dd1bc,566,9baf48aac8df0ced9cf1e72965d24ed728a63a2b9606ed5b04688bc6d20f44e8
777,ord_dataset-2be11f57f3304e678ea8469baf6dd1bc:ord-a98608c1a8ad4c849389d8aaaecfe035,ord_dataset-2be11f57f3304e678ea8469baf6dd1bc,633,43f6c4a0702571a0755bf3530ec68e6a1867f083ab949f007ae4ed1e41484a12
778,ord_dataset-2be11f57f3304e678ea8469baf6dd1bc:ord-a998222b07d04355989001e1073801ba,ord_dataset-2be11f57f3304e678ea8469baf6dd1bc,634,327ebec576ece20573f625f5216108a52f5a4e6d430f55ac23348f6fa40cc8f7
779,ord_dataset-2be11f57f3304e678ea8469baf6dd1bc:ord-a9e0d0b7094c449994ce606e767c1a61,ord_dataset-2be11f57f3304e678ea8469baf6dd1bc,250,01926bc4422eb99f39015326691fdf4b673d443f3320471cbc10acf87434a811
780,ord_dataset-2be11f57f3304e678ea8469baf6dd1bc:ord-aa377b46762b48158a968b6a71f94191,ord_dataset-2be11f57f3304e678ea8469baf6dd1bc,93,dc9939bdc9ca379133f1f1bd792baf84794e5ce44a6b68a1359be0905534a1aa
781,ord_dataset-2be11f57f3304e678ea8469baf6dd1bc:ord-aa4a85aaf1a143fe925332e65810c54e,ord_dataset-2be11f57f3304e678ea8469baf6dd1bc,95,6bf80de6fb16c40ba09038cb79d103df97766c2cb68aa199b99a2e6652c1ab78
782,ord_dataset-2be11f57f3304e678ea8469baf6dd1bc:ord-aa99f59950db4b38a737db9cee8326a3,ord_dataset-2be11f57f3304e678ea8469baf6dd1bc,519,cb00b2b4b0db71b6d4abf06047448b00d0e6a46a2d5bd881a2cc1227f88ef3a5
783,ord_dataset-2be11f57f3304e678ea8469baf6dd1bc:ord-aaa8575fce624d65b29386cd1c8edd4b,ord_dataset-2be11f57f3304e678ea8469baf6dd1bc,460,58370037092550e1033613135ecebf18165e3fa0b32df7eb5dde053b25f01b27
784,ord_dataset-2be11f57f3304e678ea8469baf6dd1bc:ord-aab23b81d186456b862925de53c9cb55,ord_dataset-2be11f57f3304e678ea8469baf6dd1bc,1109,62be411a44e7c588a2951adb989ab7ebeb045c95cf49b3b2738fc16245795a10
785,ord_dataset-2be11f57f3304e678ea8469baf6dd1bc:ord-aacc99a132c441d2bc24e1665088abf4,ord_dataset-2be11f57f3304e678ea8469baf6dd1bc,933,957002c52bba65b034ab960827c29eb5cc4a0a9c622756fa9b3bf01407e167f5
786,ord_dataset-2be11f57f3304e678ea8469baf6dd1bc:ord-ab154f0ceb4d4a4dab0075bdf990bc71,ord_dataset-2be11f57f3304e678ea8469baf6dd1bc,1003,6e32e71a637019e4f9a3bbb05ece7de5374e8074240b85f131d4d7ef96f5b449
787,ord_dataset-2be11f57f3304e678ea8469baf6dd1bc:ord-ab94d620ad394e7bbd8ef24d8f3ce5b9,ord_dataset-2be11f57f3304e678ea8469baf6dd1bc,830,4d9a56a39ce9482a8ebfb9ac64d277a048342b306d77d4083f63e58d5da6f4ee
788,ord_dataset-2be11f57f3304e678ea8469baf6dd1bc:ord-abd836e480884528ab1565b2efdbe573,ord_dataset-2be11f57f3304e678ea8469baf6dd1bc,328,bf94af8c2fa0859585afdfdf53a1fd1cf65c52280c0deee8566d81c44559b688
789,ord_dataset-2be11f57f3304e678ea8469baf6dd1bc:ord-ac016872218e4bce9b846d56c39b6a6b,ord_dataset-2be11f57f3304e678ea8469baf6dd1bc,712,a201d0e6f6ea29b76d46d8a27b4781fb7d99baa74f9b227f6a858c7c88a88633
790,ord_dataset-2be11f57f3304e678ea8469baf6dd1bc:ord-ac1cfe5ab37e4f84925ad13f740cb4db,ord_dataset-2be11f57f3304e678ea8469baf6dd1bc,709,51b634b9940c31c1e703078f8f1a26e110762de778d07419123fcb9f90f27512
791,ord_dataset-2be11f57f3304e678ea8469baf6dd1bc:ord-ac2a5270622a44d383f07db15cb5cd02,ord_dataset-2be11f57f3304e678ea8469baf6dd1bc,332,a292fa33ce2515d2484a1c52991ff437e7b261e914d46262a89ef85b13cca411
792,ord_dataset-2be11f57f3304e678ea8469baf6dd1bc:ord-ac72f5d116ee4480a0b28cd3d430e6a8,ord_dataset-2be11f57f3304e678ea8469baf6dd1bc,1049,053f990bf4e51b9cda8b5bf1d4b1f49374319275143bb70a926545ee2139aaf2
793,ord_dataset-2be11f57f3304e678ea8469baf6dd1bc:ord-accb28765e534346ad8963c6b783f0d7,ord_dataset-2be11f57f3304e678ea8469baf6dd1bc,991,3c600362397b1e65d59a8006d6d40c09ea423423adebb6988a0ebce3b1856f46
794,ord_dataset-2be11f57f3304e678ea8469baf6dd1bc:ord-acd5c5a0a8cb48f9b9cbcdcfc9ea24aa,ord_dataset-2be11f57f3304e678ea8469baf6dd1bc,142,5fb33f0ca380163c44efbb67acb0015273587b4d4cf6a86d56ca20079fe48805
795,ord_dataset-2be11f57f3304e678ea8469baf6dd1bc:ord-acdbfab3d07e42a39def785358c510c3,ord_dataset-2be11f57f3304e678ea8469baf6dd1bc,12,65ca3e250d7ed1a7159bc6177ceb9fa4d4d17877143f3584664eaff78637ae89
796,ord_dataset-2be11f57f3304e678ea8469baf6dd1bc:ord-ad13502f940546d7b33d67d70a91a07b,ord_dataset-2be11f57f3304e678ea8469baf6dd1bc,1113,c3066d7e7da4794a0d95e1982ae1eeef4b0112f9bcdbe81d59c4104d71c997eb
797,ord_dataset-2be11f57f3304e678ea8469baf6dd1bc:ord-ad1560bc1a1c49d29075542ab4d7ee02,ord_dataset-2be11f57f3304e678ea8469baf6dd1bc,184,2d8b502b365263b51fc9cb1071eb90f778a548dd74ddfb9b0f0b4c34230c6399
798,ord_dataset-2be11f57f3304e678ea8469baf6dd1bc:ord-ad27ffd133bd4c7ebd458ddb6519c715,ord_dataset-2be11f57f3304e678ea8469baf6dd1bc,868,dcff30d1f8000410a49b7baa17f692f39ea6e8608af0f4a2b958e754aeaf0db7
799,ord_dataset-2be11f57f3304e678ea8469baf6dd1bc:ord-ad3a06b1b4714613b0345733d70925ef,ord_dataset-2be11f57f3304e678ea8469baf6dd1bc,1073,f31287915b6cdf3f9d765c51e959d91ac2eb0cdc00b4f971b4bd5bf59b955e0d
800,ord_dataset-2be11f57f3304e678ea8469baf6dd1bc:ord-ad83d909dc444d218c8eae039c042cd9,ord_dataset-2be11f57f3304e678ea8469baf6dd1bc,880,cc9021fe98d7cdd3cc968cddbd87f8b6d876282967a53b82e3ce08a3806ab70d
801,ord_dataset-2be11f57f3304e678ea8469baf6dd1bc:ord-addd955ee1b1440da3fae40817f0cb99,ord_dataset-2be11f57f3304e678ea8469baf6dd1bc,648,90c73a3ec6238a11b48f22ea64a4bdc97f6c7d9442714bcbf41dc6f6615ab677
802,ord_dataset-2be11f57f3304e678ea8469baf6dd1bc:ord-adf2c7a9be4d456c8d65edca37486089,ord_dataset-2be11f57f3304e678ea8469baf6dd1bc,951,ebc039ec57a471c4106cfab2b4982421439df210fc62d3c8fca397f0252647e0
803,ord_dataset-2be11f57f3304e678ea8469baf6dd1bc:ord-ae0b04319ea140de8476d1f9d9fbeb22,ord_dataset-2be11f57f3304e678ea8469baf6dd1bc,336,41adda644f020afde89c75bd5ed24154d5301848b89026e97c2b83ca190a8766
804,ord_dataset-2be11f57f3304e678ea8469baf6dd1bc:ord-af0412461e0d4e31b05319b030851019,ord_dataset-2be11f57f3304e678ea8469baf6dd1bc,474,ffa7a9ace8e39cd5f0d14035169fb517174639e5927725de5e131ca95d207569
805,ord_dataset-2be11f57f3304e678ea8469baf6dd1bc:ord-af21e3fcf94a4f1cb9256144e64cddfc,ord_dataset-2be11f57f3304e678ea8469baf6dd1bc,961,d3d5b7c6c8614fbe7fa17f8910a9a80091bbe0f520434cd6cad46fe9543acb06
806,ord_dataset-2be11f57f3304e678ea8469baf6dd1bc:ord-af2ba84e9f3f46679844ea95b235400b,ord_dataset-2be11f57f3304e678ea8469baf6dd1bc,852,ba1a359e939ae24884e403cefbfdad67f3aa5de3519ee08e6ba3a750cd6ef5bd
807,ord_dataset-2be11f57f3304e678ea8469baf6dd1bc:ord-af45c5de2e8f462e83de80b9dc805046,ord_dataset-2be11f57f3304e678ea8469baf6dd1bc,402,50669bcb775966faef7f1e474e25a45b563a4a0fad4986407e0ba97a04a7c0fb
808,ord_dataset-2be11f57f3304e678ea8469baf6dd1bc:ord-af5d5844565148198f07d135bb758a3b,ord_dataset-2be11f57f3304e678ea8469baf6dd1bc,614,1ada246e28641282ef973c29d98a1fcd5657dcb2a9f05a6891a9fed1f7e1e319
809,ord_dataset-2be11f57f3304e678ea8469baf6dd1bc:ord-afb709503d314d798929b55a9ed8d8fe,ord_dataset-2be11f57f3304e678ea8469baf6dd1bc,101,ae127761137ae56b28576f9ec34d02f527f315e303d0f5c7022c85262a8f2540
810,ord_dataset-2be11f57f3304e678ea8469baf6dd1bc:ord-afba651ec08c459cb9fb346e490e3229,ord_dataset-2be11f57f3304e678ea8469baf6dd1bc,999,14e5bef42fe800c715f98d8980bb3cf36b5e48319aec0d68c822dd96955b64f5
811,ord_dataset-2be11f57f3304e678ea8469baf6dd1bc:ord-b00afa54623d4f728de2ac763090a45c,ord_dataset-2be11f57f3304e678ea8469baf6dd1bc,975,6f93e4ee28c2cee1705414f358c3ae4c32abc52dc5e4f9d4ab2ad4e32389113e
812,ord_dataset-2be11f57f3304e678ea8469baf6dd1bc:ord-b00fe5a3109a4059b5f4dc28579a6d2d,ord_dataset-2be11f57f3304e678ea8469baf6dd1bc,589,6b744aee9b7f819fc2728b4845b0e7c94488efc5af348c36d3b2aeb9803dba09
813,ord_dataset-2be11f57f3304e678ea8469baf6dd1bc:ord-b029b2fd1c684bc8ae29d5dba6f97add,ord_dataset-2be11f57f3304e678ea8469baf6dd1bc,1020,7722bd87bc97174be9e1428e94620a22f64acff3432e498097069acd960585ef
814,ord_dataset-2be11f57f3304e678ea8469baf6dd1bc:ord-b0747ef9b15e4a24948e7d85beaece2a,ord_dataset-2be11f57f3304e678ea8469baf6dd1bc,1025,1e4a5ff001d23d249cceac1a2c6ed3ae80dd91f7de8a66cbd4c603f2d9ad2b2c
815,ord_dataset-2be11f57f3304e678ea8469baf6dd1bc:ord-b09cdb30e6a64339b74e78345484ded2,ord_dataset-2be11f57f3304e678ea8469baf6dd1bc,1090,ca47b626edcce4e5040b912ee4d8df06b787e04936215ca120af87d5b71a2e32
816,ord_dataset-2be11f57f3304e678ea8469baf6dd1bc:ord-b1298d90d13e44a48c66343c6f6d4acd,ord_dataset-2be11f57f3304e678ea8469baf6dd1bc,788,40496537323d67a73bda7c8eed63101086f34a766d9cc9bbfb14e7bf495cc238
817,ord_dataset-2be11f57f3304e678ea8469baf6dd1bc:ord-b129a986726e46aca34e0d18d555c479,ord_dataset-2be11f57f3304e678ea8469baf6dd1bc,107,3833644756feb745d29df0927e2a0df74ec2534058fc4e3de7915ab9fef87a3b
818,ord_dataset-2be11f57f3304e678ea8469baf6dd1bc:ord-b131508204484eacbe0ef4dc16c2d19f,ord_dataset-2be11f57f3304e678ea8469baf6dd1bc,764,4841a8452b87df6a285d90e768bce181861c322ab51883e5a21627a60fbf8248
819,ord_dataset-2be11f57f3304e678ea8469baf6dd1bc:ord-b15a5e00f2b348c092fc9610cdf701d9,ord_dataset-2be11f57f3304e678ea8469baf6dd1bc,654,71423c846b706f69ff901ee59b455aeae5b05f238cacc5046bd7c96795062918
820,ord_dataset-2be11f57f3304e678ea8469baf6dd1bc:ord-b198fbc787244544a47d6b826c2cde23,ord_dataset-2be11f57f3304e678ea8469baf6dd1bc,113,74ef081c4afac1fa815a0a2b974d8be4595358a25be80b66117508f7d0a22b6b
821,ord_dataset-2be11f57f3304e678ea8469baf6dd1bc:ord-b1d76735eaca4f0bb3caea73ddcccbc8,ord_dataset-2be11f57f3304e678ea8469baf6dd1bc,164,b52d032e3161ba7c3e693fa0b185e2e31a496f48e7736fd91ca3d9b3f8d67048
822,ord_dataset-2be11f57f3304e678ea8469baf6dd1bc:ord-b1dd2677496f43cda704ac84b6d31676,ord_dataset-2be11f57f3304e678ea8469baf6dd1bc,269,8682335701b8a530fed03c51477bd7a3bce195bae41bcbfc03ab04eb15498b72
823,ord_dataset-2be11f57f3304e678ea8469baf6dd1bc:ord-b2123fc1db7e4daab0e5a51ffcc88e17,ord_dataset-2be11f57f3304e678ea8469baf6dd1bc,537,59e3b05c88b65d6aea38924a92ca96fca4e99b942e8245689e567b19f36b7800
824,ord_dataset-2be11f57f3304e678ea8469baf6dd1bc:ord-b2797ef5ea6d45eea4ee2675220957ce,ord_dataset-2be11f57f3304e678ea8469baf6dd1bc,412,10fa4ca8b22111b61461f4256eadc665cc7e5a8c79498fbfeb29566b27ee2243
825,ord_dataset-2be11f57f3304e678ea8469baf6dd1bc:ord-b2a60969e7374fa4a41fbd6b9b462a4a,ord_dataset-2be11f57f3304e678ea8469baf6dd1bc,1099,e062a04a26dfcbcb80c2b506946a102bf09b99c393dd9a909fe423ce93b33394
826,ord_dataset-2be11f57f3304e678ea8469baf6dd1bc:ord-b2c2c2d06b5b461b8a3c44897738fc28,ord_dataset-2be11f57f3304e678ea8469baf6dd1bc,758,87ead66edec8b308f9aadfc8246269a5a182942a4ef20b4d67a7fe314ffdcf4f
827,ord_dataset-2be11f57f3304e678ea8469baf6dd1bc:ord-b2d4b5c071754c20bf10c808ebbf1639,ord_dataset-2be11f57f3304e678ea8469baf6dd1bc,1130,5696f355e2bde0db86738e9900b51e0ef10335b0a47f1e1579da43fce3773536
828,ord_dataset-2be11f57f3304e678ea8469baf6dd1bc:ord-b361e5144da84862868a92a7f818fe16,ord_dataset-2be11f57f3304e678ea8469baf6dd1bc,699,c915ee639b837ff7ad4fd40649e4d78f9ea3fe41409748cb37e24f6dc48df9ae
829,ord_dataset-2be11f57f3304e678ea8469baf6dd1bc:ord-b38029f74b134342802fb064ebcc23a1,ord_dataset-2be11f57f3304e678ea8469baf6dd1bc,728,9add772dfb0cbdcf70d3a7dfc721ea71d3b0fdef80da2e234c00075e12522e04
830,ord_dataset-2be11f57f3304e678ea8469baf6dd1bc:ord-b3a400ec2594454caba229c1c49b6303,ord_dataset-2be11f57f3304e678ea8469baf6dd1bc,850,420a442f0129351096b3d9237720829c5d461f99c550e26ebced992fd09f7039
831,ord_dataset-2be11f57f3304e678ea8469baf6dd1bc:ord-b3bbb29933dd45fe8f3412ed04f12f21,ord_dataset-2be11f57f3304e678ea8469baf6dd1bc,738,f7bc2e07db6ad3cbdcdca6b00532b1b85d4924ad1e918fc3b538224f9ddf5a08
832,ord_dataset-2be11f57f3304e678ea8469baf6dd1bc:ord-b46500db34764226abaca2d6a9e39e23,ord_dataset-2be11f57f3304e678ea8469baf6dd1bc,781,c5cffa02d8fd1a809194478a923931dacbb2674a7accd13d1d82f341f9f6e05c
833,ord_dataset-2be11f57f3304e678ea8469baf6dd1bc:ord-b4a989d738604220bc75d4bc0cde4fe2,ord_dataset-2be11f57f3304e678ea8469baf6dd1bc,190,022f7b23c3f3e045df725bf607234f4ce892c385e67ea9d4c10e95486a725f3b
834,ord_dataset-2be11f57f3304e678ea8469baf6dd1bc:ord-b55f9a4ef0bd458ca5660b62e51fb007,ord_dataset-2be11f57f3304e678ea8469baf6dd1bc,816,46b70e14769f8c00ecdae134d25932af638858cc0b3a394ed749e150319b833d
835,ord_dataset-2be11f57f3304e678ea8469baf6dd1bc:ord-b56c05767a464d76bf5762c46c51a2ad,ord_dataset-2be11f57f3304e678ea8469baf6dd1bc,178,f40b7126e2eb1571911f1eecf17e657a4d0c570647d87ff5a85a1e06f875a21e
836,ord_dataset-2be11f57f3304e678ea8469baf6dd1bc:ord-b585f5f7c6b349f484a60248b120cf56,ord_dataset-2be11f57f3304e678ea8469baf6dd1bc,262,b5ba4cd4960e44a1a69eedeec3ef74e0b9d4dfc65136d995fe197b20182f40a7
837,ord_dataset-2be11f57f3304e678ea8469baf6dd1bc:ord-b5a1d4c12a96452ca9e5a3325da41678,ord_dataset-2be11f57f3304e678ea8469baf6dd1bc,571,41b7e50cc7d359130e37a307c5064899820e596c61ea78a172b87d8e5c901778
838,ord_dataset-2be11f57f3304e678ea8469baf6dd1bc:ord-b5a63688bf0f488fbc04661e16bba7c7,ord_dataset-2be11f57f3304e678ea8469baf6dd1bc,994,106f9e9b428cbbdcd1816446f27b537576d2db3e2295da875cb028eae0b07772
839,ord_dataset-2be11f57f3304e678ea8469baf6dd1bc:ord-b5a781b6b6e7414682ad222453404193,ord_dataset-2be11f57f3304e678ea8469baf6dd1bc,1112,3b9966fc33ebc42e2fb5497bdd6a24a3069e2c403ccc0bb75dec5f00ddae8edb
840,ord_dataset-2be11f57f3304e678ea8469baf6dd1bc:ord-b5b2fffde5e043839123cbaa0629fbfe,ord_dataset-2be11f57f3304e678ea8469baf6dd1bc,1068,8b382eeaf8fae7c6accdb6bfbc95b6a546acc8329abb85a7c6f1e11e45d72517
841,ord_dataset-2be11f57f3304e678ea8469baf6dd1bc:ord-b5d305e74c75467ead9fbbafa2da455e,ord_dataset-2be11f57f3304e678ea8469baf6dd1bc,236,2a9c581afb8e277ca4711524e0c9f264d5c69cc2550c3edeeb7808e3aed2b3e8
842,ord_dataset-2be11f57f3304e678ea8469baf6dd1bc:ord-b62ff60fc5204b98bd4971799546e410,ord_dataset-2be11f57f3304e678ea8469baf6dd1bc,689,35f057f18cbff113666a9bc90bdd605c84a5b9d33fe40f2891e778c05e03fd97
843,ord_dataset-2be11f57f3304e678ea8469baf6dd1bc:ord-b6389c06cf644eb7ad6960f5c4d90f8a,ord_dataset-2be11f57f3304e678ea8469baf6dd1bc,724,d129d1e567fe56034fe07a98a5bff294a74ddd01906c76e430c7eda7cedceef8
844,ord_dataset-2be11f57f3304e678ea8469baf6dd1bc:ord-b6795507b96245a4bb7f7a148d876b43,ord_dataset-2be11f57f3304e678ea8469baf6dd1bc,956,060c98e03659e44891d9ff4ce3174726f93b715d53c6a8d5220aa52901625c21
845,ord_dataset-2be11f57f3304e678ea8469baf6dd1bc:ord-b6d0f7561bc643288354232456610d22,ord_dataset-2be11f57f3304e678ea8469baf6dd1bc,769,bfaa090dfc0764614035ffbbc6698ec770e26687e5847ffdcd200b11ff382940
846,ord_dataset-2be11f57f3304e678ea8469baf6dd1bc:ord-b6f65f5b6e21464b9a0343fbc0bf3f17,ord_dataset-2be11f57f3304e678ea8469baf6dd1bc,772,3df1564994ce284c94185393b532964043b2d394b7d132f1ca13303b0145fa33
847,ord_dataset-2be11f57f3304e678ea8469baf6dd1bc:ord-b747aad8fe9b4b9abfad60934956661b,ord_dataset-2be11f57f3304e678ea8469baf6dd1bc,753,a1f14e093d70312282eea7cf5466ef3f10938603a2bf29800afbedb16e908fbc
848,ord_dataset-2be11f57f3304e678ea8469baf6dd1bc:ord-b74a2353612348089516e83018c49a38,ord_dataset-2be11f57f3304e678ea8469baf6dd1bc,744,abe301e54b72b6fb989f9ca7e78f1d67b73f2149947dd17153397412ea407ca4
849,ord_dataset-2be11f57f3304e678ea8469baf6dd1bc:ord-b77e566887fd412db041cea39b170fe6,ord_dataset-2be11f57f3304e678ea8469baf6dd1bc,780,8914b46fe1cb79ae5b650e1c5535186c422368f6344ee789874df57eb1134729
850,ord_dataset-2be11f57f3304e678ea8469baf6dd1bc:ord-b78df5991db34505a20caa93e754713d,ord_dataset-2be11f57f3304e678ea8469baf6dd1bc,820,8d9d231cab7fb2914895f94e2392d22db5cf8917a022a00895e6eaf0bd07fe7f
851,ord_dataset-2be11f57f3304e678ea8469baf6dd1bc:ord-b796450f1f094c77bbcb1efa1cd3dfdb,ord_dataset-2be11f57f3304e678ea8469baf6dd1bc,664,08c55263e88538f27bb3d1c4d4bc5730124b444225689bedd38930216c128d9e
852,ord_dataset-2be11f57f3304e678ea8469baf6dd1bc:ord-b81969a9240d4e5b9e7b9d6586fda300,ord_dataset-2be11f57f3304e678ea8469baf6dd1bc,546,149c88bbdb3c232d612ce179d221d011b84822d6a6ec7a703b5adbb604c2a70a
853,ord_dataset-2be11f57f3304e678ea8469baf6dd1bc:ord-b84a4e07bcaa4b93b3126741b362723e,ord_dataset-2be11f57f3304e678ea8469baf6dd1bc,376,1ee210b71a8df8567df3e888f831af8924e7ef421ea0c5f9340180089f04bda2
854,ord_dataset-2be11f57f3304e678ea8469baf6dd1bc:ord-b87837159d3543af82f941dd42173139,ord_dataset-2be11f57f3304e678ea8469baf6dd1bc,805,8886660b30bd9ac91c651865e514663fe549ff8dcb701a61a8ba1ef4b25d5e46
855,ord_dataset-2be11f57f3304e678ea8469baf6dd1bc:ord-b88c8e8ed7384931853b4a5a7667e3d7,ord_dataset-2be11f57f3304e678ea8469baf6dd1bc,810,6c16d392c183ef2a5584f31f5f6d1612b5d185757c41debc381ebf6360014b5b
856,ord_dataset-2be11f57f3304e678ea8469baf6dd1bc:ord-b8d38e3c787e4f4a83024204692b2459,ord_dataset-2be11f57f3304e678ea8469baf6dd1bc,237,3b00b14d6311e0809339283ce31a306b2d964bd55eacfa9373a2d1bb2ca27125
857,ord_dataset-2be11f57f3304e678ea8469baf6dd1bc:ord-b915bcd9ef2547dbadd9e9bcd85f5912,ord_dataset-2be11f57f3304e678ea8469baf6dd1bc,39,2d1814b4e89ddef7c46fe3c4b8e21e7ea7a4baddba8a9d33842e66d583163765
858,ord_dataset-2be11f57f3304e678ea8469baf6dd1bc:ord-b921171fb09743b39b163c5cf131e078,ord_dataset-2be11f57f3304e678ea8469baf6dd1bc,814,ebdf82c027cf0480e366c29975dac07a89465b7e64a06192a24601af767e7ef1
859,ord_dataset-2be11f57f3304e678ea8469baf6dd1bc:ord-b93f9c2700464a87b241cdf861f842a8,ord_dataset-2be11f57f3304e678ea8469baf6dd1bc,1070,dd75abdfa34f450bbcc5f4e75368c8ae22a165cfd76df810da7b5571ed117321
860,ord_dataset-2be11f57f3304e678ea8469baf6dd1bc:ord-b959580a6706471fa5594028e67bd827,ord_dataset-2be11f57f3304e678ea8469baf6dd1bc,119,4b9172da95bc941befd774e6e22e582eaa669d7b8b0265fb11b2f2ba6b8f8612
861,ord_dataset-2be11f57f3304e678ea8469baf6dd1bc:ord-b9ad8477ea64434eb3d929cf7313c3f6,ord_dataset-2be11f57f3304e678ea8469baf6dd1bc,503,73c1bfdc03c7e3608946b4cc5721d1f4168f328120b9d62715449006ce07aeec
862,ord_dataset-2be11f57f3304e678ea8469baf6dd1bc:ord-b9f1471c5d8f4447b5b6f5882915fba9,ord_dataset-2be11f57f3304e678ea8469baf6dd1bc,341,1e2241e6ff34773041d028ad01b0d89faebf0ab867a97fc9d5b69f247458b310
863,ord_dataset-2be11f57f3304e678ea8469baf6dd1bc:ord-b9fa3e5680ec4f3c89f3db201295f8f9,ord_dataset-2be11f57f3304e678ea8469baf6dd1bc,557,1eb4af5eaee66f2da08947323d14bc473732fb2519e350698a1a7780d8fe4451
864,ord_dataset-2be11f57f3304e678ea8469baf6dd1bc:ord-ba01f378b4aa4fb5b6640dde474c34f0,ord_dataset-2be11f57f3304e678ea8469baf6dd1bc,711,3a696735800d6befa0c891d4d082e74fd03405b4450398ab6a7519ff108af317
865,ord_dataset-2be11f57f3304e678ea8469baf6dd1bc:ord-ba0e81cb631043b09f66630e6208c65f,ord_dataset-2be11f57f3304e678ea8469baf6dd1bc,549,04e7bb099265e67fc95b095b6cc6cf6e8b853835fcaa3ab00cd32f58db21138b
866,ord_dataset-2be11f57f3304e678ea8469baf6dd1bc:ord-ba30b07ea834488388a8c2b642485807,ord_dataset-2be11f57f3304e678ea8469baf6dd1bc,849,c483791bc97e814ae68e272a8abaea30b88f2d546b4a8fe851795014b136f661
867,ord_dataset-2be11f57f3304e678ea8469baf6dd1bc:ord-bb36972c71b646a695d4a13c8722a4a7,ord_dataset-2be11f57f3304e678ea8469baf6dd1bc,461,804b97aae3480951b0221a9860e85e4cf67e1154b3ed8d116147831cd8084854
868,ord_dataset-2be11f57f3304e678ea8469baf6dd1bc:ord-bb37805ed31742808ae8f49638eabca3,ord_dataset-2be11f57f3304e678ea8469baf6dd1bc,658,2804f77374619f22526773609475346dc072099c7739f992dc1dbc1b686b85c6
869,ord_dataset-2be11f57f3304e678ea8469baf6dd1bc:ord-bb4c09849a0549d38c81c761b4336080,ord_dataset-2be11f57f3304e678ea8469baf6dd1bc,313,65b3b39ff0d7ee7e0e87b42bff2673282a53ed53b3d34c1d5c5b9923704ccb68
870,ord_dataset-2be11f57f3304e678ea8469baf6dd1bc:ord-bb61b0f327444a5181484d2f34bfeba2,ord_dataset-2be11f57f3304e678ea8469baf6dd1bc,104,f7d3713dba9555a3930dd56bb91aa02e68983a3f9e14ec3b2950810be3e46ba3
871,ord_dataset-2be11f57f3304e678ea8469baf6dd1bc:ord-bbbafad310d5446aac9a2805fe398d3f,ord_dataset-2be11f57f3304e678ea8469baf6dd1bc,692,f41ae1e4760deab491e1d88fc414471eeaf4b97cddb5a3cd60a896748c1d98fb
872,ord_dataset-2be11f57f3304e678ea8469baf6dd1bc:ord-bbfaae5f712949dda866221f1679cf40,ord_dataset-2be11f57f3304e678ea8469baf6dd1bc,924,c12042346d9173381715eb7d5547c775ddad8555ed21c62bdd5ffe0a8a58d505
873,ord_dataset-2be11f57f3304e678ea8469baf6dd1bc:ord-bc0dc78887e0418e9a251763b7af90cb,ord_dataset-2be11f57f3304e678ea8469baf6dd1bc,315,25730a876e4603657bb50d0e617a7262714b4c1ccefbc6ecd1c1f3e1c042af29
874,ord_dataset-2be11f57f3304e678ea8469baf6dd1bc:ord-bc529f60b6e84408a556fa9cc4c74625,ord_dataset-2be11f57f3304e678ea8469baf6dd1bc,493,023bd477bdd5304d4ed12fc867181b28ecf9bbd05b605124833960cd777fa4f0
875,ord_dataset-2be11f57f3304e678ea8469baf6dd1bc:ord-bc7d8b585f4a4731ac266b6845c1e4ac,ord_dataset-2be11f57f3304e678ea8469baf6dd1bc,766,75b260dc8ffd2fcac7f935dde0325a1379a7fe08ed9f8e929eee8e3489de0346
876,ord_dataset-2be11f57f3304e678ea8469baf6dd1bc:ord-bd10defd63574d75828bc984549e2b74,ord_dataset-2be11f57f3304e678ea8469baf6dd1bc,1080,de16d347d145440d72f1bc8783324209cac44ae63e540f59a6355c629441733c
877,ord_dataset-2be11f57f3304e678ea8469baf6dd1bc:ord-bd6964eca7fc4da38bd5661c062d112a,ord_dataset-2be11f57f3304e678ea8469baf6dd1bc,822,38346692841363ff368eb446e23be0c02c9dda46c2bda8b108539800ab4d47cc
878,ord_dataset-2be11f57f3304e678ea8469baf6dd1bc:ord-bddb269be46c4726ab5d56d3cc3e3fed,ord_dataset-2be11f57f3304e678ea8469baf6dd1bc,427,1f92aca377a6b6ca5250c0b9e89a46fca503fa76a00ce485771af0c48f4f8cc4
879,ord_dataset-2be11f57f3304e678ea8469baf6dd1bc:ord-be338ce9016948d69175258025a890a0,ord_dataset-2be11f57f3304e678ea8469baf6dd1bc,1116,c6a7e95aeb807346545aafffbd8c056782ad927ca9d0f4f4287e55622208ba9e
880,ord_dataset-2be11f57f3304e678ea8469baf6dd1bc:ord-be4aff1694bc41b3866c685f389daf24,ord_dataset-2be11f57f3304e678ea8469baf6dd1bc,592,d1935122fe6fc35449fc9de483b2096d139dced7efa86fcced830ed62331eff2
881,ord_dataset-2be11f57f3304e678ea8469baf6dd1bc:ord-be91524bf6664e31a941c6897f9ac893,ord_dataset-2be11f57f3304e678ea8469baf6dd1bc,1089,c0f90a3df5afad8fba842ab82a3c4df552e575339041120f78419a8390c8fcdd
882,ord_dataset-2be11f57f3304e678ea8469baf6dd1bc:ord-bea86527bb3d42b9b55cd84aa2e08eea,ord_dataset-2be11f57f3304e678ea8469baf6dd1bc,1041,53eb2d028e4dcb736182f006816f41124641309059d51355ec8d22d2ecb25594
883,ord_dataset-2be11f57f3304e678ea8469baf6dd1bc:ord-beaeab6bc7ae40ce8f9aa0be1fd25e66,ord_dataset-2be11f57f3304e678ea8469baf6dd1bc,406,179b478aaee74c7f1bc898282569f602e4fb317a6e7564f0f416c13bf1fa6d66
884,ord_dataset-2be11f57f3304e678ea8469baf6dd1bc:ord-beb38347e35542cd8d6bc09dc210d782,ord_dataset-2be11f57f3304e678ea8469baf6dd1bc,100,a88448c9af151437bc9e1114dddac334ed8af45b493d784b367ef432f5e93a2f
885,ord_dataset-2be11f57f3304e678ea8469baf6dd1bc:ord-bebb49c66d434e049243e378113db878,ord_dataset-2be11f57f3304e678ea8469baf6dd1bc,844,216b4af28cf2d29debb539dc2b093a180d03cef1ef50aeaf1c00777c2d15e360
886,ord_dataset-2be11f57f3304e678ea8469baf6dd1bc:ord-bf5731f6b9b14a1e92cee487a7f6300e,ord_dataset-2be11f57f3304e678ea8469baf6dd1bc,532,2b5a18664a3842b62c01eac9a08b148b67bf6cf3413660db609b75c8917b704e
887,ord_dataset-2be11f57f3304e678ea8469baf6dd1bc:ord-bf71c7f34529468d9f2e67688f0f3f9a,ord_dataset-2be11f57f3304e678ea8469baf6dd1bc,1061,5cc0a27a936f42c4fe10cf0042ed3751c19fc9d6d09f675e8ba3d7d9dbedbe90
888,ord_dataset-2be11f57f3304e678ea8469baf6dd1bc:ord-c0092202e25649a3aa936d9e90c8f58b,ord_dataset-2be11f57f3304e678ea8469baf6dd1bc,161,cf8f952a52709dd5632a6e392876ba1b27691f47ff2e8e64eae7d3f48ae44bc3
889,ord_dataset-2be11f57f3304e678ea8469baf6dd1bc:ord-c06d0f5eea5a41b1ada318aae20e5625,ord_dataset-2be11f57f3304e678ea8469baf6dd1bc,351,c6b54bd25cb037ca2b73e425f307378a5b870d07f27961ddeaf6c42eb6df1f18
890,ord_dataset-2be11f57f3304e678ea8469baf6dd1bc:ord-c09dce9c42fc41edbcc1477c818663b3,ord_dataset-2be11f57f3304e678ea8469baf6dd1bc,659,7fe45f0f0447aee650fc2864db5d4ec194eba67f3868df24a380e246feada977
891,ord_dataset-2be11f57f3304e678ea8469baf6dd1bc:ord-c0c63874110f4874a8703796906801d8,ord_dataset-2be11f57f3304e678ea8469baf6dd1bc,335,6ad8f5f26a30cdb088044174f020daf59ebfb232ce04499302f0e90fa961605f
892,ord_dataset-2be11f57f3304e678ea8469baf6dd1bc:ord-c0c8695b6c1a490b9451e095f0816c09,ord_dataset-2be11f57f3304e678ea8469baf6dd1bc,1135,52af6b2b3e08c5a03ddd379525819f15d385a01c01d7cb8e1da16ed768981a91
893,ord_dataset-2be11f57f3304e678ea8469baf6dd1bc:ord-c0c9d7b2215d423b9463810006173045,ord_dataset-2be11f57f3304e678ea8469baf6dd1bc,937,6c1cb21dbfc4d8ae31f1d2ea9e9dbec64084c8207bd1dfeae722a8a7ba617fb4
894,ord_dataset-2be11f57f3304e678ea8469baf6dd1bc:ord-c0ecdfc9e84e4377aee013b2a066bad1,ord_dataset-2be11f57f3304e678ea8469baf6dd1bc,209,cb8a5f9b111d692ff06488dd5f9ffc2d2c7402f182b596e34a154bc5f9833d2c
895,ord_dataset-2be11f57f3304e678ea8469baf6dd1bc:ord-c1625229b0ed4de1b75b831908beea91,ord_dataset-2be11f57f3304e678ea8469baf6dd1bc,723,df3b740c2816a74d5145e7b119e3de91d2f8a49ef33ad75c5cd2cbe8396f072f
896,ord_dataset-2be11f57f3304e678ea8469baf6dd1bc:ord-c1a080aefc9248a285c24e0927112cbc,ord_dataset-2be11f57f3304e678ea8469baf6dd1bc,452,ebc4adec20b998f9871f900694d71f4cb00655cc99dca0ede9077e7234cf0c2d
897,ord_dataset-2be11f57f3304e678ea8469baf6dd1bc:ord-c1f249acf8ce4b1bbc11dcd0fd6a4840,ord_dataset-2be11f57f3304e678ea8469baf6dd1bc,721,078f098014ea632193318a9cdaaf0d5237ca2874d9debe75505555be75356928
898,ord_dataset-2be11f57f3304e678ea8469baf6dd1bc:ord-c24a487d35a84242bb72cee0a37877e3,ord_dataset-2be11f57f3304e678ea8469baf6dd1bc,1026,c9b7b1a627323e64cbe171a8d7214a35281ffacded6168d292b01c37f024798e
899,ord_dataset-2be11f57f3304e678ea8469baf6dd1bc:ord-c282e14fb8154b02b8c0bbf550557ce1,ord_dataset-2be11f57f3304e678ea8469baf6dd1bc,264,85526b1523fc39033bf965bd632a8cab6439500b619574cf6efff5a4a31890b3
900,ord_dataset-2be11f57f3304e678ea8469baf6dd1bc:ord-c290a808bafd4eeea7afc97a255d5f96,ord_dataset-2be11f57f3304e678ea8469baf6dd1bc,936,7c8291df1cb88a56b5d51db124970f0cd0d51cb1a1367401ead21441892133bb
901,ord_dataset-2be11f57f3304e678ea8469baf6dd1bc:ord-c2b273c7ff024fb4bd8cba891de53123,ord_dataset-2be11f57f3304e678ea8469baf6dd1bc,1079,b3d5920631741ee858c3ee0dfe3bed6d5c8384ecb2dedccef30f05139d03987b
902,ord_dataset-2be11f57f3304e678ea8469baf6dd1bc:ord-c2e38804ec80416185c23881600cad82,ord_dataset-2be11f57f3304e678ea8469baf6dd1bc,865,1a0e2c5f46a28161aeced19e7881bdd5b154ebe0a5c92869ad0100d609adb791
903,ord_dataset-2be11f57f3304e678ea8469baf6dd1bc:ord-c32645341e1947ffb821dfe39f617666,ord_dataset-2be11f57f3304e678ea8469baf6dd1bc,14,94dc7f3e94d4ad839aef1d5cfec2ba35e5ad95c99a18ba728c6982916d3d5aa4
904,ord_dataset-2be11f57f3304e678ea8469baf6dd1bc:ord-c386b153e4dd488ebf29dcd70700d908,ord_dataset-2be11f57f3304e678ea8469baf6dd1bc,342,b0c8c6b8aa5ec364364fc4b4e682f97354525c58644fd9b16fe04a7c7b23a39e
905,ord_dataset-2be11f57f3304e678ea8469baf6dd1bc:ord-c410183cc1584abdac7b647c1941c864,ord_dataset-2be11f57f3304e678ea8469baf6dd1bc,340,15308defc9fb39c41cac17166eb29f92478341a133257fb4e74e8bfac1a283ef
906,ord_dataset-2be11f57f3304e678ea8469baf6dd1bc:ord-c4177f72d6764429817ce6c683e20858,ord_dataset-2be11f57f3304e678ea8469baf6dd1bc,450,18ee010821f94c5aaffc7a3c1b7484f2150d41f53bde61448fb35e360948dc14
907,ord_dataset-2be11f57f3304e678ea8469baf6dd1bc:ord-c4802d36ab4746f0990e1a2d12ed98f6,ord_dataset-2be11f57f3304e678ea8469baf6dd1bc,53,6211492cc0e39df1080cc5ccc65e6d8935a824abfde2cec8bcac991497fe656d
908,ord_dataset-2be11f57f3304e678ea8469baf6dd1bc:ord-c482788eef5246e1841d831e9cef3de9,ord_dataset-2be11f57f3304e678ea8469baf6dd1bc,423,471d3fe2fc158c94dea36ab025bb156860f7c2827b77bd046b45ee665614c5b4
909,ord_dataset-2be11f57f3304e678ea8469baf6dd1bc:ord-c56beb682c2543c7a5c6f1ce39e31b85,ord_dataset-2be11f57f3304e678ea8469baf6dd1bc,515,43adaa770890a4fd2111b764edd67e3f973847abc67e5ba65ea6e31e43134234
910,ord_dataset-2be11f57f3304e678ea8469baf6dd1bc:ord-c570d1cdaf3546148602062efa78b05d,ord_dataset-2be11f57f3304e678ea8469baf6dd1bc,431,76f0f91f90c3799a7f5013bf083be5ca41d9767e0bb6ae0dcb667ccfb7c85fce
911,ord_dataset-2be11f57f3304e678ea8469baf6dd1bc:ord-c5a1381dd94e4e9cad67f805b7bf9a00,ord_dataset-2be11f57f3304e678ea8469baf6dd1bc,710,aa82fbc6c0d9b04dbc4a9ec026a5ecaad00467cd2370003b5ba666f996d1ded7
912,ord_dataset-2be11f57f3304e678ea8469baf6dd1bc:ord-c5b697b663bd454b902a39b20fbc847b,ord_dataset-2be11f57f3304e678ea8469baf6dd1bc,929,d9d33254e02df83ca28113f9fc2f15f17a12037ac3c39314135e38756409d5b9
913,ord_dataset-2be11f57f3304e678ea8469baf6dd1bc:ord-c643c16a4d9e47e682cb791ea7b8d676,ord_dataset-2be11f57f3304e678ea8469baf6dd1bc,656,633e3685eb25d7292f128eb76d0a1a11da8510da462f32ffbc4a8f6b13cc6db1
914,ord_dataset-2be11f57f3304e678ea8469baf6dd1bc:ord-c66d964dc7d24bf4ae08491f68f23cb3,ord_dataset-2be11f57f3304e678ea8469baf6dd1bc,1045,9572ce7318cfcf52441954b125d084ad0c09c462d697c72ff53172d3f3a2566b
915,ord_dataset-2be11f57f3304e678ea8469baf6dd1bc:ord-c6b4a577a6664790a094d229c162e1a1,ord_dataset-2be11f57f3304e678ea8469baf6dd1bc,1106,7fd4bef5c85c60f426cb0495f679c9d13152167dc217e4c002a8a6836e8d721d
916,ord_dataset-2be11f57f3304e678ea8469baf6dd1bc:ord-c6c36e49c3764ac2934e1903b610441f,ord_dataset-2be11f57f3304e678ea8469baf6dd1bc,824,4095a4b4343a3252395ddcbbeb3e9df797028e4779ab54e0fb8fd381fb93c499
917,ord_dataset-2be11f57f3304e678ea8469baf6dd1bc:ord-c744c6ec812c44efbf70b3a89aedf02d,ord_dataset-2be11f57f3304e678ea8469baf6dd1bc,1065,0b515e82743f8181d375a877e86065aeda264fc5aa283623d97a622ee96e2606
918,ord_dataset-2be11f57f3304e678ea8469baf6dd1bc:ord-c75b234eaae643d6954bb3d28d984d04,ord_dataset-2be11f57f3304e678ea8469baf6dd1bc,44,4415681b7c80543401382497823b88f0a3671c4bd1c7e4730bf7ad4ce49a3add
919,ord_dataset-2be11f57f3304e678ea8469baf6dd1bc:ord-c774df07e87f46b3ae42d7dc25c20113,ord_dataset-2be11f57f3304e678ea8469baf6dd1bc,1008,fcd60f7e81ea902d5ca2d38acec08123da79d88a849157baf62f7f1eb9c2611c
920,ord_dataset-2be11f57f3304e678ea8469baf6dd1bc:ord-c7a89246e32747ef80b0dcd72990e8ac,ord_dataset-2be11f57f3304e678ea8469baf6dd1bc,128,cd1af7b804b5841c2faac1c27d24dbb8c01c351c4ed04b07d349f461217c9307
921,ord_dataset-2be11f57f3304e678ea8469baf6dd1bc:ord-c7b26505ba884342b6de1e2e857f7ec6,ord_dataset-2be11f57f3304e678ea8469baf6dd1bc,422,29be2645c3cffe076f79658553d7fd7cfb3980e7900e3c013ae32bb660ac4bd8
922,ord_dataset-2be11f57f3304e678ea8469baf6dd1bc:ord-c7c8fd60f2034c34aa90ce6ce87b217a,ord_dataset-2be11f57f3304e678ea8469baf6dd1bc,366,6fabe278f75f3c2e486b49583f23bec49d4b21eba94f0141464a7dfc2f56f6b5
923,ord_dataset-2be11f57f3304e678ea8469baf6dd1bc:ord-c7fd149bf8354d11a2a1ad8eb491253f,ord_dataset-2be11f57f3304e678ea8469baf6dd1bc,324,90897515d9cf5bb96e27efec93cac8796cb4fc6581b96930e397d27249c56000
924,ord_dataset-2be11f57f3304e678ea8469baf6dd1bc:ord-c856dd1daaf4464cbf6feaa45aa090e4,ord_dataset-2be11f57f3304e678ea8469baf6dd1bc,517,1c15f507e6bd1da04e64dd98f22fd336f695ed40990ec929203f3087715b5d04
925,ord_dataset-2be11f57f3304e678ea8469baf6dd1bc:ord-c8800f91d3824e799b583dfa602f1498,ord_dataset-2be11f57f3304e678ea8469baf6dd1bc,74,35cef1d703d8d25f4468fb449867773edaefd6d01cafc8f5c18484e08149a373
926,ord_dataset-2be11f57f3304e678ea8469baf6dd1bc:ord-c8f2f9c1ae144fd8b1f9f256154cffc2,ord_dataset-2be11f57f3304e678ea8469baf6dd1bc,43,6188e20d69ce67a583611dcdb216e167e7b7c3c3a70b82029c43a8e644418d4f
927,ord_dataset-2be11f57f3304e678ea8469baf6dd1bc:ord-c90941685c2d467da91509151b25ed0e,ord_dataset-2be11f57f3304e678ea8469baf6dd1bc,1108,7f564721b0f9921a34b571eccf26462badc5469da6f639c3fd8bac9ca8453248
928,ord_dataset-2be11f57f3304e678ea8469baf6dd1bc:ord-c9329f9839f042b4a31ed46667f59726,ord_dataset-2be11f57f3304e678ea8469baf6dd1bc,1035,30b9f8c219a0c40f1b028818e31ca88d062a39f939dfc0a5811ea901ef855655
929,ord_dataset-2be11f57f3304e678ea8469baf6dd1bc:ord-c9487edd94bb4b7b8bb8692bd3c8fae2,ord_dataset-2be11f57f3304e678ea8469baf6dd1bc,533,eea3d8b4a596d3f185ec966221e7f3a4fedc0bc451db15de1a509089f3c718ed
930,ord_dataset-2be11f57f3304e678ea8469baf6dd1bc:ord-c9614cbc7189464bb9e55ebdebf0fad2,ord_dataset-2be11f57f3304e678ea8469baf6dd1bc,496,3c03e5fed679ba019a8780c36c53bcfb634b7182de26ac6d9a7180d73ee08711
931,ord_dataset-2be11f57f3304e678ea8469baf6dd1bc:ord-c968c612bade45528ed3f7566950394a,ord_dataset-2be11f57f3304e678ea8469baf6dd1bc,930,6a4af3a1bca5f3431dbb9a39934ad26cffd0e599964a9753abd16ee183e80eb1
932,ord_dataset-2be11f57f3304e678ea8469baf6dd1bc:ord-c9a94b4a598e487fa869017592124780,ord_dataset-2be11f57f3304e678ea8469baf6dd1bc,378,ca7033c98acde3a0e269ae9f02a1b99f55d51563f8a656705d77de94fe9d8d48
933,ord_dataset-2be11f57f3304e678ea8469baf6dd1bc:ord-c9daa64a40e54c789f2391c236323a23,ord_dataset-2be11f57f3304e678ea8469baf6dd1bc,304,8f0f8d2ce3d253d0dd2ce4a71be10906303acfdd9bf0827ed61df42a81a86ea4
934,ord_dataset-2be11f57f3304e678ea8469baf6dd1bc:ord-c9effa48259a41679d5c7001f2198f49,ord_dataset-2be11f57f3304e678ea8469baf6dd1bc,871,32537efeb5966633c249576e56c8c66f4e65529eeff651f4deb261f0f7b92f03
935,ord_dataset-2be11f57f3304e678ea8469baf6dd1bc:ord-c9f31d91ba084b4c9d2b517fa5f7fa69,ord_dataset-2be11f57f3304e678ea8469baf6dd1bc,505,8ae3d5630204a588ad1ecfaef82c6f37e700e901e8e39958aa18c722312dd48d
936,ord_dataset-2be11f57f3304e678ea8469baf6dd1bc:ord-ca354b274f7b4e9f919ece02d5f381f4,ord_dataset-2be11f57f3304e678ea8469baf6dd1bc,3,fa078e21c46ca5f1bd5c069beeaaed1aad6030ee6722bc52edc9f545a2c8fc73
937,ord_dataset-2be11f57f3304e678ea8469baf6dd1bc:ord-ca578c0e95ba4d11a1bb62ce526b6edf,ord_dataset-2be11f57f3304e678ea8469baf6dd1bc,52,c81fd6540a943e1b6445fe5de915addd1664d05dd09bcf1e8c944f39aca78020
938,ord_dataset-2be11f57f3304e678ea8469baf6dd1bc:ord-ca590254f0a246e69a2ffe966e50366f,ord_dataset-2be11f57f3304e678ea8469baf6dd1bc,908,51cb1b9ff75f49f33ad3c9061093d290c45b8d5fe95820a5caa0f975d3b8a3ea
939,ord_dataset-2be11f57f3304e678ea8469baf6dd1bc:ord-caa59a3ba77a4f72b587114f9d6b466b,ord_dataset-2be11f57f3304e678ea8469baf6dd1bc,263,5dea89c9b4156a66ed070b717e3ce5b3eb0c4ab88ff1e5038b816cb4cfc1f2e2
940,ord_dataset-2be11f57f3304e678ea8469baf6dd1bc:ord-caca8de8f0744e5caea98ae4f1396ab6,ord_dataset-2be11f57f3304e678ea8469baf6dd1bc,6,596804d3def216a957d2dc3855deeca80ba9726cd51bc1410f67225e997ed3f8
941,ord_dataset-2be11f57f3304e678ea8469baf6dd1bc:ord-cafc901c9a2e4adc8233b673dd350d11,ord_dataset-2be11f57f3304e678ea8469baf6dd1bc,554,ff5e9b50a54ddc86a5a2793e0dd22e26b0f6a72c39e8ac742ed6bc665d97b1de
942,ord_dataset-2be11f57f3304e678ea8469baf6dd1bc:ord-cb195bf914be4649b6b03aae58769caf,ord_dataset-2be11f57f3304e678ea8469baf6dd1bc,162,6884e0401b25265d9a155fd6330bfa47737257785130c53af0e6c73a7bf8ef44
943,ord_dataset-2be11f57f3304e678ea8469baf6dd1bc:ord-cb5dc5989c39467dad48d9f4cfb6b776,ord_dataset-2be11f57f3304e678ea8469baf6dd1bc,312,a4e262f3c5bd4d0581bffa201eb3dd2488768c29bac52cd5c0cf3232442df91e
944,ord_dataset-2be11f57f3304e678ea8469baf6dd1bc:ord-cb950103db974eb0b55bed0710ce8bf0,ord_dataset-2be11f57f3304e678ea8469baf6dd1bc,617,b294712aabed36d14cb0b100c85e9be00a97311a43d04260631f005f2cfcfedc
945,ord_dataset-2be11f57f3304e678ea8469baf6dd1bc:ord-cbc0eb74cab84db2b91f2b7e602f0ad0,ord_dataset-2be11f57f3304e678ea8469baf6dd1bc,377,e3b7750026b7cdbce767ae5b406e42fac46f0ec58a87a73e4ef54aa49216cc8a
946,ord_dataset-2be11f57f3304e678ea8469baf6dd1bc:ord-cbffa74a1757471d9efc50d43ad209e4,ord_dataset-2be11f57f3304e678ea8469baf6dd1bc,1131,ed1d06365ee11fa020d0a725c46cf8249747049bae114f2c6e260f1b4afbb224
947,ord_dataset-2be11f57f3304e678ea8469baf6dd1bc:ord-cc01beef78de4773ba8874869b05d7ea,ord_dataset-2be11f57f3304e678ea8469baf6dd1bc,520,bef325a3213e7ad62e12854b44844f37a62f62caa69b19f26779876ba5ae3388
948,ord_dataset-2be11f57f3304e678ea8469baf6dd1bc:ord-cc1af16af8e94dd893b95cb3fecbe2a4,ord_dataset-2be11f57f3304e678ea8469baf6dd1bc,349,a70d8c644b9f2f325174bb3c50357f560c4103575af187296c1e304f4a47512b
949,ord_dataset-2be11f57f3304e678ea8469baf6dd1bc:ord-cc7ad2de9fa04e64808bbd2892051927,ord_dataset-2be11f57f3304e678ea8469baf6dd1bc,869,2787831a3d2efc5996a291f2a0f783f4e79d2682e4e4282ebbb035c280429db4
950,ord_dataset-2be11f57f3304e678ea8469baf6dd1bc:ord-cd28aa341c5b46319297aa53e7dd33d6,ord_dataset-2be11f57f3304e678ea8469baf6dd1bc,284,a5ca86a8939865b078292ad23b137810a5eaea33fd263f198cf8fd03fcd1ae7c
951,ord_dataset-2be11f57f3304e678ea8469baf6dd1bc:ord-cd49f362a0944d8f8c7071449fd51edf,ord_dataset-2be11f57f3304e678ea8469baf6dd1bc,946,2da22c04be62f5a944fadfe3c3b187c060ba9254402270866b27cb1dfc1e5735
952,ord_dataset-2be11f57f3304e678ea8469baf6dd1bc:ord-cdfe152bb6fa48b3b3633684c3fb78a5,ord_dataset-2be11f57f3304e678ea8469baf6dd1bc,405,8b824875574f365d21aa8712740ac9e51386e0f14b68f11fe12b344890c0c954
953,ord_dataset-2be11f57f3304e678ea8469baf6dd1bc:ord-ce12876a71e14861af61293f228ce50e,ord_dataset-2be11f57f3304e678ea8469baf6dd1bc,511,f594d9499121704a50545e85152e49d5fbc3c5628c97437cccb02e3e88fb7461
954,ord_dataset-2be11f57f3304e678ea8469baf6dd1bc:ord-ce2c06db4d4d46698e9865bb6f52dfe2,ord_dataset-2be11f57f3304e678ea8469baf6dd1bc,528,dcde7429f2a57bcfb1ad3e2c8e20f65265f56fd25fba4042f5f82f6bd8552319
955,ord_dataset-2be11f57f3304e678ea8469baf6dd1bc:ord-ce2e8c1663b6444bab665e9062ba9357,ord_dataset-2be11f57f3304e678ea8469baf6dd1bc,800,fa722948673f275ad626294228a2f3719a974fcee8abe8ad0079769665d4c53c
956,ord_dataset-2be11f57f3304e678ea8469baf6dd1bc:ord-ce8e4a0b014742dd91f4c32f4bb6189a,ord_dataset-2be11f57f3304e678ea8469baf6dd1bc,623,ce8f50fa749f7339888f937b2b146c7fb0e8d127c2623d19de31c625f0c497b8
957,ord_dataset-2be11f57f3304e678ea8469baf6dd1bc:ord-ceb3b2861dca4ff09928197fe41635ef,ord_dataset-2be11f57f3304e678ea8469baf6dd1bc,516,046be642b4b4f1b3e1dc314046d93c66aeacf1287b3fb5d5b08d49925f9491a7
958,ord_dataset-2be11f57f3304e678ea8469baf6dd1bc:ord-cee470cb810a4a108e7b36c64b931c0a,ord_dataset-2be11f57f3304e678ea8469baf6dd1bc,151,191136fa0e71775c86e243bd26e8f3cd204d43157f9d781fc5678a9263d57aaa
959,ord_dataset-2be11f57f3304e678ea8469baf6dd1bc:ord-cf12315af606495ca9d5d6e7c85a7e8b,ord_dataset-2be11f57f3304e678ea8469baf6dd1bc,509,7283f57da547c658a1c20dc417b25c98f5a135798f1851845c2096db7c254946
960,ord_dataset-2be11f57f3304e678ea8469baf6dd1bc:ord-cf3142f2a23b43f09054ecb3429f4cef,ord_dataset-2be11f57f3304e678ea8469baf6dd1bc,628,58844df183703d761d0ac949a91f9c8e19a4c622bbe66dcbd1e03500b74eb5f1
961,ord_dataset-2be11f57f3304e678ea8469baf6dd1bc:ord-cf84b05f8f0749bab084e9107cce6a93,ord_dataset-2be11f57f3304e678ea8469baf6dd1bc,1031,06bca69147850808146d948f4a88c7fb062da7fb89fbfce3e394c4e2a56b7dd0
962,ord_dataset-2be11f57f3304e678ea8469baf6dd1bc:ord-cfe9902599ba46d2affaed6bf97ffcbc,ord_dataset-2be11f57f3304e678ea8469baf6dd1bc,818,0a7b8397145205ead7b589c10374683917e3fd66faac5226c0eefe12cb1e73be
963,ord_dataset-2be11f57f3304e678ea8469baf6dd1bc:ord-d00617ec19cd4a22b6a44ad3aa84288c,ord_dataset-2be11f57f3304e678ea8469baf6dd1bc,228,dd644c460327ffd0e77a1a7d1d1d0e6372b227a92cb8ffc7eb59689eaaf346cf
964,ord_dataset-2be11f57f3304e678ea8469baf6dd1bc:ord-d076c0784ac1473d9dba3399beee5d4f,ord_dataset-2be11f57f3304e678ea8469baf6dd1bc,75,2468d52e54c3f1d6d4ce7d380c448edc56a59c3f9d55fe07619f8b2c7fd1eee5
965,ord_dataset-2be11f57f3304e678ea8469baf6dd1bc:ord-d0936bb820f149c495f1e6e94058b5ef,ord_dataset-2be11f57f3304e678ea8469baf6dd1bc,398,56428d283a8e4aa85948d576e062b10b769656c758d2486a5b1ce7034d2cc85f
966,ord_dataset-2be11f57f3304e678ea8469baf6dd1bc:ord-d0d3d6814b8646c6bba39c8d23d9a634,ord_dataset-2be11f57f3304e678ea8469baf6dd1bc,260,2edfd7a6b32a8602bf63687df1bfeaeb307ef39428ebf8c7838313d9a6f0bd89
967,ord_dataset-2be11f57f3304e678ea8469baf6dd1bc:ord-d16d7836d9dd496bafff1ff9f2f57e75,ord_dataset-2be11f57f3304e678ea8469baf6dd1bc,1085,b2d451ed3d172508e1b92b9d66e878a40cafe6d204fc28fd411df08f879e1d99
968,ord_dataset-2be11f57f3304e678ea8469baf6dd1bc:ord-d19842d6ee2b40748307cb2bed9b47bc,ord_dataset-2be11f57f3304e678ea8469baf6dd1bc,618,70bc1bd8ade33a79aad1f519719e15c01dfa920a8feafaee4ce2514d01169e72
969,ord_dataset-2be11f57f3304e678ea8469baf6dd1bc:ord-d1ef008866f141dea5c8debf1e534dcb,ord_dataset-2be11f57f3304e678ea8469baf6dd1bc,411,4822b038f5635ffbbd4fa950d459439f18132ae0477c0bc31114b6c31f60ed54
970,ord_dataset-2be11f57f3304e678ea8469baf6dd1bc:ord-d2b912da9f704be6817eb6397ec2d902,ord_dataset-2be11f57f3304e678ea8469baf6dd1bc,785,d6e9044c46e36cce05104e3220b872ed839fffe43cefef4a748f3f00f957ea3d
971,ord_dataset-2be11f57f3304e678ea8469baf6dd1bc:ord-d2ee711616c844e8add911fc3efc7db9,ord_dataset-2be11f57f3304e678ea8469baf6dd1bc,353,ed604de9b3929fef7c6b4d6ecafc0bd1198869850bfae780f1fa54458050c0aa
972,ord_dataset-2be11f57f3304e678ea8469baf6dd1bc:ord-d3d1960b763d4ee9915dd2341eeb1674,ord_dataset-2be11f57f3304e678ea8469baf6dd1bc,1111,9a436fe4cd531bb2ef6ef9b39ba449ebe558fd7c5ae349d315b9037611da86e2
973,ord_dataset-2be11f57f3304e678ea8469baf6dd1bc:ord-d40aa0f1dff841d492443be4e734fd72,ord_dataset-2be11f57f3304e678ea8469baf6dd1bc,130,301cd8eb50087cea35d729597436027d443dac569351ef56b72be360b2ac48c6
974,ord_dataset-2be11f57f3304e678ea8469baf6dd1bc:ord-d47ddbc4ab584976b6dcf0ae54fd284f,ord_dataset-2be11f57f3304e678ea8469baf6dd1bc,593,f416854af6c871fcedf81d05d3882fbd5137a7ce522e235dd5ef43e704755e01
975,ord_dataset-2be11f57f3304e678ea8469baf6dd1bc:ord-d4b74e7287d64d5bb569b58fdab162d9,ord_dataset-2be11f57f3304e678ea8469baf6dd1bc,749,d5d127dc4eb133adf4b350ad1a1eadc4fe0566874f0b1e71763760151885ae2e
976,ord_dataset-2be11f57f3304e678ea8469baf6dd1bc:ord-d4fc619579344ab2a89fead8249e0a59,ord_dataset-2be11f57f3304e678ea8469baf6dd1bc,347,1a82a3b3c9646348f132f5eb0a3a421b1a62d162f7af4a14b2160eb9eedfd80e
977,ord_dataset-2be11f57f3304e678ea8469baf6dd1bc:ord-d50e0ceefee94846a92a906a684de510,ord_dataset-2be11f57f3304e678ea8469baf6dd1bc,232,0a257836035c0fbdccdc20fb704495c152ba33df03f7e3c0f8600814e26a7244
978,ord_dataset-2be11f57f3304e678ea8469baf6dd1bc:ord-d53db07351f84d5e97b721a11bbe24a1,ord_dataset-2be11f57f3304e678ea8469baf6dd1bc,258,a11d64e9d7ed22f1015c1caa99577761fc7bcdabf94e20b69974c9adf6dfee09
979,ord_dataset-2be11f57f3304e678ea8469baf6dd1bc:ord-d5997d1cee8f4cfd89b2570be6e35ac6,ord_dataset-2be11f57f3304e678ea8469baf6dd1bc,1088,767f07d689e662de3608bc62860ae7f7c896de809ebd59328845b746118db796
980,ord_dataset-2be11f57f3304e678ea8469baf6dd1bc:ord-d5bb7abc0e564b588c735abd2efb7613,ord_dataset-2be11f57f3304e678ea8469baf6dd1bc,684,f2b9afb6d75e5721034ad9a28fce3fec00c7b35f8500c2f28c07038b3abcf546
981,ord_dataset-2be11f57f3304e678ea8469baf6dd1bc:ord-d71aa347d00045799c448f59ec9f5d27,ord_dataset-2be11f57f3304e678ea8469baf6dd1bc,938,12924fe74800f571e6be528854703b75310db945406051f57f46f671e319740d
982,ord_dataset-2be11f57f3304e678ea8469baf6dd1bc:ord-d8039d45666b42e29039c76c16029108,ord_dataset-2be11f57f3304e678ea8469baf6dd1bc,599,b34ff4cba8e19f9fc792fdf744faa68bb2c3baddd4173a41bcd6b1705d452d06
983,ord_dataset-2be11f57f3304e678ea8469baf6dd1bc:ord-d80b69f9ccf14f0e914bd3f476bc17f7,ord_dataset-2be11f57f3304e678ea8469baf6dd1bc,442,fcd1bbf46b5a4adf6cb3aa47380a79333596ef9355fc918c2940a99c601345eb
984,ord_dataset-2be11f57f3304e678ea8469baf6dd1bc:ord-d8c8dd05bf6f4daf888bedfa9f08825a,ord_dataset-2be11f57f3304e678ea8469baf6dd1bc,698,19db089635fb1f3053f8aa0053b88e4952b14dc1003b4ae94b081c922e5d59fd
985,ord_dataset-2be11f57f3304e678ea8469baf6dd1bc:ord-d8debf03347a4a7dac1ea3b5f1845ccf,ord_dataset-2be11f57f3304e678ea8469baf6dd1bc,1146,add56bc517fb774e04be85af3660f5885d6b93aec2af5cbdb42d114aa7da0131
986,ord_dataset-2be11f57f3304e678ea8469baf6dd1bc:ord-d92502c24706492186b98f4d4a7c3903,ord_dataset-2be11f57f3304e678ea8469baf6dd1bc,887,946c7fc95e7d41f7d782bbf9bd6e44d6a08c2b3448c2dcddd90a4249e0590fec
987,ord_dataset-2be11f57f3304e678ea8469baf6dd1bc:ord-d9afb267e9e24a78aed836d0b1efbbe6,ord_dataset-2be11f57f3304e678ea8469baf6dd1bc,16,6ba85f8e0c4d3ea9db0684070e157f8becb235503b95d957759576fd57c1d8a7
988,ord_dataset-2be11f57f3304e678ea8469baf6dd1bc:ord-d9b05b1bf8b64b42838fca97d5fccf21,ord_dataset-2be11f57f3304e678ea8469baf6dd1bc,1138,4c719936ce6e3fb3b9b12586c5ada3d4143625089ed04cb76f83fcbbb63512c8
989,ord_dataset-2be11f57f3304e678ea8469baf6dd1bc:ord-d9d559f0fbb94c279319b31461e37d06,ord_dataset-2be11f57f3304e678ea8469baf6dd1bc,777,347c1cf15f2b548b1331907c78e390a9a07cb029e338171332fed9f8a03090cb
990,ord_dataset-2be11f57f3304e678ea8469baf6dd1bc:ord-daaced202fd2443b829388362b699e76,ord_dataset-2be11f57f3304e678ea8469baf6dd1bc,821,7f3e63b17ddc93d3f90ffc067ec53e977c6db8cdf03f0202fb8937ad25a9c53a
991,ord_dataset-2be11f57f3304e678ea8469baf6dd1bc:ord-db3ffa24f4304dbab9dc5c0531843721,ord_dataset-2be11f57f3304e678ea8469baf6dd1bc,343,b4d158e817b2211dfb5449da169dba52627826fc1a1469d53285c804db4fcf5a
992,ord_dataset-2be11f57f3304e678ea8469baf6dd1bc:ord-db8e34b97c414e0ca947f1d10768602d,ord_dataset-2be11f57f3304e678ea8469baf6dd1bc,469,ba810573ebe77e64ff0e3d66028bb73a68f018999304cf4353e65aa9286e7e12
993,ord_dataset-2be11f57f3304e678ea8469baf6dd1bc:ord-dbb03d31fa3548ff8b3cb06ade156e56,ord_dataset-2be11f57f3304e678ea8469baf6dd1bc,20,4ac2d844b87d90f16a3ebe9176f3f5d9f311a59ba70c963e45f10bf15c2c9797
994,ord_dataset-2be11f57f3304e678ea8469baf6dd1bc:ord-dbb40947b2db4c7b986c0dd4899fae2a,ord_dataset-2be11f57f3304e678ea8469baf6dd1bc,1069,5861fed7b03771524be5ef60a1bcd47de24be2a678e1ec2377edea1893debfae
995,ord_dataset-2be11f57f3304e678ea8469baf6dd1bc:ord-dbc8784d406241a59eb689c3d7b915b7,ord_dataset-2be11f57f3304e678ea8469baf6dd1bc,665,64d71a4e3089e870cb3d7a9b34f79719cb6826adafb9175dfb5dee54a5d4fc13
996,ord_dataset-2be11f57f3304e678ea8469baf6dd1bc:ord-dc7b6c9786d2473c93b91fcefe9689c0,ord_dataset-2be11f57f3304e678ea8469baf6dd1bc,294,09b69ee3ce7206deea29fa291e7f879fd46e96eaa7cad705e980a68d18b48a89
997,ord_dataset-2be11f57f3304e678ea8469baf6dd1bc:ord-dccd1640bbf44594b41d155eb232e252,ord_dataset-2be11f57f3304e678ea8469baf6dd1bc,1022,9fbe7c8a846d19b3210d8c35089eec176305647450103f386d591b5101433b83
998,ord_dataset-2be11f57f3304e678ea8469baf6dd1bc:ord-dd9624c38f7c4b4c9f43a5a15da07748,ord_dataset-2be11f57f3304e678ea8469baf6dd1bc,910,dc6aadc74771cdd6cd32983d1a5dcad5ff8830af8323fd8be7bc11380a412a62
999,ord_dataset-2be11f57f3304e678ea8469baf6dd1bc:ord-de16501c5d34434f85f680ee3092fb43,ord_dataset-2be11f57f3304e678ea8469baf6dd1bc,619,bb746b06eae2bde7bb6a57e573e02d1eea211c923132175c23429f589245b8d4
1000,ord_dataset-2be11f57f3304e678ea8469baf6dd1bc:ord-dea420e06fa1419c9b1ec8c38fddd206,ord_dataset-2be11f57f3304e678ea8469baf6dd1bc,41,c551a4b820f3c970d5b3bd9ad5df1d837c13664a219b3f17d1f4cdcb208853ed
1001,ord_dataset-2be11f57f3304e678ea8469baf6dd1bc:ord-df19160f89f74ab9adbf8f70cbe3b0fb,ord_dataset-2be11f57f3304e678ea8469baf6dd1bc,562,91913dfb0e73b90d0ae0b03d418bd8f489c153fdc51698857d5c2486a3ca40b6
1002,ord_dataset-2be11f57f3304e678ea8469baf6dd1bc:ord-df3ef16ab1ba4e309c4a558239257f1d,ord_dataset-2be11f57f3304e678ea8469baf6dd1bc,216,1205ad11016fd55721b460f93e01ccf0aada1152fad5606f13c333a75fc2eea0
1003,ord_dataset-2be11f57f3304e678ea8469baf6dd1bc:ord-df442a559e154adb997500d4dddd405a,ord_dataset-2be11f57f3304e678ea8469baf6dd1bc,132,a47733131ca2c533f38b893592ad92893ecbcc62aab227d8ee39831464396cd3
1004,ord_dataset-2be11f57f3304e678ea8469baf6dd1bc:ord-df47e57057ef4ffb99104dca5f8591c9,ord_dataset-2be11f57f3304e678ea8469baf6dd1bc,798,ff605e299aec513c6780df29fed2604148533b24094f1efdebd8f8057776eb4e
1005,ord_dataset-2be11f57f3304e678ea8469baf6dd1bc:ord-dfdcc565bb7c4518b8e06ef9895e8d6f,ord_dataset-2be11f57f3304e678ea8469baf6dd1bc,763,dd2acd476fb7fa44da9f3c8bf35585e2b61e7c806e96e369a9ba63289ba9a7dd
1006,ord_dataset-2be11f57f3304e678ea8469baf6dd1bc:ord-dfe0fa79cc304082b16269360ddcab31,ord_dataset-2be11f57f3304e678ea8469baf6dd1bc,88,5b4931b27ef9bad52a5cf3c0375e3662a656fb9d87eb2726de3ec6857e3b8c78
1007,ord_dataset-2be11f57f3304e678ea8469baf6dd1bc:ord-e008a266865e4248b1d4f1231070ecec,ord_dataset-2be11f57f3304e678ea8469baf6dd1bc,1044,20690d3dcf68460f1c1bbb06501e60253431c83aa8822a4922c7ad6f6eb8ca72
1008,ord_dataset-2be11f57f3304e678ea8469baf6dd1bc:ord-e016e0ea72dc4f11afaff0f2771cf86a,ord_dataset-2be11f57f3304e678ea8469baf6dd1bc,229,38531db8c02f7d8798c9303e502ee18a8cf21f99a1eccf8e049a963a6941aebb
1009,ord_dataset-2be11f57f3304e678ea8469baf6dd1bc:ord-e01937be54654c2dbd14cde4b879f1a4,ord_dataset-2be11f57f3304e678ea8469baf6dd1bc,854,ce1a99b23d20b614ebd91b01aad04d94db57ebf1c1f70f05b6de96c6e4168f26
1010,ord_dataset-2be11f57f3304e678ea8469baf6dd1bc:ord-e04d07ad5e74432ca9694c169c472f3c,ord_dataset-2be11f57f3304e678ea8469baf6dd1bc,911,5fbfb1342a6ed90da20d56857c260f0413405ad023aa5f0398ff7487ee9e4788
1011,ord_dataset-2be11f57f3304e678ea8469baf6dd1bc:ord-e079999de9c34433a77077dcc32ddda7,ord_dataset-2be11f57f3304e678ea8469baf6dd1bc,466,3de0c0636b64a80eaa6f23ccca9b0af2cf849ca472dc892e6893c1175f986503
1012,ord_dataset-2be11f57f3304e678ea8469baf6dd1bc:ord-e0865f8053d64bf5b2077d9e22e4d87e,ord_dataset-2be11f57f3304e678ea8469baf6dd1bc,1148,8700333d63e5254d308cfbc71c50c4ce11a39356052e8d19c69344e1f79f7a97
1013,ord_dataset-2be11f57f3304e678ea8469baf6dd1bc:ord-e0fe8fec82904dd0ae1a3e98dc1f55d0,ord_dataset-2be11f57f3304e678ea8469baf6dd1bc,876,f31ec8185260e373dffe5c0da3c373dd7fdce67f5c7693a979e3a837515dcc74
1014,ord_dataset-2be11f57f3304e678ea8469baf6dd1bc:ord-e108ab03879f4ae48d77088ca5c9a07d,ord_dataset-2be11f57f3304e678ea8469baf6dd1bc,1121,9e69073f1dc4a4f8ddc2e82ed9765583cc4b1e68d5715f611e08cd0a606555c4
1015,ord_dataset-2be11f57f3304e678ea8469baf6dd1bc:ord-e1fc23c35305460689c0f5fbb814a1a2,ord_dataset-2be11f57f3304e678ea8469baf6dd1bc,858,dfefbf7be16deb08ccf727136914991081143cc74507e97bd0f5323e6328fa08
1016,ord_dataset-2be11f57f3304e678ea8469baf6dd1bc:ord-e210587f16544fe4a20fece4e1b644b5,ord_dataset-2be11f57f3304e678ea8469baf6dd1bc,317,a813d05818189a84bedfe0c3b14ca84cb9549f46f576d14549f9f4dc1f44897b
1017,ord_dataset-2be11f57f3304e678ea8469baf6dd1bc:ord-e21a2ea0dc864c4ba7244b3f581017f4,ord_dataset-2be11f57f3304e678ea8469baf6dd1bc,950,83d2a960778e5385685af7e346c903c7dde17b1291c6adf01be26ed191a69263
1018,ord_dataset-2be11f57f3304e678ea8469baf6dd1bc:ord-e22b47f93e864174b3316dbf26435add,ord_dataset-2be11f57f3304e678ea8469baf6dd1bc,497,8fb246f97c212da4f7d7148c006a50c8f6dbce3657d9b3fda01875588d2c17be
1019,ord_dataset-2be11f57f3304e678ea8469baf6dd1bc:ord-e23ac5bb1eb444af981d49c643c849ec,ord_dataset-2be11f57f3304e678ea8469baf6dd1bc,90,ab4f40d89d3ae04d0f442c52fd5002a32fd57a25d21bb3e5cec91102a0778362
1020,ord_dataset-2be11f57f3304e678ea8469baf6dd1bc:ord-e26ec0a7b0584f40bc30c5e8c593c529,ord_dataset-2be11f57f3304e678ea8469baf6dd1bc,1011,9b90273ac82c7b9f4f9f458682bc9587928332be8a53daf4dbace77a16653ef6
1021,ord_dataset-2be11f57f3304e678ea8469baf6dd1bc:ord-e28c0ece775146b094328f09157a373c,ord_dataset-2be11f57f3304e678ea8469baf6dd1bc,947,315b4fd4c50d290a74f599cabf44e8ad9d672cf15ded9fa0101c016743e8e326
1022,ord_dataset-2be11f57f3304e678ea8469baf6dd1bc:ord-e295e899f8084f5cbdc5b2c3b1605b53,ord_dataset-2be11f57f3304e678ea8469baf6dd1bc,642,8568f709ddccfda8cf3ad1ac30ad236a6a70bb5af4e897a42b1a8c87aa380d43
1023,ord_dataset-2be11f57f3304e678ea8469baf6dd1bc:ord-e2969ec86fbe47529c92bf506d0c57d9,ord_dataset-2be11f57f3304e678ea8469baf6dd1bc,110,821953e826f47546381a3052b379bd624b8565fa8e6fc16361e73ddeec0f5d60
1024,ord_dataset-2be11f57f3304e678ea8469baf6dd1bc:ord-e2a2a5192cee4cd6b8b721297393318c,ord_dataset-2be11f57f3304e678ea8469baf6dd1bc,741,a3265c9e7e3e078113a6d8a3e5e98ab4ccd3aae8e5b914d167fb8d9133a3b81e
1025,ord_dataset-2be11f57f3304e678ea8469baf6dd1bc:ord-e2b41089e896448ba525915ec53953b1,ord_dataset-2be11f57f3304e678ea8469baf6dd1bc,861,79571aa2e6917ed10e8a757d19a5fbebe68462a3724da039ed1805efe384087d
1026,ord_dataset-2be11f57f3304e678ea8469baf6dd1bc:ord-e3363eaeed1342ceb88fdba41d9e0434,ord_dataset-2be11f57f3304e678ea8469baf6dd1bc,364,bc3036cecb472618b046763e8553f7c9a35bb32c179363629dce3bef246a3e0b
1027,ord_dataset-2be11f57f3304e678ea8469baf6dd1bc:ord-e364c4bd52cb43e48be369e4507ffa78,ord_dataset-2be11f57f3304e678ea8469baf6dd1bc,137,e641749b410e08252c315f52031bfa5000a7e85285891f8267eba69eb1009154
1028,ord_dataset-2be11f57f3304e678ea8469baf6dd1bc:ord-e36663224fb141f1bb79725789fe6aa8,ord_dataset-2be11f57f3304e678ea8469baf6dd1bc,358,55e592ab10c9d45aa2cae1d60aa6f7befdc1cae255b16dbe1cdd398d9a5ac0b1
1029,ord_dataset-2be11f57f3304e678ea8469baf6dd1bc:ord-e377b77177ad4523915ab8ed5868caa3,ord_dataset-2be11f57f3304e678ea8469baf6dd1bc,108,bdf642ae624023b31f768e61ef8cff8b1848f8325ea81d849e9b465d7c30c49c
1030,ord_dataset-2be11f57f3304e678ea8469baf6dd1bc:ord-e3ab40e7121a4bbda13307297aaf826a,ord_dataset-2be11f57f3304e678ea8469baf6dd1bc,598,55b2399087a4c8657f7b65ba13c23384c38a4a52e6c426b4ee5c83fe5cf2df96
1031,ord_dataset-2be11f57f3304e678ea8469baf6dd1bc:ord-e3ee22206cc54fc0834b97752c26bfa9,ord_dataset-2be11f57f3304e678ea8469baf6dd1bc,722,c3a69fb067acbb9bcbf25b6e1b16406ab9fc0488d740f12feefc91c57798cdc6
1032,ord_dataset-2be11f57f3304e678ea8469baf6dd1bc:ord-e44a4257d755489d91056d08feaabfd2,ord_dataset-2be11f57f3304e678ea8469baf6dd1bc,883,3de42548e8fb07cc17fb89c57a2bb2e461a7eef1fb38073d39f1438f4ec53121
1033,ord_dataset-2be11f57f3304e678ea8469baf6dd1bc:ord-e4576992e6bc4bc5b63f0803f92cf315,ord_dataset-2be11f57f3304e678ea8469baf6dd1bc,121,0a67c0605740f092604dc34b596f56aa5eb6650a40bad36543f2d865650ce6e9
1034,ord_dataset-2be11f57f3304e678ea8469baf6dd1bc:ord-e45eb6374ee943ffa62e745dfe628734,ord_dataset-2be11f57f3304e678ea8469baf6dd1bc,596,19a213767c855cc5c5506d28fec129b55bd6a59d0fdbfc9e8fdbbdc8c510c426
1035,ord_dataset-2be11f57f3304e678ea8469baf6dd1bc:ord-e4a374b3d42f4c27a9e9dd5e75d5de11,ord_dataset-2be11f57f3304e678ea8469baf6dd1bc,477,4a13cb591e3b9fbcac8924a9fa8ef190ba10acdbe584f6aead0d7ffc2f1be072
1036,ord_dataset-2be11f57f3304e678ea8469baf6dd1bc:ord-e549ca1031c04e488216cfdbe3f7ba62,ord_dataset-2be11f57f3304e678ea8469baf6dd1bc,842,0a6a54819ef4483e4d385019144efef74acdc289337f508e8297d58acca6a879
1037,ord_dataset-2be11f57f3304e678ea8469baf6dd1bc:ord-e560d20537164bfd9f22ebb57f85a377,ord_dataset-2be11f57f3304e678ea8469baf6dd1bc,563,76ba5ab6a8dcff4491c6057ddffdeea09bf72f658a004200a856f73bcd3f0a94
1038,ord_dataset-2be11f57f3304e678ea8469baf6dd1bc:ord-e57421929edc4bbbbf269244e03c02c5,ord_dataset-2be11f57f3304e678ea8469baf6dd1bc,1023,f2ae2aca4f28439676557065281890c219ba1367db51c69cd9dd2ad66909985a
1039,ord_dataset-2be11f57f3304e678ea8469baf6dd1bc:ord-e63192f91256443d9b0911f83bcce1f6,ord_dataset-2be11f57f3304e678ea8469baf6dd1bc,518,ce0c68ee615e9c75e4b0f054f95c899ea2866a362aec2ad8ef43b9164c3f50dc
1040,ord_dataset-2be11f57f3304e678ea8469baf6dd1bc:ord-e6c4daa830f44f7fbd4103f0049758c6,ord_dataset-2be11f57f3304e678ea8469baf6dd1bc,92,b81743c1c2b28567698628a4726a07ec48874fd01b056b659fb9fbc5651abc5f
1041,ord_dataset-2be11f57f3304e678ea8469baf6dd1bc:ord-e720975298ba429bb2cec71df0fb263e,ord_dataset-2be11f57f3304e678ea8469baf6dd1bc,789,9c9d61918cdc24ae260a8f33e11f60b23e407371b48313bd6e4cdc3a89886c5c
1042,ord_dataset-2be11f57f3304e678ea8469baf6dd1bc:ord-e7514d3846c54c80bb6eca74a45cc93d,ord_dataset-2be11f57f3304e678ea8469baf6dd1bc,879,0b6cf0d6f856994dc8afb9c785d4b6b693d4b6db2d91489a46aa2de261146efd
1043,ord_dataset-2be11f57f3304e678ea8469baf6dd1bc:ord-e7b3d3fce0c340c691325300ee72b395,ord_dataset-2be11f57f3304e678ea8469baf6dd1bc,1077,e64e0e6005b54334b463e633cfd4b5ee758e1ea90973e497e67bd0376fa57a6e
1044,ord_dataset-2be11f57f3304e678ea8469baf6dd1bc:ord-e7e3cb19a616479b8abd86ed06d6494e,ord_dataset-2be11f57f3304e678ea8469baf6dd1bc,233,db13b85f4221355e6198e4e97b17f00d62550848a4dcc5f2e5408c19b35a0e76
1045,ord_dataset-2be11f57f3304e678ea8469baf6dd1bc:ord-e804e149fb934f2c870d023eb79918d4,ord_dataset-2be11f57f3304e678ea8469baf6dd1bc,543,bbee12a22c9c8fcc5ea3589d258bd10128bdd8f3c21309b15404ef1db442bafe
1046,ord_dataset-2be11f57f3304e678ea8469baf6dd1bc:ord-e895070733ce4f9f87d8eb7649fe2c09,ord_dataset-2be11f57f3304e678ea8469baf6dd1bc,163,79c7316f8e3ea795e77b28334a4f797522e7ca69b868ca6bfabf20b45e6c540e
1047,ord_dataset-2be11f57f3304e678ea8469baf6dd1bc:ord-e899777e193e49e787d3a4920e10926f,ord_dataset-2be11f57f3304e678ea8469baf6dd1bc,1118,bf82ce9313e6e86a13b084242591a88b1a92f03022b5776157bc3935b4bc91fc
1048,ord_dataset-2be11f57f3304e678ea8469baf6dd1bc:ord-e8b9f32074ce48fe9d9815b6b3e1cd22,ord_dataset-2be11f57f3304e678ea8469baf6dd1bc,695,6a029b07ef9fdfd81a9adc52cbed83a61c798ed36182c42f8a16d27064c482f9
1049,ord_dataset-2be11f57f3304e678ea8469baf6dd1bc:ord-e8cee8297bf84f2589444691244efac2,ord_dataset-2be11f57f3304e678ea8469baf6dd1bc,185,d6bc9e1e7d46664f95bcef07efb74033d5dca27d72b48673754e08c819257984
1050,ord_dataset-2be11f57f3304e678ea8469baf6dd1bc:ord-e90ebcf780d84ab59e7533cc1a61a983,ord_dataset-2be11f57f3304e678ea8469baf6dd1bc,69,483d8bf68566e47597acdd1ef427cb30e50bf381ec18d1ef9037790bafba44f5
1051,ord_dataset-2be11f57f3304e678ea8469baf6dd1bc:ord-e95c8aececce4b85888ec3422e0786b6,ord_dataset-2be11f57f3304e678ea8469baf6dd1bc,140,de1a8397cc7a7132c9df61459259538d8097b5b1159a484b50d141717cc23639
1052,ord_dataset-2be11f57f3304e678ea8469baf6dd1bc:ord-e9a75567a4e54edca9dfe669399173bd,ord_dataset-2be11f57f3304e678ea8469baf6dd1bc,817,5d7e67e65ee8ffcd01881cadbaba10c9314a0938248a14d31ad04a7e56eaa675
1053,ord_dataset-2be11f57f3304e678ea8469baf6dd1bc:ord-e9eebbdaa4c549ac90c99a4431611303,ord_dataset-2be11f57f3304e678ea8469baf6dd1bc,1104,8a1e7759daee64a02da86e2b3055d2cb8b584e75c4271dec5658f64e07044d10
1054,ord_dataset-2be11f57f3304e678ea8469baf6dd1bc:ord-e9fb9c6a152f47fca37ce35181f4661e,ord_dataset-2be11f57f3304e678ea8469baf6dd1bc,671,f0c3ac01c878ee5d9b7a86866cb5ac03df433c963665ffa23e2a7fd04dca4477
1055,ord_dataset-2be11f57f3304e678ea8469baf6dd1bc:ord-ea2ca167932548faa4dd9ed8259b95df,ord_dataset-2be11f57f3304e678ea8469baf6dd1bc,355,e3f69c795a206549eb592be9f2acbacdeb2387d0ef4ce04509a62236fee159ef
1056,ord_dataset-2be11f57f3304e678ea8469baf6dd1bc:ord-ea562f6a57b14dd88b5950893927fb4f,ord_dataset-2be11f57f3304e678ea8469baf6dd1bc,734,388c2370e499a00fd4e8f74fae4847c6b8aafb16ae287d62d2e92990f17434df
1057,ord_dataset-2be11f57f3304e678ea8469baf6dd1bc:ord-ea8b8264cea84e208ac8acd40f0a84a8,ord_dataset-2be11f57f3304e678ea8469baf6dd1bc,525,a41f20370b840ee8bb00216e99b20e209e8ad541365c917d7b9e8a0cc8c51bf8
1058,ord_dataset-2be11f57f3304e678ea8469baf6dd1bc:ord-ea8d037225a7482da4f765511a5f9b18,ord_dataset-2be11f57f3304e678ea8469baf6dd1bc,346,3166d4570a11aaced2223f7f697a0094eed982ad0849bc0da525e81765dfa4f8
1059,ord_dataset-2be11f57f3304e678ea8469baf6dd1bc:ord-ea8dd478d1964b8780f4a3cf4d5a74b0,ord_dataset-2be11f57f3304e678ea8469baf6dd1bc,371,26ea968e6ab615507c20ae0c25c1124589ab0b33ff624b17da81433b53af6615
1060,ord_dataset-2be11f57f3304e678ea8469baf6dd1bc:ord-ea922fbddae048bc947a76b9940c41e4,ord_dataset-2be11f57f3304e678ea8469baf6dd1bc,945,72b8c8bac440eacf4072f15efdb55efbd772b8494a88cff8680c373313a85a7f
1061,ord_dataset-2be11f57f3304e678ea8469baf6dd1bc:ord-eb31b33f15864368b49ccc79de4cfae6,ord_dataset-2be11f57f3304e678ea8469baf6dd1bc,808,9af801ecdfb1aee68a954b9ca9ec59d46a8f285083e3cfe213208db2111907b7
1062,ord_dataset-2be11f57f3304e678ea8469baf6dd1bc:ord-eb4da48c20a744ac8149eb3e19e8b366,ord_dataset-2be11f57f3304e678ea8469baf6dd1bc,124,72aba5b39d7dc72c52e87b90bdf7c70c42213c3ce7e42cc9e31423ebd1797510
1063,ord_dataset-2be11f57f3304e678ea8469baf6dd1bc:ord-eb8d0da8412f44148a84b8308d79b9ef,ord_dataset-2be11f57f3304e678ea8469baf6dd1bc,81,73b749b7372edee6956ccb9f52fcc0aab644a98fa85a34ad91d952bb489291e6
1064,ord_dataset-2be11f57f3304e678ea8469baf6dd1bc:ord-ebaf98991551418cb35c6a3b98b35cdd,ord_dataset-2be11f57f3304e678ea8469baf6dd1bc,170,464464445243c9e8645c03606def6859d8f7284056d26a8f0b9f4e83c247c2e5
1065,ord_dataset-2be11f57f3304e678ea8469baf6dd1bc:ord-ebafeb28c171417ca3a549201f3bdb15,ord_dataset-2be11f57f3304e678ea8469baf6dd1bc,968,53ab9601f01da7018b9e8dab7aae873f9c07a519835fd4f26258c81e646ad08c
1066,ord_dataset-2be11f57f3304e678ea8469baf6dd1bc:ord-ebdc7902416e44e2b512db7111d19443,ord_dataset-2be11f57f3304e678ea8469baf6dd1bc,1151,e2a3523efdc0346f2206d76ea34ff35df0edcc0b35aa5b353ceeb0a9593bd7b8
1067,ord_dataset-2be11f57f3304e678ea8469baf6dd1bc:ord-ebe199f2535d4f7a986a7b890c900578,ord_dataset-2be11f57f3304e678ea8469baf6dd1bc,1072,59806ca299cbee1f88b02a777ea6ced76c54f8459f41de975fea164ddccbacfd
1068,ord_dataset-2be11f57f3304e678ea8469baf6dd1bc:ord-eca66d6653a44a57b1ddd42896fec895,ord_dataset-2be11f57f3304e678ea8469baf6dd1bc,19,987289ae12ef2793e729db7a152ae6752c8fe324657e856f96a1bc8662905812
1069,ord_dataset-2be11f57f3304e678ea8469baf6dd1bc:ord-eccd59d0233348ac9fea27aac8f7d741,ord_dataset-2be11f57f3304e678ea8469baf6dd1bc,977,ace4c6bca27414e95bd1cbb807815e2a159a3f67651e90509e06b144459fd7e6
1070,ord_dataset-2be11f57f3304e678ea8469baf6dd1bc:ord-ed2561c1a6d244cea93affe210715ee7,ord_dataset-2be11f57f3304e678ea8469baf6dd1bc,864,e23f9b4544cfe0fd9a7f2d7d4cce084cb1e20aeee06221c0416c7e9de18dd84c
1071,ord_dataset-2be11f57f3304e678ea8469baf6dd1bc:ord-ed7c3ce1a1fe4693a59ec618a4f35cd9,ord_dataset-2be11f57f3304e678ea8469baf6dd1bc,644,fc76788a3f0724714d882db0d271dd90e7f4fd21c7e656fde75220a61312c1b0
1072,ord_dataset-2be11f57f3304e678ea8469baf6dd1bc:ord-edacc328fb37499eb8883f2f2a32330c,ord_dataset-2be11f57f3304e678ea8469baf6dd1bc,198,14a1ef8f5437919cd351276e5359f6a0f5031c33b828933e09638f3b1d587e7d
1073,ord_dataset-2be11f57f3304e678ea8469baf6dd1bc:ord-ee6d1d51457f4a87adb31b4bb438fda3,ord_dataset-2be11f57f3304e678ea8469baf6dd1bc,815,03f898a75a4cab65e3ef460b0cd5adf135d1276a937ac08ce1e9b6b922ebbb1d
1074,ord_dataset-2be11f57f3304e678ea8469baf6dd1bc:ord-eee9d28477394993ba211fefae816f6b,ord_dataset-2be11f57f3304e678ea8469baf6dd1bc,853,36f565f8df1f589ab1a0d4167e9bb221661df161ef3bad1ac19f53c63554de83
1075,ord_dataset-2be11f57f3304e678ea8469baf6dd1bc:ord-eef7a06a31e4465ca8f60b95114848f2,ord_dataset-2be11f57f3304e678ea8469baf6dd1bc,702,cc955b799f93141adbef998e40e0d642afdace754f0567c994fedf6d4384b6be
1076,ord_dataset-2be11f57f3304e678ea8469baf6dd1bc:ord-ef074feed9fe476db64bd76b520552c5,ord_dataset-2be11f57f3304e678ea8469baf6dd1bc,529,8cc63ec0ccc974d29da4d004027819eaffb1dad534d85e600f082d819ce77f87
1077,ord_dataset-2be11f57f3304e678ea8469baf6dd1bc:ord-ef8680b7a4e04254b2edeeb4393d8535,ord_dataset-2be11f57f3304e678ea8469baf6dd1bc,180,39c7f2c875df6a5beac0e15b5b79ca525f783f0a87c2c5d61da6f9db17988451
1078,ord_dataset-2be11f57f3304e678ea8469baf6dd1bc:ord-efc1e5c28f6749609e69dd2e15c6df56,ord_dataset-2be11f57f3304e678ea8469baf6dd1bc,626,17dbfbf5525448e65424a5bc3bed8c226607282e497922271b6c06ee460a9d37
1079,ord_dataset-2be11f57f3304e678ea8469baf6dd1bc:ord-efd2a69155014cc9ae6e6984cdfd30cb,ord_dataset-2be11f57f3304e678ea8469baf6dd1bc,293,4663e539f4ddb96615b92c7554d17fe69acf6215f5cdd2f681defdbb8f4ab8f0
1080,ord_dataset-2be11f57f3304e678ea8469baf6dd1bc:ord-f00af31f67b84fdeafd82fe70431d694,ord_dataset-2be11f57f3304e678ea8469baf6dd1bc,1054,d4f49521d8e2902c1e98b8e30db3c3671ec8c4bfeb3b5d1727269243bf52bb7e
1081,ord_dataset-2be11f57f3304e678ea8469baf6dd1bc:ord-f0203a4c742b42e68e6753e803449bc1,ord_dataset-2be11f57f3304e678ea8469baf6dd1bc,1058,81b1ec84842392eb529646c6f9776907eaa79c63bebc2210a1b4bc2788403e95
1082,ord_dataset-2be11f57f3304e678ea8469baf6dd1bc:ord-f025c506048b4ad88f56ef6f74f0f999,ord_dataset-2be11f57f3304e678ea8469baf6dd1bc,323,824350677a35a44c363624854abcd710aea0e3b854d4361e2eede5620a2ccc88
1083,ord_dataset-2be11f57f3304e678ea8469baf6dd1bc:ord-f09f81039a19435b811bc770640bfe11,ord_dataset-2be11f57f3304e678ea8469baf6dd1bc,837,6a3c1dbc1f66074079e4d4f47bac6dce5f42b69ddf77b14ac9ef4242ebd4a77f
1084,ord_dataset-2be11f57f3304e678ea8469baf6dd1bc:ord-f0df1c9dc4a34672ad210ddbe5f29de6,ord_dataset-2be11f57f3304e678ea8469baf6dd1bc,382,570cc7a01a6e9213d70213869e8f4dca76a9dc44d1bc8cc2590fe997e3aa8e53
1085,ord_dataset-2be11f57f3304e678ea8469baf6dd1bc:ord-f0e1b23eef484cc49fe2e7854caa7b1a,ord_dataset-2be11f57f3304e678ea8469baf6dd1bc,102,e21acf4f382f19a9ef8990516c0176cb9ba38f3bf811083f0cc036c106ef8bbd
1086,ord_dataset-2be11f57f3304e678ea8469baf6dd1bc:ord-f146a1bc4cc64dcea76921aab8ef1bd6,ord_dataset-2be11f57f3304e678ea8469baf6dd1bc,17,bf18764041ea977cafaac87270795ddf2925cd130decd20b0ce50f207d45d38f
1087,ord_dataset-2be11f57f3304e678ea8469baf6dd1bc:ord-f1bfc286c7e8450e8f96b70a4184f840,ord_dataset-2be11f57f3304e678ea8469baf6dd1bc,247,48319abb033bc1c8c14d26277f14314fec3f91454e4ea504ce8346a22e4bbe4f
1088,ord_dataset-2be11f57f3304e678ea8469baf6dd1bc:ord-f1ed6bf01ca44b30b984389c6c2d6369,ord_dataset-2be11f57f3304e678ea8469baf6dd1bc,674,e9235997a27563873fa24d3c83f35645b9aa310714fd86575dc3efa72cd6ae8e
1089,ord_dataset-2be11f57f3304e678ea8469baf6dd1bc:ord-f1fa46a03218408faada9bc526ee548d,ord_dataset-2be11f57f3304e678ea8469baf6dd1bc,220,2f73406b77be0185bc462d0eac27838993c4e2e9ac19ed6e0d07e903ccb75405
1090,ord_dataset-2be11f57f3304e678ea8469baf6dd1bc:ord-f24f6c5179f84efc814f9f1bb6ed0463,ord_dataset-2be11f57f3304e678ea8469baf6dd1bc,580,302dc7bb001cfda9e42c9258b5fed0453fbc2d9900b57dcaf77d1e718492226b
1091,ord_dataset-2be11f57f3304e678ea8469baf6dd1bc:ord-f256b93760914a7bbc9f38b8fa12c43e,ord_dataset-2be11f57f3304e678ea8469baf6dd1bc,224,a9387779bca8de33a3b576ba63dbe5b432261458ab4517bf0f6e1b34e096f933
1092,ord_dataset-2be11f57f3304e678ea8469baf6dd1bc:ord-f25a74e76cf2406bbfadf106c435aa33,ord_dataset-2be11f57f3304e678ea8469baf6dd1bc,1114,26010faaf582bb53521965ee7667cb70eb246308297401ffd4dc1f7f15771c56
1093,ord_dataset-2be11f57f3304e678ea8469baf6dd1bc:ord-f298951bbaa24739bb89676fb81df9fc,ord_dataset-2be11f57f3304e678ea8469baf6dd1bc,909,858c5fec21a0801c0f4041a98d16bc6e6ba9f779b39d0a1ab93c7c6c5c73aa71
1094,ord_dataset-2be11f57f3304e678ea8469baf6dd1bc:ord-f2c3cb66ee2c447f9770d152d47cb004,ord_dataset-2be11f57f3304e678ea8469baf6dd1bc,839,f6c60fbec539dc559706321bfa28263f0bb118db0de989a4de0552dbebb06184
1095,ord_dataset-2be11f57f3304e678ea8469baf6dd1bc:ord-f2ed00d082ac4ea293255c038d804922,ord_dataset-2be11f57f3304e678ea8469baf6dd1bc,126,07e563e06a068d3da58c1149c9092ac0eb1e3ba4164cd01ff82a02b5d46fbcec
1096,ord_dataset-2be11f57f3304e678ea8469baf6dd1bc:ord-f30efaf235fc46f2a516f493add771e9,ord_dataset-2be11f57f3304e678ea8469baf6dd1bc,488,2572a2581895c3ea4b4eb159d6ad8c540af59d7a2bf72351401b54d02313bc1d
1097,ord_dataset-2be11f57f3304e678ea8469baf6dd1bc:ord-f3a56a4657174cd58dab4d295a7709b6,ord_dataset-2be11f57f3304e678ea8469baf6dd1bc,85,c38d6b7815d7cf3005d594cad907ac97b5e70c5063e4e46382b22fca3f8b1d16
1098,ord_dataset-2be11f57f3304e678ea8469baf6dd1bc:ord-f3d2bfb14bae4a5f95e159abf471d503,ord_dataset-2be11f57f3304e678ea8469baf6dd1bc,55,0037df1f78b358eee4497de62fa30438a6895f109d4a81b30eea4d202bec77e4
1099,ord_dataset-2be11f57f3304e678ea8469baf6dd1bc:ord-f3e4cd3cfc444d369820bcca7ad0bf09,ord_dataset-2be11f57f3304e678ea8469baf6dd1bc,1009,2e37bf52d451126354f80fd682c70b257fba9a2f54bc299f921e867ba22bee32
1100,ord_dataset-2be11f57f3304e678ea8469baf6dd1bc:ord-f3f987fbe88e4dc5b3090d303e01ab0a,ord_dataset-2be11f57f3304e678ea8469baf6dd1bc,381,63d6e22a8d45c31a2e0988639bf113c5e7212e01e41a617c3059e224e31a7c42
1101,ord_dataset-2be11f57f3304e678ea8469baf6dd1bc:ord-f414b7db7d57492ab5e0ada3febc1432,ord_dataset-2be11f57f3304e678ea8469baf6dd1bc,295,c09a3928e1f0031de3a76253a5d659908454733a6e703a177d142b1d00bc975a
1102,ord_dataset-2be11f57f3304e678ea8469baf6dd1bc:ord-f4f625bb25fa41948f1f0107658c7830,ord_dataset-2be11f57f3304e678ea8469baf6dd1bc,954,36a5dcb3e831d27c69049ee7e032c8317a638e8786d156935e7df6a3e855471e
1103,ord_dataset-2be11f57f3304e678ea8469baf6dd1bc:ord-f4fb704e5ddd44c0aec11bda8ef7e5a5,ord_dataset-2be11f57f3304e678ea8469baf6dd1bc,825,9c84eff3d22e8243709f94b2753159f1664f81a4bcd38c0f098501d7d19da3e3
1104,ord_dataset-2be11f57f3304e678ea8469baf6dd1bc:ord-f512f995d3b247039da361298e1950d3,ord_dataset-2be11f57f3304e678ea8469baf6dd1bc,449,bc9f2e2aa3ed7a70ce7f2760d7c265851d687d430d5f2e1b600a9ff788c80b69
1105,ord_dataset-2be11f57f3304e678ea8469baf6dd1bc:ord-f538de27897a45a29791236abe477343,ord_dataset-2be11f57f3304e678ea8469baf6dd1bc,205,52bd3e4446b84fc3d3a7dd099f92be31b1dd501c36398c2ea88d7d3757c37041
1106,ord_dataset-2be11f57f3304e678ea8469baf6dd1bc:ord-f5535ea17aab488f8345840d71e98654,ord_dataset-2be11f57f3304e678ea8469baf6dd1bc,456,b4551d47bc0cdd60409af346e0d49bd10c5ff7fb66bbf3c6ba5ef3696b7a7765
1107,ord_dataset-2be11f57f3304e678ea8469baf6dd1bc:ord-f605da07001c413a9d02a9bd5ef9be9a,ord_dataset-2be11f57f3304e678ea8469baf6dd1bc,552,329c40f0c21c6bbb3b7d2a723c300440127f354919e2c774666927ae66d10912
1108,ord_dataset-2be11f57f3304e678ea8469baf6dd1bc:ord-f63c2c9a44334da6bab8b0397bbf68a9,ord_dataset-2be11f57f3304e678ea8469baf6dd1bc,560,d13d6be57f553ab5ba6e3e446a1973676b131901723a2253d10d4fe017570ab9
1109,ord_dataset-2be11f57f3304e678ea8469baf6dd1bc:ord-f64071932b614f4eb99e74165f0b87e6,ord_dataset-2be11f57f3304e678ea8469baf6dd1bc,747,f0a44242a703eccc0122995cf9ef846e93d66e0c27ef09b61c07c93a8130c1bd
1110,ord_dataset-2be11f57f3304e678ea8469baf6dd1bc:ord-f683e6811c0944ecb06d08ee76a1a9a9,ord_dataset-2be11f57f3304e678ea8469baf6dd1bc,748,e61c8bafdc1977f3903af0766c338aa8b2ebc9214b7265fec47a566c96e27309
1111,ord_dataset-2be11f57f3304e678ea8469baf6dd1bc:ord-f6a0ba3d00ad4fb5957a72253de854d3,ord_dataset-2be11f57f3304e678ea8469baf6dd1bc,608,f7e29c1437289fa8fa07f3086ee065cd156008d024c85ca92bb87760a2220656
1112,ord_dataset-2be11f57f3304e678ea8469baf6dd1bc:ord-f6ae9f205c85436c93936b18708fbca4,ord_dataset-2be11f57f3304e678ea8469baf6dd1bc,1034,369d42ae8f2aee887083c7b6565e86cc5ed1c531b76ce91b33e70dd6bedca800
1113,ord_dataset-2be11f57f3304e678ea8469baf6dd1bc:ord-f6d6e24c81f64b5db8562a1ba8887790,ord_dataset-2be11f57f3304e678ea8469baf6dd1bc,891,df791a421ea0a3d47478fab199ed1efdfbe7edea269926b7c1b8a46899d90178
1114,ord_dataset-2be11f57f3304e678ea8469baf6dd1bc:ord-f6dcbbf2f51846e2953052f616c940e5,ord_dataset-2be11f57f3304e678ea8469baf6dd1bc,45,58289d7b02c6b758871b957148bb73cd0505a124a844fa81ed3a8715453ff1f3
1115,ord_dataset-2be11f57f3304e678ea8469baf6dd1bc:ord-f6fbcb6d01c045a7b5a6d01998c2ea16,ord_dataset-2be11f57f3304e678ea8469baf6dd1bc,651,36f49b82941e43ac43351a0ca722bbdcedd5ab34d91d6978c771acf1c070b186
1116,ord_dataset-2be11f57f3304e678ea8469baf6dd1bc:ord-f719d88882b343dc9ae042c480ea0354,ord_dataset-2be11f57f3304e678ea8469baf6dd1bc,650,9a0369ae05892fc6e004ac4d05dc7848a6981665a55de4903ac04eeedf0ae967
1117,ord_dataset-2be11f57f3304e678ea8469baf6dd1bc:ord-f745743469e643fd96166d342f43f0fd,ord_dataset-2be11f57f3304e678ea8469baf6dd1bc,905,d6ec489f037729d0686503952c8dbc1f1c06611d199fe78d72dc25645f927ad5
1118,ord_dataset-2be11f57f3304e678ea8469baf6dd1bc:ord-f77fb7a505444a7a90b812d2941679f6,ord_dataset-2be11f57f3304e678ea8469baf6dd1bc,1040,0394c5991cd937e0c556c823b6997cf2459858de32bc002109968c54f60606ce
1119,ord_dataset-2be11f57f3304e678ea8469baf6dd1bc:ord-f7c28bffc0c74269a45f20f5e3d13737,ord_dataset-2be11f57f3304e678ea8469baf6dd1bc,123,78752aa57b60cb9a3e392299f821859d4611c232fb93eb3b05fbb1c8e5cf9cd3
1120,ord_dataset-2be11f57f3304e678ea8469baf6dd1bc:ord-f7c83703c9a440e998a21eee11737dbe,ord_dataset-2be11f57f3304e678ea8469baf6dd1bc,828,1594fa69364f49eb080abc0ee6cf4d01d9636b5c70145c47f6650b59ca56c06e
1121,ord_dataset-2be11f57f3304e678ea8469baf6dd1bc:ord-f7c8db4a53614e40b6127e0ff2aca249,ord_dataset-2be11f57f3304e678ea8469baf6dd1bc,458,670dc6eb20112706bf48650f4fd4e696ceca2efd689f3c68e8b4f1b35154a138
1122,ord_dataset-2be11f57f3304e678ea8469baf6dd1bc:ord-f7d6b2e8ed314b2fbee9765493ea7233,ord_dataset-2be11f57f3304e678ea8469baf6dd1bc,299,b2d53d442d3adb7f6a61c2a4be4d9b556067e399d4dd07d60be10b0b330dbdfc
1123,ord_dataset-2be11f57f3304e678ea8469baf6dd1bc:ord-f823cf1df0124c0daa38d503c7159801,ord_dataset-2be11f57f3304e678ea8469baf6dd1bc,291,7d6acaf4934216764038388b09abf5c8fc4ede2bafc8add5826e6a2f6dd38534
1124,ord_dataset-2be11f57f3304e678ea8469baf6dd1bc:ord-f85242fe2edc4e478c416ad1c82b67b3,ord_dataset-2be11f57f3304e678ea8469baf6dd1bc,538,bf85b611725e6076d8173e1a81a0698d7b9fa946d9993d1e9751bd60a354cef9
1125,ord_dataset-2be11f57f3304e678ea8469baf6dd1bc:ord-f8991434da6b41048ec2161eb030bac0,ord_dataset-2be11f57f3304e678ea8469baf6dd1bc,742,465066b6f0b5e423022904848f2624bed914dc7c3e90f4e9557a1df27b9de885
1126,ord_dataset-2be11f57f3304e678ea8469baf6dd1bc:ord-f95eac31cb844b67b0c6cb32b5333fac,ord_dataset-2be11f57f3304e678ea8469baf6dd1bc,586,74206b559fb90af5241ce09934f13500ffef873b663bc8f23ab91dabbf072ed5
1127,ord_dataset-2be11f57f3304e678ea8469baf6dd1bc:ord-f96e86ceb4ad4d4fbcd06ef73c53e3c0,ord_dataset-2be11f57f3304e678ea8469baf6dd1bc,214,2f50364f57c18d5fe1cb8fae6c93aff4befcd6b53aeb3ad3c8b773b6de74799a
1128,ord_dataset-2be11f57f3304e678ea8469baf6dd1bc:ord-f97d35a9a3fd48d6af5cf0d3462f725b,ord_dataset-2be11f57f3304e678ea8469baf6dd1bc,969,bcba56e3ca1c9e28d44e410c3fa42d68656114e575a4e2bf5c4da4954533d89d
1129,ord_dataset-2be11f57f3304e678ea8469baf6dd1bc:ord-f9971e9d7cfd40adbd948987ae8cdb43,ord_dataset-2be11f57f3304e678ea8469baf6dd1bc,680,6372a9539459dc8a90e09d75d528f61bfa67d9f6e368595511ed44db7c973d8f
1130,ord_dataset-2be11f57f3304e678ea8469baf6dd1bc:ord-f999f217a8594b2c8c988981a1491f4a,ord_dataset-2be11f57f3304e678ea8469baf6dd1bc,872,349ca00d9b68e68f76913c89db24745ae1b8ead2b1304a1c49612b09364d74e8
1131,ord_dataset-2be11f57f3304e678ea8469baf6dd1bc:ord-f9f4561683d640a6b53377bbfd65df6f,ord_dataset-2be11f57f3304e678ea8469baf6dd1bc,176,c6392810cacf53d60dfd1aa3c6315c618cea68a431fe7e9190b08b08704ad7ae
1132,ord_dataset-2be11f57f3304e678ea8469baf6dd1bc:ord-fa5d47163d6f4cb1a5dc65a9e6c7847a,ord_dataset-2be11f57f3304e678ea8469baf6dd1bc,1046,e763a48cf1139a83ad7fa2ad1f9fc64ad303323a1a9ed2d940b9da006933b661
1133,ord_dataset-2be11f57f3304e678ea8469baf6dd1bc:ord-facfc0c40c2c4154a7c78a15d555ee76,ord_dataset-2be11f57f3304e678ea8469baf6dd1bc,319,85b0d719c860b44e70503d4a7d129c6e3e7b160fcc636a6d255f7b9a1c11b1f3
1134,ord_dataset-2be11f57f3304e678ea8469baf6dd1bc:ord-fae8c2e69c174f25b3f9bf3d816ae61b,ord_dataset-2be11f57f3304e678ea8469baf6dd1bc,943,2d86437acf89276bd2cda2c9b78c2ab15aada5592111e5422a69697666d6d9d4
1135,ord_dataset-2be11f57f3304e678ea8469baf6dd1bc:ord-fb550b3abf6249e9ade43726d8fcfbe3,ord_dataset-2be11f57f3304e678ea8469baf6dd1bc,414,48666f21b25c88a8c53c1e768abe8cf5753266b1912aaecf79b167a9f84db806
1136,ord_dataset-2be11f57f3304e678ea8469baf6dd1bc:ord-fb960e05886d44e7bf109a15985cd341,ord_dataset-2be11f57f3304e678ea8469baf6dd1bc,272,daea97307891e5535fa105a9946d7d4a04efcbe405019424e9918d46323f2ab7
1137,ord_dataset-2be11f57f3304e678ea8469baf6dd1bc:ord-fb96aa19a3de4d96bfa353d306a9e354,ord_dataset-2be11f57f3304e678ea8469baf6dd1bc,357,d3ecd689e93f19878db4332ff526f3049a4244018fdadd53d09a9135c3bfb6aa
1138,ord_dataset-2be11f57f3304e678ea8469baf6dd1bc:ord-fbe1db2fe6ca4b4897448da19d9cb126,ord_dataset-2be11f57f3304e678ea8469baf6dd1bc,177,2386c6567abe60c0edafbc3a5ded7e6cc2492493a31a6d2d6a0e435c8bd72cfc
1139,ord_dataset-2be11f57f3304e678ea8469baf6dd1bc:ord-fbffbfaf4696483eabcaf1df5a4da595,ord_dataset-2be11f57f3304e678ea8469baf6dd1bc,1119,a912d4ab23006471aaac19fbba724865632d2de87365253889244379a9da6530
1140,ord_dataset-2be11f57f3304e678ea8469baf6dd1bc:ord-fc0c98cd02cc49ff90ce5addadd11966,ord_dataset-2be11f57f3304e678ea8469baf6dd1bc,246,55608bc9e45f30fc2bc187aa49059fa14c06dd35867081a4abdcb895f1223457
1141,ord_dataset-2be11f57f3304e678ea8469baf6dd1bc:ord-fcf10f7c341d40aeac77f61895b8df64,ord_dataset-2be11f57f3304e678ea8469baf6dd1bc,445,26efb42fa6a64ec42ed78efc64625bb8969fddf1b928a0148b2f0fcc07f3f83c
1142,ord_dataset-2be11f57f3304e678ea8469baf6dd1bc:ord-fd50b70940684e9fb1168b12c170e00e,ord_dataset-2be11f57f3304e678ea8469baf6dd1bc,333,bdd812e5a0f029c816218651a50973f05d6f569479ace578d3b49417e745b39b
1143,ord_dataset-2be11f57f3304e678ea8469baf6dd1bc:ord-fda9d6c8531f4152a9dcba65d7ada025,ord_dataset-2be11f57f3304e678ea8469baf6dd1bc,923,1e21720a1a01e8eceb6802da033732ca73e631095736a28cc72bc4057bb85cef
1144,ord_dataset-2be11f57f3304e678ea8469baf6dd1bc:ord-fdb7ee991b764d0199f8c4515d429f95,ord_dataset-2be11f57f3304e678ea8469baf6dd1bc,35,4ecf512e71c4e2c078d2b25aa7be6bdd4e5ec74b13b9dab8ec9011208be31bfd
1145,ord_dataset-2be11f57f3304e678ea8469baf6dd1bc:ord-fde9d16dc4074147a1386768f48e9b60,ord_dataset-2be11f57f3304e678ea8469baf6dd1bc,401,b8fd76339e3f04808a014d3176a41555b7f43e4f01137c18432e7a73d9819dfd
1146,ord_dataset-2be11f57f3304e678ea8469baf6dd1bc:ord-fe381c9bdd664ef78198eccba1364f07,ord_dataset-2be11f57f3304e678ea8469baf6dd1bc,595,f2fecf04b301edeb42b6d7c6db01541c78c0c93fa0e97f3d16a7662ccc541965
1147,ord_dataset-2be11f57f3304e678ea8469baf6dd1bc:ord-fe409eef172942beaaf2265d658a9321,ord_dataset-2be11f57f3304e678ea8469baf6dd1bc,806,7075cacd20b16bf977a2bdb58ceb76c233eb82dbddb6274077f6477bea610390
1148,ord_dataset-2be11f57f3304e678ea8469baf6dd1bc:ord-fe7fabdb0dfd4aa5a960f39de4c43201,ord_dataset-2be11f57f3304e678ea8469baf6dd1bc,590,76f66abe0c12498379fe41b2c4d31363a0f2390c88e942843e922468fb8f994a
1149,ord_dataset-2be11f57f3304e678ea8469baf6dd1bc:ord-fea38f74123549e18b33cd9a1e232c89,ord_dataset-2be11f57f3304e678ea8469baf6dd1bc,144,f26fa4266ee62eee38de27ec8d516d4a607e1fab5f232ec7ca5620bf3a0d1986
1150,ord_dataset-2be11f57f3304e678ea8469baf6dd1bc:ord-fef22a036f1049c6a3be8eeeafef639c,ord_dataset-2be11f57f3304e678ea8469baf6dd1bc,801,b4c91b7ad098e8cc586fcda2ed73424c68fb5e94d1bf8926263290ce39d0fd40
1151,ord_dataset-2be11f57f3304e678ea8469baf6dd1bc:ord-ff5e1f16030946dcb81c220b7e61b302,ord_dataset-2be11f57f3304e678ea8469baf6dd1bc,352,a82a2a8ce29cad7689aec82f014ccb23f30d8efb3a1bd3ace41f82e1866415a9
1152,ord_dataset-2be11f57f3304e678ea8469baf6dd1bc:ord-ff893b0c25bb481eb818371d5d26f3b5,ord_dataset-2be11f57f3304e678ea8469baf6dd1bc,60,839bd38b10d97b57b0840b104a9e7bbbe25c1f98df175dbfb28408bafbdd5c2f
1153,ord_dataset-2be11f57f3304e678ea8469baf6dd1bc:ord-ffbf3c64ac0e4e0a9d14f4dfc79a48f5,ord_dataset-2be11f57f3304e678ea8469baf6dd1bc,80,b9ef2347bd9c7a4fb87edc5469078d96ff4cf33af5d071ed97692d69303d1277
