reactant-1,reactant-2,reagent-1,reagent-2,reagent-3,catalyst-1,solvent-1,solvent-2,solvent-3,solvent-4,solvent-5,solvent-6,solvent-7,reaction_time_s,reflux_value,conditions_are_dynamic_value,conversion_percent
CCOC(=O)N1CCC(=C2c3ccc(Cl)cc3CCc3cc(Br)cnc32)CC1,CC1(C)OB(c2ccc(-c3cnccn3)cc2)OC1(C)C,,,,CC(C)c1cc(C(C)C)c(-c2ccccc2[PH](C(C)(C)C)(C(C)(C)C)[Pd]2([O]S(C)(=O)=O)[NH]c3ccccc3-c3cccc[c]32)c(C(C)C)c1,CS(C)=O,O,CS(C)=O,CS(C)=O,CS(C)=O,,,79200.0,0.0,0.0,100.0
O=C(NCc1ccc(F)cc1)c1nc(Br)c2cccnc2c1O,CC1(C)OB(c2cccc(C3(NC(=O)OCc4ccccc4)CC3)c2)OC1(C)C,,,,CC(C)Oc1cccc(OC(C)C)c1-c1ccccc1[PH](C1CCCCC1)(C1CCCCC1)[Pd]1([O]S(C)(=O)=O)[NH]c2ccccc2-c2cccc[c]21,CS(C)=O,O,CS(C)=O,CS(C)=O,O,,,79200.0,0.0,0.0,0.0
CCn1c(=O)c2c(nc(N[C@@H]3CCC[C@H]3O)n2Cc2ccc(OC)c(Br)c2)n(CCO)c1=O,OB(O)c1cccnc1,,,,CN(C)c1ccc([PH](C(C)(C)C)(C(C)(C)C)[Pd]2([O]S(C)(=O)=O)[NH]c3ccccc3-c3cccc[c]32)cc1,CS(C)=O,O,CS(C)=O,CS(C)=O,CCC(C)(C)O,,,79200.0,0.0,0.0,33.94917678833008
CC(=O)NC(C)(C)[C@@H]1CC2(CCN(C(=O)OC(C)(C)C)CC2)c2cc(Cl)c(C)cc21,CC1(C)OB(c2cn(S(=O)(=O)c3ccccc3)c3ncccc23)OC1(C)C,,,,CC(C)c1cc(C(C)C)c(-c2ccccc2[PH](C(C)(C)C)(C(C)(C)C)[Pd]2([O]S(C)(=O)=O)[NH]c3ccccc3-c3cccc[c]32)c(C(C)C)c1,CS(C)=O,O,CS(C)=O,CS(C)=O,CS(C)=O,,,79200.0,0.0,0.0,100.0
CCn1c(=O)c2c(nc(N[C@@H]3CCC[C@H]3O)n2Cc2ccc(OC)c(Br)c2)n(CCO)c1=O,CC1(C)OB(c2cnc(-n3cccn3)nc2)OC1(C)C,,,,CC(C)c1cc(C(C)C)c(-c2ccccc2[PH](C2CCCCC2)(C2CCCCC2)[Pd]2([O]S(C)(=O)=O)[NH]c3ccccc3-c3cccc[c]32)c(C(C)C)c1,CS(C)=O,O,CS(C)=O,CS(C)=O,O,,,79200.0,0.0,0.0,3.321915626525879
O=C(Nc1ccccc1N1CCNCC1)c1csc(Br)n1,CC1(C)OB(c2cn(S(=O)(=O)c3ccccc3)c3ncccc23)OC1(C)C,,,,CC(C)c1cc(C(C)C)c(-c2ccccc2[PH](C2CCCCC2)(C2CCCCC2)[Pd]2([O]S(C)(=O)=O)[NH]c3ccccc3-c3cccc[c]32)c(C(C)C)c1,CS(C)=O,O,CS(C)=O,CS(C)=O,O,,,79200.0,0.0,0.0,51.97136306762695
Ic1c[nH]c2ncccc12,CC1(C)OB(c2ccc(-c3cnccn3)cc2)OC1(C)C,,,,CN(C)c1ccc([PH](C(C)(C)C)(C(C)(C)C)[Pd]2([O]S(C)(=O)=O)[NH]c3ccccc3-c3cccc[c]32)cc1,CS(C)=O,O,CS(C)=O,CS(C)=O,CCC(C)(C)O,,,79200.0,0.0,0.0,0.0
O=C(NCc1ccc(F)cc1)c1nc(Br)c2cccnc2c1O,O=C(NC1CCCC1)c1ccc(B(O)O)cc1,,,,CC(C)Oc1cccc(OC(C)C)c1-c1ccccc1[PH](C1CCCCC1)(C1CCCCC1)[Pd]1([O]S(C)(=O)=O)[NH]c2ccccc2-c2cccc[c]21,CS(C)=O,O,CS(C)=O,CS(C)=O,O,,,79200.0,0.0,0.0,39.095638275146484
CCOC(=O)N1CCC(=C2c3ccc(Cl)cc3CCc3cc(Br)cnc32)CC1,CC1(C)OB(c2cccc(C3(NC(=O)OCc4ccccc4)CC3)c2)OC1(C)C,,,,CC(C)c1cc(C(C)C)c(-c2ccccc2[PH](C2CCCCC2)(C2CCCCC2)[Pd]2([O]S(C)(=O)=O)[NH]c3ccccc3-c3cccc[c]32)c(C(C)C)c1,CS(C)=O,O,CS(C)=O,CS(C)=O,O,,,79200.0,0.0,0.0,97.62953186035156
CCCc1nc2ccc(I)cc2c(=O)n1Cc1ccc(-c2ccccc2S(=O)(=O)NC(C)(C)C)cc1,O=C(NC1CCCC1)c1ccc(B(O)O)cc1,,,,CN(C)c1ccc([PH](C(C)(C)C)(C(C)(C)C)[Pd]2([O]S(C)(=O)=O)[NH]c3ccccc3-c3cccc[c]32)cc1,CS(C)=O,O,CS(C)=O,CS(C)=O,CCC(C)(C)O,,,79200.0,0.0,0.0,100.0
O=C(Nc1ccccc1N1CCNCC1)c1csc(Br)n1,CC1(C)OB(c2ccc(-c3cnccn3)cc2)OC1(C)C,,,,CN(C)c1ccc([PH](C(C)(C)C)(C(C)(C)C)[Pd]2([O]S(C)(=O)=O)[NH]c3ccccc3-c3cccc[c]32)cc1,CS(C)=O,O,CS(C)=O,CS(C)=O,CCC(C)(C)O,,,79200.0,0.0,0.0,0.0
CN1C(=O)C[C@@](C)(c2cc(Br)cs2)N/C1=N/C(=O)OC(C)(C)C,CN(C)c1ccc(B2OC(C)(C)C(C)(C)O2)cc1,,,,CC(C)c1cc(C(C)C)c(-c2ccccc2[PH](C2CCCCC2)(C2CCCCC2)[Pd]2([O]S(C)(=O)=O)[NH]c3ccccc3-c3cccc[c]32)c(C(C)C)c1,CS(C)=O,O,CS(C)=O,CS(C)=O,O,,,79200.0,0.0,0.0,62.34154510498047
O=C(NCc1ccc(F)cc1)c1nc(Br)c2cccnc2c1O,CC1(C)OB(c2cccc(C3(NC(=O)OCc4ccccc4)CC3)c2)OC1(C)C,,,,CC(C)Oc1cccc(OC(C)C)c1-c1ccccc1[PH](C1CCCCC1)(C1CCCCC1)[Pd]1([O]S(C)(=O)=O)[NH]c2ccccc2-c2cccc[c]21,CS(C)=O,O,CS(C)=O,CS(C)=O,O,,,79200.0,0.0,0.0,0.0
O=C(Nc1ccccc1N1CCNCC1)c1csc(Br)n1,CC1(C)OB(c2cnc(-n3cccn3)nc2)OC1(C)C,,,,CC(C)c1cc(C(C)C)c(-c2ccccc2[PH](C(C)(C)C)(C(C)(C)C)[Pd]2([O]S(C)(=O)=O)[NH]c3ccccc3-c3cccc[c]32)c(C(C)C)c1,CS(C)=O,O,CS(C)=O,CS(C)=O,CS(C)=O,,,79200.0,0.0,0.0,0.0
CCCc1nc2ccc(I)cc2c(=O)n1Cc1ccc(-c2ccccc2S(=O)(=O)NC(C)(C)C)cc1,CC1(C)OB(C2=CCCCC2)OC1(C)C,,,,CN(C)c1ccc([PH](C(C)(C)C)(C(C)(C)C)[Pd]2([O]S(C)(=O)=O)[NH]c3ccccc3-c3cccc[c]32)cc1,CS(C)=O,O,CS(C)=O,CS(C)=O,CCC(C)(C)O,,,79200.0,0.0,0.0,100.0
O=C1NCCc2[nH]c(-c3ccnc(Br)c3)cc21,CC1(C)OB(c2ccc(-c3cnccn3)cc2)OC1(C)C,,,,CC(C)c1cc(C(C)C)c(-c2ccccc2[PH](C(C)(C)C)(C(C)(C)C)[Pd]2([O]S(C)(=O)=O)[NH]c3ccccc3-c3cccc[c]32)c(C(C)C)c1,CS(C)=O,O,CS(C)=O,CS(C)=O,CS(C)=O,,,79200.0,0.0,0.0,0.0
O=C1NCCc2[nH]c(-c3ccnc(Br)c3)cc21,CC1(C)OB(c2cccc(C3(NC(=O)OCc4ccccc4)CC3)c2)OC1(C)C,,,,CN(C)c1ccc([PH](C(C)(C)C)(C(C)(C)C)[Pd]2([O]S(C)(=O)=O)[NH]c3ccccc3-c3cccc[c]32)cc1,CS(C)=O,O,CS(C)=O,CS(C)=O,CCC(C)(C)O,,,79200.0,0.0,0.0,27.76525115966797
O=C(Nc1ccccc1N1CCNCC1)c1csc(Br)n1,CC1(C)OB(c2cnc(-n3cccn3)nc2)OC1(C)C,,,,CN(C)c1ccc([PH](C(C)(C)C)(C(C)(C)C)[Pd]2([O]S(C)(=O)=O)[NH]c3ccccc3-c3cccc[c]32)cc1,CS(C)=O,O,CS(C)=O,CS(C)=O,CCC(C)(C)O,,,79200.0,0.0,0.0,7.162322998046875
CCCc1nc2ccc(I)cc2c(=O)n1Cc1ccc(-c2ccccc2S(=O)(=O)NC(C)(C)C)cc1,CC1(C)OB(c2cccc(C3(NC(=O)OCc4ccccc4)CC3)c2)OC1(C)C,,,,CC(C)Oc1cccc(OC(C)C)c1-c1ccccc1[PH](C1CCCCC1)(C1CCCCC1)[Pd]1([O]S(C)(=O)=O)[NH]c2ccccc2-c2cccc[c]21,CS(C)=O,O,CS(C)=O,CS(C)=O,O,,,79200.0,0.0,0.0,0.0
CCCc1nc2ccc(I)cc2c(=O)n1Cc1ccc(-c2ccccc2S(=O)(=O)NC(C)(C)C)cc1,CC1(C)OB(c2cnn(Cc3ccccc3)c2)OC1(C)C,,,,CC(C)Oc1cccc(OC(C)C)c1-c1ccccc1[PH](C1CCCCC1)(C1CCCCC1)[Pd]1([O]S(C)(=O)=O)[NH]c2ccccc2-c2cccc[c]21,CS(C)=O,O,CS(C)=O,CS(C)=O,O,,,79200.0,0.0,0.0,18.84434700012207
COC(=O)[C@@H]1C[C@@H](OC(=O)N2Cc3cccc(Br)c3C2)CN1C(=O)OCc1ccccc1,O=C(NC1CCCC1)c1ccc(B(O)O)cc1,,,,CC(C)c1cc(C(C)C)c(-c2ccccc2[PH](C2CCCCC2)(C2CCCCC2)[Pd]2([O]S(C)(=O)=O)[NH]c3ccccc3-c3cccc[c]32)c(C(C)C)c1,CS(C)=O,O,CS(C)=O,CS(C)=O,O,,,79200.0,0.0,0.0,100.0
O=C(NCc1ccc(F)cc1)c1nc(Br)c2cccnc2c1O,CC1(C)OB(c2cccc(C3(NC(=O)OCc4ccccc4)CC3)c2)OC1(C)C,,,,CC(C)c1cc(C(C)C)c(-c2ccccc2[PH](C(C)(C)C)(C(C)(C)C)[Pd]2([O]S(C)(=O)=O)[NH]c3ccccc3-c3cccc[c]32)c(C(C)C)c1,CS(C)=O,O,CS(C)=O,CS(C)=O,CS(C)=O,,,79200.0,0.0,0.0,0.0
CN1C(=O)C[C@@](C)(c2cc(Br)cs2)N/C1=N/C(=O)OC(C)(C)C,CC1(C)OB(c2cnn(Cc3ccccc3)c2)OC1(C)C,,,,CC(C)(C)[PH](C(C)(C)C)(C(C)(C)C)[Pd]1([Cl])[NH]c2ccccc2-c2cccc[c]21,CS(C)=O,O,CS(C)=O,CS(C)=O,CCC(C)(C)O,,,79200.0,0.0,0.0,100.0
CN1C(=O)C[C@@](C)(c2cc(Br)cs2)N/C1=N/C(=O)OC(C)(C)C,CC1(C)OB(c2ccc(-c3cnccn3)cc2)OC1(C)C,,,,CC(C)c1cc(C(C)C)c(-c2ccccc2[PH](C(C)(C)C)(C(C)(C)C)[Pd]2([O]S(C)(=O)=O)[NH]c3ccccc3-c3cccc[c]32)c(C(C)C)c1,CS(C)=O,O,CS(C)=O,CS(C)=O,CS(C)=O,,,79200.0,0.0,0.0,35.50634765625
COC(=O)[C@@H]1C[C@@H](OC(=O)N2Cc3cccc(Br)c3C2)CN1C(=O)OCc1ccccc1,CC1(C)OB(c2cnn(Cc3ccccc3)c2)OC1(C)C,,,,CC(C)Oc1cccc(OC(C)C)c1-c1ccccc1[PH](C1CCCCC1)(C1CCCCC1)[Pd]1([O]S(C)(=O)=O)[NH]c2ccccc2-c2cccc[c]21,CS(C)=O,O,CS(C)=O,CS(C)=O,O,,,79200.0,0.0,0.0,84.37435913085938
COC(=O)[C@@H]1C[C@@H](OC(=O)N2Cc3cccc(Br)c3C2)CN1C(=O)OCc1ccccc1,CC1(C)OB(c2cnc(-n3cccn3)nc2)OC1(C)C,,,,CC(C)(C)[PH](C(C)(C)C)(C(C)(C)C)[Pd]1([Cl])[NH]c2ccccc2-c2cccc[c]21,CS(C)=O,O,CS(C)=O,CS(C)=O,CCC(C)(C)O,,,79200.0,0.0,0.0,56.66905975341797
COC(=O)[C@@H]1C[C@@H](OC(=O)N2Cc3cccc(Br)c3C2)CN1C(=O)OCc1ccccc1,CC1(C)OB(c2cn(S(=O)(=O)c3ccccc3)c3ncccc23)OC1(C)C,,,,CN(C)c1ccc([PH](C(C)(C)C)(C(C)(C)C)[Pd]2([O]S(C)(=O)=O)[NH]c3ccccc3-c3cccc[c]32)cc1,CS(C)=O,O,CS(C)=O,CS(C)=O,CS(C)=O,,,79200.0,0.0,0.0,35.12107849121094
CN1C(=O)C[C@@](C)(c2cc(Br)cs2)N/C1=N/C(=O)OC(C)(C)C,CC1(C)OB(c2cnn(Cc3ccccc3)c2)OC1(C)C,,,,CC(C)Oc1cccc(OC(C)C)c1-c1ccccc1[PH](C1CCCCC1)(C1CCCCC1)[Pd]1([O]S(C)(=O)=O)[NH]c2ccccc2-c2cccc[c]21,CS(C)=O,O,CS(C)=O,CS(C)=O,O,,,79200.0,0.0,0.0,100.0
CCOC(=O)N1CCC(=C2c3ccc(Cl)cc3CCc3cc(Br)cnc32)CC1,CN(C)c1ccc(B2OC(C)(C)C(C)(C)O2)cc1,,,,CN(C)c1ccc([PH](C(C)(C)C)(C(C)(C)C)[Pd]2([O]S(C)(=O)=O)[NH]c3ccccc3-c3cccc[c]32)cc1,CS(C)=O,O,CS(C)=O,CS(C)=O,CS(C)=O,,,79200.0,0.0,0.0,96.09371185302734
CCn1c(=O)c2c(nc(N[C@@H]3CCC[C@H]3O)n2Cc2ccc(OC)c(Br)c2)n(CCO)c1=O,CN(C)c1ccc(B2OC(C)(C)C(C)(C)O2)cc1,,,,CC(C)(C)[PH](C(C)(C)C)(C(C)(C)C)[Pd]1([Cl])[NH]c2ccccc2-c2cccc[c]21,CS(C)=O,O,CS(C)=O,CS(C)=O,CCC(C)(C)O,,,79200.0,0.0,0.0,90.57905578613281
CCOC(=O)N1CCC(=C2c3ccc(Cl)cc3CCc3cc(Br)cnc32)CC1,CC1(C)OB(c2cccc(C3(NC(=O)OCc4ccccc4)CC3)c2)OC1(C)C,,,,CC(C)c1cc(C(C)C)c(-c2ccccc2[PH](C2CCCCC2)(C2CCCCC2)[Pd]2([O]S(C)(=O)=O)[NH]c3ccccc3-c3cccc[c]32)c(C(C)C)c1,CS(C)=O,O,CS(C)=O,CS(C)=O,O,,,79200.0,0.0,0.0,96.6722640991211
CN1C(=O)C[C@@](C)(c2sccc2Cl)N/C1=N/C(=O)OC(C)(C)C,O=C(NC1CCCC1)c1ccc(B(O)O)cc1,,,,CN(C)c1ccc([PH](C(C)(C)C)(C(C)(C)C)[Pd]2([O]S(C)(=O)=O)[NH]c3ccccc3-c3cccc[c]32)cc1,CS(C)=O,O,CS(C)=O,CS(C)=O,CS(C)=O,,,79200.0,0.0,0.0,0.0
Ic1c[nH]c2ncccc12,CC1(C)OB(c2cccc(C3(NC(=O)OCc4ccccc4)CC3)c2)OC1(C)C,,,,CC(C)Oc1cccc(OC(C)C)c1-c1ccccc1[PH](C1CCCCC1)(C1CCCCC1)[Pd]1([O]S(C)(=O)=O)[NH]c2ccccc2-c2cccc[c]21,CS(C)=O,O,CS(C)=O,CS(C)=O,O,,,79200.0,0.0,0.0,0.0
COC(=O)[C@@H]1C[C@@H](OC(=O)N2Cc3cccc(Br)c3C2)CN1C(=O)OCc1ccccc1,CN(C)c1ccc(B2OC(C)(C)C(C)(C)O2)cc1,,,,CN(C)c1ccc([PH](C(C)(C)C)(C(C)(C)C)[Pd]2([O]S(C)(=O)=O)[NH]c3ccccc3-c3cccc[c]32)cc1,CS(C)=O,O,CS(C)=O,CS(C)=O,CS(C)=O,,,79200.0,0.0,0.0,0.0
CCCc1nc2ccc(I)cc2c(=O)n1Cc1ccc(-c2ccccc2S(=O)(=O)NC(C)(C)C)cc1,CN(C)c1ccc(B2OC(C)(C)C(C)(C)O2)cc1,,,,CC(C)c1cc(C(C)C)c(-c2ccccc2[PH](C(C)(C)C)(C(C)(C)C)[Pd]2([O]S(C)(=O)=O)[NH]c3ccccc3-c3cccc[c]32)c(C(C)C)c1,CS(C)=O,O,CS(C)=O,CS(C)=O,CS(C)=O,,,79200.0,0.0,0.0,55.57299041748047
CC(=O)NC(C)(C)[C@@H]1CC2(CCN(C(=O)OC(C)(C)C)CC2)c2cc(Cl)c(C)cc21,CC1(C)OB(c2cn(S(=O)(=O)c3ccccc3)c3ncccc23)OC1(C)C,,,,CC(C)c1cc(C(C)C)c(-c2ccccc2[PH](C2CCCCC2)(C2CCCCC2)[Pd]2([O]S(C)(=O)=O)[NH]c3ccccc3-c3cccc[c]32)c(C(C)C)c1,CS(C)=O,O,CS(C)=O,CS(C)=O,O,,,79200.0,0.0,0.0,100.0
COC(=O)[C@@H]1C[C@@H](OC(=O)N2Cc3cccc(Br)c3C2)CN1C(=O)OCc1ccccc1,CC1(C)OB(c2cn(S(=O)(=O)c3ccccc3)c3ncccc23)OC1(C)C,,,,CN(C)c1ccc([PH](C(C)(C)C)(C(C)(C)C)[Pd]2([O]S(C)(=O)=O)[NH]c3ccccc3-c3cccc[c]32)cc1,CS(C)=O,O,CS(C)=O,CS(C)=O,CCC(C)(C)O,,,79200.0,0.0,0.0,80.62065887451172
O=C1NCCc2[nH]c(-c3ccnc(Br)c3)cc21,O=C(NC1CCCC1)c1ccc(B(O)O)cc1,,,,CC(C)Oc1cccc(OC(C)C)c1-c1ccccc1[PH](C1CCCCC1)(C1CCCCC1)[Pd]1([O]S(C)(=O)=O)[NH]c2ccccc2-c2cccc[c]21,CS(C)=O,O,CS(C)=O,CS(C)=O,O,,,79200.0,0.0,0.0,35.15696334838867
COC(=O)[C@@H]1C[C@@H](OC(=O)N2Cc3cccc(Br)c3C2)CN1C(=O)OCc1ccccc1,Cc1cc(O)ccc1B1OC(C)(C)C(C)(C)O1,,,,CN(C)c1ccc([PH](C(C)(C)C)(C(C)(C)C)[Pd]2([O]S(C)(=O)=O)[NH]c3ccccc3-c3cccc[c]32)cc1,CS(C)=O,O,CS(C)=O,CS(C)=O,CCC(C)(C)O,,,79200.0,0.0,0.0,92.67047119140625
CCCc1nc2ccc(I)cc2c(=O)n1Cc1ccc(-c2ccccc2S(=O)(=O)NC(C)(C)C)cc1,CC1(C)OB(c2ccc(-c3cnccn3)cc2)OC1(C)C,,,,CC(C)Oc1cccc(OC(C)C)c1-c1ccccc1[PH](C1CCCCC1)(C1CCCCC1)[Pd]1([O]S(C)(=O)=O)[NH]c2ccccc2-c2cccc[c]21,CS(C)=O,O,CS(C)=O,CS(C)=O,O,,,79200.0,0.0,0.0,12.66063117980957
O=C(Nc1ccccc1N1CCNCC1)c1csc(Br)n1,CC1(C)OB(c2ccc(-c3cnccn3)cc2)OC1(C)C,,,,CN(C)c1ccc([PH](C(C)(C)C)(C(C)(C)C)[Pd]2([O]S(C)(=O)=O)[NH]c3ccccc3-c3cccc[c]32)cc1,CS(C)=O,O,CS(C)=O,CS(C)=O,CCC(C)(C)O,,,79200.0,0.0,0.0,0.0
CN1C(=O)C[C@@](C)(c2cc(Br)cs2)N/C1=N/C(=O)OC(C)(C)C,CC1(C)OB(c2ccc(-c3cnccn3)cc2)OC1(C)C,,,,CN(C)c1ccc([PH](C(C)(C)C)(C(C)(C)C)[Pd]2([O]S(C)(=O)=O)[NH]c3ccccc3-c3cccc[c]32)cc1,CS(C)=O,O,CS(C)=O,CS(C)=O,CCC(C)(C)O,,,79200.0,0.0,0.0,100.0
CN1C(=O)C[C@@](C)(c2cc(Br)cs2)N/C1=N/C(=O)OC(C)(C)C,OB(O)c1cccnc1,,,,CN(C)c1ccc([PH](C(C)(C)C)(C(C)(C)C)[Pd]2([O]S(C)(=O)=O)[NH]c3ccccc3-c3cccc[c]32)cc1,CS(C)=O,O,CS(C)=O,CS(C)=O,CCC(C)(C)O,,,79200.0,0.0,0.0,47.605709075927734
CCn1c(=O)c2c(nc(N[C@@H]3CCC[C@H]3O)n2Cc2ccc(OC)c(Br)c2)n(CCO)c1=O,CN(C)c1ccc(B2OC(C)(C)C(C)(C)O2)cc1,,,,CN(C)c1ccc([PH](C(C)(C)C)(C(C)(C)C)[Pd]2([O]S(C)(=O)=O)[NH]c3ccccc3-c3cccc[c]32)cc1,CS(C)=O,O,CS(C)=O,CS(C)=O,CCC(C)(C)O,,,79200.0,0.0,0.0,91.8013687133789
O=C1NCCc2[nH]c(-c3ccnc(Br)c3)cc21,CC1(C)OB(c2cn(S(=O)(=O)c3ccccc3)c3ncccc23)OC1(C)C,,,,CN(C)c1ccc([PH](C(C)(C)C)(C(C)(C)C)[Pd]2([O]S(C)(=O)=O)[NH]c3ccccc3-c3cccc[c]32)cc1,CS(C)=O,O,CS(C)=O,CS(C)=O,CS(C)=O,,,79200.0,0.0,0.0,100.0
Brc1ccc(-c2ccccc2)cn1,OB(O)c1cccnc1,,,,CN(C)c1ccc([PH](C(C)(C)C)(C(C)(C)C)[Pd]2([O]S(C)(=O)=O)[NH]c3ccccc3-c3cccc[c]32)cc1,CS(C)=O,O,CS(C)=O,CS(C)=O,CCC(C)(C)O,,,79200.0,0.0,0.0,16.609243392944336
COC(=O)[C@@H]1C[C@@H](OC(=O)N2Cc3cccc(Br)c3C2)CN1C(=O)OCc1ccccc1,CC1(C)OB(c2cnn(Cc3ccccc3)c2)OC1(C)C,,,,CC(C)c1cc(C(C)C)c(-c2ccccc2[PH](C2CCCCC2)(C2CCCCC2)[Pd]2([O]S(C)(=O)=O)[NH]c3ccccc3-c3cccc[c]32)c(C(C)C)c1,CS(C)=O,O,CS(C)=O,CS(C)=O,O,,,79200.0,0.0,0.0,49.690433502197266
Ic1c[nH]c2ncccc12,CC1(C)OB(C2=CCCCC2)OC1(C)C,,,,CC(C)(C)[PH](C(C)(C)C)(C(C)(C)C)[Pd]1([Cl])[NH]c2ccccc2-c2cccc[c]21,CS(C)=O,O,CS(C)=O,CS(C)=O,CCC(C)(C)O,,,79200.0,0.0,0.0,0.0
Brc1ccc(-c2ccccc2)cn1,O=C(NC1CCCC1)c1ccc(B(O)O)cc1,,,,CC(C)(C)[PH](C(C)(C)C)(C(C)(C)C)[Pd]1([Cl])[NH]c2ccccc2-c2cccc[c]21,CS(C)=O,O,CS(C)=O,CS(C)=O,CCC(C)(C)O,,,79200.0,0.0,0.0,19.10670280456543
Brc1ccc(-c2ccccc2)cn1,CC1(C)OB(c2cccc(C3(NC(=O)OCc4ccccc4)CC3)c2)OC1(C)C,,,,CC(C)(C)[PH](C(C)(C)C)(C(C)(C)C)[Pd]1([Cl])[NH]c2ccccc2-c2cccc[c]21,CS(C)=O,O,CS(C)=O,CS(C)=O,CCC(C)(C)O,,,79200.0,0.0,0.0,100.0
CCOC(=O)N1CCC(=C2c3ccc(Cl)cc3CCc3cc(Br)cnc32)CC1,CC1(C)OB(c2cn(S(=O)(=O)c3ccccc3)c3ncccc23)OC1(C)C,,,,CC(C)Oc1cccc(OC(C)C)c1-c1ccccc1[PH](C1CCCCC1)(C1CCCCC1)[Pd]1([O]S(C)(=O)=O)[NH]c2ccccc2-c2cccc[c]21,CS(C)=O,O,CS(C)=O,CS(C)=O,O,,,79200.0,0.0,0.0,28.586034774780273
COC(=O)[C@@H]1C[C@@H](OC(=O)N2Cc3cccc(Br)c3C2)CN1C(=O)OCc1ccccc1,CC1(C)OB(c2cccc(C3(NC(=O)OCc4ccccc4)CC3)c2)OC1(C)C,,,,CC(C)c1cc(C(C)C)c(-c2ccccc2[PH](C2CCCCC2)(C2CCCCC2)[Pd]2([O]S(C)(=O)=O)[NH]c3ccccc3-c3cccc[c]32)c(C(C)C)c1,CS(C)=O,O,CS(C)=O,CS(C)=O,O,,,79200.0,0.0,0.0,100.0
CCCc1nc2ccc(I)cc2c(=O)n1Cc1ccc(-c2ccccc2S(=O)(=O)NC(C)(C)C)cc1,CC1(C)OB(c2ccc(-c3cnccn3)cc2)OC1(C)C,,,,CN(C)c1ccc([PH](C(C)(C)C)(C(C)(C)C)[Pd]2([O]S(C)(=O)=O)[NH]c3ccccc3-c3cccc[c]32)cc1,CS(C)=O,O,CS(C)=O,CS(C)=O,CS(C)=O,,,79200.0,0.0,0.0,97.34373474121094
O=C(NCc1ccc(F)cc1)c1nc(Br)c2cccnc2c1O,CC1(C)OB(c2cnn(Cc3ccccc3)c2)OC1(C)C,,,,CN(C)c1ccc([PH](C(C)(C)C)(C(C)(C)C)[Pd]2([O]S(C)(=O)=O)[NH]c3ccccc3-c3cccc[c]32)cc1,CS(C)=O,O,CS(C)=O,CS(C)=O,CCC(C)(C)O,,,79200.0,0.0,0.0,0.0
CN1C(=O)C[C@@](C)(c2cc(Br)cs2)N/C1=N/C(=O)OC(C)(C)C,CC1(C)OB(c2ccc(-c3cnccn3)cc2)OC1(C)C,,,,CN(C)c1ccc([PH](C(C)(C)C)(C(C)(C)C)[Pd]2([O]S(C)(=O)=O)[NH]c3ccccc3-c3cccc[c]32)cc1,CS(C)=O,O,CS(C)=O,CS(C)=O,CCC(C)(C)O,,,79200.0,0.0,0.0,90.07772064208984
O=C(Nc1ccccc1N1CCNCC1)c1csc(Br)n1,O=C(NC1CCCC1)c1ccc(B(O)O)cc1,,,,CC(C)(C)[PH](C(C)(C)C)(C(C)(C)C)[Pd]1([Cl])[NH]c2ccccc2-c2cccc[c]21,CS(C)=O,O,CS(C)=O,CS(C)=O,CCC(C)(C)O,,,79200.0,0.0,0.0,0.0
Ic1c[nH]c2ncccc12,CC1(C)OB(c2ccc(-c3cnccn3)cc2)OC1(C)C,,,,CN(C)c1ccc([PH](C(C)(C)C)(C(C)(C)C)[Pd]2([O]S(C)(=O)=O)[NH]c3ccccc3-c3cccc[c]32)cc1,CS(C)=O,O,CS(C)=O,CS(C)=O,CS(C)=O,,,79200.0,0.0,0.0,0.0
CCCc1nc2ccc(I)cc2c(=O)n1Cc1ccc(-c2ccccc2S(=O)(=O)NC(C)(C)C)cc1,CC1(C)OB(c2cccc(C3(NC(=O)OCc4ccccc4)CC3)c2)OC1(C)C,,,,CC(C)c1cc(C(C)C)c(-c2ccccc2[PH](C(C)(C)C)(C(C)(C)C)[Pd]2([O]S(C)(=O)=O)[NH]c3ccccc3-c3cccc[c]32)c(C(C)C)c1,CS(C)=O,O,CS(C)=O,CS(C)=O,CS(C)=O,,,79200.0,0.0,0.0,0.0
CCOC(=O)N1CCC(=C2c3ccc(Cl)cc3CCc3cc(Br)cnc32)CC1,CC1(C)OB(c2ccc(-c3cnccn3)cc2)OC1(C)C,,,,CC(C)Oc1cccc(OC(C)C)c1-c1ccccc1[PH](C1CCCCC1)(C1CCCCC1)[Pd]1([O]S(C)(=O)=O)[NH]c2ccccc2-c2cccc[c]21,CS(C)=O,O,CS(C)=O,CS(C)=O,O,,,79200.0,0.0,0.0,100.0
COC(=O)[C@@H]1C[C@@H](OC(=O)N2Cc3cccc(Br)c3C2)CN1C(=O)OCc1ccccc1,CC1(C)OB(c2cnc(-n3cccn3)nc2)OC1(C)C,,,,CC(C)Oc1cccc(OC(C)C)c1-c1ccccc1[PH](C1CCCCC1)(C1CCCCC1)[Pd]1([O]S(C)(=O)=O)[NH]c2ccccc2-c2cccc[c]21,CS(C)=O,O,CS(C)=O,CS(C)=O,O,,,79200.0,0.0,0.0,20.47793197631836
O=C(Nc1ccccc1N1CCNCC1)c1csc(Br)n1,CC1(C)OB(c2cccc(C3(NC(=O)OCc4ccccc4)CC3)c2)OC1(C)C,,,,CC(C)c1cc(C(C)C)c(-c2ccccc2[PH](C2CCCCC2)(C2CCCCC2)[Pd]2([O]S(C)(=O)=O)[NH]c3ccccc3-c3cccc[c]32)c(C(C)C)c1,CS(C)=O,O,CS(C)=O,CS(C)=O,O,,,79200.0,0.0,0.0,16.618852615356445
O=C(NCc1ccc(F)cc1)c1nc(Br)c2cccnc2c1O,O=C(NC1CCCC1)c1ccc(B(O)O)cc1,,,,CC(C)c1cc(C(C)C)c(-c2ccccc2[PH](C2CCCCC2)(C2CCCCC2)[Pd]2([O]S(C)(=O)=O)[NH]c3ccccc3-c3cccc[c]32)c(C(C)C)c1,CS(C)=O,O,CS(C)=O,CS(C)=O,O,,,79200.0,0.0,0.0,0.0
COC(=O)[C@@H]1C[C@@H](OC(=O)N2Cc3cccc(Br)c3C2)CN1C(=O)OCc1ccccc1,CC1(C)OB(C2=CCCCC2)OC1(C)C,,,,CC(C)c1cc(C(C)C)c(-c2ccccc2[PH](C(C)(C)C)(C(C)(C)C)[Pd]2([O]S(C)(=O)=O)[NH]c3ccccc3-c3cccc[c]32)c(C(C)C)c1,CS(C)=O,O,CS(C)=O,CS(C)=O,CS(C)=O,,,79200.0,0.0,0.0,55.31737518310547
CN1C(=O)C[C@@](C)(c2cc(Br)cs2)N/C1=N/C(=O)OC(C)(C)C,CN(C)c1ccc(B2OC(C)(C)C(C)(C)O2)cc1,,,,CC(C)c1cc(C(C)C)c(-c2ccccc2[PH](C(C)(C)C)(C(C)(C)C)[Pd]2([O]S(C)(=O)=O)[NH]c3ccccc3-c3cccc[c]32)c(C(C)C)c1,CS(C)=O,O,CS(C)=O,CS(C)=O,CS(C)=O,,,79200.0,0.0,0.0,0.0
O=C(NCc1ccc(F)cc1)c1nc(Br)c2cccnc2c1O,OB(O)c1cccnc1,,,,CN(C)c1ccc([PH](C(C)(C)C)(C(C)(C)C)[Pd]2([O]S(C)(=O)=O)[NH]c3ccccc3-c3cccc[c]32)cc1,CS(C)=O,O,CS(C)=O,CS(C)=O,CS(C)=O,,,79200.0,0.0,0.0,14.6248779296875
O=C1NCCc2[nH]c(-c3ccnc(Br)c3)cc21,CC1(C)OB(c2cccc(C3(NC(=O)OCc4ccccc4)CC3)c2)OC1(C)C,,,,CC(C)c1cc(C(C)C)c(-c2ccccc2[PH](C2CCCCC2)(C2CCCCC2)[Pd]2([O]S(C)(=O)=O)[NH]c3ccccc3-c3cccc[c]32)c(C(C)C)c1,CS(C)=O,O,CS(C)=O,CS(C)=O,O,,,79200.0,0.0,0.0,100.0
CCn1c(=O)c2c(nc(N[C@@H]3CCC[C@H]3O)n2Cc2ccc(OC)c(Br)c2)n(CCO)c1=O,CC1(C)OB(c2cccc(C3(NC(=O)OCc4ccccc4)CC3)c2)OC1(C)C,,,,CC(C)c1cc(C(C)C)c(-c2ccccc2[PH](C2CCCCC2)(C2CCCCC2)[Pd]2([O]S(C)(=O)=O)[NH]c3ccccc3-c3cccc[c]32)c(C(C)C)c1,CS(C)=O,O,CS(C)=O,CS(C)=O,O,,,79200.0,0.0,0.0,100.0
Brc1ccc(-c2ccccc2)cn1,CN(C)c1ccc(B2OC(C)(C)C(C)(C)O2)cc1,,,,CC(C)c1cc(C(C)C)c(-c2ccccc2[PH](C2CCCCC2)(C2CCCCC2)[Pd]2([O]S(C)(=O)=O)[NH]c3ccccc3-c3cccc[c]32)c(C(C)C)c1,CS(C)=O,O,CS(C)=O,CS(C)=O,O,,,79200.0,0.0,0.0,46.721824645996094
COC(=O)[C@@H]1C[C@@H](OC(=O)N2Cc3cccc(Br)c3C2)CN1C(=O)OCc1ccccc1,O=C(NC1CCCC1)c1ccc(B(O)O)cc1,,,,CN(C)c1ccc([PH](C(C)(C)C)(C(C)(C)C)[Pd]2([O]S(C)(=O)=O)[NH]c3ccccc3-c3cccc[c]32)cc1,CS(C)=O,O,CS(C)=O,CS(C)=O,CS(C)=O,,,79200.0,0.0,0.0,100.0
CC(=O)NC(C)(C)[C@@H]1CC2(CCN(C(=O)OC(C)(C)C)CC2)c2cc(Cl)c(C)cc21,CC1(C)OB(c2cnn(Cc3ccccc3)c2)OC1(C)C,,,,CN(C)c1ccc([PH](C(C)(C)C)(C(C)(C)C)[Pd]2([O]S(C)(=O)=O)[NH]c3ccccc3-c3cccc[c]32)cc1,CS(C)=O,O,CS(C)=O,CS(C)=O,CCC(C)(C)O,,,79200.0,0.0,0.0,0.0
Ic1c[nH]c2ncccc12,CC1(C)OB(c2cn(S(=O)(=O)c3ccccc3)c3ncccc23)OC1(C)C,,,,CN(C)c1ccc([PH](C(C)(C)C)(C(C)(C)C)[Pd]2([O]S(C)(=O)=O)[NH]c3ccccc3-c3cccc[c]32)cc1,CS(C)=O,O,CS(C)=O,CS(C)=O,CS(C)=O,,,79200.0,0.0,0.0,0.0
Ic1c[nH]c2ncccc12,OB(O)c1cccnc1,,,,CC(C)c1cc(C(C)C)c(-c2ccccc2[PH](C2CCCCC2)(C2CCCCC2)[Pd]2([O]S(C)(=O)=O)[NH]c3ccccc3-c3cccc[c]32)c(C(C)C)c1,CS(C)=O,O,CS(C)=O,CS(C)=O,O,,,79200.0,0.0,0.0,0.0
CN1C(=O)C[C@@](C)(c2sccc2Cl)N/C1=N/C(=O)OC(C)(C)C,CC1(C)OB(c2cn(S(=O)(=O)c3ccccc3)c3ncccc23)OC1(C)C,,,,CN(C)c1ccc([PH](C(C)(C)C)(C(C)(C)C)[Pd]2([O]S(C)(=O)=O)[NH]c3ccccc3-c3cccc[c]32)cc1,CS(C)=O,O,CS(C)=O,CS(C)=O,CS(C)=O,,,79200.0,0.0,0.0,0.0
O=C(NCc1ccc(F)cc1)c1nc(Br)c2cccnc2c1O,CN(C)c1ccc(B2OC(C)(C)C(C)(C)O2)cc1,,,,CC(C)(C)[PH](C(C)(C)C)(C(C)(C)C)[Pd]1([Cl])[NH]c2ccccc2-c2cccc[c]21,CS(C)=O,O,CS(C)=O,CS(C)=O,CCC(C)(C)O,,,79200.0,0.0,0.0,0.0
COC(=O)[C@@H]1C[C@@H](OC(=O)N2Cc3cccc(Br)c3C2)CN1C(=O)OCc1ccccc1,OB(O)c1cccnc1,,,,CC(C)c1cc(C(C)C)c(-c2ccccc2[PH](C(C)(C)C)(C(C)(C)C)[Pd]2([O]S(C)(=O)=O)[NH]c3ccccc3-c3cccc[c]32)c(C(C)C)c1,CS(C)=O,O,CS(C)=O,CS(C)=O,CS(C)=O,,,79200.0,0.0,0.0,64.96049499511719
CCCc1nc2ccc(I)cc2c(=O)n1Cc1ccc(-c2ccccc2S(=O)(=O)NC(C)(C)C)cc1,CN(C)c1ccc(B2OC(C)(C)C(C)(C)O2)cc1,,,,CC(C)(C)[PH](C(C)(C)C)(C(C)(C)C)[Pd]1([Cl])[NH]c2ccccc2-c2cccc[c]21,CS(C)=O,O,CS(C)=O,CS(C)=O,CCC(C)(C)O,,,79200.0,0.0,0.0,77.81190490722656
CCOC(=O)N1CCC(=C2c3ccc(Cl)cc3CCc3cc(Br)cnc32)CC1,OB(O)c1cccnc1,,,,CN(C)c1ccc([PH](C(C)(C)C)(C(C)(C)C)[Pd]2([O]S(C)(=O)=O)[NH]c3ccccc3-c3cccc[c]32)cc1,CS(C)=O,O,CS(C)=O,CS(C)=O,CS(C)=O,,,79200.0,0.0,0.0,52.34918212890625
CN1C(=O)C[C@@](C)(c2cc(Br)cs2)N/C1=N/C(=O)OC(C)(C)C,OB(O)c1cccnc1,,,,CN(C)c1ccc([PH](C(C)(C)C)(C(C)(C)C)[Pd]2([O]S(C)(=O)=O)[NH]c3ccccc3-c3cccc[c]32)cc1,CS(C)=O,O,CS(C)=O,CS(C)=O,CS(C)=O,,,79200.0,0.0,0.0,43.31297302246094
CCn1c(=O)c2c(nc(N[C@@H]3CCC[C@H]3O)n2Cc2ccc(OC)c(Br)c2)n(CCO)c1=O,CC1(C)OB(c2cn(S(=O)(=O)c3ccccc3)c3ncccc23)OC1(C)C,,,,CC(C)c1cc(C(C)C)c(-c2ccccc2[PH](C(C)(C)C)(C(C)(C)C)[Pd]2([O]S(C)(=O)=O)[NH]c3ccccc3-c3cccc[c]32)c(C(C)C)c1,CS(C)=O,O,CS(C)=O,CS(C)=O,CS(C)=O,,,79200.0,0.0,0.0,4.967041015625
CCn1c(=O)c2c(nc(N[C@@H]3CCC[C@H]3O)n2Cc2ccc(OC)c(Br)c2)n(CCO)c1=O,O=C(NC1CCCC1)c1ccc(B(O)O)cc1,,,,CC(C)(C)[PH](C(C)(C)C)(C(C)(C)C)[Pd]1([Cl])[NH]c2ccccc2-c2cccc[c]21,CS(C)=O,O,CS(C)=O,CS(C)=O,CCC(C)(C)O,,,79200.0,0.0,0.0,91.24009704589844
CC(=O)NC(C)(C)[C@@H]1CC2(CCN(C(=O)OC(C)(C)C)CC2)c2cc(Cl)c(C)cc21,OB(O)c1cccnc1,,,,CN(C)c1ccc([PH](C(C)(C)C)(C(C)(C)C)[Pd]2([O]S(C)(=O)=O)[NH]c3ccccc3-c3cccc[c]32)cc1,CS(C)=O,O,CS(C)=O,CS(C)=O,CCC(C)(C)O,,,79200.0,0.0,0.0,0.0
O=C(Nc1ccccc1N1CCNCC1)c1csc(Br)n1,O=C(NC1CCCC1)c1ccc(B(O)O)cc1,,,,CN(C)c1ccc([PH](C(C)(C)C)(C(C)(C)C)[Pd]2([O]S(C)(=O)=O)[NH]c3ccccc3-c3cccc[c]32)cc1,CS(C)=O,O,CS(C)=O,CS(C)=O,CCC(C)(C)O,,,79200.0,0.0,0.0,4.2375898361206055
O=C(NCc1ccc(F)cc1)c1nc(Br)c2cccnc2c1O,CC1(C)OB(c2cnc(-n3cccn3)nc2)OC1(C)C,,,,CN(C)c1ccc([PH](C(C)(C)C)(C(C)(C)C)[Pd]2([O]S(C)(=O)=O)[NH]c3ccccc3-c3cccc[c]32)cc1,CS(C)=O,O,CS(C)=O,CS(C)=O,CCC(C)(C)O,,,79200.0,0.0,0.0,0.0
Brc1ccc(-c2ccccc2)cn1,OB(O)c1cccnc1,,,,CC(C)(C)[PH](C(C)(C)C)(C(C)(C)C)[Pd]1([Cl])[NH]c2ccccc2-c2cccc[c]21,CS(C)=O,O,CS(C)=O,CS(C)=O,CCC(C)(C)O,,,79200.0,0.0,0.0,1.1974838972091675
CC(=O)NC(C)(C)[C@@H]1CC2(CCN(C(=O)OC(C)(C)C)CC2)c2cc(Cl)c(C)cc21,CC1(C)OB(c2cnn(Cc3ccccc3)c2)OC1(C)C,,,,CC(C)c1cc(C(C)C)c(-c2ccccc2[PH](C(C)(C)C)(C(C)(C)C)[Pd]2([O]S(C)(=O)=O)[NH]c3ccccc3-c3cccc[c]32)c(C(C)C)c1,CS(C)=O,O,CS(C)=O,CS(C)=O,CS(C)=O,,,79200.0,0.0,0.0,0.0
COC(=O)[C@@H]1C[C@@H](OC(=O)N2Cc3cccc(Br)c3C2)CN1C(=O)OCc1ccccc1,CC1(C)OB(c2cnn(Cc3ccccc3)c2)OC1(C)C,,,,CC(C)c1cc(C(C)C)c(-c2ccccc2[PH](C2CCCCC2)(C2CCCCC2)[Pd]2([O]S(C)(=O)=O)[NH]c3ccccc3-c3cccc[c]32)c(C(C)C)c1,CS(C)=O,O,CS(C)=O,CS(C)=O,O,,,79200.0,0.0,0.0,77.34367370605469
O=C(Nc1ccccc1N1CCNCC1)c1csc(Br)n1,CC1(C)OB(C2=CCCCC2)OC1(C)C,,,,CN(C)c1ccc([PH](C(C)(C)C)(C(C)(C)C)[Pd]2([O]S(C)(=O)=O)[NH]c3ccccc3-c3cccc[c]32)cc1,CS(C)=O,O,CS(C)=O,CS(C)=O,CCC(C)(C)O,,,79200.0,0.0,0.0,4.215000152587891
COC(=O)[C@@H]1C[C@@H](OC(=O)N2Cc3cccc(Br)c3C2)CN1C(=O)OCc1ccccc1,CC1(C)OB(c2cnn(Cc3ccccc3)c2)OC1(C)C,,,,CC(C)c1cc(C(C)C)c(-c2ccccc2[PH](C(C)(C)C)(C(C)(C)C)[Pd]2([O]S(C)(=O)=O)[NH]c3ccccc3-c3cccc[c]32)c(C(C)C)c1,CS(C)=O,O,CS(C)=O,CS(C)=O,CS(C)=O,,,79200.0,0.0,0.0,78.5820541381836
CCOC(=O)N1CCC(=C2c3ccc(Cl)cc3CCc3cc(Br)cnc32)CC1,CC1(C)OB(c2ccc(-c3cnccn3)cc2)OC1(C)C,,,,CC(C)c1cc(C(C)C)c(-c2ccccc2[PH](C(C)(C)C)(C(C)(C)C)[Pd]2([O]S(C)(=O)=O)[NH]c3ccccc3-c3cccc[c]32)c(C(C)C)c1,CS(C)=O,O,CS(C)=O,CS(C)=O,CS(C)=O,,,79200.0,0.0,0.0,100.0
CCOC(=O)N1CCC(=C2c3ccc(Cl)cc3CCc3cc(Br)cnc32)CC1,CC1(C)OB(c2cnc(-n3cccn3)nc2)OC1(C)C,,,,CC(C)c1cc(C(C)C)c(-c2ccccc2[PH](C2CCCCC2)(C2CCCCC2)[Pd]2([O]S(C)(=O)=O)[NH]c3ccccc3-c3cccc[c]32)c(C(C)C)c1,CS(C)=O,O,CS(C)=O,CS(C)=O,O,,,79200.0,0.0,0.0,81.56121063232422
CC(=O)NC(C)(C)[C@@H]1CC2(CCN(C(=O)OC(C)(C)C)CC2)c2cc(Cl)c(C)cc21,CC1(C)OB(c2cn(S(=O)(=O)c3ccccc3)c3ncccc23)OC1(C)C,,,,CC(C)c1cc(C(C)C)c(-c2ccccc2[PH](C2CCCCC2)(C2CCCCC2)[Pd]2([O]S(C)(=O)=O)[NH]c3ccccc3-c3cccc[c]32)c(C(C)C)c1,CS(C)=O,O,CS(C)=O,CS(C)=O,O,,,79200.0,0.0,0.0,100.0
CCOC(=O)N1CCC(=C2c3ccc(Cl)cc3CCc3cc(Br)cnc32)CC1,CC1(C)OB(c2cn(S(=O)(=O)c3ccccc3)c3ncccc23)OC1(C)C,,,,CC(C)(C)[PH](C(C)(C)C)(C(C)(C)C)[Pd]1([Cl])[NH]c2ccccc2-c2cccc[c]21,CS(C)=O,O,CS(C)=O,CS(C)=O,CCC(C)(C)O,,,79200.0,0.0,0.0,69.79590606689453
CN1C(=O)C[C@@](C)(c2cc(Br)cs2)N/C1=N/C(=O)OC(C)(C)C,CC1(C)OB(c2cn(S(=O)(=O)c3ccccc3)c3ncccc23)OC1(C)C,,,,CC(C)(C)[PH](C(C)(C)C)(C(C)(C)C)[Pd]1([Cl])[NH]c2ccccc2-c2cccc[c]21,CS(C)=O,O,CS(C)=O,CS(C)=O,CCC(C)(C)O,,,79200.0,0.0,0.0,100.0
CCOC(=O)N1CCC(=C2c3ccc(Cl)cc3CCc3cc(Br)cnc32)CC1,CC1(C)OB(c2ccc(-c3cnccn3)cc2)OC1(C)C,,,,CC(C)c1cc(C(C)C)c(-c2ccccc2[PH](C2CCCCC2)(C2CCCCC2)[Pd]2([O]S(C)(=O)=O)[NH]c3ccccc3-c3cccc[c]32)c(C(C)C)c1,CS(C)=O,O,CS(C)=O,CS(C)=O,O,,,79200.0,0.0,0.0,100.0
Ic1c[nH]c2ncccc12,CC1(C)OB(C2=CCCCC2)OC1(C)C,,,,CN(C)c1ccc([PH](C(C)(C)C)(C(C)(C)C)[Pd]2([O]S(C)(=O)=O)[NH]c3ccccc3-c3cccc[c]32)cc1,CS(C)=O,O,CS(C)=O,CS(C)=O,CS(C)=O,,,79200.0,0.0,0.0,0.0
O=C(Nc1ccccc1N1CCNCC1)c1csc(Br)n1,Cc1cc(O)ccc1B1OC(C)(C)C(C)(C)O1,,,,CC(C)c1cc(C(C)C)c(-c2ccccc2[PH](C(C)(C)C)(C(C)(C)C)[Pd]2([O]S(C)(=O)=O)[NH]c3ccccc3-c3cccc[c]32)c(C(C)C)c1,CS(C)=O,O,CS(C)=O,CS(C)=O,CS(C)=O,,,79200.0,0.0,0.0,2.5756208896636963
CN1C(=O)C[C@@](C)(c2cc(Br)cs2)N/C1=N/C(=O)OC(C)(C)C,CC1(C)OB(c2cccc(C3(NC(=O)OCc4ccccc4)CC3)c2)OC1(C)C,,,,CC(C)c1cc(C(C)C)c(-c2ccccc2[PH](C2CCCCC2)(C2CCCCC2)[Pd]2([O]S(C)(=O)=O)[NH]c3ccccc3-c3cccc[c]32)c(C(C)C)c1,CS(C)=O,O,CS(C)=O,CS(C)=O,O,,,79200.0,0.0,0.0,100.0
O=C(NCc1ccc(F)cc1)c1nc(Br)c2cccnc2c1O,OB(O)c1cccnc1,,,,CC(C)Oc1cccc(OC(C)C)c1-c1ccccc1[PH](C1CCCCC1)(C1CCCCC1)[Pd]1([O]S(C)(=O)=O)[NH]c2ccccc2-c2cccc[c]21,CS(C)=O,O,CS(C)=O,CS(C)=O,O,,,79200.0,0.0,0.0,21.411672592163086
CN1C(=O)C[C@@](C)(c2cc(Br)cs2)N/C1=N/C(=O)OC(C)(C)C,O=C(NC1CCCC1)c1ccc(B(O)O)cc1,,,,CN(C)c1ccc([PH](C(C)(C)C)(C(C)(C)C)[Pd]2([O]S(C)(=O)=O)[NH]c3ccccc3-c3cccc[c]32)cc1,CS(C)=O,O,CS(C)=O,CS(C)=O,CS(C)=O,,,79200.0,0.0,0.0,11.870546340942383
O=C(NCc1ccc(F)cc1)c1nc(Br)c2cccnc2c1O,CC1(C)OB(c2ccc(-c3cnccn3)cc2)OC1(C)C,,,,CC(C)c1cc(C(C)C)c(-c2ccccc2[PH](C2CCCCC2)(C2CCCCC2)[Pd]2([O]S(C)(=O)=O)[NH]c3ccccc3-c3cccc[c]32)c(C(C)C)c1,CS(C)=O,O,CS(C)=O,CS(C)=O,O,,,79200.0,0.0,0.0,0.0
CN1C(=O)C[C@@](C)(c2cc(Br)cs2)N/C1=N/C(=O)OC(C)(C)C,CC1(C)OB(c2cccc(C3(NC(=O)OCc4ccccc4)CC3)c2)OC1(C)C,,,,CN(C)c1ccc([PH](C(C)(C)C)(C(C)(C)C)[Pd]2([O]S(C)(=O)=O)[NH]c3ccccc3-c3cccc[c]32)cc1,CS(C)=O,O,CS(C)=O,CS(C)=O,CS(C)=O,,,79200.0,0.0,0.0,46.44546890258789
O=C1NCCc2[nH]c(-c3ccnc(Br)c3)cc21,CC1(C)OB(C2=CCCCC2)OC1(C)C,,,,CC(C)Oc1cccc(OC(C)C)c1-c1ccccc1[PH](C1CCCCC1)(C1CCCCC1)[Pd]1([O]S(C)(=O)=O)[NH]c2ccccc2-c2cccc[c]21,CS(C)=O,O,CS(C)=O,CS(C)=O,O,,,79200.0,0.0,0.0,64.38298797607422
Brc1ccc(-c2ccccc2)cn1,O=C(NC1CCCC1)c1ccc(B(O)O)cc1,,,,CN(C)c1ccc([PH](C(C)(C)C)(C(C)(C)C)[Pd]2([O]S(C)(=O)=O)[NH]c3ccccc3-c3cccc[c]32)cc1,CS(C)=O,O,CS(C)=O,CS(C)=O,CCC(C)(C)O,,,79200.0,0.0,0.0,27.883010864257812
COC(=O)[C@@H]1C[C@@H](OC(=O)N2Cc3cccc(Br)c3C2)CN1C(=O)OCc1ccccc1,Cc1cc(O)ccc1B1OC(C)(C)C(C)(C)O1,,,,CC(C)c1cc(C(C)C)c(-c2ccccc2[PH](C(C)(C)C)(C(C)(C)C)[Pd]2([O]S(C)(=O)=O)[NH]c3ccccc3-c3cccc[c]32)c(C(C)C)c1,CS(C)=O,O,CS(C)=O,CS(C)=O,CS(C)=O,,,79200.0,0.0,0.0,74.54544830322266
CCOC(=O)N1CCC(=C2c3ccc(Cl)cc3CCc3cc(Br)cnc32)CC1,Cc1cc(O)ccc1B1OC(C)(C)C(C)(C)O1,,,,CC(C)(C)[PH](C(C)(C)C)(C(C)(C)C)[Pd]1([Cl])[NH]c2ccccc2-c2cccc[c]21,CS(C)=O,O,CS(C)=O,CS(C)=O,CCC(C)(C)O,,,79200.0,0.0,0.0,98.51680755615234
CCOC(=O)N1CCC(=C2c3ccc(Cl)cc3CCc3cc(Br)cnc32)CC1,CC1(C)OB(c2cnn(Cc3ccccc3)c2)OC1(C)C,,,,CC(C)Oc1cccc(OC(C)C)c1-c1ccccc1[PH](C1CCCCC1)(C1CCCCC1)[Pd]1([O]S(C)(=O)=O)[NH]c2ccccc2-c2cccc[c]21,CS(C)=O,O,CS(C)=O,CS(C)=O,O,,,79200.0,0.0,0.0,100.0
CCn1c(=O)c2c(nc(N[C@@H]3CCC[C@H]3O)n2Cc2ccc(OC)c(Br)c2)n(CCO)c1=O,CC1(C)OB(c2cn(S(=O)(=O)c3ccccc3)c3ncccc23)OC1(C)C,,,,CN(C)c1ccc([PH](C(C)(C)C)(C(C)(C)C)[Pd]2([O]S(C)(=O)=O)[NH]c3ccccc3-c3cccc[c]32)cc1,CS(C)=O,O,CS(C)=O,CS(C)=O,CCC(C)(C)O,,,79200.0,0.0,0.0,92.8118896484375
Ic1c[nH]c2ncccc12,CN(C)c1ccc(B2OC(C)(C)C(C)(C)O2)cc1,,,,CN(C)c1ccc([PH](C(C)(C)C)(C(C)(C)C)[Pd]2([O]S(C)(=O)=O)[NH]c3ccccc3-c3cccc[c]32)cc1,CS(C)=O,O,CS(C)=O,CS(C)=O,CS(C)=O,,,79200.0,0.0,0.0,0.0
O=C(Nc1ccccc1N1CCNCC1)c1csc(Br)n1,CC1(C)OB(c2cn(S(=O)(=O)c3ccccc3)c3ncccc23)OC1(C)C,,,,CC(C)c1cc(C(C)C)c(-c2ccccc2[PH](C2CCCCC2)(C2CCCCC2)[Pd]2([O]S(C)(=O)=O)[NH]c3ccccc3-c3cccc[c]32)c(C(C)C)c1,CS(C)=O,O,CS(C)=O,CS(C)=O,O,,,79200.0,0.0,0.0,15.6513032913208
O=C(Nc1ccccc1N1CCNCC1)c1csc(Br)n1,CC1(C)OB(c2cccc(C3(NC(=O)OCc4ccccc4)CC3)c2)OC1(C)C,,,,CN(C)c1ccc([PH](C(C)(C)C)(C(C)(C)C)[Pd]2([O]S(C)(=O)=O)[NH]c3ccccc3-c3cccc[c]32)cc1,CS(C)=O,O,CS(C)=O,CS(C)=O,CS(C)=O,,,79200.0,0.0,0.0,6.944784164428711
CCOC(=O)N1CCC(=C2c3ccc(Cl)cc3CCc3cc(Br)cnc32)CC1,CC1(C)OB(c2cnn(Cc3ccccc3)c2)OC1(C)C,,,,CC(C)Oc1cccc(OC(C)C)c1-c1ccccc1[PH](C1CCCCC1)(C1CCCCC1)[Pd]1([O]S(C)(=O)=O)[NH]c2ccccc2-c2cccc[c]21,CS(C)=O,O,CS(C)=O,CS(C)=O,O,,,79200.0,0.0,0.0,100.0
CCn1c(=O)c2c(nc(N[C@@H]3CCC[C@H]3O)n2Cc2ccc(OC)c(Br)c2)n(CCO)c1=O,Cc1cc(O)ccc1B1OC(C)(C)C(C)(C)O1,,,,CC(C)c1cc(C(C)C)c(-c2ccccc2[PH](C2CCCCC2)(C2CCCCC2)[Pd]2([O]S(C)(=O)=O)[NH]c3ccccc3-c3cccc[c]32)c(C(C)C)c1,CS(C)=O,O,CS(C)=O,CS(C)=O,O,,,79200.0,0.0,0.0,100.0
O=C(NCc1ccc(F)cc1)c1nc(Br)c2cccnc2c1O,CN(C)c1ccc(B2OC(C)(C)C(C)(C)O2)cc1,,,,CN(C)c1ccc([PH](C(C)(C)C)(C(C)(C)C)[Pd]2([O]S(C)(=O)=O)[NH]c3ccccc3-c3cccc[c]32)cc1,CS(C)=O,O,CS(C)=O,CS(C)=O,CS(C)=O,,,79200.0,0.0,0.0,0.0
Ic1c[nH]c2ncccc12,CC1(C)OB(c2cnc(-n3cccn3)nc2)OC1(C)C,,,,CC(C)Oc1cccc(OC(C)C)c1-c1ccccc1[PH](C1CCCCC1)(C1CCCCC1)[Pd]1([O]S(C)(=O)=O)[NH]c2ccccc2-c2cccc[c]21,CS(C)=O,O,CS(C)=O,CS(C)=O,O,,,79200.0,0.0,0.0,0.0
CCOC(=O)N1CCC(=C2c3ccc(Cl)cc3CCc3cc(Br)cnc32)CC1,O=C(NC1CCCC1)c1ccc(B(O)O)cc1,,,,CC(C)Oc1cccc(OC(C)C)c1-c1ccccc1[PH](C1CCCCC1)(C1CCCCC1)[Pd]1([O]S(C)(=O)=O)[NH]c2ccccc2-c2cccc[c]21,CS(C)=O,O,CS(C)=O,CS(C)=O,O,,,79200.0,0.0,0.0,82.86859130859375
Brc1ccc(-c2ccccc2)cn1,O=C(NC1CCCC1)c1ccc(B(O)O)cc1,,,,CC(C)c1cc(C(C)C)c(-c2ccccc2[PH](C2CCCCC2)(C2CCCCC2)[Pd]2([O]S(C)(=O)=O)[NH]c3ccccc3-c3cccc[c]32)c(C(C)C)c1,CS(C)=O,O,CS(C)=O,CS(C)=O,O,,,79200.0,0.0,0.0,19.339513778686523
CCOC(=O)N1CCC(=C2c3ccc(Cl)cc3CCc3cc(Br)cnc32)CC1,CC1(C)OB(C2=CCCCC2)OC1(C)C,,,,CN(C)c1ccc([PH](C(C)(C)C)(C(C)(C)C)[Pd]2([O]S(C)(=O)=O)[NH]c3ccccc3-c3cccc[c]32)cc1,CS(C)=O,O,CS(C)=O,CS(C)=O,CCC(C)(C)O,,,79200.0,0.0,0.0,96.13304901123047
Brc1ccc(-c2ccccc2)cn1,Cc1cc(O)ccc1B1OC(C)(C)C(C)(C)O1,,,,CC(C)c1cc(C(C)C)c(-c2ccccc2[PH](C2CCCCC2)(C2CCCCC2)[Pd]2([O]S(C)(=O)=O)[NH]c3ccccc3-c3cccc[c]32)c(C(C)C)c1,CS(C)=O,O,CS(C)=O,CS(C)=O,O,,,79200.0,0.0,0.0,36.459651947021484
CCn1c(=O)c2c(nc(N[C@@H]3CCC[C@H]3O)n2Cc2ccc(OC)c(Br)c2)n(CCO)c1=O,CC1(C)OB(C2=CCCCC2)OC1(C)C,,,,CC(C)(C)[PH](C(C)(C)C)(C(C)(C)C)[Pd]1([Cl])[NH]c2ccccc2-c2cccc[c]21,CS(C)=O,O,CS(C)=O,CS(C)=O,CCC(C)(C)O,,,79200.0,0.0,0.0,96.91291046142578
CC(=O)NC(C)(C)[C@@H]1CC2(CCN(C(=O)OC(C)(C)C)CC2)c2cc(Cl)c(C)cc21,CC1(C)OB(c2cnc(-n3cccn3)nc2)OC1(C)C,,,,CC(C)c1cc(C(C)C)c(-c2ccccc2[PH](C(C)(C)C)(C(C)(C)C)[Pd]2([O]S(C)(=O)=O)[NH]c3ccccc3-c3cccc[c]32)c(C(C)C)c1,CS(C)=O,O,CS(C)=O,CS(C)=O,CS(C)=O,,,79200.0,0.0,0.0,91.84283447265625
Ic1c[nH]c2ncccc12,CC1(C)OB(c2cnc(-n3cccn3)nc2)OC1(C)C,,,,CN(C)c1ccc([PH](C(C)(C)C)(C(C)(C)C)[Pd]2([O]S(C)(=O)=O)[NH]c3ccccc3-c3cccc[c]32)cc1,CS(C)=O,O,CS(C)=O,CS(C)=O,CCC(C)(C)O,,,79200.0,0.0,0.0,0.0
Brc1ccc(-c2ccccc2)cn1,CN(C)c1ccc(B2OC(C)(C)C(C)(C)O2)cc1,,,,CC(C)Oc1cccc(OC(C)C)c1-c1ccccc1[PH](C1CCCCC1)(C1CCCCC1)[Pd]1([O]S(C)(=O)=O)[NH]c2ccccc2-c2cccc[c]21,CS(C)=O,O,CS(C)=O,CS(C)=O,O,,,79200.0,0.0,0.0,50.008338928222656
CN1C(=O)C[C@@](C)(c2sccc2Cl)N/C1=N/C(=O)OC(C)(C)C,CC1(C)OB(c2cn(S(=O)(=O)c3ccccc3)c3ncccc23)OC1(C)C,,,,CN(C)c1ccc([PH](C(C)(C)C)(C(C)(C)C)[Pd]2([O]S(C)(=O)=O)[NH]c3ccccc3-c3cccc[c]32)cc1,CS(C)=O,O,CS(C)=O,CS(C)=O,CS(C)=O,,,79200.0,0.0,0.0,0.0
O=C(NCc1ccc(F)cc1)c1nc(Br)c2cccnc2c1O,CC1(C)OB(c2cnn(Cc3ccccc3)c2)OC1(C)C,,,,CC(C)(C)[PH](C(C)(C)C)(C(C)(C)C)[Pd]1([Cl])[NH]c2ccccc2-c2cccc[c]21,CS(C)=O,O,CS(C)=O,CS(C)=O,CCC(C)(C)O,,,79200.0,0.0,0.0,0.0
CC(=O)NC(C)(C)[C@@H]1CC2(CCN(C(=O)OC(C)(C)C)CC2)c2cc(Cl)c(C)cc21,CC1(C)OB(c2cnn(Cc3ccccc3)c2)OC1(C)C,,,,CC(C)(C)[PH](C(C)(C)C)(C(C)(C)C)[Pd]1([Cl])[NH]c2ccccc2-c2cccc[c]21,CS(C)=O,O,CS(C)=O,CS(C)=O,CCC(C)(C)O,,,79200.0,0.0,0.0,0.0
CCn1c(=O)c2c(nc(N[C@@H]3CCC[C@H]3O)n2Cc2ccc(OC)c(Br)c2)n(CCO)c1=O,CC1(C)OB(c2cn(S(=O)(=O)c3ccccc3)c3ncccc23)OC1(C)C,,,,CC(C)Oc1cccc(OC(C)C)c1-c1ccccc1[PH](C1CCCCC1)(C1CCCCC1)[Pd]1([O]S(C)(=O)=O)[NH]c2ccccc2-c2cccc[c]21,CS(C)=O,O,CS(C)=O,CS(C)=O,O,,,79200.0,0.0,0.0,88.38514709472656
CCOC(=O)N1CCC(=C2c3ccc(Cl)cc3CCc3cc(Br)cnc32)CC1,Cc1cc(O)ccc1B1OC(C)(C)C(C)(C)O1,,,,CC(C)c1cc(C(C)C)c(-c2ccccc2[PH](C2CCCCC2)(C2CCCCC2)[Pd]2([O]S(C)(=O)=O)[NH]c3ccccc3-c3cccc[c]32)c(C(C)C)c1,CS(C)=O,O,CS(C)=O,CS(C)=O,O,,,79200.0,0.0,0.0,96.11901092529297
CCOC(=O)N1CCC(=C2c3ccc(Cl)cc3CCc3cc(Br)cnc32)CC1,CN(C)c1ccc(B2OC(C)(C)C(C)(C)O2)cc1,,,,CC(C)c1cc(C(C)C)c(-c2ccccc2[PH](C2CCCCC2)(C2CCCCC2)[Pd]2([O]S(C)(=O)=O)[NH]c3ccccc3-c3cccc[c]32)c(C(C)C)c1,CS(C)=O,O,CS(C)=O,CS(C)=O,O,,,79200.0,0.0,0.0,100.0
CN1C(=O)C[C@@](C)(c2cc(Br)cs2)N/C1=N/C(=O)OC(C)(C)C,Cc1cc(O)ccc1B1OC(C)(C)C(C)(C)O1,,,,CN(C)c1ccc([PH](C(C)(C)C)(C(C)(C)C)[Pd]2([O]S(C)(=O)=O)[NH]c3ccccc3-c3cccc[c]32)cc1,CS(C)=O,O,CS(C)=O,CS(C)=O,CCC(C)(C)O,,,79200.0,0.0,0.0,86.3747787475586
Ic1c[nH]c2ncccc12,O=C(NC1CCCC1)c1ccc(B(O)O)cc1,,,,CN(C)c1ccc([PH](C(C)(C)C)(C(C)(C)C)[Pd]2([O]S(C)(=O)=O)[NH]c3ccccc3-c3cccc[c]32)cc1,CS(C)=O,O,CS(C)=O,CS(C)=O,CCC(C)(C)O,,,79200.0,0.0,0.0,0.0
O=C1NCCc2[nH]c(-c3ccnc(Br)c3)cc21,CC1(C)OB(c2ccc(-c3cnccn3)cc2)OC1(C)C,,,,CN(C)c1ccc([PH](C(C)(C)C)(C(C)(C)C)[Pd]2([O]S(C)(=O)=O)[NH]c3ccccc3-c3cccc[c]32)cc1,CS(C)=O,O,CS(C)=O,CS(C)=O,CCC(C)(C)O,,,79200.0,0.0,0.0,19.94755744934082
CCCc1nc2ccc(I)cc2c(=O)n1Cc1ccc(-c2ccccc2S(=O)(=O)NC(C)(C)C)cc1,OB(O)c1cccnc1,,,,CN(C)c1ccc([PH](C(C)(C)C)(C(C)(C)C)[Pd]2([O]S(C)(=O)=O)[NH]c3ccccc3-c3cccc[c]32)cc1,CS(C)=O,O,CS(C)=O,CS(C)=O,CS(C)=O,,,79200.0,0.0,0.0,100.0
CN1C(=O)C[C@@](C)(c2sccc2Cl)N/C1=N/C(=O)OC(C)(C)C,CC1(C)OB(c2cn(S(=O)(=O)c3ccccc3)c3ncccc23)OC1(C)C,,,,CC(C)c1cc(C(C)C)c(-c2ccccc2[PH](C2CCCCC2)(C2CCCCC2)[Pd]2([O]S(C)(=O)=O)[NH]c3ccccc3-c3cccc[c]32)c(C(C)C)c1,CS(C)=O,O,CS(C)=O,CS(C)=O,O,,,79200.0,0.0,0.0,0.0
O=C1NCCc2[nH]c(-c3ccnc(Br)c3)cc21,O=C(NC1CCCC1)c1ccc(B(O)O)cc1,,,,CN(C)c1ccc([PH](C(C)(C)C)(C(C)(C)C)[Pd]2([O]S(C)(=O)=O)[NH]c3ccccc3-c3cccc[c]32)cc1,CS(C)=O,O,CS(C)=O,CS(C)=O,CS(C)=O,,,79200.0,0.0,0.0,0.0
O=C(Nc1ccccc1N1CCNCC1)c1csc(Br)n1,CN(C)c1ccc(B2OC(C)(C)C(C)(C)O2)cc1,,,,CN(C)c1ccc([PH](C(C)(C)C)(C(C)(C)C)[Pd]2([O]S(C)(=O)=O)[NH]c3ccccc3-c3cccc[c]32)cc1,CS(C)=O,O,CS(C)=O,CS(C)=O,CCC(C)(C)O,,,79200.0,0.0,0.0,2.7299842834472656
O=C(Nc1ccccc1N1CCNCC1)c1csc(Br)n1,Cc1cc(O)ccc1B1OC(C)(C)C(C)(C)O1,,,,CN(C)c1ccc([PH](C(C)(C)C)(C(C)(C)C)[Pd]2([O]S(C)(=O)=O)[NH]c3ccccc3-c3cccc[c]32)cc1,CS(C)=O,O,CS(C)=O,CS(C)=O,CS(C)=O,,,79200.0,0.0,0.0,1.1961252689361572
CCOC(=O)N1CCC(=C2c3ccc(Cl)cc3CCc3cc(Br)cnc32)CC1,CN(C)c1ccc(B2OC(C)(C)C(C)(C)O2)cc1,,,,CC(C)(C)[PH](C(C)(C)C)(C(C)(C)C)[Pd]1([Cl])[NH]c2ccccc2-c2cccc[c]21,CS(C)=O,O,CS(C)=O,CS(C)=O,CCC(C)(C)O,,,79200.0,0.0,0.0,93.3736572265625
O=C(Nc1ccccc1N1CCNCC1)c1csc(Br)n1,CC1(C)OB(c2ccc(-c3cnccn3)cc2)OC1(C)C,,,,CC(C)c1cc(C(C)C)c(-c2ccccc2[PH](C(C)(C)C)(C(C)(C)C)[Pd]2([O]S(C)(=O)=O)[NH]c3ccccc3-c3cccc[c]32)c(C(C)C)c1,CS(C)=O,O,CS(C)=O,CS(C)=O,CS(C)=O,,,79200.0,0.0,0.0,0.0
CCOC(=O)N1CCC(=C2c3ccc(Cl)cc3CCc3cc(Br)cnc32)CC1,CC1(C)OB(c2ccc(-c3cnccn3)cc2)OC1(C)C,,,,CC(C)c1cc(C(C)C)c(-c2ccccc2[PH](C2CCCCC2)(C2CCCCC2)[Pd]2([O]S(C)(=O)=O)[NH]c3ccccc3-c3cccc[c]32)c(C(C)C)c1,CS(C)=O,O,CS(C)=O,CS(C)=O,O,,,79200.0,0.0,0.0,94.84256744384766
O=C1NCCc2[nH]c(-c3ccnc(Br)c3)cc21,CC1(C)OB(c2cn(S(=O)(=O)c3ccccc3)c3ncccc23)OC1(C)C,,,,CC(C)c1cc(C(C)C)c(-c2ccccc2[PH](C2CCCCC2)(C2CCCCC2)[Pd]2([O]S(C)(=O)=O)[NH]c3ccccc3-c3cccc[c]32)c(C(C)C)c1,CS(C)=O,O,CS(C)=O,CS(C)=O,O,,,79200.0,0.0,0.0,100.0
Brc1ccc(-c2ccccc2)cn1,OB(O)c1cccnc1,,,,CC(C)Oc1cccc(OC(C)C)c1-c1ccccc1[PH](C1CCCCC1)(C1CCCCC1)[Pd]1([O]S(C)(=O)=O)[NH]c2ccccc2-c2cccc[c]21,CS(C)=O,O,CS(C)=O,CS(C)=O,O,,,79200.0,0.0,0.0,51.69441223144531
O=C1NCCc2[nH]c(-c3ccnc(Br)c3)cc21,CC1(C)OB(c2cnn(Cc3ccccc3)c2)OC1(C)C,,,,CC(C)c1cc(C(C)C)c(-c2ccccc2[PH](C(C)(C)C)(C(C)(C)C)[Pd]2([O]S(C)(=O)=O)[NH]c3ccccc3-c3cccc[c]32)c(C(C)C)c1,CS(C)=O,O,CS(C)=O,CS(C)=O,CS(C)=O,,,79200.0,0.0,0.0,100.0
CCn1c(=O)c2c(nc(N[C@@H]3CCC[C@H]3O)n2Cc2ccc(OC)c(Br)c2)n(CCO)c1=O,OB(O)c1cccnc1,,,,CC(C)(C)[PH](C(C)(C)C)(C(C)(C)C)[Pd]1([Cl])[NH]c2ccccc2-c2cccc[c]21,CS(C)=O,O,CS(C)=O,CS(C)=O,CCC(C)(C)O,,,79200.0,0.0,0.0,37.91999053955078
CCCc1nc2ccc(I)cc2c(=O)n1Cc1ccc(-c2ccccc2S(=O)(=O)NC(C)(C)C)cc1,O=C(NC1CCCC1)c1ccc(B(O)O)cc1,,,,CN(C)c1ccc([PH](C(C)(C)C)(C(C)(C)C)[Pd]2([O]S(C)(=O)=O)[NH]c3ccccc3-c3cccc[c]32)cc1,CS(C)=O,O,CS(C)=O,CS(C)=O,CS(C)=O,,,79200.0,0.0,0.0,93.36770629882812
CN1C(=O)C[C@@](C)(c2sccc2Cl)N/C1=N/C(=O)OC(C)(C)C,CC1(C)OB(C2=CCCCC2)OC1(C)C,,,,CC(C)c1cc(C(C)C)c(-c2ccccc2[PH](C2CCCCC2)(C2CCCCC2)[Pd]2([O]S(C)(=O)=O)[NH]c3ccccc3-c3cccc[c]32)c(C(C)C)c1,CS(C)=O,O,CS(C)=O,CS(C)=O,O,,,79200.0,0.0,0.0,0.0
CCCc1nc2ccc(I)cc2c(=O)n1Cc1ccc(-c2ccccc2S(=O)(=O)NC(C)(C)C)cc1,CC1(C)OB(C2=CCCCC2)OC1(C)C,,,,CC(C)(C)[PH](C(C)(C)C)(C(C)(C)C)[Pd]1([Cl])[NH]c2ccccc2-c2cccc[c]21,CS(C)=O,O,CS(C)=O,CS(C)=O,CCC(C)(C)O,,,79200.0,0.0,0.0,100.0
CC(=O)NC(C)(C)[C@@H]1CC2(CCN(C(=O)OC(C)(C)C)CC2)c2cc(Cl)c(C)cc21,CC1(C)OB(c2cccc(C3(NC(=O)OCc4ccccc4)CC3)c2)OC1(C)C,,,,CN(C)c1ccc([PH](C(C)(C)C)(C(C)(C)C)[Pd]2([O]S(C)(=O)=O)[NH]c3ccccc3-c3cccc[c]32)cc1,CS(C)=O,O,CS(C)=O,CS(C)=O,CS(C)=O,,,79200.0,0.0,0.0,0.0
CC(=O)NC(C)(C)[C@@H]1CC2(CCN(C(=O)OC(C)(C)C)CC2)c2cc(Cl)c(C)cc21,CC1(C)OB(c2cnc(-n3cccn3)nc2)OC1(C)C,,,,CN(C)c1ccc([PH](C(C)(C)C)(C(C)(C)C)[Pd]2([O]S(C)(=O)=O)[NH]c3ccccc3-c3cccc[c]32)cc1,CS(C)=O,O,CS(C)=O,CS(C)=O,CCC(C)(C)O,,,79200.0,0.0,0.0,0.0
Ic1c[nH]c2ncccc12,CC1(C)OB(c2ccc(-c3cnccn3)cc2)OC1(C)C,,,,CC(C)c1cc(C(C)C)c(-c2ccccc2[PH](C(C)(C)C)(C(C)(C)C)[Pd]2([O]S(C)(=O)=O)[NH]c3ccccc3-c3cccc[c]32)c(C(C)C)c1,CS(C)=O,O,CS(C)=O,CS(C)=O,CS(C)=O,,,79200.0,0.0,0.0,0.0
CCCc1nc2ccc(I)cc2c(=O)n1Cc1ccc(-c2ccccc2S(=O)(=O)NC(C)(C)C)cc1,Cc1cc(O)ccc1B1OC(C)(C)C(C)(C)O1,,,,CN(C)c1ccc([PH](C(C)(C)C)(C(C)(C)C)[Pd]2([O]S(C)(=O)=O)[NH]c3ccccc3-c3cccc[c]32)cc1,CS(C)=O,O,CS(C)=O,CS(C)=O,CCC(C)(C)O,,,79200.0,0.0,0.0,97.4177474975586
Brc1ccc(-c2ccccc2)cn1,CC1(C)OB(c2cn(S(=O)(=O)c3ccccc3)c3ncccc23)OC1(C)C,,,,CC(C)(C)[PH](C(C)(C)C)(C(C)(C)C)[Pd]1([Cl])[NH]c2ccccc2-c2cccc[c]21,CS(C)=O,O,CS(C)=O,CS(C)=O,CCC(C)(C)O,,,79200.0,0.0,0.0,100.0
O=C1NCCc2[nH]c(-c3ccnc(Br)c3)cc21,OB(O)c1cccnc1,,,,CC(C)(C)[PH](C(C)(C)C)(C(C)(C)C)[Pd]1([Cl])[NH]c2ccccc2-c2cccc[c]21,CS(C)=O,O,CS(C)=O,CS(C)=O,CCC(C)(C)O,,,79200.0,0.0,0.0,0.0
O=C(Nc1ccccc1N1CCNCC1)c1csc(Br)n1,CC1(C)OB(c2cnc(-n3cccn3)nc2)OC1(C)C,,,,CC(C)(C)[PH](C(C)(C)C)(C(C)(C)C)[Pd]1([Cl])[NH]c2ccccc2-c2cccc[c]21,CS(C)=O,O,CS(C)=O,CS(C)=O,CCC(C)(C)O,,,79200.0,0.0,0.0,0.0
CN1C(=O)C[C@@](C)(c2sccc2Cl)N/C1=N/C(=O)OC(C)(C)C,CC1(C)OB(c2ccc(-c3cnccn3)cc2)OC1(C)C,,,,CC(C)c1cc(C(C)C)c(-c2ccccc2[PH](C(C)(C)C)(C(C)(C)C)[Pd]2([O]S(C)(=O)=O)[NH]c3ccccc3-c3cccc[c]32)c(C(C)C)c1,CS(C)=O,O,CS(C)=O,CS(C)=O,CS(C)=O,,,79200.0,0.0,0.0,0.0
CN1C(=O)C[C@@](C)(c2cc(Br)cs2)N/C1=N/C(=O)OC(C)(C)C,O=C(NC1CCCC1)c1ccc(B(O)O)cc1,,,,CC(C)(C)[PH](C(C)(C)C)(C(C)(C)C)[Pd]1([Cl])[NH]c2ccccc2-c2cccc[c]21,CS(C)=O,O,CS(C)=O,CS(C)=O,CCC(C)(C)O,,,79200.0,0.0,0.0,10.806305885314941
CC(=O)NC(C)(C)[C@@H]1CC2(CCN(C(=O)OC(C)(C)C)CC2)c2cc(Cl)c(C)cc21,Cc1cc(O)ccc1B1OC(C)(C)C(C)(C)O1,,,,CN(C)c1ccc([PH](C(C)(C)C)(C(C)(C)C)[Pd]2([O]S(C)(=O)=O)[NH]c3ccccc3-c3cccc[c]32)cc1,CS(C)=O,O,CS(C)=O,CS(C)=O,CS(C)=O,,,79200.0,0.0,0.0,0.0
CCn1c(=O)c2c(nc(N[C@@H]3CCC[C@H]3O)n2Cc2ccc(OC)c(Br)c2)n(CCO)c1=O,O=C(NC1CCCC1)c1ccc(B(O)O)cc1,,,,CC(C)c1cc(C(C)C)c(-c2ccccc2[PH](C(C)(C)C)(C(C)(C)C)[Pd]2([O]S(C)(=O)=O)[NH]c3ccccc3-c3cccc[c]32)c(C(C)C)c1,CS(C)=O,O,CS(C)=O,CS(C)=O,CS(C)=O,,,79200.0,0.0,0.0,0.0
CCOC(=O)N1CCC(=C2c3ccc(Cl)cc3CCc3cc(Br)cnc32)CC1,OB(O)c1cccnc1,,,,CC(C)c1cc(C(C)C)c(-c2ccccc2[PH](C2CCCCC2)(C2CCCCC2)[Pd]2([O]S(C)(=O)=O)[NH]c3ccccc3-c3cccc[c]32)c(C(C)C)c1,CS(C)=O,O,CS(C)=O,CS(C)=O,O,,,79200.0,0.0,0.0,48.06036376953125
Brc1ccc(-c2ccccc2)cn1,CC1(C)OB(c2cccc(C3(NC(=O)OCc4ccccc4)CC3)c2)OC1(C)C,,,,CC(C)Oc1cccc(OC(C)C)c1-c1ccccc1[PH](C1CCCCC1)(C1CCCCC1)[Pd]1([O]S(C)(=O)=O)[NH]c2ccccc2-c2cccc[c]21,CS(C)=O,O,CS(C)=O,CS(C)=O,O,,,79200.0,0.0,0.0,62.12173843383789
O=C(Nc1ccccc1N1CCNCC1)c1csc(Br)n1,CC1(C)OB(c2cnc(-n3cccn3)nc2)OC1(C)C,,,,CC(C)c1cc(C(C)C)c(-c2ccccc2[PH](C2CCCCC2)(C2CCCCC2)[Pd]2([O]S(C)(=O)=O)[NH]c3ccccc3-c3cccc[c]32)c(C(C)C)c1,CS(C)=O,O,CS(C)=O,CS(C)=O,O,,,79200.0,0.0,0.0,0.0
Brc1ccc(-c2ccccc2)cn1,OB(O)c1cccnc1,,,,CC(C)c1cc(C(C)C)c(-c2ccccc2[PH](C2CCCCC2)(C2CCCCC2)[Pd]2([O]S(C)(=O)=O)[NH]c3ccccc3-c3cccc[c]32)c(C(C)C)c1,CS(C)=O,O,CS(C)=O,CS(C)=O,O,,,79200.0,0.0,0.0,19.262081146240234
CN1C(=O)C[C@@](C)(c2cc(Br)cs2)N/C1=N/C(=O)OC(C)(C)C,CC1(C)OB(c2ccc(-c3cnccn3)cc2)OC1(C)C,,,,CC(C)Oc1cccc(OC(C)C)c1-c1ccccc1[PH](C1CCCCC1)(C1CCCCC1)[Pd]1([O]S(C)(=O)=O)[NH]c2ccccc2-c2cccc[c]21,CS(C)=O,O,CS(C)=O,CS(C)=O,O,,,79200.0,0.0,0.0,85.1209716796875
CCCc1nc2ccc(I)cc2c(=O)n1Cc1ccc(-c2ccccc2S(=O)(=O)NC(C)(C)C)cc1,CC1(C)OB(c2cnc(-n3cccn3)nc2)OC1(C)C,,,,CC(C)Oc1cccc(OC(C)C)c1-c1ccccc1[PH](C1CCCCC1)(C1CCCCC1)[Pd]1([O]S(C)(=O)=O)[NH]c2ccccc2-c2cccc[c]21,CS(C)=O,O,CS(C)=O,CS(C)=O,O,,,79200.0,0.0,0.0,0.0
CN1C(=O)C[C@@](C)(c2sccc2Cl)N/C1=N/C(=O)OC(C)(C)C,CC1(C)OB(c2cn(S(=O)(=O)c3ccccc3)c3ncccc23)OC1(C)C,,,,CC(C)Oc1cccc(OC(C)C)c1-c1ccccc1[PH](C1CCCCC1)(C1CCCCC1)[Pd]1([O]S(C)(=O)=O)[NH]c2ccccc2-c2cccc[c]21,CS(C)=O,O,CS(C)=O,CS(C)=O,O,,,79200.0,0.0,0.0,0.0
CCOC(=O)N1CCC(=C2c3ccc(Cl)cc3CCc3cc(Br)cnc32)CC1,CC1(C)OB(c2cnc(-n3cccn3)nc2)OC1(C)C,,,,CN(C)c1ccc([PH](C(C)(C)C)(C(C)(C)C)[Pd]2([O]S(C)(=O)=O)[NH]c3ccccc3-c3cccc[c]32)cc1,CS(C)=O,O,CS(C)=O,CS(C)=O,CS(C)=O,,,79200.0,0.0,0.0,61.525325775146484
O=C(NCc1ccc(F)cc1)c1nc(Br)c2cccnc2c1O,OB(O)c1cccnc1,,,,CN(C)c1ccc([PH](C(C)(C)C)(C(C)(C)C)[Pd]2([O]S(C)(=O)=O)[NH]c3ccccc3-c3cccc[c]32)cc1,CS(C)=O,O,CS(C)=O,CS(C)=O,CCC(C)(C)O,,,79200.0,0.0,0.0,4.76634407043457
CCOC(=O)N1CCC(=C2c3ccc(Cl)cc3CCc3cc(Br)cnc32)CC1,OB(O)c1cccnc1,,,,CN(C)c1ccc([PH](C(C)(C)C)(C(C)(C)C)[Pd]2([O]S(C)(=O)=O)[NH]c3ccccc3-c3cccc[c]32)cc1,CS(C)=O,O,CS(C)=O,CS(C)=O,CCC(C)(C)O,,,79200.0,0.0,0.0,59.51176071166992
O=C(Nc1ccccc1N1CCNCC1)c1csc(Br)n1,CN(C)c1ccc(B2OC(C)(C)C(C)(C)O2)cc1,,,,CN(C)c1ccc([PH](C(C)(C)C)(C(C)(C)C)[Pd]2([O]S(C)(=O)=O)[NH]c3ccccc3-c3cccc[c]32)cc1,CS(C)=O,O,CS(C)=O,CS(C)=O,CS(C)=O,,,79200.0,0.0,0.0,0.0
CN1C(=O)C[C@@](C)(c2cc(Br)cs2)N/C1=N/C(=O)OC(C)(C)C,O=C(NC1CCCC1)c1ccc(B(O)O)cc1,,,,CN(C)c1ccc([PH](C(C)(C)C)(C(C)(C)C)[Pd]2([O]S(C)(=O)=O)[NH]c3ccccc3-c3cccc[c]32)cc1,CS(C)=O,O,CS(C)=O,CS(C)=O,CCC(C)(C)O,,,79200.0,0.0,0.0,100.0
Brc1ccc(-c2ccccc2)cn1,Cc1cc(O)ccc1B1OC(C)(C)C(C)(C)O1,,,,CN(C)c1ccc([PH](C(C)(C)C)(C(C)(C)C)[Pd]2([O]S(C)(=O)=O)[NH]c3ccccc3-c3cccc[c]32)cc1,CS(C)=O,O,CS(C)=O,CS(C)=O,CS(C)=O,,,79200.0,0.0,0.0,26.245580673217773
CCOC(=O)N1CCC(=C2c3ccc(Cl)cc3CCc3cc(Br)cnc32)CC1,CC1(C)OB(c2cnn(Cc3ccccc3)c2)OC1(C)C,,,,CN(C)c1ccc([PH](C(C)(C)C)(C(C)(C)C)[Pd]2([O]S(C)(=O)=O)[NH]c3ccccc3-c3cccc[c]32)cc1,CS(C)=O,O,CS(C)=O,CS(C)=O,CS(C)=O,,,79200.0,0.0,0.0,100.0
O=C(Nc1ccccc1N1CCNCC1)c1csc(Br)n1,CC1(C)OB(c2cccc(C3(NC(=O)OCc4ccccc4)CC3)c2)OC1(C)C,,,,CC(C)c1cc(C(C)C)c(-c2ccccc2[PH](C2CCCCC2)(C2CCCCC2)[Pd]2([O]S(C)(=O)=O)[NH]c3ccccc3-c3cccc[c]32)c(C(C)C)c1,CS(C)=O,O,CS(C)=O,CS(C)=O,O,,,79200.0,0.0,0.0,8.23305606842041
CCn1c(=O)c2c(nc(N[C@@H]3CCC[C@H]3O)n2Cc2ccc(OC)c(Br)c2)n(CCO)c1=O,CC1(C)OB(c2ccc(-c3cnccn3)cc2)OC1(C)C,,,,CC(C)(C)[PH](C(C)(C)C)(C(C)(C)C)[Pd]1([Cl])[NH]c2ccccc2-c2cccc[c]21,CS(C)=O,O,CS(C)=O,CS(C)=O,CCC(C)(C)O,,,79200.0,0.0,0.0,100.0
CCn1c(=O)c2c(nc(N[C@@H]3CCC[C@H]3O)n2Cc2ccc(OC)c(Br)c2)n(CCO)c1=O,CC1(C)OB(c2cn(S(=O)(=O)c3ccccc3)c3ncccc23)OC1(C)C,,,,CN(C)c1ccc([PH](C(C)(C)C)(C(C)(C)C)[Pd]2([O]S(C)(=O)=O)[NH]c3ccccc3-c3cccc[c]32)cc1,CS(C)=O,O,CS(C)=O,CS(C)=O,CS(C)=O,,,79200.0,0.0,0.0,98.45632934570312
CCn1c(=O)c2c(nc(N[C@@H]3CCC[C@H]3O)n2Cc2ccc(OC)c(Br)c2)n(CCO)c1=O,CN(C)c1ccc(B2OC(C)(C)C(C)(C)O2)cc1,,,,CC(C)c1cc(C(C)C)c(-c2ccccc2[PH](C(C)(C)C)(C(C)(C)C)[Pd]2([O]S(C)(=O)=O)[NH]c3ccccc3-c3cccc[c]32)c(C(C)C)c1,CS(C)=O,O,CS(C)=O,CS(C)=O,CS(C)=O,,,79200.0,0.0,0.0,45.89070510864258
CC(=O)NC(C)(C)[C@@H]1CC2(CCN(C(=O)OC(C)(C)C)CC2)c2cc(Cl)c(C)cc21,CC1(C)OB(c2cnn(Cc3ccccc3)c2)OC1(C)C,,,,CN(C)c1ccc([PH](C(C)(C)C)(C(C)(C)C)[Pd]2([O]S(C)(=O)=O)[NH]c3ccccc3-c3cccc[c]32)cc1,CS(C)=O,O,CS(C)=O,CS(C)=O,CS(C)=O,,,79200.0,0.0,0.0,0.0
CCn1c(=O)c2c(nc(N[C@@H]3CCC[C@H]3O)n2Cc2ccc(OC)c(Br)c2)n(CCO)c1=O,CC1(C)OB(c2cnn(Cc3ccccc3)c2)OC1(C)C,,,,CC(C)c1cc(C(C)C)c(-c2ccccc2[PH](C(C)(C)C)(C(C)(C)C)[Pd]2([O]S(C)(=O)=O)[NH]c3ccccc3-c3cccc[c]32)c(C(C)C)c1,CS(C)=O,O,CS(C)=O,CS(C)=O,CS(C)=O,,,79200.0,0.0,0.0,62.7877311706543
CCn1c(=O)c2c(nc(N[C@@H]3CCC[C@H]3O)n2Cc2ccc(OC)c(Br)c2)n(CCO)c1=O,Cc1cc(O)ccc1B1OC(C)(C)C(C)(C)O1,,,,CN(C)c1ccc([PH](C(C)(C)C)(C(C)(C)C)[Pd]2([O]S(C)(=O)=O)[NH]c3ccccc3-c3cccc[c]32)cc1,CS(C)=O,O,CS(C)=O,CS(C)=O,CCC(C)(C)O,,,79200.0,0.0,0.0,100.0
O=C(NCc1ccc(F)cc1)c1nc(Br)c2cccnc2c1O,OB(O)c1cccnc1,,,,CC(C)Oc1cccc(OC(C)C)c1-c1ccccc1[PH](C1CCCCC1)(C1CCCCC1)[Pd]1([O]S(C)(=O)=O)[NH]c2ccccc2-c2cccc[c]21,CS(C)=O,O,CS(C)=O,CS(C)=O,O,,,79200.0,0.0,0.0,0.0
Ic1c[nH]c2ncccc12,CN(C)c1ccc(B2OC(C)(C)C(C)(C)O2)cc1,,,,CC(C)c1cc(C(C)C)c(-c2ccccc2[PH](C2CCCCC2)(C2CCCCC2)[Pd]2([O]S(C)(=O)=O)[NH]c3ccccc3-c3cccc[c]32)c(C(C)C)c1,CS(C)=O,O,CS(C)=O,CS(C)=O,O,,,79200.0,0.0,0.0,0.0
O=C(Nc1ccccc1N1CCNCC1)c1csc(Br)n1,CC1(C)OB(C2=CCCCC2)OC1(C)C,,,,CN(C)c1ccc([PH](C(C)(C)C)(C(C)(C)C)[Pd]2([O]S(C)(=O)=O)[NH]c3ccccc3-c3cccc[c]32)cc1,CS(C)=O,O,CS(C)=O,CS(C)=O,CCC(C)(C)O,,,79200.0,0.0,0.0,10.497232437133789
O=C(NCc1ccc(F)cc1)c1nc(Br)c2cccnc2c1O,CC1(C)OB(c2cnn(Cc3ccccc3)c2)OC1(C)C,,,,CC(C)c1cc(C(C)C)c(-c2ccccc2[PH](C2CCCCC2)(C2CCCCC2)[Pd]2([O]S(C)(=O)=O)[NH]c3ccccc3-c3cccc[c]32)c(C(C)C)c1,CS(C)=O,O,CS(C)=O,CS(C)=O,O,,,79200.0,0.0,0.0,29.319416046142578
CCOC(=O)N1CCC(=C2c3ccc(Cl)cc3CCc3cc(Br)cnc32)CC1,OB(O)c1cccnc1,,,,CC(C)Oc1cccc(OC(C)C)c1-c1ccccc1[PH](C1CCCCC1)(C1CCCCC1)[Pd]1([O]S(C)(=O)=O)[NH]c2ccccc2-c2cccc[c]21,CS(C)=O,O,CS(C)=O,CS(C)=O,O,,,79200.0,0.0,0.0,28.598695755004883
Ic1c[nH]c2ncccc12,OB(O)c1cccnc1,,,,CC(C)(C)[PH](C(C)(C)C)(C(C)(C)C)[Pd]1([Cl])[NH]c2ccccc2-c2cccc[c]21,CS(C)=O,O,CS(C)=O,CS(C)=O,CCC(C)(C)O,,,79200.0,0.0,0.0,0.0
CCn1c(=O)c2c(nc(N[C@@H]3CCC[C@H]3O)n2Cc2ccc(OC)c(Br)c2)n(CCO)c1=O,Cc1cc(O)ccc1B1OC(C)(C)C(C)(C)O1,,,,CC(C)(C)[PH](C(C)(C)C)(C(C)(C)C)[Pd]1([Cl])[NH]c2ccccc2-c2cccc[c]21,CS(C)=O,O,CS(C)=O,CS(C)=O,CCC(C)(C)O,,,79200.0,0.0,0.0,91.69050598144531
O=C(Nc1ccccc1N1CCNCC1)c1csc(Br)n1,Cc1cc(O)ccc1B1OC(C)(C)C(C)(C)O1,,,,CN(C)c1ccc([PH](C(C)(C)C)(C(C)(C)C)[Pd]2([O]S(C)(=O)=O)[NH]c3ccccc3-c3cccc[c]32)cc1,CS(C)=O,O,CS(C)=O,CS(C)=O,CCC(C)(C)O,,,79200.0,0.0,0.0,0.0
O=C(NCc1ccc(F)cc1)c1nc(Br)c2cccnc2c1O,CC1(C)OB(C2=CCCCC2)OC1(C)C,,,,CC(C)(C)[PH](C(C)(C)C)(C(C)(C)C)[Pd]1([Cl])[NH]c2ccccc2-c2cccc[c]21,CS(C)=O,O,CS(C)=O,CS(C)=O,CCC(C)(C)O,,,79200.0,0.0,0.0,50.0
O=C(Nc1ccccc1N1CCNCC1)c1csc(Br)n1,CN(C)c1ccc(B2OC(C)(C)C(C)(C)O2)cc1,,,,CC(C)c1cc(C(C)C)c(-c2ccccc2[PH](C(C)(C)C)(C(C)(C)C)[Pd]2([O]S(C)(=O)=O)[NH]c3ccccc3-c3cccc[c]32)c(C(C)C)c1,CS(C)=O,O,CS(C)=O,CS(C)=O,CS(C)=O,,,79200.0,0.0,0.0,0.0
CN1C(=O)C[C@@](C)(c2sccc2Cl)N/C1=N/C(=O)OC(C)(C)C,CC1(C)OB(C2=CCCCC2)OC1(C)C,,,,CC(C)(C)[PH](C(C)(C)C)(C(C)(C)C)[Pd]1([Cl])[NH]c2ccccc2-c2cccc[c]21,CS(C)=O,O,CS(C)=O,CS(C)=O,CCC(C)(C)O,,,79200.0,0.0,0.0,0.0
CCOC(=O)N1CCC(=C2c3ccc(Cl)cc3CCc3cc(Br)cnc32)CC1,OB(O)c1cccnc1,,,,CC(C)c1cc(C(C)C)c(-c2ccccc2[PH](C(C)(C)C)(C(C)(C)C)[Pd]2([O]S(C)(=O)=O)[NH]c3ccccc3-c3cccc[c]32)c(C(C)C)c1,CS(C)=O,O,CS(C)=O,CS(C)=O,CS(C)=O,,,79200.0,0.0,0.0,76.28369903564453
COC(=O)[C@@H]1C[C@@H](OC(=O)N2Cc3cccc(Br)c3C2)CN1C(=O)OCc1ccccc1,CC1(C)OB(c2cccc(C3(NC(=O)OCc4ccccc4)CC3)c2)OC1(C)C,,,,CN(C)c1ccc([PH](C(C)(C)C)(C(C)(C)C)[Pd]2([O]S(C)(=O)=O)[NH]c3ccccc3-c3cccc[c]32)cc1,CS(C)=O,O,CS(C)=O,CS(C)=O,CCC(C)(C)O,,,79200.0,0.0,0.0,100.0
Brc1ccc(-c2ccccc2)cn1,CC1(C)OB(C2=CCCCC2)OC1(C)C,,,,CC(C)c1cc(C(C)C)c(-c2ccccc2[PH](C(C)(C)C)(C(C)(C)C)[Pd]2([O]S(C)(=O)=O)[NH]c3ccccc3-c3cccc[c]32)c(C(C)C)c1,CS(C)=O,O,CS(C)=O,CS(C)=O,CS(C)=O,,,79200.0,0.0,0.0,40.78105545043945
O=C(Nc1ccccc1N1CCNCC1)c1csc(Br)n1,O=C(NC1CCCC1)c1ccc(B(O)O)cc1,,,,CC(C)c1cc(C(C)C)c(-c2ccccc2[PH](C2CCCCC2)(C2CCCCC2)[Pd]2([O]S(C)(=O)=O)[NH]c3ccccc3-c3cccc[c]32)c(C(C)C)c1,CS(C)=O,O,CS(C)=O,CS(C)=O,O,,,79200.0,0.0,0.0,24.323781967163086
CCOC(=O)N1CCC(=C2c3ccc(Cl)cc3CCc3cc(Br)cnc32)CC1,O=C(NC1CCCC1)c1ccc(B(O)O)cc1,,,,CC(C)c1cc(C(C)C)c(-c2ccccc2[PH](C2CCCCC2)(C2CCCCC2)[Pd]2([O]S(C)(=O)=O)[NH]c3ccccc3-c3cccc[c]32)c(C(C)C)c1,CS(C)=O,O,CS(C)=O,CS(C)=O,O,,,79200.0,0.0,0.0,84.37391662597656
O=C(NCc1ccc(F)cc1)c1nc(Br)c2cccnc2c1O,CC1(C)OB(c2cnc(-n3cccn3)nc2)OC1(C)C,,,,CC(C)Oc1cccc(OC(C)C)c1-c1ccccc1[PH](C1CCCCC1)(C1CCCCC1)[Pd]1([O]S(C)(=O)=O)[NH]c2ccccc2-c2cccc[c]21,CS(C)=O,O,CS(C)=O,CS(C)=O,O,,,79200.0,0.0,0.0,0.0
CCOC(=O)N1CCC(=C2c3ccc(Cl)cc3CCc3cc(Br)cnc32)CC1,CC1(C)OB(c2cn(S(=O)(=O)c3ccccc3)c3ncccc23)OC1(C)C,,,,CN(C)c1ccc([PH](C(C)(C)C)(C(C)(C)C)[Pd]2([O]S(C)(=O)=O)[NH]c3ccccc3-c3cccc[c]32)cc1,CS(C)=O,O,CS(C)=O,CS(C)=O,CCC(C)(C)O,,,79200.0,0.0,0.0,92.09719848632812
O=C(Nc1ccccc1N1CCNCC1)c1csc(Br)n1,CC1(C)OB(c2cnn(Cc3ccccc3)c2)OC1(C)C,,,,CC(C)Oc1cccc(OC(C)C)c1-c1ccccc1[PH](C1CCCCC1)(C1CCCCC1)[Pd]1([O]S(C)(=O)=O)[NH]c2ccccc2-c2cccc[c]21,CS(C)=O,O,CS(C)=O,CS(C)=O,O,,,79200.0,0.0,0.0,26.660375595092773
Brc1ccc(-c2ccccc2)cn1,CC1(C)OB(c2cn(S(=O)(=O)c3ccccc3)c3ncccc23)OC1(C)C,,,,CC(C)c1cc(C(C)C)c(-c2ccccc2[PH](C2CCCCC2)(C2CCCCC2)[Pd]2([O]S(C)(=O)=O)[NH]c3ccccc3-c3cccc[c]32)c(C(C)C)c1,CS(C)=O,O,CS(C)=O,CS(C)=O,O,,,79200.0,0.0,0.0,57.8739013671875
Ic1c[nH]c2ncccc12,CC1(C)OB(c2ccc(-c3cnccn3)cc2)OC1(C)C,,,,CC(C)c1cc(C(C)C)c(-c2ccccc2[PH](C2CCCCC2)(C2CCCCC2)[Pd]2([O]S(C)(=O)=O)[NH]c3ccccc3-c3cccc[c]32)c(C(C)C)c1,CS(C)=O,O,CS(C)=O,CS(C)=O,O,,,79200.0,0.0,0.0,0.0
O=C1NCCc2[nH]c(-c3ccnc(Br)c3)cc21,CC1(C)OB(c2ccc(-c3cnccn3)cc2)OC1(C)C,,,,CN(C)c1ccc([PH](C(C)(C)C)(C(C)(C)C)[Pd]2([O]S(C)(=O)=O)[NH]c3ccccc3-c3cccc[c]32)cc1,CS(C)=O,O,CS(C)=O,CS(C)=O,CCC(C)(C)O,,,79200.0,0.0,0.0,7.703982830047607
O=C(Nc1ccccc1N1CCNCC1)c1csc(Br)n1,Cc1cc(O)ccc1B1OC(C)(C)C(C)(C)O1,,,,CC(C)(C)[PH](C(C)(C)C)(C(C)(C)C)[Pd]1([Cl])[NH]c2ccccc2-c2cccc[c]21,CS(C)=O,O,CS(C)=O,CS(C)=O,CCC(C)(C)O,,,79200.0,0.0,0.0,0.0
O=C1NCCc2[nH]c(-c3ccnc(Br)c3)cc21,CC1(C)OB(c2ccc(-c3cnccn3)cc2)OC1(C)C,,,,CN(C)c1ccc([PH](C(C)(C)C)(C(C)(C)C)[Pd]2([O]S(C)(=O)=O)[NH]c3ccccc3-c3cccc[c]32)cc1,CS(C)=O,O,CS(C)=O,CS(C)=O,CCC(C)(C)O,,,79200.0,0.0,0.0,37.472145080566406
O=C(NCc1ccc(F)cc1)c1nc(Br)c2cccnc2c1O,Cc1cc(O)ccc1B1OC(C)(C)C(C)(C)O1,,,,CC(C)(C)[PH](C(C)(C)C)(C(C)(C)C)[Pd]1([Cl])[NH]c2ccccc2-c2cccc[c]21,CS(C)=O,O,CS(C)=O,CS(C)=O,CCC(C)(C)O,,,79200.0,0.0,0.0,0.0
O=C(Nc1ccccc1N1CCNCC1)c1csc(Br)n1,CC1(C)OB(c2cn(S(=O)(=O)c3ccccc3)c3ncccc23)OC1(C)C,,,,CC(C)Oc1cccc(OC(C)C)c1-c1ccccc1[PH](C1CCCCC1)(C1CCCCC1)[Pd]1([O]S(C)(=O)=O)[NH]c2ccccc2-c2cccc[c]21,CS(C)=O,O,CS(C)=O,CS(C)=O,O,,,79200.0,0.0,0.0,29.109115600585938
CC(=O)NC(C)(C)[C@@H]1CC2(CCN(C(=O)OC(C)(C)C)CC2)c2cc(Cl)c(C)cc21,CC1(C)OB(C2=CCCCC2)OC1(C)C,,,,CC(C)(C)[PH](C(C)(C)C)(C(C)(C)C)[Pd]1([Cl])[NH]c2ccccc2-c2cccc[c]21,CS(C)=O,O,CS(C)=O,CS(C)=O,CCC(C)(C)O,,,79200.0,0.0,0.0,0.0
O=C(NCc1ccc(F)cc1)c1nc(Br)c2cccnc2c1O,CC1(C)OB(C2=CCCCC2)OC1(C)C,,,,CC(C)Oc1cccc(OC(C)C)c1-c1ccccc1[PH](C1CCCCC1)(C1CCCCC1)[Pd]1([O]S(C)(=O)=O)[NH]c2ccccc2-c2cccc[c]21,CS(C)=O,O,CS(C)=O,CS(C)=O,O,,,79200.0,0.0,0.0,0.0
CC(=O)NC(C)(C)[C@@H]1CC2(CCN(C(=O)OC(C)(C)C)CC2)c2cc(Cl)c(C)cc21,CN(C)c1ccc(B2OC(C)(C)C(C)(C)O2)cc1,,,,CC(C)c1cc(C(C)C)c(-c2ccccc2[PH](C2CCCCC2)(C2CCCCC2)[Pd]2([O]S(C)(=O)=O)[NH]c3ccccc3-c3cccc[c]32)c(C(C)C)c1,CS(C)=O,O,CS(C)=O,CS(C)=O,O,,,79200.0,0.0,0.0,100.0
O=C1NCCc2[nH]c(-c3ccnc(Br)c3)cc21,CC1(C)OB(c2cccc(C3(NC(=O)OCc4ccccc4)CC3)c2)OC1(C)C,,,,CC(C)Oc1cccc(OC(C)C)c1-c1ccccc1[PH](C1CCCCC1)(C1CCCCC1)[Pd]1([O]S(C)(=O)=O)[NH]c2ccccc2-c2cccc[c]21,CS(C)=O,O,CS(C)=O,CS(C)=O,O,,,79200.0,0.0,0.0,50.76412582397461
CCOC(=O)N1CCC(=C2c3ccc(Cl)cc3CCc3cc(Br)cnc32)CC1,CC1(C)OB(c2cnn(Cc3ccccc3)c2)OC1(C)C,,,,CN(C)c1ccc([PH](C(C)(C)C)(C(C)(C)C)[Pd]2([O]S(C)(=O)=O)[NH]c3ccccc3-c3cccc[c]32)cc1,CS(C)=O,O,CS(C)=O,CS(C)=O,CCC(C)(C)O,,,79200.0,0.0,0.0,100.0
CCOC(=O)N1CCC(=C2c3ccc(Cl)cc3CCc3cc(Br)cnc32)CC1,CC1(C)OB(C2=CCCCC2)OC1(C)C,,,,CC(C)(C)[PH](C(C)(C)C)(C(C)(C)C)[Pd]1([Cl])[NH]c2ccccc2-c2cccc[c]21,CS(C)=O,O,CS(C)=O,CS(C)=O,CCC(C)(C)O,,,79200.0,0.0,0.0,95.96411895751953
Brc1ccc(-c2ccccc2)cn1,CN(C)c1ccc(B2OC(C)(C)C(C)(C)O2)cc1,,,,CC(C)c1cc(C(C)C)c(-c2ccccc2[PH](C(C)(C)C)(C(C)(C)C)[Pd]2([O]S(C)(=O)=O)[NH]c3ccccc3-c3cccc[c]32)c(C(C)C)c1,CS(C)=O,O,CS(C)=O,CS(C)=O,CS(C)=O,,,79200.0,0.0,0.0,0.0
O=C1NCCc2[nH]c(-c3ccnc(Br)c3)cc21,CC1(C)OB(c2cnn(Cc3ccccc3)c2)OC1(C)C,,,,CN(C)c1ccc([PH](C(C)(C)C)(C(C)(C)C)[Pd]2([O]S(C)(=O)=O)[NH]c3ccccc3-c3cccc[c]32)cc1,CS(C)=O,O,CS(C)=O,CS(C)=O,CCC(C)(C)O,,,79200.0,0.0,0.0,68.20246887207031
O=C1NCCc2[nH]c(-c3ccnc(Br)c3)cc21,CC1(C)OB(c2cnn(Cc3ccccc3)c2)OC1(C)C,,,,CC(C)c1cc(C(C)C)c(-c2ccccc2[PH](C2CCCCC2)(C2CCCCC2)[Pd]2([O]S(C)(=O)=O)[NH]c3ccccc3-c3cccc[c]32)c(C(C)C)c1,CS(C)=O,O,CS(C)=O,CS(C)=O,O,,,79200.0,0.0,0.0,100.0
COC(=O)[C@@H]1C[C@@H](OC(=O)N2Cc3cccc(Br)c3C2)CN1C(=O)OCc1ccccc1,CC1(C)OB(c2cnc(-n3cccn3)nc2)OC1(C)C,,,,CC(C)(C)[PH](C(C)(C)C)(C(C)(C)C)[Pd]1([Cl])[NH]c2ccccc2-c2cccc[c]21,CS(C)=O,O,CS(C)=O,CS(C)=O,CCC(C)(C)O,,,79200.0,0.0,0.0,56.726226806640625
CN1C(=O)C[C@@](C)(c2cc(Br)cs2)N/C1=N/C(=O)OC(C)(C)C,CC1(C)OB(c2cnc(-n3cccn3)nc2)OC1(C)C,,,,CC(C)c1cc(C(C)C)c(-c2ccccc2[PH](C(C)(C)C)(C(C)(C)C)[Pd]2([O]S(C)(=O)=O)[NH]c3ccccc3-c3cccc[c]32)c(C(C)C)c1,CS(C)=O,O,CS(C)=O,CS(C)=O,CS(C)=O,,,79200.0,0.0,0.0,0.0
O=C(NCc1ccc(F)cc1)c1nc(Br)c2cccnc2c1O,CN(C)c1ccc(B2OC(C)(C)C(C)(C)O2)cc1,,,,CC(C)(C)[PH](C(C)(C)C)(C(C)(C)C)[Pd]1([Cl])[NH]c2ccccc2-c2cccc[c]21,CS(C)=O,O,CS(C)=O,CS(C)=O,CCC(C)(C)O,,,79200.0,0.0,0.0,0.0
CCCc1nc2ccc(I)cc2c(=O)n1Cc1ccc(-c2ccccc2S(=O)(=O)NC(C)(C)C)cc1,CN(C)c1ccc(B2OC(C)(C)C(C)(C)O2)cc1,,,,CC(C)(C)[PH](C(C)(C)C)(C(C)(C)C)[Pd]1([Cl])[NH]c2ccccc2-c2cccc[c]21,CS(C)=O,O,CS(C)=O,CS(C)=O,CCC(C)(C)O,,,79200.0,0.0,0.0,69.59017944335938
CN1C(=O)C[C@@](C)(c2cc(Br)cs2)N/C1=N/C(=O)OC(C)(C)C,CC1(C)OB(C2=CCCCC2)OC1(C)C,,,,CN(C)c1ccc([PH](C(C)(C)C)(C(C)(C)C)[Pd]2([O]S(C)(=O)=O)[NH]c3ccccc3-c3cccc[c]32)cc1,CS(C)=O,O,CS(C)=O,CS(C)=O,CS(C)=O,,,79200.0,0.0,0.0,76.4985580444336
COC(=O)[C@@H]1C[C@@H](OC(=O)N2Cc3cccc(Br)c3C2)CN1C(=O)OCc1ccccc1,CC1(C)OB(c2cnn(Cc3ccccc3)c2)OC1(C)C,,,,CN(C)c1ccc([PH](C(C)(C)C)(C(C)(C)C)[Pd]2([O]S(C)(=O)=O)[NH]c3ccccc3-c3cccc[c]32)cc1,CS(C)=O,O,CS(C)=O,CS(C)=O,CS(C)=O,,,79200.0,0.0,0.0,34.94350051879883
O=C(NCc1ccc(F)cc1)c1nc(Br)c2cccnc2c1O,CN(C)c1ccc(B2OC(C)(C)C(C)(C)O2)cc1,,,,CC(C)Oc1cccc(OC(C)C)c1-c1ccccc1[PH](C1CCCCC1)(C1CCCCC1)[Pd]1([O]S(C)(=O)=O)[NH]c2ccccc2-c2cccc[c]21,CS(C)=O,O,CS(C)=O,CS(C)=O,O,,,79200.0,0.0,0.0,0.0
COC(=O)[C@@H]1C[C@@H](OC(=O)N2Cc3cccc(Br)c3C2)CN1C(=O)OCc1ccccc1,CC1(C)OB(c2cn(S(=O)(=O)c3ccccc3)c3ncccc23)OC1(C)C,,,,CC(C)Oc1cccc(OC(C)C)c1-c1ccccc1[PH](C1CCCCC1)(C1CCCCC1)[Pd]1([O]S(C)(=O)=O)[NH]c2ccccc2-c2cccc[c]21,CS(C)=O,O,CS(C)=O,CS(C)=O,O,,,79200.0,0.0,0.0,73.62498474121094
CCCc1nc2ccc(I)cc2c(=O)n1Cc1ccc(-c2ccccc2S(=O)(=O)NC(C)(C)C)cc1,O=C(NC1CCCC1)c1ccc(B(O)O)cc1,,,,CN(C)c1ccc([PH](C(C)(C)C)(C(C)(C)C)[Pd]2([O]S(C)(=O)=O)[NH]c3ccccc3-c3cccc[c]32)cc1,CS(C)=O,O,CS(C)=O,CS(C)=O,CCC(C)(C)O,,,79200.0,0.0,0.0,100.0
CN1C(=O)C[C@@](C)(c2sccc2Cl)N/C1=N/C(=O)OC(C)(C)C,CC1(C)OB(c2cn(S(=O)(=O)c3ccccc3)c3ncccc23)OC1(C)C,,,,CN(C)c1ccc([PH](C(C)(C)C)(C(C)(C)C)[Pd]2([O]S(C)(=O)=O)[NH]c3ccccc3-c3cccc[c]32)cc1,CS(C)=O,O,CS(C)=O,CS(C)=O,CCC(C)(C)O,,,79200.0,0.0,0.0,0.0
CCn1c(=O)c2c(nc(N[C@@H]3CCC[C@H]3O)n2Cc2ccc(OC)c(Br)c2)n(CCO)c1=O,CC1(C)OB(c2cccc(C3(NC(=O)OCc4ccccc4)CC3)c2)OC1(C)C,,,,CC(C)(C)[PH](C(C)(C)C)(C(C)(C)C)[Pd]1([Cl])[NH]c2ccccc2-c2cccc[c]21,CS(C)=O,O,CS(C)=O,CS(C)=O,CCC(C)(C)O,,,79200.0,0.0,0.0,98.41110229492188
CCOC(=O)N1CCC(=C2c3ccc(Cl)cc3CCc3cc(Br)cnc32)CC1,O=C(NC1CCCC1)c1ccc(B(O)O)cc1,,,,CN(C)c1ccc([PH](C(C)(C)C)(C(C)(C)C)[Pd]2([O]S(C)(=O)=O)[NH]c3ccccc3-c3cccc[c]32)cc1,CS(C)=O,O,CS(C)=O,CS(C)=O,CCC(C)(C)O,,,79200.0,0.0,0.0,100.0
CN1C(=O)C[C@@](C)(c2cc(Br)cs2)N/C1=N/C(=O)OC(C)(C)C,CC1(C)OB(c2cccc(C3(NC(=O)OCc4ccccc4)CC3)c2)OC1(C)C,,,,CN(C)c1ccc([PH](C(C)(C)C)(C(C)(C)C)[Pd]2([O]S(C)(=O)=O)[NH]c3ccccc3-c3cccc[c]32)cc1,CS(C)=O,O,CS(C)=O,CS(C)=O,CCC(C)(C)O,,,79200.0,0.0,0.0,100.0
O=C(NCc1ccc(F)cc1)c1nc(Br)c2cccnc2c1O,O=C(NC1CCCC1)c1ccc(B(O)O)cc1,,,,CC(C)c1cc(C(C)C)c(-c2ccccc2[PH](C2CCCCC2)(C2CCCCC2)[Pd]2([O]S(C)(=O)=O)[NH]c3ccccc3-c3cccc[c]32)c(C(C)C)c1,CS(C)=O,O,CS(C)=O,CS(C)=O,O,,,79200.0,0.0,0.0,0.0
CCn1c(=O)c2c(nc(N[C@@H]3CCC[C@H]3O)n2Cc2ccc(OC)c(Br)c2)n(CCO)c1=O,CC1(C)OB(c2cn(S(=O)(=O)c3ccccc3)c3ncccc23)OC1(C)C,,,,CC(C)Oc1cccc(OC(C)C)c1-c1ccccc1[PH](C1CCCCC1)(C1CCCCC1)[Pd]1([O]S(C)(=O)=O)[NH]c2ccccc2-c2cccc[c]21,CS(C)=O,O,CS(C)=O,CS(C)=O,O,,,79200.0,0.0,0.0,85.35792541503906
CCn1c(=O)c2c(nc(N[C@@H]3CCC[C@H]3O)n2Cc2ccc(OC)c(Br)c2)n(CCO)c1=O,OB(O)c1cccnc1,,,,CN(C)c1ccc([PH](C(C)(C)C)(C(C)(C)C)[Pd]2([O]S(C)(=O)=O)[NH]c3ccccc3-c3cccc[c]32)cc1,CS(C)=O,O,CS(C)=O,CS(C)=O,CS(C)=O,,,79200.0,0.0,0.0,26.83287811279297
Brc1ccc(-c2ccccc2)cn1,CC1(C)OB(c2cnn(Cc3ccccc3)c2)OC1(C)C,,,,CC(C)Oc1cccc(OC(C)C)c1-c1ccccc1[PH](C1CCCCC1)(C1CCCCC1)[Pd]1([O]S(C)(=O)=O)[NH]c2ccccc2-c2cccc[c]21,CS(C)=O,O,CS(C)=O,CS(C)=O,O,,,79200.0,0.0,0.0,100.0
CN1C(=O)C[C@@](C)(c2sccc2Cl)N/C1=N/C(=O)OC(C)(C)C,CC1(C)OB(C2=CCCCC2)OC1(C)C,,,,CC(C)c1cc(C(C)C)c(-c2ccccc2[PH](C2CCCCC2)(C2CCCCC2)[Pd]2([O]S(C)(=O)=O)[NH]c3ccccc3-c3cccc[c]32)c(C(C)C)c1,CS(C)=O,O,CS(C)=O,CS(C)=O,O,,,79200.0,0.0,0.0,0.0
O=C(Nc1ccccc1N1CCNCC1)c1csc(Br)n1,CC1(C)OB(c2cn(S(=O)(=O)c3ccccc3)c3ncccc23)OC1(C)C,,,,CC(C)c1cc(C(C)C)c(-c2ccccc2[PH](C(C)(C)C)(C(C)(C)C)[Pd]2([O]S(C)(=O)=O)[NH]c3ccccc3-c3cccc[c]32)c(C(C)C)c1,CS(C)=O,O,CS(C)=O,CS(C)=O,CS(C)=O,,,79200.0,0.0,0.0,33.456947326660156
CCn1c(=O)c2c(nc(N[C@@H]3CCC[C@H]3O)n2Cc2ccc(OC)c(Br)c2)n(CCO)c1=O,OB(O)c1cccnc1,,,,CN(C)c1ccc([PH](C(C)(C)C)(C(C)(C)C)[Pd]2([O]S(C)(=O)=O)[NH]c3ccccc3-c3cccc[c]32)cc1,CS(C)=O,O,CS(C)=O,CS(C)=O,CCC(C)(C)O,,,79200.0,0.0,0.0,50.051570892333984
O=C(Nc1ccccc1N1CCNCC1)c1csc(Br)n1,Cc1cc(O)ccc1B1OC(C)(C)C(C)(C)O1,,,,CC(C)c1cc(C(C)C)c(-c2ccccc2[PH](C(C)(C)C)(C(C)(C)C)[Pd]2([O]S(C)(=O)=O)[NH]c3ccccc3-c3cccc[c]32)c(C(C)C)c1,CS(C)=O,O,CS(C)=O,CS(C)=O,CS(C)=O,,,79200.0,0.0,0.0,0.0
O=C(NCc1ccc(F)cc1)c1nc(Br)c2cccnc2c1O,CC1(C)OB(c2cccc(C3(NC(=O)OCc4ccccc4)CC3)c2)OC1(C)C,,,,CN(C)c1ccc([PH](C(C)(C)C)(C(C)(C)C)[Pd]2([O]S(C)(=O)=O)[NH]c3ccccc3-c3cccc[c]32)cc1,CS(C)=O,O,CS(C)=O,CS(C)=O,CS(C)=O,,,79200.0,0.0,0.0,0.0
Ic1c[nH]c2ncccc12,CC1(C)OB(c2cn(S(=O)(=O)c3ccccc3)c3ncccc23)OC1(C)C,,,,CN(C)c1ccc([PH](C(C)(C)C)(C(C)(C)C)[Pd]2([O]S(C)(=O)=O)[NH]c3ccccc3-c3cccc[c]32)cc1,CS(C)=O,O,CS(C)=O,CS(C)=O,CCC(C)(C)O,,,79200.0,0.0,0.0,0.0
CC(=O)NC(C)(C)[C@@H]1CC2(CCN(C(=O)OC(C)(C)C)CC2)c2cc(Cl)c(C)cc21,CC1(C)OB(c2cccc(C3(NC(=O)OCc4ccccc4)CC3)c2)OC1(C)C,,,,CN(C)c1ccc([PH](C(C)(C)C)(C(C)(C)C)[Pd]2([O]S(C)(=O)=O)[NH]c3ccccc3-c3cccc[c]32)cc1,CS(C)=O,O,CS(C)=O,CS(C)=O,CS(C)=O,,,79200.0,0.0,0.0,0.0
CCCc1nc2ccc(I)cc2c(=O)n1Cc1ccc(-c2ccccc2S(=O)(=O)NC(C)(C)C)cc1,CC1(C)OB(C2=CCCCC2)OC1(C)C,,,,CN(C)c1ccc([PH](C(C)(C)C)(C(C)(C)C)[Pd]2([O]S(C)(=O)=O)[NH]c3ccccc3-c3cccc[c]32)cc1,CS(C)=O,O,CS(C)=O,CS(C)=O,CS(C)=O,,,79200.0,0.0,0.0,19.37721061706543
COC(=O)[C@@H]1C[C@@H](OC(=O)N2Cc3cccc(Br)c3C2)CN1C(=O)OCc1ccccc1,CC1(C)OB(c2cnn(Cc3ccccc3)c2)OC1(C)C,,,,CN(C)c1ccc([PH](C(C)(C)C)(C(C)(C)C)[Pd]2([O]S(C)(=O)=O)[NH]c3ccccc3-c3cccc[c]32)cc1,CS(C)=O,O,CS(C)=O,CS(C)=O,CS(C)=O,,,79200.0,0.0,0.0,92.84196472167969
O=C1NCCc2[nH]c(-c3ccnc(Br)c3)cc21,OB(O)c1cccnc1,,,,CC(C)c1cc(C(C)C)c(-c2ccccc2[PH](C2CCCCC2)(C2CCCCC2)[Pd]2([O]S(C)(=O)=O)[NH]c3ccccc3-c3cccc[c]32)c(C(C)C)c1,CS(C)=O,O,CS(C)=O,CS(C)=O,O,,,79200.0,0.0,0.0,77.25747680664062
CC(=O)NC(C)(C)[C@@H]1CC2(CCN(C(=O)OC(C)(C)C)CC2)c2cc(Cl)c(C)cc21,OB(O)c1cccnc1,,,,CN(C)c1ccc([PH](C(C)(C)C)(C(C)(C)C)[Pd]2([O]S(C)(=O)=O)[NH]c3ccccc3-c3cccc[c]32)cc1,CS(C)=O,O,CS(C)=O,CS(C)=O,CCC(C)(C)O,,,79200.0,0.0,0.0,0.0
O=C(Nc1ccccc1N1CCNCC1)c1csc(Br)n1,O=C(NC1CCCC1)c1ccc(B(O)O)cc1,,,,CN(C)c1ccc([PH](C(C)(C)C)(C(C)(C)C)[Pd]2([O]S(C)(=O)=O)[NH]c3ccccc3-c3cccc[c]32)cc1,CS(C)=O,O,CS(C)=O,CS(C)=O,CS(C)=O,,,79200.0,0.0,0.0,4.8476667404174805
CCOC(=O)N1CCC(=C2c3ccc(Cl)cc3CCc3cc(Br)cnc32)CC1,CC1(C)OB(c2cn(S(=O)(=O)c3ccccc3)c3ncccc23)OC1(C)C,,,,CC(C)(C)[PH](C(C)(C)C)(C(C)(C)C)[Pd]1([Cl])[NH]c2ccccc2-c2cccc[c]21,CS(C)=O,O,CS(C)=O,CS(C)=O,CCC(C)(C)O,,,79200.0,0.0,0.0,96.13580322265625
CN1C(=O)C[C@@](C)(c2sccc2Cl)N/C1=N/C(=O)OC(C)(C)C,CC1(C)OB(C2=CCCCC2)OC1(C)C,,,,CN(C)c1ccc([PH](C(C)(C)C)(C(C)(C)C)[Pd]2([O]S(C)(=O)=O)[NH]c3ccccc3-c3cccc[c]32)cc1,CS(C)=O,O,CS(C)=O,CS(C)=O,CS(C)=O,,,79200.0,0.0,0.0,0.0
O=C(NCc1ccc(F)cc1)c1nc(Br)c2cccnc2c1O,CC1(C)OB(c2cn(S(=O)(=O)c3ccccc3)c3ncccc23)OC1(C)C,,,,CN(C)c1ccc([PH](C(C)(C)C)(C(C)(C)C)[Pd]2([O]S(C)(=O)=O)[NH]c3ccccc3-c3cccc[c]32)cc1,CS(C)=O,O,CS(C)=O,CS(C)=O,CS(C)=O,,,79200.0,0.0,0.0,0.0
O=C1NCCc2[nH]c(-c3ccnc(Br)c3)cc21,CN(C)c1ccc(B2OC(C)(C)C(C)(C)O2)cc1,,,,CC(C)Oc1cccc(OC(C)C)c1-c1ccccc1[PH](C1CCCCC1)(C1CCCCC1)[Pd]1([O]S(C)(=O)=O)[NH]c2ccccc2-c2cccc[c]21,CS(C)=O,O,CS(C)=O,CS(C)=O,O,,,79200.0,0.0,0.0,35.290809631347656
O=C(NCc1ccc(F)cc1)c1nc(Br)c2cccnc2c1O,OB(O)c1cccnc1,,,,CC(C)c1cc(C(C)C)c(-c2ccccc2[PH](C2CCCCC2)(C2CCCCC2)[Pd]2([O]S(C)(=O)=O)[NH]c3ccccc3-c3cccc[c]32)c(C(C)C)c1,CS(C)=O,O,CS(C)=O,CS(C)=O,O,,,79200.0,0.0,0.0,25.497730255126953
CCn1c(=O)c2c(nc(N[C@@H]3CCC[C@H]3O)n2Cc2ccc(OC)c(Br)c2)n(CCO)c1=O,CC1(C)OB(c2cnn(Cc3ccccc3)c2)OC1(C)C,,,,CN(C)c1ccc([PH](C(C)(C)C)(C(C)(C)C)[Pd]2([O]S(C)(=O)=O)[NH]c3ccccc3-c3cccc[c]32)cc1,CS(C)=O,O,CS(C)=O,CS(C)=O,CS(C)=O,,,79200.0,0.0,0.0,100.0
Brc1ccc(-c2ccccc2)cn1,CC1(C)OB(c2cccc(C3(NC(=O)OCc4ccccc4)CC3)c2)OC1(C)C,,,,CN(C)c1ccc([PH](C(C)(C)C)(C(C)(C)C)[Pd]2([O]S(C)(=O)=O)[NH]c3ccccc3-c3cccc[c]32)cc1,CS(C)=O,O,CS(C)=O,CS(C)=O,CS(C)=O,,,79200.0,0.0,0.0,1.5448439121246338
O=C1NCCc2[nH]c(-c3ccnc(Br)c3)cc21,Cc1cc(O)ccc1B1OC(C)(C)C(C)(C)O1,,,,CC(C)(C)[PH](C(C)(C)C)(C(C)(C)C)[Pd]1([Cl])[NH]c2ccccc2-c2cccc[c]21,CS(C)=O,O,CS(C)=O,CS(C)=O,CCC(C)(C)O,,,79200.0,0.0,0.0,0.0
O=C(NCc1ccc(F)cc1)c1nc(Br)c2cccnc2c1O,CC1(C)OB(c2cnc(-n3cccn3)nc2)OC1(C)C,,,,CC(C)(C)[PH](C(C)(C)C)(C(C)(C)C)[Pd]1([Cl])[NH]c2ccccc2-c2cccc[c]21,CS(C)=O,O,CS(C)=O,CS(C)=O,CCC(C)(C)O,,,79200.0,0.0,0.0,0.0
O=C(Nc1ccccc1N1CCNCC1)c1csc(Br)n1,CC1(C)OB(C2=CCCCC2)OC1(C)C,,,,CC(C)c1cc(C(C)C)c(-c2ccccc2[PH](C2CCCCC2)(C2CCCCC2)[Pd]2([O]S(C)(=O)=O)[NH]c3ccccc3-c3cccc[c]32)c(C(C)C)c1,CS(C)=O,O,CS(C)=O,CS(C)=O,O,,,79200.0,0.0,0.0,17.808225631713867
Ic1c[nH]c2ncccc12,CC1(C)OB(c2cnn(Cc3ccccc3)c2)OC1(C)C,,,,CC(C)(C)[PH](C(C)(C)C)(C(C)(C)C)[Pd]1([Cl])[NH]c2ccccc2-c2cccc[c]21,CS(C)=O,O,CS(C)=O,CS(C)=O,CCC(C)(C)O,,,79200.0,0.0,0.0,0.0
O=C(Nc1ccccc1N1CCNCC1)c1csc(Br)n1,CC1(C)OB(c2cn(S(=O)(=O)c3ccccc3)c3ncccc23)OC1(C)C,,,,CN(C)c1ccc([PH](C(C)(C)C)(C(C)(C)C)[Pd]2([O]S(C)(=O)=O)[NH]c3ccccc3-c3cccc[c]32)cc1,CS(C)=O,O,CS(C)=O,CS(C)=O,CS(C)=O,,,79200.0,0.0,0.0,0.0
CCOC(=O)N1CCC(=C2c3ccc(Cl)cc3CCc3cc(Br)cnc32)CC1,Cc1cc(O)ccc1B1OC(C)(C)C(C)(C)O1,,,,CN(C)c1ccc([PH](C(C)(C)C)(C(C)(C)C)[Pd]2([O]S(C)(=O)=O)[NH]c3ccccc3-c3cccc[c]32)cc1,CS(C)=O,O,CS(C)=O,CS(C)=O,CCC(C)(C)O,,,79200.0,0.0,0.0,100.0
O=C1NCCc2[nH]c(-c3ccnc(Br)c3)cc21,CC1(C)OB(C2=CCCCC2)OC1(C)C,,,,CC(C)(C)[PH](C(C)(C)C)(C(C)(C)C)[Pd]1([Cl])[NH]c2ccccc2-c2cccc[c]21,CS(C)=O,O,CS(C)=O,CS(C)=O,CCC(C)(C)O,,,79200.0,0.0,0.0,5.835808753967285
CC(=O)NC(C)(C)[C@@H]1CC2(CCN(C(=O)OC(C)(C)C)CC2)c2cc(Cl)c(C)cc21,OB(O)c1cccnc1,,,,CC(C)Oc1cccc(OC(C)C)c1-c1ccccc1[PH](C1CCCCC1)(C1CCCCC1)[Pd]1([O]S(C)(=O)=O)[NH]c2ccccc2-c2cccc[c]21,CS(C)=O,O,CS(C)=O,CS(C)=O,O,,,79200.0,0.0,0.0,62.17741012573242
Brc1ccc(-c2ccccc2)cn1,Cc1cc(O)ccc1B1OC(C)(C)C(C)(C)O1,,,,CC(C)c1cc(C(C)C)c(-c2ccccc2[PH](C2CCCCC2)(C2CCCCC2)[Pd]2([O]S(C)(=O)=O)[NH]c3ccccc3-c3cccc[c]32)c(C(C)C)c1,CS(C)=O,O,CS(C)=O,CS(C)=O,O,,,79200.0,0.0,0.0,20.663101196289062
Brc1ccc(-c2ccccc2)cn1,CC1(C)OB(c2cccc(C3(NC(=O)OCc4ccccc4)CC3)c2)OC1(C)C,,,,CN(C)c1ccc([PH](C(C)(C)C)(C(C)(C)C)[Pd]2([O]S(C)(=O)=O)[NH]c3ccccc3-c3cccc[c]32)cc1,CS(C)=O,O,CS(C)=O,CS(C)=O,CCC(C)(C)O,,,79200.0,0.0,0.0,100.0
CCn1c(=O)c2c(nc(N[C@@H]3CCC[C@H]3O)n2Cc2ccc(OC)c(Br)c2)n(CCO)c1=O,CC1(C)OB(c2cccc(C3(NC(=O)OCc4ccccc4)CC3)c2)OC1(C)C,,,,CC(C)Oc1cccc(OC(C)C)c1-c1ccccc1[PH](C1CCCCC1)(C1CCCCC1)[Pd]1([O]S(C)(=O)=O)[NH]c2ccccc2-c2cccc[c]21,CS(C)=O,O,CS(C)=O,CS(C)=O,O,,,79200.0,0.0,0.0,100.0
CN1C(=O)C[C@@](C)(c2sccc2Cl)N/C1=N/C(=O)OC(C)(C)C,CC1(C)OB(C2=CCCCC2)OC1(C)C,,,,CN(C)c1ccc([PH](C(C)(C)C)(C(C)(C)C)[Pd]2([O]S(C)(=O)=O)[NH]c3ccccc3-c3cccc[c]32)cc1,CS(C)=O,O,CS(C)=O,CS(C)=O,CS(C)=O,,,79200.0,0.0,0.0,0.0
CCCc1nc2ccc(I)cc2c(=O)n1Cc1ccc(-c2ccccc2S(=O)(=O)NC(C)(C)C)cc1,CC1(C)OB(c2cn(S(=O)(=O)c3ccccc3)c3ncccc23)OC1(C)C,,,,CN(C)c1ccc([PH](C(C)(C)C)(C(C)(C)C)[Pd]2([O]S(C)(=O)=O)[NH]c3ccccc3-c3cccc[c]32)cc1,CS(C)=O,O,CS(C)=O,CS(C)=O,CCC(C)(C)O,,,79200.0,0.0,0.0,97.82952117919922
O=C1NCCc2[nH]c(-c3ccnc(Br)c3)cc21,CC1(C)OB(c2cnc(-n3cccn3)nc2)OC1(C)C,,,,CC(C)c1cc(C(C)C)c(-c2ccccc2[PH](C2CCCCC2)(C2CCCCC2)[Pd]2([O]S(C)(=O)=O)[NH]c3ccccc3-c3cccc[c]32)c(C(C)C)c1,CS(C)=O,O,CS(C)=O,CS(C)=O,O,,,79200.0,0.0,0.0,0.0
CCOC(=O)N1CCC(=C2c3ccc(Cl)cc3CCc3cc(Br)cnc32)CC1,CC1(C)OB(C2=CCCCC2)OC1(C)C,,,,CC(C)Oc1cccc(OC(C)C)c1-c1ccccc1[PH](C1CCCCC1)(C1CCCCC1)[Pd]1([O]S(C)(=O)=O)[NH]c2ccccc2-c2cccc[c]21,CS(C)=O,O,CS(C)=O,CS(C)=O,O,,,79200.0,0.0,0.0,42.46809768676758
O=C(Nc1ccccc1N1CCNCC1)c1csc(Br)n1,CC1(C)OB(c2cnn(Cc3ccccc3)c2)OC1(C)C,,,,CC(C)c1cc(C(C)C)c(-c2ccccc2[PH](C2CCCCC2)(C2CCCCC2)[Pd]2([O]S(C)(=O)=O)[NH]c3ccccc3-c3cccc[c]32)c(C(C)C)c1,CS(C)=O,O,CS(C)=O,CS(C)=O,O,,,79200.0,0.0,0.0,55.24482345581055
CCn1c(=O)c2c(nc(N[C@@H]3CCC[C@H]3O)n2Cc2ccc(OC)c(Br)c2)n(CCO)c1=O,Cc1cc(O)ccc1B1OC(C)(C)C(C)(C)O1,,,,CC(C)c1cc(C(C)C)c(-c2ccccc2[PH](C(C)(C)C)(C(C)(C)C)[Pd]2([O]S(C)(=O)=O)[NH]c3ccccc3-c3cccc[c]32)c(C(C)C)c1,CS(C)=O,O,CS(C)=O,CS(C)=O,CS(C)=O,,,79200.0,0.0,0.0,10.58065128326416
Brc1ccc(-c2ccccc2)cn1,CC1(C)OB(c2cccc(C3(NC(=O)OCc4ccccc4)CC3)c2)OC1(C)C,,,,CC(C)c1cc(C(C)C)c(-c2ccccc2[PH](C2CCCCC2)(C2CCCCC2)[Pd]2([O]S(C)(=O)=O)[NH]c3ccccc3-c3cccc[c]32)c(C(C)C)c1,CS(C)=O,O,CS(C)=O,CS(C)=O,O,,,79200.0,0.0,0.0,36.57451248168945
O=C(Nc1ccccc1N1CCNCC1)c1csc(Br)n1,O=C(NC1CCCC1)c1ccc(B(O)O)cc1,,,,CC(C)Oc1cccc(OC(C)C)c1-c1ccccc1[PH](C1CCCCC1)(C1CCCCC1)[Pd]1([O]S(C)(=O)=O)[NH]c2ccccc2-c2cccc[c]21,CS(C)=O,O,CS(C)=O,CS(C)=O,O,,,79200.0,0.0,0.0,54.12063217163086
CC(=O)NC(C)(C)[C@@H]1CC2(CCN(C(=O)OC(C)(C)C)CC2)c2cc(Cl)c(C)cc21,CC1(C)OB(c2cnc(-n3cccn3)nc2)OC1(C)C,,,,CC(C)Oc1cccc(OC(C)C)c1-c1ccccc1[PH](C1CCCCC1)(C1CCCCC1)[Pd]1([O]S(C)(=O)=O)[NH]c2ccccc2-c2cccc[c]21,CS(C)=O,O,CS(C)=O,CS(C)=O,O,,,79200.0,0.0,0.0,0.0
CCOC(=O)N1CCC(=C2c3ccc(Cl)cc3CCc3cc(Br)cnc32)CC1,Cc1cc(O)ccc1B1OC(C)(C)C(C)(C)O1,,,,CC(C)(C)[PH](C(C)(C)C)(C(C)(C)C)[Pd]1([Cl])[NH]c2ccccc2-c2cccc[c]21,CS(C)=O,O,CS(C)=O,CS(C)=O,CCC(C)(C)O,,,79200.0,0.0,0.0,95.6256332397461
COC(=O)[C@@H]1C[C@@H](OC(=O)N2Cc3cccc(Br)c3C2)CN1C(=O)OCc1ccccc1,O=C(NC1CCCC1)c1ccc(B(O)O)cc1,,,,CC(C)Oc1cccc(OC(C)C)c1-c1ccccc1[PH](C1CCCCC1)(C1CCCCC1)[Pd]1([O]S(C)(=O)=O)[NH]c2ccccc2-c2cccc[c]21,CS(C)=O,O,CS(C)=O,CS(C)=O,O,,,79200.0,0.0,0.0,89.9212646484375
O=C1NCCc2[nH]c(-c3ccnc(Br)c3)cc21,OB(O)c1cccnc1,,,,CC(C)c1cc(C(C)C)c(-c2ccccc2[PH](C(C)(C)C)(C(C)(C)C)[Pd]2([O]S(C)(=O)=O)[NH]c3ccccc3-c3cccc[c]32)c(C(C)C)c1,CS(C)=O,O,CS(C)=O,CS(C)=O,CS(C)=O,,,79200.0,0.0,0.0,0.0
CCn1c(=O)c2c(nc(N[C@@H]3CCC[C@H]3O)n2Cc2ccc(OC)c(Br)c2)n(CCO)c1=O,CC1(C)OB(C2=CCCCC2)OC1(C)C,,,,CN(C)c1ccc([PH](C(C)(C)C)(C(C)(C)C)[Pd]2([O]S(C)(=O)=O)[NH]c3ccccc3-c3cccc[c]32)cc1,CS(C)=O,O,CS(C)=O,CS(C)=O,CCC(C)(C)O,,,79200.0,0.0,0.0,95.7962875366211
O=C1NCCc2[nH]c(-c3ccnc(Br)c3)cc21,CC1(C)OB(c2cccc(C3(NC(=O)OCc4ccccc4)CC3)c2)OC1(C)C,,,,CC(C)Oc1cccc(OC(C)C)c1-c1ccccc1[PH](C1CCCCC1)(C1CCCCC1)[Pd]1([O]S(C)(=O)=O)[NH]c2ccccc2-c2cccc[c]21,CS(C)=O,O,CS(C)=O,CS(C)=O,O,,,79200.0,0.0,0.0,19.084657669067383
CN1C(=O)C[C@@](C)(c2cc(Br)cs2)N/C1=N/C(=O)OC(C)(C)C,CC1(C)OB(c2cn(S(=O)(=O)c3ccccc3)c3ncccc23)OC1(C)C,,,,CC(C)c1cc(C(C)C)c(-c2ccccc2[PH](C2CCCCC2)(C2CCCCC2)[Pd]2([O]S(C)(=O)=O)[NH]c3ccccc3-c3cccc[c]32)c(C(C)C)c1,CS(C)=O,O,CS(C)=O,CS(C)=O,O,,,79200.0,0.0,0.0,84.46842193603516
O=C1NCCc2[nH]c(-c3ccnc(Br)c3)cc21,CC1(C)OB(c2cn(S(=O)(=O)c3ccccc3)c3ncccc23)OC1(C)C,,,,CC(C)(C)[PH](C(C)(C)C)(C(C)(C)C)[Pd]1([Cl])[NH]c2ccccc2-c2cccc[c]21,CS(C)=O,O,CS(C)=O,CS(C)=O,CCC(C)(C)O,,,79200.0,0.0,0.0,65.03094482421875
Ic1c[nH]c2ncccc12,Cc1cc(O)ccc1B1OC(C)(C)C(C)(C)O1,,,,CC(C)(C)[PH](C(C)(C)C)(C(C)(C)C)[Pd]1([Cl])[NH]c2ccccc2-c2cccc[c]21,CS(C)=O,O,CS(C)=O,CS(C)=O,CCC(C)(C)O,,,79200.0,0.0,0.0,0.0
Brc1ccc(-c2ccccc2)cn1,CC1(C)OB(c2cnn(Cc3ccccc3)c2)OC1(C)C,,,,CC(C)c1cc(C(C)C)c(-c2ccccc2[PH](C2CCCCC2)(C2CCCCC2)[Pd]2([O]S(C)(=O)=O)[NH]c3ccccc3-c3cccc[c]32)c(C(C)C)c1,CS(C)=O,O,CS(C)=O,CS(C)=O,O,,,79200.0,0.0,0.0,100.0
O=C1NCCc2[nH]c(-c3ccnc(Br)c3)cc21,CC1(C)OB(c2cccc(C3(NC(=O)OCc4ccccc4)CC3)c2)OC1(C)C,,,,CN(C)c1ccc([PH](C(C)(C)C)(C(C)(C)C)[Pd]2([O]S(C)(=O)=O)[NH]c3ccccc3-c3cccc[c]32)cc1,CS(C)=O,O,CS(C)=O,CS(C)=O,CS(C)=O,,,79200.0,0.0,0.0,12.04278564453125
CCOC(=O)N1CCC(=C2c3ccc(Cl)cc3CCc3cc(Br)cnc32)CC1,CC1(C)OB(c2cnn(Cc3ccccc3)c2)OC1(C)C,,,,CN(C)c1ccc([PH](C(C)(C)C)(C(C)(C)C)[Pd]2([O]S(C)(=O)=O)[NH]c3ccccc3-c3cccc[c]32)cc1,CS(C)=O,O,CS(C)=O,CS(C)=O,CCC(C)(C)O,,,79200.0,0.0,0.0,100.0
O=C1NCCc2[nH]c(-c3ccnc(Br)c3)cc21,Cc1cc(O)ccc1B1OC(C)(C)C(C)(C)O1,,,,CC(C)c1cc(C(C)C)c(-c2ccccc2[PH](C2CCCCC2)(C2CCCCC2)[Pd]2([O]S(C)(=O)=O)[NH]c3ccccc3-c3cccc[c]32)c(C(C)C)c1,CS(C)=O,O,CS(C)=O,CS(C)=O,O,,,79200.0,0.0,0.0,81.84575653076172
Ic1c[nH]c2ncccc12,OB(O)c1cccnc1,,,,CC(C)(C)[PH](C(C)(C)C)(C(C)(C)C)[Pd]1([Cl])[NH]c2ccccc2-c2cccc[c]21,CS(C)=O,O,CS(C)=O,CS(C)=O,CCC(C)(C)O,,,79200.0,0.0,0.0,0.0
CN1C(=O)C[C@@](C)(c2cc(Br)cs2)N/C1=N/C(=O)OC(C)(C)C,O=C(NC1CCCC1)c1ccc(B(O)O)cc1,,,,CN(C)c1ccc([PH](C(C)(C)C)(C(C)(C)C)[Pd]2([O]S(C)(=O)=O)[NH]c3ccccc3-c3cccc[c]32)cc1,CS(C)=O,O,CS(C)=O,CS(C)=O,CS(C)=O,,,79200.0,0.0,0.0,100.0
O=C1NCCc2[nH]c(-c3ccnc(Br)c3)cc21,OB(O)c1cccnc1,,,,CN(C)c1ccc([PH](C(C)(C)C)(C(C)(C)C)[Pd]2([O]S(C)(=O)=O)[NH]c3ccccc3-c3cccc[c]32)cc1,CS(C)=O,O,CS(C)=O,CS(C)=O,CS(C)=O,,,79200.0,0.0,0.0,1.468600869178772
O=C(Nc1ccccc1N1CCNCC1)c1csc(Br)n1,O=C(NC1CCCC1)c1ccc(B(O)O)cc1,,,,CC(C)Oc1cccc(OC(C)C)c1-c1ccccc1[PH](C1CCCCC1)(C1CCCCC1)[Pd]1([O]S(C)(=O)=O)[NH]c2ccccc2-c2cccc[c]21,CS(C)=O,O,CS(C)=O,CS(C)=O,O,,,79200.0,0.0,0.0,23.01723861694336
O=C1NCCc2[nH]c(-c3ccnc(Br)c3)cc21,CC1(C)OB(c2cn(S(=O)(=O)c3ccccc3)c3ncccc23)OC1(C)C,,,,CC(C)Oc1cccc(OC(C)C)c1-c1ccccc1[PH](C1CCCCC1)(C1CCCCC1)[Pd]1([O]S(C)(=O)=O)[NH]c2ccccc2-c2cccc[c]21,CS(C)=O,O,CS(C)=O,CS(C)=O,O,,,79200.0,0.0,0.0,100.0
CCOC(=O)N1CCC(=C2c3ccc(Cl)cc3CCc3cc(Br)cnc32)CC1,CC1(C)OB(c2cnn(Cc3ccccc3)c2)OC1(C)C,,,,CC(C)c1cc(C(C)C)c(-c2ccccc2[PH](C2CCCCC2)(C2CCCCC2)[Pd]2([O]S(C)(=O)=O)[NH]c3ccccc3-c3cccc[c]32)c(C(C)C)c1,CS(C)=O,O,CS(C)=O,CS(C)=O,O,,,79200.0,0.0,0.0,100.0
CCn1c(=O)c2c(nc(N[C@@H]3CCC[C@H]3O)n2Cc2ccc(OC)c(Br)c2)n(CCO)c1=O,CC1(C)OB(c2cccc(C3(NC(=O)OCc4ccccc4)CC3)c2)OC1(C)C,,,,CC(C)c1cc(C(C)C)c(-c2ccccc2[PH](C(C)(C)C)(C(C)(C)C)[Pd]2([O]S(C)(=O)=O)[NH]c3ccccc3-c3cccc[c]32)c(C(C)C)c1,CS(C)=O,O,CS(C)=O,CS(C)=O,CS(C)=O,,,79200.0,0.0,0.0,27.394916534423828
CC(=O)NC(C)(C)[C@@H]1CC2(CCN(C(=O)OC(C)(C)C)CC2)c2cc(Cl)c(C)cc21,CC1(C)OB(c2cnc(-n3cccn3)nc2)OC1(C)C,,,,CC(C)(C)[PH](C(C)(C)C)(C(C)(C)C)[Pd]1([Cl])[NH]c2ccccc2-c2cccc[c]21,CS(C)=O,O,CS(C)=O,CS(C)=O,CCC(C)(C)O,,,79200.0,0.0,0.0,0.0
COC(=O)[C@@H]1C[C@@H](OC(=O)N2Cc3cccc(Br)c3C2)CN1C(=O)OCc1ccccc1,CC1(C)OB(c2ccc(-c3cnccn3)cc2)OC1(C)C,,,,CN(C)c1ccc([PH](C(C)(C)C)(C(C)(C)C)[Pd]2([O]S(C)(=O)=O)[NH]c3ccccc3-c3cccc[c]32)cc1,CS(C)=O,O,CS(C)=O,CS(C)=O,CCC(C)(C)O,,,79200.0,0.0,0.0,98.48130798339844
CN1C(=O)C[C@@](C)(c2cc(Br)cs2)N/C1=N/C(=O)OC(C)(C)C,OB(O)c1cccnc1,,,,CC(C)c1cc(C(C)C)c(-c2ccccc2[PH](C2CCCCC2)(C2CCCCC2)[Pd]2([O]S(C)(=O)=O)[NH]c3ccccc3-c3cccc[c]32)c(C(C)C)c1,CS(C)=O,O,CS(C)=O,CS(C)=O,O,,,79200.0,0.0,0.0,30.70754623413086
COC(=O)[C@@H]1C[C@@H](OC(=O)N2Cc3cccc(Br)c3C2)CN1C(=O)OCc1ccccc1,OB(O)c1cccnc1,,,,CC(C)(C)[PH](C(C)(C)C)(C(C)(C)C)[Pd]1([Cl])[NH]c2ccccc2-c2cccc[c]21,CS(C)=O,O,CS(C)=O,CS(C)=O,CCC(C)(C)O,,,79200.0,0.0,0.0,88.96272277832031
CN1C(=O)C[C@@](C)(c2cc(Br)cs2)N/C1=N/C(=O)OC(C)(C)C,CN(C)c1ccc(B2OC(C)(C)C(C)(C)O2)cc1,,,,CC(C)(C)[PH](C(C)(C)C)(C(C)(C)C)[Pd]1([Cl])[NH]c2ccccc2-c2cccc[c]21,CS(C)=O,O,CS(C)=O,CS(C)=O,CCC(C)(C)O,,,79200.0,0.0,0.0,31.95720672607422
CCCc1nc2ccc(I)cc2c(=O)n1Cc1ccc(-c2ccccc2S(=O)(=O)NC(C)(C)C)cc1,CC1(C)OB(c2cccc(C3(NC(=O)OCc4ccccc4)CC3)c2)OC1(C)C,,,,CC(C)c1cc(C(C)C)c(-c2ccccc2[PH](C2CCCCC2)(C2CCCCC2)[Pd]2([O]S(C)(=O)=O)[NH]c3ccccc3-c3cccc[c]32)c(C(C)C)c1,CS(C)=O,O,CS(C)=O,CS(C)=O,O,,,79200.0,0.0,0.0,0.0
O=C(NCc1ccc(F)cc1)c1nc(Br)c2cccnc2c1O,CC1(C)OB(C2=CCCCC2)OC1(C)C,,,,CC(C)c1cc(C(C)C)c(-c2ccccc2[PH](C2CCCCC2)(C2CCCCC2)[Pd]2([O]S(C)(=O)=O)[NH]c3ccccc3-c3cccc[c]32)c(C(C)C)c1,CS(C)=O,O,CS(C)=O,CS(C)=O,O,,,79200.0,0.0,0.0,0.0
CCCc1nc2ccc(I)cc2c(=O)n1Cc1ccc(-c2ccccc2S(=O)(=O)NC(C)(C)C)cc1,Cc1cc(O)ccc1B1OC(C)(C)C(C)(C)O1,,,,CC(C)(C)[PH](C(C)(C)C)(C(C)(C)C)[Pd]1([Cl])[NH]c2ccccc2-c2cccc[c]21,CS(C)=O,O,CS(C)=O,CS(C)=O,CCC(C)(C)O,,,79200.0,0.0,0.0,97.22935485839844
O=C(NCc1ccc(F)cc1)c1nc(Br)c2cccnc2c1O,O=C(NC1CCCC1)c1ccc(B(O)O)cc1,,,,CC(C)c1cc(C(C)C)c(-c2ccccc2[PH](C(C)(C)C)(C(C)(C)C)[Pd]2([O]S(C)(=O)=O)[NH]c3ccccc3-c3cccc[c]32)c(C(C)C)c1,CS(C)=O,O,CS(C)=O,CS(C)=O,CS(C)=O,,,79200.0,0.0,0.0,47.95532989501953
Ic1c[nH]c2ncccc12,CC1(C)OB(c2cccc(C3(NC(=O)OCc4ccccc4)CC3)c2)OC1(C)C,,,,CN(C)c1ccc([PH](C(C)(C)C)(C(C)(C)C)[Pd]2([O]S(C)(=O)=O)[NH]c3ccccc3-c3cccc[c]32)cc1,CS(C)=O,O,CS(C)=O,CS(C)=O,CS(C)=O,,,79200.0,0.0,0.0,0.0
COC(=O)[C@@H]1C[C@@H](OC(=O)N2Cc3cccc(Br)c3C2)CN1C(=O)OCc1ccccc1,CC1(C)OB(c2ccc(-c3cnccn3)cc2)OC1(C)C,,,,CC(C)(C)[PH](C(C)(C)C)(C(C)(C)C)[Pd]1([Cl])[NH]c2ccccc2-c2cccc[c]21,CS(C)=O,O,CS(C)=O,CS(C)=O,CCC(C)(C)O,,,79200.0,0.0,0.0,96.14134216308594
COC(=O)[C@@H]1C[C@@H](OC(=O)N2Cc3cccc(Br)c3C2)CN1C(=O)OCc1ccccc1,CC1(C)OB(c2cnc(-n3cccn3)nc2)OC1(C)C,,,,CN(C)c1ccc([PH](C(C)(C)C)(C(C)(C)C)[Pd]2([O]S(C)(=O)=O)[NH]c3ccccc3-c3cccc[c]32)cc1,CS(C)=O,O,CS(C)=O,CS(C)=O,CCC(C)(C)O,,,79200.0,0.0,0.0,52.89604187011719
CCOC(=O)N1CCC(=C2c3ccc(Cl)cc3CCc3cc(Br)cnc32)CC1,CC1(C)OB(c2cnc(-n3cccn3)nc2)OC1(C)C,,,,CC(C)Oc1cccc(OC(C)C)c1-c1ccccc1[PH](C1CCCCC1)(C1CCCCC1)[Pd]1([O]S(C)(=O)=O)[NH]c2ccccc2-c2cccc[c]21,CS(C)=O,O,CS(C)=O,CS(C)=O,O,,,79200.0,0.0,0.0,16.45694923400879
O=C1NCCc2[nH]c(-c3ccnc(Br)c3)cc21,CN(C)c1ccc(B2OC(C)(C)C(C)(C)O2)cc1,,,,CC(C)(C)[PH](C(C)(C)C)(C(C)(C)C)[Pd]1([Cl])[NH]c2ccccc2-c2cccc[c]21,CS(C)=O,O,CS(C)=O,CS(C)=O,CCC(C)(C)O,,,79200.0,0.0,0.0,3.900172710418701
CCOC(=O)N1CCC(=C2c3ccc(Cl)cc3CCc3cc(Br)cnc32)CC1,CC1(C)OB(C2=CCCCC2)OC1(C)C,,,,CN(C)c1ccc([PH](C(C)(C)C)(C(C)(C)C)[Pd]2([O]S(C)(=O)=O)[NH]c3ccccc3-c3cccc[c]32)cc1,CS(C)=O,O,CS(C)=O,CS(C)=O,CS(C)=O,,,79200.0,0.0,0.0,96.51844024658203
CN1C(=O)C[C@@](C)(c2cc(Br)cs2)N/C1=N/C(=O)OC(C)(C)C,CC1(C)OB(C2=CCCCC2)OC1(C)C,,,,CC(C)Oc1cccc(OC(C)C)c1-c1ccccc1[PH](C1CCCCC1)(C1CCCCC1)[Pd]1([O]S(C)(=O)=O)[NH]c2ccccc2-c2cccc[c]21,CS(C)=O,O,CS(C)=O,CS(C)=O,O,,,79200.0,0.0,0.0,90.22821807861328
Ic1c[nH]c2ncccc12,OB(O)c1cccnc1,,,,CN(C)c1ccc([PH](C(C)(C)C)(C(C)(C)C)[Pd]2([O]S(C)(=O)=O)[NH]c3ccccc3-c3cccc[c]32)cc1,CS(C)=O,O,CS(C)=O,CS(C)=O,CCC(C)(C)O,,,79200.0,0.0,0.0,0.0
CCCc1nc2ccc(I)cc2c(=O)n1Cc1ccc(-c2ccccc2S(=O)(=O)NC(C)(C)C)cc1,CC1(C)OB(c2cnc(-n3cccn3)nc2)OC1(C)C,,,,CC(C)Oc1cccc(OC(C)C)c1-c1ccccc1[PH](C1CCCCC1)(C1CCCCC1)[Pd]1([O]S(C)(=O)=O)[NH]c2ccccc2-c2cccc[c]21,CS(C)=O,O,CS(C)=O,CS(C)=O,O,,,79200.0,0.0,0.0,36.257240295410156
O=C(NCc1ccc(F)cc1)c1nc(Br)c2cccnc2c1O,OB(O)c1cccnc1,,,,CC(C)(C)[PH](C(C)(C)C)(C(C)(C)C)[Pd]1([Cl])[NH]c2ccccc2-c2cccc[c]21,CS(C)=O,O,CS(C)=O,CS(C)=O,CCC(C)(C)O,,,79200.0,0.0,0.0,16.070024490356445
O=C(NCc1ccc(F)cc1)c1nc(Br)c2cccnc2c1O,CC1(C)OB(c2ccc(-c3cnccn3)cc2)OC1(C)C,,,,CC(C)Oc1cccc(OC(C)C)c1-c1ccccc1[PH](C1CCCCC1)(C1CCCCC1)[Pd]1([O]S(C)(=O)=O)[NH]c2ccccc2-c2cccc[c]21,CS(C)=O,O,CS(C)=O,CS(C)=O,O,,,79200.0,0.0,0.0,0.0
O=C1NCCc2[nH]c(-c3ccnc(Br)c3)cc21,CC1(C)OB(c2cnn(Cc3ccccc3)c2)OC1(C)C,,,,CN(C)c1ccc([PH](C(C)(C)C)(C(C)(C)C)[Pd]2([O]S(C)(=O)=O)[NH]c3ccccc3-c3cccc[c]32)cc1,CS(C)=O,O,CS(C)=O,CS(C)=O,CCC(C)(C)O,,,79200.0,0.0,0.0,70.14562225341797
CCCc1nc2ccc(I)cc2c(=O)n1Cc1ccc(-c2ccccc2S(=O)(=O)NC(C)(C)C)cc1,CC1(C)OB(c2cnc(-n3cccn3)nc2)OC1(C)C,,,,CC(C)(C)[PH](C(C)(C)C)(C(C)(C)C)[Pd]1([Cl])[NH]c2ccccc2-c2cccc[c]21,CS(C)=O,O,CS(C)=O,CS(C)=O,CCC(C)(C)O,,,79200.0,0.0,0.0,100.0
CN1C(=O)C[C@@](C)(c2cc(Br)cs2)N/C1=N/C(=O)OC(C)(C)C,CC1(C)OB(c2cnc(-n3cccn3)nc2)OC1(C)C,,,,CC(C)Oc1cccc(OC(C)C)c1-c1ccccc1[PH](C1CCCCC1)(C1CCCCC1)[Pd]1([O]S(C)(=O)=O)[NH]c2ccccc2-c2cccc[c]21,CS(C)=O,O,CS(C)=O,CS(C)=O,O,,,79200.0,0.0,0.0,18.2633113861084
CN1C(=O)C[C@@](C)(c2cc(Br)cs2)N/C1=N/C(=O)OC(C)(C)C,CC1(C)OB(c2cnc(-n3cccn3)nc2)OC1(C)C,,,,CC(C)(C)[PH](C(C)(C)C)(C(C)(C)C)[Pd]1([Cl])[NH]c2ccccc2-c2cccc[c]21,CS(C)=O,O,CS(C)=O,CS(C)=O,CCC(C)(C)O,,,79200.0,0.0,0.0,9.022093772888184
COC(=O)[C@@H]1C[C@@H](OC(=O)N2Cc3cccc(Br)c3C2)CN1C(=O)OCc1ccccc1,CC1(C)OB(c2cnc(-n3cccn3)nc2)OC1(C)C,,,,CC(C)c1cc(C(C)C)c(-c2ccccc2[PH](C(C)(C)C)(C(C)(C)C)[Pd]2([O]S(C)(=O)=O)[NH]c3ccccc3-c3cccc[c]32)c(C(C)C)c1,CS(C)=O,O,CS(C)=O,CS(C)=O,CS(C)=O,,,79200.0,0.0,0.0,0.0
Brc1ccc(-c2ccccc2)cn1,CC1(C)OB(C2=CCCCC2)OC1(C)C,,,,CC(C)c1cc(C(C)C)c(-c2ccccc2[PH](C(C)(C)C)(C(C)(C)C)[Pd]2([O]S(C)(=O)=O)[NH]c3ccccc3-c3cccc[c]32)c(C(C)C)c1,CS(C)=O,O,CS(C)=O,CS(C)=O,CS(C)=O,,,79200.0,0.0,0.0,9.485100746154785
CN1C(=O)C[C@@](C)(c2cc(Br)cs2)N/C1=N/C(=O)OC(C)(C)C,CN(C)c1ccc(B2OC(C)(C)C(C)(C)O2)cc1,,,,CN(C)c1ccc([PH](C(C)(C)C)(C(C)(C)C)[Pd]2([O]S(C)(=O)=O)[NH]c3ccccc3-c3cccc[c]32)cc1,CS(C)=O,O,CS(C)=O,CS(C)=O,CCC(C)(C)O,,,79200.0,0.0,0.0,67.41889190673828
CC(=O)NC(C)(C)[C@@H]1CC2(CCN(C(=O)OC(C)(C)C)CC2)c2cc(Cl)c(C)cc21,CC1(C)OB(c2ccc(-c3cnccn3)cc2)OC1(C)C,,,,CC(C)Oc1cccc(OC(C)C)c1-c1ccccc1[PH](C1CCCCC1)(C1CCCCC1)[Pd]1([O]S(C)(=O)=O)[NH]c2ccccc2-c2cccc[c]21,CS(C)=O,O,CS(C)=O,CS(C)=O,O,,,79200.0,0.0,0.0,93.19677734375
COC(=O)[C@@H]1C[C@@H](OC(=O)N2Cc3cccc(Br)c3C2)CN1C(=O)OCc1ccccc1,OB(O)c1cccnc1,,,,CC(C)c1cc(C(C)C)c(-c2ccccc2[PH](C2CCCCC2)(C2CCCCC2)[Pd]2([O]S(C)(=O)=O)[NH]c3ccccc3-c3cccc[c]32)c(C(C)C)c1,CS(C)=O,O,CS(C)=O,CS(C)=O,O,,,79200.0,0.0,0.0,92.2002944946289
O=C1NCCc2[nH]c(-c3ccnc(Br)c3)cc21,CC1(C)OB(c2cnn(Cc3ccccc3)c2)OC1(C)C,,,,CN(C)c1ccc([PH](C(C)(C)C)(C(C)(C)C)[Pd]2([O]S(C)(=O)=O)[NH]c3ccccc3-c3cccc[c]32)cc1,CS(C)=O,O,CS(C)=O,CS(C)=O,CCC(C)(C)O,,,79200.0,0.0,0.0,86.73870849609375
Brc1ccc(-c2ccccc2)cn1,CN(C)c1ccc(B2OC(C)(C)C(C)(C)O2)cc1,,,,CN(C)c1ccc([PH](C(C)(C)C)(C(C)(C)C)[Pd]2([O]S(C)(=O)=O)[NH]c3ccccc3-c3cccc[c]32)cc1,CS(C)=O,O,CS(C)=O,CS(C)=O,CCC(C)(C)O,,,79200.0,0.0,0.0,60.33122253417969
CC(=O)NC(C)(C)[C@@H]1CC2(CCN(C(=O)OC(C)(C)C)CC2)c2cc(Cl)c(C)cc21,CC1(C)OB(c2cccc(C3(NC(=O)OCc4ccccc4)CC3)c2)OC1(C)C,,,,CN(C)c1ccc([PH](C(C)(C)C)(C(C)(C)C)[Pd]2([O]S(C)(=O)=O)[NH]c3ccccc3-c3cccc[c]32)cc1,CS(C)=O,O,CS(C)=O,CS(C)=O,CCC(C)(C)O,,,79200.0,0.0,0.0,0.0
O=C(Nc1ccccc1N1CCNCC1)c1csc(Br)n1,O=C(NC1CCCC1)c1ccc(B(O)O)cc1,,,,CC(C)(C)[PH](C(C)(C)C)(C(C)(C)C)[Pd]1([Cl])[NH]c2ccccc2-c2cccc[c]21,CS(C)=O,O,CS(C)=O,CS(C)=O,CCC(C)(C)O,,,79200.0,0.0,0.0,0.0
CCn1c(=O)c2c(nc(N[C@@H]3CCC[C@H]3O)n2Cc2ccc(OC)c(Br)c2)n(CCO)c1=O,CC1(C)OB(C2=CCCCC2)OC1(C)C,,,,CN(C)c1ccc([PH](C(C)(C)C)(C(C)(C)C)[Pd]2([O]S(C)(=O)=O)[NH]c3ccccc3-c3cccc[c]32)cc1,CS(C)=O,O,CS(C)=O,CS(C)=O,CS(C)=O,,,79200.0,0.0,0.0,95.37791442871094
CN1C(=O)C[C@@](C)(c2sccc2Cl)N/C1=N/C(=O)OC(C)(C)C,CC1(C)OB(C2=CCCCC2)OC1(C)C,,,,CC(C)(C)[PH](C(C)(C)C)(C(C)(C)C)[Pd]1([Cl])[NH]c2ccccc2-c2cccc[c]21,CS(C)=O,O,CS(C)=O,CS(C)=O,CCC(C)(C)O,,,79200.0,0.0,0.0,0.0
CN1C(=O)C[C@@](C)(c2cc(Br)cs2)N/C1=N/C(=O)OC(C)(C)C,CN(C)c1ccc(B2OC(C)(C)C(C)(C)O2)cc1,,,,CC(C)Oc1cccc(OC(C)C)c1-c1ccccc1[PH](C1CCCCC1)(C1CCCCC1)[Pd]1([O]S(C)(=O)=O)[NH]c2ccccc2-c2cccc[c]21,CS(C)=O,O,CS(C)=O,CS(C)=O,O,,,79200.0,0.0,0.0,69.78636169433594
Brc1ccc(-c2ccccc2)cn1,CC1(C)OB(c2cnc(-n3cccn3)nc2)OC1(C)C,,,,CC(C)c1cc(C(C)C)c(-c2ccccc2[PH](C2CCCCC2)(C2CCCCC2)[Pd]2([O]S(C)(=O)=O)[NH]c3ccccc3-c3cccc[c]32)c(C(C)C)c1,CS(C)=O,O,CS(C)=O,CS(C)=O,O,,,79200.0,0.0,0.0,5.637747764587402
CCCc1nc2ccc(I)cc2c(=O)n1Cc1ccc(-c2ccccc2S(=O)(=O)NC(C)(C)C)cc1,CC1(C)OB(C2=CCCCC2)OC1(C)C,,,,CC(C)c1cc(C(C)C)c(-c2ccccc2[PH](C(C)(C)C)(C(C)(C)C)[Pd]2([O]S(C)(=O)=O)[NH]c3ccccc3-c3cccc[c]32)c(C(C)C)c1,CS(C)=O,O,CS(C)=O,CS(C)=O,CS(C)=O,,,79200.0,0.0,0.0,88.10346221923828
Ic1c[nH]c2ncccc12,CC1(C)OB(c2cnn(Cc3ccccc3)c2)OC1(C)C,,,,CC(C)c1cc(C(C)C)c(-c2ccccc2[PH](C2CCCCC2)(C2CCCCC2)[Pd]2([O]S(C)(=O)=O)[NH]c3ccccc3-c3cccc[c]32)c(C(C)C)c1,CS(C)=O,O,CS(C)=O,CS(C)=O,O,,,79200.0,0.0,0.0,8.101701736450195
O=C(Nc1ccccc1N1CCNCC1)c1csc(Br)n1,CC1(C)OB(c2cccc(C3(NC(=O)OCc4ccccc4)CC3)c2)OC1(C)C,,,,CN(C)c1ccc([PH](C(C)(C)C)(C(C)(C)C)[Pd]2([O]S(C)(=O)=O)[NH]c3ccccc3-c3cccc[c]32)cc1,CS(C)=O,O,CS(C)=O,CS(C)=O,CCC(C)(C)O,,,79200.0,0.0,0.0,4.605205059051514
Ic1c[nH]c2ncccc12,CC1(C)OB(c2ccc(-c3cnccn3)cc2)OC1(C)C,,,,CC(C)Oc1cccc(OC(C)C)c1-c1ccccc1[PH](C1CCCCC1)(C1CCCCC1)[Pd]1([O]S(C)(=O)=O)[NH]c2ccccc2-c2cccc[c]21,CS(C)=O,O,CS(C)=O,CS(C)=O,O,,,79200.0,0.0,0.0,0.0
Brc1ccc(-c2ccccc2)cn1,Cc1cc(O)ccc1B1OC(C)(C)C(C)(C)O1,,,,CC(C)c1cc(C(C)C)c(-c2ccccc2[PH](C(C)(C)C)(C(C)(C)C)[Pd]2([O]S(C)(=O)=O)[NH]c3ccccc3-c3cccc[c]32)c(C(C)C)c1,CS(C)=O,O,CS(C)=O,CS(C)=O,CS(C)=O,,,79200.0,0.0,0.0,0.0
O=C(Nc1ccccc1N1CCNCC1)c1csc(Br)n1,CC1(C)OB(c2cnn(Cc3ccccc3)c2)OC1(C)C,,,,CC(C)c1cc(C(C)C)c(-c2ccccc2[PH](C(C)(C)C)(C(C)(C)C)[Pd]2([O]S(C)(=O)=O)[NH]c3ccccc3-c3cccc[c]32)c(C(C)C)c1,CS(C)=O,O,CS(C)=O,CS(C)=O,CS(C)=O,,,79200.0,0.0,0.0,26.31810760498047
CCCc1nc2ccc(I)cc2c(=O)n1Cc1ccc(-c2ccccc2S(=O)(=O)NC(C)(C)C)cc1,CC1(C)OB(c2cnc(-n3cccn3)nc2)OC1(C)C,,,,CC(C)Oc1cccc(OC(C)C)c1-c1ccccc1[PH](C1CCCCC1)(C1CCCCC1)[Pd]1([O]S(C)(=O)=O)[NH]c2ccccc2-c2cccc[c]21,CS(C)=O,O,CS(C)=O,CS(C)=O,O,,,79200.0,0.0,0.0,16.34685516357422
Ic1c[nH]c2ncccc12,CC1(C)OB(c2ccc(-c3cnccn3)cc2)OC1(C)C,,,,CC(C)(C)[PH](C(C)(C)C)(C(C)(C)C)[Pd]1([Cl])[NH]c2ccccc2-c2cccc[c]21,CS(C)=O,O,CS(C)=O,CS(C)=O,CCC(C)(C)O,,,79200.0,0.0,0.0,0.0
COC(=O)[C@@H]1C[C@@H](OC(=O)N2Cc3cccc(Br)c3C2)CN1C(=O)OCc1ccccc1,CC1(C)OB(c2ccc(-c3cnccn3)cc2)OC1(C)C,,,,CN(C)c1ccc([PH](C(C)(C)C)(C(C)(C)C)[Pd]2([O]S(C)(=O)=O)[NH]c3ccccc3-c3cccc[c]32)cc1,CS(C)=O,O,CS(C)=O,CS(C)=O,CCC(C)(C)O,,,79200.0,0.0,0.0,100.0
CCn1c(=O)c2c(nc(N[C@@H]3CCC[C@H]3O)n2Cc2ccc(OC)c(Br)c2)n(CCO)c1=O,Cc1cc(O)ccc1B1OC(C)(C)C(C)(C)O1,,,,CC(C)(C)[PH](C(C)(C)C)(C(C)(C)C)[Pd]1([Cl])[NH]c2ccccc2-c2cccc[c]21,CS(C)=O,O,CS(C)=O,CS(C)=O,CCC(C)(C)O,,,79200.0,0.0,0.0,83.18460083007812
CCCc1nc2ccc(I)cc2c(=O)n1Cc1ccc(-c2ccccc2S(=O)(=O)NC(C)(C)C)cc1,CC1(C)OB(c2cnn(Cc3ccccc3)c2)OC1(C)C,,,,CC(C)Oc1cccc(OC(C)C)c1-c1ccccc1[PH](C1CCCCC1)(C1CCCCC1)[Pd]1([O]S(C)(=O)=O)[NH]c2ccccc2-c2cccc[c]21,CS(C)=O,O,CS(C)=O,CS(C)=O,O,,,79200.0,0.0,0.0,18.962373733520508
COC(=O)[C@@H]1C[C@@H](OC(=O)N2Cc3cccc(Br)c3C2)CN1C(=O)OCc1ccccc1,OB(O)c1cccnc1,,,,CC(C)Oc1cccc(OC(C)C)c1-c1ccccc1[PH](C1CCCCC1)(C1CCCCC1)[Pd]1([O]S(C)(=O)=O)[NH]c2ccccc2-c2cccc[c]21,CS(C)=O,O,CS(C)=O,CS(C)=O,O,,,79200.0,0.0,0.0,52.745113372802734
CCCc1nc2ccc(I)cc2c(=O)n1Cc1ccc(-c2ccccc2S(=O)(=O)NC(C)(C)C)cc1,CC1(C)OB(C2=CCCCC2)OC1(C)C,,,,CC(C)c1cc(C(C)C)c(-c2ccccc2[PH](C(C)(C)C)(C(C)(C)C)[Pd]2([O]S(C)(=O)=O)[NH]c3ccccc3-c3cccc[c]32)c(C(C)C)c1,CS(C)=O,O,CS(C)=O,CS(C)=O,CS(C)=O,,,79200.0,0.0,0.0,100.0
Ic1c[nH]c2ncccc12,Cc1cc(O)ccc1B1OC(C)(C)C(C)(C)O1,,,,CN(C)c1ccc([PH](C(C)(C)C)(C(C)(C)C)[Pd]2([O]S(C)(=O)=O)[NH]c3ccccc3-c3cccc[c]32)cc1,CS(C)=O,O,CS(C)=O,CS(C)=O,CCC(C)(C)O,,,79200.0,0.0,0.0,0.0
CCCc1nc2ccc(I)cc2c(=O)n1Cc1ccc(-c2ccccc2S(=O)(=O)NC(C)(C)C)cc1,CC1(C)OB(C2=CCCCC2)OC1(C)C,,,,CC(C)Oc1cccc(OC(C)C)c1-c1ccccc1[PH](C1CCCCC1)(C1CCCCC1)[Pd]1([O]S(C)(=O)=O)[NH]c2ccccc2-c2cccc[c]21,CS(C)=O,O,CS(C)=O,CS(C)=O,O,,,79200.0,0.0,0.0,10.95704460144043
CCn1c(=O)c2c(nc(N[C@@H]3CCC[C@H]3O)n2Cc2ccc(OC)c(Br)c2)n(CCO)c1=O,CC1(C)OB(C2=CCCCC2)OC1(C)C,,,,CN(C)c1ccc([PH](C(C)(C)C)(C(C)(C)C)[Pd]2([O]S(C)(=O)=O)[NH]c3ccccc3-c3cccc[c]32)cc1,CS(C)=O,O,CS(C)=O,CS(C)=O,CS(C)=O,,,79200.0,0.0,0.0,94.19371795654297
CN1C(=O)C[C@@](C)(c2cc(Br)cs2)N/C1=N/C(=O)OC(C)(C)C,OB(O)c1cccnc1,,,,CC(C)(C)[PH](C(C)(C)C)(C(C)(C)C)[Pd]1([Cl])[NH]c2ccccc2-c2cccc[c]21,CS(C)=O,O,CS(C)=O,CS(C)=O,CCC(C)(C)O,,,79200.0,0.0,0.0,0.0
CCCc1nc2ccc(I)cc2c(=O)n1Cc1ccc(-c2ccccc2S(=O)(=O)NC(C)(C)C)cc1,CC1(C)OB(C2=CCCCC2)OC1(C)C,,,,CC(C)Oc1cccc(OC(C)C)c1-c1ccccc1[PH](C1CCCCC1)(C1CCCCC1)[Pd]1([O]S(C)(=O)=O)[NH]c2ccccc2-c2cccc[c]21,CS(C)=O,O,CS(C)=O,CS(C)=O,O,,,79200.0,0.0,0.0,8.843521118164062
CCCc1nc2ccc(I)cc2c(=O)n1Cc1ccc(-c2ccccc2S(=O)(=O)NC(C)(C)C)cc1,CC1(C)OB(c2ccc(-c3cnccn3)cc2)OC1(C)C,,,,CC(C)(C)[PH](C(C)(C)C)(C(C)(C)C)[Pd]1([Cl])[NH]c2ccccc2-c2cccc[c]21,CS(C)=O,O,CS(C)=O,CS(C)=O,CCC(C)(C)O,,,79200.0,0.0,0.0,100.0
CC(=O)NC(C)(C)[C@@H]1CC2(CCN(C(=O)OC(C)(C)C)CC2)c2cc(Cl)c(C)cc21,CC1(C)OB(c2ccc(-c3cnccn3)cc2)OC1(C)C,,,,CN(C)c1ccc([PH](C(C)(C)C)(C(C)(C)C)[Pd]2([O]S(C)(=O)=O)[NH]c3ccccc3-c3cccc[c]32)cc1,CS(C)=O,O,CS(C)=O,CS(C)=O,CS(C)=O,,,79200.0,0.0,0.0,0.0
CN1C(=O)C[C@@](C)(c2cc(Br)cs2)N/C1=N/C(=O)OC(C)(C)C,O=C(NC1CCCC1)c1ccc(B(O)O)cc1,,,,CC(C)c1cc(C(C)C)c(-c2ccccc2[PH](C(C)(C)C)(C(C)(C)C)[Pd]2([O]S(C)(=O)=O)[NH]c3ccccc3-c3cccc[c]32)c(C(C)C)c1,CS(C)=O,O,CS(C)=O,CS(C)=O,CS(C)=O,,,79200.0,0.0,0.0,0.0
Brc1ccc(-c2ccccc2)cn1,CC1(C)OB(C2=CCCCC2)OC1(C)C,,,,CN(C)c1ccc([PH](C(C)(C)C)(C(C)(C)C)[Pd]2([O]S(C)(=O)=O)[NH]c3ccccc3-c3cccc[c]32)cc1,CS(C)=O,O,CS(C)=O,CS(C)=O,CCC(C)(C)O,,,79200.0,0.0,0.0,94.27537536621094
CCCc1nc2ccc(I)cc2c(=O)n1Cc1ccc(-c2ccccc2S(=O)(=O)NC(C)(C)C)cc1,CC1(C)OB(c2cn(S(=O)(=O)c3ccccc3)c3ncccc23)OC1(C)C,,,,CN(C)c1ccc([PH](C(C)(C)C)(C(C)(C)C)[Pd]2([O]S(C)(=O)=O)[NH]c3ccccc3-c3cccc[c]32)cc1,CS(C)=O,O,CS(C)=O,CS(C)=O,CCC(C)(C)O,,,79200.0,0.0,0.0,100.0
O=C(NCc1ccc(F)cc1)c1nc(Br)c2cccnc2c1O,CC1(C)OB(c2cn(S(=O)(=O)c3ccccc3)c3ncccc23)OC1(C)C,,,,CC(C)c1cc(C(C)C)c(-c2ccccc2[PH](C2CCCCC2)(C2CCCCC2)[Pd]2([O]S(C)(=O)=O)[NH]c3ccccc3-c3cccc[c]32)c(C(C)C)c1,CS(C)=O,O,CS(C)=O,CS(C)=O,O,,,79200.0,0.0,0.0,23.317493438720703
O=C1NCCc2[nH]c(-c3ccnc(Br)c3)cc21,O=C(NC1CCCC1)c1ccc(B(O)O)cc1,,,,CC(C)(C)[PH](C(C)(C)C)(C(C)(C)C)[Pd]1([Cl])[NH]c2ccccc2-c2cccc[c]21,CS(C)=O,O,CS(C)=O,CS(C)=O,CCC(C)(C)O,,,79200.0,0.0,0.0,0.0
O=C1NCCc2[nH]c(-c3ccnc(Br)c3)cc21,CC1(C)OB(c2cccc(C3(NC(=O)OCc4ccccc4)CC3)c2)OC1(C)C,,,,CC(C)(C)[PH](C(C)(C)C)(C(C)(C)C)[Pd]1([Cl])[NH]c2ccccc2-c2cccc[c]21,CS(C)=O,O,CS(C)=O,CS(C)=O,CCC(C)(C)O,,,79200.0,0.0,0.0,6.432815074920654
O=C(NCc1ccc(F)cc1)c1nc(Br)c2cccnc2c1O,CC1(C)OB(c2cccc(C3(NC(=O)OCc4ccccc4)CC3)c2)OC1(C)C,,,,CN(C)c1ccc([PH](C(C)(C)C)(C(C)(C)C)[Pd]2([O]S(C)(=O)=O)[NH]c3ccccc3-c3cccc[c]32)cc1,CS(C)=O,O,CS(C)=O,CS(C)=O,CS(C)=O,,,79200.0,0.0,0.0,0.0
CN1C(=O)C[C@@](C)(c2cc(Br)cs2)N/C1=N/C(=O)OC(C)(C)C,CC1(C)OB(c2cnn(Cc3ccccc3)c2)OC1(C)C,,,,CC(C)c1cc(C(C)C)c(-c2ccccc2[PH](C(C)(C)C)(C(C)(C)C)[Pd]2([O]S(C)(=O)=O)[NH]c3ccccc3-c3cccc[c]32)c(C(C)C)c1,CS(C)=O,O,CS(C)=O,CS(C)=O,CS(C)=O,,,79200.0,0.0,0.0,7.102106094360352
O=C(Nc1ccccc1N1CCNCC1)c1csc(Br)n1,CC1(C)OB(c2ccc(-c3cnccn3)cc2)OC1(C)C,,,,CC(C)(C)[PH](C(C)(C)C)(C(C)(C)C)[Pd]1([Cl])[NH]c2ccccc2-c2cccc[c]21,CS(C)=O,O,CS(C)=O,CS(C)=O,CCC(C)(C)O,,,79200.0,0.0,0.0,6.644236087799072
CCOC(=O)N1CCC(=C2c3ccc(Cl)cc3CCc3cc(Br)cnc32)CC1,CC1(C)OB(c2cccc(C3(NC(=O)OCc4ccccc4)CC3)c2)OC1(C)C,,,,CC(C)(C)[PH](C(C)(C)C)(C(C)(C)C)[Pd]1([Cl])[NH]c2ccccc2-c2cccc[c]21,CS(C)=O,O,CS(C)=O,CS(C)=O,CCC(C)(C)O,,,79200.0,0.0,0.0,100.0
CCCc1nc2ccc(I)cc2c(=O)n1Cc1ccc(-c2ccccc2S(=O)(=O)NC(C)(C)C)cc1,CC1(C)OB(c2cnn(Cc3ccccc3)c2)OC1(C)C,,,,CN(C)c1ccc([PH](C(C)(C)C)(C(C)(C)C)[Pd]2([O]S(C)(=O)=O)[NH]c3ccccc3-c3cccc[c]32)cc1,CS(C)=O,O,CS(C)=O,CS(C)=O,CS(C)=O,,,79200.0,0.0,0.0,94.67830657958984
CCCc1nc2ccc(I)cc2c(=O)n1Cc1ccc(-c2ccccc2S(=O)(=O)NC(C)(C)C)cc1,CC1(C)OB(c2ccc(-c3cnccn3)cc2)OC1(C)C,,,,CC(C)Oc1cccc(OC(C)C)c1-c1ccccc1[PH](C1CCCCC1)(C1CCCCC1)[Pd]1([O]S(C)(=O)=O)[NH]c2ccccc2-c2cccc[c]21,CS(C)=O,O,CS(C)=O,CS(C)=O,O,,,79200.0,0.0,0.0,5.690269470214844
CCCc1nc2ccc(I)cc2c(=O)n1Cc1ccc(-c2ccccc2S(=O)(=O)NC(C)(C)C)cc1,Cc1cc(O)ccc1B1OC(C)(C)C(C)(C)O1,,,,CN(C)c1ccc([PH](C(C)(C)C)(C(C)(C)C)[Pd]2([O]S(C)(=O)=O)[NH]c3ccccc3-c3cccc[c]32)cc1,CS(C)=O,O,CS(C)=O,CS(C)=O,CCC(C)(C)O,,,79200.0,0.0,0.0,91.0843276977539
Ic1c[nH]c2ncccc12,CC1(C)OB(C2=CCCCC2)OC1(C)C,,,,CC(C)Oc1cccc(OC(C)C)c1-c1ccccc1[PH](C1CCCCC1)(C1CCCCC1)[Pd]1([O]S(C)(=O)=O)[NH]c2ccccc2-c2cccc[c]21,CS(C)=O,O,CS(C)=O,CS(C)=O,O,,,79200.0,0.0,0.0,0.0
CC(=O)NC(C)(C)[C@@H]1CC2(CCN(C(=O)OC(C)(C)C)CC2)c2cc(Cl)c(C)cc21,CC1(C)OB(c2cn(S(=O)(=O)c3ccccc3)c3ncccc23)OC1(C)C,,,,CC(C)(C)[PH](C(C)(C)C)(C(C)(C)C)[Pd]1([Cl])[NH]c2ccccc2-c2cccc[c]21,CS(C)=O,O,CS(C)=O,CS(C)=O,CCC(C)(C)O,,,79200.0,0.0,0.0,0.0
CCOC(=O)N1CCC(=C2c3ccc(Cl)cc3CCc3cc(Br)cnc32)CC1,O=C(NC1CCCC1)c1ccc(B(O)O)cc1,,,,CN(C)c1ccc([PH](C(C)(C)C)(C(C)(C)C)[Pd]2([O]S(C)(=O)=O)[NH]c3ccccc3-c3cccc[c]32)cc1,CS(C)=O,O,CS(C)=O,CS(C)=O,CS(C)=O,,,79200.0,0.0,0.0,33.223384857177734
CN1C(=O)C[C@@](C)(c2cc(Br)cs2)N/C1=N/C(=O)OC(C)(C)C,CC1(C)OB(c2cnc(-n3cccn3)nc2)OC1(C)C,,,,CC(C)c1cc(C(C)C)c(-c2ccccc2[PH](C2CCCCC2)(C2CCCCC2)[Pd]2([O]S(C)(=O)=O)[NH]c3ccccc3-c3cccc[c]32)c(C(C)C)c1,CS(C)=O,O,CS(C)=O,CS(C)=O,O,,,79200.0,0.0,0.0,31.46822166442871
O=C(Nc1ccccc1N1CCNCC1)c1csc(Br)n1,CN(C)c1ccc(B2OC(C)(C)C(C)(C)O2)cc1,,,,CC(C)c1cc(C(C)C)c(-c2ccccc2[PH](C(C)(C)C)(C(C)(C)C)[Pd]2([O]S(C)(=O)=O)[NH]c3ccccc3-c3cccc[c]32)c(C(C)C)c1,CS(C)=O,O,CS(C)=O,CS(C)=O,CS(C)=O,,,79200.0,0.0,0.0,0.0
Brc1ccc(-c2ccccc2)cn1,CC1(C)OB(c2ccc(-c3cnccn3)cc2)OC1(C)C,,,,CN(C)c1ccc([PH](C(C)(C)C)(C(C)(C)C)[Pd]2([O]S(C)(=O)=O)[NH]c3ccccc3-c3cccc[c]32)cc1,CS(C)=O,O,CS(C)=O,CS(C)=O,CCC(C)(C)O,,,79200.0,0.0,0.0,100.0
COC(=O)[C@@H]1C[C@@H](OC(=O)N2Cc3cccc(Br)c3C2)CN1C(=O)OCc1ccccc1,O=C(NC1CCCC1)c1ccc(B(O)O)cc1,,,,CC(C)(C)[PH](C(C)(C)C)(C(C)(C)C)[Pd]1([Cl])[NH]c2ccccc2-c2cccc[c]21,CS(C)=O,O,CS(C)=O,CS(C)=O,CCC(C)(C)O,,,79200.0,0.0,0.0,98.51033782958984
Ic1c[nH]c2ncccc12,O=C(NC1CCCC1)c1ccc(B(O)O)cc1,,,,CN(C)c1ccc([PH](C(C)(C)C)(C(C)(C)C)[Pd]2([O]S(C)(=O)=O)[NH]c3ccccc3-c3cccc[c]32)cc1,CS(C)=O,O,CS(C)=O,CS(C)=O,CCC(C)(C)O,,,79200.0,0.0,0.0,0.0
CC(=O)NC(C)(C)[C@@H]1CC2(CCN(C(=O)OC(C)(C)C)CC2)c2cc(Cl)c(C)cc21,Cc1cc(O)ccc1B1OC(C)(C)C(C)(C)O1,,,,CC(C)c1cc(C(C)C)c(-c2ccccc2[PH](C2CCCCC2)(C2CCCCC2)[Pd]2([O]S(C)(=O)=O)[NH]c3ccccc3-c3cccc[c]32)c(C(C)C)c1,CS(C)=O,O,CS(C)=O,CS(C)=O,O,,,79200.0,0.0,0.0,0.0
O=C1NCCc2[nH]c(-c3ccnc(Br)c3)cc21,CC1(C)OB(c2cnc(-n3cccn3)nc2)OC1(C)C,,,,CN(C)c1ccc([PH](C(C)(C)C)(C(C)(C)C)[Pd]2([O]S(C)(=O)=O)[NH]c3ccccc3-c3cccc[c]32)cc1,CS(C)=O,O,CS(C)=O,CS(C)=O,CS(C)=O,,,79200.0,0.0,0.0,3.52750825881958
COC(=O)[C@@H]1C[C@@H](OC(=O)N2Cc3cccc(Br)c3C2)CN1C(=O)OCc1ccccc1,OB(O)c1cccnc1,,,,CC(C)(C)[PH](C(C)(C)C)(C(C)(C)C)[Pd]1([Cl])[NH]c2ccccc2-c2cccc[c]21,CS(C)=O,O,CS(C)=O,CS(C)=O,CCC(C)(C)O,,,79200.0,0.0,0.0,62.54352569580078
Brc1ccc(-c2ccccc2)cn1,CC1(C)OB(c2cnn(Cc3ccccc3)c2)OC1(C)C,,,,CN(C)c1ccc([PH](C(C)(C)C)(C(C)(C)C)[Pd]2([O]S(C)(=O)=O)[NH]c3ccccc3-c3cccc[c]32)cc1,CS(C)=O,O,CS(C)=O,CS(C)=O,CS(C)=O,,,79200.0,0.0,0.0,99.22990417480469
Ic1c[nH]c2ncccc12,CC1(C)OB(c2cnc(-n3cccn3)nc2)OC1(C)C,,,,CC(C)c1cc(C(C)C)c(-c2ccccc2[PH](C(C)(C)C)(C(C)(C)C)[Pd]2([O]S(C)(=O)=O)[NH]c3ccccc3-c3cccc[c]32)c(C(C)C)c1,CS(C)=O,O,CS(C)=O,CS(C)=O,CS(C)=O,,,79200.0,0.0,0.0,0.0
CCn1c(=O)c2c(nc(N[C@@H]3CCC[C@H]3O)n2Cc2ccc(OC)c(Br)c2)n(CCO)c1=O,CN(C)c1ccc(B2OC(C)(C)C(C)(C)O2)cc1,,,,CC(C)Oc1cccc(OC(C)C)c1-c1ccccc1[PH](C1CCCCC1)(C1CCCCC1)[Pd]1([O]S(C)(=O)=O)[NH]c2ccccc2-c2cccc[c]21,CS(C)=O,O,CS(C)=O,CS(C)=O,O,,,79200.0,0.0,0.0,73.95935821533203
CN1C(=O)C[C@@](C)(c2cc(Br)cs2)N/C1=N/C(=O)OC(C)(C)C,CC1(C)OB(c2cn(S(=O)(=O)c3ccccc3)c3ncccc23)OC1(C)C,,,,CC(C)Oc1cccc(OC(C)C)c1-c1ccccc1[PH](C1CCCCC1)(C1CCCCC1)[Pd]1([O]S(C)(=O)=O)[NH]c2ccccc2-c2cccc[c]21,CS(C)=O,O,CS(C)=O,CS(C)=O,O,,,79200.0,0.0,0.0,68.75814819335938
CCCc1nc2ccc(I)cc2c(=O)n1Cc1ccc(-c2ccccc2S(=O)(=O)NC(C)(C)C)cc1,Cc1cc(O)ccc1B1OC(C)(C)C(C)(C)O1,,,,CN(C)c1ccc([PH](C(C)(C)C)(C(C)(C)C)[Pd]2([O]S(C)(=O)=O)[NH]c3ccccc3-c3cccc[c]32)cc1,CS(C)=O,O,CS(C)=O,CS(C)=O,CS(C)=O,,,79200.0,0.0,0.0,82.3356704711914
CCOC(=O)N1CCC(=C2c3ccc(Cl)cc3CCc3cc(Br)cnc32)CC1,CN(C)c1ccc(B2OC(C)(C)C(C)(C)O2)cc1,,,,CC(C)c1cc(C(C)C)c(-c2ccccc2[PH](C(C)(C)C)(C(C)(C)C)[Pd]2([O]S(C)(=O)=O)[NH]c3ccccc3-c3cccc[c]32)c(C(C)C)c1,CS(C)=O,O,CS(C)=O,CS(C)=O,CS(C)=O,,,79200.0,0.0,0.0,100.0
CCCc1nc2ccc(I)cc2c(=O)n1Cc1ccc(-c2ccccc2S(=O)(=O)NC(C)(C)C)cc1,CC1(C)OB(c2ccc(-c3cnccn3)cc2)OC1(C)C,,,,CC(C)(C)[PH](C(C)(C)C)(C(C)(C)C)[Pd]1([Cl])[NH]c2ccccc2-c2cccc[c]21,CS(C)=O,O,CS(C)=O,CS(C)=O,CCC(C)(C)O,,,79200.0,0.0,0.0,100.0
CCn1c(=O)c2c(nc(N[C@@H]3CCC[C@H]3O)n2Cc2ccc(OC)c(Br)c2)n(CCO)c1=O,CC1(C)OB(c2cnn(Cc3ccccc3)c2)OC1(C)C,,,,CC(C)(C)[PH](C(C)(C)C)(C(C)(C)C)[Pd]1([Cl])[NH]c2ccccc2-c2cccc[c]21,CS(C)=O,O,CS(C)=O,CS(C)=O,CCC(C)(C)O,,,79200.0,0.0,0.0,100.0
CC(=O)NC(C)(C)[C@@H]1CC2(CCN(C(=O)OC(C)(C)C)CC2)c2cc(Cl)c(C)cc21,OB(O)c1cccnc1,,,,CC(C)c1cc(C(C)C)c(-c2ccccc2[PH](C2CCCCC2)(C2CCCCC2)[Pd]2([O]S(C)(=O)=O)[NH]c3ccccc3-c3cccc[c]32)c(C(C)C)c1,CS(C)=O,O,CS(C)=O,CS(C)=O,O,,,79200.0,0.0,0.0,75.29232025146484
CCOC(=O)N1CCC(=C2c3ccc(Cl)cc3CCc3cc(Br)cnc32)CC1,O=C(NC1CCCC1)c1ccc(B(O)O)cc1,,,,CC(C)c1cc(C(C)C)c(-c2ccccc2[PH](C(C)(C)C)(C(C)(C)C)[Pd]2([O]S(C)(=O)=O)[NH]c3ccccc3-c3cccc[c]32)c(C(C)C)c1,CS(C)=O,O,CS(C)=O,CS(C)=O,CS(C)=O,,,79200.0,0.0,0.0,90.7571029663086
CCn1c(=O)c2c(nc(N[C@@H]3CCC[C@H]3O)n2Cc2ccc(OC)c(Br)c2)n(CCO)c1=O,CC1(C)OB(c2cccc(C3(NC(=O)OCc4ccccc4)CC3)c2)OC1(C)C,,,,CC(C)c1cc(C(C)C)c(-c2ccccc2[PH](C(C)(C)C)(C(C)(C)C)[Pd]2([O]S(C)(=O)=O)[NH]c3ccccc3-c3cccc[c]32)c(C(C)C)c1,CS(C)=O,O,CS(C)=O,CS(C)=O,CS(C)=O,,,79200.0,0.0,0.0,66.42037200927734
O=C(NCc1ccc(F)cc1)c1nc(Br)c2cccnc2c1O,CC1(C)OB(c2cccc(C3(NC(=O)OCc4ccccc4)CC3)c2)OC1(C)C,,,,CC(C)(C)[PH](C(C)(C)C)(C(C)(C)C)[Pd]1([Cl])[NH]c2ccccc2-c2cccc[c]21,CS(C)=O,O,CS(C)=O,CS(C)=O,CCC(C)(C)O,,,79200.0,0.0,0.0,0.0
CCn1c(=O)c2c(nc(N[C@@H]3CCC[C@H]3O)n2Cc2ccc(OC)c(Br)c2)n(CCO)c1=O,CN(C)c1ccc(B2OC(C)(C)C(C)(C)O2)cc1,,,,CN(C)c1ccc([PH](C(C)(C)C)(C(C)(C)C)[Pd]2([O]S(C)(=O)=O)[NH]c3ccccc3-c3cccc[c]32)cc1,CS(C)=O,O,CS(C)=O,CS(C)=O,CS(C)=O,,,79200.0,0.0,0.0,64.18879699707031
COC(=O)[C@@H]1C[C@@H](OC(=O)N2Cc3cccc(Br)c3C2)CN1C(=O)OCc1ccccc1,CC1(C)OB(c2ccc(-c3cnccn3)cc2)OC1(C)C,,,,CC(C)(C)[PH](C(C)(C)C)(C(C)(C)C)[Pd]1([Cl])[NH]c2ccccc2-c2cccc[c]21,CS(C)=O,O,CS(C)=O,CS(C)=O,CCC(C)(C)O,,,79200.0,0.0,0.0,100.0
O=C(Nc1ccccc1N1CCNCC1)c1csc(Br)n1,CC1(C)OB(c2cn(S(=O)(=O)c3ccccc3)c3ncccc23)OC1(C)C,,,,CC(C)(C)[PH](C(C)(C)C)(C(C)(C)C)[Pd]1([Cl])[NH]c2ccccc2-c2cccc[c]21,CS(C)=O,O,CS(C)=O,CS(C)=O,CCC(C)(C)O,,,79200.0,0.0,0.0,28.23345184326172
Brc1ccc(-c2ccccc2)cn1,CN(C)c1ccc(B2OC(C)(C)C(C)(C)O2)cc1,,,,CN(C)c1ccc([PH](C(C)(C)C)(C(C)(C)C)[Pd]2([O]S(C)(=O)=O)[NH]c3ccccc3-c3cccc[c]32)cc1,CS(C)=O,O,CS(C)=O,CS(C)=O,CCC(C)(C)O,,,79200.0,0.0,0.0,65.23773193359375
Ic1c[nH]c2ncccc12,Cc1cc(O)ccc1B1OC(C)(C)C(C)(C)O1,,,,CC(C)c1cc(C(C)C)c(-c2ccccc2[PH](C(C)(C)C)(C(C)(C)C)[Pd]2([O]S(C)(=O)=O)[NH]c3ccccc3-c3cccc[c]32)c(C(C)C)c1,CS(C)=O,O,CS(C)=O,CS(C)=O,CS(C)=O,,,79200.0,0.0,0.0,0.0
CC(=O)NC(C)(C)[C@@H]1CC2(CCN(C(=O)OC(C)(C)C)CC2)c2cc(Cl)c(C)cc21,CC1(C)OB(c2cn(S(=O)(=O)c3ccccc3)c3ncccc23)OC1(C)C,,,,CN(C)c1ccc([PH](C(C)(C)C)(C(C)(C)C)[Pd]2([O]S(C)(=O)=O)[NH]c3ccccc3-c3cccc[c]32)cc1,CS(C)=O,O,CS(C)=O,CS(C)=O,CS(C)=O,,,79200.0,0.0,0.0,0.0
CN1C(=O)C[C@@](C)(c2cc(Br)cs2)N/C1=N/C(=O)OC(C)(C)C,CC1(C)OB(C2=CCCCC2)OC1(C)C,,,,CC(C)(C)[PH](C(C)(C)C)(C(C)(C)C)[Pd]1([Cl])[NH]c2ccccc2-c2cccc[c]21,CS(C)=O,O,CS(C)=O,CS(C)=O,CCC(C)(C)O,,,79200.0,0.0,0.0,100.0
CN1C(=O)C[C@@](C)(c2cc(Br)cs2)N/C1=N/C(=O)OC(C)(C)C,CC1(C)OB(c2ccc(-c3cnccn3)cc2)OC1(C)C,,,,CC(C)(C)[PH](C(C)(C)C)(C(C)(C)C)[Pd]1([Cl])[NH]c2ccccc2-c2cccc[c]21,CS(C)=O,O,CS(C)=O,CS(C)=O,CCC(C)(C)O,,,79200.0,0.0,0.0,21.10692596435547
CCOC(=O)N1CCC(=C2c3ccc(Cl)cc3CCc3cc(Br)cnc32)CC1,CC1(C)OB(c2cn(S(=O)(=O)c3ccccc3)c3ncccc23)OC1(C)C,,,,CC(C)c1cc(C(C)C)c(-c2ccccc2[PH](C2CCCCC2)(C2CCCCC2)[Pd]2([O]S(C)(=O)=O)[NH]c3ccccc3-c3cccc[c]32)c(C(C)C)c1,CS(C)=O,O,CS(C)=O,CS(C)=O,O,,,79200.0,0.0,0.0,35.86445236206055
O=C(Nc1ccccc1N1CCNCC1)c1csc(Br)n1,CN(C)c1ccc(B2OC(C)(C)C(C)(C)O2)cc1,,,,CC(C)(C)[PH](C(C)(C)C)(C(C)(C)C)[Pd]1([Cl])[NH]c2ccccc2-c2cccc[c]21,CS(C)=O,O,CS(C)=O,CS(C)=O,CCC(C)(C)O,,,79200.0,0.0,0.0,0.0
CCn1c(=O)c2c(nc(N[C@@H]3CCC[C@H]3O)n2Cc2ccc(OC)c(Br)c2)n(CCO)c1=O,OB(O)c1cccnc1,,,,CC(C)Oc1cccc(OC(C)C)c1-c1ccccc1[PH](C1CCCCC1)(C1CCCCC1)[Pd]1([O]S(C)(=O)=O)[NH]c2ccccc2-c2cccc[c]21,CS(C)=O,O,CS(C)=O,CS(C)=O,O,,,79200.0,0.0,0.0,6.003070831298828
CCCc1nc2ccc(I)cc2c(=O)n1Cc1ccc(-c2ccccc2S(=O)(=O)NC(C)(C)C)cc1,CC1(C)OB(c2cnc(-n3cccn3)nc2)OC1(C)C,,,,CC(C)c1cc(C(C)C)c(-c2ccccc2[PH](C(C)(C)C)(C(C)(C)C)[Pd]2([O]S(C)(=O)=O)[NH]c3ccccc3-c3cccc[c]32)c(C(C)C)c1,CS(C)=O,O,CS(C)=O,CS(C)=O,CS(C)=O,,,79200.0,0.0,0.0,100.0
CCn1c(=O)c2c(nc(N[C@@H]3CCC[C@H]3O)n2Cc2ccc(OC)c(Br)c2)n(CCO)c1=O,CC1(C)OB(c2cn(S(=O)(=O)c3ccccc3)c3ncccc23)OC1(C)C,,,,CC(C)c1cc(C(C)C)c(-c2ccccc2[PH](C2CCCCC2)(C2CCCCC2)[Pd]2([O]S(C)(=O)=O)[NH]c3ccccc3-c3cccc[c]32)c(C(C)C)c1,CS(C)=O,O,CS(C)=O,CS(C)=O,O,,,79200.0,0.0,0.0,93.39164733886719
CC(=O)NC(C)(C)[C@@H]1CC2(CCN(C(=O)OC(C)(C)C)CC2)c2cc(Cl)c(C)cc21,Cc1cc(O)ccc1B1OC(C)(C)C(C)(C)O1,,,,CC(C)(C)[PH](C(C)(C)C)(C(C)(C)C)[Pd]1([Cl])[NH]c2ccccc2-c2cccc[c]21,CS(C)=O,O,CS(C)=O,CS(C)=O,CCC(C)(C)O,,,79200.0,0.0,0.0,0.0
Brc1ccc(-c2ccccc2)cn1,CC1(C)OB(C2=CCCCC2)OC1(C)C,,,,CN(C)c1ccc([PH](C(C)(C)C)(C(C)(C)C)[Pd]2([O]S(C)(=O)=O)[NH]c3ccccc3-c3cccc[c]32)cc1,CS(C)=O,O,CS(C)=O,CS(C)=O,CS(C)=O,,,79200.0,0.0,0.0,100.0
Brc1ccc(-c2ccccc2)cn1,O=C(NC1CCCC1)c1ccc(B(O)O)cc1,,,,CC(C)(C)[PH](C(C)(C)C)(C(C)(C)C)[Pd]1([Cl])[NH]c2ccccc2-c2cccc[c]21,CS(C)=O,O,CS(C)=O,CS(C)=O,CCC(C)(C)O,,,79200.0,0.0,0.0,29.964914321899414
CN1C(=O)C[C@@](C)(c2cc(Br)cs2)N/C1=N/C(=O)OC(C)(C)C,CC1(C)OB(c2cnc(-n3cccn3)nc2)OC1(C)C,,,,CC(C)c1cc(C(C)C)c(-c2ccccc2[PH](C2CCCCC2)(C2CCCCC2)[Pd]2([O]S(C)(=O)=O)[NH]c3ccccc3-c3cccc[c]32)c(C(C)C)c1,CS(C)=O,O,CS(C)=O,CS(C)=O,O,,,79200.0,0.0,0.0,10.19604778289795
COC(=O)[C@@H]1C[C@@H](OC(=O)N2Cc3cccc(Br)c3C2)CN1C(=O)OCc1ccccc1,CN(C)c1ccc(B2OC(C)(C)C(C)(C)O2)cc1,,,,CC(C)Oc1cccc(OC(C)C)c1-c1ccccc1[PH](C1CCCCC1)(C1CCCCC1)[Pd]1([O]S(C)(=O)=O)[NH]c2ccccc2-c2cccc[c]21,CS(C)=O,O,CS(C)=O,CS(C)=O,O,,,79200.0,0.0,0.0,62.318328857421875
COC(=O)[C@@H]1C[C@@H](OC(=O)N2Cc3cccc(Br)c3C2)CN1C(=O)OCc1ccccc1,OB(O)c1cccnc1,,,,CN(C)c1ccc([PH](C(C)(C)C)(C(C)(C)C)[Pd]2([O]S(C)(=O)=O)[NH]c3ccccc3-c3cccc[c]32)cc1,CS(C)=O,O,CS(C)=O,CS(C)=O,CCC(C)(C)O,,,79200.0,0.0,0.0,89.46785736083984
CCCc1nc2ccc(I)cc2c(=O)n1Cc1ccc(-c2ccccc2S(=O)(=O)NC(C)(C)C)cc1,CC1(C)OB(c2cnn(Cc3ccccc3)c2)OC1(C)C,,,,CC(C)(C)[PH](C(C)(C)C)(C(C)(C)C)[Pd]1([Cl])[NH]c2ccccc2-c2cccc[c]21,CS(C)=O,O,CS(C)=O,CS(C)=O,CCC(C)(C)O,,,79200.0,0.0,0.0,100.0
O=C(NCc1ccc(F)cc1)c1nc(Br)c2cccnc2c1O,CC1(C)OB(c2cnc(-n3cccn3)nc2)OC1(C)C,,,,CC(C)Oc1cccc(OC(C)C)c1-c1ccccc1[PH](C1CCCCC1)(C1CCCCC1)[Pd]1([O]S(C)(=O)=O)[NH]c2ccccc2-c2cccc[c]21,CS(C)=O,O,CS(C)=O,CS(C)=O,O,,,79200.0,0.0,0.0,0.0
CC(=O)NC(C)(C)[C@@H]1CC2(CCN(C(=O)OC(C)(C)C)CC2)c2cc(Cl)c(C)cc21,OB(O)c1cccnc1,,,,CC(C)(C)[PH](C(C)(C)C)(C(C)(C)C)[Pd]1([Cl])[NH]c2ccccc2-c2cccc[c]21,CS(C)=O,O,CS(C)=O,CS(C)=O,CCC(C)(C)O,,,79200.0,0.0,0.0,0.0
Ic1c[nH]c2ncccc12,CC1(C)OB(c2cnc(-n3cccn3)nc2)OC1(C)C,,,,CC(C)c1cc(C(C)C)c(-c2ccccc2[PH](C2CCCCC2)(C2CCCCC2)[Pd]2([O]S(C)(=O)=O)[NH]c3ccccc3-c3cccc[c]32)c(C(C)C)c1,CS(C)=O,O,CS(C)=O,CS(C)=O,O,,,79200.0,0.0,0.0,0.0
CN1C(=O)C[C@@](C)(c2cc(Br)cs2)N/C1=N/C(=O)OC(C)(C)C,Cc1cc(O)ccc1B1OC(C)(C)C(C)(C)O1,,,,CC(C)(C)[PH](C(C)(C)C)(C(C)(C)C)[Pd]1([Cl])[NH]c2ccccc2-c2cccc[c]21,CS(C)=O,O,CS(C)=O,CS(C)=O,CCC(C)(C)O,,,79200.0,0.0,0.0,8.462614059448242
O=C(Nc1ccccc1N1CCNCC1)c1csc(Br)n1,CC1(C)OB(c2cnc(-n3cccn3)nc2)OC1(C)C,,,,CN(C)c1ccc([PH](C(C)(C)C)(C(C)(C)C)[Pd]2([O]S(C)(=O)=O)[NH]c3ccccc3-c3cccc[c]32)cc1,CS(C)=O,O,CS(C)=O,CS(C)=O,CS(C)=O,,,79200.0,0.0,0.0,0.0
O=C(NCc1ccc(F)cc1)c1nc(Br)c2cccnc2c1O,CC1(C)OB(c2cnn(Cc3ccccc3)c2)OC1(C)C,,,,CC(C)Oc1cccc(OC(C)C)c1-c1ccccc1[PH](C1CCCCC1)(C1CCCCC1)[Pd]1([O]S(C)(=O)=O)[NH]c2ccccc2-c2cccc[c]21,CS(C)=O,O,CS(C)=O,CS(C)=O,O,,,79200.0,0.0,0.0,28.79060173034668
O=C(Nc1ccccc1N1CCNCC1)c1csc(Br)n1,Cc1cc(O)ccc1B1OC(C)(C)C(C)(C)O1,,,,CC(C)(C)[PH](C(C)(C)C)(C(C)(C)C)[Pd]1([Cl])[NH]c2ccccc2-c2cccc[c]21,CS(C)=O,O,CS(C)=O,CS(C)=O,CCC(C)(C)O,,,79200.0,0.0,0.0,1.3773905038833618
COC(=O)[C@@H]1C[C@@H](OC(=O)N2Cc3cccc(Br)c3C2)CN1C(=O)OCc1ccccc1,CC1(C)OB(c2ccc(-c3cnccn3)cc2)OC1(C)C,,,,CN(C)c1ccc([PH](C(C)(C)C)(C(C)(C)C)[Pd]2([O]S(C)(=O)=O)[NH]c3ccccc3-c3cccc[c]32)cc1,CS(C)=O,O,CS(C)=O,CS(C)=O,CS(C)=O,,,79200.0,0.0,0.0,100.0
O=C(NCc1ccc(F)cc1)c1nc(Br)c2cccnc2c1O,CC1(C)OB(C2=CCCCC2)OC1(C)C,,,,CC(C)c1cc(C(C)C)c(-c2ccccc2[PH](C(C)(C)C)(C(C)(C)C)[Pd]2([O]S(C)(=O)=O)[NH]c3ccccc3-c3cccc[c]32)c(C(C)C)c1,CS(C)=O,O,CS(C)=O,CS(C)=O,CS(C)=O,,,79200.0,0.0,0.0,50.0
O=C(NCc1ccc(F)cc1)c1nc(Br)c2cccnc2c1O,CC1(C)OB(c2cnn(Cc3ccccc3)c2)OC1(C)C,,,,CN(C)c1ccc([PH](C(C)(C)C)(C(C)(C)C)[Pd]2([O]S(C)(=O)=O)[NH]c3ccccc3-c3cccc[c]32)cc1,CS(C)=O,O,CS(C)=O,CS(C)=O,CCC(C)(C)O,,,79200.0,0.0,0.0,0.0
Brc1ccc(-c2ccccc2)cn1,Cc1cc(O)ccc1B1OC(C)(C)C(C)(C)O1,,,,CC(C)Oc1cccc(OC(C)C)c1-c1ccccc1[PH](C1CCCCC1)(C1CCCCC1)[Pd]1([O]S(C)(=O)=O)[NH]c2ccccc2-c2cccc[c]21,CS(C)=O,O,CS(C)=O,CS(C)=O,O,,,79200.0,0.0,0.0,43.323272705078125
O=C1NCCc2[nH]c(-c3ccnc(Br)c3)cc21,Cc1cc(O)ccc1B1OC(C)(C)C(C)(C)O1,,,,CC(C)(C)[PH](C(C)(C)C)(C(C)(C)C)[Pd]1([Cl])[NH]c2ccccc2-c2cccc[c]21,CS(C)=O,O,CS(C)=O,CS(C)=O,CCC(C)(C)O,,,79200.0,0.0,0.0,0.0
CCCc1nc2ccc(I)cc2c(=O)n1Cc1ccc(-c2ccccc2S(=O)(=O)NC(C)(C)C)cc1,CN(C)c1ccc(B2OC(C)(C)C(C)(C)O2)cc1,,,,CN(C)c1ccc([PH](C(C)(C)C)(C(C)(C)C)[Pd]2([O]S(C)(=O)=O)[NH]c3ccccc3-c3cccc[c]32)cc1,CS(C)=O,O,CS(C)=O,CS(C)=O,CCC(C)(C)O,,,79200.0,0.0,0.0,72.36943817138672
Brc1ccc(-c2ccccc2)cn1,CN(C)c1ccc(B2OC(C)(C)C(C)(C)O2)cc1,,,,CN(C)c1ccc([PH](C(C)(C)C)(C(C)(C)C)[Pd]2([O]S(C)(=O)=O)[NH]c3ccccc3-c3cccc[c]32)cc1,CS(C)=O,O,CS(C)=O,CS(C)=O,CS(C)=O,,,79200.0,0.0,0.0,38.27910232543945
Brc1ccc(-c2ccccc2)cn1,CC1(C)OB(c2cccc(C3(NC(=O)OCc4ccccc4)CC3)c2)OC1(C)C,,,,CC(C)Oc1cccc(OC(C)C)c1-c1ccccc1[PH](C1CCCCC1)(C1CCCCC1)[Pd]1([O]S(C)(=O)=O)[NH]c2ccccc2-c2cccc[c]21,CS(C)=O,O,CS(C)=O,CS(C)=O,O,,,79200.0,0.0,0.0,51.913875579833984
O=C(NCc1ccc(F)cc1)c1nc(Br)c2cccnc2c1O,OB(O)c1cccnc1,,,,CC(C)c1cc(C(C)C)c(-c2ccccc2[PH](C(C)(C)C)(C(C)(C)C)[Pd]2([O]S(C)(=O)=O)[NH]c3ccccc3-c3cccc[c]32)c(C(C)C)c1,CS(C)=O,O,CS(C)=O,CS(C)=O,CS(C)=O,,,79200.0,0.0,0.0,0.0
Brc1ccc(-c2ccccc2)cn1,CC1(C)OB(c2ccc(-c3cnccn3)cc2)OC1(C)C,,,,CN(C)c1ccc([PH](C(C)(C)C)(C(C)(C)C)[Pd]2([O]S(C)(=O)=O)[NH]c3ccccc3-c3cccc[c]32)cc1,CS(C)=O,O,CS(C)=O,CS(C)=O,CCC(C)(C)O,,,79200.0,0.0,0.0,38.67140579223633
CC(=O)NC(C)(C)[C@@H]1CC2(CCN(C(=O)OC(C)(C)C)CC2)c2cc(Cl)c(C)cc21,CC1(C)OB(C2=CCCCC2)OC1(C)C,,,,CN(C)c1ccc([PH](C(C)(C)C)(C(C)(C)C)[Pd]2([O]S(C)(=O)=O)[NH]c3ccccc3-c3cccc[c]32)cc1,CS(C)=O,O,CS(C)=O,CS(C)=O,CCC(C)(C)O,,,79200.0,0.0,0.0,0.0
O=C1NCCc2[nH]c(-c3ccnc(Br)c3)cc21,OB(O)c1cccnc1,,,,CC(C)c1cc(C(C)C)c(-c2ccccc2[PH](C2CCCCC2)(C2CCCCC2)[Pd]2([O]S(C)(=O)=O)[NH]c3ccccc3-c3cccc[c]32)c(C(C)C)c1,CS(C)=O,O,CS(C)=O,CS(C)=O,O,,,79200.0,0.0,0.0,87.36222076416016
CCOC(=O)N1CCC(=C2c3ccc(Cl)cc3CCc3cc(Br)cnc32)CC1,OB(O)c1cccnc1,,,,CN(C)c1ccc([PH](C(C)(C)C)(C(C)(C)C)[Pd]2([O]S(C)(=O)=O)[NH]c3ccccc3-c3cccc[c]32)cc1,CS(C)=O,O,CS(C)=O,CS(C)=O,CS(C)=O,,,79200.0,0.0,0.0,53.515769958496094
Brc1ccc(-c2ccccc2)cn1,CC1(C)OB(c2cnn(Cc3ccccc3)c2)OC1(C)C,,,,CC(C)Oc1cccc(OC(C)C)c1-c1ccccc1[PH](C1CCCCC1)(C1CCCCC1)[Pd]1([O]S(C)(=O)=O)[NH]c2ccccc2-c2cccc[c]21,CS(C)=O,O,CS(C)=O,CS(C)=O,O,,,79200.0,0.0,0.0,100.0
O=C(NCc1ccc(F)cc1)c1nc(Br)c2cccnc2c1O,CN(C)c1ccc(B2OC(C)(C)C(C)(C)O2)cc1,,,,CN(C)c1ccc([PH](C(C)(C)C)(C(C)(C)C)[Pd]2([O]S(C)(=O)=O)[NH]c3ccccc3-c3cccc[c]32)cc1,CS(C)=O,O,CS(C)=O,CS(C)=O,CCC(C)(C)O,,,79200.0,0.0,0.0,0.0
COC(=O)[C@@H]1C[C@@H](OC(=O)N2Cc3cccc(Br)c3C2)CN1C(=O)OCc1ccccc1,CN(C)c1ccc(B2OC(C)(C)C(C)(C)O2)cc1,,,,CN(C)c1ccc([PH](C(C)(C)C)(C(C)(C)C)[Pd]2([O]S(C)(=O)=O)[NH]c3ccccc3-c3cccc[c]32)cc1,CS(C)=O,O,CS(C)=O,CS(C)=O,CCC(C)(C)O,,,79200.0,0.0,0.0,100.0
CC(=O)NC(C)(C)[C@@H]1CC2(CCN(C(=O)OC(C)(C)C)CC2)c2cc(Cl)c(C)cc21,CN(C)c1ccc(B2OC(C)(C)C(C)(C)O2)cc1,,,,CC(C)(C)[PH](C(C)(C)C)(C(C)(C)C)[Pd]1([Cl])[NH]c2ccccc2-c2cccc[c]21,CS(C)=O,O,CS(C)=O,CS(C)=O,CCC(C)(C)O,,,79200.0,0.0,0.0,0.0
O=C(Nc1ccccc1N1CCNCC1)c1csc(Br)n1,CC1(C)OB(C2=CCCCC2)OC1(C)C,,,,CC(C)c1cc(C(C)C)c(-c2ccccc2[PH](C(C)(C)C)(C(C)(C)C)[Pd]2([O]S(C)(=O)=O)[NH]c3ccccc3-c3cccc[c]32)c(C(C)C)c1,CS(C)=O,O,CS(C)=O,CS(C)=O,CS(C)=O,,,79200.0,0.0,0.0,13.787428855895996
CCCc1nc2ccc(I)cc2c(=O)n1Cc1ccc(-c2ccccc2S(=O)(=O)NC(C)(C)C)cc1,OB(O)c1cccnc1,,,,CC(C)Oc1cccc(OC(C)C)c1-c1ccccc1[PH](C1CCCCC1)(C1CCCCC1)[Pd]1([O]S(C)(=O)=O)[NH]c2ccccc2-c2cccc[c]21,CS(C)=O,O,CS(C)=O,CS(C)=O,O,,,79200.0,0.0,0.0,0.0
Brc1ccc(-c2ccccc2)cn1,CN(C)c1ccc(B2OC(C)(C)C(C)(C)O2)cc1,,,,CC(C)(C)[PH](C(C)(C)C)(C(C)(C)C)[Pd]1([Cl])[NH]c2ccccc2-c2cccc[c]21,CS(C)=O,O,CS(C)=O,CS(C)=O,CCC(C)(C)O,,,79200.0,0.0,0.0,67.55276489257812
CCOC(=O)N1CCC(=C2c3ccc(Cl)cc3CCc3cc(Br)cnc32)CC1,CC1(C)OB(c2cnn(Cc3ccccc3)c2)OC1(C)C,,,,CC(C)c1cc(C(C)C)c(-c2ccccc2[PH](C(C)(C)C)(C(C)(C)C)[Pd]2([O]S(C)(=O)=O)[NH]c3ccccc3-c3cccc[c]32)c(C(C)C)c1,CS(C)=O,O,CS(C)=O,CS(C)=O,CS(C)=O,,,79200.0,0.0,0.0,81.68682861328125
CCOC(=O)N1CCC(=C2c3ccc(Cl)cc3CCc3cc(Br)cnc32)CC1,O=C(NC1CCCC1)c1ccc(B(O)O)cc1,,,,CC(C)c1cc(C(C)C)c(-c2ccccc2[PH](C(C)(C)C)(C(C)(C)C)[Pd]2([O]S(C)(=O)=O)[NH]c3ccccc3-c3cccc[c]32)c(C(C)C)c1,CS(C)=O,O,CS(C)=O,CS(C)=O,CS(C)=O,,,79200.0,0.0,0.0,67.253662109375
O=C1NCCc2[nH]c(-c3ccnc(Br)c3)cc21,O=C(NC1CCCC1)c1ccc(B(O)O)cc1,,,,CN(C)c1ccc([PH](C(C)(C)C)(C(C)(C)C)[Pd]2([O]S(C)(=O)=O)[NH]c3ccccc3-c3cccc[c]32)cc1,CS(C)=O,O,CS(C)=O,CS(C)=O,CCC(C)(C)O,,,79200.0,0.0,0.0,0.0
CCCc1nc2ccc(I)cc2c(=O)n1Cc1ccc(-c2ccccc2S(=O)(=O)NC(C)(C)C)cc1,CC1(C)OB(c2cnc(-n3cccn3)nc2)OC1(C)C,,,,CC(C)(C)[PH](C(C)(C)C)(C(C)(C)C)[Pd]1([Cl])[NH]c2ccccc2-c2cccc[c]21,CS(C)=O,O,CS(C)=O,CS(C)=O,CCC(C)(C)O,,,79200.0,0.0,0.0,96.84387969970703
O=C(NCc1ccc(F)cc1)c1nc(Br)c2cccnc2c1O,CC1(C)OB(c2cn(S(=O)(=O)c3ccccc3)c3ncccc23)OC1(C)C,,,,CC(C)(C)[PH](C(C)(C)C)(C(C)(C)C)[Pd]1([Cl])[NH]c2ccccc2-c2cccc[c]21,CS(C)=O,O,CS(C)=O,CS(C)=O,CCC(C)(C)O,,,79200.0,0.0,0.0,7.187097549438477
COC(=O)[C@@H]1C[C@@H](OC(=O)N2Cc3cccc(Br)c3C2)CN1C(=O)OCc1ccccc1,CN(C)c1ccc(B2OC(C)(C)C(C)(C)O2)cc1,,,,CC(C)(C)[PH](C(C)(C)C)(C(C)(C)C)[Pd]1([Cl])[NH]c2ccccc2-c2cccc[c]21,CS(C)=O,O,CS(C)=O,CS(C)=O,CCC(C)(C)O,,,79200.0,0.0,0.0,98.04749298095703
CN1C(=O)C[C@@](C)(c2cc(Br)cs2)N/C1=N/C(=O)OC(C)(C)C,OB(O)c1cccnc1,,,,CC(C)Oc1cccc(OC(C)C)c1-c1ccccc1[PH](C1CCCCC1)(C1CCCCC1)[Pd]1([O]S(C)(=O)=O)[NH]c2ccccc2-c2cccc[c]21,CS(C)=O,O,CS(C)=O,CS(C)=O,O,,,79200.0,0.0,0.0,19.152462005615234
COC(=O)[C@@H]1C[C@@H](OC(=O)N2Cc3cccc(Br)c3C2)CN1C(=O)OCc1ccccc1,CC1(C)OB(C2=CCCCC2)OC1(C)C,,,,CC(C)c1cc(C(C)C)c(-c2ccccc2[PH](C(C)(C)C)(C(C)(C)C)[Pd]2([O]S(C)(=O)=O)[NH]c3ccccc3-c3cccc[c]32)c(C(C)C)c1,CS(C)=O,O,CS(C)=O,CS(C)=O,CS(C)=O,,,79200.0,0.0,0.0,22.788715362548828
CC(=O)NC(C)(C)[C@@H]1CC2(CCN(C(=O)OC(C)(C)C)CC2)c2cc(Cl)c(C)cc21,CC1(C)OB(c2cn(S(=O)(=O)c3ccccc3)c3ncccc23)OC1(C)C,,,,CC(C)(C)[PH](C(C)(C)C)(C(C)(C)C)[Pd]1([Cl])[NH]c2ccccc2-c2cccc[c]21,CS(C)=O,O,CS(C)=O,CS(C)=O,CCC(C)(C)O,,,79200.0,0.0,0.0,0.0
O=C(NCc1ccc(F)cc1)c1nc(Br)c2cccnc2c1O,Cc1cc(O)ccc1B1OC(C)(C)C(C)(C)O1,,,,CC(C)Oc1cccc(OC(C)C)c1-c1ccccc1[PH](C1CCCCC1)(C1CCCCC1)[Pd]1([O]S(C)(=O)=O)[NH]c2ccccc2-c2cccc[c]21,CS(C)=O,O,CS(C)=O,CS(C)=O,O,,,79200.0,0.0,0.0,0.0
CCOC(=O)N1CCC(=C2c3ccc(Cl)cc3CCc3cc(Br)cnc32)CC1,CN(C)c1ccc(B2OC(C)(C)C(C)(C)O2)cc1,,,,CC(C)c1cc(C(C)C)c(-c2ccccc2[PH](C2CCCCC2)(C2CCCCC2)[Pd]2([O]S(C)(=O)=O)[NH]c3ccccc3-c3cccc[c]32)c(C(C)C)c1,CS(C)=O,O,CS(C)=O,CS(C)=O,O,,,79200.0,0.0,0.0,47.245548248291016
CCCc1nc2ccc(I)cc2c(=O)n1Cc1ccc(-c2ccccc2S(=O)(=O)NC(C)(C)C)cc1,CC1(C)OB(c2cn(S(=O)(=O)c3ccccc3)c3ncccc23)OC1(C)C,,,,CC(C)c1cc(C(C)C)c(-c2ccccc2[PH](C(C)(C)C)(C(C)(C)C)[Pd]2([O]S(C)(=O)=O)[NH]c3ccccc3-c3cccc[c]32)c(C(C)C)c1,CS(C)=O,O,CS(C)=O,CS(C)=O,CS(C)=O,,,79200.0,0.0,0.0,100.0
CCCc1nc2ccc(I)cc2c(=O)n1Cc1ccc(-c2ccccc2S(=O)(=O)NC(C)(C)C)cc1,OB(O)c1cccnc1,,,,CC(C)(C)[PH](C(C)(C)C)(C(C)(C)C)[Pd]1([Cl])[NH]c2ccccc2-c2cccc[c]21,CS(C)=O,O,CS(C)=O,CS(C)=O,CCC(C)(C)O,,,79200.0,0.0,0.0,14.653274536132812
CCCc1nc2ccc(I)cc2c(=O)n1Cc1ccc(-c2ccccc2S(=O)(=O)NC(C)(C)C)cc1,OB(O)c1cccnc1,,,,CC(C)Oc1cccc(OC(C)C)c1-c1ccccc1[PH](C1CCCCC1)(C1CCCCC1)[Pd]1([O]S(C)(=O)=O)[NH]c2ccccc2-c2cccc[c]21,CS(C)=O,O,CS(C)=O,CS(C)=O,O,,,79200.0,0.0,0.0,0.0
CCn1c(=O)c2c(nc(N[C@@H]3CCC[C@H]3O)n2Cc2ccc(OC)c(Br)c2)n(CCO)c1=O,O=C(NC1CCCC1)c1ccc(B(O)O)cc1,,,,CN(C)c1ccc([PH](C(C)(C)C)(C(C)(C)C)[Pd]2([O]S(C)(=O)=O)[NH]c3ccccc3-c3cccc[c]32)cc1,CS(C)=O,O,CS(C)=O,CS(C)=O,CCC(C)(C)O,,,79200.0,0.0,0.0,96.37307739257812
CN1C(=O)C[C@@](C)(c2cc(Br)cs2)N/C1=N/C(=O)OC(C)(C)C,O=C(NC1CCCC1)c1ccc(B(O)O)cc1,,,,CC(C)Oc1cccc(OC(C)C)c1-c1ccccc1[PH](C1CCCCC1)(C1CCCCC1)[Pd]1([O]S(C)(=O)=O)[NH]c2ccccc2-c2cccc[c]21,CS(C)=O,O,CS(C)=O,CS(C)=O,O,,,79200.0,0.0,0.0,100.0
Ic1c[nH]c2ncccc12,CC1(C)OB(C2=CCCCC2)OC1(C)C,,,,CC(C)c1cc(C(C)C)c(-c2ccccc2[PH](C(C)(C)C)(C(C)(C)C)[Pd]2([O]S(C)(=O)=O)[NH]c3ccccc3-c3cccc[c]32)c(C(C)C)c1,CS(C)=O,O,CS(C)=O,CS(C)=O,CS(C)=O,,,79200.0,0.0,0.0,38.602413177490234
O=C(Nc1ccccc1N1CCNCC1)c1csc(Br)n1,CC1(C)OB(c2cnn(Cc3ccccc3)c2)OC1(C)C,,,,CC(C)c1cc(C(C)C)c(-c2ccccc2[PH](C(C)(C)C)(C(C)(C)C)[Pd]2([O]S(C)(=O)=O)[NH]c3ccccc3-c3cccc[c]32)c(C(C)C)c1,CS(C)=O,O,CS(C)=O,CS(C)=O,CS(C)=O,,,79200.0,0.0,0.0,23.895442962646484
CCn1c(=O)c2c(nc(N[C@@H]3CCC[C@H]3O)n2Cc2ccc(OC)c(Br)c2)n(CCO)c1=O,O=C(NC1CCCC1)c1ccc(B(O)O)cc1,,,,CN(C)c1ccc([PH](C(C)(C)C)(C(C)(C)C)[Pd]2([O]S(C)(=O)=O)[NH]c3ccccc3-c3cccc[c]32)cc1,CS(C)=O,O,CS(C)=O,CS(C)=O,CCC(C)(C)O,,,79200.0,0.0,0.0,96.76961517333984
CCOC(=O)N1CCC(=C2c3ccc(Cl)cc3CCc3cc(Br)cnc32)CC1,CC1(C)OB(C2=CCCCC2)OC1(C)C,,,,CC(C)c1cc(C(C)C)c(-c2ccccc2[PH](C(C)(C)C)(C(C)(C)C)[Pd]2([O]S(C)(=O)=O)[NH]c3ccccc3-c3cccc[c]32)c(C(C)C)c1,CS(C)=O,O,CS(C)=O,CS(C)=O,CS(C)=O,,,79200.0,0.0,0.0,38.155128479003906
CC(=O)NC(C)(C)[C@@H]1CC2(CCN(C(=O)OC(C)(C)C)CC2)c2cc(Cl)c(C)cc21,CC1(C)OB(c2cnn(Cc3ccccc3)c2)OC1(C)C,,,,CC(C)Oc1cccc(OC(C)C)c1-c1ccccc1[PH](C1CCCCC1)(C1CCCCC1)[Pd]1([O]S(C)(=O)=O)[NH]c2ccccc2-c2cccc[c]21,CS(C)=O,O,CS(C)=O,CS(C)=O,O,,,79200.0,0.0,0.0,64.29350280761719
Ic1c[nH]c2ncccc12,CC1(C)OB(c2cn(S(=O)(=O)c3ccccc3)c3ncccc23)OC1(C)C,,,,CC(C)c1cc(C(C)C)c(-c2ccccc2[PH](C2CCCCC2)(C2CCCCC2)[Pd]2([O]S(C)(=O)=O)[NH]c3ccccc3-c3cccc[c]32)c(C(C)C)c1,CS(C)=O,O,CS(C)=O,CS(C)=O,O,,,79200.0,0.0,0.0,8.896936416625977
O=C1NCCc2[nH]c(-c3ccnc(Br)c3)cc21,CC1(C)OB(c2ccc(-c3cnccn3)cc2)OC1(C)C,,,,CC(C)c1cc(C(C)C)c(-c2ccccc2[PH](C2CCCCC2)(C2CCCCC2)[Pd]2([O]S(C)(=O)=O)[NH]c3ccccc3-c3cccc[c]32)c(C(C)C)c1,CS(C)=O,O,CS(C)=O,CS(C)=O,O,,,79200.0,0.0,0.0,70.92259979248047
O=C(Nc1ccccc1N1CCNCC1)c1csc(Br)n1,CC1(C)OB(c2ccc(-c3cnccn3)cc2)OC1(C)C,,,,CC(C)c1cc(C(C)C)c(-c2ccccc2[PH](C2CCCCC2)(C2CCCCC2)[Pd]2([O]S(C)(=O)=O)[NH]c3ccccc3-c3cccc[c]32)c(C(C)C)c1,CS(C)=O,O,CS(C)=O,CS(C)=O,O,,,79200.0,0.0,0.0,21.81183624267578
CC(=O)NC(C)(C)[C@@H]1CC2(CCN(C(=O)OC(C)(C)C)CC2)c2cc(Cl)c(C)cc21,CN(C)c1ccc(B2OC(C)(C)C(C)(C)O2)cc1,,,,CC(C)c1cc(C(C)C)c(-c2ccccc2[PH](C(C)(C)C)(C(C)(C)C)[Pd]2([O]S(C)(=O)=O)[NH]c3ccccc3-c3cccc[c]32)c(C(C)C)c1,CS(C)=O,O,CS(C)=O,CS(C)=O,CS(C)=O,,,79200.0,0.0,0.0,38.722015380859375
CCOC(=O)N1CCC(=C2c3ccc(Cl)cc3CCc3cc(Br)cnc32)CC1,CC1(C)OB(c2ccc(-c3cnccn3)cc2)OC1(C)C,,,,CN(C)c1ccc([PH](C(C)(C)C)(C(C)(C)C)[Pd]2([O]S(C)(=O)=O)[NH]c3ccccc3-c3cccc[c]32)cc1,CS(C)=O,O,CS(C)=O,CS(C)=O,CCC(C)(C)O,,,79200.0,0.0,0.0,100.0
CN1C(=O)C[C@@](C)(c2cc(Br)cs2)N/C1=N/C(=O)OC(C)(C)C,OB(O)c1cccnc1,,,,CC(C)(C)[PH](C(C)(C)C)(C(C)(C)C)[Pd]1([Cl])[NH]c2ccccc2-c2cccc[c]21,CS(C)=O,O,CS(C)=O,CS(C)=O,CCC(C)(C)O,,,79200.0,0.0,0.0,7.5123138427734375
CN1C(=O)C[C@@](C)(c2cc(Br)cs2)N/C1=N/C(=O)OC(C)(C)C,CC1(C)OB(c2cccc(C3(NC(=O)OCc4ccccc4)CC3)c2)OC1(C)C,,,,CC(C)Oc1cccc(OC(C)C)c1-c1ccccc1[PH](C1CCCCC1)(C1CCCCC1)[Pd]1([O]S(C)(=O)=O)[NH]c2ccccc2-c2cccc[c]21,CS(C)=O,O,CS(C)=O,CS(C)=O,O,,,79200.0,0.0,0.0,100.0
O=C(NCc1ccc(F)cc1)c1nc(Br)c2cccnc2c1O,CC1(C)OB(c2cnn(Cc3ccccc3)c2)OC1(C)C,,,,CC(C)(C)[PH](C(C)(C)C)(C(C)(C)C)[Pd]1([Cl])[NH]c2ccccc2-c2cccc[c]21,CS(C)=O,O,CS(C)=O,CS(C)=O,CCC(C)(C)O,,,79200.0,0.0,0.0,28.193248748779297
CCOC(=O)N1CCC(=C2c3ccc(Cl)cc3CCc3cc(Br)cnc32)CC1,CC1(C)OB(c2cnc(-n3cccn3)nc2)OC1(C)C,,,,CN(C)c1ccc([PH](C(C)(C)C)(C(C)(C)C)[Pd]2([O]S(C)(=O)=O)[NH]c3ccccc3-c3cccc[c]32)cc1,CS(C)=O,O,CS(C)=O,CS(C)=O,CCC(C)(C)O,,,79200.0,0.0,0.0,50.89311599731445
CCOC(=O)N1CCC(=C2c3ccc(Cl)cc3CCc3cc(Br)cnc32)CC1,CC1(C)OB(C2=CCCCC2)OC1(C)C,,,,CN(C)c1ccc([PH](C(C)(C)C)(C(C)(C)C)[Pd]2([O]S(C)(=O)=O)[NH]c3ccccc3-c3cccc[c]32)cc1,CS(C)=O,O,CS(C)=O,CS(C)=O,CCC(C)(C)O,,,79200.0,0.0,0.0,96.55851745605469
CCCc1nc2ccc(I)cc2c(=O)n1Cc1ccc(-c2ccccc2S(=O)(=O)NC(C)(C)C)cc1,O=C(NC1CCCC1)c1ccc(B(O)O)cc1,,,,CN(C)c1ccc([PH](C(C)(C)C)(C(C)(C)C)[Pd]2([O]S(C)(=O)=O)[NH]c3ccccc3-c3cccc[c]32)cc1,CS(C)=O,O,CS(C)=O,CS(C)=O,CS(C)=O,,,79200.0,0.0,0.0,100.0
CCCc1nc2ccc(I)cc2c(=O)n1Cc1ccc(-c2ccccc2S(=O)(=O)NC(C)(C)C)cc1,CC1(C)OB(c2cnc(-n3cccn3)nc2)OC1(C)C,,,,CC(C)c1cc(C(C)C)c(-c2ccccc2[PH](C2CCCCC2)(C2CCCCC2)[Pd]2([O]S(C)(=O)=O)[NH]c3ccccc3-c3cccc[c]32)c(C(C)C)c1,CS(C)=O,O,CS(C)=O,CS(C)=O,O,,,79200.0,0.0,0.0,0.0
O=C(NCc1ccc(F)cc1)c1nc(Br)c2cccnc2c1O,CC1(C)OB(c2cn(S(=O)(=O)c3ccccc3)c3ncccc23)OC1(C)C,,,,CC(C)Oc1cccc(OC(C)C)c1-c1ccccc1[PH](C1CCCCC1)(C1CCCCC1)[Pd]1([O]S(C)(=O)=O)[NH]c2ccccc2-c2cccc[c]21,CS(C)=O,O,CS(C)=O,CS(C)=O,O,,,79200.0,0.0,0.0,4.851071834564209
Brc1ccc(-c2ccccc2)cn1,CC1(C)OB(c2cnc(-n3cccn3)nc2)OC1(C)C,,,,CC(C)Oc1cccc(OC(C)C)c1-c1ccccc1[PH](C1CCCCC1)(C1CCCCC1)[Pd]1([O]S(C)(=O)=O)[NH]c2ccccc2-c2cccc[c]21,CS(C)=O,O,CS(C)=O,CS(C)=O,O,,,79200.0,0.0,0.0,1.2083680629730225
CCn1c(=O)c2c(nc(N[C@@H]3CCC[C@H]3O)n2Cc2ccc(OC)c(Br)c2)n(CCO)c1=O,CC1(C)OB(c2cccc(C3(NC(=O)OCc4ccccc4)CC3)c2)OC1(C)C,,,,CN(C)c1ccc([PH](C(C)(C)C)(C(C)(C)C)[Pd]2([O]S(C)(=O)=O)[NH]c3ccccc3-c3cccc[c]32)cc1,CS(C)=O,O,CS(C)=O,CS(C)=O,CCC(C)(C)O,,,79200.0,0.0,0.0,100.0
CCOC(=O)N1CCC(=C2c3ccc(Cl)cc3CCc3cc(Br)cnc32)CC1,CC1(C)OB(c2ccc(-c3cnccn3)cc2)OC1(C)C,,,,CC(C)Oc1cccc(OC(C)C)c1-c1ccccc1[PH](C1CCCCC1)(C1CCCCC1)[Pd]1([O]S(C)(=O)=O)[NH]c2ccccc2-c2cccc[c]21,CS(C)=O,O,CS(C)=O,CS(C)=O,O,,,79200.0,0.0,0.0,96.94143676757812
CC(=O)NC(C)(C)[C@@H]1CC2(CCN(C(=O)OC(C)(C)C)CC2)c2cc(Cl)c(C)cc21,CC1(C)OB(c2cccc(C3(NC(=O)OCc4ccccc4)CC3)c2)OC1(C)C,,,,CC(C)(C)[PH](C(C)(C)C)(C(C)(C)C)[Pd]1([Cl])[NH]c2ccccc2-c2cccc[c]21,CS(C)=O,O,CS(C)=O,CS(C)=O,CCC(C)(C)O,,,79200.0,0.0,0.0,0.0
Brc1ccc(-c2ccccc2)cn1,O=C(NC1CCCC1)c1ccc(B(O)O)cc1,,,,CN(C)c1ccc([PH](C(C)(C)C)(C(C)(C)C)[Pd]2([O]S(C)(=O)=O)[NH]c3ccccc3-c3cccc[c]32)cc1,CS(C)=O,O,CS(C)=O,CS(C)=O,CCC(C)(C)O,,,79200.0,0.0,0.0,48.69780349731445
O=C1NCCc2[nH]c(-c3ccnc(Br)c3)cc21,CC1(C)OB(c2cnn(Cc3ccccc3)c2)OC1(C)C,,,,CC(C)(C)[PH](C(C)(C)C)(C(C)(C)C)[Pd]1([Cl])[NH]c2ccccc2-c2cccc[c]21,CS(C)=O,O,CS(C)=O,CS(C)=O,CCC(C)(C)O,,,79200.0,0.0,0.0,34.16226577758789
Ic1c[nH]c2ncccc12,CC1(C)OB(c2cnn(Cc3ccccc3)c2)OC1(C)C,,,,CC(C)Oc1cccc(OC(C)C)c1-c1ccccc1[PH](C1CCCCC1)(C1CCCCC1)[Pd]1([O]S(C)(=O)=O)[NH]c2ccccc2-c2cccc[c]21,CS(C)=O,O,CS(C)=O,CS(C)=O,O,,,79200.0,0.0,0.0,4.792088985443115
Ic1c[nH]c2ncccc12,CC1(C)OB(c2cnc(-n3cccn3)nc2)OC1(C)C,,,,CC(C)Oc1cccc(OC(C)C)c1-c1ccccc1[PH](C1CCCCC1)(C1CCCCC1)[Pd]1([O]S(C)(=O)=O)[NH]c2ccccc2-c2cccc[c]21,CS(C)=O,O,CS(C)=O,CS(C)=O,O,,,79200.0,0.0,0.0,0.0
CCn1c(=O)c2c(nc(N[C@@H]3CCC[C@H]3O)n2Cc2ccc(OC)c(Br)c2)n(CCO)c1=O,CC1(C)OB(c2ccc(-c3cnccn3)cc2)OC1(C)C,,,,CC(C)c1cc(C(C)C)c(-c2ccccc2[PH](C(C)(C)C)(C(C)(C)C)[Pd]2([O]S(C)(=O)=O)[NH]c3ccccc3-c3cccc[c]32)c(C(C)C)c1,CS(C)=O,O,CS(C)=O,CS(C)=O,CS(C)=O,,,79200.0,0.0,0.0,37.95162582397461
CN1C(=O)C[C@@](C)(c2cc(Br)cs2)N/C1=N/C(=O)OC(C)(C)C,CC1(C)OB(c2cnn(Cc3ccccc3)c2)OC1(C)C,,,,CC(C)c1cc(C(C)C)c(-c2ccccc2[PH](C2CCCCC2)(C2CCCCC2)[Pd]2([O]S(C)(=O)=O)[NH]c3ccccc3-c3cccc[c]32)c(C(C)C)c1,CS(C)=O,O,CS(C)=O,CS(C)=O,O,,,79200.0,0.0,0.0,100.0
O=C(NCc1ccc(F)cc1)c1nc(Br)c2cccnc2c1O,O=C(NC1CCCC1)c1ccc(B(O)O)cc1,,,,CC(C)Oc1cccc(OC(C)C)c1-c1ccccc1[PH](C1CCCCC1)(C1CCCCC1)[Pd]1([O]S(C)(=O)=O)[NH]c2ccccc2-c2cccc[c]21,CS(C)=O,O,CS(C)=O,CS(C)=O,O,,,79200.0,0.0,0.0,45.44658660888672
O=C(Nc1ccccc1N1CCNCC1)c1csc(Br)n1,CN(C)c1ccc(B2OC(C)(C)C(C)(C)O2)cc1,,,,CN(C)c1ccc([PH](C(C)(C)C)(C(C)(C)C)[Pd]2([O]S(C)(=O)=O)[NH]c3ccccc3-c3cccc[c]32)cc1,CS(C)=O,O,CS(C)=O,CS(C)=O,CS(C)=O,,,79200.0,0.0,0.0,1.7450939416885376
O=C1NCCc2[nH]c(-c3ccnc(Br)c3)cc21,CC1(C)OB(C2=CCCCC2)OC1(C)C,,,,CN(C)c1ccc([PH](C(C)(C)C)(C(C)(C)C)[Pd]2([O]S(C)(=O)=O)[NH]c3ccccc3-c3cccc[c]32)cc1,CS(C)=O,O,CS(C)=O,CS(C)=O,CS(C)=O,,,79200.0,0.0,0.0,69.55329895019531
Brc1ccc(-c2ccccc2)cn1,OB(O)c1cccnc1,,,,CN(C)c1ccc([PH](C(C)(C)C)(C(C)(C)C)[Pd]2([O]S(C)(=O)=O)[NH]c3ccccc3-c3cccc[c]32)cc1,CS(C)=O,O,CS(C)=O,CS(C)=O,CS(C)=O,,,79200.0,0.0,0.0,20.86227035522461
Brc1ccc(-c2ccccc2)cn1,OB(O)c1cccnc1,,,,CC(C)Oc1cccc(OC(C)C)c1-c1ccccc1[PH](C1CCCCC1)(C1CCCCC1)[Pd]1([O]S(C)(=O)=O)[NH]c2ccccc2-c2cccc[c]21,CS(C)=O,O,CS(C)=O,CS(C)=O,O,,,79200.0,0.0,0.0,16.36720085144043
O=C(Nc1ccccc1N1CCNCC1)c1csc(Br)n1,CC1(C)OB(C2=CCCCC2)OC1(C)C,,,,CN(C)c1ccc([PH](C(C)(C)C)(C(C)(C)C)[Pd]2([O]S(C)(=O)=O)[NH]c3ccccc3-c3cccc[c]32)cc1,CS(C)=O,O,CS(C)=O,CS(C)=O,CCC(C)(C)O,,,79200.0,0.0,0.0,5.257519721984863
O=C1NCCc2[nH]c(-c3ccnc(Br)c3)cc21,CC1(C)OB(c2ccc(-c3cnccn3)cc2)OC1(C)C,,,,CC(C)c1cc(C(C)C)c(-c2ccccc2[PH](C(C)(C)C)(C(C)(C)C)[Pd]2([O]S(C)(=O)=O)[NH]c3ccccc3-c3cccc[c]32)c(C(C)C)c1,CS(C)=O,O,CS(C)=O,CS(C)=O,CS(C)=O,,,79200.0,0.0,0.0,8.189485549926758
CCn1c(=O)c2c(nc(N[C@@H]3CCC[C@H]3O)n2Cc2ccc(OC)c(Br)c2)n(CCO)c1=O,OB(O)c1cccnc1,,,,CC(C)(C)[PH](C(C)(C)C)(C(C)(C)C)[Pd]1([Cl])[NH]c2ccccc2-c2cccc[c]21,CS(C)=O,O,CS(C)=O,CS(C)=O,CCC(C)(C)O,,,79200.0,0.0,0.0,17.632675170898438
Brc1ccc(-c2ccccc2)cn1,CC1(C)OB(c2ccc(-c3cnccn3)cc2)OC1(C)C,,,,CC(C)c1cc(C(C)C)c(-c2ccccc2[PH](C2CCCCC2)(C2CCCCC2)[Pd]2([O]S(C)(=O)=O)[NH]c3ccccc3-c3cccc[c]32)c(C(C)C)c1,CS(C)=O,O,CS(C)=O,CS(C)=O,O,,,79200.0,0.0,0.0,13.913947105407715
CCOC(=O)N1CCC(=C2c3ccc(Cl)cc3CCc3cc(Br)cnc32)CC1,CC1(C)OB(c2cnc(-n3cccn3)nc2)OC1(C)C,,,,CC(C)Oc1cccc(OC(C)C)c1-c1ccccc1[PH](C1CCCCC1)(C1CCCCC1)[Pd]1([O]S(C)(=O)=O)[NH]c2ccccc2-c2cccc[c]21,CS(C)=O,O,CS(C)=O,CS(C)=O,O,,,79200.0,0.0,0.0,10.980563163757324
CCCc1nc2ccc(I)cc2c(=O)n1Cc1ccc(-c2ccccc2S(=O)(=O)NC(C)(C)C)cc1,CC1(C)OB(c2ccc(-c3cnccn3)cc2)OC1(C)C,,,,CC(C)c1cc(C(C)C)c(-c2ccccc2[PH](C(C)(C)C)(C(C)(C)C)[Pd]2([O]S(C)(=O)=O)[NH]c3ccccc3-c3cccc[c]32)c(C(C)C)c1,CS(C)=O,O,CS(C)=O,CS(C)=O,CS(C)=O,,,79200.0,0.0,0.0,100.0
O=C(Nc1ccccc1N1CCNCC1)c1csc(Br)n1,O=C(NC1CCCC1)c1ccc(B(O)O)cc1,,,,CC(C)c1cc(C(C)C)c(-c2ccccc2[PH](C(C)(C)C)(C(C)(C)C)[Pd]2([O]S(C)(=O)=O)[NH]c3ccccc3-c3cccc[c]32)c(C(C)C)c1,CS(C)=O,O,CS(C)=O,CS(C)=O,CS(C)=O,,,79200.0,0.0,0.0,0.0
O=C1NCCc2[nH]c(-c3ccnc(Br)c3)cc21,CC1(C)OB(C2=CCCCC2)OC1(C)C,,,,CC(C)c1cc(C(C)C)c(-c2ccccc2[PH](C(C)(C)C)(C(C)(C)C)[Pd]2([O]S(C)(=O)=O)[NH]c3ccccc3-c3cccc[c]32)c(C(C)C)c1,CS(C)=O,O,CS(C)=O,CS(C)=O,CS(C)=O,,,79200.0,0.0,0.0,10.880322456359863
O=C(NCc1ccc(F)cc1)c1nc(Br)c2cccnc2c1O,OB(O)c1cccnc1,,,,CC(C)c1cc(C(C)C)c(-c2ccccc2[PH](C(C)(C)C)(C(C)(C)C)[Pd]2([O]S(C)(=O)=O)[NH]c3ccccc3-c3cccc[c]32)c(C(C)C)c1,CS(C)=O,O,CS(C)=O,CS(C)=O,CS(C)=O,,,79200.0,0.0,0.0,1.04941725730896
O=C1NCCc2[nH]c(-c3ccnc(Br)c3)cc21,CC1(C)OB(c2cn(S(=O)(=O)c3ccccc3)c3ncccc23)OC1(C)C,,,,CN(C)c1ccc([PH](C(C)(C)C)(C(C)(C)C)[Pd]2([O]S(C)(=O)=O)[NH]c3ccccc3-c3cccc[c]32)cc1,CS(C)=O,O,CS(C)=O,CS(C)=O,CCC(C)(C)O,,,79200.0,0.0,0.0,100.0
CC(=O)NC(C)(C)[C@@H]1CC2(CCN(C(=O)OC(C)(C)C)CC2)c2cc(Cl)c(C)cc21,Cc1cc(O)ccc1B1OC(C)(C)C(C)(C)O1,,,,CC(C)Oc1cccc(OC(C)C)c1-c1ccccc1[PH](C1CCCCC1)(C1CCCCC1)[Pd]1([O]S(C)(=O)=O)[NH]c2ccccc2-c2cccc[c]21,CS(C)=O,O,CS(C)=O,CS(C)=O,O,,,79200.0,0.0,0.0,0.0
CN1C(=O)C[C@@](C)(c2cc(Br)cs2)N/C1=N/C(=O)OC(C)(C)C,CC1(C)OB(c2cccc(C3(NC(=O)OCc4ccccc4)CC3)c2)OC1(C)C,,,,CC(C)c1cc(C(C)C)c(-c2ccccc2[PH](C(C)(C)C)(C(C)(C)C)[Pd]2([O]S(C)(=O)=O)[NH]c3ccccc3-c3cccc[c]32)c(C(C)C)c1,CS(C)=O,O,CS(C)=O,CS(C)=O,CS(C)=O,,,79200.0,0.0,0.0,3.160435199737549
O=C(NCc1ccc(F)cc1)c1nc(Br)c2cccnc2c1O,CC1(C)OB(C2=CCCCC2)OC1(C)C,,,,CN(C)c1ccc([PH](C(C)(C)C)(C(C)(C)C)[Pd]2([O]S(C)(=O)=O)[NH]c3ccccc3-c3cccc[c]32)cc1,CS(C)=O,O,CS(C)=O,CS(C)=O,CS(C)=O,,,79200.0,0.0,0.0,50.0
CCCc1nc2ccc(I)cc2c(=O)n1Cc1ccc(-c2ccccc2S(=O)(=O)NC(C)(C)C)cc1,CC1(C)OB(C2=CCCCC2)OC1(C)C,,,,CC(C)c1cc(C(C)C)c(-c2ccccc2[PH](C2CCCCC2)(C2CCCCC2)[Pd]2([O]S(C)(=O)=O)[NH]c3ccccc3-c3cccc[c]32)c(C(C)C)c1,CS(C)=O,O,CS(C)=O,CS(C)=O,O,,,79200.0,0.0,0.0,6.680881977081299
Ic1c[nH]c2ncccc12,CC1(C)OB(c2cnn(Cc3ccccc3)c2)OC1(C)C,,,,CC(C)(C)[PH](C(C)(C)C)(C(C)(C)C)[Pd]1([Cl])[NH]c2ccccc2-c2cccc[c]21,CS(C)=O,O,CS(C)=O,CS(C)=O,CCC(C)(C)O,,,79200.0,0.0,0.0,0.0
O=C1NCCc2[nH]c(-c3ccnc(Br)c3)cc21,CC1(C)OB(c2cccc(C3(NC(=O)OCc4ccccc4)CC3)c2)OC1(C)C,,,,CC(C)c1cc(C(C)C)c(-c2ccccc2[PH](C2CCCCC2)(C2CCCCC2)[Pd]2([O]S(C)(=O)=O)[NH]c3ccccc3-c3cccc[c]32)c(C(C)C)c1,CS(C)=O,O,CS(C)=O,CS(C)=O,O,,,79200.0,0.0,0.0,100.0
CC(=O)NC(C)(C)[C@@H]1CC2(CCN(C(=O)OC(C)(C)C)CC2)c2cc(Cl)c(C)cc21,Cc1cc(O)ccc1B1OC(C)(C)C(C)(C)O1,,,,CC(C)c1cc(C(C)C)c(-c2ccccc2[PH](C(C)(C)C)(C(C)(C)C)[Pd]2([O]S(C)(=O)=O)[NH]c3ccccc3-c3cccc[c]32)c(C(C)C)c1,CS(C)=O,O,CS(C)=O,CS(C)=O,CS(C)=O,,,79200.0,0.0,0.0,0.0
CC(=O)NC(C)(C)[C@@H]1CC2(CCN(C(=O)OC(C)(C)C)CC2)c2cc(Cl)c(C)cc21,CC1(C)OB(c2cn(S(=O)(=O)c3ccccc3)c3ncccc23)OC1(C)C,,,,CC(C)Oc1cccc(OC(C)C)c1-c1ccccc1[PH](C1CCCCC1)(C1CCCCC1)[Pd]1([O]S(C)(=O)=O)[NH]c2ccccc2-c2cccc[c]21,CS(C)=O,O,CS(C)=O,CS(C)=O,O,,,79200.0,0.0,0.0,100.0
CCOC(=O)N1CCC(=C2c3ccc(Cl)cc3CCc3cc(Br)cnc32)CC1,Cc1cc(O)ccc1B1OC(C)(C)C(C)(C)O1,,,,CC(C)c1cc(C(C)C)c(-c2ccccc2[PH](C2CCCCC2)(C2CCCCC2)[Pd]2([O]S(C)(=O)=O)[NH]c3ccccc3-c3cccc[c]32)c(C(C)C)c1,CS(C)=O,O,CS(C)=O,CS(C)=O,O,,,79200.0,0.0,0.0,100.0
O=C(NCc1ccc(F)cc1)c1nc(Br)c2cccnc2c1O,CC1(C)OB(C2=CCCCC2)OC1(C)C,,,,CC(C)c1cc(C(C)C)c(-c2ccccc2[PH](C2CCCCC2)(C2CCCCC2)[Pd]2([O]S(C)(=O)=O)[NH]c3ccccc3-c3cccc[c]32)c(C(C)C)c1,CS(C)=O,O,CS(C)=O,CS(C)=O,O,,,79200.0,0.0,0.0,100.0
Brc1ccc(-c2ccccc2)cn1,CC1(C)OB(c2ccc(-c3cnccn3)cc2)OC1(C)C,,,,CC(C)(C)[PH](C(C)(C)C)(C(C)(C)C)[Pd]1([Cl])[NH]c2ccccc2-c2cccc[c]21,CS(C)=O,O,CS(C)=O,CS(C)=O,CCC(C)(C)O,,,79200.0,0.0,0.0,100.0
CN1C(=O)C[C@@](C)(c2cc(Br)cs2)N/C1=N/C(=O)OC(C)(C)C,CC1(C)OB(c2cnn(Cc3ccccc3)c2)OC1(C)C,,,,CC(C)c1cc(C(C)C)c(-c2ccccc2[PH](C2CCCCC2)(C2CCCCC2)[Pd]2([O]S(C)(=O)=O)[NH]c3ccccc3-c3cccc[c]32)c(C(C)C)c1,CS(C)=O,O,CS(C)=O,CS(C)=O,O,,,79200.0,0.0,0.0,100.0
Ic1c[nH]c2ncccc12,OB(O)c1cccnc1,,,,CN(C)c1ccc([PH](C(C)(C)C)(C(C)(C)C)[Pd]2([O]S(C)(=O)=O)[NH]c3ccccc3-c3cccc[c]32)cc1,CS(C)=O,O,CS(C)=O,CS(C)=O,CS(C)=O,,,79200.0,0.0,0.0,0.0
CCOC(=O)N1CCC(=C2c3ccc(Cl)cc3CCc3cc(Br)cnc32)CC1,O=C(NC1CCCC1)c1ccc(B(O)O)cc1,,,,CC(C)Oc1cccc(OC(C)C)c1-c1ccccc1[PH](C1CCCCC1)(C1CCCCC1)[Pd]1([O]S(C)(=O)=O)[NH]c2ccccc2-c2cccc[c]21,CS(C)=O,O,CS(C)=O,CS(C)=O,O,,,79200.0,0.0,0.0,90.66343688964844
CN1C(=O)C[C@@](C)(c2cc(Br)cs2)N/C1=N/C(=O)OC(C)(C)C,O=C(NC1CCCC1)c1ccc(B(O)O)cc1,,,,CC(C)(C)[PH](C(C)(C)C)(C(C)(C)C)[Pd]1([Cl])[NH]c2ccccc2-c2cccc[c]21,CS(C)=O,O,CS(C)=O,CS(C)=O,CCC(C)(C)O,,,79200.0,0.0,0.0,68.19209289550781
CC(=O)NC(C)(C)[C@@H]1CC2(CCN(C(=O)OC(C)(C)C)CC2)c2cc(Cl)c(C)cc21,OB(O)c1cccnc1,,,,CC(C)c1cc(C(C)C)c(-c2ccccc2[PH](C(C)(C)C)(C(C)(C)C)[Pd]2([O]S(C)(=O)=O)[NH]c3ccccc3-c3cccc[c]32)c(C(C)C)c1,CS(C)=O,O,CS(C)=O,CS(C)=O,CS(C)=O,,,79200.0,0.0,0.0,0.0
O=C(Nc1ccccc1N1CCNCC1)c1csc(Br)n1,CC1(C)OB(c2cnn(Cc3ccccc3)c2)OC1(C)C,,,,CC(C)c1cc(C(C)C)c(-c2ccccc2[PH](C2CCCCC2)(C2CCCCC2)[Pd]2([O]S(C)(=O)=O)[NH]c3ccccc3-c3cccc[c]32)c(C(C)C)c1,CS(C)=O,O,CS(C)=O,CS(C)=O,O,,,79200.0,0.0,0.0,13.256938934326172
CCn1c(=O)c2c(nc(N[C@@H]3CCC[C@H]3O)n2Cc2ccc(OC)c(Br)c2)n(CCO)c1=O,CC1(C)OB(c2ccc(-c3cnccn3)cc2)OC1(C)C,,,,CC(C)(C)[PH](C(C)(C)C)(C(C)(C)C)[Pd]1([Cl])[NH]c2ccccc2-c2cccc[c]21,CS(C)=O,O,CS(C)=O,CS(C)=O,CCC(C)(C)O,,,79200.0,0.0,0.0,100.0
CC(=O)NC(C)(C)[C@@H]1CC2(CCN(C(=O)OC(C)(C)C)CC2)c2cc(Cl)c(C)cc21,CN(C)c1ccc(B2OC(C)(C)C(C)(C)O2)cc1,,,,CC(C)Oc1cccc(OC(C)C)c1-c1ccccc1[PH](C1CCCCC1)(C1CCCCC1)[Pd]1([O]S(C)(=O)=O)[NH]c2ccccc2-c2cccc[c]21,CS(C)=O,O,CS(C)=O,CS(C)=O,O,,,79200.0,0.0,0.0,94.4042739868164
CN1C(=O)C[C@@](C)(c2cc(Br)cs2)N/C1=N/C(=O)OC(C)(C)C,Cc1cc(O)ccc1B1OC(C)(C)C(C)(C)O1,,,,CC(C)Oc1cccc(OC(C)C)c1-c1ccccc1[PH](C1CCCCC1)(C1CCCCC1)[Pd]1([O]S(C)(=O)=O)[NH]c2ccccc2-c2cccc[c]21,CS(C)=O,O,CS(C)=O,CS(C)=O,O,,,79200.0,0.0,0.0,100.0
O=C1NCCc2[nH]c(-c3ccnc(Br)c3)cc21,CC1(C)OB(c2cccc(C3(NC(=O)OCc4ccccc4)CC3)c2)OC1(C)C,,,,CC(C)c1cc(C(C)C)c(-c2ccccc2[PH](C(C)(C)C)(C(C)(C)C)[Pd]2([O]S(C)(=O)=O)[NH]c3ccccc3-c3cccc[c]32)c(C(C)C)c1,CS(C)=O,O,CS(C)=O,CS(C)=O,CS(C)=O,,,79200.0,0.0,0.0,6.087830543518066
CC(=O)NC(C)(C)[C@@H]1CC2(CCN(C(=O)OC(C)(C)C)CC2)c2cc(Cl)c(C)cc21,CC1(C)OB(c2cccc(C3(NC(=O)OCc4ccccc4)CC3)c2)OC1(C)C,,,,CN(C)c1ccc([PH](C(C)(C)C)(C(C)(C)C)[Pd]2([O]S(C)(=O)=O)[NH]c3ccccc3-c3cccc[c]32)cc1,CS(C)=O,O,CS(C)=O,CS(C)=O,CCC(C)(C)O,,,79200.0,0.0,0.0,0.0
Ic1c[nH]c2ncccc12,O=C(NC1CCCC1)c1ccc(B(O)O)cc1,,,,CC(C)c1cc(C(C)C)c(-c2ccccc2[PH](C(C)(C)C)(C(C)(C)C)[Pd]2([O]S(C)(=O)=O)[NH]c3ccccc3-c3cccc[c]32)c(C(C)C)c1,CS(C)=O,O,CS(C)=O,CS(C)=O,CS(C)=O,,,79200.0,0.0,0.0,0.0
O=C(NCc1ccc(F)cc1)c1nc(Br)c2cccnc2c1O,CC1(C)OB(c2cn(S(=O)(=O)c3ccccc3)c3ncccc23)OC1(C)C,,,,CN(C)c1ccc([PH](C(C)(C)C)(C(C)(C)C)[Pd]2([O]S(C)(=O)=O)[NH]c3ccccc3-c3cccc[c]32)cc1,CS(C)=O,O,CS(C)=O,CS(C)=O,CCC(C)(C)O,,,79200.0,0.0,0.0,0.0
CN1C(=O)C[C@@](C)(c2cc(Br)cs2)N/C1=N/C(=O)OC(C)(C)C,CN(C)c1ccc(B2OC(C)(C)C(C)(C)O2)cc1,,,,CN(C)c1ccc([PH](C(C)(C)C)(C(C)(C)C)[Pd]2([O]S(C)(=O)=O)[NH]c3ccccc3-c3cccc[c]32)cc1,CS(C)=O,O,CS(C)=O,CS(C)=O,CCC(C)(C)O,,,79200.0,0.0,0.0,56.2763786315918
CCn1c(=O)c2c(nc(N[C@@H]3CCC[C@H]3O)n2Cc2ccc(OC)c(Br)c2)n(CCO)c1=O,CN(C)c1ccc(B2OC(C)(C)C(C)(C)O2)cc1,,,,CC(C)Oc1cccc(OC(C)C)c1-c1ccccc1[PH](C1CCCCC1)(C1CCCCC1)[Pd]1([O]S(C)(=O)=O)[NH]c2ccccc2-c2cccc[c]21,CS(C)=O,O,CS(C)=O,CS(C)=O,O,,,79200.0,0.0,0.0,84.52200317382812
CCn1c(=O)c2c(nc(N[C@@H]3CCC[C@H]3O)n2Cc2ccc(OC)c(Br)c2)n(CCO)c1=O,CC1(C)OB(C2=CCCCC2)OC1(C)C,,,,CC(C)c1cc(C(C)C)c(-c2ccccc2[PH](C(C)(C)C)(C(C)(C)C)[Pd]2([O]S(C)(=O)=O)[NH]c3ccccc3-c3cccc[c]32)c(C(C)C)c1,CS(C)=O,O,CS(C)=O,CS(C)=O,CS(C)=O,,,79200.0,0.0,0.0,32.02256774902344
Ic1c[nH]c2ncccc12,CC1(C)OB(c2cnc(-n3cccn3)nc2)OC1(C)C,,,,CC(C)(C)[PH](C(C)(C)C)(C(C)(C)C)[Pd]1([Cl])[NH]c2ccccc2-c2cccc[c]21,CS(C)=O,O,CS(C)=O,CS(C)=O,CCC(C)(C)O,,,79200.0,0.0,0.0,0.0
Ic1c[nH]c2ncccc12,CC1(C)OB(c2cnn(Cc3ccccc3)c2)OC1(C)C,,,,CN(C)c1ccc([PH](C(C)(C)C)(C(C)(C)C)[Pd]2([O]S(C)(=O)=O)[NH]c3ccccc3-c3cccc[c]32)cc1,CS(C)=O,O,CS(C)=O,CS(C)=O,CS(C)=O,,,79200.0,0.0,0.0,25.345075607299805
O=C(NCc1ccc(F)cc1)c1nc(Br)c2cccnc2c1O,O=C(NC1CCCC1)c1ccc(B(O)O)cc1,,,,CN(C)c1ccc([PH](C(C)(C)C)(C(C)(C)C)[Pd]2([O]S(C)(=O)=O)[NH]c3ccccc3-c3cccc[c]32)cc1,CS(C)=O,O,CS(C)=O,CS(C)=O,CCC(C)(C)O,,,79200.0,0.0,0.0,0.0
O=C(NCc1ccc(F)cc1)c1nc(Br)c2cccnc2c1O,CN(C)c1ccc(B2OC(C)(C)C(C)(C)O2)cc1,,,,CC(C)Oc1cccc(OC(C)C)c1-c1ccccc1[PH](C1CCCCC1)(C1CCCCC1)[Pd]1([O]S(C)(=O)=O)[NH]c2ccccc2-c2cccc[c]21,CS(C)=O,O,CS(C)=O,CS(C)=O,O,,,79200.0,0.0,0.0,0.0
CCOC(=O)N1CCC(=C2c3ccc(Cl)cc3CCc3cc(Br)cnc32)CC1,CC1(C)OB(c2ccc(-c3cnccn3)cc2)OC1(C)C,,,,CN(C)c1ccc([PH](C(C)(C)C)(C(C)(C)C)[Pd]2([O]S(C)(=O)=O)[NH]c3ccccc3-c3cccc[c]32)cc1,CS(C)=O,O,CS(C)=O,CS(C)=O,CCC(C)(C)O,,,79200.0,0.0,0.0,100.0
CC(=O)NC(C)(C)[C@@H]1CC2(CCN(C(=O)OC(C)(C)C)CC2)c2cc(Cl)c(C)cc21,O=C(NC1CCCC1)c1ccc(B(O)O)cc1,,,,CC(C)c1cc(C(C)C)c(-c2ccccc2[PH](C(C)(C)C)(C(C)(C)C)[Pd]2([O]S(C)(=O)=O)[NH]c3ccccc3-c3cccc[c]32)c(C(C)C)c1,CS(C)=O,O,CS(C)=O,CS(C)=O,CS(C)=O,,,79200.0,0.0,0.0,0.0
Ic1c[nH]c2ncccc12,CC1(C)OB(C2=CCCCC2)OC1(C)C,,,,CC(C)(C)[PH](C(C)(C)C)(C(C)(C)C)[Pd]1([Cl])[NH]c2ccccc2-c2cccc[c]21,CS(C)=O,O,CS(C)=O,CS(C)=O,CCC(C)(C)O,,,79200.0,0.0,0.0,0.0
CCCc1nc2ccc(I)cc2c(=O)n1Cc1ccc(-c2ccccc2S(=O)(=O)NC(C)(C)C)cc1,CC1(C)OB(c2cnc(-n3cccn3)nc2)OC1(C)C,,,,CN(C)c1ccc([PH](C(C)(C)C)(C(C)(C)C)[Pd]2([O]S(C)(=O)=O)[NH]c3ccccc3-c3cccc[c]32)cc1,CS(C)=O,O,CS(C)=O,CS(C)=O,CS(C)=O,,,79200.0,0.0,0.0,100.0
O=C1NCCc2[nH]c(-c3ccnc(Br)c3)cc21,OB(O)c1cccnc1,,,,CC(C)Oc1cccc(OC(C)C)c1-c1ccccc1[PH](C1CCCCC1)(C1CCCCC1)[Pd]1([O]S(C)(=O)=O)[NH]c2ccccc2-c2cccc[c]21,CS(C)=O,O,CS(C)=O,CS(C)=O,O,,,79200.0,0.0,0.0,47.81452560424805
CCn1c(=O)c2c(nc(N[C@@H]3CCC[C@H]3O)n2Cc2ccc(OC)c(Br)c2)n(CCO)c1=O,CN(C)c1ccc(B2OC(C)(C)C(C)(C)O2)cc1,,,,CC(C)c1cc(C(C)C)c(-c2ccccc2[PH](C(C)(C)C)(C(C)(C)C)[Pd]2([O]S(C)(=O)=O)[NH]c3ccccc3-c3cccc[c]32)c(C(C)C)c1,CS(C)=O,O,CS(C)=O,CS(C)=O,CS(C)=O,,,79200.0,0.0,0.0,39.315311431884766
Brc1ccc(-c2ccccc2)cn1,CC1(C)OB(C2=CCCCC2)OC1(C)C,,,,CC(C)Oc1cccc(OC(C)C)c1-c1ccccc1[PH](C1CCCCC1)(C1CCCCC1)[Pd]1([O]S(C)(=O)=O)[NH]c2ccccc2-c2cccc[c]21,CS(C)=O,O,CS(C)=O,CS(C)=O,O,,,79200.0,0.0,0.0,14.495407104492188
CN1C(=O)C[C@@](C)(c2sccc2Cl)N/C1=N/C(=O)OC(C)(C)C,CC1(C)OB(C2=CCCCC2)OC1(C)C,,,,CC(C)c1cc(C(C)C)c(-c2ccccc2[PH](C(C)(C)C)(C(C)(C)C)[Pd]2([O]S(C)(=O)=O)[NH]c3ccccc3-c3cccc[c]32)c(C(C)C)c1,CS(C)=O,O,CS(C)=O,CS(C)=O,CS(C)=O,,,79200.0,0.0,0.0,0.0
O=C1NCCc2[nH]c(-c3ccnc(Br)c3)cc21,CC1(C)OB(c2ccc(-c3cnccn3)cc2)OC1(C)C,,,,CN(C)c1ccc([PH](C(C)(C)C)(C(C)(C)C)[Pd]2([O]S(C)(=O)=O)[NH]c3ccccc3-c3cccc[c]32)cc1,CS(C)=O,O,CS(C)=O,CS(C)=O,CS(C)=O,,,79200.0,0.0,0.0,37.542850494384766
Ic1c[nH]c2ncccc12,OB(O)c1cccnc1,,,,CC(C)c1cc(C(C)C)c(-c2ccccc2[PH](C(C)(C)C)(C(C)(C)C)[Pd]2([O]S(C)(=O)=O)[NH]c3ccccc3-c3cccc[c]32)c(C(C)C)c1,CS(C)=O,O,CS(C)=O,CS(C)=O,CS(C)=O,,,79200.0,0.0,0.0,0.0
O=C(Nc1ccccc1N1CCNCC1)c1csc(Br)n1,CC1(C)OB(c2cccc(C3(NC(=O)OCc4ccccc4)CC3)c2)OC1(C)C,,,,CC(C)(C)[PH](C(C)(C)C)(C(C)(C)C)[Pd]1([Cl])[NH]c2ccccc2-c2cccc[c]21,CS(C)=O,O,CS(C)=O,CS(C)=O,CCC(C)(C)O,,,79200.0,0.0,0.0,2.0959219932556152
O=C1NCCc2[nH]c(-c3ccnc(Br)c3)cc21,CC1(C)OB(C2=CCCCC2)OC1(C)C,,,,CC(C)c1cc(C(C)C)c(-c2ccccc2[PH](C2CCCCC2)(C2CCCCC2)[Pd]2([O]S(C)(=O)=O)[NH]c3ccccc3-c3cccc[c]32)c(C(C)C)c1,CS(C)=O,O,CS(C)=O,CS(C)=O,O,,,79200.0,0.0,0.0,92.90691375732422
Ic1c[nH]c2ncccc12,CC1(C)OB(c2cnn(Cc3ccccc3)c2)OC1(C)C,,,,CN(C)c1ccc([PH](C(C)(C)C)(C(C)(C)C)[Pd]2([O]S(C)(=O)=O)[NH]c3ccccc3-c3cccc[c]32)cc1,CS(C)=O,O,CS(C)=O,CS(C)=O,CS(C)=O,,,79200.0,0.0,0.0,0.0
Brc1ccc(-c2ccccc2)cn1,CC1(C)OB(c2cnc(-n3cccn3)nc2)OC1(C)C,,,,CC(C)c1cc(C(C)C)c(-c2ccccc2[PH](C(C)(C)C)(C(C)(C)C)[Pd]2([O]S(C)(=O)=O)[NH]c3ccccc3-c3cccc[c]32)c(C(C)C)c1,CS(C)=O,O,CS(C)=O,CS(C)=O,CS(C)=O,,,79200.0,0.0,0.0,0.0
O=C1NCCc2[nH]c(-c3ccnc(Br)c3)cc21,O=C(NC1CCCC1)c1ccc(B(O)O)cc1,,,,CC(C)(C)[PH](C(C)(C)C)(C(C)(C)C)[Pd]1([Cl])[NH]c2ccccc2-c2cccc[c]21,CS(C)=O,O,CS(C)=O,CS(C)=O,CCC(C)(C)O,,,79200.0,0.0,0.0,0.0
O=C(NCc1ccc(F)cc1)c1nc(Br)c2cccnc2c1O,O=C(NC1CCCC1)c1ccc(B(O)O)cc1,,,,CN(C)c1ccc([PH](C(C)(C)C)(C(C)(C)C)[Pd]2([O]S(C)(=O)=O)[NH]c3ccccc3-c3cccc[c]32)cc1,CS(C)=O,O,CS(C)=O,CS(C)=O,CS(C)=O,,,79200.0,0.0,0.0,38.4685173034668
Brc1ccc(-c2ccccc2)cn1,CC1(C)OB(c2ccc(-c3cnccn3)cc2)OC1(C)C,,,,CN(C)c1ccc([PH](C(C)(C)C)(C(C)(C)C)[Pd]2([O]S(C)(=O)=O)[NH]c3ccccc3-c3cccc[c]32)cc1,CS(C)=O,O,CS(C)=O,CS(C)=O,CS(C)=O,,,79200.0,0.0,0.0,3.0558743476867676
Ic1c[nH]c2ncccc12,CC1(C)OB(c2cnc(-n3cccn3)nc2)OC1(C)C,,,,CC(C)Oc1cccc(OC(C)C)c1-c1ccccc1[PH](C1CCCCC1)(C1CCCCC1)[Pd]1([O]S(C)(=O)=O)[NH]c2ccccc2-c2cccc[c]21,CS(C)=O,O,CS(C)=O,CS(C)=O,O,,,79200.0,0.0,0.0,4.620405673980713
CC(=O)NC(C)(C)[C@@H]1CC2(CCN(C(=O)OC(C)(C)C)CC2)c2cc(Cl)c(C)cc21,CC1(C)OB(c2cnn(Cc3ccccc3)c2)OC1(C)C,,,,CC(C)c1cc(C(C)C)c(-c2ccccc2[PH](C2CCCCC2)(C2CCCCC2)[Pd]2([O]S(C)(=O)=O)[NH]c3ccccc3-c3cccc[c]32)c(C(C)C)c1,CS(C)=O,O,CS(C)=O,CS(C)=O,O,,,79200.0,0.0,0.0,84.44390106201172
CCn1c(=O)c2c(nc(N[C@@H]3CCC[C@H]3O)n2Cc2ccc(OC)c(Br)c2)n(CCO)c1=O,CC1(C)OB(C2=CCCCC2)OC1(C)C,,,,CC(C)(C)[PH](C(C)(C)C)(C(C)(C)C)[Pd]1([Cl])[NH]c2ccccc2-c2cccc[c]21,CS(C)=O,O,CS(C)=O,CS(C)=O,CCC(C)(C)O,,,79200.0,0.0,0.0,96.34236145019531
O=C(Nc1ccccc1N1CCNCC1)c1csc(Br)n1,CC1(C)OB(c2cccc(C3(NC(=O)OCc4ccccc4)CC3)c2)OC1(C)C,,,,CC(C)Oc1cccc(OC(C)C)c1-c1ccccc1[PH](C1CCCCC1)(C1CCCCC1)[Pd]1([O]S(C)(=O)=O)[NH]c2ccccc2-c2cccc[c]21,CS(C)=O,O,CS(C)=O,CS(C)=O,O,,,79200.0,0.0,0.0,54.17870330810547
Brc1ccc(-c2ccccc2)cn1,CC1(C)OB(c2cnc(-n3cccn3)nc2)OC1(C)C,,,,CC(C)(C)[PH](C(C)(C)C)(C(C)(C)C)[Pd]1([Cl])[NH]c2ccccc2-c2cccc[c]21,CS(C)=O,O,CS(C)=O,CS(C)=O,CCC(C)(C)O,,,79200.0,0.0,0.0,4.192956924438477
COC(=O)[C@@H]1C[C@@H](OC(=O)N2Cc3cccc(Br)c3C2)CN1C(=O)OCc1ccccc1,CC1(C)OB(C2=CCCCC2)OC1(C)C,,,,CC(C)c1cc(C(C)C)c(-c2ccccc2[PH](C2CCCCC2)(C2CCCCC2)[Pd]2([O]S(C)(=O)=O)[NH]c3ccccc3-c3cccc[c]32)c(C(C)C)c1,CS(C)=O,O,CS(C)=O,CS(C)=O,O,,,79200.0,0.0,0.0,49.84778594970703
COC(=O)[C@@H]1C[C@@H](OC(=O)N2Cc3cccc(Br)c3C2)CN1C(=O)OCc1ccccc1,CC1(C)OB(c2cccc(C3(NC(=O)OCc4ccccc4)CC3)c2)OC1(C)C,,,,CN(C)c1ccc([PH](C(C)(C)C)(C(C)(C)C)[Pd]2([O]S(C)(=O)=O)[NH]c3ccccc3-c3cccc[c]32)cc1,CS(C)=O,O,CS(C)=O,CS(C)=O,CCC(C)(C)O,,,79200.0,0.0,0.0,98.20020294189453
CC(=O)NC(C)(C)[C@@H]1CC2(CCN(C(=O)OC(C)(C)C)CC2)c2cc(Cl)c(C)cc21,CC1(C)OB(c2cccc(C3(NC(=O)OCc4ccccc4)CC3)c2)OC1(C)C,,,,CC(C)c1cc(C(C)C)c(-c2ccccc2[PH](C2CCCCC2)(C2CCCCC2)[Pd]2([O]S(C)(=O)=O)[NH]c3ccccc3-c3cccc[c]32)c(C(C)C)c1,CS(C)=O,O,CS(C)=O,CS(C)=O,O,,,79200.0,0.0,0.0,0.0
CC(=O)NC(C)(C)[C@@H]1CC2(CCN(C(=O)OC(C)(C)C)CC2)c2cc(Cl)c(C)cc21,CC1(C)OB(C2=CCCCC2)OC1(C)C,,,,CC(C)c1cc(C(C)C)c(-c2ccccc2[PH](C(C)(C)C)(C(C)(C)C)[Pd]2([O]S(C)(=O)=O)[NH]c3ccccc3-c3cccc[c]32)c(C(C)C)c1,CS(C)=O,O,CS(C)=O,CS(C)=O,CS(C)=O,,,79200.0,0.0,0.0,41.72600555419922
CCOC(=O)N1CCC(=C2c3ccc(Cl)cc3CCc3cc(Br)cnc32)CC1,CC1(C)OB(c2cn(S(=O)(=O)c3ccccc3)c3ncccc23)OC1(C)C,,,,CC(C)c1cc(C(C)C)c(-c2ccccc2[PH](C(C)(C)C)(C(C)(C)C)[Pd]2([O]S(C)(=O)=O)[NH]c3ccccc3-c3cccc[c]32)c(C(C)C)c1,CS(C)=O,O,CS(C)=O,CS(C)=O,CS(C)=O,,,79200.0,0.0,0.0,100.0
Ic1c[nH]c2ncccc12,Cc1cc(O)ccc1B1OC(C)(C)C(C)(C)O1,,,,CC(C)c1cc(C(C)C)c(-c2ccccc2[PH](C(C)(C)C)(C(C)(C)C)[Pd]2([O]S(C)(=O)=O)[NH]c3ccccc3-c3cccc[c]32)c(C(C)C)c1,CS(C)=O,O,CS(C)=O,CS(C)=O,CS(C)=O,,,79200.0,0.0,0.0,0.0
COC(=O)[C@@H]1C[C@@H](OC(=O)N2Cc3cccc(Br)c3C2)CN1C(=O)OCc1ccccc1,CC1(C)OB(c2cn(S(=O)(=O)c3ccccc3)c3ncccc23)OC1(C)C,,,,CC(C)c1cc(C(C)C)c(-c2ccccc2[PH](C(C)(C)C)(C(C)(C)C)[Pd]2([O]S(C)(=O)=O)[NH]c3ccccc3-c3cccc[c]32)c(C(C)C)c1,CS(C)=O,O,CS(C)=O,CS(C)=O,CS(C)=O,,,79200.0,0.0,0.0,63.16865539550781
O=C(NCc1ccc(F)cc1)c1nc(Br)c2cccnc2c1O,CC1(C)OB(c2ccc(-c3cnccn3)cc2)OC1(C)C,,,,CC(C)Oc1cccc(OC(C)C)c1-c1ccccc1[PH](C1CCCCC1)(C1CCCCC1)[Pd]1([O]S(C)(=O)=O)[NH]c2ccccc2-c2cccc[c]21,CS(C)=O,O,CS(C)=O,CS(C)=O,O,,,79200.0,0.0,0.0,0.0
CCn1c(=O)c2c(nc(N[C@@H]3CCC[C@H]3O)n2Cc2ccc(OC)c(Br)c2)n(CCO)c1=O,O=C(NC1CCCC1)c1ccc(B(O)O)cc1,,,,CN(C)c1ccc([PH](C(C)(C)C)(C(C)(C)C)[Pd]2([O]S(C)(=O)=O)[NH]c3ccccc3-c3cccc[c]32)cc1,CS(C)=O,O,CS(C)=O,CS(C)=O,CS(C)=O,,,79200.0,0.0,0.0,90.35409545898438
CN1C(=O)C[C@@](C)(c2cc(Br)cs2)N/C1=N/C(=O)OC(C)(C)C,CC1(C)OB(c2cccc(C3(NC(=O)OCc4ccccc4)CC3)c2)OC1(C)C,,,,CC(C)(C)[PH](C(C)(C)C)(C(C)(C)C)[Pd]1([Cl])[NH]c2ccccc2-c2cccc[c]21,CS(C)=O,O,CS(C)=O,CS(C)=O,CCC(C)(C)O,,,79200.0,0.0,0.0,100.0
CCOC(=O)N1CCC(=C2c3ccc(Cl)cc3CCc3cc(Br)cnc32)CC1,CC1(C)OB(c2cnn(Cc3ccccc3)c2)OC1(C)C,,,,CC(C)(C)[PH](C(C)(C)C)(C(C)(C)C)[Pd]1([Cl])[NH]c2ccccc2-c2cccc[c]21,CS(C)=O,O,CS(C)=O,CS(C)=O,CCC(C)(C)O,,,79200.0,0.0,0.0,100.0
COC(=O)[C@@H]1C[C@@H](OC(=O)N2Cc3cccc(Br)c3C2)CN1C(=O)OCc1ccccc1,Cc1cc(O)ccc1B1OC(C)(C)C(C)(C)O1,,,,CN(C)c1ccc([PH](C(C)(C)C)(C(C)(C)C)[Pd]2([O]S(C)(=O)=O)[NH]c3ccccc3-c3cccc[c]32)cc1,CS(C)=O,O,CS(C)=O,CS(C)=O,CS(C)=O,,,79200.0,0.0,0.0,99.98771667480469
O=C1NCCc2[nH]c(-c3ccnc(Br)c3)cc21,CC1(C)OB(C2=CCCCC2)OC1(C)C,,,,CC(C)Oc1cccc(OC(C)C)c1-c1ccccc1[PH](C1CCCCC1)(C1CCCCC1)[Pd]1([O]S(C)(=O)=O)[NH]c2ccccc2-c2cccc[c]21,CS(C)=O,O,CS(C)=O,CS(C)=O,O,,,79200.0,0.0,0.0,91.3171157836914
Ic1c[nH]c2ncccc12,CC1(C)OB(c2cnc(-n3cccn3)nc2)OC1(C)C,,,,CC(C)(C)[PH](C(C)(C)C)(C(C)(C)C)[Pd]1([Cl])[NH]c2ccccc2-c2cccc[c]21,CS(C)=O,O,CS(C)=O,CS(C)=O,CCC(C)(C)O,,,79200.0,0.0,0.0,0.0
Brc1ccc(-c2ccccc2)cn1,O=C(NC1CCCC1)c1ccc(B(O)O)cc1,,,,CC(C)c1cc(C(C)C)c(-c2ccccc2[PH](C2CCCCC2)(C2CCCCC2)[Pd]2([O]S(C)(=O)=O)[NH]c3ccccc3-c3cccc[c]32)c(C(C)C)c1,CS(C)=O,O,CS(C)=O,CS(C)=O,O,,,79200.0,0.0,0.0,9.090349197387695
Ic1c[nH]c2ncccc12,Cc1cc(O)ccc1B1OC(C)(C)C(C)(C)O1,,,,CC(C)(C)[PH](C(C)(C)C)(C(C)(C)C)[Pd]1([Cl])[NH]c2ccccc2-c2cccc[c]21,CS(C)=O,O,CS(C)=O,CS(C)=O,CCC(C)(C)O,,,79200.0,0.0,0.0,0.0
CCOC(=O)N1CCC(=C2c3ccc(Cl)cc3CCc3cc(Br)cnc32)CC1,Cc1cc(O)ccc1B1OC(C)(C)C(C)(C)O1,,,,CC(C)c1cc(C(C)C)c(-c2ccccc2[PH](C(C)(C)C)(C(C)(C)C)[Pd]2([O]S(C)(=O)=O)[NH]c3ccccc3-c3cccc[c]32)c(C(C)C)c1,CS(C)=O,O,CS(C)=O,CS(C)=O,CS(C)=O,,,79200.0,0.0,0.0,25.326223373413086
CN1C(=O)C[C@@](C)(c2cc(Br)cs2)N/C1=N/C(=O)OC(C)(C)C,CC1(C)OB(C2=CCCCC2)OC1(C)C,,,,CN(C)c1ccc([PH](C(C)(C)C)(C(C)(C)C)[Pd]2([O]S(C)(=O)=O)[NH]c3ccccc3-c3cccc[c]32)cc1,CS(C)=O,O,CS(C)=O,CS(C)=O,CCC(C)(C)O,,,79200.0,0.0,0.0,76.58309936523438
Brc1ccc(-c2ccccc2)cn1,CC1(C)OB(c2cn(S(=O)(=O)c3ccccc3)c3ncccc23)OC1(C)C,,,,CN(C)c1ccc([PH](C(C)(C)C)(C(C)(C)C)[Pd]2([O]S(C)(=O)=O)[NH]c3ccccc3-c3cccc[c]32)cc1,CS(C)=O,O,CS(C)=O,CS(C)=O,CCC(C)(C)O,,,79200.0,0.0,0.0,63.35844039916992
CN1C(=O)C[C@@](C)(c2cc(Br)cs2)N/C1=N/C(=O)OC(C)(C)C,OB(O)c1cccnc1,,,,CC(C)c1cc(C(C)C)c(-c2ccccc2[PH](C2CCCCC2)(C2CCCCC2)[Pd]2([O]S(C)(=O)=O)[NH]c3ccccc3-c3cccc[c]32)c(C(C)C)c1,CS(C)=O,O,CS(C)=O,CS(C)=O,O,,,79200.0,0.0,0.0,26.573619842529297
Ic1c[nH]c2ncccc12,CC1(C)OB(c2cccc(C3(NC(=O)OCc4ccccc4)CC3)c2)OC1(C)C,,,,CC(C)Oc1cccc(OC(C)C)c1-c1ccccc1[PH](C1CCCCC1)(C1CCCCC1)[Pd]1([O]S(C)(=O)=O)[NH]c2ccccc2-c2cccc[c]21,CS(C)=O,O,CS(C)=O,CS(C)=O,O,,,79200.0,0.0,0.0,0.0
O=C1NCCc2[nH]c(-c3ccnc(Br)c3)cc21,CC1(C)OB(c2cnn(Cc3ccccc3)c2)OC1(C)C,,,,CC(C)c1cc(C(C)C)c(-c2ccccc2[PH](C(C)(C)C)(C(C)(C)C)[Pd]2([O]S(C)(=O)=O)[NH]c3ccccc3-c3cccc[c]32)c(C(C)C)c1,CS(C)=O,O,CS(C)=O,CS(C)=O,CS(C)=O,,,79200.0,0.0,0.0,6.9057722091674805
O=C(Nc1ccccc1N1CCNCC1)c1csc(Br)n1,CC1(C)OB(c2cccc(C3(NC(=O)OCc4ccccc4)CC3)c2)OC1(C)C,,,,CC(C)Oc1cccc(OC(C)C)c1-c1ccccc1[PH](C1CCCCC1)(C1CCCCC1)[Pd]1([O]S(C)(=O)=O)[NH]c2ccccc2-c2cccc[c]21,CS(C)=O,O,CS(C)=O,CS(C)=O,O,,,79200.0,0.0,0.0,32.9283561706543
CN1C(=O)C[C@@](C)(c2cc(Br)cs2)N/C1=N/C(=O)OC(C)(C)C,CN(C)c1ccc(B2OC(C)(C)C(C)(C)O2)cc1,,,,CN(C)c1ccc([PH](C(C)(C)C)(C(C)(C)C)[Pd]2([O]S(C)(=O)=O)[NH]c3ccccc3-c3cccc[c]32)cc1,CS(C)=O,O,CS(C)=O,CS(C)=O,CS(C)=O,,,79200.0,0.0,0.0,39.88855743408203
O=C(Nc1ccccc1N1CCNCC1)c1csc(Br)n1,O=C(NC1CCCC1)c1ccc(B(O)O)cc1,,,,CC(C)c1cc(C(C)C)c(-c2ccccc2[PH](C(C)(C)C)(C(C)(C)C)[Pd]2([O]S(C)(=O)=O)[NH]c3ccccc3-c3cccc[c]32)c(C(C)C)c1,CS(C)=O,O,CS(C)=O,CS(C)=O,CS(C)=O,,,79200.0,0.0,0.0,7.929961681365967
CC(=O)NC(C)(C)[C@@H]1CC2(CCN(C(=O)OC(C)(C)C)CC2)c2cc(Cl)c(C)cc21,CC1(C)OB(C2=CCCCC2)OC1(C)C,,,,CC(C)(C)[PH](C(C)(C)C)(C(C)(C)C)[Pd]1([Cl])[NH]c2ccccc2-c2cccc[c]21,CS(C)=O,O,CS(C)=O,CS(C)=O,CCC(C)(C)O,,,79200.0,0.0,0.0,0.0
O=C(Nc1ccccc1N1CCNCC1)c1csc(Br)n1,OB(O)c1cccnc1,,,,CC(C)(C)[PH](C(C)(C)C)(C(C)(C)C)[Pd]1([Cl])[NH]c2ccccc2-c2cccc[c]21,CS(C)=O,O,CS(C)=O,CS(C)=O,CCC(C)(C)O,,,79200.0,0.0,0.0,1.928519606590271
O=C(NCc1ccc(F)cc1)c1nc(Br)c2cccnc2c1O,CC1(C)OB(c2ccc(-c3cnccn3)cc2)OC1(C)C,,,,CC(C)c1cc(C(C)C)c(-c2ccccc2[PH](C(C)(C)C)(C(C)(C)C)[Pd]2([O]S(C)(=O)=O)[NH]c3ccccc3-c3cccc[c]32)c(C(C)C)c1,CS(C)=O,O,CS(C)=O,CS(C)=O,CS(C)=O,,,79200.0,0.0,0.0,0.0
CCn1c(=O)c2c(nc(N[C@@H]3CCC[C@H]3O)n2Cc2ccc(OC)c(Br)c2)n(CCO)c1=O,CC1(C)OB(C2=CCCCC2)OC1(C)C,,,,CC(C)c1cc(C(C)C)c(-c2ccccc2[PH](C2CCCCC2)(C2CCCCC2)[Pd]2([O]S(C)(=O)=O)[NH]c3ccccc3-c3cccc[c]32)c(C(C)C)c1,CS(C)=O,O,CS(C)=O,CS(C)=O,O,,,79200.0,0.0,0.0,97.43650817871094
CCOC(=O)N1CCC(=C2c3ccc(Cl)cc3CCc3cc(Br)cnc32)CC1,O=C(NC1CCCC1)c1ccc(B(O)O)cc1,,,,CC(C)(C)[PH](C(C)(C)C)(C(C)(C)C)[Pd]1([Cl])[NH]c2ccccc2-c2cccc[c]21,CS(C)=O,O,CS(C)=O,CS(C)=O,CCC(C)(C)O,,,79200.0,0.0,0.0,98.76876068115234
Brc1ccc(-c2ccccc2)cn1,CC1(C)OB(c2cnn(Cc3ccccc3)c2)OC1(C)C,,,,CC(C)c1cc(C(C)C)c(-c2ccccc2[PH](C2CCCCC2)(C2CCCCC2)[Pd]2([O]S(C)(=O)=O)[NH]c3ccccc3-c3cccc[c]32)c(C(C)C)c1,CS(C)=O,O,CS(C)=O,CS(C)=O,O,,,79200.0,0.0,0.0,100.0
O=C1NCCc2[nH]c(-c3ccnc(Br)c3)cc21,CC1(C)OB(c2cn(S(=O)(=O)c3ccccc3)c3ncccc23)OC1(C)C,,,,CC(C)(C)[PH](C(C)(C)C)(C(C)(C)C)[Pd]1([Cl])[NH]c2ccccc2-c2cccc[c]21,CS(C)=O,O,CS(C)=O,CS(C)=O,CCC(C)(C)O,,,79200.0,0.0,0.0,58.525821685791016
CCCc1nc2ccc(I)cc2c(=O)n1Cc1ccc(-c2ccccc2S(=O)(=O)NC(C)(C)C)cc1,CC1(C)OB(C2=CCCCC2)OC1(C)C,,,,CN(C)c1ccc([PH](C(C)(C)C)(C(C)(C)C)[Pd]2([O]S(C)(=O)=O)[NH]c3ccccc3-c3cccc[c]32)cc1,CS(C)=O,O,CS(C)=O,CS(C)=O,CCC(C)(C)O,,,79200.0,0.0,0.0,97.75445556640625
CN1C(=O)C[C@@](C)(c2cc(Br)cs2)N/C1=N/C(=O)OC(C)(C)C,CC1(C)OB(c2cn(S(=O)(=O)c3ccccc3)c3ncccc23)OC1(C)C,,,,CC(C)Oc1cccc(OC(C)C)c1-c1ccccc1[PH](C1CCCCC1)(C1CCCCC1)[Pd]1([O]S(C)(=O)=O)[NH]c2ccccc2-c2cccc[c]21,CS(C)=O,O,CS(C)=O,CS(C)=O,O,,,79200.0,0.0,0.0,85.25855255126953
CCn1c(=O)c2c(nc(N[C@@H]3CCC[C@H]3O)n2Cc2ccc(OC)c(Br)c2)n(CCO)c1=O,CC1(C)OB(c2cn(S(=O)(=O)c3ccccc3)c3ncccc23)OC1(C)C,,,,CN(C)c1ccc([PH](C(C)(C)C)(C(C)(C)C)[Pd]2([O]S(C)(=O)=O)[NH]c3ccccc3-c3cccc[c]32)cc1,CS(C)=O,O,CS(C)=O,CS(C)=O,CCC(C)(C)O,,,79200.0,0.0,0.0,88.5682373046875
CC(=O)NC(C)(C)[C@@H]1CC2(CCN(C(=O)OC(C)(C)C)CC2)c2cc(Cl)c(C)cc21,CC1(C)OB(c2cnc(-n3cccn3)nc2)OC1(C)C,,,,CC(C)c1cc(C(C)C)c(-c2ccccc2[PH](C(C)(C)C)(C(C)(C)C)[Pd]2([O]S(C)(=O)=O)[NH]c3ccccc3-c3cccc[c]32)c(C(C)C)c1,CS(C)=O,O,CS(C)=O,CS(C)=O,CS(C)=O,,,79200.0,0.0,0.0,0.0
Brc1ccc(-c2ccccc2)cn1,CC1(C)OB(C2=CCCCC2)OC1(C)C,,,,CC(C)(C)[PH](C(C)(C)C)(C(C)(C)C)[Pd]1([Cl])[NH]c2ccccc2-c2cccc[c]21,CS(C)=O,O,CS(C)=O,CS(C)=O,CCC(C)(C)O,,,79200.0,0.0,0.0,93.70091247558594
CCCc1nc2ccc(I)cc2c(=O)n1Cc1ccc(-c2ccccc2S(=O)(=O)NC(C)(C)C)cc1,O=C(NC1CCCC1)c1ccc(B(O)O)cc1,,,,CC(C)Oc1cccc(OC(C)C)c1-c1ccccc1[PH](C1CCCCC1)(C1CCCCC1)[Pd]1([O]S(C)(=O)=O)[NH]c2ccccc2-c2cccc[c]21,CS(C)=O,O,CS(C)=O,CS(C)=O,O,,,79200.0,0.0,0.0,3.3384199142456055
O=C(NCc1ccc(F)cc1)c1nc(Br)c2cccnc2c1O,CC1(C)OB(c2cccc(C3(NC(=O)OCc4ccccc4)CC3)c2)OC1(C)C,,,,CC(C)c1cc(C(C)C)c(-c2ccccc2[PH](C2CCCCC2)(C2CCCCC2)[Pd]2([O]S(C)(=O)=O)[NH]c3ccccc3-c3cccc[c]32)c(C(C)C)c1,CS(C)=O,O,CS(C)=O,CS(C)=O,O,,,79200.0,0.0,0.0,0.0
Brc1ccc(-c2ccccc2)cn1,CC1(C)OB(c2cnn(Cc3ccccc3)c2)OC1(C)C,,,,CN(C)c1ccc([PH](C(C)(C)C)(C(C)(C)C)[Pd]2([O]S(C)(=O)=O)[NH]c3ccccc3-c3cccc[c]32)cc1,CS(C)=O,O,CS(C)=O,CS(C)=O,CS(C)=O,,,79200.0,0.0,0.0,90.6482925415039
CCn1c(=O)c2c(nc(N[C@@H]3CCC[C@H]3O)n2Cc2ccc(OC)c(Br)c2)n(CCO)c1=O,Cc1cc(O)ccc1B1OC(C)(C)C(C)(C)O1,,,,CC(C)Oc1cccc(OC(C)C)c1-c1ccccc1[PH](C1CCCCC1)(C1CCCCC1)[Pd]1([O]S(C)(=O)=O)[NH]c2ccccc2-c2cccc[c]21,CS(C)=O,O,CS(C)=O,CS(C)=O,O,,,79200.0,0.0,0.0,100.0
CCOC(=O)N1CCC(=C2c3ccc(Cl)cc3CCc3cc(Br)cnc32)CC1,CN(C)c1ccc(B2OC(C)(C)C(C)(C)O2)cc1,,,,CC(C)c1cc(C(C)C)c(-c2ccccc2[PH](C(C)(C)C)(C(C)(C)C)[Pd]2([O]S(C)(=O)=O)[NH]c3ccccc3-c3cccc[c]32)c(C(C)C)c1,CS(C)=O,O,CS(C)=O,CS(C)=O,CS(C)=O,,,79200.0,0.0,0.0,54.0615348815918
O=C(Nc1ccccc1N1CCNCC1)c1csc(Br)n1,CC1(C)OB(c2cn(S(=O)(=O)c3ccccc3)c3ncccc23)OC1(C)C,,,,CC(C)c1cc(C(C)C)c(-c2ccccc2[PH](C2CCCCC2)(C2CCCCC2)[Pd]2([O]S(C)(=O)=O)[NH]c3ccccc3-c3cccc[c]32)c(C(C)C)c1,CS(C)=O,O,CS(C)=O,CS(C)=O,O,,,79200.0,0.0,0.0,21.860361099243164
Ic1c[nH]c2ncccc12,CC1(C)OB(c2cn(S(=O)(=O)c3ccccc3)c3ncccc23)OC1(C)C,,,,CC(C)Oc1cccc(OC(C)C)c1-c1ccccc1[PH](C1CCCCC1)(C1CCCCC1)[Pd]1([O]S(C)(=O)=O)[NH]c2ccccc2-c2cccc[c]21,CS(C)=O,O,CS(C)=O,CS(C)=O,O,,,79200.0,0.0,0.0,8.497040748596191
CN1C(=O)C[C@@](C)(c2cc(Br)cs2)N/C1=N/C(=O)OC(C)(C)C,CC1(C)OB(C2=CCCCC2)OC1(C)C,,,,CC(C)c1cc(C(C)C)c(-c2ccccc2[PH](C2CCCCC2)(C2CCCCC2)[Pd]2([O]S(C)(=O)=O)[NH]c3ccccc3-c3cccc[c]32)c(C(C)C)c1,CS(C)=O,O,CS(C)=O,CS(C)=O,O,,,79200.0,0.0,0.0,32.638648986816406
Brc1ccc(-c2ccccc2)cn1,O=C(NC1CCCC1)c1ccc(B(O)O)cc1,,,,CC(C)c1cc(C(C)C)c(-c2ccccc2[PH](C(C)(C)C)(C(C)(C)C)[Pd]2([O]S(C)(=O)=O)[NH]c3ccccc3-c3cccc[c]32)c(C(C)C)c1,CS(C)=O,O,CS(C)=O,CS(C)=O,CS(C)=O,,,79200.0,0.0,0.0,0.0
CN1C(=O)C[C@@](C)(c2cc(Br)cs2)N/C1=N/C(=O)OC(C)(C)C,CC1(C)OB(c2cccc(C3(NC(=O)OCc4ccccc4)CC3)c2)OC1(C)C,,,,CN(C)c1ccc([PH](C(C)(C)C)(C(C)(C)C)[Pd]2([O]S(C)(=O)=O)[NH]c3ccccc3-c3cccc[c]32)cc1,CS(C)=O,O,CS(C)=O,CS(C)=O,CCC(C)(C)O,,,79200.0,0.0,0.0,100.0
CN1C(=O)C[C@@](C)(c2cc(Br)cs2)N/C1=N/C(=O)OC(C)(C)C,CC1(C)OB(c2cnc(-n3cccn3)nc2)OC1(C)C,,,,CC(C)(C)[PH](C(C)(C)C)(C(C)(C)C)[Pd]1([Cl])[NH]c2ccccc2-c2cccc[c]21,CS(C)=O,O,CS(C)=O,CS(C)=O,CCC(C)(C)O,,,79200.0,0.0,0.0,41.24795150756836
O=C(NCc1ccc(F)cc1)c1nc(Br)c2cccnc2c1O,Cc1cc(O)ccc1B1OC(C)(C)C(C)(C)O1,,,,CN(C)c1ccc([PH](C(C)(C)C)(C(C)(C)C)[Pd]2([O]S(C)(=O)=O)[NH]c3ccccc3-c3cccc[c]32)cc1,CS(C)=O,O,CS(C)=O,CS(C)=O,CS(C)=O,,,79200.0,0.0,0.0,0.0
CCn1c(=O)c2c(nc(N[C@@H]3CCC[C@H]3O)n2Cc2ccc(OC)c(Br)c2)n(CCO)c1=O,CC1(C)OB(c2cn(S(=O)(=O)c3ccccc3)c3ncccc23)OC1(C)C,,,,CN(C)c1ccc([PH](C(C)(C)C)(C(C)(C)C)[Pd]2([O]S(C)(=O)=O)[NH]c3ccccc3-c3cccc[c]32)cc1,CS(C)=O,O,CS(C)=O,CS(C)=O,CS(C)=O,,,79200.0,0.0,0.0,15.37465763092041
CCn1c(=O)c2c(nc(N[C@@H]3CCC[C@H]3O)n2Cc2ccc(OC)c(Br)c2)n(CCO)c1=O,CC1(C)OB(c2cccc(C3(NC(=O)OCc4ccccc4)CC3)c2)OC1(C)C,,,,CN(C)c1ccc([PH](C(C)(C)C)(C(C)(C)C)[Pd]2([O]S(C)(=O)=O)[NH]c3ccccc3-c3cccc[c]32)cc1,CS(C)=O,O,CS(C)=O,CS(C)=O,CS(C)=O,,,79200.0,0.0,0.0,100.0
COC(=O)[C@@H]1C[C@@H](OC(=O)N2Cc3cccc(Br)c3C2)CN1C(=O)OCc1ccccc1,CC1(C)OB(c2cn(S(=O)(=O)c3ccccc3)c3ncccc23)OC1(C)C,,,,CC(C)c1cc(C(C)C)c(-c2ccccc2[PH](C(C)(C)C)(C(C)(C)C)[Pd]2([O]S(C)(=O)=O)[NH]c3ccccc3-c3cccc[c]32)c(C(C)C)c1,CS(C)=O,O,CS(C)=O,CS(C)=O,CS(C)=O,,,79200.0,0.0,0.0,82.57878112792969
Ic1c[nH]c2ncccc12,CC1(C)OB(c2ccc(-c3cnccn3)cc2)OC1(C)C,,,,CC(C)c1cc(C(C)C)c(-c2ccccc2[PH](C(C)(C)C)(C(C)(C)C)[Pd]2([O]S(C)(=O)=O)[NH]c3ccccc3-c3cccc[c]32)c(C(C)C)c1,CS(C)=O,O,CS(C)=O,CS(C)=O,CS(C)=O,,,79200.0,0.0,0.0,0.0
CN1C(=O)C[C@@](C)(c2cc(Br)cs2)N/C1=N/C(=O)OC(C)(C)C,CC1(C)OB(c2ccc(-c3cnccn3)cc2)OC1(C)C,,,,CN(C)c1ccc([PH](C(C)(C)C)(C(C)(C)C)[Pd]2([O]S(C)(=O)=O)[NH]c3ccccc3-c3cccc[c]32)cc1,CS(C)=O,O,CS(C)=O,CS(C)=O,CS(C)=O,,,79200.0,0.0,0.0,100.0
O=C1NCCc2[nH]c(-c3ccnc(Br)c3)cc21,CC1(C)OB(c2cnc(-n3cccn3)nc2)OC1(C)C,,,,CN(C)c1ccc([PH](C(C)(C)C)(C(C)(C)C)[Pd]2([O]S(C)(=O)=O)[NH]c3ccccc3-c3cccc[c]32)cc1,CS(C)=O,O,CS(C)=O,CS(C)=O,CCC(C)(C)O,,,79200.0,0.0,0.0,0.0
O=C(Nc1ccccc1N1CCNCC1)c1csc(Br)n1,CC1(C)OB(c2cnn(Cc3ccccc3)c2)OC1(C)C,,,,CC(C)c1cc(C(C)C)c(-c2ccccc2[PH](C2CCCCC2)(C2CCCCC2)[Pd]2([O]S(C)(=O)=O)[NH]c3ccccc3-c3cccc[c]32)c(C(C)C)c1,CS(C)=O,O,CS(C)=O,CS(C)=O,O,,,79200.0,0.0,0.0,100.0
O=C(Nc1ccccc1N1CCNCC1)c1csc(Br)n1,CC1(C)OB(c2cnc(-n3cccn3)nc2)OC1(C)C,,,,CC(C)c1cc(C(C)C)c(-c2ccccc2[PH](C2CCCCC2)(C2CCCCC2)[Pd]2([O]S(C)(=O)=O)[NH]c3ccccc3-c3cccc[c]32)c(C(C)C)c1,CS(C)=O,O,CS(C)=O,CS(C)=O,O,,,79200.0,0.0,0.0,0.0
O=C(Nc1ccccc1N1CCNCC1)c1csc(Br)n1,OB(O)c1cccnc1,,,,CC(C)Oc1cccc(OC(C)C)c1-c1ccccc1[PH](C1CCCCC1)(C1CCCCC1)[Pd]1([O]S(C)(=O)=O)[NH]c2ccccc2-c2cccc[c]21,CS(C)=O,O,CS(C)=O,CS(C)=O,O,,,79200.0,0.0,0.0,8.254429817199707
O=C(NCc1ccc(F)cc1)c1nc(Br)c2cccnc2c1O,CC1(C)OB(c2cccc(C3(NC(=O)OCc4ccccc4)CC3)c2)OC1(C)C,,,,CN(C)c1ccc([PH](C(C)(C)C)(C(C)(C)C)[Pd]2([O]S(C)(=O)=O)[NH]c3ccccc3-c3cccc[c]32)cc1,CS(C)=O,O,CS(C)=O,CS(C)=O,CCC(C)(C)O,,,79200.0,0.0,0.0,9.833601951599121
Brc1ccc(-c2ccccc2)cn1,CC1(C)OB(c2cn(S(=O)(=O)c3ccccc3)c3ncccc23)OC1(C)C,,,,CC(C)c1cc(C(C)C)c(-c2ccccc2[PH](C2CCCCC2)(C2CCCCC2)[Pd]2([O]S(C)(=O)=O)[NH]c3ccccc3-c3cccc[c]32)c(C(C)C)c1,CS(C)=O,O,CS(C)=O,CS(C)=O,O,,,79200.0,0.0,0.0,52.41863250732422
CC(=O)NC(C)(C)[C@@H]1CC2(CCN(C(=O)OC(C)(C)C)CC2)c2cc(Cl)c(C)cc21,CC1(C)OB(c2cccc(C3(NC(=O)OCc4ccccc4)CC3)c2)OC1(C)C,,,,CC(C)c1cc(C(C)C)c(-c2ccccc2[PH](C(C)(C)C)(C(C)(C)C)[Pd]2([O]S(C)(=O)=O)[NH]c3ccccc3-c3cccc[c]32)c(C(C)C)c1,CS(C)=O,O,CS(C)=O,CS(C)=O,CS(C)=O,,,79200.0,0.0,0.0,0.0
CN1C(=O)C[C@@](C)(c2cc(Br)cs2)N/C1=N/C(=O)OC(C)(C)C,CC1(C)OB(c2ccc(-c3cnccn3)cc2)OC1(C)C,,,,CC(C)c1cc(C(C)C)c(-c2ccccc2[PH](C2CCCCC2)(C2CCCCC2)[Pd]2([O]S(C)(=O)=O)[NH]c3ccccc3-c3cccc[c]32)c(C(C)C)c1,CS(C)=O,O,CS(C)=O,CS(C)=O,O,,,79200.0,0.0,0.0,100.0
CCCc1nc2ccc(I)cc2c(=O)n1Cc1ccc(-c2ccccc2S(=O)(=O)NC(C)(C)C)cc1,CC1(C)OB(c2cn(S(=O)(=O)c3ccccc3)c3ncccc23)OC1(C)C,,,,CN(C)c1ccc([PH](C(C)(C)C)(C(C)(C)C)[Pd]2([O]S(C)(=O)=O)[NH]c3ccccc3-c3cccc[c]32)cc1,CS(C)=O,O,CS(C)=O,CS(C)=O,CS(C)=O,,,79200.0,0.0,0.0,83.44953155517578
O=C(NCc1ccc(F)cc1)c1nc(Br)c2cccnc2c1O,CC1(C)OB(C2=CCCCC2)OC1(C)C,,,,CN(C)c1ccc([PH](C(C)(C)C)(C(C)(C)C)[Pd]2([O]S(C)(=O)=O)[NH]c3ccccc3-c3cccc[c]32)cc1,CS(C)=O,O,CS(C)=O,CS(C)=O,CS(C)=O,,,79200.0,0.0,0.0,0.0
COC(=O)[C@@H]1C[C@@H](OC(=O)N2Cc3cccc(Br)c3C2)CN1C(=O)OCc1ccccc1,CC1(C)OB(C2=CCCCC2)OC1(C)C,,,,CN(C)c1ccc([PH](C(C)(C)C)(C(C)(C)C)[Pd]2([O]S(C)(=O)=O)[NH]c3ccccc3-c3cccc[c]32)cc1,CS(C)=O,O,CS(C)=O,CS(C)=O,CS(C)=O,,,79200.0,0.0,0.0,19.934368133544922
COC(=O)[C@@H]1C[C@@H](OC(=O)N2Cc3cccc(Br)c3C2)CN1C(=O)OCc1ccccc1,Cc1cc(O)ccc1B1OC(C)(C)C(C)(C)O1,,,,CC(C)(C)[PH](C(C)(C)C)(C(C)(C)C)[Pd]1([Cl])[NH]c2ccccc2-c2cccc[c]21,CS(C)=O,O,CS(C)=O,CS(C)=O,CCC(C)(C)O,,,79200.0,0.0,0.0,90.38574981689453
O=C(NCc1ccc(F)cc1)c1nc(Br)c2cccnc2c1O,CC1(C)OB(c2ccc(-c3cnccn3)cc2)OC1(C)C,,,,CC(C)c1cc(C(C)C)c(-c2ccccc2[PH](C(C)(C)C)(C(C)(C)C)[Pd]2([O]S(C)(=O)=O)[NH]c3ccccc3-c3cccc[c]32)c(C(C)C)c1,CS(C)=O,O,CS(C)=O,CS(C)=O,CS(C)=O,,,79200.0,0.0,0.0,0.0
CC(=O)NC(C)(C)[C@@H]1CC2(CCN(C(=O)OC(C)(C)C)CC2)c2cc(Cl)c(C)cc21,CC1(C)OB(C2=CCCCC2)OC1(C)C,,,,CN(C)c1ccc([PH](C(C)(C)C)(C(C)(C)C)[Pd]2([O]S(C)(=O)=O)[NH]c3ccccc3-c3cccc[c]32)cc1,CS(C)=O,O,CS(C)=O,CS(C)=O,CS(C)=O,,,79200.0,0.0,0.0,0.0
CN1C(=O)C[C@@](C)(c2cc(Br)cs2)N/C1=N/C(=O)OC(C)(C)C,Cc1cc(O)ccc1B1OC(C)(C)C(C)(C)O1,,,,CC(C)c1cc(C(C)C)c(-c2ccccc2[PH](C(C)(C)C)(C(C)(C)C)[Pd]2([O]S(C)(=O)=O)[NH]c3ccccc3-c3cccc[c]32)c(C(C)C)c1,CS(C)=O,O,CS(C)=O,CS(C)=O,CS(C)=O,,,79200.0,0.0,0.0,0.0
COC(=O)[C@@H]1C[C@@H](OC(=O)N2Cc3cccc(Br)c3C2)CN1C(=O)OCc1ccccc1,CC1(C)OB(c2cnn(Cc3ccccc3)c2)OC1(C)C,,,,CC(C)(C)[PH](C(C)(C)C)(C(C)(C)C)[Pd]1([Cl])[NH]c2ccccc2-c2cccc[c]21,CS(C)=O,O,CS(C)=O,CS(C)=O,CCC(C)(C)O,,,79200.0,0.0,0.0,82.88710021972656
O=C(Nc1ccccc1N1CCNCC1)c1csc(Br)n1,CN(C)c1ccc(B2OC(C)(C)C(C)(C)O2)cc1,,,,CC(C)(C)[PH](C(C)(C)C)(C(C)(C)C)[Pd]1([Cl])[NH]c2ccccc2-c2cccc[c]21,CS(C)=O,O,CS(C)=O,CS(C)=O,CCC(C)(C)O,,,79200.0,0.0,0.0,0.0
Ic1c[nH]c2ncccc12,CC1(C)OB(c2cccc(C3(NC(=O)OCc4ccccc4)CC3)c2)OC1(C)C,,,,CN(C)c1ccc([PH](C(C)(C)C)(C(C)(C)C)[Pd]2([O]S(C)(=O)=O)[NH]c3ccccc3-c3cccc[c]32)cc1,CS(C)=O,O,CS(C)=O,CS(C)=O,CCC(C)(C)O,,,79200.0,0.0,0.0,0.0
COC(=O)[C@@H]1C[C@@H](OC(=O)N2Cc3cccc(Br)c3C2)CN1C(=O)OCc1ccccc1,CC1(C)OB(C2=CCCCC2)OC1(C)C,,,,CN(C)c1ccc([PH](C(C)(C)C)(C(C)(C)C)[Pd]2([O]S(C)(=O)=O)[NH]c3ccccc3-c3cccc[c]32)cc1,CS(C)=O,O,CS(C)=O,CS(C)=O,CCC(C)(C)O,,,79200.0,0.0,0.0,60.57157516479492
CC(=O)NC(C)(C)[C@@H]1CC2(CCN(C(=O)OC(C)(C)C)CC2)c2cc(Cl)c(C)cc21,CC1(C)OB(c2cn(S(=O)(=O)c3ccccc3)c3ncccc23)OC1(C)C,,,,CC(C)Oc1cccc(OC(C)C)c1-c1ccccc1[PH](C1CCCCC1)(C1CCCCC1)[Pd]1([O]S(C)(=O)=O)[NH]c2ccccc2-c2cccc[c]21,CS(C)=O,O,CS(C)=O,CS(C)=O,O,,,79200.0,0.0,0.0,100.0
O=C(NCc1ccc(F)cc1)c1nc(Br)c2cccnc2c1O,Cc1cc(O)ccc1B1OC(C)(C)C(C)(C)O1,,,,CC(C)c1cc(C(C)C)c(-c2ccccc2[PH](C(C)(C)C)(C(C)(C)C)[Pd]2([O]S(C)(=O)=O)[NH]c3ccccc3-c3cccc[c]32)c(C(C)C)c1,CS(C)=O,O,CS(C)=O,CS(C)=O,CS(C)=O,,,79200.0,0.0,0.0,0.0
CCn1c(=O)c2c(nc(N[C@@H]3CCC[C@H]3O)n2Cc2ccc(OC)c(Br)c2)n(CCO)c1=O,CC1(C)OB(c2ccc(-c3cnccn3)cc2)OC1(C)C,,,,CN(C)c1ccc([PH](C(C)(C)C)(C(C)(C)C)[Pd]2([O]S(C)(=O)=O)[NH]c3ccccc3-c3cccc[c]32)cc1,CS(C)=O,O,CS(C)=O,CS(C)=O,CS(C)=O,,,79200.0,0.0,0.0,100.0
O=C(NCc1ccc(F)cc1)c1nc(Br)c2cccnc2c1O,CC1(C)OB(c2cnn(Cc3ccccc3)c2)OC1(C)C,,,,CC(C)c1cc(C(C)C)c(-c2ccccc2[PH](C(C)(C)C)(C(C)(C)C)[Pd]2([O]S(C)(=O)=O)[NH]c3ccccc3-c3cccc[c]32)c(C(C)C)c1,CS(C)=O,O,CS(C)=O,CS(C)=O,CS(C)=O,,,79200.0,0.0,0.0,0.0
CCCc1nc2ccc(I)cc2c(=O)n1Cc1ccc(-c2ccccc2S(=O)(=O)NC(C)(C)C)cc1,CN(C)c1ccc(B2OC(C)(C)C(C)(C)O2)cc1,,,,CN(C)c1ccc([PH](C(C)(C)C)(C(C)(C)C)[Pd]2([O]S(C)(=O)=O)[NH]c3ccccc3-c3cccc[c]32)cc1,CS(C)=O,O,CS(C)=O,CS(C)=O,CS(C)=O,,,79200.0,0.0,0.0,82.31455993652344
Ic1c[nH]c2ncccc12,OB(O)c1cccnc1,,,,CN(C)c1ccc([PH](C(C)(C)C)(C(C)(C)C)[Pd]2([O]S(C)(=O)=O)[NH]c3ccccc3-c3cccc[c]32)cc1,CS(C)=O,O,CS(C)=O,CS(C)=O,CS(C)=O,,,79200.0,0.0,0.0,0.0
O=C(NCc1ccc(F)cc1)c1nc(Br)c2cccnc2c1O,O=C(NC1CCCC1)c1ccc(B(O)O)cc1,,,,CC(C)(C)[PH](C(C)(C)C)(C(C)(C)C)[Pd]1([Cl])[NH]c2ccccc2-c2cccc[c]21,CS(C)=O,O,CS(C)=O,CS(C)=O,CCC(C)(C)O,,,79200.0,0.0,0.0,43.18174743652344
CC(=O)NC(C)(C)[C@@H]1CC2(CCN(C(=O)OC(C)(C)C)CC2)c2cc(Cl)c(C)cc21,OB(O)c1cccnc1,,,,CN(C)c1ccc([PH](C(C)(C)C)(C(C)(C)C)[Pd]2([O]S(C)(=O)=O)[NH]c3ccccc3-c3cccc[c]32)cc1,CS(C)=O,O,CS(C)=O,CS(C)=O,CS(C)=O,,,79200.0,0.0,0.0,0.0
O=C(NCc1ccc(F)cc1)c1nc(Br)c2cccnc2c1O,CC1(C)OB(c2ccc(-c3cnccn3)cc2)OC1(C)C,,,,CC(C)(C)[PH](C(C)(C)C)(C(C)(C)C)[Pd]1([Cl])[NH]c2ccccc2-c2cccc[c]21,CS(C)=O,O,CS(C)=O,CS(C)=O,CCC(C)(C)O,,,79200.0,0.0,0.0,0.0
O=C1NCCc2[nH]c(-c3ccnc(Br)c3)cc21,O=C(NC1CCCC1)c1ccc(B(O)O)cc1,,,,CC(C)c1cc(C(C)C)c(-c2ccccc2[PH](C2CCCCC2)(C2CCCCC2)[Pd]2([O]S(C)(=O)=O)[NH]c3ccccc3-c3cccc[c]32)c(C(C)C)c1,CS(C)=O,O,CS(C)=O,CS(C)=O,O,,,79200.0,0.0,0.0,91.81232452392578
Brc1ccc(-c2ccccc2)cn1,CC1(C)OB(c2cccc(C3(NC(=O)OCc4ccccc4)CC3)c2)OC1(C)C,,,,CC(C)c1cc(C(C)C)c(-c2ccccc2[PH](C2CCCCC2)(C2CCCCC2)[Pd]2([O]S(C)(=O)=O)[NH]c3ccccc3-c3cccc[c]32)c(C(C)C)c1,CS(C)=O,O,CS(C)=O,CS(C)=O,O,,,79200.0,0.0,0.0,44.53852081298828
CC(=O)NC(C)(C)[C@@H]1CC2(CCN(C(=O)OC(C)(C)C)CC2)c2cc(Cl)c(C)cc21,O=C(NC1CCCC1)c1ccc(B(O)O)cc1,,,,CN(C)c1ccc([PH](C(C)(C)C)(C(C)(C)C)[Pd]2([O]S(C)(=O)=O)[NH]c3ccccc3-c3cccc[c]32)cc1,CS(C)=O,O,CS(C)=O,CS(C)=O,CS(C)=O,,,79200.0,0.0,0.0,0.0
CCCc1nc2ccc(I)cc2c(=O)n1Cc1ccc(-c2ccccc2S(=O)(=O)NC(C)(C)C)cc1,CC1(C)OB(C2=CCCCC2)OC1(C)C,,,,CC(C)c1cc(C(C)C)c(-c2ccccc2[PH](C2CCCCC2)(C2CCCCC2)[Pd]2([O]S(C)(=O)=O)[NH]c3ccccc3-c3cccc[c]32)c(C(C)C)c1,CS(C)=O,O,CS(C)=O,CS(C)=O,O,,,79200.0,0.0,0.0,9.470264434814453
CCn1c(=O)c2c(nc(N[C@@H]3CCC[C@H]3O)n2Cc2ccc(OC)c(Br)c2)n(CCO)c1=O,CC1(C)OB(c2cn(S(=O)(=O)c3ccccc3)c3ncccc23)OC1(C)C,,,,CC(C)c1cc(C(C)C)c(-c2ccccc2[PH](C2CCCCC2)(C2CCCCC2)[Pd]2([O]S(C)(=O)=O)[NH]c3ccccc3-c3cccc[c]32)c(C(C)C)c1,CS(C)=O,O,CS(C)=O,CS(C)=O,O,,,79200.0,0.0,0.0,88.53376007080078
O=C1NCCc2[nH]c(-c3ccnc(Br)c3)cc21,Cc1cc(O)ccc1B1OC(C)(C)C(C)(C)O1,,,,CC(C)Oc1cccc(OC(C)C)c1-c1ccccc1[PH](C1CCCCC1)(C1CCCCC1)[Pd]1([O]S(C)(=O)=O)[NH]c2ccccc2-c2cccc[c]21,CS(C)=O,O,CS(C)=O,CS(C)=O,O,,,79200.0,0.0,0.0,36.94461441040039
COC(=O)[C@@H]1C[C@@H](OC(=O)N2Cc3cccc(Br)c3C2)CN1C(=O)OCc1ccccc1,CC1(C)OB(c2ccc(-c3cnccn3)cc2)OC1(C)C,,,,CC(C)c1cc(C(C)C)c(-c2ccccc2[PH](C(C)(C)C)(C(C)(C)C)[Pd]2([O]S(C)(=O)=O)[NH]c3ccccc3-c3cccc[c]32)c(C(C)C)c1,CS(C)=O,O,CS(C)=O,CS(C)=O,CS(C)=O,,,79200.0,0.0,0.0,100.0
COC(=O)[C@@H]1C[C@@H](OC(=O)N2Cc3cccc(Br)c3C2)CN1C(=O)OCc1ccccc1,CC1(C)OB(c2ccc(-c3cnccn3)cc2)OC1(C)C,,,,CC(C)c1cc(C(C)C)c(-c2ccccc2[PH](C2CCCCC2)(C2CCCCC2)[Pd]2([O]S(C)(=O)=O)[NH]c3ccccc3-c3cccc[c]32)c(C(C)C)c1,CS(C)=O,O,CS(C)=O,CS(C)=O,O,,,79200.0,0.0,0.0,95.55774688720703
CCn1c(=O)c2c(nc(N[C@@H]3CCC[C@H]3O)n2Cc2ccc(OC)c(Br)c2)n(CCO)c1=O,CC1(C)OB(C2=CCCCC2)OC1(C)C,,,,CC(C)Oc1cccc(OC(C)C)c1-c1ccccc1[PH](C1CCCCC1)(C1CCCCC1)[Pd]1([O]S(C)(=O)=O)[NH]c2ccccc2-c2cccc[c]21,CS(C)=O,O,CS(C)=O,CS(C)=O,O,,,79200.0,0.0,0.0,94.03441619873047
Brc1ccc(-c2ccccc2)cn1,CC1(C)OB(C2=CCCCC2)OC1(C)C,,,,CC(C)(C)[PH](C(C)(C)C)(C(C)(C)C)[Pd]1([Cl])[NH]c2ccccc2-c2cccc[c]21,CS(C)=O,O,CS(C)=O,CS(C)=O,CCC(C)(C)O,,,79200.0,0.0,0.0,95.57679748535156
CCOC(=O)N1CCC(=C2c3ccc(Cl)cc3CCc3cc(Br)cnc32)CC1,CC1(C)OB(c2cnc(-n3cccn3)nc2)OC1(C)C,,,,CC(C)(C)[PH](C(C)(C)C)(C(C)(C)C)[Pd]1([Cl])[NH]c2ccccc2-c2cccc[c]21,CS(C)=O,O,CS(C)=O,CS(C)=O,CCC(C)(C)O,,,79200.0,0.0,0.0,10.316083908081055
CCCc1nc2ccc(I)cc2c(=O)n1Cc1ccc(-c2ccccc2S(=O)(=O)NC(C)(C)C)cc1,CC1(C)OB(c2cnc(-n3cccn3)nc2)OC1(C)C,,,,CC(C)(C)[PH](C(C)(C)C)(C(C)(C)C)[Pd]1([Cl])[NH]c2ccccc2-c2cccc[c]21,CS(C)=O,O,CS(C)=O,CS(C)=O,CCC(C)(C)O,,,79200.0,0.0,0.0,32.0713996887207
CCCc1nc2ccc(I)cc2c(=O)n1Cc1ccc(-c2ccccc2S(=O)(=O)NC(C)(C)C)cc1,O=C(NC1CCCC1)c1ccc(B(O)O)cc1,,,,CC(C)Oc1cccc(OC(C)C)c1-c1ccccc1[PH](C1CCCCC1)(C1CCCCC1)[Pd]1([O]S(C)(=O)=O)[NH]c2ccccc2-c2cccc[c]21,CS(C)=O,O,CS(C)=O,CS(C)=O,O,,,79200.0,0.0,0.0,4.562788963317871
CCOC(=O)N1CCC(=C2c3ccc(Cl)cc3CCc3cc(Br)cnc32)CC1,O=C(NC1CCCC1)c1ccc(B(O)O)cc1,,,,CC(C)c1cc(C(C)C)c(-c2ccccc2[PH](C2CCCCC2)(C2CCCCC2)[Pd]2([O]S(C)(=O)=O)[NH]c3ccccc3-c3cccc[c]32)c(C(C)C)c1,CS(C)=O,O,CS(C)=O,CS(C)=O,O,,,79200.0,0.0,0.0,96.12036895751953
Brc1ccc(-c2ccccc2)cn1,CC1(C)OB(c2cn(S(=O)(=O)c3ccccc3)c3ncccc23)OC1(C)C,,,,CC(C)(C)[PH](C(C)(C)C)(C(C)(C)C)[Pd]1([Cl])[NH]c2ccccc2-c2cccc[c]21,CS(C)=O,O,CS(C)=O,CS(C)=O,CCC(C)(C)O,,,79200.0,0.0,0.0,51.59299087524414
Ic1c[nH]c2ncccc12,CC1(C)OB(C2=CCCCC2)OC1(C)C,,,,CC(C)Oc1cccc(OC(C)C)c1-c1ccccc1[PH](C1CCCCC1)(C1CCCCC1)[Pd]1([O]S(C)(=O)=O)[NH]c2ccccc2-c2cccc[c]21,CS(C)=O,O,CS(C)=O,CS(C)=O,O,,,79200.0,0.0,0.0,0.0
CCn1c(=O)c2c(nc(N[C@@H]3CCC[C@H]3O)n2Cc2ccc(OC)c(Br)c2)n(CCO)c1=O,CC1(C)OB(c2cn(S(=O)(=O)c3ccccc3)c3ncccc23)OC1(C)C,,,,CC(C)(C)[PH](C(C)(C)C)(C(C)(C)C)[Pd]1([Cl])[NH]c2ccccc2-c2cccc[c]21,CS(C)=O,O,CS(C)=O,CS(C)=O,CCC(C)(C)O,,,79200.0,0.0,0.0,90.0862808227539
O=C(Nc1ccccc1N1CCNCC1)c1csc(Br)n1,CC1(C)OB(C2=CCCCC2)OC1(C)C,,,,CC(C)c1cc(C(C)C)c(-c2ccccc2[PH](C(C)(C)C)(C(C)(C)C)[Pd]2([O]S(C)(=O)=O)[NH]c3ccccc3-c3cccc[c]32)c(C(C)C)c1,CS(C)=O,O,CS(C)=O,CS(C)=O,CS(C)=O,,,79200.0,0.0,0.0,7.798916339874268
CCn1c(=O)c2c(nc(N[C@@H]3CCC[C@H]3O)n2Cc2ccc(OC)c(Br)c2)n(CCO)c1=O,CC1(C)OB(C2=CCCCC2)OC1(C)C,,,,CN(C)c1ccc([PH](C(C)(C)C)(C(C)(C)C)[Pd]2([O]S(C)(=O)=O)[NH]c3ccccc3-c3cccc[c]32)cc1,CS(C)=O,O,CS(C)=O,CS(C)=O,CCC(C)(C)O,,,79200.0,0.0,0.0,95.5255126953125
COC(=O)[C@@H]1C[C@@H](OC(=O)N2Cc3cccc(Br)c3C2)CN1C(=O)OCc1ccccc1,CC1(C)OB(c2cccc(C3(NC(=O)OCc4ccccc4)CC3)c2)OC1(C)C,,,,CC(C)Oc1cccc(OC(C)C)c1-c1ccccc1[PH](C1CCCCC1)(C1CCCCC1)[Pd]1([O]S(C)(=O)=O)[NH]c2ccccc2-c2cccc[c]21,CS(C)=O,O,CS(C)=O,CS(C)=O,O,,,79200.0,0.0,0.0,70.74974822998047
O=C(Nc1ccccc1N1CCNCC1)c1csc(Br)n1,Cc1cc(O)ccc1B1OC(C)(C)C(C)(C)O1,,,,CC(C)Oc1cccc(OC(C)C)c1-c1ccccc1[PH](C1CCCCC1)(C1CCCCC1)[Pd]1([O]S(C)(=O)=O)[NH]c2ccccc2-c2cccc[c]21,CS(C)=O,O,CS(C)=O,CS(C)=O,O,,,79200.0,0.0,0.0,5.751429557800293
CN1C(=O)C[C@@](C)(c2cc(Br)cs2)N/C1=N/C(=O)OC(C)(C)C,CC1(C)OB(C2=CCCCC2)OC1(C)C,,,,CC(C)c1cc(C(C)C)c(-c2ccccc2[PH](C(C)(C)C)(C(C)(C)C)[Pd]2([O]S(C)(=O)=O)[NH]c3ccccc3-c3cccc[c]32)c(C(C)C)c1,CS(C)=O,O,CS(C)=O,CS(C)=O,CS(C)=O,,,79200.0,0.0,0.0,6.00122594833374
CCn1c(=O)c2c(nc(N[C@@H]3CCC[C@H]3O)n2Cc2ccc(OC)c(Br)c2)n(CCO)c1=O,CC1(C)OB(c2cnc(-n3cccn3)nc2)OC1(C)C,,,,CC(C)c1cc(C(C)C)c(-c2ccccc2[PH](C(C)(C)C)(C(C)(C)C)[Pd]2([O]S(C)(=O)=O)[NH]c3ccccc3-c3cccc[c]32)c(C(C)C)c1,CS(C)=O,O,CS(C)=O,CS(C)=O,CS(C)=O,,,79200.0,0.0,0.0,55.99520492553711
CC(=O)NC(C)(C)[C@@H]1CC2(CCN(C(=O)OC(C)(C)C)CC2)c2cc(Cl)c(C)cc21,CC1(C)OB(c2cnc(-n3cccn3)nc2)OC1(C)C,,,,CC(C)Oc1cccc(OC(C)C)c1-c1ccccc1[PH](C1CCCCC1)(C1CCCCC1)[Pd]1([O]S(C)(=O)=O)[NH]c2ccccc2-c2cccc[c]21,CS(C)=O,O,CS(C)=O,CS(C)=O,O,,,79200.0,0.0,0.0,0.0
CN1C(=O)C[C@@](C)(c2cc(Br)cs2)N/C1=N/C(=O)OC(C)(C)C,Cc1cc(O)ccc1B1OC(C)(C)C(C)(C)O1,,,,CC(C)c1cc(C(C)C)c(-c2ccccc2[PH](C2CCCCC2)(C2CCCCC2)[Pd]2([O]S(C)(=O)=O)[NH]c3ccccc3-c3cccc[c]32)c(C(C)C)c1,CS(C)=O,O,CS(C)=O,CS(C)=O,O,,,79200.0,0.0,0.0,95.15147399902344
CCCc1nc2ccc(I)cc2c(=O)n1Cc1ccc(-c2ccccc2S(=O)(=O)NC(C)(C)C)cc1,CN(C)c1ccc(B2OC(C)(C)C(C)(C)O2)cc1,,,,CC(C)c1cc(C(C)C)c(-c2ccccc2[PH](C2CCCCC2)(C2CCCCC2)[Pd]2([O]S(C)(=O)=O)[NH]c3ccccc3-c3cccc[c]32)c(C(C)C)c1,CS(C)=O,O,CS(C)=O,CS(C)=O,O,,,79200.0,0.0,0.0,11.229928970336914
COC(=O)[C@@H]1C[C@@H](OC(=O)N2Cc3cccc(Br)c3C2)CN1C(=O)OCc1ccccc1,CC1(C)OB(C2=CCCCC2)OC1(C)C,,,,CC(C)c1cc(C(C)C)c(-c2ccccc2[PH](C2CCCCC2)(C2CCCCC2)[Pd]2([O]S(C)(=O)=O)[NH]c3ccccc3-c3cccc[c]32)c(C(C)C)c1,CS(C)=O,O,CS(C)=O,CS(C)=O,O,,,79200.0,0.0,0.0,0.0
CCOC(=O)N1CCC(=C2c3ccc(Cl)cc3CCc3cc(Br)cnc32)CC1,CC1(C)OB(c2cccc(C3(NC(=O)OCc4ccccc4)CC3)c2)OC1(C)C,,,,CC(C)c1cc(C(C)C)c(-c2ccccc2[PH](C(C)(C)C)(C(C)(C)C)[Pd]2([O]S(C)(=O)=O)[NH]c3ccccc3-c3cccc[c]32)c(C(C)C)c1,CS(C)=O,O,CS(C)=O,CS(C)=O,CS(C)=O,,,79200.0,0.0,0.0,100.0
CN1C(=O)C[C@@](C)(c2cc(Br)cs2)N/C1=N/C(=O)OC(C)(C)C,CC1(C)OB(c2cn(S(=O)(=O)c3ccccc3)c3ncccc23)OC1(C)C,,,,CN(C)c1ccc([PH](C(C)(C)C)(C(C)(C)C)[Pd]2([O]S(C)(=O)=O)[NH]c3ccccc3-c3cccc[c]32)cc1,CS(C)=O,O,CS(C)=O,CS(C)=O,CCC(C)(C)O,,,79200.0,0.0,0.0,56.989166259765625
O=C(Nc1ccccc1N1CCNCC1)c1csc(Br)n1,OB(O)c1cccnc1,,,,CN(C)c1ccc([PH](C(C)(C)C)(C(C)(C)C)[Pd]2([O]S(C)(=O)=O)[NH]c3ccccc3-c3cccc[c]32)cc1,CS(C)=O,O,CS(C)=O,CS(C)=O,CCC(C)(C)O,,,79200.0,0.0,0.0,0.0
Ic1c[nH]c2ncccc12,O=C(NC1CCCC1)c1ccc(B(O)O)cc1,,,,CC(C)c1cc(C(C)C)c(-c2ccccc2[PH](C(C)(C)C)(C(C)(C)C)[Pd]2([O]S(C)(=O)=O)[NH]c3ccccc3-c3cccc[c]32)c(C(C)C)c1,CS(C)=O,O,CS(C)=O,CS(C)=O,CS(C)=O,,,79200.0,0.0,0.0,0.0
CCOC(=O)N1CCC(=C2c3ccc(Cl)cc3CCc3cc(Br)cnc32)CC1,Cc1cc(O)ccc1B1OC(C)(C)C(C)(C)O1,,,,CC(C)Oc1cccc(OC(C)C)c1-c1ccccc1[PH](C1CCCCC1)(C1CCCCC1)[Pd]1([O]S(C)(=O)=O)[NH]c2ccccc2-c2cccc[c]21,CS(C)=O,O,CS(C)=O,CS(C)=O,O,,,79200.0,0.0,0.0,96.19566345214844
CC(=O)NC(C)(C)[C@@H]1CC2(CCN(C(=O)OC(C)(C)C)CC2)c2cc(Cl)c(C)cc21,Cc1cc(O)ccc1B1OC(C)(C)C(C)(C)O1,,,,CN(C)c1ccc([PH](C(C)(C)C)(C(C)(C)C)[Pd]2([O]S(C)(=O)=O)[NH]c3ccccc3-c3cccc[c]32)cc1,CS(C)=O,O,CS(C)=O,CS(C)=O,CCC(C)(C)O,,,79200.0,0.0,0.0,0.0
O=C(NCc1ccc(F)cc1)c1nc(Br)c2cccnc2c1O,CC1(C)OB(c2ccc(-c3cnccn3)cc2)OC1(C)C,,,,CN(C)c1ccc([PH](C(C)(C)C)(C(C)(C)C)[Pd]2([O]S(C)(=O)=O)[NH]c3ccccc3-c3cccc[c]32)cc1,CS(C)=O,O,CS(C)=O,CS(C)=O,CCC(C)(C)O,,,79200.0,0.0,0.0,0.0
O=C1NCCc2[nH]c(-c3ccnc(Br)c3)cc21,CN(C)c1ccc(B2OC(C)(C)C(C)(C)O2)cc1,,,,CN(C)c1ccc([PH](C(C)(C)C)(C(C)(C)C)[Pd]2([O]S(C)(=O)=O)[NH]c3ccccc3-c3cccc[c]32)cc1,CS(C)=O,O,CS(C)=O,CS(C)=O,CS(C)=O,,,79200.0,0.0,0.0,4.778194427490234
COC(=O)[C@@H]1C[C@@H](OC(=O)N2Cc3cccc(Br)c3C2)CN1C(=O)OCc1ccccc1,CC1(C)OB(C2=CCCCC2)OC1(C)C,,,,CC(C)(C)[PH](C(C)(C)C)(C(C)(C)C)[Pd]1([Cl])[NH]c2ccccc2-c2cccc[c]21,CS(C)=O,O,CS(C)=O,CS(C)=O,CCC(C)(C)O,,,79200.0,0.0,0.0,64.07414245605469
O=C(Nc1ccccc1N1CCNCC1)c1csc(Br)n1,CC1(C)OB(c2ccc(-c3cnccn3)cc2)OC1(C)C,,,,CC(C)Oc1cccc(OC(C)C)c1-c1ccccc1[PH](C1CCCCC1)(C1CCCCC1)[Pd]1([O]S(C)(=O)=O)[NH]c2ccccc2-c2cccc[c]21,CS(C)=O,O,CS(C)=O,CS(C)=O,O,,,79200.0,0.0,0.0,0.0
COC(=O)[C@@H]1C[C@@H](OC(=O)N2Cc3cccc(Br)c3C2)CN1C(=O)OCc1ccccc1,CC1(C)OB(c2ccc(-c3cnccn3)cc2)OC1(C)C,,,,CC(C)Oc1cccc(OC(C)C)c1-c1ccccc1[PH](C1CCCCC1)(C1CCCCC1)[Pd]1([O]S(C)(=O)=O)[NH]c2ccccc2-c2cccc[c]21,CS(C)=O,O,CS(C)=O,CS(C)=O,O,,,79200.0,0.0,0.0,98.54898071289062
Brc1ccc(-c2ccccc2)cn1,OB(O)c1cccnc1,,,,CN(C)c1ccc([PH](C(C)(C)C)(C(C)(C)C)[Pd]2([O]S(C)(=O)=O)[NH]c3ccccc3-c3cccc[c]32)cc1,CS(C)=O,O,CS(C)=O,CS(C)=O,CCC(C)(C)O,,,79200.0,0.0,0.0,54.761714935302734
Brc1ccc(-c2ccccc2)cn1,CC1(C)OB(c2cn(S(=O)(=O)c3ccccc3)c3ncccc23)OC1(C)C,,,,CC(C)c1cc(C(C)C)c(-c2ccccc2[PH](C(C)(C)C)(C(C)(C)C)[Pd]2([O]S(C)(=O)=O)[NH]c3ccccc3-c3cccc[c]32)c(C(C)C)c1,CS(C)=O,O,CS(C)=O,CS(C)=O,CS(C)=O,,,79200.0,0.0,0.0,0.0
CN1C(=O)C[C@@](C)(c2cc(Br)cs2)N/C1=N/C(=O)OC(C)(C)C,OB(O)c1cccnc1,,,,CC(C)Oc1cccc(OC(C)C)c1-c1ccccc1[PH](C1CCCCC1)(C1CCCCC1)[Pd]1([O]S(C)(=O)=O)[NH]c2ccccc2-c2cccc[c]21,CS(C)=O,O,CS(C)=O,CS(C)=O,O,,,79200.0,0.0,0.0,17.510404586791992
Ic1c[nH]c2ncccc12,CN(C)c1ccc(B2OC(C)(C)C(C)(C)O2)cc1,,,,CN(C)c1ccc([PH](C(C)(C)C)(C(C)(C)C)[Pd]2([O]S(C)(=O)=O)[NH]c3ccccc3-c3cccc[c]32)cc1,CS(C)=O,O,CS(C)=O,CS(C)=O,CCC(C)(C)O,,,79200.0,0.0,0.0,0.0
CCOC(=O)N1CCC(=C2c3ccc(Cl)cc3CCc3cc(Br)cnc32)CC1,CC1(C)OB(c2cnc(-n3cccn3)nc2)OC1(C)C,,,,CN(C)c1ccc([PH](C(C)(C)C)(C(C)(C)C)[Pd]2([O]S(C)(=O)=O)[NH]c3ccccc3-c3cccc[c]32)cc1,CS(C)=O,O,CS(C)=O,CS(C)=O,CS(C)=O,,,79200.0,0.0,0.0,3.9019253253936768
O=C1NCCc2[nH]c(-c3ccnc(Br)c3)cc21,CC1(C)OB(c2cnc(-n3cccn3)nc2)OC1(C)C,,,,CC(C)(C)[PH](C(C)(C)C)(C(C)(C)C)[Pd]1([Cl])[NH]c2ccccc2-c2cccc[c]21,CS(C)=O,O,CS(C)=O,CS(C)=O,CCC(C)(C)O,,,79200.0,0.0,0.0,0.0
CCCc1nc2ccc(I)cc2c(=O)n1Cc1ccc(-c2ccccc2S(=O)(=O)NC(C)(C)C)cc1,CC1(C)OB(c2cnn(Cc3ccccc3)c2)OC1(C)C,,,,CN(C)c1ccc([PH](C(C)(C)C)(C(C)(C)C)[Pd]2([O]S(C)(=O)=O)[NH]c3ccccc3-c3cccc[c]32)cc1,CS(C)=O,O,CS(C)=O,CS(C)=O,CS(C)=O,,,79200.0,0.0,0.0,100.0
O=C(Nc1ccccc1N1CCNCC1)c1csc(Br)n1,O=C(NC1CCCC1)c1ccc(B(O)O)cc1,,,,CN(C)c1ccc([PH](C(C)(C)C)(C(C)(C)C)[Pd]2([O]S(C)(=O)=O)[NH]c3ccccc3-c3cccc[c]32)cc1,CS(C)=O,O,CS(C)=O,CS(C)=O,CS(C)=O,,,79200.0,0.0,0.0,0.0
O=C(NCc1ccc(F)cc1)c1nc(Br)c2cccnc2c1O,CC1(C)OB(c2cccc(C3(NC(=O)OCc4ccccc4)CC3)c2)OC1(C)C,,,,CC(C)(C)[PH](C(C)(C)C)(C(C)(C)C)[Pd]1([Cl])[NH]c2ccccc2-c2cccc[c]21,CS(C)=O,O,CS(C)=O,CS(C)=O,CCC(C)(C)O,,,79200.0,0.0,0.0,0.0
CN1C(=O)C[C@@](C)(c2cc(Br)cs2)N/C1=N/C(=O)OC(C)(C)C,CC1(C)OB(c2cnn(Cc3ccccc3)c2)OC1(C)C,,,,CC(C)c1cc(C(C)C)c(-c2ccccc2[PH](C(C)(C)C)(C(C)(C)C)[Pd]2([O]S(C)(=O)=O)[NH]c3ccccc3-c3cccc[c]32)c(C(C)C)c1,CS(C)=O,O,CS(C)=O,CS(C)=O,CS(C)=O,,,79200.0,0.0,0.0,12.4593505859375
CCn1c(=O)c2c(nc(N[C@@H]3CCC[C@H]3O)n2Cc2ccc(OC)c(Br)c2)n(CCO)c1=O,O=C(NC1CCCC1)c1ccc(B(O)O)cc1,,,,CC(C)(C)[PH](C(C)(C)C)(C(C)(C)C)[Pd]1([Cl])[NH]c2ccccc2-c2cccc[c]21,CS(C)=O,O,CS(C)=O,CS(C)=O,CCC(C)(C)O,,,79200.0,0.0,0.0,89.73731231689453
CCCc1nc2ccc(I)cc2c(=O)n1Cc1ccc(-c2ccccc2S(=O)(=O)NC(C)(C)C)cc1,CC1(C)OB(c2cnn(Cc3ccccc3)c2)OC1(C)C,,,,CN(C)c1ccc([PH](C(C)(C)C)(C(C)(C)C)[Pd]2([O]S(C)(=O)=O)[NH]c3ccccc3-c3cccc[c]32)cc1,CS(C)=O,O,CS(C)=O,CS(C)=O,CCC(C)(C)O,,,79200.0,0.0,0.0,100.0
Ic1c[nH]c2ncccc12,Cc1cc(O)ccc1B1OC(C)(C)C(C)(C)O1,,,,CN(C)c1ccc([PH](C(C)(C)C)(C(C)(C)C)[Pd]2([O]S(C)(=O)=O)[NH]c3ccccc3-c3cccc[c]32)cc1,CS(C)=O,O,CS(C)=O,CS(C)=O,CS(C)=O,,,79200.0,0.0,0.0,0.0
O=C(Nc1ccccc1N1CCNCC1)c1csc(Br)n1,OB(O)c1cccnc1,,,,CC(C)Oc1cccc(OC(C)C)c1-c1ccccc1[PH](C1CCCCC1)(C1CCCCC1)[Pd]1([O]S(C)(=O)=O)[NH]c2ccccc2-c2cccc[c]21,CS(C)=O,O,CS(C)=O,CS(C)=O,O,,,79200.0,0.0,0.0,6.306562423706055
Ic1c[nH]c2ncccc12,OB(O)c1cccnc1,,,,CC(C)Oc1cccc(OC(C)C)c1-c1ccccc1[PH](C1CCCCC1)(C1CCCCC1)[Pd]1([O]S(C)(=O)=O)[NH]c2ccccc2-c2cccc[c]21,CS(C)=O,O,CS(C)=O,CS(C)=O,O,,,79200.0,0.0,0.0,0.0
Brc1ccc(-c2ccccc2)cn1,Cc1cc(O)ccc1B1OC(C)(C)C(C)(C)O1,,,,CC(C)(C)[PH](C(C)(C)C)(C(C)(C)C)[Pd]1([Cl])[NH]c2ccccc2-c2cccc[c]21,CS(C)=O,O,CS(C)=O,CS(C)=O,CCC(C)(C)O,,,79200.0,0.0,0.0,54.66671371459961
O=C(NCc1ccc(F)cc1)c1nc(Br)c2cccnc2c1O,CC1(C)OB(c2ccc(-c3cnccn3)cc2)OC1(C)C,,,,CC(C)c1cc(C(C)C)c(-c2ccccc2[PH](C2CCCCC2)(C2CCCCC2)[Pd]2([O]S(C)(=O)=O)[NH]c3ccccc3-c3cccc[c]32)c(C(C)C)c1,CS(C)=O,O,CS(C)=O,CS(C)=O,O,,,79200.0,0.0,0.0,0.0
COC(=O)[C@@H]1C[C@@H](OC(=O)N2Cc3cccc(Br)c3C2)CN1C(=O)OCc1ccccc1,O=C(NC1CCCC1)c1ccc(B(O)O)cc1,,,,CC(C)c1cc(C(C)C)c(-c2ccccc2[PH](C(C)(C)C)(C(C)(C)C)[Pd]2([O]S(C)(=O)=O)[NH]c3ccccc3-c3cccc[c]32)c(C(C)C)c1,CS(C)=O,O,CS(C)=O,CS(C)=O,CS(C)=O,,,79200.0,0.0,0.0,100.0
CN1C(=O)C[C@@](C)(c2cc(Br)cs2)N/C1=N/C(=O)OC(C)(C)C,CC1(C)OB(c2ccc(-c3cnccn3)cc2)OC1(C)C,,,,CC(C)Oc1cccc(OC(C)C)c1-c1ccccc1[PH](C1CCCCC1)(C1CCCCC1)[Pd]1([O]S(C)(=O)=O)[NH]c2ccccc2-c2cccc[c]21,CS(C)=O,O,CS(C)=O,CS(C)=O,O,,,79200.0,0.0,0.0,79.44213104248047
CCCc1nc2ccc(I)cc2c(=O)n1Cc1ccc(-c2ccccc2S(=O)(=O)NC(C)(C)C)cc1,O=C(NC1CCCC1)c1ccc(B(O)O)cc1,,,,CC(C)c1cc(C(C)C)c(-c2ccccc2[PH](C2CCCCC2)(C2CCCCC2)[Pd]2([O]S(C)(=O)=O)[NH]c3ccccc3-c3cccc[c]32)c(C(C)C)c1,CS(C)=O,O,CS(C)=O,CS(C)=O,O,,,79200.0,0.0,0.0,12.610907554626465
O=C(NCc1ccc(F)cc1)c1nc(Br)c2cccnc2c1O,CN(C)c1ccc(B2OC(C)(C)C(C)(C)O2)cc1,,,,CC(C)c1cc(C(C)C)c(-c2ccccc2[PH](C2CCCCC2)(C2CCCCC2)[Pd]2([O]S(C)(=O)=O)[NH]c3ccccc3-c3cccc[c]32)c(C(C)C)c1,CS(C)=O,O,CS(C)=O,CS(C)=O,O,,,79200.0,0.0,0.0,0.0
CCCc1nc2ccc(I)cc2c(=O)n1Cc1ccc(-c2ccccc2S(=O)(=O)NC(C)(C)C)cc1,OB(O)c1cccnc1,,,,CC(C)(C)[PH](C(C)(C)C)(C(C)(C)C)[Pd]1([Cl])[NH]c2ccccc2-c2cccc[c]21,CS(C)=O,O,CS(C)=O,CS(C)=O,CCC(C)(C)O,,,79200.0,0.0,0.0,28.411279678344727
COC(=O)[C@@H]1C[C@@H](OC(=O)N2Cc3cccc(Br)c3C2)CN1C(=O)OCc1ccccc1,CC1(C)OB(c2cccc(C3(NC(=O)OCc4ccccc4)CC3)c2)OC1(C)C,,,,CC(C)Oc1cccc(OC(C)C)c1-c1ccccc1[PH](C1CCCCC1)(C1CCCCC1)[Pd]1([O]S(C)(=O)=O)[NH]c2ccccc2-c2cccc[c]21,CS(C)=O,O,CS(C)=O,CS(C)=O,O,,,79200.0,0.0,0.0,91.30535125732422
CN1C(=O)C[C@@](C)(c2cc(Br)cs2)N/C1=N/C(=O)OC(C)(C)C,CC1(C)OB(c2cccc(C3(NC(=O)OCc4ccccc4)CC3)c2)OC1(C)C,,,,CC(C)Oc1cccc(OC(C)C)c1-c1ccccc1[PH](C1CCCCC1)(C1CCCCC1)[Pd]1([O]S(C)(=O)=O)[NH]c2ccccc2-c2cccc[c]21,CS(C)=O,O,CS(C)=O,CS(C)=O,O,,,79200.0,0.0,0.0,100.0
CCCc1nc2ccc(I)cc2c(=O)n1Cc1ccc(-c2ccccc2S(=O)(=O)NC(C)(C)C)cc1,CC1(C)OB(c2cnn(Cc3ccccc3)c2)OC1(C)C,,,,CC(C)(C)[PH](C(C)(C)C)(C(C)(C)C)[Pd]1([Cl])[NH]c2ccccc2-c2cccc[c]21,CS(C)=O,O,CS(C)=O,CS(C)=O,CCC(C)(C)O,,,79200.0,0.0,0.0,100.0
Ic1c[nH]c2ncccc12,O=C(NC1CCCC1)c1ccc(B(O)O)cc1,,,,CC(C)c1cc(C(C)C)c(-c2ccccc2[PH](C2CCCCC2)(C2CCCCC2)[Pd]2([O]S(C)(=O)=O)[NH]c3ccccc3-c3cccc[c]32)c(C(C)C)c1,CS(C)=O,O,CS(C)=O,CS(C)=O,O,,,79200.0,0.0,0.0,0.0
CN1C(=O)C[C@@](C)(c2cc(Br)cs2)N/C1=N/C(=O)OC(C)(C)C,Cc1cc(O)ccc1B1OC(C)(C)C(C)(C)O1,,,,CN(C)c1ccc([PH](C(C)(C)C)(C(C)(C)C)[Pd]2([O]S(C)(=O)=O)[NH]c3ccccc3-c3cccc[c]32)cc1,CS(C)=O,O,CS(C)=O,CS(C)=O,CS(C)=O,,,79200.0,0.0,0.0,14.993958473205566
CCOC(=O)N1CCC(=C2c3ccc(Cl)cc3CCc3cc(Br)cnc32)CC1,Cc1cc(O)ccc1B1OC(C)(C)C(C)(C)O1,,,,CN(C)c1ccc([PH](C(C)(C)C)(C(C)(C)C)[Pd]2([O]S(C)(=O)=O)[NH]c3ccccc3-c3cccc[c]32)cc1,CS(C)=O,O,CS(C)=O,CS(C)=O,CCC(C)(C)O,,,79200.0,0.0,0.0,98.95066833496094
Ic1c[nH]c2ncccc12,CC1(C)OB(c2cnn(Cc3ccccc3)c2)OC1(C)C,,,,CN(C)c1ccc([PH](C(C)(C)C)(C(C)(C)C)[Pd]2([O]S(C)(=O)=O)[NH]c3ccccc3-c3cccc[c]32)cc1,CS(C)=O,O,CS(C)=O,CS(C)=O,CCC(C)(C)O,,,79200.0,0.0,0.0,3.825777530670166
CC(=O)NC(C)(C)[C@@H]1CC2(CCN(C(=O)OC(C)(C)C)CC2)c2cc(Cl)c(C)cc21,Cc1cc(O)ccc1B1OC(C)(C)C(C)(C)O1,,,,CC(C)(C)[PH](C(C)(C)C)(C(C)(C)C)[Pd]1([Cl])[NH]c2ccccc2-c2cccc[c]21,CS(C)=O,O,CS(C)=O,CS(C)=O,CCC(C)(C)O,,,79200.0,0.0,0.0,0.0
CCOC(=O)N1CCC(=C2c3ccc(Cl)cc3CCc3cc(Br)cnc32)CC1,CC1(C)OB(c2cccc(C3(NC(=O)OCc4ccccc4)CC3)c2)OC1(C)C,,,,CN(C)c1ccc([PH](C(C)(C)C)(C(C)(C)C)[Pd]2([O]S(C)(=O)=O)[NH]c3ccccc3-c3cccc[c]32)cc1,CS(C)=O,O,CS(C)=O,CS(C)=O,CS(C)=O,,,79200.0,0.0,0.0,100.0
Ic1c[nH]c2ncccc12,CC1(C)OB(c2cnn(Cc3ccccc3)c2)OC1(C)C,,,,CC(C)Oc1cccc(OC(C)C)c1-c1ccccc1[PH](C1CCCCC1)(C1CCCCC1)[Pd]1([O]S(C)(=O)=O)[NH]c2ccccc2-c2cccc[c]21,CS(C)=O,O,CS(C)=O,CS(C)=O,O,,,79200.0,0.0,0.0,0.0
CCCc1nc2ccc(I)cc2c(=O)n1Cc1ccc(-c2ccccc2S(=O)(=O)NC(C)(C)C)cc1,CN(C)c1ccc(B2OC(C)(C)C(C)(C)O2)cc1,,,,CC(C)Oc1cccc(OC(C)C)c1-c1ccccc1[PH](C1CCCCC1)(C1CCCCC1)[Pd]1([O]S(C)(=O)=O)[NH]c2ccccc2-c2cccc[c]21,CS(C)=O,O,CS(C)=O,CS(C)=O,O,,,79200.0,0.0,0.0,11.809545516967773
CC(=O)NC(C)(C)[C@@H]1CC2(CCN(C(=O)OC(C)(C)C)CC2)c2cc(Cl)c(C)cc21,CC1(C)OB(c2cn(S(=O)(=O)c3ccccc3)c3ncccc23)OC1(C)C,,,,CN(C)c1ccc([PH](C(C)(C)C)(C(C)(C)C)[Pd]2([O]S(C)(=O)=O)[NH]c3ccccc3-c3cccc[c]32)cc1,CS(C)=O,O,CS(C)=O,CS(C)=O,CS(C)=O,,,79200.0,0.0,0.0,0.0
CCOC(=O)N1CCC(=C2c3ccc(Cl)cc3CCc3cc(Br)cnc32)CC1,CC1(C)OB(c2cnc(-n3cccn3)nc2)OC1(C)C,,,,CN(C)c1ccc([PH](C(C)(C)C)(C(C)(C)C)[Pd]2([O]S(C)(=O)=O)[NH]c3ccccc3-c3cccc[c]32)cc1,CS(C)=O,O,CS(C)=O,CS(C)=O,CCC(C)(C)O,,,79200.0,0.0,0.0,80.2338638305664
COC(=O)[C@@H]1C[C@@H](OC(=O)N2Cc3cccc(Br)c3C2)CN1C(=O)OCc1ccccc1,CC1(C)OB(c2ccc(-c3cnccn3)cc2)OC1(C)C,,,,CN(C)c1ccc([PH](C(C)(C)C)(C(C)(C)C)[Pd]2([O]S(C)(=O)=O)[NH]c3ccccc3-c3cccc[c]32)cc1,CS(C)=O,O,CS(C)=O,CS(C)=O,CS(C)=O,,,79200.0,0.0,0.0,100.0
CN1C(=O)C[C@@](C)(c2cc(Br)cs2)N/C1=N/C(=O)OC(C)(C)C,Cc1cc(O)ccc1B1OC(C)(C)C(C)(C)O1,,,,CC(C)c1cc(C(C)C)c(-c2ccccc2[PH](C2CCCCC2)(C2CCCCC2)[Pd]2([O]S(C)(=O)=O)[NH]c3ccccc3-c3cccc[c]32)c(C(C)C)c1,CS(C)=O,O,CS(C)=O,CS(C)=O,O,,,79200.0,0.0,0.0,89.56907653808594
CCOC(=O)N1CCC(=C2c3ccc(Cl)cc3CCc3cc(Br)cnc32)CC1,CC1(C)OB(C2=CCCCC2)OC1(C)C,,,,CC(C)c1cc(C(C)C)c(-c2ccccc2[PH](C(C)(C)C)(C(C)(C)C)[Pd]2([O]S(C)(=O)=O)[NH]c3ccccc3-c3cccc[c]32)c(C(C)C)c1,CS(C)=O,O,CS(C)=O,CS(C)=O,CS(C)=O,,,79200.0,0.0,0.0,94.60150909423828
O=C(Nc1ccccc1N1CCNCC1)c1csc(Br)n1,CN(C)c1ccc(B2OC(C)(C)C(C)(C)O2)cc1,,,,CC(C)Oc1cccc(OC(C)C)c1-c1ccccc1[PH](C1CCCCC1)(C1CCCCC1)[Pd]1([O]S(C)(=O)=O)[NH]c2ccccc2-c2cccc[c]21,CS(C)=O,O,CS(C)=O,CS(C)=O,O,,,79200.0,0.0,0.0,12.509686470031738
Brc1ccc(-c2ccccc2)cn1,CC1(C)OB(c2cccc(C3(NC(=O)OCc4ccccc4)CC3)c2)OC1(C)C,,,,CC(C)(C)[PH](C(C)(C)C)(C(C)(C)C)[Pd]1([Cl])[NH]c2ccccc2-c2cccc[c]21,CS(C)=O,O,CS(C)=O,CS(C)=O,CCC(C)(C)O,,,79200.0,0.0,0.0,100.0
CC(=O)NC(C)(C)[C@@H]1CC2(CCN(C(=O)OC(C)(C)C)CC2)c2cc(Cl)c(C)cc21,CC1(C)OB(c2cccc(C3(NC(=O)OCc4ccccc4)CC3)c2)OC1(C)C,,,,CC(C)Oc1cccc(OC(C)C)c1-c1ccccc1[PH](C1CCCCC1)(C1CCCCC1)[Pd]1([O]S(C)(=O)=O)[NH]c2ccccc2-c2cccc[c]21,CS(C)=O,O,CS(C)=O,CS(C)=O,O,,,79200.0,0.0,0.0,0.0
Brc1ccc(-c2ccccc2)cn1,OB(O)c1cccnc1,,,,CN(C)c1ccc([PH](C(C)(C)C)(C(C)(C)C)[Pd]2([O]S(C)(=O)=O)[NH]c3ccccc3-c3cccc[c]32)cc1,CS(C)=O,O,CS(C)=O,CS(C)=O,CS(C)=O,,,79200.0,0.0,0.0,10.65479564666748
CN1C(=O)C[C@@](C)(c2sccc2Cl)N/C1=N/C(=O)OC(C)(C)C,CC1(C)OB(c2cn(S(=O)(=O)c3ccccc3)c3ncccc23)OC1(C)C,,,,CC(C)(C)[PH](C(C)(C)C)(C(C)(C)C)[Pd]1([Cl])[NH]c2ccccc2-c2cccc[c]21,CS(C)=O,O,CS(C)=O,CS(C)=O,CCC(C)(C)O,,,79200.0,0.0,0.0,0.0
COC(=O)[C@@H]1C[C@@H](OC(=O)N2Cc3cccc(Br)c3C2)CN1C(=O)OCc1ccccc1,CC1(C)OB(c2cn(S(=O)(=O)c3ccccc3)c3ncccc23)OC1(C)C,,,,CC(C)(C)[PH](C(C)(C)C)(C(C)(C)C)[Pd]1([Cl])[NH]c2ccccc2-c2cccc[c]21,CS(C)=O,O,CS(C)=O,CS(C)=O,CCC(C)(C)O,,,79200.0,0.0,0.0,83.72028350830078
CCOC(=O)N1CCC(=C2c3ccc(Cl)cc3CCc3cc(Br)cnc32)CC1,CC1(C)OB(c2cccc(C3(NC(=O)OCc4ccccc4)CC3)c2)OC1(C)C,,,,CC(C)Oc1cccc(OC(C)C)c1-c1ccccc1[PH](C1CCCCC1)(C1CCCCC1)[Pd]1([O]S(C)(=O)=O)[NH]c2ccccc2-c2cccc[c]21,CS(C)=O,O,CS(C)=O,CS(C)=O,O,,,79200.0,0.0,0.0,100.0
CCn1c(=O)c2c(nc(N[C@@H]3CCC[C@H]3O)n2Cc2ccc(OC)c(Br)c2)n(CCO)c1=O,CC1(C)OB(c2cnc(-n3cccn3)nc2)OC1(C)C,,,,CN(C)c1ccc([PH](C(C)(C)C)(C(C)(C)C)[Pd]2([O]S(C)(=O)=O)[NH]c3ccccc3-c3cccc[c]32)cc1,CS(C)=O,O,CS(C)=O,CS(C)=O,CS(C)=O,,,79200.0,0.0,0.0,0.0
O=C(Nc1ccccc1N1CCNCC1)c1csc(Br)n1,CC1(C)OB(C2=CCCCC2)OC1(C)C,,,,CC(C)c1cc(C(C)C)c(-c2ccccc2[PH](C2CCCCC2)(C2CCCCC2)[Pd]2([O]S(C)(=O)=O)[NH]c3ccccc3-c3cccc[c]32)c(C(C)C)c1,CS(C)=O,O,CS(C)=O,CS(C)=O,O,,,79200.0,0.0,0.0,52.31581497192383
Ic1c[nH]c2ncccc12,O=C(NC1CCCC1)c1ccc(B(O)O)cc1,,,,CC(C)Oc1cccc(OC(C)C)c1-c1ccccc1[PH](C1CCCCC1)(C1CCCCC1)[Pd]1([O]S(C)(=O)=O)[NH]c2ccccc2-c2cccc[c]21,CS(C)=O,O,CS(C)=O,CS(C)=O,O,,,79200.0,0.0,0.0,0.0
O=C1NCCc2[nH]c(-c3ccnc(Br)c3)cc21,CC1(C)OB(c2cnc(-n3cccn3)nc2)OC1(C)C,,,,CC(C)c1cc(C(C)C)c(-c2ccccc2[PH](C2CCCCC2)(C2CCCCC2)[Pd]2([O]S(C)(=O)=O)[NH]c3ccccc3-c3cccc[c]32)c(C(C)C)c1,CS(C)=O,O,CS(C)=O,CS(C)=O,O,,,79200.0,0.0,0.0,0.0
CC(=O)NC(C)(C)[C@@H]1CC2(CCN(C(=O)OC(C)(C)C)CC2)c2cc(Cl)c(C)cc21,CN(C)c1ccc(B2OC(C)(C)C(C)(C)O2)cc1,,,,CC(C)c1cc(C(C)C)c(-c2ccccc2[PH](C2CCCCC2)(C2CCCCC2)[Pd]2([O]S(C)(=O)=O)[NH]c3ccccc3-c3cccc[c]32)c(C(C)C)c1,CS(C)=O,O,CS(C)=O,CS(C)=O,O,,,79200.0,0.0,0.0,100.0
O=C(NCc1ccc(F)cc1)c1nc(Br)c2cccnc2c1O,CC1(C)OB(c2ccc(-c3cnccn3)cc2)OC1(C)C,,,,CN(C)c1ccc([PH](C(C)(C)C)(C(C)(C)C)[Pd]2([O]S(C)(=O)=O)[NH]c3ccccc3-c3cccc[c]32)cc1,CS(C)=O,O,CS(C)=O,CS(C)=O,CS(C)=O,,,79200.0,0.0,0.0,0.0
CCn1c(=O)c2c(nc(N[C@@H]3CCC[C@H]3O)n2Cc2ccc(OC)c(Br)c2)n(CCO)c1=O,CC1(C)OB(c2cnn(Cc3ccccc3)c2)OC1(C)C,,,,CC(C)c1cc(C(C)C)c(-c2ccccc2[PH](C2CCCCC2)(C2CCCCC2)[Pd]2([O]S(C)(=O)=O)[NH]c3ccccc3-c3cccc[c]32)c(C(C)C)c1,CS(C)=O,O,CS(C)=O,CS(C)=O,O,,,79200.0,0.0,0.0,100.0
CN1C(=O)C[C@@](C)(c2cc(Br)cs2)N/C1=N/C(=O)OC(C)(C)C,Cc1cc(O)ccc1B1OC(C)(C)C(C)(C)O1,,,,CC(C)(C)[PH](C(C)(C)C)(C(C)(C)C)[Pd]1([Cl])[NH]c2ccccc2-c2cccc[c]21,CS(C)=O,O,CS(C)=O,CS(C)=O,CCC(C)(C)O,,,79200.0,0.0,0.0,51.43275451660156
Ic1c[nH]c2ncccc12,CC1(C)OB(C2=CCCCC2)OC1(C)C,,,,CC(C)Oc1cccc(OC(C)C)c1-c1ccccc1[PH](C1CCCCC1)(C1CCCCC1)[Pd]1([O]S(C)(=O)=O)[NH]c2ccccc2-c2cccc[c]21,CS(C)=O,O,CS(C)=O,CS(C)=O,O,,,79200.0,0.0,0.0,0.0
O=C(NCc1ccc(F)cc1)c1nc(Br)c2cccnc2c1O,CN(C)c1ccc(B2OC(C)(C)C(C)(C)O2)cc1,,,,CC(C)c1cc(C(C)C)c(-c2ccccc2[PH](C(C)(C)C)(C(C)(C)C)[Pd]2([O]S(C)(=O)=O)[NH]c3ccccc3-c3cccc[c]32)c(C(C)C)c1,CS(C)=O,O,CS(C)=O,CS(C)=O,CS(C)=O,,,79200.0,0.0,0.0,0.0
O=C(NCc1ccc(F)cc1)c1nc(Br)c2cccnc2c1O,OB(O)c1cccnc1,,,,CC(C)c1cc(C(C)C)c(-c2ccccc2[PH](C2CCCCC2)(C2CCCCC2)[Pd]2([O]S(C)(=O)=O)[NH]c3ccccc3-c3cccc[c]32)c(C(C)C)c1,CS(C)=O,O,CS(C)=O,CS(C)=O,O,,,79200.0,0.0,0.0,0.0
COC(=O)[C@@H]1C[C@@H](OC(=O)N2Cc3cccc(Br)c3C2)CN1C(=O)OCc1ccccc1,CC1(C)OB(c2cccc(C3(NC(=O)OCc4ccccc4)CC3)c2)OC1(C)C,,,,CC(C)c1cc(C(C)C)c(-c2ccccc2[PH](C2CCCCC2)(C2CCCCC2)[Pd]2([O]S(C)(=O)=O)[NH]c3ccccc3-c3cccc[c]32)c(C(C)C)c1,CS(C)=O,O,CS(C)=O,CS(C)=O,O,,,79200.0,0.0,0.0,0.0
CN1C(=O)C[C@@](C)(c2cc(Br)cs2)N/C1=N/C(=O)OC(C)(C)C,CC1(C)OB(c2ccc(-c3cnccn3)cc2)OC1(C)C,,,,CC(C)c1cc(C(C)C)c(-c2ccccc2[PH](C(C)(C)C)(C(C)(C)C)[Pd]2([O]S(C)(=O)=O)[NH]c3ccccc3-c3cccc[c]32)c(C(C)C)c1,CS(C)=O,O,CS(C)=O,CS(C)=O,CS(C)=O,,,79200.0,0.0,0.0,5.678120136260986
CCn1c(=O)c2c(nc(N[C@@H]3CCC[C@H]3O)n2Cc2ccc(OC)c(Br)c2)n(CCO)c1=O,CC1(C)OB(c2cnn(Cc3ccccc3)c2)OC1(C)C,,,,CN(C)c1ccc([PH](C(C)(C)C)(C(C)(C)C)[Pd]2([O]S(C)(=O)=O)[NH]c3ccccc3-c3cccc[c]32)cc1,CS(C)=O,O,CS(C)=O,CS(C)=O,CS(C)=O,,,79200.0,0.0,0.0,98.0298080444336
CCOC(=O)N1CCC(=C2c3ccc(Cl)cc3CCc3cc(Br)cnc32)CC1,CC1(C)OB(c2cccc(C3(NC(=O)OCc4ccccc4)CC3)c2)OC1(C)C,,,,CN(C)c1ccc([PH](C(C)(C)C)(C(C)(C)C)[Pd]2([O]S(C)(=O)=O)[NH]c3ccccc3-c3cccc[c]32)cc1,CS(C)=O,O,CS(C)=O,CS(C)=O,CCC(C)(C)O,,,79200.0,0.0,0.0,100.0
CN1C(=O)C[C@@](C)(c2sccc2Cl)N/C1=N/C(=O)OC(C)(C)C,CC1(C)OB(c2cn(S(=O)(=O)c3ccccc3)c3ncccc23)OC1(C)C,,,,CC(C)(C)[PH](C(C)(C)C)(C(C)(C)C)[Pd]1([Cl])[NH]c2ccccc2-c2cccc[c]21,CS(C)=O,O,CS(C)=O,CS(C)=O,CCC(C)(C)O,,,79200.0,0.0,0.0,0.0
COC(=O)[C@@H]1C[C@@H](OC(=O)N2Cc3cccc(Br)c3C2)CN1C(=O)OCc1ccccc1,OB(O)c1cccnc1,,,,CN(C)c1ccc([PH](C(C)(C)C)(C(C)(C)C)[Pd]2([O]S(C)(=O)=O)[NH]c3ccccc3-c3cccc[c]32)cc1,CS(C)=O,O,CS(C)=O,CS(C)=O,CS(C)=O,,,79200.0,0.0,0.0,95.16500854492188
CN1C(=O)C[C@@](C)(c2cc(Br)cs2)N/C1=N/C(=O)OC(C)(C)C,CC1(C)OB(c2cnn(Cc3ccccc3)c2)OC1(C)C,,,,CN(C)c1ccc([PH](C(C)(C)C)(C(C)(C)C)[Pd]2([O]S(C)(=O)=O)[NH]c3ccccc3-c3cccc[c]32)cc1,CS(C)=O,O,CS(C)=O,CS(C)=O,CS(C)=O,,,79200.0,0.0,0.0,96.69893646240234
O=C1NCCc2[nH]c(-c3ccnc(Br)c3)cc21,CC1(C)OB(C2=CCCCC2)OC1(C)C,,,,CC(C)c1cc(C(C)C)c(-c2ccccc2[PH](C2CCCCC2)(C2CCCCC2)[Pd]2([O]S(C)(=O)=O)[NH]c3ccccc3-c3cccc[c]32)c(C(C)C)c1,CS(C)=O,O,CS(C)=O,CS(C)=O,O,,,79200.0,0.0,0.0,99.09666442871094
CCCc1nc2ccc(I)cc2c(=O)n1Cc1ccc(-c2ccccc2S(=O)(=O)NC(C)(C)C)cc1,CC1(C)OB(c2ccc(-c3cnccn3)cc2)OC1(C)C,,,,CC(C)c1cc(C(C)C)c(-c2ccccc2[PH](C2CCCCC2)(C2CCCCC2)[Pd]2([O]S(C)(=O)=O)[NH]c3ccccc3-c3cccc[c]32)c(C(C)C)c1,CS(C)=O,O,CS(C)=O,CS(C)=O,O,,,79200.0,0.0,0.0,4.893144607543945
Ic1c[nH]c2ncccc12,CN(C)c1ccc(B2OC(C)(C)C(C)(C)O2)cc1,,,,CC(C)c1cc(C(C)C)c(-c2ccccc2[PH](C(C)(C)C)(C(C)(C)C)[Pd]2([O]S(C)(=O)=O)[NH]c3ccccc3-c3cccc[c]32)c(C(C)C)c1,CS(C)=O,O,CS(C)=O,CS(C)=O,CS(C)=O,,,79200.0,0.0,0.0,0.0
Ic1c[nH]c2ncccc12,CC1(C)OB(c2cnn(Cc3ccccc3)c2)OC1(C)C,,,,CC(C)Oc1cccc(OC(C)C)c1-c1ccccc1[PH](C1CCCCC1)(C1CCCCC1)[Pd]1([O]S(C)(=O)=O)[NH]c2ccccc2-c2cccc[c]21,CS(C)=O,O,CS(C)=O,CS(C)=O,O,,,79200.0,0.0,0.0,0.0
CCn1c(=O)c2c(nc(N[C@@H]3CCC[C@H]3O)n2Cc2ccc(OC)c(Br)c2)n(CCO)c1=O,CC1(C)OB(c2ccc(-c3cnccn3)cc2)OC1(C)C,,,,CC(C)c1cc(C(C)C)c(-c2ccccc2[PH](C2CCCCC2)(C2CCCCC2)[Pd]2([O]S(C)(=O)=O)[NH]c3ccccc3-c3cccc[c]32)c(C(C)C)c1,CS(C)=O,O,CS(C)=O,CS(C)=O,O,,,79200.0,0.0,0.0,100.0
CCn1c(=O)c2c(nc(N[C@@H]3CCC[C@H]3O)n2Cc2ccc(OC)c(Br)c2)n(CCO)c1=O,CC1(C)OB(c2cccc(C3(NC(=O)OCc4ccccc4)CC3)c2)OC1(C)C,,,,CC(C)c1cc(C(C)C)c(-c2ccccc2[PH](C2CCCCC2)(C2CCCCC2)[Pd]2([O]S(C)(=O)=O)[NH]c3ccccc3-c3cccc[c]32)c(C(C)C)c1,CS(C)=O,O,CS(C)=O,CS(C)=O,O,,,79200.0,0.0,0.0,100.0
Brc1ccc(-c2ccccc2)cn1,CC1(C)OB(c2cccc(C3(NC(=O)OCc4ccccc4)CC3)c2)OC1(C)C,,,,CN(C)c1ccc([PH](C(C)(C)C)(C(C)(C)C)[Pd]2([O]S(C)(=O)=O)[NH]c3ccccc3-c3cccc[c]32)cc1,CS(C)=O,O,CS(C)=O,CS(C)=O,CCC(C)(C)O,,,79200.0,0.0,0.0,100.0
CCn1c(=O)c2c(nc(N[C@@H]3CCC[C@H]3O)n2Cc2ccc(OC)c(Br)c2)n(CCO)c1=O,CC1(C)OB(c2cnn(Cc3ccccc3)c2)OC1(C)C,,,,CC(C)c1cc(C(C)C)c(-c2ccccc2[PH](C(C)(C)C)(C(C)(C)C)[Pd]2([O]S(C)(=O)=O)[NH]c3ccccc3-c3cccc[c]32)c(C(C)C)c1,CS(C)=O,O,CS(C)=O,CS(C)=O,CS(C)=O,,,79200.0,0.0,0.0,54.60982131958008
CC(=O)NC(C)(C)[C@@H]1CC2(CCN(C(=O)OC(C)(C)C)CC2)c2cc(Cl)c(C)cc21,OB(O)c1cccnc1,,,,CN(C)c1ccc([PH](C(C)(C)C)(C(C)(C)C)[Pd]2([O]S(C)(=O)=O)[NH]c3ccccc3-c3cccc[c]32)cc1,CS(C)=O,O,CS(C)=O,CS(C)=O,CS(C)=O,,,79200.0,0.0,0.0,0.0
Ic1c[nH]c2ncccc12,CN(C)c1ccc(B2OC(C)(C)C(C)(C)O2)cc1,,,,CC(C)Oc1cccc(OC(C)C)c1-c1ccccc1[PH](C1CCCCC1)(C1CCCCC1)[Pd]1([O]S(C)(=O)=O)[NH]c2ccccc2-c2cccc[c]21,CS(C)=O,O,CS(C)=O,CS(C)=O,O,,,79200.0,0.0,0.0,0.0
Brc1ccc(-c2ccccc2)cn1,CC1(C)OB(c2cn(S(=O)(=O)c3ccccc3)c3ncccc23)OC1(C)C,,,,CC(C)Oc1cccc(OC(C)C)c1-c1ccccc1[PH](C1CCCCC1)(C1CCCCC1)[Pd]1([O]S(C)(=O)=O)[NH]c2ccccc2-c2cccc[c]21,CS(C)=O,O,CS(C)=O,CS(C)=O,O,,,79200.0,0.0,0.0,100.0
O=C(NCc1ccc(F)cc1)c1nc(Br)c2cccnc2c1O,CN(C)c1ccc(B2OC(C)(C)C(C)(C)O2)cc1,,,,CC(C)c1cc(C(C)C)c(-c2ccccc2[PH](C2CCCCC2)(C2CCCCC2)[Pd]2([O]S(C)(=O)=O)[NH]c3ccccc3-c3cccc[c]32)c(C(C)C)c1,CS(C)=O,O,CS(C)=O,CS(C)=O,O,,,79200.0,0.0,0.0,0.0
O=C(Nc1ccccc1N1CCNCC1)c1csc(Br)n1,Cc1cc(O)ccc1B1OC(C)(C)C(C)(C)O1,,,,CC(C)Oc1cccc(OC(C)C)c1-c1ccccc1[PH](C1CCCCC1)(C1CCCCC1)[Pd]1([O]S(C)(=O)=O)[NH]c2ccccc2-c2cccc[c]21,CS(C)=O,O,CS(C)=O,CS(C)=O,O,,,79200.0,0.0,0.0,15.113794326782227
CC(=O)NC(C)(C)[C@@H]1CC2(CCN(C(=O)OC(C)(C)C)CC2)c2cc(Cl)c(C)cc21,O=C(NC1CCCC1)c1ccc(B(O)O)cc1,,,,CC(C)(C)[PH](C(C)(C)C)(C(C)(C)C)[Pd]1([Cl])[NH]c2ccccc2-c2cccc[c]21,CS(C)=O,O,CS(C)=O,CS(C)=O,CCC(C)(C)O,,,79200.0,0.0,0.0,0.0
CCCc1nc2ccc(I)cc2c(=O)n1Cc1ccc(-c2ccccc2S(=O)(=O)NC(C)(C)C)cc1,CC1(C)OB(C2=CCCCC2)OC1(C)C,,,,CN(C)c1ccc([PH](C(C)(C)C)(C(C)(C)C)[Pd]2([O]S(C)(=O)=O)[NH]c3ccccc3-c3cccc[c]32)cc1,CS(C)=O,O,CS(C)=O,CS(C)=O,CS(C)=O,,,79200.0,0.0,0.0,100.0
CC(=O)NC(C)(C)[C@@H]1CC2(CCN(C(=O)OC(C)(C)C)CC2)c2cc(Cl)c(C)cc21,CC1(C)OB(c2ccc(-c3cnccn3)cc2)OC1(C)C,,,,CC(C)(C)[PH](C(C)(C)C)(C(C)(C)C)[Pd]1([Cl])[NH]c2ccccc2-c2cccc[c]21,CS(C)=O,O,CS(C)=O,CS(C)=O,CCC(C)(C)O,,,79200.0,0.0,0.0,0.0
O=C(Nc1ccccc1N1CCNCC1)c1csc(Br)n1,OB(O)c1cccnc1,,,,CN(C)c1ccc([PH](C(C)(C)C)(C(C)(C)C)[Pd]2([O]S(C)(=O)=O)[NH]c3ccccc3-c3cccc[c]32)cc1,CS(C)=O,O,CS(C)=O,CS(C)=O,CS(C)=O,,,79200.0,0.0,0.0,1.6975902318954468
O=C(Nc1ccccc1N1CCNCC1)c1csc(Br)n1,OB(O)c1cccnc1,,,,CC(C)c1cc(C(C)C)c(-c2ccccc2[PH](C2CCCCC2)(C2CCCCC2)[Pd]2([O]S(C)(=O)=O)[NH]c3ccccc3-c3cccc[c]32)c(C(C)C)c1,CS(C)=O,O,CS(C)=O,CS(C)=O,O,,,79200.0,0.0,0.0,20.94121742248535
CN1C(=O)C[C@@](C)(c2cc(Br)cs2)N/C1=N/C(=O)OC(C)(C)C,Cc1cc(O)ccc1B1OC(C)(C)C(C)(C)O1,,,,CC(C)c1cc(C(C)C)c(-c2ccccc2[PH](C(C)(C)C)(C(C)(C)C)[Pd]2([O]S(C)(=O)=O)[NH]c3ccccc3-c3cccc[c]32)c(C(C)C)c1,CS(C)=O,O,CS(C)=O,CS(C)=O,CS(C)=O,,,79200.0,0.0,0.0,0.0
CCCc1nc2ccc(I)cc2c(=O)n1Cc1ccc(-c2ccccc2S(=O)(=O)NC(C)(C)C)cc1,Cc1cc(O)ccc1B1OC(C)(C)C(C)(C)O1,,,,CC(C)c1cc(C(C)C)c(-c2ccccc2[PH](C(C)(C)C)(C(C)(C)C)[Pd]2([O]S(C)(=O)=O)[NH]c3ccccc3-c3cccc[c]32)c(C(C)C)c1,CS(C)=O,O,CS(C)=O,CS(C)=O,CS(C)=O,,,79200.0,0.0,0.0,3.347651958465576
O=C(NCc1ccc(F)cc1)c1nc(Br)c2cccnc2c1O,OB(O)c1cccnc1,,,,CN(C)c1ccc([PH](C(C)(C)C)(C(C)(C)C)[Pd]2([O]S(C)(=O)=O)[NH]c3ccccc3-c3cccc[c]32)cc1,CS(C)=O,O,CS(C)=O,CS(C)=O,CCC(C)(C)O,,,79200.0,0.0,0.0,0.0
CCn1c(=O)c2c(nc(N[C@@H]3CCC[C@H]3O)n2Cc2ccc(OC)c(Br)c2)n(CCO)c1=O,Cc1cc(O)ccc1B1OC(C)(C)C(C)(C)O1,,,,CC(C)Oc1cccc(OC(C)C)c1-c1ccccc1[PH](C1CCCCC1)(C1CCCCC1)[Pd]1([O]S(C)(=O)=O)[NH]c2ccccc2-c2cccc[c]21,CS(C)=O,O,CS(C)=O,CS(C)=O,O,,,79200.0,0.0,0.0,100.0
Ic1c[nH]c2ncccc12,CN(C)c1ccc(B2OC(C)(C)C(C)(C)O2)cc1,,,,CN(C)c1ccc([PH](C(C)(C)C)(C(C)(C)C)[Pd]2([O]S(C)(=O)=O)[NH]c3ccccc3-c3cccc[c]32)cc1,CS(C)=O,O,CS(C)=O,CS(C)=O,CS(C)=O,,,79200.0,0.0,0.0,8.024430274963379
CN1C(=O)C[C@@](C)(c2cc(Br)cs2)N/C1=N/C(=O)OC(C)(C)C,OB(O)c1cccnc1,,,,CC(C)c1cc(C(C)C)c(-c2ccccc2[PH](C(C)(C)C)(C(C)(C)C)[Pd]2([O]S(C)(=O)=O)[NH]c3ccccc3-c3cccc[c]32)c(C(C)C)c1,CS(C)=O,O,CS(C)=O,CS(C)=O,CS(C)=O,,,79200.0,0.0,0.0,0.0
O=C(Nc1ccccc1N1CCNCC1)c1csc(Br)n1,CC1(C)OB(C2=CCCCC2)OC1(C)C,,,,CC(C)c1cc(C(C)C)c(-c2ccccc2[PH](C2CCCCC2)(C2CCCCC2)[Pd]2([O]S(C)(=O)=O)[NH]c3ccccc3-c3cccc[c]32)c(C(C)C)c1,CS(C)=O,O,CS(C)=O,CS(C)=O,O,,,79200.0,0.0,0.0,24.064437866210938
Brc1ccc(-c2ccccc2)cn1,CC1(C)OB(c2cn(S(=O)(=O)c3ccccc3)c3ncccc23)OC1(C)C,,,,CC(C)Oc1cccc(OC(C)C)c1-c1ccccc1[PH](C1CCCCC1)(C1CCCCC1)[Pd]1([O]S(C)(=O)=O)[NH]c2ccccc2-c2cccc[c]21,CS(C)=O,O,CS(C)=O,CS(C)=O,O,,,79200.0,0.0,0.0,41.8298225402832
CC(=O)NC(C)(C)[C@@H]1CC2(CCN(C(=O)OC(C)(C)C)CC2)c2cc(Cl)c(C)cc21,CC1(C)OB(c2cnn(Cc3ccccc3)c2)OC1(C)C,,,,CC(C)c1cc(C(C)C)c(-c2ccccc2[PH](C2CCCCC2)(C2CCCCC2)[Pd]2([O]S(C)(=O)=O)[NH]c3ccccc3-c3cccc[c]32)c(C(C)C)c1,CS(C)=O,O,CS(C)=O,CS(C)=O,O,,,79200.0,0.0,0.0,88.33522033691406
Ic1c[nH]c2ncccc12,Cc1cc(O)ccc1B1OC(C)(C)C(C)(C)O1,,,,CC(C)Oc1cccc(OC(C)C)c1-c1ccccc1[PH](C1CCCCC1)(C1CCCCC1)[Pd]1([O]S(C)(=O)=O)[NH]c2ccccc2-c2cccc[c]21,CS(C)=O,O,CS(C)=O,CS(C)=O,O,,,79200.0,0.0,0.0,0.0
CC(=O)NC(C)(C)[C@@H]1CC2(CCN(C(=O)OC(C)(C)C)CC2)c2cc(Cl)c(C)cc21,CC1(C)OB(c2ccc(-c3cnccn3)cc2)OC1(C)C,,,,CN(C)c1ccc([PH](C(C)(C)C)(C(C)(C)C)[Pd]2([O]S(C)(=O)=O)[NH]c3ccccc3-c3cccc[c]32)cc1,CS(C)=O,O,CS(C)=O,CS(C)=O,CCC(C)(C)O,,,79200.0,0.0,0.0,0.0
CN1C(=O)C[C@@](C)(c2sccc2Cl)N/C1=N/C(=O)OC(C)(C)C,CC1(C)OB(c2ccc(-c3cnccn3)cc2)OC1(C)C,,,,CC(C)(C)[PH](C(C)(C)C)(C(C)(C)C)[Pd]1([Cl])[NH]c2ccccc2-c2cccc[c]21,CS(C)=O,O,CS(C)=O,CS(C)=O,CCC(C)(C)O,,,79200.0,0.0,0.0,0.0
Ic1c[nH]c2ncccc12,CC1(C)OB(c2ccc(-c3cnccn3)cc2)OC1(C)C,,,,CN(C)c1ccc([PH](C(C)(C)C)(C(C)(C)C)[Pd]2([O]S(C)(=O)=O)[NH]c3ccccc3-c3cccc[c]32)cc1,CS(C)=O,O,CS(C)=O,CS(C)=O,CS(C)=O,,,79200.0,0.0,0.0,0.0
CCCc1nc2ccc(I)cc2c(=O)n1Cc1ccc(-c2ccccc2S(=O)(=O)NC(C)(C)C)cc1,Cc1cc(O)ccc1B1OC(C)(C)C(C)(C)O1,,,,CC(C)Oc1cccc(OC(C)C)c1-c1ccccc1[PH](C1CCCCC1)(C1CCCCC1)[Pd]1([O]S(C)(=O)=O)[NH]c2ccccc2-c2cccc[c]21,CS(C)=O,O,CS(C)=O,CS(C)=O,O,,,79200.0,0.0,0.0,3.0788564682006836
CCn1c(=O)c2c(nc(N[C@@H]3CCC[C@H]3O)n2Cc2ccc(OC)c(Br)c2)n(CCO)c1=O,CC1(C)OB(c2cnc(-n3cccn3)nc2)OC1(C)C,,,,CC(C)Oc1cccc(OC(C)C)c1-c1ccccc1[PH](C1CCCCC1)(C1CCCCC1)[Pd]1([O]S(C)(=O)=O)[NH]c2ccccc2-c2cccc[c]21,CS(C)=O,O,CS(C)=O,CS(C)=O,O,,,79200.0,0.0,0.0,3.1442203521728516
O=C(Nc1ccccc1N1CCNCC1)c1csc(Br)n1,CN(C)c1ccc(B2OC(C)(C)C(C)(C)O2)cc1,,,,CC(C)c1cc(C(C)C)c(-c2ccccc2[PH](C2CCCCC2)(C2CCCCC2)[Pd]2([O]S(C)(=O)=O)[NH]c3ccccc3-c3cccc[c]32)c(C(C)C)c1,CS(C)=O,O,CS(C)=O,CS(C)=O,O,,,79200.0,0.0,0.0,3.9683687686920166
CC(=O)NC(C)(C)[C@@H]1CC2(CCN(C(=O)OC(C)(C)C)CC2)c2cc(Cl)c(C)cc21,CN(C)c1ccc(B2OC(C)(C)C(C)(C)O2)cc1,,,,CC(C)Oc1cccc(OC(C)C)c1-c1ccccc1[PH](C1CCCCC1)(C1CCCCC1)[Pd]1([O]S(C)(=O)=O)[NH]c2ccccc2-c2cccc[c]21,CS(C)=O,O,CS(C)=O,CS(C)=O,O,,,79200.0,0.0,0.0,85.8169937133789
CCCc1nc2ccc(I)cc2c(=O)n1Cc1ccc(-c2ccccc2S(=O)(=O)NC(C)(C)C)cc1,CC1(C)OB(c2ccc(-c3cnccn3)cc2)OC1(C)C,,,,CN(C)c1ccc([PH](C(C)(C)C)(C(C)(C)C)[Pd]2([O]S(C)(=O)=O)[NH]c3ccccc3-c3cccc[c]32)cc1,CS(C)=O,O,CS(C)=O,CS(C)=O,CCC(C)(C)O,,,79200.0,0.0,0.0,100.0
Ic1c[nH]c2ncccc12,CC1(C)OB(c2cccc(C3(NC(=O)OCc4ccccc4)CC3)c2)OC1(C)C,,,,CC(C)(C)[PH](C(C)(C)C)(C(C)(C)C)[Pd]1([Cl])[NH]c2ccccc2-c2cccc[c]21,CS(C)=O,O,CS(C)=O,CS(C)=O,CCC(C)(C)O,,,79200.0,0.0,0.0,0.0
O=C1NCCc2[nH]c(-c3ccnc(Br)c3)cc21,OB(O)c1cccnc1,,,,CC(C)c1cc(C(C)C)c(-c2ccccc2[PH](C2CCCCC2)(C2CCCCC2)[Pd]2([O]S(C)(=O)=O)[NH]c3ccccc3-c3cccc[c]32)c(C(C)C)c1,CS(C)=O,O,CS(C)=O,CS(C)=O,O,,,79200.0,0.0,0.0,34.34109115600586
CCn1c(=O)c2c(nc(N[C@@H]3CCC[C@H]3O)n2Cc2ccc(OC)c(Br)c2)n(CCO)c1=O,CC1(C)OB(c2cnc(-n3cccn3)nc2)OC1(C)C,,,,CC(C)(C)[PH](C(C)(C)C)(C(C)(C)C)[Pd]1([Cl])[NH]c2ccccc2-c2cccc[c]21,CS(C)=O,O,CS(C)=O,CS(C)=O,CCC(C)(C)O,,,79200.0,0.0,0.0,15.127020835876465
CCOC(=O)N1CCC(=C2c3ccc(Cl)cc3CCc3cc(Br)cnc32)CC1,CC1(C)OB(c2cn(S(=O)(=O)c3ccccc3)c3ncccc23)OC1(C)C,,,,CC(C)c1cc(C(C)C)c(-c2ccccc2[PH](C(C)(C)C)(C(C)(C)C)[Pd]2([O]S(C)(=O)=O)[NH]c3ccccc3-c3cccc[c]32)c(C(C)C)c1,CS(C)=O,O,CS(C)=O,CS(C)=O,CS(C)=O,,,79200.0,0.0,0.0,29.872846603393555
O=C(NCc1ccc(F)cc1)c1nc(Br)c2cccnc2c1O,CC1(C)OB(c2cn(S(=O)(=O)c3ccccc3)c3ncccc23)OC1(C)C,,,,CN(C)c1ccc([PH](C(C)(C)C)(C(C)(C)C)[Pd]2([O]S(C)(=O)=O)[NH]c3ccccc3-c3cccc[c]32)cc1,CS(C)=O,O,CS(C)=O,CS(C)=O,CS(C)=O,,,79200.0,0.0,0.0,0.0
O=C1NCCc2[nH]c(-c3ccnc(Br)c3)cc21,CC1(C)OB(c2cnc(-n3cccn3)nc2)OC1(C)C,,,,CC(C)c1cc(C(C)C)c(-c2ccccc2[PH](C(C)(C)C)(C(C)(C)C)[Pd]2([O]S(C)(=O)=O)[NH]c3ccccc3-c3cccc[c]32)c(C(C)C)c1,CS(C)=O,O,CS(C)=O,CS(C)=O,CS(C)=O,,,79200.0,0.0,0.0,0.0
CN1C(=O)C[C@@](C)(c2cc(Br)cs2)N/C1=N/C(=O)OC(C)(C)C,CC1(C)OB(c2cnn(Cc3ccccc3)c2)OC1(C)C,,,,CN(C)c1ccc([PH](C(C)(C)C)(C(C)(C)C)[Pd]2([O]S(C)(=O)=O)[NH]c3ccccc3-c3cccc[c]32)cc1,CS(C)=O,O,CS(C)=O,CS(C)=O,CCC(C)(C)O,,,79200.0,0.0,0.0,100.0
O=C(Nc1ccccc1N1CCNCC1)c1csc(Br)n1,CC1(C)OB(c2cccc(C3(NC(=O)OCc4ccccc4)CC3)c2)OC1(C)C,,,,CC(C)c1cc(C(C)C)c(-c2ccccc2[PH](C(C)(C)C)(C(C)(C)C)[Pd]2([O]S(C)(=O)=O)[NH]c3ccccc3-c3cccc[c]32)c(C(C)C)c1,CS(C)=O,O,CS(C)=O,CS(C)=O,CS(C)=O,,,79200.0,0.0,0.0,2.5732667446136475
CCn1c(=O)c2c(nc(N[C@@H]3CCC[C@H]3O)n2Cc2ccc(OC)c(Br)c2)n(CCO)c1=O,CC1(C)OB(c2ccc(-c3cnccn3)cc2)OC1(C)C,,,,CC(C)Oc1cccc(OC(C)C)c1-c1ccccc1[PH](C1CCCCC1)(C1CCCCC1)[Pd]1([O]S(C)(=O)=O)[NH]c2ccccc2-c2cccc[c]21,CS(C)=O,O,CS(C)=O,CS(C)=O,O,,,79200.0,0.0,0.0,100.0
CN1C(=O)C[C@@](C)(c2cc(Br)cs2)N/C1=N/C(=O)OC(C)(C)C,O=C(NC1CCCC1)c1ccc(B(O)O)cc1,,,,CN(C)c1ccc([PH](C(C)(C)C)(C(C)(C)C)[Pd]2([O]S(C)(=O)=O)[NH]c3ccccc3-c3cccc[c]32)cc1,CS(C)=O,O,CS(C)=O,CS(C)=O,CCC(C)(C)O,,,79200.0,0.0,0.0,45.86029815673828
COC(=O)[C@@H]1C[C@@H](OC(=O)N2Cc3cccc(Br)c3C2)CN1C(=O)OCc1ccccc1,CC1(C)OB(C2=CCCCC2)OC1(C)C,,,,CC(C)(C)[PH](C(C)(C)C)(C(C)(C)C)[Pd]1([Cl])[NH]c2ccccc2-c2cccc[c]21,CS(C)=O,O,CS(C)=O,CS(C)=O,CCC(C)(C)O,,,79200.0,0.0,0.0,62.55253219604492
Ic1c[nH]c2ncccc12,OB(O)c1cccnc1,,,,CN(C)c1ccc([PH](C(C)(C)C)(C(C)(C)C)[Pd]2([O]S(C)(=O)=O)[NH]c3ccccc3-c3cccc[c]32)cc1,CS(C)=O,O,CS(C)=O,CS(C)=O,CCC(C)(C)O,,,79200.0,0.0,0.0,0.0
COC(=O)[C@@H]1C[C@@H](OC(=O)N2Cc3cccc(Br)c3C2)CN1C(=O)OCc1ccccc1,CC1(C)OB(c2cnn(Cc3ccccc3)c2)OC1(C)C,,,,CC(C)(C)[PH](C(C)(C)C)(C(C)(C)C)[Pd]1([Cl])[NH]c2ccccc2-c2cccc[c]21,CS(C)=O,O,CS(C)=O,CS(C)=O,CCC(C)(C)O,,,79200.0,0.0,0.0,82.42938232421875
COC(=O)[C@@H]1C[C@@H](OC(=O)N2Cc3cccc(Br)c3C2)CN1C(=O)OCc1ccccc1,CC1(C)OB(c2cn(S(=O)(=O)c3ccccc3)c3ncccc23)OC1(C)C,,,,CN(C)c1ccc([PH](C(C)(C)C)(C(C)(C)C)[Pd]2([O]S(C)(=O)=O)[NH]c3ccccc3-c3cccc[c]32)cc1,CS(C)=O,O,CS(C)=O,CS(C)=O,CS(C)=O,,,79200.0,0.0,0.0,84.8447265625
CCn1c(=O)c2c(nc(N[C@@H]3CCC[C@H]3O)n2Cc2ccc(OC)c(Br)c2)n(CCO)c1=O,Cc1cc(O)ccc1B1OC(C)(C)C(C)(C)O1,,,,CN(C)c1ccc([PH](C(C)(C)C)(C(C)(C)C)[Pd]2([O]S(C)(=O)=O)[NH]c3ccccc3-c3cccc[c]32)cc1,CS(C)=O,O,CS(C)=O,CS(C)=O,CS(C)=O,,,79200.0,0.0,0.0,52.69831466674805
O=C1NCCc2[nH]c(-c3ccnc(Br)c3)cc21,OB(O)c1cccnc1,,,,CN(C)c1ccc([PH](C(C)(C)C)(C(C)(C)C)[Pd]2([O]S(C)(=O)=O)[NH]c3ccccc3-c3cccc[c]32)cc1,CS(C)=O,O,CS(C)=O,CS(C)=O,CCC(C)(C)O,,,79200.0,0.0,0.0,0.0
Ic1c[nH]c2ncccc12,Cc1cc(O)ccc1B1OC(C)(C)C(C)(C)O1,,,,CN(C)c1ccc([PH](C(C)(C)C)(C(C)(C)C)[Pd]2([O]S(C)(=O)=O)[NH]c3ccccc3-c3cccc[c]32)cc1,CS(C)=O,O,CS(C)=O,CS(C)=O,CCC(C)(C)O,,,79200.0,0.0,0.0,0.0
CN1C(=O)C[C@@](C)(c2cc(Br)cs2)N/C1=N/C(=O)OC(C)(C)C,CC1(C)OB(c2ccc(-c3cnccn3)cc2)OC1(C)C,,,,CN(C)c1ccc([PH](C(C)(C)C)(C(C)(C)C)[Pd]2([O]S(C)(=O)=O)[NH]c3ccccc3-c3cccc[c]32)cc1,CS(C)=O,O,CS(C)=O,CS(C)=O,CS(C)=O,,,79200.0,0.0,0.0,36.67649459838867
CC(=O)NC(C)(C)[C@@H]1CC2(CCN(C(=O)OC(C)(C)C)CC2)c2cc(Cl)c(C)cc21,CC1(C)OB(c2ccc(-c3cnccn3)cc2)OC1(C)C,,,,CC(C)c1cc(C(C)C)c(-c2ccccc2[PH](C(C)(C)C)(C(C)(C)C)[Pd]2([O]S(C)(=O)=O)[NH]c3ccccc3-c3cccc[c]32)c(C(C)C)c1,CS(C)=O,O,CS(C)=O,CS(C)=O,CS(C)=O,,,79200.0,0.0,0.0,100.0
CCOC(=O)N1CCC(=C2c3ccc(Cl)cc3CCc3cc(Br)cnc32)CC1,CC1(C)OB(c2cn(S(=O)(=O)c3ccccc3)c3ncccc23)OC1(C)C,,,,CC(C)c1cc(C(C)C)c(-c2ccccc2[PH](C2CCCCC2)(C2CCCCC2)[Pd]2([O]S(C)(=O)=O)[NH]c3ccccc3-c3cccc[c]32)c(C(C)C)c1,CS(C)=O,O,CS(C)=O,CS(C)=O,O,,,79200.0,0.0,0.0,53.89106369018555
CCOC(=O)N1CCC(=C2c3ccc(Cl)cc3CCc3cc(Br)cnc32)CC1,Cc1cc(O)ccc1B1OC(C)(C)C(C)(C)O1,,,,CC(C)c1cc(C(C)C)c(-c2ccccc2[PH](C(C)(C)C)(C(C)(C)C)[Pd]2([O]S(C)(=O)=O)[NH]c3ccccc3-c3cccc[c]32)c(C(C)C)c1,CS(C)=O,O,CS(C)=O,CS(C)=O,CS(C)=O,,,79200.0,0.0,0.0,53.84532165527344
CCOC(=O)N1CCC(=C2c3ccc(Cl)cc3CCc3cc(Br)cnc32)CC1,CC1(C)OB(c2cccc(C3(NC(=O)OCc4ccccc4)CC3)c2)OC1(C)C,,,,CN(C)c1ccc([PH](C(C)(C)C)(C(C)(C)C)[Pd]2([O]S(C)(=O)=O)[NH]c3ccccc3-c3cccc[c]32)cc1,CS(C)=O,O,CS(C)=O,CS(C)=O,CS(C)=O,,,79200.0,0.0,0.0,5.237368106842041
O=C1NCCc2[nH]c(-c3ccnc(Br)c3)cc21,CC1(C)OB(c2ccc(-c3cnccn3)cc2)OC1(C)C,,,,CC(C)c1cc(C(C)C)c(-c2ccccc2[PH](C2CCCCC2)(C2CCCCC2)[Pd]2([O]S(C)(=O)=O)[NH]c3ccccc3-c3cccc[c]32)c(C(C)C)c1,CS(C)=O,O,CS(C)=O,CS(C)=O,O,,,79200.0,0.0,0.0,32.432891845703125
Ic1c[nH]c2ncccc12,CC1(C)OB(c2cccc(C3(NC(=O)OCc4ccccc4)CC3)c2)OC1(C)C,,,,CC(C)c1cc(C(C)C)c(-c2ccccc2[PH](C2CCCCC2)(C2CCCCC2)[Pd]2([O]S(C)(=O)=O)[NH]c3ccccc3-c3cccc[c]32)c(C(C)C)c1,CS(C)=O,O,CS(C)=O,CS(C)=O,O,,,79200.0,0.0,0.0,0.0
Brc1ccc(-c2ccccc2)cn1,CC1(C)OB(c2ccc(-c3cnccn3)cc2)OC1(C)C,,,,CC(C)c1cc(C(C)C)c(-c2ccccc2[PH](C(C)(C)C)(C(C)(C)C)[Pd]2([O]S(C)(=O)=O)[NH]c3ccccc3-c3cccc[c]32)c(C(C)C)c1,CS(C)=O,O,CS(C)=O,CS(C)=O,CS(C)=O,,,79200.0,0.0,0.0,0.0
COC(=O)[C@@H]1C[C@@H](OC(=O)N2Cc3cccc(Br)c3C2)CN1C(=O)OCc1ccccc1,CC1(C)OB(c2ccc(-c3cnccn3)cc2)OC1(C)C,,,,CC(C)c1cc(C(C)C)c(-c2ccccc2[PH](C2CCCCC2)(C2CCCCC2)[Pd]2([O]S(C)(=O)=O)[NH]c3ccccc3-c3cccc[c]32)c(C(C)C)c1,CS(C)=O,O,CS(C)=O,CS(C)=O,O,,,79200.0,0.0,0.0,83.60591888427734
CCn1c(=O)c2c(nc(N[C@@H]3CCC[C@H]3O)n2Cc2ccc(OC)c(Br)c2)n(CCO)c1=O,CC1(C)OB(c2ccc(-c3cnccn3)cc2)OC1(C)C,,,,CC(C)c1cc(C(C)C)c(-c2ccccc2[PH](C(C)(C)C)(C(C)(C)C)[Pd]2([O]S(C)(=O)=O)[NH]c3ccccc3-c3cccc[c]32)c(C(C)C)c1,CS(C)=O,O,CS(C)=O,CS(C)=O,CS(C)=O,,,79200.0,0.0,0.0,84.61993408203125
O=C(Nc1ccccc1N1CCNCC1)c1csc(Br)n1,CC1(C)OB(c2cnn(Cc3ccccc3)c2)OC1(C)C,,,,CN(C)c1ccc([PH](C(C)(C)C)(C(C)(C)C)[Pd]2([O]S(C)(=O)=O)[NH]c3ccccc3-c3cccc[c]32)cc1,CS(C)=O,O,CS(C)=O,CS(C)=O,CS(C)=O,,,79200.0,0.0,0.0,9.931953430175781
CCn1c(=O)c2c(nc(N[C@@H]3CCC[C@H]3O)n2Cc2ccc(OC)c(Br)c2)n(CCO)c1=O,CC1(C)OB(c2cnc(-n3cccn3)nc2)OC1(C)C,,,,CC(C)c1cc(C(C)C)c(-c2ccccc2[PH](C2CCCCC2)(C2CCCCC2)[Pd]2([O]S(C)(=O)=O)[NH]c3ccccc3-c3cccc[c]32)c(C(C)C)c1,CS(C)=O,O,CS(C)=O,CS(C)=O,O,,,79200.0,0.0,0.0,7.806792736053467
CCOC(=O)N1CCC(=C2c3ccc(Cl)cc3CCc3cc(Br)cnc32)CC1,CC1(C)OB(c2cccc(C3(NC(=O)OCc4ccccc4)CC3)c2)OC1(C)C,,,,CC(C)c1cc(C(C)C)c(-c2ccccc2[PH](C(C)(C)C)(C(C)(C)C)[Pd]2([O]S(C)(=O)=O)[NH]c3ccccc3-c3cccc[c]32)c(C(C)C)c1,CS(C)=O,O,CS(C)=O,CS(C)=O,CS(C)=O,,,79200.0,0.0,0.0,79.06281280517578
CN1C(=O)C[C@@](C)(c2cc(Br)cs2)N/C1=N/C(=O)OC(C)(C)C,CC1(C)OB(C2=CCCCC2)OC1(C)C,,,,CC(C)c1cc(C(C)C)c(-c2ccccc2[PH](C(C)(C)C)(C(C)(C)C)[Pd]2([O]S(C)(=O)=O)[NH]c3ccccc3-c3cccc[c]32)c(C(C)C)c1,CS(C)=O,O,CS(C)=O,CS(C)=O,CS(C)=O,,,79200.0,0.0,0.0,0.0
O=C1NCCc2[nH]c(-c3ccnc(Br)c3)cc21,Cc1cc(O)ccc1B1OC(C)(C)C(C)(C)O1,,,,CN(C)c1ccc([PH](C(C)(C)C)(C(C)(C)C)[Pd]2([O]S(C)(=O)=O)[NH]c3ccccc3-c3cccc[c]32)cc1,CS(C)=O,O,CS(C)=O,CS(C)=O,CCC(C)(C)O,,,79200.0,0.0,0.0,0.0
CCCc1nc2ccc(I)cc2c(=O)n1Cc1ccc(-c2ccccc2S(=O)(=O)NC(C)(C)C)cc1,CC1(C)OB(c2ccc(-c3cnccn3)cc2)OC1(C)C,,,,CC(C)(C)[PH](C(C)(C)C)(C(C)(C)C)[Pd]1([Cl])[NH]c2ccccc2-c2cccc[c]21,CS(C)=O,O,CS(C)=O,CS(C)=O,CCC(C)(C)O,,,79200.0,0.0,0.0,100.0
CCn1c(=O)c2c(nc(N[C@@H]3CCC[C@H]3O)n2Cc2ccc(OC)c(Br)c2)n(CCO)c1=O,OB(O)c1cccnc1,,,,CC(C)c1cc(C(C)C)c(-c2ccccc2[PH](C(C)(C)C)(C(C)(C)C)[Pd]2([O]S(C)(=O)=O)[NH]c3ccccc3-c3cccc[c]32)c(C(C)C)c1,CS(C)=O,O,CS(C)=O,CS(C)=O,CS(C)=O,,,79200.0,0.0,0.0,0.0
O=C(NCc1ccc(F)cc1)c1nc(Br)c2cccnc2c1O,CN(C)c1ccc(B2OC(C)(C)C(C)(C)O2)cc1,,,,CN(C)c1ccc([PH](C(C)(C)C)(C(C)(C)C)[Pd]2([O]S(C)(=O)=O)[NH]c3ccccc3-c3cccc[c]32)cc1,CS(C)=O,O,CS(C)=O,CS(C)=O,CS(C)=O,,,79200.0,0.0,0.0,0.0
CCOC(=O)N1CCC(=C2c3ccc(Cl)cc3CCc3cc(Br)cnc32)CC1,CN(C)c1ccc(B2OC(C)(C)C(C)(C)O2)cc1,,,,CN(C)c1ccc([PH](C(C)(C)C)(C(C)(C)C)[Pd]2([O]S(C)(=O)=O)[NH]c3ccccc3-c3cccc[c]32)cc1,CS(C)=O,O,CS(C)=O,CS(C)=O,CCC(C)(C)O,,,79200.0,0.0,0.0,100.0
CCOC(=O)N1CCC(=C2c3ccc(Cl)cc3CCc3cc(Br)cnc32)CC1,Cc1cc(O)ccc1B1OC(C)(C)C(C)(C)O1,,,,CN(C)c1ccc([PH](C(C)(C)C)(C(C)(C)C)[Pd]2([O]S(C)(=O)=O)[NH]c3ccccc3-c3cccc[c]32)cc1,CS(C)=O,O,CS(C)=O,CS(C)=O,CS(C)=O,,,79200.0,0.0,0.0,100.0
CN1C(=O)C[C@@](C)(c2sccc2Cl)N/C1=N/C(=O)OC(C)(C)C,CC1(C)OB(c2cn(S(=O)(=O)c3ccccc3)c3ncccc23)OC1(C)C,,,,CC(C)c1cc(C(C)C)c(-c2ccccc2[PH](C(C)(C)C)(C(C)(C)C)[Pd]2([O]S(C)(=O)=O)[NH]c3ccccc3-c3cccc[c]32)c(C(C)C)c1,CS(C)=O,O,CS(C)=O,CS(C)=O,CS(C)=O,,,79200.0,0.0,0.0,0.0
O=C(NCc1ccc(F)cc1)c1nc(Br)c2cccnc2c1O,CC1(C)OB(c2cnn(Cc3ccccc3)c2)OC1(C)C,,,,CN(C)c1ccc([PH](C(C)(C)C)(C(C)(C)C)[Pd]2([O]S(C)(=O)=O)[NH]c3ccccc3-c3cccc[c]32)cc1,CS(C)=O,O,CS(C)=O,CS(C)=O,CS(C)=O,,,79200.0,0.0,0.0,19.616243362426758
CCOC(=O)N1CCC(=C2c3ccc(Cl)cc3CCc3cc(Br)cnc32)CC1,OB(O)c1cccnc1,,,,CC(C)(C)[PH](C(C)(C)C)(C(C)(C)C)[Pd]1([Cl])[NH]c2ccccc2-c2cccc[c]21,CS(C)=O,O,CS(C)=O,CS(C)=O,CCC(C)(C)O,,,79200.0,0.0,0.0,7.257534027099609
O=C1NCCc2[nH]c(-c3ccnc(Br)c3)cc21,CC1(C)OB(C2=CCCCC2)OC1(C)C,,,,CC(C)c1cc(C(C)C)c(-c2ccccc2[PH](C(C)(C)C)(C(C)(C)C)[Pd]2([O]S(C)(=O)=O)[NH]c3ccccc3-c3cccc[c]32)c(C(C)C)c1,CS(C)=O,O,CS(C)=O,CS(C)=O,CS(C)=O,,,79200.0,0.0,0.0,5.0398969650268555
O=C1NCCc2[nH]c(-c3ccnc(Br)c3)cc21,Cc1cc(O)ccc1B1OC(C)(C)C(C)(C)O1,,,,CN(C)c1ccc([PH](C(C)(C)C)(C(C)(C)C)[Pd]2([O]S(C)(=O)=O)[NH]c3ccccc3-c3cccc[c]32)cc1,CS(C)=O,O,CS(C)=O,CS(C)=O,CS(C)=O,,,79200.0,0.0,0.0,0.0
COC(=O)[C@@H]1C[C@@H](OC(=O)N2Cc3cccc(Br)c3C2)CN1C(=O)OCc1ccccc1,Cc1cc(O)ccc1B1OC(C)(C)C(C)(C)O1,,,,CC(C)Oc1cccc(OC(C)C)c1-c1ccccc1[PH](C1CCCCC1)(C1CCCCC1)[Pd]1([O]S(C)(=O)=O)[NH]c2ccccc2-c2cccc[c]21,CS(C)=O,O,CS(C)=O,CS(C)=O,O,,,79200.0,0.0,0.0,100.0
CN1C(=O)C[C@@](C)(c2sccc2Cl)N/C1=N/C(=O)OC(C)(C)C,CC1(C)OB(C2=CCCCC2)OC1(C)C,,,,CC(C)Oc1cccc(OC(C)C)c1-c1ccccc1[PH](C1CCCCC1)(C1CCCCC1)[Pd]1([O]S(C)(=O)=O)[NH]c2ccccc2-c2cccc[c]21,CS(C)=O,O,CS(C)=O,CS(C)=O,O,,,79200.0,0.0,0.0,0.0
Ic1c[nH]c2ncccc12,CC1(C)OB(c2cnc(-n3cccn3)nc2)OC1(C)C,,,,CN(C)c1ccc([PH](C(C)(C)C)(C(C)(C)C)[Pd]2([O]S(C)(=O)=O)[NH]c3ccccc3-c3cccc[c]32)cc1,CS(C)=O,O,CS(C)=O,CS(C)=O,CS(C)=O,,,79200.0,0.0,0.0,0.0
COC(=O)[C@@H]1C[C@@H](OC(=O)N2Cc3cccc(Br)c3C2)CN1C(=O)OCc1ccccc1,Cc1cc(O)ccc1B1OC(C)(C)C(C)(C)O1,,,,CC(C)c1cc(C(C)C)c(-c2ccccc2[PH](C2CCCCC2)(C2CCCCC2)[Pd]2([O]S(C)(=O)=O)[NH]c3ccccc3-c3cccc[c]32)c(C(C)C)c1,CS(C)=O,O,CS(C)=O,CS(C)=O,O,,,79200.0,0.0,0.0,70.32880401611328
CCOC(=O)N1CCC(=C2c3ccc(Cl)cc3CCc3cc(Br)cnc32)CC1,CN(C)c1ccc(B2OC(C)(C)C(C)(C)O2)cc1,,,,CN(C)c1ccc([PH](C(C)(C)C)(C(C)(C)C)[Pd]2([O]S(C)(=O)=O)[NH]c3ccccc3-c3cccc[c]32)cc1,CS(C)=O,O,CS(C)=O,CS(C)=O,CCC(C)(C)O,,,79200.0,0.0,0.0,76.4079360961914
Ic1c[nH]c2ncccc12,CC1(C)OB(c2cccc(C3(NC(=O)OCc4ccccc4)CC3)c2)OC1(C)C,,,,CC(C)c1cc(C(C)C)c(-c2ccccc2[PH](C(C)(C)C)(C(C)(C)C)[Pd]2([O]S(C)(=O)=O)[NH]c3ccccc3-c3cccc[c]32)c(C(C)C)c1,CS(C)=O,O,CS(C)=O,CS(C)=O,CS(C)=O,,,79200.0,0.0,0.0,0.0
CCn1c(=O)c2c(nc(N[C@@H]3CCC[C@H]3O)n2Cc2ccc(OC)c(Br)c2)n(CCO)c1=O,OB(O)c1cccnc1,,,,CC(C)c1cc(C(C)C)c(-c2ccccc2[PH](C2CCCCC2)(C2CCCCC2)[Pd]2([O]S(C)(=O)=O)[NH]c3ccccc3-c3cccc[c]32)c(C(C)C)c1,CS(C)=O,O,CS(C)=O,CS(C)=O,O,,,79200.0,0.0,0.0,18.375303268432617
O=C(NCc1ccc(F)cc1)c1nc(Br)c2cccnc2c1O,O=C(NC1CCCC1)c1ccc(B(O)O)cc1,,,,CC(C)(C)[PH](C(C)(C)C)(C(C)(C)C)[Pd]1([Cl])[NH]c2ccccc2-c2cccc[c]21,CS(C)=O,O,CS(C)=O,CS(C)=O,CCC(C)(C)O,,,79200.0,0.0,0.0,0.0
CN1C(=O)C[C@@](C)(c2cc(Br)cs2)N/C1=N/C(=O)OC(C)(C)C,OB(O)c1cccnc1,,,,CN(C)c1ccc([PH](C(C)(C)C)(C(C)(C)C)[Pd]2([O]S(C)(=O)=O)[NH]c3ccccc3-c3cccc[c]32)cc1,CS(C)=O,O,CS(C)=O,CS(C)=O,CS(C)=O,,,79200.0,0.0,0.0,22.54336166381836
O=C(Nc1ccccc1N1CCNCC1)c1csc(Br)n1,CC1(C)OB(c2cn(S(=O)(=O)c3ccccc3)c3ncccc23)OC1(C)C,,,,CN(C)c1ccc([PH](C(C)(C)C)(C(C)(C)C)[Pd]2([O]S(C)(=O)=O)[NH]c3ccccc3-c3cccc[c]32)cc1,CS(C)=O,O,CS(C)=O,CS(C)=O,CCC(C)(C)O,,,79200.0,0.0,0.0,0.0
Brc1ccc(-c2ccccc2)cn1,CC1(C)OB(c2cnc(-n3cccn3)nc2)OC1(C)C,,,,CC(C)(C)[PH](C(C)(C)C)(C(C)(C)C)[Pd]1([Cl])[NH]c2ccccc2-c2cccc[c]21,CS(C)=O,O,CS(C)=O,CS(C)=O,CCC(C)(C)O,,,79200.0,0.0,0.0,14.030291557312012
Ic1c[nH]c2ncccc12,OB(O)c1cccnc1,,,,CC(C)c1cc(C(C)C)c(-c2ccccc2[PH](C2CCCCC2)(C2CCCCC2)[Pd]2([O]S(C)(=O)=O)[NH]c3ccccc3-c3cccc[c]32)c(C(C)C)c1,CS(C)=O,O,CS(C)=O,CS(C)=O,O,,,79200.0,0.0,0.0,0.0
O=C(NCc1ccc(F)cc1)c1nc(Br)c2cccnc2c1O,CC1(C)OB(c2cccc(C3(NC(=O)OCc4ccccc4)CC3)c2)OC1(C)C,,,,CC(C)c1cc(C(C)C)c(-c2ccccc2[PH](C(C)(C)C)(C(C)(C)C)[Pd]2([O]S(C)(=O)=O)[NH]c3ccccc3-c3cccc[c]32)c(C(C)C)c1,CS(C)=O,O,CS(C)=O,CS(C)=O,CS(C)=O,,,79200.0,0.0,0.0,0.0
CN1C(=O)C[C@@](C)(c2cc(Br)cs2)N/C1=N/C(=O)OC(C)(C)C,O=C(NC1CCCC1)c1ccc(B(O)O)cc1,,,,CC(C)c1cc(C(C)C)c(-c2ccccc2[PH](C(C)(C)C)(C(C)(C)C)[Pd]2([O]S(C)(=O)=O)[NH]c3ccccc3-c3cccc[c]32)c(C(C)C)c1,CS(C)=O,O,CS(C)=O,CS(C)=O,CS(C)=O,,,79200.0,0.0,0.0,0.0
O=C(Nc1ccccc1N1CCNCC1)c1csc(Br)n1,CC1(C)OB(c2cnn(Cc3ccccc3)c2)OC1(C)C,,,,CC(C)c1cc(C(C)C)c(-c2ccccc2[PH](C(C)(C)C)(C(C)(C)C)[Pd]2([O]S(C)(=O)=O)[NH]c3ccccc3-c3cccc[c]32)c(C(C)C)c1,CS(C)=O,O,CS(C)=O,CS(C)=O,CS(C)=O,,,79200.0,0.0,0.0,2.4611892700195312
CN1C(=O)C[C@@](C)(c2cc(Br)cs2)N/C1=N/C(=O)OC(C)(C)C,OB(O)c1cccnc1,,,,CC(C)c1cc(C(C)C)c(-c2ccccc2[PH](C(C)(C)C)(C(C)(C)C)[Pd]2([O]S(C)(=O)=O)[NH]c3ccccc3-c3cccc[c]32)c(C(C)C)c1,CS(C)=O,O,CS(C)=O,CS(C)=O,CS(C)=O,,,79200.0,0.0,0.0,0.0
O=C(NCc1ccc(F)cc1)c1nc(Br)c2cccnc2c1O,CC1(C)OB(c2cn(S(=O)(=O)c3ccccc3)c3ncccc23)OC1(C)C,,,,CN(C)c1ccc([PH](C(C)(C)C)(C(C)(C)C)[Pd]2([O]S(C)(=O)=O)[NH]c3ccccc3-c3cccc[c]32)cc1,CS(C)=O,O,CS(C)=O,CS(C)=O,CCC(C)(C)O,,,79200.0,0.0,0.0,0.0
O=C(NCc1ccc(F)cc1)c1nc(Br)c2cccnc2c1O,CC1(C)OB(c2cccc(C3(NC(=O)OCc4ccccc4)CC3)c2)OC1(C)C,,,,CC(C)c1cc(C(C)C)c(-c2ccccc2[PH](C2CCCCC2)(C2CCCCC2)[Pd]2([O]S(C)(=O)=O)[NH]c3ccccc3-c3cccc[c]32)c(C(C)C)c1,CS(C)=O,O,CS(C)=O,CS(C)=O,O,,,79200.0,0.0,0.0,0.0
CCCc1nc2ccc(I)cc2c(=O)n1Cc1ccc(-c2ccccc2S(=O)(=O)NC(C)(C)C)cc1,CN(C)c1ccc(B2OC(C)(C)C(C)(C)O2)cc1,,,,CC(C)c1cc(C(C)C)c(-c2ccccc2[PH](C2CCCCC2)(C2CCCCC2)[Pd]2([O]S(C)(=O)=O)[NH]c3ccccc3-c3cccc[c]32)c(C(C)C)c1,CS(C)=O,O,CS(C)=O,CS(C)=O,O,,,79200.0,0.0,0.0,20.454341888427734
Ic1c[nH]c2ncccc12,CC1(C)OB(c2cn(S(=O)(=O)c3ccccc3)c3ncccc23)OC1(C)C,,,,CC(C)(C)[PH](C(C)(C)C)(C(C)(C)C)[Pd]1([Cl])[NH]c2ccccc2-c2cccc[c]21,CS(C)=O,O,CS(C)=O,CS(C)=O,CCC(C)(C)O,,,79200.0,0.0,0.0,0.0
CC(=O)NC(C)(C)[C@@H]1CC2(CCN(C(=O)OC(C)(C)C)CC2)c2cc(Cl)c(C)cc21,CC1(C)OB(c2cnn(Cc3ccccc3)c2)OC1(C)C,,,,CC(C)c1cc(C(C)C)c(-c2ccccc2[PH](C(C)(C)C)(C(C)(C)C)[Pd]2([O]S(C)(=O)=O)[NH]c3ccccc3-c3cccc[c]32)c(C(C)C)c1,CS(C)=O,O,CS(C)=O,CS(C)=O,CS(C)=O,,,79200.0,0.0,0.0,83.74641418457031
O=C1NCCc2[nH]c(-c3ccnc(Br)c3)cc21,CC1(C)OB(c2ccc(-c3cnccn3)cc2)OC1(C)C,,,,CC(C)Oc1cccc(OC(C)C)c1-c1ccccc1[PH](C1CCCCC1)(C1CCCCC1)[Pd]1([O]S(C)(=O)=O)[NH]c2ccccc2-c2cccc[c]21,CS(C)=O,O,CS(C)=O,CS(C)=O,O,,,79200.0,0.0,0.0,18.951112747192383
CCCc1nc2ccc(I)cc2c(=O)n1Cc1ccc(-c2ccccc2S(=O)(=O)NC(C)(C)C)cc1,CC1(C)OB(c2cnc(-n3cccn3)nc2)OC1(C)C,,,,CN(C)c1ccc([PH](C(C)(C)C)(C(C)(C)C)[Pd]2([O]S(C)(=O)=O)[NH]c3ccccc3-c3cccc[c]32)cc1,CS(C)=O,O,CS(C)=O,CS(C)=O,CCC(C)(C)O,,,79200.0,0.0,0.0,32.51874923706055
COC(=O)[C@@H]1C[C@@H](OC(=O)N2Cc3cccc(Br)c3C2)CN1C(=O)OCc1ccccc1,CC1(C)OB(c2cnc(-n3cccn3)nc2)OC1(C)C,,,,CN(C)c1ccc([PH](C(C)(C)C)(C(C)(C)C)[Pd]2([O]S(C)(=O)=O)[NH]c3ccccc3-c3cccc[c]32)cc1,CS(C)=O,O,CS(C)=O,CS(C)=O,CS(C)=O,,,79200.0,0.0,0.0,0.0
COC(=O)[C@@H]1C[C@@H](OC(=O)N2Cc3cccc(Br)c3C2)CN1C(=O)OCc1ccccc1,O=C(NC1CCCC1)c1ccc(B(O)O)cc1,,,,CN(C)c1ccc([PH](C(C)(C)C)(C(C)(C)C)[Pd]2([O]S(C)(=O)=O)[NH]c3ccccc3-c3cccc[c]32)cc1,CS(C)=O,O,CS(C)=O,CS(C)=O,CCC(C)(C)O,,,79200.0,0.0,0.0,92.02827453613281
CCCc1nc2ccc(I)cc2c(=O)n1Cc1ccc(-c2ccccc2S(=O)(=O)NC(C)(C)C)cc1,CN(C)c1ccc(B2OC(C)(C)C(C)(C)O2)cc1,,,,CC(C)c1cc(C(C)C)c(-c2ccccc2[PH](C(C)(C)C)(C(C)(C)C)[Pd]2([O]S(C)(=O)=O)[NH]c3ccccc3-c3cccc[c]32)c(C(C)C)c1,CS(C)=O,O,CS(C)=O,CS(C)=O,CS(C)=O,,,79200.0,0.0,0.0,10.813405990600586
Ic1c[nH]c2ncccc12,CC1(C)OB(c2cccc(C3(NC(=O)OCc4ccccc4)CC3)c2)OC1(C)C,,,,CN(C)c1ccc([PH](C(C)(C)C)(C(C)(C)C)[Pd]2([O]S(C)(=O)=O)[NH]c3ccccc3-c3cccc[c]32)cc1,CS(C)=O,O,CS(C)=O,CS(C)=O,CCC(C)(C)O,,,79200.0,0.0,0.0,0.0
CCCc1nc2ccc(I)cc2c(=O)n1Cc1ccc(-c2ccccc2S(=O)(=O)NC(C)(C)C)cc1,CN(C)c1ccc(B2OC(C)(C)C(C)(C)O2)cc1,,,,CN(C)c1ccc([PH](C(C)(C)C)(C(C)(C)C)[Pd]2([O]S(C)(=O)=O)[NH]c3ccccc3-c3cccc[c]32)cc1,CS(C)=O,O,CS(C)=O,CS(C)=O,CCC(C)(C)O,,,79200.0,0.0,0.0,71.68331909179688
CN1C(=O)C[C@@](C)(c2cc(Br)cs2)N/C1=N/C(=O)OC(C)(C)C,Cc1cc(O)ccc1B1OC(C)(C)C(C)(C)O1,,,,CN(C)c1ccc([PH](C(C)(C)C)(C(C)(C)C)[Pd]2([O]S(C)(=O)=O)[NH]c3ccccc3-c3cccc[c]32)cc1,CS(C)=O,O,CS(C)=O,CS(C)=O,CS(C)=O,,,79200.0,0.0,0.0,70.10660552978516
Ic1c[nH]c2ncccc12,CC1(C)OB(c2cn(S(=O)(=O)c3ccccc3)c3ncccc23)OC1(C)C,,,,CN(C)c1ccc([PH](C(C)(C)C)(C(C)(C)C)[Pd]2([O]S(C)(=O)=O)[NH]c3ccccc3-c3cccc[c]32)cc1,CS(C)=O,O,CS(C)=O,CS(C)=O,CS(C)=O,,,79200.0,0.0,0.0,24.46668815612793
O=C1NCCc2[nH]c(-c3ccnc(Br)c3)cc21,CC1(C)OB(c2cn(S(=O)(=O)c3ccccc3)c3ncccc23)OC1(C)C,,,,CN(C)c1ccc([PH](C(C)(C)C)(C(C)(C)C)[Pd]2([O]S(C)(=O)=O)[NH]c3ccccc3-c3cccc[c]32)cc1,CS(C)=O,O,CS(C)=O,CS(C)=O,CCC(C)(C)O,,,79200.0,0.0,0.0,100.0
O=C(Nc1ccccc1N1CCNCC1)c1csc(Br)n1,OB(O)c1cccnc1,,,,CN(C)c1ccc([PH](C(C)(C)C)(C(C)(C)C)[Pd]2([O]S(C)(=O)=O)[NH]c3ccccc3-c3cccc[c]32)cc1,CS(C)=O,O,CS(C)=O,CS(C)=O,CS(C)=O,,,79200.0,0.0,0.0,0.0
CCCc1nc2ccc(I)cc2c(=O)n1Cc1ccc(-c2ccccc2S(=O)(=O)NC(C)(C)C)cc1,OB(O)c1cccnc1,,,,CN(C)c1ccc([PH](C(C)(C)C)(C(C)(C)C)[Pd]2([O]S(C)(=O)=O)[NH]c3ccccc3-c3cccc[c]32)cc1,CS(C)=O,O,CS(C)=O,CS(C)=O,CS(C)=O,,,79200.0,0.0,0.0,13.277769088745117
CCOC(=O)N1CCC(=C2c3ccc(Cl)cc3CCc3cc(Br)cnc32)CC1,O=C(NC1CCCC1)c1ccc(B(O)O)cc1,,,,CN(C)c1ccc([PH](C(C)(C)C)(C(C)(C)C)[Pd]2([O]S(C)(=O)=O)[NH]c3ccccc3-c3cccc[c]32)cc1,CS(C)=O,O,CS(C)=O,CS(C)=O,CS(C)=O,,,79200.0,0.0,0.0,100.0
Brc1ccc(-c2ccccc2)cn1,CN(C)c1ccc(B2OC(C)(C)C(C)(C)O2)cc1,,,,CC(C)(C)[PH](C(C)(C)C)(C(C)(C)C)[Pd]1([Cl])[NH]c2ccccc2-c2cccc[c]21,CS(C)=O,O,CS(C)=O,CS(C)=O,CCC(C)(C)O,,,79200.0,0.0,0.0,75.22675323486328
O=C1NCCc2[nH]c(-c3ccnc(Br)c3)cc21,CC1(C)OB(C2=CCCCC2)OC1(C)C,,,,CN(C)c1ccc([PH](C(C)(C)C)(C(C)(C)C)[Pd]2([O]S(C)(=O)=O)[NH]c3ccccc3-c3cccc[c]32)cc1,CS(C)=O,O,CS(C)=O,CS(C)=O,CCC(C)(C)O,,,79200.0,0.0,0.0,45.55250930786133
O=C(NCc1ccc(F)cc1)c1nc(Br)c2cccnc2c1O,Cc1cc(O)ccc1B1OC(C)(C)C(C)(C)O1,,,,CN(C)c1ccc([PH](C(C)(C)C)(C(C)(C)C)[Pd]2([O]S(C)(=O)=O)[NH]c3ccccc3-c3cccc[c]32)cc1,CS(C)=O,O,CS(C)=O,CS(C)=O,CCC(C)(C)O,,,79200.0,0.0,0.0,0.0
Ic1c[nH]c2ncccc12,OB(O)c1cccnc1,,,,CC(C)Oc1cccc(OC(C)C)c1-c1ccccc1[PH](C1CCCCC1)(C1CCCCC1)[Pd]1([O]S(C)(=O)=O)[NH]c2ccccc2-c2cccc[c]21,CS(C)=O,O,CS(C)=O,CS(C)=O,O,,,79200.0,0.0,0.0,0.0
Ic1c[nH]c2ncccc12,CC1(C)OB(c2cn(S(=O)(=O)c3ccccc3)c3ncccc23)OC1(C)C,,,,CC(C)c1cc(C(C)C)c(-c2ccccc2[PH](C(C)(C)C)(C(C)(C)C)[Pd]2([O]S(C)(=O)=O)[NH]c3ccccc3-c3cccc[c]32)c(C(C)C)c1,CS(C)=O,O,CS(C)=O,CS(C)=O,CS(C)=O,,,79200.0,0.0,0.0,20.09174156188965
CCn1c(=O)c2c(nc(N[C@@H]3CCC[C@H]3O)n2Cc2ccc(OC)c(Br)c2)n(CCO)c1=O,Cc1cc(O)ccc1B1OC(C)(C)C(C)(C)O1,,,,CC(C)c1cc(C(C)C)c(-c2ccccc2[PH](C2CCCCC2)(C2CCCCC2)[Pd]2([O]S(C)(=O)=O)[NH]c3ccccc3-c3cccc[c]32)c(C(C)C)c1,CS(C)=O,O,CS(C)=O,CS(C)=O,O,,,79200.0,0.0,0.0,100.0
COC(=O)[C@@H]1C[C@@H](OC(=O)N2Cc3cccc(Br)c3C2)CN1C(=O)OCc1ccccc1,CC1(C)OB(c2cnn(Cc3ccccc3)c2)OC1(C)C,,,,CN(C)c1ccc([PH](C(C)(C)C)(C(C)(C)C)[Pd]2([O]S(C)(=O)=O)[NH]c3ccccc3-c3cccc[c]32)cc1,CS(C)=O,O,CS(C)=O,CS(C)=O,CCC(C)(C)O,,,79200.0,0.0,0.0,80.14250183105469
COC(=O)[C@@H]1C[C@@H](OC(=O)N2Cc3cccc(Br)c3C2)CN1C(=O)OCc1ccccc1,CC1(C)OB(c2cccc(C3(NC(=O)OCc4ccccc4)CC3)c2)OC1(C)C,,,,CN(C)c1ccc([PH](C(C)(C)C)(C(C)(C)C)[Pd]2([O]S(C)(=O)=O)[NH]c3ccccc3-c3cccc[c]32)cc1,CS(C)=O,O,CS(C)=O,CS(C)=O,CS(C)=O,,,79200.0,0.0,0.0,35.128971099853516
O=C(Nc1ccccc1N1CCNCC1)c1csc(Br)n1,CC1(C)OB(c2cnc(-n3cccn3)nc2)OC1(C)C,,,,CC(C)Oc1cccc(OC(C)C)c1-c1ccccc1[PH](C1CCCCC1)(C1CCCCC1)[Pd]1([O]S(C)(=O)=O)[NH]c2ccccc2-c2cccc[c]21,CS(C)=O,O,CS(C)=O,CS(C)=O,O,,,79200.0,0.0,0.0,0.0
CN1C(=O)C[C@@](C)(c2sccc2Cl)N/C1=N/C(=O)OC(C)(C)C,CC1(C)OB(c2cn(S(=O)(=O)c3ccccc3)c3ncccc23)OC1(C)C,,,,CC(C)c1cc(C(C)C)c(-c2ccccc2[PH](C2CCCCC2)(C2CCCCC2)[Pd]2([O]S(C)(=O)=O)[NH]c3ccccc3-c3cccc[c]32)c(C(C)C)c1,CS(C)=O,O,CS(C)=O,CS(C)=O,O,,,79200.0,0.0,0.0,0.0
CN1C(=O)C[C@@](C)(c2cc(Br)cs2)N/C1=N/C(=O)OC(C)(C)C,CC1(C)OB(c2cccc(C3(NC(=O)OCc4ccccc4)CC3)c2)OC1(C)C,,,,CC(C)c1cc(C(C)C)c(-c2ccccc2[PH](C(C)(C)C)(C(C)(C)C)[Pd]2([O]S(C)(=O)=O)[NH]c3ccccc3-c3cccc[c]32)c(C(C)C)c1,CS(C)=O,O,CS(C)=O,CS(C)=O,CS(C)=O,,,79200.0,0.0,0.0,7.629642009735107
Ic1c[nH]c2ncccc12,CC1(C)OB(c2cn(S(=O)(=O)c3ccccc3)c3ncccc23)OC1(C)C,,,,CC(C)(C)[PH](C(C)(C)C)(C(C)(C)C)[Pd]1([Cl])[NH]c2ccccc2-c2cccc[c]21,CS(C)=O,O,CS(C)=O,CS(C)=O,CCC(C)(C)O,,,79200.0,0.0,0.0,0.0
CN1C(=O)C[C@@](C)(c2sccc2Cl)N/C1=N/C(=O)OC(C)(C)C,CC1(C)OB(c2cnn(Cc3ccccc3)c2)OC1(C)C,,,,CC(C)(C)[PH](C(C)(C)C)(C(C)(C)C)[Pd]1([Cl])[NH]c2ccccc2-c2cccc[c]21,CS(C)=O,O,CS(C)=O,CS(C)=O,CCC(C)(C)O,,,79200.0,0.0,0.0,0.0
Ic1c[nH]c2ncccc12,Cc1cc(O)ccc1B1OC(C)(C)C(C)(C)O1,,,,CC(C)c1cc(C(C)C)c(-c2ccccc2[PH](C2CCCCC2)(C2CCCCC2)[Pd]2([O]S(C)(=O)=O)[NH]c3ccccc3-c3cccc[c]32)c(C(C)C)c1,CS(C)=O,O,CS(C)=O,CS(C)=O,O,,,79200.0,0.0,0.0,0.0
O=C(NCc1ccc(F)cc1)c1nc(Br)c2cccnc2c1O,CC1(C)OB(c2cnc(-n3cccn3)nc2)OC1(C)C,,,,CC(C)c1cc(C(C)C)c(-c2ccccc2[PH](C2CCCCC2)(C2CCCCC2)[Pd]2([O]S(C)(=O)=O)[NH]c3ccccc3-c3cccc[c]32)c(C(C)C)c1,CS(C)=O,O,CS(C)=O,CS(C)=O,O,,,79200.0,0.0,0.0,0.0
O=C(Nc1ccccc1N1CCNCC1)c1csc(Br)n1,CC1(C)OB(c2ccc(-c3cnccn3)cc2)OC1(C)C,,,,CC(C)c1cc(C(C)C)c(-c2ccccc2[PH](C2CCCCC2)(C2CCCCC2)[Pd]2([O]S(C)(=O)=O)[NH]c3ccccc3-c3cccc[c]32)c(C(C)C)c1,CS(C)=O,O,CS(C)=O,CS(C)=O,O,,,79200.0,0.0,0.0,39.484535217285156
Brc1ccc(-c2ccccc2)cn1,O=C(NC1CCCC1)c1ccc(B(O)O)cc1,,,,CN(C)c1ccc([PH](C(C)(C)C)(C(C)(C)C)[Pd]2([O]S(C)(=O)=O)[NH]c3ccccc3-c3cccc[c]32)cc1,CS(C)=O,O,CS(C)=O,CS(C)=O,CS(C)=O,,,79200.0,0.0,0.0,7.022558212280273
CC(=O)NC(C)(C)[C@@H]1CC2(CCN(C(=O)OC(C)(C)C)CC2)c2cc(Cl)c(C)cc21,CC1(C)OB(c2cccc(C3(NC(=O)OCc4ccccc4)CC3)c2)OC1(C)C,,,,CC(C)(C)[PH](C(C)(C)C)(C(C)(C)C)[Pd]1([Cl])[NH]c2ccccc2-c2cccc[c]21,CS(C)=O,O,CS(C)=O,CS(C)=O,CCC(C)(C)O,,,79200.0,0.0,0.0,0.0
CC(=O)NC(C)(C)[C@@H]1CC2(CCN(C(=O)OC(C)(C)C)CC2)c2cc(Cl)c(C)cc21,O=C(NC1CCCC1)c1ccc(B(O)O)cc1,,,,CN(C)c1ccc([PH](C(C)(C)C)(C(C)(C)C)[Pd]2([O]S(C)(=O)=O)[NH]c3ccccc3-c3cccc[c]32)cc1,CS(C)=O,O,CS(C)=O,CS(C)=O,CCC(C)(C)O,,,79200.0,0.0,0.0,0.0
CCOC(=O)N1CCC(=C2c3ccc(Cl)cc3CCc3cc(Br)cnc32)CC1,CC1(C)OB(c2cnc(-n3cccn3)nc2)OC1(C)C,,,,CC(C)c1cc(C(C)C)c(-c2ccccc2[PH](C(C)(C)C)(C(C)(C)C)[Pd]2([O]S(C)(=O)=O)[NH]c3ccccc3-c3cccc[c]32)c(C(C)C)c1,CS(C)=O,O,CS(C)=O,CS(C)=O,CS(C)=O,,,79200.0,0.0,0.0,57.971832275390625
O=C(Nc1ccccc1N1CCNCC1)c1csc(Br)n1,Cc1cc(O)ccc1B1OC(C)(C)C(C)(C)O1,,,,CC(C)c1cc(C(C)C)c(-c2ccccc2[PH](C2CCCCC2)(C2CCCCC2)[Pd]2([O]S(C)(=O)=O)[NH]c3ccccc3-c3cccc[c]32)c(C(C)C)c1,CS(C)=O,O,CS(C)=O,CS(C)=O,O,,,79200.0,0.0,0.0,2.4297335147857666
O=C(Nc1ccccc1N1CCNCC1)c1csc(Br)n1,Cc1cc(O)ccc1B1OC(C)(C)C(C)(C)O1,,,,CN(C)c1ccc([PH](C(C)(C)C)(C(C)(C)C)[Pd]2([O]S(C)(=O)=O)[NH]c3ccccc3-c3cccc[c]32)cc1,CS(C)=O,O,CS(C)=O,CS(C)=O,CS(C)=O,,,79200.0,0.0,0.0,4.7880988121032715
CN1C(=O)C[C@@](C)(c2cc(Br)cs2)N/C1=N/C(=O)OC(C)(C)C,CC1(C)OB(c2cn(S(=O)(=O)c3ccccc3)c3ncccc23)OC1(C)C,,,,CN(C)c1ccc([PH](C(C)(C)C)(C(C)(C)C)[Pd]2([O]S(C)(=O)=O)[NH]c3ccccc3-c3cccc[c]32)cc1,CS(C)=O,O,CS(C)=O,CS(C)=O,CS(C)=O,,,79200.0,0.0,0.0,71.10755157470703
CCCc1nc2ccc(I)cc2c(=O)n1Cc1ccc(-c2ccccc2S(=O)(=O)NC(C)(C)C)cc1,CC1(C)OB(c2cn(S(=O)(=O)c3ccccc3)c3ncccc23)OC1(C)C,,,,CC(C)(C)[PH](C(C)(C)C)(C(C)(C)C)[Pd]1([Cl])[NH]c2ccccc2-c2cccc[c]21,CS(C)=O,O,CS(C)=O,CS(C)=O,CCC(C)(C)O,,,79200.0,0.0,0.0,100.0
O=C(Nc1ccccc1N1CCNCC1)c1csc(Br)n1,OB(O)c1cccnc1,,,,CC(C)c1cc(C(C)C)c(-c2ccccc2[PH](C(C)(C)C)(C(C)(C)C)[Pd]2([O]S(C)(=O)=O)[NH]c3ccccc3-c3cccc[c]32)c(C(C)C)c1,CS(C)=O,O,CS(C)=O,CS(C)=O,CS(C)=O,,,79200.0,0.0,0.0,1.5257655382156372
CCn1c(=O)c2c(nc(N[C@@H]3CCC[C@H]3O)n2Cc2ccc(OC)c(Br)c2)n(CCO)c1=O,CC1(C)OB(c2cnn(Cc3ccccc3)c2)OC1(C)C,,,,CN(C)c1ccc([PH](C(C)(C)C)(C(C)(C)C)[Pd]2([O]S(C)(=O)=O)[NH]c3ccccc3-c3cccc[c]32)cc1,CS(C)=O,O,CS(C)=O,CS(C)=O,CCC(C)(C)O,,,79200.0,0.0,0.0,100.0
CC(=O)NC(C)(C)[C@@H]1CC2(CCN(C(=O)OC(C)(C)C)CC2)c2cc(Cl)c(C)cc21,CC1(C)OB(c2cnn(Cc3ccccc3)c2)OC1(C)C,,,,CC(C)(C)[PH](C(C)(C)C)(C(C)(C)C)[Pd]1([Cl])[NH]c2ccccc2-c2cccc[c]21,CS(C)=O,O,CS(C)=O,CS(C)=O,CCC(C)(C)O,,,79200.0,0.0,0.0,0.0
O=C1NCCc2[nH]c(-c3ccnc(Br)c3)cc21,CC1(C)OB(C2=CCCCC2)OC1(C)C,,,,CN(C)c1ccc([PH](C(C)(C)C)(C(C)(C)C)[Pd]2([O]S(C)(=O)=O)[NH]c3ccccc3-c3cccc[c]32)cc1,CS(C)=O,O,CS(C)=O,CS(C)=O,CS(C)=O,,,79200.0,0.0,0.0,8.62350082397461
CCn1c(=O)c2c(nc(N[C@@H]3CCC[C@H]3O)n2Cc2ccc(OC)c(Br)c2)n(CCO)c1=O,CC1(C)OB(c2ccc(-c3cnccn3)cc2)OC1(C)C,,,,CN(C)c1ccc([PH](C(C)(C)C)(C(C)(C)C)[Pd]2([O]S(C)(=O)=O)[NH]c3ccccc3-c3cccc[c]32)cc1,CS(C)=O,O,CS(C)=O,CS(C)=O,CS(C)=O,,,79200.0,0.0,0.0,25.840404510498047
Brc1ccc(-c2ccccc2)cn1,CC1(C)OB(c2ccc(-c3cnccn3)cc2)OC1(C)C,,,,CC(C)(C)[PH](C(C)(C)C)(C(C)(C)C)[Pd]1([Cl])[NH]c2ccccc2-c2cccc[c]21,CS(C)=O,O,CS(C)=O,CS(C)=O,CCC(C)(C)O,,,79200.0,0.0,0.0,47.69710159301758
CC(=O)NC(C)(C)[C@@H]1CC2(CCN(C(=O)OC(C)(C)C)CC2)c2cc(Cl)c(C)cc21,CC1(C)OB(C2=CCCCC2)OC1(C)C,,,,CC(C)Oc1cccc(OC(C)C)c1-c1ccccc1[PH](C1CCCCC1)(C1CCCCC1)[Pd]1([O]S(C)(=O)=O)[NH]c2ccccc2-c2cccc[c]21,CS(C)=O,O,CS(C)=O,CS(C)=O,O,,,79200.0,0.0,0.0,37.58571243286133
Ic1c[nH]c2ncccc12,O=C(NC1CCCC1)c1ccc(B(O)O)cc1,,,,CC(C)Oc1cccc(OC(C)C)c1-c1ccccc1[PH](C1CCCCC1)(C1CCCCC1)[Pd]1([O]S(C)(=O)=O)[NH]c2ccccc2-c2cccc[c]21,CS(C)=O,O,CS(C)=O,CS(C)=O,O,,,79200.0,0.0,0.0,0.0
CCn1c(=O)c2c(nc(N[C@@H]3CCC[C@H]3O)n2Cc2ccc(OC)c(Br)c2)n(CCO)c1=O,CC1(C)OB(c2cnn(Cc3ccccc3)c2)OC1(C)C,,,,CC(C)c1cc(C(C)C)c(-c2ccccc2[PH](C2CCCCC2)(C2CCCCC2)[Pd]2([O]S(C)(=O)=O)[NH]c3ccccc3-c3cccc[c]32)c(C(C)C)c1,CS(C)=O,O,CS(C)=O,CS(C)=O,O,,,79200.0,0.0,0.0,100.0
CCCc1nc2ccc(I)cc2c(=O)n1Cc1ccc(-c2ccccc2S(=O)(=O)NC(C)(C)C)cc1,Cc1cc(O)ccc1B1OC(C)(C)C(C)(C)O1,,,,CN(C)c1ccc([PH](C(C)(C)C)(C(C)(C)C)[Pd]2([O]S(C)(=O)=O)[NH]c3ccccc3-c3cccc[c]32)cc1,CS(C)=O,O,CS(C)=O,CS(C)=O,CS(C)=O,,,79200.0,0.0,0.0,100.0
CCOC(=O)N1CCC(=C2c3ccc(Cl)cc3CCc3cc(Br)cnc32)CC1,O=C(NC1CCCC1)c1ccc(B(O)O)cc1,,,,CN(C)c1ccc([PH](C(C)(C)C)(C(C)(C)C)[Pd]2([O]S(C)(=O)=O)[NH]c3ccccc3-c3cccc[c]32)cc1,CS(C)=O,O,CS(C)=O,CS(C)=O,CCC(C)(C)O,,,79200.0,0.0,0.0,100.0
CN1C(=O)C[C@@](C)(c2cc(Br)cs2)N/C1=N/C(=O)OC(C)(C)C,CN(C)c1ccc(B2OC(C)(C)C(C)(C)O2)cc1,,,,CC(C)c1cc(C(C)C)c(-c2ccccc2[PH](C(C)(C)C)(C(C)(C)C)[Pd]2([O]S(C)(=O)=O)[NH]c3ccccc3-c3cccc[c]32)c(C(C)C)c1,CS(C)=O,O,CS(C)=O,CS(C)=O,CS(C)=O,,,79200.0,0.0,0.0,0.0
CCn1c(=O)c2c(nc(N[C@@H]3CCC[C@H]3O)n2Cc2ccc(OC)c(Br)c2)n(CCO)c1=O,CN(C)c1ccc(B2OC(C)(C)C(C)(C)O2)cc1,,,,CC(C)c1cc(C(C)C)c(-c2ccccc2[PH](C2CCCCC2)(C2CCCCC2)[Pd]2([O]S(C)(=O)=O)[NH]c3ccccc3-c3cccc[c]32)c(C(C)C)c1,CS(C)=O,O,CS(C)=O,CS(C)=O,O,,,79200.0,0.0,0.0,84.91695404052734
O=C(Nc1ccccc1N1CCNCC1)c1csc(Br)n1,CN(C)c1ccc(B2OC(C)(C)C(C)(C)O2)cc1,,,,CN(C)c1ccc([PH](C(C)(C)C)(C(C)(C)C)[Pd]2([O]S(C)(=O)=O)[NH]c3ccccc3-c3cccc[c]32)cc1,CS(C)=O,O,CS(C)=O,CS(C)=O,CCC(C)(C)O,,,79200.0,0.0,0.0,1.5735673904418945
CC(=O)NC(C)(C)[C@@H]1CC2(CCN(C(=O)OC(C)(C)C)CC2)c2cc(Cl)c(C)cc21,OB(O)c1cccnc1,,,,CC(C)c1cc(C(C)C)c(-c2ccccc2[PH](C(C)(C)C)(C(C)(C)C)[Pd]2([O]S(C)(=O)=O)[NH]c3ccccc3-c3cccc[c]32)c(C(C)C)c1,CS(C)=O,O,CS(C)=O,CS(C)=O,CS(C)=O,,,79200.0,0.0,0.0,0.0
CN1C(=O)C[C@@](C)(c2cc(Br)cs2)N/C1=N/C(=O)OC(C)(C)C,Cc1cc(O)ccc1B1OC(C)(C)C(C)(C)O1,,,,CC(C)Oc1cccc(OC(C)C)c1-c1ccccc1[PH](C1CCCCC1)(C1CCCCC1)[Pd]1([O]S(C)(=O)=O)[NH]c2ccccc2-c2cccc[c]21,CS(C)=O,O,CS(C)=O,CS(C)=O,O,,,79200.0,0.0,0.0,100.0
Ic1c[nH]c2ncccc12,CC1(C)OB(c2cn(S(=O)(=O)c3ccccc3)c3ncccc23)OC1(C)C,,,,CN(C)c1ccc([PH](C(C)(C)C)(C(C)(C)C)[Pd]2([O]S(C)(=O)=O)[NH]c3ccccc3-c3cccc[c]32)cc1,CS(C)=O,O,CS(C)=O,CS(C)=O,CS(C)=O,,,79200.0,0.0,0.0,0.0
Brc1ccc(-c2ccccc2)cn1,Cc1cc(O)ccc1B1OC(C)(C)C(C)(C)O1,,,,CN(C)c1ccc([PH](C(C)(C)C)(C(C)(C)C)[Pd]2([O]S(C)(=O)=O)[NH]c3ccccc3-c3cccc[c]32)cc1,CS(C)=O,O,CS(C)=O,CS(C)=O,CS(C)=O,,,79200.0,0.0,0.0,80.65130615234375
CCn1c(=O)c2c(nc(N[C@@H]3CCC[C@H]3O)n2Cc2ccc(OC)c(Br)c2)n(CCO)c1=O,CC1(C)OB(c2cnn(Cc3ccccc3)c2)OC1(C)C,,,,CC(C)Oc1cccc(OC(C)C)c1-c1ccccc1[PH](C1CCCCC1)(C1CCCCC1)[Pd]1([O]S(C)(=O)=O)[NH]c2ccccc2-c2cccc[c]21,CS(C)=O,O,CS(C)=O,CS(C)=O,O,,,79200.0,0.0,0.0,100.0
O=C1NCCc2[nH]c(-c3ccnc(Br)c3)cc21,CC1(C)OB(c2cn(S(=O)(=O)c3ccccc3)c3ncccc23)OC1(C)C,,,,CC(C)c1cc(C(C)C)c(-c2ccccc2[PH](C(C)(C)C)(C(C)(C)C)[Pd]2([O]S(C)(=O)=O)[NH]c3ccccc3-c3cccc[c]32)c(C(C)C)c1,CS(C)=O,O,CS(C)=O,CS(C)=O,CS(C)=O,,,79200.0,0.0,0.0,27.249053955078125
O=C1NCCc2[nH]c(-c3ccnc(Br)c3)cc21,Cc1cc(O)ccc1B1OC(C)(C)C(C)(C)O1,,,,CN(C)c1ccc([PH](C(C)(C)C)(C(C)(C)C)[Pd]2([O]S(C)(=O)=O)[NH]c3ccccc3-c3cccc[c]32)cc1,CS(C)=O,O,CS(C)=O,CS(C)=O,CCC(C)(C)O,,,79200.0,0.0,0.0,0.0
CCCc1nc2ccc(I)cc2c(=O)n1Cc1ccc(-c2ccccc2S(=O)(=O)NC(C)(C)C)cc1,CC1(C)OB(c2cnn(Cc3ccccc3)c2)OC1(C)C,,,,CC(C)Oc1cccc(OC(C)C)c1-c1ccccc1[PH](C1CCCCC1)(C1CCCCC1)[Pd]1([O]S(C)(=O)=O)[NH]c2ccccc2-c2cccc[c]21,CS(C)=O,O,CS(C)=O,CS(C)=O,O,,,79200.0,0.0,0.0,18.181411743164062
CC(=O)NC(C)(C)[C@@H]1CC2(CCN(C(=O)OC(C)(C)C)CC2)c2cc(Cl)c(C)cc21,Cc1cc(O)ccc1B1OC(C)(C)C(C)(C)O1,,,,CN(C)c1ccc([PH](C(C)(C)C)(C(C)(C)C)[Pd]2([O]S(C)(=O)=O)[NH]c3ccccc3-c3cccc[c]32)cc1,CS(C)=O,O,CS(C)=O,CS(C)=O,CS(C)=O,,,79200.0,0.0,0.0,0.0
O=C1NCCc2[nH]c(-c3ccnc(Br)c3)cc21,CC1(C)OB(c2cnc(-n3cccn3)nc2)OC1(C)C,,,,CN(C)c1ccc([PH](C(C)(C)C)(C(C)(C)C)[Pd]2([O]S(C)(=O)=O)[NH]c3ccccc3-c3cccc[c]32)cc1,CS(C)=O,O,CS(C)=O,CS(C)=O,CCC(C)(C)O,,,79200.0,0.0,0.0,0.0
O=C(Nc1ccccc1N1CCNCC1)c1csc(Br)n1,OB(O)c1cccnc1,,,,CC(C)c1cc(C(C)C)c(-c2ccccc2[PH](C(C)(C)C)(C(C)(C)C)[Pd]2([O]S(C)(=O)=O)[NH]c3ccccc3-c3cccc[c]32)c(C(C)C)c1,CS(C)=O,O,CS(C)=O,CS(C)=O,CS(C)=O,,,79200.0,0.0,0.0,0.0
CCOC(=O)N1CCC(=C2c3ccc(Cl)cc3CCc3cc(Br)cnc32)CC1,CC1(C)OB(c2ccc(-c3cnccn3)cc2)OC1(C)C,,,,CC(C)(C)[PH](C(C)(C)C)(C(C)(C)C)[Pd]1([Cl])[NH]c2ccccc2-c2cccc[c]21,CS(C)=O,O,CS(C)=O,CS(C)=O,CCC(C)(C)O,,,79200.0,0.0,0.0,100.0
CC(=O)NC(C)(C)[C@@H]1CC2(CCN(C(=O)OC(C)(C)C)CC2)c2cc(Cl)c(C)cc21,CC1(C)OB(C2=CCCCC2)OC1(C)C,,,,CC(C)c1cc(C(C)C)c(-c2ccccc2[PH](C(C)(C)C)(C(C)(C)C)[Pd]2([O]S(C)(=O)=O)[NH]c3ccccc3-c3cccc[c]32)c(C(C)C)c1,CS(C)=O,O,CS(C)=O,CS(C)=O,CS(C)=O,,,79200.0,0.0,0.0,0.0
COC(=O)[C@@H]1C[C@@H](OC(=O)N2Cc3cccc(Br)c3C2)CN1C(=O)OCc1ccccc1,CN(C)c1ccc(B2OC(C)(C)C(C)(C)O2)cc1,,,,CC(C)c1cc(C(C)C)c(-c2ccccc2[PH](C2CCCCC2)(C2CCCCC2)[Pd]2([O]S(C)(=O)=O)[NH]c3ccccc3-c3cccc[c]32)c(C(C)C)c1,CS(C)=O,O,CS(C)=O,CS(C)=O,O,,,79200.0,0.0,0.0,100.0
Brc1ccc(-c2ccccc2)cn1,CC1(C)OB(C2=CCCCC2)OC1(C)C,,,,CN(C)c1ccc([PH](C(C)(C)C)(C(C)(C)C)[Pd]2([O]S(C)(=O)=O)[NH]c3ccccc3-c3cccc[c]32)cc1,CS(C)=O,O,CS(C)=O,CS(C)=O,CS(C)=O,,,79200.0,0.0,0.0,42.47478103637695
O=C(NCc1ccc(F)cc1)c1nc(Br)c2cccnc2c1O,CC1(C)OB(c2cnc(-n3cccn3)nc2)OC1(C)C,,,,CC(C)c1cc(C(C)C)c(-c2ccccc2[PH](C2CCCCC2)(C2CCCCC2)[Pd]2([O]S(C)(=O)=O)[NH]c3ccccc3-c3cccc[c]32)c(C(C)C)c1,CS(C)=O,O,CS(C)=O,CS(C)=O,O,,,79200.0,0.0,0.0,0.0
CCOC(=O)N1CCC(=C2c3ccc(Cl)cc3CCc3cc(Br)cnc32)CC1,CC1(C)OB(c2cccc(C3(NC(=O)OCc4ccccc4)CC3)c2)OC1(C)C,,,,CC(C)(C)[PH](C(C)(C)C)(C(C)(C)C)[Pd]1([Cl])[NH]c2ccccc2-c2cccc[c]21,CS(C)=O,O,CS(C)=O,CS(C)=O,CCC(C)(C)O,,,79200.0,0.0,0.0,100.0
CC(=O)NC(C)(C)[C@@H]1CC2(CCN(C(=O)OC(C)(C)C)CC2)c2cc(Cl)c(C)cc21,Cc1cc(O)ccc1B1OC(C)(C)C(C)(C)O1,,,,CC(C)c1cc(C(C)C)c(-c2ccccc2[PH](C(C)(C)C)(C(C)(C)C)[Pd]2([O]S(C)(=O)=O)[NH]c3ccccc3-c3cccc[c]32)c(C(C)C)c1,CS(C)=O,O,CS(C)=O,CS(C)=O,CS(C)=O,,,79200.0,0.0,0.0,0.0
Brc1ccc(-c2ccccc2)cn1,CC1(C)OB(c2cn(S(=O)(=O)c3ccccc3)c3ncccc23)OC1(C)C,,,,CN(C)c1ccc([PH](C(C)(C)C)(C(C)(C)C)[Pd]2([O]S(C)(=O)=O)[NH]c3ccccc3-c3cccc[c]32)cc1,CS(C)=O,O,CS(C)=O,CS(C)=O,CCC(C)(C)O,,,79200.0,0.0,0.0,42.3828125
COC(=O)[C@@H]1C[C@@H](OC(=O)N2Cc3cccc(Br)c3C2)CN1C(=O)OCc1ccccc1,CC1(C)OB(c2cccc(C3(NC(=O)OCc4ccccc4)CC3)c2)OC1(C)C,,,,CN(C)c1ccc([PH](C(C)(C)C)(C(C)(C)C)[Pd]2([O]S(C)(=O)=O)[NH]c3ccccc3-c3cccc[c]32)cc1,CS(C)=O,O,CS(C)=O,CS(C)=O,CS(C)=O,,,79200.0,0.0,0.0,100.0
O=C(NCc1ccc(F)cc1)c1nc(Br)c2cccnc2c1O,CC1(C)OB(c2cn(S(=O)(=O)c3ccccc3)c3ncccc23)OC1(C)C,,,,CC(C)c1cc(C(C)C)c(-c2ccccc2[PH](C2CCCCC2)(C2CCCCC2)[Pd]2([O]S(C)(=O)=O)[NH]c3ccccc3-c3cccc[c]32)c(C(C)C)c1,CS(C)=O,O,CS(C)=O,CS(C)=O,O,,,79200.0,0.0,0.0,0.0
Ic1c[nH]c2ncccc12,CC1(C)OB(C2=CCCCC2)OC1(C)C,,,,CN(C)c1ccc([PH](C(C)(C)C)(C(C)(C)C)[Pd]2([O]S(C)(=O)=O)[NH]c3ccccc3-c3cccc[c]32)cc1,CS(C)=O,O,CS(C)=O,CS(C)=O,CS(C)=O,,,79200.0,0.0,0.0,40.0975456237793
Brc1ccc(-c2ccccc2)cn1,CC1(C)OB(c2cnn(Cc3ccccc3)c2)OC1(C)C,,,,CC(C)c1cc(C(C)C)c(-c2ccccc2[PH](C(C)(C)C)(C(C)(C)C)[Pd]2([O]S(C)(=O)=O)[NH]c3ccccc3-c3cccc[c]32)c(C(C)C)c1,CS(C)=O,O,CS(C)=O,CS(C)=O,CS(C)=O,,,79200.0,0.0,0.0,79.49712371826172
CC(=O)NC(C)(C)[C@@H]1CC2(CCN(C(=O)OC(C)(C)C)CC2)c2cc(Cl)c(C)cc21,CN(C)c1ccc(B2OC(C)(C)C(C)(C)O2)cc1,,,,CN(C)c1ccc([PH](C(C)(C)C)(C(C)(C)C)[Pd]2([O]S(C)(=O)=O)[NH]c3ccccc3-c3cccc[c]32)cc1,CS(C)=O,O,CS(C)=O,CS(C)=O,CCC(C)(C)O,,,79200.0,0.0,0.0,0.0
O=C(NCc1ccc(F)cc1)c1nc(Br)c2cccnc2c1O,Cc1cc(O)ccc1B1OC(C)(C)C(C)(C)O1,,,,CN(C)c1ccc([PH](C(C)(C)C)(C(C)(C)C)[Pd]2([O]S(C)(=O)=O)[NH]c3ccccc3-c3cccc[c]32)cc1,CS(C)=O,O,CS(C)=O,CS(C)=O,CCC(C)(C)O,,,79200.0,0.0,0.0,0.0
CN1C(=O)C[C@@](C)(c2cc(Br)cs2)N/C1=N/C(=O)OC(C)(C)C,CC1(C)OB(C2=CCCCC2)OC1(C)C,,,,CC(C)(C)[PH](C(C)(C)C)(C(C)(C)C)[Pd]1([Cl])[NH]c2ccccc2-c2cccc[c]21,CS(C)=O,O,CS(C)=O,CS(C)=O,CCC(C)(C)O,,,79200.0,0.0,0.0,63.15348434448242
O=C1NCCc2[nH]c(-c3ccnc(Br)c3)cc21,Cc1cc(O)ccc1B1OC(C)(C)C(C)(C)O1,,,,CC(C)c1cc(C(C)C)c(-c2ccccc2[PH](C(C)(C)C)(C(C)(C)C)[Pd]2([O]S(C)(=O)=O)[NH]c3ccccc3-c3cccc[c]32)c(C(C)C)c1,CS(C)=O,O,CS(C)=O,CS(C)=O,CS(C)=O,,,79200.0,0.0,0.0,0.0
O=C(NCc1ccc(F)cc1)c1nc(Br)c2cccnc2c1O,CC1(C)OB(c2cn(S(=O)(=O)c3ccccc3)c3ncccc23)OC1(C)C,,,,CC(C)c1cc(C(C)C)c(-c2ccccc2[PH](C(C)(C)C)(C(C)(C)C)[Pd]2([O]S(C)(=O)=O)[NH]c3ccccc3-c3cccc[c]32)c(C(C)C)c1,CS(C)=O,O,CS(C)=O,CS(C)=O,CS(C)=O,,,79200.0,0.0,0.0,24.840856552124023
O=C1NCCc2[nH]c(-c3ccnc(Br)c3)cc21,CC1(C)OB(c2cn(S(=O)(=O)c3ccccc3)c3ncccc23)OC1(C)C,,,,CN(C)c1ccc([PH](C(C)(C)C)(C(C)(C)C)[Pd]2([O]S(C)(=O)=O)[NH]c3ccccc3-c3cccc[c]32)cc1,CS(C)=O,O,CS(C)=O,CS(C)=O,CS(C)=O,,,79200.0,0.0,0.0,98.06299591064453
O=C1NCCc2[nH]c(-c3ccnc(Br)c3)cc21,O=C(NC1CCCC1)c1ccc(B(O)O)cc1,,,,CN(C)c1ccc([PH](C(C)(C)C)(C(C)(C)C)[Pd]2([O]S(C)(=O)=O)[NH]c3ccccc3-c3cccc[c]32)cc1,CS(C)=O,O,CS(C)=O,CS(C)=O,CCC(C)(C)O,,,79200.0,0.0,0.0,0.0
Brc1ccc(-c2ccccc2)cn1,CC1(C)OB(c2ccc(-c3cnccn3)cc2)OC1(C)C,,,,CC(C)Oc1cccc(OC(C)C)c1-c1ccccc1[PH](C1CCCCC1)(C1CCCCC1)[Pd]1([O]S(C)(=O)=O)[NH]c2ccccc2-c2cccc[c]21,CS(C)=O,O,CS(C)=O,CS(C)=O,O,,,79200.0,0.0,0.0,27.35004234313965
CCOC(=O)N1CCC(=C2c3ccc(Cl)cc3CCc3cc(Br)cnc32)CC1,CC1(C)OB(c2cnn(Cc3ccccc3)c2)OC1(C)C,,,,CC(C)c1cc(C(C)C)c(-c2ccccc2[PH](C(C)(C)C)(C(C)(C)C)[Pd]2([O]S(C)(=O)=O)[NH]c3ccccc3-c3cccc[c]32)c(C(C)C)c1,CS(C)=O,O,CS(C)=O,CS(C)=O,CS(C)=O,,,79200.0,0.0,0.0,100.0
COC(=O)[C@@H]1C[C@@H](OC(=O)N2Cc3cccc(Br)c3C2)CN1C(=O)OCc1ccccc1,Cc1cc(O)ccc1B1OC(C)(C)C(C)(C)O1,,,,CN(C)c1ccc([PH](C(C)(C)C)(C(C)(C)C)[Pd]2([O]S(C)(=O)=O)[NH]c3ccccc3-c3cccc[c]32)cc1,CS(C)=O,O,CS(C)=O,CS(C)=O,CS(C)=O,,,79200.0,0.0,0.0,89.42919921875
CCCc1nc2ccc(I)cc2c(=O)n1Cc1ccc(-c2ccccc2S(=O)(=O)NC(C)(C)C)cc1,OB(O)c1cccnc1,,,,CN(C)c1ccc([PH](C(C)(C)C)(C(C)(C)C)[Pd]2([O]S(C)(=O)=O)[NH]c3ccccc3-c3cccc[c]32)cc1,CS(C)=O,O,CS(C)=O,CS(C)=O,CS(C)=O,,,79200.0,0.0,0.0,17.10924530029297
CC(=O)NC(C)(C)[C@@H]1CC2(CCN(C(=O)OC(C)(C)C)CC2)c2cc(Cl)c(C)cc21,Cc1cc(O)ccc1B1OC(C)(C)C(C)(C)O1,,,,CC(C)Oc1cccc(OC(C)C)c1-c1ccccc1[PH](C1CCCCC1)(C1CCCCC1)[Pd]1([O]S(C)(=O)=O)[NH]c2ccccc2-c2cccc[c]21,CS(C)=O,O,CS(C)=O,CS(C)=O,O,,,79200.0,0.0,0.0,75.35033416748047
Brc1ccc(-c2ccccc2)cn1,O=C(NC1CCCC1)c1ccc(B(O)O)cc1,,,,CN(C)c1ccc([PH](C(C)(C)C)(C(C)(C)C)[Pd]2([O]S(C)(=O)=O)[NH]c3ccccc3-c3cccc[c]32)cc1,CS(C)=O,O,CS(C)=O,CS(C)=O,CS(C)=O,,,79200.0,0.0,0.0,22.83565330505371
O=C(NCc1ccc(F)cc1)c1nc(Br)c2cccnc2c1O,Cc1cc(O)ccc1B1OC(C)(C)C(C)(C)O1,,,,CC(C)Oc1cccc(OC(C)C)c1-c1ccccc1[PH](C1CCCCC1)(C1CCCCC1)[Pd]1([O]S(C)(=O)=O)[NH]c2ccccc2-c2cccc[c]21,CS(C)=O,O,CS(C)=O,CS(C)=O,O,,,79200.0,0.0,0.0,0.0
Ic1c[nH]c2ncccc12,CC1(C)OB(c2cnc(-n3cccn3)nc2)OC1(C)C,,,,CC(C)(C)[PH](C(C)(C)C)(C(C)(C)C)[Pd]1([Cl])[NH]c2ccccc2-c2cccc[c]21,CS(C)=O,O,CS(C)=O,CS(C)=O,CCC(C)(C)O,,,79200.0,0.0,0.0,0.0
Ic1c[nH]c2ncccc12,CC1(C)OB(c2cnn(Cc3ccccc3)c2)OC1(C)C,,,,CC(C)(C)[PH](C(C)(C)C)(C(C)(C)C)[Pd]1([Cl])[NH]c2ccccc2-c2cccc[c]21,CS(C)=O,O,CS(C)=O,CS(C)=O,CCC(C)(C)O,,,79200.0,0.0,0.0,0.0
CCn1c(=O)c2c(nc(N[C@@H]3CCC[C@H]3O)n2Cc2ccc(OC)c(Br)c2)n(CCO)c1=O,CC1(C)OB(c2cccc(C3(NC(=O)OCc4ccccc4)CC3)c2)OC1(C)C,,,,CN(C)c1ccc([PH](C(C)(C)C)(C(C)(C)C)[Pd]2([O]S(C)(=O)=O)[NH]c3ccccc3-c3cccc[c]32)cc1,CS(C)=O,O,CS(C)=O,CS(C)=O,CS(C)=O,,,79200.0,0.0,0.0,14.02079963684082
CCOC(=O)N1CCC(=C2c3ccc(Cl)cc3CCc3cc(Br)cnc32)CC1,CC1(C)OB(c2ccc(-c3cnccn3)cc2)OC1(C)C,,,,CN(C)c1ccc([PH](C(C)(C)C)(C(C)(C)C)[Pd]2([O]S(C)(=O)=O)[NH]c3ccccc3-c3cccc[c]32)cc1,CS(C)=O,O,CS(C)=O,CS(C)=O,CS(C)=O,,,79200.0,0.0,0.0,100.0
Brc1ccc(-c2ccccc2)cn1,CC1(C)OB(C2=CCCCC2)OC1(C)C,,,,CC(C)c1cc(C(C)C)c(-c2ccccc2[PH](C2CCCCC2)(C2CCCCC2)[Pd]2([O]S(C)(=O)=O)[NH]c3ccccc3-c3cccc[c]32)c(C(C)C)c1,CS(C)=O,O,CS(C)=O,CS(C)=O,O,,,79200.0,0.0,0.0,66.71234130859375
CC(=O)NC(C)(C)[C@@H]1CC2(CCN(C(=O)OC(C)(C)C)CC2)c2cc(Cl)c(C)cc21,O=C(NC1CCCC1)c1ccc(B(O)O)cc1,,,,CN(C)c1ccc([PH](C(C)(C)C)(C(C)(C)C)[Pd]2([O]S(C)(=O)=O)[NH]c3ccccc3-c3cccc[c]32)cc1,CS(C)=O,O,CS(C)=O,CS(C)=O,CS(C)=O,,,79200.0,0.0,0.0,0.0
Brc1ccc(-c2ccccc2)cn1,OB(O)c1cccnc1,,,,CC(C)c1cc(C(C)C)c(-c2ccccc2[PH](C2CCCCC2)(C2CCCCC2)[Pd]2([O]S(C)(=O)=O)[NH]c3ccccc3-c3cccc[c]32)c(C(C)C)c1,CS(C)=O,O,CS(C)=O,CS(C)=O,O,,,79200.0,0.0,0.0,74.98371124267578
CCCc1nc2ccc(I)cc2c(=O)n1Cc1ccc(-c2ccccc2S(=O)(=O)NC(C)(C)C)cc1,CC1(C)OB(C2=CCCCC2)OC1(C)C,,,,CC(C)(C)[PH](C(C)(C)C)(C(C)(C)C)[Pd]1([Cl])[NH]c2ccccc2-c2cccc[c]21,CS(C)=O,O,CS(C)=O,CS(C)=O,CCC(C)(C)O,,,79200.0,0.0,0.0,96.84388732910156
Brc1ccc(-c2ccccc2)cn1,CN(C)c1ccc(B2OC(C)(C)C(C)(C)O2)cc1,,,,CN(C)c1ccc([PH](C(C)(C)C)(C(C)(C)C)[Pd]2([O]S(C)(=O)=O)[NH]c3ccccc3-c3cccc[c]32)cc1,CS(C)=O,O,CS(C)=O,CS(C)=O,CS(C)=O,,,79200.0,0.0,0.0,65.27129364013672
CC(=O)NC(C)(C)[C@@H]1CC2(CCN(C(=O)OC(C)(C)C)CC2)c2cc(Cl)c(C)cc21,CC1(C)OB(c2cccc(C3(NC(=O)OCc4ccccc4)CC3)c2)OC1(C)C,,,,CC(C)Oc1cccc(OC(C)C)c1-c1ccccc1[PH](C1CCCCC1)(C1CCCCC1)[Pd]1([O]S(C)(=O)=O)[NH]c2ccccc2-c2cccc[c]21,CS(C)=O,O,CS(C)=O,CS(C)=O,O,,,79200.0,0.0,0.0,0.0
O=C(NCc1ccc(F)cc1)c1nc(Br)c2cccnc2c1O,CC1(C)OB(c2cnn(Cc3ccccc3)c2)OC1(C)C,,,,CC(C)c1cc(C(C)C)c(-c2ccccc2[PH](C2CCCCC2)(C2CCCCC2)[Pd]2([O]S(C)(=O)=O)[NH]c3ccccc3-c3cccc[c]32)c(C(C)C)c1,CS(C)=O,O,CS(C)=O,CS(C)=O,O,,,79200.0,0.0,0.0,59.06884002685547
CN1C(=O)C[C@@](C)(c2sccc2Cl)N/C1=N/C(=O)OC(C)(C)C,CC1(C)OB(C2=CCCCC2)OC1(C)C,,,,CC(C)c1cc(C(C)C)c(-c2ccccc2[PH](C(C)(C)C)(C(C)(C)C)[Pd]2([O]S(C)(=O)=O)[NH]c3ccccc3-c3cccc[c]32)c(C(C)C)c1,CS(C)=O,O,CS(C)=O,CS(C)=O,CS(C)=O,,,79200.0,0.0,0.0,0.0
CCCc1nc2ccc(I)cc2c(=O)n1Cc1ccc(-c2ccccc2S(=O)(=O)NC(C)(C)C)cc1,CC1(C)OB(c2ccc(-c3cnccn3)cc2)OC1(C)C,,,,CN(C)c1ccc([PH](C(C)(C)C)(C(C)(C)C)[Pd]2([O]S(C)(=O)=O)[NH]c3ccccc3-c3cccc[c]32)cc1,CS(C)=O,O,CS(C)=O,CS(C)=O,CS(C)=O,,,79200.0,0.0,0.0,59.178565979003906
Brc1ccc(-c2ccccc2)cn1,CC1(C)OB(c2ccc(-c3cnccn3)cc2)OC1(C)C,,,,CN(C)c1ccc([PH](C(C)(C)C)(C(C)(C)C)[Pd]2([O]S(C)(=O)=O)[NH]c3ccccc3-c3cccc[c]32)cc1,CS(C)=O,O,CS(C)=O,CS(C)=O,CS(C)=O,,,79200.0,0.0,0.0,65.938720703125
O=C(Nc1ccccc1N1CCNCC1)c1csc(Br)n1,CC1(C)OB(c2cn(S(=O)(=O)c3ccccc3)c3ncccc23)OC1(C)C,,,,CN(C)c1ccc([PH](C(C)(C)C)(C(C)(C)C)[Pd]2([O]S(C)(=O)=O)[NH]c3ccccc3-c3cccc[c]32)cc1,CS(C)=O,O,CS(C)=O,CS(C)=O,CCC(C)(C)O,,,79200.0,0.0,0.0,7.085480213165283
CCn1c(=O)c2c(nc(N[C@@H]3CCC[C@H]3O)n2Cc2ccc(OC)c(Br)c2)n(CCO)c1=O,CC1(C)OB(C2=CCCCC2)OC1(C)C,,,,CC(C)Oc1cccc(OC(C)C)c1-c1ccccc1[PH](C1CCCCC1)(C1CCCCC1)[Pd]1([O]S(C)(=O)=O)[NH]c2ccccc2-c2cccc[c]21,CS(C)=O,O,CS(C)=O,CS(C)=O,O,,,79200.0,0.0,0.0,95.16393280029297
O=C(NCc1ccc(F)cc1)c1nc(Br)c2cccnc2c1O,O=C(NC1CCCC1)c1ccc(B(O)O)cc1,,,,CN(C)c1ccc([PH](C(C)(C)C)(C(C)(C)C)[Pd]2([O]S(C)(=O)=O)[NH]c3ccccc3-c3cccc[c]32)cc1,CS(C)=O,O,CS(C)=O,CS(C)=O,CCC(C)(C)O,,,79200.0,0.0,0.0,0.0
CCn1c(=O)c2c(nc(N[C@@H]3CCC[C@H]3O)n2Cc2ccc(OC)c(Br)c2)n(CCO)c1=O,OB(O)c1cccnc1,,,,CC(C)c1cc(C(C)C)c(-c2ccccc2[PH](C(C)(C)C)(C(C)(C)C)[Pd]2([O]S(C)(=O)=O)[NH]c3ccccc3-c3cccc[c]32)c(C(C)C)c1,CS(C)=O,O,CS(C)=O,CS(C)=O,CS(C)=O,,,79200.0,0.0,0.0,0.0
COC(=O)[C@@H]1C[C@@H](OC(=O)N2Cc3cccc(Br)c3C2)CN1C(=O)OCc1ccccc1,CN(C)c1ccc(B2OC(C)(C)C(C)(C)O2)cc1,,,,CC(C)Oc1cccc(OC(C)C)c1-c1ccccc1[PH](C1CCCCC1)(C1CCCCC1)[Pd]1([O]S(C)(=O)=O)[NH]c2ccccc2-c2cccc[c]21,CS(C)=O,O,CS(C)=O,CS(C)=O,O,,,79200.0,0.0,0.0,80.82475280761719
Brc1ccc(-c2ccccc2)cn1,CC1(C)OB(c2cnc(-n3cccn3)nc2)OC1(C)C,,,,CC(C)c1cc(C(C)C)c(-c2ccccc2[PH](C(C)(C)C)(C(C)(C)C)[Pd]2([O]S(C)(=O)=O)[NH]c3ccccc3-c3cccc[c]32)c(C(C)C)c1,CS(C)=O,O,CS(C)=O,CS(C)=O,CS(C)=O,,,79200.0,0.0,0.0,9.569859504699707
O=C(NCc1ccc(F)cc1)c1nc(Br)c2cccnc2c1O,OB(O)c1cccnc1,,,,CN(C)c1ccc([PH](C(C)(C)C)(C(C)(C)C)[Pd]2([O]S(C)(=O)=O)[NH]c3ccccc3-c3cccc[c]32)cc1,CS(C)=O,O,CS(C)=O,CS(C)=O,CS(C)=O,,,79200.0,0.0,0.0,0.0
CC(=O)NC(C)(C)[C@@H]1CC2(CCN(C(=O)OC(C)(C)C)CC2)c2cc(Cl)c(C)cc21,O=C(NC1CCCC1)c1ccc(B(O)O)cc1,,,,CC(C)Oc1cccc(OC(C)C)c1-c1ccccc1[PH](C1CCCCC1)(C1CCCCC1)[Pd]1([O]S(C)(=O)=O)[NH]c2ccccc2-c2cccc[c]21,CS(C)=O,O,CS(C)=O,CS(C)=O,O,,,79200.0,0.0,0.0,0.0
CCn1c(=O)c2c(nc(N[C@@H]3CCC[C@H]3O)n2Cc2ccc(OC)c(Br)c2)n(CCO)c1=O,CC1(C)OB(c2cnc(-n3cccn3)nc2)OC1(C)C,,,,CC(C)c1cc(C(C)C)c(-c2ccccc2[PH](C(C)(C)C)(C(C)(C)C)[Pd]2([O]S(C)(=O)=O)[NH]c3ccccc3-c3cccc[c]32)c(C(C)C)c1,CS(C)=O,O,CS(C)=O,CS(C)=O,CS(C)=O,,,79200.0,0.0,0.0,0.0
COC(=O)[C@@H]1C[C@@H](OC(=O)N2Cc3cccc(Br)c3C2)CN1C(=O)OCc1ccccc1,Cc1cc(O)ccc1B1OC(C)(C)C(C)(C)O1,,,,CN(C)c1ccc([PH](C(C)(C)C)(C(C)(C)C)[Pd]2([O]S(C)(=O)=O)[NH]c3ccccc3-c3cccc[c]32)cc1,CS(C)=O,O,CS(C)=O,CS(C)=O,CCC(C)(C)O,,,79200.0,0.0,0.0,100.0
COC(=O)[C@@H]1C[C@@H](OC(=O)N2Cc3cccc(Br)c3C2)CN1C(=O)OCc1ccccc1,CC1(C)OB(c2cn(S(=O)(=O)c3ccccc3)c3ncccc23)OC1(C)C,,,,CC(C)(C)[PH](C(C)(C)C)(C(C)(C)C)[Pd]1([Cl])[NH]c2ccccc2-c2cccc[c]21,CS(C)=O,O,CS(C)=O,CS(C)=O,CCC(C)(C)O,,,79200.0,0.0,0.0,83.01870727539062
CN1C(=O)C[C@@](C)(c2cc(Br)cs2)N/C1=N/C(=O)OC(C)(C)C,CC1(C)OB(c2cccc(C3(NC(=O)OCc4ccccc4)CC3)c2)OC1(C)C,,,,CC(C)c1cc(C(C)C)c(-c2ccccc2[PH](C2CCCCC2)(C2CCCCC2)[Pd]2([O]S(C)(=O)=O)[NH]c3ccccc3-c3cccc[c]32)c(C(C)C)c1,CS(C)=O,O,CS(C)=O,CS(C)=O,O,,,79200.0,0.0,0.0,100.0
CCn1c(=O)c2c(nc(N[C@@H]3CCC[C@H]3O)n2Cc2ccc(OC)c(Br)c2)n(CCO)c1=O,CC1(C)OB(c2ccc(-c3cnccn3)cc2)OC1(C)C,,,,CC(C)Oc1cccc(OC(C)C)c1-c1ccccc1[PH](C1CCCCC1)(C1CCCCC1)[Pd]1([O]S(C)(=O)=O)[NH]c2ccccc2-c2cccc[c]21,CS(C)=O,O,CS(C)=O,CS(C)=O,O,,,79200.0,0.0,0.0,100.0
CN1C(=O)C[C@@](C)(c2sccc2Cl)N/C1=N/C(=O)OC(C)(C)C,O=C(NC1CCCC1)c1ccc(B(O)O)cc1,,,,CC(C)(C)[PH](C(C)(C)C)(C(C)(C)C)[Pd]1([Cl])[NH]c2ccccc2-c2cccc[c]21,CS(C)=O,O,CS(C)=O,CS(C)=O,CCC(C)(C)O,,,79200.0,0.0,0.0,0.0
O=C1NCCc2[nH]c(-c3ccnc(Br)c3)cc21,CC1(C)OB(C2=CCCCC2)OC1(C)C,,,,CC(C)(C)[PH](C(C)(C)C)(C(C)(C)C)[Pd]1([Cl])[NH]c2ccccc2-c2cccc[c]21,CS(C)=O,O,CS(C)=O,CS(C)=O,CCC(C)(C)O,,,79200.0,0.0,0.0,21.0653076171875
CN1C(=O)C[C@@](C)(c2cc(Br)cs2)N/C1=N/C(=O)OC(C)(C)C,CC1(C)OB(C2=CCCCC2)OC1(C)C,,,,CC(C)Oc1cccc(OC(C)C)c1-c1ccccc1[PH](C1CCCCC1)(C1CCCCC1)[Pd]1([O]S(C)(=O)=O)[NH]c2ccccc2-c2cccc[c]21,CS(C)=O,O,CS(C)=O,CS(C)=O,O,,,79200.0,0.0,0.0,55.208702087402344
CN1C(=O)C[C@@](C)(c2cc(Br)cs2)N/C1=N/C(=O)OC(C)(C)C,CC1(C)OB(c2cnn(Cc3ccccc3)c2)OC1(C)C,,,,CC(C)Oc1cccc(OC(C)C)c1-c1ccccc1[PH](C1CCCCC1)(C1CCCCC1)[Pd]1([O]S(C)(=O)=O)[NH]c2ccccc2-c2cccc[c]21,CS(C)=O,O,CS(C)=O,CS(C)=O,O,,,79200.0,0.0,0.0,100.0
CCOC(=O)N1CCC(=C2c3ccc(Cl)cc3CCc3cc(Br)cnc32)CC1,CC1(C)OB(c2cnn(Cc3ccccc3)c2)OC1(C)C,,,,CN(C)c1ccc([PH](C(C)(C)C)(C(C)(C)C)[Pd]2([O]S(C)(=O)=O)[NH]c3ccccc3-c3cccc[c]32)cc1,CS(C)=O,O,CS(C)=O,CS(C)=O,CS(C)=O,,,79200.0,0.0,0.0,100.0
CCCc1nc2ccc(I)cc2c(=O)n1Cc1ccc(-c2ccccc2S(=O)(=O)NC(C)(C)C)cc1,CC1(C)OB(c2cccc(C3(NC(=O)OCc4ccccc4)CC3)c2)OC1(C)C,,,,CC(C)c1cc(C(C)C)c(-c2ccccc2[PH](C2CCCCC2)(C2CCCCC2)[Pd]2([O]S(C)(=O)=O)[NH]c3ccccc3-c3cccc[c]32)c(C(C)C)c1,CS(C)=O,O,CS(C)=O,CS(C)=O,O,,,79200.0,0.0,0.0,0.0
O=C(Nc1ccccc1N1CCNCC1)c1csc(Br)n1,O=C(NC1CCCC1)c1ccc(B(O)O)cc1,,,,CN(C)c1ccc([PH](C(C)(C)C)(C(C)(C)C)[Pd]2([O]S(C)(=O)=O)[NH]c3ccccc3-c3cccc[c]32)cc1,CS(C)=O,O,CS(C)=O,CS(C)=O,CCC(C)(C)O,,,79200.0,0.0,0.0,0.0
Brc1ccc(-c2ccccc2)cn1,CC1(C)OB(c2cnc(-n3cccn3)nc2)OC1(C)C,,,,CN(C)c1ccc([PH](C(C)(C)C)(C(C)(C)C)[Pd]2([O]S(C)(=O)=O)[NH]c3ccccc3-c3cccc[c]32)cc1,CS(C)=O,O,CS(C)=O,CS(C)=O,CCC(C)(C)O,,,79200.0,0.0,0.0,12.310824394226074
O=C1NCCc2[nH]c(-c3ccnc(Br)c3)cc21,CN(C)c1ccc(B2OC(C)(C)C(C)(C)O2)cc1,,,,CC(C)c1cc(C(C)C)c(-c2ccccc2[PH](C2CCCCC2)(C2CCCCC2)[Pd]2([O]S(C)(=O)=O)[NH]c3ccccc3-c3cccc[c]32)c(C(C)C)c1,CS(C)=O,O,CS(C)=O,CS(C)=O,O,,,79200.0,0.0,0.0,88.68111419677734
Ic1c[nH]c2ncccc12,CC1(C)OB(c2cccc(C3(NC(=O)OCc4ccccc4)CC3)c2)OC1(C)C,,,,CN(C)c1ccc([PH](C(C)(C)C)(C(C)(C)C)[Pd]2([O]S(C)(=O)=O)[NH]c3ccccc3-c3cccc[c]32)cc1,CS(C)=O,O,CS(C)=O,CS(C)=O,CS(C)=O,,,79200.0,0.0,0.0,0.0
CCOC(=O)N1CCC(=C2c3ccc(Cl)cc3CCc3cc(Br)cnc32)CC1,CC1(C)OB(C2=CCCCC2)OC1(C)C,,,,CC(C)c1cc(C(C)C)c(-c2ccccc2[PH](C2CCCCC2)(C2CCCCC2)[Pd]2([O]S(C)(=O)=O)[NH]c3ccccc3-c3cccc[c]32)c(C(C)C)c1,CS(C)=O,O,CS(C)=O,CS(C)=O,O,,,79200.0,0.0,0.0,93.63517761230469
O=C(Nc1ccccc1N1CCNCC1)c1csc(Br)n1,CC1(C)OB(c2cccc(C3(NC(=O)OCc4ccccc4)CC3)c2)OC1(C)C,,,,CC(C)c1cc(C(C)C)c(-c2ccccc2[PH](C(C)(C)C)(C(C)(C)C)[Pd]2([O]S(C)(=O)=O)[NH]c3ccccc3-c3cccc[c]32)c(C(C)C)c1,CS(C)=O,O,CS(C)=O,CS(C)=O,CS(C)=O,,,79200.0,0.0,0.0,8.153894424438477
CCn1c(=O)c2c(nc(N[C@@H]3CCC[C@H]3O)n2Cc2ccc(OC)c(Br)c2)n(CCO)c1=O,Cc1cc(O)ccc1B1OC(C)(C)C(C)(C)O1,,,,CN(C)c1ccc([PH](C(C)(C)C)(C(C)(C)C)[Pd]2([O]S(C)(=O)=O)[NH]c3ccccc3-c3cccc[c]32)cc1,CS(C)=O,O,CS(C)=O,CS(C)=O,CCC(C)(C)O,,,79200.0,0.0,0.0,85.39635467529297
Ic1c[nH]c2ncccc12,CC1(C)OB(C2=CCCCC2)OC1(C)C,,,,CN(C)c1ccc([PH](C(C)(C)C)(C(C)(C)C)[Pd]2([O]S(C)(=O)=O)[NH]c3ccccc3-c3cccc[c]32)cc1,CS(C)=O,O,CS(C)=O,CS(C)=O,CCC(C)(C)O,,,79200.0,0.0,0.0,0.0
CN1C(=O)C[C@@](C)(c2cc(Br)cs2)N/C1=N/C(=O)OC(C)(C)C,CC1(C)OB(c2cn(S(=O)(=O)c3ccccc3)c3ncccc23)OC1(C)C,,,,CN(C)c1ccc([PH](C(C)(C)C)(C(C)(C)C)[Pd]2([O]S(C)(=O)=O)[NH]c3ccccc3-c3cccc[c]32)cc1,CS(C)=O,O,CS(C)=O,CS(C)=O,CS(C)=O,,,79200.0,0.0,0.0,70.12664031982422
O=C(NCc1ccc(F)cc1)c1nc(Br)c2cccnc2c1O,CN(C)c1ccc(B2OC(C)(C)C(C)(C)O2)cc1,,,,CN(C)c1ccc([PH](C(C)(C)C)(C(C)(C)C)[Pd]2([O]S(C)(=O)=O)[NH]c3ccccc3-c3cccc[c]32)cc1,CS(C)=O,O,CS(C)=O,CS(C)=O,CCC(C)(C)O,,,79200.0,0.0,0.0,0.0
CN1C(=O)C[C@@](C)(c2cc(Br)cs2)N/C1=N/C(=O)OC(C)(C)C,CN(C)c1ccc(B2OC(C)(C)C(C)(C)O2)cc1,,,,CC(C)(C)[PH](C(C)(C)C)(C(C)(C)C)[Pd]1([Cl])[NH]c2ccccc2-c2cccc[c]21,CS(C)=O,O,CS(C)=O,CS(C)=O,CCC(C)(C)O,,,79200.0,0.0,0.0,64.62171936035156
CCCc1nc2ccc(I)cc2c(=O)n1Cc1ccc(-c2ccccc2S(=O)(=O)NC(C)(C)C)cc1,CC1(C)OB(c2ccc(-c3cnccn3)cc2)OC1(C)C,,,,CN(C)c1ccc([PH](C(C)(C)C)(C(C)(C)C)[Pd]2([O]S(C)(=O)=O)[NH]c3ccccc3-c3cccc[c]32)cc1,CS(C)=O,O,CS(C)=O,CS(C)=O,CS(C)=O,,,79200.0,0.0,0.0,100.0
O=C(NCc1ccc(F)cc1)c1nc(Br)c2cccnc2c1O,CC1(C)OB(c2cnc(-n3cccn3)nc2)OC1(C)C,,,,CC(C)(C)[PH](C(C)(C)C)(C(C)(C)C)[Pd]1([Cl])[NH]c2ccccc2-c2cccc[c]21,CS(C)=O,O,CS(C)=O,CS(C)=O,CCC(C)(C)O,,,79200.0,0.0,0.0,0.0
CCOC(=O)N1CCC(=C2c3ccc(Cl)cc3CCc3cc(Br)cnc32)CC1,CC1(C)OB(c2cccc(C3(NC(=O)OCc4ccccc4)CC3)c2)OC1(C)C,,,,CC(C)Oc1cccc(OC(C)C)c1-c1ccccc1[PH](C1CCCCC1)(C1CCCCC1)[Pd]1([O]S(C)(=O)=O)[NH]c2ccccc2-c2cccc[c]21,CS(C)=O,O,CS(C)=O,CS(C)=O,O,,,79200.0,0.0,0.0,96.40127563476562
O=C(Nc1ccccc1N1CCNCC1)c1csc(Br)n1,CC1(C)OB(c2cn(S(=O)(=O)c3ccccc3)c3ncccc23)OC1(C)C,,,,CC(C)c1cc(C(C)C)c(-c2ccccc2[PH](C(C)(C)C)(C(C)(C)C)[Pd]2([O]S(C)(=O)=O)[NH]c3ccccc3-c3cccc[c]32)c(C(C)C)c1,CS(C)=O,O,CS(C)=O,CS(C)=O,CS(C)=O,,,79200.0,0.0,0.0,57.13337326049805
O=C(Nc1ccccc1N1CCNCC1)c1csc(Br)n1,CN(C)c1ccc(B2OC(C)(C)C(C)(C)O2)cc1,,,,CC(C)Oc1cccc(OC(C)C)c1-c1ccccc1[PH](C1CCCCC1)(C1CCCCC1)[Pd]1([O]S(C)(=O)=O)[NH]c2ccccc2-c2cccc[c]21,CS(C)=O,O,CS(C)=O,CS(C)=O,O,,,79200.0,0.0,0.0,30.16092872619629
CN1C(=O)C[C@@](C)(c2cc(Br)cs2)N/C1=N/C(=O)OC(C)(C)C,CC1(C)OB(c2cn(S(=O)(=O)c3ccccc3)c3ncccc23)OC1(C)C,,,,CC(C)c1cc(C(C)C)c(-c2ccccc2[PH](C(C)(C)C)(C(C)(C)C)[Pd]2([O]S(C)(=O)=O)[NH]c3ccccc3-c3cccc[c]32)c(C(C)C)c1,CS(C)=O,O,CS(C)=O,CS(C)=O,CS(C)=O,,,79200.0,0.0,0.0,46.50764083862305
O=C1NCCc2[nH]c(-c3ccnc(Br)c3)cc21,OB(O)c1cccnc1,,,,CN(C)c1ccc([PH](C(C)(C)C)(C(C)(C)C)[Pd]2([O]S(C)(=O)=O)[NH]c3ccccc3-c3cccc[c]32)cc1,CS(C)=O,O,CS(C)=O,CS(C)=O,CCC(C)(C)O,,,79200.0,0.0,0.0,2.1059350967407227
CCCc1nc2ccc(I)cc2c(=O)n1Cc1ccc(-c2ccccc2S(=O)(=O)NC(C)(C)C)cc1,OB(O)c1cccnc1,,,,CC(C)(C)[PH](C(C)(C)C)(C(C)(C)C)[Pd]1([Cl])[NH]c2ccccc2-c2cccc[c]21,CS(C)=O,O,CS(C)=O,CS(C)=O,CCC(C)(C)O,,,79200.0,0.0,0.0,92.28749084472656
COC(=O)[C@@H]1C[C@@H](OC(=O)N2Cc3cccc(Br)c3C2)CN1C(=O)OCc1ccccc1,CC1(C)OB(c2cn(S(=O)(=O)c3ccccc3)c3ncccc23)OC1(C)C,,,,CC(C)c1cc(C(C)C)c(-c2ccccc2[PH](C2CCCCC2)(C2CCCCC2)[Pd]2([O]S(C)(=O)=O)[NH]c3ccccc3-c3cccc[c]32)c(C(C)C)c1,CS(C)=O,O,CS(C)=O,CS(C)=O,O,,,79200.0,0.0,0.0,59.216373443603516
Brc1ccc(-c2ccccc2)cn1,Cc1cc(O)ccc1B1OC(C)(C)C(C)(C)O1,,,,CN(C)c1ccc([PH](C(C)(C)C)(C(C)(C)C)[Pd]2([O]S(C)(=O)=O)[NH]c3ccccc3-c3cccc[c]32)cc1,CS(C)=O,O,CS(C)=O,CS(C)=O,CCC(C)(C)O,,,79200.0,0.0,0.0,28.059362411499023
COC(=O)[C@@H]1C[C@@H](OC(=O)N2Cc3cccc(Br)c3C2)CN1C(=O)OCc1ccccc1,CN(C)c1ccc(B2OC(C)(C)C(C)(C)O2)cc1,,,,CC(C)c1cc(C(C)C)c(-c2ccccc2[PH](C(C)(C)C)(C(C)(C)C)[Pd]2([O]S(C)(=O)=O)[NH]c3ccccc3-c3cccc[c]32)c(C(C)C)c1,CS(C)=O,O,CS(C)=O,CS(C)=O,CS(C)=O,,,79200.0,0.0,0.0,86.70378112792969
O=C(Nc1ccccc1N1CCNCC1)c1csc(Br)n1,CC1(C)OB(c2ccc(-c3cnccn3)cc2)OC1(C)C,,,,CN(C)c1ccc([PH](C(C)(C)C)(C(C)(C)C)[Pd]2([O]S(C)(=O)=O)[NH]c3ccccc3-c3cccc[c]32)cc1,CS(C)=O,O,CS(C)=O,CS(C)=O,CS(C)=O,,,79200.0,0.0,0.0,9.977417945861816
Ic1c[nH]c2ncccc12,CC1(C)OB(c2cn(S(=O)(=O)c3ccccc3)c3ncccc23)OC1(C)C,,,,CC(C)(C)[PH](C(C)(C)C)(C(C)(C)C)[Pd]1([Cl])[NH]c2ccccc2-c2cccc[c]21,CS(C)=O,O,CS(C)=O,CS(C)=O,CCC(C)(C)O,,,79200.0,0.0,0.0,0.0
COC(=O)[C@@H]1C[C@@H](OC(=O)N2Cc3cccc(Br)c3C2)CN1C(=O)OCc1ccccc1,CC1(C)OB(c2cnc(-n3cccn3)nc2)OC1(C)C,,,,CC(C)c1cc(C(C)C)c(-c2ccccc2[PH](C2CCCCC2)(C2CCCCC2)[Pd]2([O]S(C)(=O)=O)[NH]c3ccccc3-c3cccc[c]32)c(C(C)C)c1,CS(C)=O,O,CS(C)=O,CS(C)=O,O,,,79200.0,0.0,0.0,24.037250518798828
Ic1c[nH]c2ncccc12,CC1(C)OB(c2ccc(-c3cnccn3)cc2)OC1(C)C,,,,CC(C)Oc1cccc(OC(C)C)c1-c1ccccc1[PH](C1CCCCC1)(C1CCCCC1)[Pd]1([O]S(C)(=O)=O)[NH]c2ccccc2-c2cccc[c]21,CS(C)=O,O,CS(C)=O,CS(C)=O,O,,,79200.0,0.0,0.0,0.0
CCOC(=O)N1CCC(=C2c3ccc(Cl)cc3CCc3cc(Br)cnc32)CC1,CC1(C)OB(c2cccc(C3(NC(=O)OCc4ccccc4)CC3)c2)OC1(C)C,,,,CN(C)c1ccc([PH](C(C)(C)C)(C(C)(C)C)[Pd]2([O]S(C)(=O)=O)[NH]c3ccccc3-c3cccc[c]32)cc1,CS(C)=O,O,CS(C)=O,CS(C)=O,CCC(C)(C)O,,,79200.0,0.0,0.0,100.0
COC(=O)[C@@H]1C[C@@H](OC(=O)N2Cc3cccc(Br)c3C2)CN1C(=O)OCc1ccccc1,Cc1cc(O)ccc1B1OC(C)(C)C(C)(C)O1,,,,CC(C)c1cc(C(C)C)c(-c2ccccc2[PH](C2CCCCC2)(C2CCCCC2)[Pd]2([O]S(C)(=O)=O)[NH]c3ccccc3-c3cccc[c]32)c(C(C)C)c1,CS(C)=O,O,CS(C)=O,CS(C)=O,O,,,79200.0,0.0,0.0,91.21487426757812
Ic1c[nH]c2ncccc12,CC1(C)OB(C2=CCCCC2)OC1(C)C,,,,CC(C)c1cc(C(C)C)c(-c2ccccc2[PH](C2CCCCC2)(C2CCCCC2)[Pd]2([O]S(C)(=O)=O)[NH]c3ccccc3-c3cccc[c]32)c(C(C)C)c1,CS(C)=O,O,CS(C)=O,CS(C)=O,O,,,79200.0,0.0,0.0,0.0
CCOC(=O)N1CCC(=C2c3ccc(Cl)cc3CCc3cc(Br)cnc32)CC1,Cc1cc(O)ccc1B1OC(C)(C)C(C)(C)O1,,,,CC(C)Oc1cccc(OC(C)C)c1-c1ccccc1[PH](C1CCCCC1)(C1CCCCC1)[Pd]1([O]S(C)(=O)=O)[NH]c2ccccc2-c2cccc[c]21,CS(C)=O,O,CS(C)=O,CS(C)=O,O,,,79200.0,0.0,0.0,92.62581634521484
Brc1ccc(-c2ccccc2)cn1,CC1(C)OB(c2cccc(C3(NC(=O)OCc4ccccc4)CC3)c2)OC1(C)C,,,,CN(C)c1ccc([PH](C(C)(C)C)(C(C)(C)C)[Pd]2([O]S(C)(=O)=O)[NH]c3ccccc3-c3cccc[c]32)cc1,CS(C)=O,O,CS(C)=O,CS(C)=O,CS(C)=O,,,79200.0,0.0,0.0,100.0
COC(=O)[C@@H]1C[C@@H](OC(=O)N2Cc3cccc(Br)c3C2)CN1C(=O)OCc1ccccc1,CC1(C)OB(c2cnc(-n3cccn3)nc2)OC1(C)C,,,,CN(C)c1ccc([PH](C(C)(C)C)(C(C)(C)C)[Pd]2([O]S(C)(=O)=O)[NH]c3ccccc3-c3cccc[c]32)cc1,CS(C)=O,O,CS(C)=O,CS(C)=O,CS(C)=O,,,79200.0,0.0,0.0,57.89353942871094
O=C(Nc1ccccc1N1CCNCC1)c1csc(Br)n1,OB(O)c1cccnc1,,,,CC(C)(C)[PH](C(C)(C)C)(C(C)(C)C)[Pd]1([Cl])[NH]c2ccccc2-c2cccc[c]21,CS(C)=O,O,CS(C)=O,CS(C)=O,CCC(C)(C)O,,,79200.0,0.0,0.0,1.828574538230896
CCOC(=O)N1CCC(=C2c3ccc(Cl)cc3CCc3cc(Br)cnc32)CC1,CC1(C)OB(c2ccc(-c3cnccn3)cc2)OC1(C)C,,,,CC(C)(C)[PH](C(C)(C)C)(C(C)(C)C)[Pd]1([Cl])[NH]c2ccccc2-c2cccc[c]21,CS(C)=O,O,CS(C)=O,CS(C)=O,CCC(C)(C)O,,,79200.0,0.0,0.0,100.0
Ic1c[nH]c2ncccc12,Cc1cc(O)ccc1B1OC(C)(C)C(C)(C)O1,,,,CC(C)Oc1cccc(OC(C)C)c1-c1ccccc1[PH](C1CCCCC1)(C1CCCCC1)[Pd]1([O]S(C)(=O)=O)[NH]c2ccccc2-c2cccc[c]21,CS(C)=O,O,CS(C)=O,CS(C)=O,O,,,79200.0,0.0,0.0,11.095438003540039
CCOC(=O)N1CCC(=C2c3ccc(Cl)cc3CCc3cc(Br)cnc32)CC1,Cc1cc(O)ccc1B1OC(C)(C)C(C)(C)O1,,,,CN(C)c1ccc([PH](C(C)(C)C)(C(C)(C)C)[Pd]2([O]S(C)(=O)=O)[NH]c3ccccc3-c3cccc[c]32)cc1,CS(C)=O,O,CS(C)=O,CS(C)=O,CS(C)=O,,,79200.0,0.0,0.0,89.56953430175781
CC(=O)NC(C)(C)[C@@H]1CC2(CCN(C(=O)OC(C)(C)C)CC2)c2cc(Cl)c(C)cc21,CC1(C)OB(c2cccc(C3(NC(=O)OCc4ccccc4)CC3)c2)OC1(C)C,,,,CC(C)c1cc(C(C)C)c(-c2ccccc2[PH](C2CCCCC2)(C2CCCCC2)[Pd]2([O]S(C)(=O)=O)[NH]c3ccccc3-c3cccc[c]32)c(C(C)C)c1,CS(C)=O,O,CS(C)=O,CS(C)=O,O,,,79200.0,0.0,0.0,0.0
Brc1ccc(-c2ccccc2)cn1,CC1(C)OB(c2cnn(Cc3ccccc3)c2)OC1(C)C,,,,CC(C)(C)[PH](C(C)(C)C)(C(C)(C)C)[Pd]1([Cl])[NH]c2ccccc2-c2cccc[c]21,CS(C)=O,O,CS(C)=O,CS(C)=O,CCC(C)(C)O,,,79200.0,0.0,0.0,87.90533447265625
O=C1NCCc2[nH]c(-c3ccnc(Br)c3)cc21,CN(C)c1ccc(B2OC(C)(C)C(C)(C)O2)cc1,,,,CC(C)c1cc(C(C)C)c(-c2ccccc2[PH](C(C)(C)C)(C(C)(C)C)[Pd]2([O]S(C)(=O)=O)[NH]c3ccccc3-c3cccc[c]32)c(C(C)C)c1,CS(C)=O,O,CS(C)=O,CS(C)=O,CS(C)=O,,,79200.0,0.0,0.0,0.0
CN1C(=O)C[C@@](C)(c2sccc2Cl)N/C1=N/C(=O)OC(C)(C)C,CC1(C)OB(c2ccc(-c3cnccn3)cc2)OC1(C)C,,,,CN(C)c1ccc([PH](C(C)(C)C)(C(C)(C)C)[Pd]2([O]S(C)(=O)=O)[NH]c3ccccc3-c3cccc[c]32)cc1,CS(C)=O,O,CS(C)=O,CS(C)=O,CCC(C)(C)O,,,79200.0,0.0,0.0,0.0
CCCc1nc2ccc(I)cc2c(=O)n1Cc1ccc(-c2ccccc2S(=O)(=O)NC(C)(C)C)cc1,CC1(C)OB(c2cnn(Cc3ccccc3)c2)OC1(C)C,,,,CC(C)c1cc(C(C)C)c(-c2ccccc2[PH](C2CCCCC2)(C2CCCCC2)[Pd]2([O]S(C)(=O)=O)[NH]c3ccccc3-c3cccc[c]32)c(C(C)C)c1,CS(C)=O,O,CS(C)=O,CS(C)=O,O,,,79200.0,0.0,0.0,15.47373104095459
CC(=O)NC(C)(C)[C@@H]1CC2(CCN(C(=O)OC(C)(C)C)CC2)c2cc(Cl)c(C)cc21,OB(O)c1cccnc1,,,,CC(C)(C)[PH](C(C)(C)C)(C(C)(C)C)[Pd]1([Cl])[NH]c2ccccc2-c2cccc[c]21,CS(C)=O,O,CS(C)=O,CS(C)=O,CCC(C)(C)O,,,79200.0,0.0,0.0,0.0
CCCc1nc2ccc(I)cc2c(=O)n1Cc1ccc(-c2ccccc2S(=O)(=O)NC(C)(C)C)cc1,OB(O)c1cccnc1,,,,CC(C)Oc1cccc(OC(C)C)c1-c1ccccc1[PH](C1CCCCC1)(C1CCCCC1)[Pd]1([O]S(C)(=O)=O)[NH]c2ccccc2-c2cccc[c]21,CS(C)=O,O,CS(C)=O,CS(C)=O,O,,,79200.0,0.0,0.0,6.668185234069824
Ic1c[nH]c2ncccc12,CN(C)c1ccc(B2OC(C)(C)C(C)(C)O2)cc1,,,,CN(C)c1ccc([PH](C(C)(C)C)(C(C)(C)C)[Pd]2([O]S(C)(=O)=O)[NH]c3ccccc3-c3cccc[c]32)cc1,CS(C)=O,O,CS(C)=O,CS(C)=O,CCC(C)(C)O,,,79200.0,0.0,0.0,0.0
Ic1c[nH]c2ncccc12,CC1(C)OB(C2=CCCCC2)OC1(C)C,,,,CN(C)c1ccc([PH](C(C)(C)C)(C(C)(C)C)[Pd]2([O]S(C)(=O)=O)[NH]c3ccccc3-c3cccc[c]32)cc1,CS(C)=O,O,CS(C)=O,CS(C)=O,CS(C)=O,,,79200.0,0.0,0.0,0.0
COC(=O)[C@@H]1C[C@@H](OC(=O)N2Cc3cccc(Br)c3C2)CN1C(=O)OCc1ccccc1,CC1(C)OB(c2cnn(Cc3ccccc3)c2)OC1(C)C,,,,CC(C)c1cc(C(C)C)c(-c2ccccc2[PH](C(C)(C)C)(C(C)(C)C)[Pd]2([O]S(C)(=O)=O)[NH]c3ccccc3-c3cccc[c]32)c(C(C)C)c1,CS(C)=O,O,CS(C)=O,CS(C)=O,CS(C)=O,,,79200.0,0.0,0.0,61.3908576965332
O=C(NCc1ccc(F)cc1)c1nc(Br)c2cccnc2c1O,Cc1cc(O)ccc1B1OC(C)(C)C(C)(C)O1,,,,CC(C)c1cc(C(C)C)c(-c2ccccc2[PH](C2CCCCC2)(C2CCCCC2)[Pd]2([O]S(C)(=O)=O)[NH]c3ccccc3-c3cccc[c]32)c(C(C)C)c1,CS(C)=O,O,CS(C)=O,CS(C)=O,O,,,79200.0,0.0,0.0,0.0
O=C1NCCc2[nH]c(-c3ccnc(Br)c3)cc21,CC1(C)OB(c2cn(S(=O)(=O)c3ccccc3)c3ncccc23)OC1(C)C,,,,CC(C)c1cc(C(C)C)c(-c2ccccc2[PH](C2CCCCC2)(C2CCCCC2)[Pd]2([O]S(C)(=O)=O)[NH]c3ccccc3-c3cccc[c]32)c(C(C)C)c1,CS(C)=O,O,CS(C)=O,CS(C)=O,O,,,79200.0,0.0,0.0,100.0
CN1C(=O)C[C@@](C)(c2cc(Br)cs2)N/C1=N/C(=O)OC(C)(C)C,O=C(NC1CCCC1)c1ccc(B(O)O)cc1,,,,CC(C)c1cc(C(C)C)c(-c2ccccc2[PH](C2CCCCC2)(C2CCCCC2)[Pd]2([O]S(C)(=O)=O)[NH]c3ccccc3-c3cccc[c]32)c(C(C)C)c1,CS(C)=O,O,CS(C)=O,CS(C)=O,O,,,79200.0,0.0,0.0,77.91552734375
Brc1ccc(-c2ccccc2)cn1,CC1(C)OB(c2cnc(-n3cccn3)nc2)OC1(C)C,,,,CN(C)c1ccc([PH](C(C)(C)C)(C(C)(C)C)[Pd]2([O]S(C)(=O)=O)[NH]c3ccccc3-c3cccc[c]32)cc1,CS(C)=O,O,CS(C)=O,CS(C)=O,CS(C)=O,,,79200.0,0.0,0.0,0.0
CCOC(=O)N1CCC(=C2c3ccc(Cl)cc3CCc3cc(Br)cnc32)CC1,CC1(C)OB(C2=CCCCC2)OC1(C)C,,,,CC(C)c1cc(C(C)C)c(-c2ccccc2[PH](C2CCCCC2)(C2CCCCC2)[Pd]2([O]S(C)(=O)=O)[NH]c3ccccc3-c3cccc[c]32)c(C(C)C)c1,CS(C)=O,O,CS(C)=O,CS(C)=O,O,,,79200.0,0.0,0.0,46.91848373413086
CCn1c(=O)c2c(nc(N[C@@H]3CCC[C@H]3O)n2Cc2ccc(OC)c(Br)c2)n(CCO)c1=O,CC1(C)OB(c2ccc(-c3cnccn3)cc2)OC1(C)C,,,,CN(C)c1ccc([PH](C(C)(C)C)(C(C)(C)C)[Pd]2([O]S(C)(=O)=O)[NH]c3ccccc3-c3cccc[c]32)cc1,CS(C)=O,O,CS(C)=O,CS(C)=O,CCC(C)(C)O,,,79200.0,0.0,0.0,100.0
Ic1c[nH]c2ncccc12,CC1(C)OB(C2=CCCCC2)OC1(C)C,,,,CC(C)(C)[PH](C(C)(C)C)(C(C)(C)C)[Pd]1([Cl])[NH]c2ccccc2-c2cccc[c]21,CS(C)=O,O,CS(C)=O,CS(C)=O,CCC(C)(C)O,,,79200.0,0.0,0.0,0.0
O=C(Nc1ccccc1N1CCNCC1)c1csc(Br)n1,CC1(C)OB(c2cnn(Cc3ccccc3)c2)OC1(C)C,,,,CN(C)c1ccc([PH](C(C)(C)C)(C(C)(C)C)[Pd]2([O]S(C)(=O)=O)[NH]c3ccccc3-c3cccc[c]32)cc1,CS(C)=O,O,CS(C)=O,CS(C)=O,CCC(C)(C)O,,,79200.0,0.0,0.0,34.196876525878906
CC(=O)NC(C)(C)[C@@H]1CC2(CCN(C(=O)OC(C)(C)C)CC2)c2cc(Cl)c(C)cc21,CC1(C)OB(c2cnc(-n3cccn3)nc2)OC1(C)C,,,,CN(C)c1ccc([PH](C(C)(C)C)(C(C)(C)C)[Pd]2([O]S(C)(=O)=O)[NH]c3ccccc3-c3cccc[c]32)cc1,CS(C)=O,O,CS(C)=O,CS(C)=O,CCC(C)(C)O,,,79200.0,0.0,0.0,0.0
CC(=O)NC(C)(C)[C@@H]1CC2(CCN(C(=O)OC(C)(C)C)CC2)c2cc(Cl)c(C)cc21,CN(C)c1ccc(B2OC(C)(C)C(C)(C)O2)cc1,,,,CN(C)c1ccc([PH](C(C)(C)C)(C(C)(C)C)[Pd]2([O]S(C)(=O)=O)[NH]c3ccccc3-c3cccc[c]32)cc1,CS(C)=O,O,CS(C)=O,CS(C)=O,CS(C)=O,,,79200.0,0.0,0.0,0.0
O=C(NCc1ccc(F)cc1)c1nc(Br)c2cccnc2c1O,CC1(C)OB(c2ccc(-c3cnccn3)cc2)OC1(C)C,,,,CC(C)(C)[PH](C(C)(C)C)(C(C)(C)C)[Pd]1([Cl])[NH]c2ccccc2-c2cccc[c]21,CS(C)=O,O,CS(C)=O,CS(C)=O,CCC(C)(C)O,,,79200.0,0.0,0.0,0.0
Ic1c[nH]c2ncccc12,CC1(C)OB(c2cn(S(=O)(=O)c3ccccc3)c3ncccc23)OC1(C)C,,,,CC(C)Oc1cccc(OC(C)C)c1-c1ccccc1[PH](C1CCCCC1)(C1CCCCC1)[Pd]1([O]S(C)(=O)=O)[NH]c2ccccc2-c2cccc[c]21,CS(C)=O,O,CS(C)=O,CS(C)=O,O,,,79200.0,0.0,0.0,0.0
CCn1c(=O)c2c(nc(N[C@@H]3CCC[C@H]3O)n2Cc2ccc(OC)c(Br)c2)n(CCO)c1=O,OB(O)c1cccnc1,,,,CC(C)c1cc(C(C)C)c(-c2ccccc2[PH](C2CCCCC2)(C2CCCCC2)[Pd]2([O]S(C)(=O)=O)[NH]c3ccccc3-c3cccc[c]32)c(C(C)C)c1,CS(C)=O,O,CS(C)=O,CS(C)=O,O,,,79200.0,0.0,0.0,16.383108139038086
CN1C(=O)C[C@@](C)(c2cc(Br)cs2)N/C1=N/C(=O)OC(C)(C)C,CC1(C)OB(c2cnn(Cc3ccccc3)c2)OC1(C)C,,,,CC(C)(C)[PH](C(C)(C)C)(C(C)(C)C)[Pd]1([Cl])[NH]c2ccccc2-c2cccc[c]21,CS(C)=O,O,CS(C)=O,CS(C)=O,CCC(C)(C)O,,,79200.0,0.0,0.0,84.98930358886719
CCCc1nc2ccc(I)cc2c(=O)n1Cc1ccc(-c2ccccc2S(=O)(=O)NC(C)(C)C)cc1,Cc1cc(O)ccc1B1OC(C)(C)C(C)(C)O1,,,,CC(C)c1cc(C(C)C)c(-c2ccccc2[PH](C(C)(C)C)(C(C)(C)C)[Pd]2([O]S(C)(=O)=O)[NH]c3ccccc3-c3cccc[c]32)c(C(C)C)c1,CS(C)=O,O,CS(C)=O,CS(C)=O,CS(C)=O,,,79200.0,0.0,0.0,4.99042272567749
COC(=O)[C@@H]1C[C@@H](OC(=O)N2Cc3cccc(Br)c3C2)CN1C(=O)OCc1ccccc1,CC1(C)OB(C2=CCCCC2)OC1(C)C,,,,CN(C)c1ccc([PH](C(C)(C)C)(C(C)(C)C)[Pd]2([O]S(C)(=O)=O)[NH]c3ccccc3-c3cccc[c]32)cc1,CS(C)=O,O,CS(C)=O,CS(C)=O,CS(C)=O,,,79200.0,0.0,0.0,64.49678802490234
Brc1ccc(-c2ccccc2)cn1,CC1(C)OB(c2cnc(-n3cccn3)nc2)OC1(C)C,,,,CC(C)c1cc(C(C)C)c(-c2ccccc2[PH](C2CCCCC2)(C2CCCCC2)[Pd]2([O]S(C)(=O)=O)[NH]c3ccccc3-c3cccc[c]32)c(C(C)C)c1,CS(C)=O,O,CS(C)=O,CS(C)=O,O,,,79200.0,0.0,0.0,0.0
CCCc1nc2ccc(I)cc2c(=O)n1Cc1ccc(-c2ccccc2S(=O)(=O)NC(C)(C)C)cc1,CC1(C)OB(c2cn(S(=O)(=O)c3ccccc3)c3ncccc23)OC1(C)C,,,,CC(C)c1cc(C(C)C)c(-c2ccccc2[PH](C(C)(C)C)(C(C)(C)C)[Pd]2([O]S(C)(=O)=O)[NH]c3ccccc3-c3cccc[c]32)c(C(C)C)c1,CS(C)=O,O,CS(C)=O,CS(C)=O,CS(C)=O,,,79200.0,0.0,0.0,91.85804748535156
CCn1c(=O)c2c(nc(N[C@@H]3CCC[C@H]3O)n2Cc2ccc(OC)c(Br)c2)n(CCO)c1=O,OB(O)c1cccnc1,,,,CC(C)Oc1cccc(OC(C)C)c1-c1ccccc1[PH](C1CCCCC1)(C1CCCCC1)[Pd]1([O]S(C)(=O)=O)[NH]c2ccccc2-c2cccc[c]21,CS(C)=O,O,CS(C)=O,CS(C)=O,O,,,79200.0,0.0,0.0,6.190496921539307
O=C1NCCc2[nH]c(-c3ccnc(Br)c3)cc21,CC1(C)OB(c2cnn(Cc3ccccc3)c2)OC1(C)C,,,,CN(C)c1ccc([PH](C(C)(C)C)(C(C)(C)C)[Pd]2([O]S(C)(=O)=O)[NH]c3ccccc3-c3cccc[c]32)cc1,CS(C)=O,O,CS(C)=O,CS(C)=O,CS(C)=O,,,79200.0,0.0,0.0,72.84587860107422
O=C1NCCc2[nH]c(-c3ccnc(Br)c3)cc21,CN(C)c1ccc(B2OC(C)(C)C(C)(C)O2)cc1,,,,CC(C)c1cc(C(C)C)c(-c2ccccc2[PH](C2CCCCC2)(C2CCCCC2)[Pd]2([O]S(C)(=O)=O)[NH]c3ccccc3-c3cccc[c]32)c(C(C)C)c1,CS(C)=O,O,CS(C)=O,CS(C)=O,O,,,79200.0,0.0,0.0,86.94769287109375
CCCc1nc2ccc(I)cc2c(=O)n1Cc1ccc(-c2ccccc2S(=O)(=O)NC(C)(C)C)cc1,CC1(C)OB(c2cccc(C3(NC(=O)OCc4ccccc4)CC3)c2)OC1(C)C,,,,CC(C)(C)[PH](C(C)(C)C)(C(C)(C)C)[Pd]1([Cl])[NH]c2ccccc2-c2cccc[c]21,CS(C)=O,O,CS(C)=O,CS(C)=O,CCC(C)(C)O,,,79200.0,0.0,0.0,0.0
O=C1NCCc2[nH]c(-c3ccnc(Br)c3)cc21,O=C(NC1CCCC1)c1ccc(B(O)O)cc1,,,,CC(C)Oc1cccc(OC(C)C)c1-c1ccccc1[PH](C1CCCCC1)(C1CCCCC1)[Pd]1([O]S(C)(=O)=O)[NH]c2ccccc2-c2cccc[c]21,CS(C)=O,O,CS(C)=O,CS(C)=O,O,,,79200.0,0.0,0.0,30.719341278076172
Brc1ccc(-c2ccccc2)cn1,CN(C)c1ccc(B2OC(C)(C)C(C)(C)O2)cc1,,,,CC(C)c1cc(C(C)C)c(-c2ccccc2[PH](C(C)(C)C)(C(C)(C)C)[Pd]2([O]S(C)(=O)=O)[NH]c3ccccc3-c3cccc[c]32)c(C(C)C)c1,CS(C)=O,O,CS(C)=O,CS(C)=O,CS(C)=O,,,79200.0,0.0,0.0,9.217272758483887
O=C1NCCc2[nH]c(-c3ccnc(Br)c3)cc21,CC1(C)OB(c2cnc(-n3cccn3)nc2)OC1(C)C,,,,CC(C)c1cc(C(C)C)c(-c2ccccc2[PH](C(C)(C)C)(C(C)(C)C)[Pd]2([O]S(C)(=O)=O)[NH]c3ccccc3-c3cccc[c]32)c(C(C)C)c1,CS(C)=O,O,CS(C)=O,CS(C)=O,CS(C)=O,,,79200.0,0.0,0.0,5.110018730163574
Ic1c[nH]c2ncccc12,CN(C)c1ccc(B2OC(C)(C)C(C)(C)O2)cc1,,,,CC(C)c1cc(C(C)C)c(-c2ccccc2[PH](C(C)(C)C)(C(C)(C)C)[Pd]2([O]S(C)(=O)=O)[NH]c3ccccc3-c3cccc[c]32)c(C(C)C)c1,CS(C)=O,O,CS(C)=O,CS(C)=O,CS(C)=O,,,79200.0,0.0,0.0,6.996755599975586
O=C(Nc1ccccc1N1CCNCC1)c1csc(Br)n1,Cc1cc(O)ccc1B1OC(C)(C)C(C)(C)O1,,,,CN(C)c1ccc([PH](C(C)(C)C)(C(C)(C)C)[Pd]2([O]S(C)(=O)=O)[NH]c3ccccc3-c3cccc[c]32)cc1,CS(C)=O,O,CS(C)=O,CS(C)=O,CCC(C)(C)O,,,79200.0,0.0,0.0,2.2223572731018066
CCn1c(=O)c2c(nc(N[C@@H]3CCC[C@H]3O)n2Cc2ccc(OC)c(Br)c2)n(CCO)c1=O,CC1(C)OB(c2cnn(Cc3ccccc3)c2)OC1(C)C,,,,CC(C)(C)[PH](C(C)(C)C)(C(C)(C)C)[Pd]1([Cl])[NH]c2ccccc2-c2cccc[c]21,CS(C)=O,O,CS(C)=O,CS(C)=O,CCC(C)(C)O,,,79200.0,0.0,0.0,100.0
Ic1c[nH]c2ncccc12,CC1(C)OB(c2cccc(C3(NC(=O)OCc4ccccc4)CC3)c2)OC1(C)C,,,,CC(C)(C)[PH](C(C)(C)C)(C(C)(C)C)[Pd]1([Cl])[NH]c2ccccc2-c2cccc[c]21,CS(C)=O,O,CS(C)=O,CS(C)=O,CCC(C)(C)O,,,79200.0,0.0,0.0,0.0
O=C(Nc1ccccc1N1CCNCC1)c1csc(Br)n1,CC1(C)OB(C2=CCCCC2)OC1(C)C,,,,CC(C)Oc1cccc(OC(C)C)c1-c1ccccc1[PH](C1CCCCC1)(C1CCCCC1)[Pd]1([O]S(C)(=O)=O)[NH]c2ccccc2-c2cccc[c]21,CS(C)=O,O,CS(C)=O,CS(C)=O,O,,,79200.0,0.0,0.0,28.770078659057617
O=C(NCc1ccc(F)cc1)c1nc(Br)c2cccnc2c1O,CC1(C)OB(c2cnc(-n3cccn3)nc2)OC1(C)C,,,,CC(C)c1cc(C(C)C)c(-c2ccccc2[PH](C(C)(C)C)(C(C)(C)C)[Pd]2([O]S(C)(=O)=O)[NH]c3ccccc3-c3cccc[c]32)c(C(C)C)c1,CS(C)=O,O,CS(C)=O,CS(C)=O,CS(C)=O,,,79200.0,0.0,0.0,0.0
O=C(NCc1ccc(F)cc1)c1nc(Br)c2cccnc2c1O,CC1(C)OB(C2=CCCCC2)OC1(C)C,,,,CN(C)c1ccc([PH](C(C)(C)C)(C(C)(C)C)[Pd]2([O]S(C)(=O)=O)[NH]c3ccccc3-c3cccc[c]32)cc1,CS(C)=O,O,CS(C)=O,CS(C)=O,CCC(C)(C)O,,,79200.0,0.0,0.0,50.0
COC(=O)[C@@H]1C[C@@H](OC(=O)N2Cc3cccc(Br)c3C2)CN1C(=O)OCc1ccccc1,CN(C)c1ccc(B2OC(C)(C)C(C)(C)O2)cc1,,,,CC(C)(C)[PH](C(C)(C)C)(C(C)(C)C)[Pd]1([Cl])[NH]c2ccccc2-c2cccc[c]21,CS(C)=O,O,CS(C)=O,CS(C)=O,CCC(C)(C)O,,,79200.0,0.0,0.0,91.51631927490234
Ic1c[nH]c2ncccc12,CN(C)c1ccc(B2OC(C)(C)C(C)(C)O2)cc1,,,,CC(C)(C)[PH](C(C)(C)C)(C(C)(C)C)[Pd]1([Cl])[NH]c2ccccc2-c2cccc[c]21,CS(C)=O,O,CS(C)=O,CS(C)=O,CCC(C)(C)O,,,79200.0,0.0,0.0,0.0
O=C(Nc1ccccc1N1CCNCC1)c1csc(Br)n1,OB(O)c1cccnc1,,,,CC(C)c1cc(C(C)C)c(-c2ccccc2[PH](C2CCCCC2)(C2CCCCC2)[Pd]2([O]S(C)(=O)=O)[NH]c3ccccc3-c3cccc[c]32)c(C(C)C)c1,CS(C)=O,O,CS(C)=O,CS(C)=O,O,,,79200.0,0.0,0.0,11.987098693847656
Brc1ccc(-c2ccccc2)cn1,CC1(C)OB(C2=CCCCC2)OC1(C)C,,,,CC(C)Oc1cccc(OC(C)C)c1-c1ccccc1[PH](C1CCCCC1)(C1CCCCC1)[Pd]1([O]S(C)(=O)=O)[NH]c2ccccc2-c2cccc[c]21,CS(C)=O,O,CS(C)=O,CS(C)=O,O,,,79200.0,0.0,0.0,97.94064331054688
CN1C(=O)C[C@@](C)(c2sccc2Cl)N/C1=N/C(=O)OC(C)(C)C,CC1(C)OB(c2cn(S(=O)(=O)c3ccccc3)c3ncccc23)OC1(C)C,,,,CC(C)Oc1cccc(OC(C)C)c1-c1ccccc1[PH](C1CCCCC1)(C1CCCCC1)[Pd]1([O]S(C)(=O)=O)[NH]c2ccccc2-c2cccc[c]21,CS(C)=O,O,CS(C)=O,CS(C)=O,O,,,79200.0,0.0,0.0,0.0
CN1C(=O)C[C@@](C)(c2cc(Br)cs2)N/C1=N/C(=O)OC(C)(C)C,CC1(C)OB(c2cnn(Cc3ccccc3)c2)OC1(C)C,,,,CN(C)c1ccc([PH](C(C)(C)C)(C(C)(C)C)[Pd]2([O]S(C)(=O)=O)[NH]c3ccccc3-c3cccc[c]32)cc1,CS(C)=O,O,CS(C)=O,CS(C)=O,CCC(C)(C)O,,,79200.0,0.0,0.0,100.0
Ic1c[nH]c2ncccc12,O=C(NC1CCCC1)c1ccc(B(O)O)cc1,,,,CC(C)(C)[PH](C(C)(C)C)(C(C)(C)C)[Pd]1([Cl])[NH]c2ccccc2-c2cccc[c]21,CS(C)=O,O,CS(C)=O,CS(C)=O,CCC(C)(C)O,,,79200.0,0.0,0.0,0.0
O=C(NCc1ccc(F)cc1)c1nc(Br)c2cccnc2c1O,CC1(C)OB(c2cccc(C3(NC(=O)OCc4ccccc4)CC3)c2)OC1(C)C,,,,CN(C)c1ccc([PH](C(C)(C)C)(C(C)(C)C)[Pd]2([O]S(C)(=O)=O)[NH]c3ccccc3-c3cccc[c]32)cc1,CS(C)=O,O,CS(C)=O,CS(C)=O,CCC(C)(C)O,,,79200.0,0.0,0.0,8.883009910583496
Brc1ccc(-c2ccccc2)cn1,CC1(C)OB(C2=CCCCC2)OC1(C)C,,,,CN(C)c1ccc([PH](C(C)(C)C)(C(C)(C)C)[Pd]2([O]S(C)(=O)=O)[NH]c3ccccc3-c3cccc[c]32)cc1,CS(C)=O,O,CS(C)=O,CS(C)=O,CCC(C)(C)O,,,79200.0,0.0,0.0,96.05462646484375
CCOC(=O)N1CCC(=C2c3ccc(Cl)cc3CCc3cc(Br)cnc32)CC1,CN(C)c1ccc(B2OC(C)(C)C(C)(C)O2)cc1,,,,CN(C)c1ccc([PH](C(C)(C)C)(C(C)(C)C)[Pd]2([O]S(C)(=O)=O)[NH]c3ccccc3-c3cccc[c]32)cc1,CS(C)=O,O,CS(C)=O,CS(C)=O,CS(C)=O,,,79200.0,0.0,0.0,84.3585433959961
COC(=O)[C@@H]1C[C@@H](OC(=O)N2Cc3cccc(Br)c3C2)CN1C(=O)OCc1ccccc1,Cc1cc(O)ccc1B1OC(C)(C)C(C)(C)O1,,,,CC(C)Oc1cccc(OC(C)C)c1-c1ccccc1[PH](C1CCCCC1)(C1CCCCC1)[Pd]1([O]S(C)(=O)=O)[NH]c2ccccc2-c2cccc[c]21,CS(C)=O,O,CS(C)=O,CS(C)=O,O,,,79200.0,0.0,0.0,89.7585220336914
O=C(NCc1ccc(F)cc1)c1nc(Br)c2cccnc2c1O,CC1(C)OB(c2cnc(-n3cccn3)nc2)OC1(C)C,,,,CN(C)c1ccc([PH](C(C)(C)C)(C(C)(C)C)[Pd]2([O]S(C)(=O)=O)[NH]c3ccccc3-c3cccc[c]32)cc1,CS(C)=O,O,CS(C)=O,CS(C)=O,CCC(C)(C)O,,,79200.0,0.0,0.0,0.0
Ic1c[nH]c2ncccc12,OB(O)c1cccnc1,,,,CC(C)c1cc(C(C)C)c(-c2ccccc2[PH](C(C)(C)C)(C(C)(C)C)[Pd]2([O]S(C)(=O)=O)[NH]c3ccccc3-c3cccc[c]32)c(C(C)C)c1,CS(C)=O,O,CS(C)=O,CS(C)=O,CS(C)=O,,,79200.0,0.0,0.0,0.0
COC(=O)[C@@H]1C[C@@H](OC(=O)N2Cc3cccc(Br)c3C2)CN1C(=O)OCc1ccccc1,CC1(C)OB(c2cn(S(=O)(=O)c3ccccc3)c3ncccc23)OC1(C)C,,,,CC(C)c1cc(C(C)C)c(-c2ccccc2[PH](C2CCCCC2)(C2CCCCC2)[Pd]2([O]S(C)(=O)=O)[NH]c3ccccc3-c3cccc[c]32)c(C(C)C)c1,CS(C)=O,O,CS(C)=O,CS(C)=O,O,,,79200.0,0.0,0.0,68.97026824951172
O=C1NCCc2[nH]c(-c3ccnc(Br)c3)cc21,O=C(NC1CCCC1)c1ccc(B(O)O)cc1,,,,CC(C)c1cc(C(C)C)c(-c2ccccc2[PH](C(C)(C)C)(C(C)(C)C)[Pd]2([O]S(C)(=O)=O)[NH]c3ccccc3-c3cccc[c]32)c(C(C)C)c1,CS(C)=O,O,CS(C)=O,CS(C)=O,CS(C)=O,,,79200.0,0.0,0.0,0.0
CN1C(=O)C[C@@](C)(c2cc(Br)cs2)N/C1=N/C(=O)OC(C)(C)C,CC1(C)OB(c2cnc(-n3cccn3)nc2)OC1(C)C,,,,CC(C)Oc1cccc(OC(C)C)c1-c1ccccc1[PH](C1CCCCC1)(C1CCCCC1)[Pd]1([O]S(C)(=O)=O)[NH]c2ccccc2-c2cccc[c]21,CS(C)=O,O,CS(C)=O,CS(C)=O,O,,,79200.0,0.0,0.0,11.996763229370117
CC(=O)NC(C)(C)[C@@H]1CC2(CCN(C(=O)OC(C)(C)C)CC2)c2cc(Cl)c(C)cc21,CC1(C)OB(c2cnc(-n3cccn3)nc2)OC1(C)C,,,,CN(C)c1ccc([PH](C(C)(C)C)(C(C)(C)C)[Pd]2([O]S(C)(=O)=O)[NH]c3ccccc3-c3cccc[c]32)cc1,CS(C)=O,O,CS(C)=O,CS(C)=O,CS(C)=O,,,79200.0,0.0,0.0,0.0
Ic1c[nH]c2ncccc12,O=C(NC1CCCC1)c1ccc(B(O)O)cc1,,,,CC(C)c1cc(C(C)C)c(-c2ccccc2[PH](C2CCCCC2)(C2CCCCC2)[Pd]2([O]S(C)(=O)=O)[NH]c3ccccc3-c3cccc[c]32)c(C(C)C)c1,CS(C)=O,O,CS(C)=O,CS(C)=O,O,,,79200.0,0.0,0.0,0.0
CN1C(=O)C[C@@](C)(c2cc(Br)cs2)N/C1=N/C(=O)OC(C)(C)C,CC1(C)OB(c2cnc(-n3cccn3)nc2)OC1(C)C,,,,CN(C)c1ccc([PH](C(C)(C)C)(C(C)(C)C)[Pd]2([O]S(C)(=O)=O)[NH]c3ccccc3-c3cccc[c]32)cc1,CS(C)=O,O,CS(C)=O,CS(C)=O,CCC(C)(C)O,,,79200.0,0.0,0.0,58.355079650878906
O=C(Nc1ccccc1N1CCNCC1)c1csc(Br)n1,CC1(C)OB(c2cnc(-n3cccn3)nc2)OC1(C)C,,,,CC(C)c1cc(C(C)C)c(-c2ccccc2[PH](C2CCCCC2)(C2CCCCC2)[Pd]2([O]S(C)(=O)=O)[NH]c3ccccc3-c3cccc[c]32)c(C(C)C)c1,CS(C)=O,O,CS(C)=O,CS(C)=O,O,,,79200.0,0.0,0.0,0.0
CCCc1nc2ccc(I)cc2c(=O)n1Cc1ccc(-c2ccccc2S(=O)(=O)NC(C)(C)C)cc1,CC1(C)OB(c2cn(S(=O)(=O)c3ccccc3)c3ncccc23)OC1(C)C,,,,CC(C)Oc1cccc(OC(C)C)c1-c1ccccc1[PH](C1CCCCC1)(C1CCCCC1)[Pd]1([O]S(C)(=O)=O)[NH]c2ccccc2-c2cccc[c]21,CS(C)=O,O,CS(C)=O,CS(C)=O,O,,,79200.0,0.0,0.0,40.57894515991211
Ic1c[nH]c2ncccc12,CC1(C)OB(c2cnc(-n3cccn3)nc2)OC1(C)C,,,,CN(C)c1ccc([PH](C(C)(C)C)(C(C)(C)C)[Pd]2([O]S(C)(=O)=O)[NH]c3ccccc3-c3cccc[c]32)cc1,CS(C)=O,O,CS(C)=O,CS(C)=O,CS(C)=O,,,79200.0,0.0,0.0,9.426939010620117
CN1C(=O)C[C@@](C)(c2sccc2Cl)N/C1=N/C(=O)OC(C)(C)C,CC1(C)OB(c2cn(S(=O)(=O)c3ccccc3)c3ncccc23)OC1(C)C,,,,CN(C)c1ccc([PH](C(C)(C)C)(C(C)(C)C)[Pd]2([O]S(C)(=O)=O)[NH]c3ccccc3-c3cccc[c]32)cc1,CS(C)=O,O,CS(C)=O,CS(C)=O,CCC(C)(C)O,,,79200.0,0.0,0.0,0.0
Brc1ccc(-c2ccccc2)cn1,CC1(C)OB(c2cn(S(=O)(=O)c3ccccc3)c3ncccc23)OC1(C)C,,,,CC(C)c1cc(C(C)C)c(-c2ccccc2[PH](C(C)(C)C)(C(C)(C)C)[Pd]2([O]S(C)(=O)=O)[NH]c3ccccc3-c3cccc[c]32)c(C(C)C)c1,CS(C)=O,O,CS(C)=O,CS(C)=O,CS(C)=O,,,79200.0,0.0,0.0,17.804086685180664
O=C1NCCc2[nH]c(-c3ccnc(Br)c3)cc21,CC1(C)OB(c2cn(S(=O)(=O)c3ccccc3)c3ncccc23)OC1(C)C,,,,CC(C)c1cc(C(C)C)c(-c2ccccc2[PH](C(C)(C)C)(C(C)(C)C)[Pd]2([O]S(C)(=O)=O)[NH]c3ccccc3-c3cccc[c]32)c(C(C)C)c1,CS(C)=O,O,CS(C)=O,CS(C)=O,CS(C)=O,,,79200.0,0.0,0.0,77.4510269165039
Brc1ccc(-c2ccccc2)cn1,CC1(C)OB(c2cnn(Cc3ccccc3)c2)OC1(C)C,,,,CC(C)(C)[PH](C(C)(C)C)(C(C)(C)C)[Pd]1([Cl])[NH]c2ccccc2-c2cccc[c]21,CS(C)=O,O,CS(C)=O,CS(C)=O,CCC(C)(C)O,,,79200.0,0.0,0.0,87.3332290649414
CC(=O)NC(C)(C)[C@@H]1CC2(CCN(C(=O)OC(C)(C)C)CC2)c2cc(Cl)c(C)cc21,CN(C)c1ccc(B2OC(C)(C)C(C)(C)O2)cc1,,,,CN(C)c1ccc([PH](C(C)(C)C)(C(C)(C)C)[Pd]2([O]S(C)(=O)=O)[NH]c3ccccc3-c3cccc[c]32)cc1,CS(C)=O,O,CS(C)=O,CS(C)=O,CS(C)=O,,,79200.0,0.0,0.0,0.0
CCCc1nc2ccc(I)cc2c(=O)n1Cc1ccc(-c2ccccc2S(=O)(=O)NC(C)(C)C)cc1,CC1(C)OB(c2cccc(C3(NC(=O)OCc4ccccc4)CC3)c2)OC1(C)C,,,,CC(C)Oc1cccc(OC(C)C)c1-c1ccccc1[PH](C1CCCCC1)(C1CCCCC1)[Pd]1([O]S(C)(=O)=O)[NH]c2ccccc2-c2cccc[c]21,CS(C)=O,O,CS(C)=O,CS(C)=O,O,,,79200.0,0.0,0.0,0.0
CCOC(=O)N1CCC(=C2c3ccc(Cl)cc3CCc3cc(Br)cnc32)CC1,CC1(C)OB(C2=CCCCC2)OC1(C)C,,,,CN(C)c1ccc([PH](C(C)(C)C)(C(C)(C)C)[Pd]2([O]S(C)(=O)=O)[NH]c3ccccc3-c3cccc[c]32)cc1,CS(C)=O,O,CS(C)=O,CS(C)=O,CS(C)=O,,,79200.0,0.0,0.0,95.96930694580078
CCn1c(=O)c2c(nc(N[C@@H]3CCC[C@H]3O)n2Cc2ccc(OC)c(Br)c2)n(CCO)c1=O,CC1(C)OB(c2ccc(-c3cnccn3)cc2)OC1(C)C,,,,CN(C)c1ccc([PH](C(C)(C)C)(C(C)(C)C)[Pd]2([O]S(C)(=O)=O)[NH]c3ccccc3-c3cccc[c]32)cc1,CS(C)=O,O,CS(C)=O,CS(C)=O,CCC(C)(C)O,,,79200.0,0.0,0.0,100.0
O=C(Nc1ccccc1N1CCNCC1)c1csc(Br)n1,CC1(C)OB(c2cnc(-n3cccn3)nc2)OC1(C)C,,,,CC(C)c1cc(C(C)C)c(-c2ccccc2[PH](C(C)(C)C)(C(C)(C)C)[Pd]2([O]S(C)(=O)=O)[NH]c3ccccc3-c3cccc[c]32)c(C(C)C)c1,CS(C)=O,O,CS(C)=O,CS(C)=O,CS(C)=O,,,79200.0,0.0,0.0,0.0
COC(=O)[C@@H]1C[C@@H](OC(=O)N2Cc3cccc(Br)c3C2)CN1C(=O)OCc1ccccc1,CC1(C)OB(c2cccc(C3(NC(=O)OCc4ccccc4)CC3)c2)OC1(C)C,,,,CC(C)c1cc(C(C)C)c(-c2ccccc2[PH](C(C)(C)C)(C(C)(C)C)[Pd]2([O]S(C)(=O)=O)[NH]c3ccccc3-c3cccc[c]32)c(C(C)C)c1,CS(C)=O,O,CS(C)=O,CS(C)=O,CS(C)=O,,,79200.0,0.0,0.0,79.46104431152344
CCCc1nc2ccc(I)cc2c(=O)n1Cc1ccc(-c2ccccc2S(=O)(=O)NC(C)(C)C)cc1,OB(O)c1cccnc1,,,,CC(C)c1cc(C(C)C)c(-c2ccccc2[PH](C2CCCCC2)(C2CCCCC2)[Pd]2([O]S(C)(=O)=O)[NH]c3ccccc3-c3cccc[c]32)c(C(C)C)c1,CS(C)=O,O,CS(C)=O,CS(C)=O,O,,,79200.0,0.0,0.0,4.0912275314331055
COC(=O)[C@@H]1C[C@@H](OC(=O)N2Cc3cccc(Br)c3C2)CN1C(=O)OCc1ccccc1,CC1(C)OB(c2cn(S(=O)(=O)c3ccccc3)c3ncccc23)OC1(C)C,,,,CN(C)c1ccc([PH](C(C)(C)C)(C(C)(C)C)[Pd]2([O]S(C)(=O)=O)[NH]c3ccccc3-c3cccc[c]32)cc1,CS(C)=O,O,CS(C)=O,CS(C)=O,CCC(C)(C)O,,,79200.0,0.0,0.0,80.13662719726562
CCCc1nc2ccc(I)cc2c(=O)n1Cc1ccc(-c2ccccc2S(=O)(=O)NC(C)(C)C)cc1,OB(O)c1cccnc1,,,,CN(C)c1ccc([PH](C(C)(C)C)(C(C)(C)C)[Pd]2([O]S(C)(=O)=O)[NH]c3ccccc3-c3cccc[c]32)cc1,CS(C)=O,O,CS(C)=O,CS(C)=O,CCC(C)(C)O,,,79200.0,0.0,0.0,3.6597135066986084
CN1C(=O)C[C@@](C)(c2sccc2Cl)N/C1=N/C(=O)OC(C)(C)C,CC1(C)OB(C2=CCCCC2)OC1(C)C,,,,CN(C)c1ccc([PH](C(C)(C)C)(C(C)(C)C)[Pd]2([O]S(C)(=O)=O)[NH]c3ccccc3-c3cccc[c]32)cc1,CS(C)=O,O,CS(C)=O,CS(C)=O,CCC(C)(C)O,,,79200.0,0.0,0.0,0.0
O=C1NCCc2[nH]c(-c3ccnc(Br)c3)cc21,CN(C)c1ccc(B2OC(C)(C)C(C)(C)O2)cc1,,,,CC(C)c1cc(C(C)C)c(-c2ccccc2[PH](C(C)(C)C)(C(C)(C)C)[Pd]2([O]S(C)(=O)=O)[NH]c3ccccc3-c3cccc[c]32)c(C(C)C)c1,CS(C)=O,O,CS(C)=O,CS(C)=O,CS(C)=O,,,79200.0,0.0,0.0,0.0
O=C1NCCc2[nH]c(-c3ccnc(Br)c3)cc21,CC1(C)OB(c2ccc(-c3cnccn3)cc2)OC1(C)C,,,,CC(C)c1cc(C(C)C)c(-c2ccccc2[PH](C2CCCCC2)(C2CCCCC2)[Pd]2([O]S(C)(=O)=O)[NH]c3ccccc3-c3cccc[c]32)c(C(C)C)c1,CS(C)=O,O,CS(C)=O,CS(C)=O,O,,,79200.0,0.0,0.0,82.14787292480469
O=C(NCc1ccc(F)cc1)c1nc(Br)c2cccnc2c1O,CC1(C)OB(c2cnn(Cc3ccccc3)c2)OC1(C)C,,,,CC(C)c1cc(C(C)C)c(-c2ccccc2[PH](C(C)(C)C)(C(C)(C)C)[Pd]2([O]S(C)(=O)=O)[NH]c3ccccc3-c3cccc[c]32)c(C(C)C)c1,CS(C)=O,O,CS(C)=O,CS(C)=O,CS(C)=O,,,79200.0,0.0,0.0,14.757522583007812
Brc1ccc(-c2ccccc2)cn1,CC1(C)OB(c2cn(S(=O)(=O)c3ccccc3)c3ncccc23)OC1(C)C,,,,CN(C)c1ccc([PH](C(C)(C)C)(C(C)(C)C)[Pd]2([O]S(C)(=O)=O)[NH]c3ccccc3-c3cccc[c]32)cc1,CS(C)=O,O,CS(C)=O,CS(C)=O,CS(C)=O,,,79200.0,0.0,0.0,100.0
CCCc1nc2ccc(I)cc2c(=O)n1Cc1ccc(-c2ccccc2S(=O)(=O)NC(C)(C)C)cc1,OB(O)c1cccnc1,,,,CC(C)c1cc(C(C)C)c(-c2ccccc2[PH](C(C)(C)C)(C(C)(C)C)[Pd]2([O]S(C)(=O)=O)[NH]c3ccccc3-c3cccc[c]32)c(C(C)C)c1,CS(C)=O,O,CS(C)=O,CS(C)=O,CS(C)=O,,,79200.0,0.0,0.0,9.55305004119873
O=C(NCc1ccc(F)cc1)c1nc(Br)c2cccnc2c1O,Cc1cc(O)ccc1B1OC(C)(C)C(C)(C)O1,,,,CC(C)c1cc(C(C)C)c(-c2ccccc2[PH](C2CCCCC2)(C2CCCCC2)[Pd]2([O]S(C)(=O)=O)[NH]c3ccccc3-c3cccc[c]32)c(C(C)C)c1,CS(C)=O,O,CS(C)=O,CS(C)=O,O,,,79200.0,0.0,0.0,0.0
O=C1NCCc2[nH]c(-c3ccnc(Br)c3)cc21,CC1(C)OB(c2ccc(-c3cnccn3)cc2)OC1(C)C,,,,CC(C)(C)[PH](C(C)(C)C)(C(C)(C)C)[Pd]1([Cl])[NH]c2ccccc2-c2cccc[c]21,CS(C)=O,O,CS(C)=O,CS(C)=O,CCC(C)(C)O,,,79200.0,0.0,0.0,14.43475341796875
Brc1ccc(-c2ccccc2)cn1,CN(C)c1ccc(B2OC(C)(C)C(C)(C)O2)cc1,,,,CC(C)c1cc(C(C)C)c(-c2ccccc2[PH](C2CCCCC2)(C2CCCCC2)[Pd]2([O]S(C)(=O)=O)[NH]c3ccccc3-c3cccc[c]32)c(C(C)C)c1,CS(C)=O,O,CS(C)=O,CS(C)=O,O,,,79200.0,0.0,0.0,30.037593841552734
O=C(NCc1ccc(F)cc1)c1nc(Br)c2cccnc2c1O,OB(O)c1cccnc1,,,,CC(C)(C)[PH](C(C)(C)C)(C(C)(C)C)[Pd]1([Cl])[NH]c2ccccc2-c2cccc[c]21,CS(C)=O,O,CS(C)=O,CS(C)=O,CCC(C)(C)O,,,79200.0,0.0,0.0,12.530987739562988
O=C(NCc1ccc(F)cc1)c1nc(Br)c2cccnc2c1O,CC1(C)OB(c2ccc(-c3cnccn3)cc2)OC1(C)C,,,,CN(C)c1ccc([PH](C(C)(C)C)(C(C)(C)C)[Pd]2([O]S(C)(=O)=O)[NH]c3ccccc3-c3cccc[c]32)cc1,CS(C)=O,O,CS(C)=O,CS(C)=O,CS(C)=O,,,79200.0,0.0,0.0,0.0
O=C1NCCc2[nH]c(-c3ccnc(Br)c3)cc21,CC1(C)OB(c2cccc(C3(NC(=O)OCc4ccccc4)CC3)c2)OC1(C)C,,,,CN(C)c1ccc([PH](C(C)(C)C)(C(C)(C)C)[Pd]2([O]S(C)(=O)=O)[NH]c3ccccc3-c3cccc[c]32)cc1,CS(C)=O,O,CS(C)=O,CS(C)=O,CS(C)=O,,,79200.0,0.0,0.0,23.90835952758789
COC(=O)[C@@H]1C[C@@H](OC(=O)N2Cc3cccc(Br)c3C2)CN1C(=O)OCc1ccccc1,CN(C)c1ccc(B2OC(C)(C)C(C)(C)O2)cc1,,,,CC(C)c1cc(C(C)C)c(-c2ccccc2[PH](C2CCCCC2)(C2CCCCC2)[Pd]2([O]S(C)(=O)=O)[NH]c3ccccc3-c3cccc[c]32)c(C(C)C)c1,CS(C)=O,O,CS(C)=O,CS(C)=O,O,,,79200.0,0.0,0.0,87.69381713867188
Ic1c[nH]c2ncccc12,CC1(C)OB(c2cnn(Cc3ccccc3)c2)OC1(C)C,,,,CN(C)c1ccc([PH](C(C)(C)C)(C(C)(C)C)[Pd]2([O]S(C)(=O)=O)[NH]c3ccccc3-c3cccc[c]32)cc1,CS(C)=O,O,CS(C)=O,CS(C)=O,CS(C)=O,,,79200.0,0.0,0.0,6.454318046569824
CCCc1nc2ccc(I)cc2c(=O)n1Cc1ccc(-c2ccccc2S(=O)(=O)NC(C)(C)C)cc1,CC1(C)OB(c2cnc(-n3cccn3)nc2)OC1(C)C,,,,CN(C)c1ccc([PH](C(C)(C)C)(C(C)(C)C)[Pd]2([O]S(C)(=O)=O)[NH]c3ccccc3-c3cccc[c]32)cc1,CS(C)=O,O,CS(C)=O,CS(C)=O,CS(C)=O,,,79200.0,0.0,0.0,31.573871612548828
CC(=O)NC(C)(C)[C@@H]1CC2(CCN(C(=O)OC(C)(C)C)CC2)c2cc(Cl)c(C)cc21,Cc1cc(O)ccc1B1OC(C)(C)C(C)(C)O1,,,,CN(C)c1ccc([PH](C(C)(C)C)(C(C)(C)C)[Pd]2([O]S(C)(=O)=O)[NH]c3ccccc3-c3cccc[c]32)cc1,CS(C)=O,O,CS(C)=O,CS(C)=O,CCC(C)(C)O,,,79200.0,0.0,0.0,0.0
CCn1c(=O)c2c(nc(N[C@@H]3CCC[C@H]3O)n2Cc2ccc(OC)c(Br)c2)n(CCO)c1=O,CC1(C)OB(c2cccc(C3(NC(=O)OCc4ccccc4)CC3)c2)OC1(C)C,,,,CC(C)(C)[PH](C(C)(C)C)(C(C)(C)C)[Pd]1([Cl])[NH]c2ccccc2-c2cccc[c]21,CS(C)=O,O,CS(C)=O,CS(C)=O,CCC(C)(C)O,,,79200.0,0.0,0.0,98.25926208496094
CCn1c(=O)c2c(nc(N[C@@H]3CCC[C@H]3O)n2Cc2ccc(OC)c(Br)c2)n(CCO)c1=O,CC1(C)OB(c2cnc(-n3cccn3)nc2)OC1(C)C,,,,CC(C)(C)[PH](C(C)(C)C)(C(C)(C)C)[Pd]1([Cl])[NH]c2ccccc2-c2cccc[c]21,CS(C)=O,O,CS(C)=O,CS(C)=O,CCC(C)(C)O,,,79200.0,0.0,0.0,13.832625389099121
CN1C(=O)C[C@@](C)(c2cc(Br)cs2)N/C1=N/C(=O)OC(C)(C)C,O=C(NC1CCCC1)c1ccc(B(O)O)cc1,,,,CC(C)Oc1cccc(OC(C)C)c1-c1ccccc1[PH](C1CCCCC1)(C1CCCCC1)[Pd]1([O]S(C)(=O)=O)[NH]c2ccccc2-c2cccc[c]21,CS(C)=O,O,CS(C)=O,CS(C)=O,O,,,79200.0,0.0,0.0,77.72644805908203
COC(=O)[C@@H]1C[C@@H](OC(=O)N2Cc3cccc(Br)c3C2)CN1C(=O)OCc1ccccc1,CC1(C)OB(c2cccc(C3(NC(=O)OCc4ccccc4)CC3)c2)OC1(C)C,,,,CC(C)(C)[PH](C(C)(C)C)(C(C)(C)C)[Pd]1([Cl])[NH]c2ccccc2-c2cccc[c]21,CS(C)=O,O,CS(C)=O,CS(C)=O,CCC(C)(C)O,,,79200.0,0.0,0.0,100.0
CCOC(=O)N1CCC(=C2c3ccc(Cl)cc3CCc3cc(Br)cnc32)CC1,OB(O)c1cccnc1,,,,CC(C)c1cc(C(C)C)c(-c2ccccc2[PH](C2CCCCC2)(C2CCCCC2)[Pd]2([O]S(C)(=O)=O)[NH]c3ccccc3-c3cccc[c]32)c(C(C)C)c1,CS(C)=O,O,CS(C)=O,CS(C)=O,O,,,79200.0,0.0,0.0,28.411272048950195
CN1C(=O)C[C@@](C)(c2cc(Br)cs2)N/C1=N/C(=O)OC(C)(C)C,CC1(C)OB(C2=CCCCC2)OC1(C)C,,,,CN(C)c1ccc([PH](C(C)(C)C)(C(C)(C)C)[Pd]2([O]S(C)(=O)=O)[NH]c3ccccc3-c3cccc[c]32)cc1,CS(C)=O,O,CS(C)=O,CS(C)=O,CCC(C)(C)O,,,79200.0,0.0,0.0,100.0
CCn1c(=O)c2c(nc(N[C@@H]3CCC[C@H]3O)n2Cc2ccc(OC)c(Br)c2)n(CCO)c1=O,CN(C)c1ccc(B2OC(C)(C)C(C)(C)O2)cc1,,,,CN(C)c1ccc([PH](C(C)(C)C)(C(C)(C)C)[Pd]2([O]S(C)(=O)=O)[NH]c3ccccc3-c3cccc[c]32)cc1,CS(C)=O,O,CS(C)=O,CS(C)=O,CS(C)=O,,,79200.0,0.0,0.0,92.88780212402344
CN1C(=O)C[C@@](C)(c2cc(Br)cs2)N/C1=N/C(=O)OC(C)(C)C,CC1(C)OB(c2cn(S(=O)(=O)c3ccccc3)c3ncccc23)OC1(C)C,,,,CN(C)c1ccc([PH](C(C)(C)C)(C(C)(C)C)[Pd]2([O]S(C)(=O)=O)[NH]c3ccccc3-c3cccc[c]32)cc1,CS(C)=O,O,CS(C)=O,CS(C)=O,CCC(C)(C)O,,,79200.0,0.0,0.0,100.0
CN1C(=O)C[C@@](C)(c2cc(Br)cs2)N/C1=N/C(=O)OC(C)(C)C,CC1(C)OB(c2cnc(-n3cccn3)nc2)OC1(C)C,,,,CN(C)c1ccc([PH](C(C)(C)C)(C(C)(C)C)[Pd]2([O]S(C)(=O)=O)[NH]c3ccccc3-c3cccc[c]32)cc1,CS(C)=O,O,CS(C)=O,CS(C)=O,CS(C)=O,,,79200.0,0.0,0.0,0.0
O=C1NCCc2[nH]c(-c3ccnc(Br)c3)cc21,CC1(C)OB(c2cnc(-n3cccn3)nc2)OC1(C)C,,,,CC(C)c1cc(C(C)C)c(-c2ccccc2[PH](C(C)(C)C)(C(C)(C)C)[Pd]2([O]S(C)(=O)=O)[NH]c3ccccc3-c3cccc[c]32)c(C(C)C)c1,CS(C)=O,O,CS(C)=O,CS(C)=O,CS(C)=O,,,79200.0,0.0,0.0,0.0
Brc1ccc(-c2ccccc2)cn1,CC1(C)OB(c2cn(S(=O)(=O)c3ccccc3)c3ncccc23)OC1(C)C,,,,CN(C)c1ccc([PH](C(C)(C)C)(C(C)(C)C)[Pd]2([O]S(C)(=O)=O)[NH]c3ccccc3-c3cccc[c]32)cc1,CS(C)=O,O,CS(C)=O,CS(C)=O,CS(C)=O,,,79200.0,0.0,0.0,0.0
O=C(NCc1ccc(F)cc1)c1nc(Br)c2cccnc2c1O,CC1(C)OB(c2cnc(-n3cccn3)nc2)OC1(C)C,,,,CN(C)c1ccc([PH](C(C)(C)C)(C(C)(C)C)[Pd]2([O]S(C)(=O)=O)[NH]c3ccccc3-c3cccc[c]32)cc1,CS(C)=O,O,CS(C)=O,CS(C)=O,CS(C)=O,,,79200.0,0.0,0.0,0.0
O=C1NCCc2[nH]c(-c3ccnc(Br)c3)cc21,CN(C)c1ccc(B2OC(C)(C)C(C)(C)O2)cc1,,,,CC(C)Oc1cccc(OC(C)C)c1-c1ccccc1[PH](C1CCCCC1)(C1CCCCC1)[Pd]1([O]S(C)(=O)=O)[NH]c2ccccc2-c2cccc[c]21,CS(C)=O,O,CS(C)=O,CS(C)=O,O,,,79200.0,0.0,0.0,23.532670974731445
CCn1c(=O)c2c(nc(N[C@@H]3CCC[C@H]3O)n2Cc2ccc(OC)c(Br)c2)n(CCO)c1=O,O=C(NC1CCCC1)c1ccc(B(O)O)cc1,,,,CC(C)Oc1cccc(OC(C)C)c1-c1ccccc1[PH](C1CCCCC1)(C1CCCCC1)[Pd]1([O]S(C)(=O)=O)[NH]c2ccccc2-c2cccc[c]21,CS(C)=O,O,CS(C)=O,CS(C)=O,O,,,79200.0,0.0,0.0,97.75567626953125
O=C1NCCc2[nH]c(-c3ccnc(Br)c3)cc21,Cc1cc(O)ccc1B1OC(C)(C)C(C)(C)O1,,,,CC(C)Oc1cccc(OC(C)C)c1-c1ccccc1[PH](C1CCCCC1)(C1CCCCC1)[Pd]1([O]S(C)(=O)=O)[NH]c2ccccc2-c2cccc[c]21,CS(C)=O,O,CS(C)=O,CS(C)=O,O,,,79200.0,0.0,0.0,36.363441467285156
CCCc1nc2ccc(I)cc2c(=O)n1Cc1ccc(-c2ccccc2S(=O)(=O)NC(C)(C)C)cc1,O=C(NC1CCCC1)c1ccc(B(O)O)cc1,,,,CC(C)(C)[PH](C(C)(C)C)(C(C)(C)C)[Pd]1([Cl])[NH]c2ccccc2-c2cccc[c]21,CS(C)=O,O,CS(C)=O,CS(C)=O,CCC(C)(C)O,,,79200.0,0.0,0.0,100.0
CCOC(=O)N1CCC(=C2c3ccc(Cl)cc3CCc3cc(Br)cnc32)CC1,OB(O)c1cccnc1,,,,CC(C)(C)[PH](C(C)(C)C)(C(C)(C)C)[Pd]1([Cl])[NH]c2ccccc2-c2cccc[c]21,CS(C)=O,O,CS(C)=O,CS(C)=O,CCC(C)(C)O,,,79200.0,0.0,0.0,37.74660110473633
Brc1ccc(-c2ccccc2)cn1,CN(C)c1ccc(B2OC(C)(C)C(C)(C)O2)cc1,,,,CC(C)Oc1cccc(OC(C)C)c1-c1ccccc1[PH](C1CCCCC1)(C1CCCCC1)[Pd]1([O]S(C)(=O)=O)[NH]c2ccccc2-c2cccc[c]21,CS(C)=O,O,CS(C)=O,CS(C)=O,O,,,79200.0,0.0,0.0,32.719970703125
Ic1c[nH]c2ncccc12,O=C(NC1CCCC1)c1ccc(B(O)O)cc1,,,,CC(C)(C)[PH](C(C)(C)C)(C(C)(C)C)[Pd]1([Cl])[NH]c2ccccc2-c2cccc[c]21,CS(C)=O,O,CS(C)=O,CS(C)=O,CCC(C)(C)O,,,79200.0,0.0,0.0,0.0
CN1C(=O)C[C@@](C)(c2cc(Br)cs2)N/C1=N/C(=O)OC(C)(C)C,CC1(C)OB(c2cn(S(=O)(=O)c3ccccc3)c3ncccc23)OC1(C)C,,,,CC(C)c1cc(C(C)C)c(-c2ccccc2[PH](C2CCCCC2)(C2CCCCC2)[Pd]2([O]S(C)(=O)=O)[NH]c3ccccc3-c3cccc[c]32)c(C(C)C)c1,CS(C)=O,O,CS(C)=O,CS(C)=O,O,,,79200.0,0.0,0.0,62.90013885498047
CCn1c(=O)c2c(nc(N[C@@H]3CCC[C@H]3O)n2Cc2ccc(OC)c(Br)c2)n(CCO)c1=O,CN(C)c1ccc(B2OC(C)(C)C(C)(C)O2)cc1,,,,CC(C)(C)[PH](C(C)(C)C)(C(C)(C)C)[Pd]1([Cl])[NH]c2ccccc2-c2cccc[c]21,CS(C)=O,O,CS(C)=O,CS(C)=O,CCC(C)(C)O,,,79200.0,0.0,0.0,88.19554138183594
COC(=O)[C@@H]1C[C@@H](OC(=O)N2Cc3cccc(Br)c3C2)CN1C(=O)OCc1ccccc1,OB(O)c1cccnc1,,,,CN(C)c1ccc([PH](C(C)(C)C)(C(C)(C)C)[Pd]2([O]S(C)(=O)=O)[NH]c3ccccc3-c3cccc[c]32)cc1,CS(C)=O,O,CS(C)=O,CS(C)=O,CCC(C)(C)O,,,79200.0,0.0,0.0,100.0
O=C(Nc1ccccc1N1CCNCC1)c1csc(Br)n1,CC1(C)OB(c2ccc(-c3cnccn3)cc2)OC1(C)C,,,,CC(C)c1cc(C(C)C)c(-c2ccccc2[PH](C(C)(C)C)(C(C)(C)C)[Pd]2([O]S(C)(=O)=O)[NH]c3ccccc3-c3cccc[c]32)c(C(C)C)c1,CS(C)=O,O,CS(C)=O,CS(C)=O,CS(C)=O,,,79200.0,0.0,0.0,6.5380940437316895
O=C(NCc1ccc(F)cc1)c1nc(Br)c2cccnc2c1O,O=C(NC1CCCC1)c1ccc(B(O)O)cc1,,,,CN(C)c1ccc([PH](C(C)(C)C)(C(C)(C)C)[Pd]2([O]S(C)(=O)=O)[NH]c3ccccc3-c3cccc[c]32)cc1,CS(C)=O,O,CS(C)=O,CS(C)=O,CS(C)=O,,,79200.0,0.0,0.0,58.91047286987305
CC(=O)NC(C)(C)[C@@H]1CC2(CCN(C(=O)OC(C)(C)C)CC2)c2cc(Cl)c(C)cc21,CC1(C)OB(C2=CCCCC2)OC1(C)C,,,,CN(C)c1ccc([PH](C(C)(C)C)(C(C)(C)C)[Pd]2([O]S(C)(=O)=O)[NH]c3ccccc3-c3cccc[c]32)cc1,CS(C)=O,O,CS(C)=O,CS(C)=O,CCC(C)(C)O,,,79200.0,0.0,0.0,0.0
CCOC(=O)N1CCC(=C2c3ccc(Cl)cc3CCc3cc(Br)cnc32)CC1,OB(O)c1cccnc1,,,,CC(C)Oc1cccc(OC(C)C)c1-c1ccccc1[PH](C1CCCCC1)(C1CCCCC1)[Pd]1([O]S(C)(=O)=O)[NH]c2ccccc2-c2cccc[c]21,CS(C)=O,O,CS(C)=O,CS(C)=O,O,,,79200.0,0.0,0.0,24.32073211669922
O=C1NCCc2[nH]c(-c3ccnc(Br)c3)cc21,Cc1cc(O)ccc1B1OC(C)(C)C(C)(C)O1,,,,CC(C)c1cc(C(C)C)c(-c2ccccc2[PH](C2CCCCC2)(C2CCCCC2)[Pd]2([O]S(C)(=O)=O)[NH]c3ccccc3-c3cccc[c]32)c(C(C)C)c1,CS(C)=O,O,CS(C)=O,CS(C)=O,O,,,79200.0,0.0,0.0,77.0807876586914
O=C(Nc1ccccc1N1CCNCC1)c1csc(Br)n1,CC1(C)OB(c2cnc(-n3cccn3)nc2)OC1(C)C,,,,CN(C)c1ccc([PH](C(C)(C)C)(C(C)(C)C)[Pd]2([O]S(C)(=O)=O)[NH]c3ccccc3-c3cccc[c]32)cc1,CS(C)=O,O,CS(C)=O,CS(C)=O,CCC(C)(C)O,,,79200.0,0.0,0.0,0.0
CCn1c(=O)c2c(nc(N[C@@H]3CCC[C@H]3O)n2Cc2ccc(OC)c(Br)c2)n(CCO)c1=O,CC1(C)OB(c2cnc(-n3cccn3)nc2)OC1(C)C,,,,CN(C)c1ccc([PH](C(C)(C)C)(C(C)(C)C)[Pd]2([O]S(C)(=O)=O)[NH]c3ccccc3-c3cccc[c]32)cc1,CS(C)=O,O,CS(C)=O,CS(C)=O,CCC(C)(C)O,,,79200.0,0.0,0.0,2.731471538543701
CCOC(=O)N1CCC(=C2c3ccc(Cl)cc3CCc3cc(Br)cnc32)CC1,CC1(C)OB(c2cn(S(=O)(=O)c3ccccc3)c3ncccc23)OC1(C)C,,,,CN(C)c1ccc([PH](C(C)(C)C)(C(C)(C)C)[Pd]2([O]S(C)(=O)=O)[NH]c3ccccc3-c3cccc[c]32)cc1,CS(C)=O,O,CS(C)=O,CS(C)=O,CS(C)=O,,,79200.0,0.0,0.0,100.0
CN1C(=O)C[C@@](C)(c2cc(Br)cs2)N/C1=N/C(=O)OC(C)(C)C,O=C(NC1CCCC1)c1ccc(B(O)O)cc1,,,,CC(C)c1cc(C(C)C)c(-c2ccccc2[PH](C2CCCCC2)(C2CCCCC2)[Pd]2([O]S(C)(=O)=O)[NH]c3ccccc3-c3cccc[c]32)c(C(C)C)c1,CS(C)=O,O,CS(C)=O,CS(C)=O,O,,,79200.0,0.0,0.0,100.0
Brc1ccc(-c2ccccc2)cn1,OB(O)c1cccnc1,,,,CC(C)c1cc(C(C)C)c(-c2ccccc2[PH](C(C)(C)C)(C(C)(C)C)[Pd]2([O]S(C)(=O)=O)[NH]c3ccccc3-c3cccc[c]32)c(C(C)C)c1,CS(C)=O,O,CS(C)=O,CS(C)=O,CS(C)=O,,,79200.0,0.0,0.0,0.0
Ic1c[nH]c2ncccc12,Cc1cc(O)ccc1B1OC(C)(C)C(C)(C)O1,,,,CC(C)c1cc(C(C)C)c(-c2ccccc2[PH](C2CCCCC2)(C2CCCCC2)[Pd]2([O]S(C)(=O)=O)[NH]c3ccccc3-c3cccc[c]32)c(C(C)C)c1,CS(C)=O,O,CS(C)=O,CS(C)=O,O,,,79200.0,0.0,0.0,0.0
O=C(Nc1ccccc1N1CCNCC1)c1csc(Br)n1,CC1(C)OB(c2cnn(Cc3ccccc3)c2)OC1(C)C,,,,CN(C)c1ccc([PH](C(C)(C)C)(C(C)(C)C)[Pd]2([O]S(C)(=O)=O)[NH]c3ccccc3-c3cccc[c]32)cc1,CS(C)=O,O,CS(C)=O,CS(C)=O,CCC(C)(C)O,,,79200.0,0.0,0.0,3.956845283508301
CCn1c(=O)c2c(nc(N[C@@H]3CCC[C@H]3O)n2Cc2ccc(OC)c(Br)c2)n(CCO)c1=O,CC1(C)OB(c2cccc(C3(NC(=O)OCc4ccccc4)CC3)c2)OC1(C)C,,,,CC(C)Oc1cccc(OC(C)C)c1-c1ccccc1[PH](C1CCCCC1)(C1CCCCC1)[Pd]1([O]S(C)(=O)=O)[NH]c2ccccc2-c2cccc[c]21,CS(C)=O,O,CS(C)=O,CS(C)=O,O,,,79200.0,0.0,0.0,100.0
CN1C(=O)C[C@@](C)(c2cc(Br)cs2)N/C1=N/C(=O)OC(C)(C)C,CC1(C)OB(c2cn(S(=O)(=O)c3ccccc3)c3ncccc23)OC1(C)C,,,,CC(C)c1cc(C(C)C)c(-c2ccccc2[PH](C(C)(C)C)(C(C)(C)C)[Pd]2([O]S(C)(=O)=O)[NH]c3ccccc3-c3cccc[c]32)c(C(C)C)c1,CS(C)=O,O,CS(C)=O,CS(C)=O,CS(C)=O,,,79200.0,0.0,0.0,0.0
O=C(Nc1ccccc1N1CCNCC1)c1csc(Br)n1,CC1(C)OB(c2cnn(Cc3ccccc3)c2)OC1(C)C,,,,CC(C)(C)[PH](C(C)(C)C)(C(C)(C)C)[Pd]1([Cl])[NH]c2ccccc2-c2cccc[c]21,CS(C)=O,O,CS(C)=O,CS(C)=O,CCC(C)(C)O,,,79200.0,0.0,0.0,38.991432189941406
O=C1NCCc2[nH]c(-c3ccnc(Br)c3)cc21,CN(C)c1ccc(B2OC(C)(C)C(C)(C)O2)cc1,,,,CN(C)c1ccc([PH](C(C)(C)C)(C(C)(C)C)[Pd]2([O]S(C)(=O)=O)[NH]c3ccccc3-c3cccc[c]32)cc1,CS(C)=O,O,CS(C)=O,CS(C)=O,CCC(C)(C)O,,,79200.0,0.0,0.0,7.499654769897461
CC(=O)NC(C)(C)[C@@H]1CC2(CCN(C(=O)OC(C)(C)C)CC2)c2cc(Cl)c(C)cc21,CC1(C)OB(c2cn(S(=O)(=O)c3ccccc3)c3ncccc23)OC1(C)C,,,,CN(C)c1ccc([PH](C(C)(C)C)(C(C)(C)C)[Pd]2([O]S(C)(=O)=O)[NH]c3ccccc3-c3cccc[c]32)cc1,CS(C)=O,O,CS(C)=O,CS(C)=O,CCC(C)(C)O,,,79200.0,0.0,0.0,0.0
CCCc1nc2ccc(I)cc2c(=O)n1Cc1ccc(-c2ccccc2S(=O)(=O)NC(C)(C)C)cc1,O=C(NC1CCCC1)c1ccc(B(O)O)cc1,,,,CC(C)(C)[PH](C(C)(C)C)(C(C)(C)C)[Pd]1([Cl])[NH]c2ccccc2-c2cccc[c]21,CS(C)=O,O,CS(C)=O,CS(C)=O,CCC(C)(C)O,,,79200.0,0.0,0.0,100.0
O=C(NCc1ccc(F)cc1)c1nc(Br)c2cccnc2c1O,CC1(C)OB(C2=CCCCC2)OC1(C)C,,,,CC(C)Oc1cccc(OC(C)C)c1-c1ccccc1[PH](C1CCCCC1)(C1CCCCC1)[Pd]1([O]S(C)(=O)=O)[NH]c2ccccc2-c2cccc[c]21,CS(C)=O,O,CS(C)=O,CS(C)=O,O,,,79200.0,0.0,0.0,15.25791072845459
Brc1ccc(-c2ccccc2)cn1,OB(O)c1cccnc1,,,,CC(C)(C)[PH](C(C)(C)C)(C(C)(C)C)[Pd]1([Cl])[NH]c2ccccc2-c2cccc[c]21,CS(C)=O,O,CS(C)=O,CS(C)=O,CCC(C)(C)O,,,79200.0,0.0,0.0,2.7302029132843018
Ic1c[nH]c2ncccc12,CN(C)c1ccc(B2OC(C)(C)C(C)(C)O2)cc1,,,,CC(C)c1cc(C(C)C)c(-c2ccccc2[PH](C2CCCCC2)(C2CCCCC2)[Pd]2([O]S(C)(=O)=O)[NH]c3ccccc3-c3cccc[c]32)c(C(C)C)c1,CS(C)=O,O,CS(C)=O,CS(C)=O,O,,,79200.0,0.0,0.0,0.0
Ic1c[nH]c2ncccc12,CC1(C)OB(c2cnc(-n3cccn3)nc2)OC1(C)C,,,,CN(C)c1ccc([PH](C(C)(C)C)(C(C)(C)C)[Pd]2([O]S(C)(=O)=O)[NH]c3ccccc3-c3cccc[c]32)cc1,CS(C)=O,O,CS(C)=O,CS(C)=O,CS(C)=O,,,79200.0,0.0,0.0,5.9808430671691895
CN1C(=O)C[C@@](C)(c2sccc2Cl)N/C1=N/C(=O)OC(C)(C)C,CC1(C)OB(C2=CCCCC2)OC1(C)C,,,,CN(C)c1ccc([PH](C(C)(C)C)(C(C)(C)C)[Pd]2([O]S(C)(=O)=O)[NH]c3ccccc3-c3cccc[c]32)cc1,CS(C)=O,O,CS(C)=O,CS(C)=O,CCC(C)(C)O,,,79200.0,0.0,0.0,0.0
O=C1NCCc2[nH]c(-c3ccnc(Br)c3)cc21,CC1(C)OB(c2cnc(-n3cccn3)nc2)OC1(C)C,,,,CN(C)c1ccc([PH](C(C)(C)C)(C(C)(C)C)[Pd]2([O]S(C)(=O)=O)[NH]c3ccccc3-c3cccc[c]32)cc1,CS(C)=O,O,CS(C)=O,CS(C)=O,CCC(C)(C)O,,,79200.0,0.0,0.0,0.0
CN1C(=O)C[C@@](C)(c2cc(Br)cs2)N/C1=N/C(=O)OC(C)(C)C,CC1(C)OB(c2cccc(C3(NC(=O)OCc4ccccc4)CC3)c2)OC1(C)C,,,,CC(C)(C)[PH](C(C)(C)C)(C(C)(C)C)[Pd]1([Cl])[NH]c2ccccc2-c2cccc[c]21,CS(C)=O,O,CS(C)=O,CS(C)=O,CCC(C)(C)O,,,79200.0,0.0,0.0,27.574453353881836
CN1C(=O)C[C@@](C)(c2cc(Br)cs2)N/C1=N/C(=O)OC(C)(C)C,CC1(C)OB(C2=CCCCC2)OC1(C)C,,,,CC(C)c1cc(C(C)C)c(-c2ccccc2[PH](C2CCCCC2)(C2CCCCC2)[Pd]2([O]S(C)(=O)=O)[NH]c3ccccc3-c3cccc[c]32)c(C(C)C)c1,CS(C)=O,O,CS(C)=O,CS(C)=O,O,,,79200.0,0.0,0.0,76.50760650634766
O=C(Nc1ccccc1N1CCNCC1)c1csc(Br)n1,CN(C)c1ccc(B2OC(C)(C)C(C)(C)O2)cc1,,,,CC(C)c1cc(C(C)C)c(-c2ccccc2[PH](C2CCCCC2)(C2CCCCC2)[Pd]2([O]S(C)(=O)=O)[NH]c3ccccc3-c3cccc[c]32)c(C(C)C)c1,CS(C)=O,O,CS(C)=O,CS(C)=O,O,,,79200.0,0.0,0.0,15.58420467376709
O=C(NCc1ccc(F)cc1)c1nc(Br)c2cccnc2c1O,O=C(NC1CCCC1)c1ccc(B(O)O)cc1,,,,CC(C)c1cc(C(C)C)c(-c2ccccc2[PH](C(C)(C)C)(C(C)(C)C)[Pd]2([O]S(C)(=O)=O)[NH]c3ccccc3-c3cccc[c]32)c(C(C)C)c1,CS(C)=O,O,CS(C)=O,CS(C)=O,CS(C)=O,,,79200.0,0.0,0.0,0.0
O=C1NCCc2[nH]c(-c3ccnc(Br)c3)cc21,CC1(C)OB(c2cccc(C3(NC(=O)OCc4ccccc4)CC3)c2)OC1(C)C,,,,CN(C)c1ccc([PH](C(C)(C)C)(C(C)(C)C)[Pd]2([O]S(C)(=O)=O)[NH]c3ccccc3-c3cccc[c]32)cc1,CS(C)=O,O,CS(C)=O,CS(C)=O,CCC(C)(C)O,,,79200.0,0.0,0.0,25.296968460083008
CCCc1nc2ccc(I)cc2c(=O)n1Cc1ccc(-c2ccccc2S(=O)(=O)NC(C)(C)C)cc1,CC1(C)OB(c2cn(S(=O)(=O)c3ccccc3)c3ncccc23)OC1(C)C,,,,CN(C)c1ccc([PH](C(C)(C)C)(C(C)(C)C)[Pd]2([O]S(C)(=O)=O)[NH]c3ccccc3-c3cccc[c]32)cc1,CS(C)=O,O,CS(C)=O,CS(C)=O,CS(C)=O,,,79200.0,0.0,0.0,73.65640258789062
Brc1ccc(-c2ccccc2)cn1,CC1(C)OB(c2cccc(C3(NC(=O)OCc4ccccc4)CC3)c2)OC1(C)C,,,,CC(C)c1cc(C(C)C)c(-c2ccccc2[PH](C(C)(C)C)(C(C)(C)C)[Pd]2([O]S(C)(=O)=O)[NH]c3ccccc3-c3cccc[c]32)c(C(C)C)c1,CS(C)=O,O,CS(C)=O,CS(C)=O,CS(C)=O,,,79200.0,0.0,0.0,0.0
CCn1c(=O)c2c(nc(N[C@@H]3CCC[C@H]3O)n2Cc2ccc(OC)c(Br)c2)n(CCO)c1=O,CC1(C)OB(c2cccc(C3(NC(=O)OCc4ccccc4)CC3)c2)OC1(C)C,,,,CN(C)c1ccc([PH](C(C)(C)C)(C(C)(C)C)[Pd]2([O]S(C)(=O)=O)[NH]c3ccccc3-c3cccc[c]32)cc1,CS(C)=O,O,CS(C)=O,CS(C)=O,CCC(C)(C)O,,,79200.0,0.0,0.0,100.0
CCOC(=O)N1CCC(=C2c3ccc(Cl)cc3CCc3cc(Br)cnc32)CC1,CC1(C)OB(c2cnc(-n3cccn3)nc2)OC1(C)C,,,,CC(C)c1cc(C(C)C)c(-c2ccccc2[PH](C2CCCCC2)(C2CCCCC2)[Pd]2([O]S(C)(=O)=O)[NH]c3ccccc3-c3cccc[c]32)c(C(C)C)c1,CS(C)=O,O,CS(C)=O,CS(C)=O,O,,,79200.0,0.0,0.0,9.555858612060547
O=C(NCc1ccc(F)cc1)c1nc(Br)c2cccnc2c1O,CC1(C)OB(c2cn(S(=O)(=O)c3ccccc3)c3ncccc23)OC1(C)C,,,,CC(C)(C)[PH](C(C)(C)C)(C(C)(C)C)[Pd]1([Cl])[NH]c2ccccc2-c2cccc[c]21,CS(C)=O,O,CS(C)=O,CS(C)=O,CCC(C)(C)O,,,79200.0,0.0,0.0,26.848299026489258
CCOC(=O)N1CCC(=C2c3ccc(Cl)cc3CCc3cc(Br)cnc32)CC1,CC1(C)OB(c2ccc(-c3cnccn3)cc2)OC1(C)C,,,,CN(C)c1ccc([PH](C(C)(C)C)(C(C)(C)C)[Pd]2([O]S(C)(=O)=O)[NH]c3ccccc3-c3cccc[c]32)cc1,CS(C)=O,O,CS(C)=O,CS(C)=O,CS(C)=O,,,79200.0,0.0,0.0,20.400432586669922
CC(=O)NC(C)(C)[C@@H]1CC2(CCN(C(=O)OC(C)(C)C)CC2)c2cc(Cl)c(C)cc21,CC1(C)OB(c2ccc(-c3cnccn3)cc2)OC1(C)C,,,,CN(C)c1ccc([PH](C(C)(C)C)(C(C)(C)C)[Pd]2([O]S(C)(=O)=O)[NH]c3ccccc3-c3cccc[c]32)cc1,CS(C)=O,O,CS(C)=O,CS(C)=O,CCC(C)(C)O,,,79200.0,0.0,0.0,0.0
CCCc1nc2ccc(I)cc2c(=O)n1Cc1ccc(-c2ccccc2S(=O)(=O)NC(C)(C)C)cc1,CC1(C)OB(c2cn(S(=O)(=O)c3ccccc3)c3ncccc23)OC1(C)C,,,,CC(C)Oc1cccc(OC(C)C)c1-c1ccccc1[PH](C1CCCCC1)(C1CCCCC1)[Pd]1([O]S(C)(=O)=O)[NH]c2ccccc2-c2cccc[c]21,CS(C)=O,O,CS(C)=O,CS(C)=O,O,,,79200.0,0.0,0.0,75.15081024169922
CCOC(=O)N1CCC(=C2c3ccc(Cl)cc3CCc3cc(Br)cnc32)CC1,CN(C)c1ccc(B2OC(C)(C)C(C)(C)O2)cc1,,,,CC(C)(C)[PH](C(C)(C)C)(C(C)(C)C)[Pd]1([Cl])[NH]c2ccccc2-c2cccc[c]21,CS(C)=O,O,CS(C)=O,CS(C)=O,CCC(C)(C)O,,,79200.0,0.0,0.0,97.76559448242188
O=C(Nc1ccccc1N1CCNCC1)c1csc(Br)n1,CC1(C)OB(C2=CCCCC2)OC1(C)C,,,,CC(C)(C)[PH](C(C)(C)C)(C(C)(C)C)[Pd]1([Cl])[NH]c2ccccc2-c2cccc[c]21,CS(C)=O,O,CS(C)=O,CS(C)=O,CCC(C)(C)O,,,79200.0,0.0,0.0,14.466017723083496
O=C1NCCc2[nH]c(-c3ccnc(Br)c3)cc21,CC1(C)OB(c2cnn(Cc3ccccc3)c2)OC1(C)C,,,,CC(C)c1cc(C(C)C)c(-c2ccccc2[PH](C2CCCCC2)(C2CCCCC2)[Pd]2([O]S(C)(=O)=O)[NH]c3ccccc3-c3cccc[c]32)c(C(C)C)c1,CS(C)=O,O,CS(C)=O,CS(C)=O,O,,,79200.0,0.0,0.0,100.0
Brc1ccc(-c2ccccc2)cn1,Cc1cc(O)ccc1B1OC(C)(C)C(C)(C)O1,,,,CC(C)(C)[PH](C(C)(C)C)(C(C)(C)C)[Pd]1([Cl])[NH]c2ccccc2-c2cccc[c]21,CS(C)=O,O,CS(C)=O,CS(C)=O,CCC(C)(C)O,,,79200.0,0.0,0.0,34.14417266845703
CN1C(=O)C[C@@](C)(c2cc(Br)cs2)N/C1=N/C(=O)OC(C)(C)C,OB(O)c1cccnc1,,,,CN(C)c1ccc([PH](C(C)(C)C)(C(C)(C)C)[Pd]2([O]S(C)(=O)=O)[NH]c3ccccc3-c3cccc[c]32)cc1,CS(C)=O,O,CS(C)=O,CS(C)=O,CCC(C)(C)O,,,79200.0,0.0,0.0,21.539560317993164
CCCc1nc2ccc(I)cc2c(=O)n1Cc1ccc(-c2ccccc2S(=O)(=O)NC(C)(C)C)cc1,CC1(C)OB(c2cnn(Cc3ccccc3)c2)OC1(C)C,,,,CN(C)c1ccc([PH](C(C)(C)C)(C(C)(C)C)[Pd]2([O]S(C)(=O)=O)[NH]c3ccccc3-c3cccc[c]32)cc1,CS(C)=O,O,CS(C)=O,CS(C)=O,CS(C)=O,,,79200.0,0.0,0.0,70.71332550048828
O=C(Nc1ccccc1N1CCNCC1)c1csc(Br)n1,CC1(C)OB(c2cccc(C3(NC(=O)OCc4ccccc4)CC3)c2)OC1(C)C,,,,CC(C)(C)[PH](C(C)(C)C)(C(C)(C)C)[Pd]1([Cl])[NH]c2ccccc2-c2cccc[c]21,CS(C)=O,O,CS(C)=O,CS(C)=O,CCC(C)(C)O,,,79200.0,0.0,0.0,1.03526771068573
CCCc1nc2ccc(I)cc2c(=O)n1Cc1ccc(-c2ccccc2S(=O)(=O)NC(C)(C)C)cc1,CC1(C)OB(c2ccc(-c3cnccn3)cc2)OC1(C)C,,,,CC(C)Oc1cccc(OC(C)C)c1-c1ccccc1[PH](C1CCCCC1)(C1CCCCC1)[Pd]1([O]S(C)(=O)=O)[NH]c2ccccc2-c2cccc[c]21,CS(C)=O,O,CS(C)=O,CS(C)=O,O,,,79200.0,0.0,0.0,8.062947273254395
COC(=O)[C@@H]1C[C@@H](OC(=O)N2Cc3cccc(Br)c3C2)CN1C(=O)OCc1ccccc1,CC1(C)OB(c2cn(S(=O)(=O)c3ccccc3)c3ncccc23)OC1(C)C,,,,CC(C)Oc1cccc(OC(C)C)c1-c1ccccc1[PH](C1CCCCC1)(C1CCCCC1)[Pd]1([O]S(C)(=O)=O)[NH]c2ccccc2-c2cccc[c]21,CS(C)=O,O,CS(C)=O,CS(C)=O,O,,,79200.0,0.0,0.0,70.87625885009766
CN1C(=O)C[C@@](C)(c2cc(Br)cs2)N/C1=N/C(=O)OC(C)(C)C,CC1(C)OB(c2ccc(-c3cnccn3)cc2)OC1(C)C,,,,CC(C)(C)[PH](C(C)(C)C)(C(C)(C)C)[Pd]1([Cl])[NH]c2ccccc2-c2cccc[c]21,CS(C)=O,O,CS(C)=O,CS(C)=O,CCC(C)(C)O,,,79200.0,0.0,0.0,100.0
Brc1ccc(-c2ccccc2)cn1,CC1(C)OB(c2cnn(Cc3ccccc3)c2)OC1(C)C,,,,CC(C)c1cc(C(C)C)c(-c2ccccc2[PH](C(C)(C)C)(C(C)(C)C)[Pd]2([O]S(C)(=O)=O)[NH]c3ccccc3-c3cccc[c]32)c(C(C)C)c1,CS(C)=O,O,CS(C)=O,CS(C)=O,CS(C)=O,,,79200.0,0.0,0.0,9.533058166503906
O=C(NCc1ccc(F)cc1)c1nc(Br)c2cccnc2c1O,CC1(C)OB(c2ccc(-c3cnccn3)cc2)OC1(C)C,,,,CN(C)c1ccc([PH](C(C)(C)C)(C(C)(C)C)[Pd]2([O]S(C)(=O)=O)[NH]c3ccccc3-c3cccc[c]32)cc1,CS(C)=O,O,CS(C)=O,CS(C)=O,CCC(C)(C)O,,,79200.0,0.0,0.0,0.0
O=C(NCc1ccc(F)cc1)c1nc(Br)c2cccnc2c1O,Cc1cc(O)ccc1B1OC(C)(C)C(C)(C)O1,,,,CC(C)(C)[PH](C(C)(C)C)(C(C)(C)C)[Pd]1([Cl])[NH]c2ccccc2-c2cccc[c]21,CS(C)=O,O,CS(C)=O,CS(C)=O,CCC(C)(C)O,,,79200.0,0.0,0.0,0.0
CCn1c(=O)c2c(nc(N[C@@H]3CCC[C@H]3O)n2Cc2ccc(OC)c(Br)c2)n(CCO)c1=O,O=C(NC1CCCC1)c1ccc(B(O)O)cc1,,,,CN(C)c1ccc([PH](C(C)(C)C)(C(C)(C)C)[Pd]2([O]S(C)(=O)=O)[NH]c3ccccc3-c3cccc[c]32)cc1,CS(C)=O,O,CS(C)=O,CS(C)=O,CS(C)=O,,,79200.0,0.0,0.0,14.74424934387207
COC(=O)[C@@H]1C[C@@H](OC(=O)N2Cc3cccc(Br)c3C2)CN1C(=O)OCc1ccccc1,Cc1cc(O)ccc1B1OC(C)(C)C(C)(C)O1,,,,CC(C)(C)[PH](C(C)(C)C)(C(C)(C)C)[Pd]1([Cl])[NH]c2ccccc2-c2cccc[c]21,CS(C)=O,O,CS(C)=O,CS(C)=O,CCC(C)(C)O,,,79200.0,0.0,0.0,94.5591049194336
CCOC(=O)N1CCC(=C2c3ccc(Cl)cc3CCc3cc(Br)cnc32)CC1,CC1(C)OB(c2cn(S(=O)(=O)c3ccccc3)c3ncccc23)OC1(C)C,,,,CN(C)c1ccc([PH](C(C)(C)C)(C(C)(C)C)[Pd]2([O]S(C)(=O)=O)[NH]c3ccccc3-c3cccc[c]32)cc1,CS(C)=O,O,CS(C)=O,CS(C)=O,CS(C)=O,,,79200.0,0.0,0.0,16.32689094543457
CCn1c(=O)c2c(nc(N[C@@H]3CCC[C@H]3O)n2Cc2ccc(OC)c(Br)c2)n(CCO)c1=O,CN(C)c1ccc(B2OC(C)(C)C(C)(C)O2)cc1,,,,CN(C)c1ccc([PH](C(C)(C)C)(C(C)(C)C)[Pd]2([O]S(C)(=O)=O)[NH]c3ccccc3-c3cccc[c]32)cc1,CS(C)=O,O,CS(C)=O,CS(C)=O,CCC(C)(C)O,,,79200.0,0.0,0.0,93.11241912841797
CCOC(=O)N1CCC(=C2c3ccc(Cl)cc3CCc3cc(Br)cnc32)CC1,CC1(C)OB(c2cnn(Cc3ccccc3)c2)OC1(C)C,,,,CC(C)c1cc(C(C)C)c(-c2ccccc2[PH](C2CCCCC2)(C2CCCCC2)[Pd]2([O]S(C)(=O)=O)[NH]c3ccccc3-c3cccc[c]32)c(C(C)C)c1,CS(C)=O,O,CS(C)=O,CS(C)=O,O,,,79200.0,0.0,0.0,94.51643371582031
CN1C(=O)C[C@@](C)(c2sccc2Cl)N/C1=N/C(=O)OC(C)(C)C,CC1(C)OB(c2cnn(Cc3ccccc3)c2)OC1(C)C,,,,CN(C)c1ccc([PH](C(C)(C)C)(C(C)(C)C)[Pd]2([O]S(C)(=O)=O)[NH]c3ccccc3-c3cccc[c]32)cc1,CS(C)=O,O,CS(C)=O,CS(C)=O,CCC(C)(C)O,,,79200.0,0.0,0.0,0.0
O=C1NCCc2[nH]c(-c3ccnc(Br)c3)cc21,CC1(C)OB(c2cnn(Cc3ccccc3)c2)OC1(C)C,,,,CC(C)c1cc(C(C)C)c(-c2ccccc2[PH](C2CCCCC2)(C2CCCCC2)[Pd]2([O]S(C)(=O)=O)[NH]c3ccccc3-c3cccc[c]32)c(C(C)C)c1,CS(C)=O,O,CS(C)=O,CS(C)=O,O,,,79200.0,0.0,0.0,100.0
Brc1ccc(-c2ccccc2)cn1,CC1(C)OB(c2ccc(-c3cnccn3)cc2)OC1(C)C,,,,CC(C)c1cc(C(C)C)c(-c2ccccc2[PH](C2CCCCC2)(C2CCCCC2)[Pd]2([O]S(C)(=O)=O)[NH]c3ccccc3-c3cccc[c]32)c(C(C)C)c1,CS(C)=O,O,CS(C)=O,CS(C)=O,O,,,79200.0,0.0,0.0,24.112085342407227
CCn1c(=O)c2c(nc(N[C@@H]3CCC[C@H]3O)n2Cc2ccc(OC)c(Br)c2)n(CCO)c1=O,O=C(NC1CCCC1)c1ccc(B(O)O)cc1,,,,CC(C)c1cc(C(C)C)c(-c2ccccc2[PH](C(C)(C)C)(C(C)(C)C)[Pd]2([O]S(C)(=O)=O)[NH]c3ccccc3-c3cccc[c]32)c(C(C)C)c1,CS(C)=O,O,CS(C)=O,CS(C)=O,CS(C)=O,,,79200.0,0.0,0.0,21.546180725097656
O=C(NCc1ccc(F)cc1)c1nc(Br)c2cccnc2c1O,CC1(C)OB(c2cnc(-n3cccn3)nc2)OC1(C)C,,,,CN(C)c1ccc([PH](C(C)(C)C)(C(C)(C)C)[Pd]2([O]S(C)(=O)=O)[NH]c3ccccc3-c3cccc[c]32)cc1,CS(C)=O,O,CS(C)=O,CS(C)=O,CS(C)=O,,,79200.0,0.0,0.0,0.0
COC(=O)[C@@H]1C[C@@H](OC(=O)N2Cc3cccc(Br)c3C2)CN1C(=O)OCc1ccccc1,CC1(C)OB(C2=CCCCC2)OC1(C)C,,,,CN(C)c1ccc([PH](C(C)(C)C)(C(C)(C)C)[Pd]2([O]S(C)(=O)=O)[NH]c3ccccc3-c3cccc[c]32)cc1,CS(C)=O,O,CS(C)=O,CS(C)=O,CCC(C)(C)O,,,79200.0,0.0,0.0,61.40357971191406
O=C(NCc1ccc(F)cc1)c1nc(Br)c2cccnc2c1O,CC1(C)OB(C2=CCCCC2)OC1(C)C,,,,CC(C)(C)[PH](C(C)(C)C)(C(C)(C)C)[Pd]1([Cl])[NH]c2ccccc2-c2cccc[c]21,CS(C)=O,O,CS(C)=O,CS(C)=O,CCC(C)(C)O,,,79200.0,0.0,0.0,50.0
O=C(Nc1ccccc1N1CCNCC1)c1csc(Br)n1,CC1(C)OB(c2cnn(Cc3ccccc3)c2)OC1(C)C,,,,CN(C)c1ccc([PH](C(C)(C)C)(C(C)(C)C)[Pd]2([O]S(C)(=O)=O)[NH]c3ccccc3-c3cccc[c]32)cc1,CS(C)=O,O,CS(C)=O,CS(C)=O,CCC(C)(C)O,,,79200.0,0.0,0.0,5.117129325866699
CCOC(=O)N1CCC(=C2c3ccc(Cl)cc3CCc3cc(Br)cnc32)CC1,O=C(NC1CCCC1)c1ccc(B(O)O)cc1,,,,CC(C)(C)[PH](C(C)(C)C)(C(C)(C)C)[Pd]1([Cl])[NH]c2ccccc2-c2cccc[c]21,CS(C)=O,O,CS(C)=O,CS(C)=O,CCC(C)(C)O,,,79200.0,0.0,0.0,96.67567443847656
O=C(Nc1ccccc1N1CCNCC1)c1csc(Br)n1,CC1(C)OB(c2cnc(-n3cccn3)nc2)OC1(C)C,,,,CN(C)c1ccc([PH](C(C)(C)C)(C(C)(C)C)[Pd]2([O]S(C)(=O)=O)[NH]c3ccccc3-c3cccc[c]32)cc1,CS(C)=O,O,CS(C)=O,CS(C)=O,CCC(C)(C)O,,,79200.0,0.0,0.0,0.0
CC(=O)NC(C)(C)[C@@H]1CC2(CCN(C(=O)OC(C)(C)C)CC2)c2cc(Cl)c(C)cc21,CN(C)c1ccc(B2OC(C)(C)C(C)(C)O2)cc1,,,,CC(C)(C)[PH](C(C)(C)C)(C(C)(C)C)[Pd]1([Cl])[NH]c2ccccc2-c2cccc[c]21,CS(C)=O,O,CS(C)=O,CS(C)=O,CCC(C)(C)O,,,79200.0,0.0,0.0,0.0
O=C(Nc1ccccc1N1CCNCC1)c1csc(Br)n1,CC1(C)OB(c2cnc(-n3cccn3)nc2)OC1(C)C,,,,CC(C)c1cc(C(C)C)c(-c2ccccc2[PH](C(C)(C)C)(C(C)(C)C)[Pd]2([O]S(C)(=O)=O)[NH]c3ccccc3-c3cccc[c]32)c(C(C)C)c1,CS(C)=O,O,CS(C)=O,CS(C)=O,CS(C)=O,,,79200.0,0.0,0.0,0.0
CCn1c(=O)c2c(nc(N[C@@H]3CCC[C@H]3O)n2Cc2ccc(OC)c(Br)c2)n(CCO)c1=O,Cc1cc(O)ccc1B1OC(C)(C)C(C)(C)O1,,,,CN(C)c1ccc([PH](C(C)(C)C)(C(C)(C)C)[Pd]2([O]S(C)(=O)=O)[NH]c3ccccc3-c3cccc[c]32)cc1,CS(C)=O,O,CS(C)=O,CS(C)=O,CS(C)=O,,,79200.0,0.0,0.0,81.10552215576172
CCOC(=O)N1CCC(=C2c3ccc(Cl)cc3CCc3cc(Br)cnc32)CC1,OB(O)c1cccnc1,,,,CC(C)c1cc(C(C)C)c(-c2ccccc2[PH](C(C)(C)C)(C(C)(C)C)[Pd]2([O]S(C)(=O)=O)[NH]c3ccccc3-c3cccc[c]32)c(C(C)C)c1,CS(C)=O,O,CS(C)=O,CS(C)=O,CS(C)=O,,,79200.0,0.0,0.0,33.845375061035156
CCCc1nc2ccc(I)cc2c(=O)n1Cc1ccc(-c2ccccc2S(=O)(=O)NC(C)(C)C)cc1,CC1(C)OB(c2cnn(Cc3ccccc3)c2)OC1(C)C,,,,CC(C)(C)[PH](C(C)(C)C)(C(C)(C)C)[Pd]1([Cl])[NH]c2ccccc2-c2cccc[c]21,CS(C)=O,O,CS(C)=O,CS(C)=O,CCC(C)(C)O,,,79200.0,0.0,0.0,100.0
Brc1ccc(-c2ccccc2)cn1,CC1(C)OB(c2ccc(-c3cnccn3)cc2)OC1(C)C,,,,CC(C)c1cc(C(C)C)c(-c2ccccc2[PH](C(C)(C)C)(C(C)(C)C)[Pd]2([O]S(C)(=O)=O)[NH]c3ccccc3-c3cccc[c]32)c(C(C)C)c1,CS(C)=O,O,CS(C)=O,CS(C)=O,CS(C)=O,,,79200.0,0.0,0.0,0.0
CN1C(=O)C[C@@](C)(c2cc(Br)cs2)N/C1=N/C(=O)OC(C)(C)C,CN(C)c1ccc(B2OC(C)(C)C(C)(C)O2)cc1,,,,CC(C)c1cc(C(C)C)c(-c2ccccc2[PH](C2CCCCC2)(C2CCCCC2)[Pd]2([O]S(C)(=O)=O)[NH]c3ccccc3-c3cccc[c]32)c(C(C)C)c1,CS(C)=O,O,CS(C)=O,CS(C)=O,O,,,79200.0,0.0,0.0,60.54753875732422
O=C1NCCc2[nH]c(-c3ccnc(Br)c3)cc21,CC1(C)OB(c2cnn(Cc3ccccc3)c2)OC1(C)C,,,,CC(C)c1cc(C(C)C)c(-c2ccccc2[PH](C(C)(C)C)(C(C)(C)C)[Pd]2([O]S(C)(=O)=O)[NH]c3ccccc3-c3cccc[c]32)c(C(C)C)c1,CS(C)=O,O,CS(C)=O,CS(C)=O,CS(C)=O,,,79200.0,0.0,0.0,2.9454524517059326
Ic1c[nH]c2ncccc12,CC1(C)OB(c2ccc(-c3cnccn3)cc2)OC1(C)C,,,,CC(C)(C)[PH](C(C)(C)C)(C(C)(C)C)[Pd]1([Cl])[NH]c2ccccc2-c2cccc[c]21,CS(C)=O,O,CS(C)=O,CS(C)=O,CCC(C)(C)O,,,79200.0,0.0,0.0,0.0
Ic1c[nH]c2ncccc12,CC1(C)OB(c2cccc(C3(NC(=O)OCc4ccccc4)CC3)c2)OC1(C)C,,,,CC(C)c1cc(C(C)C)c(-c2ccccc2[PH](C(C)(C)C)(C(C)(C)C)[Pd]2([O]S(C)(=O)=O)[NH]c3ccccc3-c3cccc[c]32)c(C(C)C)c1,CS(C)=O,O,CS(C)=O,CS(C)=O,CS(C)=O,,,79200.0,0.0,0.0,0.0
O=C(Nc1ccccc1N1CCNCC1)c1csc(Br)n1,CC1(C)OB(c2cn(S(=O)(=O)c3ccccc3)c3ncccc23)OC1(C)C,,,,CC(C)c1cc(C(C)C)c(-c2ccccc2[PH](C(C)(C)C)(C(C)(C)C)[Pd]2([O]S(C)(=O)=O)[NH]c3ccccc3-c3cccc[c]32)c(C(C)C)c1,CS(C)=O,O,CS(C)=O,CS(C)=O,CS(C)=O,,,79200.0,0.0,0.0,44.53719711303711
Brc1ccc(-c2ccccc2)cn1,O=C(NC1CCCC1)c1ccc(B(O)O)cc1,,,,CC(C)Oc1cccc(OC(C)C)c1-c1ccccc1[PH](C1CCCCC1)(C1CCCCC1)[Pd]1([O]S(C)(=O)=O)[NH]c2ccccc2-c2cccc[c]21,CS(C)=O,O,CS(C)=O,CS(C)=O,O,,,79200.0,0.0,0.0,16.441802978515625
O=C(NCc1ccc(F)cc1)c1nc(Br)c2cccnc2c1O,CC1(C)OB(c2cnn(Cc3ccccc3)c2)OC1(C)C,,,,CC(C)Oc1cccc(OC(C)C)c1-c1ccccc1[PH](C1CCCCC1)(C1CCCCC1)[Pd]1([O]S(C)(=O)=O)[NH]c2ccccc2-c2cccc[c]21,CS(C)=O,O,CS(C)=O,CS(C)=O,O,,,79200.0,0.0,0.0,45.037845611572266
CC(=O)NC(C)(C)[C@@H]1CC2(CCN(C(=O)OC(C)(C)C)CC2)c2cc(Cl)c(C)cc21,O=C(NC1CCCC1)c1ccc(B(O)O)cc1,,,,CN(C)c1ccc([PH](C(C)(C)C)(C(C)(C)C)[Pd]2([O]S(C)(=O)=O)[NH]c3ccccc3-c3cccc[c]32)cc1,CS(C)=O,O,CS(C)=O,CS(C)=O,CCC(C)(C)O,,,79200.0,0.0,0.0,0.0
CN1C(=O)C[C@@](C)(c2cc(Br)cs2)N/C1=N/C(=O)OC(C)(C)C,CC1(C)OB(c2cnc(-n3cccn3)nc2)OC1(C)C,,,,CN(C)c1ccc([PH](C(C)(C)C)(C(C)(C)C)[Pd]2([O]S(C)(=O)=O)[NH]c3ccccc3-c3cccc[c]32)cc1,CS(C)=O,O,CS(C)=O,CS(C)=O,CCC(C)(C)O,,,79200.0,0.0,0.0,31.745874404907227
COC(=O)[C@@H]1C[C@@H](OC(=O)N2Cc3cccc(Br)c3C2)CN1C(=O)OCc1ccccc1,CC1(C)OB(c2ccc(-c3cnccn3)cc2)OC1(C)C,,,,CC(C)Oc1cccc(OC(C)C)c1-c1ccccc1[PH](C1CCCCC1)(C1CCCCC1)[Pd]1([O]S(C)(=O)=O)[NH]c2ccccc2-c2cccc[c]21,CS(C)=O,O,CS(C)=O,CS(C)=O,O,,,79200.0,0.0,0.0,98.39669799804688
CCn1c(=O)c2c(nc(N[C@@H]3CCC[C@H]3O)n2Cc2ccc(OC)c(Br)c2)n(CCO)c1=O,CC1(C)OB(C2=CCCCC2)OC1(C)C,,,,CC(C)c1cc(C(C)C)c(-c2ccccc2[PH](C2CCCCC2)(C2CCCCC2)[Pd]2([O]S(C)(=O)=O)[NH]c3ccccc3-c3cccc[c]32)c(C(C)C)c1,CS(C)=O,O,CS(C)=O,CS(C)=O,O,,,79200.0,0.0,0.0,93.946044921875
CN1C(=O)C[C@@](C)(c2cc(Br)cs2)N/C1=N/C(=O)OC(C)(C)C,Cc1cc(O)ccc1B1OC(C)(C)C(C)(C)O1,,,,CN(C)c1ccc([PH](C(C)(C)C)(C(C)(C)C)[Pd]2([O]S(C)(=O)=O)[NH]c3ccccc3-c3cccc[c]32)cc1,CS(C)=O,O,CS(C)=O,CS(C)=O,CCC(C)(C)O,,,79200.0,0.0,0.0,26.676767349243164
Ic1c[nH]c2ncccc12,CC1(C)OB(c2ccc(-c3cnccn3)cc2)OC1(C)C,,,,CC(C)c1cc(C(C)C)c(-c2ccccc2[PH](C2CCCCC2)(C2CCCCC2)[Pd]2([O]S(C)(=O)=O)[NH]c3ccccc3-c3cccc[c]32)c(C(C)C)c1,CS(C)=O,O,CS(C)=O,CS(C)=O,O,,,79200.0,0.0,0.0,0.0
CCCc1nc2ccc(I)cc2c(=O)n1Cc1ccc(-c2ccccc2S(=O)(=O)NC(C)(C)C)cc1,Cc1cc(O)ccc1B1OC(C)(C)C(C)(C)O1,,,,CC(C)c1cc(C(C)C)c(-c2ccccc2[PH](C2CCCCC2)(C2CCCCC2)[Pd]2([O]S(C)(=O)=O)[NH]c3ccccc3-c3cccc[c]32)c(C(C)C)c1,CS(C)=O,O,CS(C)=O,CS(C)=O,O,,,79200.0,0.0,0.0,18.055618286132812
O=C(Nc1ccccc1N1CCNCC1)c1csc(Br)n1,CC1(C)OB(c2cccc(C3(NC(=O)OCc4ccccc4)CC3)c2)OC1(C)C,,,,CN(C)c1ccc([PH](C(C)(C)C)(C(C)(C)C)[Pd]2([O]S(C)(=O)=O)[NH]c3ccccc3-c3cccc[c]32)cc1,CS(C)=O,O,CS(C)=O,CS(C)=O,CS(C)=O,,,79200.0,0.0,0.0,0.0
Ic1c[nH]c2ncccc12,CN(C)c1ccc(B2OC(C)(C)C(C)(C)O2)cc1,,,,CC(C)(C)[PH](C(C)(C)C)(C(C)(C)C)[Pd]1([Cl])[NH]c2ccccc2-c2cccc[c]21,CS(C)=O,O,CS(C)=O,CS(C)=O,CCC(C)(C)O,,,79200.0,0.0,0.0,0.0
O=C1NCCc2[nH]c(-c3ccnc(Br)c3)cc21,O=C(NC1CCCC1)c1ccc(B(O)O)cc1,,,,CC(C)c1cc(C(C)C)c(-c2ccccc2[PH](C(C)(C)C)(C(C)(C)C)[Pd]2([O]S(C)(=O)=O)[NH]c3ccccc3-c3cccc[c]32)c(C(C)C)c1,CS(C)=O,O,CS(C)=O,CS(C)=O,CS(C)=O,,,79200.0,0.0,0.0,0.0
CN1C(=O)C[C@@](C)(c2cc(Br)cs2)N/C1=N/C(=O)OC(C)(C)C,CC1(C)OB(c2ccc(-c3cnccn3)cc2)OC1(C)C,,,,CC(C)c1cc(C(C)C)c(-c2ccccc2[PH](C2CCCCC2)(C2CCCCC2)[Pd]2([O]S(C)(=O)=O)[NH]c3ccccc3-c3cccc[c]32)c(C(C)C)c1,CS(C)=O,O,CS(C)=O,CS(C)=O,O,,,79200.0,0.0,0.0,58.162193298339844
Ic1c[nH]c2ncccc12,CC1(C)OB(c2cnn(Cc3ccccc3)c2)OC1(C)C,,,,CC(C)c1cc(C(C)C)c(-c2ccccc2[PH](C(C)(C)C)(C(C)(C)C)[Pd]2([O]S(C)(=O)=O)[NH]c3ccccc3-c3cccc[c]32)c(C(C)C)c1,CS(C)=O,O,CS(C)=O,CS(C)=O,CS(C)=O,,,79200.0,0.0,0.0,65.43468475341797
CCOC(=O)N1CCC(=C2c3ccc(Cl)cc3CCc3cc(Br)cnc32)CC1,CC1(C)OB(c2cn(S(=O)(=O)c3ccccc3)c3ncccc23)OC1(C)C,,,,CC(C)Oc1cccc(OC(C)C)c1-c1ccccc1[PH](C1CCCCC1)(C1CCCCC1)[Pd]1([O]S(C)(=O)=O)[NH]c2ccccc2-c2cccc[c]21,CS(C)=O,O,CS(C)=O,CS(C)=O,O,,,79200.0,0.0,0.0,44.141197204589844
O=C1NCCc2[nH]c(-c3ccnc(Br)c3)cc21,Cc1cc(O)ccc1B1OC(C)(C)C(C)(C)O1,,,,CN(C)c1ccc([PH](C(C)(C)C)(C(C)(C)C)[Pd]2([O]S(C)(=O)=O)[NH]c3ccccc3-c3cccc[c]32)cc1,CS(C)=O,O,CS(C)=O,CS(C)=O,CS(C)=O,,,79200.0,0.0,0.0,0.0
CC(=O)NC(C)(C)[C@@H]1CC2(CCN(C(=O)OC(C)(C)C)CC2)c2cc(Cl)c(C)cc21,CC1(C)OB(c2cnc(-n3cccn3)nc2)OC1(C)C,,,,CC(C)c1cc(C(C)C)c(-c2ccccc2[PH](C2CCCCC2)(C2CCCCC2)[Pd]2([O]S(C)(=O)=O)[NH]c3ccccc3-c3cccc[c]32)c(C(C)C)c1,CS(C)=O,O,CS(C)=O,CS(C)=O,O,,,79200.0,0.0,0.0,93.14614868164062
O=C1NCCc2[nH]c(-c3ccnc(Br)c3)cc21,CC1(C)OB(c2cccc(C3(NC(=O)OCc4ccccc4)CC3)c2)OC1(C)C,,,,CC(C)(C)[PH](C(C)(C)C)(C(C)(C)C)[Pd]1([Cl])[NH]c2ccccc2-c2cccc[c]21,CS(C)=O,O,CS(C)=O,CS(C)=O,CCC(C)(C)O,,,79200.0,0.0,0.0,7.279155731201172
CCOC(=O)N1CCC(=C2c3ccc(Cl)cc3CCc3cc(Br)cnc32)CC1,CC1(C)OB(C2=CCCCC2)OC1(C)C,,,,CC(C)(C)[PH](C(C)(C)C)(C(C)(C)C)[Pd]1([Cl])[NH]c2ccccc2-c2cccc[c]21,CS(C)=O,O,CS(C)=O,CS(C)=O,CCC(C)(C)O,,,79200.0,0.0,0.0,95.85025787353516
CCn1c(=O)c2c(nc(N[C@@H]3CCC[C@H]3O)n2Cc2ccc(OC)c(Br)c2)n(CCO)c1=O,O=C(NC1CCCC1)c1ccc(B(O)O)cc1,,,,CC(C)c1cc(C(C)C)c(-c2ccccc2[PH](C2CCCCC2)(C2CCCCC2)[Pd]2([O]S(C)(=O)=O)[NH]c3ccccc3-c3cccc[c]32)c(C(C)C)c1,CS(C)=O,O,CS(C)=O,CS(C)=O,O,,,79200.0,0.0,0.0,94.34013366699219
CCn1c(=O)c2c(nc(N[C@@H]3CCC[C@H]3O)n2Cc2ccc(OC)c(Br)c2)n(CCO)c1=O,CN(C)c1ccc(B2OC(C)(C)C(C)(C)O2)cc1,,,,CC(C)c1cc(C(C)C)c(-c2ccccc2[PH](C2CCCCC2)(C2CCCCC2)[Pd]2([O]S(C)(=O)=O)[NH]c3ccccc3-c3cccc[c]32)c(C(C)C)c1,CS(C)=O,O,CS(C)=O,CS(C)=O,O,,,79200.0,0.0,0.0,85.5796890258789
O=C(Nc1ccccc1N1CCNCC1)c1csc(Br)n1,CC1(C)OB(c2cccc(C3(NC(=O)OCc4ccccc4)CC3)c2)OC1(C)C,,,,CN(C)c1ccc([PH](C(C)(C)C)(C(C)(C)C)[Pd]2([O]S(C)(=O)=O)[NH]c3ccccc3-c3cccc[c]32)cc1,CS(C)=O,O,CS(C)=O,CS(C)=O,CCC(C)(C)O,,,79200.0,0.0,0.0,7.650817394256592
CC(=O)NC(C)(C)[C@@H]1CC2(CCN(C(=O)OC(C)(C)C)CC2)c2cc(Cl)c(C)cc21,CN(C)c1ccc(B2OC(C)(C)C(C)(C)O2)cc1,,,,CC(C)c1cc(C(C)C)c(-c2ccccc2[PH](C(C)(C)C)(C(C)(C)C)[Pd]2([O]S(C)(=O)=O)[NH]c3ccccc3-c3cccc[c]32)c(C(C)C)c1,CS(C)=O,O,CS(C)=O,CS(C)=O,CS(C)=O,,,79200.0,0.0,0.0,78.95610046386719
O=C1NCCc2[nH]c(-c3ccnc(Br)c3)cc21,O=C(NC1CCCC1)c1ccc(B(O)O)cc1,,,,CN(C)c1ccc([PH](C(C)(C)C)(C(C)(C)C)[Pd]2([O]S(C)(=O)=O)[NH]c3ccccc3-c3cccc[c]32)cc1,CS(C)=O,O,CS(C)=O,CS(C)=O,CS(C)=O,,,79200.0,0.0,0.0,2.992603063583374
CCCc1nc2ccc(I)cc2c(=O)n1Cc1ccc(-c2ccccc2S(=O)(=O)NC(C)(C)C)cc1,CC1(C)OB(c2cn(S(=O)(=O)c3ccccc3)c3ncccc23)OC1(C)C,,,,CC(C)c1cc(C(C)C)c(-c2ccccc2[PH](C2CCCCC2)(C2CCCCC2)[Pd]2([O]S(C)(=O)=O)[NH]c3ccccc3-c3cccc[c]32)c(C(C)C)c1,CS(C)=O,O,CS(C)=O,CS(C)=O,O,,,79200.0,0.0,0.0,40.93006896972656
CC(=O)NC(C)(C)[C@@H]1CC2(CCN(C(=O)OC(C)(C)C)CC2)c2cc(Cl)c(C)cc21,OB(O)c1cccnc1,,,,CC(C)c1cc(C(C)C)c(-c2ccccc2[PH](C2CCCCC2)(C2CCCCC2)[Pd]2([O]S(C)(=O)=O)[NH]c3ccccc3-c3cccc[c]32)c(C(C)C)c1,CS(C)=O,O,CS(C)=O,CS(C)=O,O,,,79200.0,0.0,0.0,82.164794921875
CN1C(=O)C[C@@](C)(c2sccc2Cl)N/C1=N/C(=O)OC(C)(C)C,CC1(C)OB(c2cn(S(=O)(=O)c3ccccc3)c3ncccc23)OC1(C)C,,,,CC(C)c1cc(C(C)C)c(-c2ccccc2[PH](C(C)(C)C)(C(C)(C)C)[Pd]2([O]S(C)(=O)=O)[NH]c3ccccc3-c3cccc[c]32)c(C(C)C)c1,CS(C)=O,O,CS(C)=O,CS(C)=O,CS(C)=O,,,79200.0,0.0,0.0,0.0
O=C1NCCc2[nH]c(-c3ccnc(Br)c3)cc21,OB(O)c1cccnc1,,,,CC(C)c1cc(C(C)C)c(-c2ccccc2[PH](C(C)(C)C)(C(C)(C)C)[Pd]2([O]S(C)(=O)=O)[NH]c3ccccc3-c3cccc[c]32)c(C(C)C)c1,CS(C)=O,O,CS(C)=O,CS(C)=O,CS(C)=O,,,79200.0,0.0,0.0,0.0
O=C(NCc1ccc(F)cc1)c1nc(Br)c2cccnc2c1O,CC1(C)OB(c2cnn(Cc3ccccc3)c2)OC1(C)C,,,,CN(C)c1ccc([PH](C(C)(C)C)(C(C)(C)C)[Pd]2([O]S(C)(=O)=O)[NH]c3ccccc3-c3cccc[c]32)cc1,CS(C)=O,O,CS(C)=O,CS(C)=O,CS(C)=O,,,79200.0,0.0,0.0,0.0
Ic1c[nH]c2ncccc12,CN(C)c1ccc(B2OC(C)(C)C(C)(C)O2)cc1,,,,CC(C)Oc1cccc(OC(C)C)c1-c1ccccc1[PH](C1CCCCC1)(C1CCCCC1)[Pd]1([O]S(C)(=O)=O)[NH]c2ccccc2-c2cccc[c]21,CS(C)=O,O,CS(C)=O,CS(C)=O,O,,,79200.0,0.0,0.0,0.0
CCn1c(=O)c2c(nc(N[C@@H]3CCC[C@H]3O)n2Cc2ccc(OC)c(Br)c2)n(CCO)c1=O,Cc1cc(O)ccc1B1OC(C)(C)C(C)(C)O1,,,,CC(C)c1cc(C(C)C)c(-c2ccccc2[PH](C(C)(C)C)(C(C)(C)C)[Pd]2([O]S(C)(=O)=O)[NH]c3ccccc3-c3cccc[c]32)c(C(C)C)c1,CS(C)=O,O,CS(C)=O,CS(C)=O,CS(C)=O,,,79200.0,0.0,0.0,8.778755187988281
CC(=O)NC(C)(C)[C@@H]1CC2(CCN(C(=O)OC(C)(C)C)CC2)c2cc(Cl)c(C)cc21,CC1(C)OB(c2cnc(-n3cccn3)nc2)OC1(C)C,,,,CN(C)c1ccc([PH](C(C)(C)C)(C(C)(C)C)[Pd]2([O]S(C)(=O)=O)[NH]c3ccccc3-c3cccc[c]32)cc1,CS(C)=O,O,CS(C)=O,CS(C)=O,CS(C)=O,,,79200.0,0.0,0.0,0.0
O=C(Nc1ccccc1N1CCNCC1)c1csc(Br)n1,CC1(C)OB(c2ccc(-c3cnccn3)cc2)OC1(C)C,,,,CN(C)c1ccc([PH](C(C)(C)C)(C(C)(C)C)[Pd]2([O]S(C)(=O)=O)[NH]c3ccccc3-c3cccc[c]32)cc1,CS(C)=O,O,CS(C)=O,CS(C)=O,CS(C)=O,,,79200.0,0.0,0.0,0.0
COC(=O)[C@@H]1C[C@@H](OC(=O)N2Cc3cccc(Br)c3C2)CN1C(=O)OCc1ccccc1,CC1(C)OB(C2=CCCCC2)OC1(C)C,,,,CC(C)Oc1cccc(OC(C)C)c1-c1ccccc1[PH](C1CCCCC1)(C1CCCCC1)[Pd]1([O]S(C)(=O)=O)[NH]c2ccccc2-c2cccc[c]21,CS(C)=O,O,CS(C)=O,CS(C)=O,O,,,79200.0,0.0,0.0,46.20598602294922
CCCc1nc2ccc(I)cc2c(=O)n1Cc1ccc(-c2ccccc2S(=O)(=O)NC(C)(C)C)cc1,Cc1cc(O)ccc1B1OC(C)(C)C(C)(C)O1,,,,CC(C)c1cc(C(C)C)c(-c2ccccc2[PH](C2CCCCC2)(C2CCCCC2)[Pd]2([O]S(C)(=O)=O)[NH]c3ccccc3-c3cccc[c]32)c(C(C)C)c1,CS(C)=O,O,CS(C)=O,CS(C)=O,O,,,79200.0,0.0,0.0,19.043716430664062
Ic1c[nH]c2ncccc12,O=C(NC1CCCC1)c1ccc(B(O)O)cc1,,,,CN(C)c1ccc([PH](C(C)(C)C)(C(C)(C)C)[Pd]2([O]S(C)(=O)=O)[NH]c3ccccc3-c3cccc[c]32)cc1,CS(C)=O,O,CS(C)=O,CS(C)=O,CS(C)=O,,,79200.0,0.0,0.0,0.0
Ic1c[nH]c2ncccc12,Cc1cc(O)ccc1B1OC(C)(C)C(C)(C)O1,,,,CN(C)c1ccc([PH](C(C)(C)C)(C(C)(C)C)[Pd]2([O]S(C)(=O)=O)[NH]c3ccccc3-c3cccc[c]32)cc1,CS(C)=O,O,CS(C)=O,CS(C)=O,CS(C)=O,,,79200.0,0.0,0.0,0.0
COC(=O)[C@@H]1C[C@@H](OC(=O)N2Cc3cccc(Br)c3C2)CN1C(=O)OCc1ccccc1,CC1(C)OB(c2cnc(-n3cccn3)nc2)OC1(C)C,,,,CC(C)c1cc(C(C)C)c(-c2ccccc2[PH](C(C)(C)C)(C(C)(C)C)[Pd]2([O]S(C)(=O)=O)[NH]c3ccccc3-c3cccc[c]32)c(C(C)C)c1,CS(C)=O,O,CS(C)=O,CS(C)=O,CS(C)=O,,,79200.0,0.0,0.0,78.8529281616211
CC(=O)NC(C)(C)[C@@H]1CC2(CCN(C(=O)OC(C)(C)C)CC2)c2cc(Cl)c(C)cc21,CC1(C)OB(C2=CCCCC2)OC1(C)C,,,,CN(C)c1ccc([PH](C(C)(C)C)(C(C)(C)C)[Pd]2([O]S(C)(=O)=O)[NH]c3ccccc3-c3cccc[c]32)cc1,CS(C)=O,O,CS(C)=O,CS(C)=O,CS(C)=O,,,79200.0,0.0,0.0,0.0
O=C1NCCc2[nH]c(-c3ccnc(Br)c3)cc21,CN(C)c1ccc(B2OC(C)(C)C(C)(C)O2)cc1,,,,CN(C)c1ccc([PH](C(C)(C)C)(C(C)(C)C)[Pd]2([O]S(C)(=O)=O)[NH]c3ccccc3-c3cccc[c]32)cc1,CS(C)=O,O,CS(C)=O,CS(C)=O,CCC(C)(C)O,,,79200.0,0.0,0.0,19.439035415649414
O=C(Nc1ccccc1N1CCNCC1)c1csc(Br)n1,OB(O)c1cccnc1,,,,CN(C)c1ccc([PH](C(C)(C)C)(C(C)(C)C)[Pd]2([O]S(C)(=O)=O)[NH]c3ccccc3-c3cccc[c]32)cc1,CS(C)=O,O,CS(C)=O,CS(C)=O,CCC(C)(C)O,,,79200.0,0.0,0.0,0.0
CCCc1nc2ccc(I)cc2c(=O)n1Cc1ccc(-c2ccccc2S(=O)(=O)NC(C)(C)C)cc1,O=C(NC1CCCC1)c1ccc(B(O)O)cc1,,,,CC(C)c1cc(C(C)C)c(-c2ccccc2[PH](C2CCCCC2)(C2CCCCC2)[Pd]2([O]S(C)(=O)=O)[NH]c3ccccc3-c3cccc[c]32)c(C(C)C)c1,CS(C)=O,O,CS(C)=O,CS(C)=O,O,,,79200.0,0.0,0.0,13.64795970916748
CC(=O)NC(C)(C)[C@@H]1CC2(CCN(C(=O)OC(C)(C)C)CC2)c2cc(Cl)c(C)cc21,CC1(C)OB(c2cnc(-n3cccn3)nc2)OC1(C)C,,,,CC(C)(C)[PH](C(C)(C)C)(C(C)(C)C)[Pd]1([Cl])[NH]c2ccccc2-c2cccc[c]21,CS(C)=O,O,CS(C)=O,CS(C)=O,CCC(C)(C)O,,,79200.0,0.0,0.0,0.0
Ic1c[nH]c2ncccc12,CC1(C)OB(c2cn(S(=O)(=O)c3ccccc3)c3ncccc23)OC1(C)C,,,,CC(C)Oc1cccc(OC(C)C)c1-c1ccccc1[PH](C1CCCCC1)(C1CCCCC1)[Pd]1([O]S(C)(=O)=O)[NH]c2ccccc2-c2cccc[c]21,CS(C)=O,O,CS(C)=O,CS(C)=O,O,,,79200.0,0.0,0.0,15.260289192199707
CC(=O)NC(C)(C)[C@@H]1CC2(CCN(C(=O)OC(C)(C)C)CC2)c2cc(Cl)c(C)cc21,CN(C)c1ccc(B2OC(C)(C)C(C)(C)O2)cc1,,,,CN(C)c1ccc([PH](C(C)(C)C)(C(C)(C)C)[Pd]2([O]S(C)(=O)=O)[NH]c3ccccc3-c3cccc[c]32)cc1,CS(C)=O,O,CS(C)=O,CS(C)=O,CCC(C)(C)O,,,79200.0,0.0,0.0,0.0
CCn1c(=O)c2c(nc(N[C@@H]3CCC[C@H]3O)n2Cc2ccc(OC)c(Br)c2)n(CCO)c1=O,CC1(C)OB(c2cn(S(=O)(=O)c3ccccc3)c3ncccc23)OC1(C)C,,,,CC(C)(C)[PH](C(C)(C)C)(C(C)(C)C)[Pd]1([Cl])[NH]c2ccccc2-c2cccc[c]21,CS(C)=O,O,CS(C)=O,CS(C)=O,CCC(C)(C)O,,,79200.0,0.0,0.0,96.98577117919922
CCOC(=O)N1CCC(=C2c3ccc(Cl)cc3CCc3cc(Br)cnc32)CC1,CN(C)c1ccc(B2OC(C)(C)C(C)(C)O2)cc1,,,,CC(C)Oc1cccc(OC(C)C)c1-c1ccccc1[PH](C1CCCCC1)(C1CCCCC1)[Pd]1([O]S(C)(=O)=O)[NH]c2ccccc2-c2cccc[c]21,CS(C)=O,O,CS(C)=O,CS(C)=O,O,,,79200.0,0.0,0.0,57.29581069946289
CCn1c(=O)c2c(nc(N[C@@H]3CCC[C@H]3O)n2Cc2ccc(OC)c(Br)c2)n(CCO)c1=O,CC1(C)OB(c2ccc(-c3cnccn3)cc2)OC1(C)C,,,,CC(C)c1cc(C(C)C)c(-c2ccccc2[PH](C2CCCCC2)(C2CCCCC2)[Pd]2([O]S(C)(=O)=O)[NH]c3ccccc3-c3cccc[c]32)c(C(C)C)c1,CS(C)=O,O,CS(C)=O,CS(C)=O,O,,,79200.0,0.0,0.0,100.0
CCn1c(=O)c2c(nc(N[C@@H]3CCC[C@H]3O)n2Cc2ccc(OC)c(Br)c2)n(CCO)c1=O,CC1(C)OB(c2cn(S(=O)(=O)c3ccccc3)c3ncccc23)OC1(C)C,,,,CC(C)c1cc(C(C)C)c(-c2ccccc2[PH](C(C)(C)C)(C(C)(C)C)[Pd]2([O]S(C)(=O)=O)[NH]c3ccccc3-c3cccc[c]32)c(C(C)C)c1,CS(C)=O,O,CS(C)=O,CS(C)=O,CS(C)=O,,,79200.0,0.0,0.0,83.47966766357422
Brc1ccc(-c2ccccc2)cn1,CC1(C)OB(c2cnn(Cc3ccccc3)c2)OC1(C)C,,,,CN(C)c1ccc([PH](C(C)(C)C)(C(C)(C)C)[Pd]2([O]S(C)(=O)=O)[NH]c3ccccc3-c3cccc[c]32)cc1,CS(C)=O,O,CS(C)=O,CS(C)=O,CCC(C)(C)O,,,79200.0,0.0,0.0,90.77572631835938
Brc1ccc(-c2ccccc2)cn1,Cc1cc(O)ccc1B1OC(C)(C)C(C)(C)O1,,,,CC(C)Oc1cccc(OC(C)C)c1-c1ccccc1[PH](C1CCCCC1)(C1CCCCC1)[Pd]1([O]S(C)(=O)=O)[NH]c2ccccc2-c2cccc[c]21,CS(C)=O,O,CS(C)=O,CS(C)=O,O,,,79200.0,0.0,0.0,71.74776458740234
CC(=O)NC(C)(C)[C@@H]1CC2(CCN(C(=O)OC(C)(C)C)CC2)c2cc(Cl)c(C)cc21,O=C(NC1CCCC1)c1ccc(B(O)O)cc1,,,,CC(C)(C)[PH](C(C)(C)C)(C(C)(C)C)[Pd]1([Cl])[NH]c2ccccc2-c2cccc[c]21,CS(C)=O,O,CS(C)=O,CS(C)=O,CCC(C)(C)O,,,79200.0,0.0,0.0,0.0
O=C(Nc1ccccc1N1CCNCC1)c1csc(Br)n1,CC1(C)OB(C2=CCCCC2)OC1(C)C,,,,CN(C)c1ccc([PH](C(C)(C)C)(C(C)(C)C)[Pd]2([O]S(C)(=O)=O)[NH]c3ccccc3-c3cccc[c]32)cc1,CS(C)=O,O,CS(C)=O,CS(C)=O,CS(C)=O,,,79200.0,0.0,0.0,5.28624963760376
Brc1ccc(-c2ccccc2)cn1,O=C(NC1CCCC1)c1ccc(B(O)O)cc1,,,,CC(C)c1cc(C(C)C)c(-c2ccccc2[PH](C(C)(C)C)(C(C)(C)C)[Pd]2([O]S(C)(=O)=O)[NH]c3ccccc3-c3cccc[c]32)c(C(C)C)c1,CS(C)=O,O,CS(C)=O,CS(C)=O,CS(C)=O,,,79200.0,0.0,0.0,0.0
CN1C(=O)C[C@@](C)(c2sccc2Cl)N/C1=N/C(=O)OC(C)(C)C,CC1(C)OB(C2=CCCCC2)OC1(C)C,,,,CC(C)Oc1cccc(OC(C)C)c1-c1ccccc1[PH](C1CCCCC1)(C1CCCCC1)[Pd]1([O]S(C)(=O)=O)[NH]c2ccccc2-c2cccc[c]21,CS(C)=O,O,CS(C)=O,CS(C)=O,O,,,79200.0,0.0,0.0,0.0
CCn1c(=O)c2c(nc(N[C@@H]3CCC[C@H]3O)n2Cc2ccc(OC)c(Br)c2)n(CCO)c1=O,CC1(C)OB(c2cnc(-n3cccn3)nc2)OC1(C)C,,,,CN(C)c1ccc([PH](C(C)(C)C)(C(C)(C)C)[Pd]2([O]S(C)(=O)=O)[NH]c3ccccc3-c3cccc[c]32)cc1,CS(C)=O,O,CS(C)=O,CS(C)=O,CS(C)=O,,,79200.0,0.0,0.0,0.0
CCCc1nc2ccc(I)cc2c(=O)n1Cc1ccc(-c2ccccc2S(=O)(=O)NC(C)(C)C)cc1,CC1(C)OB(c2cnn(Cc3ccccc3)c2)OC1(C)C,,,,CC(C)c1cc(C(C)C)c(-c2ccccc2[PH](C(C)(C)C)(C(C)(C)C)[Pd]2([O]S(C)(=O)=O)[NH]c3ccccc3-c3cccc[c]32)c(C(C)C)c1,CS(C)=O,O,CS(C)=O,CS(C)=O,CS(C)=O,,,79200.0,0.0,0.0,100.0
COC(=O)[C@@H]1C[C@@H](OC(=O)N2Cc3cccc(Br)c3C2)CN1C(=O)OCc1ccccc1,CC1(C)OB(c2cnc(-n3cccn3)nc2)OC1(C)C,,,,CN(C)c1ccc([PH](C(C)(C)C)(C(C)(C)C)[Pd]2([O]S(C)(=O)=O)[NH]c3ccccc3-c3cccc[c]32)cc1,CS(C)=O,O,CS(C)=O,CS(C)=O,CCC(C)(C)O,,,79200.0,0.0,0.0,54.03140640258789
O=C1NCCc2[nH]c(-c3ccnc(Br)c3)cc21,CC1(C)OB(c2ccc(-c3cnccn3)cc2)OC1(C)C,,,,CC(C)c1cc(C(C)C)c(-c2ccccc2[PH](C(C)(C)C)(C(C)(C)C)[Pd]2([O]S(C)(=O)=O)[NH]c3ccccc3-c3cccc[c]32)c(C(C)C)c1,CS(C)=O,O,CS(C)=O,CS(C)=O,CS(C)=O,,,79200.0,0.0,0.0,7.587388038635254
CC(=O)NC(C)(C)[C@@H]1CC2(CCN(C(=O)OC(C)(C)C)CC2)c2cc(Cl)c(C)cc21,CC1(C)OB(c2cnn(Cc3ccccc3)c2)OC1(C)C,,,,CN(C)c1ccc([PH](C(C)(C)C)(C(C)(C)C)[Pd]2([O]S(C)(=O)=O)[NH]c3ccccc3-c3cccc[c]32)cc1,CS(C)=O,O,CS(C)=O,CS(C)=O,CCC(C)(C)O,,,79200.0,0.0,0.0,0.0
CCOC(=O)N1CCC(=C2c3ccc(Cl)cc3CCc3cc(Br)cnc32)CC1,CC1(C)OB(c2cnc(-n3cccn3)nc2)OC1(C)C,,,,CC(C)(C)[PH](C(C)(C)C)(C(C)(C)C)[Pd]1([Cl])[NH]c2ccccc2-c2cccc[c]21,CS(C)=O,O,CS(C)=O,CS(C)=O,CCC(C)(C)O,,,79200.0,0.0,0.0,32.212764739990234
CN1C(=O)C[C@@](C)(c2cc(Br)cs2)N/C1=N/C(=O)OC(C)(C)C,CC1(C)OB(c2cn(S(=O)(=O)c3ccccc3)c3ncccc23)OC1(C)C,,,,CC(C)(C)[PH](C(C)(C)C)(C(C)(C)C)[Pd]1([Cl])[NH]c2ccccc2-c2cccc[c]21,CS(C)=O,O,CS(C)=O,CS(C)=O,CCC(C)(C)O,,,79200.0,0.0,0.0,27.932598114013672
CCCc1nc2ccc(I)cc2c(=O)n1Cc1ccc(-c2ccccc2S(=O)(=O)NC(C)(C)C)cc1,Cc1cc(O)ccc1B1OC(C)(C)C(C)(C)O1,,,,CC(C)Oc1cccc(OC(C)C)c1-c1ccccc1[PH](C1CCCCC1)(C1CCCCC1)[Pd]1([O]S(C)(=O)=O)[NH]c2ccccc2-c2cccc[c]21,CS(C)=O,O,CS(C)=O,CS(C)=O,O,,,79200.0,0.0,0.0,0.0
O=C1NCCc2[nH]c(-c3ccnc(Br)c3)cc21,Cc1cc(O)ccc1B1OC(C)(C)C(C)(C)O1,,,,CC(C)c1cc(C(C)C)c(-c2ccccc2[PH](C(C)(C)C)(C(C)(C)C)[Pd]2([O]S(C)(=O)=O)[NH]c3ccccc3-c3cccc[c]32)c(C(C)C)c1,CS(C)=O,O,CS(C)=O,CS(C)=O,CS(C)=O,,,79200.0,0.0,0.0,0.0
CN1C(=O)C[C@@](C)(c2cc(Br)cs2)N/C1=N/C(=O)OC(C)(C)C,CC1(C)OB(C2=CCCCC2)OC1(C)C,,,,CN(C)c1ccc([PH](C(C)(C)C)(C(C)(C)C)[Pd]2([O]S(C)(=O)=O)[NH]c3ccccc3-c3cccc[c]32)cc1,CS(C)=O,O,CS(C)=O,CS(C)=O,CS(C)=O,,,79200.0,0.0,0.0,80.27570343017578
O=C(Nc1ccccc1N1CCNCC1)c1csc(Br)n1,CC1(C)OB(c2ccc(-c3cnccn3)cc2)OC1(C)C,,,,CC(C)(C)[PH](C(C)(C)C)(C(C)(C)C)[Pd]1([Cl])[NH]c2ccccc2-c2cccc[c]21,CS(C)=O,O,CS(C)=O,CS(C)=O,CCC(C)(C)O,,,79200.0,0.0,0.0,1.719127893447876
O=C(NCc1ccc(F)cc1)c1nc(Br)c2cccnc2c1O,CC1(C)OB(C2=CCCCC2)OC1(C)C,,,,CN(C)c1ccc([PH](C(C)(C)C)(C(C)(C)C)[Pd]2([O]S(C)(=O)=O)[NH]c3ccccc3-c3cccc[c]32)cc1,CS(C)=O,O,CS(C)=O,CS(C)=O,CCC(C)(C)O,,,79200.0,0.0,0.0,50.0
O=C(Nc1ccccc1N1CCNCC1)c1csc(Br)n1,Cc1cc(O)ccc1B1OC(C)(C)C(C)(C)O1,,,,CC(C)c1cc(C(C)C)c(-c2ccccc2[PH](C2CCCCC2)(C2CCCCC2)[Pd]2([O]S(C)(=O)=O)[NH]c3ccccc3-c3cccc[c]32)c(C(C)C)c1,CS(C)=O,O,CS(C)=O,CS(C)=O,O,,,79200.0,0.0,0.0,4.540256977081299
CCCc1nc2ccc(I)cc2c(=O)n1Cc1ccc(-c2ccccc2S(=O)(=O)NC(C)(C)C)cc1,O=C(NC1CCCC1)c1ccc(B(O)O)cc1,,,,CC(C)c1cc(C(C)C)c(-c2ccccc2[PH](C(C)(C)C)(C(C)(C)C)[Pd]2([O]S(C)(=O)=O)[NH]c3ccccc3-c3cccc[c]32)c(C(C)C)c1,CS(C)=O,O,CS(C)=O,CS(C)=O,CS(C)=O,,,79200.0,0.0,0.0,6.845917701721191
COC(=O)[C@@H]1C[C@@H](OC(=O)N2Cc3cccc(Br)c3C2)CN1C(=O)OCc1ccccc1,CC1(C)OB(c2cnc(-n3cccn3)nc2)OC1(C)C,,,,CC(C)Oc1cccc(OC(C)C)c1-c1ccccc1[PH](C1CCCCC1)(C1CCCCC1)[Pd]1([O]S(C)(=O)=O)[NH]c2ccccc2-c2cccc[c]21,CS(C)=O,O,CS(C)=O,CS(C)=O,O,,,79200.0,0.0,0.0,0.0
CCOC(=O)N1CCC(=C2c3ccc(Cl)cc3CCc3cc(Br)cnc32)CC1,CC1(C)OB(C2=CCCCC2)OC1(C)C,,,,CC(C)Oc1cccc(OC(C)C)c1-c1ccccc1[PH](C1CCCCC1)(C1CCCCC1)[Pd]1([O]S(C)(=O)=O)[NH]c2ccccc2-c2cccc[c]21,CS(C)=O,O,CS(C)=O,CS(C)=O,O,,,79200.0,0.0,0.0,80.36920928955078
O=C1NCCc2[nH]c(-c3ccnc(Br)c3)cc21,OB(O)c1cccnc1,,,,CC(C)c1cc(C(C)C)c(-c2ccccc2[PH](C(C)(C)C)(C(C)(C)C)[Pd]2([O]S(C)(=O)=O)[NH]c3ccccc3-c3cccc[c]32)c(C(C)C)c1,CS(C)=O,O,CS(C)=O,CS(C)=O,CS(C)=O,,,79200.0,0.0,0.0,0.0
O=C(NCc1ccc(F)cc1)c1nc(Br)c2cccnc2c1O,CC1(C)OB(c2cn(S(=O)(=O)c3ccccc3)c3ncccc23)OC1(C)C,,,,CC(C)Oc1cccc(OC(C)C)c1-c1ccccc1[PH](C1CCCCC1)(C1CCCCC1)[Pd]1([O]S(C)(=O)=O)[NH]c2ccccc2-c2cccc[c]21,CS(C)=O,O,CS(C)=O,CS(C)=O,O,,,79200.0,0.0,0.0,0.0
CCn1c(=O)c2c(nc(N[C@@H]3CCC[C@H]3O)n2Cc2ccc(OC)c(Br)c2)n(CCO)c1=O,CC1(C)OB(c2cnn(Cc3ccccc3)c2)OC1(C)C,,,,CN(C)c1ccc([PH](C(C)(C)C)(C(C)(C)C)[Pd]2([O]S(C)(=O)=O)[NH]c3ccccc3-c3cccc[c]32)cc1,CS(C)=O,O,CS(C)=O,CS(C)=O,CCC(C)(C)O,,,79200.0,0.0,0.0,100.0
CCOC(=O)N1CCC(=C2c3ccc(Cl)cc3CCc3cc(Br)cnc32)CC1,CN(C)c1ccc(B2OC(C)(C)C(C)(C)O2)cc1,,,,CC(C)Oc1cccc(OC(C)C)c1-c1ccccc1[PH](C1CCCCC1)(C1CCCCC1)[Pd]1([O]S(C)(=O)=O)[NH]c2ccccc2-c2cccc[c]21,CS(C)=O,O,CS(C)=O,CS(C)=O,O,,,79200.0,0.0,0.0,95.58563232421875
CN1C(=O)C[C@@](C)(c2cc(Br)cs2)N/C1=N/C(=O)OC(C)(C)C,CC1(C)OB(c2cccc(C3(NC(=O)OCc4ccccc4)CC3)c2)OC1(C)C,,,,CN(C)c1ccc([PH](C(C)(C)C)(C(C)(C)C)[Pd]2([O]S(C)(=O)=O)[NH]c3ccccc3-c3cccc[c]32)cc1,CS(C)=O,O,CS(C)=O,CS(C)=O,CS(C)=O,,,79200.0,0.0,0.0,100.0
Brc1ccc(-c2ccccc2)cn1,CC1(C)OB(c2cnn(Cc3ccccc3)c2)OC1(C)C,,,,CN(C)c1ccc([PH](C(C)(C)C)(C(C)(C)C)[Pd]2([O]S(C)(=O)=O)[NH]c3ccccc3-c3cccc[c]32)cc1,CS(C)=O,O,CS(C)=O,CS(C)=O,CCC(C)(C)O,,,79200.0,0.0,0.0,89.7694091796875
O=C(NCc1ccc(F)cc1)c1nc(Br)c2cccnc2c1O,CC1(C)OB(c2cnc(-n3cccn3)nc2)OC1(C)C,,,,CC(C)c1cc(C(C)C)c(-c2ccccc2[PH](C(C)(C)C)(C(C)(C)C)[Pd]2([O]S(C)(=O)=O)[NH]c3ccccc3-c3cccc[c]32)c(C(C)C)c1,CS(C)=O,O,CS(C)=O,CS(C)=O,CS(C)=O,,,79200.0,0.0,0.0,0.0
Brc1ccc(-c2ccccc2)cn1,CC1(C)OB(c2cnc(-n3cccn3)nc2)OC1(C)C,,,,CC(C)Oc1cccc(OC(C)C)c1-c1ccccc1[PH](C1CCCCC1)(C1CCCCC1)[Pd]1([O]S(C)(=O)=O)[NH]c2ccccc2-c2cccc[c]21,CS(C)=O,O,CS(C)=O,CS(C)=O,O,,,79200.0,0.0,0.0,1.9944608211517334
CCn1c(=O)c2c(nc(N[C@@H]3CCC[C@H]3O)n2Cc2ccc(OC)c(Br)c2)n(CCO)c1=O,CC1(C)OB(c2cnn(Cc3ccccc3)c2)OC1(C)C,,,,CC(C)Oc1cccc(OC(C)C)c1-c1ccccc1[PH](C1CCCCC1)(C1CCCCC1)[Pd]1([O]S(C)(=O)=O)[NH]c2ccccc2-c2cccc[c]21,CS(C)=O,O,CS(C)=O,CS(C)=O,O,,,79200.0,0.0,0.0,100.0
CN1C(=O)C[C@@](C)(c2cc(Br)cs2)N/C1=N/C(=O)OC(C)(C)C,CN(C)c1ccc(B2OC(C)(C)C(C)(C)O2)cc1,,,,CC(C)Oc1cccc(OC(C)C)c1-c1ccccc1[PH](C1CCCCC1)(C1CCCCC1)[Pd]1([O]S(C)(=O)=O)[NH]c2ccccc2-c2cccc[c]21,CS(C)=O,O,CS(C)=O,CS(C)=O,O,,,79200.0,0.0,0.0,71.10470581054688
O=C(Nc1ccccc1N1CCNCC1)c1csc(Br)n1,CC1(C)OB(c2cn(S(=O)(=O)c3ccccc3)c3ncccc23)OC1(C)C,,,,CN(C)c1ccc([PH](C(C)(C)C)(C(C)(C)C)[Pd]2([O]S(C)(=O)=O)[NH]c3ccccc3-c3cccc[c]32)cc1,CS(C)=O,O,CS(C)=O,CS(C)=O,CCC(C)(C)O,,,79200.0,0.0,0.0,58.1177864074707
CCOC(=O)N1CCC(=C2c3ccc(Cl)cc3CCc3cc(Br)cnc32)CC1,OB(O)c1cccnc1,,,,CN(C)c1ccc([PH](C(C)(C)C)(C(C)(C)C)[Pd]2([O]S(C)(=O)=O)[NH]c3ccccc3-c3cccc[c]32)cc1,CS(C)=O,O,CS(C)=O,CS(C)=O,CCC(C)(C)O,,,79200.0,0.0,0.0,95.46495819091797
O=C1NCCc2[nH]c(-c3ccnc(Br)c3)cc21,CN(C)c1ccc(B2OC(C)(C)C(C)(C)O2)cc1,,,,CN(C)c1ccc([PH](C(C)(C)C)(C(C)(C)C)[Pd]2([O]S(C)(=O)=O)[NH]c3ccccc3-c3cccc[c]32)cc1,CS(C)=O,O,CS(C)=O,CS(C)=O,CS(C)=O,,,79200.0,0.0,0.0,33.841495513916016
CCn1c(=O)c2c(nc(N[C@@H]3CCC[C@H]3O)n2Cc2ccc(OC)c(Br)c2)n(CCO)c1=O,O=C(NC1CCCC1)c1ccc(B(O)O)cc1,,,,CC(C)Oc1cccc(OC(C)C)c1-c1ccccc1[PH](C1CCCCC1)(C1CCCCC1)[Pd]1([O]S(C)(=O)=O)[NH]c2ccccc2-c2cccc[c]21,CS(C)=O,O,CS(C)=O,CS(C)=O,O,,,79200.0,0.0,0.0,100.0
CCn1c(=O)c2c(nc(N[C@@H]3CCC[C@H]3O)n2Cc2ccc(OC)c(Br)c2)n(CCO)c1=O,CC1(C)OB(c2cnc(-n3cccn3)nc2)OC1(C)C,,,,CN(C)c1ccc([PH](C(C)(C)C)(C(C)(C)C)[Pd]2([O]S(C)(=O)=O)[NH]c3ccccc3-c3cccc[c]32)cc1,CS(C)=O,O,CS(C)=O,CS(C)=O,CCC(C)(C)O,,,79200.0,0.0,0.0,3.7930970191955566
O=C(Nc1ccccc1N1CCNCC1)c1csc(Br)n1,CC1(C)OB(c2ccc(-c3cnccn3)cc2)OC1(C)C,,,,CC(C)Oc1cccc(OC(C)C)c1-c1ccccc1[PH](C1CCCCC1)(C1CCCCC1)[Pd]1([O]S(C)(=O)=O)[NH]c2ccccc2-c2cccc[c]21,CS(C)=O,O,CS(C)=O,CS(C)=O,O,,,79200.0,0.0,0.0,11.825188636779785
CC(=O)NC(C)(C)[C@@H]1CC2(CCN(C(=O)OC(C)(C)C)CC2)c2cc(Cl)c(C)cc21,CC1(C)OB(c2ccc(-c3cnccn3)cc2)OC1(C)C,,,,CC(C)(C)[PH](C(C)(C)C)(C(C)(C)C)[Pd]1([Cl])[NH]c2ccccc2-c2cccc[c]21,CS(C)=O,O,CS(C)=O,CS(C)=O,CCC(C)(C)O,,,79200.0,0.0,0.0,0.0
COC(=O)[C@@H]1C[C@@H](OC(=O)N2Cc3cccc(Br)c3C2)CN1C(=O)OCc1ccccc1,O=C(NC1CCCC1)c1ccc(B(O)O)cc1,,,,CC(C)Oc1cccc(OC(C)C)c1-c1ccccc1[PH](C1CCCCC1)(C1CCCCC1)[Pd]1([O]S(C)(=O)=O)[NH]c2ccccc2-c2cccc[c]21,CS(C)=O,O,CS(C)=O,CS(C)=O,O,,,79200.0,0.0,0.0,95.05518341064453
CN1C(=O)C[C@@](C)(c2cc(Br)cs2)N/C1=N/C(=O)OC(C)(C)C,CC1(C)OB(c2cnc(-n3cccn3)nc2)OC1(C)C,,,,CN(C)c1ccc([PH](C(C)(C)C)(C(C)(C)C)[Pd]2([O]S(C)(=O)=O)[NH]c3ccccc3-c3cccc[c]32)cc1,CS(C)=O,O,CS(C)=O,CS(C)=O,CS(C)=O,,,79200.0,0.0,0.0,64.04718780517578
COC(=O)[C@@H]1C[C@@H](OC(=O)N2Cc3cccc(Br)c3C2)CN1C(=O)OCc1ccccc1,O=C(NC1CCCC1)c1ccc(B(O)O)cc1,,,,CC(C)c1cc(C(C)C)c(-c2ccccc2[PH](C2CCCCC2)(C2CCCCC2)[Pd]2([O]S(C)(=O)=O)[NH]c3ccccc3-c3cccc[c]32)c(C(C)C)c1,CS(C)=O,O,CS(C)=O,CS(C)=O,O,,,79200.0,0.0,0.0,94.6960220336914
COC(=O)[C@@H]1C[C@@H](OC(=O)N2Cc3cccc(Br)c3C2)CN1C(=O)OCc1ccccc1,O=C(NC1CCCC1)c1ccc(B(O)O)cc1,,,,CN(C)c1ccc([PH](C(C)(C)C)(C(C)(C)C)[Pd]2([O]S(C)(=O)=O)[NH]c3ccccc3-c3cccc[c]32)cc1,CS(C)=O,O,CS(C)=O,CS(C)=O,CCC(C)(C)O,,,79200.0,0.0,0.0,94.36143493652344
COC(=O)[C@@H]1C[C@@H](OC(=O)N2Cc3cccc(Br)c3C2)CN1C(=O)OCc1ccccc1,CC1(C)OB(c2cnc(-n3cccn3)nc2)OC1(C)C,,,,CC(C)c1cc(C(C)C)c(-c2ccccc2[PH](C2CCCCC2)(C2CCCCC2)[Pd]2([O]S(C)(=O)=O)[NH]c3ccccc3-c3cccc[c]32)c(C(C)C)c1,CS(C)=O,O,CS(C)=O,CS(C)=O,O,,,79200.0,0.0,0.0,16.353151321411133
CCOC(=O)N1CCC(=C2c3ccc(Cl)cc3CCc3cc(Br)cnc32)CC1,CC1(C)OB(c2cn(S(=O)(=O)c3ccccc3)c3ncccc23)OC1(C)C,,,,CN(C)c1ccc([PH](C(C)(C)C)(C(C)(C)C)[Pd]2([O]S(C)(=O)=O)[NH]c3ccccc3-c3cccc[c]32)cc1,CS(C)=O,O,CS(C)=O,CS(C)=O,CCC(C)(C)O,,,79200.0,0.0,0.0,100.0
CCCc1nc2ccc(I)cc2c(=O)n1Cc1ccc(-c2ccccc2S(=O)(=O)NC(C)(C)C)cc1,Cc1cc(O)ccc1B1OC(C)(C)C(C)(C)O1,,,,CC(C)(C)[PH](C(C)(C)C)(C(C)(C)C)[Pd]1([Cl])[NH]c2ccccc2-c2cccc[c]21,CS(C)=O,O,CS(C)=O,CS(C)=O,CCC(C)(C)O,,,79200.0,0.0,0.0,100.0
CC(=O)NC(C)(C)[C@@H]1CC2(CCN(C(=O)OC(C)(C)C)CC2)c2cc(Cl)c(C)cc21,O=C(NC1CCCC1)c1ccc(B(O)O)cc1,,,,CC(C)c1cc(C(C)C)c(-c2ccccc2[PH](C2CCCCC2)(C2CCCCC2)[Pd]2([O]S(C)(=O)=O)[NH]c3ccccc3-c3cccc[c]32)c(C(C)C)c1,CS(C)=O,O,CS(C)=O,CS(C)=O,O,,,79200.0,0.0,0.0,0.0
CCn1c(=O)c2c(nc(N[C@@H]3CCC[C@H]3O)n2Cc2ccc(OC)c(Br)c2)n(CCO)c1=O,CC1(C)OB(c2cnc(-n3cccn3)nc2)OC1(C)C,,,,CC(C)Oc1cccc(OC(C)C)c1-c1ccccc1[PH](C1CCCCC1)(C1CCCCC1)[Pd]1([O]S(C)(=O)=O)[NH]c2ccccc2-c2cccc[c]21,CS(C)=O,O,CS(C)=O,CS(C)=O,O,,,79200.0,0.0,0.0,1.5378235578536987
Brc1ccc(-c2ccccc2)cn1,O=C(NC1CCCC1)c1ccc(B(O)O)cc1,,,,CC(C)Oc1cccc(OC(C)C)c1-c1ccccc1[PH](C1CCCCC1)(C1CCCCC1)[Pd]1([O]S(C)(=O)=O)[NH]c2ccccc2-c2cccc[c]21,CS(C)=O,O,CS(C)=O,CS(C)=O,O,,,79200.0,0.0,0.0,37.74637985229492
CC(=O)NC(C)(C)[C@@H]1CC2(CCN(C(=O)OC(C)(C)C)CC2)c2cc(Cl)c(C)cc21,CC1(C)OB(c2cccc(C3(NC(=O)OCc4ccccc4)CC3)c2)OC1(C)C,,,,CC(C)c1cc(C(C)C)c(-c2ccccc2[PH](C(C)(C)C)(C(C)(C)C)[Pd]2([O]S(C)(=O)=O)[NH]c3ccccc3-c3cccc[c]32)c(C(C)C)c1,CS(C)=O,O,CS(C)=O,CS(C)=O,CS(C)=O,,,79200.0,0.0,0.0,82.74174499511719
CCn1c(=O)c2c(nc(N[C@@H]3CCC[C@H]3O)n2Cc2ccc(OC)c(Br)c2)n(CCO)c1=O,CC1(C)OB(C2=CCCCC2)OC1(C)C,,,,CC(C)c1cc(C(C)C)c(-c2ccccc2[PH](C(C)(C)C)(C(C)(C)C)[Pd]2([O]S(C)(=O)=O)[NH]c3ccccc3-c3cccc[c]32)c(C(C)C)c1,CS(C)=O,O,CS(C)=O,CS(C)=O,CS(C)=O,,,79200.0,0.0,0.0,22.513595581054688
Brc1ccc(-c2ccccc2)cn1,CC1(C)OB(c2cnc(-n3cccn3)nc2)OC1(C)C,,,,CN(C)c1ccc([PH](C(C)(C)C)(C(C)(C)C)[Pd]2([O]S(C)(=O)=O)[NH]c3ccccc3-c3cccc[c]32)cc1,CS(C)=O,O,CS(C)=O,CS(C)=O,CCC(C)(C)O,,,79200.0,0.0,0.0,17.970022201538086
Brc1ccc(-c2ccccc2)cn1,CC1(C)OB(c2cnc(-n3cccn3)nc2)OC1(C)C,,,,CN(C)c1ccc([PH](C(C)(C)C)(C(C)(C)C)[Pd]2([O]S(C)(=O)=O)[NH]c3ccccc3-c3cccc[c]32)cc1,CS(C)=O,O,CS(C)=O,CS(C)=O,CS(C)=O,,,79200.0,0.0,0.0,30.001054763793945
O=C1NCCc2[nH]c(-c3ccnc(Br)c3)cc21,O=C(NC1CCCC1)c1ccc(B(O)O)cc1,,,,CC(C)c1cc(C(C)C)c(-c2ccccc2[PH](C2CCCCC2)(C2CCCCC2)[Pd]2([O]S(C)(=O)=O)[NH]c3ccccc3-c3cccc[c]32)c(C(C)C)c1,CS(C)=O,O,CS(C)=O,CS(C)=O,O,,,79200.0,0.0,0.0,100.0
Brc1ccc(-c2ccccc2)cn1,CC1(C)OB(c2ccc(-c3cnccn3)cc2)OC1(C)C,,,,CC(C)Oc1cccc(OC(C)C)c1-c1ccccc1[PH](C1CCCCC1)(C1CCCCC1)[Pd]1([O]S(C)(=O)=O)[NH]c2ccccc2-c2cccc[c]21,CS(C)=O,O,CS(C)=O,CS(C)=O,O,,,79200.0,0.0,0.0,24.905914306640625
O=C1NCCc2[nH]c(-c3ccnc(Br)c3)cc21,CN(C)c1ccc(B2OC(C)(C)C(C)(C)O2)cc1,,,,CC(C)(C)[PH](C(C)(C)C)(C(C)(C)C)[Pd]1([Cl])[NH]c2ccccc2-c2cccc[c]21,CS(C)=O,O,CS(C)=O,CS(C)=O,CCC(C)(C)O,,,79200.0,0.0,0.0,0.8911479711532593
Brc1ccc(-c2ccccc2)cn1,OB(O)c1cccnc1,,,,CC(C)c1cc(C(C)C)c(-c2ccccc2[PH](C(C)(C)C)(C(C)(C)C)[Pd]2([O]S(C)(=O)=O)[NH]c3ccccc3-c3cccc[c]32)c(C(C)C)c1,CS(C)=O,O,CS(C)=O,CS(C)=O,CS(C)=O,,,79200.0,0.0,0.0,0.0
CC(=O)NC(C)(C)[C@@H]1CC2(CCN(C(=O)OC(C)(C)C)CC2)c2cc(Cl)c(C)cc21,CC1(C)OB(c2cnn(Cc3ccccc3)c2)OC1(C)C,,,,CC(C)Oc1cccc(OC(C)C)c1-c1ccccc1[PH](C1CCCCC1)(C1CCCCC1)[Pd]1([O]S(C)(=O)=O)[NH]c2ccccc2-c2cccc[c]21,CS(C)=O,O,CS(C)=O,CS(C)=O,O,,,79200.0,0.0,0.0,78.5592269897461
CCCc1nc2ccc(I)cc2c(=O)n1Cc1ccc(-c2ccccc2S(=O)(=O)NC(C)(C)C)cc1,CN(C)c1ccc(B2OC(C)(C)C(C)(C)O2)cc1,,,,CC(C)Oc1cccc(OC(C)C)c1-c1ccccc1[PH](C1CCCCC1)(C1CCCCC1)[Pd]1([O]S(C)(=O)=O)[NH]c2ccccc2-c2cccc[c]21,CS(C)=O,O,CS(C)=O,CS(C)=O,O,,,79200.0,0.0,0.0,8.318259239196777
O=C1NCCc2[nH]c(-c3ccnc(Br)c3)cc21,CC1(C)OB(c2cn(S(=O)(=O)c3ccccc3)c3ncccc23)OC1(C)C,,,,CC(C)Oc1cccc(OC(C)C)c1-c1ccccc1[PH](C1CCCCC1)(C1CCCCC1)[Pd]1([O]S(C)(=O)=O)[NH]c2ccccc2-c2cccc[c]21,CS(C)=O,O,CS(C)=O,CS(C)=O,O,,,79200.0,0.0,0.0,98.69696044921875
O=C1NCCc2[nH]c(-c3ccnc(Br)c3)cc21,OB(O)c1cccnc1,,,,CN(C)c1ccc([PH](C(C)(C)C)(C(C)(C)C)[Pd]2([O]S(C)(=O)=O)[NH]c3ccccc3-c3cccc[c]32)cc1,CS(C)=O,O,CS(C)=O,CS(C)=O,CCC(C)(C)O,,,79200.0,0.0,0.0,0.0
Ic1c[nH]c2ncccc12,CC1(C)OB(c2cccc(C3(NC(=O)OCc4ccccc4)CC3)c2)OC1(C)C,,,,CC(C)c1cc(C(C)C)c(-c2ccccc2[PH](C2CCCCC2)(C2CCCCC2)[Pd]2([O]S(C)(=O)=O)[NH]c3ccccc3-c3cccc[c]32)c(C(C)C)c1,CS(C)=O,O,CS(C)=O,CS(C)=O,O,,,79200.0,0.0,0.0,0.0
O=C(Nc1ccccc1N1CCNCC1)c1csc(Br)n1,O=C(NC1CCCC1)c1ccc(B(O)O)cc1,,,,CC(C)c1cc(C(C)C)c(-c2ccccc2[PH](C2CCCCC2)(C2CCCCC2)[Pd]2([O]S(C)(=O)=O)[NH]c3ccccc3-c3cccc[c]32)c(C(C)C)c1,CS(C)=O,O,CS(C)=O,CS(C)=O,O,,,79200.0,0.0,0.0,4.890491485595703
Ic1c[nH]c2ncccc12,CC1(C)OB(c2ccc(-c3cnccn3)cc2)OC1(C)C,,,,CN(C)c1ccc([PH](C(C)(C)C)(C(C)(C)C)[Pd]2([O]S(C)(=O)=O)[NH]c3ccccc3-c3cccc[c]32)cc1,CS(C)=O,O,CS(C)=O,CS(C)=O,CCC(C)(C)O,,,79200.0,0.0,0.0,0.0
CCCc1nc2ccc(I)cc2c(=O)n1Cc1ccc(-c2ccccc2S(=O)(=O)NC(C)(C)C)cc1,O=C(NC1CCCC1)c1ccc(B(O)O)cc1,,,,CC(C)c1cc(C(C)C)c(-c2ccccc2[PH](C(C)(C)C)(C(C)(C)C)[Pd]2([O]S(C)(=O)=O)[NH]c3ccccc3-c3cccc[c]32)c(C(C)C)c1,CS(C)=O,O,CS(C)=O,CS(C)=O,CS(C)=O,,,79200.0,0.0,0.0,0.0
COC(=O)[C@@H]1C[C@@H](OC(=O)N2Cc3cccc(Br)c3C2)CN1C(=O)OCc1ccccc1,OB(O)c1cccnc1,,,,CC(C)c1cc(C(C)C)c(-c2ccccc2[PH](C2CCCCC2)(C2CCCCC2)[Pd]2([O]S(C)(=O)=O)[NH]c3ccccc3-c3cccc[c]32)c(C(C)C)c1,CS(C)=O,O,CS(C)=O,CS(C)=O,O,,,79200.0,0.0,0.0,85.55074310302734
CCn1c(=O)c2c(nc(N[C@@H]3CCC[C@H]3O)n2Cc2ccc(OC)c(Br)c2)n(CCO)c1=O,O=C(NC1CCCC1)c1ccc(B(O)O)cc1,,,,CC(C)c1cc(C(C)C)c(-c2ccccc2[PH](C2CCCCC2)(C2CCCCC2)[Pd]2([O]S(C)(=O)=O)[NH]c3ccccc3-c3cccc[c]32)c(C(C)C)c1,CS(C)=O,O,CS(C)=O,CS(C)=O,O,,,79200.0,0.0,0.0,100.0
CN1C(=O)C[C@@](C)(c2cc(Br)cs2)N/C1=N/C(=O)OC(C)(C)C,CC1(C)OB(c2cnn(Cc3ccccc3)c2)OC1(C)C,,,,CN(C)c1ccc([PH](C(C)(C)C)(C(C)(C)C)[Pd]2([O]S(C)(=O)=O)[NH]c3ccccc3-c3cccc[c]32)cc1,CS(C)=O,O,CS(C)=O,CS(C)=O,CS(C)=O,,,79200.0,0.0,0.0,100.0
O=C(Nc1ccccc1N1CCNCC1)c1csc(Br)n1,CC1(C)OB(C2=CCCCC2)OC1(C)C,,,,CC(C)c1cc(C(C)C)c(-c2ccccc2[PH](C(C)(C)C)(C(C)(C)C)[Pd]2([O]S(C)(=O)=O)[NH]c3ccccc3-c3cccc[c]32)c(C(C)C)c1,CS(C)=O,O,CS(C)=O,CS(C)=O,CS(C)=O,,,79200.0,0.0,0.0,9.097240447998047
COC(=O)[C@@H]1C[C@@H](OC(=O)N2Cc3cccc(Br)c3C2)CN1C(=O)OCc1ccccc1,CC1(C)OB(c2cnn(Cc3ccccc3)c2)OC1(C)C,,,,CC(C)Oc1cccc(OC(C)C)c1-c1ccccc1[PH](C1CCCCC1)(C1CCCCC1)[Pd]1([O]S(C)(=O)=O)[NH]c2ccccc2-c2cccc[c]21,CS(C)=O,O,CS(C)=O,CS(C)=O,O,,,79200.0,0.0,0.0,79.32567596435547
O=C(NCc1ccc(F)cc1)c1nc(Br)c2cccnc2c1O,CN(C)c1ccc(B2OC(C)(C)C(C)(C)O2)cc1,,,,CC(C)c1cc(C(C)C)c(-c2ccccc2[PH](C(C)(C)C)(C(C)(C)C)[Pd]2([O]S(C)(=O)=O)[NH]c3ccccc3-c3cccc[c]32)c(C(C)C)c1,CS(C)=O,O,CS(C)=O,CS(C)=O,CS(C)=O,,,79200.0,0.0,0.0,0.0
Ic1c[nH]c2ncccc12,O=C(NC1CCCC1)c1ccc(B(O)O)cc1,,,,CN(C)c1ccc([PH](C(C)(C)C)(C(C)(C)C)[Pd]2([O]S(C)(=O)=O)[NH]c3ccccc3-c3cccc[c]32)cc1,CS(C)=O,O,CS(C)=O,CS(C)=O,CS(C)=O,,,79200.0,0.0,0.0,0.0
Brc1ccc(-c2ccccc2)cn1,CC1(C)OB(c2cccc(C3(NC(=O)OCc4ccccc4)CC3)c2)OC1(C)C,,,,CC(C)c1cc(C(C)C)c(-c2ccccc2[PH](C(C)(C)C)(C(C)(C)C)[Pd]2([O]S(C)(=O)=O)[NH]c3ccccc3-c3cccc[c]32)c(C(C)C)c1,CS(C)=O,O,CS(C)=O,CS(C)=O,CS(C)=O,,,79200.0,0.0,0.0,0.0
COC(=O)[C@@H]1C[C@@H](OC(=O)N2Cc3cccc(Br)c3C2)CN1C(=O)OCc1ccccc1,CC1(C)OB(c2cccc(C3(NC(=O)OCc4ccccc4)CC3)c2)OC1(C)C,,,,CC(C)c1cc(C(C)C)c(-c2ccccc2[PH](C(C)(C)C)(C(C)(C)C)[Pd]2([O]S(C)(=O)=O)[NH]c3ccccc3-c3cccc[c]32)c(C(C)C)c1,CS(C)=O,O,CS(C)=O,CS(C)=O,CS(C)=O,,,79200.0,0.0,0.0,97.43730926513672
CCOC(=O)N1CCC(=C2c3ccc(Cl)cc3CCc3cc(Br)cnc32)CC1,CC1(C)OB(c2cnn(Cc3ccccc3)c2)OC1(C)C,,,,CC(C)(C)[PH](C(C)(C)C)(C(C)(C)C)[Pd]1([Cl])[NH]c2ccccc2-c2cccc[c]21,CS(C)=O,O,CS(C)=O,CS(C)=O,CCC(C)(C)O,,,79200.0,0.0,0.0,100.0
COC(=O)[C@@H]1C[C@@H](OC(=O)N2Cc3cccc(Br)c3C2)CN1C(=O)OCc1ccccc1,O=C(NC1CCCC1)c1ccc(B(O)O)cc1,,,,CC(C)(C)[PH](C(C)(C)C)(C(C)(C)C)[Pd]1([Cl])[NH]c2ccccc2-c2cccc[c]21,CS(C)=O,O,CS(C)=O,CS(C)=O,CCC(C)(C)O,,,79200.0,0.0,0.0,98.50560760498047
CCCc1nc2ccc(I)cc2c(=O)n1Cc1ccc(-c2ccccc2S(=O)(=O)NC(C)(C)C)cc1,CC1(C)OB(c2cn(S(=O)(=O)c3ccccc3)c3ncccc23)OC1(C)C,,,,CC(C)(C)[PH](C(C)(C)C)(C(C)(C)C)[Pd]1([Cl])[NH]c2ccccc2-c2cccc[c]21,CS(C)=O,O,CS(C)=O,CS(C)=O,CCC(C)(C)O,,,79200.0,0.0,0.0,100.0
CN1C(=O)C[C@@](C)(c2cc(Br)cs2)N/C1=N/C(=O)OC(C)(C)C,CC1(C)OB(c2cnc(-n3cccn3)nc2)OC1(C)C,,,,CC(C)c1cc(C(C)C)c(-c2ccccc2[PH](C(C)(C)C)(C(C)(C)C)[Pd]2([O]S(C)(=O)=O)[NH]c3ccccc3-c3cccc[c]32)c(C(C)C)c1,CS(C)=O,O,CS(C)=O,CS(C)=O,CS(C)=O,,,79200.0,0.0,0.0,35.59674835205078
COC(=O)[C@@H]1C[C@@H](OC(=O)N2Cc3cccc(Br)c3C2)CN1C(=O)OCc1ccccc1,OB(O)c1cccnc1,,,,CC(C)Oc1cccc(OC(C)C)c1-c1ccccc1[PH](C1CCCCC1)(C1CCCCC1)[Pd]1([O]S(C)(=O)=O)[NH]c2ccccc2-c2cccc[c]21,CS(C)=O,O,CS(C)=O,CS(C)=O,O,,,79200.0,0.0,0.0,100.0
CCCc1nc2ccc(I)cc2c(=O)n1Cc1ccc(-c2ccccc2S(=O)(=O)NC(C)(C)C)cc1,CC1(C)OB(c2cn(S(=O)(=O)c3ccccc3)c3ncccc23)OC1(C)C,,,,CC(C)c1cc(C(C)C)c(-c2ccccc2[PH](C2CCCCC2)(C2CCCCC2)[Pd]2([O]S(C)(=O)=O)[NH]c3ccccc3-c3cccc[c]32)c(C(C)C)c1,CS(C)=O,O,CS(C)=O,CS(C)=O,O,,,79200.0,0.0,0.0,28.96184730529785
O=C1NCCc2[nH]c(-c3ccnc(Br)c3)cc21,CC1(C)OB(C2=CCCCC2)OC1(C)C,,,,CN(C)c1ccc([PH](C(C)(C)C)(C(C)(C)C)[Pd]2([O]S(C)(=O)=O)[NH]c3ccccc3-c3cccc[c]32)cc1,CS(C)=O,O,CS(C)=O,CS(C)=O,CCC(C)(C)O,,,79200.0,0.0,0.0,12.772284507751465
COC(=O)[C@@H]1C[C@@H](OC(=O)N2Cc3cccc(Br)c3C2)CN1C(=O)OCc1ccccc1,CC1(C)OB(c2ccc(-c3cnccn3)cc2)OC1(C)C,,,,CC(C)c1cc(C(C)C)c(-c2ccccc2[PH](C(C)(C)C)(C(C)(C)C)[Pd]2([O]S(C)(=O)=O)[NH]c3ccccc3-c3cccc[c]32)c(C(C)C)c1,CS(C)=O,O,CS(C)=O,CS(C)=O,CS(C)=O,,,79200.0,0.0,0.0,89.83261108398438
Brc1ccc(-c2ccccc2)cn1,CC1(C)OB(C2=CCCCC2)OC1(C)C,,,,CC(C)c1cc(C(C)C)c(-c2ccccc2[PH](C2CCCCC2)(C2CCCCC2)[Pd]2([O]S(C)(=O)=O)[NH]c3ccccc3-c3cccc[c]32)c(C(C)C)c1,CS(C)=O,O,CS(C)=O,CS(C)=O,O,,,79200.0,0.0,0.0,26.65494155883789
COC(=O)[C@@H]1C[C@@H](OC(=O)N2Cc3cccc(Br)c3C2)CN1C(=O)OCc1ccccc1,CC1(C)OB(c2cccc(C3(NC(=O)OCc4ccccc4)CC3)c2)OC1(C)C,,,,CC(C)(C)[PH](C(C)(C)C)(C(C)(C)C)[Pd]1([Cl])[NH]c2ccccc2-c2cccc[c]21,CS(C)=O,O,CS(C)=O,CS(C)=O,CCC(C)(C)O,,,79200.0,0.0,0.0,93.81148529052734
CCCc1nc2ccc(I)cc2c(=O)n1Cc1ccc(-c2ccccc2S(=O)(=O)NC(C)(C)C)cc1,CC1(C)OB(c2cccc(C3(NC(=O)OCc4ccccc4)CC3)c2)OC1(C)C,,,,CC(C)c1cc(C(C)C)c(-c2ccccc2[PH](C(C)(C)C)(C(C)(C)C)[Pd]2([O]S(C)(=O)=O)[NH]c3ccccc3-c3cccc[c]32)c(C(C)C)c1,CS(C)=O,O,CS(C)=O,CS(C)=O,CS(C)=O,,,79200.0,0.0,0.0,0.0
CC(=O)NC(C)(C)[C@@H]1CC2(CCN(C(=O)OC(C)(C)C)CC2)c2cc(Cl)c(C)cc21,OB(O)c1cccnc1,,,,CC(C)Oc1cccc(OC(C)C)c1-c1ccccc1[PH](C1CCCCC1)(C1CCCCC1)[Pd]1([O]S(C)(=O)=O)[NH]c2ccccc2-c2cccc[c]21,CS(C)=O,O,CS(C)=O,CS(C)=O,O,,,79200.0,0.0,0.0,70.02041625976562
O=C(NCc1ccc(F)cc1)c1nc(Br)c2cccnc2c1O,Cc1cc(O)ccc1B1OC(C)(C)C(C)(C)O1,,,,CC(C)c1cc(C(C)C)c(-c2ccccc2[PH](C(C)(C)C)(C(C)(C)C)[Pd]2([O]S(C)(=O)=O)[NH]c3ccccc3-c3cccc[c]32)c(C(C)C)c1,CS(C)=O,O,CS(C)=O,CS(C)=O,CS(C)=O,,,79200.0,0.0,0.0,0.0
CCn1c(=O)c2c(nc(N[C@@H]3CCC[C@H]3O)n2Cc2ccc(OC)c(Br)c2)n(CCO)c1=O,OB(O)c1cccnc1,,,,CN(C)c1ccc([PH](C(C)(C)C)(C(C)(C)C)[Pd]2([O]S(C)(=O)=O)[NH]c3ccccc3-c3cccc[c]32)cc1,CS(C)=O,O,CS(C)=O,CS(C)=O,CS(C)=O,,,79200.0,0.0,0.0,21.483016967773438
COC(=O)[C@@H]1C[C@@H](OC(=O)N2Cc3cccc(Br)c3C2)CN1C(=O)OCc1ccccc1,CN(C)c1ccc(B2OC(C)(C)C(C)(C)O2)cc1,,,,CN(C)c1ccc([PH](C(C)(C)C)(C(C)(C)C)[Pd]2([O]S(C)(=O)=O)[NH]c3ccccc3-c3cccc[c]32)cc1,CS(C)=O,O,CS(C)=O,CS(C)=O,CCC(C)(C)O,,,79200.0,0.0,0.0,85.89361572265625
COC(=O)[C@@H]1C[C@@H](OC(=O)N2Cc3cccc(Br)c3C2)CN1C(=O)OCc1ccccc1,CN(C)c1ccc(B2OC(C)(C)C(C)(C)O2)cc1,,,,CN(C)c1ccc([PH](C(C)(C)C)(C(C)(C)C)[Pd]2([O]S(C)(=O)=O)[NH]c3ccccc3-c3cccc[c]32)cc1,CS(C)=O,O,CS(C)=O,CS(C)=O,CS(C)=O,,,79200.0,0.0,0.0,90.74224853515625
O=C1NCCc2[nH]c(-c3ccnc(Br)c3)cc21,CC1(C)OB(c2cnc(-n3cccn3)nc2)OC1(C)C,,,,CC(C)c1cc(C(C)C)c(-c2ccccc2[PH](C2CCCCC2)(C2CCCCC2)[Pd]2([O]S(C)(=O)=O)[NH]c3ccccc3-c3cccc[c]32)c(C(C)C)c1,CS(C)=O,O,CS(C)=O,CS(C)=O,O,,,79200.0,0.0,0.0,0.0
COC(=O)[C@@H]1C[C@@H](OC(=O)N2Cc3cccc(Br)c3C2)CN1C(=O)OCc1ccccc1,CC1(C)OB(C2=CCCCC2)OC1(C)C,,,,CC(C)Oc1cccc(OC(C)C)c1-c1ccccc1[PH](C1CCCCC1)(C1CCCCC1)[Pd]1([O]S(C)(=O)=O)[NH]c2ccccc2-c2cccc[c]21,CS(C)=O,O,CS(C)=O,CS(C)=O,O,,,79200.0,0.0,0.0,48.73505401611328
CCCc1nc2ccc(I)cc2c(=O)n1Cc1ccc(-c2ccccc2S(=O)(=O)NC(C)(C)C)cc1,CN(C)c1ccc(B2OC(C)(C)C(C)(C)O2)cc1,,,,CN(C)c1ccc([PH](C(C)(C)C)(C(C)(C)C)[Pd]2([O]S(C)(=O)=O)[NH]c3ccccc3-c3cccc[c]32)cc1,CS(C)=O,O,CS(C)=O,CS(C)=O,CS(C)=O,,,79200.0,0.0,0.0,71.44506072998047
COC(=O)[C@@H]1C[C@@H](OC(=O)N2Cc3cccc(Br)c3C2)CN1C(=O)OCc1ccccc1,CC1(C)OB(c2cnn(Cc3ccccc3)c2)OC1(C)C,,,,CN(C)c1ccc([PH](C(C)(C)C)(C(C)(C)C)[Pd]2([O]S(C)(=O)=O)[NH]c3ccccc3-c3cccc[c]32)cc1,CS(C)=O,O,CS(C)=O,CS(C)=O,CCC(C)(C)O,,,79200.0,0.0,0.0,78.3089828491211
O=C1NCCc2[nH]c(-c3ccnc(Br)c3)cc21,CC1(C)OB(c2cnn(Cc3ccccc3)c2)OC1(C)C,,,,CC(C)Oc1cccc(OC(C)C)c1-c1ccccc1[PH](C1CCCCC1)(C1CCCCC1)[Pd]1([O]S(C)(=O)=O)[NH]c2ccccc2-c2cccc[c]21,CS(C)=O,O,CS(C)=O,CS(C)=O,O,,,79200.0,0.0,0.0,100.0
Brc1ccc(-c2ccccc2)cn1,Cc1cc(O)ccc1B1OC(C)(C)C(C)(C)O1,,,,CC(C)c1cc(C(C)C)c(-c2ccccc2[PH](C(C)(C)C)(C(C)(C)C)[Pd]2([O]S(C)(=O)=O)[NH]c3ccccc3-c3cccc[c]32)c(C(C)C)c1,CS(C)=O,O,CS(C)=O,CS(C)=O,CS(C)=O,,,79200.0,0.0,0.0,0.0
CN1C(=O)C[C@@](C)(c2cc(Br)cs2)N/C1=N/C(=O)OC(C)(C)C,CN(C)c1ccc(B2OC(C)(C)C(C)(C)O2)cc1,,,,CN(C)c1ccc([PH](C(C)(C)C)(C(C)(C)C)[Pd]2([O]S(C)(=O)=O)[NH]c3ccccc3-c3cccc[c]32)cc1,CS(C)=O,O,CS(C)=O,CS(C)=O,CS(C)=O,,,79200.0,0.0,0.0,64.906005859375
CC(=O)NC(C)(C)[C@@H]1CC2(CCN(C(=O)OC(C)(C)C)CC2)c2cc(Cl)c(C)cc21,CC1(C)OB(c2cnn(Cc3ccccc3)c2)OC1(C)C,,,,CN(C)c1ccc([PH](C(C)(C)C)(C(C)(C)C)[Pd]2([O]S(C)(=O)=O)[NH]c3ccccc3-c3cccc[c]32)cc1,CS(C)=O,O,CS(C)=O,CS(C)=O,CS(C)=O,,,79200.0,0.0,0.0,0.0
O=C1NCCc2[nH]c(-c3ccnc(Br)c3)cc21,CC1(C)OB(c2cnc(-n3cccn3)nc2)OC1(C)C,,,,CC(C)Oc1cccc(OC(C)C)c1-c1ccccc1[PH](C1CCCCC1)(C1CCCCC1)[Pd]1([O]S(C)(=O)=O)[NH]c2ccccc2-c2cccc[c]21,CS(C)=O,O,CS(C)=O,CS(C)=O,O,,,79200.0,0.0,0.0,0.0
O=C1NCCc2[nH]c(-c3ccnc(Br)c3)cc21,CC1(C)OB(c2cccc(C3(NC(=O)OCc4ccccc4)CC3)c2)OC1(C)C,,,,CC(C)c1cc(C(C)C)c(-c2ccccc2[PH](C(C)(C)C)(C(C)(C)C)[Pd]2([O]S(C)(=O)=O)[NH]c3ccccc3-c3cccc[c]32)c(C(C)C)c1,CS(C)=O,O,CS(C)=O,CS(C)=O,CS(C)=O,,,79200.0,0.0,0.0,0.0
Brc1ccc(-c2ccccc2)cn1,Cc1cc(O)ccc1B1OC(C)(C)C(C)(C)O1,,,,CN(C)c1ccc([PH](C(C)(C)C)(C(C)(C)C)[Pd]2([O]S(C)(=O)=O)[NH]c3ccccc3-c3cccc[c]32)cc1,CS(C)=O,O,CS(C)=O,CS(C)=O,CCC(C)(C)O,,,79200.0,0.0,0.0,64.84630584716797
